bench one -- the Luckfox driving the Teensy
  log: /root/bench-logs/drive-19700101-014113.log
    I                          -> I bench-one worker 1 nsel 10 banksz 8388608 blk 8192 bits 4,2 fcpu 600000000   23.1 ms
  teensy: I bench-one worker 1 nsel 10 banksz 8388608 blk 8192 bits 4,2 fcpu 600000000

  discovery: asking all ten selects for an identity
    P 0 0                      -> P 1 13 93 83 50                         5.4 ms
    CS0  PRESENT  id 13 93
    P 1 0                      -> P 1 13 93 83 50                         5.6 ms
    CS1  PRESENT  id 13 93
    P 2 0                      -> P 1 13 93 83 49                         5.6 ms
    Y0   PRESENT  id 13 93
    P 2 1                      -> P 1 13 93 83 49                         5.8 ms
    Y1   PRESENT  id 13 93
    P 2 2                      -> P 1 13 93 83 49                         5.9 ms
    Y2   PRESENT  id 13 93
    P 2 3                      -> P 1 13 93 83 49                         5.7 ms
    Y3   PRESENT  id 13 93
    P 2 4                      -> P 1 13 93 83 49                         5.7 ms
    Y4   PRESENT  id 13 93
    P 2 5                      -> P 1 13 93 83 49                         5.6 ms
    Y5   PRESENT  id 13 93
    P 2 6                      -> P 0 0 0 0 0                             4.9 ms
    Y6   absent   id 0 0
    P 2 7                      -> P 0 0 0 0 0                             5.0 ms
    Y7   absent   id 0 0
  8 banks present

  qualifying: quad first, then single-bit, each confirmed over the full span
    CS0
    Q 0                        -> Q 0                                     1.7 ms
    U 0                        -> U 0                                     2.1 ms
    B 0 0                      -> B ok                                    3.4 ms
    T 7 9 16                   -> T 16 24 16                              3.3 ms
    T 7 0 16                   -> T 16 4 16                               3.1 ms
    F 0 32768                  -> F 3737237                               8.7 ms
    V 0 32768                  -> V 26249 1674820                         6.4 ms
    T 7 1 16                   -> T 16 5 16                               2.7 ms
    F 0 32768                  -> F 3737268                               8.9 ms
    V 0 32768                  -> V 27877 1740303                         6.0 ms
    T 7 2 16                   -> T 16 6 16                               2.7 ms
    F 0 32768                  -> F 3737266                               8.5 ms
    V 0 32768                  -> V 24609 1789509                         6.6 ms
    T 7 3 16                   -> T 16 8 16                               2.9 ms
    F 0 32768                  -> F 3737243                               9.0 ms
    V 0 32768                  -> V 0 2750032                             7.3 ms
    T 0 3 16                   -> T 4 8 16                                2.7 ms
    F 0 32768                  -> F 1166175                               3.9 ms
    V 0 32768                  -> V 0 2750066                             7.3 ms
    T 0 3 16                   -> T 4 8 16                                2.9 ms
    R 96                       -> R 96 5521                               3.1 ms
    R 32                       -> R 32 2146                               3.4 ms
    W 96                       -> W 96 2447                               2.7 ms
    W 32                       -> W 32 975                                3.1 ms
        burst: read 458+52.7/byte -> 64, write 239+23.0/byte -> 96, taking 64
    Q 0                        -> Q 0                                     1.7 ms
    U 0                        -> U 0                                     1.6 ms
    B 0 0                      -> B ok                                    3.5 ms
    T 0 3 64                   -> T 4 8 64                                2.9 ms
    F 0 1048576                -> F 28991371                             53.9 ms
    V 0 1048576                -> V 0 65254046                          114.6 ms
      CS0: quad, write 4 read 8 burst 64 setup 0, clean over 1024 kB
    CS1
    Q 0                        -> Q 0                                     2.0 ms
    U 0                        -> U 0                                     1.6 ms
    B 1 0                      -> B ok                                    3.8 ms
    T 7 9 16                   -> T 16 24 16                              2.9 ms
    T 7 0 16                   -> T 16 4 16                               2.9 ms
    F 0 32768                  -> F 3737232                               9.7 ms
    V 0 32768                  -> V 2547 1674817                          8.0 ms
    T 7 1 16                   -> T 16 5 16                               2.9 ms
    F 0 32768                  -> F 3737242                               8.7 ms
    V 0 32768                  -> V 12778 1740348                         6.3 ms
    T 7 2 16                   -> T 16 6 16                               2.9 ms
    F 0 32768                  -> F 3737271                               8.7 ms
    V 0 32768                  -> V 12093 1789509                         6.4 ms
    T 7 3 16                   -> T 16 8 16                               2.9 ms
    F 0 32768                  -> F 3737243                              10.3 ms
    V 0 32768                  -> V 0 2750067                             8.5 ms
    T 0 3 16                   -> T 4 8 16                                2.5 ms
    F 0 32768                  -> F 1166178                               4.5 ms
    V 0 32768                  -> V 0 2750062                             7.6 ms
    T 0 3 16                   -> T 4 8 16                                2.5 ms
    R 96                       -> R 96 5521                               3.1 ms
    R 32                       -> R 32 2146                               3.2 ms
    W 96                       -> W 96 2447                               2.8 ms
    W 32                       -> W 32 975                                3.0 ms
        burst: read 458+52.7/byte -> 64, write 239+23.0/byte -> 96, taking 64
    Q 0                        -> Q 0                                     1.7 ms
    U 0                        -> U 0                                     2.0 ms
    B 1 0                      -> B ok                                    3.4 ms
    T 0 3 64                   -> T 4 8 64                                2.9 ms
    F 0 1048576                -> F 28991377                             54.4 ms
    V 0 1048576                -> V 0 65254043                          114.9 ms
      CS1: quad, write 4 read 8 burst 64 setup 0, clean over 1024 kB
    Y0
    Q 0                        -> Q 0                                     2.3 ms
    U 0                        -> U 0                                     1.7 ms
    B 2 0                      -> B ok                                    3.6 ms
    T 7 9 16                   -> T 16 24 16                              3.4 ms
    T 7 0 16                   -> T 16 4 16                               3.0 ms
    F 0 32768                  -> F 3737265                               8.8 ms
    V 0 32768                  -> V 32640 1674815                         6.0 ms
    T 7 1 16                   -> T 16 5 16                               2.6 ms
    F 0 32768                  -> F 3737249                               8.4 ms
    V 0 32768                  -> V 32653 1740330                         6.6 ms
    T 7 2 16                   -> T 16 6 16                               2.7 ms
    F 0 32768                  -> F 3737235                               8.7 ms
    V 0 32768                  -> V 32640 1789507                         6.4 ms
    T 7 3 16                   -> T 16 8 16                               2.6 ms
    F 0 32768                  -> F 3737268                               8.7 ms
    V 0 32768                  -> V 32640 2750064                         7.6 ms
    T 7 4 16                   -> T 16 10 16                              3.2 ms
    F 0 32768                  -> F 3737236                               8.8 ms
    V 0 32768                  -> V 32638 2426685                         7.5 ms
    T 7 5 16                   -> T 16 12 16                              2.9 ms
    F 0 32768                  -> F 3737240                               8.5 ms
    V 0 32768                  -> V 32640 4093739                        11.8 ms
    T 7 6 16                   -> T 16 14 16                              5.0 ms
    F 0 32768                  -> F 3737247                               8.2 ms
    V 0 32768                  -> V 32640 3886778                         9.8 ms
    T 7 7 16                   -> T 16 16 16                              3.0 ms
    F 0 32768                  -> F 3737267                               8.6 ms
    V 0 32768                  -> V 32640 4613850                        13.1 ms
    T 7 8 16                   -> T 16 20 16                              4.8 ms
    F 0 32768                  -> F 3737242                               8.3 ms
    V 0 32768                  -> V 32575 5016815                        14.2 ms
    T 7 9 16                   -> T 16 24 16                              5.1 ms
    F 0 32768                  -> F 3737260                               8.9 ms
    V 0 32768                  -> V 32640 5195599                        13.5 ms
    Q 0                        -> Q 0                                     2.6 ms
    U 16                       -> U 16                                    1.8 ms
    B 2 0                      -> B ok                                    3.5 ms
    T 7 9 16                   -> T 16 24 16                              3.4 ms
    T 7 0 16                   -> T 16 4 16                               3.2 ms
    F 0 32768                  -> F 3847855                               8.6 ms
    V 0 32768                  -> V 32636 1785438                         6.1 ms
    T 7 1 16                   -> T 16 5 16                               3.1 ms
    F 0 32768                  -> F 3847856                               8.5 ms
    V 0 32768                  -> V 32648 1850936                         6.3 ms
    T 7 2 16                   -> T 16 6 16                               3.4 ms
    F 0 32768                  -> F 3847845                               8.8 ms
    V 0 32768                  -> V 32640 1898063                         6.3 ms
    T 7 3 16                   -> T 16 8 16                               3.1 ms
    F 0 32768                  -> F 3847852                               9.1 ms
    V 0 32768                  -> V 32640 2860684                         7.9 ms
    T 7 4 16                   -> T 16 10 16                              2.9 ms
    F 0 32768                  -> F 3847840                               9.0 ms
    V 0 32768                  -> V 32640 2535387                         7.7 ms
    T 7 5 16                   -> T 16 12 16                              3.3 ms
    F 0 32768                  -> F 3847852                               8.7 ms
    V 0 32768                  -> V 32640 4206371                        11.7 ms
    T 7 6 16                   -> T 16 14 16                              4.9 ms
    F 0 32768                  -> F 3847881                               8.9 ms
    V 0 32768                  -> V 32640 3995319                         9.6 ms
    T 7 7 16                   -> T 16 16 16                              3.3 ms
    F 0 32768                  -> F 3847855                              10.6 ms
    V 0 32768                  -> V 32640 4724471                        12.3 ms
    T 7 8 16                   -> T 16 20 16                              3.2 ms
    F 0 32768                  -> F 3847852                               8.7 ms
    V 0 32768                  -> V 32585 5123296                        13.4 ms
    T 7 9 16                   -> T 16 24 16                              4.9 ms
    F 0 32768                  -> F 3847853                               8.3 ms
    V 0 32768                  -> V 32640 5304127                        14.6 ms
      Y0: no quad setting survives 1024 kB
    Q 1                        -> Q 1                                     1.7 ms
    U 0                        -> U 0                                     1.7 ms
    B 2 0                      -> B ok                                    3.6 ms
    T 7 9 16                   -> T 16 24 16                              3.3 ms
    T 7 0 16                   -> T 16 4 16                               2.8 ms
    F 0 32768                  -> F 11292700                             22.9 ms
    V 0 32768                  -> V 32640 5811941                        13.2 ms
    T 7 1 16                   -> T 16 5 16                               3.1 ms
    F 0 32768                  -> F 11292667                             23.0 ms
    V 0 32768                  -> V 32640 6104786                        16.2 ms
    T 7 2 16                   -> T 16 6 16                               4.5 ms
    F 0 32768                  -> F 11292701                             24.4 ms
    V 0 32768                  -> V 32640 6205210                        14.0 ms
    T 7 3 16                   -> T 16 8 16                               4.5 ms
    F 0 32768                  -> F 11292694                             24.4 ms
    V 0 32768                  -> V 32624 7487282                        17.8 ms
    T 7 4 16                   -> T 16 10 16                              4.5 ms
    F 0 32768                  -> F 11292694                             21.9 ms
    V 0 32768                  -> V 32624 8173391                        19.0 ms
    T 7 5 16                   -> T 16 12 16                              3.3 ms
    F 0 32768                  -> F 11292685                             23.1 ms
    V 0 32768                  -> V 32624 8771425                        18.9 ms
    T 7 6 16                   -> T 16 14 16                              4.9 ms
    F 0 32768                  -> F 11292693                             24.1 ms
    V 0 32768                  -> V 32640 9480111                        23.9 ms
    T 7 7 16                   -> T 16 16 16                              4.3 ms
    F 0 32768                  -> F 11292672                             23.2 ms
    V 0 32768                  -> V 32640 10135512                       20.6 ms
    T 7 8 16                   -> T 16 20 16                              4.8 ms
    F 0 32768                  -> F 11292701                             24.6 ms
    V 0 32768                  -> V 32624 11905029                       28.2 ms
    T 7 9 16                   -> T 16 24 16                              3.2 ms
    F 0 32768                  -> F 11292696                             23.1 ms
    V 0 32768                  -> V 32640 13215847                       25.8 ms
    Q 1                        -> Q 1                                     1.9 ms
    U 16                       -> U 16                                    2.6 ms
    B 2 0                      -> B ok                                    3.5 ms
    T 7 9 16                   -> T 16 24 16                              3.1 ms
    T 7 0 16                   -> T 16 4 16                               2.9 ms
    F 0 32768                  -> F 11407386                             24.1 ms
    V 0 32768                  -> V 28580 5922569                        14.2 ms
    T 7 1 16                   -> T 16 5 16                               3.2 ms
    F 0 32768                  -> F 11407383                             22.0 ms
    V 0 32768                  -> V 7683 6215388                         16.7 ms
    T 7 2 16                   -> T 16 6 16                               4.5 ms
    F 0 32768                  -> F 11407388                             24.6 ms
    V 0 32768                  -> V 8192 6315775                         15.4 ms
    T 7 3 16                   -> T 16 8 16                               4.4 ms
    F 0 32768                  -> F 11407385                             23.4 ms
    V 0 32768                  -> V 0 7597890                            17.3 ms
    T 0 3 16                   -> T 4 8 16                                3.5 ms
    F 0 32768                  -> F 4097702                               9.1 ms
    V 0 32768                  -> V 0 7597929                            15.3 ms
    T 0 3 16                   -> T 4 8 16                                4.3 ms
    R 96                       -> R 96 17406                              2.9 ms
    R 32                       -> R 32 6590                               3.2 ms
    W 96                       -> W 96 9661                               2.7 ms
    W 32                       -> W 32 3533                               3.1 ms
        burst: read 1182+169.0/byte -> 16, write 469+95.8/byte -> 32, taking 16
    Q 1                        -> Q 1                                     1.6 ms
    U 16                       -> U 16                                    1.9 ms
    B 2 0                      -> B ok                                    3.3 ms
    T 0 3 16                   -> T 4 8 16                                3.1 ms
    F 0 1048576                -> F 131087704                           223.9 ms
    V 0 1048576                -> V 0 243094831                         411.6 ms
      Y0: single, write 4 read 8 burst 16 setup 16, clean over 1024 kB
    Y1
    Q 0                        -> Q 0                                     2.0 ms
    U 0                        -> U 0                                     2.4 ms
    B 2 1                      -> B ok                                    3.5 ms
    T 7 9 16                   -> T 16 24 16                              3.4 ms
    T 7 0 16                   -> T 16 4 16                               3.3 ms
    F 0 32768                  -> F 3737238                               8.5 ms
    V 0 32768                  -> V 32640 1674817                         6.4 ms
    T 7 1 16                   -> T 16 5 16                               3.0 ms
    F 0 32768                  -> F 3737265                               8.3 ms
    V 0 32768                  -> V 32763 1740335                         6.1 ms
    T 7 2 16                   -> T 16 6 16                               3.0 ms
    F 0 32768                  -> F 3737246                               8.5 ms
    V 0 32768                  -> V 32640 1789515                         6.2 ms
    T 7 3 16                   -> T 16 8 16                               3.3 ms
    F 0 32768                  -> F 3737240                               8.2 ms
    V 0 32768                  -> V 32638 2750068                         8.1 ms
    T 7 4 16                   -> T 16 10 16                              3.3 ms
    F 0 32768                  -> F 3737245                               8.4 ms
    V 0 32768                  -> V 32618 2426658                         7.7 ms
    T 7 5 16                   -> T 16 12 16                              3.2 ms
    F 0 32768                  -> F 3737237                               8.6 ms
    V 0 32768                  -> V 32641 4093722                        10.3 ms
    T 7 6 16                   -> T 16 14 16                              2.8 ms
    F 0 32768                  -> F 3737239                               8.7 ms
    V 0 32768                  -> V 32640 3886797                        11.4 ms
    T 7 7 16                   -> T 16 16 16                              5.0 ms
    F 0 32768                  -> F 3737240                               8.1 ms
    V 0 32768                  -> V 32640 4613867                        10.6 ms
    T 7 8 16                   -> T 16 20 16                              3.2 ms
    F 0 32768                  -> F 3737235                               8.6 ms
    V 0 32768                  -> V 32638 5016775                        11.9 ms
    T 7 9 16                   -> T 16 24 16                              3.2 ms
    F 0 32768                  -> F 3737237                               8.5 ms
    V 0 32768                  -> V 32640 5195588                        12.1 ms
    Q 0                        -> Q 0                                     2.6 ms
    U 16                       -> U 16                                    2.9 ms
    B 2 1                      -> B ok                                    3.4 ms
    T 7 9 16                   -> T 16 24 16                              3.2 ms
    T 7 0 16                   -> T 16 4 16                               3.0 ms
    F 0 32768                  -> F 3847851                               9.1 ms
    V 0 32768                  -> V 32098 1785411                         6.5 ms
    T 7 1 16                   -> T 16 5 16                               2.7 ms
    F 0 32768                  -> F 3847854                               8.9 ms
    V 0 32768                  -> V 32384 1850934                         6.6 ms
    T 7 2 16                   -> T 16 6 16                               2.8 ms
    F 0 32768                  -> F 3847853                               9.0 ms
    V 0 32768                  -> V 32640 1898062                         6.3 ms
    T 7 3 16                   -> T 16 8 16                               2.7 ms
    F 0 32768                  -> F 3847852                               8.6 ms
    V 0 32768                  -> V 6397 2860685                          7.9 ms
    T 7 4 16                   -> T 16 10 16                              3.0 ms
    F 0 32768                  -> F 3847878                               8.8 ms
    V 0 32768                  -> V 23071 2535349                         7.7 ms
    T 7 5 16                   -> T 16 12 16                              2.9 ms
    F 0 32768                  -> F 3847845                               8.6 ms
    V 0 32768                  -> V 17121 4206373                        10.5 ms
    T 7 6 16                   -> T 16 14 16                              3.3 ms
    F 0 32768                  -> F 3847847                               8.7 ms
    V 0 32768                  -> V 32640 3995345                        10.1 ms
    T 7 7 16                   -> T 16 16 16                              3.3 ms
    F 0 32768                  -> F 3847850                               8.8 ms
    V 0 32768                  -> V 32640 4724479                        13.7 ms
    T 7 8 16                   -> T 16 20 16                              4.9 ms
    F 0 32768                  -> F 3847843                               9.4 ms
    V 0 32768                  -> V 32638 5123302                        12.4 ms
    T 7 9 16                   -> T 16 24 16                              3.3 ms
    F 0 32768                  -> F 3847866                               8.9 ms
    V 0 32768                  -> V 32640 5304135                        14.2 ms
      Y1: no quad setting survives 1024 kB
    Q 1                        -> Q 1                                     2.1 ms
    U 0                        -> U 0                                     1.9 ms
    B 2 1                      -> B ok                                    3.6 ms
    T 7 9 16                   -> T 16 24 16                              3.4 ms
    T 7 0 16                   -> T 16 4 16                               2.8 ms
    F 0 32768                  -> F 11292691                             24.7 ms
    V 0 32768                  -> V 32640 5811939                        14.4 ms
    T 7 1 16                   -> T 16 5 16                               4.8 ms
    F 0 32768                  -> F 11292696                             23.2 ms
    V 0 32768                  -> V 32640 6104786                        14.9 ms
    T 7 2 16                   -> T 16 6 16                               4.6 ms
    F 0 32768                  -> F 11292701                             24.2 ms
    V 0 32768                  -> V 32640 6205214                        15.8 ms
    T 7 3 16                   -> T 16 8 16                               4.5 ms
    F 0 32768                  -> F 11292700                             24.5 ms
    V 0 32768                  -> V 32624 7487322                        16.5 ms
    T 7 4 16                   -> T 16 10 16                              4.8 ms
    F 0 32768                  -> F 11292693                             24.5 ms
    V 0 32768                  -> V 32624 8173407                        21.5 ms
    T 7 5 16                   -> T 16 12 16                              3.1 ms
    F 0 32768                  -> F 11292696                             23.2 ms
    V 0 32768                  -> V 32624 8771426                        21.5 ms
    T 7 6 16                   -> T 16 14 16                              3.3 ms
    F 0 32768                  -> F 11292691                             23.3 ms
    V 0 32768                  -> V 32640 9480112                        21.7 ms
    T 7 7 16                   -> T 16 16 16                              5.0 ms
    F 0 32768                  -> F 11292695                             21.5 ms
    V 0 32768                  -> V 32640 10135533                       22.7 ms
    T 7 8 16                   -> T 16 20 16                              3.0 ms
    F 0 32768                  -> F 11292692                             22.8 ms
    V 0 32768                  -> V 32624 11905052                       25.7 ms
    T 7 9 16                   -> T 16 24 16                              6.4 ms
    F 0 32768                  -> F 11292702                             21.8 ms
    V 0 32768                  -> V 32640 13215853                       27.9 ms
    Q 1                        -> Q 1                                     2.7 ms
    U 16                       -> U 16                                    2.2 ms
    B 2 1                      -> B ok                                    3.1 ms
    T 7 9 16                   -> T 16 24 16                              3.5 ms
    T 7 0 16                   -> T 16 4 16                               3.0 ms
    F 0 32768                  -> F 11407383                             21.2 ms
    V 0 32768                  -> V 2 5922563                            14.2 ms
    T 7 1 16                   -> T 16 5 16                               4.5 ms
    F 0 32768                  -> F 11407380                             23.7 ms
    V 0 32768                  -> V 0 6215381                            13.1 ms
    T 0 1 16                   -> T 4 5 16                                2.6 ms
    F 0 32768                  -> F 4097695                               8.9 ms
    V 0 32768                  -> V 0 6215417                            13.0 ms
    T 0 1 16                   -> T 4 5 16                                4.3 ms
    R 96                       -> R 96 15365                              3.4 ms
    R 32                       -> R 32 5635                               3.2 ms
    W 96                       -> W 96 9661                               2.8 ms
    W 32                       -> W 32 3533                               3.1 ms
        burst: read 770+152.0/byte -> 16, write 469+95.8/byte -> 32, taking 16
    Q 1                        -> Q 1                                     1.9 ms
    U 16                       -> U 16                                    2.4 ms
    B 2 1                      -> B ok                                    3.5 ms
    T 0 1 16                   -> T 4 5 16                                2.9 ms
    F 0 1048576                -> F 131087675                           223.9 ms
    V 0 1048576                -> V 1 198855007                         338.3 ms
        1 wrong over 1024 kB at write 4 read 5 burst 16
    T 0 2 16                   -> T 4 6 16                                3.1 ms
    R 96                       -> R 96 15496                              3.4 ms
    R 32                       -> R 32 5702                               3.2 ms
    W 96                       -> W 96 9661                               3.0 ms
    W 32                       -> W 32 3533                               3.2 ms
        burst: read 805+153.0/byte -> 16, write 469+95.8/byte -> 32, taking 16
    Q 1                        -> Q 1                                     2.1 ms
    U 16                       -> U 16                                    2.3 ms
    B 2 1                      -> B ok                                    3.5 ms
    T 0 2 16                   -> T 4 6 16                                2.9 ms
    F 0 1048576                -> F 131087679                           223.5 ms
    V 0 1048576                -> V 1 202066460                         343.4 ms
        1 wrong over 1024 kB at write 4 read 6 burst 16
    T 0 3 16                   -> T 4 8 16                                3.0 ms
    R 96                       -> R 96 17406                              3.1 ms
    R 32                       -> R 32 6586                               3.1 ms
    W 96                       -> W 96 9661                               2.9 ms
    W 32                       -> W 32 3533                               3.1 ms
        burst: read 1176+169.1/byte -> 16, write 469+95.8/byte -> 32, taking 16
    Q 1                        -> Q 1                                     1.8 ms
    U 16                       -> U 16                                    2.3 ms
    B 2 1                      -> B ok                                    3.5 ms
    T 0 3 16                   -> T 4 8 16                                2.9 ms
    F 0 1048576                -> F 131087692                           223.6 ms
    V 0 1048576                -> V 0 243094817                         411.6 ms
      Y1: single, write 4 read 8 burst 16 setup 16, clean over 1024 kB
    Y2
    Q 0                        -> Q 0                                     1.6 ms
    U 0                        -> U 0                                     2.0 ms
    B 2 2                      -> B ok                                    3.5 ms
    T 7 9 16                   -> T 16 24 16                              3.4 ms
    T 7 0 16                   -> T 16 4 16                               3.1 ms
    F 0 32768                  -> F 3737238                               8.3 ms
    V 0 32768                  -> V 32640 1674820                         6.1 ms
    T 7 1 16                   -> T 16 5 16                               3.1 ms
    F 0 32768                  -> F 3737244                               8.2 ms
    V 0 32768                  -> V 32743 1740332                         6.1 ms
    T 7 2 16                   -> T 16 6 16                               3.5 ms
    F 0 32768                  -> F 3737241                               8.3 ms
    V 0 32768                  -> V 32762 1789510                         6.0 ms
    T 7 3 16                   -> T 16 8 16                               3.1 ms
    F 0 32768                  -> F 3737240                               8.6 ms
    V 0 32768                  -> V 32636 2750061                         8.3 ms
    T 7 4 16                   -> T 16 10 16                              3.3 ms
    F 0 32768                  -> F 3737233                               8.7 ms
    V 0 32768                  -> V 32641 2426647                         7.5 ms
    T 7 5 16                   -> T 16 12 16                              3.1 ms
    F 0 32768                  -> F 3737276                               8.8 ms
    V 0 32768                  -> V 32594 4093743                        10.4 ms
    T 7 6 16                   -> T 16 14 16                              3.2 ms
    F 0 32768                  -> F 3737234                               8.7 ms
    V 0 32768                  -> V 32640 3886807                        10.0 ms
    T 7 7 16                   -> T 16 16 16                              2.9 ms
    F 0 32768                  -> F 3737247                               8.6 ms
    V 0 32768                  -> V 32640 4613880                        12.9 ms
    T 7 8 16                   -> T 16 20 16                              4.8 ms
    F 0 32768                  -> F 3737239                               8.3 ms
    V 0 32768                  -> V 32636 5016785                        12.0 ms
    T 7 9 16                   -> T 16 24 16                              4.9 ms
    F 0 32768                  -> F 3737242                               8.1 ms
    V 0 32768                  -> V 32640 5195593                        14.3 ms
    Q 0                        -> Q 0                                     2.6 ms
    U 16                       -> U 16                                    1.8 ms
    B 2 2                      -> B ok                                    3.2 ms
    T 7 9 16                   -> T 16 24 16                              3.4 ms
    T 7 0 16                   -> T 16 4 16                               3.2 ms
    F 0 32768                  -> F 3847868                               8.5 ms
    V 0 32768                  -> V 32340 1785427                         6.2 ms
    T 7 1 16                   -> T 16 5 16                               2.9 ms
    F 0 32768                  -> F 3847882                               8.5 ms
    V 0 32768                  -> V 32384 1850938                         6.6 ms
    T 7 2 16                   -> T 16 6 16                               3.1 ms
    F 0 32768                  -> F 3847843                               8.7 ms
    V 0 32768                  -> V 32760 1898092                         6.7 ms
    T 7 3 16                   -> T 16 8 16                               3.1 ms
    F 0 32768                  -> F 3847852                               8.9 ms
    V 0 32768                  -> V 19831 2860684                         8.3 ms
    T 7 4 16                   -> T 16 10 16                              3.2 ms
    F 0 32768                  -> F 3847874                               8.7 ms
    V 0 32768                  -> V 32640 2535360                         7.4 ms
    T 7 5 16                   -> T 16 12 16                              3.0 ms
    F 0 32768                  -> F 3847874                               9.0 ms
    V 0 32768                  -> V 18715 4206360                        10.6 ms
    T 7 6 16                   -> T 16 14 16                              3.3 ms
    F 0 32768                  -> F 3847851                               8.7 ms
    V 0 32768                  -> V 16511 3995355                        10.3 ms
    T 7 7 16                   -> T 16 16 16                              3.0 ms
    F 0 32768                  -> F 3847881                               8.8 ms
    V 0 32768                  -> V 14875 4724471                        13.8 ms
    T 7 8 16                   -> T 16 20 16                              4.9 ms
    F 0 32768                  -> F 3847871                               9.7 ms
    V 0 32768                  -> V 14498 5123290                        14.5 ms
    T 7 9 16                   -> T 16 24 16                              4.8 ms
    F 0 32768                  -> F 3847838                               9.5 ms
    V 0 32768                  -> V 16579 5304111                        14.4 ms
      Y2: no quad setting survives 1024 kB
    Q 1                        -> Q 1                                     2.1 ms
    U 0                        -> U 0                                     1.9 ms
    B 2 2                      -> B ok                                    3.6 ms
    T 7 9 16                   -> T 16 24 16                              3.2 ms
    T 7 0 16                   -> T 16 4 16                               2.8 ms
    F 0 32768                  -> F 11292692                             24.7 ms
    V 0 32768                  -> V 32640 5811967                        15.0 ms
    T 7 1 16                   -> T 16 5 16                               4.6 ms
    F 0 32768                  -> F 11292696                             23.0 ms
    V 0 32768                  -> V 32640 6104790                        14.0 ms
    T 7 2 16                   -> T 16 6 16                               4.5 ms
    F 0 32768                  -> F 11292691                             24.6 ms
    V 0 32768                  -> V 32640 6205178                        15.9 ms
    T 7 3 16                   -> T 16 8 16                               4.6 ms
    F 0 32768                  -> F 11292691                             24.6 ms
    V 0 32768                  -> V 32640 7487324                        16.3 ms
    T 7 4 16                   -> T 16 10 16                              4.8 ms
    F 0 32768                  -> F 11292697                             23.1 ms
    V 0 32768                  -> V 32640 8173429                        19.2 ms
    T 7 5 16                   -> T 16 12 16                              4.9 ms
    F 0 32768                  -> F 11292699                             22.6 ms
    V 0 32768                  -> V 32640 8771457                        20.4 ms
    T 7 6 16                   -> T 16 14 16                              3.3 ms
    F 0 32768                  -> F 11292703                             23.1 ms
    V 0 32768                  -> V 32640 9480113                        22.6 ms
    T 7 7 16                   -> T 16 16 16                              3.2 ms
    F 0 32768                  -> F 11292662                             23.2 ms
    V 0 32768                  -> V 32640 10135526                       22.6 ms
    T 7 8 16                   -> T 16 20 16                              4.7 ms
    F 0 32768                  -> F 11292692                             22.8 ms
    V 0 32768                  -> V 32640 11905057                       25.9 ms
    T 7 9 16                   -> T 16 24 16                              4.8 ms
    F 0 32768                  -> F 11292685                             24.6 ms
    V 0 32768                  -> V 32640 13215857                       30.4 ms
    Q 1                        -> Q 1                                     1.7 ms
    U 16                       -> U 16                                    2.3 ms
    B 2 2                      -> B ok                                    3.3 ms
    T 7 9 16                   -> T 16 24 16                              3.2 ms
    T 7 0 16                   -> T 16 4 16                               3.2 ms
    F 0 32768                  -> F 11407380                             24.7 ms
    V 0 32768                  -> V 25548 5922537                        13.5 ms
    T 7 1 16                   -> T 16 5 16                               4.6 ms
    F 0 32768                  -> F 11407413                             21.8 ms
    V 0 32768                  -> V 6290 6215389                         16.9 ms
    T 7 2 16                   -> T 16 6 16                               4.5 ms
    F 0 32768                  -> F 11407386                             21.6 ms
    V 0 32768                  -> V 6978 6315788                         16.0 ms
    T 7 3 16                   -> T 16 8 16                               4.5 ms
    F 0 32768                  -> F 11407385                             24.7 ms
    V 0 32768                  -> V 0 7597902                            15.4 ms
    T 0 3 16                   -> T 4 8 16                                2.8 ms
    F 0 32768                  -> F 4097704                               9.2 ms
    V 0 32768                  -> V 0 7597932                            18.5 ms
    T 0 3 16                   -> T 4 8 16                                2.5 ms
    R 96                       -> R 96 17406                              3.4 ms
    R 32                       -> R 32 6590                               3.1 ms
    W 96                       -> W 96 9661                               2.8 ms
    W 32                       -> W 32 3533                               3.2 ms
        burst: read 1182+169.0/byte -> 16, write 469+95.8/byte -> 32, taking 16
    Q 1                        -> Q 1                                     1.7 ms
    U 16                       -> U 16                                    2.3 ms
    B 2 2                      -> B ok                                    3.6 ms
    T 0 3 16                   -> T 4 8 16                                3.0 ms
    F 0 1048576                -> F 131087706                           224.6 ms
    V 0 1048576                -> V 0 243094826                         411.8 ms
      Y2: single, write 4 read 8 burst 16 setup 16, clean over 1024 kB
    Y3
    Q 0                        -> Q 0                                     2.0 ms
    U 0                        -> U 0                                     1.9 ms
    B 2 3                      -> B ok                                    3.4 ms
    T 7 9 16                   -> T 16 24 16                              3.2 ms
    T 7 0 16                   -> T 16 4 16                               3.3 ms
    F 0 32768                  -> F 3737271                               8.6 ms
    V 0 32768                  -> V 32640 1674814                         6.1 ms
    T 7 1 16                   -> T 16 5 16                               3.2 ms
    F 0 32768                  -> F 3737270                               8.7 ms
    V 0 32768                  -> V 32640 1740336                         5.9 ms
    T 7 2 16                   -> T 16 6 16                               3.1 ms
    F 0 32768                  -> F 3737241                               8.4 ms
    V 0 32768                  -> V 32700 1789508                         6.5 ms
    T 7 3 16                   -> T 16 8 16                               2.9 ms
    F 0 32768                  -> F 3737242                               8.8 ms
    V 0 32768                  -> V 32633 2750061                         8.0 ms
    T 7 4 16                   -> T 16 10 16                              2.8 ms
    F 0 32768                  -> F 3737234                               8.7 ms
    V 0 32768                  -> V 32640 2426654                         7.6 ms
    T 7 5 16                   -> T 16 12 16                              3.2 ms
    F 0 32768                  -> F 3737242                               8.7 ms
    V 0 32768                  -> V 32632 4093721                        10.4 ms
    T 7 6 16                   -> T 16 14 16                              3.2 ms
    F 0 32768                  -> F 3737240                               8.6 ms
    V 0 32768                  -> V 32640 3886784                         9.7 ms
    T 7 7 16                   -> T 16 16 16                              3.0 ms
    F 0 32768                  -> F 3737233                               8.5 ms
    V 0 32768                  -> V 32640 4613871                        12.9 ms
    T 7 8 16                   -> T 16 20 16                              4.7 ms
    F 0 32768                  -> F 3737232                               8.6 ms
    V 0 32768                  -> V 32642 5016803                        14.2 ms
    T 7 9 16                   -> T 16 24 16                              4.9 ms
    F 0 32768                  -> F 3737233                               8.0 ms
    V 0 32768                  -> V 32640 5195587                        13.7 ms
    Q 0                        -> Q 0                                     2.5 ms
    U 16                       -> U 16                                    2.3 ms
    B 2 3                      -> B ok                                    3.5 ms
    T 7 9 16                   -> T 16 24 16                              3.4 ms
    T 7 0 16                   -> T 16 4 16                               3.0 ms
    F 0 32768                  -> F 3847845                               8.7 ms
    V 0 32768                  -> V 32256 1785411                         6.6 ms
    T 7 1 16                   -> T 16 5 16                               2.7 ms
    F 0 32768                  -> F 3847876                               8.8 ms
    V 0 32768                  -> V 32141 1850934                         6.2 ms
    T 7 2 16                   -> T 16 6 16                               2.6 ms
    F 0 32768                  -> F 3847857                               8.9 ms
    V 0 32768                  -> V 31910 1898094                         6.7 ms
    T 7 3 16                   -> T 16 8 16                               3.0 ms
    F 0 32768                  -> F 3847850                               8.8 ms
    V 0 32768                  -> V 18022 2860677                         7.9 ms
    T 7 4 16                   -> T 16 10 16                              3.2 ms
    F 0 32768                  -> F 3847849                               8.7 ms
    V 0 32768                  -> V 32640 2535392                         7.8 ms
    T 7 5 16                   -> T 16 12 16                              3.0 ms
    F 0 32768                  -> F 3847854                               8.9 ms
    V 0 32768                  -> V 19168 4206375                        12.8 ms
    T 7 6 16                   -> T 16 14 16                              3.1 ms
    F 0 32768                  -> F 3847848                               8.9 ms
    V 0 32768                  -> V 15588 3995342                        10.1 ms
    T 7 7 16                   -> T 16 16 16                              3.3 ms
    F 0 32768                  -> F 3847876                               8.8 ms
    V 0 32768                  -> V 14470 4724473                        13.6 ms
    T 7 8 16                   -> T 16 20 16                              4.9 ms
    F 0 32768                  -> F 3847868                               8.9 ms
    V 0 32768                  -> V 14885 5123297                        12.7 ms
    T 7 9 16                   -> T 16 24 16                              3.3 ms
    F 0 32768                  -> F 3847852                               8.9 ms
    V 0 32768                  -> V 17098 5304156                        13.8 ms
      Y3: no quad setting survives 1024 kB
    Q 1                        -> Q 1                                     2.6 ms
    U 0                        -> U 0                                     1.6 ms
    B 2 3                      -> B ok                                    3.4 ms
    T 7 9 16                   -> T 16 24 16                              3.3 ms
    T 7 0 16                   -> T 16 4 16                               2.8 ms
    F 0 32768                  -> F 11292696                             22.4 ms
    V 0 32768                  -> V 32640 5811939                        14.6 ms
    T 7 1 16                   -> T 16 5 16                               3.0 ms
    F 0 32768                  -> F 11292676                             23.1 ms
    V 0 32768                  -> V 32640 6104782                        14.3 ms
    T 7 2 16                   -> T 16 6 16                               2.8 ms
    F 0 32768                  -> F 11292690                             23.2 ms
    V 0 32768                  -> V 32640 6205180                        15.8 ms
    T 7 3 16                   -> T 16 8 16                               2.8 ms
    F 0 32768                  -> F 11292693                             22.2 ms
    V 0 32768                  -> V 32640 7487340                        19.5 ms
    T 7 4 16                   -> T 16 10 16                              4.8 ms
    F 0 32768                  -> F 11292700                             24.7 ms
    V 0 32768                  -> V 32640 8173429                        17.1 ms
    T 7 5 16                   -> T 16 12 16                              3.3 ms
    F 0 32768                  -> F 11292663                             21.7 ms
    V 0 32768                  -> V 32640 8771433                        20.0 ms
    T 7 6 16                   -> T 16 14 16                              3.2 ms
    F 0 32768                  -> F 11292690                             23.1 ms
    V 0 32768                  -> V 32640 9480085                        23.5 ms
    T 7 7 16                   -> T 16 16 16                              3.0 ms
    F 0 32768                  -> F 11292695                             22.9 ms
    V 0 32768                  -> V 32640 10135497                       23.0 ms
    T 7 8 16                   -> T 16 20 16                              4.7 ms
    F 0 32768                  -> F 11292698                             24.7 ms
    V 0 32768                  -> V 32640 11905061                       26.9 ms
    T 7 9 16                   -> T 16 24 16                              3.7 ms
    F 0 32768                  -> F 11292700                             21.1 ms
    V 0 32768                  -> V 32640 13215849                       28.3 ms
    Q 1                        -> Q 1                                     2.6 ms
    U 16                       -> U 16                                    1.8 ms
    B 2 3                      -> B ok                                    3.2 ms
    T 7 9 16                   -> T 16 24 16                              2.9 ms
    T 7 0 16                   -> T 16 4 16                               3.2 ms
    F 0 32768                  -> F 11407383                             23.5 ms
    V 0 32768                  -> V 16386 5922535                        15.3 ms
    T 7 1 16                   -> T 16 5 16                               3.2 ms
    F 0 32768                  -> F 11407385                             21.6 ms
    V 0 32768                  -> V 0 6215419                            15.8 ms
    T 0 1 16                   -> T 4 5 16                                4.1 ms
    F 0 32768                  -> F 4097671                               8.9 ms
    V 0 32768                  -> V 0 6215402                            13.1 ms
    T 0 1 16                   -> T 4 5 16                                4.1 ms
    R 96                       -> R 96 15365                              3.2 ms
    R 32                       -> R 32 5637                               3.3 ms
    W 96                       -> W 96 9662                               2.7 ms
    W 32                       -> W 32 3533                               3.2 ms
        burst: read 773+152.0/byte -> 16, write 468+95.8/byte -> 32, taking 16
    Q 1                        -> Q 1                                     1.6 ms
    U 16                       -> U 16                                    2.1 ms
    B 2 3                      -> B ok                                    3.1 ms
    T 0 1 16                   -> T 4 5 16                                2.9 ms
    F 0 1048576                -> F 131087666                           224.8 ms
    V 0 1048576                -> V 1 198854953                         338.0 ms
        1 wrong over 1024 kB at write 4 read 5 burst 16
    T 0 2 16                   -> T 4 6 16                                2.5 ms
    R 96                       -> R 96 15496                              3.7 ms
    R 32                       -> R 32 5704                               3.1 ms
    W 96                       -> W 96 9661                               3.2 ms
    W 32                       -> W 32 3533                               3.1 ms
        burst: read 808+153.0/byte -> 16, write 469+95.8/byte -> 32, taking 16
    Q 1                        -> Q 1                                     1.7 ms
    U 16                       -> U 16                                    2.2 ms
    B 2 3                      -> B ok                                    3.7 ms
    T 0 2 16                   -> T 4 6 16                                3.0 ms
    F 0 1048576                -> F 131087687                           224.9 ms
    V 0 1048576                -> V 1 202066424                         342.5 ms
        1 wrong over 1024 kB at write 4 read 6 burst 16
    T 0 3 16                   -> T 4 8 16                                2.8 ms
    R 96                       -> R 96 17406                              3.7 ms
    R 32                       -> R 32 6590                               3.2 ms
    W 96                       -> W 96 9661                               3.1 ms
    W 32                       -> W 32 3533                               3.2 ms
        burst: read 1182+169.0/byte -> 16, write 469+95.8/byte -> 32, taking 16
    Q 1                        -> Q 1                                     1.7 ms
    U 16                       -> U 16                                    2.1 ms
    B 2 3                      -> B ok                                    3.5 ms
    T 0 3 16                   -> T 4 8 16                                2.8 ms
    F 0 1048576                -> F 131087683                           224.7 ms
    V 0 1048576                -> V 0 243094836                         411.4 ms
      Y3: single, write 4 read 8 burst 16 setup 16, clean over 1024 kB
    Y4
    Q 0                        -> Q 0                                     1.6 ms
    U 0                        -> U 0                                     2.0 ms
    B 2 4                      -> B ok                                    3.6 ms
    T 7 9 16                   -> T 16 24 16                              3.3 ms
    T 7 0 16                   -> T 16 4 16                               3.2 ms
    F 0 32768                  -> F 3737241                               8.6 ms
    V 0 32768                  -> V 32640 1674813                         6.3 ms
    T 7 1 16                   -> T 16 5 16                               2.9 ms
    F 0 32768                  -> F 3737244                               8.9 ms
    V 0 32768                  -> V 32637 1740329                         5.9 ms
    T 7 2 16                   -> T 16 6 16                               3.1 ms
    F 0 32768                  -> F 3737270                               8.8 ms
    V 0 32768                  -> V 32643 1789508                         6.5 ms
    T 7 3 16                   -> T 16 8 16                               3.3 ms
    F 0 32768                  -> F 3737268                               8.5 ms
    V 0 32768                  -> V 32637 2750032                         7.9 ms
    T 7 4 16                   -> T 16 10 16                              2.9 ms
    F 0 32768                  -> F 3737245                               8.8 ms
    V 0 32768                  -> V 32640 2426666                         7.6 ms
    T 7 5 16                   -> T 16 12 16                              2.9 ms
    F 0 32768                  -> F 3737241                               8.3 ms
    V 0 32768                  -> V 32715 4093725                        11.7 ms
    T 7 6 16                   -> T 16 14 16                              4.8 ms
    F 0 32768                  -> F 3737271                               8.3 ms
    V 0 32768                  -> V 32640 3886781                         9.9 ms
    T 7 7 16                   -> T 16 16 16                              3.2 ms
    F 0 32768                  -> F 3737241                               8.5 ms
    V 0 32768                  -> V 32640 4613841                        11.4 ms
    T 7 8 16                   -> T 16 20 16                              3.2 ms
    F 0 32768                  -> F 3737236                               8.6 ms
    V 0 32768                  -> V 32641 5016777                        11.9 ms
    T 7 9 16                   -> T 16 24 16                              3.3 ms
    F 0 32768                  -> F 3737268                               8.2 ms
    V 0 32768                  -> V 32640 5195579                        14.3 ms
    Q 0                        -> Q 0                                     2.7 ms
    U 16                       -> U 16                                    2.2 ms
    B 2 4                      -> B ok                                    3.5 ms
    T 7 9 16                   -> T 16 24 16                              3.0 ms
    T 7 0 16                   -> T 16 4 16                               3.0 ms
    F 0 32768                  -> F 3847855                               8.5 ms
    V 0 32768                  -> V 32640 1785414                         6.6 ms
    T 7 1 16                   -> T 16 5 16                               2.6 ms
    F 0 32768                  -> F 3847868                               9.4 ms
    V 0 32768                  -> V 32767 1850937                         8.9 ms
    T 7 2 16                   -> T 16 6 16                               2.9 ms
    F 0 32768                  -> F 3847869                               8.9 ms
    V 0 32768                  -> V 32646 1898062                         6.6 ms
    T 7 3 16                   -> T 16 8 16                               2.8 ms
    F 0 32768                  -> F 3847852                               8.6 ms
    V 0 32768                  -> V 32638 2860685                         8.4 ms
    T 7 4 16                   -> T 16 10 16                              3.3 ms
    F 0 32768                  -> F 3847848                               8.5 ms
    V 0 32768                  -> V 32640 2535354                         7.7 ms
    T 7 5 16                   -> T 16 12 16                              3.4 ms
    F 0 32768                  -> F 3847848                               8.8 ms
    V 0 32768                  -> V 32641 4206376                        12.2 ms
    T 7 6 16                   -> T 16 14 16                              5.0 ms
    F 0 32768                  -> F 3847856                               8.4 ms
    V 0 32768                  -> V 32642 3995347                        11.2 ms
    T 7 7 16                   -> T 16 16 16                              4.8 ms
    F 0 32768                  -> F 3847877                               8.7 ms
    V 0 32768                  -> V 32642 4724479                        12.2 ms
    T 7 8 16                   -> T 16 20 16                              4.9 ms
    F 0 32768                  -> F 3847880                               8.9 ms
    V 0 32768                  -> V 32641 5123344                        13.0 ms
    T 7 9 16                   -> T 16 24 16                              4.8 ms
    F 0 32768                  -> F 3847878                               8.6 ms
    V 0 32768                  -> V 32641 5304153                        14.3 ms
      Y4: no quad setting survives 1024 kB
    Q 1                        -> Q 1                                     2.7 ms
    U 0                        -> U 0                                     1.6 ms
    B 2 4                      -> B ok                                    3.7 ms
    T 7 9 16                   -> T 16 24 16                              3.3 ms
    T 7 0 16                   -> T 16 4 16                               2.8 ms
    F 0 32768                  -> F 11292695                             22.6 ms
    V 0 32768                  -> V 32640 5811916                        14.4 ms
    T 7 1 16                   -> T 16 5 16                               2.8 ms
    F 0 32768                  -> F 11292695                             22.8 ms
    V 0 32768                  -> V 32640 6104791                        14.2 ms
    T 7 2 16                   -> T 16 6 16                               3.0 ms
    F 0 32768                  -> F 11292700                             24.7 ms
    V 0 32768                  -> V 32640 6205161                        15.9 ms
    T 7 3 16                   -> T 16 8 16                               4.7 ms
    F 0 32768                  -> F 11292703                             22.8 ms
    V 0 32768                  -> V 32640 7487322                        18.4 ms
    T 7 4 16                   -> T 16 10 16                              4.8 ms
    F 0 32768                  -> F 11292699                             21.3 ms
    V 0 32768                  -> V 32640 8173405                        19.5 ms
    T 7 5 16                   -> T 16 12 16                              4.8 ms
    F 0 32768                  -> F 11292669                             23.1 ms
    V 0 32768                  -> V 32640 8771488                        20.2 ms
    T 7 6 16                   -> T 16 14 16                              3.0 ms
    F 0 32768                  -> F 11292696                             23.1 ms
    V 0 32768                  -> V 32640 9480077                        19.1 ms
    T 7 7 16                   -> T 16 16 16                              4.9 ms
    F 0 32768                  -> F 11292698                             24.1 ms
    V 0 32768                  -> V 32640 10135523                       21.8 ms
    T 7 8 16                   -> T 16 20 16                              4.9 ms
    F 0 32768                  -> F 11292666                             21.3 ms
    V 0 32768                  -> V 32640 11905069                       28.1 ms
    T 7 9 16                   -> T 16 24 16                              3.1 ms
    F 0 32768                  -> F 11292696                             23.2 ms
    V 0 32768                  -> V 32640 13215875                       27.8 ms
    Q 1                        -> Q 1                                     1.7 ms
    U 16                       -> U 16                                    2.1 ms
    B 2 4                      -> B ok                                    3.1 ms
    T 7 9 16                   -> T 16 24 16                              3.2 ms
    T 7 0 16                   -> T 16 4 16                               2.9 ms
    F 0 32768                  -> F 11407385                             24.7 ms
    V 0 32768                  -> V 32640 5922536                        14.9 ms
    T 7 1 16                   -> T 16 5 16                               4.6 ms
    F 0 32768                  -> F 11407377                             24.3 ms
    V 0 32768                  -> V 32640 6215409                        16.3 ms
    T 7 2 16                   -> T 16 6 16                               4.8 ms
    F 0 32768                  -> F 11407373                             23.5 ms
    V 0 32768                  -> V 32640 6315791                        16.2 ms
    T 7 3 16                   -> T 16 8 16                               4.5 ms
    F 0 32768                  -> F 11407385                             24.7 ms
    V 0 32768                  -> V 32640 7597907                        17.6 ms
    T 7 4 16                   -> T 16 10 16                              4.8 ms
    F 0 32768                  -> F 11407390                             22.6 ms
    V 0 32768                  -> V 32640 8281961                        19.3 ms
    T 7 5 16                   -> T 16 12 16                              3.2 ms
    F 0 32768                  -> F 11407383                             23.3 ms
    V 0 32768                  -> V 32640 8882075                        21.5 ms
    T 7 6 16                   -> T 16 14 16                              3.5 ms
    F 0 32768                  -> F 11407390                             23.4 ms
    V 0 32768                  -> V 32640 9588658                        21.4 ms
    T 7 7 16                   -> T 16 16 16                              4.8 ms
    F 0 32768                  -> F 11407374                             21.5 ms
    V 0 32768                  -> V 32640 10244084                       23.1 ms
    T 7 8 16                   -> T 16 20 16                              3.0 ms
    F 0 32768                  -> F 11407379                             24.9 ms
    V 0 32768                  -> V 32640 12013633                       25.1 ms
    T 7 9 16                   -> T 16 24 16                              5.0 ms
    F 0 32768                  -> F 11407383                             22.5 ms
    V 0 32768                  -> V 32640 13324409                       30.3 ms
      Y4: no single setting survives 1024 kB
    Y5
    Q 0                        -> Q 0                                     2.1 ms
    U 0                        -> U 0                                     1.7 ms
    B 2 5                      -> B ok                                    3.4 ms
    T 7 9 16                   -> T 16 24 16                              3.2 ms
    T 7 0 16                   -> T 16 4 16                               3.1 ms
    F 0 32768                  -> F 3737246                               9.0 ms
    V 0 32768                  -> V 32640 1674814                         5.9 ms
    T 7 1 16                   -> T 16 5 16                               2.8 ms
    F 0 32768                  -> F 3737243                               9.0 ms
    V 0 32768                  -> V 32640 1740336                         6.1 ms
    T 7 2 16                   -> T 16 6 16                               3.1 ms
    F 0 32768                  -> F 3737242                               8.6 ms
    V 0 32768                  -> V 32643 1789506                         6.3 ms
    T 7 3 16                   -> T 16 8 16                               3.1 ms
    F 0 32768                  -> F 3737240                               8.2 ms
    V 0 32768                  -> V 32637 2750065                         7.8 ms
    T 7 4 16                   -> T 16 10 16                              3.1 ms
    F 0 32768                  -> F 3737241                               8.3 ms
    V 0 32768                  -> V 32640 2426656                         7.6 ms
    T 7 5 16                   -> T 16 12 16                              3.3 ms
    F 0 32768                  -> F 3737224                               8.7 ms
    V 0 32768                  -> V 32642 4093739                        10.2 ms
    T 7 6 16                   -> T 16 14 16                              3.2 ms
    F 0 32768                  -> F 3737238                               8.5 ms
    V 0 32768                  -> V 32640 3886781                        10.0 ms
    T 7 7 16                   -> T 16 16 16                              3.3 ms
    F 0 32768                  -> F 3737265                               8.6 ms
    V 0 32768                  -> V 32640 4613850                        13.1 ms
    T 7 8 16                   -> T 16 20 16                              4.7 ms
    F 0 32768                  -> F 3737236                               8.6 ms
    V 0 32768                  -> V 32636 5016809                        14.2 ms
    T 7 9 16                   -> T 16 24 16                              4.9 ms
    F 0 32768                  -> F 3737275                               8.2 ms
    V 0 32768                  -> V 32643 5195588                        13.9 ms
    Q 0                        -> Q 0                                     2.5 ms
    U 16                       -> U 16                                    2.3 ms
    B 2 5                      -> B ok                                    3.5 ms
    T 7 9 16                   -> T 16 24 16                              3.5 ms
    T 7 0 16                   -> T 16 4 16                               3.2 ms
    F 0 32768                  -> F 3847882                               8.5 ms
    V 0 32768                  -> V 31783 1785436                         6.2 ms
    T 7 1 16                   -> T 16 5 16                               2.9 ms
    F 0 32768                  -> F 3847841                               8.9 ms
    V 0 32768                  -> V 32134 1850935                         6.4 ms
    T 7 2 16                   -> T 16 6 16                               3.3 ms
    F 0 32768                  -> F 3847851                               8.5 ms
    V 0 32768                  -> V 32233 1898063                         6.7 ms
    T 7 3 16                   -> T 16 8 16                               3.0 ms
    F 0 32768                  -> F 3847884                               8.5 ms
    V 0 32768                  -> V 26959 2860642                         8.4 ms
    T 7 4 16                   -> T 16 10 16                              3.3 ms
    F 0 32768                  -> F 3847848                               8.9 ms
    V 0 32768                  -> V 32640 2535351                         7.7 ms
    T 7 5 16                   -> T 16 12 16                              2.9 ms
    F 0 32768                  -> F 3847852                               8.9 ms
    V 0 32768                  -> V 23461 4206366                        10.6 ms
    T 7 6 16                   -> T 16 14 16                              3.1 ms
    F 0 32768                  -> F 3847880                               8.8 ms
    V 0 32768                  -> V 19696 3995353                        10.2 ms
    T 7 7 16                   -> T 16 16 16                              3.2 ms
    F 0 32768                  -> F 3847850                               8.9 ms
    V 0 32768                  -> V 21477 4724474                        11.3 ms
    T 7 8 16                   -> T 16 20 16                              3.2 ms
    F 0 32768                  -> F 3847883                               8.8 ms
    V 0 32768                  -> V 21863 5123326                        12.0 ms
    T 7 9 16                   -> T 16 24 16                              4.8 ms
    F 0 32768                  -> F 3847852                               8.5 ms
    V 0 32768                  -> V 23353 5304138                        14.9 ms
      Y5: no quad setting survives 1024 kB
    Q 1                        -> Q 1                                     1.6 ms
    U 0                        -> U 0                                     2.0 ms
    B 2 5                      -> B ok                                    3.5 ms
    T 7 9 16                   -> T 16 24 16                              3.2 ms
    T 7 0 16                   -> T 16 4 16                               3.3 ms
    F 0 32768                  -> F 11292664                             23.1 ms
    V 0 32768                  -> V 32640 5811937                        13.1 ms
    T 7 1 16                   -> T 16 5 16                               4.5 ms
    F 0 32768                  -> F 11292694                             21.6 ms
    V 0 32768                  -> V 32640 6104791                        14.7 ms
    T 7 2 16                   -> T 16 6 16                               2.6 ms
    F 0 32768                  -> F 11292658                             21.5 ms
    V 0 32768                  -> V 32640 6205176                        16.4 ms
    T 7 3 16                   -> T 16 8 16                               4.6 ms
    F 0 32768                  -> F 11292664                             23.0 ms
    V 0 32768                  -> V 32640 7487313                        18.0 ms
    T 7 4 16                   -> T 16 10 16                              2.9 ms
    F 0 32768                  -> F 11292696                             21.5 ms
    V 0 32768                  -> V 32640 8173405                        19.0 ms
    T 7 5 16                   -> T 16 12 16                              4.8 ms
    F 0 32768                  -> F 11292694                             21.9 ms
    V 0 32768                  -> V 32640 8771457                        20.4 ms
    T 7 6 16                   -> T 16 14 16                              3.0 ms
    F 0 32768                  -> F 11292697                             24.2 ms
    V 0 32768                  -> V 32640 9480107                        22.0 ms
    T 7 7 16                   -> T 16 16 16                              3.8 ms
    F 0 32768                  -> F 11292704                             24.6 ms
    V 0 32768                  -> V 32640 10135501                       25.1 ms
    T 7 8 16                   -> T 16 20 16                              3.3 ms
    F 0 32768                  -> F 11292693                             24.2 ms
    V 0 32768                  -> V 32640 11905052                       27.1 ms
    T 7 9 16                   -> T 16 24 16                              3.2 ms
    F 0 32768                  -> F 11292698                             21.4 ms
    V 0 32768                  -> V 32640 13215859                       28.3 ms
    Q 1                        -> Q 1                                     2.6 ms
    U 16                       -> U 16                                    1.9 ms
    B 2 5                      -> B ok                                    3.5 ms
    T 7 9 16                   -> T 16 24 16                              3.0 ms
    T 7 0 16                   -> T 16 4 16                               3.0 ms
    F 0 32768                  -> F 11407378                             24.7 ms
    V 0 32768                  -> V 16471 5922569                        13.4 ms
    T 7 1 16                   -> T 16 5 16                               2.9 ms
    F 0 32768                  -> F 11407385                             23.5 ms
    V 0 32768                  -> V 1 6215386                            14.1 ms
    T 7 2 16                   -> T 16 6 16                               2.9 ms
    F 0 32768                  -> F 11407382                             24.4 ms
    V 0 32768                  -> V 1 6315805                            14.6 ms
    T 7 3 16                   -> T 16 8 16                               4.5 ms
    F 0 32768                  -> F 11407391                             24.5 ms
    V 0 32768                  -> V 0 7597934                            16.1 ms
    T 0 3 16                   -> T 4 8 16                                4.2 ms
    F 0 32768                  -> F 4097699                               9.2 ms
    V 0 32768                  -> V 0 7597942                            15.9 ms
    T 0 3 16                   -> T 4 8 16                                4.2 ms
    R 96                       -> R 96 17406                              3.4 ms
    R 32                       -> R 32 6591                               3.1 ms
    W 96                       -> W 96 9661                               2.8 ms
    W 32                       -> W 32 3533                               3.1 ms
        burst: read 1184+169.0/byte -> 16, write 469+95.8/byte -> 32, taking 16
    Q 1                        -> Q 1                                     1.8 ms
    U 16                       -> U 16                                    2.2 ms
    B 2 5                      -> B ok                                    3.4 ms
    T 0 3 16                   -> T 4 8 16                                3.0 ms
    F 0 1048576                -> F 131087721                           224.8 ms
    V 0 1048576                -> V 0 243094827                         411.5 ms
      Y5: single, write 4 read 8 burst 16 setup 16, clean over 1024 kB

  not usable: Y4
  usable: 7 banks, 56 MB -- 2 quad, 5 single-bit
    Q 0                        -> Q 0                                     1.6 ms
    U 0                        -> U 0                                     2.0 ms
    B 0 0                      -> B ok                                    3.5 ms
    T 0 3 64                   -> T 4 8 64                                3.0 ms
    F 0 8192                   -> F 227651                                3.0 ms

  checking both kernels against arithmetic done on this board
    M 0 8192 4                 -> M -90112 507550                         4.4 ms
    4-bit: teensy -90112       python -90112       MATCH
    M 0 8192 2                 -> M -16384 539332                         4.5 ms
    2-bit: teensy -16384       python -16384       MATCH

  loading weights
    Q 0                        -> Q 0                                     1.7 ms
    U 0                        -> U 0                                     1.8 ms
    B 0 0                      -> B ok                                    3.0 ms
    T 0 3 64                   -> T 4 8 64                                3.1 ms
    F 0 1048576                -> F 28991370                             53.2 ms
    CS0  21.70 MB/s write
    Q 0                        -> Q 0                                     2.5 ms
    U 0                        -> U 0                                     2.1 ms
    B 1 0                      -> B ok                                    3.1 ms
    T 0 3 64                   -> T 4 8 64                                3.1 ms
    F 0 1048576                -> F 28991395                             54.2 ms
    CS1  21.70 MB/s write
    Q 1                        -> Q 1                                     2.1 ms
    U 16                       -> U 16                                    2.1 ms
    B 2 0                      -> B ok                                    3.5 ms
    T 0 3 16                   -> T 4 8 16                                2.9 ms
    F 0 1048576                -> F 131087675                           224.7 ms
    Y0    4.80 MB/s write
    Q 1                        -> Q 1                                     1.6 ms
    U 16                       -> U 16                                    2.4 ms
    B 2 1                      -> B ok                                    3.5 ms
    T 0 3 16                   -> T 4 8 16                                3.0 ms
    F 0 1048576                -> F 131087662                           224.2 ms
    Y1    4.80 MB/s write
    Q 1                        -> Q 1                                     2.7 ms
    U 16                       -> U 16                                    2.5 ms
    B 2 2                      -> B ok                                    3.1 ms
    T 0 3 16                   -> T 4 8 16                                2.9 ms
    F 0 1048576                -> F 131087659                           224.0 ms
    Y2    4.80 MB/s write
    Q 1                        -> Q 1                                     2.5 ms
    U 16                       -> U 16                                    2.5 ms
    B 2 3                      -> B ok                                    3.6 ms
    T 0 3 16                   -> T 4 8 16                                3.0 ms
    F 0 1048576                -> F 131087689                           224.4 ms
    Y3    4.80 MB/s write
    Q 1                        -> Q 1                                     1.9 ms
    U 16                       -> U 16                                    1.8 ms
    B 2 5                      -> B ok                                    3.4 ms
    T 0 3 16                   -> T 4 8 16                                2.8 ms
    F 0 1048576                -> F 131087717                           224.7 ms
    Y5    4.80 MB/s write

  1024 kB a bank, 7.3 MB a pass, 10 rounds

  round  bits   partial sum       teensy ms     MB/s    MMAC/s    link ms
    Q 0                        -> Q 0                                     1.6 ms
    U 0                        -> U 0                                     2.0 ms
    B 0 0                      -> B ok                                    3.6 ms
    T 0 3 64                   -> T 4 8 64                                3.0 ms
    M 0 1048576 4              -> M -11534336 64863598                  117.1 ms
    Q 0                        -> Q 0                                     2.7 ms
    U 0                        -> U 0                                     2.0 ms
    B 1 0                      -> B ok                                    3.5 ms
    T 0 3 64                   -> T 4 8 64                                2.9 ms
    M 0 1048576 4              -> M -11534336 64863583                  116.6 ms
    Q 1                        -> Q 1                                     2.1 ms
    U 16                       -> U 16                                    2.3 ms
    B 2 0                      -> B ok                                    3.7 ms
    T 0 3 16                   -> T 4 8 16                                3.0 ms
    M 0 1048576 4              -> M -11534336 242704752                 415.4 ms
    Q 1                        -> Q 1                                     1.7 ms
    U 16                       -> U 16                                    2.3 ms
    B 2 1                      -> B ok                                    3.5 ms
    T 0 3 16                   -> T 4 8 16                                3.1 ms
    M 0 1048576 4              -> M -11534336 242704739                 413.0 ms
    Q 1                        -> Q 1                                     2.2 ms
    U 16                       -> U 16                                    2.2 ms
    B 2 2                      -> B ok                                    3.6 ms
    T 0 3 16                   -> T 4 8 16                                3.0 ms
    M 0 1048576 4              -> M -11534336 242704773                 415.3 ms
    Q 1                        -> Q 1                                     1.8 ms
    U 16                       -> U 16                                    2.3 ms
    B 2 3                      -> B ok                                    3.5 ms
    T 0 3 16                   -> T 4 8 16                                3.1 ms
    M 0 1048576 4              -> M -11534336 242704757                 414.8 ms
    Q 1                        -> Q 1                                     2.0 ms
    U 16                       -> U 16                                    2.2 ms
    B 2 5                      -> B ok                                    3.5 ms
    T 0 3 16                   -> T 4 8 16                                2.9 ms
    M 0 1048576 4              -> M -11534336 242704759                 414.1 ms
      0     4   -80740352           2238.8     3.28      6.56      82.8
    Q 0                        -> Q 0                                     2.1 ms
    U 0                        -> U 0                                     2.2 ms
    B 0 0                      -> B ok                                    3.3 ms
    T 0 3 64                   -> T 4 8 64                                3.1 ms
    M 0 1048576 2              -> M -2097152 68925380                   124.6 ms
    Q 0                        -> Q 0                                     1.6 ms
    U 0                        -> U 0                                     1.9 ms
    B 1 0                      -> B ok                                    3.4 ms
    T 0 3 64                   -> T 4 8 64                                2.5 ms
    M 0 1048576 2              -> M -2097152 68925390                   124.4 ms
    Q 1                        -> Q 1                                     1.6 ms
    U 16                       -> U 16                                    1.9 ms
    B 2 0                      -> B ok                                    3.5 ms
    T 0 3 16                   -> T 4 8 16                                2.7 ms
    M 0 1048576 2              -> M -2097152 246767069                  410.4 ms
    Q 1                        -> Q 1                                     1.8 ms
    U 16                       -> U 16                                    2.2 ms
    B 2 1                      -> B ok                                    2.7 ms
    T 0 3 16                   -> T 4 8 16                                3.0 ms
    M 0 1048576 2              -> M -2097152 246767030                  420.1 ms
    Q 1                        -> Q 1                                     2.1 ms
    U 16                       -> U 16                                    2.0 ms
    B 2 2                      -> B ok                                    3.7 ms
    T 0 3 16                   -> T 4 8 16                                2.9 ms
    M 0 1048576 2              -> M -2097152 246766992                  421.4 ms
    Q 1                        -> Q 1                                     1.7 ms
    U 16                       -> U 16                                    2.2 ms
    B 2 3                      -> B ok                                    3.5 ms
    T 0 3 16                   -> T 4 8 16                                2.8 ms
    M 0 1048576 2              -> M -2097152 246766992                  419.7 ms
    Q 1                        -> Q 1                                     2.4 ms
    U 16                       -> U 16                                    2.1 ms
    B 2 5                      -> B ok                                    3.5 ms
    T 0 3 16                   -> T 4 8 16                                3.0 ms
    M 0 1048576 2              -> M -2097152 246767045                  419.3 ms
      0     2   -14680064           2286.1     3.21     12.84      82.2
    Q 0                        -> Q 0                                     1.6 ms
    U 0                        -> U 0                                     2.0 ms
    B 0 0                      -> B ok                                    3.5 ms
    T 0 3 64                   -> T 4 8 64                                2.8 ms
    M 0 1048576 4              -> M -11534336 64863598                  116.5 ms
    Q 0                        -> Q 0                                     1.6 ms
    U 0                        -> U 0                                     1.8 ms
    B 1 0                      -> B ok                                    3.3 ms
    T 0 3 64                   -> T 4 8 64                                2.8 ms
    M 0 1048576 4              -> M -11534336 64863556                  117.1 ms
    Q 1                        -> Q 1                                     2.7 ms
    U 16                       -> U 16                                    2.2 ms
    B 2 0                      -> B ok                                    3.0 ms
    T 0 3 16                   -> T 4 8 16                                2.6 ms
    M 0 1048576 4              -> M -11534336 242704780                 402.5 ms
    Q 1                        -> Q 1                                     2.4 ms
    U 16                       -> U 16                                    2.3 ms
    B 2 1                      -> B ok                                    3.7 ms
    T 0 3 16                   -> T 4 8 16                                3.2 ms
    M 0 1048576 4              -> M -11534336 242704740                 413.0 ms
    Q 1                        -> Q 1                                     2.0 ms
    U 16                       -> U 16                                    2.2 ms
    B 2 2                      -> B ok                                    3.6 ms
    T 0 3 16                   -> T 4 8 16                                3.0 ms
    M 0 1048576 4              -> M -11534336 242704758                 402.7 ms
    Q 1                        -> Q 1                                     2.0 ms
    U 16                       -> U 16                                    2.3 ms
    B 2 3                      -> B ok                                    3.5 ms
    T 0 3 16                   -> T 4 8 16                                3.0 ms
    M 0 1048576 4              -> M -11534336 242704744                 413.3 ms
    Q 1                        -> Q 1                                     2.2 ms
    U 16                       -> U 16                                    1.8 ms
    B 2 5                      -> B ok                                    3.7 ms
    T 0 3 16                   -> T 4 8 16                                3.0 ms
    M 0 1048576 4              -> M -11534336 242704750                 415.2 ms
      1     4   -80740352           2238.8     3.28      6.56      80.8
    Q 0                        -> Q 0                                     1.7 ms
    U 0                        -> U 0                                     1.9 ms
    B 0 0                      -> B ok                                    3.3 ms
    T 0 3 64                   -> T 4 8 64                                2.8 ms
    M 0 1048576 2              -> M -2097152 68925394                   124.6 ms
    Q 0                        -> Q 0                                     1.6 ms
    U 0                        -> U 0                                     2.1 ms
    B 1 0                      -> B ok                                    3.5 ms
    T 0 3 64                   -> T 4 8 64                                3.0 ms
    M 0 1048576 2              -> M -2097152 68925376                   122.9 ms
    Q 1                        -> Q 1                                     2.0 ms
    U 16                       -> U 16                                    2.1 ms
    B 2 0                      -> B ok                                    3.3 ms
    T 0 3 16                   -> T 4 8 16                                2.8 ms
    M 0 1048576 2              -> M -2097152 246767034                  421.6 ms
    Q 1                        -> Q 1                                     1.7 ms
    U 16                       -> U 16                                    2.1 ms
    B 2 1                      -> B ok                                    3.4 ms
    T 0 3 16                   -> T 4 8 16                                3.0 ms
    M 0 1048576 2              -> M -2097152 246767041                  421.3 ms
    Q 1                        -> Q 1                                     2.0 ms
    U 16                       -> U 16                                    2.3 ms
    B 2 2                      -> B ok                                    3.5 ms
    T 0 3 16                   -> T 4 8 16                                3.0 ms
    M 0 1048576 2              -> M -2097152 246767033                  421.2 ms
    Q 1                        -> Q 1                                     1.6 ms
    U 16                       -> U 16                                    2.2 ms
    B 2 3                      -> B ok                                    3.5 ms
    T 0 3 16                   -> T 4 8 16                                3.1 ms
    M 0 1048576 2              -> M -2097152 246767026                  421.4 ms
    Q 1                        -> Q 1                                     1.8 ms
    U 16                       -> U 16                                    2.2 ms
    B 2 5                      -> B ok                                    3.4 ms
    T 0 3 16                   -> T 4 8 16                                3.0 ms
    M 0 1048576 2              -> M -2097152 246766994                  419.7 ms
      1     2   -14680064           2286.1     3.21     12.84      82.9
    Q 0                        -> Q 0                                     1.9 ms
    U 0                        -> U 0                                     2.1 ms
    B 0 0                      -> B ok                                    3.5 ms
    T 0 3 64                   -> T 4 8 64                                2.8 ms
    M 0 1048576 4              -> M -11534336 64863598                  116.5 ms
    Q 0                        -> Q 0                                     1.9 ms
    U 0                        -> U 0                                     2.0 ms
    B 1 0                      -> B ok                                    3.2 ms
    T 0 3 64                   -> T 4 8 64                                2.9 ms
    M 0 1048576 4              -> M -11534336 64863603                  118.2 ms
    Q 1                        -> Q 1                                     2.1 ms
    U 16                       -> U 16                                    2.3 ms
    B 2 0                      -> B ok                                    3.4 ms
    T 0 3 16                   -> T 4 8 16                                3.0 ms
    M 0 1048576 4              -> M -11534336 242704736                 414.7 ms
    Q 1                        -> Q 1                                     2.0 ms
    U 16                       -> U 16                                    2.2 ms
    B 2 1                      -> B ok                                    3.6 ms
    T 0 3 16                   -> T 4 8 16                                2.9 ms
    M 0 1048576 4              -> M -11534336 242704755                 414.0 ms
    Q 1                        -> Q 1                                     1.6 ms
    U 16                       -> U 16                                    2.1 ms
    B 2 2                      -> B ok                                    3.6 ms
    T 0 3 16                   -> T 4 8 16                                2.8 ms
    M 0 1048576 4              -> M -11534336 242704724                 413.8 ms
    Q 1                        -> Q 1                                     1.6 ms
    U 16                       -> U 16                                    2.0 ms
    B 2 3                      -> B ok                                    3.5 ms
    T 0 3 16                   -> T 4 8 16                                3.0 ms
    M 0 1048576 4              -> M -11534336 242704775                 413.6 ms
    Q 1                        -> Q 1                                     1.6 ms
    U 16                       -> U 16                                    2.1 ms
    B 2 5                      -> B ok                                    3.2 ms
    T 0 3 16                   -> T 4 8 16                                2.5 ms
    M 0 1048576 4              -> M -11534336 242704738                 413.7 ms
      2     4   -80740352           2238.8     3.28      6.56      78.5
    Q 0                        -> Q 0                                     1.6 ms
    U 0                        -> U 0                                     1.8 ms
    B 0 0                      -> B ok                                    3.3 ms
    T 0 3 64                   -> T 4 8 64                                2.5 ms
    M 0 1048576 2              -> M -2097152 68925358                   123.1 ms
    Q 0                        -> Q 0                                     2.7 ms
    U 0                        -> U 0                                     2.2 ms
    B 1 0                      -> B ok                                    3.5 ms
    T 0 3 64                   -> T 4 8 64                                2.8 ms
    M 0 1048576 2              -> M -2097152 68925398                   124.6 ms
    Q 1                        -> Q 1                                     1.6 ms
    U 16                       -> U 16                                    2.1 ms
    B 2 0                      -> B ok                                    3.1 ms
    T 0 3 16                   -> T 4 8 16                                2.6 ms
    M 0 1048576 2              -> M -2097152 246767021                  421.4 ms
    Q 1                        -> Q 1                                     1.8 ms
    U 16                       -> U 16                                    2.2 ms
    B 2 1                      -> B ok                                    3.5 ms
    T 0 3 16                   -> T 4 8 16                                3.1 ms
    M 0 1048576 2              -> M -2097152 246767017                  419.9 ms
    Q 1                        -> Q 1                                     2.2 ms
    U 16                       -> U 16                                    2.2 ms
    B 2 2                      -> B ok                                    3.7 ms
    T 0 3 16                   -> T 4 8 16                                3.0 ms
    M 0 1048576 2              -> M -2097152 246767045                  421.6 ms
    Q 1                        -> Q 1                                     1.7 ms
    U 16                       -> U 16                                    2.3 ms
    B 2 3                      -> B ok                                    3.5 ms
    T 0 3 16                   -> T 4 8 16                                2.9 ms
    M 0 1048576 2              -> M -2097152 246767043                  419.9 ms
    Q 1                        -> Q 1                                     2.4 ms
    U 16                       -> U 16                                    2.3 ms
    B 2 5                      -> B ok                                    3.6 ms
    T 0 3 16                   -> T 4 8 16                                3.1 ms
    M 0 1048576 2              -> M -2097152 246767028                  421.2 ms
      2     2   -14680064           2286.1     3.21     12.84      83.4
    Q 0                        -> Q 0                                     2.1 ms
    U 0                        -> U 0                                     2.0 ms
    B 0 0                      -> B ok                                    3.6 ms
    T 0 3 64                   -> T 4 8 64                                2.6 ms
    M 0 1048576 4              -> M -11534336 64863585                  115.5 ms
    Q 0                        -> Q 0                                     1.9 ms
    U 0                        -> U 0                                     2.4 ms
    B 1 0                      -> B ok                                    3.4 ms
    T 0 3 64                   -> T 4 8 64                                3.2 ms
    M 0 1048576 4              -> M -11534336 64863596                  116.6 ms
    Q 1                        -> Q 1                                     2.5 ms
    U 16                       -> U 16                                    2.3 ms
    B 2 0                      -> B ok                                    3.5 ms
    T 0 3 16                   -> T 4 8 16                                3.0 ms
    M 0 1048576 4              -> M -11534336 242704744                 412.9 ms
    Q 1                        -> Q 1                                     2.1 ms
    U 16                       -> U 16                                    2.2 ms
    B 2 1                      -> B ok                                    3.7 ms
    T 0 3 16                   -> T 4 8 16                                3.0 ms
    M 0 1048576 4              -> M -11534336 242704750                 415.4 ms
    Q 1                        -> Q 1                                     1.7 ms
    U 16                       -> U 16                                    2.3 ms
    B 2 2                      -> B ok                                    3.5 ms
    T 0 3 16                   -> T 4 8 16                                3.0 ms
    M 0 1048576 4              -> M -11534336 242704738                 413.3 ms
    Q 1                        -> Q 1                                     2.2 ms
    U 16                       -> U 16                                    2.1 ms
    B 2 3                      -> B ok                                    3.6 ms
    T 0 3 16                   -> T 4 8 16                                2.8 ms
    M 0 1048576 4              -> M -11534336 242704736                 415.2 ms
    Q 1                        -> Q 1                                     1.7 ms
    U 16                       -> U 16                                    2.4 ms
    B 2 5                      -> B ok                                    3.4 ms
    T 0 3 16                   -> T 4 8 16                                2.6 ms
    M 0 1048576 4              -> M -11534336 242704747                 415.4 ms
      3     4   -80740352           2238.8     3.28      6.56      82.2
    Q 0                        -> Q 0                                     1.8 ms
    U 0                        -> U 0                                     2.0 ms
    B 0 0                      -> B ok                                    3.5 ms
    T 0 3 64                   -> T 4 8 64                                3.0 ms
    M 0 1048576 2              -> M -2097152 68925392                   124.8 ms
    Q 0                        -> Q 0                                     1.6 ms
    U 0                        -> U 0                                     1.6 ms
    B 1 0                      -> B ok                                    3.5 ms
    T 0 3 64                   -> T 4 8 64                                2.8 ms
    M 0 1048576 2              -> M -2097152 68925340                   123.4 ms
    Q 1                        -> Q 1                                     1.6 ms
    U 16                       -> U 16                                    2.2 ms
    B 2 0                      -> B ok                                    3.2 ms
    T 0 3 16                   -> T 4 8 16                                3.0 ms
    M 0 1048576 2              -> M -2097152 246767000                  421.6 ms
    Q 1                        -> Q 1                                     2.1 ms
    U 16                       -> U 16                                    2.4 ms
    B 2 1                      -> B ok                                    3.4 ms
    T 0 3 16                   -> T 4 8 16                                3.0 ms
    M 0 1048576 2              -> M -2097152 246767000                  419.2 ms
    Q 1                        -> Q 1                                     1.6 ms
    U 16                       -> U 16                                    1.9 ms
    B 2 2                      -> B ok                                    3.5 ms
    T 0 3 16                   -> T 4 8 16                                2.6 ms
    M 0 1048576 2              -> M -2097152 246767005                  421.4 ms
    Q 1                        -> Q 1                                     1.9 ms
    U 16                       -> U 16                                    2.4 ms
    B 2 3                      -> B ok                                    3.3 ms
    T 0 3 16                   -> T 4 8 16                                3.1 ms
    M 0 1048576 2              -> M -2097152 246767045                  419.7 ms
    Q 1                        -> Q 1                                     2.4 ms
    U 16                       -> U 16                                    1.9 ms
    B 2 5                      -> B ok                                    3.1 ms
    T 0 3 16                   -> T 4 8 16                                3.1 ms
    M 0 1048576 2              -> M -2097152 246767034                  419.7 ms
      3     2   -14680064           2286.1     3.21     12.84      80.3
    Q 0                        -> Q 0                                     1.6 ms
    U 0                        -> U 0                                     2.0 ms
    B 0 0                      -> B ok                                    3.4 ms
    T 0 3 64                   -> T 4 8 64                                2.9 ms
    M 0 1048576 4              -> M -11534336 64863613                  118.1 ms
    Q 0                        -> Q 0                                     2.2 ms
    U 0                        -> U 0                                     1.9 ms
    B 1 0                      -> B ok                                    3.5 ms
    T 0 3 64                   -> T 4 8 64                                3.2 ms
    M 0 1048576 4              -> M -11534336 64863595                  115.8 ms
    Q 1                        -> Q 1                                     1.8 ms
    U 16                       -> U 16                                    2.3 ms
    B 2 0                      -> B ok                                    3.5 ms
    T 0 3 16                   -> T 4 8 16                                3.0 ms
    M 0 1048576 4              -> M -11534336 242704758                 413.3 ms
    Q 1                        -> Q 1                                     1.6 ms
    U 16                       -> U 16                                    2.1 ms
    B 2 1                      -> B ok                                    3.2 ms
    T 0 3 16                   -> T 4 8 16                                2.8 ms
    M 0 1048576 4              -> M -11534336 242704774                 413.6 ms
    Q 1                        -> Q 1                                     1.6 ms
    U 16                       -> U 16                                    2.2 ms
    B 2 2                      -> B ok                                    3.4 ms
    T 0 3 16                   -> T 4 8 16                                2.9 ms
    M 0 1048576 4              -> M -11534336 242704767                 413.7 ms
    Q 1                        -> Q 1                                     1.9 ms
    U 16                       -> U 16                                    2.1 ms
    B 2 3                      -> B ok                                    3.4 ms
    T 0 3 16                   -> T 4 8 16                                2.8 ms
    M 0 1048576 4              -> M -11534336 242704770                 413.5 ms
    Q 1                        -> Q 1                                     1.9 ms
    U 16                       -> U 16                                    1.8 ms
    B 2 5                      -> B ok                                    3.3 ms
    T 0 3 16                   -> T 4 8 16                                3.0 ms
    M 0 1048576 4              -> M -11534336 242704773                 401.6 ms
      4     4   -80740352           2238.8     3.28      6.56      75.7
    Q 0                        -> Q 0                                     1.6 ms
    U 0                        -> U 0                                     2.2 ms
    B 0 0                      -> B ok                                    3.5 ms
    T 0 3 64                   -> T 4 8 64                                3.1 ms
    M 0 1048576 2              -> M -2097152 68925384                   123.2 ms
    Q 0                        -> Q 0                                     2.6 ms
    U 0                        -> U 0                                     2.1 ms
    B 1 0                      -> B ok                                    3.0 ms
    T 0 3 64                   -> T 4 8 64                                3.4 ms
    M 0 1048576 2              -> M -2097152 68925371                   123.4 ms
    Q 1                        -> Q 1                                     2.6 ms
    U 16                       -> U 16                                    2.2 ms
    B 2 0                      -> B ok                                    3.2 ms
    T 0 3 16                   -> T 4 8 16                                3.0 ms
    M 0 1048576 2              -> M -2097152 246767049                  418.8 ms
    Q 1                        -> Q 1                                     1.6 ms
    U 16                       -> U 16                                    2.3 ms
    B 2 1                      -> B ok                                    3.1 ms
    T 0 3 16                   -> T 4 8 16                                2.8 ms
    M 0 1048576 2              -> M -2097152 246767057                  420.1 ms
    Q 1                        -> Q 1                                     1.6 ms
    U 16                       -> U 16                                    1.8 ms
    B 2 2                      -> B ok                                    3.4 ms
    T 0 3 16                   -> T 4 8 16                                2.5 ms
    M 0 1048576 2              -> M -2097152 246767009                  421.6 ms
    Q 1                        -> Q 1                                     1.7 ms
    U 16                       -> U 16                                    2.0 ms
    B 2 3                      -> B ok                                    3.5 ms
    T 0 3 16                   -> T 4 8 16                                2.7 ms
    M 0 1048576 2              -> M -2097152 246767054                  410.4 ms
    Q 1                        -> Q 1                                     2.0 ms
    U 16                       -> U 16                                    2.4 ms
    B 2 5                      -> B ok                                    3.1 ms
    T 0 3 16                   -> T 4 8 16                                3.0 ms
    M 0 1048576 2              -> M -2097152 246767024                  419.7 ms
      4     2   -14680064           2286.1     3.21     12.84      77.1
    Q 0                        -> Q 0                                     1.9 ms
    U 0                        -> U 0                                     2.1 ms
    B 0 0                      -> B ok                                    3.1 ms
    T 0 3 64                   -> T 4 8 64                                2.8 ms
    M 0 1048576 4              -> M -11534336 64863596                  118.0 ms
    Q 0                        -> Q 0                                     1.8 ms
    U 0                        -> U 0                                     2.1 ms
    B 1 0                      -> B ok                                    3.5 ms
    T 0 3 64                   -> T 4 8 64                                3.1 ms
    M 0 1048576 4              -> M -11534336 64863601                  118.1 ms
    Q 1                        -> Q 1                                     2.0 ms
    U 16                       -> U 16                                    2.3 ms
    B 2 0                      -> B ok                                    3.8 ms
    T 0 3 16                   -> T 4 8 16                                3.0 ms
    M 0 1048576 4              -> M -11534336 242704723                 414.1 ms
    Q 1                        -> Q 1                                     1.7 ms
    U 16                       -> U 16                                    2.0 ms
    B 2 1                      -> B ok                                    3.3 ms
    T 0 3 16                   -> T 4 8 16                                3.1 ms
    M 0 1048576 4              -> M -11534336 242704746                 413.4 ms
    Q 1                        -> Q 1                                     1.9 ms
    U 16                       -> U 16                                    2.0 ms
    B 2 2                      -> B ok                                    3.4 ms
    T 0 3 16                   -> T 4 8 16                                2.9 ms
    M 0 1048576 4              -> M -11534336 242704806                 413.4 ms
    Q 1                        -> Q 1                                     1.8 ms
    U 16                       -> U 16                                    2.1 ms
    B 2 3                      -> B ok                                    3.5 ms
    T 0 3 16                   -> T 4 8 16                                2.7 ms
    M 0 1048576 4              -> M -11534336 242704737                 401.6 ms
    Q 1                        -> Q 1                                     1.9 ms
    U 16                       -> U 16                                    2.2 ms
    B 2 5                      -> B ok                                    3.2 ms
    T 0 3 16                   -> T 4 8 16                                2.9 ms
    M 0 1048576 4              -> M -11534336 242704724                 413.7 ms
      5     4   -80740352           2238.8     3.28      6.56      79.3
    Q 0                        -> Q 0                                     1.9 ms
    U 0                        -> U 0                                     2.4 ms
    B 0 0                      -> B ok                                    3.1 ms
    T 0 3 64                   -> T 4 8 64                                3.1 ms
    M 0 1048576 2              -> M -2097152 68925360                   123.2 ms
    Q 0                        -> Q 0                                     2.6 ms
    U 0                        -> U 0                                     2.0 ms
    B 1 0                      -> B ok                                    3.5 ms
    T 0 3 64                   -> T 4 8 64                                2.9 ms
    M 0 1048576 2              -> M -2097152 68925398                   122.9 ms
    Q 1                        -> Q 1                                     2.3 ms
    U 16                       -> U 16                                    2.1 ms
    B 2 0                      -> B ok                                    3.6 ms
    T 0 3 16                   -> T 4 8 16                                3.0 ms
    M 0 1048576 2              -> M -2097152 246767054                  408.6 ms
    Q 1                        -> Q 1                                     1.8 ms
    U 16                       -> U 16                                    2.4 ms
    B 2 1                      -> B ok                                    3.5 ms
    T 0 3 16                   -> T 4 8 16                                2.7 ms
    M 0 1048576 2              -> M -2097152 246767039                  419.8 ms
    Q 1                        -> Q 1                                     2.3 ms
    U 16                       -> U 16                                    2.3 ms
    B 2 2                      -> B ok                                    3.7 ms
    T 0 3 16                   -> T 4 8 16                                3.0 ms
    M 0 1048576 2              -> M -2097152 246767025                  421.1 ms
    Q 1                        -> Q 1                                     1.6 ms
    U 16                       -> U 16                                    2.1 ms
    B 2 3                      -> B ok                                    3.4 ms
    T 0 3 16                   -> T 4 8 16                                3.0 ms
    M 0 1048576 2              -> M -2097152 246766993                  420.2 ms
    Q 1                        -> Q 1                                     2.6 ms
    U 16                       -> U 16                                    1.9 ms
    B 2 5                      -> B ok                                    3.6 ms
    T 0 3 16                   -> T 4 8 16                                3.1 ms
    M 0 1048576 2              -> M -2097152 246767040                  421.9 ms
      5     2   -14680064           2286.1     3.21     12.84      82.0
    Q 0                        -> Q 0                                     2.1 ms
    U 0                        -> U 0                                     1.9 ms
    B 0 0                      -> B ok                                    3.6 ms
    T 0 3 64                   -> T 4 8 64                                3.0 ms
    M 0 1048576 4              -> M -11534336 64863583                  115.3 ms
    Q 0                        -> Q 0                                     1.9 ms
    U 0                        -> U 0                                     2.3 ms
    B 1 0                      -> B ok                                    3.5 ms
    T 0 3 64                   -> T 4 8 64                                3.1 ms
    M 0 1048576 4              -> M -11534336 64863619                  116.8 ms
    Q 1                        -> Q 1                                     2.5 ms
    U 16                       -> U 16                                    2.2 ms
    B 2 0                      -> B ok                                    3.6 ms
    T 0 3 16                   -> T 4 8 16                                3.0 ms
    M 0 1048576 4              -> M -11534336 242704759                 413.1 ms
    Q 1                        -> Q 1                                     2.1 ms
    U 16                       -> U 16                                    2.1 ms
    B 2 1                      -> B ok                                    3.8 ms
    T 0 3 16                   -> T 4 8 16                                2.9 ms
    M 0 1048576 4              -> M -11534336 242704794                 415.4 ms
    Q 1                        -> Q 1                                     2.0 ms
    U 16                       -> U 16                                    2.2 ms
    B 2 2                      -> B ok                                    3.4 ms
    T 0 3 16                   -> T 4 8 16                                3.0 ms
    M 0 1048576 4              -> M -11534336 242704727                 415.2 ms
    Q 1                        -> Q 1                                     1.6 ms
    U 16                       -> U 16                                    2.4 ms
    B 2 3                      -> B ok                                    3.1 ms
    T 0 3 16                   -> T 4 8 16                                2.7 ms
    M 0 1048576 4              -> M -11534336 242704741                 414.6 ms
    Q 1                        -> Q 1                                     1.9 ms
    U 16                       -> U 16                                    2.1 ms
    B 2 5                      -> B ok                                    3.7 ms
    T 0 3 16                   -> T 4 8 16                                2.8 ms
    M 0 1048576 4              -> M -11534336 242704792                 415.2 ms
      6     4   -80740352           2238.8     3.28      6.56      83.4
    Q 0                        -> Q 0                                     1.7 ms
    U 0                        -> U 0                                     2.1 ms
    B 0 0                      -> B ok                                    3.5 ms
    T 0 3 64                   -> T 4 8 64                                3.0 ms
    M 0 1048576 2              -> M -2097152 68925345                   123.9 ms
    Q 0                        -> Q 0                                     2.0 ms
    U 0                        -> U 0                                     1.9 ms
    B 1 0                      -> B ok                                    3.5 ms
    T 0 3 64                   -> T 4 8 64                                3.0 ms
    M 0 1048576 2              -> M -2097152 68925380                   121.8 ms
    Q 1                        -> Q 1                                     1.9 ms
    U 16                       -> U 16                                    2.4 ms
    B 2 0                      -> B ok                                    3.0 ms
    T 0 3 16                   -> T 4 8 16                                2.7 ms
    M 0 1048576 2              -> M -2097152 246767006                  421.5 ms
    Q 1                        -> Q 1                                     1.6 ms
    U 16                       -> U 16                                    2.2 ms
    B 2 1                      -> B ok                                    3.6 ms
    T 0 3 16                   -> T 4 8 16                                2.8 ms
    M 0 1048576 2              -> M -2097152 246767005                  420.6 ms
    Q 1                        -> Q 1                                     1.6 ms
    U 16                       -> U 16                                    1.7 ms
    B 2 2                      -> B ok                                    3.6 ms
    T 0 3 16                   -> T 4 8 16                                2.6 ms
    M 0 1048576 2              -> M -2097152 246767051                  408.8 ms
    Q 1                        -> Q 1                                     1.7 ms
    U 16                       -> U 16                                    2.3 ms
    B 2 3                      -> B ok                                    3.0 ms
    T 0 3 16                   -> T 4 8 16                                2.9 ms
    M 0 1048576 2              -> M -2097152 246767050                  421.0 ms
    Q 1                        -> Q 1                                     2.1 ms
    U 16                       -> U 16                                    2.3 ms
    B 2 5                      -> B ok                                    3.1 ms
    T 0 3 16                   -> T 4 8 16                                3.0 ms
    M 0 1048576 2              -> M -2097152 246767015                  419.6 ms
      6     2   -14680064           2286.1     3.21     12.84      79.5
    Q 0                        -> Q 0                                     1.6 ms
    U 0                        -> U 0                                     1.7 ms
    B 0 0                      -> B ok                                    3.3 ms
    T 0 3 64                   -> T 4 8 64                                3.0 ms
    M 0 1048576 4              -> M -11534336 64863621                  118.2 ms
    Q 0                        -> Q 0                                     2.0 ms
    U 0                        -> U 0                                     2.0 ms
    B 1 0                      -> B ok                                    3.7 ms
    T 0 3 64                   -> T 4 8 64                                2.9 ms
    M 0 1048576 4              -> M -11534336 64863583                  117.0 ms
    Q 1                        -> Q 1                                     1.9 ms
    U 16                       -> U 16                                    2.1 ms
    B 2 0                      -> B ok                                    3.4 ms
    T 0 3 16                   -> T 4 8 16                                2.8 ms
    M 0 1048576 4              -> M -11534336 242704740                 413.8 ms
    Q 1                        -> Q 1                                     1.9 ms
    U 16                       -> U 16                                    2.1 ms
    B 2 1                      -> B ok                                    3.4 ms
    T 0 3 16                   -> T 4 8 16                                2.9 ms
    M 0 1048576 4              -> M -11534336 242704770                 413.6 ms
    Q 1                        -> Q 1                                     1.6 ms
    U 16                       -> U 16                                    2.2 ms
    B 2 2                      -> B ok                                    3.4 ms
    T 0 3 16                   -> T 4 8 16                                2.9 ms
    M 0 1048576 4              -> M -11534336 242704751                 413.8 ms
    Q 1                        -> Q 1                                     1.9 ms
    U 16                       -> U 16                                    2.2 ms
    B 2 3                      -> B ok                                    3.4 ms
    T 0 3 16                   -> T 4 8 16                                2.9 ms
    M 0 1048576 4              -> M -11534336 242704732                 413.6 ms
    Q 1                        -> Q 1                                     1.6 ms
    U 16                       -> U 16                                    1.7 ms
    B 2 5                      -> B ok                                    3.5 ms
    T 0 3 16                   -> T 4 8 16                                2.6 ms
    M 0 1048576 4              -> M -11534336 242704767                 413.8 ms
      7     4   -80740352           2238.8     3.28      6.56      78.5
    Q 0                        -> Q 0                                     1.6 ms
    U 0                        -> U 0                                     2.2 ms
    B 0 0                      -> B ok                                    3.5 ms
    T 0 3 64                   -> T 4 8 64                                3.1 ms
    M 0 1048576 2              -> M -2097152 68925382                   122.8 ms
    Q 0                        -> Q 0                                     2.7 ms
    U 0                        -> U 0                                     2.2 ms
    B 1 0                      -> B ok                                    3.0 ms
    T 0 3 64                   -> T 4 8 64                                2.9 ms
    M 0 1048576 2              -> M -2097152 68925392                   123.2 ms
    Q 1                        -> Q 1                                     2.5 ms
    U 16                       -> U 16                                    2.1 ms
    B 2 0                      -> B ok                                    3.1 ms
    T 0 3 16                   -> T 4 8 16                                3.1 ms
    M 0 1048576 2              -> M -2097152 246767025                  421.6 ms
    Q 1                        -> Q 1                                     1.6 ms
    U 16                       -> U 16                                    2.2 ms
    B 2 1                      -> B ok                                    3.1 ms
    T 0 3 16                   -> T 4 8 16                                2.9 ms
    M 0 1048576 2              -> M -2097152 246766989                  420.3 ms
    Q 1                        -> Q 1                                     2.7 ms
    U 16                       -> U 16                                    2.3 ms
    B 2 2                      -> B ok                                    3.5 ms
    T 0 3 16                   -> T 4 8 16                                3.2 ms
    M 0 1048576 2              -> M -2097152 246767071                  419.3 ms
    Q 1                        -> Q 1                                     2.4 ms
    U 16                       -> U 16                                    1.9 ms
    B 2 3                      -> B ok                                    3.7 ms
    T 0 3 16                   -> T 4 8 16                                2.6 ms
    M 0 1048576 2              -> M -2097152 246767067                  405.9 ms
    Q 1                        -> Q 1                                     1.9 ms
    U 16                       -> U 16                                    2.4 ms
    B 2 5                      -> B ok                                    3.5 ms
    T 0 3 16                   -> T 4 8 16                                3.0 ms
    M 0 1048576 2              -> M -2097152 246767005                  419.9 ms
      7     2   -14680064           2286.1     3.21     12.84      75.5
    Q 0                        -> Q 0                                     1.6 ms
    U 0                        -> U 0                                     2.0 ms
    B 0 0                      -> B ok                                    3.2 ms
    T 0 3 64                   -> T 4 8 64                                3.0 ms
    M 0 1048576 4              -> M -11534336 64863595                  118.3 ms
    Q 0                        -> Q 0                                     2.2 ms
    U 0                        -> U 0                                     2.1 ms
    B 1 0                      -> B ok                                    3.5 ms
    T 0 3 64                   -> T 4 8 64                                3.0 ms
    M 0 1048576 4              -> M -11534336 64863591                  115.7 ms
    Q 1                        -> Q 1                                     1.9 ms
    U 16                       -> U 16                                    2.4 ms
    B 2 0                      -> B ok                                    3.5 ms
    T 0 3 16                   -> T 4 8 16                                2.9 ms
    M 0 1048576 4              -> M -11534336 242704778                 413.2 ms
    Q 1                        -> Q 1                                     1.9 ms
    U 16                       -> U 16                                    2.2 ms
    B 2 1                      -> B ok                                    3.1 ms
    T 0 3 16                   -> T 4 8 16                                3.0 ms
    M 0 1048576 4              -> M -11534336 242704718                 413.5 ms
    Q 1                        -> Q 1                                     1.6 ms
    U 16                       -> U 16                                    2.8 ms
    B 2 2                      -> B ok                                    3.2 ms
    T 0 3 16                   -> T 4 8 16                                2.9 ms
    M 0 1048576 4              -> M -11534336 242704797                 401.7 ms
    Q 1                        -> Q 1                                     1.9 ms
    U 16                       -> U 16                                    2.1 ms
    B 2 3                      -> B ok                                    3.4 ms
    T 0 3 16                   -> T 4 8 16                                2.5 ms
    M 0 1048576 4              -> M -11534336 242704768                 401.8 ms
    Q 1                        -> Q 1                                     1.9 ms
    U 16                       -> U 16                                    2.2 ms
    B 2 5                      -> B ok                                    3.4 ms
    T 0 3 16                   -> T 4 8 16                                2.5 ms
    M 0 1048576 4              -> M -11534336 242704752                 413.6 ms
      8     4   -80740352           2238.8     3.28      6.56      75.5
    Q 0                        -> Q 0                                     2.0 ms
    U 0                        -> U 0                                     2.4 ms
    B 0 0                      -> B ok                                    3.5 ms
    T 0 3 64                   -> T 4 8 64                                3.2 ms
    M 0 1048576 2              -> M -2097152 68925385                   124.8 ms
    Q 0                        -> Q 0                                     1.6 ms
    U 0                        -> U 0                                     1.9 ms
    B 1 0                      -> B ok                                    3.5 ms
    T 0 3 64                   -> T 4 8 64                                2.9 ms
    M 0 1048576 2              -> M -2097152 68925380                   112.8 ms
    Q 1                        -> Q 1                                     2.0 ms
    U 16                       -> U 16                                    2.3 ms
    B 2 0                      -> B ok                                    3.5 ms
    T 0 3 16                   -> T 4 8 16                                3.0 ms
    M 0 1048576 2              -> M -2097152 246766999                  410.8 ms
    Q 1                        -> Q 1                                     2.0 ms
    U 16                       -> U 16                                    2.2 ms
    B 2 1                      -> B ok                                    3.6 ms
    T 0 3 16                   -> T 4 8 16                                3.0 ms
    M 0 1048576 2              -> M -2097152 246767017                  421.7 ms
    Q 1                        -> Q 1                                     1.7 ms
    U 16                       -> U 16                                    2.2 ms
    B 2 2                      -> B ok                                    3.5 ms
    T 0 3 16                   -> T 4 8 16                                2.9 ms
    M 0 1048576 2              -> M -2097152 246767032                  421.4 ms
    Q 1                        -> Q 1                                     2.0 ms
    U 16                       -> U 16                                    2.2 ms
    B 2 3                      -> B ok                                    3.1 ms
    T 0 3 16                   -> T 4 8 16                                3.1 ms
    M 0 1048576 2              -> M -2097152 246767028                  419.5 ms
    Q 1                        -> Q 1                                     2.2 ms
    U 16                       -> U 16                                    1.8 ms
    B 2 5                      -> B ok                                    3.7 ms
    T 0 3 16                   -> T 4 8 16                                2.7 ms
    M 0 1048576 2              -> M -2097152 246767019                  421.8 ms
      8     2   -14680064           2286.1     3.21     12.84      85.7
    Q 0                        -> Q 0                                     2.0 ms
    U 0                        -> U 0                                     1.9 ms
    B 0 0                      -> B ok                                    3.3 ms
    T 0 3 64                   -> T 4 8 64                                2.9 ms
    M 0 1048576 4              -> M -11534336 64863622                  115.3 ms
    Q 0                        -> Q 0                                     1.6 ms
    U 0                        -> U 0                                     2.2 ms
    B 1 0                      -> B ok                                    3.3 ms
    T 0 3 64                   -> T 4 8 64                                2.6 ms
    M 0 1048576 4              -> M -11534336 64863588                  116.9 ms
    Q 1                        -> Q 1                                     2.5 ms
    U 16                       -> U 16                                    2.3 ms
    B 2 0                      -> B ok                                    3.0 ms
    T 0 3 16                   -> T 4 8 16                                3.0 ms
    M 0 1048576 4              -> M -11534336 242704740                 413.3 ms
    Q 1                        -> Q 1                                     2.2 ms
    U 16                       -> U 16                                    2.2 ms
    B 2 1                      -> B ok                                    3.7 ms
    T 0 3 16                   -> T 4 8 16                                3.0 ms
    M 0 1048576 4              -> M -11534336 242704750                 413.2 ms
    Q 1                        -> Q 1                                     1.8 ms
    U 16                       -> U 16                                    2.1 ms
    B 2 2                      -> B ok                                    3.7 ms
    T 0 3 16                   -> T 4 8 16                                3.0 ms
    M 0 1048576 4              -> M -11534336 242704757                 415.2 ms
    Q 1                        -> Q 1                                     2.0 ms
    U 16                       -> U 16                                    2.2 ms
    B 2 3                      -> B ok                                    3.6 ms
    T 0 3 16                   -> T 4 8 16                                3.0 ms
    M 0 1048576 4              -> M -11534336 242704740                 414.8 ms
    Q 1                        -> Q 1                                     1.7 ms
    U 16                       -> U 16                                    2.2 ms
    B 2 5                      -> B ok                                    3.5 ms
    T 0 3 16                   -> T 4 8 16                                2.8 ms
    M 0 1048576 4              -> M -11534336 242704729                 413.2 ms
      9     4   -80740352           2238.8     3.28      6.56      79.4
    Q 0                        -> Q 0                                     1.6 ms
    U 0                        -> U 0                                     1.9 ms
    B 0 0                      -> B ok                                    3.5 ms
    T 0 3 64                   -> T 4 8 64                                2.5 ms
    M 0 1048576 2              -> M -2097152 68925382                   124.7 ms
    Q 0                        -> Q 0                                     1.7 ms
    U 0                        -> U 0                                     2.1 ms
    B 1 0                      -> B ok                                    3.5 ms
    T 0 3 64                   -> T 4 8 64                                3.1 ms
    M 0 1048576 2              -> M -2097152 68925396                   122.6 ms
    Q 1                        -> Q 1                                     1.9 ms
    U 16                       -> U 16                                    2.1 ms
    B 2 0                      -> B ok                                    3.5 ms
    T 0 3 16                   -> T 4 8 16                                2.5 ms
    M 0 1048576 2              -> M -2097152 246767026                  421.6 ms
    Q 1                        -> Q 1                                     1.7 ms
    U 16                       -> U 16                                    2.1 ms
    B 2 1                      -> B ok                                    3.5 ms
    T 0 3 16                   -> T 4 8 16                                3.0 ms
    M 0 1048576 2              -> M -2097152 246767015                  420.4 ms
    Q 1                        -> Q 1                                     1.9 ms
    U 16                       -> U 16                                    2.7 ms
    B 2 2                      -> B ok                                    3.5 ms
    T 0 3 16                   -> T 4 8 16                                2.8 ms
    M 0 1048576 2              -> M -2097152 246767039                  421.5 ms
    Q 1                        -> Q 1                                     1.7 ms
    U 16                       -> U 16                                    2.2 ms
    B 2 3                      -> B ok                                    3.5 ms
    T 0 3 16                   -> T 4 8 16                                2.9 ms
    M 0 1048576 2              -> M -2097152 246767011                  421.4 ms
    Q 1                        -> Q 1                                     1.8 ms
    U 16                       -> U 16                                    2.1 ms
    B 2 5                      -> B ok                                    3.3 ms
    T 0 3 16                   -> T 4 8 16                                2.8 ms
    M 0 1048576 2              -> M -2097152 246767034                  421.6 ms
      9     2   -14680064           2286.1     3.21     12.84      82.7

  per bank, read plus multiply-accumulate
    bank   mode     4-bit MB/s   2-bit MB/s
    CS0    quad           9.70         9.13
    CS1    quad           9.70         9.13
    Y0     single         2.59         2.55
    Y1     single         2.59         2.55
    Y2     single         2.59         2.55
    Y3     single         2.59         2.55
    Y5     single         2.59         2.55

  where to put a model, fastest bank first
    size MB   banks used   seconds a pass   effective MB/s
          8            1             0.82             9.70
         16            2             1.65             9.70
         24            3             4.74             5.07
         32            4             7.82             4.09
         40            5            10.91             3.67
         48            6            13.99             3.43
         56            7            17.08             3.28
    Spreading a model that would fit in the fast banks over all of them costs real time:
    a sequential pass is the SUM of the per-bank times, so the slow banks set its length.

  RESULT over 7 banks, 7.3 MB of weights a pass, 56 MB addressable
    4-bit    6.56 MMAC/s
    2-bit   12.84 MMAC/s
    2-bit is 1.96x the 4-bit rate over the same bytes
    kernels verified against this board's own arithmetic: yes
