:0200000460009A
:100000004643464200000156000000000101020084
:1000100000000000000000000000000000000000E0
:1000200000000000000000000000000000000000D0
:1000300000000000000000000000000000000000C0
:1000400000000000010406010000000000000000A4
:100050000000800000000000000000000000000020
:100060000000000000000000000000000000000090
:100070000000000000000000000000000000000080
:10008000EB04180AFF1E04320126000000000000E5
:100090000000000000000000000000000000000060
:1000A0000000000000000000000000000000000050
:1000B0000000000000000000000000000000000040
:1000C0000000000000000000000000000000000030
:1000D0000000000000000000000000000000000020
:1000E0000000000000000000000000000000000010
:1000F0000000000000000000000000000000000000
:1001000000000000000000000000000000000000EF
:1001100000000000000000000000000000000000DF
:1001200000000000000000000000000000000000CF
:1001300000000000000000000000000000000000BF
:1001400000000000000000000000000000000000AF
:10015000000000000000000000000000000000009F
:10016000000000000000000000000000000000008F
:10017000000000000000000000000000000000007F
:10018000000000000000000000000000000000006F
:10019000000000000000000000000000000000005F
:1001A000000000000000000000000000000000004F
:1001B000000000000000000000000000000000003F
:1001C000000100000010000001000000000000001D
:1001D000000001000000000000000000000000001E
:1001E000000000000000000000000000000000000F
:1001F00000000000000000000000000000000000FF
:10020000FFFFFFFFFFFFFFFFFFFFFFFFFFFFFFFFFE
:10021000FFFFFFFFFFFFFFFFFFFFFFFFFFFFFFFFEE
:10022000FFFFFFFFFFFFFFFFFFFFFFFFFFFFFFFFDE
:10023000FFFFFFFFFFFFFFFFFFFFFFFFFFFFFFFFCE
:10024000FFFFFFFFFFFFFFFFFFFFFFFFFFFFFFFFBE
:10025000FFFFFFFFFFFFFFFFFFFFFFFFFFFFFFFFAE
:10026000FFFFFFFFFFFFFFFFFFFFFFFFFFFFFFFF9E
:10027000FFFFFFFFFFFFFFFFFFFFFFFFFFFFFFFF8E
:10028000FFFFFFFFFFFFFFFFFFFFFFFFFFFFFFFF7E
:10029000FFFFFFFFFFFFFFFFFFFFFFFFFFFFFFFF6E
:1002A000FFFFFFFFFFFFFFFFFFFFFFFFFFFFFFFF5E
:1002B000FFFFFFFFFFFFFFFFFFFFFFFFFFFFFFFF4E
:1002C000FFFFFFFFFFFFFFFFFFFFFFFFFFFFFFFF3E
:1002D000FFFFFFFFFFFFFFFFFFFFFFFFFFFFFFFF2E
:1002E000FFFFFFFFFFFFFFFFFFFFFFFFFFFFFFFF1E
:1002F000FFFFFFFFFFFFFFFFFFFFFFFFFFFFFFFF0E
:10030000FFFFFFFFFFFFFFFFFFFFFFFFFFFFFFFFFD
:10031000FFFFFFFFFFFFFFFFFFFFFFFFFFFFFFFFED
:10032000FFFFFFFFFFFFFFFFFFFFFFFFFFFFFFFFDD
:10033000FFFFFFFFFFFFFFFFFFFFFFFFFFFFFFFFCD
:10034000FFFFFFFFFFFFFFFFFFFFFFFFFFFFFFFFBD
:10035000FFFFFFFFFFFFFFFFFFFFFFFFFFFFFFFFAD
:10036000FFFFFFFFFFFFFFFFFFFFFFFFFFFFFFFF9D
:10037000FFFFFFFFFFFFFFFFFFFFFFFFFFFFFFFF8D
:10038000FFFFFFFFFFFFFFFFFFFFFFFFFFFFFFFF7D
:10039000FFFFFFFFFFFFFFFFFFFFFFFFFFFFFFFF6D
:1003A000FFFFFFFFFFFFFFFFFFFFFFFFFFFFFFFF5D
:1003B000FFFFFFFFFFFFFFFFFFFFFFFFFFFFFFFF4D
:1003C000FFFFFFFFFFFFFFFFFFFFFFFFFFFFFFFF3D
:1003D000FFFFFFFFFFFFFFFFFFFFFFFFFFFFFFFF2D
:1003E000FFFFFFFFFFFFFFFFFFFFFFFFFFFFFFFF1D
:1003F000FFFFFFFFFFFFFFFFFFFFFFFFFFFFFFFF0D
:10040000FFFFFFFFFFFFFFFFFFFFFFFFFFFFFFFFFC
:10041000FFFFFFFFFFFFFFFFFFFFFFFFFFFFFFFFEC
:10042000FFFFFFFFFFFFFFFFFFFFFFFFFFFFFFFFDC
:10043000FFFFFFFFFFFFFFFFFFFFFFFFFFFFFFFFCC
:10044000FFFFFFFFFFFFFFFFFFFFFFFFFFFFFFFFBC
:10045000FFFFFFFFFFFFFFFFFFFFFFFFFFFFFFFFAC
:10046000FFFFFFFFFFFFFFFFFFFFFFFFFFFFFFFF9C
:10047000FFFFFFFFFFFFFFFFFFFFFFFFFFFFFFFF8C
:10048000FFFFFFFFFFFFFFFFFFFFFFFFFFFFFFFF7C
:10049000FFFFFFFFFFFFFFFFFFFFFFFFFFFFFFFF6C
:1004A000FFFFFFFFFFFFFFFFFFFFFFFFFFFFFFFF5C
:1004B000FFFFFFFFFFFFFFFFFFFFFFFFFFFFFFFF4C
:1004C000FFFFFFFFFFFFFFFFFFFFFFFFFFFFFFFF3C
:1004D000FFFFFFFFFFFFFFFFFFFFFFFFFFFFFFFF2C
:1004E000FFFFFFFFFFFFFFFFFFFFFFFFFFFFFFFF1C
:1004F000FFFFFFFFFFFFFFFFFFFFFFFFFFFFFFFF0C
:10050000FFFFFFFFFFFFFFFFFFFFFFFFFFFFFFFFFB
:10051000FFFFFFFFFFFFFFFFFFFFFFFFFFFFFFFFEB
:10052000FFFFFFFFFFFFFFFFFFFFFFFFFFFFFFFFDB
:10053000FFFFFFFFFFFFFFFFFFFFFFFFFFFFFFFFCB
:10054000FFFFFFFFFFFFFFFFFFFFFFFFFFFFFFFFBB
:10055000FFFFFFFFFFFFFFFFFFFFFFFFFFFFFFFFAB
:10056000FFFFFFFFFFFFFFFFFFFFFFFFFFFFFFFF9B
:10057000FFFFFFFFFFFFFFFFFFFFFFFFFFFFFFFF8B
:10058000FFFFFFFFFFFFFFFFFFFFFFFFFFFFFFFF7B
:10059000FFFFFFFFFFFFFFFFFFFFFFFFFFFFFFFF6B
:1005A000FFFFFFFFFFFFFFFFFFFFFFFFFFFFFFFF5B
:1005B000FFFFFFFFFFFFFFFFFFFFFFFFFFFFFFFF4B
:1005C000FFFFFFFFFFFFFFFFFFFFFFFFFFFFFFFF3B
:1005D000FFFFFFFFFFFFFFFFFFFFFFFFFFFFFFFF2B
:1005E000FFFFFFFFFFFFFFFFFFFFFFFFFFFFFFFF1B
:1005F000FFFFFFFFFFFFFFFFFFFFFFFFFFFFFFFF0B
:10060000FFFFFFFFFFFFFFFFFFFFFFFFFFFFFFFFFA
:10061000FFFFFFFFFFFFFFFFFFFFFFFFFFFFFFFFEA
:10062000FFFFFFFFFFFFFFFFFFFFFFFFFFFFFFFFDA
:10063000FFFFFFFFFFFFFFFFFFFFFFFFFFFFFFFFCA
:10064000FFFFFFFFFFFFFFFFFFFFFFFFFFFFFFFFBA
:10065000FFFFFFFFFFFFFFFFFFFFFFFFFFFFFFFFAA
:10066000FFFFFFFFFFFFFFFFFFFFFFFFFFFFFFFF9A
:10067000FFFFFFFFFFFFFFFFFFFFFFFFFFFFFFFF8A
:10068000FFFFFFFFFFFFFFFFFFFFFFFFFFFFFFFF7A
:10069000FFFFFFFFFFFFFFFFFFFFFFFFFFFFFFFF6A
:1006A000FFFFFFFFFFFFFFFFFFFFFFFFFFFFFFFF5A
:1006B000FFFFFFFFFFFFFFFFFFFFFFFFFFFFFFFF4A
:1006C000FFFFFFFFFFFFFFFFFFFFFFFFFFFFFFFF3A
:1006D000FFFFFFFFFFFFFFFFFFFFFFFFFFFFFFFF2A
:1006E000FFFFFFFFFFFFFFFFFFFFFFFFFFFFFFFF1A
:1006F000FFFFFFFFFFFFFFFFFFFFFFFFFFFFFFFF0A
:10070000FFFFFFFFFFFFFFFFFFFFFFFFFFFFFFFFF9
:10071000FFFFFFFFFFFFFFFFFFFFFFFFFFFFFFFFE9
:10072000FFFFFFFFFFFFFFFFFFFFFFFFFFFFFFFFD9
:10073000FFFFFFFFFFFFFFFFFFFFFFFFFFFFFFFFC9
:10074000FFFFFFFFFFFFFFFFFFFFFFFFFFFFFFFFB9
:10075000FFFFFFFFFFFFFFFFFFFFFFFFFFFFFFFFA9
:10076000FFFFFFFFFFFFFFFFFFFFFFFFFFFFFFFF99
:10077000FFFFFFFFFFFFFFFFFFFFFFFFFFFFFFFF89
:10078000FFFFFFFFFFFFFFFFFFFFFFFFFFFFFFFF79
:10079000FFFFFFFFFFFFFFFFFFFFFFFFFFFFFFFF69
:1007A000FFFFFFFFFFFFFFFFFFFFFFFFFFFFFFFF59
:1007B000FFFFFFFFFFFFFFFFFFFFFFFFFFFFFFFF49
:1007C000FFFFFFFFFFFFFFFFFFFFFFFFFFFFFFFF39
:1007D000FFFFFFFFFFFFFFFFFFFFFFFFFFFFFFFF29
:1007E000FFFFFFFFFFFFFFFFFFFFFFFFFFFFFFFF19
:1007F000FFFFFFFFFFFFFFFFFFFFFFFFFFFFFFFF09
:10080000FFFFFFFFFFFFFFFFFFFFFFFFFFFFFFFFF8
:10081000FFFFFFFFFFFFFFFFFFFFFFFFFFFFFFFFE8
:10082000FFFFFFFFFFFFFFFFFFFFFFFFFFFFFFFFD8
:10083000FFFFFFFFFFFFFFFFFFFFFFFFFFFFFFFFC8
:10084000FFFFFFFFFFFFFFFFFFFFFFFFFFFFFFFFB8
:10085000FFFFFFFFFFFFFFFFFFFFFFFFFFFFFFFFA8
:10086000FFFFFFFFFFFFFFFFFFFFFFFFFFFFFFFF98
:10087000FFFFFFFFFFFFFFFFFFFFFFFFFFFFFFFF88
:10088000FFFFFFFFFFFFFFFFFFFFFFFFFFFFFFFF78
:10089000FFFFFFFFFFFFFFFFFFFFFFFFFFFFFFFF68
:1008A000FFFFFFFFFFFFFFFFFFFFFFFFFFFFFFFF58
:1008B000FFFFFFFFFFFFFFFFFFFFFFFFFFFFFFFF48
:1008C000FFFFFFFFFFFFFFFFFFFFFFFFFFFFFFFF38
:1008D000FFFFFFFFFFFFFFFFFFFFFFFFFFFFFFFF28
:1008E000FFFFFFFFFFFFFFFFFFFFFFFFFFFFFFFF18
:1008F000FFFFFFFFFFFFFFFFFFFFFFFFFFFFFFFF08
:10090000FFFFFFFFFFFFFFFFFFFFFFFFFFFFFFFFF7
:10091000FFFFFFFFFFFFFFFFFFFFFFFFFFFFFFFFE7
:10092000FFFFFFFFFFFFFFFFFFFFFFFFFFFFFFFFD7
:10093000FFFFFFFFFFFFFFFFFFFFFFFFFFFFFFFFC7
:10094000FFFFFFFFFFFFFFFFFFFFFFFFFFFFFFFFB7
:10095000FFFFFFFFFFFFFFFFFFFFFFFFFFFFFFFFA7
:10096000FFFFFFFFFFFFFFFFFFFFFFFFFFFFFFFF97
:10097000FFFFFFFFFFFFFFFFFFFFFFFFFFFFFFFF87
:10098000FFFFFFFFFFFFFFFFFFFFFFFFFFFFFFFF77
:10099000FFFFFFFFFFFFFFFFFFFFFFFFFFFFFFFF67
:1009A000FFFFFFFFFFFFFFFFFFFFFFFFFFFFFFFF57
:1009B000FFFFFFFFFFFFFFFFFFFFFFFFFFFFFFFF47
:1009C000FFFFFFFFFFFFFFFFFFFFFFFFFFFFFFFF37
:1009D000FFFFFFFFFFFFFFFFFFFFFFFFFFFFFFFF27
:1009E000FFFFFFFFFFFFFFFFFFFFFFFFFFFFFFFF17
:1009F000FFFFFFFFFFFFFFFFFFFFFFFFFFFFFFFF07
:100A0000FFFFFFFFFFFFFFFFFFFFFFFFFFFFFFFFF6
:100A1000FFFFFFFFFFFFFFFFFFFFFFFFFFFFFFFFE6
:100A2000FFFFFFFFFFFFFFFFFFFFFFFFFFFFFFFFD6
:100A3000FFFFFFFFFFFFFFFFFFFFFFFFFFFFFFFFC6
:100A4000FFFFFFFFFFFFFFFFFFFFFFFFFFFFFFFFB6
:100A5000FFFFFFFFFFFFFFFFFFFFFFFFFFFFFFFFA6
:100A6000FFFFFFFFFFFFFFFFFFFFFFFFFFFFFFFF96
:100A7000FFFFFFFFFFFFFFFFFFFFFFFFFFFFFFFF86
:100A8000FFFFFFFFFFFFFFFFFFFFFFFFFFFFFFFF76
:100A9000FFFFFFFFFFFFFFFFFFFFFFFFFFFFFFFF66
:100AA000FFFFFFFFFFFFFFFFFFFFFFFFFFFFFFFF56
:100AB000FFFFFFFFFFFFFFFFFFFFFFFFFFFFFFFF46
:100AC000FFFFFFFFFFFFFFFFFFFFFFFFFFFFFFFF36
:100AD000FFFFFFFFFFFFFFFFFFFFFFFFFFFFFFFF26
:100AE000FFFFFFFFFFFFFFFFFFFFFFFFFFFFFFFF16
:100AF000FFFFFFFFFFFFFFFFFFFFFFFFFFFFFFFF06
:100B0000FFFFFFFFFFFFFFFFFFFFFFFFFFFFFFFFF5
:100B1000FFFFFFFFFFFFFFFFFFFFFFFFFFFFFFFFE5
:100B2000FFFFFFFFFFFFFFFFFFFFFFFFFFFFFFFFD5
:100B3000FFFFFFFFFFFFFFFFFFFFFFFFFFFFFFFFC5
:100B4000FFFFFFFFFFFFFFFFFFFFFFFFFFFFFFFFB5
:100B5000FFFFFFFFFFFFFFFFFFFFFFFFFFFFFFFFA5
:100B6000FFFFFFFFFFFFFFFFFFFFFFFFFFFFFFFF95
:100B7000FFFFFFFFFFFFFFFFFFFFFFFFFFFFFFFF85
:100B8000FFFFFFFFFFFFFFFFFFFFFFFFFFFFFFFF75
:100B9000FFFFFFFFFFFFFFFFFFFFFFFFFFFFFFFF65
:100BA000FFFFFFFFFFFFFFFFFFFFFFFFFFFFFFFF55
:100BB000FFFFFFFFFFFFFFFFFFFFFFFFFFFFFFFF45
:100BC000FFFFFFFFFFFFFFFFFFFFFFFFFFFFFFFF35
:100BD000FFFFFFFFFFFFFFFFFFFFFFFFFFFFFFFF25
:100BE000FFFFFFFFFFFFFFFFFFFFFFFFFFFFFFFF15
:100BF000FFFFFFFFFFFFFFFFFFFFFFFFFFFFFFFF05
:100C0000FFFFFFFFFFFFFFFFFFFFFFFFFFFFFFFFF4
:100C1000FFFFFFFFFFFFFFFFFFFFFFFFFFFFFFFFE4
:100C2000FFFFFFFFFFFFFFFFFFFFFFFFFFFFFFFFD4
:100C3000FFFFFFFFFFFFFFFFFFFFFFFFFFFFFFFFC4
:100C4000FFFFFFFFFFFFFFFFFFFFFFFFFFFFFFFFB4
:100C5000FFFFFFFFFFFFFFFFFFFFFFFFFFFFFFFFA4
:100C6000FFFFFFFFFFFFFFFFFFFFFFFFFFFFFFFF94
:100C7000FFFFFFFFFFFFFFFFFFFFFFFFFFFFFFFF84
:100C8000FFFFFFFFFFFFFFFFFFFFFFFFFFFFFFFF74
:100C9000FFFFFFFFFFFFFFFFFFFFFFFFFFFFFFFF64
:100CA000FFFFFFFFFFFFFFFFFFFFFFFFFFFFFFFF54
:100CB000FFFFFFFFFFFFFFFFFFFFFFFFFFFFFFFF44
:100CC000FFFFFFFFFFFFFFFFFFFFFFFFFFFFFFFF34
:100CD000FFFFFFFFFFFFFFFFFFFFFFFFFFFFFFFF24
:100CE000FFFFFFFFFFFFFFFFFFFFFFFFFFFFFFFF14
:100CF000FFFFFFFFFFFFFFFFFFFFFFFFFFFFFFFF04
:100D0000FFFFFFFFFFFFFFFFFFFFFFFFFFFFFFFFF3
:100D1000FFFFFFFFFFFFFFFFFFFFFFFFFFFFFFFFE3
:100D2000FFFFFFFFFFFFFFFFFFFFFFFFFFFFFFFFD3
:100D3000FFFFFFFFFFFFFFFFFFFFFFFFFFFFFFFFC3
:100D4000FFFFFFFFFFFFFFFFFFFFFFFFFFFFFFFFB3
:100D5000FFFFFFFFFFFFFFFFFFFFFFFFFFFFFFFFA3
:100D6000FFFFFFFFFFFFFFFFFFFFFFFFFFFFFFFF93
:100D7000FFFFFFFFFFFFFFFFFFFFFFFFFFFFFFFF83
:100D8000FFFFFFFFFFFFFFFFFFFFFFFFFFFFFFFF73
:100D9000FFFFFFFFFFFFFFFFFFFFFFFFFFFFFFFF63
:100DA000FFFFFFFFFFFFFFFFFFFFFFFFFFFFFFFF53
:100DB000FFFFFFFFFFFFFFFFFFFFFFFFFFFFFFFF43
:100DC000FFFFFFFFFFFFFFFFFFFFFFFFFFFFFFFF33
:100DD000FFFFFFFFFFFFFFFFFFFFFFFFFFFFFFFF23
:100DE000FFFFFFFFFFFFFFFFFFFFFFFFFFFFFFFF13
:100DF000FFFFFFFFFFFFFFFFFFFFFFFFFFFFFFFF03
:100E0000FFFFFFFFFFFFFFFFFFFFFFFFFFFFFFFFF2
:100E1000FFFFFFFFFFFFFFFFFFFFFFFFFFFFFFFFE2
:100E2000FFFFFFFFFFFFFFFFFFFFFFFFFFFFFFFFD2
:100E3000FFFFFFFFFFFFFFFFFFFFFFFFFFFFFFFFC2
:100E4000FFFFFFFFFFFFFFFFFFFFFFFFFFFFFFFFB2
:100E5000FFFFFFFFFFFFFFFFFFFFFFFFFFFFFFFFA2
:100E6000FFFFFFFFFFFFFFFFFFFFFFFFFFFFFFFF92
:100E7000FFFFFFFFFFFFFFFFFFFFFFFFFFFFFFFF82
:100E8000FFFFFFFFFFFFFFFFFFFFFFFFFFFFFFFF72
:100E9000FFFFFFFFFFFFFFFFFFFFFFFFFFFFFFFF62
:100EA000FFFFFFFFFFFFFFFFFFFFFFFFFFFFFFFF52
:100EB000FFFFFFFFFFFFFFFFFFFFFFFFFFFFFFFF42
:100EC000FFFFFFFFFFFFFFFFFFFFFFFFFFFFFFFF32
:100ED000FFFFFFFFFFFFFFFFFFFFFFFFFFFFFFFF22
:100EE000FFFFFFFFFFFFFFFFFFFFFFFFFFFFFFFF12
:100EF000FFFFFFFFFFFFFFFFFFFFFFFFFFFFFFFF02
:100F0000FFFFFFFFFFFFFFFFFFFFFFFFFFFFFFFFF1
:100F1000FFFFFFFFFFFFFFFFFFFFFFFFFFFFFFFFE1
:100F2000FFFFFFFFFFFFFFFFFFFFFFFFFFFFFFFFD1
:100F3000FFFFFFFFFFFFFFFFFFFFFFFFFFFFFFFFC1
:100F4000FFFFFFFFFFFFFFFFFFFFFFFFFFFFFFFFB1
:100F5000FFFFFFFFFFFFFFFFFFFFFFFFFFFFFFFFA1
:100F6000FFFFFFFFFFFFFFFFFFFFFFFFFFFFFFFF91
:100F7000FFFFFFFFFFFFFFFFFFFFFFFFFFFFFFFF81
:100F8000FFFFFFFFFFFFFFFFFFFFFFFFFFFFFFFF71
:100F9000FFFFFFFFFFFFFFFFFFFFFFFFFFFFFFFF61
:100FA000FFFFFFFFFFFFFFFFFFFFFFFFFFFFFFFF51
:100FB000FFFFFFFFFFFFFFFFFFFFFFFFFFFFFFFF41
:100FC000FFFFFFFFFFFFFFFFFFFFFFFFFFFFFFFF31
:100FD000FFFFFFFFFFFFFFFFFFFFFFFFFFFFFFFF21
:100FE000FFFFFFFFFFFFFFFFFFFFFFFFFFFFFFFF11
:100FF000FFFFFFFFFFFFFFFFFFFFFFFFFFFFFFFF01
:10100000D1002043F1150060000000000000000046
:10101000201000600010006000540160000000001B
:10102000000000600060010000000000FFFFFFFF03
:10103000FFFFFFFFFFFFFFFFFFFFFFFFFFFFFFFFC0
:10104000FFFFFFFFFFFFFFFFFFFFFFFFFFFFFFFFB0
:10105000FFFFFFFFFFFFFFFFFFFFFFFFFFFFFFFFA0
:10106000FFFFFFFFFFFFFFFFFFFFFFFFFFFFFFFF90
:10107000FFFFFFFFFFFFFFFFFFFFFFFFFFFFFFFF80
:10108000FFFFFFFFFFFFFFFFFFFFFFFFFFFFFFFF70
:10109000FFFFFFFFFFFFFFFFFFFFFFFFFFFFFFFF60
:1010A000FFFFFFFFFFFFFFFFFFFFFFFFFFFFFFFF50
:1010B000FFFFFFFFFFFFFFFFFFFFFFFFFFFFFFFF40
:1010C000FFFFFFFFFFFFFFFFFFFFFFFFFFFFFFFF30
:1010D000FFFFFFFFFFFFFFFFFFFFFFFFFFFFFFFF20
:1010E000FFFFFFFFFFFFFFFFFFFFFFFFFFFFFFFF10
:1010F000FFFFFFFFFFFFFFFFFFFFFFFFFFFFFFFF00
:10110000FFFFFFFFFFFFFFFFFFFFFFFFFFFFFFFFEF
:10111000FFFFFFFFFFFFFFFFFFFFFFFFFFFFFFFFDF
:10112000FFFFFFFFFFFFFFFFFFFFFFFFFFFFFFFFCF
:10113000FFFFFFFFFFFFFFFFFFFFFFFFFFFFFFFFBF
:10114000FFFFFFFFFFFFFFFFFFFFFFFFFFFFFFFFAF
:10115000FFFFFFFFFFFFFFFFFFFFFFFFFFFFFFFF9F
:10116000FFFFFFFFFFFFFFFFFFFFFFFFFFFFFFFF8F
:10117000FFFFFFFFFFFFFFFFFFFFFFFFFFFFFFFF7F
:10118000FFFFFFFFFFFFFFFFFFFFFFFFFFFFFFFF6F
:10119000FFFFFFFFFFFFFFFFFFFFFFFFFFFFFFFF5F
:1011A000FFFFFFFFFFFFFFFFFFFFFFFFFFFFFFFF4F
:1011B000FFFFFFFFFFFFFFFFFFFFFFFFFFFFFFFF3F
:1011C000FFFFFFFFFFFFFFFFFFFFFFFFFFFFFFFF2F
:1011D000FFFFFFFFFFFFFFFFFFFFFFFFFFFFFFFF1F
:1011E000FFFFFFFFFFFFFFFFFFFFFFFFFFFFFFFF0F
:1011F000FFFFFFFFFFFFFFFFFFFFFFFFFFFFFFFFFF
:10120000FFFFFFFFFFFFFFFFFFFFFFFFFFFFFFFFEE
:10121000FFFFFFFFFFFFFFFFFFFFFFFFFFFFFFFFDE
:10122000FFFFFFFFFFFFFFFFFFFFFFFFFFFFFFFFCE
:10123000FFFFFFFFFFFFFFFFFFFFFFFFFFFFFFFFBE
:10124000FFFFFFFFFFFFFFFFFFFFFFFFFFFFFFFFAE
:10125000FFFFFFFFFFFFFFFFFFFFFFFFFFFFFFFF9E
:10126000FFFFFFFFFFFFFFFFFFFFFFFFFFFFFFFF8E
:10127000FFFFFFFFFFFFFFFFFFFFFFFFFFFFFFFF7E
:10128000FFFFFFFFFFFFFFFFFFFFFFFFFFFFFFFF6E
:10129000FFFFFFFFFFFFFFFFFFFFFFFFFFFFFFFF5E
:1012A000FFFFFFFFFFFFFFFFFFFFFFFFFFFFFFFF4E
:1012B000FFFFFFFFFFFFFFFFFFFFFFFFFFFFFFFF3E
:1012C000FFFFFFFFFFFFFFFFFFFFFFFFFFFFFFFF2E
:1012D000FFFFFFFFFFFFFFFFFFFFFFFFFFFFFFFF1E
:1012E000FFFFFFFFFFFFFFFFFFFFFFFFFFFFFFFF0E
:1012F000FFFFFFFFFFFFFFFFFFFFFFFFFFFFFFFFFE
:10130000FFFFFFFFFFFFFFFFFFFFFFFFFFFFFFFFED
:10131000FFFFFFFFFFFFFFFFFFFFFFFFFFFFFFFFDD
:10132000FFFFFFFFFFFFFFFFFFFFFFFFFFFFFFFFCD
:10133000FFFFFFFFFFFFFFFFFFFFFFFFFFFFFFFFBD
:10134000FFFFFFFFFFFFFFFFFFFFFFFFFFFFFFFFAD
:10135000FFFFFFFFFFFFFFFFFFFFFFFFFFFFFFFF9D
:10136000FFFFFFFFFFFFFFFFFFFFFFFFFFFFFFFF8D
:10137000FFFFFFFFFFFFFFFFFFFFFFFFFFFFFFFF7D
:10138000FFFFFFFFFFFFFFFFFFFFFFFFFFFFFFFF6D
:10139000FFFFFFFFFFFFFFFFFFFFFFFFFFFFFFFF5D
:1013A000FFFFFFFFFFFFFFFFFFFFFFFFFFFFFFFF4D
:1013B000FFFFFFFFFFFFFFFFFFFFFFFFFFFFFFFF3D
:1013C000FFFFFFFFFFFFFFFFFFFFFFFFFFFFFFFF2D
:1013D000FFFFFFFFFFFFFFFFFFFFFFFFFFFFFFFF1D
:1013E000FFFFFFFFFFFFFFFFFFFFFFFFFFFFFFFF0D
:1013F000FFFFFFFFFFFFFFFFFFFFFFFFFFFFFFFFFD
:10140000824205D051F8043B40F8043B8242F9D8AF
:10141000704700BF044A05494FF0000342F8043BFF
:101420009142FBD8704700BFC01A002040680020DE
:1014300008B5BFF34F8F00F047F9544C544B0820C8
:101440005449C3F85401544AC3F800115348C3F82F
:10145000F0405349FFF7D4FF524A53495348FFF72E
:10146000CFFF534CFFF7D6FF4FF470004FF0E02151
:101470000023504AC1F8880D44F823200133B02BD3
:10148000FAD14D4B80214D4A03F8011B9342FBD109
:101490004FF0E0254A4E4B4A4FF0FF31C5F8084D5A
:1014A000D5F8243D43F4E023C5F8243DF36923F047
:1014B0007F0343F04003F361736A23F07F0343F03B
:1014C000400373629166D1661167516700F004F9B9
:1014D0003D4A3E4BA2636322E36300246A61032317
:1014E0003B4AAC612B61C5F8202DD5F8FC2D394B5A
:1014F00042F080723849C5F8FC2D1A6842F00102AA
:101500001A605B680B6000F0B7FA344800F050FCDA
:10151000F16E334B334A41F44051F1661C60C3F81D
:101520000841C3F81841C3F82841C3F83841936B08
:10153000DB0708D442F615632B4951651365936B9D
:1015400043F001039363274A284C936843F0011347
:10155000936000F04FF900F0FBFB00F045FC00F059
:10156000BDFA00F0B3F82368132BFCD900F052FB4E
:101570002368B3F5967FFBD300F0ACF800F0A8F831
:1015800000F02EFC00F028FC30BFFDE70C0D11131D
:1015900000800D401B1018201818010000000000EA
:1015A000FC1E0060C01A00201837016000000020F7
:1015B000001800205597000000E400E0A0E400E0DF
:1015C00000C00F4000C00A40ADAB0000B1AB00004E
:1015D00000002020001000E0CC6700200046C3235C
:1015E0000040084000400D400000C056D067002079
:1015F000054B4FF42A01054A05485A641864054A08
:1016000099639546FFF714FF00C00A40BFAAAAAA33
:101610000700200000800620294A00210123C2F88B
:10162000A000C2F8A410C2F8B0305369D907FCD5A5
:1016300001234FF4803C22495361C2F8A000C2F854
:10164000A4C0C2F8B0304B69DB07FCD501234FF4CE
:10165000003C1B4A4B61C1F8A000C1F8A4C0C1F80E
:10166000B0305369D907FCD50123DFF858C01449BD
:101670005361C2F8A000C2F8A4C0C2F8B0304B69F0
:10168000DB07FCD5D1F8003145F60D504FF0210CA9
:101690009AB2C1F814C0824210D045F69D518A42D8
:1016A0000AD1C3F34253032B08D0A3F10403B3FAC6
:1016B00083F35B09180170470020704708207047CA
:1016C00000402A4004000300704700BF704700BF7D
:1016D000704700BF00BF70474FF0E02300214FF07C
:1016E000100C3448C3F8941DC3F89CCD4FF0110C76
:1016F000C3F8A00D3048C3F89CCD4FF0120CC3F8CE
:10170000A00D2E48C3F89CCD2D4AC3F8A00DDFF8DC
:10171000D0C042F015022B48C3F89CCDC3F8A00DF1
:10172000DFF8C0C02848C3F89CCDC3F8A00DDFF88F
:10173000B8C0C3F89C2D2548254AC3F8A0CDC3F8EE
:101740009C0DC3F8A02D02F5A022DFF8A0C00C323A
:101750002048C3F89CCDC3F8A02D1F4AC3F89C0DA8
:10176000C3F8A02D02F14062DFF884C002321B48AA
:10177000C3F89CCDC3F8A02D0A32C3F89C0DC3F862
:10178000A02D00BF00BF00BF00BF00BF0122C3F8F3
:10179000942DBFF34F8FBFF36F8FC3F8501FBFF36C
:1017A0004F8FBFF36F8FD3F8142D42F44032C3F83C
:1017B000142D70473F000010250008070900100095
:1017C0004068002021000207250008131600202091
:1017D00027000B13180000602F000B071A00008071
:1017E0001300200014000020090000101700004022
:1017F0001900007030B5864B85B0DFF874E218220E
:10180000844D0120C3F85CE28349C3F86052A5F51A
:101810008055DFF860C2814CC3F864E2C3F86852B7
:101820002125C3F86CC2C3F870C2C3F874C2C3F8F0
:1018300078C248F20C7CDA661A675A679A67DA67E8
:10184000C3F88020C3F88420C3F88820C1F82C0393
:10185000734AC1F83003C1F83403C1F83803C1F842
:101860003C03C1F85003A1696E4B0A406E486F49B2
:1018700013436F4AA361D4F8843043F00C03C4F8D7
:1018800084304FF0FF34036843F0020303600368C1
:1018900003EA0C031A43674B026044608A68664C93
:1018A0001340664A43F000538360C36823F0780313
:1018B000C360036A23401A43604B0262026A2240FB
:1018C0005F4C1343002243628462C46240F20564A9
:1018D000D1F8B83023F03F0343F00103C0F8B8302B
:1018E000D1F8BC30574923F03F0343F00103C0F85F
:1018F000BC3002610567C0F880404567C0F884408D
:101900000224036823F00203036081614E4B4F49B8
:10191000C46143F8042B8B42FBD1434C236843F052
:1019200001032360256815F00105FBD1454802221B
:1019300040F2F561A06140F29940E26140F26642F6
:10194000C4F8001242F20141C4F81022404AC4F81F
:101950002002C4F8302240F23542C4F834123D4827
:10196000C4F840223C4AC4F850022846C4F8542225
:1019700042F201223949C4F86012C4F86422FFF728
:101980004BFE0246002839D0810201234FF480200B
:1019900021662549C4F8A050C4F8A400C4F8B030AA
:1019A0004B69D807FCD515050124039228464C61E4
:1019B000FFF732FE039A2A4B0244D2B21A7080B16A
:1019C000194980024FF4802348660846C1F8A050A8
:1019D000C1F8A430C1F8B0404369DB07FCD501234E
:1019E000436120490024204801230094401A00EB61
:1019F00002521E4800F0ECF905B030BD1B4B1849EF
:101A000018600870D860C3E9010005B030BD00BFA0
:101A100000801F40F910010000841F4000C00F40EB
:101A2000FFFCFF1F0003008000402A4000802A4086
:101A30001200FFFFFF37F70000FFF07C400000803E
:101A4000FF000F83F05AF05A00422A4000432A4018
:101A50009F041830EB06180A063201263806180AC9
:101A6000FA67002000000070000000705867002036
:101A7000F9B00100F970010010B5174A4FF4805415
:101A80004FF4005E4FF4404C4FF4803043F242017B
:101A9000136913F0020F0DD113F4005F0FD013F48C
:101AA000805F0FD0002BF3DA13F4803F0CD15B067C
:101AB0000ED510BDC2F818C050619161E8E7C2F8B8
:101AC00014E0E5E75461E3E74FF480339361DFE727
:101AD00040235361DCE700BF00800D40414A0320F2
:101AE0004149F3EE095AD2F880309FED406A23F065
:101AF00001039FED3F5ADFF814C100B5C2F88030F2
:101B0000C2F89000D1F8E010DFF804E1CBB2394818
:101B1000CEF8003007EE903A0B0DC1F30B21F8EE32
:101B2000E77A06EE903A07EE101A334BB8EEC77A12
:101B3000CCF80010F8EEE66A304937EEC66A37EEA8
:101B4000C55A76EEC76A77EEE57A26EE266AC3EDC9
:101B5000006A25EE265AD2F8803067EEA64AC0ED1C
:101B6000007AC6EE275A264885EE276AC4EEA76A91
:101B700075EE875AFCEEE55A36EE076A15EE90CA06
:101B8000BCEEC66A43EA0C5376EE877AC2F8803020
:101B900016EE103AD2F890C1FCEEE77A01EA034162
:101BA00041EA0C014FF0000C17EE903AC2F8901188
:101BB000C3F30B03D2F890110B431249C2F89031D2
:101BC000D2F8803043F00203C2F880300E4B80F828
:101BD00040C0C1F840314FF0E0230122C3F8082192
:101BE00000BD00BF00810D4000441F400000AA421C
:101BF0000000B442C0670020C46700200000FF0F4F
:101C000000E400E00018002035990000B8670020CB
:101C1000BC670020314B40F6617210B5C3F820213B
:101C200040F2044400F0C8F82D4A2E49D2F8803022
:101C30002D4843F00303C2F880302C4BC1F86041BB
:101C400002681A4203D1D1F8A8319A071BD0254A5D
:101C50004FF00041244B5963D2F8403143F0020366
:101C6000C2F84031D2F840319B07FBD44FF400302A
:101C70004FF0E0211C4B4FF00042C1F88C021920BC
:101C80009A6300F09DF8184B0021164C4FF08042EB
:101C90000A209A634FF420721960C4F8A80114480E
:101CA00000F092F84FF4800203464FF4810040F2B6
:101CB00043111860C4F858311A640E4B0E4AC4F828
:101CC0004811C3F804224FF0E0224FF40031012301
:101CD000C2F80C11C4F8403110BD00BF00800D40A7
:101CE00000C00F4000002E4000900D40001C1E0060
:101CF0000000002000180020399B000008B50E4BA2
:101D00001B6E9B0700D4FBBE72B60C4B00200C4A26
:101D1000C3F8400103F160430A49A3F55F2311644E
:101D20009D46BFF34F8F4FF40013074A0748DB6906
:101D300002609B68984700BF00441F4000002E408F
:101D400000C00A4003002000000012EB00802020A9
:101D50000F4B40F2376C0F4AA020D96E41F440314E
:101D6000D966D96E41F44071D966C2F844C0906416
:101D7000936C1B06FCD4084A40F23761A0235164DF
:101D80009364936C13F08003FBD1044A1370704783
:101D900000C00F4000400C4000800C40F96700205C
:101DA000F8B500BFF8BC08BC9E46704700000000B4
:101DB0005FF800F0FD8F00005FF800F0A5A20000C2
:101DC0005FF800F0119300005FF800F011BB000015
:101DD0005FF800F041AC00005FF800F041940000B3
:101DE0005FF800F0E9BC00005FF800F061960000C9
:041DF00045000000AA
:101DF4001603550053004200200053006500720092
:101E0400690061006C00000018035400650065005F
:101E14006E00730079006400750069006E006F0045
:101E24000403090409026200030100C032080B0024
:101E3400020202010009040000010202010005245B
:101E440000100105240101010424020605240600F2
:101E5400010705820310001009040100020A0000B2
:101E64000007050302400000070584024000000942
:101E740004020002FF6AFF00070581024000010717
:101E8400050102400001000009026200030100C0D4
:101E940032080B00020202010009040000010202E0
:101EA4000100052400100105240101010424020697
:101EB400052406000107058203100005090401003A
:101EC400020A00000007050302000200070584025D
:101ED4000002000904020002FF6AC700070581022C
:101EE4000002010705010200020100000A060002C7
:081EF400EF02014001000000B3
:101EFC0000000000000000000000000000000000D6
:101F0C0000000000000000000000000000000000C5
:101F1C000548064B1B1AD90F01EBA301491002D03F
:101F2C00034B03B118477047C01A0020C01A002099
:101F3C000000000008B5054B1BB105490548AFF37F
:101F4C000080BDE80840FFF7E3BF00BF00000000C1
:101F5C006867002000600160144B4FF00072144958
:101F6C00C3F8842003F18D73DFF84CC003F58F3375
:101F7C004868DCF800208333A3FB0232920C4B68D8
:101F8C001B1A9A42FBD8094A4FF00070094BC2F851
:101F9C0088004868DCF800200549A3FB0232920C4B
:101FAC004B681B1A9A42FBD8704700BF00C0004216
:101FBC00001000E083DE1B434C13002040EA8160DC
:101FCC00074B40F0007218601A6000BF00BF00BFE2
:101FDC0000BF186000BF00BF00BF00BF704700BF4C
:101FEC0000C0004240EA8160084B40F0007218606B
:101FFC001A6000BF00BF00BF00BF00BF186000BF69
:10200C0000BF00BF00BF00BF704700BF00C0004250
:10201C0040EA8160094B40F0007218601A6000BF02
:10202C0000BF00BF00BF00BF00BF186000BF00BFF3
:10203C0000BF00BF00BF00BF704700BF00C0004220
:10204C00F8B501210746342007240B4E4FF080656C
:10205C0009F02CF905E0C6F88450FFF77DFF013C30
:10206C0009D347FA04F3DB07F5D4C6F88850FFF719
:10207C0073FF013CF5D2F8BD00C0004270B50546B7
:10208C000E463024E0B20134012109F00FF9372C4F
:10209C00F8D10121022009F009F90121032009F0EE
:1020AC0005F90121042009F001F90121052009F0AD
:1020BC00FDF82B4A2B4B022D116841EA03031360E8
:1020CC0026D0002D14BF4FF480014FF08071264BA9
:1020DC00264A19601570264B2649274A1E70274B35
:1020EC0048681268A3FB0232920C02EB42024B6866
:1020FC001B1A9A42FBD81A4B21491C68214A2140D1
:10210C0021480A4302605A6842F07D525A6070BD01
:10211C00F4074FF0100312D4B007C2F88830104BFC
:10212C004FF0200212D57107C3F884200C4B4FF0EE
:10213C00400212D5C3F884204FF48071C7E7B00772
:10214C00C2F88430064B4FF02002ECD47107C3F870
:10215C008820034B4FF04002ECD4C3F88820EBE707
:10216C0000C000420001400124140020F56700204B
:10217C00F3670020001000E04C13002083DE1B43AB
:10218C00FFFEBFCC0001403170450020084A137897
:10219C0063B1002102E012F8013F3BB1202BFAD1D0
:1021AC0001318142F7D1501C0AF002BD184670472C
:1021BC00744500202DE9F04F87B00092002A00F002
:1021CC00CD8080466B4B0D466B4F4FEA181218684A
:1021DC004FEA184AC3464FEA185303924FEA18398C
:1021EC0008F00F02654E4FEA1828654C02930492D2
:1021FC00CDF814A0626840F00120624B42F07D5291
:10220C0040F4800019686260009A5F4B8A4228BFD4
:10221C000A46196820EA010020F0785AC4F800A098
:10222C00396839B14FF0000C00BF0CF1010C3B6860
:10223C009C45F9D30E2150460192FFF7D3FE0B219A
:10224C005046FFF7CFFE029B504603F00F01FFF7FD
:10225C00C9FE059B504603F00F01FFF7C3FE09F0C2
:10226C000F015046FFF7BEFE08F00F015046FFF776
:10227C00B9FE039B504603F00F01FFF7B3FE049920
:10228C005046FFF7AFFE6168019A21F07051616012
:10229C003168B1B14AF000734FF0000C5046236026
:1022AC0000BF00BF00BF00BF00BF206000BF00BF69
:1022BC0000BF00BF00BF0CF1010C31686145EED8C6
:1022CC008246002A4DD002EB050E9446013D4AF0A1
:1022DC0000720EF1FF385346226000BF00BF00BFF2
:1022EC0000BF00BFA068236000BF00BF00BF00BFDD
:1022FC0000BF226000BF00BF00BF00BF00BFA168CD
:10230C00236000BF00BF00BF00BF00BF800EC1F341
:10231C00836141EA001105F8011F4545DCD1154BDD
:10232C001868009B20606168B3EB0C0341F07D5191
:10233C006160009312D0E34475464FEA1B534FEA99
:10234C001B3902934FEA1B434FEA1B2805934FEAB4
:10235C001B1303930BF00F0304934BE707B0BDE87B
:10236C00F08F044B18682060626842F07D52626006
:10237C0040E700BF70450020B44500202814002021
:10238C0000C0004220140020241400202DE9F04F3E
:10239C0087B00092002A00F0D38080466E4B0D4629
:1023AC006E4F4FEA181218684FEA184AC3464FEAA4
:1023BC00185303924FEA183908F00F02684E4FEA8F
:1023CC001828684C02930492CDF814A0626840F06F
:1023DC000120654B42F07D5240F480001968626028
:1023EC00009A624B8A4228BF0A46196820EA01000B
:1023FC0020F0785AC4F800A0396839B14FF0000CBD
:10240C0000BF0CF1010C3B689C45F9D30E215046E2
:10241C000192FFF7FDFD0B215046FFF7F9FD029BE2
:10242C00504603F00F01FFF7F3FD059B504603F0F8
:10243C000F01FFF7EDFD09F00F015046FFF7E8FD26
:10244C0008F00F015046FFF7E3FD039B504603F0E5
:10245C000F01FFF7DDFD04995046FFF7D9FD6168C8
:10246C00019A21F0705161603168C1B14AF000737A
:10247C004FF0000C5046236000BF00BF00BF00BFF0
:10248C0000BF00BF206000BF00BF00BF00BF00BF87
:10249C0000BF0CF1010C31686145ECD88246002A72
:1024AC0051D002EB050E9446013D4AF000720EF13C
:1024BC00FF385346226000BF00BF00BF00BF00BF03
:1024CC0000BFA068236000BF00BF00BF00BF00BFFB
:1024DC0000BF226000BF00BF00BF00BF00BF00BF35
:1024EC00A168236000BF00BF00BF00BF00BF00BFDA
:1024FC00800EC1F3836141EA001105F8011F4545C7
:10250C00D8D1154B1868009B20606168B3EB0C03A5
:10251C0041F07D516160009312D0E34475464FEA5F
:10252C001B534FEA1B3902934FEA1B434FEA1B28FC
:10253C0005934FEA1B1303930BF00F03049345E72A
:10254C0007B0BDE8F08F044B18682060626842F059
:10255C007D5262603AE700BF70450020B445002010
:10256C002814002000C00042201400202414002055
:10257C00002A00F0B180594B2DE9F04F064687B088
:10258C0093461868320CDFF864A1554D370D05924F
:10259C00320B544C0492320A02923209019206F028
:1025AC000F0203920A46616840F001204E4B41F045
:1025BC007D5140F480001B686160DAF800105B45C7
:1025CC0020EA010028BF5B4620F078599846C4F8F1
:1025DC000090296839B14FF0000C00BF0CF1010CD0
:1025EC002B689C45F9D3032148460092FFF7FAFC6F
:1025FC0008214846FFF7F6FC07F00F014846FFF7A5
:10260C00F1FC059B484603F00F01FFF7EBFC049B24
:10261C00484603F00F01FFF7E5FC029B484603F028
:10262C000F01FFF7DFFC019B484603F00F01FFF79A
:10263C00D9FC03994846FFF7D5FC009AB8F1000F76
:10264C0043D008EB0203571E03F1FF3C17F8012F90
:10265C00120949EA826242F000712260216000BFD7
:10266C0000BF00BF00BF00BF226000BF00BF00BFA3
:10267C0000BF00BF3A7802F00F0249EA826242F0D2
:10268C0000712260216000BF00BF00BF00BF00BF0F
:10269C00226000BF00BF00BF00BF00BF6745D5D19F
:1026AC000E4ABBEB080B1068206012D046441A4649
:1026BC00330C370D0593330B0493330A0293330910
:1026CC00019306F00F0303936DE7044B1868206029
:1026DC0069E707B0BDE8F08F704700BF7045002078
:1026EC00B445002000C00042201400202414002017
:1026FC0000B507228E46DFF84CC04EFA02F39B065B
:10270C0003F08063034343F00071CCF80030CCF845
:10271C00001000BF00BF00BF00BF00BF00BF00BF64
:10272C0000BF00BF00BFCCF8003000BF00BF00BF2F
:10273C0000BF00BF00BF00BF00BF00BF00BF013A19
:10274C00DBD200BD00C00042002A00F0B5805B4B1C
:10275C002DE9F04F064687B093461868320CDFF827
:10276C006CA1574D370D0592320B564C0492320A20
:10277C0002923209019206F00F0203920A46616836
:10278C0040F00120504B41F07D5140F480001B681B
:10279C006160DAF800105B4520EA010028BF5B4657
:1027AC0020F078599846C4F80090296839B14FF058
:1027BC00000C00BF0CF1010C2B689C45F9D30321D4
:1027CC0048460092FFF724FC08214846FFF720FCFE
:1027DC0007F00F014846FFF71BFC059B484603F02A
:1027EC000F01FFF715FC049B484603F00F01FFF7A0
:1027FC000FFC029B484603F00F01FFF709FC019BFD
:10280C00484603F00F01FFF703FC03994846FFF716
:10281C00FFFB009AB8F1000F47D008EB0203571EDC
:10282C0003F1FF3C17F8012F120949EA826242F0CA
:10283C0000712260216000BF00BF00BF00BF00BF5D
:10284C0000BF226000BF00BF00BF00BF00BF00BFC1
:10285C003A7802F00F0249EA826242F0007122607B
:10286C00216000BF00BF00BF00BF00BF00BF2260DF
:10287C0000BF00BF00BF00BF00BF00BF6745D1D184
:10288C000E4ABBEB080B1068206012D046441A4667
:10289C00330C370D0593330B0493330A029333092E
:1028AC00019306F00F03039369E7044B186820604B
:1028BC0065E707B0BDE8F08F704700BF704500209A
:1028CC00B445002000C00042201400202414002035
:1028DC00002A00F0E780744B2DE9F04F064687B0D4
:1028EC0093461868320CDFF8D0A1704D370D059265
:1028FC00320B6F4C0492320A02923209019206F0AA
:10290C000F0203920A46616840F00120694B41F0C6
:10291C007D5140F480001B686160DAF800105B4563
:10292C0020EA010028BF5B4620F078599846C4F88D
:10293C000090296839B14FF0000C00BF0CF1010C6C
:10294C002B689C45F9D349F0406149F060630092D3
:10295C002160236000BF00BF00BF00BF216000BF2B
:10296C0000BF00BF00BF49F0005149F0085321607F
:10297C00236000BF00BF00BF00BF216000BF00BFCD
:10298C0000BF00BF07F00F014846FFF717FB059B80
:10299C00484603F00F01FFF711FB049B484603F078
:1029AC000F01FFF70BFB029B03F00F0149EA81615A
:1029BC0041F000732160236000BF00BF00BF00BF67
:1029CC00216000BF00BF00BF00BF019B03F00F01DF
:1029DC0049EA816141F000732160236000BF00BFB0
:1029EC0000BF00BF216000BF00BF00BF00BF039B42
:1029FC0049EA836141F000732160236000BF00BF8E
:102A0C0000BF00BF216000BF00BF00BF00BF009A25
:102A1C00B8F1000F3FD008EB0203571E03F1FF3C47
:102A2C0017F8012F120949EA826242F00071226004
:102A3C00216000BF00BF00BF00BF226000BF00BF0D
:102A4C0000BF00BF3A7802F00F0249EA826242F0FE
:102A5C0000712260216000BF00BF00BF00BF226078
:102A6C0000BF00BF00BF00BF6745D9D10E4ABBEB0A
:102A7C00080B1068206012D046441A46330C370DF0
:102A8C000593330B0493330A02933309019306F035
:102A9C000F03039337E7044B1868206033E707B044
:102AAC00BDE8F08F704700BF70450020B445002092
:102ABC0000C0004220140020241400202DE9F04F07
:102ACC0087B00092002A00F0F18080467D4B0D46C5
:102ADC007D4F18684FEA18534FEA184A7B4E029301
:102AEC004FEA18234FEA1839794C04934FEA18131C
:102AFC00039308F00F030593764B40F00120009AE6
:102B0C001B6840F4800061689A4241F07D5128BFF7
:102B1C001A46714B61601968934620EA010020F057
:102B2C0078502060396839B14FF0000C00BF0CF1BF
:102B3C00010C3B689C45F9D340F0605140F0685360
:102B4C002160236000BF00BF00BF00BF216000BF39
:102B5C0000BF00BF00BF40F0305140F0385321603F
:102B6C00236000BF00BF00BF00BF216000BF00BFDB
:102B7C0000BF00BF029B03F00F0140EA816141F0EE
:102B8C0000732160236000BF00BF00BF00BF216045
:102B9C0000BF00BF00BF00BF0AF00F0140EA816117
:102BAC0041F000732160236000BF00BF00BF00BF75
:102BBC00216000BF00BF00BF00BF09F00F010190F2
:102BCC00FFF7FCF9049B019803F00F01FFF7F6F9EE
:102BDC00039B019803F00F01FFF7F0F90599019899
:102BEC00FFF7ECF96168019821F070516160316870
:102BFC0091B140F000734FF0000C236000BF00BF98
:102C0C0000BF00BF206000BF00BF00BF00BF0CF1C1
:102C1C00010C32686245F0D8BBF1000F49D00BEBC8
:102C2C00050140F00072013D01F1FF3C226000BF44
:102C3C0000BF00BF00BFD4F808E0206000BF00BF99
:102C4C0000BF00BF226000BF00BF00BF00BFA36871
:102C5C00206000BF00BF00BF00BF4FEA9E6EC3F3F1
:102C6C00836343EA0E1305F8013F6545DED1154B2E
:102C7C0018682060636843F07D536360009BB3EB7E
:102C8C000B03009312D0D8440D464FEA18534FEA69
:102C9C00184A02934FEA18234FEA183904934FEA63
:102CAC001813039308F00F03059325E707B0BDE84D
:102CBC00F08F044B18682060616841F07D516160B1
:102CCC001AE700BF70450020B445002028140020EE
:102CDC0000C00042201400202414002000BF00BFBC
:102CEC0000BF00BF00BF00BF00BF00BF704700BFE8
:102CFC0038B540EA8164074D44F000732C602B60BA
:102D0C0000BF00BFFFF7EAFF2C6000BF00BFFFF75A
:102D1C00E5FF38BD00C000422DE9F04F87B00092AE
:102D2C00002A00F0EB8080467A4B0D467A4F4FEA32
:102D3C001822C3464FEA184A186803924FEA181231
:102D4C004FEA1839754E029208F00F02744C4FEA94
:102D5C0018580492CDF814A0626840F00120714B11
:102D6C0042F07D5240F4800019686260009A6E4B0C
:102D7C008A4228BF0A46196820EA010020F0785AD6
:102D8C00C4F800A0396839B14FF0000C00BF0CF149
:102D9C00010C3B689C45F9D30E2150460192FFF77C
:102DAC00A7FF0B215046FFF7A3FF08F00F01504679
:102DBC00FFF79EFF059B504603F00F01FFF798FFAE
:102DCC0009F00F015046FFF793FF039B504603F0A9
:102DDC000F01FFF78DFF029B504603F00F01FFF729
:102DEC0087FF04995046FFF783FF6168019A21F031
:102DFC0070516160316801B34AF000734FF0000C00
:102E0C005046236000BF00BF00BF00BF00BF00BF23
:102E1C0000BF00BF00BF00BF206000BF00BF00BFED
:102E2C0000BF00BF00BF00BF00BF00BF00BF0CF160
:102E3C00010C31686145E4D88246002A61D002EB6E
:102E4C00050E9446013D4AF000720EF1FF385346D0
:102E5C00226000BF00BF00BF00BF00BF00BF00BFAB
:102E6C0000BF00BF00BFA068236000BF00BF00BF51
:102E7C0000BF00BF00BF00BF00BF00BF00BF22608B
:102E8C0000BF00BF00BF00BF00BF00BF00BF00BF3E
:102E9C0000BF00BFA168236000BF00BF00BF00BF20
:102EAC0000BF00BF00BF00BF00BF00BF800EC1F35A
:102EBC00836141EA001105F8011F4545C8D1154B46
:102ECC001868009B20606168B3EB0C0341F07D51E6
:102EDC006160009312D0E34475464FEA1B434FEAFE
:102EEC001B5805934FEA1B234FEA1B3903934FEAF8
:102EFC001B1302930BF00F0304932DE707B0BDE8EF
:102F0C00F08F044B18682060626842F07D5262605A
:102F1C0022E700BF70450020B44500202814002093
:102F2C0000C000422014002024140020002A00F0CD
:102F3C00F3807A4B2DE9F04F064687B0934618681C
:102F4C00320CDFF8E8A1764D370D0592320B754C3B
:102F5C000492320A02923209019206F00F02039295
:102F6C000A46616840F001206F4B41F07D5140F4FE
:102F7C0080001B686160DAF800105B4520EA0100F4
:102F8C0028BF5B4620F078599846C4F80090296811
:102F9C0039B14FF0000C00BF0CF1010C2B689C45B3
:102FAC00F9D349F0406149F06063009221602360DD
:102FBC0000BF00BF00BF00BF00BF00BF00BF00BF0D
:102FCC0000BF00BF216000BF00BF00BF00BF00BF3B
:102FDC0000BF00BF00BF00BF00BF49F0005149F067
:102FEC0008532160236000BF00BF00BF00BF00BFBB
:102FFC0000BF00BF00BF00BF00BF216000BF00BF0B
:10300C0000BF00BF00BF00BF00BF00BF00BF00BFBC
:10301C0007F00F014846FFF76BFE059B484603F08F
:10302C000F01FFF765FE049B484603F00F01FFF705
:10303C005FFE029B484603F00F01FFF759FE019B10
:10304C00484603F00F01FFF753FE03994846FFF77C
:10305C004FFE009AB8F1000F57D008EB0203571E31
:10306C0003F1FF3C17F8012F120949EA826242F082
:10307C0000712260216000BF00BF00BF00BF00BF15
:10308C0000BF00BF00BF00BF00BF226000BF00BF79
:10309C0000BF00BF00BF00BF00BF00BF00BF00BF2C
:1030AC003A7802F00F0249EA826242F00071226023
:1030BC00216000BF00BF00BF00BF00BF00BF00BF4A
:1030CC0000BF00BF00BF226000BF00BF00BF00BF39
:1030DC0000BF00BF00BF00BF00BF00BF6745C1D12C
:1030EC000E4ABBEB080B1068206012D046441A46FF
:1030FC00330C370D0593330B0493330A02933309C6
:10310C00019306F00F0303932BE7044B1868206020
:10311C0027E707B0BDE8F08F704700BF704500206F
:10312C00B445002000C000422014002024140020CC
:10313C00002A00F018818C4B2DE9F04F0F4689B016
:10314C001968030D0646DFF830920793030C874D80
:10315C0092460693030B864C0593030A03930309CB
:10316C00029300F00F030493636841F00121814A3C
:10317C0043F07D5341F4800110686360D9F800304E
:10318C00504521EA030128BF504621F0785B804668
:10319C00C4F800B02B682BB1002000BF01302B68A5
:1031AC009842FAD34BF040634BF060602360206090
:1031BC0000BF00BF00BF00BF00BF00BF00BF00BF0B
:1031CC00236000BF00BF00BF00BF00BF00BF00BF37
:1031DC0000BF4BF000534BF008502360019320606C
:1031EC00FFF77CFD019B236000BF00BF00BF00BF49
:1031FC0000BF00BF00BF00BF079B03F00F034BEAEB
:10320C00836343F00070236001932060FFF766FD39
:10321C00019B2360FFF762FD069B03F00F034BEA53
:10322C00836343F00070236001932060FFF756FD29
:10323C00019B2360FFF752FD059B03F00F034BEA44
:10324C00836343F00070236001932060FFF746FD19
:10325C00019B2360FFF742FD039B03F00F034BEA36
:10326C00836343F00070236001932060FFF736FD09
:10327C00019B2360FFF732FD029B03F00F034BEA27
:10328C00836343F00070236001932060FFF726FDF9
:10329C00019B2360FFF722FD049B4BEA836343F001
:1032AC000070236001932060FFF718FD019B2360E1
:1032BC00FFF714FDB8F1000F4ED0781E474407F10C
:1032CC00FF3C10F8013F1B094BEA836343F000728B
:1032DC002360226000BF00BF00BF00BF00BF00BF63
:1032EC0000BF00BF236000BF00BF00BF00BF00BF16
:1032FC0000BF00BF00BF037803F00F034BEA8363EA
:10330C0043F000722360226000BF00BF00BF00BF0B
:10331C0000BF00BF00BF00BF236000BF00BF00BFE5
:10332C0000BF00BF00BF00BF00BF6045C9D10E4B3E
:10333C00BAEB080A1968216012D04644330D079382
:10334C00330C0693330B0593330A0393330902931F
:10335C0006F00F03049307E7034B1968216003E79A
:10336C0009B0BDE8F08F704770450020B4450020CF
:10337C0000C00042201400202414002038B540EA7C
:10338C008164154D44F000732C602B6000BF00BFAE
:10339C0000BF00BF00BF00BF00BF00BF00BF00BF29
:1033AC0000BF00BF00BF00BF00BF00BFFFF796FC0F
:1033BC002C6000BF00BF00BF00BF00BF00BF00BF3C
:1033CC0000BF00BF00BF00BF00BF00BF00BF00BFF9
:1033DC0000BFFFF783FC38BD00C00042002A00F09C
:1033EC0035819B4B2DE9F04F1D6889B0030D0E46BE
:1033FC00814693460793030C96490693030BDFF81B
:10340C0064820593030A944F03930309934C02932C
:10341C0000F00F030493636845F00125904A43F0D4
:10342C007D5345F48005126863600B685A4525EAA4
:10343C00030528BF5A4625F0785592462560D8F8E2
:10344C00003033B1002200BF0132D8F800309A426C
:10345C00F9D345F0605345F0685223600193226024
:10346C00FFF73CFC019B2360FFF738FC45F0305321
:10347C0045F03852236001932260FFF72FFC019B2B
:10348C002360FFF72BFC079B03F00F0345EA8363D4
:10349C0043F00072236001932260FFF71FFC019B35
:1034AC002360FFF71BFC069B03F00F0345EA8363C5
:1034BC0043F00072236001932260FFF70FFC019B25
:1034CC002360FFF70BFC059B03F00F0345EA8363B6
:1034DC0043F00072236001932260FFF7FFFB019B16
:1034EC002360FFF7FBFB039B03F00F0345EA8363A9
:1034FC0043F00072236001932260FFF7EFFB019B06
:10350C002360FFF7EBFB029B03F00F0345EA836399
:10351C0043F00072236001932260FFF7DFFB019BF5
:10352C002360FFF7DBFB049B45EA836343F00072E7
:10353C00236001932260FFF7D1FB019B2360FFF70F
:10354C00CDFB6368434923F0705363603B68C3B1A0
:10355C0045F000700022206000BF00BF00BF00BF1C
:10356C0000BF00BF00BF00BF256000BF00BF00BF91
:10357C0000BF00BF00BF00BF00BF01323B689342D9
:10358C00E9D8BAF1000F56D00AEB060045F00072EC
:10359C00013E00F1FF3C226000BF00BF00BF00BF36
:1035AC0000BF00BF00BF00BFD4F808E0256000BF1B
:1035BC0000BF00BF00BF00BF00BF00BF00BF226044
:1035CC0000BF00BF00BF00BF00BF00BF00BF00BFF7
:1035DC00A368256000BF00BF00BF00BF00BF00BFD5
:1035EC0000BF00BF4FEA9E6EC3F3836343EA0E1322
:1035FC0006F8013F6645CED1154BBBEB0A0B1D6897
:10360C002560636843F07D5363601CD0D14406464B
:10361C004FEA195307934FEA194306934FEA1933AC
:10362C0005934FEA192303934FEA1913029309F0F8
:10363C000F030493EFE6064B1D682560636843F0A7
:10364C007D536360E7E609B0BDE8F08F704700BFBB
:10365C0070450020241400202814002000C00042D3
:10366C0020140020B445002038B540EA81640B4D8D
:10367C0044F000732C602B6000BF00BF00BF00BF84
:10368C0000BF00BFFFF72AFB2C6000BF00BF00BFCC
:10369C0000BF00BF00BFFFF721FB38BD00C00042D8
:1036AC002DE9F04F87B00092002A00F0048180468B
:1036BC00864B0D46864F4FEA1822C3464FEA184AEE
:1036CC00186803924FEA18124FEA1839814E029289
:1036DC0008F00F02804C4FEA18580492CDF814A051
:1036EC00626840F001207D4B42F07D5240F4800036
:1036FC0019686260009A7A4B8A4228BF0A46196898
:10370C0020EA010020F0785AC4F800A0396839B1D9
:10371C004FF0000C00BF0CF1010C3B689C45F9D339
:10372C000E2150460192FFF79FFF0B215046FFF7E9
:10373C009BFF08F00F015046FFF796FF059B504684
:10374C0003F00F01FFF790FF09F00F015046FFF750
:10375C008BFF039B504603F00F01FFF785FF029B85
:10376C00504603F00F01FFF77FFF04995046FFF717
:10377C007BFF6168019A21F070516160316800290A
:10378C0028D04AF000734FF0000C5046236000BF65
:10379C0000BF00BF00BF00BF00BF00BF00BF00BF25
:1037AC0000BF00BF00BF00BF00BF206000BF00BF54
:1037BC0000BF00BF00BF00BF00BF00BF00BF00BF05
:1037CC0000BF00BF00BF00BF0CF1010C31686145A8
:1037DC00DCD88246002A71D002EB050E9446013DDE
:1037EC004AF000720EF1FF385346226000BF00BF52
:1037FC0000BF00BF00BF00BF00BF00BF00BF00BFC5
:10380C0000BF00BF00BF00BFA068236000BF00BFA7
:10381C0000BF00BF00BF00BF00BF00BF00BF00BFA4
:10382C0000BF00BF00BF00BF226000BF00BF00BFD1
:10383C0000BF00BF00BF00BF00BF00BF00BF00BF84
:10384C0000BF00BF00BFA168236000BF00BF00BF66
:10385C0000BF00BF00BF00BF00BF00BF00BF00BF64
:10386C0000BF00BF00BF800EC1F3836141EA0011AD
:10387C0005F8011F4545B8D1144B1868009B206012
:10388C006168B3EB0C0341F07D516160009312D081
:10389C00E34475464FEA1B434FEA1B5805934FEA26
:1038AC001B234FEA1B3903934FEA1B1302930BF0B4
:1038BC000F03049314E707B0BDE8F08F034B1868AF
:1038CC002060626842F07D52626009E7704500201A
:1038DC00B44500202814002000C000422014002011
:1038EC002414002038B540EA8164114D44F0007373
:1038FC002C602B6000BF00BF00BF00BF00BF00BF2B
:10390C0000BF00BF00BF00BF00BF00BFFFF7E6F95C
:10391C002C6000BF00BF00BF00BF00BF00BF00BFD6
:10392C0000BF00BF00BF00BF00BFFFF7D7F938BD15
:10393C0000C00042002A00F064811C4B2DE9F04FBE
:10394C000F4689B01968030D0646DFF8709007938F
:10395C00030C174D92460693030B164C0593030A62
:10396C0003930309029300F00F030493636841F07F
:10397C000121114A43F07D5341F4800110686360CA
:10398C00D9F80030504521EA030128BF504621F0F8
:10399C00785B8046C4F800B02B688BB1002000BF68
:1039AC0001302B689842FAD30AE000BF7045002022
:1039BC00B445002000C00042201400202414002034
:1039CC004BF040634BF0606023600193206000BFBC
:1039DC0000BF00BF00BFFFF781F9019B236000BF50
:1039EC0000BF00BF00BFFFF779F94BF000534BF05D
:1039FC00085023600193206000BF00BF00BF00BFD0
:103A0C00FFF76CF9019B236000BF00BF00BF00BF34
:103A1C00FFF764F9079B03F00F034BEA836343F052
:103A2C00007023600193206000BF00BF00BF00BF87
:103A3C00FFF754F9019B236000BF00BF00BF00BF1C
:103A4C00FFF74CF9069B03F00F034BEA836343F03B
:103A5C00007023600193206000BF00BF00BF00BF57
:103A6C00FFF73CF9019B236000BF00BF00BF00BF04
:103A7C00FFF734F9059B03F00F034BEA836343F024
:103A8C00007023600193206000BF00BF00BF00BF27
:103A9C00FFF724F9019B236000BF00BF00BF00BFEC
:103AAC00FFF71CF9039B03F00F034BEA836343F00E
:103ABC00007023600193206000BF00BF00BF00BFF7
:103ACC00FFF70CF9019B236000BF00BF00BF00BFD4
:103ADC00FFF704F9029B03F00F034BEA836343F0F7
:103AEC00007023600193206000BF00BF00BF00BFC7
:103AFC00FFF7F4F8019B236000BF00BF00BF00BFBD
:103B0C00FFF7ECF8049B4BEA836343F000702360EF
:103B1C000193206000BF00BF00BF00BFFFF7DEF8BD
:103B2C00019B236000BF00BF00BF00BFFFF7D6F8AA
:103B3C00B8F1000F5ED0781E474407F1FF3C10F837
:103B4C00013F1B094BEA836343F000722360226040
:103B5C0000BF00BF00BF00BF00BF00BF00BF00BF61
:103B6C0000BF00BF00BF00BF236000BF00BF00BF8D
:103B7C0000BF00BF00BF00BF00BF00BF00BF00BF41
:103B8C0000BF037803F00F034BEA836343F000722A
:103B9C002360226000BF00BF00BF00BF00BF00BF9A
:103BAC0000BF00BF00BF00BF00BF00BF236000BF4D
:103BBC0000BF00BF00BF00BF00BF00BF00BF00BF01
:103BCC0000BF00BF00BF6045B9D10E4BBAEB080A6D
:103BDC001968216012D04644330D0793330C0693B9
:103BEC00330B0593330A03933309029306F00F0347
:103BFC000493BBE6034B19682160B7E609B0BDE836
:103C0C00F08F704770450020002A00F09C818D4B8E
:103C1C002DE9F04F1D6889B0030D0E468146934681
:103C2C000793030C88490693030BDFF82C8205934A
:103C3C00030A864F03930309854C029300F00F038C
:103C4C000493636845F00125824A43F07D5345F4A3
:103C5C008005126863600B685A4525EA030528BF86
:103C6C005A4625F0785592462560D8F8003033B185
:103C7C00002200BF0132D8F800309A42F9D345F047
:103C8C00605345F0685223600193226000BF00BF6F
:103C9C0000BF00BFFFF722F8019B236000BF00BFED
:103CAC0000BF00BFFFF71AF845F0305345F038520B
:103CBC0023600193226000BF00BF00BF00BFFFF76D
:103CCC000DF8019B236000BF00BF00BF00BFFFF7D2
:103CDC0005F8079B03F00F0345EA836343F000727A
:103CEC0023600193226000BF00BF00BF00BFFEF73E
:103CFC00F5FF019B236000BF00BF00BF00BFFEF7B4
:103D0C00EDFF069B03F00F0345EA836343F000725B
:103D1C0023600193226000BF00BF00BF00BFFEF70D
:103D2C00DDFF019B236000BF00BF00BF00BFFEF79B
:103D3C00D5FF059B03F00F0345EA836343F0007244
:103D4C0023600193226000BF00BF00BF00BFFEF7DD
:103D5C00C5FF019B236000BF00BF00BF00BFFEF783
:103D6C00BDFF039B03F00F0345EA836343F000722E
:103D7C0023600193226000BF00BF00BF00BFFEF7AD
:103D8C00ADFF019B236000BF00BF00BF00BFFEF76B
:103D9C00A5FF029B03F00F0345EA836343F0007217
:103DAC0023600193226000BF00BF00BF00BFFEF77D
:103DBC0095FF019B236000BF00BF00BF00BFFEF753
:103DCC008DFF049B45EA836343F0007223600193EB
:103DDC00226000BF00BF00BF00BFFEF77FFF019B4A
:103DEC00236000BF00BF00BF00BFFEF777FF636812
:103DFC00154923F0705363603B68002B2ED045F0BF
:103E0C0000700022206000BF00BF00BF00BF00BFD9
:103E1C0000BF00BF00BF00BF00BF00BF00BF2560D8
:103E2C0000BF00BF00BF00BF00BF00BF00BF00BF8E
:103E3C0000BF00BF00BF00BF01323B689342E1D816
:103E4C000CE000BF70450020241400202814002032
:103E5C0000C0004220140020B4450020BAF1000F2D
:103E6C0066D00AEB060045F00072013E00F1FF3C03
:103E7C00226000BF00BF00BF00BF00BF00BF00BF7B
:103E8C0000BF00BF00BF00BF00BFD4F808E0256032
:103E9C0000BF00BF00BF00BF00BF00BF00BF00BF1E
:103EAC0000BF00BF00BF00BF226000BF00BF00BF4B
:103EBC0000BF00BF00BF00BF00BF00BF00BF00BFFE
:103ECC0000BFA368256000BF00BF00BF00BF00BFDC
:103EDC0000BF00BF00BF00BF00BF00BF00BF4FEA64
:103EEC009E6EC3F3836343EA0E1306F8013F6645E7
:103EFC00BED1154BBBEB0A0B1D682560636843F004
:103F0C007D5363601CD0D14406464FEA1953079386
:103F1C004FEA194306934FEA193305934FEA1923D5
:103F2C0003934FEA1913029309F00F03049388E6E5
:103F3C00054B1D682560636843F07D53636080E624
:103F4C0009B0BDE8F08F70477045002038B540EAE5
:103F5C0081642D4D44F000732C602B6000BF00BFBA
:103F6C0000BF00BF00BF00BF00BF00BF00BF00BF4D
:103F7C0000BF00BF00BF00BF00BF00BF00BF00BF3D
:103F8C0000BF00BF00BF00BF00BF00BF00BF00BF2D
:103F9C0000BF00BF00BF00BF00BF00BF00BF00BF1D
:103FAC0000BF00BF00BF00BF00BF00BFFEF796FE02
:103FBC002C6000BF00BF00BF00BF00BF00BF00BF30
:103FCC0000BF00BF00BF00BF00BF00BF00BF00BFED
:103FDC0000BF00BF00BF00BF00BF00BF00BF00BFDD
:103FEC0000BF00BF00BF00BF00BF00BF00BF00BFCD
:103FFC0000BF00BF00BF00BF00BF00BF00BF00BFBD
:10400C0000BFFEF76BFE38BD00C000422DE9F04F3B
:10401C0087B00092002A00F0DE8182461B4B0D46D1
:10402C001B4F18684FEA1A534FEA1A39194E059369
:10403C004FEA1A434FEA1A18174C04934FEA1A2303
:10404C0002930AF00F030393626840F00120134BB4
:10405C0042F07D5240F4800019686260009A104B67
:10406C008A4228BF0A46196820EA010020F0785BD2
:10407C00C4F800B03968A9B14FF0000C00BF0CF1C6
:10408C00010C3B689C45F9D30CE000BF7045002047
:10409C00B44500202814002000C000422014002049
:1040AC00241400200E2158460192FFF74FFF0B21DC
:1040BC005846FFF74BFF059B584603F00F01FFF7DF
:1040CC0045FF049B584603F00F01FFF73FFF09F033
:1040DC000F015846FFF73AFF029B584603F00F01B9
:1040EC00FFF734FF08F00F015846FFF72FFF039935
:1040FC005846FFF72BFF6168019A21F070516160FF
:10410C00316800296CD04BF000734FF0000C58460E
:10411C00236000BF00BF00BF00BF00BF00BF00BFD7
:10412C0000BF00BF00BF00BF00BF00BF00BF00BF8B
:10413C0000BF00BF00BF00BF00BF00BF00BF00BF7B
:10414C0000BF00BF00BF00BF00BF00BF00BF00BF6B
:10415C0000BF00BF00BF00BF00BF00BF00BF00BF5B
:10416C0000BF00BF00BF00BF00BF00BF00BF00BF4B
:10417C0000BF206000BF00BF00BF00BF00BF00BF7A
:10418C0000BF00BF00BF00BF00BF00BF00BF00BF2B
:10419C0000BF00BF00BF00BF00BF00BF00BF00BF1B
:1041AC0000BF00BF00BF00BF00BF00BF00BF00BF0B
:1041BC0000BF00BF00BF00BF00BF00BF00BF00BFFB
:1041CC0000BF00BF00BF00BF00BF00BF00BF00BFEB
:1041DC0000BF00BF0CF1010C3168614598D88346D3
:1041EC00002A00F0FB8002EB050E9446013D4BF0DB
:1041FC0000720EF1FF385B46226000BF00BF00BFAB
:10420C0000BF00BF00BF00BF00BF00BF00BF00BFAA
:10421C0000BF00BF00BF00BF00BF00BF00BF00BF9A
:10422C0000BF00BF00BF00BF00BF00BF00BF00BF8A
:10423C0000BF00BF00BF00BF00BF00BF00BF00BF7A
:10424C0000BF00BF00BF00BF00BF00BF00BF00BF6A
:10425C0000BF00BF00BF00BF00BFA068236000BF4D
:10426C0000BF00BF00BF00BF00BF00BF00BF00BF4A
:10427C0000BF00BF00BF00BF00BF00BF00BF00BF3A
:10428C0000BF00BF00BF00BF00BF00BF00BF00BF2A
:10429C0000BF00BF00BF00BF00BF00BF00BF00BF1A
:1042AC0000BF00BF00BF00BF00BF00BF00BF00BF0A
:1042BC0000BF00BF00BF00BF00BF00BF00BF226037
:1042CC0000BF00BF00BF00BF00BF00BF00BF00BFEA
:1042DC0000BF00BF00BF00BF00BF00BF00BF00BFDA
:1042EC0000BF00BF00BF00BF00BF00BF00BF00BFCA
:1042FC0000BF00BF00BF00BF00BF00BF00BF00BFBA
:10430C0000BF00BF00BF00BF00BF00BF00BF00BFA9
:10431C0000BF00BF00BF00BF00BF00BF00BF00BF99
:10432C00A168236000BF00BF00BF00BF00BF00BF7B
:10433C0000BF00BF00BF00BF00BF00BF00BF00BF79
:10434C0000BF00BF00BF00BF00BF00BF00BF00BF69
:10435C0000BF00BF00BF00BF00BF00BF00BF00BF59
:10436C0000BF00BF00BF00BF00BF00BF00BF00BF49
:10437C0000BF00BF00BF00BF00BF00BF00BF00BF39
:10438C0000BF00BF800EC1F3836141EA001105F844
:10439C00011F45457FF430AF144B1868009B20601B
:1043AC006168B3EB0C0341F07D516160009312D056
:1043BC00E24475464FEA1A534FEA1A3905934FEA0D
:1043CC001A434FEA1A1804934FEA1A2302930AF07D
:1043DC000F03039338E607B0BDE8F08F034B186862
:1043EC002060626842F07D5262602DE670450020CC
:1043FC00002A00F01C821D4B2DE9F04F064689B0B7
:10440C0018689346330DDFF874A0194D0A460793CC
:10441C00330C184C0693330B0593330A039333096F
:10442C00029306F00F030493616840F00120124BD5
:10443C0041F07D5140F480001B686160DAF8001097
:10444C005B4520EA010028BF5B4620F0785998466E
:10445C00C4F80090296899B14FF0000C00BF0CF122
:10446C00010C2B689C45F9D30AE000BF7045002075
:10447C00B445002000C00042201400202414002069
:10448C0049F0406749F0606301922760236000BFE8
:10449C0000BF00BF00BF00BF00BF00BF00BF00BF18
:1044AC0000BF00BF00BF00BF00BF00BF00BF00BF08
:1044BC0000BF00BF00BF00BF00BF00BF00BF00BFF8
:1044CC0000BF00BF00BF00BF00BF00BF00BF00BFE8
:1044DC0000BF00BF00BF00BF00BF00BF00BFFEF7A2
:1044EC00FDFB276000BF00BF00BF00BF00BF00BFC7
:1044FC0000BF00BF00BF00BF00BF00BF00BF00BFB8
:10450C0000BF00BF00BF00BF00BF00BF00BF00BFA7
:10451C0000BF00BF00BF00BF00BF00BF00BF00BF97
:10452C0000BF00BF00BF00BF00BF00BF00BF00BF87
:10453C0000BF00BFFEF7D2FB49F0005749F008530B
:10454C002760236000BF00BF00BF00BF00BF00BFDB
:10455C0000BF00BF00BF00BF00BF00BF00BF00BF57
:10456C0000BF00BF00BF00BF00BF00BF00BF00BF47
:10457C0000BF00BF00BF00BF00BF00BF00BF00BF37
:10458C0000BF00BF00BF00BF00BF00BF00BF00BF27
:10459C0000BF00BFFEF7A2FB276000BF00BF00BF3B
:1045AC0000BF00BF00BF00BF00BF00BF00BF00BF07
:1045BC0000BF00BF00BF00BF00BF00BF00BF00BFF7
:1045CC0000BF00BF00BF00BF00BF00BF00BF00BFE7
:1045DC0000BF00BF00BF00BF00BF00BF00BF00BFD7
:1045EC0000BF00BF00BF00BF00BFFEF777FB079BFB
:1045FC00484603F00F01FFF7A9FC069B484603F061
:10460C000F01FFF7A3FC059B484603F00F01FFF7D2
:10461C009DFC039B484603F00F01FFF797FC029BA0
:10462C00484603F00F01FFF791FC04994846FFF749
:10463C008DFC019AB8F1000F00F0F28008EB020338
:10464C00571E03F1FF3C17F8012F120949EA826249
:10465C0042F000712260216000BF00BF00BF00BFAC
:10466C0000BF00BF00BF00BF00BF00BF00BF00BF46
:10467C0000BF00BF00BF00BF00BF00BF00BF00BF36
:10468C0000BF00BF00BF00BF00BF00BF00BF00BF26
:10469C0000BF00BF00BF00BF00BF00BF00BF00BF16
:1046AC0000BF00BF00BF00BF00BF00BF00BF00BF06
:1046BC0000BF00BF00BF00BF226000BF00BF00BF33
:1046CC0000BF00BF00BF00BF00BF00BF00BF00BFE6
:1046DC0000BF00BF00BF00BF00BF00BF00BF00BFD6
:1046EC0000BF00BF00BF00BF00BF00BF00BF00BFC6
:1046FC0000BF00BF00BF00BF00BF00BF00BF00BFB6
:10470C0000BF00BF00BF00BF00BF00BF00BF00BFA5
:10471C0000BF00BF00BF00BF00BF3A7802F00F021D
:10472C0049EA826242F000712260216000BF00BF42
:10473C0000BF00BF00BF00BF00BF00BF00BF00BF75
:10474C0000BF00BF00BF00BF00BF00BF00BF00BF65
:10475C0000BF00BF00BF00BF00BF00BF00BF00BF55
:10476C0000BF00BF00BF00BF00BF00BF00BF00BF45
:10477C0000BF00BF00BF00BF00BF00BF00BF00BF35
:10478C0000BF00BF00BF00BF00BF00BF226000BF62
:10479C0000BF00BF00BF00BF00BF00BF00BF00BF15
:1047AC0000BF00BF00BF00BF00BF00BF00BF00BF05
:1047BC0000BF00BF00BF00BF00BF00BF00BF00BFF5
:1047CC0000BF00BF00BF00BF00BF00BF00BF00BFE5
:1047DC0000BF00BF00BF00BF00BF00BF00BF00BFD5
:1047EC0000BF00BF00BF00BF00BF00BF00BF6745D8
:1047FC007FF429AF0E4ABBEB080B1068206013D076
:10480C0046441A46330D0793330C0693330B05932A
:10481C00330A03933309029306F00F03049303E660
:10482C00034B18682060FFE509B0BDE8F08F7047B6
:10483C0070450020002A00F0F6821C4B2DE9F04F49
:10484C000F4689B01968030D0646DFF87090079380
:10485C00030C174D92460693030B164C0593030A53
:10486C0003930309029300F00F030493636841F070
:10487C000121114A43F07D5341F4800110686360BB
:10488C00D9F80030504521EA030128BF504621F0E9
:10489C00785B8046C4F800B02B688BB1002000BF59
:1048AC0001302B689842FAD30AE000BF7045002013
:1048BC00B445002000C00042201400202414002025
:1048CC004BF040634BF0606023600193206000BFAD
:1048DC0000BF00BF00BF00BF00BF00BF00BF00BFD4
:1048EC0000BF00BF00BF00BF00BF00BF00BF00BFC4
:1048FC0000BF00BF00BF00BF00BF00BF00BFFEF77E
:10490C00EDF9019B236000BF00BF00BF00BF00BFDB
:10491C0000BF00BF00BF00BF00BF00BF00BF00BF93
:10492C0000BF00BF00BF00BF00BF00BF00BF00BF83
:10493C0000BF00BF00BFFEF7D1F94BF000534BF0A6
:10494C00085023600193206000BF00BF00BF00BF70
:10495C0000BF00BF00BF00BF00BF00BF00BF00BF53
:10496C0000BF00BF00BF00BF00BF00BF00BF00BF43
:10497C0000BF00BF00BF00BFFEF7B0F9019B236072
:10498C0000BF00BF00BF00BF00BF00BF00BF00BF23
:10499C0000BF00BF00BF00BF00BF00BF00BF00BF13
:1049AC0000BF00BF00BF00BF00BF00BF00BF00BF03
:1049BC00FEF794F9079B03F00F034BEA836343F074
:1049CC00007023600193206000BF00BF00BF00BFD8
:1049DC0000BF00BF00BF00BF00BF00BF00BF00BFD3
:1049EC0000BF00BF00BF00BF00BF00BF00BF00BFC3
:1049FC0000BF00BF00BF00BFFEF770F9019B236032
:104A0C0000BF00BF00BF00BF00BF00BF00BF00BFA2
:104A1C0000BF00BF00BF00BF00BF00BF00BF00BF92
:104A2C0000BF00BF00BF00BF00BF00BF00BF00BF82
:104A3C00FEF754F9069B03F00F034BEA836343F034
:104A4C00007023600193206000BF00BF00BF00BF57
:104A5C0000BF00BF00BF00BF00BF00BF00BF00BF52
:104A6C0000BF00BF00BF00BF00BF00BF00BF00BF42
:104A7C0000BF00BF00BF00BFFEF730F9019B2360F1
:104A8C0000BF00BF00BF00BF00BF00BF00BF00BF22
:104A9C0000BF00BF00BF00BF00BF00BF00BF00BF12
:104AAC0000BF00BF00BF00BF00BF00BF00BF00BF02
:104ABC00FEF714F9059B03F00F034BEA836343F0F5
:104ACC00007023600193206000BF00BF00BF00BFD7
:104ADC0000BF00BF00BF00BF00BF00BF00BF00BFD2
:104AEC0000BF00BF00BF00BF00BF00BF00BF00BFC2
:104AFC0000BF00BF00BF00BFFEF7F0F8019B2360B2
:104B0C0000BF00BF00BF00BF00BF00BF00BF00BFA1
:104B1C0000BF00BF00BF00BF00BF00BF00BF00BF91
:104B2C0000BF00BF00BF00BF00BF00BF00BF00BF81
:104B3C00FEF7D4F8039B03F00F034BEA836343F0B7
:104B4C00007023600193206000BF00BF00BF00BF56
:104B5C0000BF00BF00BF00BF00BF00BF00BF00BF51
:104B6C0000BF00BF00BF00BF00BF00BF00BF00BF41
:104B7C0000BF00BF00BF00BFFEF7B0F8019B236071
:104B8C0000BF00BF00BF00BF00BF00BF00BF00BF21
:104B9C0000BF00BF00BF00BF00BF00BF00BF00BF11
:104BAC0000BF00BF00BF00BF00BF00BF00BF00BF01
:104BBC00FEF794F8029B03F00F034BEA836343F078
:104BCC00007023600193206000BF00BF00BF00BFD6
:104BDC0000BF00BF00BF00BF00BF00BF00BF00BFD1
:104BEC0000BF00BF00BF00BF00BF00BF00BF00BFC1
:104BFC0000BF00BF00BF00BFFEF770F8019B236031
:104C0C0000BF00BF00BF00BF00BF00BF00BF00BFA0
:104C1C0000BF00BF00BF00BF00BF00BF00BF00BF90
:104C2C0000BF00BF00BF00BF00BF00BF00BF00BF80
:104C3C00FEF754F8049B4BEA836343F00070236047
:104C4C000193206000BF00BF00BF00BF00BF00BFCA
:104C5C0000BF00BF00BF00BF00BF00BF00BF00BF50
:104C6C0000BF00BF00BF00BF00BF00BF00BF00BF40
:104C7C0000BF00BFFEF732F8019B236000BF00BFEE
:104C8C0000BF00BF00BF00BF00BF00BF00BF00BF20
:104C9C0000BF00BF00BF00BF00BF00BF00BF00BF10
:104CAC0000BF00BF00BF00BF00BF00BFFEF716F87B
:104CBC00B8F1000F00F0B080781E474407F1FF3CBC
:104CCC0010F8013F1B094BEA836343F00072236029
:104CDC00226000BF00BF00BF00BF00BF00BF00BF0D
:104CEC0000BF00BF00BF00BF00BF00BF00BF00BFC0
:104CFC0000BF00BF00BF00BF00BF00BF00BF00BFB0
:104D0C0000BF00BF00BF00BF00BF00BF00BF00BF9F
:104D1C0000BF236000BF00BF00BF00BF00BF00BFCB
:104D2C0000BF00BF00BF00BF00BF00BF00BF00BF7F
:104D3C0000BF00BF00BF00BF00BF00BF00BF00BF6F
:104D4C0000BF00BF00BF00BF00BF00BF00BF00BF5F
:104D5C0000BF00BF037803F00F034BEA836343F0FB
:104D6C0000722360226000BF00BF00BF00BF00BF05
:104D7C0000BF00BF00BF00BF00BF00BF00BF00BF2F
:104D8C0000BF00BF00BF00BF00BF00BF00BF00BF1F
:104D9C0000BF00BF00BF00BF00BF00BF00BF00BF0F
:104DAC0000BF00BF00BF236000BF00BF00BF00BF3B
:104DBC0000BF00BF00BF00BF00BF00BF00BF00BFEF
:104DCC0000BF00BF00BF00BF00BF00BF00BF00BFDF
:104DDC0000BF00BF00BF00BF00BF00BF00BF00BFCF
:104DEC0000BF00BF00BF00BF60457FF469AF0E4B32
:104DFC00BAEB080A1968216012D04644330D0793A8
:104E0C00330C0693330B0593330A03933309029344
:104E1C0006F00F03049329E5034B1968216025E57F
:104E2C0009B0BDE8F08F704770450020002A00F0F3
:104E3C005A831C4B2DE9F04F1D6889B0030D934626
:104E4C0081460E460793030C174A0693030BDFF8B3
:104E5C0068800593030A154F03930309144C0293BE
:104E6C0000F00F030493636845F00125114943F0EA
:104E7C007D5345F48005096863601368594525EA3C
:104E8C00030528BF594625F078558A462560D8F881
:104E9C0000309BB1002100BF0131D8F8003099429D
:104EAC00F9D30BE0704500202414002028140020B6
:104EBC0000C0004220140020B445002045F060538F
:104ECC0045F0685123600193216000BF00BF00BF13
:104EDC0000BF00BF00BF00BF00BF00BF00BF00BFCE
:104EEC0000BF00BF00BF00BF00BF00BF00BF00BFBE
:104EFC0000BF00BF00BF00BF00BFFDF7EFFE019B6E
:104F0C00236000BF00BF00BF00BF00BF00BF00BFD9
:104F1C0000BF00BF00BF00BF00BF00BF00BF00BF8D
:104F2C0000BF00BF00BF00BF00BF00BF00BF00BF7D
:104F3C0000BFFDF7D3FE45F0305345F038512360E8
:104F4C000193216000BF00BF00BF00BF00BF00BFC6
:104F5C0000BF00BF00BF00BF00BF00BF00BF00BF4D
:104F6C0000BF00BF00BF00BF00BF00BF00BF00BF3D
:104F7C0000BF00BFFDF7B2FE019B236000BF00BF66
:104F8C0000BF00BF00BF00BF00BF00BF00BF00BF1D
:104F9C0000BF00BF00BF00BF00BF00BF00BF00BF0D
:104FAC0000BF00BF00BF00BF00BF00BFFDF796FEF3
:104FBC00079B03F00F0345EA836343F00071236002
:104FCC000193216000BF00BF00BF00BF00BF00BF46
:104FDC0000BF00BF00BF00BF00BF00BF00BF00BFCD
:104FEC0000BF00BF00BF00BF00BF00BF00BF00BFBD
:104FFC0000BF00BFFDF772FE019B236000BF00BF26
:10500C0000BF00BF00BF00BF00BF00BF00BF00BF9C
:10501C0000BF00BF00BF00BF00BF00BF00BF00BF8C
:10502C0000BF00BF00BF00BF00BF00BFFDF756FEB2
:10503C00069B03F00F0345EA836343F00071236082
:10504C000193216000BF00BF00BF00BF00BF00BFC5
:10505C0000BF00BF00BF00BF00BF00BF00BF00BF4C
:10506C0000BF00BF00BF00BF00BF00BF00BF00BF3C
:10507C0000BF00BFFDF732FE019B236000BF00BFE5
:10508C0000BF00BF00BF00BF00BF00BF00BF00BF1C
:10509C0000BF00BF00BF00BF00BF00BF00BF00BF0C
:1050AC0000BF00BF00BF00BF00BF00BFFDF716FE72
:1050BC00059B03F00F0345EA836343F00071236003
:1050CC000193216000BF00BF00BF00BF00BF00BF45
:1050DC0000BF00BF00BF00BF00BF00BF00BF00BFCC
:1050EC0000BF00BF00BF00BF00BF00BF00BF00BFBC
:1050FC0000BF00BFFDF7F2FD019B236000BF00BFA6
:10510C0000BF00BF00BF00BF00BF00BF00BF00BF9B
:10511C0000BF00BF00BF00BF00BF00BF00BF00BF8B
:10512C0000BF00BF00BF00BF00BF00BFFDF7D6FD32
:10513C00039B03F00F0345EA836343F00071236084
:10514C000193216000BF00BF00BF00BF00BF00BFC4
:10515C0000BF00BF00BF00BF00BF00BF00BF00BF4B
:10516C0000BF00BF00BF00BF00BF00BF00BF00BF3B
:10517C0000BF00BFFDF7B2FD019B236000BF00BF65
:10518C0000BF00BF00BF00BF00BF00BF00BF00BF1B
:10519C0000BF00BF00BF00BF00BF00BF00BF00BF0B
:1051AC0000BF00BF00BF00BF00BF00BFFDF796FDF2
:1051BC00029B03F00F0345EA836343F00071236005
:1051CC000193216000BF00BF00BF00BF00BF00BF44
:1051DC0000BF00BF00BF00BF00BF00BF00BF00BFCB
:1051EC0000BF00BF00BF00BF00BF00BF00BF00BFBB
:1051FC0000BF00BFFDF772FD019B236000BF00BF25
:10520C0000BF00BF00BF00BF00BF00BF00BF00BF9A
:10521C0000BF00BF00BF00BF00BF00BF00BF00BF8A
:10522C0000BF00BF00BF00BF00BF00BFFDF756FDB1
:10523C00049B45EA836343F0007123600193216072
:10524C0000BF00BF00BF00BF00BF00BF00BF00BF5A
:10525C0000BF00BF00BF00BF00BF00BF00BF00BF4A
:10526C0000BF00BF00BF00BF00BF00BF00BF00BF3A
:10527C00FDF734FD019B236000BF00BF00BF00BFE2
:10528C0000BF00BF00BF00BF00BF00BF00BF00BF1A
:10529C0000BF00BF00BF00BF00BF00BF00BF00BF0A
:1052AC0000BF00BF00BF00BFFDF718FD63688A4A4E
:1052BC0023F0705363603B68002B48D045F00070BE
:1052CC000021206000BF00BF00BF00BF00BF00BFB7
:1052DC0000BF00BF00BF00BF00BF00BF00BF00BFCA
:1052EC0000BF00BF00BF00BF00BF00BF00BF00BFBA
:1052FC0000BF00BF00BF00BF00BF00BF00BF00BFAA
:10530C0000BF00BF256000BF00BF00BF00BF00BFD3
:10531C0000BF00BF00BF00BF00BF00BF00BF00BF89
:10532C0000BF00BF00BF00BF00BF00BF00BF00BF79
:10533C0000BF00BF00BF00BF00BF00BF00BF00BF69
:10534C0000BF00BF00BF01313B688B42B9D8BAF136
:10535C00000F00F0B8800AEB060045F00071013E2A
:10536C0000F1FF3C216000BF00BF00BF00BF00BFC9
:10537C0000BF00BF00BF00BF00BF00BF00BF00BF29
:10538C0000BF00BF00BF00BF00BF00BF00BF00BF19
:10539C0000BF00BF00BF00BF00BF00BF00BF00BF09
:1053AC0000BF00BF00BFD4F808E0256000BF00BFFD
:1053BC0000BF00BF00BF00BF00BF00BF00BF00BFE9
:1053CC0000BF00BF00BF00BF00BF00BF00BF00BFD9
:1053DC0000BF00BF00BF00BF00BF00BF00BF00BFC9
:1053EC0000BF00BF00BF00BF00BF00BF216000BFF7
:1053FC0000BF00BF00BF00BF00BF00BF00BF00BFA9
:10540C0000BF00BF00BF00BF00BF00BF00BF00BF98
:10541C0000BF00BF00BF00BF00BF00BF00BF00BF88
:10542C0000BF00BF00BF00BF00BF00BF00BFA3682C
:10543C00256000BF00BF00BF00BF00BF00BF00BFA2
:10544C0000BF00BF00BF00BF00BF00BF00BF00BF58
:10545C0000BF00BF00BF00BF00BF00BF00BF00BF48
:10546C0000BF00BF00BF00BF00BF00BF00BF00BF38
:10547C0000BF4FEA9E6EC3F3836343EA0E1306F834
:10548C00013F66457FF46EAF144BBBEB0A0B1D68F6
:10549C002560636843F07D53636021D0D144064698
:1054AC004FEA195307934FEA194306934FEA1933FE
:1054BC0005934FEA192303934FEA1913029309F04A
:1054CC000F030493CFE4054B1D682560636843F01C
:1054DC007D536360C7E400BF241400207045002096
:1054EC0009B0BDE8F08F7047002A00F0B4811C4B66
:1054FC002DE9F04F0F4689B01968030D0646DFF809
:10550C0070900793030C174D92460693030B164CA1
:10551C000593030A03930309029300F00F0304930A
:10552C00636841F00121114A43F07D5341F480013D
:10553C0010686360D9F80030504521EA030128BF98
:10554C00504621F0785B8046C4F800B02B688BB1D4
:10555C00002000BF01302B689842FAD30AE000BF4C
:10556C0070450020B445002000C0004220140020EB
:10557C00241400204BF040634BF0606023600193D7
:10558C00206000BF00BF00BF00BF00BF00BF00BF56
:10559C0000BFFDF7A3FB019B236000BF00BF00BF52
:1055AC0000BF00BF00BF00BF00BFFDF797FB4BF073
:1055BC0000534BF0085023600193206000BF00BFE4
:1055CC0000BF00BF00BF00BF00BF00BFFDF786FBE0
:1055DC00019B236000BF00BF00BF00BF00BF00BF26
:1055EC0000BF00BFFDF77AFB079B03F00F034BEAEC
:1055FC00836343F0007023600193206000BF00BF01
:10560C0000BF00BF00BF00BF00BF00BFFDF766FBBF
:10561C00019B236000BF00BF00BF00BF00BF00BFE5
:10562C0000BF00BFFDF75AFB069B03F00F034BEACC
:10563C00836343F0007023600193206000BF00BFC0
:10564C0000BF00BF00BF00BF00BF00BFFDF746FB9F
:10565C00019B236000BF00BF00BF00BF00BF00BFA5
:10566C0000BF00BFFDF73AFB059B03F00F034BEAAD
:10567C00836343F0007023600193206000BF00BF80
:10568C0000BF00BF00BF00BF00BF00BFFDF726FB7F
:10569C00019B236000BF00BF00BF00BF00BF00BF65
:1056AC0000BF00BFFDF71AFB039B03F00F034BEA8F
:1056BC00836343F0007023600193206000BF00BF40
:1056CC0000BF00BF00BF00BF00BF00BFFDF706FB5F
:1056DC00019B236000BF00BF00BF00BF00BF00BF25
:1056EC0000BF00BFFDF7FAFA029B03F00F034BEA71
:1056FC00836343F0007023600193206000BF00BF00
:10570C0000BF00BF00BF00BF00BF00BFFDF7E6FA3F
:10571C00019B236000BF00BF00BF00BF00BF00BFE4
:10572C0000BF00BFFDF7DAFA049B4BEA836343F03A
:10573C00007023600193206000BF00BF00BF00BF5A
:10574C0000BF00BF00BF00BFFDF7C8FA019B23607C
:10575C0000BF00BF00BF00BF00BF00BF00BF00BF45
:10576C00FDF7BCFAB8F1000F6ED0781E474407F174
:10577C00FF3C10F8013F1B094BEA836343F00072B6
:10578C002360226000BF00BF00BF00BF00BF00BF8E
:10579C0000BF00BF00BF00BF00BF00BF00BF00BF05
:1057AC0000BF00BF236000BF00BF00BF00BF00BF31
:1057BC0000BF00BF00BF00BF00BF00BF00BF00BFE5
:1057CC0000BF00BF00BF037803F00F034BEA8363F5
:1057DC0043F000722360226000BF00BF00BF00BF17
:1057EC0000BF00BF00BF00BF00BF00BF00BF00BFB5
:1057FC0000BF00BF00BF00BF236000BF00BF00BFE1
:10580C0000BF00BF00BF00BF00BF00BF00BF00BF94
:10581C0000BF00BF00BF00BF00BF6045A9D10E4B49
:10582C00BAEB080A1968216012D04644330D07936D
:10583C00330C0693330B0593330A0393330902930A
:10584C0006F00F0304936BE6034B1968216067E6BF
:10585C0009B0BDE8F08F704770450020002A00F0B9
:10586C00F3811C4B2DE9F04F1D6889B0030D934655
:10587C0081460E460693030C174A0593030BDFF87B
:10588C0068800493030A154F02930309144C079381
:10589C0000F00F030393636845F00125114943F0B1
:1058AC007D5345F48005096863601368594525EA02
:1058BC00030528BF594625F078558A462560D8F847
:1058CC0000309BB1002100BF0131D8F80030994263
:1058DC00F9D30BE07045002024140020281400207C
:1058EC0000C0004220140020B445002045F0605355
:1058FC0045F0685123600193216000BF00BF00BFD9
:10590C0000BF00BF00BF00BF00BFFDF7E7F9019B60
:10591C00236000BF00BF00BF00BF00BF00BF00BFBF
:10592C0000BFFDF7DBF945F0305345F038512360EB
:10593C000193216000BF00BF00BF00BF00BF00BFCC
:10594C0000BF00BFFDF7CAF9019B236000BF00BF79
:10595C0000BF00BF00BF00BF00BF00BFFDF7BEF916
:10596C00069B03F00F0345EA836343F00071236049
:10597C000193216000BF00BF00BF00BF00BF00BF8C
:10598C0000BF00BFFDF7AAF9019B236000BF00BF59
:10599C0000BF00BF00BF00BF00BF00BFFDF79EF9F6
:1059AC00059B03F00F0345EA836343F0007123600A
:1059BC000193216000BF00BF00BF00BF00BF00BF4C
:1059CC0000BF00BFFDF78AF9019B236000BF00BF39
:1059DC0000BF00BF00BF00BF00BF00BFFDF77EF9D6
:1059EC00049B03F00F0345EA836343F000712360CB
:1059FC000193216000BF00BF00BF00BF00BF00BF0C
:105A0C0000BF00BFFDF76AF9019B236000BF00BF18
:105A1C0000BF00BF00BF00BF00BF00BFFDF75EF9B5
:105A2C00029B03F00F0345EA836343F0007123608C
:105A3C000193216000BF00BF00BF00BF00BF00BFCB
:105A4C0000BF00BFFDF74AF9019B236000BF00BFF8
:105A5C0000BF00BF00BF00BF00BF00BFFDF73EF995
:105A6C00079B03F00F0345EA836343F00071236047
:105A7C000193216000BF00BF00BF00BF00BF00BF8B
:105A8C0000BF00BFFDF72AF9019B236000BF00BFD8
:105A9C0000BF00BF00BF00BF00BF00BFFDF71EF975
:105AAC00039B45EA836343F00071236001932160FB
:105ABC0000BF00BF00BF00BF00BF00BF00BF00BFE2
:105ACC00FDF70CF9019B236000BF00BF00BF00BFB6
:105ADC0000BF00BF00BF00BFFDF700F963685B4A61
:105AEC0023F0705363603B68002B28D045F00070A6
:105AFC000021206000BF00BF00BF00BF00BF00BF7F
:105B0C0000BF00BF00BF00BF00BF00BF00BF00BF91
:105B1C0000BF00BF256000BF00BF00BF00BF00BFBB
:105B2C0000BF00BF00BF00BF00BF00BF00BF00BF71
:105B3C0000BF00BF00BF01313B688B42D9D8BAF11E
:105B4C00000F76D00AEB060045F00071013E00F123
:105B5C00FF3C216000BF00BF00BF00BF00BF00BF03
:105B6C0000BF00BF00BF00BF00BF00BF00BF00BF31
:105B7C0000BF00BFD4F808E0256000BF00BF00BF25
:105B8C0000BF00BF00BF00BF00BF00BF00BF00BF11
:105B9C0000BF00BF00BF00BF00BF216000BF00BF3F
:105BAC0000BF00BF00BF00BF00BF00BF00BF00BFF1
:105BBC0000BF00BF00BF00BF00BF00BFA3682560CF
:105BCC0000BF00BF00BF00BF00BF00BF00BF00BFD1
:105BDC0000BF00BF00BF00BF00BF00BF00BF00BFC1
:105BEC004FEA9E6EC3F3836343EA0E1306F8013F3C
:105BFC006645AED1164BBBEB0A0B1D68256063687E
:105C0C0043F07D5363601CD0D14406464FEA1953D0
:105C1C0006934FEA194305934FEA193304934FEA5D
:105C2C00192302934FEA1913079309F00F030393F7
:105C3C0031E6074B1D682560636843F07D53636054
:105C4C0029E609B0BDE8F08F704700BF241400208E
:105C5C0070450020002A00F05B811D4B2DE9F04FB0
:105C6C00064689B018689346330DDFF874A0194DB9
:105C7C000A460493330C184C0393330B0293330AE8
:105C8C0006933309059306F00F030793616840F000
:105C9C000120124B41F07D5140F480001B68616083
:105CAC00DAF800105B4520EA010028BF5B4620F0C3
:105CBC0078599846C4F80090296899B14FF0000CB7
:105CCC0000BF0CF1010C2B689C45F9D30AE000BF16
:105CDC0070450020B445002000C000422014002074
:105CEC002414002049F0406749F06063019227605A
:105CFC00236000BF00BF00BF00BF00BF00BF00BFDC
:105D0C0000BF00BF00BF00BF00BF00BF00BF00BF8F
:105D1C0000BFFCF7E3FF276000BF00BF00BF00BF60
:105D2C0000BF00BF00BF00BF00BF00BF00BF00BF6F
:105D3C0000BF00BF00BF00BFFCF7D0FF49F0005709
:105D4C0049F008532760236000BF00BF00BF00BFAD
:105D5C0000BF00BF00BF00BF00BF00BF00BF00BF3F
:105D6C0000BF00BF00BF00BFFCF7B8FF276000BF3B
:105D7C0000BF00BF00BF00BF00BF00BF00BF00BF1F
:105D8C0000BF00BF00BF00BF00BF00BF00BFFCF7DB
:105D9C00A5FF049B484603F00F01FDF7EFFA039BA8
:105DAC00484603F00F01FDF7E9FA029B484603F061
:105DBC000F01FDF7E3FA069B484603F00F01FDF7D0
:105DCC00DDFA059B484603F00F01FDF7D7FA07995A
:105DDC004846FDF7D3FA019AB8F1000F00F0918014
:105DEC0008EB0203571E03F1FF3C17F8012F1209B1
:105DFC0049EA826242F000712260216000BF00BF5C
:105E0C0000BF00BF00BF00BF00BF00BF00BF00BF8E
:105E1C0000BF00BF00BF00BF00BF00BF00BF00BF7E
:105E2C0000BF00BF00BF00BF00BF00BF226000BFAB
:105E3C0000BF00BF00BF00BF00BF00BF00BF00BF5E
:105E4C0000BF00BF00BF00BF00BF00BF00BF00BF4E
:105E5C0000BF00BF00BF00BF00BF00BF00BF3A784B
:105E6C0002F00F0249EA826242F000712260216066
:105E7C0000BF00BF00BF00BF00BF00BF00BF00BF1E
:105E8C0000BF00BF00BF00BF00BF00BF00BF00BF0E
:105E9C0000BF00BF00BF00BF00BF00BF00BF00BFFE
:105EAC00226000BF00BF00BF00BF00BF00BF00BF2B
:105EBC0000BF00BF00BF00BF00BF00BF00BF00BFDE
:105ECC0000BF00BF00BF00BF00BF00BF00BF00BFCE
:105EDC0000BF674589D10F4ABBEB080B10682060E7
:105EEC0013D046441A46330D0493330C0393330BEF
:105EFC000293330A06933309059306F00F030793B5
:105F0C00C4E6044B18682060C0E609B0BDE8F08F09
:105F1C00704700BF70450020002A00F0BB811D4B6C
:105F2C002DE9F04F064689B018689346330DDFF81B
:105F3C0074A0194D0A460793330C184C0693330B77
:105F4C000593330A03933309029306F00F0304936A
:105F5C00616840F00120124B41F07D5140F480000B
:105F6C001B686160DAF800105B4520EA010028BF6D
:105F7C005B4620F078599846C4F80090296899B18E
:105F8C004FF0000C00BF0CF1010C2B689C45F9D3B1
:105F9C000AE000BF70450020B445002000C000425C
:105FAC00201400202414002049F0406749F060635D
:105FBC0001922760236000BF00BF00BF00BF00BF7D
:105FCC0000BF00BF00BF00BF00BF00BF00BFFCF799
:105FDC0085FE276000BF00BF00BF00BF00BF00BF31
:105FEC0000BF00BF00BF00BF00BF00BFFCF776FEC4
:105FFC0049F0005749F008532760236000BF00BFE9
:10600C0000BF00BF00BF00BF00BF00BF00BF00BF8C
:10601C0000BF00BFFCF762FE276000BF00BF00BFDF
:10602C0000BF00BF00BF00BF00BF00BF00BF00BF6C
:10603C0000BFFCF753FE079B484603F00F01FDF72A
:10604C0051FC069B484603F00F01FDF74BFC059BEA
:10605C0003F00F0149EA816747F000732760236062
:10606C0000BF00BF00BF00BF00BF00BF00BF00BF2C
:10607C0000BF00BF00BF00BFFCF730FE276000BFB1
:10608C0000BF00BF00BF00BF00BF00BF00BF00BF0C
:10609C0000BF00BF00BFFCF721FE039B03F00F0104
:1060AC0049EA816747F000732760236000BF00BF97
:1060BC0000BF00BF00BF00BF00BF00BF00BF00BFDC
:1060CC0000BF00BFFCF70AFE276000BF00BF00BF87
:1060DC0000BF00BF00BF00BF00BF00BF00BF00BFBC
:1060EC0000BFFCF7FBFD029B03F00F0149EA81673F
:1060FC0047F000732760236000BF00BF00BF00BFE4
:10610C0000BF00BF00BF00BF00BF00BF00BF00BF8B
:10611C00FCF7E4FD276000BF00BF00BF00BF00BF5D
:10612C0000BF00BF00BF00BF00BF00BF00BFFCF737
:10613C00D5FD049B49EA836747F000732760236011
:10614C0000BF00BF00BF00BF00BF00BF00BF00BF4B
:10615C0000BF00BF00BF00BFFCF7C0FD276000BF41
:10616C0000BF00BF00BF00BF00BF00BF00BF00BF2B
:10617C0000BF00BF00BFFCF7B1FD019AB8F1000FE2
:10618C0000F0818008EB0203571E03F1FF3C17F867
:10619C00012F120949EA826242F0007122602160EB
:1061AC0000BF00BF00BF00BF00BF00BF00BF00BFEB
:1061BC0000BF00BF00BF00BF00BF00BF00BF00BFDB
:1061CC0000BF00BF00BF00BF226000BF00BF00BF08
:1061DC0000BF00BF00BF00BF00BF00BF00BF00BFBB
:1061EC0000BF00BF00BF00BF00BF00BF00BF00BFAB
:1061FC0000BF3A7802F00F0249EA826242F0007165
:10620C002260216000BF00BF00BF00BF00BF00BF05
:10621C0000BF00BF00BF00BF00BF00BF00BF00BF7A
:10622C0000BF00BF00BF00BF00BF00BF226000BFA7
:10623C0000BF00BF00BF00BF00BF00BF00BF00BF5A
:10624C0000BF00BF00BF00BF00BF00BF00BF00BF4A
:10625C0000BF00BF00BF674599D10F4ABBEB080BCD
:10626C001068206013D046441A46330D0793330C44
:10627C000693330B0593330A03933309029306F009
:10628C000F03049364E6044B1868206060E609B0C1
:10629C00BDE8F08F704700BF70450020002A00F069
:1062AC000481824B2DE9F04F064689B0186893465D
:1062BC00330DDFF808A27E4D0A460793330C7D4C54
:1062CC000693330B0593330A03933309029306F0B9
:1062DC000F030493616840F00120774B41F07D512E
:1062EC0040F480001B686160DAF800105B4520EA1E
:1062FC00010028BF5B4620F078599846C4F80090FE
:10630C00296839B14FF0000C00BF0CF1010C2B685F
:10631C009C45F9D349F0406149F0606301922160DA
:10632C00236000BF00BF00BF00BF00BF00BF00BFA5
:10633C0000BF00BF00BF00BF00BF00BF00BF216097
:10634C0000BF00BF00BF00BF00BF00BFFCF7C6FC12
:10635C0049F0005749F008532760236000BF00BF85
:10636C0000BF00BF00BF00BFFCF7B8FC276000BF38
:10637C0000BF00BF00BF00BF00BFFCF7AFFC079B16
:10638C00484603F00F01FDF76FF9069B484603F0F2
:10639C000F01FDF769F9059B484603F00F01FDF766
:1063AC0063F9039B484603F00F01FDF75DF9029B6F
:1063BC00484603F00F01FDF757F904994846FDF7DD
:1063CC0053F9019AB8F1000F68D008EB0203571E7D
:1063DC0003F1FF3C17F8012F120949EA826242F0DF
:1063EC0000712260216000BF00BF00BF00BF00BF72
:1063FC0000BF00BF00BF00BF00BF00BF00BF00BF99
:10640C0000BF226000BF00BF00BF00BF00BF00BFC5
:10641C0000BF00BF00BF00BF00BF00BF00BF00BF78
:10642C003A7802F00F0249EA826242F0007122606F
:10643C00216000BF00BF00BF00BF00BF00BF00BF96
:10644C0000BF00BF00BF00BF00BF00BF00BF226085
:10645C0000BF00BF00BF00BF00BF00BF00BF00BF38
:10646C0000BF00BF00BF00BF00BF00BF6745B1D178
:10647C000E4ABBEB080B1068206013D046441A463A
:10648C00330D0793330C0693330B0593330A0393A5
:10649C003309029306F00F0304931BE7034B1868B0
:1064AC00206017E709B0BDE8F08F704770450020F9
:1064BC00B445002000C00042201400202414002009
:1064CC00002A00F0F0811F4B2DE9F04F804689B077
:1064DC0018680D464FEA18331B4F4FEA185B1B4EDA
:1064EC0006934FEA18234FEA184A194C04934FEAC3
:1064FC0018130192039308F00F03CDF81CB0059309
:10650C00636840F00120134A43F07D5340F480004F
:10651C0011686360019B104A8B4228BF0B461168BF
:10652C0020EA010020F0785BC4F800B03968A9B10A
:10653C004FF0000C00BF0CF1010C3A689445F9D3F4
:10654C000CE000BF70450020B4450020281400204A
:10655C0000C0004220140020241400204BF060598D
:10656C004BF068520293C4F80090226000BF00BF49
:10657C0000BF00BF00BF00BF00BF00BF00BF00BF17
:10658C0000BF00BFFCF7AAFBC4F8009000BF00BF1F
:10659C0000BF00BF00BF00BF00BF00BF00BF00BFF7
:1065AC0000BF00BFFCF79AFB4BF030594BF0385250
:1065BC00C4F80090226000BF00BF00BF00BF00BF46
:1065CC0000BF00BF00BF00BF00BF00BF00BFFCF793
:1065DC0085FBC4F8009000BF00BF00BF00BF00BF28
:1065EC0000BF00BF00BF00BF00BF00BF00BFFCF773
:1065FC0075FB079B03F00F014BEA816949F00072B0
:10660C00C4F80090226000BF00BF00BF00BF00BFF5
:10661C0000BF00BF00BF00BF00BF00BF00BFFCF742
:10662C005DFBC4F8009000BF00BF00BF00BF00BFFF
:10663C0000BF00BF00BF00BF00BF00BF00BFFCF722
:10664C004DFB0AF00F014BEA816949F00072C4F866
:10665C000090226000BF00BF00BF00BF00BF00BFA2
:10666C0000BF00BF00BF00BF00BF00BFFCF736FB80
:10667C00C4F8009000BF00BF00BF00BF00BF00BF48
:10668C0000BF00BF00BF00BF00BF00BFFCF726FB70
:10669C00069B03F00F014BEA816949F00072C4F8C4
:1066AC000090226000BF00BF00BF00BF00BF00BF52
:1066BC0000BF00BF00BF00BF00BF00BFFCF70EFB58
:1066CC00C4F8009000BF00BF00BF00BF00BF00BFF8
:1066DC0000BF00BF00BF00BF00BF00BFFCF7FEFA49
:1066EC00049B584603F00F01FDF7FCF8039B58463A
:1066FC0003F00F01FDF7F6F805995846FDF7F2F88F
:10670C006168029B21F0705161603168002934D0BE
:10671C004BF000724FF0000C5846226000BF00BFD7
:10672C0000BF00BF00BF00BF00BF00BF00BF00BF65
:10673C0000BF00BF00BF00BF00BF00BF00BF00BF55
:10674C0000BF00BF206000BF00BF00BF00BF00BF84
:10675C0000BF00BF00BF00BF00BF00BF00BF00BF35
:10676C0000BF00BF00BF00BF00BF00BF00BF0CF1E7
:10677C00010C31686145D0D88346002B00F088802D
:10678C0003EB050E9C46013D4BF000730EF1FF39F7
:10679C005A46236000BF00BF00BF00BF00BF00BF50
:1067AC0000BF00BF00BF00BF00BF00BF00BF00BFE5
:1067BC0000BF00BF00BF00BF00BF00BFA0682260C9
:1067CC0000BF00BF00BF00BF00BF00BF00BF00BFC5
:1067DC0000BF00BF00BF00BF00BF00BF00BF00BFB5
:1067EC0000BF00BF00BF00BF236000BF00BF00BFE1
:1067FC0000BF00BF00BF00BF00BF00BF00BF00BF95
:10680C0000BF00BF00BF00BF00BF00BF00BF00BF84
:10681C0000BFA168226000BF00BF00BF00BF00BF67
:10682C0000BF00BF00BF00BF00BF00BF00BF00BF64
:10683C0000BF00BF00BF00BF00BF00BF00BF800E85
:10684C00C1F3836141EA001105F8011F4D45A0D148
:10685C00154A1068019A20606168B2EB0C0241F095
:10686C007D51616001921BD0E04475464FEA18538C
:10687C004FEA184A07934FEA183306934FEA182346
:10688C0004934FEA1813039308F00F03059337E6AC
:10689C00054B18682060636843F07D5363602FE6F6
:1068AC0009B0BDE8F08F7047704500202DE9F04F1E
:1068BC0089B00192002A00F0A38180461C4B0D4642
:1068CC001C4F18684FEA18534FEA184A1A4E069391
:1068DC004FEA18234FEA1839184C04934FEA18134F
:1068EC00C346CDF81CA0039308F00F030593626810
:1068FC0040F00120124B42F07D5240F480001968A8
:10690C006260019A0F4B8A4228BF0A46196820EA36
:10691C00010020F0785AC4F800A03968A1B14FF0FA
:10692C00000C00BF0CF1010C3B689C45F9D30BE04B
:10693C0070450020B44500202814002000C00042FF
:10694C0020140020241400204AF060584AF06853A8
:10695C000292C4F80080236000BF00BF00BF00BFDC
:10696C0000BF00BF00BF00BF00BF00BF00BF00BF23
:10697C0000BF00BF00BF00BFFCF7B0F9C4F8008037
:10698C0000BF00BF00BF00BF00BF00BF00BF00BF03
:10699C0000BF00BF00BF00BF00BF00BF00BF00BFF3
:1069AC00FCF79CF94AF030584AF03853C4F8008090
:1069BC00236000BF00BF00BF00BF00BF00BF00BF0F
:1069CC0000BF00BF00BF00BF00BF00BF00BF00BFC3
:1069DC0000BFFCF783F9C4F8008000BF00BF00BF04
:1069EC0000BF00BF00BF00BF00BF00BF00BF00BFA3
:1069FC0000BF00BF00BF00BF00BFFCF76FF9069BD4
:106A0C00504603F00F01FCF7B9FC079B504603F00E
:106A1C000F01FCF7B3FC09F00F015046FCF7AEFC7C
:106A2C00049B504603F00F01FCF7A8FC039B504657
:106A3C0003F00F01FCF7A2FC05995046FCF79EFCF5
:106A4C006168029A21F070516160316800293CD074
:106A5C004AF000734FF0000C5046236000BF00BF9B
:106A6C0000BF00BF00BF00BF00BF00BF00BF00BF22
:106A7C0000BF00BF00BF00BF00BF00BF00BF00BF12
:106A8C0000BF00BF00BF00BF00BF00BF206000BF41
:106A9C0000BF00BF00BF00BF00BF00BF00BF00BFF2
:106AAC0000BF00BF00BF00BF00BF00BF00BF00BFE2
:106ABC0000BF00BF00BF00BF00BF00BF00BF0CF194
:106ACC00010C31686145C8D88246002A00F09B80D1
:106ADC0002EB050E9446013D4AF000720EF1FF38B0
:106AEC005346226000BF00BF00BF00BF00BF00BF05
:106AFC0000BF00BF00BF00BF00BF00BF00BF00BF92
:106B0C0000BF00BF00BF00BF00BF00BF00BF00BF81
:106B1C0000BF00BFA068236000BF00BF00BF00BF64
:106B2C0000BF00BF00BF00BF00BF00BF00BF00BF61
:106B3C0000BF00BF00BF00BF00BF00BF00BF00BF51
:106B4C0000BF00BF00BF00BF226000BF00BF00BF7E
:106B5C0000BF00BF00BF00BF00BF00BF00BF00BF31
:106B6C0000BF00BF00BF00BF00BF00BF00BF00BF21
:106B7C0000BF00BF00BF00BF00BFA168236000BF03
:106B8C0000BF00BF00BF00BF00BF00BF00BF00BF01
:106B9C0000BF00BF00BF00BF00BF00BF00BF00BFF1
:106BAC0000BF00BF00BF00BF00BF00BF00BF800E12
:106BBC00C1F3836141EA001105F8011F454590D1ED
:106BCC00154B1868019B20606168B3EB0C0341F016
:106BDC007D516160019313D0E34475464FEA1B531A
:106BEC004FEA1B3906934FEA1B4307934FEA1B23CB
:106BFC0004934FEA1B1303930BF00F03059376E6F4
:106C0C0009B0BDE8F08F044B18682060626842F050
:106C1C007D5262606BE600BF7045002008B500BF76
:106C2C0000BF00BF00BF00BF00BF00BF00BF00BF60
:106C3C0000BF00BF00BF00BF00BF00BF00BF00BF50
:106C4C0000BF00BF00BF00BF00BF00BF00BF00BF40
:106C5C0000BF00BF00BF00BF00BF00BF00BF00BF30
:106C6C0000BF00BF00BF00BF00BF00BF00BF00BF20
:106C7C0000BF00BF00BF00BF00BF00BF00BF00BF10
:106C8C0000BF00BF00BF00BF00BF00BF00BFFCF7CC
:106C9C0025F808BD38B540EA8164214D44F00073F5
:106CAC002C602B6000BF00BF00BF00BF00BF00BF47
:106CBC0000BF00BF00BF00BF00BF00BF00BF00BFD0
:106CCC0000BF00BF00BF00BF00BF00BF00BF00BFC0
:106CDC0000BF00BF00BF00BF00BF00BF00BF00BFB0
:106CEC0000BF00BF00BF00BF00BF00BF00BF00BFA0
:106CFC0000BF00BF00BF00BF00BF00BF00BF00BF90
:106D0C0000BF00BF00BF00BF00BF00BF00BF00BF7F
:106D1C0000BF00BFFBF7E2FF2C60FFF77FFF38BD21
:106D2C0000C000422DE9F04F87B00092002A00F01D
:106D3C00408282461B4B0D461B4F18684FEA1A5374
:106D4C004FEA1A39194E05934FEA1A434FEA1A289B
:106D5C00174C04934FEA1A1302930AF00F03039390
:106D6C00626840F00120134B42F07D5240F48000E9
:106D7C0019686260009A104B8A4228BF0A4619684B
:106D8C0020EA010020F0785BC4F800B03968A9B1A2
:106D9C004FF0000C00BF0CF1010C3B689C45F9D383
:106DAC000CE000BF70450020B445002028140020E2
:106DBC0000C0004220140020241400200E2158464C
:106DCC000192FFF767FF0B215846FFF763FF059B06
:106DDC00584603F00F01FFF75DFF049B584603F084
:106DEC000F01FFF757FF09F00F015846FFF752FF4D
:106DFC0008F00F015846FFF74DFF029B584603F071
:106E0C000F01FFF747FF03995846FFF743FF6168EF
:106E1C00019A21F0705161603168002900F08E8078
:106E2C004BF000734FF0000C5846236000BF00BFBE
:106E3C0000BF00BF00BF00BF00BF00BF00BF00BF4E
:106E4C0000BF00BF00BF00BF00BF00BF00BF00BF3E
:106E5C0000BF00BF00BF00BF00BF00BF00BF00BF2E
:106E6C0000BF00BF00BF00BF00BF00BF00BF00BF1E
:106E7C0000BF00BF00BF00BF00BF00BF00BF00BF0E
:106E8C0000BF00BF00BF00BF00BF00BF00BF00BFFE
:106E9C0000BF00BF00BF00BF00BF00BF00BF00BFEE
:106EAC0000BF00BF00BF00BF00BF00BF206000BF1D
:106EBC0000BF00BF00BF00BF00BF00BF00BF00BFCE
:106ECC0000BF00BF00BF00BF00BF00BF00BF00BFBE
:106EDC0000BF00BF00BF00BF00BF00BF00BF00BFAE
:106EEC0000BF00BF00BF00BF00BF00BF00BF00BF9E
:106EFC0000BF00BF00BF00BF00BF00BF00BF00BF8E
:106F0C0000BF00BF00BF00BF00BF00BF00BF00BF7D
:106F1C0000BF00BF00BF00BF00BF00BF00BF00BF6D
:106F2C0000BF00BF00BF00BF00BF00BF00BF0CF11F
:106F3C00010C316861453FF678AF8346002A00F0BA
:106F4C003B8102EB050E9446013D4BF000720EF1B5
:106F5C00FF385B46226000BF00BF00BF00BF00BF10
:106F6C0000BF00BF00BF00BF00BF00BF00BF00BF1D
:106F7C0000BF00BF00BF00BF00BF00BF00BF00BF0D
:106F8C0000BF00BF00BF00BF00BF00BF00BF00BFFD
:106F9C0000BF00BF00BF00BF00BF00BF00BF00BFED
:106FAC0000BF00BF00BF00BF00BF00BF00BF00BFDD
:106FBC0000BF00BF00BF00BF00BF00BF00BF00BFCD
:106FCC0000BF00BF00BF00BF00BF00BF00BF00BFBD
:106FDC0000BF00BF00BFA068236000BF00BF00BFA0
:106FEC0000BF00BF00BF00BF00BF00BF00BF00BF9D
:106FFC0000BF00BF00BF00BF00BF00BF00BF00BF8D
:10700C0000BF00BF00BF00BF00BF00BF00BF00BF7C
:10701C0000BF00BF00BF00BF00BF00BF00BF00BF6C
:10702C0000BF00BF00BF00BF00BF00BF00BF00BF5C
:10703C0000BF00BF00BF00BF00BF00BF00BF00BF4C
:10704C0000BF00BF00BF00BF00BF00BF00BF00BF3C
:10705C0000BF00BF00BF00BF00BF226000BF00BF69
:10706C0000BF00BF00BF00BF00BF00BF00BF00BF1C
:10707C0000BF00BF00BF00BF00BF00BF00BF00BF0C
:10708C0000BF00BF00BF00BF00BF00BF00BF00BFFC
:10709C0000BF00BF00BF00BF00BF00BF00BF00BFEC
:1070AC0000BF00BF00BF00BF00BF00BF00BF00BFDC
:1070BC0000BF00BF00BF00BF00BF00BF00BF00BFCC
:1070CC0000BF00BF00BF00BF00BF00BF00BF00BFBC
:1070DC0000BF00BF00BF00BF00BF00BFA16823609E
:1070EC0000BF00BF00BF00BF00BF00BF00BF00BF9C
:1070FC0000BF00BF00BF00BF00BF00BF00BF00BF8C
:10710C0000BF00BF00BF00BF00BF00BF00BF00BF7B
:10711C0000BF00BF00BF00BF00BF00BF00BF00BF6B
:10712C0000BF00BF00BF00BF00BF00BF00BF00BF5B
:10713C0000BF00BF00BF00BF00BF00BF00BF00BF4B
:10714C0000BF00BF00BF00BF00BF00BF00BF00BF3B
:10715C0000BF00BF00BF00BF00BF00BF00BF00BF2B
:10716C00800EC1F3836141EA001105F8011F45450A
:10717C007FF4F0AE144B1868009B20606168B3EB91
:10718C000C0341F07D516160009312D0E2447546CE
:10719C004FEA1A534FEA1A3905934FEA1A434FEA4A
:1071AC001A2804934FEA1A1302930AF00F0303935D
:1071BC00D6E507B0BDE8F08F034B18682060626815
:1071CC0042F07D526260CBE570450020002A00F051
:1071DC00AA811C4B2DE9F04F064687B093461868E0
:1071EC00320CDFF870A0184D370D0592320B174C8E
:1071FC000492320A02923209019206F00F020392B3
:10720C000A46616840F00120114B41F07D5140F479
:10721C0080001B686160DAF800105B4520EA010011
:10722C0028BF5B4620F078599846C4F8009029682E
:10723C0091B14FF0000C00BF0CF1010C2B689C4578
:10724C00F9D309E070450020B445002000C000428D
:10725C002014002024140020032148460092FFF73C
:10726C0019FD08214846FFF715FD07F00F014846A8
:10727C00FFF710FD059B484603F00F01FFF70AFDD1
:10728C00049B484603F00F01FFF704FD029B4846A0
:10729C0003F00F01FFF7FEFC019B484603F00F01C2
:1072AC00FFF7F8FC03994846FFF7F4FC009AB8F195
:1072BC00000F00F0318108EB0203571E03F1FF3C75
:1072CC0017F8012F120949EA826242F0007122601C
:1072DC00216000BF00BF00BF00BF00BF00BF00BFE8
:1072EC0000BF00BF00BF00BF00BF00BF00BF00BF9A
:1072FC0000BF00BF00BF00BF00BF00BF00BF00BF8A
:10730C0000BF00BF00BF00BF00BF00BF00BF00BF79
:10731C0000BF00BF00BF00BF00BF00BF00BF00BF69
:10732C0000BF00BF00BF00BF00BF00BF00BF00BF59
:10733C0000BF00BF00BF00BF00BF00BF00BF00BF49
:10734C0000BF00BF00BF00BF00BF00BF00BF00BF39
:10735C0000BF226000BF00BF00BF00BF00BF00BF66
:10736C0000BF00BF00BF00BF00BF00BF00BF00BF19
:10737C0000BF00BF00BF00BF00BF00BF00BF00BF09
:10738C0000BF00BF00BF00BF00BF00BF00BF00BFF9
:10739C0000BF00BF00BF00BF00BF00BF00BF00BFE9
:1073AC0000BF00BF00BF00BF00BF00BF00BF00BFD9
:1073BC0000BF00BF00BF00BF00BF00BF00BF00BFC9
:1073CC0000BF00BF00BF00BF00BF00BF00BF00BFB9
:1073DC0000BF00BF3A7802F00F0249EA826242F025
:1073EC0000712260216000BF00BF00BF00BF00BF62
:1073FC0000BF00BF00BF00BF00BF00BF00BF00BF89
:10740C0000BF00BF00BF00BF00BF00BF00BF00BF78
:10741C0000BF00BF00BF00BF00BF00BF00BF00BF68
:10742C0000BF00BF00BF00BF00BF00BF00BF00BF58
:10743C0000BF00BF00BF00BF00BF00BF00BF00BF48
:10744C0000BF00BF00BF00BF00BF00BF00BF00BF38
:10745C0000BF00BF00BF00BF00BF00BF00BF00BF28
:10746C0000BF00BF00BF226000BF00BF00BF00BF55
:10747C0000BF00BF00BF00BF00BF00BF00BF00BF08
:10748C0000BF00BF00BF00BF00BF00BF00BF00BFF8
:10749C0000BF00BF00BF00BF00BF00BF00BF00BFE8
:1074AC0000BF00BF00BF00BF00BF00BF00BF00BFD8
:1074BC0000BF00BF00BF00BF00BF00BF00BF00BFC8
:1074CC0000BF00BF00BF00BF00BF00BF00BF00BFB8
:1074DC0000BF00BF00BF00BF00BF00BF00BF00BFA8
:1074EC0000BF00BF00BF00BF67457FF4E9AE0E4A86
:1074FC00BBEB080B1068206012D046441A46330CC4
:10750C00370D0593330B0493330A0293330901931C
:10751C0006F00F03039374E6034B1868206070E6C3
:10752C0007B0BDE8F08F70477045002038B540EAD1
:10753C008164454D44F000732C602B6000BF00BF8C
:10754C0000BF00BF00BF00BF00BF00BF00BF00BF37
:10755C0000BF00BF00BF00BF00BF00BF00BF00BF27
:10756C0000BF00BF00BF00BF00BF00BF00BF00BF17
:10757C0000BF00BF00BF00BF00BF00BF00BF00BF07
:10758C0000BF00BF00BF00BF00BF00BF00BF00BFF7
:10759C0000BF00BF00BF00BF00BF00BF00BF00BFE7
:1075AC0000BF00BF00BF00BF00BF00BF00BF00BFD7
:1075BC0000BF00BF00BF00BF00BF00BFFFF72EFB26
:1075CC002C6000BF00BF00BF00BF00BF00BF00BFEA
:1075DC0000BF00BF00BF00BF00BF00BF00BF00BFA7
:1075EC0000BF00BF00BF00BF00BF00BF00BF00BF97
:1075FC0000BF00BF00BF00BF00BF00BF00BF00BF87
:10760C0000BF00BF00BF00BF00BF00BF00BF00BF76
:10761C0000BF00BF00BF00BF00BF00BF00BF00BF66
:10762C0000BF00BF00BF00BF00BF00BF00BF00BF56
:10763C0000BF00BF00BF00BF00BF00BF00BF00BF46
:10764C0000BFFFF7EBFA38BD00C0004208B500BF21
:10765C0000BF00BF00BF00BF00BF00BF00BF00BF26
:10766C0000BF00BF00BF00BF00BF00BF00BF00BF16
:10767C0000BF00BF00BF00BF00BF00BF00BF00BF06
:10768C0000BF00BF00BF00BF00BF00BF00BFFFF7BF
:10769C00C5FA08BDF8B5C1F30357484C0E4605466C
:1076AC0040EA876747F0007327602360FFF7CEFF3F
:1076BC002760C6F30347FFF7C9FF45EA876747F022
:1076CC00007327602360FFF7C1FF2760C6F3033701
:1076DC00FFF7BCFF45EA876747F00073276023601C
:1076EC00FFF7B4FF2760C6F30327FFF7AFFF45EAA8
:1076FC00876747F0007327602360FFF7A7FF2760B9
:10770C00C6F30317FFF7A2FF06F00F0645EA8767DB
:10771C0045EA866547F0007327602360FFF796FF04
:10772C002760FFF793FF45F000732560236000BFCF
:10773C0000BF00BF00BF00BF00BF00BF00BF00BF45
:10774C0000BF00BF00BF00BF00BF00BF00BF00BF35
:10775C0000BF00BF00BF00BF00BF00BF00BF00BF25
:10776C0000BF00BF00BF00BF00BF00BF00BFFFF7DE
:10777C0055FA256000BF00BF00BF00BF00BF00BFAF
:10778C0000BF00BF00BF00BF00BF00BF00BF00BFF5
:10779C0000BF00BF00BF00BF00BF00BF00BF00BFE5
:1077AC0000BF00BF00BF00BF00BF00BF00BF00BFD5
:1077BC0000BF00BFFFF732FAF8BD00BF00C00042A7
:1077CC00002A00F0BA82154B2DE9F04F804683B0A9
:1077DC00894617461868DFF854B0114D114CDBF888
:1077EC0000306268BB42DFF848A042F07D5228BFEF
:1077FC003B4640EA0A0A62601E460B4B1B682AEAAB
:10780C00030A2AF0785AC4F800A02B6893B100221E
:10781C0000BF01322B689A42FAD30BE0704500206E
:10782C00B445002000C00042241400202014002085
:10783C00000140014AF040634AF06062236001930A
:10784C00226000BF00BF00BF00BF00BF00BF00BF71
:10785C0000BF00BF00BF00BF00BF00BF00BF00BF24
:10786C0000BF00BF00BF00BF00BF00BF00BF00BF14
:10787C0000BF00BF00BF00BF00BF00BF00BF00BF04
:10788C0000BFFFF7CBF9019B236000BF00BF00BF17
:10789C0000BF00BF00BF00BF00BF00BF00BF00BFE4
:1078AC0000BF00BF00BF00BF00BF00BF00BF00BFD4
:1078BC0000BF00BF00BF00BF00BF00BF00BF00BFC4
:1078CC0000BF00BF00BF00BF00BF00BF00BF00BFB4
:1078DC0000BF00BF00BF00BF00BF00BF00BF00BFA4
:1078EC0000BF00BF00BF00BF00BF00BF00BF00BF94
:1078FC0000BF00BF00BF00BF00BF00BF00BF00BF84
:10790C0000BF00BF00BF00BF00BF00BF00BF00BF73
:10791C0000BF00BF00BF00BF00BF00BF00BF00BF63
:10792C0000BF00BF00BF00BF00BF00BF00BF00BF53
:10793C0000BF00BF00BF00BF00BFFBF7CFF94AF08C
:10794C0000534AF0085223600193226000BF00BF2D
:10795C0000BF00BF00BF00BF00BF00BF00BF00BF23
:10796C0000BF00BF00BF00BF00BF00BF00BF00BF13
:10797C0000BF00BF00BF00BF00BF00BF00BF00BF03
:10798C0000BF00BF00BF00BF00BF00BFFFF746F93C
:10799C00019B236000BF00BF00BF00BF00BF00BF42
:1079AC0000BF00BF00BF00BF00BF00BF00BF00BFD3
:1079BC0000BF00BF00BF00BF00BF00BF00BF00BFC3
:1079CC0000BF00BF00BF00BF00BF00BF00BF00BFB3
:1079DC0000BF00BFFFF722F941465046FFF75AFEA1
:1079EC00002E00F0A38109F1FF32B14409F1FF31FF
:1079FC0012F8013F1B094AEA836343F000702360CD
:107A0C00206000BF00BF00BF00BF00BF00BF00BFB1
:107A1C0000BF00BF00BF00BF00BF00BF00BF00BF62
:107A2C0000BF00BF00BF00BF00BF00BF00BF00BF52
:107A3C0000BF00BF00BF00BF00BF00BF00BF00BF42
:107A4C0000BF00BF00BF00BF00BF00BF00BF00BF32
:107A5C0000BF00BF00BF00BF00BF00BF00BF00BF22
:107A6C0000BF00BF00BF00BF00BF00BF00BF00BF12
:107A7C0000BF00BF00BF00BF00BF00BF00BF00BF02
:107A8C0000BF00BF00BF00BF00BF00BF00BF00BFF2
:107A9C0000BF00BF00BF00BF00BF00BF00BF00BFE2
:107AAC0000BF00BF00BF00BF00BF00BF00BF00BFD2
:107ABC0000BF00BF00BF00BF00BF00BF00BF00BFC2
:107ACC0000BF236000BF00BF00BF00BF00BF00BFEE
:107ADC0000BF00BF00BF00BF00BF00BF00BF00BFA2
:107AEC0000BF00BF00BF00BF00BF00BF00BF00BF92
:107AFC0000BF00BF00BF00BF00BF00BF00BF00BF82
:107B0C0000BF00BF00BF00BF00BF00BF00BF00BF71
:107B1C0000BF00BF00BF00BF00BF00BF00BF00BF61
:107B2C0000BF00BF00BF00BF00BF00BF00BF00BF51
:107B3C0000BF00BF00BF00BF00BF00BF00BF00BF41
:107B4C0000BF00BF00BF00BF00BF00BF00BF00BF31
:107B5C0000BF00BF00BF00BF00BF00BF00BF00BF21
:107B6C0000BF00BF00BF00BF00BF00BF00BF00BF11
:107B7C0000BF00BF00BF00BF00BF00BF00BF00BF01
:107B8C0000BF00BF137803F00F034AEA836343F08E
:107B9C0000702360206000BF00BF00BF00BF00BFAB
:107BAC0000BF00BF00BF00BF00BF00BF00BF00BFD1
:107BBC0000BF00BF00BF00BF00BF00BF00BF00BFC1
:107BCC0000BF00BF00BF00BF00BF00BF00BF00BFB1
:107BDC0000BF00BF00BF00BF00BF00BF00BF00BFA1
:107BEC0000BF00BF00BF00BF00BF00BF00BF00BF91
:107BFC0000BF00BF00BF00BF00BF00BF00BF00BF81
:107C0C0000BF00BF00BF00BF00BF00BF00BF00BF70
:107C1C0000BF00BF00BF00BF00BF00BF00BF00BF60
:107C2C0000BF00BF00BF00BF00BF00BF00BF00BF50
:107C3C0000BF00BF00BF00BF00BF00BF00BF00BF40
:107C4C0000BF00BF00BF00BF00BF00BF00BF00BF30
:107C5C0000BF00BF00BF236000BF00BF00BF00BF5C
:107C6C0000BF00BF00BF00BF00BF00BF00BF00BF10
:107C7C0000BF00BF00BF00BF00BF00BF00BF00BF00
:107C8C0000BF00BF00BF00BF00BF00BF00BF00BFF0
:107C9C0000BF00BF00BF00BF00BF00BF00BF00BFE0
:107CAC0000BF00BF00BF00BF00BF00BF00BF00BFD0
:107CBC0000BF00BF00BF00BF00BF00BF00BF00BFC0
:107CCC0000BF00BF00BF00BF00BF00BF00BF00BFB0
:107CDC0000BF00BF00BF00BF00BF00BF00BF00BFA0
:107CEC0000BF00BF00BF00BF00BF00BF00BF00BF90
:107CFC0000BF00BF00BF00BF00BF00BF00BF00BF80
:107D0C0000BF00BF00BF00BF00BF00BF00BF00BF6F
:107D1C0000BF00BF00BF00BF91427FF469AE074BAC
:107D2C00BF1B1868206005D0B04458E5034B186899
:107D3C00206054E503B0BDE8F08F7047704500201B
:107D4C00002A00F05E830B462DE9F04F9246134A51
:107D5C0083B081461568DFF858B0114F114E124CA4
:107D6C00DBF8002045F001256168524545F480059B
:107D7C0041F07D5128BF5246616090460B4A126813
:107D8C0025EA020525F0785525603A6892B1002164
:107D9C0000BF01313A689142FAD30BE070450020E4
:107DAC00B44500202814002000C0004224140020F8
:107DBC002014002045F0605245F068510193226078
:107DCC000092216000BF00BF00BF00BF00BF00BF1A
:107DDC0000BF00BF00BF00BF00BF00BF00BF00BF9F
:107DEC0000BF00BF00BF00BF00BF00BF00BF00BF8F
:107DFC0000BF00BF00BF00BF00BF00BF00BF00BF7F
:107E0C0000BF00BFFEF70AFF009A226000BF00BF50
:107E1C0000BF00BF00BF00BF00BF00BF00BF00BF5E
:107E2C0000BF00BF00BF00BF00BF00BF00BF00BF4E
:107E3C0000BF00BF00BF00BF00BF00BF00BF00BF3E
:107E4C0000BF00BF00BF00BF00BF00BFFEF7E6FED3
:107E5C0045F0305245F0385122600092216000BF4D
:107E6C0000BF00BF00BF00BF00BF00BF00BF00BF0E
:107E7C0000BF00BF00BF00BF00BF00BF00BF00BFFE
:107E8C0000BF00BF00BF00BF00BF00BF00BF00BFEE
:107E9C0000BF00BF00BF00BF00BF00BF00BFFEF7A8
:107EAC00BDFE009A226000BF00BF00BF00BF00BF34
:107EBC0000BF00BF00BF00BF00BF00BF00BF00BFBE
:107ECC0000BF00BF00BF00BF00BF00BF00BF00BFAE
:107EDC0000BF00BF00BF00BF00BF00BF00BF00BF9E
:107EEC0000BF00BF00BFFEF799FE49462846FFF7CA
:107EFC00D1FB6268019B22F0705262603268002AEA
:107F0C0000F0CA8045F000700021206000BF00BF67
:107F1C0000BF00BF00BF00BF00BF00BF00BF00BF5D
:107F2C0000BF00BF00BF00BF00BF00BF00BF00BF4D
:107F3C0000BF00BF00BF00BF00BF00BF00BF00BF3D
:107F4C0000BF00BF00BF00BF00BF00BF00BF00BF2D
:107F5C0000BF00BF00BF00BF00BF00BF00BF00BF1D
:107F6C0000BF00BF00BF00BF00BF00BF00BF00BF0D
:107F7C0000BF00BF00BF00BF00BF00BF00BF00BFFD
:107F8C0000BF00BF00BF00BF00BF00BF00BF00BFED
:107F9C0000BF00BF00BF00BF00BF00BF00BF00BFDD
:107FAC0000BF00BF00BF00BF00BF00BF00BF00BFCD
:107FBC0000BF00BF00BF00BF00BF00BF00BF00BFBD
:107FCC0000BF00BF00BF00BF00BF00BF256000BFE7
:107FDC0000BF00BF00BF00BF00BF00BF00BF00BF9D
:107FEC0000BF00BF00BF00BF00BF00BF00BF00BF8D
:107FFC0000BF00BF00BF00BF00BF00BF00BF00BF7D
:10800C0000BF00BF00BF00BF00BF00BF00BF00BF6C
:10801C0000BF00BF00BF00BF00BF00BF00BF00BF5C
:10802C0000BF00BF00BF00BF00BF00BF00BF00BF4C
:10803C0000BF00BF00BF00BF00BF00BF00BF00BF3C
:10804C0000BF00BF00BF00BF00BF00BF00BF00BF2C
:10805C0000BF00BF00BF00BF00BF00BF00BF00BF1C
:10806C0000BF00BF00BF00BF00BF00BF00BF00BF0C
:10807C0000BF00BF00BF00BF00BF00BF00BF00BFFC
:10808C0000BF00BF00BF00BF00BF00BF00BF013179
:10809C0032688A423FF639AFB8F1000F00F0A68182
:1080AC0008EB030C45F00071013B0CF1FF30216033
:1080BC0000BF00BF00BF00BF00BF00BF00BF00BFBC
:1080CC0000BF00BF00BF00BF00BF00BF00BF00BFAC
:1080DC0000BF00BF00BF00BF00BF00BF00BF00BF9C
:1080EC0000BF00BF00BF00BF00BF00BF00BF00BF8C
:1080FC0000BF00BF00BF00BF00BF00BF00BF00BF7C
:10810C0000BF00BF00BF00BF00BF00BF00BF00BF6B
:10811C0000BF00BF00BF00BF00BF00BF00BF00BF5B
:10812C0000BF00BF00BF00BF00BF00BF00BF00BF4B
:10813C0000BF00BF00BF00BF00BF00BF00BF00BF3B
:10814C0000BF00BF00BF00BF00BF00BF00BF00BF2B
:10815C0000BF00BF00BF00BF00BF00BF00BF00BF1B
:10816C0000BF00BF00BF00BF00BF00BF00BF00BF0B
:10817C00D4F808E0256000BF00BF00BF00BF00BFFF
:10818C0000BF00BF00BF00BF00BF00BF00BF00BFEB
:10819C0000BF00BF00BF00BF00BF00BF00BF00BFDB
:1081AC0000BF00BF00BF00BF00BF00BF00BF00BFCB
:1081BC0000BF00BF00BF00BF00BF00BF00BF00BFBB
:1081CC0000BF00BF00BF00BF00BF00BF00BF00BFAB
:1081DC0000BF00BF00BF00BF00BF00BF00BF00BF9B
:1081EC0000BF00BF00BF00BF00BF00BF00BF00BF8B
:1081FC0000BF00BF00BF00BF00BF00BF00BF00BF7B
:10820C0000BF00BF00BF00BF00BF00BF00BF00BF6A
:10821C0000BF00BF00BF00BF00BF00BF00BF00BF5A
:10822C0000BF00BF00BF00BF00BF00BF00BF00BF4A
:10823C0000BF00BF00BF216000BF00BF00BF00BF78
:10824C0000BF00BF00BF00BF00BF00BF00BF00BF2A
:10825C0000BF00BF00BF00BF00BF00BF00BF00BF1A
:10826C0000BF00BF00BF00BF00BF00BF00BF00BF0A
:10827C0000BF00BF00BF00BF00BF00BF00BF00BFFA
:10828C0000BF00BF00BF00BF00BF00BF00BF00BFEA
:10829C0000BF00BF00BF00BF00BF00BF00BF00BFDA
:1082AC0000BF00BF00BF00BF00BF00BF00BF00BFCA
:1082BC0000BF00BF00BF00BF00BF00BF00BF00BFBA
:1082CC0000BF00BF00BF00BF00BF00BF00BF00BFAA
:1082DC0000BF00BF00BF00BF00BF00BF00BF00BF9A
:1082EC0000BF00BF00BF00BF00BF00BF00BF00BF8A
:1082FC0000BF00BF00BF00BFA268256000BF00BF69
:10830C0000BF00BF00BF00BF00BF00BF00BF00BF69
:10831C0000BF00BF00BF00BF00BF00BF00BF00BF59
:10832C0000BF00BF00BF00BF00BF00BF00BF00BF49
:10833C0000BF00BF00BF00BF00BF00BF00BF00BF39
:10834C0000BF00BF00BF00BF00BF00BF00BF00BF29
:10835C0000BF00BF00BF00BF00BF00BF00BF00BF19
:10836C0000BF00BF00BF00BF00BF00BF00BF00BF09
:10837C0000BF00BF00BF00BF00BF00BF00BF00BFF9
:10838C0000BF00BF00BF00BF00BF00BF00BF00BFE9
:10839C0000BF00BF00BF00BF00BF00BF00BF00BFD9
:1083AC0000BF00BF00BF00BF00BF00BF00BF00BFC9
:1083BC0000BF00BF00BF00BF00BF00BF4FEA9E6EF2
:1083CC00C2F3836242EA0E1203F8012F98427FF443
:1083DC006EAE0C4BBAEB080A1D682560636843F05F
:1083EC007D5363600AD0C1446346B9E4054A1568FD
:1083FC002560626842F07D526260B1E403B0BDE872
:10840C00F08F70477045002008B500BF00BF00BF5B
:10841C0000BF00BF00BF00BF00BF00BF00BF00BF58
:10842C0000BF00BF00BF00BF00BF00BF00BF00BF48
:10843C0000BF00BF00BF00BF00BF00BF00BF00BF38
:10844C0000BF00BF00BF00BF00BF00BF00BF00BF28
:10845C0000BF00BF00BF00BF00BF00BF00BF00BF18
:10846C0000BF00BF00BF00BF00BF00BF00BF00BF08
:10847C0000BF00BF00BF00BF00BF00BF00BF00BFF8
:10848C0000BF00BF00BF00BF00BFFEF7C7FB08BDA9
:10849C00F8B5C1F303573C4C0E46054640EA8767D6
:1084AC0047F0007327602360FFF7AEFF276000BF23
:1084BC0000BF00BF00BF00BF00BF00BF00BF00BFB8
:1084CC0000BF00BF00BF00BF00BF00BF00BF00BFA8
:1084DC0000BF00BF00BF00BF00BF00BF00BF00BF98
:1084EC0000BF00BF00BF00BF00BF00BF00BF00BF88
:1084FC0000BF00BF00BF00BF00BF00BF00BF00BF78
:10850C0000BF00BF00BF00BF00BF00BF00BF00BF67
:10851C0000BF00BF00BF00BF00BF00BF00BF00BF57
:10852C0000BF00BF00BF00BF00BF00BF00BFC6F34D
:10853C000347FEF773FB45EA876747F00073276034
:10854C002360FFF761FF2760C6F30337FFF75CFF7B
:10855C0045EA876747F0007327602360FFF754FFF5
:10856C002760FFF751FFC6F303212846FEF7DEFF15
:10857C00C6F303112846FEF7D9FF06F00F01284673
:10858C00BDE8F840FEF7D2BF00C00042002A00F060
:10859C008283154B2DE9F04F804683B089461746F0
:1085AC001868DFF854B0114D114CDBF800306268DC
:1085BC00BB42DFF848A042F07D5228BF3B4640EA60
:1085CC000A0A62601E460B4B1B682AEA030A2AF051
:1085DC00785AC4F800A02B6893B1002200BF013276
:1085EC002B689A42FAD30BE070450020B44500206A
:1085FC0000C000422414002020140020000140017F
:10860C004AF040634AF0606223600193226000BF2D
:10861C0000BF00BF00BF00BF00BF00BF00BF00BF56
:10862C0000BF00BF00BF00BF00BF00BF00BF00BF46
:10863C0000BF00BF00BF00BF00BF00BF00BF00BF36
:10864C0000BF00BF00BF00BF00BF00BF00BF00BF26
:10865C0000BF00BF00BF00BF00BF00BF00BF00BF16
:10866C0000BF00BF00BF00BF00BF00BF00BF00BF06
:10867C0000BF00BF00BF00BF00BF00BF00BF00BFF6
:10868C0000BF00BF00BF00BF00BF00BF00BFFEF7B0
:10869C00C5FA019B236000BF00BF00BF00BF00BF35
:1086AC0000BF00BF00BF00BF00BF00BF00BF00BFC6
:1086BC0000BF00BF00BF00BF00BF00BF00BF00BFB6
:1086CC0000BF00BF00BF00BF00BF00BF00BF00BFA6
:1086DC0000BF00BF00BF00BF00BF00BF00BF00BF96
:1086EC0000BF00BF00BF00BF00BF00BF00BF00BF86
:1086FC0000BF00BF00BF00BF00BF00BF00BF00BF76
:10870C0000BF00BF00BF00BF00BF00BF00BF00BF65
:10871C0000BF00BF00BFFEF781FA4AF000534AF0D9
:10872C00085223600193226000BF00BF00BF00BF4E
:10873C0000BF00BF00BF00BF00BF00BF00BF00BF35
:10874C0000BF00BF00BF00BF00BF00BF00BF00BF25
:10875C0000BF00BF00BF00BF00BF00BF00BF00BF15
:10876C0000BF00BF00BF00BF00BF00BF00BF00BF05
:10877C0000BF00BF00BF00BF00BF00BF00BF00BFF5
:10878C0000BF00BF00BF00BF00BF00BF00BF00BFE5
:10879C0000BF00BF00BF00BF00BF00BF00BF00BFD5
:1087AC0000BF00BF00BF00BFFEF738FA019B23607B
:1087BC0000BF00BF00BF00BF00BF00BF00BF00BFB5
:1087CC0000BF00BF00BF00BF00BF00BF00BF00BFA5
:1087DC0000BF00BF00BF00BF00BF00BF00BF00BF95
:1087EC0000BF00BF00BF00BF00BF00BF00BF00BF85
:1087FC0000BF00BF00BF00BF00BF00BF00BF00BF75
:10880C0000BF00BF00BF00BF00BF00BF00BF00BF64
:10881C0000BF00BF00BF00BF00BF00BF00BF00BF54
:10882C0000BF00BF00BF00BF00BF00BF00BF00BF44
:10883C00FEF7F4F941465046FFF72AFE002E00F0F1
:10884C00238209F1FF32B14409F1FF3112F8013FE3
:10885C001B094AEA836343F000702360206000BF69
:10886C0000BF00BF00BF00BF00BF00BF00BF00BF04
:10887C0000BF00BF00BF00BF00BF00BF00BF00BFF4
:10888C0000BF00BF00BF00BF00BF00BF00BF00BFE4
:10889C0000BF00BF00BF00BF00BF00BF00BF00BFD4
:1088AC0000BF00BF00BF00BF00BF00BF00BF00BFC4
:1088BC0000BF00BF00BF00BF00BF00BF00BF00BFB4
:1088CC0000BF00BF00BF00BF00BF00BF00BF00BFA4
:1088DC0000BF00BF00BF00BF00BF00BF00BF00BF94
:1088EC0000BF00BF00BF00BF00BF00BF00BF00BF84
:1088FC0000BF00BF00BF00BF00BF00BF00BF00BF74
:10890C0000BF00BF00BF00BF00BF00BF00BF00BF63
:10891C0000BF00BF00BF00BF00BF00BF00BF00BF53
:10892C0000BF00BF00BF00BF00BF00BF00BF00BF43
:10893C0000BF00BF00BF00BF00BF00BF00BF00BF33
:10894C0000BF00BF00BF00BF00BF00BF00BF00BF23
:10895C0000BF00BF00BF00BF00BF00BF00BF23604F
:10896C0000BF00BF00BF00BF00BF00BF00BF00BF03
:10897C0000BF00BF00BF00BF00BF00BF00BF00BFF3
:10898C0000BF00BF00BF00BF00BF00BF00BF00BFE3
:10899C0000BF00BF00BF00BF00BF00BF00BF00BFD3
:1089AC0000BF00BF00BF00BF00BF00BF00BF00BFC3
:1089BC0000BF00BF00BF00BF00BF00BF00BF00BFB3
:1089CC0000BF00BF00BF00BF00BF00BF00BF00BFA3
:1089DC0000BF00BF00BF00BF00BF00BF00BF00BF93
:1089EC0000BF00BF00BF00BF00BF00BF00BF00BF83
:1089FC0000BF00BF00BF00BF00BF00BF00BF00BF73
:108A0C0000BF00BF00BF00BF00BF00BF00BF00BF62
:108A1C0000BF00BF00BF00BF00BF00BF00BF00BF52
:108A2C0000BF00BF00BF00BF00BF00BF00BF00BF42
:108A3C0000BF00BF00BF00BF00BF00BF00BF00BF32
:108A4C0000BF00BF00BF00BF00BF00BF00BF00BF22
:108A5C0000BF00BF00BF00BF00BF00BF00BF00BF12
:108A6C00137803F00F034AEA836343F0007023602A
:108A7C00206000BF00BF00BF00BF00BF00BF00BF31
:108A8C0000BF00BF00BF00BF00BF00BF00BF00BFE2
:108A9C0000BF00BF00BF00BF00BF00BF00BF00BFD2
:108AAC0000BF00BF00BF00BF00BF00BF00BF00BFC2
:108ABC0000BF00BF00BF00BF00BF00BF00BF00BFB2
:108ACC0000BF00BF00BF00BF00BF00BF00BF00BFA2
:108ADC0000BF00BF00BF00BF00BF00BF00BF00BF92
:108AEC0000BF00BF00BF00BF00BF00BF00BF00BF82
:108AFC0000BF00BF00BF00BF00BF00BF00BF00BF72
:108B0C0000BF00BF00BF00BF00BF00BF00BF00BF61
:108B1C0000BF00BF00BF00BF00BF00BF00BF00BF51
:108B2C0000BF00BF00BF00BF00BF00BF00BF00BF41
:108B3C0000BF00BF00BF00BF00BF00BF00BF00BF31
:108B4C0000BF00BF00BF00BF00BF00BF00BF00BF21
:108B5C0000BF00BF00BF00BF00BF00BF00BF00BF11
:108B6C0000BF00BF00BF00BF00BF00BF00BF00BF01
:108B7C0000BF236000BF00BF00BF00BF00BF00BF2D
:108B8C0000BF00BF00BF00BF00BF00BF00BF00BFE1
:108B9C0000BF00BF00BF00BF00BF00BF00BF00BFD1
:108BAC0000BF00BF00BF00BF00BF00BF00BF00BFC1
:108BBC0000BF00BF00BF00BF00BF00BF00BF00BFB1
:108BCC0000BF00BF00BF00BF00BF00BF00BF00BFA1
:108BDC0000BF00BF00BF00BF00BF00BF00BF00BF91
:108BEC0000BF00BF00BF00BF00BF00BF00BF00BF81
:108BFC0000BF00BF00BF00BF00BF00BF00BF00BF71
:108C0C0000BF00BF00BF00BF00BF00BF00BF00BF60
:108C1C0000BF00BF00BF00BF00BF00BF00BF00BF50
:108C2C0000BF00BF00BF00BF00BF00BF00BF00BF40
:108C3C0000BF00BF00BF00BF00BF00BF00BF00BF30
:108C4C0000BF00BF00BF00BF00BF00BF00BF00BF20
:108C5C0000BF00BF00BF00BF00BF00BF00BF00BF10
:108C6C0000BF00BF00BF00BF00BF00BF00BF00BF00
:108C7C0000BF00BF91427FF4E9AD074BBF1B1868E2
:108C8C00206005D0B04490E4034B186820608CE45D
:108C9C0003B0BDE8F08F704770450020002A00F04B
:108CAC008C830B462DE9F04F9246134A83B08146D4
:108CBC001568DFF858B0114F114E124CDBF800203C
:108CCC0045F001256168524545F4800541F07D5120
:108CDC0028BF5246616090460B4A126825EA02058D
:108CEC0025F0785525603A6892B1002100BF01311A
:108CFC003A689142FAD30BE070450020B44500204D
:108D0C002814002000C0004224140020201400204D
:108D1C000E2128460193FEF709FC0B212846FEF78D
:108D2C0005FC49462846FFF7B3FB6268019B22F01D
:108D3C00705262603268002A00F00A8145F00070BF
:108D4C000021206000BF00BF00BF00BF00BF00BFFC
:108D5C0000BF00BF00BF00BF00BF00BF00BF00BF0F
:108D6C0000BF00BF00BF00BF00BF00BF00BF00BFFF
:108D7C0000BF00BF00BF00BF00BF00BF00BF00BFEF
:108D8C0000BF00BF00BF00BF00BF00BF00BF00BFDF
:108D9C0000BF00BF00BF00BF00BF00BF00BF00BFCF
:108DAC0000BF00BF00BF00BF00BF00BF00BF00BFBF
:108DBC0000BF00BF00BF00BF00BF00BF00BF00BFAF
:108DCC0000BF00BF00BF00BF00BF00BF00BF00BF9F
:108DDC0000BF00BF00BF00BF00BF00BF00BF00BF8F
:108DEC0000BF00BF00BF00BF00BF00BF00BF00BF7F
:108DFC0000BF00BF00BF00BF00BF00BF00BF00BF6F
:108E0C0000BF00BF00BF00BF00BF00BF00BF00BF5E
:108E1C0000BF00BF00BF00BF00BF00BF00BF00BF4E
:108E2C0000BF00BF00BF00BF00BF00BF00BF00BF3E
:108E3C0000BF00BF00BF00BF00BF00BF00BF00BF2E
:108E4C0000BF00BF256000BF00BF00BF00BF00BF58
:108E5C0000BF00BF00BF00BF00BF00BF00BF00BF0E
:108E6C0000BF00BF00BF00BF00BF00BF00BF00BFFE
:108E7C0000BF00BF00BF00BF00BF00BF00BF00BFEE
:108E8C0000BF00BF00BF00BF00BF00BF00BF00BFDE
:108E9C0000BF00BF00BF00BF00BF00BF00BF00BFCE
:108EAC0000BF00BF00BF00BF00BF00BF00BF00BFBE
:108EBC0000BF00BF00BF00BF00BF00BF00BF00BFAE
:108ECC0000BF00BF00BF00BF00BF00BF00BF00BF9E
:108EDC0000BF00BF00BF00BF00BF00BF00BF00BF8E
:108EEC0000BF00BF00BF00BF00BF00BF00BF00BF7E
:108EFC0000BF00BF00BF00BF00BF00BF00BF00BF6E
:108F0C0000BF00BF00BF00BF00BF00BF00BF00BF5D
:108F1C0000BF00BF00BF00BF00BF00BF00BF00BF4D
:108F2C0000BF00BF00BF00BF00BF00BF00BF00BF3D
:108F3C0000BF00BF00BF00BF00BF00BF00BF00BF2D
:108F4C0000BF00BF00BF013132688A423FF6F9AE64
:108F5C00B8F1000F00F0268208EB030C45F000710D
:108F6C00013B0CF1FF30216000BF00BF00BF00BF10
:108F7C0000BF00BF00BF00BF00BF00BF00BF00BFED
:108F8C0000BF00BF00BF00BF00BF00BF00BF00BFDD
:108F9C0000BF00BF00BF00BF00BF00BF00BF00BFCD
:108FAC0000BF00BF00BF00BF00BF00BF00BF00BFBD
:108FBC0000BF00BF00BF00BF00BF00BF00BF00BFAD
:108FCC0000BF00BF00BF00BF00BF00BF00BF00BF9D
:108FDC0000BF00BF00BF00BF00BF00BF00BF00BF8D
:108FEC0000BF00BF00BF00BF00BF00BF00BF00BF7D
:108FFC0000BF00BF00BF00BF00BF00BF00BF00BF6D
:10900C0000BF00BF00BF00BF00BF00BF00BF00BF5C
:10901C0000BF00BF00BF00BF00BF00BF00BF00BF4C
:10902C0000BF00BF00BF00BF00BF00BF00BF00BF3C
:10903C0000BF00BF00BF00BF00BF00BF00BF00BF2C
:10904C0000BF00BF00BF00BF00BF00BF00BF00BF1C
:10905C0000BF00BF00BF00BF00BF00BF00BF00BF0C
:10906C0000BF00BF00BF00BFD4F808E0256000BF00
:10907C0000BF00BF00BF00BF00BF00BF00BF00BFEC
:10908C0000BF00BF00BF00BF00BF00BF00BF00BFDC
:10909C0000BF00BF00BF00BF00BF00BF00BF00BFCC
:1090AC0000BF00BF00BF00BF00BF00BF00BF00BFBC
:1090BC0000BF00BF00BF00BF00BF00BF00BF00BFAC
:1090CC0000BF00BF00BF00BF00BF00BF00BF00BF9C
:1090DC0000BF00BF00BF00BF00BF00BF00BF00BF8C
:1090EC0000BF00BF00BF00BF00BF00BF00BF00BF7C
:1090FC0000BF00BF00BF00BF00BF00BF00BF00BF6C
:10910C0000BF00BF00BF00BF00BF00BF00BF00BF5B
:10911C0000BF00BF00BF00BF00BF00BF00BF00BF4B
:10912C0000BF00BF00BF00BF00BF00BF00BF00BF3B
:10913C0000BF00BF00BF00BF00BF00BF00BF00BF2B
:10914C0000BF00BF00BF00BF00BF00BF00BF00BF1B
:10915C0000BF00BF00BF00BF00BF00BF00BF00BF0B
:10916C0000BF00BF00BF00BF00BF00BF00BF216039
:10917C0000BF00BF00BF00BF00BF00BF00BF00BFEB
:10918C0000BF00BF00BF00BF00BF00BF00BF00BFDB
:10919C0000BF00BF00BF00BF00BF00BF00BF00BFCB
:1091AC0000BF00BF00BF00BF00BF00BF00BF00BFBB
:1091BC0000BF00BF00BF00BF00BF00BF00BF00BFAB
:1091CC0000BF00BF00BF00BF00BF00BF00BF00BF9B
:1091DC0000BF00BF00BF00BF00BF00BF00BF00BF8B
:1091EC0000BF00BF00BF00BF00BF00BF00BF00BF7B
:1091FC0000BF00BF00BF00BF00BF00BF00BF00BF6B
:10920C0000BF00BF00BF00BF00BF00BF00BF00BF5A
:10921C0000BF00BF00BF00BF00BF00BF00BF00BF4A
:10922C0000BF00BF00BF00BF00BF00BF00BF00BF3A
:10923C0000BF00BF00BF00BF00BF00BF00BF00BF2A
:10924C0000BF00BF00BF00BF00BF00BF00BF00BF1A
:10925C0000BF00BF00BF00BF00BF00BF00BF00BF0A
:10926C0000BF00BF00BF00BF00BF00BF00BF00BFFA
:10927C00A268256000BF00BF00BF00BF00BF00BFD9
:10928C0000BF00BF00BF00BF00BF00BF00BF00BFDA
:10929C0000BF00BF00BF00BF00BF00BF00BF00BFCA
:1092AC0000BF00BF00BF00BF00BF00BF00BF00BFBA
:1092BC0000BF00BF00BF00BF00BF00BF00BF00BFAA
:1092CC0000BF00BF00BF00BF00BF00BF00BF00BF9A
:1092DC0000BF00BF00BF00BF00BF00BF00BF00BF8A
:1092EC0000BF00BF00BF00BF00BF00BF00BF00BF7A
:1092FC0000BF00BF00BF00BF00BF00BF00BF00BF6A
:10930C0000BF00BF00BF00BF00BF00BF00BF00BF59
:10931C0000BF00BF00BF00BF00BF00BF00BF00BF49
:10932C0000BF00BF00BF00BF00BF00BF00BF00BF39
:10933C0000BF00BF00BF00BF00BF00BF00BF00BF29
:10934C0000BF00BF00BF00BF00BF00BF00BF00BF19
:10935C0000BF00BF00BF00BF00BF00BF00BF00BF09
:10936C0000BF00BF00BF00BF00BF00BF00BF00BFF9
:10937C0000BF00BF4FEA9E6EC2F3836242EA0E1238
:10938C0003F8012F98427FF4EEAD0C4BBAEB080AB0
:10939C001D682560636843F07D5363600AD0C14447
:1093AC0063468BE4054A15682560626842F07D527D
:1093BC00626083E403B0BDE8F08F70477045002015
:1093CC006F49704B0A682DE9F04742F00202052400
:1093DC000A60DC665C679C67DC67C3F88040C3F896
:1093EC008440C3F88840BFF34F8F0121022001F065
:1093FC005DFF0121032001F059FF0121042001F040
:10940C0055FF20460121302401F050FF5E4B4FF4F4
:10941C008072C3F88420E0B20134012101F046FFD0
:10942C00372CF8D1584B4FF0E020584A1C6858495B
:10943C002243584D1A6005F500665A6842F07D5279
:10944C005A600022D0F8FC3D43F08073C0F8FC3D1C
:10945C000B6843F001030B60294602F07F032532B1
:10946C00403B01F8013FB142F7D14B4A4B4B02F55F
:10947C00805E93F90070083313F9064C13F9070C4E
:10948C00BFB213F9051CA4B213F904AC80B213F9E2
:10949C00029C89B213F9038C47EA0A4713F901CCF1
:1094AC0044EA094440EA084041EA0C41C2E900742C
:1094BC00C2E9020110327245DBD1394CDFF808E108
:1094CC0004F58057AEF10403204613F9011F083050
:1094DC0093F9042089B293F908809E4593F90CC046
:1094EC0092B241EA084142EA0C4240E90212ECD144
:1094FC0020340EF1100EA742E4D1002315F9012FF0
:10950C00B5421344FAD1274C0022274D40F2EE28E5
:10951C0026492748236001F027FA264C264FDFF80E
:10952C00AC902E6803F02CFA2378E3B13B78DB0780
:10953C0019D52B68D9F800209B1A0E2B13D94FF490
:10954C00967001F05DFE40211C4803F09DF91C480B
:10955C0001F0B2FC41211B4803F096F91848BDE814
:10956C00F04701F0A9BC2B6822789B1B2AB1B3F5FC
:10957C00FA6FE4D803F004FAD4E74345FAD9DEE7EE
:10958C0000402A4000801F4000C000420001400102
:10959C00001000E09F3C0020B8550020A03C0020AB
:1095AC00B8450020B8650020D067002040420F006D
:1095BC006013002002680020016800201C090020B4
:1095CC005013002060090020A33C0020E06700201D
:1095DC0010B5044604F04CFB02460B48214601F042
:1095EC0043FC094801F068FC0221084803F04CF9DF
:1095FC00204604F03DFB0146204603F045F90448A3
:10960C00BDE8104001F058BC60130020A4090020F4
:10961C00501300202DE9F04FA1B0964801F0C2F88C
:10962C00A8B1944801F00EF9934BC0B21B780A28EC
:10963C0010D00D280ED03E2BEFD890495A1CC85490
:10964C008D4B8C481A7001F0ADF80028E9D121B08F
:10965C00BDE8F08F002BE0D00022884C0221884816
:10966C00E25403F011F9204604F002FB01462046B7
:10967C0003F00AF9834801F01FFC2378824A423B2D
:10968C005768362B38D8DFE813F03E003700E0007F
:10969C0037001901550137001B02370037004F0204
:1096AC00D0027E0337009B03370037056305BD06E8
:1096BC00ED06FD064B0780073700370037003700F3
:1096CC00370037003700370037003E003700E00026
:1096DC0037001901550137001B02370037004F02C4
:1096EC00D0027E0337009B03370037056305BD06A8
:1096FC00ED06FD064B0780076448FFF769FF002362
:10970C005D4A137089E70120614FF8F73FFD04466D
:10971C000220F8F73BFDC1B2E0B25E4CF8F7AEFCAC
:10972C005D4BD7F800801A685C4B48EA030323EAC8
:10973C00020323F078595A4B5A6849F0405642F0CC
:10974C007D525A60C3F8009025683DB1002300BFDC
:10975C0001332568AB42FAD3D7F800800F21484675
:10976C00F9F7C6FA48460521DFF84CA1F9F7C0FA1B
:10977C004B4B4548C3F800804A4A4368DAF800105E
:10978C00A2FB0121890C01EB81014268D21A9142A2
:10979C00FBD8434A16603DB1002200BF0132256858
:1097AC00AA42FAD3D7F8008066213046F8F7A0FF1A
:1097BC003B4A3548C2F8008002F18D72436802F5CD
:1097CC008F32DAF800108332A2FB0121890C01EBF5
:1097DC0081014268D21A9142FBD8314A16603DB1E0
:1097EC00002200BF013223689A42FAD3D7F80080D6
:1097FC002B4D99213046F8F77BFF0220C5F80080ED
:10980C0001F0FEFC2E6022682AB1002200BF01325A
:10981C0023689A42FAD330463521F8F769FF396844
:10982C001F4A32251F4C116017494868DAF800208E
:10983C00A4FB0242920C05FB02F24B681B1A9A42E3
:10984C00FBD81948FFF7C4FE59E70120F8F79EFC36
:10985C0018280346154AA8BF182323EAE37313609C
:10986C00134A6021134803F0C1FF1248FFF7B0FE02
:10987C0045E700BF60130020F2670020744500200C
:10988C00A809002050130020001000E0E80A002076
:10989C0070450020B4450020241400200001400134
:1098AC0000C0004283DE1B43040A00202814002061
:1098BC00280A0020104500204C1300200120F8F746
:1098CC0065FC05460220F8F761FC804668B300246D
:1098DC00DFF84C92DFF84CA2824EA8EB0402281958
:1098EC00B2F5005F28BF4FF40052A04513D0337877
:1098FC0000EB400103EBC30301EB411103EBC3038A
:10990C003B335B1A784902EB010C01F8013B6145D2
:10991C00A3F16303F9D199F8003004F500547249AE
:10992C005AF823309847A045D7D8704B704A5B68DB
:10993C00DB1B96E701200DF17008F8F727FC694B4B
:10994C00C5B282461B781DA905EB450203EBC30388
:10995C0002EB421203EBC3033B339B1A424602F861
:10996C00013B9142A3F16303F9D1624B624F197829
:10997C00624B634E1878F8F781FBD7F800B0614B57
:10998C004BEA0606604C1A68604B26EA02065A68D7
:10999C0026F0785642F07D5246F040595A601E60CF
:1099AC0022683AB1002300BF013322689342FAD3F4
:1099BC00D7F800B00F2130460992F9F799F9052133
:1099CC003046F9F795F9514B4848C3F800B003F10C
:1099DC008D734F4903F58F33D0F804C00968833376
:1099EC00099AA3FB0131890C01EB81014368A3EBBC
:1099FC000C039942FAD8454BC3F800902AB10023C6
:109A0C0000BF013322689342FAD348460321F8F78A
:109A1C006FFECAF30741F8F76BFE3C4CCAF3072103
:109A2C000DF16C0AF8F764FE2946F8F761FE6368DD
:109A3C0023F0006363603B4646F048574E46994618
:109A4C004FF0080B0025276000BF00BFF9F746F95F
:109A5C00A3682660C3F3C06343EA450500BF00BF9B
:109A6C00F9F73CF9BBF1010BEDD10AF8015BD045DC
:109A7C00E6D1D9F800302360636843F07D5363600E
:109A8C009DF873209DF87230CDE905329DF8712058
:109A9C009DF87030CDE903329DF86F209DF86E3043
:109AAC00CDE901329DF86D209DF86C300092194A79
:109ABC006021194803F09AFE1748FFF789FD1EE64E
:109ACC00134A4FF40053126800934FF400030192B1
:109ADC00124A6021104803F089FE0F48FFF778FD09
:109AEC000DE600BFF4670020C01A0020001000E053
:109AFC00300A0020F367002070450020F567002035
:109B0C000001400124140020B445002000C0004294
:109B1C004C130020940A002010450020AC090020B2
:109B2C0003170020AC0300200120F8F72FFB83461D
:109B3C000220F8F72BFB00230746CDE91C33CDE9B7
:109B4C001E33002800F0EF859A46934D934B5446F4
:109B5C0010933E1B109A2B780BEB0409B6F5005FA3
:109B6C008F4952F82330484628BF4FF400563246EE
:109B7C009847A74243D08B4B09EB49094FF0000E95
:109B8C000A941B7809EB491903EBC30303EBC303DA
:109B9C0003F13B0CACEB090CDFF8049219F8011B38
:109BAC001CAA0023CDF824C08CEA0101C1F30314D4
:109BBC0001F00F0144FA03F041FA03FC013310F0F9
:109BCC00010F02D01068013010601CF0010F02D0A0
:109BDC00106801301060042B02F10402EAD10EF17E
:109BEC00010EDDF824C0B645ACF1630CD6D30A9C4B
:109BFC000AF1020AA74218BF013E0AEB460A04F515
:109C0C000054A742A5D8DDE91C72DDE91E31019391
:109C1C003B460092644ACDE9021A6021634803F086
:109C2C00E5FD6248FFF7D4FC69E50120F8F7AEFAD0
:109C3C0005460220F8F7AAFA82460320F8F7A6FA9E
:109C4C005B4B5C68BAF1000F00F06B8505EB0A0307
:109C5C00514E19944FF0000914935446504B1790E1
:109C6C0012934E4BCDE9156A1093159BB4F5005F1A
:109C7C00109922461B7828BF4FF40052149851F8C3
:109C8C002330001B46490E929847179B022B00F07D
:109C9C00AE84072C40F22785129B4FF00008CDF8BC
:109CAC0044904FF0000EC3F10803DFF810B1C14629
:109CBC00DFF8ECC00F9313940BEB09140F9E4FEAD3
:109CCC00890009F10201A7685BF820005FFA81F9AD
:109CDC000A9727690546DCE900230CF1080C0C9760
:109CEC00100902F00F3206EB0C0A6668190900F035
:109CFC000F30099603F00F33E66801F00F310B9625
:109D0C00D4E90576E4690D942FFA82F42FFA92F2D5
:109D1C0024FB05E4099D22FB05422FFA80F40A9DE1
:109D2C002FFA90F024FB05240B9A20FB024E2FFAFD
:109D3C0083F20C982FFA93F322FB008223FB072368
:109D4C002FFA81F22FFA91F122FB06320D9B21FBA7
:109D5C0003280E9B5345AFD2DDF844900EEB08035D
:109D6C00139C0E9A1349920A096801FB02F2A3EBA9
:109D7C00C2039944169AC4F50053D342C0F0A88488
:109D8C00A4F5005471E70120F8F700FA054B0A4AD4
:109D9C001870C3B265E500BF0217002070030020E5
:109DAC00C01A0020F4670020C40A002010450020CF
:109DBC00001000E0B8650020200A0020B8550020F3
:109DCC0000230120CDE91C33F8F7E0F9C4B20220DE
:109DDC00F8F7DCF9C24B4FF08072C3F884204FF4D3
:109DEC008002C3F884204FF48072C3F88420002CC6
:109DFC0000F07684012C00F08F84022C16D1C5075C
:109E0C004FF0100240F18484C3F884208407B44BD3
:109E1C004FF0200240F17884C3F884204107B04B06
:109E2C004FF0400240F16C84C3F884200525AD4C02
:109E3C00DFF8C0A2AC4A6068DAF80010A2FB01217E
:109E4C00890C01EB810163681B1A9942FBD8012133
:109E5C00352001F02BFAA24E4FF000720121322076
:109E6C004FEA051BC6F8882001F020FA4FF080520B
:109E7C0001213620C6F8842001F018FA4FF0005268
:109E8C0001213420C6F88420984E01F00FFA0121EC
:109E9C00312006EB0515934F01F008FAEA6856F8E5
:109EAC000B50C5F88820904A6068DAF80010A2FBC5
:109EBC000121890C7B681B1A9942FBD8884C4FF006
:109ECC0080624FF000634FF080594FF00058C4F897
:109EDC008420C4F88430C4F88490C4F88480F8F7E3
:109EEC003BF84FF080624FF00063C4F88420C4F854
:109EFC008830C4F88490C4F88880F8F72DF806EB05
:109F0C000B027848D268C5F88420C4F88490C4F851
:109F1C0084807C68744ADAF80010A2FB0121890C59
:109F2C0001EB810143681B1B9942FBD806EB0B022A
:109F3C006C4CD268C5F888206B4A4068DAF800107F
:109F4C00A2FB0121890C63681B1A9942FBD866207D
:109F5C00F8F776F806EB0B0256F80B50D26861480E
:109F6C00C5F88420604A6468DAF80010A2FB01216D
:109F7C00890C01EB810143681B1B9942FBD806EB52
:109F8C000B02584CD268C5F88820574A4068DAF85A
:109F9C000010A2FB0121890C63681B1A9942FBD8A3
:109FAC0006EB0B059920F8F74BF856F80B20E968EF
:109FBC000220C2F8841001F023F9E96856F80B204E
:109FCC004848C2F88810484A6468DAF80010A2FBC6
:109FDC000121890C43681B1B9942FBD89F20404DE3
:109FEC00F8F72EF80020F8F72BF80DF16F09002088
:109FFC000DF177073B4CF8F723F8DFF8EC800020E5
:10A00C00F8F71EF83120002101F050F908204FF02C
:10A01C00000C4FF0007EC5F884E0AB686168C3F3B8
:10A02C00C063DAF8002043EA4C0CA8FB0232920C15
:10A03C0063685B1A9A42FBD8C5F888E06168DAF865
:10A04C000020A8FB0232920C63685B1A9A42FBD880
:10A05C000138E0D109F801CFB945D3D106EB0B019A
:10A06C0056F80B20204BC968C2F884106068DAF8E7
:10A07C0000201C49A3FB0232920C02EB82024B68BB
:10A08C001B1A9A42FBD8164B4FF080723024C3F83F
:10A09C0084204FF48002C3F884204FF48072C3F8FC
:10A0AC008420E0B20134012101F000F9372CF8D101
:10A0BC000B4A536843F07D5353609DF870200D2A72
:10A0CC0000F0168300239DF87310009203919DF805
:10A0DC007210074A02919DF8711001919DE500BF25
:10A0EC0000C00042001000E083DE1B43A0050020EE
:10A0FC00F00900204C1300200120B04EF8F746F870
:10A10C00B0F5005F3378A8BF4FF40050AC4AAD4DAA
:10A11C0004280446AC4E4FF00000B8BF042452F89B
:10A12C002330AA492246D5F800802C6077689847DE
:10A13C0072682346C5F80080D21B0092A44A6021A5
:10A14C00A44803F053FBA348FFF742FAFFF7D7BA32
:10A15C0001200DF16C09F8F719F89F4BC2B20DF103
:10A16C0070081B78099202EB420203EBC3030A90BE
:10A17C0002EB421203EBC3033B339B1A4A4602F831
:10A18C00013B4245A3F16303F9D1944B944F1978E9
:10A19C00944B954C1878F7F771FF944BD7F800B0A7
:10A1AC001A68934B4BEA030323EA020323F0785516
:10A1BC00904B5A6845F0405642F07D525A601D60F3
:10A1CC0022683AB1002300BF013322689342FAD3CC
:10A1DC00D7F800B00F2128460B92F8F789FD05211E
:10A1EC002846F8F785FDDFF818A2824BDFF8D8C1B6
:10A1FC00C3F800B08049DCF80430DAF800000B9AA0
:10A20C00A1FB0010800C00EB8000DCF80410C91AD4
:10A21C008842FAD877490E603AB1002100BF01316B
:10A22C0022689142FAD3D7F800B0662130460B92DF
:10A23C00F8F75EFA6F49DFF890C1C1F800B001F190
:10A24C008D71DCF8043001F58F31DAF800000B9ACF
:10A25C008331A1FB0010800C00EB8000DCF80410B3
:10A26C00C91A8842FAD863490E603AB1002200BF7D
:10A27C00013223689A42FAD3D7F800B099213046BC
:10A28C00F8F736FA5B4A0220C2F800B000F0B8FFCB
:10A29C00584A166022682AB1002100BF0131226899
:10A2AC009142FAD3304602210C92F8F721FA0A9B1C
:10A2BC002646C3F3074319460B93F8F719FA0A9B82
:10A2CC00C3F3072B5946F8F713FA0999F8F710FA64
:10A2DC000C9C19F8011BF8F70BFAC145F9D145494B
:10A2EC002246344606463868DFF80CC10860364909
:10A2FC004868DAF80030ACFB033C4FEA9C4C0CEBA2
:10A30C008C0C4B681B1A9C45FBD83A4B1E602AB12F
:10A31C00002300BF013322689342FAD33046032155
:10A32C00F8F7E6F90B99F8F7E3F9324C594645F092
:10A33C004855F8F7DDF90999F8F7DAF963680DF182
:10A34C00740A23F0006363604FF0080B4FF00009B0
:10A35C00256000BF00BFF8F7C1FCA3682660C3F3FB
:10A36C00C06343EA490900BF00BFF8F7B7FCBBF173
:10A37C00010BEDD108F8019BD045E5D13B6823607A
:10A38C00636843F07D5363609DF86F209DF86E30D9
:10A39C00CDE905329DF86D209DF86C30CDE9033286
:10A3AC009DF873209DF87230CDE901329DF8712033
:10A3BC009DF870300092114AFFF77ABB021700200B
:10A3CC007003002020140020001000E0C01A0020B0
:10A3DC00440A002010450020F4670020F367002099
:10A3EC0070450020F5670020B4450020241400209F
:10A3FC000001400100C0004283DE1B43640A0020C0
:10A40C004C1300200120DFF86893F7F7BFFE0546D8
:10A41C000220C84EF7F7BAFE04460320F7F7B6FE43
:10A42C000E2C21462B46A8BF0E210E2D0246A8BF8E
:10A43C000E23602821EAE171BF48A8BF602223EAFD
:10A44C00E373082AB8BF0822019289F8003050F84B
:10A45C00233050F8210000903170B8490A60B84A96
:10A46C00FFF737BB0120F7F791FEB0F5C87F034625
:10A47C00B44AA8BF4FF4C87323EAE3731360B24A1B
:10A48C00FFF7EFB90120F7F781FE82460220F7F7BC
:10A49C007DFE8146002800F04281AC4B0025A54E84
:10A4AC001293A846AA4BDFF8B4B210930997A9EB04
:10A4BC000807109A33780AEB0804B7F5005FA34934
:10A4CC0052F82330204628BF4FF400573A4698479D
:10A4DC00C14519D0129B04EB4401DA199BF80030EA
:10A4EC0001EB411103EBC30303EBC3033B335B1AD7
:10A4FC009649DBB211F8014BA3F163009C42C3B245
:10A50C0018BF01359142F5D108F50058C145CED898
:10A51C00099F904A2B465268D21B00928E4A0EE637
:10A52C0001208A4CF7F732FE8C4BB0F5005F19789E
:10A53C00A8BF4FF4005001EBC1010428064601EB03
:10A54C00C101B8BF04263B31A51904F8011BAC426C
:10A55C00A1F16301F9D1DFF818923246DFF814A2A9
:10A56C00002099F80030754C7A4D5AF82330774911
:10A57C00D4F8008026606F6898476A683346C4F840
:10A58C000080D21B0092764AD9E50120694EF7F77C
:10A59C00FDFD04460220DFF8E081F7F7F7FD0746E2
:10A5AC0033782046182F694E694A4FF00104A8BF32
:10A5BC001827314652F823303546012FB8BF0127F2
:10A5CC003A4698475823A8F8003002E05B2C3FF736
:10A5DC00BAAD15F8013BC4F1600108EB0400614A07
:10A5EC0003F004F9AB1B04449F42EFDCABE5032CF6
:10A5FC007CD9129B4FF0000ECDF84C904FF0000818
:10A60C00C3F10403DFF874B14FF00009DFF83CC16B
:10A61C00119318940BEB48145CF8043B119E4FEA11
:10A62C00C8022569990866445BF8222098090C95A4
:10A63C000F9601F0033109921A0900F0033003F070
:10A64C00033302F00332099D08F10108D4E901A794
:10A65C0008F07F080A97E7680B97D4E90576E46958
:10A66C000D942FFA83F42FFA93F324FB05E423FBC8
:10A67C000A930A9D2FFA81FA2FFA91F12AFB054AC7
:10A68C000B9C0C9D21FB04312FFA82F32FFA92F2D2
:10A69C0023FB05A322FB07122FFA80F12FFA90F06F
:10A6AC0021FB063E0D9B20FB0329DDE90E36B34250
:10A6BC00B0D20EEB0903189CDDF84C900E9A2A4987
:10A6CC00520A096801FB02F2A3EB4203FFF751BBEC
:10A6DC00199C204A4B465268121B0092234A2EE5C5
:10A6EC003025FFF7A4BB0023FFF73BBB0023E5E7B6
:10A6FC009DF87130A3F15D03B3FA83F35B09E2E4D7
:10A70C00C3F88820FFF792BBC3F88820FFF786BBFD
:10A71C00C3F88820FFF77ABB3325FFF788BB0546C3
:10A72C00F7E6D146D5E70146034602468246FFF7D7
:10A73C006EBA00BF02170020E8030020201400208E
:10A74C000C0A0020B4450020180A0020C01A002072
:10A75C0070030020001000E0DC0A0020F4670020E9
:10A76C00500A00205C0A0020B8650020380A00203E
:10A77C0003170020AC03002010450020B845002032
:10A78C0001207047B0F84630B0F848209BB292B226
:10A79C00934202D2013AD01A7047416B01390A44F4
:10A7AC00D01A7047016972B6B0F84A20B0F84C3034
:10A7BC0092B29BB29A423CBF806B1218C86AD31AF1
:10A7CC0062B6C0F302601844704700BFB0F84A107C
:10A7DC000246B0F84C3089B29BB2994210D001338A
:10A7EC00906B116B984298BF0023994203D9126A5F
:10A7FC00D05CC0B270475B1A526AD05CC0B2704772
:10A80C00D0F810C072B6B0F84A0080B2814201D0C4
:10A81C0062B6E4E7DCF82C3013F0E06F03D14FF0B4
:10A82C00FF3062B67047DCF81C0000214FF0010CC1
:10A83C00136AC0F30900A2F84AC0A2F84C10587071
:10A84C00EFE700BFB0F84AC00146B0F84C301FFA31
:10A85C008CFC9BB29C4525D0013310B5D1F838E067
:10A86C009E4515D90A6B1C469A4216D90A6AD25CC7
:10A87C00D0B28A6DA1F84C404AB19C451DD3ACEBCB
:10A88C000303CC6B9C4202D3CB6DC2F8883010BD55
:10A89C0000240A6B23469A42E8D8486A9A1A825CCA
:10A8AC00D0B2E6E76246006972B6B1F84AC01FFA48
:10A8BC008CFC624505D062B6CEE7E644AEEB0303F2
:10A8CC00DFE7C36A13F0E06F03D14FF0FF3062B6DD
:10A8DC007047C069C0F30900F9E700BF90F8443035
:10A8EC0043B110B5044602F04BF894F84430002BF9
:10A8FC00F9D110BD704700BF38B54369D3E90312D5
:10A90C00096811422DD00169044690F844200D4687
:10A91C0032B102F035F894F84430002BF9D1636968
:10A92C000021104AA961207E03EB0010007D02EB90
:10A93C000010D0F804C00520CCF8000094F819C021
:10A94C0003EB0C1393F8343002EB0312A36D526833
:10A95C001060A4F84A10A4F84C1013B1E26DC3F8BF
:10A96C00842038BDA005002007EE901A9FED947A44
:10A97C000421B6EE005AF8EE677A9FED926A41F622
:10A98C00FF7CC7EE275A2DE9F04315468E4601226F
:10A99C00046907EE901AF8EEE77A85EEA77A77EE5F
:10A9AC00057AFDEEE77A17EE903A6345A8BF634649
:10A9BC00012BB8BF012307EE903AF8EEE76A76EE6A
:10A9CC00C76AC6EE877AF5EEC07AF1EE10FA01D5B9
:10A9DC00F1EE677AF4EEC67AF1EE10FA03D8B0EE27
:10A9EC00676A8E461A4601312129D2D1416900236A
:10A9FC00866BB1F85870A0F84A30F71BA0F84C30B1
:10AA0C00A0F84630C763B1F85A70A0F84830F61B6E
:10AA1C0080F844300664D1E903763B683343AE05D5
:10AA2C003B60C5F34023837600F1A580077EDFF8F9
:10AA3C00C08101EB0717644B97F814C0D7F81C9032
:10AA4C0008EB0C1CDCF80860DCF804C03360BB6954
:10AA5C00CCF80030B9F1000F02D03F6AC9F8007091
:10AA6C00477ED92301EB071797F834C008EB0C1C71
:10AA7C00DCF808603360BF6BDCF804301F60437E89
:10AA8C0001EB0313DF6B0FB11B6C3B60BEF1080FC6
:10AA9C000EF1FF3CCCBF4FF0000E4FF0010E42EA1E
:10AAAC004E434FEA0C6202F0F8521343002223612A
:10AABC004B7849681033E260444A42F823104269EB
:10AACC004FF0010E424905F0030C5778B2F85620AE
:10AADC00404B7A544FF0021741694A7803EB5213FA
:10AAEC0002F01F029B000EFA02F21A60E762A36AE0
:10AAFC0043F08803A3626B0734D44CF47013AF0695
:10AB0C00827E2AD543F08053002A3CD12E07A361C4
:10AB1C0003D5236943F0005323616369EA0654BFEC
:10AB2C0023F0805343F080536361EB0503D5236915
:10AB3C0043F4005323618B686BB1274D2C78002CA8
:10AB4C003CD0264B03EB840101E08B422AD053F816
:10AB5C00042F9042F9D1BDE8F083002AD6D043F0FF
:10AB6C00A003D3E705F00F03042B14BF1C4B1D4BA4
:10AB7C004CEA0303C3E7477E4FF2D903DFF870803A
:10AB8C0001EB071770E7427E43F0A00301EB0212C2
:10AB9C0092F8342008EB0216B668326822F4404270
:10ABAC003260B3E7611C104A104B297043F8240043
:10ABBC00137843F002031370BDE8F0830121F2E730
:10ABCC00001BB74BEC78AD6038F00100001800208A
:10ABDC0000E400E040380038F7670020BC3A002061
:10ABEC0010003C0010003C4005680020C03A0020DA
:10ABFC00A0050020EFF31380B8B9EFF310834BB925
:10AC0C00EFF305823AB94FF48073EFF3118050B132
:10AC1C00984208D270470F2A02D8EFF3118270477E
:10AC2C00034B9B5CF1E7184670474FF0FF30F1E7A0
:10AC3C00F0E300E0036D2DE9F04188460446066917
:10AC4C0013B1426DC3F88420A37E2BB172B6B369E5
:10AC5C0043F00053B36162B6B4F84650636BADB2C7
:10AC6C000135AB424CD800273D46B4F848309BB276
:10AC7C009D4219D029E073691B0210D5B4F84830F5
:10AC8C00626B9BB201339A4237D91A46E16A9942F8
:10AC9C002ED9E169CB5CDBB2F361A4F84820B4F89F
:10ACAC0048309BB2AB4210D1FFF7A4FF6369B3F8F5
:10ACBC0056308342DFDAB0F5807FF0D101F060FED0
:10ACCC00B4F848309BB2AB42EED0E26AAA4219D932
:10ACDC00E26902F8058072B6012084F84400A4F8F9
:10ACEC004670B36943F40003B36162B6BDE8F0810A
:10ACFC005B1AA16ACB5CDBB2CEE700221346C5E738
:10AD0C002F46B2E7AD1AA26A02F80580E3E700BF4E
:10AD1C00FFF790BF0269536913F4401F70B537D029
:10AD2C00D36A13F0E06FC3F3026E2ED0B0F84A4032
:10AD3C00B0F84C30A4B29EB2D2F81CC0631CB0F870
:10AD4C004C10856BCCF3090C89B29D4298BF002343
:10AD5C00994208D0016B9942A3EB010166D9016AB3
:10AD6C0001F803C01C460EF1FF3313F0FF0EE3D1C4
:10AD7C00836DA0F84A4043B1B4425BD3A41B016C71
:10AD8C00A14202D8C16DC3F884105369DD0248D4C6
:10AD9C00D2F818E01EF4000F28D053691C0225D5F8
:10ADAC00B0F846C0B0F848301FFA8CFC9BB206E0F5
:10ADBC00C169C95CC9B2D161D16A490512D4634574
:10ADCC003CD0446B0133C16A9C4298BF002399422A
:10ADDC00A3EB0104ECD8816A095DC9B2D161D16AD7
:10ADEC004905ECD56345A0F8483029D01EF4800FF6
:10ADFC0016D053695B0213D50021036D80F8441003
:10AE0C0013B1416DC3F88810837E2BB172B6936970
:10AE1C0023F00053936162B6936923F4800393612A
:10AE2C0070BD536943F480135361B1E7446A04F86D
:10AE3C0001C097E7816B891B0C44A0E7A0F8483050
:10AE4C00936923F400039361936943F48003936142
:10AE5C00CCE700BF0148FFF75DBF00BF60130020C7
:10AE6C00084601F0FDBC00BF2DE9F0410C46D1B104
:10AE7C00EAB180468F1800250E4E04E001F0F0FC7C
:10AE8C00BC4205440CD0D8F8003014F8010B1B68F8
:10AE9C00B342F3D0014640469847BC420544F2D138
:10AEAC002846BDE8F0810D462846BDE8F0811546E0
:10AEBC00F6E700BF718F000000B5036883B040F661
:10AECC000D2C022201A95B68ADF804C0984703B0B1
:10AEDC0000BD00BF044B022888BF0346D3F800C056
:10AEEC001846DCF80430184750130020A94AAA4B26
:10AEFC0090422DE9F047A94CD3F814E09969D4F8A5
:10AF0C000CC000F2088103F1437303F5F4530333CF
:10AF1C00A3FB0023DB0D03EB830303EB830202F2A1
:10AF2C00B63240F227639A4228BF1A469C4BA3FBC9
:10AF3C000232D208203A984D0CF01F04D5F880301C
:10AF4C00944243F0C003C5F880300BD22CF01F0C98
:10AF5C00924C4CEA020CC4F80CC02368002BFCDAAF
:10AF6C000CF01F041EF0007327D18E4D2E698E4DF0
:10AF7C00B54300F0FA8081F4805576464FF4805743
:10AF8C0016F0605F06D02EF0605E4EEA030E824B28
:10AF9C00C3F814E015F4405F07D021F440517E4D06
:10AFAC003943A961AB6C1B07FCD44EF0007E7A4987
:10AFBC00C1F814E08B6C9F06FCD47C49884200F2EB
:10AFCC00DF80012635460EE0082D0CD1042E00F250
:10AFDC0091800136022506FB00F38B4200F2C38000
:10AFEC005B008B4206D8013506FB05F300FB03F32F
:10AFFC008B42E9D9771E05F1FF384FEA872A8EEA92
:10B00C0087276B4959186B4B99427CD9DFF8E4912F
:10B01C006C2369486349B0FBF5F0684DB0FBF6F062
:10B02C000E6835404D4508D043F400534FF480551D
:10B03C000D600B600B68002BFCDA57490B6903F0B1
:10B04C000703434504D0C1F810808B6CDE03FCD49D
:10B05C0017F4E05F0BD02EF4E05E0AF4E0534E4997
:10B06C0043EA0E0EC1F814E08B6C9D07FCD4544DD2
:10B07C00544945198D4239D8534BED09A3FB05357D
:10B08C002D0B6B1E1B028EEA030111F4407F07D0BF
:10B09C002EF4407E03F440733F4943EA0E034B61A8
:10B0AC003D494B6923F000734B618B6C9B06FCD4C0
:10B0BC00464BA242A3FB00134FF0FF314FEA9343E0
:10B0CC00B0FBF5F5B1FBF3F34149086041490D6064
:10B0DC0041490B6008D22CF01F0C30494CEA02029B
:10B0EC00CA600B68002BFCDABDE8F0874FF44073A4
:10B0FC000425C8E7771E2E494FF007084FEA872A28
:10B10C0059188EEA8727294B99421CD8DFF8E8900A
:10B11C00362332487EE7324B984201D80E220AE79A
:10B12C00304B984228D9304A904227D9821A2F4B5B
:10B13C00120AA3FB0232D20902EB820202EB820258
:10B14C0002F2E242EDE6A3F182532948DFF8AC901B
:10B15C00A3F589337E3BA3FB01310B0D03FB00F000
:10B16C0043EA090956E7012544E71F468EF0C0560D
:10B17C000D464FF0C05303E70F22DCE61222DAE64D
:10B18C00012603464FF0000A77464FF0000835467B
:10B19C0037E700BF001C4E0E00C00F4000000840F7
:10B1AC001F85EB5100800D4040300080FFB19F2681
:10B1BC00808D5B00FF7EF64D00643F4D7F3001803B
:10B1CC007FD1F0087F17B42C9F10E50083DE1B4362
:10B1DC004C13002048130020C867002000B29F26A3
:10B1EC00FF0A6B1B00A4781F0046C32323B24C003C
:10B1FC00001BB7006C2000803620008000200080EF
:10B20C0000B970472DE9F84F01218146224C234E9D
:10B21C00234D54E8003F3268286844E80013002BA3
:10B22C00F7D120494B684FF47A7BDFF87CA01B1ACE
:10B23C0001270BFB02F8DAF80020A2FB03235B4585
:10B24C0094BF9844D84454E8003F3268286844E8D6
:10B25C000073002BF7D14B68DAF800C01B1A0BFBFC
:10B26C0002F2ACFB03C3B3F57A7F94BFD21802F59C
:10B27C007A72A2EB0802B2F57A7F08D3B9F1010F0A
:10B28C0008F57A7809F1FF39DDD1BDE8F88F01F0C6
:10B29C0077FB0449D7E700BFD4670020D0670020B4
:10B2AC00CC670020001000E0C8670020362831D899
:10B2BC0002011B4B012903EB00109B5800B55A6887
:10B2CC00D0E902EC12D0042910D022EA0C025A6008
:10B2DC00C9B102291FD003294FF015020CBF114B25
:10B2EC00114BCEF8003043681A6000BD42EA0C02E4
:10B2FC0001295A6007D040F63803CEF80030436875
:10B30C0015221A6000BD38231522CEF80030436890
:10B31C001A6000BD7047054BCEF80030EFE700BF58
:10B32C00A0050020383001003800010038F0010081
:10B33C0008B5FEF745F8FEF76DF901F021FBFAE7C9
:10B34C00844641EA000313F003036DD1403A41D324
:10B35C0051F8043B40F8043B51F8043B40F8043BE3
:10B36C0051F8043B40F8043B51F8043B40F8043BD3
:10B37C0051F8043B40F8043B51F8043B40F8043BC3
:10B38C0051F8043B40F8043B51F8043B40F8043BB3
:10B39C0051F8043B40F8043B51F8043B40F8043BA3
:10B3AC0051F8043B40F8043B51F8043B40F8043B93
:10B3BC0051F8043B40F8043B51F8043B40F8043B83
:10B3CC0051F8043B40F8043B51F8043B40F8043B73
:10B3DC00403ABDD2303211D351F8043B40F8043B13
:10B3EC0051F8043B40F8043B51F8043B40F8043B53
:10B3FC0051F8043B40F8043B103AEDD20C3205D323
:10B40C0051F8043B40F8043B043AF9D2043208D01A
:10B41C00D2071CBF11F8013B00F8013B01D30B888C
:10B42C0003806046704700BF082A13D38B078DD06A
:10B43C0010F003038AD0C3F10403D21ADB071CBF3C
:10B44C0011F8013B00F8013B80D331F8023B20F8A6
:10B45C00023B7BE7043AD9D3013A11F8013B00F8DF
:10B46C00013BF9D20B7803704B7843708B78837067
:10B47C006046704701F1FF3C70B566464FF0000E18
:10B48C0001E00EF1010EB0FBF2F402FB1403092BE8
:10B49C0003F1370598BF03F130059042204606F8BA
:10B4AC00015FEED201EB0E0300225A70BEF1000FC9
:10B4BC0011D0481C70440CF102021CF8014F10F81A
:10B4CC00015DA1EB0C03521A8CF80050013B047087
:10B4DC0073449A42EFDB084670BD00BF10B50023E1
:10B4EC004FF470440F224FF4806EA0F88C41194633
:10B4FC00A0F88E214FF46044A0F890310A46B0F8C1
:10B50C00883148F2B82C43F0F003A0F8883101EBF5
:10B51C004103013100EB431304299C80A3F806E09E
:10B52C005A841A865A805A81A3F80EC05A82DA823B
:10B53C005A83DA83EBD1B0F8883143F00F03A0F8CB
:10B54C008831B0F8883143F47063A0F8883110BDAD
:10B55C00374B384A996F384841F47F0170B5996779
:10B56C0041F20106D3F8801045F6C05543F226048B
:10B57C000A43C3F88020FFF7B1FF00F58040FFF7C6
:10B58C00ADFF00F58040FFF7A9FF00F58040FFF705
:10B59C00A5FF0022A0F503104FF00F0E114600EB93
:10B5AC0042134FEA421C01329981042A5981A3F8B3
:10B5BC000EE09E82DD8020F80C1019829C81EED169
:10B5CC0000221E484FF00F0E41F20106114645F6BF
:10B5DC00C05543F2260400EB42134FEA421C0132E1
:10B5EC009981042A5981A3F80EE09E82DD8020F80F
:10B5FC000C1019829C81EED1002211480F2641F2C9
:10B60C000105114645F6C05443F2260E00EB4213D9
:10B61C004FEA421C01329981042A5981DE819D82B4
:10B62C00DC8020F80C101982A3F80CE0EED170BD70
:10B63C0000C00F40000003FC00C03D4000001E4055
:10B64C0000401E4072B6EFF30583524CC4F88430B0
:10B65C001EF0040F0CBFEFF30882EFF309824FF0DA
:10B66C00E0234D4DD3F8280DD3F82C1DC4E922014D
:10B67C00D3F8341DD3F8383DC4E924139369A834A6
:10B68C0044F8103CD36944F80C3C00F0CDF804EDC0
:10B69C00020A01F015FA0B2344F8040C4FF0FF32A8
:10B6AC003E4844F8283C2B68202104355A4042F38C
:10B6BC000003013903EA000383EA5202F7D1A542E1
:10B6CC00F1D1344BC3F8A820BFF34F8F4FF0E023D8
:10B6DC003149334AC3F8701FC3F8702FBFF34F8F33
:10B6EC00BFF36F8F2F4A02242F48D36E2F4943F498
:10B6FC004053D3660460D3692D4823F07F0343F095
:10B70C004003D3610B68834240D8274D00204FF093
:10B71C00E0234FF0FF3228600121C5F808012548CD
:10B72C000C460E46C5F80001C5F80811C3F8802177
:10B73C00C3F88421C3F88821C3F88C21C3F8902165
:10B74C0001E000F071F9D5F80C31002BF9D04F2C39
:10B75C00C5F80C6104F10104F3D9174B0220174909
:10B76C004FF00042C1F840015A63D5F80C313BB997
:10B77C00134814490C4A0163D2F80C31002BFAD04F
:10B78C004FF0E023104AC3F80C2DFEE7FFF7AEFB99
:10B79C00BBE700BF00FF272080FF27202083B8EDE8
:10B7AC00A0FF272000C00F40004008404C13002091
:10B7BC00803DCD0B009F240000900D4000002E40DA
:10B7CC0000800F40F100AD0B0400FA05094A08B5E2
:10B7DC000346106823B1034407498B4201D8136018
:10B7EC0008BD02F0F3F90C2203464FF0FF301A604B
:10B7FC0008BD00BF2C14002000002820002070473A
:10B80C004FF0FF30704700BF4FF4005300204B60E7
:10B81C00704700BF012070474FF0FF30704700BFEA
:10B82C0030BFFDE7FFF70EBF124AD2F880305B073E
:10B83C00FBD5D2F880301048C3F30B230F4990EDA1
:10B84C00007A07EE903A91ED006AB8EE477A0C4A0E
:10B85C00F8EEE77A0B4BD2ED006A77EEC77A93EDF0
:10B86C00007AB8EE477A67EE867A87EEA60A37EE4C
:10B87C00400A704700810D40B8670020C067002067
:10B88C00C4670020BC670020836B70B586460E46EB
:10B89C0010461BB1536843F40043536072B6DEF894
:10B8AC00342042B31B4B1060D3F8B02132421ED16E
:10B8BC00194C656805E06268A2EB050CBCF5166FC7
:10B8CC000BD2D3F8402142F48042C3F84021D3F884
:10B8DC00B811D3F840215204EDD5314007D10D4AAF
:10B8EC00CEE90201D2F8B0313343C2F8B031CEF810
:10B8FC00340062B670BD0749CEE90202D1F8B0310E
:10B90C003343C1F8B031CEF83000CEF8340062B613
:10B91C0070BD00BF00002E40001000E070B5056B3C
:10B92C0095B12B46002403E01B680134012B0CD08D
:10B93C005A681206F8D5036306462CB12846B36B39
:10B94C002D689847013CF9D170BD00220023C0E955
:10B95C000C23F1E700B501BBDFF8A0C0234B00219D
:10B96C00234A4FF0010E4FF001109960C3F800E02C
:10B97C00CCE902314FF0800CC3F804C0C2F8BC0112
:10B98C00D2F8B0311B4843EA0E03C2F8B031016063
:10B99C00D2F8B031002BFBD100BD0904164BDFF8F7
:10B9AC005CC04FF0010E41F080019860104A596064
:10B9BC0000F58051C3F800E0D96000F50051CCF8D7
:10B9CC004830196100F5405100F580405961002163
:10B9DC009861CCF84C10D2F8B03143F48033C2F8F3
:10B9EC00B031D2F8B031002BFBD1B7E7E03A0020F0
:10B9FC0000002E404C670020003B0020000000207F
:10BA0C00074901220B78824023EA02030B7033B9F9
:10BA1C00044AD2F8483123F08003C2F84831704709
:10BA2C00FD67002000002E402DE9F047A64C82B0A7
:10BA3C00D4F84461F107C4F844614CD5D4F8AC3166
:10BA4C00002B43D0A14DA24FDFF8B882C4F8AC3123
:10BA5C00D5E90A20D4F8403143F40053C4F84031FE
:10BA6C00D4F840319B04F5D5D4F840314FF0011196
:10BA7C0023F40053C4F84031C4F8B411D4F8B431F1
:10BA8C0013F00113FAD191B284463B60B1F5086F03
:10BA9C0000F03A8100F2958040F2023E714500F0D0
:10BAAC00928100F2A480822900F0E181B1F5817FBE
:10BABC0000F0B381802940F09580864802210380F4
:10BACC00FFF748FFD4F8AC31002BBFD17E4AD2F837
:10BADC00BC31002B42D1720616D57B4BD3F8AC216E
:10BAEC00C3F8AC21D3F8BC21C3F8BC21D3F8B041C6
:10BAFC00002CFBD14FF0FF32C3F8B421D3F88431C2
:10BB0C0000F046FD744B1C60F40103D5734B1B68AD
:10BB1C0003B19847B00103D5714B1B6803B198472B
:10BB2C00710708D5684BD3F8843113F4007345D0F2
:10BB3C006C4B01221A70644BD3F848311A060AD5A3
:10BB4C00330608D5684A13782BB1013BDBB213706E
:10BB5C00002B00F06D8202B0BDE8F0875C49C2F8A2
:10BB6C00BC310868034240F098815B4A126813406C
:10BB7C00B1D01C0C554D1FFA83F810D094FAA4F7D1
:10BB8C00B7FA87F705EBC7104030FFF7C7FE012364
:10BB9C0003FA07F7BC43F1D1B8F1000F9BD0012792
:10BBAC0098FAA8F4B4FA84F405EBC41007FA04F478
:10BBBC00FFF7B4FE38EA0408F2D18CE7494A137057
:10BBCC00B9E742F2212E71455AD049D8B1F5106F20
:10BBDC0000F0A28042F2210C614503D1010C07292F
:10BBEC0000F08C814FF00113C4F8C0316AE7B1F555
:10BBFC00A06F00F0CA80A1F5D0610129F2D83B4BAF
:10BC0C0059680029EED01FFA8CFE120C03E019695A
:10BC1C000C330029E6D0B3F800C09445F7D1B3F843
:10BC2C0002C0F445F3D14FEA122C000CBCF1030F07
:10BC3C0000F0CB811B89834228BF0346B2F5007FFD
:10BC4C009A4640F09A81274B1B78002B40F0EE81EE
:10BC5C00274952462748DFF89C90FFF771FB9EE17D
:10BC6C0042F22133994214D04FF6C0039942B9D114
:10BC7C0083B2FF2BB6D843F46E4363F30F0CBEE7CD
:10BC8C0080B230B91C4B120C19681C4B19601C4B40
:10BC9C001A700023C5F84880EB64C8F808300123FB
:10BCAC00C8F800308023C8F804304FF00113C4F8F2
:10BCBC00BC31D4F8B03143F48033C4F8B031D4F88B
:10BCCC00B031002BFBD1FDE600002E40000000201F
:10BCDC004C6700208067002050670020E46700203C
:10BCEC00E86700200368002004680020980C0020FE
:10BCFC00281E006000002020D0670020E067002094
:10BD0C0001680020E03A0020B34B0121B3481B78B6
:10BD1C000370FFF71FFED5E6AF49120C01930A70B2
:10BD2C00AF4AC4F8C821AF4AC4F8CC21AE4AC4F813
:10BD3C00D02100F02FFC80220199AC4801F060FE6C
:10BD4C00AB498022019BA9644A60AA4AEB64C5F8FE
:10BD5C00A02002F13C428B6002F56C2202F56F725E
:10BD6C00C5F8E02001220A604FF00112C4F8BC2192
:10BD7C00D4F8B02142F48032C4F8B0219E4A3B6022
:10BD8C00D2F8B031002BFBD19CE69949EB648B6067
:10BD9C000123A9640B6080234B604FF0011396497B
:10BDAC00C4F8BC31D4F8B03143F48033C4F8B031AA
:10BDBC00D1F8B031002BFBD1130C5B0643F0807330
:10BDCC00C1F854317EE610F0780F7FF40BAF00F021
:10BDDC007F028A4B000653F822104CBF41F480318D
:10BDEC0041F0010143F822100021814BE964996074
:10BDFC000121AB64196080217F4A59604FF0011317
:10BE0C00C2F8BC31D2F8B03143F48033C2F8B0314F
:10BE1C00D2F8B031002BFBD154E610F0780F7FF440
:10BE2C00E1AE00F07F02754B000653F822104CBFB8
:10BE3C0021F4803121F0010143F8221000216C4BD8
:10BE4C00E96499600121AB64196080216A4A5960E8
:10BE5C004FF00113C2F8BC31D2F8B03143F4803347
:10BE6C00C2F8B031D2F8B031002BFBD12AE610F079
:10BE7C0078037FF4B7AE00F07F01604A000652F8F9
:10BE8C002110564A138036D5C90301D501231370EE
:10BE9C0002215248FFF75EFD14E600200860584965
:10BEAC000C88486842F221018C427FF45EAE80B26D
:10BEBC0000287FF45AAE5349534C03C9A1808628FD
:10BECC004FEA11412060A1717FF44FAE72B64F481A
:10BEDC00017841F008010170D2F848110D0605D423
:10BEEC0080200143C2F84401C2F8481162B6484AA6
:10BEFC005021117039E6CB07CAD5C7E74049EB6032
:10BF0C00444BC1E900200122AB601A60424A5A60DE
:10BF1C003C4A9A60D4F8B01141F00101C4F8B01158
:10BF2C0002F58051D96002F50051196102F54051BA
:10BF3C0002F5804259619A612F4AD2F8B031002B38
:10BF4C00FBD12B49EB648B600123A9640B6048F295
:10BF5C0080034B604FF00113C2F8BC31D2F8B03102
:10BF6C0043F48033C2F8B0314FF48033224A3B6043
:10BF7C00D2F8B031002BFBD1A4E5B2F5E06F7FF421
:10BF8C0068AE264B1B78002B4ED12549DFF89490D8
:10BF9C0052464846FFF7D4F9072389F8013029F0B7
:10BFAC001F0309EB0A02BFF34F8F4FF0E021C1F8DA
:10BFBC00703F20339A42FAD8BFF34F8FBFF36F8F85
:10BFCC0018485146FFF7C6FC7CE50B78834228BF26
:10BFDC0003469A463DE600BF0268002080670020B9
:10BFEC000200CC00C80002000200C8008000002043
:10BFFC00E03A00205DCFC6B800002E40C0012E40B4
:10C00C00A044002044670020D8670020FD67002072
:10C01C0004680020003B002080000700036800201B
:10C02C008C1E0060000020200449AFE7044910E694
:10C03C000320FFF7E5FC07F05BFB00BF281E006048
:10C04C008C1E00602DE9F043841E83B0022C02D9B3
:10C05C0003B0BDE8F083124D90460F46C60105EBC8
:10C06C00C0143C2200210190201D994601F0C8FC0F
:10C07C00B8FA88F23904520941EA42710122A951F5
:10C08C00C4F83890A260B9F1000FE1D00549019BCA
:10C09C009A400B681A430A6003B0BDE8F08300BFF6
:10C0AC0000000020506700202DE9F043A0F1020EA3
:10C0BC0083B0BEF1020F02D903B0BDE8F083914604
:10C0CC00C201124F884602F1400605463C2200216F
:10C0DC00F4190193201D01F093FCB9FA89FC4FEA85
:10C0EC000842019B4FEA5C1C42EA4C72BA51012295
:10C0FC00A363A260002BDFD0054905F110000B688B
:10C10C0082401A430A6003B0BDE8F08300000020AF
:10C11C005067002012044FF0010C816042F0800245
:10C12C00C0F800C0C36101F5805C01F5405342606A
:10C13C0001F5005201F58041C0F80CC08161C0E9E5
:10C14C0004237047831E022B00D9704700F1100C9A
:10C15C00064B0A4603EBC01000B54FF0010E0EFA69
:10C16C000CF15DF804EBFFF78FBB00BF4000002023
:10C17C00831E022B00D970474FF0010C034B0A466B
:10C18C000CFA00F103EBC010FFF77EBB000000209F
:10C19C0040687047144B0A22DFF850C0D3F82002D5
:10C1AC0020F07F4000EB800300B55B0085B060455C
:10C1BC0038BF18466946FFF75DF9DFF834C06B46A7
:10C1CC000022604619780132013341B10A2A20F865
:10C1DC00021FF7D116228CF8002005B000BD5200CA
:10C1EC008CF8002005B000BD00441F4080969800DC
:10C1FC00EC16002000F0ECBA00F0BABA00F020BB4C
:10C20C0000F0D8BA00F06EBB00F048BB08461146EF
:10C21C0000F03ABB70B5164D4FF0E02415494FF4C1
:10C22C000032154E05EB401582B001EB4021C4F8ED
:10C23C008C210346328828460191FFF76BFF019948
:10C24C0033880B44BFF34F8FC4F85C1F20318B42F3
:10C25C00FAD8BFF34F8FBFF36F8F03202946FFF738
:10C26C0087FF4FF40033C4F80C3102B070BD00BF2F
:10C27C00203B002080002020EC670020264B1A88F1
:10C28C004368C3F30E43D21A002AF0B5C46983B0D5
:10C29C0028DD2248224D01782D78CBB2DFF894C0EE
:10C2AC00A942204D09D01CF803100F4635F8111087
:10C2BC000E46C1F500718A421AD90133002125F8C6
:10C2CC001420082B184D88BF0B4625F8141098BF66
:10C2DC0019460CF80340154B017019680A441A6092
:10C2EC0003B0F0BD204603B0BDE8F040FFF792BFAD
:10C2FC000F4906EB47200192084401EB4421FFF75C
:10C30C001FF8019A09492046B31825F817300B6815
:10C31C0013440B60E7E700BFEC670020FB670020CD
:10C32C00FC6700208C6700209C6700208867002039
:10C33C0080002020AC670020224B1A78002A3FD1C5
:10C34C0002F0FF03204A1278002A39D01F4A1288C3
:10C35C00002A35D01E49C2F5006210B5087884B0A9
:10C36C001C4901EB40141C4901EBC0212046CDE9CE
:10C37C0002230191FFF7CEFEDDE901120A44BFF35F
:10C38C004F8F4FF0E020039BC0F8701F20318A4282
:10C39C00FAD80193BFF34F8FBFF36F8F0420214660
:10C3AC00FFF7D0FE0A480021084B027819800132B1
:10C3BC00019BD2B2032A98BF1346037004B010BD80
:10C3CC00704700BF0068002002680020EE67002064
:10C3DC00FF670020203C0020801020202DE9F04F2A
:10C3EC0087B00490002900F0BF8000235F4C604FA1
:10C3FC004FF00109DFF890A15E4E029303915E4B62
:10C40C005E4A1D783B8802EB451284F8009001923D
:10C41C00002B40F0A58098461D469B460198FFF7DF
:10C42C00B7FE10F0800000F08B80BFF34F8F9AF8AE
:10C43C00003084F800B00DB9D6F80080002B7BD109
:10C44C003368A3EB0803782B00F283804C4B1B78EA
:10C45C00002B71D000F094FA3B88012584F80090F1
:10C46C00002BDBD044491A46C3F500600D780399C4
:10C47C0000EBC520DFF814B19142584417D2059354
:10C48C00DDE903210192FEF75BFF019A4FF0404179
:10C49C00059B9B1A3B803B4BC3F88410BFF34F8F1B
:10C4AC00029800231044237007B0BDE8F08F049964
:10C4BC00FEF746FF00230BEBC5214FF400620198F9
:10C4CC00FFF728FE0BEBC521BFF34F8F01F12002C4
:10C4DC0001F50063934294BF012340234FF0E02207
:10C4EC0001EB4313C2F8701F20318B42FAD1BFF31A
:10C4FC004F8FBFF36F8F04200199FFF723FE1E4A65
:10C50C0013780133DBB2042B28BF002313703B8854
:10C51C00039AD11A029A1A4403910292049A1A4469
:10C52C0000230492174A3B80C2F88430BFF34F8F2C
:10C53C00237000297FF463AF029807B0BDE8F08F39
:10C54C004FF400620C4B8AF800001D7813463A80B9
:10C55C008DE7012302988AF8003007B0BDE8F08F10
:10C56C001A46C3F5006082E70846E6E7006800203B
:10C57C00EE670020D0670020FF670020203C0020E1
:10C58C000268002000002E40FE6700208010202052
:10C59C00704700BF2D4B002180222D4870B51B78B1
:10C5AC0000242C4E8B420CBF40234FF400732A4DB9
:10C5BC0033802B8001F024FA284A2146284B147032
:10C5CC004FF4807227481C8001F01AFA264A102179
:10C5DC00264B0220C2E90044C2E90244244AC3E9C2
:10C5EC0000441470234AC3E90244234B1C702346B5
:10C5FC0014602246FFF758FD204B22463188032059
:10C60C00FFF720FD2346012229880420FFF74CFD6B
:10C61C0020460134FFF7FEFD082CF9D1184B002100
:10C62C004A221848184C0460C3F88410C3F88020C0
:10C63C00D3F84821154942F08072C3F8482121B142
:10C64C00134A137843F00103137070BD0368002084
:10C65C00203C0020EC670020F0670020FF670020E2
:10C66C00EE670020203B00208C6700209C67002098
:10C67C00FB67002088670020FC6700208DA300006A
:10C68C0000002E40E467002049A4000000000000D8
:10C69C00056800202DE9F84F4FF400324FF0E023ED
:10C6AC00C3F88C212B4B1C78002950D082468B462A
:10C6BC00E4B20027DFF8B490274B5046274AABEB87
:10C6CC0007081B78A34204F1010437D0092C244B32
:10C6DC00244928BF00241E5D39F8163031F8165055
:10C6EC0003EB4621ED1A1144A8452A4617D21E4CDD
:10C6FC0042465046FEF724FE236839F81610584679
:10C70C00A3EB0B0388443B4429F8168023604FF0BD
:10C71C00E0234FF40032C3F80C21BDE8F88FFEF78C
:10C72C000FFE114A2F4430461368AA445B1B13605A
:10C73C00084A1470FFF76EFDBB45BDD84FF0E023DF
:10C74C004FF400323846C3F80C21BDE8F88F084688
:10C75C00DDE700BFFC670020FB6700208000202085
:10C76C00AC6700208C670020886700209C67002045
:10C77C000B4B0C4A12781978D3B28A420DD0013384
:10C78C0009480A4A092B0A4928BF0023C35C31F81F
:10C79C00131002EB4323585C70474FF0FF30704787
:10C7AC00FB670020FC670020AC6700208000202085
:10C7BC009C670020054B186800B1704700B583B02A
:10C7CC00019000F0DDF8019803B000BD88670020EF
:10C7DC002DE9F84F144E154D33782A78934220D01A
:10C7EC00DCB2DFF85090DFF850B0DFF85080104F1B
:10C7FC000134082CA24601D90024A24619F80400E1
:10C80C00DBF8003038F8102037F81010521A9B1A49
:10C81C00CBF80030FFF7FEFC86F800A02B78A34283
:10C82C00E6D1BDE8F88F00BFFC670020FB67002055
:10C83C009C670020AC670020886700208C67002074
:10C84C0000B583B001210DF10700FFF723FF18B1EC
:10C85C009DF8070003B000BD4FF0FF30FAE700BFB2
:10C86C00084B00B583B01B788DF8070033B101215C
:10C87C000DF10700FFF7B2FD03B000BD03F0FF00A0
:10C88C0003B000BD02680020034B1B780BB1FFF70F
:10C89C00A5BD03F0FF007047026800202DE9F041B0
:10C8AC0000240D4E01230D4DA0460D4F33703B78E7
:10C8BC002846A34205D0FFF76BFC030658BF08F5CA
:10C8CC00006801342035042CF1D1BFF34F8F0023C5
:10C8DC0040463370BDE8F08100680020203C002009
:10C8EC00FF670020204B1B7813B1204B1A8802B92C
:10C8FC0070471F4BC2F500621E481F4930B51B78AC
:10C90C0083B01E4C00EB431001EBC3210123054601
:10C91C0023700023CDE90012FFF7FCFBDDE90012C8
:10C92C000A44BFF34F8F4FF0E023C3F8701F203140
:10C93C008A42FAD8BFF34F8FBFF36F8F042029467A
:10C94C00FFF700FC0A49002208480B7802800133EB
:10C95C00DBB2042B28BF13460B70BFF34F8F074B72
:10C96C001A7003B030BD00BF02680020EE670020D3
:10C97C00FF670020203C0020801020200068002051
:10C98C002E4B2DE9F0411E7886B1DFF8C88098F85F
:10C99C0000305BB90123F10788F8003040D4B207AE
:10C9AC0027D4002388F80030730701D4BDE8F08148
:10C9BC00234B1A68002AF9D0EFF30582002AF5D12F
:10C9CC00EFF3108572B61868002830D01D4C217812
:10C9DC0000292CD10122227042691A60002A2AD027
:10C9EC00916105B962B60025836845779847257033
:10C9FC00DCE7154B1B78002BD3D0144F002557F8D0
:10CA0C00044F236820461B69984710B163699B68E3
:10CA1C0098470D4B01351A78EBB29A42EFD8C0E724
:10CA2C00FFF7C8FE0028BAD0AFF30080B7E7002D9F
:10CA3C00BCD162B6BAE7064B1A60D2E70568002093
:10CA4C00BC650020F6670020F7670020BC3A002088
:10CA5C00C8650020F867002070B5EFF3108272B63D
:10CA6C000C4C206880B10C4E00254369236073B1D7
:10CA7C009D6102B962B6836845779847EFF31082DF
:10CA8C0072B620680028F0D102B962B670BD33606E
:10CA9C00EFE700BFC4650020C0650020FFF7DCBFD6
:10CAAC000449054A4968054B196013680133136042
:10CABC00704700BF001000E0D0670020CC6700205A
:10CACC00074A506A936A19468446506A936A994297
:10CADC00F9D18445F7D1DB0B43EA4040704700BFE6
:10CAEC0000400D4008B5D0E900325BB1BAB10F4B34
:10CAFC00A3FB0213DB0803EB4303B2EB83030AD162
:10CB0C00012008BD094BA3FB0213DB0803EB430315
:10CB1C00B2EB830301D0D21A4260F02AF0D801F0B4
:10CB2C0055F81C22034600201A6008BDABAAAAAA1D
:10CB3C0030B583B060B3044621B11D46B2FA82F31E
:10CB4C005B09A2B9206818B362680AB3164B17497F
:10CB5C0002FB03F3B1EBB30F1AD3A368FBB90023A9
:10CB6C0023606360A360E360012003B030BD0193D8
:10CB7C00069BC0E90012C360FFF7B4FF60B1002D43
:10CB8C00F2D0626801992068A56000F039FFEBE7EC
:10CB9C0001F01CF816230360002003B030BD002107
:10CBAC0000F02EFFDBE700BFABAAAAAA555555151E
:10CBBC000A22002100F01ABD2DE9F04F01F10B0201
:10CBCC00162A85B0804624D8102900F2AB8000F0DC
:10CBDC00C9FA022518211022B74C2144A1F10800F2
:10CBEC004E68864200F062817268F168B46822F087
:10CBFC0003023244E1608C60516841F0010140460F
:10CC0C00516000F0B5FA06F10804204605B0BDE805
:10CC1C00F08F32F0070200F18580914200F28280A1
:10CC2C00019200F09FFA019AB2F5FC7FC0F0BA8134
:10CC3C00570A7FD0042F00F27281970907F139054A
:10CC4C002BB207F1380CDB009B4C2344A3F10806F4
:10CC5C005B689E4207D10DE00028DF6880F21381EB
:10CC6C00BE4207D03B46596821F00301881A0F28B1
:10CC7C00F2DD6546236991498B4200F0F1805E68D4
:10CC8C0026F00306B11A0F2900F391818B48002975
:10CC9C00C4E9040080F27981B6F5007F676880F002
:10CCAC001981F10801310FFA81FC76090121B1409B
:10CCBC0054F83C0098600F4304EBCC010839D96060
:10CCCC00676044F83C30C360AB1001269E40BE4206
:10CCDC0036D83E4206D125F0030576003E4205F1DA
:10CCEC000405FAD004EBC50A04EBC507A946F9689C
:10CCFC000EE0486820F0030EAEEB020CBCF10F0FF7
:10CD0C000B46C96800F31881BCF1000F80F22D812D
:10CD1C008F42EED109F1010919F0030F07F1080751
:10CD2C00E5D17FE10C23C8F800300024204605B083
:10CD3C00BDE8F08F4FF4007340254FF03F0C83E7B4
:10CD4C00A768796821F0030393429A4603D3991A92
:10CD5C000F2900F387805A495A4E09681031114443
:10CD6C000820CDE9011200F065FF01994B1E034428
:10CD7C004542834630681D40B0F1FF3F18BF29463D
:10CD8C004046019100F0FAFE411C0546DDE9011216
:10CD9C0000F02B8107EB0A0C844500F224814A4BEE
:10CDAC00186800EB01090BF1FF3EC3F8009000F08E
:10CDBC008981306801301BBFA5EB0C0C09EB0C0012
:10CDCC003560186015F00700814600F04881C0F10D
:10CDDC0008000544CDE901236B1803EA0E01584401
:10CDEC00401A00EA0E06314640469B4600F0C6FE4D
:10CDFC00421CDDE9012300F09581401B304440F0DA
:10CE0C0001011868A56000EB0609A7426960C3F828
:10CE1C00009017D0BAF10F0F40F25E81AAF10C010D
:10CE2C0021F0070C796801F0010141EA0C017960ED
:10CE3C00052607EB0C01BCF10F0FC1E9016600F2EE
:10CE4C0063816968214B1E684E4538BFC3F800905A
:10CE5C001F4B1E684E4501D2C3F800902F46C6E00A
:10CE6C00676831E7BD1841F0010142F001027A60B8
:10CE7C004046A560696000F07BF907F10804204684
:10CE8C0005B0BDE8F08F9A6801931944D760BA6079
:10CE9C004A6842F0010240464A6000F069F9019B81
:10CEAC0003F10804204605B0BDE8F08FCE68B1420E
:10CEBC007FF49AAE0235DDE6400D0020480D0020CF
:10CECC000466002084160020D4650020FC65002038
:10CEDC0000660020B6F5206F4FEA56207CD314284C
:10CEEC0000F2D38000F15C0109B25B30C90004EBA5
:10CEFC00010C6158ACF1080C8C4503D1A8E0896891
:10CF0C008C4504D0486820F00300B042F7D8D1F823
:10CF1C000CC0C3E9021CCCF80830CB60D4E6142F4B
:10CF2C0072D9542F00F2BA80170B07F16F052BB290
:10CF3C0007F16E0CDB0087E69D1842F001025A6087
:10CF4C009E68864AF1608E60C4E90455C5E90222E8
:10CF5C004CF001026A60404643F80EC0019300F0A9
:10CF6C0007F9019B03F10804E0E69E441C46DEF839
:10CF7C00043043F00103CEF8043054F8083F404627
:10CF8C00D9608B6000F0F4F8D0E61E44404672681D
:10CF9C00019342F00102726000F0EAF8019B03F188
:10CFAC000804C3E6D508691C09B2C90014E69D182B
:10CFBC0042F001025A60694A0193C4E90455C5E97B
:10CFCC00022241F001026A604046995100F0D0F80B
:10CFDC00019B03F10804A9E6B00900F1390109B27B
:10CFEC003830C90083E7A74263D0A768796821F07D
:10CFFC0003009042A0EB020102D30F293FF732AF9E
:10D00C00404600F0B5F890E607F15C052BB207F14D
:10D01C005B0CDB0018E6514651F808398B428A4606
:10D02C0040F09A8015F0030F05F1FF35F3D16368DA
:10D03C0023EA0603636076009E423FF681AE1EB97A
:10D04C007EE6760009F104091E42FAD04D4649E607
:10D05C008010012606FA00F00743676059E7CDE916
:10D06C0002236B1803EA0E01ABEB010606EA0E066F
:10D07C0031464046019300F081FD431C019B04BFE7
:10D08C004E461846DDE90223B7E6542827D8300B64
:10D09C0000F16F0109B26E30C90028E7B7F5AA7F1D
:10D0AC0027D8D70B07F178052BB207F1770CDB00EB
:10D0BC00CAE52B4B186800EB01090BF1FF3EC3F8D6
:10D0CC00009076E615EA0E0F7FF473AEA568514416
:10D0DC0041F001016960B5E601236B6090E7B0F5A2
:10D0EC00AA7F25D8F00B00F1780109B27730C9007E
:10D0FC00FDE640F254539F4224D8930C03F17D0576
:10D10C0003F17C0CEB009FE507F108014046CDE9EB
:10D11C00012300F06FFEA568029B6968D3F80090AC
:10D12C00019A8FE6A9F108010BEB0100002664E6D9
:10D13C0040F2545188420BD8B00C00F17D01C9006B
:10D14C007C30D4E64FF47E737F254FF07E0C7BE56C
:10D15C004FF47E717E20CAE663686CE7480D0020B0
:10D16C00D4650020014800F061BD00BFCC650020F3
:10D17C00014800F05DBD00BFCC650020002900F027
:10D18C009F802DE9F04383B00C4600928046FFF758
:10D19C00E9FF009901F10B03162B60D8102399427B
:10D1AC0060D854F804EC2EF003029A42A4F108055E
:10D1BC0065DAB348806805EB020C6045DCF8046066
:10D1CC0000F0908026F0010060444068C0076CD4E9
:10D1DC0026F00306901983424CDD1EF0010F0FD18F
:10D1EC0054F8080C281A0746406820F0030006443F
:10D1FC001644B34240F3EF801618B34240F3C98093
:10D20C004046CDE90023FFF7D7FCDDE900230646B5
:10D21C00002800F0178154F8041C21F00101294466
:10D22C00A0F1080C614500F0AE80043A242A00F20B
:10D23C00CE80132A00F29C800346224611681960A6
:10D24C005168596092689A602146404600F0D2FDC0
:10D25C004046FFF78DFF304603B0BDE8F08333F056
:10D26C0007039CD50C23C8F800300026304603B0C9
:10D27C00BDE8F0830246DCE90201C16088606968A0
:10D28C00D01A0F2801F0010105EB02061BD811433F
:10D29C006960736843F0010373604046FFF768FFF1
:10D2AC002646304603B0BDE8F0831EF0010FA7D12F
:10D2BC0054F8080C281A0746406820F003009BE736
:10D2CC001146FFF779BC19436960E91840F0010079
:10D2DC004860736843F0010308317360404600F006
:10D2EC0089FDDAE726F00306B01803F1100C60454F
:10D2FC0080F28B801EF0010F82D154F8080C281A92
:10D30C000746406820F0030006441644B445B14675
:10D31C003FF772AF3E46F96856F8080F043A242AD4
:10D32C00C160886000F2A580132A40F2A0802168B9
:10D33C00B9606168F9601B2A00F2A480083407F117
:10D34C0010022168116061685160A1689160F91840
:10D35C00A9EB03024A4D42F00102A9604A607A68C7
:10D36C0002F00102134340467B60FFF701FF98E790
:10D37C0023680360636843601B2A3BD804F10802EE
:10D38C0000F108035AE750F8041C21F003010A4489
:10D39C0075E7043A3D46F96855F8080F242AC16030
:10D3AC00886020D8132A1CD92168B9606168F9609B
:10D3BC001B2A3DD8083407F11002216811606168FE
:10D3CC005160A16891602C4632463D4657E7214694
:10D3DC0000F084FA38E7DCE90201043AC1608860A5
:10D3EC00D8E72A46E9E721462846009300F076FA6A
:10D3FC00009BE8E7A3688360E368C360242A25D018
:10D40C0004F1100200F1100318E71D4A1D44956049
:10D41C00C21A42F001026A6054F8042C02F00102B4
:10D42C001343404644F8043CFFF7A2FE264638E777
:10D43C00A1683961E1687961242A10D0103407F1B0
:10D44C001802BAE74046FFF793FE0EE72369036123
:10D45C006169416104F1180200F11803EEE62269DA
:10D46C00BA616269FA61183407F12002A5E7324605
:10D47C0067E721463046009300F030FA009B66E7E0
:10D48C00400D0020A1683961E1687961242A03D03C
:10D49C00103407F1180254E72269BA616269FA6123
:10D4AC00183407F120024CE7242B2DE9F84F42D811
:10D4BC00012B884619463ED091464B4A82461E4661
:10D4CC00C64670461EF8017BD35D13F00803F8D1F5
:10D4DC002D2F70D02B2F05BF9EF800709B469B46BE
:10D4EC0000F1020E6FF0004361BB302F4DD00A26C5
:10D4FC0031460022B3FBF6F4104606FB143505E06A
:10D50C003CD006FB00C001221EF8017BA7F1300CB9
:10D51C00BCF1090F06D9A7F1410CBCF1190F17D8B2
:10D52C00A7F1370C61451CDD571CEDD08442E7D2C6
:10D53C004FF0FF32E8E700F049FB162303600020B0
:10D54C00BDE8F88F1029D4D1302F27D00E46D0E764
:10D55C00A7F1610CBCF1190F03D8A7F1570C614569
:10D56C00E2DC511C30D0BBF1000F0CD1B9F1000F33
:10D57C00E6D0AABBC9F80080BDE8F88F6545C0DAD3
:10D58C004FF0FF32C0E74042F0E79EF8002002F077
:10D59C00DF02582A08D008263146AAE79EF8002058
:10D5AC0002F0DF02582AD1D110269EF801703146C4
:10D5BC000EF1020E9DE79EF800704FF0004300F153
:10D5CC00020E4FF0010B8FE72222CAF80020B9F1AE
:10D5DC00000F07D00EF1FF381846C9F80080CBE7D2
:10D5EC000346F7E71846ABE77D04002000B5DFF8EB
:10D5FC0018E084461346DEF800005DF804EB0A469A
:10D60C006146FFF751BF00BF98160020024A03493C
:10D61C00034800F0C9B800BF8C160020EDE90000EB
:10D62C00481100200C4B4168994210B5044601D0BA
:10D63C0003F054F9A168094B994202D0204603F03B
:10D64C004DF9E168064B994204D02046BDE81040E4
:10D65C0003F044B910BD00BF0866002070660020BE
:10D66C00D86600202DE9F843314A324C3249DFF8B4
:10D67C00DC90DFF8DC80314F116000250423294653
:10D68C00082204F15C00C4E903352D4EA560C4E901
:10D69C000055C4E90555656600F0B2F904F158006F
:10D6AC00C4E90749C4E90987E66200F0BBFA2946D8
:10D6BC00244B6367082204F1C400C4E91A55C4E979
:10D6CC001E552567C4F8CC50C4F8805000F098F96A
:10D6DC0004F1680304F1C000C4F88430C4E9229852
:10D6EC00C4E9247600F09EFA174BC4F8DC302946C6
:10D6FC0004F596700822C4E93455C4E93855C4F8C9
:10D70C00D850C4F83451C4F8E85000F079F904F159
:10D71C00D003C4E93D87C4F8F09004F59470C4F8C4
:10D72C00FC60C4F8EC30BDE8F84300F07BBA00BFF5
:10D73C0040670020086600201DB70000C1B900003A
:10D74C00E5B9000009000100120002005DB90000FB
:10D75C0081B9000010B504460A4800F067FA636B03
:10D76C0023B9094B094A1B68626323B1BDE8104019
:10D77C00044800F05DBAFFF775FFBDE810400148A2
:10D78C0000F056BAD06500204067002035B7000085
:10D79C00014800F04BBA00BFD0650020014800F0F2
:10D7AC0047BA00BFD06500202DE9F84307468846EC
:10D7BC0016464FF000097568013D11D4B468A38971
:10D7CC00012B08D9B4F90E3001332146384602D06A
:10D7DC00C04749EA0009013D6B1C04F16804EED115
:10D7EC003668002EE7D14846BDE8F8830CB430B556
:10D7FC00144B0D1E1C689DB01FDB14BF01220022B0
:10D80C00AA1A114B0593002121AB1B910290069093
:10D81C000492079202A9209A0193204601F010F875
:10D82C00431CBCBF8B23236015B1029B00221A70D2
:10D83C001DB0BDE8304002B070478B2323604FF021
:10D84C00FF30F5E7981600200802FFFF10B50C46D4
:10D85C00B1F90E1000F07CF9002803DB236D0344B2
:10D86C00236510BDA38923F48053A38110BD00BF91
:10D87C002DE9F0411F46B1F90C301646DA050C467D
:10D88C0005460BD423F48053A381B4F90E103B4608
:10D89C0032462846BDE8F04100F082B90223B1F9C6
:10D8AC000E10002200F03EF9B4F90C30EAE700BF8C
:10D8BC0010B50C46B1F90E1000F034F9B4F90C3077
:10D8CC00421C0EBF23F4805343F480532065A38184
:10D8DC0010BD00BFB1F90E1000F012B9884270B53E
:10D8EC0031D98B1883422ED9032A00EB02011DD9A2
:10D8FC0041EA030C1CF0030F1D4618D14FEA920CA1
:10D90C000CF1FF36A1EB8C048C4653F804ED4CF86B
:10D91C0004EDA445F9D1C6EB867301EB830105EB4D
:10D92C00830CACF10403043902F0030252B102F18E
:10D93C00FF3C6FEA0C0C9C4413F8012D01F8012DEF
:10D94C006345F9D170BD032A50D941EA00039B0706
:10D95C004ED10F2A51D922F00F0301F1100601F11B
:10D96C00100C103B203100F1100E19445CF8104CD7
:10D97C004EF8104C5CF80C4C4EF80C4C5CF8084C07
:10D98C004EF8084C5CF8044C4EF8044C0CF1100C9E
:10D99C008C450EF1100EE9D1F11812F00C0F034466
:10D9AC0002F00F0503F1100325D025F0030CACF1A8
:10D9BC00040426461A1F1C198C465CF804EB42F82A
:10D9CC0004EFA242F9D1043104333144334405F05D
:10D9DC000302002AB6D0013A0132013B0A4411F885
:10D9EC0001CB03F801CF9142F9D170BD0346F0E7AA
:10D9FC00013A0346F0E72A46EBE703461546D4E71F
:10DA0C0030B584078646034606D0A2B303F8011B43
:10DA1C00980702F1FF32F8D1032A26D95FFA81FC6C
:10DA2C000CEB0C2C0F2A0CEB0C402AD922F00F0C0F
:10DA3C009C44C3E90000C3E9020010336345F8D1EC
:10DA4C0012F00C0F02F00F0417D04FEA940C0CF1EB
:10DA5C00FF351A4603EB8C0C42F8040B6245FBD1E4
:10DA6C00043304F0030203EB850322B11A4403F8D8
:10DA7C00011B9A42FBD1704630BD2246002AF5D1DB
:10DA8C00F9E71446E1E700BF10B5044608438307E5
:10DA9C0001D1032A19D8A44601F1FF3E07E01EF874
:10DAAC00011F03F8011B501E31B19C460246634610
:10DABC00002AF4D1204610BD94440028FAD003F873
:10DACC00011B6345FBD1204610BD0B46A4461868CC
:10DADC001946A0F1013323EA000313F0803F01F152
:10DAEC000403D9D1043A032A4CF8040BEFD8194695
:10DAFC00D2E700BF014B93F810027047301400209E
:10DB0C0038B5074C0023054608462360FDF778FE20
:10DB1C00431C00D038BD2368002BFBD02B6038BDD4
:10DB2C005467002038B58C46084C114605461A46F9
:10DB3C00604600232360FDF76FFE431C00D038BD08
:10DB4C002368002BFBD02B6038BD00BF546700202E
:10DB5C0038B58C46084C114605461A4660460023DB
:10DB6C002360FDF74BFE431C00D038BD2368002B0F
:10DB7C00FBD02B6038BD00BF5467002038B5074C74
:10DB8C000023054608462360FDF720FE431C00D009
:10DB9C0038BD2368002BFBD02B6038BD54670020A8
:10DBAC0038B58C46084C114605461A46604600238B
:10DBBC002360FDF78FF9431C00D038BD2368002B80
:10DBCC00FBD02B6038BD00BF54670020014B186898
:10DBDC00704700BF9816002070B50E4E0E4DAE4229
:10DBEC0008D0761BB610002455F8043B0134984736
:10DBFC00A642F9D8094E0A4D05F076FDAE4208D082
:10DC0C00761BB610002455F8043B01349847A64205
:10DC1C00F9D870BDF01D0060F01D0060F41D0060AF
:10DC2C00F01D0060704700BF704700BF704700BF19
:10DC3C00704700BF082802D14FF48050704708B5D8
:10DC4C00FFF7C4FF162303604FF0FF3008BD00BF81
:10DC5C0000000000000000000000000000000000B8
:10DC6C0000000000000000000000000000000000A8
:10DC7C0030B490F800F020F007016FF0000C10F0B9
:10DC8C00070491F820F040F048804FF000046FF04A
:10DC9C000700D1E9002391F840F000F1080082FA66
:10DCAC004CF2A4FA8CF283FA4CF3A2FA8CF34BBB31
:10DCBC00D1E9022382FA4CF200F10800A4FA8CF2AA
:10DCCC0083FA4CF3A2FA8CF3E3B9D1E9042382FA78
:10DCDC004CF200F10800A4FA8CF283FA4CF3A2FA8D
:10DCEC008CF37BB9D1E9062301F1200182FA4CF2C5
:10DCFC0000F10800A4FA8CF283FA4CF3A2FA8CF32C
:10DD0C00002BC6D0002A04BF04301A4612BAB2FA4D
:10DD1C0082F200EBD20030BC7047D1E9002304F052
:10DD2C000305C4F100004FEAC50514F0040F91F887
:10DD3C0040F00CFA05F562EA05021CBF63EA050324
:10DD4C0062464FF00004AAE7F8B5064608200C46D8
:10DD5C00FFF770FF07463046FFF704FA224A936834
:10DD6C005D6825F00305A5F111031C1B3C44B4FBB5
:10DD7C00F7F4013C07FB04F4A74208DC0021304611
:10DD8C00FFF7FCFE184A93682B44984204D03046A7
:10DD9C00FFF7EEF90020F8BD61423046FFF7EEFECA
:10DDAC000130114A0DD0114993682D1B45F0010526
:10DDBC005D600B6830461B1B0B60FFF7D9F9012027
:10DDCC00F8BD00213046FFF7D9FE074A9268831A46
:10DDDC000F2BDCDD43F001035360054B03491B683B
:10DDEC00C01A0860D3E700BF400D0020D4650020A6
:10DDFC0084160020002965D02DE9F0410C46074619
:10DE0C00FFF7B0F954F804EC7D49A4F1080C2EF09E
:10DE1C0001030CEB03028D685068954220F003005F
:10DE2C000EF0010600F08B80151850606D6805F03F
:10DE3C000105A846AEBB54F8084CACEB040C2344CB
:10DE4C00DCF8084001F1080E74456BD0DCF80C507E
:10DE5C00E560AC60B8F1000F00F08C8043F001007D
:10DE6C00CCF804001360B3F5007F35D2DA084868AB
:10DE7C005C090132012312B2A34003434B6051F8F9
:10DE8C003200CCF8080001EBC203083BCCF80C3094
:10DE9C0041F832C0C0F80CC03846BDE8F041FFF77D
:10DEAC0067B985B9034401F1080E9068704543F0D9
:10DEBC0001047AD0D268C2609060CCF804404CF86F
:10DECC000330D0E770474EF00102B3F5007F44F801
:10DEDC00042C4CF80330C9D3B3F5206F4FEA532010
:10DEEC004AD2980900F1390212B200F13804D2007A
:10DEFC0088188A580838904203D15FE092689042A3
:10DF0C0004D0516821F003019942F7D8D068CCE9CC
:10DF1C000220C0F808C03846C2F80CC0BDE8F04179
:10DF2C00FFF726B9A5BB1844D2E90223D3609A6047
:10DF3C0040F00103CCF804304CF80000ACE7184476
:10DF4C0046B954F8083CACEB030C1844DCE902234A
:10DF5C00D3609A6040F00103CCF80430294BC1F82F
:10DF6C0008C01B68834297D8274B38461968FFF7BF
:10DF7C00EBFE91E7034498E714280FD9542824D8D2
:10DF8C00180B00F16F0212B200F16E04D200AFE771
:10DF9C0043F00101CCF8041013607DE700F15C0242
:10DFAC0012B200F15B04D200A2E7C1E904CCCCE9C7
:10DFBC0002EECCF804404CF803306DE7A4100123BA
:10DFCC00A3404C6823434B60A1E7B0F5AA7F07D868
:10DFDC00D80B00F1780212B200F17704D20087E777
:10DFEC0040F25452904206D8980C00F17D0200F198
:10DFFC007C04D2007CE74FF47E727E2478E700BF6D
:10E00C00400D0020881600200466002082B049B123
:10E01C005AB16BB113780B601278101E18BF012027
:10E02C0002B0704701A9002AF3D1104602B0704724
:10E03C006FF00100F4E700BF30B5436C83B00546C8
:10E04C000C4653B153F8240088B1026843F82420DD
:10E05C000023C0E9033303B030BD2122042102F0B8
:10E06C002BFE034668640028ECD10020F3E7012165
:10E07C0001FA04F35A1D92002846019302F01CFE8B
:10E08C000028F2D0019B44608360E1E731B1436C1E
:10E09C004A6853F82200086043F82210704700BF0A
:10E0AC002DE9F0410E6917460D461C4601F114028C
:10E0BC004FF0000E11688BB207FB03434FEA134C71
:10E0CC00090C07FB01CC0EF1010E9BB203EB0C43C8
:10E0DC00764542F8043B4FEA1C44EBDC3CB1AB68A0
:10E0EC00B34207DD05EB860301365C612E612846E1
:10E0FC00BDE8F081696801318046FFF79DFF074656
:10E10C00B0B12A69023205F10C0192000C30FDF716
:10E11C0017F9D8F844306A6853F82210296043F88C
:10E12C0022503D4605EB860301365C612E61DEE72D
:10E13C00024B03483A46BA2102F09EFD380B0020F0
:10E14C004C0B0020B0F5803F034636BF0304002083
:10E15C001020B3F1807F3CBF1B020830B3F1805F0D
:10E16C0006D3B3F1804F0FD29A0012D4033070470C
:10E17C001A01B2F1804F00F1040006D29B0108D4C1
:10E18C005B00F3D4202070471A46002AFBDB0130D9
:10E19C0070470230704700BF0368590708D0DA0790
:10E1AC001FD499072AD55B080360012210467047DB
:10E1BC009AB282B91B0CDAB2B2B11022190701D192
:10E1CC0004321B09990714D0D90701D401325B081A
:10E1DC00036010467047DAB24AB11A0717D104220D
:10E1EC00EFE700221046704718221B0AE6E70822C8
:10E1FC00FBE7590707D502329B08E9E79B08022287
:10E20C00036010467047DB0804D12022CEE7DB0800
:10E21C000322DDE70332DBE738B5436C04460D46D9
:10E22C004BB15868B0B102685A6000220123C0E9B2
:10E23C000323456138BD2122042102F03DFD034634
:10E24C0060640028EDD1094B0948002240F24511C9
:10E25C0002F012FD1C220121204602F02DFD0028A7
:10E26C00F1D001220223C0E90123DEE7380B0020A4
:10E27C004C0B00202DE9F04F0F691569AF4285B0AA
:10E28C000E46904605DB2A4643463D4688461746D1
:10E29C001E46D8F80830D8F80410EC19A342B8BFC1
:10E2AC000131FFF7C9FE8446002800F09C80143031
:10E2BC0000EB840E704505D20346002143F8041B85
:10E2CC009E45FBD8143606EB870296427CD208F1A9
:10E2DC00140707EB8505A5EB080308F11508A845FD
:10E2EC00A3F11503CDE902E44FEA930A8CBF002495
:10E2FC0001249146E34605E0090C34D1B14500F107
:10E30C0004005ED956F8041B8AB2002AF4D0CDE979
:10E31C000090B8468646002358F8041BDEF800002F
:10E32C001FFA81F94FEA114C81B202FB0911000C62
:10E33C00194402FB0C0000EB114089B241EA004188
:10E34C0045454EF8041B4FEA1043E5D8DDE9009033
:10E35C00002C4FEA8A0208BF00220244536056F890
:10E36C00041C090CCAD00368CDF800908846BC4642
:10E37C00864600221946BCF8009008FB092909EBD7
:10E38C0011499BB243EA09434EF8043B5CF8043B49
:10E39C00DEF800101B0C8AB208FB032303EB1943B5
:10E3AC0065454FEA1342E6D8002C4FEA8A02DDF8A5
:10E3BC00009008BF00220244B145536000F10400F4
:10E3CC00A0D8DDE902E4DC46002C02DC05E0013CCF
:10E3DC0003D05EF8043D002BF9D06046CCF8104019
:10E3EC0005B0BDE8F08F034B034862464FF4B171A2
:10E3FC0002F042FC380B00204C0B0020F8B512F058
:10E40C000303144607462FD10E46A4102AD03D6CA8
:10E41C00002D32D004F0010364103BB92868B8B168
:10E42C00054604F001036410002BF7D02A46314650
:10E43C003846FFF71FFF36B17B6C716853F821200B
:10E44C00326043F8216074B1064628680028E7D191
:10E45C002A4629463846FFF70DFF00232860036043
:10E46C000546DEE73046F8BD013B0F4A52F8232043
:10E47C000023FFF715FE0646C7E701213846FFF7D4
:10E48C00DBFD054640B1012340F27122C0E90432A4
:10E49C00002338640360BDE7044B05482A4640F26C
:10E4AC00451102F0E9FB00BF10090020380B0020D9
:10E4BC004C0B00202DE9F0470D4691462E69AB68B8
:10E4CC00496806EB6216741C9C4207464FEA6218B8
:10E4DC0004DD5B009C4201F10101FADC3846FFF7D8
:10E4EC00ABFD844600284FD0B8F1000F00F11400AA
:10E4FC000BDD08F105010CEB81010346002243F80A
:10E50C00042B8B42FBD100EB8800296905F1140325
:10E51C0019F01F0803EB810E2ED0C8F1200902461A
:10E52C004FF0000A196801FA08F141EA0A0142F8B1
:10E53C00041B53F8041B9E4521FA09FAF2D8AEEBE2
:10E54C000503153B23F0030305F11502964538BF6F
:10E55C000023043340F803A0BAF1000F00D1344675
:10E56C007B6C6A68CCF8104053F822102960604626
:10E57C0043F82250BDE8F087043853F8042B40F8D8
:10E58C00042F9E45F9D8EAE7034B044862464FF442
:10E59C00EF7102F071FB00BF380B00204C0B002018
:10E5AC0003690A6900B5B3EB020E12D100F1140C29
:10E5BC0014310CEB820301EB820101E09C4508D283
:10E5CC0053F8040D51F8042D9042F7D003D24FF0BC
:10E5DC00FF3E704600BD4FF0010E704600BD00BFFF
:10E5EC002DE9F04F17460A693B69A2EB0308B8F115
:10E5FC00000F83B00C4615D1143107F1140505EB4F
:10E60C00830501EB830302E0994280F0858053F887
:10E61C00046D55F8042D9642F6D080F08A804FF0A8
:10E62C00010805E0FBDB3B464FF000080F461C469B
:10E63C007968FFF701FD002800F086803A692669A9
:10E64C00C0F80C8007F1100107F11408834600F1A3
:10E65C00140704F1140008EB820E944600EB8606B6
:10E66C000023B946C2460A46019450F8041B52F8DE
:10E67C00045F8CB21FFA85F8A8EB0408090C9844C7
:10E68C00C1EB154101EB28411FFA88F848EA014417
:10E69C00864249F8044B4FEA2143E6D8A146019C37
:10E6AC00301B1538153420F00300A64238BF00206B
:10E6BC000AEB00010431C4198E4562460846DC465B
:10E6CC0098BF23461AD9A7EB0A070434C61950F889
:10E6DC00045B13FA85F82B442D0C05EB28459BB2F3
:10E6EC0043EA05498645C6F800904FEA2543EDD824
:10E6FC000EF1FF335B1A23F003032344B9F1000F2F
:10E70C0004D153F8041D013A0029FAD06046CCF824
:10E71C00102003B0BDE8F08F0021FFF78DFC84467C
:10E72C0058B101220023C0E90423604603B0BDE8C0
:10E73C00F08F3B4627461C467AE7074B0748624654
:10E74C0040F2372102F098FA0246034B034840F29C
:10E75C00452102F091FA00BF380B00204C0B002031
:10E76C002DE9F043894683B0012157EC106B90469C
:10E77C00FFF762FC0446002846D0C7F30A55C7F3DE
:10E78C0013030DB143F480130193331E15D101A86B
:10E79C00FFF702FD019B636101212030216115B35C
:10E7AC00A5F233450544C0F13500C9F80050C8F84E
:10E7BC000000204603B0BDE8F08368460093FFF7E5
:10E7CC00EBFCDDE9002328B1C0F1200103FA01F1D3
:10E7DC000A43C340002B0CBF012102216261A361DB
:10E7EC002161002DDCD104EB8103A0F23240C9F889
:10E7FC0000001869FFF7A6FCC0EB4110C8F8000038
:10E80C00204603B0BDE8F083034B0448224640F297
:10E81C000F3102F031FA00BF380B00204C0B0020F6
:10E82C0049B1FF2A02D80A70012070478A2303607D
:10E83C004FF0FF3070470846704700BF00000000E3
:10E84C002DE9F04F2DED028BD1B00C46079190467F
:10E85C000993824602F076F9036811931846FFF784
:10E86C0007FA08221090002120A8FFF7C9F8A38905
:10E87C00180603D52369002B01F06E8000239FED51
:10E88C00728BCDE92533CDE9143327AA0D9324924D
:10E89C00174612931393059345462C466C4BD3F8AD
:10E8AC00CC61FFF727F920AA034600921AA9224649
:10E8BC005046B047002800F09880C0F28E801A9A1B
:10E8CC00252A034601D01C44E8E7B4EB05080646AC
:10E8DC0040F08F8000234FF0FF328DF85F309B4665
:10E8EC00069301342378049201349946A9F120034C
:10E8FC005A2B00F2AF80DFE813F0FE02AD00AD0042
:10E90C00FA02AD00AD00AD00DD02AD00AD00A80215
:10E91C00B702AD00B302C002AD00BC025B005B00ED
:10E92C005B005B005B005B005B005B005B00AD00B1
:10E93C00AD00AD00AD00AD00AD00AD002101AD00EE
:10E94C009C01AC03210121012101AD00AD00AD0002
:10E95C00AD00A803AD00AD000803AD00AD00AD00E7
:10E96C007302AD006103AD00AD009807AD00AD00C2
:10E97C00AD00AD00AD00AD00AD00AD002101AD00AE
:10E98C009C018701210121012101ED0387016C000C
:10E99C00AD000804AD00F8033D0413046C00AD0099
:10E9AC0073026A008303AD00AD00FB07AD006A0083
:10E9BC00A9F13003002214F8019B02EB820203EB55
:10E9CC004202A9F13003092BF5D906928EE7237880
:10E9DC008AE723784BF0200B86E70822002120A839
:10E9EC00FFF70EF801231C4458E7B4EB0508064664
:10E9FC0010D02599269B013143440729C7E90058BB
:10EA0C002693259117DC0837059B43440593002E6C
:10EA1C007FF460AF269B002B41F00383079B9B89FF
:10EA2C0003F04003002B41F0CF86059851B0BDECAC
:10EA3C00028BBDE8F08F079924AA504601F022FF03
:10EA4C000028EBD127AFDFE700000000000000003A
:10EA5C0030140020B9F1000FDCD00023CDE90B33CA
:10EA6C0001228DF8DC908DF85F3008930A920493A4
:10EA7C000E9337AD0292269A1BF08403904600F059
:10EA8C0005819DF85F1009B3DDF894C000260CF1E8
:10EA9C00010101200132786007290DF15F00CDE9F9
:10EAAC002512386000F33E8408377EB1DDF894C03F
:10EABC000CF1010118A80232386007294FF002004E
:10EACC00CDE92512786000F320840837802B00F004
:10EADC006583049B0A995E1A002E00F3E8801BF4F0
:10EAEC00807F40F021810A9B7B601A44259B3D600E
:10EAFC000133072B2692259300F3BC8308371BF0B8
:10EB0C00040F05D0069B02995D1A002D00F31884A2
:10EB1C00DDE9053102988142ACBF5B181B180593E7
:10EB2C00002A40F0778300232593089B1BB108999A
:10EB3C005046FFF75FF927AF2546AEE6099B073332
:10EB4C0023F00703B3EC028B9FEDA17BB0EEC86BF7
:10EB5C00B4EE476BF1EE10FA099300F33986B4EE7C
:10EB6C00488BF1EE10FA81F14685B9F1610F01F095
:10EB7C007A83B9F1410F01F07084049B013301F0E9
:10EB8C007F82B9F1670F18EE903A4BF4807801F060
:10EB9C00F584B9F1470F01F0F1840023089318EEC6
:10EBAC00903A002BC1F20885B0EE487B0026A9F103
:10EBBC004103252B01F2DD81DFE813F0A50CDB0905
:10EBCC00DB09DB09700ADD0ADB09DB09DB09DB0980
:10EBDC00DB09DB09DB09DB09DB09DB09DB09DB0909
:10EBEC00DB09DB09DB09DB09DB09DB09DB09DB09F9
:10EBFC00DB09DB09DB09DB09DB09DB09A50CDB091C
:10EC0C00DB09DB09700ADD0A1BF0200F40F0DE8502
:10EC1C00099A1BF0100F52F8046B41F01C861BF084
:10EC2C00400F099201F08E8046F3C038434636B24D
:10EC3C001FE2B9F1430F03D01BF0100F00F06586F3
:10EC4C000822002122A8FEF7DBFE099A37AD1268D4
:10EC5C0022AB2946504603F015F80A90013001F01A
:10EC6C00AE850A9B23EAE3730293099B269A04332D
:10EC7C0009930023CDE90B338DF85F30089304938F
:10EC8C000E931BF0840390467FF4FBAE0699029E14
:10EC9C008E1B002E00F321849DF85F1000297FF459
:10ECAC00F3AE049B0A995E1A002E7FF718AF4A49FF
:10ECBC00259B0F91102E27DD39464FF01008374653
:10ECCC002E462546079C04E0103F102F01F1080149
:10ECDC0016DD013340481032072BC1E90008CDE99D
:10ECEC002532F1DD24AA2146504601F0CBFD002847
:10ECFC0040F09882103F102FDDE9253227A9E8DC7F
:10ED0C002C4635463E460F4601330F993960324446
:10ED1C00072BCDE925327E6000F364841BF4807FE1
:10ED2C0007F108073FF4DFAEB9F1650F40F3AC8291
:10ED3C00B5EE408BF1EE10FA40F05283259B27493B
:10ED4C003960013301320121072B2692259379601A
:10ED5C0000F37F870837199B0D998B4280F2EB8467
:10ED6C00109B11991A44C7E90013259B2692013375
:10ED7C00072B259300F3D38508370D9B5D1E002DC3
:10ED8C007FF7BDAE1449259B0F91102D40F397874B
:10ED9C00A146DDF81C8010260C4604E00837103D17
:10EDAC00102D40F38B8701331032072BC7E9004637
:10EDBC00CDE92532F2DD24AA4146504601F062FD30
:10EDCC00002840F02F82DDE9253227AFE7E700BFAE
:10EDDC00FFFFFFFFFFFFEF7F1C0D0020E80B002063
:10EDEC00DDF8248058F8045B00238DF85F30002D8B
:10EDFC0000F0A185B9F1530F00F037871BF0100319
:10EE0C000B9340F03287049B002BC1F2FC801A4616
:10EE1C000B99284601F09CFE9DF85F300890002865
:10EE2C0001F04884089A521B0A9222EAE27202927A
:10EE3C000BB1013202920B9BCDF8248004930E93FC
:10EE4C000C9308934FF0730915E6099B53F8042BA8
:10EE5C000692002A80F27584069A09935242069211
:10EE6C0023784BF0040B3FE52B238DF85F30237890
:10EE7C003AE523784BF0800B36E5214611F8019BDF
:10EE8C00B9F12A0F01F09084A9F13003092B98BF36
:10EE9C00002201F2DD8211F8019B02EB820203EBEE
:10EEAC004202A9F13003092BF5D942EAE27304932B
:10EEBC000C461BE5504601F045FE4368139318467B
:10EECC00FEF7D6FE15900646504601F03BFE8268D2
:10EEDC0023781492002E3FF407AD002A3FF404ADC2
:10EEEC001278002A3FF400AD4BF4806BFCE42378DD
:10EEFC004BF0010BF8E49DF85F202378002A7FF497
:10EF0C00F3AC20228DF85F20EEE41BF0200F4BF0C9
:10EF1C00100000F02884099B073323F007031A46DE
:10EF2C00596852F8083B099200228DF85F20049A28
:10EF3C00002A18DB53EA010220F4906B15D1049AD5
:10EF4C009AB910F001031A46029300F0738630232D
:10EF5C008DF83F31049B0A92CDE90B330E93089345
:10EF6C000DF23F1587E520F4806B50AD03F00702DE
:10EF7C00DB0843EA4173C908303253EA01062846DC
:10EF8C0005F8012DF2D11BF0010F00F01582302A8B
:10EF9C0000F012823023049905F8013C023850AB82
:10EFAC001B1A99424FF00002B8BF1946CDE90B224B
:10EFBC0008920A93054602910E925CE51BF0200F15
:10EFCC004BF0100121D1099B1A1D099B04981B6859
:10EFDC004FF0000840458DF85F801E4659DB21F04C
:10EFEC00800B002B40F08C850992002840F0E983BF
:10EFFC00CDE90B000A900E900290089050AD3AE5C6
:10F00C001BF0200F00F0BE835946099B073323F0F9
:10F01C00070200238DF85F30049BD2F8048052F86D
:10F02C00086B0992002B35DB56EA080321F0800BA4
:10F03C0031D1049B002B40F0C483CDE90B330A93F0
:10F04C000E930293089350AD15E523784BF0080B03
:10F05C004AE41BF0200F4BF0100300F07A83099A5E
:10F06C00073222F007029B46536852F8086B09924C
:10F07C009846002BC0F2C282049A002A0BDB56EA97
:10F08C0008032BF0800B06D1002A00F041873026B4
:10F09C0007E009928B460A2E78F1000380F0BF82BC
:10F0AC003036049A9DF85F308DF83F61012AB8BF65
:10F0BC000122029201220A920DF23F15002B01F05F
:10F0CC006D83029B013302930023CDE90B3308932C
:10F0DC000E93D0E42378682B03BF63784BF4007B4A
:10F0EC0001344BF0400BFFF7FFBB099A1BF0200FCC
:10F0FC0002F1040300F08883126805991160C917A6
:10F10C00516009932546FFF7C8BB23786C2B03BFCE
:10F11C0063784BF0200B01344BF0100BFFF7E4BB82
:10F12C00099A049E52F8041B002047F630038642CD
:10F13C00ADF860308DF85F000B46C0F2DB832BF02E
:10F14C00800545F0020B002940F0D683002E00F01C
:10F15C00E686099230230122CDE90A210E918DF821
:10F16C003F3102960DF23F154FF078098E4608910B
:10F17C000C91A5E31BF0200F40F02583099A1BF09E
:10F18C00100F52F8043B41F05E831BF0400F00F06F
:10F19C00E9859BB2099258460021C5E6069B029967
:10F1AC005E1A002E7FF795AC8B49259B0F91102E84
:10F1BC0024DD38464FF010082F4619462546864C5C
:10F1CC0004E0103E102E00F1080013DD0131103266
:10F1DC000729C0E90048CDE92512F2DD079924AAD8
:10F1EC00504601F04FFBE8B9103E102EDDE9251218
:10F1FC0027A8EBDC2C460B463D46074601330F99FE
:10F20C0039603244072BCDE925327E6000F36385EB
:10F21C0008375EE4079924AA504601F033FB002816
:10F22C003FF481AC089B002B3FF4F8AB0899504697
:10F23C00FEF7E0FD079B9B8903F04003FFF7F2BB51
:10F24C00109B11991A44C7E90013259B2692013390
:10F25C00072B259300F3068707F108010028C1F25C
:10F26C001E810D980D6001330244072BCDE9253228
:10F27C00486046DD079924AA504601F003FB00289C
:10F28C00D0D1269A27AF3AE40D98259B012802F19C
:10F29C00010203F1010307F1080140F3648101202D
:10F2AC00072BCDE925323D60786000F32C82109855
:10F2BC00119E01330244072BC1E90060CDE92532D0
:10F2CC0000F32D8208310D98B5EE408BF1EE10FA5B
:10F2DC0000F1FF3600F05F81013301353244072B1A
:10F2EC00CDE925320D604E6000F34981083112984A
:10F2FC00486001330244072B1CA8CDE92532086075
:10F30C00B8DC01F10807FFF7FABB07990F9324AAA1
:10F31C00504601F0B7FA002884D1269A0F9B27AFEC
:10F32C00FFF7D4BB07990F9324AA504601F0AAFA11
:10F33C0000287FF477AF269A0F9B27AFFFF7B5BB5A
:10F34C00102D259B41F3D580A046DDF81C90234C55
:10F35C00102604E0103D102D07F1080715DD0133D0
:10F36C001032072BC7E90046CDE92532F2DD24AA7D
:10F37C004946504601F086FA00287FF453AF103D01
:10F38C00102DDDE9253227AFE9DC214644468846BD
:10F39C0001332A44072BC7E90085CDE925327FF7D5
:10F3AC00B7AB079924AA504601F06CFA00287FF4F9
:10F3BC0039AF269AFFF7ACBB049950AA521B914265
:10F3CC004FF00003B8BF1146CDE90B3308930A92F6
:10F3DC0002910E93FFF74FBB1C0D002080050020FF
:10F3EC001998002840F300840B9B0D998B42A8BF01
:10F3FC000B46002B98460ADD1A44C7E90053259B9F
:10F40C0026920133072B259300F3B48708370B9E04
:10F41C00B8F1000FA8BFA6EB0806002E00F3AB82D4
:10F42C000B9B1BF4806F03EB050940F0CA82199B00
:10F43C000D998B4203DB1BF0010F00F07D851099B9
:10F44C0011980A44C7E90001259926920131072930
:10F45C00259100F39B8708370D996E18A6EB0906CA
:10F46C00CD1AAE42A8BF2E46002E0BDD259BC7F849
:10F47C00009001333244072B7E602692259300F3D3
:10F48C00D3870837002EA8BFAD1B002D7FF737ABF5
:10F49C00B949259B0F91102D40F31184A146DDF83D
:10F4AC001C8010260C4604E00837103D102D40F34C
:10F4BC00058401331032072BC7E90046CDE925320C
:10F4CC00F2DD24AA4146504601F0DCF900287FF415
:10F4DC00A9AEDDE9253227AFE7E72599102E404686
:10F4EC0040F361870F943A46A846079CA34D1F46EC
:10F4FC0004E0103E102E02F1080216DD013110302E
:10F50C0010230729CDE9251015605360F1DD24AADD
:10F51C002146504601F0B6F900287FF483AE103E28
:10F52C00102EDDE9251027AAE8DC3B460F9C174678
:10F53C002A464546904601F1010C3218BCF1070FE2
:10F54C00CDE925C2C7F800807E6000F336839DF8B4
:10F55C005F100837002940F0F880002B3FF4B9AA5F
:10F56C000B46FFF7A5BA1BF0010F7FF498AE0120F4
:10F57C00072BCDE925323D6078607FF7B8AE07994F
:10F58C0024AA504601F07EF900287FF44BAEDDE949
:10F59C00253227A9ABE60D9801287FF7A8AE1128D4
:10F5AC0075480F9040F3B783A046079F102504467B
:10F5BC0004E00831103E102E40F3AC8301331032BE
:10F5CC00072BC1E90045CDE92532F2DD24AA3946E5
:10F5DC00504601F057F900287FF424AEDDE92532BE
:10F5EC0027A9E7E7079924AA504601F04BF9002810
:10F5FC007FF418AE269A27AFFFF771BA2D238DF83A
:10F60C005F30049B764268EB4808002BFFF643AD55
:10F61C000A2E78F100032BF0800BFFF441AD02941D
:10F62C00CDF8289050A9DDF8509008974FF0000CB9
:10F63C000BF4806426E016EB0803514843F10003F9
:10F64C00A0FB032020F0030202EB90029B1AF31A9A
:10F65C004B484FF0CC32B646474602FB03F268F1FA
:10F66C00000800FB0822A3FB0063BEF10A0F134441
:10F67C004FEA560677F10007294646EAC3764FEA69
:10F68C0053082DD33E4D16EB080343F10003A5FBA5
:10F69C00032020F0030202EB90029B1AF31AA3FB47
:10F6AC00053268F1000005FB00225B0843EAC273D7
:10F6BC0003EB8303A6EB430330330CF1010C01F88D
:10F6CC00013C4D1E002CB6D099F800306345B2D1E8
:10F6DC00BCF1FF0FAFD00A2E78F1000380F0B3839A
:10F6EC000499029CCDF8509050AB5A1B9142B8BF74
:10F6FC001146DDF82890089F9DF85F30CDF834C096
:10F70C000A920291DAE4079924AA504601F0BAF859
:10F71C0000287FF487ADDDE9253227A9C7E50799D5
:10F72C0024AA504601F0AEF800287FF47BADDDE949
:10F73C00253227A9C7E51BF0010F3FF4E0A9FFF71D
:10F74C000FBB09932378FFF7CFB81E460023FFF7B2
:10F75C009EB9099A0432099909920E684FEAE67823
:10F76C009B46434685E4099B1A1D099B09921B681D
:10F77C000021FFF7D9BB00BF1C0D00208005002025
:10F78C00CDCCCCCC099A1BF0100052F8043B41F0C4
:10F79C0057801BF0400100F0A8818DF85F009BB2F0
:10F7AC0004994FF0000841451E46C0F2A9812BF088
:10F7BC00800B002B40F0A481049B0992002B3FF49A
:10F7CC003CAC00266CE45846FFF7A5BB5B4646E410
:10F7DC00B5EEC08BF1EE10FA2BF0800B00F11E830E
:10F7EC009DF85F30B9F1470FCCBFA44DA44D002B51
:10F7FC0040F052870322CDE90B3308930A9204930D
:10F80C000E930292FFF737B91BF0100F40F07C8279
:10F81C001BF0400F40F0A7831BF4007F00F07482B4
:10F82C00099A0599126811706BE4964E1BF0200F23
:10F83C0000F07D81099B073323F007031A465868B3
:10F84C0052F8083B09921BF0010140F05C81049ACC
:10F85C008DF85F10002AC0F28B8153EA00022BF462
:10F86C00906B00F0948103F00F02B25C8DF83F2195
:10F87C001B0943EA0073020953EA10100DF23F15FD
:10F88C000BD003F00F001B09305C05F8010D43EAA7
:10F89C000273120953EA0200F3D1049A50AB4FF0F1
:10F8AC00000E5B1B9A42CDE90BEEB8BF1A460A93C9
:10F8BC000292CDF820E0CDF838E000293FF4DBA827
:10F8CC00029BDDE925C2023302931BF084039046B0
:10F8DC00614604D1069E0298361A002E06DCBEF153
:10F8EC00000F3FF4E5A80226FFF7D1B80223F5E597
:10F8FC00654E9BE74BF0020B0992634E03F00F022F
:10F90C000221B25C4FF07809B0E7099B1B688DF8B7
:10F91C00DC30012302930A9337ADFFF7A6B90799A0
:10F92C0024AA504600F0AEFF00287FF47BAC269A48
:10F93C0027AFFFF722BA049B0895062B28BF062396
:10F94C0002930A932B460495CDE90B334F4DCDF81A
:10F95C0024800E93FFF78FB840215046FDF72CF909
:10F96C00079B18601861002800F06087079A4023F5
:10F97C005361FEF783BF102E259B40F32E8744481E
:10F98C00DDF81C800F9039464FF01009074604E053
:10F99C000831103E102E40F32B8201331032072B0E
:10F9AC00C1E90079CDE92532F2DD24AA4146504661
:10F9BC0000F068FF00287FF435ACDDE9253227A97B
:10F9CC00E7E70D9BDDF83880CDF83CB0EB180493DD
:10F9DC000C9BDDF81CB00B94002B4E463946DDF821
:10F9EC005090159F0E9531DDB8F1000F40F32B812F
:10F9FC0008F1FF382598139B01303A440728C1E9D8
:10FA0C0000372692259000F39F800831049B99F8CB
:10FA1C0000009D1B8542A8BF0546002D0CDD2598D6
:10FA2C0001302A440728C1E900652692259000F38D
:10FA3C005E8199F800000831002DACBF441B0446D0
:10FA4C00002C14DC06440C9B002BCDDCB8F1000F11
:10FA5C00CEDCDDE90D35EB189E42CDF850900B9CB9
:10FA6C00DDF83CB0B1460F4628BF9946DFE4102CB8
:10FA7C002598074B2BDD10250A9310E0AC0B0020CA
:10FA8C00A80B0020CC0B0020B80B0020E00B0020B2
:10FA9C001C0D0020103C102C01F1080116DD01306A
:10FAAC00AE4B10320728C1E90035CDE92502F1DD56
:10FABC0024AA5946504600F0E5FE00287FF4B2AB6C
:10FACC00103C102CDDE9250227A9E8DC0A9B0B6011
:10FADC00013022440728CDE925024C6000F35883FD
:10FAEC0099F8000008310644ADE71BF4007840F0AB
:10FAFC00328204998DF85F8000291E46BFF657AEFE
:10FB0C000992FFF7C8BA53EA000237D030228DF8B9
:10FB1C00602000228DF85F20049A8DF86190002AF5
:10FB2C0023DB2BF4906242F0020B02219BE6099A34
:10FB3C001BF0100F52F8043B099214D11BF0400F2C
:10FB4C000DD09BB200207EE624AA5946504600F008
:10FB5C0099FE00287FF466AB269A27A956E71BF47A
:10FB6C00007F40F0F58100206DE64BF0020B022186
:10FB7C0003F00F022BF4806BB25C77E6049B002140
:10FB8C008B428DF85F10C0F241812BF4906B049A7C
:10FB9C00002A00F0CB80012A33788DF83F31B8BFB2
:10FBAC000122002302920122CDE90B3308930A9221
:10FBBC000E930DF23F15FEF75EBF07990F9324AA23
:10FBCC00504600F05FFE00287FF42CAB9DF85F10D0
:10FBDC00269A0F9B002900F0AC801E46DDF894C0DD
:10FBEC00034627AFFEF753BF259B5D4939600133B0
:10FBFC0001320121072B26922593796000F37C8139
:10FC0C00083700287FF41CAB0D990BF001030B4354
:10FC1C003EF475AF109B11991A44C7E90013259B4C
:10FC2C0026920133072B259300F31C8207F1080160
:10FC3C00FFF717BB049B0A93CDE90B330E93089384
:10FC4C0050ADFEF718BF0C9B013B09F1FF390C932B
:10FC5C00D0E6079924AA504600F014FE00287FF441
:10FC6C00E1AA269A27AFFFF776B80822002122A82E
:10FC7C001B95FDF7C5FE049B002B7DDB0026029433
:10FC8C00CDF82080344698460EE037A9504601F056
:10FC9C00F9FF411C204400F09484404509DC06F136
:10FCAC00040600F0008504461B9A925922AB002AE8
:10FCBC00EBD10A94DDF82080029C6AE04C460133BB
:10FCCC000F9939602A44072B7D60CDE925327EF7E8
:10FCDC0015AFFFF7CFBA079924AA504600F0D2FD12
:10FCEC0000287FF49FAA269A27AFFEF7F2BE24AA1B
:10FCFC005946504600F0C6FD00287FF493AA99F8A7
:10FD0C000000269A27A997E6099A059912681160AE
:10FD1C00FFF7F7B9444601330F9808603244072BBC
:10FD2C00CDE925324E607FF7E1AA28E4049BFFF76A
:10FD3C0084B9002B00F00981DDF894C00B4627AF85
:10FD4C00FEF7B6BE1BF4007F16BF46F3C0184FEA91
:10FD5C00E67876B24346FFF78CB900BF1C0D002045
:10FD6C00E80B00201BF4007100F0F980DBB2099263
:10FD7C0058460021FFF7D8B822AB009300231BAAEA
:10FD8C001946504601F0A6FF0A90013000F0198484
:10FD9C001B950A9B002B00F09F80632B00F34C817A
:10FDAC000023089337AD0822002122A8FDF728FE76
:10FDBC000A9E22AB00931BAA33462946504601F0FB
:10FDCC0089FF864240F042850A9A0023AB5422EA0E
:10FDDC00E27202929DF85F20049312B1029A0132F2
:10FDEC000292CDE90B33CDF824800E93FEF743BE7F
:10FDFC000F4601330F9939603244072BCDE9253278
:10FE0C007E6000F323810837FFF70ABB33788DF847
:10FE1C003F312BF4806B0DF23F153EE52D238DF811
:10FE2C005F30B9F1470F4FF000030893049340F390
:10FE3C00E6800322964D0A92CDE90B330E930423F0
:10FE4C000293FEF718BE159A1399AD1A2846FDF7C2
:10FE5C001BFE99F801300BB109F101098D4A16EB23
:10FE6C00080343F10003A2FB030727F0030000EB98
:10FE7C0097001B1AF31A4FF0CC3168F1000803FB02
:10FE8C0001F102FB0811A3FB023001445B0843EAB9
:10FE9C00C1764FEA510816EB080343F10003A2FBAD
:10FEAC00031020F0030101EB90015B1AF31AA3FB82
:10FEBC00023168F100005B0802FB001243EAC273D6
:10FECC0003EB8303A6EB4303303305F8013C4FF0FF
:10FEDC00010C013DFFF7F8BB9DF85F30CDF8248095
:10FEEC00003B18BF012302930A9B0493CDE90B330B
:10FEFC000E930893FEF7BFBD079924AA504600F055
:10FF0C00C1FC00287FF48EA91998269A27AF78E6B1
:10FF1C009DF85F3002920A9250ADFFF7CFB8049B68
:10FF2C000992CDE90A330E930C93029350AD4FF026
:10FF3C0078099E460893C3E46E18A6EB0906CD1A01
:10FF4C00AE42A8BF2E46FFF79DBA27AFFEF7C1BD44
:10FF5C00DBB2002077E48DF85F10DBB220E409926D
:10FF6C005846FEF7E1BF099A059912681180FFF710
:10FF7C00C8B822AB01931BAB0093B0EE470B049AAD
:10FF8C0019AB022150468DED027B00F065FF9DED13
:10FF9C00027B05461BF0010F40F05582229B5A1B39
:10FFAC00199B0D92D81C0B93C0F2018204999942B3
:10FFBC00C0F20B819A4200F392820B9B0A931BF4C2
:10FFCC00806F03D00B9B002B00F32D830A9B23EA3D
:10FFDC00E373C34602934FF0670900230E930C930F
:10FFEC000BF00201002E00F0CA804FF02D0E8DF8A0
:04FFFC005FE0029B25
:02000004600199
:1000000001330293002304935DE40322254D0A92F9
:1000100018E72846FDF732FE9DF85F300A9020EA87
:10002000E0720292002B3EF40CAFFEF708BF079C73
:1000300024AA2146504600F02BFCA38903F040037C
:10004000FEF7F6BC591C5046FCF7BCFD05460028DF
:1000500000F0F6830890ACE6079924AA504600F019
:1000600017FC00287FF4E4A8269A27AFFFF7DEB933
:10007000079924AA504600F00BFC00287FF4D8A86A
:10008000DDE92532199827A9FFF7EEB80023089378
:10009000062304934BF48078FEF787BDAC0B002059
:1000A000CDCCCCCCA80B0020049B01330D930221B6
:1000B00022AB01931BAB0093B0EE470B19AB0D9A2B
:1000C00050468DED027B00F0CDFE0D9B29F0200CFB
:1000D000BCF1460F9DED027B054600EB030100F0ED
:1000E0009880B5EE407BF1EE10FA00F0D882229BAA
:1000F000994288BF4FF0450C40F2CF8230205A1C05
:1001000022921870229B8B42F9D35B1B0D93BCF19A
:10011000470F199B0B9356D0BCF1460F00F08F8010
:100120000B9B8DF87090013B002B1993C0F24C8112
:100130002B22092B8DF8712000F34F8130228DF88E
:1001400072200DF17302303302F8013B1CABD31A5D
:1001500012930D9B129A012B1A440A9240F341828A
:100160000A9B109A13440A930A9A2BF4806343F46F
:10017000807B22EAE2720023CDE90B330E930292D8
:1001800034E7049B0D93032192E79DF85FE0BEF1F5
:10019000000F7FF434AF0496FFF795BB24AA5946AD
:1001A000504600F075FB00287FF442A899F8000043
:1001B000269A27A906444CE4199B0B934B1BBCF1D0
:1001C000470F0D933BD10B9B0333C0F2F680049B8A
:1001D0000B9A93420FDA0B9B013BA9F10209002B0A
:1001E0008DF870901993A3DA0B9B2D22C3F10103B4
:1001F0008DF87120A2E70D9B0B9A934200F3758155
:100200001BF0010F0B9B00F0B282109A13440A936B
:10021000DBE62B78302B00F06182199B1944B5EE98
:10022000407BF1EE10FAC7D0229B8B42FFF466AF01
:100230005B1B0D93BCF1470F199B0B93C3D00B991C
:10024000049A0BF00103002943EA020340F3CF8232
:10025000002B40F01A820B9B0A934FF066091BF4A7
:10026000806F40F0E8810A9B23EAE373C346029360
:10027000B9E647F63003ADF86030049B632B4BF0D2
:10028000020B00F35C8118EE903A002BC0F23B8128
:10029000B0EE480B19A800F0B1FCB4EE007B20EEE4
:1002A000077BB5EE407BF1EE10FA40F0408201236F
:1002B0000026199337AD0896AE480499B3EE004B6B
:1002C0002B4606E0B5EE407BF1EE10FA00F00F820F
:1002D000114627EE047BFDEEC76B4A1E16EE90CA50
:1002E00010F80CE0B8EEE65B9C4637EE457B03F871
:1002F00001EB0029E6D1B6EE005BB4EEC57BF1EE72
:1003000010FA08DCB4EE457BF1EE10FA1ED116EEC1
:10031000902AD2071AD5CDF888C013F8011C90F89E
:100320000FC08C451A460AD14FF0300E02F801EC8E
:10033000229A511E229112F8011C6145F6D03929EA
:1003400016BF0131817AC9B202F8011C199A5B1BF0
:100350000D93B9F1610F02F1FF33199300F01F8281
:1003600050214FF04109002B8DF87010C0F20E8221
:100370002B22092B8DF871202FDC0DF17202E2E6A1
:10038000079924AA504600F083FA00287EF450AF63
:10039000269A27AFFFF741B8079924AA504600F0E4
:1003A00077FA00287EF444AF199B269A27AFFFF70F
:1003B00059B8DFF8CC81FFF7C4B80B9BA9F102094B
:1003C000013B8DF8709019930B9A2D238DF87130A5
:1003D000C2F101030832BFF6B1AE0DF17F0CDFF8B8
:1003E000A4E162461046AEFB0312D20802EB820182
:1003F000A3EB41013031632B00F8011C134600F1DF
:10040000FF32EFDC303302F8013C831E634580F09D
:10041000C8810DF1710213F8011B02F8011F634539
:10042000F9D103F5A0736B44CC3B1B1A1CAA9B1A91
:1004300012938EE6079924AA504600F029FA002864
:100440007EF4F6AE199D0D9B269A5D1B27AFFFF734
:100450001FB8049B4FF0470CE918E0E600230C4658
:100460000493FEF749BA45F63003ADF86030049BBB
:10047000632B4BF0020B62DC18EE903A002B42DB50
:10048000B0EE480B19A800F0B9FBB4EE007B20EEEB
:10049000077BB5EE407BF1EE10FA01D101231993F1
:1004A00000263548089637AD07E7464210303348F6
:1004B0000F9052DA1027804603E00831103E102ECC
:1004C0004BDD01331032072BC1E90087CDE925321E
:1004D000F3DD079924AA504600F0DAF900287EF4EB
:1004E000A7AEDDE9253227A9E8E70D9B109A9A18F7
:1004F0000B9B0A92002B79DD4FF06709AFE6DFF81E
:100500008080FEF74BBF0023089337AD2D26B1EE58
:10051000487BB0EE470B19A800F070FBB4EE007BEF
:1005200020EE077BB5EE407BF1EE10FA04BF01230D
:100530001993B9F1610F3FF4BFAE0F48BDE6049BBC
:100540005046591CFCF73EFB0546002800F03D8153
:1005500008904BF48078FEF728BB01330F980860B1
:100560003244072BCDE925324E6000F30281083179
:10057000FEF77DBEB80B0020CC0B00201C0D002028
:1005800080050020CDCCCCCC049A002A00F0D48089
:10059000002BC0F22481B0EE487B002622AB0193F1
:1005A0001BAB0093B0EE470B19AB049A02215046E7
:1005B0008DED027B00F056FC00239DED027B05468D
:1005C0000893EDE42D26B1EE487BFEF7F6BA079BC3
:1005D0009B890022089243F04003079A9381FEF71B
:1005E00027BE1BF0010F3FF4BFADB9E5C3F1010316
:1005F0001A4422EAE273C3460A9202934FF0670953
:10060000F1E418EE903A13F000432BF0800B0B93BB
:1006100000F09A802D238DF85F30B9F1470F4FF02D
:1006200000030893049340F3F8800322944D0A9248
:1006300008E44FF0670914990B78FF2B00F0F8805D
:1006400000200B9A0E90844603E001300131FF2B0D
:1006500009D0934207DAD21A4B78002BF5D10B78E8
:100660000CF1010CF3E7CDE90B201491CDF838C063
:100670000C9A0E9B159913440A9A01FB03230A93C3
:1006800023EAE373C3460293B0E4109B02EB010933
:100690004B440A934FF06609E1E55B1B0D93199BF0
:1006A0000B933DE50023032208930A920493FFF77E
:1006B000C9BB049B029CDDF820800A93FFF76FBB47
:1006C000CDF824801BB3049B0A935A1C0292049019
:1006D0000E900C904FF07309FEF7D3B9B5EE407B46
:1006E000F1EE10FA1ED1199B0B93194466E5002A0E
:1006F0000491FFF62BAE0499302001EB030C194650
:1007000001F8010B6145FBD11A44531C1EE6049B02
:100710000A930293089B0E930C9304934FF0730972
:10072000FEF7AFB90D9BC3F10103199376E50026DF
:100730005448089637ADC0E5934273DBB0EE487B72
:100740000123049E049329E79DF85F30B9F1470F18
:10075000CCBF4B4D4C4D002B40F0868003220493C0
:100760000A920E930C9308930292FEF78AB90A93A9
:100770002BE4079924AA504600F08AF800287EF45A
:1007800057ADDDE9253227A9FEF771BD2D238DF880
:100790007130C2F101030832FFF61FAEEDE57021A2
:1007A000E1E502231293D4E4CDE90B3308930E93D1
:1007B000FEF767B9099A63780C4652F8041B099250
:1007C00041EAE1710491FEF795B8079A938943F0E5
:1007D000400393814FF0FF330593FEF72CB92D268C
:1007E000B1EE487BDAE629490F91FFF708BBC34613
:1007F00033B9012302934FF066090A93FFF7F3BB65
:10080000109B03F10109049B4B440A9323EAE37311
:1008100002934FF06609FFF7E6BB03221A4D0A92D6
:10082000FFF710BB01232D260493B1EE487BB5E6FC
:1008300000230E930C931BE70C23CAF80030C9E782
:10084000079B08909B8943F04003C6E65946FEF794
:10085000C2BB5846FEF78FBF079B9B8943F04003FE
:10086000BBE65B46FEF77DBF002304930E930C931B
:10087000089303230A9304230293FEF702B900BFEF
:10088000B40B0020B80B0020B00B00201C0D002082
:100890002DE9F0411546926802B32C680746884658
:1008A000083401E00834C9B16B68581E002B1146AA
:1008B000686013DD54F8046C002EF3D0334654F80E
:1008C000082C4146384602F0A1FB431C07D0AA6819
:1008D000921B1146AA6008340029E5D100200023AC
:1008E000C5E90133BDE8F08170B5002941D0064665
:1008F0000C4610B1436B002B3ED0FCF74FFF636EEC
:10090000B4F90C20DD0730D4900538D521463046A7
:1009100000F04CF8E36A054633B1E1693046984788
:100920000028B8BF4FF0FF35A3891A0639D4216BD0
:1009300041B104F14003994202D03046FDF760FA1C
:1009400000232363616C21B13046FDF759FA00237F
:100950006364636E0022DB07A2811ED5A06DFDF7E4
:1009600069F9FCF721FF284670BD002ACED1FCF7BB
:100970001BFF0025284670BDFCF7F2FEBDE7A06D09
:10098000FDF75AF9B4F90C30002BBFD1636ED907CB
:10099000EDD4A06DFDF752F9E9E7A06DFDF74EF932
:1009A000DCE721693046FDF72BFAC0E7B1F90C20EE
:1009B0002DE9F041804610070C4650D4496842F4B6
:1009C00000630029A38164DDA66A002E44D00021C3
:1009D00012F48052D8F80050C8F8001065D1E169CF
:1009E00001234046B047411C02466CD0B4F90C309C
:1009F000A66A5B0705D56368D21A236B0BB1E36B5C
:100A0000D21A0023E1694046B047471CB4F90C30C4
:100A10004DD1D8F800101D2940D8304ACA40D60719
:100A20003CD52269226023F40062A281D9044FF0F0
:100A30000002626003D5D8F80030002B41D0216B52
:100A4000C8F8005041B104F14003994202D0404639
:100A5000FDF7D6F9002323630020BDE8F0810E697D
:100A6000002EF9D00D680E6092070CBF4B69002371
:100A7000AD1B8B600AE02B463246E169676A40464F
:100A8000B8470028A5EB0005064406DD002DF2DC82
:100A9000E2E7E16B002997DCDEE7A38943F040033E
:100AA000A3814FF0FF30BDE8F081226DA1E72269FC
:100AB000226023F40062A281DB044FF00002626036
:100AC000BDD52065BBE7D8F80030002B8ED01D2B9C
:100AD00001D0162BE1D1C8F80050BDE7010040203D
:100AE00000B5034683B008B1426B52B3B1F90C00B4
:100AF00098B14A6ED20701D4820512D518460091EA
:100B0000FFF754FF00994A6E0346D00702D48A8942
:100B100092050ED5184603B000BD0346184603B033
:100B200000BD886D01930091FDF786F8DDE90013A3
:100B3000E4E7886D0093FDF781F8009B184603B049
:100B400000BDCDE90001FCF70BFEDDE90031CDE78A
:100B500000487047081600200000000001F0FF0167
:100B6000102A2BDB10F0070F08D010F8013B013AD8
:100B70008B422DD010F0070F42B3F6D1F0B441EA0A
:100B8000012141EA014122F007047FF00007002320
:100B9000F0E80256083C85EA010586EA010685FA76
:100BA00047F5A3FA87F586FA47F6A5FA87F68EB9D0
:100BB000EED1F0BC01F0FF0102F0070232B110F8F3
:100BC000013B013A83EA010313B1F8D100207047D9
:100BD00001387047002D06BF35460338073815F039
:100BE000010F07D1013015F4807F02BF013015F4E9
:100BF000C03F0130F0BC0138704700BF4DF804BD64
:100C000083B08DED000B019ADFF870C022F0004335
:100C100000216345016025D8DDF800C053EA0C0CC3
:100C200020D0DFF85CC002EA0C0CBCF1000F0AD146
:100C30009FED107B20EE077B8DED007B019A6FF01E
:100C4000350122F00043DDE900BC6FF31E5242F093
:100C50007F5C1B154CF4001CA3F2FE33CDE900BCF5
:100C60000B4403609DED000B03B05DF804BB7047BF
:100C7000AFF300800000000000005043FFFFEF7F53
:100C80000000F07F00B50B4C2468864685B0E06814
:100C90009C460C4652B108490094CDE901127346B6
:100CA0000649624601F028F8FAF7C0FD04490A46F1
:100CB000F2E700BF98160020EC0B0020FC0B002090
:100CC000F80B002010B5A1FB021482B074BBFBF737
:100CD00079FF034670B350F8042C22F00302043A63
:100CE000242A10D8132A16D91B2AC0E900441AD97D
:100CF000242AC0E902440ABFC0E9044400F11001FB
:100D000000F1180108E021460190FCF77FFE019BED
:100D1000184602B010BD014600221846C1E9002263
:100D20008A6002B010BD00F10801F5E7FCF754FF3E
:100D30000C2303600023184602B010BD2DE9F04FCC
:100D400003690C69A34283B0C0F28880013C01F1C1
:100D5000140500F1140855F8243058F82420013304
:100D600008EB84069A4200964FEA840B05EB840751
:100D7000B2FBF3F63AD300230191C64629469C46BE
:100D800051F8042BDEF800901FFA82FA06FB0A33B2
:100D90004FEA134A120C06FB02A29BB21FFA89FA11
:100DA000AAEB030363441FFA82FCCCEB234C0CEB4D
:100DB000194C9BB243EA0C438F424EF8043B4FEA76
:100DC0002C4C4FEA1243DBD258F80B3001996BB927
:100DD000009B043B984504D307E0984504F1FF3499
:100DE00003D21A68043B002AF7D004618146FDF75C
:100DF000DDFB00282EDB01364146002255F8040BAE
:100E0000D1F800C01FFA80FE1FFA8CF3A3EB0E038B
:100E10001344020CC2EB234202EB1C429BB243EA96
:100E20000243AF4241F8043B4FEA2242E6D258F86F
:100E3000242008EB84036AB9043B984504D307E0F7
:100E4000984504F1FF3403D21A68043B002AF7D016
:100E5000C9F81040304603B0BDE8F08F002003B061
:100E6000BDE8F08F2DE9F04F93B08DED000B0491AC
:100E7000816B1C9D069257EC106B0446089341B1A0
:100E8000C26B4A60012393408B60FDF705F9002394
:100E9000A363B7F10008B4BF012300232B60A34B69
:100EA000BCBF28F00048CDF8048033EA080300F006
:100EB00092809DED007BB5EE407BF1EE10FA0DD1F6
:100EC000089A012313601D9B13B11D9A984B136060
:100ED000984B0293029813B0BDE8F08F10AAB0EEC1
:100EE000470B11A920468DED027BFDF73FFC5FEA21
:100EF00018539DED027B109A834640F08280119B2F
:100F0000134403F23241202940F3E281C1F1400150
:100F100008FA01F803F2124126FA01F148EA010148
:100F200006EE101AB8EE466B013B16EE901A4FF023
:100F30000108A1F1F8719FED772BB7EE081B9FED2B
:100F4000775B9FED784B06EE901A03EE903A36EE03
:100F5000416BB8EEE33BA6EE025BB0EE456BA3EE51
:100F6000046BFDEEC65BB5EEC06BF1EE10FACDED95
:100F7000055A00F1C0800599D21A162902F1FF3AEC
:100F800000F2A4806C4B03EBC10393ED006BB4EE55
:100F9000C67BF1EE10FA00F1A281002A40F3C08472
:100FA0000027CDE90A178A4400230993049B092BE3
:100FB0003DD8052BC4BF043B0493049BA3F102035B
:100FC000CCBF00250125032B33D8DFE813F0FA014D
:100FD000F701ED019201089AC8F3130842F20F736A
:100FE00058EA060813601BD11D9B002B00F04286B7
:100FF000524B029308331D9A0298136013B0BDE858
:10100000F08F17EE901AB0EE476BC1F3130141F069
:101010007F51A3F2FF3341F440114FF000088AE7FB
:101020001D9B002B40F06181454B029352E700234A
:1010300004930025E563294620468DED067BFDF7E8
:1010400001F89DED067B0290002800F0B485119A0E
:10105000029BA363002A75DB05990E2972DC364BCF
:1010600003EBC10393ED003B87EE036BBDEEC66B54
:10107000029916EE103A303301F8013B4FF0FF3978
:10108000B8EEC65BA5EE437B0123B2EE044B11E044
:1010900087EE036BBDEEC66B013316EE102A4B458F
:1010A00002F13002B8EEC65B01F8012BA5EE437BDE
:1010B00000F0A38427EE047BB5EE407BF1EE10FA3E
:1010C000E6D1059B013304930D46ECE001230B931D
:1010D000059BBAF1000FBABFC2F101074FF0000A39
:1010E0000027002B80F2F180059BFF1A5B420993D9
:1010F00000230A935AE7B8EEE55BB4EE465BF1EEE7
:1011000010FA3FF438AF05990139059133E700BF74
:10111000AFF3008061436F63A787D23FB3C8608B92
:10112000288AC63FFB799F501344D33F0000F07FCD
:10113000E90B0020E80B0020A80200202C0C002066
:10114000380C00204FF0FF390695CDF83090B8F1FB
:10115000000F00F0E984DDF8248002F2334201211F
:1011600020469244BD18FDF75DF80646002F40F07A
:101170009F82099B002B00F09383B8F1000F40F091
:1011800077835946099A2046FDF73EF901238346A5
:10119000099301212046FDF745F80A9B8046002B64
:1011A00040F04582049B012B40F3AA820120504469
:1011B00010F01F0000F008811B2800F3D582C0F159
:1011C0001C00054407448244002D05DD59462A468B
:1011D0002046FDF775F98346BAF1000F05DD41465B
:1011E00052462046FDF76CF980460B9B002B40F0E1
:1011F0000082B9F1000F40F3D781099B002B40F02A
:101200002481059B01330493029F012507E0594681
:1012100000230A222046FCF749FF01358346414658
:101220005846FFF78BFD4D4500F1300A07F801AB3A
:10123000EDDB029BB9F1000F03F1010209F1FF3967
:101240004FF00003D8BF4FF0000991440093594676
:1012500001222046FDF734F941468346FDF7A6F901
:10126000002840F32083029A02E0914500F0268393
:101270004D4609F1FF3915F8013C392BF5D0013302
:1012800089F8003041462046FCF706FF5EB1009B1E
:101290002BB1B34203D019462046FCF7FDFE314680
:1012A0002046FCF7F9FE59462046FCF7F5FE0023E0
:1012B0002B70089B049A1A601D9B002B3FF40AAE0A
:1012C00002981D6013B0BDE8F08F9A440A936BE654
:1012D000C1F1200106FA01F106EE101A22E6059B83
:1012E000013B059300230B93F2E6AC4B02930333CF
:1012F00081E601230D93DDE90523134403F1010980
:101300004E46012E0C93B8BF0126172E40F39C8445
:10131000012204235B0003F11400B042114602F1E4
:101320000102F7D9E16320468DED0E7BFCF78AFEC2
:101330000290002800F03F84B9F10E0F9DED0E7B66
:10134000A06346D8002D44D00599002940F3F182CE
:10135000934B01F00F0203EBC203CD0593ED006B3D
:101360004FEA211340F18A838E4A92ED085B03F025
:101370000F03032187EE054B002B00F0FB81894A08
:1013800001E05B100832D80703D45B100832DE0797
:10139000F7D592ED005B5B1001F1010126EE056BC4
:1013A00000F0E8810832F2E701230D93069B002B41
:1013B00040F38B81069E0C96B146A6E700230D9361
:1013C00099E700230D93F1E71C200544074482446C
:1013D000FAE6119A002AC0F24081059B0E2B00F319
:1013E0003C816F4B059A03EBC20393ED003B069BD8
:1013F000002B80F2ED82B9F1000F00F3E98240F09A
:101400008682B1EE046B23EE066BB4EEC67BF1EE82
:1014100010FA494640F27C82029D312305F8013BD7
:101420002046FCF739FE059B023304933BE7314627
:1014300000230A222046FCF739FE0C9B002B0646AF
:1014400040F3FA83DDF830900595002F05DD314635
:101450003A462046FDF734F806460A9B002B40F03A
:10146000F6823746029D6B1E4B440A93009B03F0A5
:1014700001030C9341465846FFF760FC31460B9040
:1014800000F1300A5846FDF791F8414681463A4648
:101490002046FDF7ABF8C3680146002B36D1099012
:1014A0005846FDF783F8099906902046FCF7F4FDAD
:1014B000069A002A5AD1049B1BB90C9B002B00F002
:1014C000A483B9F1000F43DB0A9BA9469D4209F8AA
:1014D00001AB00F0D782594600230A222046FCF7D0
:1014E000E5FDBE42834631464FF000034FF00A024D
:1014F000204635D0FCF7DAFD3946064600230A229D
:101500002046FCF7D3FD4D460746B3E72046FCF7DF
:10151000C3FDB9F1000F08DB009B03F00102049B3F
:1015200049EA030952EA09022ED15946012220460E
:10153000FCF7C6FF41468346FDF738F8002840F324
:101540004183BAF1390F00F024830B9B03F1310A78
:1015500005F801AB059B0096013304933E4691E6E6
:10156000FCF7A4FD4D460646074683E7B9F1000F98
:10157000C0F28483049B49EA03090C9B53EA0909DE
:1015800000F07C83002A9FDDBAF1390F00F001835F
:101590000AF1010305F8013BDCE700BF380C00202D
:1015A000A802002080020020049B022B7FF725AEBA
:1015B000B9F1000F40F0008241464B46052220461B
:1015C000FCF774FD014680465846FCF7EFFF48459E
:1015D00040F3F281029D312305F8013B414620464C
:1015E000FCF75AFD059B02330493002E7FF457AE9F
:1015F00059E641465846FCF7D9FF0028BFF6F9AD39
:10160000594600230A222046059DFCF74FFD099B01
:10161000013D8346002B7FF40AAF0C9B002B40F367
:10162000FE82059BDDF8309004930595ECE51A46A3
:1016300001462046FCF7E8FE049B012B804640F360
:10164000F98100230A93D8F8103008EB8303186956
:10165000FCF77EFDC0F12000A9E50D9B73B9002FBA
:1016600067D1099B002B74D11D461E4691E5119A46
:10167000002A03DB05990E297FF7B4AE049B012BEA
:101680007FF765AD099B09F1FF384345C0F27781CB
:10169000B9F1000FA3EB080880F2BE82A7EB0903A3
:1016A000012120460D93FCF7BDFD3D460D9F0646EA
:1016B000BAF1000F7FF75DAD57453B46A8BF5346D3
:1016C000ED1AFF1AAAEB030A53E50021E163204655
:1016D0008DED067BFCF7B6FC9DED067B02900028A5
:1016E00000F06982029BA363002D40F09F81119A54
:1016F000AA42C0F27C8201230C93994606936CE6C1
:10170000009B002B7FF452AD019BC3F31303002B0E
:101710007FF44CAD019B23F000431B0D1B05002BF8
:101720003FF444AD012301350AF1010A0A9318463A
:101730003DE5BAF1000F00F0FE8157453B46099E9A
:10174000A8BF5346FD1AAAEB030A2F46002E3FF40A
:1017500020AD5946099A2046FCF756FE00238346E1
:1017600009933D461E4614E51C283FF42DADC0F1FB
:101770003C002AE684EE065B0B9B3BB1B7EE006BA8
:10178000B4EEC65BF1EE10FA00F1E081B1EE0C4B65
:1017900006EE901AB8EEE66BA6EE054B14EE901A24
:1017A00053EC142BA1F15073B9F1000F00F09B80A2
:1017B000DDF814C0484643EC142BB64B029DFDEEF9
:1017C000C53B03EBC00212ED022B13EE902A02F18F
:1017D000300E0D9A691CB8EEE36B0E4635EE466B83
:1017E000002A00F05B81B6EE003B83EE025B35EE33
:1017F000445BB4EEC65BF1EE10FA85F800E000F34E
:101800002782B7EE001BB2EE043B002518E001353D
:101810008542BFF62CAF26EE036B25EE035BFDEE93
:10182000C64B14EE902AB8EEE42B303236EE426B03
:10183000B4EEC56BF1EE10FA01F8012B00F1DF8177
:1018400031EE464BB4EEC54BF1EE10FADFD5029AFD
:101850000CF1010C02E0914200F097810D4611F865
:10186000013D392BF7D001330B70CDF810C01AE5CC
:10187000314642462046FCF7C7FD5A460146064619
:101880002046FCF7FDFC59460D902046FCF704FC71
:10189000099BDDF834B0B3EB080309937FF471AC16
:1018A0000123099375E403D11AF0010F7FF4DBAC37
:1018B0004D4619F8013D302BFAD0E3E4059B029A1E
:1018C0000233049331231370DCE406EE901AB1EE78
:1018D0000C4BB8EEE66BA5EE064B14EE901A53ECEB
:1018E000142BA1F1507343EC142BB1EE046B35EEC5
:1018F000466BB4EEC46BF1EE10FA00F35681B1EE14
:10190000444BB4EEC46BF1EE10FA7FF562AD0021EA
:101910002046FCF7C1FB069B029D5B420493C2E498
:10192000059B0A939A460023C2F101070B93FFF728
:101930003BBB00F00781059A564B524202F00F0163
:1019400003EBC10393ED005B131127EE055B00F081
:101950007981514A022101E05B100832DD0703D48E
:101960005B100832D807F7D592ED006B5B1001F1E0
:10197000010125EE065B3FF4FFAE0832F2E7099B5A
:101980000A9AA8EB03031A44012120460A92FCF7A5
:1019900049FCCA4407EB09050646CDF82480002F10
:1019A0003FF4EFAB57453B46A8BF5346ED1AFF1A2D
:1019B000AAEB030AFFF7E5BB41462046FCF76CFBA8
:1019C000069B029D5B420493002E7FF468AC6AE4A0
:1019D000029B5E1C87EE036BBDEEC66B029A16EE91
:1019E000103AB9F1010F03F13003B8EEC65B31468E
:1019F0001370A3EE457B7FF447AB37EE077BB4EE65
:101A0000C37B059BF1EE10FA03F1010304939C469E
:101A100008DCB4EE437BF1EE10FA05D116EE103A75
:101A2000DB0701D5029A19E70D463CE40C95A9465F
:101A3000069589E4009B002B7FF403AEDDE90012DC
:101A4000C2F31303002B00F0C4800A91FBE5716818
:101A50002046FCF7F7FA0546002800F004813369B8
:101A600002339A0006F10C010C30F9F76FFC29469D
:101A700001222046FCF724FD0746F3E40221B0EEE4
:101A8000474B79E4059B009601333E460493FFF7EC
:101A9000DEBB00BFA802002080020020029A24EED4
:101AA000022B012882F800E014D0B2EE043B029A27
:101AB000151826EE036BFDEEC65B15EE902A30324C
:101AC00001F8012BA942B8EEE54B36EE446BF0D19C
:101AD000711E0144B6EE005B32EE054BB4EEC64B10
:101AE000F1EE10FA3FF5B3AE35EE425BB4EEC65BF5
:101AF000F1EE10FA0DDC119A002AFFF6B0AD059A4E
:101B00000E2A3FF7ACAD059A03EBC20393ED003B01
:101B100060E70D46013915F8013C302BF9D00CF186
:101B200001030493FFF7BFBB109ADDF82480C2F1D4
:101B30003602FFF714BB099E002E7FF40AAE3D4625
:101B4000FFF727BB0221B0EE475B15E6B9F1000FA6
:101B50003FF4BBAE0C9800287FF73BACB2EE043BE1
:101B6000B1EE0C4B013106EE901A25EE035B059B9E
:101B7000B8EEE66BA5EE064B14EE901A03F1FF3CAF
:101B800053EC142BA1F1507315E60CF1010C312329
:101B90006AE6A946392309F8013B059B0096013303
:101BA000029A04933E46FFF763BB029D312305F87A
:101BB000013B002134E4334B3348002240F2AF11A3
:101BC000FFF760F87FF4C4AC1AF0010F7FF4B9ACF2
:101BD000BEE4019B23F000431B0D1B05002B3FF4CB
:101BE00031AD012301350AF1010A0A932BE50D9B62
:101BF000002B33D101230C93994606932FE50CF16A
:101C0000010304930D46FFF74EBBBAF1390FC0D064
:101C100091453FF79AAC9BE44A46FFF7A0BA049A75
:101C2000022A05DC059A049299460595FFF7ECBA5D
:101C30000595DDF83090BBE4049A0595022AF8DC9E
:101C4000994602E4022197E50021E163FFF76BBBAF
:101C50000CF1010304930D46FFF725BB0D9B069382
:101C600099460C930EE5074B07482A4640F2EF21B0
:101C7000FFF708F8054B0293FFF72CB9002A3FF74E
:101C800054AC65E4380B00203C0C00202C0C0020E8
:101C900030B5044687B05BB110480193D0F8C85105
:101CA00071B12046A847421C019B10D007B030BD3F
:101CB00000F5827309480193D0F8C8510029F0D18A
:101CC0000A46204603A9A847421C019BEED10021E9
:101CD0008A221960226007B030BD00BF3014002096
:101CE00010B582B0049CCDE900344FF0FF3301F011
:101CF00055FC02B010BD00BF0EB400B582B003ABFE
:101D0000DFF81CC053F8042B01930146DCF80000F7
:101D100000F008F802B05DF804EB03B0704700BFB4
:101D2000981600202DE9F04FC5B00DF1500A8346FA
:101D3000049116460021082250461C460B93FBF7DF
:101D400065FEBBF1000F04D0DBF83430002B00F04F
:101D50004987049B5A6EB3F90C30D00740F141819A
:101D6000990400F1A985049943F4005322F4005228
:101D70008B814A66930401F1AE80049BB3F90C3069
:101D80001D0740F1BD80049A1269002A00F0B88056
:101D900003F01A020A2A00F0C2800023CDE91933A9
:101DA000CDE90E331BAADFF86C980D9318921746F5
:101DB0000793B0464546D9F8CC41FBF7A1FECDF8D4
:101DC00000A003462A4612A95846A047002800F062
:101DD000C580C0F2BB80129A252A034601D01D445B
:101DE000E9E7B5EB0806044640F0BC80002319463D
:101DF0008DF8433008934FF0FF326B78059205F170
:101E00000108039108F101081946A1F120035A2B9A
:101E100000F2F280DFE813F0E603F000F000DF03E9
:101E2000F000F000F000BF03F000F00007025302E2
:101E3000F00012020004F000F1035B005B005B00A5
:101E40005B005B005B005B005B005B00F000F00090
:101E5000F000F000F000F000F000F000F000D80119
:101E60009F03F000F000F000F000F000F000F00040
:101E7000F000F000F0001902F000F000F000AA01FC
:101E8000F000FB02F000F000BA05F000F000F000F6
:101E9000F000F000F000F000F000F000F000D801D9
:101EA0006801F000F000F000950368016D00F0009B
:101EB0008B03F0007D036A0320036D00F000AA018C
:101EC0006A005902F000F000FB05F0006A00A1F181
:101ED0003003002218F8011B02EB820203EB4202DE
:101EE000A1F13003092BF5D908928EE798F800305C
:101EF00088E7039B43F02003039398F8003081E7C1
:101F0000049D5846294601F05FFA002840F0F68704
:101F1000B5F90C3003F01A020A2A7FF43EAF049997
:101F2000B1F90E20002AFFF638AF4A6ED20702D46C
:101F30009F0540F19087049923463246584601F0A8
:101F400015F80790079845B0BDE8F08F08220021EA
:101F50005046FBF75BFD01231D442CE7B5EB08065B
:101F6000044610D01A9B33441A93199B0133072B54
:101F7000C7E90086199310DC0837079B33440793A1
:101F8000002C7FF433AF1A9B002B40F06E87049B2C
:101F90000022B3F90C30199218E0049918AA584697
:101FA00001F024F878B91BAFE7E7049918AA58465E
:101FB00001F01CF8002800F08380099B1BB10999EF
:101FC0005846FBF71DFF049BB3F90C30049A526E80
:101FD000D0077FD55B0600F16687079845B0BDE85E
:101FE000F08F9F0540F114819D047FF5BCAE9004F5
:101FF0007FF5C6AE00F071BF0029C4D000230122D6
:102000008DF8AC108DF8433009930A9205932BADEF
:102010000692DDE919C0039C14F08406014662466D
:1020200026D1089B069C1C1B002C00F3ED839DF819
:10203000433003B300260C960132012301317B604B
:10204000072A0DF14303CDE919213B6000F3868394
:1020500008370C9B63B1013211AB02313B60072A98
:102060004FF00203CDE919217B6000F36B83083741
:10207000802E00F0EE82059B0A981C1A002C00F3BB
:1020800026830A9B3D6001321944072ACDE91921B4
:102090007B6000F34C830837039B5C0705D5089BE6
:1020A000069A9C1A002C00F36583DDE90732069836
:1020B0008242ACBF9B181B18079300297FF475AFB1
:1020C00000231993099B1BB109995846FBF798FE09
:1020D0001BAF6FE69A053FF57DAF049CA06DFBF743
:1020E000ADFDB4F90C3075E7039B980640F13C84D4
:1020F0000B9B073323F00702536852F8084B0B92EF
:102100001E46002BC0F23882059A002A07DB039B8B
:1021100023F08003039354EA060300F08C840A2C16
:1021200076F1000380F0F7803034059A9DF8433053
:102130008DF80F41012AB8BF01220692002B00F052
:10214000AF83069B0133002506930123CDE9095394
:102150000DF20F15DDE91921039B13F084060846E3
:1021600094463FF45EAF00230C9365E70B9E00237B
:102170008DF8433056F8043B0993002B00F0558549
:10218000532900F07284039B13F0100440F06D8417
:10219000059A002AC0F2138509982146FEF7DEFC55
:1021A0009DF84330099D002800F08B86421B0A925F
:1021B00022EAE2720692002B00F00E8501320594AD
:1021C00006920B960994C5E7432903D0039BDD06CD
:1021D00040F127840822002116A8FBF717FC0B9A70
:1021E0002BAD126816AB29465846FFF751FD0A90F1
:1021F000013000F04F860A9B23EAE37306930B9BA2
:1022000004330B9300238DF843300993059300E7C3
:10221000049DA86DFBF710FDB5F90C306A6E9904AA
:102220003FF5A8AD9FE50B9B53F8042B0892002ABD
:1022300080F23D83089A0B9352420892039B43F02D
:102240000403039398F80030DCE5039B43F010008F
:102250009B0640F14E830B9B073323F007031A467E
:10226000596852F8083B0B9200228DF84320059ADA
:10227000002AC0F2118320F49062039253EA010213
:1022800000F01E8344AD03F00702DB0843EA41730C
:10229000C908303253EA0104284605F8012DF2D16D
:1022A000039B13F0010340F09E82059A099344AB0F
:1022B0005B1B9A42B8BF1A460A930692A9E62B23E3
:1022C0008DF8433098F800309CE503998E0600F1B4
:1022D000A48003990B9A11F0100052F8043B40F0CF
:1022E0002783039911F0400100F0CA848DF8430060
:1022F0009BB205990026B1421C4606DB039921F0EA
:1023000080010391002B00F07B850A2C76F10003FD
:102310000B92FFF409AF039B09970020CDF830B072
:1023200044A9DDF834B0069003F48067CDF8288026
:1023300025E00690A319B54843F10003A0FB032C48
:102340002CF0030202EB9C029B1AE31A4FF0CC32F2
:10235000A046B64602FB03F266F1000600FB062229
:10236000A3FB0043B8F10A0F13444FEA54047EF173
:10237000000E294644EAC3744FEA53062ED3069B47
:10238000A24A01330693A31943F100031046A2FBAE
:10239000032525F0030202EB95029B1AE31AA3FB27
:1023A000003266F1000500FB05225B0843EAC273B8
:1023B00003EB8303A4EB4303303301F8013C4D1ED0
:1023C000002FB7D006989BF800308342B1D1FF2888
:1023D000AFD00A2C76F1000380F0AF8405999DF808
:1023E0004330CDF834B044AA521B9142B8BF1146D5
:1023F000DDE90978DDF830B00A920691002B00F093
:10240000EE83069B0133069300230993A2E6039B08
:1024100043F010019B0640F189820B9B073323F0A8
:10242000070200238DF84330059B566852F8084B8D
:102430000B92002BC0F2EE8221F08003039354EA4A
:1024400006037FF46CAE059B002B40F0DE840A93FC
:102450000693099344ADDCE5059C0B990398002293
:1024600047F630039442ADF844308DF8432051F8DC
:10247000043BC0F2D28220F0800040F002000390C2
:10248000002B00F0E58303F00F0461481B09045D95
:102490008DF80F410B9100F05685022106910DF247
:1024A0000F1503F00F011B09415C05F8011D43EAFC
:1024B0000273120953EA0201F3D144AB5A1B059B84
:1024C0000A929342B8BF1346069A002A00F0398553
:1024D000DDE91921039C023314F0840606930846B3
:1024E000944600F0E98200230993B4E50398860638
:1024F0003FF5B1AE03990B9ACD0652F8043B00F1BB
:1025000014850398440640F1C8839BB20B920021C6
:10251000AAE603990B9A8C0602F1040340F1F081BC
:10252000126807991160C91751600B9342E498F83B
:1025300000306C2B00F08F82039A42F0100203925D
:1025400060E498F80030682B00F07B82039A42F038
:102550004002039256E4039A940642F0100300F1FD
:1025600000820B9A04320B9903930C680B92E617C6
:102570003346002BBFF6C8AD2D238DF84330059BA5
:10258000644266EB4606002BFFF6C9AD039B23F0C1
:1025900080030393C3E55846FEF7DAFA43680F93C6
:1025A0001846FBF76BFB0E9004465846FEF7D0FA30
:1025B000826898F800300D92002C3FF423AC002A7A
:1025C0003FF420AC1278002A3FF41CAC039A42F48A
:1025D0008062039216E4039B43F00103039398F88F
:1025E00000300FE49DF8432098F80030002A7FF473
:1025F00009AC20228DF8432004E4039B43F08003C0
:10260000039398F80030FFF7FDBB00BFCDCCCCCCD6
:10261000B80B002030140020404610F8011B2A2976
:1026200000F07784A1F13003092B98BF002200F25B
:10263000178410F8011B02EB820203EB4202A1F1A6
:102640003003092BF5D942EAE27305938046FFF780
:10265000DCBB089B06981C1A002C7FF70CAD102CD5
:1026600040F3268438460C95AE4F049D102604E0B6
:10267000103C102C00F1080015DD01321031072A42
:10268000C0E90076CDE91921F2DD18AA294658469D
:1026900000F0ACFC00287FF490AC103C102CDDE97D
:1026A00019211BA8E9DC0C9D3B4607460132214459
:1026B000072ACDE919213B607C6000F3A482059BC9
:1026C0000A981C1A002C07F108077FF7DAAC102CC7
:1026D00040F3ED8238461026924F04E0103C102C57
:1026E00000F1080016DD01328E4B1031072AC0E9D7
:1026F0000036CDE91921F1DD049918AA584600F0F9
:1027000075FC00287FF459AC103C102CDDE9192130
:102710001BA8E8DC3B46074601322144072ACDE9E5
:1027200019213B607C6000F3AA800837A9E4049972
:1027300018AA584600F05AFC00287FF43EAC1A99BB
:102740001BAFA9E4049918AA584600F04FFC0028D2
:102750007FF433ACDDE919211BAF89E4049918AA91
:10276000584600F043FC00287FF427ACDDE919212E
:102770001BAF6EE4102C199B40F381833A46049EF4
:10278000694F102504E0103C102C02F1080215DD01
:1027900001331031072BC2E90075CDE91931F2DDA3
:1027A00018AA3146584600F021FC00287FF405ACF9
:1027B000103C102CDDE919311BAAE9DC3E46174616
:1027C00001332144072BC7E90064CDE919317FF7B4
:1027D0006CAC049918AA584600F008FC00287FF455
:1027E000ECAB1A9961E4302A00F001823023059A9B
:1027F00005F8013C023844AB1B1A9A42B8BF1A468E
:102800000A9306920546EFE000230C93102C464EE7
:10281000624623DD394610232F46049D04E0103C18
:10282000102C01F1080117DD01321030072AC1E92F
:102830000063CDE91920F2DD18AA2946584600F0B8
:10284000D5FB00287FF4B9AB103C102CDDE9192032
:102850001BA94FF01003E7DC3D460F46013221185B
:10286000072ACDE919213E607C6000F37A819DF84A
:1028700043600837002E36D00026FFF7DDBB0499F1
:1028800018AA584600F0B2FB00287FF496ABDDE9A9
:1028900019211BAFFFF7F5BB20F480620392F1E42E
:1028A000099301230A930DF20F15FFF7B2BB0B93A7
:1028B00098F80030FFF7A6BA92047FF561AAF2E219
:1028C000059A002A7FF4DEAC10F00102069200F0B7
:1028D000428130238DF80F31059B0A9209930DF246
:1028E0000F15FFF796BB0C9B002B7FF4B4ABFFF7E3
:1028F000C2BB0B9B1A1D0B9B0B921B680021B3E400
:10290000039AD00600F18C81039A510600F195825A
:10291000039A920540F184810B9A0799126811700D
:1029200003E600BF2C0D0020900500200B9B1A1D14
:102930000B9B05981B680026B0428DF843601C462F
:1029400067DB21F080010391002B7FF4DEAC0B925A
:10295000002840F05A820A900690099044ADFFF793
:1029600058BB0393FFF7C4BB039B0B9AD90652F8DD
:10297000044B3FF5F8AD039B5E0640F1768144F3CE
:10298000C0360B9224B23346FFF7BBBBAD48039B66
:102990009D0640F1B5800B9B073323F007031A46D1
:1029A0005C6852F8083B0B92039A12F001020692FF
:1029B00040F08C808DF84320059A002AC0F2B78041
:1029C000039A22F49062039253EA040240F0F380E7
:1029D000059A002A00F0F68103788DF80F31012363
:1029E00006920A930DF20F15DDE91921039B13F0EE
:1029F00084060846944600F0A1829DF84330002BDF
:102A000000F0AB82002309930C93FFF715BB8E48AF
:102A1000BDE70B920391FFF782BB40F002000390E9
:102A200031E50B9B1B688DF8AC30012306930A93AC
:102A30002BADFFF7E4BB002A00F0D4813024FFF770
:102A400074BB039B43F40073039308F1010898F8E7
:102A50000030FFF7D7B9039B43F02003039308F13D
:102A6000010898F80030FFF7CDB9099B13930822AD
:102A7000002116A8FAF7CAFF059B002BC0F21981A6
:102A80000024069725461F460EE02BA95846FFF75F
:102A9000FFF8411C284400F0FD81B84209DC04F134
:102AA000040400F008820546139A125916AB002A56
:102AB000EBD1069F05950AE1089C069B0996E41A4E
:102AC000002C7FF7C8AA02230C939FE653EA040266
:102AD0005ED100238DF84330059B002BC0F221818D
:102AE000039B23F49063039300F0878103788DF8B0
:102AF0000F31069B0A93059B06930DF20F1573E7A2
:102B00000B9A52F8043B0B92039AD40608D452064F
:102B100002D59BB2002447E7039A960500F1818114
:102B2000002441E742F00202039202220692039A35
:102B300022F48062039203F00F02825C8DF80F2171
:102B40001B0943EA0473220953EA14147FF4A7AC67
:102B50000DF20F15B1E4059B44ADCDE90933FFF744
:102B600058BA049918AA584600F040FA06460028B8
:102B70007FF423AA9DF84330DDE91921002B40F0B2
:102B800089800C9B1BAF002B7FF465AAFFF773BAFB
:102B900030228DF8442000228DF84320059A8DF8CC
:102BA0004510002A039ABDDB22F4906242F0020233
:102BB00003920222069203F00F02825CBEE7099D97
:102BC0002846FBF75BF89DF843300A9020EAE07254
:102BD0000692002B7FF4F2AA099D05930B960993A8
:102BE000FFF717BA5846FAF7BBFDFFF7B2B8059AD8
:102BF00044AB5B1B9A42B8BF1A460A930023069265
:102C00000993FFF706BA049918AA584600F0EEF99E
:102C100000287FF4D2A9DDE919211BAFFFF72BBAF9
:102C20000B9A0799126811607FE4059B074D0B967C
:102C3000062B28BF062306930A93099B0593FFF7EB
:102C4000E8B900BFCC0B0020B80B0020E00B00203F
:102C50000B91002C00F0DC80302301228DF80F3125
:102C60000DF20F1523460A9232E4039B0B929D0549
:102C70004ABF44F3C016E61764B23346FFF741BAC1
:102C8000039810F4007600F0CF808DF84310DBB28B
:102C9000FFF72FBB1BAFFFF7CFB9039810F40071FC
:102CA00000F0BB80DBB20B920021FFF7DDBAAC4B2A
:102CB00032E516AB0093002313AA19465846FFF7D6
:102CC0000FF80590013000F0E580099B1393059BF8
:102CD000002B7CD0632B00F3B680002309932BAD2F
:102CE0000822002116A8FAF791FE059C16AB009366
:102CF00013AA234629465846FEF7F2FF844240F0C5
:102D00001681059900236B5421EAE17206929DF821
:102D10004320002A40F0B580CDE90A160592FFF75E
:102D200078B903788DF80F31039B23F48063039304
:102D3000069B0A930DF20F1556E60E9A0F99AD1ADF
:102D40002846FAF7A7FE9BF801300BB10BF1010BF7
:102D5000844AA31943F10003A2FB030C2CF00300E7
:102D600000EB9C001B1AE31A4FF0CC3166F1000611
:102D700003FB01F102FB0611A3FB023001445B08D7
:102D800043EAC1744E08A31943F10003A2FB0310E8
:102D900020F0030101EB90015B1AE31AA3FB02315F
:102DA00066F1000002FB00125B0843EAC27303EB0A
:102DB0008303A4EB4303303305F8013C0120013DBC
:102DC000FFF701BB059B0A9344A805460CE69DF856
:102DD0004330099D0B96003B18BF01230693059BCA
:102DE0000A9301E69DF843303BB1059BCDE90933D9
:102DF000012344AD0693FFF7ADB9059BFFF727BB51
:102E0000059B0B92002B3FF422AB0024FFF78CB9FB
:102E1000059B0A9344ADFFF75BBB03980B92FFF74A
:102E200023BADBB20024BFE505998DF84360002981
:102E30001C46BFF663AAFFF768BA0B9A0799126897
:102E40001180FFF772BB591C5846F9F7BBFE0546C7
:102E500000B3099044E7886DFAF7F0FEFFF76BB80E
:102E6000002380460593FEF7D0BF049918AA584660
:102E700000F0BCF800283FF48AA8FFF7A4B83A4E47
:102E80009EE4059A0A92069A0B96013206920593E1
:102E9000FFF760B90498B0F90C30426E43F040017E
:102EA000D207818109D54FF0FF330793FFF795B81B
:102EB0002B4BFFF7FBBB069F09E79905F3D4FFF700
:102EC0000CB99BB1059B0B965A1C06920A93059070
:102ED0000990FFF73FB9D707E5D4049B9B899E056E
:102EE000E1D4049B986DFAF7A9FEDCE7059A0993F3
:102EF000CDE905320B960A92FFF78BB8049A536E10
:102F0000D807D0D493899905CDD4906DFAF796FE61
:102F1000C9E70B9A98F8013052F8041B0B9241EA6A
:102F2000E17180460591FEF76DBF0846E3E4049A1F
:102F3000938943F040039381FFF73FB80996FFF769
:102F400070B8069350E5059B0122012BB8BF012301
:102F50000DF20F150A92FFF7BBBA0993FFF788B875
:102F60002C0D0020CDCCCCCC90050020F0B50D462A
:102F7000ADF2744D164689896A6E1B92EA89ADF8E6
:102F8000162021F00201EA69ADF8141009921CA97B
:102F90006A6A0291074606910B924FF48061002203
:102FA00018A80193049107910892FAF741FE32465E
:102FB000019B02A93846FEF7B5FE061E07DB02A9F3
:102FC0003846FDF78DFD002818BF4FF0FF36BDF8DD
:102FD00014305B0603D5AB8943F04003AB811898EE
:102FE000FAF728FE30460DF2744DF0BD936810B527
:102FF00014461BB918460023636010BD00F068F842
:103000000023A3600023636010BD00BF2DE9F043DF
:103010008E681D46AE420B6883B00C4690463AD887
:10302000B1F90CC01CF4906F0FD1354618464146DB
:103030002A46FAF759FCA3689E1B2368A6602B4416
:103040000020236003B0BDE8F0834A69096902EB00
:1030500042025E1A02EBD2726B1C5210334493424E
:1030600094BF17461F46934288BF1A461CF4806FD0
:10307000814612D01146F9F7A5FDF0B1324621691B
:103080000190F8F763F9A289019B22F4906242F063
:103090008002A28105E02E46C8E7FAF775F80346DC
:1030A00038B123613344BE1BA660676123602E469E
:1030B000BCE721694846FAF7A3FEA3890C2243F036
:1030C0004003C9F800204FF0FF30A381BAE700BFEA
:1030D0009368002B00F0B7802DE9F04FB1F90CC0D8
:1030E0001CF0080F83B00C46804617462DD00B69A4
:1030F0005BB31CF002033E6833D04FF0000ADFF8E8
:10310000C4B25546B9465D452B46524628BF5B467C
:103110004046B5B1E169676AB847002840F38B8043
:10312000D9F808301B1A8244C9F80830002B79D02E
:103130002D1A5D452B46524628BF5B464046002D62
:10314000E8D1D6E900A50836DDE72146404600F083
:103150003BF9002874D1B4F90CC03E681CF002039E
:10316000CBD11CF0010A70D1236800975546002D81
:1031700054D01CF4007FD4F80890184600F0AB80BF
:10318000A945CB4600F2E4801CF4906F34D021694D
:103190006269A3EB010902EB420202EBD27209F170
:1031A000010352102B44934294BF93469B46934293
:1031B00088BF1A461CF4806F00F0E9801146404633
:1031C000F9F700FD002800F0F7804A4621690190D8
:1031D000F8F7BCF8A289019B22F4906242F08002C9
:1031E000A28103EB09002361ABEB0903C4F814B01F
:1031F000A3602060A946AB4651465A46FAF774FBD5
:10320000A2682368A2EB0902A260009A91685B445D
:10321000491B2360916029B1B4F90CC0D6E900A51F
:103220000836A4E7002003B0BDE8F08F21464046F1
:10323000FDF756FC68B3B4F90C3043F04003A381AA
:103240004FF0FF30EFE7002070471D469A461846C2
:10325000B946009365B3002831D05246D4E904132F
:103260002068AA4228BF2A46884204D9A16803EBF5
:10327000010B5A457CDC93426DDCE169009A676A78
:103280004046B847B0F1000BD5DDBAEB0B0ACDD004
:103290000120D9F80830A3EB0B03C9F80830002B44
:1032A000C0D0009BA5EB0B055B440093002DD2D151
:1032B000756833460836002DFAD01B680093009FCE
:1032C0002A460A213846FDF749FC002871D0013012
:1032D000A0EB070AC1E722699A4221D36269AA4298
:1032E0001ED86FF00043AB4228BF2B46E16993FB29
:1032F000F2F3676A02FB03F340465246B847B0F167
:10330000000998DD009A9368A3EB0903A5EB090572
:103310009360002B86D0B4F90CC02368CA4426E71A
:10332000A94528BFA94618464A465146FAF7DCFA8D
:10333000A2682368A2EB09024B44A2602360002A22
:10334000E0D121464046FDF7CBFB0028DAD072E7FA
:10335000A946AB4650E700990192FAF7C5FA019ADF
:10336000A3689B1AA36023681344236093468CE7E9
:1033700000995A46FAF7B8FA23685B44236021465D
:103380004046FDF7ADFB00283FF47FAF53E74046D2
:10339000F9F7FAFE034600287FF423AF216940467F
:1033A000FAF72EFDA3890C22C8F8002023F0800331
:1033B00043E76A1C924651E70C22B4F90C30C8F876
:1033C00000203AE700FCFF7F10B5354B0446186833
:1033D00082B00B4610B1426B002A53D0B3F90C20D7
:1033E000110711D51869C8B1B3F90C2012F0010109
:1033F00026D059694FF0000C4942C3F808C09961C2
:1034000020B3002002B010BDD00640D5510723D410
:10341000186942F008029A810028E5D19A8902F4DD
:103420002072B2F5007FDFD019462046019300F0EC
:10343000C9F8019BB3F90C20186912F00101D8D129
:10344000940758BF596999600028DAD11106D9D577
:1034500042F040029A811FE0196B61B103F1400014
:10346000814206D020460193FAF7CAFC019BB3F9CA
:103470000C200021196318690021C3E9000122F022
:103480002402C6E70191FAF76BF9019BA6E709212F
:1034900042F0400221609A814FF0FF30B2E700BF56
:1034A000981600202DE9F04F8BB0DDE91589149FA7
:1034B00002901C46B8F1000F57D0166801960029FB
:1034C000C34608BF4FF0FF37002588460391924658
:1034D00006E0019B53F8040B0193002837D06546A2
:1034E000AF423ED9002C3CD0DBF800300493DBF82F
:1034F00004300593019B02981A68D9F8C8615B46AD
:1035000006A9B047431C33D000EB050CBC453AD8A4
:10351000039B013C002BDCD000280DDD08F1FF32BD
:10352000019E06A900EB020E11F8013B02F8013FD3
:103530007245F9D101968044019BDAF8002053F8D6
:10354000040B01930432CAF800200028C7D1039964
:10355000D84609B1CAF800000022C8F800200CF1D2
:10356000FF3528460BB0BDE8F08F00F58678A4E75C
:10357000029B05468A21002228461960CBF80020CC
:103580000BB0BDE8F08FD846DDF810A0DDF814B020
:103590002846C8E900AB0BB0BDE8F08F00B585B098
:1035A000DFF81CC006980090079801900348006857
:1035B000CDF808C0FFF776FF05B000BD98160020D3
:1035C00030140020B1F90C20930706D501F1430314
:1035D0000122C1E904320B60704730B50B46B1F9E6
:1035E0000E10002999B0044632DB02AA009300F0C5
:1035F0005BF80028009B29DB4FF480612046009394
:10360000039DF9F7DFFA009BB3F90C20002839D0AD
:1036100005F4704142F0800218601861B1F5005F56
:103620004FF480609A8158613AD1B3F90E1000933B
:10363000204600F04DF8009BB3F90C2080B322F037
:10364000030242F001024FF4006117E0B3F90C20CD
:10365000019312F0800F0CBF4FF48061402120468F
:103660000091F9F7AFFA019B0099B3F90C2048B12A
:10367000C3E9040142F08002186000210A439A81E4
:1036800019B030BD9105FBD422F0030203F14301D0
:1036900042F002020120C3E904109A811960EFE7A9
:1036A0004FF40061EAE700BF38B5084C0023054637
:1036B000084611462360F8F7ADF8431C00D038BD2A
:1036C0002368002BFBD02B6038BD00BF546700205F
:1036D00038B5074C0023054608462360F8F7A0F8E4
:1036E000431C00D038BD2368002BFBD02B6038BDB5
:1036F000546700205FF800F0A11D00605FF800F043
:0C370000FD1C0060000000000000000044
:04370C00F8B500BF4D
:083710006CA5FF7F0100000021
:1037180000000000000000000000000000000000A1
:103728000000000000000000000000000000000091
:103738000000000000000000000000000000000081
:103748000000000000000000000000000000000071
:103758000000000000000000000000000000000061
:103768000000000000000000000000000000000051
:103778000000000000000000000000000000000041
:103788000000000000000000000000000000000031
:103798000000000000000000000000000000000021
:1037A8000000000000000000000000000000000011
:1037B8000000000000000000000000000000000001
:1037C80000000000000000000000000000000000F1
:1037D80000000000000000000000000000000000E1
:1037E80000000000000000000000000000000000D1
:1037F80000000000000000000000000000000000C1
:1038080000000000000000000000000000000000B0
:1038180000000000000000000000000000000000A0
:103828000000000000000000000000000000000090
:103838000000000000000000000000000000000080
:103848000000000000000000000000000000000070
:103858000000000000000000000000000000000060
:103868000000000000000000000000000000000050
:103878000000000000000000000000000000000040
:103888000000000000000000000000000000000030
:103898000000000000000000000000000000000020
:1038A8000000000000000000000000000000000010
:1038B8000000000000000000000000000000000000
:1038C80000000000000000000000000000000000F0
:1038D80000000000000000000000000000000000E0
:1038E80000000000000000000000000000000000D0
:1038F80000000000000000000000000000000000C0
:1039080000000000000000000000000000000000AF
:10391800000000000000000000000000000000009F
:10392800000000000000000000000000000000008F
:10393800000000000000000000000000000000007F
:10394800000000000000000000000000000000006F
:10395800000000000000000000000000000000005F
:10396800000000000000000000000000000000004F
:10397800000000000000000000000000000000003F
:10398800000000000000000000000000000000002F
:103998000080E03779C34143176E05B5B5B8934643
:1039A800F5F93FE9034F384D321D30F94877825A0F
:1039B8003CBF737FDD4F1575000000000000F03F2D
:1039C80000000000000024400000000000005940F2
:1039D8000000000000408F40000000000088C34045
:1039E80000000000006AF8400000000080842E41BA
:1039F80000000000D01263410000000084D7974106
:103A08000000000065CDCD41000000205FA002420B
:103A1800000000E876483742000000A2941A6D4280
:103A2800000040E59C30A2420000901EC4BCD64273
:103A380000003426F56B0C430080E03779C341431E
:103A480000A0D8855734764300C84E676DC1AB4394
:103A5800003D9160E458E143408CB5781DAF1544B2
:103A680050EFE2D6E41A4B4492D54D06CFF080448D
:103A7800F64AE1C7022DB544B49DD9794378EA44A2
:103A8800CD0B0000C50200009D040000ED140000ED
:103A9800290E0000191D0000B11700006D39000043
:103AA800D1450000BD4900003D2F00001D21000048
:103AB800354E0000515E0000AD6D0000E1090000C8
:103AC8008106000059080000411200003D10000066
:103AD800451A0000AD430000F935000029400000F8
:103AE800653D00004529000001250000DD52000069
:103AF800D15800009D660000040000000500000089
:103B080006000000080000000A0000000C00000089
:103B18000E00000010000000140000001800000053
:103B2800200000003000000040000000600000009D
:103B3800800000000000000000000000718F0000FD
:103B48001DA3000019A3000015A3000011A3000085
:103B58000DA3000009A3000005A300000000000059
:103B680000000000218E0000798F00009588000079
:103B7800ED890000B588000055890000DD88000047
:103B8800798A0000098A000091880000002020201E
:103B980020202020202028282828282020202020F5
:103BA80020202020202020202020202020881010C5
:103BB8001010101010101010101010101004040421
:103BC80004040404040404101010101010104141DF
:103BD80041414141010101010101010101010101CD
:103BE80001010101010101011010101010104242E1
:103BF800424242420202020202020202020202029D
:103C0800020202020202020210101010200000003C
:103C1800000000000000000000000000000000009C
:103C2800000000000000000000000000000000008C
:103C3800000000000000000000000000000000007C
:103C4800000000000000000000000000000000006C
:103C5800000000000000000000000000000000005C
:103C6800000000000000000000000000000000004C
:103C7800000000000000000000000000000000003C
:103C8800000000000000000000000000000000002C
:103C9800202020202020202020202020202020201C
:103CA800202020202020202020202020202020200C
:103CB80000000042C8801F40B8821F400800000072
:103CC80000000042C4801F40B4821F40040000006E
:103CD80000C0004224801F4014821F4010000000D2
:103CE80000C0004228801F4018821F4020000000AA
:103CF80000C000422C801F401C821F404000000072
:103D080000C0004234801F4024821F400001000090
:103D18000040004264811F4054831F40000400009B
:103D28000040004280811F4070831F400000020055
:103D3800004000427C811F406C831F40000001004E
:103D48000040004268811F4058831F40000800005F
:103D5800004000423C811F402C831F4001000000AE
:103D68000040004244811F4034831F40040000008B
:103D78000040004240811F4030831F400200000085
:103D88000040004248811F4038831F40080000005F
:103D98000000004204811F40F4821F40000004001C
:103DA8000000004208811F40F8821F400000080000
:103DB8000000004218811F4008831F400000800057
:103DC8000000004214811F4004831F40000040008F
:103DD8000000004200811F40F0821F4000000200E6
:103DE80000000042FC801F40EC821F4000000100E0
:103DF8000000004224811F4014831F40000000047B
:103E08000000004228811F4018831F40000000085E
:103E1800000000421C811F400C831F40000000016D
:103E28000000004220811F4010831F400000000254
:103E380000000042EC801F40DC821F4000100000A0
:103E480000000042F0801F40E0821F400020000078
:103E58000000004234811F4024831F4000000040BE
:103E68000000004238811F4028831F400000008066
:103E78000080004294801F4084821F40000004009C
:103E880000C0004290801F4080821F4000000080D8
:103E980000800042A8801F4098821F4000008000D8
:103EA80000800042A4801F4094821F400000400010
:103EB800004000426C811F405C831F4000100000DE
:103EC80000C0004230801F4020821F408000000058
:103ED80000400042B0811F40A0831F400000002026
:103EE80000400042AC811F409C831F40000000102E
:103EF8000040004284811F4074831F40000004007A
:103F08000040004288811F4078831F40000008005D
:103F1800000000422C811F401C831F40000000103D
:103F28000000004230811F4020831F400000002015
:103F3800000000420C811F40FC821F40000010005E
:103F48000000004210811F4000831F400000200035
:103F580000800042C8811F40B8831F4000800000D5
:103F680000800042C4811F40B4831F40004000000D
:103F780000800042C0811F40B0831F400020000025
:103F880000800042BC811F40AC831F40001000002D
:103F980000800042D0811F40C0831F400000020003
:103FA80000800042CC811F40BC831F4000000100FC
:103FB80000C0004274801F4064821F40000000015E
:103FC80000C0004280801F4070821F40000000082F
:103FD80000C0004284801F4074821F40000000100F
:103FE80000C000426C801F405C821F4000004000FF
:103FF80000C000427C801F406C821F40000000040B
:1040080000C0004278801F4068821F400000000204
:1040180000C0004288801F4078821F4000000020B6
:1040280005000000190000007D0000007073726137
:104038006D5F776F726B65722075702E206D61747D
:1040480068206F6E6C793B20746865204C75636BD3
:10405800666F782064656369646573206576657248
:10406800797468696E6720656C73652E00000000BE
:104078006576657279206C696E6520696E20616E5F
:1040880064206F7574206F6620746865206C696E93
:104098006B206973206563686F6564206865726565
:1040A8002C203E20696E20616E64203C206F757460
:1040B8002E0000003C2000003E20000049206265E0
:1040C8006E63682D6F6E6520776F726B6572203135
:1040D800206E73656C2031302062616E6B737A20BC
:1040E800256C7520626C6B20256C75206269747371
:1040F80020342C32206663707520256C7500000012
:1041080050202564202575202575202575202575C6
:104118000000000042206F6B00000000542025645E
:1041280020256420256C75005520256C750000003D
:104138004E202575000000004420256C7500000005
:104148004620256C750000004D20256C6420256CE8
:10415800750000005220256C7520256C7500000044
:104168005720256C7520256C7500000020253032FD
:10417800580000005320253032582025303258206E
:104188002530325820253032582077616E7420252A
:1041980030325820253032582025303258202530EA
:1041A8003258000047202530325820253032582018
:1041B8002530325820253032582077616E742025FA
:1041C80030325820253032582025303258202530BA
:1041D800325800004C20256C7520256C7520256C04
:1041E8007520256C7520256C750000005620256CFF
:1041F8007520256C750000004520756E6B6E6F7715
:104208006E0000004C435F434F4C4C415445000046
:104218004C435F4354595045000000004C435F4DE8
:104228004F4E4554415259004C435F4E554D4552EF
:10423800494300004C435F54494D45004C435F4D92
:10424800455353414745530042616C6C6F6320737B
:104258007563636565646564000000002F646174BC
:10426800612F6A656E6B696E732F776F726B7370EF
:104278006163652F474E552D746F6F6C6368616974
:104288006E2F61726D2D31352D352F7372632F6E40
:1042980065776C69622D63796777696E2F6E6577CC
:1042A8006C69622F6C6962632F7374646C69622F26
:1042B8006D707265632E6300494E4600696E660034
:1042C8004E414E006E616E00303132333435363730
:1042D800383961626364656600000000303132334A
:1042E80034353637383941424344454600000000EA
:1042F800286E756C6C290000300000002C20667553
:104308006E6374696F6E3A20000000006173736514
:104318007274696F6E2022257322206661696C654C
:10432800643A2066696C6520222573222C206C690A
:104338006E65202564257325730A0000496E666939
:104348006E697479000000004E614E002F6461743C
:10435800612F6A656E6B696E732F776F726B7370FE
:104368006163652F474E552D746F6F6C6368616983
:104378006E2F61726D2D31352D352F7372632F6E4F
:1043880065776C69622D63796777696E2F6E6577DB
:104398006C69622F6C6962632F7374646C69622F35
:1043A80064746F612E630000000100009C160020F9
:1043B8001200000000060000F01E00600A00000065
:1043C800000200008C1E0060620000000007000070
:1043D800281E006062000000EE030000D8160020CE
:1043E80012000000000004EEB016002028000000B3
:1043F80000030000241E00600000000001030904FF
:104408000C1E00600000000002030904F41D006097
:104418000000000003030904EC160020000000005F
:1044280000000000000000000000000030303030C4
:104438003030303030303030303030303030303074
:104448003030303030303030303030300000000024
:104458000000000000000000400D0020400D00207A
:10446800480D0020480D0020500D0020500D002060
:10447800580D0020580D0020600D0020600D002010
:10448800680D0020680D0020700D0020700D0020C0
:10449800780D0020780D0020800D0020800D002070
:1044A800880D0020880D0020900D0020900D002020
:1044B800980D0020980D0020A00D0020A00D0020D0
:1044C800A80D0020A80D0020B00D0020B00D002080
:1044D800B80D0020B80D0020C00D0020C00D002030
:1044E800C80D0020C80D0020D00D0020D00D0020E0
:1044F800D80D0020D80D0020E00D0020E00D002090
:10450800E80D0020E80D0020F00D0020F00D00203F
:10451800F80D0020F80D0020000E0020000E0020ED
:10452800080E0020080E0020100E0020100E00209B
:10453800180E0020180E0020200E0020200E00204B
:10454800280E0020280E0020300E0020300E0020FB
:10455800380E0020380E0020400E0020400E0020AB
:10456800480E0020480E0020500E0020500E00205B
:10457800580E0020580E0020600E0020600E00200B
:10458800680E0020680E0020700E0020700E0020BB
:10459800780E0020780E0020800E0020800E00206B
:1045A800880E0020880E0020900E0020900E00201B
:1045B800980E0020980E0020A00E0020A00E0020CB
:1045C800A80E0020A80E0020B00E0020B00E00207B
:1045D800B80E0020B80E0020C00E0020C00E00202B
:1045E800C80E0020C80E0020D00E0020D00E0020DB
:1045F800D80E0020D80E0020E00E0020E00E00208B
:10460800E80E0020E80E0020F00E0020F00E00203A
:10461800F80E0020F80E0020000F0020000F0020E8
:10462800080F0020080F0020100F0020100F002096
:10463800180F0020180F0020200F0020200F002046
:10464800280F0020280F0020300F0020300F0020F6
:10465800380F0020380F0020400F0020400F0020A6
:10466800480F0020480F0020500F0020500F002056
:10467800580F0020580F0020600F0020600F002006
:10468800680F0020680F0020700F0020700F0020B6
:10469800780F0020780F0020800F0020800F002066
:1046A800880F0020880F0020900F0020900F002016
:1046B800980F0020980F0020A00F0020A00F0020C6
:1046C800A80F0020A80F0020B00F0020B00F002076
:1046D800B80F0020B80F0020C00F0020C00F002026
:1046E800C80F0020C80F0020D00F0020D00F0020D6
:1046F800D80F0020D80F0020E00F0020E00F002086
:10470800E80F0020E80F0020F00F0020F00F002035
:10471800F80F0020F80F00200010002000100020E3
:104728000810002008100020101000201010002091
:104738001810002018100020201000202010002041
:1047480028100020281000203010002030100020F1
:1047580038100020381000204010002040100020A1
:104768004810002048100020501000205010002051
:104778005810002058100020601000206010002001
:1047880068100020681000207010002070100020B1
:104798007810002078100020801000208010002061
:1047A8008810002088100020901000209010002011
:1047B8009810002098100020A0100020A0100020C1
:1047C800A8100020A8100020B0100020B010002071
:1047D800B8100020B8100020C0100020C010002021
:1047E800C8100020C8100020D0100020D0100020D1
:1047F800D8100020D8100020E0100020E010002081
:10480800E8100020E8100020F0100020F010002030
:10481800F8100020F81000200011002000110020DE
:10482800081100200811002010110020101100208C
:10483800181100201811002020110020201100203C
:1048480028110020281100203011002030110020EC
:1048580038110020381100200000000008660020F0
:1048680070660020D86600200000000000000000EC
:104878000000000000000000000000000000000030
:104888000000000000000000000000000000000020
:104898000000000000000000000000000000000010
:1048A8000000000000000000000000000000000000
:1048B80000000000000000000000000000000000F0
:1048C80000000000000000000000000000000000E0
:1048D80000000000000000000000000000000000D0
:1048E80000000000000000000000000000000000C0
:1048F80001000000000000000E33CDAB34126DE65D
:10490800ECDE05000B0000000000000000000000C5
:10491800000000000000000000000000000000008F
:10492800000000000000000000000000000000007F
:10493800000000000000000000000000000000006F
:10494800000000000000000000000000000000005F
:10495800000000000000000000000000000000004F
:10496800000000000000000000000000000000003F
:10497800000000000000000000000000000000002F
:10498800000000000000000000000000000000001F
:10499800000000000000000000000000000000000F
:1049A80000000000000000000000000000000000FF
:1049B80000000000000000000000000000000000EF
:1049C80000000000000000000000000000000000DF
:1049D80000000000000000000000000000000000CF
:1049E80000000000000000000000000000000000BF
:1049F80000000000000000000000000000000000AF
:104A0800000000000000000000000000000000009E
:104A1800000000000000000000000000000000008E
:104A2800000000000000000000000000000000007E
:104A3800000000000000000000000000000000006E
:104A4800000000000000000000000000000000005E
:104A580000000000000000000029DE07007B9A1714
:104A68002C04002000000000E80300000000000003
:104A78005404002000000000E803000000000000CB
:104A880000001940C013002000000000E844002086
:104A9800A8440020000000000000000028000000DA
:104AA8004000000028000000400000000000000056
:104AB80000000000000000000000000000000000EE
:104AC80000000000000000000000000000000000DE
:104AD80001170000658F0000000000006CC00F4047
:104AE80000000003070000000200000040851F408E
:104AF80002000000FF000000FF00000000000000AE
:104B080000000000080000000200000044851F406B
:104B180002000000FF000000FF000000000000008D
:104B280000000000FF004000260018007A00000086
:104B38002000000000000001060000008030202056
:104B4800430000000000000000000000000000001A
:104B5800000000000000000000000000000000004D
:104B680043000000000000000000000000000000FA
:104B7800000000000000000000000000000000002D
:104B880043000000000000000000000000000000DA
:104B9800000000000000000000000000000000000D
:104BA80043000000000000000000000000000000BA
:104BB80000000000000000000000000000000000ED
:104BC800430000000000000000000000000000009A
:104BD80000000000000000000000000000000000CD
:104BE800430000000000000000000000000000007A
:104BF80000000000000000000000000000000000AD
:104C08004300000000000000000000000000000059
:104C1800000000000000000000000000000000008C
:104C28004300000000000000000000000000000039
:104C3800000000000000000000000000000000006C
:104C4800000000000000000000000000000000005C
:104C5800000000000000000000000000000000004C
:104C6800000000000000000000000000000000003C
:104C7800000000000000000000000000000000002C
:104C8800000000000000000000000000000000001C
:104C9800000000000000000000000000000000000C
:104CA80000000000000000000000000000000000FC
:104CB80000000000000000000000000000000000EC
:104CC80000000000000000000000000000000000DC
:104CD80000000000000000000000000000000000CC
:104CE80000000000000000000000000000000000BC
:104CF80000000000000000000000000000000000AC
:104D0800000000000000000031C900001DC10000C3
:104D1800000000007C040020A0090020F80B0020FF
:104D2800F80B0020F80B0020F80B0020F80B0020EF
:104D3800F80B0020F80B0020F80B0020F80B0020DF
:104D4800FFFFFFFFFFFFFFFFFFFFFFFFFFFF000069
:104D580001004153434949000000000000000000E1
:104D6800000000000000000000000000000000003B
:104D780000004153434949000000000000000000C2
:104D8800000000000000000000000000000000001B
:104D980000000000FFFFFFFF00000200000000000D
:104DA80003000000086600204811002012010002DC
:104DB800EF020140C01683048002010203010000D3
:104DC80028000000000104000100000000000000AD
:104DD800020157494E5553420000000000000000F0
:104DE800000000000000000012034D0053004600C0
:104DF8005400310030003000F80000000C030000BF
:104E0800000000000000000000000000000000009A
:104E18000000040200000000000000000000000084
:104E2800000000000000000000000000000000007A
:104E3800000000000000000000000000000000006A
:104E4800000000000000000000000000000000005A
:104E5800000000000000000000000000000000004A
:104E6800000000000000000000000000000000003A
:104E7800000000000000000000000000000000002A
:104E8800000000000000000000000000000000001A
:104E9800000000000000000000000000000000000A
:104EA80000000000000000000000000000000000FA
:104EB80000000000000000000000000000000000EA
:104EC80000000000000000000000000000000000DA
:104ED80000000000000000000000000000000000CA
:104EE80000000000000000000000000000000000BA
:104EF80000000000000000000000000000000000AA
:104F08000000000000000000000000000000000099
:104F18000000000000000000000000000000000089
:104F28000000000000000000000000000000000079
:104F38000000000000000000000000000000000069
:104F48000000000000000000000000000000000059
:104F58000000000000000000000000000000000049
:104F68000000000000000000000000000000000039
:104F78000000000000000000000000000000000029
:104F88000000000000000000000000000000000019
:104F98000000000000000000000000000000000009
:104FA80000000000000000000000000000000000F9
:104FB80000000000000000000000000000000000E9
:104FC80000000000000000000000000000000000D9
:104FD80000000000000000000000000000000000C9
:104FE80000000000000000000000000000000000B9
:104FF80000000000000000000000000000000000A9
:105008000000000000000000000000000000000098
:105018000000000000000000000000000000000088
:105028000000000000000000000000000000000078
:105038000000000000000000000000000000000068
:105048000000000000000000000000000000000058
:105058000000000000000000000000000000000048
:105068000000000000000000000000000000000038
:105078000000000000000000000000000000000028
:105088000000000000000000000000000000000018
:105098000000000000000000000000000000000008
:1050A80000000000000000000000000000000000F8
:1050B80000000000000000000000000000000000E8
:1050C80000000000000000000000000000000000D8
:1050D80000000000000000000000000000000000C8
:1050E80000000000000000000000000000000000B8
:1050F80000000000000000000000000000000000A8
:105108000000000000000000000000000000000097
:105118000000000000000000000000000000000087
:105128000000000000000000000000000000000077
:105138000000000000000000000000000000000067
:105148000000000000000000000000000000000057
:105158000000000000000000000000000000000047
:105168000000000000000000000000000000000037
:105178000000000000000000000000000000000027
:105188000000000000000000000000000000000017
:105198000000000000000000000000000000000007
:1051A80000000000000000000000000000000000F7
:1051B80000000000000000000000000000000000E7
:1051C80000000000000000000000000000000000D7
:1051D800FFFFFFFFFFFFFFFFFFFFFFFFFFFFFFFFD7
:1051E800FFFFFFFFFFFFFFFFFFFFFFFFFFFFFFFFC7
:1051F800FFFFFFFFFFFFFFFFFFFFFFFFFFFFFFFFB7
:10520800FFFFFFFFFFFFFFFFFFFFFFFFFFFFFFFFA6
:10521800FFFFFFFFFFFFFFFFFFFFFFFFFFFFFFFF96
:10522800FFFFFFFFFFFFFFFFFFFFFFFFFFFFFFFF86
:10523800FFFFFFFFFFFFFFFFFFFFFFFFFFFFFFFF76
:10524800FFFFFFFFFFFFFFFFFFFFFFFFFFFFFFFF66
:10525800FFFFFFFFFFFFFFFFFFFFFFFFFFFFFFFF56
:10526800FFFFFFFFFFFFFFFFFFFFFFFFFFFFFFFF46
:10527800FFFFFFFFFFFFFFFFFFFFFFFFFFFFFFFF36
:10528800FFFFFFFFFFFFFFFFFFFFFFFFFFFFFFFF26
:10529800FFFFFFFFFFFFFFFFFFFFFFFFFFFFFFFF16
:1052A800FFFFFFFFFFFFFFFFFFFFFFFFFFFFFFFF06
:1052B800FFFFFFFFFFFFFFFFFFFFFFFFFFFFFFFFF6
:1052C800FFFFFFFFFFFFFFFFFFFFFFFFFFFFFFFFE6
:1052D800FFFFFFFFFFFFFFFFFFFFFFFFFFFFFFFFD6
:1052E800FFFFFFFFFFFFFFFFFFFFFFFFFFFFFFFFC6
:1052F800FFFFFFFFFFFFFFFFFFFFFFFFFFFFFFFFB6
:10530800FFFFFFFFFFFFFFFFFFFFFFFFFFFFFFFFA5
:10531800FFFFFFFFFFFFFFFFFFFFFFFFFFFFFFFF95
:10532800FFFFFFFFFFFFFFFFFFFFFFFFFFFFFFFF85
:10533800FFFFFFFFFFFFFFFFFFFFFFFFFFFFFFFF75
:10534800FFFFFFFFFFFFFFFFFFFFFFFFFFFFFFFF65
:10535800FFFFFFFFFFFFFFFFFFFFFFFFFFFFFFFF55
:10536800FFFFFFFFFFFFFFFFFFFFFFFFFFFFFFFF45
:10537800FFFFFFFFFFFFFFFFFFFFFFFFFFFFFFFF35
:10538800FFFFFFFFFFFFFFFFFFFFFFFFFFFFFFFF25
:10539800FFFFFFFFFFFFFFFFFFFFFFFFFFFFFFFF15
:1053A800FFFFFFFFFFFFFFFFFFFFFFFFFFFFFFFF05
:1053B800FFFFFFFFFFFFFFFFFFFFFFFFFFFFFFFFF5
:1053C800FFFFFFFFFFFFFFFFFFFFFFFFFFFFFFFFE5
:1053D800FFFFFFFFFFFFFFFFFFFFFFFFFFFFFFFFD5
:1053E800FFFFFFFFFFFFFFFFFFFFFFFFFFFFFFFFC5
:1053F800FFFFFFFFFFFFFFFF0000000000000000AD
:105408000000000000000000000000000000000094
:105418000000000000000000000000000000000084
:105428000000000000000000000000000000000074
:105438000000000000000000000000000000000064
:105448000000000000000000000000000000000054
:105458000000000000000000000000000000000044
:105468000000000000000000000000000000000034
:105478000000000000000000000000000000000024
:105488000000000000000000000000000000000014
:105498000000000000000000000000000000000004
:1054A80000000000000000000000000000000000F4
:1054B80000000000000000000000000000000000E4
:1054C80000000000000000000000000000000000D4
:1054D80000000000000000000000000000000000C4
:1054E80000000000000000000000000000000000B4
:1054F80000000000000000000000000000000000A4
:105508000000000000000000000000000000000093
:105518000000000000000000000000000000000083
:105528000000000000000000000000000000000073
:105538000000000000000000000000000000000063
:105548000000000000000000000000000000000053
:105558000000000000000000000000000000000043
:105568000000000000000000000000000000000033
:105578000000000000000000000000000000000023
:105588000000000000000000000000000000000013
:105598000000000000000000000000000000000003
:1055A80000000000000000000000000000000000F3
:1055B80000000000000000000000000000000000E3
:1055C80000000000000000000000000000000000D3
:1055D80000000000000000000000000000000000C3
:1055E80000000000000000000000000000000000B3
:1055F80000000000000000000000000000000000A3
:105608000000000000000000000000000000000092
:105618000000000000000000000000000000000082
:105628000000000000000000000000000000000072
:105638000000000000000000000000000000000062
:105648000000000000000000000000000000000052
:105658000000000000000000000000000000000042
:105668000000000000000000000000000000000032
:105678000000000000000000000000000000000022
:105688000000000000000000000000000000000012
:105698000000000000000000000000000000000002
:1056A80000000000000000000000000000000000F2
:1056B80000000000000000000000000000000000E2
:1056C80000000000000000000000000000000000D2
:1056D80000000000000000000000000000000000C2
:1056E80000000000000000000000000000000000B2
:1056F80000000000000000000000000000000000A2
:105708000000000000000000000000000000000091
:105718000000000000000000000000000000000081
:105728000000000000000000000000000000000071
:105738000000000000000000000000000000000061
:105748000000000000000000000000000000000051
:105758000000000000000000000000000000000041
:105768000000000000000000000000000000000031
:105778000000000000000000000000000000000021
:105788000000000000000000000000000000000011
:105798000000000000000000000000000000000001
:1057A80000000000000000000000000000000000F1
:1057B80000000000000000000000000000000000E1
:1057C80000000000000000000000000000000000D1
:1057D80000000000000000000000000000000000C1
:1057E80000000000000000000000000000000000B1
:1057F80000000000000000000000000000000000A1
:105808000000000000000000000000000000000090
:105818000000000000000000000000000000000080
:105828000000000000000000000000000000000070
:105838000000000000000000000000000000000060
:105848000000000000000000000000000000000050
:105858000000000000000000000000000000000040
:105868000000000000000000000000000000000030
:105878000000000000000000000000000000000020
:105888000000000000000000000000000000000010
:105898000000000000000000000000000000000000
:1058A80000000000000000000000000000000000F0
:1058B80000000000000000000000000000000000E0
:1058C80000000000000000000000000000000000D0
:1058D80000000000000000000000000000000000C0
:1058E80000000000000000000000000000000000B0
:1058F80000000000000000000000000000000000A0
:10590800000000000000000000000000000000008F
:10591800000000000000000000000000000000007F
:10592800000000000000000000000000000000006F
:10593800000000000000000000000000000000005F
:10594800000000000000000000000000000000004F
:10595800000000000000000000000000000000003F
:10596800000000000000000000000000000000002F
:10597800000000000000000000000000000000001F
:10598800000000000000000000000000000000000F
:1059980000000000000000000000000000000000FF
:1059A80000000000000000000000000000000000EF
:1059B80000000000000000000000000000000000DF
:1059C80000000000000000000000000000000000CF
:1059D80000000000000000000000000000000000BF
:1059E80000000000000000000000000000000000AF
:1059F800000000000000000000000000000000009F
:105A0800000000000000000000000000000000008E
:105A1800000000000000000000000000000000007E
:105A2800000000000000000000000000000000006E
:105A3800000000000000000000000000000000005E
:105A4800000000000000000000000000000000004E
:105A5800000000000000000000000000000000003E
:105A6800000000000000000000000000000000002E
:105A7800000000000000000000000000000000001E
:105A8800000000000000000000000000000000000E
:105A980000000000000000000000000000000000FE
:105AA80000000000000000000000000000000000EE
:105AB80000000000000000000000000000000000DE
:105AC80000000000000000000000000000000000CE
:105AD80000000000000000000000000000000000BE
:105AE80000000000000000000000000000000000AE
:105AF800000000000000000000000000000000009E
:105B0800000000000000000000000000000000008D
:105B1800000000000000000000000000000000007D
:105B2800000000000000000000000000000000006D
:105B3800000000000000000000000000000000005D
:105B4800000000000000000000000000000000004D
:105B5800000000000000000000000000000000003D
:105B6800000000000000000000000000000000002D
:105B7800000000000000000000000000000000001D
:105B8800000000000000000000000000000000000D
:105B980000000000000000000000000000000000FD
:105BA80000000000000000000000000000000000ED
:105BB80000000000000000000000000000000000DD
:105BC80000000000000000000000000000000000CD
:105BD80000000000000000000000000000000000BD
:105BE80000000000000000000000000000000000AD
:105BF800000000000000000000000000000000009D
:105C0800000000000000000000000000000000008C
:105C1800000000000000000000000000000000007C
:105C2800000000000000000000000000000000006C
:105C3800000000000000000000000000000000005C
:105C4800000000000000000000000000000000004C
:105C5800000000000000000000000000000000003C
:105C6800000000000000000000000000000000002C
:105C7800000000000000000000000000000000001C
:105C8800000000000000000000000000000000000C
:105C980000000000000000000000000000000000FC
:105CA80000000000000000000000000000000000EC
:105CB80000000000000000000000000000000000DC
:105CC80000000000000000000000000000000000CC
:105CD80000000000000000000000000000000000BC
:105CE80000000000000000000000000000000000AC
:105CF800000000000000000000000000000000009C
:105D0800000000000000000000000000000000008B
:105D1800000000000000000000000000000000007B
:105D2800000000000000000000000000000000006B
:105D3800000000000000000000000000000000005B
:105D4800000000000000000000000000000000004B
:105D5800000000000000000000000000000000003B
:105D6800000000000000000000000000000000002B
:105D7800000000000000000000000000000000001B
:105D8800000000000000000000000000000000000B
:105D980000000000000000000000000000000000FB
:105DA80000000000000000000000000000000000EB
:105DB80000000000000000000000000000000000DB
:105DC80000000000000000000000000000000000CB
:105DD80000000000000000000000000000000000BB
:105DE80000000000000000000000000000000000AB
:105DF800000000000000000000000000000000009B
:105E0800000000000000000000000000000000008A
:105E1800000000000000000000000000000000007A
:105E2800000000000000000000000000000000006A
:105E3800000000000000000000000000000000005A
:105E4800000000000000000000000000000000004A
:105E5800000000000000000000000000000000003A
:105E6800000000000000000000000000000000002A
:105E7800000000000000000000000000000000001A
:105E8800000000000000000000000000000000000A
:105E980000000000000000000000000000000000FA
:105EA80000000000000000000000000000000000EA
:105EB80000000000000000000000000000000000DA
:105EC80000000000000000000000000000000000CA
:105ED80000000000000000000000000000000000BA
:105EE80000000000000000000000000000000000AA
:105EF800000000000000000000000000000000009A
:105F08000000000000000000000000000000000089
:105F18000000000000000000000000000000000079
:105F28000000000000000000000000000000000069
:105F38000000000000000000000000000000000059
:105F48000000000000000000000000000000000049
:105F58000000000000000000000000000000000039
:105F68000000000000000000000000000000000029
:105F78000000000000000000000000000000000019
:105F88000000000000000000000000000000000009
:105F980000000000000000000000000000000000F9
:105FA80000000000000000000000000000000000E9
:105FB80000000000000000000000000000000000D9
:105FC80000000000000000000000000000000000C9
:105FD80000000000000000000000000000000000B9
:105FE80000000000000000000000000000000000A9
:085FF8000000000000000000A1
:040000056000100087
:00000001FF
