:0200000460009A
:100000004643464200000156000000000101020084
:1000100000000000000000000000000000000000E0
:1000200000000000000000000000000000000000D0
:1000300000000000000000000000000000000000C0
:1000400000000000010406010000000000000000A4
:100050000000800000000000000000000000000020
:100060000000000000000000000000000000000090
:100070000000000000000000000000000000000080
:10008000EB04180AFF1E04320126000000000000E5
:100090000000000000000000000000000000000060
:1000A0000000000000000000000000000000000050
:1000B0000000000000000000000000000000000040
:1000C0000000000000000000000000000000000030
:1000D0000000000000000000000000000000000020
:1000E0000000000000000000000000000000000010
:1000F0000000000000000000000000000000000000
:1001000000000000000000000000000000000000EF
:1001100000000000000000000000000000000000DF
:1001200000000000000000000000000000000000CF
:1001300000000000000000000000000000000000BF
:1001400000000000000000000000000000000000AF
:10015000000000000000000000000000000000009F
:10016000000000000000000000000000000000008F
:10017000000000000000000000000000000000007F
:10018000000000000000000000000000000000006F
:10019000000000000000000000000000000000005F
:1001A000000000000000000000000000000000004F
:1001B000000000000000000000000000000000003F
:1001C000000100000010000001000000000000001D
:1001D000000001000000000000000000000000001E
:1001E000000000000000000000000000000000000F
:1001F00000000000000000000000000000000000FF
:10020000FFFFFFFFFFFFFFFFFFFFFFFFFFFFFFFFFE
:10021000FFFFFFFFFFFFFFFFFFFFFFFFFFFFFFFFEE
:10022000FFFFFFFFFFFFFFFFFFFFFFFFFFFFFFFFDE
:10023000FFFFFFFFFFFFFFFFFFFFFFFFFFFFFFFFCE
:10024000FFFFFFFFFFFFFFFFFFFFFFFFFFFFFFFFBE
:10025000FFFFFFFFFFFFFFFFFFFFFFFFFFFFFFFFAE
:10026000FFFFFFFFFFFFFFFFFFFFFFFFFFFFFFFF9E
:10027000FFFFFFFFFFFFFFFFFFFFFFFFFFFFFFFF8E
:10028000FFFFFFFFFFFFFFFFFFFFFFFFFFFFFFFF7E
:10029000FFFFFFFFFFFFFFFFFFFFFFFFFFFFFFFF6E
:1002A000FFFFFFFFFFFFFFFFFFFFFFFFFFFFFFFF5E
:1002B000FFFFFFFFFFFFFFFFFFFFFFFFFFFFFFFF4E
:1002C000FFFFFFFFFFFFFFFFFFFFFFFFFFFFFFFF3E
:1002D000FFFFFFFFFFFFFFFFFFFFFFFFFFFFFFFF2E
:1002E000FFFFFFFFFFFFFFFFFFFFFFFFFFFFFFFF1E
:1002F000FFFFFFFFFFFFFFFFFFFFFFFFFFFFFFFF0E
:10030000FFFFFFFFFFFFFFFFFFFFFFFFFFFFFFFFFD
:10031000FFFFFFFFFFFFFFFFFFFFFFFFFFFFFFFFED
:10032000FFFFFFFFFFFFFFFFFFFFFFFFFFFFFFFFDD
:10033000FFFFFFFFFFFFFFFFFFFFFFFFFFFFFFFFCD
:10034000FFFFFFFFFFFFFFFFFFFFFFFFFFFFFFFFBD
:10035000FFFFFFFFFFFFFFFFFFFFFFFFFFFFFFFFAD
:10036000FFFFFFFFFFFFFFFFFFFFFFFFFFFFFFFF9D
:10037000FFFFFFFFFFFFFFFFFFFFFFFFFFFFFFFF8D
:10038000FFFFFFFFFFFFFFFFFFFFFFFFFFFFFFFF7D
:10039000FFFFFFFFFFFFFFFFFFFFFFFFFFFFFFFF6D
:1003A000FFFFFFFFFFFFFFFFFFFFFFFFFFFFFFFF5D
:1003B000FFFFFFFFFFFFFFFFFFFFFFFFFFFFFFFF4D
:1003C000FFFFFFFFFFFFFFFFFFFFFFFFFFFFFFFF3D
:1003D000FFFFFFFFFFFFFFFFFFFFFFFFFFFFFFFF2D
:1003E000FFFFFFFFFFFFFFFFFFFFFFFFFFFFFFFF1D
:1003F000FFFFFFFFFFFFFFFFFFFFFFFFFFFFFFFF0D
:10040000FFFFFFFFFFFFFFFFFFFFFFFFFFFFFFFFFC
:10041000FFFFFFFFFFFFFFFFFFFFFFFFFFFFFFFFEC
:10042000FFFFFFFFFFFFFFFFFFFFFFFFFFFFFFFFDC
:10043000FFFFFFFFFFFFFFFFFFFFFFFFFFFFFFFFCC
:10044000FFFFFFFFFFFFFFFFFFFFFFFFFFFFFFFFBC
:10045000FFFFFFFFFFFFFFFFFFFFFFFFFFFFFFFFAC
:10046000FFFFFFFFFFFFFFFFFFFFFFFFFFFFFFFF9C
:10047000FFFFFFFFFFFFFFFFFFFFFFFFFFFFFFFF8C
:10048000FFFFFFFFFFFFFFFFFFFFFFFFFFFFFFFF7C
:10049000FFFFFFFFFFFFFFFFFFFFFFFFFFFFFFFF6C
:1004A000FFFFFFFFFFFFFFFFFFFFFFFFFFFFFFFF5C
:1004B000FFFFFFFFFFFFFFFFFFFFFFFFFFFFFFFF4C
:1004C000FFFFFFFFFFFFFFFFFFFFFFFFFFFFFFFF3C
:1004D000FFFFFFFFFFFFFFFFFFFFFFFFFFFFFFFF2C
:1004E000FFFFFFFFFFFFFFFFFFFFFFFFFFFFFFFF1C
:1004F000FFFFFFFFFFFFFFFFFFFFFFFFFFFFFFFF0C
:10050000FFFFFFFFFFFFFFFFFFFFFFFFFFFFFFFFFB
:10051000FFFFFFFFFFFFFFFFFFFFFFFFFFFFFFFFEB
:10052000FFFFFFFFFFFFFFFFFFFFFFFFFFFFFFFFDB
:10053000FFFFFFFFFFFFFFFFFFFFFFFFFFFFFFFFCB
:10054000FFFFFFFFFFFFFFFFFFFFFFFFFFFFFFFFBB
:10055000FFFFFFFFFFFFFFFFFFFFFFFFFFFFFFFFAB
:10056000FFFFFFFFFFFFFFFFFFFFFFFFFFFFFFFF9B
:10057000FFFFFFFFFFFFFFFFFFFFFFFFFFFFFFFF8B
:10058000FFFFFFFFFFFFFFFFFFFFFFFFFFFFFFFF7B
:10059000FFFFFFFFFFFFFFFFFFFFFFFFFFFFFFFF6B
:1005A000FFFFFFFFFFFFFFFFFFFFFFFFFFFFFFFF5B
:1005B000FFFFFFFFFFFFFFFFFFFFFFFFFFFFFFFF4B
:1005C000FFFFFFFFFFFFFFFFFFFFFFFFFFFFFFFF3B
:1005D000FFFFFFFFFFFFFFFFFFFFFFFFFFFFFFFF2B
:1005E000FFFFFFFFFFFFFFFFFFFFFFFFFFFFFFFF1B
:1005F000FFFFFFFFFFFFFFFFFFFFFFFFFFFFFFFF0B
:10060000FFFFFFFFFFFFFFFFFFFFFFFFFFFFFFFFFA
:10061000FFFFFFFFFFFFFFFFFFFFFFFFFFFFFFFFEA
:10062000FFFFFFFFFFFFFFFFFFFFFFFFFFFFFFFFDA
:10063000FFFFFFFFFFFFFFFFFFFFFFFFFFFFFFFFCA
:10064000FFFFFFFFFFFFFFFFFFFFFFFFFFFFFFFFBA
:10065000FFFFFFFFFFFFFFFFFFFFFFFFFFFFFFFFAA
:10066000FFFFFFFFFFFFFFFFFFFFFFFFFFFFFFFF9A
:10067000FFFFFFFFFFFFFFFFFFFFFFFFFFFFFFFF8A
:10068000FFFFFFFFFFFFFFFFFFFFFFFFFFFFFFFF7A
:10069000FFFFFFFFFFFFFFFFFFFFFFFFFFFFFFFF6A
:1006A000FFFFFFFFFFFFFFFFFFFFFFFFFFFFFFFF5A
:1006B000FFFFFFFFFFFFFFFFFFFFFFFFFFFFFFFF4A
:1006C000FFFFFFFFFFFFFFFFFFFFFFFFFFFFFFFF3A
:1006D000FFFFFFFFFFFFFFFFFFFFFFFFFFFFFFFF2A
:1006E000FFFFFFFFFFFFFFFFFFFFFFFFFFFFFFFF1A
:1006F000FFFFFFFFFFFFFFFFFFFFFFFFFFFFFFFF0A
:10070000FFFFFFFFFFFFFFFFFFFFFFFFFFFFFFFFF9
:10071000FFFFFFFFFFFFFFFFFFFFFFFFFFFFFFFFE9
:10072000FFFFFFFFFFFFFFFFFFFFFFFFFFFFFFFFD9
:10073000FFFFFFFFFFFFFFFFFFFFFFFFFFFFFFFFC9
:10074000FFFFFFFFFFFFFFFFFFFFFFFFFFFFFFFFB9
:10075000FFFFFFFFFFFFFFFFFFFFFFFFFFFFFFFFA9
:10076000FFFFFFFFFFFFFFFFFFFFFFFFFFFFFFFF99
:10077000FFFFFFFFFFFFFFFFFFFFFFFFFFFFFFFF89
:10078000FFFFFFFFFFFFFFFFFFFFFFFFFFFFFFFF79
:10079000FFFFFFFFFFFFFFFFFFFFFFFFFFFFFFFF69
:1007A000FFFFFFFFFFFFFFFFFFFFFFFFFFFFFFFF59
:1007B000FFFFFFFFFFFFFFFFFFFFFFFFFFFFFFFF49
:1007C000FFFFFFFFFFFFFFFFFFFFFFFFFFFFFFFF39
:1007D000FFFFFFFFFFFFFFFFFFFFFFFFFFFFFFFF29
:1007E000FFFFFFFFFFFFFFFFFFFFFFFFFFFFFFFF19
:1007F000FFFFFFFFFFFFFFFFFFFFFFFFFFFFFFFF09
:10080000FFFFFFFFFFFFFFFFFFFFFFFFFFFFFFFFF8
:10081000FFFFFFFFFFFFFFFFFFFFFFFFFFFFFFFFE8
:10082000FFFFFFFFFFFFFFFFFFFFFFFFFFFFFFFFD8
:10083000FFFFFFFFFFFFFFFFFFFFFFFFFFFFFFFFC8
:10084000FFFFFFFFFFFFFFFFFFFFFFFFFFFFFFFFB8
:10085000FFFFFFFFFFFFFFFFFFFFFFFFFFFFFFFFA8
:10086000FFFFFFFFFFFFFFFFFFFFFFFFFFFFFFFF98
:10087000FFFFFFFFFFFFFFFFFFFFFFFFFFFFFFFF88
:10088000FFFFFFFFFFFFFFFFFFFFFFFFFFFFFFFF78
:10089000FFFFFFFFFFFFFFFFFFFFFFFFFFFFFFFF68
:1008A000FFFFFFFFFFFFFFFFFFFFFFFFFFFFFFFF58
:1008B000FFFFFFFFFFFFFFFFFFFFFFFFFFFFFFFF48
:1008C000FFFFFFFFFFFFFFFFFFFFFFFFFFFFFFFF38
:1008D000FFFFFFFFFFFFFFFFFFFFFFFFFFFFFFFF28
:1008E000FFFFFFFFFFFFFFFFFFFFFFFFFFFFFFFF18
:1008F000FFFFFFFFFFFFFFFFFFFFFFFFFFFFFFFF08
:10090000FFFFFFFFFFFFFFFFFFFFFFFFFFFFFFFFF7
:10091000FFFFFFFFFFFFFFFFFFFFFFFFFFFFFFFFE7
:10092000FFFFFFFFFFFFFFFFFFFFFFFFFFFFFFFFD7
:10093000FFFFFFFFFFFFFFFFFFFFFFFFFFFFFFFFC7
:10094000FFFFFFFFFFFFFFFFFFFFFFFFFFFFFFFFB7
:10095000FFFFFFFFFFFFFFFFFFFFFFFFFFFFFFFFA7
:10096000FFFFFFFFFFFFFFFFFFFFFFFFFFFFFFFF97
:10097000FFFFFFFFFFFFFFFFFFFFFFFFFFFFFFFF87
:10098000FFFFFFFFFFFFFFFFFFFFFFFFFFFFFFFF77
:10099000FFFFFFFFFFFFFFFFFFFFFFFFFFFFFFFF67
:1009A000FFFFFFFFFFFFFFFFFFFFFFFFFFFFFFFF57
:1009B000FFFFFFFFFFFFFFFFFFFFFFFFFFFFFFFF47
:1009C000FFFFFFFFFFFFFFFFFFFFFFFFFFFFFFFF37
:1009D000FFFFFFFFFFFFFFFFFFFFFFFFFFFFFFFF27
:1009E000FFFFFFFFFFFFFFFFFFFFFFFFFFFFFFFF17
:1009F000FFFFFFFFFFFFFFFFFFFFFFFFFFFFFFFF07
:100A0000FFFFFFFFFFFFFFFFFFFFFFFFFFFFFFFFF6
:100A1000FFFFFFFFFFFFFFFFFFFFFFFFFFFFFFFFE6
:100A2000FFFFFFFFFFFFFFFFFFFFFFFFFFFFFFFFD6
:100A3000FFFFFFFFFFFFFFFFFFFFFFFFFFFFFFFFC6
:100A4000FFFFFFFFFFFFFFFFFFFFFFFFFFFFFFFFB6
:100A5000FFFFFFFFFFFFFFFFFFFFFFFFFFFFFFFFA6
:100A6000FFFFFFFFFFFFFFFFFFFFFFFFFFFFFFFF96
:100A7000FFFFFFFFFFFFFFFFFFFFFFFFFFFFFFFF86
:100A8000FFFFFFFFFFFFFFFFFFFFFFFFFFFFFFFF76
:100A9000FFFFFFFFFFFFFFFFFFFFFFFFFFFFFFFF66
:100AA000FFFFFFFFFFFFFFFFFFFFFFFFFFFFFFFF56
:100AB000FFFFFFFFFFFFFFFFFFFFFFFFFFFFFFFF46
:100AC000FFFFFFFFFFFFFFFFFFFFFFFFFFFFFFFF36
:100AD000FFFFFFFFFFFFFFFFFFFFFFFFFFFFFFFF26
:100AE000FFFFFFFFFFFFFFFFFFFFFFFFFFFFFFFF16
:100AF000FFFFFFFFFFFFFFFFFFFFFFFFFFFFFFFF06
:100B0000FFFFFFFFFFFFFFFFFFFFFFFFFFFFFFFFF5
:100B1000FFFFFFFFFFFFFFFFFFFFFFFFFFFFFFFFE5
:100B2000FFFFFFFFFFFFFFFFFFFFFFFFFFFFFFFFD5
:100B3000FFFFFFFFFFFFFFFFFFFFFFFFFFFFFFFFC5
:100B4000FFFFFFFFFFFFFFFFFFFFFFFFFFFFFFFFB5
:100B5000FFFFFFFFFFFFFFFFFFFFFFFFFFFFFFFFA5
:100B6000FFFFFFFFFFFFFFFFFFFFFFFFFFFFFFFF95
:100B7000FFFFFFFFFFFFFFFFFFFFFFFFFFFFFFFF85
:100B8000FFFFFFFFFFFFFFFFFFFFFFFFFFFFFFFF75
:100B9000FFFFFFFFFFFFFFFFFFFFFFFFFFFFFFFF65
:100BA000FFFFFFFFFFFFFFFFFFFFFFFFFFFFFFFF55
:100BB000FFFFFFFFFFFFFFFFFFFFFFFFFFFFFFFF45
:100BC000FFFFFFFFFFFFFFFFFFFFFFFFFFFFFFFF35
:100BD000FFFFFFFFFFFFFFFFFFFFFFFFFFFFFFFF25
:100BE000FFFFFFFFFFFFFFFFFFFFFFFFFFFFFFFF15
:100BF000FFFFFFFFFFFFFFFFFFFFFFFFFFFFFFFF05
:100C0000FFFFFFFFFFFFFFFFFFFFFFFFFFFFFFFFF4
:100C1000FFFFFFFFFFFFFFFFFFFFFFFFFFFFFFFFE4
:100C2000FFFFFFFFFFFFFFFFFFFFFFFFFFFFFFFFD4
:100C3000FFFFFFFFFFFFFFFFFFFFFFFFFFFFFFFFC4
:100C4000FFFFFFFFFFFFFFFFFFFFFFFFFFFFFFFFB4
:100C5000FFFFFFFFFFFFFFFFFFFFFFFFFFFFFFFFA4
:100C6000FFFFFFFFFFFFFFFFFFFFFFFFFFFFFFFF94
:100C7000FFFFFFFFFFFFFFFFFFFFFFFFFFFFFFFF84
:100C8000FFFFFFFFFFFFFFFFFFFFFFFFFFFFFFFF74
:100C9000FFFFFFFFFFFFFFFFFFFFFFFFFFFFFFFF64
:100CA000FFFFFFFFFFFFFFFFFFFFFFFFFFFFFFFF54
:100CB000FFFFFFFFFFFFFFFFFFFFFFFFFFFFFFFF44
:100CC000FFFFFFFFFFFFFFFFFFFFFFFFFFFFFFFF34
:100CD000FFFFFFFFFFFFFFFFFFFFFFFFFFFFFFFF24
:100CE000FFFFFFFFFFFFFFFFFFFFFFFFFFFFFFFF14
:100CF000FFFFFFFFFFFFFFFFFFFFFFFFFFFFFFFF04
:100D0000FFFFFFFFFFFFFFFFFFFFFFFFFFFFFFFFF3
:100D1000FFFFFFFFFFFFFFFFFFFFFFFFFFFFFFFFE3
:100D2000FFFFFFFFFFFFFFFFFFFFFFFFFFFFFFFFD3
:100D3000FFFFFFFFFFFFFFFFFFFFFFFFFFFFFFFFC3
:100D4000FFFFFFFFFFFFFFFFFFFFFFFFFFFFFFFFB3
:100D5000FFFFFFFFFFFFFFFFFFFFFFFFFFFFFFFFA3
:100D6000FFFFFFFFFFFFFFFFFFFFFFFFFFFFFFFF93
:100D7000FFFFFFFFFFFFFFFFFFFFFFFFFFFFFFFF83
:100D8000FFFFFFFFFFFFFFFFFFFFFFFFFFFFFFFF73
:100D9000FFFFFFFFFFFFFFFFFFFFFFFFFFFFFFFF63
:100DA000FFFFFFFFFFFFFFFFFFFFFFFFFFFFFFFF53
:100DB000FFFFFFFFFFFFFFFFFFFFFFFFFFFFFFFF43
:100DC000FFFFFFFFFFFFFFFFFFFFFFFFFFFFFFFF33
:100DD000FFFFFFFFFFFFFFFFFFFFFFFFFFFFFFFF23
:100DE000FFFFFFFFFFFFFFFFFFFFFFFFFFFFFFFF13
:100DF000FFFFFFFFFFFFFFFFFFFFFFFFFFFFFFFF03
:100E0000FFFFFFFFFFFFFFFFFFFFFFFFFFFFFFFFF2
:100E1000FFFFFFFFFFFFFFFFFFFFFFFFFFFFFFFFE2
:100E2000FFFFFFFFFFFFFFFFFFFFFFFFFFFFFFFFD2
:100E3000FFFFFFFFFFFFFFFFFFFFFFFFFFFFFFFFC2
:100E4000FFFFFFFFFFFFFFFFFFFFFFFFFFFFFFFFB2
:100E5000FFFFFFFFFFFFFFFFFFFFFFFFFFFFFFFFA2
:100E6000FFFFFFFFFFFFFFFFFFFFFFFFFFFFFFFF92
:100E7000FFFFFFFFFFFFFFFFFFFFFFFFFFFFFFFF82
:100E8000FFFFFFFFFFFFFFFFFFFFFFFFFFFFFFFF72
:100E9000FFFFFFFFFFFFFFFFFFFFFFFFFFFFFFFF62
:100EA000FFFFFFFFFFFFFFFFFFFFFFFFFFFFFFFF52
:100EB000FFFFFFFFFFFFFFFFFFFFFFFFFFFFFFFF42
:100EC000FFFFFFFFFFFFFFFFFFFFFFFFFFFFFFFF32
:100ED000FFFFFFFFFFFFFFFFFFFFFFFFFFFFFFFF22
:100EE000FFFFFFFFFFFFFFFFFFFFFFFFFFFFFFFF12
:100EF000FFFFFFFFFFFFFFFFFFFFFFFFFFFFFFFF02
:100F0000FFFFFFFFFFFFFFFFFFFFFFFFFFFFFFFFF1
:100F1000FFFFFFFFFFFFFFFFFFFFFFFFFFFFFFFFE1
:100F2000FFFFFFFFFFFFFFFFFFFFFFFFFFFFFFFFD1
:100F3000FFFFFFFFFFFFFFFFFFFFFFFFFFFFFFFFC1
:100F4000FFFFFFFFFFFFFFFFFFFFFFFFFFFFFFFFB1
:100F5000FFFFFFFFFFFFFFFFFFFFFFFFFFFFFFFFA1
:100F6000FFFFFFFFFFFFFFFFFFFFFFFFFFFFFFFF91
:100F7000FFFFFFFFFFFFFFFFFFFFFFFFFFFFFFFF81
:100F8000FFFFFFFFFFFFFFFFFFFFFFFFFFFFFFFF71
:100F9000FFFFFFFFFFFFFFFFFFFFFFFFFFFFFFFF61
:100FA000FFFFFFFFFFFFFFFFFFFFFFFFFFFFFFFF51
:100FB000FFFFFFFFFFFFFFFFFFFFFFFFFFFFFFFF41
:100FC000FFFFFFFFFFFFFFFFFFFFFFFFFFFFFFFF31
:100FD000FFFFFFFFFFFFFFFFFFFFFFFFFFFFFFFF21
:100FE000FFFFFFFFFFFFFFFFFFFFFFFFFFFFFFFF11
:100FF000FFFFFFFFFFFFFFFFFFFFFFFFFFFFFFFF01
:10100000D1002043F1150060000000000000000046
:101010002010006000100060007C016000000000F3
:10102000000000600088010000000000FFFFFFFFDB
:10103000FFFFFFFFFFFFFFFFFFFFFFFFFFFFFFFFC0
:10104000FFFFFFFFFFFFFFFFFFFFFFFFFFFFFFFFB0
:10105000FFFFFFFFFFFFFFFFFFFFFFFFFFFFFFFFA0
:10106000FFFFFFFFFFFFFFFFFFFFFFFFFFFFFFFF90
:10107000FFFFFFFFFFFFFFFFFFFFFFFFFFFFFFFF80
:10108000FFFFFFFFFFFFFFFFFFFFFFFFFFFFFFFF70
:10109000FFFFFFFFFFFFFFFFFFFFFFFFFFFFFFFF60
:1010A000FFFFFFFFFFFFFFFFFFFFFFFFFFFFFFFF50
:1010B000FFFFFFFFFFFFFFFFFFFFFFFFFFFFFFFF40
:1010C000FFFFFFFFFFFFFFFFFFFFFFFFFFFFFFFF30
:1010D000FFFFFFFFFFFFFFFFFFFFFFFFFFFFFFFF20
:1010E000FFFFFFFFFFFFFFFFFFFFFFFFFFFFFFFF10
:1010F000FFFFFFFFFFFFFFFFFFFFFFFFFFFFFFFF00
:10110000FFFFFFFFFFFFFFFFFFFFFFFFFFFFFFFFEF
:10111000FFFFFFFFFFFFFFFFFFFFFFFFFFFFFFFFDF
:10112000FFFFFFFFFFFFFFFFFFFFFFFFFFFFFFFFCF
:10113000FFFFFFFFFFFFFFFFFFFFFFFFFFFFFFFFBF
:10114000FFFFFFFFFFFFFFFFFFFFFFFFFFFFFFFFAF
:10115000FFFFFFFFFFFFFFFFFFFFFFFFFFFFFFFF9F
:10116000FFFFFFFFFFFFFFFFFFFFFFFFFFFFFFFF8F
:10117000FFFFFFFFFFFFFFFFFFFFFFFFFFFFFFFF7F
:10118000FFFFFFFFFFFFFFFFFFFFFFFFFFFFFFFF6F
:10119000FFFFFFFFFFFFFFFFFFFFFFFFFFFFFFFF5F
:1011A000FFFFFFFFFFFFFFFFFFFFFFFFFFFFFFFF4F
:1011B000FFFFFFFFFFFFFFFFFFFFFFFFFFFFFFFF3F
:1011C000FFFFFFFFFFFFFFFFFFFFFFFFFFFFFFFF2F
:1011D000FFFFFFFFFFFFFFFFFFFFFFFFFFFFFFFF1F
:1011E000FFFFFFFFFFFFFFFFFFFFFFFFFFFFFFFF0F
:1011F000FFFFFFFFFFFFFFFFFFFFFFFFFFFFFFFFFF
:10120000FFFFFFFFFFFFFFFFFFFFFFFFFFFFFFFFEE
:10121000FFFFFFFFFFFFFFFFFFFFFFFFFFFFFFFFDE
:10122000FFFFFFFFFFFFFFFFFFFFFFFFFFFFFFFFCE
:10123000FFFFFFFFFFFFFFFFFFFFFFFFFFFFFFFFBE
:10124000FFFFFFFFFFFFFFFFFFFFFFFFFFFFFFFFAE
:10125000FFFFFFFFFFFFFFFFFFFFFFFFFFFFFFFF9E
:10126000FFFFFFFFFFFFFFFFFFFFFFFFFFFFFFFF8E
:10127000FFFFFFFFFFFFFFFFFFFFFFFFFFFFFFFF7E
:10128000FFFFFFFFFFFFFFFFFFFFFFFFFFFFFFFF6E
:10129000FFFFFFFFFFFFFFFFFFFFFFFFFFFFFFFF5E
:1012A000FFFFFFFFFFFFFFFFFFFFFFFFFFFFFFFF4E
:1012B000FFFFFFFFFFFFFFFFFFFFFFFFFFFFFFFF3E
:1012C000FFFFFFFFFFFFFFFFFFFFFFFFFFFFFFFF2E
:1012D000FFFFFFFFFFFFFFFFFFFFFFFFFFFFFFFF1E
:1012E000FFFFFFFFFFFFFFFFFFFFFFFFFFFFFFFF0E
:1012F000FFFFFFFFFFFFFFFFFFFFFFFFFFFFFFFFFE
:10130000FFFFFFFFFFFFFFFFFFFFFFFFFFFFFFFFED
:10131000FFFFFFFFFFFFFFFFFFFFFFFFFFFFFFFFDD
:10132000FFFFFFFFFFFFFFFFFFFFFFFFFFFFFFFFCD
:10133000FFFFFFFFFFFFFFFFFFFFFFFFFFFFFFFFBD
:10134000FFFFFFFFFFFFFFFFFFFFFFFFFFFFFFFFAD
:10135000FFFFFFFFFFFFFFFFFFFFFFFFFFFFFFFF9D
:10136000FFFFFFFFFFFFFFFFFFFFFFFFFFFFFFFF8D
:10137000FFFFFFFFFFFFFFFFFFFFFFFFFFFFFFFF7D
:10138000FFFFFFFFFFFFFFFFFFFFFFFFFFFFFFFF6D
:10139000FFFFFFFFFFFFFFFFFFFFFFFFFFFFFFFF5D
:1013A000FFFFFFFFFFFFFFFFFFFFFFFFFFFFFFFF4D
:1013B000FFFFFFFFFFFFFFFFFFFFFFFFFFFFFFFF3D
:1013C000FFFFFFFFFFFFFFFFFFFFFFFFFFFFFFFF2D
:1013D000FFFFFFFFFFFFFFFFFFFFFFFFFFFFFFFF1D
:1013E000FFFFFFFFFFFFFFFFFFFFFFFFFFFFFFFF0D
:1013F000FFFFFFFFFFFFFFFFFFFFFFFFFFFFFFFFFD
:10140000824205D051F8043B40F8043B8242F9D8AF
:10141000704700BF044A05494FF0000342F8043BFF
:101420009142FBD8704700BFC01A002040780020CE
:1014300008B5BFF34F8F00F047F9544C544B0820C8
:101440005449C3F85401544AC3F800115348C3F82F
:10145000F0405349FFF7D4FF524A53495348FFF72E
:10146000CFFF534CFFF7D6FF4FF470004FF0E02151
:101470000023504AC1F8880D44F823200133B02BD3
:10148000FAD14D4B80214D4A03F8011B9342FBD109
:101490004FF0E0254A4E4B4A4FF0FF31C5F8084D5A
:1014A000D5F8243D43F4E023C5F8243DF36923F047
:1014B0007F0343F04003F361736A23F07F0343F03B
:1014C000400373629166D1661167516700F004F9B9
:1014D0003D4A3E4BA2636322E36300246A61032317
:1014E0003B4AAC612B61C5F8202DD5F8FC2D394B5A
:1014F00042F080723849C5F8FC2D1A6842F00102AA
:101500001A605B680B6000F0B7FA344800F050FCDA
:10151000F16E334B334A41F44051F1661C60C3F81D
:101520000841C3F81841C3F82841C3F83841936B08
:10153000DB0708D442F615632B4951651365936B9D
:1015400043F001039363274A284C936843F0011347
:10155000936000F04FF900F0FBFB00F02DFC00F071
:10156000BDFA00F0B3F82368132BFCD900F052FB4E
:101570002368B3F5967FFBD300F0ACF800F0A8F831
:1015800000F026FC00F02CFC30BFFDE70C0D111321
:1015900000800D401B101820984001000000000042
:1015A000FC1E0060C01A0020985F0160000000204F
:1015B00000180020C1BF000000E400E0A0E400E04B
:1015C00000C00F4000C00A4019D400001DD4000024
:1015D00000002020001000E0D07700200046C32348
:1015E0000040084000400D400000C056D477002065
:1015F000054B4FF42A01054A05485A641864054A08
:1016000099639546FFF714FF00C00A40BFAAAAAA33
:101610000700200000800620294A00210123C2F88B
:10162000A000C2F8A410C2F8B0305369D907FCD5A5
:1016300001234FF4803C22495361C2F8A000C2F854
:10164000A4C0C2F8B0304B69DB07FCD501234FF4CE
:10165000003C1B4A4B61C1F8A000C1F8A4C0C1F80E
:10166000B0305369D907FCD50123DFF858C01449BD
:101670005361C2F8A000C2F8A4C0C2F8B0304B69F0
:10168000DB07FCD5D1F8003145F60D504FF0210CA9
:101690009AB2C1F814C0824210D045F69D518A42D8
:1016A0000AD1C3F34253032B08D0A3F10403B3FAC6
:1016B00083F35B09180170470020704708207047CA
:1016C00000402A4004000300704700BF704700BF7D
:1016D000704700BF00BF70474FF0E02300214FF07C
:1016E000100C3448C3F8941DC3F89CCD4FF0110C76
:1016F000C3F8A00D3048C3F89CCD4FF0120CC3F8CE
:10170000A00D2E48C3F89CCD2D4AC3F8A00DDFF8DC
:10171000D0C042F015022B48C3F89CCDC3F8A00DF1
:10172000DFF8C0C02848C3F89CCDC3F8A00DDFF88F
:10173000B8C0C3F89C2D2548254AC3F8A0CDC3F8EE
:101740009C0DC3F8A02D02F5A022DFF8A0C00C323A
:101750002048C3F89CCDC3F8A02D1F4AC3F89C0DA8
:10176000C3F8A02D02F14062DFF884C002321B48AA
:10177000C3F89CCDC3F8A02D0A32C3F89C0DC3F862
:10178000A02D00BF00BF00BF00BF00BF0122C3F8F3
:10179000942DBFF34F8FBFF36F8FC3F8501FBFF36C
:1017A0004F8FBFF36F8FD3F8142D42F44032C3F83C
:1017B000142D70473F000010250008070900100095
:1017C0004078002021000207250008131600202081
:1017D00027000B13180000602F000B071A00008071
:1017E0001300200014000020090000101700004022
:1017F0001900007030B5864B85B0DFF874E218220E
:10180000844D0120C3F85CE28349C3F86052A5F51A
:101810008055DFF860C2814CC3F864E2C3F86852B7
:101820002125C3F86CC2C3F870C2C3F874C2C3F8F0
:1018300078C248F20C7CDA661A675A679A67DA67E8
:10184000C3F88020C3F88420C3F88820C1F82C0393
:10185000734AC1F83003C1F83403C1F83803C1F842
:101860003C03C1F85003A1696E4B0A406E486F49B2
:1018700013436F4AA361D4F8843043F00C03C4F8D7
:1018800084304FF0FF34036843F0020303600368C1
:1018900003EA0C031A43674B026044608A68664C93
:1018A0001340664A43F000538360C36823F0780313
:1018B000C360036A23401A43604B0262026A2240FB
:1018C0005F4C1343002243628462C46240F20564A9
:1018D000D1F8B83023F03F0343F00103C0F8B8302B
:1018E000D1F8BC30574923F03F0343F00103C0F85F
:1018F000BC3002610567C0F880404567C0F884408D
:101900000224036823F00203036081614E4B4F49B8
:10191000C46143F8042B8B42FBD1434C236843F052
:1019200001032360256815F00105FBD1454802221B
:1019300040F2F561A06140F29940E26140F26642F6
:10194000C4F8001242F20141C4F81022404AC4F81F
:101950002002C4F8302240F23542C4F834123D4827
:10196000C4F840223C4AC4F850022846C4F8542225
:1019700042F201223949C4F86012C4F86422FFF728
:101980004BFE0246002839D0810201234FF480200B
:1019900021662549C4F8A050C4F8A400C4F8B030AA
:1019A0004B69D807FCD515050124039228464C61E4
:1019B000FFF732FE039A2A4B0244D2B21A7080B16A
:1019C000194980024FF4802348660846C1F8A050A8
:1019D000C1F8A430C1F8B0404369DB07FCD501234E
:1019E000436120490024204801230094401A00EB61
:1019F00002521E4800F0E4F905B030BD1B4B1849F7
:101A000018600870D860C3E9010005B030BD00BFA0
:101A100000801F40F910010000841F4000C00F40EB
:101A2000FFFCFF1F0003008000402A4000802A4086
:101A30001200FFFFFF37F70000FFF07C400000803E
:101A4000FF000F83F05AF05A00422A4000432A4018
:101A50009F041830EB06180A063201263806180AC9
:101A60000078002000000070000000705C7700200B
:101A7000F9B00100F970010010B5174A4FF4805415
:101A80004FF4005E4FF4404C4FF4803043F242017B
:101A9000136913F0020F0DD113F4005F0FD013F48C
:101AA000805F0FD0002BF3DA13F4803F0CD15B067C
:101AB0000ED510BDC2F818C050619161E8E7C2F8B8
:101AC00014E0E5E75461E3E74FF480339361DFE727
:101AD00040235361DCE700BF00800D40414A0320F2
:101AE0004149F3EE095AD2F880309FED406A23F065
:101AF00001039FED3F5ADFF814C100B5C2F88030F2
:101B0000C2F89000D1F8E010DFF804E1CBB2394818
:101B1000CEF8003007EE903A0B0DC1F30B21F8EE32
:101B2000E77A06EE903A07EE101A334BB8EEC77A12
:101B3000CCF80010F8EEE66A304937EEC66A37EEA8
:101B4000C55A76EEC76A77EEE57A26EE266AC3EDC9
:101B5000006A25EE265AD2F8803067EEA64AC0ED1C
:101B6000007AC6EE275A264885EE276AC4EEA76A91
:101B700075EE875AFCEEE55A36EE076A15EE90CA06
:101B8000BCEEC66A43EA0C5376EE877AC2F8803020
:101B900016EE103AD2F890C1FCEEE77A01EA034162
:101BA00041EA0C014FF0000C17EE903AC2F8901188
:101BB000C3F30B03D2F890110B431249C2F89031D2
:101BC000D2F8803043F00203C2F880300E4B80F828
:101BD00040C0C1F840314FF0E0230122C3F8082192
:101BE00000BD00BF00810D4000441F400000AA421C
:101BF0000000B442C4770020C87700200000FF0F27
:101C000000E400E000180020A1C10000BC77002023
:101C1000C0770020314B40F6617210B5C3F8202127
:101C200040F2044400F0D8F82D4A2E49D2F8803012
:101C30002D4843F00303C2F880302C4BC1F86041BB
:101C400002681A4203D1D1F8A8319A071BD0254A5D
:101C50004FF00041244B5963D2F8403143F0020366
:101C6000C2F84031D2F840319B07FBD44FF400302A
:101C70004FF0E0211C4B4FF00042C1F88C021920BC
:101C80009A6300F0A1F8184B0021164C4FF08042E7
:101C90000A209A634FF420721960C4F8A80114480E
:101CA00000F0A2F84FF4800203464FF4810040F2A6
:101CB00043111860C4F858311A640E4B0E4AC4F828
:101CC0004811C3F804224FF0E0224FF40031012301
:101CD000C2F80C11C4F8403110BD00BF00800D40A7
:101CE00000C00F4000002E4000900D40001C1E0060
:101CF0000000002000180020A5C3000008B50E4B0E
:101D00001B6E9B0700D4FBBE72B60C4B00200C4A26
:101D1000C3F8400103F160430A49A3F55F2311644E
:101D20009D46BFF34F8F4FF40013074A0748DB6906
:101D300002609B68984700BF00441F4000002E408F
:101D400000C00A4003002000000012EB00802020A9
:101D50000F4B40F2376C0F4AA020D96E41F440314E
:101D6000D966D96E41F44071D966C2F844C0906416
:101D7000936C1B06FCD4084A40F23761A0235164DF
:101D80009364936C13F08003FBD1044A1370704783
:101D900000C00F4000400C4000800C40FF77002046
:101DA000F8B500BFF8BC08BC9E46704700000000B4
:101DB0005FF800F069B800005FF800F0CDBE0000E9
:101DC0005FF800F0ADD400005FF800F07DBB0000CC
:101DD0005FF800F055E500005FF800F011CB00005F
:101DE0005FF800F0ADBC00005FF800F07DE300009C
:041DF00045000000AA
:101DF4001603550053004200200053006500720092
:101E0400690061006C00000018035400650065005F
:101E14006E00730079006400750069006E006F0045
:101E24000403090409026200030100C032080B0024
:101E3400020202010009040000010202010005245B
:101E440000100105240101010424020605240600F2
:101E5400010705820310001009040100020A0000B2
:101E64000007050302400000070584024000000942
:101E740004020002FF6AFF00070581024000010717
:101E8400050102400001000009026200030100C0D4
:101E940032080B00020202010009040000010202E0
:101EA4000100052400100105240101010424020697
:101EB400052406000107058203100005090401003A
:101EC400020A00000007050302000200070584025D
:101ED4000002000904020002FF6AC700070581022C
:101EE4000002010705010200020100000A060002C7
:081EF400EF02014001000000B3
:101EFC0000000000000000000000000000000000D6
:101F0C0000000000000000000000000000000000C5
:101F1C000548064B1B1AD90F01EBA301491002D03F
:101F2C00034B03B118477047C01A0020C01A002099
:101F3C000000000008B5054B1BB105490548AFF37F
:101F4C000080BDE80840FFF7E3BF00BF00000000C1
:101F5C006C77002000880160144B4FF0007214491C
:101F6C00C3F8842003F18D73DFF84CC003F58F3375
:101F7C004868DCF800208333A3FB0232920C4B68D8
:101F8C001B1A9A42FBD8094A4FF00070094BC2F851
:101F9C0088004868DCF800200549A3FB0232920C4B
:101FAC004B681B1A9A42FBD8704700BF00C0004216
:101FBC00001000E083DE1B432C14002040EA8160FB
:101FCC00074B40F0007218601A6000BF00BF00BFE2
:101FDC0000BF186000BF00BF00BF00BF704700BF4C
:101FEC0000C0004240EA8160084B40F0007218606B
:101FFC001A6000BF00BF00BF00BF00BF186000BF69
:10200C0000BF00BF00BF00BF704700BF00C0004250
:10201C0040EA8160094B40F0007218601A6000BF02
:10202C0000BF00BF00BF00BF00BF186000BF00BFF3
:10203C0000BF00BF00BF00BF704700BF00C0004220
:10204C0040EA81600A4B40F0007218601A6000BFD1
:10205C0000BF00BF00BF00BF00BF00BF186000BFC3
:10206C0000BF00BF00BF00BF00BF00BF704700BF74
:10207C0000C0004200B507228E46DFF834C04EFA8D
:10208C0002F39B0603F08063034343F00071CCF82A
:10209C000030CCF8001000BF00BF00BF00BFCCF870
:1020AC00003000BF00BF00BF00BF013AE7D200BD47
:1020BC0000C000422DE9F04F85B00092002A65D097
:1020CC00030A8046364D040C02938946C3B2354E42
:1020DC00DFF8E4A00393DAF80420334B42F07D528E
:1020EC0032481968324BCAF80420324A1B6812680D
:1020FC001843009F20EA02008F4220F0785028BF3E
:10210C000F4640F04050CAF800002A683AB100214E
:10211C0000BF01312B689942FAD3254B1B68022171
:10212C000193FFF7A7FFE1B2FFF7A4FF9DF808109A
:10213C00FFF7A0FF0399FFF79DFF019B4FB307EB40
:10214C00090401979B4609F1FF37013C17F8011F61
:10215C00FFF790FFA742F9D1019FCAF800B032688F
:10216C002AB1002200BF013233689A42FAD3009B95
:10217C00DB1B00930AD0B844B9444FEA18234FEA4A
:10218C00184402935FFA88F30393A4E705B0BDE803
:10219C00F08FCAF800303268002AE2D19BE700BF0A
:1021AC00B4450020B8450020001500200001400176
:1021BC00704500200415002000C00042002A00F0E9
:1021CC0095801346020C2DE9F04F85B08046894668
:1021DC00DFF830A101924FEA102BC2B2444E454DAC
:1021EC00454C029245496268096842F07D52994219
:1021FC00626028BF1946DAF80020009142F00122F3
:10220C003F4942F48002096822EA010C2CF078570D
:10221C0047F04050206032682AB1002100BF0131E4
:10222C0032689142FAD303210393FFF723FF9DF801
:10223C000410FFF71FFF5FFA8BF1FFF71BFF0299EA
:10224C00FFF718FF6268039B22F000626260009A3D
:10225C00002A3DD0009A47F0485709F1FF3E02EBA7
:10226C00090B0BF1FF3B08214FF0000C276000BF5E
:10227C0000BF00BF00BFA2682060C2F3C06242EA88
:10228C004C0C00BF00BF00BF00BF0139EED10EF8EF
:10229C0001CFDE45E7D1DAF800202260626842F017
:1022AC007D5262602A682AB1002200BF013229687F
:1022BC008A42FAD3009A9B1A15D0904491444FEA63
:1022CC0018424FEA182B01925FFA88F2029289E7C2
:1022DC00DAF800202260626842F07D5262602A685F
:1022EC00002AE1D17EE705B0BDE8F08F704700BF52
:1022FC00B4450020B845002000C000420015002065
:10230C000415002070450020002A00F0BA800B460E
:10231C00010C2DE9F04F87B08146DFF880A10291C6
:10232C00010A584F0191C1B2574E584D584C039168
:10233C0058486168006841F07D519042616028BF47
:10234C001046DAF80010804641F00121524841F461
:10235C008001006821EA000C2CF0785B4BF04050B7
:10236C002060396839B14FF0000C00BF0CF1010C42
:10237C0039688C45F9D30B21CDE90432FFF77AFE8D
:10238C009DF80810FFF776FE9DF80410FFF772FE1B
:10239C000399FFF76FFE616821F00061616031689D
:1023AC00DDE90432A1B14BF048514FF0000C9E46D0
:1023BC00216000BF00BF00BF00BF206000BF00BF96
:1023CC0000BF00BF0CF1010C33686345F0D87346B5
:1023DC00B8F1000F47D04BF0485C194608EB030BE3
:1023EC0003F1FF3E63468C460BF1FF3BCDE90189BF
:1023FC004FF008084FF00009236000BF00BF00BF7A
:10240C0000BFA1682060C1F3C06141EA490900BF67
:10241C0000BF00BF00BFB8F10108EDD10EF8019F5D
:10242C00DE45E5D1DAF800106346DDE9018921606B
:10243C00616841F07D516160296829B1002100BFBC
:10244C00013128688142FAD3B2EB080216D0C1449C
:10245C0043444FEA194102914FEA192101915FFA65
:10246C0089F1039164E7DAF800102160616841F0AA
:10247C007D51616029680029E0D159E707B0BDE8BA
:10248C00F08F7047B44500200C150020B845002093
:10249C0000C00042001500200415002070450020EB
:1024AC0000B507228E46DFF838C04EFA02F39B06C1
:1024BC0003F08063034343F00071CCF80030CCF898
:1024CC00001000BF00BF00BF00BF00BFCCF8003041
:1024DC0000BF00BF00BF00BF00BF013AE5D200BD86
:1024EC0000C000422DE9F04F85B00092002A65D063
:1024FC00030A8046364D040C02938946C3B2354E0E
:10250C00DFF8E4A00393DAF80420334B42F07D5259
:10251C0032481968324BCAF80420324A1B681268D8
:10252C001843009F20EA02008F4220F0785028BF09
:10253C000F4640F04050CAF800002A683AB100211A
:10254C0000BF01312B689942FAD3254B1B6802213D
:10255C000193FFF7A5FFE1B2FFF7A2FF9DF808106A
:10256C00FFF79EFF0399FFF79BFF019B4FB307EB10
:10257C00090401979B4609F1FF37013C17F8011F2D
:10258C00FFF78EFFA742F9D1019FCAF800B032685D
:10259C002AB1002200BF013233689A42FAD3009B61
:1025AC00DB1B00930AD0B844B9444FEA18234FEA16
:1025BC00184402935FFA88F30393A4E705B0BDE8CF
:1025CC00F08FCAF800303268002AE2D19BE700BFD6
:1025DC00B4450020B8450020001500200001400142
:1025EC00704500200415002000C00042002A00F0B5
:1025FC0097801346020C2DE9F04F85B08046894632
:10260C00DFF834A101924FEA102BC2B2454E464D71
:10261C00464C029246496268096842F07D529942E2
:10262C00626028BF1946DAF80020009142F00122BE
:10263C00404942F48002096822EA010C2CF07857D8
:10264C0047F04050206032682AB1002100BF0131B0
:10265C0032689142FAD303210393FFF721FF9DF8CF
:10266C000410FFF71DFF5FFA8BF1FFF719FF0299BA
:10267C00FFF716FF6268039B22F000626260009A0B
:10268C00002A3FD0009A47F0485709F1FF3E02EB71
:10269C00090B0BF1FF3B08214FF0000C276000BF2A
:1026AC0000BF00BF00BF00BFA2682060C2F3C062C1
:1026BC0042EA4C0C00BF00BF00BF00BF00BF013995
:1026CC00ECD10EF801CFDE45E5D1DAF8002022601E
:1026DC00626842F07D5262602A682AB1002200BF13
:1026EC00013229688A42FAD3009A9B1A15D0904479
:1026FC0091444FEA18424FEA182B01925FFA88F284
:10270C00029287E7DAF800202260626842F07D527C
:10271C0062602A68002AE1D17CE705B0BDE8F08F41
:10272C00704700BFB4450020B845002000C00042EF
:10273C00001500200415002070450020002A00F030
:10274C00BE800B46010C2DE9F04F87B08146DFF8B7
:10275C0088A10291010A5A4F0191C1B2594E5A4DAA
:10276C005A4C03915A486168006841F07D5190427F
:10277C00616028BF1046DAF80010804641F0012154
:10278C00544841F48001006821EA000C2CF0785B7D
:10279C004BF040502060396839B14FF0000C00BF4D
:1027AC000CF1010C39688C45F9D30B21CDE90432BD
:1027BC00FFF776FE9DF80810FFF772FE9DF80410E7
:1027CC00FFF76EFE0399FFF76BFE616821F0006165
:1027DC0061603168DDE90432B1B14BF048514FF022
:1027EC00000C9E46216000BF00BF00BF00BF00BFB1
:1027FC00206000BF00BF00BF00BF00BF0CF1010C88
:10280C0033686345EED87346B8F1000F49D04BF0EE
:10281C00485C194608EB030B03F1FF3E63468C46FC
:10282C000BF1FF3BCDE901894FF008084FF000098F
:10283C00236000BF00BF00BF00BF00BFA1682060C5
:10284C00C1F3C06141EA490900BF00BF00BF00BF2E
:10285C0000BFB8F10108EBD10EF8019FDE45E3D1C2
:10286C00DAF800106346DDE901892160616841F006
:10287C007D516160296829B1002100BF01312868B0
:10288C008142FAD3B2EB080216D0C14443444FEA5A
:10289C00194102914FEA192101915FFA89F10391D3
:1028AC0060E7DAF800102160616841F07D516160E9
:1028BC0029680029E0D155E707B0BDE8F08F7047D3
:1028CC00B44500200C150020B845002000C0004283
:1028DC0000150020041500207045002000B50722CB
:1028EC008E46DFF83CC04EFA02F39B0603F0806381
:1028FC00034343F00071CCF80030CCF8001000BF5B
:10290C0000BF00BF00BF00BF00BFCCF8003000BF4D
:10291C0000BF00BF00BF00BF00BF013AE3D200BD43
:10292C0000C000422DE9F04F85B00092002A65D01E
:10293C00030A8046364D040C02938946C3B2354EC9
:10294C00DFF8E4A00393DAF80420334B42F07D5215
:10295C0032481968324BCAF80420324A1B68126894
:10296C001843009F20EA02008F4220F0785028BFC5
:10297C000F4640F04050CAF800002A683AB10021D6
:10298C0000BF01312B689942FAD3254B1B680221F9
:10299C000193FFF7A3FFE1B2FFF7A0FF9DF808102A
:1029AC00FFF79CFF0399FFF799FF019B4FB307EBD0
:1029BC00090401979B4609F1FF37013C17F8011FE9
:1029CC00FFF78CFFA742F9D1019FCAF800B032681B
:1029DC002AB1002200BF013233689A42FAD3009B1D
:1029EC00DB1B00930AD0B844B9444FEA18234FEAD2
:1029FC00184402935FFA88F30393A4E705B0BDE88B
:102A0C00F08FCAF800303268002AE2D19BE700BF91
:102A1C00B4450020B84500200015002000014001FD
:102A2C00704500200415002000C00042002A00F070
:102A3C0099801346020C2DE9F04F85B080468946EB
:102A4C00DFF838A102925FFA80FB020A464E474D2E
:102A5C00474C019247496268096842F07D5299429D
:102A6C00626028BF1946DAF80020009142F001227A
:102A7C00414942F48002096822EA010C2CF0785793
:102A8C0047F04050206032682AB1002100BF01316C
:102A9C0032689142FAD303210393FFF71FFF9DF88D
:102AAC000810FFF71BFF9DF80410FFF717FF59469E
:102ABC00FFF714FF6268039B22F000626260009AC9
:102ACC00002A41D0009A47F0485709F1FF3E02EB2B
:102ADC00090B0BF1FF3B08214FF0000C276000BFE6
:102AEC0000BF00BF00BF00BF00BFA2682060C2F3E0
:102AFC00C06242EA4C0C00BF00BF00BF00BF00BF69
:102B0C0000BF0139EAD10EF801CFDE45E3D1DAF886
:102B1C0000202260626842F07D5262602A682AB10D
:102B2C00002200BF013229688A42FAD3009A9B1A0C
:102B3C0015D0904491444FEA18425FFA88FB0292F8
:102B4C004FEA1822019285E7DAF8002022606268C9
:102B5C0042F07D5262602A68002AE1D17AE705B022
:102B6C00BDE8F08F704700BFB4450020B845002089
:102B7C0000C0004200150020041500207045002004
:102B8C00002A00F0C2800B46010C2DE9F04F87B0F3
:102B9C008146DFF890A10191010A5C4F0391C1B20B
:102BAC005B4E5C4D5C4C02915C486168006841F086
:102BBC007D519042616028BF1046DAF800108046C3
:102BCC0041F00121564841F48001006821EA000CD3
:102BDC002CF0785B4BF040502060396839B14FF0E5
:102BEC00000C00BF0CF1010C39688C45F9D30B219A
:102BFC00CDE90432FFF772FE9DF80410FFF76EFE6C
:102C0C009DF80C10FFF76AFE0299FFF767FE6168EA
:102C1C0021F0006161603168DDE90432C1B14BF033
:102C2C0048514FF0000C9E46216000BF00BF00BF12
:102C3C0000BF00BF00BF206000BF00BF00BF00BFCF
:102C4C0000BF00BF0CF1010C33686345ECD8734630
:102C5C00B8F1000F4BD04BF0485C194608EB030B56
:102C6C0003F1FF3E63468C460BF1FF3BCDE9018936
:102C7C004FF008084FF00009236000BF00BF00BFF1
:102C8C0000BF00BF00BFA1682060C1F3C06141EA72
:102C9C00490900BF00BF00BF00BF00BF00BFB8F1B3
:102CAC000108E9D10EF8019FDE45E1D1DAF80010F8
:102CBC006346DDE901892160616841F07D51616005
:102CCC00296829B1002100BF013128688142FAD35B
:102CDC00B2EB080216D0C14443444FEA19410191AA
:102CEC004FEA192103915FFA89F102915CE7DAF856
:102CFC0000102160616841F07D51616029680029F4
:102D0C00E0D151E707B0BDE8F08F7047B445002023
:102D1C000C150020B845002000C000420015002012
:102D2C00041500207045002000B507228E46DFF800
:102D3C0040C04EFA02F39B0603F08063034343F05A
:102D4C000071CCF80030CCF8001000BF00BF00BF01
:102D5C0000BF00BF00BF00BFCCF8003000BF00BFF9
:102D6C0000BF00BF00BF00BF00BF013AE1D200BDF1
:102D7C0000C000422DE9F04F85B00092002A65D0CA
:102D8C00030A8046364D040C02938946C3B2354E75
:102D9C00DFF8E4A00393DAF80420334B42F07D52C1
:102DAC0032481968324BCAF80420324A1B68126840
:102DBC001843009F20EA02008F4220F0785028BF71
:102DCC000F4640F04050CAF800002A683AB1002182
:102DDC0000BF01312B689942FAD3254B1B680221A5
:102DEC000193FFF7A1FFE1B2FFF79EFF9DF80810DA
:102DFC00FFF79AFF0399FFF797FF019B4FB307EB80
:102E0C00090401979B4609F1FF37013C17F8011F94
:102E1C00FFF78AFFA742F9D1019FCAF800B03268C8
:102E2C002AB1002200BF013233689A42FAD3009BC8
:102E3C00DB1B00930AD0B844B9444FEA18234FEA7D
:102E4C00184402935FFA88F30393A4E705B0BDE836
:102E5C00F08FCAF800303268002AE2D19BE700BF3D
:102E6C00B4450020B84500200015002000014001A9
:102E7C00704500200415002000C00042002A00F01C
:102E8C009B801346020C2DE9F04F85B08046894695
:102E9C00DFF83CA102925FFA80FB020A474E484DD4
:102EAC00484C019248496268096842F07D52994247
:102EBC00626028BF1946DAF80020009142F0012226
:102ECC00424942F48002096822EA010C2CF078573E
:102EDC0047F04050206032682AB1002100BF013118
:102EEC0032689142FAD303210393FFF71DFF9DF83B
:102EFC000810FFF719FF9DF80410FFF715FF59464E
:102F0C00FFF712FF6268039B22F000626260009A76
:102F1C00002A43D0009A47F0485709F1FF3E02EBD4
:102F2C00090B0BF1FF3B08214FF0000C276000BF91
:102F3C0000BF00BF00BF00BF00BF00BFA268206081
:102F4C00C2F3C06242EA4C0C00BF00BF00BF00BF1E
:102F5C0000BF00BF00BF0139E8D10EF801CFDE453C
:102F6C00E1D1DAF800202260626842F07D526260A2
:102F7C002A682AB1002200BF013229688A42FAD39A
:102F8C00009A9B1A15D0904491444FEA18425FFA6C
:102F9C0088FB02924FEA1822019283E7DAF80020AC
:102FAC002260626842F07D5262602A68002AE1D198
:102FBC0078E705B0BDE8F08F704700BFB44500203E
:102FCC00B845002000C00042001500200415002068
:102FDC0070450020002A00F0C6800B46010C2DE93C
:102FEC00F04F87B08146DFF898A10191010A5E4F3E
:102FFC000391C1B25D4E5E4D5E4C02915E486168BC
:10300C00006841F07D519042616028BF1046DAF8AB
:10301C000010804641F00121584841F480010068BD
:10302C0021EA000C2CF0785B4BF0405020603968A2
:10303C0039B14FF0000C00BF0CF1010C39688C4514
:10304C00F9D30B21CDE90432FFF76EFE9DF8041085
:10305C00FFF76AFE9DF80C10FFF766FE0299FFF76A
:10306C0063FE616821F0006161603168DDE9043262
:10307C00D1B14BF048514FF0000C9E46216000BF7F
:10308C0000BF00BF00BF00BF00BF00BF206000BF7B
:10309C0000BF00BF00BF00BF00BF00BF0CF1010CA0
:1030AC0033686345EAD87346B8F1000F4DD04BF046
:1030BC00485C194608EB030B03F1FF3E63468C4654
:1030CC000BF1FF3BCDE901894FF008084FF00009E7
:1030DC00236000BF00BF00BF00BF00BF00BF00BF28
:1030EC00A1682060C1F3C06141EA490900BF00BF7B
:1030FC0000BF00BF00BF00BF00BFB8F10108E7D19F
:10310C000EF8019FDE45DFD1DAF800106346DDE9E9
:10311C0001892160616841F07D516160296829B1A4
:10312C00002100BF013128688142FAD3B2EB0802BA
:10313C0016D0C14443444FEA194101914FEA192179
:10314C0003915FFA89F1029158E7DAF800102160D7
:10315C00616841F07D51616029680029E0D14DE73B
:10316C0007B0BDE8F08F7047B44500200C15002067
:10317C00B845002000C000420015002004150020B6
:10318C0070450020F8B501210746342007240B4E6A
:10319C004FF080650AF0C0FC05E0C6F88450FEF7DD
:1031AC00DBFE013C09D347FA04F3DB07F5D4C6F880
:1031BC008850FEF7D1FE013CF5D2F8BD00C00042AC
:1031CC00084A137863B1002102E012F8013F3BB1C9
:1031DC00202BFAD101318142F7D1501C0CF01EB9D1
:1031EC0018467047744500200D4B0E4A1B7892F818
:1031FC0000C0022B0DD0012B05D00B4B0A460B49FE
:10320C0053F82C3018470A4B0A46084953F82C300F
:10321C001847084B0A46054953F82C30184700BF8D
:10322C00FA770020E6170020AC030020C01A00201B
:10323C0070030020E80300202DE9F04F89B00192C3
:10324C00002A00F0D180020B8146030D8B460692BA
:10325C00020A6D4F4FEA104A049202096B4E039218
:10326C0000F00F02DFF8B881694C07930592636890
:10327C00684A43F07D5311686360674B019A186884
:10328C008A42664B40F0012028BF0A46196840F478
:10329C00800020EA010020F078552560396839B1AA
:1032AC004FF0000C00BF0CF1010C3B689C45F9D3AE
:1032BC000E2128460292FEF795FE0B212846FEF7BA
:1032CC0091FE079B284603F00F01FEF78BFE0AF0D8
:1032DC000F012846FEF786FE069B284603F00F01D9
:1032EC00FEF780FE049B284603F00F01FEF77AFEE2
:1032FC00039B284603F00F01FEF774FE0599284640
:10330C00FEF770FE6168029A21F0705161603168BD
:10331C00A1B145F000734FF0000C236000BF00BF5B
:10332C0000BF00BF00BF256000BF00BF00BF00BFD3
:10333C0000BF0CF1010C31686145EED8002A56D063
:10334C0002EB0B0A45F000730BF1FF3C0AF1FF3A5C
:10335C00236000BF00BF00BF00BF00BFA068256096
:10336C0000BF00BF00BF00BF00BF236000BF00BF95
:10337C0000BF00BF00BFA168256000BF00BF00BF39
:10338C0000BF00BF800EC1F3836141EA00110CF84D
:10339C00011FD445DCD1204B19682160616841F0D4
:1033AC007D516160D8F8001031B1002100BF0131AE
:1033BC00D8F800309942F9D3019B9B1A019313D092
:1033CC00914493444FEA19534FEA194A07934FEA31
:1033DC00193306934FEA192304934FEA19130393F5
:1033EC0009F00F03059342E709B0BDE8F08F0A4BD3
:1033FC0019682160616841F07D516160D8F8001056
:10340C000029D2D133E700BFB445002008150020B5
:10341C0000C000420015002070450020041500205B
:10342C00B84500202DE9F04F89B00192002A00F038
:10343C00D780020B8146030D8B460692020A704F11
:10344C004FEA104A049202096E4E039200F00F02EA
:10345C00DFF8C4816C4C0793059263686B4A43F0A8
:10346C007D53116863606A4B019A18688A42694BF4
:10347C0040F0012028BF0A46196840F4800020EA79
:10348C00010020F078552560396839B14FF0000CF7
:10349C0000BF0CF1010C3B689C45F9D30E2128466A
:1034AC000292FEF7B5FD0B212846FEF7B1FD079BF6
:1034BC00284603F00F01FEF7ABFD0AF00F0128467A
:1034CC00FEF7A6FD069B284603F00F01FEF7A0FDB4
:1034DC00049B284603F00F01FEF79AFD039B284638
:1034EC0003F00F01FEF794FD05992846FEF790FDB9
:1034FC006168029A21F0705161603168B1B145F098
:10350C0000734FF0000C236000BF00BF00BF00BF72
:10351C0000BF00BF256000BF00BF00BF00BF00BFE1
:10352C0000BF0CF1010C31686145ECD8002A5AD06F
:10353C0002EB0B0A45F000730BF1FF3C0AF1FF3A6A
:10354C00236000BF00BF00BF00BF00BF00BFA0686A
:10355C00256000BF00BF00BF00BF00BF00BF2360DD
:10356C0000BF00BF00BF00BF00BF00BFA168256047
:10357C0000BF00BF00BF00BF00BF00BF800EC1F383
:10358C00836141EA00110CF8011FD445D8D1204BBE
:10359C0019682160616841F07D516160D8F80010B4
:1035AC0031B1002100BF0131D8F800309942F9D374
:1035BC00019B9B1A019313D0914493444FEA1953E6
:1035CC004FEA194A07934FEA193306934FEA192326
:1035DC0004934FEA1913039309F00F0305933CE787
:1035EC0009B0BDE8F08F0A4B19682160616841F0A1
:1035FC007D516160D8F800100029D2D12DE700BFB1
:10360C00B44500200815002000C000420015002021
:10361C007045002004150020B84500202DE9F04F1E
:10362C0089B00192002A00F0DD80020B8146030D67
:10363C008B460692020A734F4FEA104A0492020913
:10364C00714E039200F00F02DFF8D0816F4C07939C
:10365C00059263686E4A43F07D53116863606D4B4D
:10366C00019A18688A426C4B40F0012028BF0A4628
:10367C00196840F4800020EA010020F0785525609C
:10368C00396839B14FF0000C00BF0CF1010C3B68EC
:10369C009C45F9D30E2128460292FEF7D1FC0B2152
:1036AC002846FEF7CDFC079B284603F00F01FEF7DA
:1036BC00C7FC0AF00F012846FEF7C2FC069B284601
:1036CC0003F00F01FEF7BCFC049B284603F00F012E
:1036DC00FEF7B6FC039B284603F00F01FEF7B0FC87
:1036EC0005992846FEF7ACFC6168029A21F07051EE
:1036FC0061603168C1B145F000734FF0000C23607C
:10370C0000BF00BF00BF00BF00BF00BF00BF2560EF
:10371C0000BF00BF00BF00BF00BF00BF00BF0CF167
:10372C00010C31686145EAD8002A5ED002EB0B0A25
:10373C0045F000730BF1FF3C0AF1FF3A236000BF28
:10374C0000BF00BF00BF00BF00BF00BFA068256066
:10375C0000BF00BF00BF00BF00BF00BF00BF2360A1
:10376C0000BF00BF00BF00BF00BF00BF00BFA1680B
:10377C00256000BF00BF00BF00BF00BF00BF00BF7F
:10378C00800EC1F3836141EA00110CF8011FD4458E
:10379C00D4D1204B19682160616841F07D51616082
:1037AC00D8F8001031B1002100BF0131D8F8003039
:1037BC009942F9D3019B9B1A019313D091449344E2
:1037CC004FEA19534FEA194A07934FEA19330693F4
:1037DC004FEA192304934FEA1913039309F00F03CB
:1037EC00059336E709B0BDE8F08F0A4B19682160E4
:1037FC00616841F07D516160D8F800100029D2D188
:10380C0027E700BFB44500200815002000C0004287
:10381C00001500207045002004150020B84500203C
:10382C0070B505460E463024E0B2013401210AF091
:10383C0073F9372CF8D1012102200AF06DF901211E
:10384C0003200AF069F9012104200AF065F901212D
:10385C0005200AF061F93B4A3B4B022D116841EA05
:10386C000303136043D0002D14BF4FF480014FF0BD
:10387C008071364B364A1B781160012B3549364A1C
:10388C000D70167031D0022B2DD0032B57D041F276
:10389C00B002324BC3F86C22C3F87022C3F8742206
:1038AC00C3F87822BFF34F8F03F13F732C492D4A95
:1038BC0003F5BD43486812680333A3FB0232920C34
:1038CC0002EB42024B681B1A9A42FBD81D4B26494D
:1038DC001C68264A214026480A4302605A6842F076
:1038EC007D525A6070BD234AD3E73922D1E7F407E1
:1038FC004FF0100312D4B007C2F88830114B4FF0C0
:10390C00200212D57107C3F884200E4B4FF04002F1
:10391C0012D5C3F884204FF48071AAE7B007C2F81F
:10392C008430084B4FF02002ECD47107C3F8882088
:10393C00044B4FF04002ECD4C3F88820EBE70E4A5E
:10394C00A7E700BF00C0004200014001FB77002048
:10395C0004150020F9770020F777002000801F4025
:10396C00001000E02C140020FFFEBFCC0001403101
:10397C00704500203900010039B00100002A00F028
:10398C00C180030D2DE9F04F87B0914607468A465A
:10399C000593030C5C4A0493030B5C4D0393030ADD
:1039AC005B4E019303095B4C009300F00F030293F1
:1039BC00594B6168186841F07D51584B484561601E
:1039CC0028BF484619688046106840F0012040F432
:1039DC00800020EA010020F0785BC4F800B0296870
:1039EC0039B14FF0000C00BF0CF1010C2B689C4559
:1039FC00F9D303215846FEF70BFB08215846FEF776
:103A0C0007FB059B584603F00F01FEF701FB049BD7
:103A1C00584603F00F01FEF7FBFA039B584603F0E0
:103A2C000F01FEF7F5FA019B584603F00F01FEF764
:103A3C00EFFA009B584603F00F01FEF7E9FA0299E2
:103A4C005846FEF7E5FA304AB8F1000F51D008EBB2
:103A5C000A0E0AF1FF3C0EF1FF3E1CF8013F1B0958
:103A6C004BEA836343F000712360216000BF00BF09
:103A7C0000BF00BF00BF00BF236000BF00BF00BF7E
:103A8C0000BF00BF00BF9CF8003003F00F034BEAEF
:103A9C00836343F000712360216000BF00BF00BF4F
:103AAC0000BF00BF00BF236000BF00BF00BF00BF4E
:103ABC0000BF00BFF445D0D111682160316829B135
:103ACC00002100BF013133689942FAD3B9EB0809E0
:103ADC0015D04744C2443B0D05933B0C04933B0B60
:103AEC0003933B0A01933B09009307F00F030293E6
:103AFC005EE71168216031680029E1D158E707B011
:103B0C00BDE8F08F704700BF70450020B445002021
:103B1C00B845002000C0004200150020041500200C
:103B2C00002A00F0C580030D2DE9F04F87B09146B7
:103B3C0007468A460593030C5E4A0493030B5E4DBD
:103B4C000393030A5D4E019303095D4C009300F04F
:103B5C000F0302935B4B6168186841F07D515A4B1F
:103B6C004845616028BF484619688046106840F097
:103B7C00012040F4800020EA010020F0785BC4F8BA
:103B8C0000B0296839B14FF0000C00BF0CF1010CEA
:103B9C002B689C45F9D303215846FEF751FA0821AE
:103BAC005846FEF74DFA059B584603F00F01FEF7F9
:103BBC0047FA049B584603F00F01FEF741FA039BAA
:103BCC00584603F00F01FEF73BFA019B584603F0F1
:103BDC000F01FEF735FA009B584603F00F01FEF774
:103BEC002FFA02995846FEF72BFA324AB8F1000F19
:103BFC0055D008EB0A0E0AF1FF3C0EF1FF3E1CF803
:103C0C00013F1B094BEA836343F000712360216081
:103C1C0000BF00BF00BF00BF00BF00BF00BF2360DC
:103C2C0000BF00BF00BF00BF00BF00BF00BF9CF8BB
:103C3C00003003F00F034BEA836343F00071236001
:103C4C00216000BF00BF00BF00BF00BF00BF00BFAE
:103C5C00236000BF00BF00BF00BF00BF00BF00BF9C
:103C6C00F445CCD111682160316829B1002100BF25
:103C7C00013133689942FAD3B9EB080915D047449E
:103C8C00C2443B0D05933B0C04933B0B03933B0A43
:103C9C0001933B09009307F00F0302935AE7116855
:103CAC00216031680029E1D154E707B0BDE8F08FFD
:103CBC00704700BF70450020B4450020B845002077
:103CCC0000C00042001500200415002000B507229A
:103CDC008E46DFF844C04EFA02F39B0603F0806375
:103CEC00034343F00071CCF80030CCF8001000BF57
:103CFC0000BF00BF00BF00BF00BF00BF00BFCCF8BB
:103D0C00003000BF00BF00BF00BF00BF00BF00BF3E
:103D1C0000BF013ADFD200BD00C00042002A00F013
:103D2C0091800B46010C2DE9F04F934683B08046F1
:103D3C00454A00915946454E9B464FEA102A444D40
:103D4C005FFA80F9434C0B4643486168006841F0C8
:103D5C007D519842616028BF1846116807463F485C
:103D6C0008433F49096820EA010020F0785040F0F0
:103D7C0040502060316839B14FF0000C00BF0CF19D
:103D8C00010C31688C45F9D302210193FFF79EFF9A
:103D9C009DF80010FFF79AFF5FFA8AF1FFF796FF84
:103DAC004946FFF793FF284A019B002F41D007EBB0
:103DBC000B090BF1FF3E8246009709F1FF391EF803
:103DCC0001CF07274CFA07F1890601F0806141EA1F
:103DDC000A0141F000702160206000BF00BF00BFED
:103DEC0000BF00BF00BF00BF00BF216000BF00BF0D
:103DFC0000BF00BF00BF00BF00BF00BF013FE1D24A
:103E0C00CE45DCD11168009F2160296829B10021C1
:103E1C0000BF013128688142FAD3DB1B0FD0B844B4
:103E2C00BB444FEA18414FEA182A5FFA88F900910F
:103E3C008AE71168216029680029E8D184E703B07A
:103E4C00BDE8F08F704700BF70450020B4450020DE
:103E5C00B845002000C000420015002000014001C0
:103E6C0004150020002A00F09D801346020C2DE959
:103E7C00F04F85B080468946DFF840A102925FFA88
:103E8C0080FB020A484E494D494C019249496268EF
:103E9C00096842F07D529942626028BF1946DAF8EF
:103EAC000020009142F00122434942F4800209684B
:103EBC0022EA010C2CF0785747F040502060326811
:103ECC002AB1002100BF013132689142FAD303219B
:103EDC000393FFF7FBFE9DF80810FFF7F7FE9DF824
:103EEC000410FFF7F3FE5946FFF7F0FE6268039BE0
:103EFC0022F000626260009A002A45D0009A47F0D6
:103F0C00485709F1FF3E02EB090B0BF1FF3B08216F
:103F1C004FF0000C276000BF00BF00BF00BF00BF08
:103F2C0000BF00BF00BFA2682060C2F3C06242EABB
:103F3C004C0C00BF00BF00BF00BF00BF00BF00BFE4
:103F4C0000BF0139E6D10EF801CFDE45DFD1DAF83A
:103F5C0000202260626842F07D5262602A682AB1B9
:103F6C00002200BF013229688A42FAD3009A9B1AB8
:103F7C0015D0904491444FEA18425FFA88FB0292A4
:103F8C004FEA1822019281E7DAF800202260626879
:103F9C0042F07D5262602A68002AE1D176E705B0D2
:103FAC00BDE8F08F704700BFB4450020B845002035
:103FBC0000C00042001500200415002070450020B0
:103FCC00002A00F0CA800B46010C2DE9F04F87B097
:103FDC008146DFF8A0A10391010A604F0291C1B2A2
:103FEC005F4E604D604C019160486168006841F023
:103FFC007D519042616028BF1046DAF8001080466F
:10400C0041F001215A4841F48001006821EA000C7A
:10401C002CF0785B4BF040502060396839B14FF090
:10402C00000C00BF0CF1010C39688C45F9D30B2145
:10403C00CDE90432FFF74AFE9DF80C10FFF746FE5F
:10404C009DF80810FFF742FE0199FFF73FFE6168EB
:10405C0021F0006161603168DDE90432E1B14BF0BF
:10406C0048514FF0000C9E46216000BF00BF00BFBE
:10407C0000BF00BF00BF00BF00BF206000BF00BF7B
:10408C0000BF00BF00BF00BF00BF00BF0CF1010CA0
:10409C0033686345E8D87346B8F1000F4FD04BF046
:1040AC00485C194608EB030B03F1FF3E63468C4654
:1040BC000BF1FF3BCDE901894FF008084FF00009E7
:1040CC00236000BF00BF00BF00BF00BF00BF00BF28
:1040DC0000BFA1682060C1F3C06141EA490900BF7B
:1040EC0000BF00BF00BF00BF00BF00BF00BFB8F1E2
:1040FC000108E5D10EF8019FDE45DDD1DAF800109C
:10410C006346DDE901892160616841F07D516160A0
:10411C00296829B1002100BF013128688142FAD3F6
:10412C00B2EB080216D0C14443444FEA1941039143
:10413C004FEA192102915FFA89F1019154E7DAF8FB
:10414C0000102160616841F07D516160296800298F
:10415C00E0D149E707B0BDE8F08F7047B4450020C7
:10416C000C150020B845002000C0004200150020AE
:10417C00041500207045002000B507228E46DFF89C
:10418C0048C04EFA02F39B0603F08063034343F0EE
:10419C000071CCF80030CCF8001000BF00BF00BF9D
:1041AC0000BF00BF00BF00BF00BF00BFCCF8003095
:1041BC0000BF00BF00BF00BF00BF00BF00BF00BFFB
:1041CC0000BF013ADDD200BD00C000422DE9F04F26
:1041DC0085B00092002A65D0030A8046364D040C47
:1041EC0002938946C3B2354EDFF8E4A00393DAF8A4
:1041FC000420334B42F07D5232481968324BCAF8D6
:10420C000420324A1B6812681843009F20EA0200FF
:10421C008F4220F0785028BF0F4640F04050CAF82B
:10422C0000002A683AB1002100BF01312B68994285
:10423C00FAD3254B1B6802210193FFF79DFFE1B2D6
:10424C00FFF79AFF9DF80810FFF796FF0399FFF709
:10425C0093FF019B4FB307EB090401979B4609F1B0
:10426C00FF37013C17F8011FFFF786FFA742F9D172
:10427C00019FCAF800B032682AB1002200BF013297
:10428C0033689A42FAD3009BDB1B00930AD0B844E4
:10429C00B9444FEA18234FEA184402935FFA88F3A3
:1042AC000393A4E705B0BDE8F08FCAF8003032687C
:1042BC00002AE2D19BE700BFB4450020B84500209E
:1042CC00001500200001400170450020041500205D
:1042DC0000C000422DE9F04F85B00192002A00F099
:1042EC008E800B468146C1B24B4A4C4F4FEA104B65
:1042FC004FEA102A4A4E4B4C029161684A4841F0F1
:10430C007D514A4D006861600199814228BF014688
:10431C00884611680D434649096825EA010525F0D0
:10432C00785545F040502060396839B14FF0000C99
:10433C0000BF0CF1010C39688C45F9D303210393B0
:10434C00FFF71AFF5FFA8BF1FFF716FF5FFA8AF19E
:10435C00FFF712FF0299FFF70FFF61682E4A21F059
:10436C000061039B6160B8F1000F4BD008EB030BAD
:10437C0045F0485503F1FF3A0BF1FF3B4FF0080CA9
:10438C004FF0000E256000BF00BF00BF00BF00BF94
:10439C0000BF00BF00BF00BFA1682060C1F3C061B7
:1043AC0041EA4E0E00BF00BF00BF00BF00BF00BF00
:1043BC0000BF00BF00BFBCF1010CE3D10AF801EF54
:1043CC00DA45DBD111682160616841F07D51616093
:1043DC00316829B1002100BF013130688142FAD324
:1043EC000199B1EB0801019109D0C14443445FFA32
:1043FC0089F14FEA194B4FEA192A02917DE705B072
:10440C00BDE8F08F11682160616841F07D516160F9
:10441C0031680029DED170E770450020B4450020DA
:10442C00B845002000C000420015002000014001EA
:10443C0004150020002A00F0CE800B46010C2DE95B
:10444C00F04F87B08146DFF8A8A10391010A624FB3
:10445C000291C1B2614E624D624C01916248616839
:10446C00006841F07D519042616028BF1046DAF837
:10447C000010804641F001215C4841F48001006845
:10448C0021EA000C2CF0785B4BF04050206039682E
:10449C0039B14FF0000C00BF0CF1010C39688C45A0
:1044AC00F9D30B21CDE90432FFF766FE9DF80C1011
:1044BC00FFF762FE9DF80810FFF75EFE0199FFF70B
:1044CC005BFE616821F0006161603168DDE90432F6
:1044DC00F1B14BF048514FF0000C9E46216000BFEB
:1044EC0000BF00BF00BF00BF00BF00BF00BF00BFC8
:1044FC00206000BF00BF00BF00BF00BF00BF00BFF7
:10450C0000BF00BF0CF1010C33686345E6D873465D
:10451C00B8F1000F51D04BF0485C194608EB030B77
:10452C0003F1FF3E63468C460BF1FF3BCDE901895D
:10453C004FF008084FF00009236000BF00BF00BF18
:10454C0000BF00BF00BF00BF00BF00BFA16820605C
:10455C00C1F3C06141EA490900BF00BF00BF00BF01
:10456C0000BF00BF00BF00BF00BFB8F10108E3D11E
:10457C000EF8019FDE45DBD1DAF800106346DDE969
:10458C0001892160616841F07D516160296829B120
:10459C00002100BF013128688142FAD3B2EB080236
:1045AC0016D0C14443444FEA194103914FEA1921F3
:1045BC0002915FFA89F1019150E7DAF8001021605D
:1045CC00616841F07D51616029680029E0D145E7BF
:1045DC0007B0BDE8F08F7047B44500200C150020E3
:1045EC00B845002000C00042001500200415002032
:1045FC007045002000B507228E46DFF84CC04EFAFD
:10460C0002F39B0603F08063034343F00071CCF884
:10461C000030CCF8001000BF00BF00BF00BF00BFCF
:10462C0000BF00BF00BF00BF00BFCCF8003000BF10
:10463C0000BF00BF00BF00BF00BF00BF00BF00BF76
:10464C0000BF013ADBD200BD00C000422DE9F04FA3
:10465C0085B00092002A65D0030A8046364D040CC2
:10466C0002938946C3B2354EDFF8E4A00393DAF81F
:10467C000420334B42F07D5232481968324BCAF851
:10468C000420324A1B6812681843009F20EA02007B
:10469C008F4220F0785028BF0F4640F04050CAF8A7
:1046AC0000002A683AB1002100BF01312B68994201
:1046BC00FAD3254B1B6802210193FFF79BFFE1B254
:1046CC00FFF798FF9DF80810FFF794FF0399FFF789
:1046DC0091FF019B4FB307EB090401979B4609F12E
:1046EC00FF37013C17F8011FFFF784FFA742F9D1F0
:1046FC00019FCAF800B032682AB1002200BF013213
:10470C0033689A42FAD3009BDB1B00930AD0B8445F
:10471C00B9444FEA18234FEA184402935FFA88F31E
:10472C000393A4E705B0BDE8F08FCAF800303268F7
:10473C00002AE2D19BE700BFB4450020B845002019
:10474C0000150020000140017045002004150020D8
:10475C0000C000422DE9F04F85B00192002A00F014
:10476C0090800B468146C1B24C4A4D4F4FEA104BDC
:10477C004FEA102A4B4E4C4C029161684B4841F069
:10478C007D514B4D006861600199814228BF014603
:10479C00884611680D434749096825EA010525F04B
:1047AC00785545F040502060396839B14FF0000C15
:1047BC0000BF0CF1010C39688C45F9D3032103932C
:1047CC00FFF718FF5FFA8BF1FFF714FF5FFA8AF11E
:1047DC00FFF710FF0299FFF70DFF61682F4A21F0D8
:1047EC000061039B6160B8F1000F4DD008EB030B27
:1047FC0045F0485503F1FF3A0BF1FF3B4FF0080C25
:10480C004FF0000E256000BF00BF00BF00BF00BF0F
:10481C0000BF00BF00BF00BF00BFA1682060C1F394
:10482C00C06141EA4E0E00BF00BF00BF00BF00BF19
:10483C0000BF00BF00BF00BF00BFBCF1010CE1D145
:10484C000AF801EFDA45D9D111682160616841F0AD
:10485C007D516160316829B1002100BF01313068A0
:10486C008142FAD30199B1EB0801019109D0C144FD
:10487C0043445FFA89F14FEA194B4FEA192A029126
:10488C007BE705B0BDE8F08F11682160616841F0ED
:10489C007D51616031680029DED16EE770450020E2
:1048AC00B4450020B845002000C00042001500208F
:1048BC000001400104150020002A00F0D2800B46B4
:1048CC00010C2DE9F04F87B08146DFF8B0A10191C2
:1048DC00010A644F0391C1B2634E644D644C029162
:1048EC0064486168006841F07D519042616028BF66
:1048FC001046DAF80010804641F001215E4841F480
:10490C008001006821EA000C2CF0785B4BF04050E1
:10491C002060396839B14FF0000C00BF0CF1010C6C
:10492C0039688C45F9D30B21CDE90432FFF762FECF
:10493C009DF80410FFF75EFE9DF80C10FFF75AFE71
:10494C000299FFF757FE616821F0006161603168E0
:10495C00DDE9043201B34BF048514FF0000C9E4698
:10496C00216000BF00BF00BF00BF00BF00BF00BF81
:10497C0000BF00BF00BF206000BF00BF00BF00BF72
:10498C0000BF00BF00BF00BF00BF00BF0CF1010C97
:10499C0033686345E4D87346B8F1000F53D04BF03D
:1049AC00485C194608EB030B03F1FF3E63468C464B
:1049BC000BF1FF3BCDE901894FF008084FF00009DE
:1049CC00236000BF00BF00BF00BF00BF00BF00BF1F
:1049DC0000BF00BF00BFA1682060C1F3C06141EA05
:1049EC00490900BF00BF00BF00BF00BF00BF00BF30
:1049FC0000BF00BF00BFB8F10108E1D10EF8019F64
:104A0C00DE45D9D1DAF800106346DDE90189216071
:104A1C00616841F07D516160296829B1002100BFB6
:104A2C00013128688142FAD3B2EB080216D0C14496
:104A3C0043444FEA194101914FEA192103915FFA5E
:104A4C0089F102914CE7DAF800102160616841F0BD
:104A5C007D51616029680029E0D141E707B0BDE8CC
:104A6C00F08F7047B44500200C150020B84500208D
:104A7C0000C00042001500200415002070450020E5
:104A8C0000B507228E46DFF850C04EFA02F39B06A3
:104A9C0003F08063034343F00071CCF80030CCF892
:104AAC00001000BF00BF00BF00BF00BF00BF00BFB1
:104ABC0000BF00BF00BF00BFCCF8003000BF00BF7C
:104ACC0000BF00BF00BF00BF00BF00BF00BF00BFE2
:104ADC0000BF013AD9D200BD00C000422DE9F04F11
:104AEC0085B00092002A65D0030A8046364D040C2E
:104AFC0002938946C3B2354EDFF8E4A00393DAF88B
:104B0C000420334B42F07D5232481968324BCAF8BC
:104B1C000420324A1B6812681843009F20EA0200E6
:104B2C008F4220F0785028BF0F4640F04050CAF812
:104B3C0000002A683AB1002100BF01312B6899426C
:104B4C00FAD3254B1B6802210193FFF799FFE1B2C1
:104B5C00FFF796FF9DF80810FFF792FF0399FFF7F8
:104B6C008FFF019B4FB307EB090401979B4609F19B
:104B7C00FF37013C17F8011FFFF782FFA742F9D15D
:104B8C00019FCAF800B032682AB1002200BF01327E
:104B9C0033689A42FAD3009BDB1B00930AD0B844CB
:104BAC00B9444FEA18234FEA184402935FFA88F38A
:104BBC000393A4E705B0BDE8F08FCAF80030326863
:104BCC00002AE2D19BE700BFB4450020B845002085
:104BDC000015002000014001704500200415002044
:104BEC0000C000422DE9F04F85B00192002A00F080
:104BFC0092800B468146C1B24D4A4E4F4FEA104B44
:104C0C004FEA102A4C4E4D4C029161684C4841F0D1
:104C1C007D514C4D006861600199814228BF01466D
:104C2C00884611680D434849096825EA010525F0B5
:104C3C00785545F040502060396839B14FF0000C80
:104C4C0000BF0CF1010C39688C45F9D30321039397
:104C5C00FFF716FF5FFA8BF1FFF712FF5FFA8AF18D
:104C6C00FFF70EFF0299FFF70BFF6168304A21F046
:104C7C000061039B6160B8F1000F4FD008EB030B90
:104C8C0045F0485503F1FF3A0BF1FF3B4FF0080C90
:104C9C004FF0000E256000BF00BF00BF00BF00BF7B
:104CAC0000BF00BF00BF00BF00BF00BFA1682060F5
:104CBC00C1F3C06141EA4E0E00BF00BF00BF00BF90
:104CCC0000BF00BF00BF00BF00BF00BF00BFBCF1F2
:104CDC00010CDFD10AF801EFDA45D7D11168216058
:104CEC00616841F07D516160316829B1002100BFDC
:104CFC00013130688142FAD30199B1EB080101917D
:104D0C0009D0C14443445FFA89F14FEA194B4FEA89
:104D1C00192A029179E705B0BDE8F08F116821607E
:104D2C00616841F07D51616031680029DED16CE72A
:104D3C0070450020B4450020B845002000C000425A
:104D4C00001500200001400104150020002A00F08D
:104D5C00D6800B46010C2DE9F04F87B08146DFF869
:104D6C00B8A10191010A664F0391C1B2654E664D1F
:104D7C00664C029166486168006841F07D51904232
:104D8C00616028BF1046DAF80010804641F001211E
:104D9C00604841F48001006821EA000C2CF0785B3B
:104DAC004BF040502060396839B14FF0000C00BF17
:104DBC000CF1010C39688C45F9D30B21CDE9043287
:104DCC00FFF75EFE9DF80410FFF75AFE9DF80C10DD
:104DDC00FFF756FE0299FFF753FE616821F0006160
:104DEC0061603168DDE9043211B34BF048514FF08A
:104DFC00000C9E46216000BF00BF00BF00BF00BF7B
:104E0C0000BF00BF00BF00BF00BF00BF206000BFDD
:104E1C0000BF00BF00BF00BF00BF00BF00BF00BF8E
:104E2C0000BF00BF0CF1010C33686345E2D8734638
:104E3C00B8F1000F55D04BF0485C194608EB030B4A
:104E4C0003F1FF3E63468C460BF1FF3BCDE9018934
:104E5C004FF008084FF00009236000BF00BF00BFEF
:104E6C0000BF00BF00BF00BF00BF00BF00BF00BF3E
:104E7C00A1682060C1F3C06141EA490900BF00BFCD
:104E8C0000BF00BF00BF00BF00BF00BF00BF00BF1E
:104E9C0000BFB8F10108DFD10EF8019FDE45D7D174
:104EAC00DAF800106346DDE901892160616841F0A0
:104EBC007D516160296829B1002100BF013128684A
:104ECC008142FAD3B2EB080216D0C14443444FEAF4
:104EDC00194101914FEA192103915FFA89F102916D
:104EEC0048E7DAF800102160616841F07D5161609B
:104EFC0029680029E0D13DE707B0BDE8F08F704785
:104F0C00B44500200C150020B845002000C000421C
:104F1C0000150020041500207045002000B5072264
:104F2C008E46DFF854C04EFA02F39B0603F0806302
:104F3C00034343F00071CCF80030CCF8001000BFF4
:104F4C0000BF00BF00BF00BF00BF00BF00BF00BF5D
:104F5C0000BF00BF00BFCCF8003000BF00BF00BFD7
:104F6C0000BF00BF00BF00BF00BF00BF00BF00BF3D
:104F7C0000BF013AD7D200BD00C000422DE9F04F6E
:104F8C0085B00092002A65D0030A8046364D040C89
:104F9C0002938946C3B2354EDFF8E4A00393DAF8E6
:104FAC000420334B42F07D5232481968324BCAF818
:104FBC000420324A1B6812681843009F20EA020042
:104FCC008F4220F0785028BF0F4640F04050CAF86E
:104FDC0000002A683AB1002100BF01312B689942C8
:104FEC00FAD3254B1B6802210193FFF797FFE1B21F
:104FFC00FFF794FF9DF80810FFF790FF0399FFF758
:10500C008DFF019B4FB307EB090401979B4609F1F8
:10501C00FF37013C17F8011FFFF780FFA742F9D1BA
:10502C00019FCAF800B032682AB1002200BF0132D9
:10503C0033689A42FAD3009BDB1B00930AD0B84426
:10504C00B9444FEA18234FEA184402935FFA88F3E5
:10505C000393A4E705B0BDE8F08FCAF800303268BE
:10506C00002AE2D19BE700BFB4450020B8450020E0
:10507C00001500200001400170450020041500209F
:10508C0000C000422DE9F04F85B00192002A00F0DB
:10509C0094800B468146C1B24E4A4F4F4FEA104B9B
:1050AC004FEA102A4D4E4E4C029161684D4841F02A
:1050BC007D514D4D006861600199814228BF0146C8
:1050CC00884611680D434949096825EA010525F010
:1050DC00785545F040502060396839B14FF0000CDC
:1050EC0000BF0CF1010C39688C45F9D303210393F3
:1050FC00FFF714FF5FFA8BF1FFF710FF5FFA8AF1ED
:10510C00FFF70CFF0299FFF709FF6168314A21F0A4
:10511C000061039B6160B8F1000F51D008EB030BE9
:10512C0045F0485503F1FF3A0BF1FF3B4FF0080CEB
:10513C004FF0000E256000BF00BF00BF00BF00BFD6
:10514C0000BF00BF00BF00BF00BF00BF00BFA16811
:10515C002060C1F3C06141EA4E0E00BF00BF00BF2A
:10516C0000BF00BF00BF00BF00BF00BF00BF00BF3B
:10517C0000BFBCF1010CDDD10AF801EFDA45D5D145
:10518C0011682160616841F07D516160316829B11D
:10519C00002100BF013130688142FAD30199B1EB93
:1051AC000801019109D0C14443445FFA89F14FEAE7
:1051BC00194B4FEA192A029177E705B0BDE8F08F39
:1051CC0011682160616841F07D516160316800298E
:1051DC00DED16AE770450020B4450020B8450020B8
:1051EC0000C0004200150020000140010415002001
:1051FC00002A00F0DA800B46010C2DE9F04F87B045
:10520C008146DFF8C0A10291010A684F0191C1B239
:10521C00674E684D684C039168486168006841F0BE
:10522C007D519042616028BF1046DAF8001080462C
:10523C0041F00121624841F48001006821EA000C30
:10524C002CF0785B4BF040502060396839B14FF04E
:10525C00000C00BF0CF1010C39688C45F9D30B2103
:10526C00CDE90432FFF75AFE9DF80810FFF756FE01
:10527C009DF80410FFF752FE0399FFF74FFE61688B
:10528C0021F0006161603168DDE9043221B34BF03B
:10529C0048514FF0000C9E46216000BF00BF00BF7C
:1052AC0000BF00BF00BF00BF00BF00BF00BF00BFFA
:1052BC0000BF206000BF00BF00BF00BF00BF00BF29
:1052CC0000BF00BF00BF00BF00BF00BF0CF1010C4E
:1052DC0033686345E0D87346B8F1000F57D04BF0F4
:1052EC00485C194608EB030B03F1FF3E63468C4602
:1052FC000BF1FF3BCDE901894FF008084FF0000995
:10530C00236000BF00BF00BF00BF00BF00BF00BFD5
:10531C0000BF00BF00BF00BF00BFA1682060C1F389
:10532C00C06141EA490900BF00BF00BF00BF00BF18
:10533C0000BF00BF00BF00BF00BF00BF00BFB8F17F
:10534C000108DDD10EF8019FDE45D5D1DAF8001049
:10535C006346DDE901892160616841F07D5161603E
:10536C00296829B1002100BF013128688142FAD394
:10537C00B2EB080216D0C14443444FEA19410291E2
:10538C004FEA192101915FFA89F1039144E7DAF8A8
:10539C0000102160616841F07D516160296800292D
:1053AC00E0D139E707B0BDE8F08F7047B445002075
:1053BC000C150020B845002000C00042001500204C
:1053CC00041500207045002000B507228E46DFF83A
:1053DC0058C04EFA02F39B0603F08063034343F07C
:1053EC000071CCF80030CCF8001000BF00BF00BF3B
:1053FC0000BF00BF00BF00BF00BF00BF00BF00BFA9
:10540C0000BF00BFCCF8003000BF00BF00BF00BF22
:10541C0000BF00BF00BF00BF00BF00BF00BF00BF88
:10542C0000BF013AD5D200BD00C000422DE9F04FBB
:10543C0085B00092002A65D0030A8046364D040CD4
:10544C0002938946C3B2354EDFF8E4A00393DAF831
:10545C000420334B42F07D5232481968324BCAF863
:10546C000420324A1B6812681843009F20EA02008D
:10547C008F4220F0785028BF0F4640F04050CAF8B9
:10548C0000002A683AB1002100BF01312B68994213
:10549C00FAD3254B1B6802210193FFF795FFE1B26C
:1054AC00FFF792FF9DF80810FFF78EFF0399FFF7A7
:1054BC008BFF019B4FB307EB090401979B4609F146
:1054CC00FF37013C17F8011FFFF77EFFA742F9D108
:1054DC00019FCAF800B032682AB1002200BF013225
:1054EC0033689A42FAD3009BDB1B00930AD0B84472
:1054FC00B9444FEA18234FEA184402935FFA88F331
:10550C000393A4E705B0BDE8F08FCAF80030326809
:10551C00002AE2D19BE700BFB4450020B84500202B
:10552C0000150020000140017045002004150020EA
:10553C0000C000422DE9F04F85B00192002A00F026
:10554C0096800B468146C1B24F4A504F4FEA104BE2
:10555C004FEA102A4E4E4F4C029161684E4841F072
:10556C007D514E4D006861600199814228BF014612
:10557C00884611680D434A49096825EA010525F05A
:10558C00785545F040502060396839B14FF0000C27
:10559C0000BF0CF1010C39688C45F9D3032103933E
:1055AC00FFF712FF5FFA8BF1FFF70EFF5FFA8AF13C
:1055BC00FFF70AFF0299FFF707FF6168324A21F0F3
:1055CC000061039B6160B8F1000F53D008EB030B33
:1055DC0045F0485503F1FF3A0BF1FF3B4FF0080C37
:1055EC004FF0000E256000BF00BF00BF00BF00BF22
:1055FC0000BF00BF00BF00BF00BF00BF00BF00BFA7
:10560C00A1682060C1F3C06141EA4E0E00BF00BF2B
:10561C0000BF00BF00BF00BF00BF00BF00BF00BF86
:10562C0000BF00BF00BFBCF1010CDBD10AF801EFD9
:10563C00DA45D3D111682160616841F07D51616018
:10564C00316829B1002100BF013130688142FAD3A1
:10565C000199B1EB0801019109D0C14443445FFAAF
:10566C0089F14FEA194B4FEA192A029175E705B0F7
:10567C00BDE8F08F11682160616841F07D51616077
:10568C0031680029DED168E770450020B445002060
:10569C00B845002000C00042001500200001400168
:1056AC0004150020002A00F0DF800B46010C2DE9C8
:1056BC00F04F87B08146DFF8CCA10291010A6B4F05
:1056CC000191C1B26A4E6B4D6B4C03916B48616892
:1056DC00006841F07D519042616028BF1046DAF8B5
:1056EC000010804641F00121654841F480010068BA
:1056FC0021EA000C2CF0785B4BF0405020603968AC
:10570C0039B14FF0000C00BF0CF1010C39688C451D
:10571C00F9D30B21CDE90432FFF756FE9DF80810A2
:10572C00FFF752FE9DF80410FFF74EFE0399FFF7AA
:10573C004BFE616821F0006161603168DDE9043283
:10574C00002926D04BF048514FF0000C9E462160AA
:10575C0000BF00BF00BF00BF00BF00BF00BF00BF45
:10576C0000BF00BF00BF00BF00BF206000BF00BF74
:10577C0000BF00BF00BF00BF00BF00BF00BF00BF25
:10578C0000BF00BF00BF0CF1010C33686345DED8CD
:10579C007346B8F1000F59D04BF0485C194608EB32
:1057AC00030B03F1FF3E63468C460BF1FF3BCDE947
:1057BC0001894FF008084FF00009236000BF00BFBB
:1057CC0000BF00BF00BF00BF00BF00BF00BF00BFD5
:1057DC0000BF00BF00BFA1682060C1F3C06141EAF7
:1057EC00490900BF00BF00BF00BF00BF00BF00BF22
:1057FC0000BF00BF00BF00BF00BF00BFB8F1010871
:10580C00DBD10EF8019FDE45D3D1DAF800106346E8
:10581C00DDE901892160616841F07D516160296891
:10582C0029B1002100BF013128688142FAD3B2EBC3
:10583C00080216D0C14443444FEA194102914FEA81
:10584C00192101915FFA89F103913FE7DAF8001011
:10585C002160616841F07D51616029680029E0D1C7
:10586C0034E707B0BDE8F08F704700BFB4450020A7
:10587C000C150020B845002000C000420015002087
:10588C00041500207045002000B507228E46DFF875
:10589C005CC04EFA02F39B0603F08063034343F0B3
:1058AC000071CCF80030CCF8001000BF00BF00BF76
:1058BC0000BF00BF00BF00BF00BF00BF00BF00BFE4
:1058CC0000BF00BF00BFCCF8003000BF00BF00BF5E
:1058DC0000BF00BF00BF00BF00BF00BF00BF00BFC4
:1058EC0000BF00BF00BF013AD3D200BD00C00042D0
:1058FC002DE9F04F85B00092002A65D0030A80464E
:10590C00364D040C02938946C3B2354EDFF8E4A041
:10591C000393DAF80420334B42F07D523248196875
:10592C00324BCAF80420324A1B6812681843009F95
:10593C0020EA02008F4220F0785028BF0F4640F03A
:10594C004050CAF800002A683AB1002100BF01316A
:10595C002B689942FAD3254B1B6802210193FFF760
:10596C0093FFE1B2FFF790FF9DF80810FFF78CFF53
:10597C000399FFF789FF019B4FB307EB09040197CC
:10598C009B4609F1FF37013C17F8011FFFF77CFF1D
:10599C00A742F9D1019FCAF800B032682AB100229F
:1059AC0000BF013233689A42FAD3009BDB1B009391
:1059BC000AD0B844B9444FEA18234FEA184402936A
:1059CC005FFA88F30393A4E705B0BDE8F08FCAF83B
:1059DC0000303268002AE2D19BE700BFB4450020BA
:1059EC00B845002000150020000140017045002042
:1059FC000415002000C000422DE9F04F85B0019243
:105A0C00002A00F098800B468146C1B2504A514F93
:105A1C004FEA104B4FEA102A4F4E504C02916168DE
:105A2C004F4841F07D514F4D0068616001998142B2
:105A3C0028BF0146884611680D434B49096825EA81
:105A4C00010525F0785545F040502060396839B192
:105A5C004FF0000C00BF0CF1010C39688C45F9D3E8
:105A6C0003210393FFF710FF5FFA8BF1FFF70CFF95
:105A7C005FFA8AF1FFF708FF0299FFF705FF6168EB
:105A8C00334A21F00061039B6160B8F1000F55D0DF
:105A9C0008EB030B45F0485503F1FF3A0BF1FF3BC4
:105AAC004FF0080C4FF0000E256000BF00BF00BF88
:105ABC0000BF00BF00BF00BF00BF00BF00BF00BFE2
:105ACC0000BF00BF00BFA1682060C1F3C06141EA04
:105ADC004E0E00BF00BF00BF00BF00BF00BF00BF25
:105AEC0000BF00BF00BF00BF00BF00BF00BFBCF1C4
:105AFC00010CD9D10AF801EFDA45D1D11168216036
:105B0C00616841F07D516160316829B1002100BFAD
:105B1C00013130688142FAD30199B1EB080101914E
:105B2C0009D0C14443445FFA89F14FEA194B4FEA5B
:105B3C00192A029173E705B0BDE8F08F1168216056
:105B4C00616841F07D51616031680029DED166E702
:105B5C0070450020B4450020B845002000C000422C
:105B6C00001500200001400104150020002A00F05F
:105B7C00E3800B46010C2DE9F04F87B08146DFF82E
:105B8C00D4A10291010A6D4F0191C1B26C4E6D4DC1
:105B9C006D4C03916D486168006841F07D519042F5
:105BAC00616028BF1046DAF80010804641F00121F0
:105BBC00674841F48001006821EA000C2CF0785B06
:105BCC004BF040502060396839B14FF0000C00BFE9
:105BDC000CF1010C39688C45F9D30B21CDE9043259
:105BEC00FFF752FE9DF80810FFF74EFE9DF80410CB
:105BFC00FFF74AFE0399FFF747FE616821F0006149
:105C0C0061603168DDE90432002928D04BF048513D
:105C1C004FF0000C9E46216000BF00BF00BF00BFCC
:105C2C0000BF00BF00BF00BF00BF00BF00BF00BF70
:105C3C0000BF00BF206000BF00BF00BF00BF00BF9F
:105C4C0000BF00BF00BF00BF00BF00BF00BF00BF50
:105C5C0000BF0CF1010C33686345DCD87346B8F116
:105C6C00000F5BD04BF0485C194608EB030B03F1BB
:105C7C00FF3E63468C460BF1FF3BCDE901894FF0AB
:105C8C0008084FF00009236000BF00BF00BF00BF31
:105C9C0000BF00BF00BF00BF00BF00BF00BF00BF00
:105CAC0000BF00BFA1682060C1F3C06141EA49098F
:105CBC0000BF00BF00BF00BF00BF00BF00BF00BFE0
:105CCC0000BF00BF00BF00BF00BF00BFB8F101089C
:105CDC00D9D10EF8019FDE45D1D1DAF80010634618
:105CEC00DDE901892160616841F07D5161602968BD
:105CFC0029B1002100BF013128688142FAD3B2EBEF
:105D0C00080216D0C14443444FEA194102914FEAAC
:105D1C00192101915FFA89F103913BE7DAF8001040
:105D2C002160616841F07D51616029680029E0D1F2
:105D3C0030E707B0BDE8F08F704700BFB4450020D6
:105D4C000C150020B845002000C0004200150020B2
:105D5C00041500207045002000B507228E46DFF8A0
:105D6C0064C04EFA02F39B0603F08063034343F0D6
:105D7C000071CCF80030CCF8001000BF00BF00BFA1
:105D8C0000BF00BF00BF00BF00BF00BF00BF00BF0F
:105D9C0000BF00BF00BF00BF00BFCCF8003000BF89
:105DAC0000BF00BF00BF00BF00BF00BF00BF00BFEF
:105DBC0000BF00BF00BF00BF00BF00BF00BF013A63
:105DCC00CFD200BD00C000422DE9F04F85B000924B
:105DDC00002A65D0030A8046364D040C029389468E
:105DEC00C3B2354EDFF8E4A00393DAF80420334B4A
:105DFC0042F07D5232481968324BCAF80420324ABC
:105E0C001B6812681843009F20EA02008F4220F0A2
:105E1C00785028BF0F4640F04050CAF800002A685E
:105E2C003AB1002100BF01312B689942FAD3254BBE
:105E3C001B6802210193FFF78FFFE1B2FFF78CFF84
:105E4C009DF80810FFF788FF0399FFF785FF019B6A
:105E5C004FB307EB090401979B4609F1FF37013C4F
:105E6C0017F8011FFFF778FFA742F9D1019FCAF875
:105E7C0000B032682AB1002200BF013233689A4266
:105E8C00FAD3009BDB1B00930AD0B844B9444FEA09
:105E9C0018234FEA184402935FFA88F30393A4E79C
:105EAC0005B0BDE8F08FCAF800303268002AE2D1A4
:105EBC009BE700BFB4450020B8450020001500202A
:105ECC0000014001704500200415002000C0004274
:105EDC002DE9F04F85B00192002A00F09C800B4612
:105EEC00534A010C534F4FEA102A534E534C8146E0
:105EFC005FFA80FB02916168514841F07D51514D30
:105F0C00006861600199814228BF0146884611688A
:105F1C000D434D49096825EA010525F0785545F0F2
:105F2C0040502060396839B14FF0000C00BF0CF1C3
:105F3C00010C39688C45F9D303210393FFF70CFF4F
:105F4C009DF80810FFF708FF5FFA8AF1FFF704FFCE
:105F5C005946FFF701FF6168354A21F00061039B48
:105F6C006160B8F1000F59D008EB030B45F04855B0
:105F7C0003F1FF3A0BF1FF3B4FF0080C4FF0000E12
:105F8C00256000BF00BF00BF00BF00BF00BF00BF47
:105F9C0000BF00BF00BF00BF00BF00BF00BF00BFFD
:105FAC0000BFA1682060C1F3C06141EA4E0E00BF82
:105FBC0000BF00BF00BF00BF00BF00BF00BF00BFDD
:105FCC0000BF00BF00BF00BF00BF00BF00BFBCF1DF
:105FDC00010CD5D10AF801EFDA45CDD11168216059
:105FEC00616841F07D516160316829B1002100BFC9
:105FFC00013130688142FAD30199B1EB080101916A
:10600C0009D0C14443444FEA19414FEA192A5FFAB7
:10601C0089FB02916FE705B0BDE8F08F1168216034
:10602C00616841F07D51616031680029DED162E721
:10603C0070450020B4450020B845002000C0004247
:10604C00001500200001400104150020002A00F07A
:10605C00EB800B46010C2DE9F04F87B08146DFF841
:10606C00E4A10291010A714F0191C1B2704E714DC0
:10607C00714C039171486168006841F07D51904208
:10608C00616028BF1046DAF80010804641F001210B
:10609C006B4841F48001006821EA000C2CF0785B1D
:1060AC004BF040502060396839B14FF0000C00BF04
:1060BC000CF1010C39688C45F9D30B21CDE9043274
:1060CC00FFF74AFE9DF80810FFF746FE9DF80410F6
:1060DC00FFF742FE0399FFF73FFE616821F0006174
:1060EC0061603168DDE9043200292CD04BF0485155
:1060FC004FF0000C9E46216000BF00BF00BF00BFE8
:10610C0000BF00BF00BF00BF00BF00BF00BF00BF8B
:10611C0000BF00BF00BF00BF206000BF00BF00BFBA
:10612C0000BF00BF00BF00BF00BF00BF00BF00BF6B
:10613C0000BF00BF00BF00BF00BF0CF1010C3368F3
:10614C006345D8D87346B8F1000F5FD04BF0485C6C
:10615C00194608EB030B03F1FF3E63468C460BF12B
:10616C00FF3BCDE901894FF008084FF0000923608F
:10617C0000BF00BF00BF00BF00BF00BF00BF00BF1B
:10618C0000BF00BF00BF00BF00BF00BF00BF00BF0B
:10619C00A1682060C1F3C06141EA490900BF00BF9A
:1061AC0000BF00BF00BF00BF00BF00BF00BF00BFEB
:1061BC0000BF00BF00BF00BF00BF00BFB8F10108A7
:1061CC00D5D10EF8019FDE45CDD1DAF8001063462B
:1061DC00DDE901892160616841F07D5161602968C8
:1061EC0029B1002100BF013128688142FAD3B2EBFA
:1061FC00080216D0C14443444FEA194102914FEAB8
:10620C00192101915FFA89F1039133E7DAF8001053
:10621C002160616841F07D51616029680029E0D1FD
:10622C0028E707B0BDE8F08F704700BFB4450020E9
:10623C000C150020B845002000C0004200150020BD
:10624C0004150020704500202DE9F04F89B0019213
:10625C00002A00F01081020B8146030D8B4606923A
:10626C00020A8C4F4FEA104A049202098A4E03929A
:10627C0000F00F02DFF83482884C079305926368B4
:10628C00874A43F07D53019D11686360854B8D42B5
:10629C00186828BF0D46844B40F00120196840F463
:1062AC00800020EA010020F078502060396839B174
:1062BC004FF0000C00BF0CF1010C3B689C45F9D36E
:1062CC0040F0605140F068532160236000BF00BF74
:1062DC0000BF00BF216000BF00BF00BF00BF40F087
:1062EC00305140F038532160236000BF00BF00BF25
:1062FC0000BF216000BF00BF00BF00BF079B03F0C1
:10630C000F0140EA816141F000732160236000BFFE
:10631C0000BF00BF00BF216000BF00BF00BF00BFB7
:10632C000AF00F0140EA816141F0007321602360A3
:10633C0000BF00BF00BF00BF216000BF00BF00BF97
:10634C0000BF069B03F00F0140EA816141F000732E
:10635C002160236000BF00BF00BF00BF216000BFF1
:10636C0000BF00BF00BF049B03F00F0140EA816136
:10637C0041F000732160236000BF00BF00BF00BF6D
:10638C00216000BF00BF00BF00BF039B029003F061
:10639C000F01FBF713FE05990298FBF70FFE6168DE
:1063AC00029821F070516160316891B140F0007336
:1063BC004FF0000C236000BF00BF00BF00BF206087
:1063CC0000BF00BF00BF00BF0CF1010C326862457A
:1063DC00F0D8002D52D005EB0B0A40F000730BF1F6
:1063EC00FF3C0AF1FF3A236000BF00BF00BF00BFB3
:1063FC00A168206000BF00BF00BF00BF236000BFCA
:10640C0000BF00BF00BFA268206000BF00BF00BF7C
:10641C0000BF890EC2F3836242EA01120CF8012F0D
:10642C00D445E0D11F4B19682160616841F07D5162
:10643C006160D8F8001031B1002100BF0131D8F8EB
:10644C0000309942F9D3019B5B1B019313D0A944F3
:10645C00AB444FEA19534FEA194A07934FEA1933E1
:10646C0006934FEA192304934FEA1913039309F087
:10647C000F03059303E709B0BDE8F08F094B1968CA
:10648C002160616841F07D516160D8F800100029ED
:10649C00D2D1F4E6B44500200815002000C000421B
:1064AC00001500207045002004150020B845002080
:1064BC00002A00F03381030B84462DE9F04F85B0A0
:1064CC000C464FEA105816460393030A4FEA10493C
:1064DC00934D019303099349009300F00F039248E5
:1064EC000293924B5A68924F42F07D52D7F800E0DB
:1064FC005A602A68B6458F4F42F0012228BFB64633
:10650C003F6842F4800222EA070222F078521A60B5
:10651C000F683FB14FF0000A00BF0AF1010A0F6883
:10652C00BA45F9D342F0406A42F0606BC3F800A060
:10653C00C3F800B000BF00BF00BF00BFC3F800A08D
:10654C0000BF00BF00BF00BF42F0005A42F0085B22
:10655C00C3F800A0C3F800B000BF00BF00BF00BF6D
:10656C00C3F800A000BF00BF00BF00BF08F00F0AB7
:10657C0042EA8A6A4AF0007BC3F800A0C3F800B074
:10658C0000BF00BF00BF00BFC3F800A000BF00BF2A
:10659C0000BF00BF09F00F0A42EA8A6A4AF0007B8A
:1065AC00C3F800A0C3F800B000BF00BF00BF00BF1D
:1065BC00C3F800A000BF00BF00BF00BF039F07F0DF
:1065CC000F0A42EA8A6A4AF0007BC3F800A0C3F8BB
:1065DC0000B000BF00BF00BF00BFC3F800A000BFE9
:1065EC0000BF00BF00BF019F07F00F0A42EA8A6A92
:1065FC004AF0007BC3F800A0C3F800B000BF00BF96
:10660C0000BF00BFC3F800A000BF00BF00BF00BFA9
:10661C00009F07F00F0A42EA8A6A4AF0007BC3F82F
:10662C0000A0C3F800B000BF00BF00BF00BFC3F89C
:10663C0000A000BF00BF00BF00BF029F42EA876AF4
:10664C004AF0007BC3F800A0C3F800B000BF00BF45
:10665C0000BF00BFC3F800A000BF00BF00BF00BF59
:10666C00BEF1000F51D00EEB040A04F1FF39904635
:10667C000AF1FF3A19F8012F120948EA826242F036
:10668C00007B1A60C3F800B000BF00BF00BF00BFA2
:10669C001A6000BF00BF00BF00BF99F8002002F0D5
:1066AC000F0248EA826242F0007B1A60C3F800B025
:1066BC0000BF00BF00BF00BF1A6000BF00BF00BF1B
:1066CC0000BFD145D6D12A681A6002683AB14FF0A2
:1066DC00000800BF08F1010802689045F9D3B6EB39
:1066EC000E0618D0F44474444FEA1C324FEA1C587E
:1066FC0003924FEA1C224FEA1C4901924FEA1C12EA
:10670C0000920CF00F020292ECE62A681A60026802
:10671C00002ADCD1E6E605B0BDE8F08F704700BF7B
:10672C0070450020B4450020B845002000C0004250
:10673C000015002004150020002A00F0D780030D5E
:10674C002DE9F04F87B0914607468A460493030C17
:10675C00674A0393030B674D0293030A664E00933B
:10676C000309664C059300F00F030193644B6168B9
:10677C00186841F07D51634B4845616028BF48461D
:10678C0019688046106840F0012040F4800020EA2F
:10679C00010020F0785BC4F800B0296839B14FF0E3
:1067AC00000C00BF0CF1010C2B689C45F9D34BF08D
:1067BC0040614BF060632160236000BF00BF00BFED
:1067CC0000BF00BF216000BF00BF00BF00BF00BF03
:1067DC004BF000514BF008532160236000BF00BF09
:1067EC0000BF00BF00BF216000BF00BF00BF00BFE3
:1067FC0000BF049B584603F00F01FBF7F3FB039B10
:10680C00584603F00F01FBF7EDFB029B584603F0D3
:10681C000F01FBF7E7FB009B584603F00F01FBF75A
:10682C00E1FB059B584603F00F01FBF7DBFB0199DD
:10683C005846FBF7D7FB2E4AB8F1000F4DD008EBAA
:10684C000A0E0AF1FF3C0EF1FF3E1CF8013F1B093A
:10685C004BEA836343F000712360216000BF00BFEB
:10686C0000BF00BF00BF236000BF00BF00BF00BF60
:10687C0000BF9CF8003003F00F034BEA836343F036
:10688C0000712360216000BF00BF00BF00BF00BFCC
:10689C00236000BF00BF00BF00BF00BFF445D4D1D0
:1068AC0011682160316829B1002100BF01313368C2
:1068BC009942FAD3B9EB080915D04744C2443B0DB1
:1068CC0004933B0C03933B0B02933B0A00933B0951
:1068DC00059307F00F03019348E7116821603168B5
:1068EC000029E1D142E707B0BDE8F08F704700BF47
:1068FC0070450020B4450020B845002000C000427F
:10690C00001500200415002000BF00BF00BF00BF11
:10691C0000BF00BF00BF00BF704700BF38B540EAE2
:10692C008164084D44F000732C602B6000BF00BFE5
:10693C0000BFFFF7E9FF2C6000BF00BF00BFFFF7EF
:10694C00E3FF38BD00C0004238B540EA8164074D12
:10695C0044F000732C602B6000BF00BFFFF7D4FF26
:10696C002C6000BF00BFFFF7CFFF38BD00C0004256
:10697C002DE9F04F89B00092002A00F00D81030D33
:10698C0089460746DFF838A20793030C874906931C
:10699C00030B874D0593030A864E03930309864C1C
:1069AC00029300F00F0304936368844A43F07D5311
:1069BC0012686360009B934228BF13460A6898468E
:1069CC00DAF8003043F0012343F4800323EA020396
:1069DC0023F0785BC4F800B02A682AB1002000BF0D
:1069EC0001302B689842FAD34BF040624BF0606058
:1069FC00226001922060FFF787FF019A2260FFF767
:106A0C0083FF4BF000524BF0085022600192206043
:106A1C00FFF77AFF019A2260FFF776FF079B03F0DE
:106A2C000F024BEA826242F00070226001922060F9
:106A3C00FFF76AFF019A2260FFF766FF069B03F0DF
:106A4C000F024BEA826242F00070226001922060D9
:106A5C00FFF75AFF019A2260FFF756FF059B03F0E0
:106A6C000F024BEA826242F00070226001922060B9
:106A7C00FFF74AFF019A2260FFF746FF039B03F0E2
:106A8C000F024BEA826242F0007022600192206099
:106A9C00FFF73AFF019A2260FFF736FF029B03F0E3
:106AAC000F024BEA826242F0007022600192206079
:106ABC00FFF72AFF019A2260FFF726FF049B4BEA9F
:106ACC00836242F00070226001922060FFF71CFF8D
:106ADC00019A2260FFF718FF3449B8F1000F5ED01D
:106AEC0008EB090C09F1FF300CF1FF3C10F8013FE9
:106AFC001B094BEA836343F000722360226000BFE2
:106B0C0000BF00BF00BF00BF00BF00BF00BF2360BD
:106B1C0000BF00BF00BF00BF00BF00BF00BF00BF71
:106B2C00037803F00F034BEA836343F00072236096
:106B3C00226000BF00BF00BF00BF00BF00BF00BF8E
:106B4C0000BF236000BF00BF00BF00BF00BF00BF7D
:106B5C0000BF00BF6045C9D1DAF80030236033684C
:106B6C002BB1002200BF013233689A42FAD3009B4A
:106B7C00B3EB080300930FD04744C1443B0D07937C
:106B8C003B0C06933B0B05933B0A03933B09029387
:106B9C0007F00F03049307E709B0BDE8F08FDAF8AC
:106BAC00003023603368002BDBD1FDE60415002098
:106BBC00B4450020B845002000C00042001500205C
:106BCC0070450020002A00F04781030D2DE9F04F9D
:106BDC008BB08146DFF898B20993030C9F4F089352
:106BEC00030B9F4E0793030ADFF888820593030972
:106BFC009C4C049300F00F030192069363689A4A2D
:106C0C0043F07D5310686360019BDBF800508342B6
:106C1C0045F0012528BF034645F480059A46934B61
:106C2C001B6825EA030525F0785525603B682BB1D8
:106C3C00002000BF01303B689842FAD345F0605306
:106C4C0045F068500391236002932060FFF75CFECF
:106C5C00029B2360FFF758FE45F0305345F0385047
:106C6C00236002932060FFF74FFE029B2360FFF727
:106C7C004BFE099B03F00F0345EA836343F000705E
:106C8C00236002932060FFF73FFE029B2360FFF717
:106C9C003BFE089B03F00F0345EA836343F000704F
:106CAC00236002932060FFF72FFE029B2360FFF707
:106CBC002BFE079B03F00F0345EA836343F0007040
:106CCC00236002932060FFF71FFE029B2360FFF7F7
:106CDC001BFE059B03F00F0345EA836343F0007032
:106CEC00236002932060FFF70FFE029B2360FFF7E7
:106CFC000BFE049B03F00F0345EA836343F0007023
:106D0C00236002932060FFF7FFFD029B2360FFF7D7
:106D1C00FBFD069B45EA836343F0007023600293FE
:106D2C002060FFF7F1FD029B2360FFF7EDFD636828
:106D3C00039923F0705363603368C3B145F000735B
:106D4C000020236000BF00BF00BF00BF00BF00BF1A
:106D5C0000BF00BF256000BF00BF00BF00BF00BF69
:106D6C0000BF00BF00BF013032688242E9D8BAF1DF
:106D7C00000F62D00AEB010E45F00072481E0EF1B6
:106D8C00FF3E226000BF00BF00BF00BF00BF00BFBE
:106D9C0000BF00BFD4F808C0256000BF00BF00BF13
:106DAC0000BF00BF00BF00BF00BF226000BF00BF1C
:106DBC0000BF00BF00BF00BF00BF00BFA3682560BD
:106DCC0000BF00BF00BF00BF00BF00BF00BF00BFBF
:106DDC004FEA9C6CC3F3836343EA0C1300F8013F46
:106DEC007045CED1DBF800302360636843F07D53EF
:106DFC006360D8F8003033B1002000BF0130D8F800
:106E0C0000309842F9D3019BB3EB0A03019320D0D5
:106E1C00D14451444FEA195309934FEA194308934B
:106E2C004FEA193307934FEA192305934FEA1913C5
:106E3C00049309F00F030693E0E6DBF800302360BF
:106E4C00636843F07D536360D8F80030002BD3D1D6
:106E5C00D4E60BB0BDE8F08F704700BFB4450020FE
:106E6C000815002000C00042001500200415002069
:106E7C0070450020B8450020F8B507460E4607249B
:106E8C00164D46FA04F39B0603F080633B4343F034
:106E9C0000722B602A6000BF00BF00BF00BF00BFA4
:106EAC0000BF00BF00BF00BF00BF00BF00BF00BFDE
:106EBC0000BF00BF00BF00BF00BF2B6000BF00BF02
:106ECC0000BF00BF00BF00BF00BF00BF00BF00BFBE
:106EDC00FFF71AFD013CD4D2F8BD00BF00C0004240
:106EEC002DE9F04F85B0CDE90021002A6ED0C3B258
:106EFC0083463B4F040C060ADFF8F880DFF8F8A055
:106F0C000393DAF80430374A43F07D53364D126858
:106F1C00CAF80430009B934228BF1346334A994663
:106F2C00334B12681B681D4325EA020525F0785582
:106F3C0045F04055CAF800503A683AB1002300BFFA
:106F4C0001333A689342FAD3294B1B680221284635
:106F5C000293FFF791FFE1B22846FFF78DFF284619
:106F6C00F1B2FFF789FF03992846FFF785FF029BD3
:106F7C00B9F1000F2DD0019A029309EB0204561EB1
:106F8C00013C16F8011F2846FFF776FFA642F8D100
:106F9C00029BCAF80030D8F8003033B1002300BF90
:106FAC000133D8F800209342F9D3009BB3EB0903CB
:106FBC0000930BD0019BCB444B444FEA1B444FEA4C
:106FCC001B2601935FFA8BF303939AE705B0BDE898
:106FDC00F08FCAF80030D8F80030002BDED190E7E3
:106FEC00B4450020001500200001400104150020CC
:106FFC0070450020B845002000C000422DE9F04F3C
:10700C0085B00092002A00F0A5800B46584A010C6E
:10701C00584F4FEA102A584E584C81465FFA80FB65
:10702C0001916168564841F07D51564D0068616090
:10703C000099814228BF0146884611680D43524988
:10704C00096825EA010525F0785545F04050206087
:10705C00396839B14FF0000C00BF0CF1010C3968E4
:10706C008C45F9D3032103930290FFF705FF9DF89C
:10707C0004100298FFF700FF02985FFA8AF1FFF7FD
:10708C00FBFE59460298FFF7F7FE6168029821F063
:10709C000061374A039B6160B8F1000F5DD008EBCB
:1070AC00030B45F0485503F1FF3A0BF1FF3B4FF052
:1070BC00080C4FF0000E256000BF00BF00BF00BFE2
:1070CC0000BF00BF00BF00BF00BF00BF00BF00BFBC
:1070DC0000BF00BF00BF00BF00BF00BFA1682060A1
:1070EC00C1F3C06141EA4E0E00BF00BF00BF00BF3C
:1070FC0000BF00BF00BF00BF00BF00BF00BF00BF8C
:10710C0000BF00BF00BF00BF00BF00BFBCF1010C3F
:10711C00D1D10AF801EFDA45C9D111682160616853
:10712C0041F07D516160316829B1002100BF01310E
:10713C0030688142FAD30099B1EB0801009109D073
:10714C00C14443444FEA19414FEA192A5FFA89FBBB
:10715C00019166E705B0BDE8F08F116821606168A8
:10716C0041F07D51616031680029DED159E700BFE3
:10717C0070450020B4450020B845002000C00042F6
:10718C00001500200001400104150020002A00F029
:10719C00F8800B46010C2DE9F04F87B08146DFF8E3
:1071AC00FCA10291010A774F0191C1B2764E774D45
:1071BC00774C009177486168006841F07D519042AE
:1071CC00616028BF1046DAF80010804641F00121BA
:1071DC00714841F48001006821EA000C2CF0785BC6
:1071EC004BF040502060396839B14FF0000C00BFB3
:1071FC000CF1010C39688C45F9D30B210390CDE9C6
:10720C000432FFF739FE9DF808100398FFF734FE9F
:10721C009DF804100398FFF72FFE00990398FFF7D1
:10722C002BFE6168059A21F0006161603168DDE92F
:10723C000303002930D04BF048514FF0000C9E4610
:10724C00216000BF00BF00BF00BF00BF00BF00BF78
:10725C0000BF00BF00BF00BF00BF00BF00BF00BF2A
:10726C0000BF00BF00BF206000BF00BF00BF00BF59
:10727C0000BF00BF00BF00BF00BF00BF00BF00BF0A
:10728C0000BF00BF00BF00BF00BF00BF0CF1010C6E
:10729C0033686345D4D87346B8F1000F63D04BF014
:1072AC00485C194608EB030B03F1FF3E63468C4622
:1072BC000BF1FF3BCDE900894FF008084FF00009B6
:1072CC00236000BF00BF00BF00BF00BF00BF00BFF6
:1072DC0000BF00BF00BF00BF00BF00BF00BF00BFAA
:1072EC0000BF00BF00BFA1682060C1F3C06141EACC
:1072FC00490900BF00BF00BF00BF00BF00BF00BFF7
:10730C0000BF00BF00BF00BF00BF00BF00BF00BF79
:10731C0000BF00BF00BFB8F10108D1D10EF8019F2A
:10732C00DE45C9D1DAF800106346DDE90089216039
:10733C00616841F07D516160296829B1002100BF6D
:10734C00013128688142FAD3B2EB080216D0C1444D
:10735C0043444FEA194102914FEA192101915FFA16
:10736C0089F1009126E7DAF800102160616841F09C
:10737C007D51616029680029E0D11BE707B0BDE8A9
:10738C00F08F7047B44500200C150020B845002044
:10739C0000C000420015002004150020704500209C
:1073AC002DE9F04F89B00092002A00F02181030DE5
:1073BC0089460746DFF860A20793030C91490693B0
:1073CC00030B914D0593030A904E03930309904CC4
:1073DC00029300F00F03049363688E4A43F07D53CD
:1073EC0012686360009B934228BF13460A68984654
:1073FC00DAF8003043F0012343F4800323EA02035C
:10740C0023F0785BC4F800B02A682AB1002000BFD2
:10741C0001302B689842FAD34BF040624BF060601D
:10742C0022600192206000BFFFF76EFA019A226081
:10743C0000BFFFF769FA4BF000524BF00850226086
:10744C000192206000BFFFF75FFA019A226000BF33
:10745C00FFF75AFA079B03F00F024BEA826242F0E5
:10746C00007022600192206000BFFFF74DFA019A74
:10747C00226000BFFFF748FA069B03F00F024BEAAD
:10748C00826242F0007022600192206000BFFFF720
:10749C003BFA019A226000BFFFF736FA059B03F016
:1074AC000F024BEA826242F000702260019220606F
:1074BC0000BFFFF729FA019A226000BFFFF724FAF8
:1074CC00039B03F00F024BEA826242F000702260D1
:1074DC000192206000BFFFF717FA019A226000BFEB
:1074EC00FFF712FA029B03F00F024BEA826242F0A2
:1074FC00007022600192206000BFFFF705FA019A2C
:10750C00226000BFFFF700FA049B4BEA836242F053
:10751C00007022600192206000BFFFF7F5F9019A1C
:10752C00226000BFFFF7F0F93649B8F1000F62D0C6
:10753C0008EB090C09F1FF300CF1FF3C10F8013F8E
:10754C001B094BEA836343F000722360226000BF87
:10755C0000BF00BF00BF00BF00BF00BF00BF00BF27
:10756C00236000BF00BF00BF00BF00BF00BF00BF53
:10757C0000BF00BF037803F00F034BEA836343F0B3
:10758C0000722360226000BF00BF00BF00BF00BFBD
:10759C0000BF00BF00BF00BF236000BF00BF00BF23
:1075AC0000BF00BF00BF00BF00BF00BF6045C5D11A
:1075BC00DAF80030236033682BB1002200BF0132AF
:1075CC0033689A42FAD3009BB3EB080300930FD0B5
:1075DC004744C1443B0D07933B0C06933B0B05936F
:1075EC003B0A03933B09029307F00F030493F3E662
:1075FC0009B0BDE8F08FDAF8003023603368002B57
:10760C00DBD1E9E604150020B4450020B845002084
:10761C0000C000420015002070450020002A00F038
:10762C006C81030D2DE9F04F8BB08146DFF870B201
:10763C000993030C954F0893030B954E0793030A7C
:10764C00DFF8608205930309924C049300F00F035A
:10765C00019206936368904A43F07D53106863600F
:10766C00019BDBF80050834245F0012528BF0346FF
:10767C0045F480059A46894B1B6825EA030525F0DD
:10768C00785525603B682BB1002000BF01303B686A
:10769C009842FAD345F0605345F06850039123604B
:1076AC000293206000BFFFF72FF9029B236000BFFD
:1076BC00FFF72AF945F0305345F038502360029318
:1076CC00206000BFFFF720F9029B236000BFFFF78B
:1076DC001BF9099B03F00F0345EA836343F0007029
:1076EC0023600293206000BFFFF70EF9029B23601A
:1076FC0000BFFFF709F9089B03F00F0345EA83630A
:10770C0043F0007023600293206000BFFFF7FCF889
:10771C00029B236000BFFFF7F7F8079B03F00F03F2
:10772C0045EA836343F0007023600293206000BF3E
:10773C00FFF7EAF8029B236000BFFFF7E5F8059B13
:10774C0003F00F0345EA836343F000702360029358
:10775C00206000BFFFF7D8F8029B236000BFFFF743
:10776C00D3F8049B03F00F0345EA836343F00070E6
:10777C0023600293206000BFFFF7C6F8029B2360D2
:10778C0000BFFFF7C1F8069B45EA836343F0007026
:10779C0023600293206000BFFFF7B6F8029B2360C2
:1077AC0000BFFFF7B1F86368039923F0705363606F
:1077BC003368D3B145F000730020236000BF00BFD5
:1077CC0000BF00BF00BF00BF00BF00BF00BF2560EF
:1077DC0000BF00BF00BF00BF00BF00BF00BF00BFA5
:1077EC0000BF013032688242E7D8BAF1000F75D081
:1077FC000AEB010E45F00072481E0EF1FF3E2260AE
:10780C0000BF00BF00BF00BF00BF00BF00BF00BF74
:10781C0000BFD4F808C0256000BF00BF00BF00BF88
:10782C0000BF00BF00BF00BF00BF226000BF00BF91
:10783C0000BF00BF00BF00BF00BF00BF00BFA368F8
:10784C00256000BF00BF00BF00BF00BF00BF00BF6E
:10785C0000BF00BF4FEA9C6CC3F3836343EA0C1375
:10786C0000F8013F7045CAD1DBF800302360636833
:10787C0043F07D536360D8F80030ABB1002000BFFB
:10788C000130D8F800309842F9D30DE0B44500200F
:10789C000815002000C0004200150020041500202F
:1078AC0070450020B8450020019BB3EB0A030193FF
:1078BC0020D0D14451444FEA195309934FEA19434C
:1078CC0008934FEA193307934FEA192305934FEAAC
:1078DC001913049309F00F030693BBE6DBF8003091
:1078EC002360636843F07D536360D8F80030002B4D
:1078FC00C4D1AFE60BB0BDE8F08F7047F8B50746C2
:10790C000E460724184D46FA04F39B0603F08063D9
:10791C003B4343F000722B602A6000BF00BF00BFE6
:10792C0000BF00BF00BF00BF00BF00BF00BF00BF53
:10793C0000BF00BF00BF00BF00BF00BF00BF00BF43
:10794C0000BF2B6000BF00BF00BF00BF00BF00BF67
:10795C0000BF00BF00BF00BF00BF00BFFEF7D4FFD9
:10796C00013CD0D2F8BD00BF00C000422DE9F04F61
:10797C0085B0CDE90021002A6ED0C3B283463B4FBF
:10798C00040C060ADFF8F880DFF8F8A00393DAF8A5
:10799C000430374A43F07D53364D1268CAF8043030
:1079AC00009B934228BF1346334A9946334B1268C7
:1079BC001B681D4325EA020525F0785545F0405516
:1079CC00CAF800503A683AB1002300BF01333A6854
:1079DC009342FAD3294B1B68022128460293FFF7E6
:1079EC008DFFE1B22846FFF789FF2846F1B2FFF779
:1079FC0085FF03992846FFF781FF029BB9F1000F21
:107A0C002DD0019A029309EB0204561E013C16F884
:107A1C00011F2846FFF772FFA642F8D1029BCAF855
:107A2C000030D8F8003033B1002300BF0133D8F850
:107A3C0000209342F9D3009BB3EB090300930BD0C6
:107A4C00019BCB444B444FEA1B444FEA1B2601934A
:107A5C005FFA8BF303939AE705B0BDE8F08FCAF891
:107A6C000030D8F80030002BDED190E7B445002070
:107A7C000015002000014001041500207045002075
:107A8C00B845002000C000422DE9F04F85B00092AF
:107A9C00002A00F0A9800B465A4A010C5A4F4FEAB3
:107AAC00102A5A4E5A4C81465FFA80FB019161684C
:107ABC00584841F07D51584D0068616000998142F1
:107ACC0028BF0146884611680D435449096825EAC8
:107ADC00010525F0785545F040502060396839B1E2
:107AEC004FF0000C00BF0CF1010C39688C45F9D338
:107AFC00032103930290FFF701FF9DF804100298F5
:107B0C00FFF7FCFE02985FFA8AF1FFF7F7FE594681
:107B1C000298FFF7F3FE6168029821F00061394A80
:107B2C00039B6160B8F1000F61D008EB030B45F0CB
:107B3C00485503F1FF3A0BF1FF3B4FF0080C4FF0A7
:107B4C00000E256000BF00BF00BF00BF00BF00BF1C
:107B5C0000BF00BF00BF00BF00BF00BF00BF00BF21
:107B6C0000BF00BF00BF00BF00BF00BFA168206006
:107B7C00C1F3C06141EA4E0E00BF00BF00BF00BFA1
:107B8C0000BF00BF00BF00BF00BF00BF00BF00BFF1
:107B9C0000BF00BF00BF00BF00BF00BF00BF00BFE1
:107BAC00BCF1010CCDD10AF801EFDA45C5D1116851
:107BBC002160616841F07D516160316829B100211B
:107BCC0000BF013130688142FAD30099B1EB080152
:107BDC00009109D0C14443444FEA19414FEA192A94
:107BEC005FFA89FB019162E705B0BDE8F08F11687F
:107BFC002160616841F07D51616031680029DED1FE
:107C0C0055E700BF70450020B4450020B845002062
:107C1C0000C00042001500200001400104150020A6
:107C2C00002A00F000810B46010C2DE9F04F87B0C3
:107C3C008146DFF80CA20291010A7B4F0191C1B27F
:107C4C007A4E7B4D7B4C00917B486168006841F01B
:107C5C007D519042616028BF1046DAF800108046D2
:107C6C0041F00121754841F48001006821EA0001CE
:107C7C0021F0785B4BF040502060396839B14FF0FF
:107C8C00000C00BF0CF1010C39688C45F9D30B21A9
:107C9C000390CDE90432FFF731FE9DF808100398EC
:107CAC00FFF72CFE9DF804100398FFF727FE0099B0
:107CBC000398FFF723FE6168059A21F0006161606B
:107CCC003168DDE90303002934D04BF048514FF003
:107CDC00000C9E46216000BF00BF00BF00BF00BF6C
:107CEC0000BF00BF00BF00BF00BF00BF00BF00BF90
:107CFC0000BF00BF00BF00BF00BF00BF00BF2060BF
:107D0C0000BF00BF00BF00BF00BF00BF00BF00BF6F
:107D1C0000BF00BF00BF00BF00BF00BF00BF00BF5F
:107D2C0000BF00BF00BF00BF0CF1010C33686345FE
:107D3C00D0D87346B8F1000F67D04BF0485C1946A9
:107D4C0008EB030B03F1FF3E63468C460BF1FF3B44
:107D5C00CDE900894FF008084FF00009236000BFFF
:107D6C0000BF00BF00BF00BF00BF00BF00BF00BF0F
:107D7C0000BF00BF00BF00BF00BF00BF00BF00BFFF
:107D8C0000BF00BF00BFA1682060C1F3C06141EA21
:107D9C00490900BF00BF00BF00BF00BF00BF00BF4C
:107DAC0000BF00BF00BF00BF00BF00BF00BF00BFCF
:107DBC0000BF00BF00BF00BF00BFB8F10108CDD1AC
:107DCC000EF8019FDE45C5D1DAF800106346DDE9F7
:107DDC0000892160616841F07D516160296829B199
:107DEC00002100BF013128688142FAD3B2EB0802AE
:107DFC0016D0C14443444FEA194102914FEA19216C
:107E0C0001915FFA89F100911EE7DAF80010216008
:107E1C00616841F07D51616029680029E0D113E768
:107E2C0007B0BDE8F08F7047B44500200C1500205A
:107E3C00B845002000C000420015002004150020A9
:107E4C00704500202DE9F04180460F4607251A4E5B
:107E5C0047FA05F4A40604F0806444EA080444F0EC
:107E6C0000733460336000BF00BF00BF00BF00BFB1
:107E7C0000BF00BF00BF00BF00BF00BF00BF00BFFE
:107E8C0000BF00BF00BFFEF73FFD346000BF00BF66
:107E9C0000BF00BF00BF00BF00BF00BF00BF00BFDE
:107EAC0000BF00BF00BF00BF00BF00BFFEF72CFD2E
:107EBC00013DCDD2BDE8F08100C000422DE9F04F6C
:107ECC0085B0CDE90021002A6ED0C3B283463B4F6A
:107EDC00040C060ADFF8F880DFF8F8A00393DAF850
:107EEC000430374A43F07D53364D1268CAF80430DB
:107EFC00009B934228BF1346334A9946334B126872
:107F0C001B681D4325EA020525F0785545F04055C0
:107F1C00CAF800503A683AB1002300BF01333A68FE
:107F2C009342FAD3294B1B68022128460293FFF790
:107F3C0089FFE1B22846FFF785FF2846F1B2FFF72B
:107F4C0081FF03992846FFF77DFF029BB9F1000FD3
:107F5C002DD0019A029309EB0204561E013C16F82F
:107F6C00011F2846FFF76EFFA642F8D1029BCAF804
:107F7C000030D8F8003033B1002300BF0133D8F8FB
:107F8C0000209342F9D3009BB3EB090300930BD071
:107F9C00019BCB444B444FEA1B444FEA1B260193F5
:107FAC005FFA8BF303939AE705B0BDE8F08FCAF83C
:107FBC000030D8F80030002BDED190E7B44500201B
:107FCC000015002000014001041500207045002020
:107FDC00B845002000C000422DE9F04F85B000925A
:107FEC00002A00F0B1800B465E4A010C5E4F4FEA4E
:107FFC00102A5E4E5E4C81465FFA80FB01916168EF
:10800C005C4841F07D515C4D006861600099814293
:10801C0028BF0146884611680D435849096825EA6E
:10802C00010525F0785545F040502060396839B18C
:10803C004FF0000C00BF0CF1010C39688C45F9D3E2
:10804C00032103930290FFF7FDFE9DF804100298A4
:10805C00FFF7F8FE02985FFA8AF1FFF7F3FE594634
:10806C000298FFF7EFFE6168029821F000613D4A2B
:10807C00039B6160B8F1000F69D008EB030B45F06E
:10808C00485503F1FF3A0BF1FF3B4FF0080C4FF052
:10809C00000E256000BF00BF00BF00BF00BF00BFC7
:1080AC0000BF00BF00BF00BF00BF00BF00BF00BFCC
:1080BC0000BF00BF00BF00BF00BF00BF00BF00BFBC
:1080CC0000BF00BFA1682060C1F3C06141EA4E0E41
:1080DC0000BF00BF00BF00BF00BF00BF00BF00BF9C
:1080EC0000BF00BF00BF00BF00BF00BF00BF00BF8C
:1080FC0000BF00BF00BF00BF00BF00BF00BF00BF7C
:10810C00BCF1010CC5D10AF801EFDA45BDD11168FB
:10811C002160616841F07D516160316829B10021B5
:10812C0000BF013130688142FAD30099B1EB0801EC
:10813C00009109D0C14443444FEA19414FEA192A2E
:10814C005FFA89FB01915AE705B0BDE8F08F116821
:10815C002160616841F07D51616031680029DED198
:10816C004DE700BF70450020B4450020B845002005
:10817C0000C0004200150020000140010415002041
:10818C00002A00F010810B46010C2DE9F04F87B04E
:10819C008146DFF82CA20191010A834F0291C1B2F2
:1081AC00824E834D834C009183486168006841F096
:1081BC007D519042616028BF1046DAF8001080466D
:1081CC0041F001217D4841F48001006821EA000C56
:1081DC002CF0785B4BF040502060396839B14FF08F
:1081EC00000C00BF0CF1010C39688C45F9D30B2144
:1081FC000390CDE90432FFF725FE9DF80410039897
:10820C00FFF720FE9DF808100398FFF71BFE00995E
:10821C000398FFF717FE6168059A21F00061616011
:10822C003168DDE9030300293CD04BF048514FF095
:10823C00000C9E46216000BF00BF00BF00BF00BF06
:10824C0000BF00BF00BF00BF00BF00BF00BF00BF2A
:10825C0000BF00BF00BF00BF00BF00BF00BF00BF1A
:10826C0000BF00BF00BF206000BF00BF00BF00BF49
:10827C0000BF00BF00BF00BF00BF00BF00BF00BFFA
:10828C0000BF00BF00BF00BF00BF00BF00BF00BFEA
:10829C0000BF00BF00BF00BF0CF1010C3368634589
:1082AC00C8D87346B8F1000F6FD04BF0485C194634
:1082BC0008EB030B03F1FF3E63468C460BF1FF3BCF
:1082CC00CDE900894FF008084FF00009236000BF8A
:1082DC0000BF00BF00BF00BF00BF00BF00BF00BF9A
:1082EC0000BF00BF00BF00BF00BF00BF00BF00BF8A
:1082FC0000BF00BF00BF00BF00BF00BF00BFA16830
:10830C002060C1F3C06141EA490900BF00BF00BF52
:10831C0000BF00BF00BF00BF00BF00BF00BF00BF59
:10832C0000BF00BF00BF00BF00BF00BF00BF00BF49
:10833C0000BF00BF00BF00BF00BFB8F10108C5D12E
:10834C000EF8019FDE45BDD1DAF800106346DDE979
:10835C0000892160616841F07D516160296829B113
:10836C00002100BF013128688142FAD3B2EB080228
:10837C0016D0C14443444FEA194101914FEA1921E7
:10838C0002915FFA89F100910EE7DAF80010216092
:10839C00616841F07D51616029680029E0D103E7F3
:1083AC0007B0BDE8F08F7047B44500200C150020D5
:1083BC00B845002000C00042001500200415002024
:1083CC00704500202DE9F04F89B00092002A00F092
:1083DC001581030D81468B46904F0793030C904EED
:1083EC000693030BDFF84C820593030A8D4C039321
:1083FC000309029300F00F03049363688A4A43F065
:10840C007D5311686360894B009A18688A42884BC7
:10841C0040F0012028BF0A46196840F4800020EA89
:10842C00010020F078552560396839B14FF0000C07
:10843C0000BF0CF1010C3B689C45F9D345F0605A28
:10844C0045F068530192C4F800A0236000BF00BF40
:10845C0000BFFEF759FAC4F800A000BF00BF00BF70
:10846C00FEF752FA45F0305A45F03853C4F800A0E4
:10847C00236000BF00BF00BFFEF746FAC4F800A09F
:10848C0000BF00BF00BFFEF73FFA079B284603F072
:10849C000F01FEF743FA069B284603F00F01FEF787
:1084AC003DFA059B284603F00F01FEF737FA039BB4
:1084BC00284603F00F01FEF731FA029B284603F021
:1084CC000F01FEF72BFA04992846FEF727FA61688C
:1084DC00019A21F070516160316801B345F000736D
:1084EC004FF0000C236000BF00BF00BF00BF00BFF7
:1084FC0000BF00BF00BF00BF00BF00BF256000BFB2
:10850C0000BF00BF00BF00BF00BF00BF00BF00BF67
:10851C0000BF00BF0CF1010C31686145E2D8002AA4
:10852C006FD002EB0B0A45F000730BF1FF3C0AF124
:10853C00FF3A236000BF00BF00BF00BF00BF00BFF9
:10854C0000BF00BF00BF00BF00BFA068256000BF18
:10855C0000BF00BF00BF00BF00BF00BF00BF00BF17
:10856C0000BF00BF236000BF00BF00BF00BF00BF43
:10857C0000BF00BF00BF00BF00BF00BFA1682560E7
:10858C0000BF00BF00BF00BF00BF00BF00BF00BFE7
:10859C0000BF00BF00BF800EC1F3836141EA001130
:1085AC000CF8011FD445C4D1204B196821606168B7
:1085BC0041F07D516160D8F8001031B1002100BF4D
:1085CC000131D8F800309942F9D3009B9B1A0093E3
:1085DC0014D0914493444FEA195307934FEA19432B
:1085EC0006934FEA193305934FEA192303934FEA85
:1085FC001913029309F00F030493FEE609B0BDE8CA
:10860C00F08F0A4B19682160616841F07D516160FF
:10861C00D8F800100029D1D1EFE600BFB4450020F6
:10862C000815002000C000420015002070450020F5
:10863C0004150020B84500202DE9F04F89B00092B8
:10864C00002A00F00B81030D81468B468B4F07935C
:10865C00030C8B4E0693030BDFF838820593030A49
:10866C00884C03930309029300F00F03049363688F
:10867C00854A43F07D5311686360844B009A1868F7
:10868C008A42834B40F0012028BF0A46196840F407
:10869C00800020EA010020F078552560396839B156
:1086AC004FF0000C00BF0CF1010C3B689C45F9D35A
:1086BC0045F0605A45F068530192C4F800A023605D
:1086CC0000BF00BFFEF720F9C4F800A000BF00BF38
:1086DC00FEF71AF945F0305A45F03853C4F800A0AB
:1086EC00236000BF00BFFEF70FF9C4F800A000BF65
:1086FC0000BFFEF709F9079B284603F00F01FEF7B0
:10870C0023F9069B284603F00F01FEF71DF9059B84
:10871C00284603F00F01FEF717F9039B284603F0D8
:10872C000F01FEF711F9029B284603F00F01FEF72B
:10873C000BF904992846FEF707F96168019A21F0B4
:10874C00705161603168F1B145F000734FF0000C6D
:10875C00236000BF00BF00BF00BF00BF00BF00BF51
:10876C0000BF00BF00BF256000BF00BF00BF00BF3F
:10877C0000BF00BF00BF00BF00BF00BF0CF1010C69
:10878C0031686145E4D8002A6BD002EB0B0A45F046
:10879C0000730BF1FF3C0AF1FF3A236000BF00BFEE
:1087AC0000BF00BF00BF00BF00BF00BF00BF00BFC5
:1087BC00A068256000BF00BF00BF00BF00BF00BFA6
:1087CC0000BF00BF00BF00BF236000BF00BF00BFE1
:1087DC0000BF00BF00BF00BF00BF00BF00BFA1684B
:1087EC00256000BF00BF00BF00BF00BF00BF00BFBF
:1087FC0000BF00BF00BF800EC1F3836141EA0011CE
:10880C000CF8011FD445C8D1204B19682160616850
:10881C0041F07D516160D8F8001031B1002100BFEA
:10882C000131D8F800309942F9D3009B9B1A009380
:10883C0014D0914493444FEA195307934FEA1943C8
:10884C0006934FEA193305934FEA192303934FEA22
:10885C001913029309F00F03049308E709B0BDE85C
:10886C00F08F0A4B19682160616841F07D5161609D
:10887C00D8F800100029D1D1F9E600BFB44500208A
:10888C000815002000C00042001500207045002093
:10889C0004150020B8450020002A00F02381030DA8
:1088AC002DE9F04F89B0914607468A460393030C95
:1088BC008D4A0293030B8D4D0793030A8C4E05933F
:1088CC0003098C4C049300F00F0306938A4B6168E8
:1088DC00186841F07D51894B4845616028BF484676
:1088EC0019688046106840F0012040F4800020EAAE
:1088FC00010020F0785BC4F800B0296839B14FF062
:10890C00000C00BF0CF1010C2B689C45F9D34BF00B
:10891C0040614BF0606321600191236000BF00BF98
:10892C0000BFFDF7F1FF0199216000BF00BF00BF40
:10893C00FDF7EAFF4BF000514BF008532160019119
:10894C00236000BF00BF00BFFDF7DEFF019921606F
:10895C0000BF00BF00BFFDF7D7FF039B584603F0D5
:10896C000F01FDF7DBFF029B584603F00F01FDF7EB
:10897C00D5FF079B584603F00F01FDF7CFFF059B72
:10898C0003F00F014BEA816141F00073216001910A
:10899C00236000BF00BF00BFFDF7B6FF0199216047
:1089AC0000BF00BF00BFFDF7AFFF049B03F00F013A
:1089BC004BEA816141F0007321600191236000BF9B
:1089CC0000BF00BFFDF7A0FF0199216000BF00BFF1
:1089DC0000BFFDF799FF069B4BEA836141F00073E2
:1089EC0021600191236000BF00BF00BFFDF78CFF29
:1089FC000199216000BF00BF00BFFDF785FF3A4A17
:108A0C00B8F1000F65D008EB0A0E0AF1FF3C0EF12D
:108A1C00FF3E1CF8013F1B094BEA836343F00071D6
:108A2C002360216000BF00BF00BF00BF00BF00BFBC
:108A3C0000BF00BF00BF00BF00BF236000BF00BF6E
:108A4C0000BF00BF00BF00BF00BF00BF00BF00BF22
:108A5C0000BF9CF8003003F00F034BEA836343F034
:108A6C0000712360216000BF00BF00BF00BF00BFCA
:108A7C0000BF00BF00BF00BF00BF00BF236000BF2E
:108A8C0000BF00BF00BF00BF00BF00BF00BF00BFE2
:108A9C0000BF00BFF445BCD111682160316829B119
:108AAC00002100BF013133689942FAD3B9EB0809B0
:108ABC0015D04744C2443B0D03933B0C02933B0B34
:108ACC0007933B0A05933B09049307F00F030693A6
:108ADC00FCE61168216031680029E1D1F6E609B0A5
:108AEC00BDE8F08F704700BF70450020B4450020F2
:108AFC00B845002000C000420015002004150020DD
:108B0C00002A00F0F980030D2DE9F04F89B0914651
:108B1C0007468A460793030C784A0693030B784D55
:108B2C000593030A774E03930309774C029300F0E5
:108B3C000F030493754B6168186841F07D51744BB9
:108B4C004845616028BF484619688046106840F067
:108B5C00012040F4800020EA010020F0785BC4F88A
:108B6C0000B0296839B14FF0000C00BF0CF1010CBA
:108B7C002B689C45F9D34BF040614BF0606321604E
:108B8C000191236000BF00BFFDF7BEFE019921607B
:108B9C0000BF00BFFDF7B8FE4BF000514BF008537F
:108BAC0021600191236000BF00BFFDF7ADFE01996C
:108BBC00216000BF00BFFDF7A7FE079B584603F0DE
:108BCC000F01FDF7C1FE069B584603F00F01FDF7A0
:108BDC00BBFE059B584603F00F01FDF7B5FE039B4A
:108BEC00584603F00F01FDF7AFFE029B584603F009
:108BFC000F01FDF7A9FE049B4BEA836141F0007362
:108C0C0021600191236000BF00BFFDF77DFE01993B
:108C1C00216000BF00BFFDF777FE384AB8F1000FA6
:108C2C0061D008EB0A0E0AF1FF3C0EF1FF3E1CF876
:108C3C00013F1B094BEA836343F000712360216001
:108C4C0000BF00BF00BF00BF00BF00BF00BF00BF20
:108C5C0000BF00BF236000BF00BF00BF00BF00BF4C
:108C6C0000BF00BF00BF00BF00BF9CF8003003F086
:108C7C000F034BEA836343F000712360216000BF54
:108C8C0000BF00BF00BF00BF00BF00BF00BF00BFE0
:108C9C0000BF236000BF00BF00BF00BF00BF00BF0C
:108CAC0000BF00BF00BF00BFF445C0D111682160F8
:108CBC00316829B1002100BF013133689942FAD3E0
:108CCC00B9EB080915D04744C2443B0D07933B0C44
:108CDC0006933B0B05933B0A03933B09029307F066
:108CEC000F03049326E71168216031680029E1D154
:108CFC0020E709B0BDE8F08F704700BF7045002039
:108D0C00B4450020B845002000C0004200150020EA
:108D1C000415002008B500BF00BF00BF00BFFDF761
:108D2C00F3FD08BD2DE9F04F89B00092002A00F048
:108D3C003981030D89460746DFF890A20793030C8F
:108D4C009D490693030B9D4D0593030A9C4E03937B
:108D5C0003099C4C029300F00F03049363689A4A36
:108D6C0043F07D5312686360009B934228BF134607
:108D7C000A689846DAF8003043F0012343F4800384
:108D8C0023EA020323F0785BC4F800B02A682AB106
:108D9C00002000BF01302B689842FAD34BF04062A0
:108DAC004BF0606022600192206000BF00BF00BFEA
:108DBC0000BFFDF7A9FD019A226000BF00BF00BFF4
:108DCC0000BFFDF7A1FD4BF000524BF008502260A4
:108DDC000192206000BF00BF00BF00BFFDF794FDF3
:108DEC00019A226000BF00BF00BF00BFFDF78CFDE1
:108DFC00079B03F00F024BEA826242F00070226084
:108E0C0001922060FFF786FF019A2260FFF782FF34
:108E1C00069B03F00F024BEA826242F00070226064
:108E2C0001922060FFF776FF019A2260FFF772FF34
:108E3C00059B03F00F024BEA826242F00070226045
:108E4C0001922060FFF766FF019A2260FFF762FF34
:108E5C00039B03F00F024BEA826242F00070226027
:108E6C0001922060FFF756FF019A2260FFF752FF34
:108E7C00029B03F00F024BEA826242F00070226008
:108E8C0001922060FFF746FF019A226000BF00BFED
:108E9C0000BF00BFFDF738FD049B4BEA836242F034
:108EAC00007022600192206000BF00BF00BF00BFB5
:108EBC00FDF72AFD019A226000BF00BF00BF00BF72
:108ECC00FDF722FD3C49B8F1000F6ED008EB090C00
:108EDC0009F1FF300CF1FF3C10F8013F1B094BEA84
:108EEC00836343F000722360226000BF00BF00BFA9
:108EFC0000BF00BF00BF00BF00BF00BF00BF00BF6E
:108F0C0000BF236000BF00BF00BF00BF00BF00BF99
:108F1C0000BF00BF00BF00BF00BF00BF037803F05D
:108F2C000F034BEA836343F000722360226000BF9F
:108F3C0000BF00BF00BF00BF00BF00BF00BF00BF2D
:108F4C0000BF00BF00BF236000BF00BF00BF00BF59
:108F5C0000BF00BF00BF00BF00BF00BF00BF00BF0D
:108F6C006045B9D1DAF80030236033682BB10022A8
:108F7C0000BF013233689A42FAD3009BB3EB08036B
:108F8C0000930FD04744C1443B0D07933B0C069311
:108F9C003B0B05933B0A03933B09029307F00F032A
:108FAC000493DBE609B0BDE8F08FDAF800302360FB
:108FBC003368002BDBD1D1E604150020B44500202A
:108FCC00B845002000C0004200150020704500206C
:108FDC00002A00F07081030D2DE9F04F8BB0814613
:108FEC00DFF878B20993030C974F0893030B974E55
:108FFC000793030ADFF8688205930309944C0493E2
:10900C0000F00F03019206936368924A43F07D537C
:10901C0010686360019BDBF80050834245F001252A
:10902C0028BF034645F480059A468B4B1B6825EAFE
:10903C00030525F0785525603B682BB1002000BF57
:10904C0001303B689842FAD345F0605345F06850C4
:10905C000391236002932060FFF75CFE029B236068
:10906C00FFF758FE45F0305345F03850236002931B
:10907C002060FFF74FFE029B2360FFF74BFE099B1E
:10908C0003F00F0345EA836343F0007023600293FF
:10909C002060FFF73FFE029B2360FFF73BFE089B1F
:1090AC0003F00F0345EA836343F0007023600293DF
:1090BC002060FFF72FFE029B2360FFF72BFE079B20
:1090CC0003F00F0345EA836343F0007023600293BF
:1090DC002060FFF71FFE029B2360FFF71BFE059B22
:1090EC0003F00F0345EA836343F00070236002939F
:1090FC002060FFF70FFE029B2360FFF70BFE049B23
:10910C0003F00F0345EA836343F00070236002937E
:10911C002060FFF7FFFD029B2360FFF7FBFD069B22
:10912C0045EA836343F00070236002932060FFF7ED
:10913C00F1FD029B2360FFF7EDFD6368039923F0BB
:10914C0070536360336803B345F0007300202360F1
:10915C0000BF00BF00BF00BF00BF00BF00BF00BF0B
:10916C0000BF00BF00BF00BF256000BF00BF00BF35
:10917C0000BF00BF00BF00BF00BF00BF00BF00BFEB
:10918C0000BF013032688242E1D8BAF1000F00F022
:10919C0083800AEB010E45F00072481E0EF1FF3E73
:1091AC00226000BF00BF00BF00BF00BF00BF00BFF8
:1091BC0000BF00BF00BF00BF00BFD4F808C02560CF
:1091CC0000BF00BF00BF00BF00BF00BF00BF00BF9B
:1091DC0000BF00BF00BF00BF226000BF00BF00BFC8
:1091EC0000BF00BF00BF00BF00BF00BF00BF00BF7B
:1091FC0000BFA368256000BF00BF00BF00BF00BF59
:10920C0000BF00BF00BF00BF00BF00BF00BF4FEAE0
:10921C009C6CC3F3836343EA0C1300F8013F704565
:10922C00BED1DBF800302360636843F07D5363608C
:10923C00D8F80030B3B1002000BF0130D8F80030AE
:10924C009842F9D30EE000BFB44500200815002069
:10925C0000C00042001500200415002070450020BD
:10926C00B8450020019BB3EB0A03019320D0D144F5
:10927C0051444FEA195309934FEA194308934FEAA3
:10928C00193307934FEA192305934FEA19130493E3
:10929C0009F00F030693B7E6DBF800302360636830
:1092AC0043F07D536360D8F80030002BC3D1ABE69C
:1092BC000BB0BDE8F08F70472DE9F04F89B00092EC
:1092CC00002A00F03981030D89460746DFF890A289
:1092DC000793030C9D490693030B9D4D0593030ABD
:1092EC009C4E039303099C4C029300F00F030493D0
:1092FC0063689A4A43F07D5312686360009B934203
:10930C0028BF13460A689846DAF8003043F0012368
:10931C0043F4800323EA020323F0785BC4F800B023
:10932C002A682AB1002000BF01302B689842FAD37A
:10933C004BF040624BF0606022600192206000BFF5
:10934C0000BF00BF00BF00BFFDF7DEFA019A22602C
:10935C0000BF00BF00BF00BF00BFFDF7D5FA4BF048
:10936C0000524BF0085022600192206000BFFFF7C2
:10937C00D1FC019A226000BFFFF7CCFC079B03F0E5
:10938C000F024BEA826242F0007022600192206070
:10939C0000BFFFF7BFFC019A226000BFFFF7BAFCC9
:1093AC00069B03F00F024BEA826242F000702260CF
:1093BC000192206000BFFFF7ADFC019A226000BF54
:1093CC00FFF7A8FC059B03F00F024BEA826242F008
:1093DC00007022600192206000BFFFF79BFC019A95
:1093EC00226000BFFFF796FC039B03F00F024BEAD1
:1093FC00826242F0007022600192206000BFFFF791
:10940C0089FC019A226000BFFFF784FC029B03F0E9
:10941C000F024BEA826242F00070226001922060DF
:10942C0000BFFFF777FC019A226000BFFFF772FCC8
:10943C00049B4BEA836242F0007022600192206030
:10944C0000BFFFF767FC019A226000BFFFF762FCC8
:10945C003E49B8F1000F72D008EB090C09F1FF304E
:10946C000CF1FF3C10F8013F1B094BEA836343F0FE
:10947C0000722360226000BF00BF00BF00BF00BFAE
:10948C0000BF00BF00BF00BF00BF00BF00BF00BFD8
:10949C00236000BF00BF00BF00BF00BF00BF00BF04
:1094AC0000BF00BF00BF00BF00BF00BF037803F0C8
:1094BC000F034BEA836343F000722360226000BF0A
:1094CC0000BF00BF00BF00BF00BF00BF00BF00BF98
:1094DC0000BF00BF00BF00BF236000BF00BF00BFC4
:1094EC0000BF00BF00BF00BF00BF00BF00BF00BF78
:1094FC0000BF00BF6045B5D1DAF800302360336897
:10950C002BB1002200BF013233689A42FAD3009B80
:10951C00B3EB080300930FD04744C1443B0D0793B2
:10952C003B0C06933B0B05933B0A03933B090293BD
:10953C0007F00F030493DBE609B0BDE8F08FDAF80F
:10954C00003023603368002BDBD1D1E604150020FA
:10955C00B4450020B845002000C000420015002092
:10956C0070450020002A00F08681030D2DE9F04F94
:10957C008BB08146DFF8E4B10993030C724F08936A
:10958C00030B724E0793030ADFF8D481059303098A
:10959C006F4C049300F00F030192069363686D4ABD
:1095AC0043F07D5310686360019BDBF800508342ED
:1095BC0045F0012528BF034645F480059A46664BC5
:1095CC001B6825EA030525F0785525603B682BB10F
:1095DC00002000BF01303B689842FAD345F060533D
:1095EC0045F06850039123600293206000BFFFF7A1
:1095FC0091FB029B236000BFFFF78CFB45F03053BF
:10960C0045F0385023600293206000BFFFF782FBC7
:10961C00029B236000BFFFF77DFB099B03F00F0348
:10962C0045EA836343F0007023600293206000BF1F
:10963C00FFF770FB029B236000BFFFF76BFB089BDF
:10964C0003F00F0345EA836343F000702360029339
:10965C00206000BFFFF75EFB029B236000BFFFF79B
:10966C0059FB079B03F00F0345EA836343F000703B
:10967C0023600293206000BFFFF74CFB029B23602A
:10968C0000BFFFF747FB059B03F00F0345EA83631D
:10969C0043F0007023600293206000BFFFF73AFB99
:1096AC00029B236000BFFFF735FB049B03F00F0305
:1096BC0045EA836343F0007023600293206000BF8F
:1096CC00FFF728FB029B236000BFFFF723FB069BE1
:1096DC0045EA836343F0007023600293206000BF6F
:1096EC00FFF718FB029B236000BFFFF713FB6368B7
:1096FC00039923F0705363603368002B32D045F02C
:10970C0000730020236000BF00BF00BF00BF00BF7C
:10971C0000BF00BF00BF00BF00BF00BF00BF00BF45
:10972C00256000BF00BF00BF00BF00BF00BF00BF6F
:10973C0000BF00BF00BF00BF00BF00BF01303268D8
:10974C008242DFD80EE000BFB4450020081500208F
:10975C0000C00042001500200415002070450020B8
:10976C00B8450020BAF1000F76D00AEB010E45F097
:10977C000072481E0EF1FF3E226000BF00BF00BF0A
:10978C0000BF00BF00BF00BF00BF00BF00BF00BFD5
:10979C0000BF00BFD4F808C0256000BF00BF00BFE9
:1097AC0000BF00BF00BF00BF00BF00BF00BF00BFB5
:1097BC0000BF00BF226000BF00BF00BF00BF00BFE2
:1097CC0000BF00BF00BF00BF00BF00BF00BF00BF95
:1097DC00A368256000BF00BF00BF00BF00BF00BF73
:1097EC0000BF00BF00BF00BF00BF00BF00BF4FEAFB
:1097FC009C6CC3F3836343EA0C1300F8013F704580
:10980C00BAD1DBF800302360636843F07D536360AA
:10981C00D8F8003033B1002000BF0130D8F8003048
:10982C009842F9D3019BB3EB0A03019320D0D144A6
:10983C0051444FEA195309934FEA194308934FEADD
:10984C00193307934FEA192305934FEA191304931D
:10985C0009F00F030693A1E6DBF800302360636880
:10986C0043F07D536360D8F80030002BD3D195E6DC
:10987C000BB0BDE8F08F704738B540EA81640B4DF2
:10988C0044F000732C602B6000BF00BF00BF00BF12
:10989C0000BF00BFFFF73EFA2C6000BF00BF00BF47
:1098AC0000BF00BF00BFFFF735FA38BD00C0004253
:1098BC002DE9F04F89B0CDE90121002A00F0238178
:1098CC00030C8046974E4FEA105B0793030B964DA3
:1098DC000693030A954F04930309954C039300F0E8
:1098EC000F0305936368934A43F07D5311686360DB
:1098FC00019B8B4228BF0B4699468F4B18688F4BA8
:10990C0040F001201B6840F4800020EA030020F0A6
:10991C00785AC4F800A033682BB1002100BF013184
:10992C0033689942FAD30E215046FFF7A5FF0B215D
:10993C005046FFF7A1FF0BF00F015046FFF79CFFBD
:10994C00079B504603F00F01FFF796FF069B50460E
:10995C0003F00F01FFF790FF049B504603F00F013B
:10996C00FFF78AFF039B504603F00F01FFF784FFBC
:10997C0005995046FFF780FF636823F070536360CE
:10998C002B68002B2ED000214AF00070534620602B
:10999C0000BF00BF00BF00BF00BF00BF00BF00BFC3
:1099AC0000BF00BF00BF00BF00BF00BF00BF00BFB3
:1099BC0000BF00BF236000BF00BF00BF00BF00BFDF
:1099CC0000BF00BF00BF00BF00BF00BF00BF00BF93
:1099DC0000BF00BF00BF00BF00BF01312A688A4230
:1099EC00D5D89A46B9F1000F00F09080029B5146F1
:1099FC004AF0007009EB030B03F1FF3C0BF1FF3B4A
:109A0C00206000BF00BF00BF00BF00BF00BF00BF91
:109A1C0000BF00BF00BF00BF00BF00BF00BF00BF42
:109A2C0000BF00BF00BFD4F808E0216000BF00BF3A
:109A3C0000BF00BF00BF00BF00BF00BF00BF00BF22
:109A4C0000BF00BF00BF00BF00BF00BF00BF00BF12
:109A5C00206000BF00BF00BF00BF00BF00BF00BF41
:109A6C0000BF00BF00BF00BF00BF00BF00BF00BFF2
:109A7C0000BF00BF00BFA368216000BF00BF00BFD4
:109A8C0000BF00BF00BF00BF00BF00BF00BF00BFD2
:109A9C0000BF00BF00BF00BF00BF00BF00BF4FEA48
:109AAC009E6EC3F3836343EA0E130CF8013FDC454F
:109ABC00A6D1214B1B682360636843F07D53636020
:109ACC003B682BB1002300BF013339688B42FAD3BA
:109ADC00019BB3EB0903019315D0029BC8444B4483
:109AEC004FEA185B02934FEA184307934FEA183377
:109AFC0006934FEA182304934FEA1813039308F0C4
:109B0C000F030593EEE609B0BDE8F08F0A4B1B6816
:109B1C002360636843F07D5363603B68002BD1D1B5
:109B2C00E0E600BFB445002008150020B845002031
:109B3C0000C00042001500207045002004150020D4
:109B4C002DE9F04F89B00092002A00F05481030DEA
:109B5C0089460746DFF870A20793030C95490693D4
:109B6C00030B954D0593030A944E03930309944CF0
:109B7C00029300F00F0304936368924A43F07D5301
:109B8C0012686360009B934228BF13460A6898468C
:109B9C00DAF8003043F0012343F4800323EA020394
:109BAC0023F0785BC4F800B02A682AB1002000BF0B
:109BBC0001302B689842FAD34BF040624BF0606056
:109BCC0022600192206000BF00BFFFF7A3F8019A4A
:109BDC00226000BF00BFFFF79DF84BF000524BF026
:109BEC00085022600192206000BF00BFFFF792F87E
:109BFC00019A226000BF00BFFFF78CF8079B03F0AF
:109C0C000F024BEA826242F00070226001922060E7
:109C1C0000BF00BFFFF77EF8019A226000BF00BFB3
:109C2C00FFF778F8069B03F00F024BEA826242F0D2
:109C3C00007022600192206000BF00BFFFF76AF83D
:109C4C00019A226000BF00BFFFF764F8059B03F088
:109C5C000F024BEA826242F0007022600192206097
:109C6C0000BF00BFFFF756F8019A226000BF00BF8B
:109C7C00FFF750F8039B03F00F024BEA826242F0AD
:109C8C00007022600192206000BF00BFFFF742F815
:109C9C00019A226000BF00BFFFF73CF8029B03F063
:109CAC000F024BEA826242F0007022600192206047
:109CBC0000BF00BFFFF72EF8019A226000BF00BF63
:109CCC00FFF728F8049B4BEA836242F00070226095
:109CDC000192206000BF00BFFFF71CF8019A2260C0
:109CEC0000BF00BFFFF716F83249B8F1000F00F0C3
:109CFC00858008EB090C09F1FF300CF1FF3C10F8E2
:109D0C00013F1B094BEA836343F00072236022601E
:109D1C0000BF00BF00BF00BF00BF00BF00BF00BF3F
:109D2C0000BF00BF00BF00BF00BF00BF236000BF6B
:109D3C0000BF00BF00BF00BF00BF00BF00BF00BF1F
:109D4C0000BF00BF00BF00BF00BF037803F00F03CC
:109D5C004BEA836343F000722360226000BF00BFB4
:109D6C0000BF00BF00BF00BF00BF00BF00BF00BFEF
:109D7C0000BF00BF00BF00BF236000BF00BF00BF1B
:109D8C0000BF00BF00BF00BF00BF00BF00BF00BFCF
:109D9C0000BF00BF00BF6045B1D1DAF800302360CE
:109DAC0033689BB1002200BF013233689A42FAD368
:109DBC000CE000BF04150020B4450020B84500207D
:109DCC0000C000420015002070450020009BB3EB42
:109DDC00080300930FD04744C1443B0D07933B0C41
:109DEC0006933B0B05933B0A03933B09029307F045
:109DFC000F030493C0E609B0BDE8F08FDAF8003029
:109E0C0023603368002BCDD1B6E600BF002A00F0EA
:109E1C009C81030D2DE9F04F8BB08146DFF808B221
:109E2C000993030C7B4F0893030B7B4E0793030A98
:109E3C00DFF8F88105930309784C049300F00F03C5
:109E4C00019206936368764A43F07D531068636011
:109E5C00019BDBF80050834245F0012528BF0346E7
:109E6C0045F480059A466F4B1B6825EA030525F0DF
:109E7C00785525603B682BB1002000BF01303B6852
:109E8C009842FAD345F0605345F068500391236033
:109E9C000293206000BF00BFFEF73CFF029B2360D3
:109EAC0000BF00BFFEF736FF45F0305345F0385089
:109EBC0023600293206000BF00BFFEF72BFF029BC4
:109ECC00236000BF00BFFEF725FF099B03F00F03C3
:109EDC0045EA836343F0007023600293206000BF67
:109EEC0000BFFEF717FF029B236000BF00BFFEF709
:109EFC0011FF089B03F00F0345EA836343F00070E6
:109F0C0023600293206000BF00BFFEF703FF029B9B
:109F1C00236000BF00BFFEF7FDFE079B03F00F039D
:109F2C0045EA836343F0007023600293206000BF16
:109F3C0000BFFEF7EFFE029B236000BF00BFFEF7E1
:109F4C00E9FE059B03F00F0345EA836343F00070C1
:109F5C0023600293206000BF00BFFEF7DBFE029B74
:109F6C00236000BF00BFFEF7D5FE049B03F00F0378
:109F7C0045EA836343F0007023600293206000BFC6
:109F8C0000BFFEF7C7FE029B236000BF00BFFEF7B9
:109F9C00C1FE069B45EA836343F000702360029385
:109FAC00206000BF00BFFEF7B5FE029B236000BF20
:109FBC0000BFFEF7AFFE6368039923F07053636034
:109FCC003368002B34D045F000730020236000BFB1
:109FDC0000BF00BF00BF00BF00BF00BF00BF00BF7D
:109FEC0000BF00BF00BF00BF00BF256000BF00BFA7
:109FFC0000BF00BF00BF00BF00BF00BF00BF00BF5D
:10A00C0000BF00BF00BF00BF013032688242DDD804
:10A01C000EE000BFB44500200815002000C000422F
:10A02C00001500200415002070450020B8450020C4
:10A03C00BAF1000F7AD00AEB010E45F00072481EFF
:10A04C000EF1FF3E226000BF00BF00BF00BF00BF8B
:10A05C0000BF00BF00BF00BF00BF00BF00BF00BFFC
:10A06C0000BFD4F808C0256000BF00BF00BF00BF10
:10A07C0000BF00BF00BF00BF00BF00BF00BF00BFDC
:10A08C0000BF00BF226000BF00BF00BF00BF00BF09
:10A09C0000BF00BF00BF00BF00BF00BF00BF00BFBC
:10A0AC0000BFA368256000BF00BF00BF00BF00BF9A
:10A0BC0000BF00BF00BF00BF00BF00BF00BF00BF9C
:10A0CC0000BF4FEA9C6CC3F3836343EA0C1300F8A4
:10A0DC00013F7045B6D1DBF800302360636843F074
:10A0EC007D536360D8F8003033B1002000BF0130DD
:10A0FC00D8F800309842F9D3019BB3EB0A030193D3
:10A10C0020D0D14451444FEA195309934FEA1943D3
:10A11C0008934FEA193307934FEA192305934FEA33
:10A12C001913049309F00F0306938BE6DBF8003048
:10A13C002360636843F07D536360D8F80030002BD4
:10A14C00D3D17FE60BB0BDE8F08F7047002A00F04A
:10A15C002881030D2DE9F04F89B0914607468A46B8
:10A16C000793030C8F4A0693030B8F4D0593030A39
:10A17C008E4E039303098E4C029300F00F0304934D
:10A18C008C4B6168186841F07D518B4B4845616080
:10A19C0028BF484619688046106840F0012040F4FA
:10A1AC00800020EA010020F0785BC4F800B0296838
:10A1BC0039B14FF0000C00BF0CF1010C2B689C4521
:10A1CC00F9D34BF040614BF0606321600191236047
:10A1DC0000BF00BF00BF00BF00BF00BF00BF00BF7B
:10A1EC0000BF00BFFCF790FB0199216000BF00BFCE
:10A1FC0000BF00BF00BF00BF00BF00BF00BF00BF5B
:10A20C00FCF782FB4BF000514BF00853216001919D
:10A21C00236000BF00BF00BF00BF00BF00BF00BF76
:10A22C0000BF00BF00BFFCF76FFB0199216000BFAE
:10A23C0000BF00BF00BF00BF00BFFEF76BFD079B58
:10A24C00584603F00F01FFF717FB069B584603F027
:10A25C000F01FFF711FB059B584603F00F01FFF7A9
:10A26C000BFB039B584603F00F01FFF705FB029B0A
:10A27C00584603F00F01FFF7FFFA04995846FFF711
:10A28C00FBFA484AB8F1000F00F0828008EB0A0E86
:10A29C000AF1FF3C0EF1FF3E1CF8013F1B094BEA93
:10A2AC00836343F000712360216000BF00BF00BFD7
:10A2BC0000BF00BF00BF00BF00BF00BF00BF00BF9A
:10A2CC0000BF00BF00BF00BF00BF00BF00BF2360C6
:10A2DC0000BF00BF00BF00BF00BF00BF00BF00BF7A
:10A2EC0000BF00BF00BF00BF00BF00BF00BF00BF6A
:10A2FC0000BF00BF9CF8003003F00F034BEA8363F0
:10A30C0043F000712360216000BF00BF00BF00BF9D
:10A31C0000BF00BF00BF00BF00BF00BF00BF00BF39
:10A32C0000BF00BF00BF00BF00BF00BF236000BF65
:10A33C0000BF00BF00BF00BF00BF00BF00BF00BF19
:10A34C0000BF00BF00BF00BF00BF00BF00BF00BF09
:10A35C0000BFF445A0D111682160316829B10021FA
:10A36C0000BF013133689942FAD3B9EB080915D013
:10A37C004744C2443B0D07933B0C06933B0B0593A0
:10A38C003B0A03933B09029307F00F030493F7E690
:10A39C001168216031680029E1D1F1E609B0BDE80E
:10A3AC00F08F704770450020B4450020B845002060
:10A3BC0000C00042001500200415002008B500BFA5
:10A3CC0000BF00BF00BF00BF00BF00BF00BFFCF755
:10A3DC009BFA08BD2DE9F04F89B00092002A00F0DD
:10A3EC007781030D89460746DFF8F4A10793030C28
:10A3FC0076490693030B764D0593030A754E03932A
:10A40C000309754C029300F00F0304936368734ABD
:10A41C0043F07D5312686360009B934228BF134640
:10A42C000A689846DAF8003043F0012343F48003BD
:10A43C0023EA020323F0785BC4F800B02A682AB13F
:10A44C00002000BF01302B689842FAD34BF04062D9
:10A45C004BF0606022600192206000BF00BF00BF23
:10A46C0000BFFEF757FC019A226000BF00BF00BF7F
:10A47C0000BFFEF74FFC4BF000524BF0085022602F
:10A48C000192206000BF00BF00BF00BFFEF742FC7E
:10A49C00019A226000BF00BF00BF00BFFEF73AFC6C
:10A4AC00079B03F00F024BEA826242F000702260BD
:10A4BC0001922060FFF782FF019A226000BF00BF6B
:10A4CC0000BF00BFFEF726FC069B03F00F024BEA11
:10A4DC00826242F0007022600192206000BF00BFD7
:10A4EC0000BF00BFFEF716FC019A226000BF00BF40
:10A4FC0000BF00BFFEF70EFC059B03F00F024BEAFA
:10A50C00826242F0007022600192206000BF00BFA6
:10A51C0000BF00BFFEF7FEFB019A226000BF00BF28
:10A52C0000BF00BFFEF7F6FB039B03F00F024BEAE4
:10A53C00826242F0007022600192206000BF00BF76
:10A54C0000BF00BFFEF7E6FB019A226000BF00BF10
:10A55C0000BF00BFFEF7DEFB029B03F00F024BEACD
:10A56C00826242F0007022600192206000BF00BF46
:10A57C0000BF00BFFEF7CEFB019A226000BF00BFF8
:10A58C0000BF00BFFEF7C6FB049B4BEA836242F0A0
:10A59C00007022600192206000BF00BF00BF00BFAE
:10A5AC00FEF7B8FB019A226000BF00BF00BF00BFDE
:10A5BC00FEF7B0FB0549B8F1000F00F08C8008EBFA
:10A5CC00090C09F1FF300CF1FF3C0BE004150020E5
:10A5DC00B4450020B845002000C000420015002002
:10A5EC007045002010F8013F1B094BEA836343F0D0
:10A5FC0000722360226000BF00BF00BF00BF00BF1D
:10A60C0000BF00BF00BF00BF00BF00BF00BF00BF46
:10A61C0000BF00BF00BF236000BF00BF00BF00BF72
:10A62C0000BF00BF00BF00BF00BF00BF00BF00BF26
:10A63C0000BF00BF00BF00BF037803F00F034BEA5D
:10A64C00836343F000722360226000BF00BF00BF31
:10A65C0000BF00BF00BF00BF00BF00BF00BF00BFF6
:10A66C0000BF00BF00BF00BF00BF236000BF00BF22
:10A67C0000BF00BF00BF00BF00BF00BF00BF00BFD6
:10A68C0000BF00BF00BF00BF00BF00BF6045A9D125
:10A69C00DAF80030236033682BB1002200BF01329E
:10A6AC0033689A42FAD3009BB3EB080300930FD0A4
:10A6BC004744C1443B0D07933B0C06933B0B05935E
:10A6CC003B0A03933B09029307F00F0304939DE6A7
:10A6DC0009B0BDE8F08FDAF8003023603368002B46
:10A6EC00DBD193E6002A00F0A581030D2DE9F04F94
:10A6FC008BB08146DFF808B20693030C7B4F0593B1
:10A70C00030B7B4E0493030ADFF8F88108930309CB
:10A71C00784C079300F00F03019209936368764A13
:10A72C0043F07D5310686360019BDBF8005083425B
:10A73C0045F0012528BF034645F480059A466F4B2A
:10A74C001B6825EA030525F0785525603B682BB17D
:10A75C00002000BF01303B689842FAD345F06053AB
:10A76C0045F06850039123600293206000BF00BF46
:10A77C0000BF00BFFEF7CEFA029B236000BF00BFF4
:10A78C0000BF00BFFEF7C6FA45F0305345F0385015
:10A79C0023600293206000BF00BF00BF00BFFEF724
:10A7AC00B9FA029B236000BF00BF00BF00BFFEF7D9
:10A7BC00B1FA069B03F00F0345EA836343F0007084
:10A7CC00236002932060FFF7F9FD029B236000BF1A
:10A7DC0000BF00BF00BFFEF79DFA059B03F00F03FF
:10A7EC0045EA836343F00070236002932060FFF717
:10A7FC00E5FD029B2360FFF7E1FD049B03F00F03D3
:10A80C0045EA836343F00070236002932060FFF7F6
:10A81C00D5FD029B2360FFF7D1FD089B03F00F03CE
:10A82C0045EA836343F00070236002932060FFF7D6
:10A83C00C5FD029B2360FFF7C1FD079B03F00F03CF
:10A84C0045EA836343F00070236002932060FFF7B6
:10A85C00B5FD029B2360FFF7B1FD099B45EA8363BD
:10A86C0043F0007023600293206000BF00BF00BF64
:10A87C0000BFFEF74FFA029B236000BF00BF00BF72
:10A88C0000BFFEF747FA6368039923F070536360C7
:10A89C003368002B38D045F000730020236000BFD4
:10A8AC0000BF00BF00BF00BF00BF00BF00BF00BFA4
:10A8BC0000BF00BF00BF00BF00BF00BF00BF2560CE
:10A8CC0000BF00BF00BF00BF00BF00BF00BF00BF84
:10A8DC0000BF00BF00BF00BF00BF00BF00BF00BF74
:10A8EC00013032688242D9D80EE000BFB445002056
:10A8FC000815002000C0004200150020041500209F
:10A90C0070450020B8450020BAF1000F00F083809C
:10A91C000AEB010E45F00072481E0EF1FF3E22605C
:10A92C0000BF00BF00BF00BF00BF00BF00BF00BF23
:10A93C0000BF00BF00BF00BF00BF00BF00BF00BF13
:10A94C00D4F808C0256000BF00BF00BF00BF00BF27
:10A95C0000BF00BF00BF00BF00BF00BF00BF00BFF3
:10A96C0000BF00BF00BF226000BF00BF00BF00BF20
:10A97C0000BF00BF00BF00BF00BF00BF00BF00BFD3
:10A98C0000BF00BF00BF00BFA368256000BF00BFB1
:10A99C0000BF00BF00BF00BF00BF00BF00BF00BFB3
:10A9AC0000BF00BF00BF00BF00BF00BF4FEA9C6CE0
:10A9BC00C3F3836343EA0C1300F8013F7045AED137
:10A9CC00DBF800302360636843F07D536360D8F894
:10A9DC00003033B1002000BF0130D8F8003098426D
:10A9EC00F9D3019BB3EB0A03019320D0D14451441A
:10A9FC004FEA195306934FEA194305934FEA19335B
:10AA0C0004934FEA192308934FEA1913079309F09B
:10AA1C000F03099382E6DBF800302360636843F090
:10AA2C007D536360D8F80030002BD3D176E60BB0A1
:10AA3C00BDE8F08F704700BF2DE9F04F89B0009250
:10AA4C00002A00F08B81030D89460746DFF8FCA134
:10AA5C000793030C78490693030B784D0593030A6F
:10AA6C00774E03930309774C029300F00F03049382
:10AA7C006368754A43F07D5312686360009B934290
:10AA8C0028BF13460A689846DAF8003043F00123D1
:10AA9C0043F4800323EA020323F0785BC4F800B08C
:10AAAC002A682AB1002000BF01302B689842FAD3E3
:10AABC004BF040624BF0606022600192206000BF5E
:10AACC0000BF00BF00BFFFF779FC019A226000BFF6
:10AADC0000BF00BF00BFFFF771FC4BF000524BF002
:10AAEC00085022600192206000BF00BF00BF00BF71
:10AAFC00FFF764FC019A226000BF00BF00BF00BFDB
:10AB0C00FFF75CFC079B03F00F024BEA826242F0FA
:10AB1C00007022600192206000BF00BF00BF00BF28
:10AB2C00FFF74CFC019A226000BF00BF00BF00BFC2
:10AB3C00FFF744FC069B03F00F024BEA826242F0E3
:10AB4C00007022600192206000BF00BF00BF00BFF8
:10AB5C00FFF734FC019A226000BF00BF00BF00BFAA
:10AB6C00FFF72CFC059B03F00F024BEA826242F0CC
:10AB7C00007022600192206000BF00BF00BF00BFC8
:10AB8C00FFF71CFC019A226000BF00BF00BF00BF92
:10AB9C00FFF714FC039B03F00F024BEA826242F0B6
:10ABAC00007022600192206000BF00BF00BF00BF98
:10ABBC00FFF704FC019A226000BF00BF00BF00BF7A
:10ABCC00FFF7FCFB029B03F00F024BEA826242F0A0
:10ABDC00007022600192206000BF00BF00BF00BF68
:10ABEC00FFF7ECFB019A226000BF00BF00BF00BF63
:10ABFC00FFF7E4FB049B4BEA836242F00070226097
:10AC0C000192206000BF00BF00BF00BFFFF7D6FB62
:10AC1C00019A226000BF00BF00BF00BFFFF7CEFB50
:10AC2C000549B8F1000F00F09C8008EB090C09F104
:10AC3C00FF300CF1FF3C0BE004150020B445002064
:10AC4C00B845002000C000420015002070450020CF
:10AC5C0010F8013F1B094BEA836343F00072236039
:10AC6C00226000BF00BF00BF00BF00BF00BF00BF1D
:10AC7C0000BF00BF00BF00BF00BF00BF00BF00BFD0
:10AC8C0000BF00BF00BF00BF00BF236000BF00BFFC
:10AC9C0000BF00BF00BF00BF00BF00BF00BF00BFB0
:10ACAC0000BF00BF00BF00BF00BF00BF00BF00BFA0
:10ACBC0000BF00BF037803F00F034BEA836343F03C
:10ACCC0000722360226000BF00BF00BF00BF00BF46
:10ACDC0000BF00BF00BF00BF00BF00BF00BF00BF70
:10ACEC0000BF00BF00BF00BF00BF00BF00BF23609C
:10ACFC0000BF00BF00BF00BF00BF00BF00BF00BF50
:10AD0C0000BF00BF00BF00BF00BF00BF00BF00BF3F
:10AD1C0000BF00BF00BF00BF604599D1DAF800301A
:10AD2C00236033682BB1002200BF013233689A4292
:10AD3C00FAD3009BB3EB080300930FD04744C144F4
:10AD4C003B0D07933B0C06933B0B05933B0A03937C
:10AD5C003B09029307F00F03049389E609B0BDE8A1
:10AD6C00F08FDAF8003023603368002BDBD17FE6FC
:10AD7C00002A00F0E181030D2DE9F04F8BB08146E4
:10AD8C00DFF860B20993030C914F0893030B914EBB
:10AD9C000793030ADFF85082059303098E4C049342
:10ADAC0000F00F030192069363688C4A43F07D53C5
:10ADBC0010686360019BDBF80050834245F001256D
:10ADCC0028BF034645F480059A46854B1B6825EA47
:10ADDC00030525F0785525603B682BB1002000BF9A
:10ADEC0001303B689842FAD345F0605345F0685007
:10ADFC00039123600293206000BF00BF00BF00BF1F
:10AE0C00FFF7DCFA029B236000BF00BF00BF00BF4E
:10AE1C00FFF7D4FA45F0305345F0385023600293D5
:10AE2C00206000BF00BF00BF00BFFFF7C7FA029B46
:10AE3C00236000BF00BF00BF00BFFFF7BFFA099B34
:10AE4C0003F00F0345EA836343F000702360029321
:10AE5C00206000BF00BF00BF00BFFFF7AFFA029B2E
:10AE6C00236000BF00BF00BF00BFFFF7A7FA089B1D
:10AE7C0003F00F0345EA836343F0007023600293F1
:10AE8C00206000BF00BF00BF00BFFFF797FA029B16
:10AE9C00236000BF00BF00BF00BFFFF78FFA079B06
:10AEAC0003F00F0345EA836343F0007023600293C1
:10AEBC00206000BF00BF00BF00BFFFF77FFA029BFE
:10AECC00236000BF00BF00BF00BFFFF777FA059BF0
:10AEDC0003F00F0345EA836343F000702360029391
:10AEEC00206000BF00BF00BF00BFFFF767FA029BE6
:10AEFC00236000BF00BF00BF00BFFFF75FFA049BD9
:10AF0C0003F00F0345EA836343F000702360029360
:10AF1C00206000BF00BF00BF00BFFFF74FFA029BCD
:10AF2C00236000BF00BF00BF00BFFFF747FA069BBE
:10AF3C0045EA836343F0007023600293206000BFF6
:10AF4C0000BF00BF00BFFFF739FA029B236000BFB0
:10AF5C0000BF00BF00BFFFF731FA6368039923F00D
:10AF6C00705363603368002B40D045F000730020B1
:10AF7C00236000BF00BF00BF00BF00BF00BF00BF09
:10AF8C0000BF00BF00BF00BF00BF00BF00BF00BFBD
:10AF9C0000BF00BF00BF00BF00BF256000BF00BFE7
:10AFAC0000BF00BF00BF00BF00BF00BF00BF00BF9D
:10AFBC0000BF00BF00BF00BF00BF00BF00BF00BF8D
:10AFCC0000BF00BF013032688242D1D80EE000BF12
:10AFDC00B44500200815002000C0004200150020D8
:10AFEC000415002070450020B8450020BAF1000F70
:10AFFC0000F093800AEB010E45F00072481E0EF132
:10B00C00FF3E226000BF00BF00BF00BF00BF00BFFB
:10B01C0000BF00BF00BF00BF00BF00BF00BF00BF2C
:10B02C0000BF00BF00BF00BF00BF00BFD4F808C006
:10B03C00256000BF00BF00BF00BF00BF00BF00BF46
:10B04C0000BF00BF00BF00BF00BF00BF00BF00BFFC
:10B05C0000BF00BF00BF00BF00BF226000BF00BF29
:10B06C0000BF00BF00BF00BF00BF00BF00BF00BFDC
:10B07C0000BF00BF00BF00BF00BF00BF00BF00BFCC
:10B08C0000BF00BFA368256000BF00BF00BF00BFAA
:10B09C0000BF00BF00BF00BF00BF00BF00BF00BFAC
:10B0AC0000BF00BF00BF00BF00BF00BF00BF00BF9C
:10B0BC004FEA9C6CC3F3836343EA0C1300F8013F23
:10B0CC0070459ED1DBF800302360636843F07D53FC
:10B0DC006360D8F8003033B1002000BF0130D8F8DD
:10B0EC0000309842F9D3019BB3EB0A03019320D0B3
:10B0FC00D14451444FEA195309934FEA1943089329
:10B10C004FEA193307934FEA192305934FEA1913A2
:10B11C00049309F00F03069346E6DBF80030236036
:10B12C00636843F07D536360D8F80030002BD3D1B3
:10B13C003AE60BB0BDE8F08F704700BF2DE9F04F39
:10B14C008BB0CDE90321002A00F01882030DDFF843
:10B15C007CA0DFF87C9006460993030CDFF874B0F2
:10B16C000893030B154C0793030A059303090293E9
:10B17C0000F00F0306936368114A43F07D53039963
:10B18C00126863600F4B91421F6828BF11460E4B2B
:10B19C0047F001271B6847F4800727EA030727F0CD
:10B1AC0078572760DAF80030B3B1002300BF0133C1
:10B1BC00DAF800209342F9D30EE000BF00C0004241
:10B1CC00001500207045002004150020B445002017
:10B1DC0008150020B845002047F0605547F068532B
:10B1EC0001912560236000BF00BF00BF00BF00BFFE
:10B1FC0000BF00BF00BFFFF7E1F8256000BF00BF34
:10B20C0000BF00BF00BF00BF00BF00BFFFF7D6F8F4
:10B21C0047F0305547F038532560236000BF00BF1E
:10B22C0000BF00BF00BF00BF00BF00BFFFF7C6F8E4
:10B23C00256000BF00BF00BF00BF00BF00BF00BF44
:10B24C0000BFFFF7BBF8099B03F00F0547EA8565C4
:10B25C0045F000732560236000BF00BF00BF00BF36
:10B26C0000BF00BF00BF00BFFFF7A8F8256000BFFC
:10B27C0000BF00BF00BF00BF00BF00BF00BFFFF793
:10B28C009DF8089B03F00F0547EA856545F00073B0
:10B29C002560236000BF00BF00BF00BF00BF00BF20
:10B2AC0000BF00BF00BF00BF00BF00BFFDF732FDF5
:10B2BC00256000BF00BF00BF00BF00BF00BF00BFC4
:10B2CC0000BFFFF77BF8079B03F00F0547EA856586
:10B2DC0045F000732560236000BF00BF00BF00BFB6
:10B2EC0000BF00BF00BF00BF00BF00BF00BF00BF5A
:10B2FC00FDF710FD256000BF00BF00BF00BF00BF01
:10B30C0000BF00BF00BF00BF00BF00BF00BFFDF704
:10B31C0001FD059B03F00F0547EA856545F00073B9
:10B32C002560236000BF00BF00BF00BF00BF00BF8F
:10B33C0000BF00BF00BF00BF00BF00BFFDF7EAFCAD
:10B34C00256000BF00BF00BF00BF00BF00BF00BF33
:10B35C0000BF00BF00BF00BF00BFFDF7DBFC029BBE
:10B36C0003F00F0547EA856545F0007325602360FF
:10B37C0000BF00BF00BF00BF00BF00BF00BF00BFC9
:10B38C0000BF00BF00BF00BFFDF7C4FC256000BFBD
:10B39C0000BF00BF00BF00BF00BF00BF00BF00BFA9
:10B3AC0000BF00BF00BFFDF7B5FC069B47EA8365F5
:10B3BC0045F000732560236000BF00BF00BF00BFD5
:10B3CC0000BF00BF00BF00BFFEF7F8FF256000BF45
:10B3DC0000BF00BF00BF00BF00BF00BF00BFFEF733
:10B3EC00EDFF6368019923F070536360D9F8003066
:10B3FC00002B31D0019647F0007500268846256059
:10B40C0000BF00BF00BF00BF00BF00BF00BF00BF38
:10B41C0000BF00BF00BF00BF00BF00BF00BF00BF28
:10B42C00FBF772FA276000BF00BF00BF00BF00BF70
:10B43C0000BF00BF00BF00BF00BF00BF00BF00BF08
:10B44C0000BF00BF00BFFBF75FFA0136D9F8002040
:10B45C00B242D4D84146019E002900F09280049B50
:10B46C0047F0007501EB0308CDE9051608F1FF3232
:10B47C005E1E0292256000BF00BF00BF00BF00BF70
:10B48C0000BF00BF00BF00BF00BF00BF00BF00BFB8
:10B49C0000BF00BF00BFFBF737FAA168019127601E
:10B4AC0000BF00BF00BF00BF00BF00BF00BF00BF98
:10B4BC0000BF00BF00BF00BF00BF00BF00BF00BF88
:10B4CC00FBF722FA256000BF00BF00BF00BF00BF22
:10B4DC0000BF00BF00BF00BF00BF00BF00BF00BF68
:10B4EC0000BF00BF00BFFBF70FFAD4F8088027603D
:10B4FC0000BF00BF00BF00BF00BF00BF00BF00BF48
:10B50C0000BF00BF00BF00BF00BF00BF00BF00BF37
:10B51C00FBF7FAF90199C8F38363890E43EA011327
:10B52C0006F8013F029B9E42A4D11C4B1B68DDE92F
:10B53C0005162360636843F07D536360DBF80030CD
:10B54C0033B1002300BF0133DBF800209342F9D361
:10B55C00039B5B1A039311D0049B0E440B4404937E
:10B56C00330D0993330C0893330B0793330A05936C
:10B57C003309029306F00F030693FCE50BB0BDE80C
:10B58C00F08F064B1B682360636843F07D53636048
:10B59C00DBF80030002BD4D1EDE500BF7045002066
:10B5AC002DE9F04F89B00092002A00F0DF81030DE5
:10B5BC0089460746DFF878A20793030C9749069350
:10B5CC00030B974D0593030A964E03930309964C70
:10B5DC00029300F00F0304936368944A43F07D5385
:10B5EC0012686360009B934228BF13460A68984612
:10B5FC00DAF8003043F0012343F4800323EA02031A
:10B60C0023F0785BC4F800B02A682AB1002000BF90
:10B61C0001302B689842FAD34BF040624BF06060DB
:10B62C0022600192206000BF00BF00BF00BF00BFBE
:10B63C0000BF00BF00BFFEF7C1FE019A226000BF31
:10B64C0000BF00BF00BF00BF00BF00BF00BFFEF7C0
:10B65C00B5FE4BF000524BF0085022600192206076
:10B66C0000BF00BF00BF00BF00BF00BF00BF00BFD6
:10B67C00FEF7A4FE019A226000BF00BF00BF00BF0E
:10B68C0000BF00BF00BF00BFFEF798FE079B03F092
:10B69C000F024BEA826242F000702260019220603D
:10B6AC0000BF00BF00BF00BF00BF00BF00BF00BF96
:10B6BC0000BF00BF00BF00BFFDF72CFB019A22604A
:10B6CC0000BF00BF00BF00BF00BF00BF00BF00BF76
:10B6DC00FEF774FE069B03F00F024BEA826242F007
:10B6EC00007022600192206000BF00BF00BF00BF4D
:10B6FC0000BF00BF00BF00BFFEF760FE019A2260D2
:10B70C0000BF00BF00BF00BF00BF00BF00BF00BF35
:10B71C00FEF754FE059B03F00F024BEA826242F0E7
:10B72C00007022600192206000BF00BF00BF00BF0C
:10B73C0000BF00BF00BF00BFFEF740FE019A2260B1
:10B74C0000BF00BF00BF00BF00BF00BF00BF00BFF5
:10B75C00FEF734FE039B03F00F024BEA826242F0C9
:10B76C00007022600192206000BF00BF00BF00BFCC
:10B77C0000BF00BF00BF00BFFEF720FE019A226091
:10B78C0000BF00BF00BF00BF00BF00BF00BF00BFB5
:10B79C00FEF714FE029B03F00F024BEA826242F0AA
:10B7AC00007022600192206000BF00BF00BF00BF8C
:10B7BC0000BF00BF00BF00BFFEF700FE019A226071
:10B7CC0000BF00BF00BF00BF00BF00BF00BF00BF75
:10B7DC00FEF7F4FD049B4BEA836242F0007022609A
:10B7EC000192206000BF00BF00BF00BF00BF00BFC0
:10B7FC0000BF00BFFEF7E2FD019A226000BF00BF50
:10B80C0000BF00BF00BF00BF00BF00BFFEF7D6FDEA
:10B81C000249B8F1000F00F0AC800BE004150020D9
:10B82C00B4450020B845002000C00042001500209F
:10B83C007045002008EB090C09F1FF300CF1FF3CBE
:10B84C0010F8013F1B094BEA836343F0007223603D
:10B85C00226000BF00BF00BF00BF00BF00BF00BF21
:10B86C0000BF00BF00BF00BF00BF00BF00BF00BFD4
:10B87C0000BF00BF00BF00BF00BF00BF00BF00BFC4
:10B88C0000BF236000BF00BF00BF00BF00BF00BFF0
:10B89C0000BF00BF00BF00BF00BF00BF00BF00BFA4
:10B8AC0000BF00BF00BF00BF00BF00BF00BF00BF94
:10B8BC0000BF00BF037803F00F034BEA836343F030
:10B8CC0000722360226000BF00BF00BF00BF00BF3A
:10B8DC0000BF00BF00BF00BF00BF00BF00BF00BF64
:10B8EC0000BF00BF00BF00BF00BF00BF00BF00BF54
:10B8FC0000BF00BF00BF236000BF00BF00BF00BF80
:10B90C0000BF00BF00BF00BF00BF00BF00BF00BF33
:10B91C0000BF00BF00BF00BF00BF00BF00BF00BF23
:10B92C0000BF00BF00BF00BF604589D1DAF800300E
:10B93C00236033682BB1002200BF013233689A4276
:10B94C00FAD3009BB3EB080300930FD04744C144D8
:10B95C003B0D07933B0C06933B0B05933B0A039360
:10B96C003B09029307F00F03049335E609B0BDE8D9
:10B97C00F08FDAF8003023603368002BDBD12BE634
:10B98C007E497F4B0A682DE9F04742F002020524FC
:10B99C000A60DC665C679C67DC67C3F88040C3F8B0
:10B9AC008440C3F88840BFF34F8F0121022002F07E
:10B9BC00B3F80121032002F0AFF80121042002F0BA
:10B9CC00ABF820460121302402F0A6F86D4B4FF461
:10B9DC008072C3F88420E0B20134012102F09CF89B
:10B9EC00372CF8D1674B4FF0E024674A1868674949
:10B9FC00024367481A6000F5006C5A6842F07D52A9
:10BA0C005A600022D4F8FC3D43F08073C4F8FC3D2E
:10BA1C000B6843F001030B60014602F07F032532F3
:10BA2C00403B01F8013F6145F7D15A4A5A4B02F5A8
:10BA3C00805E93F90060083313F9065C13F9074C28
:10BA4C00B6B213F9051CADB213F904ACA4B213F9D8
:10BA5C00029C89B213F9038C46EA0A4613F9017C5D
:10BA6C0045EA094544EA084441EA0741C2E9006550
:10BA7C00C2E9024110327245DBD1484E484D06F501
:10BA8C0080572B1FB64613F9011F0EF1080E93F9C0
:10BA9C00042089B293F908809D4293F90C4092B22C
:10BAAC0041EA084142EA04424EE90212EBD1203647
:10BABC001035B742E5D13B4E3B4D06F58057A5F10D
:10BACC000803B64613F9011F0EF1080E93F908206E
:10BADC0089B293F910809D4293F9184092B241EAD1
:10BAEC00084142EA04424EE90212EBD140362035BD
:10BAFC00B742E4D1002310F9012F60451344FAD169
:10BB0C002A4C00222A4D40F2EE282A492A4823606A
:10BB1C0001F060FB294C2A4FDFF8B4902E6803F03B
:10BB2C0065FB2378E3B13B78DB0719D52B68D9F893
:10BB3C0000209B1A0E2B13D94FF4967001F096FF30
:10BB4C004021204803F0D6FA1F4801F0EBFD4121BB
:10BB5C001E4803F0CFFA1C48BDE8F04701F0E2BDE7
:10BB6C002B6822789B1B2AB1B3F5FA6FE4D803F04B
:10BB7C003DFBD4E74345FAD9DEE700BF00402A403D
:10BB8C0000801F4000C0004200014001001000E096
:10BB9C009F3C0020BC650020A03C0020BC55002030
:10BBAC00A33C0020BC450020A73C0020BC75002015
:10BBBC00D477002040420F00401400200878002069
:10BBCC0007780020D009002030140020140A00202F
:10BBDC00E477002010B5044604F08AFC02460B48BA
:10BBEC00214601F077FD094801F09CFD022108482F
:10BBFC0003F080FA204604F07BFC0146204603F05B
:10BC0C0079FA0448BDE8104001F08CBD40140020C6
:10BC1C00580A0020301400202DE9F04FA9B09C48A0
:10BC2C0001F0F6F9A8B19A4801F042FA994BC0B26A
:10BC3C001B780A2810D00D280ED03E2BEFD8964931
:10BC4C005A1CC854934B92481A7001F0E1F9002821
:10BC5C00E9D129B0BDE8F08F002BE0D000228E4C4A
:10BC6C0002218E48E25403F045FA204604F040FCD1
:10BC7C000146204603F03EFA894801F053FD237833
:10BC8C00884A423BD2F80490372B39D8DFE813F0BE
:10BC9C003F003800EB0026013501790138003802ED
:10BCAC004902D605F7054B04F10438008006190843
:10BCBC005602AC02E9033C04FA043C057505A205E6
:10BCCC0038003800380038003800380038003800A8
:10BCDC003F003800EB0026013501790138003802AD
:10BCEC004902D605F7054B04F10438008006190803
:10BCFC005602AC02E9033C04FA043C057505A205A6
:10BD0C006948FFF767FF0023624A137087E7012039
:10BD1C00664FF7F755FA04460220F7F751FAC1B20D
:10BD2C00E0B2634CF7F77CFD624BD7F800801A68E1
:10BD3C00614B48EA030323EA020323F078595F4B73
:10BD4C005A6849F0405642F07D525A60C3F8009050
:10BD5C0025683DB1002300BF01332568AB42FAD3FF
:10BD6C00D7F800800F214846FAF7EEFD484605212A
:10BD7C00FAF7EAFD514B4B48C3F80080504B514A3F
:10BD8C00D0F804C01968A2FB0121890C01EB8101D8
:10BD9C004268A2EB0C029142FAD8484A16603DB1B7
:10BDAC00002200BF01322568AA42FAD3D7F80080DE
:10BDBC00662130460993F8F71DFC404A3948C2F811
:10BDCC00008002F18D72099B02F58F32D0F804C00D
:10BDDC0019688332A2FB0121890C01EB81014268B5
:10BDEC00A2EB0C029142FAD8344A16603DB1002203
:10BDFC0000BF013221688A42FAD3D7F800802F4D58
:10BE0C0099213046DFF8D0A00993F8F7F3FB022014
:10BE1C00C5F8008001F02AFE9AF80020099B82B92F
:10BE2C002E60216821B100BF013221688A42FAD309
:10BE3C00352130460993F8F7DDFB39681F4A099B19
:10BE4C001160184932251F4C48681A68A4FB02423D
:10BE5C00920C05FB02F24B681B1A9A42FBD81A484B
:10BE6C00FFF7B8FE4FE70120F7F7AAF918280346A9
:10BE7C00164AA8BF182323EAE3731360144A6021FF
:10BE8C00144804F0E9F81348FFF7A4FE3BE700BFA1
:10BE9C0040140020F6770020744500205C0A002036
:10BEAC0030140020001000E0C80B0020704500206A
:10BEBC00B4450020041500200001400100C00042E0
:10BECC002C14002083DE1B43B80A00200815002028
:10BEDC00EC0A002010450020FA7700200120F7F72B
:10BEEC006FF904460220F7F76BF9C1B2E0B2F7F72D
:10BEFC0097FCA548FFF76EFE05E70120F7F760F900
:10BF0C0005460220F7F75CF98046A0B30024DFF861
:10BF1C00D0A2DFF8D0B29D4E9D4FA8EB0402281999
:10BF2C00B2F5005F28BF4FF40052A04513D0337810
:10BF3C0000EB400103EBC30301EB411103EBC30323
:10BF4C003B335B1A934902EB010C01F8013B8C4526
:10BF5C00A3F16303F9D19AF800309BF80010002B81
:10BF6C0000F0BF868C4B53F821308A49984704F572
:10BF7C000054A045D1D8894B894A5B68A3EB0903CF
:10BF8C007DE701200DF19008F7F71AF97F4BC5B248
:10BF9C0082461B7825A905EB450203EBC30302EB94
:10BFAC00421203EBC3033B339B1A424602F8013B9C
:10BFBC009142A3F16303F9D17A4B7B4F19787B4BF8
:10BFCC007B4E1878F7F72CFCD7F800B0794B4BEA7E
:10BFDC000606794C1A68794B26EA02065A6826F04E
:10BFEC00785642F07D5246F040595A601E602268E5
:10BFFC003AB1002300BF013322689342FAD3D7F839
:10C00C0000B00F2130460992FAF79EFC052130460C
:10C01C00FAF79AFC694B6148C3F800B003F18D73D1
:10C02C00674903F58F33D0F804C009688333099A44
:10C03C00A3FB0131890C01EB81014368A3EB0C03D9
:10C04C009942FAD85D4BC3F800902AB1002300BF87
:10C05C00013322689342FAD348460321F8F7CAFA0F
:10C06C00CAF30741F8F7C6FA544CCAF307210DF18D
:10C07C008C0AF8F7BFFA2946F8F7BCFA636823F084
:10C08C00006363603B4646F048574E4699464FF076
:10C09C00080B0025276000BF00BFFAF735FCA3682A
:10C0AC002660C3F3C06343EA450500BF00BFFAF73F
:10C0BC002BFCBBF1010BEDD10AF8015BC245E6D1BB
:10C0CC00D9F800302360636843F07D5363609DF8BA
:10C0DC0093209DF89230CDE905329DF891209DF882
:10C0EC009030CDE903329DF88F209DF88E30CDE94C
:10C0FC0001329DF88D209DF88C300092314AA8E1D8
:10C10C002F4A4FF40053126800934FF4000301922E
:10C11C002D4A60212D4803F09FFF2C48FFF75AFD54
:10C12C00F1E50120F7F74CF820280346284AA8BF70
:10C13C00202323EAE3731360264AA0E60120264D50
:10C14C00F7F73EF8B0F5005F144EA8BF4FF400505F
:10C15C00D5F80080042804464FF00000B8BF042432
:10C16C0021462C607768F7F73FF872682346C5F8CC
:10C17C000080D21B0092194A6021144803F06CFF16
:10C18C001248FFF727FDBEE5C00A0020F877002013
:10C19C0060040020C01A002024040020001000E0DD
:10C1AC00100B0020F777002070450020F977002055
:10C1BC000001400104150020B445002000C00042DD
:10C1CC002C140020740B0020600A00201045002065
:10C1DC000C150020FC0A002000150020240B002068
:10C1EC00FA770020E717002001200DF19008F6F7F0
:10C1FC00E7FFB34BC2B283461B78099202EB4202B3
:10C20C0003EBC30302EB421203EBC3033B339B1A56
:10C21C0023AA02F8013B9045A3F16303F9D1A94B82
:10C22C00A94F1978A94BAA4C1878F7F7F9FAA94B2A
:10C23C00D7F800A01A68A84B4AEA030323EA0203C2
:10C24C0023F07855A54B5A6845F0405642F07D5284
:10C25C005A601D6022683AB1002300BF0133226886
:10C26C009342FAD3D7F800A00F2128460A92FAF786
:10C27C006BFB05212846FAF767FB984BDFF868C281
:10C28C00C3F800A0964B9749DCF804E018680A9AAA
:10C29C00A1FB0010800C00EB8000DCF80410A1EB7B
:10C2AC000E018842F9D88D490E603AB1002100BFC9
:10C2BC00013122689142FAD3D7F800A066213046AA
:10C2CC00CDE90A23F8F796F98449DFF81CC2C1F8C6
:10C2DC0000A001F18D710B9B01F58F31DCF804E0AE
:10C2EC00186883310A9AA1FB0010800C00EB8000C7
:10C2FC00DCF80410A1EB0E018842F9D877490E60E6
:10C30C003AB1002200BF013221688A42FAD3D7F831
:10C31C0000A0992130460A93F8F76CF96F4A022075
:10C32C00C2F800A001F0A2FB6C4A0A9B16602268BE
:10C33C002AB1002100BF013122689142FAD3CBF31C
:10C34C00074A30460221CBF3072B264623ACCDE916
:10C35C000A32F8F74FF95146F8F74CF95946F8F705
:10C36C0049F90999F8F746F9DDF82C9014F8011BF6
:10C37C00F8F740F9A045F9D15849344606463868D3
:10C38C000A9B4A4608605849DFF858C148681B6840
:10C39C00ACFB033C4FEA9C4C0CEB8C0C4B681B1A13
:10C3AC009C45FBD84D4B1E602AB1002300BF0133C6
:10C3BC0022689342FAD330460321F8F71BF9514611
:10C3CC00F8F718F9454C594645F04855F8F712F965
:10C3DC000999F8F70FF963680DF1940A23F00063DB
:10C3EC0063604FF0080B4FF00009256000BF00BFE1
:10C3FC00FAF78AFAA3682660C3F3C06343EA4909D3
:10C40C0000BF00BFFAF780FABBF1010BEDD108F8C1
:10C41C00019BD045E5D13B682360636843F07D53B5
:10C42C0063609DF88F209DF88E30CDE905329DF824
:10C43C008D209DF88C30CDE903329DF893209DF82A
:10C44C009230CDE901329DF891209DF89030009208
:10C45C00264A6021264803F0FFFD2548FFF7BAFB6A
:10C46C0051E40120DFF89CB0F6F7AAFE0546022045
:10C47C00F6F7A6FE04460320F6F7A2FE0E2C214684
:10C48C002B46A8BF0E210E2D0246A8BF0E236028F6
:10C49C0021EAE1711748A8BF602223EAE373082A56
:10C4AC00B8BF082201928BF8003050F8233050F8B6
:10C4BC00210000901048017010490A60104A28E6CB
:10C4CC00F8770020F777002070450020F9770020DE
:10C4DC00B4450020041500200001400100C00042BA
:10C4EC002C14002083DE1B43001000E0440B0020C2
:10C4FC00104500209C040020E617002000150020A9
:10C50C00D00A0020E71700200120F6F759FEB0F5FD
:10C51C00C87F0346B74AA8BF4FF4C87323EAE37336
:10C52C001360B54AABE40120F6F74AFE044602203C
:10C53C00F6F746FE1C9005460320F6F741FEAF4B7E
:10C54C0006465F68002D00F0318563194FF0000836
:10C55C002C4621971D93B4F5005F23461D9A28BFE6
:10C56C004FF40053101B19460993F6F73DFE012EAC
:10C57C0000F0BD83022E00F07584072C40F2F88485
:10C58C00DFF88CB24FF0000E9D4D4FF00009CBF14F
:10C59C000803DC4612941396CDE910384FF00008CE
:10C5AC0005EB0914109E4FEA890009F10201A768F6
:10C5BC0055F820B05FFA81F90B97E768DCE90023A6
:10C5CC000CF1080C0C972769100906EB0C0A66682D
:10C5DC000D9719090A9602F00F32666900F00F30B8
:10C5EC0003F00F3301F00F310E960A9ED4E9067456
:10C5FC000F942FFA82F42FFA92F224FB0BE422FB15
:10C60C0006420B9E2FFA80F42FFA90F024FB06249E
:10C61C000C9A0E9E20FB024E2FFA83F20D982FFAE5
:10C62C0093F322FB008223FB06232FFA81F22FFACD
:10C63C0091F122FB07320F9B21FB0328099B5345E9
:10C64C00AED20EEB0803129CDDF84480139E099ABF
:10C65C006C49920A096801FB02F2A3EBC2039844ED
:10C66C001C9AC4F50053D342C0F06A84A4F500545C
:10C67C0071E70120F6F7A4FD634B644A1870C3B24E
:10C68C00FFF7FDBB0120F6F79BFD06460220F6F7EF
:10C69C0097FD8046002800F0908400245A4F2546D0
:10C6AC00A8EB050A06EB050BBAF5005F584628BF48
:10C6BC004FF4005A5146F6F797FDA84518D03B7831
:10C6CC000BEB4B0B524A03EBC3030BEB4B1B924490
:10C6DC0003EBC3033B33A3EB0B03DBB212F8010BED
:10C6EC00A3F163018342CBB218BF01349245F5D15B
:10C6FC0005F50055A845D3D8404A23465268A2EB0D
:10C70C0009020092434A37E50120414CF6F758FDE7
:10C71C003D4BB0F5005F1978A8BF4FF4005001EB0A
:10C72C00C1010428064601EBC101B8BF04263B3108
:10C73C00A51904F8011BA542A1F16301F9D1DFF899
:10C74C00F0A0354C2D4BDFF8ECB09AF800002768C0
:10C75C009BF8002026605D68002840F0FD832F4B7D
:10C76C002B4953F8223032469847244A33465268B4
:10C77C002760521B00922A4AFEE40120DFF8B880A1
:10C78C00F6F71EFD04460220214FF6F719FD06466A
:10C79C0020463D46182E4FF00104A8BF1826012E46
:10C7AC00B8BF01263146F6F71FFD5823A8F8003014
:10C7BC0002E05B2C3FF7E4AC15F8013BC4F16001DF
:10C7CC0008EB0400174A03F047FCEB1B04449E42A1
:10C7DC00EFDCD5E40120F6F7F3FCB0F5FA6F034675
:10C7EC00114AA8BF4FF4FA6323EAE37313600F4AAC
:10C7FC00FFF745BBB4450020DC0A0020001000E028
:10C80C00BC650020BC750020F8770020E40A0020ED
:10C81C00C01A0020BC0B0020001500206004002072
:10C82C00300B00203C0B0020B8450020C80A00202B
:10C83C00FA770020E7170020104500200120F6F7BA
:10C84C00BFFC4C4AC3B2012B137000F08D83022B3A
:10C85C0000F09383032B00F09F8341F2B001464A12
:10C86C00C2F86C12C2F87012C2F87412C2F87812C4
:10C87C00BFF34F8FD2F86C220092404A7CE4012027
:10C88C00F6F79EFC83460220F6F79AFC0023074637
:10C89C00CDE92433CDE92633002800F089839A466C
:10C8AC001C46A7EB04090BEB0405B9F5005F284601
:10C8BC0028BF4FF400594946F6F796FCA74241D0E1
:10C8CC002F4B05EB4505DFF8C4E04FF0000C1B784F
:10C8DC0005EB45152646CDF8249003EBC30303EB7B
:10C8EC00C30303F13B01491B1EF8010B24AA0023CF
:10C8FC004840C0F3031500F00F0045FA03F440FA6A
:10C90C0003F9013314F0010F02D0146801341460E0
:10C91C0019F0010F02D0146801341460042B02F1D9
:10C92C000402EAD10CF1010C099B63396345DBD895
:10C93C000AF1020AB7420CBF9946A3F10109344629
:10C94C000AEB490A04F50054A742AAD8DDE924727F
:10C95C00DDE9263101933B4600920A4ACDE9021AE1
:10C96C006021094803F078FB0748FFF733F9FFF71C
:10C97C00CAB900BFFB77002000801F40040B0020C9
:10C98C00F8770020A40B002010450020C01A0020CE
:10C99C0000230120CDE92433F6F712FCC4B20220A7
:10C9AC00F6F70EFCC04B4FF08072C3F884204FF4A6
:10C9BC008002C3F884204FF48072C3F88420002CCA
:10C9CC0000F0D482012C00F0EF82022C16D1C507A6
:10C9DC004FF0100240F1E582C3F884208407B24B7B
:10C9EC004FF0200240F1DA82C3F884204107AE4BAD
:10C9FC004FF0400240F1C582C3F884200525AB4CB2
:10CA0C00AB4BAC4A60681968A2FB0121890C01EBA5
:10CA1C0081016268121A9142FBD8012135200993D9
:10CA2C0001F07AF8A04E4FF0007201213220C6F8C6
:10CA3C0088204FEA051A01F06FF84FF0805201215F
:10CA4C003620C6F8842001F067F84FF0005201211F
:10CA5C003420C6F88420984E01F05EF80121312074
:10CA6C0006EB0515914F01F057F8099BEA6856F84B
:10CA7C000A50C5F888208F4A60681968A2FB01210A
:10CA8C00890C7A68121A9142FBD8874C4FF080625D
:10CA9C004FF080594FF000584FF0006B0993C4F8D9
:10CAAC008420C4F884B0C4F88490C4F88480F5F76A
:10CABC0053FA4FF08062C4F88420C4F888B0C4F8EC
:10CACC008490C4F88880F5F747FA06EB0A02099BB4
:10CADC00D2687648C5F88420C4F88490C4F8848061
:10CAEC007C68744A1968A2FB0121890C01EB810155
:10CAFC004268121B9142FBD806EB0A026B4CD268BF
:10CB0C00C5F888206B4A40681968A2FB0121890C82
:10CB1C006268121A9142FBD866200993F6F732FB31
:10CB2C0006EB0A0256F80A50D268099BC5F8842015
:10CB3C00604A646819685D48A2FB0121890C01EB0D
:10CB4C0081014268121B9142FBD806EB0A02574C3A
:10CB5C00D268C5F88820574A40681968A2FB0121A1
:10CB6C00890C6268121A9142FBD806EB0A059920CF
:10CB7C000993F6F707FB56F80A200220E968C2F879
:10CB8C00841000F073FFE96856F80A20099BC2F87C
:10CB9C008810484A646819684448A2FB0121890C32
:10CBAC004268121B9142FBD89F200993F6F7EAFAD0
:10CBBC000020F6F7E7FA0020F6F7E4FA0020F6F783
:10CBCC00E1FA394D0DF18F090DF1970B374CDFF868
:10CBDC00E480099F3120002100F09EFF08204FF0D7
:10CBEC00000C4FF0007EC5F884E0AB686168C3F3BD
:10CBFC00C0633A6843EA4C0CA8FB0232920C63689F
:10CC0C005B1A9A42FBD8C5F888E061683A68A8FBC1
:10CC1C000232920C63685B1A9A42FBD80138E2D15B
:10CC2C0009F801CFD945D5D106EB0A0156F80A20EF
:10CC3C00204BC968C2F8841060683A681B49A3FB92
:10CC4C000232920C02EB82024B681B1A9A42FBD8FE
:10CC5C00154B4FF080723024C3F884204FF48002BF
:10CC6C00C3F884204FF48072C3F88420E0B20134FE
:10CC7C00012100F051FF372CF8D10B4A536843F0D7
:10CC8C007D5353609DF890200D2A00F07D81002388
:10CC9C009DF89310009203919DF89210074A02910F
:10CCAC009DF8911001910BE000C00042001000E0D3
:10CCBC002C14002083DE1B4354060020A40A002001
:10CCCC004EE60120F6F77CFA0228034640F2428138
:10CCDC0000221346DFF810A38AF80020B84AFFF7A9
:10CCEC00CEB857F82130B7499847FFF740B9032C15
:10CCFC0040F241814FF0000EDFF8C8B2CDF87880D9
:10CD0C00CBF10403F146DC46F0461B931F942096AE
:10CD1C005CF8043B09F10101AB4C4FEA09101D0909
:10CD2C0004EB891201F03F09D90805F0013A5D09BD
:10CD3C0054F8200001F001315C0805F001379D0921
:10CD4C000A9104F001341B9905F001360B90DD09B2
:10CD5C006144980805F0013503F001331A9100F095
:10CD6C000130D2E901B10C91D1680D9111690E918C
:10CD7C0051690F9191691091D1691191116A1291B8
:10CD8C00516A1391916A1491D16A1591116B169194
:10CD9C00516B1791916B1891D26B0B9919922FFAC9
:10CDAC0083F22FFA93F322FB01E223FB0B830C9902
:10CDBC002FFA84FB2FFA94F42BFB012B0D9A0A9972
:10CDCC0024FB02340E9A2FFA80F32FFA90F023FBF7
:10CDDC0002B30F9A20FB02402FFA81F2109C2FFA1B
:10CDEC0091F122FB0432119B21FB030112982FFAC3
:10CDFC008AF323FB002313982FFA9AF222FB0012DA
:10CE0C0014982FFA87F121FB003115982FFA97F31C
:10CE1C0023FB002316982FFA86F222FB0012179898
:10CE2C002FFA96F121FB00312FFA85F3189823FB8A
:10CE3C00002E2FFA95F3199A23FB0218099B1A99C5
:10CE4C008B42BFF465AF0EEB08031F9CDDF87880B6
:10CE5C00209E5B00099A110A5C4A126802FB11338E
:10CE6C00FFF7FDBB032C40F28A80DFF858B14FF07E
:10CE7C00000E00251194CBF10403DC461296CDE98B
:10CE8C000F384FF000085249EA005CF8043B01EB04
:10CE9C0045140F9E51F822B09809E76806EB0C096F
:10CEAC00990800F003300B971A09276901F0033138
:10CEBC0002F0033203F003330C970135D4E901A6D9
:10CECC0005F07F050A966669D4E906740D960E94F2
:10CEDC000A9E2FFA83F42FFA93F324FB0BE423FB23
:10CEEC000A832FFA81FA2FFA91F12AFB064A0B9C3E
:10CEFC000D9E21FB04312FFA82F30C9C2FFA92F237
:10CF0C0023FB04A322FB06122FFA80F12FFA90F0D8
:10CF1C0021FB073E0E9B20FB0328099B4B45B2D2FD
:10CF2C000EEB0803119CDDF84080129E099A2749EC
:10CF3C00520A096801FB02F2A3EB4203FFF78FBB15
:10CF4C00219F4446234A23465268D21B0092224A10
:10CF5C00FFF712B90246BDE6204B0020194953F8E1
:10CF6C0022303246984700E4392178E4302546E5F2
:10CF7C000023FFF76CBB00236CE719496FE4002317
:10CF8C00D4E7C3F8882039E59DF89130A3F15D030F
:10CF9C00B3FA83F35B097BE6124960E4C3F888209B
:10CFAC0024E5C3F8882019E5332528E51C9CC9E73E
:10CFBC000146034602468246CCE40446FFF79CBB7E
:10CFCC00F40A0020C01A0020BC450020BC750020CB
:10CFDC00BC550020001000E0180B00202404002099
:10CFEC003900010039B00100FA77002001207047A8
:10CFFC00B0F84630B0F848209BB292B2934202D2BD
:10D00C00013AD01A7047416B01390A44D01A704763
:10D01C00016972B6B0F84A20B0F84C3092B29BB2AB
:10D02C009A423CBF806B1218C86AD31A62B6C0F31E
:10D03C0002601844704700BFB0F84A100246B0F8BE
:10D04C004C3089B29BB2994210D00133906B116B6A
:10D05C00984298BF0023994203D9126AD05CC0B29F
:10D06C0070475B1A526AD05CC0B27047D0F810C0DF
:10D07C0072B6B0F84A0080B2814201D062B6E4E7E1
:10D08C00DCF82C3013F0E06F03D14FF0FF3062B6B8
:10D09C007047DCF81C0000214FF0010C136AC0F340
:10D0AC000900A2F84AC0A2F84C105870EFE700BF74
:10D0BC00B0F84AC00146B0F84C301FFA8CFC9BB259
:10D0CC009C4525D0013310B5D1F838E09E4515D9D3
:10D0DC000A6B1C469A4216D90A6AD25CD0B28A6D87
:10D0EC00A1F84C404AB19C451DD3ACEB0303CC6B6F
:10D0FC009C4202D3CB6DC2F8883010BD00240A6B61
:10D10C0023469A42E8D8486A9A1A825CD0B2E6E77B
:10D11C006246006972B6B1F84AC01FFA8CFC6245CF
:10D12C0005D062B6CEE7E644AEEB0303DFE7C36A95
:10D13C0013F0E06F03D14FF0FF3062B67047C06957
:10D14C00C0F30900F9E700BF90F8443043B110B5C3
:10D15C00044602F04BF894F84430002BF9D110BD82
:10D16C00704700BF38B54369D3E90312096811420F
:10D17C002DD00169044690F844200D4632B102F0DE
:10D18C0035F894F84430002BF9D163690021104A2A
:10D19C00A961207E03EB0010007D02EB0010D0F89B
:10D1AC0004C00520CCF8000094F819C003EB0C1354
:10D1BC0093F8343002EB0312A36D52681060A4F89C
:10D1CC004A10A4F84C1013B1E26DC3F8842038BD9A
:10D1DC005406002007EE901A9FED947A0421B6EEC7
:10D1EC00005AF8EE677A9FED926A41F6FF7CC7EE23
:10D1FC00275A2DE9F04315468E460122046907EEA5
:10D20C00901AF8EEE77A85EEA77A77EE057AFDEEBE
:10D21C00E77A17EE903A6345A8BF6346012BB8BF77
:10D22C00012307EE903AF8EEE76A76EEC76AC6EE8F
:10D23C00877AF5EEC07AF1EE10FA01D5F1EE677A45
:10D24C00F4EEC67AF1EE10FA03D8B0EE676A8E46A9
:10D25C001A4601312129D2D141690023866BB1F8DC
:10D26C005870A0F84A30F71BA0F84C30A0F84630A4
:10D27C00C763B1F85A70A0F84830F61B80F84430F8
:10D28C000664D1E903763B683343AE053B60C5F3D6
:10D29C004023837600F1A580077EDFF8C08101EB87
:10D2AC000717644B97F814C0D7F81C9008EB0C1CAC
:10D2BC00DCF80860DCF804C03360BB69CCF80030E3
:10D2CC00B9F1000F02D03F6AC9F80070477ED9232C
:10D2DC0001EB071797F834C008EB0C1CDCF808605E
:10D2EC003360BF6BDCF804301F60437E01EB03132B
:10D2FC00DF6B0FB11B6C3B60BEF1080F0EF1FF3CF6
:10D30C00CCBF4FF0000E4FF0010E42EA4E434FEAF5
:10D31C000C6202F0F8521343002223614B784968E7
:10D32C001033E260444A42F8231042694FF0010E78
:10D33C00424905F0030C5778B2F85620404B7A540A
:10D34C004FF0021741694A7803EB521302F01F02A7
:10D35C009B000EFA02F21A60E762A36A43F088039C
:10D36C00A3626B0734D44CF47013AF06827E2AD5BB
:10D37C0043F08053002A3CD12E07A36103D52369C7
:10D38C0043F0005323616369EA0654BF23F08053D2
:10D39C0043F080536361EB0503D5236943F40053D9
:10D3AC0023618B686BB1274D2C78002C3CD0264B1D
:10D3BC0003EB840101E08B422AD053F8042F9042F6
:10D3CC00F9D1BDE8F083002AD6D043F0A003D3E70F
:10D3DC0005F00F03042B14BF1C4B1D4B4CEA03032D
:10D3EC00C3E7477E4FF2D903DFF8708001EB0717D4
:10D3FC0070E7427E43F0A00301EB021292F8342056
:10D40C0008EB0216B668326822F440423260B3E789
:10D41C00611C104A104B297043F82400137843F018
:10D42C0002031370BDE8F0830121F2E7001BB74B38
:10D43C00EC78AD6038F001000018002000E400E04A
:10D44C0040380038FD770020BC3A002010003C002A
:10D45C0010003C400B780020C03A002054060020FD
:10D46C00EFF31380B8B9EFF310834BB9EFF30582E8
:10D47C003AB94FF48073EFF3118050B1984208D24F
:10D48C0070470F2A02D8EFF311827047034B9B5C55
:10D49C00F1E7184670474FF0FF30F1E7F0E300E09A
:10D4AC00036D2DE9F04188460446066913B1426DBF
:10D4BC00C3F88420A37E2BB172B6B36943F000533A
:10D4CC00B36162B6B4F84650636BADB20135AB4292
:10D4DC004CD800273D46B4F848309BB29D4219D039
:10D4EC0029E073691B0210D5B4F84830626B9BB20B
:10D4FC0001339A4237D91A46E16A99422ED9E16929
:10D50C00CB5CDBB2F361A4F84820B4F848309BB292
:10D51C00AB4210D1FFF7A4FF6369B3F856308342D6
:10D52C00DFDAB0F5807FF0D101F060FEB4F848305E
:10D53C009BB2AB42EED0E26AAA4219D9E26902F878
:10D54C00058072B6012084F84400A4F84670B369D3
:10D55C0043F40003B36162B6BDE8F0815B1AA16AC3
:10D56C00CB5CDBB2CEE700221346C5E72F46B2E711
:10D57C00AD1AA26A02F80580E3E700BFFFF790BF7F
:10D58C000269536913F4401F70B537D0D36A13F096
:10D59C00E06FC3F3026E2ED0B0F84A40B0F84C30B6
:10D5AC00A4B29EB2D2F81CC0631CB0F84C10856BB0
:10D5BC00CCF3090C89B29D4298BF0023994208D044
:10D5CC00016B9942A3EB010166D9016A01F803C012
:10D5DC001C460EF1FF3313F0FF0EE3D1836DA0F860
:10D5EC004A4043B1B4425BD3A41B016CA14202D8A4
:10D5FC00C16DC3F884105369DD0248D4D2F818E029
:10D60C001EF4000F28D053691C0225D5B0F846C073
:10D61C00B0F848301FFA8CFC9BB206E0C169C95CBB
:10D62C00C9B2D161D16A490512D463453CD0446B6F
:10D63C000133C16A9C4298BF00239942A3EB0104B9
:10D64C00ECD8816A095DC9B2D161D16A4905ECD5C2
:10D65C006345A0F8483029D01EF4800F16D05369CA
:10D66C005B0213D50021036D80F8441013B1416D9A
:10D67C00C3F88810837E2BB172B6936923F00053E4
:10D68C00936162B6936923F48003936170BD53690F
:10D69C0043F480135361B1E7446A04F801C097E77F
:10D6AC00816B891B0C44A0E7A0F84830936923F4E4
:10D6BC0000039361936943F480039361CCE700BF4B
:10D6CC000148FFF75DBF00BF40140020084601F081
:10D6DC00FDBC00BF2DE9F0410C46D1B1EAB180464A
:10D6EC008F1800250E4E04E001F0F0FCBC420544FE
:10D6FC000CD0D8F8003014F8010B1B68B342F3D0EF
:10D70C00014640469847BC420544F2D12846BDE844
:10D71C00F0810D462846BDE8F0811546F6E700BFBE
:10D72C00DDB7000000B5036883B040F60D2C022273
:10D73C0001A95B68ADF804C0984703B000BD00BFF9
:10D74C00044B022888BF0346D3F800C01846DCF807
:10D75C000430184730140020A94AAA4B90422DE9F6
:10D76C00F047A94CD3F814E09969D4F80CC000F236
:10D77C00088103F1437303F5F4530333A3FB002334
:10D78C00DB0D03EB830303EB830202F2B63240F2B0
:10D79C0027639A4228BF1A469C4BA3FB0232D2083D
:10D7AC00203A984D0CF01F04D5F88030944243F089
:10D7BC00C003C5F880300BD22CF01F0C924C4CEAF5
:10D7CC00020CC4F80CC02368002BFCDA0CF01F040C
:10D7DC001EF0007327D18E4D2E698E4DB54300F08F
:10D7EC00FA8081F4805576464FF4805716F0605FCE
:10D7FC0006D02EF0605E4EEA030E824BC3F814E0A6
:10D80C0015F4405F07D021F440517E4D3943A96196
:10D81C00AB6C1B07FCD44EF0007E7A49C1F814E0C7
:10D82C008B6C9F06FCD47C49884200F2DF80012679
:10D83C0035460EE0082D0CD1042E00F291800136F5
:10D84C00022506FB00F38B4200F2C3805B008B4287
:10D85C0006D8013506FB05F300FB03F38B42E9D92F
:10D86C00771E05F1FF384FEA872A8EEA87276B4926
:10D87C0059186B4B99427CD9DFF8E4916C236948B9
:10D88C006349B0FBF5F0684DB0FBF6F00E6835401F
:10D89C004D4508D043F400534FF480550D600B6098
:10D8AC000B68002BFCDA57490B6903F0070343455F
:10D8BC0004D0C1F810808B6CDE03FCD417F4E05F4D
:10D8CC000BD02EF4E05E0AF4E0534E4943EA0E0E00
:10D8DC00C1F814E08B6C9D07FCD4544D5449451988
:10D8EC008D4239D8534BED09A3FB05352D0B6B1E1F
:10D8FC001B028EEA030111F4407F07D02EF4407E08
:10D90C0003F440733F4943EA0E034B613D494B69B5
:10D91C0023F000734B618B6C9B06FCD4464BA242EC
:10D92C00A3FB00134FF0FF314FEA9343B0FBF5F527
:10D93C00B1FBF3F34149086041490D6041490B606B
:10D94C0008D22CF01F0C30494CEA0202CA600B685A
:10D95C00002BFCDABDE8F0874FF440730425C8E7D0
:10D96C00771E2E494FF007084FEA872A59188EEA7E
:10D97C008727294B99421CD8DFF8E8903623324888
:10D98C007EE7324B984201D80E220AE7304B984280
:10D99C0028D9304A904227D9821A2F4B120AA3FB5E
:10D9AC000232D20902EB820202EB820202F2E24262
:10D9BC00EDE6A3F182532948DFF8AC90A3F5893347
:10D9CC007E3BA3FB01310B0D03FB00F043EA09097D
:10D9DC0056E7012544E71F468EF0C0560D464FF022
:10D9EC00C05303E70F22DCE61222DAE601260346D7
:10D9FC004FF0000A77464FF00008354637E700BF76
:10DA0C00001C4E0E00C00F40000008401F85EB515B
:10DA1C0000800D4040300080FFB19F26808D5B0060
:10DA2C00FF7EF64D00643F4D7F3001807FD1F008C2
:10DA3C007F17B42C9F10E50083DE1B432C140020B1
:10DA4C0028140020CC77002000B29F26FF0A6B1B05
:10DA5C0000A4781F0046C32323B24C00001BB70060
:10DA6C006C200080362000800020008000B97047B8
:10DA7C002DE9F84F01218146224C234E234D54E8C9
:10DA8C00003F3268286844E80013002BF7D1204986
:10DA9C004B684FF47A7BDFF87CA01B1A01270BFB39
:10DAAC0002F8DAF80020A2FB03235B4594BF9844EC
:10DABC00D84454E8003F3268286844E80073002BCF
:10DACC00F7D14B68DAF800C01B1A0BFB02F2ACFB67
:10DADC0003C3B3F57A7F94BFD21802F57A72A2EB26
:10DAEC000802B2F57A7F08D3B9F1010F08F57A78FC
:10DAFC0009F1FF39DDD1BDE8F88F01F077FB04495E
:10DB0C00D7E700BFD8770020D4770020D07700204B
:10DB1C00001000E0CC770020362831D802011B4BD6
:10DB2C00012903EB00109B5800B55A68D0E902ECB0
:10DB3C0012D0042910D022EA0C025A60C9B1022971
:10DB4C001FD003294FF015020CBF114B114BCEF80F
:10DB5C00003043681A6000BD42EA0C0201295A6089
:10DB6C0007D040F63803CEF80030436815221A600F
:10DB7C0000BD38231522CEF8003043681A6000BD72
:10DB8C007047054BCEF80030EFE700BF540600207D
:10DB9C00383001003800010038F0010008B5FDF7FD
:10DBAC00EFFEFEF739F801F021FBFAE7844641EA73
:10DBBC00000313F003036DD1403A41D351F8043BF9
:10DBCC0040F8043B51F8043B40F8043B51F8043B4B
:10DBDC0040F8043B51F8043B40F8043B51F8043B3B
:10DBEC0040F8043B51F8043B40F8043B51F8043B2B
:10DBFC0040F8043B51F8043B40F8043B51F8043B1B
:10DC0C0040F8043B51F8043B40F8043B51F8043B0A
:10DC1C0040F8043B51F8043B40F8043B51F8043BFA
:10DC2C0040F8043B51F8043B40F8043B51F8043BEA
:10DC3C0040F8043B51F8043B40F8043B403ABDD259
:10DC4C00303211D351F8043B40F8043B51F8043BFB
:10DC5C0040F8043B51F8043B40F8043B51F8043BBA
:10DC6C0040F8043B103AEDD20C3205D351F8043B8A
:10DC7C0040F8043B043AF9D2043208D0D2071CBF56
:10DC8C0011F8013B00F8013B01D30B88038060467F
:10DC9C00704700BF082A13D38B078DD010F00303F5
:10DCAC008AD0C3F10403D21ADB071CBF11F8013B65
:10DCBC0000F8013B80D331F8023B20F8023B7BE7B4
:10DCCC00043AD9D3013A11F8013B00F8013BF9D2DF
:10DCDC000B7803704B7843708B7883706046704779
:10DCEC0001F1FF3C70B566464FF0000E01E00EF1FD
:10DCFC00010EB0FBF2F402FB1403092B03F1370500
:10DD0C0098BF03F130059042204606F8015FEED231
:10DD1C0001EB0E0300225A70BEF1000F11D0481C0B
:10DD2C0070440CF102021CF8014F10F8015DA1EBDC
:10DD3C000C03521A8CF80050013B047073449A4245
:10DD4C00EFDB084670BD00BF10B500234FF47044E4
:10DD5C000F224FF4806EA0F88C411946A0F88E214A
:10DD6C004FF46044A0F890310A46B0F8883148F27C
:10DD7C00B82C43F0F003A0F8883101EB41030131DA
:10DD8C0000EB431304299C80A3F806E05A841A86FE
:10DD9C005A805A81A3F80EC05A82DA825A83DA83E7
:10DDAC00EBD1B0F8883143F00F03A0F88831B0F80C
:10DDBC00883143F47063A0F8883110BD374B384A72
:10DDCC00996F384841F47F0170B5996741F20106AB
:10DDDC00D3F8801045F6C05543F226040A43C3F825
:10DDEC008020FFF7B1FF00F58040FFF7ADFF00F595
:10DDFC008040FFF7A9FF00F58040FFF7A5FF002248
:10DE0C00A0F503104FF00F0E114600EB42134FEA32
:10DE1C00421C01329981042A5981A3F80EE09E829A
:10DE2C00DD8020F80C1019829C81EED100221E4856
:10DE3C004FF00F0E41F20106114645F6C05543F264
:10DE4C00260400EB42134FEA421C01329981042A4A
:10DE5C005981A3F80EE09E82DD8020F80C10198207
:10DE6C009C81EED1002211480F2641F2010511468A
:10DE7C0045F6C05443F2260E00EB42134FEA421C07
:10DE8C0001329981042A5981DE819D82DC8020F83F
:10DE9C000C101982A3F80CE0EED170BD00C00F403D
:10DEAC00000003FC00C03D4000001E4000401E402E
:10DEBC0072B6EFF30583524CC4F884301EF0040F95
:10DECC000CBFEFF30882EFF309824FF0E0234D4DC6
:10DEDC00D3F8280DD3F82C1DC4E92201D3F8341D36
:10DEEC00D3F8383DC4E924139369A83444F8103CA2
:10DEFC00D36944F80C3C00F0CDF804ED020A01F0B3
:10DF0C0015FA0B2344F8040C4FF0FF323E4844F84A
:10DF1C00283C2B68202104355A4042F30003013978
:10DF2C0003EA000383EA5202F7D1A542F1D1344B44
:10DF3C00C3F8A820BFF34F8F4FF0E0233149334A89
:10DF4C00C3F8701FC3F8702FBFF34F8FBFF36F8FE1
:10DF5C002F4A02242F48D36E2F4943F44053D366E3
:10DF6C000460D3692D4823F07F0343F04003D36151
:10DF7C000B68834240D8274D00204FF0E0234FF030
:10DF8C00FF3228600121C5F8080125480C460E46D1
:10DF9C00C5F80001C5F80811C3F88021C3F8842125
:10DFAC00C3F88821C3F88C21C3F8902101E000F05C
:10DFBC0071F9D5F80C31002BF9D04F2CC5F80C6148
:10DFCC0004F10104F3D9174B022017494FF000421A
:10DFDC00C1F840015A63D5F80C313BB913481449C8
:10DFEC000C4A0163D2F80C31002BFAD04FF0E0232D
:10DFFC00104AC3F80C2DFEE7FFF7AEFBBBE700BFE2
:10E00C0000FF272080FF27202083B8EDA0FF2720CA
:10E01C0000C00F40004008402C140020803DCD0B68
:10E02C00009F240000900D4000002E4000800F4007
:10E03C00F100AD0B0400FA05094A08B50346106857
:10E04C0023B1034407498B4201D8136008BD02F089
:10E05C00F3F90C2203464FF0FF301A6008BD00BFE5
:10E06C001015002000002820002070474FF0FF30D2
:10E07C00704700BF4FF4005300204B60704700BF47
:10E08C00012070474FF0FF30704700BF30BFFDE7F5
:10E09C00FFF70EBF124AD2F880305B07FBD5D2F8DF
:10E0AC0080301048C3F30B230F4990ED007A07EE34
:10E0BC00903A91ED006AB8EE477A0C4AF8EEE77A9E
:10E0CC000B4BD2ED006A77EEC77A93ED007AB8EE7F
:10E0DC00477A67EE867A87EEA60A37EE400A7047D3
:10E0EC0000810D40BC770020C4770020C877002049
:10E0FC00C0770020836B70B586460E4610461BB168
:10E10C00536843F40043536072B6DEF8342042B3D4
:10E11C001B4B1060D3F8B02132421ED1194C6568EC
:10E12C0005E06268A2EB050CBCF5166F0BD2D3F8B8
:10E13C00402142F48042C3F84021D3F8B811D3F8FF
:10E14C0040215204EDD5314007D10D4ACEE90201F0
:10E15C00D2F8B0313343C2F8B031CEF8340062B6E5
:10E16C0070BD0749CEE90202D1F8B0313343C1F892
:10E17C00B031CEF83000CEF8340062B670BD00BFBE
:10E18C0000002E40001000E070B5056B95B12B46D9
:10E19C00002403E01B680134012B0CD05A681206D2
:10E1AC00F8D5036306462CB12846B36B2D68984707
:10E1BC00013CF9D170BD00220023C0E90C23F1E72A
:10E1CC0000B501BBDFF8A0C0234B0021234A4FF060
:10E1DC00010E4FF001109960C3F800E0CCE9023158
:10E1EC004FF0800CC3F804C0C2F8BC01D2F8B031B7
:10E1FC001B4843EA0E03C2F8B0310160D2F8B031CB
:10E20C00002BFBD100BD0904164BDFF85CC04FF0AE
:10E21C00010E41F080019860104A596000F5805160
:10E22C00C3F800E0D96000F50051CCF84830196112
:10E23C0000F5405100F58040596100219861CCF8FF
:10E24C004C10D2F8B03143F48033C2F8B031D2F86C
:10E25C00B031002BFBD1B7E7E03A002000002E4094
:10E26C0050770020003B00200000002007490122CD
:10E27C000B78824023EA02030B7033B9044AD2F8BC
:10E28C00483123F08003C2F84831704703780020EE
:10E29C0000002E402DE9F047A64C82B0D4F8446122
:10E2AC00F107C4F844614CD5D4F8AC31002B43D001
:10E2BC00A14DA24FDFF8B882C4F8AC31D5E90A20E1
:10E2CC00D4F8403143F40053C4F84031D4F8403111
:10E2DC009B04F5D5D4F840314FF0011123F40053D1
:10E2EC00C4F84031C4F8B411D4F8B43113F00113AC
:10E2FC00FAD191B284463B60B1F5086F00F03A81D7
:10E30C0000F2958040F2023E714500F0928100F2DD
:10E31C00A480822900F0E181B1F5817F00F0B38106
:10E32C00802940F09580864802210380FFF748FF42
:10E33C00D4F8AC31002BBFD17E4AD2F8BC31002BC3
:10E34C0042D1720616D57B4BD3F8AC21C3F8AC2165
:10E35C00D3F8BC21C3F8BC21D3F8B041002CFBD1BD
:10E36C004FF0FF32C3F8B421D3F8843100F046FDEE
:10E37C00744B1C60F40103D5734B1B6803B19847B5
:10E38C00B00103D5714B1B6803B19847710708D5D1
:10E39C00684BD3F8843113F4007345D06C4B0122D5
:10E3AC001A70644BD3F848311A060AD5330608D5CF
:10E3BC00684A13782BB1013BDBB21370002B00F0D1
:10E3CC006D8202B0BDE8F0875C49C2F8BC310868C8
:10E3DC00034240F098815B4A12681340B1D01C0C88
:10E3EC00554D1FFA83F810D094FAA4F7B7FA87F7B3
:10E3FC0005EBC7104030FFF7C7FE012303FA07F700
:10E40C00BC43F1D1B8F1000F9BD0012798FAA8F4C6
:10E41C00B4FA84F405EBC41007FA04F4FFF7B4FE65
:10E42C0038EA0408F2D18CE7494A1370B9E742F292
:10E43C00212E71455AD049D8B1F5106F00F0A28049
:10E44C0042F2210C614503D1010C072900F08C81AB
:10E45C004FF00113C4F8C0316AE7B1F5A06F00F0BA
:10E46C00CA80A1F5D0610129F2D83B4B596800292B
:10E47C00EED01FFA8CFE120C03E019690C33002944
:10E48C00E6D0B3F800C09445F7D1B3F802C0F44518
:10E49C00F3D14FEA122C000CBCF1030F00F0CB812E
:10E4AC001B89834228BF0346B2F5007F9A4640F091
:10E4BC009A81274B1B78002B40F0EE81274952465E
:10E4CC002748DFF89C90FFF771FB9EE142F2213365
:10E4DC00994214D04FF6C0039942B9D183B2FF2BA5
:10E4EC00B6D843F46E4363F30F0CBEE780B230B979
:10E4FC001C4B120C19681C4B19601C4B1A70002316
:10E50C00C5F84880EB64C8F808300123C8F800301F
:10E51C008023C8F804304FF00113C4F8BC31D4F890
:10E52C00B03143F48033C4F8B031D4F8B031002B9F
:10E53C00FBD1FDE600002E400000002050770020AB
:10E54C008477002054770020E8770020EC770020B7
:10E55C00097800200A780020780D0020281E006021
:10E56C0000002020D4770020E477002007780020DA
:10E57C00E03A0020B34B0121B3481B780370FFF73E
:10E58C001FFED5E6AF49120C01930A70AF4AC4F8CE
:10E59C00C821AF4AC4F8CC21AE4AC4F8D02100F04F
:10E5AC002FFC80220199AC4801F060FEAB4980221F
:10E5BC00019BA9644A60AA4AEB64C5F8A02002F149
:10E5CC003C428B6002F56C2202F56F72C5F8E020BC
:10E5DC0001220A604FF00112C4F8BC21D4F8B0211A
:10E5EC0042F48032C4F8B0219E4A3B60D2F8B0317C
:10E5FC00002BFBD19CE69949EB648B600123A96449
:10E60C000B6080234B604FF001139649C4F8BC316A
:10E61C00D4F8B03143F48033C4F8B031D1F8B03110
:10E62C00002BFBD1130C5B0643F08073C1F8543103
:10E63C007EE610F0780F7FF40BAF00F07F028A4B70
:10E64C00000653F822104CBF41F4803141F0010117
:10E65C0043F822100021814BE96499600121AB64DD
:10E66C00196080217F4A59604FF00113C2F8BC3108
:10E67C00D2F8B03143F48033C2F8B031D2F8B031B3
:10E68C00002BFBD154E610F0780F7FF4E1AE00F0D4
:10E69C007F02754B000653F822104CBF21F48031D9
:10E6AC0021F0010143F8221000216C4BE9649960C0
:10E6BC000121AB64196080216A4A59604FF0011343
:10E6CC00C2F8BC31D2F8B03143F48033C2F8B03167
:10E6DC00D2F8B031002BFBD12AE610F078037FF48E
:10E6EC00B7AE00F07F01604A000652F82110564A7E
:10E6FC00138036D5C90301D501231370022152486A
:10E70C00FFF75EFD14E60020086058490C88486845
:10E71C0042F221018C427FF45EAE80B200287FF47D
:10E72C005AAE5349534C03C9A18086284FEA114174
:10E73C002060A1717FF44FAE72B64F48017841F062
:10E74C0008010170D2F848110D0605D48020014350
:10E75C00C2F84401C2F8481162B6484A50211170FF
:10E76C0039E6CB07CAD5C7E74049EB60444BC1E952
:10E77C0000200122AB601A60424A5A603C4A9A60FF
:10E78C00D4F8B01141F00101C4F8B01102F5805178
:10E79C00D96002F50051196102F5405102F5804231
:10E7AC0059619A612F4AD2F8B031002BFBD12B4919
:10E7BC00EB648B600123A9640B6048F280034B600F
:10E7CC004FF00113C2F8BC31D2F8B03143F48033AE
:10E7DC00C2F8B0314FF48033224A3B60D2F8B031EA
:10E7EC00002BFBD1A4E5B2F5E06F7FF468AE264BAD
:10E7FC001B78002B4ED12549DFF8949052464846A1
:10E80C00FFF7D4F9072389F8013029F01F0309EB2E
:10E81C000A02BFF34F8F4FF0E021C1F8703F203355
:10E82C009A42FAD8BFF34F8FBFF36F8F18485146F7
:10E83C00FFF7C6FC7CE50B78834228BF03469A465B
:10E84C003DE600BF08780020847700200200CC0051
:10E85C00C80002000200C80080000020E03A00203E
:10E86C005DCFC6B800002E40C0012E40A044002051
:10E87C0048770020DC770020037800200A780020FD
:10E88C00003B002080000700097800208C1E0060EF
:10E89C00000020200449AFE7044910E60320FFF7ED
:10E8AC00E5FC07F061FB00BF281E00608C1E0060B9
:10E8BC002DE9F043841E83B0022C02D903B0BDE8CD
:10E8CC00F083124D90460F46C60105EBC0143C2256
:10E8DC0000210190201D994601F0C8FCB8FA88F27D
:10E8EC003904520941EA42710122A951C4F8389005
:10E8FC00A260B9F1000FE1D00549019B9A400B6869
:10E90C001A430A6003B0BDE8F08300BF000000208A
:10E91C00547700202DE9F043A0F1020E83B0BEF134
:10E92C00020F02D903B0BDE8F0839146C201124F29
:10E93C00884602F1400605463C220021F419019359
:10E94C00201D01F093FCB9FA89FC4FEA0842019BA7
:10E95C004FEA5C1C42EA4C72BA510122A363A260DA
:10E96C00002BDFD0054905F110000B6882401A43DB
:10E97C000A6003B0BDE8F08300000020547700204B
:10E98C0012044FF0010C816042F08002C0F800C00C
:10E99C00C36101F5805C01F54053426001F5005202
:10E9AC0001F58041C0F80CC08161C0E904237047B7
:10E9BC00831E022B00D9704700F1100C064B0A463F
:10E9CC0003EBC01000B54FF0010E0EFA0CF15DF820
:10E9DC0004EBFFF78FBB00BF40000020831E022B0F
:10E9EC0000D970474FF0010C034B0A460CFA00F1AA
:10E9FC0003EBC010FFF77EBB00000020406870479F
:10EA0C00144B0A22DFF850C0D3F8200220F07F40CC
:10EA1C0000EB800300B55B0085B0604538BF18463D
:10EA2C006946FFF75DF9DFF834C06B46002260469B
:10EA3C0019780132013341B10A2A20F8021FF7D1AB
:10EA4C0016228CF8002005B000BD52008CF8002076
:10EA5C0005B000BD00441F4080969800D0170020E0
:10EA6C0000F0ECBA00F0BABA00F020BB00F0D8BA53
:10EA7C0000F06EBB00F048BB0846114600F03ABBF4
:10EA8C0070B5164D4FF0E02415494FF40032154E79
:10EA9C0005EB401582B001EB4021C4F88C210346F4
:10EAAC00328828460191FFF76BFF019933880B449C
:10EABC00BFF34F8FC4F85C1F20318B42FAD8BFF3E1
:10EACC004F8FBFF36F8F03202946FFF787FF4FF45B
:10EADC000033C4F80C3102B070BD00BF203B0020E5
:10EAEC0080002020F0770020264B1A884368C3F35F
:10EAFC000E43D21A002AF0B5C46983B028DD22482F
:10EB0C00224D01782D78CBB2DFF894C0A942204D6C
:10EB1C0009D01CF803100F4635F811100E46C1F53C
:10EB2C0000718A421AD90133002125F81420082BD0
:10EB3C00184D88BF0B4625F8141098BF19460CF8D1
:10EB4C000340154B017019680A441A6003B0F0BDFC
:10EB5C00204603B0BDE8F040FFF792BF0F4906EB2B
:10EB6C0047200192084401EB4421FFF71FF8019A5A
:10EB7C0009492046B31825F817300B6813440B606D
:10EB8C00E7E700BFF0770020017800200278002032
:10EB9C0090770020A07700208C7700208000202028
:10EBAC00B0770020224B1A78002A3FD102F0FF03E5
:10EBBC00204A1278002A39D01F4A1288002A35D0F0
:10EBCC001E49C2F5006210B5087884B01C4901EBEF
:10EBDC0040141C4901EBC0212046CDE902230191D0
:10EBEC00FFF7CEFEDDE901120A44BFF34F8F4FF061
:10EBFC00E020039BC0F8701F20318A42FAD80193A1
:10EC0C00BFF34F8FBFF36F8F04202146FFF7D0FE69
:10EC1C000A480021084B027819800132019BD2B2BC
:10EC2C00032A98BF1346037004B010BD704700BF91
:10EC3C000678002008780020F27700200578002064
:10EC4C00203C0020801020202DE9F04F87B004904C
:10EC5C00002900F0BF8000235F4C604F4FF001098A
:10EC6C00DFF890A15E4E029303915E4B5E4A1D78D5
:10EC7C003B8802EB451284F800900192002B40F087
:10EC8C00A58098461D469B460198FFF7B7FE10F0ED
:10EC9C00800000F08B80BFF34F8F9AF8003084F81F
:10ECAC0000B00DB9D6F80080002B7BD13368A3EBF4
:10ECBC000803782B00F283804C4B1B78002B71D00F
:10ECCC0000F094FA3B88012584F80090002BDBD0EF
:10ECDC0044491A46C3F500600D78039900EBC52032
:10ECEC00DFF814B19142584417D20593DDE90321A2
:10ECFC000192FEF75BFF019A4FF04041059B9B1A76
:10ED0C003B803B4BC3F88410BFF34F8F029800231A
:10ED1C001044237007B0BDE8F08F0499FEF746FF4E
:10ED2C0000230BEBC5214FF400620198FFF728FE7E
:10ED3C000BEBC521BFF34F8F01F1200201F50063EE
:10ED4C00934294BF012340234FF0E02201EB431385
:10ED5C00C2F8701F20318B42FAD1BFF34F8FBFF333
:10ED6C006F8F04200199FFF723FE1E4A137801339D
:10ED7C00DBB2042B28BF002313703B88039AD11AF3
:10ED8C00029A1A4403910292049A1A4400230492A0
:10ED9C00174A3B80C2F88430BFF34F8F2370002991
:10EDAC007FF463AF029807B0BDE8F08F4FF40062B8
:10EDBC000C4B8AF800001D7813463A808DE701232E
:10EDCC0002988AF8003007B0BDE8F08F1A46C3F5F8
:10EDDC00006082E70846E6E706780020F27700201C
:10EDEC00D477002005780020203C002008780020F3
:10EDFC0000002E400478002080102020704700BFB7
:10EE0C002D4B002180222D4870B51B7800242C4EF0
:10EE1C008B420CBF40234FF400732A4D33802B8060
:10EE2C0001F024FA284A2146284B14704FF48072C2
:10EE3C0027481C8001F01AFA264A1021264B022082
:10EE4C00C2E90044C2E90244244AC3E900441470F4
:10EE5C00234AC3E90244234B1C7023461460224608
:10EE6C00FFF758FD204B224631880320FFF720FD89
:10EE7C002346012229880420FFF74CFD204601344B
:10EE8C00FFF7FEFD082CF9D1184B00214A22184837
:10EE9C00184C0460C3F88410C3F88020D3F84821C0
:10EEAC00154942F08072C3F8482121B1134A1378F6
:10EEBC0043F00103137070BD09780020203C002042
:10EECC00F0770020F477002005780020F2770020FE
:10EEDC00203B002090770020A077002001780020B4
:10EEEC008C77002002780020F9CB000000002E4027
:10EEFC00E8770020B5CC0000000000000B78002063
:10EF0C002DE9F84F4FF400324FF0E023C3F88C2179
:10EF1C002B4B1C78002950D082468B46E4B200273C
:10EF2C00DFF8B490274B5046274AABEB07081B7809
:10EF3C00A34204F1010437D0092C244B244928BFE7
:10EF4C0000241E5D39F8163031F8165003EB4621BB
:10EF5C00ED1A1144A8452A4617D21E4C424650467B
:10EF6C00FEF724FE236839F816105846A3EB0B0362
:10EF7C0088443B4429F8168023604FF0E0234FF47B
:10EF8C000032C3F80C21BDE8F88FFEF70FFE114AD2
:10EF9C002F4430461368AA445B1B1360084A147054
:10EFAC00FFF76EFDBB45BDD84FF0E0234FF40032A8
:10EFBC003846C3F80C21BDE8F88F0846DDE700BFE2
:10EFCC00027800200178002080002020B0770020FB
:10EFDC00907700208C770020A07700200B4B0C4AF8
:10EFEC0012781978D3B28A420DD0013309480A4AF3
:10EFFC00092B0A4928BF0023C35C31F8131002EB1C
:10F00C004323585C70474FF0FF3070470178002065
:10F01C0002780020B077002080002020A07700200C
:10F02C00054B186800B1704700B583B0019000F033
:10F03C00DDF8019803B000BD8C7700202DE9F84F66
:10F04C00144E154D33782A78934220D0DCB2DFF879
:10F05C005090DFF850B0DFF85080104F0134082C7E
:10F06C00A24601D90024A24619F80400DBF80030AE
:10F07C0038F8102037F81010521A9B1ACBF80030C1
:10F08C00FFF7FEFC86F800A02B78A342E6D1BDE882
:10F09C00F88F00BF0278002001780020A0770020B4
:10F0AC00B07700208C7700209077002000B583B0DB
:10F0BC0001210DF10700FFF723FF18B19DF80700A0
:10F0CC0003B000BD4FF0FF30FAE700BF084B00B5AE
:10F0DC0083B01B788DF8070033B101210DF10700C7
:10F0EC00FFF7B2FD03B000BD03F0FF0003B000BD9D
:10F0FC0008780020034B1B780BB1FFF7A5BD03F07C
:10F10C00FF007047087800202DE9F04100240D4ED7
:10F11C0001230D4DA0460D4F33703B782846A3427A
:10F12C0005D0FFF76BFC030658BF08F500680134E7
:10F13C002035042CF1D1BFF34F8F002340463370A0
:10F14C00BDE8F08106780020203C002005780020E6
:10F15C00204B1B7813B1204B1A8802B970471F4BF8
:10F16C00C2F500621E481F4930B51B7883B01E4C97
:10F17C0000EB431001EBC321012305462370002350
:10F18C00CDE90012FFF7FCFBDDE900120A44BFF3E6
:10F19C004F8F4FF0E023C3F8701F20318A42FAD80A
:10F1AC00BFF34F8FBFF36F8F04202946FFF700FC8E
:10F1BC000A49002208480B7802800133DBB2042B89
:10F1CC0028BF13460B70BFF34F8F074B1A7003B059
:10F1DC0030BD00BF08780020F277002005780020B1
:10F1EC00203C002080102020067800202E4B2DE99A
:10F1FC00F0411E7886B1DFF8C88098F800305BB912
:10F20C000123F10788F8003040D4B20727D400233B
:10F21C0088F80030730701D4BDE8F081234B1A68DD
:10F22C00002AF9D0EFF30582002AF5D1EFF310850F
:10F23C0072B61868002830D01D4C217800292CD1CA
:10F24C000122227042691A60002A2AD0916105B904
:10F25C0062B600258368457798472570DCE7154B27
:10F26C001B78002BD3D0144F002557F8044F23687C
:10F27C0020461B69984710B163699B6898470D4BF2
:10F28C0001351A78EBB29A42EFD8C0E7FFF7C8FE07
:10F29C000028BAD0AFF30080B7E7002DBCD162B61E
:10F2AC00BAE7064B1A60D2E70B780020C075002035
:10F2BC00FC770020FD770020BC3A0020CC750020A4
:10F2CC00FE77002070B5EFF3108272B60C4C2068FC
:10F2DC0080B10C4E00254369236073B19D6102B966
:10F2EC0062B6836845779847EFF3108272B6206850
:10F2FC000028F0D102B962B670BD3360EFE700BFF1
:10F30C00C8750020C4750020FFF7DCBF0449054A0E
:10F31C004968054B1960136801331360704700BFCF
:10F32C00001000E0D4770020D0770020074A506A04
:10F33C00936A19468446506A936A9942F9D1844576
:10F34C00F7D1DB0B43EA4040704700BF00400D4053
:10F35C0008B5D0E900325BB1BAB10F4BA3FB021375
:10F36C00DB0803EB4303B2EB83030AD1012008BD96
:10F37C00094BA3FB0213DB0803EB4303B2EB830340
:10F38C0001D0D21A4260F02AF0D801F055F81C22B4
:10F39C00034600201A6008BDABAAAAAA30B583B0F8
:10F3AC0060B3044621B11D46B2FA82F35B09A2B9DF
:10F3BC00206818B362680AB3164B174902FB03F3B3
:10F3CC00B1EBB30F1AD3A368FBB9002323606360BE
:10F3DC00A360E360012003B030BD0193069BC0E93C
:10F3EC000012C360FFF7B4FF60B1002DF2D0626869
:10F3FC0001992068A56000F039FFEBE701F01CF8DB
:10F40C0016230360002003B030BD002100F02EFF56
:10F41C00DBE700BFABAAAAAA555555150A22002155
:10F42C0000F01ABD2DE9F04F01F10B02162A85B040
:10F43C00804624D8102900F2AB8000F0C9FA0225CE
:10F44C0018211022B74C2144A1F108004E688642C5
:10F45C0000F062817268F168B46822F003023244F1
:10F46C00E1608C60516841F001014046516000F050
:10F47C00B5FA06F10804204605B0BDE8F08F32F06D
:10F48C00070200F18580914200F28280019200F027
:10F49C009FFA019AB2F5FC7FC0F0BA81570A7FD06F
:10F4AC00042F00F27281970907F139052BB207F18D
:10F4BC00380CDB009B4C2344A3F108065B689E428E
:10F4CC0007D10DE00028DF6880F21381BE4207D01F
:10F4DC003B46596821F00301881A0F28F2DD654676
:10F4EC00236991498B4200F0F1805E6826F0030697
:10F4FC00B11A0F2900F391818B480029C4E904004B
:10F50C0080F27981B6F5007F676880F01981F10887
:10F51C0001310FFA81FC76090121B14054F83C000D
:10F52C0098600F4304EBCC010839D960676044F84C
:10F53C003C30C360AB1001269E40BE4236D83E42E2
:10F54C0006D125F0030576003E4205F10405FAD0FC
:10F55C0004EBC50A04EBC507A946F9680EE0486838
:10F56C0020F0030EAEEB020CBCF10F0F0B46C9687A
:10F57C0000F31881BCF1000F80F22D818F42EED187
:10F58C0009F1010919F0030F07F10807E5D17FE133
:10F59C000C23C8F800300024204605B0BDE8F08FDD
:10F5AC004FF4007340254FF03F0C83E7A768796850
:10F5BC0021F0030393429A4603D3991A0F2900F3BF
:10F5CC0087805A495A4E0968103111440820CDE9F8
:10F5DC00011200F065FF01994B1E0344454283461E
:10F5EC0030681D40B0F1FF3F18BF294640460191DD
:10F5FC0000F0FAFE411C0546DDE9011200F02B81FA
:10F60C0007EB0A0C844500F224814A4B186800EB86
:10F61C0001090BF1FF3EC3F8009000F089813068BE
:10F62C0001301BBFA5EB0C0C09EB0C00356018600E
:10F63C0015F00700814600F04881C0F10800054430
:10F64C00CDE901236B1803EA0E015844401A00EA75
:10F65C000E06314640469B4600F0C6FE421CDDE9D4
:10F66C00012300F09581401B304440F001011868E3
:10F67C00A56000EB0609A7426960C3F8009017D09B
:10F68C00BAF10F0F40F25E81AAF10C0121F0070CC8
:10F69C00796801F0010141EA0C017960052607EB5C
:10F6AC000C01BCF10F0FC1E9016600F263816968BE
:10F6BC00214B1E684E4538BFC3F800901F4B1E6887
:10F6CC004E4501D2C3F800902F46C6E0676831E77B
:10F6DC00BD1841F0010142F001027A604046A5607C
:10F6EC00696000F07BF907F10804204605B0BDE81D
:10F6FC00F08F9A6801931944D760BA604A6842F057
:10F70C00010240464A6000F069F9019B03F10804CC
:10F71C00204605B0BDE8F08FCE68B1427FF49AAEBA
:10F72C000235DDE6200E0020280E00200876002091
:10F73C0068170020D8750020007600200476002081
:10F74C00B6F5206F4FEA56207CD3142800F2D380F4
:10F75C0000F15C0109B25B30C90004EB010C61588B
:10F76C00ACF1080C8C4503D1A8E089688C4504D019
:10F77C00486820F00300B042F7D8D1F80CC0C3E9B8
:10F78C00021CCCF80830CB60D4E6142F72D9542F5D
:10F79C0000F2BA80170B07F16F052BB207F16E0C54
:10F7AC00DB0087E69D1842F001025A609E68864A8B
:10F7BC00F1608E60C4E90455C5E902224CF00102E7
:10F7CC006A60404643F80EC0019300F007F9019BB4
:10F7DC0003F10804E0E69E441C46DEF8043043F0D6
:10F7EC000103CEF8043054F8083F4046D9608B60D2
:10F7FC0000F0F4F8D0E61E4440467268019342F0E3
:10F80C000102726000F0EAF8019B03F10804C3E600
:10F81C00D508691C09B2C90014E69D1842F0010212
:10F82C005A60694A0193C4E90455C5E9022241F0C2
:10F83C0001026A604046995100F0D0F8019B03F137
:10F84C000804A9E6B00900F1390109B23830C90041
:10F85C0083E7A74263D0A768796821F00300904240
:10F86C00A0EB020102D30F293FF732AF404600F064
:10F87C00B5F890E607F15C052BB207F15B0CDB00E9
:10F88C0018E6514651F808398B428A4640F09A8066
:10F89C0015F0030F05F1FF35F3D1636823EA060376
:10F8AC00636076009E423FF681AE1EB97EE676001E
:10F8BC0009F104091E42FAD04D4649E68010012692
:10F8CC0006FA00F00743676059E7CDE902236B188D
:10F8DC0003EA0E01ABEB010606EA0E063146404682
:10F8EC00019300F081FD431C019B04BF4E4618465A
:10F8FC00DDE90223B7E6542827D8300B00F16F015D
:10F90C0009B26E30C90028E7B7F5AA7F27D8D70B04
:10F91C0007F178052BB207F1770CDB00CAE52B4B0E
:10F92C00186800EB01090BF1FF3EC3F8009076E676
:10F93C0015EA0E0F7FF473AEA568514441F0010136
:10F94C006960B5E601236B6090E7B0F5AA7F25D816
:10F95C00F00B00F1780109B27730C900FDE640F2F6
:10F96C0054539F4224D8930C03F17D0503F17C0C76
:10F97C00EB009FE507F108014046CDE9012300F0BB
:10F98C0079FEA568029B6968D3F80090019A8FE60E
:10F99C00A9F108010BEB0100002664E640F254517A
:10F9AC0088420BD8B00C00F17D01C9007C30D4E644
:10F9BC004FF47E737F254FF07E0C7BE54FF47E7108
:10F9CC007E20CAE663686CE7280E0020D8750020FC
:10F9DC00014800F061BD00BFD0750020014800F067
:10F9EC005DBD00BFD0750020002900F09F802DE97F
:10F9FC00F04383B00C4600928046FFF7E9FF009974
:10FA0C0001F10B03162B60D81023994260D854F8DF
:10FA1C0004EC2EF003029A42A4F1080565DAB3480F
:10FA2C00806805EB020C6045DCF8046000F0908007
:10FA3C0026F0010060444068C0076CD426F0030631
:10FA4C00901983424CDD1EF0010F0FD154F8080CB5
:10FA5C00281A0746406820F0030006441644B342B7
:10FA6C0040F3EF801618B34240F3C9804046CDE90D
:10FA7C000023FFF7D7FCDDE900230646002800F041
:10FA8C00178154F8041C21F001012944A0F1080C41
:10FA9C00614500F0AE80043A242A00F2CE80132A8D
:10FAAC0000F29C8003462246116819605168596027
:10FABC0092689A602146404600F0DCFD4046FFF714
:10FACC008DFF304603B0BDE8F08333F007039CD5BF
:10FADC000C23C8F800300026304603B0BDE8F08394
:10FAEC000246DCE90201C16088606968D01A0F28FF
:10FAFC0001F0010105EB02061BD811436960736824
:10FB0C0043F0010373604046FFF768FF264630461A
:10FB1C0003B0BDE8F0831EF0010FA7D154F8080C18
:10FB2C00281A0746406820F003009BE71146FFF7B0
:10FB3C0079BC19436960E91840F0010048607368AA
:10FB4C0043F0010308317360404600F093FDDAE79F
:10FB5C0026F00306B01803F1100C604580F28B8080
:10FB6C001EF0010F82D154F8080C281A0746406881
:10FB7C0020F0030006441644B445B1463FF772AF7B
:10FB8C003E46F96856F8080F043A242AC16088608A
:10FB9C0000F2A580132A40F2A0802168B960616848
:10FBAC00F9601B2A00F2A480083407F110022168C6
:10FBBC00116061685160A1689160F918A9EB0302AA
:10FBCC004A4D42F00102A9604A607A6802F00102D3
:10FBDC00134340467B60FFF701FF98E723680360FF
:10FBEC00636843601B2A3BD804F1080200F1080348
:10FBFC005AE750F8041C21F003010A4475E7043A53
:10FC0C003D46F96855F8080F242AC160886020D851
:10FC1C00132A1CD92168B9606168F9601B2A3DD888
:10FC2C00083407F110022168116061685160A16805
:10FC3C0091602C4632463D4657E7214600F084FA47
:10FC4C0038E7DCE90201043AC1608860D8E72A464B
:10FC5C00E9E721462846009300F076FA009BE8E796
:10FC6C00A3688360E368C360242A25D004F11002E2
:10FC7C0000F1100318E71D4A1D449560C21A42F0AA
:10FC8C0001026A6054F8042C02F00102134340464E
:10FC9C0044F8043CFFF7A2FE264638E7A168396118
:10FCAC00E1687961242A10D0103407F11802BAE700
:10FCBC004046FFF793FE0EE72369036161694161DA
:10FCCC0004F1180200F11803EEE62269BA616269C8
:10FCDC00FA61183407F12002A5E7324667E721469E
:10FCEC003046009300F030FA009B66E7200E0020AF
:10FCFC00A1683961E1687961242A03D0103407F1D5
:10FD0C00180254E72269BA616269FA61183407F182
:10FD1C0020024CE7242B2DE9F84F42D8012B8846C2
:10FD2C0019463ED091464B4A82461E46C646704600
:10FD3C001EF8017BD35D13F00803F8D12D2F70D082
:10FD4C002B2F05BF9EF800709B469B4600F1020EC0
:10FD5C006FF0004361BB302F4DD00A263146002294
:10FD6C00B3FBF6F4104606FB143505E03CD006FB5D
:10FD7C0000C001221EF8017BA7F1300CBCF1090F69
:10FD8C0006D9A7F1410CBCF1190F17D8A7F1370C04
:10FD9C0061451CDD571CEDD08442E7D24FF0FF3299
:10FDAC00E8E700F049FB162303600020BDE8F88F5C
:10FDBC001029D4D1302F27D00E46D0E7A7F1610CF3
:10FDCC00BCF1190F03D8A7F1570C6145E2DC511CAB
:10FDDC0030D0BBF1000F0CD1B9F1000FE6D0AABBAB
:10FDEC00C9F80080BDE8F88F6545C0DA4FF0FF32E6
:10FDFC00C0E74042F0E79EF8002002F0DF02582AEC
:10FE0C0008D008263146AAE79EF8002002F0DF024F
:10FE1C00582AD1D110269EF8017031460EF1020EEF
:10FE2C009DE79EF800704FF0004300F1020E4FF07A
:10FE3C00010B8FE72222CAF80020B9F1000F07D07E
:10FE4C000EF1FF381846C9F80080CBE70346F7E7F8
:10FE5C001846ABE73105002000B5DFF818E0844602
:10FE6C001346DEF800005DF804EB0A466146FFF726
:10FE7C0051BF00BF7C170020024A0349034800F021
:10FE8C00C9B800BF701700206D12010028120020A5
:10FE9C000C4B4168994210B5044601D003F05EF951
:10FEAC00A168094B994202D0204603F057F9E1684A
:10FEBC00064B994204D02046BDE8104003F04EB9E1
:10FECC0010BD00BF0C76002074760020DC7600207C
:10FEDC002DE9F843314A324C3249DFF8DC90DFF837
:10FEEC00DC80314F1160002504232946082204F1DF
:10FEFC005C00C4E903352D4EA560C4E90055C4E986
:10FF0C000555656600F0B2F904F15800C4E90749DB
:10FF1C00C4E90987E66200F0BBFA2946244B636703
:10FF2C00082204F1C400C4E91A55C4E91E5525671A
:10FF3C00C4F8CC50C4F8805000F098F904F1680370
:10FF4C0004F1C000C4F88430C4E92298C4E92476D2
:10FF5C0000F09EFA174BC4F8DC30294604F5967075
:10FF6C000822C4E93455C4E93855C4F8D850C4F84B
:10FF7C003451C4F8E85000F079F904F1D003C4E925
:10FF8C003D87C4F8F09004F59470C4F8FC60C4F894
:10FF9C00EC30BDE8F84300F07BBA00BF447700209A
:10FFAC000C76002089DF00002DE2000051E20000F9
:10FFBC000900010012000200C9E10000EDE100009F
:10FFCC0010B504460A4800F067FA636B23B9094B75
:10FFDC00094A1B68626323B1BDE81040044800F075
:10FFEC005DBAFFF775FFBDE81040014800F056BA46
:04FFFC00D475002098
:02000004600199
:1000000044770020A1DF0000014800F04BBA00BF98
:10001000D4750020014800F047BA00BFD475002015
:100020002DE9F8430746884616464FF000097568E3
:10003000013D11D4B468A389012B08D9B4F90E305D
:1000400001332146384602D0C04749EA0009013D44
:100050006B1C04F16804EED13668002EE7D14846E7
:10006000BDE8F8830CB430B5144B0D1E1C689DB070
:100070001FDB14BF01220022AA1A114B0593002195
:1000800021AB1B91029006900492079202A9209A3C
:100090000193204601F01AF8431CBCBF8B23236058
:1000A00015B1029B00221A701DB0BDE8304002B0AD
:1000B00070478B2323604FF0FF30F5E77C1700205B
:1000C0000802FFFF10B50C46B1F90E1000F07CF9E4
:1000D000002803DB236D0344236510BDA38923F4AB
:1000E0008053A38110BD00BF2DE9F0411F46B1F937
:1000F0000C301646DA050C4605460BD423F4805323
:10010000A381B4F90E103B4632462846BDE8F041C3
:1001100000F082B90223B1F90E10002200F03EF97E
:10012000B4F90C30EAE700BF10B50C46B1F90E1077
:1001300000F034F9B4F90C30421C0EBF23F48053A4
:1001400043F480532065A38110BD00BFB1F90E10A8
:1001500000F012B9884270B531D98B1883422ED97C
:10016000032A00EB02011DD941EA030C1CF0030F26
:100170001D4618D14FEA920C0CF1FF36A1EB8C040E
:100180008C4653F804ED4CF804EDA445F9D1C6EBC8
:10019000867301EB830105EB830CACF10403043996
:1001A00002F0030252B102F1FF3C6FEA0C0C9C44D6
:1001B00013F8012D01F8012D6345F9D170BD032A13
:1001C00050D941EA00039B074ED10F2A51D922F0A2
:1001D0000F0301F1100601F1100C103B203100F16A
:1001E000100E19445CF8104C4EF8104C5CF80C4C96
:1001F0004EF80C4C5CF8084C4EF8084C5CF8044C7B
:100200004EF8044C0CF1100C8C450EF1100EE9D197
:10021000F11812F00C0F034402F00F0503F1100364
:1002200025D025F0030CACF1040426461A1F1C1936
:100230008C465CF804EB42F804EFA242F9D1043199
:1002400004333144334405F00302002AB6D0013AA6
:100250000132013B0A4411F801CB03F801CF91426E
:10026000F9D170BD0346F0E7013A0346F0E72A46AC
:10027000EBE703461546D4E730B5840786460346C8
:1002800006D0A2B303F8011B980702F1FF32F8D1A0
:10029000032A26D95FFA81FC0CEB0C2C0F2A0CEBFD
:1002A0000C402AD922F00F0C9C44C3E90000C3E99A
:1002B000020010336345F8D112F00C0F02F00F0466
:1002C00017D04FEA940C0CF1FF351A4603EB8C0C57
:1002D00042F8040B6245FBD1043304F0030203EB44
:1002E000850322B11A4403F8011B9A42FBD17046E0
:1002F00030BD2246002AF5D1F9E71446E1E700BFF8
:1003000010B504460843830701D1032A19D8A4462F
:1003100001F1FF3E07E01EF8011F03F8011B501E0C
:1003200031B19C4602466346002AF4D1204610BDF6
:1003300094440028FAD003F8011B6345FBD1204602
:1003400010BD0B46A44618681946A0F1013323EAF4
:10035000000313F0803F01F10403D9D1043A032ACA
:100360004CF8040BEFD81946D2E700BF014B93F8C5
:10037000100270471415002038B5074C00230546BD
:1003800008462360FDF778FE431C00D038BD236883
:10039000002BFBD02B6038BD5877002038B58C4639
:1003A000084C114605461A46604600232360FDF7B7
:1003B0006FFE431C00D038BD2368002BFBD02B60A0
:1003C00038BD00BF5877002038B58C46084C114620
:1003D00005461A46604600232360FDF74BFE431C8A
:1003E00000D038BD2368002BFBD02B6038BD00BF88
:1003F0005877002038B5074C00230546084623608F
:10040000FDF720FE431C00D038BD2368002BFBD035
:100410002B6038BD5877002038B58C46084C114603
:1004200005461A46604600232360FDF78FF9431CFA
:1004300000D038BD2368002BFBD02B6038BD00BF37
:1004400058770020014B1868704700BF7C170020C8
:1004500070B50E4E0E4DAE4208D0761BB61000247D
:1004600055F8043B01349847A642F9D8094E0A4D85
:1004700005F084FDAE4208D0761BB610002455F876
:10048000043B01349847A642F9D870BDF01D0060C6
:10049000F01D0060F41D0060F01D0060704700BF9B
:1004A000704700BF704700BF704700BF082802D1E7
:1004B0004FF48050704708B5FFF7C4FF1623036060
:1004C0004FF0FF3008BD00BF00000000000000003A
:1004D000000000000000000000000000000000001C
:1004E000000000000000000000000000000000000C
:1004F00000000000000000000000000030B490F890
:1005000000F020F007016FF0000C10F0070491F8E4
:1005100020F040F048804FF000046FF00700D1E970
:10052000002391F840F000F1080082FA4CF2A4FA9E
:100530008CF283FA4CF3A2FA8CF34BBBD1E9022381
:1005400082FA4CF200F10800A4FA8CF283FA4CF320
:10055000A2FA8CF3E3B9D1E9042382FA4CF200F158
:100560000800A4FA8CF283FA4CF3A2FA8CF37BB95C
:10057000D1E9062301F1200182FA4CF200F10800D2
:10058000A4FA8CF283FA4CF3A2FA8CF3002BC6D0B7
:10059000002A04BF04301A4612BAB2FA82F200EB03
:1005A000D20030BC7047D1E9002304F00305C4F148
:1005B00000004FEAC50514F0040F91F840F00CFA62
:1005C00005F562EA05021CBF63EA050362464FF0C7
:1005D0000004AAE7F8B5064608200C46FFF766FFB8
:1005E00007463046FFF7FAF9224A93685D6825F01E
:1005F0000305A5F111031C1B3C44B4FBF7F4013CBB
:1006000007FB04F4A74208DC00213046FFF7F2FEA6
:10061000184A93682B44984204D03046FFF7E4F917
:100620000020F8BD61423046FFF7E4FE0130114A78
:100630000DD0114993682D1B45F001055D600B68D5
:1006400030461B1B0B60FFF7CFF90120F8BD0021DE
:100650003046FFF7CFFE074A9268831A0F2BDCDD86
:1006600043F001035360054B03491B68C01A08603F
:10067000D3E700BF200E0020D875002068170020A7
:10068000002965D02DE9F0410C460746FFF7A6F991
:1006900054F804EC7D49A4F1080C2EF001030CEB96
:1006A00003028D685068954220F003000EF00106A9
:1006B00000F08B80151850606D6805F00105A846A4
:1006C000AEBB54F8084CACEB040C2344DCF80840F7
:1006D00001F1080E74456BD0DCF80C50E560AC609D
:1006E000B8F1000F00F08C8043F00100CCF804005A
:1006F0001360B3F5007F35D2DA0848685C0901322F
:10070000012312B2A34003434B6051F83200CCF8EE
:10071000080001EBC203083BCCF80C3041F832C0B2
:10072000C0F80CC03846BDE8F041FFF75DB985B9A7
:10073000034401F1080E9068704543F001047AD03B
:10074000D268C2609060CCF804404CF80330D0E727
:1007500070474EF00102B3F5007F44F8042C4CF8CA
:100760000330C9D3B3F5206F4FEA53204AD298091A
:1007700000F1390212B200F13804D20088188A5808
:100780000838904203D15FE09268904204D05168EB
:1007900021F003019942F7D8D068CCE90220C0F8D3
:1007A00008C03846C2F80CC0BDE8F041FFF71CB9DC
:1007B000A5BB1844D2E90223D3609A6040F001033C
:1007C000CCF804304CF80000ACE7184446B954F8B3
:1007D000083CACEB030C1844DCE90223D3609A60BC
:1007E00040F00103CCF80430294BC1F808C01B6865
:1007F000834297D8274B38461968FFF7EBFE91E7FD
:10080000034498E714280FD9542824D8180B00F172
:100810006F0212B200F16E04D200AFE743F00101A3
:10082000CCF8041013607DE700F15C0212B200F115
:100830005B04D200A2E7C1E904CCCCE902EECCF81B
:1008400004404CF803306DE7A4100123A3404C682A
:1008500023434B60A1E7B0F5AA7F07D8D80B00F17E
:10086000780212B200F17704D20087E740F25452C6
:10087000904206D8980C00F17D0200F17C04D20071
:100880007CE74FF47E727E2478E700BF200E0020C4
:100890006C1700200876002082B049B15AB16BB1C4
:1008A00013780B601278101E18BF012002B0704739
:1008B00001A9002AF3D1104602B070476FF0010081
:1008C000F4E700BF30B5436C83B005460C4653B126
:1008D00053F8240088B1026843F824200023C0E9BB
:1008E000033303B030BD2122042102F02BFE034666
:1008F00068640028ECD10020F3E7012101FA04F339
:100900005A1D92002846019302F01CFE0028F2D0E6
:10091000019B44608360E1E731B1436C4A6853F85E
:100920002200086043F82210704700BF2DE9F04113
:100930000E6917460D461C4601F114024FF0000ED9
:1009400011688BB207FB03434FEA134C090C07FBFA
:1009500001CC0EF1010E9BB203EB0C43764542F83D
:10096000043B4FEA1C44EBDC3CB1AB68B34207DD0F
:1009700005EB860301365C612E612846BDE8F081F7
:10098000696801318046FFF79DFF0746B0B12A69CB
:10099000023205F10C0192000C30FDF70DF9D8F888
:1009A00044306A6853F82210296043F822503D46CB
:1009B00005EB860301365C612E61DEE7024B0348DE
:1009C0003A46BA2102F09EFD180C00202C0C0020A3
:1009D000B0F5803F034636BF030400201020B3F17A
:1009E000807F3CBF1B020830B3F1805F06D3B3F1B8
:1009F000804F0FD29A0012D4033070471A01B2F11F
:100A0000804F00F1040006D29B0108D45B00F3D4B0
:100A1000202070471A46002AFBDB01307047023065
:100A2000704700BF0368590708D0DA071FD4990739
:100A30002AD55B0803600122104670479AB282B93A
:100A40001B0CDAB2B2B11022190701D104321B0912
:100A5000990714D0D90701D401325B08036010460E
:100A60007047DAB24AB11A0717D10422EFE7002221
:100A70001046704718221B0AE6E70822FBE75907D1
:100A800007D502329B08E9E79B0802220360104663
:100A90007047DB0804D12022CEE7DB080322DDE724
:100AA0000332DBE738B5436C04460D464BB158685A
:100AB000B0B102685A6000220123C0E903234561F6
:100AC00038BD2122042102F03DFD03466064002868
:100AD000EDD1094B0948002240F2451102F012FD08
:100AE0001C220121204602F02DFD0028F1D0012218
:100AF0000223C0E90123DEE7180C00202C0C0020A3
:100B00002DE9F04F0F691569AF4285B00E4690464A
:100B100005DB2A4643463D46884617461E46D8F81A
:100B20000830D8F80410EC19A342B8BF0131FFF720
:100B3000C9FE8446002800F09C80143000EB840E2F
:100B4000704505D20346002143F8041B9E45FBD89F
:100B5000143606EB870296427CD208F1140707EBA5
:100B60008505A5EB080308F11508A845A3F11503B1
:100B7000CDE902E44FEA930A8CBF00240124914698
:100B8000E34605E0090C34D1B14500F104005ED91B
:100B900056F8041B8AB2002AF4D0CDE90090B8467A
:100BA0008646002358F8041BDEF800001FFA81F97E
:100BB0004FEA114C81B202FB0911000C194402FBEF
:100BC0000C0000EB114089B241EA004145454EF866
:100BD000041B4FEA1043E5D8DDE90090002C4FEAF2
:100BE0008A0208BF00220244536056F8041C090C14
:100BF000CAD00368CDF800908846BC4686460022DD
:100C00001946BCF8009008FB092909EB11499BB271
:100C100043EA09434EF8043B5CF8043BDEF800105D
:100C20001B0C8AB208FB032303EB194365454FEA0B
:100C30001342E6D8002C4FEA8A02DDF8009008BF84
:100C400000220244B145536000F10400A0D8DDE960
:100C500002E4DC46002C02DC05E0013C03D05EF837
:100C6000043D002BF9D06046CCF8104005B0BDE83B
:100C7000F08F034B034862464FF4B17102F042FC1F
:100C8000180C00202C0C0020F8B512F003031446B9
:100C900007462FD10E46A4102AD03D6C002D32D02D
:100CA00004F0010364103BB92868B8B1054604F0AC
:100CB00001036410002BF7D02A4631463846FFF76F
:100CC0001FFF36B17B6C716853F82120326043F806
:100CD000216074B1064628680028E7D12A462946D3
:100CE0003846FFF70DFF0023286003600546DEE766
:100CF0003046F8BD013B0F4A52F823200023FFF78E
:100D000015FE0646C7E701213846FFF7DBFD05461D
:100D100040B1012340F27122C0E90432002338645B
:100D20000360BDE7044B05482A4640F2451102F036
:100D3000E9FB00BFC4090020180C00202C0C002087
:100D40002DE9F0470D4691462E69AB68496806EBE0
:100D50006216741C9C4207464FEA621804DD5B0071
:100D60009C4201F10101FADC3846FFF7ABFD8446F5
:100D700000284FD0B8F1000F00F114000BDD08F18E
:100D800005010CEB81010346002243F8042B8B4242
:100D9000FBD100EB8800296905F1140319F01F0845
:100DA00003EB810E2ED0C8F1200902464FF0000A55
:100DB000196801FA08F141EA0A0142F8041B53F8E4
:100DC000041B9E4521FA09FAF2D8AEEB0503153B48
:100DD00023F0030305F11502964538BF00230433C1
:100DE00040F803A0BAF1000F00D134467B6C6A686A
:100DF000CCF8104053F822102960604643F8225086
:100E0000BDE8F087043853F8042B40F8042F9E45C2
:100E1000F9D8EAE7034B044862464FF4EF7102F059
:100E200071FB00BF180C00202C0C002003690A691C
:100E300000B5B3EB020E12D100F1140C14310CEB1F
:100E4000820301EB820101E09C4508D253F8040DB6
:100E500051F8042D9042F7D003D24FF0FF3E704678
:100E600000BD4FF0010E704600BD00BF2DE9F04FF0
:100E700017460A693B69A2EB0308B8F1000F83B07B
:100E80000C4615D1143107F1140505EB830501EB70
:100E9000830302E0994280F0858053F8046D55F891
:100EA000042D9642F6D080F08A804FF0010805E0CC
:100EB000FBDB3B464FF000080F461C467968FFF706
:100EC00001FD002800F086803A692669C0F80C8090
:100ED00007F1100107F11408834600F1140704F12B
:100EE000140008EB820E944600EB86060023B946F8
:100EF000C2460A46019450F8041B52F8045F8CB2B3
:100F00001FFA85F8A8EB0408090C9844C1EB1541B9
:100F100001EB28411FFA88F848EA0144864249F863
:100F2000044B4FEA2143E6D8A146019C301B1538FB
:100F3000153420F00300A64238BF00200AEB000160
:100F40000431C4198E4562460846DC4698BF2346E4
:100F50001AD9A7EB0A070434C61950F8045B13FA30
:100F600085F82B442D0C05EB28459BB243EA054937
:100F70008645C6F800904FEA2543EDD80EF1FF33C1
:100F80005B1A23F003032344B9F1000F04D153F893
:100F9000041D013A0029FAD06046CCF8102003B0B5
:100FA000BDE8F08F0021FFF78DFC844658B1012287
:100FB0000023C0E90423604603B0BDE8F08F3B4640
:100FC00027461C467AE7074B0748624640F237211E
:100FD00002F098FA0246034B034840F2452102F022
:100FE00091FA00BF180C00202C0C00202DE9F043D2
:100FF000894683B0012157EC106B9046FFF762FCE5
:101000000446002846D0C7F30A55C7F313030DB1B1
:1010100043F480130193331E15D101A8FFF702FD9D
:10102000019B636101212030216115B3A5F2334595
:101030000544C0F13500C9F80050C8F8000020464A
:1010400003B0BDE8F08368460093FFF7EBFCDDE9F1
:10105000002328B1C0F1200103FA01F10A43C34083
:10106000002B0CBF012102216261A3612161002DCF
:10107000DCD104EB8103A0F23240C9F8000018690A
:10108000FFF7A6FCC0EB4110C8F80000204603B0F3
:10109000BDE8F083034B0448224640F20F3102F0D2
:1010A00031FA00BF180C00202C0C002049B1FF2A97
:1010B00002D80A70012070478A2303604FF0FF3086
:1010C00070470846704700BF000000002DE9F04F50
:1010D0002DED028BD1B00C460791904609938246C4
:1010E00002F076F9036811931846FFF707FA082211
:1010F0001090002120A8FFF7BFF8A389180603D598
:101100002369002B01F06E8000239FED728BCDE9E7
:101110002533CDE9143327AA0D9324921746129351
:101120001393059345462C466C4BD3F8CC61FFF7DF
:101130001DF920AA034600921AA922465046B0473C
:10114000002800F09880C0F28E801A9A252A034663
:1011500001D01C44E8E7B4EB0508064640F08F8058
:1011600000234FF0FF328DF85F309B460693013429
:101170002378049201349946A9F120035A2B00F2F6
:10118000AF80DFE813F0FE02AD00AD00FA02AD0063
:10119000AD00AD00DD02AD00AD00A802B702AD00AC
:1011A000B302C002AD00BC025B005B005B005B00F1
:1011B0005B005B005B005B005B00AD00AD00AD0061
:1011C000AD00AD00AD00AD002101AD009C01AC0350
:1011D000210121012101AD00AD00AD00AD00A8034A
:1011E000AD00AD000803AD00AD00AD007302AD0071
:1011F0006103AD00AD009807AD00AD00AD00AD00DE
:10120000AD00AD00AD00AD002101AD009C01870136
:10121000210121012101ED0387016C00AD000804CB
:10122000AD00F8033D0413046C00AD0073026A00C6
:101230008303AD00AD00FB07AD006A00A9F13003E8
:10124000002214F8019B02EB820203EB4202A9F197
:101250003003092BF5D906928EE723788AE72378A5
:101260004BF0200B86E70822002120A8FFF704F8A6
:1012700001231C4458E7B4EB0508064610D0259915
:10128000269B013143440729C7E90058269325913D
:1012900017DC0837059B43440593002E7FF460AFAD
:1012A000269B002B41F00383079B9B8903F040039F
:1012B000002B41F0CF86059851B0BDEC028BBDE804
:1012C000F08F079924AA504601F022FF0028EBD1A5
:1012D00027AFDFE700000000000000001415002029
:1012E000B9F1000FDCD00023CDE90B3301228DF8DA
:1012F000DC908DF85F3008930A9204930E9337AD1B
:101300000292269A1BF08403904600F005819DF816
:101310005F1009B3DDF894C000260CF10101012033
:101320000132786007290DF15F00CDE925123860A0
:1013300000F33E8408377EB1DDF894C00CF1010162
:1013400018A80232386007294FF00200CDE92512B3
:10135000786000F320840837802B00F06583049BBD
:101360000A995E1A002E00F3E8801BF4807F40F09B
:1013700021810A9B7B601A44259B3D600133072B2A
:101380002692259300F3BC8308371BF0040F05D089
:10139000069B02995D1A002D00F31884DDE90531E2
:1013A00002988142ACBF5B181B180593002A40F0DD
:1013B000778300232593089B1BB108995046FFF7BC
:1013C0005FF927AF2546AEE6099B073323F00703F5
:1013D000B3EC028B9FEDA17BB0EEC86BB4EE476B14
:1013E000F1EE10FA099300F33986B4EE488BF1EE72
:1013F00010FA81F14685B9F1610F01F07A83B9F1F4
:10140000410F01F07084049B013301F07F82B9F138
:10141000670F18EE903A4BF4807801F0F584B9F13B
:10142000470F01F0F1840023089318EE903A002B47
:10143000C1F20885B0EE487B0026A9F14103252BB7
:1014400001F2DD81DFE813F0A50CDB09DB09DB0924
:10145000700ADD0ADB09DB09DB09DB09DB09DB09D3
:10146000DB09DB09DB09DB09DB09DB09DB09DB095C
:10147000DB09DB09DB09DB09DB09DB09DB09DB094C
:10148000DB09DB09DB09DB09A50CDB09DB09DB096F
:10149000700ADD0A1BF0200F40F0DE85099A1BF070
:1014A000100F52F8046B41F01C861BF0400F09929C
:1014B00001F08E8046F3C038434636B21FE2B9F1E0
:1014C000430F03D01BF0100F00F0658608220021A7
:1014D00022A8FEF7D1FE099A37AD126822AB294641
:1014E000504603F015F80A90013001F0AE850A9BD2
:1014F00023EAE3730293099B269A0433099300239A
:10150000CDE90B338DF85F30089304930E931BF0F5
:10151000840390467FF4FBAE0699029E8E1B002E3C
:1015200000F321849DF85F1000297FF4F3AE049B43
:101530000A995E1A002E7FF718AF4A49259B0F9132
:10154000102E27DD39464FF0100837462E46254627
:10155000079C04E0103F102F01F1080116DD013354
:1015600040481032072BC1E90008CDE92532F1DDF2
:1015700024AA2146504601F0CBFD002840F0988275
:10158000103F102FDDE9253227A9E8DC2C4635462F
:101590003E460F4601330F9939603244072BCDE99F
:1015A00025327E6000F364841BF4807F07F1080716
:1015B0003FF4DFAEB9F1650F40F3AC82B5EE408B7E
:1015C000F1EE10FA40F05283259B27493960013330
:1015D00001320121072B26922593796000F37F8742
:1015E0000837199B0D998B4280F2EB84109B11995F
:1015F0001A44C7E90013259B26920133072B259334
:1016000000F3D38508370D9B5D1E002D7FF7BDAE1F
:101610001449259B0F91102D40F39787A146DDF8C3
:101620001C8010260C4604E00837103D102D40F3B6
:101630008B8701331032072BC7E90046CDE92532ED
:10164000F2DD24AA4146504601F062FD002840F038
:101650002F82DDE9253227AFE7E700BFFFFFFFFF5D
:10166000FFFFEF7FFC0D0020C80C0020DDF8248078
:1016700058F8045B00238DF85F30002D00F0A18541
:10168000B9F1530F00F037871BF010030B9340F0B4
:101690003287049B002BC1F2FC801A460B99284626
:1016A00001F09CFE9DF85F300890002801F048840E
:1016B000089A521B0A9222EAE27202920BB101329C
:1016C00002920B9BCDF8248004930E930C93089305
:1016D0004FF0730915E6099B53F8042B0692002A74
:1016E00080F27584069A09935242069223784BF051
:1016F000040B3FE52B238DF85F3023783AE5237800
:101700004BF0800B36E5214611F8019BB9F12A0F09
:1017100001F09084A9F13003092B98BF002201F257
:10172000DD8211F8019B02EB820203EB4202A9F178
:101730003003092BF5D942EAE27304930C461BE50A
:10174000504601F045FE436813931846FEF7D6FE57
:1017500015900646504601F03BFE826823781492AD
:10176000002E3FF407AD002A3FF404AD1278002AA2
:101770003FF400AD4BF4806BFCE423784BF0010B9D
:10178000F8E49DF85F202378002A7FF4F3AC202250
:101790008DF85F20EEE41BF0200F4BF0100000F0FE
:1017A0002884099B073323F007031A46596852F827
:1017B000083B099200228DF85F20049A002A18DB6A
:1017C00053EA010220F4906B15D1049A9AB910F0F3
:1017D00001031A46029300F0738630238DF83F31DF
:1017E000049B0A92CDE90B330E9308930DF23F153B
:1017F00087E520F4806B50AD03F00702DB0843EA75
:101800004173C908303253EA0106284605F8012D14
:10181000F2D11BF0010F00F01582302A00F0128285
:101820003023049905F8013C023850AB1B1A994249
:101830004FF00002B8BF1946CDE90B2208920A9377
:10184000054602910E925CE51BF0200F4BF0100153
:1018500021D1099B1A1D099B04981B684FF00008B1
:1018600040458DF85F801E4659DB21F0800B002B30
:1018700040F08C850992002840F0E983CDE90B0007
:101880000A900E900290089050AD3AE51BF0200FA0
:1018900000F0BE835946099B073323F0070200235B
:1018A0008DF85F30049BD2F8048052F8086B0992DF
:1018B000002B35DB56EA080321F0800B31D1049B65
:1018C000002B40F0C483CDE90B330A930E930293AF
:1018D000089350AD15E523784BF0080B4AE41BF054
:1018E000200F4BF0100300F07A83099A073222F0A0
:1018F00007029B46536852F8086B09929846002BE2
:10190000C0F2C282049A002A0BDB56EA08032BF0CD
:10191000800B06D1002A00F04187302607E00992AB
:101920008B460A2E78F1000380F0BF823036049A8D
:101930009DF85F308DF83F61012AB8BF0122029205
:1019400001220A920DF23F15002B01F06D83029BDC
:10195000013302930023CDE90B3308930E93D0E4B7
:101960002378682B03BF63784BF4007B01344BF082
:10197000400BFFF7FFBB099A1BF0200F02F1040395
:1019800000F08883126805991160C91751600993A6
:101990002546FFF7C8BB23786C2B03BF63784BF059
:1019A000200B01344BF0100BFFF7E4BB099A049EA7
:1019B00052F8041B002047F630038642ADF8603031
:1019C0008DF85F000B46C0F2DB832BF0800545F0FD
:1019D000020B002940F0D683002E00F0E686099223
:1019E00030230122CDE90A210E918DF83F31029674
:1019F0000DF23F154FF078098E4608910C91A5E342
:101A00001BF0200F40F02583099A1BF0100F52F8AD
:101A1000043B41F05E831BF0400F00F0E9859BB270
:101A2000099258460021C5E6069B02995E1A002ECF
:101A30007FF795AC8B49259B0F91102E24DD3846FE
:101A40004FF010082F4619462546864C04E0103EFC
:101A5000102E00F1080013DD013110320729C0E912
:101A60000048CDE92512F2DD079924AA504601F07D
:101A70004FFBE8B9103E102EDDE9251227A8EBDC5C
:101A80002C460B463D46074601330F9939603244D8
:101A9000072BCDE925327E6000F3638508375EE4CD
:101AA000079924AA504601F033FB00283FF481AC8B
:101AB000089B002B3FF4F8AB08995046FEF7E0FD79
:101AC000079B9B8903F04003FFF7F2BB109B119922
:101AD0001A44C7E90013259B26920133072B25934F
:101AE00000F3068707F108010028C1F21E810D9856
:101AF0000D6001330244072BCDE92532486046DDF5
:101B0000079924AA504601F003FB0028D0D1269A59
:101B100027AF3AE40D98259B012802F1010203F159
:101B2000010307F1080140F364810120072BCDE98F
:101B300025323D60786000F32C821098119E0133AD
:101B40000244072BC1E90060CDE9253200F32D8264
:101B500008310D98B5EE408BF1EE10FA00F1FF362A
:101B600000F05F81013301353244072BCDE9253286
:101B70000D604E6000F349810831129848600133CE
:101B80000244072B1CA8CDE925320860B8DC01F11E
:101B90000807FFF7FABB07990F9324AA504601F0F4
:101BA000B7FA002884D1269A0F9B27AFFFF7D4BB42
:101BB00007990F9324AA504601F0AAFA00287FF44F
:101BC00077AF269A0F9B27AFFFF7B5BB102D259B4C
:101BD00041F3D580A046DDF81C90234C102604E08C
:101BE000103D102D07F1080715DD01331032072BCA
:101BF000C7E90046CDE92532F2DD24AA4946504620
:101C000001F086FA00287FF453AF103D102DDDE976
:101C1000253227AFE9DC21464446884601332A4471
:101C2000072BC7E90085CDE925327FF7B7AB0799C8
:101C300024AA504601F06CFA00287FF439AF269AA6
:101C4000FFF7ACBB049950AA521B91424FF000031E
:101C5000B8BF1146CDE90B3308930A9202910E9357
:101C6000FFF74FBBFC0D0020340600201998002818
:101C700040F300840B9B0D998B42A8BF0B46002BB1
:101C800098460ADD1A44C7E90053259B2692013382
:101C9000072B259300F3B48708370B9EB8F1000F8C
:101CA000A8BFA6EB0806002E00F3AB820B9B1BF42B
:101CB000806F03EB050940F0CA82199B0D998B4296
:101CC00003DB1BF0010F00F07D85109911980A4489
:101CD000C7E900012599269201310729259100F3D2
:101CE0009B8708370D996E18A6EB0906CD1AAE42F0
:101CF000A8BF2E46002E0BDD259BC7F800900133B0
:101D00003244072B7E602692259300F3D387083751
:101D1000002EA8BFAD1B002D7FF737ABB949259B1F
:101D20000F91102D40F31184A146DDF81C80102680
:101D30000C4604E00837103D102D40F305840133B4
:101D40001032072BC7E90046CDE92532F2DD24AA7F
:101D50004146504601F0DCF900287FF4A9AEDDE9E8
:101D6000253227AFE7E72599102E404640F36187DB
:101D70000F943A46A846079CA34D1F4604E0103E28
:101D8000102E02F1080216DD013110301023072950
:101D9000CDE9251015605360F1DD24AA2146504697
:101DA00001F0B6F900287FF483AE103E102EDDE975
:101DB000251027AAE8DC3B460F9C17462A464546D5
:101DC000904601F1010C3218BCF1070FCDE925C294
:101DD000C7F800807E6000F336839DF85F100837F7
:101DE000002940F0F880002B3FF4B9AA0B46FFF71A
:101DF000A5BA1BF0010F7FF498AE0120072BCDE9A7
:101E000025323D6078607FF7B8AE079924AA504626
:101E100001F07EF900287FF44BAEDDE9253227A9D9
:101E2000ABE60D9801287FF7A8AE112875480F90F2
:101E300040F3B783A046079F1025044604E008310D
:101E4000103E102E40F3AC8301331032072BC1E952
:101E50000045CDE92532F2DD24AA3946504601F08D
:101E600057F900287FF424AEDDE9253227A9E7E7FA
:101E7000079924AA504601F04BF900287FF418AEC8
:101E8000269A27AFFFF771BA2D238DF85F30049B98
:101E9000764268EB4808002BFFF643AD0A2E78F136
:101EA00000032BF0800BFFF441AD0294CDF8289095
:101EB00050A9DDF8509008974FF0000C0BF48064A7
:101EC00026E016EB0803514843F10003A0FB032072
:101ED00020F0030202EB90029B1AF31A4B484FF0DA
:101EE000CC32B646474602FB03F268F1000800FB1D
:101EF0000822A3FB0063BEF10A0F13444FEA560603
:101F000077F10007294646EAC3764FEA53082DD3F6
:101F10003E4D16EB080343F10003A5FB032020F020
:101F2000030202EB90029B1AF31AA3FB053268F13D
:101F3000000005FB00225B0843EAC27303EB830346
:101F4000A6EB430330330CF1010C01F8013C4D1EAC
:101F5000002CB6D099F800306345B2D1BCF1FF0F28
:101F6000AFD00A2E78F1000380F0B3830499029C6D
:101F7000CDF8509050AB5A1B9142B8BF1146DDF8D6
:101F80002890089F9DF85F30CDF834C00A920291E6
:101F9000DAE4079924AA504601F0BAF800287FF441
:101FA00087ADDDE9253227A9C7E5079924AA504660
:101FB00001F0AEF800287FF47BADDDE9253227A9DA
:101FC000C7E51BF0010F3FF4E0A9FFF70FBB099332
:101FD0002378FFF7CFB81E460023FFF79EB9099A72
:101FE0000432099909920E684FEAE6789B46434607
:101FF00085E4099B1A1D099B09921B680021FFF7C4
:10200000D9BB00BFFC0D002034060020CDCCCCCCC9
:10201000099A1BF0100052F8043B41F057801BF066
:10202000400100F0A8818DF85F009BB204994FF049
:10203000000841451E46C0F2A9812BF0800B002B01
:1020400040F0A481049B0992002B3FF43CAC002695
:102050006CE45846FFF7A5BB5B4646E4B5EEC08B83
:10206000F1EE10FA2BF0800B00F11E839DF85F302B
:10207000B9F1470FCCBFA44DA44D002B40F05287BF
:102080000322CDE90B3308930A9204930E93029234
:10209000FFF737B91BF0100F40F07C821BF0400FA8
:1020A00040F0A7831BF4007F00F07482099A059921
:1020B000126811706BE4964E1BF0200F00F07D81CA
:1020C000099B073323F007031A46586852F8083B68
:1020D00009921BF0010140F05C81049A8DF85F10B9
:1020E000002AC0F28B8153EA00022BF4906B00F0BF
:1020F000948103F00F02B25C8DF83F211B0943EA83
:102100000073020953EA10100DF23F150BD003F0D3
:102110000F001B09305C05F8010D43EA0273120938
:1021200053EA0200F3D1049A50AB4FF0000E5B1B50
:102130009A42CDE90BEEB8BF1A460A930292CDF847
:1021400020E0CDF838E000293FF4DBA8029BDDE970
:1021500025C2023302931BF084039046614604D1EA
:10216000069E0298361A002E06DCBEF1000F3FF4E0
:10217000E5A80226FFF7D1B80223F5E5654E9BE7F7
:102180004BF0020B0992634E03F00F020221B25C86
:102190004FF07809B0E7099B1B688DF8DC3001230C
:1021A00002930A9337ADFFF7A6B9079924AA5046C0
:1021B00000F0AEFF00287FF47BAC269A27AFFFF734
:1021C00022BA049B0895062B28BF062302930A9384
:1021D0002B460495CDE90B334F4DCDF824800E935B
:1021E000FFF78FB840215046FDF722F9079B186092
:1021F0001861002800F06087079A40235361FEF7BA
:1022000083BF102E259B40F32E874448DDF81C80A9
:102210000F9039464FF01009074604E00831103E90
:10222000102E40F32B8201331032072BC1E90079C5
:10223000CDE92532F2DD24AA4146504600F068FF80
:1022400000287FF435ACDDE9253227A9E7E70D9BAF
:10225000DDF83880CDF83CB0EB1804930C9BDDF82A
:102260001CB00B94002B4E463946DDF85090159F5C
:102270000E9531DDB8F1000F40F32B8108F1FF38E6
:102280002598139B01303A440728C1E9003726926C
:10229000259000F39F800831049B99F800009D1B56
:1022A0008542A8BF0546002D0CDD259801302A4443
:1022B0000728C1E900652692259000F35E8199F810
:1022C00000000831002DACBF441B0446002C14DC78
:1022D00006440C9B002BCDDCB8F1000FCEDCDDE911
:1022E0000D35EB189E42CDF850900B9CDDF83CB0BC
:1022F000B1460F4628BF9946DFE4102C2598074BBE
:102300002BDD10250A9310E08C0C0020880C002097
:10231000AC0C0020980C0020C00C0020FC0D00200C
:10232000103C102C01F1080116DD0130AE4B1032CB
:102330000728C1E90035CDE92502F1DD24AA594677
:10234000504600F0E5FE00287FF4B2AB103C102CA4
:10235000DDE9250227A9E8DC0A9B0B600130224455
:102360000728CDE925024C6000F3588399F8000056
:1023700008310644ADE71BF4007840F0328204993E
:102380008DF85F8000291E46BFF657AE0992FFF711
:10239000C8BA53EA000237D030228DF860200022FC
:1023A0008DF85F20049A8DF86190002A23DB2BF4CE
:1023B000906242F0020B02219BE6099A1BF0100F7B
:1023C00052F8043B099214D11BF0400F0DD09BB280
:1023D00000207EE624AA5946504600F099FE0028C7
:1023E0007FF466AB269A27A956E71BF4007F40F0DE
:1023F000F58100206DE64BF0020B022103F00F0285
:102400002BF4806BB25C77E6049B00218B428DF845
:102410005F10C0F241812BF4906B049A002A00F007
:10242000CB80012A33788DF83F31B8BF01220023D9
:1024300002920122CDE90B3308930A920E930DF21A
:102440003F15FEF75EBF07990F9324AA504600F090
:102450005FFE00287FF42CAB9DF85F10269A0F9B3F
:10246000002900F0AC801E46DDF894C0034627AF7B
:10247000FEF753BF259B5D493960013301320121CD
:10248000072B26922593796000F37C81083700287A
:102490007FF41CAB0D990BF001030B433EF475AFB9
:1024A000109B11991A44C7E90013259B269201330A
:1024B000072B259300F31C8207F10801FFF717BBD8
:1024C000049B0A93CDE90B330E93089350ADFEF7AE
:1024D00018BF0C9B013B09F1FF390C93D0E607991B
:1024E00024AA504600F014FE00287FF4E1AA269AA0
:1024F00027AFFFF776B80822002122A81B95FDF729
:10250000BBFE049B002B7DDB00260294CDF82080CF
:10251000344698460EE037A9504601F0F9FF411CB9
:10252000204400F09484404509DC06F1040600F0E4
:10253000008504461B9A925922AB002AEBD10A94DB
:10254000DDF82080029C6AE04C4601330F99396027
:102550002A44072B7D60CDE925327EF715AFFFF7C2
:10256000CFBA079924AA504600F0D2FD00287FF484
:102570009FAA269A27AFFEF7F2BE24AA59465046D4
:1025800000F0C6FD00287FF493AA99F80000269A6F
:1025900027A997E6099A059912681160FFF7F7B91C
:1025A000444601330F9808603244072BCDE92532A9
:1025B0004E607FF7E1AA28E4049BFFF784B9002B63
:1025C00000F00981DDF894C00B4627AFFEF7B6BED8
:1025D0001BF4007F16BF46F3C0184FEAE67876B2C8
:1025E0004346FFF78CB900BFFC0D0020C80C00204B
:1025F0001BF4007100F0F980DBB20992584600210B
:10260000FFF7D8B822AB009300231BAA1946504607
:1026100001F0A6FF0A90013000F019841B950A9B77
:10262000002B00F09F80632B00F34C810023089364
:1026300037AD0822002122A8FDF71EFE0A9E22AB1C
:1026400000931BAA33462946504601F089FF864273
:1026500040F042850A9A0023AB5422EAE2720292C9
:102660009DF85F20049312B1029A01320292CDE9E3
:102670000B33CDF824800E93FEF743BE0F46013393
:102680000F9939603244072BCDE925327E6000F383
:1026900023810837FFF70ABB33788DF83F312BF4DD
:1026A000806B0DF23F153EE52D238DF85F30B9F1BB
:1026B000470F4FF000030893049340F3E680032292
:1026C000964D0A92CDE90B330E9304230293FEF745
:1026D00018BE159A1399AD1A2846FDF711FE99F800
:1026E00001300BB109F101098D4A16EB080343F1E2
:1026F0000003A2FB030727F0030000EB97001B1A5F
:10270000F31A4FF0CC3168F1000803FB01F102FB32
:102710000811A3FB023001445B0843EAC1764FEA8B
:10272000510816EB080343F10003A2FB031020F04D
:10273000030101EB90015B1AF31AA3FB023168F16C
:1027400000005B0802FB001243EAC27303EB830341
:10275000A6EB4303303305F8013C4FF0010C013D7B
:10276000FFF7F8BB9DF85F30CDF82480003B18BF21
:10277000012302930A9B0493CDE90B330E93089334
:10278000FEF7BFBD079924AA504600F0C1FC0028FF
:102790007FF48EA91998269A27AF78E69DF85F30C6
:1027A00002920A9250ADFFF7CFB8049B0992CDE98F
:1027B0000A330E930C93029350AD4FF078099E4666
:1027C0000893C3E46E18A6EB0906CD1AAE42A8BF63
:1027D0002E46FFF79DBA27AFFEF7C1BDDBB2002042
:1027E00077E48DF85F10DBB220E409925846FEF7DB
:1027F000E1BF099A059912681180FFF7C8B822ABAA
:1028000001931BAB0093B0EE470B049A19AB022166
:1028100050468DED027B00F065FF9DED027B054685
:102820001BF0010F40F05582229B5A1B199B0D9201
:10283000D81C0B93C0F2018204999942C0F20B811B
:102840009A4200F392820B9B0A931BF4806F03D091
:102850000B9B002B00F32D830A9B23EAE373C346F3
:1028600002934FF0670900230E930C930BF00201C3
:10287000002E00F0CA804FF02D0E8DF85FE0029B15
:1028800001330293002304935DE40322254D0A9251
:1028900018E72846FDF732FE9DF85F300A9020EADF
:1028A000E0720292002B3EF40CAFFEF708BF079CCB
:1028B00024AA2146504600F02BFCA38903F04003D4
:1028C000FEF7F6BC591C5046FCF7B2FD0546002841
:1028D00000F0F6830890ACE6079924AA504600F071
:1028E00017FC00287FF4E4A8269A27AFFFF7DEB98B
:1028F000079924AA504600F00BFC00287FF4D8A8C2
:10290000DDE92532199827A9FFF7EEB800230893CF
:10291000062304934BF48078FEF787BD8C0C0020CF
:10292000CDCCCCCC880C0020049B01330D9302212C
:1029300022AB01931BAB0093B0EE470B19AB0D9A82
:1029400050468DED027B00F0CDFE0D9B29F0200C52
:10295000BCF1460F9DED027B054600EB030100F044
:102960009880B5EE407BF1EE10FA00F0D882229B01
:10297000994288BF4FF0450C40F2CF8230205A1C5C
:1029800022921870229B8B42F9D35B1B0D93BCF1F2
:10299000470F199B0B9356D0BCF1460F00F08F8068
:1029A0000B9B8DF87090013B002B1993C0F24C816A
:1029B0002B22092B8DF8712000F34F8130228DF8E6
:1029C00072200DF17302303302F8013B1CABD31AB5
:1029D00012930D9B129A012B1A440A9240F34182E2
:1029E0000A9B109A13440A930A9A2BF4806343F4C7
:1029F000807B22EAE2720023CDE90B330E93029230
:102A000034E7049B0D93032192E79DF85FE0BEF14C
:102A1000000F7FF434AF0496FFF795BB24AA594604
:102A2000504600F075FB00287FF442A899F800009A
:102A3000269A27A906444CE4199B0B934B1BBCF127
:102A4000470F0D933BD10B9B0333C0F2F680049BE1
:102A50000B9A93420FDA0B9B013BA9F10209002B61
:102A60008DF870901993A3DA0B9B2D22C3F101030B
:102A70008DF87120A2E70D9B0B9A934200F37581AC
:102A80001BF0010F0B9B00F0B282109A13440A93C3
:102A9000DBE62B78302B00F06182199B1944B5EEF0
:102AA000407BF1EE10FAC7D0229B8B42FFF466AF59
:102AB0005B1B0D93BCF1470F199B0B93C3D00B9974
:102AC000049A0BF00103002943EA020340F3CF828A
:102AD000002B40F01A820B9B0A934FF066091BF4FF
:102AE000806F40F0E8810A9B23EAE373C3460293B8
:102AF000B9E647F63003ADF86030049B632B4BF02A
:102B0000020B00F35C8118EE903A002BC0F23B817F
:102B1000B0EE480B19A800F0B1FCB4EE007B20EE3B
:102B2000077BB5EE407BF1EE10FA40F040820123C6
:102B30000026199337AD0896AE480499B3EE004BC2
:102B40002B4606E0B5EE407BF1EE10FA00F00F8266
:102B5000114627EE047BFDEEC76B4A1E16EE90CAA7
:102B600010F80CE0B8EEE65B9C4637EE457B03F8C8
:102B700001EB0029E6D1B6EE005BB4EEC57BF1EEC9
:102B800010FA08DCB4EE457BF1EE10FA1ED116EE19
:102B9000902AD2071AD5CDF888C013F8011C90F8F6
:102BA0000FC08C451A460AD14FF0300E02F801ECE6
:102BB000229A511E229112F8011C6145F6D0392942
:102BC00016BF0131817AC9B202F8011C199A5B1B48
:102BD0000D93B9F1610F02F1FF33199300F01F82D9
:102BE00050214FF04109002B8DF87010C0F20E8279
:102BF0002B22092B8DF871202FDC0DF17202E2E6F9
:102C0000079924AA504600F083FA00287EF450AFBA
:102C1000269A27AFFFF741B8079924AA504600F03B
:102C200077FA00287EF444AF199B269A27AFFFF766
:102C300059B8DFF8CC81FFF7C4B80B9BA9F10209A2
:102C4000013B8DF8709019930B9A2D238DF87130FC
:102C5000C2F101030832BFF6B1AE0DF17F0CDFF80F
:102C6000A4E162461046AEFB0312D20802EB8201D9
:102C7000A3EB41013031632B00F8011C134600F136
:102C8000FF32EFDC303302F8013C831E634580F0F5
:102C9000C8810DF1710213F8011B02F8011F634591
:102CA000F9D103F5A0736B44CC3B1B1A1CAA9B1AE9
:102CB00012938EE6079924AA504600F029FA0028BC
:102CC0007EF4F6AE199D0D9B269A5D1B27AFFFF78C
:102CD0001FB8049B4FF0470CE918E0E600230C46B0
:102CE0000493FEF749BA45F63003ADF86030049B13
:102CF000632B4BF0020B62DC18EE903A002B42DBA8
:102D0000B0EE480B19A800F0B9FBB4EE007B20EE42
:102D1000077BB5EE407BF1EE10FA01D10123199348
:102D200000263548089637AD07E74642103033484D
:102D30000F9052DA1027804603E00831103E102E23
:102D40004BDD01331032072BC1E90087CDE9253275
:102D5000F3DD079924AA504600F0DAF900287EF442
:102D6000A7AEDDE9253227A9E8E70D9B109A9A184E
:102D70000B9B0A92002B79DD4FF06709AFE6DFF875
:102D80008080FEF74BBF0023089337AD2D26B1EEB0
:102D9000487BB0EE470B19A800F070FBB4EE007B47
:102DA00020EE077BB5EE407BF1EE10FA04BF012365
:102DB0001993B9F1610F3FF4BFAE0F48BDE6049B14
:102DC0005046591CFCF734FB0546002800F03D81B5
:102DD00008904BF48078FEF728BB01330F98086009
:102DE0003244072BCDE925324E6000F302810831D1
:102DF000FEF77DBE980C0020AC0C0020FC0D0020DE
:102E000034060020CDCCCCCC049A002A00F0D4802B
:102E1000002BC0F22481B0EE487B002622AB019348
:102E20001BAB0093B0EE470B19AB049A022150463E
:102E30008DED027B00F056FC00239DED027B0546E4
:102E40000893EDE42D26B1EE487BFEF7F6BA079B1A
:102E50009B890022089243F04003079A9381FEF772
:102E600027BE1BF0010F3FF4BFADB9E5C3F101036D
:102E70001A4422EAE273C3460A9202934FF06709AA
:102E8000F1E418EE903A13F000432BF0800B0B9313
:102E900000F09A802D238DF85F30B9F1470F4FF085
:102EA00000030893049340F3F8800322944D0A92A0
:102EB00008E44FF0670914990B78FF2B00F0F880B5
:102EC00000200B9A0E90844603E001300131FF2B65
:102ED00009D0934207DAD21A4B78002BF5D10B7840
:102EE0000CF1010CF3E7CDE90B201491CDF838C0BB
:102EF0000C9A0E9B159913440A9A01FB03230A931B
:102F000023EAE373C3460293B0E4109B02EB01098A
:102F10004B440A934FF06609E1E55B1B0D93199B47
:102F20000B933DE50023032208930A920493FFF7D5
:102F3000C9BB049B029CDDF820800A93FFF76FBB9E
:102F4000CDF824801BB3049B0A935A1C0292049070
:102F50000E900C904FF07309FEF7D3B9B5EE407B9D
:102F6000F1EE10FA1ED1199B0B93194466E5002A65
:102F70000491FFF62BAE0499302001EB030C1946A7
:102F800001F8010B6145FBD11A44531C1EE6049B5A
:102F90000A930293089B0E930C9304934FF07309CA
:102FA000FEF7AFB90D9BC3F10103199376E5002637
:102FB0005448089637ADC0E5934273DBB0EE487BCA
:102FC0000123049E049329E79DF85F30B9F1470F70
:102FD000CCBF4B4D4C4D002B40F086800322049318
:102FE0000A920E930C9308930292FEF78AB90A9301
:102FF0002BE4079924AA504600F08AF800287EF4B2
:1030000057ADDDE9253227A9FEF771BD2D238DF8D7
:103010007130C2F101030832FFF61FAEEDE57021F9
:10302000E1E502231293D4E4CDE90B3308930E9328
:10303000FEF767B9099A63780C4652F8041B0992A7
:1030400041EAE1710491FEF795B8079A938943F03C
:10305000400393814FF0FF330593FEF72CB92D26E3
:10306000B1EE487BDAE629490F91FFF708BBC3466A
:1030700033B9012302934FF066090A93FFF7F3BBBC
:10308000109B03F10109049B4B440A9323EAE37369
:1030900002934FF06609FFF7E6BB03221A4D0A922E
:1030A000FFF710BB01232D260493B1EE487BB5E654
:1030B00000230E930C931BE70C23CAF80030C9E7DA
:1030C000079B08909B8943F04003C6E65946FEF7EC
:1030D000C2BB5846FEF78FBF079B9B8943F0400356
:1030E000BBE65B46FEF77DBF002304930E930C9373
:1030F000089303230A9304230293FEF702B900BF47
:10310000940C0020980C0020900C0020FC0D002056
:103110002DE9F0411546926802B32C6807468846AF
:10312000083401E00834C9B16B68581E002B114601
:10313000686013DD54F8046C002EF3D0334654F865
:10314000082C4146384602F0A1FB431C07D0AA6870
:10315000921B1146AA6008340029E5D10020002303
:10316000C5E90133BDE8F08170B5002941D00646BC
:103170000C4610B1436B002B3ED0FCF745FF636E4D
:10318000B4F90C20DD0730D4900538D521463046FF
:1031900000F04CF8E36A054633B1E16930469847E0
:1031A0000028B8BF4FF0FF35A3891A0639D4216B28
:1031B00041B104F14003994202D03046FDF760FA74
:1031C00000232363616C21B13046FDF759FA0023D7
:1031D0006364636E0022DB07A2811ED5A06DFDF73C
:1031E0005FF9FCF717FF284670BD002ACED1FCF727
:1031F00011FF0025284670BDFCF7E8FEBDE7A06D75
:10320000FDF750F9B4F90C30002BBFD1636ED9072C
:10321000EDD4A06DFDF748F9E9E7A06DFDF744F99D
:10322000DCE721693046FDF72BFAC0E7B1F90C2045
:103230002DE9F041804610070C4650D4496842F40D
:1032400000630029A38164DDA66A002E44D000211A
:1032500012F48052D8F80050C8F8001065D1E16926
:1032600001234046B047411C02466CD0B4F90C30F3
:10327000A66A5B0705D56368D21A236B0BB1E36BB3
:10328000D21A0023E1694046B047471CB4F90C301C
:103290004DD1D8F800101D2940D8304ACA40D60771
:1032A0003CD52269226023F40062A281D9044FF048
:1032B0000002626003D5D8F80030002B41D0216BAA
:1032C000C8F8005041B104F14003994202D0404691
:1032D000FDF7D6F9002323630020BDE8F0810E69D5
:1032E000002EF9D00D680E6092070CBF4B690023C9
:1032F000AD1B8B600AE02B463246E169676A4046A7
:10330000B8470028A5EB0005064406DD002DF2DCD9
:10331000E2E7E16B002997DCDEE7A38943F0400395
:10332000A3814FF0FF30BDE8F081226DA1E7226953
:10333000226023F40062A281DB044FF0000262608D
:10334000BDD52065BBE7D8F80030002B8ED01D2BF3
:1033500001D0162BE1D1C8F80050BDE70100402094
:1033600000B5034683B008B1426B52B3B1F90C000B
:1033700098B14A6ED20701D4820512D51846009141
:10338000FFF754FF00994A6E0346D00702D48A899A
:1033900092050ED5184603B000BD0346184603B08B
:1033A00000BD886D01930091FDF77CF8DDE9001305
:1033B000E4E7886D0093FDF777F8009B184603B0AB
:1033C00000BDCDE90001FCF701FEDDE90031CDE7EC
:1033D00000487047EC1600200000000001F0FF01DB
:1033E000102A2BDB10F0070F08D010F8013B013A30
:1033F0008B422DD010F0070F42B3F6D1F0B441EA62
:10340000012141EA014122F007047FF00007002377
:10341000F0E80256083C85EA010586EA010685FACD
:1034200047F5A3FA87F586FA47F6A5FA87F68EB927
:10343000EED1F0BC01F0FF0102F0070232B110F84A
:10344000013B013A83EA010313B1F8D10020704730
:1034500001387047002D06BF35460338073815F090
:10346000010F07D1013015F4807F02BF013015F440
:10347000C03F0130F0BC0138704700BF4DF804BDBB
:1034800083B08DED000B019ADFF870C022F000438D
:1034900000216345016025D8DDF800C053EA0C0C1B
:1034A00020D0DFF85CC002EA0C0CBCF1000F0AD19E
:1034B0009FED107B20EE077B8DED007B019A6FF076
:1034C000350122F00043DDE900BC6FF31E5242F0EB
:1034D0007F5C1B154CF4001CA3F2FE33CDE900BC4D
:1034E0000B4403609DED000B03B05DF804BB704717
:1034F000AFF300800000000000005043FFFFEF7FAB
:103500000000F07F00B50B4C2468864685B0E0686B
:103510009C460C4652B108490094CDE9011273460D
:103520000649624601F028F8FAF7B6FD04490A4652
:10353000F2E700BF7C170020CC0C0020DC0C002040
:10354000D80C002010B5A1FB021482B074BBFBF7AD
:103550006FFF034670B350F8042C22F00302043AC4
:10356000242A10D8132A16D91B2AC0E900441AD9D4
:10357000242AC0E902440ABFC0E9044400F1100152
:1035800000F1180108E021460190FCF775FE019B4F
:10359000184602B010BD014600221846C1E90022BB
:1035A0008A6002B010BD00F10801F5E7FCF74AFFA0
:1035B0000C2303600023184602B010BD2DE9F04F24
:1035C00003690C69A34283B0C0F28880013C01F119
:1035D000140500F1140855F8243058F8242001335C
:1035E00008EB84069A4200964FEA840B05EB8407A9
:1035F000B2FBF3F63AD300230191C64629469C4616
:1036000051F8042BDEF800901FFA82FA06FB0A3309
:103610004FEA134A120C06FB02A29BB21FFA89FA68
:10362000AAEB030363441FFA82FCCCEB234C0CEBA4
:10363000194C9BB243EA0C438F424EF8043B4FEACD
:103640002C4C4FEA1243DBD258F80B3001996BB97E
:10365000009B043B984504D307E0984504F1FF34F0
:1036600003D21A68043B002AF7D004618146FDF7B3
:10367000DDFB00282EDB01364146002255F8040B05
:10368000D1F800C01FFA80FE1FFA8CF3A3EB0E03E3
:103690001344020CC2EB234202EB1C429BB243EAEE
:1036A0000243AF4241F8043B4FEA2242E6D258F8C7
:1036B000242008EB84036AB9043B984504D307E04F
:1036C000984504F1FF3403D21A68043B002AF7D06E
:1036D000C9F81040304603B0BDE8F08F002003B0B9
:1036E000BDE8F08F2DE9F04F93B08DED000B049104
:1036F000816B1C9D069257EC106B0446089341B1F8
:10370000C26B4A60012393408B60FDF705F90023EB
:10371000A363B7F10008B4BF012300232B60A34BC0
:10372000BCBF28F00048CDF8048033EA080300F05D
:1037300092809DED007BB5EE407BF1EE10FA0DD14D
:10374000089A012313601D9B13B11D9A984B1360B7
:10375000984B0293029813B0BDE8F08F10AAB0EE18
:10376000470B11A920468DED027BFDF73FFC5FEA78
:1037700018539DED027B109A834640F08280119B86
:10378000134403F23241202940F3E281C1F14001A8
:1037900008FA01F803F2124126FA01F148EA0101A0
:1037A00006EE101AB8EE466B013B16EE901A4FF07B
:1037B0000108A1F1F8719FED772BB7EE081B9FED83
:1037C000775B9FED784B06EE901A03EE903A36EE5B
:1037D000416BB8EEE33BA6EE025BB0EE456BA3EEA9
:1037E000046BFDEEC65BB5EEC06BF1EE10FACDEDED
:1037F000055A00F1C0800599D21A162902F1FF3A44
:1038000000F2A4806C4B03EBC10393ED006BB4EEAC
:10381000C67BF1EE10FA00F1A281002A40F3C084C9
:103820000027CDE90A178A4400230993049B092B3A
:103830003DD8052BC4BF043B0493049BA3F10203B2
:10384000CCBF00250125032B33D8DFE813F0FA01A4
:10385000F701ED019201089AC8F3130842F20F73C1
:1038600058EA060813601BD11D9B002B00F042860E
:10387000524B029308331D9A0298136013B0BDE8AF
:10388000F08F17EE901AB0EE476BC1F3130141F0C1
:103890007F51A3F2FF3341F440114FF000088AE753
:1038A0001D9B002B40F06181454B029352E70023A2
:1038B00004930025E563294620468DED067BFDF740
:1038C00001F89DED067B0290002800F0B485119A66
:1038D000029BA363002A75DB05990E2972DC364B27
:1038E00003EBC10393ED003B87EE036BBDEEC66BAC
:1038F000029916EE103A303301F8013B4FF0FF39D0
:10390000B8EEC65BA5EE437B0123B2EE044B11E09B
:1039100087EE036BBDEEC66B013316EE102A4B45E6
:1039200002F13002B8EEC65B01F8012BA5EE437B35
:1039300000F0A38427EE047BB5EE407BF1EE10FA95
:10394000E6D1059B013304930D46ECE001230B9374
:10395000059BBAF1000FBABFC2F101074FF0000A90
:103960000027002B80F2F180059BFF1A5B42099330
:1039700000230A935AE7B8EEE55BB4EE465BF1EE3E
:1039800010FA3FF438AF05990139059133E700BFCC
:10399000AFF3008061436F63A787D23FB3C8608BEA
:1039A000288AC63FFB799F501344D33F0000F07F25
:1039B000C90C0020C80C0020A80200200C0D00201B
:1039C000180D00204FF0FF390695CDF83090B8F172
:1039D000000F00F0E984DDF8248002F23342012177
:1039E00020469244BD18FDF75DF80646002F40F0D2
:1039F0009F82099B002B00F09383B8F1000F40F0E9
:103A000077835946099A2046FDF73EF901238346FC
:103A1000099301212046FDF745F80A9B8046002BBB
:103A200040F04582049B012B40F3AA8201205044C0
:103A300010F01F0000F008811B2800F3D582C0F1B0
:103A40001C00054407448244002D05DD59462A46E2
:103A50002046FDF775F98346BAF1000F05DD4146B2
:103A600052462046FDF76CF980460B9B002B40F038
:103A70000082B9F1000F40F3D781099B002B40F081
:103A80002481059B01330493029F012507E05946D9
:103A900000230A222046FCF749FF013583464146B0
:103AA0005846FFF78BFD4D4500F1300A07F801AB92
:103AB000EDDB029BB9F1000F03F1010209F1FF39BF
:103AC0004FF00003D8BF4FF00009914400935946CE
:103AD00001222046FDF734F941468346FDF7A6F959
:103AE000002840F32083029A02E0914500F02683EB
:103AF0004D4609F1FF3915F8013C392BF5D001335A
:103B000089F8003041462046FCF706FF5EB1009B75
:103B10002BB1B34203D019462046FCF7FDFE3146D7
:103B20002046FCF7F9FE59462046FCF7F5FE002337
:103B30002B70089B049A1A601D9B002B3FF40AAE61
:103B400002981D6013B0BDE8F08F9A440A936BE6AB
:103B5000C1F1200106FA01F106EE101A22E6059BDA
:103B6000013B059300230B93F2E6AC4B0293033326
:103B700081E601230D93DDE90523134403F10109D7
:103B80004E46012E0C93B8BF0126172E40F39C849D
:103B9000012204235B0003F11400B042114602F13C
:103BA0000102F7D9E16320468DED0E7BFCF78AFE1A
:103BB0000290002800F03F84B9F10E0F9DED0E7BBE
:103BC000A06346D8002D44D00599002940F3F18226
:103BD000934B01F00F0203EBC203CD0593ED006B95
:103BE0004FEA211340F18A838E4A92ED085B03F07D
:103BF0000F03032187EE054B002B00F0FB81894A60
:103C000001E05B100832D80703D45B100832DE07EE
:103C1000F7D592ED005B5B1001F1010126EE056B1B
:103C200000F0E8810832F2E701230D93069B002B98
:103C300040F38B81069E0C96B146A6E700230D93B8
:103C400099E700230D93F1E71C20054407448244C3
:103C5000FAE6119A002AC0F24081059B0E2B00F370
:103C60003C816F4B059A03EBC20393ED003B069B2F
:103C7000002B80F2ED82B9F1000F00F3E98240F0F1
:103C80008682B1EE046B23EE066BB4EEC67BF1EEDA
:103C900010FA494640F27C82029D312305F8013B2F
:103CA0002046FCF739FE059B023304933BE731467F
:103CB00000230A222046FCF739FE0C9B002B064607
:103CC00040F3FA83DDF830900595002F05DD31468D
:103CD0003A462046FDF734F806460A9B002B40F092
:103CE000F6823746029D6B1E4B440A93009B03F0FD
:103CF00001030C9341465846FFF760FC31460B9098
:103D000000F1300A5846FDF791F8414681463A469F
:103D10002046FDF7ABF8C3680146002B36D1099069
:103D20005846FDF783F8099906902046FCF7F4FD04
:103D3000069A002A5AD1049B1BB90C9B002B00F059
:103D4000A483B9F1000F43DB0A9BA9469D4209F801
:103D500001AB00F0D782594600230A222046FCF727
:103D6000E5FDBE42834631464FF000034FF00A02A4
:103D7000204635D0FCF7DAFD3946064600230A22F4
:103D80002046FCF7D3FD4D460746B3E72046FCF737
:103D9000C3FDB9F1000F08DB009B03F00102049B97
:103DA00049EA030952EA09022ED159460122204666
:103DB000FCF7C6FF41468346FDF738F8002840F37C
:103DC0004183BAF1390F00F024830B9B03F1310AD0
:103DD00005F801AB059B0096013304933E4691E63E
:103DE000FCF7A4FD4D460646074683E7B9F1000FF0
:103DF000C0F28483049B49EA03090C9B53EA090936
:103E000000F07C83002A9FDDBAF1390F00F00183B6
:103E10000AF1010305F8013BDCE700BF180D0020A3
:103E2000A802002080020020049B022B7FF725AE11
:103E3000B9F1000F40F0008241464B460522204672
:103E4000FCF774FD014680465846FCF7EFFF4845F5
:103E500040F3F281029D312305F8013B41462046A3
:103E6000FCF75AFD059B02330493002E7FF457AEF6
:103E700059E641465846FCF7D9FF0028BFF6F9AD90
:103E8000594600230A222046059DFCF74FFD099B59
:103E9000013D8346002B7FF40AAF0C9B002B40F3BF
:103EA000FE82059BDDF8309004930595ECE51A46FB
:103EB00001462046FCF7E8FE049B012B804640F3B8
:103EC000F98100230A93D8F8103008EB83031869AE
:103ED000FCF77EFDC0F12000A9E50D9B73B9002F12
:103EE00067D1099B002B74D11D461E4691E5119A9E
:103EF000002A03DB05990E297FF7B4AE049B012B42
:103F00007FF765AD099B09F1FF384345C0F2778122
:103F1000B9F1000FA3EB080880F2BE82A7EB0903FA
:103F2000012120460D93FCF7BDFD3D460D9F064641
:103F3000BAF1000F7FF75DAD57453B46A8BF53462A
:103F4000ED1AFF1AAAEB030A53E50021E1632046AC
:103F50008DED067BFCF7B6FC9DED067B02900028FC
:103F600000F06982029BA363002D40F09F81119AAB
:103F7000AA42C0F27C8201230C93994606936CE618
:103F8000009B002B7FF452AD019BC3F31303002B66
:103F90007FF44CAD019B23F000431B0D1B05002B50
:103FA0003FF444AD012301350AF1010A0A93184692
:103FB0003DE5BAF1000F00F0FE8157453B46099EF2
:103FC000A8BF5346FD1AAAEB030A2F46002E3FF462
:103FD00020AD5946099A2046FCF756FE0023834639
:103FE00009933D461E4614E51C283FF42DADC0F153
:103FF0003C002AE684EE065B0B9B3BB1B7EE006B00
:10400000B4EEC65BF1EE10FA00F1E081B1EE0C4BBC
:1040100006EE901AB8EEE66BA6EE054B14EE901A7B
:1040200053EC142BA1F15073B9F1000F00F09B80F9
:10403000DDF814C0484643EC142BB64B029DFDEE50
:10404000C53B03EBC00212ED022B13EE902A02F1E6
:10405000300E0D9A691CB8EEE36B0E4635EE466BDA
:10406000002A00F05B81B6EE003B83EE025B35EE8A
:10407000445BB4EEC65BF1EE10FA85F800E000F3A5
:104080002782B7EE001BB2EE043B002518E0013595
:104090008542BFF62CAF26EE036B25EE035BFDEEEB
:1040A000C64B14EE902AB8EEE42B303236EE426B5B
:1040B000B4EEC56BF1EE10FA01F8012B00F1DF81CF
:1040C00031EE464BB4EEC54BF1EE10FADFD5029A55
:1040D0000CF1010C02E0914200F097810D4611F8BD
:1040E000013D392BF7D001330B70CDF810C01AE524
:1040F000314642462046FCF7C7FD5A460146064671
:104100002046FCF7FDFC59460D902046FCF704FCC8
:10411000099BDDF834B0B3EB080309937FF471AC6D
:104120000123099375E403D11AF0010F7FF4DBAC8E
:104130004D4619F8013D302BFAD0E3E4059B029A75
:104140000233049331231370DCE406EE901AB1EECF
:104150000C4BB8EEE66BA5EE064B14EE901A53EC42
:10416000142BA1F1507343EC142BB1EE046B35EE1C
:10417000466BB4EEC46BF1EE10FA00F35681B1EE6B
:10418000444BB4EEC46BF1EE10FA7FF562AD002142
:104190002046FCF7C1FB069B029D5B420493C2E4F0
:1041A000059B0A939A460023C2F101070B93FFF780
:1041B0003BBB00F00781059A564B524202F00F01BB
:1041C00003EBC10393ED005B131127EE055B00F0D9
:1041D0007981514A022101E05B100832DD0703D4E6
:1041E0005B100832D807F7D592ED006B5B1001F138
:1041F000010125EE065B3FF4FFAE0832F2E7099BB2
:104200000A9AA8EB03031A44012120460A92FCF7FC
:1042100049FCCA4407EB09050646CDF82480002F67
:104220003FF4EFAB57453B46A8BF5346ED1AFF1A84
:10423000AAEB030AFFF7E5BB41462046FCF76CFBFF
:10424000069B029D5B420493002E7FF468AC6AE4F7
:10425000029B5E1C87EE036BBDEEC66B029A16EEE8
:10426000103AB9F1010F03F13003B8EEC65B3146E5
:104270001370A3EE457B7FF447AB37EE077BB4EEBC
:10428000C37B059BF1EE10FA03F1010304939C46F6
:1042900008DCB4EE437BF1EE10FA05D116EE103ACD
:1042A000DB0701D5029A19E70D463CE40C95A946B7
:1042B000069589E4009B002B7FF403AEDDE9001234
:1042C000C2F31303002B00F0C4800A91FBE5716870
:1042D0002046FCF7F7FA0546002800F00481336910
:1042E00002339A0006F10C010C30F9F765FC2946FF
:1042F00001222046FCF724FD0746F3E40221B0EE3C
:10430000474B79E4059B009601333E460493FFF743
:10431000DEBB00BFA802002080020020029A24EE2B
:10432000022B012882F800E014D0B2EE043B029A7E
:10433000151826EE036BFDEEC65B15EE902A3032A3
:1043400001F8012BA942B8EEE54B36EE446BF0D1F3
:10435000711E0144B6EE005B32EE054BB4EEC64B67
:10436000F1EE10FA3FF5B3AE35EE425BB4EEC65B4C
:10437000F1EE10FA0DDC119A002AFFF6B0AD059AA5
:104380000E2A3FF7ACAD059A03EBC20393ED003B59
:1043900060E70D46013915F8013C302BF9D00CF1DE
:1043A00001030493FFF7BFBB109ADDF82480C2F12C
:1043B0003602FFF714BB099E002E7FF40AAE3D467D
:1043C000FFF727BB0221B0EE475B15E6B9F1000FFE
:1043D0003FF4BBAE0C9800287FF73BACB2EE043B39
:1043E000B1EE0C4B013106EE901A25EE035B059BF6
:1043F000B8EEE66BA5EE064B14EE901A03F1FF3C07
:1044000053EC142BA1F1507315E60CF1010C312380
:104410006AE6A946392309F8013B059B009601335A
:10442000029A04933E46FFF763BB029D312305F8D1
:10443000013B002134E4334B3348002240F2AF11FA
:10444000FFF760F87FF4C4AC1AF0010F7FF4B9AC49
:10445000BEE4019B23F000431B0D1B05002B3FF422
:1044600031AD012301350AF1010A0A932BE50D9BB9
:10447000002B33D101230C93994606932FE50CF1C1
:10448000010304930D46FFF74EBBBAF1390FC0D0BC
:1044900091453FF79AAC9BE44A46FFF7A0BA049ACD
:1044A000022A05DC059A049299460595FFF7ECBAB5
:1044B0000595DDF83090BBE4049A0595022AF8DCF6
:1044C000994602E4022197E50021E163FFF76BBB07
:1044D0000CF1010304930D46FFF725BB0D9B0693DA
:1044E00099460C930EE5074B07482A4640F2EF2108
:1044F000FFF708F8054B0293FFF72CB9002A3FF7A6
:1045000054AC65E4180C00201C0D00200C0D00209C
:1045100030B5044687B05BB110480193D0F8C8515C
:1045200071B12046A847421C019B10D007B030BD96
:1045300000F5827309480193D0F8C8510029F0D1E1
:104540000A46204603A9A847421C019BEED1002140
:104550008A221960226007B030BD00BF1415002008
:1045600010B582B0049CCDE900344FF0FF3301F068
:1045700055FC02B010BD00BF0EB400B582B003AB55
:10458000DFF81CC053F8042B01930146DCF800004F
:1045900000F008F802B05DF804EB03B0704700BF0C
:1045A0007C1700202DE9F04FC5B00DF1500A83466D
:1045B000049116460021082250461C460B93FBF737
:1045C0005BFEBBF1000F04D0DBF83430002B00F0B1
:1045D0004987049B5A6EB3F90C30D00740F14181F2
:1045E000990400F1A985049943F4005322F4005280
:1045F0008B814A66930401F1AE80049BB3F90C30C1
:104600001D0740F1BD80049A1269002A00F0B880AD
:1046100003F01A020A2A00F0C2800023CDE9193300
:10462000CDE90E331BAADFF86C980D93189217464C
:104630000793B0464546D9F8CC41FBF797FECDF835
:1046400000A003462A4612A95846A047002800F0B9
:10465000C580C0F2BB80129A252A034601D01D44B2
:10466000E9E7B5EB0806044640F0BC800023194694
:104670008DF8433008934FF0FF326B78059205F1C7
:104680000108039108F101081946A1F120035A2BF2
:1046900000F2F280DFE813F0E603F000F000DF0341
:1046A000F000F000F000BF03F000F000070253023A
:1046B000F00012020004F000F1035B005B005B00FD
:1046C0005B005B005B005B005B005B00F000F000E8
:1046D000F000F000F000F000F000F000F000D80171
:1046E0009F03F000F000F000F000F000F000F00098
:1046F000F000F000F0001902F000F000F000AA0154
:10470000F000FB02F000F000BA05F000F000F0004D
:10471000F000F000F000F000F000F000F000D80130
:104720006801F000F000F000950368016D00F000F2
:104730008B03F0007D036A0320036D00F000AA01E3
:104740006A005902F000F000FB05F0006A00A1F1D8
:104750003003002218F8011B02EB820203EB420235
:10476000A1F13003092BF5D908928EE798F80030B3
:1047700088E7039B43F02003039398F8003081E718
:10478000049D5846294601F05FFA002840F0F6875C
:10479000B5F90C3003F01A020A2A7FF43EAF0499EF
:1047A000B1F90E20002AFFF638AF4A6ED20702D4C4
:1047B0009F0540F19087049923463246584601F000
:1047C00015F80790079845B0BDE8F08F0822002142
:1047D0005046FBF751FD01231D442CE7B5EB0806BD
:1047E000044610D01A9B33441A93199B0133072BAC
:1047F000C7E90086199310DC0837079B33440793F9
:10480000002C7FF433AF1A9B002B40F06E87049B83
:104810000022B3F90C30199218E0049918AA5846EE
:1048200001F024F878B91BAFE7E7049918AA5846B5
:1048300001F01CF8002800F08380099B1BB1099946
:104840005846FBF71DFF049BB3F90C30049A526ED7
:10485000D0077FD55B0600F16687079845B0BDE8B5
:10486000F08F9F0540F114819D047FF5BCAE90044C
:104870007FF5C6AE00F071BF0029C4D0002301222D
:104880008DF8AC108DF8433009930A9205932BAD47
:104890000692DDE919C0039C14F0840601466246C5
:1048A00026D1089B069C1C1B002C00F3ED839DF871
:1048B000433003B300260C960132012301317B60A3
:1048C000072A0DF14303CDE919213B6000F38683EC
:1048D00008370C9B63B1013211AB02313B60072AF0
:1048E0004FF00203CDE919217B6000F36B83083799
:1048F000802E00F0EE82059B0A981C1A002C00F313
:1049000026830A9B3D6001321944072ACDE919210B
:104910007B6000F34C830837039B5C0705D5089B3D
:10492000069A9C1A002C00F36583DDE9073206988D
:104930008242ACBF9B181B18079300297FF475AF08
:1049400000231993099B1BB109995846FBF798FE60
:104950001BAF6FE69A053FF57DAF049CA06DFBF79A
:10496000A3FDB4F90C3075E7039B980640F13C8435
:104970000B9B073323F00702536852F8084B0B9246
:104980001E46002BC0F23882059A002A07DB039BE3
:1049900023F08003039354EA060300F08C840A2C6E
:1049A00076F1000380F0F7803034059A9DF84330AB
:1049B0008DF80F41012AB8BF01220692002B00F0AA
:1049C000AF83069B0133002506930123CDE90953EC
:1049D0000DF20F15DDE91921039B13F0840608463B
:1049E00094463FF45EAF00230C9365E70B9E0023D3
:1049F0008DF8433056F8043B0993002B00F05585A1
:104A0000532900F07284039B13F0100440F06D846E
:104A1000059A002AC0F2138509982146FEF7DEFCAC
:104A20009DF84330099D002800F08B86421B0A92B6
:104A300022EAE2720692002B00F00E850132059404
:104A400006920B960994C5E7432903D0039BDD0624
:104A500040F127840822002116A8FBF70DFC0B9AD1
:104A60002BAD126816AB29465846FFF751FD0A9048
:104A7000013000F04F860A9B23EAE37306930B9BF9
:104A800004330B9300238DF843300993059300E71B
:104A9000049DA86DFBF706FDB5F90C306A6E99040C
:104AA0003FF5A8AD9FE50B9B53F8042B0892002A15
:104AB00080F23D83089A0B9352420892039B43F085
:104AC0000403039398F80030DCE5039B43F01000E7
:104AD0009B0640F14E830B9B073323F007031A46D6
:104AE000596852F8083B0B9200228DF84320059A32
:104AF000002AC0F2118320F49062039253EA01026B
:104B000000F01E8344AD03F00702DB0843EA417363
:104B1000C908303253EA0104284605F8012DF2D1C4
:104B2000039B13F0010340F09E82059A099344AB66
:104B30005B1B9A42B8BF1A460A930692A9E62B233A
:104B40008DF8433098F800309CE503998E0600F10B
:104B5000A48003990B9A11F0100052F8043B40F026
:104B60002783039911F0400100F0CA848DF84300B7
:104B70009BB205990026B1421C4606DB039921F041
:104B800080010391002B00F07B850A2C76F1000355
:104B90000B92FFF409AF039B09970020CDF830B0CA
:104BA00044A9DDF834B0069003F48067CDF828807E
:104BB00025E00690A319B54843F10003A0FB032CA0
:104BC0002CF0030202EB9C029B1AE31A4FF0CC324A
:104BD000A046B64602FB03F266F1000600FB062281
:104BE000A3FB0043B8F10A0F13444FEA54047EF1CB
:104BF000000E294644EAC3744FEA53062ED3069B9F
:104C0000A24A01330693A31943F100031046A2FB05
:104C1000032525F0030202EB95029B1AE31AA3FB7E
:104C2000003266F1000500FB05225B0843EAC2730F
:104C300003EB8303A4EB4303303301F8013C4D1E27
:104C4000002FB7D006989BF800308342B1D1FF28DF
:104C5000AFD00A2C76F1000380F0AF8405999DF85F
:104C60004330CDF834B044AA521B9142B8BF11462C
:104C7000DDE90978DDF830B00A920691002B00F0EA
:104C8000EE83069B0133069300230993A2E6039B60
:104C900043F010019B0640F189820B9B073323F000
:104CA000070200238DF84330059B566852F8084BE5
:104CB0000B92002BC0F2EE8221F08003039354EAA2
:104CC00006037FF46CAE059B002B40F0DE840A9354
:104CD0000693099344ADDCE5059C0B9903980022EB
:104CE00047F630039442ADF844308DF8432051F834
:104CF000043BC0F2D28220F0800040F0020003901A
:104D0000002B00F0E58303F00F0461481B09045DEC
:104D10008DF80F410B9100F05685022106910DF29E
:104D20000F1503F00F011B09415C05F8011D43EA53
:104D30000273120953EA0201F3D144AB5A1B059BDB
:104D40000A929342B8BF1346069A002A00F03985AA
:104D5000DDE91921039C023314F08406069308460A
:104D6000944600F0E98200230993B4E5039886068F
:104D70003FF5B1AE03990B9ACD0652F8043B00F112
:104D800014850398440640F1C8839BB20B9200211E
:104D9000AAE603990B9A8C0602F1040340F1F08114
:104DA000126807991160C91751600B9342E498F893
:104DB00000306C2B00F08F82039A42F010020392B5
:104DC00060E498F80030682B00F07B82039A42F090
:104DD0004002039256E4039A940642F0100300F155
:104DE00000820B9A04320B9903930C680B92E6171E
:104DF0003346002BBFF6C8AD2D238DF84330059BFD
:104E0000644266EB4606002BFFF6C9AD039B23F018
:104E100080030393C3E55846FEF7DAFA43680F931D
:104E20001846FBF76BFB0E9004465846FEF7D0FA87
:104E3000826898F800300D92002C3FF423AC002AD1
:104E40003FF420AC1278002A3FF41CAC039A42F4E1
:104E50008062039216E4039B43F00103039398F8E6
:104E600000300FE49DF8432098F80030002A7FF4CA
:104E700009AC20228DF8432004E4039B43F0800317
:104E8000039398F80030FFF7FDBB00BFCDCCCCCC2E
:104E9000980C002014150020404610F8011B2A2908
:104EA00000F07784A1F13003092B98BF002200F2B3
:104EB000178410F8011B02EB820203EB4202A1F1FE
:104EC0003003092BF5D942EAE27305938046FFF7D8
:104ED000DCBB089B06981C1A002C7FF70CAD102C2D
:104EE00040F3268438460C95AE4F049D102604E00E
:104EF000103C102C00F1080015DD01321031072A9A
:104F0000C0E90076CDE91921F2DD18AA29465846F4
:104F100000F0ACFC00287FF490AC103C102CDDE9D4
:104F200019211BA8E9DC0C9D3B46074601322144B0
:104F3000072ACDE919213B607C6000F3A482059B20
:104F40000A981C1A002C07F108077FF7DAAC102C1E
:104F500040F3ED8238461026924F04E0103C102CAE
:104F600000F1080016DD01328E4B1031072AC0E92E
:104F70000036CDE91921F1DD049918AA584600F050
:104F800075FC00287FF459AC103C102CDDE9192188
:104F90001BA8E8DC3B46074601322144072ACDE93D
:104FA00019213B607C6000F3AA800837A9E40499CA
:104FB00018AA584600F05AFC00287FF43EAC1A9913
:104FC0001BAFA9E4049918AA584600F04FFC00282A
:104FD0007FF433ACDDE919211BAF89E4049918AAE9
:104FE000584600F043FC00287FF427ACDDE9192186
:104FF0001BAF6EE4102C199B40F381833A46049E4C
:10500000694F102504E0103C102C02F1080215DD58
:1050100001331031072BC2E90075CDE91931F2DDFA
:1050200018AA3146584600F021FC00287FF405AC50
:10503000103C102CDDE919311BAAE9DC3E4617466D
:1050400001332144072BC7E90064CDE919317FF70B
:105050006CAC049918AA584600F008FC00287FF4AC
:10506000ECAB1A9961E4302A00F001823023059AF2
:1050700005F8013C023844AB1B1A9A42B8BF1A46E5
:105080000A9306920546EFE000230C93102C464E3F
:10509000624623DD394610232F46049D04E0103C70
:1050A000102C01F1080117DD01321030072AC1E987
:1050B0000063CDE91920F2DD18AA2946584600F010
:1050C000D5FB00287FF4B9AB103C102CDDE919208A
:1050D0001BA94FF01003E7DC3D460F4601322118B3
:1050E000072ACDE919213E607C6000F37A819DF8A2
:1050F00043600837002E36D00026FFF7DDBB049949
:1051000018AA584600F0B2FB00287FF496ABDDE900
:1051100019211BAFFFF7F5BB20F480620392F1E485
:10512000099301230A930DF20F15FFF7B2BB0B93FE
:1051300098F80030FFF7A6BA92047FF561AAF2E270
:10514000059A002A7FF4DEAC10F00102069200F00E
:10515000428130238DF80F31059B0A9209930DF29D
:105160000F15FFF796BB0C9B002B7FF4B4ABFFF73A
:10517000C2BB0B9B1A1D0B9B0B921B680021B3E457
:10518000039AD00600F18C81039A510600F19582B2
:10519000039A920540F184810B9A07991268117065
:1051A00003E600BF0C0E0020440600200B9B1A1DD6
:1051B0000B9B05981B680026B0428DF843601C4687
:1051C00067DB21F080010391002B7FF4DEAC0B92B2
:1051D000002840F05A820A900690099044ADFFF7EB
:1051E00058BB0393FFF7C4BB039B0B9AD90652F835
:1051F000044B3FF5F8AD039B5E0640F1768144F326
:10520000C0360B9224B23346FFF7BBBBAD48039BBD
:105210009D0640F1B5800B9B073323F007031A4628
:105220005C6852F8083B0B92039A12F00102069256
:1052300040F08C808DF84320059A002AC0F2B78098
:10524000039A22F49062039253EA040240F0F3803E
:10525000059A002A00F0F68103788DF80F310123BA
:1052600006920A930DF20F15DDE91921039B13F045
:1052700084060846944600F0A1829DF84330002B36
:1052800000F0AB82002309930C93FFF715BB8E4807
:10529000BDE70B920391FFF782BB40F00200039041
:1052A00031E50B9B1B688DF8AC30012306930A9304
:1052B0002BADFFF7E4BB002A00F0D4813024FFF7C8
:1052C00074BB039B43F40073039308F1010898F83F
:1052D0000030FFF7D7B9039B43F02003039308F195
:1052E000010898F80030FFF7CDB9099B1393082205
:1052F000002116A8FAF7C0FF059B002BC0F2198108
:105300000024069725461F460EE02BA95846FFF7B6
:10531000FFF8411C284400F0FD81B84209DC04F18B
:10532000040400F008820546139A125916AB002AAD
:10533000EBD1069F05950AE1089C069B0996E41AA5
:10534000002C7FF7C8AA02230C939FE653EA0402BD
:105350005ED100238DF84330059B002BC0F22181E4
:10536000039B23F49063039300F0878103788DF807
:105370000F31069B0A93059B06930DF20F1573E7F9
:105380000B9A52F8043B0B92039AD40608D45206A7
:1053900002D59BB2002447E7039A960500F181816C
:1053A000002441E742F00202039202220692039A8D
:1053B00022F48062039203F00F02825C8DF80F21C9
:1053C0001B0943EA0473220953EA14147FF4A7ACBF
:1053D0000DF20F15B1E4059B44ADCDE90933FFF79C
:1053E00058BA049918AA584600F040FA0646002810
:1053F0007FF423AA9DF84330DDE91921002B40F00A
:1054000089800C9B1BAF002B7FF465AAFFF773BA52
:1054100030228DF8442000228DF84320059A8DF823
:105420004510002A039ABDDB22F4906242F002028A
:1054300003920222069203F00F02825CBEE7099DEE
:105440002846FBF75BF89DF843300A9020EAE072AB
:105450000692002B7FF4F2AA099D05930B960993FF
:10546000FFF717BA5846FAF7B1FDFFF7B2B8059A39
:1054700044AB5B1B9A42B8BF1A460A9300230692BC
:105480000993FFF706BA049918AA584600F0EEF9F6
:1054900000287FF4D2A9DDE919211BAFFFF72BBA51
:1054A0000B9A0799126811607FE4059B074D0B96D4
:1054B000062B28BF062306930A93099B0593FFF743
:1054C000E8B900BFAC0C0020980C0020C00C0020F4
:1054D0000B91002C00F0DC80302301228DF80F317D
:1054E0000DF20F1523460A9232E4039B0B929D05A1
:1054F0004ABF44F3C016E61764B23346FFF741BA19
:10550000039810F4007600F0CF808DF84310DBB2E2
:10551000FFF72FBB1BAFFFF7CFB9039810F4007153
:1055200000F0BB80DBB20B920021FFF7DDBAAC4B81
:1055300032E516AB0093002313AA19465846FFF72D
:105540000FF80590013000F0E580099B1393059B4F
:10555000002B7CD0632B00F3B680002309932BAD86
:105560000822002116A8FAF787FE059C16AB0093C7
:1055700013AA234629465846FEF7F2FF844240F01C
:105580001681059900236B5421EAE17206929DF879
:105590004320002A40F0B580CDE90A160592FFF7B6
:1055A00078B903788DF80F31039B23F4806303935C
:1055B000069B0A930DF20F1556E60E9A0F99AD1A37
:1055C0002846FAF79DFE9BF801300BB10BF1010B59
:1055D000844AA31943F10003A2FB030C2CF003003F
:1055E00000EB9C001B1AE31A4FF0CC3166F1000669
:1055F00003FB01F102FB0611A3FB023001445B082F
:1056000043EAC1744E08A31943F10003A2FB03103F
:1056100020F0030101EB90015B1AE31AA3FB0231B6
:1056200066F1000002FB00125B0843EAC27303EB61
:105630008303A4EB4303303305F8013C0120013D13
:10564000FFF701BB059B0A9344A805460CE69DF8AD
:105650004330099D0B96003B18BF01230693059B21
:105660000A9301E69DF843303BB1059BCDE9093330
:10567000012344AD0693FFF7ADB9059BFFF727BBA8
:10568000059B0B92002B3FF422AB0024FFF78CB953
:10569000059B0A9344ADFFF75BBB03980B92FFF7A2
:1056A00023BADBB20024BFE505998DF843600029D9
:1056B0001C46BFF663AAFFF768BA0B9A07991268EF
:1056C0001180FFF772BB591C5846F9F7B1FE054629
:1056D00000B3099044E7886DFAF7E6FEFFF76BB870
:1056E000002380460593FEF7D0BF049918AA5846B8
:1056F00000F0BCF800283FF48AA8FFF7A4B83A4E9F
:105700009EE4059A0A92069A0B9601320692059338
:10571000FFF760B90498B0F90C30426E43F04001D5
:10572000D207818109D54FF0FF330793FFF795B872
:105730002B4BFFF7FBBB069F09E79905F3D4FFF757
:105740000CB99BB1059B0B965A1C06920A930590C7
:105750000990FFF73FB9D707E5D4049B9B899E05C5
:10576000E1D4049B986DFAF79FFEDCE7059A099354
:10577000CDE905320B960A92FFF78BB8049A536E67
:10578000D807D0D493899905CDD4906DFAF78CFEC3
:10579000C9E70B9A98F8013052F8041B0B9241EAC2
:1057A000E17180460591FEF76DBF0846E3E4049A77
:1057B000938943F040039381FFF73FB80996FFF7C1
:1057C00070B8069350E5059B0122012BB8BF012359
:1057D0000DF20F150A92FFF7BBBA0993FFF788B8CD
:1057E0000C0E0020CDCCCCCC44060020F0B50D46EC
:1057F000ADF2744D164689896A6E1B92EA89ADF83E
:10580000162021F00201EA69ADF8141009921CA9D2
:105810006A6A0291074606910B924FF4806100225A
:1058200018A80193049107910892FAF737FE3246BF
:10583000019B02A93846FEF7B5FE061E07DB02A94A
:105840003846FDF78DFD002818BF4FF0FF36BDF834
:1058500014305B0603D5AB8943F04003AB81189845
:10586000FAF71EFE30460DF2744DF0BD936810B588
:1058700014461BB918460023636010BD00F068F899
:105880000023A3600023636010BD00BF2DE9F04337
:105890008E681D46AE420B6883B00C4690463AD8DF
:1058A000B1F90CC01CF4906F0FD135461846414633
:1058B0002A46FAF74FFCA3689E1B2368A6602B4478
:1058C0000020236003B0BDE8F0834A69096902EB58
:1058D00042025E1A02EBD2726B1C521033449342A6
:1058E00094BF17461F46934288BF1A461CF4806F28
:1058F000814612D01146F9F79BFDF0B1324621697D
:105900000190F8F759F9A289019B22F4906242F0C4
:105910008002A28105E02E46C8E7FAF76BF803463D
:1059200038B123613344BE1BA660676123602E46F5
:10593000BCE721694846FAF7A3FEA3890C2243F08D
:105940004003C9F800204FF0FF30A381BAE700BF41
:105950009368002B00F0B7802DE9F04FB1F90CC02F
:105960001CF0080F83B00C46804617462DD00B69FB
:105970005BB31CF002033E6833D04FF0000ADFF83F
:10598000C4B25546B9465D452B46524628BF5B46D4
:105990004046B5B1E169676AB847002840F38B809B
:1059A000D9F808301B1A8244C9F80830002B79D086
:1059B0002D1A5D452B46524628BF5B464046002DBA
:1059C000E8D1D6E900A50836DDE72146404600F0DB
:1059D0003BF9002874D1B4F90CC03E681CF00203F6
:1059E000CBD11CF0010A70D1236800975546002DD9
:1059F00054D01CF4007FD4F80890184600F0AB8017
:105A0000A945CB4600F2E4801CF4906F34D02169A4
:105A10006269A3EB010902EB420202EBD27209F1C7
:105A2000010352102B44934294BF93469B469342EA
:105A300088BF1A461CF4806F00F0E980114640468A
:105A4000F9F7F6FC002800F0F7804A46216901903A
:105A5000F8F7B2F8A289019B22F4906242F080022A
:105A6000A28103EB09002361ABEB0903C4F814B076
:105A7000A3602060A946AB4651465A46FAF76AFB36
:105A8000A2682368A2EB0902A260009A91685B44B5
:105A9000491B2360916029B1B4F90CC0D6E900A577
:105AA0000836A4E7002003B0BDE8F08F2146404649
:105AB000FDF756FC68B3B4F90C3043F04003A38102
:105AC0004FF0FF30EFE7002070471D469A4618461A
:105AD000B946009365B3002831D05246D4E9041387
:105AE0002068AA4228BF2A46884204D9A16803EB4D
:105AF000010B5A457CDC93426DDCE169009A676AD0
:105B00004046B847B0F1000BD5DDBAEB0B0ACDD05B
:105B10000120D9F80830A3EB0B03C9F80830002B9B
:105B2000C0D0009BA5EB0B055B440093002DD2D1A8
:105B3000756833460836002DFAD01B680093009F25
:105B40002A460A213846FDF749FC002871D0013069
:105B5000A0EB070AC1E722699A4221D36269AA42EF
:105B60001ED86FF00043AB4228BF2B46E16993FB80
:105B7000F2F3676A02FB03F340465246B847B0F1BE
:105B8000000998DD009A9368A3EB0903A5EB0905CA
:105B90009360002B86D0B4F90CC02368CA4426E772
:105BA000A94528BFA94618464A465146FAF7D2FAEF
:105BB000A2682368A2EB09024B44A2602360002A7A
:105BC000E0D121464046FDF7CBFB0028DAD072E752
:105BD000A946AB4650E700990192FAF7BBFA019A41
:105BE000A3689B1AA36023681344236093468CE741
:105BF00000995A46FAF7AEFA23685B4423602146BF
:105C00004046FDF7ADFB00283FF47FAF53E7404629
:105C1000F9F7F0FE034600287FF423AF21694046E0
:105C2000FAF72EFDA3890C22C8F8002023F0800388
:105C300043E76A1C924651E70C22B4F90C30C8F8CD
:105C400000203AE700FCFF7F10B5354B044618688A
:105C500082B00B4610B1426B002A53D0B3F90C202E
:105C6000110711D51869C8B1B3F90C2012F0010160
:105C700026D059694FF0000C4942C3F808C0996119
:105C800020B3002002B010BDD00640D5510723D468
:105C9000186942F008029A810028E5D19A8902F435
:105CA0002072B2F5007FDFD019462046019300F044
:105CB000C9F8019BB3F90C20186912F00101D8D181
:105CC000940758BF596999600028DAD11106D9D5CF
:105CD00042F040029A811FE0196B61B103F140006C
:105CE000814206D020460193FAF7CAFC019BB3F922
:105CF0000C200021196318690021C3E9000122F07A
:105D00002402C6E70191FAF761F9019BA6E7092190
:105D100042F0400221609A814FF0FF30B2E700BFAD
:105D20007C1700202DE9F04F8BB0DDE91589149F19
:105D300002901C46B8F1000F57D016680196002952
:105D4000C34608BF4FF0FF370025884603919246AF
:105D500006E0019B53F8040B0193002837D06546F9
:105D6000AF423ED9002C3CD0DBF800300493DBF886
:105D700004300593019B02981A68D9F8C8615B4604
:105D800006A9B047431C33D000EB050CBC453AD8FC
:105D9000039B013C002BDCD000280DDD08F1FF3215
:105DA000019E06A900EB020E11F8013B02F8013F2B
:105DB0007245F9D101968044019BDAF8002053F82E
:105DC000040B01930432CAF800200028C7D10399BC
:105DD000D84609B1CAF800000022C8F800200CF12A
:105DE000FF3528460BB0BDE8F08F00F58678A4E7B4
:105DF000029B05468A21002228461960CBF8002024
:105E00000BB0BDE8F08FD846DDF810A0DDF814B077
:105E10002846C8E900AB0BB0BDE8F08F00B585B0EF
:105E2000DFF81CC0069800900798019003480068AE
:105E3000CDF808C0FFF776FF05B000BD7C17002045
:105E400014150020B1F90C20930706D501F1430386
:105E50000122C1E904320B60704730B50B46B1F93D
:105E60000E10002999B0044632DB02AA009300F01C
:105E70005BF80028009B29DB4FF4806120460093EB
:105E8000039DF9F7D5FA009BB3F90C20002839D00F
:105E900005F4704142F0800218601861B1F5005FAE
:105EA0004FF480609A8158613AD1B3F90E10009393
:105EB000204600F04DF8009BB3F90C2080B322F08F
:105EC000030242F001024FF4006117E0B3F90C2025
:105ED000019312F0800F0CBF4FF4806140212046E7
:105EE0000091F9F7A5FA019B0099B3F90C2048B18C
:105EF000C3E9040142F08002186000210A439A813C
:105F000019B030BD9105FBD422F0030203F1430127
:105F100042F002020120C3E904109A811960EFE700
:105F20004FF40061EAE700BF38B5084C002305468E
:105F3000084611462360F8F7A3F8431C00D038BD8B
:105F40002368002BFBD02B6038BD00BF58770020A2
:105F500038B5074C0023054608462360F8F796F845
:105F6000431C00D038BD2368002BFBD02B6038BD0C
:105F7000587700205FF800F0FD1C00605FF800F02B
:0C5F8000A11D00600000000000000000F7
:045F8C00F8B500BFA5
:085F90006CA5FF7F0100000079
:105F980000000000000000000000000000000000F9
:105FA80000000000000000000000000000000000E9
:105FB80000000000000000000000000000000000D9
:105FC80000000000000000000000000000000000C9
:105FD80000000000000000000000000000000000B9
:105FE80000000000000000000000000000000000A9
:105FF8000000000000000000000000000000000099
:106008000000000000000000000000000000000088
:106018000000000000000000000000000000000078
:106028000000000000000000000000000000000068
:106038000000000000000000000000000000000058
:106048000000000000000000000000000000000048
:106058000000000000000000000000000000000038
:106068000000000000000000000000000000000028
:106078000000000000000000000000000000000018
:106088000000000000000000000000000000000008
:1060980000000000000000000000000000000000F8
:1060A80000000000000000000000000000000000E8
:1060B80000000000000000000000000000000000D8
:1060C80000000000000000000000000000000000C8
:1060D80000000000000000000000000000000000B8
:1060E80000000000000000000000000000000000A8
:1060F8000000000000000000000000000000000098
:106108000000000000000000000000000000000087
:106118000000000000000000000000000000000077
:106128000000000000000000000000000000000067
:106138000000000000000000000000000000000057
:106148000000000000000000000000000000000047
:106158000000000000000000000000000000000037
:106168000000000000000000000000000000000027
:106178000000000000000000000000000000000017
:106188000000000000000000000000000000000007
:1061980000000000000000000000000000000000F7
:1061A80000000000000000000000000000000000E7
:1061B80000000000000000000000000000000000D7
:1061C80000000000000000000000000000000000C7
:1061D80000000000000000000000000000000000B7
:1061E80000000000000000000000000000000000A7
:1061F8000000000000000000000000000000000097
:106208000000000000000000000000000000000086
:106218000080E03779C34143176E05B5B5B893469A
:10622800F5F93FE9034F384D321D30F94877825A66
:106238003CBF737FDD4F1575000000000000F03F84
:106248000000000000002440000000000000594049
:106258000000000000408F40000000000088C3409C
:1062680000000000006AF8400000000080842E4111
:1062780000000000D01263410000000084D797415D
:106288000000000065CDCD41000000205FA0024263
:10629800000000E876483742000000A2941A6D42D8
:1062A800000040E59C30A2420000901EC4BCD642CB
:1062B80000003426F56B0C430080E03779C3414376
:1062C80000A0D8855734764300C84E676DC1AB43EC
:1062D800003D9160E458E143408CB5781DAF15440A
:1062E80050EFE2D6E41A4B4492D54D06CFF08044E5
:1062F800F64AE1C7022DB544B49DD9794378EA44FA
:10630800CD020000FD0600003D0B00008D0F0000CF
:10631800751F0000E523000065280000F52C00002B
:106328009531000045360000093B0000E13F0000C0
:106338000D510000995B0000E9600000594300001E
:1063480049130000351500002D170000D54C00003A
:106358002D57000049670000D5640000E170000077
:10636800757600001D7F0000F5870000C1790000E8
:10637800818E00004D920000190400004D080000B5
:10638800910C0000E5100000D12000004525000018
:10639800C92900005D2E000001330000B537000058
:1063A8007D3C00005D4100009D520000315D000011
:1063B80091620000C5010000F5050000350A0000E3
:1063C800850E00002D1E0000DD2200005D27000064
:1063D800ED2B00008D3000003D350000013A000033
:1063E800D93E0000F14F00007D5A0000CD5F00004B
:1063F800C1450000494800008D1A0000311C00000A
:10640800814A0000B1540000116C0000A969000025
:10641800356E0000C9730000517C0000E58400005F
:106428005D820000498B0000B19600000400000066
:10643800050000000600000007000000080000003A
:10644800090000000A0000000B0000000C0000001A
:106458000D0000000E0000001000000012000000F7
:1064680014000000180000000000000000000000F8
:10647800DDB7000089CB000085CB000081CB000090
:106488007DCB000079CB000075CB000071CB0000FC
:1064980000000000000000008DB60000E5B7000015
:1064A80001B1000059B2000021B10000C1B10000E3
:1064B80049B10000E5B2000075B20000FDB000006F
:1064C80000202020202020202020282828282820BC
:1064D80020202020202020202020202020202020B4
:1064E800208810101010101010101010101010101C
:1064F800100404040404040404040410101010100C
:1065080010104141414141410101010101010101D5
:106518000101010101010101010101011010101027
:1065280010104242424242420202020202020202A7
:1065380002020202020202020202020210101010FB
:106548002000000000000000000000000000000023
:106558000000000000000000000000000000000033
:106568000000000000000000000000000000000023
:106578000000000000000000000000000000000013
:106588000000000000000000000000000000000003
:1065980000000000000000000000000000000000F3
:1065A80000000000000000000000000000000000E3
:1065B80000000000000000000000000000000000D3
:1065C8000000000020202020202020202020202043
:1065D80020202020202020202020202020202020B3
:1065E8002020202000000042C8801F40B8821F40A1
:1065F8000800000000000042C4801F40B4821F4011
:106608000400000000C0004224801F4014821F4084
:106618001000000000C0004228801F4018821F4060
:106628002000000000C000422C801F401C821F4038
:106638004000000000C0004234801F4024821F40F8
:10664800000100000040004264811F4054831F4045
:10665800000400000040004280811F4070831F40FA
:1066680000000200004000427C811F406C831F40F4
:10667800000001000040004268811F4058831F400D
:1066880000080000004000423C811F402C831F404E
:10669800010000000040004244811F4034831F4035
:1066A800040000000040004240811F4030831F402A
:1066B800020000000040004248811F4038831F400C
:1066C800080000000000004204811F40F4821F40BF
:1066D800000004000000004208811F40F8821F40AB
:1066E800000008000000004218811F4008831F4076
:1066F800000080000000004214811F4004831F40F6
:10670800000040000000004200811F40F0821F404E
:106718000000020000000042FC801F40EC821F4085
:10672800000001000000004224811F4014831F4024
:10673800000000040000004228811F4018831F4009
:1067480000000008000000421C811F400C831F400D
:10675800000000010000004220811F4010831F40FC
:106768000000000200000042EC801F40DC821F4055
:106778000010000000000042F0801F40E0821F402F
:10678800002000000000004234811F4024831F4085
:10679800000000400000004238811F4028831F404D
:1067A800000000800080004294801F4084821F40C7
:1067B8000000040000C0004290801F4080821F40FB
:1067C8000000008000800042A8801F4098821F407F
:1067D8000000800000800042A4801F4094821F4077
:1067E80000004000004000426C811F405C831F4055
:1067F8000010000000C0004230801F4020821F406F
:106808008000000000400042B0811F40A0831F406C
:106818000000002000400042AC811F409C831F40C4
:10682800000000100040004284811F4074831F4014
:10683800000004000040004288811F4078831F4008
:1068480000000800000000422C811F401C831F40EC
:10685800000000100000004230811F4020831F40CC
:1068680000000020000000420C811F40FC821F40F5
:10687800000010000000004210811F4000831F40EC
:106888000000200000800042C8811F40B8831F40DC
:106898000080000000800042C4811F40B4831F4074
:1068A8000040000000800042C0811F40B0831F40AC
:1068B8000020000000800042BC811F40AC831F40C4
:1068C8000010000000800042D0811F40C0831F409C
:1068D8000000020000800042CC811F40BC831F40A2
:1068E8000000010000C0004274801F4064821F4005
:1068F8000000000100C0004280801F4070821F40DD
:106908000000000800C0004284801F4074821F40BD
:106918000000001000C000426C801F405C821F40D5
:106928000000400000C000427C801F406C821F4075
:106938000000000400C0004278801F4068821F40A9
:106948000000000200C0004288801F4078821F407B
:106958000000002005000000190000007D00000074
:10696800707372616D5F776F726B65722075702ED0
:10697800206D617468206F6E6C793B2074686520A7
:106988004C75636B666F7820646563696465732012
:1069980065766572797468696E6720656C73652EB3
:1069A800000000006576657279206C696E65206963
:1069B8006E20616E64206F7574206F662074686540
:1069C800206C696E6B206973206563686F6564204D
:1069D800686572652C203E20696E20616E64203CDB
:1069E800206F75742E0000003C2000003E2000003F
:1069F800492062656E63682D6F6E6520776F726BD4
:106A080065722032206E73656C2031302062616EB1
:106A18006B737A20256C7520626C6B20256C752051
:106A28006269747320342C322C31206663707520AF
:106A3800256C750050202564202575202575202596
:106A4800752025750000000042206F6B00000000D3
:106A580045206F6B000000005920256C7500000070
:106A68005420256420256420256C75005520256C4C
:106A7800750000004E202575000000004420256C9C
:106A88007500000051202575000000004A20256C83
:106A9800750000004B202575202530386C58000003
:106AA8004620256C750000004D20256C6420256C5F
:106AB800750000005220256C7520256C75000000BB
:106AC8005720256C7520256C750000002025303274
:106AD80058000000532025303258202530325820E5
:106AE8002530325820253032582077616E742025A1
:106AF8003032582025303258202530325820253061
:106B0800325800004720253032582025303258208E
:106B18002530325820253032582077616E74202570
:106B28003032582025303258202530325820253030
:106B3800325800004C20256C7520256C7520256C7A
:106B48007520256C7520256C750000005620256C75
:106B58007520256C750000004520756E6B6E6F778B
:106B68006E0000004C435F434F4C4C4154450000BD
:106B78004C435F4354595045000000004C435F4D5F
:106B88004F4E4554415259004C435F4E554D455266
:106B9800494300004C435F54494D45004C435F4D09
:106BA800455353414745530042616C6C6F632073F2
:106BB8007563636565646564000000002F64617433
:106BC800612F6A656E6B696E732F776F726B737066
:106BD8006163652F474E552D746F6F6C63686169EB
:106BE8006E2F61726D2D31352D352F7372632F6EB7
:106BF80065776C69622D63796777696E2F6E657743
:106C08006C69622F6C6962632F7374646C69622F9C
:106C18006D707265632E6300494E4600696E6600AA
:106C28004E414E006E616E003031323334353637A6
:106C380038396162636465660000000030313233C0
:106C48003435363738394142434445460000000060
:106C5800286E756C6C290000300000002C206675C9
:106C68006E6374696F6E3A2000000000617373658B
:106C78007274696F6E2022257322206661696C65C3
:106C8800643A2066696C6520222573222C206C6981
:106C98006E65202564257325730A0000496E6669B0
:106CA8006E697479000000004E614E002F646174B3
:106CB800612F6A656E6B696E732F776F726B737075
:106CC8006163652F474E552D746F6F6C63686169FA
:106CD8006E2F61726D2D31352D352F7372632F6EC6
:106CE80065776C69622D63796777696E2F6E657752
:106CF8006C69622F6C6962632F7374646C69622FAC
:106D080064746F612E63000000010000801700208A
:106D18001200000000060000F01E00600A000000DB
:106D2800000200008C1E00606200000000070000E6
:106D3800281E006062000000EE030000BC1700205F
:106D480012000000000004EE941700202800000044
:106D580000030000241E0060000000000103090475
:106D68000C1E00600000000002030904F41D00600E
:106D78000000000003030904D017002000000000F1
:106D8800000000000000000000000000303030303B
:106D980030303030303030303030303030303030EB
:106DA800303030303030303030303030000000009B
:106DB8000000000000000000200E0020200E00202F
:106DC800280E0020280E0020300E0020300E002053
:106DD800380E0020380E0020400E0020400E002003
:106DE800480E0020480E0020500E0020500E0020B3
:106DF800580E0020580E0020600E0020600E002063
:106E0800680E0020680E0020700E0020700E002012
:106E1800780E0020780E0020800E0020800E0020C2
:106E2800880E0020880E0020900E0020900E002072
:106E3800980E0020980E0020A00E0020A00E002022
:106E4800A80E0020A80E0020B00E0020B00E0020D2
:106E5800B80E0020B80E0020C00E0020C00E002082
:106E6800C80E0020C80E0020D00E0020D00E002032
:106E7800D80E0020D80E0020E00E0020E00E0020E2
:106E8800E80E0020E80E0020F00E0020F00E002092
:106E9800F80E0020F80E0020000F0020000F002040
:106EA800080F0020080F0020100F0020100F0020EE
:106EB800180F0020180F0020200F0020200F00209E
:106EC800280F0020280F0020300F0020300F00204E
:106ED800380F0020380F0020400F0020400F0020FE
:106EE800480F0020480F0020500F0020500F0020AE
:106EF800580F0020580F0020600F0020600F00205E
:106F0800680F0020680F0020700F0020700F00200D
:106F1800780F0020780F0020800F0020800F0020BD
:106F2800880F0020880F0020900F0020900F00206D
:106F3800980F0020980F0020A00F0020A00F00201D
:106F4800A80F0020A80F0020B00F0020B00F0020CD
:106F5800B80F0020B80F0020C00F0020C00F00207D
:106F6800C80F0020C80F0020D00F0020D00F00202D
:106F7800D80F0020D80F0020E00F0020E00F0020DD
:106F8800E80F0020E80F0020F00F0020F00F00208D
:106F9800F80F0020F80F002000100020001000203B
:106FA80008100020081000201010002010100020E9
:106FB8001810002018100020201000202010002099
:106FC8002810002028100020301000203010002049
:106FD80038100020381000204010002040100020F9
:106FE80048100020481000205010002050100020A9
:106FF8005810002058100020601000206010002059
:107008006810002068100020701000207010002008
:1070180078100020781000208010002080100020B8
:107028008810002088100020901000209010002068
:107038009810002098100020A0100020A010002018
:10704800A8100020A8100020B0100020B0100020C8
:10705800B8100020B8100020C0100020C010002078
:10706800C8100020C8100020D0100020D010002028
:10707800D8100020D8100020E0100020E0100020D8
:10708800E8100020E8100020F0100020F010002088
:10709800F8100020F8100020001100200011002036
:1070A80008110020081100201011002010110020E4
:1070B8001811002018110020201100202011002094
:1070C8002811002028110020301100203011002044
:1070D80038110020381100204011002040110020F4
:1070E80048110020481100205011002050110020A4
:1070F8005811002058110020601100206011002054
:107108006811002068110020701100207011002003
:1071180078110020781100208011002080110020B3
:107128008811002088110020901100209011002063
:107138009811002098110020A0110020A011002013
:10714800A8110020A8110020B0110020B0110020C3
:10715800B8110020B8110020C0110020C011002073
:10716800C8110020C8110020D0110020D011002023
:10717800D8110020D8110020E0110020E0110020D3
:10718800E8110020E8110020F0110020F011002083
:10719800F8110020F8110020001200200012002031
:1071A80008120020081200201012002010120020DF
:1071B8001812002018120020000000000C76002091
:1071C80074760020DC76002000000000000000003B
:1071D80000000000000000000000000000000000A7
:1071E8000000000000000000000000000000000097
:1071F8000000000000000000000000000000000087
:107208000000000000000000000000000000000076
:107218000000000000000000000000000000000066
:107228000000000000000000000000000000000056
:107238000000000000000000000000000000000046
:107248000000000000000000000000000000000036
:1072580001000000000000000E33CDAB34126DE6D3
:10726800ECDE05000B00000000000000000000003C
:107278000000000000000000000000000000000006
:1072880000000000000000000000000000000000F6
:1072980000000000000000000000000000000000E6
:1072A80000000000000000000000000000000000D6
:1072B80000000000000000000000000000000000C6
:1072C80000000000000000000000000000000000B6
:1072D80000000000000000000000000000000000A6
:1072E8000000000000000000000000000000000096
:1072F8000000000000000000000000000000000086
:107308000000000000000000000000000000000075
:107318000000000000000000000000000000000065
:107328000000000000000000000000000000000055
:107338000000000000000000000000000000000045
:107348000000000000000000000000000000000035
:107358000000000000000000000000000000000025
:107368000000000000000000000000000000000015
:107378000000000000000000000000000000000005
:1073880000000000000000000000000000000000F5
:1073980000000000000000000000000000000000E5
:1073A80000000000000000000000000000000000D5
:1073B80000000000000000000029DE07007B9A178B
:1073C800E004002000000000E803000000000000C6
:1073D8000805002000000000E8030000000000008D
:1073E80000001940A014002000000000E84400201C
:1073F800A844002000000000000000002800000051
:1074080040000000280000004000000000000000CC
:107418000000000000000000000000000000000064
:107428000000000000000000000000000000000054
:1074380001170000D1B70000000000006CC00F4029
:1074480000000003070000000200000040851F4004
:1074580002000000FF000000FF0000000000000024
:1074680000000000080000000200000044851F40E2
:1074780002000000FF000000FF0000000000000004
:1074880000000000FF004000260018007A000000FD
:1074980020000000000000010600000008000000B5
:1074A80080302020430000000000000000000000A1
:1074B80000000000000000000000000000000000C4
:1074C8000000000043000000000000000000000071
:1074D80000000000000000000000000000000000A4
:1074E8000000000043000000000000000000000051
:1074F8000000000000000000000000000000000084
:107508000000000043000000000000000000000030
:107518000000000000000000000000000000000063
:107528000000000043000000000000000000000010
:107538000000000000000000000000000000000043
:1075480000000000430000000000000000000000F0
:107558000000000000000000000000000000000023
:1075680000000000430000000000000000000000D0
:107578000000000000000000000000000000000003
:1075880000000000430000000000000000000000B0
:1075980000000000000000000000000000000000E3
:1075A80000000000000000000000000000000000D3
:1075B80000000000000000000000000000000000C3
:1075C80000000000000000000000000000000000B3
:1075D80000000000000000000000000000000000A3
:1075E8000000000000000000000000000000000093
:1075F8000000000000000000000000000000000083
:107608000000000000000000000000000000000072
:107618000000000000000000000000000000000062
:107628000000000000000000000000000000000052
:107638000000000000000000000000000000000042
:107648000000000000000000000000000000000032
:107658000000000000000000000000000000000022
:10766800000000000000000000000000B1F1000070
:107678009DE900000000000030050020540A0020A9
:10768800D80C0020D80C0020D80C0020D80C0020E2
:10769800D80C0020D80C0020D80C0020D80C0020D2
:1076A800D80C0020FFFFFFFFFFFFFFFFFFFFFFFFDA
:1076B800FFFF00000100415343494900000000005A
:1076C80000000000000000000000000000000000B2
:1076D8000000000000004153434949000000000039
:1076E8000000000000000000000000000000000092
:1076F8000000000000000000FFFFFFFF0000020084
:1077080000000000030000000C7600202812002072
:1077180012010002EF020140C01683048002010238
:10772800030100002800000000010400010000001F
:1077380000000000020157494E5553420000000066
:1077480000000000000000000000000012034D00CF
:10775800530046005400310030003000F8000000AB
:107768000C03000000000000000000000000000002
:1077780000000000000004020000000000000000FB
:1077880000000000000000000000000000000000F1
:1077980000000000000000000000000000000000E1
:1077A80000000000000000000000000000000000D1
:1077B80000000000000000000000000000000000C1
:1077C80000000000000000000000000000000000B1
:1077D80000000000000000000000000000000000A1
:1077E8000000000000000000000000000000000091
:1077F8000000000000000000000000000000000081
:107808000000000000000000000000000000000070
:107818000000000000000000000000000000000060
:107828000000000000000000000000000000000050
:107838000000000000000000000000000000000040
:107848000000000000000000000000000000000030
:107858000000000000000000000000000000000020
:107868000000000000000000000000000000000010
:107878000000000000000000000000000000000000
:1078880000000000000000000000000000000000F0
:1078980000000000000000000000000000000000E0
:1078A80000000000000000000000000000000000D0
:1078B80000000000000000000000000000000000C0
:1078C80000000000000000000000000000000000B0
:1078D80000000000000000000000000000000000A0
:1078E8000000000000000000000000000000000090
:1078F8000000000000000000000000000000000080
:10790800000000000000000000000000000000006F
:10791800000000000000000000000000000000005F
:10792800000000000000000000000000000000004F
:10793800000000000000000000000000000000003F
:10794800000000000000000000000000000000002F
:10795800000000000000000000000000000000001F
:10796800000000000000000000000000000000000F
:1079780000000000000000000000000000000000FF
:1079880000000000000000000000000000000000EF
:1079980000000000000000000000000000000000DF
:1079A80000000000000000000000000000000000CF
:1079B80000000000000000000000000000000000BF
:1079C80000000000000000000000000000000000AF
:1079D800000000000000000000000000000000009F
:1079E800000000000000000000000000000000008F
:1079F800000000000000000000000000000000007F
:107A0800000000000000000000000000000000006E
:107A1800000000000000000000000000000000005E
:107A2800000000000000000000000000000000004E
:107A3800000000000000000000000000000000003E
:107A4800000000000000000000000000000000002E
:107A5800FFFFFFFFFFFFFFFFFFFFFFFFFFFFFFFF2E
:107A6800FFFFFFFFFFFFFFFFFFFFFFFFFFFFFFFF1E
:107A7800FFFFFFFFFFFFFFFFFFFFFFFFFFFFFFFF0E
:107A8800FFFFFFFFFFFFFFFFFFFFFFFFFFFFFFFFFE
:107A9800FFFFFFFFFFFFFFFFFFFFFFFFFFFFFFFFEE
:107AA800FFFFFFFFFFFFFFFFFFFFFFFFFFFFFFFFDE
:107AB800FFFFFFFFFFFFFFFFFFFFFFFFFFFFFFFFCE
:107AC800FFFFFFFFFFFFFFFFFFFFFFFFFFFFFFFFBE
:107AD800FFFFFFFFFFFFFFFFFFFFFFFFFFFFFFFFAE
:107AE800FFFFFFFFFFFFFFFFFFFFFFFFFFFFFFFF9E
:107AF800FFFFFFFFFFFFFFFFFFFFFFFFFFFFFFFF8E
:107B0800FFFFFFFFFFFFFFFFFFFFFFFFFFFFFFFF7D
:107B1800FFFFFFFFFFFFFFFFFFFFFFFFFFFFFFFF6D
:107B2800FFFFFFFFFFFFFFFFFFFFFFFFFFFFFFFF5D
:107B3800FFFFFFFFFFFFFFFFFFFFFFFFFFFFFFFF4D
:107B4800FFFFFFFFFFFFFFFFFFFFFFFFFFFFFFFF3D
:107B5800FFFFFFFFFFFFFFFFFFFFFFFFFFFFFFFF2D
:107B6800FFFFFFFFFFFFFFFFFFFFFFFFFFFFFFFF1D
:107B7800FFFFFFFFFFFFFFFFFFFFFFFFFFFFFFFF0D
:107B8800FFFFFFFFFFFFFFFFFFFFFFFFFFFFFFFFFD
:107B9800FFFFFFFFFFFFFFFFFFFFFFFFFFFFFFFFED
:107BA800FFFFFFFFFFFFFFFFFFFFFFFFFFFFFFFFDD
:107BB800FFFFFFFFFFFFFFFFFFFFFFFFFFFFFFFFCD
:107BC800FFFFFFFFFFFFFFFFFFFFFFFFFFFFFFFFBD
:107BD800FFFFFFFFFFFFFFFFFFFFFFFFFFFFFFFFAD
:107BE800FFFFFFFFFFFFFFFFFFFFFFFFFFFFFFFF9D
:107BF800FFFFFFFFFFFFFFFF000000000000000085
:107C0800000000000000000000000000000000006C
:107C1800000000000000000000000000000000005C
:107C2800000000000000000000000000000000004C
:107C3800000000000000000000000000000000003C
:107C4800000000000000000000000000000000002C
:107C5800000000000000000000000000000000001C
:107C6800000000000000000000000000000000000C
:107C780000000000000000000000000000000000FC
:107C880000000000000000000000000000000000EC
:107C980000000000000000000000000000000000DC
:107CA80000000000000000000000000000000000CC
:107CB80000000000000000000000000000000000BC
:107CC80000000000000000000000000000000000AC
:107CD800000000000000000000000000000000009C
:107CE800000000000000000000000000000000008C
:107CF800000000000000000000000000000000007C
:107D0800000000000000000000000000000000006B
:107D1800000000000000000000000000000000005B
:107D2800000000000000000000000000000000004B
:107D3800000000000000000000000000000000003B
:107D4800000000000000000000000000000000002B
:107D5800000000000000000000000000000000001B
:107D6800000000000000000000000000000000000B
:107D780000000000000000000000000000000000FB
:107D880000000000000000000000000000000000EB
:107D980000000000000000000000000000000000DB
:107DA80000000000000000000000000000000000CB
:107DB80000000000000000000000000000000000BB
:107DC80000000000000000000000000000000000AB
:107DD800000000000000000000000000000000009B
:107DE800000000000000000000000000000000008B
:107DF800000000000000000000000000000000007B
:107E0800000000000000000000000000000000006A
:107E1800000000000000000000000000000000005A
:107E2800000000000000000000000000000000004A
:107E3800000000000000000000000000000000003A
:107E4800000000000000000000000000000000002A
:107E5800000000000000000000000000000000001A
:107E6800000000000000000000000000000000000A
:107E780000000000000000000000000000000000FA
:107E880000000000000000000000000000000000EA
:107E980000000000000000000000000000000000DA
:107EA80000000000000000000000000000000000CA
:107EB80000000000000000000000000000000000BA
:107EC80000000000000000000000000000000000AA
:107ED800000000000000000000000000000000009A
:107EE800000000000000000000000000000000008A
:107EF800000000000000000000000000000000007A
:107F08000000000000000000000000000000000069
:107F18000000000000000000000000000000000059
:107F28000000000000000000000000000000000049
:107F38000000000000000000000000000000000039
:107F48000000000000000000000000000000000029
:107F58000000000000000000000000000000000019
:107F68000000000000000000000000000000000009
:107F780000000000000000000000000000000000F9
:107F880000000000000000000000000000000000E9
:107F980000000000000000000000000000000000D9
:107FA80000000000000000000000000000000000C9
:107FB80000000000000000000000000000000000B9
:107FC80000000000000000000000000000000000A9
:107FD8000000000000000000000000000000000099
:107FE8000000000000000000000000000000000089
:107FF8000000000000000000000000000000000079
:108008000000000000000000000000000000000068
:108018000000000000000000000000000000000058
:108028000000000000000000000000000000000048
:108038000000000000000000000000000000000038
:108048000000000000000000000000000000000028
:108058000000000000000000000000000000000018
:108068000000000000000000000000000000000008
:1080780000000000000000000000000000000000F8
:1080880000000000000000000000000000000000E8
:1080980000000000000000000000000000000000D8
:1080A80000000000000000000000000000000000C8
:1080B80000000000000000000000000000000000B8
:1080C80000000000000000000000000000000000A8
:1080D8000000000000000000000000000000000098
:1080E8000000000000000000000000000000000088
:1080F8000000000000000000000000000000000078
:108108000000000000000000000000000000000067
:108118000000000000000000000000000000000057
:108128000000000000000000000000000000000047
:108138000000000000000000000000000000000037
:108148000000000000000000000000000000000027
:108158000000000000000000000000000000000017
:108168000000000000000000000000000000000007
:1081780000000000000000000000000000000000F7
:1081880000000000000000000000000000000000E7
:1081980000000000000000000000000000000000D7
:1081A80000000000000000000000000000000000C7
:1081B80000000000000000000000000000000000B7
:1081C80000000000000000000000000000000000A7
:1081D8000000000000000000000000000000000097
:1081E8000000000000000000000000000000000087
:1081F8000000000000000000000000000000000077
:108208000000000000000000000000000000000066
:108218000000000000000000000000000000000056
:108228000000000000000000000000000000000046
:108238000000000000000000000000000000000036
:108248000000000000000000000000000000000026
:108258000000000000000000000000000000000016
:108268000000000000000000000000000000000006
:1082780000000000000000000000000000000000F6
:1082880000000000000000000000000000000000E6
:1082980000000000000000000000000000000000D6
:1082A80000000000000000000000000000000000C6
:1082B80000000000000000000000000000000000B6
:1082C80000000000000000000000000000000000A6
:1082D8000000000000000000000000000000000096
:1082E8000000000000000000000000000000000086
:1082F8000000000000000000000000000000000076
:108308000000000000000000000000000000000065
:108318000000000000000000000000000000000055
:108328000000000000000000000000000000000045
:108338000000000000000000000000000000000035
:108348000000000000000000000000000000000025
:108358000000000000000000000000000000000015
:108368000000000000000000000000000000000005
:1083780000000000000000000000000000000000F5
:1083880000000000000000000000000000000000E5
:1083980000000000000000000000000000000000D5
:1083A80000000000000000000000000000000000C5
:1083B80000000000000000000000000000000000B5
:1083C80000000000000000000000000000000000A5
:1083D8000000000000000000000000000000000095
:1083E8000000000000000000000000000000000085
:1083F8000000000000000000000000000000000075
:108408000000000000000000000000000000000064
:108418000000000000000000000000000000000054
:108428000000000000000000000000000000000044
:108438000000000000000000000000000000000034
:108448000000000000000000000000000000000024
:108458000000000000000000000000000000000014
:108468000000000000000000000000000000000004
:1084780000000000000000000000000000000000F4
:1084880000000000000000000000000000000000E4
:1084980000000000000000000000000000000000D4
:1084A80000000000000000000000000000000000C4
:1084B80000000000000000000000000000000000B4
:1084C80000000000000000000000000000000000A4
:1084D8000000000000000000000000000000000094
:1084E8000000000000000000000000000000000084
:1084F8000000000000000000000000000000000074
:108508000000000000000000000000000000000063
:108518000000000000000000000000000000000053
:108528000000000000000000000000000000000043
:108538000000000000000000000000000000000033
:108548000000000000000000000000000000000023
:108558000000000000000000000000000000000013
:108568000000000000000000000000000000000003
:1085780000000000000000000000000000000000F3
:1085880000000000000000000000000000000000E3
:1085980000000000000000000000000000000000D3
:1085A80000000000000000000000000000000000C3
:1085B80000000000000000000000000000000000B3
:1085C80000000000000000000000000000000000A3
:1085D8000000000000000000000000000000000093
:1085E8000000000000000000000000000000000083
:1085F8000000000000000000000000000000000073
:108608000000000000000000000000000000000062
:108618000000000000000000000000000000000052
:108628000000000000000000000000000000000042
:108638000000000000000000000000000000000032
:108648000000000000000000000000000000000022
:108658000000000000000000000000000000000012
:108668000000000000000000000000000000000002
:1086780000000000000000000000000000000000F2
:1086880000000000000000000000000000000000E2
:1086980000000000000000000000000000000000D2
:1086A80000000000000000000000000000000000C2
:1086B80000000000000000000000000000000000B2
:1086C80000000000000000000000000000000000A2
:1086D8000000000000000000000000000000000092
:1086E8000000000000000000000000000000000082
:1086F8000000000000000000000000000000000072
:108708000000000000000000000000000000000061
:108718000000000000000000000000000000000051
:108728000000000000000000000000000000000041
:108738000000000000000000000000000000000031
:108748000000000000000000000000000000000021
:108758000000000000000000000000000000000011
:108768000000000000000000000000000000000001
:1087780000000000000000000000000000000000F1
:1087880000000000000000000000000000000000E1
:1087980000000000000000000000000000000000D1
:1087A80000000000000000000000000000000000C1
:1087B80000000000000000000000000000000000B1
:1087C80000000000000000000000000000000000A1
:1087D8000000000000000000000000000000000091
:1087E8000000000000000000000000000000000081
:0887F800000000000000000079
:040000056000100087
:00000001FF
