:0200000460009A
:100000004643464200000156000000000101020084
:1000100000000000000000000000000000000000E0
:1000200000000000000000000000000000000000D0
:1000300000000000000000000000000000000000C0
:1000400000000000010406010000000000000000A4
:100050000000800000000000000000000000000020
:100060000000000000000000000000000000000090
:100070000000000000000000000000000000000080
:10008000EB04180AFF1E04320126000000000000E5
:100090000000000000000000000000000000000060
:1000A0000000000000000000000000000000000050
:1000B0000000000000000000000000000000000040
:1000C0000000000000000000000000000000000030
:1000D0000000000000000000000000000000000020
:1000E0000000000000000000000000000000000010
:1000F0000000000000000000000000000000000000
:1001000000000000000000000000000000000000EF
:1001100000000000000000000000000000000000DF
:1001200000000000000000000000000000000000CF
:1001300000000000000000000000000000000000BF
:1001400000000000000000000000000000000000AF
:10015000000000000000000000000000000000009F
:10016000000000000000000000000000000000008F
:10017000000000000000000000000000000000007F
:10018000000000000000000000000000000000006F
:10019000000000000000000000000000000000005F
:1001A000000000000000000000000000000000004F
:1001B000000000000000000000000000000000003F
:1001C000000100000010000001000000000000001D
:1001D000000001000000000000000000000000001E
:1001E000000000000000000000000000000000000F
:1001F00000000000000000000000000000000000FF
:10020000FFFFFFFFFFFFFFFFFFFFFFFFFFFFFFFFFE
:10021000FFFFFFFFFFFFFFFFFFFFFFFFFFFFFFFFEE
:10022000FFFFFFFFFFFFFFFFFFFFFFFFFFFFFFFFDE
:10023000FFFFFFFFFFFFFFFFFFFFFFFFFFFFFFFFCE
:10024000FFFFFFFFFFFFFFFFFFFFFFFFFFFFFFFFBE
:10025000FFFFFFFFFFFFFFFFFFFFFFFFFFFFFFFFAE
:10026000FFFFFFFFFFFFFFFFFFFFFFFFFFFFFFFF9E
:10027000FFFFFFFFFFFFFFFFFFFFFFFFFFFFFFFF8E
:10028000FFFFFFFFFFFFFFFFFFFFFFFFFFFFFFFF7E
:10029000FFFFFFFFFFFFFFFFFFFFFFFFFFFFFFFF6E
:1002A000FFFFFFFFFFFFFFFFFFFFFFFFFFFFFFFF5E
:1002B000FFFFFFFFFFFFFFFFFFFFFFFFFFFFFFFF4E
:1002C000FFFFFFFFFFFFFFFFFFFFFFFFFFFFFFFF3E
:1002D000FFFFFFFFFFFFFFFFFFFFFFFFFFFFFFFF2E
:1002E000FFFFFFFFFFFFFFFFFFFFFFFFFFFFFFFF1E
:1002F000FFFFFFFFFFFFFFFFFFFFFFFFFFFFFFFF0E
:10030000FFFFFFFFFFFFFFFFFFFFFFFFFFFFFFFFFD
:10031000FFFFFFFFFFFFFFFFFFFFFFFFFFFFFFFFED
:10032000FFFFFFFFFFFFFFFFFFFFFFFFFFFFFFFFDD
:10033000FFFFFFFFFFFFFFFFFFFFFFFFFFFFFFFFCD
:10034000FFFFFFFFFFFFFFFFFFFFFFFFFFFFFFFFBD
:10035000FFFFFFFFFFFFFFFFFFFFFFFFFFFFFFFFAD
:10036000FFFFFFFFFFFFFFFFFFFFFFFFFFFFFFFF9D
:10037000FFFFFFFFFFFFFFFFFFFFFFFFFFFFFFFF8D
:10038000FFFFFFFFFFFFFFFFFFFFFFFFFFFFFFFF7D
:10039000FFFFFFFFFFFFFFFFFFFFFFFFFFFFFFFF6D
:1003A000FFFFFFFFFFFFFFFFFFFFFFFFFFFFFFFF5D
:1003B000FFFFFFFFFFFFFFFFFFFFFFFFFFFFFFFF4D
:1003C000FFFFFFFFFFFFFFFFFFFFFFFFFFFFFFFF3D
:1003D000FFFFFFFFFFFFFFFFFFFFFFFFFFFFFFFF2D
:1003E000FFFFFFFFFFFFFFFFFFFFFFFFFFFFFFFF1D
:1003F000FFFFFFFFFFFFFFFFFFFFFFFFFFFFFFFF0D
:10040000FFFFFFFFFFFFFFFFFFFFFFFFFFFFFFFFFC
:10041000FFFFFFFFFFFFFFFFFFFFFFFFFFFFFFFFEC
:10042000FFFFFFFFFFFFFFFFFFFFFFFFFFFFFFFFDC
:10043000FFFFFFFFFFFFFFFFFFFFFFFFFFFFFFFFCC
:10044000FFFFFFFFFFFFFFFFFFFFFFFFFFFFFFFFBC
:10045000FFFFFFFFFFFFFFFFFFFFFFFFFFFFFFFFAC
:10046000FFFFFFFFFFFFFFFFFFFFFFFFFFFFFFFF9C
:10047000FFFFFFFFFFFFFFFFFFFFFFFFFFFFFFFF8C
:10048000FFFFFFFFFFFFFFFFFFFFFFFFFFFFFFFF7C
:10049000FFFFFFFFFFFFFFFFFFFFFFFFFFFFFFFF6C
:1004A000FFFFFFFFFFFFFFFFFFFFFFFFFFFFFFFF5C
:1004B000FFFFFFFFFFFFFFFFFFFFFFFFFFFFFFFF4C
:1004C000FFFFFFFFFFFFFFFFFFFFFFFFFFFFFFFF3C
:1004D000FFFFFFFFFFFFFFFFFFFFFFFFFFFFFFFF2C
:1004E000FFFFFFFFFFFFFFFFFFFFFFFFFFFFFFFF1C
:1004F000FFFFFFFFFFFFFFFFFFFFFFFFFFFFFFFF0C
:10050000FFFFFFFFFFFFFFFFFFFFFFFFFFFFFFFFFB
:10051000FFFFFFFFFFFFFFFFFFFFFFFFFFFFFFFFEB
:10052000FFFFFFFFFFFFFFFFFFFFFFFFFFFFFFFFDB
:10053000FFFFFFFFFFFFFFFFFFFFFFFFFFFFFFFFCB
:10054000FFFFFFFFFFFFFFFFFFFFFFFFFFFFFFFFBB
:10055000FFFFFFFFFFFFFFFFFFFFFFFFFFFFFFFFAB
:10056000FFFFFFFFFFFFFFFFFFFFFFFFFFFFFFFF9B
:10057000FFFFFFFFFFFFFFFFFFFFFFFFFFFFFFFF8B
:10058000FFFFFFFFFFFFFFFFFFFFFFFFFFFFFFFF7B
:10059000FFFFFFFFFFFFFFFFFFFFFFFFFFFFFFFF6B
:1005A000FFFFFFFFFFFFFFFFFFFFFFFFFFFFFFFF5B
:1005B000FFFFFFFFFFFFFFFFFFFFFFFFFFFFFFFF4B
:1005C000FFFFFFFFFFFFFFFFFFFFFFFFFFFFFFFF3B
:1005D000FFFFFFFFFFFFFFFFFFFFFFFFFFFFFFFF2B
:1005E000FFFFFFFFFFFFFFFFFFFFFFFFFFFFFFFF1B
:1005F000FFFFFFFFFFFFFFFFFFFFFFFFFFFFFFFF0B
:10060000FFFFFFFFFFFFFFFFFFFFFFFFFFFFFFFFFA
:10061000FFFFFFFFFFFFFFFFFFFFFFFFFFFFFFFFEA
:10062000FFFFFFFFFFFFFFFFFFFFFFFFFFFFFFFFDA
:10063000FFFFFFFFFFFFFFFFFFFFFFFFFFFFFFFFCA
:10064000FFFFFFFFFFFFFFFFFFFFFFFFFFFFFFFFBA
:10065000FFFFFFFFFFFFFFFFFFFFFFFFFFFFFFFFAA
:10066000FFFFFFFFFFFFFFFFFFFFFFFFFFFFFFFF9A
:10067000FFFFFFFFFFFFFFFFFFFFFFFFFFFFFFFF8A
:10068000FFFFFFFFFFFFFFFFFFFFFFFFFFFFFFFF7A
:10069000FFFFFFFFFFFFFFFFFFFFFFFFFFFFFFFF6A
:1006A000FFFFFFFFFFFFFFFFFFFFFFFFFFFFFFFF5A
:1006B000FFFFFFFFFFFFFFFFFFFFFFFFFFFFFFFF4A
:1006C000FFFFFFFFFFFFFFFFFFFFFFFFFFFFFFFF3A
:1006D000FFFFFFFFFFFFFFFFFFFFFFFFFFFFFFFF2A
:1006E000FFFFFFFFFFFFFFFFFFFFFFFFFFFFFFFF1A
:1006F000FFFFFFFFFFFFFFFFFFFFFFFFFFFFFFFF0A
:10070000FFFFFFFFFFFFFFFFFFFFFFFFFFFFFFFFF9
:10071000FFFFFFFFFFFFFFFFFFFFFFFFFFFFFFFFE9
:10072000FFFFFFFFFFFFFFFFFFFFFFFFFFFFFFFFD9
:10073000FFFFFFFFFFFFFFFFFFFFFFFFFFFFFFFFC9
:10074000FFFFFFFFFFFFFFFFFFFFFFFFFFFFFFFFB9
:10075000FFFFFFFFFFFFFFFFFFFFFFFFFFFFFFFFA9
:10076000FFFFFFFFFFFFFFFFFFFFFFFFFFFFFFFF99
:10077000FFFFFFFFFFFFFFFFFFFFFFFFFFFFFFFF89
:10078000FFFFFFFFFFFFFFFFFFFFFFFFFFFFFFFF79
:10079000FFFFFFFFFFFFFFFFFFFFFFFFFFFFFFFF69
:1007A000FFFFFFFFFFFFFFFFFFFFFFFFFFFFFFFF59
:1007B000FFFFFFFFFFFFFFFFFFFFFFFFFFFFFFFF49
:1007C000FFFFFFFFFFFFFFFFFFFFFFFFFFFFFFFF39
:1007D000FFFFFFFFFFFFFFFFFFFFFFFFFFFFFFFF29
:1007E000FFFFFFFFFFFFFFFFFFFFFFFFFFFFFFFF19
:1007F000FFFFFFFFFFFFFFFFFFFFFFFFFFFFFFFF09
:10080000FFFFFFFFFFFFFFFFFFFFFFFFFFFFFFFFF8
:10081000FFFFFFFFFFFFFFFFFFFFFFFFFFFFFFFFE8
:10082000FFFFFFFFFFFFFFFFFFFFFFFFFFFFFFFFD8
:10083000FFFFFFFFFFFFFFFFFFFFFFFFFFFFFFFFC8
:10084000FFFFFFFFFFFFFFFFFFFFFFFFFFFFFFFFB8
:10085000FFFFFFFFFFFFFFFFFFFFFFFFFFFFFFFFA8
:10086000FFFFFFFFFFFFFFFFFFFFFFFFFFFFFFFF98
:10087000FFFFFFFFFFFFFFFFFFFFFFFFFFFFFFFF88
:10088000FFFFFFFFFFFFFFFFFFFFFFFFFFFFFFFF78
:10089000FFFFFFFFFFFFFFFFFFFFFFFFFFFFFFFF68
:1008A000FFFFFFFFFFFFFFFFFFFFFFFFFFFFFFFF58
:1008B000FFFFFFFFFFFFFFFFFFFFFFFFFFFFFFFF48
:1008C000FFFFFFFFFFFFFFFFFFFFFFFFFFFFFFFF38
:1008D000FFFFFFFFFFFFFFFFFFFFFFFFFFFFFFFF28
:1008E000FFFFFFFFFFFFFFFFFFFFFFFFFFFFFFFF18
:1008F000FFFFFFFFFFFFFFFFFFFFFFFFFFFFFFFF08
:10090000FFFFFFFFFFFFFFFFFFFFFFFFFFFFFFFFF7
:10091000FFFFFFFFFFFFFFFFFFFFFFFFFFFFFFFFE7
:10092000FFFFFFFFFFFFFFFFFFFFFFFFFFFFFFFFD7
:10093000FFFFFFFFFFFFFFFFFFFFFFFFFFFFFFFFC7
:10094000FFFFFFFFFFFFFFFFFFFFFFFFFFFFFFFFB7
:10095000FFFFFFFFFFFFFFFFFFFFFFFFFFFFFFFFA7
:10096000FFFFFFFFFFFFFFFFFFFFFFFFFFFFFFFF97
:10097000FFFFFFFFFFFFFFFFFFFFFFFFFFFFFFFF87
:10098000FFFFFFFFFFFFFFFFFFFFFFFFFFFFFFFF77
:10099000FFFFFFFFFFFFFFFFFFFFFFFFFFFFFFFF67
:1009A000FFFFFFFFFFFFFFFFFFFFFFFFFFFFFFFF57
:1009B000FFFFFFFFFFFFFFFFFFFFFFFFFFFFFFFF47
:1009C000FFFFFFFFFFFFFFFFFFFFFFFFFFFFFFFF37
:1009D000FFFFFFFFFFFFFFFFFFFFFFFFFFFFFFFF27
:1009E000FFFFFFFFFFFFFFFFFFFFFFFFFFFFFFFF17
:1009F000FFFFFFFFFFFFFFFFFFFFFFFFFFFFFFFF07
:100A0000FFFFFFFFFFFFFFFFFFFFFFFFFFFFFFFFF6
:100A1000FFFFFFFFFFFFFFFFFFFFFFFFFFFFFFFFE6
:100A2000FFFFFFFFFFFFFFFFFFFFFFFFFFFFFFFFD6
:100A3000FFFFFFFFFFFFFFFFFFFFFFFFFFFFFFFFC6
:100A4000FFFFFFFFFFFFFFFFFFFFFFFFFFFFFFFFB6
:100A5000FFFFFFFFFFFFFFFFFFFFFFFFFFFFFFFFA6
:100A6000FFFFFFFFFFFFFFFFFFFFFFFFFFFFFFFF96
:100A7000FFFFFFFFFFFFFFFFFFFFFFFFFFFFFFFF86
:100A8000FFFFFFFFFFFFFFFFFFFFFFFFFFFFFFFF76
:100A9000FFFFFFFFFFFFFFFFFFFFFFFFFFFFFFFF66
:100AA000FFFFFFFFFFFFFFFFFFFFFFFFFFFFFFFF56
:100AB000FFFFFFFFFFFFFFFFFFFFFFFFFFFFFFFF46
:100AC000FFFFFFFFFFFFFFFFFFFFFFFFFFFFFFFF36
:100AD000FFFFFFFFFFFFFFFFFFFFFFFFFFFFFFFF26
:100AE000FFFFFFFFFFFFFFFFFFFFFFFFFFFFFFFF16
:100AF000FFFFFFFFFFFFFFFFFFFFFFFFFFFFFFFF06
:100B0000FFFFFFFFFFFFFFFFFFFFFFFFFFFFFFFFF5
:100B1000FFFFFFFFFFFFFFFFFFFFFFFFFFFFFFFFE5
:100B2000FFFFFFFFFFFFFFFFFFFFFFFFFFFFFFFFD5
:100B3000FFFFFFFFFFFFFFFFFFFFFFFFFFFFFFFFC5
:100B4000FFFFFFFFFFFFFFFFFFFFFFFFFFFFFFFFB5
:100B5000FFFFFFFFFFFFFFFFFFFFFFFFFFFFFFFFA5
:100B6000FFFFFFFFFFFFFFFFFFFFFFFFFFFFFFFF95
:100B7000FFFFFFFFFFFFFFFFFFFFFFFFFFFFFFFF85
:100B8000FFFFFFFFFFFFFFFFFFFFFFFFFFFFFFFF75
:100B9000FFFFFFFFFFFFFFFFFFFFFFFFFFFFFFFF65
:100BA000FFFFFFFFFFFFFFFFFFFFFFFFFFFFFFFF55
:100BB000FFFFFFFFFFFFFFFFFFFFFFFFFFFFFFFF45
:100BC000FFFFFFFFFFFFFFFFFFFFFFFFFFFFFFFF35
:100BD000FFFFFFFFFFFFFFFFFFFFFFFFFFFFFFFF25
:100BE000FFFFFFFFFFFFFFFFFFFFFFFFFFFFFFFF15
:100BF000FFFFFFFFFFFFFFFFFFFFFFFFFFFFFFFF05
:100C0000FFFFFFFFFFFFFFFFFFFFFFFFFFFFFFFFF4
:100C1000FFFFFFFFFFFFFFFFFFFFFFFFFFFFFFFFE4
:100C2000FFFFFFFFFFFFFFFFFFFFFFFFFFFFFFFFD4
:100C3000FFFFFFFFFFFFFFFFFFFFFFFFFFFFFFFFC4
:100C4000FFFFFFFFFFFFFFFFFFFFFFFFFFFFFFFFB4
:100C5000FFFFFFFFFFFFFFFFFFFFFFFFFFFFFFFFA4
:100C6000FFFFFFFFFFFFFFFFFFFFFFFFFFFFFFFF94
:100C7000FFFFFFFFFFFFFFFFFFFFFFFFFFFFFFFF84
:100C8000FFFFFFFFFFFFFFFFFFFFFFFFFFFFFFFF74
:100C9000FFFFFFFFFFFFFFFFFFFFFFFFFFFFFFFF64
:100CA000FFFFFFFFFFFFFFFFFFFFFFFFFFFFFFFF54
:100CB000FFFFFFFFFFFFFFFFFFFFFFFFFFFFFFFF44
:100CC000FFFFFFFFFFFFFFFFFFFFFFFFFFFFFFFF34
:100CD000FFFFFFFFFFFFFFFFFFFFFFFFFFFFFFFF24
:100CE000FFFFFFFFFFFFFFFFFFFFFFFFFFFFFFFF14
:100CF000FFFFFFFFFFFFFFFFFFFFFFFFFFFFFFFF04
:100D0000FFFFFFFFFFFFFFFFFFFFFFFFFFFFFFFFF3
:100D1000FFFFFFFFFFFFFFFFFFFFFFFFFFFFFFFFE3
:100D2000FFFFFFFFFFFFFFFFFFFFFFFFFFFFFFFFD3
:100D3000FFFFFFFFFFFFFFFFFFFFFFFFFFFFFFFFC3
:100D4000FFFFFFFFFFFFFFFFFFFFFFFFFFFFFFFFB3
:100D5000FFFFFFFFFFFFFFFFFFFFFFFFFFFFFFFFA3
:100D6000FFFFFFFFFFFFFFFFFFFFFFFFFFFFFFFF93
:100D7000FFFFFFFFFFFFFFFFFFFFFFFFFFFFFFFF83
:100D8000FFFFFFFFFFFFFFFFFFFFFFFFFFFFFFFF73
:100D9000FFFFFFFFFFFFFFFFFFFFFFFFFFFFFFFF63
:100DA000FFFFFFFFFFFFFFFFFFFFFFFFFFFFFFFF53
:100DB000FFFFFFFFFFFFFFFFFFFFFFFFFFFFFFFF43
:100DC000FFFFFFFFFFFFFFFFFFFFFFFFFFFFFFFF33
:100DD000FFFFFFFFFFFFFFFFFFFFFFFFFFFFFFFF23
:100DE000FFFFFFFFFFFFFFFFFFFFFFFFFFFFFFFF13
:100DF000FFFFFFFFFFFFFFFFFFFFFFFFFFFFFFFF03
:100E0000FFFFFFFFFFFFFFFFFFFFFFFFFFFFFFFFF2
:100E1000FFFFFFFFFFFFFFFFFFFFFFFFFFFFFFFFE2
:100E2000FFFFFFFFFFFFFFFFFFFFFFFFFFFFFFFFD2
:100E3000FFFFFFFFFFFFFFFFFFFFFFFFFFFFFFFFC2
:100E4000FFFFFFFFFFFFFFFFFFFFFFFFFFFFFFFFB2
:100E5000FFFFFFFFFFFFFFFFFFFFFFFFFFFFFFFFA2
:100E6000FFFFFFFFFFFFFFFFFFFFFFFFFFFFFFFF92
:100E7000FFFFFFFFFFFFFFFFFFFFFFFFFFFFFFFF82
:100E8000FFFFFFFFFFFFFFFFFFFFFFFFFFFFFFFF72
:100E9000FFFFFFFFFFFFFFFFFFFFFFFFFFFFFFFF62
:100EA000FFFFFFFFFFFFFFFFFFFFFFFFFFFFFFFF52
:100EB000FFFFFFFFFFFFFFFFFFFFFFFFFFFFFFFF42
:100EC000FFFFFFFFFFFFFFFFFFFFFFFFFFFFFFFF32
:100ED000FFFFFFFFFFFFFFFFFFFFFFFFFFFFFFFF22
:100EE000FFFFFFFFFFFFFFFFFFFFFFFFFFFFFFFF12
:100EF000FFFFFFFFFFFFFFFFFFFFFFFFFFFFFFFF02
:100F0000FFFFFFFFFFFFFFFFFFFFFFFFFFFFFFFFF1
:100F1000FFFFFFFFFFFFFFFFFFFFFFFFFFFFFFFFE1
:100F2000FFFFFFFFFFFFFFFFFFFFFFFFFFFFFFFFD1
:100F3000FFFFFFFFFFFFFFFFFFFFFFFFFFFFFFFFC1
:100F4000FFFFFFFFFFFFFFFFFFFFFFFFFFFFFFFFB1
:100F5000FFFFFFFFFFFFFFFFFFFFFFFFFFFFFFFFA1
:100F6000FFFFFFFFFFFFFFFFFFFFFFFFFFFFFFFF91
:100F7000FFFFFFFFFFFFFFFFFFFFFFFFFFFFFFFF81
:100F8000FFFFFFFFFFFFFFFFFFFFFFFFFFFFFFFF71
:100F9000FFFFFFFFFFFFFFFFFFFFFFFFFFFFFFFF61
:100FA000FFFFFFFFFFFFFFFFFFFFFFFFFFFFFFFF51
:100FB000FFFFFFFFFFFFFFFFFFFFFFFFFFFFFFFF41
:100FC000FFFFFFFFFFFFFFFFFFFFFFFFFFFFFFFF31
:100FD000FFFFFFFFFFFFFFFFFFFFFFFFFFFFFFFF21
:100FE000FFFFFFFFFFFFFFFFFFFFFFFFFFFFFFFF11
:100FF000FFFFFFFFFFFFFFFFFFFFFFFFFFFFFFFF01
:10100000D1002043F1150060000000000000000046
:1010100020100060001000600074016000000000FB
:10102000000000600080010000000000FFFFFFFFE3
:10103000FFFFFFFFFFFFFFFFFFFFFFFFFFFFFFFFC0
:10104000FFFFFFFFFFFFFFFFFFFFFFFFFFFFFFFFB0
:10105000FFFFFFFFFFFFFFFFFFFFFFFFFFFFFFFFA0
:10106000FFFFFFFFFFFFFFFFFFFFFFFFFFFFFFFF90
:10107000FFFFFFFFFFFFFFFFFFFFFFFFFFFFFFFF80
:10108000FFFFFFFFFFFFFFFFFFFFFFFFFFFFFFFF70
:10109000FFFFFFFFFFFFFFFFFFFFFFFFFFFFFFFF60
:1010A000FFFFFFFFFFFFFFFFFFFFFFFFFFFFFFFF50
:1010B000FFFFFFFFFFFFFFFFFFFFFFFFFFFFFFFF40
:1010C000FFFFFFFFFFFFFFFFFFFFFFFFFFFFFFFF30
:1010D000FFFFFFFFFFFFFFFFFFFFFFFFFFFFFFFF20
:1010E000FFFFFFFFFFFFFFFFFFFFFFFFFFFFFFFF10
:1010F000FFFFFFFFFFFFFFFFFFFFFFFFFFFFFFFF00
:10110000FFFFFFFFFFFFFFFFFFFFFFFFFFFFFFFFEF
:10111000FFFFFFFFFFFFFFFFFFFFFFFFFFFFFFFFDF
:10112000FFFFFFFFFFFFFFFFFFFFFFFFFFFFFFFFCF
:10113000FFFFFFFFFFFFFFFFFFFFFFFFFFFFFFFFBF
:10114000FFFFFFFFFFFFFFFFFFFFFFFFFFFFFFFFAF
:10115000FFFFFFFFFFFFFFFFFFFFFFFFFFFFFFFF9F
:10116000FFFFFFFFFFFFFFFFFFFFFFFFFFFFFFFF8F
:10117000FFFFFFFFFFFFFFFFFFFFFFFFFFFFFFFF7F
:10118000FFFFFFFFFFFFFFFFFFFFFFFFFFFFFFFF6F
:10119000FFFFFFFFFFFFFFFFFFFFFFFFFFFFFFFF5F
:1011A000FFFFFFFFFFFFFFFFFFFFFFFFFFFFFFFF4F
:1011B000FFFFFFFFFFFFFFFFFFFFFFFFFFFFFFFF3F
:1011C000FFFFFFFFFFFFFFFFFFFFFFFFFFFFFFFF2F
:1011D000FFFFFFFFFFFFFFFFFFFFFFFFFFFFFFFF1F
:1011E000FFFFFFFFFFFFFFFFFFFFFFFFFFFFFFFF0F
:1011F000FFFFFFFFFFFFFFFFFFFFFFFFFFFFFFFFFF
:10120000FFFFFFFFFFFFFFFFFFFFFFFFFFFFFFFFEE
:10121000FFFFFFFFFFFFFFFFFFFFFFFFFFFFFFFFDE
:10122000FFFFFFFFFFFFFFFFFFFFFFFFFFFFFFFFCE
:10123000FFFFFFFFFFFFFFFFFFFFFFFFFFFFFFFFBE
:10124000FFFFFFFFFFFFFFFFFFFFFFFFFFFFFFFFAE
:10125000FFFFFFFFFFFFFFFFFFFFFFFFFFFFFFFF9E
:10126000FFFFFFFFFFFFFFFFFFFFFFFFFFFFFFFF8E
:10127000FFFFFFFFFFFFFFFFFFFFFFFFFFFFFFFF7E
:10128000FFFFFFFFFFFFFFFFFFFFFFFFFFFFFFFF6E
:10129000FFFFFFFFFFFFFFFFFFFFFFFFFFFFFFFF5E
:1012A000FFFFFFFFFFFFFFFFFFFFFFFFFFFFFFFF4E
:1012B000FFFFFFFFFFFFFFFFFFFFFFFFFFFFFFFF3E
:1012C000FFFFFFFFFFFFFFFFFFFFFFFFFFFFFFFF2E
:1012D000FFFFFFFFFFFFFFFFFFFFFFFFFFFFFFFF1E
:1012E000FFFFFFFFFFFFFFFFFFFFFFFFFFFFFFFF0E
:1012F000FFFFFFFFFFFFFFFFFFFFFFFFFFFFFFFFFE
:10130000FFFFFFFFFFFFFFFFFFFFFFFFFFFFFFFFED
:10131000FFFFFFFFFFFFFFFFFFFFFFFFFFFFFFFFDD
:10132000FFFFFFFFFFFFFFFFFFFFFFFFFFFFFFFFCD
:10133000FFFFFFFFFFFFFFFFFFFFFFFFFFFFFFFFBD
:10134000FFFFFFFFFFFFFFFFFFFFFFFFFFFFFFFFAD
:10135000FFFFFFFFFFFFFFFFFFFFFFFFFFFFFFFF9D
:10136000FFFFFFFFFFFFFFFFFFFFFFFFFFFFFFFF8D
:10137000FFFFFFFFFFFFFFFFFFFFFFFFFFFFFFFF7D
:10138000FFFFFFFFFFFFFFFFFFFFFFFFFFFFFFFF6D
:10139000FFFFFFFFFFFFFFFFFFFFFFFFFFFFFFFF5D
:1013A000FFFFFFFFFFFFFFFFFFFFFFFFFFFFFFFF4D
:1013B000FFFFFFFFFFFFFFFFFFFFFFFFFFFFFFFF3D
:1013C000FFFFFFFFFFFFFFFFFFFFFFFFFFFFFFFF2D
:1013D000FFFFFFFFFFFFFFFFFFFFFFFFFFFFFFFF1D
:1013E000FFFFFFFFFFFFFFFFFFFFFFFFFFFFFFFF0D
:1013F000FFFFFFFFFFFFFFFFFFFFFFFFFFFFFFFFFD
:10140000824205D051F8043B40F8043B8242F9D8AF
:10141000704700BF044A05494FF0000342F8043BFF
:101420009142FBD8704700BFC01A002040680020DE
:1014300008B5BFF34F8F00F047F9544C544B0820C8
:101440005449C3F85401544AC3F800115348C3F82F
:10145000F0405349FFF7D4FF524A53495348FFF72E
:10146000CFFF534CFFF7D6FF4FF470004FF0E02151
:101470000023504AC1F8880D44F823200133B02BD3
:10148000FAD14D4B80214D4A03F8011B9342FBD109
:101490004FF0E0254A4E4B4A4FF0FF31C5F8084D5A
:1014A000D5F8243D43F4E023C5F8243DF36923F047
:1014B0007F0343F04003F361736A23F07F0343F03B
:1014C000400373629166D1661167516700F004F9B9
:1014D0003D4A3E4BA2636322E36300246A61032317
:1014E0003B4AAC612B61C5F8202DD5F8FC2D394B5A
:1014F00042F080723849C5F8FC2D1A6842F00102AA
:101500001A605B680B6000F0B7FA344800F050FCDA
:10151000F16E334B334A41F44051F1661C60C3F81D
:101520000841C3F81841C3F82841C3F83841936B08
:10153000DB0708D442F615632B4951651365936B9D
:1015400043F001039363274A284C936843F0011347
:10155000936000F04FF900F0FBFB00F031FC00F06D
:10156000BDFA00F0B3F82368132BFCD900F052FB4E
:101570002368B3F5967FFBD300F0ACF800F0A8F831
:1015800000F01AFC00F02CFC30BFFDE70C0D11132D
:1015900000800D401B101820D8370100000000000B
:1015A000FC1E0060C01A0020D85601600000002018
:1015B0000018002019B7000000E400E0A0E400E0FB
:1015C00000C00F4000C00A4071CB000075CB000086
:1015D00000002020001000E0CC6700200046C3235C
:1015E0000040084000400D400000C056D067002079
:1015F000054B4FF42A01054A05485A641864054A08
:1016000099639546FFF714FF00C00A40BFAAAAAA33
:101610000700200000800620294A00210123C2F88B
:10162000A000C2F8A410C2F8B0305369D907FCD5A5
:1016300001234FF4803C22495361C2F8A000C2F854
:10164000A4C0C2F8B0304B69DB07FCD501234FF4CE
:10165000003C1B4A4B61C1F8A000C1F8A4C0C1F80E
:10166000B0305369D907FCD50123DFF858C01449BD
:101670005361C2F8A000C2F8A4C0C2F8B0304B69F0
:10168000DB07FCD5D1F8003145F60D504FF0210CA9
:101690009AB2C1F814C0824210D045F69D518A42D8
:1016A0000AD1C3F34253032B08D0A3F10403B3FAC6
:1016B00083F35B09180170470020704708207047CA
:1016C00000402A4004000300704700BF704700BF7D
:1016D000704700BF00BF70474FF0E02300214FF07C
:1016E000100C3448C3F8941DC3F89CCD4FF0110C76
:1016F000C3F8A00D3048C3F89CCD4FF0120CC3F8CE
:10170000A00D2E48C3F89CCD2D4AC3F8A00DDFF8DC
:10171000D0C042F015022B48C3F89CCDC3F8A00DF1
:10172000DFF8C0C02848C3F89CCDC3F8A00DDFF88F
:10173000B8C0C3F89C2D2548254AC3F8A0CDC3F8EE
:101740009C0DC3F8A02D02F5A022DFF8A0C00C323A
:101750002048C3F89CCDC3F8A02D1F4AC3F89C0DA8
:10176000C3F8A02D02F14062DFF884C002321B48AA
:10177000C3F89CCDC3F8A02D0A32C3F89C0DC3F862
:10178000A02D00BF00BF00BF00BF00BF0122C3F8F3
:10179000942DBFF34F8FBFF36F8FC3F8501FBFF36C
:1017A0004F8FBFF36F8FD3F8142D42F44032C3F83C
:1017B000142D70473F000010250008070900100095
:1017C0004068002021000207250008131600202091
:1017D00027000B13180000602F000B071A00008071
:1017E0001300200014000020090000101700004022
:1017F0001900007030B5864B85B0DFF874E218220E
:10180000844D0120C3F85CE28349C3F86052A5F51A
:101810008055DFF860C2814CC3F864E2C3F86852B7
:101820002125C3F86CC2C3F870C2C3F874C2C3F8F0
:1018300078C248F20C7CDA661A675A679A67DA67E8
:10184000C3F88020C3F88420C3F88820C1F82C0393
:10185000734AC1F83003C1F83403C1F83803C1F842
:101860003C03C1F85003A1696E4B0A406E486F49B2
:1018700013436F4AA361D4F8843043F00C03C4F8D7
:1018800084304FF0FF34036843F0020303600368C1
:1018900003EA0C031A43674B026044608A68664C93
:1018A0001340664A43F000538360C36823F0780313
:1018B000C360036A23401A43604B0262026A2240FB
:1018C0005F4C1343002243628462C46240F20564A9
:1018D000D1F8B83023F03F0343F00103C0F8B8302B
:1018E000D1F8BC30574923F03F0343F00103C0F85F
:1018F000BC3002610567C0F880404567C0F884408D
:101900000224036823F00203036081614E4B4F49B8
:10191000C46143F8042B8B42FBD1434C236843F052
:1019200001032360256815F00105FBD1454802221B
:1019300040F2F561A06140F29940E26140F26642F6
:10194000C4F8001242F20141C4F81022404AC4F81F
:101950002002C4F8302240F23542C4F834123D4827
:10196000C4F840223C4AC4F850022846C4F8542225
:1019700042F201223949C4F86012C4F86422FFF728
:101980004BFE0246002839D0810201234FF480200B
:1019900021662549C4F8A050C4F8A400C4F8B030AA
:1019A0004B69D807FCD515050124039228464C61E4
:1019B000FFF732FE039A2A4B0244D2B21A7080B16A
:1019C000194980024FF4802348660846C1F8A050A8
:1019D000C1F8A430C1F8B0404369DB07FCD501234E
:1019E000436120490024204801230094401A00EB61
:1019F00002521E4800F0F8F905B030BD1B4B1849E3
:101A000018600870D860C3E9010005B030BD00BFA0
:101A100000801F40F910010000841F4000C00F40EB
:101A2000FFFCFF1F0003008000402A4000802A4086
:101A30001200FFFFFF37F70000FFF07C400000803E
:101A4000FF000F83F05AF05A00422A4000432A4018
:101A50009F041830EB06180A063201263806180AC9
:101A6000FC67002000000070000000705867002034
:101A7000F9B00100F970010010B5174A4FF4805415
:101A80004FF4005E4FF4404C4FF4803043F242017B
:101A9000136913F0020F0DD113F4005F0FD013F48C
:101AA000805F0FD0002BF3DA13F4803F0CD15B067C
:101AB0000ED510BDC2F818C050619161E8E7C2F8B8
:101AC00014E0E5E75461E3E74FF480339361DFE727
:101AD00040235361DCE700BF00800D40414A0320F2
:101AE0004149F3EE095AD2F880309FED406A23F065
:101AF00001039FED3F5ADFF814C100B5C2F88030F2
:101B0000C2F89000D1F8E010DFF804E1CBB2394818
:101B1000CEF8003007EE903A0B0DC1F30B21F8EE32
:101B2000E77A06EE903A07EE101A334BB8EEC77A12
:101B3000CCF80010F8EEE66A304937EEC66A37EEA8
:101B4000C55A76EEC76A77EEE57A26EE266AC3EDC9
:101B5000006A25EE265AD2F8803067EEA64AC0ED1C
:101B6000007AC6EE275A264885EE276AC4EEA76A91
:101B700075EE875AFCEEE55A36EE076A15EE90CA06
:101B8000BCEEC66A43EA0C5376EE877AC2F8803020
:101B900016EE103AD2F890C1FCEEE77A01EA034162
:101BA00041EA0C014FF0000C17EE903AC2F8901188
:101BB000C3F30B03D2F890110B431249C2F89031D2
:101BC000D2F8803043F00203C2F880300E4B80F828
:101BD00040C0C1F840314FF0E0230122C3F8082192
:101BE00000BD00BF00810D4000441F400000AA421C
:101BF0000000B442C0670020C46700200000FF0F4F
:101C000000E400E000180020F9B80000B8670020E8
:101C1000BC670020314B40F6617210B5C3F820213B
:101C200040F2044400F0D0F82D4A2E49D2F880301A
:101C30002D4843F00303C2F880302C4BC1F86041BB
:101C400002681A4203D1D1F8A8319A071BD0254A5D
:101C50004FF00041244B5963D2F8403143F0020366
:101C6000C2F84031D2F840319B07FBD44FF400302A
:101C70004FF0E0211C4B4FF00042C1F88C021920BC
:101C80009A6300F0A5F8184B0021164C4FF08042E3
:101C90000A209A634FF420721960C4F8A80114480E
:101CA00000F09AF84FF4800203464FF4810040F2AE
:101CB00043111860C4F858311A640E4B0E4AC4F828
:101CC0004811C3F804224FF0E0224FF40031012301
:101CD000C2F80C11C4F8403110BD00BF00800D40A7
:101CE00000C00F4000002E4000900D40001C1E0060
:101CF0000000002000180020FDBA000008B50E4BBF
:101D00001B6E9B0700D4FBBE72B60C4B00200C4A26
:101D1000C3F8400103F160430A49A3F55F2311644E
:101D20009D46BFF34F8F4FF40013074A0748DB6906
:101D300002609B68984700BF00441F4000002E408F
:101D400000C00A4003002000000012EB00802020A9
:101D50000F4B40F2376C0F4AA020D96E41F440314E
:101D6000D966D96E41F44071D966C2F844C0906416
:101D7000936C1B06FCD4084A40F23761A0235164DF
:101D80009364936C13F08003FBD1044A1370704783
:101D900000C00F4000400C4000800C40FB6700205A
:101DA000F8B500BFF8BC08BC9E46704700000000B4
:101DB0005FF800F0C1AF00005FF800F0ADDC00009C
:101DC0005FF800F025B600005FF800F069C200007F
:101DD0005FF800F0D5B200005FF800F0D5DA00003F
:101DE0005FF800F005B400005FF800F005CC0000DB
:041DF00045000000AA
:101DF4001603550053004200200053006500720092
:101E0400690061006C00000018035400650065005F
:101E14006E00730079006400750069006E006F0045
:101E24000403090409026200030100C032080B0024
:101E3400020202010009040000010202010005245B
:101E440000100105240101010424020605240600F2
:101E5400010705820310001009040100020A0000B2
:101E64000007050302400000070584024000000942
:101E740004020002FF6AFF00070581024000010717
:101E8400050102400001000009026200030100C0D4
:101E940032080B00020202010009040000010202E0
:101EA4000100052400100105240101010424020697
:101EB400052406000107058203100005090401003A
:101EC400020A00000007050302000200070584025D
:101ED4000002000904020002FF6AC700070581022C
:101EE4000002010705010200020100000A060002C7
:081EF400EF02014001000000B3
:101EFC0000000000000000000000000000000000D6
:101F0C0000000000000000000000000000000000C5
:101F1C000548064B1B1AD90F01EBA301491002D03F
:101F2C00034B03B118477047C01A0020C01A002099
:101F3C000000000008B5054B1BB105490548AFF37F
:101F4C000080BDE80840FFF7E3BF00BF00000000C1
:101F5C006867002000800160144B4FF00072144938
:101F6C00C3F8842003F18D73DFF84CC003F58F3375
:101F7C004868DCF800208333A3FB0232920C4B68D8
:101F8C001B1A9A42FBD8094A4FF00070094BC2F851
:101F9C0088004868DCF800200549A3FB0232920C4B
:101FAC004B681B1A9A42FBD8704700BF00C0004216
:101FBC00001000E083DE1B431C14002040EA81600B
:101FCC00084B40F0007218601A6000BF00BF00BFE1
:101FDC0000BF00BF186000BF00BF00BF00BF00BF44
:101FEC00704700BF00C0004240EA8160094B40F0DE
:101FFC00007218601A6000BF00BF00BF00BF00BFB6
:10200C0000BF186000BF00BF00BF00BF00BF00BF13
:10201C00704700BF00C0004240EA81600A4B40F0AC
:10202C00007218601A6000BF00BF00BF00BF00BF85
:10203C0000BF00BF186000BF00BF00BF00BF00BFE3
:10204C0000BF00BF704700BF00C0004200B50722B0
:10205C008E46DFF834C04EFA02F39B0603F0806321
:10206C00034343F00071CCF80030CCF8001000BFF3
:10207C0000BF00BF00BFCCF8003000BF00BF00BFE6
:10208C0000BF013AE7D200BD00C00042002A62D076
:10209C00314B2DE9F04F164683B01A68C3B2834614
:1020AC002E4D01934FEA102A33462D4F1646894682
:1020BC00040C2C4A7968106841F07D512A4A9842E8
:1020CC00796028BF1846116880462848304320EABA
:1020DC00010020F0785040F040503860296839B148
:1020EC00002600BF01362A689642FAD31A4A1668AF
:1020FC0002210093FFF7AAFFE1B2FFF7A7FF5FFAF7
:10210C008AF1FFF7A3FF0199FFF7A0FF009BB8F13D
:10211C00000F1BD008EB090A09F1FF3400930AF1F8
:10212C00FF3914F8011FFFF791FF4C45F9D1009BC3
:10213C003E60B3EB08030BD0C344D1465FFA8BF27D
:10214C004FEA1B444FEA1B2A0192B2E73E60B0E70C
:10215C0003B0BDE8F08F704770450020B4450020F7
:10216C0000C00042F0140020F414002000014001D3
:10217C00002A00F08880444B2DE9F04F1D6885B093
:10218C00030C82460E46DFF810B102934FEA102979
:10219C00C3B23E4F3E4C0393616845F001253D4B65
:1021AC0041F07D5145F4800518686160DBF8001042
:1021BC00904225EA010528BF104625F07855804647
:1021CC0045F040502060396839B14FF0000C00BF29
:1021DC000CF1010C3B689C45F9D303210192FFF7EC
:1021EC0035FF9DF80810FFF731FF5FFA89F1FFF713
:1021FC002DFF0399FFF72AFF6168019A21F0006116
:10220C006160B8F1000F33D008EB060C45F048556F
:10221C00013E0CF1FF3908214FF0000E256000BF84
:10222C0000BF00BF00BFA3682060C3F3C06343EAD4
:10223C004E0E00BF00BF00BF00BF0139EED106F843
:10224C0001EF4E45E7D1104BB2EB08021D6825603B
:10225C00616841F07D51616012D0C24466464FEA1C
:10226C001A434FEA1A2902935FFA8AF3039393E70E
:10227C00054B1D682560616841F07D5161608BE7FD
:10228C0005B0BDE8F08F704770450020B4450020C4
:10229C0000C00042F0140020F4140020002A00F0CA
:1022AC00A380524B2DE9F04F0E4685B0010C1D68F2
:1022BC0083464F4B02914FEA102AC1B2DFF840819E
:1022CC004C4F4D4C03910092626845F001254B49EF
:1022DC0042F07D5245F4800509686260009A8A429A
:1022EC0028BF0A4691461A6825EA020020F0785564
:1022FC0045F040522260D8F8001031B1002000BFE8
:10230C000130D8F800108842F9D310460B21019205
:10231C00FFF79CFE9DF80810FFF798FE5FFA8AF114
:10232C00FFF794FE0399FFF791FE6168019A21F083
:10233C0000612F4B6160396891B145F04851002024
:10234C00AC46216000BF00BF00BF00BF226000BFD1
:10235C0000BF00BF00BF01303D688542F1D8654623
:10236C00B9F1000F35D009EB060A45F0485006F1DB
:10237C00FF3C0AF1FF3E08250026206000BF00BF8D
:10238C0000BF00BFA1682260C1F3C06141EA4606EC
:10239C0000BF00BF00BF00BF013DEED10CF8016FC4
:1023AC00F445E8D1114A15682560626842F07D5207
:1023BC006260009AB2EB0902009212D0CB445646EE
:1023CC004FEA1B424FEA1B2A02925FFA8BF20392EE
:1023DC007AE7064A15682560626842F07D526260B1
:1023EC0072E705B0BDE8F08F704700BF7045002064
:1023FC00F4140020FC14002000C00042F014002053
:10240C00B445002000B507228E46DFF838C04EFADE
:10241C0002F39B0603F08063034343F00071CCF896
:10242C000030CCF8001000BF00BF00BF00BF00BFE1
:10243C00CCF8003000BF00BF00BF00BF00BF013AA6
:10244C00E5D200BD00C00042002A62D0314B2DE91C
:10245C00F04F164683B01A68C3B283462E4D0193D3
:10246C004FEA102A33462D4F16468946040C2C4A47
:10247C007968106841F07D512A4A9842796028BFEA
:10248C001846116880462848304320EA010020F0A5
:10249C00785040F040503860296839B1002600BFB0
:1024AC0001362A689642FAD31A4A1668022100931A
:1024BC00FFF7A8FFE1B2FFF7A5FF5FFA8AF1FFF77C
:1024CC00A1FF0199FFF79EFF009BB8F1000F1BD0F5
:1024DC0008EB090A09F1FF3400930AF1FF3914F8EB
:1024EC00011FFFF78FFF4C45F9D1009B3E60B3EB0A
:1024FC0008030BD0C344D1465FFA8BF24FEA1B445E
:10250C004FEA1B2A0192B2E73E60B0E703B0BDE888
:10251C00F08F704770450020B445002000C0004289
:10252C00F0140020F414002000014001002A00F0F7
:10253C008A80454B2DE9F04F1D6885B0030C82460F
:10254C000E46DFF814B102934FEA1029C3B23F4F85
:10255C003F4C0393616845F001253E4B41F07D51A2
:10256C0045F4800518686160DBF80010904225EA9C
:10257C00010528BF104625F07855804645F040509F
:10258C002060396839B14FF0000C00BF0CF1010C20
:10259C003B689C45F9D303210192FFF733FF9DF86B
:1025AC000810FFF72FFF5FFA89F1FFF72BFF039954
:1025BC00FFF728FF6168019A21F000616160B8F1B2
:1025CC00000F35D008EB060C45F04855013E0CF1D8
:1025DC00FF3908214FF0000E256000BF00BF00BF7F
:1025EC0000BF00BFA3682060C3F3C06343EA4E0E74
:1025FC0000BF00BF00BF00BF00BF0139ECD106F81F
:10260C0001EF4E45E5D1104BB2EB08021D68256079
:10261C00616841F07D51616012D0C24466464FEA58
:10262C001A434FEA1A2902935FFA8AF3039391E74C
:10263C00054B1D682560616841F07D51616089E73B
:10264C0005B0BDE8F08F704770450020B445002000
:10265C0000C00042F0140020F4140020002A00F006
:10266C00A380524B2DE9F04F924685B0C2B21D6843
:10267C008B46030C03924FEA102952464C4F4D4E99
:10268C0082464D4C0293616845F001254B4B41F05D
:10269C007D5145F480051868494B6160904219687A
:1026AC0028BF104625EA0105804625F0785545F0EF
:1026BC0040502060396839B14FF0000C00BF0CF16C
:1026CC00010C3B689C45F9D30B210192FFF79AFE54
:1026DC009DF80810FFF796FE5FFA89F1FFF792FE5E
:1026EC000399FFF78FFE6168019A21F00061616028
:1026FC003168A1B145F048534FF0000C236000BF86
:10270C0000BF00BF00BF00BF206000BF00BF00BF04
:10271C0000BF00BF0CF1010C31686145EED8B8F177
:10272C00000F36D008EB0B0C45F048550BF1FF3B76
:10273C000CF1FF3908214FF0000E256000BF00BFDF
:10274C0000BF00BF00BFA3682060C3F3C06343EAAF
:10275C004E0E00BF00BF00BF00BF00BF0139ECD15F
:10276C000BF801EFCB45E5D1104BB2EB08021D681D
:10277C002560616841F07D51616012D0C244E3462E
:10278C004FEA1A434FEA1A2902935FFA8AF303932A
:10279C0079E7064B1D682560616841F07D516160E9
:1027AC0071E705B0BDE8F08F704700BF70450020A1
:1027BC00B4450020FC14002000C00042F01400209E
:1027CC00F414002000B507228E46DFF83CC04EFA08
:1027DC0002F39B0603F08063034343F00071CCF8D3
:1027EC000030CCF8001000BF00BF00BF00BF00BF1E
:1027FC0000BFCCF8003000BF00BF00BF00BF00BF5F
:10280C0000BF013AE3D200BD00C00042002A62D0F2
:10281C00314B2DE9F04F164683B01A68C3B283468C
:10282C002E4D01934FEA102A33462D4F16468946FA
:10283C00040C2C4A7968106841F07D512A4A984260
:10284C00796028BF1846116880462848304320EA32
:10285C00010020F0785040F040503860296839B1C0
:10286C00002600BF01362A689642FAD31A4A166827
:10287C0002210093FFF7A6FFE1B2FFF7A3FF5FFA77
:10288C008AF1FFF79FFF0199FFF79CFF009BB8F1BE
:10289C00000F1BD008EB090A09F1FF3400930AF171
:1028AC00FF3914F8011FFFF78DFF4C45F9D1009B40
:1028BC003E60B3EB08030BD0C344D1465FFA8BF2F6
:1028CC004FEA1B444FEA1B2A0192B2E73E60B0E785
:1028DC0003B0BDE8F08F704770450020B445002070
:1028EC0000C00042F0140020F4140020000140014C
:1028FC00002A00F08C80464B2DE9F04F1D6885B006
:10290C00030C82460E46DFF818B102934FEA1029E9
:10291C00C3B2404F404C0393616845F001253F4BD7
:10292C0041F07D5145F4800518686160DBF80010BA
:10293C00904225EA010528BF104625F078558046BF
:10294C0045F040502060396839B14FF0000C00BFA1
:10295C000CF1010C3B689C45F9D303210192FFF764
:10296C0031FF9DF80810FFF72DFF5FFA89F1FFF793
:10297C0029FF0399FFF726FF6168019A21F0006196
:10298C006160B8F1000F37D008EB060C45F04855E4
:10299C00013E0CF1FF3908214FF0000E256000BFFD
:1029AC0000BF00BF00BF00BF00BFA3682060C3F31F
:1029BC00C06343EA4E0E00BF00BF00BF00BF00BFA4
:1029CC0000BF0139EAD106F801EF4E45E3D1104BB7
:1029DC00B2EB08021D682560616841F07D516160B1
:1029EC0012D0C24466464FEA1A434FEA1A290293A0
:1029FC005FFA8AF303938FE7054B1D6825606168C6
:102A0C0041F07D51616087E705B0BDE8F08F7047FC
:102A1C0070450020B445002000C00042F014002096
:102A2C00F4140020002A00F0A780544B2DE9F04F3D
:102A3C00924685B0C2B21D688B46030C03924FEAD6
:102A4C00102952464E4F4F4E82464F4C02936168AE
:102A5C0045F001254D4B41F07D5145F4800518683A
:102A6C004B4B61609042196828BF104625EA01055E
:102A7C00804625F0785545F040502060396839B1D2
:102A8C004FF0000C00BF0CF1010C3B689C45F9D3D6
:102A9C000B210192FFF796FE9DF80810FFF792FEAE
:102AAC005FFA89F1FFF78EFE0399FFF78BFE6168E1
:102ABC00019A21F0006161603168B1B145F0485371
:102ACC004FF0000C236000BF00BF00BF00BF00BF71
:102ADC0000BF206000BF00BF00BF00BF00BF00BF31
:102AEC000CF1010C31686145ECD8B8F1000F38D00D
:102AFC0008EB0B0C45F048550BF1FF3B0CF1FF3983
:102B0C0008214FF0000E256000BF00BF00BF00BFC2
:102B1C0000BF00BFA3682060C3F3C06343EA4E0E3E
:102B2C0000BF00BF00BF00BF00BF00BF0139EAD12A
:102B3C000BF801EFCB45E3D1104BB2EB08021D684B
:102B4C002560616841F07D51616012D0C244E3465A
:102B5C004FEA1A434FEA1A2902935FFA8AF3039356
:102B6C0075E7064B1D682560616841F07D51616019
:102B7C006DE705B0BDE8F08F704700BF70450020D1
:102B8C00B4450020FC14002000C00042F0140020CA
:102B9C00F414002000B507228E46DFF840C04EFA30
:102BAC0002F39B0603F08063034343F00071CCF8FF
:102BBC000030CCF8001000BF00BF00BF00BF00BF4A
:102BCC0000BF00BFCCF8003000BF00BF00BF00BF8B
:102BDC0000BF00BF00BF013AE1D200BD00C00042FF
:102BEC00002A62D0314B2DE9F04F164683B01A689B
:102BFC00C3B283462E4D01934FEA102A33462D4F14
:102C0C0016468946040C2C4A7968106841F07D51AF
:102C1C002A4A9842796028BF18461168804628488D
:102C2C00304320EA010020F0785040F040503860EA
:102C3C00296839B1002600BF01362A689642FAD3BA
:102C4C001A4A166802210093FFF7A4FFE1B2FFF7BE
:102C5C00A1FF5FFA8AF1FFF79DFF0199FFF79AFF39
:102C6C00009BB8F1000F1BD008EB090A09F1FF34E7
:102C7C0000930AF1FF3914F8011FFFF78BFF4C4545
:102C8C00F9D1009B3E60B3EB08030BD0C344D14693
:102C9C005FFA8BF24FEA1B444FEA1B2A0192B2E710
:102CAC003E60B0E703B0BDE8F08F70477045002080
:102CBC00B445002000C00042F0140020F4140020A1
:102CCC0000014001002A00F08E80474B2DE9F04FA7
:102CDC001D6885B0030C82460E46DFF81CB10293CA
:102CEC004FEA1029C3B2414F414C0393616845F040
:102CFC000125404B41F07D5145F480051868616019
:102D0C00DBF80010904225EA010528BF104625F09B
:102D1C007855804645F040502060396839B14FF005
:102D2C00000C00BF0CF1010C3B689C45F9D303214E
:102D3C000192FFF72FFF9DF80810FFF72BFF5FFAAA
:102D4C0089F1FFF727FF0399FFF724FF6168019AC8
:102D5C0021F000616160B8F1000F39D008EB060C6E
:102D6C0045F04855013E0CF1FF3908214FF0000E9B
:102D7C00256000BF00BF00BF00BF00BF00BF00BF89
:102D8C00A3682060C3F3C06343EA4E0E00BF00BFCC
:102D9C0000BF00BF00BF00BF00BF0139E8D106F87B
:102DAC0001EF4E45E1D1104BB2EB08021D682560D6
:102DBC00616841F07D51616012D0C24466464FEAB1
:102DCC001A434FEA1A2902935FFA8AF303938DE7A9
:102DDC00054B1D682560616841F07D51616085E798
:102DEC0005B0BDE8F08F704770450020B445002059
:102DFC0000C00042F0140020F4140020002A00F05F
:102E0C00AB80564B2DE9F04F924685B0C2B21D688F
:102E1C008B46030C03924FEA10295246504F514EE9
:102E2C008246514C0293616845F001254F4B41F0AD
:102E3C007D5145F4800518684D4B616090421968CE
:102E4C0028BF104625EA0105804625F0785545F047
:102E5C0040502060396839B14FF0000C00BF0CF1C4
:102E6C00010C3B689C45F9D30B210192FFF792FEB4
:102E7C009DF80810FFF78EFE5FFA89F1FFF78AFEC6
:102E8C000399FFF787FE6168019A21F00061616088
:102E9C003168C1B145F048534FF0000C236000BFBE
:102EAC0000BF00BF00BF00BF00BF00BF206000BF5D
:102EBC0000BF00BF00BF00BF00BF00BF0CF1010C82
:102ECC0031686145EAD8B8F1000F3AD008EB0B0C29
:102EDC0045F048550BF1FF3B0CF1FF3908214FF041
:102EEC00000E256000BF00BF00BF00BF00BF00BFC9
:102EFC0000BFA3682060C3F3C06343EA4E0E00BF5B
:102F0C0000BF00BF00BF00BF00BF00BF0139E8D148
:102F1C000BF801EFCB45E1D1104BB2EB08021D6869
:102F2C002560616841F07D51616012D0C244E34676
:102F3C004FEA1A434FEA1A2902935FFA8AF3039372
:102F4C0071E7064B1D682560616841F07D51616039
:102F5C0069E705B0BDE8F08F704700BF70450020F1
:102F6C00B4450020FC14002000C00042F0140020E6
:102F7C00F4140020F8B501210746342007240B4E29
:102F8C004FF080650AF074F905E0C6F88450FEF73E
:102F9C00E3FF013C09D347FA04F3DB07F5D4C6F889
:102FAC008850FEF7D9FF013CF5D2F8BD00C00042B5
:102FBC00084A137863B1002102E012F8013F3BB1DB
:102FCC00202BFAD101318142F7D1501C0BF0D2BD2C
:102FDC0018467047744500200D4B0E4A1B7892F82A
:102FEC0000C0022B0DD0012B05D00B4B0A460B4910
:102FFC0053F82C3018470A4B0A46084953F82C3022
:10300C001847084B0A46054953F82C30184700BF9F
:10301C00F6670020D6170020AC030020C01A002051
:10302C0070030020E80300202DE9F04F87B00092D8
:10303C00002A00F0D38080466E4B0D466E4F4FEA4F
:10304C00181218684FEA184AC3464FEA18530392ED
:10305C004FEA183908F00F02684E4FEA1828684CEE
:10306C0002930492CDF814A0626840F00120654BE5
:10307C0042F07D5240F4800019686260009A624B05
:10308C008A4228BF0A46196820EA010020F0785AC3
:10309C00C4F800A0396839B14FF0000C00BF0CF136
:1030AC00010C3B689C45F9D30E2150460192FEF76A
:1030BC009BFF0B215046FEF797FF029B504603F0F7
:1030CC000F01FEF791FF059B504603F00F01FEF731
:1030DC008BFF09F00F015046FEF786FF08F00F0139
:1030EC005046FEF781FF039B504603F00F01FEF79D
:1030FC007BFF04995046FEF777FF6168019A21F037
:10310C00705161603168C1B14AF000734FF0000C2E
:10311C005046236000BF00BF00BF00BF00BF00BF10
:10312C00206000BF00BF00BF00BF00BF00BF0CF19C
:10313C00010C31686145ECD88246002A51D002EB73
:10314C00050E9446013D4AF000720EF1FF385346CD
:10315C00226000BF00BF00BF00BF00BF00BFA0685F
:10316C00236000BF00BF00BF00BF00BF00BF2260D4
:10317C0000BF00BF00BF00BF00BF00BFA16823603D
:10318C0000BF00BF00BF00BF00BF00BF800EC1F377
:10319C00836141EA001105F8011F4545D8D1154B53
:1031AC001868009B20606168B3EB0C0341F07D5103
:1031BC006160009312D0E34475464FEA1B534FEA0B
:1031CC001B3902934FEA1B434FEA1B2805934FEA26
:1031DC001B1303930BF00F03049345E707B0BDE8F3
:1031EC00F08F044B18682060626842F07D52626078
:1031FC003AE700BF70450020B4450020F8140020C9
:10320C0000C00042F0140020F41400202DE9F04F0F
:10321C0087B00092002A00F0D9808046714B0D4691
:10322C00714F18684FEA18534FEA184A08F00F020A
:10323C004FEA1839C34604934FEA18236B4E4FEAF2
:10324C0018186B4C02930392CDF814A0626840F0EE
:10325C000120684B42F07D5240F480001968626096
:10326C00009A654B8A4228BF0A46196820EA010079
:10327C0020F0785AC4F800A0396839B14FF0000C2E
:10328C0000BF0CF1010C3B689C45F9D30E21504654
:10329C000192FEF7C1FE0B215046FEF7BDFE049BCA
:1032AC00504603F00F01FEF7B7FE059B504603F0A6
:1032BC000F01FEF7B1FE09F00F015046FEF7ACFE10
:1032CC00029B504603F00F01FEF7A6FE08F00F011B
:1032DC005046FEF7A1FE03995046FEF79DFE61682D
:1032EC00019A21F0705161603168D1B14AF00073DC
:1032FC004FF0000C5046236000BF00BF00BF00BF62
:10330C0000BF00BF00BF206000BF00BF00BF00BFF8
:10331C0000BF00BF00BF0CF1010C31686145EAD859
:10332C008246002A55D002EB050E9446013D4AF028
:10333C0000720EF1FF385346226000BF00BF00BF81
:10334C0000BF00BF00BF00BFA068236000BF00BF6C
:10335C0000BF00BF00BF00BF00BF226000BF00BFA6
:10336C0000BF00BF00BF00BF00BFA168236000BF4B
:10337C0000BF00BF00BF00BF00BF00BF800EC1F385
:10338C00836141EA001105F8011F4545D4D1154B65
:10339C001868009B20606168B3EB0C0341F07D5111
:1033AC006160009312D0E34475464FEA1B534FEA19
:1033BC001B3904934FEA1B434FEA1B1805934FEA42
:1033CC001B2302930BF00F0303933FE707B0BDE8F9
:1033DC00F08F044B18682060626842F07D52626086
:1033EC0034E700BF70450020B4450020F8140020DD
:1033FC0000C00042F0140020F414002070B5054603
:10340C000E463024E0B20134012109F031FF372C93
:10341C00F8D10121022009F02BFF0121032009F032
:10342C0027FF0121042009F023FF0121052009F0C9
:10343C001FFF3B4A3B4B022D116841EA030313600B
:10344C0043D0002D14BF4FF480014FF08071364BE8
:10345C00364A1B781160012B3549364A0D701670AF
:10346C0031D0022B2DD0032B57D041F2B002324B6E
:10347C00C3F86C22C3F87022C3F87422C3F8782204
:10348C00BFF34F8F03F13F732C492D4A03F5BD4316
:10349C00486812680333A3FB0232920C02EB42021F
:1034AC004B681B1A9A42FBD81D4B26491C68264AAE
:1034BC00214026480A4302605A6842F07D525A6005
:1034CC0070BD234AD3E73922D1E7F4074FF010033C
:1034DC0012D4B007C2F88830114B4FF0200212D52D
:1034EC007107C3F884200E4B4FF0400212D5C3F87D
:1034FC0084204FF48071AAE7B007C2F88430084BDF
:10350C004FF02002ECD47107C3F88820044B4FF025
:10351C004002ECD4C3F88820EBE70E4AA7E700BFC3
:10352C0000C0004200014001F7670020F4140020A5
:10353C00F5670020F367002000801F40001000E0BA
:10354C001C140020FFFEBFCC000140317045002050
:10355C003900010039B00100002A00F0B5805B4B46
:10356C002DE9F04F064687B093461868320CDFF809
:10357C006CA1574D370D0592320B564C0492320A02
:10358C0002923209019206F00F0203920A46616818
:10359C0040F00120504B41F07D5140F480001B68FD
:1035AC006160DAF800105B4520EA010028BF5B4639
:1035BC0020F078599846C4F80090296839B14FF03A
:1035CC00000C00BF0CF1010C2B689C45F9D30321B6
:1035DC0048460092FEF708FD08214846FEF704FD18
:1035EC0007F00F014846FEF7FFFC059B484603F029
:1035FC000F01FEF7F9FC049B484603F00F01FEF7A0
:10360C00F3FC029B484603F00F01FEF7EDFC019B17
:10361C00484603F00F01FEF7E7FC03994846FEF716
:10362C00E3FC009AB8F1000F47D008EB0203571ED9
:10363C0003F1FF3C17F8012F120949EA826242F0AC
:10364C0000712260216000BF00BF00BF00BF00BF3F
:10365C0000BF226000BF00BF00BF00BF00BF00BFA3
:10366C003A7802F00F0249EA826242F0007122605D
:10367C00216000BF00BF00BF00BF00BF00BF2260C1
:10368C0000BF00BF00BF00BF00BF00BF6745D1D166
:10369C000E4ABBEB080B1068206012D046441A4649
:1036AC00330C370D0593330B0493330A0293330910
:1036BC00019306F00F03039369E7044B186820602D
:1036CC0065E707B0BDE8F08F704700BF704500207C
:1036DC00B445002000C00042F0140020F414002077
:1036EC00002A00F0B9805D4B2DE9F04F064687B0FB
:1036FC0093461868320CDFF874A1594D370D0592BA
:10370C00320B584C0492320A02923209019206F0A2
:10371C000F0203920A46616840F00120524B41F0BF
:10372C007D5140F480001B686160DAF800105B4545
:10373C0020EA010028BF5B4620F078599846C4F86F
:10374C000090296839B14FF0000C00BF0CF1010C4E
:10375C002B689C45F9D3032148460092FEF75CFC8C
:10376C0008214846FEF758FC07F00F014846FEF7C3
:10377C0053FC059B484603F00F01FEF74DFC049BE0
:10378C00484603F00F01FEF747FC029B484603F046
:10379C000F01FEF741FC019B484603F00F01FEF7B9
:1037AC003BFC03994846FEF737FC009AB8F1000F32
:1037BC004BD008EB0203571E03F1FF3C17F8012F07
:1037CC00120949EA826242F000712260216000BF56
:1037DC0000BF00BF00BF00BF00BF00BF226000BF22
:1037EC0000BF00BF00BF00BF00BF00BF3A7802F0AF
:1037FC000F0249EA826242F000712260216000BF30
:10380C0000BF00BF00BF00BF00BF00BF226000BFF1
:10381C0000BF00BF00BF00BF00BF00BF6745CDD1D8
:10382C000E4ABBEB080B1068206012D046441A46B7
:10383C00330C370D0593330B0493330A029333097E
:10384C00019306F00F03039365E7044B186820609F
:10385C0061E707B0BDE8F08F704700BF70450020EE
:10386C00B445002000C00042F0140020F4140020E5
:10387C0000B507228E46DFF844C04EFA02F39B06D1
:10388C0003F08063034343F00071CCF80030CCF8B4
:10389C00001000BF00BF00BF00BF00BF00BF00BFD3
:1038AC0000BFCCF8003000BF00BF00BF00BF00BF9E
:1038BC0000BF00BF00BF013ADFD200BD00C0004214
:1038CC00002A00F08480424B2DE9F04F804683B0F3
:1038DC0018680F464FEA182A43465FFA88F9DFF852
:1038EC0000B13C4D4FEA18483B4C616840F0012058
:1038FC003A4E41F07D5140F4800036686160DBF84F
:10390C000010964220EA010028BF164620F078509D
:10391C0040F040502060296839B14FF0000C00BFD6
:10392C000CF1010C29688C45F9D30221CDE9003248
:10393C00FFF79EFF5FFA88F1FFF79AFF5FFA8AF1B3
:10394C00FFF796FF4946FFF793FFDDE90032002EA3
:10395C0036D007F1FF38374407F1FF3918F801EF7B
:10396C004FF0070C4EFA0CF1890601F0806101430F
:10397C0041F0007A2160C4F800A000BF00BF00BF76
:10398C0000BF00BF00BF00BF00BF216000BF00BF71
:10399C0000BF00BF00BF00BF00BF00BFBCF1010CE7
:1039AC00E0D2C845DAD10A49921B086820600BD0D6
:1039BC0033444FEA13484FEA132A5FFA83F994E72A
:1039CC0003490868206090E703B0BDE8F08F7047AA
:1039DC0070450020B445002000C00042F0140020C7
:1039EC00F4140020002A00F09080484B2DE9F04F91
:1039FC001D6885B0030C82460E46DFF820B1029399
:103A0C004FEA1029C3B2424F424C0393616845F010
:103A1C000125414B41F07D5145F4800518686160EA
:103A2C00DBF80010904225EA010528BF104625F06E
:103A3C007855804645F040502060396839B14FF0D8
:103A4C00000C00BF0CF1010C3B689C45F9D3032121
:103A5C000192FFF70DFF9DF80810FFF709FF5FFAC1
:103A6C0089F1FFF705FF0399FFF702FF6168019ADF
:103A7C0021F000616160B8F1000F3BD008EB060C3F
:103A8C0045F04855013E0CF1FF3908214FF0000E6E
:103A9C00256000BF00BF00BF00BF00BF00BF00BF5C
:103AAC0000BFA3682060C3F3C06343EA4E0E00BF9F
:103ABC0000BF00BF00BF00BF00BF00BF00BF013987
:103ACC00E6D106F801EF4E45DFD1104BB2EB080200
:103ADC001D682560616841F07D51616012D0C2445F
:103AEC0066464FEA1A434FEA1A2902935FFA8AF3A1
:103AFC0003938BE7054B1D682560616841F07D5190
:103B0C00616083E705B0BDE8F08F70477045002019
:103B1C00B445002000C00042F0140020F414002032
:103B2C00002A00F0AF80584B2DE9F04F924685B03B
:103B3C00C2B21D688B46030C03924FEA1029524601
:103B4C00524F534E8246534C0293616845F0012507
:103B5C00514B41F07D5145F4800518684F4B616025
:103B6C009042196828BF104625EA0105804625F0C9
:103B7C00785545F040502060396839B14FF0000C51
:103B8C0000BF0CF1010C3B689C45F9D30B21019251
:103B9C00FFF76EFE9DF80810FFF76AFE5FFA89F1D9
:103BAC00FFF766FE0399FFF763FE6168019A21F047
:103BBC00006161603168D1B145F048534FF0000CA1
:103BCC00236000BF00BF00BF00BF00BF00BF00BF2D
:103BDC0000BF206000BF00BF00BF00BF00BF00BF20
:103BEC0000BF00BF0CF1010C31686145E8D8B8F199
:103BFC00000F3CD008EB0B0C45F048550BF1FF3B8C
:103C0C000CF1FF3908214FF0000E256000BF00BFFA
:103C1C0000BF00BF00BF00BF00BF00BFA368206093
:103C2C00C3F3C06343EA4E0E00BF00BF00BF00BF2A
:103C3C0000BF00BF00BF00BF0139E6D10BF801EF98
:103C4C00CB45DFD1104BB2EB08021D6825606168D3
:103C5C0041F07D51616012D0C244E3464FEA1A43F1
:103C6C004FEA1A2902935FFA8AF303936DE7064B26
:103C7C001D682560616841F07D51616065E705B0A4
:103C8C00BDE8F08F704700BF70450020B4450020A0
:103C9C00FC14002000C00042F0140020F41400209A
:103CAC0000B507228E46DFF848C04EFA02F39B0699
:103CBC0003F08063034343F00071CCF80030CCF880
:103CCC00001000BF00BF00BF00BF00BF00BF00BF9F
:103CDC0000BF00BFCCF8003000BF00BF00BF00BF6A
:103CEC0000BF00BF00BF00BF00BF013ADDD200BD66
:103CFC0000C00042002A62D0314B2DE9F04F16462D
:103D0C0083B01A68C3B283462E4D01934FEA102A32
:103D1C0033462D4F16468946040C2C4A7968106898
:103D2C0041F07D512A4A9842796028BF18461168A3
:103D3C0080462848304320EA010020F0785040F0BB
:103D4C0040503860296839B1002600BF01362A6816
:103D5C009642FAD31A4A166802210093FFF7A0FF85
:103D6C00E1B2FFF79DFF5FFA8AF1FFF799FF019926
:103D7C00FFF796FF009BB8F1000F1BD008EB090A68
:103D8C0009F1FF3400930AF1FF3914F8011FFFF712
:103D9C0087FF4C45F9D1009B3E60B3EB08030BD079
:103DAC00C344D1465FFA8BF24FEA1B444FEA1B2AFD
:103DBC000192B2E73E60B0E703B0BDE8F08F704708
:103DCC0070450020B445002000C00042F0140020D3
:103DDC00F414002000014001002A00F09280494BAD
:103DEC002DE9F04F1D6885B0030C82460E46DFF8B6
:103DFC0024B102934FEA1029C3B2434F434C0393AF
:103E0C00616845F00125424B41F07D5145F4800538
:103E1C0018686160DBF80010904225EA010528BFA4
:103E2C00104625F07855804645F0405020603968A2
:103E3C0039B14FF0000C00BF0CF1010C3B689C45F4
:103E4C00F9D303210192FFF72BFF9DF80810FFF720
:103E5C0027FF5FFA89F1FFF723FF0399FFF720FF94
:103E6C006168019A21F000616160B8F1000F3DD0EA
:103E7C0008EB060C45F04855013E0CF1FF390821C2
:103E8C004FF0000E256000BF00BF00BF00BF00BF99
:103E9C0000BF00BF00BF00BFA3682060C3F3C063B6
:103EAC0043EA4E0E00BF00BF00BF00BF00BF00BF03
:103EBC0000BF00BF00BF0139E4D106F801EF4E4549
:103ECC00DDD1104BB2EB08021D682560616841F032
:103EDC007D51616012D0C24466464FEA1A434FEAE4
:103EEC001A2902935FFA8AF3039389E7054B1D683D
:103EFC002560616841F07D51616081E705B0BDE8E6
:103F0C00F08F704770450020B445002000C000427F
:103F1C00F0140020F4140020002A00F0B3805A4B57
:103F2C002DE9F04F924685B0C2B21D688B46030C4A
:103F3C0003924FEA10295246544F554E8246554C27
:103F4C000293616845F00125534B41F07D5145F4D6
:103F5C0080051868514B61609042196828BF104663
:103F6C0025EA0105804625F0785545F04050206043
:103F7C00396839B14FF0000C00BF0CF1010C3B68F3
:103F8C009C45F9D30B210192FFF78AFE9DF808108E
:103F9C00FFF786FE5FFA89F1FFF782FE0399FFF7C0
:103FAC007FFE6168019A21F0006161603168E1B1C6
:103FBC0045F048534FF0000C236000BF00BF00BF1A
:103FCC0000BF00BF00BF00BF00BF00BF206000BF2C
:103FDC0000BF00BF00BF00BF00BF00BF00BF00BFDD
:103FEC000CF1010C31686145E6D8B8F1000F3ED0F8
:103FFC0008EB0B0C45F048550BF1FF3B0CF1FF396E
:10400C0008214FF0000E256000BF00BF00BF00BFAD
:10401C0000BF00BF00BF00BF00BFA3682060C3F398
:10402C00C06343EA4E0E00BF00BF00BF00BF00BF1D
:10403C0000BF00BF00BF00BF0139E4D10BF801EF96
:10404C00CB45DDD1104BB2EB08021D6825606168D1
:10405C0041F07D51616012D0C244E3464FEA1A43ED
:10406C004FEA1A2902935FFA8AF3039369E7064B26
:10407C001D682560616841F07D51616061E705B0A4
:10408C00BDE8F08F704700BF70450020B44500209C
:10409C00FC14002000C00042F0140020F414002096
:1040AC0000B507228E46DFF84CC04EFA02F39B0691
:1040BC0003F08063034343F00071CCF80030CCF87C
:1040CC00001000BF00BF00BF00BF00BF00BF00BF9B
:1040DC0000BF00BF00BFCCF8003000BF00BF00BF66
:1040EC0000BF00BF00BF00BF00BF00BF00BF013A50
:1040FC00DBD200BD00C00042002A62D0314B2DE95A
:10410C00F04F164683B01A68C3B283462E4D019306
:10411C004FEA102A33462D4F16468946040C2C4A7A
:10412C007968106841F07D512A4A9842796028BF1D
:10413C001846116880462848304320EA010020F0D8
:10414C00785040F040503860296839B1002600BFE3
:10415C0001362A689642FAD31A4A1668022100934D
:10416C00FFF79EFFE1B2FFF79BFF5FFA8AF1FFF7C3
:10417C0097FF0199FFF794FF009BB8F1000F1BD03C
:10418C0008EB090A09F1FF3400930AF1FF3914F81E
:10419C00011FFFF785FF4C45F9D1009B3E60B3EB47
:1041AC0008030BD0C344D1465FFA8BF24FEA1B4491
:1041BC004FEA1B2A0192B2E73E60B0E703B0BDE8BC
:1041CC00F08F704770450020B445002000C00042BD
:1041DC00F0140020F414002000014001002A00F02B
:1041EC0096804B4B2DE9F04F1D6885B0C3B20E463F
:1041FC00DFF82CB14FEA102A03934FEA1049454FD0
:10420C000346454C616845F00125444841F07D5119
:10421C0045F4800500686160DBF80010904225EAE7
:10422C00010528BF104625F07855804645F04050D2
:10423C002060396839B14FF0000C00BF0CF1010C53
:10424C0039688C45F9D30321CDE90132FFF728FFFA
:10425C005FFA89F1FFF724FF5FFA8AF1FFF720FF7D
:10426C000399FFF71DFF616821F00061DDE9013260
:10427C006160B8F1000F3FD008EB060C45F04855D3
:10428C00013E0CF1FF394FF0080E4FF0000A25608B
:10429C0000BF00BF00BF00BF00BF00BF00BF00BF1A
:1042AC0000BF00BFA1682060C1F3C06141EA4A0AA7
:1042BC0000BF00BF00BF00BF00BF00BF00BF00BFFA
:1042CC0000BF00BFBEF1010EE1D106F801AF4E45B3
:1042DC00D9D10F49B2EB08020D682560616841F035
:1042EC007D51616010D043446646D9B24FEA134900
:1042FC004FEA132A039185E705490D68256061682B
:10430C0041F07D5161607DE705B0BDE8F08F7047ED
:10431C0070450020B445002000C00042F01400207D
:10432C00F4140020002A00F0B7805C4B2DE9F04F0C
:10433C00924685B0C2B21D688B46030C03924FEABD
:10434C0010295246564F574E8246574C029361687D
:10435C0045F00125554B41F07D5145F48005186819
:10436C00534B61609042196828BF104625EA01053D
:10437C00804625F0785545F040502060396839B1B9
:10438C004FF0000C00BF0CF1010C3B689C45F9D3BD
:10439C000B210192FFF784FE9DF80810FFF780FEB9
:1043AC005FFA89F1FFF77CFE0399FFF779FE6168EC
:1043BC00019A21F0006161603168F1B145F0485318
:1043CC004FF0000C236000BF00BF00BF00BF00BF58
:1043DC0000BF00BF00BF00BF00BF206000BF00BF18
:1043EC0000BF00BF00BF00BF00BF00BF00BF00BFC9
:1043FC000CF1010C31686145E4D8B8F1000F40D0E4
:10440C0008EB0B0C45F048550BF1FF3B0CF1FF3959
:10441C0008214FF0000E256000BF00BF00BF00BF99
:10442C0000BF00BF00BF00BF00BF00BFA36820607B
:10443C00C3F3C06343EA4E0E00BF00BF00BF00BF12
:10444C0000BF00BF00BF00BF00BF00BF0139E2D1F9
:10445C000BF801EFCB45DBD1104BB2EB08021D681A
:10446C002560616841F07D51616012D0C244E34621
:10447C004FEA1A434FEA1A2902935FFA8AF303931D
:10448C0065E7064B1D682560616841F07D516160F0
:10449C005DE705B0BDE8F08F704700BF70450020A8
:1044AC00B4450020FC14002000C00042F014002091
:1044BC00F414002000B507228E46DFF850C04EFAE7
:1044CC0002F39B0603F08063034343F00071CCF8C6
:1044DC000030CCF8001000BF00BF00BF00BF00BF11
:1044EC0000BF00BF00BF00BF00BF00BFCCF8003052
:1044FC0000BF00BF00BF00BF00BF00BF00BF00BFB8
:10450C0000BF00BF00BF013AD9D200BD00C00042BD
:10451C00002A62D0314B2DE9F04F164683B01A6851
:10452C00C3B283462E4D01934FEA102A33462D4FCA
:10453C0016468946040C2C4A7968106841F07D5166
:10454C002A4A9842796028BF184611688046284844
:10455C00304320EA010020F0785040F040503860A1
:10456C00296839B1002600BF01362A689642FAD371
:10457C001A4A166802210093FFF79CFFE1B2FFF77D
:10458C0099FF5FFA8AF1FFF795FF0199FFF792FF08
:10459C00009BB8F1000F1BD008EB090A09F1FF349E
:1045AC0000930AF1FF3914F8011FFFF783FF4C4504
:1045BC00F9D1009B3E60B3EB08030BD0C344D1464A
:1045CC005FFA8BF24FEA1B444FEA1B2A0192B2E7C7
:1045DC003E60B0E703B0BDE8F08F70477045002037
:1045EC00B445002000C00042F0140020F414002058
:1045FC0000014001002A00F098804C4B2DE9F04F4F
:10460C001D6885B0C3B20E46DFF830B14FEA102AF0
:10461C0003934FEA1049464F0346464C616845F0F8
:10462C000125454841F07D5145F4800500686160E5
:10463C00DBF80010904225EA010528BF104625F052
:10464C007855804645F040502060396839B14FF0BC
:10465C00000C00BF0CF1010C39688C45F9D3032117
:10466C00CDE90132FFF726FF5FFA89F1FFF722FF50
:10467C005FFA8AF1FFF71EFF0399FFF71BFF6168D2
:10468C0021F00061DDE901326160B8F1000F41D029
:10469C0008EB060C45F04855013E0CF1FF394FF084
:1046AC00080E4FF0000A256000BF00BF00BF00BF1E
:1046BC0000BF00BF00BF00BF00BF00BF00BFA168AC
:1046CC002060C1F3C06141EA4A0A00BF00BF00BFCD
:1046DC0000BF00BF00BF00BF00BF00BF00BF00BFD6
:1046EC00BEF1010EDFD106F801AF4E45D7D10F490F
:1046FC00B2EB08020D682560616841F07D51616084
:10470C0010D043446646D9B24FEA13494FEA132AF4
:10471C00039183E705490D682560616841F07D517F
:10472C0061607BE705B0BDE8F08F704770450020F5
:10473C00B445002000C00042F0140020F414002006
:10474C00002A00F0BB805E4B2DE9F04F924685B0FD
:10475C00C2B21D688B46030C03924FEA10295246D5
:10476C00584F594E8246594C0293616845F00125C9
:10477C00574B41F07D5145F480051868554B6160ED
:10478C009042196828BF104625EA0105804625F09D
:10479C00785545F040502060396839B14FF0000C25
:1047AC0000BF0CF1010C3B689C45F9D30B21019225
:1047BC00FFF780FE9DF80810FFF77CFE5FFA89F189
:1047CC00FFF778FE0399FFF775FE6168019A21F0F7
:1047DC0000616160316801B345F048534FF0000C43
:1047EC00236000BF00BF00BF00BF00BF00BF00BF01
:1047FC0000BF00BF00BF00BF206000BF00BF00BFF4
:10480C0000BF00BF00BF00BF00BF00BF00BF00BFA4
:10481C000CF1010C31686145E2D8B8F1000F42D0BF
:10482C0008EB0B0C45F048550BF1FF3B0CF1FF3935
:10483C0008214FF0000E256000BF00BF00BF00BF75
:10484C0000BF00BF00BF00BF00BF00BF00BFA36818
:10485C002060C3F3C06343EA4E0E00BF00BF00BF2D
:10486C0000BF00BF00BF00BF00BF00BF00BF00BF44
:10487C000139E0D10BF801EFCB45D9D1104BB2EB9C
:10488C0008021D682560616841F07D51616012D09D
:10489C00C244E3464FEA1A434FEA1A2902935FFADD
:1048AC008AF3039361E7064B1D682560616841F04C
:1048BC007D51616059E705B0BDE8F08F704700BFCE
:1048CC0070450020B4450020FC14002000C00042BC
:1048DC00F0140020F414002000B507228E46DFF8F7
:1048EC0054C04EFA02F39B0603F08063034343F07B
:1048FC000071CCF80030CCF8001000BF00BF00BF36
:10490C0000BF00BF00BF00BF00BF00BF00BF00BFA3
:10491C0000BFCCF8003000BF00BF00BF00BF00BF1D
:10492C0000BF00BF00BF00BF00BF00BF00BF013A07
:10493C00D7D200BD00C00042002A62D0314B2DE915
:10494C00F04F164683B01A68C3B283462E4D0193BE
:10495C004FEA102A33462D4F16468946040C2C4A32
:10496C007968106841F07D512A4A9842796028BFD5
:10497C001846116880462848304320EA010020F090
:10498C00785040F040503860296839B1002600BF9B
:10499C0001362A689642FAD31A4A16680221009305
:1049AC00FFF79AFFE1B2FFF797FF5FFA8AF1FFF783
:1049BC0093FF0199FFF790FF009BB8F1000F1BD0FC
:1049CC0008EB090A09F1FF3400930AF1FF3914F8D6
:1049DC00011FFFF781FF4C45F9D1009B3E60B3EB03
:1049EC0008030BD0C344D1465FFA8BF24FEA1B4449
:1049FC004FEA1B2A0192B2E73E60B0E703B0BDE874
:104A0C00F08F704770450020B445002000C0004274
:104A1C00F0140020F414002000014001002A00F0E2
:104A2C009A804D4B2DE9F04F1D6885B0C3B20E46F0
:104A3C00DFF834B14FEA102A03934FEA1049474F7D
:104A4C000346474C616845F00125464841F07D51CD
:104A5C0045F4800500686160DBF80010904225EA9F
:104A6C00010528BF104625F07855804645F040508A
:104A7C002060396839B14FF0000C00BF0CF1010C0B
:104A8C0039688C45F9D30321CDE90132FFF724FFB6
:104A9C005FFA89F1FFF720FF5FFA8AF1FFF71CFF3D
:104AAC000399FFF719FF616821F00061DDE901321C
:104ABC006160B8F1000F43D008EB060C45F0485587
:104ACC00013E0CF1FF394FF0080E4FF0000A256043
:104ADC0000BF00BF00BF00BF00BF00BF00BF00BFD2
:104AEC0000BF00BF00BF00BFA1682060C1F3C06160
:104AFC0041EA4A0A00BF00BF00BF00BF00BF00BFB1
:104B0C0000BF00BF00BF00BF00BF00BFBEF1010E61
:104B1C00DDD106F801AF4E45D5D10F49B2EB0802F5
:104B2C000D682560616841F07D51616010D043448F
:104B3C006646D9B24FEA13494FEA132A039181E72B
:104B4C0005490D682560616841F07D51616079E728
:104B5C0005B0BDE8F08F704770450020B4450020CB
:104B6C0000C00042F0140020F4140020002A00F0D1
:104B7C00BF80604B2DE9F04F924685B0C2B21D68E4
:104B8C008B46030C02924FEA102952465A4F5B4E49
:104B9C0082465B4C0393616845F00125594B41F00B
:104BAC007D5145F480051868574B61609042196837
:104BBC0028BF104625EA0105804625F0785545F0BA
:104BCC0040502060396839B14FF0000C00BF0CF137
:104BDC00010C3B689C45F9D30B210192FFF77CFE3D
:104BEC009DF80C10FFF778FE5FFA89F1FFF774FE61
:104BFC000299FFF771FE6168019A21F00061616012
:104C0C00316811B345F048534FF0000C236000BFDE
:104C1C0000BF00BF00BF00BF00BF00BF00BF00BF90
:104C2C0000BF00BF00BF206000BF00BF00BF00BFBF
:104C3C0000BF00BF00BF00BF00BF00BF00BF00BF70
:104C4C000CF1010C31686145E0D8B8F1000F44D08B
:104C5C0008EB0B0C45F048550BF1FF3B0CF1FF3901
:104C6C0008214FF0000E256000BF00BF00BF00BF41
:104C7C0000BF00BF00BF00BF00BF00BF00BF00BF30
:104C8C00A3682060C3F3C06343EA4E0E00BF00BFAD
:104C9C0000BF00BF00BF00BF00BF00BF00BF00BF10
:104CAC0000BF00BF0139DED10BF801EFCB45D7D1E6
:104CBC00104BB2EB08021D682560616841F07D5114
:104CCC00616012D0C244E3464FEA1A434FEA1A29F4
:104CDC0003935FFA8AF302935DE7064B1D68256028
:104CEC00616841F07D51616055E705B0BDE8F08F1A
:104CFC00704700BF70450020B4450020FC14002014
:104D0C0000C00042F0140020F414002000B507226B
:104D1C008E46DFF858C04EFA02F39B0603F0806310
:104D2C00034343F00071CCF80030CCF8001000BF06
:104D3C0000BF00BF00BF00BF00BF00BF00BF00BF6F
:104D4C0000BF00BF00BF00BFCCF8003000BF00BFE9
:104D5C0000BF00BF00BF00BF00BF00BF00BF00BF4F
:104D6C0000BF00BF00BF013AD5D200BD00C0004259
:104D7C00002A62D0314B2DE9F04F164683B01A68E9
:104D8C00C3B283462E4D01934FEA102A33462D4F62
:104D9C0016468946040C2C4A7968106841F07D51FE
:104DAC002A4A9842796028BF1846116880462848DC
:104DBC00304320EA010020F0785040F04050386039
:104DCC00296839B1002600BF01362A689642FAD309
:104DDC001A4A166802210093FFF798FFE1B2FFF719
:104DEC0095FF5FFA8AF1FFF791FF0199FFF78EFFAC
:104DFC00009BB8F1000F1BD008EB090A09F1FF3436
:104E0C0000930AF1FF3914F8011FFFF77FFF4C459F
:104E1C00F9D1009B3E60B3EB08030BD0C344D146E1
:104E2C005FFA8BF24FEA1B444FEA1B2A0192B2E75E
:104E3C003E60B0E703B0BDE8F08F704770450020CE
:104E4C00B445002000C00042F0140020F4140020EF
:104E5C0000014001002A00F09C804E4B2DE9F04FE0
:104E6C001D6885B0C3B20E46DFF838B14FEA102A80
:104E7C0003934FEA1049484F0346484C616845F08C
:104E8C000125474841F07D5145F48005006861607B
:104E9C00DBF80010904225EA010528BF104625F0EA
:104EAC007855804645F040502060396839B14FF054
:104EBC00000C00BF0CF1010C39688C45F9D30321AF
:104ECC00CDE90132FFF722FF5FFA89F1FFF71EFFF0
:104EDC005FFA8AF1FFF71AFF0399FFF717FF616872
:104EEC0021F00061DDE901326160B8F1000F45D0BD
:104EFC0008EB060C45F04855013E0CF1FF394FF01C
:104F0C00080E4FF0000A256000BF00BF00BF00BFB5
:104F1C0000BF00BF00BF00BF00BF00BF00BF00BF8D
:104F2C0000BFA1682060C1F3C06141EA4A0A00BF1A
:104F3C0000BF00BF00BF00BF00BF00BF00BF00BF6D
:104F4C0000BF00BF00BF00BFBEF1010EDBD106F8F1
:104F5C0001AF4E45D3D10F49B2EB08020D68256065
:104F6C00616841F07D51616010D043446646D9B20E
:104F7C004FEA13494FEA132A03917FE705490D685D
:104F8C002560616841F07D51616077E705B0BDE84F
:104F9C00F08F704770450020B445002000C00042DF
:104FAC00F0140020F4140020002A00F0C480624B9E
:104FBC002DE9F04F924685B0C2B21D688B46030CAA
:104FCC0002924FEA102952465C4F5D4E82465D4C70
:104FDC000393616845F001255B4B41F07D5145F42D
:104FEC0080051868594B61609042196828BF1046BB
:104FFC0025EA0105804625F0785545F040502060A3
:10500C00396839B14FF0000C00BF0CF1010C3B6852
:10501C009C45F9D30B210192FFF778FE9DF80C10FB
:10502C00FFF774FE5FFA89F1FFF770FE0299FFF744
:10503C006DFE6168019A21F00061616031680029A0
:10504C0024D045F048534FF0000C236000BF00BF44
:10505C0000BF00BF00BF00BF00BF00BF00BF00BF4C
:10506C0000BF00BF00BF206000BF00BF00BF00BF7B
:10507C0000BF00BF00BF00BF00BF00BF00BF00BF2C
:10508C0000BF0CF1010C31686145DED8B8F1000F9E
:10509C0046D008EB0B0C45F048550BF1FF3B0CF1DF
:1050AC00FF3908214FF0000E256000BF00BF00BF84
:1050BC0000BF00BF00BF00BF00BF00BF00BF00BFEC
:1050CC0000BF00BFA3682060C3F3C06343EA4E0E69
:1050DC0000BF00BF00BF00BF00BF00BF00BF00BFCC
:1050EC0000BF00BF00BF00BF00BF0139DCD10BF80F
:1050FC0001EFCB45D5D1104BB2EB08021D682560F2
:10510C00616841F07D51616012D0C244E3464FEAC0
:10511C001A434FEA1A2903935FFA8AF3029358E76A
:10512C00054B1D682560616841F07D51616050E759
:10513C0005B0BDE8F08F704770450020B4450020E5
:10514C00FC14002000C00042F0140020F4140020D5
:10515C0000B507228E46DFF85CC04EFA02F39B06C0
:10516C0003F08063034343F00071CCF80030CCF8BB
:10517C00001000BF00BF00BF00BF00BF00BF00BFDA
:10518C0000BF00BF00BF00BF00BF00BF00BFCCF816
:10519C00003000BF00BF00BF00BF00BF00BF00BF9A
:1051AC0000BF00BF00BF00BF00BF00BF00BF013A7F
:1051BC00D3D200BD00C00042002A62D0314B2DE991
:1051CC00F04F164683B01A68C3B283462E4D019336
:1051DC004FEA102A33462D4F16468946040C2C4AAA
:1051EC007968106841F07D512A4A9842796028BF4D
:1051FC001846116880462848304320EA010020F008
:10520C00785040F040503860296839B1002600BF12
:10521C0001362A689642FAD31A4A1668022100937C
:10522C00FFF796FFE1B2FFF793FF5FFA8AF1FFF702
:10523C008FFF0199FFF78CFF009BB8F1000F1BD07B
:10524C0008EB090A09F1FF3400930AF1FF3914F84D
:10525C00011FFFF77DFF4C45F9D1009B3E60B3EB7E
:10526C0008030BD0C344D1465FFA8BF24FEA1B44C0
:10527C004FEA1B2A0192B2E73E60B0E703B0BDE8EB
:10528C00F08F704770450020B445002000C00042EC
:10529C00F0140020F414002000014001002A00F05A
:1052AC009C804E4B2DE9F04F1D6885B0030C824657
:1052BC000E46DFF838B102934FEA1029C3B2484FBB
:1052CC00484C0393616845F00125474B41F07D51F3
:1052DC0045F4800518686160DBF80010904225EAFF
:1052EC00010528BF104625F07855804645F0405002
:1052FC002060396839B14FF0000C00BF0CF1010C83
:10530C003B689C45F9D303210192FFF721FF9DF8DF
:10531C000810FFF71DFF5FFA89F1FFF719FF0399DA
:10532C00FFF716FF6168019A21F000616160B8F126
:10533C00000F47D008EB060C45F04855013E0CF128
:10534C00FF3908214FF0000E256000BF00BF00BFE1
:10535C0000BF00BF00BF00BF00BF00BF00BF00BF49
:10536C0000BF00BF00BFA3682060C3F3C06343EA63
:10537C004E0E00BF00BF00BF00BF00BF00BF00BF8C
:10538C0000BF00BF00BF00BF00BF00BF00BF01399E
:10539C00DAD106F801EF4E45D3D1104BB2EB08022F
:1053AC001D682560616841F07D51616012D0C24476
:1053BC0066464FEA1A434FEA1A2902935FFA8AF3B8
:1053CC0003937FE7054B1D682560616841F07D51B3
:1053DC00616077E705B0BDE8F08F7047704500203D
:1053EC00B445002000C00042F0140020F41400204A
:1053FC00002A00F0C880644B2DE9F04F924685B02E
:10540C00C2B21D688B46030C02924FEA1029524619
:10541C005E4F5F4E82465F4C0393616845F00125F9
:10542C005D4B41F07D5145F4800518685B4B616024
:10543C009042196828BF104625EA0105804625F0E0
:10544C00785545F040502060396839B14FF0000C68
:10545C0000BF0CF1010C3B689C45F9D30B21019268
:10546C00FFF776FE9DF80C10FFF772FE5FFA89F1DC
:10547C00FFF76EFE0299FFF76BFE6168019A21F04F
:10548C00006161603168002926D045F048534FF027
:10549C00000C236000BF00BF00BF00BF00BF00BFF7
:1054AC0000BF00BF00BF00BF00BF00BF00BF00BFF8
:1054BC00206000BF00BF00BF00BF00BF00BF00BF27
:1054CC0000BF00BF00BF00BF00BF00BF00BF0CF19A
:1054DC00010C31686145DCD8B8F1000F48D008EBFD
:1054EC000B0C45F048550BF1FF3B0CF1FF39082133
:1054FC004FF0000E256000BF00BF00BF00BF00BF13
:10550C0000BF00BF00BF00BF00BF00BF00BF00BF97
:10551C0000BFA3682060C3F3C06343EA4E0E00BF14
:10552C0000BF00BF00BF00BF00BF00BF00BF00BF77
:10553C0000BF00BF00BF00BF00BF0139DAD10BF8BC
:10554C0001EFCB45D3D1104BB2EB08021D6825609F
:10555C00616841F07D51616012D0C244E3464FEA6C
:10556C001A434FEA1A2903935FFA8AF3029354E71A
:10557C00054B1D682560616841F07D5161604CE709
:10558C0005B0BDE8F08F704770450020B445002091
:10559C00FC14002000C00042F0140020F414002081
:1055AC00002A00F02281914B2DE9F04FD3F80090A6
:1055BC0085B003099646040ADFF84082029300F096
:1055CC000F038B4A070D0393060C050B894B0194B3
:1055DC00D3F804C049F00129874C4CF07D5C49F4A8
:1055EC008009D4F800A0C3F804C0D8F80040F245F4
:1055FC00D44629EA040928BFF44629F07859C3F89F
:10560C00009014685CB14FF0000A8B46019C00BFFF
:10561C000AF1010A11688A45F9D35946019449F0F7
:10562C00406A49F0606BC3F800A0C3F800B000BF3B
:10563C0000BF00BF00BFC3F800A000BF00BF00BF89
:10564C0000BF49F0005A49F0085BC3F800A0C3F84A
:10565C0000B000BF00BF00BF00BFC3F800A000BF78
:10566C0000BF00BF00BF07F00F0A49EA8A6A4AF080
:10567C00007BC3F800A0C3F800B000BF00BF00BFA0
:10568C0000BFC3F800A000BF00BF00BF00BF06F002
:10569C000F0A49EA8A6A4AF0007BC3F800A0C3F8F3
:1056AC0000B000BF00BF00BF00BFC3F800A000BF28
:1056BC0000BF00BF00BF05F00F0A49EA8A6A4AF032
:1056CC00007BC3F800A0C3F800B000BF00BF00BF50
:1056DC0000BFC3F800A000BF00BF00BF00BF019C0B
:1056EC0004F00F0A49EA8A6A4AF0007BC3F800A06A
:1056FC00C3F800B000BF00BF00BF00BFC3F800A0DC
:10570C0000BF00BF00BF00BF029C04F00F0A49EAB3
:10571C008A6A4AF0007BC3F800A0C3F800B000BF4F
:10572C0000BF00BF00BFC3F800A000BF00BF00BF98
:10573C0000BF039C49EA846A4AF0007BC3F800A0CE
:10574C00C3F800B000BF00BF00BF00BFC3F800A08B
:10575C0000BF00BF00BF00BFBCF1000F3CD04D1E0E
:10576C0061444E1E15F8014F240949EA846444F043
:10577C0000771C601F6000BF00BF00BF00BF1C6033
:10578C0000BF00BF00BF00BF2C7804F00F0449EA33
:10579C00846444F000771C601F6000BF00BF00BF32
:1057AC0000BF1C6000BF00BF00BF00BFB542D9D115
:1057BC000E4CBEEB0C0ED4F80090C3F8009011D038
:1057CC006044040A070D01940409060C029400F0CD
:1057DC000F04050B0394FBE6044CD4F80090C3F8BB
:1057EC000090F5E605B0BDE8F08F704770450020DD
:1057FC00B445002000C00042F0140020F414002036
:10580C0000B507228E46DFF864C04EFA02F39B0601
:10581C0003F08063034343F00071CCF80030CCF804
:10582C00001000BF00BF00BF00BF00BF00BF00BF23
:10583C0000BF00BF00BF00BF00BF00BF00BF00BF64
:10584C0000BFCCF8003000BF00BF00BF00BF00BFDE
:10585C0000BF00BF00BF00BF00BF00BF00BF00BF44
:10586C0000BF00BF00BF013ACFD200BD00C0004254
:10587C00002A62D0314B2DE9F04F164683B01A68DE
:10588C00C3B283462E4D01934FEA102A33462D4F57
:10589C0016468946040C2C4A7968106841F07D51F3
:1058AC002A4A9842796028BF1846116880462848D1
:1058BC00304320EA010020F0785040F0405038602E
:1058CC00296839B1002600BF01362A689642FAD3FE
:1058DC001A4A166802210093FFF792FFE1B2FFF714
:1058EC008FFF5FFA8AF1FFF78BFF0199FFF788FFB3
:1058FC00009BB8F1000F1BD008EB090A09F1FF342B
:10590C0000930AF1FF3914F8011FFFF779FF4C459A
:10591C00F9D1009B3E60B3EB08030BD0C344D146D6
:10592C005FFA8BF24FEA1B444FEA1B2A0192B2E753
:10593C003E60B0E703B0BDE8F08F704770450020C3
:10594C00B445002000C00042F0140020F4140020E4
:10595C0000014001002A00F0A080504B2DE9F04FCF
:10596C001D6885B0030C82460E46DFF840B10293E9
:10597C004FEA1029C3B24A4F4A4C0393616845F071
:10598C000125494B41F07D5145F480051868616053
:10599C00DBF80010904225EA010528BF104625F0DF
:1059AC007855804645F040502060396839B14FF049
:1059BC00000C00BF0CF1010C3B689C45F9D3032192
:1059CC000192FFF71DFF9DF80810FFF719FF5FFA12
:1059DC0089F1FFF715FF0399FFF712FF6168019A30
:1059EC0021F000616160B8F1000F4BD008EB060CA0
:1059FC0045F04855013E0CF1FF3908214FF0000EDF
:105A0C00256000BF00BF00BF00BF00BF00BF00BFCC
:105A1C0000BF00BF00BF00BF00BF00BF00BF00BF82
:105A2C0000BFA3682060C3F3C06343EA4E0E00BFFF
:105A3C0000BF00BF00BF00BF00BF00BF00BF00BF62
:105A4C0000BF00BF00BF00BF00BF00BF00BF0139D7
:105A5C00D6D106F801EF4E45CFD1104BB2EB080270
:105A6C001D682560616841F07D51616012D0C244AF
:105A7C0066464FEA1A434FEA1A2902935FFA8AF3F1
:105A8C0003937BE7054B1D682560616841F07D51F0
:105A9C00616073E705B0BDE8F08F7047704500207A
:105AAC00B445002000C00042F0140020F414002083
:105ABC00002A00F0D080684B2DE9F04F924685B05B
:105ACC00C2B21D688B46030C02924FEA1029524653
:105ADC00624F634E8246634C0393616845F0012527
:105AEC00614B41F07D5145F4800518685F4B616056
:105AFC009042196828BF104625EA0105804625F01A
:105B0C00785545F040502060396839B14FF0000CA1
:105B1C0000BF0CF1010C3B689C45F9D30B210192A1
:105B2C00FFF76EFE9DF80C10FFF76AFE5FFA89F125
:105B3C00FFF766FE0299FFF763FE6168019A21F098
:105B4C0000616160316800292AD045F048534FF05C
:105B5C00000C236000BF00BF00BF00BF00BF00BF30
:105B6C0000BF00BF00BF00BF00BF00BF00BF00BF31
:105B7C0000BF00BF206000BF00BF00BF00BF00BF60
:105B8C0000BF00BF00BF00BF00BF00BF00BF00BF11
:105B9C0000BF00BF00BF0CF1010C31686145D8D8C3
:105BAC00B8F1000F4CD008EB0B0C45F048550BF13D
:105BBC00FF3B0CF1FF3908214FF0000E256000BFB0
:105BCC0000BF00BF00BF00BF00BF00BF00BF00BFD1
:105BDC0000BF00BF00BF00BF00BF00BF00BFA36875
:105BEC002060C3F3C06343EA4E0E00BF00BF00BF8A
:105BFC0000BF00BF00BF00BF00BF00BF00BF00BFA1
:105C0C0000BF00BF00BF00BF00BF0139D6D10BF8E9
:105C1C0001EFCB45CFD1104BB2EB08021D682560CC
:105C2C00616841F07D51616012D0C244E3464FEA95
:105C3C001A434FEA1A2903935FFA8AF302934CE74B
:105C4C00054B1D682560616841F07D51616044E73A
:105C5C0005B0BDE8F08F704770450020B4450020BA
:105C6C00FC14002000C00042F0140020F4140020AA
:105C7C00002A00F0CB80664B2DE9F04F064687B02A
:105C8C0093461868320CDFF898A1624D370D0592D7
:105C9C00320B614C0492320A02923209019206F0E4
:105CAC000F0203920A46616840F001205B4B41F001
:105CBC007D5140F480001B686160DAF800105B4590
:105CCC0020EA010028BF5B4620F078599846C4F8BA
:105CDC000090296839B14FF0000C00BF0CF1010C99
:105CEC002B689C45F9D349F0406149F06063009200
:105CFC002160236000BF00BF00BF00BF00BF216058
:105D0C0000BF00BF00BF00BF00BF49F0005149F009
:105D1C0008532160236000BF00BF00BF00BF00BF5D
:105D2C00216000BF00BF00BF00BF00BF07F00F0124
:105D3C004846FCF743F9059B484603F00F01FCF776
:105D4C003DF9049B484603F00F01FCF737F9029B21
:105D5C00484603F00F01FCF731F9019B484603F06C
:105D6C000F01FCF72BF903994846FCF727F9009A29
:105D7C00B8F1000F43D008EB0203571E03F1FF3CB0
:105D8C0017F8012F120949EA826242F00071226071
:105D9C00216000BF00BF00BF00BF00BF226000BF7A
:105DAC0000BF00BF00BF00BF3A7802F00F0249EA03
:105DBC00826242F000712260216000BF00BF00BF10
:105DCC0000BF00BF226000BF00BF00BF00BF00BF0C
:105DDC006745D5D10E4ABBEB080B1068206012D07A
:105DEC0046441A46330C370D0593330B0493330A90
:105DFC0002933309019306F00F03039353E7044B0B
:105E0C00186820604FE707B0BDE8F08F704700BFFF
:105E1C0070450020B445002000C00042F014002062
:105E2C00F4140020002A00F0368184469A4B9B48DB
:105E3C002DE9F04F1F6885B04FEA1C239246DFF81E
:105E4C006CB24FEA1C5601934FEA1C134FEA1C45E7
:105E5C00934A00930CF00F034FEA1C380293914BBA
:105E6C005C6847F0012744F07D598F4C47F480075C
:105E7C00D4F800E0C3F80490DBF80040D64527EADC
:105E8C00040728BFD64627F078571F6004683CB13A
:105E9C004FF0000900BF09F101090468A145F9D3CD
:105EAC0047F0605447F068591C60C3F8009000BF7D
:105EBC0000BF00BF00BF1C6000BF00BF00BF00BF21
:105ECC0047F0305447F038591C60C3F8009000BFBD
:105EDC0000BF00BF00BF1C6000BF00BF00BF00BF01
:105EEC0006F00F0447EA846444F000791C60C3F8A0
:105EFC00009000BF00BF00BF00BF1C6000BF00BF10
:105F0C0000BF00BF05F00F0447EA846444F0007939
:105F1C001C60C3F8009000BF00BF00BF00BF1C6036
:105F2C0000BF00BF00BF00BF08F00F0447EA846445
:105F3C0044F000791C60C3F8009000BF00BF00BFA4
:105F4C0000BF1C6000BF00BF00BF00BF019C04F07D
:105F5C000F0447EA846444F000791C60C3F8009095
:105F6C0000BF00BF00BF00BF1C6000BF00BF00BF70
:105F7C0000BF009C04F00F0447EA846444F00079ED
:105F8C001C60C3F8009000BF00BF00BF00BF1C60C6
:105F9C0000BF00BF00BF00BF029C47EA846444F00E
:105FAC0000791C60C3F8009000BF00BF00BF00BFA9
:105FBC001C6000BF00BF00BF00BF5C6824F07054C1
:105FCC005C601468A4B147F000744FF000090391B1
:105FDC001C6000BF00BF00BF00BF1F6000BF00BF40
:105FEC0000BF00BF09F1010911684945F0D80399B8
:105FFC00BEF1000F44D00EEB010547F000760139DD
:10600C0005F1FF381E6000BF00BF00BF00BFD3F812
:10601C0008901F6000BF00BF00BF00BF1E6000BF24
:10602C0000BF00BF00BF9C681F6000BF00BF00BF67
:10603C0000BF4FEA9969C4F3836444EA091401F878
:10604C00014F4145DED114490F681F60596841F07A
:10605C007D515960BAEB0E018A4619D0F444294699
:10606C004FEA1C244FEA1C5601944FEA1C144FEAC9
:10607C001C4500940CF00F044FEA1C380294EFE618
:10608C00054C27681F605C6844F07D545C60E7E653
:10609C0005B0BDE8F08F704770450020B445002076
:1060AC00F814002000C00042F0140020F41400206A
:1060BC0000B507228E46DFF86CC04EFA02F39B0641
:1060CC0003F08063034343F00071CCF80030CCF84C
:1060DC00001000BF00BF00BF00BF00BF00BF00BF6B
:1060EC0000BF00BF00BF00BF00BF00BF00BF00BFAC
:1060FC0000BF00BF00BFCCF8003000BF00BF00BF26
:10610C0000BF00BF00BF00BF00BF00BF00BF00BF8B
:10611C0000BF00BF00BF00BF00BF00BF00BF013AFF
:10612C00CBD200BD00C00042002A62D0314B2DE919
:10613C00F04F164683B01A68C3B283462E4D0193B6
:10614C004FEA102A33462D4F16468946040C2C4A2A
:10615C007968106841F07D512A4A9842796028BFCD
:10616C001846116880462848304320EA010020F088
:10617C00785040F040503860296839B1002600BF93
:10618C0001362A689642FAD31A4A166802210093FD
:10619C00FFF78EFFE1B2FFF78BFF5FFA8AF1FFF793
:1061AC0087FF0199FFF784FF009BB8F1000F1BD00C
:1061BC0008EB090A09F1FF3400930AF1FF3914F8CE
:1061CC00011FFFF775FF4C45F9D1009B3E60B3EB07
:1061DC0008030BD0C344D1465FFA8BF24FEA1B4441
:1061EC004FEA1B2A0192B2E73E60B0E703B0BDE86C
:1061FC00F08F704770450020B445002000C000426D
:10620C00F0140020F414002000014001002A00F0DA
:10621C00A480524B2DE9F04F1D6885B0030C8246CB
:10622C000E46DFF848B103934FEA1029C3B24C4F26
:10623C004C4C0293616845F001254B4B41F07D516C
:10624C0045F4800518686160DBF80010904225EA7F
:10625C00010528BF104625F07855804645F0405082
:10626C002060396839B14FF0000C00BF0CF1010C03
:10627C003B689C45F9D303210192FFF719FF9DF868
:10628C000C10FFF715FF5FFA89F1FFF711FF029968
:10629C00FFF70EFF6168019A21F000616160B8F1AF
:1062AC00000F4FD008EB060C45F04855013E0CF1A1
:1062BC00FF3908214FF0000E256000BF00BF00BF62
:1062CC0000BF00BF00BF00BF00BF00BF00BF00BFCA
:1062DC0000BF00BF00BF00BF00BF00BF00BFA3686E
:1062EC002060C3F3C06343EA4E0E00BF00BF00BF83
:1062FC0000BF00BF00BF00BF00BF00BF00BF00BF9A
:10630C0000BF00BF00BF00BF00BF00BF00BF01390E
:10631C00D2D106F801EF4E45CBD1104BB2EB0802AF
:10632C001D682560616841F07D51616012D0C244E6
:10633C0066464FEA1A434FEA1A2903935FFA8AF327
:10634C00029377E7054B1D682560616841F07D512C
:10635C0061606FE705B0BDE8F08F704770450020B5
:10636C00B445002000C00042F0140020F4140020BA
:10637C00002A00F0DE806F4B2DE9F04F0E4685B001
:10638C00010C1D684FEA102A83460191C1B26A4B79
:10639C00914602912946DFF8B081684F684CCDF8E0
:1063AC000CA0684841F001216268006841F480014A
:1063BC0042F07D524845626028BF48461A6805463F
:1063CC0021EA020020F0785A4AF040522260D8F8B4
:1063DC00001031B1002000BF0130D8F80010884205
:1063EC00F9D310460B210092FFF762FE9DF80410C2
:1063FC00FFF75EFE9DF80C10FFF75AFE0299FFF7AF
:10640C0057FE6168009A21F000614B4B616039685E
:10641C0000292ED04AF048510020AC46216000BF24
:10642C0000BF00BF00BF00BF00BF00BF00BF00BF68
:10643C0000BF00BF00BF00BF00BF00BF00BF00BF58
:10644C0000BF226000BF00BF00BF00BF00BF00BF85
:10645C0000BF00BF00BF00BF00BF00BF00BF00BF38
:10646C0000BF00BF00BF00BF01303D688542D5D8DA
:10647C006546002D52D04AF0485005EB060A06F14D
:10648C00FF3C00950AF1FF3E08250026206000BF66
:10649C0000BF00BF00BF00BF00BF00BF00BF00BFF8
:1064AC0000BF00BF00BF00BF00BF00BF00BF00BFE8
:1064BC0000BFA1682260C1F3C06141EA460600BF7B
:1064CC0000BF00BF00BF00BF00BF00BF00BF00BFC8
:1064DC0000BF00BF00BF00BF00BF00BF00BF00BFB8
:1064EC0000BF013DD2D10CF8016FF445CCD1114A5B
:1064FC00009D1168B9EB05092160626842F07D527C
:10650C00626013D0AB4456464FEA1B4201924FEAED
:10651C001B2203925FFA8BF2029242E7054A116842
:10652C002160626842F07D5262603AE705B0BDE8D6
:10653C00F08F704770450020F4140020FC140020EC
:10654C0000C00042F0140020B445002000B5072222
:10655C008E46DFF874C04EFA02F39B0603F080639C
:10656C00034343F00071CCF80030CCF8001000BFAE
:10657C0000BF00BF00BF00BF00BF00BF00BF00BF17
:10658C0000BF00BF00BF00BF00BF00BF00BF00BF07
:10659C0000BF00BF00BFCCF8003000BF00BF00BF81
:1065AC0000BF00BF00BF00BF00BF00BF00BF00BFE7
:1065BC0000BF00BF00BF00BF00BF00BF00BF00BFD7
:1065CC0000BF013AC7D200BD00C00042002A62D011
:1065DC00314B2DE9F04F164683B01A68C3B283468F
:1065EC002E4D01934FEA102A33462D4F16468946FD
:1065FC00040C2C4A7968106841F07D512A4A984263
:10660C00796028BF1846116880462848304320EA34
:10661C00010020F0785040F040503860296839B1C2
:10662C00002600BF01362A689642FAD31A4A166829
:10663C0002210093FFF78AFFE1B2FFF787FF5FFAB1
:10664C008AF1FFF783FF0199FFF780FF009BB8F1F8
:10665C00000F1BD008EB090A09F1FF3400930AF173
:10666C00FF3914F8011FFFF771FF4C45F9D1009B5E
:10667C003E60B3EB08030BD0C344D1465FFA8BF2F8
:10668C004FEA1B444FEA1B2A0192B2E73E60B0E787
:10669C0003B0BDE8F08F704770450020B445002072
:1066AC0000C00042F0140020F4140020000140014E
:1066BC00002A00F0A880544B2DE9F04F1D6885B0DE
:1066CC00030C82460E46DFF850B103934FEA1029B3
:1066DC00C3B24E4F4E4C0293616845F001254D4BB1
:1066EC0041F07D5145F4800518686160DBF80010BD
:1066FC00904225EA010528BF104625F078558046C2
:10670C0045F040502060396839B14FF0000C00BFA3
:10671C000CF1010C3B689C45F9D303210192FFF766
:10672C0015FF9DF80C10FFF711FF5FFA89F1FFF7C9
:10673C000DFF0299FFF70AFF6168019A21F00061D1
:10674C006160B8F1000F53D008EB060C45F04855CA
:10675C00013E0CF1FF3908214FF0000E256000BFFF
:10676C0000BF00BF00BF00BF00BF00BF00BF00BF25
:10677C0000BF00BF00BF00BF00BF00BF00BF00BF15
:10678C0000BF00BF00BFA3682060C3F3C06343EA2F
:10679C004E0E00BF00BF00BF00BF00BF00BF00BF58
:1067AC0000BF00BF00BF00BF00BF00BF00BF00BFE5
:1067BC0000BF00BF00BF00BF00BF0139CED106F83B
:1067CC0001EF4E45C7D1104BB2EB08021D68256096
:1067DC00616841F07D51616012D0C24466464FEA57
:1067EC001A434FEA1A2903935FFA8AF3029373E769
:1067FC00054B1D682560616841F07D5161606BE758
:10680C0005B0BDE8F08F704770450020B4450020FE
:10681C0000C00042F0140020F4140020002A00F004
:10682C00E680734B2DE9F04F0E4685B0010C1D68C8
:10683C004FEA102A83460191C1B26E4B91460291E8
:10684C002946DFF8C0816C4F6C4CCDF80CA06C481D
:10685C0041F001216268006841F4800142F07D52F0
:10686C004845626028BF48461A68054621EA02007E
:10687C0020F0785A4AF040522260D8F8001031B11A
:10688C00002000BF0130D8F800108842F9D3104620
:10689C000B210092FFF75AFE9DF80410FFF756FEED
:1068AC009DF80C10FFF752FE0299FFF74FFE61683E
:1068BC00009A21F000614F4B61603968002932D099
:1068CC004AF048510020AC46216000BF00BF00BF19
:1068DC0000BF00BF00BF00BF00BF00BF00BF00BFB4
:1068EC0000BF00BF00BF00BF00BF00BF00BF00BFA4
:1068FC0000BF226000BF00BF00BF00BF00BF00BFD1
:10690C0000BF00BF00BF00BF00BF00BF00BF00BF83
:10691C0000BF00BF00BF00BF00BF00BF01303D681B
:10692C008542D1D86546002D56D04AF0485005EB2B
:10693C00060A06F1FF3C00950AF1FF3E08250026E9
:10694C00206000BF00BF00BF00BF00BF00BF00BF82
:10695C0000BF00BF00BF00BF00BF00BF00BF00BF33
:10696C0000BF00BF00BF00BF00BFA1682260C1F321
:10697C00C06141EA460600BF00BF00BF00BF00BFB8
:10698C0000BF00BF00BF00BF00BF00BF00BF00BF03
:10699C0000BF00BF00BF00BF00BF00BF00BF013D74
:1069AC00CED10CF8016FF445C8D1114A009D116885
:1069BC00B9EB05092160626842F07D52626013D028
:1069CC00AB4456464FEA1B4201924FEA1B220392FC
:1069DC005FFA8BF202923AE7054A1168216062680D
:1069EC0042F07D52626032E705B0BDE8F08F70472F
:1069FC0070450020F4140020FC14002000C000425C
:106A0C00F0140020B44500202DE9F04F87B000921F
:106A1C00002A00F0E7808046784B0D46784F4FEA0D
:106A2C001822C3464FEA184A186803924FEA181204
:106A3C004FEA1839734E029208F00F02724C4FEA6B
:106A4C0018580492CDF814A0626840F001206F4BE6
:106A5C0042F07D5240F4800019686260009A6C4BE1
:106A6C008A4228BF0A46196820EA010020F0785AA9
:106A7C00C4F800A0396839B14FF0000C00BF0CF11C
:106A8C00010C3B689C45F9D34AF060514AF06853BD
:106A9C0001922160236000BF00BF00BF00BF00BF98
:106AAC00216000BF00BF00BF00BF00BF4AF03051E3
:106ABC004AF038532160236000BF00BF00BF00BF05
:106ACC0000BF216000BF00BF00BF00BF00BF08F0C7
:106ADC000F015046FBF772FA059B504603F00F016D
:106AEC00FBF76CFA09F00F015046FBF767FA039BB2
:106AFC00504603F00F01FBF761FA029B504603F07E
:106B0C000F01FBF75BFA04995046FBF757FA6168E3
:106B1C00019A21F0705161603168B1B14AF0007393
:106B2C004FF0000C5046236000BF00BF00BF00BFF9
:106B3C0000BF206000BF00BF00BF00BF00BF0CF152
:106B4C00010C31686145EED88246002A4DD002EB2B
:106B5C00050E9446013D4AF000720EF1FF38534683
:106B6C00226000BF00BF00BF00BF00BFA068236051
:106B7C0000BF00BF00BF00BF00BF226000BF00BF4E
:106B8C0000BF00BF00BFA168236000BF00BF00BFF3
:106B9C0000BF00BF800EC1F3836141EA001105F80C
:106BAC00011F4545DCD1154B1868009B20606168BE
:106BBC00B3EB0C0341F07D516160009312D0E344C0
:106BCC0075464FEA1B434FEA1B5805934FEA1B23AC
:106BDC004FEA1B3903934FEA1B1302930BF00F037D
:106BEC00049331E707B0BDE8F08F044B18682060C0
:106BFC00626842F07D52626026E700BF704500205B
:106C0C00B4450020F814002000C00042F01400200D
:106C1C00F414002000BF00BF00BF00BF00BF00BFC6
:106C2C0000BF00BF704700BF38B540EA8164074D14
:106C3C0044F000732C602B6000BF00BFFFF7EAFF2D
:106C4C002C6000BF00BFFFF7E5FF38BD00C000425D
:106C5C00002A00F00881844B2DE9F04F0F4689B0D3
:106C6C001968030D0646DFF810920793030C7F4D4D
:106C7C0092460693030B7E4C0593030A0393030978
:106C8C00029300F00F030493636841F00121794AE9
:106C9C0043F07D5341F4800110686360D9F80030F3
:106CAC00504521EA030128BF504621F0785B80460D
:106CBC00C4F800B02B682BB1002000BF01302B684A
:106CCC009842FAD34BF040634BF060602360019321
:106CDC002060FFF79FFF019B2360FFF79BFF4BF0AA
:106CEC0000534BF00850236001932060FFF792FF94
:106CFC00019B2360FFF78EFF079B03F00F034BEA0A
:106D0C00836343F00070236001932060FFF782FFE0
:106D1C00019B2360FFF77EFF069B03F00F034BEAFA
:106D2C00836343F00070236001932060FFF772FFD0
:106D3C00019B2360FFF76EFF059B03F00F034BEAEB
:106D4C00836343F00070236001932060FFF762FFC0
:106D5C00019B2360FFF75EFF039B03F00F034BEADD
:106D6C00836343F00070236001932060FFF752FFB0
:106D7C00019B2360FFF74EFF029B03F00F034BEACE
:106D8C00836343F00070236001932060FFF742FFA0
:106D9C00019B2360FFF73EFF049B4BEA836343F0A8
:106DAC000070236001932060FFF734FF019B236088
:106DBC00FFF730FFB8F1000F4ED0781E474407F1B3
:106DCC00FF3C10F8013F1B094BEA836343F0007250
:106DDC002360226000BF00BF00BF00BF00BF00BF28
:106DEC0000BF00BF236000BF00BF00BF00BF00BFDB
:106DFC0000BF00BF00BF037803F00F034BEA8363AF
:106E0C0043F000722360226000BF00BF00BF00BFD0
:106E1C0000BF00BF00BF00BF236000BF00BF00BFAA
:106E2C0000BF00BF00BF00BF00BF6045C9D10E4B03
:106E3C00BAEB080A1968216012D04644330D079347
:106E4C00330C0693330B0593330A039333090293E4
:106E5C0006F00F03049317E7034B1968216013E73F
:106E6C0009B0BDE8F08F704770450020B445002094
:106E7C0000C00042F0140020F4140020002A00F09E
:106E8C0035819B4B2DE9F04F1D6889B0030D0E46E3
:106E9C00814693460793030C96490693030BDFF840
:106EAC0064820593030A944F03930309934C029352
:106EBC0000F00F030493636845F00125904A43F0FA
:106ECC007D5345F48005126863600B685A4525EACA
:106EDC00030528BF5A4625F0785592462560D8F808
:106EEC00003033B1002200BF0132D8F800309A4292
:106EFC00F9D345F0605345F068522360019322604A
:106F0C00FFF788FE019B2360FFF784FE45F03053AA
:106F1C0045F03852236001932260FFF77BFE019B02
:106F2C002360FFF777FE079B03F00F0345EA8363AB
:106F3C0043F00072236001932260FFF76BFE019B0C
:106F4C002360FFF767FE069B03F00F0345EA83639C
:106F5C0043F00072236001932260FFF75BFE019BFC
:106F6C002360FFF757FE059B03F00F0345EA83638D
:106F7C0043F00072236001932260FFF74BFE019BEC
:106F8C002360FFF747FE039B03F00F0345EA83637F
:106F9C0043F00072236001932260FFF73BFE019BDC
:106FAC002360FFF737FE029B03F00F0345EA836370
:106FBC0043F00072236001932260FFF72BFE019BCC
:106FCC002360FFF727FE049B45EA836343F00072BE
:106FDC00236001932260FFF71DFE019B2360FFF7E6
:106FEC0019FE6368434923F0705363603B68C3B177
:106FFC0045F000700022206000BF00BF00BF00BF42
:10700C0000BF00BF00BF00BF256000BF00BF00BFB6
:10701C0000BF00BF00BF00BF00BF01323B689342FE
:10702C00E9D8BAF1000F56D00AEB060045F0007211
:10703C00013E00F1FF3C226000BF00BF00BF00BF5B
:10704C0000BF00BF00BF00BFD4F808E0256000BF40
:10705C0000BF00BF00BF00BF00BF00BF00BF226069
:10706C0000BF00BF00BF00BF00BF00BF00BF00BF1C
:10707C00A368256000BF00BF00BF00BF00BF00BFFA
:10708C0000BF00BF4FEA9E6EC3F3836343EA0E1347
:10709C0006F8013F6645CED1154BBBEB0A0B1D68BC
:1070AC002560636843F07D5363601CD0D144064671
:1070BC004FEA195307934FEA194306934FEA1933D2
:1070CC0005934FEA192303934FEA1913029309F01E
:1070DC000F030493EFE6064B1D682560636843F0CD
:1070EC007D536360E7E609B0BDE8F08F704700BFE1
:1070FC0070450020F4140020F814002000C0004259
:10710C00F0140020B4450020002A00F01C818E4BA6
:10711C002DE9F04F0F4689B01968030D0646DFF8CC
:10712C0038920793030C894D92460693030B884CB7
:10713C000593030A03930309029300F00F030493CE
:10714C00636841F00121834A43F07D5341F480018F
:10715C0010686360D9F80030504521EA030128BF5C
:10716C00504621F0785B8046C4F800B02B682BB1F8
:10717C00002000BF01302B689842FAD34BF04063DB
:10718C004BF0606023600193206000BFFFF742FD6D
:10719C00019B236000BFFFF73DFD4BF000534BF00C
:1071AC00085023600193206000BFFFF733FD019B63
:1071BC00236000BFFFF72EFD079B03F00F034BEA84
:1071CC00836343F0007023600193206000BFFFF7DE
:1071DC0021FD019B236000BFFFF71CFD069B03F004
:1071EC000F034BEA836343F000702360019320602C
:1071FC0000BFFFF70FFD019B236000BFFFF70AFDE7
:10720C00059B03F00F034BEA836343F0007023608C
:10721C000193206000BFFFF7FDFC019B236000BFC2
:10722C00FFF7F8FC039B03F00F034BEA836343F077
:10723C00007023600193206000BFFFF7EBFC019B03
:10724C00236000BFFFF7E6FC029B03F00F034BEA41
:10725C00836343F0007023600193206000BFFFF74D
:10726C00D9FC019B236000BFFFF7D4FC049B4BEAC5
:10727C00836343F0007023600193206000BFFFF72D
:10728C00C9FC019B236000BFFFF7C4FCB8F1000FE1
:10729C0052D0781E474407F1FF3C10F8013F1B0900
:1072AC004BEA836343F000722360226000BF00BF8F
:1072BC0000BF00BF00BF00BF00BF00BF00BF236006
:1072CC0000BF00BF00BF00BF00BF00BF00BF00BFBA
:1072DC0000BF037803F00F034BEA836343F00072A3
:1072EC002360226000BF00BF00BF00BF00BF00BF13
:1072FC0000BF00BF00BF236000BF00BF00BF00BFC6
:10730C0000BF00BF00BF00BF00BF6045C5D10E4B22
:10731C00BAEB080A1968216012D04644330D079362
:10732C00330C0693330B0593330A039333090293FF
:10733C0006F00F03049303E7034B19682160FFE683
:10734C0009B0BDE8F08F704770450020B4450020AF
:10735C0000C00042F0140020F4140020002A00F0B9
:10736C005881A04B2DE9F04F1D6889B0030D0E46D6
:10737C00814693460293030C9B490793030BDFF85A
:10738C0078820693030A994F04930309984C03934C
:10739C0000F00F030593636845F00125954A43F00F
:1073AC007D5345F48005126863600B685A4525EAE5
:1073BC00030528BF5A4625F0785592462560D8F823
:1073CC00003033B1002200BF0132D8F800309A42AD
:1073DC00F9D345F0605345F0685223600193226065
:1073EC0000BFFFF717FC019B236000BFFFF712FCE7
:1073FC0045F0305345F0385223600193226000BFB2
:10740C00FFF708FC019B236000BFFFF703FC029B06
:10741C0003F00F0345EA836343F00072236001938A
:10742C00226000BFFFF7F6FB019B236000BFFFF754
:10743C00F1FB079B03F00F0345EA836343F00072F3
:10744C0023600193226000BFFFF7E4FB019B2360E4
:10745C0000BFFFF7DFFB069B03F00F0345EA8363D6
:10746C0043F0007223600193226000BFFFF7D2FB50
:10747C00019B236000BFFFF7CDFB049B03F00F03C0
:10748C0045EA836343F0007223600193226000BFDE
:10749C00FFF7C0FB019B236000BFFFF7BBFB039B07
:1074AC0003F00F0345EA836343F0007223600193FA
:1074BC00226000BFFFF7AEFB019B236000BFFFF70C
:1074CC00A9FB059B45EA836343F00072236001939B
:1074DC00226000BFFFF79EFB019B236000BFFFF7FC
:1074EC0099FB6368404923F0705363603B68D3B1E8
:1074FC0045F000700022206000BF00BF00BF00BF3D
:10750C0000BF00BF00BF00BF00BF256000BF00BFB1
:10751C0000BF00BF00BF00BF00BF00BF00BF0132F3
:10752C003B689342E7D8BAF1000F67D00AEB06002C
:10753C0045F00072013E00F1FF3C226000BF00BF2D
:10754C0000BF00BF00BF00BF00BF00BF00BFD4F82A
:10755C0008E0256000BF00BF00BF00BF00BF00BF38
:10756C0000BF00BF00BF226000BF00BF00BF00BF54
:10757C0000BF00BF00BF00BF00BFA368256000BFF5
:10758C0000BF00BF00BF00BF00BF00BF00BF00BFF7
:10759C004FEA9E6EC3F3836343EA0E1306F8013F72
:1075AC006645CAD10F4BBBEB0A0B1D68256063689F
:1075BC0043F07D53636029D0D14406464FEA1953FA
:1075CC0002934FEA194307934FEA193306934FEA94
:1075DC00192304934FEA1913039309F00F0305932E
:1075EC00D9E600BF70450020F4140020F8140020E8
:1075FC0000C00042F0140020B4450020054B1D686B
:10760C002560636843F07D536360C4E609B0BDE850
:10761C00F08F704770450020F8B507460E460724DA
:10762C001C4D46FA04F39B0603F080633B4343F086
:10763C0000722B602A6000BF00BF00BF00BF00BFFC
:10764C0000BF00BF00BF00BF00BF00BF00BF00BF36
:10765C0000BF00BF00BF00BF00BF00BF00BF00BF26
:10766C0000BF00BF00BF2B6000BF00BF00BF00BF4A
:10767C0000BF00BF00BF00BF00BF00BF00BF00BF06
:10768C0000BF00BF00BF00BFFFF7C4FA013CC8D267
:10769C00F8BD00BF00C00042002A6FD0384B2DE966
:1076AC00F04F904685B0C2B21B680E46354D039222
:1076BC004FEA104B4246DFF8DC9080464FEA102A26
:1076CC000193D9F80410304B41F07D512F4C1868C0
:1076DC002F4BC9F8041090421968019B28BF104623
:1076EC001C43074624EA010424F0785444F0405427
:1076FC00C9F80040296841B1002100BF01312B6855
:10770C009942FAD31E4B1B68019302212046029228
:10771C00FFF782FF5FFA8BF12046FFF77DFF2046D3
:10772C005FFA8AF1FFF778FF03992046FFF774FFA1
:10773C00029AE7B107EB060B013E02920BF1FF3AFE
:10774C0016F8011F2046FFF767FF5645F8D1DDE913
:10775C000132D21BC9F800300DD0B8445E465FFA36
:10776C0088F34FEA184B4FEA182A0393A9E7019BB9
:10777C00C9F80030A5E705B0BDE8F08F704700BF31
:10778C0070450020B4450020F01400200001400199
:10779C00F414002000C00042002A00F0B5805B4BBE
:1077AC002DE9F04F1D6885B0030C82460E46DFF8BC
:1077BC006CB102934FEA1029C3B2554F554C039349
:1077CC00616845F00125544B41F07D5145F480052D
:1077DC0018686160DBF80010904225EA010528BFAB
:1077EC00104625F07855804645F0405020603968A9
:1077FC0039B14FF0000C00BF0CF1010C3B689C45FB
:10780C00F9D3032101920090FFF706FF9DF80810B1
:10781C000098FFF701FF00985FFA89F1FFF7FCFE73
:10782C0003990098FFF7F8FE616821F00061DDE92B
:10783C0000026160B8F1000F5BD008EB060C45F05C
:10784C004855013E0CF1FF3908214FF0000E256020
:10785C0000BF00BF00BF00BF00BF00BF00BF00BF24
:10786C0000BF00BF00BF00BF00BF00BF00BF00BF14
:10787C0000BF00BF00BF00BF00BF00BF00BF00BF04
:10788C00A3682060C3F3C06343EA4E0E00BF00BF81
:10789C0000BF00BF00BF00BF00BF00BF00BF00BFE4
:1078AC0000BF00BF00BF00BF00BF00BF00BF00BFD4
:1078BC0000BF00BF00BF00BF00BF00BF0139C6D171
:1078CC0006F801EF4E45BFD1104BB2EB08021D6814
:1078DC002560616841F07D51616012D0C2446646FA
:1078EC004FEA1A434FEA1A2902935FFA8AF3039379
:1078FC0066E7064B1D682560616841F07D5161604B
:10790C005EE705B0BDE8F08F704700BF7045002002
:10791C00B445002000C00042F0140020F4140020F4
:10792C00002A00F0F6807B4B2DE9F04F0E4685B017
:10793C00010C1D688346784B03914FEA102AC1B2A3
:10794C00DFF8E481754F764C02910092616845F046
:10795C000125744A41F07D5145F48005126861603F
:10796C000099914228BF11461A6825EA02028946FD
:10797C0022F0785545F040502060D8F8002032B104
:10798C00002100BF0131D8F800209142F9D30B211E
:10799C000190FFF741FE9DF80C100198FFF73CFE9B
:1079AC0001985FFA8AF1FFF737FEDDE90101FFF775
:1079BC0033FE6268019822F00062574B62603A68AD
:1079CC00002A3AD045F048520021AC46226000BF54
:1079DC0000BF00BF00BF00BF00BF00BF00BF00BFA3
:1079EC0000BF00BF00BF00BF00BF00BF00BF00BF93
:1079FC0000BF00BF00BF00BF00BF00BF00BF2060C2
:107A0C0000BF00BF00BF00BF00BF00BF00BF00BF72
:107A1C0000BF00BF00BF00BF00BF00BF00BF00BF62
:107A2C0000BF00BF00BF00BF00BF00BF00BF00BF52
:107A3C0001313D688D42C9D86546B9F1000F5DD062
:107A4C0009EB060A45F0485206F1FF3C0AF1FF3EED
:107A5C0008250026226000BF00BF00BF00BF00BF8A
:107A6C0000BF00BF00BF00BF00BF00BF00BF00BF12
:107A7C0000BF00BF00BF00BF00BF00BF00BF00BF02
:107A8C0000BF00BF00BFA1682060C1F3C06141EA24
:107A9C00460600BF00BF00BF00BF00BF00BF00BF55
:107AAC0000BF00BF00BF00BF00BF00BF00BF00BFD2
:107ABC0000BF00BF00BF00BF00BF00BF00BF00BFC2
:107ACC0000BF013DC6D10CF8016FF445C0D1114A7D
:107ADC0015682560626842F07D526260009AB2EBD4
:107AEC000902009212D0CB4456464FEA1B424FEA91
:107AFC001B2A03925FFA8BF2029227E7054A15685C
:107B0C002560626842F07D5262601FE705B0BDE8F7
:107B1C00F08F704770450020F4140020FC140020F6
:107B2C0000C00042F0140020B4450020002A00F0F0
:107B3C004E819E4B2DE9F04F0F4689B01968030D0D
:107B4C000646DFF878920793030C994D92460693FC
:107B5C00030B984C0593030A03930309029300F05B
:107B6C000F030493636841F00121934A43F07D5362
:107B7C0041F4800110686360D9F80030504521EA67
:107B8C00030128BF504621F0785B8046C4F800B052
:107B9C002B682BB1002000BF01302B689842FAD320
:107BAC004BF040634BF0606023600193206000BF9A
:107BBC0000BF00BFFFF72EF8019B236000BF00BF82
:107BCC0000BFFFF727F84BF000534BF00850236031
:107BDC000193206000BF00BF00BFFFF71BF8019BA3
:107BEC00236000BF00BF00BFFFF714F8079B03F032
:107BFC000F034BEA836343F0007023600193206012
:107C0C0000BF00BF00BFFFF705F8019B236000BF5A
:107C1C0000BF00BFFEF7FEFF069B03F00F034BEA0D
:107C2C00836343F0007023600193206000BF00BFAA
:107C3C0000BFFEF7EFFF019B236000BF00BF00BF3A
:107C4C00FEF7E8FF059B03F00F034BEA836343F059
:107C5C00007023600193206000BF00BF00BFFEF7DF
:107C6C00D9FF019B236000BF00BF00BFFEF7D2FF0E
:107C7C00039B03F00F034BEA836343F00070236014
:107C8C000193206000BF00BF00BFFEF7C3FF019B44
:107C9C00236000BF00BF00BFFEF7BCFF029B03F0D8
:107CAC000F034BEA836343F0007023600193206061
:107CBC0000BF00BF00BFFEF7ADFF019B236000BFFC
:107CCC0000BF00BFFEF7A6FF049B4BEA836343F0A3
:107CDC00007023600193206000BF00BF00BFFEF75F
:107CEC0099FF019B236000BF00BF00BFFEF792FF0E
:107CFC00B8F1000F64D0781E474407F1FF3C10F830
:107D0C00013F1B094BEA836343F00072236022603E
:107D1C0000BF00BF00BF00BF00BF00BF00BF00BF5F
:107D2C0000BF00BF00BF236000BF00BF00BF00BF8B
:107D3C0000BF00BF00BF00BF00BF00BF00BF037883
:107D4C0003F00F034BEA836343F00072236022605D
:107D5C0000BF00BF00BF00BF00BF00BF00BF00BF1F
:107D6C0000BF00BF00BF236000BF00BF00BF00BF4B
:107D7C0000BF00BF00BF00BF00BF00BF00BF604519
:107D8C00BDD10A4BBAEB080A196821601CD04644D5
:107D9C00330D0793330C0693330B0593330A03937C
:107DAC003309029306F00F030493DBE670450020C1
:107DBC00B445002000C00042F0140020F414002050
:107DCC00034B19682160CDE609B0BDE8F08F704710
:107DDC0070450020002A00F064811C4B2DE9F04F07
:107DEC000F4689B01968030D0646DFF870900793AB
:107DFC00030C174D92460693030B164C0593030A7E
:107E0C0003930309029300F00F030493636841F09A
:107E1C000121114A43F07D5341F4800110686360E5
:107E2C00D9F80030504521EA030128BF504621F013
:107E3C00785B8046C4F800B02B688BB1002000BF83
:107E4C0001302B689842FAD30AE000BF704500203D
:107E5C00B445002000C00042F0140020F4140020AF
:107E6C004BF040634BF0606023600193206000BFD7
:107E7C0000BF00BF00BFFEF7CDFE019B236000BF1B
:107E8C0000BF00BF00BFFEF7C5FE4BF000534BF028
:107E9C00085023600193206000BF00BF00BF00BFEB
:107EAC00FEF7B8FE019B236000BF00BF00BF00BF00
:107EBC00FEF7B0FE079B03F00F034BEA836343F01E
:107ECC00007023600193206000BF00BF00BF00BFA3
:107EDC00FEF7A0FE019B236000BF00BF00BF00BFE8
:107EEC00FEF798FE069B03F00F034BEA836343F007
:107EFC00007023600193206000BF00BF00BF00BF73
:107F0C00FEF788FE019B236000BF00BF00BF00BFCF
:107F1C00FEF780FE059B03F00F034BEA836343F0EF
:107F2C00007023600193206000BF00BF00BF00BF42
:107F3C00FEF770FE019B236000BF00BF00BF00BFB7
:107F4C00FEF768FE039B03F00F034BEA836343F0D9
:107F5C00007023600193206000BF00BF00BF00BF12
:107F6C00FEF758FE019B236000BF00BF00BF00BF9F
:107F7C00FEF750FE029B03F00F034BEA836343F0C2
:107F8C00007023600193206000BF00BF00BF00BFE2
:107F9C00FEF740FE019B236000BF00BF00BF00BF87
:107FAC00FEF738FE049B4BEA836343F000702360BA
:107FBC000193206000BF00BF00BF00BFFEF72AFE88
:107FCC00019B236000BF00BF00BF00BFFEF722FE75
:107FDC00B8F1000F5ED0781E474407F1FF3C10F853
:107FEC00013F1B094BEA836343F00072236022605C
:107FFC0000BF00BF00BF00BF00BF00BF00BF00BF7D
:10800C0000BF00BF00BF00BF236000BF00BF00BFA8
:10801C0000BF00BF00BF00BF00BF00BF00BF00BF5C
:10802C0000BF037803F00F034BEA836343F0007245
:10803C002360226000BF00BF00BF00BF00BF00BFB5
:10804C0000BF00BF00BF00BF00BF00BF236000BF68
:10805C0000BF00BF00BF00BF00BF00BF00BF00BF1C
:10806C0000BF00BF00BF6045B9D10E4BBAEB080A88
:10807C001968216012D04644330D0793330C0693D4
:10808C00330B0593330A03933309029306F00F0362
:10809C000493BBE6034B19682160B7E609B0BDE851
:1080AC00F08F704770450020002A00F01A818D4B2C
:1080BC002DE9F04F064689B018689346330DDFF86A
:1080CC0034A2894D0A460493330C884C0393330B2A
:1080DC000293330A06933309059306F00F030793B3
:1080EC00616840F00120824B41F07D5140F48000EA
:1080FC001B686160DAF800105B4520EA010028BFBC
:10810C005B4620F078599846C4F80090296839B13C
:10811C004FF0000C00BF0CF1010C2B689C45F9D3FF
:10812C0049F0406749F0606301922760236000BF0B
:10813C0000BFFEF76FFD276000BF00BFFEF76AFDB2
:10814C0049F0005749F008532760236000BF00BF77
:10815C00FEF760FD276000BF00BFFEF75BFD049BD0
:10816C00484603F00F01FEF75FFD039B03F00F0180
:10817C0049EA816747F000732760236000BF00BFA6
:10818C00FEF748FD276000BF00BFFEF743FD029BD2
:10819C0003F00F0149EA816747F000732760236001
:1081AC0000BF00BFFEF736FD276000BF00BFFEF723
:1081BC0031FD069B03F00F0149EA816747F000731C
:1081CC002760236000BF00BFFEF724FD276000BFBF
:1081DC0000BFFEF71FFD059B03F00F0149EA816705
:1081EC0047F000732760236000BF00BFFEF712FD4D
:1081FC00276000BF00BFFEF70DFD079B49EA8367B0
:10820C0047F000732760236000BF00BFFEF702FD3C
:10821C00276000BF00BFFEF7FDFC019AB8F1000F0C
:10822C0058D008EB0203571E03F1FF3C17F8012F3F
:10823C00120949EA826242F000712260216000BF9B
:10824C0000BF00BF00BF00BF00BF00BF00BF00BF2A
:10825C0000BF226000BF00BF00BF00BF00BF00BF57
:10826C0000BF00BF00BF00BF3A7802F00F0249EA1E
:10827C00826242F000712260216000BF00BF00BF2B
:10828C0000BF00BF00BF00BF00BF00BF00BF226027
:10829C0000BF00BF00BF00BF00BF00BF00BF00BFDA
:1082AC0000BF00BF6745C1D10E4ABBEB080B10687D
:1082BC00206013D046441A46330D0493330C0393B9
:1082CC00330B0293330A06933309059306F00F031D
:1082DC00079305E7034B1868206001E709B0BDE878
:1082EC00F08F704770450020B445002000C000425C
:1082FC00F0140020F41400202DE9F04F89B0019205
:10830C00002A00F024818046964B0D46964F186843
:10831C004FEA18534FEA184A944E06934FEA182323
:10832C004FEA1839924C04934FEA1813C346CDF810
:10833C001CA0039308F00F030593626840F0012022
:10834C008C4B42F07D5240F4800019686260019AB7
:10835C00894B8A4228BF0A46196820EA010020F09E
:10836C00785AC4F800A0396839B14FF0000C00BF3E
:10837C000CF1010C3B689C45F9D34AF060584AF06B
:10838C0068530292C4F80080236000BF00BFFEF760
:10839C0041FCC4F8008000BF00BFFEF73BFC4AF074
:1083AC0030584AF03853C4F80080236000BF00BF37
:1083BC00FEF730FCC4F8008000BF00BFFEF72AFCBB
:1083CC00069B03F00F014AEA816848F00073C4F879
:1083DC000080236000BF00BFFEF71CFCC4F80080C7
:1083EC0000BF00BFFEF716FC079B03F00F014AEA23
:1083FC00816848F00073C4F80080236000BF00BFA0
:10840C00FEF708FCC4F8008000BF00BFFEF702FCBA
:10841C0009F00F015046FEF707FC049B504603F091
:10842C000F01FEF701FC039B504603F00F01FEF712
:10843C00FBFB05995046FEF7F7FB6168029A21F0A9
:10844C0070516160316801B34AF000734FF0000C59
:10845C005046236000BF00BF00BF00BF00BF00BF7D
:10846C0000BF00BF00BF00BF206000BF00BF00BF47
:10847C0000BF00BF00BF00BF00BF00BF00BF0CF1BA
:10848C00010C31686145E4D88246002A62D002EBC7
:10849C00050E9446013D4AF000720EF1FF3853462A
:1084AC00226000BF00BF00BF00BF00BF00BF00BF05
:1084BC0000BF00BF00BFA068236000BF00BF00BFAB
:1084CC0000BF00BF00BF00BF00BF00BF00BF2260E5
:1084DC0000BF00BF00BF00BF00BF00BF00BF00BF98
:1084EC0000BF00BFA168236000BF00BF00BF00BF7A
:1084FC0000BF00BF00BF00BF00BF00BF800EC1F3B4
:10850C00836141EA001105F8011F4545C8D1154B9F
:10851C001868019B20606168B3EB0C0341F07D513E
:10852C006160019313D0E34475464FEA1B534FEA45
:10853C001B3906934FEA1B4307934FEA1B23049303
:10854C004FEA1B1303930BF00F030593F5E609B0E9
:10855C00BDE8F08F034B18682060626842F07D52D2
:10856C006260EAE670450020B4450020F814002053
:10857C0000C00042F0140020F4140020002A00F087
:10858C008681844B2DE9F04F1D6889B0030D0E4692
:10859C00814693460793030C7F490693030BDFF840
:1085AC0008820593030A7D4F039303097C4C0293C5
:1085BC0000F00F030493636845F00125794A43F0FA
:1085CC007D5345F48005126863600B685A4525EAB3
:1085DC00030528BF5A4625F0785592462560D8F8F1
:1085EC00003033B1002200BF0132D8F800309A427B
:1085FC00F9D345F0605345F0685223600193226033
:10860C0000BF00BF00BFFEF705FB019B236000BF4E
:10861C0000BF00BFFEF7FEFA45F0305345F038526C
:10862C0023600193226000BF00BF00BFFEF7F2FA87
:10863C00019B236000BF00BF00BFFEF7EBFA079B56
:10864C0003F00F0345EA836343F000722360019348
:10865C00226000BF00BF00BFFEF7DCFA019B236065
:10866C0000BF00BF00BFFEF7D5FA069B03F00F0357
:10867C0045EA836343F0007223600193226000BFDC
:10868C0000BF00BFFEF7C6FA019B236000BF00BF0E
:10869C0000BFFEF7BFFA059B03F00F0345EA8363A7
:1086AC0043F0007223600193226000BF00BF00BF43
:1086BC00FEF7B0FA019B236000BF00BF00BFFEF7BE
:1086CC00A9FA039B03F00F0345EA836343F000729E
:1086DC0023600193226000BF00BF00BFFEF79AFA2F
:1086EC00019B236000BF00BF00BFFEF793FA029B03
:1086FC0003F00F0345EA836343F000722360019398
:10870C00226000BF00BF00BFFEF784FA019B23600C
:10871C0000BF00BF00BFFEF77DFA049B45EA8363F0
:10872C0043F0007223600193226000BF00BF00BFC2
:10873C00FEF770FA019B236000BF00BF00BFFEF77D
:10874C0069FA6368144923F0705363603B68002B2B
:10875C002CD045F000700022206000BF00BF00BF8D
:10876C0000BF00BF00BF00BF00BF00BF00BF00BF05
:10877C00256000BF00BF00BF00BF00BF00BF00BF2F
:10878C0000BF00BF00BF00BF01323B689342E3D87B
:10879C000CE000BF70450020F4140020F8140020F9
:1087AC0000C00042F0140020B4450020BAF1000FC4
:1087BC0062D00AEB060045F00072013E00F1FF3C6E
:1087CC00226000BF00BF00BF00BF00BF00BF00BFE2
:1087DC0000BF00BF00BF00BFD4F808E0256000BF99
:1087EC0000BF00BF00BF00BF00BF00BF00BF00BF85
:1087FC0000BF00BF226000BF00BF00BF00BF00BFB2
:10880C0000BF00BF00BF00BF00BF00BFA368256052
:10881C0000BF00BF00BF00BF00BF00BF00BF00BF54
:10882C0000BF00BF00BF4FEA9E6EC3F3836343EAF1
:10883C000E1306F8013F6645C2D1154BBBEB0A0B74
:10884C001D682560636843F07D5363601CD0D14480
:10885C0006464FEA195307934FEA194306934FEA1A
:10886C00193305934FEA192303934FEA1913029313
:10887C0009F00F0304939EE6054B1D6825606368A1
:10888C0043F07D53636096E609B0BDE8F08F704706
:10889C007045002008B500BF00BF00BF00BFFEF749
:1088AC00B9F908BD002A00F08881834B2DE9F04FFF
:1088BC001D6889B0030D0E46814693460793030C41
:1088CC007E490693030BDFF804820593030A7C4F61
:1088DC00039303097B4C029300F00F03049363682A
:1088EC0045F00125784A43F07D5345F48005126824
:1088FC0063600B685A4525EA030528BF5A4625F0E4
:10890C00785592462560D8F8003033B1002200BF6C
:10891C000132D8F800309A42F9D345F0605345F053
:10892C00685223600193226000BF00BF00BF00BFEC
:10893C00FEF770F9019B236000BF00BF00BF00BFB2
:10894C00FEF768F945F0305345F038522360019337
:10895C00226000BF00BF00BF00BFFEF75BF9019BA8
:10896C00236000BF00BF00BF00BFFEF753F9079B99
:10897C0003F00F0345EA836343F000722360019315
:10898C00226000BF00BF00BF00BFFEF743F9019B90
:10899C00236000BF00BF00BF00BFFEF73BF9069B82
:1089AC0003F00F0345EA836343F0007223600193E5
:1089BC00226000BF00BF00BF00BFFEF72BF9019B78
:1089CC00236000BF00BF00BF00BFFEF723F9059B6B
:1089DC0003F00F0345EA836343F0007223600193B5
:1089EC002260FFF757FF019B236000BF00BF00BF51
:1089FC0000BFFEF70FF9039B03F00F0345EA8363F7
:108A0C0043F00072236001932260FFF743FF019B48
:108A1C002360FFF73FFF029B03F00F0345EA8363DC
:108A2C0043F00072236001932260FFF733FF019B38
:108A3C002360FFF72FFF049B45EA836343F000722A
:108A4C0023600193226000BF00BF00BF00BFFEF790
:108A5C00E1F8019B236000BF00BF00BF00BFFEF721
:108A6C00D9F86368154923F0705363603B68002B99
:108A7C002ED045F000700022206000BF00BF00BF68
:108A8C0000BF00BF00BF00BF00BF00BF00BF00BFE2
:108A9C0000BF256000BF00BF00BF00BF00BF00BF0C
:108AAC0000BF00BF00BF00BF00BF00BF01323B686A
:108ABC009342E1D80CE000BF70450020F414002074
:108ACC00F814002000C00042F0140020B44500202F
:108ADC00BAF1000F66D00AEB060045F00072013EB9
:108AEC0000F1FF3C226000BF00BF00BF00BF00BF11
:108AFC0000BF00BF00BF00BF00BF00BF00BFD4F865
:108B0C0008E0256000BF00BF00BF00BF00BF00BF72
:108B1C0000BF00BF00BF00BF00BF00BF226000BF8E
:108B2C0000BF00BF00BF00BF00BF00BF00BF00BF41
:108B3C0000BF00BF00BFA368256000BF00BF00BF1F
:108B4C0000BF00BF00BF00BF00BF00BF00BF00BF21
:108B5C0000BF4FEA9E6EC3F3836343EA0E1306F81D
:108B6C00013F6645BED1154BBBEB0A0B1D6825605A
:108B7C00636843F07D5363601CD0D14406464FEAD2
:108B8C00195307934FEA194306934FEA1933059388
:108B9C004FEA192303934FEA1913029309F00F03B9
:108BAC0004939CE6054B1D682560636843F07D5378
:108BBC00636094E609B0BDE8F08F70477045002003
:108BCC00002A00F074811C4B2DE9F04F0F4689B040
:108BDC001968030D0646DFF870900793030C174DC8
:108BEC0092460693030B164C0593030A0393030951
:108BFC00029300F00F030493636841F00121114AC2
:108C0C0043F07D5341F4800110686360D9F8003063
:108C1C00504521EA030128BF504621F0785B80467D
:108C2C00C4F800B02B688BB1002000BF01302B685A
:108C3C009842FAD30AE000BF70450020B4450020EA
:108C4C0000C00042F0140020F41400204BF04063EC
:108C5C004BF0606023600193206000BF00BF00BF39
:108C6C0000BF00BFFDF7D6FF019B236000BF00BF14
:108C7C0000BF00BF00BFFDF7CDFF4BF000534BF022
:108C8C00085023600193206000BF00BF00BF00BFED
:108C9C0000BFFDF7BFFF019B236000BF00BF00BFFB
:108CAC0000BF00BFFDF7B6FF079B03F00F034BEAB5
:108CBC00836343F0007023600193206000BFFFF7D3
:108CCC00E9FD019B236000BF00BF00BF00BF00BFD8
:108CDC00FDF7A0FF069B03F00F034BEA836343F001
:108CEC00007023600193206000BF00BF00BF00BF75
:108CFC0000BFFDF78FFF019B236000BF00BF00BFCB
:108D0C0000BF00BFFDF786FF059B03F00F034BEA86
:108D1C00836343F0007023600193206000BF00BFA9
:108D2C0000BF00BF00BFFDF775FF019B236000BFB4
:108D3C0000BF00BF00BF00BFFDF76CFF039B03F03B
:108D4C000F034BEA836343F00070236001932060B0
:108D5C0000BF00BF00BF00BF00BFFDF75BFF019B62
:108D6C00236000BF00BF00BF00BF00BFFDF752FF74
:108D7C00029B03F00F034BEA836343F00070236004
:108D8C000193206000BF00BF00BF00BF00BFFDF714
:108D9C0041FF019B236000BF00BF00BF00BF00BFAD
:108DAC00FDF738FF049B4BEA836343F000702360AC
:108DBC000193206000BF00BF00BF00BF00BFFDF7E4
:108DCC0029FF019B236000BF00BF00BF00BF00BF95
:108DDC00FDF720FFB8F1000F62D0781E474407F171
:108DEC00FF3C10F8013F1B094BEA836343F0007210
:108DFC002360226000BF00BF00BF00BF00BF00BFE8
:108E0C0000BF00BF00BF00BF00BF00BF00BF23609A
:108E1C0000BF00BF00BF00BF00BF00BF00BF00BF4E
:108E2C0000BF00BF00BF00BF00BF037803F00F03FB
:108E3C004BEA836343F000722360226000BF00BFE3
:108E4C0000BF00BF00BF00BF00BF00BF00BF00BF1E
:108E5C0000BF00BF00BF236000BF00BF00BF00BF4A
:108E6C0000BF00BF00BF00BF00BF00BF00BF00BFFE
:108E7C0000BF6045B5D10E4BBAEB080A19682160EA
:108E8C0012D04644330D0793330C0693330B0593E2
:108E9C00330A03933309029306F00F030493ABE6F2
:108EAC00034B19682160A7E609B0BDE8F08F704745
:108EBC0070450020002A00F08A81824B2DE9F04F8A
:108ECC001D6889B0030D0E46814693460793030C2B
:108EDC007D490693030BDFF800820593030A7B4F51
:108EEC00039303097A4C029300F00F030493636815
:108EFC0045F00125774A43F07D5345F4800512680F
:108F0C0063600B685A4525EA030528BF5A4625F0CD
:108F1C00785592462560D8F8003033B1002200BF56
:108F2C000132D8F800309A42F9D345F0605345F03D
:108F3C00685223600193226000BF00BF00BF00BFD6
:108F4C0000BFFDF767FE019B236000BF00BF00BFA1
:108F5C0000BF00BFFDF75EFE45F0305345F03852C0
:108F6C0023600193226000BF00BF00BF00BF00BFA1
:108F7C00FDF750FE019B236000BF00BF00BF00BF88
:108F8C0000BFFDF747FE079B03F00F0345EA836321
:108F9C0043F0007223600193226000BFFFF77AFC5C
:108FAC00019B236000BFFFF775FC069B03F00F03CA
:108FBC0045EA836343F0007223600193226000BF93
:108FCC00FFF768FC019B236000BFFFF763FC059B68
:108FDC0003F00F0345EA836343F0007223600193AF
:108FEC00226000BFFFF756FC019B236000BFFFF718
:108FFC0051FC039B03F00F0345EA836343F00072BB
:10900C0023600193226000BFFFF744FC019B2360A7
:10901C0000BFFFF73FFC029B03F00F0345EA83639D
:10902C0043F0007223600193226000BFFFF732FC13
:10903C00019B236000BFFFF72DFC049B45EA836373
:10904C0043F0007223600193226000BF00BF00BF99
:10905C0000BF00BFFDF7DEFD019B236000BF00BF1A
:10906C0000BF00BF00BFFDF7D5FD6368164923F0B4
:10907C00705363603B68002B30D045F000700022C9
:10908C00206000BF00BF00BF00BF00BF00BF00BF1B
:10909C0000BF00BF00BF00BF00BF00BF256000BF06
:1090AC0000BF00BF00BF00BF00BF00BF00BF00BFBC
:1090BC0000BF00BF00BF00BF01323B689342DFD846
:1090CC000CE000BF70450020F4140020F8140020C0
:1090DC0000C00042F0140020B4450020BAF1000F8B
:1090EC006AD00AEB060045F00072013E00F1FF3C2D
:1090FC00226000BF00BF00BF00BF00BF00BF00BFA9
:10910C0000BF00BF00BF00BF00BF00BFD4F808E025
:10911C00256000BF00BF00BF00BF00BF00BF00BF85
:10912C0000BF00BF00BF00BF00BF00BF226000BF78
:10913C0000BF00BF00BF00BF00BF00BF00BF00BF2B
:10914C0000BF00BF00BF00BFA368256000BF00BF09
:10915C0000BF00BF00BF00BF00BF00BF00BF00BF0B
:10916C0000BF00BF00BF4FEA9E6EC3F3836343EAA8
:10917C000E1306F8013F6645BAD1154BBBEB0A0B33
:10918C001D682560636843F07D5363601CD0D14437
:10919C0006464FEA195307934FEA194306934FEAD1
:1091AC00193305934FEA192303934FEA19130293CA
:1091BC0009F00F0304939AE6054B1D68256063685C
:1091CC0043F07D53636092E609B0BDE8F08F7047C1
:1091DC007045002038B540EA81640D4D44F00073B1
:1091EC002C602B6000BF00BF00BF00BF00BF00BFE2
:1091FC0000BF00BF00BF00BFFDF70CFD2C6000BF1F
:10920C0000BF00BF00BF00BF00BFFFF743FB38BD6E
:10921C0000C00042002A00F01E818F4B2DE9F04F58
:10922C00064689B018689346330DDFF83CA28B4D87
:10923C000A460793330C8A4C0693330B0593330A77
:10924C0003933309029306F00F030493616840F013
:10925C000120844B41F07D5140F480001B6861601B
:10926C00DAF800105B4520EA010028BF5B4620F0CD
:10927C0078599846C4F80090296839B14FF0000C21
:10928C0000BF0CF1010C2B689C45F9D349F04067E9
:10929C0049F0606301922760236000BF00BF00BFEC
:1092AC0000BF00BF00BF00BF00BF00BF00BFFDF785
:1092BC00B1FC276000BF00BF00BF00BF00BF00BFF4
:1092CC0000BF00BF00BF00BFFDF7A4FC49F0005772
:1092DC0049F008532760236000BF00BF00BF00BFE8
:1092EC0000BF00BF00BF00BF00BF00BFFDF792FC76
:1092FC00276000BF00BF00BF00BF00BF00BF00BFA2
:10930C0000BF00BF00BFFDF785FC079B484603F07C
:10931C000F01FFF75FFF069B484603F00F01FFF7B5
:10932C0059FF059B484603F00F01FFF753FF039BC2
:10933C00484603F00F01FFF74DFF029B484603F030
:10934C000F01FFF747FF04994846FFF743FF019AC7
:10935C00B8F1000F78D008EB0203571E03F1FF3C65
:10936C0017F8012F120949EA826242F0007122605B
:10937C00216000BF00BF00BF00BF00BF00BF00BF27
:10938C0000BF00BF00BF00BF00BF00BF00BF00BFD9
:10939C0000BF00BF00BF226000BF00BF00BF00BF06
:1093AC0000BF00BF00BF00BF00BF00BF00BF00BFB9
:1093BC0000BF00BF00BF00BF00BF00BF3A7802F083
:1093CC000F0249EA826242F000712260216000BF04
:1093DC0000BF00BF00BF00BF00BF00BF00BF00BF89
:1093EC0000BF00BF00BF00BF00BF00BF00BF00BF79
:1093FC0000BF226000BF00BF00BF00BF00BF00BFA6
:10940C0000BF00BF00BF00BF00BF00BF00BF00BF58
:10941C0000BF00BF00BF00BF6745A1D10E4ABBEB28
:10942C00080B1068206013D046441A46330D07937E
:10943C00330C0693330B0593330A039333090293CE
:10944C0006F00F03049301E7034B18682060FDE658
:10945C0009B0BDE8F08F704770450020B44500207E
:10946C0000C00042F0140020F4140020002A00F088
:10947C0074811C4B2DE9F04F0F4689B01968030D10
:10948C000646DFF870900793030C174D924606932F
:10949C00030B164C0593030A03930309029300F084
:1094AC000F030493636841F00121114A43F07D538B
:1094BC0041F4800110686360D9F80030504521EA0E
:1094CC00030128BF504621F0785B8046C4F800B0F9
:1094DC002B688BB1002000BF01302B689842FAD367
:1094EC000AE000BF70450020B445002000C00042D7
:1094FC00F0140020F41400204BF040634BF060603B
:10950C0023600193206000BF00BF00BF00BFFFF7C6
:10951C00C1F9019B236000BF00BF00BF00BFFFF774
:10952C00B9F94BF000534BF00850236001932060C5
:10953C0000BF00BF00BF00BFFFF7ACF9019B236069
:10954C0000BF00BF00BF00BFFFF7A4F9079B03F0EB
:10955C000F034BEA836343F0007023600193206098
:10956C0000BF00BF00BF00BFFFF794F9019B236051
:10957C0000BF00BF00BF00BFFFF78CF9069B03F0D4
:10958C000F034BEA836343F0007023600193206068
:10959C0000BF00BF00BF00BFFFF77CF9019B236039
:1095AC0000BF00BF00BF00BFFFF774F9059B03F0BD
:1095BC000F034BEA836343F0007023600193206038
:1095CC0000BF00BF00BF00BFFFF764F9019B236021
:1095DC0000BF00BF00BF00BFFFF75CF9039B03F0A7
:1095EC000F034BEA836343F0007023600193206008
:1095FC0000BF00BF00BF00BFFFF74CF9019B236009
:10960C0000BF00BF00BF00BFFFF744F9029B03F08F
:10961C000F034BEA836343F00070236001932060D7
:10962C0000BF00BF00BF00BFFFF734F9019B2360F0
:10963C0000BF00BF00BF00BFFFF72CF9049B4BEA33
:10964C00836343F0007023600193206000BF00BF70
:10965C0000BF00BFFFF71EF9019B236000BF00BFD6
:10966C0000BF00BFFFF716F9B8F1000F6ED0781EDF
:10967C00474407F1FF3C10F8013F1B094BEA836399
:10968C0043F000722360226000BF00BF00BF00BF28
:10969C0000BF00BF00BF00BF00BF00BF00BF00BFC6
:1096AC0000BF00BF00BF00BF236000BF00BF00BFF2
:1096BC0000BF00BF00BF00BF00BF00BF00BF00BFA6
:1096CC0000BF00BF00BF00BF00BF037803F00F0353
:1096DC004BEA836343F000722360226000BF00BF3B
:1096EC0000BF00BF00BF00BF00BF00BF00BF00BF76
:1096FC0000BF00BF00BF00BF00BF00BF236000BFA2
:10970C0000BF00BF00BF00BF00BF00BF00BF00BF55
:10971C0000BF00BF00BF00BF00BF00BF00BF60455F
:10972C00A9D10E4BBAEB080A1968216012D0464435
:10973C00330D0793330C0693330B0593330A0393C2
:10974C003309029306F00F030493ABE6034B19683D
:10975C002160A7E609B0BDE8F08F70477045002086
:10976C00002A00F074811C4B2DE9F04F0F4689B094
:10977C001968030D0646DFF870900793030C174D1C
:10978C0092460693030B164C0593030A03930309A5
:10979C00029300F00F030493636841F00121114A16
:1097AC0043F07D5341F4800110686360D9F80030B8
:1097BC00504521EA030128BF504621F0785B8046D2
:1097CC00C4F800B02B688BB1002000BF01302B68AF
:1097DC009842FAD30AE000BF70450020B44500203F
:1097EC0000C00042F0140020F41400204BF0406341
:1097FC004BF0606023600193206000BF00BF00BF8E
:10980C0000BF00BF00BFFDF705FA019B236000BF3E
:10981C0000BF00BF00BF00BF00BFFDF7FBF94BF05E
:10982C0000534BF0085023600193206000BF00BF31
:10983C0000BF00BF00BF00BFFDF7ECF9019B236028
:10984C0000BF00BF00BF00BF00BF00BFFDF7E2F9C3
:10985C00079B03F00F034BEA836343F00070236014
:10986C000193206000BF00BFFFF714F8019B236039
:10987C0000BF00BFFFF70EF8069B03F00F034BEA87
:10988C00836343F0007023600193206000BF00BF2E
:10989C00FFF700F8019B236000BF00BFFEF7FAFF43
:1098AC00059B03F00F034BEA836343F000702360C6
:1098BC000193206000BF00BFFEF7ECFF019B23600B
:1098CC0000BF00BFFEF7E6FF039B03F00F034BEA5C
:1098DC00836343F0007023600193206000BF00BFDE
:1098EC0000BF00BF00BF00BFFDF794F9019B2360D0
:1098FC0000BF00BF00BF00BF00BF00BFFDF78AF96B
:10990C00029B03F00F034BEA836343F00070236068
:10991C000193206000BF00BF00BF00BF00BF00BFAD
:10992C00FDF778F9019B236000BF00BF00BF00BFAB
:10993C0000BF00BFFDF76EF9049B4BEA836343F055
:10994C00007023600193206000BF00BF00BF00BF08
:10995C0000BF00BFFDF75EF9019B236000BF00BF95
:10996C0000BF00BF00BF00BFFDF754F9B8F1000FF6
:10997C0066D0781E474407F1FF3C10F8013F1B09E5
:10998C004BEA836343F000722360226000BF00BF88
:10999C0000BF00BF00BF00BF00BF00BF00BF00BFC3
:1099AC0000BF00BF00BF00BF236000BF00BF00BFEF
:1099BC0000BF00BF00BF00BF00BF00BF00BF00BFA3
:1099CC0000BF00BF00BF037803F00F034BEA8363B3
:1099DC0043F000722360226000BF00BF00BF00BFD5
:1099EC0000BF00BF00BF00BF00BF00BF00BF00BF73
:1099FC0000BF00BF236000BF00BF00BF00BF00BF9F
:109A0C0000BF00BF00BF00BF00BF00BF00BF00BF52
:109A1C0000BF6045B1D10E4BBAEB080A1968216042
:109A2C0012D04644330D0793330C0693330B059336
:109A3C00330A03933309029306F00F030493ABE646
:109A4C00034B19682160A7E609B0BDE8F08F704799
:109A5C0070450020002A00F088817F4B2DE9F04FE3
:109A6C001D6889B0030D0E46814693460793030C7F
:109A7C007A490693030BDFF8F4810593030A784FB8
:109A8C0003930309774C029300F00F03049363686C
:109A9C0045F00125744A43F07D5345F48005126866
:109AAC0063600B685A4525EA030528BF5A4625F022
:109ABC00785592462560D8F8003033B1002200BFAB
:109ACC000132D8F800309A42F9D345F0605345F092
:109ADC00685223600193226000BF00BFFEF7DAFEDC
:109AEC00019B236000BF00BFFEF7D4FE45F030534E
:109AFC0045F0385223600193226000BF00BFFEF78F
:109B0C00C9FE019B236000BF00BFFEF7C3FE079B8D
:109B1C0003F00F0345EA836343F000722360019363
:109B2C00226000BF00BFFEF7B5FE019B236000BFA3
:109B3C0000BFFEF7AFFE069B03F00F0345EA8363FD
:109B4C0043F0007223600193226000BF00BFFEF758
:109B5C00A1FE019B236000BF00BFFEF79BFE059B8F
:109B6C0003F00F0345EA836343F000722360019313
:109B7C00226000BF00BFFEF78DFE019B236000BF7B
:109B8C0000BFFEF787FE039B03F00F0345EA8363D8
:109B9C0043F0007223600193226000BF00BFFEF708
:109BAC0079FE019B236000BF00BFFEF773FE029B92
:109BBC0003F00F0345EA836343F0007223600193C3
:109BCC00226000BF00BFFEF765FE019B236000BF53
:109BDC0000BFFEF75FFE049B45EA836343F000720F
:109BEC0023600193226000BF00BFFEF753FE019B70
:109BFC00236000BF00BFFEF74DFE6368174923F0DA
:109C0C00705363603B68002B32D045F0007000222B
:109C1C00206000BF00BF00BF00BF00BF00BF00BF7F
:109C2C0000BF00BF00BF00BF00BF00BF00BF25606A
:109C3C0000BF00BF00BF00BF00BF00BF00BF00BF20
:109C4C0000BF00BF00BF00BF00BF00BF01323B68B8
:109C5C009342DDD80CE000BF70450020F4140020C6
:109C6C00F814002000C00042F0140020B44500207D
:109C7C00BAF1000F6ED00AEB060045F00072013EFF
:109C8C0000F1FF3C226000BF00BF00BF00BF00BF5F
:109C9C0000BF00BF00BF00BF00BF00BF00BF00BFC0
:109CAC0000BFD4F808E0256000BF00BF00BF00BFB4
:109CBC0000BF00BF00BF00BF00BF00BF00BF00BFA0
:109CCC0000BF00BF226000BF00BF00BF00BF00BFCD
:109CDC0000BF00BF00BF00BF00BF00BF00BF00BF80
:109CEC0000BFA368256000BF00BF00BF00BF00BF5E
:109CFC0000BF00BF00BF00BF00BF00BF00BF00BF60
:109D0C0000BF4FEA9E6EC3F3836343EA0E1306F85B
:109D1C00013F6645B6D1154BBBEB0A0B1D682560A0
:109D2C00636843F07D5363601CD0D14406464FEA10
:109D3C00195307934FEA194306934FEA19330593C6
:109D4C004FEA192303934FEA1913029309F00F03F7
:109D5C0004939CE6054B1D682560636843F07D53B6
:109D6C00636094E609B0BDE8F08F70477045002041
:109D7C002DE9F04F89B00192002A00F063818046F2
:109D8C001C4B0D461C4F18684FEA18534FEA184AE3
:109D9C001A4E06934FEA18234FEA1839184C0493BD
:109DAC004FEA1813C346CDF81CA0039308F00F0319
:109DBC000593626840F00120124B42F07D5240F452
:109DCC00800019686260019A0F4B8A4228BF0A46CC
:109DDC00196820EA010020F0785AC4F800A039680C
:109DEC00A1B14FF0000C00BF0CF1010C3B689C457D
:109DFC00F9D30BE070450020B4450020F814002086
:109E0C0000C00042F0140020F41400204AF0605806
:109E1C004AF068530292C4F80080236000BF00BF70
:109E2C0000BF00BF00BF00BF00BF00BF00BF00BF2E
:109E3C00FCF7F0FEC4F8008000BF00BF00BF00BFFD
:109E4C0000BF00BF00BF00BF00BF00BFFCF7E2FEB9
:109E5C004AF030584AF03853C4F80080236000BFF1
:109E6C0000BF00BF00BF00BF00BF00BF00BF00BFEE
:109E7C0000BFFCF7CFFEC4F8008000BF00BF00BFDE
:109E8C0000BF00BF00BFFEF705FD069B504603F068
:109E9C000F01FFF79FF9079B504603F00F01FFF7E7
:109EAC0099F909F00F015046FFF794F9049B5046BD
:109EBC0003F00F01FFF78EF9039B504603F00F01DF
:109ECC00FFF788F905995046FFF784F96168029A03
:109EDC0021F0705161603168002930D04AF0007374
:109EEC004FF0000C5046236000BF00BF00BF00BF06
:109EFC0000BF00BF00BF00BF00BF00BF00BF00BF5E
:109F0C0000BF00BF00BF00BF00BF00BF206000BF8C
:109F1C0000BF00BF00BF00BF00BF00BF00BF00BF3D
:109F2C0000BF00BF00BF00BF00BF00BF00BF00BF2D
:109F3C0000BF0CF1010C31686145D4D88246002A6F
:109F4C0000F0838002EB050E9446013D4AF000724E
:109F5C000EF1FF385346226000BF00BF00BF00BFA8
:109F6C0000BF00BF00BF00BF00BF00BF00BF00BFED
:109F7C0000BF00BF00BF00BF00BF00BFA0682360D0
:109F8C0000BF00BF00BF00BF00BF00BF00BF00BFCD
:109F9C0000BF00BF00BF00BF00BF00BF00BF00BFBD
:109FAC0000BF00BF226000BF00BF00BF00BF00BFEA
:109FBC0000BF00BF00BF00BF00BF00BF00BF00BF9D
:109FCC0000BF00BF00BF00BF00BFA168236000BF7F
:109FDC0000BF00BF00BF00BF00BF00BF00BF00BF7D
:109FEC0000BF00BF00BF00BF00BF00BF00BF00BF6D
:109FFC0000BF800EC1F3836141EA001105F8011F17
:10A00C004545A8D1154B1868019B20606168B3EBDE
:10A01C000C0341F07D516160019313D0E34475460C
:10A02C004FEA1B534FEA1B3906934FEA1B43079326
:10A03C004FEA1B2304934FEA1B1303930BF00F03FC
:10A04C000593B6E609B0BDE8F08F044B18682060A4
:10A05C00626842F07D526260ABE600BF7045002042
:10A06C0008B500BF00BF00BF00BF00BF00BF00BFEE
:10A07C0000BFFCF7CFFD08BD002A00F0AC818D4B72
:10A08C002DE9F04F1D6889B0030D0E4681469346AD
:10A09C000293030C88490793030BDFF82C82069379
:10A0AC00030A864F04930309854C039300F00F03B6
:10A0BC000593636845F00125824A43F07D5345F4CE
:10A0CC008005126863600B685A4525EA030528BFB2
:10A0DC005A4625F0785592462560D8F8003033B1B1
:10A0EC00002200BF0132D8F800309A42F9D345F073
:10A0FC00605345F0685223600193226000BF00BF9B
:10A10C0000BF00BFFEF7C6FB019B236000BF00BF72
:10A11C0000BF00BFFEF7BEFB45F0305345F0385290
:10A12C0023600193226000BF00BF00BF00BFFEF799
:10A13C00B1FB019B236000BF00BF00BF00BFFEF757
:10A14C00A9FB029B03F00F0345EA836343F0007203
:10A15C0023600193226000BF00BF00BF00BFFEF769
:10A16C0099FB019B236000BF00BF00BF00BFFEF73F
:10A17C0091FB079B03F00F0345EA836343F00072E6
:10A18C0023600193226000BF00BF00BF00BF00BF6F
:10A19C0000BF00BF00BFFCF73DFD019B236000BF6B
:10A1AC0000BF00BF00BF00BF00BF00BF00BFFCF777
:10A1BC0031FD069B03F00F0345EA836343F0007205
:10A1CC00236001932260FFF74BFF019B236000BFCC
:10A1DC0000BF00BF00BF00BF00BF00BF00BFFCF747
:10A1EC0019FD049B03F00F0345EA836343F00072EF
:10A1FC00236001932260FFF733FF019B2360FFF77D
:10A20C002FFF039B03F00F0345EA836343F00072B7
:10A21C00236001932260FFF723FF019B2360FFF76C
:10A22C001FFF059B45EA836343F000722360019393
:10A23C00226000BF00BF00BF00BFFEF72BFB019BDD
:10A24C00236000BF00BF00BF00BFFEF723FB6368A5
:10A25C00194923F0705363603B68002B36D045F0EE
:10A26C0000700022206000BF00BF00BF00BF00BF15
:10A27C0000BF00BF00BF00BF00BF00BF00BF00BFDA
:10A28C0000BF00BF00BF256000BF00BF00BF00BF04
:10A29C0000BF00BF00BF00BF00BF00BF00BF00BFBA
:10A2AC0000BF00BF00BF00BF01323B689342D9D84A
:10A2BC000CE000BF70450020F4140020F8140020BE
:10A2CC0000C00042F0140020B4450020BAF1000F89
:10A2DC0076D00AEB060045F00072013E00F1FF3C1F
:10A2EC00226000BF00BF00BF00BF00BF00BF00BFA7
:10A2FC0000BF00BF00BF00BF00BF00BF00BF00BF5A
:10A30C0000BFD4F808E0256000BF00BF00BF00BF4D
:10A31C0000BF00BF00BF00BF00BF00BF00BF00BF39
:10A32C0000BF00BF00BF00BF226000BF00BF00BF66
:10A33C0000BF00BF00BF00BF00BF00BF00BF00BF19
:10A34C0000BF00BF00BF00BF00BFA368256000BFF7
:10A35C0000BF00BF00BF00BF00BF00BF00BF00BFF9
:10A36C0000BF00BF00BF00BF00BF00BF00BF4FEA6F
:10A37C009E6EC3F3836343EA0E1306F8013F6645F2
:10A38C00AED1154BBBEB0A0B1D682560636843F01F
:10A39C007D5363601CD0D14406464FEA1953029397
:10A3AC004FEA194307934FEA193306934FEA1923DF
:10A3BC0004934FEA1913039309F00F03059378E6FE
:10A3CC00054B1D682560636843F07D53636070E640
:10A3DC0009B0BDE8F08F704770450020002A00F0EE
:10A3EC0094811C4B2DE9F04F0F4689B01968030D71
:10A3FC000646DFF870900693030C174D92460593B2
:10A40C00030B164C0493030A02930309079300F001
:10A41C000F030393636841F00121114A43F07D530C
:10A42C0041F4800110686360D9F80030504521EA8E
:10A43C00030128BF504621F0785B8046C4F800B079
:10A44C002B688BB1002000BF01302B689842FAD3E7
:10A45C000AE000BF70450020B445002000C0004257
:10A46C00F0140020F41400204BF040634BF06060BB
:10A47C0023600193206000BF00BF00BF00BFFFF747
:10A48C00EFFD019B236000BF00BF00BF00BF00BFFA
:10A49C0000BF00BF00BF00BF00BF00BF00BFFCF784
:10A4AC00B9FB4BF000534BF0085023600193206034
:10A4BC0000BF00BF00BF00BFFFF7D2FD019B2360B0
:10A4CC0000BF00BF00BF00BFFFF7CAFD069B03F033
:10A4DC000F034BEA836343F0007023600193206009
:10A4EC0000BF00BF00BF00BF00BF00BF00BF00BF68
:10A4FC0000BF00BF00BF00BFFCF78CFB019B2360BB
:10A50C0000BF00BF00BF00BFFFF7AAFD059B03F013
:10A51C000F034BEA836343F00070236001932060C8
:10A52C0000BF00BF00BF00BFFFF79AFD019B236077
:10A53C0000BF00BF00BF00BFFFF792FD049B03F0FC
:10A54C000F034BEA836343F0007023600193206098
:10A55C0000BF00BF00BF00BFFFF782FD019B23605F
:10A56C0000BF00BF00BF00BFFFF77AFD029B03F0E6
:10A57C000F034BEA836343F0007023600193206068
:10A58C0000BF00BF00BF00BFFFF76AFD019B236047
:10A59C0000BF00BF00BF00BFFFF762FD079B03F0C9
:10A5AC000F034BEA836343F0007023600193206038
:10A5BC0000BF00BF00BF00BFFFF752FD019B23602F
:10A5CC0000BF00BF00BF00BFFFF74AFD039B4BEA73
:10A5DC00836343F0007023600193206000BF00BFD1
:10A5EC0000BF00BFFFF73CFD019B236000BF00BF15
:10A5FC0000BF00BFFFF734FDB8F1000F7ED0781E0E
:10A60C00474407F1FF3C10F8013F1B094BEA8363F9
:10A61C0043F000722360226000BF00BF00BF00BF88
:10A62C0000BF00BF00BF00BF00BF00BF00BF00BF26
:10A63C0000BF00BF00BF00BF00BF00BF00BF00BF16
:10A64C00236000BF00BF00BF00BF00BF00BF00BF42
:10A65C0000BF00BF00BF00BF00BF00BF00BF00BFF6
:10A66C0000BF00BF00BF00BF00BF037803F00F03A3
:10A67C004BEA836343F000722360226000BF00BF8B
:10A68C0000BF00BF00BF00BF00BF00BF00BF00BFC6
:10A69C0000BF00BF00BF00BF00BF00BF00BF00BFB6
:10A6AC0000BF00BF236000BF00BF00BF00BF00BFE2
:10A6BC0000BF00BF00BF00BF00BF00BF00BF00BF96
:10A6CC0000BF00BF00BF00BF00BF00BF00BF6045A0
:10A6DC0099D10E4BBAEB080A1968216012D0464486
:10A6EC00330D0693330C0593330B0493330A029307
:10A6FC003309079306F00F0303938BE6034B19689A
:10A70C00216087E609B0BDE8F08F704770450020E6
:10A71C00002A00F0CD81954B2DE9F04F1D6889B0D2
:10A72C00030D0E46814693460793030C90490693FE
:10A73C00030BDFF84C820593030A8E4F0393030936
:10A74C008D4C029300F00F030493636845F00125D0
:10A75C008A4A43F07D5345F48005126863600B68A8
:10A76C005A4525EA030528BF5A4625F078559246E6
:10A77C002560D8F8003033B1002200BF0132D8F880
:10A78C0000309A42F9D345F0605345F0685223608B
:10A79C000193226000BF00BF00BF00BFFFF760FC49
:10A7AC00019B236000BF00BF00BF00BFFFF758FC38
:10A7BC0045F0305345F0385223600193226000BFBE
:10A7CC0000BF00BF00BFFFF74BFC019B236000BF25
:10A7DC0000BF00BF00BFFFF743FC079B03F00F0354
:10A7EC0045EA836343F0007223600193226000BF4B
:10A7FC0000BF00BF00BFFFF733FC019B236000BF0D
:10A80C0000BF00BF00BFFFF72BFC069B03F00F033C
:10A81C0045EA836343F0007223600193226000BF1A
:10A82C0000BF00BF00BFFFF71BFC019B236000BFF4
:10A83C0000BF00BF00BFFFF713FC059B03F00F0325
:10A84C0045EA836343F0007223600193226000BFEA
:10A85C0000BF00BF00BFFFF703FC019B236000BFDC
:10A86C0000BF00BF00BFFFF7FBFB039B03F00F0310
:10A87C0045EA836343F0007223600193226000BFBA
:10A88C0000BF00BF00BFFFF7EBFB019B236000BFC5
:10A89C0000BF00BF00BFFFF7E3FB029B03F00F03F9
:10A8AC0045EA836343F0007223600193226000BF8A
:10A8BC0000BF00BF00BFFFF7D3FB019B236000BFAD
:10A8CC0000BF00BF00BFFFF7CBFB049B45EA8363CF
:10A8DC0043F0007223600193226000BF00BF00BFF1
:10A8EC0000BFFFF7BDFB019B236000BF00BF00BF93
:10A8FC0000BFFFF7B5FB63681D4923F0705363601D
:10A90C003B68002B3ED045F000700022206000BF59
:10A91C0000BF00BF00BF00BF00BF00BF00BF00BF33
:10A92C0000BF00BF00BF00BF00BF00BF00BF00BF23
:10A93C0000BF00BF00BF256000BF00BF00BF00BF4D
:10A94C0000BF00BF00BF00BF00BF00BF00BF00BF03
:10A95C0000BF00BF00BF00BF00BF00BF00BF00BFF3
:10A96C0001323B689342D1D80CE000BF7045002007
:10A97C00F4140020F814002000C00042F014002051
:10A98C00B4450020BAF1000F00F087800AEB0600F6
:10A99C0045F00072013E00F1FF3C226000BF00BF99
:10A9AC0000BF00BF00BF00BF00BF00BF00BF00BFA3
:10A9BC0000BF00BF00BF00BF00BF00BF00BF00BF93
:10A9CC0000BF00BFD4F808E0256000BF00BF00BF87
:10A9DC0000BF00BF00BF00BF00BF00BF00BF00BF73
:10A9EC0000BF00BF00BF00BF00BF00BF00BF00BF63
:10A9FC0000BF226000BF00BF00BF00BF00BF00BF90
:10AA0C0000BF00BF00BF00BF00BF00BF00BF00BF42
:10AA1C0000BF00BF00BF00BF00BF00BFA368256020
:10AA2C0000BF00BF00BF00BF00BF00BF00BF00BF22
:10AA3C0000BF00BF00BF00BF00BF00BF00BF00BF12
:10AA4C0000BF00BF00BF00BF4FEA9E6EC3F383631D
:10AA5C0043EA0E1306F8013F66459ED1154BBBEB3E
:10AA6C000A0B1D682560636843F07D5363601CD03E
:10AA7C00D14406464FEA195307934FEA19430693FC
:10AA8C004FEA193305934FEA192303934FEA19132D
:10AA9C00029309F00F03049357E6064B1D682560DB
:10AAAC00636843F07D5363604FE609B0BDE8F08FF7
:10AABC00704700BF70450020002A00F040821C4BFC
:10AACC002DE9F04F1D6889B0030D0E468146934663
:10AADC000793030C17490693030BDFF86880059363
:10AAEC00030A154F03930309144C029300F00F0350
:10AAFC000493636845F00125114A43F07D5345F4F6
:10AB0C008005126863600B685A4525EA030528BF67
:10AB1C005A4625F0785592462560D8F800309BB1FE
:10AB2C00002200BF0132D8F800309A42F9D30BE072
:10AB3C0070450020F4140020F814002000C00042DE
:10AB4C00F0140020B445002045F0605345F06852E5
:10AB5C0023600193226000BF00BF00BF00BF00BF95
:10AB6C0000BF00BF00BFFFF77BFA019B236000BF53
:10AB7C0000BF00BF00BF00BF00BF00BF00BFFFF79A
:10AB8C006FFA45F0305345F0385223600193226040
:10AB9C0000BF00BF00BF00BF00BF00BF00BF00BFB1
:10ABAC00FFF75EFA019B236000BF00BF00BF00BF30
:10ABBC0000BF00BF00BF00BFFFF752FA079B03F0B6
:10ABCC000F0345EA836343F0007223600193226014
:10ABDC0000BF00BF00BF00BF00BF00BF00BF00BF71
:10ABEC00FFF73EFA019B236000BF00BF00BF00BF10
:10ABFC0000BF00BF00BF00BFFFF732FA069B03F097
:10AC0C000F0345EA836343F00072236001932260D3
:10AC1C0000BF00BF00BF00BF00BF00BF00BF00BF30
:10AC2C0000BF00BF00BF00BFFDF734FE019B2360D7
:10AC3C0000BF00BF00BF00BF00BF00BF00BF00BF10
:10AC4C00FFF70EFA059B03F00F0345EA836343F00D
:10AC5C00007223600193226000BF00BF00BF00BFE1
:10AC6C0000BF00BF00BF00BF00BF00BF00BF00BFE0
:10AC7C00FDF710FE019B236000BF00BF00BF00BFAB
:10AC8C0000BF00BF00BF00BF00BF00BF00BF00BFC0
:10AC9C00FDF700FE039B03F00F0345EA836343F0CB
:10ACAC00007223600193226000BF00BF00BF00BF91
:10ACBC0000BF00BF00BF00BF00BF00BF00BF00BF90
:10ACCC00FDF7E8FD019B236000BF00BF00BF00BF84
:10ACDC0000BF00BF00BF00BF00BF00BF00BF00BF70
:10ACEC00FDF7D8FD029B03F00F0345EA836343F0A5
:10ACFC00007223600193226000BF00BF00BF00BF41
:10AD0C0000BF00BF00BF00BF00BF00BF00BF00BF3F
:10AD1C00FDF7C0FD019B236000BF00BF00BF00BF5B
:10AD2C0000BF00BF00BF00BF00BF00BF00BF00BF1F
:10AD3C00FDF7B0FD049B45EA836343F0007223608A
:10AD4C000193226000BF00BF00BF00BF00BF00BF67
:10AD5C0000BF00BFFFF784F9019B236000BF00BF59
:10AD6C0000BF00BF00BF00BF00BF00BFFFF778F9F6
:10AD7C006368734923F0705363603B68002B38D0D1
:10AD8C0045F000700022206000BF00BF00BF00BF74
:10AD9C0000BF00BF00BF00BF00BF00BF00BF00BFAF
:10ADAC0000BF00BF00BF00BF00BF00BF00BF00BF9F
:10ADBC0000BF00BF00BF00BF256000BF00BF00BFC9
:10ADCC0000BF00BF00BF00BF00BF00BF00BF00BF7F
:10ADDC0000BF00BF00BF00BF00BF00BF00BF00BF6F
:10ADEC0000BF00BF00BF00BF00BF01323B689342F1
:10ADFC00C9D8BAF1000F00F097800AEB060045F0B5
:10AE0C000072013E00F1FF3C226000BF00BF00BF9A
:10AE1C0000BF00BF00BF00BF00BF00BF00BF00BF2E
:10AE2C0000BF00BF00BF00BF00BF00BF00BF00BF1E
:10AE3C0000BF00BF00BF00BF00BFD4F808E0256012
:10AE4C0000BF00BF00BF00BF00BF00BF00BF00BFFE
:10AE5C0000BF00BF00BF00BF00BF00BF00BF00BFEE
:10AE6C0000BF00BF00BF00BF00BF00BF00BF00BFDE
:10AE7C00226000BF00BF00BF00BF00BF00BF00BF0B
:10AE8C0000BF00BF00BF00BF00BF00BF00BF00BFBE
:10AE9C0000BF00BF00BF00BF00BF00BF00BF00BFAE
:10AEAC0000BFA368256000BF00BF00BF00BF00BF8C
:10AEBC0000BF00BF00BF00BF00BF00BF00BF00BF8E
:10AECC0000BF00BF00BF00BF00BF00BF00BF00BF7E
:10AEDC0000BF00BF00BF4FEA9E6EC3F3836343EA1B
:10AEEC000E1306F8013F66458ED1164BBBEB0A0BD1
:10AEFC001D682560636843F07D5363601CD0D144AA
:10AF0C0006464FEA195307934FEA194306934FEA43
:10AF1C00193305934FEA192303934FEA191302933C
:10AF2C0009F00F030493E4E5064B1D682560636884
:10AF3C0043F07D536360DCE509B0BDE8F08F7047EA
:10AF4C00F414002070450020002A00F0D9811C4B1D
:10AF5C002DE9F04F0F4689B01968030D0646DFF84E
:10AF6C0070900793030C174D92460693030B164CE7
:10AF7C000593030A03930309029300F00F03049350
:10AF8C00636841F00121114A43F07D5341F4800183
:10AF9C0010686360D9F80030504521EA030128BFDE
:10AFAC00504621F0785B8046C4F800B02B688BB11A
:10AFBC00002000BF01302B689842FAD30AE000BF92
:10AFCC0070450020B445002000C00042F014002061
:10AFDC00F41400204BF040634BF06060236001934D
:10AFEC00206000BF00BF00BF00BF00BF00BF00BF9C
:10AFFC0000BFFFF735F8019B236000BF00BF00BF07
:10B00C0000BF00BF00BF00BF00BFFFF729F84BF027
:10B01C0000534BF0085023600193206000BF00BF29
:10B02C0000BF00BF00BF00BF00BF00BFFFF718F894
:10B03C00019B236000BF00BF00BF00BF00BF00BF6B
:10B04C0000BF00BFFFF70CF8079B03F00F034BEAA0
:10B05C00836343F0007023600193206000BF00BF46
:10B06C0000BF00BF00BF00BF00BF00BF00BF00BFDC
:10B07C0000BF00BFFDF70EFC019B236000BF00BFAB
:10B08C0000BF00BF00BF00BF00BF00BFFEF7E8FF5E
:10B09C00069B03F00F034BEA836343F000702360BD
:10B0AC000193206000BF00BF00BF00BF00BF00BF06
:10B0BC0000BF00BFFEF7D4FF019B236000BF00BFA1
:10B0CC0000BF00BF00BF00BF00BF00BFFEF7C8FF3E
:10B0DC00059B03F00F034BEA836343F0007023607E
:10B0EC000193206000BF00BF00BF00BF00BF00BFC6
:10B0FC0000BF00BFFEF7B4FF019B236000BF00BF81
:10B10C0000BF00BF00BF00BF00BF00BFFEF7A8FF1D
:10B11C00039B03F00F034BEA836343F0007023603F
:10B12C000193206000BF00BF00BF00BF00BF00BF85
:10B13C0000BF00BFFEF794FF019B236000BF00BF60
:10B14C0000BF00BF00BF00BF00BF00BFFEF788FFFD
:10B15C00029B03F00F034BEA836343F00070236000
:10B16C000193206000BF00BF00BF00BF00BF00BF45
:10B17C0000BF00BFFEF774FF019B236000BF00BF40
:10B18C0000BF00BF00BF00BF00BF00BFFEF768FFDD
:10B19C00049B4BEA836343F00070236001932060AF
:10B1AC0000BF00BF00BF00BF00BF00BF00BF00BF9B
:10B1BC00FEF756FF019B236000BF00BF00BF00BF1E
:10B1CC0000BF00BF00BF00BFFEF74AFFB8F1000F81
:10B1DC0000F08F80781E474407F1FF3C10F8013FC8
:10B1EC001B094BEA836343F000722360226000BFAB
:10B1FC0000BF00BF00BF00BF00BF00BF00BF00BF4B
:10B20C0000BF00BF00BF00BF00BF00BF00BF00BF3A
:10B21C0000BF00BF00BF00BF00BF00BF00BF236066
:10B22C0000BF00BF00BF00BF00BF00BF00BF00BF1A
:10B23C0000BF00BF00BF00BF00BF00BF00BF00BF0A
:10B24C0000BF00BF00BF00BF00BF00BF00BF00BFFA
:10B25C00037803F00F034BEA836343F0007223601F
:10B26C00226000BF00BF00BF00BF00BF00BF00BF17
:10B27C0000BF00BF00BF00BF00BF00BF00BF00BFCA
:10B28C0000BF00BF00BF00BF00BF00BF00BF00BFBA
:10B29C0000BF236000BF00BF00BF00BF00BF00BFE6
:10B2AC0000BF00BF00BF00BF00BF00BF00BF00BF9A
:10B2BC0000BF00BF00BF00BF00BF00BF00BF00BF8A
:10B2CC0000BF00BF604589D10E4BBAEB080A196864
:10B2DC00216012D04644330D0793330C0693330B85
:10B2EC000593330A03933309029306F00F03049377
:10B2FC0046E6044B1968216042E609B0BDE8F08FC0
:10B30C00704700BF704500206F49704B0A682DE9EB
:10B31C00F04742F0020205240A60DC665C679C6719
:10B32C00DC67C3F88040C3F88440C3F88840BFF39F
:10B33C004F8F0121022001F09BFF0121032001F01E
:10B34C0097FF0121042001F093FF204601213024B6
:10B35C0001F08EFF5E4B4FF48072C3F88420E0B294
:10B36C000134012101F084FF372CF8D1584B4FF0F8
:10B37C00E020584A1C6858492243584D1A6005F57C
:10B38C0000665A6842F07D525A600022D0F8FC3DAB
:10B39C0043F08073C0F8FC3D0B6843F001030B6075
:10B3AC00294602F07F032532403B01F8013FB142B0
:10B3BC00F7D14B4A4B4B02F5805E93F90070083382
:10B3CC0013F9064C13F9070CBFB213F9051CA4B200
:10B3DC0013F904AC80B213F9029C89B213F9038CF3
:10B3EC0047EA0A4713F901CC44EA094440EA084009
:10B3FC0041EA0C41C2E90074C2E902011032724503
:10B40C00DBD1394CDFF808E104F58057AEF10403C9
:10B41C00204613F9011F083093F9042089B293F9DF
:10B42C0008809E4593F90CC092B241EA084142EA69
:10B43C000C4240E90212ECD120340EF1100EA7425E
:10B44C00E4D1002315F9012FB5421344FAD1274C4E
:10B45C000022274D40F2EE2826492748236001F0B0
:10B46C0065FA264C264FDFF8AC902E6803F06AFA8A
:10B47C002378E3B13B78DB0719D52B68D9F800208A
:10B48C009B1A0E2B13D94FF4967001F09BFE4021A2
:10B49C001C4803F0DBF91C4801F0F0FC41211B486F
:10B4AC0003F0D4F91848BDE8F04701F0E7BC2B686D
:10B4BC0022789B1B2AB1B3F5FA6FE4D803F042FA59
:10B4CC00D4E74345FAD9DEE700402A4000801F400C
:10B4DC0000C0004200014001001000E09F3C002031
:10B4EC00B8550020A03C0020B8450020B8650020CD
:10B4FC00D067002040420F00301400200468002068
:10B50C0003680020D009002020140020140A002019
:10B51C00A33C0020E067002010B5044604F088FB33
:10B52C0002460B48214601F081FC094801F0A6FCBB
:10B53C000221084803F08AF9204604F079FB014601
:10B54C00204603F083F90448BDE8104001F096BC96
:10B55C0030140020580A0020201400202DE9F04F50
:10B56C009DB09B4801F000F9A8B1994801F04CF945
:10B57C00984BC0B21B780A2810D00D280ED03E2B49
:10B58C00EFD895495A1CC854924B91481A7001F047
:10B59C00EBF80028E9D11DB0BDE8F08F002BE0D00E
:10B5AC0000228D4C02218D48E25403F04FF92046C5
:10B5BC0004F03EFB0146204603F048F9884801F0B0
:10B5CC005DFC2378874A423BD2F80490362B38D85E
:10B5DC00DFE813F03E003700EA0037002401680171
:10B5EC0037002E0221062F062804A0044005370040
:10B5FC0060063F024E02A002D603490559059B0581
:10B60C00F4053700370037003700370037003700B4
:10B61C00370037003E003700EA003700240168018C
:10B62C0037002E0221062F062804A00440053700FF
:10B63C0060063F024E02A002D603490559059B0540
:10B64C00F4056948FFF768FF0023624A137088E726
:10B65C000120664FF7F7ACFC04460220F7F7A8FC74
:10B66C00C1B2E0B2624CF7F7C9FE624BD7F800806A
:10B67C001A68614B48EA030323EA020323F0785962
:10B68C005E4B5A6849F0405642F07D525A60C3F8FE
:10B69C00009025683DB1002300BF01332568AB4203
:10B6AC00FAD3D7F800800F214846FBF7BDFA48467D
:10B6BC000521FBF7B9FA514B4A48C3F80080504BAF
:10B6CC00504AD0F804C01968A2FB0121890C01EB87
:10B6DC0081014268A2EB0C029142FAD8474A1660EB
:10B6EC003DB1002200BF01322568AA42FAD3D7F837
:10B6FC000080662130460893F8F7D2FC3F4A39485F
:10B70C00C2F8008002F18D72089B02F58F32D0F8DE
:10B71C0004C019688332A2FB0121890C01EB810161
:10B72C004268A2EB0C029142FAD8344A16603DB141
:10B73C00002200BF013221688A42FAD3D7F8008078
:10B74C002E4D99213046DFF8D0A00893F8F7A8FCCD
:10B75C000220C5F8008001F035FD9AF80020089B06
:10B76C0082B92E60216821B100BF013221688A4262
:10B77C00FAD3352130460893F8F792FC39681F4A02
:10B78C00089B1160174932251E4C48681A68A4FBA7
:10B79C000242920C05FB02F24B681B1A9A42FBD830
:10B7AC001948FFF7B9FE4FE70120F7F701FC1828FD
:10B7BC000346164AA8BF182323EAE3731360144AFE
:10B7CC006021144803F0F4FF1248FFF7A5FE3BE795
:10B7DC0030140020F2670020744500205C0A002021
:10B7EC0020140020001000E0B80B00207045002051
:10B7FC00B4450020F41400200001400100C00042B8
:10B80C001C14002083DE1B43B80A0020F81400200F
:10B81C00DC0A002010450020F66700200120F7F715
:10B82C00C7FB05460220F7F7C3FB8046A0B30024F4
:10B83C00DFF8D8A2DFF8D8B2A04EA14FA8EB0402D3
:10B84C002819B2F5005F28BF4FF40052A04513D061
:10B85C00337800EB400103EBC30301EB411103EB25
:10B86C00C3033B335B1A974902EB010C01F8013B14
:10B87C006145A3F16303F9D19AF800309BF80010ED
:10B88C00002B00F0A086904B53F821308D4998473F
:10B89C0004F50054A045D1D88C4B8D4A5B68A3EBC2
:10B8AC0009038DE701200DF16008F7F781FB834B4D
:10B8BC00C5B282461B7819A905EB450203EBC303FD
:10B8CC0002EB421203EBC3033B339B1A424602F8D2
:10B8DC00013B9142A3F16303F9D17E4B7E4F197862
:10B8EC007E4B7F4E1878F7F789FDD7F800B07D4B6B
:10B8FC004BEA06067C4C1A687C4B26EA02065A6810
:10B90C0026F0785642F07D5246F040595A601E603F
:10B91C0022683AB1002300BF013322689342FAD364
:10B92C00D7F800B00F2130460892FBF77DF90521BE
:10B93C003046FBF779F96D4B6448C3F800B003F15E
:10B94C008D736B4903F58F33D0F804C009688333CA
:10B95C00089AA3FB0131890C01EB81014368A3EB2D
:10B96C000C039942FAD8614BC3F800902AB100231A
:10B97C0000BF013322689342FAD348460321F8F7FB
:10B98C008FFBCAF30741F8F78BFB584CCAF307211E
:10B99C000DF15C0AF8F784FB2946F8F781FB636824
:10B9AC0023F0006363603B4646F048574E46994689
:10B9BC004FF0080B0025276000BF00BFFBF72AF9EA
:10B9CC00A3682660C3F3C06343EA450500BF00BF0C
:10B9DC00FBF720F9BBF1010BEDD10AF8015BC24575
:10B9EC00E6D1D9F800302360636843F07D5363607F
:10B9FC009DF863209DF86230CDE905329DF86120F9
:10BA0C009DF86030CDE903329DF85F209DF85E30E3
:10BA1C00CDE901329DF85D209DF85C300092354AED
:10BA2C006021354803F0C4FE3348FFF775FD0BE683
:10BA3C002F4A4FF40053126800934FF40003019205
:10BA4C002E4A60212C4803F0B3FE2B48FFF764FD0F
:10BA5C00FAE50120F7F7ACFA0228034640F23586E6
:10BA6C0000221346DFF8A4A08AF80020244AA7E697
:10BA7C000120244DF7F79CFAB0F5005F134EA8BFD8
:10BA8C004FF40050D5F80080042804464FF0000015
:10BA9C00B8BF042421462C607768F7F79DFA7268CA
:10BAAC002346C5F80080D21B0092174A6021124829
:10BABC0003F07EFE1048FFF72FFDC5E5F46700206C
:10BACC0060040020C01A002024040020001000E0B4
:10BADC00000B0020F367002070450020F567002064
:10BAEC0000014001F4140020B445002000C00042C5
:10BAFC001C140020640B002010450020600A00205C
:10BB0C00E40A0020F0140020140B0020F66700203B
:10BB1C00D717002001200DF16008F7F749FAB04B58
:10BB2C00C2B283461B78089202EB420203EBC303BA
:10BB3C0002EB421203EBC3033B339B1A17AA02F826
:10BB4C00013B4245A3F16303F9D1A64BA64F1978EB
:10BB5C00A64BA74C1878F7F751FCA64BD7F800A0CA
:10BB6C001A68A54B4AEA030323EA020323F078552B
:10BB7C00A24B5A6845F0405642F07D525A601D6007
:10BB8C0022683AB1002300BF013322689342FAD3F2
:10BB9C00D7F800A00F2128460992FBF745F805219C
:10BBAC002846FBF741F8954BDFF85CC2C3F800A0C0
:10BBBC00934B9449DCF804E01868099AA1FB001037
:10BBCC00800C00EB8000DCF80410A1EB0E01884225
:10BBDC00F9D88A490E603AB1002100BF01312268C0
:10BBEC009142FAD3D7F800A066213046CDE909235B
:10BBFC00F8F756FA8149DFF810C2C1F800A001F13C
:10BC0C008D710A9B01F58F31DCF804E018688331E3
:10BC1C00099AA1FB0010800C00EB8000DCF80410EA
:10BC2C00A1EB0E018842F9D874490E603AB100229A
:10BC3C0000BF013221688A42FAD3D7F800A09921BB
:10BC4C0030460993F8F72CFA6C4A0220C2F800A08F
:10BC5C0001F0B8FA694A099B166022682AB10021E2
:10BC6C0000BF013122689142FAD3CBF3074A304628
:10BC7C000221CBF3072BCDE90A23F8F711FA514631
:10BC8C00F8F70EFA5946F8F70BFA0899F8F708FA8C
:10BC9C00099417ACDDE90A9614F8011BF8F700FAC1
:10BCAC004445F9D13346554906463868099C4A46FD
:10BCBC0008605549DFF84CC148681B68ACFB033C75
:10BCCC004FEA9C4C0CEB8C0C4B681B1A9C45FBD81C
:10BCDC004A4B1E602AB1002300BF013322689342F5
:10BCEC00FAD330460321F8F7DBF95146F8F7D8F9C7
:10BCFC00424C594645F04855F8F7D2F90899F8F7EF
:10BD0C00CFF963680DF1640A23F0006363604FF0B0
:10BD1C00080B4FF00009256000BF00BFFAF77AFF4F
:10BD2C00A3682660C3F3C06343EA490900BF00BFA0
:10BD3C00FAF770FFBBF1010BEDD108F8019BD04570
:10BD4C00E5D13B682360636843F07D5363609DF8E5
:10BD5C005F209DF85E30CDE905329DF85D209DF8A1
:10BD6C005C30CDE903329DF863209DF86230CDE95B
:10BD7C0001329DF861209DF860300092234A4FE615
:10BD8C000120DFF89CB0F7F713F905460220F7F70E
:10BD9C000FF904460320F7F70BF90E2C21462B461E
:10BDAC00A8BF0E210E2D0246A8BF0E23602821EA43
:10BDBC00E1711748A8BF602223EAE373082AB8BFD1
:10BDCC00082201928BF8003050F8233050F82100F3
:10BDDC0000901048017010490A60104A31E600BF0B
:10BDEC00F4670020F367002070450020F567002001
:10BDFC00B4450020F41400200001400100C00042B2
:10BE0C001C14002083DE1B43001000E0340B0020C8
:10BE1C009C040020D6170020F0140020C00A00203B
:10BE2C00D71700200120F7F7C3F883460220F7F755
:10BE3C00BFF800230746CDE91833CDE91A330028A3
:10BE4C0000F069849A461C46A7EB04090BEB040529
:10BE5C00B9F5005F284628BF4FF400594946F7F75B
:10BE6C00BBF8A7423FD0C54B05EB4505DFF830E3E7
:10BE7C004FF0000C1B7805EB4515264603EBC3036E
:10BE8C0003EBC30303F13B01491B1EF8010B18AA7A
:10BE9C00002308914840C0F3031500F00F0045FA49
:10BEAC0003F140FA03F4013311F0010F02D01168D1
:10BEBC0001311160E10702D5116801311160042BC9
:10BECC0002F10402EBD10CF1010C0899CC45A1F163
:10BEDC006301DAD30AF1020AB74218BFA9F10109CA
:10BEEC0034460AEB490A04F50054A742ACD8DDE904
:10BEFC001872DDE91A3101933B460092A04ACDE954
:10BF0C00021A60219F4803F053FC9E48FFF704FB84
:10BF1C00FFF79ABB0120F7F74BF883460220F7F79F
:10BF2C0047F804460320F7F743F8974B5E68002C5C
:10BF3C0000F0EF83A3444FF0000915961490CDE95F
:10BF4C0012B4B4F5005F2346129A28BF4FF4005385
:10BF5C00101B19460E93F7F73FF8149B022B00F0B9
:10BF6C003883072C40F2B883DFF834824FF0000E90
:10BF7C00864FC8F10803C4464FF000081194CDE970
:10BF8C000F394FF0000907EB09140F9D4FEA890098
:10BF9C0009F10201A66857F820B05FFA81F90996F9
:10BFAC00E668DCE900230CF1080C0A9626691009F6
:10BFBC0005EB0C0A65680B961909089502F00F320F
:10BFCC00656900F00F3003F00F3301F00F310C9561
:10BFDC00089DD4E906640D942FFA82F42FFA92F29C
:10BFEC0024FB0BE422FB0542099D2FFA80F42FFA67
:10BFFC0090F024FB05240A9A0C9D20FB024E2FFA8C
:10C00C0083F20B982FFA93F322FB008223FB052378
:10C01C002FFA81F22FFA91F122FB06320D9B21FBB4
:10C02C0003280E9B5345AED20EEB0803DDE91094AA
:10C03C000E9A5749920A096801FB02F2A3EBC2035C
:10C04C009944139AC4F50053D342C0F02D83A4F540
:10C05C00005476E70120F6F7ABFF484B4D4A1870B9
:10C06C00C3B2FFF7ADBB0120F6F7A2FFB0F5C87F56
:10C07C000346494AA8BF4FF4C87323EAE37313601D
:10C08C00464AFFF79DBB0120F6F792FF06460220B9
:10C09C00F6F78EFF8046002800F039830024374FD6
:10C0AC002546A8EB050A06EB050BBAF5005F5846CA
:10C0BC0028BF4FF4005A5146F6F78EFFA84518D00A
:10C0CC003B780BEB4B0B364A03EBC3030BEB4B1BD5
:10C0DC00924403EBC3033B33A3EB0B03DBB212F829
:10C0EC00010BA3F163019842CBB218BF0134524546
:10C0FC00F5D105F50055A845D3D8234A23465268F7
:10C10C00A2EB09020092274AD0E40120244CF6F756
:10C11C004FFF1A4BB0F5005F1978A8BF4FF40050D1
:10C12C0001EBC1010428064601EBC101B8BF04268E
:10C13C003B31A51904F8011BAC42A1F16301F9D103
:10C14C00DFF870A0184C104BDFF86CB09AF80000B8
:10C15C0027689BF8002026605D68002840F0AD82BF
:10C16C00124B0F4953F8223032469847064A334651
:10C17C0052682760521B00920D4A97E4F467002026
:10C18C00940B002010450020001000E0B855002052
:10C19C00B8650020D40A0020B4450020CC0A002049
:10C1AC00C01A0020AC0B0020F0140020600400200A
:10C1BC00200B0020F6670020D71700200120DFF8A5
:10C1CC00D080F6F7F5FE044602202A4FF6F7F0FE73
:10C1DC00064620463D46182E4FF00104A8BF1826EF
:10C1EC00012EB8BF01263146F6F7F6FE5823A8F803
:10C1FC00003002E05B2C3FF75DAC15F8013BC4F15D
:10C20C00600108EB04001C4A03F0D2FAEB1B044457
:10C21C009E42EFDC4EE40120F6F7CAFE20280346CE
:10C22C00164AA8BF202323EAE3731360144AFFF7CE
:10C23C00C7BA0120F6F7BCFE124AC3B2012B137029
:10C24C0000F04682022B00F04B82032B00F04A8256
:10C25C0041F2B0010C4AC2F86C12C2F87012C2F86A
:10C26C007412C2F87812BFF34F8FD2F86C2200927E
:10C27C00064A1BE4C01A00202C0B0020FC140020E2
:10C28C00EC0A0020F767002000801F40F40A002011
:10C29C001045002000230120CDE91833F6F788FE65
:10C2AC00C4B20220F6F784FEC04B4FF08072C3F884
:10C2BC0084204FF48002C3F884204FF48072C3F8BA
:10C2CC008420002C00F00682012C00F01E82022C2F
:10C2DC0016D1C5074FF0100240F11482C3F8842028
:10C2EC008407B24B4FF0200240F10982C3F884203E
:10C2FC004007AE4B4FF0400240F1FE81C3F8842062
:10C30C000525AB4CAB4BAC4A60681968A2FB01210C
:10C31C00890C01EB81016268121A9142FBD8012150
:10C32C003520089300F0A4FFA04E4FF000720121BD
:10C33C003220C6F888204FEA051A00F099FF4FF01A
:10C34C00805201213620C6F8842000F091FF4FF076
:10C35C00005201213420C6F88420984E00F088FF4A
:10C36C000121312006EB0515914F00F081FF089B50
:10C37C00EA6856F80A50C5F888208F4A6068196830
:10C38C00A2FB0121890C7A68121A9142FBD8874CC6
:10C39C004FF080624FF080594FF000584FF0006B17
:10C3AC000893C4F88420C4F884B0C4F88490C4F80A
:10C3BC008480F5F7D1FD4FF08062C4F88420C4F876
:10C3CC0088B0C4F88490C4F88880F5F7C5FD06EBF6
:10C3DC000A02089BD2687648C5F88420C4F8849079
:10C3EC00C4F884807C68744A1968A2FB0121890C0A
:10C3FC0001EB81014268121B9142FBD806EB0A0249
:10C40C006B4CD268C5F888206B4A40681968A2FB4F
:10C41C000121890C6268121A9142FBD8662008939C
:10C42C00F6F7A8FD06EB0A0256F80A50D268089BEC
:10C43C00C5F88420604A646819685D48A2FB012134
:10C44C00890C01EB81014268121B9142FBD806EB6F
:10C45C000A02574CD268C5F88820574A40681968B8
:10C46C00A2FB0121890C6268121A9142FBD806EBDF
:10C47C000A0599200893F6F77DFD56F80A2002204C
:10C48C00E968C2F8841000F09DFEE96856F80A20AD
:10C49C00089BC2F88810484A646819684448A2FB93
:10C4AC000121890C4268121B9142FBD89F200893F2
:10C4BC00F6F760FD0020F6F75DFD0020F6F75AFD5B
:10C4CC000020F6F757FD394D0DF15F090DF1670BA3
:10C4DC00374CDFF8E480089F3120002100F0C8FEC3
:10C4EC0008204FF0000C4FF0007EC5F884E0AB68DC
:10C4FC006168C3F3C0633A6843EA4C0CA8FB023290
:10C50C00920C63685B1A9A42FBD8C5F888E06168A4
:10C51C003A68A8FB0232920C63685B1A9A42FBD809
:10C52C000138E2D109F801CFD945D5D106EB0A0182
:10C53C0056F80A20204BC968C2F8841060683A6823
:10C54C001B49A3FB0232920C02EB82024B681B1AB2
:10C55C009A42FBD8154B4FF080723024C3F88420DC
:10C56C004FF48002C3F884204FF48072C3F8842007
:10C57C00E0B20134012100F07BFE372CF8D10B4ADC
:10C58C00536843F07D5353609DF860200D2A00F0F2
:10C59C00AB8000239DF86310009203919DF862100C
:10C5AC00074A02919DF8611001910BE000C0004216
:10C5BC00001000E01C14002083DE1B4354060020F6
:10C5CC00A40A00209DE457F8213056499847FFF7FC
:10C5DC005FB9032C40F28280DFF848814FF0000EE7
:10C5EC000025CDF83C90C8F10403C4464FF0000878
:10C5FC0010940D934C49EA005CF8043B01EB451494
:10C60C000D9E51F822B09809E76806EB0C099908C1
:10C61C0000F0033009971A09276901F0033102F081
:10C62C00033203F003330A970135D4E901A605F070
:10C63C007F0508966669D4E906740B960C94089EDF
:10C64C002FFA83F42FFA93F324FB0BE423FB0A83D6
:10C65C002FFA81FA2FFA91F12AFB064A099C0B9EBC
:10C66C0021FB04312FFA82F30A9C2FFA92F223FB5E
:10C67C0004A322FB06122FFA80F12FFA90F021FB73
:10C68C00073E0C9B20FB03280E9B4B45B2D20EEBB6
:10C69C000803DDE90F940E9A2449520A096801FB3C
:10C6AC0002F2A3EB4203CBE4159E214A4B4652689F
:10C6BC00921B00921F4AFFF7F9B91F4B0020194932
:10C6CC0053F822303246984750E50246FFF7CAB974
:10C6DC003921BFE5302514E60023A9E40023DAE76D
:10C6EC001649B7E51649B5E59DF86130A3F15D0330
:10C6FC00B3FA83F35B094DE7C3F8882000E6C3F86F
:10C70C008820F5E5C3F88820EAE53325F9E50446E9
:10C71C00F3E4A146C9E70146034602468246FFF709
:10C72C00EABB00BFC01A0020B8450020B865002045
:10C73C00001000E0080B0020240400203900010048
:10C74C0039B0010001207047B0F84630B0F84820ED
:10C75C009BB292B2934202D2013AD01A7047416B0B
:10C76C0001390A44D01A7047016972B6B0F84A20F0
:10C77C00B0F84C3092B29BB29A423CBF806B12180C
:10C78C00C86AD31A62B6C0F302601844704700BF7F
:10C79C00B0F84A100246B0F84C3089B29BB29942BC
:10C7AC0010D00133906B116B984298BF00239942C3
:10C7BC0003D9126AD05CC0B270475B1A526AD05C63
:10C7CC00C0B27047D0F810C072B6B0F84A0080B250
:10C7DC00814201D062B6E4E7DCF82C3013F0E06F54
:10C7EC0003D14FF0FF3062B67047DCF81C0000211B
:10C7FC004FF0010C136AC0F30900A2F84AC0A2F86A
:10C80C004C105870EFE700BFB0F84AC00146B0F8C2
:10C81C004C301FFA8CFC9BB29C4525D0013310B5D3
:10C82C00D1F838E09E4515D90A6B1C469A4216D9A8
:10C83C000A6AD25CD0B28A6DA1F84C404AB19C45D0
:10C84C001DD3ACEB0303CC6B9C4202D3CB6DC2F873
:10C85C00883010BD00240A6B23469A42E8D8486AF7
:10C86C009A1A825CD0B2E6E76246006972B6B1F8F9
:10C87C004AC01FFA8CFC624505D062B6CEE7E6448E
:10C88C00AEEB0303DFE7C36A13F0E06F03D14FF0A5
:10C89C00FF3062B67047C069C0F30900F9E700BF0A
:10C8AC0090F8443043B110B5044602F04BF894F8BC
:10C8BC004430002BF9D110BD704700BF38B5436927
:10C8CC00D3E90312096811422DD00169044690F88E
:10C8DC0044200D4632B102F035F894F84430002B68
:10C8EC00F9D163690021104AA961207E03EB001085
:10C8FC00007D02EB0010D0F804C00520CCF800003D
:10C90C0094F819C003EB0C1393F8343002EB0312B8
:10C91C00A36D52681060A4F84A10A4F84C1013B11F
:10C92C00E26DC3F8842038BD5406002007EE901A3F
:10C93C009FED947A0421B6EE005AF8EE677A9FEDDB
:10C94C00926A41F6FF7CC7EE275A2DE9F043154653
:10C95C008E460122046907EE901AF8EEE77A85EE0E
:10C96C00A77A77EE057AFDEEE77A17EE903A6345F3
:10C97C00A8BF6346012BB8BF012307EE903AF8EE2F
:10C98C00E76A76EEC76AC6EE877AF5EEC07AF1EE04
:10C99C0010FA01D5F1EE677AF4EEC67AF1EE10FAE0
:10C9AC0003D8B0EE676A8E461A4601312129D2D1DE
:10C9BC0041690023866BB1F85870A0F84A30F71B18
:10C9CC00A0F84C30A0F84630C763B1F85A70A0F804
:10C9DC004830F61B80F844300664D1E903763B6896
:10C9EC003343AE053B60C5F34023837600F1A5804D
:10C9FC00077EDFF8C08101EB0717644B97F814C072
:10CA0C00D7F81C9008EB0C1CDCF80860DCF804C0B0
:10CA1C003360BB69CCF80030B9F1000F02D03F6A2B
:10CA2C00C9F80070477ED92301EB071797F834C07B
:10CA3C0008EB0C1CDCF808603360BF6BDCF80430CE
:10CA4C001F60437E01EB0313DF6B0FB11B6C3B606C
:10CA5C00BEF1080F0EF1FF3CCCBF4FF0000E4FF0B3
:10CA6C00010E42EA4E434FEA0C6202F0F8521343B5
:10CA7C00002223614B7849681033E260444A42F843
:10CA8C00231042694FF0010E424905F0030C577810
:10CA9C00B2F85620404B7A544FF0021741694A784D
:10CAAC0003EB521302F01F029B000EFA02F21A6003
:10CABC00E762A36A43F08803A3626B0734D44CF497
:10CACC007013AF06827E2AD543F08053002A3CD1E6
:10CADC002E07A36103D5236943F0005323616369D7
:10CAEC00EA0654BF23F0805343F080536361EB0597
:10CAFC0003D5236943F4005323618B686BB1274D35
:10CB0C002C78002C3CD0264B03EB840101E08B42AB
:10CB1C002AD053F8042F9042F9D1BDE8F083002AB3
:10CB2C00D6D043F0A003D3E705F00F03042B14BFBA
:10CB3C001C4B1D4B4CEA0303C3E7477E4FF2D90352
:10CB4C00DFF8708001EB071770E7427E43F0A0031B
:10CB5C0001EB021292F8342008EB0216B668326828
:10CB6C0022F440423260B3E7611C104A104B29702A
:10CB7C0043F82400137843F002031370BDE8F083EC
:10CB8C000121F2E7001BB74BEC78AD6038F00100E7
:10CB9C000018002000E400E040380038F96700205D
:10CBAC00BC3A002010003C0010003C4007680020FC
:10CBBC00C03A002054060020EFF31380B8B9EFF30D
:10CBCC0010834BB9EFF305823AB94FF48073EFF34E
:10CBDC00118050B1984208D270470F2A02D8EFF357
:10CBEC0011827047034B9B5CF1E7184670474FF07E
:10CBFC00FF30F1E7F0E300E0036D2DE9F0418846EA
:10CC0C000446066913B1426DC3F88420A37E2BB190
:10CC1C0072B6B36943F00053B36162B6B4F84650D0
:10CC2C00636BADB20135AB424CD800273D46B4F82E
:10CC3C0048309BB29D4219D029E073691B0210D574
:10CC4C00B4F84830626B9BB201339A4237D91A461A
:10CC5C00E16A99422ED9E169CB5CDBB2F361A4F8AD
:10CC6C004820B4F848309BB2AB4210D1FFF7A4FF78
:10CC7C006369B3F856308342DFDAB0F5807FF0D1C8
:10CC8C0001F060FEB4F848309BB2AB42EED0E26AE1
:10CC9C00AA4219D9E26902F8058072B6012084F81B
:10CCAC004400A4F84670B36943F40003B36162B660
:10CCBC00BDE8F0815B1AA16ACB5CDBB2CEE7002247
:10CCCC001346C5E72F46B2E7AD1AA26A02F80580F3
:10CCDC00E3E700BFFFF790BF0269536913F4401FED
:10CCEC0070B537D0D36A13F0E06FC3F3026E2ED059
:10CCFC00B0F84A40B0F84C30A4B29EB2D2F81CC086
:10CD0C00631CB0F84C10856BCCF3090C89B29D42B6
:10CD1C0098BF0023994208D0016B9942A3EB010103
:10CD2C0066D9016A01F803C01C460EF1FF3313F0FB
:10CD3C00FF0EE3D1836DA0F84A4043B1B4425BD3FC
:10CD4C00A41B016CA14202D8C16DC3F884105369B5
:10CD5C00DD0248D4D2F818E01EF4000F28D0536935
:10CD6C001C0225D5B0F846C0B0F848301FFA8CFC30
:10CD7C009BB206E0C169C95CC9B2D161D16A4905EF
:10CD8C0012D463453CD0446B0133C16A9C4298BFBA
:10CD9C0000239942A3EB0104ECD8816A095DC9B266
:10CDAC00D161D16A4905ECD56345A0F8483029D04A
:10CDBC001EF4800F16D053695B0213D50021036D4E
:10CDCC0080F8441013B1416DC3F88810837E2BB1E9
:10CDDC0072B6936923F00053936162B6936923F49E
:10CDEC008003936170BD536943F480135361B1E7C1
:10CDFC00446A04F801C097E7816B891B0C44A0E7D7
:10CE0C00A0F84830936923F400039361936943F4C9
:10CE1C0080039361CCE700BF0148FFF75DBF00BF03
:10CE2C0030140020084601F0FDBC00BF2DE9F04194
:10CE3C000C46D1B1EAB180468F1800250E4E04E0A5
:10CE4C0001F0F0FCBC4205440CD0D8F8003014F8CA
:10CE5C00010B1B68B342F3D0014640469847BC42D5
:10CE6C000544F2D12846BDE8F0810D462846BDE8C0
:10CE7C00F0811546F6E700BF35AF000000B503683A
:10CE8C0083B040F60D2C022201A95B68ADF804C0FA
:10CE9C00984703B000BD00BF044B022888BF03466F
:10CEAC00D3F800C01846DCF80430184720140020D2
:10CEBC00A94AAA4B90422DE9F047A94CD3F814E0AB
:10CECC009969D4F80CC000F2088103F1437303F59F
:10CEDC00F4530333A3FB0023DB0D03EB830303EBBE
:10CEEC00830202F2B63240F227639A4228BF1A46F6
:10CEFC009C4BA3FB0232D208203A984D0CF01F0435
:10CF0C00D5F88030944243F0C003C5F880300BD282
:10CF1C002CF01F0C924C4CEA020CC4F80CC0236889
:10CF2C00002BFCDA0CF01F041EF0007327D18E4D81
:10CF3C002E698E4DB54300F0FA8081F4805576460B
:10CF4C004FF4805716F0605F06D02EF0605E4EEA0C
:10CF5C00030E824BC3F814E015F4405F07D021F4A4
:10CF6C0040517E4D3943A961AB6C1B07FCD44EF08C
:10CF7C00007E7A49C1F814E08B6C9F06FCD47C4986
:10CF8C00884200F2DF80012635460EE0082D0CD1D8
:10CF9C00042E00F291800136022506FB00F38B4231
:10CFAC0000F2C3805B008B4206D8013506FB05F30B
:10CFBC0000FB03F38B42E9D9771E05F1FF384FEAEA
:10CFCC00872A8EEA87276B4959186B4B99427CD973
:10CFDC00DFF8E4916C2369486349B0FBF5F0684DC8
:10CFEC00B0FBF6F00E6835404D4508D043F40053C5
:10CFFC004FF480550D600B600B68002BFCDA574921
:10D00C000B6903F00703434504D0C1F810808B6C07
:10D01C00DE03FCD417F4E05F0BD02EF4E05E0AF4D0
:10D02C00E0534E4943EA0E0EC1F814E08B6C9D0799
:10D03C00FCD4544D544945198D4239D8534BED0904
:10D04C00A3FB05352D0B6B1E1B028EEA030111F49D
:10D05C00407F07D02EF4407E03F440733F4943EAEF
:10D06C000E034B613D494B6923F000734B618B6C94
:10D07C009B06FCD4464BA242A3FB00134FF0FF319E
:10D08C004FEA9343B0FBF5F5B1FBF3F3414908606C
:10D09C0041490D6041490B6008D22CF01F0C3049FE
:10D0AC004CEA0202CA600B68002BFCDABDE8F08780
:10D0BC004FF440730425C8E7771E2E494FF007083C
:10D0CC004FEA872A59188EEA8727294B99421CD890
:10D0DC00DFF8E890362332487EE7324B984201D88D
:10D0EC000E220AE7304B984228D9304A904227D971
:10D0FC00821A2F4B120AA3FB0232D20902EB8202D4
:10D10C0002EB820202F2E242EDE6A3F182532948DD
:10D11C00DFF8AC90A3F589337E3BA3FB01310B0DFB
:10D12C0003FB00F043EA090956E7012544E71F46D3
:10D13C008EF0C0560D464FF0C05303E70F22DCE6CD
:10D14C001222DAE6012603464FF0000A77464FF02A
:10D15C000008354637E700BF001C4E0E00C00F40DC
:10D16C00000008401F85EB5100800D4040300080CE
:10D17C00FFB19F26808D5B00FF7EF64D00643F4D16
:10D18C007F3001807FD1F0087F17B42C9F10E50011
:10D19C0083DE1B431C14002018140020C8670020D9
:10D1AC0000B29F26FF0A6B1B00A4781F0046C32306
:10D1BC0023B24C00001BB7006C200080362000808E
:10D1CC000020008000B970472DE9F84F01218146FD
:10D1DC00224C234E234D54E8003F3268286844E823
:10D1EC000013002BF7D120494B684FF47A7BDFF802
:10D1FC007CA01B1A01270BFB02F8DAF80020A2FB1B
:10D20C0003235B4594BF9844D84454E8003F3268EC
:10D21C00286844E80073002BF7D14B68DAF800C09B
:10D22C001B1A0BFB02F2ACFB03C3B3F57A7F94BF62
:10D23C00D21802F57A72A2EB0802B2F57A7F08D303
:10D24C00B9F1010F08F57A7809F1FF39DDD1BDE8A4
:10D25C00F88F01F077FB0449D7E700BFD4670020B3
:10D26C00D0670020CC670020001000E0C8670020C9
:10D27C00362831D802011B4B012903EB00109B58B7
:10D28C0000B55A68D0E902EC12D0042910D022EA79
:10D29C000C025A60C9B102291FD003294FF01502A4
:10D2AC000CBF114B114BCEF8003043681A6000BD17
:10D2BC0042EA0C0201295A6007D040F63803CEF836
:10D2CC000030436815221A6000BD38231522CEF8B1
:10D2DC00003043681A6000BD7047054BCEF8003033
:10D2EC00EFE700BF54060020383001003800010081
:10D2FC0038F0010008B5FEF707F8FEF72FF901F03A
:10D30C0021FBFAE7844641EA000313F003036DD1D5
:10D31C00403A41D351F8043B40F8043B51F8043BEC
:10D32C0040F8043B51F8043B40F8043B51F8043BF3
:10D33C0040F8043B51F8043B40F8043B51F8043BE3
:10D34C0040F8043B51F8043B40F8043B51F8043BD3
:10D35C0040F8043B51F8043B40F8043B51F8043BC3
:10D36C0040F8043B51F8043B40F8043B51F8043BB3
:10D37C0040F8043B51F8043B40F8043B51F8043BA3
:10D38C0040F8043B51F8043B40F8043B51F8043B93
:10D39C0040F8043B403ABDD2303211D351F8043B33
:10D3AC0040F8043B51F8043B40F8043B51F8043B73
:10D3BC0040F8043B51F8043B40F8043B103AEDD2E2
:10D3CC000C3205D351F8043B40F8043B043AF9D233
:10D3DC00043208D0D2071CBF11F8013B00F8013B06
:10D3EC0001D30B8803806046704700BF082A13D313
:10D3FC008B078DD010F003038AD0C3F10403D21A2B
:10D40C00DB071CBF11F8013B00F8013B80D331F85E
:10D41C00023B20F8023B7BE7043AD9D3013A11F8DE
:10D42C00013B00F8013BF9D20B7803704B78437049
:10D43C008B7883706046704701F1FF3C70B566468F
:10D44C004FF0000E01E00EF1010EB0FBF2F402FB06
:10D45C001403092B03F1370598BF03F130059042F3
:10D46C00204606F8015FEED201EB0E0300225A7043
:10D47C00BEF1000F11D0481C70440CF102021CF8D4
:10D48C00014F10F8015DA1EB0C03521A8CF80050FF
:10D49C00013B047073449A42EFDB084670BD00BF39
:10D4AC0010B500234FF470440F224FF4806EA0F897
:10D4BC008C411946A0F88E214FF46044A0F89031AD
:10D4CC000A46B0F8883148F2B82C43F0F003A0F8C3
:10D4DC00883101EB4103013100EB431304299C809B
:10D4EC00A3F806E05A841A865A805A81A3F80EC013
:10D4FC005A82DA825A83DA83EBD1B0F8883143F05E
:10D50C000F03A0F88831B0F8883143F47063A0F8A9
:10D51C00883110BD374B384A996F384841F47F0138
:10D52C0070B5996741F20106D3F8801045F6C055E5
:10D53C0043F226040A43C3F88020FFF7B1FF00F53D
:10D54C008040FFF7ADFF00F58040FFF7A9FF00F525
:10D55C008040FFF7A5FF0022A0F503104FF00F0E3F
:10D56C00114600EB42134FEA421C01329981042A06
:10D57C005981A3F80EE09E82DD8020F80C101982F0
:10D58C009C81EED100221E484FF00F0E41F2010695
:10D59C00114645F6C05543F2260400EB42134FEA00
:10D5AC00421C01329981042A5981A3F80EE09E8213
:10D5BC00DD8020F80C1019829C81EED100221148DC
:10D5CC000F2641F20105114645F6C05443F2260ED2
:10D5DC0000EB42134FEA421C01329981042A598113
:10D5EC00DE819D82DC8020F80C101982A3F80CE0FF
:10D5FC00EED170BD00C00F40000003FC00C03D40E8
:10D60C0000001E4000401E4072B6EFF30583524CE2
:10D61C00C4F884301EF0040F0CBFEFF30882EFF354
:10D62C0009824FF0E0234D4DD3F8280DD3F82C1D73
:10D63C00C4E92201D3F8341DD3F8383DC4E92413CE
:10D64C009369A83444F8103CD36944F80C3C00F0BE
:10D65C00CDF804ED020A01F015FA0B2344F8040C82
:10D66C004FF0FF323E4844F8283C2B68202104350B
:10D67C005A4042F30003013903EA000383EA5202E1
:10D68C00F7D1A542F1D1344BC3F8A820BFF34F8F8B
:10D69C004FF0E0233149334AC3F8701FC3F8702FA1
:10D6AC00BFF34F8FBFF36F8F2F4A02242F48D36ED7
:10D6BC002F4943F44053D3660460D3692D4823F0BB
:10D6CC007F0343F04003D3610B68834240D8274D5E
:10D6DC0000204FF0E0234FF0FF3228600121C5F805
:10D6EC00080125480C460E46C5F80001C5F808117E
:10D6FC00C3F88021C3F88421C3F88821C3F88C2196
:10D70C00C3F8902101E000F071F9D5F80C31002B31
:10D71C00F9D04F2CC5F80C6104F10104F3D9174B67
:10D72C00022017494FF00042C1F840015A63D5F866
:10D73C000C313BB9134814490C4A0163D2F80C3133
:10D74C00002BFAD04FF0E023104AC3F80C2DFEE763
:10D75C00FFF7AEFBBBE700BF00FF272080FF2720B1
:10D76C002083B8EDA0FF272000C00F4000400840E8
:10D77C001C140020803DCD0B009F240000900D4018
:10D78C0000002E4000800F40F100AD0B0400FA05A4
:10D79C00094A08B50346106823B1034407498B4274
:10D7AC0001D8136008BD02F0F3F90C2203464FF0C8
:10D7BC00FF301A6008BD00BF0015002000002820B3
:10D7CC00002070474FF0FF30704700BF4FF40053FC
:10D7DC0000204B60704700BF012070474FF0FF30B6
:10D7EC00704700BF30BFFDE7FFF70EBF124AD2F8FB
:10D7FC0080305B07FBD5D2F880301048C3F30B2385
:10D80C000F4990ED007A07EE903A91ED006AB8EE70
:10D81C00477A0C4AF8EEE77A0B4BD2ED006A77EEBA
:10D82C00C77A93ED007AB8EE477A67EE867A87EE80
:10D83C00A60A37EE400A704700810D40B8670020F9
:10D84C00C0670020C4670020BC670020836B70B5E4
:10D85C0086460E4610461BB1536843F40043536092
:10D86C0072B6DEF8342042B31B4B1060D3F8B021F3
:10D87C0032421ED1194C656805E06268A2EB050CBA
:10D88C00BCF5166F0BD2D3F8402142F48042C3F89A
:10D89C004021D3F8B811D3F840215204EDD53140D2
:10D8AC0007D10D4ACEE90201D2F8B0313343C2F8A8
:10D8BC00B031CEF8340062B670BD0749CEE9020231
:10D8CC00D1F8B0313343C1F8B031CEF83000CEF8D6
:10D8DC00340062B670BD00BF00002E40001000E0A6
:10D8EC0070B5056B95B12B46002403E01B68013421
:10D8FC00012B0CD05A681206F8D5036306462CB1DE
:10D90C002846B36B2D689847013CF9D170BD0022B5
:10D91C000023C0E90C23F1E700B501BBDFF8A0C080
:10D92C00234B0021234A4FF0010E4FF00110996058
:10D93C00C3F800E0CCE902314FF0800CC3F804C00E
:10D94C00C2F8BC01D2F8B0311B4843EA0E03C2F84E
:10D95C00B0310160D2F8B031002BFBD100BD09040D
:10D96C00164BDFF85CC04FF0010E41F0800198605F
:10D97C00104A596000F58051C3F800E0D96000F5F9
:10D98C000051CCF84830196100F5405100F5804049
:10D99C00596100219861CCF84C10D2F8B03143F4A5
:10D9AC008033C2F8B031D2F8B031002BFBD1B7E7DD
:10D9BC00E03A002000002E404C670020003B002085
:10D9CC0000000020074901220B78824023EA020361
:10D9DC000B7033B9044AD2F8483123F08003C2F8F3
:10D9EC0048317047FF67002000002E402DE9F047BA
:10D9FC00A64C82B0D4F84461F107C4F844614CD50C
:10DA0C00D4F8AC31002B43D0A14DA24FDFF8B88233
:10DA1C00C4F8AC31D5E90A20D4F8403143F40053B2
:10DA2C00C4F84031D4F840319B04F5D5D4F84031DA
:10DA3C004FF0011123F40053C4F84031C4F8B41171
:10DA4C00D4F8B43113F00113FAD191B284463B608F
:10DA5C00B1F5086F00F03A8100F2958040F2023E79
:10DA6C00714500F0928100F2A480822900F0E181DE
:10DA7C00B1F5817F00F0B381802940F09580864814
:10DA8C0002210380FFF748FFD4F8AC31002BBFD143
:10DA9C007E4AD2F8BC31002B42D1720616D57B4B94
:10DAAC00D3F8AC21C3F8AC21D3F8BC21C3F8BC210A
:10DABC00D3F8B041002CFBD14FF0FF32C3F8B421A6
:10DACC00D3F8843100F046FD744B1C60F40103D58F
:10DADC00734B1B6803B19847B00103D5714B1B689E
:10DAEC0003B19847710708D5684BD3F8843113F408
:10DAFC00007345D06C4B01221A70644BD3F848313B
:10DB0C001A060AD5330608D5684A13782BB1013B9F
:10DB1C00DBB21370002B00F06D8202B0BDE8F08711
:10DB2C005C49C2F8BC310868034240F098815B4AFA
:10DB3C0012681340B1D01C0C554D1FFA83F810D04D
:10DB4C0094FAA4F7B7FA87F705EBC7104030FFF744
:10DB5C00C7FE012303FA07F7BC43F1D1B8F1000F5C
:10DB6C009BD0012798FAA8F4B4FA84F405EBC410FE
:10DB7C0007FA04F4FFF7B4FE38EA0408F2D18CE794
:10DB8C00494A1370B9E742F2212E71455AD049D84F
:10DB9C00B1F5106F00F0A28042F2210C614503D167
:10DBAC00010C072900F08C814FF00113C4F8C0312F
:10DBBC006AE7B1F5A06F00F0CA80A1F5D061012928
:10DBCC00F2D83B4B59680029EED01FFA8CFE120C90
:10DBDC0003E019690C330029E6D0B3F800C0944572
:10DBEC00F7D1B3F802C0F445F3D14FEA122C000C74
:10DBFC00BCF1030F00F0CB811B89834228BF034685
:10DC0C00B2F5007F9A4640F09A81274B1B78002B87
:10DC1C0040F0EE81274952462748DFF89C90FFF7E9
:10DC2C0071FB9EE142F22133994214D04FF6C003AE
:10DC3C009942B9D183B2FF2BB6D843F46E4363F348
:10DC4C000F0CBEE780B230B91C4B120C19681C4B80
:10DC5C0019601C4B1A700023C5F84880EB64C8F897
:10DC6C0008300123C8F800308023C8F804304FF086
:10DC7C000113C4F8BC31D4F8B03143F48033C4F888
:10DC8C00B031D4F8B031002BFBD1FDE600002E40B2
:10DC9C00000000204C6700208067002050670020A7
:10DCAC00E4670020E8670020056800200668002073
:10DCBC00680D0020281E006000002020D067002086
:10DCCC00E067002003680020E03A0020B34B0121FC
:10DCDC00B3481B780370FFF71FFED5E6AF49120C53
:10DCEC0001930A70AF4AC4F8C821AF4AC4F8CC21DA
:10DCFC00AE4AC4F8D02100F02FFC80220199AC4828
:10DD0C0001F060FEAB498022019BA9644A60AA4ADB
:10DD1C00EB64C5F8A02002F13C428B6002F56C224A
:10DD2C0002F56F72C5F8E02001220A604FF0011273
:10DD3C00C4F8BC21D4F8B02142F48032C4F8B0212C
:10DD4C009E4A3B60D2F8B031002BFBD19CE699493E
:10DD5C00EB648B600123A9640B6080234B604FF054
:10DD6C0001139649C4F8BC31D4F8B03143F4803374
:10DD7C00C4F8B031D1F8B031002BFBD1130C5B06D9
:10DD8C0043F08073C1F854317EE610F0780F7FF4C5
:10DD9C000BAF00F07F028A4B000653F822104CBFE9
:10DDAC0041F4803141F0010143F822100021814BF4
:10DDBC00E96499600121AB64196080217F4A596044
:10DDCC004FF00113C2F8BC31D2F8B03143F48033B8
:10DDDC00C2F8B031D2F8B031002BFBD154E610F0C0
:10DDEC00780F7FF4E1AE00F07F02754B000653F81C
:10DDFC0022104CBF21F4803121F0010143F8221094
:10DE0C0000216C4BE96499600121AB64196080219D
:10DE1C006A4A59604FF00113C2F8BC31D2F8B031E4
:10DE2C0043F48033C2F8B031D2F8B031002BFBD1BF
:10DE3C002AE610F078037FF4B7AE00F07F01604A59
:10DE4C00000652F82110564A138036D5C90301D565
:10DE5C000123137002215248FFF75EFD14E60020E7
:10DE6C00086058490C88486842F221018C427FF4C2
:10DE7C005EAE80B200287FF45AAE5349534C03C9AE
:10DE8C00A18086284FEA11412060A1717FF44FAE2A
:10DE9C0072B64F48017841F008010170D2F8481170
:10DEAC000D0605D480200143C2F84401C2F8481184
:10DEBC0062B6484A5021117039E6CB07CAD5C7E77C
:10DECC004049EB60444BC1E900200122AB601A6071
:10DEDC00424A5A603C4A9A60D4F8B01141F00101B0
:10DEEC00C4F8B01102F58051D96002F500511961E6
:10DEFC0002F5405102F5804259619A612F4AD2F8DD
:10DF0C00B031002BFBD12B49EB648B600123A9644E
:10DF1C000B6048F280034B604FF00113C2F8BC3128
:10DF2C00D2F8B03143F48033C2F8B0314FF48033BF
:10DF3C00224A3B60D2F8B031002BFBD1A4E5B2F5FC
:10DF4C00E06F7FF468AE264B1B78002B4ED1254931
:10DF5C00DFF8949052464846FFF7D4F9072389F826
:10DF6C00013029F01F0309EB0A02BFF34F8F4FF06A
:10DF7C00E021C1F8703F20339A42FAD8BFF34F8F9B
:10DF8C00BFF36F8F18485146FFF7C6FC7CE50B7842
:10DF9C00834228BF03469A463DE600BF0468002032
:10DFAC00806700200200CC00C80002000200C800FC
:10DFBC0080000020E03A00205DCFC6B800002E4063
:10DFCC00C0012E40A044002044670020D8670020E8
:10DFDC00FF67002006680020003B0020800007003F
:10DFEC00056800208C1E0060000020200449AFE76B
:10DFFC00044910E60320FFF7E5FC07F055FB00BFD2
:10E00C00281E00608C1E00602DE9F043841E83B036
:10E01C00022C02D903B0BDE8F083124D90460F4696
:10E02C00C60105EBC0143C2200210190201D99462D
:10E03C0001F0C8FCB8FA88F23904520941EA42717D
:10E04C000122A951C4F83890A260B9F1000FE1D0B7
:10E05C000549019B9A400B681A430A6003B0BDE85E
:10E06C00F08300BF00000020506700202DE9F04332
:10E07C00A0F1020E83B0BEF1020F02D903B0BDE8CD
:10E08C00F0839146C201124F884602F140060546C4
:10E09C003C220021F4190193201D01F093FCB9FAE4
:10E0AC0089FC4FEA0842019B4FEA5C1C42EA4C7225
:10E0BC00BA510122A363A260002BDFD0054905F100
:10E0CC0010000B6882401A430A6003B0BDE8F0836D
:10E0DC00000000205067002012044FF0010C8160FA
:10E0EC0042F08002C0F800C0C36101F5805C01F50C
:10E0FC004053426001F5005201F58041C0F80CC05C
:10E10C008161C0E904237047831E022B00D970473C
:10E11C0000F1100C064B0A4603EBC01000B54FF093
:10E12C00010E0EFA0CF15DF804EBFFF78FBB00BF8C
:10E13C0040000020831E022B00D970474FF0010CC9
:10E14C00034B0A460CFA00F103EBC010FFF77EBB41
:10E15C000000002040687047144B0A22DFF850C0C2
:10E16C00D3F8200220F07F4000EB800300B55B0069
:10E17C0085B0604538BF18466946FFF75DF9DFF892
:10E18C0034C06B460022604619780132013341B12C
:10E19C000A2A20F8021FF7D116228CF8002005B0AD
:10E1AC0000BD52008CF8002005B000BD00441F409B
:10E1BC0080969800C017002000F0ECBA00F0BABAB4
:10E1CC0000F020BB00F0D8BA00F06EBB00F048BBEA
:10E1DC000846114600F03ABB70B5164D4FF0E024DE
:10E1EC0015494FF40032154E05EB401582B001EB8A
:10E1FC004021C4F88C210346328828460191FFF750
:10E20C006BFF019933880B44BFF34F8FC4F85C1F2D
:10E21C0020318B42FAD8BFF34F8FBFF36F8F03209F
:10E22C002946FFF787FF4FF40033C4F80C3102B0D6
:10E23C0070BD00BF203B002080002020EC67002038
:10E24C00264B1A884368C3F30E43D21A002AF0B542
:10E25C00C46983B028DD2248224D01782D78CBB2D9
:10E26C00DFF894C0A942204D09D01CF803100F46CA
:10E27C0035F811100E46C1F500718A421AD90133D6
:10E28C00002125F81420082B184D88BF0B4625F8C3
:10E29C00141098BF19460CF80340154B01701968FF
:10E2AC000A441A6003B0F0BD204603B0BDE8F0404C
:10E2BC00FFF792BF0F4906EB47200192084401EB90
:10E2CC004421FFF71FF8019A09492046B31825F895
:10E2DC0017300B6813440B60E7E700BFEC670020B6
:10E2EC00FD670020FE6700208C6700209C670020E3
:10E2FC008867002080002020AC670020224B1A7811
:10E30C00002A3FD102F0FF03204A1278002A39D0AC
:10E31C001F4A1288002A35D01E49C2F5006210B57A
:10E32C00087884B01C4901EB40141C4901EBC02156
:10E33C002046CDE902230191FFF7CEFEDDE9011263
:10E34C000A44BFF34F8F4FF0E020039BC0F8701FBF
:10E35C0020318A42FAD80193BFF34F8FBFF36F8FEE
:10E36C0004202146FFF7D0FE0A480021084B027812
:10E37C0019800132019BD2B2032A98BF1346037055
:10E38C0004B010BD704700BF026800200468002074
:10E39C00EE67002001680020203C00208010202027
:10E3AC002DE9F04F87B00490002900F0BF800023C6
:10E3BC005F4C604F4FF00109DFF890A15E4E029365
:10E3CC0003915E4B5E4A1D783B8802EB451284F844
:10E3DC0000900192002B40F0A58098461D469B466C
:10E3EC000198FFF7B7FE10F0800000F08B80BFF3B0
:10E3FC004F8F9AF8003084F800B00DB9D6F8008031
:10E40C00002B7BD13368A3EB0803782B00F28380BD
:10E41C004C4B1B78002B71D000F094FA3B880125F3
:10E42C0084F80090002BDBD044491A46C3F50060F9
:10E43C000D78039900EBC520DFF814B191425844D4
:10E44C0017D20593DDE903210192FEF75BFF019AD8
:10E45C004FF04041059B9B1A3B803B4BC3F884100B
:10E46C00BFF34F8F029800231044237007B0BDE810
:10E47C00F08F0499FEF746FF00230BEBC5214FF4F8
:10E48C0000620198FFF728FE0BEBC521BFF34F8FFD
:10E49C0001F1200201F50063934294BF0123402354
:10E4AC004FF0E02201EB4313C2F8701F20318B4276
:10E4BC00FAD1BFF34F8FBFF36F8F04200199FFF791
:10E4CC0023FE1E4A13780133DBB2042B28BF002332
:10E4DC0013703B88039AD11A029A1A440391029240
:10E4EC00049A1A4400230492174A3B80C2F88430E1
:10E4FC00BFF34F8F237000297FF463AF029807B0EE
:10E50C00BDE8F08F4FF400620C4B8AF800001D78C8
:10E51C0013463A808DE7012302988AF8003007B041
:10E52C00BDE8F08F1A46C3F5006082E70846E6E7BF
:10E53C0002680020EE670020D067002001680020F0
:10E54C00203C00200468002000002E4000680020C1
:10E55C0080102020704700BF2D4B002180222D48B9
:10E56C0070B51B7800242C4E8B420CBF40234FF40B
:10E57C0000732A4D33802B8001F024FA284A21465F
:10E58C00284B14704FF4807227481C8001F01AFA43
:10E59C00264A1021264B0220C2E90044C2E902445B
:10E5AC00244AC3E900441470234AC3E90244234BB0
:10E5BC001C70234614602246FFF758FD204B224660
:10E5CC0031880320FFF720FD2346012229880420EF
:10E5DC00FFF74CFD20460134FFF7FEFD082CF9D166
:10E5EC00184B00214A221848184C0460C3F88410B8
:10E5FC00C3F88020D3F84821154942F08072C3F843
:10E60C00482121B1134A137843F00103137070BDF4
:10E61C0005680020203C0020EC670020F0670020FB
:10E62C0001680020EE670020203B00208C67002052
:10E63C009C670020FD67002088670020FE67002093
:10E64C0051C3000000002E40E46700200DC4000000
:10E65C0000000000076800202DE9F84F4FF400324D
:10E66C004FF0E023C3F88C212B4B1C78002950D0A1
:10E67C0082468B46E4B20027DFF8B490274B504615
:10E68C00274AABEB07081B78A34204F1010437D0EF
:10E69C00092C244B244928BF00241E5D39F8163060
:10E6AC0031F8165003EB4621ED1A1144A8452A46C1
:10E6BC0017D21E4C42465046FEF724FE236839F80A
:10E6CC0016105846A3EB0B0388443B4429F81680DC
:10E6DC0023604FF0E0234FF40032C3F80C21BDE867
:10E6EC00F88FFEF70FFE114A2F4430461368AA44E8
:10E6FC005B1B1360084A1470FFF76EFDBB45BDD859
:10E70C004FF0E0234FF400323846C3F80C21BDE83B
:10E71C00F88F0846DDE700BFFE670020FD6700208C
:10E72C0080002020AC6700208C67002088670020C8
:10E73C009C6700200B4B0C4A12781978D3B28A4292
:10E74C000DD0013309480A4A092B0A4928BF002376
:10E75C00C35C31F8131002EB4323585C70474FF045
:10E76C00FF307047FD670020FE670020AC6700207B
:10E77C00800020209C670020054B186800B1704772
:10E78C0000B583B0019000F0DDF8019803B000BD36
:10E79C00886700202DE9F84F144E154D33782A78F0
:10E7AC00934220D0DCB2DFF85090DFF850B0DFF8A5
:10E7BC005080104F0134082CA24601D90024A246E7
:10E7CC0019F80400DBF8003038F8102037F8101076
:10E7DC00521A9B1ACBF80030FFF7FEFC86F800A00B
:10E7EC002B78A342E6D1BDE8F88F00BFFE6700206E
:10E7FC00FD6700209C670020AC6700208867002024
:10E80C008C67002000B583B001210DF10700FFF7E4
:10E81C0023FF18B19DF8070003B000BD4FF0FF3087
:10E82C00FAE700BF084B00B583B01B788DF80700E2
:10E83C0033B101210DF10700FFF7B2FD03B000BDAC
:10E84C0003F0FF0003B000BD04680020034B1B78ED
:10E85C000BB1FFF7A5BD03F0FF0070470468002063
:10E86C002DE9F04100240D4E01230D4DA0460D4F16
:10E87C0033703B782846A34205D0FFF76BFC0306A8
:10E88C0058BF08F5006801342035042CF1D1BFF3D2
:10E89C004F8F002340463370BDE8F08102680020A2
:10E8AC00203C002001680020204B1B7813B1204B2A
:10E8BC001A8802B970471F4BC2F500621E481F49E7
:10E8CC0030B51B7883B01E4C00EB431001EBC32119
:10E8DC000123054623700023CDE90012FFF7FCFB52
:10E8EC00DDE900120A44BFF34F8F4FF0E023C3F869
:10E8FC00701F20318A42FAD8BFF34F8FBFF36F8F4E
:10E90C0004202946FFF700FC0A49002208480B782E
:10E91C0002800133DBB2042B28BF13460B70BFF30C
:10E92C004F8F074B1A7003B030BD00BF0468002036
:10E93C00EE67002001680020203C00208010202081
:10E94C00026800202E4B2DE9F0411E7886B1DFF8CD
:10E95C00C88098F800305BB90123F10788F80030C3
:10E96C0040D4B20727D4002388F80030730701D4B1
:10E97C00BDE8F081234B1A68002AF9D0EFF3058229
:10E98C00002AF5D1EFF3108572B61868002830D044
:10E99C001D4C217800292CD10122227042691A6069
:10E9AC00002A2AD0916105B962B6002583684577A3
:10E9BC0098472570DCE7154B1B78002BD3D0144FF0
:10E9CC00002557F8044F236820461B69984710B15F
:10E9DC0063699B6898470D4B01351A78EBB29A42E4
:10E9EC00EFD8C0E7FFF7C8FE0028BAD0AFF300801D
:10E9FC00B7E7002DBCD162B6BAE7064B1A60D2E776
:10EA0C0007680020BC650020F8670020F96700202B
:10EA1C00BC3A0020C8650020FA67002070B5EFF3FF
:10EA2C00108272B60C4C206880B10C4E00254369E4
:10EA3C00236073B19D6102B962B6836845779847CC
:10EA4C00EFF3108272B620680028F0D102B962B6DA
:10EA5C0070BD3360EFE700BFC4650020C0650020C7
:10EA6C00FFF7DCBF0449054A4968054B1960136878
:10EA7C0001331360704700BF001000E0D067002026
:10EA8C00CC670020074A506A936A19468446506A3C
:10EA9C00936A9942F9D18445F7D1DB0B43EA4040A4
:10EAAC00704700BF00400D4008B5D0E900325BB1A3
:10EABC00BAB10F4BA3FB0213DB0803EB4303B2EB1E
:10EACC0083030AD1012008BD094BA3FB0213DB0809
:10EADC0003EB4303B2EB830301D0D21A4260F02A5A
:10EAEC00F0D801F055F81C22034600201A6008BD2E
:10EAFC00ABAAAAAA30B583B060B3044621B11D46B7
:10EB0C00B2FA82F35B09A2B9206818B362680AB33F
:10EB1C00164B174902FB03F3B1EBB30F1AD3A368DF
:10EB2C00FBB9002323606360A360E360012003B0A2
:10EB3C0030BD0193069BC0E90012C360FFF7B4FF20
:10EB4C0060B1002DF2D0626801992068A56000F0D8
:10EB5C0039FFEBE701F01CF816230360002003B02B
:10EB6C0030BD002100F02EFFDBE700BFABAAAAAA44
:10EB7C00555555150A22002100F01ABD2DE9F04F0C
:10EB8C0001F10B02162A85B0804624D8102900F218
:10EB9C00AB8000F0C9FA022518211022B74C214491
:10EBAC00A1F108004E68864200F062817268F1683B
:10EBBC00B46822F003023244E1608C60516841F089
:10EBCC0001014046516000F0B5FA06F108042046F8
:10EBDC0005B0BDE8F08F32F0070200F1858091425C
:10EBEC0000F28280019200F09FFA019AB2F5FC7F4C
:10EBFC00C0F0BA81570A7FD0042F00F272819709B6
:10EC0C0007F139052BB207F1380CDB009B4C234480
:10EC1C00A3F108065B689E4207D10DE00028DF686F
:10EC2C0080F21381BE4207D03B46596821F00301A4
:10EC3C00881A0F28F2DD6546236991498B4200F052
:10EC4C00F1805E6826F00306B11A0F2900F391815A
:10EC5C008B480029C4E9040080F27981B6F5007F65
:10EC6C00676880F01981F10801310FFA81FC76098F
:10EC7C000121B14054F83C0098600F4304EBCC01E7
:10EC8C000839D960676044F83C30C360AB1001268A
:10EC9C009E40BE4236D83E4206D125F00305760092
:10ECAC003E4205F10405FAD004EBC50A04EBC50796
:10ECBC00A946F9680EE0486820F0030EAEEB020C92
:10ECCC00BCF10F0F0B46C96800F31881BCF1000FA3
:10ECDC0080F22D818F42EED109F1010919F0030F59
:10ECEC0007F10807E5D17FE10C23C8F800300024B8
:10ECFC00204605B0BDE8F08F4FF4007340254FF06F
:10ED0C003F0C83E7A768796821F0030393429A4686
:10ED1C0003D3991A0F2900F387805A495A4E096870
:10ED2C00103111440820CDE9011200F065FF019962
:10ED3C004B1E03444542834630681D40B0F1FF3FF3
:10ED4C0018BF29464046019100F0FAFE411C0546C9
:10ED5C00DDE9011200F02B8107EB0A0C844500F26F
:10ED6C0024814A4B186800EB01090BF1FF3EC3F8F4
:10ED7C00009000F08981306801301BBFA5EB0C0CB2
:10ED8C0009EB0C003560186015F00700814600F0A7
:10ED9C004881C0F108000544CDE901236B1803EA52
:10EDAC000E015844401A00EA0E06314640469B4676
:10EDBC0000F0C6FE421CDDE9012300F09581401BEA
:10EDCC00304440F001011868A56000EB0609A74229
:10EDDC006960C3F8009017D0BAF10F0F40F25E8152
:10EDEC00AAF10C0121F0070C796801F0010141EA4C
:10EDFC000C017960052607EB0C01BCF10F0FC1E982
:10EE0C00016600F263816968214B1E684E4538BF6C
:10EE1C00C3F800901F4B1E684E4501D2C3F80090FA
:10EE2C002F46C6E0676831E7BD1841F0010142F09A
:10EE3C0001027A604046A560696000F07BF907F139
:10EE4C000804204605B0BDE8F08F9A680193194478
:10EE5C00D760BA604A6842F0010240464A6000F04E
:10EE6C0069F9019B03F10804204605B0BDE8F08F59
:10EE7C00CE68B1427FF49AAE0235DDE6100E00206A
:10EE8C00180E00200466002058170020D4650020BE
:10EE9C00FC65002000660020B6F5206F4FEA562076
:10EEAC007CD3142800F2D38000F15C0109B25B30F2
:10EEBC00C90004EB010C6158ACF1080C8C4503D172
:10EECC00A8E089688C4504D0486820F00300B04263
:10EEDC00F7D8D1F80CC0C3E9021CCCF80830CB60D1
:10EEEC00D4E6142F72D9542F00F2BA80170B07F105
:10EEFC006F052BB207F16E0CDB0087E69D1842F014
:10EF0C0001025A609E68864AF1608E60C4E904551D
:10EF1C00C5E902224CF001026A60404643F80EC07B
:10EF2C00019300F007F9019B03F10804E0E69E440D
:10EF3C001C46DEF8043043F00103CEF8043054F8DC
:10EF4C00083F4046D9608B6000F0F4F8D0E61E44D0
:10EF5C0040467268019342F00102726000F0EAF8D8
:10EF6C00019B03F10804C3E6D508691C09B2C9006A
:10EF7C0014E69D1842F001025A60694A0193C4E9F3
:10EF8C000455C5E9022241F001026A6040469951DC
:10EF9C0000F0D0F8019B03F10804A9E6B00900F1D8
:10EFAC00390109B23830C90083E7A74263D0A7689A
:10EFBC00796821F003009042A0EB020102D30F29E3
:10EFCC003FF732AF404600F0B5F890E607F15C052C
:10EFDC002BB207F15B0CDB0018E6514651F80839EF
:10EFEC008B428A4640F09A8015F0030F05F1FF35ED
:10EFFC00F3D1636823EA0603636076009E423FF612
:10F00C0081AE1EB97EE6760009F104091E42FAD0E3
:10F01C004D4649E68010012606FA00F0074367606A
:10F02C0059E7CDE902236B1803EA0E01ABEB01069D
:10F03C0006EA0E0631464046019300F081FD431C62
:10F04C00019B04BF4E461846DDE90223B7E654285F
:10F05C0027D8300B00F16F0109B26E30C90028E7D8
:10F06C00B7F5AA7F27D8D70B07F178052BB207F194
:10F07C00770CDB00CAE52B4B186800EB01090BF190
:10F08C00FF3EC3F8009076E615EA0E0F7FF473AEE0
:10F09C00A568514441F001016960B5E601236B603C
:10F0AC0090E7B0F5AA7F25D8F00B00F1780109B2F2
:10F0BC007730C900FDE640F254539F4224D8930C9C
:10F0CC0003F17D0503F17C0CEB009FE507F10801D2
:10F0DC004046CDE9012300F06DFEA568029B6968EE
:10F0EC00D3F80090019A8FE6A9F108010BEB01000F
:10F0FC00002664E640F2545188420BD8B00C00F163
:10F10C007D01C9007C30D4E64FF47E737F254FF02F
:10F11C007E0C7BE54FF47E717E20CAE663686CE75B
:10F12C00180E0020D4650020014800F061BD00BF1E
:10F13C00CC650020014800F05DBD00BFCC6500200F
:10F14C00002900F09F802DE9F04383B00C4600921B
:10F15C008046FFF7E9FF009901F10B03162B60D8ED
:10F16C001023994260D854F804EC2EF003029A4212
:10F17C00A4F1080565DAB348806805EB020C60451C
:10F18C00DCF8046000F0908026F0010060444068D8
:10F19C00C0076CD426F00306901983424CDD1EF098
:10F1AC00010F0FD154F8080C281A0746406820F0BC
:10F1BC00030006441644B34240F3EF801618B342E2
:10F1CC0040F3C9804046CDE90023FFF7D7FCDDE9C9
:10F1DC0000230646002800F0178154F8041C21F087
:10F1EC0001012944A0F1080C614500F0AE80043AFD
:10F1FC00242A00F2CE80132A00F29C800346224679
:10F20C00116819605168596092689A6021464046AD
:10F21C0000F0D0FD4046FFF78DFF304603B0BDE84F
:10F22C00F08333F007039CD50C23C8F8003000267C
:10F23C00304603B0BDE8F0830246DCE90201C16050
:10F24C0088606968D01A0F2801F0010105EB0206ED
:10F25C001BD811436960736843F001037360404627
:10F26C00FFF768FF2646304603B0BDE8F0831EF07A
:10F27C00010FA7D154F8080C281A0746406820F053
:10F28C0003009BE71146FFF779BC19436960E91845
:10F29C0040F001004860736843F00103083173606B
:10F2AC00404600F087FDDAE726F00306B01803F1BC
:10F2BC00100C604580F28B801EF0010F82D154F847
:10F2CC00080C281A0746406820F003000644164430
:10F2DC00B445B1463FF772AF3E46F96856F8080F91
:10F2EC00043A242AC160886000F2A580132A40F2F7
:10F2FC00A0802168B9606168F9601B2A00F2A480C3
:10F30C00083407F110022168116061685160A1682E
:10F31C009160F918A9EB03024A4D42F00102A96071
:10F32C004A607A6802F00102134340467B60FFF7A3
:10F33C0001FF98E723680360636843601B2A3BD88E
:10F34C0004F1080200F108035AE750F8041C21F0FC
:10F35C0003010A4475E7043A3D46F96855F8080F6D
:10F36C00242AC160886020D8132A1CD92168B9606E
:10F37C006168F9601B2A3DD8083407F11002216836
:10F38C00116061685160A16891602C4632463D461F
:10F39C0057E7214600F084FA38E7DCE90201043A29
:10F3AC00C1608860D8E72A46E9E7214628460093E1
:10F3BC0000F076FA009BE8E7A3688360E368C3601B
:10F3CC00242A25D004F1100200F1100318E71D4A7D
:10F3DC001D449560C21A42F001026A6054F8042C74
:10F3EC0002F001021343404644F8043CFFF7A2FE2E
:10F3FC00264638E7A1683961E1687961242A10D082
:10F40C00103407F11802BAE74046FFF793FE0EE7F7
:10F41C00236903616169416104F1180200F1180369
:10F42C00EEE62269BA616269FA61183407F12002CA
:10F43C00A5E7324667E721463046009300F030FAE4
:10F44C00009B66E7100E0020A1683961E1687961C4
:10F45C00242A03D0103407F1180254E72269BA6148
:10F46C006269FA61183407F120024CE7242B2DE96C
:10F47C00F84F42D8012B884619463ED091464B4A4C
:10F48C0082461E46C64670461EF8017BD35D13F0BD
:10F49C000803F8D12D2F70D02B2F05BF9EF80070CC
:10F4AC009B469B4600F1020E6FF0004361BB302F70
:10F4BC004DD00A2631460022B3FBF6F4104606FB6B
:10F4CC00143505E03CD006FB00C001221EF8017B80
:10F4DC00A7F1300CBCF1090F06D9A7F1410CBCF116
:10F4EC00190F17D8A7F1370C61451CDD571CEDD04F
:10F4FC008442E7D24FF0FF32E8E700F049FB1623D5
:10F50C0003600020BDE8F88F1029D4D1302F27D00C
:10F51C000E46D0E7A7F1610CBCF1190F03D8A7F187
:10F52C00570C6145E2DC511C30D0BBF1000F0CD103
:10F53C00B9F1000FE6D0AABBC9F80080BDE8F88F7E
:10F54C006545C0DA4FF0FF32C0E74042F0E79EF865
:10F55C00002002F0DF02582A08D008263146AAE71C
:10F56C009EF8002002F0DF02582AD1D110269EF816
:10F57C00017031460EF1020E9DE79EF800704FF0BF
:10F58C00004300F1020E4FF0010B8FE72222CAF864
:10F59C000020B9F1000F07D00EF1FF381846C9F85A
:10F5AC000080CBE70346F7E71846ABE731050020B0
:10F5BC0000B5DFF818E084461346DEF800005DF86D
:10F5CC0004EB0A466146FFF751BF00BF6C170020E1
:10F5DC00024A0349034800F0C9B800BF6017002075
:10F5EC00AD090100181200200C4B4168994210B56E
:10F5FC00044601D003F052F9A168094B994202D09C
:10F60C00204603F04BF9E168064B994204D02046A2
:10F61C00BDE8104003F042B910BD00BF08660020E1
:10F62C0070660020D86600202DE9F843314A324C30
:10F63C003249DFF8DC90DFF8DC80314F11600025B7
:10F64C0004232946082204F15C00C4E903352D4E3D
:10F65C00A560C4E90055C4E90555656600F0B2F92A
:10F66C0004F15800C4E90749C4E90987E66200F0CF
:10F67C00BBFA2946244B6367082204F1C400C4E991
:10F68C001A55C4E91E552567C4F8CC50C4F88050EF
:10F69C0000F098F904F1680304F1C000C4F8843058
:10F6AC00C4E92298C4E9247600F09EFA174BC4F8FA
:10F6BC00DC30294604F596700822C4E93455C4E9B7
:10F6CC003855C4F8D850C4F83451C4F8E85000F098
:10F6DC0079F904F1D003C4E93D87C4F8F09004F53E
:10F6EC009470C4F8FC60C4F8EC30BDE8F84300F04A
:10F6FC007BBA00BF4067002008660020E1D60000FE
:10F70C0085D90000A9D900000900010012000200EF
:10F71C0021D9000045D9000010B504460A4800F074
:10F72C0067FA636B23B9094B094A1B68626323B1FF
:10F73C00BDE81040044800F05DBAFFF775FFBDE866
:10F74C001040014800F056BAD065002040670020F8
:10F75C00F9D60000014800F04BBA00BFD06500207C
:10F76C00014800F047BA00BFD06500202DE9F843EE
:10F77C000746884616464FF000097568013D11D4BE
:10F78C00B468A389012B08D9B4F90E300133214692
:10F79C00384602D0C04749EA0009013D6B1C04F110
:10F7AC006804EED13668002EE7D14846BDE8F883F0
:10F7BC000CB430B5144B0D1E1C689DB01FDB14BF70
:10F7CC0001220022AA1A114B0593002121AB1B9197
:10F7DC00029006900492079202A9209A0193204667
:10F7EC0001F00EF8431CBCBF8B23236015B1029BA8
:10F7FC0000221A701DB0BDE8304002B070478B2358
:10F80C0023604FF0FF30F5E76C1700200802FFFF74
:10F81C0010B50C46B1F90E1000F07CF9002803DB92
:10F82C00236D0344236510BDA38923F48053A38166
:10F83C0010BD00BF2DE9F0411F46B1F90C30164642
:10F84C00DA050C4605460BD423F48053A381B4F996
:10F85C000E103B4632462846BDE8F04100F082B916
:10F86C000223B1F90E10002200F03EF9B4F90C306D
:10F87C00EAE700BF10B50C46B1F90E1000F034F9F0
:10F88C00B4F90C30421C0EBF23F4805343F4805364
:10F89C002065A38110BD00BFB1F90E1000F012B9A4
:10F8AC00884270B531D98B1883422ED9032A00EBCC
:10F8BC0002011DD941EA030C1CF0030F1D4618D19F
:10F8CC004FEA920C0CF1FF36A1EB8C048C4653F8EA
:10F8DC0004ED4CF804EDA445F9D1C6EB867301EBAD
:10F8EC00830105EB830CACF10403043902F0030231
:10F8FC0052B102F1FF3C6FEA0C0C9C4413F8012D41
:10F90C0001F8012D6345F9D170BD032A50D941EAA4
:10F91C0000039B074ED10F2A51D922F00F0301F19E
:10F92C00100601F1100C103B203100F1100E19449F
:10F93C005CF8104C4EF8104C5CF80C4C4EF80C4C1F
:10F94C005CF8084C4EF8084C5CF8044C4EF8044C2F
:10F95C000CF1100C8C450EF1100EE9D1F11812F0CF
:10F96C000C0F034402F00F0503F1100325D025F012
:10F97C00030CACF1040426461A1F1C198C465CF8C7
:10F98C0004EB42F804EFA242F9D1043104333144C0
:10F99C00334405F00302002AB6D0013A0132013B90
:10F9AC000A4411F801CB03F801CF9142F9D170BD93
:10F9BC000346F0E7013A0346F0E72A46EBE7034635
:10F9CC001546D4E730B584078646034606D0A2B365
:10F9DC0003F8011B980702F1FF32F8D1032A26D94C
:10F9EC005FFA81FC0CEB0C2C0F2A0CEB0C402AD987
:10F9FC0022F00F0C9C44C3E90000C3E90200103351
:10FA0C006345F8D112F00C0F02F00F0417D04FEA37
:10FA1C00940C0CF1FF351A4603EB8C0C42F8040BDA
:10FA2C006245FBD1043304F0030203EB850322B1DE
:10FA3C001A4403F8011B9A42FBD1704630BD224692
:10FA4C00002AF5D1F9E71446E1E700BF10B50446EA
:10FA5C000843830701D1032A19D8A44601F1FF3EBC
:10FA6C0007E01EF8011F03F8011B501E31B19C4624
:10FA7C0002466346002AF4D1204610BD9444002867
:10FA8C00FAD003F8011B6345FBD1204610BD0B4691
:10FA9C00A44618681946A0F1013323EA000313F0B9
:10FAAC00803F01F10403D9D1043A032A4CF8040B2A
:10FABC00EFD81946D2E700BF014B93F810027047FC
:10FACC000415002038B5074C002305460846236072
:10FADC00FDF778FE431C00D038BD2368002BFBD00B
:10FAEC002B6038BD5467002038B58C46084C114645
:10FAFC0005461A46604600232360FDF76FFE431C43
:10FB0C0000D038BD2368002BFBD02B6038BD00BF64
:10FB1C005467002038B58C46084C114605461A46E9
:10FB2C00604600232360FDF74BFE431C00D038BD1C
:10FB3C002368002BFBD02B6038BD00BF546700201E
:10FB4C0038B5074C0023054608462360FDF720FE18
:10FB5C00431C00D038BD2368002BFBD02B6038BD74
:10FB6C005467002038B58C46084C114605461A4699
:10FB7C00604600232360FDF78FF9431C00D038BD8D
:10FB8C002368002BFBD02B6038BD00BF54670020CE
:10FB9C00014B1868704700BF6C17002070B50E4EF3
:10FBAC000E4DAE4208D0761BB610002455F8043B1F
:10FBBC0001349847A642F9D8094E0A4D05F078FD54
:10FBCC00AE4208D0761BB610002455F8043B013425
:10FBDC009847A642F9D870BDF01D0060F01D00607A
:10FBEC00F41D0060F01D0060704700BF704700BF3F
:10FBFC00704700BF704700BF082802D14FF48050F7
:10FC0C00704708B5FFF7C4FF162303604FF0FF30B1
:10FC1C0008BD00BF00000000000000000000000054
:10FC2C0000000000000000000000000000000000C8
:10FC3C0030B490F800F020F007016FF0000C10F0D9
:10FC4C00070491F820F040F048804FF000046FF06A
:10FC5C000700D1E9002391F840F000F1080082FA86
:10FC6C004CF2A4FA8CF283FA4CF3A2FA8CF34BBB51
:10FC7C00D1E9022382FA4CF200F10800A4FA8CF2CA
:10FC8C0083FA4CF3A2FA8CF3E3B9D1E9042382FA98
:10FC9C004CF200F10800A4FA8CF283FA4CF3A2FAAD
:10FCAC008CF37BB9D1E9062301F1200182FA4CF2E5
:10FCBC0000F10800A4FA8CF283FA4CF3A2FA8CF34C
:10FCCC00002BC6D0002A04BF04301A4612BAB2FA6E
:10FCDC0082F200EBD20030BC7047D1E9002304F073
:10FCEC000305C4F100004FEAC50514F0040F91F8A8
:10FCFC0040F00CFA05F562EA05021CBF63EA050345
:10FD0C0062464FF00004AAE7F8B5064608200C46F8
:10FD1C00FFF772FF07463046FFF706FA224A936850
:10FD2C005D6825F00305A5F111031C1B3C44B4FBD5
:10FD3C00F7F4013C07FB04F4A74208DC0021304631
:10FD4C00FFF7FEFE184A93682B44984204D03046C5
:10FD5C00FFF7F0F90020F8BD61423046FFF7F0FEE6
:10FD6C000130114A0DD0114993682D1B45F0010546
:10FD7C005D600B6830461B1B0B60FFF7DBF9012045
:10FD8C00F8BD00213046FFF7DBFE074A9268831A64
:10FD9C000F2BDCDD43F001035360054B03491B685B
:10FDAC00C01A0860D3E700BF100E0020D4650020F5
:10FDBC0058170020002965D02DE9F0410C46074664
:10FDCC00FFF7B2F954F804EC7D49A4F1080C2EF0BD
:10FDDC0001030CEB03028D685068954220F0030080
:10FDEC000EF0010600F08B80151850606D6805F060
:10FDFC000105A846AEBB54F8084CACEB040C2344EC
:10FE0C00DCF8084001F1080E74456BD0DCF80C509E
:10FE1C00E560AC60B8F1000F00F08C8043F001009D
:10FE2C00CCF804001360B3F5007F35D2DA084868CB
:10FE3C005C090132012312B2A34003434B6051F819
:10FE4C003200CCF8080001EBC203083BCCF80C30B4
:10FE5C0041F832C0C0F80CC03846BDE8F041FFF79D
:10FE6C0069B985B9034401F1080E9068704543F0F7
:10FE7C0001047AD0D268C2609060CCF804404CF88F
:10FE8C000330D0E770474EF00102B3F5007F44F821
:10FE9C00042C4CF80330C9D3B3F5206F4FEA532030
:10FEAC004AD2980900F1390212B200F13804D2009A
:10FEBC0088188A580838904203D15FE092689042C3
:10FECC0004D0516821F003019942F7D8D068CCE9ED
:10FEDC000220C0F808C03846C2F80CC0BDE8F0419A
:10FEEC00FFF728B9A5BB1844D2E90223D3609A6066
:10FEFC0040F00103CCF804304CF80000ACE7184497
:10FF0C0046B954F8083CACEB030C1844DCE902236A
:10FF1C00D3609A6040F00103CCF80430294BC1F84F
:10FF2C0008C01B68834297D8274B38461968FFF7DF
:10FF3C00EBFE91E7034498E714280FD9542824D8F2
:10FF4C00180B00F16F0212B200F16E04D200AFE791
:10FF5C0043F00101CCF8041013607DE700F15C0262
:10FF6C0012B200F15B04D200A2E7C1E904CCCCE9E7
:10FF7C0002EECCF804404CF803306DE7A4100123DA
:10FF8C00A3404C6823434B60A1E7B0F5AA7F07D888
:10FF9C00D80B00F1780212B200F17704D20087E797
:10FFAC0040F25452904206D8980C00F17D0200F1B8
:10FFBC007C04D2007CE74FF47E727E2478E700BF8D
:10FFCC00100E00205C1700200466002082B049B19E
:10FFDC005AB16BB113780B601278101E18BF012048
:10FFEC0002B0704701A9002AF3D1104602B0704745
:04FFFC006FF00100A1
:02000004600199
:10000000F4E700BF30B5436C83B005460C4653B1EE
:1000100053F8240088B1026843F824200023C0E983
:10002000033303B030BD2122042102F02BFE03462E
:1000300068640028ECD10020F3E7012101FA04F301
:100040005A1D92002846019302F01CFE0028F2D0AF
:10005000019B44608360E1E731B1436C4A6853F827
:100060002200086043F82210704700BF2DE9F041DC
:100070000E6917460D461C4601F114024FF0000EA2
:1000800011688BB207FB03434FEA134C090C07FBC3
:1000900001CC0EF1010E9BB203EB0C43764542F806
:1000A000043B4FEA1C44EBDC3CB1AB68B34207DDD8
:1000B00005EB860301365C612E612846BDE8F081C0
:1000C000696801318046FFF79DFF0746B0B12A6994
:1000D000023205F10C0192000C30FDF719F9D8F845
:1000E00044306A6853F82210296043F822503D4694
:1000F00005EB860301365C612E61DEE7024B0348A7
:100100003A46BA2102F09EFD080C00201C0C00208B
:10011000B0F5803F034636BF030400201020B3F142
:10012000807F3CBF1B020830B3F1805F06D3B3F180
:10013000804F0FD29A0012D4033070471A01B2F1E7
:10014000804F00F1040006D29B0108D45B00F3D479
:10015000202070471A46002AFBDB0130704702302E
:10016000704700BF0368590708D0DA071FD4990702
:100170002AD55B0803600122104670479AB282B903
:100180001B0CDAB2B2B11022190701D104321B09DB
:10019000990714D0D90701D401325B0803601046D7
:1001A0007047DAB24AB11A0717D10422EFE70022EA
:1001B0001046704718221B0AE6E70822FBE759079A
:1001C00007D502329B08E9E79B080222036010462C
:1001D0007047DB0804D12022CEE7DB080322DDE7ED
:1001E0000332DBE738B5436C04460D464BB1586823
:1001F000B0B102685A6000220123C0E903234561BF
:1002000038BD2122042102F03DFD03466064002830
:10021000EDD1094B0948002240F2451102F012FDD0
:100220001C220121204602F02DFD0028F1D00122E0
:100230000223C0E90123DEE7080C00201C0C00208B
:100240002DE9F04F0F691569AF4285B00E46904613
:1002500005DB2A4643463D46884617461E46D8F8E3
:100260000830D8F80410EC19A342B8BF0131FFF7E9
:10027000C9FE8446002800F09C80143000EB840EF8
:10028000704505D20346002143F8041B9E45FBD868
:10029000143606EB870296427CD208F1140707EB6E
:1002A0008505A5EB080308F11508A845A3F115037A
:1002B000CDE902E44FEA930A8CBF00240124914661
:1002C000E34605E0090C34D1B14500F104005ED9E4
:1002D00056F8041B8AB2002AF4D0CDE90090B84643
:1002E0008646002358F8041BDEF800001FFA81F947
:1002F0004FEA114C81B202FB0911000C194402FBB8
:100300000C0000EB114089B241EA004145454EF82E
:10031000041B4FEA1043E5D8DDE90090002C4FEABA
:100320008A0208BF00220244536056F8041C090CDC
:10033000CAD00368CDF800908846BC4686460022A5
:100340001946BCF8009008FB092909EB11499BB23A
:1003500043EA09434EF8043B5CF8043BDEF8001026
:100360001B0C8AB208FB032303EB194365454FEAD4
:100370001342E6D8002C4FEA8A02DDF8009008BF4D
:1003800000220244B145536000F10400A0D8DDE929
:1003900002E4DC46002C02DC05E0013C03D05EF800
:1003A000043D002BF9D06046CCF8104005B0BDE804
:1003B000F08F034B034862464FF4B17102F042FCE8
:1003C000080C00201C0C0020F8B512F003031446A2
:1003D00007462FD10E46A4102AD03D6C002D32D0F6
:1003E00004F0010364103BB92868B8B1054604F075
:1003F00001036410002BF7D02A4631463846FFF738
:100400001FFF36B17B6C716853F82120326043F8CE
:10041000216074B1064628680028E7D12A4629469B
:100420003846FFF70DFF0023286003600546DEE72E
:100430003046F8BD013B0F4A52F823200023FFF756
:1004400015FE0646C7E701213846FFF7DBFD0546E6
:1004500040B1012340F27122C0E904320023386424
:100460000360BDE7044B05482A4640F2451102F0FF
:10047000E9FB00BFC4090020080C00201C0C002070
:100480002DE9F0470D4691462E69AB68496806EBA9
:100490006216741C9C4207464FEA621804DD5B003A
:1004A0009C4201F10101FADC3846FFF7ABFD8446BE
:1004B00000284FD0B8F1000F00F114000BDD08F157
:1004C00005010CEB81010346002243F8042B8B420B
:1004D000FBD100EB8800296905F1140319F01F080E
:1004E00003EB810E2ED0C8F1200902464FF0000A1E
:1004F000196801FA08F141EA0A0142F8041B53F8AD
:10050000041B9E4521FA09FAF2D8AEEB0503153B10
:1005100023F0030305F11502964538BF0023043389
:1005200040F803A0BAF1000F00D134467B6C6A6832
:10053000CCF8104053F822102960604643F822504E
:10054000BDE8F087043853F8042B40F8042F9E458B
:10055000F9D8EAE7034B044862464FF4EF7102F022
:1005600071FB00BF080C00201C0C002003690A6905
:1005700000B5B3EB020E12D100F1140C14310CEBE8
:10058000820301EB820101E09C4508D253F8040D7F
:1005900051F8042D9042F7D003D24FF0FF3E704641
:1005A00000BD4FF0010E704600BD00BF2DE9F04FB9
:1005B00017460A693B69A2EB0308B8F1000F83B044
:1005C0000C4615D1143107F1140505EB830501EB39
:1005D000830302E0994280F0858053F8046D55F85A
:1005E000042D9642F6D080F08A804FF0010805E095
:1005F000FBDB3B464FF000080F461C467968FFF7CF
:1006000001FD002800F086803A692669C0F80C8058
:1006100007F1100107F11408834600F1140704F1F3
:10062000140008EB820E944600EB86060023B946C0
:10063000C2460A46019450F8041B52F8045F8CB27B
:100640001FFA85F8A8EB0408090C9844C1EB154182
:1006500001EB28411FFA88F848EA0144864249F82C
:10066000044B4FEA2143E6D8A146019C301B1538C4
:10067000153420F00300A64238BF00200AEB000129
:100680000431C4198E4562460846DC4698BF2346AD
:100690001AD9A7EB0A070434C61950F8045B13FAF9
:1006A00085F82B442D0C05EB28459BB243EA054900
:1006B0008645C6F800904FEA2543EDD80EF1FF338A
:1006C0005B1A23F003032344B9F1000F04D153F85C
:1006D000041D013A0029FAD06046CCF8102003B07E
:1006E000BDE8F08F0021FFF78DFC844658B1012250
:1006F0000023C0E90423604603B0BDE8F08F3B4609
:1007000027461C467AE7074B0748624640F23721E6
:1007100002F098FA0246034B034840F2452102F0EA
:1007200091FA00BF080C00201C0C00202DE9F043BA
:10073000894683B0012157EC106B9046FFF762FCAD
:100740000446002846D0C7F30A55C7F313030DB17A
:1007500043F480130193331E15D101A8FFF702FD66
:10076000019B636101212030216115B3A5F233455E
:100770000544C0F13500C9F80050C8F80000204613
:1007800003B0BDE8F08368460093FFF7EBFCDDE9BA
:10079000002328B1C0F1200103FA01F10A43C3404C
:1007A000002B0CBF012102216261A3612161002D98
:1007B000DCD104EB8103A0F23240C9F800001869D3
:1007C000FFF7A6FCC0EB4110C8F80000204603B0BC
:1007D000BDE8F083034B0448224640F20F3102F09B
:1007E00031FA00BF080C00201C0C002049B1FF2A80
:1007F00002D80A70012070478A2303604FF0FF304F
:1008000070470846704700BF000000002DE9F04F18
:100810002DED028BD1B00C4607919046099382468C
:1008200002F076F9036811931846FFF707FA0822D9
:100830001090002120A8FFF7CBF8A389180603D554
:100840002369002B01F06E8000239FED728BCDE9B0
:100850002533CDE9143327AA0D932492174612931A
:100860001393059345462C466C4BD3F8CC61FFF7A8
:1008700029F920AA034600921AA922465046B047F9
:10088000002800F09880C0F28E801A9A252A03462C
:1008900001D01C44E8E7B4EB0508064640F08F8021
:1008A00000234FF0FF328DF85F309B4606930134F2
:1008B0002378049201349946A9F120035A2B00F2BF
:1008C000AF80DFE813F0FE02AD00AD00FA02AD002C
:1008D000AD00AD00DD02AD00AD00A802B702AD0075
:1008E000B302C002AD00BC025B005B005B005B00BA
:1008F0005B005B005B005B005B00AD00AD00AD002A
:10090000AD00AD00AD00AD002101AD009C01AC0318
:10091000210121012101AD00AD00AD00AD00A80312
:10092000AD00AD000803AD00AD00AD007302AD0039
:100930006103AD00AD009807AD00AD00AD00AD00A6
:10094000AD00AD00AD00AD002101AD009C018701FF
:10095000210121012101ED0387016C00AD00080494
:10096000AD00F8033D0413046C00AD0073026A008F
:100970008303AD00AD00FB07AD006A00A9F13003B1
:10098000002214F8019B02EB820203EB4202A9F160
:100990003003092BF5D906928EE723788AE723786E
:1009A0004BF0200B86E70822002120A8FFF710F863
:1009B00001231C4458E7B4EB0508064610D02599DE
:1009C000269B013143440729C7E900582693259106
:1009D00017DC0837059B43440593002E7FF460AF76
:1009E000269B002B41F00383079B9B8903F0400368
:1009F000002B41F0CF86059851B0BDEC028BBDE8CD
:100A0000F08F079924AA504601F022FF0028EBD16D
:100A100027AFDFE700000000000000000415002001
:100A2000B9F1000FDCD00023CDE90B3301228DF8A2
:100A3000DC908DF85F3008930A9204930E9337ADE3
:100A40000292269A1BF08403904600F005819DF8DF
:100A50005F1009B3DDF894C000260CF101010120FC
:100A60000132786007290DF15F00CDE92512386069
:100A700000F33E8408377EB1DDF894C00CF101012B
:100A800018A80232386007294FF00200CDE925127C
:100A9000786000F320840837802B00F06583049B86
:100AA0000A995E1A002E00F3E8801BF4807F40F064
:100AB00021810A9B7B601A44259B3D600133072BF3
:100AC0002692259300F3BC8308371BF0040F05D052
:100AD000069B02995D1A002D00F31884DDE90531AB
:100AE00002988142ACBF5B181B180593002A40F0A6
:100AF000778300232593089B1BB108995046FFF785
:100B00005FF927AF2546AEE6099B073323F00703BD
:100B1000B3EC028B9FEDA17BB0EEC86BB4EE476BDC
:100B2000F1EE10FA099300F33986B4EE488BF1EE3A
:100B300010FA81F14685B9F1610F01F07A83B9F1BC
:100B4000410F01F07084049B013301F07F82B9F101
:100B5000670F18EE903A4BF4807801F0F584B9F104
:100B6000470F01F0F1840023089318EE903A002B10
:100B7000C1F20885B0EE487B0026A9F14103252B80
:100B800001F2DD81DFE813F0A50CDB09DB09DB09ED
:100B9000700ADD0ADB09DB09DB09DB09DB09DB099C
:100BA000DB09DB09DB09DB09DB09DB09DB09DB0925
:100BB000DB09DB09DB09DB09DB09DB09DB09DB0915
:100BC000DB09DB09DB09DB09A50CDB09DB09DB0938
:100BD000700ADD0A1BF0200F40F0DE85099A1BF039
:100BE000100F52F8046B41F01C861BF0400F099265
:100BF00001F08E8046F3C038434636B21FE2B9F1A9
:100C0000430F03D01BF0100F00F06586082200216F
:100C100022A8FEF7DDFE099A37AD126822AB2946FD
:100C2000504603F015F80A90013001F0AE850A9B9A
:100C300023EAE3730293099B269A04330993002362
:100C4000CDE90B338DF85F30089304930E931BF0BE
:100C5000840390467FF4FBAE0699029E8E1B002E05
:100C600000F321849DF85F1000297FF4F3AE049B0C
:100C70000A995E1A002E7FF718AF4A49259B0F91FB
:100C8000102E27DD39464FF0100837462E462546F0
:100C9000079C04E0103F102F01F1080116DD01331D
:100CA00040481032072BC1E90008CDE92532F1DDBB
:100CB00024AA2146504601F0CBFD002840F098823E
:100CC000103F102FDDE9253227A9E8DC2C463546F8
:100CD0003E460F4601330F9939603244072BCDE968
:100CE00025327E6000F364841BF4807F07F10807DF
:100CF0003FF4DFAEB9F1650F40F3AC82B5EE408B47
:100D0000F1EE10FA40F05283259B274939600133F8
:100D100001320121072B26922593796000F37F870A
:100D20000837199B0D998B4280F2EB84109B119927
:100D30001A44C7E90013259B26920133072B2593FC
:100D400000F3D38508370D9B5D1E002D7FF7BDAEE8
:100D50001449259B0F91102D40F39787A146DDF88C
:100D60001C8010260C4604E00837103D102D40F37F
:100D70008B8701331032072BC7E90046CDE92532B6
:100D8000F2DD24AA4146504601F062FD002840F001
:100D90002F82DDE9253227AFE7E700BFFFFFFFFF26
:100DA000FFFFEF7FEC0D0020B80C0020DDF8248061
:100DB00058F8045B00238DF85F30002D00F0A1850A
:100DC000B9F1530F00F037871BF010030B9340F07D
:100DD0003287049B002BC1F2FC801A460B992846EF
:100DE00001F09CFE9DF85F300890002801F04884D7
:100DF000089A521B0A9222EAE27202920BB1013265
:100E000002920B9BCDF8248004930E930C930893CD
:100E10004FF0730915E6099B53F8042B0692002A3C
:100E200080F27584069A09935242069223784BF019
:100E3000040B3FE52B238DF85F3023783AE52378C8
:100E40004BF0800B36E5214611F8019BB9F12A0FD2
:100E500001F09084A9F13003092B98BF002201F220
:100E6000DD8211F8019B02EB820203EB4202A9F141
:100E70003003092BF5D942EAE27304930C461BE5D3
:100E8000504601F045FE436813931846FEF7D6FE20
:100E900015900646504601F03BFE82682378149276
:100EA000002E3FF407AD002A3FF404AD1278002A6B
:100EB0003FF400AD4BF4806BFCE423784BF0010B66
:100EC000F8E49DF85F202378002A7FF4F3AC202219
:100ED0008DF85F20EEE41BF0200F4BF0100000F0C7
:100EE0002884099B073323F007031A46596852F8F0
:100EF000083B099200228DF85F20049A002A18DB33
:100F000053EA010220F4906B15D1049A9AB910F0BB
:100F100001031A46029300F0738630238DF83F31A7
:100F2000049B0A92CDE90B330E9308930DF23F1503
:100F300087E520F4806B50AD03F00702DB0843EA3D
:100F40004173C908303253EA0106284605F8012DDD
:100F5000F2D11BF0010F00F01582302A00F012824E
:100F60003023049905F8013C023850AB1B1A994212
:100F70004FF00002B8BF1946CDE90B2208920A9340
:100F8000054602910E925CE51BF0200F4BF010011C
:100F900021D1099B1A1D099B04981B684FF000087A
:100FA00040458DF85F801E4659DB21F0800B002BF9
:100FB00040F08C850992002840F0E983CDE90B00D0
:100FC0000A900E900290089050AD3AE51BF0200F69
:100FD00000F0BE835946099B073323F00702002324
:100FE0008DF85F30049BD2F8048052F8086B0992A8
:100FF000002B35DB56EA080321F0800B31D1049B2E
:10100000002B40F0C483CDE90B330A930E93029377
:10101000089350AD15E523784BF0080B4AE41BF01C
:10102000200F4BF0100300F07A83099A073222F068
:1010300007029B46536852F8086B09929846002BAA
:10104000C0F2C282049A002A0BDB56EA08032BF096
:10105000800B06D1002A00F04187302607E0099274
:101060008B460A2E78F1000380F0BF823036049A56
:101070009DF85F308DF83F61012AB8BF01220292CE
:1010800001220A920DF23F15002B01F06D83029BA5
:10109000013302930023CDE90B3308930E93D0E480
:1010A0002378682B03BF63784BF4007B01344BF04B
:1010B000400BFFF7FFBB099A1BF0200F02F104035E
:1010C00000F08883126805991160C917516009936F
:1010D0002546FFF7C8BB23786C2B03BF63784BF022
:1010E000200B01344BF0100BFFF7E4BB099A049E70
:1010F00052F8041B002047F630038642ADF86030FA
:101100008DF85F000B46C0F2DB832BF0800545F0C5
:10111000020B002940F0D683002E00F0E6860992EB
:1011200030230122CDE90A210E918DF83F3102963C
:101130000DF23F154FF078098E4608910C91A5E30A
:101140001BF0200F40F02583099A1BF0100F52F876
:10115000043B41F05E831BF0400F00F0E9859BB239
:10116000099258460021C5E6069B02995E1A002E98
:101170007FF795AC8B49259B0F91102E24DD3846C7
:101180004FF010082F4619462546864C04E0103EC5
:10119000102E00F1080013DD013110320729C0E9DB
:1011A0000048CDE92512F2DD079924AA504601F046
:1011B0004FFBE8B9103E102EDDE9251227A8EBDC25
:1011C0002C460B463D46074601330F9939603244A1
:1011D000072BCDE925327E6000F3638508375EE496
:1011E000079924AA504601F033FB00283FF481AC54
:1011F000089B002B3FF4F8AB08995046FEF7E0FD42
:10120000079B9B8903F04003FFF7F2BB109B1199EA
:101210001A44C7E90013259B26920133072B259317
:1012200000F3068707F108010028C1F21E810D981E
:101230000D6001330244072BCDE92532486046DDBD
:10124000079924AA504601F003FB0028D0D1269A22
:1012500027AF3AE40D98259B012802F1010203F122
:10126000010307F1080140F364810120072BCDE958
:1012700025323D60786000F32C821098119E013376
:101280000244072BC1E90060CDE9253200F32D822D
:1012900008310D98B5EE408BF1EE10FA00F1FF36F3
:1012A00000F05F81013301353244072BCDE925324F
:1012B0000D604E6000F34981083112984860013397
:1012C0000244072B1CA8CDE925320860B8DC01F1E7
:1012D0000807FFF7FABB07990F9324AA504601F0BD
:1012E000B7FA002884D1269A0F9B27AFFFF7D4BB0B
:1012F00007990F9324AA504601F0AAFA00287FF418
:1013000077AF269A0F9B27AFFFF7B5BB102D259B14
:1013100041F3D580A046DDF81C90234C102604E054
:10132000103D102D07F1080715DD01331032072B92
:10133000C7E90046CDE92532F2DD24AA49465046E8
:1013400001F086FA00287FF453AF103D102DDDE93F
:10135000253227AFE9DC21464446884601332A443A
:10136000072BC7E90085CDE925327FF7B7AB079991
:1013700024AA504601F06CFA00287FF439AF269A6F
:10138000FFF7ACBB049950AA521B91424FF00003E7
:10139000B8BF1146CDE90B3308930A9202910E9320
:1013A000FFF74FBBEC0D00203406002019980028F1
:1013B00040F300840B9B0D998B42A8BF0B46002B7A
:1013C00098460ADD1A44C7E90053259B269201334B
:1013D000072B259300F3B48708370B9EB8F1000F55
:1013E000A8BFA6EB0806002E00F3AB820B9B1BF4F4
:1013F000806F03EB050940F0CA82199B0D998B425F
:1014000003DB1BF0010F00F07D85109911980A4451
:10141000C7E900012599269201310729259100F39A
:101420009B8708370D996E18A6EB0906CD1AAE42B8
:10143000A8BF2E46002E0BDD259BC7F80090013378
:101440003244072B7E602692259300F3D38708371A
:10145000002EA8BFAD1B002D7FF737ABB949259BE8
:101460000F91102D40F31184A146DDF81C80102649
:101470000C4604E00837103D102D40F3058401337D
:101480001032072BC7E90046CDE92532F2DD24AA48
:101490004146504601F0DCF900287FF4A9AEDDE9B1
:1014A000253227AFE7E72599102E404640F36187A4
:1014B0000F943A46A846079CA34D1F4604E0103EF1
:1014C000102E02F1080216DD013110301023072919
:1014D000CDE9251015605360F1DD24AA2146504660
:1014E00001F0B6F900287FF483AE103E102EDDE93E
:1014F000251027AAE8DC3B460F9C17462A4645469E
:10150000904601F1010C3218BCF1070FCDE925C25C
:10151000C7F800807E6000F336839DF85F100837BF
:10152000002940F0F880002B3FF4B9AA0B46FFF7E2
:10153000A5BA1BF0010F7FF498AE0120072BCDE96F
:1015400025323D6078607FF7B8AE079924AA5046EF
:1015500001F07EF900287FF44BAEDDE9253227A9A2
:10156000ABE60D9801287FF7A8AE112875480F90BB
:1015700040F3B783A046079F1025044604E00831D6
:10158000103E102E40F3AC8301331032072BC1E91B
:101590000045CDE92532F2DD24AA3946504601F056
:1015A00057F900287FF424AEDDE9253227A9E7E7C3
:1015B000079924AA504601F04BF900287FF418AE91
:1015C000269A27AFFFF771BA2D238DF85F30049B61
:1015D000764268EB4808002BFFF643AD0A2E78F1FF
:1015E00000032BF0800BFFF441AD0294CDF828905E
:1015F00050A9DDF8509008974FF0000C0BF4806470
:1016000026E016EB0803514843F10003A0FB03203A
:1016100020F0030202EB90029B1AF31A4B484FF0A2
:10162000CC32B646474602FB03F268F1000800FBE5
:101630000822A3FB0063BEF10A0F13444FEA5606CB
:1016400077F10007294646EAC3764FEA53082DD3BF
:101650003E4D16EB080343F10003A5FB032020F0E9
:10166000030202EB90029B1AF31AA3FB053268F106
:10167000000005FB00225B0843EAC27303EB83030F
:10168000A6EB430330330CF1010C01F8013C4D1E75
:10169000002CB6D099F800306345B2D1BCF1FF0FF1
:1016A000AFD00A2E78F1000380F0B3830499029C36
:1016B000CDF8509050AB5A1B9142B8BF1146DDF89F
:1016C0002890089F9DF85F30CDF834C00A920291AF
:1016D000DAE4079924AA504601F0BAF800287FF40A
:1016E00087ADDDE9253227A9C7E5079924AA504629
:1016F00001F0AEF800287FF47BADDDE9253227A9A3
:10170000C7E51BF0010F3FF4E0A9FFF70FBB0993FA
:101710002378FFF7CFB81E460023FFF79EB9099A3A
:101720000432099909920E684FEAE6789B464346CF
:1017300085E4099B1A1D099B09921B680021FFF78C
:10174000D9BB00BFEC0D002034060020CDCCCCCCA2
:10175000099A1BF0100052F8043B41F057801BF02F
:10176000400100F0A8818DF85F009BB204994FF012
:10177000000841451E46C0F2A9812BF0800B002BCA
:1017800040F0A481049B0992002B3FF43CAC00265E
:101790006CE45846FFF7A5BB5B4646E4B5EEC08B4C
:1017A000F1EE10FA2BF0800B00F11E839DF85F30F4
:1017B000B9F1470FCCBFA44DA44D002B40F0528788
:1017C0000322CDE90B3308930A9204930E930292FD
:1017D000FFF737B91BF0100F40F07C821BF0400F71
:1017E00040F0A7831BF4007F00F07482099A0599EA
:1017F000126811706BE4964E1BF0200F00F07D8193
:10180000099B073323F007031A46586852F8083B30
:1018100009921BF0010140F05C81049A8DF85F1081
:10182000002AC0F28B8153EA00022BF4906B00F087
:10183000948103F00F02B25C8DF83F211B0943EA4B
:101840000073020953EA10100DF23F150BD003F09C
:101850000F001B09305C05F8010D43EA0273120901
:1018600053EA0200F3D1049A50AB4FF0000E5B1B19
:101870009A42CDE90BEEB8BF1A460A930292CDF810
:1018800020E0CDF838E000293FF4DBA8029BDDE939
:1018900025C2023302931BF084039046614604D1B3
:1018A000069E0298361A002E06DCBEF1000F3FF4A9
:1018B000E5A80226FFF7D1B80223F5E5654E9BE7C0
:1018C0004BF0020B0992634E03F00F020221B25C4F
:1018D0004FF07809B0E7099B1B688DF8DC300123D5
:1018E00002930A9337ADFFF7A6B9079924AA504689
:1018F00000F0AEFF00287FF47BAC269A27AFFFF7FD
:1019000022BA049B0895062B28BF062302930A934C
:101910002B460495CDE90B334F4DCDF824800E9323
:10192000FFF78FB840215046FDF72EF9079B18604E
:101930001861002800F06087079A40235361FEF782
:1019400083BF102E259B40F32E874448DDF81C8072
:101950000F9039464FF01009074604E00831103E59
:10196000102E40F32B8201331032072BC1E900798E
:10197000CDE92532F2DD24AA4146504600F068FF49
:1019800000287FF435ACDDE9253227A9E7E70D9B78
:10199000DDF83880CDF83CB0EB1804930C9BDDF8F3
:1019A0001CB00B94002B4E463946DDF85090159F25
:1019B0000E9531DDB8F1000F40F32B8108F1FF38AF
:1019C0002598139B01303A440728C1E90037269235
:1019D000259000F39F800831049B99F800009D1B1F
:1019E0008542A8BF0546002D0CDD259801302A440C
:1019F0000728C1E900652692259000F35E8199F8D9
:101A000000000831002DACBF441B0446002C14DC40
:101A100006440C9B002BCDDCB8F1000FCEDCDDE9D9
:101A20000D35EB189E42CDF850900B9CDDF83CB084
:101A3000B1460F4628BF9946DFE4102C2598074B86
:101A40002BDD10250A9310E07C0C0020780C002080
:101A50009C0C0020880C0020B00C0020EC0D002015
:101A6000103C102C01F1080116DD0130AE4B103294
:101A70000728C1E90035CDE92502F1DD24AA594640
:101A8000504600F0E5FE00287FF4B2AB103C102C6D
:101A9000DDE9250227A9E8DC0A9B0B60013022441E
:101AA0000728CDE925024C6000F3588399F800001F
:101AB00008310644ADE71BF4007840F03282049907
:101AC0008DF85F8000291E46BFF657AE0992FFF7DA
:101AD000C8BA53EA000237D030228DF860200022C5
:101AE0008DF85F20049A8DF86190002A23DB2BF497
:101AF000906242F0020B02219BE6099A1BF0100F44
:101B000052F8043B099214D11BF0400F0DD09BB248
:101B100000207EE624AA5946504600F099FE00288F
:101B20007FF466AB269A27A956E71BF4007F40F0A6
:101B3000F58100206DE64BF0020B022103F00F024D
:101B40002BF4806BB25C77E6049B00218B428DF80E
:101B50005F10C0F241812BF4906B049A002A00F0D0
:101B6000CB80012A33788DF83F31B8BF01220023A2
:101B700002920122CDE90B3308930A920E930DF2E3
:101B80003F15FEF75EBF07990F9324AA504600F059
:101B90005FFE00287FF42CAB9DF85F10269A0F9B08
:101BA000002900F0AC801E46DDF894C0034627AF44
:101BB000FEF753BF259B5D49396001330132012196
:101BC000072B26922593796000F37C810837002843
:101BD0007FF41CAB0D990BF001030B433EF475AF82
:101BE000109B11991A44C7E90013259B26920133D3
:101BF000072B259300F31C8207F10801FFF717BBA1
:101C0000049B0A93CDE90B330E93089350ADFEF776
:101C100018BF0C9B013B09F1FF390C93D0E60799E3
:101C200024AA504600F014FE00287FF4E1AA269A68
:101C300027AFFFF776B80822002122A81B95FDF7F1
:101C4000C7FE049B002B7DDB00260294CDF820808C
:101C5000344698460EE037A9504601F0F9FF411C82
:101C6000204400F09484404509DC06F1040600F0AD
:101C7000008504461B9A925922AB002AEBD10A94A4
:101C8000DDF82080029C6AE04C4601330F993960F0
:101C90002A44072B7D60CDE925327EF715AFFFF78B
:101CA000CFBA079924AA504600F0D2FD00287FF44D
:101CB0009FAA269A27AFFEF7F2BE24AA594650469D
:101CC00000F0C6FD00287FF493AA99F80000269A38
:101CD00027A997E6099A059912681160FFF7F7B9E5
:101CE000444601330F9808603244072BCDE9253272
:101CF0004E607FF7E1AA28E4049BFFF784B9002B2C
:101D000000F00981DDF894C00B4627AFFEF7B6BEA0
:101D10001BF4007F16BF46F3C0184FEAE67876B290
:101D20004346FFF78CB900BFEC0D0020B80C002033
:101D30001BF4007100F0F980DBB2099258460021D3
:101D4000FFF7D8B822AB009300231BAA19465046D0
:101D500001F0A6FF0A90013000F019841B950A9B40
:101D6000002B00F09F80632B00F34C81002308932D
:101D700037AD0822002122A8FDF72AFE0A9E22ABD9
:101D800000931BAA33462946504601F089FF86423C
:101D900040F042850A9A0023AB5422EAE272029292
:101DA0009DF85F20049312B1029A01320292CDE9AC
:101DB0000B33CDF824800E93FEF743BE0F4601335C
:101DC0000F9939603244072BCDE925327E6000F34C
:101DD00023810837FFF70ABB33788DF83F312BF4A6
:101DE000806B0DF23F153EE52D238DF85F30B9F184
:101DF000470F4FF000030893049340F3E68003225B
:101E0000964D0A92CDE90B330E9304230293FEF70D
:101E100018BE159A1399AD1A2846FDF71DFE99F8BC
:101E200001300BB109F101098D4A16EB080343F1AA
:101E30000003A2FB030727F0030000EB97001B1A27
:101E4000F31A4FF0CC3168F1000803FB01F102FBFB
:101E50000811A3FB023001445B0843EAC1764FEA54
:101E6000510816EB080343F10003A2FB031020F016
:101E7000030101EB90015B1AF31AA3FB023168F135
:101E800000005B0802FB001243EAC27303EB83030A
:101E9000A6EB4303303305F8013C4FF0010C013D44
:101EA000FFF7F8BB9DF85F30CDF82480003B18BFEA
:101EB000012302930A9B0493CDE90B330E930893FD
:101EC000FEF7BFBD079924AA504600F0C1FC0028C8
:101ED0007FF48EA91998269A27AF78E69DF85F308F
:101EE00002920A9250ADFFF7CFB8049B0992CDE958
:101EF0000A330E930C93029350AD4FF078099E462F
:101F00000893C3E46E18A6EB0906CD1AAE42A8BF2B
:101F10002E46FFF79DBA27AFFEF7C1BDDBB200200A
:101F200077E48DF85F10DBB220E409925846FEF7A3
:101F3000E1BF099A059912681180FFF7C8B822AB72
:101F400001931BAB0093B0EE470B049A19AB02212F
:101F500050468DED027B00F065FF9DED027B05464E
:101F60001BF0010F40F05582229B5A1B199B0D92CA
:101F7000D81C0B93C0F2018204999942C0F20B81E4
:101F80009A4200F392820B9B0A931BF4806F03D05A
:101F90000B9B002B00F32D830A9B23EAE373C346BC
:101FA00002934FF0670900230E930C930BF002018C
:101FB000002E00F0CA804FF02D0E8DF85FE0029BDE
:101FC00001330293002304935DE40322254D0A921A
:101FD00018E72846FDF732FE9DF85F300A9020EAA8
:101FE000E0720292002B3EF40CAFFEF708BF079C94
:101FF00024AA2146504600F02BFCA38903F040039D
:10200000FEF7F6BC591C5046FCF7BEFD05460028FD
:1020100000F0F6830890ACE6079924AA504600F039
:1020200017FC00287FF4E4A8269A27AFFFF7DEB953
:10203000079924AA504600F00BFC00287FF4D8A88A
:10204000DDE92532199827A9FFF7EEB80023089398
:10205000062304934BF48078FEF787BD7C0C0020A8
:10206000CDCCCCCC780C0020049B01330D93022105
:1020700022AB01931BAB0093B0EE470B19AB0D9A4B
:1020800050468DED027B00F0CDFE0D9B29F0200C1B
:10209000BCF1460F9DED027B054600EB030100F00D
:1020A0009880B5EE407BF1EE10FA00F0D882229BCA
:1020B000994288BF4FF0450C40F2CF8230205A1C25
:1020C00022921870229B8B42F9D35B1B0D93BCF1BB
:1020D000470F199B0B9356D0BCF1460F00F08F8031
:1020E0000B9B8DF87090013B002B1993C0F24C8133
:1020F0002B22092B8DF8712000F34F8130228DF8AF
:1021000072200DF17302303302F8013B1CABD31A7D
:1021100012930D9B129A012B1A440A9240F34182AA
:102120000A9B109A13440A930A9A2BF4806343F48F
:10213000807B22EAE2720023CDE90B330E930292F8
:1021400034E7049B0D93032192E79DF85FE0BEF115
:10215000000F7FF434AF0496FFF795BB24AA5946CD
:10216000504600F075FB00287FF442A899F8000063
:10217000269A27A906444CE4199B0B934B1BBCF1F0
:10218000470F0D933BD10B9B0333C0F2F680049BAA
:102190000B9A93420FDA0B9B013BA9F10209002B2A
:1021A0008DF870901993A3DA0B9B2D22C3F10103D4
:1021B0008DF87120A2E70D9B0B9A934200F3758175
:1021C0001BF0010F0B9B00F0B282109A13440A938C
:1021D000DBE62B78302B00F06182199B1944B5EEB9
:1021E000407BF1EE10FAC7D0229B8B42FFF466AF22
:1021F0005B1B0D93BCF1470F199B0B93C3D00B993D
:10220000049A0BF00103002943EA020340F3CF8252
:10221000002B40F01A820B9B0A934FF066091BF4C7
:10222000806F40F0E8810A9B23EAE373C346029380
:10223000B9E647F63003ADF86030049B632B4BF0F2
:10224000020B00F35C8118EE903A002BC0F23B8148
:10225000B0EE480B19A800F0B1FCB4EE007B20EE04
:10226000077BB5EE407BF1EE10FA40F0408201238F
:102270000026199337AD0896AE480499B3EE004B8B
:102280002B4606E0B5EE407BF1EE10FA00F00F822F
:10229000114627EE047BFDEEC76B4A1E16EE90CA70
:1022A00010F80CE0B8EEE65B9C4637EE457B03F891
:1022B00001EB0029E6D1B6EE005BB4EEC57BF1EE92
:1022C00010FA08DCB4EE457BF1EE10FA1ED116EEE2
:1022D000902AD2071AD5CDF888C013F8011C90F8BF
:1022E0000FC08C451A460AD14FF0300E02F801ECAF
:1022F000229A511E229112F8011C6145F6D039290B
:1023000016BF0131817AC9B202F8011C199A5B1B10
:102310000D93B9F1610F02F1FF33199300F01F82A1
:1023200050214FF04109002B8DF87010C0F20E8241
:102330002B22092B8DF871202FDC0DF17202E2E6C1
:10234000079924AA504600F083FA00287EF450AF83
:10235000269A27AFFFF741B8079924AA504600F004
:1023600077FA00287EF444AF199B269A27AFFFF72F
:1023700059B8DFF8CC81FFF7C4B80B9BA9F102096B
:10238000013B8DF8709019930B9A2D238DF87130C5
:10239000C2F101030832BFF6B1AE0DF17F0CDFF8D8
:1023A000A4E162461046AEFB0312D20802EB8201A2
:1023B000A3EB41013031632B00F8011C134600F1FF
:1023C000FF32EFDC303302F8013C831E634580F0BE
:1023D000C8810DF1710213F8011B02F8011F63455A
:1023E000F9D103F5A0736B44CC3B1B1A1CAA9B1AB2
:1023F00012938EE6079924AA504600F029FA002885
:102400007EF4F6AE199D0D9B269A5D1B27AFFFF754
:102410001FB8049B4FF0470CE918E0E600230C4678
:102420000493FEF749BA45F63003ADF86030049BDB
:10243000632B4BF0020B62DC18EE903A002B42DB70
:10244000B0EE480B19A800F0B9FBB4EE007B20EE0B
:10245000077BB5EE407BF1EE10FA01D10123199311
:1024600000263548089637AD07E746421030334816
:102470000F9052DA1027804603E00831103E102EEC
:102480004BDD01331032072BC1E90087CDE925323E
:10249000F3DD079924AA504600F0DAF900287EF40B
:1024A000A7AEDDE9253227A9E8E70D9B109A9A1817
:1024B0000B9B0A92002B79DD4FF06709AFE6DFF83E
:1024C0008080FEF74BBF0023089337AD2D26B1EE79
:1024D000487BB0EE470B19A800F070FBB4EE007B10
:1024E00020EE077BB5EE407BF1EE10FA04BF01232E
:1024F0001993B9F1610F3FF4BFAE0F48BDE6049BDD
:102500005046591CFCF740FB0546002800F03D8171
:1025100008904BF48078FEF728BB01330F980860D1
:102520003244072BCDE925324E6000F30281083199
:10253000FEF77DBE880C00209C0C0020EC0D0020D6
:1025400034060020CDCCCCCC049A002A00F0D480F4
:10255000002BC0F22481B0EE487B002622AB019311
:102560001BAB0093B0EE470B19AB049A0221504607
:102570008DED027B00F056FC00239DED027B0546AD
:102580000893EDE42D26B1EE487BFEF7F6BA079BE3
:102590009B890022089243F04003079A9381FEF73B
:1025A00027BE1BF0010F3FF4BFADB9E5C3F1010336
:1025B0001A4422EAE273C3460A9202934FF0670973
:1025C000F1E418EE903A13F000432BF0800B0B93DC
:1025D00000F09A802D238DF85F30B9F1470F4FF04E
:1025E00000030893049340F3F8800322944D0A9269
:1025F00008E44FF0670914990B78FF2B00F0F8807E
:1026000000200B9A0E90844603E001300131FF2B2D
:1026100009D0934207DAD21A4B78002BF5D10B7808
:102620000CF1010CF3E7CDE90B201491CDF838C083
:102630000C9A0E9B159913440A9A01FB03230A93E3
:1026400023EAE373C3460293B0E4109B02EB010953
:102650004B440A934FF06609E1E55B1B0D93199B10
:102660000B933DE50023032208930A920493FFF79E
:10267000C9BB049B029CDDF820800A93FFF76FBB67
:10268000CDF824801BB3049B0A935A1C0292049039
:102690000E900C904FF07309FEF7D3B9B5EE407B66
:1026A000F1EE10FA1ED1199B0B93194466E5002A2E
:1026B0000491FFF62BAE0499302001EB030C194670
:1026C00001F8010B6145FBD11A44531C1EE6049B23
:1026D0000A930293089B0E930C9304934FF0730993
:1026E000FEF7AFB90D9BC3F10103199376E5002600
:1026F0005448089637ADC0E5934273DBB0EE487B93
:102700000123049E049329E79DF85F30B9F1470F38
:10271000CCBF4B4D4C4D002B40F0868003220493E0
:102720000A920E930C9308930292FEF78AB90A93C9
:102730002BE4079924AA504600F08AF800287EF47A
:1027400057ADDDE9253227A9FEF771BD2D238DF8A0
:102750007130C2F101030832FFF61FAEEDE57021C2
:10276000E1E502231293D4E4CDE90B3308930E93F1
:10277000FEF767B9099A63780C4652F8041B099270
:1027800041EAE1710491FEF795B8079A938943F005
:10279000400393814FF0FF330593FEF72CB92D26AC
:1027A000B1EE487BDAE629490F91FFF708BBC34633
:1027B00033B9012302934FF066090A93FFF7F3BB85
:1027C000109B03F10109049B4B440A9323EAE37332
:1027D00002934FF06609FFF7E6BB03221A4D0A92F7
:1027E000FFF710BB01232D260493B1EE487BB5E61D
:1027F00000230E930C931BE70C23CAF80030C9E7A3
:10280000079B08909B8943F04003C6E65946FEF7B4
:10281000C2BB5846FEF78FBF079B9B8943F040031E
:10282000BBE65B46FEF77DBF002304930E930C933B
:10283000089303230A9304230293FEF702B900BF0F
:10284000840C0020880C0020800C0020EC0D00205F
:102850002DE9F0411546926802B32C680746884678
:10286000083401E00834C9B16B68581E002B1146CA
:10287000686013DD54F8046C002EF3D0334654F82E
:10288000082C4146384602F0A1FB431C07D0AA6839
:10289000921B1146AA6008340029E5D100200023CC
:1028A000C5E90133BDE8F08170B5002941D0064685
:1028B0000C4610B1436B002B3ED0FCF751FF636E0A
:1028C000B4F90C20DD0730D4900538D521463046C8
:1028D00000F04CF8E36A054633B1E16930469847A9
:1028E0000028B8BF4FF0FF35A3891A0639D4216BF1
:1028F00041B104F14003994202D03046FDF760FA3D
:1029000000232363616C21B13046FDF759FA00239F
:102910006364636E0022DB07A2811ED5A06DFDF704
:102920006BF9FCF723FF284670BD002ACED1FCF7D7
:102930001DFF0025284670BDFCF7F4FEBDE7A06D25
:10294000FDF75CF9B4F90C30002BBFD1636ED907E9
:10295000EDD4A06DFDF754F9E9E7A06DFDF750F94E
:10296000DCE721693046FDF72BFAC0E7B1F90C200E
:102970002DE9F041804610070C4650D4496842F4D6
:1029800000630029A38164DDA66A002E44D00021E3
:1029900012F48052D8F80050C8F8001065D1E169EF
:1029A00001234046B047411C02466CD0B4F90C30BC
:1029B000A66A5B0705D56368D21A236B0BB1E36B7C
:1029C000D21A0023E1694046B047471CB4F90C30E5
:1029D0004DD1D8F800101D2940D8304ACA40D6073A
:1029E0003CD52269226023F40062A281D9044FF011
:1029F0000002626003D5D8F80030002B41D0216B73
:102A0000C8F8005041B104F14003994202D0404659
:102A1000FDF7D6F9002323630020BDE8F0810E699D
:102A2000002EF9D00D680E6092070CBF4B69002391
:102A3000AD1B8B600AE02B463246E169676A40466F
:102A4000B8470028A5EB0005064406DD002DF2DCA2
:102A5000E2E7E16B002997DCDEE7A38943F040035E
:102A6000A3814FF0FF30BDE8F081226DA1E722691C
:102A7000226023F40062A281DB044FF00002626056
:102A8000BDD52065BBE7D8F80030002B8ED01D2BBC
:102A900001D0162BE1D1C8F80050BDE7010040205D
:102AA00000B5034683B008B1426B52B3B1F90C00D4
:102AB00098B14A6ED20701D4820512D5184600910A
:102AC000FFF754FF00994A6E0346D00702D48A8963
:102AD00092050ED5184603B000BD0346184603B054
:102AE00000BD886D01930091FDF788F8DDE90013C2
:102AF000E4E7886D0093FDF783F8009B184603B068
:102B000000BDCDE90001FCF70DFEDDE90031CDE7A8
:102B100000487047DC1600200000000001F0FF01B3
:102B2000102A2BDB10F0070F08D010F8013B013AF8
:102B30008B422DD010F0070F42B3F6D1F0B441EA2A
:102B4000012141EA014122F007047FF00007002340
:102B5000F0E80256083C85EA010586EA010685FA96
:102B600047F5A3FA87F586FA47F6A5FA87F68EB9F0
:102B7000EED1F0BC01F0FF0102F0070232B110F813
:102B8000013B013A83EA010313B1F8D100207047F9
:102B900001387047002D06BF35460338073815F059
:102BA000010F07D1013015F4807F02BF013015F409
:102BB000C03F0130F0BC0138704700BF4DF804BD84
:102BC00083B08DED000B019ADFF870C022F0004356
:102BD00000216345016025D8DDF800C053EA0C0CE4
:102BE00020D0DFF85CC002EA0C0CBCF1000F0AD167
:102BF0009FED107B20EE077B8DED007B019A6FF03F
:102C0000350122F00043DDE900BC6FF31E5242F0B3
:102C10007F5C1B154CF4001CA3F2FE33CDE900BC15
:102C20000B4403609DED000B03B05DF804BB7047DF
:102C3000AFF300800000000000005043FFFFEF7F73
:102C40000000F07F00B50B4C2468864685B0E06834
:102C50009C460C4652B108490094CDE901127346D6
:102C60000649624601F028F8FAF7C2FD04490A460F
:102C7000F2E700BF6C170020BC0C0020CC0C002039
:102C8000C80C002010B5A1FB021482B074BBFBF786
:102C90007BFF034670B350F8042C22F00302043A81
:102CA000242A10D8132A16D91B2AC0E900441AD99D
:102CB000242AC0E902440ABFC0E9044400F110011B
:102CC00000F1180108E021460190FCF781FE019B0C
:102CD000184602B010BD014600221846C1E9002284
:102CE0008A6002B010BD00F10801F5E7FCF756FF5D
:102CF0000C2303600023184602B010BD2DE9F04FED
:102D000003690C69A34283B0C0F28880013C01F1E1
:102D1000140500F1140855F8243058F82420013324
:102D200008EB84069A4200964FEA840B05EB840771
:102D3000B2FBF3F63AD300230191C64629469C46DE
:102D400051F8042BDEF800901FFA82FA06FB0A33D2
:102D50004FEA134A120C06FB02A29BB21FFA89FA31
:102D6000AAEB030363441FFA82FCCCEB234C0CEB6D
:102D7000194C9BB243EA0C438F424EF8043B4FEA96
:102D80002C4C4FEA1243DBD258F80B3001996BB947
:102D9000009B043B984504D307E0984504F1FF34B9
:102DA00003D21A68043B002AF7D004618146FDF77C
:102DB000DDFB00282EDB01364146002255F8040BCE
:102DC000D1F800C01FFA80FE1FFA8CF3A3EB0E03AC
:102DD0001344020CC2EB234202EB1C429BB243EAB7
:102DE0000243AF4241F8043B4FEA2242E6D258F890
:102DF000242008EB84036AB9043B984504D307E018
:102E0000984504F1FF3403D21A68043B002AF7D036
:102E1000C9F81040304603B0BDE8F08F002003B081
:102E2000BDE8F08F2DE9F04F93B08DED000B0491CC
:102E3000816B1C9D069257EC106B0446089341B1C0
:102E4000C26B4A60012393408B60FDF705F90023B4
:102E5000A363B7F10008B4BF012300232B60A34B89
:102E6000BCBF28F00048CDF8048033EA080300F026
:102E700092809DED007BB5EE407BF1EE10FA0DD116
:102E8000089A012313601D9B13B11D9A984B136080
:102E9000984B0293029813B0BDE8F08F10AAB0EEE1
:102EA000470B11A920468DED027BFDF73FFC5FEA41
:102EB00018539DED027B109A834640F08280119B4F
:102EC000134403F23241202940F3E281C1F1400171
:102ED00008FA01F803F2124126FA01F148EA010169
:102EE00006EE101AB8EE466B013B16EE901A4FF044
:102EF0000108A1F1F8719FED772BB7EE081B9FED4C
:102F0000775B9FED784B06EE901A03EE903A36EE23
:102F1000416BB8EEE33BA6EE025BB0EE456BA3EE71
:102F2000046BFDEEC65BB5EEC06BF1EE10FACDEDB5
:102F3000055A00F1C0800599D21A162902F1FF3A0C
:102F400000F2A4806C4B03EBC10393ED006BB4EE75
:102F5000C67BF1EE10FA00F1A281002A40F3C08492
:102F60000027CDE90A178A4400230993049B092B03
:102F70003DD8052BC4BF043B0493049BA3F102037B
:102F8000CCBF00250125032B33D8DFE813F0FA016D
:102F9000F701ED019201089AC8F3130842F20F738A
:102FA00058EA060813601BD11D9B002B00F04286D7
:102FB000524B029308331D9A0298136013B0BDE878
:102FC000F08F17EE901AB0EE476BC1F3130141F08A
:102FD0007F51A3F2FF3341F440114FF000088AE71C
:102FE0001D9B002B40F06181454B029352E700236B
:102FF00004930025E563294620468DED067BFDF709
:1030000001F89DED067B0290002800F0B485119A2E
:10301000029BA363002A75DB05990E2972DC364BEF
:1030200003EBC10393ED003B87EE036BBDEEC66B74
:10303000029916EE103A303301F8013B4FF0FF3998
:10304000B8EEC65BA5EE437B0123B2EE044B11E064
:1030500087EE036BBDEEC66B013316EE102A4B45AF
:1030600002F13002B8EEC65B01F8012BA5EE437BFE
:1030700000F0A38427EE047BB5EE407BF1EE10FA5E
:10308000E6D1059B013304930D46ECE001230B933D
:10309000059BBAF1000FBABFC2F101074FF0000A59
:1030A0000027002B80F2F180059BFF1A5B420993F9
:1030B00000230A935AE7B8EEE55BB4EE465BF1EE07
:1030C00010FA3FF438AF05990139059133E700BF95
:1030D000AFF3008061436F63A787D23FB3C8608BB3
:1030E000288AC63FFB799F501344D33F0000F07FEE
:1030F000B90C0020B80C0020A8020020FC0C002015
:10310000080D00204FF0FF390695CDF83090B8F14A
:10311000000F00F0E984DDF8248002F2334201213F
:1031200020469244BD18FDF75DF80646002F40F09A
:103130009F82099B002B00F09383B8F1000F40F0B1
:1031400077835946099A2046FDF73EF901238346C5
:10315000099301212046FDF745F80A9B8046002B84
:1031600040F04582049B012B40F3AA820120504489
:1031700010F01F0000F008811B2800F3D582C0F179
:103180001C00054407448244002D05DD59462A46AB
:103190002046FDF775F98346BAF1000F05DD41467B
:1031A00052462046FDF76CF980460B9B002B40F001
:1031B0000082B9F1000F40F3D781099B002B40F04A
:1031C0002481059B01330493029F012507E05946A2
:1031D00000230A222046FCF749FF01358346414679
:1031E0005846FFF78BFD4D4500F1300A07F801AB5B
:1031F000EDDB029BB9F1000F03F1010209F1FF3988
:103200004FF00003D8BF4FF0000991440093594696
:1032100001222046FDF734F941468346FDF7A6F921
:10322000002840F32083029A02E0914500F02683B3
:103230004D4609F1FF3915F8013C392BF5D0013322
:1032400089F8003041462046FCF706FF5EB1009B3E
:103250002BB1B34203D019462046FCF7FDFE3146A0
:103260002046FCF7F9FE59462046FCF7F5FE002300
:103270002B70089B049A1A601D9B002B3FF40AAE2A
:1032800002981D6013B0BDE8F08F9A440A936BE674
:10329000C1F1200106FA01F106EE101A22E6059BA3
:1032A000013B059300230B93F2E6AC4B02930333EF
:1032B00081E601230D93DDE90523134403F10109A0
:1032C0004E46012E0C93B8BF0126172E40F39C8466
:1032D000012204235B0003F11400B042114602F105
:1032E0000102F7D9E16320468DED0E7BFCF78AFEE3
:1032F0000290002800F03F84B9F10E0F9DED0E7B87
:10330000A06346D8002D44D00599002940F3F182EE
:10331000934B01F00F0203EBC203CD0593ED006B5D
:103320004FEA211340F18A838E4A92ED085B03F045
:103330000F03032187EE054B002B00F0FB81894A28
:1033400001E05B100832D80703D45B100832DE07B7
:10335000F7D592ED005B5B1001F1010126EE056BE4
:1033600000F0E8810832F2E701230D93069B002B61
:1033700040F38B81069E0C96B146A6E700230D9381
:1033800099E700230D93F1E71C200544074482448C
:10339000FAE6119A002AC0F24081059B0E2B00F339
:1033A0003C816F4B059A03EBC20393ED003B069BF8
:1033B000002B80F2ED82B9F1000F00F3E98240F0BA
:1033C0008682B1EE046B23EE066BB4EEC67BF1EEA3
:1033D00010FA494640F27C82029D312305F8013BF8
:1033E0002046FCF739FE059B023304933BE7314648
:1033F00000230A222046FCF739FE0C9B002B0646D0
:1034000040F3FA83DDF830900595002F05DD314655
:103410003A462046FDF734F806460A9B002B40F05A
:10342000F6823746029D6B1E4B440A93009B03F0C5
:1034300001030C9341465846FFF760FC31460B9060
:1034400000F1300A5846FDF791F8414681463A4668
:103450002046FDF7ABF8C3680146002B36D1099032
:103460005846FDF783F8099906902046FCF7F4FDCD
:10347000069A002A5AD1049B1BB90C9B002B00F022
:10348000A483B9F1000F43DB0A9BA9469D4209F8CA
:1034900001AB00F0D782594600230A222046FCF7F0
:1034A000E5FDBE42834631464FF000034FF00A026D
:1034B000204635D0FCF7DAFD3946064600230A22BD
:1034C0002046FCF7D3FD4D460746B3E72046FCF700
:1034D000C3FDB9F1000F08DB009B03F00102049B60
:1034E00049EA030952EA09022ED15946012220462F
:1034F000FCF7C6FF41468346FDF738F8002840F345
:103500004183BAF1390F00F024830B9B03F1310A98
:1035100005F801AB059B0096013304933E4691E606
:10352000FCF7A4FD4D460646074683E7B9F1000FB8
:10353000C0F28483049B49EA03090C9B53EA0909FE
:1035400000F07C83002A9FDDBAF1390F00F001837F
:103550000AF1010305F8013BDCE700BF080D00207C
:10356000A802002080020020049B022B7FF725AEDA
:10357000B9F1000F40F0008241464B46052220463B
:10358000FCF774FD014680465846FCF7EFFF4845BE
:1035900040F3F281029D312305F8013B414620466C
:1035A000FCF75AFD059B02330493002E7FF457AEBF
:1035B00059E641465846FCF7D9FF0028BFF6F9AD59
:1035C000594600230A222046059DFCF74FFD099B22
:1035D000013D8346002B7FF40AAF0C9B002B40F388
:1035E000FE82059BDDF8309004930595ECE51A46C4
:1035F00001462046FCF7E8FE049B012B804640F381
:10360000F98100230A93D8F8103008EB8303186976
:10361000FCF77EFDC0F12000A9E50D9B73B9002FDA
:1036200067D1099B002B74D11D461E4691E5119A66
:10363000002A03DB05990E297FF7B4AE049B012B0A
:103640007FF765AD099B09F1FF384345C0F27781EB
:10365000B9F1000FA3EB080880F2BE82A7EB0903C3
:10366000012120460D93FCF7BDFD3D460D9F06460A
:10367000BAF1000F7FF75DAD57453B46A8BF5346F3
:10368000ED1AFF1AAAEB030A53E50021E163204675
:103690008DED067BFCF7B6FC9DED067B02900028C5
:1036A00000F06982029BA363002D40F09F81119A74
:1036B000AA42C0F27C8201230C93994606936CE6E1
:1036C000009B002B7FF452AD019BC3F31303002B2F
:1036D0007FF44CAD019B23F000431B0D1B05002B19
:1036E0003FF444AD012301350AF1010A0A9318465B
:1036F0003DE5BAF1000F00F0FE8157453B46099EBB
:10370000A8BF5346FD1AAAEB030A2F46002E3FF42A
:1037100020AD5946099A2046FCF756FE0023834601
:1037200009933D461E4614E51C283FF42DADC0F11B
:103730003C002AE684EE065B0B9B3BB1B7EE006BC8
:10374000B4EEC65BF1EE10FA00F1E081B1EE0C4B85
:1037500006EE901AB8EEE66BA6EE054B14EE901A44
:1037600053EC142BA1F15073B9F1000F00F09B80C2
:10377000DDF814C0484643EC142BB64B029DFDEE19
:10378000C53B03EBC00212ED022B13EE902A02F1AF
:10379000300E0D9A691CB8EEE36B0E4635EE466BA3
:1037A000002A00F05B81B6EE003B83EE025B35EE53
:1037B000445BB4EEC65BF1EE10FA85F800E000F36E
:1037C0002782B7EE001BB2EE043B002518E001355E
:1037D0008542BFF62CAF26EE036B25EE035BFDEEB4
:1037E000C64B14EE902AB8EEE42B303236EE426B24
:1037F000B4EEC56BF1EE10FA01F8012B00F1DF8198
:1038000031EE464BB4EEC54BF1EE10FADFD5029A1D
:103810000CF1010C02E0914200F097810D4611F885
:10382000013D392BF7D001330B70CDF810C01AE5EC
:10383000314642462046FCF7C7FD5A460146064639
:103840002046FCF7FDFC59460D902046FCF704FC91
:10385000099BDDF834B0B3EB080309937FF471AC36
:103860000123099375E403D11AF0010F7FF4DBAC57
:103870004D4619F8013D302BFAD0E3E4059B029A3E
:103880000233049331231370DCE406EE901AB1EE98
:103890000C4BB8EEE66BA5EE064B14EE901A53EC0B
:1038A000142BA1F1507343EC142BB1EE046B35EEE5
:1038B000466BB4EEC46BF1EE10FA00F35681B1EE34
:1038C000444BB4EEC46BF1EE10FA7FF562AD00210B
:1038D0002046FCF7C1FB069B029D5B420493C2E4B9
:1038E000059B0A939A460023C2F101070B93FFF749
:1038F0003BBB00F00781059A564B524202F00F0184
:1039000003EBC10393ED005B131127EE055B00F0A1
:103910007981514A022101E05B100832DD0703D4AE
:103920005B100832D807F7D592ED006B5B1001F100
:10393000010125EE065B3FF4FFAE0832F2E7099B7A
:103940000A9AA8EB03031A44012120460A92FCF7C5
:1039500049FCCA4407EB09050646CDF82480002F30
:103960003FF4EFAB57453B46A8BF5346ED1AFF1A4D
:10397000AAEB030AFFF7E5BB41462046FCF76CFBC8
:10398000069B029D5B420493002E7FF468AC6AE4C0
:10399000029B5E1C87EE036BBDEEC66B029A16EEB1
:1039A000103AB9F1010F03F13003B8EEC65B3146AE
:1039B0001370A3EE457B7FF447AB37EE077BB4EE85
:1039C000C37B059BF1EE10FA03F1010304939C46BF
:1039D00008DCB4EE437BF1EE10FA05D116EE103A96
:1039E000DB0701D5029A19E70D463CE40C95A94680
:1039F000069589E4009B002B7FF403AEDDE90012FD
:103A0000C2F31303002B00F0C4800A91FBE5716838
:103A10002046FCF7F7FA0546002800F004813369D8
:103A200002339A0006F10C010C30F9F771FC2946BB
:103A300001222046FCF724FD0746F3E40221B0EE04
:103A4000474B79E4059B009601333E460493FFF70C
:103A5000DEBB00BFA802002080020020029A24EEF4
:103A6000022B012882F800E014D0B2EE043B029A47
:103A7000151826EE036BFDEEC65B15EE902A30326C
:103A800001F8012BA942B8EEE54B36EE446BF0D1BC
:103A9000711E0144B6EE005B32EE054BB4EEC64B30
:103AA000F1EE10FA3FF5B3AE35EE425BB4EEC65B15
:103AB000F1EE10FA0DDC119A002AFFF6B0AD059A6E
:103AC0000E2A3FF7ACAD059A03EBC20393ED003B22
:103AD00060E70D46013915F8013C302BF9D00CF1A7
:103AE00001030493FFF7BFBB109ADDF82480C2F1F5
:103AF0003602FFF714BB099E002E7FF40AAE3D4646
:103B0000FFF727BB0221B0EE475B15E6B9F1000FC6
:103B10003FF4BBAE0C9800287FF73BACB2EE043B01
:103B2000B1EE0C4B013106EE901A25EE035B059BBE
:103B3000B8EEE66BA5EE064B14EE901A03F1FF3CCF
:103B400053EC142BA1F1507315E60CF1010C312349
:103B50006AE6A946392309F8013B059B0096013323
:103B6000029A04933E46FFF763BB029D312305F89A
:103B7000013B002134E4334B3348002240F2AF11C3
:103B8000FFF760F87FF4C4AC1AF0010F7FF4B9AC12
:103B9000BEE4019B23F000431B0D1B05002B3FF4EB
:103BA00031AD012301350AF1010A0A932BE50D9B82
:103BB000002B33D101230C93994606932FE50CF18A
:103BC000010304930D46FFF74EBBBAF1390FC0D085
:103BD00091453FF79AAC9BE44A46FFF7A0BA049A96
:103BE000022A05DC059A049299460595FFF7ECBA7E
:103BF0000595DDF83090BBE4049A0595022AF8DCBF
:103C0000994602E4022197E50021E163FFF76BBBCF
:103C10000CF1010304930D46FFF725BB0D9B0693A2
:103C200099460C930EE5074B07482A4640F2EF21D0
:103C3000FFF708F8054B0293FFF72CB9002A3FF76E
:103C400054AC65E4080C00200C0D0020FC0C002096
:103C500030B5044687B05BB110480193D0F8C85125
:103C600071B12046A847421C019B10D007B030BD5F
:103C700000F5827309480193D0F8C8510029F0D1AA
:103C80000A46204603A9A847421C019BEED1002109
:103C90008A221960226007B030BD00BF04150020E1
:103CA00010B582B0049CCDE900344FF0FF3301F031
:103CB00055FC02B010BD00BF0EB400B582B003AB1E
:103CC000DFF81CC053F8042B01930146DCF8000018
:103CD00000F008F802B05DF804EB03B0704700BFD5
:103CE0006C1700202DE9F04FC5B00DF1500A834646
:103CF000049116460021082250461C460B93FBF700
:103D000067FEBBF1000F04D0DBF83430002B00F06D
:103D10004987049B5A6EB3F90C30D00740F14181BA
:103D2000990400F1A985049943F4005322F4005248
:103D30008B814A66930401F1AE80049BB3F90C3089
:103D40001D0740F1BD80049A1269002A00F0B88076
:103D500003F01A020A2A00F0C2800023CDE91933C9
:103D6000CDE90E331BAADFF86C980D931892174615
:103D70000793B0464546D9F8CC41FBF7A3FECDF8F2
:103D800000A003462A4612A95846A047002800F082
:103D9000C580C0F2BB80129A252A034601D01D447B
:103DA000E9E7B5EB0806044640F0BC80002319465D
:103DB0008DF8433008934FF0FF326B78059205F190
:103DC0000108039108F101081946A1F120035A2BBB
:103DD00000F2F280DFE813F0E603F000F000DF030A
:103DE000F000F000F000BF03F000F0000702530203
:103DF000F00012020004F000F1035B005B005B00C6
:103E00005B005B005B005B005B005B00F000F000B0
:103E1000F000F000F000F000F000F000F000D80139
:103E20009F03F000F000F000F000F000F000F00060
:103E3000F000F000F0001902F000F000F000AA011C
:103E4000F000FB02F000F000BA05F000F000F00016
:103E5000F000F000F000F000F000F000F000D801F9
:103E60006801F000F000F000950368016D00F000BB
:103E70008B03F0007D036A0320036D00F000AA01AC
:103E80006A005902F000F000FB05F0006A00A1F1A1
:103E90003003002218F8011B02EB820203EB4202FE
:103EA000A1F13003092BF5D908928EE798F800307C
:103EB00088E7039B43F02003039398F8003081E7E1
:103EC000049D5846294601F05FFA002840F0F68725
:103ED000B5F90C3003F01A020A2A7FF43EAF0499B8
:103EE000B1F90E20002AFFF638AF4A6ED20702D48D
:103EF0009F0540F19087049923463246584601F0C9
:103F000015F80790079845B0BDE8F08F082200210A
:103F10005046FBF75DFD01231D442CE7B5EB080679
:103F2000044610D01A9B33441A93199B0133072B74
:103F3000C7E90086199310DC0837079B33440793C1
:103F4000002C7FF433AF1A9B002B40F06E87049B4C
:103F50000022B3F90C30199218E0049918AA5846B7
:103F600001F024F878B91BAFE7E7049918AA58467E
:103F700001F01CF8002800F08380099B1BB109990F
:103F80005846FBF71DFF049BB3F90C30049A526EA0
:103F9000D0077FD55B0600F16687079845B0BDE87E
:103FA000F08F9F0540F114819D047FF5BCAE900415
:103FB0007FF5C6AE00F071BF0029C4D000230122F6
:103FC0008DF8AC108DF8433009930A9205932BAD10
:103FD0000692DDE919C0039C14F08406014662468E
:103FE00026D1089B069C1C1B002C00F3ED839DF83A
:103FF000433003B300260C960132012301317B606C
:10400000072A0DF14303CDE919213B6000F38683B4
:1040100008370C9B63B1013211AB02313B60072AB8
:104020004FF00203CDE919217B6000F36B83083761
:10403000802E00F0EE82059B0A981C1A002C00F3DB
:1040400026830A9B3D6001321944072ACDE91921D4
:104050007B6000F34C830837039B5C0705D5089B06
:10406000069A9C1A002C00F36583DDE90732069856
:104070008242ACBF9B181B18079300297FF475AFD1
:1040800000231993099B1BB109995846FBF798FE29
:104090001BAF6FE69A053FF57DAF049CA06DFBF763
:1040A000AFFDB4F90C3075E7039B980640F13C84F2
:1040B0000B9B073323F00702536852F8084B0B920F
:1040C0001E46002BC0F23882059A002A07DB039BAC
:1040D00023F08003039354EA060300F08C840A2C37
:1040E00076F1000380F0F7803034059A9DF8433074
:1040F0008DF80F41012AB8BF01220692002B00F073
:10410000AF83069B0133002506930123CDE90953B4
:104110000DF20F15DDE91921039B13F08406084603
:1041200094463FF45EAF00230C9365E70B9E00239B
:104130008DF8433056F8043B0993002B00F0558569
:10414000532900F07284039B13F0100440F06D8437
:10415000059A002AC0F2138509982146FEF7DEFC75
:104160009DF84330099D002800F08B86421B0A927F
:1041700022EAE2720692002B00F00E8501320594CD
:1041800006920B960994C5E7432903D0039BDD06ED
:1041900040F127840822002116A8FBF719FC0B9A8E
:1041A0002BAD126816AB29465846FFF751FD0A9011
:1041B000013000F04F860A9B23EAE37306930B9BC2
:1041C00004330B9300238DF843300993059300E7E4
:1041D000049DA86DFBF712FDB5F90C306A6E9904C9
:1041E0003FF5A8AD9FE50B9B53F8042B0892002ADE
:1041F00080F23D83089A0B9352420892039B43F04E
:104200000403039398F80030DCE5039B43F01000AF
:104210009B0640F14E830B9B073323F007031A469E
:10422000596852F8083B0B9200228DF84320059AFA
:10423000002AC0F2118320F49062039253EA010233
:1042400000F01E8344AD03F00702DB0843EA41732C
:10425000C908303253EA0104284605F8012DF2D18D
:10426000039B13F0010340F09E82059A099344AB2F
:104270005B1B9A42B8BF1A460A930692A9E62B2303
:104280008DF8433098F800309CE503998E0600F1D4
:10429000A48003990B9A11F0100052F8043B40F0EF
:1042A0002783039911F0400100F0CA848DF8430080
:1042B0009BB205990026B1421C4606DB039921F00A
:1042C00080010391002B00F07B850A2C76F100031E
:1042D0000B92FFF409AF039B09970020CDF830B093
:1042E00044A9DDF834B0069003F48067CDF8288047
:1042F00025E00690A319B54843F10003A0FB032C69
:104300002CF0030202EB9C029B1AE31A4FF0CC3212
:10431000A046B64602FB03F266F1000600FB062249
:10432000A3FB0043B8F10A0F13444FEA54047EF193
:10433000000E294644EAC3744FEA53062ED3069B67
:10434000A24A01330693A31943F100031046A2FBCE
:10435000032525F0030202EB95029B1AE31AA3FB47
:10436000003266F1000500FB05225B0843EAC273D8
:1043700003EB8303A4EB4303303301F8013C4D1EF0
:10438000002FB7D006989BF800308342B1D1FF28A8
:10439000AFD00A2C76F1000380F0AF8405999DF828
:1043A0004330CDF834B044AA521B9142B8BF1146F5
:1043B000DDE90978DDF830B00A920691002B00F0B3
:1043C000EE83069B0133069300230993A2E6039B29
:1043D00043F010019B0640F189820B9B073323F0C9
:1043E000070200238DF84330059B566852F8084BAE
:1043F0000B92002BC0F2EE8221F08003039354EA6B
:1044000006037FF46CAE059B002B40F0DE840A931C
:104410000693099344ADDCE5059C0B9903980022B3
:1044200047F630039442ADF844308DF8432051F8FC
:10443000043BC0F2D28220F0800040F002000390E2
:10444000002B00F0E58303F00F0461481B09045DB5
:104450008DF80F410B9100F05685022106910DF267
:104460000F1503F00F011B09415C05F8011D43EA1C
:104470000273120953EA0201F3D144AB5A1B059BA4
:104480000A929342B8BF1346069A002A00F0398573
:10449000DDE91921039C023314F0840606930846D3
:1044A000944600F0E98200230993B4E50398860658
:1044B0003FF5B1AE03990B9ACD0652F8043B00F1DB
:1044C00014850398440640F1C8839BB20B920021E7
:1044D000AAE603990B9A8C0602F1040340F1F081DD
:1044E000126807991160C91751600B9342E498F85C
:1044F00000306C2B00F08F82039A42F0100203927E
:1045000060E498F80030682B00F07B82039A42F058
:104510004002039256E4039A940642F0100300F11D
:1045200000820B9A04320B9903930C680B92E617E6
:104530003346002BBFF6C8AD2D238DF84330059BC5
:10454000644266EB4606002BFFF6C9AD039B23F0E1
:1045500080030393C3E55846FEF7DAFA43680F93E6
:104560001846FBF76BFB0E9004465846FEF7D0FA50
:10457000826898F800300D92002C3FF423AC002A9A
:104580003FF420AC1278002A3FF41CAC039A42F4AA
:104590008062039216E4039B43F00103039398F8AF
:1045A00000300FE49DF8432098F80030002A7FF493
:1045B00009AC20228DF8432004E4039B43F08003E0
:1045C000039398F80030FFF7FDBB00BFCDCCCCCCF7
:1045D000880C002004150020404610F8011B2A29F1
:1045E00000F07784A1F13003092B98BF002200F27C
:1045F000178410F8011B02EB820203EB4202A1F1C7
:104600003003092BF5D942EAE27305938046FFF7A0
:10461000DCBB089B06981C1A002C7FF70CAD102CF5
:1046200040F3268438460C95AE4F049D102604E0D6
:10463000103C102C00F1080015DD01321031072A62
:10464000C0E90076CDE91921F2DD18AA29465846BD
:1046500000F0ACFC00287FF490AC103C102CDDE99D
:1046600019211BA8E9DC0C9D3B4607460132214479
:10467000072ACDE919213B607C6000F3A482059BE9
:104680000A981C1A002C07F108077FF7DAAC102CE7
:1046900040F3ED8238461026924F04E0103C102C77
:1046A00000F1080016DD01328E4B1031072AC0E9F7
:1046B0000036CDE91921F1DD049918AA584600F019
:1046C00075FC00287FF459AC103C102CDDE9192151
:1046D0001BA8E8DC3B46074601322144072ACDE906
:1046E00019213B607C6000F3AA800837A9E4049993
:1046F00018AA584600F05AFC00287FF43EAC1A99DC
:104700001BAFA9E4049918AA584600F04FFC0028F2
:104710007FF433ACDDE919211BAF89E4049918AAB1
:10472000584600F043FC00287FF427ACDDE919214E
:104730001BAF6EE4102C199B40F381833A46049E14
:10474000694F102504E0103C102C02F1080215DD21
:1047500001331031072BC2E90075CDE91931F2DDC3
:1047600018AA3146584600F021FC00287FF405AC19
:10477000103C102CDDE919311BAAE9DC3E46174636
:1047800001332144072BC7E90064CDE919317FF7D4
:104790006CAC049918AA584600F008FC00287FF475
:1047A000ECAB1A9961E4302A00F001823023059ABB
:1047B00005F8013C023844AB1B1A9A42B8BF1A46AE
:1047C0000A9306920546EFE000230C93102C464E08
:1047D000624623DD394610232F46049D04E0103C39
:1047E000102C01F1080117DD01321030072AC1E950
:1047F0000063CDE91920F2DD18AA2946584600F0D9
:10480000D5FB00287FF4B9AB103C102CDDE9192052
:104810001BA94FF01003E7DC3D460F46013221187B
:10482000072ACDE919213E607C6000F37A819DF86A
:1048300043600837002E36D00026FFF7DDBB049911
:1048400018AA584600F0B2FB00287FF496ABDDE9C9
:1048500019211BAFFFF7F5BB20F480620392F1E44E
:10486000099301230A930DF20F15FFF7B2BB0B93C7
:1048700098F80030FFF7A6BA92047FF561AAF2E239
:10488000059A002A7FF4DEAC10F00102069200F0D7
:10489000428130238DF80F31059B0A9209930DF266
:1048A0000F15FFF796BB0C9B002B7FF4B4ABFFF703
:1048B000C2BB0B9B1A1D0B9B0B921B680021B3E420
:1048C000039AD00600F18C81039A510600F195827B
:1048D000039A920540F184810B9A0799126811702E
:1048E00003E600BFFC0D0020440600200B9B1A1DB0
:1048F0000B9B05981B680026B0428DF843601C4650
:1049000067DB21F080010391002B7FF4DEAC0B927A
:10491000002840F05A820A900690099044ADFFF7B3
:1049200058BB0393FFF7C4BB039B0B9AD90652F8FD
:10493000044B3FF5F8AD039B5E0640F1768144F3EE
:10494000C0360B9224B23346FFF7BBBBAD48039B86
:104950009D0640F1B5800B9B073323F007031A46F1
:104960005C6852F8083B0B92039A12F0010206921F
:1049700040F08C808DF84320059A002AC0F2B78061
:10498000039A22F49062039253EA040240F0F38007
:10499000059A002A00F0F68103788DF80F31012383
:1049A00006920A930DF20F15DDE91921039B13F00E
:1049B00084060846944600F0A1829DF84330002BFF
:1049C00000F0AB82002309930C93FFF715BB8E48D0
:1049D000BDE70B920391FFF782BB40F0020003900A
:1049E00031E50B9B1B688DF8AC30012306930A93CD
:1049F0002BADFFF7E4BB002A00F0D4813024FFF791
:104A000074BB039B43F40073039308F1010898F807
:104A10000030FFF7D7B9039B43F02003039308F15D
:104A2000010898F80030FFF7CDB9099B13930822CD
:104A3000002116A8FAF7CCFF059B002BC0F21981C4
:104A40000024069725461F460EE02BA95846FFF77F
:104A5000FFF8411C284400F0FD81B84209DC04F154
:104A6000040400F008820546139A125916AB002A76
:104A7000EBD1069F05950AE1089C069B0996E41A6E
:104A8000002C7FF7C8AA02230C939FE653EA040286
:104A90005ED100238DF84330059B002BC0F22181AD
:104AA000039B23F49063039300F0878103788DF8D0
:104AB0000F31069B0A93059B06930DF20F1573E7C2
:104AC0000B9A52F8043B0B92039AD40608D4520670
:104AD00002D59BB2002447E7039A960500F1818135
:104AE000002441E742F00202039202220692039A56
:104AF00022F48062039203F00F02825C8DF80F2192
:104B00001B0943EA0473220953EA14147FF4A7AC87
:104B10000DF20F15B1E4059B44ADCDE90933FFF764
:104B200058BA049918AA584600F040FA06460028D8
:104B30007FF423AA9DF84330DDE91921002B40F0D2
:104B400089800C9B1BAF002B7FF465AAFFF773BA1B
:104B500030228DF8442000228DF84320059A8DF8EC
:104B60004510002A039ABDDB22F4906242F0020253
:104B700003920222069203F00F02825CBEE7099DB7
:104B80002846FBF75BF89DF843300A9020EAE07274
:104B90000692002B7FF4F2AA099D05930B960993C8
:104BA000FFF717BA5846FAF7BDFDFFF7B2B8059AF6
:104BB00044AB5B1B9A42B8BF1A460A930023069285
:104BC0000993FFF706BA049918AA584600F0EEF9BF
:104BD00000287FF4D2A9DDE919211BAFFFF72BBA1A
:104BE0000B9A0799126811607FE4059B074D0B969D
:104BF000062B28BF062306930A93099B0593FFF70C
:104C0000E8B900BF9C0C0020880C0020B00C0020EC
:104C10000B91002C00F0DC80302301228DF80F3145
:104C20000DF20F1523460A9232E4039B0B929D0569
:104C30004ABF44F3C016E61764B23346FFF741BAE1
:104C4000039810F4007600F0CF808DF84310DBB2AB
:104C5000FFF72FBB1BAFFFF7CFB9039810F400711C
:104C600000F0BB80DBB20B920021FFF7DDBAAC4B4A
:104C700032E516AB0093002313AA19465846FFF7F6
:104C80000FF80590013000F0E580099B1393059B18
:104C9000002B7CD0632B00F3B680002309932BAD4F
:104CA0000822002116A8FAF793FE059C16AB009384
:104CB00013AA234629465846FEF7F2FF844240F0E5
:104CC0001681059900236B5421EAE17206929DF842
:104CD0004320002A40F0B580CDE90A160592FFF77F
:104CE00078B903788DF80F31039B23F48063039325
:104CF000069B0A930DF20F1556E60E9A0F99AD1A00
:104D00002846FAF7A9FE9BF801300BB10BF1010B15
:104D1000844AA31943F10003A2FB030C2CF0030007
:104D200000EB9C001B1AE31A4FF0CC3166F1000631
:104D300003FB01F102FB0611A3FB023001445B08F7
:104D400043EAC1744E08A31943F10003A2FB031008
:104D500020F0030101EB90015B1AE31AA3FB02317F
:104D600066F1000002FB00125B0843EAC27303EB2A
:104D70008303A4EB4303303305F8013C0120013DDC
:104D8000FFF701BB059B0A9344A805460CE69DF876
:104D90004330099D0B96003B18BF01230693059BEA
:104DA0000A9301E69DF843303BB1059BCDE90933F9
:104DB000012344AD0693FFF7ADB9059BFFF727BB71
:104DC000059B0B92002B3FF422AB0024FFF78CB91C
:104DD000059B0A9344ADFFF75BBB03980B92FFF76B
:104DE00023BADBB20024BFE505998DF843600029A2
:104DF0001C46BFF663AAFFF768BA0B9A07991268B8
:104E00001180FFF772BB591C5846F9F7BDFE0546E5
:104E100000B3099044E7886DFAF7F2FEFFF76BB82C
:104E2000002380460593FEF7D0BF049918AA584680
:104E300000F0BCF800283FF48AA8FFF7A4B83A4E67
:104E40009EE4059A0A92069A0B9601320692059301
:104E5000FFF760B90498B0F90C30426E43F040019E
:104E6000D207818109D54FF0FF330793FFF795B83B
:104E70002B4BFFF7FBBB069F09E79905F3D4FFF720
:104E80000CB99BB1059B0B965A1C06920A93059090
:104E90000990FFF73FB9D707E5D4049B9B899E058E
:104EA000E1D4049B986DFAF7ABFEDCE7059A099311
:104EB000CDE905320B960A92FFF78BB8049A536E30
:104EC000D807D0D493899905CDD4906DFAF798FE80
:104ED000C9E70B9A98F8013052F8041B0B9241EA8B
:104EE000E17180460591FEF76DBF0846E3E4049A40
:104EF000938943F040039381FFF73FB80996FFF78A
:104F000070B8069350E5059B0122012BB8BF012321
:104F10000DF20F150A92FFF7BBBA0993FFF788B895
:104F2000FC0D0020CDCCCCCC44060020F0B50D46C5
:104F3000ADF2744D164689896A6E1B92EA89ADF806
:104F4000162021F00201EA69ADF8141009921CA99B
:104F50006A6A0291074606910B924FF48061002223
:104F600018A80193049107910892FAF743FE32467C
:104F7000019B02A93846FEF7B5FE061E07DB02A913
:104F80003846FDF78DFD002818BF4FF0FF36BDF8FD
:104F900014305B0603D5AB8943F04003AB8118980E
:104FA000FAF72AFE30460DF2744DF0BD936810B545
:104FB00014461BB918460023636010BD00F068F862
:104FC0000023A3600023636010BD00BF2DE9F04300
:104FD0008E681D46AE420B6883B00C4690463AD8A8
:104FE000B1F90CC01CF4906F0FD1354618464146FC
:104FF0002A46FAF75BFCA3689E1B2368A6602B4435
:105000000020236003B0BDE8F0834A69096902EB20
:1050100042025E1A02EBD2726B1C5210334493426E
:1050200094BF17461F46934288BF1A461CF4806FF0
:10503000814612D01146F9F7A7FDF0B13246216939
:105040000190F8F765F9A289019B22F4906242F081
:105050008002A28105E02E46C8E7FAF777F80346FA
:1050600038B123613344BE1BA660676123602E46BE
:10507000BCE721694846FAF7A3FEA3890C2243F056
:105080004003C9F800204FF0FF30A381BAE700BF0A
:105090009368002B00F0B7802DE9F04FB1F90CC0F8
:1050A0001CF0080F83B00C46804617462DD00B69C4
:1050B0005BB31CF002033E6833D04FF0000ADFF808
:1050C000C4B25546B9465D452B46524628BF5B469D
:1050D0004046B5B1E169676AB847002840F38B8064
:1050E000D9F808301B1A8244C9F80830002B79D04F
:1050F0002D1A5D452B46524628BF5B464046002D83
:10510000E8D1D6E900A50836DDE72146404600F0A3
:105110003BF9002874D1B4F90CC03E681CF00203BE
:10512000CBD11CF0010A70D1236800975546002DA1
:1051300054D01CF4007FD4F80890184600F0AB80DF
:10514000A945CB4600F2E4801CF4906F34D021696D
:105150006269A3EB010902EB420202EBD27209F190
:10516000010352102B44934294BF93469B469342B3
:1051700088BF1A461CF4806F00F0E9801146404653
:10518000F9F702FD002800F0F7804A4621690190F6
:10519000F8F7BEF8A289019B22F4906242F08002E7
:1051A000A28103EB09002361ABEB0903C4F814B03F
:1051B000A3602060A946AB4651465A46FAF776FBF3
:1051C000A2682368A2EB0902A260009A91685B447E
:1051D000491B2360916029B1B4F90CC0D6E900A540
:1051E0000836A4E7002003B0BDE8F08F2146404612
:1051F000FDF756FC68B3B4F90C3043F04003A381CB
:105200004FF0FF30EFE7002070471D469A461846E2
:10521000B946009365B3002831D05246D4E904134F
:105220002068AA4228BF2A46884204D9A16803EB15
:10523000010B5A457CDC93426DDCE169009A676A98
:105240004046B847B0F1000BD5DDBAEB0B0ACDD024
:105250000120D9F80830A3EB0B03C9F80830002B64
:10526000C0D0009BA5EB0B055B440093002DD2D171
:10527000756833460836002DFAD01B680093009FEE
:105280002A460A213846FDF749FC002871D0013032
:10529000A0EB070AC1E722699A4221D36269AA42B8
:1052A0001ED86FF00043AB4228BF2B46E16993FB49
:1052B000F2F3676A02FB03F340465246B847B0F187
:1052C000000998DD009A9368A3EB0903A5EB090593
:1052D0009360002B86D0B4F90CC02368CA4426E73B
:1052E000A94528BFA94618464A465146FAF7DEFAAC
:1052F000A2682368A2EB09024B44A2602360002A43
:10530000E0D121464046FDF7CBFB0028DAD072E71A
:10531000A946AB4650E700990192FAF7C7FA019AFD
:10532000A3689B1AA36023681344236093468CE709
:1053300000995A46FAF7BAFA23685B44236021467B
:105340004046FDF7ADFB00283FF47FAF53E74046F2
:10535000F9F7FCFE034600287FF423AF216940469D
:10536000FAF72EFDA3890C22C8F8002023F0800351
:1053700043E76A1C924651E70C22B4F90C30C8F896
:1053800000203AE700FCFF7F10B5354B0446186853
:1053900082B00B4610B1426B002A53D0B3F90C20F7
:1053A000110711D51869C8B1B3F90C2012F0010129
:1053B00026D059694FF0000C4942C3F808C09961E2
:1053C00020B3002002B010BDD00640D5510723D431
:1053D000186942F008029A810028E5D19A8902F4FE
:1053E0002072B2F5007FDFD019462046019300F00D
:1053F000C9F8019BB3F90C20186912F00101D8D14A
:10540000940758BF596999600028DAD11106D9D597
:1054100042F040029A811FE0196B61B103F1400034
:10542000814206D020460193FAF7CAFC019BB3F9EA
:105430000C200021196318690021C3E9000122F042
:105440002402C6E70191FAF76DF9019BA6E709214D
:1054500042F0400221609A814FF0FF30B2E700BF76
:105460006C1700202DE9F04F8BB0DDE91589149FF2
:1054700002901C46B8F1000F57D01668019600291B
:10548000C34608BF4FF0FF37002588460391924678
:1054900006E0019B53F8040B0193002837D06546C2
:1054A000AF423ED9002C3CD0DBF800300493DBF84F
:1054B00004300593019B02981A68D9F8C8615B46CD
:1054C00006A9B047431C33D000EB050CBC453AD8C5
:1054D000039B013C002BDCD000280DDD08F1FF32DE
:1054E000019E06A900EB020E11F8013B02F8013FF4
:1054F0007245F9D101968044019BDAF8002053F8F7
:10550000040B01930432CAF800200028C7D1039984
:10551000D84609B1CAF800000022C8F800200CF1F2
:10552000FF3528460BB0BDE8F08F00F58678A4E77C
:10553000029B05468A21002228461960CBF80020EC
:105540000BB0BDE8F08FD846DDF810A0DDF814B040
:105550002846C8E900AB0BB0BDE8F08F00B585B0B8
:10556000DFF81CC006980090079801900348006877
:10557000CDF808C0FFF776FF05B000BD6C1700201E
:1055800004150020B1F90C20930706D501F143035F
:105590000122C1E904320B60704730B50B46B1F906
:1055A0000E10002999B0044632DB02AA009300F0E5
:1055B0005BF80028009B29DB4FF4806120460093B4
:1055C000039DF9F7E1FA009BB3F90C20002839D0CC
:1055D00005F4704142F0800218601861B1F5005F77
:1055E0004FF480609A8158613AD1B3F90E1000935C
:1055F000204600F04DF8009BB3F90C2080B322F058
:10560000030242F001024FF4006117E0B3F90C20ED
:10561000019312F0800F0CBF4FF4806140212046AF
:105620000091F9F7B1FA019B0099B3F90C2048B148
:10563000C3E9040142F08002186000210A439A8104
:1056400019B030BD9105FBD422F0030203F14301F0
:1056500042F002020120C3E904109A811960EFE7C9
:105660004FF40061EAE700BF38B5084C0023054657
:10567000084611462360F8F7AFF8431C00D038BD48
:105680002368002BFBD02B6038BD00BF546700207F
:1056900038B5074C0023054608462360F8F7A2F802
:1056A000431C00D038BD2368002BFBD02B6038BDD5
:1056B000546700205FF800F0FD1C00605FF800F008
:0C56C000A11D00600000000000000000C0
:0456CC00F8B500BF6E
:0856D0006CA5FF7F0100000042
:1056D80000000000000000000000000000000000C2
:1056E80000000000000000000000000000000000B2
:1056F80000000000000000000000000000000000A2
:105708000000000000000000000000000000000091
:105718000000000000000000000000000000000081
:105728000000000000000000000000000000000071
:105738000000000000000000000000000000000061
:105748000000000000000000000000000000000051
:105758000000000000000000000000000000000041
:105768000000000000000000000000000000000031
:105778000000000000000000000000000000000021
:105788000000000000000000000000000000000011
:105798000000000000000000000000000000000001
:1057A80000000000000000000000000000000000F1
:1057B80000000000000000000000000000000000E1
:1057C80000000000000000000000000000000000D1
:1057D80000000000000000000000000000000000C1
:1057E80000000000000000000000000000000000B1
:1057F80000000000000000000000000000000000A1
:105808000000000000000000000000000000000090
:105818000000000000000000000000000000000080
:105828000000000000000000000000000000000070
:105838000000000000000000000000000000000060
:105848000000000000000000000000000000000050
:105858000000000000000000000000000000000040
:105868000000000000000000000000000000000030
:105878000000000000000000000000000000000020
:105888000000000000000000000000000000000010
:105898000000000000000000000000000000000000
:1058A80000000000000000000000000000000000F0
:1058B80000000000000000000000000000000000E0
:1058C80000000000000000000000000000000000D0
:1058D80000000000000000000000000000000000C0
:1058E80000000000000000000000000000000000B0
:1058F80000000000000000000000000000000000A0
:10590800000000000000000000000000000000008F
:10591800000000000000000000000000000000007F
:10592800000000000000000000000000000000006F
:10593800000000000000000000000000000000005F
:10594800000000000000000000000000000000004F
:105958000080E03779C34143176E05B5B5B8934663
:10596800F5F93FE9034F384D321D30F94877825A2F
:105978003CBF737FDD4F1575000000000000F03F4D
:105988000000000000002440000000000000594012
:105998000000000000408F40000000000088C34065
:1059A80000000000006AF8400000000080842E41DA
:1059B80000000000D01263410000000084D7974126
:1059C8000000000065CDCD41000000205FA002422C
:1059D800000000E876483742000000A2941A6D42A1
:1059E800000040E59C30A2420000901EC4BCD64294
:1059F80000003426F56B0C430080E03779C341433F
:105A080000A0D8855734764300C84E676DC1AB43B4
:105A1800003D9160E458E143408CB5781DAF1544D2
:105A280050EFE2D6E41A4B4492D54D06CFF08044AD
:105A3800F64AE1C7022DB544B49DD9794378EA44C2
:105A4800810200003D060000010A0000D50D00009B
:105A5800F51A0000E91E0000ED22000005270000ED
:105A68002D2B0000652F0000AD330000653A0000C3
:105A78001D430000C1470000A9580000353F000041
:105A8800194B0000391100001D1300008D4F000054
:105A98006D540000096400008D660000B5690000BF
:105AA800C56F0000657B000089810000817E0000D1
:105AB80021880000C98B0000AD0300006D070000BD
:105AC800350B00000D0F0000311C000029200000DC
:105AD80035240000512800007D2C0000B93000005A
:105AE80001350000C13B0000814400002D49000041
:105AF800315A00009D010000590500001D090000F1
:105B0800F10C0000D1190000051E00000922000058
:105B180021260000492A0000812E0000C932000019
:105B28008139000039420000DD460000A957000015
:105B3800B1360000813D000069160000F117000031
:105B4800614D000019520000B96100003D5C000081
:105B5800E55E0000D16C0000717800007D750000E2
:105B680025730000ED840000599000000400000037
:105B78000500000006000000070000000800000003
:105B8800090000000A0000000B0000000C000000E3
:105B98000D0000000E0000001000000012000000C0
:105BA80014000000180000000000000000000000C1
:105BB80035AF0000E1C20000DDC20000D9C200001C
:105BC800D5C20000D1C20000CDC20000C9C2000089
:105BD8000000000000000000E5AD00003DAF00003F
:105BE80059A80000B1A9000079A8000019A900006F
:105BF800A1A800003DAA0000CDA9000055A80000FA
:105C08000020202020202020202028282828282084
:105C1800202020202020202020202020202020207C
:105C280020881010101010101010101010101010E4
:105C380010040404040404040404041010101010D4
:105C4800101041414141414101010101010101019E
:105C580001010101010101010101010110101010F0
:105C68001010424242424242020202020202020270
:105C780002020202020202020202020210101010C4
:105C880020000000000000000000000000000000EC
:105C980000000000000000000000000000000000FC
:105CA80000000000000000000000000000000000EC
:105CB80000000000000000000000000000000000DC
:105CC80000000000000000000000000000000000CC
:105CD80000000000000000000000000000000000BC
:105CE80000000000000000000000000000000000AC
:105CF800000000000000000000000000000000009C
:105D0800000000002020202020202020202020200B
:105D1800202020202020202020202020202020207B
:105D28002020202000000042C8801F40B8821F4069
:105D38000800000000000042C4801F40B4821F40D9
:105D48000400000000C0004224801F4014821F404D
:105D58001000000000C0004228801F4018821F4029
:105D68002000000000C000422C801F401C821F4001
:105D78004000000000C0004234801F4024821F40C1
:105D8800000100000040004264811F4054831F400E
:105D9800000400000040004280811F4070831F40C3
:105DA80000000200004000427C811F406C831F40BD
:105DB800000001000040004268811F4058831F40D6
:105DC80000080000004000423C811F402C831F4017
:105DD800010000000040004244811F4034831F40FE
:105DE800040000000040004240811F4030831F40F3
:105DF800020000000040004248811F4038831F40D5
:105E0800080000000000004204811F40F4821F4087
:105E1800000004000000004208811F40F8821F4073
:105E2800000008000000004218811F4008831F403E
:105E3800000080000000004214811F4004831F40BE
:105E4800000040000000004200811F40F0821F4017
:105E58000000020000000042FC801F40EC821F404E
:105E6800000001000000004224811F4014831F40ED
:105E7800000000040000004228811F4018831F40D2
:105E880000000008000000421C811F400C831F40D6
:105E9800000000010000004220811F4010831F40C5
:105EA8000000000200000042EC801F40DC821F401E
:105EB8000010000000000042F0801F40E0821F40F8
:105EC800002000000000004234811F4024831F404E
:105ED800000000400000004238811F4028831F4016
:105EE800000000800080004294801F4084821F4090
:105EF8000000040000C0004290801F4080821F40C4
:105F08000000008000800042A8801F4098821F4047
:105F18000000800000800042A4801F4094821F403F
:105F280000004000004000426C811F405C831F401D
:105F38000010000000C0004230801F4020821F4037
:105F48008000000000400042B0811F40A0831F4035
:105F58000000002000400042AC811F409C831F408D
:105F6800000000100040004284811F4074831F40DD
:105F7800000004000040004288811F4078831F40D1
:105F880000000800000000422C811F401C831F40B5
:105F9800000000100000004230811F4020831F4095
:105FA80000000020000000420C811F40FC821F40BE
:105FB800000010000000004210811F4000831F40B5
:105FC8000000200000800042C8811F40B8831F40A5
:105FD8000080000000800042C4811F40B4831F403D
:105FE8000040000000800042C0811F40B0831F4075
:105FF8000020000000800042BC811F40AC831F408D
:106008000010000000800042D0811F40C0831F4064
:106018000000020000800042CC811F40BC831F406A
:106028000000010000C0004274801F4064821F40CD
:106038000000000100C0004280801F4070821F40A5
:106048000000000800C0004284801F4074821F4086
:106058000000001000C000426C801F405C821F409E
:106068000000400000C000427C801F406C821F403E
:106078000000000400C0004278801F4068821F4072
:106088000000000200C0004288801F4078821F4044
:106098000000002005000000190000007D0000003D
:1060A800707372616D5F776F726B65722075702E99
:1060B800206D617468206F6E6C793B207468652070
:1060C8004C75636B666F78206465636964657320DB
:1060D80065766572797468696E6720656C73652E7C
:1060E800000000006576657279206C696E6520692C
:1060F8006E20616E64206F7574206F662074686509
:10610800206C696E6B206973206563686F65642015
:10611800686572652C203E20696E20616E64203CA3
:10612800206F75742E0000003C2000003E20000007
:10613800492062656E63682D6F6E6520776F726B9C
:1061480065722031206E73656C2031302062616E7B
:106158006B737A20256C7520626C6B20256C75201A
:106168006269747320342C32206663707520256C44
:1061780075000000502025642025752025752025F0
:10618800752025750000000042206F6B000000009C
:106198005420256420256420256C75005520256C25
:1061A800750000004E202575000000004420256C75
:1061B8007500000051202575000000004A20256C5C
:1061C800750000004B202575202530386C580000DC
:1061D8004620256C750000004D20256C6420256C38
:1061E800750000005220256C7520256C7500000094
:1061F8005720256C7520256C75000000202530324D
:1062080058000000532025303258202530325820BD
:106218002530325820253032582077616E74202579
:106228003032582025303258202530325820253039
:106238003258000047202530325820253032582067
:106248002530325820253032582077616E74202549
:106258003032582025303258202530325820253009
:10626800325800004C20256C7520256C7520256C53
:106278007520256C7520256C750000005620256C4E
:106288007520256C750000004520756E6B6E6F7764
:106298006E0000004C435F434F4C4C415445000096
:1062A8004C435F4354595045000000004C435F4D38
:1062B8004F4E4554415259004C435F4E554D45523F
:1062C800494300004C435F54494D45004C435F4DE2
:1062D800455353414745530042616C6C6F632073CB
:1062E8007563636565646564000000002F6461740C
:1062F800612F6A656E6B696E732F776F726B73703F
:106308006163652F474E552D746F6F6C63686169C3
:106318006E2F61726D2D31352D352F7372632F6E8F
:1063280065776C69622D63796777696E2F6E65771B
:106338006C69622F6C6962632F7374646C69622F75
:106348006D707265632E6300494E4600696E660083
:106358004E414E006E616E0030313233343536377F
:106368003839616263646566000000003031323399
:106378003435363738394142434445460000000039
:10638800286E756C6C290000300000002C206675A2
:106398006E6374696F6E3A20000000006173736564
:1063A8007274696F6E2022257322206661696C659C
:1063B800643A2066696C6520222573222C206C695A
:1063C8006E65202564257325730A0000496E666989
:1063D8006E697479000000004E614E002F6461748C
:1063E800612F6A656E6B696E732F776F726B73704E
:1063F8006163652F474E552D746F6F6C63686169D3
:106408006E2F61726D2D31352D352F7372632F6E9E
:1064180065776C69622D63796777696E2F6E65772A
:106428006C69622F6C6962632F7374646C69622F84
:1064380064746F612E630000000100007017002073
:106448001200000000060000F01E00600A000000B4
:10645800000200008C1E00606200000000070000BF
:10646800281E006062000000EE030000AC17002048
:1064780012000000000004EE84170020280000002D
:1064880000030000241E006000000000010309044E
:106498000C1E00600000000002030904F41D0060E7
:1064A8000000000003030904C017002000000000DA
:1064B8000000000000000000000000003030303014
:1064C80030303030303030303030303030303030C4
:1064D8003030303030303030303030300000000074
:1064E8000000000000000000100E0020100E002028
:1064F800180E0020180E0020200E0020200E00206C
:10650800280E0020280E0020300E0020300E00201B
:10651800380E0020380E0020400E0020400E0020CB
:10652800480E0020480E0020500E0020500E00207B
:10653800580E0020580E0020600E0020600E00202B
:10654800680E0020680E0020700E0020700E0020DB
:10655800780E0020780E0020800E0020800E00208B
:10656800880E0020880E0020900E0020900E00203B
:10657800980E0020980E0020A00E0020A00E0020EB
:10658800A80E0020A80E0020B00E0020B00E00209B
:10659800B80E0020B80E0020C00E0020C00E00204B
:1065A800C80E0020C80E0020D00E0020D00E0020FB
:1065B800D80E0020D80E0020E00E0020E00E0020AB
:1065C800E80E0020E80E0020F00E0020F00E00205B
:1065D800F80E0020F80E0020000F0020000F002009
:1065E800080F0020080F0020100F0020100F0020B7
:1065F800180F0020180F0020200F0020200F002067
:10660800280F0020280F0020300F0020300F002016
:10661800380F0020380F0020400F0020400F0020C6
:10662800480F0020480F0020500F0020500F002076
:10663800580F0020580F0020600F0020600F002026
:10664800680F0020680F0020700F0020700F0020D6
:10665800780F0020780F0020800F0020800F002086
:10666800880F0020880F0020900F0020900F002036
:10667800980F0020980F0020A00F0020A00F0020E6
:10668800A80F0020A80F0020B00F0020B00F002096
:10669800B80F0020B80F0020C00F0020C00F002046
:1066A800C80F0020C80F0020D00F0020D00F0020F6
:1066B800D80F0020D80F0020E00F0020E00F0020A6
:1066C800E80F0020E80F0020F00F0020F00F002056
:1066D800F80F0020F80F0020001000200010002004
:1066E80008100020081000201010002010100020B2
:1066F8001810002018100020201000202010002062
:106708002810002028100020301000203010002011
:1067180038100020381000204010002040100020C1
:106728004810002048100020501000205010002071
:106738005810002058100020601000206010002021
:1067480068100020681000207010002070100020D1
:106758007810002078100020801000208010002081
:106768008810002088100020901000209010002031
:106778009810002098100020A0100020A0100020E1
:10678800A8100020A8100020B0100020B010002091
:10679800B8100020B8100020C0100020C010002041
:1067A800C8100020C8100020D0100020D0100020F1
:1067B800D8100020D8100020E0100020E0100020A1
:1067C800E8100020E8100020F0100020F010002051
:1067D800F8100020F81000200011002000110020FF
:1067E80008110020081100201011002010110020AD
:1067F800181100201811002020110020201100205D
:10680800281100202811002030110020301100200C
:1068180038110020381100204011002040110020BC
:10682800481100204811002050110020501100206C
:10683800581100205811002060110020601100201C
:1068480068110020681100207011002070110020CC
:10685800781100207811002080110020801100207C
:10686800881100208811002090110020901100202C
:106878009811002098110020A0110020A0110020DC
:10688800A8110020A8110020B0110020B01100208C
:10689800B8110020B8110020C0110020C01100203C
:1068A800C8110020C8110020D0110020D0110020EC
:1068B800D8110020D8110020E0110020E01100209C
:1068C800E8110020E8110020F0110020F01100204C
:1068D800F8110020F81100200012002000120020FA
:1068E800081200200812002000000000086600209E
:1068F80070660020D866002000000000000000003C
:10690800000000000000000000000000000000007F
:10691800000000000000000000000000000000006F
:10692800000000000000000000000000000000005F
:10693800000000000000000000000000000000004F
:10694800000000000000000000000000000000003F
:10695800000000000000000000000000000000002F
:10696800000000000000000000000000000000001F
:10697800000000000000000000000000000000000F
:1069880001000000000000000E33CDAB34126DE6AC
:10699800ECDE05000B000000000000000000000015
:1069A80000000000000000000000000000000000DF
:1069B80000000000000000000000000000000000CF
:1069C80000000000000000000000000000000000BF
:1069D80000000000000000000000000000000000AF
:1069E800000000000000000000000000000000009F
:1069F800000000000000000000000000000000008F
:106A0800000000000000000000000000000000007E
:106A1800000000000000000000000000000000006E
:106A2800000000000000000000000000000000005E
:106A3800000000000000000000000000000000004E
:106A4800000000000000000000000000000000003E
:106A5800000000000000000000000000000000002E
:106A6800000000000000000000000000000000001E
:106A7800000000000000000000000000000000000E
:106A880000000000000000000000000000000000FE
:106A980000000000000000000000000000000000EE
:106AA80000000000000000000000000000000000DE
:106AB80000000000000000000000000000000000CE
:106AC80000000000000000000000000000000000BE
:106AD80000000000000000000000000000000000AE
:106AE80000000000000000000029DE07007B9A1764
:106AF800E004002000000000E8030000000000009F
:106B08000805002000000000E80300000000000065
:106B1800000019409014002000000000E844002004
:106B2800A844002000000000000000002800000029
:106B380040000000280000004000000000000000A5
:106B4800000000000000000000000000000000003D
:106B5800000000000000000000000000000000002D
:106B68000117000029AF0000000000006CC00F40B2
:106B780000000003070000000200000040851F40DD
:106B880002000000FF000000FF00000000000000FD
:106B980000000000080000000200000044851F40BB
:106BA80002000000FF000000FF00000000000000DD
:106BB80000000000FF004000260018007A000000D6
:106BC800200000000000000106000000080000008E
:106BD800803020204300000000000000000000007A
:106BE800000000000000000000000000000000009D
:106BF800000000004300000000000000000000004A
:106C0800000000000000000000000000000000007C
:106C18000000000043000000000000000000000029
:106C2800000000000000000000000000000000005C
:106C38000000000043000000000000000000000009
:106C4800000000000000000000000000000000003C
:106C580000000000430000000000000000000000E9
:106C6800000000000000000000000000000000001C
:106C780000000000430000000000000000000000C9
:106C880000000000000000000000000000000000FC
:106C980000000000430000000000000000000000A9
:106CA80000000000000000000000000000000000DC
:106CB8000000000043000000000000000000000089
:106CC80000000000000000000000000000000000BC
:106CD80000000000000000000000000000000000AC
:106CE800000000000000000000000000000000009C
:106CF800000000000000000000000000000000008C
:106D0800000000000000000000000000000000007B
:106D1800000000000000000000000000000000006B
:106D2800000000000000000000000000000000005B
:106D3800000000000000000000000000000000004B
:106D4800000000000000000000000000000000003B
:106D5800000000000000000000000000000000002B
:106D6800000000000000000000000000000000001B
:106D7800000000000000000000000000000000000B
:106D880000000000000000000000000000000000FB
:106D9800000000000000000000000000F1E8000012
:106DA800DDE000000000000030050020540A00204B
:106DB800C80C0020C80C0020C80C0020C80C0020FB
:106DC800C80C0020C80C0020C80C0020C80C0020EB
:106DD800C80C0020FFFFFFFFFFFFFFFFFFFFFFFFC3
:106DE800FFFF000001004153434949000000000033
:106DF800000000000000000000000000000000008B
:106E08000000000000004153434949000000000011
:106E1800000000000000000000000000000000006A
:106E28000000000000000000FFFFFFFF000002005C
:106E3800000000000300000008660020181200206F
:106E480012010002EF020140C01683048002010211
:106E580003010000280000000001040001000000F8
:106E680000000000020157494E555342000000003F
:106E780000000000000000000000000012034D00A8
:106E8800530046005400310030003000F800000084
:106E98000C030000000000000000000000000000DB
:106EA80000000000000004020000000000000000D4
:106EB80000000000000000000000000000000000CA
:106EC80000000000000000000000000000000000BA
:106ED80000000000000000000000000000000000AA
:106EE800000000000000000000000000000000009A
:106EF800000000000000000000000000000000008A
:106F08000000000000000000000000000000000079
:106F18000000000000000000000000000000000069
:106F28000000000000000000000000000000000059
:106F38000000000000000000000000000000000049
:106F48000000000000000000000000000000000039
:106F58000000000000000000000000000000000029
:106F68000000000000000000000000000000000019
:106F78000000000000000000000000000000000009
:106F880000000000000000000000000000000000F9
:106F980000000000000000000000000000000000E9
:106FA80000000000000000000000000000000000D9
:106FB80000000000000000000000000000000000C9
:106FC80000000000000000000000000000000000B9
:106FD80000000000000000000000000000000000A9
:106FE8000000000000000000000000000000000099
:106FF8000000000000000000000000000000000089
:107008000000000000000000000000000000000078
:107018000000000000000000000000000000000068
:107028000000000000000000000000000000000058
:107038000000000000000000000000000000000048
:107048000000000000000000000000000000000038
:107058000000000000000000000000000000000028
:107068000000000000000000000000000000000018
:107078000000000000000000000000000000000008
:1070880000000000000000000000000000000000F8
:1070980000000000000000000000000000000000E8
:1070A80000000000000000000000000000000000D8
:1070B80000000000000000000000000000000000C8
:1070C80000000000000000000000000000000000B8
:1070D80000000000000000000000000000000000A8
:1070E8000000000000000000000000000000000098
:1070F8000000000000000000000000000000000088
:107108000000000000000000000000000000000077
:107118000000000000000000000000000000000067
:107128000000000000000000000000000000000057
:107138000000000000000000000000000000000047
:107148000000000000000000000000000000000037
:107158000000000000000000000000000000000027
:107168000000000000000000000000000000000017
:107178000000000000000000000000000000000007
:1071880000000000000000000000000000000000F7
:10719800FFFFFFFFFFFFFFFFFFFFFFFFFFFFFFFFF7
:1071A800FFFFFFFFFFFFFFFFFFFFFFFFFFFFFFFFE7
:1071B800FFFFFFFFFFFFFFFFFFFFFFFFFFFFFFFFD7
:1071C800FFFFFFFFFFFFFFFFFFFFFFFFFFFFFFFFC7
:1071D800FFFFFFFFFFFFFFFFFFFFFFFFFFFFFFFFB7
:1071E800FFFFFFFFFFFFFFFFFFFFFFFFFFFFFFFFA7
:1071F800FFFFFFFFFFFFFFFFFFFFFFFFFFFFFFFF97
:10720800FFFFFFFFFFFFFFFFFFFFFFFFFFFFFFFF86
:10721800FFFFFFFFFFFFFFFFFFFFFFFFFFFFFFFF76
:10722800FFFFFFFFFFFFFFFFFFFFFFFFFFFFFFFF66
:10723800FFFFFFFFFFFFFFFFFFFFFFFFFFFFFFFF56
:10724800FFFFFFFFFFFFFFFFFFFFFFFFFFFFFFFF46
:10725800FFFFFFFFFFFFFFFFFFFFFFFFFFFFFFFF36
:10726800FFFFFFFFFFFFFFFFFFFFFFFFFFFFFFFF26
:10727800FFFFFFFFFFFFFFFFFFFFFFFFFFFFFFFF16
:10728800FFFFFFFFFFFFFFFFFFFFFFFFFFFFFFFF06
:10729800FFFFFFFFFFFFFFFFFFFFFFFFFFFFFFFFF6
:1072A800FFFFFFFFFFFFFFFFFFFFFFFFFFFFFFFFE6
:1072B800FFFFFFFFFFFFFFFFFFFFFFFFFFFFFFFFD6
:1072C800FFFFFFFFFFFFFFFFFFFFFFFFFFFFFFFFC6
:1072D800FFFFFFFFFFFFFFFFFFFFFFFFFFFFFFFFB6
:1072E800FFFFFFFFFFFFFFFFFFFFFFFFFFFFFFFFA6
:1072F800FFFFFFFFFFFFFFFFFFFFFFFFFFFFFFFF96
:10730800FFFFFFFFFFFFFFFFFFFFFFFFFFFFFFFF85
:10731800FFFFFFFFFFFFFFFFFFFFFFFFFFFFFFFF75
:10732800FFFFFFFFFFFFFFFFFFFFFFFFFFFFFFFF65
:10733800FFFFFFFFFFFFFFFFFFFFFFFFFFFFFFFF55
:10734800FFFFFFFFFFFFFFFFFFFFFFFFFFFFFFFF45
:10735800FFFFFFFFFFFFFFFFFFFFFFFFFFFFFFFF35
:10736800FFFFFFFFFFFFFFFFFFFFFFFFFFFFFFFF25
:10737800FFFFFFFFFFFFFFFFFFFFFFFFFFFFFFFF15
:10738800FFFFFFFFFFFFFFFFFFFFFFFFFFFFFFFF05
:10739800FFFFFFFFFFFFFFFFFFFFFFFFFFFFFFFFF5
:1073A800FFFFFFFFFFFFFFFFFFFFFFFFFFFFFFFFE5
:1073B800FFFFFFFFFFFFFFFFFFFFFFFFFFFFFFFFD5
:1073C800FFFFFFFFFFFFFFFFFFFFFFFFFFFFFFFFC5
:1073D800FFFFFFFFFFFFFFFFFFFFFFFFFFFFFFFFB5
:1073E800FFFFFFFFFFFFFFFFFFFFFFFFFFFFFFFFA5
:1073F800FFFFFFFFFFFFFFFF00000000000000008D
:107408000000000000000000000000000000000074
:107418000000000000000000000000000000000064
:107428000000000000000000000000000000000054
:107438000000000000000000000000000000000044
:107448000000000000000000000000000000000034
:107458000000000000000000000000000000000024
:107468000000000000000000000000000000000014
:107478000000000000000000000000000000000004
:1074880000000000000000000000000000000000F4
:1074980000000000000000000000000000000000E4
:1074A80000000000000000000000000000000000D4
:1074B80000000000000000000000000000000000C4
:1074C80000000000000000000000000000000000B4
:1074D80000000000000000000000000000000000A4
:1074E8000000000000000000000000000000000094
:1074F8000000000000000000000000000000000084
:107508000000000000000000000000000000000073
:107518000000000000000000000000000000000063
:107528000000000000000000000000000000000053
:107538000000000000000000000000000000000043
:107548000000000000000000000000000000000033
:107558000000000000000000000000000000000023
:107568000000000000000000000000000000000013
:107578000000000000000000000000000000000003
:1075880000000000000000000000000000000000F3
:1075980000000000000000000000000000000000E3
:1075A80000000000000000000000000000000000D3
:1075B80000000000000000000000000000000000C3
:1075C80000000000000000000000000000000000B3
:1075D80000000000000000000000000000000000A3
:1075E8000000000000000000000000000000000093
:1075F8000000000000000000000000000000000083
:107608000000000000000000000000000000000072
:107618000000000000000000000000000000000062
:107628000000000000000000000000000000000052
:107638000000000000000000000000000000000042
:107648000000000000000000000000000000000032
:107658000000000000000000000000000000000022
:107668000000000000000000000000000000000012
:107678000000000000000000000000000000000002
:1076880000000000000000000000000000000000F2
:1076980000000000000000000000000000000000E2
:1076A80000000000000000000000000000000000D2
:1076B80000000000000000000000000000000000C2
:1076C80000000000000000000000000000000000B2
:1076D80000000000000000000000000000000000A2
:1076E8000000000000000000000000000000000092
:1076F8000000000000000000000000000000000082
:107708000000000000000000000000000000000071
:107718000000000000000000000000000000000061
:107728000000000000000000000000000000000051
:107738000000000000000000000000000000000041
:107748000000000000000000000000000000000031
:107758000000000000000000000000000000000021
:107768000000000000000000000000000000000011
:107778000000000000000000000000000000000001
:1077880000000000000000000000000000000000F1
:1077980000000000000000000000000000000000E1
:1077A80000000000000000000000000000000000D1
:1077B80000000000000000000000000000000000C1
:1077C80000000000000000000000000000000000B1
:1077D80000000000000000000000000000000000A1
:1077E8000000000000000000000000000000000091
:1077F8000000000000000000000000000000000081
:107808000000000000000000000000000000000070
:107818000000000000000000000000000000000060
:107828000000000000000000000000000000000050
:107838000000000000000000000000000000000040
:107848000000000000000000000000000000000030
:107858000000000000000000000000000000000020
:107868000000000000000000000000000000000010
:107878000000000000000000000000000000000000
:1078880000000000000000000000000000000000F0
:1078980000000000000000000000000000000000E0
:1078A80000000000000000000000000000000000D0
:1078B80000000000000000000000000000000000C0
:1078C80000000000000000000000000000000000B0
:1078D80000000000000000000000000000000000A0
:1078E8000000000000000000000000000000000090
:1078F8000000000000000000000000000000000080
:10790800000000000000000000000000000000006F
:10791800000000000000000000000000000000005F
:10792800000000000000000000000000000000004F
:10793800000000000000000000000000000000003F
:10794800000000000000000000000000000000002F
:10795800000000000000000000000000000000001F
:10796800000000000000000000000000000000000F
:1079780000000000000000000000000000000000FF
:1079880000000000000000000000000000000000EF
:1079980000000000000000000000000000000000DF
:1079A80000000000000000000000000000000000CF
:1079B80000000000000000000000000000000000BF
:1079C80000000000000000000000000000000000AF
:1079D800000000000000000000000000000000009F
:1079E800000000000000000000000000000000008F
:1079F800000000000000000000000000000000007F
:107A0800000000000000000000000000000000006E
:107A1800000000000000000000000000000000005E
:107A2800000000000000000000000000000000004E
:107A3800000000000000000000000000000000003E
:107A4800000000000000000000000000000000002E
:107A5800000000000000000000000000000000001E
:107A6800000000000000000000000000000000000E
:107A780000000000000000000000000000000000FE
:107A880000000000000000000000000000000000EE
:107A980000000000000000000000000000000000DE
:107AA80000000000000000000000000000000000CE
:107AB80000000000000000000000000000000000BE
:107AC80000000000000000000000000000000000AE
:107AD800000000000000000000000000000000009E
:107AE800000000000000000000000000000000008E
:107AF800000000000000000000000000000000007E
:107B0800000000000000000000000000000000006D
:107B1800000000000000000000000000000000005D
:107B2800000000000000000000000000000000004D
:107B3800000000000000000000000000000000003D
:107B4800000000000000000000000000000000002D
:107B5800000000000000000000000000000000001D
:107B6800000000000000000000000000000000000D
:107B780000000000000000000000000000000000FD
:107B880000000000000000000000000000000000ED
:107B980000000000000000000000000000000000DD
:107BA80000000000000000000000000000000000CD
:107BB80000000000000000000000000000000000BD
:107BC80000000000000000000000000000000000AD
:107BD800000000000000000000000000000000009D
:107BE800000000000000000000000000000000008D
:107BF800000000000000000000000000000000007D
:107C0800000000000000000000000000000000006C
:107C1800000000000000000000000000000000005C
:107C2800000000000000000000000000000000004C
:107C3800000000000000000000000000000000003C
:107C4800000000000000000000000000000000002C
:107C5800000000000000000000000000000000001C
:107C6800000000000000000000000000000000000C
:107C780000000000000000000000000000000000FC
:107C880000000000000000000000000000000000EC
:107C980000000000000000000000000000000000DC
:107CA80000000000000000000000000000000000CC
:107CB80000000000000000000000000000000000BC
:107CC80000000000000000000000000000000000AC
:107CD800000000000000000000000000000000009C
:107CE800000000000000000000000000000000008C
:107CF800000000000000000000000000000000007C
:107D0800000000000000000000000000000000006B
:107D1800000000000000000000000000000000005B
:107D2800000000000000000000000000000000004B
:107D3800000000000000000000000000000000003B
:107D4800000000000000000000000000000000002B
:107D5800000000000000000000000000000000001B
:107D6800000000000000000000000000000000000B
:107D780000000000000000000000000000000000FB
:107D880000000000000000000000000000000000EB
:107D980000000000000000000000000000000000DB
:107DA80000000000000000000000000000000000CB
:107DB80000000000000000000000000000000000BB
:107DC80000000000000000000000000000000000AB
:107DD800000000000000000000000000000000009B
:107DE800000000000000000000000000000000008B
:107DF800000000000000000000000000000000007B
:107E0800000000000000000000000000000000006A
:107E1800000000000000000000000000000000005A
:107E2800000000000000000000000000000000004A
:107E3800000000000000000000000000000000003A
:107E4800000000000000000000000000000000002A
:107E5800000000000000000000000000000000001A
:107E6800000000000000000000000000000000000A
:107E780000000000000000000000000000000000FA
:107E880000000000000000000000000000000000EA
:107E980000000000000000000000000000000000DA
:107EA80000000000000000000000000000000000CA
:107EB80000000000000000000000000000000000BA
:107EC80000000000000000000000000000000000AA
:107ED800000000000000000000000000000000009A
:107EE800000000000000000000000000000000008A
:107EF800000000000000000000000000000000007A
:107F08000000000000000000000000000000000069
:107F18000000000000000000000000000000000059
:107F28000000000000000000000000000000000049
:107F38000000000000000000000000000000000039
:107F48000000000000000000000000000000000029
:107F58000000000000000000000000000000000019
:107F68000000000000000000000000000000000009
:107F780000000000000000000000000000000000F9
:107F880000000000000000000000000000000000E9
:107F980000000000000000000000000000000000D9
:107FA80000000000000000000000000000000000C9
:107FB80000000000000000000000000000000000B9
:107FC80000000000000000000000000000000000A9
:107FD8000000000000000000000000000000000099
:107FE8000000000000000000000000000000000089
:087FF800000000000000000081
:040000056000100087
:00000001FF
