:0200000460009A
:100000004643464200000156000000000101020084
:1000100000000000000000000000000000000000E0
:1000200000000000000000000000000000000000D0
:1000300000000000000000000000000000000000C0
:1000400000000000010406010000000000000000A4
:100050000000800000000000000000000000000020
:100060000000000000000000000000000000000090
:100070000000000000000000000000000000000080
:10008000EB04180AFF1E04320126000000000000E5
:100090000000000000000000000000000000000060
:1000A0000000000000000000000000000000000050
:1000B0000000000000000000000000000000000040
:1000C0000000000000000000000000000000000030
:1000D0000000000000000000000000000000000020
:1000E0000000000000000000000000000000000010
:1000F0000000000000000000000000000000000000
:1001000000000000000000000000000000000000EF
:1001100000000000000000000000000000000000DF
:1001200000000000000000000000000000000000CF
:1001300000000000000000000000000000000000BF
:1001400000000000000000000000000000000000AF
:10015000000000000000000000000000000000009F
:10016000000000000000000000000000000000008F
:10017000000000000000000000000000000000007F
:10018000000000000000000000000000000000006F
:10019000000000000000000000000000000000005F
:1001A000000000000000000000000000000000004F
:1001B000000000000000000000000000000000003F
:1001C000000100000010000001000000000000001D
:1001D000000001000000000000000000000000001E
:1001E000000000000000000000000000000000000F
:1001F00000000000000000000000000000000000FF
:10020000FFFFFFFFFFFFFFFFFFFFFFFFFFFFFFFFFE
:10021000FFFFFFFFFFFFFFFFFFFFFFFFFFFFFFFFEE
:10022000FFFFFFFFFFFFFFFFFFFFFFFFFFFFFFFFDE
:10023000FFFFFFFFFFFFFFFFFFFFFFFFFFFFFFFFCE
:10024000FFFFFFFFFFFFFFFFFFFFFFFFFFFFFFFFBE
:10025000FFFFFFFFFFFFFFFFFFFFFFFFFFFFFFFFAE
:10026000FFFFFFFFFFFFFFFFFFFFFFFFFFFFFFFF9E
:10027000FFFFFFFFFFFFFFFFFFFFFFFFFFFFFFFF8E
:10028000FFFFFFFFFFFFFFFFFFFFFFFFFFFFFFFF7E
:10029000FFFFFFFFFFFFFFFFFFFFFFFFFFFFFFFF6E
:1002A000FFFFFFFFFFFFFFFFFFFFFFFFFFFFFFFF5E
:1002B000FFFFFFFFFFFFFFFFFFFFFFFFFFFFFFFF4E
:1002C000FFFFFFFFFFFFFFFFFFFFFFFFFFFFFFFF3E
:1002D000FFFFFFFFFFFFFFFFFFFFFFFFFFFFFFFF2E
:1002E000FFFFFFFFFFFFFFFFFFFFFFFFFFFFFFFF1E
:1002F000FFFFFFFFFFFFFFFFFFFFFFFFFFFFFFFF0E
:10030000FFFFFFFFFFFFFFFFFFFFFFFFFFFFFFFFFD
:10031000FFFFFFFFFFFFFFFFFFFFFFFFFFFFFFFFED
:10032000FFFFFFFFFFFFFFFFFFFFFFFFFFFFFFFFDD
:10033000FFFFFFFFFFFFFFFFFFFFFFFFFFFFFFFFCD
:10034000FFFFFFFFFFFFFFFFFFFFFFFFFFFFFFFFBD
:10035000FFFFFFFFFFFFFFFFFFFFFFFFFFFFFFFFAD
:10036000FFFFFFFFFFFFFFFFFFFFFFFFFFFFFFFF9D
:10037000FFFFFFFFFFFFFFFFFFFFFFFFFFFFFFFF8D
:10038000FFFFFFFFFFFFFFFFFFFFFFFFFFFFFFFF7D
:10039000FFFFFFFFFFFFFFFFFFFFFFFFFFFFFFFF6D
:1003A000FFFFFFFFFFFFFFFFFFFFFFFFFFFFFFFF5D
:1003B000FFFFFFFFFFFFFFFFFFFFFFFFFFFFFFFF4D
:1003C000FFFFFFFFFFFFFFFFFFFFFFFFFFFFFFFF3D
:1003D000FFFFFFFFFFFFFFFFFFFFFFFFFFFFFFFF2D
:1003E000FFFFFFFFFFFFFFFFFFFFFFFFFFFFFFFF1D
:1003F000FFFFFFFFFFFFFFFFFFFFFFFFFFFFFFFF0D
:10040000FFFFFFFFFFFFFFFFFFFFFFFFFFFFFFFFFC
:10041000FFFFFFFFFFFFFFFFFFFFFFFFFFFFFFFFEC
:10042000FFFFFFFFFFFFFFFFFFFFFFFFFFFFFFFFDC
:10043000FFFFFFFFFFFFFFFFFFFFFFFFFFFFFFFFCC
:10044000FFFFFFFFFFFFFFFFFFFFFFFFFFFFFFFFBC
:10045000FFFFFFFFFFFFFFFFFFFFFFFFFFFFFFFFAC
:10046000FFFFFFFFFFFFFFFFFFFFFFFFFFFFFFFF9C
:10047000FFFFFFFFFFFFFFFFFFFFFFFFFFFFFFFF8C
:10048000FFFFFFFFFFFFFFFFFFFFFFFFFFFFFFFF7C
:10049000FFFFFFFFFFFFFFFFFFFFFFFFFFFFFFFF6C
:1004A000FFFFFFFFFFFFFFFFFFFFFFFFFFFFFFFF5C
:1004B000FFFFFFFFFFFFFFFFFFFFFFFFFFFFFFFF4C
:1004C000FFFFFFFFFFFFFFFFFFFFFFFFFFFFFFFF3C
:1004D000FFFFFFFFFFFFFFFFFFFFFFFFFFFFFFFF2C
:1004E000FFFFFFFFFFFFFFFFFFFFFFFFFFFFFFFF1C
:1004F000FFFFFFFFFFFFFFFFFFFFFFFFFFFFFFFF0C
:10050000FFFFFFFFFFFFFFFFFFFFFFFFFFFFFFFFFB
:10051000FFFFFFFFFFFFFFFFFFFFFFFFFFFFFFFFEB
:10052000FFFFFFFFFFFFFFFFFFFFFFFFFFFFFFFFDB
:10053000FFFFFFFFFFFFFFFFFFFFFFFFFFFFFFFFCB
:10054000FFFFFFFFFFFFFFFFFFFFFFFFFFFFFFFFBB
:10055000FFFFFFFFFFFFFFFFFFFFFFFFFFFFFFFFAB
:10056000FFFFFFFFFFFFFFFFFFFFFFFFFFFFFFFF9B
:10057000FFFFFFFFFFFFFFFFFFFFFFFFFFFFFFFF8B
:10058000FFFFFFFFFFFFFFFFFFFFFFFFFFFFFFFF7B
:10059000FFFFFFFFFFFFFFFFFFFFFFFFFFFFFFFF6B
:1005A000FFFFFFFFFFFFFFFFFFFFFFFFFFFFFFFF5B
:1005B000FFFFFFFFFFFFFFFFFFFFFFFFFFFFFFFF4B
:1005C000FFFFFFFFFFFFFFFFFFFFFFFFFFFFFFFF3B
:1005D000FFFFFFFFFFFFFFFFFFFFFFFFFFFFFFFF2B
:1005E000FFFFFFFFFFFFFFFFFFFFFFFFFFFFFFFF1B
:1005F000FFFFFFFFFFFFFFFFFFFFFFFFFFFFFFFF0B
:10060000FFFFFFFFFFFFFFFFFFFFFFFFFFFFFFFFFA
:10061000FFFFFFFFFFFFFFFFFFFFFFFFFFFFFFFFEA
:10062000FFFFFFFFFFFFFFFFFFFFFFFFFFFFFFFFDA
:10063000FFFFFFFFFFFFFFFFFFFFFFFFFFFFFFFFCA
:10064000FFFFFFFFFFFFFFFFFFFFFFFFFFFFFFFFBA
:10065000FFFFFFFFFFFFFFFFFFFFFFFFFFFFFFFFAA
:10066000FFFFFFFFFFFFFFFFFFFFFFFFFFFFFFFF9A
:10067000FFFFFFFFFFFFFFFFFFFFFFFFFFFFFFFF8A
:10068000FFFFFFFFFFFFFFFFFFFFFFFFFFFFFFFF7A
:10069000FFFFFFFFFFFFFFFFFFFFFFFFFFFFFFFF6A
:1006A000FFFFFFFFFFFFFFFFFFFFFFFFFFFFFFFF5A
:1006B000FFFFFFFFFFFFFFFFFFFFFFFFFFFFFFFF4A
:1006C000FFFFFFFFFFFFFFFFFFFFFFFFFFFFFFFF3A
:1006D000FFFFFFFFFFFFFFFFFFFFFFFFFFFFFFFF2A
:1006E000FFFFFFFFFFFFFFFFFFFFFFFFFFFFFFFF1A
:1006F000FFFFFFFFFFFFFFFFFFFFFFFFFFFFFFFF0A
:10070000FFFFFFFFFFFFFFFFFFFFFFFFFFFFFFFFF9
:10071000FFFFFFFFFFFFFFFFFFFFFFFFFFFFFFFFE9
:10072000FFFFFFFFFFFFFFFFFFFFFFFFFFFFFFFFD9
:10073000FFFFFFFFFFFFFFFFFFFFFFFFFFFFFFFFC9
:10074000FFFFFFFFFFFFFFFFFFFFFFFFFFFFFFFFB9
:10075000FFFFFFFFFFFFFFFFFFFFFFFFFFFFFFFFA9
:10076000FFFFFFFFFFFFFFFFFFFFFFFFFFFFFFFF99
:10077000FFFFFFFFFFFFFFFFFFFFFFFFFFFFFFFF89
:10078000FFFFFFFFFFFFFFFFFFFFFFFFFFFFFFFF79
:10079000FFFFFFFFFFFFFFFFFFFFFFFFFFFFFFFF69
:1007A000FFFFFFFFFFFFFFFFFFFFFFFFFFFFFFFF59
:1007B000FFFFFFFFFFFFFFFFFFFFFFFFFFFFFFFF49
:1007C000FFFFFFFFFFFFFFFFFFFFFFFFFFFFFFFF39
:1007D000FFFFFFFFFFFFFFFFFFFFFFFFFFFFFFFF29
:1007E000FFFFFFFFFFFFFFFFFFFFFFFFFFFFFFFF19
:1007F000FFFFFFFFFFFFFFFFFFFFFFFFFFFFFFFF09
:10080000FFFFFFFFFFFFFFFFFFFFFFFFFFFFFFFFF8
:10081000FFFFFFFFFFFFFFFFFFFFFFFFFFFFFFFFE8
:10082000FFFFFFFFFFFFFFFFFFFFFFFFFFFFFFFFD8
:10083000FFFFFFFFFFFFFFFFFFFFFFFFFFFFFFFFC8
:10084000FFFFFFFFFFFFFFFFFFFFFFFFFFFFFFFFB8
:10085000FFFFFFFFFFFFFFFFFFFFFFFFFFFFFFFFA8
:10086000FFFFFFFFFFFFFFFFFFFFFFFFFFFFFFFF98
:10087000FFFFFFFFFFFFFFFFFFFFFFFFFFFFFFFF88
:10088000FFFFFFFFFFFFFFFFFFFFFFFFFFFFFFFF78
:10089000FFFFFFFFFFFFFFFFFFFFFFFFFFFFFFFF68
:1008A000FFFFFFFFFFFFFFFFFFFFFFFFFFFFFFFF58
:1008B000FFFFFFFFFFFFFFFFFFFFFFFFFFFFFFFF48
:1008C000FFFFFFFFFFFFFFFFFFFFFFFFFFFFFFFF38
:1008D000FFFFFFFFFFFFFFFFFFFFFFFFFFFFFFFF28
:1008E000FFFFFFFFFFFFFFFFFFFFFFFFFFFFFFFF18
:1008F000FFFFFFFFFFFFFFFFFFFFFFFFFFFFFFFF08
:10090000FFFFFFFFFFFFFFFFFFFFFFFFFFFFFFFFF7
:10091000FFFFFFFFFFFFFFFFFFFFFFFFFFFFFFFFE7
:10092000FFFFFFFFFFFFFFFFFFFFFFFFFFFFFFFFD7
:10093000FFFFFFFFFFFFFFFFFFFFFFFFFFFFFFFFC7
:10094000FFFFFFFFFFFFFFFFFFFFFFFFFFFFFFFFB7
:10095000FFFFFFFFFFFFFFFFFFFFFFFFFFFFFFFFA7
:10096000FFFFFFFFFFFFFFFFFFFFFFFFFFFFFFFF97
:10097000FFFFFFFFFFFFFFFFFFFFFFFFFFFFFFFF87
:10098000FFFFFFFFFFFFFFFFFFFFFFFFFFFFFFFF77
:10099000FFFFFFFFFFFFFFFFFFFFFFFFFFFFFFFF67
:1009A000FFFFFFFFFFFFFFFFFFFFFFFFFFFFFFFF57
:1009B000FFFFFFFFFFFFFFFFFFFFFFFFFFFFFFFF47
:1009C000FFFFFFFFFFFFFFFFFFFFFFFFFFFFFFFF37
:1009D000FFFFFFFFFFFFFFFFFFFFFFFFFFFFFFFF27
:1009E000FFFFFFFFFFFFFFFFFFFFFFFFFFFFFFFF17
:1009F000FFFFFFFFFFFFFFFFFFFFFFFFFFFFFFFF07
:100A0000FFFFFFFFFFFFFFFFFFFFFFFFFFFFFFFFF6
:100A1000FFFFFFFFFFFFFFFFFFFFFFFFFFFFFFFFE6
:100A2000FFFFFFFFFFFFFFFFFFFFFFFFFFFFFFFFD6
:100A3000FFFFFFFFFFFFFFFFFFFFFFFFFFFFFFFFC6
:100A4000FFFFFFFFFFFFFFFFFFFFFFFFFFFFFFFFB6
:100A5000FFFFFFFFFFFFFFFFFFFFFFFFFFFFFFFFA6
:100A6000FFFFFFFFFFFFFFFFFFFFFFFFFFFFFFFF96
:100A7000FFFFFFFFFFFFFFFFFFFFFFFFFFFFFFFF86
:100A8000FFFFFFFFFFFFFFFFFFFFFFFFFFFFFFFF76
:100A9000FFFFFFFFFFFFFFFFFFFFFFFFFFFFFFFF66
:100AA000FFFFFFFFFFFFFFFFFFFFFFFFFFFFFFFF56
:100AB000FFFFFFFFFFFFFFFFFFFFFFFFFFFFFFFF46
:100AC000FFFFFFFFFFFFFFFFFFFFFFFFFFFFFFFF36
:100AD000FFFFFFFFFFFFFFFFFFFFFFFFFFFFFFFF26
:100AE000FFFFFFFFFFFFFFFFFFFFFFFFFFFFFFFF16
:100AF000FFFFFFFFFFFFFFFFFFFFFFFFFFFFFFFF06
:100B0000FFFFFFFFFFFFFFFFFFFFFFFFFFFFFFFFF5
:100B1000FFFFFFFFFFFFFFFFFFFFFFFFFFFFFFFFE5
:100B2000FFFFFFFFFFFFFFFFFFFFFFFFFFFFFFFFD5
:100B3000FFFFFFFFFFFFFFFFFFFFFFFFFFFFFFFFC5
:100B4000FFFFFFFFFFFFFFFFFFFFFFFFFFFFFFFFB5
:100B5000FFFFFFFFFFFFFFFFFFFFFFFFFFFFFFFFA5
:100B6000FFFFFFFFFFFFFFFFFFFFFFFFFFFFFFFF95
:100B7000FFFFFFFFFFFFFFFFFFFFFFFFFFFFFFFF85
:100B8000FFFFFFFFFFFFFFFFFFFFFFFFFFFFFFFF75
:100B9000FFFFFFFFFFFFFFFFFFFFFFFFFFFFFFFF65
:100BA000FFFFFFFFFFFFFFFFFFFFFFFFFFFFFFFF55
:100BB000FFFFFFFFFFFFFFFFFFFFFFFFFFFFFFFF45
:100BC000FFFFFFFFFFFFFFFFFFFFFFFFFFFFFFFF35
:100BD000FFFFFFFFFFFFFFFFFFFFFFFFFFFFFFFF25
:100BE000FFFFFFFFFFFFFFFFFFFFFFFFFFFFFFFF15
:100BF000FFFFFFFFFFFFFFFFFFFFFFFFFFFFFFFF05
:100C0000FFFFFFFFFFFFFFFFFFFFFFFFFFFFFFFFF4
:100C1000FFFFFFFFFFFFFFFFFFFFFFFFFFFFFFFFE4
:100C2000FFFFFFFFFFFFFFFFFFFFFFFFFFFFFFFFD4
:100C3000FFFFFFFFFFFFFFFFFFFFFFFFFFFFFFFFC4
:100C4000FFFFFFFFFFFFFFFFFFFFFFFFFFFFFFFFB4
:100C5000FFFFFFFFFFFFFFFFFFFFFFFFFFFFFFFFA4
:100C6000FFFFFFFFFFFFFFFFFFFFFFFFFFFFFFFF94
:100C7000FFFFFFFFFFFFFFFFFFFFFFFFFFFFFFFF84
:100C8000FFFFFFFFFFFFFFFFFFFFFFFFFFFFFFFF74
:100C9000FFFFFFFFFFFFFFFFFFFFFFFFFFFFFFFF64
:100CA000FFFFFFFFFFFFFFFFFFFFFFFFFFFFFFFF54
:100CB000FFFFFFFFFFFFFFFFFFFFFFFFFFFFFFFF44
:100CC000FFFFFFFFFFFFFFFFFFFFFFFFFFFFFFFF34
:100CD000FFFFFFFFFFFFFFFFFFFFFFFFFFFFFFFF24
:100CE000FFFFFFFFFFFFFFFFFFFFFFFFFFFFFFFF14
:100CF000FFFFFFFFFFFFFFFFFFFFFFFFFFFFFFFF04
:100D0000FFFFFFFFFFFFFFFFFFFFFFFFFFFFFFFFF3
:100D1000FFFFFFFFFFFFFFFFFFFFFFFFFFFFFFFFE3
:100D2000FFFFFFFFFFFFFFFFFFFFFFFFFFFFFFFFD3
:100D3000FFFFFFFFFFFFFFFFFFFFFFFFFFFFFFFFC3
:100D4000FFFFFFFFFFFFFFFFFFFFFFFFFFFFFFFFB3
:100D5000FFFFFFFFFFFFFFFFFFFFFFFFFFFFFFFFA3
:100D6000FFFFFFFFFFFFFFFFFFFFFFFFFFFFFFFF93
:100D7000FFFFFFFFFFFFFFFFFFFFFFFFFFFFFFFF83
:100D8000FFFFFFFFFFFFFFFFFFFFFFFFFFFFFFFF73
:100D9000FFFFFFFFFFFFFFFFFFFFFFFFFFFFFFFF63
:100DA000FFFFFFFFFFFFFFFFFFFFFFFFFFFFFFFF53
:100DB000FFFFFFFFFFFFFFFFFFFFFFFFFFFFFFFF43
:100DC000FFFFFFFFFFFFFFFFFFFFFFFFFFFFFFFF33
:100DD000FFFFFFFFFFFFFFFFFFFFFFFFFFFFFFFF23
:100DE000FFFFFFFFFFFFFFFFFFFFFFFFFFFFFFFF13
:100DF000FFFFFFFFFFFFFFFFFFFFFFFFFFFFFFFF03
:100E0000FFFFFFFFFFFFFFFFFFFFFFFFFFFFFFFFF2
:100E1000FFFFFFFFFFFFFFFFFFFFFFFFFFFFFFFFE2
:100E2000FFFFFFFFFFFFFFFFFFFFFFFFFFFFFFFFD2
:100E3000FFFFFFFFFFFFFFFFFFFFFFFFFFFFFFFFC2
:100E4000FFFFFFFFFFFFFFFFFFFFFFFFFFFFFFFFB2
:100E5000FFFFFFFFFFFFFFFFFFFFFFFFFFFFFFFFA2
:100E6000FFFFFFFFFFFFFFFFFFFFFFFFFFFFFFFF92
:100E7000FFFFFFFFFFFFFFFFFFFFFFFFFFFFFFFF82
:100E8000FFFFFFFFFFFFFFFFFFFFFFFFFFFFFFFF72
:100E9000FFFFFFFFFFFFFFFFFFFFFFFFFFFFFFFF62
:100EA000FFFFFFFFFFFFFFFFFFFFFFFFFFFFFFFF52
:100EB000FFFFFFFFFFFFFFFFFFFFFFFFFFFFFFFF42
:100EC000FFFFFFFFFFFFFFFFFFFFFFFFFFFFFFFF32
:100ED000FFFFFFFFFFFFFFFFFFFFFFFFFFFFFFFF22
:100EE000FFFFFFFFFFFFFFFFFFFFFFFFFFFFFFFF12
:100EF000FFFFFFFFFFFFFFFFFFFFFFFFFFFFFFFF02
:100F0000FFFFFFFFFFFFFFFFFFFFFFFFFFFFFFFFF1
:100F1000FFFFFFFFFFFFFFFFFFFFFFFFFFFFFFFFE1
:100F2000FFFFFFFFFFFFFFFFFFFFFFFFFFFFFFFFD1
:100F3000FFFFFFFFFFFFFFFFFFFFFFFFFFFFFFFFC1
:100F4000FFFFFFFFFFFFFFFFFFFFFFFFFFFFFFFFB1
:100F5000FFFFFFFFFFFFFFFFFFFFFFFFFFFFFFFFA1
:100F6000FFFFFFFFFFFFFFFFFFFFFFFFFFFFFFFF91
:100F7000FFFFFFFFFFFFFFFFFFFFFFFFFFFFFFFF81
:100F8000FFFFFFFFFFFFFFFFFFFFFFFFFFFFFFFF71
:100F9000FFFFFFFFFFFFFFFFFFFFFFFFFFFFFFFF61
:100FA000FFFFFFFFFFFFFFFFFFFFFFFFFFFFFFFF51
:100FB000FFFFFFFFFFFFFFFFFFFFFFFFFFFFFFFF41
:100FC000FFFFFFFFFFFFFFFFFFFFFFFFFFFFFFFF31
:100FD000FFFFFFFFFFFFFFFFFFFFFFFFFFFFFFFF21
:100FE000FFFFFFFFFFFFFFFFFFFFFFFFFFFFFFFF11
:100FF000FFFFFFFFFFFFFFFFFFFFFFFFFFFFFFFF01
:10100000D1002043F1150060000000000000000046
:10101000201000600010006000100360000000005D
:1010200000000060001C030000000000FFFFFFFF45
:10103000FFFFFFFFFFFFFFFFFFFFFFFFFFFFFFFFC0
:10104000FFFFFFFFFFFFFFFFFFFFFFFFFFFFFFFFB0
:10105000FFFFFFFFFFFFFFFFFFFFFFFFFFFFFFFFA0
:10106000FFFFFFFFFFFFFFFFFFFFFFFFFFFFFFFF90
:10107000FFFFFFFFFFFFFFFFFFFFFFFFFFFFFFFF80
:10108000FFFFFFFFFFFFFFFFFFFFFFFFFFFFFFFF70
:10109000FFFFFFFFFFFFFFFFFFFFFFFFFFFFFFFF60
:1010A000FFFFFFFFFFFFFFFFFFFFFFFFFFFFFFFF50
:1010B000FFFFFFFFFFFFFFFFFFFFFFFFFFFFFFFF40
:1010C000FFFFFFFFFFFFFFFFFFFFFFFFFFFFFFFF30
:1010D000FFFFFFFFFFFFFFFFFFFFFFFFFFFFFFFF20
:1010E000FFFFFFFFFFFFFFFFFFFFFFFFFFFFFFFF10
:1010F000FFFFFFFFFFFFFFFFFFFFFFFFFFFFFFFF00
:10110000FFFFFFFFFFFFFFFFFFFFFFFFFFFFFFFFEF
:10111000FFFFFFFFFFFFFFFFFFFFFFFFFFFFFFFFDF
:10112000FFFFFFFFFFFFFFFFFFFFFFFFFFFFFFFFCF
:10113000FFFFFFFFFFFFFFFFFFFFFFFFFFFFFFFFBF
:10114000FFFFFFFFFFFFFFFFFFFFFFFFFFFFFFFFAF
:10115000FFFFFFFFFFFFFFFFFFFFFFFFFFFFFFFF9F
:10116000FFFFFFFFFFFFFFFFFFFFFFFFFFFFFFFF8F
:10117000FFFFFFFFFFFFFFFFFFFFFFFFFFFFFFFF7F
:10118000FFFFFFFFFFFFFFFFFFFFFFFFFFFFFFFF6F
:10119000FFFFFFFFFFFFFFFFFFFFFFFFFFFFFFFF5F
:1011A000FFFFFFFFFFFFFFFFFFFFFFFFFFFFFFFF4F
:1011B000FFFFFFFFFFFFFFFFFFFFFFFFFFFFFFFF3F
:1011C000FFFFFFFFFFFFFFFFFFFFFFFFFFFFFFFF2F
:1011D000FFFFFFFFFFFFFFFFFFFFFFFFFFFFFFFF1F
:1011E000FFFFFFFFFFFFFFFFFFFFFFFFFFFFFFFF0F
:1011F000FFFFFFFFFFFFFFFFFFFFFFFFFFFFFFFFFF
:10120000FFFFFFFFFFFFFFFFFFFFFFFFFFFFFFFFEE
:10121000FFFFFFFFFFFFFFFFFFFFFFFFFFFFFFFFDE
:10122000FFFFFFFFFFFFFFFFFFFFFFFFFFFFFFFFCE
:10123000FFFFFFFFFFFFFFFFFFFFFFFFFFFFFFFFBE
:10124000FFFFFFFFFFFFFFFFFFFFFFFFFFFFFFFFAE
:10125000FFFFFFFFFFFFFFFFFFFFFFFFFFFFFFFF9E
:10126000FFFFFFFFFFFFFFFFFFFFFFFFFFFFFFFF8E
:10127000FFFFFFFFFFFFFFFFFFFFFFFFFFFFFFFF7E
:10128000FFFFFFFFFFFFFFFFFFFFFFFFFFFFFFFF6E
:10129000FFFFFFFFFFFFFFFFFFFFFFFFFFFFFFFF5E
:1012A000FFFFFFFFFFFFFFFFFFFFFFFFFFFFFFFF4E
:1012B000FFFFFFFFFFFFFFFFFFFFFFFFFFFFFFFF3E
:1012C000FFFFFFFFFFFFFFFFFFFFFFFFFFFFFFFF2E
:1012D000FFFFFFFFFFFFFFFFFFFFFFFFFFFFFFFF1E
:1012E000FFFFFFFFFFFFFFFFFFFFFFFFFFFFFFFF0E
:1012F000FFFFFFFFFFFFFFFFFFFFFFFFFFFFFFFFFE
:10130000FFFFFFFFFFFFFFFFFFFFFFFFFFFFFFFFED
:10131000FFFFFFFFFFFFFFFFFFFFFFFFFFFFFFFFDD
:10132000FFFFFFFFFFFFFFFFFFFFFFFFFFFFFFFFCD
:10133000FFFFFFFFFFFFFFFFFFFFFFFFFFFFFFFFBD
:10134000FFFFFFFFFFFFFFFFFFFFFFFFFFFFFFFFAD
:10135000FFFFFFFFFFFFFFFFFFFFFFFFFFFFFFFF9D
:10136000FFFFFFFFFFFFFFFFFFFFFFFFFFFFFFFF8D
:10137000FFFFFFFFFFFFFFFFFFFFFFFFFFFFFFFF7D
:10138000FFFFFFFFFFFFFFFFFFFFFFFFFFFFFFFF6D
:10139000FFFFFFFFFFFFFFFFFFFFFFFFFFFFFFFF5D
:1013A000FFFFFFFFFFFFFFFFFFFFFFFFFFFFFFFF4D
:1013B000FFFFFFFFFFFFFFFFFFFFFFFFFFFFFFFF3D
:1013C000FFFFFFFFFFFFFFFFFFFFFFFFFFFFFFFF2D
:1013D000FFFFFFFFFFFFFFFFFFFFFFFFFFFFFFFF1D
:1013E000FFFFFFFFFFFFFFFFFFFFFFFFFFFFFFFF0D
:1013F000FFFFFFFFFFFFFFFFFFFFFFFFFFFFFFFFFD
:10140000824205D051F8043B40F8043B8242F9D8AF
:10141000704700BF044A05494FF0000342F8043BFF
:101420009142FBD8704700BFC04A0020C0F704209B
:1014300008B5BFF34F8F03F029FA544C544B0820E2
:101440005449C3F85401544AC3F800115348C3F82F
:10145000F0405349FFF7D4FF524A53495348FFF72E
:10146000CFFF534CFFF7D6FF4FF470004FF0E02151
:101470000023504AC1F8880D44F823200133B02BD3
:10148000FAD14D4B80214D4A03F8011B9342FBD109
:101490004FF0E0254A4E4B4A4FF0FF31C5F8084D5A
:1014A000D5F8243D43F4E023C5F8243DF36923F047
:1014B0007F0343F04003F361736A23F07F0343F03B
:1014C000400373629166D1661167516703F0E6F9D4
:1014D0003D4A3E4BA2636322E36300246A61032317
:1014E0003B4AAC612B61C5F8202DD5F8FC2D394B5A
:1014F00042F080723849C5F8FC2D1A6842F00102AA
:101500001A605B680B6003F099FB344803F030FE0F
:10151000F16E334B334A41F44051F1661C60C3F81D
:101520000841C3F81841C3F82841C3F83841936B08
:10153000DB0708D442F615632B4951651365936B9D
:1015400043F001039363274A284C936843F0011347
:10155000936003F031FA03F0DDFC03F01DFE03F0AD
:101560009FFB03F095F92368132BFCD903F034FC9F
:101570002368B3F5967FFBD303F08EF903F08AF965
:1015800003F0E2FD03F0BCFD30BFFDE70C0D1113CD
:1015900000800D401B101820F854020000000000CD
:1015A000906C0060C04A00208CC1026000000020E6
:1015B00000480020B5BF010000E400E0A0E400E026
:1015C00000C00F4000C00A4021B8010025B801004A
:1015D00000002020001000E044F704200046C32350
:1015E0000040084000400D400000C05648F704206D
:1015F000054B4FF42A01054A05485A641864054A08
:1016000099639546FFF714FF00C00A40FFABAAAAF2
:101610000700200000800520DFF838C0014630B503
:10162000DCF8442085B0DCF82830DCF84850DCF8E1
:101630002CE0DCF8C040DCF8C8000095CDF804E0F0
:10164000CDE90240024803F0CFFD05B030BD00BF38
:101650000009002000002C402DE9F04798B000233D
:10166000624A634904A803F09BFC624C08A9624FDC
:1016700004F11000DDE90523C4E901239DF81C30C5
:10168000237303F0ADFC08A8049703F025FDA36CB9
:10169000002B7BD0DA69002358495948594DC1E9DC
:1016A000002303F0A1FD0023A06C2E68CDE90233D6
:1016B000F8B103AA02A903F087FC534B4C4A1870F7
:1016C000D2F88034002B75D0DB799A4600282AD0D6
:1016D000BAF1400FDDE902120CBF4C4B4C4B2C68A9
:1016E0004C48A41B009403F07FFD012018B0BDE816
:1016F000F087E06C00284FD003AA02A903F088FC11
:101700003B4B4149D3F88424D3F8803430B10120D5
:101710000870002B5ED0DB799A46D9E70870002B61
:101720005ED0DB799A463C4D4FF000093B4C3C4E75
:1017300005F120082D4A00232D4904A803F030FCB0
:10174000059B08A9204644F80C3C5034069B44F8FD
:10175000583C9DF81C3004F8543C03F041FC08A8A8
:10176000049703F0B9FC0022002346F8049BE5E847
:1017700002234545DED1BAF1400F4FF0040229485B
:101780000CBF2249224903F02FFDAEE7E06C002890
:10179000ACD0D0E904237FE71B4B154A1870D2F870
:1017A0008034002BBDD1D2F8843453B193F8443443
:1017B0009A46B8E7D2F8843433B193F844349A4661
:1017C00084E74FF0000AAEE70028FAD0104BDDE9BD
:1017D000021284E7002AF9D092F844349A4677E757
:1017E000002AEED092F844349A469CE788090020FB
:1017F00048FF0120E00B04207C3600207805022001
:101800009409002048F704207CF704207809002080
:1018100080090020B009002080050220F811042072
:10182000FC1A0420140A0020F0B5874E97B0044635
:101830003378002B6ED1002C33D1844A02238449A3
:1018400002A803F0ADFB834D039B06A905F1100030
:101850006B60049BAB609DF814302B7303F0C0FBEE
:101860007D4B06A8029303F037FCA86C002800F01B
:101870009B8002AA01A9CDE9014403F0A5FBAB6C52
:10188000002B00F0BE80DC69002800F0A480734AC1
:101890002146734803F0A8FC01230020337017B0E1
:1018A000F0BD6B4BD3F88024002A39D0002302A866
:1018B0001146664A0746029303F052FC00283DD1C8
:1018C000624A40F202636249384603F069FB614DA7
:1018D000039B06A905F110006B60049BAB609DF8AB
:1018E00014302B7303F07CFB5B4B06A8029303F0D0
:1018F000F3FBA86C002833D0214603F069FC0028D4
:1019000037D05848214603F06FFC01230020337084
:1019100017B0F0BD544803F0DFFB002333708AE7B3
:101920004B4BD3F8841400294FD002A813460E92D3
:10193000464A074603F040FB0028C1D0444BD3F889
:101940008014002949D00023404A384602930123DD
:1019500003F006FC0028B3D0384603F0C9FBAFE71C
:10196000EA6CF2B103461046224603F0ADFB0028B4
:10197000C7D121463D4803F037FC3B4803F0ACFBA0
:10198000334BD3F88004002844D0002401460123BF
:101990002E4A3846029403F0E3FB10B1384603F0B8
:1019A000A7FB4FF0FF30B3E7E86C0028F9D002AA9C
:1019B00001A9CDE9014403F02BFBD5E9123230B186
:1019C000002B3BD0DC69254A62E702AF78E7002BA9
:1019D00031D102B11469264A5AE71D4BD3F8843439
:1019E000002B3FF46DAF0E9138461946174A01237C
:1019F00003F0E2FA00283FF463AF384603F0D4FB6B
:101A00005EE7EB6C002B3FF43FAF1C6900287FF4CE
:101A10003EAFE0E70E4BD3F884140029C1D00E90FE
:101A200001230A4A384603F0C7FA0028B9D03846DD
:101A300003F0BAFBB5E7DC690D4A29E7002A3FF459
:101A400026AF1469054A23E779F70420B00A00207D
:101A500048FF0120300C04207C360020840A00203E
:101A6000BC0A0020200B0020400C0420E40A0020C7
:101A7000940A00202DE9F041DFF84881064698F8E5
:101A800000300BB103F0E0FA434C2778002F72D1FD
:101A9000424C434804F5A07503F01EFBA36B20469F
:101AA000002B62D003F018FB5034A542F6D13D4C18
:101AB0009FED377B04F59063D4F88C0483ED007BB5
:101AC00010B103689B6898470023374D314684F86E
:101AD000C86488F80030FF23284684F8BC3403F03B
:101AE0009BFA2846C4F88C5403F0BAFA20BB0123B1
:101AF000A5F59260D4F88C141A4603F0B9FAD8B15F
:101B000001222A4B88F800201E7003F035FA002EBF
:101B100037D0274903F034FB0246264803F064FB24
:101B2000FFF79AFDF0B1F7B10020FFF77DFEB0FAA4
:101B300080F04009BDE8F081DEB91F4DD4F88C0477
:101B400008B303685B6B9847D4F88C34044623B120
:101B50001A681846936B9847C3B22246294617481D
:101B600003F042FB0020BDE8F081E36B002B99D12C
:101B70009AE70F4DE2E7124803F0AEFA0023237014
:101B800086E70D49C6E703462A24E6E7AFF300805F
:101B9000000000000000000079F70420F811042084
:101BA000F00B042048FF0120D80302206EF7042028
:101BB0007C0B0020D00B0020880B0020940B002011
:101BC000400C042076F704202DE9F04F944687B0AE
:101BD000894610F50012DFF81481824602924FF018
:101BE000000749F10002D8F800103B4C4FF0E02606
:101BF0003A4D0392CDE904C321F01F0301F5803172
:101C0000BFF34F8FC6F8703F20339942FAD8BFF325
:101C10004F8FBFF36F8F03F0F3F94FF48033834698
:101C2000494600935046D8F8002003F09DFA00285A
:101C30004ED103F0E5F92A4BA7EB0B0B1B7800EB19
:101C40000B079BBBD8F800104FF6FF7C40F2B31295
:101C50008C44481E10F8013F5C4084454FEA042341
:101C600002FB0533A4FB02451D44F3D11AF5803A6B
:101C7000DDE9023249F100094A4508BF5345BBD1AD
:101C800007EE907A9FED176ADFED176A0120F8EEF4
:101C9000677ADDE904C387EE867ACCE90045C6EEB3
:101CA000877AC3ED007A07B0BDE8F08FD8F800203E
:101CB00022F01F0302F58032BFF34F8FC6F85C3F5E
:101CC00020339A42FAD8BFF34F8FBFF36F8FB9E733
:101CD000002007B0BDE8F08F83039D73B00F65143B
:101CE0006EF7042000247449BD370640A81A04206A
:101CF0002DE9F04F2DED048BADF5815DDFF818B2C5
:101D0000DFF8188285B07A4F9FED7A9A0DF1370689
:101D1000DFF80CA29FED748B26F01F06059603F0EA
:101D20006FF94FF000545BF8045B00260490D8F87C
:101D3000009003F029F997F800C02B464A46204648
:101D40003146BCF1000F40F08180009503F00CFAA1
:101D500000287BD12C1904F1604346F10006B3F151
:101D6000807FE4D3DDF8109003F04AF99AF8003050
:101D7000A0EB090007EE900AF8EE677A87EE897A01
:101D8000B7EEC77A88EE076B002B75D15A4A5B4BCA
:101D900029465B48CDE9002353EC162B03F024FAC7
:101DA000584B9B45BBD1059E4FF0005403F028F9DA
:101DB000002581464FF4805807E014F5805445F122
:101DC000000504F15F432B4365D003F0DDF897F87D
:101DD00000C04FF48053324620462946BCF1000F24
:101DE00005D1CDF8008003F0BFF90028E5D003F05D
:101DF00007F9A0EB0900DFED3F5A07EE900A9AF8C9
:101E00000030F8EE677A9FED386B87EEA57AB7EE73
:101E1000C77A86EE078B002B34D13B4B364ED3F876
:101E20008C0403F029F9394D04464FF480513848A9
:101E3000009653EC182BCDE9014503F0D5F90DF5CB
:101E4000815D05B0BDEC048BBDE8F08FDDF810902E
:101E500003F0D6F89AF80030A0EB090007EE900ADC
:101E6000F8EE677A87EE897AB7EEC77A88EE076B65
:101E70002BB1284A254B8BE7264A204B88E71E4A80
:101E8000224B85E7204B234ED3F88C0403F0F4F863
:101E90001E4D0446C9E703F0B3F8A0EB0900DFEDDF
:101EA000155A07EE900A9AF80030F8EE677A9FED1F
:101EB0000E6B87EEA57AB7EEC77A86EE078B43B135
:101EC000114B144ED3F88C0403F0D6F80B4D044696
:101ED000ABE70D4B084ED3F88C0403F0CDF8074D5B
:101EE0000446A2E7AFF300808DEDB5A0F7C6304001
:101EF00073F7042000247449F00B0020D43500202F
:101F0000040C0020D037002048FF0120F80B0020EF
:101F1000340C0020000C0020C4370020A81A042034
:101F20006EF704202DE9F04F2DED048B97B003F0F0
:101F300087F8B7EEC07AA24853EC172B03F054F998
:101F4000A04B00201C78A04B1870FFF793FD0028D1
:101F500000F01481DFED9D7A0EAEDFF8B492B0EEA2
:101F6000678A9B4DCDED0B7A32460BAB08350836B0
:101F700055E90201FFF728FE002800F01381DDED8E
:101F80000B7A4D4538EE278AEED1F5EE007ADFF870
:101F90008482D8F82C5003F0F3F828EE278A014603
:101FA000C5F303158B48B7EEC87A6A1C013D8DED69
:101FB000007B03F019F9002D40F3EB80DFED867A0A
:101FC0000023DFF854B268EE278A089309949FED46
:101FD0007A9B9BF800302BB1804BD3F88C040368BC
:101FE0001B6A9847D8F82C3042F2107423F0F003A3
:101FF00043EA0513C8F82C3003F002F8064605E062
:1020000002F0FEFF801BA04200F29F80D8F824302F
:102010001B07F5D500269FED6D8A4FF0020A079544
:1020200037460EAD6A4C0BAB0CAA083454E90201DA
:10203000FFF7CAFD002800F08380DDED0B7A013642
:10204000DDE90C31D5E9000238EE278A08359142E6
:1020500008BF834214BF012300234C451F44E2D133
:10206000BAF1010F02D04FF0010ADAE7079D3C46B2
:102070000020D8F82C20C2F3072312F47F4FC2F3BC
:10208000031105F1010214BF5B00012301FB0333BF
:102090005349B1FBF3F1002E4FD007EE906AF8EEF2
:1020A000E77A88EE277AB7EEC77A0296CDE9037011
:1020B0008DED007B4B4803F097F88CB907EE906AE2
:1020C000F8EEE77A88EE277AB4EEE87AF1EE10FAC5
:1020D00003DDF0EE478AEBB20893013D7FF479AF60
:1020E000099C2046FFF7C6FC002838D0089A002A31
:1020F00054D035499BF800300A70002B46D1089C1B
:10210000204603F029F803F03BF8B7EEE87A621CAA
:1021100001463548D2B28DED007B03F065F802F040
:102120008FFFB7EEC07A314853EC172B03F05CF801
:1021300017B0BDEC048BBDE8F08FB0EE497BB4E77F
:10214000079D47F00104012093E7099C691C28487A
:1021500003F04AF82046FFF78DFC0028C6D1254839
:1021600003F042F82449254803F03EF8244B0022AE
:102170001A7017B0BDEC048BBDE8F08F214817B082
:10218000BDEC048BBDE8F04F03F02EB802F05CFF0D
:10219000B5E72046FFF76EFC0028E0D01A4803F0B0
:1021A00023F8BCE7194803F01FF817B0BDEC048B07
:1021B000BDE8F08FAFF300800000000000000000D9
:1021C000780C00206EF7042078F70420000000004F
:1021D000A0020020DC0C00205C8F823F48FF012021
:1021E000700503001C0D0020D80D00202C0E0020CF
:1021F000480E0020600D0020800D0020C80D00203A
:1022000070F70420940C00200C0E0020B80C002065
:10221000C002002000002C4076F704202DE9F04F8A
:102220002DED028BB5B00FAA0EAB0DAC09900020BE
:102230000094CDE901320CAB12AA02F065FF002830
:1022400040F04D810F9A4FF480330D99B3FBF2F3B8
:102250008B4228BF0B469B46002B00F095800E9BBF
:10226000B3F52C5F00F29080DFF8CCA2DAF80030F2
:102270000BFB023223F01F03BFF34F8F4FF0E0211F
:10228000C1F8703F20339A42FAD8BFF34F8FBFF3A3
:102290006F8F0F9BDAF8002003FB0BF3DDE91201CF
:1022A00002F07EFF0446002840F0E981944B0E9A2C
:1022B0001868B2B19FED937A064600EB820C924902
:1022C000924D934F05FB01710B0AA3F5000307EE36
:1022D000903AF8EEE77A67EE877AE6EC017AB44551
:1022E000F0D1DFF85892DFF84C82CDF80480D9F8AD
:1022F00000300093002302F0E3FE864B0E9A009319
:102300000023D9F8000002F08BFE07EE90BA0B9480
:102310000024B8EEE78BDFED807A84F0010600251B
:10232000CDED107A02F06CFE0A9408900024079517
:102330000EE00025CDF800C0019502F0B9FEDDEDFC
:10234000107A013437EE800AA3458DED100A24D0AF
:102350000F9A4346DAF800500C9802FB0455D9F85E
:1023600000700C28DDF838C03A462946E1D1002E2D
:10237000DFD028460025674B42463946CDF800C0DD
:10238000019502F065FEDAE70999644802F02CFF36
:1023900035B0BDEC028BBDE8F08F079D02F030FE3A
:1023A000089B0135C01A5E4B9842BFD9089F0A9C12
:1023B00002F026FEC01B0C9A9FED5A7A07EE900A97
:1023C0000C2AF8EE677A87EE876A02D1002E40F079
:1023D0005481554B07EE905A0E995448B8EE674B0E
:1023E000DDED0E7AB7EEC66A0191B8EE677B09990A
:1023F000CDF800B027EE087B9FED3D5B27EE047B18
:1024000087EE055BDDED0F7AB8EE677B27EE087B84
:1024100027EE047B9FED384B27EE047B87EE064BBF
:1024200085EE067B8DED024B8DED047B02F0DCFE2C
:102430000C9B0C2B4CD023F002030B9C0C2BA7D134
:102440001BAAD9F8005013AB23A91046314E43F80C
:10245000045F984242F8048F41F8046FF6D10023DC
:102460000DF170082CAF119302F0CAFD0023089003
:102470000A9407930024254611E00497CDF80080C4
:10248000CDE9026502F0D4FDDDED117A01349DED58
:10249000337AA34577EE877ACDED117A50D00F9A33
:1024A000DAF800300C9802FB043C0E9E0C2814ABAA
:1024B0004FF008026146E0D1434614AA0821604665
:1024C0000497CDE9026524AE009602F031FEDBE709
:1024D000631C0124022B7FF41EAF0B9CB0E709990B
:1024E000134802F081FE35B0BDEC028BBDE8F08FE1
:1024F0000000000080842E41000000000000B03E7B
:10250000DC0B04200000003491F445250D66190011
:102510005FF36E3C14150420000000009C0E0020A8
:102520003F420F00002474497C0E0020D80E00208A
:10253000840E0020840C0420A81A0420800C04209F
:10254000079B0133079302F05BFD089BC01A504BB9
:1025500098428FD90A9C02F053FD089BB2EE004BC3
:102560009FED4C6AC01ADDED077A28EE044B0C9AF9
:1025700006EE900A09994848F8EE666AB8EE677B5D
:1025800086EE865ADDED0E6AB8EE666B26EE046BBB
:1025900026EE077BB7EEC55A9FED3B6B87EE066BC9
:1025A00086EE057B8DED007B02F01EFE0C9B0C2B56
:1025B0007FF4EEAEDFED397A0026CDED2C7A35468C
:1025C00002F01EFD07464FF000080F98344ACDE98F
:1025D0000154DAF8003000FB08300E9B08F10108C6
:1025E0000093D9F8001002F04BFDDDED2C7AC345C5
:1025F00030EE270A8DED2C0AE7D102F001FD244BC5
:10260000C01B01369842DED902F0FAFCC01B9FEDD8
:10261000216A07EE906A06EE900A224BB8EE677BBD
:102620002246F8EE666A013409991F4886EE865AFA
:10263000DDED0E6AB8EE666B26EE086B26EE077BC4
:10264000B7EEC55A9FED106B87EE063B93ED006A1F
:10265000B8EE466B26EE056B86EE074B83EE057BE8
:102660008DED004B8DED027B02F0BEFD032CA1D160
:1026700035B0BDEC028BBDE8F08F0C4BAAE6099992
:102680000B4802F0B1FD83E60000000080842E417B
:102690003F420F0000247449280F00200000000072
:1026A000840C0420AC4300206C0F0020740E00202A
:1026B000BC0E00202DE9F04F2DED0C8B0378CDB032
:1026C0000446492B21D14278FAB9A949A948AA4A16
:1026D000AA4B096800781468CA051B6A002840F0F4
:1026E0003C82A7480094A74C01902468A648049413
:1026F000A64C24680394A64C2468029402F074FD4E
:102700004DB0BDEC0C8BBDE8F08F692B00F0208242
:102710000522A049204602F04BFD002800F01F8250
:102720009D49204602F054FC8146002800F0428278
:102730009A49204602F04CFC0546002800F0DC8354
:102740009749204602F044FC002800F01F8409222B
:102750009449204602F02CFD002800F001859249A2
:10276000204602F035FC002800F01B8506228F4928
:10277000204602F01DFD002800F0998509228C49B1
:10278000204602F015FD002800F0A48507228949A3
:10279000204602F00DFD002800F0B2858649204653
:1027A00002F016FC002800F010848449204602F054
:1027B0000FFC002800F0DA8507228149204602F04C
:1027C000F7FC0546002800F0B1857E49204602F05E
:1027D000FFFB002800F0D18507227B49204602F04C
:1027E000E7FC002800F0EB8507227849204602F03C
:1027F000DFFC002800F0D98607227549204602F048
:10280000D7FC002800F0EB8607227249204602F030
:10281000CFFC0546002800F0B4862278234662B13A
:1028200020465C2A00F1010100F0BB83014603F859
:10283000012B4A78481C002AF3D1674E00253268E4
:102840001D70AA4240F3DC86644F40F2FF324A4BCF
:102850002046D7F800A01B68DFF8A491D21A09EB34
:102860000A3102F091FCB0F10008396840F3E586C6
:102870005B4A09EB01314FEA4A13204602EB4A1A40
:10288000D1503D4BCAF804801B68CAF8083002F0EA
:102890001FFC4FF480530146524A204602F00CFCC4
:1028A000504A39684346504802F09EFC4F493A6806
:1028B0004F4802F089FC202002F0BEFB3B684C48E8
:1028C00005EB8323013559F8231002F065FBA84579
:1028D000F1D1474802F06CFB33683A68013B1E9225
:1028E0003360561C3E60002B7FF40AAFDFF814B152
:1028F00031463B483B608BF8003002F07DFB0446DC
:10290000002840F025871C4B31463A481A6802F0EF
:102910006BFCA64240F3AC86314DA0462746AB691E
:10292000002B06DBEA693946334802F05DFCEB69AF
:1029300098441E9B2035BB4207F10107EFD10027C9
:102940009FED2EDA9FED087BB9463D46B0EE47CBB2
:10295000B0EE47BBB0EE47ABB0EE479BB0EE478B57
:1029600096E000BFAFF30080000000000000000010
:10297000101504206EF70420C04300201804022024
:10298000F00B0020CC0B042028100020C4430020B2
:10299000DC43002090100020A010002040120020F6
:1029A000E012002004130020A408002030130020AF
:1029B0004C130020701300208C1300203C150020C5
:1029C0004C15002080150020B4150020EC150020C7
:1029D000181600202C160020D80B0420141B0420ED
:1029E0007804022000002020741600209C1600208D
:1029F000B0430020C8160020FC16002000007AC456
:102A00000040202073F7042030A8013402F03CFB82
:102A1000469B574419EB03039DED327B9DED306BD4
:102A20009946479B39EE077B38EE066B45EB03056D
:102A3000B0EE479BB0EE468B9DED367B9DED346B43
:102A40003BEE077B3AEE066BB0EE47BBB0EE46AB13
:102A50009DED447B3CEE077BB0EE47CB02F0F0FAF5
:102A6000B4EECD0A28212346484A26A8CDF800A076
:102A7000F1EE10FA8DED1B0A70FE0D7AB0EE67DAFA
:102A800002F03AFB9DED1B0A30A926A802F070FA6D
:102A900002F0BAFA00233E4A31463E4802F04CFBAF
:102AA000B0F1000AB0DC40F0D285002ECDF86CA069
:102AB00040F3F185D346CDF870A02395CDE91F648E
:102AC000CDE92178344D55F82B6002F089FB04469E
:102AD00002F086FB331955F82B605446013B93FBFB
:102AE000F0F205F10C0353F82B1003EB8B051B9B45
:102AF000881BB142024413441B9312DB254B40F662
:102B0000FF7803EB8B073B68A8EB040253F8260021
:102B10000136224B191902F01BFB2B6804449E421C
:102B2000F1DD21464FF400531D4A0BF1080B1B4801
:102B300002F0C2FA1C9C1A4A21461A4802F054FBC1
:102B40001E9BA34200F0A2851C9B01331C93B9E796
:102B50006378002B3FF4B9ADDAE51348C2E5601D98
:102B600002F03AFB0146114BB1F5007F1048A8BFB7
:102B70004FF400710129B8BF012119604DB0BDECBF
:102B80000C8BBDE8F04F02F02FBB00BF44170020B4
:102B90003D440000780402207C0402200030202004
:102BA00000102020E4170020000C0020C04300206B
:102BB0009810002002F044FAB7EEC07AB04853EC07
:102BC000172B02F011FBAF4B1C78FFF791F884F044
:102BD0000100FEF74FFF002840F0E081002C00F0DC
:102BE0006083A949A94802F0FFFA2046FEF742FF98
:102BF0000446002800F04D83A54B4FF0000A4FF427
:102C0000807543F23904DFF8E882DFF8E8B2A14FBB
:102C1000D3E90063360B46EA035602F0F1F9CDF82A
:102C20007090013E1B909C4BD8F8009007FB043439
:102C300002F0AAF99BF800104FF480534A4659B9A4
:102C40004FF48050B4FBF6F106FB114100900803ED
:102C5000090D02F089FA08B10AF1010A013DE2D139
:102C6000DDF8709002F0CCF91B9BB7EE003B9FEDB6
:102C70008B8AC01ADFED8A6ADFED8A5A07EE900A66
:102C8000CDF808A08848B8EE677A884E884CC7EE21
:102C9000087AB7EEE74A67EEA67A83EE046B67EE32
:102CA000A57AB7EEE77A53EC172B8DED006B02F0A7
:102CB0009BFA04217F48FFF7B1FA06217E48FFF70F
:102CC000ADFA02217D48FFF7A9FA07217C48FFF7FA
:102CD000A5FA7C4B1B6C9E197B4B34401B6804F59A
:102CE0008015B5EBC35F00F2DE82E70D774B07EB93
:102CF000470203EBC20AD20050461C9202F040F990
:102D000073490F607721734F397002F079F9834668
:102D10004FF4801106F4E00002F0E2F902F070F9DD
:102D2000A0EB0B0007EE900AF8EE677A87EE886A50
:102D30008DED1B6A02F064F983464FF4801106F4AE
:102D4000E00002F0EDF9064602F05AF9A0EB0B00A4
:102D50009DED1B6A07EE900A1C9AB7EEC66A5B4BA4
:102D6000F8EE677A10325C4802EB030B9AF8022007
:102D700087EE887A594B5946049653F822209FEDE6
:102D80003E5B85EE064BB7EEC77A85EE076B8DEDA1
:102D9000004B8DED026B02F027FA3B78504A03EBB3
:102DA000C30302F5005103EBC3033B3302F8013FB9
:102DB0008A42A3F16303F9D102F022F92646824642
:102DC0000027304606F500564FF40052454902F000
:102DD000DFF8B54247EA0007F3D102F011F9A0EBA2
:102DE0000A009FED2E7A07EE900AF8EE677AC7EE9A
:102DF000877AB0EE678A02F003F90646204604F5AA
:102E000000544FF40052D8F8001002F0D9F8A5424F
:102E100049EA0009F2D102F0F3F8B7EEC86A801B64
:102E2000DFED1E4A47EA0907594607EE900A2E4889
:102E30000297F8EE677A9FED105B87EEA47A85EE35
:102E4000066BB7EEC77A53EC162B85EE076B8DED4C
:102E5000006B02F0C9F902F0F3F8B7EEC07A23482C
:102E600053EC172B4DB0BDEC0C8BBDE8F04F02F0CE
:102E7000BBB900BFAFF300808DEDB5A0F7C6F03F42
:102E8000A81000206EF70420F00B0020C0100020D6
:102E9000780502200D6619005FF36E3C002474492A
:102EA00000007A440000803BE0100020FFFF0F008C
:102EB0000000F0FF2C1100203811002044110020E8
:102EC000501100201804022010150420281304209B
:102ED000D44300206FF704205C11002098080020E4
:102EE000BF0E0120C00E0120E0110020281200209A
:102EF000A81A042073F70420AF4F3B68834224DDF7
:102F0000AE4CDFF83483AE4E14ED017A2946AD485D
:102F10000135B7EEC77A8DED047B14F80C3C56F8FA
:102F20002330019314F80D3C56F82330009314F825
:102F30000E3C14F80B2C58F823300292224602F073
:102F400053F93B6818349D42DEDB9F499F4AA04BF2
:102F500016680D681F6802F073F89E4AB7EEC00A43
:102F60009D4C3B46106829463246A4FB00409B4CD2
:102F70008DED000B8009246ACDE90340984C9948F7
:102F80002468029402F030F9FFF7BABB96484DB0BE
:102F9000BDEC0C8BBDE8F04F02F026B9FEF7A8FEA1
:102FA00023E64578002D3FF441AC6E2D00F0F88209
:102FB000742D00F038835C2D3FF439AC1D4605F8C4
:102FC000022B42785A702B4633E402F039F8B7EE00
:102FD000C07A864853EC172B02F006F9844A002089
:102FE000002100231778CDE92601CDE93001249393
:102FF000259327B1FEF73EFD002800F00F8324AB98
:1030000026AA4FF000500021FEF7DEFD002800F058
:103010006582DDED247A7748B7EEE77A764CDDE914
:103020002623CDE9003253EC172B02F0DDF8002304
:1030300001202370FEF71EFD002800F09D826F48DE
:10304000FEF7EAFA6E4B30AA00215D6C4FF000509B
:103050009E6A25AB1C951E96FEF7B6FD9DED257A62
:10306000E9B2C5F30422C6F3023CB7EEC77A0028E2
:1030700000F0AC82319D309BDDE92660854208BFBF
:10308000B34200F0D8825F48634602905E488DEDFF
:10309000007B02F0A9F8DDE93002DDE926139A424F
:1030A00008BF884200F0C482DFED586AB0EE668A3D
:1030B0004FF0000C1025DFF88481514EDFF880B10D
:1030C000CDF87CC022972394CDE920CC4FF0040AA0
:1030D0004F4C4FEA0A2355454E4F1B932FD31C9B51
:1030E0004FF000501B9A002173641E9BB362736CF7
:1030F00097F800906FF30C03134330AA2B437364CB
:10310000B36A23F4E04343EA0933B36225ABFEF725
:103110005BFD78BB404A4B462946404802925246E6
:103120009FED237B8DED007B02F05EF83C4802F0C2
:103130005BF80120FEF79EFC002800F01D8201379D
:10314000474504D09BF800505545F8D3C7E7354BA9
:103150009C4200F0E48014F801AF9BF80050B8E7FF
:1031600004F1090002F038F8011E2F4B18BF0121AD
:103170002E4802E5DDE92602DDE930139DED257AD2
:103180009A4208BF88425DD0B7EEC77A1D4A4B46C7
:1031900029460292524621488DED007B02F024F828
:1031A000CDE7234A10702348F1E600BFAFF300805B
:1031B0000000000000000000101504203813042057
:1031C00078070020A01200200C1B0420101B0420F4
:1031D000F01A042048F70420D34D6210180402208E
:1031E000C043002048120020E8120020981300205D
:1031F0006EF70420EC13002077F704203014002031
:1032000000002C401C100020581900200000000075
:1032100028380020243800207C1400204814002086
:10322000881400202A380020E043002010130020DA
:1032300073F704201C130020980800202738002072
:103240002C380020B7EEC77AA74B52462946029386
:103250004B46A6488DED007B01F0C6FFDDED257ADB
:10326000F4EEC87AF1EE10FA7FF769AFB0EE678A34
:10327000CDF87CA0CDE9205961E79D4A9D4B10789F
:103280001D70FEF7F7FB0446002863D19A4801F051
:10329000ABFF9A499A4801F0A7FF9A4B1C70FFF7C1
:1032A0002FBA99499EE4994801F09EFFD3E59649CB
:1032B000A01D01F06DFF0446003818BF0120FEF785
:1032C000D9FB054600286DD0002C00F0C2808E4945
:1032D0008F4853E404F1090001F07EFF844B011E86
:1032E0008C4A1B7818BF01211160002B3CD08A4A00
:1032F0008A484DB0BDEC0C8BBDE8F04F01F074BFB7
:10330000E01D01F069FF7A4B011E854A1B7818BF4A
:1033100001211160002B50D07F4A8248E9E7824B9F
:103320009B4500F09A801BF8015FCFE601460A2218
:10333000E01D01F0EDFE831E0E2B9ED801387B4B65
:103340006C4CC0B21B78207013B101F07DFE207868
:1033500001F002FF01F014FF754B01467548DA6A6F
:10336000C2F303120132C4E7734AC1E74DB0BDECAA
:103370000C8BBDE8F04FFEF7D5BD5D4B1B78002BE5
:1033800069D06E48FEF748F96D486E4B04786E4A76
:103390006E491B78127809786D48009401F024FF7B
:1033A000FFF7AEB96B4801F01FFF5449544801F0D4
:1033B0001BFF544B1D70FFF7A3B9674AADE70734F5
:1033C0000A2225A9204601F0A3FE0A2226A980464A
:1033D000259801F09DFE0A2230A90746269801F0A3
:1033E00097FE3099DDE92552AB1A18BF0123AC4294
:1033F00018BF0133914218BF0133032B0DD108F1DF
:10340000FF337F2B09D847B143461F2B28BF1F230B
:103410009F4202D8072840F2A381354A00234B4C33
:1034200010782370FEF726FB0546002800F0E680A2
:10343000454D444E424F2378002B00F0DD80474934
:103440003C7833782A784648009401F0CDFEFFF7A7
:1034500057B944493CE7444894E71C9BB7EEC87A07
:103460003348229F239CDDE920EC43641E9B83624A
:10347000BEF1000F00F0CC80334B01251F9A71463E
:1034800083F800E02F4B1A702D4B83F800C0436C7B
:1034900025706FF30C0343EA0E0343EA02234364EF
:1034A000836A23F4E04343EA0C33836263462F4884
:1034B0008DED007B01F098FE2FB93846FEF7DAFA61
:1034C000002800F0AB8001F0BBFDB7EEC07A2848C1
:1034D00053EC172B01F088FEFFF712B9254801F0D5
:1034E00083FEFFF70DB900BF241000204814002010
:1034F0006EF7042078F7042054150020800D00207A
:10350000C80D002070F70420000C0020A811002036
:1035100038130020DC4300207C0B002058130020CF
:10352000C4430020781300202F38002076F70420B1
:1035300000002C4064150020B00F0020EC0F00208C
:1035400071F7042074F7042072F7042077F7042041
:103550008C15002040130020D00F0020F80F002011
:10356000CC150020F00B0020F00F0020B814002034
:1035700024150020D0130020854801F035FEFFF708
:10358000BFB8E01D01F028FE08280146814AA8BF07
:103590000821814B814821EAE1711560FFF7EDBAFE
:1035A0000A2203F8012BFFF744B9E01D01F07CFD6E
:1035B0007B4A7C4B8242A8BF024600287A4822EA16
:1035C000E271CCBF794A7A4A196092E6794863463B
:1035D000029079488DED007B01F006FE64E5E01D68
:1035E00001F0FAFD041E18BF0124204601F0DCFCA6
:1035F00021467248FFF7C2BA714921E77148D2E605
:1036000020464DB0BDEC0C8BBDE8F04F01F06CBD19
:103610006D4853EC172B01F0E7FD4DE76B4801F0C7
:10362000E3FDFFF76DB8092203F8012BFFF701B99D
:10363000DDED256A3AE5664826E5664801F0D4FDE9
:10364000654801F0D1FD35603D60FFF759B89BF842
:10365000003001347BB12146604801F0C5FD2146B0
:103660005F4801F0C1FD00238BF80030FFF748B838
:10367000A046FFF764B901F0BBFC21460246594859
:1036800001F0B2FD21465848FFF778BADDE91F6422
:10369000DDE92178239D002C6FD007EE904AB8EE2B
:1036A000E77B88EE075B1B9B224631464F4804931D
:1036B0003B468DED008B8DED025B8DED1C5B01F0CB
:1036C00093FD4B4B294648461D6801F079FDB5EE48
:1036D000C09B9FED2B4B9FED2C6BF1EE10FA41EC54
:1036E000170B27EE066B27EE047BB0EE494B9DEDE2
:1036F0001C5B01DCB7EE004B87EE043B1B9BCDF857
:1037000004802A46029323463A4C31460097B7EE8E
:10371000CD7A39488DED12AB8DED10CB8DED0EBB12
:103720008DED0C9B8DED086B8DED065B8DED048BA7
:1037300024681694314C24681594314C24681494F0
:103740008DED187B8DED0A3B01F04EFD2D481EE4FA
:1037500001F04EFC01462C4801F046FD2B4816E4D2
:103760002B4E01232B4D2C4C37702C4F85F80080AD
:103770003870237001F000FC5DE6B7EE007B90E747
:10378000000000000000B03E000000000000103EFD
:1037900010140020141B0420D80B04203416002021
:1037A000A0860100CC0B0420F4150020D4350020A5
:1037B000041000207C14002058190020201600203E
:1037C000FC0F0020BC150020F4140020B0130020D2
:1037D0002410002040160020A02400205C170020A8
:1037E00094170020B0170020CC170020F8170020F5
:1037F000C0430020F01A042078180020101B042079
:103800000C1B042000280020AC160020B816002055
:1038100074F7042072F7042077F7042071F704206E
:103820007C497D4B0A682DE9F04F42F002020524E5
:103830002DED028BCDB00A60DC665C679C67DC67AF
:10384000C3F88040C3F88440C3F88840BFF34F8F6B
:103850000121022001F0C8FB0121032001F0C4FB7B
:103860000121042001F0C0FB20460121302401F099
:10387000BBFB6A4B4FF48072C3F88420E0B2013482
:10388000012101F0B1FB372CF8D1644B4FF0E0205F
:10389000634A40F2EE271C6862492243624E634C41
:1038A0001A605A68DFF8C08142F07D525A60D0F841
:1038B000FC3D43F08073C0F8FC3D0B6843F001030E
:1038C0000B605B4B1D6801F02FFC2378002B00F090
:1038D00094833378DA0740F19083554B1B68D8F80E
:1038E00000209B1A0E2B40F28883514B41F2873502
:1038F0004D4F1E68DFF8708101F016FC23780A2016
:10390000002B00F086833B78DB0740F18283484B35
:103910001B68D8F800209B1A0E2B40F27A83C8202F
:10392000DFF848B101F028FC424801F05DFC424854
:1039300001F05AFC414801F057FC414801F054FCA9
:10394000404EDBF8004001F07BFBB7EEC07A3E480A
:10395000A6FB0431002453EC172B890C01F044FC26
:103960003A4801F041FC1AA81A9401F05DFB384B6B
:103970001A9A9A4240F26983364B00F58032DFF89A
:10398000F0A0186000F5D630334B244D1A60334B4D
:103990001860334801F028FC324B0D94214C0893F9
:1039A0000023CDE91A33089B1B88ADF82830DBB221
:1039B000002B00F03A83012B00F01D84174A4FF0D2
:1039C0008071022BC2F884104FF48001C2F8841079
:1039D0004FF48071C2F884104ED1BDF8281011F454
:1039E000807FC1F307234FF0100140F0398398071F
:1039F000C2F88810094A4FF0200140F1398313F0D2
:103A0000040FC2F88410054B4FF0400200F03983D8
:103A100030E000BF00402A4000801F4000C000424C
:103A200000014001001000E085F7042086F7042023
:103A300048F70420DC190020281A0020681A00200A
:103A4000A41A002083DE1B43FC1A0020141B002054
:103A5000FFD60100A81A0420DC0B0420800C0420EF
:103A6000601B0020D037002058F70420AC43002012
:103A700080390020C3F884204FF005086168DBF826
:103A80000020A6FB0232920C02EB820263685B1AF2
:103A90009A42FBD80121352001F0A6FA4FF00073BD
:103AA00001213220C5F888304FEA081901F09CFA4C
:103AB0004FF0805301213620C5F884300AEB0818F6
:103AC00001F092FA4FF0005301213420C5F8843000
:103AD00001F08AFA0121312001F086FAD8F80C3081
:103AE0005AF80920C2F888306068DBF80010A6FB9D
:103AF0000131890C63681B1A9942FBD84FF0806032
:103B00004FF000614FF080574FF000580992C5F810
:103B10008400C5F88410C5F88470C5F8848001F06D
:103B20004BFB4FF080604FF00061C5F88400C5F892
:103B30008810C5F88470C5F8888001F03DFB0AEB59
:103B40000901099AC968C2F88410C5F88470C5F8DB
:103B500084806068DBF80010A6FB0131890C01EB62
:103B6000810163681B1A9942FBD80AEB0903DB68E1
:103B7000C2F888306168DBF80020A6FB0232920CA4
:103B800063685B1A9A42FBD8662001F081FA0AEB5F
:103B900009035AF80900DB68C0F884306168DBF873
:103BA0000020A6FB0232920C02EB820263685B1AD1
:103BB0009A42FBD80AEB0903DB68C0F888306168D9
:103BC000DBF80020A6FB0232920C63685B1A9A4273
:103BD000FBD80AEB0908992001F05AFA5AF8093083
:103BE000D8F80C200220C3F8842001F0C5FAD8F8D8
:103BF0000C205AF80930C3F888206168DBF80020EF
:103C0000A6FB0232920C63685B1A9A42FBD89F2093
:103C10000DF1670801F03CFA002001F039FA0020AC
:103C200001F036FA002001F033FA0021312001F0D2
:103C3000DBF9082200214FF00070C5F88400AB6862
:103C4000D4F804C0C3F3C063DBF8007043EA410159
:103C5000A6FB0737BF0C6368A3EB0C039F42FAD89F
:103C6000C5F88800D4F804C0DBF80070A6FB07375D
:103C7000BF0C6368A3EB0C039F42FAD8013ADCD176
:103C80000DF16F0308F8011F4345CED10AEB09027D
:103C90005AF809305248D268C3F88420514B616801
:103CA000DBF80020A3FB0232920C02EB8202436895
:103CB0005B1A9A42FBD84C4B4FF080724FF03008A1
:103CC000C3F884204FF48002C3F884204FF480723C
:103CD000C3F884205FFA88F008F10108012101F09F
:103CE00083F9B8F1370FF5D1089B3F4AD3F8048028
:103CF000536843F07D5353609DF868300D2B00F0FE
:103D000054829DF86920414638480092384A01F0B3
:103D10006BFA089B374A0833934208937FF440AE0E
:103D20000D9C3548214601F05FFA4FF4806133481D
:103D300001F05AFA2346002C00F00285DFF8D88003
:103D40000124DFF8D890CDF848804FF000082C4FC0
:103D50002C4DCDF82490CDF84C902B4B0022CDF873
:103D600040801C70294B0E920C93099B1194103BC0
:103D7000CDE90A23264B0893089B1AAEDDF82CC028
:103D800041F2120E93F800801024BCE80F000FC619
:103D90009CE803000A9B86E803008DF86A304FF028
:103DA0000F031AA88DF86E80ADF86CE000268DF830
:103DB0006B3001F0E5F803E00136132E00F0958139
:103DC0004FF00F032C603B70124B1E7001F044F952
:103DD0000028F1D08146B2464FF0000826E000BF2F
:103DE000001000E083DE1B4300C00042D81B00200F
:103DF000D01B002020380020FC1B0020101C0020BD
:103E0000C8460020C84300206FF70420980800200F
:103E100020380020C746002018140420281404204D
:103E200008F10108B8F1130F00F0B181C64B444608
:103E300087F8008083F800A010232B6001F00CF9B4
:103E40000028EDD0B8F10F0FA8BF4FF00F0808F110
:103E500003030F2EBC4A8DF86B304FF05200A8BF01
:103E60000F263B708DF86F40F31C8DF870A0137017
:103E70008DF86C3010232B6001F00EF906465720A8
:103E800001F00AF9CDF83C908642A8BF06468DF8AD
:103E90006D6008261AA8AD4C01F072F84FF480113D
:103EA000002001F01DF94FF480110020D4F804A087
:103EB00001F036F96468002840F0E680DBF80090F5
:103EC0004FF00108A14B4FF48011002008F10108C8
:103ED0005B6801F025F99D4B5B68002840F0D480B9
:103EE000B8F1040FEED107EE909AA4EB0A09984AB4
:103EF00006EE909AB8EE677B9DF86C30B8EE666B74
:103F0000099952F82330934886EE075B02939DF897
:103F10006B300F9C52F823309FED877B01939DF807
:103F2000703052F8233000939DF86F3052F82330F0
:103F30009DF86E2004929DF86D2003920C9A1268F1
:103F400087EE056B9FED7E7B86EE077BF7EEC78BDA
:103F5000B7EEE86ACDED1D8A8DED066B01F044F9F0
:103F60000E9B002B00F01681F4EEC88AF1EE10FAD9
:103F700000F31081F0EE488A0A9B002B40F0DC83AE
:103F8000DDE91084DDF82CE00DF1500CCDED178A41
:103F90007646BCE80F000FC69CE8030086E80300E5
:103FA0007046002600F0ECFF4FF48011002001F075
:103FB00097F84FF480110020013601F0B1F8002885
:103FC00040F0F382062EF4D108EB4806624BDDF890
:103FD0002CC008F1010803EBC606BCE80F000FC6B1
:103FE0009CE8030086E80300099B183309930D9BA6
:103FF0009C4200F010810134AFE6584B1B682278D8
:104000005B1B7AB1B3F5FA6F3FF66FAC01F08CF839
:1040100059E4524B1B689B1BAB423FF680AC01F04E
:10402000ABF869E4BB42F1D95FE44D4B4FF08072CD
:104030004FF03008C3F884204FF48002C3F8842086
:104040004FF48072C3F8842018E54649464801F0D1
:10405000CBF8464B1C704DB0BDEC028BBDE8F08F29
:104060009807C2F884103E4A4FF020013FF5C7ACD4
:1040700013F0040FC2F88810394B4FF040027FF460
:10408000F9ACC3F88820F7E4314A01469DF86C305A
:10409000374852F8233000939DF86B3052F82330A4
:1040A0009DF86D2001924FF4806201F09DF89DF81B
:1040B0006C309DF86B20112B62D80133DBB28DF888
:1040C0006C303A705220204A137010232B6000F09D
:1040D000E3FF0446572000F0DFFF8442A8BF0446F8
:1040E000013E8DF86D407FF4D5AE089B214A013327
:1040F0009A4208937FF440AE0C9A4FF4806309997A
:1041000012681D4801F070F80A9B0C9A01330432C2
:10411000DBB20C92032B0A937FF42CAE0E9ADDF8DF
:104120004080119C002A40F047820999134801F011
:104130005BF859E7AFF30080000000000000304159
:104140000000000080842E41C7460020001000E0DF
:1041500078070020A01C00201814042048F7042031
:1041600000C000429C1B0020C80D002070F70420F6
:10417000641C0020223800200C1D0020701D00202F
:10418000112AB2D80132D2B28DF86B2099E71223EE
:104190000F245EE60DF1680C14AEBCE80F000FC6EC
:1041A0009CE8030086E80300E6E69DF869205D2AA6
:1041B0007FF4A7AD4146C8480092C84A01F014F800
:1041C0000D9FC74A002107EB470C434602EBCC008A
:1041D00042F83C10C0E90111C0E9031141611030FF
:1041E000BDF8281022F83C100621BE4A00F084FFDA
:1041F0007B1C0D938DE5BC4B4FF080724FF0330864
:10420000C3F884204FF48002C3F884204FF48072F6
:10421000C3F8842032E44346CDF82480DDE91289D6
:10422000002B00F08D82012B4FEAC30442D0CDF861
:104230002C804FF0010EDFF814B398460A94DC4648
:104240007646CDF820E09CED007AABF124075BEDDB
:10425000067A1AADACF10C04BE46B4EEE77A01362C
:10426000F1EE10FA18DD0DF1680A0FCF0FC597E8CF
:10427000030085E803000FCCAEE80F0094E80300CC
:10428000ACF10C0E87E80300BAE80F00AEE80F00AF
:1042900095E8030084E8030046450CF1180CD2DBD6
:1042A000DDF820E00BF1180B0EF1010EC645C6D16A
:1042B000DDE90A48099E224600248C48314600F078
:1042C00093FF9FED838B4046894F00F059FE04F128
:1042D0004003884A4FF4000100203D68137000F04D
:1042E000FFFE3B68013408F1100183485B1B08F1B5
:1042F000180807EE903AB8EE677B87EE087B53EC20
:10430000172B00F071FFB442DDD100277B4CDFEDAD
:104310007C8A9FED7C8ADFF83882DDF824A0276054
:104320000EE0CDE90408494677488DED026B8DED2E
:10433000007B00F059FF013709F1180957453FD0BC
:10434000A9F11006304600F01BFE6A4A07F140034F
:104350004FF4000100201370654B1D6800F0E0FE73
:10436000634B6A4A1B685B1B07EE903A19F80E3CD8
:10437000F8EE677A52F8232087EEA87A88EE076A6B
:10438000B7EEC77AB7EEC66A0028CAD1604B494675
:10439000049005935C485F4D8DED026B8DED007BC5
:1043A00000F022FF236803EB4302013305EBC20553
:1043B00023600FCE0FC596E8030085E80300BAE737
:1043C0002168CA05544B4FF0FF301860534800F085
:1043D0000BFF2368012B40F3F280DFF878814FF068
:1043E000FA0901274E4E08F5926A4E4800F0FCFE8D
:1043F00007F00105FF235046294688F8C85488F87D
:10440000BC3400F009FE5046C8F88CA400F028FE29
:10441000002840F0A3800123D8F88C1440461A46A7
:1044200000F026FE002800F09980002D40F0BB80AF
:104430003D4DD8F88C0400F01FFE2A46394603464D
:104440003A4807F0010700F0CFFE394E0123394802
:104450003370394B1F70FDF7DFF8FDF7FDF80546A7
:10446000002800F0AE80FDF75DFD4FF0806500F0A4
:10447000C7FD00278146DFF8E0B04FF4803A08E03E
:1044800015F5803547F1000705F17A433B4300F00D
:10449000AD802A4BD3F8008000F076FD9BF800C079
:1044A0004FF48033424628463946BCF1000F05D10F
:1044B000CDF800A000F058FE0028E1D000F0A0FDEB
:1044C0001F49204800F090FE1F4B00221A70C2E5E1
:1044D0000000000000408F40D81B0020F41B00208B
:1044E00018140420C817002000C00042881D0020B6
:1044F00048F704206FF70420E41D00201015042065
:1045000000007A44BD3706419C2200209808002014
:10451000D435002028130420D4430020041E00209A
:104520007C0B0020881E0020880B0020941E002099
:1045300076F70420C01E00206EF70420A81A04207D
:10454000841F0020C80D002070F704203C140420B4
:10455000E022002048FF012073F70420D8F88C04E3
:10456000F5B9002800F0E3807D4D03685B6B984748
:104570008346D8F88C0418B103689B6B9847C0B287
:1045800039465B462A4600900137764800F02CFEFB
:10459000484600F0F1FD092F26D009F1FA0927E776
:1045A000B0B13546E1E7704D43E70246334609991D
:1045B0006E4800F019FEB8E5F0EE488AE2E46C4976
:1045C0007FE76C496C4800F00FFE6C4B1D7042E5B4
:1045D00039462A23644A01370090624800F004FEFD
:1045E000484600F0C9FDD8E765496AE7804600F013
:1045F00007FDA0EB09009FED637A9FED636A07EE6C
:10460000900A6248624DF8EE677AC7EE876A86EED6
:10461000267AB7EEC77A8DED007BB7EEE67A53ECDB
:10462000172B00F0E1FD5B4800F0DEFD5A4BC8227D
:104630001AA92846D3F8009000F032FD564B0746E1
:1046400056481B68A3EB090307EE903A544BB8EEAB
:10465000677B1B689FED406B0293524B87EE067B96
:104660001B680193504B1B68009353EC172B00F011
:10467000BBFD002F53D16A6CEB694C48CDE9033286
:10468000D5E90432CDE90132D5E902320092D5E90B
:10469000001200F0A9FD4648D5E9162300F0A4FD5C
:1046A0004448D5E90E2300F09FFDD5E9131323B349
:1046B000414A424800F098FD22682B6A296CD205D5
:1046C0003F4800F091FD2D4A0121337811700BB164
:1046D00000F0BAFC3B4800F087FD47F230513A4801
:1046E00000F07AFC58B13848FDF7E4FF3378002B2E
:1046F0003FF4B1AC00F0A8FCADE4344AD9E7344D46
:10470000314C0FCD0FC495E8070003C4204600F8D4
:10471000182900F0E9FC3378002BEBD19BE41AA9AF
:10472000154800F061FD154B83F8008093E428469E
:104730004FF02A0B0A4D23E7B0EE688A0E94E3E4AB
:104740001A461946234800F04FFD234C002211461B
:10475000226037E6AFF300800000000000408F4089
:10476000880B0020C81E00207C0B0020341D002078
:10477000281E0020601F0020C80D002070F70420B4
:10478000101F002000247449BD370642A81F0020D6
:1047900018040220DC1F002048F7042044200020D9
:1047A000F01A0420101B04200C1B04209C20002065
:1047B000F820002018210020941900204821002012
:1047C000DC210020342200203C230420B4190020E6
:1047D00080220020881D002010150420294A002175
:1047E0000123C2F8A000C2F8A410C2F8B030536987
:1047F000D907FCD501234FF4803C22495361C2F80C
:10480000A000C2F8A4C0C2F8B0304B69DB07FCD5E9
:1048100001234FF4003C1B4A4B61C1F8A000C1F8D2
:10482000A4C0C1F8B0305369D907FCD50123DFF823
:1048300058C014495361C2F8A000C2F8A4C0C2F81D
:10484000B0304B69DB07FCD5D1F8003145F60D508F
:104850004FF0210C9AB2C1F814C0824210D045F634
:104860009D518A420AD1C3F34253032B08D0A3F1CE
:104870000403B3FA83F35B09180170470020704703
:104880000820704700402A4004000300704700BF22
:10489000704700BF704700BF00BF70474FF0E02374
:1048A00000214FF0100C3448C3F8941DC3F89CCD80
:1048B0004FF0110CC3F8A00D3048C3F89CCD4FF059
:1048C000120CC3F8A00D2E48C3F89CCD2D4AC3F896
:1048D000A00DDFF8D0C042F015022B48C3F89CCDE4
:1048E000C3F8A00DDFF8C0C02848C3F89CCDC3F8BA
:1048F000A00DDFF8B8C0C3F89C2D2548254AC3F8A1
:10490000A0CDC3F89C0DC3F8A02D02F5A022DFF8BE
:10491000A0C00C322048C3F89CCDC3F8A02D1F4A7C
:10492000C3F89C0DC3F8A02D02F14062DFF884C0EB
:1049300002321B48C3F89CCDC3F8A02D0A32C3F83D
:104940009C0DC3F8A02D00BF00BF00BF00BF00BF7B
:104950000122C3F8942DBFF34F8FBFF36F8FC3F8BD
:10496000501FBFF34F8FBFF36F8FD3F8142D42F456
:104970004032C3F8142D70473F000010250008078F
:1049800009001000C0F704202100020725000813C9
:104990001600202027000B13180000602F000B07C3
:1049A0001A000080130020001400002009000010ED
:1049B000170000401900007030B5864B85B0DFF855
:1049C00074E21822844D0120C3F85CE28349C3F8E5
:1049D0006052A5F58055DFF860C2814CC3F864E2EF
:1049E000C3F868522125C3F86CC2C3F870C2C3F87B
:1049F00074C2C3F878C248F20C7CDA661A675A6748
:104A00009A67DA67C3F88020C3F88420C3F8882047
:104A1000C1F82C03734AC1F83003C1F83403C1F85C
:104A20003803C1F83C03C1F85003A1696E4B0A403A
:104A30006E486F4913436F4AA361D4F8843043F042
:104A40000C03C4F884304FF0FF34036843F00203D2
:104A50000360036803EA0C031A43674B0260446077
:104A60008A68664C1340664A43F000538360C3680B
:104A700023F07803C360036A23401A43604B026249
:104A8000026A22405F4C1343002243628462C46284
:104A900040F20564D1F8B83023F03F0343F001033E
:104AA000C0F8B830D1F8BC30574923F03F0343F089
:104AB0000103C0F8BC3002610567C0F8804045675B
:104AC000C0F884400224036823F00203036081617C
:104AD0004E4B4F49C46143F8042B8B42FBD1434CEE
:104AE000236843F001032360256815F00105FBD11D
:104AF0004548022240F2F561A06140F29940E2612E
:104B000040F26642C4F8001242F20141C4F8102299
:104B1000404AC4F82002C4F8302240F23542C4F8BA
:104B200034123D48C4F840223C4AC4F8500228469A
:104B3000C4F8542242F201223949C4F86012C4F880
:104B40006422FFF74BFE0246002839D08102012380
:104B50004FF4802021662549C4F8A050C4F8A40071
:104B6000C4F8B0304B69D807FCD515050124039271
:104B700028464C61FFF732FE039A2A4B0244D2B218
:104B80001A7080B1194980024FF4802348660846A4
:104B9000C1F8A050C1F8A430C1F8B0404369DB07A8
:104BA000FCD50123436120490024204801230094BF
:104BB000401A00EB02521E4800F056FA05B030BD14
:104BC0001B4B184918600870D860C3E9010005B094
:104BD00030BD00BF00801F40F910010000841F405D
:104BE00000C00F40FFFCFF1F0003008000402A4070
:104BF00000802A401200FFFFFF37F70000FFF07C23
:104C000040000080FF000F83F05AF05A00422A4013
:104C100000432A409F041830EB06180A063201268A
:104C20003806180A7EF704200000007000000070AB
:104C3000DCDF0420F9B00100F970010010B5174A5B
:104C40004FF480544FF4005E4FF4404C4FF48030EA
:104C500043F24201136913F0020F0DD113F4005F08
:104C60000FD013F4805F0FD0002BF3DA13F4803FE2
:104C70000CD15B060ED510BDC2F818C05061916111
:104C8000E8E7C2F814E0E5E75461E3E74FF4803366
:104C90009361DFE740235361DCE700BF00800D40F4
:104CA000414A03204149F3EE095AD2F880309FED82
:104CB000406A23F001039FED3F5ADFF814C100B5AD
:104CC000C2F88030C2F89000D1F8E010DFF804E1BB
:104CD000CBB23948CEF8003007EE903A0B0DC1F355
:104CE0000B21F8EEE77A06EE903A07EE101A334BF6
:104CF000B8EEC77ACCF80010F8EEE66A304937EE25
:104D0000C66A37EEC55A76EEC76A77EEE57A26EEC2
:104D1000266AC3ED006A25EE265AD2F8803067EE87
:104D2000A64AC0ED007AC6EE275A264885EE276AC5
:104D3000C4EEA76A75EE875AFCEEE55A36EE076AAE
:104D400015EE90CABCEEC66A43EA0C5376EE877A3B
:104D5000C2F8803016EE103AD2F890C1FCEEE77A35
:104D600001EA034141EA0C014FF0000C17EE903AC2
:104D7000C2F89011C3F30B03D2F890110B43124900
:104D8000C2F89031D2F8803043F00203C2F880308C
:104D90000E4B80F840C0C1F840314FF0E0230122B3
:104DA000C3F8082100BD00BF00810D4000441F4032
:104DB0000000AA420000B44238F704203CF7042067
:104DC0000000FF0F00E400E00048002095C1010052
:104DD00030F7042034F70420314B40F6617210B5EF
:104DE000C3F8202140F2044400F0AAF92D4A2E49CC
:104DF000D2F880302D4843F00303C2F880302C4BAA
:104E0000C1F8604102681A4203D1D1F8A8319A076B
:104E10001BD0254A4FF00041244B5963D2F8403152
:104E200043F00203C2F84031D2F840319B07FBD473
:104E30004FF400304FF0E0211C4B4FF00042C1F81E
:104E40008C0219209A6300F097F9184B0021164C38
:104E50004FF080420A209A634FF420721960C4F820
:104E6000A801144800F058F94FF4800203464FF4AB
:104E7000810040F243111860C4F858311A640E4B97
:104E80000E4AC4F84811C3F804224FF0E0224FF450
:104E900000310123C2F80C11C4F8403110BD00BF2D
:104EA00000800D4000C00F4000002E4000900D40DB
:104EB000001C1E00000000200048002099C30100D3
:104EC00008B50E4B1B6E9B0700D4FBBE72B60C4B95
:104ED00000200C4AC3F8400103F160430A49A3F5DE
:104EE0005F2311649D46BFF34F8F4FF40013074AB1
:104EF0000748DB6902609B68984700BF00441F4079
:104F000000002E4000C00A4003002000000012EB09
:104F1000008020200F4B40F2376C0F4AA020D96E42
:104F200041F44031D966D96E41F44071D966C2F876
:104F300044C09064936C1B06FCD4084A40F237616D
:104F4000A02351649364936C13F08003FBD1044A53
:104F50001370704700C00F4000400C4000800C40B0
:104F60007DF70420F8B500BFF8BC08BC9E4670472A
:104F70005FF800F011A200005FF800F0994D00000A
:104F80005FF800F0D5AA00005FF800F0893C00004F
:104F90005FF800F001AE00005FF800F0C1B801005A
:104FA0005FF800F0659401005FF800F0015E010019
:104FB0005FF800F0D9B801005FF800F0416D010022
:104FC0005FF800F08DAF00005FF800F0E57A0100B7
:104FD0005FF800F0A1F601005FF800F0453F000027
:104FE0005FF800F0099201005FF800F081BD010058
:104FF0005FF800F0E94101005FF800F0155E010084
:105000005FF800F0E9BC01005FF800F0F141010039
:105010005FF800F0816401005FF800F0F5AB01007B
:105020005FF800F0D50500005FF800F04542010090
:105030005FF800F0B51600005FF800F0D1D1010074
:105040005FF800F099C101005FF800F0353F000003
:105050005FF800F0110600005FF800F0654B0000FB
:105060005FF800F039A101005FF800F0C9D4010039
:105070005FF800F0899301005FF800F07DAE010059
:105080005FF800F0990800005FF800F001420100AD
:105090005FF800F0FD3C00005FF800F0E93D000023
:1050A0005FF800F0014B01005FF800F04DDD0100FA
:1050B0005FF800F0590B00005FF800F0393D000088
:1050C0005FF800F0150500005FF800F0D5700100F2
:1050D0005FF800F041FA01005FF800F0BD920100B6
:1050E0005FF800F0114600005FF800F031A3000007
:1050F0005FF800F0398B01005FF800F0FDEA010075
:105100005FF800F005BE01005FF800F0254B0100DC
:105110005FF800F0F1E801005FF800F0C1EE010077
:105120005FF800F0756500005FF800F019A000005E
:105130005FF800F0A91300005FF800F04D5F010078
:105140005FF800F005CB01005FF800F011F60100F8
:105150005FF800F05D4201005FF800F0113C0000D4
:105160005FF800F09D8101005FF800F051A9000098
:105170005FF800F029B901005FF800F03DBC0100C4
:105180005FF800F04D1A00005FF800F08D43010059
:105190005FF800F0D9F301005FF800F065D301007B
:1051A0005FF800F065AA00005FF800F0E16D010013
:1051B0005FF800F019F001005FF800F0E919000055
:1051C0005FF800F0B9D801005FF800F00DB90100F8
:1051D0005FF800F0AD8101005FF800F045DD0100EF
:1051E0005FF800F0594201005FF800F0D9A100001B
:0851F0004500000089F80000F1
:1051F800B2000000B3000000B9000000B9000000D0
:10520800BC000000BE000000600600006906000047
:10521800F0060000F9060000C0070000C9070000FA
:10522800660900006F090000E6090000EF090000A8
:10523800F4090000F9090000660A00006F0A00007E
:10524800E60A0000EF0A0000660B00006F0B000082
:10525800720B0000770B0000E60B0000F20B000059
:10526800660C00006F0C0000780C00007E0C00003B
:10527800E60C0000EF0C0000580D00005E0D000069
:10528800660D0000780D0000E60D0000EF0D00002F
:10529800500E0000590E0000D00E0000D90E00007C
:1052A800200F0000330F00004010000049100000DC
:1052B8009010000099100000691300007C13000092
:1052C800EE160000F0160000E0170000E9170000D5
:1052D800F0170000F9170000101800001918000056
:1052E800461900004F190000D0190000DA19000013
:1052F800801A0000891A0000901A0000991A00000C
:10530800501B0000591B0000B01B0000B91B000017
:10531800401C0000491C0000501C0000591C0000E3
:105328007020000070200000742000007920000028
:105338008020000089200000502100008221000008
:105348008521000089210000602400009B240000C2
:10535800EA240000FF2400007627000093270000BD
:10536800FD2C0000FD2C0000073000000730000075
:105378002130000029300000383000003A300000A9
:1053880092310000953100002032000029320000DF
:10539800483200004F320000513200005F320000F6
:1053A8008032000089320000B1320000BF320000B4
:1053B80020A6000029A60000E6A60000EFA600002F
:1053C80030A8000035A80000D0A80000D9A8000027
:1053D80000A9000009A90000D0A90000D9A900006F
:1053E800F0A90000F9A9000050AA000059AA00007D
:1053F800F0AB0000F9AB000010FF000019FF00003F
:10540800070101003301010040010100780101009A
:105418008A0101008B010100E1020100FB02010089
:10542800200301002303010041030100410301009F
:105438004A0301004A030100D1030100D50301001A
:10544800A0040100A9040100580801005F08010038
:10545800790801007F080100A7080100AF080100D2
:10546800FB080100FF080100160901001B090100E3
:10547800BC090100BD090100C0090100CF090100F4
:10548800D2090100FF090100400A0100480A010091
:105498007D0A01007E0A01009D0A01009F0A0100A1
:1054A800EB0A0100EF0A0100580B01005F0B010035
:1054B800780B01007F0B0100A90B0100AF0B010065
:1054C800FA0C0100FF0C0100300D0100390D01003C
:1054D800400D0100490D0100600E01007E0E010023
:1054E8001D0F0100260F0100510F0100540F01008C
:1054F800C50F0100CB0F0100521001006F10010011
:10550800F0100100F9100100361101003F110100EF
:10551800D0110100D9110100E1110100F4110100BD
:10552800F0120100F9120100501401005914010091
:10553800D0140100D91401005016010059160100B9
:10554800C0160100C9160100D0160100E3160100BB
:10555800301701003B170100E0180100F2180100A4
:105568005019010059190100F01B0100F91B010035
:10557800501C01006C1C0100501D0100591D010048
:10558800A01D0100A91D0100501F0100591F0100A5
:10559800C01F0100D41F0100002401006E24010077
:1055A8003061010039610100606A0100696A010027
:1055B800C06A0100C96A0100506B0100596B010003
:1055C8005B6B0100616B0100706D0100796D01007A
:1055D800806E0100966E0100F0CC0100F9CC01004C
:1055E800C0D20100D3D20100E0D20100F3D2010001
:1055F80060D3010078D30100CED70100FFD70100A6
:1056080040E1010049E10100F0E20100F9E2010096
:10561800F0E40100F9E40100F1E50100FAE5010018
:10562800C7E80100CFE8010050E9010059E901008D
:1056380071EC0100ABEC0100ADEC0100AFEC010036
:10564800B1EC0100B4EC010001ED01002DED010009
:105658002FED01003DED010000F101000CF101000A
:10566800F0FB0100F9FB0100AA000000AA000000FD
:10567800B5000000B5000000BA000000BA00000044
:10568800C0000000D6000000D8000000F6000000AE
:10569800F8000000C1020000C6020000D1020000AC
:1056A800E0020000E4020000EC020000EC0200004E
:1056B800EE020000EE020000700300007403000018
:1056C80076030000770300007A0300007D030000E2
:1056D8007F0300007F0300008603000086030000AC
:1056E800880300008A0300008C0300008C0300007C
:1056F8008E030000A1030000A3030000F5030000CF
:10570800F7030000810400008A0400002F05000050
:105718003105000056050000590500005905000034
:105728006005000088050000D0050000EA050000BB
:10573800EF050000F2050000200600004A06000000
:105748006E0600006F06000071060000D306000018
:10575800D5060000D5060000E5060000E6060000B4
:10576800EE060000EF060000FA060000FC06000046
:10577800FF060000FF0600001007000010070000E9
:10578800120700002F0700004D070000A5070000C2
:10579800B1070000B1070000CA070000EA070000CF
:1057A800F4070000F5070000FA070000FA070000F8
:1057B80000080000150800001A0800001A08000078
:1057C8002408000024080000280800002808000019
:1057D8004008000058080000600800006A0800003F
:1057E8007008000087080000890800008E08000083
:1057F800A0080000C90800000409000039090000D9
:105808003D0900003D090000500900005009000052
:1058180058090000610900007109000080090000B2
:10582800850900008C0900008F090000900900001C
:1058380093090000A8090000AA090000B0090000A7
:10584800B2090000B2090000B6090000B909000059
:10585800BD090000BD090000CE090000CE09000006
:10586800DC090000DD090000DF090000E109000093
:10587800F0090000F1090000FC090000FC09000023
:10588800050A00000A0A00000F0A0000100A0000BA
:10589800130A0000280A00002A0A0000300A000043
:1058A800320A0000330A0000350A0000360A0000F8
:1058B800380A0000390A0000590A00005C0A000092
:1058C8005E0A00005E0A0000720A0000740A000006
:1058D800850A00008D0A00008F0A0000910A000066
:1058E800930A0000A80A0000AA0A0000B00A0000F3
:1058F800B20A0000B30A0000B50A0000B90A0000A5
:10590800BD0A0000BD0A0000D00A0000D00A00004D
:10591800E00A0000E10A0000F90A0000F90A0000A4
:10592800050B00000C0B00000F0B0000100B000013
:10593800130B0000280B00002A0B0000300B00009E
:10594800320B0000330B0000350B0000390B000050
:105958003D0B00003D0B00005C0B00005D0B0000E0
:105968005F0B0000610B0000710B0000710B000061
:10597800830B0000830B0000850B00008A0B0000DE
:105988008E0B0000900B0000920B0000950B00009E
:10599800990B00009A0B00009C0B00009C0B000068
:1059A8009E0B00009F0B0000A30B0000A40B00003F
:1059B800A80B0000AA0B0000AE0B0000B90B0000FA
:1059C800D00B0000D00B0000050C00000C0C0000F0
:1059D8000E0C0000100C0000120C0000280C000037
:1059E8002A0C0000390C00003D0C00003D0C0000A2
:1059F800580C00005A0C00005D0C00005D0C000003
:105A0800600C0000610C0000800C0000800C00009D
:105A1800850C00008C0C00008E0C0000900C00001F
:105A2800920C0000A80C0000AA0C0000B30C0000A7
:105A3800B50C0000B90C0000BD0C0000BD0C000046
:105A4800DD0C0000DE0C0000E00C0000E10C0000A2
:105A5800F10C0000F20C0000040D00000C0D000019
:105A68000E0D0000100D0000120D00003A0D000090
:105A78003D0D00003D0D00004E0D00004E0D0000D4
:105A8800540D0000560D00005F0D0000610D000070
:105A98007A0D00007F0D0000850D0000960D0000B6
:105AA8009A0D0000B10D0000B30D0000BB0D000001
:105AB800BD0D0000BD0D0000C00D0000C60D0000AA
:105AC800010E0000300E0000320E0000330E000000
:105AD800400E0000460E0000810E0000820E0000FD
:105AE800840E0000840E0000860E00008A0E00005E
:105AF8008C0E0000A30E0000A50E0000A50E0000ED
:105B0800A70E0000B00E0000B20E0000B30E000099
:105B1800BD0E0000BD0E0000C00E0000C40E000047
:105B2800C60E0000C60E0000DC0E0000DF0E0000EE
:105B3800000F0000000F0000400F0000470F00009A
:105B4800490F00006C0F0000880F00008C0F000048
:105B5800001000002A1000003F1000003F10000055
:105B680050100000551000005A1000005D10000091
:105B78006110000061100000651000006610000050
:105B88006E100000701000007510000081100000F9
:105B98008E1000008E100000A0100000C51000003C
:105BA800C7100000C7100000CD100000CD10000085
:105BB800D0100000FA100000FC100000481200008D
:105BC8004A1200004D120000501200005612000048
:105BD80058120000581200005A1200005D1200000E
:105BE80060120000881200008A1200008D12000066
:105BF80090120000B0120000B2120000B5120000AE
:105C0800B8120000BE120000C0120000C01200004E
:105C1800C2120000C5120000C8120000D61200000F
:105C2800D812000010130000121300001513000012
:105C3800181300005A130000801300008F1300008F
:105C4800A0130000F5130000F8130000FD13000076
:105C5800011400006C1600006F1600007F1600008B
:105C6800811600009A160000A0160000EA1600002F
:105C7800F1160000F81600000017000011170000C8
:105C88001F170000311700004017000051170000CF
:105C9800601700006C1700006E17000070170000F6
:105CA80080170000B3170000D7170000D7170000AF
:105CB800DC170000DC17000020180000781800002E
:105CC800801800008418000087180000A818000039
:105CD800AA180000AA180000B0180000F518000063
:105CE800001900001E190000501900006D1900006D
:105CF800701900007419000080190000AB19000029
:105D0800B0190000C9190000001A0000161A000096
:105D1800201A0000541A0000A71A0000A71A000051
:105D2800051B0000331B0000451B00004C1B000036
:105D3800831B0000A01B0000AE1B0000AF1B00006F
:105D4800BA1B0000E51B0000001C0000231C00001B
:105D58004D1C00004F1C00005A1C00007D1C000058
:105D6800801C00008A1C0000901C0000BA1C000067
:105D7800BD1C0000BF1C0000E91C0000EC1C00005A
:105D8800EE1C0000F31C0000F51C0000F61C0000CF
:105D9800FA1C0000FA1C0000001D0000BF1D0000D6
:105DA800001E0000151F0000181F00001D1F000026
:105DB800201F0000451F0000481F00004D1F000065
:105DC800501F0000571F0000591F0000591F0000F6
:105DD8005B1F00005B1F00005D1F00005D1F0000CF
:105DE8005F1F00007D1F0000801F0000B41F00001F
:105DF800B61F0000BC1F0000BE1F0000BE1F000031
:105E0800C21F0000C41F0000C61F0000CC1F0000F6
:105E1800D01F0000D31F0000D61F0000DB1F0000AA
:105E2800E01F0000EC1F0000F21F0000F41F00003C
:105E3800F61F0000FC1F0000712000007120000008
:105E48007F2000007F200000902000009C200000A0
:105E580002210000022100000721000007210000A4
:105E68000A2100001321000015210000152100005F
:105E7800192100001D210000242100002421000018
:105E880026210000262100002821000028210000EA
:105E98002A2100002D2100002F21000039210000B7
:105EA8003C2100003F21000045210000492100005D
:105EB8004E2100004E2100008321000084210000B3
:105EC800002C0000E42C0000EB2C0000EE2C00005D
:105ED800F22C0000F32C0000002D0000252D0000FE
:105EE800272D0000272D00002D2D00002D2D00004E
:105EF800302D0000672D00006F2D00006F2D000071
:105F0800802D0000962D0000A02D0000A62D000079
:105F1800A82D0000AE2D0000B02D0000B62D000009
:105F2800B82D0000BE2D0000C02D0000C62D0000B9
:105F3800C82D0000CE2D0000D02D0000D62D000069
:105F4800D82D0000DE2D00002F2E00002F2E00007F
:105F58000530000006300000313000003530000008
:105F68003B3000003C30000041300000963000001B
:105F78009D3000009F300000A1300000FA30000082
:105F8800FC300000FF300000053100002F31000018
:105F9800313100008E310000A0310000BF31000017
:105FA800F0310000FF31000000340000BF4D000058
:105FB800004E00008CA40000D0A40000FDA4000046
:105FC80000A500000CA6000010A600001FA60000F7
:105FD8002AA600002BA6000040A600006EA600001E
:105FE8007FA600009DA60000A0A60000E5A6000070
:105FF80017A700001FA7000022A7000088A700001D
:106008008BA70000CDA70000D0A70000D1A70000F3
:10601800D3A70000D3A70000D5A70000DCA7000085
:10602800F2A7000001A8000003A8000005A80000CE
:1060380007A800000AA800000CA8000022A8000079
:1060480040A8000073A8000082A80000B3A80000C0
:10605800F2A80000F7A80000FBA80000FBA80000B9
:10606800FDA80000FEA800000AA9000025A900005C
:1060780030A9000046A9000060A900007CA9000022
:1060880084A90000B2A90000CFA90000CFA9000090
:10609800E0A90000E4A90000E6A90000EFA90000BB
:1060A800FAA90000FEA9000000AA000028AA000022
:1060B80040AA000042AA000044AA00004BAA00001F
:1060C80060AA000076AA00007AAA00007AAA000056
:1060D8007EAA0000AFAA0000B1AA0000B1AA000081
:1060E800B5AA0000B6AA0000B9AA0000BDAA00001F
:1060F800C0AA0000C0AA0000C2AA0000C2AA0000EC
:10610800DBAA0000DDAA0000E0AA0000EAAA00005D
:10611800F2AA0000F4AA000001AB000006AB0000E0
:1061280009AB00000EAB000011AB000016AB00007D
:1061380020AB000026AB000028AB00002EAB00000F
:1061480030AB00005AAB00005CAB000069AB00004C
:1061580070AB0000E2AB000000AC0000A3D7000069
:10616800B0D70000C6D70000CBD70000FBD700008F
:1061780000F900006DFA000070FA0000D9FA00007A
:1061880000FB000006FB000013FB000017FB0000EB
:106198001DFB00001DFB00001FFB000028FB00008A
:1061A8002AFB000036FB000038FB00003CFB000027
:1061B8003EFB00003EFB000040FB000041FB0000EE
:1061C80043FB000044FB000046FB0000B1FB00005D
:1061D800D3FB00003DFD000050FD00008FFD0000D6
:1061E80092FD0000C7FD0000F0FD0000FBFD00006F
:1061F80070FE000074FE000076FE0000FCFE000049
:1062080021FF00003AFF000041FF00005AFF000094
:1062180066FF0000BEFF0000C2FF0000C7FF0000CD
:10622800CAFF0000CFFF0000D2FF0000D7FF000028
:10623800DAFF0000DCFF0000000001000B00010095
:106248000D00010026000100280001003A000100AD
:106258003C0001003D0001003F0001004D0001002D
:10626800500001005D00010080000100FA000100FB
:10627800800201009C020100A0020100D00201007E
:10628800000301001F0301002D030100400301006A
:106298004203010049030100500301007503010096
:1062A800800301009D030100A0030100C303010056
:1062B800C8030100CF030100000401009D04010090
:1062C800B0040100D3040100D8040100FB0401005C
:1062D80000050100270501003005010063050100E4
:1062E800700501007A0501007C0501008A0501009E
:1062F8008C05010092050100940501009505010037
:1063080097050100A1050100A3050100B1050100E1
:10631800B3050100B9050100BB050100BC0501007A
:10632800C0050100F3050100000601003607010061
:1063380040070100550701006007010067070100D9
:10634800800701008507010087070100B0070100E9
:10635800B2070100BA0701000008010005080100A2
:1063680008080100080801000A08010035080100B2
:1063780037080100380801003C0801003C0801000A
:106388003F08010055080100600801007608010077
:10639800800801009E080100E0080100F2080100E1
:1063A800F4080100F50801000009010015090100C1
:1063B800200901003909010080090100B70901001D
:1063C800BE090100BF090100000A0100000A01001E
:1063D800100A0100130A0100150A0100170A01003A
:1063E800190A0100350A0100600A01007C0A01004F
:1063F800800A01009C0A0100C00A0100C70A0100C6
:10640800C90A0100E40A0100000B0100350B010074
:10641800400B0100550B0100600B0100720B0100DD
:10642800800B0100910B0100000C0100480C0100D9
:10643800800C0100B20C0100C00C0100F20C01003C
:10644800000D0100230D01004A0D0100650D01003A
:106458006F0D0100850D0100800E0100A90E0100DD
:10646800B00E0100B10E0100C20E0100C40E010001
:10647800000F01001C0F0100270F0100270F01006A
:10648800300F0100450F0100700F0100810F01005E
:10649800B00F0100C40F0100E00F0100F60F01006A
:1064A8000310010037100100711001007210010083
:1064B800751001007510010083100100AF10010074
:1064C800D0100100E810010003110100261101009D
:1064D8004411010044110100471101004711010056
:1064E80050110100721101007611010076110100AE
:1064F80083110100B2110100C1110100C411010092
:10650800DA110100DA110100DC110100DC110100CF
:106518000012010011120100131201002B120100D8
:106528003F12010040120100801201008612010092
:1065380088120100881201008A1201008D120100E0
:106548008F1201009D1201009F120100A812010084
:10655800B0120100DE120100051301000C13010046
:106568000F13010010130100131301002813010079
:106578002A13010030130100321301003313010004
:1065880035130100391301003D1301003D130100CB
:1065980050130100501301005D1301006113010045
:1065A80080130100891301008B1301008B13010074
:1065B8008E1301008E13010090130100B513010022
:1065C800B7130100B7130100D1130100D113010063
:1065D800D3130100D3130100001401003414010087
:1065E800471401004A1401005F14010061140100FE
:1065F80080140100AF140100C4140100C514010087
:10660800C7140100C714010080150100AE15010070
:10661800D8150100DB150100001601002F16010036
:10662800441601004416010080160100AA16010054
:10663800B8160100B8160100001701001A1701006A
:106648004017010046170100001801002B1801002F
:10665800A0180100DF180100FF1801000619010049
:1066680009190100091901000C1901001319010089
:106678001519010016190100181901002F19010038
:106688003F1901003F19010041190100411901009A
:10669800A0190100A7190100AA190100D0190100C9
:1066A800E1190100E1190100E3190100E3190100F2
:1066B800001A0100001A01000B1A0100321A010029
:1066C8003A1A01003A1A0100501A0100501A010042
:1066D8005C1A0100891A01009D1A01009D1A010027
:1066E800B01A0100F81A0100C01B0100E01B0100EC
:1066F800001C0100081C01000A1C01002E1C0100DE
:10670800401C0100401C0100721C01008F1C01008C
:10671800001D0100061D0100081D0100091D0100E2
:106728000B1D0100301D0100461D0100461D010022
:10673800601D0100651D0100671D0100681D010045
:106748006A1D0100891D0100981D0100981D0100A6
:10675800E01E0100F21E0100021F0100021F0100DD
:10676800041F0100101F0100121F0100331F010048
:10677800B01F0100B01F0100002001009923010093
:106788008024010043250100902F0100F02F010013
:10679800003001002F34010041340100463401006B
:1067A80060340100FA43010000440100464601003C
:1067B800006101001D61010000680100386A0100E4
:1067C800406A01005E6A0100706A0100BE6A010049
:1067D800D06A0100ED6A0100006B01002F6B010017
:1067E800406B0100436B0100636B0100776B010094
:1067F8007D6B01008F6B0100406D01006C6D010025
:10680800406E01007F6E0100006F01004A6F0100B9
:10681800506F0100506F0100936F01009F6F0100DE
:10682800E06F0100E16F0100E36F0100E36F010019
:1068380000700100F787010000880100D58C010075
:10684800FF8C0100088D0100F0AF0100F3AF0100DB
:10685800F5AF0100FBAF0100FDAF0100FEAF010085
:1068680000B0010022B1010032B1010032B10100D3
:1068780050B1010052B1010055B1010055B10100FC
:1068880064B1010067B1010070B10100FBB2010001
:1068980000BC01006ABC010070BC01007CBC0100A6
:1068A80080BC010088BC010090BC010099BC0100BB
:1068B80000D4010054D4010056D401009CD4010036
:1068C8009ED401009FD40100A2D40100A2D40100EB
:1068D800A5D40100A6D40100A9D40100ACD40100BC
:1068E800AED40100B9D40100BBD40100BBD401006F
:1068F800BDD40100C3D40100C5D4010005D50100F1
:1069080007D501000AD501000DD5010014D50100F5
:1069180016D501001CD501001ED5010039D501008E
:106928003BD501003ED5010040D5010044D501000A
:1069380046D5010046D501004AD5010050D50100D1
:1069480052D50100A5D60100A8D60100C0D6010085
:10695800C2D60100DAD60100DCD60100FAD6010061
:10696800FCD6010014D7010016D7010034D7010066
:1069780036D701004ED7010050D701006ED701006D
:1069880070D7010088D701008AD70100A8D7010075
:10699800AAD70100C2D70100C4D70100CBD7010094
:1069A80000DF01001EDF010025DF01002ADF0100F2
:1069B80030E001006DE0010000E101002CE1010080
:1069C80037E101003DE101004EE101004EE1010027
:1069D80090E20100ADE20100C0E20100EBE201003B
:1069E800D0E40100EBE40100D0E50100EDE5010091
:1069F800F0E50100F0E50100E0E70100E6E701004D
:106A0800E8E70100EBE70100EDE70100EEE7010030
:106A1800F0E70100FEE7010000E80100C4E801001A
:106A280000E9010043E901004BE901004BE90100DD
:106A380000EE010003EE010005EE01001FEE01006B
:106A480021EE010022EE010024EE010024EE0100F7
:106A580027EE010027EE010029EE010032EE0100C9
:106A680034EE010037EE010039EE010039EE010085
:106A78003BEE01003BEE010042EE010042EE010058
:106A880047EE010047EE010049EE010049EE010022
:106A98004BEE01004BEE01004DEE01004FEE010000
:106AA80051EE010052EE010054EE010054EE0100D7
:106AB80057EE010057EE010059EE010059EE0100B2
:106AC8005BEE01005BEE01005DEE01005DEE010092
:106AD8005FEE01005FEE010061EE010062EE010071
:106AE80064EE010064EE010067EE01006AEE010049
:106AF8006CEE010072EE010074EE010077EE010009
:106B080079EE01007CEE01007EEE01007EEE0100D0
:106B180080EE010089EE01008BEE01009BEE010082
:106B2800A1EE0100A3EE0100A5EE0100A9EE01000F
:106B3800ABEE0100BBEE010000000200DFA6020080
:106B480000A7020039B7020040B702001DB80200D2
:106B580020B80200A1CE0200B0CE0200E0EB020095
:106B6800F0EB02005DEE020000F802001DFA0200E0
:106B7800000003004A13030050130300AF2303006F
:106B880016035500530042002000530065007200B0
:106B9800690061006C00000018035400650065007E
:106BA8006E00730079006400750069006E006F0064
:106BB8000403090409026200030100C032080B0043
:106BC800020202010009040000010202010005247A
:106BD8000010010524010101042402060524060011
:106BE800010705820310001009040100020A0000D1
:106BF8000007050302400000070584024000000961
:106C080004020002FF6AFF00070581024000010735
:106C1800050102400001000009026200030100C0F2
:106C280032080B00020202010009040000010202FE
:106C380001000524001001052401010104240206B5
:106C48000524060001070582031000050904010058
:106C5800020A00000007050302000200070584027B
:106C68000002000904020002FF6AC700070581024A
:106C78000002010705010200020100000A060002E5
:086C8800EF02014001000000D1
:106C900000000000000000000000000000000000F4
:106CA00000000000000000000000000000000000E4
:106CB0000548064B1B1AD90F01EBA301491002D05E
:106CC000034B03B118477047C04A0020C04A002058
:106CD0000000000008B5054B1BB105490548AFF39E
:106CE0000080BDE80840FFF7E3BF00BF00000000E0
:106CF000E0EA0420001C0360020410F4F84FC0F323
:106D00008421C0F3090302F0004214D113B900EE4C
:106D1000102A704718465B00013113F4806FF9D0D8
:106D2000C1F171010B4B42EAC15203EA80331A43AD
:106D300000EE102A70471F2942EA433205D0703115
:106D400042EAC15200EE102A704742F0FF4200EEC4
:106D5000102A704700E07F00032801EB000C10B5FB
:106D600000F1040E09DC085C00F03F00107011F81F
:106D70000E2002F03F021A7010BD1CF804CC4FEA3E
:106D80009C1411F80EC00CF00F0C4CEA041C82F895
:106D900000C0085C11F80E208009120942EA0012B6
:106DA0001A7010BD2DE9F04F8BB00C4692469B46F1
:106DB000149D0E2810D8DFE810F0D200D700EB00A9
:106DC0000F000F000F000F000F002B010F000F002E
:106DD0000F005D010F0014004FF0FF300BB0BDE855
:106DE000F08F02F0FF080021B8F1000FF4D1100A73
:106DF0004FEA1B2340EA0B60069350EA1B2B00F07E
:106E0000AA80AB464746079004F18006B4F8D0004C
:106E10000191A146FFF770FF04F1C008B446DA46BD
:106E200038465946CDE90464019E09F1FF370CF15B
:106E3000FF3B54460025CDF80CA0CDE9019C1BF882
:106E400001CF2A1117F801AF01354FEA0C130AF0F0
:106E50000F0E4FEA8C0903F03003202D09F03009A2
:106E600043EA0E03A3F1200307EE903A18F902302B
:106E7000424407EE103A97F82030F8EEE77AB8EE81
:106E8000C77A03F00F0E4FEA131349EA0E0E27EEEE
:106E9000007AAEF1200E67EE877AE4EC017A07EE15
:106EA00090EA92F902E0F8EEE77A07EE10EA0CF0C9
:106EB000300E4FEA9C1CB8EEC77A4EEA1A1E43EA1F
:106EC0000C13AEF1200E27EE007AA3F1200367EE3B
:106ED000877AC4ED1F7A07EE90EAB8EEE77A07EEFC
:106EE000903A92F90430F8EEE77A06EE903AF8EE2E
:106EF000E66A66EE806A27EE267A84ED3F7A92F99A
:106F0000063007EE103AB8EEC77A27EE007A67EE41
:106F1000877AC4ED5F7A92D1DDE9019C049B08F188
:106F2000080809F14009DDF80CA00CF1200C4B45D4
:106F30000AF5007A7FF479AF431C01F5806B059C5C
:106F40001F4646F10001D234DDE906238A4208BF1C
:106F5000BB427FF459AF00200BB0BDE8F08F920028
:106F600028461BF09FFDF6E752EA0B03F3D00026FC
:106F70002F46354634F8020BFFF7BEFE0136A7EC6C
:106F8000010A45F10005AB4508BFB245F2D1E2E781
:106F900012F01F074FF000087FF41EAF4FEA521A9D
:106FA0004FEA5B164AEACB6A5AEA5B1BD3D011342C
:106FB00034F8110CFFF7A0FEA4F11002294612F8D4
:106FC000013F03F00F03A242A3F1080307EE903A3A
:106FD000F8EEE77A67EE807AE1EC017A13784FEA0F
:106FE0001313A3F1080307EE903AF8EEE77A67EE81
:106FF000807AC1ED0F7AE2D1013705F1800504F105
:10700000120448F10008464508BFBA45D0D1A2E7AE
:1070100012F01F084FF000097FF4DEAE4FEA521A5B
:107020004FEA5B174AEACB6A5AEA5B1B93D005F139
:1070300080068B465D46A6F1800435F8010BFFF70C
:107040005BFE15F9013F07EE903AF8EEE77A67EE3E
:10705000807AE4EC017AB442F3D118F1010806F128
:1070600080060BF1220B49F100094F4508BFC245CC
:10707000E0D170E702F0FF084FF00009B8F1000F0F
:107080007FF4AAAE4FEA122C4FEA1B234CEA0B6C9A
:1070900002935CEA1B2B3FF45EAF05F1800A0D46BC
:1070A000CDF80CC029466C880AF18007564631F8A5
:1070B000040B4FF0000B0191FFF71EFE204605F177
:1070C0000F04B0EE405AFFF717FE019901950DF13C
:1070D00027030DF126025846A6F18005FFF73CFE76
:1070E0009DF826200BF1010005EE902A9DF827203F
:1070F00006EE102A0DF12602FFF72EFE9DF826302F
:10710000F8EEE55A224607EE103A9DF82730B8EE21
:10711000C66A06EE903AB8EEC77A65EE855AF8EE82
:10712000E66A26EE006A27EE057A66EE806A12F8B5
:10713000013F03F00F0307EE903A3346F8EEE77A8B
:1071400067EEA57A77EEC67AE5EC017AB542EED124
:10715000204610F8012F120907EE902AF8EEE77A80
:1071600067EE877A77EEE67AE3EC017ABB42F0D1FC
:107170000BF1020B03F5807706F580762034BBF126
:10718000080FA4D118F10108019D0AF5806A49F1A0
:1071900000099035DDE902234A4508BF434581D106
:1071A000D9E600BFF0B55609059F46EAC36656EA20
:1071B00053134FD000F18001F7EE005AF6EE006A4B
:1071C000069D013F9FED256A9FED255A01EBC616EE
:1071D00000246FF07E0E03469FED217AF3EC017AD6
:1071E000F0EEE77AF4EEC77AF1EE10FA37FE877A1E
:1071F0009942F3D1C7EE067AF5EEC07AE5EC017A52
:10720000F1EE10FA27DD85EEA77A07EB040C0246B3
:107210000FE077EEA67AFDEEE77A17EE903A734527
:10722000B8BF73467F2BA8BF7F2391420CF8013F64
:107230000BD0F2EC017A67EE877AF5EEC07AF1EEC8
:1072400010FAE6D577EEE67AE5E780312034803033
:10725000B142C0D1F0BDB0EE457AD6E70000FE42A3
:107260000000000000B54FEA521E01994EEAC36EBD
:107270005EEA531312D0A1F1040C1F300CEB8E0EFA
:10728000A0F12003002213F9011F83420A44FAD11E
:107290004CF8042FF44500F12000F1D100BD00BFEF
:1072A0002DE9F04F2DED068B91B0209C4FEA142E66
:1072B000219C4EEA046E250A5EEA14240C9500F027
:1072C00024814FF000090433044615464E46884693
:1072D0000593CDF834E09FED90AB23466788AB462D
:1072E0004FF0000A33F8040B0293FFF705FD384610
:1072F000B0EE409AFFF700FD059BB7EEC08A04F19F
:107300003007043BB7EEC99A0B96069308F12403A5
:10731000CDE907450193CDE909890DF13F030299B4
:107320000DF13E025046FFF717FDA7F120044FF084
:10733000000C019B2146A3F1200EE046E146664683
:10734000CDE903AB0A68083151F8043C8F425EF87E
:10735000045C02F00F3203F00F335EF8080B2FFAD3
:1073600082FA2FFA85FB2FFA92F22FFA95F52AFB73
:107370000B6622FB05992FFA83F22FFA80F52FFA7C
:1073800093F32FFA90F022FB058823FB00CCD9D190
:10739000E0444E449DF83F300DF13E0246440299D0
:1073A00007EE103A9DF83E3007EE906A002606EE92
:1073B000103A069BB8EEE74BB046B8EEC77B3546B1
:1073C000B8EEC66BDDE903AB27EE087B53F82A3035
:1073D0000AF101009BED005A03EE903A26EE096B8C
:1073E00003930DF13F03B8EEE33BB7EEC55A27EE2A
:1073F000037B14EE067B07EE05ABFFF7ADFCDDF873
:1074000004C0B646CDF80CA02268083454F8043CF9
:107410001209A7424FEA13135CF8040C02F00F3272
:107420005CF8081B03F00F332FFA82F92FFA80FA69
:107430002FFA92F22FFA90F029FB0A5522FB0088CE
:107440002FFA83F22FFA81F02FFA93F32FFA91F1AA
:1074500022FB00EE23FB0166D6D1019B4544B644D6
:10746000DDF80CA040339BED015A754420370193A1
:10747000B7EEC55A9DF83F3007EE905A0BF1080B56
:1074800007EE103AB8EEE74B059BB8EEC77B53F812
:107490002A300AF1020A27EE087B06EE903A03939F
:1074A000BAF1080F9DF83E30B8EEE66B27EE067B8A
:1074B00006EE103AB8EEC66B26EE096B14EE067BAC
:1074C00007EE05AB7FF429AF059A0B9E2032DDE96C
:1074D0000989059219F1010308F58078994646F16A
:1074E0000006DDE90C23DDE90745B24208BF4B4544
:1074F00004F1900405F120057FF4EFAEB7EECA0B5E
:1075000011B0BDEC068BBDE8F08F9FED050A11B000
:10751000BDEC068BBDE8F08F00000000000000000D
:1075200000000000000000002DE9F04F2DED048B5D
:107530008FB0DDE91C341B0A250A43EA04630A956F
:1075400053EA142400F044814FF00008824691462B
:107550004FF0011403910B93CDF818809FEDA08B91
:10756000CDE900885346BAF802500AF130064FF0D0
:10757000010B33F8040B00270593FFF7BDFB2846EA
:10758000F0EE409AFFF7B8FBB0EE409ACDF80890C5
:10759000CDF82480CDE9079A4FF000034FF0000E9C
:1075A000A6F12005CDF810B08DF83730012328461C
:1075B000F1468DF83630F046039B714607EB030A1F
:1075C00050F8043B5AF8042B864203F00F332FFA8D
:1075D00082FC2FFA83FB2FFA92F22FFA93F32BFB04
:1075E0000C112CFB049923FB028822FB04EEE7D14B
:1075F0001E9B8844DDF810B0012B40F3B1804FF0A2
:10760000000901234A4688FB0313B1EB090163EB30
:107610000203009A8918019A42EB0303CDE9001393
:107620004FF0000E039BF44603EB4B19F0467146F6
:1076300055F8043B59F8042B1B09AE422FFA82FA85
:1076400003F00F332FFA92F22FFA83F02AFB04CCC7
:107650002FFA93F320FB0A1123FB028822FB04EE8E
:10766000E6D11E9B01EB08050CEB0E08012B44DD57
:107670009DF836309DF8372085FB031388FB02C246
:10768000B1EB0C0163EB0203009A8918019A42EBFB
:107690000303CDE90013029B403720360BF1020BA8
:1076A0000833B7F5807F02937FF476AF069B039A89
:1076B0000133DDF8248002F5807248F1000806935A
:1076C0000392DDE90A12DDE9079A414508BF9A42B3
:1076D0000AF1900A09F120097FF444AF1E9B2BB1F7
:1076E000DDE900011CF038FF41EC180BB7EEC80BC8
:1076F0000FB0BDEC048BBDE8F08F0DF137030DF139
:10770000360205995846FFF727FB1E9B012BAFD089
:10771000029B07EE908AB7EEC96A93ED015AB8EE64
:10772000E72B9DF8373007EE905AB7EEE93A07EEAF
:10773000103AB8EEE74B9DF83630B7EEC55AB8EEC2
:10774000C77B27EE067B06EE103AB8EEC66B27EE37
:10775000027B26EE036B16EE047B07EE058B9AE7A1
:107760000DF137030DF1360205990BF1FF30F144AD
:10777000FFF7F2FA1E999DF8363001299DF837205F
:1077800023D007EE902AB7EEC91A06EE903AB7EE6C
:10779000E93AB8EEE77B029BB8EEE65B06EE909A1C
:1077A00093ED006A27EE017BB8EEE62B06EE908A99
:1077B00025EE035B27EE027BB8EEE64BB7EEC66A1A
:1077C00015EE047B07EE068B2AE789FB02921AE787
:1077D00000239FED038B009301937FE7AFF30080BD
:1077E00000000000000000002DE9F04F0C282DEDF6
:1077F000068BA1B005920793DDE9303200F01881C5
:107800000E280BD0082800F0DF81DFED877A87EEA5
:10781000A70A21B0BDEC068BBDE8F08F4FEA132814
:10782000130A48EA02681493804B1E68149B002ECA
:1078300000F0068358EA030300F0F983059F18ABB4
:107840004FF000090C463D4600270693CDF85480C2
:107850009FED738BB4F8D000A246FFF74DFAB7EE58
:10786000C09AFB0004F1C10612944FF000080F9378
:107870006B1E80341397CDE91035069B2022002122
:107880001846751E1EF064F9611E00220AF1FF3BC6
:10789000019110999446049201EB08070C96059209
:1078A000CDE90222CDE908A4CDE90A85CDE90D9004
:1078B0000BE05AF8203C02935AF8183C05935AF80A
:1078C000103C03935AF8083C0493019B0CF1010C03
:1078D0001BF801EF013713F8016FBCF1200F0EF018
:1078E0000F0597F920904FEA860001939BF820300E
:1078F0004FEA061400F0300006F0300103F00F0AE2
:107900004FEAA61604F030044FEA131340EA0A00C7
:1079100097F9408044EA050443EA061341EA1E153C
:10792000A0F12000059920AE97F960E0A5F12005AF
:1079300006EB820609FB0010049AA3F120030399C9
:10794000A4F120040EFB03234FEA2C1208FB0515BB
:1079500020A997F900E001EB820A029905960EFB37
:10796000041446F8180C46F8204C46F8105C46F80B
:10797000083C9ED1DDE90E32DDE90A85DDE908A487
:1079800002EB5810079A194602EB80000022DDE94D
:107990000C69B0EC017A083115F91270B7EEC77AAC
:1079A00051ED025A06EE107A16F91270B8EEE55B48
:1079B000013227EE097B042AB8EEC66B26EE076B70
:1079C00006EE058B06EE107AB8EEC66B26EE077B48
:1079D00051ED016AB8EEE66B07EE068BD9D10AF1DC
:1079E000400A20340836B8F1000F00F0FE82139FE1
:1079F0007B1C1F4649F10009DDE91423DDE9115420
:107A0000914508BF9F4204F1D20405F580757FF4CB
:107A100021AFB7EEC80B21B0BDEC068BBDE8F08FEF
:107A2000000000000000000000000000BCE0042096
:107A30001B0A43EA0263120A0892854A1268002A66
:107A400000F00881089A1A4300F0F182079A0DF1BC
:107A50005F00059C0DF1600B0292002201900392E1
:107A6000049222460C4607939FED778BA2466588C9
:107A7000059204F10F093AF8040B0027FFF73CF9CF
:107A8000B0EE40AA2846FFF737F9059AB7EECAAA22
:107A9000DDF80880B7EEC09A02F11F0502F13F063B
:107AA0000694514638465B46019AFFF755F9002186
:107AB000A5F12004CC46084614F9012F1CF8013F1B
:107AC000A542114403F00F0313FB0200F4D19DF80B
:107AD000603006EE900A07EE901A98ED005A06EE16
:107AE000103AB8EEE64BB8EEE77B9DF85F30B8EEA3
:107AF000C66B5146B7EEC55A781C019A26EE096B43
:107B000026EE077B06EE103A5B46B8EEC66B26EE15
:107B10000A6B16EE047B07EE058BFFF71DF90021BB
:107B2000CC46084614F9012F1CF8013FA642114427
:107B30004FEA131313FB0200F4D19DF8603006EEF8
:107B4000900A07EE901A98ED015A06EE103AB8EE38
:107B5000E64BB8EEE77B9DF85F30B8EEC66B0237B8
:107B6000B7EEC55A08F10808082F05F1400526EEC2
:107B7000096B09F1200906F1400626EE077B06EEA7
:107B8000103AB8EEC66B26EE0A6B16EE047B07EED3
:107B9000058B86D10299039B203101330291049910
:107BA000039341F10001DDE90705DDE90524A94260
:107BB00008BF8342049104F1900402F580727FF4BF
:107BC00055AFB7EEC80B26E75F09550947EAC2670C
:107BD00057EA521200F02B82059B0026DDF81C802C
:107BE00001F1210403F1FF39B2469FED178B34F800
:107BF000210CFFF781F8A4F120034946002213F974
:107C000001CF11F9010FA3421CFB0022F7D1B8EC00
:107C1000015AB7EEC06A013607EE902AB7EEC55A90
:107C200009F120094AF1000AB8EEE77B03F12204CA
:107C300026EE056B554508BFB74206EE078BD6D139
:107C4000B7EEC80BE7E600BF000000000000000030
:107C5000BCE004200898184300F0E9819146DDF863
:107C60001CA018AA0C46D0464FF001160692CA4630
:107C70000DF15F020D939FEDDE8B01922346658827
:107C80004FF0000B474633F8040B0393FFF734F82B
:107C9000B0EE40AA2846FFF72FF8059BB7EEC09A32
:107CA00004F13005B7EECAAA2033CDF808B0079327
:107CB000CDE90984CDE90BA9069BA5F12004019A21
:107CC000DDE90201FFF748F84FF0000C059B214663
:107CD000E046E14603EB0B0AE646CDF810B051F85A
:107CE000043B5AF8042BA94203F00F332FFA82F019
:107CF0002FFA83FB2FFA92F22FFA93F32BFB00EE6D
:107D000020FB068823FB029922FB06CCE7D108EB77
:107D10000C03CE4497ED005A07EE103A9DF8603000
:107D200006EE90EAB7EEC55A06EE103AB8EEC77BFB
:107D3000B8EEE64B9DF85F30B8EEC66B019ADDF801
:107D400010B026EE096BDDE9020126EE077B06EE98
:107D5000103A0130069BB8EEC66B26EE0A6B16EEA3
:107D6000047B07EE058BFEF7F7FF0020079B864696
:107D700003EB0B098046844654F8043B59F8042B66
:107D80001B09AC422FFA82FA03F00F332FFA92F25A
:107D90002FFA83F12AFB06EE2FFA93F321FB0ACC8C
:107DA00023FB028822FB0600E6D10EEB0003C4444D
:107DB00097ED015A0BF1400B07EE103A029B06EECD
:107DC00090CAB7EEC55A0233B8EEC77BB8EEE64BA1
:107DD000BBF5807F029304F120059DF8603007F128
:107DE000080706EE103A9DF85F30B8EEC66B26EE37
:107DF000096B26EE077B06EE103AB8EEC66B26EE50
:107E00000A6B16EE047B07EE058B7FF455AF059ADF
:107E100002F58072DDE90BA905921AF10103089AB7
:107E20009A4649F100090D9BDDE90984914508BF97
:107E30009A4504F1900408F120087FF41FAFE8E5AB
:107E400058EA030200F0F38018AA0D46B1464FF03D
:107E5000203B34469A460692CDF848809FED648BCD
:107E6000B5F8D00005F180070495FEF745FFE30063
:107E7000B7EEC00A4FEA042C00200E9305F1C103AF
:107E80000F95CDE9104954465E1E5B49DFF870A19D
:107E9000DFF87091DDE90558CDE908066544CDE9C4
:107EA0000AC3CDE901A1CDE90C84049B4FF0000E7B
:107EB00019F8014B704672461C44029BCDF80C80A9
:107EC00013F8016B0293019B13F801CB0193B9588E
:107ED000A35821FA0CF1F340090103F00F3301F02C
:107EE00030310B43A9580432C3FA0BF3102A2FFA8E
:107EF00081FA2FFA83F82FFA91F12FFA93F328FBE6
:107F00000A0023FB01EEE2D17044DDF80C804FF053
:107F1000000EC8F8000072467046BB181969A31815
:107F200021FA0CF11B690901F34001F0303103F033
:107F30000F330B43A91804320969102AC3FA0BF353
:107F40002FFA81FA2FFA83F82FFA91F12FFA93F38F
:107F500028FB0A0023FB01EEDFD1284B7044DDF83B
:107F60000C8020354B45C8F8040008F108089CD166
:107F70000E99DDE90806DDE90AC301EB5015079902
:107F8000DDE90C2401EB85050021B5EC017A08320E
:107F900016F911E0B7EEC77A52ED025A06EE10EA72
:107FA00013F911E0B8EEE54B013127EE007B04290F
:107FB000B8EEC66B26EE076B06EE048B06EE10EAF3
:107FC000B8EEC66B26EE077B52ED016AB8EEE66BA3
:107FD00007EE068BD9D1049A203708330CF1800CB8
:107FE0004032049290B980204EE74FF0800845E47B
:107FF00000000000000000004C0400204C040020A1
:10800000E40300204804002000000000A246109C69
:10801000DDF84490631C0F9D1C4649F10009129B3A
:10802000D235D14508BF9C427FF41AAFF1E41FED71
:108030000A0AFFF7EEBB00BF2DE9F04F9A46C04B8E
:1080400081460D461F6890462DED068BCFB05E9C95
:10805000DDE960B317B98A1E062A23D9002D1CDD7D
:10806000CDF80C9099462B46A8F104085D46AAF17C
:10807000040A043C629F00269B46013654F8043FE4
:108080005AF8042F58F8041F0398CDE90059FFF758
:1080900007F9B345A7EC010AEFD14FB0BDEC068B51
:1080A000BDE8F08F4FEA1B2B3EA81E0A4BEA036B7C
:1080B000CA00394619961DF04BFD5BEA060300F035
:1080C0003C81AAF10403AE00CA46CDF868B0139310
:1080D000231FBB46B946149308EB85031B960F93E9
:1080E000CDF85480D046BAF802400AF110070026B5
:1080F00038F8040BFEF700FEB0EE409A2046FEF77B
:10810000FBFDB7EEC08A4FEA4913B7EEC99ACDF826
:1081100060B00E934FEA0923CDE916A90D930DF136
:1081200075031DAA41463046FEF716FE4146701CF7
:108130000DF177030DF1760235ADFEF70DFE2DAC96
:10814000BC4625A81DA95CF8043B1A0903F00F33AF
:108150002FFA83FE02F00F3241F804EF2FFA93F367
:1081600040F8043F2FFA82F344F8043F25AB2FFA7E
:1081700092F2994245F8042FE5D19DF874304FEA08
:10818000860A0DF1F809159901EE103A9DF875303F
:108190000AF1040B129602EE103A9DF87630B8EE12
:1081A000C11B03EE103A9DF87730B8EEC22B04EEF7
:1081B000103AB8EEC33B21EE091BB8EEC44B22EED9
:1081C000082B23EE093B24EE084BDDE91323CDE910
:1081D00010870793089251F8043B00200D9A1DAFB9
:1081E000CDF82C900DF1D40E13440DF1B4080DF11F
:1081F000940C044603F1200205460646B946069251
:10820000CDF830A0CDE909B15CF8047F043353F810
:10821000041C039758F8047FDA6904975EF8047F1A
:108220002FFA81FB05972FFA91F1039F27FB015548
:108230002FFA82F1049F2FFA92F227FB014405994D
:1082400021FB0200069A59F804AF93422AFB0B6601
:10825000DAD135440444079B07EE905A0E9853F840
:10826000042FB8EEE76B07EE904A089C0244079390
:10827000B8EEE77B54F8043FDDE90B9A0344089419
:1082800052F80A0000EE900ADDE909B1B8EEE00B01
:108290005A4420EE020B92ED00AA03EB0A025B4463
:1082A000B8EECAAB99ED005B2AEE04AB16EE010BFB
:1082B000B0EE4A6B92ED00AAB7EECAAA17EE036BB6
:1082C00093ED007A0F9B994200EE0A5BB7EEC77AF6
:1082D00006EE075BA9EC025B7FF47DAF129E0D9B5F
:1082E00002364033082E0D93DDE9108707F1200791
:1082F0007FF415AFDDF860B0DDE916A919F10103CF
:108300000AF1900A99464BF1000BDDE919235A4511
:1083100008BF4B457FF4E6AE1B9E629A3EAB164407
:10832000B3EC027BB7EEC77BA2EC017A9642F7D1A1
:108330004FB0BDEC068BBDE8F08FAE00EDE700BF9F
:10834000BCE004202DE9F04F0E28F5B08246164619
:108350007E9C03910F93DDE9807B1DD0002E18DDFC
:108360000F9BA4F10408829D0024A3F10409334665
:108370005E469B46013458F8043F59F8042F504696
:108380000399CDE90076FFF72FFAA345A5EC010A82
:10839000F0D175B0BDE8F08FB04A1568002DDDD181
:1083A000B21E062ADAD84FEA172A29464FEA1B28B6
:1083B00024A84AEA0B6AF2001DF0CAFB5AEA080335
:1083C00000F04981231FA946B400039D1193CB46B9
:1083D0000F9B03EB86030B93B5F8D0004FEA0927F8
:1083E0009F4EFEF789FCB7EEC00A4FEAC901189408
:1083F00005F1A003002005F1C1041091CDE9125749
:10840000771BCDE914A8CDE9169B621EA3F12006C7
:10841000DFF858A20DF5A879DFF854B20DF1D008B5
:1084200007EB430E394607900894CDE905628D4A63
:108430001AF8014B4E461BF801CB4546744412F81E
:10844000017B0598CDE903AB50F804AB54F804BBAD
:108450002AFA07FA98422BFA0CFB4FEA0A1A0BF099
:108460000F3B0AF0303A4AEA0B0A4FF0203BCAFAB7
:108470000BFA2FFA8AFB2FFA9AFA45F804BB46F852
:1084800004ABE1D1784808F1200809F12009DDE9C1
:1084900003AB8245CCD10F461399089C24ADDDF87F
:1084A0003C801B97DDE906204618DDE9101BCDE96D
:1084B000190301EB501C06F110010D9106F120018A
:1084C0000E9106F190010C91614658F8040B1CAB1B
:1084D0000D9E0DF5A87E0E9F0DF1D0098619CDF8E1
:1084E0002080C7199C460396A0460C9ECDE906B590
:1084F00000EB060A8B46039ECDF814A0CDE90923B4
:108500000021A6F1100375464C460846B246CDE957
:10851000037E53F8042B54F8046B9A4555F8047BFA
:108520002FFA82FE2FFA92F226FB0E0027FB021191
:10853000EFD10144002009F10C05CCF800100146F0
:10854000DDE9037ECDE903E90EF10C04B94653F8E9
:10855000042B55F8047F994554F8046F2FFA82FED6
:108560002FFA92F227FB0E1126FB0200EFD10AF13F
:108570002006059B4F460144B3420CF1080C4CF811
:10858000041C07F12007DDE903E909F120090EF1D8
:10859000200EB5D15946DDF818B0079D44465BF86A
:1085A000046F0020DDF8208006EB810695ED005B6E
:1085B000DDE90923B6EC017A083312F91070B7EE41
:1085C000C77A53ED024A06EE107A14F91070B8EE2D
:1085D000E43B013027EE007B0428B8EEC66B26EEA4
:1085E000076B06EE035B06EE107AB8EEC66B26EE5E
:1085F000077B53ED016AB8EEE66B07EE065BD9D157
:108600000B9B9845A5EC025B7FF45FAF1B9F083482
:10861000DDE91903203308B98020F6E6DDE9169B71
:10862000DDE914A819F10103129D189C4BF1000B10
:10863000D2359946D84508BF9A457FF4CDAE829B86
:1086400024AA1919B2EC027BB7EEC77BA3EC017A1E
:108650008B42F7D19DE6B400F1E700BFBCE00420F7
:10866000C0FEFFFFE40300204C040020480400206B
:108670004C04002000207047144B4FF00072144946
:10868000C3F8842003F18D73DFF84CC003F58F33FA
:108690004868DCF800208333A3FB0232920C4B685D
:1086A0001B1A9A42FBD8094A4FF00070094BC2F8D6
:1086B00088004868DCF800200549A3FB0232920CD0
:1086C0004B681B1A9A42FBD8704700BF00C000429B
:1086D000001000E083DE1B43AC430020084BDB6A44
:1086E000C3F3072013F47F4FC3F30312054B14BFEA
:1086F0004000012002FB0000B3FBF0F0704700BF18
:1087000000002C40700503002DE9F04F8BB0029162
:108710000092002A00F0DD80030D81467449099320
:10872000030CDFF8E4B10893030B0793030A0593E6
:108730000309049300F00F0306936E4B5A686E48CA
:1087400042F07D5200685A60009A824228BF024679
:108750006A4892466A4A00681268019242F0012211
:1087600042F4800222EA000222F078521A6008687D
:1087700040B1002400BF013408688442FAD3604845
:1087800000680190099842F0605842F0305E00F0B5
:108790000F0C089800F00F07079842EA8C6C00F065
:1087A0000F06059842EA876700F00F05049842EA31
:1087B000866600F00F04069842EA856542EA80600A
:1087C00042EA8464039042F06850C3F80080186065
:1087D000C3F8008042F03858C3F800E0C3F80080C6
:1087E000C3F800E04CF0007EC3F800C0C3F800E01E
:1087F000C3F800C047F0007C1F60C3F800C01F60D2
:1088000046F000771E601F601E6045F000761D6018
:1088100003981E601D6044F000751C601D601C60A4
:1088200040F0007418601C601860586820F07050A8
:108830005860344804683CB142F0007500200130B3
:108840001D601A60A042FAD1BAF1000F44D002981C
:1088500042F000750AEB0006441E013E1D609F6851
:108860001A601D60BF0E98681A60C0F3836040EA0A
:10887000071004F8010FB442F0D1019A1A605A6847
:1088800042F07D525A60DBF8002032B1002200BF76
:108890000132DBF800008242F9D3009AB2EB0A02FF
:1088A000009216D0029AD144524402924FEA1952D1
:1088B00009924FEA194208924FEA193207924FEA99
:1088C000192205924FEA1912049209F00F0206923A
:1088D00034E70BB0BDE8F08F019A1A605A6842F095
:1088E0007D525A60DBF80020002ACFD126E700BF76
:1088F000781A042000C00042C8430020CC43002066
:108900000C150420D04300207C1A0420002A00F01B
:10891000FD80030CDFF80CC22DE9F04F87B04FEA61
:10892000105982460F460593030B794E1546049362
:10893000030ADFF8F4E102930309019300F00F0347
:1089400074480393744B75495A68096842F07D5224
:10895000A9425A6028BF2946714A8B46316812687D
:1089600041F0012141F4800121EA020121F0785116
:108970001960DCF8002032B1002400BF0134DCF8BB
:1089800000209442F9D341F0605241F068541A60DB
:108990001C6000BF1A6000BF41F0305241F03854F3
:1089A0001A601C6000BF1A6000BF09F00F0241EAA4
:1089B000826242F000741A601C6000BF1A6000BF3F
:1089C000059A02F00F0241EA826242F000741A60D6
:1089D0001C6000BF1A6000BF049A02F00F0241EA57
:1089E000826242F000741A601C6000BF1A6000BF0F
:1089F000029A02F00F0241EA826242F000741A60A9
:108A00001C6000BF1A6000BF019A02F00F0241EA29
:108A1000826242F000741A601C6000BF1A6000BFDE
:108A2000039A41EA826242F000741A601C6000BF3F
:108A30001A6000BF5A6822F070525A60026862B130
:108A400041F000720024A8461A6000BF196000BF00
:108A500001340568A542F7D84546BBF1000F47D061
:108A60000BEB070941F0007407F1FF38CDF804B0B3
:108A700009F1FF391C6000BFD3F808B0196000BFCE
:108A80001C6000BF9A68196000BFC2F383624FEA9E
:108A90009B6B42EA0B1208F8012FC845EAD13268F5
:108AA000DDF804B01A605A6842F07D525A60DEF870
:108AB000002032B1002100BF0131DEF800209142D8
:108AC000F9D3B5EB0B051ED0DA445F444FEA1A42E6
:108AD0004FEA1A5905924FEA1A3204924FEA1A22C3
:108AE00002924FEA1A1201920AF00F0203922AE749
:108AF00032681A605A6842F07D525A60DEF80020EF
:108B0000002AD7D11FE707B0BDE8F08F704700BF3C
:108B10000C150420D043002000C00042C8430020B0
:108B2000CC430020781A04207C1A042040EA81609B
:108B3000084B40F0007218601A6000BF00BF00BF11
:108B400000BF00BF186000BF00BF00BF00BF00BF74
:108B5000704700BF00C0004240EA8160094B40F00E
:108B6000007218601A6000BF00BF00BF00BF00BFE6
:108B700000BF186000BF00BF00BF00BF00BF00BF44
:108B8000704700BF00C0004240EA81600A4B40F0DD
:108B9000007218601A6000BF00BF00BF00BF00BFB6
:108BA00000BF00BF186000BF00BF00BF00BF00BF14
:108BB00000BF00BF704700BF00C0004200B50722E1
:108BC0008E46DFF828C04EFA02F3013A9B0603F006
:108BD0008063034343F00071CCF80030CCF8001000
:108BE000CCF80030531CEED100BD00BF00C00042E5
:108BF000002A00F08B801346020C2DE9F04F85B05F
:108C000080468946424E01924FEA102BC2B2414D36
:108C1000414C02926268414942F07D52DFF808C13E
:108C2000096862603E4A9942D2F800A028BF1946FE
:108C30003C4A4AEA0C0C009112682CEA020C2CF017
:108C4000785747F040502060326842B1002100BFA1
:108C5000013132688A42FAD8314AD2F800A00321A1
:108C60000393FFF7ABFF9DF80410FFF7A7FF5FFA30
:108C70008BF1FFF7A3FF0299FFF7A0FF6268039B48
:108C800022F000626260009A9AB302EB090B47F08F
:108C9000485709F1FF3E0BF1FF3B08214FF0000C54
:108CA00027600139A2682060C2F3C06242EA4C0C1E
:108CB000F6D10EF801CFDE45EFD1C4F800A062680E
:108CC00042F07D5262602A682AB1002200BF013260
:108CD00029688A42FAD3009A9B1A14D0904491448E
:108CE0004FEA18424FEA182B01925FFA88F202927B
:108CF00090E7C4F800A0626842F07D5262602A6882
:108D0000002AE2D186E705B0BDE8F08F704700BFCA
:108D1000781A04207C1A042000C00042C8430020B6
:108D20000C150420CC430020000140012DE9F04F38
:108D300085B00192002A00F08780030C80468946A6
:108D4000484E02934FEA102BC3B2474D474C039352
:108D50006368474A43F07D53DFF824C112686360BB
:108D6000019B9A4228BF1A46424BD3F800A0424BBF
:108D70004AEA0C0C00921B682CEA030C2CF0785782
:108D800047F040502060336843B1002200BF0132F9
:108D900033689A42FAD3374BD3F800A00B21FFF780
:108DA0000DFF9DF80810FFF709FF5FFA8BF1FFF741
:108DB00005FF0399FFF702FF636823F00063636018
:108DC0002E4B1A683AB147F0485100230133216015
:108DD00020609342FAD1009B002B38D0009B47F0D3
:108DE000485709F1FF3E03EB090B0BF1FF3B08224B
:108DF00000212760013AA3682060C3F3C06343EAFF
:108E00004101F6D10EF8011FDE45F0D1C4F800A0F3
:108E1000636843F07D5363602B682BB1002300BF70
:108E200001332A689342FAD3DDE90032D21A019263
:108E30000AD0984499444FEA18434FEA182B0293FA
:108E40005FFA88F3039383E705B0BDE8F08FC4F8B9
:108E500000A0636843F07D5363602B68002BDDD175
:108E600076E700BF781A04207C1A042000C0004274
:108E7000C84300200C150420CC430020D843002018
:108E80000001400100B507228E46DFF828C04EFAE7
:108E900002F39B0603F08063034343F00071CCF8B8
:108EA0000030CCF8001000BFCCF8003000BF013A11
:108EB000EDD200BD00C00042002A00F08F801346B2
:108EC000020C2DE9F04F85B080468946DFF824A1D9
:108ED00002924FEA102BC2B2414E424D424C0192D7
:108EE00042496268096842F07D529942626028BF37
:108EF0001946DAF80020009142F001223C4942F480
:108F00008002096822EA010C2CF0785747F04050A3
:108F1000206032682AB1002100BF013132689142DD
:108F2000FAD303210393FFF7ADFF9DF80810FFF775
:108F3000A9FF5FFA8BF1FFF7A5FF0199FFF7A2FFE9
:108F40006268039B22F000626260009A002A37D0B8
:108F5000009A47F0485709F1FF3E02EB090B0BF16D
:108F6000FF3B08214FF0000C276000BFA268206083
:108F7000C2F3C06242EA4C0C00BF0139F4D10EF8D2
:108F800001CFDE45EDD1DAF800202260626842F0C0
:108F90007D5262602A682AB1002200BF013229682E
:108FA0008A42FAD3009A9B1A15D0904491444FEA12
:108FB00018424FEA182B02925FFA88F201928FE76B
:108FC000DAF800202260626842F07D5262602A680E
:108FD000002AE1D184E705B0BDE8F08F704700BFFB
:108FE000781A04207C1A042000C00042C8430020E4
:108FF000CC4300200C150420002A00F0AE800B4664
:10900000010C2DE9F04F87B08146DFF868A102918D
:10901000010A524F0191C1B2514E524D524C03912F
:1090200052486168006841F07D519042616028BFFC
:109030001046DAF80010804641F001214C4841F416
:109040008001006821EA000C2CF0785B4BF0405066
:109050002060396839B14FF0000C00BF0CF1010CF1
:1090600039688C45F9D30B21CDE90432FFF70AFFAB
:109070009DF80810FFF706FF9DF80410FFF702FFA8
:109080000399FFF7FFFE616821F0006161603168BC
:10909000DDE9043271B14BF048514FF0000C9E46AF
:1090A000216000BF206000BF0CF1010C33686345F4
:1090B000F6D87346B8F1000F41D04BF0485C194622
:1090C00008EB030B03F1FF3E63468C460BF1FF3BBD
:1090D000CDE901894FF008084FF00009236000BF77
:1090E000A1682060C1F3C06141EA490900BFB8F13D
:1090F0000108F3D10EF8019FDE45EBD1DAF800103C
:109100006346DDE901892160616841F07D5161605C
:10911000296829B1002100BF013128688142FAD3B2
:10912000B2EB080216D0C14443444FEA1941029100
:109130004FEA192101915FFA89F1039170E7DAF89A
:1091400000102160616841F07D516160296800294B
:10915000E0D165E707B0BDE8F08F7047781A0420CA
:10916000D84300207C1A042000C00042C8430020DD
:10917000CC4300200C15042000B507228E46DFF8F2
:109180002CC04EFA02F39B0603F08063034343F0C6
:109190000071CCF80030CCF8001000BF00BFCCF854
:1091A000003000BF00BF013AEBD200BD00C000425A
:1091B000002A00F091801346020C2DE9F04F85B093
:1091C00080468946DFF828A101924FEA102BC2B2EF
:1091D000424E434D434C029243496268096842F053
:1091E0007D529942626028BF1946DAF8002000914A
:1091F00042F001223D4942F48002096822EA010C52
:109200002CF0785747F04050206032682AB1002196
:1092100000BF013132689142FAD303210393FFF773
:10922000ABFF9DF80410FFF7A7FF5FFA8BF1FFF784
:10923000A3FF0299FFF7A0FF6268039B22F0006280
:109240006260009A002A39D0009A47F0485709F125
:10925000FF3E02EB090B0BF1FF3B08214FF0000C26
:10926000276000BF00BFA2682060C2F3C06242EA6C
:109270004C0C00BF00BF0139F2D10EF801CFDE4522
:10928000EBD1DAF800202260626842F07D52626021
:109290002A682AB1002200BF013229688A42FAD323
:1092A000009A9B1A15D0904491444FEA18424FEA15
:1092B000182B01925FFA88F202928DE7DAF800200B
:1092C0002260626842F07D5262602A68002AE1D121
:1092D00082E705B0BDE8F08F704700BF781A042020
:1092E0007C1A042000C00042C8430020CC43002068
:1092F0000C150420002A00F0B2800B46010C2DE969
:10930000F04F87B08146DFF870A10391010A544FF6
:109310000291C1B2534E544D544C0191544861686E
:10932000006841F07D519042616028BF1046DAF834
:109330000010804641F001214E4841F48001006850
:1093400021EA000C2CF0785B4BF04050206039682B
:1093500039B14FF0000C00BF0CF1010C39688C459D
:10936000F9D30B21CDE90432FFF706FF9DF80C106D
:10937000FFF702FF9DF80810FFF7FEFE0199FFF7C7
:10938000FBFE616821F0006161603168DDE9043253
:1093900081B14BF048514FF0000C9E46216000BF58
:1093A00000BF206000BF00BF0CF1010C33686345B3
:1093B000F4D87346B8F1000F43D04BF0485C19461F
:1093C00008EB030B03F1FF3E63468C460BF1FF3BBA
:1093D000CDE901894FF008084FF00009236000BF74
:1093E00000BFA1682060C1F3C06141EA490900BF24
:1093F00000BFB8F10108F1D10EF8019FDE45E9D1B7
:10940000DAF800106346DDE901892160616841F006
:109410007D516160296829B1002100BF01312868B0
:109420008142FAD3B2EB080216D0C14443444FEA5A
:10943000194103914FEA192102915FFA89F10191D3
:109440006CE7DAF800102160616841F07D516160DD
:1094500029680029E0D161E707B0BDE8F08F7047C7
:10946000781A0420D84300207C1A042000C000424F
:10947000C8430020CC4300200C15042000B507226F
:109480008E46DFF830C04EFA02F39B0603F080638D
:10949000034343F00071CCF80030CCF8001000BF5B
:1094A00000BF00BFCCF8003000BF00BF00BF013AD2
:1094B000E9D200BD00C00042002A00F093801346AC
:1094C000020C2DE9F04F85B080468946DFF82CA1CB
:1094D00001924FEA102BC2B2434E444D444C0292CB
:1094E00044496268096842F07D529942626028BF2F
:1094F0001946DAF80020009142F001223E4942F478
:109500008002096822EA010C2CF0785747F040509D
:10951000206032682AB1002100BF013132689142D7
:10952000FAD303210393FFF7A9FF9DF80410FFF777
:10953000A5FF5FFA8BF1FFF7A1FF0299FFF79EFFEE
:109540006268039B22F000626260009A002A3BD0AE
:10955000009A47F0485709F1FF3E02EB090B0BF167
:10956000FF3B08214FF0000C276000BF00BF00BF89
:10957000A2682060C2F3C06242EA4C0C00BF00BF88
:1095800000BF0139F0D10EF801CFDE45E9D1DAF89C
:1095900000202260626842F07D5262602A682AB12F
:1095A000002200BF013229688A42FAD3009A9B1A2E
:1095B00015D0904491444FEA18424FEA182B01927B
:1095C0005FFA88F202928BE7DAF800202260626884
:1095D00042F07D5262602A68002AE1D180E705B03E
:1095E000BDE8F08F704700BF781A04207C1A042071
:1095F00000C00042C8430020CC4300200C150420CA
:10960000002A00F0B6800B46010C2DE9F04F87B020
:109610008146DFF878A10391010A564F0291C1B249
:10962000554E564D564C019156486168006841F0C0
:109630007D519042616028BF1046DAF800108046E4
:1096400041F00121504841F48001006821EA000CFA
:109650002CF0785B4BF040502060396839B14FF006
:10966000000C00BF0CF1010C39688C45F9D30B21BB
:10967000CDE90432FFF702FF9DF80C10FFF7FEFE64
:109680009DF80810FFF7FAFE0199FFF7F7FE6168F1
:1096900021F0006161603168DDE9043291B14BF085
:1096A00048514FF0000C9E46216000BF00BF00BF34
:1096B000206000BF00BF00BF0CF1010C33686345A0
:1096C000F2D87346B8F1000F45D04BF0485C19460C
:1096D00008EB030B03F1FF3E63468C460BF1FF3BA7
:1096E000CDE901894FF008084FF00009236000BF61
:1096F00000BF00BFA1682060C1F3C06141EA490911
:1097000000BF00BF00BFB8F10108EFD10EF8019F04
:10971000DE45E7D1DAF800106346DDE90189216012
:10972000616841F07D516160296829B1002100BF65
:10973000013128688142FAD3B2EB080216D0C14445
:1097400043444FEA194103914FEA192102915FFA0C
:1097500089F1019168E7DAF800102160616841F051
:109760007D51616029680029E0D15DE707B0BDE85F
:10977000F08F7047781A0420D84300207C1A042008
:1097800000C00042C8430020CC4300200C15042038
:1097900000B507228E46DFF834C04EFA02F39B066E
:1097A00003F08063034343F00071CCF80030CCF841
:1097B000001000BF00BF00BF00BFCCF8003000BFEA
:1097C00000BF00BF00BF013AE7D200BD00C00042A9
:1097D0002DE9F04F85B00092002A65D0030A80463B
:1097E000364D040C02938946C3B2354EDFF8E4A02F
:1097F0000393DAF80420334B42F07D523248196863
:10980000324BCAF80420324A1B6812681843009F82
:1098100020EA02008F4220F0785028BF0F4640F027
:109820004050CAF800002A683AB1002100BF013157
:109830002B689942FAD3254B1B6802210193FFF74D
:10984000A7FFE1B2FFF7A4FF9DF80810FFF7A0FF04
:109850000399FFF79DFF019B4FB307EB09040197A5
:109860009B4609F1FF37013C17F8011FFFF790FFF6
:10987000A742F9D1019FCAF800B032682AB100228C
:1098800000BF013233689A42FAD3009BDB1B00937E
:109890000AD0B844B9444FEA18234FEA1844029357
:1098A0005FFA88F30393A4E705B0BDE8F08FCAF828
:1098B00000303268002AE2D19BE700BF781A04200A
:1098C0007C1A0420C8430020000140010C1504202C
:1098D000CC43002000C00042002A00F095801346CF
:1098E000020C2DE9F04F85B080468946DFF830A1A3
:1098F00001924FEA102BC2B2444E454D454C0292A4
:1099000045496268096842F07D529942626028BF09
:109910001946DAF80020009142F001223F4942F452
:109920008002096822EA010C2CF0785747F0405079
:10993000206032682AB1002100BF013132689142B3
:10994000FAD303210393FFF723FF9DF80410FFF7D9
:109950001FFF5FFA8BF1FFF71BFF0299FFF718FF5C
:109960006268039B22F000626260009A002A3DD088
:10997000009A47F0485709F1FF3E02EB090B0BF143
:10998000FF3B08214FF0000C276000BF00BF00BF65
:1099900000BFA2682060C2F3C06242EA4C0C00BF64
:1099A00000BF00BF00BF0139EED10EF801CFDE4588
:1099B000E7D1DAF800202260626842F07D526260EE
:1099C0002A682AB1002200BF013229688A42FAD3EC
:1099D000009A9B1A15D0904491444FEA18424FEADE
:1099E000182B01925FFA88F2029289E7DAF80020D8
:1099F0002260626842F07D5262602A68002AE1D1EA
:109A00007EE705B0BDE8F08F704700BF781A0420EC
:109A10007C1A042000C00042C8430020CC43002030
:109A20000C150420002A00F0BA800B46010C2DE929
:109A3000F04F87B08146DFF880A10291010A584FAC
:109A40000191C1B2574E584D584C03915848616826
:109A5000006841F07D519042616028BF1046DAF8FD
:109A60000010804641F00121524841F48001006815
:109A700021EA000C2CF0785B4BF0405020603968F4
:109A800039B14FF0000C00BF0CF1010C39688C4566
:109A9000F9D30B21CDE90432FFF77AFE9DF80810C7
:109AA000FFF776FE9DF80410FFF772FE0399FFF7AB
:109AB0006FFE616821F0006161603168DDE90432A8
:109AC000A1B14BF048514FF0000C9E46216000BF01
:109AD00000BF00BF00BF206000BF00BF00BF00BFCD
:109AE0000CF1010C33686345F0D87346B8F1000FF0
:109AF00047D04BF0485C194608EB030B03F1FF3EDF
:109B000063468C460BF1FF3BCDE901894FF0080815
:109B10004FF00009236000BF00BF00BF00BFA16875
:109B20002060C1F3C06141EA490900BF00BF00BF26
:109B300000BFB8F10108EDD10EF8019FDE45E5D177
:109B4000DAF800106346DDE901892160616841F0BF
:109B50007D516160296829B1002100BF0131286869
:109B60008142FAD3B2EB080216D0C14443444FEA13
:109B7000194102914FEA192101915FFA89F103918C
:109B800064E7DAF800102160616841F07D5161609E
:109B900029680029E0D159E707B0BDE8F08F704788
:109BA000781A0420D84300207C1A042000C0004208
:109BB000C8430020CC4300200C15042000B5072228
:109BC0008E46DFF838C04EFA02F39B0603F080633E
:109BD000034343F00071CCF80030CCF8001000BF14
:109BE00000BF00BF00BF00BFCCF8003000BF00BF07
:109BF00000BF00BF00BF013AE5D200BD00C0004277
:109C00002DE9F04F85B00092002A65D0030A804606
:109C1000364D040C02938946C3B2354EDFF8E4A0FA
:109C20000393DAF80420334B42F07D52324819682E
:109C3000324BCAF80420324A1B6812681843009F4E
:109C400020EA02008F4220F0785028BF0F4640F0F3
:109C50004050CAF800002A683AB1002100BF013123
:109C60002B689942FAD3254B1B6802210193FFF719
:109C7000A5FFE1B2FFF7A2FF9DF80810FFF79EFFD6
:109C80000399FFF79BFF019B4FB307EB0904019773
:109C90009B4609F1FF37013C17F8011FFFF78EFFC4
:109CA000A742F9D1019FCAF800B032682AB1002258
:109CB00000BF013233689A42FAD3009BDB1B00934A
:109CC0000AD0B844B9444FEA18234FEA1844029323
:109CD0005FFA88F30393A4E705B0BDE8F08FCAF8F4
:109CE00000303268002AE2D19BE700BF781A0420D6
:109CF0007C1A0420C8430020000140010C150420F8
:109D0000CC43002000C00042002A00F09780134698
:109D1000020C2DE9F04F85B080468946DFF834A16A
:109D200001924FEA102BC2B2454E464D464C02926C
:109D300046496268096842F07D529942626028BFD4
:109D40001946DAF80020009142F00122404942F41D
:109D50008002096822EA010C2CF0785747F0405045
:109D6000206032682AB1002100BF0131326891427F
:109D7000FAD303210393FFF721FF9DF80410FFF7A7
:109D80001DFF5FFA8BF1FFF719FF0299FFF716FF2E
:109D90006268039B22F000626260009A002A3FD052
:109DA000009A47F0485709F1FF3E02EB090B0BF10F
:109DB000FF3B08214FF0000C276000BF00BF00BF31
:109DC00000BF00BFA2682060C2F3C06242EA4C0C30
:109DD00000BF00BF00BF00BF00BF0139ECD10EF8CB
:109DE00001CFDE45E5D1DAF800202260626842F05A
:109DF0007D5262602A682AB1002200BF01322968C0
:109E00008A42FAD3009A9B1A15D0904491444FEAA3
:109E100018424FEA182B01925FFA88F2029287E704
:109E2000DAF800202260626842F07D5262602A689F
:109E3000002AE1D17CE705B0BDE8F08F704700BF94
:109E4000781A04207C1A042000C00042C843002075
:109E5000CC4300200C150420002A00F0BE800B46E5
:109E6000010C2DE9F04F87B08146DFF888A10291FF
:109E7000010A5A4F0191C1B2594E5A4D5A4C0391A1
:109E80005A486168006841F07D519042616028BF86
:109E90001046DAF80010804641F00121544841F4A0
:109EA0008001006821EA000C2CF0785B4BF04050F8
:109EB0002060396839B14FF0000C00BF0CF1010C83
:109EC00039688C45F9D30B21CDE90432FFF776FED2
:109ED0009DF80810FFF772FE9DF80410FFF76EFE64
:109EE0000399FFF76BFE616821F0006161603168E2
:109EF000DDE90432B1B14BF048514FF0000C9E4601
:109F0000216000BF00BF00BF00BF00BF206000BFD6
:109F100000BF00BF00BF00BF0CF1010C33686345F8
:109F2000EED87346B8F1000F49D04BF0485C1946A3
:109F300008EB030B03F1FF3E63468C460BF1FF3B3E
:109F4000CDE901894FF008084FF00009236000BFF8
:109F500000BF00BF00BF00BFA1682060C1F3C061A7
:109F600041EA490900BF00BF00BF00BF00BFB8F110
:109F70000108EBD10EF8019FDE45E3D1DAF80010BD
:109F80006346DDE901892160616841F07D516160CE
:109F9000296829B1002100BF013128688142FAD324
:109FA000B2EB080216D0C14443444FEA1941029172
:109FB0004FEA192101915FFA89F1039160E7DAF81C
:109FC00000102160616841F07D51616029680029BD
:109FD000E0D155E707B0BDE8F08F7047781A04204C
:109FE000D84300207C1A042000C00042C84300204F
:109FF000CC4300200C15042000B507228E46DFF864
:10A000003CC04EFA02F39B0603F08063034343F027
:10A010000071CCF80030CCF8001000BF00BF00BFCA
:10A0200000BF00BF00BFCCF8003000BF00BF00BFC2
:10A0300000BF00BF00BF013AE3D200BD00C0004234
:10A040002DE9F04F85B00092002A65D0030A8046C2
:10A05000364D040C02938946C3B2354EDFF8E4A0B6
:10A060000393DAF80420334B42F07D5232481968EA
:10A07000324BCAF80420324A1B6812681843009F0A
:10A0800020EA02008F4220F0785028BF0F4640F0AF
:10A090004050CAF800002A683AB1002100BF0131DF
:10A0A0002B689942FAD3254B1B6802210193FFF7D5
:10A0B000A3FFE1B2FFF7A0FF9DF80810FFF79CFF98
:10A0C0000399FFF799FF019B4FB307EB0904019731
:10A0D0009B4609F1FF37013C17F8011FFFF78CFF82
:10A0E000A742F9D1019FCAF800B032682AB1002214
:10A0F00000BF013233689A42FAD3009BDB1B009306
:10A100000AD0B844B9444FEA18234FEA18440293DE
:10A110005FFA88F30393A4E705B0BDE8F08FCAF8AF
:10A1200000303268002AE2D19BE700BF781A042091
:10A130007C1A0420C8430020000140010C150420B3
:10A14000CC43002000C00042002A00F09980134652
:10A15000020C2DE9F04F85B080468946DFF838A122
:10A1600002925FFA80FB020A464E474D474C01922D
:10A1700047496268096842F07D529942626028BF8F
:10A180001946DAF80020009142F00122414942F4D8
:10A190008002096822EA010C2CF0785747F0405001
:10A1A000206032682AB1002100BF0131326891423B
:10A1B000FAD303210393FFF71FFF9DF80810FFF761
:10A1C0001BFF9DF80410FFF717FF5946FFF714FF18
:10A1D0006268039B22F000626260009A002A41D00C
:10A1E000009A47F0485709F1FF3E02EB090B0BF1CB
:10A1F000FF3B08214FF0000C276000BF00BF00BFED
:10A2000000BF00BF00BFA2682060C2F3C06242EA84
:10A210004C0C00BF00BF00BF00BF00BF00BF013932
:10A22000EAD10EF801CFDE45E3D1DAF80020226052
:10A23000626842F07D5262602A682AB1002200BF43
:10A24000013229688A42FAD3009A9B1A15D09044A9
:10A2500091444FEA18425FFA88FB02924FEA1822B3
:10A26000019285E7DAF800202260626842F07D52B0
:10A2700062602A68002AE1D17AE705B0BDE8F08F74
:10A28000704700BF781A04207C1A042000C00042E6
:10A29000C8430020CC4300200C150420002A00F005
:10A2A000C2800B46010C2DE9F04F87B08146DFF8E4
:10A2B00090A10191010A5C4F0391C1B25B4E5C4DCC
:10A2C0005C4C02915C486168006841F07D519042AD
:10A2D000616028BF1046DAF80010804641F0012185
:10A2E000564841F48001006821EA000C2CF0785BAC
:10A2F0004BF040502060396839B14FF0000C00BF7E
:10A300000CF1010C39688C45F9D30B21CDE90432ED
:10A31000FFF772FE9DF80410FFF76EFE9DF80C101B
:10A32000FFF76AFE0299FFF767FE616821F000619E
:10A3300061603168DDE90432C1B14BF048514FF042
:10A34000000C9E46216000BF00BF00BF00BF00BFE1
:10A3500000BF206000BF00BF00BF00BF00BF00BF44
:10A360000CF1010C33686345ECD87346B8F1000F6B
:10A370004BD04BF0485C194608EB030B03F1FF3E52
:10A3800063468C460BF1FF3BCDE901894FF008088D
:10A390004FF00009236000BF00BF00BF00BF00BF37
:10A3A00000BFA1682060C1F3C06141EA490900BF54
:10A3B00000BF00BF00BF00BF00BFB8F10108E9D176
:10A3C0000EF8019FDE45E1D1DAF800106346DDE9C1
:10A3D00001892160616841F07D516160296829B17E
:10A3E000002100BF013128688142FAD3B2EB080294
:10A3F00016D0C14443444FEA194101914FEA192153
:10A4000003915FFA89F102915CE7DAF800102160AC
:10A41000616841F07D51616029680029E0D151E710
:10A4200007B0BDE8F08F7047781A0420D8430020A9
:10A430007C1A042000C00042C8430020CC43002006
:10A440000C15042000B507228E46DFF840C04EFAF6
:10A4500002F39B0603F08063034343F00071CCF8E2
:10A460000030CCF8001000BF00BF00BF00BF00BF2D
:10A4700000BF00BFCCF8003000BF00BF00BF00BF6E
:10A4800000BF00BF00BF013AE1D200BD00C00042E2
:10A490002DE9F04F85B00092002A65D0030A80466E
:10A4A000364D040C02938946C3B2354EDFF8E4A062
:10A4B0000393DAF80420334B42F07D523248196896
:10A4C000324BCAF80420324A1B6812681843009FB6
:10A4D00020EA02008F4220F0785028BF0F4640F05B
:10A4E0004050CAF800002A683AB1002100BF01318B
:10A4F0002B689942FAD3254B1B6802210193FFF781
:10A50000A1FFE1B2FFF79EFF9DF80810FFF79AFF49
:10A510000399FFF797FF019B4FB307EB09040197DE
:10A520009B4609F1FF37013C17F8011FFFF78AFF2F
:10A53000A742F9D1019FCAF800B032682AB10022BF
:10A5400000BF013233689A42FAD3009BDB1B0093B1
:10A550000AD0B844B9444FEA18234FEA184402938A
:10A560005FFA88F30393A4E705B0BDE8F08FCAF85B
:10A5700000303268002AE2D19BE700BF781A04203D
:10A580007C1A0420C8430020000140010C1504205F
:10A59000CC43002000C00042002A00F09B801346FC
:10A5A000020C2DE9F04F85B080468946DFF83CA1CA
:10A5B00002925FFA80FB020A474E484D484C0192D6
:10A5C00048496268096842F07D529942626028BF3A
:10A5D0001946DAF80020009142F00122424942F483
:10A5E0008002096822EA010C2CF0785747F04050AD
:10A5F000206032682AB1002100BF013132689142E7
:10A60000FAD303210393FFF71DFF9DF80810FFF70E
:10A6100019FF9DF80410FFF715FF5946FFF712FFC9
:10A620006268039B22F000626260009A002A43D0B5
:10A63000009A47F0485709F1FF3E02EB090B0BF176
:10A64000FF3B08214FF0000C276000BF00BF00BF98
:10A6500000BF00BF00BF00BFA2682060C2F3C0629D
:10A6600042EA4C0C00BF00BF00BF00BF00BF00BFEC
:10A6700000BF0139E8D10EF801CFDE45E1D1DAF8AB
:10A6800000202260626842F07D5262602A682AB12E
:10A69000002200BF013229688A42FAD3009A9B1A2D
:10A6A00015D0904491444FEA18425FFA88FB029219
:10A6B0004FEA1822019283E7DAF8002022606268EC
:10A6C00042F07D5262602A68002AE1D178E705B045
:10A6D000BDE8F08F704700BF781A04207C1A042070
:10A6E00000C00042C8430020CC4300200C150420C9
:10A6F000002A00F0C6800B46010C2DE9F04F87B010
:10A700008146DFF898A10191010A5E4F0391C1B221
:10A710005D4E5E4D5E4C02915E486168006841F09E
:10A720007D519042616028BF1046DAF800108046E3
:10A7300041F00121584841F48001006821EA000CF1
:10A740002CF0785B4BF040502060396839B14FF005
:10A75000000C00BF0CF1010C39688C45F9D30B21BA
:10A76000CDE90432FFF76EFE9DF80410FFF76AFE94
:10A770009DF80C10FFF766FE0299FFF763FE616813
:10A7800021F0006161603168DDE90432D1B14BF044
:10A7900048514FF0000C9E46216000BF00BF00BF33
:10A7A00000BF00BF00BF00BF206000BF00BF00BFF0
:10A7B00000BF00BF00BF00BF0CF1010C3368634550
:10A7C000EAD87346B8F1000F4DD04BF0485C1946FB
:10A7D00008EB030B03F1FF3E63468C460BF1FF3B96
:10A7E000CDE901894FF008084FF00009236000BF50
:10A7F00000BF00BF00BF00BF00BF00BFA168206056
:10A80000C1F3C06141EA490900BF00BF00BF00BFFA
:10A8100000BF00BF00BFB8F10108E7D10EF8019FEB
:10A82000DE45DFD1DAF800106346DDE901892160F9
:10A83000616841F07D516160296829B1002100BF44
:10A84000013128688142FAD3B2EB080216D0C14424
:10A8500043444FEA194101914FEA192103915FFAEC
:10A8600089F1029158E7DAF800102160616841F03F
:10A870007D51616029680029E0D14DE707B0BDE84E
:10A88000F08F7047781A0420D84300207C1A0420E7
:10A8900000C00042C8430020CC4300200C15042017
:10A8A000F8B50D4D42F21076EB6A23F0F00343EA5F
:10A8B0000013EB6218F060F8074604E018F05CF84B
:10A8C000C01BB04205D86C6A14F00804F6D0012011
:10A8D000F8BD2046F8BD00BF00002C40044B10B569
:10A8E000044640F8103B15F031FB204610BD00BF78
:10A8F0007C36002070B5064C064EA4F5A07544F8D1
:10A90000106C2046503C15F021FBAC42F7D170BDD5
:10A91000E81204207C36002070B5174C174D184EF5
:10A9200019F048FA98B119F08BFA0021C0B22368E7
:10A930000A460A280CD00D280AD03E2B03F101024A
:10A94000EEDC2260E85419F035FA0028EBD170BD36
:10A95000E9542B68B34201D02260E1E7094B47F28A
:10A960006F0118888842F7D19B780749002BF3D1F3
:10A9700001230B70F0E700BF08150420AC1A042077
:10A980003A3A7374B01A042073F70420F8B5012121
:10A990000746342007240B4E4FF0806518F038F836
:10A9A00005E0C6F88450FDF767FE013C09D347FA7D
:10A9B00004F3DB07F5D4C6F88850FDF75DFE013CD3
:10A9C000F5D2F8BD00C0004200292DE9F047164637
:10A9D00022DD451E9946A3F1050800244F194FF0CA
:10A9E0005C0A07E05E2A1BD801340370BD4212D016
:10A9F000444510DA15F8013F3019611C222BA3F1F0
:10AA0000200201D05C2BEDD1BD4280F800A004F102
:10AA100002047354ECD1264400233370BDE8F08760
:10AA2000A9EB0401024A04341AF0B0FEDEE700BFCD
:10AA3000AC0800200A4BDFF838C01B789CF800C037
:10AA4000022B09D0012B03D0064B53F82C301847AA
:10AA5000054B53F82C301847044B53F82C3018474B
:10AA600075F7042048060020FC050020940600200D
:10AA7000C7460020000000002DE9F04F85B0484E89
:10AA80006022202302AD8146D6F800806C462F4616
:10AA9000DFF820A1CDE9002354F8042BB9F1570FBA
:10AAA000326045D03F490020DAF804B0FFF7C2FF1A
:10AAB000DAF80430BC42C6F80080A3EB0B0345F87B
:10AAC000043BE9D1DDED027ADDED036AB8EE677B88
:10AAD000B8EE666B9FED2C5B37EE466B26EE056B92
:10AAE000B5EEC06BF1EE10FA47D92F4B9FED285B06
:10AAF00093ED004AA6EE457BB8EE444B9FED263B16
:10AB000094EE037BB0EE475B85EE067BFDEEC77BE4
:10AB100017EE900A0028B8BF073020F00700082879
:10AB2000B8BF08206028A8BF602005B0BDE8F08F3E
:10AB300072B11E4B1B491B78501803EBC30303EB88
:10AB4000C3033B3301F8013B8142A3F16303F9D115
:10AB5000174B1878174BD3F804B0174B1B7830B14C
:10AB60001649002051F823300E499847A0E71449B0
:10AB700051F823300B4998479AE7102005B0BDE8FB
:10AB8000F08F00BFAFF30080000000000000903F96
:10AB90000000000000005840C9C7EE022505F63E3F
:10ABA000C8430020C00E0120AC4300206FF70420F2
:10ABB00075F70420001000E0C8460020E0060020E1
:10ABC0002C070020024BD3F88C0403681B6A18473B
:10ABD00048FF01202DE9F843DFF878800646D8F8D1
:10ABE0000090D8F80030A3EB090399422FD90F4603
:10ABF000002440F2FE7519F0DDF8B8B119F020F923
:10AC0000C3B20D2B18BF0A2B0CBF0120002005D1A9
:10AC1000002CF0D000233355BDE8F883AC42EADCC9
:10AC20003355013419F0C6F80028E7D1052017F094
:10AC30004DFED8F80030A3EB0903BB42DBD3201E46
:10AC4000264418BF012000233370BDE8F88300209C
:10AC5000F9E700BF48F70420836C13B1184613F0DE
:10AC6000FDBFC06C08B112F0EDBF7047836C13B12B
:10AC7000184613F0F7BEC06C08B112F0A1BB4FF03C
:10AC8000FF307047836C53B1187810F008000DD076
:10AC9000D8695B69C01A48BF6FF000407047C36C49
:10ACA000A3B193F8310010F0080000D17047186983
:10ACB00019685A69401A5B6862EB0303B0F1004FF0
:10ACC00073F10003F2D36FF0004070471846EDE7D0
:10ACD0002DE9F04F89B00192002A00F0D780020BD5
:10ACE0008146030D8B460692020A704F4FEA104AC6
:10ACF000049202096E4E039200F00F02DFF8C48145
:10AD00006C4C0793059263686B4A43F07D5311685E
:10AD100063606A4B019A18688A42694B40F00120CF
:10AD200028BF0A46196840F4800020EA010020F09C
:10AD300078552560396839B14FF0000C00BF0CF12F
:10AD4000010C3B689C45F9D30E2128460292FDF781
:10AD500003FF0B212846FDF7FFFE079B284603F063
:10AD60000F01FDF7F9FE0AF00F012846FDF7F4FE8A
:10AD7000069B284603F00F01FDF7EEFE049B2846D4
:10AD800003F00F01FDF7E8FE039B284603F00F01D7
:10AD9000FDF7E2FE05992846FDF7DEFE6168029A9E
:10ADA00021F0705161603168B1B145F000734FF02E
:10ADB000000C236000BF00BF00BF00BF00BF00BF8A
:10ADC000256000BF00BF00BF00BF00BF00BF0CF187
:10ADD000010C31686145ECD8002A5AD002EB0B0A0D
:10ADE00045F000730BF1FF3C0AF1FF3A236000BF0E
:10ADF00000BF00BF00BF00BF00BFA068256000BF4C
:10AE000000BF00BF00BF00BF00BF236000BF00BF86
:10AE100000BF00BF00BF00BFA168256000BF00BF2A
:10AE200000BF00BF00BF00BF800EC1F3836141EAD5
:10AE300000110CF8011FD445D8D1204B19682160AE
:10AE4000616841F07D516160D8F8001031B1002196
:10AE500000BF0131D8F800309942F9D3019B9B1A09
:10AE6000019313D0914493444FEA19534FEA194A7E
:10AE700007934FEA193306934FEA192304934FEAD5
:10AE80001913039309F00F0305933CE709B0BDE8DC
:10AE9000F08F0A4B19682160616841F07D51616053
:10AEA000D8F800100029D2D12DE700BF781A04206D
:10AEB000D043002000C00042C84300200C150420ED
:10AEC000CC4300207C1A04202DE9F04F89B0019278
:10AED000002A00F0DD80020B8146030D8B460692AE
:10AEE000020A734F4FEA104A04920209714E03920C
:10AEF00000F00F02DFF8D0816F4C07930592636872
:10AF00006E4A43F07D53116863606D4B019A186877
:10AF10008A426C4B40F0012028BF0A46196840F471
:10AF2000800020EA010020F078552560396839B1A9
:10AF30004FF0000C00BF0CF1010C3B689C45F9D3AD
:10AF40000E2128460292FDF71FFE0B212846FDF731
:10AF50001BFE079B284603F00F01FDF715FE0AF0C4
:10AF60000F012846FDF710FE069B284603F00F014F
:10AF7000FDF70AFE049B284603F00F01FDF704FECF
:10AF8000039B284603F00F01FDF7FEFD05992846B7
:10AF9000FDF7FAFD6168029A21F070516160316835
:10AFA000C1B145F000734FF0000C236000BF00BF3B
:10AFB00000BF00BF00BF00BF00BF256000BF00BFD3
:10AFC00000BF00BF00BF00BF00BF0CF1010C316823
:10AFD0006145EAD8002A5ED002EB0B0A45F0007307
:10AFE0000BF1FF3C0AF1FF3A236000BF00BF00BF36
:10AFF00000BF00BF00BF00BFA068256000BF00BF4A
:10B0000000BF00BF00BF00BF00BF236000BF00BF84
:10B0100000BF00BF00BF00BF00BFA168256000BF28
:10B0200000BF00BF00BF00BF00BF00BF800EC1F364
:10B03000836141EA00110CF8011FD445D4D1204BA3
:10B0400019682160616841F07D516160D8F8001095
:10B0500031B1002100BF0131D8F800309942F9D355
:10B06000019B9B1A019313D0914493444FEA1953C7
:10B070004FEA194A07934FEA193306934FEA192307
:10B0800004934FEA1913039309F00F03059336E76E
:10B0900009B0BDE8F08F0A4B19682160616841F082
:10B0A0007D516160D8F800100029D2D127E700BF98
:10B0B000781A0420D043002000C00042C84300207A
:10B0C0000C150420CC4300207C1A04202DE9F0410B
:10B0D0008EB014468846FF22149D1F461B49284601
:10B0E0008DED0D0ACDED0C0A159E0FF0FFFE184AEE
:10B0F00001464FF480631548FFF766FCDDED0C0A4E
:10B100009DED0D0A4346B7EEE07A114AB7EEC00A4C
:10B110004FF4AF610A9206960E4A039500940E48CA
:10B120008DED087B8DED040BCDE901471AF02EFB68
:10B1300009481BF0CDFA0146074818F0A5FE07485C
:10B140000EB0BDE8F04117F00FBA00BF402F042049
:10B15000402B0420B408002040300420B0430020DD
:10B16000836C13B1184613F091BEC06C08B112F095
:10B17000B7BE704700B5836C83B08DF807103BB144
:10B1800001220DF10701184613F080FE03B000BD47
:10B19000C06C0028FAD001220DF1070112F0A0FEC8
:10B1A00003B000BD2DE9F041ADF5B66D14460F4674
:10B1B000FF2235498046DDF8C8051E468DED0D0A93
:10B1C000CDED0C0A0FF092FE304A01464FF4806339
:10B1D00005462D48FFF7F8FB2C4ADDED0C0A234607
:10B1E0009DED0D0A4FF4AF610A92B7EEE07ADDF8FB
:10B1F000CC25B7EEC00A0EA800940692DDF8C8254B
:10B200008DED087B8DED040BCDE90162204A1AF02B
:10B21000BDFA0EA81BF05CFA01460EA818F034FE29
:10B220001C4817F0A1F97B1E9C421ADBDDF8D035D3
:10B230001B68EA18B2F5005F17DB0521164818F005
:10B2400023FE40461BF044FA0146404618F01CFE1F
:10B25000DDF8D0351148196818F016FE0D4817F0C2
:10B2600083F90DF5B66DBDE8F0810C482A46064914
:10B27000184417F017FCDDF8D035DDF8D0251B6831
:10B280002B441360D9E700BFB8BD0420B8B904202F
:10B29000B8080020B0430020F8080020B889042036
:10B2A0002DE9F84F824689460025DFF87480164F55
:10B2B000164E174CDFF86CB033780AEB0500154AD0
:10B2C00003EBC30303EBC3033B3302F8013FA2428A
:10B2D000A3F16303F9D13A7898F8003062B10E4ACD
:10B2E0000E4952F823304FF40052984705F50055A7
:10B2F000A945E1D8BDE8F88F5BF823304FF4005240
:10B3000006499847F2E700BF75F704206FF704205D
:10B31000BF2E0120BF0E0120E0060020C00E01203C
:10B32000C84600202C070020836C00B583B05BB1B9
:10B3300001220DF10701184613F0AAFA01280BD1DA
:10B340009DF8070003B000BDC06C28B101220DF1CB
:10B35000070111F06BFFF1E74FF0FF30F2E700BF9C
:10B36000002A00F00B81030C84462DE9F04F85B0D4
:10B370000C464FEA105900F00F070393030B1646D3
:10B38000DFF810820293030A7D49019303097D4887
:10B3900000937D4B5A687D4D42F07D52D5F800E018
:10B3A0005A607B4AB645D8F80050126828BFB646A6
:10B3B00042F0012242F4800222EA050222F0785291
:10B3C0001A600D683DB14FF0000A00BF0AF1010A92
:10B3D0000D68AA45F9D342F0406A42F0606BC3F8A9
:10B3E00000A0C3F800B000BF00BFC3F800A000BFBA
:10B3F00000BF42F0005A42F0085BC3F800A0C3F857
:10B4000000B000BF00BFC3F800A000BF00BF09F03C
:10B410000F0A42EA8A6A4AF0007BC3F800A0C3F828
:10B4200000B000BF00BFC3F800A000BF00BF039D75
:10B4300005F00F0A42EA8A6A4AF0007BC3F800A0CE
:10B44000C3F800B000BF00BFC3F800A000BF00BF3A
:10B45000029D05F00F0A42EA8A6A4AF0007BC3F8AF
:10B4600000A0C3F800B000BF00BFC3F800A000BF39
:10B4700000BF019D05F00F0A42EA8A6A4AF0007B8C
:10B48000C3F800A0C3F800B000BF00BFC3F800A01D
:10B4900000BF00BF009D05F00F0A42EA8A6A4AF029
:10B4A000007BC3F800A0C3F800B000BF00BFC3F822
:10B4B00000A000BF00BF42EA876A4AF0007BC3F8E1
:10B4C00000A0C3F800B000BF00BFC3F800A000BFD9
:10B4D00000BFBEF1000F47D00EEB040A04F1FF39A4
:10B4E0000AF1FF3A19F8017F3F0942EA876747F0FE
:10B4F000007B1F60C3F800B000BF00BF1F6000BF2B
:10B5000000BF99F8007007F00F0742EA876747F01D
:10B51000007B1F60C3F800B000BF00BF1F6000BF0A
:10B5200000BFD145DED11A4A12681A6002682AB1FA
:10B53000002700BF013702689742FAD3B6EB0E0628
:10B5400019D0F44474444FEA1C420CF00F074FEA40
:10B550001C5903924FEA1C3202924FEA1C220192BC
:10B560004FEA1C12009215E7094A12681A60026835
:10B57000002ADDD10EE705B0BDE8F08F704700BFAF
:10B58000781A04207C1A042000C00042C84300201E
:10B590000C150420CC430020002A00F01C81030C71
:10B5A000DFF848C22DE9F04F87B04FEA1019824604
:10B5B000040D0493030B0F46874E0393030ADFF831
:10B5C00030E21546019300F00F0384480293844B48
:10B5D00084495A68096842F07D52A9425A6028BFDE
:10B5E0002946814A8B463168126841F0012141F4B5
:10B5F000800121EA020121F078511960DCF8002075
:10B6000042B14FF0000800BF08F10108DCF800204B
:10B610009045F8D341F0605241F068581A60C3F881
:10B62000008000BF00BF1A6000BF00BF41F0305271
:10B6300041F038581A60C3F8008000BF00BF1A609C
:10B6400000BF00BF04F00F0241EA826242F00078BE
:10B650001A60C3F8008000BF00BF1A6000BF00BFBF
:10B66000049A02F00F0241EA826242F000781A6006
:10B67000C3F8008000BF00BF1A6000BF00BF039A7C
:10B6800002F00F0241EA826242F000781A60C3F8C9
:10B69000008000BF00BF1A6000BF00BF019A02F027
:10B6A0000F0241EA826242F000781A60C3F800801B
:10B6B00000BF00BF1A6000BF00BF09F00F0241EADF
:10B6C000826242F000781A60C3F8008000BF00BFB9
:10B6D0001A6000BF00BF029A41EA826242F000781D
:10B6E0001A60C3F8008000BF00BF1A6000BF00BF2F
:10B6F0005A6822F070525A60026882B141F00072BA
:10B700004FF0000805941A6000BF00BF196000BF29
:10B7100000BF08F1010804684445F4D8059CBBF15A
:10B72000000F4AD00BEB070941F0007407F1FF3816
:10B73000CDF804B009F1FF391C6000BF00BFD3F899
:10B7400008B0196000BF00BF1C6000BF00BF9A684E
:10B75000196000BF00BF4FEA9B6BC2F3836242EAED
:10B760000B1208F8012FC845E6D13268DDF804B0A5
:10B770001A605A6842F07D525A60DEF8002032B1F9
:10B78000002100BF0131DEF800209142F9D3B5EB72
:10B790000B051DD0DA445F444FEA1A424FEA1A54AF
:10B7A00004924FEA1A324FEA1A1903924FEA1A2208
:10B7B00001920AF00F0202920AE732681A605A6890
:10B7C00042F07D525A60DEF80020002AD8D1FFE610
:10B7D00007B0BDE8F08F70470C150420D04300205F
:10B7E00000C00042C8430020CC430020781A042047
:10B7F0007C1A04207D4B2DE9F04F93F800E087B0D0
:10B800000027DFF814A24FEACE03DFF81092DFF82A
:10B810000482F44605937649764B4A4201390293F5
:10B82000002304920391CDE90032059B0CEB030049
:10B83000019BDFF8ECE14FF0010B00EBC0005E1C58
:10B840006D4D3B30DDE902120EE03FB381EAD133AA
:10B8500008FB03F383EA13331B0A02F8013F633842
:10B86000664B294493421FD0012F06EB02030CD0F4
:10B87000022FEAD1624C04FB03FCF44512D803F01A
:10B8800007030BFA03F3DB43E7E70AFB03FCCC45B2
:10B8900006D803F0070307FA03F3DEE70346DCE705
:10B8A0000023DAE7FF23D8E7564B1A78564B1B786C
:10B8B000F2B1564A52F823304FF400524C490098E6
:10B8C0009847009B03F50053B3F5004F009311D048
:10B8D000DDE90123A3F1865302F50052A3F51E23EF
:10B8E00001920293414B93F800C04FEACC039DE7CD
:10B8F000474ADFE73F4C0023DFF828B118464FF4F2
:10B9000000523B490093FFF795F8384B20463849E1
:10B9100093F800C0DFF808E10CEBCC024FEACC034F
:10B9200002EBC20205933B32049BD2B25E1ECDE90C
:10B9300001C414E080EAD033364D05FB03F383EAFB
:10B940001333C3F307239C4216D1A0F1C340633ADB
:10B950008B45A0F59100D2B2A0F24F602DD011F826
:10B96000014B012F06EB010317D0022F08D0002F47
:10B97000E0D113469C42E8D0002007B0BDE8F08F2C
:10B980001F4D05FB03FCF44515D803F00703012503
:10B9900005FA03F3DB43DBB2D5E71F4D05FB03FCE0
:10B9A0001E4DAC4505D803F0070307FA03F3DBB2DD
:10B9B000C9E70023C7E7FF23C5E7DDE9003C049A98
:10B9C000029C03F5005302F50052A4F18654B3F52E
:10B9D000004F0492A4F51E2490D10137042F7FF468
:10B9E0001AAF012007B0BDE8F08F00BF6FF7042049
:10B9F000C00E0120E999A2F1B179379EBF2E012036
:10BA00006B4CA40775F70420C8460020E006002010
:10BA10002C0700206D3C1B2C15970CC1535C320485
:10BA20003526D203C02E0120114B1B7813B1114BC8
:10BA30001B782BB9104B187800B97047FEF730BF50
:10BA40000E4ADFF844C0536C9CF800C00C486FF3FA
:10BA50000C030C49007843EA0C03097843EA0023FD
:10BA60005364936A23F4E04343EA01339362E1E7CA
:10BA70006EF7042077F7042078F7042000002C40AC
:10BA800074F7042071F7042072F70420002A00F0F4
:10BA9000C180030D2DE9F04F87B0914607468A46D5
:10BAA0000593030C5C4A0493030B5C4D0393030A58
:10BAB0005B4E019303095B4C009300F00F0302936C
:10BAC000594B6168186841F07D51584B4845616099
:10BAD00028BF484619688046106840F0012040F4AD
:10BAE000800020EA010020F0785BC4F800B02968EB
:10BAF00039B14FF0000C00BF0CF1010C2B689C45D4
:10BB0000F9D303215846FDF727F808215846FDF7D9
:10BB100023F8059B584603F00F01FDF71DF8049B21
:10BB2000584603F00F01FDF717F8039B584603F042
:10BB30000F01FDF711F8019B584603F00F01FDF7C7
:10BB40000BF8009B584603F00F01FDF705F802992A
:10BB50005846FDF701F8304AB8F1000F51D008EB14
:10BB60000A0E0AF1FF3C0EF1FF3E1CF8013F1B09D3
:10BB70004BEA836343F000712360216000BF00BF84
:10BB800000BF00BF00BF00BF236000BF00BF00BFF9
:10BB900000BF00BF00BF9CF8003003F00F034BEA6A
:10BBA000836343F000712360216000BF00BF00BFCA
:10BBB00000BF00BF00BF236000BF00BF00BF00BFC9
:10BBC00000BF00BFF445D0D111682160316829B1B0
:10BBD000002100BF013133689942FAD3B9EB08095B
:10BBE00015D04744C2443B0D05933B0C04933B0BDB
:10BBF00003933B0A01933B09009307F00F03029361
:10BC00005EE71168216031680029E1D158E707B08B
:10BC1000BDE8F08F704700BF0C150420781A04208F
:10BC20007C1A042000C00042C8430020CC430020FE
:10BC30002DE9F04F8BB00192002A00F0CB80030D6C
:10BC40008A46844668490993030CDFF8B0B108932B
:10BC5000030B0793030A05930309049300F00F03F2
:10BC60000693624B5A68624842F07D52614C00680C
:10BC70005A60019A2468904228BF10465E4A1268B2
:10BC8000029242F0012242F4800222EA040222F0EF
:10BC900078521A600C6844B1002500BF01350C6869
:10BCA000A542FAD3544C24680294099C42F040699E
:10BCB00042F0005804F00F0E089C04F00F07079C98
:10BCC00042EA8E6E04F00F06059C42EA876704F094
:10BCD0000F05049C42EA866604F00F0442EA85657B
:10BCE00042EA8464039442F06064C3F800901C60EC
:10BCF000C3F8009042F00859C3F80080C3F80090E0
:10BD0000C3F800804EF00078C3F800E0C3F800806C
:10BD1000C3F800E047F0007E1F60C3F800E01F603A
:10BD200046F000771E60039C1F601E6045F00076A1
:10BD30001D601E601D6044F000751C601D601C606D
:10BD4000069C42EA846444F000751C601D601C601F
:10BD5000002842D000EB0A060AF1FF35013E15F833
:10BD6000014F2409B54242EA846444F000771C6024
:10BD70001F601C602C7804F00F0442EA846444F0D5
:10BD800000771C601F601C60E9D1029A1A60DBF822
:10BD9000002032B1002200BF0132DBF80040A24295
:10BDA000F9D3019A121A019214D0844482444FEAC2
:10BDB0001C5209924FEA1C4208924FEA1C32079229
:10BDC0004FEA1C2205924FEA1C1204920CF00F025B
:10BDD000069247E70BB0BDE8F08F029A1A60DBF8D5
:10BDE0000020002AD6D13DE7781A042000C0004286
:10BDF000C8430020CC4300200C1504207C1A0420EA
:10BE0000002A00F0C580030D2DE9F04F87B0914660
:10BE100007468A460593030C5E4A0493030B5E4D66
:10BE20000393030A5D4E019303095D4C009300F0F8
:10BE30000F0302935B4B6168186841F07D515A4BC8
:10BE40004845616028BF484619688046106840F040
:10BE5000012040F4800020EA010020F0785BC4F863
:10BE600000B0296839B14FF0000C00BF0CF1010C93
:10BE70002B689C45F9D303215846FCF785FE082121
:10BE80005846FCF781FE059B584603F00F01FCF76E
:10BE90007BFE049B584603F00F01FCF775FE039BE5
:10BEA000584603F00F01FCF76FFE019B584603F064
:10BEB0000F01FCF769FE009B584603F00F01FCF7E9
:10BEC00063FE02995846FCF75FFE324AB8F1000F54
:10BED00055D008EB0A0E0AF1FF3C0EF1FF3E1CF8AC
:10BEE000013F1B094BEA836343F00071236021602B
:10BEF00000BF00BF00BF00BF00BF00BF00BF236086
:10BF000000BF00BF00BF00BF00BF00BF00BF9CF864
:10BF1000003003F00F034BEA836343F000712360AA
:10BF2000216000BF00BF00BF00BF00BF00BF00BF57
:10BF3000236000BF00BF00BF00BF00BF00BF00BF45
:10BF4000F445CCD111682160316829B1002100BFCE
:10BF5000013133689942FAD3B9EB080915D0474447
:10BF6000C2443B0D05933B0C04933B0B03933B0AEC
:10BF700001933B09009307F00F0302935AE71168FE
:10BF8000216031680029E1D154E707B0BDE8F08FA6
:10BF9000704700BF0C150420781A04207C1A042076
:10BFA00000C00042C8430020CC430020002A00F01B
:10BFB0008180030C2DE9F04F85B080468946934679
:10BFC0000293030ADFF808A10193C3B23A4E3B4D36
:10BFD0003B4C039363683B4A43F07D533A481268F5
:10BFE0006360DAF800305A4543EA0000374B28BF57
:10BFF0005A461B68174620EA030020F0785040F0AC
:10C000004050206033682BB1002200BF01323368FA
:10C010009A42FAD30221FCF735FF9DF80810FCF78D
:10C0200031FF9DF80410FCF72DFF0399FCF72AFF60
:10C03000002F35D007EB090E09F1FF3101970EF102
:10C04000FF3E11F801CF07224CFA02F39B0603F0E2
:10C050008063034343F000772360276000BF2360C1
:10C0600000BF013AF0D27145EBD1DAF80030019F00
:10C0700023602B682BB1002300BF01332A68934251
:10C08000FAD3BBEB070B12D0B844B9444FEA1843BC
:10C0900002934FEA182301935FFA88F3039399E719
:10C0A000DAF8003023602B68002BE4D192E705B06A
:10C0B000BDE8F08F704700BF781A04207C1A042076
:10C0C00000C00042C843002000014001CC430020D2
:10C0D0000C150420002A00F01F81030B84462DE973
:10C0E000F04F85B00C464FEA105816460393030AEA
:10C0F0004FEA1049894D019303098949009300F0E3
:10C100000F0388480293884B5A68884F42F07D524B
:10C11000D7F800E05A602A68B645854F42F0012200
:10C1200028BFB6463F6842F4800222EA070222F0A6
:10C1300078521A600F683FB14FF0000A00BF0AF151
:10C14000010A0F68BA45F9D342F0406A42F0606BC9
:10C15000C3F800A0C3F800B000BF00BF00BFC3F821
:10C1600000A000BF00BF00BF42F0005A42F0085BD1
:10C17000C3F800A0C3F800B000BF00BF00BFC3F801
:10C1800000A000BF00BF00BF08F00F0A42EA8A6AA1
:10C190004AF0007BC3F800A0C3F800B000BF00BFA6
:10C1A00000BFC3F800A000BF00BF00BF09F00F0A26
:10C1B00042EA8A6A4AF0007BC3F800A0C3F800B0E4
:10C1C00000BF00BF00BFC3F800A000BF00BF00BF9A
:10C1D000039F07F00F0A42EA8A6A4AF0007BC3F81D
:10C1E00000A0C3F800B000BF00BF00BFC3F800A0AC
:10C1F00000BF00BF00BF019F07F00F0A42EA8A6A32
:10C200004AF0007BC3F800A0C3F800B000BF00BF35
:10C2100000BFC3F800A000BF00BF00BF009F07F031
:10C220000F0A42EA8A6A4AF0007BC3F800A0C3F80A
:10C2300000B000BF00BF00BFC3F800A000BF00BF38
:10C2400000BF029F42EA876A4AF0007BC3F800A061
:10C25000C3F800B000BF00BF00BFC3F800A000BF1C
:10C2600000BF00BFBEF1000F4DD00EEB040A04F179
:10C27000FF3990460AF1FF3A19F8012F120948EAEE
:10C28000826242F0007B1A60C3F800B000BF00BFBA
:10C2900000BF1A6000BF00BF00BF99F8002002F085
:10C2A0000F0248EA826242F0007B1A60C3F800B0D5
:10C2B00000BF00BF00BF1A6000BF00BF00BFD14574
:10C2C000DAD12A681A6002683AB14FF0000800BF5C
:10C2D00008F1010802689045F9D3B6EB0E0618D0B4
:10C2E000F44474444FEA1C324FEA1C5803924FEA5C
:10C2F0001C224FEA1C4901924FEA1C1200920CF0DA
:10C300000F02029200E72A681A600268002ADCD154
:10C31000FAE605B0BDE8F08F704700BF0C150420A9
:10C32000781A04207C1A042000C00042C843002070
:10C33000CC430020002A00F02881030DDFF860C202
:10C340002DE9F04F87B000F00F0982460F460593A4
:10C35000030C8E4E15460493030BDFF848E203935B
:10C36000030A029303098A4801938A4B8A495A684F
:10C37000096842F07D52A9425A6028BF2946874A7F
:10C380008B463168126841F0012141F4800121EAB5
:10C39000020121F078511960DCF8002032B100244C
:10C3A00000BF0134DCF800209442F9D341F0605220
:10C3B00041F068541A601C6000BF00BF00BF1A60E3
:10C3C00000BF00BF00BF41F0305241F038541A6046
:10C3D0001C6000BF00BF00BF1A6000BF00BF00BFED
:10C3E000059A02F00F0241EA826242F000741A607C
:10C3F0001C6000BF00BF00BF1A6000BF00BF00BFCD
:10C40000049A02F00F0241EA826242F000741A605C
:10C410001C6000BF00BF00BF1A6000BF00BF00BFAC
:10C42000039A02F00F0241EA826242F000741A603D
:10C430001C6000BF00BF00BF1A6000BF00BF00BF8C
:10C44000029A02F00F0241EA826242F000741A601E
:10C450001C6000BF00BF00BF1A6000BF00BF00BF6C
:10C46000019A02F00F0241EA826242F000741A60FF
:10C470001C6000BF00BF00BF1A6000BF00BF00BF4C
:10C4800041EA896242F000741A601C6000BF00BF7C
:10C4900000BF1A6000BF00BF00BF5A6822F0705290
:10C4A0005A60026882B141F000720024A8461A6006
:10C4B00000BF00BF00BF196000BF00BF00BF013454
:10C4C0000568A542F3D84546BBF1000F4FD00BEBF2
:10C4D000070941F0007407F1FF38CDF804B009F105
:10C4E000FF391C6000BF00BF00BFD3F808B019605F
:10C4F00000BF00BF00BF1C6000BF00BF00BF9A6844
:10C50000196000BF00BF00BF4FEA9B6BC2F383629C
:10C5100042EA0B1208F8012FC845E2D13268DDF873
:10C5200004B01A605A6842F07D525A60DEF800206A
:10C5300032B1002100BF0131DEF800209142F9D371
:10C54000B5EB0B051ED0DA445F444FEA1A520AF0ED
:10C550000F0905924FEA1A4204924FEA1A320392E7
:10C560004FEA1A2202924FEA1A120192FEE632684C
:10C570001A605A6842F07D525A60DEF80020002AA4
:10C58000D7D1F3E607B0BDE8F08F70470C15042053
:10C59000D043002000C00042C8430020CC4300200C
:10C5A000781A04207C1A0420002A00F08380030CEF
:10C5B0002DE9F04F85B08046894693460293030AE1
:10C5C000DFF80CA10193C3B23B4E3C4D3C4C0393AE
:10C5D00063683C4A43F07D533B4812686360DAF875
:10C5E00000305A4543EA0000384B28BF5A461B68C2
:10C5F000174620EA030020F0785040F040502060B9
:10C6000033682BB1002200BF013233689A42FAD35B
:10C610000221FCF7B1FD9DF80810FCF7ADFD9DF877
:10C620000410FCF7A9FD0399FCF7A6FD002F37D0F5
:10C6300007EB090E09F1FF3101970EF1FF3E11F8EA
:10C6400001CF07224CFA02F39B0603F080630343F9
:10C6500043F000772360276000BF00BF236000BF66
:10C6600000BF013AEED27145E9D1DAF80030019FFE
:10C6700023602B682BB1002300BF01332A6893424B
:10C68000FAD3BBEB070B12D0B844B9444FEA1843B6
:10C6900002934FEA182301935FFA88F3039397E715
:10C6A000DAF8003023602B68002BE4D190E705B066
:10C6B000BDE8F08F704700BF781A04207C1A042070
:10C6C00000C00042C843002000014001CC430020CC
:10C6D0000C15042000B507228E46DFF844C04EFA40
:10C6E00002F39B0603F08063034343F00071CCF830
:10C6F0000030CCF8001000BF00BF00BF00BF00BF7B
:10C7000000BF00BF00BFCCF8003000BF00BF00BFBB
:10C7100000BF00BF00BF00BF00BF013ADFD200BDB5
:10C7200000C00042002A00F091800B46010C2DE968
:10C73000F04F934683B08046454A00915946454E96
:10C740009B464FEA102A444D5FFA80F9434C0B4652
:10C7500043486168006841F07D519842616028BF9C
:10C760001846116807463F4808433F49096820EAD0
:10C77000010020F0785040F040502060316839B11D
:10C780004FF0000C00BF0CF1010C31688C45F9D35F
:10C7900002210193FFF79EFF9DF80010FFF79AFF1B
:10C7A0005FFA8AF1FFF796FF4946FFF793FF284AA1
:10C7B000019B002F41D007EB0B090BF1FF3E824696
:10C7C000009709F1FF391EF801CF07274CFA07F14E
:10C7D000890601F0806141EA0A0141F000702160A0
:10C7E000206000BF00BF00BF00BF00BF00BF00BF90
:10C7F00000BF216000BF00BF00BF00BF00BF00BF7F
:10C8000000BF00BF013FE1D2CE45DCD11168009FDF
:10C810002160296829B1002100BF013128688142C7
:10C82000FAD3DB1B0FD0B844BB444FEA18414FEAA0
:10C83000182A5FFA88F900918AE71168216029684F
:10C840000029E8D184E703B0BDE8F08F704700BF4E
:10C850000C150420781A04207C1A042000C0004221
:10C86000C843002000014001CC430020002A00F012
:10C870009D801346020C2DE9F04F85B08046894615
:10C88000DFF840A102925FFA80FB020A484E494D50
:10C89000494C019249496268096842F07D529942C7
:10C8A000626028BF1946DAF80020009142F00122A8
:10C8B000434942F48002096822EA010C2CF07857BF
:10C8C00047F04050206032682AB1002100BF01319A
:10C8D00032689142FAD303210393FFF7FBFE9DF8E0
:10C8E0000810FFF7F7FE9DF80410FFF7F3FE594616
:10C8F000FFF7F0FE6268039B22F000626260009A1C
:10C90000002A45D0009A47F0485709F1FF3E02EB54
:10C91000090B0BF1FF3B08214FF0000C276000BF13
:10C9200000BF00BF00BF00BF00BF00BF00BFA268C4
:10C930002060C2F3C06242EA4C0C00BF00BF00BFDF
:10C9400000BF00BF00BF00BF00BF0139E6D10EF835
:10C9500001CFDE45DFD1DAF800202260626842F0C4
:10C960007D5262602A682AB1002200BF0132296824
:10C970008A42FAD3009A9B1A15D0904491444FEA08
:10C9800018425FFA88FB02924FEA1822019281E76F
:10C99000DAF800202260626842F07D5262602A6804
:10C9A000002AE1D176E705B0BDE8F08F704700BFFF
:10C9B000781A04207C1A042000C00042C8430020DA
:10C9C000CC4300200C150420002A00F0CA800B463E
:10C9D000010C2DE9F04F87B08146DFF8A0A103914B
:10C9E000010A604F0291C1B25F4E604D604C0191EF
:10C9F00060486168006841F07D519042616028BFE5
:10CA00001046DAF80010804641F001215A4841F4FE
:10CA10008001006821EA000C2CF0785B4BF040505C
:10CA20002060396839B14FF0000C00BF0CF1010CE7
:10CA300039688C45F9D30B21CDE90432FFF74AFE62
:10CA40009DF80C10FFF746FE9DF80810FFF742FE18
:10CA50000199FFF73FFE616821F000616160316874
:10CA6000DDE90432E1B14BF048514FF0000C9E4635
:10CA7000216000BF00BF00BF00BF00BF00BF00BFFC
:10CA800000BF206000BF00BF00BF00BF00BF00BFED
:10CA900000BF00BF0CF1010C33686345E8D8734652
:10CAA000B8F1000F4FD04BF0485C194608EB030B70
:10CAB00003F1FF3E63468C460BF1FF3BCDE9018954
:10CAC0004FF008084FF00009236000BF00BF00BF0F
:10CAD00000BF00BF00BF00BF00BFA1682060C1F35E
:10CAE000C06141EA490900BF00BF00BF00BF00BFED
:10CAF00000BF00BF00BFB8F10108E5D10EF8019FEB
:10CB0000DE45DDD1DAF800106346DDE901892160F8
:10CB1000616841F07D516160296829B1002100BF41
:10CB2000013128688142FAD3B2EB080216D0C14421
:10CB300043444FEA194103914FEA192102915FFAE8
:10CB400089F1019154E7DAF800102160616841F041
:10CB50007D51616029680029E0D149E707B0BDE84F
:10CB6000F08F7047781A0420D84300207C1A0420E4
:10CB700000C00042C8430020CC4300200C15042014
:10CB800000B507228E46DFF848C04EFA02F39B0636
:10CB900003F08063034343F00071CCF80030CCF81D
:10CBA000001000BF00BF00BF00BF00BF00BF00BF3C
:10CBB00000BF00BFCCF8003000BF00BF00BF00BF07
:10CBC00000BF00BF00BF00BF00BF013ADDD200BD03
:10CBD00000C000422DE9F04F85B00092002A65D0D8
:10CBE000030A8046364D040C02938946C3B2354E83
:10CBF000DFF8E4A00393DAF80420334B42F07D52CF
:10CC000032481968324BCAF80420324A1B6812684D
:10CC10001843009F20EA02008F4220F0785028BF7E
:10CC20000F4640F04050CAF800002A683AB100218F
:10CC300000BF01312B689942FAD3254B1B680221B2
:10CC40000193FFF79DFFE1B2FFF79AFF9DF80810EF
:10CC5000FFF796FF0399FFF793FF019B4FB307EB95
:10CC6000090401979B4609F1FF37013C17F8011FA2
:10CC7000FFF786FFA742F9D1019FCAF800B03268DA
:10CC80002AB1002200BF013233689A42FAD3009BD6
:10CC9000DB1B00930AD0B844B9444FEA18234FEA8B
:10CCA000184402935FFA88F30393A4E705B0BDE844
:10CCB000F08FCAF800303268002AE2D19BE700BF4B
:10CCC000781A04207C1A0420C84300200001400187
:10CCD0000C150420CC43002000C000422DE9F04F89
:10CCE00085B00192002A00F08E800B468146C1B2C9
:10CCF0004B4A4C4F4FEA104B4FEA102A4A4E4B4CCE
:10CD0000029161684A4841F07D514A4D0068616076
:10CD10000199814228BF0146884611680D43464962
:10CD2000096825EA010525F0785545F04050206056
:10CD3000396839B14FF0000C00BF0CF1010C3968B3
:10CD40008C45F9D303210393FFF71AFF5FFA8BF1A8
:10CD5000FFF716FF5FFA8AF1FFF712FF0299FFF75C
:10CD60000FFF61682E4A21F00061039B6160B8F1FA
:10CD7000000F4BD008EB030B45F0485503F1FF3A89
:10CD80000BF1FF3B4FF0080C4FF0000E256000BF89
:10CD900000BF00BF00BF00BF00BF00BF00BF00BF9B
:10CDA000A1682060C1F3C06141EA4E0E00BF00BF20
:10CDB00000BF00BF00BF00BF00BF00BF00BFBCF18D
:10CDC000010CE3D10AF801EFDA45DBD111682160EB
:10CDD000616841F07D516160316829B1002100BF77
:10CDE000013130688142FAD30199B1EB0801019118
:10CDF00009D0C14443445FFA89F14FEA194B4FEA25
:10CE0000192A02917DE705B0BDE8F08F1168216015
:10CE1000616841F07D51616031680029DED170E7C1
:10CE20000C150420781A04207C1A042000C000424B
:10CE3000C843002000014001CC430020002A00F03C
:10CE4000CE800B46010C2DE9F04F87B08146DFF80C
:10CE5000A8A10391010A624F0291C1B2614E624DD5
:10CE6000624C019162486168006841F07D519042D6
:10CE7000616028BF1046DAF80010804641F00121B9
:10CE80005C4841F48001006821EA000C2CF0785BDA
:10CE90004BF040502060396839B14FF0000C00BFB2
:10CEA0000CF1010C39688C45F9D30B21CDE9043222
:10CEB000FFF766FE9DF80C10FFF762FE9DF8081064
:10CEC000FFF75EFE0199FFF75BFE616821F00061EC
:10CED00061603168DDE90432F1B14BF048514FF047
:10CEE000000C9E46216000BF00BF00BF00BF00BF16
:10CEF00000BF00BF00BF00BF206000BF00BF00BF79
:10CF000000BF00BF00BF00BF00BF00BF0CF1010C9D
:10CF100033686345E6D87346B8F1000F51D04BF043
:10CF2000485C194608EB030B03F1FF3E63468C4651
:10CF30000BF1FF3BCDE901894FF008084FF00009E4
:10CF4000236000BF00BF00BF00BF00BF00BF00BF25
:10CF500000BF00BFA1682060C1F3C06141EA490978
:10CF600000BF00BF00BF00BF00BF00BF00BF00BFC9
:10CF700000BFB8F10108E3D10EF8019FDE45DBD117
:10CF8000DAF800106346DDE901892160616841F04B
:10CF90007D516160296829B1002100BF01312868F5
:10CFA0008142FAD3B2EB080216D0C14443444FEA9F
:10CFB000194103914FEA192102915FFA89F1019118
:10CFC00050E7DAF800102160616841F07D5161603E
:10CFD00029680029E0D145E707B0BDE8F08F704728
:10CFE000781A0420D84300207C1A042000C0004294
:10CFF000C8430020CC4300200C150420002A00F078
:10D00000F380030A84462DE9F04F85B00C46070DE6
:10D010001646029303094FEA10487449019300F041
:10D020000F034FEA103972480393724B5A68724DDE
:10D0300042F07D52D5F800E05A60704AB645704D16
:10D04000126828BFB6462D6842F0012242F48002E1
:10D0500022EA050222F078521A600D683DB14FF0C5
:10D06000000A00BF0AF1010A0D68AA45F9D342F08F
:10D07000406A42F0606BC3F800A0C3F800B000BF84
:10D08000C3F800A000BF42F0005A42F0085BC3F8AA
:10D0900000A0C3F800B000BFC3F800A000BF07F0B5
:10D0A0000F0A42EA8A6A4AF0007BC3F800A0C3F87C
:10D0B00000B000BFC3F800A000BF08F00F0A42EAAA
:10D0C0008A6A4AF0007BC3F800A0C3F800B000BF32
:10D0D000C3F800A000BF09F00F0A42EA8A6A4AF0CA
:10D0E000007BC3F800A0C3F800B000BFC3F800A0E5
:10D0F00000BF029D05F00F0A42EA8A6A4AF0007BEF
:10D10000C3F800A0C3F800B000BFC3F800A000BF80
:10D11000019D05F00F0A42EA8A6A4AF0007BC3F8D3
:10D1200000A0C3F800B000BFC3F800A000BF039D7B
:10D1300042EA856A4AF0007BC3F800A0C3F800B059
:10D1400000BFC3F800A000BFBEF1000F42D00EEB3D
:10D15000040904F1FF3809F1FF3918F8017F3F098C
:10D1600042EA876747F0007A1F60C3F800A000BF5B
:10D170001F6000BF98F8007007F00F0742EA87674A
:10D1800047F0007A1F60C3F800A000BF1F6000BF17
:10D19000C845E2D1194A12681A6002682AB100270C
:10D1A00000BF013702689742FAD3B6EB0E0618D0DB
:10D1B000F44474444FEA1C224FEA1C5702924FEA8F
:10D1C0001C124FEA1C4801920CF00F024FEA1C3966
:10D1D00003922BE7094A12681A600268002ADED11E
:10D1E00024E705B0BDE8F08F704700BF781A04202F
:10D1F0007C1A042000C00042C84300200C15042003
:10D20000CC4300202DE9F84F002682468B46DFF8FC
:10D2100090903446DFF88C801A4F1B4D99F80030FF
:10D220000AEB060098F80020022B22D0012B1749A8
:10D230000CBF174B174B53F822304FF4005298474E
:10D240003B78154A03EBC30303EBC3033B33DBB269
:10D2500012F8010FA3F163019842CBB218BF013459
:10D260009542F5D106F50056B345D7D82046BDE81E
:10D27000F88F0A4B054953F822304FF40052984773
:10D28000DEE700BF6FF70420BF2E0120C00E012093
:10D29000FC05002048060020BF0E01209406002057
:10D2A00075F70420C746002000B507228E46DFF838
:10D2B0004CC04EFA02F39B0603F08063034343F035
:10D2C0000071CCF80030CCF8001000BF00BF00BFE8
:10D2D00000BF00BF00BF00BF00BF00BF00BFCCF851
:10D2E000003000BF00BF00BF00BF00BF00BF00BFD5
:10D2F00000BF00BF00BF013ADBD200BD00C000424A
:10D300002DE9F04F85B00092002A65D0030A8046CF
:10D31000364D040C02938946C3B2354EDFF8E4A0C3
:10D320000393DAF80420334B42F07D5232481968F7
:10D33000324BCAF80420324A1B6812681843009F17
:10D3400020EA02008F4220F0785028BF0F4640F0BC
:10D350004050CAF800002A683AB1002100BF0131EC
:10D360002B689942FAD3254B1B6802210193FFF7E2
:10D370009BFFE1B2FFF798FF9DF80810FFF794FFBD
:10D380000399FFF791FF019B4FB307EB0904019746
:10D390009B4609F1FF37013C17F8011FFFF784FF97
:10D3A000A742F9D1019FCAF800B032682AB1002221
:10D3B00000BF013233689A42FAD3009BDB1B009313
:10D3C0000AD0B844B9444FEA18234FEA18440293EC
:10D3D0005FFA88F30393A4E705B0BDE8F08FCAF8BD
:10D3E00000303268002AE2D19BE700BF781A04209F
:10D3F0007C1A0420C8430020000140010C150420C1
:10D40000CC43002000C000422DE9F04F85B00192CE
:10D41000002A00F090800B468146C1B24C4A4D4F25
:10D420004FEA104B4FEA102A4B4E4C4C0291616868
:10D430004B4841F07D514B4D00686160019981423C
:10D4400028BF0146884611680D434749096825EA07
:10D45000010525F0785545F040502060396839B114
:10D460004FF0000C00BF0CF1010C39688C45F9D36A
:10D4700003210393FFF718FF5FFA8BF1FFF714FF07
:10D480005FFA8AF1FFF710FF0299FFF70DFF61685D
:10D490002F4A21F00061039B6160B8F1000F4DD06D
:10D4A00008EB030B45F0485503F1FF3A0BF1FF3B46
:10D4B0004FF0080C4FF0000E256000BF00BF00BF0A
:10D4C00000BF00BF00BF00BF00BF00BF00BFA1681A
:10D4D0002060C1F3C06141EA4E0E00BF00BF00BF33
:10D4E00000BF00BF00BF00BF00BF00BF00BFBCF156
:10D4F000010CE1D10AF801EFDA45D9D111682160B8
:10D50000616841F07D516160316829B1002100BF3F
:10D51000013130688142FAD30199B1EB08010191E0
:10D5200009D0C14443445FFA89F14FEA194B4FEAED
:10D53000192A02917BE705B0BDE8F08F11682160E0
:10D54000616841F07D51616031680029DED16EE78C
:10D550000C150420781A04207C1A042000C0004214
:10D56000C843002000014001CC430020002A00F005
:10D57000D2800B46010C2DE9F04F87B08146DFF8D1
:10D58000B0A10191010A644F0391C1B2634E644D91
:10D59000644C029164486168006841F07D5190429A
:10D5A000616028BF1046DAF80010804641F0012182
:10D5B0005E4841F48001006821EA000C2CF0785BA1
:10D5C0004BF040502060396839B14FF0000C00BF7B
:10D5D0000CF1010C39688C45F9D30B21CDE90432EB
:10D5E000FFF762FE9DF80410FFF75EFE9DF80C1039
:10D5F000FFF75AFE0299FFF757FE616821F00061BC
:10D6000061603168DDE9043201B34BF048514FF0FD
:10D61000000C9E46216000BF00BF00BF00BF00BFDE
:10D6200000BF00BF00BF00BF00BF206000BF00BF41
:10D6300000BF00BF00BF00BF00BF00BF00BF00BFF2
:10D640000CF1010C33686345E4D87346B8F1000F60
:10D6500053D04BF0485C194608EB030B03F1FF3E37
:10D6600063468C460BF1FF3BCDE901894FF008087A
:10D670004FF00009236000BF00BF00BF00BF00BF24
:10D6800000BF00BF00BF00BF00BFA1682060C1F3A2
:10D69000C06141EA490900BF00BF00BF00BF00BF31
:10D6A00000BF00BF00BF00BF00BFB8F10108E1D15B
:10D6B0000EF8019FDE45D9D1DAF800106346DDE9A6
:10D6C00001892160616841F07D516160296829B15B
:10D6D000002100BF013128688142FAD3B2EB080271
:10D6E00016D0C14443444FEA194101914FEA192130
:10D6F00003915FFA89F102914CE7DAF8001021609A
:10D70000616841F07D51616029680029E0D141E7FD
:10D7100007B0BDE8F08F7047781A0420D843002086
:10D720007C1A042000C00042C8430020CC430020E3
:10D730000C15042000B507228E46DFF850C04EFAC3
:10D7400002F39B0603F08063034343F00071CCF8BF
:10D750000030CCF8001000BF00BF00BF00BF00BF0A
:10D7600000BF00BF00BF00BF00BF00BFCCF800304B
:10D7700000BF00BF00BF00BF00BF00BF00BF00BFB1
:10D7800000BF00BF00BF013AD9D200BD00C00042B7
:10D790002DE9F04F85B00092002A65D0030A80463B
:10D7A000364D040C02938946C3B2354EDFF8E4A02F
:10D7B0000393DAF80420334B42F07D523248196863
:10D7C000324BCAF80420324A1B6812681843009F83
:10D7D00020EA02008F4220F0785028BF0F4640F028
:10D7E0004050CAF800002A683AB1002100BF013158
:10D7F0002B689942FAD3254B1B6802210193FFF74E
:10D8000099FFE1B2FFF796FF9DF80810FFF792FF2E
:10D810000399FFF78FFF019B4FB307EB09040197B3
:10D820009B4609F1FF37013C17F8011FFFF782FF04
:10D83000A742F9D1019FCAF800B032682AB100228C
:10D8400000BF013233689A42FAD3009BDB1B00937E
:10D850000AD0B844B9444FEA18234FEA1844029357
:10D860005FFA88F30393A4E705B0BDE8F08FCAF828
:10D8700000303268002AE2D19BE700BF781A04200A
:10D880007C1A0420C8430020000140010C1504202C
:10D89000CC43002000C000422DE9F04F85B001923A
:10D8A000002A00F092800B468146C1B24D4A4E4F8D
:10D8B0004FEA104B4FEA102A4C4E4D4C02916168D2
:10D8C0004C4841F07D514C4D0068616001998142A6
:10D8D00028BF0146884611680D434849096825EA72
:10D8E000010525F0785545F040502060396839B180
:10D8F0004FF0000C00BF0CF1010C39688C45F9D3D6
:10D9000003210393FFF716FF5FFA8BF1FFF712FF76
:10D910005FFA8AF1FFF70EFF0299FFF70BFF6168CC
:10D92000304A21F00061039B6160B8F1000F4FD0D5
:10D9300008EB030B45F0485503F1FF3A0BF1FF3BB1
:10D940004FF0080C4FF0000E256000BF00BF00BF75
:10D9500000BF00BF00BF00BF00BF00BF00BF00BFCF
:10D96000A1682060C1F3C06141EA4E0E00BF00BF54
:10D9700000BF00BF00BF00BF00BF00BF00BF00BFAF
:10D9800000BFBCF1010CDFD10AF801EFDA45D7D1B5
:10D9900011682160616841F07D516160316829B191
:10D9A000002100BF013130688142FAD30199B1EB07
:10D9B0000801019109D0C14443445FFA89F14FEA5B
:10D9C000194B4FEA192A029179E705B0BDE8F08FAB
:10D9D00011682160616841F07D5161603168002902
:10D9E000DED16CE70C150420781A04207C1A042080
:10D9F00000C00042C843002000014001CC43002089
:10DA0000002A00F0D6800B46010C2DE9F04F87B0BC
:10DA10008146DFF8B8A10191010A664F0391C1B2B6
:10DA2000654E664D664C029166486168006841F03B
:10DA30007D519042616028BF1046DAF800108046A0
:10DA400041F00121604841F48001006821EA000CA6
:10DA50002CF0785B4BF040502060396839B14FF0C2
:10DA6000000C00BF0CF1010C39688C45F9D30B2177
:10DA7000CDE90432FFF75EFE9DF80410FFF75AFE71
:10DA80009DF80C10FFF756FE0299FFF753FE6168F0
:10DA900021F0006161603168DDE9043211B34BF0BF
:10DAA00048514FF0000C9E46216000BF00BF00BFF0
:10DAB00000BF00BF00BF00BF00BF00BF00BF00BF6E
:10DAC000206000BF00BF00BF00BF00BF00BF00BF9D
:10DAD00000BF00BF00BF00BF0CF1010C33686345FD
:10DAE000E2D87346B8F1000F55D04BF0485C1946A8
:10DAF00008EB030B03F1FF3E63468C460BF1FF3B43
:10DB0000CDE901894FF008084FF00009236000BFFC
:10DB100000BF00BF00BF00BF00BF00BF00BF00BF0D
:10DB200000BF00BFA1682060C1F3C06141EA49099C
:10DB300000BF00BF00BF00BF00BF00BF00BF00BFED
:10DB400000BF00BF00BFB8F10108DFD10EF8019F90
:10DB5000DE45D7D1DAF800106346DDE9018921609E
:10DB6000616841F07D516160296829B1002100BFE1
:10DB7000013128688142FAD3B2EB080216D0C144C1
:10DB800043444FEA194101914FEA192103915FFA89
:10DB900089F1029148E7DAF800102160616841F0EC
:10DBA0007D51616029680029E0D13DE707B0BDE8FB
:10DBB000F08F7047781A0420D84300207C1A042084
:10DBC00000C00042C8430020CC4300200C150420B4
:10DBD00000B507228E46DFF854C04EFA02F39B06CA
:10DBE00003F08063034343F00071CCF80030CCF8BD
:10DBF000001000BF00BF00BF00BF00BF00BF00BFDC
:10DC000000BF00BF00BF00BF00BFCCF8003000BFA6
:10DC100000BF00BF00BF00BF00BF00BF00BF00BF0C
:10DC200000BF00BF00BF013AD7D200BD00C0004214
:10DC30002DE9F04F85B00092002A65D0030A804696
:10DC4000364D040C02938946C3B2354EDFF8E4A08A
:10DC50000393DAF80420334B42F07D5232481968BE
:10DC6000324BCAF80420324A1B6812681843009FDE
:10DC700020EA02008F4220F0785028BF0F4640F083
:10DC80004050CAF800002A683AB1002100BF0131B3
:10DC90002B689942FAD3254B1B6802210193FFF7A9
:10DCA00097FFE1B2FFF794FF9DF80810FFF790FF90
:10DCB0000399FFF78DFF019B4FB307EB0904019711
:10DCC0009B4609F1FF37013C17F8011FFFF780FF62
:10DCD000A742F9D1019FCAF800B032682AB10022E8
:10DCE00000BF013233689A42FAD3009BDB1B0093DA
:10DCF0000AD0B844B9444FEA18234FEA18440293B3
:10DD00005FFA88F30393A4E705B0BDE8F08FCAF883
:10DD100000303268002AE2D19BE700BF781A042065
:10DD20007C1A0420C8430020000140010C15042087
:10DD3000CC43002000C000422DE9F04F85B0019295
:10DD4000002A00F094800B468146C1B24E4A4F4FE4
:10DD50004FEA104B4FEA102A4D4E4E4C029161682B
:10DD60004D4841F07D514D4D0068616001998142FF
:10DD700028BF0146884611680D434949096825EACC
:10DD8000010525F0785545F040502060396839B1DB
:10DD90004FF0000C00BF0CF1010C39688C45F9D331
:10DDA00003210393FFF714FF5FFA8BF1FFF710FFD6
:10DDB0005FFA8AF1FFF70CFF0299FFF709FF61682C
:10DDC000314A21F00061039B6160B8F1000F51D02E
:10DDD00008EB030B45F0485503F1FF3A0BF1FF3B0D
:10DDE0004FF0080C4FF0000E256000BF00BF00BFD1
:10DDF00000BF00BF00BF00BF00BF00BF00BF00BF2B
:10DE000000BFA1682060C1F3C06141EA4E0E00BFAF
:10DE100000BF00BF00BF00BF00BF00BF00BF00BF0A
:10DE200000BF00BF00BFBCF1010CDDD10AF801EF5B
:10DE3000DA45D5D111682160616841F07D5161609A
:10DE4000316829B1002100BF013130688142FAD325
:10DE50000199B1EB0801019109D0C14443445FFA33
:10DE600089F14FEA194B4FEA192A029177E705B079
:10DE7000BDE8F08F11682160616841F07D516160FB
:10DE800031680029DED16AE70C150420781A0420D5
:10DE90007C1A042000C00042C84300200001400159
:10DEA000CC430020002A00F0DA800B46010C2DE95B
:10DEB000F04F87B08146DFF8C0A10291010A684F98
:10DEC0000191C1B2674E684D684C03916848616822
:10DED000006841F07D519042616028BF1046DAF839
:10DEE0000010804641F00121624841F48001006841
:10DEF00021EA000C2CF0785B4BF040502060396830
:10DF000039B14FF0000C00BF0CF1010C39688C45A1
:10DF1000F9D30B21CDE90432FFF75AFE9DF8081022
:10DF2000FFF756FE9DF80410FFF752FE0399FFF726
:10DF30004FFE616821F0006161603168DDE9043203
:10DF400021B34BF048514FF0000C9E46216000BFBA
:10DF500000BF00BF00BF00BF00BF00BF00BF00BFC9
:10DF600000BF00BF00BF206000BF00BF00BF00BFF8
:10DF700000BF00BF00BF00BF00BF00BF00BF00BFA9
:10DF80000CF1010C33686345E0D87346B8F1000F1B
:10DF900057D04BF0485C194608EB030B03F1FF3EEA
:10DFA00063468C460BF1FF3BCDE901894FF0080831
:10DFB0004FF00009236000BF00BF00BF00BF00BFDB
:10DFC00000BF00BF00BF00BF00BF00BF00BFA1680F
:10DFD0002060C1F3C06141EA490900BF00BF00BF32
:10DFE00000BF00BF00BF00BF00BF00BF00BF00BF39
:10DFF00000BFB8F10108DDD10EF8019FDE45D5D193
:10E00000DAF800106346DDE901892160616841F0BA
:10E010007D516160296829B1002100BF0131286864
:10E020008142FAD3B2EB080216D0C14443444FEA0E
:10E03000194102914FEA192101915FFA89F1039187
:10E0400044E7DAF800102160616841F07D516160B9
:10E0500029680029E0D139E707B0BDE8F08F7047A3
:10E06000781A0420D84300207C1A042000C0004203
:10E07000C8430020CC4300200C15042000B5072223
:10E080008E46DFF858C04EFA02F39B0603F0806319
:10E09000034343F00071CCF80030CCF8001000BF0F
:10E0A00000BF00BF00BF00BF00BF00BF00BF00BF78
:10E0B00000BF00BF00BF00BFCCF8003000BF00BFF2
:10E0C00000BF00BF00BF00BF00BF00BF00BF00BF58
:10E0D00000BF00BF00BF013AD5D200BD00C0004262
:10E0E0002DE9F04F85B00092002A65D0030A8046E2
:10E0F000364D040C02938946C3B2354EDFF8E4A0D6
:10E100000393DAF80420334B42F07D523248196809
:10E11000324BCAF80420324A1B6812681843009F29
:10E1200020EA02008F4220F0785028BF0F4640F0CE
:10E130004050CAF800002A683AB1002100BF0131FE
:10E140002B689942FAD3254B1B6802210193FFF7F4
:10E1500095FFE1B2FFF792FF9DF80810FFF78EFFE1
:10E160000399FFF78BFF019B4FB307EB090401975E
:10E170009B4609F1FF37013C17F8011FFFF77EFFAF
:10E18000A742F9D1019FCAF800B032682AB1002233
:10E1900000BF013233689A42FAD3009BDB1B009325
:10E1A0000AD0B844B9444FEA18234FEA18440293FE
:10E1B0005FFA88F30393A4E705B0BDE8F08FCAF8CF
:10E1C00000303268002AE2D19BE700BF781A0420B1
:10E1D0007C1A0420C8430020000140010C150420D3
:10E1E000CC43002000C000422DE9F04F85B00192E1
:10E1F000002A00F096800B468146C1B24F4A504F2C
:10E200004FEA104B4FEA102A4E4E4F4C0291616874
:10E210004E4841F07D514E4D006861600199814248
:10E2200028BF0146884611680D434A49096825EA16
:10E23000010525F0785545F040502060396839B126
:10E240004FF0000C00BF0CF1010C39688C45F9D37C
:10E2500003210393FFF712FF5FFA8BF1FFF70EFF25
:10E260005FFA8AF1FFF70AFF0299FFF707FF61687B
:10E27000324A21F00061039B6160B8F1000F53D076
:10E2800008EB030B45F0485503F1FF3A0BF1FF3B58
:10E290004FF0080C4FF0000E256000BF00BF00BF1C
:10E2A00000BF00BF00BF00BF00BF00BF00BF00BF76
:10E2B00000BF00BFA1682060C1F3C06141EA4E0EFB
:10E2C00000BF00BF00BF00BF00BF00BF00BF00BF56
:10E2D00000BF00BF00BF00BF00BFBCF1010CDBD11D
:10E2E0000AF801EFDA45D3D111682160616841F085
:10E2F0007D516160316829B1002100BF0131306872
:10E300008142FAD30199B1EB0801019109D0C144CE
:10E3100043445FFA89F14FEA194B4FEA192A0291F7
:10E3200075E705B0BDE8F08F11682160616841F0C4
:10E330007D51616031680029DED168E70C15042049
:10E34000781A04207C1A042000C00042C843002030
:10E3500000014001CC430020002A00F0DF800B4682
:10E36000010C2DE9F04F87B08146DFF8CCA1029176
:10E37000010A6B4F0191C1B26A4E6B4D6B4C039118
:10E380006B486168006841F07D519042616028BF30
:10E390001046DAF80010804641F00121654841F44A
:10E3A0008001006821EA000C2CF0785B4BF04050B3
:10E3B0002060396839B14FF0000C00BF0CF1010C3E
:10E3C00039688C45F9D30B21CDE90432FFF756FEAD
:10E3D0009DF80810FFF752FE9DF80410FFF74EFE5F
:10E3E0000399FFF74BFE616821F0006161603168BD
:10E3F000DDE90432002926D04BF048514FF0000CE3
:10E400009E46216000BF00BF00BF00BF00BF00BF2D
:10E4100000BF00BF00BF00BF00BF00BF00BF206043
:10E4200000BF00BF00BF00BF00BF00BF00BF00BFF4
:10E4300000BF00BF00BF00BF00BF0CF1010C33687C
:10E440006345DED87346B8F1000F59D04BF0485CF5
:10E45000194608EB030B03F1FF3E63468C460BF1B4
:10E46000FF3BCDE901894FF008084FF00009236018
:10E4700000BF00BF00BF00BF00BF00BF00BF00BFA4
:10E4800000BF00BF00BF00BF00BFA1682060C1F394
:10E49000C06141EA490900BF00BF00BF00BF00BF23
:10E4A00000BF00BF00BF00BF00BF00BF00BF00BF74
:10E4B000B8F10108DBD10EF8019FDE45D3D1DAF8BF
:10E4C00000106346DDE901892160616841F07D51FA
:10E4D0006160296829B1002100BF013128688142AB
:10E4E000FAD3B2EB080216D0C14443444FEA1941B3
:10E4F00002914FEA192101915FFA89F103913FE7F7
:10E50000DAF800102160616841F07D51616029688E
:10E510000029E0D134E707B0BDE8F08F704700BFB5
:10E52000781A0420D84300207C1A042000C000423E
:10E53000C8430020CC4300200C15042000B507225E
:10E540008E46DFF85CC04EFA02F39B0603F0806350
:10E55000034343F00071CCF80030CCF8001000BF4A
:10E5600000BF00BF00BF00BF00BF00BF00BF00BFB3
:10E5700000BF00BF00BF00BF00BFCCF8003000BF2D
:10E5800000BF00BF00BF00BF00BF00BF00BF00BF93
:10E5900000BF00BF00BF00BF00BF013AD3D200BD23
:10E5A00000C000422DE9F04F85B00092002A65D0EE
:10E5B000030A8046364D040C02938946C3B2354E99
:10E5C000DFF8E4A00393DAF80420334B42F07D52E5
:10E5D00032481968324BCAF80420324A1B68126864
:10E5E0001843009F20EA02008F4220F0785028BF95
:10E5F0000F4640F04050CAF800002A683AB10021A6
:10E6000000BF01312B689942FAD3254B1B680221C8
:10E610000193FFF793FFE1B2FFF790FF9DF8081019
:10E62000FFF78CFF0399FFF789FF019B4FB307EBBF
:10E63000090401979B4609F1FF37013C17F8011FB8
:10E64000FFF77CFFA742F9D1019FCAF800B03268FA
:10E650002AB1002200BF013233689A42FAD3009BEC
:10E66000DB1B00930AD0B844B9444FEA18234FEAA1
:10E67000184402935FFA88F30393A4E705B0BDE85A
:10E68000F08FCAF800303268002AE2D19BE700BF61
:10E69000781A04207C1A0420C8430020000140019D
:10E6A0000C150420CC43002000C000422DE9F04F9F
:10E6B00085B00192002A00F098800B468146C1B2D5
:10E6C000504A514F4FEA104B4FEA102A4F4E504CD0
:10E6D000029161684F4841F07D514F4D0068616083
:10E6E0000199814228BF0146884611680D434B4974
:10E6F000096825EA010525F0785545F0405020606D
:10E70000396839B14FF0000C00BF0CF1010C3968C9
:10E710008C45F9D303210393FFF710FF5FFA8BF1C8
:10E72000FFF70CFF5FFA8AF1FFF708FF0299FFF786
:10E7300005FF6168334A21F00061039B6160B8F115
:10E74000000F55D008EB030B45F0485503F1FF3A95
:10E750000BF1FF3B4FF0080C4FF0000E256000BF9F
:10E7600000BF00BF00BF00BF00BF00BF00BF00BFB1
:10E7700000BF00BF00BF00BF00BFA1682060C1F3A1
:10E78000C06141EA4E0E00BF00BF00BF00BF00BF26
:10E7900000BF00BF00BF00BF00BF00BF00BF00BF81
:10E7A00000BFBCF1010CD9D10AF801EFDA45D1D193
:10E7B00011682160616841F07D516160316829B163
:10E7C000002100BF013130688142FAD30199B1EBD9
:10E7D0000801019109D0C14443445FFA89F14FEA2D
:10E7E000194B4FEA192A029173E705B0BDE8F08F83
:10E7F00011682160616841F07D51616031680029D4
:10E80000DED166E70C150420781A04207C1A042057
:10E8100000C00042C843002000014001CC4300205A
:10E82000002A00F0E3800B46010C2DE9F04F87B081
:10E830008146DFF8D4A10291010A6D4F0191C1B266
:10E840006C4E6D4D6D4C03916D486168006841F0F0
:10E850007D519042616028BF1046DAF80010804672
:10E8600041F00121674841F48001006821EA000C71
:10E870002CF0785B4BF040502060396839B14FF094
:10E88000000C00BF0CF1010C39688C45F9D30B2149
:10E89000CDE90432FFF752FE9DF80810FFF74EFE57
:10E8A0009DF80410FFF74AFE0399FFF747FE6168E1
:10E8B00021F0006161603168DDE90432002928D06F
:10E8C0004BF048514FF0000C9E46216000BF00BF46
:10E8D00000BF00BF00BF00BF00BF00BF00BF00BF40
:10E8E00000BF00BF00BF00BF206000BF00BF00BF6F
:10E8F00000BF00BF00BF00BF00BF00BF00BF00BF20
:10E9000000BF00BF00BF0CF1010C33686345DCD8C9
:10E910007346B8F1000F5BD04BF0485C194608EB2A
:10E92000030B03F1FF3E63468C460BF1FF3BCDE941
:10E9300001894FF008084FF00009236000BF00BFB5
:10E9400000BF00BF00BF00BF00BF00BF00BF00BFCF
:10E9500000BF00BF00BF00BFA1682060C1F3C0615D
:10E9600041EA490900BF00BF00BF00BF00BF00BFB0
:10E9700000BF00BF00BF00BF00BF00BF00BF00BF9F
:10E98000B8F10108D9D10EF8019FDE45D1D1DAF8EE
:10E9900000106346DDE901892160616841F07D5125
:10E9A0006160296829B1002100BF013128688142D6
:10E9B000FAD3B2EB080216D0C14443444FEA1941DE
:10E9C00002914FEA192101915FFA89F103913BE726
:10E9D000DAF800102160616841F07D5161602968BA
:10E9E0000029E0D130E707B0BDE8F08F704700BFE5
:10E9F000781A0420D84300207C1A042000C000426A
:10EA0000C8430020CC4300200C15042000B5072289
:10EA10008E46DFF864C04EFA02F39B0603F0806373
:10EA2000034343F00071CCF80030CCF8001000BF75
:10EA300000BF00BF00BF00BF00BF00BF00BF00BFDE
:10EA400000BF00BF00BF00BF00BF00BF00BFCCF8C9
:10EA5000003000BF00BF00BF00BF00BF00BF00BF4D
:10EA600000BF00BF00BF00BF00BF00BF00BF00BFAE
:10EA700000BF013ACFD200BD00C000422DE9F04FE7
:10EA800085B00092002A65D0030A8046364D040CFA
:10EA900002938946C3B2354EDFF8E4A00393DAF857
:10EAA0000420334B42F07D5232481968324BCAF889
:10EAB0000420324A1B6812681843009F20EA0200B3
:10EAC0008F4220F0785028BF0F4640F04050CAF8DF
:10EAD00000002A683AB1002100BF01312B68994239
:10EAE000FAD3254B1B6802210193FFF78FFFE1B298
:10EAF000FFF78CFF9DF80810FFF788FF0399FFF7D9
:10EB000085FF019B4FB307EB090401979B4609F171
:10EB1000FF37013C17F8011FFFF778FFA742F9D133
:10EB2000019FCAF800B032682AB1002200BF01324A
:10EB300033689A42FAD3009BDB1B00930AD0B84497
:10EB4000B9444FEA18234FEA184402935FFA88F356
:10EB50000393A4E705B0BDE8F08FCAF8003032682F
:10EB6000002AE2D19BE700BF781A04207C1A042017
:10EB7000C8430020000140010C150420CC430020B4
:10EB800000C000422DE9F04F85B00192002A00F04C
:10EB90009C800B46534A010C534F4FEA102A534EA8
:10EBA000534C81465FFA80FB02916168514841F005
:10EBB0007D51514D006861600199814228BF014635
:10EBC000884611680D434D49096825EA010525F07D
:10EBD000785545F040502060396839B14FF0000C4D
:10EBE00000BF0CF1010C39688C45F9D30321039364
:10EBF000FFF70CFF9DF80810FFF708FF5FFA8AF196
:10EC0000FFF704FF5946FFF701FF6168354A21F01D
:10EC10000061039B6160B8F1000F59D008EB030B52
:10EC200045F0485503F1FF3A0BF1FF3B4FF0080C5C
:10EC30004FF0000E256000BF00BF00BF00BF00BF47
:10EC400000BF00BF00BF00BF00BF00BF00BF00BFCC
:10EC500000BF00BF00BFA1682060C1F3C06141EAEE
:10EC60004E0E00BF00BF00BF00BF00BF00BF00BF0F
:10EC700000BF00BF00BF00BF00BF00BF00BF00BF9C
:10EC800000BFBCF1010CD5D10AF801EFDA45CDD1B6
:10EC900011682160616841F07D516160316829B17E
:10ECA000002100BF013130688142FAD30199B1EBF4
:10ECB0000801019109D0C14443444FEA19414FEA88
:10ECC000192A5FFA89FB02916FE705B0BDE8F08F62
:10ECD00011682160616841F07D51616031680029EF
:10ECE000DED162E70C150420781A04207C1A042077
:10ECF00000C00042C843002000014001CC43002076
:10ED0000002A00F0EB800B46010C2DE9F04F87B094
:10ED10008146DFF8E4A10291010A714F0191C1B26D
:10ED2000704E714D714C039171486168006841F0FB
:10ED30007D519042616028BF1046DAF8001080468D
:10ED400041F001216B4841F48001006821EA000C88
:10ED50002CF0785B4BF040502060396839B14FF0AF
:10ED6000000C00BF0CF1010C39688C45F9D30B2164
:10ED7000CDE90432FFF74AFE9DF80810FFF746FE82
:10ED80009DF80410FFF742FE0399FFF73FFE61680C
:10ED900021F0006161603168DDE9043200292CD086
:10EDA0004BF048514FF0000C9E46216000BF00BF61
:10EDB00000BF00BF00BF00BF00BF00BF00BF00BF5B
:10EDC00000BF00BF00BF00BF00BF00BF206000BF8A
:10EDD00000BF00BF00BF00BF00BF00BF00BF00BF3B
:10EDE00000BF00BF00BF00BF00BF00BF00BF0CF1ED
:10EDF000010C33686345D8D87346B8F1000F5FD073
:10EE00004BF0485C194608EB030B03F1FF3E6346E9
:10EE10008C460BF1FF3BCDE901894FF008084FF01C
:10EE20000009236000BF00BF00BF00BF00BF00BFDC
:10EE300000BF00BF00BF00BF00BF00BF00BF00BFDA
:10EE400000BF00BFA1682060C1F3C06141EA490969
:10EE500000BF00BF00BF00BF00BF00BF00BF00BFBA
:10EE600000BF00BF00BF00BF00BF00BF00BF00BFAA
:10EE7000B8F10108D5D10EF8019FDE45CDD1DAF801
:10EE800000106346DDE901892160616841F07D5130
:10EE90006160296829B1002100BF013128688142E1
:10EEA000FAD3B2EB080216D0C14443444FEA1941E9
:10EEB00002914FEA192101915FFA89F1039133E739
:10EEC000DAF800102160616841F07D5161602968C5
:10EED0000029E0D128E707B0BDE8F08F704700BFF8
:10EEE000781A0420D84300207C1A042000C0004275
:10EEF000C8430020CC4300200C150420002A00F059
:10EF00008580030C2DE9F04F85B0804689469346F5
:10EF10000293030ADFF810A10193C3B23C4E3D4DAA
:10EF20003D4C039363683D4A43F07D533C4812686F
:10EF30006360DAF800305A4543EA0000394B28BFD5
:10EF40005A461B68174620EA030020F0785040F02C
:10EF50004050206033682BB1002200BF013233687B
:10EF60009A42FAD30221FAF789FA9DF80810FAF7C3
:10EF700085FA9DF80410FAF781FA0399FAF77EFAF8
:10EF8000002F39D007EB090E09F1FF3101970EF17F
:10EF9000FF3E11F801CF07224CFA02F39B0603F063
:10EFA0008063034343F000772360276000BF00BF06
:10EFB00000BF236000BF00BF00BF013AECD2714523
:10EFC000E7D1DAF80030019F23602B682BB10023D2
:10EFD00000BF01332A689342FAD3BBEB070B12D070
:10EFE000B844B9444FEA184302934FEA18230193F7
:10EFF0005FFA88F3039395E7DAF8003023602B6813
:10F00000002BE4D18EE705B0BDE8F08F704700BF5C
:10F01000781A04207C1A042000C00042C843002053
:10F0200000014001CC4300200C150420002A00F010
:10F030003381030B84462DE9F04F85B00C464FEA2F
:10F04000105816460393030A4FEA1049934D019353
:10F0500003099349009300F00F0392480293924BE7
:10F060005A68924F42F07D52D7F800E05A602A6801
:10F07000B6458F4F42F0012228BFB6463F6842F4A2
:10F08000800222EA070222F078521A600F683FB12C
:10F090004FF0000A00BF0AF1010A0F68BA45F9D320
:10F0A00042F0406A42F0606BC3F800A0C3F800B0C1
:10F0B00000BF00BF00BF00BFC3F800A000BF00BF7B
:10F0C00000BF00BF42F0005A42F0085BC3F800A046
:10F0D000C3F800B000BF00BF00BF00BFC3F800A06E
:10F0E00000BF00BF00BF00BF08F00F0A42EA8A6AF3
:10F0F0004AF0007BC3F800A0C3F800B000BF00BF17
:10F1000000BF00BFC3F800A000BF00BF00BF00BF2A
:10F1100009F00F0A42EA8A6A4AF0007BC3F800A0AD
:10F12000C3F800B000BF00BF00BF00BFC3F800A01D
:10F1300000BF00BF00BF00BF039F07F00F0A42EAF5
:10F140008A6A4AF0007BC3F800A0C3F800B000BF91
:10F1500000BF00BF00BFC3F800A000BF00BF00BFDA
:10F1600000BF019F07F00F0A42EA8A6A4AF0007B5B
:10F17000C3F800A0C3F800B000BF00BF00BF00BFCD
:10F18000C3F800A000BF00BF00BF00BF009F07F092
:10F190000F0A42EA8A6A4AF0007BC3F800A0C3F86B
:10F1A00000B000BF00BF00BF00BFC3F800A000BF99
:10F1B00000BF00BF00BF029F42EA876A4AF0007B9F
:10F1C000C3F800A0C3F800B000BF00BF00BF00BF7D
:10F1D000C3F800A000BF00BF00BF00BFBEF1000F1A
:10F1E00051D00EEB040A04F1FF3990460AF1FF3AC0
:10F1F00019F8012F120948EA826242F0007B1A6076
:10F20000C3F800B000BF00BF00BF00BF1A6000BF5E
:10F2100000BF00BF00BF99F8002002F00F0248EACB
:10F22000826242F0007B1A60C3F800B000BF00BFEA
:10F2300000BF00BF1A6000BF00BF00BF00BFD145C4
:10F24000D6D12A681A6002683AB14FF0000800BFB0
:10F2500008F1010802689045F9D3B6EB0E0618D004
:10F26000F44474444FEA1C324FEA1C5803924FEAAC
:10F270001C224FEA1C4901924FEA1C1200920CF02A
:10F280000F020292ECE62A681A600268002ADCD1BA
:10F29000E6E605B0BDE8F08F704700BF0C1504200E
:10F2A000781A04207C1A042000C00042C8430020C1
:10F2B000CC430020002A00F03F81030CDFF890C20D
:10F2C0002DE9F04F87B04FEA105982460F4605935B
:10F2D000030B9A4E15460493030ADFF878E2029373
:10F2E0000309019300F00F0395480393954B96494A
:10F2F0005A68096842F07D52A9425A6028BF2946DF
:10F30000924A8B463168126841F0012141F4800134
:10F3100021EA020121F078511960DCF8002032B1B5
:10F32000002400BF0134DCF800209442F9D341F0FE
:10F33000605241F068541A601C6000BF00BF00BFFB
:10F3400000BF1A6000BF00BF00BF00BF41F03052D5
:10F3500041F038541A601C6000BF00BF00BF00BFFE
:10F360001A6000BF00BF00BF00BF09F00F0241EAF2
:10F37000826242F000741A601C6000BF00BF00BFD0
:10F3800000BF1A6000BF00BF00BF00BF059A02F0B7
:10F390000F0241EA826242F000741A601C6000BFF2
:10F3A00000BF00BF00BF1A6000BF00BF00BF00BFAA
:10F3B000049A02F00F0241EA826242F000741A607D
:10F3C0001C6000BF00BF00BF00BF1A6000BF00BFCD
:10F3D00000BF00BF029A02F00F0241EA826242F0CF
:10F3E00000741A601C6000BF00BF00BF00BF1A603D
:10F3F00000BF00BF00BF00BF019A02F00F0241EA48
:10F40000826242F000741A601C6000BF00BF00BF3F
:10F4100000BF1A6000BF00BF00BF00BF039A41EAEF
:10F42000826242F000741A601C6000BF00BF00BF1F
:10F4300000BF1A6000BF00BF00BF00BF5A6822F0C3
:10F4400070525A60026892B141F000720024A846DE
:10F450001A6000BF00BF00BF00BF196000BF00BF3F
:10F4600000BF00BF01340568A542F1D84546BBF195
:10F47000000F53D00BEB070941F0007407F1FF3880
:10F48000CDF804B009F1FF391C6000BF00BF00BF18
:10F4900000BFD3F808B0196000BF00BF00BF00BFB5
:10F4A0001C6000BF00BF00BF00BF9A68196000BFAA
:10F4B00000BF00BF00BF4FEA9B6BC2F3836242EA0A
:10F4C0000B1208F8012FC845DED13268DDF804B010
:10F4D0001A605A6842F07D525A60DEF8002032B15C
:10F4E000002100BF0131DEF800209142F9D3B5EBD5
:10F4F0000B051ED0DA445F444FEA1A424FEA1A590C
:10F5000005924FEA1A3204924FEA1A2202924FEA07
:10F510001A1201920AF00F020392E8E632681A60AA
:10F520005A6842F07D525A60DEF80020002AD7D196
:10F53000DDE607B0BDE8F08F704700BF0C15042072
:10F54000D043002000C00042C8430020CC4300202C
:10F55000781A04207C1A042000B507228E46DFF8B2
:10F560006CC04EFA02F39B0603F08063034343F042
:10F570000071CCF80030CCF8001000BF00BF00BF15
:10F5800000BF00BF00BF00BF00BF00BF00BF00BF83
:10F5900000BF00BF00BF00BF00BF00BF00BFCCF86E
:10F5A000003000BF00BF00BF00BF00BF00BF00BFF2
:10F5B00000BF00BF00BF00BF00BF00BF00BF00BF53
:10F5C00000BF00BF00BF013ACBD200BD00C0004267
:10F5D0002DE9F04F85B00092002A65D0030A8046DD
:10F5E000364D040C02938946C3B2354EDFF8E4A0D1
:10F5F0000393DAF80420334B42F07D523248196805
:10F60000324BCAF80420324A1B6812681843009F24
:10F6100020EA02008F4220F0785028BF0F4640F0C9
:10F620004050CAF800002A683AB1002100BF0131F9
:10F630002B689942FAD3254B1B6802210193FFF7EF
:10F640008BFFE1B2FFF788FF9DF80810FFF784FFFA
:10F650000399FFF781FF019B4FB307EB0904019763
:10F660009B4609F1FF37013C17F8011FFFF774FFB4
:10F67000A742F9D1019FCAF800B032682AB100222E
:10F6800000BF013233689A42FAD3009BDB1B009320
:10F690000AD0B844B9444FEA18234FEA18440293F9
:10F6A0005FFA88F30393A4E705B0BDE8F08FCAF8CA
:10F6B00000303268002AE2D19BE700BF781A0420AC
:10F6C0007C1A0420C8430020000140010C150420CE
:10F6D000CC43002000C000422DE9F04F85B00192DC
:10F6E000002A00F0A0800B46554A010C554F4FEA06
:10F6F000102A554E554C81465FFA80FB0291616895
:10F70000534841F07D51534D006861600199814239
:10F7100028BF0146884611680D434F49096825EA0C
:10F72000010525F0785545F040502060396839B121
:10F730004FF0000C00BF0CF1010C39688C45F9D377
:10F7400003210393FFF708FF9DF80810FFF704FF5C
:10F750005FFA8AF1FFF700FF5946FFF7FDFE616887
:10F76000374A21F00061039B6160B8F1000F5DD062
:10F7700008EB030B45F0485503F1FF3A0BF1FF3B53
:10F780004FF0080C4FF0000E256000BF00BF00BF17
:10F7900000BF00BF00BF00BF00BF00BF00BF00BF71
:10F7A00000BF00BF00BF00BF00BF00BF00BFA16817
:10F7B0002060C1F3C06141EA4E0E00BF00BF00BF30
:10F7C00000BF00BF00BF00BF00BF00BF00BF00BF41
:10F7D00000BF00BF00BF00BF00BF00BF00BFBCF143
:10F7E000010CD1D10AF801EFDA45C9D111682160C5
:10F7F000616841F07D516160316829B1002100BF2D
:10F80000013130688142FAD30199B1EB08010191CD
:10F8100009D0C14443444FEA19414FEA192A5FFA1B
:10F8200089FB02916BE705B0BDE8F08F116821609C
:10F83000616841F07D51616031680029DED15EE789
:10F840000C150420781A04207C1A042000C0004201
:10F85000C843002000014001CC430020002A00F0F2
:10F86000F3800B46010C2DE9F04F87B08146DFF89D
:10F87000F4A10391010A754F0291C1B2744E754D06
:10F88000754C019175486168006841F07D51904266
:10F89000616028BF1046DAF80010804641F001216F
:10F8A0006F4841F48001006821EA000C2CF0785B7D
:10F8B0004BF040502060396839B14FF0000C00BF68
:10F8C0000CF1010C39688C45F9D30B21CDE90432D8
:10F8D000FFF742FE9DF80C10FFF73EFE9DF8081062
:10F8E000FFF73AFE0199FFF737FE616821F00061EA
:10F8F00061603168DDE90432002930D04BF04851B5
:10F900004FF0000C9E46216000BF00BF00BF00BF4B
:10F9100000BF00BF00BF00BF00BF00BF00BF00BFEF
:10F9200000BF00BF00BF00BF00BF00BF206000BF1E
:10F9300000BF00BF00BF00BF00BF00BF00BF00BFCF
:10F9400000BF00BF00BF00BF00BF00BF00BF00BFBF
:10F9500000BF0CF1010C33686345D4D87346B8F18D
:10F96000000F63D04BF0485C194608EB030B03F122
:10F97000FF3E63468C460BF1FF3BCDE901894FF01A
:10F9800008084FF00009236000BF00BF00BF00BFA0
:10F9900000BF00BF00BF00BF00BF00BF00BF00BF6F
:10F9A00000BF00BF00BF00BF00BF00BFA168206054
:10F9B000C1F3C06141EA490900BF00BF00BF00BFF9
:10F9C00000BF00BF00BF00BF00BF00BF00BF00BF3F
:10F9D00000BF00BF00BF00BF00BF00BFB8F10108FB
:10F9E000D1D10EF8019FDE45C9D1DAF80010634687
:10F9F000DDE901892160616841F07D51616029681C
:10FA000029B1002100BF013128688142FAD3B2EB4D
:10FA1000080216D0C14443444FEA194103914FEA0A
:10FA2000192102915FFA89F101912BE7DAF80010B0
:10FA30002160616841F07D51616029680029E0D151
:10FA400020E707B0BDE8F08F704700BF781A0420A8
:10FA5000D84300207C1A042000C00042C843002084
:10FA6000CC4300200C15042000B507228E46DFF899
:10FA700074C04EFA02F39B0603F08063034343F025
:10FA80000071CCF80030CCF8001000BF00BF00BF00
:10FA900000BF00BF00BF00BF00BF00BF00BF00BF6E
:10FAA00000BF00BF00BF00BF00BF00BF00BF00BF5E
:10FAB00000BFCCF8003000BF00BF00BF00BF00BFD8
:10FAC00000BF00BF00BF00BF00BF00BF00BF00BF3E
:10FAD00000BF00BF00BF00BF00BF00BF00BF013AB2
:10FAE000C7D200BD00C000422DE9F04F85B00092A2
:10FAF000002A65D0030A8046364D040C02938946DD
:10FB0000C3B2354EDFF8E4A00393DAF80420334B98
:10FB100042F07D5232481968324BCAF80420324A0A
:10FB20001B6812681843009F20EA02008F4220F0F1
:10FB3000785028BF0F4640F04050CAF800002A68AD
:10FB40003AB1002100BF01312B689942FAD3254B0D
:10FB50001B6802210193FFF787FFE1B2FFF784FFE3
:10FB60009DF80810FFF780FF0399FFF77DFF019BC9
:10FB70004FB307EB090401979B4609F1FF37013C9E
:10FB800017F8011FFFF770FFA742F9D1019FCAF8CC
:10FB900000B032682AB1002200BF013233689A42B5
:10FBA000FAD3009BDB1B00930AD0B844B9444FEA58
:10FBB00018234FEA184402935FFA88F30393A4E7EB
:10FBC00005B0BDE8F08FCAF800303268002AE2D1F3
:10FBD0009BE700BF781A04207C1A0420C843002049
:10FBE000000140010C150420CC43002000C000425D
:10FBF0002DE9F04F85B00192002A00F0A4800B4659
:10FC0000574A010C574F4FEA102A574E574C81461E
:10FC10005FFA80FB02916168554841F07D51554D76
:10FC2000006861600199814228BF014688461168D9
:10FC30000D435149096825EA010525F0785545F03D
:10FC400040502060396839B14FF0000C00BF0CF112
:10FC5000010C39688C45F9D303210393FFF704FFA6
:10FC60009DF80810FFF700FF5FFA8AF1FFF7FCFE2E
:10FC70005946FFF7F9FE6168394A21F00061039B9C
:10FC80006160B8F1000F61D008EB030B45F04855F7
:10FC900003F1FF3A0BF1FF3B4FF0080C4FF0000E61
:10FCA000256000BF00BF00BF00BF00BF00BF00BF96
:10FCB00000BF00BF00BF00BF00BF00BF00BF00BF4C
:10FCC00000BF00BF00BF00BF00BFA1682060C1F33C
:10FCD000C06141EA4E0E00BF00BF00BF00BF00BFC1
:10FCE00000BF00BF00BF00BF00BF00BF00BF00BF1C
:10FCF00000BF00BF00BF00BF00BF00BF00BFBCF11E
:10FD0000010CCDD10AF801EFDA45C5D111682160A7
:10FD1000616841F07D516160316829B1002100BF07
:10FD2000013130688142FAD30199B1EB08010191A8
:10FD300009D0C14443444FEA19414FEA192A5FFAF6
:10FD400089FB029167E705B0BDE8F08F116821607B
:10FD5000616841F07D51616031680029DED15AE768
:10FD60000C150420781A04207C1A042000C00042DC
:10FD7000C843002000014001CC430020002A00F0CD
:10FD8000FB800B46010C2DE9F04F87B08146DFF870
:10FD900004A20391010A794F0291C1B2784E794DC4
:10FDA000794C019179486168006841F07D51904239
:10FDB000616028BF1046DAF80010804641F001214A
:10FDC000734841F48001006821EA000C2CF0785B54
:10FDD0004BF040502060396839B14FF0000C00BF43
:10FDE0000CF1010C39688C45F9D30B21CDE90432B3
:10FDF000FFF73AFE9DF80C10FFF736FE9DF808104D
:10FE0000FFF732FE0199FFF72FFE616821F00061D4
:10FE100061603168DDE90432002934D04BF048518B
:10FE20004FF0000C9E46216000BF00BF00BF00BF26
:10FE300000BF00BF00BF00BF00BF00BF00BF00BFCA
:10FE400000BF00BF00BF00BF00BF00BF00BF00BFBA
:10FE5000206000BF00BF00BF00BF00BF00BF00BFE9
:10FE600000BF00BF00BF00BF00BF00BF00BF00BF9A
:10FE700000BF00BF00BF00BF00BF0CF1010C336822
:10FE80006345D0D87346B8F1000F67D04BF0485C9B
:10FE9000194608EB030B03F1FF3E63468C460BF15A
:10FEA000FF3BCDE901894FF008084FF000092360BE
:10FEB00000BF00BF00BF00BF00BF00BF00BF00BF4A
:10FEC00000BF00BF00BF00BF00BF00BF00BF00BF3A
:10FED00000BF00BF00BF00BFA1682060C1F3C061C8
:10FEE00041EA490900BF00BF00BF00BF00BF00BF1B
:10FEF00000BF00BF00BF00BF00BF00BF00BF00BF0A
:10FF000000BF00BF00BF00BF00BF00BFB8F10108C5
:10FF1000CDD10EF8019FDE45C5D1DAF80010634659
:10FF2000DDE901892160616841F07D5161602968E6
:10FF300029B1002100BF013128688142FAD3B2EB18
:10FF4000080216D0C14443444FEA194103914FEAD5
:10FF5000192102915FFA89F1019123E7DAF8001083
:10FF60002160616841F07D51616029680029E0D11C
:10FF700018E707B0BDE8F08F704700BF781A04207B
:10FF8000D84300207C1A042000C00042C84300204F
:10FF9000CC4300200C1504202DE9F04F89B00192CC
:10FFA000002A00F0EB80020B8146030D8B4606927F
:10FFB000020A7A4F4FEA104A04920209784E0392DD
:10FFC00000F00F02DFF8EC81764C0793059263682E
:10FFD000754A43F07D5311686360744B019A186849
:10FFE0008A42734B40F0012028BF0A46196840F44A
:10FFF000800020EA010020F078552560396839B189
:02000004600199
:100000004FF0000C00BF0CF1010C3B689C45F9D38C
:1000100045F0605145F0685302922160236000BFB3
:1000200000BF00BF00BF00BF216000BF00BF00BF16
:1000300000BF00BF45F0305145F0385321602360C8
:1000400000BF00BF00BF00BF00BF216000BF00BFF6
:1000500000BF00BF00BF079B284603F00F01F8F761
:1000600065FD0AF00F012846F8F760FD069B28465B
:1000700003F00F01F8F75AFD049B284603F00F0127
:10008000F8F754FD039B284603F00F01F8F74EFDE7
:1000900005992846F8F74AFD6168029A21F07051E7
:1000A00061603168A1B145F000734FF0000C23602E
:1000B00000BF00BF00BF00BF00BF256000BF00BF82
:1000C00000BF00BF00BF0CF1010C31686145EED8E4
:1000D000002A56D002EB0B0A45F000730BF1FF3CEF
:1000E0000AF1FF3A236000BF00BF00BF00BF00BF9E
:1000F000A068256000BF00BF00BF00BF00BF236035
:1001000000BF00BF00BF00BF00BFA168256000BFE7
:1001100000BF00BF00BF00BF800EC1F3836141EA92
:1001200000110CF8011FD445DCD1204B1968216067
:10013000616841F07D516160D8F8001031B1002153
:1001400000BF0131D8F800309942F9D3019B9B1AC6
:10015000019313D0914493444FEA19534FEA194A3B
:1001600007934FEA193306934FEA192304934FEA92
:100170001913039309F00F03059328E709B0BDE8AD
:10018000F08F0A4B19682160616841F07D51616010
:10019000D8F800100029D2D119E700BF781A04203E
:1001A000D043002000C00042C84300200C150420AA
:1001B000CC4300207C1A04202DE9F04F7E4C92465F
:1001C00083B0054622780E469B46002A40F0AB805D
:1001D0007A4994467A4F4FF0FF3488460B46BE4624
:1001E00001919A6C002A54D0DEE90002854276EB38
:1001F00002090CD3611C09D007EBC40957F834106D
:10020000D9F80490814279EB020900D264460CF1DE
:10021000010C50330EF1080EBCF1040FE1D1601C4B
:10022000019927D100236748AC46B6468A6C002A5C
:1002300066D0621C40F0B580032B03F1010414D09A
:10024000D1F898205031002A57D050F82450621C21
:1002500050F823605031B5425CD2032C234656D06F
:100260008D6C002D4BD01446EFE7654676461C4654
:10027000631C09D004EB84034FEA840908EB0313E1
:10028000986C50B1002E74D04FF0FF3003B0BDE831
:10029000F08FDA6C002AA7D1B9E7D86C0028F3D028
:1002A0002A4633460DF0A2F80028EDD009EB0403EE
:1002B00008EB0318D8F8480000284DD05A4651469C
:1002C0000EF0E6FA20EAE0735D1946EBE3763E4A6B
:1002D0000C9B47F8345007EBC407834213684FF078
:1002E000FF30384903F10103D8BF00207E6013605E
:1002F00041F8243003B0BDE8F08F22461C46134677
:10030000CA6C002A95D101335031042B8ED1654639
:100310007646ADE7032C04F10102A6D08C6C002CCC
:10032000ECD0144691E7294CA06C78B30029ABD1EE
:1003300029460EF0CFFB0028A6D0A06CF8B15A4693
:1003400051460EF0A5FA0C9B83424FF0FF30D8BF08
:10035000002003B0BDE8F08FD8F84C0028B35A460F
:1003600051460CF063FF20EAE0735D1946EBE3763B
:10037000ADE729460EF0AEFB002885D096E7E06C8D
:10038000B0B15A4651460CF051FFDCE7E06C002852
:100390003FF47AAF2A460B460DF028F80028CCD15E
:1003A00072E71A46234614464FE74FF0FF308EE7B8
:1003B0004FF0FF30C7E700BF7CF70420E8110420AE
:1003C00080050220FC1A0420F81A0420E00B042007
:1003D00000B507228E46DFF884C04EFA02F39B0672
:1003E00003F08063034343F00071CCF80030CCF895
:1003F000001000BF00BF00BF00BF00BF00BF00BFB4
:1004000000BF00BF00BF00BF00BF00BF00BF00BFF4
:1004100000BF00BF00BF00BF00BF00BF00BF00BFE4
:1004200000BFCCF8003000BF00BF00BF00BF00BF5E
:1004300000BF00BF00BF00BF00BF00BF00BF00BFC4
:1004400000BF00BF00BF00BF00BF00BF00BF00BFB4
:1004500000BF00BF00BF013ABFD200BD00C00042D4
:100460002DE9F04F85B00092002A65D0030A80463E
:10047000364D040C02938946C3B2354EDFF8E4A032
:100480000393DAF80420334B42F07D523248196866
:10049000324BCAF80420324A1B6812681843009F86
:1004A00020EA02008F4220F0785028BF0F4640F02B
:1004B0004050CAF800002A683AB1002100BF01315B
:1004C0002B689942FAD3254B1B6802210193FFF751
:1004D0007FFFE1B2FFF77CFF9DF80810FFF778FF80
:1004E0000399FFF775FF019B4FB307EB09040197D1
:1004F0009B4609F1FF37013C17F8011FFFF768FF22
:10050000A742F9D1019FCAF800B032682AB100228F
:1005100000BF013233689A42FAD3009BDB1B009381
:100520000AD0B844B9444FEA18234FEA184402935A
:100530005FFA88F30393A4E705B0BDE8F08FCAF82B
:1005400000303268002AE2D19BE700BF781A04200D
:100550007C1A0420C8430020000140010C1504202F
:10056000CC43002000C000422DE9F04F85B001923D
:10057000002A00F0AC800B465B4A010C5B4F4FEA4F
:10058000102A5B4E5B4C81465FFA80FB02916168EA
:10059000594841F07D51594D00686160019981428F
:1005A00028BF0146884611680D435549096825EA68
:1005B000010525F0785545F040502060396839B183
:1005C0004FF0000C00BF0CF1010C39688C45F9D3D9
:1005D00003210393FFF7FCFE9DF80810FFF7F8FED8
:1005E0005FFA8AF1FFF7F4FE5946FFF7F1FE616802
:1005F0003D4A21F00061039B6160B8F1000F69D0B2
:1006000008EB030B45F0485503F1FF3A0BF1FF3BB4
:100610004FF0080C4FF0000E256000BF00BF00BF78
:1006200000BF00BF00BF00BF00BF00BF00BF00BFD2
:1006300000BF00BF00BF00BF00BF00BF00BF00BFC2
:1006400000BF00BF00BF00BF00BFA1682060C1F3B2
:10065000C06141EA4E0E00BF00BF00BF00BF00BF37
:1006600000BF00BF00BF00BF00BF00BF00BF00BF92
:1006700000BF00BF00BF00BF00BF00BF00BF00BF82
:1006800000BF00BF00BFBCF1010CC5D10AF801EFEB
:10069000DA45BDD111682160616841F07D5161602A
:1006A000316829B1002100BF013130688142FAD39D
:1006B0000199B1EB0801019109D0C14443444FEACB
:1006C00019414FEA192A5FFA89FB02915FE705B0E9
:1006D000BDE8F08F11682160616841F07D51616073
:1006E00031680029DED152E70C150420781A042065
:1006F0007C1A042000C00042C843002000014001D1
:10070000CC430020002A00F00B810B46010C2DE9A0
:10071000F04F87B08146DFF824A20291010A814F91
:100720000391C1B2804E814D814C01918148616835
:10073000006841F07D519042616028BF1046DAF8B0
:100740000010804641F001217B4841F4800100689F
:1007500021EA000C2CF0785B4BF0405020603968A7
:1007600039B14FF0000C00BF0CF1010C39688C4519
:10077000F9D30B21CDE90432FFF72AFE9DF80810CA
:10078000FFF726FE9DF80C10FFF722FE0199FFF7F8
:100790001FFE616821F0006161603168DDE90432AB
:1007A00000293CD04BF048514FF0000C9E46216090
:1007B00000BF00BF00BF00BF00BF00BF00BF00BF41
:1007C00000BF00BF00BF00BF00BF00BF00BF00BF31
:1007D00000BF00BF00BF00BF00BF00BF00BF00BF21
:1007E000206000BF00BF00BF00BF00BF00BF00BF50
:1007F00000BF00BF00BF00BF00BF00BF00BF00BF01
:1008000000BF00BF00BF00BF00BF00BF00BF00BFF0
:1008100000BF0CF1010C33686345C8D87346B8F1CA
:10082000000F6FD04BF0485C194608EB030B03F147
:10083000FF3E63468C460BF1FF3BCDE901894FF04B
:1008400008084FF00009236000BF00BF00BF00BFD1
:1008500000BF00BF00BF00BF00BF00BF00BF00BFA0
:1008600000BF00BF00BF00BF00BF00BF00BF00BF90
:1008700000BF00BF00BF00BFA1682060C1F3C0611E
:1008800041EA490900BF00BF00BF00BF00BF00BF71
:1008900000BF00BF00BF00BF00BF00BF00BF00BF60
:1008A00000BF00BF00BF00BF00BF00BF00BF00BF50
:1008B00000BF00BFB8F10108C5D10EF8019FDE45A9
:1008C000BDD1DAF800106346DDE901892160616875
:1008D00041F07D516160296829B1002100BF0131DB
:1008E00028688142FAD3B2EB080216D0C1444344CF
:1008F0004FEA194102914FEA192103915FFA89F1F8
:10090000019113E7DAF800102160616841F07D5130
:10091000616029680029E0D108E707B0BDE8F08FE1
:10092000704700BF781A0420D84300207C1A0420A6
:1009300000C00042C8430020CC4300200C15042016
:10094000002A00F0F380030D2DE9F04F87B09146A7
:1009500007468A460593030C754A0493030B754DAD
:100960000393030A744E01930309744C009300F03F
:100970000F030293724B6168186841F07D51714B0F
:100980004845616028BF484619688046106840F0B5
:10099000012040F4800020EA010020F0785BC4F8D8
:1009A00000B0296839B14FF0000C00BF0CF1010C08
:1009B0002B689C45F9D34BF040614BF0606321609C
:1009C000236000BF00BF00BF00BF00BF216000BFA9
:1009D00000BF00BF00BF00BF4BF000514BF00853F9
:1009E0002160236000BF00BF00BF00BF00BF2160C7
:1009F00000BF00BF00BF00BF00BF059B584603F00B
:100A00000F01F8F793F8049B584603F00F01F8F72D
:100A10008DF8039B584603F00F01F8F787F8019B08
:100A2000584603F00F01F8F781F8009B03F00F011F
:100A30004BEA816141F000732160236000BF00BF79
:100A400000BF00BF00BF216000BF00BF00BF00BFEC
:100A500000BF029B4BEA836141F000732160236079
:100A600000BF00BF00BF00BF00BF216000BF00BFCC
:100A700000BF00BF00BF2E4AB8F1000F4DD008EBF9
:100A80000A0E0AF1FF3C0EF1FF3E1CF8013F1B0964
:100A90004BEA836343F000712360216000BF00BF15
:100AA00000BF00BF00BF236000BF00BF00BF00BF8A
:100AB00000BF9CF8003003F00F034BEA836343F060
:100AC00000712360216000BF00BF00BF00BF00BFF6
:100AD000236000BF00BF00BF00BF00BFF445D4D1FA
:100AE00011682160316829B1002100BF01313368EC
:100AF0009942FAD3B9EB080915D04744C2443B0DDB
:100B000005933B0C04933B0B03933B0A01933B0976
:100B1000009307F00F0302932CE7116821603168FE
:100B20000029E1D126E707B0BDE8F08F704700BF8C
:100B30000C150420781A04207C1A042000C00042FE
:100B4000C8430020CC430020002A00F09E801346BA
:100B5000020C2DE9F04F8B4685B0010A81464B4EC1
:100B600002270091C1B24A4D4A4C01914A4861683E
:100B7000006841F07D519842616028BF184647499E
:100B80008046D1F800A0464846494AEA0000096874
:100B900020EA010020F0785040F040502060316899
:100BA00051B14FF0000C00BF0CF1010C31688C45C5
:100BB000F9D33A49D1F800A04FF0070C47FA0CF1ED
:100BC0000CF1FF3C8906BCF1FF3F01F0806141EA76
:100BD000000141F0007E2160C4F800E02160EDD109
:100BE000D1B203930292F7F7E9FF9DF80010F7F7EF
:100BF000E5FF0199F7F7E2FFDDE90223B8F1000F05
:100C00003AD008EB0B0E0BF1FF31CDF804800EF15A
:100C1000FF3E11F8018F4FF0070C009148FA0CF2DB
:100C20000CF1FF3C9206BCF1FF3F02F0806242EA09
:100C3000000242F00071226021602260EED1009932
:100C40007145E6D1DDF80480C4F800A02A682AB115
:100C5000002200BF013229688A42FAD3B3EB0803AD
:100C600010D0C144C3444FEA19214FEA1942009100
:100C70005FFA89F1019179E7C4F800A02968002999
:100C8000E6D173E705B0BDE8F08F7047781A04200D
:100C90007C1A042000C00042C84300200C15042028
:100CA00000014001CC4300202DE9F041DFF83880FD
:100CB000D8F800408CB111F05FFE094D0746094E8F
:100CC00005E011F059FE3368C01B984205D2286830
:100CD000A0470028F5D1C8F80000BDE8F08100BFAA
:100CE000EC1A0420CC0B0420F41A04201A4B1B78B5
:100CF0005BB370B5194D0E4601461446A86C68B139
:100D00000DF0E8FE78B1A86C80B1224631460DF0B6
:100D1000BFFD201A18BF4FF0FF3070BDD5F84CC092
:100D2000BCF1000F09D14FF0FF3070BDE86C78B115
:100D3000224631460CF07AFAEBE703460A46604653
:100D40000CF054FB0028DED1EDE74FF0FF30704788
:100D50004FF0FF30DDE700BF79F70420300C0420AE
:100D6000194B1B7863B370B5184D0E4601461446F7
:100D7000A86C68B10DF0AEFE78B1A86C80B12246C7
:100D800031460EF083F8201A18BF4FF0FF3070BDC7
:100D9000D5F84CC0BCF1000F0AD14FF0FF3070BD48
:100DA000E86C0028EFD0224631460DF099F8EAE7CA
:100DB00003460A4660460CF019FB0028DDD1ECE73B
:100DC0004FF0FF30704700BF79F70420300C04204B
:100DD00008B5094B1B7863B1084B986C18B10DF03E
:100DE0003DFF013808BDD86C18B10CF02BFF01385D
:100DF00008BD4FF0FF3008BD79F70420300C042007
:100E0000014BD3E90001704778050220014B1868B7
:100E1000C00570471015042010B511F0ADFDDFF8C6
:100E200044C003460E4ADCF800409C42D2E900016F
:100E300001D9013151601818CCF8003041F100019E
:100E400013F082FB9FED047B41EC100B20EE070BAF
:100E500010BD00BFAFF300808DEDB5A0F7C6B03E6A
:100E6000A00502203C2B04200FB400B5BFB0F02138
:100E700040AB02A853F8042B019314F035FD02A8EF
:100E800015F026FC014602A812F0FEFF034811F0FF
:100E90006BFB3FB05DF804EB04B07047B04300203B
:100EA00091ED007BF0B50C4605462DED0A8BD1E99E
:100EB000160193B0B0EE40CA57EC176B13F044FB29
:100EC00094ED029B9FED347B41EC180BB5EEC09B7B
:100ED00028EE078BF1EE10FA5ADD88EE09AB324BA3
:100EE0001B681093314B1B680F93314B1B680E939B
:100EF000D4E906239FED2ABBCDE90C23D4E90423D2
:100F0000CDE90A23D4E91A0113F01EFB41EC170BBB
:100F100027EE0B7B8DED087BD4E9180113F014FB51
:100F200032463B4641EC170B27EE0B7B2946214806
:100F30008DED04AB8DED029B8DED067B8DED008B71
:100F4000FFF792FFB7EECC0A29461B48D4E91423D9
:100F50008DED0C0BCDE90A23D4E91223CDE908234A
:100F6000D4E91023CDE90623D4E90E23CDE90423E7
:100F7000D4E90C23CDE90223D4E90A23CDE90023E7
:100F8000D4E90823FFF770FF13B0BDEC0A8BF0BD66
:100F9000B0EE48ABA3E700BF000000000000B03E89
:100FA000000000000000503FF01A0420101B042035
:100FB0000C1B042038230020FC230020000000002C
:100FC0002DE9F04F0023824C4FF4806281492DEDD2
:100FD000108BD5B023701A900AF020F8041E40F34D
:100FE0005C827D4B196A7D4B1B6823448B4200F366
:100FF000DD801A9D284615F06BFB4FF480530146A7
:10100000774A2846F9F7E0FC764A744B12681B6869
:10101000002A40F0C980744A71494FF0000B7348B0
:10102000009222466B4DFFF71FFF0B21704812F014
:101030002BFF2020D9460BF1010B12F011FF55F8C0
:10104000041B6C4811F084FA5C45F2D1694811F038
:101050008BFA00232793634B1968002940F0DA804C
:101060009FED6B9A884622919FED578BCDE9201119
:10107000B0EE48CBB0EE48DBB0EE48BBB0EE48ABCC
:10108000564B1B685B44984580F2F081209B4E468E
:10109000B0EE4AEB2BAD013329ACA3EB0807DDE939
:1010A000219A1C970F465AE01C9B38A843441F9373
:1010B00009F0EEFEC3454E9B9DED383B9DED3A4B4E
:1010C0009DED3C5BC8BF3EEE03EB19EB03033AEE2C
:1010D00003AB99464F9B3BEE04BB3DEE05DB4AEB71
:1010E000030A9DED3E6B9DED4C7B3CEE06CB38EE4E
:1010F000078B11F099FEF0EE409A27AADDED2B0A3E
:101100003B4602925946F4EEC99A299A9DED2A0A65
:101110000192F1EE10FA289A1A980092424639FE8E
:10112000899AFAF73FF84346334A18212CA814F05D
:101130002DFBB0EE690A38A92CA8FFF7B1FE464591
:10114000289F08F1010804DC234B9B6ABB4200F096
:10115000DC81224B1B685B44434540F3A981C345B6
:1011600002DD1C4B53F8287009F08AFE2AAB28AA2E
:1011700041463846CDE900450AF076FB002893D079
:10118000134C2378002B00F0B48141461B48FFF735
:101190006BFE41461A48FFF767FE0023237055B0E7
:1011A000BDEC108BBDE8F08F164A35E71648FFF707
:1011B0005BFE164855B0BDEC108BBDE8F04FFFF755
:1011C00053BE00BFAFF3008000000000000000002D
:1011D00073F70420B8A9042018040220C04300209B
:1011E000B8790420E043002074240020F424002077
:1011F000A0160020B043002050260020DC2500204F
:101200006825002058240020B4240020E024002079
:1012100000007AC409F068FE3F2840F37B81402338
:10122000239300231FED069A9FEDBD8B1C93209303
:10123000B0EE48CBB0EE48DBB0EE48BBB0EE48AB0A
:10124000CDE92133CDE924391C9E2399ABEB06036C
:1012500034468B42A8BF0B461D461F9309F010FE73
:10126000B54BB648324602932946B54B00EB860093
:101270000193B44B0093B44B0BF0D6FB002840F025
:101280002A81209B38A80133209309F001FE219A7E
:101290004E9BD318229A21934F9B9DED383B9DED99
:1012A0003A4B9DED3C5B9DED3E6B9DED4C7B42EBE7
:1012B00003033AEE03AB3BEE04BB22933DEE05DBAA
:1012C0003CEE06CB38EE078B11F0AEFDB4EEC90A4A
:1012D0001F9BF0EE409AF1EE10FA30FE099A002BB7
:1012E00040F3C0801C9B994D1F9A05EB8305DFF8E6
:1012F0005892DFF8508202EB030A914F8E4E27AAD4
:10130000F6EC010AB8EC010A55F8043F02922246B5
:1013100059F8041B01341A98009157F8041B0191E5
:101320005946F9F73FFF5445E9D10AF1FF33884A9E
:1013300030212CA800931C9B14F028FAB0EE690A07
:1013400038A92CA8FFF7ACFDDA4505D11F9B7E4AD2
:10135000013B52F8233024931C9B239A13445B4592
:101360001C93FFF671AF7B4BDDE924199B6A8B421E
:1013700040F02C81B0EE4AEB27990023764A535473
:1013800010464FF48043754AF9F71EFB73497448C1
:10139000FFF76AFDDDED207AB8EEE77B8AEE077B8A
:1013A0008DED1A7BDDE9210113F0CEF86D4E6E4D07
:1013B0006E4C9FED5D6B41EC1F0B9DED1A7B2FEE8C
:1013C000066B20996A4853EC1A2B8DED027B8DED4C
:1013D000046B8DED00EB8DED1C6BFFF745FD336865
:1013E0002A6864482168FFF73FFDB5EEC0BB624B39
:1013F0009FED4F7BF1EE10FA1A68604B2FEE077BE2
:101400001B689DED1C6B01DD87EE0B7B2099009125
:10141000B7EEC99A8DED12DB8DED108B3168169108
:101420005946286824681590149455488DED0A7B18
:101430009DED1A7B8DED0ECB8DED0CBB8DED086B0C
:101440008DED067B8DED04EB8DED02AB8DED189BE4
:10145000FFF70AFD4B4855B0BDEC108BBDE8F04FCF
:10146000FFF702BD1C9A03EB020A5EE727990023EF
:10147000394A535410464FF48043384AF9F7A4FAD6
:1014800036493748FFF7F0FC209B002B40F0A08046
:10149000B0EE4AEB8DED1AAB84E73B48FFF7E4FC76
:1014A0003A4855B0BDEC108BBDE8F04FFFF7DCBCFF
:1014B00027990023284A1F9E535410464FF4804317
:1014C000264ACDE9219AF9F77FFA24492448FFF703
:1014D000CBFC20965EE72E4C2378002B62D02D4863
:1014E000FFF7C2FC1C992C48FFF7BEFC00232370B9
:1014F00055E609F0C1FC414602462848FFF7B4FC16
:1015000041462748FFF7B0FC49E61F9ECDE9219AE6
:10151000209631E709F0E8FC239082E6AFF30080E3
:101520000000000000000000000000000000103E6D
:10153000000000000000B03EB8380420B8A9042024
:10154000B8360420B8370420B8350420B4A90420E4
:10155000CC25002018040220B8890420B8390420C2
:1015600058260020F01A0420101B04200C1B042015
:1015700068260020C8260020C0430020E043002049
:10158000282700200028002088240020A0240020F4
:1015900073F704202C250020682500201426002045
:1015A0003426002009F068FC1C9C1F9A0346214643
:1015B00009482244013AFFF757FC2146074855B035
:1015C000BDEC108BBDE8F04FFFF74EBCD84657E599
:1015D000B0EE4AEBDEE600BF84250020B0250020F7
:1015E0002DE9F04182B005460E461746089C984604
:1015F0000094FEF7E1FD20B1104B1A7822B94FF0AC
:10160000FF3002B0BDE8F081F7F768F801460C48FA
:10161000FFF72AFC0B4A094B107800221A701AF0C7
:101620009BFD0028EBD043463A46284631460894B5
:1016300002B0BDE8F041FEF7BFBD00BF78F704205F
:10164000302800206EF7042070B586B01C46CDE926
:1016500004100392F9F760F9204B1B78002B39D165
:101660001F4B05981B788446DDE9032183B11D4B90
:101670001B68D3B90A9B86465BB11B4D23462D6878
:1016800045B11A4D0B9E2E60194D0A9E2E6002E048
:1016900086462346164D6444A4EB0E040094FFF7DF
:1016A0009FFF00232B6006B070BDC0F3080504F255
:1016B000FF13401B2B44A2EB05020A9D61F10001C0
:1016C0006FF308038646002DE4D0074D2D68002DEA
:1016D000D7D1DFE74FF0FF30E5E700BF73F7042015
:1016E0006EF70420C4430020DC430020EC1A0420E1
:1016F000F41A042030B585B00D460446CDE9023217
:10170000F9F70AF90749097841B920462946DDE980
:1017100002320093FFF764FF05B030BD4FF0FF3099
:10172000FAE700BF73F7042000BF00BF00BF00BF8F
:1017300000BF00BF00BF00BF704700BF38B540EA20
:101740008164074D44F000732C602B6000BF00BF24
:10175000FFF7EAFF2C6000BF00BFFFF7E5FF38BDD1
:1017600000C000422DE9F04F05468178B24883B0B1
:10177000B24B01700620B249B24A08600221DFF87C
:10178000008388F80010C3F86C22C3F87022C3F8F5
:101790007422C3F87822BFF34F8FAB788B4202D10B
:1017A000A94B08221A60AB790022DFF8D8B23024A6
:1017B0002E78CBF800306F78A44B1A60E0B2013479
:1017C000012111F025F9372CF8D10121022011F067
:1017D0001FF90121032011F01BF90121042011F050
:1017E00017F90121052011F013F9994A994B022E9E
:1017F000116841EA0303136000F0F480002E14BF67
:101800004FF480034FF0807393490B6098F80030D9
:10181000012B00F0E580022B00F0E080032B00F0AC
:1018200009813822854BC3F86C22C3F87022C3F8B3
:101830007422C3F87822BFF34F8F03F13F738748B8
:10184000DFF8449203F5BD434468D9F80020033320
:10185000A3FB0232920C02EB420243681B1B9A422A
:10186000FBD87B4B7E481C68DFF820A220407D4FD0
:1018700040EA0A0AC7F800A0586840F07D50586056
:10188000086859682AEA000041F07D5120F078503C
:101890005960186040F04056DBF8004044B1002326
:1018A00000BF0133DBF80040A342F9D3D7F800A012
:1018B0000F210190FFF742FF01980521FFF73EFF3E
:1018C000634B6648C3F800A003F18D73426803F5CB
:1018D0008F33D9F800108333A3FB0131890C01EB5E
:1018E000810143689B1A9942FBD8594B1E6044B151
:1018F000002300BF0133DBF80040A342F9D3D7F83F
:1019000000A066213046FBF7CFFC514B5348C3F88B
:1019100000A003F18D73426803F58F33D9F80010EE
:101920008333A3FB0131890C01EB810143689B1ACE
:101930009942FBD8464B1E6044B1002300BF0133DF
:10194000DBF800209342F9D3D7F800A0404C99214E
:101950003046FBF7A9FC0220C4F800A010F0B6FF47
:10196000354B1B7883B92660DBF800202AB100BF15
:101970000133DBF800209342F9D330463521FBF7E1
:1019800093FC334B3A681A603449374B4868D9F8AE
:101990000020A3FB02323223920C03FB02F24B68BD
:1019A0001B1A9A42FBD8254B0221264A88F80010C0
:1019B000C3F86C22C3F87022C3F87422C3F87822EB
:1019C000BFF34F8F294B297929481970EC786A7930
:1019D000284B04701A6003B0BDE8F08F194A21E764
:1019E000254A1FE7FC074FF0100312D4B807C2F8CE
:1019F0008830174B4FF0200212D57907C3F88420A6
:101A0000134B4FF0400212D5C3F884204FF480737B
:101A1000FAE6B807C2F884300D4B4FF02002ECD440
:101A20007907C3F888200A4B4FF04002ECD4C3F882
:101A30008820EBE7114AF5E675F7042000801F4087
:101A4000D0430020F9000100D84300207C1A042074
:101A500000C0004200014001CC430020001000E023
:101A6000FFFEBFCC0C15042083DE1B43C7460020BD
:101A7000C8460020C84300203800010038F00100AB
:101A80007AF70420781A0420AC430020000140318A
:101A90002DE9F04F85B00392002A76D083460E469A
:101AA0004C4B4FEADB541B68B3EBDB5F4EDD4A4D1A
:101AB0002B689C4207D0494B04EB440003EBC00069
:101AC000FFF750FE2C60039BCBF3160A0025DFF8CE
:101AD0004491B3F5005FCAF50004DFF83C8128BFEC
:101AE0004FF400539C4228BF1C463D4B22463146D2
:101AF000504693F800C099F80030BCF1000F2AD08E
:101B0000384F57F823309847354B224636491B78D3
:101B100098F80000022B24D0012B3AD051F8203045
:101B200050463249984722463049304613F03CFF30
:101B300020B30135042DD8D12D4E2E4833680168CD
:101B400001334F1C0F293360076029D94FF0FF3054
:101B500005B0BDE8F08F284850F82330504698472C
:101B6000D2E7264B214953F8203050469847224669
:101B70001E49304613F018FF0028DAD1C5B9039B7F
:101B8000A34426441B1B03938AD1002005B0BDE863
:101B9000F08F1B4B154953F8203050469847C2E749
:101BA00023465A46174918480095FFF75DF9CDE7D7
:101BB0001649104A0B6801330B601368591C0F2B30
:101BC0001160DCD823465A4611490F480095FFF7AB
:101BD0004BF9D4E710150420D44300202813042027
:101BE00075F70420E006002048060020C02E0120E2
:101BF000F01A0420201B04202C070020940600204B
:101C0000FC050020D428002094280020101B04206C
:101C100084280020C8460020C7460020002A00F083
:101C20008E802DE9F04F054683B089469346494F93
:101C3000494BEC0D1B68B3EBD55F7DDD3B689C42E7
:101C400007D0464B04EB440003EBC000FFF78AFDCE
:101C50003C60C5F31606BBF5005F5B46494628BFEE
:101C60004FF40053C6F5000430469C4228BF1C4682
:101C70002246F8F7DFFE224639493046F8F7DAFE09
:101C800022463749484613F08FFE002835D02246B9
:101C900034493046324EF8F7CDFE09F1FF314FF0AE
:101CA000000E304A04EB010AF04609E0634508F1F2
:101CB000010812D0604501D00EF1010E8A450FD007
:101CC00011F8010F16F8013B12F801CB9842EDD143
:101CD0006045F3D008F10108EEE78A450B70EFD1BB
:101CE000214A136801331360204A1368591CBEF15E
:101CF000000F19D10F2B116008D9BBEB040B254441
:101D0000A14495D1002003B0BDE8F08F2A462346B8
:101D1000174925441748A144CDF80080FFF7A4F8DF
:101D2000BBEB040B84D1EDE70F2B7646116008D98D
:101D3000114A1368334413604FF0FF30E3E700208B
:101D4000704723462A460D490A48CDF80080FFF720
:101D50008BF8EDE7D443002010150420281304204D
:101D6000C02E0120C04E01200C1B0420201B04208B
:101D7000F028002094280020F01A04200C290020CC
:101D800008B50D4B1B788BB14FF47A710B48F8F7FF
:101D900021FF00B908BD09481AF0E6F9084B1B7885
:101DA000002BF7D0BDE80840F8F70CBF4FF47A706D
:101DB000BDE8084010F08ABD70F704203C1B0420E9
:101DC00076F704202DE9F04F89B00092002A00F048
:101DD0000D81030D89460746DFF838A20793030CEF
:101DE00087490693030B874D0593030A864E039399
:101DF0000309864C029300F00F0304936368844A3E
:101E000043F07D5312686360009B934228BF1346E2
:101E10000A689846DAF8003043F0012343F480035F
:101E200023EA020323F0785BC4F800B02A682AB1E1
:101E3000002000BF01302B689842FAD34BF040627B
:101E40004BF06060226001922060FFF76DFC019A08
:101E50002260FFF769FC4BF000524BF00850226003
:101E600001922060FFF760FC019A2260FFF75CFCA2
:101E7000079B03F00F024BEA826242F0007022607F
:101E800001922060FFF750FC019A2260FFF74CFCA2
:101E9000069B03F00F024BEA826242F00070226060
:101EA00001922060FFF740FC019A2260FFF73CFCA2
:101EB000059B03F00F024BEA826242F00070226041
:101EC00001922060FFF730FC019A2260FFF72CFCA2
:101ED000039B03F00F024BEA826242F00070226023
:101EE00001922060FFF720FC019A2260FFF71CFCA2
:101EF000029B03F00F024BEA826242F00070226004
:101F000001922060FFF710FC019A2260FFF70CFCA1
:101F1000049B4BEA836242F00070226001922060D1
:101F2000FFF702FC019A2260FFF7FEFB3449B8F18B
:101F3000000F5ED008EB090C09F1FF300CF1FF3CFB
:101F400010F8013F1B094BEA836343F000722360E2
:101F5000226000BF00BF00BF00BF00BF00BF00BFC6
:101F600000BF236000BF00BF00BF00BF00BF00BFB5
:101F700000BF00BF037803F00F034BEA836343F015
:101F800000722360226000BF00BF00BF00BF00BF1F
:101F900000BF00BF00BF236000BF00BF00BF00BF85
:101FA00000BF00BF00BF00BF6045C9D1DAF80030F4
:101FB000236033682BB1002200BF013233689A429C
:101FC000FAD3009BB3EB080300930FD04744C144FE
:101FD0003B0D07933B0C06933B0B05933B0A039386
:101FE0003B09029307F00F03049307E709B0BDE82C
:101FF000F08FDAF8003023603368002BDBD1FDE688
:10200000CC430020781A04207C1A042000C000422F
:10201000C84300200C150420002A00F04781030D5E
:102020002DE9F04F8BB08146DFF898B20993030C8D
:102030009F4F0893030B9F4E0793030ADFF8888294
:10204000059303099C4C049300F00F03019206933F
:1020500063689A4A43F07D5310686360019BDBF824
:102060000050834245F0012528BF034645F4800512
:102070009A46934B1B6825EA030525F078552560A1
:102080003B682BB1002000BF01303B689842FAD377
:1020900045F0605345F0685003912360029320603F
:1020A000FFF742FB029B2360FFF73EFB45F03053F6
:1020B00045F03850236002932060FFF735FB029B08
:1020C0002360FFF731FB099B03F00F0345EA8363AD
:1020D00043F00070236002932060FFF725FB029B12
:1020E0002360FFF721FB089B03F00F0345EA83639E
:1020F00043F00070236002932060FFF715FB029B02
:102100002360FFF711FB079B03F00F0345EA83638E
:1021100043F00070236002932060FFF705FB029BF1
:102120002360FFF701FB059B03F00F0345EA836380
:1021300043F00070236002932060FFF7F5FA029BE2
:102140002360FFF7F1FA049B03F00F0345EA836372
:1021500043F00070236002932060FFF7E5FA029BD2
:102160002360FFF7E1FA069B45EA836343F00070C2
:10217000236002932060FFF7D7FA029B2360FFF7EA
:10218000D3FA6368039923F0705363603368C3B173
:1021900045F000730020236000BF00BF00BF00BFF8
:1021A00000BF00BF00BF00BF256000BF00BF00BF71
:1021B00000BF00BF00BF00BF00BF013032688242D5
:1021C000E9D8BAF1000F62D00AEB010E45F00072B7
:1021D000481E0EF1FF3E226000BF00BF00BF00BFDF
:1021E00000BF00BF00BF00BFD4F808C0256000BF1B
:1021F00000BF00BF00BF00BF00BF00BF00BF226024
:1022000000BF00BF00BF00BF00BF00BF00BF00BFD6
:10221000A368256000BF00BF00BF00BF00BF00BFB4
:1022200000BF00BF4FEA9C6CC3F3836343EA0C1307
:1022300000F8013F7045CED1DBF8003023606368C1
:1022400043F07D536360D8F8003033B1002000BF05
:102250000130D8F800309842F9D3019BB3EB0A0360
:10226000019320D0D14451444FEA195309934FEAC6
:10227000194308934FEA193307934FEA192305933B
:102280004FEA1913049309F00F030693E0E6DBF815
:1022900000302360636843F07D536360D8F80030FA
:1022A000002BD3D1D4E60BB0BDE8F08F704700BF50
:1022B000781A0420D043002000C00042C843002008
:1022C000CC4300200C1504207C1A04202DE9F04F8B
:1022D00089B00092002A00F02181030D894607464B
:1022E000DFF860A20793030C91490693030B914D0D
:1022F0000593030A904E03930309904C029300F058
:102300000F03049363688E4A43F07D531268636041
:10231000009B934228BF13460A689846DAF80030BB
:1023200043F0012343F4800323EA020323F0785BA4
:10233000C4F800B02A682AB1002000BF01302B6821
:102340009842FAD34BF040624BF0606022600192F9
:10235000206000BFFFF7E8F9019A226000BFFFF795
:10236000E3F94BF000524BF00850226001922060DC
:1023700000BFFFF7D9F9019A226000BFFFF7D4F937
:10238000079B03F00F024BEA826242F0007022606A
:102390000192206000BFFFF7C7F9019A226000BFD9
:1023A000FFF7C2F9069B03F00F024BEA826242F08C
:1023B000007022600192206000BFFFF7B5F9019A1A
:1023C000226000BFFFF7B0F9059B03F00F024BEA54
:1023D000826242F0007022600192206000BFFFF72D
:1023E000A3F9019A226000BFFFF79EF9039B03F057
:1023F0000F024BEA826242F000702260019220607C
:1024000000BFFFF791F9019A226000BFFFF78CF936
:10241000029B03F00F024BEA826242F000702260DE
:102420000192206000BFFFF77FF9019A226000BF90
:10243000FFF77AF9049B4BEA836242F00070226056
:102440000192206000BFFFF76FF9019A226000BF80
:10245000FFF76AF93649B8F1000F62D008EB090CB2
:1024600009F1FF300CF1FF3C10F8013F1B094BEA6A
:10247000836343F000722360226000BF00BF00BF8F
:1024800000BF00BF00BF00BF00BF00BF236000BF90
:1024900000BF00BF00BF00BF00BF00BF00BF00BF44
:1024A000037803F00F034BEA836343F00072236069
:1024B000226000BF00BF00BF00BF00BF00BF00BF61
:1024C00000BF00BF236000BF00BF00BF00BF00BF50
:1024D00000BF00BF00BF00BF6045C5D1DAF80030C3
:1024E000236033682BB1002200BF013233689A4267
:1024F000FAD3009BB3EB080300930FD04744C144C9
:102500003B0D07933B0C06933B0B05933B0A039350
:102510003B09029307F00F030493F3E609B0BDE80B
:10252000F08FDAF8003023603368002BDBD1E9E666
:10253000CC430020781A04207C1A042000C00042FA
:10254000C84300200C150420002A00F06C81030D04
:102550002DE9F04F8BB08146DFF870B20993030C80
:10256000954F0893030B954E0793030ADFF860829B
:1025700005930309924C049300F00F030192069314
:102580006368904A43F07D5310686360019BDBF8F9
:102590000050834245F0012528BF034645F48005DD
:1025A0009A46894B1B6825EA030525F07855256076
:1025B0003B682BB1002000BF01303B689842FAD342
:1025C00045F0605345F0685003912360029320600A
:1025D00000BFFFF7A9F8029B236000BFFFF7A4F834
:1025E00045F0305345F0385023600293206000BF1F
:1025F000FFF79AF8029B236000BFFFF795F8099B4D
:1026000003F00F0345EA836343F0007023600293F5
:10261000206000BFFFF788F8029B236000BFFFF730
:1026200083F8089B03F00F0345EA836343F00070CF
:1026300023600293206000BFFFF776F8029B2360BF
:1026400000BFFFF771F8079B03F00F0345EA8363B0
:1026500043F0007023600293206000BFFFF764F82E
:10266000029B236000BFFFF75FF8059B03F00F0399
:1026700045EA836343F0007023600293206000BF4B
:10268000FFF752F8029B236000BFFFF74DF8049B51
:1026900003F00F0345EA836343F000702360029365
:1026A000206000BFFFF740F8029B236000BFFFF7E8
:1026B0003BF8069B45EA836343F000702360029376
:1026C000206000BFFFF730F8029B236000BFFFF7D8
:1026D0002BF86368039923F0705363603368D3B1B8
:1026E00045F000730020236000BF00BF00BF00BFA3
:1026F00000BF00BF00BF00BF00BF256000BF00BF1C
:1027000000BF00BF00BF00BF00BF00BF00BF01305F
:1027100032688242E7D8BAF1000F75D00AEB010E99
:1027200045F00072481E0EF1FF3E226000BF00BF60
:1027300000BF00BF00BF00BF00BF00BF00BFD4F894
:1027400008C0256000BF00BF00BF00BF00BF00BFC2
:1027500000BF00BF00BF226000BF00BF00BF00BFBE
:1027600000BF00BF00BF00BF00BFA368256000BF5F
:1027700000BF00BF00BF00BF00BF00BF00BF00BF61
:102780004FEA9C6CC3F3836343EA0C1300F8013FE8
:102790007045CAD1DBF800302360636843F07D5395
:1027A0006360D8F80030ABB1002000BF0130D8F82A
:1027B00000309842F9D30DE0781A0420D04300206D
:1027C00000C00042C8430020CC4300200C15042068
:1027D0007C1A0420019BB3EB0A03019320D0D1445F
:1027E00051444FEA195309934FEA194308934FEAAA
:1027F000193307934FEA192305934FEA19130493EA
:1028000009F00F030693BBE6DBF800302360636832
:1028100043F07D536360D8F80030002BC4D1AFE69D
:102820000BB0BDE8F08F70472DE9F04F89B00092F2
:10283000002A00F03581030D89460746DFF888A29B
:102840000793030C9B490693030B9B4D0593030AC7
:102850009A4E039303099A4C029300F00F030493DA
:102860006368984A43F07D5312686360009B93420B
:1028700028BF13460A689846DAF8003043F001236F
:1028800043F4800323EA020323F0785BC4F800B02A
:102890002A682AB1002000BF01302B689842FAD381
:1028A0004BF040624BF0606022600192206000BFFC
:1028B00000BFFEF739FF019A226000BF00BFFEF79C
:1028C00033FF4BF000524BF0085022600192206021
:1028D00000BF00BFFEF728FF019A226000BF00BFC3
:1028E000FEF722FF079B03F00F024BEA826242F0E1
:1028F000007022600192206000BF00BFFEF714FF4D
:10290000019A226000BF00BFFEF70EFF069B03F096
:102910000F024BEA826242F0007022600192206056
:1029200000BF00BFFEF700FF019A226000BF00BF9A
:10293000FEF7FAFE059B03F00F024BEA826242F0BB
:10294000007022600192206000BF00BFFEF7ECFE25
:10295000019A226000BF00BFFEF7E6FE039B03F072
:102960000F024BEA826242F0007022600192206006
:1029700000BF00BFFEF7D8FE019A226000BF00BF73
:10298000FEF7D2FE029B03F00F024BEA826242F096
:10299000007022600192206000BF00BFFEF7C4FEFD
:1029A000019A226000BF00BFFEF7BEFE049B4BEA07
:1029B000836242F0007022600192206000BF00BF7D
:1029C000FEF7B2FE019A226000BF00BFFEF7ACFE28
:1029D0003849B8F1000F66D008EB090C09F1FF3057
:1029E0000CF1FF3C10F8013F1B094BEA836343F0F5
:1029F00000722360226000BF00BF00BF00BF00BFA5
:102A000000BF00BF00BF00BF00BF236000BF00BF0A
:102A100000BF00BF00BF00BF00BF00BF00BF00BFBE
:102A2000037803F00F034BEA836343F000722360E3
:102A3000226000BF00BF00BF00BF00BF00BF00BFDB
:102A400000BF00BF00BF236000BF00BF00BF00BFCA
:102A500000BF00BF00BF00BF00BF00BF6045C1D1C5
:102A6000DAF80030236033682BB1002200BF013256
:102A700033689A42FAD3009BB3EB080300930FD05C
:102A80004744C1443B0D07933B0C06933B0B059316
:102A90003B0A03933B09029307F00F030493DFE61D
:102AA00009B0BDE8F08FDAF8003023603368002BFE
:102AB000DBD1D5E6CC430020781A04207C1A042010
:102AC00000C00042C84300200C150420002A00F07A
:102AD0008381030D2DE9F04F8BB08146DFF890B272
:102AE0000993030C9D4F0893030B9D4E0793030A14
:102AF000DFF88082059303099A4C049300F00F03DA
:102B0000019206936368984A43F07D5310686360AE
:102B1000019BDBF80050834245F0012528BF0346A6
:102B200045F480059A46914B1B6825EA030525F07C
:102B3000785525603B682BB1002000BF01303B6811
:102B40009842FAD345F0605345F0685003912360F2
:102B50000293206000BF00BFFEF7E6FD029B2360EA
:102B600000BF00BFFEF7E0FD45F0305345F03850A0
:102B700023600293206000BF00BFFEF7D5FD029BDB
:102B8000236000BF00BFFEF7CFFD099B03F00F03DA
:102B900045EA836343F0007023600293206000BF26
:102BA00000BFFEF7C1FD029B236000BF00BFFEF720
:102BB000BBFD089B03F00F0345EA836343F00070FD
:102BC00023600293206000BF00BFFEF7ADFD029BB3
:102BD000236000BF00BFFEF7A7FD079B03F00F03B4
:102BE00045EA836343F0007023600293206000BFD6
:102BF00000BFFEF799FD029B236000BF00BFFEF7F8
:102C000093FD059B03F00F0345EA836343F00070D7
:102C100023600293206000BF00BFFEF785FD029B8A
:102C2000236000BF00BFFEF77FFD049B03F00F038E
:102C300045EA836343F0007023600293206000BF85
:102C400000BFFEF771FD029B236000BF00BFFEF7CF
:102C50006BFD069B45EA836343F00070236002939B
:102C6000206000BF00BFFEF75FFD029B236000BF36
:102C700000BFFEF759FD6368039923F0705363604A
:102C80003368E3B145F000730020236000BF00BF4C
:102C900000BF00BF00BF00BF00BF00BF00BF00BF3C
:102CA000256000BF00BF00BF00BF00BF00BF00BF66
:102CB00000BF00BF00BF013032688242E5D8BAF1E0
:102CC000000F7AD00AEB010E45F00072481E0EF19B
:102CD000FF3E226000BF00BF00BF00BF00BF00BFBB
:102CE00000BF00BF00BF00BFD4F808C0256000BF10
:102CF00000BF00BF00BF00BF00BF00BF00BF00BFDC
:102D000000BF226000BF00BF00BF00BF00BF00BF08
:102D100000BF00BF00BF00BFA368256000BF00BFA9
:102D200000BF00BF00BF00BF00BF00BF00BF00BFAB
:102D30004FEA9C6CC3F3836343EA0C1300F8013F32
:102D40007045C6D1DBF800302360636843F07D53E3
:102D50006360D8F80030B3B10EE000BF781A0420E9
:102D6000D043002000C00042C8430020CC430020D4
:102D70000C1504207C1A0420002000BF0130D8F874
:102D800000309842F9D3019BB3EB0A03019320D0A2
:102D9000D14451444FEA195309934FEA1943089318
:102DA0004FEA193307934FEA192305934FEA191392
:102DB000049309F00F030693A4E6DBF800302360C8
:102DC000636843F07D536360D8F80030002BD3D1A3
:102DD00098E60BB0BDE8F08F704700BF2DE9F04FCB
:102DE00089B00092002A00F05681030D89460746FB
:102DF000DFF874A20293030C96490793030B964DD8
:102E00000693030A954E04930309954C039300F02F
:102E10000F0305936368934A43F07D531268636020
:102E2000009B934228BF13460A689846DAF80030A0
:102E300043F0012343F4800323EA020323F0785B89
:102E4000C4F800B02A682AB1002000BF01302B6806
:102E50009842FAD34BF040624BF0606022600192DE
:102E6000206000BF00BF00BFFEF75EFC019A226039
:102E700000BF00BF00BFFEF757FC4BF000524BF005
:102E8000085022600192206000BF00BF00BFFEF723
:102E90004BFC019A226000BF00BF00BFFEF744FC5C
:102EA000029B03F00F024BEA826242F00070226044
:102EB0000192206000BF00BF00BFFEF735FC019A01
:102EC000226000BF00BF00BFFEF72EFC079B03F08F
:102ED0000F024BEA826242F0007022600192206091
:102EE00000BF00BF00BFFEF71FFC019A226000BFB9
:102EF00000BF00BFFEF718FC069B03F00F024BEA71
:102F0000826242F0007022600192206000BF00BF28
:102F100000BFFEF709FC019A226000BF00BF00BF9E
:102F2000FEF702FC049B03F00F024BEA826242F0C0
:102F3000007022600192206000BF00BF00BFFEF75A
:102F4000F3FB019A226000BF00BF00BFFEF7ECFB5D
:102F5000039B03F00F024BEA826242F00070226092
:102F60000192206000BF00BF00BFFEF7DDFB019AA9
:102F7000226000BF00BF00BFFEF7D6FB059B4BEAF7
:102F8000836242F0007022600192206000BF00BFA7
:102F900000BFFEF7C9FB019A226000BF00BF00BF5F
:102FA000FEF7C2FB2B49B8F1000F77D008EB090CF4
:102FB00009F1FF300CF1FF3C10F8013F1B094BEA0F
:102FC000836343F000722360226000BF00BF00BF34
:102FD00000BF00BF00BF00BF00BF00BF00BF00BFF9
:102FE000236000BF00BF00BF00BF00BF00BF00BF25
:102FF00000BF00BF00BF00BF037803F00F034BEA20
:10300000836343F000722360226000BF00BF00BFF3
:1030100000BF00BF00BF00BF00BF00BF00BF00BFB8
:10302000236000BF00BF00BF00BF00BF00BF00BFE4
:1030300000BF00BF00BF00BF6045BDD1DAF800305F
:103040002360336893B1002200BF013233689A4293
:10305000FAD30BE0CC430020781A04207C1A042019
:1030600000C00042C84300200C150420009BB3EBB5
:10307000080300930FD04744C1443B0D02933B0C1F
:1030800007933B0B06933B0A04933B09039307F01A
:103090000F030593BEE609B0BDE8F08FDAF8003003
:1030A00023603368002BCED1B4E600BF2DE9F04F8A
:1030B00089B00092002A00F06B81030D8946074613
:1030C000DFF8FCA10293030C78490793030B784DBA
:1030D0000693030A774E04930309774C039300F099
:1030E0000F0305936368754A43F07D53126863606C
:1030F000009B934228BF13460A689846DAF80030CE
:1031000043F0012343F4800323EA020323F0785BB6
:10311000C4F800B02A682AB1002000BF01302B6833
:103120009842FAD34BF040624BF06060226001920B
:10313000206000BF00BF00BF00BFFEF7F5FA019A94
:10314000226000BF00BF00BF00BFFEF7EDFA4BF0EA
:1031500000524BF0085022600192206000BF00BF77
:1031600000BF00BFFEF7E0FA019A226000BF00BF77
:1031700000BF00BFFEF7D8FA029B03F00F024BEA34
:10318000826242F0007022600192206000BF00BFA6
:1031900000BF00BFFEF7C8FA019A226000BF00BF5F
:1031A00000BF00BFFEF7C0FA079B03F00F024BEA17
:1031B000826242F0007022600192206000BF00BF76
:1031C00000BF00BFFEF7B0FA019A226000BF00BF47
:1031D00000BF00BFFEF7A8FA069B03F00F024BEA00
:1031E000826242F0007022600192206000BF00BF46
:1031F00000BF00BFFEF798FA019A226000BF00BF2F
:1032000000BF00BFFEF790FA049B03F00F024BEAE9
:10321000826242F0007022600192206000BF00BF15
:1032200000BF00BFFEF780FA019A226000BF00BF16
:1032300000BF00BFFEF778FA039B03F00F024BEAD2
:10324000826242F0007022600192206000BF00BFE5
:1032500000BF00BFFEF768FA019A226000BF00BFFE
:1032600000BF00BFFEF760FA059B4BEA836242F0A5
:10327000007022600192206000BF00BF00BF00BF4D
:10328000FEF752FA019A226000BF00BF00BF00BFE4
:10329000FEF74AFA0549B8F1000F7CD008EB090C9B
:1032A00009F1FF300CF1FF3C0CE000BFCC430020E3
:1032B000781A04207C1A042000C00042C843002071
:1032C0000C15042010F8013F1B094BEA836343F0FF
:1032D00000722360226000BF00BF00BF00BF00BFBC
:1032E00000BF00BF00BF00BF00BF00BF00BF236022
:1032F00000BF00BF00BF00BF00BF00BF00BF00BFD6
:1033000000BF00BF00BF00BF037803F00F034BEA0C
:10331000836343F000722360226000BF00BF00BFE0
:1033200000BF00BF00BF00BF00BF00BF00BF00BFA5
:1033300000BF236000BF00BF00BF00BF00BF00BFD1
:1033400000BF00BF00BF00BF00BF00BF6045B9D1D4
:10335000DAF80030236033682BB1002200BF01325D
:1033600033689A42FAD3009BB3EB080300930FD063
:103370004744C1443B0D02933B0C07933B0B069320
:103380003B0A04933B09039307F00F030593A9E657
:1033900009B0BDE8F08FDAF8003023603368002B05
:1033A000DBD19FE638B540EA81640F4D44F00073ED
:1033B0002C602B6000BF00BF00BF00BF00BF00BF7C
:1033C00000BF00BF00BF00BFFEF7AEF92C6000BF1A
:1033D00000BF00BF00BF00BF00BF00BF00BF00BFF5
:1033E00000BFFEF7A1F938BD00C000422DE9F04F43
:1033F00089B00092002A00F05081030D81468B466F
:10340000924F0793030C924E0693030BDFF85482FE
:103410000593030A8F4C03930309029300F00F03F3
:10342000049363688C4A43F07D53116863608B4B4F
:10343000009A18688A428A4B40F0012028BF0A4649
:10344000196840F4800020EA010020F078552560DA
:10345000396839B14FF0000C00BF0CF1010C3B682A
:103460009C45F9D345F0605A45F068530192C4F881
:1034700000A0236000BF00BF00BF00BF00BF00BFAF
:1034800000BF00BF00BF00BFFEF74EF9C4F800A0A8
:1034900000BF00BF00BF00BF00BF00BF00BF00BF34
:1034A00000BF00BFFEF740F90B212846FFF77AFF67
:1034B000079B284603F00F01FFF774FF069B284681
:1034C00003F00F01FFF76EFF059B284603F00F0185
:1034D000FFF768FF039B284603F00F01FFF762FF29
:1034E000029B284603F00F01FFF75CFF0499284672
:1034F000FFF758FF6168019A21F0705161603168EF
:1035000000292ED045F000734FF0000C236000BF5F
:1035100000BF00BF00BF00BF00BF00BF00BF00BFB3
:1035200000BF00BF00BF00BF00BF00BF00BF00BFA3
:1035300000BF256000BF00BF00BF00BF00BF00BFCD
:1035400000BF00BF00BF00BF00BF00BF00BF00BF83
:1035500000BF00BF00BF00BF0CF1010C3168614526
:10356000D4D8002A00F09C8002EB0B0A45F00073CF
:103570000BF1FF3C0AF1FF3A236000BF00BF00BF20
:1035800000BF00BF00BF00BF00BF00BF00BF00BF43
:1035900000BF00BF00BF00BF00BF00BF00BFA068EA
:1035A000256000BF00BF00BF00BF00BF00BF00BF5D
:1035B00000BF00BF00BF00BF00BF00BF00BF00BF13
:1035C00000BF00BF00BF236000BF00BF00BF00BF3F
:1035D00000BF00BF00BF00BF00BF00BF00BF00BFF3
:1035E00000BF00BF00BF00BF00BF00BFA1682560D3
:1035F00000BF00BF00BF00BF00BF00BF00BF00BFD3
:1036000000BF00BF00BF00BF00BF00BF00BF00BFC2
:1036100000BF00BF800EC1F3836141EA00110CF8C6
:10362000011FD445A8D10D4B19682160616841F094
:103630007D516160D8F80010B1B1002100BF0131A7
:10364000D8F800309942F9D30EE000BF781A042070
:10365000D043002000C00042C84300200C150420C5
:10366000CC4300207C1A0420009B9B1A009314D0AA
:10367000914493444FEA195307934FEA1943069331
:103680004FEA193305934FEA192303934FEA1913AD
:10369000029309F00F030493C3E609B0BDE8F08F6D
:1036A000054B19682160616841F07D516160D8F86F
:1036B00000100029C1D1B4E60C150420002A00F046
:1036C0002C81030D2DE9F04F89B0914607468A46BB
:1036D0000793030C914A0693030B914D0593030A3C
:1036E000904E03930309904C029300F00F03049350
:1036F0008E4B6168186841F07D518D4B4845616083
:1037000028BF484619688046106840F0012040F400
:10371000800020EA010020F0785BC4F800B029683E
:1037200039B14FF0000C00BF0CF1010C2B689C4527
:10373000F9D34BF040614BF060632160019123604D
:1037400000BF00BF00BF00BF00BF00BF00BF00BF81
:1037500000BF00BFFDF7E8FF0199216000BF00BF77
:1037600000BF00BF00BF00BF00BF00BF00BF00BF61
:10377000FDF7DAFF4BF000514BF008532160019147
:10378000236000BF00BF00BF00BF00BF00BF00BF7D
:1037900000BF00BF00BFFDF7C7FF0199216000BF58
:1037A00000BF00BF00BF00BF00BF00BF00BF00BF21
:1037B00000BFFDF7B9FF079B584603F00F01FFF765
:1037C000F1FD069B584603F00F01FFF7EBFD059B4B
:1037D000584603F00F01FFF7E5FD039B584603F041
:1037E0000F01FFF7DFFD029B584603F00F01FFF7C3
:1037F000D9FD04995846FFF7D5FD484AB8F1000FA6
:1038000000F0828008EB0A0E0AF1FF3C0EF1FF3E49
:103810001CF8013F1B094BEA836343F000712360EE
:10382000216000BF00BF00BF00BF00BF00BF00BFDE
:1038300000BF00BF00BF00BF00BF00BF00BF00BF90
:1038400000BF00BF00BF236000BF00BF00BF00BFBC
:1038500000BF00BF00BF00BF00BF00BF00BF00BF70
:1038600000BF00BF00BF00BF00BF00BF9CF800301A
:1038700003F00F034BEA836343F000712360216080
:1038800000BF00BF00BF00BF00BF00BF00BF00BF40
:1038900000BF00BF00BF00BF00BF00BF00BF00BF30
:1038A00000BF00BF236000BF00BF00BF00BF00BF5C
:1038B00000BF00BF00BF00BF00BF00BF00BF00BF10
:1038C00000BF00BF00BF00BF00BFF445A0D111681A
:1038D0002160316829B1002100BF0131336899426C
:1038E000FAD3B9EB080915D04744C2443B0D0793FE
:1038F0003B0C06933B0B05933B0A03933B09029356
:1039000007F00F030493F3E6116821603168002982
:10391000E1D1EDE609B0BDE8F08F70470C15042049
:10392000781A04207C1A042000C00042C8430020FA
:10393000CC430020002A00F09A81030D2DE9F04FBE
:103940008BB08146DFF81CB20993030C804F0893BB
:10395000030B804E0793030ADFF80C8205930309DB
:103960007D4C049300F00F030192069363687B4A39
:1039700043F07D5310686360019BDBF80050834285
:1039800045F0012528BF034645F480059A46744B4F
:103990001B6825EA030525F0785525603B682BB1A7
:1039A000002000BF01303B689842FAD345F06053D5
:1039B00045F06850039123600293206000BF00BF70
:1039C00000BFFDF7B1FE029B236000BF00BF00BF38
:1039D000FDF7AAFE45F0305345F0385023600293BE
:1039E000206000BF00BF00BFFDF79EFE029B23606A
:1039F00000BF00BF00BFFDF797FE099B03F00F0358
:103A000045EA836343F0007023600293206000BFA7
:103A100000BF00BFFDF788FE029B236000BF00BF10
:103A200000BFFDF781FE089B03F00F0345EA8363A7
:103A300043F0007023600293206000BF00BF00BF0E
:103A4000FDF772FE029B236000BF00BF00BFFDF7C1
:103A50006BFE079B03F00F0345EA836343F000709E
:103A600023600293206000BF00BF00BFFDF75CFE33
:103A7000029B236000BF00BF00BFFDF755FE059B02
:103A800003F00F0345EA836343F000702360029361
:103A9000206000BF00BF00BFFDF746FE029B236011
:103AA00000BF00BF00BFFDF73FFE049B03F00F0304
:103AB00045EA836343F0007023600293206000BFF7
:103AC00000BF00BFFDF730FE029B236000BF00BFB8
:103AD00000BFFDF729FE069B45EA836343F00070B3
:103AE00023600293206000BF00BF00BFFDF71CFEF3
:103AF000029B236000BF00BF00BFFDF715FE636897
:103B0000039923F0705363603368002B2ED045F087
:103B100000730020236000BF00BF00BF00BF00BFD4
:103B200000BF00BF00BF00BF00BF00BF256000BFD7
:103B300000BF00BF00BF00BF00BF00BF00BF00BF8D
:103B400000BF00BF013032688242E3D80EE000BF00
:103B5000781A0420D043002000C00042C84300204F
:103B6000CC4300200C1504207C1A0420BAF1000F6D
:103B70006ED00AEB010E45F00072481E0EF1FF3EBA
:103B8000226000BF00BF00BF00BF00BF00BF00BF7A
:103B900000BF00BF00BF00BFD4F808C0256000BF51
:103BA00000BF00BF00BF00BF00BF00BF00BF00BF1D
:103BB00000BF00BF226000BF00BF00BF00BF00BF4A
:103BC00000BF00BF00BF00BF00BF00BFA3682560EB
:103BD00000BF00BF00BF00BF00BF00BF00BF00BFED
:103BE00000BF00BF00BF4FEA9C6CC3F3836343EA8E
:103BF0000C1300F8013F7045C2D1DBF800302360A0
:103C0000636843F07D536360D8F8003033B100201F
:103C100000BF0130D8F800309842F9D3019BB3EBD4
:103C20000A03019320D0D14451444FEA1953099318
:103C30004FEA194308934FEA193307934FEA1923C0
:103C400005934FEA1913049309F00F0306938DE6C9
:103C5000DBF800302360636843F07D536360D8F87D
:103C60000030002BD3D181E60BB0BDE8F08F704758
:103C70002DE9F04F89B00092002A00F07F81030DFA
:103C800089460746DFF81CA20793030C8049069378
:103C9000030B804D0593030A7F4E039303097F4C6A
:103CA000029300F00F03049363687D4A43F07D5351
:103CB00012686360009B934228BF13460A689846C7
:103CC000DAF8003043F0012343F4800323EA0203CF
:103CD00023F0785BC4F800B02A682AB1002000BF46
:103CE00001302B689842FAD34BF040624BF0606091
:103CF00022600192206000BF00BF00BF00BF00BF74
:103D0000FDF712FD019A226000BF00BF00BF00BF97
:103D100000BFFDF709FD4BF000524BF00850226048
:103D20000192206000BF00BF00BF00BF00BFFDF7D1
:103D3000FBFC019A226000BF00BF00BF00BF00BFB4
:103D4000FDF7F2FC079B03F00F024BEA826242F0A0
:103D5000007022600192206000BF00BF00BF00BF62
:103D600000BFFDF7E1FC019A226000BF00BF00BF69
:103D700000BF00BFFDF7D8FC069B03F00F024BEA23
:103D8000826242F0007022600192206000BF00BF9A
:103D900000BF00BF00BFFDF7C7FC019A226000BF53
:103DA00000BF00BF00BF00BFFDF7BEFC059B03F0D6
:103DB0000F024BEA826242F00070226001922060A2
:103DC00000BF00BF00BF00BF00BFFDF7ADFC019A00
:103DD000226000BF00BF00BF00BF00BFFDF7A4FC12
:103DE000039B03F00F024BEA826242F000702260F4
:103DF0000192206000BF00BF00BF00BF00BFFDF701
:103E000093FC019A226000BF00BF00BF00BF00BF4B
:103E1000FDF78AFC029B03F00F024BEA826242F03C
:103E2000007022600192206000BF00BF00BF00BF91
:103E300000BFFDF779FC019A226000BF00BF00BF00
:103E400000BF00BFFDF770FC049B4BEA836242F0A9
:103E5000007022600192206000BF00BF00BF00BF61
:103E600000BFFDF761FC019A226000BF00BF00BFE8
:103E700000BF00BFFDF758FC0549B8F1000F00F086
:103E8000808008EB090C09F1FF300CF1FF3C0BE0DE
:103E9000CC430020781A04207C1A042000C0004281
:103EA000C84300200C15042010F8013F1B094BEA01
:103EB000836343F000722360226000BF00BF00BF35
:103EC00000BF00BF00BF00BF00BF00BF00BF00BFFA
:103ED00000BF00BF236000BF00BF00BF00BF00BF26
:103EE00000BF00BF00BF00BF00BF00BF00BF00BFDA
:103EF000037803F00F034BEA836343F000722360FF
:103F0000226000BF00BF00BF00BF00BF00BF00BFF6
:103F100000BF00BF00BF00BF00BF00BF236000BFE5
:103F200000BF00BF00BF00BF00BF00BF00BF00BF99
:103F300000BF00BF00BF00BF6045B5D1DAF8003058
:103F4000236033682BB1002200BF013233689A42EC
:103F5000FAD3009BB3EB080300930FD04744C1444E
:103F60003B0D07933B0C06933B0B05933B0A0393D6
:103F70003B09029307F00F03049395E609B0BDE8EF
:103F8000F08FDAF8003023603368002BDBD18BE64A
:103F9000002A00F0B081030D2DE9F04F8BB081466F
:103FA000DFF840B20993030C894F0893030B894E45
:103FB0000793030ADFF8308205930309864C0493C4
:103FC00000F00F03019206936368844A43F07D5327
:103FD00010686360019BDBF80050834245F00125C7
:103FE00028BF034645F480059A467D4B1B6825EAA9
:103FF000030525F0785525603B682BB1002000BFF4
:1040000001303B689842FAD345F0605345F0685060
:10401000039123600293206000BF00BF00BF00BF78
:10402000FDF782FB029B236000BF00BF00BF00BF03
:10403000FDF77AFB45F0305345F03850236002938A
:10404000206000BF00BF00BF00BFFDF76DFB029BFB
:10405000236000BF00BF00BF00BFFDF765FB099BE9
:1040600003F00F0345EA836343F00070236002937B
:10407000206000BF00BF00BF00BFFDF755FB029BE3
:10408000236000BF00BF00BF00BFFDF74DFB089BD2
:1040900003F00F0345EA836343F00070236002934B
:1040A000206000BF00BF00BF00BFFDF73DFB029BCB
:1040B000236000BF00BF00BF00BFFDF735FB079BBB
:1040C00003F00F0345EA836343F00070236002931B
:1040D000206000BF00BF00BF00BFFDF725FB029BB3
:1040E000236000BF00BF00BF00BFFDF71DFB059BA5
:1040F00003F00F0345EA836343F0007023600293EB
:10410000206000BF00BF00BF00BFFDF70DFB029B9A
:10411000236000BF00BF00BF00BFFDF705FB049B8D
:1041200003F00F0345EA836343F0007023600293BA
:10413000206000BF00BF00BF00BFFDF7F5FA029B83
:10414000236000BF00BF00BF00BFFDF7EDFA069B74
:1041500045EA836343F0007023600293206000BF50
:1041600000BF00BF00BFFDF7DFFA029B236000BF66
:1041700000BF00BF00BFFDF7D7FA6368039923F0C3
:10418000705363603368002B30D045F0007300201B
:10419000236000BF00BF00BF00BF00BF00BF00BF63
:1041A00000BF00BF00BF00BF00BF256000BF00BF51
:1041B00000BF00BF00BF00BF00BF00BF00BF00BF07
:1041C00000BF00BF013032688242E1D80EE000BF7C
:1041D000781A0420D043002000C00042C8430020C9
:1041E000CC4300200C1504207C1A0420BAF1000FE7
:1041F00072D00AEB010E45F00072481E0EF1FF3E30
:10420000226000BF00BF00BF00BF00BF00BF00BFF3
:1042100000BF00BF00BF00BF00BFD4F808C02560CA
:1042200000BF00BF00BF00BF00BF00BF00BF00BF96
:1042300000BF00BF00BF00BF226000BF00BF00BFC3
:1042400000BF00BF00BF00BF00BF00BF00BF00BF76
:1042500000BFA368256000BF00BF00BF00BF00BF54
:1042600000BF00BF00BF00BF00BF00BF00BF4FEADC
:104270009C6CC3F3836343EA0C1300F8013F704561
:10428000BED1DBF800302360636843F07D53636088
:10429000D8F8003033B1002000BF0130D8F800302A
:1042A0009842F9D3019BB3EB0A03019320D0D14488
:1042B00051444FEA195309934FEA194308934FEABF
:1042C000193307934FEA192305934FEA19130493FF
:1042D00009F00F03069377E6DBF80030236063688C
:1042E00043F07D536360D8F80030002BD3D16BE6E8
:1042F0000BB0BDE8F08F70472DE9F04F89B0009208
:10430000002A00F09381030D89460746DFF83CA29E
:104310000793030C88490693030B884D0593030A02
:10432000874E03930309874C029300F00F03049315
:104330006368854A43F07D5312686360009B934233
:1043400028BF13460A689846DAF8003043F0012384
:1043500043F4800323EA020323F0785BC4F800B03F
:104360002A682AB1002000BF01302B689842FAD396
:104370004BF040624BF0606022600192206000BF11
:1043800000BF00BF00BF00BF00BFFDF7CDF9019A1D
:10439000226000BF00BF00BF00BF00BF00BFFDF72D
:1043A000C3F94BF000524BF008502260019220609C
:1043B00000BF00BF00BF00BF00BF00BFFDF7B4F9E2
:1043C000019A226000BF00BF00BF00BF00BF00BF56
:1043D000FDF7AAF9079B03F00F024BEA826242F055
:1043E000007022600192206000BF00BF00BF00BFCC
:1043F00000BF00BFFDF798F9019A226000BF00BF1F
:1044000000BF00BF00BF00BFFDF78EF9069B03F0A1
:104410000F024BEA826242F000702260019220603B
:1044200000BF00BF00BF00BF00BF00BFFDF77CF9A9
:10443000019A226000BF00BF00BF00BF00BF00BFE5
:10444000FDF772F9059B03F00F024BEA826242F01E
:10445000007022600192206000BF00BF00BF00BF5B
:1044600000BF00BFFDF760F9019A226000BF00BFE6
:1044700000BF00BF00BF00BFFDF756F9039B03F06C
:104480000F024BEA826242F00070226001922060CB
:1044900000BF00BF00BF00BF00BF00BFFDF744F971
:1044A000019A226000BF00BF00BF00BF00BF00BF75
:1044B000FDF73AF9029B03F00F024BEA826242F0E9
:1044C000007022600192206000BF00BF00BF00BFEB
:1044D00000BF00BFFDF728F9019A226000BF00BFAE
:1044E00000BF00BF00BF00BFFDF71EF9049B4BEAF1
:1044F000836242F0007022600192206000BF00BF22
:1045000000BF00BF00BF00BFFDF70EF9019A226097
:1045100000BF00BF00BF00BF00BF00BFFDF704F930
:104520000549B8F1000F00F0848008EB090C09F18F
:10453000FF300CF1FF3C0BE0CC430020781A042044
:104540007C1A042000C00042C84300200C1504203F
:1045500010F8013F1B094BEA836343F000722360AC
:10456000226000BF00BF00BF00BF00BF00BF00BF90
:1045700000BF00BF00BF00BF00BF00BF00BF23607F
:1045800000BF00BF00BF00BF00BF00BF00BF00BF33
:1045900000BF00BF00BF00BF00BF00BF037803F033
:1045A0000F034BEA836343F000722360226000BF75
:1045B00000BF00BF00BF00BF00BF00BF00BF00BF03
:1045C00000BF00BF00BF00BF00BF236000BF00BF2F
:1045D00000BF00BF00BF00BF00BF00BF00BF00BFE3
:1045E00000BF00BF00BF00BF6045B1D1DAF80030A6
:1045F000236033682BB1002200BF013233689A4236
:10460000FAD3009BB3EB080300930FD04744C14497
:104610003B0D07933B0C06933B0B05933B0A03931F
:104620003B09029307F00F03049381E609B0BDE84C
:10463000F08FDAF8003023603368002BDBD177E6A7
:10464000002A00F0C681030D2DE9F04F8BB08146A2
:10465000DFF864B20993030C924F0893030B924E58
:104660000793030ADFF85482059303098F4C0493E0
:1046700000F00F030192069363688D4A43F07D5367
:1046800010686360019BDBF80050834245F0012510
:1046900028BF034645F480059A46864B1B6825EAE9
:1046A000030525F0785525603B682BB1002000BF3D
:1046B00001303B689842FAD345F0605345F06850AA
:1046C000039123600293206000BF00BF00BF00BFC2
:1046D00000BFFDF729F8029B236000BF00BF00BFA9
:1046E00000BF00BFFDF720F845F0305345F03850CB
:1046F00023600293206000BF00BF00BF00BF00BF67
:10470000FDF712F8029B236000BF00BF00BF00BF8F
:1047100000BFFDF709F8099B03F00F0345EA836327
:1047200043F0007023600293206000BF00BF00BF11
:1047300000BF00BFFCF7F8FF029B236000BF00BF73
:1047400000BF00BF00BFFCF7EFFF089B03F00F03A3
:1047500045EA836343F0007023600293206000BF4A
:1047600000BF00BF00BF00BFFCF7DEFF029B23605D
:1047700000BF00BF00BF00BF00BFFCF7D5FF079B15
:1047800003F00F0345EA836343F000702360029354
:10479000206000BF00BF00BF00BF00BFFCF7C4FF28
:1047A000029B236000BF00BF00BF00BF00BFFCF73B
:1047B000BBFF059B03F00F0345EA836343F00070E2
:1047C00023600293206000BF00BF00BF00BF00BF96
:1047D000FCF7AAFF029B236000BF00BF00BF00BF21
:1047E00000BFFCF7A1FF049B03F00F0345EA8363BE
:1047F00043F0007023600293206000BF00BF00BF41
:1048000000BF00BFFCF790FF029B236000BF00BF0A
:1048100000BF00BF00BFFCF787FF069B45EA83632C
:1048200043F0007023600293206000BF00BF00BF10
:1048300000BF00BFFCF778FF029B236000BF00BFF2
:1048400000BF00BF00BFFCF76FFF6368039923F050
:10485000705363603368002B32D045F00073002042
:10486000236000BF00BF00BF00BF00BF00BF00BF8C
:1048700000BF00BF00BF00BF00BF00BF256000BF7A
:1048800000BF00BF00BF00BF00BF00BF00BF00BF30
:1048900000BF00BF00BF00BF013032688242DFD8D6
:1048A0000EE000BF781A0420D043002000C0004270
:1048B000C8430020CC4300200C1504207C1A04209F
:1048C000BAF1000F76D00AEB010E45F00072481ED7
:1048D0000EF1FF3E226000BF00BF00BF00BF00BF5F
:1048E00000BF00BF00BF00BF00BF00BF00BF00BFD0
:1048F000D4F808C0256000BF00BF00BF00BF00BFE4
:1049000000BF00BF00BF00BF00BF00BF00BF00BFAF
:10491000226000BF00BF00BF00BF00BF00BF00BFDC
:1049200000BF00BF00BF00BF00BF00BFA36825607D
:1049300000BF00BF00BF00BF00BF00BF00BF00BF7F
:1049400000BF00BF00BF00BF00BF4FEA9C6CC3F3B5
:10495000836343EA0C1300F8013F7045BAD1DBF8DA
:1049600000302360636843F07D536360D8F8003003
:1049700033B1002000BF0130D8F800309842F9D39D
:10498000019BB3EB0A03019320D0D14451444FEA79
:10499000195309934FEA194308934FEA19330793C0
:1049A0004FEA192305934FEA1913049309F00F03F3
:1049B000069361E6DBF800302360636843F07D53C3
:1049C0006360D8F80030002BD3D155E60BB0BDE8BA
:1049D000F08F704708B500BF00BF00BF00BFFCF7F5
:1049E000A3FE08BD002A00F0ED81030D2DE9F04F74
:1049F0008BB08146DFF87CB00993030C184F089305
:104A0000030B184E0793030ADFF86C800593030924
:104A1000154C049300F00F03019206936368134A48
:104A200043F07D5310686360019BDBF800508342C4
:104A300045F0012528BF034645F480059A460C4BF6
:104A40001B6825EA030525F0785525603B68ABB166
:104A5000002000BF01303B689842FAD30EE000BF4F
:104A6000781A0420D043002000C00042C843002030
:104A7000CC4300200C1504207C1A042045F0605320
:104A800045F06850039123600293206000BF00BF8F
:104A900000BF00BFFFF79EFF029B236000BF00BF67
:104AA00000BF00BFFFF796FF45F0305345F0385088
:104AB00023600293206000BF00BF00BF00BFFFF76C
:104AC00089FF029B236000BF00BF00BF00BFFFF74C
:104AD00081FF099B03F00F0345EA836343F00070F5
:104AE00023600293206000BF00BF00BF00BF00BF73
:104AF00000BF00BF00BFFCF717FE029B236000BF92
:104B000000BF00BF00BFFFF765FF089B03F00F0366
:104B100045EA836343F0007023600293206000BF86
:104B200000BF00BF00BF00BF00BF00BF00BFFCF759
:104B3000FBFD029B236000BF00BF00BF00BF00BFA2
:104B400000BF00BF00BFFCF7EFFD079B03F00F03A2
:104B500045EA836343F0007023600293206000BF46
:104B600000BF00BF00BF00BF00BF00BF00BFFCF719
:104B7000DBFD029B236000BF00BF00BF00BF00BF82
:104B800000BF00BF00BFFCF7CFFD059B03F00F0384
:104B900045EA836343F0007023600293206000BF06
:104BA00000BF00BF00BF00BF00BF00BF00BFFCF7D9
:104BB000BBFD029B236000BF00BF00BF00BF00BF62
:104BC00000BF00BF00BFFCF7AFFD049B03F00F0365
:104BD00045EA836343F0007023600293206000BFC6
:104BE00000BF00BF00BF00BF00BF00BF00BFFCF799
:104BF0009BFD029B236000BF00BF00BF00BF00BF42
:104C000000BF00BF00BFFCF78FFD069B45EA836332
:104C100043F0007023600293206000BF00BF00BF1C
:104C200000BFFFF7D7FE029B236000BF00BF00BF9D
:104C300000BFFFF7CFFE6368039923F070536360F2
:104C40003368002B28D045F000730020236000BF9C
:104C500000BF00BF00BF00BF00BF00BF00BF00BF5C
:104C600000BF00BF00BF00BF00BF00BF00BF256086
:104C700000BF00BF00BF00BF00BF00BF00BF00BF3C
:104C800000BF00BF00BF00BF00BF00BF00BF00BF2C
:104C9000013032688242D9D8BAF1000F00F0838027
:104CA0000AEB010E45F00072481E0EF1FF3E226035
:104CB00000BF00BF00BF00BF00BF00BF00BF00BFFC
:104CC00000BF00BF00BF00BF00BF00BF00BF00BFEC
:104CD000D4F808C0256000BF00BF00BF00BF00BF00
:104CE00000BF00BF00BF00BF00BF00BF00BF00BFCC
:104CF00000BF00BF00BF226000BF00BF00BF00BFF9
:104D000000BF00BF00BF00BF00BF00BF00BF00BFAB
:104D100000BF00BF00BF00BFA368256000BF00BF89
:104D200000BF00BF00BF00BF00BF00BF00BF00BF8B
:104D300000BF00BF00BF00BF00BF00BF4FEA9C6CB8
:104D4000C3F3836343EA0C1300F8013F7045AED10F
:104D5000DBF800302360636843F07D536360D8F86C
:104D6000003033B1002000BF0130D8F80030984245
:104D7000F9D3019BB3EB0A03019320D0D1445144F2
:104D80004FEA195309934FEA194308934FEA19332D
:104D900007934FEA192305934FEA1913049309F077
:104DA0000F0306933AE6DBF800302360636843F0B4
:104DB0007D536360D8F80030002BD3D12EE60BB0C2
:104DC000BDE8F08F704700BF2DE9F04F89B0009229
:104DD000002A00F0A781030D89460746DFF854A298
:104DE0000793030C8E490693030B8E4D0593030A1C
:104DF0008D4E039303098D4C029300F00F0304932F
:104E000063688B4A43F07D5312686360009B934252
:104E100028BF13460A689846DAF8003043F00123A9
:104E200043F4800323EA020323F0785BC4F800B064
:104E30002A682AB1002000BF01302B689842FAD3BB
:104E40004BF040624BF0606022600192206000BF36
:104E500000BF00BF00BF00BF00BF00BF00BFFCF726
:104E600063FC019A226000BF00BF00BF00BF00BF0B
:104E700000BF00BF00BFFCF757FC4BF000524BF0E7
:104E8000085022600192206000BF00BF00BF00BF39
:104E900000BF00BF00BF00BFFCF746FC019A2260C4
:104EA00000BF00BF00BF00BF00BF00BF00BF00BF0A
:104EB000FCF73AFC079B03F00F024BEA826242F0D8
:104EC000007022600192206000BF00BF00BF00BFE1
:104ED00000BF00BF00BF00BFFCF726FC019A2260A4
:104EE00000BF00BF00BF00BFFFF774FD069B03F0CB
:104EF0000F024BEA826242F0007022600192206051
:104F000000BF00BF00BF00BFFFF764FD019A226031
:104F100000BF00BF00BF00BFFFF75CFD059B03F0B3
:104F20000F024BEA826242F0007022600192206020
:104F300000BF00BF00BF00BFFFF74CFD019A226019
:104F400000BF00BF00BF00BFFFF744FD039B03F09D
:104F50000F024BEA826242F00070226001922060F0
:104F600000BF00BF00BF00BF00BF00BF00BF00BF49
:104F7000FCF7DAFB019A226000BF00BF00BF00BF50
:104F800000BF00BF00BF00BFFCF7CEFB029B03F0D9
:104F90000F024BEA826242F00070226001922060B0
:104FA00000BF00BF00BF00BF00BF00BF00BF00BF09
:104FB000FCF7BAFB019A226000BF00BF00BF00BF30
:104FC00000BF00BF00BF00BFFCF7AEFB049B4BEA75
:104FD000836242F0007022600192206000BF00BF37
:104FE00000BF00BF00BF00BF00BF00BFFCF79CFBBD
:104FF000019A226000BF00BF00BF00BF00BF00BF1A
:1050000000BF00BFFCF790FB0549B8F1000F00F0AE
:105010008C8008EB090C09F1FF300CF1FF3C0BE030
:10502000CC430020781A04207C1A042000C00042DF
:10503000C84300200C15042010F8013F1B094BEA5F
:10504000836343F000722360226000BF00BF00BF93
:1050500000BF00BF00BF00BF00BF00BF00BF00BF58
:1050600000BF00BF00BF00BF00BF236000BF00BF84
:1050700000BF00BF00BF00BF00BF00BF00BF00BF38
:1050800000BF00BF00BF00BF00BF00BF037803F038
:105090000F034BEA836343F000722360226000BF7A
:1050A00000BF00BF00BF00BF00BF00BF00BF00BF08
:1050B00000BF00BF00BF00BF00BF00BF00BF236034
:1050C00000BF00BF00BF00BF00BF00BF00BF00BFE8
:1050D00000BF00BF00BF00BF00BF00BF00BF00BFD8
:1050E0006045A9D1DAF80030236033682BB1002283
:1050F00000BF013233689A42FAD3009BB3EB080336
:1051000000930FD04744C1443B0D07933B0C0693DB
:105110003B0B05933B0A03933B09029307F00F03F4
:1051200004936DE609B0BDE8F08FDAF80030236033
:105130003368002BDBD163E6002A00F0C481030D45
:105140002DE9F04F8BB08146DFF858B20993030C7C
:105150008F4F0893030B8F4E0793030ADFF84882A3
:10516000059303098C4C049300F00F0301920693FE
:1051700063688A4A43F07D5310686360019BDBF8E3
:105180000050834245F0012528BF034645F48005C1
:105190009A46834B1B6825EA030525F07855256060
:1051A0003B682BB1002000BF01303B689842FAD326
:1051B00045F0605345F068500391236002932060EE
:1051C00000BF00BF00BF00BF00BF00BFFCF7ACFACC
:1051D000029B236000BF00BF00BF00BF00BF00BF35
:1051E000FCF7A2FA45F0305345F0385023600293A3
:1051F000206000BF00BF00BF00BF00BF00BFFCF7C2
:1052000093FA029B236000BF00BF00BF00BF00BF36
:1052100000BFFCF789FA099B03F00F0345EA83639B
:1052200043F0007023600293206000BF00BF00BF06
:1052300000BF00BF00BFFCF777FA029B236000BFEE
:1052400000BF00BF00BF00BF00BFFCF76DFA089BA6
:1052500003F00F0345EA836343F000702360029379
:10526000206000BF00BF00BF00BF00BF00BFFCF751
:105270005BFA029B236000BF00BF00BF00BF00BFFE
:1052800000BFFCF751FA079B03F00F0345EA836365
:1052900043F0007023600293206000BF00BFFFF75F
:1052A00099FB029B236000BF00BFFFF793FB059BA8
:1052B00003F00F0345EA836343F000702360029319
:1052C000206000BF00BFFFF785FB029B236000BF8B
:1052D00000BFFFF77FFB049B03F00F0345EA8363E6
:1052E00043F0007023600293206000BF00BFFFF70F
:1052F00071FB029B236000BF00BFFFF76BFB069BA7
:1053000045EA836343F0007023600293206000BF8E
:1053100000BF00BF00BF00BF00BFFCF705FA029B43
:10532000236000BF00BF00BF00BF00BF00BFFCF78D
:10533000FBF96368039923F0705363603368002BB3
:1053400034D045F000730020236000BF00BF00BFD1
:1053500000BF00BF00BF00BF00BF00BF00BF00BF55
:1053600000BF00BF00BF256000BF00BF00BF00BF7F
:1053700000BF00BF00BF00BF00BF00BF00BF00BF35
:1053800000BF00BF013032688242DDD80EE000BFAE
:10539000781A0420D043002000C00042C8430020F7
:1053A000CC4300200C1504207C1A0420BAF1000F15
:1053B0007AD00AEB010E45F00072481E0EF1FF3E56
:1053C000226000BF00BF00BF00BF00BF00BF00BF22
:1053D00000BF00BF00BF00BF00BF00BF00BFD4F8C8
:1053E00008C0256000BF00BF00BF00BF00BF00BFF6
:1053F00000BF00BF00BF00BF00BF00BF00BF00BFB5
:10540000226000BF00BF00BF00BF00BF00BF00BFE1
:1054100000BF00BF00BF00BF00BF00BF00BFA36848
:10542000256000BF00BF00BF00BF00BF00BF00BFBE
:1054300000BF00BF00BF00BF00BF00BF00BF4FEAFA
:105440009C6CC3F3836343EA0C1300F8013F70457F
:10545000B6D1DBF800302360636843F07D536360AE
:10546000D8F8003033B1002000BF0130D8F8003048
:105470009842F9D3019BB3EB0A03019320D0D144A6
:1054800051444FEA195309934FEA194308934FEADD
:10549000193307934FEA192305934FEA191304931D
:1054A00009F00F03069363E6DBF8003023606368BE
:1054B00043F07D536360D8F80030002BD3D157E61A
:1054C0000BB0BDE8F08F704708B500BF00BF00BF4C
:1054D00000BF00BF00BF00BF00BFFCF725F908BD3B
:1054E0002DE9F04F89B00092002A00F0CB81030D26
:1054F00089460746DFF87CA20793030C9849069378
:10550000030B984D0593030A974E03930309974C99
:10551000029300F00F0304936368954A43F07D53B0
:1055200012686360009B934228BF13460A6898463E
:10553000DAF8003043F0012343F4800323EA020346
:1055400023F0785BC4F800B02A682AB1002000BFBD
:1055500001302B689842FAD34BF040624BF0606008
:1055600022600192206000BF00BF00BF00BF00BFEB
:1055700000BF00BF00BF00BF00BF00BF00BFFCF7FF
:10558000D3F8019A226000BF00BF00BF00BF00BF78
:1055900000BF00BF00BF00BF00BF00BF00BFFCF7DF
:1055A000C3F84BF000524BF008502260019220608B
:1055B00000BF00BF00BF00BF00BF00BF00BF00BFF3
:1055C00000BF00BF00BF00BFFCF7AEF8019A226029
:1055D00000BF00BF00BF00BF00BF00BF00BF00BFD3
:1055E00000BF00BF00BF00BFFCF79EF8079B03F0A1
:1055F0000F024BEA826242F000702260019220604A
:1056000000BF00BF00BF00BFFFF75EFF019A22602E
:1056100000BF00BF00BF00BF00BF00BF00BF00BF92
:1056200000BF00BF00BF00BFFCF77EF8069B03F081
:105630000F024BEA826242F0007022600192206009
:1056400000BF00BF00BF00BFFFF73EFF019A22600E
:1056500000BF00BF00BF00BFFFF736FF059B03F090
:105660000F024BEA826242F00070226001922060D9
:1056700000BF00BF00BF00BFFFF726FF019A2260F6
:1056800000BF00BF00BF00BFFFF71EFF039B03F07A
:105690000F024BEA826242F00070226001922060A9
:1056A00000BF00BF00BF00BFFFF70EFF019A2260DE
:1056B00000BF00BF00BF00BFFFF706FF029B03F063
:1056C0000F024BEA826242F0007022600192206079
:1056D00000BF00BF00BF00BFFFF7F6FE019A2260C7
:1056E00000BF00BF00BF00BF00BF00BF00BF00BFC2
:1056F00000BF00BF00BF00BFFCF716F8049B4BEAD9
:10570000836242F0007022600192206000BF00BFFF
:1057100000BF00BF00BF00BF00BF00BF00BF00BF91
:1057200000BF00BFFCF700F8019A226000BF00BF75
:1057300000BF00BF00BF00BF00BF00BF00BF00BF71
:1057400000BF00BFFBF7F0FF0549B8F1000F00F004
:105750009C8008EB090C09F1FF300CF1FF3C0BE0D9
:10576000CC430020781A04207C1A042000C0004298
:10577000C84300200C15042010F8013F1B094BEA18
:10578000836343F000722360226000BF00BF00BF4C
:1057900000BF00BF00BF00BF00BF00BF00BF00BF11
:1057A00000BF00BF00BF00BF00BF00BF00BF00BF01
:1057B00000BF236000BF00BF00BF00BF00BF00BF2D
:1057C00000BF00BF00BF00BF00BF00BF00BF00BFE1
:1057D00000BF00BF00BF00BF00BF00BF037803F0E1
:1057E0000F034BEA836343F000722360226000BF23
:1057F00000BF00BF00BF00BF00BF00BF00BF00BFB1
:1058000000BF00BF00BF00BF00BF00BF00BF00BFA0
:1058100000BF00BF00BF236000BF00BF00BF00BFCC
:1058200000BF00BF00BF00BF00BF00BF00BF00BF80
:1058300000BF00BF00BF00BF00BF00BF00BF00BF70
:10584000604599D1DAF80030236033682BB100222B
:1058500000BF013233689A42FAD3009BB3EB0803CE
:1058600000930FD04744C1443B0D07933B0C069374
:105870003B0B05933B0A03933B09029307F00F038D
:10588000049349E609B0BDE8F08FDAF800302360F0
:105890003368002BDBD13FE6002A00F0F181030DD5
:1058A0002DE9F04F8BB08146DFF87CB00993030CF3
:1058B000184F0893030B184E0793030ADFF86C8008
:1058C00005930309154C049300F00F03019206930E
:1058D0006368134A43F07D5310686360019BDBF8F3
:1058E0000050834245F0012528BF034645F480055A
:1058F0009A460C4B1B6825EA030525F07855256070
:105900003B68ABB1002000BF01303B689842FAD33E
:105910000EE000BF781A0420D043002000C00042EF
:10592000C8430020CC4300200C1504207C1A04201E
:1059300045F0605345F06850039123600293206066
:1059400000BF00BF00BF00BFFFF7BEFD029B23608A
:1059500000BF00BF00BF00BFFFF7B6FD45F03053EA
:1059600045F0385023600293206000BF00BF00BFA5
:1059700000BFFFF7A9FD029B236000BF00BF00BF6F
:1059800000BFFFF7A1FD099B03F00F0345EA836306
:1059900043F0007023600293206000BF00BF00BF8F
:1059A00000BFFFF791FD029B236000BF00BF00BF57
:1059B00000BFFFF789FD089B03F00F0345EA8363EF
:1059C00043F0007023600293206000BF00BF00BF5F
:1059D00000BFFFF779FD029B236000BF00BF00BF3F
:1059E00000BFFFF771FD079B03F00F0345EA8363D8
:1059F00043F0007023600293206000BF00BF00BF2F
:105A000000BFFFF761FD029B236000BF00BF00BF26
:105A100000BFFFF759FD059B03F00F0345EA8363C1
:105A200043F0007023600293206000BF00BF00BFFE
:105A300000BFFFF749FD029B236000BF00BF00BF0E
:105A400000BFFFF741FD049B03F00F0345EA8363AA
:105A500043F0007023600293206000BF00BF00BFCE
:105A600000BFFFF731FD029B236000BF00BF00BFF6
:105A700000BFFFF729FD069B45EA836343F00070F2
:105A800023600293206000BF00BF00BF00BF00BFC3
:105A900000BF00BF00BF00BF00BF00BF00BFFBF7DB
:105AA00043FE029B236000BF00BF00BF00BF00BFDA
:105AB00000BF00BF00BF00BF00BF00BF00BFFBF7BB
:105AC00033FE6368039923F0705363603368002BDF
:105AD00030D045F000730020236000BF00BF00BF3E
:105AE00000BF00BF00BF00BF00BF00BF00BF00BFBE
:105AF00000BF00BF00BF00BF00BF00BF00BF00BFAE
:105B000000BF256000BF00BF00BF00BF00BF00BFD7
:105B100000BF00BF00BF00BF00BF00BF00BF00BF8D
:105B200000BF00BF00BF00BF00BF00BF0130326830
:105B30008242D1D8BAF1000F00F093800AEB010E37
:105B400045F00072481E0EF1FF3E226000BF00BF0C
:105B500000BF00BF00BF00BF00BF00BF00BF00BF4D
:105B600000BF00BF00BF00BF00BF00BF00BF00BF3D
:105B700000BF00BFD4F808C0256000BF00BF00BF51
:105B800000BF00BF00BF00BF00BF00BF00BF00BF1D
:105B900000BF00BF00BF00BF00BF00BF00BF00BF0D
:105BA00000BF226000BF00BF00BF00BF00BF00BF3A
:105BB00000BF00BF00BF00BF00BF00BF00BF00BFED
:105BC00000BF00BF00BF00BF00BF00BFA3682560CB
:105BD00000BF00BF00BF00BF00BF00BF00BF00BFCD
:105BE00000BF00BF00BF00BF00BF00BF00BF00BFBD
:105BF00000BF00BF00BF00BF4FEA9C6CC3F38363CC
:105C000043EA0C1300F8013F70459ED1DBF80030E9
:105C10002360636843F07D536360D8F8003033B18C
:105C2000002000BF0130D8F800309842F9D3019B22
:105C3000B3EB0A03019320D0D14451444FEA1953E6
:105C400009934FEA194308934FEA193307934FEA30
:105C5000192305934FEA1913049309F00F030693D0
:105C600036E6DBF800302360636843F07D53636001
:105C7000D8F80030002BD3D12AE60BB0BDE8F08F66
:105C8000704700BF002A00F05582030D2DE9F04F48
:105C90008BB08146DFF87CB00993030C184F089352
:105CA000030B184E0793030ADFF86C800593030972
:105CB000154C049300F00F03019206936368134A96
:105CC00043F07D5310686360019BDBF80050834212
:105CD00045F0012528BF034645F480059A460C4B44
:105CE0001B6825EA030525F0785525603B68ABB1B4
:105CF000002000BF01303B689842FAD30EE000BF9D
:105D0000781A0420D043002000C00042C84300207D
:105D1000CC4300200C1504207C1A042045F060536D
:105D200045F06850039123600293206000BF00BFDC
:105D300000BF00BF00BF00BF00BF00BFFFF7C4FB34
:105D4000029B236000BF00BF00BF00BF00BF00BFB9
:105D500000BF00BFFFF7B8FB45F0305345F03850A7
:105D600023600293206000BF00BF00BF00BF00BFE0
:105D700000BF00BF00BFFFF7A7FB029B236000BF6F
:105D800000BF00BF00BF00BF00BF00BF00BFFFF7E4
:105D90009BFB099B03F00F0345EA836343F000700C
:105DA00023600293206000BF00BF00BF00BF00BFA0
:105DB00000BF00BF00BFFFF787FB029B236000BF4F
:105DC00000BF00BF00BF00BF00BF00BF00BFFFF7A4
:105DD0007BFB089B03F00F0345EA836343F00070ED
:105DE00023600293206000BF00BF00BF00BF00BF60
:105DF00000BF00BF00BF00BF00BF00BF00BFFEF775
:105E0000E9FD029B236000BF00BF00BF00BF00BFD1
:105E100000BF00BF00BFFFF757FB079B03F00F0356
:105E200045EA836343F0007023600293206000BF63
:105E300000BF00BF00BF00BF00BF00BF00BF00BF6A
:105E400000BF00BF00BFFEF7C5FD029B236000BF7F
:105E500000BF00BF00BF00BF00BF00BF00BF00BF4A
:105E600000BF00BF00BFFEF7B5FD059B03F00F03A9
:105E700045EA836343F0007023600293206000BF13
:105E800000BF00BF00BF00BF00BF00BF00BF00BF1A
:105E900000BF00BF00BFFEF79DFD029B236000BF57
:105EA00000BF00BF00BF00BF00BF00BF00BF00BFFA
:105EB00000BF00BF00BFFEF78DFD049B03F00F0382
:105EC00045EA836343F0007023600293206000BFC3
:105ED00000BF00BF00BF00BF00BF00BF00BF00BFCA
:105EE00000BF00BF00BFFEF775FD029B236000BF2F
:105EF00000BF00BF00BF00BF00BF00BF00BF00BFAA
:105F000000BF00BF00BFFEF765FD069B45EA836347
:105F100043F0007023600293206000BF00BF00BF09
:105F200000BF00BF00BF00BF00BFFFF7CDFA029B5C
:105F3000236000BF00BF00BF00BF00BF00BF00BFA5
:105F400000BFFFF7C1FA6368039923F070536360E1
:105F50003368002B38D045F000730020236000BF69
:105F600000BF00BF00BF00BF00BF00BF00BF00BF39
:105F700000BF00BF00BF00BF00BF00BF00BF00BF29
:105F800000BF00BF00BF00BF00BF00BF00BF256053
:105F900000BF00BF00BF00BF00BF00BF00BF00BF09
:105FA00000BF00BF00BF00BF00BF00BF00BF00BFF9
:105FB00000BF00BF00BF00BF00BF00BF00BF00BFE9
:105FC000013032688242C9D8BAF1000F00F0A380D4
:105FD0000AEB010E45F00072481E0EF1FF3E2260F2
:105FE00000BF00BF00BF00BF00BF00BF00BF00BFB9
:105FF00000BF00BF00BF00BF00BF00BF00BF00BFA9
:1060000000BF00BF00BF00BF00BF00BF00BF00BF98
:10601000D4F808C0256000BF00BF00BF00BF00BFAC
:1060200000BF00BF00BF00BF00BF00BF00BF00BF78
:1060300000BF00BF00BF00BF00BF00BF00BF00BF68
:1060400000BF00BF00BF226000BF00BF00BF00BF95
:1060500000BF00BF00BF00BF00BF00BF00BF00BF48
:1060600000BF00BF00BF00BF00BF00BF00BF00BF38
:1060700000BF00BF00BF00BFA368256000BF00BF16
:1060800000BF00BF00BF00BF00BF00BF00BF00BF18
:1060900000BF00BF00BF00BF00BF00BF00BF00BF08
:1060A00000BF00BF00BF00BF00BF00BF4FEA9C6C35
:1060B000C3F3836343EA0C1300F8013F70458ED1AC
:1060C000DBF800302360636843F07D536360D8F8E9
:1060D000003033B1002000BF0130D8F800309842C2
:1060E000F9D3019BB3EB0A03019320D0D14451446F
:1060F0004FEA195309934FEA194308934FEA1933AA
:1061000007934FEA192305934FEA1913049309F0F3
:106110000F030693D2E5DBF800302360636843F099
:106120007D536360D8F80030002BD3D1C6E50BB0A7
:10613000BDE8F08F704700BF2DE9F04F89B00092A5
:10614000002A00F0DF81030D89460746DFF878A2B8
:106150000793030C97490693030B974D0593030A86
:10616000964E03930309964C029300F00F03049399
:106170006368944A43F07D5312686360009B9342C6
:1061800028BF13460A689846DAF8003043F0012326
:1061900043F4800323EA020323F0785BC4F800B0E1
:1061A0002A682AB1002000BF01302B689842FAD338
:1061B0004BF040624BF0606022600192206000BFB3
:1061C00000BF00BF00BF00BF00BF00BF00BFFFF7A0
:1061D0007BF9019A226000BF00BF00BF00BF00BF73
:1061E00000BF00BF00BFFFF76FF94BF000524BF04C
:1061F000085022600192206000BF00BF00BF00BFB6
:1062000000BF00BF00BF00BFFFF75EF9019A226028
:1062100000BF00BF00BF00BF00BF00BF00BF00BF86
:10622000FFF752F9079B03F00F024BEA826242F03C
:10623000007022600192206000BF00BF00BF00BF5D
:1062400000BF00BF00BF00BF00BF00BF00BF00BF56
:10625000FEF7C0FB019A226000BF00BF00BF00BF75
:1062600000BF00BF00BF00BFFFF72EF9069B03F081
:106270000F024BEA826242F00070226001922060BD
:1062800000BF00BF00BF00BF00BF00BF00BF00BF16
:10629000FFF71AF9019A226000BF00BF00BF00BFDC
:1062A00000BF00BF00BF00BFFFF70EF9059B03F062
:1062B0000F024BEA826242F000702260019220607D
:1062C00000BF00BF00BF00BF00BF00BF00BF00BFD6
:1062D000FFF7FAF8019A226000BF00BF00BF00BFBD
:1062E00000BF00BF00BF00BFFFF7EEF8039B03F045
:1062F0000F024BEA826242F000702260019220603D
:1063000000BF00BF00BF00BF00BF00BF00BF00BF95
:10631000FFF7DAF8019A226000BF00BF00BF00BF9C
:1063200000BF00BF00BF00BFFFF7CEF8029B03F025
:106330000F024BEA826242F00070226001922060FC
:1063400000BF00BF00BF00BF00BF00BF00BF00BF55
:10635000FFF7BAF8019A226000BF00BF00BF00BF7C
:1063600000BF00BF00BF00BFFFF7AEF8049B4BEAC1
:10637000836242F0007022600192206000BF00BF83
:1063800000BF00BF00BF00BF00BF00BFFFF79CF809
:10639000019A226000BF00BF00BF00BF00BF00BF66
:1063A00000BF00BFFFF790F80249B8F1000F00F0FE
:1063B000AC800BE0CC430020781A04207C1A042027
:1063C00000C00042C84300200C15042008EB090C53
:1063D00009F1FF300CF1FF3C10F8013F1B094BEABB
:1063E000836343F000722360226000BF00BF00BFE0
:1063F00000BF00BF00BF00BF00BF00BF00BF00BFA5
:1064000000BF00BF00BF00BF00BF00BF00BF00BF94
:1064100000BF00BF00BF00BF00BF236000BF00BFC0
:1064200000BF00BF00BF00BF00BF00BF00BF00BF74
:1064300000BF00BF00BF00BF00BF00BF00BF00BF64
:1064400000BF00BF00BF00BF00BF00BF037803F064
:106450000F034BEA836343F000722360226000BFA6
:1064600000BF00BF00BF00BF00BF00BF00BF00BF34
:1064700000BF00BF00BF00BF00BF00BF00BF00BF24
:1064800000BF00BF00BF00BF00BF00BF00BF236050
:1064900000BF00BF00BF00BF00BF00BF00BF00BF04
:1064A00000BF00BF00BF00BF00BF00BF00BF00BFF4
:1064B00000BF00BF00BF00BF00BF00BF00BF00BFE4
:1064C000604589D1DAF80030236033682BB10022AF
:1064D00000BF013233689A42FAD3009BB3EB080342
:1064E00000930FD04744C1443B0D07933B0C0693E8
:1064F0003B0B05933B0A03933B09029307F00F0301
:10650000049335E609B0BDE8F08FDAF80030236077
:106510003368002BDBD12BE6264B2749274A70B581
:10652000C3F890140721C3F8A42429220024C3F837
:10653000A81483F8AD244FF47A762149214A224DDC
:106540000846C3F89C244C60204A8E600C730D6092
:10655000C3F88044C3F88444C3F88C44A3F8984437
:1065600083F8B14483F8B84483F8C844C1E91244BD
:1065700017490DF05DFE174B03F5A0721C73C3E9BC
:106580000146C3E9124443F8505B9342F6D10F4AE7
:10659000002011490DF04CFE104B0C4A1C7318469C
:1065A0001D600B49C3E90146C3E91244BDE87040D0
:1065B0000DF03EBE48FF01205C37002000093D0081
:1065C000E00B0420A036002038370020EC430020E8
:1065D0004D3C0000E8110420653C0000300C042014
:1065E00010B5144690F9002090F800C0002A13DA84
:1065F0000CF0E0028646C02A12D00CF0F002E02A2D
:1066000026D00CF0F802F02A04D104200CF0070C7C
:1066100088420ADD4FF6FD7C0120C4F800C010BDA1
:106620000CF01F0C02208842F4DC0EF101018644BC
:1066300001E08E45F1D00B78013103F0C00203F088
:106640003F03802A43EA8C1CF3D04FF6FD7CE3E73E
:106650000CF00F0C0320E6E7002B45DD9FED247ABC
:1066600000EB83038446FCEC017AF0EEE77AF4EE6B
:10667000C77AF1EE10FA37FE877A9C45F3D1DFED49
:106680001D6AC7EE267AF5EEC07AC2ED007AF1EE09
:1066900010FA26DDF7EE006A86EEA77A01396FF070
:1066A0007E0CF6EE006A0FE077EEA67AFDEEE77A52
:1066B00017EE902A6245B8BF62467F2AA8BF7F22A4
:1066C000984201F8012F0BD0F0EC017A67EE877A3F
:1066D000F5EEC07AF1EE10FAE6D577EEE67AE5E768
:1066E00070479FED037AD9E700231360704700BF1E
:1066F000000000000000FE42D0E90123934223DAAB
:10670000D21AD0F800C0F0B5C4684FEAE37EDCF8D6
:1067100014600027A242A8BF2246DCE903450A61B3
:106720001A44C8618F61C1E90243A3FB043C04FB26
:106730000ECCEC184CEB06030C60054C4B600123AF
:106740004C6182601846F0BD00231846704700BFB8
:10675000ADFF00000246D0E9010383422ADAC01AE5
:10676000D2F800C0F0B5D46883B0D2F88450A0420B
:10677000DCF8147001954FEAE375A8BF2046DCE908
:1067800003460861A3FB04EC04FB05CC16EB0E0EDC
:10679000019DC1E902434CEB0704C1E900E45DB18E
:1067A000064C03444C6101200024CA618C61936053
:1067B00003B0F0BD00207047014CF2E7550A01001C
:1067C000DD0901002B4BD0F818C09B689C454EDAC0
:1067D000C269F0B502F001034469012A83B004FBE9
:1067E00003C3D0F800E04FEAE3752E4623DDDEF860
:1067F000AC600096DEE92C760C610196009EC1E942
:106800000263A6FB033EFC1806FB05EE019E4EEB61
:106810000603032AC1E90043174B4FF000044B6104
:106820001DD1164A0CF12003C1E90620C0E9063447
:10683000012003B0F0BDDEE923C5DEF894E00C6171
:10684000C1E902C3ACFB03340CFB064415EB030C9B
:1068500044EB0E030A4CC1F800C04B604C610023AE
:106860000132C1E90630C261012003B0F0BD002051
:10687000704700BFD8700120D1000100610E0100F7
:10688000550001000F2938B530D8DFF88CE0844678
:106890005EF8310050B31468012BCCF80010CCF82E
:1068A000084021D9022B936807D0D2E90452022D67
:1068B00072F1000201D3A5FB0335CCF80430B4FB20
:1068C000F0F300FB1340D0B90EEBC10E0121DEF84E
:1068D0000420CCF8181002FB03F3DDE90445CCF8E2
:1068E0000C30CCE9044538BD0123E6E70B46074AE6
:1068F000A02107480EF04AFF4FF0FF3038BD234675
:10690000044AA02102480EF041FFF5E728290020A3
:106910001CE00420442900205004002010B51C462F
:10692000836986B063B3D0E901CE8C451CD196450E
:106930001AD1D0F800C02CF00403082B02D0BCF10F
:106940000E0F06D1C368B3F5C04F21D8002006B0A2
:1069500010BD089BA021114A1148CDE9004C0EF052
:1069600015FF4FF0FF30F2E70492089B0D4A0C48E8
:10697000CDE902E1CDE9004CA0210EF007FFF0E7E0
:10698000089BA021084A009405480EF0FFFEE8E7A6
:10699000064AA02102480EF0F9FEE2E7A8290020ED
:1069A0001CE004207C29002068290020D429002034
:1069B000134B1A68033230B522F0030C114C4FF020
:1069C000000E0D4624681CEB000183B0C3F800C024
:1069D0004EEB0E028C427EEB020205D37046C5F8E8
:1069E00000C0196003B030BD0346074AA021074824
:1069F000CDE900C40EF0CAFE4FF0FF30F2E700BF51
:106A0000CCE00420D0E00420F42900201CE0042085
:106A10002DE9F84F8B46C8B307460026DFF884906F
:106A200040F2B3151B4CDFF87080A7EB060A414615
:106A300006F50070BAF5C04F28BF4FF4C04A524661
:106A4000FAF754F9C0B9144B08EB0A0213F8010B1A
:106A500080EA090093424FEA002C05FB04CCA0FB1E
:106A600005946444F2D106F5C046B742DDD8002053
:106A7000CBE90094BDE8F88F3346084AA0210848C6
:106A80000EF084FE4FF0FF30BDE8F88FDFF8149071
:106A9000004CECE7B00F6514C04A0020242A002007
:106AA0001CE0042083039D73F0B517461E46044680
:106AB0000D462DED028B85B0FAF7AEF93A46334616
:106AC00029462046B0EE408BFAF714FE0746FAF747
:106AD000A3F9114B30EE480B9A6D93ED027B92199E
:106AE0009A6537EE007BDA6D42F1000283ED027B9E
:106AF000DA6527B9384605B0BDEC028BF0BD074A10
:106B0000A02102960648CDE900450EF03FFE38462A
:106B100005B0BDEC028BF0BDD8BE0120482A002094
:106B20001CE00420002952D02DE9F04F294D83B0FC
:106B300007460E46DFF8A8A005F11009EC680EE044
:106B4000B345D846384628BFB046424647440BF0C6
:106B5000A9FFEC68B6EB08064444EC6029D0AB68AA
:106B600004EB0901A342A3EB040BE9D1D5E9002111
:106B7000DAE90030A4184A4641F100089C4278EB5B
:106B800000011AD21B1B41F2010160EB08008B428D
:106B9000414670F10000204628BF4FF480539B46C9
:106BA000FFF782FF494678B9C5E90048C5E902B058
:106BB000C6E7002003B0BDE8F08F074AA0210748D0
:106BC000CDE900480EF0E2FD4FF0FF30F2E7002083
:106BD000704700BFC8AE0120682A00201CE00420D6
:106BE000B005022070B5C3681546426882B00446FD
:106BF0000E4602FB03F30E4AD0E90401FFF754FFEF
:106C000098B903463246206809490095F0F7CAF85A
:106C100008B902B070BDDFF820C0064CBCE80F0018
:106C20000FC49CE8030084E803004FF0FF30F0E756
:106C3000C04A00201CE00420882A002030B50369E7
:106C40001546026883B00446D2F808C08BB1002212
:106C500008461D4B01921D491D4ACDF800C0F0F7B2
:106C60001FFB63697BB103EB850383ED000A03B06F
:106C700030BD1068154ACDE900C3154BF0F7B4FDDF
:106C80006369002BEFD1134BD3ED007AF4EEC07A99
:106C9000F1EE10FA0CD4104BD3ED007AF4EEC07A7A
:106CA000F1EE10FAE3D50D4A83ED000A1560DEE738
:106CB0000B4A0948094983ED000A1368C0ED007AC0
:106CC00015600B6003B030BD6806042004D60320B5
:106CD0000401042014E0042018E00420C4E004208F
:106CE000C0E0042070B5C3680546046816468EB03F
:106CF0004268D4F8880013B3002306AC029008461B
:106D0000039305F1600311460494009305F12002FA
:106D100005F14003F1F790F9686800280DDD06F0F1
:106D20001F010E4A234604EB800002EB810253F858
:106D3000041B834242F8801BF9D10EB070BDD4F819
:106D40008040CDE9020305F14003204606AC0093E4
:106D500005F120030494F1F7F5FADDE740B02520B2
:106D600070B503690546046816468EB04268D4F8CB
:106D7000A80013B3002306AC02900846039305F164
:106D8000600311460494009305F1200205F14003CD
:106D9000F1F752F9686800280DDD06F01F010E4A70
:106DA000234604EB800002EB810253F8041B83426C
:106DB00042F8801BF9D10EB070BDD4F8A040CDE9E7
:106DC000020305F14003204606AC009305F12003C1
:106DD0000494F1F7B7FADDE740B425200000000085
:106DE0001F4AD2E9023C10B5A3EB0C0E0C46002161
:106DF0008645A1411AD211685B18516841F1000C17
:106E00001B1818484CEB0401B3EB0E03D0E900400B
:106E100061F100019C4288410BD39FED0F7BC2E9D9
:106E2000003182ED027B0024204610BD6044D0601A
:106E3000F9E7DFF834E04FF0FF34DFF830C0BEE8A8
:106E40000F00ACE80F009EE803004CF8040BACF810
:106E50000010E9E7AFF30080000000000000000030
:106E6000C8AE0120B0050220A02A00201CE00420AA
:106E70008C46D0E90113BCF5006F01FB03F300B5AC
:106E800083B010D8B3EB0C0218BF01225AB90368C3
:106E9000012B12D8C36803FB01F1B1F5C04F12D822
:106EA000104603B000BD0E4AA0210E48CDF800C028
:106EB0000EF06CFC4FF0FF30F3E70B4AA0210948BD
:106EC0000EF064FCF6E7DFF824E0DFF818C0BEE857
:106ED0000F00ACE80F009EE807008CE80700E9E728
:106EE000B82A00201CE00420E42A0020FC2A00200C
:106EF00038B5234D04462B682DED028B002B33D182
:106F00009FED1D7BB0EE478B23692168D4E9010218
:106F10001A4400FB03116369E0699847D4E903321E
:106F200001329A4222610AD02B688BB9D4E903302E
:106F3000BDEC028B9842ACBF0020012038BDA36994
:106F4000002BF1D0A168E06998472B68002BEDD0A9
:106F5000F9F762FF0B4B30EE480B93ED147B37EEE5
:106F6000007B83ED147BE1E7F9F756FFB0EE408B31
:106F7000CAE700BFAFF3008000000000000000007F
:106F8000C8E00420D8BE0120D0E903329A4201DAD9
:106F9000FFF7AEBF002070472DE9F0472DED048BC1
:106FA00084B0984681468A461746109C3E4DF9F7B4
:106FB00033FF3E4E0123B0EE409B336095ED148BC2
:106FC000002C3BD0D4E903329A4235DB00233A4609
:106FD00051460093484643460194FAF735FB002397
:106FE00007463360F9F718FF30EE497BAB6D95ED3E
:106FF000146B13EB080336EE486BAB65EB6D95ED48
:10700000025B37EE467B43F10003EB6537EE057B11
:1070100085ED027B002F35D12046D4E903329A4218
:1070200003DAFFF765FF0028F6D10027384604B0E1
:10703000BDEC048BBDE8F0871D4BC8E73A464346DC
:1070400051464846CDE90044FAF7FEFA3460074657
:10705000F9F7E2FE30EE497BAB6D95ED146B13EB67
:10706000080336EE486BAB65EB6D95ED025B37EED2
:10707000467B43F10003EB6537EE057B85ED027B34
:10708000002FD2D04B4654460A4AA021CDF80880A2
:107090000948CDE900340EF079FB384604B0BDEC68
:1070A000048BBDE8F08700BFD8BE0120C8E00420F3
:1070B000F9020100482A00201CE004202DE9F043D9
:1070C0000F469BB0064602A93846B047044618B999
:1070D00020461BB0BDE8F083069A00210298049B6D
:1070E000DFF8BC8002FB03F3C0F3080200914244C6
:1070F0000399FFF751FF054600284AD1029B0DF185
:1071000048091690C3F3080343441293049B139356
:10711000069B1593089B1893099B1993059B149341
:10712000079B179323E06C420E9A0A980C9B04F479
:10713000C4440B9902FB03F34444C0F30802CDF8A6
:1071400000902244FFF728FF18BB0C9B1690139366
:107150000D9B0E9814930A9B1590C3F30803DDE969
:107160000F121C44119BCDE91712199312940AA90E
:107170003846B04785F0010504460028D3D1DDE943
:10718000153212A89A42A3DAFFF7B2FE0028F6D110
:107190009EE74FF0FF3420461BB0BDE8F08300BFF0
:1071A000C04A00202DE9F043A9B00746894614469D
:1071B00000218C2205A80193309D329EDDF8D080FD
:1071C0000EF0C6FCF9684FF4C042019B11F0030FAA
:1071D000B2FBF1F2CDE9037901D0012A27D806925A
:1071E000B1F5C04F359A07940892389A0992369AA9
:1071F0002292379A239227D8002C0FDD09AA3198C2
:10720000339902EB840442F8043FA24210622B44FB
:10721000116400EB860001EB8801F4D103A910484A
:10722000FFF74CFF0446204629B0BDE8F0833599AE
:1072300022F00102089138990991369922913799E3
:10724000CDE906242391D7E7064E4FF0FF34064DD3
:107250000FCE0FC596E80F0007C52B80E3E700BFF0
:10726000C5FA0000182B00201CE0042070B505466C
:107270001446234A00232E19106843EB0302B04240
:1072800093412DED028B84B02ED30391F9F7C4FD09
:10729000224603992846B0EE408BFAF7BFFC06461B
:1072A000F9F7BAFD174B30EE480B1A6E93ED047BDD
:1072B00012191A6637EE007B5A6E42F1000283ED16
:1072C000047B5A6626B9304604B0BDEC028B70BD13
:1072D0002B460D4AA02100940C480EF057FA304678
:1072E00004B0BDEC028B70BDCDE900402B46084ACE
:1072F000A02106484FF0FF360EF048FAE3E700BF42
:10730000D0E00420D8BE0120642B00201CE0042023
:10731000382B002030B5124C85B02468C4B11AB99E
:107320001446204605B030BD034600F500701546F2
:107330000393F9F7DBFC039B04460028F1D0094ACC
:10734000A021009508480EF021FA204605B030BD76
:10735000002AE6D005B0BDE83040FFF787BF00BF88
:10736000D4E00420842B00201CE0042070B50546E6
:107370001446234A00232E19106843EB0302B0423F
:1073800093412DED028B84B02ED30391F9F744FD88
:10739000224603992846B0EE408BFAF779FB064661
:1073A000F9F73AFD174B30EE480B9A6E93ED047BDC
:1073B00012199A6637EE007BDA6E42F1000283ED15
:1073C000047BDA6626B9304604B0BDEC028B70BD92
:1073D0002B460D4AA02100940C480EF0D7F93046F8
:1073E00004B0BDEC028B70BDCDE900402B46084ACD
:1073F000A02106484FF0FF360EF0C8F9E3E700BFC2
:10740000D0E00420D8BE0120E02B00201CE00420A6
:10741000B02B00202DE9F04FDFF820B185B0804679
:10742000DBF810700291002F25DD4FF00009DBF82A
:1074300014603D4DDFF800A14C460390CDE90023D8
:1074400000982A460AEB0901334600EB890004350F
:10745000FFF702F9019A3549334602EB8900344AB5
:107460004944B14402EB84020134FFF7F5F8A74226
:10747000E6D1DDF80C80DBF82430A3FB0832029A59
:107480009B18DBF81C20FAB12A4C2B49D4F8D80DF4
:1074900002FB0300FFF76AFF002842D1DBF824302B
:1074A000D4F8DC0DA3FB0832029CDBF81C201B196E
:1074B00002FB030042B11D49FFF758FF88BBDBF810
:1074C0002430A3FB08321B19BF0026D0DBF81020A4
:1074D000184C02FB03F31449D4F8E00D3A4600EBD4
:1074E0008300FFF743FFE0B9DBF824303A46D4F8D5
:1074F000E40DA3FB08310299DBF810405B180C493E
:1075000004FB03F300EB8300FFF730FF003818BFE4
:107510000120404205B0BDE8F08F384605B0BDE817
:10752000F08F4FF0FF30F5E7C44B0320E4730320E6
:10753000E4750320D8A00120C4490320D87001209D
:1075400010B586B04FF0000C0090C068CDE9011C6A
:1075500084074FF4C041B1FBF0F101D001290DD8EF
:10756000B0F5C04F0593CDE903120DD869460E481A
:10757000FFF7A4FD8446604606B010BD21F001016E
:10758000CDE904230391F1E7084C4FF0FF3CDFF80D
:1075900020E00FCCAEE80F0094E80F00AEE8070043
:1075A000AEF80030E7E700BF69FA0000182B0020B2
:1075B0001CE00420F0B5144D83B004461646019536
:1075C0001F46124D002308460095A268EFF7EAFD1A
:1075D00023680C2B08D0334600223946204603B0DE
:1075E000BDE8F040FFF7ACBF094B284600930023ED
:1075F000A268EFF737FE334601223946204603B032
:10760000BDE8F040FFF79CBF0401042004D603202E
:10761000680604208446006830B5DCE9044387B07E
:10762000D0F808E08BB10CF15C030492002208460C
:107630000093214603920CF13C030CF11C02CDF89F
:1076400008E0F0F7F9FC07B030BD0068CDF808E0BD
:107650000CF13C0E0492224603930CF11C03CDF86E
:1076600000E0F0F76FFE07B030BD00BF10B58AB084
:10767000144602AA0190FFF7CDFF01980169002985
:107680002DDD02ABD0F818E09DED027A03EB81010D
:1076900003ABD0E91F2C02EB8402BEF1000F14D122
:1076A00002EB8C0E994282ED007A18460EEB8C02AA
:1076B00015D0F0EC017A8142CEED007A0FD093ED37
:1076C000017A0833ECE7B3EC017AD2ED007A994203
:1076D00077EE877AC2ED007A02EB8C02F3D10AB022
:1076E00010BD00BF2DE9F0438BB0914602AA019076
:1076F000FFF790FF01980469002C33DDD0F8842057
:1077000002A96FF00306D0F8887002EB8404761AA1
:107710000DE0D0E923E88CED007A5EF8035048F8DC
:10772000035042ED017A4EF80390A2421AD0F1ECD8
:10773000017AB2EC017A7318B4EEE77A07EB030C26
:10774000F1EE10FAE5D49CED007AB4EEE77AF1EEB2
:1077500010FAEAD5D0F890E0A242CCED007A4EF8CB
:107760000390E4D10BB0BDE8F08300BF10B5141E48
:1077700082B030DD0346A2009FED247A00EB840C3A
:10778000F3EC017A67EEA77A634537EE277AF7D1F3
:1077900007EE904AF8EEE76AC7EE267A37EE800ADF
:1077A000B5EE400AF1EE10FA24D4F1EEC07A184B8F
:1077B0000244B7EE007AC7EE276AF0EC017AB1EC2A
:1077C000017A824266EEA77A67EE877AE3EC017A65
:1077D000F3D102B010BD07EE904ADFED0C6AB8EEAF
:1077E000E77AC6EE877A37EE800AB4EE660AF1EEE3
:1077F00010FAEED5CDE900010CF0EEFC002CF0EE15
:10780000407AE6DDA200DDE90001D0E700000000DB
:107810000496032070B500EB820084B0164608225F
:107820000D461C460DEB0201FFF774FDB0B9DDE912
:107830000202121AB2F5806F0ADA28442146019238
:10784000FFF768FD50B9019AA054104604B070BD0E
:107850003346044AA02104480DF098FF4FF0FF3250
:10786000F3E700BF042C00201CE004202DE9F043C6
:1078700083B09846064617460A9D2B78002B37D0D2
:1078800028461C4C40F2B3125C4010F8013FA4FBA8
:10789000024C002BF8D101F1FF3910E0DDF804C0F3
:1078A0000CF1FF32BCF1000F18D0FFF7B3FF002836
:1078B0002946114812DB01340EF03AFD98B104223A
:1078C00009EA04040DEB020106EB8400FFF722FD38
:1078D0000246094B41463846002ADFD04FF0FF30C0
:1078E00003B0BDE8F0830198013803B0BDE8F08330
:1078F000004CD0E783039D73C8D704201C4B821C27
:1079000033F8101033F81220F0B5551A40F2FE3457
:1079100083B0A54229DC0130164D33F810602846AB
:10792000154B741A971B194422460BF0BBF8124BE7
:10793000601C3A469919202328442B550BF0B2F8C5
:107940002C440E4800223C44D0F8A43C627063B141
:10795000D0F8B43CD0F8B02CD0F8C41CD0F8C00C8F
:107960000095FFF783FF03B0F0BD4FF0FF30FAE75B
:10797000C0610220BC1D0220B8050220D8A0012051
:1079800003783C2B3CD1F0B51F4D93B0D5F8D43DD6
:1079900093B30F4604463E2101300EF01DF958B353
:1079A000001B3E2828DC461C214602A80024324643
:1079B0000BF078F80DEB060214720090D5F8AC3C91
:1079C000D5F8A82CD5F8BC1CD5F8B80CFFF74EFF9D
:1079D000002811DBD5F8D41DA1420DDD05F54D625F
:1079E000234601E08B4207D052F8044F0133844212
:1079F000F8D13E6013B0F0BD4FF0FF3013B0F0BDD2
:107A00004FF0FF30704700BFD8A001207F2810D86A
:107A1000A0F10903042B10D920280ED040F0200338
:107A2000613B192B3FD930380A2834BF032000208E
:107A30007047A02818BF852801D101207047B0F5F4
:107A4000B45FFAD0A0F500530A2BF6D9244BC31823
:107A5000012BF2D942F22F0242F25F03984218BF83
:107A60009042EAD0A0F54052B2FA82F25209002ABE
:107A7000E3D140F2A221DFF86CC010B502E0591E3C
:107A80008A4212DC531848BF01335B105CF8334064
:107A90000CEBC30EA042F2D3DEF804E05A1C704592
:107AA000EED8022010BD022070478E210022DFF8A0
:107AB00038C002E0591E8A4210DC531848BF013317
:107AC0005B105CF833400CEBC30EA042F2D3DEF83F
:107AD00004E05A1C7045EED8032010BD002010BDF4
:107AE000D8DFFFFF70560060F85100600000000012
:107AF0004368002B40F3238111444B1E2DE9F043D2
:107B0000B14E23F01F05B14C5B1135448046A6F5FC
:107B1000006604EB830400272DED108B9FED88EBAE
:107B2000A3B00DF1080EB4469FED87FB7DE0B4EEE7
:107B3000E0DAB6EE005BB1EE4D7AF1EE10FA9FEDB1
:107B4000841B9FED852B9FED863B9FED874B63DC70
:107B5000B7EEC77AB7EE006B9FED850B9FED869B66
:107B60009FED87CB27EE000B9FED87BB9FED88AB8A
:107B7000B5EEC00BF1EE10FA78D530EE450B9FED67
:107B8000868BFDEEC00B10EE903AB8EEE00B00EEE7
:107B9000487B9FED838B00EE487BB0EE4F0B9FED53
:107BA000828B07EE080B9FED828B00EE078B9FED1B
:107BB000820B08EE070B00EE071B01EE072B02EE0F
:107BC000073B03EE074B04EE079BB0EE464B09EE76
:107BD00007CB0CEE07BB0BEE07AB0AEE075B05EE1F
:107BE000074B04EE076B6FF47F7903F257620020B6
:107BF0004B454FEA0251F7EE007A26DA41EC150BBD
:107C000026EE056B9FED6E5B26EE056BB7EEC66B41
:107C100036EE276A8DEE06DADCEDFF7A22AB67EEF0
:107C20008D7AEEEC017A9E4565D0BCEC01DAB0EEBF
:107C30004E6BDFED677A40F2F233DFED660AB4EEA9
:107C4000E7DAF1EE10FA7FF572AF03F2FF310022AE
:107C5000F7EE007A0B0543EC152B26EE056BB7EE1D
:107C6000C66B36EE276A8DEE06DAD5E730EE050BE9
:107C7000B0EE44CBB0EE43BBFDEEC06BB0EE4F0BAD
:107C8000B0EE493B16EE903AB8EEE66B9FED424BF4
:107C90009FED458B9FED3AAB06EE447B9FED404B4D
:107CA0009FED3B9B06EE447BB7EE006B9FED364BA2
:107CB00007EE080B9FED3E8B00EE078B9FED3E0B12
:107CC00008EE070B00EE071B01EE072B02EE07BBC9
:107CD0000BEE07CB0CEE073B03EE07AB0AEE074BB0
:107CE00004EE079BB0EE464B09EE075B05EE074B33
:107CF00004EE076B77E738490023202202A86118B9
:107D000000950191EFF74EFAD8F8083083B90137A2
:107D1000D8F8043005F52C5504F26454BB4206F142
:107D200080063FF7FEAE23B0BDEC108BBDE8F083BC
:107D30002022002328460094EFF794FAE7E77047E3
:107D40008EECF8F45D94ED3F096DA8134612E63D04
:107D50005C9F78B74F7E923E34C756A5E31DC73E61
:107D60001AA0011AA001FA3E1AA0011AA0012A3F86
:107D7000FE822B654715F73F176CC1166CC1563F45
:107D8000111111111111813F555555555555A53FEB
:107D9000555555555555C53F0000E0FE422EE63F6E
:107DA000763C7935EF39EA3D9D7CC0A87439A93D10
:107DB00098D8F8EFD8EE213EE444F56745E65A3E00
:107DC000000000000000701A40B82520603B27200A
:107DD00000002FC400003944E0D4FFFF0000000081
:107DE0002DE9F04F0F1E2DED108B8DB040F31E824C
:107DF000012A904640F31A8207EE903A07EE102AC5
:107E0000002A9446F8EEE77A8646B8EEC76BB8BF0C
:107E100002F1010C0022CDED077AB7EEC07A4FEAED
:107E20006C0C8DED087BDDF82490C9F30A5AAAF298
:107E3000FF3BCDF82CA08DED046BC9F31303EA4D85
:107E4000089C0EEB8C001D430B9B7146BA46A3F2B7
:107E5000FE330A929FEDAE7B45EC1F4B9FEDAE6B60
:107E6000B4EEC7FB9FEDAE9BF1EE10FA9FEDAE8B2B
:107E7000D8BF5B4607EE103A0023B8EEC77B9FEDF4
:107E8000ACEB27EE066B9FEDACAB9FEDADCB8DED74
:107E9000026B9FEDAD6B9FEDAEBB9FEDAFDB27EEB1
:107EA000067B8DED007B07EE903AB8EEE77B9DED0B
:107EB000046B37EE077B87EE061B9FED957BB4EED8
:107EC000C7FBF1EE10FA00F3C58145EC164BB7EE97
:107ED000002B17269FEDA27B36EE425B36EE026B3F
:107EE00085EE063B23EE034B06EE906A023EB8EEAB
:107EF000E65B721C82EE056B07EE046BB0EE467B10
:107F0000F2D133EE033B9DED026B03EE076B9DED6B
:107F1000007B36EE077B9FED946B21EE477BB4EE42
:107F2000C67BF1EE10FA00F386819FED916BB4EE03
:107F3000C67BF1EE10FA00F1A1819FED8F5B27EE79
:107F4000055BB5EEC05BF1EE10FA40F19A81B6EE3A
:107F5000006B9FED7D3B35EE465B9FED6F4BFDEE7D
:107F6000C55B15EE902AB8EEE55B05EE437B05EEAA
:107F7000447B9FED834B9FED845B07EE045B9FED9D
:107F8000844B05EE074B9FED845B04EE075B9FED92
:107F9000844B05EE074BB0EE495B04EE075BB0EE99
:107FA000484B05EE074BB0EE4E5B04EE075BB0EEC0
:107FB0004A4B05EE074BB0EE4C5B04EE075BB0EEB0
:107FC0004B4B05EE074BB0EE4D5B04EE075B05EE49
:107FD000076BB0EE425B06EE075B05EE072B6FF416
:107FE0007F77BA4280F22B8102F257620026170592
:107FF00047EC176B22EE077B9FED6B6B27EE067B42
:10800000B7EEC75BDDED077AB6EE006B27EE855A5B
:108010009FED677BB7EEC55A25EE077BB5EEC07BBB
:10802000F1EE10FA00F11B8137EE067BBDEEC77B47
:10803000B6EE002B9FED606B17EE102AB8EEC77BF3
:108040009FED5F3B07EE465B02F00306012E9FEDBE
:108050005E6B9FED5F4B07EE465BB7EE007B9FEDDF
:108060005E6BB0EE450B9FED5E5B20EE001B01EEFC
:10807000035B11EE046B9FED424B15EE014B9FED40
:10808000425B06EE015B9FED426B04EE016B9FEDE0
:10809000424B15EE014B9FED425B16EE015BB0EEDD
:1080A000496B04EE016BB0EE484B05EE014BB0EEB0
:1080B0004E5B16EE015BB0EE4A6B14EE016BB0EE58
:1080C0004C4B05EE014BB0EE4B5B06EE015B15EE43
:1080D000012BB0EE4D5B14EE015BB0EE474B02EEB0
:1080E000017B05EE014BB7EEC77B20EE044BB7EEEC
:1080F000C44B00F0B780022E00F0BB80F1EE477A4F
:10810000002E07FE047A04FE274A6FE0AFF30080DA
:10811000CD3B7F669EA0F63F763C7935EF39EA3D50
:1081200034C756A5E31DC73E1AA0011AA001FA3EA6
:108130001AA0011AA0012A3F176CC1166CC1563F44
:10814000111111111111813F0000E0FE422EE63F96
:10815000555555555555A53F555555555555C53F3B
:108160007B14AE47E17AA43F0000000000E08540A8
:1081700000000000002087C0FE822B654715F73FF6
:108180009D7CC0A87439A93D096DA8134612E63D2F
:1081900098D8F8EFD8EE213EE444F56745E65A3E1C
:1081A0005C9F78B74F7E923E000000000000701A7E
:1081B00083C8C96D305FE43F00004054FB21F93FA4
:1081C000977DB9637882A6BC3163621A61B4D03DF1
:1081D0004AAD3070C752E93C1FB833E7F3E76A3D58
:1081E0001FB833E7F3E72A3D0000F03FD1ED007AF6
:1081F0000133D0ED006A27EE876A9C4567EE847AEA
:1082000026EE844A66EE876A36EE447A77EEA67AE0
:10821000A1EC017AE0EC017A3FF745AE0A9A5746A5
:108220000EEB880E013292457FF407AE0DB0BDEC27
:10823000108BBDE8F08F9FED382B40F2F23202F246
:10824000FF320026170547EC176B22EE072BB7EE1F
:10825000C25BD7E6B6EE006B2FEE066B37E637EE65
:10826000467BE3E6F1EE447AB0EE474AB0EE677A39
:10827000BCE7B1EE444AB1EE477AB7E79FED445A06
:10828000C0E6B6EE000B9FED263B35EE005B9FEDA2
:10829000264BFDEEC56B9FED265B16EE902AB8EEE1
:1082A000E66B06EE437B9FED243B06EE457B9FEDA0
:1082B000245B9FED256BB0EE471B9FED257B01EE08
:1082C000075B9FED257B05EE014B9FED255B04EEE3
:1082D000015B9FED254B05EE014B9FED255B04EE09
:1082E000015B05EE016B06EE017B9FED236B07EE54
:1082F000013B9FED237B03EE016B06EE017B9FEDBF
:10830000226B07EE016B06EE010BB0EE426B00EE46
:10831000016B06EE012B62E68EECF8F45D94ED3F06
:108320000000E0FE422EE63F98D8F8EFD8EE213E5E
:10833000763C7935EF39EA3D176CC1166CC1563F72
:10834000096DA8134612E63D1AA0011AA001FA3ED3
:108350009D7CC0A87439A93D1AA0011AA0012A3F2A
:10836000E444F56745E65A3E5C9F78B74F7E923EFF
:1083700034C756A5E31DC73E111111111111813FDC
:10838000555555555555A53F555555555555C53F09
:1083900000000000000000002DE9F04F2DED108BD3
:1083A00093B00E46114604938D4B0990D3F814A058
:1083B0001A6907EE90AAD868D3F81C90B8EEE70ABD
:1083C00008920190B5EE400A90FBF2F3F1EE10FA3C
:1083D000029300F11883F1EEC07A4B1C002B0A9334
:1083E00040F30C83B7EE007A21F03F074FEA8A038F
:1083F000354600240F9187EE278A039307F1400347
:108400000B93049B03EB8A030C93089B4FEA8308AE
:108410004B46CDE90D760A9A161B714A402E516AD9
:10842000099AA8BF4026A1FB021206FB09F24919CE
:108430007AB16C48D0F8D80D01FB03006A49FEF709
:1084400015FF002876D1664B596A099BA1FB0313DF
:108450004919089B06FB03F39A000DD0604B1B697A
:1084600003FB01F15F4BD3F8E00D00EB81005F49A6
:10847000FEF7FCFE00285DD1019B002B52DD331975
:108480000C994FF0000C002207930020544B1094DD
:108490005B6A11950593564B03EB84030693029B8D
:1084A000009292FBF3F4079B0AFB04F603EB0C0724
:1084B0004F4B03EB8707069B03EB8C05049B03EBF9
:1084C000800E4A4B03EB8404BAF1000F9FED497A0A
:1084D00010DD494B9A19734612F901BFF3EC016A9A
:1084E00007EE90BA9942F8EEE77A67EEA67A37EE91
:1084F000277AF1D1D4ED007A4E44444427EE277A0E
:1085000027EE087AA5EC017AAF42DDD1059B5044F5
:10851000009A9C44039B01321944019B9342BED1B3
:10852000DDE9104540340B9B9C420AD02C4B403572
:10853000DB6970E74FF0FF3013B0BDEC108BBDE886
:10854000F08F019B0F99002BDDE90D7640F30C8134
:10855000234B0025264CCE465F6A231DBC4603EB09
:1085600081039FED11DB9FED12EB9FED13FB0A9A48
:1085700094ED00CA012A40F33482221DF2EC017A04
:10858000F4EECC7AF1EE10FA37FE8CCA9342F5D1B4
:10859000DFED18CA20469FED0A0B9FED0B9B9FED68
:1085A0000CAB9FED0DBB9FE08EECF8F45D94ED3FBE
:1085B0000000E0FE422EE63F763C7935EF39EA3D99
:1085C0009D7CC0A87439A93D096DA8134612E63DEB
:1085D00098D8F8EFD8EE213EE444F56745E65A3ED8
:1085E000D8700120D8A00120C4C10220C4410320BA
:1085F00000E0202000000000C3C10220000039C4B8
:108600005FED027AB4EEE77AF1EE10FA00F15781ED
:10861000B7EEC77A9FEDB06B27EE065BB5EEC05B99
:10862000F1EE10FA40F19281B6EE004BB0EE4A8BBB
:1086300035EE445B9FEDAA2BFDEEC56B9FEDAA3B8B
:10864000B8EEE61B16EE902A9FEDA96B01EE4E7B6D
:108650009FEDA95B01EE4F7BB0EE491B07EE001BBF
:1086600001EE078BB0EE4B1B08EE071B01EE072B4C
:1086700002EE073B03EE076B9FEDA13BB0EE462BEE
:108680009FEDA16B02EE076B06EE075B9FEDA06B03
:1086900005EE076B9FEDA05B06EE073BB7EE006BA8
:1086A00003EE075B05EE074BB0EE465B04EE075B9F
:1086B00005EE076B6FF47F77BA4224DA02F2576255
:1086C0004FF000084FEA025949EC178B26EE077B62
:1086D0009FED936B27EE067BB7EEC76B83427CEE74
:1086E00086CA00ED016A20D0B0EC017ADFED8E7A07
:1086F00037EE4C7AB4EEE77AF1EE10FA80DDB0EEA8
:108700004D6B40F2F23202F2FF324FF0000883422A
:108710004FEA025949EC178B26EE076BB7EEC66B92
:108720007CEE86CA00ED016ADED1F7EE007A2246C1
:1087300087EEAC7AD2ED007A67EE277AE2EC017A26
:108740009342F7D10135019A04EB8C04AA4203EB62
:108750008C033FF70CAF4FEA8A03F14621F03F0745
:108760000393089B4FEA8308704B9A69002A04DD43
:10877000920000216E480DF0EBF907F14003039AD7
:108780000025DFF8C4B10C93694B13440B930A9B8B
:10879000664F5C1B099B786A402CA0FB0303A8BFB3
:1087A0004024801904FB09F28AB107F54053F969A6
:1087B000D3F8DC3D01FB00305E49FEF757FD002891
:1087C0007FF4B8AE786A099BA0FB03038019089B6D
:1087D00004FB03F39A000ED0544B57491B6903FB6B
:1087E00000F0564BD3F8E43D03EB8000FEF73EFD6E
:1087F00000287FF49FAE019B002B54DD63190022FB
:108800000B99504607939446484B494F5B6A059332
:108810004B4B03EB85030693039BCDE90D56079C59
:10882000002804EB020A464C04EB8A0A069C04EB7F
:10883000820447DD029D404E0090CDF810C09CFBA5
:10884000F5F500FB05FE06EB85057646D4ED006ADE
:108850000BEB060CD5ED007A384666EEA76A1CF9DC
:1088600001EF90ED007A07EE90EAF8EEE77A67EE16
:10887000A67A77EE877AE0EC017A8142EFD1043470
:108880004E444544A245E1D10098DDF810C0059C56
:108890000CF1010C1F4419442244019C6445BED1D3
:1088A0008246DDE90D5640350C9B40369D427FF4F3
:1088B0006EAF002013B0BDEC108BBDE8F08F9FEDC4
:1088C000216A0BE7251D08345545E0D05445F9D100
:1088D000DDE700BFAFF30080FE822B654715F73F51
:1088E0005C9F78B74F7E923E34C756A5E31DC73EC6
:1088F0001AA0011AA001FA3E176CC1166CC1563FAE
:10890000555555555555A53F1AA0011AA0012A3FA6
:10891000111111111111813F555555555555C53F2F
:10892000000000000000701A00002F44D8700120E1
:1089300004960320C4C10220C4410320D8A0012012
:1089400000E0202000000000C3C10220B6EE006B52
:108950009FED312B35EE065B9FED314BFDEEC55B98
:108960009FED311B15EE902A03EE902AB8EEE33B03
:108970009FED2F5B03EE4E7B9FED2F8B03EE4F7B26
:1089800007EE024B04EE075B9FED2D4B05EE071B38
:108990009FED2D5B01EE078B08EE075B05EE074BA5
:1089A0009FED2B5B04EE075B9FED2B4B05EE074B1A
:1089B0009FED2B5B04EE075B9FED2B4B05EE074B0A
:1089C0009FED2B5B04EE075BB7EE004B05EE076BEC
:1089D000B0EE445B06EE075BB0EE446B05EE076B52
:1089E00068E63FF4D5AD244B9A69002A7FF761AF62
:1089F0009200002121480DF0ABF85AE7019B002BB3
:108A00003FF7A6ADEFE700910BF0E6FB0099F0EE23
:108A1000407AE2E4AFF300809D7CC0A87439A93DA0
:108A2000096DA8134612E63DE444F56745E65A3E53
:108A300098D8F8EFD8EE213E5C9F78B74F7E923EF3
:108A40001AA0011AA001FA3E34C756A5E31DC73E7D
:108A50001AA0011AA0012A3F176CC1166CC1563F1B
:108A6000111111111111813F555555555555A53FFE
:108A7000555555555555C53FD870012004960320CE
:108A80002DE9F04F904642008BB00546102A8946EA
:108A9000039340F2C58010231E465B009A42FBD828
:108AA000F6000021B446664C664A1068226803321C
:108AB00022F0030717EB0C0C276041F100020021A4
:108AC000604571EB0202C0F0B180BA190293039BBA
:108AD00022604FF4C0421F605B480DF039F8029BE2
:108AE000BEB19A4601E0361B12D0B6F5C04F3446EF
:108AF0003846554928BF4FF4C04422462744FEF764
:108B000035FC0028EFD04FF0FF300BB0BDE8F08F00
:108B10005346149A1360002D77D000224B4E0493D5
:108B20000692069A4A49AB1A09EB8200B3F5807F98
:108B300028BF4FF480735A1C05939200FEF796FBF2
:108B40000028E0D1DFF808A102900795DAE90004D7
:108B5000241AB4F5806F5AD234B1404422463146CB
:108B6000FEF784FB0028CED1029B00220133325550
:108B700032780293039B374C1F684AB1334840F266
:108B8000B311544010F8012FA4FB0143002AF8D17F
:108B9000049B03F1FF3B10E0DDF824C00CF1FF3231
:108BA000BCF1000F19D0FEF735FE002831462A48E7
:108BB000A9DB01340DF0BCFBD0B10BEA04040422A4
:108BC00009A907EB84052846FEF750FB0246224B15
:108BD00041464846002ADFD095E7029B09A9069A3C
:108BE00028469A1809920422FEF7C0FB00288AD171
:108BF000029B0AF1040A059A9342A7D1DDE90635E2
:108C000003F580739D4206938BD800207DE7029A7E
:108C1000A021069B11481344114A0CF0B7FD72E7DE
:108C20004FF0400C0021102366463CE7CDE9007070
:108C300033460C4AA02109480CF0A8FD63E700BFA9
:108C4000CCE00420D0E00420C04A002030EF042013
:108C5000DCE2042083039D73C8D304201CE00420BD
:108C6000202C0020F42900202DE9F04F93B0044679
:108C70004FF0000C994609908E469048A0427CEB3C
:108C80000103C0F00981099B03F101088C4B1868AE
:108C90004FEA8808033020F00300186010EB080149
:108CA000884B1C684CEB0C038C427CEB0303C0F03C
:108CB000FB808044824B1060C3F80080C9F80080BC
:108CC00013680E93099B53EA0E0300F0D880DFF877
:108CD000FCA165466446CDF820C0CDF834E0CDF85F
:108CE0003C90CDE90ACC082110A8FDF71BFF002815
:108CF0007ED1754BDDE910619E4271F1000377D2A0
:108D0000B6F5806F71F100037CD231466F48FDF7F4
:108D100009FF00283DD10AF8060050460DF0D8FCA6
:108D2000089A6B4BFF2C074643F8242004F10102FC
:108D300047D0A7B30026DFF8AC910C92B34602E00F
:108D40002644B7422AD9C5F58054BB1B09EB050060
:108D50000AEB06019C4228BF1C462544224609F026
:108D6000A1FEB5F5805FEBD1564A18F58053494610
:108D700010682A464BF10005984240467BEB0505FA
:108D80002DD30793FEF7F2FADDF81C800546002884
:108D9000D6D04FF0FF3013B0BDE8F08F0C9A089B8F
:108DA0000B993B4409980D9C08930A9B013341F1B0
:108DB00000010A938C4208BF98420B9131D01446AF
:108DC00091E70E9C4FF4806219462046FEF7CEFADA
:108DD0000028DED104F5806302460E93A9E73D4DDD
:108DE0003D4C0FCD0FC40FCD0FC42B682370D0E7BF
:108DF000DDE90AC3394AA0213748CDE900C30CF0A8
:108E0000C5FCC6E7DDE90AC340F2FF30344A0296EA
:108E1000CDE90310CDE900C3A0212F480CF0B6FC2A
:108E2000B7E72B4B0899DDF83C9043F8221001324C
:108E300092001DD18DB1234B18EB050118684FF03E
:108E4000000343EB030288429341C8D32A464046BD
:108E50002449FEF78BFA00289BD11C9A002009991F
:108E6000D9F800301160089A1344154A136092E74C
:108E70000E981749FEF77AFA0028DBD089E7144BE1
:108E800004220E981946C3F800C0FEF76FFA0028B6
:108E90007FF47FAF0890E0E7134AA0210E48CDE9A8
:108EA000004E0CF073FC74E7CDE9000443460F4A12
:108EB000A02109480CF06AFC6BE700BF00093D00E7
:108EC000CCE00420D0E004200100001030F30420A6
:108ED000E0E60420942C00201CE00420542C002008
:108EE000642C0020C8C10420342C0020F429002068
:108EF0002DE9F04F2DED028BADF2E44D154643F612
:108F0000F0521F4614904FF0000804910021AA4827
:108F100038AC0CF01DFE41F210020021A7480CF005
:108F200017FEA74B70224146C3F80080A54BA64808
:108F300083F80080A54B83F800800CF009FEF7F75A
:108F40005FFFA34BC3E90001F7F760FFA14B414668
:108F50004FF48062186020469F4BC3F800809F4BFF
:108F6000C3F800800CF0F4FD4FF48062FF219C48B0
:108F70000CF0EEFD012158ABB6AA43F8041F9A424B
:108F8000FBD104F5207304F52C71012243F8042F62
:108F90008B42FBD104F52D7304F57F70012243F859
:108FA000042F8342FBD1221F0023DFF850E2DFF8B9
:108FB00030C2114651F8046F1EB12EF813302CF850
:108FC0001330884203F10103F4D14FF0000CDFF8B5
:108FD0002C82DFF80CE261460CF5807352F8046FC6
:108FE0009BB22EB90CF1010C28F811302EF8131099
:108FF000904201F10101EFD1DFF804B258220021C3
:1090000058460CF0A5FD002F00F0228100230A93A2
:1090100021AF00236D4A042138461370FDF782FD0D
:10902000002840F06E84219A6E4B9A4240F0698489
:10903000042122A8FDF776FD002840F07E83082158
:1090400026A8FDF76FFD002840F0778328AF0821A0
:109050003846FDF767FD002840F06F8357F8082C6D
:10906000614B57F8041C93420C920D9170EB010276
:10907000C0F0A684D7E900CE634570EB0E03C0F0C4
:109080009F845CEA0E03239000F0AB8581460DF1CE
:10909000B00806900595CDE91000CDE90E00CDE9A8
:1090A00008CE08212AA8FDF73DFD002840F0A38244
:1090B00058E90256802D76F1000380F09C82294603
:1090C0002046FDF72FFD002840F0BA8060550421AE
:1090D00024A8FDF727FD8246002840F0B180249F98
:1090E000092F45D02EAB01462822184607930CF0D5
:1090F0002FFD0C2F1DD8DFE817F02B023802980146
:10910000A501B301C001CE01E4010D001C00E8007F
:10911000E800170208214046FDF704FD48B9334B2B
:10912000D8F80070D8F804209F4272F10003C0F014
:109130009782059D23462E4AA02124480CF026FB49
:10914000049B63B1002D0ADD204B1B78002B00F03F
:10915000BA801E4B274A294604980CF017FB4FF0A3
:10916000FF3420460DF2E44DBDEC028BBDE8F08FDC
:10917000042125A8FDF7D6FC002840F0BE83082175
:109180004046FDF7CFFC002840F0B783259B082B15
:1091900038D0052B00F027820C2B40F2F481164AC0
:1091A000A0210A480094059D0CF0F0FA049B002BC6
:1091B000D5D0002DC8DCD2E7D8700120C8AE012080
:1091C000D8E20420ECDF0420D8BE01201CE00420FB
:1091D000B0050220D0E00420CCE00420D4E004203C
:1091E000C8DB042047475546A08601000100001057
:1091F000102D0020C8170020882D0020C8D1042081
:1092000080700120BA4920460DF092F807460028E8
:1092100040F0EA80B74BDA6819685D6856180A9B17
:1092200045F10005002B40F08D8323AB0093B24B3A
:10923000D8E900011A1FFFF717FD002800F035825A
:10924000DDE90435002B8AD0002D3FF77DAF86E79E
:10925000384612F085FF00287FF4D8AE58225946D0
:10926000F7F744FD00287FF4D1AEA44BDBF80020D3
:109270009A427FF4CBAEA24BDBF804209A427FF4F3
:10928000C5AEA04B0A97DBE90202D3E900139A426C
:1092900008BF88427FF4BAAEDBF8480000283FF4EC
:1092A000B5AE2146FDF7B4FB00287FF4B1AED4E99A
:1092B0000013DBE914029A4208BF88420CBF012365
:1092C0003B460A93A4E6904B44E708214046FDF74D
:1092D00029FC00287FF42DAF9FED837BD8E9007334
:1092E0000B93482D76F1000604D2884B1B687F2B28
:1092F00040F35B8119F10109069BDDE9082143F187
:109300000003994208BF4A4506937FF4CAAE239BE7
:10931000DFF81092059DCDF848A01893C9F8A03C3D
:10932000002B00F06184DDE90C32134300F053841C
:109330004FF0000ECDF8749005952EADF146CDF8A6
:1093400018E0CDF824E0CDF82CE0714F2E460FCF79
:109350000FC697E80F0086E80F0008212AA8FDF73E
:10936000E1FB002840F01B8458E90263802E73F172
:10937000000380F0148431462046FDF7D3FB00281B
:1093800040F0F783A055042124A8FDF7CBFB00286B
:1093900040F0D683249E042E00F2D283002E00F0EB
:1093A0000182AA4605EBC60702E0574500F0FA81A4
:1093B000504608210AF1080AFDF7B4FB0028F4D052
:1093C000DDE90435002B3FF4CAAE002D7FF7C7AEB0
:1093D000504B1B78002B00F011834E4B4E4A294610
:1093E00004980CF0D3F9BAE64C4920460CF0A0FFE3
:1093F000002840F00F813F4BDA6819685E68551805
:109400000A9B46F10006002B40F05281444A00922C
:1094100002F110030C32D8E90001FFF725FC002807
:109420007FF40EAFCDE9105664E702214046FDF708
:1094300079FB00287FF47DAEB8F800700B909FEDAB
:109440002A7B4EE702214046FDF76CFB00287FF4A3
:1094500070AEB8F90070FB179FED237B0B9340E7CC
:1094600004214046FDF75EFB00287FF462AED8F889
:1094700000700B909FED1C7B33E704214046FDF705
:1094800051FB00287FF455AED8F80070FB179FED14
:10949000167B0B9325E704214046FDF743FB00288C
:1094A0007FF447AED8ED007AD8F80000B7EEE77A3F
:1094B0008DED127B0BF096F807460B919DED127B1C
:1094C0000FE701214046FDF72DFB00287FF431AE68
:1094D00098F800700B903F1A9FED037B18BF01278F
:1094E000FFE600BFAFF300800000000000000000B6
:1094F0003C2D0020C8AE012084AD0120544C544FB7
:109500004B303100B0050220D8100020D8E20420F2
:10951000800200201CE00420C8170020542D0020E9
:109520007CAD0120D8A0012008214046FDF7FAFAC1
:1095300000287FF4FEAD98ED007B51EC170B8DED0C
:10954000127B0BF061F807460B919DED127BC8E68C
:1095500001214046FDF7E6FA00287FF4EAAD98F8CD
:1095600000700B909FED827BBBE601214046FDF72A
:10957000D9FA00287FF4DDAD98F90070FB179FED54
:109580007C7B0B93ADE67C4A52F82320002A3FF403
:1095900006AED8E90031A3FB020302FB0131FDF75F
:1095A0001FFC00283FF4A6AE4AE6744E6A1C214612
:1095B000DD0106EBC3108DED127B09F073FA0B9AF7
:1095C00087642821C264079B6D4A9DED127B80ED64
:1095D000147B05F1580030440CF0D8F8694A136840
:1095E0000133136086E6684920460CF0A1FE00288E
:1095F00077D00422CDE7069BA021644A01936448FA
:10960000CDF80090059D0CF0C1F8049B002B7FF471
:1096100099ADA4E5D8E9003553EA05023FF46AAEF6
:1096200000262EAA2F46CDF82C901D46B146079253
:1096300008210798FDF776FA00287FF401AEDDE9EE
:109640002E01FDF7CDFB00287FF4FAAD013649F17C
:1096500000094F4508BFB542EAD1DDF82C9049E634
:10966000282F3946964672F1000C01D386462721F1
:109670000798CDF854E012920B91FDF753FA0B992D
:10968000129ADDF854E000287FF453AD079B58543C
:10969000781A62EB0E01FDF7A3FB00287FF449ADB9
:1096A00007460B909FED327B1BE6CDE90E6521E668
:1096B000DBE906239E4208BF954240F0E982DBF8D1
:1096C0002410D8E90032002A08BF8B4240F0E08223
:1096D00053EA020140F04C8100232E4AC2F8A43C18
:1096E00008E6D8E900322B4E05460B921A43C6F81D
:1096F000D40D3FF4FFAD2EAACDF848900746B146F1
:1097000056469A46079204210798FDF70BFA00285F
:109710007FF496AD079B19681F4B0339012940F26E
:10972000028101350B9B47F100079F4208BF554559
:10973000E9D1B246DDF84890DCE5184FDFF850C0BB
:109740000FCF64460FC43B682370049B002B3FF48B
:1097500006AD002D7FF703AD9CF800202946104B85
:109760000498002A18BF6346054A0CF00FF8F6E487
:109770000000000000000000B003002048BF0120EE
:10978000C8170020D8E204206C2D0020F82C0020FF
:109790001CE00420D8A00120D8700120D02C00208B
:1097A000D810002025AF04213846FDF7BBF900286A
:1097B00040F0388208214046FDF7B4F9002840F017
:1097C00031822B682046AD4908936B683F6815933A
:1097D000AB681693EB6817932B6919936B691A930F
:1097E000AB691B93EB691C93D8E9002343EC182B5E
:1097F0000CF09EFD002800F09181A14920460CF05C
:1098000097FD002800F093819E4B22689A4200F059
:1098100057819D4B22689A4200F0F280089B179A6C
:10982000DDE9150103FB02F201FB00221998A3FBFD
:1098300001310A441A9903FB01F100FB0211A3FB59
:1098400000321B9811441C9A03FB02F200FB012218
:10985000A3FB003109980A441B180B99099342EBAA
:109860000102069B19F101090B9243F10003DDE9A6
:109870000C210693994208BF4A457FF466ADDDF896
:109880007490059D814B824A19681068DA685B689C
:1098900012EB010A079043F10006002840F3FC8117
:1098A0007C4B00279846059304E00137079B9F42B5
:1098B00000F04F824046784908F180080CF038FDEE
:1098C0000028F2D1059B754A03EBC7130692D3E932
:1098D000127342E902A6012F73F10002C0F2F58172
:1098E000504631463A4698460AF064FE11461A46FA
:1098F00052EA010300F0E981DAE1059D2346684A56
:109900001AE4684B684C0FCB84E80F00049B002BD3
:109910003FF425AC002D7FF722AC2378002B3FF4D9
:10992000D2AC234616E4D9F8D41D3F2901F1010039
:1099300001F6347103EB81013FF7F3AEC9F8D40DA2
:109940004D60EEE6DBE904239D4208BF964240F0FD
:109950009F81DBF82010D8E90032002A08BF8B4233
:1099600040F0968153EA020102D100232393C1E41F
:109970002EA9CDF82C9012974FF00009164600271B
:109980001D46079108210798FDF7CCF800287FF4C1
:1099900057ACDDE92E01FDF723FA00287FF450AC27
:1099A0007B1C49F100091F46B14508BFAB42E9D114
:1099B000129F2B46DDF82C90002F7FF48EAED5E75A
:1099C0003A4FDFF8E4C00FCF64460FC43B680498F9
:1099D00024F8023B1B0C237000283FF4C0AB002D81
:1099E0007FF7BDAB9CF800202946314B002A18BFF9
:1099F0006346304A0BF0CAFEFFF7B1BB2C4BEDE4D7
:109A000023790021A3F13002D3B2092B3FF606AF30
:109A100039A801EB8101844610F8013F02EB4101B6
:109A2000A3F130025FFA82FEBEF1090FF1D92E2BAD
:109A30007FF4F4AE272900F323810CF102034FF0E9
:109A4000000A07931C4BCDE91E1553F83A1003EB9F
:109A5000CA0507980AF1010A0CF06AFC164B0028A7
:109A600000F0FB80BAF10C0FEFD12346134AA0217E
:109A70000D48059D0BF08AFE3DE000BFF42D00204F
:109A8000082E00206F757470626C6B2EC8AE0120BA
:109A9000D8E2042048BF0120682E002078AD0120C4
:109AA000242D0020C02C00201CE00420E42C0020E9
:109AB000D8100020C8170020E8030020502E0020F6
:109AC000399AA94B9A427FF4A4AE3A9AA74B9A428C
:109AD0007FF49FAEBDF8EC30742B7FF49AAE334622
:109AE00039462A46A2488DED008BFCF7CBFE0028B4
:109AF0003FF494AE059D049800283FF430AB002D50
:109B00007FF72DAB9B4B29469B4C1A78002A08BF48
:109B100023469A4A0BF03AFEFFF721BB33463946FB
:109B20002A4697488DED008BFCF7ACFEDFE7334605
:109B300039462A4693488DED008BFCF7A3FED6E705
:109B40002346914AA0218B48059D0BF01FFE049BE4
:109B5000002B3FF404AB002D7FF701AB854B1B7846
:109B6000DBB1844B854A294604980BF00FFEFFF7C2
:109B7000F6BADDE9040500283FF4F1AA002D7FF7CD
:109B8000EEAA7C4B29467C4C1A78002A08BF234653
:109B90007A4A0BF0FBFDFFF7E2BA774BE2E7069B50
:109BA000A0217A4A01937348CDF80090059D0BF0EF
:109BB000EDFD049B002B3FF4D2AA002D7FF7CFAA26
:109BC0006C4B1B785BB16B4B6C4A294604980BF0CD
:109BD000DDFDFFF7C4BA0C9B0B92099352E6664B6E
:109BE000F2E76B4BC3F8A00CDFF888C1694F6446FD
:109BF0000FCF0FC497E8070003C404982270002811
:109C00003FF4ADAA002D7FF7AAAA9CF800302946A0
:109C1000594A002B0CBF13466346584A0BF0B6FD59
:109C2000FFF79DBA23465C4AA0215248059D0BF0E0
:109C3000ADFD049B002B3FF492AA002D7FF78FAA65
:109C40004C4B29464C4C1A780498002A08BF2346EE
:109C50004A4A0BF09BFDFFF782BA1E9928461F9DCA
:109C6000334601EB41014068CA01394630320244B3
:109C70004A488DED008B10442A46FCF703FE36E778
:109C80000B46474AA0213B48059D0BF07FFD32E77C
:109C90006FF00104FFF765BA424B1AF01F014FF055
:109CA0000002069343E902A600F08C80202790462C
:109CB00017EB0A0746EB08037F1A63EB0203069AC9
:109CC00042E90273079B002B7CDD374F129E0897F9
:109CD000059703E00136079B9E4273D0384633490F
:109CE00080370CF025FB0028F4D1059B2821234A5E
:109CF00003EBC6132E4858330BF048FD2D492C4872
:109D00000CF016FB0790002840F04F822A4B602190
:109D10002A4A20460093264B0BF038FD284BD3F8F7
:109D200000A0BAF1000F40F33E82DFF87C80079F6D
:109D300002E00137574564D04046214608F18008CB
:109D40000CF0F6FA0028F4D1059B03EBC717BB6CA7
:109D500058E0144B1AF01F014FF00002069343E93C
:109D600002A6B2D0A2E700BF75742E776569676856
:109D700048AD01201CE00420D8100020C8170020A6
:109D800008AD012028AD0120CC2D0020BC2D0020E5
:109D9000D8A00120A02D0020DC2D0020D8700120AB
:109DA000342E002078AD012048BF0120942E0020E1
:109DB000ECDF0420AC2E0020EC2E0020E42E00204E
:109DC000D8E20420DFF8F8C2AE4F64460FCF0FC4CC
:109DD00097E80300049B84E80300002B3FF4BFA92D
:109DE000002D7FF7BCA99CF800302946A64A0498AC
:109DF000002B0CBF13466346A44A0BF0C7FCFFF7C9
:109E0000AEB90023A24A6021A24F204600923B60D7
:109E1000A14AA24B0BF0BAFCA14B1B68002B40F3EC
:109E2000BC81DFF8A0A24FF000081E4604E008F154
:109E30000108B04500F0B181504621460AF1800A80
:109E40000CF076FA0028F2D1059B03EBC818D8F87D
:109E500048307B606021934B20468F4A00938F4BA4
:109E60000BF094FC8E4B1B68002B40F39881DFF8BD
:109E700054A24FF000081E4604E008F10108B04566
:109E800000F08D81504621460AF1800A0CF050FA0C
:109E90000028F2D1059B03EBC818D8F84830BB6006
:109EA0006021814B20467C4A00937C4B0BF06EFC7A
:109EB0007B4B1B68002B40F37481DFF808A24FF046
:109EC00000081E4604E008F10108464500F06981DB
:109ED000504621460AF1800A0CF02AFA0028F2D1F5
:109EE000059B03EBC818D8F84830FB6060210C9341
:109EF00020466E4B684A0093684B0BF047FC684B5A
:109F00001B68002B17DDDFF8BCA14FF000081E46D0
:109F100003E008F1010846450DD0504621460AF1FC
:109F2000800A0CF005FA0028F3D1059B03EBC81852
:109F3000D8F848300C930C9B6021574A20463B616F
:109F40005B4B0093554B0BF021FC554B1B68002BD2
:109F500040F34481DFF86CA14FF000081E4604E096
:109F600008F10108464500F03981504621460AF1C2
:109F7000800A0CF0DDF90028F2D1059B03EBC8182C
:109F800098ED147BB7EEC77B4A4B434A60212046CD
:109F900087ED0A7A0093414B0BF0F8FB404B1B68AE
:109FA000002B40F31E81DFF81CA14FF000081E4675
:109FB00004E008F10108464500F0138150462146AF
:109FC0000AF1800A0CF0B4F90028F2D1059B03EBEA
:109FD000C81898ED147BB7EEC77B3B6887ED0B7A0A
:109FE000002B00F006817B68002B00F00281FB68EB
:109FF000002B00F0FE803B69002B00F0FA802E4B16
:10A000006021254A20460093244B0BF0BFFB244BD4
:10A010001B68002B40F3E880DFF8A8A04FF0000891
:10A020001E4604E008F10108464500F0DD80504678
:10A0300021460AF1800A0CF07BF90028F2D1059B39
:10A0400003EBC818D8F84830002B00F0CD80FA6830
:10A0500060217B61204603FB02F2BA613A6903FB8F
:10A0600002F2164BFA6100930B4A0C4B0BF08EFB7D
:10A070000B4BD3F80080B8F1000F3ADDDFF844A0B5
:10A08000079E24E07C2E0020D8100020C817002056
:10A09000F82E0020D8700120E42E0020ECDF0420F0
:10A0A000D8E204200C2F0020202F0020382F002081
:10A0B000502F0020742F0020A82F0020C02F002038
:10A0C0001CE0042048BF01200136464511D050460F
:10A0D00021460AF1800A0CF02BF90028F4D1059BE7
:10A0E00003EBC613D3E91223012A73F1000380F2B4
:10A0F0009E80B968D7E900A0D7E90332BAF1280FEA
:10A100000C9000F30D82B0F5006F00F30982B8697E
:10A11000B0F5006F0D9000F30382B1F52C5F00F3F2
:10A12000FF81F869B0F5007F00F3FA81082A00F397
:10A13000F781102B00F3F48193FBF2F002FB103057
:10A140001790002840F0EC81D9F8483C002B00F033
:10A15000CB81D9F8882CB8F1000FD9F8343C129291
:10A160003B62B2FA82F34FEA5313C9F8903C40F3D2
:10A17000B78007950026504D02E00136464579D05C
:10A1800028464E4980350CF0D3F80028F5D1059AC1
:10A19000079D02EBC6139B6C6FE0002359E600237A
:10A1A0007DE60023A1E6079B2CE6454BA021454A0E
:10A1B00045480BF0EBFA049800283EF4D0AF002D90
:10A1C0007EF7CDAF404B2946404C1A78002A08BF95
:10A1D00023463F4A0BF0DAFAFEF7C1BF9FED327B10
:10A1E000D0E69FED337BF6E67B68FA6893FBF2F3EB
:10A1F0002DE7DFF8D4C0374F64460FCF0FC40FCF21
:10A200000FC43B680498237000283EF4A8AF002DCB
:10A210007EF7A5AF9CF8003029462C4A002B0CBFD6
:10A22000134663462A4A0BF0B1FAFEF798BFDFF8EF
:10A2300098C0294F64460FCF0FC40FCF0FC497E8C3
:10A24000070003C4049824F8022B120C2270002883
:10A250003EF485AF002D7EF782AF9CF80030294692
:10A260001A4A002B0CBF13466346194A0BF08EFAAC
:10A27000FEF775BF079D4FF0FF33079500260E4D83
:10A28000C9F8C83C03E00136464500F0678128461E
:10A29000124980350CF04CF80028F4D1059A079D3E
:10A2A00002EBC6139B6C5CE18DEDB5A0F7C6B03E2A
:10A2B000000000000088C34048BF01206830002033
:10A2C000ECDF0420B42E00201CE00420D810002075
:10A2D000C8170020842F0020D02F002084300020B9
:10A2E0004FF0FF33C9F8C83CC9F8CC3C00209F4B65
:10A2F000069AC9F8D00C52E902C01A6812EB0C0297
:10A300001A605A6840EB02025A60129A42B153F83E
:10A31000402F12EB0C021A605A6840EB02025A609E
:10A32000D9F8683C002B00F04A8343F66041904A1C
:10A330007B5813EB0C037B50536840EB0303BAF1DB
:10A34000000F536040F34E814FF0000A0595894E8F
:10A350005546CDF86490CDE907AA06F1400306F111
:10A36000200A06F1A00906F1C00812932146A36055
:10A3700006F1600326601593E36006F18003C4F8DC
:10A3800004A01693236106F1E003C4F81490E3617E
:10A3900006F58073C4F81880236206F59073636233
:10A3A00006F5A073A36206F5B073E36251F8043BAF
:10A3B0009A693AB11A6912EB0C021A615A6940EBB8
:10A3C00002025A6144AB8B42F0D1DDE90C216A4BA9
:10A3D00030460095FCF7A2FA002840F0D78200959D
:10A3E0005046664B7A68F969FCF798FA002840F005
:10A3F000CD820095624B7A68F9691298FCF78EFA63
:10A40000002840F0C38200955E4BBA6979681598C0
:10A41000FCF784FA002840F0B98200955A4B169850
:10A42000D7E90121FCF77AFA002840F0AF820095C5
:10A430004846564BD7E90121FCF770FA002840F056
:10A44000A58200954046524BD7E90112FCF766FA07
:10A45000002840F09B82D6F8F8305BB3D6F818316C
:10A4600043B3129A2DAB34A8CDF8BCA03092159A04
:10A47000CDF8D0803192169A2E96DDE907CECDE93F
:10A48000322953F8041F4A689842C968E2FB01CE9A
:10A49000F7D101353B68AB42CDE907CE40F38B8263
:10A4A0007B6806F5C0760C93069B53E902C0BB6936
:10A4B0000D9352E72B46374AA0213748059D0BF0F4
:10A4C00065F9049800283EF44AAE002D7EF747AEA9
:10A4D000314B2946314C1A78002A08BF2346304AAE
:10A4E0000BF054F9FEF73BBE2E4F2B4C0FCF0FC491
:10A4F00097E8030044F8040B0498217000283EF408
:10A500002EAE002D7EF72BAE234B2946234C1A7816
:10A51000002A08BF2346224A0BF038F9FEF71FBE77
:10A52000CDE902320C9A53460191A02100921A48BB
:10A530001D4A0BF02BF9049800283EF410AE002DB4
:10A540007EF70DAE144B2946144C1A78002A08BF2A
:10A550002346134A0BF01AF9FEF701BE079D4FF090
:10A56000FF330026C9F8CC3C24E000BF18AD012021
:10A5700038AD012008710120CC300020D4300020FB
:10A58000DC300020E4300020F0300020FC300020DF
:10A5900004310020103100201CE00420D8100020DD
:10A5A000C817002050300020FC2F002001364645FF
:10A5B0003FF49CAE089809490BF0BAFE089B803323
:10A5C00008930028F2D1059A054902EBC6105830CD
:10A5D0000BF0AEFEB0FA80F0400988E6A030002013
:10A5E000AC2E00200023CDE90733B548D9F8903CC4
:10A5F000A0F140027968002B08BF024693688B42A5
:10A6000040F01482136823F00401082902D00E2BB5
:10A6100040F0F48153680693D3680C93D9F83C3C1E
:10A620000D930A9B002B00F02E82DBF82C30C9F82A
:10A63000AC3CDBF83030C9F8B03CDBF83430C9F85A
:10A64000B43CDBF83830C9F8B83CDBF83C30C9F82A
:10A65000BC3CDBF84030C9F8C03CDBF84430C9F8FA
:10A66000C43CDBF82830C9F8A83CDBF84830059337
:10A67000079A0D9B06999B18089A0C9842F10002C4
:10A68000E1FB00329346079301238E4A13603B6837
:10A69000002B5BDDDFF850820695D8F8182032B128
:10A6A00079684046FCF7E4FB002840F0D781D8F8F1
:10A6B000382008F1200532B179682846FCF7D8FB2C
:10A6C000002840F0CB81D8F8582008F1400A32B178
:10A6D000B9695046FCF7CCFB002840F0BF81D8F8A0
:10A6E000782008F1600632B1F9693046FCF7C0FB0A
:10A6F000002840F0B381D8F8981008F1800241B1E9
:10A700001046F9690892FCF7B3FB089A002840F05C
:10A71000A5810799C4F80080C4E903622246C4E910
:10A72000015A52F8043B986918B1D8685B68E0FB9D
:10A73000031B3DAB9342F4D1179B08F5C0783A68F0
:10A74000013307919A421793A7DC069DD9F8683C1C
:10A7500033B179685C48FCF78BFB002840F003813B
:10A760005A4A5B4B10681B6800F110029A4280F055
:10A77000DA803C68103BD7F81C804FF0040C181AA4
:10A78000D7F810A0E31742464FEAE871CAFB0C2144
:10A7900002FB03F304FB0133A2FB042192180B44D8
:10A7A0004FF000015B4109F005FF40F6014203460E
:10A7B0008C46904271F1000280F0D280102871F135
:10A7C0000001C0F0B28003FB04F442497B62D9F877
:10A7D0005C3C04FB08F0D9F8546C0693FCF7E8F8ED
:10A7E000002840F08C8004FB08F03B49FCF7E0F8BF
:10A7F000002840F0848004FB0AF43849A000FCF7EC
:10A80000D7F800287BD1A0003549FCF7D1F80446E1
:10A81000002874D12D4B149D1B68C9F8E83D012315
:10A82000C9F8EC3D002D63D0014660222846A846B9
:10A830000BF08EF90699079B5A460998E6FB013200
:10A840001D46D9F8CC3CD9F8C86C0493049B0B99ED
:10A85000C8F828303B6AC8F81C307B6AC8E90E5239
:10A86000C8E90836D9F8E82DD9F8A43CC8F848203A
:10A87000C8E910233B68C8F800307B68C8F804308A
:10A88000BB68C8F80830FB68C8F80C303B69C8F8EA
:10A8900010307B69C8F81430BB69C8F81830114B08
:10A8A000D3E90023C8E90C2309F04EFE059B03F50C
:10A8B00000720A9B83F00103C8E9160116E000BF8D
:10A8C00048AD0120D4E0042028AD0120CCE00420D4
:10A8D000D0E00420B0AE0120B4AE0120B8AE01201B
:10A8E000BCAE0120B0050220E8710120C8E91323A5
:10A8F00070220021A6480BF02BF9FEF732BC049B16
:10A90000002B3EF42CAC002D7EF729ACA14B294640
:10A91000A14C1A780498002A08BF23469F4A0AF0DF
:10A9200035FFFEF71CBC00239C469D4AA021994898
:10A930000093CDF804C00AF029FF049800283EF4E3
:10A940000EAC002D7EF70BAC924B2946924C1A7838
:10A95000002A08BF2346914A0AF018FFFEF7FFBB02
:10A960004FF440632FE7049800283EF4F8AB002D25
:10A970007EF7F5AB874B2946874C1A78002A08BF2B
:10A980002346864A0AF002FFFEF7E9BBDDE90435FB
:10A99000002B3EF4E4AB002D7EF7E1AB7D4B294666
:10A9A0007D4C1A780498002A08BF23467B4A0AF097
:10A9B000EDFEFEF7D4BBDDF86490059D15E6DFF8EB
:10A9C000D4C1784F64460FCF0FC497E8030044F812
:10A9D000040B0498218000283EF4C1AB002D7EF7C3
:10A9E000BEAB9CF8003029466B4A002B0CBF1346C7
:10A9F00063466A4A0AF0CAFEFEF7B1BB6A4AA02162
:10AA000064480AF0C3FE049800283EF4A8AB002D69
:10AA10007EF7A5AB5F4B29465F4C1A78002A08BF2A
:10AA200023465E4A0AF0B2FEFEF799BB5F4AA021B8
:10AA300058480AF0ABFE049800283EF490AB002D75
:10AA40007EF78DAB534B2946534C1A78002A08BF2A
:10AA50002346524A0AF09AFEFEF781BB049B069DEC
:10AA6000002B3EF47CAB002D7EF779AB494B294699
:10AA7000494C1A780498002A08BF2346474A0AF02E
:10AA800085FEFEF76CBBDFF83081CDF80080A8F1C1
:10AA90000403D9F8AC2CD9F8A81CD9F8A00CFDF700
:10AAA000EFFF00284DD1D9F8A40C68B108F10803D4
:10AAB000009308F10403D9F8B42CD9F8B01CFDF7C1
:10AAC000DFFF002840F0A881394B1B6803F50078B0
:10AAD0000593404611F044FB002840F01981DFF84F
:10AAE000DC800646DFF8D8A0059B9E4280F083807C
:10AAF000059B30462F499A1BB2F5C04F28BF4FF433
:10AB0000C0421292FCF7B2FB129A68BB294988181E
:10AB100011F8013B40F2B31C83EA080888424FEA6F
:10AB200008230CFB0A33A8FB0C8A9A44F0D1214974
:10AB300006F50070F6F714F9002843D106F5C04673
:10AB4000D2E7049800283EF40AAB002D7EF707AB4D
:10AB5000104B2946104C1A78002A08BF23460F4A8A
:10AB60000AF014FEFEF7FBBA049800283EF4F7AA98
:10AB7000002D7EF7F4AA074B2946074C1A78002AC5
:10AB800008BF2346054A0AF001FEFEF7E8BA00BFF7
:10AB9000D8BE01201CE00420D8100020C8170020D7
:10ABA00018320020B430002040310020283100202D
:10ABB000CCE00420C04A002094AD012083039D73A3
:10ABC000B00F651433469E4AA0219E480AF0DEFD70
:10ABD000049800283EF4C3AA002D7EF7C0AA994B22
:10ABE0002946994C1A78002A08BF2346974A0AF04A
:10ABF000CDFDFEF7B4BA0E9BD9F8A42CCBF81030DB
:10AC00000F9BCBF824200022CBF81430109BCBF8FC
:10AC10005080CBF81830119BCBF81C30189BCBF828
:10AC20002030059BCBF84830894B93E80300D9F8D6
:10AC3000A83CCBF82830D9F8AC3CCBF82C30D9F86C
:10AC4000B03CCBF83030D9F8B43CCBF83430D9F83C
:10AC5000B83CCBF83830D9F8BC3CCBF83C30D9F80C
:10AC6000C03C8BE80300CBF840300021D9F8C43C4D
:10AC70007848CBF84430784BCBF854A01A604FF4A6
:10AC80000072764B93ED007B8BED027B0AF060FF48
:10AC9000734958226F4807F005FF00204FF40072F7
:10ACA0006C49F6F75DF8002840F09780F6F790F8C9
:10ACB000002840F0928021460598FBF7A9FE8346C4
:10ACC000002877D1D4E90023534508BF42454CD131
:10ACD00001464FF4C0426348D8460AF039FFDDF818
:10ACE00014A006E03246B044AAEB060AFCF73EFB8D
:10ACF00038BBBAF5C04F56465A49404628BF4FF4B4
:10AD0000C046BAF1000FEDD1574BC3F800A0AFE435
:10AD10004346564AA0214B480AF038FD04980028C3
:10AD20003EF41DAA002D7EF71AAA464B2946464C32
:10AD30001A78002A08BF2346444A0AF027FDFEF786
:10AD40000EBA049B002B3EF40AAA002D7EF707AA38
:10AD50003C4B29463C4C1A780498002A08BF2346ED
:10AD60003A4A0AF013FDFEF7FAB9DFF8D8C0404FAF
:10AD700064460FCF0FC40FCF0FC40FCF0FC497E897
:10AD80000F0007C424F8023B1B0C23700498002812
:10AD90003EF4E5A95D457EF7E2A99CF8003029461E
:10ADA000294A5B450CBF13466346284A0AF0EEFC6D
:10ADB000FEF7D5B9049800283EF4D1A9002D7EF7FE
:10ADC000CEA9204B2946204C1A78002A08BF2346DA
:10ADD0001E4A0AF0DBFCFEF7C2B9DFF868C0254F57
:10ADE00064460FCF0FC40FCF0FC43B682360049B92
:10ADF000002B3EF4B4A9002D7EF7B1A99CF80030D9
:10AE00002946114A0498002B0CBF134663460F4A8B
:10AE10000AF0BCFCFEF7A3B9049800283EF49FA9F1
:10AE2000002D7EF79CA9074B2946074C1A78002A6B
:10AE300008BF2346054A0AF0A9FCFEF790B900BFF7
:10AE4000903100201CE00420D8100020C8170020FA
:10AE5000B82C0020D8E00420CC700120B0050220DE
:10AE600080700120C04A0020CCE004205031002036
:10AE7000D8310020B4310020004870471CE0042085
:10AE80007022002101480AF063BE00BFD8BE012035
:10AE90000F49702208B507F005FE0D4991ED007BC2
:10AEA00091ED024B91ED045B9FED076B37EE447B18
:10AEB00037EE457BB4EEC76BF1EE10FA36FE076B4A
:10AEC00080ED066B08BD00BF000000000000000020
:10AED000D8BE012008B1024B03600248704700BF92
:10AEE0008086030000E0232008207047002872DBE2
:10AEF000474B30B5D3F8A04C83B0844202D8002031
:10AF000003B030BD14460D460246D3F8AC1CD3F84E
:10AF1000A80C404BFCF77EFC0028F0DB3D4B1B7877
:10AF2000002BECD0002CEADD0020DFF8E8C0DFF8D1
:10AF3000E8E04FF6FF7121E003F0E002C02A2DD0D7
:10AF400003F0F002E02A48D00CF1010CBF23FF22ED
:10AF500084428DF80530D3DD431C2A549C4253DDD6
:10AF600002309DF805208442EA54D4BF0022012219
:10AF70009CF80030002BC3D0002AC1D01A06DBD4C5
:10AF80003EF813200CF1010C8A421BD0431C2A54BA
:10AF90009C421846D4BF00220122E9E79B019CF89D
:10AFA000012003F4F86302F03F0213430222B3F5D9
:10AFB000007F944420D23EF813208A42E6D17F2BB2
:10AFC0001AD8DBB284429BDD2B5401308442D4BFBB
:10AFD00000220122CCE7002070479CF8022002F0FA
:10AFE0003F0242EA03339CF80120920102F47C62A2
:10AFF000134303229BB2DAE79A0903F03F0362F09E
:10B000003F0263F07F03A3E718460022B0E700BFCA
:10B01000D8A00120F8EA0420C8DB04202DE9F04F75
:10B020004A4F91B0D7F8EC3D029003B30378002B60
:10B0300000F0DA824FF0000807920B910DA90298F8
:10B04000FCF79EFC441C18D0079A42450FDD0B9A72
:10B050000D9B42F8280008F10108029A1A44029256
:10B060001378002BEAD1404611B0BDE8F08F4FF0C5
:10B07000FF38404611B0BDE8F08F029B1A78002AD5
:10B08000F1D0029C002503E014F8012F013572B1C4
:10B090003C2AF9D10DA92046FCF772FC0130F3D00F
:10B0A00004952DB9029B1B78002BC7D1DBE70495D3
:10B0B000274E4446DDF82CB0D7F8D0ACBAF1000FDB
:10B0C00040F06F81029B1A78002A00F0A481272AA1
:10B0D00000F03C81202A00F0168222F02001413944
:10B0E000192902D9D10900F0E882029B9A445046FE
:10B0F0001AF8013F23F02002413A192AF7D9DB0957
:10B10000F5D1029BC3F101020244049B9342A8BF04
:10B1100013469C46029B5A1E0023CDF820C0039381
:10B12000CDE909B2089A039BDFF828A0A2EB030B34
:10B130000A990022D446BBF5006F01EB030E1546B9
:10B14000CDF814A0A8BF4FF4006B0EE0D8A00120EA
:10B15000BC1D0220C06102204FF00109AB45037005
:10B160004A441EDDB5F5006F1BD0AD49A8462CF84A
:10B17000022B01351EF8013F8818AA494FF0020939
:10B1800031F8133003F03F017F2B4FEA931A61F03F
:10B190007F01E1D96AF03F03AB454A444170037037
:10B1A000E0DCA14B012DDDF814A023F815200CD014
:10B1B000DFF87CB24FF00009484609F10109FCF7BD
:10B1C0009DFB4BF8040BC145F6DB984B012D03EBBF
:10B1D0008509CDE905A46AD095494FF0FF340023D5
:10B1E0006FF0004051F8042B002A0ADB8242ACBF0A
:10B1F0004FF0000C4FF0010CBCF1000F1CBF1C46BF
:10B20000104601339845EDD1631C50D0864B04F1B4
:10B21000020B33F8141033F81B20A2EB010ABAF525
:10B22000806F44DA7E4A30461144524607F03AFCB9
:10B230004FF0000206F80A200096D7F8AC3CD7F889
:10B24000A82CD7F8BC1CD7F8B80CFCF70FFB0028CB
:10B250002DDB04F1010A554505F1FF3540F39D80D2
:10B260004FEA4A00704B2A1B811C184452001944B3
:10B270000AF0DCFBAB4580F28D806E4B03EB840261
:10B28000536842F8043B9145FAD1002C77D004F181
:10B29000FF3B5846FCF732FB654B43F82B00AA45B1
:10B2A0006DDB012D08F1FF38A9F1040994D1DDF817
:10B2B00024B0DDF81C90DDE905A40AEB4505BAF8D9
:10B2C00000303046BAF80280554AA8EB0308D1187E
:10B2D000B8F5806F424618DA07F0E4FB4FF0000340
:10B2E000D7F8A82C06F80830D7F8BC1CD7F8AC3C27
:10B2F000D7F8B80C0096FCF7B9FA002805DBA14591
:10B300007FF7B5AE4BF8240001340AF1020A554527
:10B31000D5D1002CFFF6ABAE039B089A03F5006372
:10B3200093420393FFF6FEAE049B9446DDF824B0EF
:10B330009B1A029A002B6244049302923FF7BCAE20
:10B340001378A046002B7FF479AE8CE63A4DA146E7
:10B350001446022205F11C0803E028680BF0B8F936
:10B36000024629680435029803920AF09DFC0028E1
:10B3700000F037814545F0D122464C46ADE62046E7
:10B3800008F1FF38FCF7BAFA294BA9F1040943F890
:10B39000240021E7002C82D079E7AB45FFF66DAFA2
:10B3A00075E70EAA04990298FBF71AF9DDF838A0A0
:10B3B00005465046FCF72AFBBAF1270F80463DD0E0
:10B3C000BAF10D0F03D0BAF10A0F40F0E780B8F1DF
:10B3D000020F40F0D880049B9D4280F2CF809846B7
:10B3E00002E04D4445450CDA029B0FAAA8EB05018B
:10B3F0005819FBF7F5F881460F98FCF707FB022870
:10B40000EFD0049BAB42A8BF2B46002B9C4602DD2D
:10B41000029B5A1E80E6A046404611B0BDE8F08F60
:10B42000B8050220C8D10420C0610220B441022026
:10B43000BC410220C041022064390020049B012B42
:10B4400000F09980029B5A78A2F1410042F020015D
:10B45000192898BF0A46A2F16400102804D8AB4905
:10B46000C140C90700F15681049B022B00F05681B0
:10B47000029B22F004019878A0F1410E40F0200CCC
:10B48000BEF1190F98BF6046722902D1652800F0FD
:10B490005B816C2A02D16C2800F05681A8F102026F
:10B4A000012A40F20381049B9D42C0F2EB800FAA67
:10B4B000B8F1000F40F09A800025DDF81080924628
:10B4C00002E04D44454559DA029B5246A8EB05017E
:10B4D0005819FBF785F881460F98FCF797FA002872
:10B4E000EFD0049BAB4249DD029B5A1E2A4403E085
:10B4F0000135049B9D4284D012F8013F0D2BF7D0FB
:10B500000A2BF5D07DE7029B597869B1A1F10900BA
:10B51000C0B2172800F2B2807D4D25FA00F0C507B1
:10B5200002D40A464FF0010AA2F10901C8B2784DCF
:10B5300025FA00F0C00740F1CA80029B5A1EC3F1F1
:10B540000108944608EB0C011CF8013F704DA3F173
:10B550000900C0B2172825FA00F57CD8E807F1D415
:10B5600001297CDC0129049BB8BF01218B42A8BFC3
:10B570000B469C46D0E5821E012A98D8029BDDF836
:10B5800010C05A1EC8E5B8F1030F90D1049BAB421E
:10B59000A8BF2B469C46029B5A1EBDE5821E012A6F
:10B5A00040F28480049B9D426CDBBAF1200F7FF453
:10B5B0007EAF049B0FAA012B3FF47AAF049B03924A
:10B5C000591E029B581CFBF70BF80F98FCF71EFA4C
:10B5D000039A00287FF46CAF0125DDF810809246B5
:10B5E00072E74C46039D0CE798463CE54FF0000996
:10B5F0004FF0FF3A4D4606E00A2B18D0049BA946AF
:10B60000454698452DDA049B0592591B029B581913
:10B61000FAF7E6FF0F9B00EB050818460393FCF7CB
:10B62000F5F9012805D1039B059A0D2BE4D1AA4613
:10B63000E4E7BAF1000F17DA049BAB427FF7E1AE03
:10B64000B9F1000F7FF7DDAE4B45A8BF4B469C46D6
:10B65000029B5A1E60E5012984DD002B82D001394E
:10B6600080E7BAF1000F89DB0AF1010A049B534518
:10B67000A8BF53469C46029B5A1E4DE50A464FF012
:10B68000010A2AE5049B0FAA591B029B0392581931
:10B69000FAF7A6FF81460F98FCF7B8F90228039A3B
:10B6A00009D0BAF1200F7FF403AF87E7B8F1020F9A
:10B6B0003FF491AE6AE74D448DE6A2F130010929CD
:10B6C00016D9A2F10901C8B217287FF630AF029B44
:10B6D00003EB0A05CBB20E48172B20FA03F143D82F
:10B6E000CB074BD5BAF1010FB8BF4FF0010ABDE748
:10B6F000029B9A4451461AF8013F303B092BF9D975
:10B70000029BC3F101020A44FFE400BF0182010071
:10B71000130080004FF0020C5A1EFDE4A8F1020253
:10B72000012A16D9012D7FF4C2AE029B0FAA294629
:10B73000581C0392FAF754FF0F98FCF767F9022898
:10B74000039A7FF4B5AE19E7029B4FF0030C5A1E23
:10B75000E2E4B8F1020F3FF43EAE022D029BA8BF17
:10B7600002255A1EAC46D7E422F02003413B192B98
:10B77000B8D9D309B6D1303A092AB3D915F8012F6F
:10B780000AF1010AA2F10901002AA3D1AAE700BF28
:10B7900070B5002304460D461646FDF7A9FB831C31
:10B7A00000D070BD3246294620460123BDE87040D6
:10B7B000FDF79EBBDFF8A8C010B50CF5405E88B061
:10B7C000DEF8ECEDBEF1000F44D0072942D83FD09F
:10B7D00000283FDBDCF8004084423BDD00EB40000A
:10B7E0000DEB8101C00100F1300EE644CDF800E020
:10B7F00000F1500EE644CDF804E000F1700EE6448E
:10B80000CDF808E000F1900EE644CDF80CE000F130
:10B81000B00EE644CDF810E000F1D00EF030E64472
:10B820006044CDE905E00968886998B1002091ED90
:10B83000047B82ED007B0A681A600A9A4B681360E9
:10B840000B9A8B6813600C9ACB68136008B010BD1C
:10B850000249E9E74FF0FF30F8E700BF08AD0120EB
:10B86000D8700120000000002DE9F04FB24E0446D0
:10B8700006F54050D0F8EC0D2DED108B93B000285C
:10B8800000F0D18300298A46CDE91023736AC0F203
:10B89000C183994280F2BE83002CC0F2B483336A24
:10B8A000A34240F3B083F5F7B7FA06F57151A34A06
:10B8B00051F8043CD6F80480D1E900018DED0C0B61
:10B8C000E4FB03017469059434690B94F4680E94E5
:10B8D000F4690894FBF7E8F8002840F09283984A4E
:10B8E000034696490092974AD2F8300CD2F8382C89
:10B8F000EBF758FA8146002840F07B83F5F78CFA85
:10B90000914F3368B0EE408B9DED0C7B4B4530EE94
:10B91000476B97ED087B37EE067B87ED087B40F39E
:10B920000282874B06F58874884A03EB8805089BDA
:10B9300002EB830B864A9FED7AEB9FED7BFB02EBDC
:10B9400083038DED02EB0F93824A41462046FBF7BD
:10B9500049F9002840F091827F4A414604F12000D5
:10B96000FBF740F9002840F08882A36D002B40F0DF
:10B970007B82A36F002B40F09382D4F8983043B1C0
:10B98000764A04F180000899FBF72CF9002840F072
:10B9900074827049424696ED0A0A6948FBF7E6FE52
:10B9A0006F4B70480193704B0093002354F8D82CD0
:10B9B000EBF7F8FB0022B169A4F1E0006B4BFBF759
:10B9C000BFFD002840F059820246604BF169A4F1A6
:10B9D000C000FBF7B5FD002840F04F8202465C4BEB
:10B9E000F169A4F1A000FBF7ABFD002840F045820F
:10B9F000F5F712FA30EE488BA36DB0EE409B97ED51
:10BA00000A7B37EE087B87ED0A7B002B40F0B28281
:10BA1000A36F002B40F0C482D4F89830002B40F084
:10BA2000E28296ED0B8A5346059AB0EE480A0E99CB
:10BA30004E48FCF7D5F95346059AB0EE480A0B99E3
:10BA40004248FCF7CDF9424B404A51464846FBF785
:10BA5000E1FC002840F011820146444B5246484622
:10BA6000FCF79AFC002840F00882F5F7D5F930EE93
:10BA7000499B43463E4A3B49A4F18000B0EE408BCF
:10BA800097ED0C7B37EE097B87ED0C7BFBF792FD86
:10BA9000002840F0F28180450BDD354A284BD3ED7C
:10BAA000007AB2EC017A77EE877AE3EC017A9D4274
:10BAB000F5D1F5F7B1F930EE488B424626492048DA
:10BAC00097ED0E7B8DED060B96ED0A0A37EE087B9F
:10BAD00087ED0E7BFBF74AFEB3682249A4F16000B4
:10BAE000244AFBF767FD002840F0C781B368A4F142
:10BAF0004000214A1B49FBF75DFD002840F0BD8155
:10BB0000B368834240F3E1801A4A9FED09CB02EB10
:10BB1000830E02F52C4CCDE90989ABE0AFF3008030
:10BB20000000E0FE422EE63F8EECF8F45D94ED3F1F
:10BB3000763C7935EF39EA3DD8700120C04A0020C3
:10BB400004760320D8A00120D8BE0120C4B9022069
:10BB5000E46B0320C4790220C4990220C47102203E
:10BB6000040104200496032004D60320E44B0320A0
:10BB700004B6032000E02320008C2420B4EEE4EA85
:10BB8000B6EE005BB1EE4E7AF1EE10FA6ADCB7EE7B
:10BB9000C77A9FEDC96B27EE066BB5EEC06BF1EE71
:10BBA00010FA40F1188136EE456B9DED024BFDEE2B
:10BBB000C66B9FEDC38B16EE903AB8EEE66B9FED29
:10BBC000C20B06EE447B9FEDC21B9FEDC3BB9FEDF6
:10BBD000C4DB9FEDC52B9FEDC63B06EE4C7BB7EE5D
:10BBE000006B9FEDC54B9FEDC69B9FEDC7AB07EE6E
:10BBF000080B9FEDC78B00EE078B9FEDC70B08EE80
:10BC0000070B00EE071B01EE07BB0BEE07DB0DEE8B
:10BC1000072B02EE073B03EE074B04EE079BB0EE4B
:10BC2000464B09EE07AB0AEE075B05EE074B04EE49
:10BC3000076B6FF47F7903F2576800204B454FEA9A
:10BC40000851F7EE007A25DA41EC150B26EE056B6C
:10BC50009FEDB35B26EE056BB7EEC66B36EE276A3B
:10BC60008EEE06EAFCEC017A964567EE8E7A42ED9E
:10BC7000017A28D0B2EC01EAB0EE4F6BDFEDAC7A7E
:10BC800040F2F233DFEDAB4AB4EEE7EAF1EE10FA40
:10BC90007FF574AF03F2FF330020F7EE007A96458C
:10BCA0004FEA035141EC150B26EE056BB7EEC66B60
:10BCB00036EE276AFCEC017A8EEE06EA67EE8E7AA3
:10BCC00042ED017AD6D1DDE9098943469A4A9B497A
:10BCD000A4F12000FBF76EFC002840F0CE808045E8
:10BCE0000BDD954A964BD3ED007AB2EC017A77EEF4
:10BCF000877AE3EC017A9D42F5D1F5F78DF809F1E9
:10BD000001093368B0EE408B04F5C0744B459DEDDE
:10BD1000066B97ED107B30EE466B37EE067B87EDBA
:10BD2000107B3FF711AE874A41468748FAF75AFF22
:10BD30000546002840F0A1804246824996ED0A0A55
:10BD40007F48FBF713FD814B814CD3F8902C814940
:10BD5000814BDFF81C8223600B604FF0FF33C8F883
:10BD600000507E4D2B60002A40F041817C48336AB0
:10BD700000227C49FBF71EFC00287ED1109A12B1EC
:10BD8000D8F800301360119A0AB1236813602C9B15
:10BD900013B12B682C9A13602D9B1BB16D4B2D9A00
:10BDA0001B6813600290F5F737F830EE480B97EDFB
:10BDB000127B37EE007B87ED127BF5F72DF80298AA
:10BDC0009DED0C6B97ED007B30EE460B37EE007B64
:10BDD00087ED007B5FE036EE056B9DED024BFDEEDF
:10BDE000C66B16EE903AB8EEE66B06EE447B9FED1E
:10BDF0004E4B06EE447B9FED324B9FED336B07EECF
:10BE0000046B9FED434B06EE074B9FED436B04EE37
:10BE1000076B9FED2F4B06EE074B9FED2F6B04EE4C
:10BE2000076B9FED2F4B06EE074B9FED2F6B04EE3C
:10BE3000076B9FED2F4B06EE074B9FED2F6B04EE2C
:10BE4000076B9FED2F4B06EE074B9FED2F6B04EE1C
:10BE5000076B06EE075BB7EE006BB0EE464B05EEE8
:10BE6000074B04EE076BE4E63F4A04F14000B1697A
:10BE7000FAF7B8FE00283FF47CADF4F7CDFF9DED56
:10BE80000C6B97ED007B30EE460B37EE007B87EDB9
:10BE9000007B4FF0FF3013B0BDEC108BBDE8F08F8E
:10BEA000324A04F160000899FAF79CFE00283FF43A
:10BEB00064ADE2E7AFF30080FE822B654715F73FE4
:10BEC0009D7CC0A87439A93D096DA8134612E63DB2
:10BED0005C9F78B74F7E923E34C756A5E31DC73EA0
:10BEE0001AA0011AA001FA3E1AA0011AA0012A3FC5
:10BEF000176CC1166CC1563F111111111111813F00
:10BF0000555555555555A53F555555555555C53F4D
:10BF100098D8F8EFD8EE213EE444F56745E65A3E5E
:10BF2000000000000000701A763C7935EF39EA3DD8
:10BF300000002FC40000394404B6032000E0232091
:10BF400004760320C479022028AD0120D8A0012066
:10BF500014E0042018E00420000080FFC4E0042066
:10BF600048AD012004960320BC210220BC1502200C
:10BF7000C0E00420B16900297FF74AAD2E4B2F4A5B
:10BF800003EB8101D3ED007AB2EC017A77EE877A88
:10BF9000E3EC017A9942F5D1A36F002B3FF43CAD5D
:10BFA000089B002B7FF73DAD254A264BD3ED007A49
:10BFB000B2EC017A77EE877AE3EC017A9B45F5D112
:10BFC000D4F89830002B3FF42CAD1F4A1F4B0F992B
:10BFD000D3ED007AB2EC017A77EE877AE3EC017A5E
:10BFE0009942F5D11DE5089B002BEEDC19E51848B8
:10BFF000BDE6184BA021184AD3F8303C174809F089
:10C00000C5FB174F39E72346164AA021134809F00C
:10C01000BDFB3EE75C1E144A5346A02100940F4826
:10C0200009F0B4FB35E7114B0C4C0FCB07C41A0CCD
:10C0300024F8023B22702CE7E44B0320BC210220B1
:10C04000BC150220C4B90220C4710220E46B032095
:10C0500008AD0120D8A00120943200201CE004206B
:10C06000D8BE01207432002058320020483200200F
:10C070002DE9F04FDFF854A30C460AF54056D6F8E8
:10C08000EC1D2DED068BE7B0002900F0FE83114674
:10C090000246581E0B930A94072800F2EE830A9B6F
:10C0A000A1F1040EDAF824900024A3F1040CDDF8C9
:10C0B0002CB000E01C465CF8047F631C5EF8040FA3
:10C0C00057EA000807EB000500F1D6814D4580F2E4
:10C0D000D3819B45EED1DAF8080010F01F0940F03B
:10C0E000C583DAF80470B7F5006F00F3BF83DAF8A0
:10C0F0001870B7F5006F00F3B983151F4F46DAF8D3
:10C100002020AC465CF8040F0028C0F2C7819042A2
:10C1100080F2C481BC4207F10107F3D10E930C9168
:10C12000F4F77AFEDAF80430B0EE409B9C4F12939D
:10C13000DAF81C30DFF898821693DAF80C30DDF864
:10C1400030B01493DAF8103018971593DAF81430E9
:10C150000D93D6F83C3C55F8040FD8F800104FEA80
:10C16000E07CA0FB0302401803FB0C21D8F804205C
:10C1700041EB02018B4AFAF797FC002840F09C81C2
:10C1800000970346D6F8382C07F500578549D6F8AE
:10C19000300CEAF707FE002840F087814C4509F192
:10C1A0000109D6DC0E9B0F900C93CDF838B0F4F754
:10C1B00033FE7D4B30EE496BDAF80000B0EE408B79
:10C1C0001793002893ED087B37EE067B83ED087B01
:10C1D0000C9B40F300831699744A754F02EB810261
:10C1E0000E9919931E920F9A0C9413921B91129C04
:10C1F0003846704A2146FAF7F5FC002840F05E8187
:10C200006D4A214607F12000FAF7ECFC8046002831
:10C2100040F05481BB6D002B40F0D381BB6F002BED
:10C2200040F0C581D7F89830002B40F0B681189BBC
:10C23000A7F1E0024FF0000B03F5803403F5A035C1
:10C2400099461A921D941C959AED0A0A4846594936
:10C2500009F50059129AFBF789FA00235748CDE9EE
:10C26000004557F8D82CEAF79DFF05F502632046F4
:10C2700005F582750093002357F8D82C04F5006467
:10C28000EAF7F0FF0C9A424508F10108DCDCCDF832
:10C2900020B04FF4006557F8E03C4124DFF83481CA
:10C2A000A3F10C03DDF864900795B3FA83F30095CE
:10C2B00004945B090294CDF818800593404B1A98BA
:10C2C000A3F5026203933F4B01924A46DAF8181035
:10C2D000FAF768FF002840F0F180A8F508430890BD
:10C2E00004944FF400780693A3F50263DDF858B088
:10C2F0004A46A3F50261A7F1C000CDE90051CDE99E
:10C30000024357F8C03CCDF81C80A3F10C03B3FAEC
:10C3100083F35B090593A1F580435946FAF742FF81
:10C32000002840F0CB80264B4A460095594603939F
:10C33000A3F50263049402940193CDE907801B489E
:10C340000690A7F1A00057F8A03CA3F10C03B3FAA4
:10C3500083F35B0905931B4BFAF724FF002840F099
:10C36000AD808346F4F758FD179B30EE486B1649B5
:10C37000B0EE40ABDFF860901E9C93ED0A7B37EE89
:10C38000067B83ED0A7B189B591899441B9B8846B2
:10C390001F91043B0F930A9B043B0E9353E000BF95
:10C3A00000E02320C04A0020D8BE01204070252094
:10C3B000E8710120C4790220C49902200496032068
:10C3C0002028252000E0242040D80100D87001203A
:10C3D00018AD012040B8252040500100BA6F002A56
:10C3E00078D1D7F89820002A40F096800E9B4046DE
:10C3F0009AED0B0A53F8045F0D9A14990E932B468D
:10C400008DED110AFBF7ECFC2B460D9A1599484669
:10C410009DED110AFBF7E4FC1398DDE90F2352F8B8
:10C42000041F0F9229444A46FAF7F4FF002845D129
:10C430000C9B08F5005809F5006904F500645B459C
:10C440006EDD0BF1010B09F58043BA6D1093002AE4
:10C45000C4D0DAF818000028C0DD08EB80005E497F
:10C460004246D2ED007AB1EC017A77EE877AE2ECBF
:10C47000017A8242F5D1B1E709F1FF312346574AEB
:10C480000097CDE90101A021554809F07FF94FF04F
:10C49000FF3067B0BDEC068BBDE8F08F0346514A14
:10C4A000A0214F4809F072F9F1E7D6F8303CA021FD
:10C4B0004D4A4B4809F06AF94C4B1793F4F7ACFC22
:10C4C000179B30EE490B93ED007B37EE007B83ED3D
:10C4D000007BDCE7169A002A88DD45494A46A4F528
:10C4E0008040D2ED007AB1EC017A77EE877AE2EC07
:10C4F000017A8242F5D1D7F89820002A3FF476AF2E
:10C500003C4AD3ED007AB2EC017A77EE877AE3EC1D
:10C51000017AA342F5D169E7169A002AF0DC65E7B3
:10C5200057F8803C83461F9910930A9B0F970F463C
:10C53000A3F104091B9BDDE91C54A3F104080AE0E4
:10C540000C9B07F5005704F5006405F582755B4503
:10C550000BF1010B52DD3B4659F8042F58F8041F2C
:10C560001398FBF719FF03460028A7D10F9A0E90E6
:10C570002148CDE9004552F8782CEAF713FE109BCC
:10C580000C2B0E9BDCD105F50262204600920F9A1F
:10C5900052F8782CEAF766FED2E7164A07F18000D7
:10C5A0001699FAF71FFB00283FF441AE86E7104AC0
:10C5B00007F160001699FAF715FB00283FF432AE38
:10C5C0007CE7054A07F14000DAF81810FAF70AFB91
:10C5D00000283FF423AE71E7BC210220C8320020BE
:10C5E0001CE004207432002094320020D8BE0120C8
:10C5F000BC150220C4710220049603200F9FF4F79B
:10C600000BFCA64B30EE4A7B179CA7F180000393EE
:10C61000A3F50263199AB0EE408B0193109B129917
:10C62000A3F10C03B3FA83F394ED0C6B5B09059350
:10C6300036EE076B9A4B06934FF4006384ED0C6B58
:10C640000793009341230493029301230893954B8E
:10C65000FAF7A8FD834600287FF430AFF4F7DCFB3F
:10C6600030EE487BB0EE40ABD846CDF838B0DDF8C0
:10C670006090DDF830B094ED0E6B36EE076B84ED14
:10C680000E6BDDE91C549AED0A0A4846864909F505
:10C690000059129AFBF76AF800238448CDE9004557
:10C6A00057F8582CEAF77EFD05F50263204605F59C
:10C6B00082750093002357F8582C04F50064EAF7BC
:10C6C000D1FDC34508F10108DDDC57F8203C6822A4
:10C6D000002146A8A3F10C04DDF838B009F038FABF
:10C6E0001A9BB4FA84F4102240936409199B459272
:10C6F000CDE9413457F8603CA3F10C03B3FA83F35E
:10C700005B09439357F8403CA3F10C03B3FA83F35E
:10C710005B09449357F8543C1A01B2F5C04F00F23C
:10C720006C8157F8342C1101B1F5C04F00F26581CE
:10C730001343980740F0618147AB0C9DDDE91C2055
:10C7400002F502615D4543F8040F0BF1010B1A621B
:10C7500000F5006002F582721964F1DC40A95448CA
:10C76000FAF7ACFC00287FF4A9AE4D4B0121199AD1
:10C77000A7F12000069340F2591305940493029305
:10C780004FF40063CDE907314A4B129903934A4BAA
:10C7900001934FF42C530093484BFAF703FD002804
:10C7A0007FF48CAEF4F738FB179B30EE4A7B139A7C
:10C7B000B0EE408B07F5C077013293ED106B13920A
:10C7C00036EE076B83ED106BDAF8003093423FF7DB
:10C7D0000EAD199B0C9C3A48D6F8907CA0F140060F
:10C7E000384A1299002F08BF064620380F93356843
:10C7F0000C95FAF7F7F9814600287FF45FAEA5F1B2
:10C800000C02284FDDF83C8053423D460A905341CC
:10C810000D9307F580439B460E930DE0189B05F59D
:10C8200000650BF5827B03F5005318930A9B9C422D
:10C8300003F101030A934FDD9AED0A0A129A214986
:10C840001898FAF793FFB26800231848CDE9005B07
:10C85000EAF7A8FC0C9B0C2BE0D10BF50263B26845
:10C86000284600930023EAF7FDFCD7E7164D174C46
:10C870000FCD0FC42B68236009E60824144AA021B9
:10C880001248009408F082FF01E6124B0F4C0FCBC8
:10C8900007C41A0C24F8023B2270F8E52028252052
:10C8A00000E0232000E02420C49902200496032005
:10C8B00035FB0000603B27204010272040B8252092
:10C8C00048AD0120C4790220FC3200201CE0042085
:10C8D000A8320020483200207C22002142A8CDF856
:10C8E000288009F035F97268F16841924FF4C0422E
:10C8F00011F0030F0A9B4096B2FBF1F203D0012A1C
:10C9000088BF22F0010228AE0DF1C00BDFF814E160
:10C91000B4460E996296CDF88CB1CDE943230D9BB8
:10C9200046AA459320AB9A46619338AB5046649330
:10C9300001F502654C4542F8047F09F101091162D5
:10C9400007F5006701F5827140F804EB4CF804EB41
:10C950001564EDDC0B9AFF21184695002A4609F074
:10C96000F7F800212A46584609F0F2F82A4840A96B
:10C97000FAF7A4FB00287FF4A1AD799F0246779DCA
:10C98000844638AB769921B15BF82210769840F84E
:10C990002210779911B1DAF80010296078990AF11C
:10C9A000040A043521B153F82210789840F8221077
:10C9B000799909B131683960944206F1040607F1AA
:10C9C000040702F10102DDDCCDF828C0F4F724FAF7
:10C9D000179C30EE480B94ED127B37EE007B84ED14
:10C9E000127BF4F719FA30EE490B0A9894ED007BAC
:10C9F00037EE007B84ED007B4BE5084D084C0FCDF6
:10CA00000FC40FCD0FC40FCD0FC495E8030044F839
:10CA1000040B217052E500BFC5FA0000103300205E
:10CA20001CE00420000080FF70B51E464B1E94B031
:10CA30000C46072B1BD8054603AB114443F8042FC3
:10CA400001328A42FAD1A20000210CA809F080F834
:10CA50001A9B18990CAA03932846199B019104A9C3
:10CA6000029323460096FFF703FB14B070BD4FF00E
:10CA7000080C0B46044AA0210448CDF800C008F079
:10CA800085FE4FF0FF30F0E7483300201CE0042023
:10CA9000031E034A18BF012310681360704700BFCC
:10CAA00070460020454BD3F8EC3D2DE9F04F87B0A0
:10CAB000002B79D04B1E8846072B6CD80024404BA6
:10CAC00086464FF0FF3BD3F800902146CDF81490F6
:10CAD000DEF80470002F4BDDDEF80830002B47DB5A
:10CAE00000223B44CEF80C101944CEE90422CEE9D2
:10CAF00006B284B3059B73B30546164607F1FF3CA7
:10CB00008246CDE903716868039B8342D8BF6046C3
:10CB100000281ADDDEF8001000232A688146043957
:10CB2000043A04E001334B4507DA402B05D051F8B5
:10CB3000040F52F8047FB842F4D0032B05DDDEF871
:10CB40001C209A42B8BFCEE9066301362035A642C2
:10CB5000D9DB0499504601340EF1200EA045B7D11F
:10CB6000184B5C6A8C420EDB002007B0BDE8F08FEA
:10CB70002346154AA021154808F008FE4FF0FF3063
:10CB800007B0BDE8F08F0B46114AA02100940F4872
:10CB900008F0FCFDF2E708240B460E4AA0210094A1
:10CBA0000A4808F0F3FDE9E70B4B084C0FCB07C42C
:10CBB0001A0C24F8023B2270E0E700BFD8A0012045
:10CBC00070460020D8700120803300201CE0042033
:10CBD0009433002068330020483200202DE9F04FC4
:10CBE000B1F1000EDBB040F3458281464FF0000802
:10CBF000DFF888B277469D4C07900C90CDE908236A
:10CC000009E008F1010309F1200904F580649F425D
:10CC100000F01F819846D9F81430002BF1D1D9F8D3
:10CC200018209A42EDDBD9F81060002EE9D1079B5D
:10CC3000D9F81CE003EB421213697345E1DB8C4D1C
:10CC40002B68B34240F3D180BEF1000F40F3248241
:10CC5000D0680EF1FF33D9F80C20B24623F03F0321
:10CC60000D9402EB0E01144686460A9102F1400132
:10CC70000B440693EB69CDE90E960493DDF82890FA
:10CC80002B69CDE91087059376462746CDE90AE45E
:10CC9000A9EB0704686A402CA0FB0A03049BA8BF09
:10CCA0004024801904FB03F8B8F1000F3FD0E96974
:10CCB0004246DBF8D83D01FB00306E49FAF7D6FA60
:10CCC000002840F0E681686A4246E969A0FB0A0351
:10CCD000DBF8D83DC01900FB01306649FAF746FB86
:10CCE000002840F0D681686A4246E969A0FB0A0341
:10CCF000DBF8DC3D801900FB01305E49FAF7B6FA3B
:10CD0000002840F0C681686A4246E969A0FB0A0330
:10CD1000DBF8DC3DC01900FB01305649FAF726FB71
:10CD2000002840F0B681686AA0FB0A038019059BC1
:10CD300003FB04F4A40043D02B6922464E4903FBB5
:10CD400000F0DBF8E03D03EB8000FAF78FFA0028F3
:10CD500040F09F816B6A2869A3FB0A32464922464C
:10CD6000DB1903FB00F0DBF8E03D03EB8000FAF792
:10CD7000FDFA002840F08D816B6A2869A3FB0A3216
:10CD80003D4922469B1903FB00F0DBF8E43D03EB31
:10CD90008000FAF76BFA002840F07B816B6A22462C
:10CDA0002869A3FB0A313449DB1903FB00F0DBF8E7
:10CDB000E43D03EB8000FAF7D9FA002840F06981DE
:10CDC0004037069B40369F427FF462AF1AF1010A5A
:10CDD0002A685245DDE90AE43FF756AFDDE90D491F
:10CDE000DDE90F68119FD9F81CE0BEF1000F25DDC9
:10CDF0002546A2460497DDE90847D9F818301B4AB2
:10CE000006EB831302EB03130FCB85E80F007CB115
:10CE1000D9F800303246D5ED030A95ED020A53F8F1
:10CE200026300191414600903846A047D9F81CE0D1
:10CE300001361035B645E0DC5446049F08F1010385
:10CE4000C9F810E004F5806409F120099F427FF4DD
:10CE5000E1AE079B0DF5A47A0121DDF830C003EBAC
:10CE60004719002752463D463E460FE000C02020AD
:10CE7000D8700120C4C10220C4410320D8A00120E1
:10CE8000013542F8041C20334B450FD0586942F855
:10CE9000046B0028F7D198690028F1DB1869DC6978
:10CEA0008442EDDD203301374B45EFD16446002D40
:10CEB00000F0DF80072D2EDCC5F108056346AAF1DE
:10CEC0000404079F0022264639469B469446A64600
:10CED000049756F8043F01206BB10F691C183B44BE
:10CEE0004F68BB4207DA281A4FF0010C05F1FF35F5
:10CEF000346018BF0120904501F1200102F10102C8
:10CF000001DD0028E5D15B467446049F15B1BCF1F4
:10CF1000000FD7D11C4600270DF58478A346CDF825
:10CF200010903D465AF82790B9F1000F22DDDBF84A
:10CF3000106012ABDBF800104FEA890203EB8500AA
:10CF4000DBF80C4001EB860105F0ACFD3AAB08EBD9
:10CF5000850106EB090C03EB85004AAB03EB850268
:10CF600040F8046B013641F8044B664542F8047BF7
:10CF7000F6D14D440BF1200B049B01379B45D1D1D9
:10CF8000424632AF0DF1880B0DF1A8081AAE2B46C0
:10CF90003AA912A80397CDF808B0CDF804800096FE
:10CFA000FFF766F80446002873D1002D62D00DF516
:10CFB000947A049706953AAB5AF82410099853F8D6
:10CFC00024204FEA4119079B3F2A02EB811E03EB05
:10CFD000411513DC364F5BF8243007EB0E1C4FEA8B
:10CFE0000E1ECCF80430336847F80E30D8F8003005
:10CFF000CCF80830049B1B68CCF80C30089B93B12C
:10D000000DF1480C049B98ED000A5CF82470D3EDF8
:10D01000000A3B465BF82470059201973768009739
:10D02000089FB847059A049B511C013408F1040875
:10D030000433296104936B68581E824210DB079AFF
:10D0400052F80900326840F821201A48D0F8CC0C78
:10D05000824203D0AA681344994201DB01236B6129
:10D06000069B04369C42A6D11D4628465BB0BDE80F
:10D07000F08F27B9002528465BB0BDE8F08F0E4D34
:10D080000E4C0FCD0FC40FCD0FC495E8070084E8F8
:10D0900007004FF0FF35EEE7334603E002339942D5
:10D0A0007FF7A3AE5A1C29688A42F7DB9DE600BFD2
:10D0B00000C02020D8A00120C43300201CE00420A0
:10D0C00030B500F1240385B08C460446154693E83C
:10D0D000070001AB83E807004FEA4C121946206AAB
:10D0E00001F098F9012806D12A4601A9206A01F029
:10D0F0004DF905B030BD002005B030BD10B5044677
:10D1000000F0A0FD002384F8313084F8333010BDE6
:10D1100090F8333013F0400326D010B561B1C369E5
:10D120004BB1D0F820C0023B9CF845E4DCF82CC49D
:10D1300003FA0EF363440B60A2B103694469013B37
:10D14000C16944F1FF3C41B1006A023990F845E4FD
:10D15000D0F82C0401FA0EF101445B0A43EACC53E7
:10D1600019441160012010BD1846704790F831C075
:10D17000BCF1000F01D00020704710B582B00C4602
:10D1800038226146019008F0E3FC0122019B402116
:10D1900010461C6283F8332083F8311002B010BDB2
:10D1A00070B514460A781E460B46202A04D113F89F
:10D1B00001CFBCF1200FFAD02360A360197881B3AE
:10D1C0002F2920D05A1C184DA1F1220C1F295FFADB
:10D1D0008CFC07D9BCF11D0F25FA0CFE04D81EF0FB
:10D1E000010F05D0002070BD01F0DF035C2BF9D0EA
:10D1F0002E29134602D0202918BFA26012F8011B65
:10D2000079B12F29E0D113F801CFBCF1200FFAD06A
:10D21000BCF12F0FF7D021463360BDE8704000F01D
:10D22000CBBF2F29EFD0F6E7012100352DE9F04FD4
:10D2300090F8333083B00446DD076FD558060E46AC
:10D24000924640F1AA80D4E90023D4E904101AEBF5
:10D25000020543F10003A94270EB0303C0F0A38071
:10D26000BAF1000F56D05546D4E90032276AD7F8F4
:10D27000381411EA030970D1134370D194F8313096
:10D280005A064CBFD7F83414E169A16197F84524D8
:10D290000239D7F82C34C9F3080B914040F2FF1043
:10D2A00003EB59231944BBF1000F42D1854240D909
:10D2B000D7F81C0281423CD0B5F5806F56D30123CC
:10D2C0009340A3EB59296B0A994528BF994681429F
:10D2D0000AD801EB0903984206D207F504700191C0
:10D2E00004F02CFF0199C8B1D7F814024B4632461E
:10D2F00007687F69B84788B14FEA49294B464E44D1
:10D30000D4E900125B1842F10002B5EB0905C4E94B
:10D310000032ABD1504603B0BDE8F08F94F8323004
:10D320004FF0FF3043F0020384F8323003B0BDE821
:10D33000F08F002207F5047004F02AFF0028EDD0DA
:10D34000CBF5007900EB0B013046A94528BFA94673
:10D350004A4605F0A7FB4B46D1E7A16996E794F84A
:10D360003330A1695B060DD501318EE7D7F8140281
:10D37000324603681B6998470028CFD04FF40073EA
:10D380009946BCE704F11802384601F01BF8002862
:10D39000C4DB0BD0276AA16978E794F8313019070C
:10D3A0007FF55EAF4FE7A1EB020A59E794F8313001
:10D3B00013F0500FB2D0AAEB050A5046ABE700BFFE
:10D3C000F0B583B00122044685690DF10701D0E96B
:10D3D0000067FFF72BFF0128A5610CBF9DF8070030
:10D3E0004FF0FF30C4E9006703B0F0BD2DE9F04F06
:10D3F000044690F83110806983B0804600295BD0E4
:10D40000D4E900CE9E4508BF94455FD052EA0300A0
:10D4100058D00F0704D5D4E90450954298414BD316
:10D42000206A551E94F83360834690F845040096B0
:10D4300063F100060930C0B225FA00F9C0F12007F7
:10D44000A0F12005BA4606FA07F7019526FA05F578
:10D45000009E49EA0709760649EA05053AD41CF117
:10D46000FF3626FA00F04EF1FF365CEA0E0E06FAA1
:10D470000AF70097019F26FA07F6009F40EA070087
:10D4800040EA060001D0854228D249064CBFDBF8AD
:10D490003414E169A1611746994606E0A169013D8E
:10D4A000206A00F08FFF002806DD04F11802002D2D
:10D4B000F4D13A464B4607E00020C4F8188003B088
:10D4C000BDE8F08F0021A161C4E90023012003B071
:10D4D000BDE8F08FE1692944A161F5E72D1ADAE78B
:10D4E0002DE9F04F8DB00C4619460646009390F892
:10D4F0003130002B40F0D480904694F8312012F067
:10D50000500F00F0CD8001F00302032A00F0C88024
:10D51000013201F008010A430192B8F1000F00F056
:10D52000C980D8F8102002F10E07AC4AA2FB0727E9
:10D53000D4E90021FF080A4307F10207FFB204D033
:10D540000022A3610023C4E900234FF000094D46E7
:10D55000202204A92046FFF769FE10B3202840F0DE
:10D560009F809DF910309DF81020002BC0F2A48000
:10D57000B9F1000F04D12368A3F1200AA3699B46E7
:10D5800009F10103DBB2B94538BF9946002A00F022
:10D590001481202204A920460025FFF747FE002819
:10D5A000DCD1009B9A057BD5019BC3F3400383F03C
:10D5B0000103DB0774D4B8F1000F71D0B94580F0D6
:10D5C000618143464D46B0461E46202204A92046AE
:10D5D000FFF72CFE6B1C002859D020285FD125B9FD
:10D5E0002268A2F1200AA2699346DDB2BD42ECD3C3
:10D5F00033464646382200213046984694F8335048
:10D6000008F0A6FA236AC5F380153362082386F86A
:10D610002C5086F83130D8F80030C6E909BAC8F87D
:10D6200004300023A8F80C30002507F1FF3A01224E
:10D63000E9B23046FFF744FD044688B390F9003064
:10D64000002B2DDB2022002108F082FA002D00F0B3
:10D65000C780012D00F0DD80C123A1461E3404F8EF
:10D660001E3CB8F80C3040461BB9D8E901239A4259
:10D6700005D004F0C5FD29F8020F4C45F1D1013564
:10D68000BD42D4D1304600F0DDFA05460EE020461A
:10D69000D4F8189000F00EFB002840F09B8046461E
:10D6A00000231D4686F8313086F8333028460DB009
:10D6B000BDE8F08F032748E74DBBB94538BFA94601
:10D6C000852A7FF445AF294638223046012508F0E7
:10D6D0003FFABDF814309DF8112013F0100F03F03D
:10D6E000370386F8302043F0080208BF134686F857
:10D6F00031302368226A203B3262A269C6E90923DD
:10D7000094F83330C3F3801386F82C3020E7C02A16
:10D7100023D0C12A7FF43DAF424604A9304600F031
:10D7200025FDC0B1B8F80C30ABB9D8E901329A4246
:10D7300011D1009B1B05B3D4009B13F4884F7DD1FE
:10D7400096F833309F07B1D596F83130DC06A7D470
:10D75000D807ABD5A4E70546FAE69DF81130019A43
:10D76000990786F8332003D542F0400386F833301A
:10D77000099BF361DDE90623C6E90423DDE90A23F9
:10D78000C6E90223B8F1000FD3D04FF00003D8F858
:10D790001020A8F80C30D8F80030C8F804309DF8F4
:10D7A00013309A427FF4F5AEB8F81450BDF8143037
:10D7B000ED1AB5FA85F56D09CAE6B8F1000F3FF428
:10D7C0006FAF009B98057FF56BAF019B99073FF505
:10D7D000F5AE65E7C4F8189008E700BF8988888827
:10D7E000852323703C4B86F830A084F801A01B6889
:10D7F000F3B10DF10B020DF10E0103A89847BDF82E
:10D800000C306381BDF80E3023819DF80B302375F9
:10D8100035E74FF4E0732380019B63F07F0386F8C4
:10D820003330D8F81030E370B8F81430A38026E70E
:10D8300045F621436381E381638220E796F8313026
:10D84000D9063FF52DAF13F001017FF429AF009AFF
:10D85000520534D596F8332097077FF521AF002B7A
:10D860003FF41EAFD6E90032134304D00022002358
:10D87000B161C6E90023304600F0BEFA00287FF40B
:10D8800015AF0DE738220021304694F8335008F0E8
:10D890005FF9236AC5F380153362082386F82C509C
:10D8A00086F83130D8F80030C6E909BAC8F8043033
:10D8B0000023A8F80C30002F7FF4B6AEE2E6009B00
:10D8C0005C047FF5F3AE3046D6E90423FFF78EFD06
:10D8D00000287FF4EBAEE3E6241B04202DE9F0439F
:10D8E000002597B00E4690F8311001921495ADF8CE
:10D8F000145000293DD196F8311011F0500F38D056
:10D9000099461378044615462F2B36D0002701ABD5
:10D9100002AA29462046FFF743FC50B3019D2B780D
:10D92000002B3ED0002302AA31462046FFF7D8FD47
:10D93000F8B1A44608AE04F13008DCF800000CF1A0
:10D94000100C5CF80C1CB6465CF8082C10365CF821
:10D95000043CC445AEE80F00EFD1DCF800003060B5
:10D96000204600F06FF908AE84F8317084F8337007
:10D97000CDE7002017B0BDE8F08315F8011F2F296F
:10D98000FBD0366A38220195A1B9204608F0E0F8AC
:10D99000012340222662184684F8333084F831206F
:10D9A000E8E74B4602AA31462046FFF799FD17B03B
:10D9B000BDE8F083002108A808F0CAF801231096FA
:10D9C00008AE8DF8533040238DF851309EE700BFEC
:10D9D00019B101F58961FFF781BF0846704700BFA3
:10D9E0008169F8B50446006A01B10131012200F0F5
:10D9F00017FC0128074632D901230146206A1A463E
:10DA000000F06CFC054650B3A36994F833204BB387
:10DA1000510612D5591CB94218D022F04002E169D2
:10DA200084F8332005E0206A00F018FD3146B0B1DB
:10DA3000A3694E1C99423246F5D34FF0FF32394666
:10DA4000206A00F00BFD50B1A16911B92846A76109
:10DA5000F8BD3A46206A00F001FD0028F6D1002505
:10DA60002846F8BD42F0400284F83320EEE700BFBC
:10DA700090F833309A073ED5C16970B50546E1B9D3
:10DA800000242146012228460134FFF719FB90B1FA
:10DA90000378E1B203F07F03037095F830308B42D6
:10DAA000F0D200232C6A85F83130204685F83330D7
:10DAB00004F044FB30BB002070BD5B06006A1CD53F
:10DAC00090F84534D5E902240933013ADBB244F138
:10DAD000FF34C3F1200CDA40203B04FA0CFC24FA9A
:10DAE00003F342EA0C021A430023013200F0F6FB72
:10DAF0000028C5D1DFE70020704700F0D3FC0028E4
:10DB0000BED1D8E704F5047004F018FB0028D2D089
:10DB1000D4F840040368BDE870401B6A184700BF92
:10DB2000F0B5002783B006463C4639460022304611
:10DB3000FFF7C6FA0546002855D00278C02A5BD008
:10DB4000C12A22D0852A4ED196F8313003F037030E
:10DB500083803B4B1B6883B10DF103020DF106017D
:10DB600001A898479DF803306B75BDF80630AB816E
:10DB70002B82BDF80430EB816B82326A92F810324E
:10DB800043F0010382F810322A78A2F185000023C5
:10DB9000B0FA80F04009E103012B01EB54010A4483
:10DBA00094B24FEAC43206D128B102EB540229796B
:10DBB00004230A4494B20133202B01D0EA5CEAE743
:10DBC000013796F83030F9B28B42AFD2012206F11C
:10DBD0002401306A00F0DAFB28B1356A4480284617
:10DBE00004F0ACFAE8B996F83230002043F00103B3
:10DBF00086F8323003B0F0BD96F8332043785206F1
:10DC00004CBF43F0020303F0FD034370D6E9042345
:10DC1000C0E90223F3694361D6E90223C0E9062380
:10DC2000ABE705F5047004F089FA0028DBD0D5F8DD
:10DC3000400403681B6A98470028DBD1D3E700BF84
:10DC4000241B042090F83120F2B190F9331090F8A1
:10DC50003320002912DB026A10B582B0144601900D
:10DC6000104604F06BFA019B80B993F83220002033
:10DC700042F0010283F8322002B010BD02F07F02B0
:10DC800080F83320FFF74CBF0120704704F5047083
:10DC9000019304F053FA019B0028E6D0D4F8400425
:10DCA0000268126A904710B1012002B010BD019BBA
:10DCB000DBE700BF70B590F8313005465A064CD40A
:10DCC00080682B6AD3F83C341844B0F1806F01D3DC
:10DCD000002070BD2846FFF783FE0028F8D0286A90
:10DCE0000024AE6990F84534023E9E40D0F82C34B2
:10DCF0001E440522311900F5047004F049FA4FF46E
:10DD0000007200210028E3D007F022FF286A0123D7
:10DD100090F845241C4493409C42EAD395F8313056
:10DD20005B0615D495F8332062F07F02D5E9023105
:10DD300085F83320D0F83C249B1841F10000AB60FB
:10DD4000D5E90431E8609B1841F10001C5E90431CF
:10DD50002846BDE87040FFF775BF006A00F074FC0C
:10DD6000AFE700BF52EA030140D090F833108907B3
:10DD70003CD5C169002939D170B50446006A154601
:10DD8000013A90F845C41E4663F1000E82B00CF1D2
:10DD9000090C5FFA8CFCCCF1200322FA0CF2ACF1F6
:10DDA000200C0EFA03F32EFA0CFC1A4342EA0C0282
:10DDB0000132019200F034FA0128014618D9019A83
:10DDC00001230190206A00F089FA88B194F8333079
:10DDD0002046019963F03F03E16184F83330C4E9E0
:10DDE000025602B0BDE87040FFF72CBF002070471C
:10DDF000002002B070BD00BF90F833309A0764D5A0
:10DE0000C169B9B313F0400C70B50446D0F818E0FE
:10DE100082B0006A30D090F845C4A2680CF1090CB9
:10DE2000E568013A5FFA8CFC45F1FF35CCF120063C
:10DE300022FA0CF2ACF1200C05FA06F625FA0CFCDD
:10DE4000324342EA0C020132BEF1000F20D1C4F885
:10DE50001CE001918ABB63F07F03204694ED007BB8
:10DE600084F8333084ED027B84ED047BFFF7EAFE17
:10DE700002B070BD01207047BEF1000F0FD10191BB
:10DE8000C4F81CE000F00EFBE0B194F83330E2E798
:10DE90000139A1EB0E010A440EF10101D9E701AAF3
:10DEA0007146CDF804C000F08DFA00280ADB0ED1CF
:10DEB00001990029E9D0206AE4E7002300F00EFA76
:10DEC0000028E2D1002002B070BD002070474FF062
:10DED000FF32A169206A00F0C1FA0028E8D1F1E719
:10DEE0002DE9F84F90F8333004469D0740F1AC809F
:10DEF00093461A070E4600F12581D4E90031BBF1A3
:10DF0000000F00F0D1805D464FF00109206AA16941
:10DF1000D0F8382412EA03086CD1002900F0D5802B
:10DF200094F833305B0640F1ED80A268E368013A73
:10DF300043F1FF3C90F845340933DBB2C3F1200EC6
:10DF4000DA40203B0CFA0EFE2CFA03F342EA0E02F2
:10DF50001A43E36913448B4240F2DB800131A16133
:10DF600090F845240239D0F82C3491401944B5F585
:10DF7000007F72D3B5F5806FD0F81C32C0F0AB8053
:10DF800009FA02F2A2EB08086A0A904528BF9046F7
:10DF9000994204D808EB01029A4200F2CB80D0F8F3
:10DFA000140243463246D0F800C0DCF828A0D0471F
:10DFB000002849D04FEA48284346A5EB08052268C7
:10DFC000464461689B182269606941F100019A42E8
:10DFD0008841C4E9003102D3002D97D164E094F860
:10DFE000332062F07F02C4E9043184F83320002D2D
:10DFF0008CD159E090F845240239C8F3080A4FEA59
:10E0000058289140D0F82C3441441944BAF1000FFB
:10E01000ADD0012200F5047004F0BAF8A0B1CAF541
:10E02000007850443146A84528BFA846C24442461D
:10E0300004F038FDBAF5007FBED1206A00F5047007
:10E0400004F07CF80028B7D194F83230002043F077
:10E05000010384F83230BDE8F88F226827696369CC
:10E06000BA42626872EB030333D2012200F50470F6
:10E0700004F08EF80028E7D02A46314604F012FD5D
:10E0800020696269D4E90031EB1841F1000198423E
:10E090008A41C4E9003107D294F8332062F07F024C
:10E0A000C4E9043184F83320D4E9020298428A4159
:10E0B00050D32D4B1B682BB194F8333063F07F03A2
:10E0C00084F833305846BDE8F88FE16949B3A1615F
:10E0D00046E70522CAE7994206D1002380F81032AC
:10E0E0004FF0FF33C0F81C32D0F8140232460368F8
:10E0F0005B6A98470028A7D04FF40073A5F5007518
:10E1000098465CE704F1180200F05CF900289BDBFC
:10E1100004D12046FFF764FC002895D0A169206A4D
:10E120001EE72046FFF75CFC00288DD0A169206A1D
:10E13000E16115E7002380F810324FF0FF33C0F89B
:10E140001C322CE7D0E90423FFF750F900287FF4B4
:10E15000D4AE79E794F833205846C4E9023162F02E
:10E160007F0384F83330AEE7241B04202DE9F0410F
:10E1700015460C4601F11E08AB89284634F8026F9B
:10E180001BB9D5E901239A420ED004F039F804F006
:10E19000A9F80746304604F0A5F8874209D144455E
:10E1A000EAD10120BDE8F081B6FA86F04009BDE869
:10E1B000F0810020BDE8F08170B500230E460A68AA
:10E1C0004FF6FF7519461C46B3813361726015E046
:10E1D00004F016F8A84220D004F084F83269E30372
:10E1E000B189013203EB5403326153FA80F3C3F374
:10E1F0004E0404EBC33404EB1024A4B230460029CF
:10E20000E6D1D6E901239A42E2D13069B4820138DD
:10E21000FE288CBF0020012070BD002070BD00BF13
:10E220002DE9F84F8A4680469146002940D08F1E3E
:10E23000D8F83034BB4241D907F007030125C7F3B2
:10E24000C80B9D403E463C46D8F82C140022404660
:10E2500001EB143103F09CFFE8B10BF1FF3C844467
:10E2600000F2FF101CF8011F0AE04A452AD0A7421D
:10E2700010D0D8F83024A24214D913F0FF050CD0E6
:10E28000013429424FEA4503A4EB0602EDD0A74230
:10E290002646EED10120BDE8F88F84454FF00105F8
:10E2A000E0D101E00026344601254FF0000BCBE71A
:10E2B000D0F82074D8F83034BB42BDD800270125EF
:10E2C000BB46BFE7BAF1000F04D1B9F1010F08BF97
:10E2D000C8F82064B01CBDE8F88F00BF2DE9F041FC
:10E2E00014468A1ED0F8305482B01119A9423BD886
:10E2F000D0F82064002B3BD1B24238BFC0F82024B4
:10E3000002F007011D4601230646C2F3C8078B40F1
:10E31000D0F82C1401EB1231012230460193009108
:10E3200003F036FF00B3009900EB070E00F500780C
:10E33000019B01319EF800C05A001CEA030F8CEAD1
:10E34000030C14BF01200020A8420DD0013C8EF820
:10E3500000C017D012F0FF03ECD10EF1010E1F46E2
:10E360000123F045E6D1D7E7002002B0BDE8F081F7
:10E37000B242C5D8B142C3D9A94228BF0021C0F8D2
:10E380002014BDE7012002B0BDE8F08138B50C468D
:10E390000B6890F845C400F50470D0F82812023BD1
:10E3A000656803FA0CF3294003EB5123D0F81C12E3
:10E3B000194403F0EDFE18B16368C3F30803184471
:10E3C00038BD00BFD0F8303401338B4202D24FF059
:10E3D000FF3070470B46D0F8241400F5047001EBB1
:10E3E000D31110B582B014460022019303F0D0FE81
:10E3F00050B1019B9900C1F3080143585A1C07D042
:10E400000120236002B010BD4FF0FF3002B010BDFC
:10E410000020F7E74B6870B5D0F838441C4013442F
:10E420004B60144490F845340933DBB2DC4012D021
:10E4300006460D46013C02E02A60013C0BD32968E8
:10E440002B7A4A1C002BF7D12A463046FFF7BAFF39
:10E450000128F2D070BD012070BD00BF012904D990
:10E46000D0F8303401338B4201D2002070470B4684
:10E47000D0F8241400F5047001EBD31110B582B06C
:10E4800014460122019303F083FE024638B1019B3A
:10E4900001209900C1F30801545002B010BD0020C2
:10E4A00002B010BD2DE9F04F05460C4683B04FF089
:10E4B0000008D5F830340F4601339C423DD8D5F8DA
:10E4C0002414002205F504704FEAD41B01EBD4118B
:10E4D00003F05EFE88B3A300C3F30803C258511CC7
:10E4E0002FD0012C29D916464FF0010AD5F8302437
:10E4F0000132944221D8D5F82414012205F5047084
:10E500000193594403F044FEB8B1019B40F80380E5
:10E51000BAF1000F1AD0631CB34208D0E21B0023EB
:10E52000394628460132FFF7D9FE30B13746D5F8D3
:10E530003034344601339C42C1D9002003B0BDE8D9
:10E54000F08F012CF9D94FF0000ACFE7E21B5346B8
:10E55000394628460132FFF7C1FE0028EDD003B04E
:10E56000BDE8F08F70B5002304464FF0FF3015462C
:10E5700082B01A46C4F840146160E060C4F8141216
:10E580001946C4F81C0204F5047084F8443423705E
:10E5900084F8103203F0FCFD042D0DD8034658B169
:10E5A000BDB1013D00EB051595F8BE2112F07F02CB
:10E5B00002D195F8C23113B9002002B070BDD5F870
:10E5C000C65104F50470294603F0E2FD0346002815
:10E5D000F2D005221B49D81C019307F065FB0028E7
:10E5E000EAD1019B93F86C20092AE5D11A6D014606
:10E5F0002A44C4F824245A6DC4F828249A6D2A4465
:10E600000125C4F82C24DA6DC4F830241A6EC4F83D
:10E61000342493F86D20C4F82004204602F1090345
:10E6200084F8452405FA03F35A1EC4F83C34C4F8B0
:10E6300038242A46FFF7F4FD4023284684F8443462
:10E64000BBE700BFC8340020F8B5D0F83034054629
:10E65000D0F8344401339C4207D9002695F845048C
:10E660000930C0B206FA00F0F8BD002600F50477C4
:10E67000D5F8241400223846013601EBD41103F0FA
:10E6800087FDA4000028E8D0C4F308040459631CE3
:10E69000E4D0D5F830340133A342DED3E8E700BF3D
:10E6A000024630B552F8101F83B0044680680191CD
:10E6B00001F08CFA60B10199A37859B1013103F0EE
:10E6C000BF0225698D4218BF134663F07F03A37014
:10E6D00003B030BD43F04003F7E700BFF8B504785E
:10E6E00014F0200404D11A4B054642699A4202D321
:10E6F00000263046F8BDFFF7D3FF06460028F7D0C6
:10E70000A86803798279CBB12F694369023F9740AA
:10E710001F4407E007F01CFA0134A868E3B202794D
:10E720009A420AD905223919283003F031FD4FF4F5
:10E73000007200210028EDD1DAE782794FF40073EE
:10E7400069693046934011FA83F36B61F8BD00BFED
:10E7500000FE1F0010B5044680680A462830A169F3
:10E7600003F016FD20B1A38803F00F0300EB431064
:10E7700010BD00BF03781B0716D5F0B5046A83B03F
:10E780007CB117460E46054604E00FD00134019BCC
:10E790009C4206D101AA2146A86801F0F5F800289C
:10E7A000F3DA002003B0F0BD00207047AB7843F0EF
:10E7B0004003AB703EB1AA682B6A9179023B526963
:10E7C0008B40134433604FB1AA68023C53691179FE
:10E7D000013B92790B44944023443B60012003B0F9
:10E7E000F0BD00BFCA68034610B50C4682B022B91E
:10E7F0000178A1B1002002B010BD23220021013018
:10E80000019307F0A5F9019B1021012219709A705C
:10E81000D4E9021299601A62012002B010BD2422CC
:10E82000A468019007F094F9019B9C60E279102A9A
:10E8300003D0202A03D00C2ADCD1202100E0402183
:10E84000012219709A70E7E790F800C0BCF1000F40
:10E8500001D00020704710B582B00C4624226146DA
:10E86000019007F075F9019B9C60E279102A06D0AF
:10E87000202A0BD00C2A02D0002002B010BD20218B
:10E880000122197010469A7002B010BD4021F7E7BE
:10E890002DE9F04F837883B00446DE0740F196807F
:10E8A000914602780F46150700F19980900608D529
:10E8B000A36859896369C3EB41139BB2994528BF8B
:10E8C0009946B9F1000F7DD0636912F020004D46E2
:10E8D0004FF00008A668C3F3080B3FD0326A02EB82
:10E8E0005321BBF1000F57D1B5F5007F54D3736BA3
:10E8F0008B4251D0B5F5806FC0F0A28022784FEAEC
:10E90000552B920605D43279A2EB0802934528BF15
:10E9100093468B420BD30BEB0102934207D206F1D5
:10E920002800019103F00AFC019900284ED0F06AFA
:10E930005B463A4606687669B047002846D04FEAFB
:10E940004B266369AD1B334463613BD02278374467
:10E95000C3F3080BA66812F02000BFD196F805801B
:10E9600008EA5328BBF1000F40D1B8F1000F3DD1A8
:10E97000002B43D151064FF000084CBF336A236A85
:10E98000B5F5007F2361A3F10203B179726903FA3F
:10E9900001F303EB0201AAD2002206F1280003F0E2
:10E9A000F7FB98B1CBF5007600EB0B013846AE4291
:10E9B00028BF2E46324604F075F86369AD1B334418
:10E9C0006361C3D1484603B0BDE8F08F63784FF070
:10E9D000FF3043F00203637003B0BDE8F08FC369FA
:10E9E00041695B1A994528BF99466AE72169B2795E
:10E9F0007369023943449140194472E7120721694F
:10EA00000CD5A3785B0609D54B1C013980462361E0
:10EA1000B379726901FA03F3991865E704F11002FA
:10EA2000304600F0B1FF0028D0DB13D0A6684FF0CD
:10EA300000082369B279023B93407269991853E741
:10EA4000F06A3A4603681B6998470028BED04FF425
:10EA5000007676E7237813F0700FB7D0A9EB05099D
:10EA60004846B0E770B582B0012204460DF10701B7
:10EA7000D0E90465FFF70CFF01280CBF9DF80700E3
:10EA80004FF0FF30C4E9046502B070BD436913F470
:10EA9000F07F10B5044684B00BD0012909D103F1F1
:10EAA00020024261A06803F4F0733830184404B0C7
:10EAB00010BD01220DF10F0120460193FFF7E8FE82
:10EAC000019B40B2012803D162691F326261E9E70C
:10EAD0000020ECE72DE9F04102690446037817466F
:10EAE000002B38D00E464169B1423ED0002E36D0C0
:10EAF000180729D5E269B2422DD3D4F808C0751E93
:10EB0000A2789CF8060012F0400F00F10900C0B294
:10EB100025FA00F52CD14A1EC24009B195422BD2EC
:10EB20005B064CBFDCF82030236A236106E02169D4
:10EB3000013DA06800F028FF00280CDD04F1100260
:10EB4000002DF4D1A2780CE09A06D6D5A3685B8993
:10EB5000B6EB431FF6D900202761BDE8F08182782B
:10EB6000066122F020026661A2700120BDE8F081FA
:10EB7000236A2B442361F4E7AD1ADFE7F0B50E46B4
:10EB800083B0154600212422044601939DF820708D
:10EB900006F0DEFFB068326AA58005F00F05C4E913
:10EBA000020200F1380202EB4512D17A0B072DD494
:10EBB00001F01701019B2170D57A15F0180F02D1D1
:10EBC00041F00801217003F00301E770012923D00F
:10EBD000022938D0D1B95F0518D403F0080141F0FB
:10EBE0000101A170416B908AA161518B41EA004102
:10EBF0002162D269E2615F0402D4012003B0F0BD5A
:10EC0000E1692046FFF766FF0028F6D10023184689
:10EC10002370A37003B0F0BD02252178CE06F5D491
:10EC2000C907F3D403F008010D43A570416B968A20
:10EC3000A161518B41EA06415E05D9D529B965F03C
:10EC40007F05A570D7E70325E7E7019301F052F8A8
:10EC50000028DBD0A578019BF1E700BF0378002BEB
:10EC60005CD030B590F9023085B00446002B0EDB45
:10EC7000A36803F128001D4603F060FA00283ED186
:10EC80006378002043F00103637005B030BD8068F5
:10EC90000122A169283003F07BFA0028F0D0A38874
:10ECA00003F00F035A0100EB4313825CE52AE7D01F
:10ECB0002278120701D5E269DA61226A1848110C3C
:10ECC0005A830568998275B10DF10B020DF10E01A1
:10ECD00003A80193A847019BBDF80C20BDF80E10B6
:10ECE0001A835A82D982A37803F07F03A370A368A2
:10ECF00003F128001D4603F021FA0028C0D005F5D5
:10ED00000E7003F01BFA0028BAD0286803681B6A4B
:10ED100098470028B4D0012005B030BD01207047CD
:10ED2000241B042010B50446FFF798FF002323702E
:10ED3000A37010BD2DE9F041002594B00E46017876
:10ED4000ADF83850CDE90125002935D1317811F0E1
:10ED5000700F31D098461378044615462F2B2DD0CE
:10ED600000271CE0019D2D78002D40D000F08AFB8B
:10ED7000A6460DF1080CF8B102AEBEE80F00ACE8F3
:10ED80000F00BEE80F00DEF80050ACE80F00204690
:10ED9000CCF80050FFF762FF019D2770A77029464D
:10EDA00001AB0BAA204600F0B3FC054600230BAADA
:10EDB00031462046002DD5D100201CE001350195BB
:10EDC00029782F29FAD0B6682422B9B9204606F04E
:10EDD000BFFEA660F379102B03D0202B22D00C2B82
:10EDE000EAD12022012322701846A37003E0434693
:10EDF0000BAA00F047FB14B0BDE8F081002102A887
:10EE000006F0A6FE0496F379102B03D0202B0BD02E
:10EE10000C2BD1D120238DF80830012302AE8DF8C0
:10EE20000A309DE74022DDE74023F4E719B101F500
:10EE30008961FFF77FBF0846704700BFC1B1837883
:10EE40009B0715D5036A9BB90346806810B5827984
:10EE50000C46013982B009320193D2B2D14003F19C
:10EE60002002013100F0F6FE20B9002002B010BDF2
:10EE700000207047019B9A781846DC6162F01F02FF
:10EE80009A7002B0BDE81040FFF7E8BE2DE9F047E8
:10EE9000837804469D0740F1A58017461A070E4661
:10EEA00000F1D0806269D31980F09C80002F77D068
:10EEB0003D46A068C2F30809216990F8058018EA68
:10EEC000522838D1B9F1000F35D1002974D0A37878
:10EED0005B0677D5E369934274D901312161023928
:10EEE0008279436991401944B5F5007F43D3B5F564
:10EEF000806F436B7DD30279A2EB08086A0A9045C4
:10EF000028BF9046994240F29180C06A43463246FB
:10EF1000D0F800C0DCF82890C847002862D0A5EBE4
:10EF200048254FEA48286169464408EB01026261BE
:10EF3000002DBED134E002398279436991401944F1
:10EF40004144B9F1000FCFD00122283003F020F95D
:10EF5000002847D0C9F5007848443146A84528BF65
:10EF6000A846C144424603F09DFDB9F5007F33D069
:10EF7000A5EB0805D7E76269E3699A4220D2A37836
:10EF800013F0200F14BF05220122283003F000F9EE
:10EF900040B32A46314603F085FD62692A44626126
:10EFA000E36993425BD3314B1B681BB1A37863F0D9
:10EFB0007F03A37038461AE0216A71B321618EE79E
:10EFC0000522E2E704F1100200F0DEFC002809DB74
:10EFD0003FD0A068216982E7A068283003F0AEF82E
:10EFE0000028C5D16378002043F001036370BDE8B9
:10EFF000F087994205D1002380F828304FF0FF3385
:10F000004363C06A324603685B6A98470028E9D0C8
:10F01000A5F500754FF4007885E72046FFF740FB23
:10F020000028DFD02169A068216258E708EB0102BF
:10F030009A427FF66AAF002380F828304FF0FF3302
:10F04000436362E7C169FFF745FD00287FF42AAFFB
:10F05000C8E72046FFF724FB0028BAD1C2E7A3780F
:10F060003846E26163F07F03A370C0E7241B0420ED
:10F070002DE9F04F07468DB01446064689469C465A
:10F0800003AD4FF0000E0FCF0FC50FCF0FC53B687C
:10F09000A4F80CE02B6023686360BCF1000F45D03E
:10F0A0004FF0010ACDF804C0A9EB0A0103A889B208
:10F0B0004901FFF70FFD70B3002103A8FFF7E6FC3D
:10F0C000804640B34FF0000B10E003F099F807467C
:10F0D00028460BF1010B03F005F90546384603F00D
:10F0E00001F9854217D1BBF10D0F18D05FFA8BF2F1
:10F0F0004146304600F010FCA38905462046002B0F
:10F10000E3D1D4E901239A42DFD1B5FA85F0400971
:10F110000DB0BDE8F08F00200DB0BDE8F08F0AF112
:10F12000010A019B5FFA8AFA5345BDD20120EFE73D
:10F130002DE9F04F07468BB015468A4699460DF1EA
:10F14000040C02F1150402F120064FF000080FCF65
:10F15000ACE80F000FCFACE80F003B68CCF80030F4
:10F160004FEAC81314F8012F03EB5803B4421344B9
:10F170005FFA83F8F4D12B6800276B60AF81B9F197
:10F18000000F56D00126AAEB060101A889B2490159
:10F19000FFF7A0FC00284DD0002101A8FFF776FC66
:10F1A000002847D0039AB14500F1010B92F82830AE
:10F1B00043F0010382F828300CBF49F04002324688
:10F1C000002380F80D8002701C460F224383A0F8B4
:10F1D0000B20A88918B9D5E901239A420ED02846F8
:10F1E00003F00EF8042C10D82BF8020B0134A88978
:10F1F0000028F4D1D5E901239A42F0D1EFB10137CB
:10F20000042C4FF6FF70FFB2EED90A2C05D8ABF8EC
:10F21000030001340BF1020BDBE70C2CABF805000B
:10F2200003D00BF1020B0C24D3E70136F6B2B14543
:10F23000A9D201200BB0BDE8F08F0127D2E700BFB3
:10F2400002464FF0203152F8163B2DE9F04FC0F83E
:10F25000161084685160C2F807101D782E2D03D156
:10F2600013F8012F2E2AFBD0611E99420BD90A46B2
:10F2700002E0934200F0868092F800C01146013A05
:10F28000BCF12E0FF5D19C4279D94FF0000AB5F1AF
:10F290002E0C4FF007074FF0080818BF4FF0010C75
:10F2A000D646D34607E001330A274FF0080E4FF049
:10F2B00010089C4253D91A782E2A08BF8B420CBFE3
:10F2C00001260026EFD0222A37D07C2A35D0A2F1A1
:10F2D0005B09B9F1020F30D9A2F12A09B9F1050F82
:10F2E0008CBF002501252D2A08BF00252DBBA2F1CA
:10F2F0003A09B9F1050F20D9A2F12109B9F15D0F41
:10F3000051D8774543D28B4294BF4FF0000C4FF059
:10F31000010C0A2F08BF4CF0010CBCF1000F33D0D8
:10F32000837D202B2BD0037D012143F27E120344E9
:10F330004175DA820120BDE8F08F7745E3D35F2283
:10F340000EF1010C864401338EF816205FFA8CF220
:10F35000B446062A964698BF02759C42ABD8837D78
:10F36000202B0CD0BCF1000FDDD00BEA0A03DBB27E
:10F37000002B18BF4FF0020A80F815A0DAE7002032
:10F38000BDE8F08F19467EE70B46072791E7A2F10B
:10F390006106192E0ED8203A4AEA08056646D2B20E
:10F3A0005FFA85FACCE702F0C002802AC5D10133AA
:10F3B000AC467EE7A2F14106192E664698BF4BEA9D
:10F3C000080BBDE72DE9F04F01F11A0983B004469F
:10F3D0006225CDF8049001F11B0A0F7D4FF07E08E5
:10F3E00001F116064FF000098B46254B032F1B68D1
:10F3F00028BF03274B440AEB07011FFA83F9019B3F
:10F4000003EB070CACF1030C09F00F034FEA1919D9
:10F41000092B03F1370298BF03F1300201F8012DE7
:10F420008C45F1D10BEB07030021204683F81680B1
:10F43000FFF750FB01212046FFF728FB03460B2274
:10F44000304619468BB193F800C0BCF1000F13D0C1
:10F45000DB7A1B07EED406F0A7FA0028EAD1013DBB
:10F4600015F0FF05C1D1284603E06078B0FA80F0BE
:10F47000400903B0BDE8F08F012003B0BDE8F08F74
:10F4800048F704202DE9F04F0C788DB014F0700F80
:10F4900055D00478002C52D18C689A4D0894146988
:10F4A0000C34A5FB0454C4F38705547DA4070595CB
:10F4B00000F0E48005F101085FFA88F80E464FF08D
:10F4C000000B14460990002130460793DA46049257
:10F4D0005F46FFF7FFFAD94604F116035C46CDF804
:10F4E00018B00393756900213046FFF7CFFAC5F3D2
:10F4F0004F15034600B30278E52A24D01AB3A0457D
:10F5000088BF00242E2A32D0C17A0F2933D011F0BF
:10F5100008012CD1002F40F0D5800B22039906F072
:10F5200043FA0028DED1049B5B7D13F0010300F059
:10F53000E18001230693D5E77378002B36D00020B5
:10F540000DB0BDE8F08F631C002C08BFA946DBB2EC
:10F55000A04588BF1C464AB30027C3E70AF1FF3A1B
:10F560005FFA8AFA524502D1437B5B4510D0B2FA6A
:10F5700082F77F09B6E7002FF0D102F01F0A059944
:10F580005145AFD112F04007ACD090F80DB00F4606
:10F59000BAF1010FA6D1691C3B46049A304689B2E4
:10F5A000FFF766FD002808BF00279BE7079B9A0529
:10F5B000C5D503F00303013B012BC0D8002C60D15B
:10F5C000A946B8F1000F62D1069B2BB104993046D1
:10F5D000FFF7F8FE0028B2D008F1FF38049A304651
:10F5E0005FFA88F303EB09051F46ADB22946FFF722
:10F5F0009FFD0028A3D069013046FFF76BFA002871
:10F600009DD000213046FFF741FA0446002896D0ED
:10F610002022002106F09CFA0499D1F81620D1F896
:10F620001A302260636091F82030CA8BA372228165
:10F630004B7D03F018032373334B1B68002B5BD007
:10F640000DF12B020DF12E010BA89847BDF82C30BF
:10F650002382BDF82E30E3819DF82B306373089A26
:10F6600092F8283043F0010382F82830079B2A469D
:10F67000314609980097FFF781FA61E74FF00108DA
:10F680001CE7A04503D89FE7DCB2A0459CD9002128
:10F690003046FFF7FBF9631C0028F5D17378002B87
:10F6A0007FF44DAFA0458FD9089D05E02B7904EB81
:10F6B0000314E4B2A04587D93046FFF70FF80028BD
:10F6C000F4D13CE7BAF1010F7FF439AF013803F10F
:10F6D0000A02CB0103EB510310F8011F0B448242D5
:10F6E000D9B2F6D18B457FF42AAF079B19053FF5B8
:10F6F00026AFBBE71F46F8E745F621432383034BBC
:10F700002361ACE74FECC44E241B0420215C215C38
:10F71000F0B515460A781F4683B0202A0B4603D160
:10F7200013F8012F202AFBD02B601A78002A34D03E
:10F730002F2A32D00024234E06E002342C61AB6025
:10F740001A7852B32F2A28D0191D184601AA02F0A0
:10F750007FFD034698B1019AB2F5803FEDD27F2A32
:10F7600004F10104EAD8D0B21F2808D9A0F122017F
:10F77000C9B21D2906D826FA01F1C90706D500200D
:10F7800003B0F0BD00F0DF005C28F8D02E2AD7D0FF
:10F79000202AD3D11A78002AD4D12A69013AFE2A24
:10F7A000EDD81A78202A03D113F8012F202AFBD094
:10F7B0002F2AF9D028463B6003B0BDE8F040FFF7A0
:10F7C0003FBD00BF0121003570B500228AB08378AB
:10F7D00001929A0724D5016A054619B1806800F0A4
:10F7E00089FAE8B101212846FEF7B4FFC0B1421EF4
:10F7F00000F10A0C0024E30112F8011F03EB54038B
:10F8000062450B44DCB2F6D16FF01A02002302709D
:10F81000AE682B7006F12800AB7002F08FFC10B9B7
:10F8200000200AB070BD06F50E7002F087FC0028BB
:10F83000F6D0306803681B6A98470028F0D0EB7850
:10F84000002BEED0294601A8FEF7CCFF0028E7D018
:10F85000EB78002BE4D0012622E001A8FFF716F98F
:10F86000F1B201360028DBD0C37A0F2BD8D1027851
:10F870005FFA86FC02F01F039942D1D1437BA34279
:10F88000CED16FF01A030370A96891F8283043F0C5
:10F89000010381F8283053060DD4EB786345BFD3BC
:10F8A000A98801A8891B89B24901FFF713F9002132
:10F8B0000028D2D1B4E7AC6804F1280002F03EFC85
:10F8C0000028ADD004F50E7002F038FC0028A7D057
:10F8D000206803681B6A9847A3E700BF2DE9F84337
:10F8E000DDF82090A2B10C4698460546571801E075
:10F8F000BC420DD02B68494620465E6AC04721466F
:10F90000024628460134B0470028F1D1BDE8F8830B
:10F910000120BDE8F88300BF042A04D801EB4201AE
:10F92000B1F8010070470A2A03D801EB4201888828
:10F9300070470C2A03D801EB4201C88870470020A9
:10F94000704700BF2DE9F843DDE90898BBB10C46CC
:10F95000164605465F1803E00134C847BC420ED086
:10F960002B683246214628461B6998470346424683
:10F9700031462046002BEFD11846BDE8F88301231D
:10F980001846BDE8F88300BF012941D9C3698B42FD
:10F990003ED30B46F0B5C17983B016460446202904
:10F9A0004CD0102966D00C2944D1C3F34E02816992
:10F9B000019312FA83F295B2C2F346221144027AFD
:10F9C00000F50E70A2F1020200910746B2FA82F22F
:10F9D0005209520002F0DCFB60B3C5F3080202F1E9
:10F9E000010C835CBCF5007F1D46DDE9001312D0DD
:10F9F00060440278DB0745EA02224CBF1309C2F3D8
:10FA00000B03E269934232D80120336003B0F0BDAA
:10FA10004FF0FF307047227A013138460093A2F14F
:10FA20000202B2FA82F25209520002F0B1FB009BCC
:10FA30000028DED14FF0FF3003B0F0BD027A8169BB
:10FA400000F50E70A2F10202009301EBD311B2FA9D
:10FA500082F25209520002F09BFB0028EAD0009B80
:10FA6000E269990001F4FE7143589342CCD9002019
:10FA700003B0F0BD027AC3F307218069A2F102024C
:10FA80000093014404F50E70B2FA82F2520952005A
:10FA900002F07EFB0028CDD0009B590001F4FF71DD
:10FAA000435AAEE701293CD9C3698B4239D30B468F
:10FAB000F0B5C17983B016460446202936D0102906
:10FAC0004BD00C292FD1C3F34E028169019312FA56
:10FAD00083F295B2C2F346221144027A00F50E7009
:10FAE000022A009107460CBF0322012202F050FBBC
:10FAF000C8B1019BC5F3080240F2FF1C009913F046
:10FB0000010302F1010E3ED1624586544AD0C6F38C
:10FB100007127044037823F00F0343EA12120270B5
:10FB200018E000207047002003B0F0BD027A816920
:10FB300000F50E70022A009301EBD3110CBF0322D3
:10FB4000012202F025FB0028EDD0009B990001F472
:10FB5000FE714650012003B0F0BD8269C3F3072156
:10FB600000F50E7000931144227A022A0CBF032282
:10FB7000012202F00DFB0028D5D0009B590001F4B2
:10FB8000FF714652E6E710F802C0BEF5007F0CF0A8
:10FB90000F0C4CEA061C00F802C003D03209704476
:10FBA0000270D7E7227A013138460093022A0CBF4F
:10FBB0000322012202F0ECFA0028B4D0009BC6F325
:10FBC0000712002BA6D00270C4E700BF2DE9F04158
:10FBD000C46882B005460E468C4290462CD20C4634
:10FBE00000270134EB6901AA2846A34205D267BB6E
:10FBF000EC6801273C44A34227D3A642214624D0E7
:10FC0000FFF7C2FE431C20D00028EAD0019B002B46
:10FC1000E7D107B1EC606FF0704221462846FFF74C
:10FC200041FF074688B14EB96B6A002B01DB013BEF
:10FC30006B62C8F8004009E00127D2E7314622464E
:10FC40002846FFF72FFF0028EED10027384602B0E4
:10FC5000BDE8F0812DE9F047C46882B0C369013482
:10FC60009C4241D892460F468046254601260AE02E
:10FC7000A54214BF002606F001061D46D8F81C2038
:10FC80001C469A4230D3214601AA4046FFF77CFE2B
:10FC9000411C04F1010327D0019A002AE8D1C207D0
:10FCA000E6D55A1BBA42E9D10EB1C8F80C406FF044
:10FCB000704221464046FFF7F5FE814620B913E029
:10FCC000013CFFF7EFFE78B1AC422246404604F11A
:10FCD000FF31F5D8D8F82430002B02DBDB1BC8F845
:10FCE0002430CAF8005001E04FF00009484602B045
:10FCF000BDE8F08770B5054682B00C460FE0FFF70F
:10FD0000D1FE621EB0B16B6A002B03F10103A8BFE4
:10FD10006B62EB68A342019C88BFEA605EB101AAF6
:10FD200021462846FFF730FE064600222146731C76
:10FD30002846E4D1002002B070BD00BF30B50346B4
:10FD40004FF0010C002014464FF0FF3283B01960D1
:10FD5000D871C3F80CC0D96283F82800C3F83C12EC
:10FD60005A6383F83802C3F8442204B3042C02D93E
:10FD7000002003B030BD0246014603F1280003F124
:10FD80002805019302F004FA0028F1D06FF07042C8
:10FD900000F5DF70A218140100EB0212117900299E
:10FDA000E6D0015D4B06E3D19468019B01E003F1CD
:10FDB0002805002221462846019302F0E9F900288F
:10FDC000D6D0B0F80B20B2F5007FD1D1027C019BD8
:10FDD000511E1A720129CBD890F80DE00EF1FF32B6
:10FDE000BEF1010F83F804E05A7151D04FF0010CBD
:10FDF000624652000CF10101D2B2964507D05FFA7B
:10FE000081FCBCF1090FF4D108229A71B0E7654674
:10FE100083F806C0B0F816C0C3F810C0BCF1000FDC
:10FE200003D1D0F824C0C3F810C0C189B0F81120A4
:10FE300021445A815201996190F810E002F2FF12B8
:10FE40000CFB0E1101EB52221962B0F813105A612B
:10FE500001B9016AA41A6218EA40511CD9614FF035
:10FE6000FF31596240F6F4718A420DD94FF6F471B0
:10FE70008A420BD9C16A202219620120DA71C3F8C3
:10FE800030C0C3F840C274E70C22F6E71022F4E752
:10FE9000002215469A71BDE7884230B5044683B00A
:10FEA00020D0806B0D4618B1FEF73CFF002841D1F1
:10FEB000E06B18B1FDF722F9002841D1AB6BA3B17B
:10FEC0002146242000F0A6F8002384460360A063A6
:10FED000AD6B0FCDACE80F000FCDACE80F002B6879
:10FEE000CCF80030204603B030BDEA6B002AF9D0D0
:10FEF00021463820019300F08DF8019B0363E063F5
:10FF0000EB6B03F13002D3F800E0103353F80CCC64
:10FF1000103053F8085C53F8041C934240F810EC7E
:10FF200040F80CCC40F8085C40F8041CEBD11B688E
:10FF30000360D7E70023A363AB6B002BC0D1D4E7EA
:10FF40000023E363AB6B002BBAD1CEE710B50446B8
:10FF5000806B10B1FEF7E6FE28B9E06B10B1FDF73B
:10FF6000CDF820B910BD0023A363012010BD0023EC
:10FF7000E363FAE700294BD0F0B50446806B83B009
:10FF80001F4616460D4610B1FEF7CCFE78BBE06B5F
:10FF900018B1FDF7B3F8002830D1D5F880348BB113
:10FFA0002146242000F036F800213B46324601600D
:10FFB000A063D5F88014FEF739FF30BBA0630020A2
:10FFC00003B0F0BDD5F88424002AF8D021463820AB
:10FFD000019300F01FF8019B324603633B46D5F8BE
:10FFE0008414E063FDF7F4FC78B9E063E7E70023ED
:10FFF000A363D5F88034002BD2D1E3E70023E36379
:02000004600298
:10000000D5F88034002BCBD1DCE7012003B0F0BD64
:1000100000207047084670472DE9F041002604464D
:100020001F46C0F88814C0F8806401464FF4906001
:100030009046FFF7EFFF3A46C0F844640546C0F823
:100040007864C4F88404D4F88814FEF78BFA88BB6B
:1000500006462146C4F8840440F26C40FFF7DAFFFC
:100060004FF40073C0F848643A46A0F807300546DC
:10007000D4F88814C4F88004FFF760FE28B91A4A3F
:10008000C4F880041060BDE8F08105F58960FEF7D2
:1000900049FE294605F58960FEF7D6FB0028EED01B
:1000A000124B1A68AAB91D600F4BB8F1000F14D09B
:1000B0001C6015E005F58960FDF720F8294605F577
:1000C0008960FDF753F80028C2D0094B1A68002A4E
:1000D000E9D0054BB8F1000FEAD11A68002AE7D041
:1000E0000120BDE8F08100BF341B0420381B042030
:1000F000281B042010B504460020DFF820C04FF470
:100100007A7E60602073C4F808E0C4E912002046DB
:1001100040F810CBFFF72EFF204610BD38370020E7
:100120004FF0FF30704700BF407C7047007D704744
:10013000407D704701207047007F70472DE9F041F6
:100140001F46C37C06460D46022B144623D0336857
:10015000294630461B6E984778B1B5617FB10025BE
:1001600001E0AF420BD03368214630460135DB6DEC
:1001700004F5007498470028F3D1BDE8F081B36915
:10018000307F3B44B3610028F7D1336830465B6E63
:10019000BDE8F041184783698B42D8D1DEE700BF44
:1001A0002DE9F0471F46C37C05469146022B0C46BD
:1001B000089E27D02B68214628461B6E984798B189
:1001C000AC61B9F1000F11D004EB090801E0A045C2
:1001D0000CD031462046B8472B6801462846DB6DD7
:1001E000013498470028F2D1BDE8F087AB69287F39
:1001F0004B44AB610028F7D12B6828465B6EBDE805
:10020000F047184783698B42D4D1DAE7704700BFC3
:10021000043001F065BF00BF00B583B0202101901C
:1002200002F0DAFC019803B000BD00BFF0B5204E2B
:1002300083B00746346804F5167403E03368E31AA4
:100240001B0410D4381D01F04FFFFF28F6D1019098
:10025000FD21381D01F062FFBA7CD2B900230120D4
:10026000FB7403B0F0BD1E22BB7C7A7413B900206E
:1002700003B0F0BD0121387C01F074FEFF21381D70
:1002800001F04CFF381D01F003FF00230020BB7478
:10029000EEE70121387C01F065FE0199381D01F07F
:1002A0003DFF381D01F0F4FE0023BB74D6E700BF0C
:1002B00048F70420C37C012B3BD0827C30B5044638
:1002C00083B04AB1043001F00FFFB0F1FF0318BF53
:1002D0000123184603B030BD0430009201F0CEFE79
:1002E0000099207C01F03EFEFF21201D01F016FF49
:1002F0000121201DA17401F0F7FEB0F1FF03A07CE5
:100300004FF0010118BF0123009A0028E1D0207CA2
:10031000CDE9003201F026FEFF21201D01F0FEFE96
:10032000201D01F0B5FE009B019A1846A27403B08F
:1003300030BD0023184670472DE9F8431F4F04468F
:10034000884691463D6805F5967503E03B68EB1AD3
:100350001B040ED4201D01F0C7FEFF282075F5D028
:10036000FE2819D01822A37C62743BB90020BDE896
:10037000F8831D22A37C6274002BF7D00121207C1E
:1003800001F0F0FDFF21201D01F0C8FE201D01F04D
:100390007FFE0023A374E9E74A464146201D01F091
:1003A000AFFE207538B9201D01F09EFE201D01F022
:1003B0009BFE0120DBE72522D5E700BF48F704209C
:1003C00030B50025044683B00C212A46C57400F0E0
:1003D00063F8A27C90B912B9012003B030BD0121AD
:1003E0000190207C01F0BEFDFF21201D01F096FE52
:1003F000201D01F04DFE019BA374EDE709236374FA
:1004000012B9002003B030BD0121207C01F0AAFD0B
:10041000201DFF21019001F081FE019801F038FEBE
:10042000A574EEE7C37C022B03D0012B04D001207E
:10043000704703685B6E1847FFF7C2BF0268034648
:10044000DFF850C010B50C46116A82B0614513D177
:1004500090F813C0BCF1020F06D0BCF1010F11D00F
:1004600001201C7702B010BD526E01909047019B95
:100470000028F5D102B010BD01908847019B0028EB
:10048000F8D0EDE70190FFF79BFF019B0028F1D02A
:10049000E6E700BF959701002DE9F041036882B0BF
:1004A0000F463449019206461A6A8A425DD1C27CDF
:1004B000022A43D0012A5AD0B47C351D002C43D0E7
:1004C0000C2F10D0DFF8B080D8F8004004F59674F7
:1004D00004E0D8F80030E31A1A0443D4284601F0A7
:1004E00003FEFF28F5D10DF1040802AC47F04001EE
:1004F000284601F013FE14F8011D284601F00EFEF7
:10050000A045F8D1002F28464FF00A0414BF8721D8
:10051000952101F003FE284601F0E6FD2846013C46
:1005200001F0E2FD0306A4B2307502D402B0BDE8CA
:10053000F081002CF2D102B0BDE8F0815B6E9847EB
:100540000028B9D1FF20F1E7284601F097FD2146A8
:10055000307C01F007FDFF21284601F0DFFD01237B
:10056000B374ADE7002FBED0ECE79047E8E7FFF7A4
:1005700027FFE5E79597010048F70420F8B500222A
:100580000D463A210646FFF787FFD8B92C1D371DC7
:10059000384601F0A9FD04F8010DA542F8D1B37C5D
:1005A0000BB90120F8BD0121307C01F0DBFCFF21FB
:1005B000384601F0B3FD384601F06AFD0023012002
:1005C000B374EFE71222B37C72740BB90020F8BD4C
:1005D0000121307C01F0C6FCFF21301D01F09EFDA1
:1005E000301D01F055FD0023B374EFE770B51646DA
:1005F00082B000220446FFF74FFFA8B11B236374AB
:10060000A37C1BB90023184602B070BD0121207CD9
:1006100001F0A8FCFF21201D01F080FD201D01F04C
:1006200037FD0023A374EDE705461022314620462E
:10063000FFF782FE03460028E2D0A27C002AE2D027
:1006400001900121207C01F08DFC201DFF210090F4
:1006500001F064FD009801F01BFD019BA574184694
:1006600002B070BD0368254ADB6C934200B585B0CB
:100670000FD16A460921FFF7B9FF40B19DF800305C
:100680003F2B09D903F0C003402B27D0002005B031
:1006900000BD69469847F0E79DF806C09DF8070041
:1006A0009DF809100CF0030C9DF80A308000C1F38E
:1006B00001019DF80520C3F3C01340EA8C2002F02D
:1006C0000F029DF808C043EA410340EA9C1042FA39
:1006D00083F30130073B984005B000BD9DF8090049
:1006E0009DF8073001309DF8082003F03F0300EB30
:1006F000034000EB0220800205B000BD019E010016
:1007000003680A46DFF860C09B6D634510B5044678
:1007100082B015D1407D03284FF01201204618BF4A
:100720005202FFF7B9FE20B901231846E37402B064
:1007300010BD0C22A37C627433B9002002B010BD3E
:1007400001919847019AE6E70121207C01F00AFC1B
:10075000201DFF21019001F0E1FC019801F098FCBF
:100760000023A374E9E700BFA1940100F8B51F4678
:10077000C37C06460D46012B144602D183698B4289
:1007800005D029463046FFF7BBFF80B1B5617FB188
:10079000002501E0AF420BD021464FF400723046F5
:1007A000013504F50074FFF7C7FD0028F2D1F8BD4C
:1007B000B369307F3B44B3610028F8D13046BDE8CF
:1007C000F840FFF7FDBD00BF2DE9F0479A46C37C16
:1007D00006461546012B0C46DDF82080099F02D104
:1007E00083698B4205D021463046FFF789FFB0B1BF
:1007F000B461BAF1000F15D004EB0A0903E001342B
:10080000C047A1450ED04FF4007229463046FFF78D
:1008100093FD03463A4629462046002BEFD100209F
:10082000BDE8F087B369307F5344B3610028F7D146
:100830003046BDE8F047FFF7C3BD00BF30B50468E0
:1008400083B0164B64699C421CD1C37C1546044698
:10085000012B02D18369994206D020460191FFF70E
:100860004FFF019960B1A1614FF400722946204603
:10087000FFF762FD20B1A369207F0133A36138B186
:1008800003B030BD0123A44603B0BDE8304060474B
:10089000204603B0BDE83040FFF792BDDD9A01006D
:1008A00003680A46DFF860C09B6D634510B50446D7
:1008B00082B015D1407D03284FF01901204618BFA2
:1008C0005202FFF7E9FD20B902230120E37402B0D0
:1008D00010BD0E22A37C627433B9002002B010BD9B
:1008E00001919847019AE6E70121207C01F03AFB4B
:1008F000201DFF21019001F011FC019801F0C8FBBF
:100900000023A374E9E700BFA194010003682DE967
:10091000F041DB6C17463D4A84B004460E469342D4
:1009200043D16A460921FFF761FE0546B5B19DF83E
:100930000A305A0619D5637D032B01D076027F0257
:10094000324620212046FFF7A7FD28B93A4621214B
:100950002046FFF7A1FD60B326236374A37CB3B9DF
:100960000025284604B0BDE8F081C3F305029DF8D8
:100970000B30C3F3C01343EA42037A1C5BB2324329
:100980001342D8D027236374A37C002BE8D0012125
:10099000207C01F0E7FAFF21201D01F0BFFB201DA4
:1009A00001F076FB0023A374DAE769469847054611
:1009B000BCE7024626212046FFF76EFD0028CBD17A
:1009C000134B42F210771B681F4404E0104B1B6866
:1009D000FB1A1B0416D4201D01F086FBFF280646D7
:1009E000F4D1A37C002BBCD00121207C01F0BAFA09
:1009F0003146201D01F092FB201D01F049FB002330
:100A0000A374AEE728236374A8E700BF019E01002A
:100A100048F7042070B5002282B00E460A21044631
:100A2000FFF73AFDA8B11B236374A37C1BB9002315
:100A3000184602B070BD0121207C01F093FAFF211D
:100A4000201D01F06BFB201D01F022FB0023A3748D
:100A5000EDE70546102231462046FFF76DFC0346C0
:100A60000028E2D0A27C002AE2D001900121207C63
:100A700001F078FA201DFF21009001F04FFB009853
:100A800001F006FB019BA574184602B070BD00BFC3
:100A900070B5002282B00E4609210446FFF7FCFC27
:100AA000A8B11B236374A37C1BB90023184602B0B2
:100AB00070BD0121207C01F055FAFF21201D01F0BD
:100AC0002DFB201D01F0E4FA0023A374EDE7054699
:100AD000102231462046FFF72FFC03460028E2D0C3
:100AE000A27C002AE2D001900121207C01F03AFA98
:100AF000201DFF21009001F011FB009801F0C8FAC1
:100B0000019BA574184602B070BD00BF70B50546C4
:100B10001646043001F002FB4FF400723146281DE6
:100B200001F006FBFF21281D01F0F8FAFF21281D26
:100B300001F0F4FA281D01F0D7FA00F01F03287520
:100B4000052B05D02022AB7C6A741BB9002070BD38
:100B5000012070BD0121287C01F004FAFF21281D2D
:100B600001F0DCFA281D01F093FA00230020AB7499
:100B7000EDE700BF2DE9F041164D074688462C6889
:100B800004F5167403E02B68E31A1B040CD4381D1B
:100B900001F0AAFAFF28F6D14246FC213846FFF7B9
:100BA000B5FF18B1BDE8F08124237B74BB7C13B979
:100BB0000020BDE8F0810121387C01F0D3F9FF214C
:100BC000381D01F0ABFA381D01F062FA0023002055
:100BD000BB74EEE748F70420036870B59B6D1646BA
:100BE0000A46234982B004468B423DD1407D03280A
:100BF0004FF01801204618BF5202FFF74DFC054682
:100C0000A8B10D236374A37C1BB90023184602B05E
:100C100070BD0121207C01F0A5F9FF21201D01F00C
:100C20007DFA201D01F034FA0023A374EDE732466B
:100C3000FE212046FFF76AFF03460028E3D0A27C8E
:100C4000002AE3D001900121207C01F08BF9201DC6
:100C5000FF21009001F062FA009801F019FA019B5F
:100C6000A574184602B070BD00929847009ABEE77E
:100C7000A194010090F81CC0BCF1000F09D0D0F87D
:100C800000C0012300B5DCF828E0F4465DF804EB71
:100C90006047FFF7A1BF00BF0020704700207047EA
:100CA00000207047704700BF084B0021084A996335
:100CB000D3F830C00748C2F800C012681A639A6CB3
:100CC00022F081029A640170704700BF00002C403E
:100CD0001C1B04207BF70420034B586A80F08070B3
:100CE000C0F30060704700BF00002C40014B187833
:100CF000704700BF7BF704202D4A2E4B526AD3F871
:100D000000312D49C2F3C22203F03F03013230B556
:100D10002A4C4FF47A75A4FB034305FB00F09B08B3
:100D2000B1FBF3FEBEFBF2FEB0EB1E1F3CD208216E
:100D300001231D465B001A01BEFBF2F2824201D97B
:100D40000139F6D12D02BEFBF3F2904228D25900B0
:100D50004FF0010C00E05918BEFBF1F282421CD9A1
:100D60000CF1010CBCF1100FF5D14FF0F00C4FF469
:100D70007A73134A134803FB01F1BEFBF1F10160E2
:100D8000D36A6FF3131343EA0C032B4343F460233A
:100D9000D362536A1B07FCD530BD4FEA0C1CE6E753
:100DA00019464FF0000CE2E7724600250123CCE71C
:100DB00000C00F4000800D4000EC695EABAAAAAAFB
:100DC00000002C40D00B0420014B1878704700BF66
:100DD000C6460020014B1868704700BF1C1B04204A
:100DE000DFF81CC000B58E46BCE80F00CEF800004E
:100DF0000120CEF80410CEF80820CEF80C3000BD4B
:100E0000801A0420DFF81CC000B58E46BCE80F0035
:100E1000CEF800000120CEF80410CEF80820CEF85D
:100E20000C3000BD901A0420024B01201B680B609F
:100E3000704700BFA01A0420704700BF00B583B000
:100E40000C21019001F0C8FE019803B000BD00BF65
:100E5000044B1B7823B1044B18780230C0B27047A2
:100E6000012070476BF704206CF70420194B1A78A7
:100E70003F2A11D902F0C002402A01D00020704759
:100E8000587ADA79197A013002F03F0300EB034017
:100E900000EB0120800270479979D87993F809C056
:100EA00001F003019A7A8000CCF3010CC2F3C01266
:100EB00040EA8120597900B593F808E042EA4C03F2
:100EC00001F00F0240EA9E1042FA83F30130073B23
:100ED000984000BD901A0420424A0520424B4349E5
:100EE00010B5D2F8004182B044F08004C2F800414D
:100EF000D2F8004124F03F04C2F80041D2F800418A
:100F000044F01804C2F80041D2F8004124F08004F3
:100F1000C2F80041D3F88020354C42F00C02C3F8EF
:100F200080205A6A22F460525A62DA6942F48032AE
:100F3000DA615A6A42F400625A62C1F8CC01C1F81F
:100F4000D001C1F8BC01C1F8C001C1F8C401C1F8A9
:100F5000C801A26C274B42F00042A264E26A13432C
:100F6000E362E36A13F08073FBD14FF4C87001931E
:100F7000FFF7C2FE019B1D4A47F2B80141F2B800DB
:100F8000C2F8CC31C2F8D031C2F8BC31C2F8C0319D
:100F9000C2F8C431C2F8C831C2F8BC13164BC2F84B
:100FA000C013C2F8AC13C2F8B003C2F8B4131348AC
:100FB000C2F8B813124A6063C3F8F8214FF0E02377
:100FC0004FF480420F49602081F86E00C3F80C2175
:100FD000E36A074A43F00063E362D36A1B01FCD46F
:100FE00002B010BD00800D4000C00F4000801F40C7
:100FF00000002C4000800001004800200B007F1101
:1010000019A0010000E400E02DE9F843DFF8848036
:1010100098F8003013B90120BDE8F88301F0ACFC6A
:10102000154D0746154C164E04E001F0A5FCC01BFB
:10103000B04219D82B6B13EA0409F6D00022114BE9
:1010400088F800202A6B1A6019680F4A29631B6808
:101050001342E0D00D491F240D4B40F27A220020AC
:101060000C701A60BDE8F8832A6B064B88F8009074
:101070001A601B682B63EDE700002C4002007F1113
:1010800040420F001C1B042000007F11C6460020B8
:10109000D40B04206DF704202DE9F0418846FFF7BA
:1010A000B3FF00283FD0224B04465A6AD1052AD507
:1010B0001F4D204EAB6A43F48033AB6201F05CFC01
:1010C000074604E001F058FCC01BB04224D86B6A0C
:1010D0005A05F7D508F13C0C08F50F7014494B6A16
:1010E0005B05FCD5ACF1400353F8042F63450A625D
:1010F000FAD103F1400C8445F1D10F4B0122204677
:101100001A70BDE8F0819A6A22F480329A629A6A73
:1011100042F400329A62CBE708492120084B4FF491
:101120007E7208701A6000242046BDE8F08100BF7E
:1011300000002C4040420F006DF70420C6460020FE
:10114000D40B04202DE9F041074688461F4C01F0DE
:1011500013FC1F4D064604E001F00EFC801BA84264
:1011600028D8636AD907F7D4BB02C4F8088024D40E
:1011700027F0FF07154C174DE76001F0FDFB144EFB
:10118000074604E001F0F8FBC01BB04212D8236B05
:101190002B42F7D0226B104B1A601A6822631A6830
:1011A000D20707D51B6813F4702F0CBF0120002055
:1011B000BDE8F0810020BDE8F081A26CFBB222F016
:1011C000FF02A264A26C1343A364D1E700002C4089
:1011D00040420F0001000F001C1B0420134B10B5F0
:1011E0000C4684B01968FFF7ADFFE0B1104BA44680
:1011F0001A6900925969019199690291D96901238B
:101200000CF80E2F039123F0030203F003010133C6
:101210006A44C9000F2B126822FA01F20CF8012D62
:10122000F1D10023E37304B010BD00BFA41A042061
:1012300000002C40037ADB0703D5174B1B68A3B1D2
:101240001847164B1B783BB9154B5B6A83F08073CC
:10125000C3F3006318467047114A124B126B1340D8
:10126000B3FA83F35B09184670470F4B1B78002BCA
:10127000F0D00E4A0E48116800B583B00193FFF715
:1012800061FF019B28B1064B1B6983F48073C3F394
:101290000023184603B000BD181B04206DF704207E
:1012A00000002C4002007F116AF70420A41A0420D9
:1012B00000001A0D08B5044B04481968FFF742FFF7
:1012C00008B1034B186908BDA41A042000001A0DC8
:1012D00000002C4008B5074B07481968FFF732FF9C
:1012E00030B1064B186980F48070C0F3002008BD4F
:1012F000012008BDA41A042000001A0D00002C4093
:101300002DE9F843244B8946244D254C2B6001F0F0
:1013100033FBDFF8A8800746224E06E001F02CFBE5
:10132000C01BB04223D8EFF7BFFC21681E48FFF76F
:1013300009FF0028F2D0D8F81030DB05EED50023E5
:101340004FF400722B60D8F8283023F48033C8F8AB
:101350002830164BC8F804201B78A3B1494614481E
:10136000FFF7F0FE68B90E2240F2574304E0002177
:101370000A2240F24B4329600E4C00200E49227095
:101380000B60BDE8F8834FEA492909484946FFF751
:10139000D9FE0028F5D1E6E745A60100181B042078
:1013A000A41A042040420F0000001A0D6CF704201C
:1013B00020003A19C6460020D40B042000002C401F
:1013C000F8B5214C00212148A36A23F48033A3629D
:1013D000FFF7B8FE48B9092240F23D231C4800251A
:1013E0001C4902700B602846F8BD1B4B05461B4A82
:1013F000136001F0C1FA636A0646D80112D4184F8F
:1014000004E0EFF751FC636AD9010BD401F0B4FAA0
:10141000831BBB42F5D9002110480A224FF41073F8
:101420000160DBE70022084B0C490A605A6A920708
:10143000D9D5586B9A6AD96A22F4803241F080611A
:10144000D96258639A62CEE700002C400000DB0CA2
:10145000C6460020D40B042049A00100181B04201C
:1014600040420F0012F0030F00D143B93C49252040
:101470003C4B40F2F512087000201A6070472DE9CD
:10148000F04114461F46384A0E46384B80461360DA
:1014900001F072FA054607E001F06EFA344B401B8A
:1014A000984229D8EFF700FC324B33481968FFF710
:1014B00049FE0028F0D0314B1B69DA05ECD500223B
:1014C00029492F4B0A6001212E4803EA0743017086
:1014D00043F400732C490A60284A146053602B4B74
:1014E00093632B4B1B7893B131464046FFF72AFE9E
:1014F00078B90020BDE8F081194A0A210020194B73
:10150000194C11704FF4FC7220601A60F1E77602FA
:10151000EAE7204B144A136001F02EFA194B0546F6
:101520001B787BB1124C04E0EFF7BEFB154B1B7828
:1015300043B101F021FA401BA042F5D900230A4A29
:101540001360D6E710491A4607480B6802609B07EC
:10155000CFD50A68104B1A420CBF01200020C9E702
:10156000C6460020D40B0420181B042045A6010009
:1015700040420F00A41A042000001A0D00002C4065
:101580000000FF1F7BF704201C1B042002007F11BA
:101590006CF704205DA0010000007F11F8B506463D
:1015A000007A0C461546C0071F4613D483B10F447A
:1015B00001E0BC420CD033682A46214630461B6904
:1015C000013405F5007598470028F2D10020F8BDD8
:1015D0000120F8BD900712D0002BF9D00F4401E094
:1015E000A742F5D033682A46214630461B690134AC
:1015F00005F5007598470028F2D10020E7E7064876
:10160000FFF730FF0028E3D104490C20044B40F2DF
:10161000A13208701A60D9E737003A12C646002096
:10162000D40B0420F8B50646007A0C461546C007D0
:101630001F4613D483B10F4401E0BC420CD0336881
:101640002A46214630465B6A013405F50075984705
:101650000028F2D10020F8BD0120F8BD900712D07B
:10166000002BF9D00F4401E0A742F5D033682A4699
:10167000214630465B6A013405F50075984700281D
:10168000F2D10020E7E70648FFF7ECFE0028E3D19F
:1016900004490E20044B40F23D4208701A60D9E71D
:1016A00027003A19C6460020D40B04202DE9F84340
:1016B000814688462E4C01F05FF92E4F06462E4D8E
:1016C00004E001F059F9801BA84225D821682B4875
:1016D000FFF738FD0028F4D03B69DA05F1D5012386
:1016E000274E284A49463370002327481360274B6A
:1016F000C7F800807B60264BBB63FFF723FD0746DE
:1017000070B9042240F29F13224800272249027038
:101710000B603846BDE8F8830A224FF4CC73F3E738
:101720001E4B1F4A136001F027F9337804468BB132
:10173000114D03E0EFF7B8FA33785BB101F01CF913
:10174000031BAB42F6D90023154A136025224FF440
:10175000D173D9E71A460B4B11491B680A609B07E6
:10176000F4D5084B1A680F4B1A42EFD1D1E700BFEE
:10177000A41A042000002C4040420F0000001A0D63
:101780007BF704201C1B042011003A0640000100D6
:1017900002007F11C6460020D40B04205DA001008A
:1017A000181B042000007F112B4B987A10B54406BB
:1017B00082B012D4DB7AC0F3050002F1010CC3F34E
:1017C000C0134CEA010C43EA40035BB213EA0C0F6E
:1017D00003D0272240F202330CE0204B1B780BB9D8
:1017E000490252021E480192FFF7ACFC58B90F2281
:1017F00040F20A33DFF888C000201A498CF8002034
:101800000B6002B010BD01991748FFF79BFC18B997
:10181000102240F20D33EDE700211448FFF792FC4F
:1018200018B911224FF44473E4E701F0A5F8044617
:101830000F4B10481968FFF785FC18B10E4B1B6958
:10184000DB05DED401F098F80C4B001B9842EFD971
:10185000282240F21333CDE7901A04206CF70420BD
:1018600000001A20D40B042000001A2100001B26BF
:10187000A41A042000001A0D00002C4040420F0062
:10188000C64600202DE9F0434FF00008884D894EF0
:1018900093B0894C894F017280F8098085F80080E7
:1018A00086F8008084F8008087F80080FFF714FB3A
:1018B00041464046FFF746FCE8B14FF003084FF4BD
:1018C000D5717F48FFF73EFC00284CD1B8F10108E4
:1018D000F5D13B78002B3AD0DFF82C9201F04CF890
:1018E000784F804600217848FFF72CFC70B917220A
:1018F0004FF42A7302E0012240F28E237349002440
:1019000032700B60204613B0BDE8F0834946704842
:10191000FFF718FC0028EAD001F02EF8A0EB080031
:101920006C4BB842E3D81A69002ADBDA19696A4AB3
:1019300011601B695A0001D50123237000216748FB
:10194000FFF700FCD8B9022240F2B123D6E7FFF737
:10195000C3FA41464046FFF7F5FB3B78002BBBD16D
:101960004FF44019BAE75B4B1B69B3F5D57F03D041
:1019700006224FF42573C1E701233B70ACE7002139
:101980005748FFF7DFFB18B903224FF42D73B5E773
:10199000504F544C3B6954496FF30F035348236035
:1019A000FFF71CFC18B9072240F2B923A6E75049FB
:1019B0005048FFF713FC18B908224FF42F739DE726
:1019C00021684D48FFF7BEFB18B9052240F2BF233E
:1019D00094E721683C48FFF7B5FB18B9142240F2A0
:1019E000C3238BE702214548FFF7ACFB04460028E0
:1019F000F4D0BB6A02A96FF07F4023F00603BB62FC
:101A0000BB6A43F00203BB624FF010137B64FFF725
:101A10004DFE9DF815309B0747D5002845D02B4F2C
:101A200002A937483A6896F800800192FFF73EFE17
:101A30009DF81830019A03F00F03012B32D188B3BF
:101A40004CF250302F4E0523C6F8CC31C6F8D031B9
:101A5000C6F8BC31C6F8C031C6F8C431C6F8C831C2
:101A6000FFF74AF9002347F2B802C6F8CC31C6F8AE
:101A7000D031C6F8BC31C6F8C031C6F8C431C6F89A
:101A8000C83141F2B803C6F8BC23C6F8C023C6F873
:101A9000AC23C6F8B0330123C6F8B423C6F8B82384
:101AA0002B702FE786F800803A6046F2A810C9E74D
:101AB0006AF70420C64600206CF704206BF7042068
:101AC00000001A0840420F0000001A37D40B04200F
:101AD0000000022900002C40A01A04200000090286
:101AE00000001A03A41A0420901A04200000090917
:101AF000801A04200000090A00001B0700001A06D3
:101B0000F1FFFF8000801F4000003040014B18684B
:101B1000704700BFD00B0420F8B5324B0F465A6A0D
:101B200092050DD49A6A22F480329A6272B69A6A49
:101B300042F400329A629A6A42F480329A6262B641
:101B400000F01AFF274C0646274D04E000F014FF72
:101B5000801BA84233D8636A1B05F7D507F13C0008
:101B600007F50F741F494B6A1D05FCD5A0F1400312
:101B70000A6A43F8042F8342FAD103F14000A042DD
:101B8000F1D100F0F9FE174C0746184D164E04E04F
:101B900000F0F2FEC01BB0421AD8236B2B42F7D0E4
:101BA000226B134B1A601A6822631A6892070DD5CC
:101BB0001A68104B1A420CBF01200020F8BD0E49D4
:101BC0001A200E4B40F2563208701A600020F8BD01
:101BD0001D200949094B40F26132087000201A604B
:101BE000F5E700BF00002C4040420F0002007F11CB
:101BF0001C1B042000007F11C6460020D40B0420CB
:101C00002DE9F843244B8946244D254C2B6000F0E8
:101C1000B3FEDFF8A8800746224E06E000F0ACFED7
:101C2000C01BB04223D8EFF73FF821681E48FFF7EA
:101C300089FA0028F2D0D8F81030DB05EED5002361
:101C40004FF400722B60D8F8283043F48033C8F882
:101C50002830164BC8F804201B78A3B14946144815
:101C6000FFF770FA68B90C2240F2BD3304E000219E
:101C70000A2240F2B13329600E4C00200E49227036
:101C80000B60BDE8F8834FEA492909484946FFF748
:101C900059FA0028F5D1E6E745A60100181B0420F3
:101CA000A41A042040420F0000001A0D6CF7042013
:101CB00030003A12C6460020D40B042000002C400D
:101CC00070B500231C4D0E4643721946AB6A1B4883
:101CD00023F48033AB62FFF735FA18B104465EB9DE
:101CE000204670BD092240F2D3331548002415491F
:101CF000027020460B6070BD134B144A136000F055
:101D00003BFE6B6A0646DA0112D404E0EEF7CCFF24
:101D10006B6ADB010CD400F02FFE0D4A831B93424B
:101D2000F4D9002109480A2240F2D7330160DCE7E8
:101D30000023064A1360D3E700002C400000DB0CB0
:101D4000C6460020D40B042049A00100181B042023
:101D500040420F0010B50446FFF756F908B1637A08
:101D600003B910BD20460121BDE81040FFF7A8BF10
:101D700030B50346007AADF5037D1446C00720D583
:101D800093070FD101233048FFF76CFBB8B92F49F7
:101D90000B202F4B4FF45D7208701A6000200DF578
:101DA000037D30BD012302AA2748FFF75BFB002813
:101DB000EDD04FF4007202A9204600F073FE01201E
:101DC000EDE701930D46FFF71FF9019B0028E5D0D1
:101DD0005A7A012A23D01A681E49126A8A4222D1ED
:101DE0000193FFF711F90028D8D0019B5A7A0ABB5A
:101DF000184629460193FFF703FF019B0028CDD029
:101E000001225D605A72214618460193FFF784FE55
:101E10000028C3D0019B5A6801325A60CFE75A6844
:101E2000AA42D8D1EFE7184601939047019B0028BA
:101E3000B4D0DDE7184601210193FFF741FF019B74
:101E40000028ABD0D4E700BF11003A11C6460020ED
:101E5000D40B0420C5B0010030B50D46017A1446FC
:101E6000ADF5037DCA071BD5A30706D0214602ACFA
:101E70004FF4007202A800F015FE01232246294605
:101E80003248FFF7EFFA002841D131490D20314B9C
:101E900040F2114208701A6000200DF5037D30BD3C
:101EA0000190FFF7B1F8019B0028F5D05A7A022A79
:101EB0002FD01A682849126A8A422ED10193FFF75F
:101EC000A3F80028E8D0019B5A7A002A2CD11A687E
:101ED0002249126E8A4230D1184629460193FFF7F3
:101EE0000FFA019B0028D7D002225D605A721A684F
:101EF00018461B49D26D01938A42214623D1FFF730
:101F0000CBF8019B0028C7D05A6801325A600120E3
:101F1000C3E75A68AA42CCD1E9E718460193904733
:101F2000019B0028D3D1B7E7184601210193FFF7A1
:101F3000C7FE019B0028CAD1AEE718460193294687
:101F40009047019BCEE79047019BDBE701003A18E1
:101F5000C6460020D40B0420C5B0010071A60100C4
:101F600009A4010000F032BD10B483B00B46CDE9E6
:101F70000012C27C002A30D072B6C27CD40708D5C9
:101F80004FF0E02C4469DCF8801121408162CCF8EC
:101F90008011910708D54FF0E02C8469DCF884119A
:101FA0002140C162CCF88411540708D54FF0E02CD1
:101FB000C469DCF8881121400163CCF8881111074D
:101FC00008D54FF0E02C046ADCF88C112140416305
:101FD000CCF88C11D2063AD462B68268934240D0D3
:101FE000234A836092692349C2F3011CC2F38262CF
:101FF00051F82CC00132BCFBF2F103B38B4232D852
:10200000B1FBF3F2B1FBF2F18B422ED3B2F5817F3B
:102010001BD2022A27D9023A530803EB032342EAD0
:102020000323C36002680321002010615162012173
:102030001364019B1366116103B010BC7047944593
:10204000EFD34A1CB2F5817FE3D30B4BE9E74FF0A6
:10205000E021446AD1F8902122408263C1F89021A6
:10206000BAE7C368DEE70023DBE71146E9E700BF14
:1020700000C00F4030380020FF7F7F0008B50346C6
:1020800053F8040B93E80600FFF76EFF08BD00BF8E
:102090000268D37C13B3D80704D5906A4FF0E021CF
:1020A000C1F80001990704D5D06A4FF0E021C1F8CA
:1020B0000401580704D5106B4FF0E021C1F8080166
:1020C000190704D5506B4FF0E021C1F80C01DB0675
:1020D00004D5926B4FF0E023C3F81021704700BF86
:1020E000006800F099B900BF0268FF2312685366C8
:1020F000D36D13F4F81FFBD0506FC0B2704700BF10
:102100004FF0FF0C006808B5134680F83CC00A4643
:10211000002100F07DF9002008BD00BF03681A68A7
:102120005166D36D13F4F81FFBD0536F704700BF97
:1021300013460068002200F06BB900BF0378DB078C
:1021400001D4012070470346406810B503F1100226
:1021500082B0016801924C6A0093D968A047DDE91A
:10216000003298B1197888070CD5DC680093D3E960
:102170000101D0F800C02144DCF82430984728B190
:10218000009B197821F001010120197002B010BDE7
:1021900010B5446884B07CB31446C26803468A42D2
:1021A0000AD1024612F810CB04F0030410464CEAA0
:1021B00004021A7004B010BDCDE90101FFF7BEFFA3
:1021C000D0B114F0040FDDE9013105D003F11002A4
:1021D0004FF0000CD960E7E7586803F11002D0F81F
:1021E00000C00192CDE90213DCF810309847039B40
:1021F000DDE901210028EBD1002004B010BD00BFB3
:102200000346808910B100229A817047D3E901C149
:102210008C4500D3704700B585B0604603AA019392
:1022200000F016F8019B80B1039A5860B2F5803F28
:1022300090B208D3920AC0F30900A2F52152A0F58A
:10224000105190B2998105B000BD4FF6FF70FAE7CA
:10225000884238D2034690F90000002893F800C065
:102260002DDA0CF0E000C02831D00CF0F000E028AE
:1022700031D00CF0F800F02825D10CF0070C042028
:10228000184488421FD8013300B51978013301F092
:10229000C00E01F03F01BEF1800F41EA8C1C14D149
:1022A0008342F2D1ACF180010D4B99420DD8ACF5CF
:1022B0005843B3F5006F08D3C2F800C000BD581CE6
:1022C000C2F800C0704700207047002000BD0CF02D
:1022D0001F0C0220D4E70CF00F0C0320D0E700BF46
:1022E0007FFF10007E2843D90023DFF8ACC000B583
:1022F0004FF0350E04E03CF82120824223D80B46F3
:10230000AEEB0302012A03EB5201F4D89BB23CF876
:102310002320904219D24FF04B0C0023DFF87CE0D1
:1023200005E03EF8212082428CBF8C460B46ACEB88
:102330000302012A03EB5201F3D89BB23EF823209B
:1023400082421FD000BD8E46DAE70CEB830C821A66
:102350009CF803309A42DEDA9CF90230012B16D049
:102360004EF2A032002B08BF1346034498B200BDC2
:10237000A0F16103192B8CBF00230123A0EB4313B1
:1023800098B270470EEB830EBEF8020000BD02F05B
:102390000102821A90B200BDC4070020D0040020C0
:1023A00030B504468E460068114640F201220261B3
:1023B00023B31D46BEF1000F21D0724612F801CBA7
:1023C0009646013DC0F864C0026F920707D48C4660
:1023D000013B426F19B10CF8012B6146206842693C
:1023E000D207F1D5002DE5D143B1026F9207FCD49D
:1023F000426F09B101F8012B013B03D130BD94F8C4
:102400003CC0DEE72068026F9207EED4F0E700BF21
:102410000BB1FFF7C5BF70474268D2E900130968E6
:10242000194200D1704703460020052110B51C68F1
:1024300082B02061187C01930244107C00F0E8FA1D
:10244000019B0521587C5A68024492F8240000F050
:10245000DFFA019B05215A689B7C134493F83800EE
:1024600002B0BDE8104000F0D3BA00BF70B5EFF382
:10247000108272B60C4C206880B10C4E0025436966
:10248000236073B19D6102B962B68368457798474E
:10249000EFF3108272B620680028F0D102B962B65C
:1024A00070BD3360EFE700BF301B04202C1B0420FD
:1024B000FFF7DCBF0449054A4968054B19601368FA
:1024C00001331360704700BF001000E048F704209C
:1024D00044F70420084601F0C3BC00BF012A70B5D0
:1024E00008BF0A228AB005461E4659B34FF0210C98
:1024F00001E05FFA84FC0CF1FF34B1FBF2F302FB64
:10250000131EBEF1090F0EF1370098BF0EF1300017
:102510000DEB0C0E914219468EF80400E9D23EB143
:102520000CF1FF3C2D225FFA8CFC0DEB0C031A71B1
:102530002B6801A9CCF1220228465B6861449847C8
:102540000AB070BD30234FF0210C8DF82530E6E73E
:10255000002903DB00230A22FFF7C0BF49422D23D5
:102560000A22FFF7BBBF00BF00B5036883B040F687
:102570000D2C022201A95B68ADF804C0984703B096
:1025800000BD00BF044B022888BF0346D3F800C03B
:102590001846DCF804301847B04300200EB400B5EC
:1025A00082B003AA52F8041B019203F08DF902B025
:1025B0005DF804EB03B07047A94AAA4B90422DE99D
:1025C000F047A94CD3F814E09969D4F80CC000F294
:1025D000088103F1437303F5F4530333A3FB002392
:1025E000DB0D03EB830303EB830202F2B63240F20E
:1025F00027639A4228BF1A469C4BA3FB0232D2089B
:10260000203A984D0CF01F04D5F88030944243F0E6
:10261000C003C5F880300BD22CF01F0C924C4CEA52
:10262000020CC4F80CC02368002BFCDA0CF01F0469
:102630001EF0007327D18E4D2E698E4DB54300F0EC
:10264000FA8081F4805576464FF4805716F0605F2B
:1026500006D02EF0605E4EEA030E824BC3F814E003
:1026600015F4405F07D021F440517E4D3943A961F4
:10267000AB6C1B07FCD44EF0007E7A49C1F814E025
:102680008B6C9F06FCD47C49884200F2DF800126D7
:1026900035460EE0082D0CD1042E00F29180013653
:1026A000022506FB00F38B4200F2C3805B008B42E5
:1026B00006D8013506FB05F300FB03F38B42E9D98D
:1026C000771E05F1FF384FEA872A8EEA87276B4984
:1026D00059186B4B99427CD9DFF8E4916C23694817
:1026E0006349B0FBF5F0684DB0FBF6F00E6835407D
:1026F0004D4508D043F400534FF480550D600B60F6
:102700000B68002BFCDA57490B6903F007034345BC
:1027100004D0C1F810808B6CDE03FCD417F4E05FAA
:102720000BD02EF4E05E0AF4E0534E4943EA0E0E5D
:10273000C1F814E08B6C9D07FCD4544D54494519E5
:102740008D4239D8534BED09A3FB05352D0B6B1E7C
:102750001B028EEA030111F4407F07D02EF4407E65
:1027600003F440733F4943EA0E034B613D494B6913
:1027700023F000734B618B6C9B06FCD4464BA2424A
:10278000A3FB00134FF0FF314FEA9343B0FBF5F585
:10279000B1FBF3F34149086041490D6041490B60C9
:1027A00008D22CF01F0C30494CEA0202CA600B68B8
:1027B000002BFCDABDE8F0874FF440730425C8E72E
:1027C000771E2E494FF007084FEA872A59188EEADC
:1027D0008727294B99421CD8DFF8E89036233248E6
:1027E0007EE7324B984201D80E220AE7304B9842DE
:1027F00028D9304A904227D9821A2F4B120AA3FBBC
:102800000232D20902EB820202EB820202F2E242BF
:10281000EDE6A3F182532948DFF8AC90A3F58933A4
:102820007E3BA3FB01310B0D03FB00F043EA0909DA
:1028300056E7012544E71F468EF0C0560D464FF07F
:10284000C05303E70F22DCE61222DAE60126034634
:102850004FF0000A77464FF00008354637E700BFD3
:10286000001C4E0E00C00F40000008401F85EB51B9
:1028700000800D4040300080FFB19F26808D5B00BE
:10288000FF7EF64D00643F4D7F3001807FD1F00820
:102890007F17B42C9F10E50083DE1B43AC43002060
:1028A000A843002040F7042000B29F26FF0A6B1BBC
:1028B00000A4781F0046C32323B24C00001BB700BE
:1028C0006C200080362000800020008000B9704716
:1028D0002DE9F84F01218146224C234E234D54E827
:1028E000003F3268286844E80013002BF7D12049E4
:1028F0004B684FF47A7BDFF87CA01B1A01270BFB97
:1029000002F8DAF80020A2FB03235B4594BF984449
:10291000D84454E8003F3268286844E80073002B2C
:10292000F7D14B68DAF800C01B1A0BFB02F2ACFBC4
:1029300003C3B3F57A7F94BFD21802F57A72A2EB83
:102940000802B2F57A7F08D3B9F1010F08F57A7859
:1029500009F1FF39DDD1BDE8F88FEEF7A5F904499B
:10296000D7E700BF4CF7042048F7042044F70420C1
:10297000001000E040F7042010B50F4B4FF0010CA1
:102980000E4CDFF844E053E8002F2068DEF800101A
:1029900043E800C2002AF6D1094B5B68094A5B1A7A
:1029A0004FF47A71126801FB00F0A2FB03238B4203
:1029B00094BFC018401810BD4CF7042048F70420FD
:1029C000001000E040F7042044F70420362812D815
:1029D00002010C4B03EB00109B58C268D3F804C0F3
:1029E0001CEA020F03D039B1C3F884207047836812
:1029F00029B9054A1A607047C3F888207047034A0E
:102A00001A607047803900203830010038F001002A
:102A1000362831D802011B4B012903EB00109B58CB
:102A200000B55A68D0E902EC12D0042910D022EA8D
:102A30000C025A60C9B102291FD003294FF01502B8
:102A40000CBF114B114BCEF8003043681A6000BD2B
:102A500042EA0C0201295A6007D040F63803CEF84A
:102A60000030436815221A6000BD38231522CEF8C5
:102A7000003043681A6000BD7047054BCEF8003047
:102A8000EFE700BF80390020383001003800010036
:102A900038F0010008B509F06BFBEFF771F9EEF7BC
:102AA00003F9FAE7844641EA000313F003036DD10A
:102AB000403A41D351F8043B40F8043B51F8043B01
:102AC00040F8043B51F8043B40F8043B51F8043B08
:102AD00040F8043B51F8043B40F8043B51F8043BF8
:102AE00040F8043B51F8043B40F8043B51F8043BE8
:102AF00040F8043B51F8043B40F8043B51F8043BD8
:102B000040F8043B51F8043B40F8043B51F8043BC7
:102B100040F8043B51F8043B40F8043B51F8043BB7
:102B200040F8043B51F8043B40F8043B51F8043BA7
:102B300040F8043B403ABDD2303211D351F8043B47
:102B400040F8043B51F8043B40F8043B51F8043B87
:102B500040F8043B51F8043B40F8043B103AEDD2F6
:102B60000C3205D351F8043B40F8043B043AF9D247
:102B7000043208D0D2071CBF11F8013B00F8013B1A
:102B800001D30B8803806046704700BF082A13D327
:102B90008B078DD010F003038AD0C3F10403D21A3F
:102BA000DB071CBF11F8013B00F8013B80D331F873
:102BB000023B20F8023B7BE7043AD9D3013A11F8F3
:102BC000013B00F8013BF9D20B7803704B7843705E
:102BD0008B7883706046704701F004BF01F1FF3CC1
:102BE00070B566464FF0000E01E00EF1010EB0FB2D
:102BF000F2F402FB1403092B03F1370598BF03F12C
:102C000030059042204606F8015FEED201EB0E033C
:102C100000225A70BEF1000F11D0481C70440CF114
:102C200002021CF8014F10F8015DA1EB0C03521ACF
:102C30008CF80050013B047073449A42EFDB084665
:102C400070BD00BF72B6EFF30583524CC4F88430F8
:102C50001EF0040F0CBFEFF30882EFF309824FF070
:102C6000E0234D4DD3F8280DD3F82C1DC4E92201E3
:102C7000D3F8341DD3F8383DC4E924139369A8343C
:102C800044F8103CD36944F80C3C00F0CDF804ED56
:102C9000020A01F029FA0B2344F8040C4FF0FF322A
:102CA0003E4844F8283C2B68202104355A4042F322
:102CB0000003013903EA000383EA5202F7D1A54277
:102CC000F1D1344BC3F8A820BFF34F8F4FF0E0236E
:102CD0003149334AC3F8701FC3F8702FBFF34F8FC9
:102CE000BFF36F8F2F4A02242F48D36E2F4943F42E
:102CF0004053D3660460D3692D4823F07F0343F02B
:102D00004003D3610B68834240D8274D00204FF029
:102D1000E0234FF0FF3228600121C5F80801254863
:102D20000C460E46C5F80001C5F80811C3F880210D
:102D3000C3F88421C3F88821C3F88C21C3F89021FB
:102D400001E000F071F9D5F80C31002BF9D04F2CCF
:102D5000C5F80C6104F10104F3D9174B022017499F
:102D60004FF00042C1F840015A63D5F80C313BB92D
:102D7000134814490C4A0163D2F80C31002BFAD0E5
:102D80004FF0E023104AC3F80C2DFEE7FFF714FCC8
:102D9000BBE700BF00FF272080FF27202083B8ED7E
:102DA000A0FF272000C00F4000400840AC43002097
:102DB000803DCD0B009F240000900D4000002E4070
:102DC00000800F40F100AD0B0400FA05094A08B578
:102DD0000346106823B1034407498B4201D81360AE
:102DE00008BD03F057FA0C2203464FF0FF301A607B
:102DF00008BD00BFE84300200000282000207047E5
:102E00004FF0FF30704700BF4FF4005300204B607D
:102E1000704700BF012070474FF0FF30704700BF80
:102E200030BFFDE7FFF70EBF124AD2F880305B07D4
:102E3000FBD5D2F880301048C3F30B230F4990ED37
:102E4000007A07EE903A91ED006AB8EE477A0C4AA4
:102E5000F8EEE77A0B4BD2ED006A77EEC77A93ED86
:102E6000007AB8EE477A67EE867A87EEA60A37EEE2
:102E7000400A704700810D4030F7042038F70420E5
:102E80003CF7042034F70420836B70B586460E4669
:102E900010461BB1536843F40043536072B6DEF82A
:102EA000342042B31B4B1060D3F8B02132421ED104
:102EB000194C656805E06268A2EB050CBCF5166F5D
:102EC0000BD2D3F8402142F48042C3F84021D3F81A
:102ED000B811D3F840215204EDD5314007D10D4A45
:102EE000CEE90201D2F8B0313343C2F8B031CEF8A6
:102EF000340062B670BD0749CEE90202D1F8B031A4
:102F00003343C1F8B031CEF83000CEF8340062B6A9
:102F100070BD00BF00002E40001000E070B5056BD2
:102F200095B12B46002403E01B680134012B0CD023
:102F30005A681206F8D5036306462CB12846B36BCF
:102F40002D689847013CF9D170BD00220023C0E9EB
:102F50000C23F1E700B501BBDFF8A0C0234B002133
:102F6000234A4FF0010E4FF001109960C3F800E0C2
:102F7000CCE902314FF0800CC3F804C0C2F8BC01A8
:102F8000D2F8B0311B4843EA0E03C2F8B0310160F9
:102F9000D2F8B031002BFBD100BD0904164BDFF88D
:102FA0005CC04FF0010E41F080019860104A5960FA
:102FB00000F58051C3F800E0D96000F50051CCF86D
:102FC0004830196100F5405100F5804059610021F9
:102FD0009861CCF84C10D2F8B03143F48033C2F889
:102FE000B031D2F8B031002BFBD1B7E7C06E012071
:102FF00000002E40D0DF0420E06E01200000002001
:10300000074901220B78824023EA02030B7033B98F
:10301000044AD2F8483123F08003C2F8483170479F
:1030200081F7042000002E402DE9F047A64C82B025
:10303000D4F84461F107C4F844614CD5D4F8AC31FC
:10304000002B43D0A14DA24FDFF8B882C4F8AC31B9
:10305000D5E90A20D4F8403143F40053C4F8403194
:10306000D4F840319B04F5D5D4F840314FF001112C
:1030700023F40053C4F84031C4F8B411D4F8B43187
:1030800013F00113FAD191B284463B60B1F5086F99
:1030900000F03A8100F2958040F2023E714500F066
:1030A000928100F2A480822900F0E181B1F5817F54
:1030B00000F0B381802940F095808648022103808A
:1030C000FFF748FFD4F8AC31002BBFD17E4AD2F8CD
:1030D000BC31002B42D1720616D57B4BD3F8AC2104
:1030E000C3F8AC21D3F8BC21C3F8BC21D3F8B0415C
:1030F000002CFBD14FF0FF32C3F8B421D3F8843158
:1031000000F046FD744B1C60F40103D5734B1B6843
:1031100003B19847B00103D5714B1B6803B19847C1
:10312000710708D5684BD3F8843113F4007345D088
:103130006C4B01221A70644BD3F848311A060AD539
:10314000330608D5684A13782BB1013BDBB2137004
:10315000002B00F06D8202B0BDE8F0875C49C2F838
:10316000BC310868034240F098815B4A1268134002
:10317000B1D01C0C554D1FFA83F810D094FAA4F767
:10318000B7FA87F705EBC7104030FFF7C7FE0123FA
:1031900003FA07F7BC43F1D1B8F1000F9BD0012728
:1031A00098FAA8F4B4FA84F405EBC41007FA04F40E
:1031B000FFF7B4FE38EA0408F2D18CE7494A1370ED
:1031C000B9E742F2212E71455AD049D8B1F5106FB6
:1031D00000F0A28042F2210C614503D1010C0729C5
:1031E00000F08C814FF00113C4F8C0316AE7B1F5EB
:1031F000A06F00F0CA80A1F5D0610129F2D83B4B45
:1032000059680029EED01FFA8CFE120C03E01969F0
:103210000C330029E6D0B3F800C09445F7D1B3F8D9
:1032200002C0F445F3D14FEA122C000CBCF1030F9D
:1032300000F0CB811B89834228BF0346B2F5007F93
:103240009A4640F09A81274B1B78002B40F0EE8184
:10325000274952462748DFF89C90FFF723FC9EE160
:1032600042F22133994214D04FF6C0039942B9D1AA
:1032700083B2FF2BB6D843F46E4363F30F0CBEE763
:1032800080B230B91C4B120C19681C4B19601C4BD6
:103290001A700023C5F84880EB64C8F80830012391
:1032A000C8F800308023C8F804304FF00113C4F888
:1032B000BC31D4F8B03143F48033C4F8B031D4F821
:1032C000B031002BFBD1FDE600002E4000000020B5
:1032D000D0DF0420F8EE0420D4DF04205CF70420C3
:1032E00060F7042087F7042088F70420FC3C0020C6
:1032F000BC6B00608066272048F7042058F7042044
:1033000085F70420C06E0120B34B0121B3481B7820
:103310000370FFF71FFED5E6AF49120C01930A7048
:10332000AF4AC4F8C821AF4AC4F8CC21AE4AC4F8A9
:10333000D02100F02FFC80220199AC4802F008FC5B
:10334000AB498022019BA9644A60AA4AEB64C5F894
:10335000A02002F13C428B6002F56C2202F56F72F4
:10336000C5F8E02001220A604FF00112C4F8BC2128
:10337000D4F8B02142F48032C4F8B0219E4A3B60B8
:10338000D2F8B031002BFBD19CE69949EB648B60FD
:103390000123A9640B6080234B604FF00113964911
:1033A000C4F8BC31D4F8B03143F48033C4F8B03140
:1033B000D1F8B031002BFBD1130C5B0643F08073C6
:1033C000C1F854317EE610F0780F7FF40BAF00F0B7
:1033D0007F028A4B000653F822104CBF41F4803123
:1033E00041F0010143F822100021814BE96499600A
:1033F0000121AB64196080217F4A59604FF00113AD
:10340000C2F8BC31D2F8B03143F48033C2F8B031E5
:10341000D2F8B031002BFBD154E610F0780F7FF4D6
:10342000E1AE00F07F02754B000653F822104CBF4E
:1034300021F4803121F0010143F8221000216C4B6E
:10344000E96499600121AB64196080216A4A59607E
:103450004FF00113C2F8BC31D2F8B03143F48033DD
:10346000C2F8B031D2F8B031002BFBD12AE610F00F
:1034700078037FF4B7AE00F07F01604A000652F88F
:103480002110564A138036D5C90301D50123137084
:1034900002215248FFF75EFD14E6002008605849FB
:1034A0000C88486842F221018C427FF45EAE80B203
:1034B00000287FF45AAE5349534C03C9A180862893
:1034C0004FEA11412060A1717FF44FAE72B64F48B0
:1034D000017841F008010170D2F848110D0605D4B9
:1034E00080200143C2F84401C2F8481162B6484A3C
:1034F0005021117039E6CB07CAD5C7E74049EB60C8
:10350000444BC1E900200122AB601A60424A5A6074
:103510003C4A9A60D4F8B01141F00101C4F8B011EE
:1035200002F58051D96002F50051196102F5405150
:1035300002F5804259619A612F4AD2F8B031002BCE
:10354000FBD12B49EB648B600123A9640B6048F22B
:1035500080034B604FF00113C2F8BC31D2F8B03198
:1035600043F48033C2F8B0314FF48033224A3B60D9
:10357000D2F8B031002BFBD1A4E5B2F5E06F7FF4B7
:1035800068AE264B1B78002B4ED12549DFF894906E
:1035900052464846FFF786FA072389F8013029F09A
:1035A0001F0309EB0A02BFF34F8F4FF0E021C1F870
:1035B000703F20339A42FAD8BFF34F8FBFF36F8F1B
:1035C00018485146FFF7C6FC7CE50B78834228BFBC
:1035D00003469A463DE600BF86F70420F8EE042035
:1035E0000200CC00C80002000200C80080000020D9
:1035F000C06E01205DCFC6B800002E40C0012E4035
:10360000A8050220C8DF042050F7042081F7042019
:1036100088F70420E06E01208000070087F704206F
:10362000206C0060806627200449AFE7044910E65B
:103630000320FFF7E5FC08F08BFD00BFBC6B0060CA
:10364000206C00602DE9F043841E83B0022C02D967
:1036500003B0BDE8F083124D90460F46C60105EB5E
:10366000C0143C2200210190201D994602F070FAFE
:10367000B8FA88F23904520941EA42710122A9518B
:10368000C4F83890A260B9F1000FE1D00549019B60
:103690009A400B681A430A6003B0BDE8F08300BF8C
:1036A00000000020D4DF04202DE9F043A0F1020E39
:1036B00083B0BEF1020F02D903B0BDE8F08391469A
:1036C000C201124F884602F1400605463C22002105
:1036D000F4190193201D02F03BFAB9FA89FC4FEA74
:1036E0000842019B4FEA5C1C42EA4C72BA5101222B
:1036F000A363A260002BDFD0054905F110000B6821
:1037000082401A430A6003B0BDE8F0830000002045
:10371000D4DF042012044FF0010C816042F08002DB
:10372000C0F800C0C36101F5805C01F54053426000
:1037300001F5005201F58041C0F80CC08161C0E97B
:1037400004237047831E022B00D9704700F1100C30
:10375000064B0A4603EBC01000B54FF0010E0EFAFF
:103760000CF15DF804EBFFF78FBB00BF40000020B9
:10377000831E022B00D970474FF0010C034B0A4601
:103780000CFA00F103EBC010FFF77EBB0000002035
:1037900040687047144B0A22DFF850C0D3F820026B
:1037A00020F07F4000EB800300B55B0085B06045F2
:1037B00038BF18466946FFF711FADFF834C06B4688
:1037C0000022604619780132013341B10A2A20F8FB
:1037D000021FF7D116228CF8002005B000BD520060
:1037E0008CF8002005B000BD00441F408096980072
:1037F000B046002000F0ECBA00F0BABA00F020BBEE
:1038000000F0D8BA00F06EBB00F048BB0846114685
:1038100000F03ABB70B5164D4FF0E02415494FF457
:103820000032154E05EB401582B001EB4021C4F883
:103830008C210346328828460191FFF76BFF0199DE
:1038400033880B44BFF34F8FC4F85C1F20318B4289
:10385000FAD8BFF34F8FBFF36F8F03202946FFF7CE
:1038600087FF4FF40033C4F80C3102B070BD00BFC5
:10387000006F01200067272064F70420264B1A8878
:103880004368C3F30E43D21A002AF0B5C46983B06B
:1038900028DD2248224D01782D78CBB2DFF894C084
:1038A000A942204D09D01CF803100F4635F811101D
:1038B0000E46C1F500718A421AD90133002125F85C
:1038C0001420082B184D88BF0B4625F8141098BFFC
:1038D00019460CF80340154B017019680A441A6028
:1038E00003B0F0BD204603B0BDE8F040FFF792BF43
:1038F0000F4906EB47200192084401EB4421FFF7F2
:10390000D1F8019A09492046B31825F817300B68F9
:1039100013440B60E7E700BF64F704207FF704203F
:1039200080F7042004EF042014EF042000EF0420AB
:103930000067272024EF0420224B1A78002A3FD169
:1039400002F0FF03204A1278002A39D01F4A128859
:10395000002A35D01E49C2F5006210B5087884B03F
:103960001C4901EB40141C4901EBC0212046CDE964
:1039700002230191FFF7CEFEDDE901120A44BFF3F5
:103980004F8F4FF0E020039BC0F8701F20318A4218
:10399000FAD80193BFF34F8FBFF36F8F04202146F6
:1039A000FFF7D0FE0A480021084B02781980013247
:1039B000019BD2B2032A98BF1346037004B010BD16
:1039C000704700BF84F7042086F7042066F70420C0
:1039D00083F7042000700120007727202DE9F04FA5
:1039E00087B00490002900F0BF8000235F4C604F37
:1039F0004FF00109DFF890A15E4E029303915E4BF8
:103A00005E4A1D783B8802EB451284F800900192D3
:103A1000002B40F0A58098461D469B460198FFF775
:103A2000B7FE10F0800000F08B80BFF34F8F9AF844
:103A3000003084F800B00DB9D6F80080002B7BD19F
:103A40003368A3EB0803782B00F283804C4B1B7880
:103A5000002B71D0EDF728F93B88012584F8009000
:103A6000002BDBD044491A46C3F500600D7803995A
:103A700000EBC520DFF814B19142584417D20593EA
:103A8000DDE903210192FFF70DF8019A4FF0404163
:103A9000059B9B1A3B803B4BC3F88410BFF34F8FB1
:103AA000029800231044237007B0BDE8F08F0499FA
:103AB000FEF7F8FF00230BEBC5214FF400620198DD
:103AC000FFF728FE0BEBC521BFF34F8F01F120025A
:103AD00001F50063934294BF012340234FF0E0229D
:103AE00001EB4313C2F8701F20318B42FAD1BFF3B0
:103AF0004F8FBFF36F8F04200199FFF723FE1E4AFB
:103B000013780133DBB2042B28BF002313703B88EA
:103B1000039AD11A029A1A4403910292049A1A44FF
:103B200000230492174A3B80C2F88430BFF34F8FC2
:103B3000237000297FF463AF029807B0BDE8F08FCF
:103B40004FF400620C4B8AF800001D7813463A804F
:103B50008DE7012302988AF8003007B0BDE8F08FA6
:103B60001A46C3F5006082E70846E6E784F70420BA
:103B700066F7042048F7042083F704200070012032
:103B800086F7042000002E4082F7042000772720CB
:103B9000704700BF2D4B002180222D4870B51B7847
:103BA00000242C4E8B420CBF40234FF400732A4D4F
:103BB00033802B8001F0CCFF284A2146284B14701B
:103BC0004FF4807227481C8001F0C2FF264A102162
:103BD000264B0220C2E90044C2E90244244AC3E958
:103BE00000441470234AC3E90244234B1C7023464B
:103BF00014602246FFF758FD204B224631880320EF
:103C0000FFF720FD2346012229880420FFF74CFD01
:103C100020460134FFF7FEFD082CF9D1184B002196
:103C20004A221848184C0460C3F88410C3F8802056
:103C3000D3F84821154942F08072C3F8482121B1D8
:103C4000134A137843F00103137070BD87F7042003
:103C50000070012064F7042068F7042083F7042033
:103C600066F70420006F012004EF042014EF042005
:103C70007FF7042000EF042080F70420EDCB010043
:103C800000002E405CF70420A9CC010000000000D9
:103C900089F704202DE9F84F4FF400324FF0E0236C
:103CA000C3F88C212B4B1C78002950D082468B46C0
:103CB000E4B20027DFF8B490274B5046274AABEB1D
:103CC00007081B78A34204F1010437D0092C244BC8
:103CD000244928BF00241E5D39F8163031F81650EB
:103CE00003EB4621ED1A1144A8452A4617D21E4C73
:103CF00042465046FEF7D6FE236839F8161058465D
:103D0000A3EB0B0388443B4429F8168023604FF053
:103D1000E0234FF40032C3F80C21BDE8F88FFEF722
:103D2000C1FE114A2F4430461368AA445B1B13603E
:103D3000084A1470FFF76EFDBB45BDD84FF0E02375
:103D40004FF400323846C3F80C21BDE8F88F08461E
:103D5000DDE700BF80F704207FF7042000672720FD
:103D600024EF042004EF042000EF042014EF0420CB
:103D70000B4B0C4A12781978D3B28A420DD001331A
:103D800009480A4A092B0A4928BF0023C35C31F8B5
:103D9000131002EB4323585C70474FF0FF3070471D
:103DA0007FF7042080F7042024EF042000672720F9
:103DB00014EF0420054B186800B1704700B583B0BC
:103DC0000190ECF771FF019803B000BD00EF0420F3
:103DD0002DE9F84F144E154D33782A78934220D0B0
:103DE000DCB2DFF85090DFF850B0DFF85080104FB1
:103DF0000134082CA24601D90024A24619F8040077
:103E0000DBF8003038F8102037F81010521A9B1ADF
:103E1000CBF80030FFF7FEFC86F800A02B78A34219
:103E2000E6D1BDE8F88F00BF80F704207FF70420BB
:103E300014EF042024EF042000EF042004EF0420FA
:103E400000B583B001210DF10700FFF723FF18B182
:103E50009DF8070003B000BD4FF0FF30FAE700BF48
:103E6000084B00B583B01B788DF8070033B10121F2
:103E70000DF10700FFF7B2FD03B000BD03F0FF0036
:103E800003B000BD86F70420034B1B780BB1FFF78E
:103E9000A5BD03F0FF00704786F704202DE9F0412F
:103EA00000240D4E01230D4DA0460D4F33703B787D
:103EB0002846A34205D0FFF76BFC030658BF08F560
:103EC000006801342035042CF1D1BFF34F8F00235B
:103ED00040463370BDE8F08184F704200070012073
:103EE00083F70420204B1B7813B1204B1A8802B9AA
:103EF00070471F4BC2F500621E481F4930B51B7842
:103F000083B01E4C00EB431001EBC3210123054697
:103F100023700023CDE90012FFF7FCFBDDE900125E
:103F20000A44BFF34F8F4FF0E023C3F8701F2031D6
:103F30008A42FAD8BFF34F8FBFF36F8F0420294610
:103F4000FFF700FC0A49002208480B780280013381
:103F5000DBB2042B28BF13460B70BFF34F8F074B08
:103F60001A7003B030BD00BF86F7042066F7042046
:103F700083F70420007001200077272084F70420B5
:103F800010B500234FF470440F224FF4806EA0F858
:103F90008C411946A0F88E214FF46044A0F890316E
:103FA0000A46B0F8883148F2B82C43F0F003A0F884
:103FB000883101EB4103013100EB431304299C805C
:103FC000A3F806E05A841A865A805A81A3F80EC0D4
:103FD0005A82DA825A83DA83EBD1B0F8883143F01F
:103FE0000F03A0F88831B0F8883143F47063A0F86B
:103FF000883110BD374B384A996F384841F47F01FA
:1040000070B5996741F20106D3F8801045F6C055A6
:1040100043F226040A43C3F88020FFF7B1FF00F5FE
:104020008040FFF7ADFF00F58040FFF7A9FF00F5E6
:104030008040FFF7A5FF0022A0F503104FF00F0E00
:10404000114600EB42134FEA421C01329981042AC7
:104050005981A3F80EE09E82DD8020F80C101982B1
:104060009C81EED100221E484FF00F0E41F2010656
:10407000114645F6C05543F2260400EB42134FEAC1
:10408000421C01329981042A5981A3F80EE09E82D4
:10409000DD8020F80C1019829C81EED1002211489D
:1040A0000F2641F20105114645F6C05443F2260E93
:1040B00000EB42134FEA421C01329981042A5981D4
:1040C000DE819D82DC8020F80C101982A3F80CE0C0
:1040D000EED170BD00C00F40000003FC00C03D40A9
:1040E00000001E4000401E40074A506A936A19466D
:1040F0008446506A936A9942F9D18445F7D1DB0B23
:1041000043EA4040704700BF00400D4008B5D0E989
:1041100000325BB1BAB10F4BA3FB0213DB0803EB18
:104120004303B2EB83030AD1012008BD094BA3FB73
:104130000213DB0803EB4303B2EB830301D0D21A73
:104140004260F02AF0D802F0A5F81C2203460020B5
:104150001A6008BDABAAAAAA30B583B060B3044602
:1041600021B11D46B2FA82F35B09A2B9206818B3E7
:1041700062680AB3164B174902FB03F3B1EBB30FA6
:104180001AD3A368FBB9002323606360A360E360D4
:10419000012003B030BD0193069BC0E90012C3604B
:1041A000FFF7B4FF60B1002DF2D06268019920687A
:1041B000A56001F0CDFCEBE702F06CF8162303607C
:1041C000002003B030BD002101F0C2FCDBE700BFDE
:1041D000ABAAAAAA5555551500B52DED028BB0EE28
:1041E000408A83B000F020F8B4EE488AF1EE10FA6D
:1041F00006D6DFED0C7AB4EEE78AF1EE10FA03D4BE
:1042000003B0BDEC028B00BDCDED017A02F042F8A7
:10421000DDED017A87EEA70A2123036003B0BDEC30
:10422000028B00BD00000000B1EEC00A704700BF65
:1042300003460846194601F0B3B900BF81F00041BA
:1042400002E000BF83F0004330B54FEA41044FEA7B
:10425000430594EA050F08BF90EA020F1FBF54EA16
:10426000000C55EA020C7FEA645C7FEA655C00F0B2
:10427000E2804FEA5454D4EB5555B8BF6D420CDD83
:104280002C4480EA020281EA030382EA000083EA06
:10429000010180EA020281EA0303362D88BF30BDA6
:1042A00011F0004F4FEA01314FF4801C4CEA1131FC
:1042B00002D0404261EB410113F0004F4FEA03335B
:1042C0004CEA133302D0524263EB430394EA050FE6
:1042D00000F0A780A4F10104D5F1200E0DDB02FA55
:1042E0000EFC22FA05F2801841F1000103FA0EF2E9
:1042F000801843FA05F359410EE0A5F120050EF1AF
:10430000200E012A03FA0EFC28BF4CF0020C43FADF
:1043100005F3C01851EBE37101F0004507D54FF0EC
:10432000000EDCF1000C7EEB00006EEB0101B1F53C
:10433000801F1BD3B1F5001F0CD349085FEA300082
:104340004FEA3C0C04F101044FEA445212F5800F8D
:1043500080F09A80BCF1004F08BF5FEA500C50F12A
:10436000000041EB045141EA050130BD5FEA4C0C0D
:10437000404141EB0101013C28BFB1F5801FE9D26A
:1043800091F0000F04BF01460020B1FA81F308BF8D
:104390002033A3F10B03B3F120020CDA0C3208DD59
:1043A00002F1140CC2F10C0201FA0CF021FA02F134
:1043B0000CE002F11402D8BFC2F1200C01FA02F1A4
:1043C00020FA0CFCDCBF41EA0C019040E41AA2BFC9
:1043D00001EB0451294330BD6FEA04041F3C1CDA91
:1043E0000C340EDC04F11404C4F1200220FA04F0B1
:1043F00001FA02F340EA030021FA04F345EA03015B
:1044000030BDC4F10C04C4F1200220FA02F001FA1C
:1044100004F340EA0300294630BD21FA04F029469E
:1044200030BD94F0000F83F4801306BF81F4801137
:104430000134013D4EE77FEA645C18BF7FEA655CAA
:1044400029D094EA050F08BF90EA020F05D054EA7C
:10445000000C04BF1946104630BD91EA030F1EBF81
:104460000021002030BD5FEA545C05D14000494185
:1044700028BF41F0004130BD14F580043CBF01F578
:10448000801130BD01F0004545F0FE4141F470015E
:104490004FF0000030BD7FEA645C1ABF1946104639
:1044A0007FEA655C1CBF0B46024650EA013406BF3A
:1044B00052EA033591EA030F41F4002130BD00BFF9
:1044C00090F0000F04BF0021704730B54FF48064B6
:1044D00004F132044FF000054FF0000150E700BF37
:1044E00090F0000F04BF0021704730B54FF4806496
:1044F00004F1320410F0004548BF40424FF0000183
:104500003EE700BF42004FEAE2014FEA31014FEAC5
:1045100002701FBF12F07F4393F07F4F81F0605114
:10452000704732F07F4208BF704793F07F4F04BF5F
:1045300041F40021704730B54FF4607401F000453C
:1045400021F000411CE700BF50EA010208BF70479C
:1045500030B54FF000050AE050EA010208BF70478D
:1045600030B511F0004502D5404261EB41014FF4F6
:10457000806404F132045FEA915C3FF4D8AE4FF0FE
:1045800003025FEADC0C18BF03325FEADC0C18BFE1
:10459000033202EBDC02C2F1200300FA03FC20FA32
:1045A00002F001FA03FE40EA0E0021FA02F114447F
:1045B000BDE600BF53B94AB9002908BF00281CBF97
:1045C0004FF0FF314FF0FF3000F002BAADF1080CB0
:1045D0006DE904CE00F06CF8DDF804E0DDE90223BB
:1045E00004B0704707EE900AF5EEC07AF1EE10FACB
:1045F00001D400F01DB808B580F0004000F018F8B4
:10460000404261EB410108BD41EC170BB5EEC07BA8
:10461000F1EE10FA01D400F02BB808B581F000419A
:1046200000F026F8404261EB410108BD00000000A7
:104630009FED0B6B07EE100A9FED0B5BB7EEC77A91
:1046400027EE066BBCEEC66BB8EE464BA4EE457B80
:10465000FCEEC77B16EE101A17EE900A704700BFEB
:10466000000000000000F03D000000000000F041EC
:104670009FED0B7B41EC160B9FED0B5B26EE077B52
:10468000BCEEC77BB8EE474BA4EE456BFCEEC67B99
:1046900017EE101A17EE900A704700BFAFF30080B4
:1046A000000000000000F03D000000000000F041AC
:1046B0002DE9F04782B00646DDF828E00846B4460A
:1046C0000D46002B4ED18A4214466DD9B2FA82F2C1
:1046D00042B1C2F12003954026FA03F394401D43F2
:1046E00006FA02FC260CA7B2B5FBF6F14FEA1C4312
:1046F00006FB115543EA054301FB07F0984209D92F
:10470000E31801F1FF3580F00381984240F2008107
:10471000023923441B1A1FFA8CFCB3FBF6F006FB8C
:1047200010334CEA034C00FB07F363450AD914EB42
:104730000C0C00F1FF3580F0ED80634540F2EA801B
:10474000A444023840EA0140ACEB030C0021BEF166
:10475000000F04D02CFA02F30022CEE9003202B09E
:10476000BDE8F0878B4209D9BEF1000F01D0CEE938
:1047700000610021084602B0BDE8F087B3FA83F17A
:10478000174600294DD1834202D3B24200F20F8175
:10479000B6EB070C60EB030301201D46BEF1000FD2
:1047A000DDD0CEE900C5DAE7002A00F098801A468D
:1047B000B4FA84F3002B40F0AF800B1B270CA6B299
:1047C0000121B3FBF7F54FEA1C4007FB153340EA24
:1047D000034306FB05F8984507D9E31805F1FF30B8
:1047E00002D2984500F2E8800546A3EB08031FFAC1
:1047F0008CFCB3FBF7F007FB10334CEA034C06FBD1
:1048000000F3634508D914EB0C0C00F1FF3602D21B
:10481000634500F2CE803046ACEB030C40EA054025
:1048200095E7C1F120058B4022FA05FC4CEA030C08
:1048300000FA01F426FA05F3E84002FA01F943EA26
:1048400004084FEA1C4206FA01FAB0FBF2F71FFA1D
:104850008CF602FB17004FEA184444EA004407FBB9
:1048600006F0A0420AD91CEB040407F1FF3380F0E4
:104870009C80A04240F29980023F6444241A1FFAAF
:1048800088F3B4FBF2F002FB104443EA044300FB5C
:1048900006F69E4209D91CEB030300F1FF3480F0B9
:1048A00082809E427FD90238634440EA0740A0FBE1
:1048B00009749B1BA3423E46A04664D361D0BEF15F
:1048C000000F0AD0BAEB060263EB080303FA05F502
:1048D000CA401543CB40CEE9005300213FE773089F
:1048E00043EAC1734A08190C41EA02414FEAC67C07
:1048F0009BB2B2FBF4F02646A04627461F2243EAAD
:104900000143B1FBF4F1A3EB080341EA004158E78E
:104910002946FFE6284615E71A46C3F120019C40C8
:1049200026FA01F320FA01F190400343270C06FA1E
:1049300002FCB1FBF7F0A6B207FB1015190C41EA17
:10494000054100FB06F58D423BD9611801D28D422D
:1049500020D8491B0138B1FBF7F5019505FB06F896
:10496000019D9BB207FB151143EA0143434526D243
:10497000E31805F1FF31C6D24345C4D2A91E234432
:10498000C1E7BA459BD2B7EB090664EB0C040138CA
:10499000A04694E7651B29440238B1FBF7F5019561
:1049A00005FB06F8DCE720467FE71F4666E708467A
:1049B000F4E6A44402382FE7023D234415E70199A9
:1049C000A1E7491BB1FBF7F5019505FB06F8C7E721
:1049D000704700BF0A22002100F026BD0A220021F4
:1049E00000F022BD024B0146186801F075BF00BF00
:1049F000584600202DE9F04F01F10B02162A85B030
:104A0000804624D8102900F2AB8000F0C9FA0225B4
:104A100018211022B74C2144A1F108004E688642AB
:104A200000F062817268F168B46822F003023244D7
:104A3000E1608C60516841F001014046516000F036
:104A4000B5FA06F10804204605B0BDE8F08F32F053
:104A5000070200F18580914200F28280019200F00D
:104A60009FFA019AB2F5FC7FC0F0BA81570A7FD055
:104A7000042F00F27281970907F139052BB207F173
:104A8000380CDB009B4C2344A3F108065B689E4274
:104A900007D10DE00028DF6880F21381BE4207D005
:104AA0003B46596821F00301881A0F28F2DD65465C
:104AB000236991498B4200F0F1805E6826F003067D
:104AC000B11A0F2900F391818B480029C4E9040031
:104AD00080F27981B6F5007F676880F01981F1086E
:104AE00001310FFA81FC76090121B14054F83C00F4
:104AF00098600F4304EBCC010839D960676044F833
:104B00003C30C360AB1001269E40BE4236D83E42C8
:104B100006D125F0030576003E4205F10405FAD0E2
:104B200004EBC50A04EBC507A946F9680EE048681E
:104B300020F0030EAEEB020CBCF10F0F0B46C96860
:104B400000F31881BCF1000F80F22D818F42EED16D
:104B500009F1010919F0030F07F10807E5D17FE119
:104B60000C23C8F800300024204605B0BDE8F08FC3
:104B70004FF4007340254FF03F0C83E7A768796836
:104B800021F0030393429A4603D3991A0F2900F3A5
:104B900087805A495A4E0968103111440820CDE9DE
:104BA000011201F0ABFB01994B1E034445428346C1
:104BB00030681D40B0F1FF3F18BF294640460191C3
:104BC00001F040FB411C0546DDE9011200F02B819C
:104BD00007EB0A0C844500F224814A4B186800EB6D
:104BE00001090BF1FF3EC3F8009000F089813068A5
:104BF00001301BBFA5EB0C0C09EB0C0035601860F5
:104C000015F00700814600F04881C0F10800054416
:104C1000CDE901236B1803EA0E015844401A00EA5B
:104C20000E06314640469B4601F00CFB421CDDE976
:104C3000012300F09581401B304440F001011868C9
:104C4000A56000EB0609A7426960C3F8009017D081
:104C5000BAF10F0F40F25E81AAF10C0121F0070CAE
:104C6000796801F0010141EA0C017960052607EB42
:104C70000C01BCF10F0FC1E9016600F263816968A4
:104C8000214B1E684E4538BFC3F800901F4B1E686D
:104C90004E4501D2C3F800902F46C6E0676831E761
:104CA000BD1841F0010142F001027A604046A56062
:104CB000696000F07BF907F10804204605B0BDE803
:104CC000F08F9A6801931944D760BA604A6842F03D
:104CD000010240464A6000F069F9019B03F10804B3
:104CE000204605B0BDE8F08FCE68B1427FF49AAEA1
:104CF0000235DDE6A03D0020A83D002088C004204C
:104D00004446002058C0042080C0042084C00420F1
:104D1000B6F5206F4FEA56207CD3142800F2D380DA
:104D200000F15C0109B25B30C90004EB010C615871
:104D3000ACF1080C8C4503D1A8E089688C4504D0FF
:104D4000486820F00300B042F7D8D1F80CC0C3E99E
:104D5000021CCCF80830CB60D4E6142F72D9542F43
:104D600000F2BA80170B07F16F052BB207F16E0C3A
:104D7000DB0087E69D1842F001025A609E68864A71
:104D8000F1608E60C4E90455C5E902224CF00102CD
:104D90006A60404643F80EC0019300F007F9019B9A
:104DA00003F10804E0E69E441C46DEF8043043F0BC
:104DB0000103CEF8043054F8083F4046D9608B60B8
:104DC00000F0F4F8D0E61E4440467268019342F0C9
:104DD0000102726000F0EAF8019B03F10804C3E6E7
:104DE000D508691C09B2C90014E69D1842F00102F9
:104DF0005A60694A0193C4E90455C5E9022241F0A9
:104E000001026A604046995100F0D0F8019B03F11D
:104E10000804A9E6B00900F1390109B23830C90027
:104E200083E7A74263D0A768796821F00300904226
:104E3000A0EB020102D30F293FF732AF404600F04A
:104E4000B5F890E607F15C052BB207F15B0CDB00CF
:104E500018E6514651F808398B428A4640F09A804C
:104E600015F0030F05F1FF35F3D1636823EA06035C
:104E7000636076009E423FF681AE1EB97EE6760004
:104E800009F104091E42FAD04D4649E68010012678
:104E900006FA00F00743676059E7CDE902236B1873
:104EA00003EA0E01ABEB010606EA0E063146404668
:104EB000019301F0C7F9431C019B04BF4E461846FD
:104EC000DDE90223B7E6542827D8300B00F16F0143
:104ED00009B26E30C90028E7B7F5AA7F27D8D70BEB
:104EE00007F178052BB207F1770CDB00CAE52B4BF5
:104EF000186800EB01090BF1FF3EC3F8009076E65D
:104F000015EA0E0F7FF473AEA568514441F001011C
:104F10006960B5E601236B6090E7B0F5AA7F25D8FC
:104F2000F00B00F1780109B27730C900FDE640F2DC
:104F300054539F4224D8930C03F17D0503F17C0C5C
:104F4000EB009FE507F108014046CDE9012301F0A0
:104F5000C3FCA568029B6968D3F80090019A8FE6AC
:104F6000A9F108010BEB0100002664E640F2545160
:104F700088420BD8B00C00F17D01C9007C30D4E62A
:104F80004FF47E737F254FF07E0C7BE54FF47E71EE
:104F90007E20CAE663686CE7A83D002058C0042064
:104FA000014801F0A7B900BF50C00420014801F03A
:104FB000A3B900BF50C00420002900F09F802DE954
:104FC000F04383B00C4600928046FFF7E9FF00995A
:104FD00001F10B03162B60D81023994260D854F8C6
:104FE00004EC2EF003029A42A4F1080565DAB348F6
:104FF000806805EB020C6045DCF8046000F09080EE
:1050000026F0010060444068C0076CD426F0030617
:10501000901983424CDD1EF0010F0FD154F8080C9B
:10502000281A0746406820F0030006441644B3429D
:1050300040F3EF801618B34240F3C9804046CDE9F3
:105040000023FFF7D7FCDDE900230646002800F027
:10505000178154F8041C21F001012944A0F1080C27
:10506000614500F0AE80043A242A00F2CE80132A73
:1050700000F29C800346224611681960516859600D
:1050800092689A602146404601F026FC4046FFF7B0
:105090008DFF304603B0BDE8F08333F007039CD5A5
:1050A0000C23C8F800300026304603B0BDE8F0837A
:1050B0000246DCE90201C16088606968D01A0F28E5
:1050C00001F0010105EB02061BD81143696073680A
:1050D00043F0010373604046FFF768FF2646304601
:1050E00003B0BDE8F0831EF0010FA7D154F8080CFF
:1050F000281A0746406820F003009BE71146FFF797
:1051000079BC19436960E91840F001004860736890
:1051100043F0010308317360404601F0DDFBDAE73C
:1051200026F00306B01803F1100C604580F28B8066
:105130001EF0010F82D154F8080C281A0746406867
:1051400020F0030006441644B445B1463FF772AF61
:105150003E46F96856F8080F043A242AC160886070
:1051600000F2A580132A40F2A0802168B96061682E
:10517000F9601B2A00F2A480083407F110022168AC
:10518000116061685160A1689160F918A9EB030290
:105190004A4D42F00102A9604A607A6802F00102B9
:1051A000134340467B60FFF701FF98E723680360E5
:1051B000636843601B2A3BD804F1080200F108032E
:1051C0005AE750F8041C21F003010A4475E7043A39
:1051D0003D46F96855F8080F242AC160886020D838
:1051E000132A1CD92168B9606168F9601B2A3DD86F
:1051F000083407F110022168116061685160A168EC
:1052000091602C4632463D4657E7214600F00EFCA1
:1052100038E7DCE90201043AC1608860D8E72A4631
:10522000E9E721462846009300F000FC009BE8E7F0
:10523000A3688360E368C360242A25D004F11002C8
:1052400000F1100318E71D4A1D449560C21A42F090
:1052500001026A6054F8042C02F001021343404634
:1052600044F8043CFFF7A2FE264638E7A1683961FE
:10527000E1687961242A10D0103407F11802BAE7E6
:105280004046FFF793FE0EE72369036161694161C0
:1052900004F1180200F11803EEE62269BA616269AE
:1052A000FA61183407F12002A5E7324667E7214684
:1052B0003046009300F0BAFB009B66E7A03D00205B
:1052C000A1683961E1687961242A03D0103407F1BB
:1052D000180254E72269BA616269FA61183407F169
:1052E00020024CE7242B2DE9F84F42D8012B8846A9
:1052F00019463ED091464B4A82461E46C6467046E7
:105300001EF8017BD35D13F00803F8D12D2F70D068
:105310002B2F05BF9EF800709B469B4600F1020EA6
:105320006FF0004361BB302F4DD00A26314600227A
:10533000B3FBF6F4104606FB143505E03CD006FB43
:1053400000C001221EF8017BA7F1300CBCF1090F4F
:1053500006D9A7F1410CBCF1190F17D8A7F1370CEA
:1053600061451CDD571CEDD08442E7D24FF0FF327F
:10537000E8E700F08FFF162303600020BDE8F88FF8
:105380001029D4D1302F27D00E46D0E7A7F1610CD9
:10539000BCF1190F03D8A7F1570C6145E2DC511C91
:1053A00030D0BBF1000F0CD1B9F1000FE6D0AABB91
:1053B000C9F80080BDE8F88F6545C0DA4FF0FF32CC
:1053C000C0E74042F0E79EF8002002F0DF02582AD2
:1053D00008D008263146AAE79EF8002002F0DF0236
:1053E000582AD1D110269EF8017031460EF1020ED6
:1053F0009DE79EF800704FF0004300F1020E4FF061
:10540000010B8FE72222CAF80020B9F1000F07D064
:105410000EF1FF381846C9F80080CBE70346F7E7DE
:105420001846ABE74138002000B5DFF818E08446A5
:105430001346DEF800005DF804EB0A466146FFF70C
:1054400051BF00BF584600202DE9F0471D464A4B8A
:1054500016460C4682460A46114612F801EB13F82E
:105460000EC01CF0080CF7D1BEF12D0F5AD0BEF1C2
:105470002B0F03BF92F800E063468A1C634645B9D0
:10548000BEF1300F5CD00A253C4F4FF00509A8460D
:105490000AE0102D4BD04FF0FF37B7FBF5F705FBB7
:1054A00007F96FEA0909A8460021084605E02CD053
:1054B00008FB00C0012112F801EBAEF1300CBCF189
:1054C000090F06D9AEF1410CBCF1190F0BD8AEF1A2
:1054D000370C654510DDB1F1FF3FECD0B842E6D99D
:1054E0004FF0FF31E7E7AEF1610CBCF1190F03D8C3
:1054F000AEF1570C6545EEDC4D1C0BD003B14042BC
:105500000EB169B93460BDE8F087CC45D0DD4FF00D
:10551000FF31D0E72223CAF800300846002EF2D02F
:10552000541EEFE792F800E001238A1CA7E7BEF1C2
:10553000300F11D04FF00F096FF07047A846B3E756
:10554000117801F0DF0158290BD008254FF0070929
:105550006FF06047A846A7E7117801F0DF015829EE
:10556000E8D14FF0100892F801E04FF00F09023235
:105570006FF07047454697E741380020999999198F
:1055800000B5DFF818E084461346DEF800005DF849
:1055900004EB0A466146FFF757BF00BF584600209C
:1055A00013460A460146022001F0FEB8024A0349AA
:1055B000034800F0C9B800BF4C4600202D27020068
:1055C000A84100200C4B4168994210B5044601D017
:1055D00003F0F4FEA168094B994202D0204603F083
:1055E000EDFEE168064B994204D02046BDE810402C
:1055F00003F0E4BE10BD00BF8CC00420F4C0042042
:105600005CC104202DE9F843314A324C3249DFF8BD
:10561000DC90DFF8DC80314F11600025042329463F
:10562000082204F15C00C4E903352D4EA560C4E9ED
:105630000055C4E90555656600F08AFA04F1580082
:10564000C4E90749C4E90987E66200F04FFE29462C
:10565000244B6367082204F1C400C4E91A55C4E965
:105660001E552567C4F8CC50C4F8805000F070FA7D
:1056700004F1680304F1C000C4F88430C4E922983E
:10568000C4E9247600F032FE174BC4F8DC3029461A
:1056900004F596700822C4E93455C4E93855C4F8B5
:1056A000D850C4F83451C4F8E85000F051FA04F16D
:1056B000D003C4E93D87C4F8F09004F59470C4F8B1
:1056C000FC60C4F8EC30BDE8F84300F00FBE00BF4A
:1056D000C4C104208CC004201DE90100C1EB0100FD
:1056E000E5EB010009000100120002005DEB010082
:1056F00081EB010010B504460A4800F0FBFD636B26
:1057000023B9094B094A1B68626323B1BDE8104005
:10571000044800F0F1BDFFF775FFBDE810400148F7
:1057200000F0EABD54C00420C4C1042035E90100E2
:10573000014800F0DFBD00BF54C00420014800F064
:10574000DBBD00BF54C004202DE9F843074688465E
:1057500016464FF000097568013D11D4B468A3895D
:10576000012B08D9B4F90E3001332146384602D056
:10577000C04749EA0009013D6B1C04F16804EED101
:105780003668002EE7D14846BDE8F8830CB430B542
:10579000144B0D1E1C689DB01FDB14BF012200229C
:1057A000AA1A114B0593002121AB1B910290069080
:1057B0000492079202A9209A0193204601F0B0FDBD
:1057C000431CBCBF8B23236015B1029B00221A70BF
:1057D0001DB0BDE8304002B070478B2323604FF00E
:1057E000FF30F5E7584600200802FFFF10B50C46D1
:1057F000B1F90E1000F010FD002803DB236D034407
:10580000236510BDA38923F48053A38110BD00BF7D
:105810002DE9F0411F46B1F90C301646DA050C4669
:1058200005460BD423F48053A381B4F90E103B46F4
:1058300032462846BDE8F04100F016BD0223B1F91A
:105840000E10002200F0D2FCB4F90C30EAE700BFE1
:1058500010B50C46B1F90E1000F0C8FCB4F90C30CC
:10586000421C0EBF23F4805343F480532065A38170
:1058700010BD00BFB1F90E1000F0A6BC70B5ADF5BB
:10588000067D0E46009313464FF40072059206A95A
:1058900005AA054600F052F898B10246059B039010
:1058A0003146284600F0E0FC039A059006AB9A4288
:1058B00004D02846114601F00FF805980DF5067D35
:1058C00070BD4FF0FF30F9E700B5DFF818E084460F
:1058D0001346DEF800005DF804EB0A466146FFF768
:1058E000CDBF00BF5846002030B5124C0D1E2468B5
:1058F0009BB019DB0090049014BF01200020281AEF
:105900000D490290059000200391199069462046A8
:1059100001F006FD431CBCBF8B23236015B1009B27
:1059200000221A701BB030BD8B2323604FF0FF3074
:10593000F8E700BF584600200802FFFF10B59AB0F4
:1059400021B1D2F800C0BCF1000F1CD100214FF4EE
:10595000227CADF80CC01991009104914FF6FF7CA8
:1059600002910591144669461A461C9BADF80EC07B
:1059700001F0D6FC002814DB009B206000221A7086
:1059800004981AB010BD0091049161464FF4C16CA7
:10599000ADF80CC04FF0000CCDF864C0DEDA8B23FC
:1059A000036000201AB010BD032A11D8002A3BD092
:1059B000013A431E0139024401E09A4234D013F8FF
:1059C000010F11F801CF6045F7D0A0EB0C00704734
:1059D00010B541EA0004A40784460B460FD0013AF3
:1059E000431E0139024401E09A421BD013F8010F13
:1059F00011F801CF6045F7D0A0EB0C0010BDDCF82A
:105A00000040D3F800E074451946604603F10403F2
:105A10000CF1040CE3D1043A032AF0D8604619468D
:105A2000002ADCD1002010BD00207047884270B5EC
:105A300031D98B1883422ED9032A00EB02011DD9DC
:105A400041EA030C1CF0030F1D4618D14FEA920CDB
:105A50000CF1FF36A1EB8C048C4653F804ED4CF8A6
:105A600004EDA445F9D1C6EB867301EB830105EB88
:105A7000830CACF10403043902F0030252B102F1C9
:105A8000FF3C6FEA0C0C9C4413F8012D01F8012D2A
:105A90006345F9D170BD032A50D941EA00039B0741
:105AA0004ED10F2A51D922F00F0301F1100601F156
:105AB000100C103B203100F1100E19445CF8104C12
:105AC0004EF8104C5CF80C4C4EF80C4C5CF8084C42
:105AD0004EF8084C5CF8044C4EF8044C0CF1100CD9
:105AE0008C450EF1100EE9D1F11812F00C0F0344A1
:105AF00002F00F0503F1100325D025F0030CACF1E3
:105B0000040426461A1F1C198C465CF804EB42F864
:105B100004EFA242F9D1043104333144334405F097
:105B20000302002AB6D0013A0132013B0A4411F8BF
:105B300001CB03F801CF9142F9D170BD0346F0E7E4
:105B4000013A0346F0E72A46EBE703461546D4E759
:105B500030B584078646034606D0A2B303F8011B7E
:105B6000980702F1FF32F8D1032A26D95FFA81FCA7
:105B70000CEB0C2C0F2A0CEB0C402AD922F00F0C4A
:105B80009C44C3E90000C3E9020010336345F8D127
:105B900012F00C0F02F00F0417D04FEA940C0CF126
:105BA000FF351A4603EB8C0C42F8040B6245FBD11F
:105BB000043304F0030203EB850322B11A4403F813
:105BC000011B9A42FBD1704630BD2246002AF5D116
:105BD000F9E71446E1E700BF11F0FF01034600F0CA
:105BE00003023AD092BB026801EB012303EB0343AB
:105BF00083EA020C10B51C46A2F1013323EA02032A
:105C0000ACF1013222EA0C02134313F0803F0FD1B2
:105C100050F804CF8CEA040EACF10133AEF101323E
:105C200023EA0C0322EA0E02134313F0803FEFD065
:105C3000037823B936E010F8013F002B32D09942A7
:105C4000F9D110BD8A4228D09A0729D01A7818466F
:105C50000133002AF6D110467047CAB90268A2F192
:105C6000013323EA020313F0803F08D150F8042FD8
:105C7000A2F1013323EA020313F0803FF6D0037848
:105C80005BB110F8013F002BFBD17047990705D09D
:105C90001A7818460133002AF8D170471846DDE714
:105CA0001846A0E7184610BD8AB340EA01039B07D7
:105CB00030B504468E4618D1032A07D815E0043AB9
:105CC00023D01CF0803F20D1032A26D92368DEF898
:105CD0000050A3F10131AB4221EA030C204671468A
:105CE00004F104040EF1040EE9D003780C78A34209
:105CF0000FD1013A024406E06BB110F8013F11F8F0
:105D0000014FA34205D19042F6D1002030BD10468C
:105D10007047181B30BD184630BD20467146E4E779
:105D200010B504460843830701D1032A19D8A446B5
:105D300001F1FF3E07E01EF8011F03F8011B501E92
:105D400031B19C4602466346002AF4D1204610BD7C
:105D500094440028FAD003F8011B6345FBD1204688
:105D600010BD0B46A44618681946A0F1013323EA7A
:105D7000000313F0803F01F10403D9D1043A032A50
:105D80004CF8040BEFD81946D2E700BF01292DE9E2
:105D9000F04115465BD94FF00108C64600224FF08E
:105DA000FF34434608E0A3EB04081A464FF0010E07
:105DB00002EB0E03994210D900EB040CC75C1CF8EF
:105DC0000E60B742EFD332D04FF001081446C646FA
:105DD000424402EB0E039942EED80127C5F8008039
:105DE000BE4600224FF0FF363B4607E09F1B1A4697
:105DF0004FF0010E02EB0E03994210D900EB060C96
:105E000010F803801CF80EC0E045EFD817D001272A
:105E10001646BE463A4402EB0E039942EED80136CE
:105E2000601C864201D32F603046BDE8F081C64534
:105E30000ABF72440EF1010E4FF0010EB8E7BE45E5
:105E40000ABF72440EF1010E4FF0010ED2E7012796
:105E50000026E8E72DE9F04F9346ADF21C4D0746CA
:105E6000894605AA194658461C46FFF78FFF05AB21
:105E700082460DF2144143F8044F8B42FBD16CB1C2
:105E8000601E58440BF1FF3212F8011FA31A013BA8
:105E900006AE5B44824246F82130F5D1059B029361
:105EA00052460BEB03015846FFF77EFD002878D1E0
:105EB00044F4006380460546A9EB04010393661E83
:105EC000A94213D307EB050E06AA1EF8063052F8B6
:105ED0002330D3B1B8F1000F03D0029A9A4288BFA1
:105EE000A31A1D44A9424FF00008EBD2039907EB17
:105EF000090003F097FB8144A9EB0401A942E1D218
:105F000000200DF21C4DBDE8F08FD045434638BF50
:105F10005346B3421BD20BF1FF3018440EEB030281
:105F2000019502E00133B34210D0157810F801CF8B
:105F3000AC4502F10102F5D09E42019D07D9CAF19C
:105F400001022A44D5184FF00008B9E7019DD04559
:105F500080F0888007EB0A022A440AF1FF330BEB3A
:105F60000A00019502E0984511D0013B10F801CDDF
:105F700012F8015DAC45F6D0019D013308F101082E
:105F8000984509D8029B1D44A4EB030898E708F143
:105F900001089845019DF5D970460DF21C4DBDE8EC
:105FA000F08FA4EB0A03534538BF534601330293E5
:105FB000661E44F400630025A9EB0401019307EB7E
:105FC0000608A94208D318F8052006AB53F822307A
:105FD0009BB11D44A942F6D2019907EB090003F0D9
:105FE00021FB8144A9EB0401A94289D318F80520BB
:105FF00006AB53F82230002BEBD1564519D90BF1E3
:10600000FF3007EB0A0350442B44524602E00132B2
:1060100096420ED093F800C010F801EFE64503F168
:106020000103F4D0964204D9CAF101032B449D1810
:10603000C7E7BAF1000F10D007EB0A0028440BEBBA
:106040000A0201E05A4508D010F801CD12F801ED1E
:10605000E645F7D0029B1D44BCE778190DF21C4DB4
:10606000BDE8F08F534689E72DE9F0410D7890B0F7
:106070000446002D48D04A78002A68D08B78002B3F
:1060800046D0C878002877D00B79002B65D0084619
:106090000E4600F01DFB054640F40071204603F05B
:1060A000C1FA854242D8FE2D7FD8401B27184022D6
:1060B000691C6846FFF74CFD5DB1721EA81812F806
:1060C000013F03F03F036B44B11A29449042197019
:1060D000F5D1013C635D03F03F036B441B781C4426
:1060E000A74203D227E04444A74224D314F805C0B2
:1060F0000CF03F0CEC442A46314620469CF80080C8
:10610000FFF752FC0028EED1204610B0BDE8F08128
:10611000007842EA054238B140EA03439A4214F853
:10612000010FF8D1023CEFE79A42FBD00024204651
:1061300010B0BDE8F0817B5D7819002BF6D04FF4EC
:10614000006103F06FFA0744A742C2D2EEE7294686
:1061500010B0BDE8F041FFF73FBD2278002AE5D03E
:10616000096809BA42EA0323204614F8012FB2B1A4
:106170009942F7D1C41EC7E7120442EA05622178AA
:1061800042EA0323024641EA020059B1B3EB002F71
:1061900014F8011F4FEA0022F5D1033CB4E79942FD
:1061A000C4D1E7E79342C1D1F7E701462B46324617
:1061B000204610B0BDE8F041FFF74CBE014B93F80C
:1061C00010027047F043002038B5074C0023054605
:1061D00008462360FCF714FE431C00D038BD23683A
:1061E000002BFBD02B6038BDD8DF042038B58C469F
:1061F000084C114605461A46604600232360FCF70A
:106200000BFE431C00D038BD2368002BFBD02B6055
:1062100038BD00BFD8DF042038B58C46084C114685
:1062200005461A46604600232360FCF7E7FD431C41
:1062300000D038BD2368002BFBD02B6038BD00BFD9
:10624000D8DF042038B5074C0023054608462360F4
:10625000FCF7BCFD431C00D038BD2368002BFBD0ED
:106260002B6038BDD8DF042038B58C46084C114669
:1062700005461A46604600232360FCF783F9431C59
:1062800000D038BD2368002BFBD02B6038BD00BF89
:10629000D8DF0420014B1868704700BF5846002023
:1062A00070B50E4E0E4DAE4208D0761BB6100024CF
:1062B00055F8043B01349847A642F9D8094E0A4DD7
:1062C00005F042FFAE4208D0761BB610002455F808
:1062D000043B01349847A642F9D870BDF0510060E4
:1062E000F0510060F8510060F0510060704700BF4D
:1062F000704700BF704700BF704700BF082802D139
:106300004FF48050704708B5FFF7C4FF16230360B1
:106310004FF0FF3008BD00BF00000000000000008B
:10632000000000000000000000000000000000006D
:1063300002780B78012A28BF9A4240F0D8806DE994
:10634000044540EA0104CDE902676FF0000C4FEA12
:1063500044721AB380EA010414F0070F6BD100F005
:10636000070420F0070004F0030521F007014FEABD
:10637000C505F0E8042314F0040FF1E804670CFAF3
:1063800005F462EA040266EA04060BD063EA040339
:10639000624667EA0407664604E000BFF0E80423AB
:1063A000F1E8046782FA4CF582EA0604A4FA8CF458
:1063B0006CBB83FA4CF583EA0705A5FA8CF595B911
:1063C00050E9022351E9026782FA4CF582EA060499
:1063D000A4FA8CF483FA4CF583EA0705A5FA8CF548
:1063E0002543DBD09CB92DBAB5FA85F424F0070417
:1063F00027FA04F1DDE9026723FA04F303F0FF0052
:1064000001F0FF01FDE80445A0EB0100704724BA4C
:10641000B4FA84F424F0070426FA04F1DDE90267F3
:1064200022FA04F202F0FF0001F0FF01FDE804454A
:10643000A0EB0100704714F0030F3CD110F00304EF
:1064400028D150F8082B51F8083B82FA4CF582EA23
:106450000305A5FA8CF55DB950F8042C51F8043CFD
:1064600082FA4CF582EA0305A5FA8CF5002DE8D0F6
:106470002DBAB5FA85F424F0070423FA04F122FAC0
:1064800004F202F0FF0001F0FF01FDE80445A0EB7B
:10649000010070474FEAC40420F0030050F8082BB5
:1064A00021F0030151F8083B0CFA04F462EA0402FB
:1064B00063EA0403C9E710F003041DD0A1EB040153
:1064C00020F00300E40750F8042B06D012D28B789A
:1064D0005FFAA2F4E41A06D12BB1CB785FFAB2F4DA
:1064E000E41A00D133B920465DF8104B7047A2EB97
:1064F0000300704701F1040150F8042BCC0721F090
:10650000030151F8043B48D824D222F07F4482FA98
:106510004CF594EA1325A5FA8CF50AD165B951F822
:10652000043B84EA0204B4EB036F0ED150F8042B51
:10653000EBE74FEA132355E035F07F454DD108785E
:10654000FDE80445C0F1000070474FEA126203F015
:10655000FF0347E002EA1C4482FA4CF594EA134533
:10656000A5FA8CF50AD165B951F8043B84EA020416
:10657000B4EB034F0CD150F8042BEBE74FEA134375
:1065800030E015EA1C4528D10B884FEA124229E079
:106590004FEA124203EA1C4324E002F0FF0482FAAD
:1065A0004CF594EA1365A5FA8CF50AD165B951F852
:1065B000043B84EA0204B4EB032F09D150F8042B06
:1065C000EBE74FEA13630DE015F0FF0F05D10B6801
:1065D0004FEA122223F07F4304E04FF00000FDE871
:1065E0000445704712BA1BBA82FA4CF482EA0304DB
:1065F000A4FA8CF5B5FA85F402FA04F203FA04F36E
:106600004FEA1260FDE80445A0EB1360704700BF3D
:1066100001F0FF01102A2BDB10F0070F08D010F853
:10662000013B013A8B422DD010F0070F42B3F6D157
:10663000F0B441EA012141EA014122F007047FF070
:1066400000070023F0E80256083C85EA010586EAC7
:10665000010685FA47F5A3FA87F586FA47F6A5FA03
:1066600087F68EB9EED1F0BC01F0FF0102F007020F
:1066700032B110F8013B013A83EA010313B1F8D1BA
:106680000020704701387047002D06BF354603389B
:10669000073815F0010F07D1013015F4807F02BFD4
:1066A000013015F4C03F0130F0BC0138704700BF25
:1066B00000000000000000000000000000000000DA
:1066C00000000000000000000000000000000000CA
:1066D00030B490F800F020F007016FF0000C10F0DB
:1066E000070491F820F040F048804FF000046FF06C
:1066F0000700D1E9002391F840F000F1080082FA88
:106700004CF2A4FA8CF283FA4CF3A2FA8CF34BBB52
:10671000D1E9022382FA4CF200F10800A4FA8CF2CB
:1067200083FA4CF3A2FA8CF3E3B9D1E9042382FA99
:106730004CF200F10800A4FA8CF283FA4CF3A2FAAE
:106740008CF37BB9D1E9062301F1200182FA4CF2E6
:1067500000F10800A4FA8CF283FA4CF3A2FA8CF34D
:10676000002BC6D0002A04BF04301A4612BAB2FA6F
:1067700082F200EBD20030BC7047D1E9002304F074
:106780000305C4F100004FEAC50514F0040F91F8A9
:1067900040F00CFA05F562EA05021CBF63EA050346
:1067A00062464FF00004AAE7F0B51D4C83B00546E1
:1067B0002068019116461F46FFF79CFD194A019972
:1067C000136823B35A6820681F2A23DC4DB9541C70
:1067D00002325C6043F82210FFF78EFD002003B008
:1067E000F0BD03EB820E0124CEF88860D3F88861F7
:1067F000944046EA040C022DC3F888C1CEF8087113
:10680000E5D1D3F88C512543C3F88C51DFE7064B13
:106810001360D7E7FFF770FD4FF0FF30DFE700BFF1
:10682000E4430020B8BE0420BCBE0420F8B50646F0
:1068300008200C46FFF762FD07463046FEF7B0FB26
:10684000224A93685D6825F00305A5F111031C1B1E
:106850003C44B4FBF7F4013C07FB04F4A74208DC1A
:1068600000213046FFF7EEFC184A93682B4498420B
:1068700004D03046FEF79AFB0020F8BD6142304656
:10688000FFF7E0FC0130114A0DD0114993682D1B30
:1068900045F001055D600B6830461B1B0B60FEF781
:1068A00085FB0120F8BD00213046FFF7CBFC074AED
:1068B0009268831A0F2BDCDD43F001035360054B14
:1068C00003491B68C01A0860D3E700BFA03D002041
:1068D00058C0042044460020002965D02DE9F0412D
:1068E0000C460746FEF75CFB54F804EC7D49A4F126
:1068F000080C2EF001030CEB03028D6850689542E2
:1069000020F003000EF0010600F08B801518506097
:106910006D6805F00105A846AEBB54F8084CACEB19
:10692000040C2344DCF8084001F1080E74456BD0D8
:10693000DCF80C50E560AC60B8F1000F00F08C8022
:1069400043F00100CCF804001360B3F5007F35D2AA
:10695000DA0848685C090132012312B2A3400343FC
:106960004B6051F83200CCF8080001EBC203083B41
:10697000CCF80C3041F832C0C0F80CC03846BDE845
:10698000F041FEF713BB85B9034401F1080E90688E
:10699000704543F001047AD0D268C2609060CCF8B0
:1069A00004404CF80330D0E770474EF00102B3F5D5
:1069B000007F44F8042C4CF80330C9D3B3F5206FA2
:1069C0004FEA53204AD2980900F1390212B200F17D
:1069D0003804D20088188A580838904203D15FE002
:1069E0009268904204D0516821F003019942F7D88F
:1069F000D068CCE90220C0F808C03846C2F80CC004
:106A0000BDE8F041FEF7D2BAA5BB1844D2E9022393
:106A1000D3609A6040F00103CCF804304CF80000D9
:106A2000ACE7184446B954F8083CACEB030C1844E6
:106A3000DCE90223D3609A6040F00103CCF8043013
:106A4000294BC1F808C01B68834297D8274B3846AA
:106A50001968FFF7EBFE91E7034498E714280FD974
:106A6000542824D8180B00F16F0212B200F16E0402
:106A7000D200AFE743F00101CCF8041013607DE7CA
:106A800000F15C0212B200F15B04D200A2E7C1E99E
:106A900004CCCCE902EECCF804404CF803306DE7AE
:106AA000A4100123A3404C6823434B60A1E7B0F539
:106AB000AA7F07D8D80B00F1780212B200F1770450
:106AC000D20087E740F25452904206D8980C00F169
:106AD0007D0200F17C04D2007CE74FF47E727E24BC
:106AE00078E700BFA03D00204846002088C0042071
:106AF00082B049B15AB16BB113780B601278101E95
:106B000018BF012002B0704701A9002AF3D1104636
:106B100002B070476FF00100F4E700BF30B5436C7E
:106B200083B005460C4653B153F8240088B102687F
:106B300043F824200023C0E9033303B030BD2122F1
:106B4000042102F0E9FD034668640028ECD100202E
:106B5000F3E7012101FA04F35A1D9200284601933C
:106B600002F0DAFD0028F2D0019B44608360E1E787
:106B700031B1436C4A6853F82200086043F8221090
:106B8000704700BF2DE9F0410E6917460D461C46BF
:106B900001F114024FF0000E11688BB207FB0343A2
:106BA0004FEA134C090C07FB01CC0EF1010E9BB20E
:106BB00003EB0C43764542F8043B4FEA1C44EBDC04
:106BC0003CB1AB68B34207DD05EB860301365C617F
:106BD0002E612846BDE8F081696801318046FFF7E3
:106BE0009DFF0746B0B12A69023205F10C019200FF
:106BF0000C30FBF757FFD8F844306A6853F822107E
:106C0000296043F822503D4605EB860301365C615E
:106C10002E61DEE7024B03483A46BA2102F05CFDE2
:106C2000183500202C350020B0F5803F034636BFD4
:106C3000030400201020B3F1807F3CBF1B0208300A
:106C4000B3F1805F06D3B3F1804F0FD29A0012D414
:106C5000033070471A01B2F1804F00F1040006D2F0
:106C60009B0108D45B00F3D4202070471A46002A09
:106C7000FBDB013070470230704700BF03685907E3
:106C800008D0DA071FD499072AD55B0803600122D0
:106C9000104670479AB282B91B0CDAB2B2B1102218
:106CA000190701D104321B09990714D0D90701D45F
:106CB00001325B08036010467047DAB24AB11A0726
:106CC00017D10422EFE700221046704718221B0A52
:106CD000E6E70822FBE7590707D502329B08E9E7F8
:106CE0009B080222036010467047DB0804D1202273
:106CF000CEE7DB080322DDE70332DBE738B5436C80
:106D000004460D464BB15868B0B102685A60002283
:106D10000123C0E90323456138BD2122042102F08B
:106D2000FBFC034660640028EDD1094B09480022B2
:106D300040F2451102F0D0FC1C220121204602F055
:106D4000EBFC0028F1D001220223C0E90123DEE799
:106D5000183500202C3500202DE9F04F0F691569FA
:106D6000AF4285B00E46904605DB2A4643463D4677
:106D7000884617461E46D8F80830D8F80410EC1993
:106D8000A342B8BF0131FFF7C9FE8446002800F0D6
:106D90009C80143000EB840E704505D20346002120
:106DA00043F8041B9E45FBD8143606EB8702964237
:106DB0007CD208F1140707EB8505A5EB080308F161
:106DC0001508A845A3F11503CDE902E44FEA930A9B
:106DD0008CBF002401249146E34605E0090C34D120
:106DE000B14500F104005ED956F8041B8AB2002AAE
:106DF000F4D0CDE90090B8468646002358F8041B2D
:106E0000DEF800001FFA81F94FEA114C81B202FB53
:106E10000911000C194402FB0C0000EB114089B26F
:106E200041EA004145454EF8041B4FEA1043E5D8BE
:106E3000DDE90090002C4FEA8A0208BF00220244DC
:106E4000536056F8041C090CCAD00368CDF80090B2
:106E50008846BC46864600221946BCF8009008FBCE
:106E6000092909EB11499BB243EA09434EF8043B57
:106E70005CF8043BDEF800101B0C8AB208FB03230D
:106E800003EB194365454FEA1342E6D8002C4FEA5D
:106E90008A02DDF8009008BF00220244B145536029
:106EA00000F10400A0D8DDE902E4DC46002C02DC9D
:106EB00005E0013C03D05EF8043D002BF9D06046AC
:106EC000CCF8104005B0BDE8F08F034B0348624694
:106ED0004FF4B17102F000FC183500202C35002071
:106EE000F8B512F00303144607462FD10E46A4103E
:106EF0002AD03D6C002D32D004F0010364103BB960
:106F00002868B8B1054604F001036410002BF7D0DF
:106F10002A4631463846FFF71FFF36B17B6C716851
:106F200053F82120326043F8216074B10646286886
:106F30000028E7D12A4629463846FFF70DFF0023EF
:106F4000286003600546DEE73046F8BD013B0F4A86
:106F500052F823200023FFF715FE0646C7E701215C
:106F60003846FFF7DBFD054640B1012340F27122B0
:106F7000C0E90432002338640360BDE7044B0548D0
:106F80002A4640F2451102F0A7FB00BFF03C00206A
:106F9000183500202C3500202DE9F0470D4691468C
:106FA0002E69AB68496806EB6216741C9C42074662
:106FB0004FEA621804DD5B009C4201F10101FADC3A
:106FC0003846FFF7ABFD844600284FD0B8F1000FDC
:106FD00000F114000BDD08F105010CEB8101034603
:106FE000002243F8042B8B42FBD100EB8800296977
:106FF00005F1140319F01F0803EB810E2ED0C8F120
:10700000200902464FF0000A196801FA08F141EA26
:107010000A0142F8041B53F8041B9E4521FA09FAA1
:10702000F2D8AEEB0503153B23F0030305F115027F
:10703000964538BF0023043340F803A0BAF1000F8F
:1070400000D134467B6C6A68CCF8104053F82210AB
:107050002960604643F82250BDE8F087043853F8B1
:10706000042B40F8042F9E45F9D8EAE7034B044867
:1070700062464FF4EF7102F02FFB00BF183500207D
:107080002C35002003690A6900B5B3EB020E12D15A
:1070900000F1140C14310CEB820301EB820101E0CE
:1070A0009C4508D253F8040D51F8042D9042F7D0B6
:1070B00003D24FF0FF3E704600BD4FF0010E704608
:1070C00000BD00BF2DE9F04F17460A693B69A2EBEE
:1070D0000308B8F1000F83B00C4615D1143107F145
:1070E000140505EB830501EB830302E0994280F070
:1070F000858053F8046D55F8042D9642F6D080F043
:107100008A804FF0010805E0FBDB3B464FF00008AA
:107110000F461C467968FFF701FD002800F08680C5
:107120003A692669C0F80C8007F1100107F11408CC
:10713000834600F1140704F1140008EB820E944614
:1071400000EB86060023B946C2460A46019450F871
:10715000041B52F8045F8CB21FFA85F8A8EB0408F0
:10716000090C9844C1EB154101EB28411FFA88F83E
:1071700048EA0144864249F8044B4FEA2143E6D8E5
:10718000A146019C301B1538153420F00300A6429F
:1071900038BF00200AEB00010431C4198E45624655
:1071A0000846DC4698BF23461AD9A7EB0A070434E1
:1071B000C61950F8045B13FA85F82B442D0C05EB27
:1071C00028459BB243EA05498645C6F800904FEA38
:1071D0002543EDD80EF1FF335B1A23F0030323445C
:1071E000B9F1000F04D153F8041D013A0029FAD077
:1071F0006046CCF8102003B0BDE8F08F0021FFF707
:107200008DFC844658B101220023C0E90423604666
:1072100003B0BDE8F08F3B4627461C467AE7074B94
:107220000748624640F2372102F056FA0246034B05
:10723000034840F2452102F04FFA00BF1835002004
:107240002C3500202DE9F043894683B0012157EC0D
:10725000106B9046FFF762FC0446002846D0C7F347
:107260000A55C7F313030DB143F480130193331E82
:1072700015D101A8FFF702FD019B636101212030B8
:10728000216115B3A5F233450544C0F13500C9F8B5
:107290000050C8F80000204603B0BDE8F0836846FF
:1072A0000093FFF7EBFCDDE9002328B1C0F12001DA
:1072B00003FA01F10A43C340002B0CBF0121022154
:1072C0006261A3612161002DDCD104EB8103A0F296
:1072D0003240C9F800001869FFF7A6FCC0EB411066
:1072E000C8F80000204603B0BDE8F083034B044813
:1072F000224640F20F3102F0EFF900BF18350020AE
:107300002C35002049B1FF2A02D80A7001207047AD
:107310008A2303604FF0FF3070470846704700BF74
:107320002DE9F04F2DED028BD1B00C460791904620
:107330000993824602F086F9036811931846FFF715
:10734000C7F908221090002120A8FEF701FCA389AC
:10735000180603D52369002B01F06E8000239FEDF2
:10736000728BCDE92533CDE9143327AA0D932492EE
:10737000174612931393059345462C466C4BD3F84E
:10738000CC61FEF71BFF20AA034600921AA92246F1
:107390005046B047002800F09880C0F28E801A9ABC
:1073A000252A034601D01C44E8E7B4EB050806464D
:1073B00040F08F8000234FF0FF328DF85F309B4606
:1073C000069301342378049201349946A9F12003ED
:1073D0005A2B00F2AF80DFE813F0FE02AD00AD00E3
:1073E000FA02AD00AD00AD00DD02AD00AD00A802B7
:1073F000B702AD00B302C002AD00BC025B005B008F
:107400005B005B005B005B005B005B005B00AD0052
:10741000AD00AD00AD00AD00AD00AD002101AD008F
:107420009C01AC03210121012101AD00AD00AD00A3
:10743000AD00A803AD00AD000803AD00AD00AD0088
:107440007302AD006103AD00AD009807AD00AD0063
:10745000AD00AD00AD00AD00AD00AD002101AD004F
:107460009C018701210121012101ED0387016C00AD
:10747000AD000804AD00F8033D0413046C00AD003A
:1074800073026A008303AD00AD00FB07AD006A0024
:10749000A9F13003002214F8019B02EB820203EBF6
:1074A0004202A9F13003092BF5D906928EE7237821
:1074B0008AE723784BF0200B86E70822002120A8DA
:1074C000FEF746FB01231C4458E7B4EB05080646CB
:1074D00010D02599269B013143440729C7E900585C
:1074E0002693259117DC0837059B43440593002E0E
:1074F0007FF460AF269B002B41F00383079B9B89A1
:1075000003F04003002B41F0CF86059851B0BDEC4D
:10751000028BBDE8F08F079924AA504601F022FFA4
:107520000028EBD127AFDFE70000000000000000DB
:10753000F0430020B9F1000FDCD00023CDE90B337C
:1075400001228DF8DC908DF85F3008930A92049345
:107550000E9337AD0292269A1BF08403904600F0FA
:1075600005819DF85F1009B3DDF894C000260CF189
:10757000010101200132786007290DF15F00CDE99A
:107580002512386000F33E8408377EB1DDF894C0E0
:107590000CF1010118A80232386007294FF00200EF
:1075A000CDE92512786000F320840837802B00F0A5
:1075B0006583049B0A995E1A002E00F3E8801BF491
:1075C000807F40F021810A9B7B601A44259B3D60AF
:1075D0000133072B2692259300F3BC8308371BF059
:1075E000040F05D0069B02995D1A002D00F3188444
:1075F000DDE9053102988142ACBF5B181B18059389
:10760000002A40F0778300232593089B1BB108993B
:107610005046FFF761F927AF2546AEE6099B0733D1
:1076200023F00703B3EC028B9FEDA17BB0EEC86B98
:10763000B4EE476BF1EE10FA099300F33986B4EE1D
:10764000488BF1EE10FA81F14685B9F1610F01F036
:107650007A83B9F1410F01F07084049B013301F08A
:107660007F82B9F1670F18EE903A4BF4807801F001
:10767000F584B9F1470F01F0F1840023089318EE67
:10768000903A002BC1F20885B0EE487B0026A9F1A4
:107690004103252B01F2DD81DFE813F0A50CDB09A6
:1076A000DB09DB09700ADD0ADB09DB09DB09DB0921
:1076B000DB09DB09DB09DB09DB09DB09DB09DB09AA
:1076C000DB09DB09DB09DB09DB09DB09DB09DB099A
:1076D000DB09DB09DB09DB09DB09DB09A50CDB09BD
:1076E000DB09DB09700ADD0A1BF0200F40F0DE85A4
:1076F000099A1BF0100F52F8046B41F01C861BF026
:10770000400F099201F08E8046F3C038434636B2EE
:107710001FE2B9F1430F03D01BF0100F00F0658694
:107720000822002122A8FEF713FA099A37AD126841
:1077300022AB2946504602F0D5FF0A90013001F0F5
:10774000AE850A9B23EAE3730293099B269A0433CE
:1077500009930023CDE90B338DF85F300893049330
:107760000E931BF0840390467FF4FBAE0699029EB5
:107770008E1B002E00F321849DF85F1000297FF4FA
:10778000F3AE049B0A995E1A002E7FF718AF4A49A0
:10779000259B0F91102E27DD39464FF010083746F4
:1077A0002E462546079C04E0103F102F01F10801EA
:1077B00016DD013340481032072BC1E90008CDE93E
:1077C0002532F1DD24AA2146504601F0CBFD0028E8
:1077D00040F09882103F102FDDE9253227A9E8DC20
:1077E0002C4635463E460F4601330F9939603244E8
:1077F000072BCDE925327E6000F364841BF4807F83
:1078000007F108073FF4DFAEB9F1650F40F3AC8232
:10781000B5EE408BF1EE10FA40F05283259B2749DC
:107820003960013301320121072B269225937960BB
:1078300000F37F870837199B0D998B4280F2EB8408
:10784000109B11991A44C7E90013259B2692013316
:10785000072B259300F3D38508370D9B5D1E002D64
:107860007FF7BDAE1449259B0F91102D40F39787EC
:10787000A146DDF81C8010260C4604E00837103DB8
:10788000102D40F38B8701331032072BC7E90046D8
:10789000CDE92532F2DD24AA4146504601F062FDD1
:1078A000002840F02F82DDE9253227AFE7E700BF4F
:1078B000FFFFFFFFFFFFEF7F803D00204C11002006
:1078C000DDF8248058F8045B00238DF85F30002D2C
:1078D00000F0A185B9F1530F00F037871BF01003BA
:1078E0000B9340F03287049B002BC1F2FC801A46B8
:1078F0000B992846FEF78CFE9DF85F300890002813
:1079000001F04884089A521B0A9222EAE27202921B
:107910000BB1013202920B9BCDF8248004930E939D
:107920000C9308934FF0730915E6099B53F8042B49
:107930000692002A80F27584069A099352420692B2
:1079400023784BF0040B3FE52B238DF85F30237831
:107950003AE523784BF0800B36E5214611F8019B80
:10796000B9F12A0F01F09084A9F13003092B98BFD7
:10797000002201F2DD8211F8019B02EB820203EB8F
:107980004202A9F13003092BF5D942EAE2730493CC
:107990000C461BE5504601F055FE4368139318460C
:1079A000FEF796FE15900646504601F04BFE8268A3
:1079B00023781492002E3FF407AD002A3FF404AD63
:1079C0001278002A3FF400AD4BF4806BFCE423787E
:1079D0004BF0010BF8E49DF85F202378002A7FF438
:1079E000F3AC20228DF85F20EEE41BF0200F4BF06B
:1079F000100000F02884099B073323F007031A4680
:107A0000596852F8083B099200228DF85F20049AC9
:107A1000002A18DB53EA010220F4906B15D1049A76
:107A20009AB910F001031A46029300F073863023CE
:107A30008DF83F31049B0A92CDE90B330E930893E6
:107A40000DF23F1587E520F4806B50AD03F007027F
:107A5000DB0843EA4173C908303253EA010628467D
:107A600005F8012DF2D11BF0010F00F01582302A2C
:107A700000F012823023049905F8013C023850AB23
:107A80001B1A99424FF00002B8BF1946CDE90B22EC
:107A900008920A93054602910E925CE51BF0200FB6
:107AA0004BF0100121D1099B1A1D099B04981B68FA
:107AB0004FF0000840458DF85F801E4659DB21F0ED
:107AC000800B002B40F08C850992002840F0E98360
:107AD000CDE90B000A900E900290089050AD3AE567
:107AE0001BF0200F00F0BE835946099B073323F09B
:107AF000070200238DF85F30049BD2F8048052F80F
:107B0000086B0992002B35DB56EA080321F0800B45
:107B100031D1049B002B40F0C483CDE90B330A9391
:107B20000E930293089350AD15E523784BF0080BA4
:107B30004AE41BF0200F4BF0100300F07A83099AFF
:107B4000073222F007029B46536852F8086B0992ED
:107B50009846002BC0F2C282049A002A0BDB56EA38
:107B600008032BF0800B06D1002A00F04187302655
:107B700007E009928B460A2E78F1000380F0BF825D
:107B80003036049A9DF85F308DF83F61012AB8BF06
:107B90000122029201220A920DF23F15002B01F000
:107BA0006D83029B013302930023CDE90B330893CD
:107BB0000E93D0E42378682B03BF63784BF4007BEB
:107BC00001344BF0400BFFF7FFBB099A1BF0200F6D
:107BD00002F1040300F08883126805991160C91747
:107BE000516009932546FFF7C8BB23786C2B03BF70
:107BF00063784BF0200B01344BF0100BFFF7E4BB24
:107C0000099A049E52F8041B002047F6300386426E
:107C1000ADF860308DF85F000B46C0F2DB832BF0CF
:107C2000800545F0020B002940F0D683002E00F0BD
:107C3000E686099230230122CDE90A210E918DF8C2
:107C40003F3102960DF23F154FF078098E460891AC
:107C50000C91A5E31BF0200F40F02583099A1BF03F
:107C6000100F52F8043B41F05E831BF0400F00F010
:107C7000E9859BB2099258460021C5E6069B029908
:107C80005E1A002E7FF795AC8B49259B0F91102E25
:107C900024DD38464FF010082F4619462546864CFD
:107CA00004E0103E102E00F1080013DD0131103207
:107CB0000729C0E90048CDE92512F2DD079924AA79
:107CC000504601F04FFBE8B9103E102EDDE92512B9
:107CD00027A8EBDC2C460B463D46074601330F999F
:107CE00039603244072BCDE925327E6000F363858D
:107CF00008375EE4079924AA504601F033FB0028B8
:107D00003FF481AC089B002B3FF4F8AB0899504638
:107D1000FEF7E2FD079B9B8903F04003FFF7F2BBF0
:107D2000109B11991A44C7E90013259B2692013331
:107D3000072B259300F3068707F108010028C1F2FD
:107D40001E810D980D6001330244072BCDE92532C9
:107D5000486046DD079924AA504601F003FB00283D
:107D6000D0D1269A27AF3AE40D98259B012802F13D
:107D7000010203F1010307F1080140F364810120CE
:107D8000072BCDE925323D60786000F32C821098F6
:107D9000119E01330244072BC1E90060CDE9253271
:107DA00000F32D8208310D98B5EE408BF1EE10FAFC
:107DB00000F1FF3600F05F81013301353244072BBB
:107DC000CDE925320D604E6000F3498108311298EB
:107DD000486001330244072B1CA8CDE92532086016
:107DE000B8DC01F10807FFF7FABB07990F9324AA43
:107DF000504601F0B7FA002884D1269A0F9B27AF8E
:107E0000FFF7D4BB07990F9324AA504601F0AAFAB2
:107E100000287FF477AF269A0F9B27AFFFF7B5BBFB
:107E2000102D259B41F3D580A046DDF81C90234CF6
:107E3000102604E0103D102D07F1080715DD013371
:107E40001032072BC7E90046CDE92532F2DD24AA1E
:107E50004946504601F086FA00287FF453AF103DA2
:107E6000102DDDE9253227AFE9DC2146444688465E
:107E700001332A44072BC7E90085CDE925327FF776
:107E8000B7AB079924AA504601F06CFA00287FF49A
:107E900039AF269AFFF7ACBB049950AA521B914206
:107EA0004FF00003B8BF1146CDE90B3308930A9297
:107EB00002910E93FFF74FBB803D00204439002014
:107EC0001998002840F300840B9B0D998B42A8BFA2
:107ED0000B46002B98460ADD1A44C7E90053259B40
:107EE00026920133072B259300F3B48708370B9EA6
:107EF000B8F1000FA8BFA6EB0806002E00F3AB8276
:107F00000B9B1BF4806F03EB050940F0CA82199BA1
:107F10000D998B4203DB1BF0010F00F07D8510995A
:107F200011980A44C7E900012599269201310729D1
:107F3000259100F39B8708370D996E18A6EB09066B
:107F4000CD1AAE42A8BF2E46002E0BDD259BC7F8EA
:107F5000009001333244072B7E602692259300F374
:107F6000D3870837002EA8BFAD1B002D7FF737AB96
:107F7000B949259B0F91102D40F31184A146DDF8DE
:107F80001C8010260C4604E00837103D102D40F3ED
:107F9000058401331032072BC7E90046CDE92532AD
:107FA000F2DD24AA4146504601F0DCF900287FF4B6
:107FB000A9AEDDE9253227AFE7E72599102E404627
:107FC00040F361870F943A46A846079CA34D1F468D
:107FD00004E0103E102E02F1080216DD01311030CF
:107FE00010230729CDE9251015605360F1DD24AA7F
:107FF0002146504601F0B6F900287FF483AE103ECA
:10800000102EDDE9251027AAE8DC3B460F9C174619
:108010002A464546904601F1010C3218BCF1070F83
:10802000CDE925C2C7F800807E6000F336839DF855
:108030005F100837002940F0F880002B3FF4B9AA00
:108040000B46FFF7A5BA1BF0010F7FF498AE012095
:10805000072BCDE925323D6078607FF7B8AE0799F0
:1080600024AA504601F07EF900287FF44BAEDDE9EA
:10807000253227A9ABE60D9801287FF7A8AE112875
:1080800075480F9040F3B783A046079F102504461C
:1080900004E00831103E102E40F3AC83013310325F
:1080A000072BC1E90045CDE92532F2DD24AA394686
:1080B000504601F057F900287FF424AEDDE925325F
:1080C00027A9E7E7079924AA504601F04BF90028B1
:1080D0007FF418AE269A27AFFFF771BA2D238DF8DB
:1080E0005F30049B764268EB4808002BFFF643ADF7
:1080F0000A2E78F100032BF0800BFFF441AD0294BF
:10810000CDF8289050A9DDF8509008974FF0000C5A
:108110000BF4806426E016EB0803514843F100039A
:10812000A0FB032020F0030202EB90029B1AF31A3B
:108130004B484FF0CC32B646474602FB03F268F19B
:10814000000800FB0822A3FB0063BEF10A0F1344E2
:108150004FEA560677F10007294646EAC3764FEA0A
:1081600053082DD33E4D16EB080343F10003A5FB46
:10817000032020F0030202EB90029B1AF31AA3FBE8
:10818000053268F1000005FB00225B0843EAC27378
:1081900003EB8303A6EB430330330CF1010C01F82E
:1081A000013C4D1E002CB6D099F800306345B2D189
:1081B000BCF1FF0FAFD00A2E78F1000380F0B3833B
:1081C0000499029CCDF8509050AB5A1B9142B8BF15
:1081D0001146DDF82890089F9DF85F30CDF834C037
:1081E0000A920291DAE4079924AA504601F0BAF8FB
:1081F00000287FF487ADDDE9253227A9C7E5079977
:1082000024AA504601F0AEF800287FF47BADDDE9EA
:10821000253227A9C7E51BF0010F3FF4E0A9FFF7BE
:108220000FBB09932378FFF7CFB81E460023FFF753
:108230009EB9099A0432099909920E684FEAE678C4
:108240009B46434685E4099B1A1D099B09921B68BE
:108250000021FFF7D9BB00BF803D0020443900203A
:10826000CDCCCCCC099A1BF0100052F8043B41F065
:1082700057801BF0400100F0A8818DF85F009BB291
:1082800004994FF0000841451E46C0F2A9812BF029
:10829000800B002B40F0A481049B0992002B3FF43B
:1082A0003CAC00266CE45846FFF7A5BB5B4646E4B1
:1082B000B5EEC08BF1EE10FA2BF0800B00F11E83AF
:1082C0009DF85F30B9F1470FCCBFA44DA44D002BF2
:1082D00040F052870322CDE90B3308930A920493AE
:1082E0000E930292FFF737B91BF0100F40F07C821B
:1082F0001BF0400F40F0A7831BF4007F00F0748256
:10830000099A0599126811706BE4964E1BF0200FC4
:1083100000F07D81099B073323F007031A46586854
:1083200052F8083B09921BF0010140F05C81049A6D
:108330008DF85F10002AC0F28B8153EA00022BF403
:10834000906B00F0948103F00F02B25C8DF83F2136
:108350001B0943EA0073020953EA10100DF23F159E
:108360000BD003F00F001B09305C05F8010D43EA48
:108370000273120953EA0200F3D1049A50AB4FF092
:10838000000E5B1B9A42CDE90BEEB8BF1A460A936A
:108390000292CDF820E0CDF838E000293FF4DBA8C8
:1083A000029BDDE925C2023302931BF08403904651
:1083B000614604D1069E0298361A002E06DCBEF1F4
:1083C000000F3FF4E5A80226FFF7D1B80223F5E538
:1083D000654E9BE74BF0020B0992634E03F00F02D0
:1083E0000221B25C4FF07809B0E7099B1B688DF859
:1083F000DC30012302930A9337ADFFF7A6B9079942
:1084000024AA504600F0AEFF00287FF47BAC269AE9
:1084100027AFFFF722BA049B0895062B28BF062337
:1084200002930A932B460495CDE90B334F4DCDF8BB
:1084300024800E93FFF78FB840215046FCF7DAFAFC
:10844000079B18601861002800F06087079A402396
:108450005361FEF783BF102E259B40F32E874448BF
:10846000DDF81C800F9039464FF01009074604E0F4
:108470000831103E102E40F32B8201331032072BAF
:10848000C1E90079CDE92532F2DD24AA4146504602
:1084900000F068FF00287FF435ACDDE9253227A91C
:1084A000E7E70D9BDDF83880CDF83CB0EB1804937E
:1084B0000C9BDDF81CB00B94002B4E463946DDF8C2
:1084C0005090159F0E9531DDB8F1000F40F32B81D0
:1084D00008F1FF382598139B01303A440728C1E979
:1084E00000372692259000F39F800831049B99F86D
:1084F00000009D1B8542A8BF0546002D0CDD259878
:1085000001302A440728C1E900652692259000F32E
:108510005E8199F800000831002DACBF441B044671
:10852000002C14DC06440C9B002BCDDCB8F1000FB2
:10853000CEDCDDE90D35EB189E42CDF850900B9C5A
:10854000DDF83CB0B1460F4628BF9946DFE4102C59
:108550002598074B2BDD10250A9310E08C35002061
:1085600088350020AC35002098350020C03500202B
:10857000803D0020103C102C01F1080116DD013077
:10858000AE4B10320728C1E90035CDE92502F1DDF7
:1085900024AA5946504600F0E5FE00287FF4B2AB0D
:1085A000103C102CDDE9250227A9E8DC0A9B0B60B2
:1085B000013022440728CDE925024C6000F358839E
:1085C00099F8000008310644ADE71BF4007840F04C
:1085D000328204998DF85F8000291E46BFF657AE9F
:1085E0000992FFF7C8BA53EA000237D030228DF85B
:1085F000602000228DF85F20049A8DF86190002A97
:1086000023DB2BF4906242F0020B02219BE6099AD5
:108610001BF0100F52F8043B099214D11BF0400FCD
:108620000DD09BB200207EE624AA5946504600F0A9
:1086300099FE00287FF466AB269A27A956E71BF41B
:10864000007F40F0F58100206DE64BF0020B022127
:1086500003F00F022BF4806BB25C77E6049B0021E1
:108660008B428DF85F10C0F241812BF4906B049A1D
:10867000002A00F0CB80012A33788DF83F31B8BF53
:108680000122002302920122CDE90B3308930A92C2
:108690000E930DF23F15FEF75EBF07990F9324AAC4
:1086A000504600F05FFE00287FF42CAB9DF85F1071
:1086B000269A0F9B002900F0AC801E46DDF894C07E
:1086C000034627AFFEF753BF259B5D493960013351
:1086D00001320121072B26922593796000F37C81DA
:1086E000083700287FF41CAB0D990BF001030B43F6
:1086F0003EF475AF109B11991A44C7E90013259BEE
:1087000026920133072B259300F31C8207F1080101
:10871000FFF717BB049B0A93CDE90B330E93089325
:1087200050ADFEF718BF0C9B013B09F1FF390C93CC
:10873000D0E6079924AA504600F014FE00287FF4E2
:10874000E1AA269A27AFFFF776B80822002122A8CF
:108750001B95FDF7FDF9049B002B7DDB00260294A1
:10876000CDF82080344698460EE037A9504601F0F7
:10877000B9FF411C204400F09484404509DC06F117
:10878000040600F0008504461B9A925922AB002A89
:10879000EBD10A94DDF82080029C6AE04C4601335C
:1087A0000F9939602A44072B7D60CDE925327EF789
:1087B00015AFFFF7CFBA079924AA504600F0D2FDB3
:1087C00000287FF49FAA269A27AFFEF7F2BE24AABC
:1087D0005946504600F0C6FD00287FF493AA99F848
:1087E0000000269A27A997E6099A05991268116050
:1087F000FFF7F7B9444601330F9808603244072B5E
:10880000CDE925324E607FF7E1AA28E4049BFFF70B
:1088100084B9002B00F00981DDF894C00B4627AF26
:10882000FEF7B6BE1BF4007F16BF46F3C0184FEA32
:10883000E67876B24346FFF78CB900BF803D002052
:108840004C1100201BF4007100F0F980DBB209929A
:1088500058460021FFF7D8B822AB009300231BAA8B
:108860001946504601F066FF0A90013000F0198465
:108870001B950A9B002B00F09F80632B00F34C811B
:108880000023089337AD0822002122A8FDF760F9E4
:108890000A9E22AB00931BAA33462946504601F09C
:1088A00049FF864240F042850A9A0023AB5422EAEF
:1088B000E27202929DF85F20049312B1029A013293
:1088C0000292CDE90B33CDF824800E93FEF743BE20
:1088D0000F4601330F9939603244072BCDE9253219
:1088E0007E6000F323810837FFF70ABB33788DF8E9
:1088F0003F312BF4806B0DF23F153EE52D238DF8B3
:108900005F30B9F1470F4FF000030893049340F331
:10891000E6800322964D0A92CDE90B330E93042391
:108920000293FEF718BE159A1399AD1A2846FDF763
:10893000F7F999F801300BB109F101098D4A16EBED
:10894000080343F10003A2FB030727F0030000EB39
:1089500097001B1AF31A4FF0CC3168F1000803FBA3
:1089600001F102FB0811A3FB023001445B0843EA5A
:10897000C1764FEA510816EB080343F10003A2FB4E
:10898000031020F0030101EB90015B1AF31AA3FB23
:10899000023168F100005B0802FB001243EAC27377
:1089A00003EB8303A6EB4303303305F8013C4FF0A0
:1089B000010C013DFFF7F8BB9DF85F30CDF8248036
:1089C000003B18BF012302930A9B0493CDE90B33AC
:1089D0000E930893FEF7BFBD079924AA504600F0F6
:1089E000C1FC00287FF48EA91998269A27AF78E653
:1089F0009DF85F3002920A9250ADFFF7CFB8049B0A
:108A00000992CDE90A330E930C93029350AD4FF0C7
:108A100078099E460893C3E46E18A6EB0906CD1AA2
:108A2000AE42A8BF2E46FFF79DBA27AFFEF7C1BDE5
:108A3000DBB2002077E48DF85F10DBB220E409920E
:108A40005846FEF7E1BF099A059912681180FFF7B1
:108A5000C8B822AB01931BAB0093B0EE470B049A4E
:108A600019AB022150468DED027B00F025FF9DEDF4
:108A7000027B05461BF0010F40F05582229B5A1BDA
:108A8000199B0D92D81C0B93C0F201820499994254
:108A9000C0F20B819A4200F392820B9B0A931BF463
:108AA000806F03D00B9B002B00F32D830A9B23EADE
:108AB000E373C34602934FF0670900230E930C93B0
:108AC0000BF00201002E00F0CA804FF02D0E8DF841
:108AD0005FE0029B01330293002304935DE40322D1
:108AE000254D0A9218E72846FDF7F2FD9DF85F3004
:108AF0000A9020EAE0720292002B3EF40CAFFEF7DF
:108B000008BF079C24AA2146504600F02BFCA389ED
:108B100003F04003FEF7F6BC591C5046FBF76AFF12
:108B20000546002800F0F6830890ACE6079924AAD1
:108B3000504600F017FC00287FF4E4A8269A27AFDF
:108B4000FFF7DEB9079924AA504600F00BFC002875
:108B50007FF4D8A8DDE92532199827A9FFF7EEB8E8
:108B600000230893062304934BF48078FEF787BD17
:108B70008C350020CDCCCCCC88350020049B013333
:108B80000D93022122AB01931BAB0093B0EE470B78
:108B900019AB0D9A50468DED027B00F08DFE0D9BBA
:108BA00029F0200CBCF1460F9DED027B054600EB41
:108BB000030100F09880B5EE407BF1EE10FA00F072
:108BC000D882229B994288BF4FF0450C40F2CF8259
:108BD00030205A1C22921870229B8B42F9D35B1BC7
:108BE0000D93BCF1470F199B0B9356D0BCF1460F68
:108BF00000F08F800B9B8DF87090013B002B199338
:108C0000C0F24C812B22092B8DF8712000F34F818B
:108C100030228DF872200DF17302303302F8013BDF
:108C20001CABD31A12930D9B129A012B1A440A9271
:108C300040F341820A9B109A13440A930A9A2BF438
:108C4000806343F4807B22EAE2720023CDE90B3398
:108C50000E93029234E7049B0D93032192E79DF853
:108C60005FE0BEF1000F7FF434AF0496FFF795BBD1
:108C700024AA5946504600F075FB00287FF442A80C
:108C800099F80000269A27A906444CE4199B0B93F7
:108C90004B1BBCF1470F0D933BD10B9B0333C0F231
:108CA000F680049B0B9A93420FDA0B9B013BA9F1D0
:108CB0000209002B8DF870901993A3DA0B9B2D22DB
:108CC000C3F101038DF87120A2E70D9B0B9A93422B
:108CD00000F375811BF0010F0B9B00F0B282109A1C
:108CE00013440A93DBE62B78302B00F06182199B4A
:108CF0001944B5EE407BF1EE10FAC7D0229B8B42AF
:108D0000FFF466AF5B1B0D93BCF1470F199B0B93F0
:108D1000C3D00B99049A0BF00103002943EA020324
:108D200040F3CF82002B40F01A820B9B0A934FF046
:108D300066091BF4806F40F0E8810A9B23EAE37325
:108D4000C3460293B9E647F63003ADF86030049BA2
:108D5000632B4BF0020B00F35C8118EE903A002B72
:108D6000C0F23B81B0EE480B19A800F071FCB4EEE4
:108D7000007B20EE077BB5EE407BF1EE10FA40F071
:108D8000408201230026199337AD0896AE48049916
:108D9000B3EE004B2B4606E0B5EE407BF1EE10FA49
:108DA00000F00F82114627EE047BFDEEC76B4A1ED2
:108DB00016EE90CA10F80CE0B8EEE65B9C4637EE73
:108DC000457B03F801EB0029E6D1B6EE005BB4EE7B
:108DD000C57BF1EE10FA08DCB4EE457BF1EE10FA3B
:108DE0001ED116EE902AD2071AD5CDF888C013F8F6
:108DF000011C90F80FC08C451A460AD14FF0300E76
:108E000002F801EC229A511E229112F8011C6145D0
:108E1000F6D0392916BF0131817AC9B202F8011C96
:108E2000199A5B1B0D93B9F1610F02F1FF3319938E
:108E300000F01F8250214FF04109002B8DF8701077
:108E4000C0F20E822B22092B8DF871202FDC0DF140
:108E50007202E2E6079924AA504600F083FA00283D
:108E60007EF450AF269A27AFFFF741B8079924AA9E
:108E7000504600F077FA00287EF444AF199B269AFA
:108E800027AFFFF759B8DFF8CC81FFF7C4B80B9BC9
:108E9000A9F10209013B8DF8709019930B9A2D23CB
:108EA0008DF87130C2F101030832BFF6B1AE0DF199
:108EB0007F0CDFF8A4E162461046AEFB0312D20835
:108EC00002EB8201A3EB41013031632B00F8011C5E
:108ED000134600F1FF32EFDC303302F8013C831E11
:108EE000634580F0C8810DF1710213F8011B02F88F
:108EF000011F6345F9D103F5A0736B44CC3B1B1AEA
:108F00001CAA9B1A12938EE6079924AA504600F0D9
:108F100029FA00287EF4F6AE199D0D9B269A5D1B5A
:108F200027AFFFF71FB8049B4FF0470CE918E0E6A6
:108F300000230C460493FEF749BA45F63003ADF81A
:108F40006030049B632B4BF0020B62DC18EE903A0E
:108F5000002B42DBB0EE480B19A800F079FBB4EE11
:108F6000007B20EE077BB5EE407BF1EE10FA01D1DD
:108F70000123199300263548089637AD07E7464286
:108F8000103033480F9052DA1027804603E0083142
:108F9000103E102E4BDD01331032072BC1E9008744
:108FA000CDE92532F3DD079924AA504600F0DAF91D
:108FB00000287EF4A7AEDDE9253227A9E8E70D9B5E
:108FC000109A9A180B9B0A92002B79DD4FF06709D3
:108FD000AFE6DFF88080FEF74BBF0023089337AD84
:108FE0002D26B1EE487BB0EE470B19A800F030FB00
:108FF000B4EE007B20EE077BB5EE407BF1EE10FA7D
:1090000004BF01231993B9F1610F3FF4BFAE0F48BC
:10901000BDE6049B5046591CFBF7ECFC05460028B6
:1090200000F03D8108904BF48078FEF728BB0133B7
:109030000F9808603244072BCDE925324E6000F3CB
:1090400002810831FEF77DBE98350020AC35002046
:10905000803D002044390020CDCCCCCC049A002A9D
:1090600000F0D480002BC0F22481B0EE487B0026B3
:1090700022AB01931BAB0093B0EE470B19AB049AE4
:10908000022150468DED027B00F016FC00239DED81
:10909000027B05460893EDE42D26B1EE487BFEF7F2
:1090A000F6BA079B9B890022089243F04003079A77
:1090B0009381FEF727BE1BF0010F3FF4BFADB9E56A
:1090C000C3F101031A4422EAE273C3460A920293EF
:1090D0004FF06709F1E418EE903A13F000432BF0DB
:1090E000800B0B9300F09A802D238DF85F30B9F13F
:1090F000470F4FF000030893049340F3F8800322D6
:10910000944D0A9208E44FF0670914990B78FF2BED
:1091100000F0F88000200B9A0E90844603E00130A6
:109120000131FF2B09D0934207DAD21A4B78002B7A
:10913000F5D10B780CF1010CF3E7CDE90B2014917C
:10914000CDF838C00C9A0E9B159913440A9A01FB6E
:1091500003230A9323EAE373C3460293B0E4109B0C
:1091600002EB01094B440A934FF06609E1E55B1BF2
:109170000D93199B0B933DE50023032208930A925C
:109180000493FFF7C9BB049B029CDDF820800A937F
:10919000FFF76FBBCDF824801BB3049B0A935A1CC6
:1091A000029204900E900C904FF07309FEF7D3B921
:1091B000B5EE407BF1EE10FA1ED1199B0B931944CA
:1091C00066E5002A0491FFF62BAE0499302001EBEE
:1091D000030C194601F8010B6145FBD11A44531CDD
:1091E0001EE6049B0A930293089B0E930C93049330
:1091F0004FF07309FEF7AFB90D9BC3F1010319934B
:1092000076E500265448089637ADC0E5934273DBF7
:10921000B0EE487B0123049E049329E79DF85F305C
:10922000B9F1470FCCBF4B4D4C4D002B40F0868021
:10923000032204930A920E930C9308930292FEF772
:109240008AB90A932BE4079924AA504600F08AF8B9
:1092500000287EF457ADDDE9253227A9FEF771BD60
:109260002D238DF87130C2F101030832FFF61FAED5
:10927000EDE57021E1E502231293D4E4CDE90B334F
:1092800008930E93FEF767B9099A63780C4652F873
:10929000041B099241EAE1710491FEF795B8079A1F
:1092A000938943F0400393814FF0FF330593FEF71A
:1092B0002CB92D26B1EE487BDAE629490F91FFF74C
:1092C00008BBC34633B9012302934FF066090A93E2
:1092D000FFF7F3BB109B03F10109049B4B440A9376
:1092E00023EAE37302934FF06609FFF7E6BB03221C
:1092F0001A4D0A92FFF710BB01232D260493B1EEFD
:10930000487BB5E600230E930C931BE70C23CAF8A9
:109310000030C9E7079B08909B8943F04003C6E6ED
:109320005946FEF7C2BB5846FEF78FBF079B9B8985
:1093300043F04003BBE65B46FEF77DBF002304938A
:109340000E930C93089303230A9304230293FEF7CE
:1093500002B900BF943500209835002090350020D8
:10936000803D00202DE9F0411546926802B32C683B
:1093700007468846083401E00834C9B16B68581EB6
:10938000002B1146686013DD54F8046C002EF3D0F6
:10939000334654F8082C4146384602F061FB431C22
:1093A00007D0AA68921B1146AA6008340029E5D1AB
:1093B00000200023C5E90133BDE8F08170B5002924
:1093C00041D006460C4610B1436B002B3ED0FCF753
:1093D000AFF9636EB4F90C20DD0730D4900538D5B1
:1093E0002146304600F04CF8E36A054633B1E169A6
:1093F000304698470028B8BF4FF0FF35A3891A06BA
:1094000039D4216B41B104F14003994202D0304676
:10941000FDF762FA00232363616C21B13046FDF74A
:109420005BFA00236364636E0022DB07A2811ED512
:10943000A06DFCF75DFFFCF781F9284670BD002A9E
:10944000CED1FCF77BF90025284670BDFCF752F918
:10945000BDE7A06DFCF74EFFB4F90C30002BBFD177
:10946000636ED907EDD4A06DFCF746FFE9E7A06D68
:10947000FCF742FFDCE721693046FDF72DFAC0E733
:10948000B1F90C202DE9F041804610070C4650D46C
:10949000496842F400630029A38164DDA66A002EB6
:1094A00044D0002112F48052D8F80050C8F80010BF
:1094B00065D1E16901234046B047411C02466CD0AA
:1094C000B4F90C30A66A5B0705D56368D21A236B22
:1094D0000BB1E36BD21A0023E1694046B047471C49
:1094E000B4F90C304DD1D8F800101D2940D8304ABD
:1094F000CA40D6073CD52269226023F40062A281CB
:10950000D9044FF00002626003D5D8F80030002B78
:1095100041D0216BC8F8005041B104F14003994299
:1095200002D04046FDF7D8F9002323630020BDE8B0
:10953000F0810E69002EF9D00D680E6092070CBF05
:109540004B690023AD1B8B600AE02B463246E16974
:10955000676A4046B8470028A5EB0005064406DDCB
:10956000002DF2DCE2E7E16B002997DCDEE7A3895E
:1095700043F04003A3814FF0FF30BDE8F081226D3E
:10958000A1E72269226023F40062A281DB044FF08C
:1095900000026260BDD52065BBE7D8F80030002B23
:1095A0008ED01D2B01D0162BE1D1C8F80050BDE79D
:1095B0000100402000B5034683B008B1426B52B3AE
:1095C000B1F90C0098B14A6ED20701D4820512D5C8
:1095D00018460091FFF754FF00994A6E0346D007E2
:1095E00002D48A8992050ED5184603B000BD034601
:1095F000184603B000BD886D01930091FCF77AFE18
:10960000DDE90013E4E7886D0093FCF775FE009B2D
:10961000184603B000BDCDE90001FCF76BF8DDE9A9
:109620000031CDE759B1034600EB010C02E00133F4
:109630009C4504D01A78002AF9D1181A70470846B8
:10964000704700BF00487047C84500200000000078
:109650004DF804BD83B08DED000B019ADFF870C0AA
:1096600022F0004300216345016025D8DDF800C0E9
:1096700053EA0C0C20D0DFF85CC002EA0C0CBCF101
:10968000000F0AD19FED107B20EE077B8DED007B54
:10969000019A6FF0350122F00043DDE900BC6FF361
:1096A0001E5242F07F5C1B154CF4001CA3F2FE33EB
:1096B000CDE900BC0B4403609DED000B03B05DF8E9
:1096C00004BB7047AFF3008000000000000050436F
:1096D000FFFFEF7F0000F07F00B50B4C246886464B
:1096E00085B0E0689C460C4652B108490094CDE92B
:1096F000011273460649624601F028F8F9F790FB1B
:1097000004490A46F2E700BF58460020C835002049
:10971000D8350020D435002010B5A1FB021482B04A
:1097200074BBFBF767F9034670B350F8042C22F0C2
:109730000302043A242A10D8132A16D91B2AC0E996
:1097400000441AD9242AC0E902440ABFC0E90444EB
:1097500000F1100100F1180108E021460190FCF72A
:10976000F7F9019B184602B010BD014600221846C9
:10977000C1E900228A6002B010BD00F10801F5E7DE
:10978000FCF788FD0C2303600023184602B010BDCF
:109790002DE9F04F03690C69A34283B0C0F28880C1
:1097A000013C01F1140500F1140855F8243058F873
:1097B0002420013308EB84069A4200964FEA840B7A
:1097C00005EB8407B2FBF3F63AD300230191C646BA
:1097D00029469C4651F8042BDEF800901FFA82FAC5
:1097E00006FB0A334FEA134A120C06FB02A29BB295
:1097F0001FFA89FAAAEB030363441FFA82FCCCEB3D
:10980000234C0CEB194C9BB243EA0C438F424EF8AD
:10981000043B4FEA2C4C4FEA1243DBD258F80B3092
:1098200001996BB9009B043B984504D307E0984528
:1098300004F1FF3403D21A68043B002AF7D0046114
:109840008146FDF71FFC00282EDB01364146002231
:1098500055F8040BD1F800C01FFA80FE1FFA8CF3F4
:10986000A3EB0E031344020CC2EB234202EB1C4297
:109870009BB243EA0243AF4241F8043B4FEA224223
:10988000E6D258F8242008EB84036AB9043B9845D3
:1098900004D307E0984504F1FF3403D21A68043B6F
:1098A000002AF7D0C9F81040304603B0BDE8F08F69
:1098B000002003B0BDE8F08F2DE9F04F93B08DED9F
:1098C000000B0491816B1C9D069257EC106B0446B3
:1098D000089341B1C26B4A60012393408B60FDF74E
:1098E00047F90023A363B7F10008B4BF01230023A5
:1098F0002B60A34BBCBF28F00048CDF8048033EAAE
:10990000080300F092809DED007BB5EE407BF1EE08
:1099100010FA0DD1089A012313601D9B13B11D9AF3
:10992000984B1360984B0293029813B0BDE8F08FE8
:1099300010AAB0EE470B11A920468DED027BFDF772
:1099400081FC5FEA18539DED027B109A834640F03C
:109950008280119B134403F23241202940F3E281BB
:10996000C1F1400108FA01F803F2124126FA01F1AF
:1099700048EA010106EE101AB8EE466B013B16EEFE
:10998000901A4FF00108A1F1F8719FED772BB7EE17
:10999000081B9FED775B9FED784B06EE901A03EE68
:1099A000903A36EE416BB8EEE33BA6EE025BB0EECA
:1099B000456BA3EE046BFDEEC65BB5EEC06BF1EE3E
:1099C00010FACDED055A00F1C0800599D21A16297A
:1099D00002F1FF3A00F2A4806C4B03EBC10393ED5C
:1099E000006BB4EEC67BF1EE10FA00F1A281002A02
:1099F00040F3C0840027CDE90A178A440023099365
:109A0000049B092B3DD8052BC4BF043B0493049B46
:109A1000A3F10203CCBF00250125032B33D8DFE8D7
:109A200013F0FA01F701ED019201089AC8F3130847
:109A300042F20F7358EA060813601BD11D9B002BDE
:109A400000F04286524B029308331D9A029813602D
:109A500013B0BDE8F08F17EE901AB0EE476BC1F36C
:109A6000130141F07F51A3F2FF3341F440114FF055
:109A700000088AE71D9B002B40F06181454B029353
:109A800052E7002304930025E563294620468DED27
:109A9000067BFDF743F89DED067B0290002800F061
:109AA000B485119A029BA363002A75DB05990E29E0
:109AB00072DC364B03EBC10393ED003B87EE036B87
:109AC000BDEEC66B029916EE103A303301F8013B39
:109AD0004FF0FF39B8EEC65BA5EE437B0123B2EE33
:109AE000044B11E087EE036BBDEEC66B013316EE3F
:109AF000102A4B4502F13002B8EEC65B01F8012B8B
:109B0000A5EE437B00F0A38427EE047BB5EE407BFB
:109B1000F1EE10FAE6D1059B013304930D46ECE01B
:109B200001230B93059BBAF1000FBABFC2F10107E5
:109B30004FF0000A0027002B80F2F180059BFF1AEE
:109B40005B42099300230A935AE7B8EEE55BB4EE53
:109B5000465BF1EE10FA3FF438AF059901390591F3
:109B600033E700BFAFF3008061436F63A787D23F45
:109B7000B3C8608B288AC63FFB799F501344D33FFC
:109B80000000F07F4D1100204C110020E802002061
:109B900008360020143600204FF0FF390695CDF826
:109BA0003090B8F1000F00F0E984DDF8248002F273
:109BB0003342012120469244BD18FDF79FF8064626
:109BC000002F40F09F82099B002B00F09383B8F197
:109BD000000F40F077835946099A2046FDF780F937
:109BE00001238346099301212046FDF787F80A9B4C
:109BF0008046002B40F04582049B012B40F3AA8253
:109C00000120504410F01F0000F008811B2800F3D1
:109C1000D582C0F11C00054407448244002D05DDB7
:109C200059462A462046FDF7B7F98346BAF1000F98
:109C300005DD414652462046FDF7AEF980460B9BB6
:109C4000002B40F00082B9F1000F40F3D781099B4F
:109C5000002B40F02481059B01330493029F0125D2
:109C600007E0594600230A222046FCF78BFF013506
:109C7000834641465846FFF78BFD4D4500F1300ABB
:109C800007F801ABEDDB029BB9F1000F03F1010214
:109C900009F1FF394FF00003D8BF4FF0000991449C
:109CA0000093594601222046FDF776F94146834646
:109CB000FDF7E8F9002840F32083029A02E091457D
:109CC00000F026834D4609F1FF3915F8013C392B88
:109CD000F5D0013389F8003041462046FCF748FFB3
:109CE0005EB1009B2BB1B34203D019462046FCF76E
:109CF0003FFF31462046FCF73BFF59462046FCF724
:109D000037FF00232B70089B049A1A601D9B002BC1
:109D10003FF40AAE02981D6013B0BDE8F08F9A447C
:109D20000A936BE6C1F1200106FA01F106EE101A62
:109D300022E6059B013B059300230B93F2E6AC4B17
:109D40000293033381E601230D93DDE905231344D8
:109D500003F101094E46012E0C93B8BF0126172EC0
:109D600040F39C84012204235B0003F11400B04201
:109D7000114602F10102F7D9E16320468DED0E7B19
:109D8000FCF7CCFE0290002800F03F84B9F10E0FE2
:109D90009DED0E7BA06346D8002D44D00599002987
:109DA00040F3F182934B01F00F0203EBC203CD05A8
:109DB00093ED006B4FEA211340F18A838E4A92EDB6
:109DC000085B03F00F03032187EE054B002B00F027
:109DD000FB81894A01E05B100832D80703D45B108D
:109DE0000832DE07F7D592ED005B5B1001F101014F
:109DF00026EE056B00F0E8810832F2E701230D93AF
:109E0000069B002B40F38B81069E0C96B146A6E77D
:109E100000230D9399E700230D93F1E71C200544DF
:109E200007448244FAE6119A002AC0F24081059B59
:109E30000E2B00F33C816F4B059A03EBC20393EDAD
:109E4000003B069B002B80F2ED82B9F1000F00F37E
:109E5000E98240F08682B1EE046B23EE066BB4EE2D
:109E6000C67BF1EE10FA494640F27C82029D312316
:109E700005F8013B2046FCF77BFE059B023304936B
:109E80003BE7314600230A222046FCF77BFE0C9B71
:109E9000002B064640F3FA83DDF830900595002F3D
:109EA00005DD31463A462046FDF776F806460A9B20
:109EB000002B40F0F6823746029D6B1E4B440A93FE
:109EC000009B03F001030C9341465846FFF760FCEA
:109ED00031460B9000F1300A5846FDF7D3F8414661
:109EE00081463A462046FDF7EDF8C3680146002B4F
:109EF00036D109905846FDF7C5F8099906902046D5
:109F0000FCF736FE069A002A5AD1049B1BB90C9B1B
:109F1000002B00F0A483B9F1000F43DB0A9BA94694
:109F20009D4209F801AB00F0D782594600230A226E
:109F30002046FCF727FEBE42834631464FF0000321
:109F40004FF00A02204635D0FCF71CFE3946064683
:109F500000230A222046FCF715FE4D460746B3E7CC
:109F60002046FCF705FEB9F1000F08DB009B03F06B
:109F70000102049B49EA030952EA09022ED159461B
:109F800001222046FDF708F841468346FDF77AF89E
:109F9000002840F34183BAF1390F00F024830B9B72
:109FA00003F1310A05F801AB059B009601330493D8
:109FB0003E4691E6FCF7E6FD4D460646074683E73A
:109FC000B9F1000FC0F28483049B49EA03090C9B9A
:109FD00053EA090900F07C83002A9FDDBAF1390FAA
:109FE00000F001830AF1010305F8013BDCE700BF43
:109FF00014360020E8020020C0020020049B022B3F
:10A000007FF725AEB9F1000F40F0008241464B4684
:10A0100005222046FCF7B6FD014680465846FDF76E
:10A0200031F8484540F3F281029D312305F8013BA8
:10A0300041462046FCF79CFD059B02330493002E0D
:10A040007FF457AE59E641465846FDF71BF8002805
:10A05000BFF6F9AD594600230A222046059DFCF7BC
:10A0600091FD099B013D8346002B7FF40AAF0C9BB9
:10A07000002B40F3FE82059BDDF83090049305959C
:10A08000ECE51A4601462046FCF72AFF049B012B0B
:10A09000804640F3F98100230A93D8F8103008EB8A
:10A0A00083031869FCF7C0FDC0F12000A9E50D9BF2
:10A0B00073B9002F67D1099B002B74D11D461E4632
:10A0C00091E5119A002A03DB05990E297FF7B4AEBA
:10A0D000049B012B7FF765AD099B09F1FF384345D0
:10A0E000C0F27781B9F1000FA3EB080880F2BE82BD
:10A0F000A7EB0903012120460D93FCF7FFFD3D4628
:10A100000D9F0646BAF1000F7FF75DAD57453B4600
:10A11000A8BF5346ED1AFF1AAAEB030A53E5002124
:10A12000E16320468DED067BFCF7F8FC9DED067B98
:10A130000290002800F06982029BA363002D40F08A
:10A140009F81119AAA42C0F27C8201230C93994606
:10A1500006936CE6009B002B7FF452AD019BC3F38A
:10A160001303002B7FF44CAD019B23F000431B0D28
:10A170001B05002B3FF444AD012301350AF1010A10
:10A180000A9318463DE5BAF1000F00F0FE815745ED
:10A190003B46099EA8BF5346FD1AAAEB030A2F4669
:10A1A000002E3FF420AD5946099A2046FCF798FE50
:10A1B0000023834609933D461E4614E51C283FF4C0
:10A1C0002DADC0F13C002AE684EE065B0B9B3BB153
:10A1D000B7EE006BB4EEC65BF1EE10FA00F1E08171
:10A1E000B1EE0C4B06EE901AB8EEE66BA6EE054B00
:10A1F00014EE901A53EC142BA1F15073B9F1000F27
:10A2000000F09B80DDF814C0484643EC142BB64B9D
:10A21000029DFDEEC53B03EBC00212ED022B13EED7
:10A22000902A02F1300E0D9A691CB8EEE36B0E46CF
:10A2300035EE466B002A00F05B81B6EE003B83EE04
:10A24000025B35EE445BB4EEC65BF1EE10FA85F8C6
:10A2500000E000F32782B7EE001BB2EE043B0025BE
:10A2600018E001358542BFF62CAF26EE036B25EED4
:10A27000035BFDEEC64B14EE902AB8EEE42B3032B1
:10A2800036EE426BB4EEC56BF1EE10FA01F8012B1D
:10A2900000F1DF8131EE464BB4EEC54BF1EE10FA22
:10A2A000DFD5029A0CF1010C02E0914200F0978197
:10A2B0000D4611F8013D392BF7D001330B70CDF865
:10A2C00010C01AE5314642462046FCF709FE5A46C0
:10A2D000014606462046FCF73FFD59460D902046B4
:10A2E000FCF746FC099BDDF834B0B3EB0803099397
:10A2F0007FF471AC0123099375E403D11AF0010FC7
:10A300007FF4DBAC4D4619F8013D302BFAD0E3E485
:10A31000059B029A0233049331231370DCE406EEAA
:10A32000901AB1EE0C4BB8EEE66BA5EE064B14EEB0
:10A33000901A53EC142BA1F1507343EC142BB1EE93
:10A34000046B35EE466BB4EEC46BF1EE10FA00F31D
:10A350005681B1EE444BB4EEC46BF1EE10FA7FF5CA
:10A3600062AD00212046FCF703FC069B029D5B4288
:10A370000493C2E4059B0A939A460023C2F10107A5
:10A380000B93FFF73BBB00F00781059A564B5242F7
:10A3900002F00F0103EBC10393ED005B131127EEF5
:10A3A000055B00F07981514A022101E05B1008321F
:10A3B000DD0703D45B100832D807F7D592ED006BA8
:10A3C0005B1001F1010125EE065B3FF4FFAE0832A0
:10A3D000F2E7099B0A9AA8EB03031A4401212046DD
:10A3E0000A92FCF78BFCCA4407EB09050646CDF838
:10A3F0002480002F3FF4EFAB57453B46A8BF5346A0
:10A40000ED1AFF1AAAEB030AFFF7E5BB4146204607
:10A41000FCF7AEFB069B029D5B420493002E7FF48B
:10A4200068AC6AE4029B5E1C87EE036BBDEEC66BF4
:10A43000029A16EE103AB9F1010F03F13003B8EEAB
:10A44000C65B31461370A3EE457B7FF447AB37EE16
:10A45000077BB4EEC37B059BF1EE10FA03F1010319
:10A4600004939C4608DCB4EE437BF1EE10FA05D170
:10A4700016EE103ADB0701D5029A19E70D463CE4C7
:10A480000C95A946069589E4009B002B7FF403AE4A
:10A49000DDE90012C2F31303002B00F0C4800A911F
:10A4A000FBE571682046FCF739FB0546002800F003
:10A4B0000481336902339A0006F10C010C30F8F77D
:10A4C000F1FA294601222046FCF766FD0746F3E42F
:10A4D0000221B0EE474B79E4059B009601333E46DE
:10A4E0000493FFF7DEBB00BFE8020020C00200209B
:10A4F000029A24EE022B012882F800E014D0B2EE7A
:10A50000043B029A151826EE036BFDEEC65B15EEB2
:10A51000902A303201F8012BA942B8EEE54B36EE15
:10A52000446BF0D1711E0144B6EE005B32EE054B78
:10A53000B4EEC64BF1EE10FA3FF5B3AE35EE425B2A
:10A54000B4EEC65BF1EE10FA0DDC119A002AFFF6AC
:10A55000B0AD059A0E2A3FF7ACAD059A03EBC203E6
:10A5600093ED003B60E70D46013915F8013C302BB7
:10A57000F9D00CF101030493FFF7BFBB109ADDF88B
:10A580002480C2F13602FFF714BB099E002E7FF42F
:10A590000AAE3D46FFF727BB0221B0EE475B15E64A
:10A5A000B9F1000F3FF4BBAE0C9800287FF73BAC2D
:10A5B000B2EE043BB1EE0C4B013106EE901A25EEE3
:10A5C000035B059BB8EEE66BA5EE064B14EE901A06
:10A5D00003F1FF3C53EC142BA1F1507315E60CF181
:10A5E000010C31236AE6A946392309F8013B059B92
:10A5F00000960133029A04933E46FFF763BB029D27
:10A60000312305F8013B002134E4334B3348002269
:10A6100040F2AF11FFF760F87FF4C4AC1AF0010FFD
:10A620007FF4B9ACBEE4019B23F000431B0D1B0576
:10A63000002B3FF431AD012301350AF1010A0A93E1
:10A640002BE50D9B002B33D101230C9399460693E8
:10A650002FE50CF1010304930D46FFF74EBBBAF151
:10A66000390FC0D091453FF79AAC9BE44A46FFF7BB
:10A67000A0BA049A022A05DC059A04929946059527
:10A68000FFF7ECBA0595DDF83090BBE4049A059528
:10A69000022AF8DC994602E4022197E50021E163F1
:10A6A000FFF76BBB0CF1010304930D46FFF725BBCD
:10A6B0000D9B069399460C930EE5074B07482A46D7
:10A6C00040F2EF21FFF708F8054B0293FFF72CB992
:10A6D000002A3FF754AC65E41835002018360020F6
:10A6E0000836002030B5044687B05BB110480193AE
:10A6F000D0F8C85171B12046A847421C019B10D028
:10A7000007B030BD00F5827309480193D0F8C851F5
:10A710000029F0D10A46204603A9A847421C019B04
:10A72000EED100218A221960226007B030BD00BF3F
:10A73000F043002010B582B0049CCDE900344FF006
:10A74000FF3301F055FC02B010BD00BF0EB400B5E0
:10A7500082B003ABDFF81CC053F8042B0193014611
:10A76000DCF8000000F008F802B05DF804EB03B07C
:10A77000704700BF584600202DE9F04FC5B00DF1DD
:10A78000500A8346049116460021082250461C4672
:10A790000B93FBF7DDF9BBF1000F04D0DBF834308D
:10A7A000002B00F04987049B5A6EB3F90C30D00798
:10A7B00040F14181990400F1A985049943F40053C3
:10A7C00022F400528B814A66930401F1AE80049B0F
:10A7D000B3F90C301D0740F1BD80049A1269002ABC
:10A7E00000F0B88003F01A020A2A00F0C2800023A9
:10A7F000CDE91933CDE90E331BAADFF86C980D9320
:10A80000189217460793B0464546D9F8CC41FBF756
:10A81000D5FCCDF800A003462A4612A95846A04709
:10A82000002800F0C580C0F2BB80129A252A03469A
:10A8300001D01D44E9E7B5EB0806044640F0BC80B2
:10A84000002319468DF8433008934FF0FF326B78A0
:10A85000059205F10108039108F101081946A1F1DB
:10A8600020035A2B00F2F280DFE813F0E603F00039
:10A87000F000DF03F000F000F000BF03F000F00094
:10A8800007025302F00012020004F000F1035B0023
:10A890005B005B005B005B005B005B005B005B00E0
:10A8A000F000F000F000F000F000F000F000F00028
:10A8B000F000D8019F03F000F000F000F000F0007D
:10A8C000F000F000F000F000F0001902F000F000DD
:10A8D000F000AA01F000FB02F000F000BA05F00061
:10A8E000F000F000F000F000F000F000F000F000E8
:10A8F000F000D8016801F000F000F0009503680155
:10A900006D00F0008B03F0007D036A0320036D00EF
:10A91000F000AA016A005902F000F000FB05F00007
:10A920006A00A1F13003002218F8011B02EB820239
:10A9300003EB4202A1F13003092BF5D908928EE70F
:10A9400098F8003088E7039B43F02003039398F8BE
:10A95000003081E7049D5846294601F05FFA00283F
:10A9600040F0F687B5F90C3003F01A020A2A7FF49A
:10A970003EAF0499B1F90E20002AFFF638AF4A6EB7
:10A98000D20702D49F0540F19087049923463246AE
:10A99000584601F015F80790079845B0BDE8F08FCC
:10A9A000082200215046FBF7D3F801231D442CE771
:10A9B000B5EB0806044610D01A9B33441A93199B32
:10A9C0000133072BC7E90086199310DC0837079B72
:10A9D00033440793002C7FF433AF1A9B002B40F0D5
:10A9E0006E87049B0022B3F90C30199218E0049989
:10A9F00018AA584601F024F878B91BAFE7E7049984
:10AA000018AA584601F01CF8002800F08380099B22
:10AA10001BB109995846FBF75FFF049BB3F90C3053
:10AA2000049A526ED0077FD55B0600F166870798BF
:10AA300045B0BDE8F08F9F0540F114819D047FF57E
:10AA4000BCAE90047FF5C6AE00F071BF0029C4D043
:10AA5000002301228DF8AC108DF8433009930A923F
:10AA600005932BAD0692DDE919C0039C14F0840612
:10AA70000146624626D1089B069C1C1B002C00F355
:10AA8000ED839DF8433003B300260C960132012379
:10AA900001317B60072A0DF14303CDE919213B60A9
:10AAA00000F3868308370C9B63B1013211AB02318E
:10AAB0003B60072A4FF00203CDE919217B6000F3C8
:10AAC0006B830837802E00F0EE82059B0A981C1AD3
:10AAD000002C00F326830A9B3D6001321944072AAB
:10AAE000CDE919217B6000F34C830837039B5C0799
:10AAF00005D5089B069A9C1A002C00F36583DDE9B6
:10AB0000073206988242ACBF9B181B180793002996
:10AB10007FF475AF00231993099B1BB1099958461F
:10AB2000FBF7DAFE1BAF6FE69A053FF57DAF049C9D
:10AB3000A06DFBF7E1FBB4F90C3075E7039B9806B9
:10AB400040F13C840B9B073323F00702536852F813
:10AB5000084B0B921E46002BC0F23882059A002A41
:10AB600007DB039B23F08003039354EA060300F002
:10AB70008C840A2C76F1000380F0F7803034059A3B
:10AB80009DF843308DF80F41012AB8BF012206928B
:10AB9000002B00F0AF83069B0133002506930123B1
:10ABA000CDE909530DF20F15DDE91921039B13F0CF
:10ABB0008406084694463FF45EAF00230C9365E795
:10ABC0000B9E00238DF8433056F8043B0993002B6D
:10ABD00000F05585532900F07284039B13F0100494
:10ABE00040F06D84059A002AC0F213850998214629
:10ABF000FBF70EFD9DF84330099D002800F08B8681
:10AC0000421B0A9222EAE2720692002B00F00E85A5
:10AC10000132059406920B960994C5E7432903D0A7
:10AC2000039BDD0640F127840822002116A8FAF7CD
:10AC30008FFF0B9A2BAD126816AB29465846FFF7CB
:10AC400051FD0A90013000F04F860A9B23EAE3731E
:10AC500006930B9B04330B9300238DF84330099329
:10AC6000059300E7049DA86DFBF744FBB5F90C3094
:10AC70006A6E99043FF5A8AD9FE50B9B53F8042B32
:10AC80000892002A80F23D83089A0B935242089260
:10AC9000039B43F00403039398F80030DCE5039B27
:10ACA00043F010009B0640F14E830B9B073323F0CB
:10ACB00007031A46596852F8083B0B9200228DF898
:10ACC0004320059A002AC0F2118320F49062039277
:10ACD00053EA010200F01E8344AD03F00702DB08D3
:10ACE00043EA4173C908303253EA0104284605F8A3
:10ACF000012DF2D1039B13F0010340F09E82059ACF
:10AD0000099344AB5B1B9A42B8BF1A460A9306925A
:10AD1000A9E62B238DF8433098F800309CE5039981
:10AD20008E0600F1A48003990B9A11F0100052F8DE
:10AD3000043B40F02783039911F0400100F0CA84DE
:10AD40008DF843009BB205990026B1421C4606DBF4
:10AD5000039921F080010391002B00F07B850A2CE0
:10AD600076F100030B92FFF409AF039B09970020D3
:10AD7000CDF830B044A9DDF834B0069003F4806714
:10AD8000CDF8288025E00690A319B54843F10003CB
:10AD9000A0FB032C2CF0030202EB9C029B1AE31A8B
:10ADA0004FF0CC32A046B64602FB03F266F1000635
:10ADB00000FB0622A3FB0043B8F10A0F13444FEA3D
:10ADC00054047EF1000E294644EAC3744FEA530648
:10ADD0002ED3069BA24A01330693A31943F1000325
:10ADE0001046A2FB032525F0030202EB95029B1AF5
:10ADF000E31AA3FB003266F1000500FB05225B08A5
:10AE000043EAC27303EB8303A4EB4303303301F83B
:10AE1000013C4D1E002FB7D006989BF800308342AE
:10AE2000B1D1FF28AFD00A2C76F1000380F0AF84B7
:10AE300005999DF84330CDF834B044AA521B914295
:10AE4000B8BF1146DDE90978DDF830B00A92069105
:10AE5000002B00F0EE83069B013306930023099339
:10AE6000A2E6039B43F010019B0640F189820B9BF5
:10AE7000073323F0070200238DF84330059B566803
:10AE800052F8084B0B92002BC0F2EE8221F08003A7
:10AE9000039354EA06037FF46CAE059B002B40F04D
:10AEA000DE840A930693099344ADDCE5059C0B9977
:10AEB0000398002247F630039442ADF844308DF8F1
:10AEC000432051F8043BC0F2D28220F0800040F0D1
:10AED00002000390002B00F0E58303F00F046148AB
:10AEE0001B09045D8DF80F410B9100F0568502217E
:10AEF00006910DF20F1503F00F011B09415C05F8D7
:10AF0000011D43EA0273120953EA0201F3D144AB73
:10AF10005A1B059B0A929342B8BF1346069A002A11
:10AF200000F03985DDE91921039C023314F0840611
:10AF300006930846944600F0E98200230993B4E59D
:10AF4000039886063FF5B1AE03990B9ACD0652F8E9
:10AF5000043B00F114850398440640F1C8839BB27A
:10AF60000B920021AAE603990B9A8C0602F10403C6
:10AF700040F1F081126807991160C91751600B9375
:10AF800042E498F800306C2B00F08F82039A42F074
:10AF90001002039260E498F80030682B00F07B8286
:10AFA000039A42F04002039256E4039A940642F058
:10AFB000100300F100820B9A04320B9903930C6882
:10AFC0000B92E6173346002BBFF6C8AD2D238DF844
:10AFD0004330059B644266EB4606002BFFF6C9AD85
:10AFE000039B23F080030393C3E55846FEF72AFB37
:10AFF00043680F931846FBF76BFB0E9004465846C8
:10B00000FEF720FB826898F800300D92002C3FF488
:10B0100023AC002A3FF420AC1278002A3FF41CAC89
:10B02000039A42F48062039216E4039B43F0010307
:10B03000039398F800300FE49DF8432098F800300F
:10B04000002A7FF409AC20228DF8432004E4039BFE
:10B0500043F08003039398F80030FFF7FDBB00BF77
:10B06000CDCCCCCC98350020F0430020404610F8E1
:10B07000011B2A2900F07784A1F13003092B98BF26
:10B08000002200F2178410F8011B02EB820203EB8E
:10B090004202A1F13003092BF5D942EAE27305938C
:10B0A0008046FFF7DCBB089B06981C1A002C7FF734
:10B0B0000CAD102C40F3268438460C95AE4F049D01
:10B0C000102604E0103C102C00F1080015DD0132C0
:10B0D0001031072AC0E90076CDE91921F2DD18AA5E
:10B0E0002946584600F0ACFC00287FF490AC103C98
:10B0F000102CDDE919211BA8E9DC0C9D3B46074615
:10B1000001322144072ACDE919213B607C6000F31C
:10B11000A482059B0A981C1A002C07F108077FF7E8
:10B12000DAAC102C40F3ED8238461026924F04E042
:10B13000103C102C00F1080016DD01328E4B10314E
:10B14000072AC0E90036CDE91921F1DD049918AAD2
:10B15000584600F075FC00287FF459AC103C102CC8
:10B16000DDE919211BA8E8DC3B46074601322144F2
:10B17000072ACDE919213B607C6000F3AA800837DB
:10B18000A9E4049918AA584600F05AFC00287FF454
:10B190003EAC1A991BAFA9E4049918AA584600F0CE
:10B1A0004FFC00287FF433ACDDE919211BAF89E4A3
:10B1B000049918AA584600F043FC00287FF427ACF5
:10B1C000DDE919211BAF6EE4102C199B40F381833C
:10B1D0003A46049E694F102504E0103C102C02F101
:10B1E000080215DD01331031072BC2E90075CDE9E6
:10B1F0001931F2DD18AA3146584600F021FC00282A
:10B200007FF405AC103C102CDDE919311BAAE9DCF8
:10B210003E46174601332144072BC7E90064CDE9B8
:10B2200019317FF76CAC049918AA584600F008FC55
:10B2300000287FF4ECAB1A9961E4302A00F0018217
:10B240003023059A05F8013C023844AB1B1A9A4298
:10B25000B8BF1A460A9306920546EFE000230C9306
:10B26000102C464E624623DD394610232F46049D9E
:10B2700004E0103C102C01F1080117DD0132103000
:10B28000072AC1E90063CDE91920F2DD18AA294691
:10B29000584600F0D5FB00287FF4B9AB103C102CC9
:10B2A000DDE919201BA94FF01003E7DC3D460F46EE
:10B2B00001322118072ACDE919213E607C6000F394
:10B2C0007A819DF843600837002E36D00026FFF7BC
:10B2D000DDBB049918AA584600F0B2FB00287FF4A1
:10B2E00096ABDDE919211BAFFFF7F5BB20F48062B7
:10B2F0000392F1E4099301230A930DF20F15FFF76E
:10B30000B2BB0B9398F80030FFF7A6BA92047FF512
:10B3100061AAF2E2059A002A7FF4DEAC10F0010285
:10B32000069200F0428130238DF80F31059B0A927E
:10B3300009930DF20F15FFF796BB0C9B002B7FF4C2
:10B34000B4ABFFF7C2BB0B9B1A1D0B9B0B921B6888
:10B350000021B3E4039AD00600F18C81039A5106D0
:10B3600000F19582039A920540F184810B9A079926
:10B370001268117003E600BF903D00205439002090
:10B380000B9B1A1D0B9B05981B680026B0428DF87D
:10B3900043601C4667DB21F080010391002B7FF4A2
:10B3A000DEAC0B92002840F05A820A900690099079
:10B3B00044ADFFF758BB0393FFF7C4BB039B0B9A45
:10B3C000D90652F8044B3FF5F8AD039B5E0640F1F9
:10B3D000768144F3C0360B9224B23346FFF7BBBBF1
:10B3E000AD48039B9D0640F1B5800B9B073323F0CE
:10B3F00007031A465C6852F8083B0B92039A12F056
:10B400000102069240F08C808DF84320059A002AB4
:10B41000C0F2B780039A22F49062039253EA0402C6
:10B4200040F0F380059A002A00F0F68103788DF849
:10B430000F31012306920A930DF20F15DDE9192150
:10B44000039B13F084060846944600F0A1829DF801
:10B450004330002B00F0AB82002309930C93FFF7DD
:10B4600015BB8E48BDE70B920391FFF782BB40F0FE
:10B470000200039031E50B9B1B688DF8AC30012373
:10B4800006930A932BADFFF7E4BB002A00F0D481AA
:10B490003024FFF774BB039B43F40073039308F15C
:10B4A000010898F80030FFF7D7B9039B43F0200359
:10B4B000039308F1010898F80030FFF7CDB9099B14
:10B4C00013930822002116A8FAF742FB059B002BD4
:10B4D000C0F219810024069725461F460EE02BA9CD
:10B4E0005846FFF7FFF8411C284400F0FD81B842A0
:10B4F00009DC04F1040400F008820546139A12598D
:10B5000016AB002AEBD1069F05950AE1089C069B25
:10B510000996E41A002C7FF7C8AA02230C939FE631
:10B5200053EA04025ED100238DF84330059B002BC3
:10B53000C0F22181039B23F49063039300F0878181
:10B5400003788DF80F31069B0A93059B06930DF245
:10B550000F1573E70B9A52F8043B0B92039AD4062B
:10B5600008D4520602D59BB2002447E7039A9605F9
:10B5700000F18181002441E742F00202039202229D
:10B580000692039A22F48062039203F00F02825C17
:10B590008DF80F211B0943EA0473220953EA14149E
:10B5A0007FF4A7AC0DF20F15B1E4059B44ADCDE9D6
:10B5B0000933FFF758BA049918AA584600F040FA20
:10B5C000064600287FF423AA9DF84330DDE91921BF
:10B5D000002B40F089800C9B1BAF002B7FF465AAE9
:10B5E000FFF773BA30228DF8442000228DF84320F3
:10B5F000059A8DF84510002A039ABDDB22F490626B
:10B6000042F0020203920222069203F00F02825CD1
:10B61000BEE7099D2846FBF75BF89DF843300A908A
:10B6200020EAE0720692002B7FF4F2AA099D0593AE
:10B630000B960993FFF717BA5846FAF75BF8FFF72E
:10B64000B2B8059A44AB5B1B9A42B8BF1A460A933C
:10B65000002306920993FFF706BA049918AA5846E0
:10B6600000F0EEF900287FF4D2A9DDE919211BAF23
:10B67000FFF72BBA0B9A0799126811607FE4059BBC
:10B68000074D0B96062B28BF062306930A93099BAA
:10B690000593FFF7E8B900BFAC35002098350020CE
:10B6A000C03500200B91002C00F0DC8030230122FB
:10B6B0008DF80F310DF20F1523460A9232E4039BE9
:10B6C0000B929D054ABF44F3C016E61764B2334699
:10B6D000FFF741BA039810F4007600F0CF808DF8A0
:10B6E0004310DBB2FFF72FBB1BAFFFF7CFB90398B7
:10B6F00010F4007100F0BB80DBB20B920021FFF769
:10B70000DDBAAC4B32E516AB0093002313AA194601
:10B710005846FFF70FF80590013000F0E580099BCF
:10B720001393059B002B7CD0632B00F3B680002382
:10B7300009932BAD0822002116A8FAF709FA059CF7
:10B7400016AB009313AA234629465846FEF7F2FF8C
:10B75000844240F01681059900236B5421EAE1727E
:10B7600006929DF84320002A40F0B580CDE90A16E4
:10B770000592FFF778B903788DF80F31039B23F416
:10B7800080630393069B0A930DF20F1556E60E9AFB
:10B790000F99AD1A2846FAF7C3FA9BF801300BB19E
:10B7A0000BF1010B844AA31943F10003A2FB030C24
:10B7B0002CF0030000EB9C001B1AE31A4FF0CC3175
:10B7C00066F1000603FB01F102FB0611A3FB023048
:10B7D00001445B0843EAC1744E08A31943F1000316
:10B7E000A2FB031020F0030101EB90015B1AE31AA6
:10B7F000A3FB023166F1000002FB00125B0843EA82
:10B80000C27303EB8303A4EB4303303305F8013C1D
:10B810000120013DFFF701BB059B0A9344A80546A3
:10B820000CE69DF84330099D0B96003B18BF0123A1
:10B830000693059B0A9301E69DF843303BB1059BB7
:10B84000CDE90933012344AD0693FFF7ADB9059B5C
:10B85000FFF727BB059B0B92002B3FF422AB002484
:10B86000FFF78CB9059B0A9344ADFFF75BBB0398C8
:10B870000B92FFF723BADBB20024BFE505998DF8E0
:10B88000436000291C46BFF663AAFFF768BA0B9A0B
:10B89000079912681180FFF772BB591C5846F9F7D7
:10B8A000A9F8054600B3099044E7886DFAF724FD2E
:10B8B000FFF76BB8002380460593FEF7D0BF0499CD
:10B8C00018AA584600F0BCF800283FF48AA8FFF7F1
:10B8D000A4B83A4E9EE4059A0A92069A0B96013253
:10B8E00006920593FFF760B90498B0F90C30426EE8
:10B8F00043F04001D207818109D54FF0FF33079310
:10B90000FFF795B82B4BFFF7FBBB069F09E799059F
:10B91000F3D4FFF70CB99BB1059B0B965A1C06920A
:10B920000A9305900990FFF73FB9D707E5D4049B28
:10B930009B899E05E1D4049B986DFAF7DDFCDCE75A
:10B94000059A0993CDE905320B960A92FFF78BB859
:10B95000049A536ED807D0D493899905CDD4906DAD
:10B96000FAF7CAFCC9E70B9A98F8013052F8041BA1
:10B970000B9241EAE17180460591FEF76DBF0846E2
:10B98000E3E4049A938943F040039381FFF73FB8BF
:10B990000996FFF770B8069350E5059B0122012B2D
:10B9A000B8BF01230DF20F150A92FFF7BBBA099336
:10B9B000FFF788B8903D0020CDCCCCCC5439002086
:10B9C000F0B50D46ADF2744D164689896A6E1B922C
:10B9D000EA89ADF8162021F00201EA69ADF81410E9
:10B9E00009921CA96A6A0291074606910B924FF4CC
:10B9F0008061002218A80193049107910892FAF738
:10BA000075FC3246019B02A93846FEF7B5FE061EBC
:10BA100007DB02A93846FDF7CDFD002818BF4FF01F
:10BA2000FF36BDF814305B0603D5AB8943F0400305
:10BA3000AB811898FAF75CFC30460DF2744DF0BDFE
:10BA4000936810B514461BB918460023636010BDF7
:10BA500000F068F80023A3600023636010BD00BFFE
:10BA60002DE9F0438E681D46AE420B6883B00C464C
:10BA700090463AD8B1F90CC01CF4906F0FD13546FE
:10BA8000184641462A46F9F7D1FFA3689E1B236852
:10BA9000A6602B440020236003B0BDE8F0834A6910
:10BAA000096902EB42025E1A02EBD2726B1C521061
:10BAB0003344934294BF17461F46934288BF1A46A9
:10BAC0001CF4806F814612D01146F8F793FFF0B155
:10BAD000324621690190F6F7E5FFA289019B22F425
:10BAE000906242F08002A28105E02E46C8E7F9F795
:10BAF00063FA034638B123613344BE1BA660676115
:10BB000023602E46BCE721694846FAF7E5FEA38983
:10BB10000C2243F04003C9F800204FF0FF30A3810E
:10BB2000BAE700BF9368002B00F0B7802DE9F04F13
:10BB3000B1F90CC01CF0080F83B00C4680461746C4
:10BB40002DD00B695BB31CF002033E6833D04FF07D
:10BB5000000ADFF8C4B25546B9465D452B46524649
:10BB600028BF5B464046B5B1E169676AB84700281F
:10BB700040F38B80D9F808301B1A8244C9F808308A
:10BB8000002B79D02D1A5D452B46524628BF5B46C7
:10BB90004046002DE8D1D6E900A50836DDE721466C
:10BBA000404600F03BF9002874D1B4F90CC03E685F
:10BBB0001CF00203CBD11CF0010A70D1236800975E
:10BBC0005546002D54D01CF4007FD4F80890184638
:10BBD00000F0AB80A945CB4600F2E4801CF4906FE6
:10BBE00034D021696269A3EB010902EB420202EB46
:10BBF000D27209F1010352102B44934294BF934631
:10BC00009B46934288BF1A461CF4806F00F0E9807F
:10BC100011464046F8F7EEFE002800F0F7804A464D
:10BC200021690190F6F73EFFA289019B22F4906200
:10BC300042F08002A28103EB09002361ABEB090310
:10BC4000C4F814B0A3602060A946AB4651465A46DA
:10BC5000F9F7ECFEA2682368A2EB0902A260009A41
:10BC600091685B44491B2360916029B1B4F90CC011
:10BC7000D6E900A50836A4E7002003B0BDE8F08FA0
:10BC800021464046FDF796FC68B3B4F90C3043F00A
:10BC90004003A3814FF0FF30EFE7002070471D46BF
:10BCA0009A461846B946009365B3002831D05246EB
:10BCB000D4E904132068AA4228BF2A46884204D93E
:10BCC000A16803EB010B5A457CDC93426DDCE16912
:10BCD000009A676A4046B847B0F1000BD5DDBAEB71
:10BCE0000B0ACDD00120D9F80830A3EB0B03C9F81B
:10BCF0000830002BC0D0009BA5EB0B055B440093E4
:10BD0000002DD2D1756833460836002DFAD01B6855
:10BD10000093009F2A460A213846FAF779FC00284A
:10BD200071D00130A0EB070AC1E722699A4221D302
:10BD30006269AA421ED86FF00043AB4228BF2B466F
:10BD4000E16993FBF2F3676A02FB03F34046524654
:10BD5000B847B0F1000998DD009A9368A3EB090396
:10BD6000A5EB09059360002B86D0B4F90CC02368BD
:10BD7000CA4426E7A94528BFA94618464A4651465F
:10BD8000F9F754FEA2682368A2EB09024B44A260B3
:10BD90002360002AE0D121464046FDF70BFC002835
:10BDA000DAD072E7A946AB4650E700990192F9F75D
:10BDB0003DFE019AA3689B1AA36023681344236085
:10BDC00093468CE700995A46F9F730FE23685B44A6
:10BDD000236021464046FDF7EDFB00283FF47FAF8E
:10BDE00053E74046F9F7E8F8034600287FF423AF0D
:10BDF00021694046FAF770FDA3890C22C8F800209B
:10BE000023F0800343E76A1C924651E70C22B4F901
:10BE10000C30C8F800203AE700FCFF7F10B5354B26
:10BE20000446186882B00B4610B1426B002A53D00A
:10BE3000B3F90C20110711D51869C8B1B3F90C205A
:10BE400012F0010126D059694FF0000C4942C3F8A5
:10BE500008C0996120B3002002B010BDD00640D5C3
:10BE6000510723D4186942F008029A810028E5D1CD
:10BE70009A8902F42072B2F5007FDFD0194620467D
:10BE8000019300F0C9F8019BB3F90C20186912F076
:10BE90000101D8D1940758BF596999600028DAD1B7
:10BEA0001106D9D542F040029A811FE0196B61B1A9
:10BEB00003F14000814206D020460193FAF70CFDC1
:10BEC000019BB3F90C200021196318690021C3E913
:10BED000000122F02402C6E70191F9F70BFC019B57
:10BEE000A6E7092142F0400221609A814FF0FF301D
:10BEF000B2E700BF584600202DE9F04F8BB0DDE9D6
:10BF00001589149F02901C46B8F1000F57D016688F
:10BF100001960029C34608BF4FF0FF370025884629
:10BF20000391924606E0019B53F8040B019300280D
:10BF300037D06546AF423ED9002C3CD0DBF800300C
:10BF40000493DBF804300593019B02981A68D9F832
:10BF5000C8615B4606A9B047431C33D000EB050C13
:10BF6000BC453AD8039B013C002BDCD000280DDDFA
:10BF700008F1FF32019E06A900EB020E11F8013B09
:10BF800002F8013F7245F9D101968044019BDAF82D
:10BF9000002053F8040B01930432CAF80020002853
:10BFA000C7D10399D84609B1CAF800000022C8F8E1
:10BFB00000200CF1FF3528460BB0BDE8F08F00F5EE
:10BFC0008678A4E7029B05468A210022284619604C
:10BFD000CBF800200BB0BDE8F08FD846DDF810A0FC
:10BFE000DDF814B02846C8E900AB0BB0BDE8F08F0F
:10BFF00000B585B0DFF81CC0069800900798019046
:10C0000003480068CDF808C0FFF776FF05B000BD13
:10C0100058460020F0430020B1F90C20930706D5C4
:10C0200001F143030122C1E904320B60704730B5CE
:10C030000B46B1F90E10002999B0044632DB02AA72
:10C04000009300F05BF80028009B29DB4FF480612F
:10C0500020460093039DF8F7CDFC009BB3F90C201C
:10C06000002839D005F4704142F080021860186150
:10C07000B1F5005F4FF480609A8158613AD1B3F90D
:10C080000E100093204600F04DF8009BB3F90C20F1
:10C0900080B322F0030242F001024FF4006117E086
:10C0A000B3F90C20019312F0800F0CBF4FF48061A4
:10C0B000402120460091F8F79DFC019B0099B3F9BF
:10C0C0000C2048B1C3E9040142F08002186000214D
:10C0D0000A439A8119B030BD9105FBD422F00302C6
:10C0E00003F1430142F002020120C3E904109A81E6
:10C0F0001960EFE74FF40061EAE700BF38B5084C7C
:10C1000000230546084611462360F6F77DFE431CD2
:10C1100000D038BD2368002BFBD02B6038BD00BF9A
:10C12000D8DF042038B5074C0023054608462360B5
:10C13000F6F770FE431C00D038BD2368002BFBD0FF
:10C140002B6038BDD8DF04205FF800F0654F006039
:10C150005FF800F0C14E00605FF800F0751A0060F3
:10C160005FF800F0291800605FF800F0B526006065
:10C170005FF800F0213800600000000000000000BF
:04C18000F8B500BF4F
:08C18400AC80FF7F0100000008
:10C18C0000000000000000000000000000000000A3
:10C19C000000000000000000000000000000000093
:10C1AC000000000000000000000000000000000083
:10C1BC000000000000000000000000000000000073
:10C1CC000000000000000000000000000000000063
:10C1DC000000000000000000000000000000000053
:10C1EC000000000000000000000000000000000043
:10C1FC000000000000000000000000000000000033
:10C20C000000000000000000000000000000000022
:10C21C000000000000000000000000000000000012
:10C22C000000000000000000000000000000000002
:10C23C0000000000000000000000000000000000F2
:10C24C0000000000000000000000000000000000E2
:10C25C0000000000000000000000000000000000D2
:10C26C0000000000000000000000000000000000C2
:10C27C0000000000000000000000000000000000B2
:10C28C0000000000000000000000000000000000A2
:10C29C000000000000000000000000000000000092
:10C2AC000000000000000000000000000000000082
:10C2BC000000000000000000000000000000000072
:10C2CC000000000000000000000000000000000062
:10C2DC000000000000000000000000000000000052
:10C2EC000000000000000000000000000000000042
:10C2FC000000000000000000000000000000000032
:10C30C000000000000000000000000000000000021
:10C31C000000000000000000000000000000000011
:10C32C000000000000000000000000000000000001
:10C33C0000000000000000000000000000000000F1
:10C34C0000000000000000000000000000000000E1
:10C35C0000000000000000000000000000000000D1
:10C36C0000000000000000000000000000000000C1
:10C37C0000000000000000000000000000000000B1
:10C38C0000000000000000000000000000000000A1
:10C39C000000000000000000000000000000000091
:10C3AC000000000000000000000000000000000081
:10C3BC000000000000000000000000000000000071
:10C3CC000000000000000000000000000000000061
:10C3DC000000000000000000000000000000000051
:10C3EC000000000000000000000000000000000041
:10C3FC000000000000000000000000000000000031
:10C40C00010000000000000001000000000000001E
:10C41C00010000000000000001000000000000000E
:10C42C0000000004000000000000002000000000DC
:10C43C000000004000000000000000600000000050
:10C44C000080E03779C34143176E05B5B5B8934604
:10C45C00F5F93FE9034F384D321D30F94877825AD0
:10C46C003CBF737FDD4F1575000000000000F03FEE
:10C47C0000000000000024400000000000005940B3
:10C48C000000000000408F40000000000088C34006
:10C49C0000000000006AF8400000000080842E417B
:10C4AC0000000000D01263410000000084D79741C7
:10C4BC000000000065CDCD41000000205FA00242CD
:10C4CC00000000E876483742000000A2941A6D4242
:10C4DC00000040E59C30A2420000901EC4BCD64235
:10C4EC0000003426F56B0C430080E03779C34143E0
:10C4FC0000A0D8855734764300C84E676DC1AB4356
:10C50C00003D9160E458E143408CB5781DAF154473
:10C51C0050EFE2D6E41A4B4492D54D06CFF080444E
:10C52C00F64AE1C7022DB544B49DD9794378EA4463
:10C53C0001000000010000000200000002000000E9
:10C54C0004000000040000000400000001000000D2
:10C55C0000000000000000000800000008000000BF
:10C56C000800000000020406F03300200000000068
:10C57C000034002020000000103400204000000097
:10C58C0020340020600000003434002080000000C3
:10C59C0044340020A000000054340020C0000000EF
:10C5AC0064340020E000000078340020000100001A
:10C5BC008834002020010000943400204001000049
:10C5CC00A0340020600100000020002000000404C2
:10C5DC000100000004000000010000000200000047
:10C5EC0020000000120000002000000014000000D9
:10C5FC00000000000000000000000000000000002F
:10C60C0020000000160000002000000018000000B0
:10C61C002000000022000000200000002400000088
:10C62C000001000054000000000100006E0000003A
:10C63C00000100009000000000010000B0000000AC
:10C64C0000010000D20000000001000024010000E5
:10C65C00FF00780180014302880187018C018B0166
:10C66C00920191019501F601990198019A013D02FF
:10C67C009E012002A801A701AD01AC01B001AF01E0
:10C68C00B901B801BD01BC01BF01F701C601C4016C
:10C69C00C901C701CC01CA01DD018E01F301F10111
:10C6AC00F501F4013A02652C3C023B023E02662C79
:10C6BC004202410253028101540286015602890151
:10C6CC0057028A0159028F015B02900160029301AB
:10C6DC006302940168029701690296016B02622C55
:10C6EC006F029C0172029D0175029F017D02642CF8
:10C6FC008002A6018302A9018802AE0189024402CC
:10C70C008A02B1018B02B2018C0245029202B7017E
:10C71C007B03FD037C03FE037D03FF03AC03860355
:10C72C00C203A303CC038C03CD038E03CE038F0370
:10C73C00F203F903F803F703FB03FA03CF04C00475
:10C74C007D1D632C511F591F531F5B1F551F5D1FF0
:10C75C00571F5F1F781FF81F791FF91FB31FBC1FCE
:10C76C00CC1FC31FE51FEC1FFC1FF31F4E213221F2
:10C77C0084218321612C602C762C752C611F000088
:10C78C00292200002125000029280000492C000046
:10C79C0079300000B934000009390000DD5B00007D
:10C7AC004D60000079670000096C0000A970000062
:10C7BC00597500001D7A0000F57E0000498A0000C2
:10C7CC00618F0000D9980000791A00007D1C0000D0
:10C7DC0009490000A55600002586000009930000B9
:10C7EC00414000003942000089B30000B9B8000094
:10C7FC003DBE0000A5CC000001D30000B1D9000063
:10C80C00A9E4000055DD00005DC7000009EC000044
:10C81C00F5EF00009D200000692300006526000054
:10C82C0071290000952D0000C93100000D36000063
:10C83C00613A0000395D0000AD610000DD68000068
:10C84C00716D000015720000C9760000917B00002C
:10C85C0071800000CD8B0000ED900000759A0000F7
:10C86C00B99E00001D530000195900006D82000094
:10C87C00412B0000712F0000B13300000138000083
:10C88C00955A0000455F000071660000016B0000C6
:10C89C00A16F00005174000015790000ED7D0000BF
:10C8AC0041890000598E0000D1970000A14F000073
:10C8BC006D630000D1460000455400009D830000CC
:10C8CC00B19C0000FD4D00007151000035B100001D
:10C8DC003DB6000099BB00004DC100001DC4000016
:10C8EC00E1CF000069D6000039E100002DCA00003C
:10C8FC0051E80000A9F40000000000000100000055
:10C90C00020000000300000004000000050000000D
:10C91C0006000000070000000800000009000000ED
:10C92C000A0000000B0000000C0000000D000000CD
:10C93C000E000000100000001200000014000000A7
:10C94C00180000006100E01AE000E017F800E007B2
:10C95C000001013032010106390101104A01012E9A
:10C96C007901010682010104A0010106B301010451
:10C97C00CD010110DE010112F80101282202011281
:10C98C004602010AAD03DB03B103E011C303E00966
:10C99C00D80301183004E0205004B01060040122C8
:10C9AC008A040136C104010ED00401446105D0266D
:10C9BC00001E0196A01E015A001F0808101F080631
:10C9CC00201F0808301F0808401F0806601F0808B1
:10C9DC00701F4A02721F5604761F64027A1F70027F
:10C9EC007C1F7E02801F0808901F0808A01F0808E3
:10C9FC00B01F0802D01F0802E01F08027021F010BF
:10CA0C00D024E61A302CD02F672C0106802C016420
:10CA1C00002D002641FFE01A1823002020230020BF
:10CA2C002C2300203A3A73746F7000005C78253028
:10CA3C0032580000532564207374657020256420DF
:10CA4C00706F732025642066656420256C64202D2E
:10CA5C003E20746F703120256C6420252E396720A0
:10CA6C00746F703220256C6420252E396720746514
:10CA7C00787420222573220020203E3E20000000E6
:10CA8C002020202075534448432025733A205754C6
:10CA9C004D4B5F4C564C2030782530386C5820501C
:10CAAC00524F545F4354524C2030782530386C58D8
:10CABC00204D49585F4354524C2030782530386C07
:10CACC0058205359535F4354524C203078253038FA
:10CADC006C582056454E445F5350454320307825C2
:10CAEC0030386C582056454E445F535045433220E5
:10CAFC0030782530386C5800657846415400000079
:10CB0C0046415433320000007177656E33622E67F4
:10CB1C0067756600202020207177656E33622E6762
:10CB2C006775663A20256C6C7520627974657300A4
:10CB3C0020202020636F6E746967756F7573206F8A
:10CB4C006E2074686520636172642C207365637455
:10CB5C006F727320256C752E2E256C75202825730D
:10CB6C00293A206576657279207365656B20697347
:10CB7C00206F6E65206164646974696F6E20286330
:10CB8C006865636B656420696E20256C75206D7318
:10CB9C002900000020202020465241474D454E548C
:10CBAC004544206F6E207468652063617264202890
:10CBBC002573293A206261636B7761726420736517
:10CBCC00656B732077616C6B2074686520636C7582
:10CBDC007374657220636861696E3B2025642066FE
:10CBEC006F72776172642D6D6F76696E67207265F6
:10CBFC0061642068616E646C657320696E73746522
:10CC0C00616400002C20636F6E746967756F7573B7
:10CC1C00000000002C20465241474D454E544544DF
:10CC2C002028736C6F77206C6F6F6B757073290095
:10CC3C007177656E33622E746F6B0000202020209C
:10CC4C007177656E33622E746F6B3A20256C75208C
:10CC5C006279746573206F6E2074686520636172ED
:10CC6C0064257300202020207177656E33622E744A
:10CC7C006F6B3A206E6F20636F6E746967756F759A
:10CC8C007320256C752062797465732066726565F6
:10CC9C00206F6E2074686520636172640000000070
:10CCAC00202020207177656E33622E746F6B3A20D2
:10CCBC00256C7520627974657320616C6C6F63618F
:10CCCC00746564206F6E20746865206361726420E3
:10CCDC00696E206F6E652072756E3B207772697479
:10CCEC00696E672074686520746F6B656E697A6510
:10CCFC00722773207461626C65730000444D415F50
:10CD0C005344494F000000004649464F5F53444985
:10CD1C004F000000202053442072657374617274BC
:10CD2C0020696E202573206661696C65643A205316
:10CD3C0064466174206572726F72203078253032CF
:10CD4C005820646174612030782530386C580000AC
:10CD5C0020202020534420757020282573292C2056
:10CD6C00636C6F636B20256C75206B487A00000038
:10CD7C006669666F00000000204641494C4544003E
:10CD8C00646D610042454E43482073645F73657166
:10CD9C0020726561645F73697A6520256C75206DFE
:10CDAC00625F7320252E3266207364696F202573B1
:10CDBC002573000042454E43482073645F736571D0
:10CDCC005F6474636D20726561645F73697A65205A
:10CDDC00256C75206D625F7320252E32662073647E
:10CDEC00696F20257320636C6F636B5F6B687A20AF
:10CDFC00256C752573000000434C4B53574545502B
:10CE0C0020626567696E2074656D705F6320252EE6
:10CE1C0031660000434C4B535745455020656E64BA
:10CE2C003A204649464F20726573746172742066CD
:10CE3C0061696C6564000000434C4B535745455089
:10CE4C0020656E643A207265666572656E63652056
:10CE5C0072656164206661696C656400434C4B5378
:10CE6C0057454550206B687A20256C75206469768F
:10CE7C0069646572202575206D625F7320252E32E2
:10CE8C00662028536446617427732C2074686520CF
:10CE9C007265666572656E6365290000434C4B5381
:10CEAC0057454550206B687A20256C75206469764F
:10CEBC0069646572202564206D625F7320252E32B3
:10CECC006620726567696F6E732025642077726FB8
:10CEDC006E67202564206661696C6564202564009A
:10CEEC00434C4B535745455020656E643A20726550
:10CEFC007374617274206661696C65640000000073
:10CF0C00746865206361726420646964206E6F7458
:10CF1C0020726573746172743B20706F7765722D2B
:10CF2C006379636C6520746865205465656E7379EC
:10CF3C002028756E706C75672055534220666F7291
:10CF4C0020322073290000000A202048414C54450F
:10CF5C00443A202573000000434C4B535745455031
:10CF6C002062657374206B687A20256C7520646967
:10CF7C007669646572202575206D625F7320252E9D
:10CF8C00326620286B65707429000000434C4B53AB
:10CF9C00574545502062657374206973205364466D
:10CFAC006174277320636C6F636B0000434C4B53AD
:10CFBC005745455020656E642074656D705F632025
:10CFCC00252E316600000000434C4B53574545500D
:10CFDC0020646976696465722025643A20636C6FFD
:10CFEC00636B20646964206E6F7420736574746C59
:10CFFC006500000070726573756D0000646F745F7E
:10D00C007100000042454E4348206B65726E656CA2
:10D01C0020257320616273656E74000042454E4397
:10D02C0048206B65726E656C20257320646F657388
:10D03C00206E6F74206669740000000042454E43F8
:10D04C0048206B65726E656C202573207265616477
:10D05C00206661696C65640042454E4348206B65EF
:10D06C00726E656C202573207479706520256C7543
:10D07C00207061746820257320726F777320256C83
:10D08C007520636F6C7320256C75206D625F732047
:10D09C00252E3266206D776569676874735F73201F
:10D0AC00252E32660000000042454E4348206B6539
:10D0BC00726E656C5F7838202573207479706520EA
:10D0CC00256C7520766563746F72732038206D77CC
:10D0DC006569676874735F735F7065725F766563AB
:10D0EC00746F7220252E32660000000042454E43BC
:10D0FC00482071346B5F73746167652025732073EE
:10D10C0074616765202564206379636C65735F7057
:10D11C0065725F77656967687420252E3366206DAC
:10D12C00776569676874735F7320252E326600001B
:10D13C004649464F5F5344494F3A206E6F206F76F5
:10D14C0065726C617020706F737369626C6500003E
:10D15C004649464F5F5344494F3A207265616473A8
:10D16C00207374617920657861637400444D4100CB
:10D17C004649464F00000000736574007364666195
:10D18C00740000002028303A206F6E6520726F7793
:10D19C0020706572207969656C64290057524F4E76
:10D1AC00470000004F4B0000492062656E63682DFC
:10D1BC006F6E6520707372616D5F6C6C6D2076386C
:10D1CC002062616E6B732025642070735F627974CA
:10D1DC00657320256C75206D61785F7365712025F2
:10D1EC00642067656E202564207364696F20257345
:10D1FC00206F7665726C617020256420616C6967A4
:10D20C006E20256420736C69636520256C750000A5
:10D21C003A3A67656E00000047454E2025640000D1
:10D22C003A3A62656E63680042454E434820626537
:10D23C0067696E2074656D705F6320252E31660002
:10D24C0042454E4348207364696F20737769746359
:10D25C006820746F202573206661696C656400001A
:10D26C0042454E43482073645F72616E646F6D205B
:10D27C00726561645F73697A652034303936206376
:10D28C006F756E7420323536206D735F656163681F
:10D29C0020252E3366206D625F7320252E3266208A
:10D2AC006661696C732025640000000066666E5F21
:10D2BC00676174655F4C300066666E5F646F776E95
:10D2CC005F4C30006174746E5F765F4C3000000010
:10D2DC00746F6B656E5F656D6264000042454E4312
:10D2EC004820707372616D5F7261772062616E6B42
:10D2FC00202573206D6F6465202573207772697407
:10D30C00655F6D625F7320252E32662072656164E5
:10D31C005F6D625F7320252E32662077726F6E67A9
:10D32C0020256C750000000042454E434820707368
:10D33C0072616D206E6F2066726565206D65676128
:10D34C00627974652061626F76652074686520610E
:10D35C007474656E74696F6E206361636865000038
:10D36C0042454E434820707372616D5F636865631C
:10D37C006B65642062616E6B202573207772697413
:10D38C00655F6D625F7320252E3266207265616465
:10D39C005F6D625F7320252E3266206572726F722C
:10D3AC00732025640000000042454E434820656E02
:10D3BC00642074656D705F6320252E31660000005B
:10D3CC003A3A73746174730053544154532070731C
:10D3DC005F6669785F7220256C752070735F666973
:10D3EC00785F7720256C752070735F6261642025EF
:10D3FC006C752074656D705F6320252E3166206717
:10D40C00656E202564206D61785F736571202564DD
:10D41C0020757074696D655F7320256C7500000054
:10D42C0053544154532062616E6B20256420257344
:10D43C0020257320777269746520256420726561DC
:10D44C0064202564206275727374202564207261D7
:10D45C0074655F6D625F7320252E326600000000DC
:10D46C003A3A686F6C640000484F4C44207761690D
:10D47C0074696E6720666F722070726F6D70747352
:10D48C00000000003A3A70726566696C6C0000002E
:10D49C0050524546494C4C202564000053544F5083
:10D4AC0050454420287761732069646C652900001D
:10D4BC003A3A7364696F00005344494F2025730056
:10D4CC005344494F206661696C6564003A3A6F7643
:10D4DC0065726C61700000004F5645524C415020F3
:10D4EC0025642028636172642025732900000000E4
:10D4FC003A3A616C69676E00414C49474E2025648D
:10D50C002028636172642025732900003A3A736401
:10D51C007377656570000000535745455020626570
:10D52C0067696E2074656D705F6320252E3166000F
:10D53C00535745455020656E643A204649464F2066
:10D54C0072657374617274206661696C6564000045
:10D55C00535745455020656E643A204649464F2046
:10D56C0072656164206661696C656400535745455A
:10D57C0050206669666F206D625F7320252E3266BF
:10D58C002073756D202530386C782530386C780018
:10D59C00535745455020656E643A20444D412072E6
:10D5AC00657374617274206661696C656400000057
:10D5BC00444D41206173205364466174207365743B
:10D5CC007320697400000000535745455020646D6A
:10D5DC006120776D6C20257520627273742025751F
:10D5EC0020626C656E202575206D625F7320252E80
:10D5FC0032662064617461202573000052454144F9
:10D60C002D4641494C4544005357454550207265C1
:10D61C007374617274696E672074686520636172DB
:10D62C00642061667465722061206661696C656452
:10D63C0020726561640000005357454550206265B7
:10D64C00737420776D6C202575206272737420259D
:10D65C007520626C656E202575206D625F732025C8
:10D66C002E326620286B65707420666F7220444DD4
:10D67C004129000053574545502062657374206959
:10D68C00732053644661742773206F776E20736523
:10D69C007474696E672C206D625F7320252E326660
:10D6AC0000000000535745455020656E642074659A
:10D6BC006D705F6320252E31660000003A3A73646A
:10D6CC00636C6B7377656570000000003A3A7364A5
:10D6DC00636C6B005344434C4B206661696C65640E
:10D6EC00000000005344434C4B206B687A20256C9F
:10D6FC0075206469766964657220256C750000007C
:10D70C003A3A7364726567730000000053445245E3
:10D71C0047532063666720256420776D6C20257540
:10D72C00206272737420257520626C656E202575DD
:10D73C00000000003A3A7364636667005344434642
:10D74C0047206661696C65640000000053444346E1
:10D75C004720257320776D6C2025752062727374B9
:10D76C0020257520626C656E202575003A3A736C25
:10D77C0069636500534C49434520256C75207573CE
:10D78C00206F6620726F77732070657220796965DF
:10D79C006C642573000000003A3A7368617265008E
:10D7AC005348415245202564000000003A3A6D75FB
:10D7BC006C7469004D554C544920256400000000E0
:10D7CC0020206D756C74692070726F6D70742025DB
:10D7DC006420646964206E6F74206669743B203A1F
:10D7EC003A6D756C74692063616E63656C6C65640D
:10D7FC000000000020206D756C74692070726F6DD4
:10D80C0070742025643A2022257322202028256458
:10D81C0020746F6B656E7329000000005325642023
:10D82C0070726F6D7074206964733A0020206D758E
:10D83C006C74693A2025730052554E206572726FD4
:10D84C00723D6D756C7469000A2020616E7377658A
:10D85C0072696E672025642070726F6D707473200E
:10D86C00746F6765746865722C20256420746F6B07
:10D87C00656E7320656163680000000020205325ED
:10D88C006420636F706965732069747320666972B4
:10D89C00737420256420706F736974696F6E7320C4
:10D8AC0066726F6D2053256420287468652073613F
:10D8BC006D65206F70656E696E6720746F6B656E39
:10D8CC00732900006D756C746920706173733D254C
:10D8DC006420736C6F74733D2564000020205354D6
:10D8EC004F5050454420617420706173732025643F
:10D8FC00206279203A3A73746F702C2062657477C9
:10D90C0065656E2074776F20636172642072656147
:10D91C006473000052554E206572726F723D7374C1
:10D92C006F7070656420706173733D256400000036
:10D93C0020206D756C7469207061737320256420D0
:10D94C006661696C65643A202573000052554E205F
:10D95C006572726F723D6D756C7469207061737352
:10D96C003D2564002020414E5357455220532564D9
:10D97C003A20222573220000202025642070726F2B
:10D98C006D7074732C202564207061737365732023
:10D99C006F76657220746865207765696768747343
:10D9AC0020666F7220256420706F736974696F6EC6
:10D9BC007320696E20252E306620732C20252E3185
:10D9CC006620732070657220706173733B206F6EDC
:10D9DC006520617420612074696D652074686579B7
:10D9EC0020776F756C642074616B652025642070E2
:10D9FC00617373657300000052554E206D756C7425
:10DA0C00693D2564206E5F67656E3D2564207061FD
:10DA1C00737365733D256420706F736974696F6EE1
:10DA2C00733D2564207368617265643D25642073C1
:10DA3C006F6C6F5F7061737365733D256420746FD9
:10DA4C0074616C5F733D252E3166207065725F705A
:10DA5C006173735F733D252E32662073645F67625A
:10DA6C003D252E33662073645F6D62733D252E3227
:10DA7C00662073645F733D252E316620636F6D7075
:10DA8C007574655F733D252E316620686964646525
:10DA9C006E5F733D252E31662070735F733D252EAE
:10DAAC0031662070735F6669785F723D256C7520F6
:10DABC0070735F6669785F773D256C752070735F56
:10DACC006261643D256C752074656D705F6D617865
:10DADC005F633D252E316600535745455020646DDC
:10DAEC006120736466617420776D6C20256C7520E1
:10DAFC006272737420256C7520626C656E20256CC7
:10DB0C0075206D625F7320252E326620646174610E
:10DB1C00202573006275696C742066726F6D2074B9
:10DB2C006865206D6F64656C206A757374206E6F08
:10DB3C0077000000636865636B65642061676169E9
:10DB4C006E737420746865206D6F64656C20616EF3
:10DB5C006420726575736564000000000A3D3D3DEC
:10DB6C003D3D3D3D3D3D3D3D3D3D3D3D3D3D3D3DD9
:10DB7C003D3D3D3D3D3D3D3D3D3D3D3D3D3D3D3DC9
:10DB8C003D3D3D3D3D3D3D3D3D3D3D3D3D3D3D3DB9
:10DB9C003D3D3D3D3D3D3D3D3D3D3D3D3D3D3D3DA9
:10DBAC003D3D3D3D3D0000002020707372616D5F76
:10DBBC006C6C6D207638202D2D20612033422D7019
:10DBCC006172616D65746572206C616E67756167F9
:10DBDC0065206D6F64656C206F6E206120546565E7
:10DBEC006E737920342E31002020746865206D6F9F
:10DBFC0064656C3A20616C6C206F66206974206FD0
:10DC0C006E20746865206D6963726F53442C2073A9
:10DC1C00747265616D656420657665727920746FC8
:10DC2C006B656E002020505352414D3A202020202D
:10DC3C002074686520617474656E74696F6E2063FE
:10DC4C0061636865202D2D20746865206D6F646597
:10DC5C006C277320776F726B696E67206D656D6FC3
:10DC6C0072792C206E6F7468696E67206F662074F1
:10DC7C006865206D6F64656C000000002020637087
:10DC8C007520256C75204D487A2C20252E31662068
:10DC9C00430000003D3D3D3D3D3D3D3D3D3D3D3D59
:10DCAC003D3D3D3D3D3D3D3D3D3D3D3D3D3D3D3D98
:10DCBC003D3D3D3D3D3D3D3D3D3D3D3D3D3D3D3D88
:10DCCC003D3D3D3D3D3D3D3D3D3D3D3D3D3D3D3D78
:10DCDC003D3D3D3D3D3D3D3D3D3D3D3D000000005C
:10DCEC000A2020505352414D20646973636F76654E
:10DCFC0072793A2061736B696E6720616C6C207469
:10DD0C00656E2073656C6563747320666F72206139
:10DD1C006E206964656E746974790000746865209E
:10DD2C00636F7265206172656E6120697320736D1B
:10DD3C00616C6C6572207468616E20746865206318
:10DD4C006172642074657374206E65656473000081
:10DD5C00616273656E74200020202020252D3473A1
:10DD6C00202573202069642025303258202530323C
:10DD7C005800000050524553454E54002020256455
:10DD8C0020636869707320616E73776572656400D7
:10DD9C000A20207175616C696679696E672065610E
:10DDAC0063683A20717561642066697273742C2003
:10DDBC007468656E2073696E676C652D6269742C6E
:10DDCC0020636F6E6669726D6564206F7665722074
:10DDDC002575206B4220666F75722074696D6573B2
:10DDEC00000000002020202020202020256C752001
:10DDFC0077726F6E67206F766572202575206B4287
:10DE0C0020617420777269746520256420726561C5
:10DE1C0064202564206275727374202564000000F0
:10DE2C00202020202020252D347320252D313173E6
:10DE3C0020656467652077726974652025326420DB
:10DE4C0072656164202532642C2072756E6E696E69
:10DE5C0067206174207772697465202532642072A2
:10DE6C0065616420253264206275727374202532DA
:10DE7C006420736574757020253264202D3E202536
:10DE8C00352E3266204D422F7300000020202020BA
:10DE9C002020252D3473206E6F202573207365741C
:10DEAC0074696E6720737572766976657320257553
:10DEBC00206B420020202020202025733A20256C46
:10DECC00752077726F6E67206F6E20737461626954
:10DEDC006C69747920706173732025643B206C65C8
:10DEEC006176696E67206974206F7574000000009C
:10DEFC0020202020202025733A206E6F742075730B
:10DF0C0061626C65000000000A202070726F7669F7
:10DF1C006E6720657665727920627974653A206641
:10DF2C00696C6C20616C6C2025642062616E6B7373
:10DF3C0020282564204D422920776974682062616D
:10DF4C006E6B2D74616767656420646174612C204D
:10DF5C007468656E207265616420616C6C2062610E
:10DF6C00636B000020202020252D34732066696C03
:10DF7C006C65642038204D4220696E20252E316658
:10DF8C00207300002020505352414D20696E2075A3
:10DF9C0073653A2025642062616E6B732C20256CAE
:10DFAC007520627974657300666577657220746894
:10DFBC00616E2074776F20505352414D2062616E18
:10DFCC006B73207061737365643B206275696C645C
:10DFDC00696E672074686520746F6B656E697A650D
:10DFEC0072277320636172642066696C65206E65AC
:10DFFC0065647320382E33204D42206F6620736386
:10E00C0072617463680000000A202053442063612D
:10E01C0072640000202020205344207570206F6E05
:10E02C0020617474656D7074202564202825732913
:10E03C002C20636C6F636B20256C75206B487A0009
:10E04C00617420626F6F7400202020205344206282
:10E05C006567696E20617474656D70742025642029
:10E06C0028257329206661696C65643A20536446DF
:10E07C006174206572726F722030782530325820AE
:10E08C00646174612030782530386C5800000000D1
:10E09C00746865205344206361726420776F756CDB
:10E0AC0064206E6F7420696E697469616C69736544
:10E0BC003B20706F7765722D6379636C6520746893
:10E0CC0065205465656E73792028756E706C756764
:10E0DC002055534220666F722032207329000000B5
:10E0EC007177656E33622E67677566206E6F74206C
:10E0FC00666F756E64206F6E207468652063617244
:10E10C006400000053442072656164206661696C90
:10E11C00656420647572696E67207468652072612D
:10E12C0074652074657374002020202073657175EC
:10E13C00656E7469616C20726561643A20333220BB
:10E14C004D4220696E20252E32662073203D2025FD
:10E15C002E3266204D422F73000000000A20206FE3
:10E16C0070656E696E6720746865206D6F64656C90
:10E17C003A20616C6C206F6620697420737461792D
:10E18C0073206F6E2074686520636172643B207429
:10E19C00686520505352414D206765747320746834
:10E1AC006520617474656E74696F6E206361636859
:10E1BC006520616E64206E6F7468696E6720656C93
:10E1CC007365000020202020252E316620733B2013
:10E1DC00505352414D2073656C662D636865636BBB
:10E1EC003A20256C7520726561647320636F7272BE
:10E1FC0065637465642C20256C7520777269746571
:10E20C00732072652D646F6E652C20256C752075DE
:10E21C006E7265736F6C76656400000020202020A0
:10E22C002564206C61796572732C2064696D2025DE
:10E23C00642C2068696464656E2025642C20256438
:10E24C0020686561647320282564206B76292C2056
:10E25C00686561645F64696D2025642C20766F634A
:10E26C006162756C6172792025642C20256C752097
:10E27C006D6572676573000020202020252E3066A6
:10E28C0020706172616D657465727320696E2074A3
:10E29C0068652066696C65002020202072656164C9
:10E2AC002066726F6D2074686520636172642070E3
:10E2BC00657220746F6B656E3A20256C6C752062EC
:10E2CC00797465730000000020202020746865209C
:10E2DC006D6F64656C207374617973206F6E20743C
:10E2EC00686520636172643A207765696768747346
:10E2FC002C206E6F726D7320616E64206269617385
:10E30C00657320726561642066726F6D207177652C
:10E31C006E33622E6767756620657665727920703C
:10E32C006173733B2074686520746F6B656E697ADA
:10E33C0065722773207461626C657320696E20713D
:10E34C0077656E33622E746F6B2028256C75206296
:10E35C00797465732C20257329000000202020205F
:10E36C00505352414D207573656420256C75206F98
:10E37C006620256C753A2074686520617474656E2E
:10E38C0074696F6E2063616368652C20256420704E
:10E39C006F736974696F6E73202D2D206E6F7468A6
:10E3AC00696E67206F6620746865206D6F64656C9C
:10E3BC00000000000A202052454144592E20547977
:10E3CC00706520612070726F6D707420616E6420B6
:10E3DC00707265737320456E74657220776974680A
:10E3EC00696E20333020732C206F72207468652086
:10E3FC0064656661756C742072756E730000000044
:10E40C00546865206361706974616C206F66204686
:10E41C0072616E636520697300000000202020206B
:10E42C00252D347320252D313173207265616420C4
:10E43C006261636B2038204D4220696E20252E319D
:10E44C006620732028252E3266204D422F73293AE0
:10E45C0020256C752077726F6E67257300000000A5
:10E46C0020202D3E2044524F5050454400000000C7
:10E47C0043533000435331005930000059310000F0
:10E48C00593200005933000059340000593500004E
:10E49C0059360000593700007175616400000000A6
:10E4AC0073696E676C6520307830330073696E6702
:10E4BC006C652030783042002020202025733A20D3
:10E4CC00252E316620733A20534420252E316620A8
:10E4DC004D4220696E20252E316620732028252E72
:10E4EC003266204D422F73292C20505352414D201F
:10E4FC00252E3066204B42207265616420252E311A
:10E50C0066204B42207772697474656E20696E20A8
:10E51C00252E326620732C20636F6D707574652008
:10E52C00252E316620733B20505352414D2073658C
:10E53C006C662D636865636B20736F206661723A3D
:10E54C0020256C7520726561647320636F7272652F
:10E55C00637465642C20256C7520777269746573FF
:10E56C002072652D646F6E652C20256C7520756E80
:10E57C007265736F6C7665640000000053544147FC
:10E58C00455320257320656D6265643D252E3366E9
:10E59C0020716B763D252E3266206174743D252EDC
:10E5AC00336620776F3D252E32662066666E3D25DC
:10E5BC002E326620686561643D252E3266206869BE
:10E5CC006464656E3D252E32662074656D705F63E4
:10E5DC003D252E316600000062617463686564201D
:10E5EC007468726F75676820746C5F7072656669A9
:10E5FC006C6C00006F6E6520746F6B656E207065BF
:10E60C007220706173730000202070726F6D7074D3
:10E61C0020646964206E6F7420656E636F6465009E
:10E62C0052554E206572726F723D656E636F6465F4
:10E63C0000000000202070726F6D707420746F6F7A
:10E64C00206C6F6E6720666F72207468652025647D
:10E65C002D706F736974696F6E20636163686500F8
:10E66C0052554E206572726F723D746F6F5F6C6F96
:10E67C006E6700000A202070726F6D70743A202251
:10E68C00257322202028256420746F6B656E732CF3
:10E69C002067656E65726174696E672025642C2035
:10E6AC0070726F6D707420257329000020205354F4
:10E6BC004F5050454420696E207468652070726F0D
:10E6CC006D7074206279203A3A73746F702C2062EA
:10E6DC0065747765656E2074776F20636172642052
:10E6EC00726561647300000052554E206572726F42
:10E6FC00723D73746F7070656420737465703D2522
:10E70C0064000000202070726566696C6C20666184
:10E71C00696C656420617420706F736974696F6EC5
:10E72C00732025642E2E25643A20257300000000EA
:10E73C0052554E206572726F723D70726566696CCF
:10E74C006C20737465703D25640000007072656602
:10E75C00696C6C3D25642E2E2564000020205354DA
:10E76C004F505045442061742073746570202564AB
:10E77C00206279203A3A73746F702C20626574773A
:10E78C0065656E2074776F206361726420726561B9
:10E79C00647300002020666F72776172642066617A
:10E7AC00696C656420617420737465702025643A0B
:10E7BC002025730052554E206572726F723D666F44
:10E7CC00727761726420737465703D25640000007B
:10E7DC00737465703D2564000A2020414E535745E3
:10E7EC00523A202225732200202025642070617368
:10E7FC00736573206F766572207468652077656920
:10E80C006768747320696E20252E3066207320286B
:10E81C0070726F6D707420252E30662073292C2039
:10E82C00252E3166207320656163683B20252E32CE
:10E83C006620474220726561642066726F6D207499
:10E84C0068652063617264002020505352414D2052
:10E85C0073656C662D636865636B206F76657220DB
:10E86C007468652077686F6C652072756E3A202528
:10E87C006C7520726561647320636F72726563746A
:10E88C0065642C20256C7520777269746573207211
:10E89C00652D646F6E652C20256C7520756E726508
:10E8AC00736F6C766564000052554E206E5F70720B
:10E8BC006F6D70743D2564206E5F67656E3D2564D9
:10E8CC002070726566696C6C3D2564207061737391
:10E8DC0065733D256420746F74616C5F733D252EE8
:10E8EC0031662070726F6D70745F733D252E3166CA
:10E8FC00207065725F706173735F733D252E326695
:10E90C002073645F67623D252E33662073645F6DF0
:10E91C0062733D252E32662073645F733D252E3164
:10E92C006620636F6D707574655F733D252E31665F
:10E93C002068696464656E5F733D252E31662070B6
:10E94C00735F733D252E31662070735F6669785F47
:10E95C00723D256C752070735F6669785F773D2515
:10E96C006C752070735F6261643D256C75207465F5
:10E97C006D705F6D61785F633D252E316600000020
:10E98C002020444F4E452E205479706520616E6FC7
:10E99C00746865722070726F6D707420616E642083
:10E9AC00707265737320456E7465722E00000000E2
:10E9BC00202020206361726420726561642066618E
:10E9CC00696C656420617420256C75206B487A3AFB
:10E9DC00206261636B20746F2053644661742773EB
:10E9EC0020636C6F636B2C2063617264207265739F
:10E9FC007461727465642C20726561642061676156
:10EA0C00696E000077726974652072652D646F6E93
:10EA1C006500000020202020505352414D2073658A
:10EA2C006C662D636865636B3A20257320617420D6
:10EA3C00256C7520282B256C75292C20256C7520B0
:10EA4C0062797465287329206469666665726564E9
:10EA5C00000000007772697465206E65766572201F
:10EA6C0072656164206261636B207269676874000F
:10EA7C007265616420636F72726563746564206291
:10EA8C0079206D616A6F72697479000072656164D6
:10EA9C002C20746872656520636F706965732064DF
:10EAAC00697361677265650074656E736F7220744B
:10EABC0079706520256C7520756E737570706F722A
:10EACC0074656400256C7520636F6C756D6E7320B6
:10EADC006E6F742061206D756C7469706C65206F3D
:10EAEC006620626C6F636B006C61796572202564C3
:10EAFC0020686173206E6F20257300006C6179654E
:10EB0C007220256420257320697320256C75782567
:10EB1C006C752C20657870656374656420256C7544
:10EB2C0078256C75000000006C6179657220256495
:10EB3C00202573207479706520256C7520686173AD
:10EB4C00206E6F206675736564206B65726E656CE4
:10EB5C0000000000726F77206F6620256C752062B4
:10EB6C0079746573206F76657220544C5F524F57E1
:10EB7C0042554600505352414D2066756C6C3A20FC
:10EB8C006E65656420256C75206D6F7265206279E9
:10EB9C0074657320617420256C75206F6620256C5C
:10EBAC0075000000746F6B656E697A657220737402
:10EBBC006F72652072656164206661696C656420A2
:10EBCC00617420256C7500005344207265616420CB
:10EBDC006661696C656420617420256C6C752028F5
:10EBEC002B256C75290000006D6F64656C206669BF
:10EBFC006C65207472756E63617465642061742039
:10EC0C00256C6C750000000064657175616E742074
:10EC1C006F6620736D616C6C2074656E736F72001F
:10EC2C00736B6970207061737420656E64206F66FD
:10EC3C002066696C65000000736D616C6C207465F6
:10EC4C006E736F72206F6620256C7520656C656D18
:10EC5C00656E74732C20657870656374656420250B
:10EC6C006C750000736D616C6C2074656E736F72E3
:10EC7C00207479706520256C75000000736D616CD3
:10EC8C006C2074656E736F72206F76657220544CB5
:10EC9C005F524F5742554600726F77207769646513
:10ECAC0072207468616E2074686520726F772062C0
:10ECBC007566666572000000505352414D207265B6
:10ECCC006164206F75747369646520746865207362
:10ECDC00746F72653A20256C752B256C75203E205F
:10ECEC00256C7500505352414D207265616420664D
:10ECFC0061696C656420617420256C7520282B2556
:10ED0C006C752900746F6B656E697A65722073740B
:10ED1C006F72652072656164206661696C65642040
:10ED2C00617420256C7520282B256C75290000003A
:10ED3C00505352414D207772697465206F7574730E
:10ED4C00696465207468652073746F72653A202558
:10ED5C006C752B256C75203E20256C750000000011
:10ED6C00505352414D207772697465206661696C0D
:10ED7C00656420617420256C7520282B256C752901
:10ED8C000000000073746F72656420737472696E96
:10ED9C006720256C7520746F6F206C6F6E67000098
:10EDAC00737472696E6720256C7520746F6F206C9C
:10EDBC006F6E6700737472696E672061727261792D
:10EDCC00206F6620256C6C7520656E747269657396
:10EDDC000000000062616420737472696E67202504
:10EDEC006C6C7500746F6B656E697A6572207374E8
:10EDFC0072696E6720256C6C7520697320256C6CAC
:10EE0C007520627974657320286C696D697420258E
:10EE1C0064290000505352414D2066756C6C20776C
:10EE2C0068696C652073746F72696E672073747295
:10EE3C00696E677300000000544C544F4B30310026
:10EE4C006E6F74206120474755462066696C6500DB
:10EE5C007472756E63617465642068656164657253
:10EE6C0000000000696D706C61757369626C6520DF
:10EE7C00636F756E74730000626164206B6579203A
:10EE8C00617420656E74727920256C6C75000000BD
:10EE9C006261642076616C756520666F72202573E3
:10EEAC000000000062616420617272617920686503
:10EEBC006164657220666F7220257300746F6B65D8
:10EECC006E697A65722E67676D6C2E746F6B656EEA
:10EEDC0073000000746F6B656E697A65722E6767DC
:10EEEC006D6C2E6D6572676573000000746F6B65D9
:10EEFC006E697A65722E67676D6C2E746F6B656EBA
:10EF0C005F747970650000006172726179206F66C0
:10EF1C00207479706520256C7520696E202573002E
:10EF2C006E6F20746F6B656E697A65722E67676D94
:10EF3C006C2E746F6B656E73000000006261642050
:10EF4C0074656E736F7220256C6C75006261642041
:10EF5C0074656E736F72202573000000626164200B
:10EF6C0064657363726970746F7220666F722025AA
:10EF7C0073000000746F6B656E5F656D62642E7755
:10EF8C0065696768740000006F75747075745F6EE6
:10EF9C006F726D2E77656967687400006F75747099
:10EFAC0075742E776569676874000000626C6B2E4F
:10EFBC00000000006C61796572202564206F766515
:10EFCC007220544C5F4D41585F4C4159455253008F
:10EFDC00756E737570706F727465642074656E7382
:10EFEC006F7220257300000067656E6572616C2E70
:10EFFC00616C69676E6D656E740000006E6F2067E2
:10F00C00656E6572616C2E61726368697465637498
:10F01C007572650067656E6572616C2E61726368EE
:10F02C006974656374757265000000007177656EB4
:10F03C00320000006172636869746563747572658F
:10F04C002025733A20746869732072756E74696D2B
:10F05C006520696D706C656D656E74732071776574
:10F06C006E32000025732E2573000000626C6F63F6
:10F07C006B5F636F756E7400656D62656464696E59
:10F08C00675F6C656E677468000000006665656498
:10F09C005F666F72776172645F6C656E677468002F
:10F0AC00617474656E74696F6E2E686561645F63FC
:10F0BC006F756E7400000000617474656E74696F16
:10F0CC006E2E686561645F636F756E745F6B76003E
:10F0DC00617474656E74696F6E2E6C617965725FA4
:10F0EC006E6F726D5F726D735F657073696C6F6E4E
:10F0FC0000000000726F70652E667265715F626150
:10F10C0073650000696E636F6D706C65746520616A
:10F11C007263686974656374757265206D6574617A
:10F12C006461746100000000617474656E74696FD1
:10F13C006E2E6B65795F6C656E67746800000000FD
:10F14C006578706572745F636F756E740000000093
:10F15C006D6978747572652D6F662D657870657242
:10F16C007473206973206E6F7420696D706C656D9B
:10F17C00656E746564206865726500006D6F64650A
:10F18C006C207368617065206F7665722074686995
:10F19C0073206275696C642773206C696D69747374
:10F1AC0020286C61796572732025642064696D2058
:10F1BC0025642068696464656E2025642068656137
:10F1CC006473202564206B762025642900000000E0
:10F1DC006E6F20746F6B656E5F656D62642E776504
:10F1EC006967687400000000746F6B656E697A65FE
:10F1FC00722E67676D6C2E626F735F746F6B656ECA
:10F20C005F696400746F6B656E697A65722E6767EF
:10F21C006D6C2E656F735F746F6B656E5F696400E8
:10F22C00746F6B656E697A65722E67676D6C2E7084
:10F23C00726500006E6F206F75747075745F6E6F01
:10F24C00726D2E7765696768740000006174746E66
:10F25C005F7100006174746E5F6B00006174746E9A
:10F26C005F7600006174746E5F6F757470757400F6
:10F27C0066666E5F676174650000000066666E5FAF
:10F28C007570000066666E5F646F776E000000003C
:10F29C006C6179657220256420686173206E6F2023
:10F2AC006E6F726D730000006F75747075742068EA
:10F2BC0065616420697320256C752077696465002D
:10F2CC0068656164207479706520256C7500000098
:10F2DC00636F756C64206E6F742063726561746506
:10F2EC002074686520746F6B656E697A6572207323
:10F2FC00746F7265206F6E20746865206361726430
:10F30C002028256C75206279746573290000000033
:10F31C00746F6B656E697A65722073746F72652099
:10F32C007772697465206661696C6564206174200C
:10F33C00256C7500746F6B656E697A6572207374D9
:10F34C006F72652068656164657220777269746597
:10F35C00206661696C65640074686520746F6B6508
:10F36C006E697A65722073746F72652064696420AB
:10F37C006E6F742072656164206261636B206672CB
:10F38C006F6D2074686520636172642061732077EF
:10F39C0072697474656E0000505352414D206C6557
:10F3AC00667420666F72207468652063616368659B
:10F3BC0020686F6C647320256C6C7520706F73699A
:10F3CC0074696F6E730000006D6F64656C206E6FF6
:10F3DC0074206F70656E0000706F736974696F6E66
:10F3EC00202564206F75747369646520302E2E257A
:10F3FC0064000000746F6B656E202564206F75745B
:10F40C00736964652074686520766F636162756CDE
:10F41C0061727900656D62656464696E67207479E8
:10F42C00706520256C75000070617373206F662009
:10F43C00256420706F736974696F6E732028312E88
:10F44C002E25642900000000736C6F742025643A2B
:10F45C0020706F736974696F6E202564206174204D
:10F46C00636163686520726F77202564206F757403
:10F47C007369646520302E2E2564000073686170FA
:10F48C0065206E6F7420626174636861626C6500E4
:10F49C00313620676174652F757020726F77732019
:10F4AC00646F206E6F7420666974206120726F77B0
:10F4BC00206275666665722068616C6620616C6995
:10F4CC00676E65640000000070726566696C6C2084
:10F4DC006F6620256420706F736974696F6E73207A
:10F4EC0028312E2E256429002564207365717565DD
:10F4FC006E6365732028312E2E25642900000000D0
:10F50C0073657175656E63652025643A20656D7051
:10F51C00747900007468652073657175656E636538
:10F52C0073206E65656420256420636163686520C3
:10F53C00726F77732C207468657265206172652018
:10F54C0025640000657665727920756E66696E6952
:10F55C00736865642073657175656E63652077618A
:10F56C0069747320666F72206120646F6E6F720015
:10F57C006174746E5F712E77656967687400000042
:10F58C006174746E5F6B2E77656967687400000038
:10F59C006174746E5F762E7765696768740000001D
:10F5AC006174746E5F6F75747075742E77656967AE
:10F5BC006874000066666E5F676174652E776569B6
:10F5CC006768740066666E5F75702E77656967682C
:10F5DC007400000066666E5F646F776E2E776569E7
:10F5EC00676874006174746E5F6E6F726D2E7765F0
:10F5FC00696768740000000066666E5F6E6F726DFE
:10F60C002E776569676874006174746E5F712E6221
:10F61C00696173006174746E5F6B2E626961730053
:10F62C006174746E5F762E626961730027730000DB
:10F63C00277400002772650027766500276D00008F
:10F64C00276C6C00276400004558464154000000AC
:10F65C002E0000004C435F434F4C4C41544500007E
:10F66C004C435F4354595045000000004C435F4DE0
:10F67C004F4E4554415259004C435F4E554D4552E7
:10F68C00494300004C435F54494D45004C435F4D8A
:10F69C00455353414745530042616C6C6F63207373
:10F6AC007563636565646564000000002F646174B4
:10F6BC00612F6A656E6B696E732F776F726B7370E7
:10F6CC006163652F474E552D746F6F6C636861696C
:10F6DC006E2F61726D2D31352D352F7372632F6E38
:10F6EC0065776C69622D63796777696E2F6E6577C4
:10F6FC006C69622F6C6962632F7374646C69622F1E
:10F70C006D707265632E6300494E4600696E66002B
:10F71C004E414E006E616E00303132333435363727
:10F72C003839616263646566000000003031323341
:10F73C0034353637383941424344454600000000E1
:10F74C00286E756C6C2900002C2066756E637469CC
:10F75C006F6E3A2000000000617373657274696FFC
:10F76C006E2022257322206661696C65643A2066DE
:10F77C00696C6520222573222C206C696E6520250E
:10F78C0064257325730A0000496E66696E69747985
:10F79C00000000004E614E002F646174612F6A6599
:10F7AC006E6B696E732F776F726B73706163652FFD
:10F7BC00474E552D746F6F6C636861696E2F617263
:10F7CC006D2D31352D352F7372632F6E65776C6906
:10F7DC00622D63796777696E2F6E65776C69622F1E
:10F7EC006C6962632F7374646C69622F64746F61EB
:10F7FC002E6300000000000000000000E544000043
:10F80C00D1440000E5190000C93F0000F53F00009D
:10F81C0099460000DD3F00000000000000000000E1
:10F82C007D950100899501008195010025960100C7
:10F83C00AD9B0100DD9A0100399B0100D5990100B7
:10F84C0095970100E59F0100AD9401001195010011
:10F85C007D9C0100999401009D940100A5940100E8
:10F86C00A9940100AD970100859D0100019E010046
:10F87C00ED98010091940100A1940100E59E010016
:10F88C00119C01009D95010000000000000000008B
:10F89C0045B801007DCB010079CB010075CB01008F
:10F8AC0071CB01006DCB010069CB010065CB010070
:10F8BC000000000000000000E5440000D1440000FE
:10F8CC00E5190000C93F0000F53F00009946000013
:10F8DC00DD3F00000000000000000000A9A10100B5
:10F8EC00ADA1010015A00100A5A50100E1B001002A
:10F8FC000DA90100B58C0100DDA10100C5B001000E
:10F90C00C9B1010095A901004D8C010019AB010092
:10F91C0039A1010045A1010009A001000DA00100C1
:10F92C0011A0010051A1010075A1010099A10100D4
:10F93C0025A60100C1A1010009A4010071A60100C6
:10F94C0031A7010000100000004000000000010081
:10F95C0000000000F022002001000000F422002032
:10F96C0002000000F822002002010000FC2200200E
:10F97C0002020000002300200203000004230020E8
:10F98C000204000008230020020500000C230020C4
:10F99C0002060000102300200207000014230020A0
:10F9AC000010000001030700040810001020408024
:10F9BC00D8399D270054EA2A00A4781F007B9A1797
:10F9CC000020202020202020202028282828282023
:10F9DC00202020202020202020202020202020201B
:10F9EC002088101010101010101010101010101083
:10F9FC001004040404040404040404101010101073
:10FA0C00101041414141414101010101010101013C
:10FA1C00010101010101010101010101101010108E
:10FA2C00101042424242424202020202020202020E
:10FA3C000202020202020202020202021010101062
:10FA4C00200000000000000000000000000000008A
:10FA5C00000000000000000000000000000000009A
:10FA6C00000000000000000000000000000000008A
:10FA7C00000000000000000000000000000000007A
:10FA8C00000000000000000000000000000000006A
:10FA9C00000000000000000000000000000000005A
:10FAAC00000000000000000000000000000000004A
:10FABC00000000000000000000000000000000003A
:10FACC0000000000202020202020202020202020AA
:10FADC00202020202020202020202020202020201A
:10FAEC0020202020AC340020B0340020B43400207E
:10FAFC00B8340020BC340020C0340020C4340020B2
:10FB0C0000000042C8801F40B8821F40080000005F
:10FB1C0000000042C4801F40B4821F40040000005B
:10FB2C0000C0004224801F4014821F4010000000BF
:10FB3C0000C0004228801F4018821F402000000097
:10FB4C0000C000422C801F401C821F40400000005F
:10FB5C0000C0004234801F4024821F40000100007E
:10FB6C000040004264811F4054831F400004000089
:10FB7C000040004280811F4070831F400000020043
:10FB8C00004000427C811F406C831F40000001003C
:10FB9C000040004268811F4058831F40000800004D
:10FBAC00004000423C811F402C831F40010000009C
:10FBBC000040004244811F4034831F400400000079
:10FBCC000040004240811F4030831F400200000073
:10FBDC000040004248811F4038831F40080000004D
:10FBEC000000004204811F40F4821F40000004000A
:10FBFC000000004208811F40F8821F4000000800EE
:10FC0C000000004218811F4008831F400000800044
:10FC1C000000004214811F4004831F40000040007C
:10FC2C000000004200811F40F0821F4000000200D3
:10FC3C0000000042FC801F40EC821F4000000100CD
:10FC4C000000004224811F4014831F400000000468
:10FC5C000000004228811F4018831F40000000084C
:10FC6C00000000421C811F400C831F40000000015B
:10FC7C000000004220811F4010831F400000000242
:10FC8C0000000042EC801F40DC821F40001000008E
:10FC9C0000000042F0801F40E0821F400020000066
:10FCAC000000004234811F4024831F4000000040AC
:10FCBC000000004238811F4028831F400000008054
:10FCCC000080004294801F4084821F40000004008A
:10FCDC0000C0004290801F4080821F4000000080C6
:10FCEC0000800042A8801F4098821F4000008000C6
:10FCFC0000800042A4801F4094821F4000004000FE
:10FD0C00004000426C811F405C831F4000100000CB
:10FD1C0000C0004230801F4020821F408000000045
:10FD2C0000400042B0811F40A0831F400000002013
:10FD3C0000400042AC811F409C831F40000000101B
:10FD4C000040004284811F4074831F400000040067
:10FD5C000040004288811F4078831F40000008004B
:10FD6C00000000422C811F401C831F40000000102B
:10FD7C000000004230811F4020831F400000002003
:10FD8C00000000420C811F40FC821F40000010004C
:10FD9C000000004210811F4000831F400000200023
:10FDAC0000800042C8811F40B8831F4000800000C3
:10FDBC0000800042C4811F40B4831F4000400000FB
:10FDCC0000800042C0811F40B0831F400020000013
:10FDDC0000800042BC811F40AC831F40001000001B
:10FDEC0000800042D0811F40C0831F4000000200F1
:10FDFC0000800042CC811F40BC831F4000000100EA
:10FE0C0000C0004274801F4064821F40000000014B
:10FE1C0000C0004280801F4070821F40000000081C
:10FE2C0000C0004284801F4074821F4000000010FC
:10FE3C0000C000426C801F405C821F4000004000EC
:10FE4C0000C000427C801F406C821F4000000004F8
:10FE5C0000C0004278801F4068821F4000000002F2
:10FE6C0000C0004288801F4078821F4000000020A4
:10FE7C0005000000190000007D00000000010000DA
:10FE8C005C4600201200000000060000846C00603C
:10FE9C000A00000000020000206C006062000000FC
:10FEAC0000070000BC6B006062000000EE03000065
:10FEBC009C46002012000000000004EE7446002056
:10FECC002800000000030000B86B00600000000078
:10FEDC0001030904A06B0060000000000203090488
:10FEEC00886B00600000000003030904B04600208A
:10FEFC0000000000000000000000000000000000F6
:10FF0C0030303030303030303030303030303030E5
:10FF1C0030303030303030303030303030303030D5
:10FF2C000000000000000000A03D0020A03D0020CB
:10FF3C00A83D0020A83D0020B03D0020B03D002091
:10FF4C00B83D0020B83D0020C03D0020C03D002041
:10FF5C00C83D0020C83D0020D03D0020D03D0020F1
:10FF6C00D83D0020D83D0020E03D0020E03D0020A1
:10FF7C00E83D0020E83D0020F03D0020F03D002051
:10FF8C00F83D0020F83D0020003E0020003E0020FF
:10FF9C00083E0020083E0020103E0020103E0020AD
:10FFAC00183E0020183E0020203E0020203E00205D
:10FFBC00283E0020283E0020303E0020303E00200D
:10FFCC00383E0020383E0020403E0020403E0020BD
:10FFDC00483E0020483E0020503E0020503E00206D
:10FFEC00583E0020583E0020603E0020603E00201D
:04FFFC00683E00203B
:02000004600397
:10000000683E0020703E0020703E0020783E0020B8
:10001000783E0020803E0020803E0020883E002068
:10002000883E0020903E0020903E0020983E002018
:10003000983E0020A03E0020A03E0020A83E0020C8
:10004000A83E0020B03E0020B03E0020B83E002078
:10005000B83E0020C03E0020C03E0020C83E002028
:10006000C83E0020D03E0020D03E0020D83E0020D8
:10007000D83E0020E03E0020E03E0020E83E002088
:10008000E83E0020F03E0020F03E0020F83E002038
:10009000F83E0020003F0020003F0020083F0020E5
:1000A000083F0020103F0020103F0020183F002094
:1000B000183F0020203F0020203F0020283F002044
:1000C000283F0020303F0020303F0020383F0020F4
:1000D000383F0020403F0020403F0020483F0020A4
:1000E000483F0020503F0020503F0020583F002054
:1000F000583F0020603F0020603F0020683F002004
:10010000683F0020703F0020703F0020783F0020B3
:10011000783F0020803F0020803F0020883F002063
:10012000883F0020903F0020903F0020983F002013
:10013000983F0020A03F0020A03F0020A83F0020C3
:10014000A83F0020B03F0020B03F0020B83F002073
:10015000B83F0020C03F0020C03F0020C83F002023
:10016000C83F0020D03F0020D03F0020D83F0020D3
:10017000D83F0020E03F0020E03F0020E83F002083
:10018000E83F0020F03F0020F03F0020F83F002033
:10019000F83F0020004000200040002008400020E0
:1001A000084000201040002010400020184000208F
:1001B000184000202040002020400020284000203F
:1001C00028400020304000203040002038400020EF
:1001D000384000204040002040400020484000209F
:1001E000484000205040002050400020584000204F
:1001F00058400020604000206040002068400020FF
:1002000068400020704000207040002078400020AE
:10021000784000208040002080400020884000205E
:10022000884000209040002090400020984000200E
:1002300098400020A0400020A0400020A8400020BE
:10024000A8400020B0400020B0400020B84000206E
:10025000B8400020C0400020C0400020C84000201E
:10026000C8400020D0400020D0400020D8400020CE
:10027000D8400020E0400020E0400020E84000207E
:10028000E8400020F0400020F0400020F84000202E
:10029000F8400020004100200041002008410020DB
:1002A000084100201041002010410020184100208A
:1002B000184100202041002020410020284100203A
:1002C00028410020304100203041002038410020EA
:1002D000384100204041002040410020484100209A
:1002E000484100205041002050410020584100204A
:1002F00058410020604100206041002068410020FA
:1003000068410020704100207041002078410020A9
:100310007841002080410020804100208841002059
:100320008841002090410020904100209841002009
:1003300098410020000000008CC00420F4C004207C
:100340005CC104200000000000000000000000006C
:10035000000000000000000000000000000000009D
:10036000000000000000000000000000000000008D
:10037000000000000000000000000000000000007D
:10038000000000000000000000000000000000006D
:10039000000000000000000000000000000000005D
:1003A000000000000000000000000000000000004D
:1003B000000000000000000000000000000000003D
:1003C000000000000000000000000000010000002C
:1003D000000000000E33CDAB34126DE6ECDE0500FC
:1003E0000B00000000000000000000000000000002
:1003F00000000000000000000000000000000000FD
:1004000000000000000000000000000000000000EC
:1004100000000000000000000000000000000000DC
:1004200000000000000000000000000000000000CC
:1004300000000000000000000000000000000000BC
:1004400000000000000000000000000000000000AC
:10045000000000000000000000000000000000009C
:10046000000000000000000000000000000000008C
:10047000000000000000000000000000000000007C
:10048000000000000000000000000000000000006C
:10049000000000000000000000000000000000005C
:1004A000000000000000000000000000000000004C
:1004B000000000000000000000000000000000003C
:1004C000000000000000000000000000000000002C
:1004D000000000000000000000000000000000001C
:1004E000000000000000000000000000000000000C
:1004F00000000000000000000000000000000000FC
:1005000000000000000000000000000000000000EB
:1005100000000000000000000000000000000000DB
:1005200000000000000000000000000000000000CB
:10053000000000000029DE07007B9A17103700201A
:1005400000000000E80300000000000010000000B0
:100550000100000020000000000000010600000073
:10056000FFFFFFFF08000000010000000100000085
:100570004CC004200097272000000000430000002A
:10058000000000000000000000000000000000006B
:100590000000000000000000000000004300000018
:1005A000000000000000000000000000000000004B
:1005B00000000000000000000000000043000000F8
:1005C000000000000000000000000000000000002B
:1005D00000000000000000000000000043000000D8
:1005E000000000000000000000000000000000000B
:1005F00000000000000000000000000043000000B8
:1006000000000000000000000000000000000000EA
:100610000000000000000000000000004300000097
:1006200000000000000000000000000000000000CA
:100630000000000000000000000000004300000077
:1006400000000000000000000000000000000000AA
:100650000000000000000000000000004300000057
:10066000000000000000000000000000000000008A
:10067000000000000000000000000000000000007A
:10068000000000000000000000000000000000006A
:10069000000000000000000000000000000000005A
:1006A000000000000000000000000000000000004A
:1006B000000000000000000000000000000000003A
:1006C000000000000000000000000000000000002A
:1006D000000000000000000000000000000000001A
:1006E000000000000000000000000000000000000A
:1006F00000000000000000000000000000000000FA
:1007000000000000000000000000000000000000E9
:1007100000000000000000000000000000000000D9
:1007200000000000000000000000000000000000C9
:1007300000000000000000000000000000000000B9
:10074000000000007506020061FE010000000000CC
:1007500040380020D0340020D4350020D43500208B
:10076000D4350020D4350020D4350020D4350020E5
:10077000D4350020D4350020D4350020FFFFFFFF02
:10078000FFFFFFFFFFFFFFFFFFFF000001004153DE
:100790004349490000000000000000000000000084
:1007A00000000000000000000000000000004153B5
:1007B0004349490000000000000000000000000064
:1007C0000000000000000000000000000000000029
:1007D000FFFFFFFF00000200000000000300000018
:1007E0008CC00420A841002012010002EF02014049
:1007F000C016830480020102030100000100000012
:1008000028000000000104000100000000000000BA
:10081000020157494E5553420000000000000000FD
:10082000000000000000000012034D0053004600CD
:100830005400310030003000F80000000C030000CC
:1008400000000000000000000000000000000000A8
:100850000000290402000000000000000000000069
:100860000000000000000000000000000000000088
:100870000000000000000000000000000000000078
:100880000000000000000000000000000000000068
:100890000000000000000000000000000000000058
:1008A0000000000000000000000000000000000048
:1008B0000000000000000000000000000000000038
:1008C0000000000000000000000000000000000028
:1008D0000000000000000000000000000000000018
:1008E0000000000000000000000000000000000008
:1008F00000000000000000000000000000000000F8
:1009000000000000000000000000000000000000E7
:1009100000000000000000000000000000000000D7
:1009200000000000000000000000000000000000C7
:1009300000000000000000000000000000000000B7
:1009400000000000000000000000000000000000A7
:100950000000000000000000000000000000000097
:100960000000000000000000000000000000000087
:100970000000000000000000000000000000000077
:100980000000000000000000000000000000000067
:100990000000000000000000000000000000000057
:1009A0000000000000000000000000000000000047
:1009B0000000000000000000000000000000000037
:1009C0000000000000000000000000000000000027
:1009D0000000000000000000000000000000000017
:1009E0000000000000000000000000000000000007
:1009F00000000000000000000000000000000000F7
:100A000000000000000000000000000000000000E6
:100A100000000000000000000000000000000000D6
:100A200000000000000000000000000000000000C6
:100A300000000000000000000000000000000000B6
:100A400000000000000000000000000000000000A6
:100A50000000000000000000000000000000000096
:100A60000000000000000000000000000000000086
:100A70000000000000000000000000000000000076
:100A80000000000000000000000000000000000066
:100A90000000000000000000000000000000000056
:100AA0000000000000000000000000000000000046
:100AB0000000000000000000000000000000000036
:100AC0000000000000000000000000000000000026
:100AD0000000000000000000000000000000000016
:100AE0000000000000000000000000000000000006
:100AF00000000000000000000000000000000000F6
:100B000000000000000000000000000000000000E5
:100B100000000000000000000000000000000000D5
:100B200000000000000000000000000000000000C5
:100B300000000000000000000000000000000000B5
:100B400000000000000000000000000000000000A5
:100B50000000000000000000000000000000000095
:100B60000000000000000000000000000000000085
:100B70000000000000000000000000000000000075
:100B80000000000000000000000000000000000065
:100B90000000000000000000000000000000000055
:100BA0000000000000000000000000000000000045
:100BB0000000000000000000000000000000000035
:100BC0000000000000000000000000000000000025
:100BD0000000000000000000000000000000000015
:100BE0000000000000000000000000000000000005
:100BF00000000000000000000000000000000000F5
:100C000000000000000000000000000000000000E4
:100C100000000000000000000000000000000000D4
:100C200000000000000000000000000000000000C4
:100C300000000000000000000000000000000000B4
:0C0C4000000000000000000000000000A8
:100C4C00FFFFFFFFFFFFFFFFFFFFFFFFFFFFFFFFA8
:100C5C00FFFFFFFFFFFFFFFFFFFFFFFFFFFFFFFF98
:100C6C00FFFFFFFFFFFFFFFFFFFFFFFFFFFFFFFF88
:100C7C00FFFFFFFFFFFFFFFFFFFFFFFFFFFFFFFF78
:100C8C00FFFFFFFFFFFFFFFFFFFFFFFFFFFFFFFF68
:100C9C00FFFFFFFFFFFFFFFFFFFFFFFFFFFFFFFF58
:100CAC00FFFFFFFFFFFFFFFFFFFFFFFFFFFFFFFF48
:100CBC00FFFFFFFFFFFFFFFFFFFFFFFFFFFFFFFF38
:100CCC00FFFFFFFFFFFFFFFFFFFFFFFFFFFFFFFF28
:100CDC00FFFFFFFFFFFFFFFFFFFFFFFFFFFFFFFF18
:100CEC00FFFFFFFFFFFFFFFFFFFFFFFFFFFFFFFF08
:100CFC00FFFFFFFFFFFFFFFFFFFFFFFFFFFFFFFFF8
:100D0C00FFFFFFFFFFFFFFFFFFFFFFFFFFFFFFFFE7
:100D1C00FFFFFFFFFFFFFFFFFFFFFFFFFFFFFFFFD7
:100D2C00FFFFFFFFFFFFFFFFFFFFFFFFFFFFFFFFC7
:100D3C00FFFFFFFFFFFFFFFFFFFFFFFFFFFFFFFFB7
:100D4C00FFFFFFFFFFFFFFFFFFFFFFFFFFFFFFFFA7
:100D5C00FFFFFFFFFFFFFFFFFFFFFFFFFFFFFFFF97
:100D6C00FFFFFFFFFFFFFFFFFFFFFFFFFFFFFFFF87
:100D7C00FFFFFFFFFFFFFFFFFFFFFFFFFFFFFFFF77
:100D8C00FFFFFFFFFFFFFFFFFFFFFFFFFFFFFFFF67
:100D9C00FFFFFFFFFFFFFFFFFFFFFFFFFFFFFFFF57
:100DAC00FFFFFFFFFFFFFFFFFFFFFFFFFFFFFFFF47
:100DBC00FFFFFFFFFFFFFFFFFFFFFFFFFFFFFFFF37
:100DCC00FFFFFFFFFFFFFFFFFFFFFFFFFFFFFFFF27
:100DDC00FFFFFFFFFFFFFFFFFFFFFFFFFFFFFFFF17
:100DEC00FFFFFFFFFFFFFFFFFFFFFFFFFFFFFFFF07
:100DFC00FFFFFFFFFFFFFFFFFFFFFFFFFFFFFFFFF7
:100E0C00FFFFFFFFFFFFFFFFFFFFFFFFFFFFFFFFE6
:100E1C00FFFFFFFFFFFFFFFFFFFFFFFFFFFFFFFFD6
:100E2C00FFFFFFFFFFFFFFFFFFFFFFFFFFFFFFFFC6
:100E3C00FFFFFFFFFFFFFFFFFFFFFFFFFFFFFFFFB6
:100E4C00FFFFFFFFFFFFFFFFFFFFFFFFFFFFFFFFA6
:100E5C00FFFFFFFFFFFFFFFFFFFFFFFFFFFFFFFF96
:100E6C00FFFFFFFFFFFFFFFFFFFFFFFFFFFFFFFF86
:100E7C00FFFFFFFFFFFFFFFFFFFFFFFFFFFFFFFF76
:100E8C00FFFFFFFFFFFFFFFFFFFFFFFFFFFFFFFF66
:100E9C00FFFFFFFFFFFFFFFFFFFFFFFFFFFFFFFF56
:100EAC00FFFFFFFFFFFFFFFFFFFFFFFFFFFFFFFF46
:100EBC00FFFFFFFFFFFFFFFFFFFFFFFFFFFFFFFF36
:100ECC00FFFFFFFFFFFFFFFFFFFFFFFFFFFFFFFF26
:100EDC00FFFFFFFFFFFFFFFFFFFFFFFFFFFFFFFF16
:100EEC00FFFFFFFFFFFFFFFFFFFFFFFFFFFFFFFF06
:100EFC00FFFFFFFFFFFFFFFFFFFFFFFFFFFFFFFFF6
:100F0C00FFFFFFFFFFFFFFFFFFFFFFFFFFFFFFFFE5
:100F1C00FFFFFFFFFFFFFFFFFFFFFFFFFFFFFFFFD5
:100F2C00FFFFFFFFFFFFFFFFFFFFFFFFFFFFFFFFC5
:100F3C00FFFFFFFFFFFFFFFFFFFFFFFFFFFFFFFFB5
:100F4C00FFFFFFFFFFFFFFFFFFFFFFFFFFFFFFFFA5
:100F5C00FFFFFFFFFFFFFFFFFFFFFFFFFFFFFFFF95
:100F6C00FFFFFFFFFFFFFFFFFFFFFFFFFFFFFFFF85
:100F7C00FFFFFFFFFFFFFFFFFFFFFFFFFFFFFFFF75
:100F8C00FFFFFFFFFFFFFFFFFFFFFFFFFFFFFFFF65
:100F9C00FFFFFFFFFFFFFFFFFFFFFFFFFFFFFFFF55
:100FAC00FFFFFFFFFFFFFFFFFFFFFFFFFFFFFFFF45
:100FBC00FFFFFFFFFFFFFFFFFFFFFFFFFFFFFFFF35
:100FCC00FFFFFFFFFFFFFFFFFFFFFFFFFFFFFFFF25
:100FDC00FFFFFFFFFFFFFFFFFFFFFFFFFFFFFFFF15
:100FEC00FFFFFFFFFFFFFFFFFFFFFFFFFFFFFFFF05
:100FFC00FFFFFFFF000000000000000000000000E9
:10100C0000000000000000000000000000000000D4
:10101C0000000000000000000000000000000000C4
:10102C0000000000000000000000000000000000B4
:10103C0000000000000000000000000000000000A4
:10104C000000000000000000000000000000000094
:10105C000000000000000000000000000000000084
:10106C000000000000000000000000000000000074
:10107C000000000000000000000000000000000064
:10108C000000000000000000000000000000000054
:10109C000000000000000000000000000000000044
:1010AC000000000000000000000000000000000034
:1010BC000000000000000000000000000000000024
:1010CC000000000000000000000000000000000014
:1010DC000000000000000000000000000000000004
:1010EC0000000000000000000000000000000000F4
:1010FC0000000000000000000000000000000000E4
:10110C0000000000000000000000000000000000D3
:10111C0000000000000000000000000000000000C3
:10112C0000000000000000000000000000000000B3
:10113C0000000000000000000000000000000000A3
:10114C000000000000000000000000000000000093
:10115C000000000000000000000000000000000083
:10116C000000000000000000000000000000000073
:10117C000000000000000000000000000000000063
:10118C000000000000000000000000000000000053
:10119C000000000000000000000000000000000043
:1011AC000000000000000000000000000000000033
:1011BC000000000000000000000000000000000023
:1011CC000000000000000000000000000000000013
:1011DC000000000000000000000000000000000003
:1011EC0000000000000000000000000000000000F3
:1011FC0000000000000000000000000000000000E3
:10120C0000000000000000000000000000000000D2
:10121C0000000000000000000000000000000000C2
:10122C0000000000000000000000000000000000B2
:10123C0000000000000000000000000000000000A2
:10124C000000000000000000000000000000000092
:10125C000000000000000000000000000000000082
:10126C000000000000000000000000000000000072
:10127C000000000000000000000000000000000062
:10128C000000000000000000000000000000000052
:10129C000000000000000000000000000000000042
:1012AC000000000000000000000000000000000032
:1012BC000000000000000000000000000000000022
:1012CC000000000000000000000000000000000012
:1012DC000000000000000000000000000000000002
:1012EC0000000000000000000000000000000000F2
:1012FC0000000000000000000000000000000000E2
:10130C0000000000000000000000000000000000D1
:10131C0000000000000000000000000000000000C1
:10132C0000000000000000000000000000000000B1
:10133C0000000000000000000000000000000000A1
:10134C000000000000000000000000000000000091
:10135C000000000000000000000000000000000081
:10136C000000000000000000000000000000000071
:10137C000000000000000000000000000000000061
:10138C000000000000000000000000000000000051
:10139C000000000000000000000000000000000041
:1013AC000000000000000000000000000000000031
:1013BC000000000000000000000000000000000021
:1013CC000000000000000000000000000000000011
:1013DC000000000000000000000000000000000001
:1013EC0000000000000000000000000000000000F1
:1013FC0000000000000000000000000000000000E1
:10140C0000000000000000000000000000000000D0
:10141C0000000000000000000000000000000000C0
:10142C0000000000000000000000000000000000B0
:10143C0000000000000000000000000000000000A0
:10144C000000000000000000000000000000000090
:10145C000000000000000000000000000000000080
:10146C000000000000000000000000000000000070
:10147C000000000000000000000000000000000060
:10148C000000000000000000000000000000000050
:10149C000000000000000000000000000000000040
:1014AC000000000000000000000000000000000030
:1014BC000000000000000000000000000000000020
:1014CC000000000000000000000000000000000010
:1014DC000000000000000000000000000000000000
:1014EC0000000000000000000000000000000000F0
:1014FC0000000000000000000000000000000000E0
:10150C0000000000000000000000000000000000CF
:10151C0000000000000000000000000000000000BF
:10152C0000000000000000000000000000000000AF
:10153C00000000000000000000000000000000009F
:10154C00000000000000000000000000000000008F
:10155C00000000000000000000000000000000007F
:10156C00000000000000000000000000000000006F
:10157C00000000000000000000000000000000005F
:10158C00000000000000000000000000000000004F
:10159C00000000000000000000000000000000003F
:1015AC00000000000000000000000000000000002F
:1015BC00000000000000000000000000000000001F
:1015CC00000000000000000000000000000000000F
:1015DC0000000000000000000000000000000000FF
:1015EC0000000000000000000000000000000000EF
:1015FC0000000000000000000000000000000000DF
:10160C0000000000000000000000000000000000CE
:10161C0000000000000000000000000000000000BE
:10162C0000000000000000000000000000000000AE
:10163C00000000000000000000000000000000009E
:10164C00000000000000000000000000000000008E
:10165C00000000000000000000000000000000007E
:10166C00000000000000000000000000000000006E
:10167C00000000000000000000000000000000005E
:10168C00000000000000000000000000000000004E
:10169C00000000000000000000000000000000003E
:1016AC00000000000000000000000000000000002E
:1016BC00000000000000000000000000000000001E
:1016CC00000000000000000000000000000000000E
:1016DC0000000000000000000000000000000000FE
:1016EC0000000000000000000000000000000000EE
:1016FC0000000000000000000000000000000000DE
:10170C0000000000000000000000000000000000CD
:10171C0000000000000000000000000000000000BD
:10172C0000000000000000000000000000000000AD
:10173C00000000000000000000000000000000009D
:10174C00000000000000000000000000000000008D
:10175C00000000000000000000000000000000007D
:10176C00000000000000000000000000000000006D
:10177C00000000000000000000000000000000005D
:10178C00000000000000000000000000000000004D
:10179C00000000000000000000000000000000003D
:1017AC00000000000000000000000000000000002D
:1017BC00000000000000000000000000000000001D
:1017CC00000000000000000000000000000000000D
:1017DC0000000000000000000000000000000000FD
:1017EC0000000000000000000000000000000000ED
:1017FC0000000000000000000000000000000000DD
:10180C0000000000000000000000000000000000CC
:10181C0000000000000000000000000000000000BC
:10182C0000000000000000000000000000000000AC
:10183C00000000000000000000000000000000009C
:10184C00000000000000000000000000000000008C
:10185C00000000000000000000000000000000007C
:10186C00000000000000000000000000000000006C
:10187C00000000000000000000000000000000005C
:10188C00000000000000000000000000000000004C
:10189C00000000000000000000000000000000003C
:1018AC00000000000000000000000000000000002C
:1018BC00000000000000000000000000000000001C
:1018CC00000000000000000000000000000000000C
:1018DC0000000000000000000000000000000000FC
:1018EC0000000000000000000000000000000000EC
:1018FC0000000000000000000000000000000000DC
:10190C0000000000000000000000000000000000CB
:10191C0000000000000000000000000000000000BB
:10192C0000000000000000000000000000000000AB
:10193C00000000000000000000000000000000009B
:10194C00000000000000000000000000000000008B
:10195C00000000000000000000000000000000007B
:10196C00000000000000000000000000000000006B
:10197C00000000000000000000000000000000005B
:10198C00000000000000000000000000000000004B
:10199C00000000000000000000000000000000003B
:1019AC00000000000000000000000000000000002B
:1019BC00000000000000000000000000000000001B
:1019CC00000000000000000000000000000000000B
:1019DC0000000000000000000000000000000000FB
:1019EC0000000000000000000000000000000000EB
:1019FC0000000000000000000000000000000000DB
:101A0C0000000000000000000000000000000000CA
:101A1C0000000000000000000000000000000000BA
:101A2C0000000000000000000000000000000000AA
:101A3C00000000000000000000000000000000009A
:101A4C00000000000000000000000000000000008A
:101A5C00000000000000000000000000000000007A
:101A6C00000000000000000000000000000000006A
:101A7C00000000000000000000000000000000005A
:101A8C00000000000000000000000000000000004A
:101A9C00000000000000000000000000000000003A
:101AAC00000000000000000000000000000000002A
:101ABC00000000000000000000000000000000001A
:101ACC00000000000000000000000000000000000A
:101ADC0000000000000000000000000000000000FA
:101AEC0000000000000000000000000000000000EA
:101AFC0000000000000000000000000000000000DA
:101B0C0000000000000000000000000000000000C9
:101B1C0000000000000000000000000000000000B9
:101B2C0000000000000000000000000000000000A9
:101B3C000000000000000000000000000000000099
:101B4C000000000000000000000000000000000089
:101B5C000000000000000000000000000000000079
:101B6C000000000000000000000000000000000069
:101B7C000000000000000000000000000000000059
:101B8C000000000000000000000000000000000049
:101B9C000000000000000000000000000000000039
:101BAC000000000000000000000000000000000029
:101BBC000000000000000000000000000000000019
:101BCC000000000000000000000000000000000009
:101BDC0000000000000000000000000000000000F9
:101BEC0000000000000000000000000000000000E9
:041BFC0000000000E5
:040000056000100087
:00000001FF
