:0200000460009A
:100000004643464200000156000000000101020084
:1000100000000000000000000000000000000000E0
:1000200000000000000000000000000000000000D0
:1000300000000000000000000000000000000000C0
:1000400000000000010406010000000000000000A4
:100050000000800000000000000000000000000020
:100060000000000000000000000000000000000090
:100070000000000000000000000000000000000080
:10008000EB04180AFF1E04320126000000000000E5
:100090000000000000000000000000000000000060
:1000A0000000000000000000000000000000000050
:1000B0000000000000000000000000000000000040
:1000C0000000000000000000000000000000000030
:1000D0000000000000000000000000000000000020
:1000E0000000000000000000000000000000000010
:1000F0000000000000000000000000000000000000
:1001000000000000000000000000000000000000EF
:1001100000000000000000000000000000000000DF
:1001200000000000000000000000000000000000CF
:1001300000000000000000000000000000000000BF
:1001400000000000000000000000000000000000AF
:10015000000000000000000000000000000000009F
:10016000000000000000000000000000000000008F
:10017000000000000000000000000000000000007F
:10018000000000000000000000000000000000006F
:10019000000000000000000000000000000000005F
:1001A000000000000000000000000000000000004F
:1001B000000000000000000000000000000000003F
:1001C000000100000010000001000000000000001D
:1001D000000001000000000000000000000000001E
:1001E000000000000000000000000000000000000F
:1001F00000000000000000000000000000000000FF
:10020000FFFFFFFFFFFFFFFFFFFFFFFFFFFFFFFFFE
:10021000FFFFFFFFFFFFFFFFFFFFFFFFFFFFFFFFEE
:10022000FFFFFFFFFFFFFFFFFFFFFFFFFFFFFFFFDE
:10023000FFFFFFFFFFFFFFFFFFFFFFFFFFFFFFFFCE
:10024000FFFFFFFFFFFFFFFFFFFFFFFFFFFFFFFFBE
:10025000FFFFFFFFFFFFFFFFFFFFFFFFFFFFFFFFAE
:10026000FFFFFFFFFFFFFFFFFFFFFFFFFFFFFFFF9E
:10027000FFFFFFFFFFFFFFFFFFFFFFFFFFFFFFFF8E
:10028000FFFFFFFFFFFFFFFFFFFFFFFFFFFFFFFF7E
:10029000FFFFFFFFFFFFFFFFFFFFFFFFFFFFFFFF6E
:1002A000FFFFFFFFFFFFFFFFFFFFFFFFFFFFFFFF5E
:1002B000FFFFFFFFFFFFFFFFFFFFFFFFFFFFFFFF4E
:1002C000FFFFFFFFFFFFFFFFFFFFFFFFFFFFFFFF3E
:1002D000FFFFFFFFFFFFFFFFFFFFFFFFFFFFFFFF2E
:1002E000FFFFFFFFFFFFFFFFFFFFFFFFFFFFFFFF1E
:1002F000FFFFFFFFFFFFFFFFFFFFFFFFFFFFFFFF0E
:10030000FFFFFFFFFFFFFFFFFFFFFFFFFFFFFFFFFD
:10031000FFFFFFFFFFFFFFFFFFFFFFFFFFFFFFFFED
:10032000FFFFFFFFFFFFFFFFFFFFFFFFFFFFFFFFDD
:10033000FFFFFFFFFFFFFFFFFFFFFFFFFFFFFFFFCD
:10034000FFFFFFFFFFFFFFFFFFFFFFFFFFFFFFFFBD
:10035000FFFFFFFFFFFFFFFFFFFFFFFFFFFFFFFFAD
:10036000FFFFFFFFFFFFFFFFFFFFFFFFFFFFFFFF9D
:10037000FFFFFFFFFFFFFFFFFFFFFFFFFFFFFFFF8D
:10038000FFFFFFFFFFFFFFFFFFFFFFFFFFFFFFFF7D
:10039000FFFFFFFFFFFFFFFFFFFFFFFFFFFFFFFF6D
:1003A000FFFFFFFFFFFFFFFFFFFFFFFFFFFFFFFF5D
:1003B000FFFFFFFFFFFFFFFFFFFFFFFFFFFFFFFF4D
:1003C000FFFFFFFFFFFFFFFFFFFFFFFFFFFFFFFF3D
:1003D000FFFFFFFFFFFFFFFFFFFFFFFFFFFFFFFF2D
:1003E000FFFFFFFFFFFFFFFFFFFFFFFFFFFFFFFF1D
:1003F000FFFFFFFFFFFFFFFFFFFFFFFFFFFFFFFF0D
:10040000FFFFFFFFFFFFFFFFFFFFFFFFFFFFFFFFFC
:10041000FFFFFFFFFFFFFFFFFFFFFFFFFFFFFFFFEC
:10042000FFFFFFFFFFFFFFFFFFFFFFFFFFFFFFFFDC
:10043000FFFFFFFFFFFFFFFFFFFFFFFFFFFFFFFFCC
:10044000FFFFFFFFFFFFFFFFFFFFFFFFFFFFFFFFBC
:10045000FFFFFFFFFFFFFFFFFFFFFFFFFFFFFFFFAC
:10046000FFFFFFFFFFFFFFFFFFFFFFFFFFFFFFFF9C
:10047000FFFFFFFFFFFFFFFFFFFFFFFFFFFFFFFF8C
:10048000FFFFFFFFFFFFFFFFFFFFFFFFFFFFFFFF7C
:10049000FFFFFFFFFFFFFFFFFFFFFFFFFFFFFFFF6C
:1004A000FFFFFFFFFFFFFFFFFFFFFFFFFFFFFFFF5C
:1004B000FFFFFFFFFFFFFFFFFFFFFFFFFFFFFFFF4C
:1004C000FFFFFFFFFFFFFFFFFFFFFFFFFFFFFFFF3C
:1004D000FFFFFFFFFFFFFFFFFFFFFFFFFFFFFFFF2C
:1004E000FFFFFFFFFFFFFFFFFFFFFFFFFFFFFFFF1C
:1004F000FFFFFFFFFFFFFFFFFFFFFFFFFFFFFFFF0C
:10050000FFFFFFFFFFFFFFFFFFFFFFFFFFFFFFFFFB
:10051000FFFFFFFFFFFFFFFFFFFFFFFFFFFFFFFFEB
:10052000FFFFFFFFFFFFFFFFFFFFFFFFFFFFFFFFDB
:10053000FFFFFFFFFFFFFFFFFFFFFFFFFFFFFFFFCB
:10054000FFFFFFFFFFFFFFFFFFFFFFFFFFFFFFFFBB
:10055000FFFFFFFFFFFFFFFFFFFFFFFFFFFFFFFFAB
:10056000FFFFFFFFFFFFFFFFFFFFFFFFFFFFFFFF9B
:10057000FFFFFFFFFFFFFFFFFFFFFFFFFFFFFFFF8B
:10058000FFFFFFFFFFFFFFFFFFFFFFFFFFFFFFFF7B
:10059000FFFFFFFFFFFFFFFFFFFFFFFFFFFFFFFF6B
:1005A000FFFFFFFFFFFFFFFFFFFFFFFFFFFFFFFF5B
:1005B000FFFFFFFFFFFFFFFFFFFFFFFFFFFFFFFF4B
:1005C000FFFFFFFFFFFFFFFFFFFFFFFFFFFFFFFF3B
:1005D000FFFFFFFFFFFFFFFFFFFFFFFFFFFFFFFF2B
:1005E000FFFFFFFFFFFFFFFFFFFFFFFFFFFFFFFF1B
:1005F000FFFFFFFFFFFFFFFFFFFFFFFFFFFFFFFF0B
:10060000FFFFFFFFFFFFFFFFFFFFFFFFFFFFFFFFFA
:10061000FFFFFFFFFFFFFFFFFFFFFFFFFFFFFFFFEA
:10062000FFFFFFFFFFFFFFFFFFFFFFFFFFFFFFFFDA
:10063000FFFFFFFFFFFFFFFFFFFFFFFFFFFFFFFFCA
:10064000FFFFFFFFFFFFFFFFFFFFFFFFFFFFFFFFBA
:10065000FFFFFFFFFFFFFFFFFFFFFFFFFFFFFFFFAA
:10066000FFFFFFFFFFFFFFFFFFFFFFFFFFFFFFFF9A
:10067000FFFFFFFFFFFFFFFFFFFFFFFFFFFFFFFF8A
:10068000FFFFFFFFFFFFFFFFFFFFFFFFFFFFFFFF7A
:10069000FFFFFFFFFFFFFFFFFFFFFFFFFFFFFFFF6A
:1006A000FFFFFFFFFFFFFFFFFFFFFFFFFFFFFFFF5A
:1006B000FFFFFFFFFFFFFFFFFFFFFFFFFFFFFFFF4A
:1006C000FFFFFFFFFFFFFFFFFFFFFFFFFFFFFFFF3A
:1006D000FFFFFFFFFFFFFFFFFFFFFFFFFFFFFFFF2A
:1006E000FFFFFFFFFFFFFFFFFFFFFFFFFFFFFFFF1A
:1006F000FFFFFFFFFFFFFFFFFFFFFFFFFFFFFFFF0A
:10070000FFFFFFFFFFFFFFFFFFFFFFFFFFFFFFFFF9
:10071000FFFFFFFFFFFFFFFFFFFFFFFFFFFFFFFFE9
:10072000FFFFFFFFFFFFFFFFFFFFFFFFFFFFFFFFD9
:10073000FFFFFFFFFFFFFFFFFFFFFFFFFFFFFFFFC9
:10074000FFFFFFFFFFFFFFFFFFFFFFFFFFFFFFFFB9
:10075000FFFFFFFFFFFFFFFFFFFFFFFFFFFFFFFFA9
:10076000FFFFFFFFFFFFFFFFFFFFFFFFFFFFFFFF99
:10077000FFFFFFFFFFFFFFFFFFFFFFFFFFFFFFFF89
:10078000FFFFFFFFFFFFFFFFFFFFFFFFFFFFFFFF79
:10079000FFFFFFFFFFFFFFFFFFFFFFFFFFFFFFFF69
:1007A000FFFFFFFFFFFFFFFFFFFFFFFFFFFFFFFF59
:1007B000FFFFFFFFFFFFFFFFFFFFFFFFFFFFFFFF49
:1007C000FFFFFFFFFFFFFFFFFFFFFFFFFFFFFFFF39
:1007D000FFFFFFFFFFFFFFFFFFFFFFFFFFFFFFFF29
:1007E000FFFFFFFFFFFFFFFFFFFFFFFFFFFFFFFF19
:1007F000FFFFFFFFFFFFFFFFFFFFFFFFFFFFFFFF09
:10080000FFFFFFFFFFFFFFFFFFFFFFFFFFFFFFFFF8
:10081000FFFFFFFFFFFFFFFFFFFFFFFFFFFFFFFFE8
:10082000FFFFFFFFFFFFFFFFFFFFFFFFFFFFFFFFD8
:10083000FFFFFFFFFFFFFFFFFFFFFFFFFFFFFFFFC8
:10084000FFFFFFFFFFFFFFFFFFFFFFFFFFFFFFFFB8
:10085000FFFFFFFFFFFFFFFFFFFFFFFFFFFFFFFFA8
:10086000FFFFFFFFFFFFFFFFFFFFFFFFFFFFFFFF98
:10087000FFFFFFFFFFFFFFFFFFFFFFFFFFFFFFFF88
:10088000FFFFFFFFFFFFFFFFFFFFFFFFFFFFFFFF78
:10089000FFFFFFFFFFFFFFFFFFFFFFFFFFFFFFFF68
:1008A000FFFFFFFFFFFFFFFFFFFFFFFFFFFFFFFF58
:1008B000FFFFFFFFFFFFFFFFFFFFFFFFFFFFFFFF48
:1008C000FFFFFFFFFFFFFFFFFFFFFFFFFFFFFFFF38
:1008D000FFFFFFFFFFFFFFFFFFFFFFFFFFFFFFFF28
:1008E000FFFFFFFFFFFFFFFFFFFFFFFFFFFFFFFF18
:1008F000FFFFFFFFFFFFFFFFFFFFFFFFFFFFFFFF08
:10090000FFFFFFFFFFFFFFFFFFFFFFFFFFFFFFFFF7
:10091000FFFFFFFFFFFFFFFFFFFFFFFFFFFFFFFFE7
:10092000FFFFFFFFFFFFFFFFFFFFFFFFFFFFFFFFD7
:10093000FFFFFFFFFFFFFFFFFFFFFFFFFFFFFFFFC7
:10094000FFFFFFFFFFFFFFFFFFFFFFFFFFFFFFFFB7
:10095000FFFFFFFFFFFFFFFFFFFFFFFFFFFFFFFFA7
:10096000FFFFFFFFFFFFFFFFFFFFFFFFFFFFFFFF97
:10097000FFFFFFFFFFFFFFFFFFFFFFFFFFFFFFFF87
:10098000FFFFFFFFFFFFFFFFFFFFFFFFFFFFFFFF77
:10099000FFFFFFFFFFFFFFFFFFFFFFFFFFFFFFFF67
:1009A000FFFFFFFFFFFFFFFFFFFFFFFFFFFFFFFF57
:1009B000FFFFFFFFFFFFFFFFFFFFFFFFFFFFFFFF47
:1009C000FFFFFFFFFFFFFFFFFFFFFFFFFFFFFFFF37
:1009D000FFFFFFFFFFFFFFFFFFFFFFFFFFFFFFFF27
:1009E000FFFFFFFFFFFFFFFFFFFFFFFFFFFFFFFF17
:1009F000FFFFFFFFFFFFFFFFFFFFFFFFFFFFFFFF07
:100A0000FFFFFFFFFFFFFFFFFFFFFFFFFFFFFFFFF6
:100A1000FFFFFFFFFFFFFFFFFFFFFFFFFFFFFFFFE6
:100A2000FFFFFFFFFFFFFFFFFFFFFFFFFFFFFFFFD6
:100A3000FFFFFFFFFFFFFFFFFFFFFFFFFFFFFFFFC6
:100A4000FFFFFFFFFFFFFFFFFFFFFFFFFFFFFFFFB6
:100A5000FFFFFFFFFFFFFFFFFFFFFFFFFFFFFFFFA6
:100A6000FFFFFFFFFFFFFFFFFFFFFFFFFFFFFFFF96
:100A7000FFFFFFFFFFFFFFFFFFFFFFFFFFFFFFFF86
:100A8000FFFFFFFFFFFFFFFFFFFFFFFFFFFFFFFF76
:100A9000FFFFFFFFFFFFFFFFFFFFFFFFFFFFFFFF66
:100AA000FFFFFFFFFFFFFFFFFFFFFFFFFFFFFFFF56
:100AB000FFFFFFFFFFFFFFFFFFFFFFFFFFFFFFFF46
:100AC000FFFFFFFFFFFFFFFFFFFFFFFFFFFFFFFF36
:100AD000FFFFFFFFFFFFFFFFFFFFFFFFFFFFFFFF26
:100AE000FFFFFFFFFFFFFFFFFFFFFFFFFFFFFFFF16
:100AF000FFFFFFFFFFFFFFFFFFFFFFFFFFFFFFFF06
:100B0000FFFFFFFFFFFFFFFFFFFFFFFFFFFFFFFFF5
:100B1000FFFFFFFFFFFFFFFFFFFFFFFFFFFFFFFFE5
:100B2000FFFFFFFFFFFFFFFFFFFFFFFFFFFFFFFFD5
:100B3000FFFFFFFFFFFFFFFFFFFFFFFFFFFFFFFFC5
:100B4000FFFFFFFFFFFFFFFFFFFFFFFFFFFFFFFFB5
:100B5000FFFFFFFFFFFFFFFFFFFFFFFFFFFFFFFFA5
:100B6000FFFFFFFFFFFFFFFFFFFFFFFFFFFFFFFF95
:100B7000FFFFFFFFFFFFFFFFFFFFFFFFFFFFFFFF85
:100B8000FFFFFFFFFFFFFFFFFFFFFFFFFFFFFFFF75
:100B9000FFFFFFFFFFFFFFFFFFFFFFFFFFFFFFFF65
:100BA000FFFFFFFFFFFFFFFFFFFFFFFFFFFFFFFF55
:100BB000FFFFFFFFFFFFFFFFFFFFFFFFFFFFFFFF45
:100BC000FFFFFFFFFFFFFFFFFFFFFFFFFFFFFFFF35
:100BD000FFFFFFFFFFFFFFFFFFFFFFFFFFFFFFFF25
:100BE000FFFFFFFFFFFFFFFFFFFFFFFFFFFFFFFF15
:100BF000FFFFFFFFFFFFFFFFFFFFFFFFFFFFFFFF05
:100C0000FFFFFFFFFFFFFFFFFFFFFFFFFFFFFFFFF4
:100C1000FFFFFFFFFFFFFFFFFFFFFFFFFFFFFFFFE4
:100C2000FFFFFFFFFFFFFFFFFFFFFFFFFFFFFFFFD4
:100C3000FFFFFFFFFFFFFFFFFFFFFFFFFFFFFFFFC4
:100C4000FFFFFFFFFFFFFFFFFFFFFFFFFFFFFFFFB4
:100C5000FFFFFFFFFFFFFFFFFFFFFFFFFFFFFFFFA4
:100C6000FFFFFFFFFFFFFFFFFFFFFFFFFFFFFFFF94
:100C7000FFFFFFFFFFFFFFFFFFFFFFFFFFFFFFFF84
:100C8000FFFFFFFFFFFFFFFFFFFFFFFFFFFFFFFF74
:100C9000FFFFFFFFFFFFFFFFFFFFFFFFFFFFFFFF64
:100CA000FFFFFFFFFFFFFFFFFFFFFFFFFFFFFFFF54
:100CB000FFFFFFFFFFFFFFFFFFFFFFFFFFFFFFFF44
:100CC000FFFFFFFFFFFFFFFFFFFFFFFFFFFFFFFF34
:100CD000FFFFFFFFFFFFFFFFFFFFFFFFFFFFFFFF24
:100CE000FFFFFFFFFFFFFFFFFFFFFFFFFFFFFFFF14
:100CF000FFFFFFFFFFFFFFFFFFFFFFFFFFFFFFFF04
:100D0000FFFFFFFFFFFFFFFFFFFFFFFFFFFFFFFFF3
:100D1000FFFFFFFFFFFFFFFFFFFFFFFFFFFFFFFFE3
:100D2000FFFFFFFFFFFFFFFFFFFFFFFFFFFFFFFFD3
:100D3000FFFFFFFFFFFFFFFFFFFFFFFFFFFFFFFFC3
:100D4000FFFFFFFFFFFFFFFFFFFFFFFFFFFFFFFFB3
:100D5000FFFFFFFFFFFFFFFFFFFFFFFFFFFFFFFFA3
:100D6000FFFFFFFFFFFFFFFFFFFFFFFFFFFFFFFF93
:100D7000FFFFFFFFFFFFFFFFFFFFFFFFFFFFFFFF83
:100D8000FFFFFFFFFFFFFFFFFFFFFFFFFFFFFFFF73
:100D9000FFFFFFFFFFFFFFFFFFFFFFFFFFFFFFFF63
:100DA000FFFFFFFFFFFFFFFFFFFFFFFFFFFFFFFF53
:100DB000FFFFFFFFFFFFFFFFFFFFFFFFFFFFFFFF43
:100DC000FFFFFFFFFFFFFFFFFFFFFFFFFFFFFFFF33
:100DD000FFFFFFFFFFFFFFFFFFFFFFFFFFFFFFFF23
:100DE000FFFFFFFFFFFFFFFFFFFFFFFFFFFFFFFF13
:100DF000FFFFFFFFFFFFFFFFFFFFFFFFFFFFFFFF03
:100E0000FFFFFFFFFFFFFFFFFFFFFFFFFFFFFFFFF2
:100E1000FFFFFFFFFFFFFFFFFFFFFFFFFFFFFFFFE2
:100E2000FFFFFFFFFFFFFFFFFFFFFFFFFFFFFFFFD2
:100E3000FFFFFFFFFFFFFFFFFFFFFFFFFFFFFFFFC2
:100E4000FFFFFFFFFFFFFFFFFFFFFFFFFFFFFFFFB2
:100E5000FFFFFFFFFFFFFFFFFFFFFFFFFFFFFFFFA2
:100E6000FFFFFFFFFFFFFFFFFFFFFFFFFFFFFFFF92
:100E7000FFFFFFFFFFFFFFFFFFFFFFFFFFFFFFFF82
:100E8000FFFFFFFFFFFFFFFFFFFFFFFFFFFFFFFF72
:100E9000FFFFFFFFFFFFFFFFFFFFFFFFFFFFFFFF62
:100EA000FFFFFFFFFFFFFFFFFFFFFFFFFFFFFFFF52
:100EB000FFFFFFFFFFFFFFFFFFFFFFFFFFFFFFFF42
:100EC000FFFFFFFFFFFFFFFFFFFFFFFFFFFFFFFF32
:100ED000FFFFFFFFFFFFFFFFFFFFFFFFFFFFFFFF22
:100EE000FFFFFFFFFFFFFFFFFFFFFFFFFFFFFFFF12
:100EF000FFFFFFFFFFFFFFFFFFFFFFFFFFFFFFFF02
:100F0000FFFFFFFFFFFFFFFFFFFFFFFFFFFFFFFFF1
:100F1000FFFFFFFFFFFFFFFFFFFFFFFFFFFFFFFFE1
:100F2000FFFFFFFFFFFFFFFFFFFFFFFFFFFFFFFFD1
:100F3000FFFFFFFFFFFFFFFFFFFFFFFFFFFFFFFFC1
:100F4000FFFFFFFFFFFFFFFFFFFFFFFFFFFFFFFFB1
:100F5000FFFFFFFFFFFFFFFFFFFFFFFFFFFFFFFFA1
:100F6000FFFFFFFFFFFFFFFFFFFFFFFFFFFFFFFF91
:100F7000FFFFFFFFFFFFFFFFFFFFFFFFFFFFFFFF81
:100F8000FFFFFFFFFFFFFFFFFFFFFFFFFFFFFFFF71
:100F9000FFFFFFFFFFFFFFFFFFFFFFFFFFFFFFFF61
:100FA000FFFFFFFFFFFFFFFFFFFFFFFFFFFFFFFF51
:100FB000FFFFFFFFFFFFFFFFFFFFFFFFFFFFFFFF41
:100FC000FFFFFFFFFFFFFFFFFFFFFFFFFFFFFFFF31
:100FD000FFFFFFFFFFFFFFFFFFFFFFFFFFFFFFFF21
:100FE000FFFFFFFFFFFFFFFFFFFFFFFFFFFFFFFF11
:100FF000FFFFFFFFFFFFFFFFFFFFFFFFFFFFFFFF01
:10100000D1002043F1150060000000000000000046
:101010002010006000100060006802600000000006
:10102000000000600074020000000000FFFFFFFFEE
:10103000FFFFFFFFFFFFFFFFFFFFFFFFFFFFFFFFC0
:10104000FFFFFFFFFFFFFFFFFFFFFFFFFFFFFFFFB0
:10105000FFFFFFFFFFFFFFFFFFFFFFFFFFFFFFFFA0
:10106000FFFFFFFFFFFFFFFFFFFFFFFFFFFFFFFF90
:10107000FFFFFFFFFFFFFFFFFFFFFFFFFFFFFFFF80
:10108000FFFFFFFFFFFFFFFFFFFFFFFFFFFFFFFF70
:10109000FFFFFFFFFFFFFFFFFFFFFFFFFFFFFFFF60
:1010A000FFFFFFFFFFFFFFFFFFFFFFFFFFFFFFFF50
:1010B000FFFFFFFFFFFFFFFFFFFFFFFFFFFFFFFF40
:1010C000FFFFFFFFFFFFFFFFFFFFFFFFFFFFFFFF30
:1010D000FFFFFFFFFFFFFFFFFFFFFFFFFFFFFFFF20
:1010E000FFFFFFFFFFFFFFFFFFFFFFFFFFFFFFFF10
:1010F000FFFFFFFFFFFFFFFFFFFFFFFFFFFFFFFF00
:10110000FFFFFFFFFFFFFFFFFFFFFFFFFFFFFFFFEF
:10111000FFFFFFFFFFFFFFFFFFFFFFFFFFFFFFFFDF
:10112000FFFFFFFFFFFFFFFFFFFFFFFFFFFFFFFFCF
:10113000FFFFFFFFFFFFFFFFFFFFFFFFFFFFFFFFBF
:10114000FFFFFFFFFFFFFFFFFFFFFFFFFFFFFFFFAF
:10115000FFFFFFFFFFFFFFFFFFFFFFFFFFFFFFFF9F
:10116000FFFFFFFFFFFFFFFFFFFFFFFFFFFFFFFF8F
:10117000FFFFFFFFFFFFFFFFFFFFFFFFFFFFFFFF7F
:10118000FFFFFFFFFFFFFFFFFFFFFFFFFFFFFFFF6F
:10119000FFFFFFFFFFFFFFFFFFFFFFFFFFFFFFFF5F
:1011A000FFFFFFFFFFFFFFFFFFFFFFFFFFFFFFFF4F
:1011B000FFFFFFFFFFFFFFFFFFFFFFFFFFFFFFFF3F
:1011C000FFFFFFFFFFFFFFFFFFFFFFFFFFFFFFFF2F
:1011D000FFFFFFFFFFFFFFFFFFFFFFFFFFFFFFFF1F
:1011E000FFFFFFFFFFFFFFFFFFFFFFFFFFFFFFFF0F
:1011F000FFFFFFFFFFFFFFFFFFFFFFFFFFFFFFFFFF
:10120000FFFFFFFFFFFFFFFFFFFFFFFFFFFFFFFFEE
:10121000FFFFFFFFFFFFFFFFFFFFFFFFFFFFFFFFDE
:10122000FFFFFFFFFFFFFFFFFFFFFFFFFFFFFFFFCE
:10123000FFFFFFFFFFFFFFFFFFFFFFFFFFFFFFFFBE
:10124000FFFFFFFFFFFFFFFFFFFFFFFFFFFFFFFFAE
:10125000FFFFFFFFFFFFFFFFFFFFFFFFFFFFFFFF9E
:10126000FFFFFFFFFFFFFFFFFFFFFFFFFFFFFFFF8E
:10127000FFFFFFFFFFFFFFFFFFFFFFFFFFFFFFFF7E
:10128000FFFFFFFFFFFFFFFFFFFFFFFFFFFFFFFF6E
:10129000FFFFFFFFFFFFFFFFFFFFFFFFFFFFFFFF5E
:1012A000FFFFFFFFFFFFFFFFFFFFFFFFFFFFFFFF4E
:1012B000FFFFFFFFFFFFFFFFFFFFFFFFFFFFFFFF3E
:1012C000FFFFFFFFFFFFFFFFFFFFFFFFFFFFFFFF2E
:1012D000FFFFFFFFFFFFFFFFFFFFFFFFFFFFFFFF1E
:1012E000FFFFFFFFFFFFFFFFFFFFFFFFFFFFFFFF0E
:1012F000FFFFFFFFFFFFFFFFFFFFFFFFFFFFFFFFFE
:10130000FFFFFFFFFFFFFFFFFFFFFFFFFFFFFFFFED
:10131000FFFFFFFFFFFFFFFFFFFFFFFFFFFFFFFFDD
:10132000FFFFFFFFFFFFFFFFFFFFFFFFFFFFFFFFCD
:10133000FFFFFFFFFFFFFFFFFFFFFFFFFFFFFFFFBD
:10134000FFFFFFFFFFFFFFFFFFFFFFFFFFFFFFFFAD
:10135000FFFFFFFFFFFFFFFFFFFFFFFFFFFFFFFF9D
:10136000FFFFFFFFFFFFFFFFFFFFFFFFFFFFFFFF8D
:10137000FFFFFFFFFFFFFFFFFFFFFFFFFFFFFFFF7D
:10138000FFFFFFFFFFFFFFFFFFFFFFFFFFFFFFFF6D
:10139000FFFFFFFFFFFFFFFFFFFFFFFFFFFFFFFF5D
:1013A000FFFFFFFFFFFFFFFFFFFFFFFFFFFFFFFF4D
:1013B000FFFFFFFFFFFFFFFFFFFFFFFFFFFFFFFF3D
:1013C000FFFFFFFFFFFFFFFFFFFFFFFFFFFFFFFF2D
:1013D000FFFFFFFFFFFFFFFFFFFFFFFFFFFFFFFF1D
:1013E000FFFFFFFFFFFFFFFFFFFFFFFFFFFFFFFF0D
:1013F000FFFFFFFFFFFFFFFFFFFFFFFFFFFFFFFFFD
:10140000824205D051F8043B40F8043B8242F9D8AF
:10141000704700BF044A05494FF0000342F8043BFF
:101420009142FBD8704700BFC03600202047032000
:1014300008B5BFF34F8F00F047F9544C544B0820C8
:101440005449C3F85401544AC3F800115348C3F82F
:10145000F0405349FFF7D4FF524A53495348FFF72E
:10146000CFFF534CFFF7D6FF4FF470004FF0E02151
:101470000023504AC1F8880D44F823200133B02BD3
:10148000FAD14D4B80214D4A03F8011B9342FBD109
:101490004FF0E0254A4E4B4A4FF0FF31C5F8084D5A
:1014A000D5F8243D43F4E023C5F8243DF36923F047
:1014B0007F0343F04003F361736A23F07F0343F03B
:1014C000400373629166D1661167516700F004F9B9
:1014D0003D4A3E4BA2636322E36300246A61032317
:1014E0003B4AAC612B61C5F8202DD5F8FC2D394B5A
:1014F00042F080723849C5F8FC2D1A6842F00102AA
:101500001A605B680B6000F0B7FA344800F068FCC2
:10151000F16E334B334A41F44051F1661C60C3F81D
:101520000841C3F81841C3F82841C3F83841936B08
:10153000DB0708D442F615632B4951651365936B9D
:1015400043F001039363274A284C936843F0011347
:10155000936000F04FF900F0FBFB00F029FC00F075
:10156000BDFA00F0B3F82368132BFCD900F052FB4E
:101570002368B3F5967FFBD300F0ACF800F0A8F831
:1015800000F02AFC00F018FC30BFFDE70C0D111331
:1015900000800D401B101820981002000000000071
:1015A000001F0060C03600209C2F02600000002059
:1015B00000340020AD75010000E400E0A0E400E08C
:1015C00000C00F4000C00A40356E0100396E0100B6
:1015D00000002020001000E0B44603200046C32392
:1015E0000040084000400D400000C056B8460320AF
:1015F000054B4FF42A01054A05485A641864054A08
:1016000099639546FFF714FF00C00A40FFABAAAAF2
:101610000700200000800520294A00210123C2F88C
:10162000A000C2F8A410C2F8B0305369D907FCD5A5
:1016300001234FF4803C22495361C2F8A000C2F854
:10164000A4C0C2F8B0304B69DB07FCD501234FF4CE
:10165000003C1B4A4B61C1F8A000C1F8A4C0C1F80E
:10166000B0305369D907FCD50123DFF858C01449BD
:101670005361C2F8A000C2F8A4C0C2F8B0304B69F0
:10168000DB07FCD5D1F8003145F60D504FF0210CA9
:101690009AB2C1F814C0824210D045F69D518A42D8
:1016A0000AD1C3F34253032B08D0A3F10403B3FAC6
:1016B00083F35B09180170470020704708207047CA
:1016C00000402A4004000300704700BF704700BF7D
:1016D000704700BF00BF70474FF0E02300214FF07C
:1016E000100C3448C3F8941DC3F89CCD4FF0110C76
:1016F000C3F8A00D3048C3F89CCD4FF0120CC3F8CE
:10170000A00D2E48C3F89CCD2D4AC3F8A00DDFF8DC
:10171000D0C042F015022B48C3F89CCDC3F8A00DF1
:10172000DFF8C0C02848C3F89CCDC3F8A00DDFF88F
:10173000B8C0C3F89C2D2548254AC3F8A0CDC3F8EE
:101740009C0DC3F8A02D02F5A022DFF8A0C00C323A
:101750002048C3F89CCDC3F8A02D1F4AC3F89C0DA8
:10176000C3F8A02D02F14062DFF884C002321B48AA
:10177000C3F89CCDC3F8A02D0A32C3F89C0DC3F862
:10178000A02D00BF00BF00BF00BF00BF0122C3F8F3
:10179000942DBFF34F8FBFF36F8FC3F8501FBFF36C
:1017A0004F8FBFF36F8FD3F8142D42F44032C3F83C
:1017B000142D70473F000010250008070900100095
:1017C00020470320210002072500081316002020CF
:1017D00027000B13180000602F000B071A00008071
:1017E0001300200014000020090000101700004022
:1017F0001900007030B5864B85B0DFF874E218220E
:10180000844D0120C3F85CE28349C3F86052A5F51A
:101810008055DFF860C2814CC3F864E2C3F86852B7
:101820002125C3F86CC2C3F870C2C3F874C2C3F8F0
:1018300078C248F20C7CDA661A675A679A67DA67E8
:10184000C3F88020C3F88420C3F88820C1F82C0393
:10185000734AC1F83003C1F83403C1F83803C1F842
:101860003C03C1F85003A1696E4B0A406E486F49B2
:1018700013436F4AA361D4F8843043F00C03C4F8D7
:1018800084304FF0FF34036843F0020303600368C1
:1018900003EA0C031A43674B026044608A68664C93
:1018A0001340664A43F000538360C36823F0780313
:1018B000C360036A23401A43604B0262026A2240FB
:1018C0005F4C1343002243628462C46240F20564A9
:1018D000D1F8B83023F03F0343F00103C0F8B8302B
:1018E000D1F8BC30574923F03F0343F00103C0F85F
:1018F000BC3002610567C0F880404567C0F884408D
:101900000224036823F00203036081614E4B4F49B8
:10191000C46143F8042B8B42FBD1434C236843F052
:1019200001032360256815F00105FBD1454802221B
:1019300040F2F561A06140F29940E26140F26642F6
:10194000C4F8001242F20141C4F81022404AC4F81F
:101950002002C4F8302240F23542C4F834123D4827
:10196000C4F840223C4AC4F850022846C4F8542225
:1019700042F201223949C4F86012C4F86422FFF728
:101980004BFE0246002839D0810201234FF480200B
:1019900021662549C4F8A050C4F8A400C4F8B030AA
:1019A0004B69D807FCD515050124039228464C61E4
:1019B000FFF732FE039A2A4B0244D2B21A7080B16A
:1019C000194980024FF4802348660846C1F8A050A8
:1019D000C1F8A430C1F8B0404369DB07FCD501234E
:1019E000436120490024204801230094401A00EB61
:1019F00002521E4800F0E8F905B030BD1B4B1849F3
:101A000018600870D860C3E9010005B030BD00BFA0
:101A100000801F40F910010000841F4000C00F40EB
:101A2000FFFCFF1F0003008000402A4000802A4086
:101A30001200FFFFFF37F70000FFF07C400000803E
:101A4000FF000F83F05AF05A00422A4000432A4018
:101A50009F041830EB06180A063201263806180AC9
:101A6000E7460320000000700000007054F10220DF
:101A7000F9B00100F970010010B5174A4FF4805415
:101A80004FF4005E4FF4404C4FF4803043F242017B
:101A9000136913F0020F0DD113F4005F0FD013F48C
:101AA000805F0FD0002BF3DA13F4803F0CD15B067C
:101AB0000ED510BDC2F818C050619161E8E7C2F8B8
:101AC00014E0E5E75461E3E74FF480339361DFE727
:101AD00040235361DCE700BF00800D40414A0320F2
:101AE0004149F3EE095AD2F880309FED406A23F065
:101AF00001039FED3F5ADFF814C100B5C2F88030F2
:101B0000C2F89000D1F8E010DFF804E1CBB2394818
:101B1000CEF8003007EE903A0B0DC1F30B21F8EE32
:101B2000E77A06EE903A07EE101A334BB8EEC77A12
:101B3000CCF80010F8EEE66A304937EEC66A37EEA8
:101B4000C55A76EEC76A77EEE57A26EE266AC3EDC9
:101B5000006A25EE265AD2F8803067EEA64AC0ED1C
:101B6000007AC6EE275A264885EE276AC4EEA76A91
:101B700075EE875AFCEEE55A36EE076A15EE90CA06
:101B8000BCEEC66A43EA0C5376EE877AC2F8803020
:101B900016EE103AD2F890C1FCEEE77A01EA034162
:101BA00041EA0C014FF0000C17EE903AC2F8901188
:101BB000C3F30B03D2F890110B431249C2F89031D2
:101BC000D2F8803043F00203C2F880300E4B80F828
:101BD00040C0C1F840314FF0E0230122C3F8082192
:101BE00000BD00BF00810D4000441F400000AA421C
:101BF0000000B442A8060320AC0603200000FF0F3B
:101C000000E400E0003400208D770100A0060320EE
:101C1000A4060320314B40F6617210B5C3F82021B1
:101C200040F2044400F0E0F82D4A2E49D2F880300A
:101C30002D4843F00303C2F880302C4BC1F86041BB
:101C400002681A4203D1D1F8A8319A071BD0254A5D
:101C50004FF00041244B5963D2F8403143F0020366
:101C6000C2F84031D2F840319B07FBD44FF400302A
:101C70004FF0E0211C4B4FF00042C1F88C021920BC
:101C80009A6300F0A5F8184B0021164C4FF08042E3
:101C90000A209A634FF420721960C4F8A80114480E
:101CA00000F08EF84FF4800203464FF4810040F2BA
:101CB00043111860C4F858311A640E4B0E4AC4F828
:101CC0004811C3F804224FF0E0224FF40031012301
:101CD000C2F80C11C4F8403110BD00BF00800D40A7
:101CE00000C00F4000002E4000900D40001C1E0060
:101CF00000000020003400209179010008B50E4B4F
:101D00001B6E9B0700D4FBBE72B60C4B00200C4A26
:101D1000C3F8400103F160430A49A3F55F2311644E
:101D20009D46BFF34F8F4FF40013074A0748DB6906
:101D300002609B68984700BF00441F4000002E408F
:101D400000C00A4003002000000012EB00802020A9
:101D50000F4B40F2376C0F4AA020D96E41F440314E
:101D6000D966D96E41F44071D966C2F844C0906416
:101D7000936C1B06FCD4084A40F23761A0235164DF
:101D80009364936C13F08003FBD1044A1370704783
:101D900000C00F4000400C4000800C40E64603208D
:101DA000F8B500BFF8BC08BC9E46704700000000B4
:101DB0005FF800F0358A01005FF800F0FD73010064
:101DC0005FF800F085AA01005FF800F0998B010030
:101DD0005FF800F0357201005FF800F0D5B1010046
:101DE0005FF800F0216F01005FF800F0FD80010056
:081DF0004500000015E50000AC
:101DF800160355005300420020005300650072008E
:101E0800690061006C00000018035400650065005B
:101E18006E00730079006400750069006E006F0041
:101E28000403090409026200030100C032080B0020
:101E38000202020100090400000102020100052457
:101E480000100105240101010424020605240600EE
:101E5800010705820310001009040100020A0000AE
:101E6800000705030240000007058402400000093E
:101E780004020002FF6AFF00070581024000010713
:101E8800050102400001000009026200030100C0D0
:101E980032080B00020202010009040000010202DC
:101EA8000100052400100105240101010424020693
:101EB8000524060001070582031000050904010036
:101EC800020A000000070503020002000705840259
:101ED8000002000904020002FF6AC7000705810228
:101EE8000002010705010200020100000A060002C3
:081EF800EF02014001000000AF
:101F000000000000000000000000000000000000D1
:101F100000000000000000000000000000000000C1
:101F20000548064B1B1AD90F01EBA301491002D03B
:101F3000034B03B118477047C0360020C03600205D
:101F40000000000008B5054B1BB105490548AFF37B
:101F50000080BDE80840FFF7E3BF00BF00000000BD
:101F600050FA022000740260020410F4F84FC0F32B
:101F70008421C0F3090302F0004214D113B900EE2A
:101F8000102A704718465B00013113F4806FF9D0B6
:101F9000C1F171010B4B42EAC15203EA80331A438B
:101FA00000EE102A70471F2942EA433205D07031F3
:101FB00042EAC15200EE102A704742F0FF4200EEA2
:101FC000102A704700E07F00032801EB000C10B5D9
:101FD00000F1040E09DC085C00F03F00107011F8FD
:101FE0000E2002F03F021A7010BD1CF804CC4FEA1C
:101FF0009C1411F80EC00CF00F0C4CEA041C82F873
:1020000000C0085C11F80E208009120942EA001293
:102010001A7010BD2DE9F04F8BB00C4692469B46CE
:10202000149D0E2810D8DFE810F0D200D700EB0086
:102030000F000F000F000F000F002B010F000F000B
:102040000F005D010F0014004FF0FF300BB0BDE832
:10205000F08F02F0FF080021B8F1000FF4D1100A50
:102060004FEA1B2340EA0B60069350EA1B2B00F05B
:10207000AA80AB464746079004F18006B4F8D0002A
:102080000191A146FFF770FF04F1C008B446DA469B
:1020900038465946CDE90464019E09F1FF370CF139
:1020A000FF3B54460025CDF80CA0CDE9019C1BF860
:1020B00001CF2A1117F801AF01354FEA0C130AF0CE
:1020C0000F0E4FEA8C0903F03003202D09F0300980
:1020D00043EA0E03A3F1200307EE903A18F9023009
:1020E000424407EE103A97F82030F8EEE77AB8EE5F
:1020F000C77A03F00F0E4FEA131349EA0E0E27EECC
:10210000007AAEF1200E67EE877AE4EC017A07EEF2
:1021100090EA92F902E0F8EEE77A07EE10EA0CF0A6
:10212000300E4FEA9C1CB8EEC77A4EEA1A1E43EAFC
:102130000C13AEF1200E27EE007AA3F1200367EE18
:10214000877AC4ED1F7A07EE90EAB8EEE77A07EED9
:10215000903A92F90430F8EEE77A06EE903AF8EE0B
:10216000E66A66EE806A27EE267A84ED3F7A92F977
:10217000063007EE103AB8EEC77A27EE007A67EE1F
:10218000877AC4ED5F7A92D1DDE9019C049B08F166
:10219000080809F14009DDF80CA00CF1200C4B45B2
:1021A0000AF5007A7FF479AF431C01F5806B059C3A
:1021B0001F4646F10001D234DDE906238A4208BFFA
:1021C000BB427FF459AF00200BB0BDE8F08F920006
:1021D000284617F09BF8F6E752EA0B03F3D00026E7
:1021E0002F46354634F8020BFFF7BEFE0136A7EC4A
:1021F000010A45F10005AB4508BFB245F2D1E2E75F
:1022000012F01F074FF000087FF41EAF4FEA521A7A
:102210004FEA5B164AEACB6A5AEA5B1BD3D0113409
:1022200034F8110CFFF7A0FEA4F11002294612F8B1
:10223000013F03F00F03A242A3F1080307EE903A17
:10224000F8EEE77A67EE807AE1EC017A13784FEAEC
:102250001313A3F1080307EE903AF8EEE77A67EE5E
:10226000807AC1ED0F7AE2D1013705F1800504F1E2
:10227000120448F10008464508BFBA45D0D1A2E78C
:1022800012F01F084FF000097FF4DEAE4FEA521A39
:102290004FEA5B174AEACB6A5AEA5B1B93D005F117
:1022A00080068B465D46A6F1800435F8010BFFF7EA
:1022B0005BFE15F9013F07EE903AF8EEE77A67EE1C
:1022C000807AE4EC017AB442F3D118F1010806F106
:1022D00080060BF1220B49F100094F4508BFC245AA
:1022E000E0D170E702F0FF084FF00009B8F1000FED
:1022F0007FF4AAAE4FEA122C4FEA1B234CEA0B6C78
:1023000002935CEA1B2B3FF45EAF05F1800A0D4699
:10231000CDF80CC029466C880AF18007564631F882
:10232000040B4FF0000B0191FFF71EFE204605F154
:102330000F04F0EE407AFFF717FE019901950DF1B9
:1023400027030DF126025846A6F18005FFF73CFE53
:102350009DF826200BF1010005EE102A9DF827209C
:1023600005EE902A0DF12602FFF72EFE9DF826308D
:10237000B8EEC55A224606EE903A9DF82730F8EEA0
:10238000E55A06EE103AF8EEE66A25EE275AB8EE60
:10239000C66A65EE805A66EEA76A26EE006A12F8F3
:1023A000013F03F00F0307EE103A3346F8EEC74A39
:1023B000B0EE657A95EE247AA5EC017AB542EED1BD
:1023C000204610F8012F120907EE102AF8EEC75A1E
:1023D000B0EE467A96EEA57AA3EC017ABB42F0D134
:1023E0000BF1020B03F5807706F580762034BBF104
:1023F000080FA4D118F10108019D0AF5806A49F17E
:1024000000099035DDE902234A4508BF434581D1E3
:10241000D9E600BFF0B55609059F46EAC36656EAFD
:1024200053134FD000F18001F7EE005AF6EE006A28
:10243000069D013F9FED256A9FED255A01EBC616CB
:1024400000246FF07E0E03469FED217AF3EC017AB3
:10245000F0EEE77AF4EEC77AF1EE10FA37FE877AFB
:102460009942F3D1C7EE067AF5EEC07AE5EC017A2F
:10247000F1EE10FA27DD85EEA77A07EB040C024691
:102480000FE077EEA67AFDEEE77A17EE903A734505
:10249000B8BF73467F2BA8BF7F2391420CF8013F42
:1024A0000BD0F2EC017A67EE877AF5EEC07AF1EEA6
:1024B00010FAE6D577EEE67AE5E780312034803011
:1024C000B142C0D1F0BDB0EE457AD6E70000FE4281
:1024D0000000000000B54FEA521E01994EEAC36E9B
:1024E0005EEA531312D0A1F1040C1F300CEB8E0ED8
:1024F000A0F12003002213F9011F83420A44FAD1FC
:102500004CF8042FF44500F12000F1D100BD00BFCC
:102510002DE9F04F2DED068B91B0209C4FEA142E43
:10252000219C4EEA046E250A5EEA14240C9500F004
:1025300024814FF000090433044615464E46884670
:102540000593CDF834E09FED90AB23466788AB460A
:102550004FF0000A33F8040B0293FFF705FD3846ED
:10256000B0EE409AFFF700FD059BB7EEC08A04F17C
:102570003007043BB7EEC99A0B96069308F1240383
:10258000CDE907450193CDE909890DF13F03029992
:102590000DF13E025046FFF717FDA7F120044FF062
:1025A000000C019B2146A3F1200EE046E146664661
:1025B000CDE903AB0A68083151F8043C8F425EF85C
:1025C000045C02F00F3203F00F335EF8080B2FFAB1
:1025D00082FA2FFA85FB2FFA92F22FFA95F52AFB51
:1025E0000B6622FB05992FFA83F22FFA80F52FFA5A
:1025F00093F32FFA90F022FB058823FB00CCD9D16E
:102600009DF83F30E0444E440DF13E0203EE103A97
:102610009DF83E304644029905EE103AB8EEC33BB1
:10262000069B07EE906AB8EEC55B002623EE083BDA
:10263000B0463546B8EEE76B25EE095BDDE903AB46
:1026400053F82A300AF101009BED004A07EE903A58
:102650000393B7EEC44A0DF13F03B8EEE77B27EED4
:10266000437BA5EE067BA4EE07ABFFF7ADFCDDF8E0
:1026700004C0B646CDF80CA02268083454F8043CD7
:102680001209A7424FEA13135CF8040C02F00F3250
:102690005CF8081B03F00F332FFA82F92FFA80FA47
:1026A0002FFA92F22FFA90F029FB0A5522FB0088AC
:1026B0002FFA83F22FFA81F02FFA93F32FFA91F188
:1026C00022FB00EE23FB0166D6D1019B4544B644B4
:1026D000DDF80CA040339BED014A7544203701938F
:1026E000B7EEC44A9DF83F3007EE905A0BF1080B45
:1026F00005EE103A059BB8EEE76BB8EEC55B53F8F4
:102700002A300AF1020A07EE903A039325EE085B9D
:102710009DF83E30BAF1080FB8EEE77B27EE457B17
:1027200005EE103AB8EEC55B25EE095BA5EE067B1B
:10273000A4EE07AB7FF429AF059A0B9E2032DDE9AA
:102740000989059219F1010308F58078994646F147
:102750000006DDE90C23DDE90745B24208BF4B4521
:1027600004F1900405F120057FF4EFAEB7EECA0B3B
:1027700011B0BDEC068BBDE8F08F9FED050A11B0DE
:10278000BDEC068BBDE8F08F0000000000000000EB
:1027900000000000000000002DE9F04F0C282DED96
:1027A000068BA1B005920793DDE9303200F0188165
:1027B0000E280BD0082800F0E381DFED877A87EE42
:1027C000A70A21B0BDEC068BBDE8F08F4FEA1328B5
:1027D000130A48EA02681493804B1E68149B002E6B
:1027E00000F00A8358EA030300F0FD83059F18AB4D
:1027F0004FF000090C463D4600270693CDF8548063
:102800009FED738BB4F8D000A246FFF7ADFBB7EE97
:10281000C09AFB0004F1C10612944FF000080F9318
:102820006B1E80341397CDE91035069B20220021C2
:102830001846751E1AF0A6F8611E00220AF1FF3B29
:10284000019110999446049201EB08070C960592A9
:10285000CDE90222CDE908A4CDE90A85CDE90D90A4
:102860000BE05AF8203C02935AF8183C05935AF8AA
:10287000103C03935AF8083C0493019B0CF1010CA3
:102880001BF801EF013713F8016FBCF1200F0EF0B8
:102890000F0597F920904FEA860001939BF82030AE
:1028A0004FEA061400F0300006F0300103F00F0A82
:1028B0004FEAA61604F030044FEA131340EA0A0068
:1028C00097F9408044EA050443EA061341EA1E15DD
:1028D000A0F12000059920AE97F960E0A5F1200550
:1028E00006EB820609FB0010049AA3F1200303996A
:1028F000A4F120040EFB03234FEA2C1208FB05155C
:1029000020A997F900E001EB820A029905960EFBD7
:10291000041446F8180C46F8204C46F8105C46F8AB
:10292000083C9ED1DDE90E32DDE90A85DDE908A427
:1029300002EB5810079A194602EB80000022DDE9ED
:102940000C69B0EC017A083115F91270B7EEC77A4C
:1029500051ED025A06EE107A16F91270B8EEE55BE8
:10296000013227EE097B042AB8EEC66B26EE076B10
:10297000A6EE058B06EE107AB8EEC66B26EE077B48
:1029800051ED016AB8EEE66BA7EE068BD9D10AF1DC
:10299000400A20340836B8F1000F00F00283139F7C
:1029A0007B1C1F4649F10009DDE91423DDE91154C0
:1029B000914508BF9F4204F1D20405F580757FF46C
:1029C00021AFB7EEC80B21B0BDEC068BBDE8F08F90
:1029D00000000000000000000000000034F20220AF
:1029E0001B0A43EA0263120A0892874A1268002A05
:1029F00000F00C81089A1A4300F0F582079A0DF155
:102A00005F00059C0DF1600B029200220190039281
:102A1000049222460C4607939FED79ABA246658847
:102A2000059204F10F093AF8040B0027FFF79CFA0E
:102A3000B0EE409A2846FFF797FA059AB7EEC99A82
:102A4000DDF80880B7EEC08A02F11F0502F13F06EB
:102A50000694514638465B46019AFFF7B5FA0021C5
:102A6000A5F12004CC46084614F9012F1CF8013FBB
:102A7000A542114403F00F0313FB0200F4D19DF8AB
:102A8000603006EE900A07EE901A98ED005A06EEB6
:102A9000103AB8EEE64BB8EEE77B9DF85F30B8EE43
:102AA000C66B5146B7EEC55A781C019A26EE086BE4
:102AB00027EE467B06EE103A5B46B8EEC66B26EE76
:102AC000096BA6EE047BA5EE07ABFFF77DFA0021AC
:102AD000CC46084614F9012F1CF8013FA6421144C8
:102AE0004FEA131313FB0200F4D19DF8603006EE99
:102AF000900A07EE901A98ED015A06EE103AB8EED9
:102B0000E64BB8EEE77B9DF85F30B8EEC66B023758
:102B1000B7EEC55A08F10808082F05F1400526EE62
:102B2000086B09F1200906F1400627EE467B06EE08
:102B3000103AB8EEC66B26EE096BA6EE047BA5EE46
:102B400007AB86D10299039B20310133029104998E
:102B5000039341F10001DDE90705DDE90524A94200
:102B600008BF8342049104F1900402F580727FF45F
:102B700055AFB7EECA0B21B0BDEC068BBDE8F08FA8
:102B80005F09550947EAC26757EA521200F02B82E3
:102B9000059B0026DDF81C8001F1210403F1FF39BB
:102BA000B2469FED178B34F8210CFFF7DDF9A4F145
:102BB00020034946002213F901CF11F9010FA34266
:102BC0001CFB0022F7D1B8EC015AB7EEC06A0136FF
:102BD00007EE902AB7EEC55A09F120094AF1000A1A
:102BE000B8EEE77B03F1220426EE056B554508BFDE
:102BF000B742A6EE078BD6D1B7EEC80BE3E600BF0F
:102C0000000000000000000034F202200898184381
:102C100000F0E9819146DDF81CA018AA0C46D046C8
:102C20004FF001160692CA460DF15F020D939FED1B
:102C3000DE8B0192234665884FF0000B474633F840
:102C4000040B0393FFF790F9B0EE40AA2846FFF774
:102C50008BF9059BB7EEC09A04F13005B7EECAAA0E
:102C60002033CDF808B00793CDE90984CDE90BA94D
:102C7000069BA5F12004019ADDE90201FFF7A4F902
:102C80004FF0000C059B2146E046E14603EB0B0AA2
:102C9000E646CDF810B051F8043B5AF8042BA9428F
:102CA00003F00F332FFA82F02FFA83FB2FFA92F200
:102CB0002FFA93F32BFB00EE20FB068823FB0299EF
:102CC00022FB06CCE7D108EB0C03CE4497ED004A7B
:102CD00007EE103A9DF8603006EE90EAB7EEC44A6F
:102CE00005EE103AB8EEC77B9DF85F30B8EEE66BA4
:102CF000B8EEC55B019ADDF810B025EE095BDDE9A1
:102D0000020127EE457B05EE103A0130069BB8EE36
:102D1000C55B25EE0A5BA5EE067BA4EE078BFFF7ED
:102D200053F90020079B864603EB0B098046844637
:102D300054F8043B59F8042B1B09AC422FFA82FAD1
:102D400003F00F332FFA92F22FFA83F12AFB06EEEB
:102D50002FFA93F321FB0ACC23FB028822FB060007
:102D6000E6D10EEB0003C44497ED014A0BF1400B92
:102D700007EE103A029B06EE90CAB7EEC44A023341
:102D8000B8EEC77BB8EEE66BBBF5807F029304F12B
:102D900020059DF8603007F1080705EE103A9DF810
:102DA0005F30B8EEC55B25EE095B27EE457B05EE8F
:102DB000103AB8EEC55B25EE0A5BA5EE067BA4EEE5
:102DC000078B7FF455AF059A02F58072DDE90BA9F8
:102DD00005921AF10103089A9A4649F100090D9BE0
:102DE000DDE90984914508BF9A4504F1900408F192
:102DF00020087FF41FAFE4E558EA030200F0F380F7
:102E000018AA0D46B1464FF0203B34469A4606922A
:102E1000CDF848809FED648BB5F8D00005F18007B0
:102E20000495FFF7A1F8E300B7EEC00A4FEA042CBF
:102E300000200E9305F1C1030F95CDE910495446CA
:102E40005E1E5B49DFF870A1DFF87091DDE905587F
:102E5000CDE908066544CDE90AC3CDE901A1CDE974
:102E60000C84049B4FF0000E19F8014B704672461B
:102E70001C44029BCDF80C8013F8016B0293019B5C
:102E800013F801CB0193B958A35821FA0CF1F34080
:102E9000090103F00F3301F030310B43A95804321C
:102EA000C3FA0BF3102A2FFA81FA2FFA83F82FFABC
:102EB00091F12FFA93F328FB0A0023FB01EEE2D1F4
:102EC0007044DDF80C804FF0000EC8F80000724628
:102ED0007046BB181969A31821FA0CF11B69090186
:102EE000F34001F0303103F00F330B43A9180432E3
:102EF0000969102AC3FA0BF32FFA81FA2FFA83F823
:102F00002FFA91F12FFA93F328FB0A0023FB01EE2D
:102F1000DFD1284B7044DDF80C8020354B45C8F8D4
:102F2000040008F108089CD10E99DDE90806DDE9E6
:102F30000AC301EB50150799DDE90C2401EB850567
:102F40000021B5EC017A083216F911E0B7EEC77A24
:102F500052ED025A06EE10EA13F911E0B8EEE54B15
:102F6000013127EE007B0429B8EEC66B26EE076B15
:102F7000A4EE068B06EE10EAB8EEC66B26EE077BD3
:102F800052ED016AB8EEE66BA6EE078BD9D1049A32
:102F9000203708330CF1800C4032049290B9802025
:102FA0004EE74FF0800841E4000000000000000000
:102FB0007C0700207C0700201407002078070020F1
:102FC00000000000A246109CDDF84490631C0F9D99
:102FD0001C4649F10009129BD235D14508BF9C42DD
:102FE0007FF41AAFEDE41FED0A0AFFF7EABB00BF5A
:102FF00000207047144B4FF000721449C3F884202E
:1030000003F18D73DFF84CC003F58F334868DCF8AB
:1030100000208333A3FB0232920C4B681B1A9A42A6
:10302000FBD8094A4FF00070094BC2F88800486885
:10303000DCF800200549A3FB0232920C4B681B1AF6
:103040009A42FBD8704700BF00C00042001000E069
:1030500083DE1B433C2D00202DE9F04F8BB0029105
:103060000092002A00F0DD80030D81467449099327
:10307000030CDFF8E4B10893030B0793030A0593ED
:103080000309049300F00F0306936E4B5A686E48D1
:1030900042F07D5200685A60009A824228BF024680
:1030A0006A4892466A4A00681268019242F0012218
:1030B00042F4800222EA000222F078521A60086884
:1030C00040B1002400BF013408688442FAD360484C
:1030D00000680190099842F0605842F0305E00F0BC
:1030E0000F0C089800F00F07079842EA8C6C00F06C
:1030F0000F06059842EA876700F00F05049842EA38
:10310000866600F00F04069842EA856542EA806010
:1031100042EA8464039042F06850C3F8008018606B
:10312000C3F8008042F03858C3F800E0C3F80080CC
:10313000C3F800E04CF0007EC3F800C0C3F800E024
:10314000C3F800C047F0007C1F60C3F800C01F60D8
:1031500046F000771E601F601E6045F000761D601F
:1031600003981E601D6044F000751C601D601C60AB
:1031700040F0007418601C601860586820F07050AF
:103180005860344804683CB142F0007500200130BA
:103190001D601A60A042FAD1BAF1000F44D0029823
:1031A00042F000750AEB0006441E013E1D609F6858
:1031B0001A601D60BF0E98681A60C0F3836040EA11
:1031C000071004F8010FB442F0D1019A1A605A684E
:1031D00042F07D525A60DBF8002032B1002200BF7D
:1031E0000132DBF800008242F9D3009AB2EB0A0206
:1031F000009216D0029AD144524402924FEA1952D8
:1032000009924FEA194208924FEA193207924FEA9F
:10321000192205924FEA1912049209F00F02069240
:1032200034E70BB0BDE8F08F019A1A605A6842F09B
:103230007D525A60DBF80020002ACFD126E700BF7C
:10324000D4B2022000C00042502D0020542D002096
:10325000CCB20220582D0020D8B20220002A00F063
:10326000FD80030CDFF80CC22DE9F04F87B04FEA68
:10327000105982460F460593030B794E1546049369
:10328000030ADFF8F4E102930309019300F00F034E
:1032900074480393744B75495A68096842F07D522B
:1032A000A9425A6028BF2946714A8B463168126884
:1032B00041F0012141F4800121EA020121F078511D
:1032C0001960DCF8002032B1002400BF0134DCF8C2
:1032D00000209442F9D341F0605241F068541A60E2
:1032E0001C6000BF1A6000BF41F0305241F03854FA
:1032F0001A601C6000BF1A6000BF09F00F0241EAAB
:10330000826242F000741A601C6000BF1A6000BF45
:10331000059A02F00F0241EA826242F000741A60DC
:103320001C6000BF1A6000BF049A02F00F0241EA5D
:10333000826242F000741A601C6000BF1A6000BF15
:10334000029A02F00F0241EA826242F000741A60AF
:103350001C6000BF1A6000BF019A02F00F0241EA30
:10336000826242F000741A601C6000BF1A6000BFE5
:10337000039A41EA826242F000741A601C6000BF46
:103380001A6000BF5A6822F070525A60026862B137
:1033900041F000720024A8461A6000BF196000BF07
:1033A00001340568A542F7D84546BBF1000F47D068
:1033B0000BEB070941F0007407F1FF38CDF804B0BA
:1033C00009F1FF391C6000BFD3F808B0196000BFD5
:1033D0001C6000BF9A68196000BFC2F383624FEAA5
:1033E0009B6B42EA0B1208F8012FC845EAD13268FC
:1033F000DDF804B01A605A6842F07D525A60DEF877
:10340000002032B1002100BF0131DEF800209142DE
:10341000F9D3B5EB0B051ED0DA445F444FEA1A42EC
:103420004FEA1A5905924FEA1A3204924FEA1A22C9
:1034300002924FEA1A1201920AF00F0203922AE74F
:1034400032681A605A6842F07D525A60DEF80020F5
:10345000002AD7D11FE707B0BDE8F08F704700BF43
:10346000CCB20220582D002000C00042502D002078
:10347000542D0020D4B20220D8B2022040EA81604C
:10348000074B40F0007218601A6000BF00BF00BF19
:1034900000BF186000BF00BF00BF00BF704700BF83
:1034A00000C0004240EA8160084B40F000721860A2
:1034B0001A6000BF00BF00BF00BF00BF186000BFA0
:1034C00000BF00BF00BF00BF704700BF00C0004288
:1034D00040EA8160094B40F0007218601A6000BF3A
:1034E00000BF00BF00BF00BF00BF186000BF00BF2B
:1034F00000BF00BF00BF00BF704700BF00C0004258
:1035000040EA81600A4B40F0007218601A6000BF08
:1035100000BF00BF00BF00BF00BF00BF186000BFFA
:1035200000BF00BF00BF00BF00BF00BF704700BFAB
:1035300000C0004200B507228E46DFF828C04EFAD0
:1035400002F3013A9B0603F08063034343F00071EA
:10355000CCF80030CCF80010CCF80030531CEED181
:1035600000BD00BF00C00042002A00F08B8013465F
:10357000020C2DE9F04F85B080468946424E0192FB
:103580004FEA102BC2B2414D414C02926268414950
:1035900042F07D52DFF808C1096862603E4A9942F4
:1035A000D2F800A028BF19463C4A4AEA0C0C009108
:1035B00012682CEA020C2CF0785747F0405020603B
:1035C000326842B1002100BF013132688A42FAD824
:1035D000314AD2F800A003210393FFF7ABFF9DF817
:1035E0000410FFF7A7FF5FFA8BF1FFF7A3FF029923
:1035F000FFF7A0FF6268039B22F000626260009AFE
:103600009AB302EB090B47F0485709F1FF3E0BF163
:10361000FF3B08214FF0000C27600139A2682060B1
:10362000C2F3C06242EA4C0CF6D10EF801CFDE457F
:10363000EFD1C4F800A0626842F07D5262602A684F
:103640002AB1002200BF013229688A42FAD3009AC7
:103650009B1A14D0904491444FEA18424FEA182B19
:1036600001925FFA88F2029290E7C4F800A06268C3
:1036700042F07D5262602A68002AE2D186E705B0F6
:10368000BDE8F08F704700BFD4B20220D8B202204C
:1036900000C00042502D0020CCB20220542D00204A
:1036A000000140012DE9F04F85B00192002A00F0A1
:1036B0008780030C80468946484E02934FEA102BC0
:1036C000C3B2474D474C03936368474A43F07D5369
:1036D000DFF824C112686360019B9A4228BF1A4632
:1036E000424BD3F800A0424B4AEA0C0C00921B68F4
:1036F0002CEA030C2CF0785747F0405020603368D8
:1037000043B1002200BF013233689A42FAD3374BEB
:10371000D3F800A00B21FFF70DFF9DF80810FFF76D
:1037200009FF5FFA8BF1FFF705FF0399FFF702FF2F
:10373000636823F0006363602E4B1A683AB147F068
:10374000485100230133216020609342FAD1009B4D
:10375000002B38D0009B47F0485709F1FF3E03EBA0
:10376000090B0BF1FF3B082200212760013AA368F7
:103770002060C3F3C06343EA4101F6D10EF8011F94
:10378000DE45F0D1C4F800A0636843F07D53636068
:103790002B682BB1002300BF01332A689342FAD370
:1037A000DDE90032D21A01920AD0984499444FEAD6
:1037B00018434FEA182B02935FFA88F3039383E7C9
:1037C00005B0BDE8F08FC4F800A0636843F07D53F6
:1037D00063602B68002BDDD176E700BFD4B20220F6
:1037E000D8B2022000C00042502D0020CCB20220EE
:1037F000542D0020602D00200001400100B507225B
:103800008E46DFF828C04EFA02F39B0603F0806371
:10381000034343F00071CCF80030CCF8001000BF37
:10382000CCF8003000BF013AEDD200BD00C000422C
:10383000002A00F08F801346020C2DE9F04F85B06E
:1038400080468946DFF824A102924FEA102BC2B2CB
:10385000414E424D424C019242496268096842F031
:103860007D529942626028BF1946DAF80020009123
:1038700042F001223C4942F48002096822EA010C2C
:103880002CF0785747F04050206032682AB1002170
:1038900000BF013132689142FAD303210393FFF74D
:1038A000ADFF9DF80810FFF7A9FF5FFA8BF1FFF756
:1038B000A5FF0199FFF7A2FF6268039B22F0006257
:1038C0006260009A002A37D0009A47F0485709F101
:1038D000FF3E02EB090B0BF1FF3B08214FF0000C00
:1038E000276000BFA2682060C2F3C06242EA4C0CAD
:1038F00000BF0139F4D10EF801CFDE45EDD1DAF881
:1039000000202260626842F07D5262602A682AB11B
:10391000002200BF013229688A42FAD3009A9B1A1A
:1039200015D0904491444FEA18424FEA182B029266
:103930005FFA88F201928FE7DAF80020226062686D
:1039400042F07D5262602A68002AE1D184E705B026
:10395000BDE8F08F704700BFD4B20220D8B2022079
:1039600000C00042502D0020542D0020CCB2022077
:10397000002A00F0AE800B46010C2DE9F04F87B015
:103980008146DFF868A10291010A524F0191C1B24C
:10399000514E524D524C039152486168006841F0BB
:1039A0007D519042616028BF1046DAF800108046D1
:1039B00041F001214C4841F48001006821EA000CEB
:1039C0002CF0785B4BF040502060396839B14FF0F3
:1039D000000C00BF0CF1010C39688C45F9D30B21A8
:1039E000CDE90432FFF70AFF9DF80810FFF706FF44
:1039F0009DF80410FFF702FF0399FFF7FFFE6168CF
:103A000021F0006161603168DDE9043271B14BF091
:103A100048514FF0000C9E46216000BF206000BF5F
:103A20000CF1010C33686345F6D87346B8F1000F0A
:103A300041D04BF0485C194608EB030B03F1FF3E05
:103A400063468C460BF1FF3BCDE901894FF0080836
:103A50004FF00009236000BFA1682060C1F3C0617E
:103A600041EA490900BFB8F10108F3D10EF8019FFE
:103A7000DE45EBD1DAF800106346DDE9018921600B
:103A8000616841F07D516160296829B1002100BF62
:103A9000013128688142FAD3B2EB080216D0C14442
:103AA00043444FEA194102914FEA192101915FFA0B
:103AB00089F1039170E7DAF800102160616841F044
:103AC0007D51616029680029E0D165E707B0BDE854
:103AD000F08F7047D4B20220602D0020D8B20220AF
:103AE00000C00042502D0020542D0020CCB20220F6
:103AF00000B507228E46DFF82CC04EFA02F39B0673
:103B000003F08063034343F00071CCF80030CCF83D
:103B1000001000BF00BFCCF8003000BF00BF013A6A
:103B2000EBD200BD00C00042002A00F09180134695
:103B3000020C2DE9F04F85B080468946DFF828A1B8
:103B400001924FEA102BC2B2424E434D434C0292B7
:103B500043496268096842F07D529942626028BF19
:103B60001946DAF80020009142F001223D4942F462
:103B70008002096822EA010C2CF0785747F0405087
:103B8000206032682AB1002100BF013132689142C1
:103B9000FAD303210393FFF7ABFF9DF80410FFF75F
:103BA000A7FF5FFA8BF1FFF7A3FF0299FFF7A0FFD2
:103BB0006268039B22F000626260009A002A39D09A
:103BC000009A47F0485709F1FF3E02EB090B0BF151
:103BD000FF3B08214FF0000C276000BF00BFA26828
:103BE0002060C2F3C06242EA4C0C00BF00BF013942
:103BF000F2D10EF801CFDE45EBD1DAF800202260D9
:103C0000626842F07D5262602A682AB1002200BFD9
:103C1000013229688A42FAD3009A9B1A15D090443F
:103C200091444FEA18424FEA182B01925FFA88F24A
:103C300002928DE7DAF800202260626842F07D523D
:103C400062602A68002AE1D182E705B0BDE8F08F02
:103C5000704700BFD4B20220D8B2022000C0004298
:103C6000502D0020542D0020CCB20220002A00F05C
:103C7000B2800B46010C2DE9F04F87B08146DFF88A
:103C800070A10391010A544F0291C1B2534E544D99
:103C9000544C019154486168006841F07D51904254
:103CA000616028BF1046DAF80010804641F001211B
:103CB0004E4841F48001006821EA000C2CF0785B4A
:103CC0004BF040502060396839B14FF0000C00BF14
:103CD0000CF1010C39688C45F9D30B21CDE9043284
:103CE000FFF706FF9DF80C10FFF702FF9DF8081084
:103CF000FFF7FEFE0199FFF7FBFE616821F000610E
:103D000061603168DDE9043281B14BF048514FF018
:103D1000000C9E46216000BF00BF206000BF00BFB6
:103D20000CF1010C33686345F4D87346B8F1000F09
:103D300043D04BF0485C194608EB030B03F1FF3E00
:103D400063468C460BF1FF3BCDE901894FF0080833
:103D50004FF00009236000BF00BFA1682060C1F3DD
:103D6000C06141EA490900BF00BFB8F10108F1D1C3
:103D70000EF8019FDE45E9D1DAF800106346DDE96F
:103D800001892160616841F07D516160296829B134
:103D9000002100BF013128688142FAD3B2EB08024A
:103DA00016D0C14443444FEA194103914FEA192107
:103DB00002915FFA89F101916CE7DAF80010216055
:103DC000616841F07D51616029680029E0D161E7B7
:103DD00007B0BDE8F08F7047D4B20220602D0020FC
:103DE000D8B2022000C00042502D0020542D0020E7
:103DF000CCB2022000B507228E46DFF830C04EFA62
:103E000002F39B0603F08063034343F00071CCF898
:103E10000030CCF8001000BF00BF00BFCCF800306D
:103E200000BF00BF00BF013AE9D200BD00C00042A0
:103E30002DE9F04F85B00092002A65D0030A804634
:103E4000364D040C02938946C3B2354EDFF8E4A028
:103E50000393DAF80420334B42F07D52324819685C
:103E6000324BCAF80420324A1B6812681843009F7C
:103E700020EA02008F4220F0785028BF0F4640F021
:103E80004050CAF800002A683AB1002100BF013151
:103E90002B689942FAD3254B1B6802210193FFF747
:103EA000A9FFE1B2FFF7A6FF9DF80810FFF7A2FFF8
:103EB0000399FFF79FFF019B4FB307EB090401979D
:103EC0009B4609F1FF37013C17F8011FFFF792FFEE
:103ED000A742F9D1019FCAF800B032682AB1002286
:103EE00000BF013233689A42FAD3009BDB1B009378
:103EF0000AD0B844B9444FEA18234FEA1844029351
:103F00005FFA88F30393A4E705B0BDE8F08FCAF821
:103F100000303268002AE2D19BE700BFD4B2022011
:103F2000D8B20220502D002000014001CCB2022066
:103F3000542D002000C00042002A00F09380134658
:103F4000020C2DE9F04F85B080468946DFF82CA1A0
:103F500001924FEA102BC2B2434E444D444C0292A0
:103F600044496268096842F07D529942626028BF04
:103F70001946DAF80020009142F001223E4942F44D
:103F80008002096822EA010C2CF0785747F0405073
:103F9000206032682AB1002100BF013132689142AD
:103FA000FAD303210393FFF725FF9DF80410FFF7D1
:103FB00021FF5FFA8BF1FFF71DFF0299FFF71AFF50
:103FC0006268039B22F000626260009A002A3BD084
:103FD000009A47F0485709F1FF3E02EB090B0BF13D
:103FE000FF3B08214FF0000C276000BF00BF00BF5F
:103FF000A2682060C2F3C06242EA4C0C00BF00BF5E
:1040000000BF0139F0D10EF801CFDE45E9D1DAF871
:1040100000202260626842F07D5262602A682AB104
:10402000002200BF013229688A42FAD3009A9B1A03
:1040300015D0904491444FEA18424FEA182B019250
:104040005FFA88F202928BE7DAF800202260626859
:1040500042F07D5262602A68002AE1D180E705B013
:10406000BDE8F08F704700BFD4B20220D8B2022062
:1040700000C00042502D0020542D0020CCB2022060
:10408000002A00F0B6800B46010C2DE9F04F87B0F6
:104090008146DFF878A10391010A564F0291C1B21F
:1040A000554E564D564C019156486168006841F096
:1040B0007D519042616028BF1046DAF800108046BA
:1040C00041F00121504841F48001006821EA000CD0
:1040D0002CF0785B4BF040502060396839B14FF0DC
:1040E000000C00BF0CF1010C39688C45F9D30B2191
:1040F000CDE90432FFF77EFE9DF80C10FFF77AFE43
:104100009DF80810FFF776FE0199FFF773FE6168CE
:1041100021F0006161603168DDE9043291B14BF05A
:1041200048514FF0000C9E46216000BF00BF00BF09
:10413000206000BF00BF00BF0CF1010C3368634575
:10414000F2D87346B8F1000F45D04BF0485C1946E1
:1041500008EB030B03F1FF3E63468C460BF1FF3B7C
:10416000CDE901894FF008084FF00009236000BF36
:1041700000BF00BFA1682060C1F3C06141EA4909E6
:1041800000BF00BF00BFB8F10108EFD10EF8019FDA
:10419000DE45E7D1DAF800106346DDE901892160E8
:1041A000616841F07D516160296829B1002100BF3B
:1041B000013128688142FAD3B2EB080216D0C1441B
:1041C00043444FEA194103914FEA192102915FFAE2
:1041D00089F1019168E7DAF800102160616841F027
:1041E0007D51616029680029E0D15DE707B0BDE835
:1041F000F08F7047D4B20220602D0020D8B2022088
:1042000000C00042502D0020542D0020CCB20220CE
:1042100000B507228E46DFF834C04EFA02F39B0643
:1042200003F08063034343F00071CCF80030CCF816
:10423000001000BF00BF00BF00BFCCF8003000BFBF
:1042400000BF00BF00BF013AE7D200BD00C000427E
:104250002DE9F04F85B00092002A65D0030A804610
:10426000364D040C02938946C3B2354EDFF8E4A004
:104270000393DAF80420334B42F07D523248196838
:10428000324BCAF80420324A1B6812681843009F58
:1042900020EA02008F4220F0785028BF0F4640F0FD
:1042A0004050CAF800002A683AB1002100BF01312D
:1042B0002B689942FAD3254B1B6802210193FFF723
:1042C000A7FFE1B2FFF7A4FF9DF80810FFF7A0FFDA
:1042D0000399FFF79DFF019B4FB307EB090401977B
:1042E0009B4609F1FF37013C17F8011FFFF790FFCC
:1042F000A742F9D1019FCAF800B032682AB1002262
:1043000000BF013233689A42FAD3009BDB1B009353
:104310000AD0B844B9444FEA18234FEA184402932C
:104320005FFA88F30393A4E705B0BDE8F08FCAF8FD
:1043300000303268002AE2D19BE700BFD4B20220ED
:10434000D8B20220502D002000014001CCB2022042
:10435000542D002000C00042002A00F09580134632
:10436000020C2DE9F04F85B080468946DFF830A178
:1043700001924FEA102BC2B2444E454D454C029279
:1043800045496268096842F07D529942626028BFDF
:104390001946DAF80020009142F001223F4942F428
:1043A0008002096822EA010C2CF0785747F040504F
:1043B000206032682AB1002100BF01313268914289
:1043C000FAD303210393FFF723FF9DF80410FFF7AF
:1043D0001FFF5FFA8BF1FFF71BFF0299FFF718FF32
:1043E0006268039B22F000626260009A002A3DD05E
:1043F000009A47F0485709F1FF3E02EB090B0BF119
:10440000FF3B08214FF0000C276000BF00BF00BF3A
:1044100000BFA2682060C2F3C06242EA4C0C00BF39
:1044200000BF00BF00BF0139EED10EF801CFDE455D
:10443000E7D1DAF800202260626842F07D526260C3
:104440002A682AB1002200BF013229688A42FAD3C1
:10445000009A9B1A15D0904491444FEA18424FEAB3
:10446000182B01925FFA88F2029289E7DAF80020AD
:104470002260626842F07D5262602A68002AE1D1BF
:104480007EE705B0BDE8F08F704700BFD4B20220D0
:10449000D8B2022000C00042502D0020542D002030
:1044A000CCB20220002A00F0BA800B46010C2DE9A4
:1044B000F04F87B08146DFF880A10291010A584F82
:1044C0000191C1B2574E584D584C039158486168FC
:1044D000006841F07D519042616028BF1046DAF8D3
:1044E0000010804641F00121524841F480010068EB
:1044F00021EA000C2CF0785B4BF0405020603968CA
:1045000039B14FF0000C00BF0CF1010C39688C453B
:10451000F9D30B21CDE90432FFF77AFE9DF808109C
:10452000FFF776FE9DF80410FFF772FE0399FFF780
:104530006FFE616821F0006161603168DDE904327D
:10454000A1B14BF048514FF0000C9E46216000BFD6
:1045500000BF00BF00BF206000BF00BF00BF00BFA2
:104560000CF1010C33686345F0D87346B8F1000FC5
:1045700047D04BF0485C194608EB030B03F1FF3EB4
:1045800063468C460BF1FF3BCDE901894FF00808EB
:104590004FF00009236000BF00BF00BF00BFA1684B
:1045A0002060C1F3C06141EA490900BF00BF00BFFC
:1045B00000BFB8F10108EDD10EF8019FDE45E5D14D
:1045C000DAF800106346DDE901892160616841F095
:1045D0007D516160296829B1002100BF013128683F
:1045E0008142FAD3B2EB080216D0C14443444FEAE9
:1045F000194102914FEA192101915FFA89F1039162
:1046000064E7DAF800102160616841F07D51616073
:1046100029680029E0D159E707B0BDE8F08F70475D
:10462000D4B20220602D0020D8B2022000C0004287
:10463000502D0020542D0020CCB2022000B50722BE
:104640008E46DFF838C04EFA02F39B0603F0806313
:10465000034343F00071CCF80030CCF8001000BFE9
:1046600000BF00BF00BF00BFCCF8003000BF00BFDC
:1046700000BF00BF00BF013AE5D200BD00C000424C
:104680002DE9F04F85B00092002A65D0030A8046DC
:10469000364D040C02938946C3B2354EDFF8E4A0D0
:1046A0000393DAF80420334B42F07D523248196804
:1046B000324BCAF80420324A1B6812681843009F24
:1046C00020EA02008F4220F0785028BF0F4640F0C9
:1046D0004050CAF800002A683AB1002100BF0131F9
:1046E0002B689942FAD3254B1B6802210193FFF7EF
:1046F000A5FFE1B2FFF7A2FF9DF80810FFF79EFFAC
:104700000399FFF79BFF019B4FB307EB0904019748
:104710009B4609F1FF37013C17F8011FFFF78EFF99
:10472000A742F9D1019FCAF800B032682AB100222D
:1047300000BF013233689A42FAD3009BDB1B00931F
:104740000AD0B844B9444FEA18234FEA18440293F8
:104750005FFA88F30393A4E705B0BDE8F08FCAF8C9
:1047600000303268002AE2D19BE700BFD4B20220B9
:10477000D8B20220502D002000014001CCB202200E
:10478000542D002000C00042002A00F097801346FC
:10479000020C2DE9F04F85B080468946DFF834A140
:1047A00001924FEA102BC2B2454E464D464C029242
:1047B00046496268096842F07D529942626028BFAA
:1047C0001946DAF80020009142F00122404942F4F3
:1047D0008002096822EA010C2CF0785747F040501B
:1047E000206032682AB1002100BF01313268914255
:1047F000FAD303210393FFF721FF9DF80410FFF77D
:104800001DFF5FFA8BF1FFF719FF0299FFF716FF03
:104810006268039B22F000626260009A002A3FD027
:10482000009A47F0485709F1FF3E02EB090B0BF1E4
:10483000FF3B08214FF0000C276000BF00BF00BF06
:1048400000BF00BFA2682060C2F3C06242EA4C0C05
:1048500000BF00BF00BF00BF00BF0139ECD10EF8A0
:1048600001CFDE45E5D1DAF800202260626842F02F
:104870007D5262602A682AB1002200BF0132296895
:104880008A42FAD3009A9B1A15D0904491444FEA79
:1048900018424FEA182B01925FFA88F2029287E7DA
:1048A000DAF800202260626842F07D5262602A6875
:1048B000002AE1D17CE705B0BDE8F08F704700BF6A
:1048C000D4B20220D8B2022000C00042502D0020F5
:1048D000542D0020CCB20220002A00F0BE800B46EE
:1048E000010C2DE9F04F87B08146DFF888A10291D5
:1048F000010A5A4F0191C1B2594E5A4D5A4C039177
:104900005A486168006841F07D519042616028BF5B
:104910001046DAF80010804641F00121544841F475
:104920008001006821EA000C2CF0785B4BF04050CD
:104930002060396839B14FF0000C00BF0CF1010C58
:1049400039688C45F9D30B21CDE90432FFF776FEA7
:104950009DF80810FFF772FE9DF80410FFF76EFE39
:104960000399FFF76BFE616821F0006161603168B7
:10497000DDE90432B1B14BF048514FF0000C9E46D6
:10498000216000BF00BF00BF00BF00BF206000BFAC
:1049900000BF00BF00BF00BF0CF1010C33686345CE
:1049A000EED87346B8F1000F49D04BF0485C194679
:1049B00008EB030B03F1FF3E63468C460BF1FF3B14
:1049C000CDE901894FF008084FF00009236000BFCE
:1049D00000BF00BF00BF00BFA1682060C1F3C0617D
:1049E00041EA490900BF00BF00BF00BF00BFB8F1E6
:1049F0000108EBD10EF8019FDE45E3D1DAF8001093
:104A00006346DDE901892160616841F07D516160A3
:104A1000296829B1002100BF013128688142FAD3F9
:104A2000B2EB080216D0C14443444FEA1941029147
:104A30004FEA192101915FFA89F1039160E7DAF8F1
:104A400000102160616841F07D5161602968002992
:104A5000E0D155E707B0BDE8F08F7047D4B202202F
:104A6000602D0020D8B2022000C00042502D00204E
:104A7000542D0020CCB2022000B507228E46DFF86C
:104A80003CC04EFA02F39B0603F08063034343F0FD
:104A90000071CCF80030CCF8001000BF00BF00BFA0
:104AA00000BF00BF00BFCCF8003000BF00BF00BF98
:104AB00000BF00BF00BF013AE3D200BD00C000420A
:104AC0002DE9F04F85B00092002A65D0030A804698
:104AD000364D040C02938946C3B2354EDFF8E4A08C
:104AE0000393DAF80420334B42F07D5232481968C0
:104AF000324BCAF80420324A1B6812681843009FE0
:104B000020EA02008F4220F0785028BF0F4640F084
:104B10004050CAF800002A683AB1002100BF0131B4
:104B20002B689942FAD3254B1B6802210193FFF7AA
:104B3000A3FFE1B2FFF7A0FF9DF80810FFF79CFF6D
:104B40000399FFF799FF019B4FB307EB0904019706
:104B50009B4609F1FF37013C17F8011FFFF78CFF57
:104B6000A742F9D1019FCAF800B032682AB10022E9
:104B700000BF013233689A42FAD3009BDB1B0093DB
:104B80000AD0B844B9444FEA18234FEA18440293B4
:104B90005FFA88F30393A4E705B0BDE8F08FCAF885
:104BA00000303268002AE2D19BE700BFD4B2022075
:104BB000D8B20220502D002000014001CCB20220CA
:104BC000542D002000C00042002A00F099801346B6
:104BD000020C2DE9F04F85B080468946DFF838A1F8
:104BE00002925FFA80FB020A464E474D474C019203
:104BF00047496268096842F07D529942626028BF65
:104C00001946DAF80020009142F00122414942F4AD
:104C10008002096822EA010C2CF0785747F04050D6
:104C2000206032682AB1002100BF01313268914210
:104C3000FAD303210393FFF71FFF9DF80810FFF736
:104C40001BFF9DF80410FFF717FF5946FFF714FFED
:104C50006268039B22F000626260009A002A41D0E1
:104C6000009A47F0485709F1FF3E02EB090B0BF1A0
:104C7000FF3B08214FF0000C276000BF00BF00BFC2
:104C800000BF00BF00BFA2682060C2F3C06242EA5A
:104C90004C0C00BF00BF00BF00BF00BF00BF013908
:104CA000EAD10EF801CFDE45E3D1DAF80020226028
:104CB000626842F07D5262602A682AB1002200BF19
:104CC000013229688A42FAD3009A9B1A15D090447F
:104CD00091444FEA18425FFA88FB02924FEA182289
:104CE000019285E7DAF800202260626842F07D5286
:104CF00062602A68002AE1D17AE705B0BDE8F08F4A
:104D0000704700BFD4B20220D8B2022000C00042D7
:104D1000502D0020542D0020CCB20220002A00F09B
:104D2000C2800B46010C2DE9F04F87B08146DFF8B9
:104D300090A10191010A5C4F0391C1B25B4E5C4DA1
:104D40005C4C02915C486168006841F07D51904282
:104D5000616028BF1046DAF80010804641F001215A
:104D6000564841F48001006821EA000C2CF0785B81
:104D70004BF040502060396839B14FF0000C00BF53
:104D80000CF1010C39688C45F9D30B21CDE90432C3
:104D9000FFF772FE9DF80410FFF76EFE9DF80C10F1
:104DA000FFF76AFE0299FFF767FE616821F0006174
:104DB00061603168DDE90432C1B14BF048514FF018
:104DC000000C9E46216000BF00BF00BF00BF00BFB7
:104DD00000BF206000BF00BF00BF00BF00BF00BF1A
:104DE0000CF1010C33686345ECD87346B8F1000F41
:104DF0004BD04BF0485C194608EB030B03F1FF3E28
:104E000063468C460BF1FF3BCDE901894FF0080862
:104E10004FF00009236000BF00BF00BF00BF00BF0C
:104E200000BFA1682060C1F3C06141EA490900BF29
:104E300000BF00BF00BF00BF00BFB8F10108E9D14B
:104E40000EF8019FDE45E1D1DAF800106346DDE996
:104E500001892160616841F07D516160296829B153
:104E6000002100BF013128688142FAD3B2EB080269
:104E700016D0C14443444FEA194101914FEA192128
:104E800003915FFA89F102915CE7DAF80010216082
:104E9000616841F07D51616029680029E0D151E7E6
:104EA00007B0BDE8F08F7047D4B20220602D00201B
:104EB000D8B2022000C00042502D0020542D002006
:104EC000CCB2022000B507228E46DFF840C04EFA71
:104ED00002F39B0603F08063034343F00071CCF8B8
:104EE0000030CCF8001000BF00BF00BF00BF00BF03
:104EF00000BF00BFCCF8003000BF00BF00BF00BF44
:104F000000BF00BF00BF013AE1D200BD00C00042B7
:104F10002DE9F04F85B00092002A65D0030A804643
:104F2000364D040C02938946C3B2354EDFF8E4A037
:104F30000393DAF80420334B42F07D52324819686B
:104F4000324BCAF80420324A1B6812681843009F8B
:104F500020EA02008F4220F0785028BF0F4640F030
:104F60004050CAF800002A683AB1002100BF013160
:104F70002B689942FAD3254B1B6802210193FFF756
:104F8000A1FFE1B2FFF79EFF9DF80810FFF79AFF1F
:104F90000399FFF797FF019B4FB307EB09040197B4
:104FA0009B4609F1FF37013C17F8011FFFF78AFF05
:104FB000A742F9D1019FCAF800B032682AB1002295
:104FC00000BF013233689A42FAD3009BDB1B009387
:104FD0000AD0B844B9444FEA18234FEA1844029360
:104FE0005FFA88F30393A4E705B0BDE8F08FCAF831
:104FF00000303268002AE2D19BE700BFD4B2022021
:10500000D8B20220502D002000014001CCB2022075
:10501000542D002000C00042002A00F09B8013465F
:10502000020C2DE9F04F85B080468946DFF83CA19F
:1050300002925FFA80FB020A474E484D484C0192AB
:1050400048496268096842F07D529942626028BF0F
:105050001946DAF80020009142F00122424942F458
:105060008002096822EA010C2CF0785747F0405082
:10507000206032682AB1002100BF013132689142BC
:10508000FAD303210393FFF71DFF9DF80810FFF7E4
:1050900019FF9DF80410FFF715FF5946FFF712FF9F
:1050A0006268039B22F000626260009A002A43D08B
:1050B000009A47F0485709F1FF3E02EB090B0BF14C
:1050C000FF3B08214FF0000C276000BF00BF00BF6E
:1050D00000BF00BF00BF00BFA2682060C2F3C06273
:1050E00042EA4C0C00BF00BF00BF00BF00BF00BFC2
:1050F00000BF0139E8D10EF801CFDE45E1D1DAF881
:1051000000202260626842F07D5262602A682AB103
:10511000002200BF013229688A42FAD3009A9B1A02
:1051200015D0904491444FEA18425FFA88FB0292EE
:105130004FEA1822019283E7DAF8002022606268C1
:1051400042F07D5262602A68002AE1D178E705B01A
:10515000BDE8F08F704700BFD4B20220D8B2022061
:1051600000C00042502D0020542D0020CCB202205F
:10517000002A00F0C6800B46010C2DE9F04F87B0E5
:105180008146DFF898A10191010A5E4F0391C1B2F7
:105190005D4E5E4D5E4C02915E486168006841F074
:1051A0007D519042616028BF1046DAF800108046B9
:1051B00041F00121584841F48001006821EA000CC7
:1051C0002CF0785B4BF040502060396839B14FF0DB
:1051D000000C00BF0CF1010C39688C45F9D30B2190
:1051E000CDE90432FFF76EFE9DF80410FFF76AFE6A
:1051F0009DF80C10FFF766FE0299FFF763FE6168E9
:1052000021F0006161603168DDE90432D1B14BF019
:1052100048514FF0000C9E46216000BF00BF00BF08
:1052200000BF00BF00BF00BF206000BF00BF00BFC5
:1052300000BF00BF00BF00BF0CF1010C3368634525
:10524000EAD87346B8F1000F4DD04BF0485C1946D0
:1052500008EB030B03F1FF3E63468C460BF1FF3B6B
:10526000CDE901894FF008084FF00009236000BF25
:1052700000BF00BF00BF00BF00BF00BFA16820602B
:10528000C1F3C06141EA490900BF00BF00BF00BFD0
:1052900000BF00BF00BFB8F10108E7D10EF8019FC1
:1052A000DE45DFD1DAF800106346DDE901892160CF
:1052B000616841F07D516160296829B1002100BF1A
:1052C000013128688142FAD3B2EB080216D0C144FA
:1052D00043444FEA194101914FEA192103915FFAC2
:1052E00089F1029158E7DAF800102160616841F015
:1052F0007D51616029680029E0D14DE707B0BDE824
:10530000F08F7047D4B20220602D0020D8B2022066
:1053100000C00042502D0020542D0020CCB20220AD
:10532000F8B501210746342007240B4E4FF0806565
:1053300013F0A2FF05E0C6F88450FDF75BFE013CC8
:1053400009D347FA04F3DB07F5D4C6F88850FDF714
:1053500051FE013CF5D2F8BD00C00042044B10B52F
:10536000044640F8103B11F039FA204610BD00BF4A
:10537000C01F0020000000002DE9F04F87B020235F
:105380004F4E602204AD834602ACDFF86491AA461A
:105390004C4FCDE902233368019354F8042BBBF141
:1053A000570F99F8000032604ED0474B0228D7F8CB
:1053B00004801B786CD001284FF000000CBF4349DB
:1053C000434951F82330434998477B685445A3EB40
:1053D000080345F8043B019B3360DED1DDED047A20
:1053E000DDED056AB8EE677BB8EE666B9FED2E5B70
:1053F00037EE466B26EE056BB5EEC06BF1EE10FA9C
:105400004DD9354B9FED2A5B93ED004AA6EE457BC7
:10541000B8EE444B9FED283B94EE037BB0EE475B28
:1054200085EE067BFDEEC77B17EE900A0028B8BF1D
:10543000073020F007000828B8BF08206028A8BF60
:10544000602007B0BDE8F08F7AB1244B21491B786A
:1054500002EB010C03EBC30303EBC3033B3301F883
:10546000013B6145A3F16303F9D1164BD3F80480E6
:105470001B4B1B7830B11B49002051F823301549D4
:105480009847A2E7184951F82330124998479CE7FA
:105490001649002051F823300E49984795E710200F
:1054A00007B0BDE8F08F00BF000000000000903F93
:1054B0000000000000005840C9C7EE022505F63E76
:1054C000502D0020001000E043300020101D00206F
:1054D0005C1D0020C03600203C2D0020DE4603204D
:1054E00044300020F41D0020401E0020A81D002094
:1054F000E04603202DE9F0411C4F0546D7F8008017
:105500003B68A3EB080399422DD90E46002415F001
:1055100085F8C0B115F0C8F8C3B20D2B18BF0A2B1F
:105520000CBF0120002005D1002CF0D000232B550A
:10553000BDE8F081B4F5C77FE9DC2B55013415F0E7
:105540006DF80028E6D1052013F0F4FD3B68A3EBCD
:105550000803B342DBD3201E254418BF01200023DB
:105560002B70BDE8F0810020F9E700BFB8460320AA
:1055700000B5836C83B08DF807103BB101220DF1AB
:105580000701184610F0A4F903B000BDC06C002854
:10559000FAD001220DF107010FF066FA03B000BD49
:1055A000836C13B1184610F0A3B8C06C08B10FF0AB
:1055B00057B97047836C13B118460FF09DBFC06C8C
:1055C00008B10EF063BD4FF0FF307047836C53B1EC
:1055D000187810F008000DD0D8695B69C01A48BF70
:1055E0006FF000407047C36CA3B193F8310010F026
:1055F000080000D17047186919685A69401A5B6839
:1056000062EB0303B0F1004F73F10003F2D36FF0CC
:10561000004070471846EDE7836C13B1184610F050
:1056200057B9C06C08B10FF01FBA7047836C00B552
:1056300083B05BB101220DF1070118460FF072FE35
:1056400001280BD19DF8070003B000BDC06C28B144
:1056500001220DF107010EF04FFCF1E74FF0FF3092
:10566000F2E700BF2DE9F04F89B00192002A00F067
:10567000D180020B8146030D8B460692020A6D4FC4
:105680004FEA104A049202096B4E039200F00F0297
:10569000DFF8B881694C079305926368684A43F064
:1056A0007D5311686360674B019A18688A42664BA4
:1056B00040F0012028BF0A46196840F4800020EA23
:1056C000010020F078552560396839B14FF0000CA1
:1056D00000BF0CF1010C3B689C45F9D30E21284614
:1056E0000292FDF7DFFE0B212846FDF7DBFE079B4C
:1056F000284603F00F01FDF7D5FE0AF00F012846FA
:10570000FDF7D0FE069B284603F00F01FDF7CAFE09
:10571000049B284603F00F01FDF7C4FE039B2846B7
:1057200003F00F01FDF7BEFE05992846FDF7BAFE0E
:105730006168029A21F0705161603168A1B145F051
:1057400000734FF0000C236000BF00BF00BF00BF1C
:1057500000BF256000BF00BF00BF00BF00BF0CF14D
:10576000010C31686145EED8002A56D002EB0B0AD5
:1057700045F000730BF1FF3C0AF1FF3A236000BFD4
:1057800000BF00BF00BF00BFA068256000BF00BF12
:1057900000BF00BF00BF236000BF00BF00BF00BF4D
:1057A00000BFA168256000BF00BF00BF00BF00BFF1
:1057B000800EC1F3836141EA00110CF8011FD4454A
:1057C000DCD1204B19682160616841F07D51616036
:1057D000D8F8001031B1002100BF0131D8F80030F5
:1057E0009942F9D3019B9B1A019313D0914493449E
:1057F0004FEA19534FEA194A07934FEA19330693B0
:105800004FEA192304934FEA1913039309F00F0386
:10581000059342E709B0BDE8F08F0A4B1968216093
:10582000616841F07D516160D8F800100029D2D143
:1058300033E700BFD4B20220582D002000C0004240
:10584000502D0020CCB20220542D0020D8B20220CE
:105850002DE9F04F89B00192002A00F0D780020BA9
:105860008146030D8B460692020A704F4FEA104A9A
:10587000049202096E4E039200F00F02DFF8C48119
:105880006C4C0793059263686B4A43F07D53116833
:1058900063606A4B019A18688A42694B40F00120A4
:1058A00028BF0A46196840F4800020EA010020F071
:1058B00078552560396839B14FF0000C00BF0CF104
:1058C000010C3B689C45F9D30E2128460292FDF756
:1058D000FFFD0B212846FDF7FBFD079B284603F043
:1058E0000F01FDF7F5FD0AF00F012846FDF7F0FD69
:1058F000069B284603F00F01FDF7EAFD049B2846AE
:1059000003F00F01FDF7E4FD039B284603F00F01B0
:10591000FDF7DEFD05992846FDF7DAFD6168029A7C
:1059200021F0705161603168B1B145F000734FF002
:10593000000C236000BF00BF00BF00BF00BF00BF5E
:10594000256000BF00BF00BF00BF00BF00BF0CF15B
:10595000010C31686145ECD8002A5AD002EB0B0AE1
:1059600045F000730BF1FF3C0AF1FF3A236000BFE2
:1059700000BF00BF00BF00BF00BFA068256000BF20
:1059800000BF00BF00BF00BF00BF236000BF00BF5B
:1059900000BF00BF00BF00BFA168256000BF00BFFF
:1059A00000BF00BF00BF00BF800EC1F3836141EAAA
:1059B00000110CF8011FD445D8D1204B1968216083
:1059C000616841F07D516160D8F8001031B100216B
:1059D00000BF0131D8F800309942F9D3019B9B1ADE
:1059E000019313D0914493444FEA19534FEA194A53
:1059F00007934FEA193306934FEA192304934FEAAA
:105A00001913039309F00F0305933CE709B0BDE8B0
:105A1000F08F0A4B19682160616841F07D51616027
:105A2000D8F800100029D2D12DE700BFD4B202204F
:105A3000582D002000C00042502D0020CCB2022082
:105A4000542D0020D8B202202DE9F04F89B00192E8
:105A5000002A00F0DD80020B8146030D8B46069282
:105A6000020A734F4FEA104A04920209714E0392E0
:105A700000F00F02DFF8D0816F4C07930592636846
:105A80006E4A43F07D53116863606D4B019A18684C
:105A90008A426C4B40F0012028BF0A46196840F446
:105AA000800020EA010020F078552560396839B17E
:105AB0004FF0000C00BF0CF1010C3B689C45F9D382
:105AC0000E2128460292FDF71BFD0B212846FDF70B
:105AD00017FD079B284603F00F01FDF711FD0AF0A3
:105AE0000F012846FDF70CFD069B284603F00F0129
:105AF000FDF706FD049B284603F00F01FDF700FDAE
:105B0000039B284603F00F01FDF7FAFC0599284690
:105B1000FDF7F6FC6168029A21F07051616031680E
:105B2000C1B145F000734FF0000C236000BF00BF0F
:105B300000BF00BF00BF00BF00BF256000BF00BFA7
:105B400000BF00BF00BF00BF00BF0CF1010C3168F7
:105B50006145EAD8002A5ED002EB0B0A45F00073DB
:105B60000BF1FF3C0AF1FF3A236000BF00BF00BF0A
:105B700000BF00BF00BF00BFA068256000BF00BF1E
:105B800000BF00BF00BF00BF00BF236000BF00BF59
:105B900000BF00BF00BF00BF00BFA168256000BFFD
:105BA00000BF00BF00BF00BF00BF00BF800EC1F339
:105BB000836141EA00110CF8011FD445D4D1204B78
:105BC00019682160616841F07D516160D8F800106A
:105BD00031B1002100BF0131D8F800309942F9D32A
:105BE000019B9B1A019313D0914493444FEA19539C
:105BF0004FEA194A07934FEA193306934FEA1923DC
:105C000004934FEA1913039309F00F03059336E742
:105C100009B0BDE8F08F0A4B19682160616841F056
:105C20007D516160D8F800100029D2D127E700BF6C
:105C3000D4B20220582D002000C00042502D002078
:105C4000CCB20220542D0020D8B202202DE9F84F0A
:105C500007464FF0000B174E174D184CDFF868A0A1
:105C6000DFF86890DFF868802378154A03EBC303F8
:105C700003EBC3033B3302F8013F5245A3F1630337
:105C8000F9D12A78337862B158F823304FF40052B2
:105C90000C49584698470BF5005B5F45E4D8BDE8D2
:105CA000F88F59F823304FF4005206495846984768
:105CB000F1E700BF44300020E0460320DE46032029
:105CC000BF360020C0360020BF560020401E0020F6
:105CD000F41D00202DE9F84F00248246DFF88C9057
:105CE000DFF88C8026461B4F1B4DDFF888B099F8F3
:105CF000003098F80020022B21D0012B28D05BF82F
:105D0000223030464FF40052144998473B78144AE9
:105D100003EBC30303EBC3033B33DBB212F8010F06
:105D2000A3F163019842CBB218BF0134AA42F5D166
:105D300006F50056B245DAD82046BDE8F88F094B83
:105D400053F8223030464FF4005204499847DDE7BB
:105D5000054BF5E7DE460320BF560020C036002085
:105D6000BF360020A81D0020101D0020E0460320A3
:105D7000433000205C1D0020002A00F00B81030C42
:105D800084462DE9F04F85B00C464FEA105900F0DB
:105D90000F070393030B1646DFF810820293030AE2
:105DA0007D49019303097D4800937D4B5A687D4DE1
:105DB00042F07D52D5F800E05A607B4AB645D8F8EB
:105DC0000050126828BFB64642F0012242F4800219
:105DD00022EA050222F078521A600D683DB14FF0B8
:105DE000000A00BF0AF1010A0D68AA45F9D342F082
:105DF000406A42F0606BC3F800A0C3F800B000BF77
:105E000000BFC3F800A000BF00BF42F0005A42F03C
:105E1000085BC3F800A0C3F800B000BF00BFC3F820
:105E200000A000BF00BF09F00F0A42EA8A6A4AF0E8
:105E3000007BC3F800A0C3F800B000BF00BFC3F8E8
:105E400000A000BF00BF039D05F00F0A42EA8A6A66
:105E50004AF0007BC3F800A0C3F800B000BF00BF49
:105E6000C3F800A000BF00BF029D05F00F0A42EA80
:105E70008A6A4AF0007BC3F800A0C3F800B000BFF4
:105E800000BFC3F800A000BF00BF019D05F00F0ACE
:105E900042EA8A6A4AF0007BC3F800A0C3F800B067
:105EA00000BF00BFC3F800A000BF00BF009D05F009
:105EB0000F0A42EA8A6A4AF0007BC3F800A0C3F8DE
:105EC00000B000BF00BFC3F800A000BF00BF42EA9F
:105ED000876A4AF0007BC3F800A0C3F800B000BF97
:105EE00000BFC3F800A000BF00BFBEF1000F47D045
:105EF0000EEB040A04F1FF390AF1FF3A19F8017FA9
:105F00003F0942EA876747F0007B1F60C3F800B093
:105F100000BF00BF1F6000BF00BF99F8007007F00E
:105F20000F0742EA876747F0007B1F60C3F800B0A5
:105F300000BF00BF1F6000BF00BFD145DED11A4ABD
:105F400012681A6002682AB1002700BF0137026890
:105F50009742FAD3B6EB0E0619D0F44474444FEAD4
:105F60001C420CF00F074FEA1C5903924FEA1C32F7
:105F700002924FEA1C2201924FEA1C12009215E78E
:105F8000094A12681A600268002ADDD10EE705B0DE
:105F9000BDE8F08F704700BFD4B20220D8B2022013
:105FA00000C00042502D0020CCB20220542D002011
:105FB000002A00F01C81030CDFF848C22DE9F04FE5
:105FC00087B04FEA10198246040D0493030B0F4665
:105FD000874E0393030ADFF830E21546019300F081
:105FE0000F0384480293844B84495A68096842F03D
:105FF0007D52A9425A6028BF2946814A8B463168A2
:10600000126841F0012141F4800121EA020121F0EE
:1060100078511960DCF8002042B14FF0000800BF51
:1060200008F10108DCF800209045F8D341F06052F7
:1060300041F068581A60C3F8008000BF00BF1A60C2
:1060400000BF00BF41F0305241F038581A60C3F829
:10605000008000BF00BF1A6000BF00BF04F00F0245
:1060600041EA826242F000781A60C3F8008000BF03
:1060700000BF1A6000BF00BF049A02F00F0241EA9D
:10608000826242F000781A60C3F8008000BF00BF4F
:106090001A6000BF00BF039A02F00F0241EA826259
:1060A00042F000781A60C3F8008000BF00BF1A6099
:1060B00000BF00BF019A02F00F0241EA826242F083
:1060C00000781A60C3F8008000BF00BF1A6000BFEC
:1060D00000BF09F00F0241EA826242F000781A60C4
:1060E000C3F8008000BF00BF1A6000BF00BF029A63
:1060F00041EA826242F000781A60C3F8008000BF73
:1061000000BF1A6000BF00BF5A6822F070525A6088
:10611000026882B141F000724FF0000805941A60E5
:1061200000BF00BF196000BF00BF08F1010804688C
:106130004445F4D8059CBBF1000F4AD00BEB07098E
:1061400041F0007407F1FF38CDF804B009F1FF39D0
:106150001C6000BF00BFD3F808B0196000BF00BFCB
:106160001C6000BF00BF9A68196000BF00BF4FEA03
:106170009B6BC2F3836242EA0B1208F8012FC845F9
:10618000E6D13268DDF804B01A605A6842F07D52F8
:106190005A60DEF8002032B1002100BF0131DEF884
:1061A00000209142F9D3B5EB0B051DD0DA445F44D2
:1061B0004FEA1A424FEA1A5404924FEA1A324FEA4F
:1061C0001A1903924FEA1A2201920AF00F02029260
:1061D0000AE732681A605A6842F07D525A60DEF867
:1061E0000020002AD8D1FFE607B0BDE8F08F704745
:1061F000CCB20220582D002000C00042502D0020BB
:10620000542D0020D4B20220D8B20220002A00F07F
:10621000BD80030D2DE9F04F87B0914607468A46B1
:106220000593030C5A4A0493030B5A4D0393030A34
:10623000594E01930309594C009300F00F03029348
:10624000574B6168186841F07D51564B4845616075
:1062500028BF484619688046106840F0012040F485
:10626000800020EA010020F0785BC4F800B02968C3
:1062700039B14FF0000C00BF0CF1010C2B689C45AC
:10628000F9D303215846FDF70DF908215846FDF7CB
:1062900009F9059B584603F00F01FDF703F9049B2C
:1062A000584603F00F01FDF7FDF8039B584603F035
:1062B0000F01FDF7F7F8019B584603F00F01FDF7BA
:1062C000F1F8009B584603F00F01FDF7EBF8029937
:1062D0005846FDF7E7F82E4AB8F1000F4DD008EB0D
:1062E0000A0E0AF1FF3C0EF1FF3E1CF8013F1B09AC
:1062F0004BEA836343F000712360216000BF00BF5D
:1063000000BF00BF00BF236000BF00BF00BF00BFD1
:1063100000BF9CF8003003F00F034BEA836343F0A7
:1063200000712360216000BF00BF00BF00BF00BF3D
:10633000236000BF00BF00BF00BF00BFF445D4D141
:1063400011682160316829B1002100BF0131336833
:106350009942FAD3B9EB080915D04744C2443B0D22
:1063600005933B0C04933B0B03933B0A01933B09BE
:10637000009307F00F03029362E711682160316810
:106380000029E1D15CE707B0BDE8F08F704700BF9E
:10639000CCB20220D4B20220D8B2022000C0004207
:1063A000502D0020542D0020002A7ED0030C2DE912
:1063B000F04F85B08046894693460393030A3B4ECF
:1063C0000293C3B23A4D3B4C019363683A4A43F09F
:1063D0007D533A4812686360394B5A45D3F800A0A0
:1063E00028BF5A46374B4AEA000017461B6820EA86
:1063F000030020F0785040F040502060336843B1F3
:10640000002200BF013233689A42FAD32C4BD3F8F2
:1064100000A00221FDF78EF89DF80C10FDF78AF818
:106420009DF80810FDF786F80199FDF783F89FB3F2
:1064300007EB090E09F1FF3101970EF1FF3E11F84C
:1064400001CF07224CFA02F3013A9B0603F0806366
:10645000034343F00077236027602360531CF1D18E
:106460007145ECD1019FC4F800A02B682BB100232B
:1064700000BF01332A689342FAD3BBEB070B11D05C
:10648000B844B9444FEA184303934FEA18230293E0
:106490005FFA88F3019398E7C4F800A02B68002BFB
:1064A000E5D192E705B0BDE8F08F7047D4B2022085
:1064B000D8B2022000C00042502D0020000140014F
:1064C000CCB20220542D0020002A00F0C180030D20
:1064D0002DE9F04F87B0914607468A460593030C95
:1064E0005C4A0493030B5C4D0393030A5B4E0193D8
:1064F00003095B4C009300F00F030293594B616852
:10650000186841F07D51584B4845616028BF4846A6
:1065100019688046106840F0012040F4800020EAAD
:10652000010020F0785BC4F800B0296839B14FF061
:10653000000C00BF0CF1010C2B689C45F9D3032122
:106540005846FCF7C5FF08215846FCF7C1FF059BDC
:10655000584603F00F01FCF7BBFF049B584603F0BD
:106560000F01FCF7B5FF039B584603F00F01FCF742
:10657000AFFF019B584603F00F01FCF7A9FF009BFA
:10658000584603F00F01FCF7A3FF02995846FCF7A9
:106590009FFF304AB8F1000F51D008EB0A0E0AF104
:1065A000FF3C0EF1FF3E1CF8013F1B094BEA8363E1
:1065B00043F000712360216000BF00BF00BF00BF37
:1065C00000BF00BF236000BF00BF00BF00BF00BF0F
:1065D00000BF9CF8003003F00F034BEA836343F0E5
:1065E00000712360216000BF00BF00BF00BF00BF7B
:1065F00000BF236000BF00BF00BF00BF00BF00BFDF
:10660000F445D0D111682160316829B1002100BF63
:10661000013133689942FAD3B9EB080915D04744E0
:10662000C2443B0D05933B0C04933B0B03933B0A85
:1066300001933B09009307F00F0302935EE7116893
:10664000216031680029E1D158E707B0BDE8F08F3B
:10665000704700BFCCB20220D4B20220D8B20220D0
:1066600000C00042502D0020542D00202DE9F04F95
:106670008BB00192002A00F0CB80030D8A4684463D
:1066800068490993030CDFF8B0B10893030B079333
:10669000030A05930309049300F00F030693624B6A
:1066A0005A68624842F07D52614C00685A60019A13
:1066B0002468904228BF10465E4A1268029242F057
:1066C000012242F4800222EA040222F078521A6087
:1066D0000C6844B1002500BF01350C68A542FAD30F
:1066E000544C24680294099C42F0406942F00058DE
:1066F00004F00F0E089C04F00F07079C42EA8E6E10
:1067000004F00F06059C42EA876704F00F05049C1D
:1067100042EA866604F00F0442EA856542EA846430
:10672000039442F06064C3F800901C60C3F80090CA
:1067300042F00859C3F80080C3F80090C3F8008005
:106740004EF00078C3F800E0C3F80080C3F800E022
:1067500047F0007E1F60C3F800E01F6046F000773E
:106760001E60039C1F601E6045F000761D601E6069
:106770001D6044F000751C601D601C60069C42EAB0
:10678000846444F000751C601D601C60002842D0C9
:1067900000EB0A060AF1FF35013E15F8014F240906
:1067A000B54242EA846444F000771C601F601C60BC
:1067B0002C7804F00F0442EA846444F000771C60F3
:1067C0001F601C60E9D1029A1A60DBF8002032B128
:1067D000002200BF0132DBF80040A242F9D3019A47
:1067E000121A019214D0844482444FEA1C52099236
:1067F0004FEA1C4208924FEA1C3207924FEA1C22D1
:1068000005924FEA1C1204920CF00F02069247E721
:106810000BB0BDE8F08F029A1A60DBF80020002A66
:10682000D6D13DE7D4B2022000C00042502D002056
:10683000542D0020CCB20220D8B20220002A00F051
:10684000C580030D2DE9F04F87B0914607468A4673
:106850000593030C5E4A0493030B5E4D0393030AF6
:106860005D4E019303095D4C009300F00F0302930A
:106870005B4B6168186841F07D515A4B4845616037
:1068800028BF484619688046106840F0012040F44F
:10689000800020EA010020F0785BC4F800B029688D
:1068A00039B14FF0000C00BF0CF1010C2B689C4576
:1068B000F9D303215846FCF723FE08215846FCF77C
:1068C0001FFE059B584603F00F01FCF719FE049BC1
:1068D000584603F00F01FCF713FE039B584603F0E4
:1068E0000F01FCF70DFE019B584603F00F01FCF76A
:1068F00007FE009B584603F00F01FCF701FE0299CA
:106900005846FCF7FDFD324AB8F1000F55D008EBB0
:106910000A0E0AF1FF3C0EF1FF3E1CF8013F1B0975
:106920004BEA836343F000712360216000BF00BF26
:1069300000BF00BF00BF00BF00BF236000BF00BF9B
:1069400000BF00BF00BF00BF00BF9CF8003003F0D5
:106950000F034BEA836343F000712360216000BFA3
:1069600000BF00BF00BF00BF00BF00BF236000BF6B
:1069700000BF00BF00BF00BF00BF00BFF445CCD1C7
:1069800011682160316829B1002100BF01313368ED
:106990009942FAD3B9EB080915D04744C2443B0DDC
:1069A00005933B0C04933B0B03933B0A01933B0978
:1069B000009307F00F0302935AE7116821603168D2
:1069C0000029E1D154E707B0BDE8F08F704700BF60
:1069D000CCB20220D4B20220D8B2022000C00042C1
:1069E000502D0020542D0020002A00F08180030C3F
:1069F0002DE9F04F85B08046894693460293030AFD
:106A0000DFF808A10193C3B23A4E3B4D3B4C0393D0
:106A100063683B4A43F07D533A4812686360DAF892
:106A200000305A4543EA0000374B28BF5A461B68DE
:106A3000174620EA030020F0785040F040502060D4
:106A400033682BB1002200BF013233689A42FAD377
:106A50000221FCF7D3FE9DF80810FCF7CFFE9DF84D
:106A60000410FCF7CBFE0399FCF7C8FE002F35D0CD
:106A700007EB090E09F1FF3101970EF1FF3E11F806
:106A800001CF07224CFA02F39B0603F08063034315
:106A900043F000772360276000BF236000BF013A06
:106AA000F0D27145EBD1DAF80030019F23602B68FA
:106AB0002BB1002300BF01332A689342FAD3BBEB0A
:106AC000070B12D0B844B9444FEA184302934FEA77
:106AD000182301935FFA88F3039399E7DAF80030FB
:106AE00023602B68002BE4D192E705B0BDE8F08F5E
:106AF000704700BFD4B20220D8B2022000C00042CA
:106B0000502D002000014001542D0020CCB2022065
:106B1000002A00F01F81030B84462DE9F04F85B059
:106B20000C464FEA105816460393030A4FEA1049E1
:106B3000894D019303098949009300F00F038848A8
:106B40000293884B5A68884F42F07D52D7F800E094
:106B50005A602A68B645854F42F0012228BFB646E2
:106B60003F6842F4800222EA070222F078521A605B
:106B70000F683FB14FF0000A00BF0AF1010A0F6829
:106B8000BA45F9D342F0406A42F0606BC3F800A006
:106B9000C3F800B000BF00BF00BFC3F800A000BF33
:106BA00000BF00BF42F0005A42F0085BC3F800A0EB
:106BB000C3F800B000BF00BF00BFC3F800A000BF13
:106BC00000BF00BF08F00F0A42EA8A6A4AF0007B61
:106BD000C3F800A0C3F800B000BF00BF00BFC3F8F7
:106BE00000A000BF00BF00BF09F00F0A42EA8A6A96
:106BF0004AF0007BC3F800A0C3F800B000BF00BF9C
:106C000000BFC3F800A000BF00BF00BF039F07F094
:106C10000F0A42EA8A6A4AF0007BC3F800A0C3F870
:106C200000B000BF00BF00BFC3F800A000BF00BF9E
:106C300000BF019F07F00F0A42EA8A6A4AF0007B10
:106C4000C3F800A0C3F800B000BF00BF00BFC3F886
:106C500000A000BF00BF00BF009F07F00F0A42EA7C
:106C60008A6A4AF0007BC3F800A0C3F800B000BFF6
:106C700000BF00BFC3F800A000BF00BF00BF029F5D
:106C800042EA876A4AF0007BC3F800A0C3F800B06C
:106C900000BF00BF00BFC3F800A000BF00BF00BF1F
:106CA000BEF1000F4DD00EEB040A04F1FF399046FF
:106CB0000AF1FF3A19F8012F120948EA826242F0FC
:106CC000007B1A60C3F800B000BF00BF00BF1A60AD
:106CD00000BF00BF00BF99F8002002F00F0248EA91
:106CE000826242F0007B1A60C3F800B000BF00BFB0
:106CF00000BF1A6000BF00BF00BFD145DAD12A68CB
:106D00001A6002683AB14FF0000800BF08F10108AC
:106D100002689045F9D3B6EB0E0618D0F4447444DB
:106D20004FEA1C324FEA1C5803924FEA1C224FEAEA
:106D30001C4901924FEA1C1200920CF00F020292C1
:106D400000E72A681A600268002ADCD1FAE605B07A
:106D5000BDE8F08F704700BFCCB20220D4B2022051
:106D6000D8B2022000C00042502D0020542D002037
:106D7000002A00F02881030DDFF860C22DE9F04FF2
:106D800087B000F00F0982460F460593030C8E4E24
:106D900015460493030BDFF848E20393030A0293BA
:106DA00003098A4801938A4B8A495A68096842F064
:106DB0007D52A9425A6028BF2946874A8B463168CE
:106DC000126841F0012141F4800121EA020121F021
:106DD00078511960DCF8002032B1002400BF013482
:106DE000DCF800209442F9D341F0605241F068543D
:106DF0001A601C6000BF00BF00BF1A6000BF00BF68
:106E000000BF41F0305241F038541A601C6000BF9E
:106E100000BF00BF1A6000BF00BF00BF059A02F0AC
:106E20000F0241EA826242F000741A601C6000BFE7
:106E300000BF00BF1A6000BF00BF00BF049A02F08D
:106E40000F0241EA826242F000741A601C6000BFC7
:106E500000BF00BF1A6000BF00BF00BF039A02F06E
:106E60000F0241EA826242F000741A601C6000BFA7
:106E700000BF00BF1A6000BF00BF00BF029A02F04F
:106E80000F0241EA826242F000741A601C6000BF87
:106E900000BF00BF1A6000BF00BF00BF019A02F030
:106EA0000F0241EA826242F000741A601C6000BF67
:106EB00000BF00BF1A6000BF00BF00BF41EA896287
:106EC00042F000741A601C6000BF00BF00BF1A606F
:106ED00000BF00BF00BF5A6822F070525A600268BB
:106EE00082B141F000720024A8461A6000BF00BFC2
:106EF00000BF196000BF00BF00BF01340568A54294
:106F0000F3D84546BBF1000F4FD00BEB070941F01A
:106F1000007407F1FF38CDF804B009F1FF391C60A7
:106F200000BF00BF00BFD3F808B0196000BF00BFAA
:106F300000BF1C6000BF00BF00BF9A68196000BF9F
:106F400000BF00BF4FEA9B6BC2F3836242EA0B12A1
:106F500008F8012FC845E2D13268DDF804B01A60A4
:106F60005A6842F07D525A60DEF8002032B10021AA
:106F700000BF0131DEF800209142F9D3B5EB0B05DB
:106F80001ED0DA445F444FEA1A520AF00F09059204
:106F90004FEA1A4204924FEA1A3203924FEA1A2237
:106FA00002924FEA1A120192FEE632681A605A689B
:106FB00042F07D525A60DEF80020002AD7D1F3E675
:106FC00007B0BDE8F08F7047CCB20220582D0020EA
:106FD00000C00042502D0020542D0020D4B20220C9
:106FE000D8B20220002A00F08380030C2DE9F04F74
:106FF00085B08046894693460293030ADFF80CA1C8
:107000000193C3B23B4E3C4D3C4C039363683C4AF6
:1070100043F07D533B4812686360DAF800305A450C
:1070200043EA0000384B28BF5A461B68174620EA3F
:10703000030020F0785040F04050206033682BB1BE
:10704000002200BF013233689A42FAD30221FCF7D2
:107050004FFD9DF80810FCF74BFD9DF80410FCF760
:1070600047FD0399FCF744FD002F37D007EB090ECD
:1070700009F1FF3101970EF1FF3E11F801CF072210
:107080004CFA02F39B0603F08063034343F000775E
:107090002360276000BF00BF236000BF00BF013A2C
:1070A000EED27145E9D1DAF80030019F23602B68F8
:1070B0002BB1002300BF01332A689342FAD3BBEB04
:1070C000070B12D0B844B9444FEA184302934FEA71
:1070D000182301935FFA88F3039397E7DAF80030F7
:1070E00023602B68002BE4D190E705B0BDE8F08F5A
:1070F000704700BFD4B20220D8B2022000C00042C4
:10710000502D002000014001542D0020CCB202205F
:1071100000B507228E46DFF844C04EFA02F39B0604
:1071200003F08063034343F00071CCF80030CCF8E7
:10713000001000BF00BF00BF00BF00BF00BF00BF06
:1071400000BFCCF8003000BF00BF00BF00BF00BFD1
:1071500000BF00BF00BF013ADFD200BD00C0004247
:10716000002A00F091800B46010C2DE9F04F934668
:1071700083B08046454A00915946454E9B464FEAAA
:10718000102A444D5FFA80F9434C0B46434861682E
:10719000006841F07D519842616028BF184611682F
:1071A00007463F4808433F49096820EA010020F0AC
:1071B000785040F040502060316839B14FF0000CF9
:1071C00000BF0CF1010C31688C45F9D30221019309
:1071D000FFF79EFF9DF80010FFF79AFF5FFA8AF114
:1071E000FFF796FF4946FFF793FF284A019B002FC0
:1071F00041D007EB0B090BF1FF3E8246009709F1E6
:10720000FF391EF801CF07274CFA07F1890601F074
:10721000806141EA0A0141F000702160206000BFF6
:1072200000BF00BF00BF00BF00BF00BF00BF2160A4
:1072300000BF00BF00BF00BF00BF00BF00BF00BF56
:10724000013FE1D2CE45DCD11168009F2160296861
:1072500029B1002100BF013128688142FAD3DB1B2C
:107260000FD0B844BB444FEA18414FEA182A5FFADE
:1072700088F900918AE71168216029680029E8D11E
:1072800084E703B0BDE8F08F704700BFCCB20220A6
:10729000D4B20220D8B2022000C00042502D0020FB
:1072A00000014001542D0020002A00F09D8013466B
:1072B000020C2DE9F04F85B080468946DFF840A1E9
:1072C00002925FFA80FB020A484E494D494C0192F6
:1072D00049496268096842F07D529942626028BF5C
:1072E0001946DAF80020009142F00122434942F4A5
:1072F0008002096822EA010C2CF0785747F04050D0
:10730000206032682AB1002100BF01313268914209
:10731000FAD303210393FFF7FBFE9DF80810FFF754
:10732000F7FE9DF80410FFF7F3FE5946FFF7F0FE55
:107330006268039B22F000626260009A002A45D0D6
:10734000009A47F0485709F1FF3E02EB090B0BF199
:10735000FF3B08214FF0000C276000BF00BF00BFBB
:1073600000BF00BF00BF00BF00BFA2682060C2F323
:10737000C06242EA4C0C00BF00BF00BF00BF00BFAC
:1073800000BF00BF00BF0139E6D10EF801CFDE45D6
:10739000DFD1DAF800202260626842F07D5262603C
:1073A0002A682AB1002200BF013229688A42FAD332
:1073B000009A9B1A15D0904491444FEA18425FFA04
:1073C00088FB02924FEA1822019281E7DAF8002046
:1073D0002260626842F07D5262602A68002AE1D130
:1073E00076E705B0BDE8F08F704700BFD4B2022049
:1073F000D8B2022000C00042502D0020542D0020A1
:10740000CCB20220002A00F0CA800B46010C2DE904
:10741000F04F87B08146DFF8A0A10391010A604FC9
:107420000291C1B25F4E604D604C0191604861684D
:10743000006841F07D519042616028BF1046DAF843
:107440000010804641F001215A4841F48001006853
:1074500021EA000C2CF0785B4BF04050206039683A
:1074600039B14FF0000C00BF0CF1010C39688C45AC
:10747000F9D30B21CDE90432FFF74AFE9DF80C1039
:10748000FFF746FE9DF80810FFF742FE0199FFF74F
:107490003FFE616821F0006161603168DDE904321E
:1074A000E1B14BF048514FF0000C9E46216000BF07
:1074B00000BF00BF00BF00BF00BF00BF00BF206013
:1074C00000BF00BF00BF00BF00BF00BF00BF00BFC4
:1074D0000CF1010C33686345E8D87346B8F1000F2E
:1074E0004FD04BF0485C194608EB030B03F1FF3E0D
:1074F00063468C460BF1FF3BCDE901894FF008084C
:107500004FF00009236000BF00BF00BF00BF00BFF5
:1075100000BF00BF00BFA1682060C1F3C06141EAA5
:10752000490900BF00BF00BF00BF00BF00BF00BFD0
:1075300000BFB8F10108E5D10EF8019FDE45DDD1AD
:10754000DAF800106346DDE901892160616841F0E5
:107550007D516160296829B1002100BF013128688F
:107560008142FAD3B2EB080216D0C14443444FEA39
:10757000194103914FEA192102915FFA89F10191B2
:1075800054E7DAF800102160616841F07D516160D4
:1075900029680029E0D149E707B0BDE8F08F7047BE
:1075A000D4B20220602D0020D8B2022000C00042D8
:1075B000502D0020542D0020CCB202202DE9F04F98
:1075C00089B00192002A00F0E180020A8146030D91
:1075D0008B460592020903934FEA103A030C04927A
:1075E000724F00F00F02724EDFF8D881714C079392
:1075F00006926368704A43F07D53116863606F4B75
:10760000019A18688A426E4B40F0012028BF0A4652
:10761000196840F4800020EA010020F078552560C8
:10762000396839B14FF0000C00BF0CF1010C3B6818
:107630009C45F9D345F0605145F0685302922160B2
:10764000236000BF00BF00BF00BF216000BF00BFBC
:1076500000BF00BF45F0305145F038532160236032
:1076600000BF00BF00BF00BF216000BF00BF00BF60
:1076700000BF039B284603F00F01FBF7FFFE079BAB
:10768000284603F00F01FBF7F9FE0AF00F01284628
:10769000FBF7F4FE059B284603F00F01FBF7EEFE17
:1076A000049B284603F00F01FBF7E8FE06992846E5
:1076B000FBF7E4FE6168029A21F070516160316865
:1076C00091B145F000734FF0000C236000BF00BF84
:1076D00000BF00BF256000BF00BF00BF00BF0CF1AE
:1076E000010C31686145F0D8002A52D002EB0B0A38
:1076F00045F000730BF1FF3C0AF1FF3A236000BF35
:1077000000BF00BF00BFA068256000BF00BF00BF72
:1077100000BF236000BF00BF00BF00BFA16825609D
:1077200000BF00BF00BF00BF800EC1F3836141EA0C
:1077300000110CF8011FD445E0D1204B19682160DD
:10774000616841F07D516160D8F8001031B10021CD
:1077500000BF0131D8F800309942F9D3019B9B1A40
:10776000019313D0914493444FEA19534FEA193AC5
:1077700003934FEA194307934FEA192305934FEAFE
:107780001913049309F00F03069332E709B0BDE81B
:10779000F08F0A4B19682160616841F07D5161608A
:1077A000D8F800100029D2D123E700BFD4B20220BC
:1077B000582D002000C00042502D0020CCB20220E5
:1077C000542D0020D8B2022000B507228E46DFF8E3
:1077D00048C04EFA02F39B0603F08063034343F074
:1077E0000071CCF80030CCF8001000BF00BF00BF23
:1077F00000BF00BF00BF00BF00BF00BFCCF800301B
:1078000000BF00BF00BF00BF00BF00BF00BF00BF80
:1078100000BF013ADDD200BD00C000422DE9F04FAB
:1078200085B00092002A65D0030A8046364D040CCC
:1078300002938946C3B2354EDFF8E4A00393DAF829
:107840000420334B42F07D5232481968324BCAF85B
:107850000420324A1B6812681843009F20EA020085
:107860008F4220F0785028BF0F4640F04050CAF8B1
:1078700000002A683AB1002100BF01312B6899420B
:10788000FAD3254B1B6802210193FFF79DFFE1B25C
:10789000FFF79AFF9DF80810FFF796FF0399FFF78F
:1078A00093FF019B4FB307EB090401979B4609F136
:1078B000FF37013C17F8011FFFF786FFA742F9D1F8
:1078C000019FCAF800B032682AB1002200BF01321D
:1078D00033689A42FAD3009BDB1B00930AD0B8446A
:1078E000B9444FEA18234FEA184402935FFA88F329
:1078F0000393A4E705B0BDE8F08FCAF80030326802
:10790000002AE2D19BE700BFD4B20220D8B2022005
:10791000502D002000014001CCB20220542D002047
:1079200000C000422DE9F04F85B00192002A00F01E
:107930008E800B468146C1B24B4A4C4F4FEA104BEA
:107940004FEA102A4A4E4B4C029161684A4841F076
:107950007D514A4D006861600199814228BF01460E
:10796000884611680D434649096825EA010525F056
:10797000785545F040502060396839B14FF0000C1F
:1079800000BF0CF1010C39688C45F9D30321039336
:10799000FFF71AFF5FFA8BF1FFF716FF5FFA8AF124
:1079A000FFF712FF0299FFF70FFF61682E4A21F0DF
:1079B0000061039B6160B8F1000F4BD008EB030B33
:1079C00045F0485503F1FF3A0BF1FF3B4FF0080C2F
:1079D0004FF0000E256000BF00BF00BF00BF00BF1A
:1079E00000BF00BF00BF00BFA1682060C1F3C0613D
:1079F00041EA4E0E00BF00BF00BF00BF00BF00BF86
:107A000000BF00BF00BFBCF1010CE3D10AF801EFD9
:107A1000DA45DBD111682160616841F07D51616018
:107A2000316829B1002100BF013130688142FAD3A9
:107A30000199B1EB0801019109D0C14443445FFAB7
:107A400089F14FEA194B4FEA192A02917DE705B0F7
:107A5000BDE8F08F11682160616841F07D5161607F
:107A600031680029DED170E7CCB20220D4B2022006
:107A7000D8B2022000C00042502D00200001400179
:107A8000542D0020002A00F0CE800B46010C2DE979
:107A9000F04F87B08146DFF8A8A10391010A624F39
:107AA0000291C1B2614E624D624C019162486168BF
:107AB000006841F07D519042616028BF1046DAF8BD
:107AC0000010804641F001215C4841F480010068CB
:107AD00021EA000C2CF0785B4BF0405020603968B4
:107AE00039B14FF0000C00BF0CF1010C39688C4526
:107AF000F9D30B21CDE90432FFF766FE9DF80C1097
:107B0000FFF762FE9DF80810FFF75EFE0199FFF790
:107B10005BFE616821F0006161603168DDE904327B
:107B2000F1B14BF048514FF0000C9E46216000BF70
:107B300000BF00BF00BF00BF00BF00BF00BF00BF4D
:107B4000206000BF00BF00BF00BF00BF00BF00BF7C
:107B500000BF00BF0CF1010C33686345E6D87346E3
:107B6000B8F1000F51D04BF0485C194608EB030BFD
:107B700003F1FF3E63468C460BF1FF3BCDE90189E3
:107B80004FF008084FF00009236000BF00BF00BF9E
:107B900000BF00BF00BF00BF00BF00BFA1682060E2
:107BA000C1F3C06141EA490900BF00BF00BF00BF87
:107BB00000BF00BF00BF00BF00BFB8F10108E3D1A4
:107BC0000EF8019FDE45DBD1DAF800106346DDE9EF
:107BD00001892160616841F07D516160296829B1A6
:107BE000002100BF013128688142FAD3B2EB0802BC
:107BF00016D0C14443444FEA194103914FEA192179
:107C000002915FFA89F1019150E7DAF800102160E2
:107C1000616841F07D51616029680029E0D145E744
:107C200007B0BDE8F08F7047D4B20220602D00206D
:107C3000D8B2022000C00042502D0020542D002058
:107C4000CCB20220002A00F0F380030A84462DE91A
:107C5000F04F85B00C46070D1646029303094FEA14
:107C600010487449019300F00F034FEA103972482D
:107C70000393724B5A68724D42F07D52D5F800E082
:107C80005A60704AB645704D126828BFB6462D68D6
:107C900042F0012242F4800222EA050222F07852E8
:107CA0001A600D683DB14FF0000A00BF0AF1010AE9
:107CB0000D68AA45F9D342F0406A42F0606BC3F800
:107CC00000A0C3F800B000BFC3F800A000BF42F09E
:107CD000005A42F0085BC3F800A0C3F800B000BF30
:107CE000C3F800A000BF07F00F0A42EA8A6A4AF010
:107CF000007BC3F800A0C3F800B000BFC3F800A029
:107D000000BF08F00F0A42EA8A6A4AF0007BC3F813
:107D100000A0C3F800B000BFC3F800A000BF09F086
:107D20000F0A42EA8A6A4AF0007BC3F800A0C3F84F
:107D300000B000BFC3F800A000BF029D05F00F0A0D
:107D400042EA8A6A4AF0007BC3F800A0C3F800B098
:107D500000BFC3F800A000BF019D05F00F0A42EA72
:107D60008A6A4AF0007BC3F800A0C3F800B000BFE5
:107D7000C3F800A000BF039D42EA856A4AF0007B79
:107D8000C3F800A0C3F800B000BFC3F800A000BF54
:107D9000BEF1000F42D00EEB040904F1FF3809F1E7
:107DA000FF3918F8017F3F0942EA876747F0007AF8
:107DB0001F60C3F800A000BF1F6000BF98F80070EC
:107DC00007F00F0742EA876747F0007A1F60C3F8A1
:107DD00000A000BF1F6000BFC845E2D1194A126869
:107DE0001A6002682AB1002700BF01370268974273
:107DF000FAD3B6EB0E0618D0F44474444FEA1C22B2
:107E00004FEA1C5702924FEA1C124FEA1C4801929B
:107E10000CF00F024FEA1C3903922BE7094A126853
:107E20001A600268002ADED124E705B0BDE8F08FB1
:107E3000704700BFD4B20220D8B2022000C0004276
:107E4000502D0020CCB20220542D002000B5072276
:107E50008E46DFF84CC04EFA02F39B0603F08063B7
:107E6000034343F00071CCF80030CCF8001000BFA1
:107E700000BF00BF00BF00BF00BF00BF00BF00BF0A
:107E800000BFCCF8003000BF00BF00BF00BF00BF84
:107E900000BF00BF00BF00BF00BF013ADBD200BD82
:107EA00000C000422DE9F04F85B00092002A65D055
:107EB000030A8046364D040C02938946C3B2354E00
:107EC000DFF8E4A00393DAF80420334B42F07D524C
:107ED00032481968324BCAF80420324A1B681268CB
:107EE0001843009F20EA02008F4220F0785028BFFC
:107EF0000F4640F04050CAF800002A683AB100210D
:107F000000BF01312B689942FAD3254B1B6802212F
:107F10000193FFF79BFFE1B2FFF798FF9DF8081070
:107F2000FFF794FF0399FFF791FF019B4FB307EB16
:107F3000090401979B4609F1FF37013C17F8011F1F
:107F4000FFF784FFA742F9D1019FCAF800B0326859
:107F50002AB1002200BF013233689A42FAD3009B53
:107F6000DB1B00930AD0B844B9444FEA18234FEA08
:107F7000184402935FFA88F30393A4E705B0BDE8C1
:107F8000F08FCAF800303268002AE2D19BE700BFC8
:107F9000D4B20220D8B20220502D002000014001AE
:107FA000CCB20220542D002000C000422DE9F04F39
:107FB00085B00192002A00F090800B468146C1B244
:107FC0004C4A4D4F4FEA104B4FEA102A4B4E4C4C47
:107FD000029161684B4841F07D514B4D00686160F2
:107FE0000199814228BF0146884611680D434749DF
:107FF000096825EA010525F0785545F040502060D4
:10800000396839B14FF0000C00BF0CF1010C396830
:108010008C45F9D303210393FFF718FF5FFA8BF127
:10802000FFF714FF5FFA8AF1FFF710FF0299FFF7DD
:108030000DFF61682F4A21F00061039B6160B8F178
:10804000000F4DD008EB030B45F0485503F1FF3A04
:108050000BF1FF3B4FF0080C4FF0000E256000BF06
:1080600000BF00BF00BF00BF00BF00BF00BF00BF18
:1080700000BFA1682060C1F3C06141EA4E0E00BF9D
:1080800000BF00BF00BF00BF00BF00BF00BF00BFF8
:1080900000BFBCF1010CE1D10AF801EFDA45D9D1FA
:1080A00011682160616841F07D516160316829B1DA
:1080B000002100BF013130688142FAD30199B1EB50
:1080C0000801019109D0C14443445FFA89F14FEAA4
:1080D000194B4FEA192A02917BE705B0BDE8F08FF2
:1080E00011682160616841F07D516160316800294B
:1080F000DED16EE7CCB20220D4B20220D8B2022088
:1081000000C00042502D002000014001542D0020ED
:10811000002A00F0D2800B46010C2DE9F04F87B009
:108120008146DFF8B0A10191010A644F0391C1B209
:10813000634E644D644C029164486168006841F08C
:108140007D519042616028BF1046DAF800108046E9
:1081500041F001215E4841F48001006821EA000CF1
:108160002CF0785B4BF040502060396839B14FF00B
:10817000000C00BF0CF1010C39688C45F9D30B21C0
:10818000CDE90432FFF762FE9DF80410FFF75EFEB2
:108190009DF80C10FFF75AFE0299FFF757FE616831
:1081A00021F0006161603168DDE9043201B34BF018
:1081B00048514FF0000C9E46216000BF00BF00BF39
:1081C00000BF00BF00BF00BF00BF00BF00BF2060F6
:1081D00000BF00BF00BF00BF00BF00BF00BF00BFA7
:1081E00000BF00BF0CF1010C33686345E4D873464F
:1081F000B8F1000F53D04BF0485C194608EB030B65
:1082000003F1FF3E63468C460BF1FF3BCDE901894C
:108210004FF008084FF00009236000BF00BF00BF07
:1082200000BF00BF00BF00BF00BF00BF00BFA1680C
:108230002060C1F3C06141EA490900BF00BF00BF2F
:1082400000BF00BF00BF00BF00BF00BF00BFB8F14C
:108250000108E1D10EF8019FDE45D9D1DAF800100E
:108260006346DDE901892160616841F07D5161600B
:10827000296829B1002100BF013128688142FAD361
:10828000B2EB080216D0C14443444FEA19410191B0
:108290004FEA192103915FFA89F102914CE7DAF86C
:1082A00000102160616841F07D51616029680029FA
:1082B000E0D141E707B0BDE8F08F7047D4B20220AB
:1082C000602D0020D8B2022000C00042502D0020B6
:1082D000542D0020CCB2022000B507228E46DFF8D4
:1082E00050C04EFA02F39B0603F08063034343F051
:1082F0000071CCF80030CCF8001000BF00BF00BF08
:1083000000BF00BF00BF00BF00BF00BF00BF00BF75
:10831000CCF8003000BF00BF00BF00BF00BF00BFEF
:1083200000BF00BF00BF00BF00BF013AD9D200BDEF
:1083300000C000422DE9F04F85B00092002A65D0C0
:10834000030A8046364D040C02938946C3B2354E6B
:10835000DFF8E4A00393DAF80420334B42F07D52B7
:1083600032481968324BCAF80420324A1B68126836
:108370001843009F20EA02008F4220F0785028BF67
:108380000F4640F04050CAF800002A683AB1002178
:1083900000BF01312B689942FAD3254B1B6802219B
:1083A0000193FFF799FFE1B2FFF796FF9DF80810E0
:1083B000FFF792FF0399FFF78FFF019B4FB307EB86
:1083C000090401979B4609F1FF37013C17F8011F8B
:1083D000FFF782FFA742F9D1019FCAF800B03268C7
:1083E0002AB1002200BF013233689A42FAD3009BBF
:1083F000DB1B00930AD0B844B9444FEA18234FEA74
:10840000184402935FFA88F30393A4E705B0BDE82C
:10841000F08FCAF800303268002AE2D19BE700BF33
:10842000D4B20220D8B20220502D00200001400119
:10843000CCB20220542D002000C000422DE9F04FA4
:1084400085B00192002A00F092800B468146C1B2AD
:108450004D4A4E4F4FEA104B4FEA102A4C4E4D4CAE
:10846000029161684C4841F07D514C4D006861605B
:108470000199814228BF0146884611680D43484949
:10848000096825EA010525F0785545F0405020603F
:10849000396839B14FF0000C00BF0CF1010C39689C
:1084A0008C45F9D303210393FFF716FF5FFA8BF195
:1084B000FFF712FF5FFA8AF1FFF70EFF0299FFF74D
:1084C0000BFF6168304A21F00061039B6160B8F1E5
:1084D000000F4FD008EB030B45F0485503F1FF3A6E
:1084E0000BF1FF3B4FF0080C4FF0000E256000BF72
:1084F00000BF00BF00BF00BF00BF00BF00BF00BF84
:1085000000BF00BFA1682060C1F3C06141EA4E0E08
:1085100000BF00BF00BF00BF00BF00BF00BF00BF63
:1085200000BF00BF00BFBCF1010CDFD10AF801EFB2
:10853000DA45D7D111682160616841F07D516160F1
:10854000316829B1002100BF013130688142FAD37E
:108550000199B1EB0801019109D0C14443445FFA8C
:1085600089F14FEA194B4FEA192A029179E705B0D0
:10857000BDE8F08F11682160616841F07D51616054
:1085800031680029DED16CE7CCB20220D4B20220DF
:10859000D8B2022000C00042502D0020000140014E
:1085A000542D0020002A00F0D6800B46010C2DE946
:1085B000F04F87B08146DFF8B8A10191010A664FFC
:1085C0000391C1B2654E664D664C02916648616882
:1085D000006841F07D519042616028BF1046DAF892
:1085E0000010804641F00121604841F4800100689C
:1085F00021EA000C2CF0785B4BF040502060396889
:1086000039B14FF0000C00BF0CF1010C39688C45FA
:10861000F9D30B21CDE90432FFF75EFE9DF804107B
:10862000FFF75AFE9DF80C10FFF756FE0299FFF770
:1086300053FE616821F0006161603168DDE9043258
:1086400011B34BF048514FF0000C9E46216000BF23
:1086500000BF00BF00BF00BF00BF00BF00BF00BF22
:1086600000BF00BF206000BF00BF00BF00BF00BF51
:1086700000BF00BF00BF00BF00BF00BF0CF1010C76
:1086800033686345E2D87346B8F1000F55D04BF01C
:10869000485C194608EB030B03F1FF3E63468C462A
:1086A0000BF1FF3BCDE901894FF008084FF00009BD
:1086B000236000BF00BF00BF00BF00BF00BF00BFFE
:1086C00000BF00BF00BF00BFA1682060C1F3C06150
:1086D00041EA490900BF00BF00BF00BF00BF00BFA3
:1086E00000BF00BF00BF00BF00BFB8F10108DFD16D
:1086F0000EF8019FDE45D7D1DAF800106346DDE9B8
:1087000001892160616841F07D516160296829B16A
:10871000002100BF013128688142FAD3B2EB080280
:1087200016D0C14443444FEA194101914FEA19213F
:1087300003915FFA89F1029148E7DAF800102160AD
:10874000616841F07D51616029680029E0D13DE711
:1087500007B0BDE8F08F7047D4B20220602D002032
:10876000D8B2022000C00042502D0020542D00201D
:10877000CCB20220002A00F0E780030D2DE9F04F73
:1087800087B0914607468A460593030C6F4A0493C7
:10879000030B6F4D0393030A6E4E019303096E4C56
:1087A000009300F00F0302936C4B6168186841F06E
:1087B0007D516B4B4845616028BF4846196880462B
:1087C000106840F0012040F4800020EA010020F011
:1087D000785BC4F800B0296839B14FF0000C00BFD5
:1087E0000CF1010C2B689C45F9D34BF040614BF028
:1087F00060632160236000BF00BF00BF00BF216035
:1088000000BF00BF00BF00BF4BF000514BF008534A
:108810002160236000BF00BF00BF00BF216000BF18
:1088200000BF00BF00BF059B584603F00F01FAF7D9
:1088300025FE049B584603F00F01FAF71FFE039B29
:10884000584603F00F01FAF719FE019B584603F052
:108850000F01FAF713FE009B03F00F014BEA816151
:1088600041F000732160236000BF00BF00BF00BF64
:10887000216000BF00BF00BF00BF029B4BEA8361C5
:1088800041F000732160236000BF00BF00BF00BF44
:10889000216000BF00BF00BF00BF2C4AB8F1000F2D
:1088A00049D008EB0A0E0AF1FF3C0EF1FF3E1CF81E
:1088B000013F1B094BEA836343F000712360216091
:1088C00000BF00BF00BF00BF236000BF00BF00BFEC
:1088D00000BF9CF8003003F00F034BEA836343F0C2
:1088E00000712360216000BF00BF00BF00BF236094
:1088F00000BF00BF00BF00BFF445D8D111682160A0
:10890000316829B1002100BF013133689942FAD39F
:10891000B9EB080915D04744C2443B0D05933B0C05
:1089200004933B0B03933B0A01933B09009307F02D
:108930000F03029338E71168216031680029E1D103
:1089400032E707B0BDE8F08F704700BFCCB202201D
:10895000D4B20220D8B2022000C00042502D002024
:10896000542D002070B5184D1C461646AB6CDBB17B
:1089700011B14FF0FF3070BD014618460CF0F4FD08
:108980000028F6D0A86C40B1224631460CF0CAFC53
:10899000201A18BF4FF0FF3070BDE86C88B1224636
:1089A00031460BF0A9FAF3E7D5F84CC0BCF1000F43
:1089B000DFD002460B4660460BF07EFB0028E1D17B
:1089C000D7E74FF0FF30E3E720AC0220014BD3E9BB
:1089D00000017047F0E90020014B1868C00570479E
:1089E000D0B202200000000010B510F0F9FBDFF853
:1089F00044C003460E4ADCF800409C42D2E9000124
:108A000001D9013151601818CCF8003041F1000152
:108A100012F088FE9FED047B41EC100B20EE070B5B
:108A200010BD00BFAFF300808DEDB5A0F7C6B03E1E
:108A3000F8E900202CB302200FB400B5BFB0F0213C
:108A400040AB02A853F8042B019313F09DFE02A83B
:108A500014F056FD014602A811F04AFE034810F03A
:108A6000C5F93FB05DF804EB04B07047402D00201D
:108A70002DE9F04F2DED0C8BADF2246D4FF400720B
:108A8000BD49179008F02AFD051E40F3A281BB4B9B
:108A9000196A05F10F038B4280F255811799002660
:108AA000B748B54CFFF7C8FF0B21B64811F020FEC0
:108AB000202011F009FE54F8041BB34810F08AF985
:108AC00033460136B542F3D1AF484FF0000B0E9359
:108AD000119610F08BF90E9BAC4F03F11102CDF8FB
:108AE00038B014931292119ACDF844B013929FEDBE
:108AF0009A9B9FED9BCB9FED9CABCDE90FBB139B4E
:108B00005B4503DD9C4B53F82B300E9308F018FCAB
:108B10001BAB18AA5946019319AB0E9800931AABD8
:108B20000AF038FC0446002840F046811CA808F0F2
:108B30000FFC0F9A249B9649D518109A259B1898DC
:108B400042EB0303FF22159516939DED1C7BCDE9A7
:108B50000F5339EE079B08F02DFCB0F1000840F3ED
:108B6000F0808B4E254640F2FA3A09E05E2A00F288
:108B7000D380013403700135A84513DD544511DC61
:108B800016F8013B3819611C222BA3F1200201D0F9
:108B90005C2BEBD101354FF05C020234A84502702A
:108BA0007B54EBDC3C4400239DED1B6A9DED1A7A5F
:108BB0004FF4AF612370B7EEC66A0E9BB7EEC77A6B
:108BC000744A2AA80193199B0A970693189BCDF81B
:108BD00000B002935B468DED086B8DED047B13F0C6
:108BE0005BFD2AA814F08CFC01462AA811F080FD38
:108BF000654810F0FBF8DDE9240112F093FD9DEDCE
:108C00001EDB41EC180B28EE0C8BB5EEC0DBDDE96A
:108C10001C45F1EE10FA40F3898088EE0DBBDDE9CA
:108C20002223DDE92801CDE90C23DDE92023CDE96C
:108C30000A2312F077FD41EC170B27EE0A7BDDE9E2
:108C400026018DED087B12F06DFD2B46224641EC8E
:108C5000170B27EE0A7B50488DED04BB8DED02DB30
:108C60008DED008B8DED067BFFF7E6FE149B5B45DB
:108C700059DC119B08EB0304B4F5805F59DB052137
:108C8000464811F035FD179C204614F039FC01468A
:108C9000204611F02DFD1199414811F029FD3A4867
:108CA00010F0A4F8354B189A9B6A0E92934205D0A7
:108CB0000BF1010B129B5B457FF421AFDDF844C043
:108CC0000023374A1799374802F80C30FFF7B4FEF3
:108CD000DDE9150112F026FDDDED126AB8EEE64B76
:108CE00041EC170B16EE901A89EE046B2E489FED9F
:108CF000205B53EC192B27EE057B8DED027B8DED70
:108D0000006BFFF799FE29480DF2246DBDEC0C8B2A
:108D1000BDE8F04FFFF790BEC4F58061244A0434EB
:108D200013F0BAFC27E7189B0E93C1E7B0EE48BBDF
:108D300075E71B4842461649184410F0E7FA1194AB
:108D40009DE73C462FE71B480DF2246DBDEC0C8BD4
:108D5000BDE8F04FFFF770BE00000000000000000B
:108D6000000000000000B03E000000000000503F86
:108D7000000000000000103E30C7022090E90020F3
:108D80004408002054080020402D002030B3022069
:108D900030CF022088080020C808002034090020B5
:108DA00030B702203C0900204C0900209409002023
:108DB000800800201808002008F0BEFA5946024634
:108DC0000848FFF739FE0DF2246DBDEC0C8BBDE8B1
:108DD000F08F05480DF2246DBDEC0C8BBDE8F04F13
:108DE000FFF72ABE60080020000800200A4B1B780D
:108DF00073B14FF47A7100B5E5B06846FCF77AFBC1
:108E000008B965B000BD6846FFF732FE65B000BD29
:108E10004FF47A7010F08EB9DF46032000BF00BF18
:108E200000BF00BF00BF00BF00BF00BF704700BF52
:108E300038B540EA8164074D44F000732C602B6024
:108E400000BF00BFFFF7EAFF2C6000BF00BFFFF7C5
:108E5000E5FF38BD00C000422DE9F04F054681789E
:108E6000B24883B0B24B01700620B249B24A0860E2
:108E70000221DFF8008388F80010C3F86C22C3F8E1
:108E80007022C3F87422C3F87822BFF34F8FAB78F7
:108E90008B4202D1A94B08221A60AB790022DFF87D
:108EA000D8B230242E78CBF800306F78A44B1A60FB
:108EB000E0B20134012110F0DFF9372CF8D10121A3
:108EC000022010F0D9F90121032010F0D5F9012179
:108ED000042010F0D1F90121052010F0CDF9994AB4
:108EE000994B022E116841EA0303136000F0F480ED
:108EF000002E14BF4FF480034FF0807393490B6032
:108F000098F80030012B00F0E580022B00F0E080A3
:108F1000032B00F009813822854BC3F86C22C3F87B
:108F20007022C3F87422C3F87822BFF34F8F03F185
:108F30003F738748DFF8449203F5BD434468D9F88E
:108F400000200333A3FB0232920C02EB420243687F
:108F50001B1B9A42FBD87B4B7E481C68DFF820A283
:108F600020407D4F40EA0A0AC7F800A0586840F048
:108F70007D505860086859682AEA000041F07D5128
:108F800020F078505960186040F04056DBF80040FF
:108F900044B1002300BF0133DBF80040A342F9D302
:108FA000D7F800A00F210190FFF742FF019805219B
:108FB000FFF73EFF634B6648C3F800A003F18D73D3
:108FC000426803F58F33D9F800108333A3FB0131D6
:108FD000890C01EB810143689B1A9942FBD8594BDC
:108FE0001E6044B1002300BF0133DBF80040A34200
:108FF000F9D3D7F800A066213046FEF727FF514B82
:109000005348C3F800A003F18D73426803F58F3312
:10901000D9F800108333A3FB0131890C01EB8101E6
:1090200043689B1A9942FBD8464B1E6044B100230B
:1090300000BF0133DBF800209342F9D3D7F800A03A
:10904000404C99213046FEF701FF0220C4F800A0F1
:1090500010F070F8354B1B7883B92660DBF80020E0
:109060002AB100BF0133DBF800209342F9D3304628
:109070003521FEF7EBFE334B3A681A603449374B23
:109080004868D9F80020A3FB02323223920C03FB7C
:1090900002F24B681B1A9A42FBD8254B0221264A42
:1090A00088F80010C3F86C22C3F87022C3F8742249
:1090B000C3F87822BFF34F8F294B297929481970BB
:1090C000EC786A79284B04701A6003B0BDE8F08F21
:1090D000194A21E7254A1FE7FC074FF0100312D475
:1090E000B807C2F88830174B4FF0200212D5790725
:1090F000C3F88420134B4FF0400212D5C3F88420EC
:109100004FF48073FAE6B807C2F884300D4B4FF085
:109110002002ECD47907C3F888200A4B4FF04002B4
:10912000ECD4C3F88820EBE7114AF5E6E0460320CB
:1091300000801F40582D0020F9000100602D002004
:10914000D8B2022000C0004200014001542D00208E
:10915000001000E0FFFEBFCCCCB2022083DE1B4338
:109160004330002044300020502D00203800010002
:1091700038F00100E1460320D4B202203C2D00204B
:1091800000014031002A47D02DE9F84F04468A46B5
:109190001546DFF89C80214E214FDFF8989008E0BB
:1091A00052F82E305A469847B5EB0B055C44DA442A
:1091B0002CD0D8F800304FEAD45BB3EBD45F0BEB84
:1091C0008B0007EB800024DD33689B4503D0FFF75D
:1091D00043FEC6F800B0C4F316001249124AC0F5A7
:1091E000000B91F800C0114B5146AB4599F800E0D7
:1091F00028BFAB46BCF1000FD2D153F82E305A46EF
:109200009847B5EB0B055C44DA44D2D10020BDE8A9
:10921000F88F4FF0FF30FAE7002070475C2D0020F8
:109220003CB10220E0460320F41D0020401E002037
:10923000D0B20220443000207049714B0A682DE9F9
:10924000F04F42F0020205242DED068BADF52B7D8B
:109250000A60DC665C679C67DC67C3F88040C3F823
:109260008440C3F88840BFF34F8F0121022010F0E3
:1092700003F8012103200FF0FFFF012104200FF06C
:10928000FBFF2046012130240FF0F6FF5D4B4FF429
:109290008072C3F88420E0B2013401210FF0ECFFAA
:1092A000372CF8D1574B4FF0E020574A40F2EE26CA
:1092B0001C6856492243564F564C1A605A68DFF8CC
:1092C000808142F07D525A60D0F8FC3D43F08073BB
:1092D000C0F8FC3D0B6843F001030B604E4B1D686A
:1092E00011F082FA2378002B00F066833B78DA07CE
:1092F00040F16283484B1B68D8F800209B1A0E2B64
:1093000040F25A83444B41F28735414F1E68DFF8E3
:10931000308111F069FA23780A20002B00F058837D
:109320003B78DB0740F154833B4B1B68D8F80020A7
:109330009B1A0E2B40F24C83C820DFF808910FF0E7
:10934000F9FE3648FFF778FB3548FFF775FB3548DF
:10935000FFF772FB3448FFF76FFB344FD9F800106A
:109360003348A7FB0131DFF8E080284D890C254EFA
:10937000FFF762FB2F48FFF75FFB2F48FFF75CFB0F
:109380002E4B069300230D930023CDE94633069B15
:109390001B88ADF82430DBB2002B00F02583012BB5
:1093A00000F06C83174A4FF08071022BC2F88410D2
:1093B0004FF48001C2F884104FF48071C2F8841019
:1093C00046D1BDF8241011F4807FC1F307234FF07C
:1093D000100140F018839807C2F88810094A4FF02E
:1093E000200140F1188313F0040FC2F88410054BDC
:1093F0004FF0400200F0188328E000BF00402A40F0
:1094000000801F4000C0004200014001001000E049
:10941000EE460320EF460320B8460320C40900208F
:10942000100A0020500A0020840A002083DE1B431B
:10943000C40A0020D40A0020200B002008210020AC
:10944000C84603203C2D00200C230020C3F88420B4
:1094500005246968D9F80020A7FB0232920C02EBC0
:1094600082026B685B1A9A42FBD8012135200FF00B
:1094700003FF4FF0007301213220C6F888300FF04F
:10948000FBFE4FF0805301213620C6F884300FF0E8
:10949000F3FE4FF0005301213420C6F884300FF062
:1094A000EBFE012131200FF0E7FE210108EB04144F
:1094B00058F80130E268C3F888206C68D9F80000D9
:1094C000A7FB0020800C6A68121B9042FBD84FF06B
:1094D00000544FF080604FF000624FF0805ACDE9A9
:1094E0000713C6F88400C6F88420C6F884A0C6F81E
:1094F0008440F9F77FFD4FF080604FF00062C6F8BE
:109500008400C6F88820C6F884A0C6F88840F9F719
:1095100071FD0799089B08EB0102D268C3F884200B
:10952000C6F884A0C6F884406C68D9F80000A7FB90
:109530000020800C00EB80006A68121B9042FBD870
:1095400008EB0102D268C3F888206868D9F80020C7
:10955000A7FB0232920C6B681B1A9A42FBD866205A
:109560000791FBF7DDFE079908EB010358F801406E
:10957000DB68C4F884306868D9F80020A7FB0232A1
:10958000920C02EB82026B681B1A9A42FBD808EB22
:109590000103DB68C4F888306868D9F80020A7FBAD
:1095A0000232920C6B681B1A9A42FBD899200791E1
:1095B000FBF7B6FE0799022008EB010458F80130CA
:1095C000E268C3F884200FF0B5FD0799E26858F807
:1095D0000130C3F888206868D9F80020A7FB023260
:1095E000920C6B681B1A9A42FBD89F200791FBF7DD
:1095F00097FE0020FBF794FE0DF2171A0020FBF7F0
:109600008FFE0020FBF78CFE312000210FF034FE8E
:109610004FF0007408204FF0000CC6F88440B36887
:109620006968C3F3C063D9F8002043EA4C0CA7FB78
:109630000232920C6B685B1A9A42FBD8C6F88840DB
:109640006968D9F80020A7FB0232920C6B685B1A9C
:109650009A42FBD80138E0D10DF21F130AF801CF6E
:109660009A45D1D107990446C14808EB010258F840
:109670000130D268C3F88420BE4B6968D9F8002055
:10968000A3FB0232920C02EB820243685B1A9A42FD
:10969000FBD8B94B4FF080724FF0300AC3F88420EA
:1096A0004FF48002C3F884204FF48072C3F8842002
:1096B0005FFA8AF00AF1010A01210FF0DDFDBAF12B
:1096C000370FF5D1069BAC4AD3F804A0536843F09A
:1096D0007D5353609DF818310D2B00F0A8819DF843
:1096E00019215146A5480092A54AFFF7A5F9069B06
:1096F000A44A08339A4206937FF446AE0D9DA248D1
:109700002946FFF799F94FF48061A048FFF794F9D3
:109710002B46002D00F01D84002312949C4F012441
:1097200007939C4BDFF888A2A3F10C089A4E119383
:109730000A93CDF84C809FED8A9B9FED8B8B974BC6
:109740000A9ADFF870820C3A1C700023CDF838803A
:10975000CDE90B32CDE90F34914B0693069B46AC15
:109760000C9D41F2120C93F800E04FF000080FCD71
:109770000FC42B6846A8236010240B9B8DF81EE1B4
:109780008DF81A314FF00F03ADF81CC18DF81B3165
:10979000FFF762FB05E008F10108B8F1130F00F0D4
:1097A000AE814FF00F034FF400408AF800803B7009
:1097B0003460FCF74BFA4FF40040FCF78BFA0028BA
:1097C000E9D1044602E0132C00F0C38110234FF4CA
:1097D00000403C702546336001348AF80080FCF775
:1097E00035FA4FF40040FCF775FA0028EBD110234E
:1097F00052208AF800808DF81C814FF008083360F1
:109800003D708DF81B51FBF7B7FD04465720FBF761
:10981000B3FD8442A8BF04468DF81D4146A8544CB0
:10982000FFF71AFB4FF48010FCF710FA63684FF44F
:1098300080100893FCF74EFA63680993002840F003
:109840002C81D9F800400125494B4FF48010013597
:109850005B68FCF73FFA464B5B68002840F01D81CF
:10986000042DF1D107EE904A0A994E48B8EE677B75
:10987000DDE90823A3EB02084B4A9DF81C3106EEF4
:10988000908A52F82330B8EE666B00939DF81B3136
:1098900086EE075B52F823309DF81E2102929DF858
:1098A0001D2101920E9A126889EE056B86EE087BE7
:1098B000B7EEC77BB7EEC76A8DED487A8DED067AB5
:1098C0008DED046BFFF7B8F80F9B9DED067A002B2A
:1098D00000F04181B4EECA7AF1EE10FA00F33B8158
:1098E000B0EE4A7A0B9B002B40F04F83109CDDF8C2
:1098F00030E014AD8DED167AF4460FCDACE80F00D4
:109900002B6870460025CCF80030FFF7A5FA4FF41D
:109910008010FCF79BF94FF480100135FCF7DAF961
:10992000002840F09982062DF5D1079B1F4A03EBD2
:109930008305DDF830C0013302EB85050793BCE8F1
:109940000F000FC5DCF800302B600A9B14330A931C
:109950000D9B9C4200F006810134F0E6AFF30080DD
:1099600000000000000030410000000080842E4113
:10997000001000E083DE1B4300C00042640B0020A7
:109980005C0B002058210020880B00209C0B00203D
:109990004430002010B20220502D0020DE4603206B
:1099A000582100202C0C00208C1E002004B2022024
:1099B00043300020AC1F0020AB4B1B6822785B1BA0
:1099C0007AB1B3F5FA6F3FF69DAC10F00DFF87E466
:1099D000A54B1B689B1BAB423FF6AEAC0FF0AAFB3E
:1099E00097E4B342F1D98DE4A04B4FF0807230245C
:1099F000C3F884204FF48002C3F884204FF48072AF
:109A0000C3F8842025E59807C2F88410974A4FF0E0
:109A100020013FF5E8AC13F0040FC2F88810934B17
:109A20004FF040027FF412ADC3F8882010E59DF896
:109A300019215D2A7FF453AE51468D4800928D4A1C
:109A4000FEF7FAFF0D9A0021534602EB82008A4A84
:109A500002EB800C42F82010CCE90111CCE9031193
:109A6000BDF8241022F820100CF10C00834A0621C6
:109A700012F012FE0D9A531C0D9338E67B4B4FF0FB
:109A800080723324C3F884204FF48002C3F884200A
:109A90004FF48072C3F88420DBE4794A01469DF8D4
:109AA0001C31784852F8233000939DF81B3152F84E
:109AB00023309DF81D2101924FF48062FEF7BCFF18
:109AC0009DF81C319DF81B21112B3BD80133DBB2D3
:109AD0008DF81C318AF80030102352203A70336020
:109AE000FBF74AFC04465720FBF746FC8442A8BF1C
:109AF0000446B8F101088DF81D417FF48FAE069B36
:109B0000614A01339A4206937FF428AE0E9A4FF4CD
:109B100080630A9912685D48FEF78EFF0B9B0E9AD0
:109B200001330432DBB20E92032B0B937FF414AE9D
:109B3000DDE90F34002B40F096810A995448FEF776
:109B40007BFF02E7112ADAD80132D2B28DF81B214D
:109B5000C0E70F254BE646AD14AC0FCD0FC42B6804
:109B60002360BFE6079BDDE91248002B00F0F1817E
:109B7000012B4FEAC3043CD0464F4FF0010ECDE914
:109B800009483C46F246CDF820E094ED007AA4F175
:109B9000080557ED057AA7F11C060DF58C7C0AF136
:109BA000010AB4EEE77AB1460DF58C78AE4614346E
:109BB000F1EE10FA11DD0FCEACE80F00336806931A
:109BC000CCF800300FCDA9E80F002B683360B8E85F
:109BD0000F00AEE80F00069B2B60079B9A45D4DB75
:109BE000DDF820E014370EF1010E9E45C9D1DDE904
:109BF0000948079E2246002427483146FEF71CFFED
:109C00009FED178B4046184FFFF726F904F14003EC
:109C1000224A4FF400003D6801341370FCF716F837
:109C20003B6808F10C011E4808F114085B1B07EEA5
:109C3000903AB8EE677B87EE087B53EC172BFEF764
:109C4000FBFEB442DED10025164EDFED178A9FEDF4
:109C5000178A174FDDF81C90DDF84480356038E036
:109C60000000000000408F40B846032000C00042C2
:109C7000640B0020800B002004B202208C11002015
:109C80008C1E0020F00B00205A210020740C0020B4
:109C9000D80C002020B20220F00C0020DE46032069
:109CA0004C0D0020D0B2022000007A44BD3706419E
:109CB000441B00200135CDE904018DED026B4146C6
:109CC000B94808F114088DED007BFEF7B5FE4D454F
:109CD00046D0A8F10C00FFF7BFF8B44A05F14003E5
:109CE0004FF400001370B24BD3F800A0FBF7F2FF63
:109CF000AF4BB04A1B68B049A3EB0A0307EE903A9A
:109D000018F80A3CF8EE677A52F8232087EEA87A12
:109D100088EE076AB7EEC77AB7EEC66A0028C9D1DF
:109D20004146A64C0135CDE904078DED026B9E48F6
:109D30008DED007BFEF780FE3368A8F10C0C4D45DD
:109D400003EB830203F1010308F1140804EB82041E
:109D50003360BCE80F000FC4DCF800302360B8D1DA
:109D60003168CC05964B22464FF0FF3495481C6075
:109D7000FEF762FE3368012B78DD934D9348FEF7C2
:109D80005BFE85F8BC4405F592640021204685F809
:109D9000C8140EF0BFF92046C5F88C440DF05CFCE9
:109DA000044600284BD10123D5F88C1428461A46C6
:109DB0000CF07AFD002842D02946854A234646A861
:109DC0000CF0E0FD834D479B4AA905F110006B6044
:109DD000489BAB609DF824312B730CF0A5FC7E4BA7
:109DE0004AA846930CF0FAFCAB6C002B00F0C8803C
:109DF000DA69234679494FF0806479480025C1E942
:109E00000023FEF719FE0FF0EBF9074607E014F503
:109E1000803445F1000504F17A432B432BD04FF4F5
:109E20008033704A20462946FEF79CFD0028EED07C
:109E30000FF0D6F96C496D48FEF7FEFD03E06C4962
:109E40006A48FEF7F9FD6B4B00221A700DF52B7D69
:109E5000BDEC068BBDE8F08F02462B460A9966489A
:109E6000FEF7EAFD69E6B0EE4A7A40E563495F48ED
:109E7000FEF7E2FDE7E70FF0B3F9C01B9FED607A54
:109E800007EE900A9FED5F6A5F48F8EE677A5F4CD5
:109E9000C7EE876A86EE267AB7EEE66A53EC162B93
:109EA000B7EEC77A8DED007BFEF7C6FD5848FEF78A
:109EB000C3FD3F4BC82214A920461D6807F048FD8A
:109EC000002858D13A4B53481B685B1B07EE903A69
:109ED0009FED336BB8EE677B87EE067B53EC172B59
:109EE000FEF7AAFD626CE3694B48CDE90332D4E981
:109EF0000432CDE90132D4E902320092D4E90012F1
:109F0000FEF79AFD4548D4E91623FEF795FD44482F
:109F1000D4E90E23FEF790FD216A236D3268CDE966
:109F20000131D4E91230216CD20500903D48FEF792
:109F300083FD304B01223C481A70FEF77DFD47F24D
:109F4000305146A8FBF7D6FA60B146A8FEF790FD5F
:109F50007CE719461A463548FEF76EFD344E00215F
:109F60003160FFE6334D46AC0FCD0FC495E80700D6
:109F700003C42270E9E714A91C48FEF75DFD62E7FF
:109F8000EB6C3BB1D3E9042334E70123B0EE47AADD
:109F90000F93C3E528491548FEF74EFD53E700BF70
:109FA0000000000000408F40F00F0020DE4603203C
:109FB000B8460320AC1F0020341000203CB1022022
:109FC0005C2D00206C0D002070AC0220E40D002000
:109FD000F00D002020AC0220C01F0020F0E900207E
:109FE000380E00200000202044100020D40D002056
:109FF000FC0D0020DF4603209C0C0020900D00206B
:10A0000000247449BD3706426810002090E9002002
:10A010009C100020780E0020840E0020E00E00200E
:10A02000000F0020300F0020900F0020F00C0020C7
:10A03000D0B20220D40F0020540E0020002A4ED0AF
:10A040002DE9F84F05460F461646DFF8ACA0DFF8BD
:10A05000AC80DFF8AC9009E0BEF1010F37D053F8C7
:10A060002B309847361B254427442DD0DAF8003092
:10A07000EC0DB3EBD55F04EB840009EB80002BDD26
:10A08000D8F800309C4203D0FEF7E6FEC8F8004046
:10A09000C5F3160C134B144A3946CCF5000493F85B
:10A0A00000E092F800B06046B442104B28BF34463E
:10A0B000BEF1020F2246CFD10D4B2544274453F861
:10A0C0002B309847361BD1D10020BDE8F88F094BC3
:10A0D00053F82B309847C5E74FF0FF30F5E70020E5
:10A0E000704700BFE0460320433000205C1D002085
:10A0F000A81D0020101D0020D0B202205C2D0020E1
:10A100003CB1022038B540EA8164084D44F0007348
:10A110002C602B6000BF00BF00BFFEF77FFE2C60ED
:10A1200000BF00BF00BFFEF779FE38BD00C000428F
:10A130002DE9F04F89B00192002A00F0F580020B62
:10A140008146030D8B460692020A7F4F4FEA104A62
:10A15000049202097D4E039200F00F02DFF80082A4
:10A160007B4C0793059263687A4A43F07D531168EC
:10A170006360794B019A18688A42784B40F001205D
:10A1800028BF0A46196840F4800020EA010020F048
:10A1900078552560396839B14FF0000C00BF0CF1DB
:10A1A000010C3B689C45F9D30E2128460292FFF72B
:10A1B000A9FF0B212846FFF7A5FF079B284603F0C0
:10A1C0000F01FFF79FFF0AF00F012846FFF79AFFE4
:10A1D000069B284603F00F01FFF794FF049B2846D7
:10A1E00003F00F01FFF78EFF039B284603F00F01DA
:10A1F000FFF788FF05992846FFF784FF6168029AF8
:10A2000021F070516160316801B345F000734FF087
:10A21000000C236000BF00BF00BF00BF00BF00BF35
:10A2200000BF00BF00BF00BF00BF256000BF00BF70
:10A2300000BF00BF00BF00BF00BF00BF00BF00BF26
:10A2400000BF0CF1010C31686145E2D8002A6ED0E4
:10A2500002EB0B0A45F000730BF1FF3C0AF1FF3AE9
:10A26000236000BF00BF00BF00BF00BF00BF00BF32
:10A2700000BF00BF00BF00BFA068256000BF00BFD7
:10A2800000BF00BF00BF00BF00BF00BF00BF00BFD6
:10A2900000BF236000BF00BF00BF00BF00BF00BF02
:10A2A00000BF00BF00BF00BF00BFA168256000BFA6
:10A2B00000BF00BF00BF00BF00BF00BF00BF00BFA6
:10A2C00000BF00BF800EC1F3836141EA00110CF8AA
:10A2D000011FD445C4D1204B19682160616841F049
:10A2E0007D516160D8F8001031B1002100BF01310B
:10A2F000D8F800309942F9D3019B9B1A019313D0EF
:10A30000914493444FEA19534FEA194A07934FEA8D
:10A31000193306934FEA192304934FEA1913039351
:10A3200009F00F0305931EE709B0BDE8F08F0A4B53
:10A3300019682160616841F07D516160D8F80010B2
:10A340000029D2D10FE700BFD4B20220582D00203F
:10A3500000C00042502D0020CCB20220542D00201D
:10A36000D8B202202DE9F04F89B00092002A00F007
:10A370000D81030D89460746DFF838A20793030CC9
:10A3800087490693030B874D0593030A864E039373
:10A390000309864C029300F00F0304936368844A18
:10A3A00043F07D5312686360009B934228BF1346BD
:10A3B0000A689846DAF8003043F0012343F480033A
:10A3C00023EA020323F0785BC4F800B02A682AB1BC
:10A3D000002000BF01302B689842FAD34BF0406256
:10A3E0004BF06060226001922060FEF717FD019A39
:10A3F0002260FEF713FD4BF000524BF00850226034
:10A4000001922060FEF70AFD019A2260FEF706FD28
:10A41000079B03F00F024BEA826242F00070226059
:10A4200001922060FEF7FAFC019A2260FEF7F6FC2A
:10A43000069B03F00F024BEA826242F0007022603A
:10A4400001922060FEF7EAFC019A2260FEF7E6FC2A
:10A45000059B03F00F024BEA826242F0007022601B
:10A4600001922060FEF7DAFC019A2260FEF7D6FC2A
:10A47000039B03F00F024BEA826242F000702260FD
:10A4800001922060FEF7CAFC019A2260FEF7C6FC2A
:10A49000029B03F00F024BEA826242F000702260DE
:10A4A00001922060FEF7BAFC019A2260FEF7B6FC2A
:10A4B000049B4BEA836242F00070226001922060AC
:10A4C000FEF7ACFC019A2260FEF7A8FC3449B8F113
:10A4D000000F5ED008EB090C09F1FF300CF1FF3CD6
:10A4E00010F8013F1B094BEA836343F000722360BD
:10A4F000226000BF00BF00BF00BF00BF00BF00BFA1
:10A5000000BF236000BF00BF00BF00BF00BF00BF8F
:10A5100000BF00BF037803F00F034BEA836343F0EF
:10A5200000722360226000BF00BF00BF00BF00BFF9
:10A5300000BF00BF00BF236000BF00BF00BF00BF5F
:10A5400000BF00BF00BF00BF6045C9D1DAF80030CE
:10A55000236033682BB1002200BF013233689A4276
:10A56000FAD3009BB3EB080300930FD04744C144D8
:10A570003B0D07933B0C06933B0B05933B0A039360
:10A580003B09029307F00F03049307E709B0BDE806
:10A59000F08FDAF8003023603368002BDBD1FDE662
:10A5A000542D0020D4B20220D8B2022000C00042B4
:10A5B000502D0020CCB20220002A00F04781030D6C
:10A5C0002DE9F04F8BB08146DFF898B20993030C68
:10A5D0009F4F0893030B9F4E0793030ADFF888826F
:10A5E000059303099C4C049300F00F03019206931A
:10A5F00063689A4A43F07D5310686360019BDBF8FF
:10A600000050834245F0012528BF034645F48005EC
:10A610009A46934B1B6825EA030525F0785525607B
:10A620003B682BB1002000BF01303B689842FAD351
:10A6300045F0605345F06850039123600293206019
:10A64000FEF7ECFB029B2360FEF7E8FB45F030537E
:10A6500045F03850236002932060FEF7DFFB029B39
:10A660002360FEF7DBFB099B03F00F0345EA8363DE
:10A6700043F00070236002932060FEF7CFFB029B43
:10A680002360FEF7CBFB089B03F00F0345EA8363CF
:10A6900043F00070236002932060FEF7BFFB029B33
:10A6A0002360FEF7BBFB079B03F00F0345EA8363C0
:10A6B00043F00070236002932060FEF7AFFB029B23
:10A6C0002360FEF7ABFB059B03F00F0345EA8363B2
:10A6D00043F00070236002932060FEF79FFB029B13
:10A6E0002360FEF79BFB049B03F00F0345EA8363A3
:10A6F00043F00070236002932060FEF78FFB029B03
:10A700002360FEF78BFB069B45EA836343F00070F2
:10A71000236002932060FEF781FB029B2360FEF71B
:10A720007DFB6368039923F0705363603368C3B1A2
:10A7300045F000730020236000BF00BF00BF00BFD2
:10A7400000BF00BF00BF00BF256000BF00BF00BF4B
:10A7500000BF00BF00BF00BF00BF013032688242AF
:10A76000E9D8BAF1000F62D00AEB010E45F0007291
:10A77000481E0EF1FF3E226000BF00BF00BF00BFB9
:10A7800000BF00BF00BF00BFD4F808C0256000BFF5
:10A7900000BF00BF00BF00BF00BF00BF00BF2260FE
:10A7A00000BF00BF00BF00BF00BF00BF00BF00BFB1
:10A7B000A368256000BF00BF00BF00BF00BF00BF8F
:10A7C00000BF00BF4FEA9C6CC3F3836343EA0C13E2
:10A7D00000F8013F7045CED1DBF80030236063689C
:10A7E00043F07D536360D8F8003033B1002000BFE0
:10A7F0000130D8F800309842F9D3019BB3EB0A033B
:10A80000019320D0D14451444FEA195309934FEAA0
:10A81000194308934FEA193307934FEA1923059315
:10A820004FEA1913049309F00F030693E0E6DBF8EF
:10A8300000302360636843F07D536360D8F80030D4
:10A84000002BD3D1D4E60BB0BDE8F08F704700BF2A
:10A85000D4B20220582D002000C00042502D00200C
:10A86000542D0020CCB20220D8B20220F8B5074601
:10A870000E460724104D46FA04F39B0603F080634E
:10A880003B4343F000722B602A6000BF00BF00BF53
:10A8900000BF00BF00BF00BF00BF00BF00BF00BFC0
:10A8A00000BF2B6000BF00BF00BF00BFFEF7B6FABD
:10A8B000013CE0D2F8BD00BF00C000422DE9F04FDE
:10A8C00085B0CDE90021002A6ED0C3B283463B4F4C
:10A8D000040C060ADFF8F880DFF8F8A00393DAF832
:10A8E0000430374A43F07D53364D1268CAF80430BD
:10A8F000009B934228BF1346334A9946334B126854
:10A900001B681D4325EA020525F0785545F04055A2
:10A91000CAF800503A683AB1002300BF01333A68E0
:10A920009342FAD3294B1B68022128460293FFF772
:10A930009DFFE1B22846FFF799FF2846F1B2FFF7E5
:10A9400095FF03992846FFF791FF029BB9F1000F8D
:10A950002DD0019A029309EB0204561E013C16F811
:10A96000011F2846FFF782FFA642F8D1029BCAF8D2
:10A970000030D8F8003033B1002300BF0133D8F8DD
:10A9800000209342F9D3009BB3EB090300930BD053
:10A99000019BCB444B444FEA1B444FEA1B260193D7
:10A9A0005FFA8BF303939AE705B0BDE8F08FCAF81E
:10A9B0000030D8F80030002BDED190E7D4B202206E
:10A9C000502D002000014001542D0020CCB2022067
:10A9D000D8B2022000C000422DE9F04F85B00092AD
:10A9E000002A00F099800B468146C1B2514A524F6D
:10A9F0004FEA104B4FEA102A504E514C01916168BA
:10AA0000504841F07D51504D00686160009981428D
:10AA100028BF0146884611680D434C49096825EA5C
:10AA2000010525F0785545F040502060396839B16E
:10AA30004FF0000C00BF0CF1010C39688C45F9D3C4
:10AA4000032103930290FFF711FF5FFA8BF1029845
:10AA5000FFF70CFF02985FFA8AF1FFF707FFDDE9C5
:10AA60000110FFF703FF6168029821F00061314A8D
:10AA7000039B6160B8F1000F51D008EB030B45F068
:10AA8000485503F1FF3A0BF1FF3B4FF0080C4FF034
:10AA9000000E256000BF00BF00BF00BF00BF00BFA9
:10AAA00000BF00BF00BF00BF00BF00BFA1682060A3
:10AAB000C1F3C06141EA4E0E00BF00BF00BF00BF3E
:10AAC00000BF00BF00BF00BF00BF00BF00BF00BF8E
:10AAD000BCF1010CDDD10AF801EFDA45D5D11168DE
:10AAE0002160616841F07D516160316829B10021C8
:10AAF00000BF013130688142FAD30099B1EB0801FF
:10AB0000009109D0C14443445FFA89F14FEA194BDF
:10AB10004FEA192A019172E705B0BDE8F08F11687C
:10AB20002160616841F07D51616031680029DED1AA
:10AB300065E700BFCCB20220D4B20220D8B2022016
:10AB400000C00042502D002000014001542D002083
:10AB5000002A00F0DF800B46010C2DE9F04F87B092
:10AB60008146DFF8CCA10191010A6B4F0091C1B27F
:10AB70006A4E6B4D6B4C02916B486168006841F006
:10AB80007D519042616028BF1046DAF8001080467F
:10AB900041F00121654841F48001006821EA000C80
:10ABA0002CF0785B4BF040502060396839B14FF0A1
:10ABB000000C00BF0CF1010C39688C45F9D30B2156
:10ABC0000390CDE90432FFF751FE9DF8041003987D
:10ABD000FFF74CFE9DF800100398FFF747FEDDE9F4
:10ABE0000210FFF743FE6168059A21F00061616081
:10ABF0003168DDE9030321B34BF048514FF0000CFD
:10AC00009E46216000BF00BF00BF00BF00BF00BF65
:10AC100000BF00BF00BF00BF00BF00BF206000BF7B
:10AC200000BF00BF00BF00BF00BF00BF00BF00BF2C
:10AC300000BF00BF00BF0CF1010C33686345E0D8D2
:10AC40007346B8F1000F57D04BF0485C194608EB3B
:10AC5000030B03F1FF3E63468C460BF1FF3BCDE94E
:10AC600000894FF008084FF00009236000BF00BFC3
:10AC700000BF00BF00BF00BF00BF00BF00BF00BFDC
:10AC800000BF00BFA1682060C1F3C06141EA49096B
:10AC900000BF00BF00BF00BF00BF00BF00BF00BFBC
:10ACA00000BF00BF00BF00BFB8F10108DDD10EF842
:10ACB000019FDE45D5D1DAF800106346DDE9008951
:10ACC0002160616841F07D516160296829B10021EE
:10ACD00000BF013128688142FAD3B2EB080216D0D6
:10ACE000C14443444FEA194101914FEA19210091AF
:10ACF0005FFA89F102913FE7DAF80010216061689C
:10AD000041F07D51616029680029E0D134E707B046
:10AD1000BDE8F08F704700BFD4B20220602D002044
:10AD2000D8B2022000C00042502D0020542D002037
:10AD3000CCB20220F8B507460E460724114D46FA5C
:10AD400004F39B0603F080633B4343F000722B60E7
:10AD50002A6000BF00BF00BF00BF00BF00BF00BF30
:10AD600000BF00BF00BF00BF00BF00BF2B6000BF1F
:10AD700000BF00BF00BF00BFFEF750F8013CDED2AD
:10AD8000F8BD00BF00C000422DE9F04F85B0CDE90D
:10AD90000021002A6ED0C3B283463B4F040C060A42
:10ADA000DFF8F880DFF8F8A00393DAF80430374AC8
:10ADB00043F07D53364D1268CAF80430009B93422D
:10ADC00028BF1346334A9946334B12681B681D430C
:10ADD00025EA020525F0785545F04055CAF800509F
:10ADE0003A683AB1002300BF01333A689342FAD37C
:10ADF000294B1B68022128460293FFF79BFFE1B213
:10AE00002846FFF797FF2846F1B2FFF793FF039913
:10AE10002846FFF78FFF029BB9F1000F2DD0019A52
:10AE2000029309EB0204561E013C16F8011F284646
:10AE3000FFF780FFA642F8D1029BCAF80030D8F88D
:10AE4000003033B1002300BF0133D8F80020934213
:10AE5000F9D3009BB3EB090300930BD0019BCB44C8
:10AE60004B444FEA1B444FEA1B2601935FFA8BF3D6
:10AE700003939AE705B0BDE8F08FCAF80030D8F820
:10AE80000030002BDED190E7D4B20220502D0020FC
:10AE900000014001542D0020CCB20220D8B2022083
:10AEA00000C000422DE9F04F85B00092002A00F06A
:10AEB0009B800B468146C1B2524A534F4FEA104B1A
:10AEC0004FEA102A514E524C01916168514841F0AD
:10AED0007D51514D006861600099814228BF014653
:10AEE000884611680D434D49096825EA010525F09A
:10AEF000785545F040502060396839B14FF0000C6A
:10AF000000BF0CF1010C39688C45F9D30321039380
:10AF10000290FFF70FFF5FFA8BF10298FFF70AFF2D
:10AF200002985FFA8AF1FFF705FFDDE90110FFF7EC
:10AF300001FF6168029821F00061324A039B616061
:10AF4000B8F1000F53D008EB030B45F0485503F15F
:10AF5000FF3A0BF1FF3B4FF0080C4FF0000E25605D
:10AF600000BF00BF00BF00BF00BF00BF00BF00BFE9
:10AF700000BF00BF00BF00BF00BFA1682060C1F3D9
:10AF8000C06141EA4E0E00BF00BF00BF00BF00BF5E
:10AF900000BF00BF00BF00BF00BF00BF00BF00BFB9
:10AFA000BCF1010CDBD10AF801EFDA45D3D111680D
:10AFB0002160616841F07D516160316829B10021F3
:10AFC00000BF013130688142FAD30099B1EB08012A
:10AFD000009109D0C14443445FFA89F14FEA194B0B
:10AFE0004FEA192A019170E705B0BDE8F08F1168AA
:10AFF0002160616841F07D51616031680029DED1D6
:10B0000063E700BFCCB20220D4B20220D8B2022043
:10B0100000C00042502D002000014001542D0020AE
:10B02000002A00F0E4800B46010C2DE9F04F87B0B8
:10B030008146DFF8D4A10191010A6D4F0091C1B2A0
:10B040006C4E6D4D6D4C02916D486168006841F029
:10B050007D519042616028BF1046DAF800108046AA
:10B0600041F00121674841F48001006821EA000CA9
:10B070002CF0785B4BF040502060396839B14FF0CC
:10B08000000C00BF0CF1010C39688C45F9D30B2181
:10B090000390CDE90432FFF74DFE9DF804100398AC
:10B0A000FFF748FE9DF800100398FFF743FEDDE927
:10B0B0000210FFF73FFE6168059A21F000616160B0
:10B0C0003168DDE90303002926D04BF048514FF0E9
:10B0D000000C9E46216000BF00BF00BF00BF00BF44
:10B0E00000BF00BF00BF00BF00BF00BF00BF00BF68
:10B0F000206000BF00BF00BF00BF00BF00BF00BF97
:10B1000000BF00BF00BF00BF00BF00BF0CF1010CBB
:10B1100033686345DED87346B8F1000F59D04BF061
:10B12000485C194608EB030B03F1FF3E63468C466F
:10B130000BF1FF3BCDE900894FF008084FF0000903
:10B14000236000BF00BF00BF00BF00BF00BF00BF43
:10B1500000BF00BF00BF00BF00BF00BFA1682060EC
:10B16000C1F3C06141EA490900BF00BF00BF00BF91
:10B1700000BF00BF00BF00BF00BF00BF00BF00BFD7
:10B1800000BFB8F10108DBD10EF8019FDE45D3D135
:10B19000DAF800106346DDE900892160616841F05A
:10B1A0007D516160296829B1002100BF0131286803
:10B1B0008142FAD3B2EB080216D0C14443444FEAAD
:10B1C000194101914FEA192100915FFA89F1029129
:10B1D0003AE7DAF800102160616841F07D51616062
:10B1E00029680029E0D12FE707B0BDE8F08F70474C
:10B1F000D4B20220602D0020D8B2022000C000424C
:10B20000502D0020542D0020CCB20220F8B5074666
:10B210000E460724124D46FA04F39B0603F08063A2
:10B220003B4343F000722B602A6000BF00BF00BFA9
:10B2300000BF00BF00BF00BF00BF00BF00BF00BF16
:10B2400000BF00BF00BF2B6000BF00BF00BF00BF3A
:10B2500000BF00BFFDF7E2FD013CDCD2F8BD00BF3E
:10B2600000C000422DE9F04F85B0CDE90021002A51
:10B270006ED0C3B283463B4F040C060ADFF8F88059
:10B28000DFF8F8A00393DAF80430374A43F07D532F
:10B29000364D1268CAF80430009B934228BF13460B
:10B2A000334A9946334B12681B681D4325EA020551
:10B2B00025F0785545F04055CAF800503A683AB143
:10B2C000002300BF01333A689342FAD3294B1B682D
:10B2D000022128460293FFF799FFE1B22846FFF7C3
:10B2E00095FF2846F1B2FFF791FF03992846FFF733
:10B2F0008DFF029BB9F1000F2DD0019A029309EB4B
:10B300000204561E013C16F8011F2846FFF77EFF77
:10B31000A642F8D1029BCAF80030D8F8003033B109
:10B32000002300BF0133D8F800209342F9D3009BDB
:10B33000B3EB090300930BD0019BCB444B444FEA82
:10B340001B444FEA1B2601935FFA8BF303939AE7A2
:10B3500005B0BDE8F08FCAF80030D8F80030002BF7
:10B36000DED190E7D4B20220502D00200001400130
:10B37000542D0020CCB20220D8B2022000C00042DE
:10B380002DE9F04F85B00092002A00F09D800B4619
:10B39000544A010C544F4FEA102A544E544C8146E3
:10B3A0005FFA80FB01916168524841F07D51524D36
:10B3B000006861600099814228BF01468846116893
:10B3C0000D434E49096825EA010525F0785545F0F9
:10B3D00040502060396839B14FF0000C00BF0CF1CB
:10B3E000010C39688C45F9D3032103930290FFF7D0
:10B3F0000DFF9DF804100298FFF708FF02985FFA0E
:10B400008AF1FFF703FF59460298FFF7FFFE6168D4
:10B41000029821F00061334A039B6160B8F1000F8C
:10B4200055D008EB030B45F0485503F1FF3A0BF1FB
:10B43000FF3B4FF0080C4FF0000E256000BF00BF2F
:10B4400000BF00BF00BF00BF00BF00BF00BF00BF04
:10B4500000BF00BF00BF00BFA1682060C1F3C06192
:10B4600041EA4E0E00BF00BF00BF00BF00BF00BFDB
:10B4700000BF00BF00BF00BF00BF00BF00BF00BFD4
:10B48000BCF1010CD9D10AF801EFDA45D1D111682C
:10B490002160616841F07D516160316829B100210E
:10B4A00000BF013130688142FAD30099B1EB080145
:10B4B000009109D0C14443444FEA19414FEA192A87
:10B4C0005FFA89FB01916EE705B0BDE8F08F116866
:10B4D0002160616841F07D51616031680029DED1F1
:10B4E00061E700BFCCB20220D4B20220D8B2022061
:10B4F00000C00042502D002000014001542D0020CA
:10B50000002A00F0E8800B46010C2DE9F04F87B0CF
:10B510008146DFF8DCA10191010A6F4F0091C1B2B1
:10B520006E4E6F4D6F4C02916F486168006841F03C
:10B530007D519042616028BF1046DAF800108046C5
:10B5400041F00121694841F48001006821EA000CC2
:10B550002CF0785B4BF040502060396839B14FF0E7
:10B56000000C00BF0CF1010C39688C45F9D30B219C
:10B570000390CDE90432FFF749FE9DF804100398CB
:10B58000FFF744FE9DF800100398FFF73FFEDDE94A
:10B590000210FFF73BFE6168059A21F000616160CF
:10B5A0003168DDE90303002928D04BF048514FF002
:10B5B000000C9E46216000BF00BF00BF00BF00BF5F
:10B5C00000BF00BF00BF00BF00BF00BF00BF00BF83
:10B5D00000BF206000BF00BF00BF00BF00BF00BFB2
:10B5E00000BF00BF00BF00BF00BF00BF00BF00BF63
:10B5F0000CF1010C33686345DCD87346B8F1000FD9
:10B600005BD04BF0485C194608EB030B03F1FF3E9F
:10B6100063468C460BF1FF3BCDE900894FF00808EB
:10B620004FF00009236000BF00BF00BF00BF00BF94
:10B6300000BF00BF00BF00BF00BF00BF00BF00BF12
:10B6400000BFA1682060C1F3C06141EA490900BFA1
:10B6500000BF00BF00BF00BF00BF00BF00BF00BFF2
:10B6600000BF00BF00BF00BF00BFB8F10108D9D1C3
:10B670000EF8019FDE45D1D1DAF800106346DDE90E
:10B6800000892160616841F07D516160296829B1BC
:10B69000002100BF013128688142FAD3B2EB0802D1
:10B6A00016D0C14443444FEA194101914FEA192190
:10B6B00000915FFA89F1029136E7DAF80010216013
:10B6C000616841F07D51616029680029E0D12BE774
:10B6D00007B0BDE8F08F7047D4B20220602D002083
:10B6E000D8B2022000C00042502D0020542D00206E
:10B6F000CCB202202DE9F04180460F460725124EBC
:10B7000047FA05F4A40604F0806444EA080444F00F
:10B7100000733460336000BF00BF00BF00BF00BFD4
:10B7200000BF00BF00BFFDF779FB346000BF00BF62
:10B7300000BF00BF00BF00BF00BF00BFFDF76EFB32
:10B74000013DDDD2BDE8F08100C000422DE9F04F9F
:10B7500085B0CDE90021002A6ED0C3B283463B4FAD
:10B76000040C060ADFF8F880DFF8F8A00393DAF893
:10B770000430374A43F07D53364D1268CAF804301E
:10B78000009B934228BF1346334A9946334B1268B5
:10B790001B681D4325EA020525F0785545F0405504
:10B7A000CAF800503A683AB1002300BF01333A6842
:10B7B0009342FAD3294B1B68022128460293FFF7D4
:10B7C00099FFE1B22846FFF795FF2846F1B2FFF74F
:10B7D00091FF03992846FFF78DFF029BB9F1000FF7
:10B7E0002DD0019A029309EB0204561E013C16F873
:10B7F000011F2846FFF77EFFA642F8D1029BCAF838
:10B800000030D8F8003033B1002300BF0133D8F83E
:10B8100000209342F9D3009BB3EB090300930BD0B4
:10B82000019BCB444B444FEA1B444FEA1B26019338
:10B830005FFA8BF303939AE705B0BDE8F08FCAF87F
:10B840000030D8F80030002BDED190E7D4B20220CF
:10B85000502D002000014001542D0020CCB20220C8
:10B86000D8B2022000C000422DE9F04F85B000920E
:10B87000002A00F0A1800B46564A010C564F4FEAB1
:10B88000102A564E564C81465FFA80FB0191616842
:10B89000544841F07D51544D0068616000998142E7
:10B8A00028BF0146884611680D435049096825EABA
:10B8B000010525F0785545F040502060396839B1D0
:10B8C0004FF0000C00BF0CF1010C39688C45F9D326
:10B8D000032103930290FFF70DFF9DF804100298D7
:10B8E000FFF708FF02985FFA8AF1FFF703FF594656
:10B8F0000298FFF7FFFE6168029821F00061354A67
:10B90000039B6160B8F1000F59D008EB030B45F0C1
:10B91000485503F1FF3A0BF1FF3B4FF0080C4FF095
:10B92000000E256000BF00BF00BF00BF00BF00BF0A
:10B9300000BF00BF00BF00BF00BF00BF00BF00BF0F
:10B9400000BF00BFA1682060C1F3C06141EA4E0E94
:10B9500000BF00BF00BF00BF00BF00BF00BF00BFEF
:10B9600000BF00BF00BF00BF00BF00BF00BF00BFDF
:10B97000BCF1010CD5D10AF801EFDA45CDD111683F
:10B980002160616841F07D516160316829B1002119
:10B9900000BF013130688142FAD30099B1EB080150
:10B9A000009109D0C14443444FEA19414FEA192A92
:10B9B0005FFA89FB01916AE705B0BDE8F08F116875
:10B9C0002160616841F07D51616031680029DED1FC
:10B9D0005DE700BFCCB20220D4B20220D8B2022070
:10B9E00000C00042502D002000014001542D0020D5
:10B9F000002A00F0F0800B46010C2DE9F04F87B0D3
:10BA00008146DFF8ECA10191010A734F0091C1B2A8
:10BA1000724E734D734C029173486168006841F037
:10BA20007D519042616028BF1046DAF800108046D0
:10BA300041F001216D4841F48001006821EA000CC9
:10BA40002CF0785B4BF040502060396839B14FF0F2
:10BA5000000C00BF0CF1010C39688C45F9D30B21A7
:10BA60000390CDE90432FFF745FE9DF804100398DA
:10BA7000FFF740FE9DF800100398FFF73BFEDDE95D
:10BA80000210FFF737FE6168059A21F000616160DE
:10BA90003168DDE9030300292CD04BF048514FF009
:10BAA000000C9E46216000BF00BF00BF00BF00BF6A
:10BAB00000BF00BF00BF00BF00BF00BF00BF00BF8E
:10BAC00000BF00BF00BF206000BF00BF00BF00BFBD
:10BAD00000BF00BF00BF00BF00BF00BF00BF00BF6E
:10BAE00000BF00BF00BF00BF0CF1010C336863450D
:10BAF000D8D87346B8F1000F5FD04BF0485C1946B8
:10BB000008EB030B03F1FF3E63468C460BF1FF3B52
:10BB1000CDE900894FF008084FF00009236000BF0D
:10BB200000BF00BF00BF00BF00BF00BF00BF00BF1D
:10BB300000BF00BF00BF00BF00BF00BF00BFA168C3
:10BB40002060C1F3C06141EA490900BF00BF00BFE6
:10BB500000BF00BF00BF00BF00BF00BF00BF00BFED
:10BB600000BF00BF00BF00BF00BFB8F10108D5D1C2
:10BB70000EF8019FDE45CDD1DAF800106346DDE90D
:10BB800000892160616841F07D516160296829B1B7
:10BB9000002100BF013128688142FAD3B2EB0802CC
:10BBA00016D0C14443444FEA194101914FEA19218B
:10BBB00000915FFA89F102912EE7DAF80010216016
:10BBC000616841F07D51616029680029E0D123E777
:10BBD00007B0BDE8F08F7047D4B20220602D00207E
:10BBE000D8B2022000C00042502D0020542D002069
:10BBF000CCB202202DE9F04180460F460725144EB5
:10BC000047FA05F4A40604F0806444EA080444F00A
:10BC100000733460336000BF00BF00BF00BF00BFCF
:10BC200000BF00BF00BF00BF00BFFDF7F7F83460E2
:10BC300000BF00BF00BF00BF00BF00BF00BF00BF0C
:10BC400000BF00BFFDF7EAF8013DD9D2BDE8F081A1
:10BC500000C000422DE9F04F85B0CDE90021002A57
:10BC60006ED0C3B283463B4F040C060ADFF8F8805F
:10BC7000DFF8F8A00393DAF80430374A43F07D5335
:10BC8000364D1268CAF80430009B934228BF134611
:10BC9000334A9946334B12681B681D4325EA020557
:10BCA00025F0785545F04055CAF800503A683AB149
:10BCB000002300BF01333A689342FAD3294B1B6833
:10BCC000022128460293FFF795FFE1B22846FFF7CD
:10BCD00091FF2846F1B2FFF78DFF03992846FFF741
:10BCE00089FF029BB9F1000F2DD0019A029309EB55
:10BCF0000204561E013C16F8011F2846FFF77AFF82
:10BD0000A642F8D1029BCAF80030D8F8003033B10F
:10BD1000002300BF0133D8F800209342F9D3009BE1
:10BD2000B3EB090300930BD0019BCB444B444FEA88
:10BD30001B444FEA1B2601935FFA8BF303939AE7A8
:10BD400005B0BDE8F08FCAF80030D8F80030002BFD
:10BD5000DED190E7D4B20220502D00200001400136
:10BD6000542D0020CCB20220D8B2022000C00042E4
:10BD70002DE9F04F85B00092002A00F0A5800B4617
:10BD8000584A010C584F4FEA102A584E584C8146D9
:10BD90005FFA80FB01916168564841F07D51564D34
:10BDA000006861600099814228BF01468846116899
:10BDB0000D435249096825EA010525F0785545F0FB
:10BDC00040502060396839B14FF0000C00BF0CF1D1
:10BDD000010C39688C45F9D3032103930290FFF7D6
:10BDE00009FF9DF804100298FFF704FF02985FFA1C
:10BDF0008AF1FFF7FFFE59460298FFF7FBFE6168E4
:10BE0000029821F00061374A039B6160B8F1000F8E
:10BE10005DD008EB030B45F0485503F1FF3A0BF1F9
:10BE2000FF3B4FF0080C4FF0000E256000BF00BF35
:10BE300000BF00BF00BF00BF00BF00BF00BF00BF0A
:10BE400000BF00BF00BF00BF00BF00BF00BF00BFFA
:10BE5000A1682060C1F3C06141EA4E0E00BF00BF7F
:10BE600000BF00BF00BF00BF00BF00BF00BF00BFDA
:10BE700000BF00BF00BF00BF00BF00BF00BF00BFCA
:10BE8000BCF1010CD1D10AF801EFDA45C9D1116832
:10BE90002160616841F07D516160316829B1002104
:10BEA00000BF013130688142FAD30099B1EB08013B
:10BEB000009109D0C14443444FEA19414FEA192A7D
:10BEC0005FFA89FB019166E705B0BDE8F08F116864
:10BED0002160616841F07D51616031680029DED1E7
:10BEE00059E700BFCCB20220D4B20220D8B202205F
:10BEF00000C00042502D002000014001542D0020C0
:10BF0000002A00F0F8800B46010C2DE9F04F87B0B5
:10BF10008146DFF8FCA10291010A774F0191C1B27D
:10BF2000764E774D774C009177486168006841F014
:10BF30007D519042616028BF1046DAF800108046BB
:10BF400041F00121714841F48001006821EA000CB0
:10BF50002CF0785B4BF040502060396839B14FF0DD
:10BF6000000C00BF0CF1010C39688C45F9D30B2192
:10BF70000390CDE90432FFF73DFE9DF808100398C9
:10BF8000FFF738FE9DF804100398FFF733FE009981
:10BF90000398FFF72FFE6168059A21F00061616048
:10BFA0003168DDE90303002930D04BF048514FF0F0
:10BFB000000C9E46216000BF00BF00BF00BF00BF55
:10BFC00000BF00BF00BF00BF00BF00BF00BF00BF79
:10BFD00000BF00BF00BF00BF00BF206000BF00BFA8
:10BFE00000BF00BF00BF00BF00BF00BF00BF00BF59
:10BFF00000BF00BF00BF00BF00BF00BF00BF00BF49
:10C000000CF1010C33686345D4D87346B8F1000FC6
:10C0100063D04BF0485C194608EB030B03F1FF3E7D
:10C0200063468C460BF1FF3BCDE900894FF00808D1
:10C030004FF00009236000BF00BF00BF00BF00BF7A
:10C0400000BF00BF00BF00BF00BF00BF00BF00BFF8
:10C0500000BF00BF00BF00BF00BFA1682060C1F3E8
:10C06000C06141EA490900BF00BF00BF00BF00BF77
:10C0700000BF00BF00BF00BF00BF00BF00BF00BFC8
:10C0800000BF00BF00BF00BF00BFB8F10108D1D1A1
:10C090000EF8019FDE45C9D1DAF800106346DDE9EC
:10C0A00000892160616841F07D516160296829B192
:10C0B000002100BF013128688142FAD3B2EB0802A7
:10C0C00016D0C14443444FEA194102914FEA192165
:10C0D00001915FFA89F1009126E7DAF800102160FA
:10C0E000616841F07D51616029680029E0D11BE75A
:10C0F00007B0BDE8F08F7047D4B20220602D002059
:10C10000D8B2022000C00042502D0020542D002043
:10C11000CCB202202DE9F04F89B00092002A00F045
:10C120002181030D89460746DFF860A20793030CBF
:10C1300091490693030B914D0593030A904E039387
:10C140000309904C029300F00F03049363688E4A36
:10C1500043F07D5312686360009B934228BF1346EF
:10C160000A689846DAF8003043F0012343F480036C
:10C1700023EA020323F0785BC4F800B02A682AB1EE
:10C18000002000BF01302B689842FAD34BF0406288
:10C190004BF0606022600192206000BFFCF73EFE21
:10C1A000019A226000BFFCF739FE4BF000524BF0C1
:10C1B000085022600192206000BFFCF72FFE019A18
:10C1C000226000BFFCF72AFE079B03F00F024BEA38
:10C1D000826242F0007022600192206000BFFCF792
:10C1E0001DFE019A226000BFFCF718FE069B03F0BB
:10C1F0000F024BEA826242F00070226001922060DE
:10C2000000BFFCF70BFE019A226000BFFCF706FEA0
:10C21000059B03F00F024BEA826242F0007022603D
:10C220000192206000BFFCF7F9FD019A226000BF77
:10C23000FCF7F4FD039B03F00F024BEA826242F02D
:10C24000007022600192206000BFFCF7E7FD019AB8
:10C25000226000BFFCF7E2FD029B03F00F024BEAF5
:10C26000826242F0007022600192206000BFFCF701
:10C27000D5FD019A226000BFFCF7D0FD049B4BEA7C
:10C28000836242F0007022600192206000BFFCF7E0
:10C29000C5FD019A226000BFFCF7C0FD3649B8F128
:10C2A000000F62D008EB090C09F1FF300CF1FF3CE4
:10C2B00010F8013F1B094BEA836343F000722360CF
:10C2C000226000BF00BF00BF00BF00BF00BF00BFB3
:10C2D00000BF00BF236000BF00BF00BF00BF00BFA2
:10C2E00000BF00BF00BF00BF037803F00F034BEA9D
:10C2F000836343F000722360226000BF00BF00BF71
:10C3000000BF00BF00BF00BF00BF00BF236000BF71
:10C3100000BF00BF00BF00BF00BF00BF00BF00BF25
:10C320006045C5D1DAF80030236033682BB10022B4
:10C3300000BF013233689A42FAD3009BB3EB080383
:10C3400000930FD04744C1443B0D07933B0C069329
:10C350003B0B05933B0A03933B09029307F00F0342
:10C360000493F3E609B0BDE8F08FDAF800302360FB
:10C370003368002BDBD1E9E6542D0020D4B2022033
:10C38000D8B2022000C00042502D0020CCB20220C2
:10C39000002A00F06C81030D2DE9F04F8BB081462F
:10C3A000DFF870B20993030C954F0893030B954E79
:10C3B0000793030ADFF8608205930309924C049304
:10C3C00000F00F03019206936368904A43F07D5397
:10C3D00010686360019BDBF80050834245F0012543
:10C3E00028BF034645F480059A46894B1B6825EA19
:10C3F000030525F0785525603B682BB1002000BF70
:10C4000001303B689842FAD345F0605345F06850DC
:10C41000039123600293206000BFFCF7FFFC029BA6
:10C42000236000BFFCF7FAFC45F0305345F038506C
:10C4300023600293206000BFFCF7F0FC029B2360A6
:10C4400000BFFCF7EBFC099B03F00F0345EA836395
:10C4500043F0007023600293206000BFFCF7DEFC15
:10C46000029B236000BFFCF7D9FC089B03F00F037D
:10C4700045EA836343F0007023600293206000BFAD
:10C48000FCF7CCFC029B236000BFFCF7C7FC079BBA
:10C4900003F00F0345EA836343F0007023600293C7
:10C4A000206000BFFCF7BAFC029B236000BFFCF7D2
:10C4B000B5FC059B03F00F0345EA836343F000706E
:10C4C00023600293206000BFFCF7A8FC029B23605E
:10C4D00000BFFCF7A3FC049B03F00F0345EA836352
:10C4E00043F0007023600293206000BFFCF796FCCD
:10C4F000029B236000BFFCF791FC069B45EA836327
:10C5000043F0007023600293206000BFFCF786FCBC
:10C51000029B236000BFFCF781FC6368039923F052
:10C52000705363603368D3B145F00073002023601B
:10C5300000BF00BF00BF00BF00BF00BF00BF00BF03
:10C5400000BF256000BF00BF00BF00BF00BF00BF2D
:10C5500000BF00BF00BF013032688242E7D8BAF1A5
:10C56000000F75D00AEB010E45F00072481E0EF167
:10C57000FF3E226000BF00BF00BF00BF00BF00BF82
:10C5800000BF00BF00BFD4F808C0256000BF00BFD7
:10C5900000BF00BF00BF00BF00BF00BF00BF2260E0
:10C5A00000BF00BF00BF00BF00BF00BF00BF00BF93
:10C5B00000BFA368256000BF00BF00BF00BF00BF71
:10C5C00000BF00BF00BF00BF4FEA9C6CC3F3836392
:10C5D00043EA0C1300F8013F7045CAD1DBF8003084
:10C5E0002360636843F07D536360D8F80030ABB1DB
:10C5F000002000BF0130D8F800309842F9D30DE098
:10C60000D4B20220582D002000C00042502D00203E
:10C61000542D0020CCB20220D8B20220019BB3EBF3
:10C620000A03019320D0D14451444FEA195309938E
:10C630004FEA194308934FEA193307934FEA192336
:10C6400005934FEA1913049309F00F030693BBE611
:10C65000DBF800302360636843F07D536360D8F8F3
:10C660000030002BC4D1AFE60BB0BDE8F08F7047AF
:10C670002DE9F04180460F460725164E47FA05F48E
:10C68000A40604F0806444EA080444F000733460B3
:10C69000336000BF00BF00BF00BF00BF00BF00BFCE
:10C6A00000BF00BF00BF00BF00BFFCF7B7FB346096
:10C6B00000BF00BF00BF00BF00BF00BF00BF00BF82
:10C6C00000BF00BF00BF00BFFCF7A8FB013DD5D2F3
:10C6D000BDE8F08100C000422DE9F04F85B0CDE902
:10C6E0000021002A6ED0C3B283463B4F040C060AD9
:10C6F000DFF8F880DFF8F8A00393DAF80430374A5F
:10C7000043F07D53364D1268CAF80430009B9342C3
:10C7100028BF1346334A9946334B12681B681D43A2
:10C7200025EA020525F0785545F04055CAF8005035
:10C730003A683AB1002300BF01333A689342FAD312
:10C74000294B1B68022128460293FFF791FFE1B2B3
:10C750002846FFF78DFF2846F1B2FFF789FF0399BE
:10C760002846FFF785FF029BB9F1000F2DD0019AF3
:10C77000029309EB0204561E013C16F8011F2846DD
:10C78000FFF776FFA642F8D1029BCAF80030D8F82E
:10C79000003033B1002300BF0133D8F800209342AA
:10C7A000F9D3009BB3EB090300930BD0019BCB445F
:10C7B0004B444FEA1B444FEA1B2601935FFA8BF36D
:10C7C00003939AE705B0BDE8F08FCAF80030D8F8B7
:10C7D0000030002BDED190E7D4B20220502D002093
:10C7E00000014001542D0020CCB20220D8B202201A
:10C7F00000C000422DE9F04F85B00092002A00F001
:10C80000A9800B465A4A010C5A4F4FEA102A5A4E39
:10C810005A4C81465FFA80FB01916168584841F0AB
:10C820007D51584D006861600099814228BF0146E2
:10C83000884611680D435449096825EA010525F029
:10C84000785545F040502060396839B14FF0000C00
:10C8500000BF0CF1010C39688C45F9D30321039317
:10C860000290FFF705FF9DF804100298FFF700FF04
:10C8700002985FFA8AF1FFF7FBFE59460298FFF72C
:10C88000F7FE6168029821F00061394A039B6160FC
:10C89000B8F1000F61D008EB030B45F0485503F1E8
:10C8A000FF3A0BF1FF3B4FF0080C4FF0000E2560F4
:10C8B00000BF00BF00BF00BF00BF00BF00BF00BF80
:10C8C00000BF00BF00BF00BF00BF00BF00BF00BF70
:10C8D00000BF00BF00BF00BFA1682060C1F3C061FE
:10C8E00041EA4E0E00BF00BF00BF00BF00BF00BF47
:10C8F00000BF00BF00BF00BF00BF00BF00BF00BF40
:10C9000000BF00BF00BF00BF00BF00BFBCF1010CF3
:10C91000CDD10AF801EFDA45C5D11168216061680F
:10C9200041F07D516160316829B1002100BF0131C2
:10C9300030688142FAD30099B1EB0801009109D027
:10C94000C14443444FEA19414FEA192A5FFA89FB6F
:10C95000019162E705B0BDE8F08F11682160616860
:10C9600041F07D51616031680029DED155E700BF9B
:10C97000CCB20220D4B20220D8B2022000C00042C1
:10C98000502D002000014001542D0020002A00F00D
:10C9900000810B46010C2DE9F04F87B08146DFF88E
:10C9A0000CA20291010A7B4F0191C1B27A4E7B4DDC
:10C9B0007B4C00917B486168006841F07D5190425A
:10C9C000616028BF1046DAF80010804641F001216E
:10C9D000754841F48001006821EA000121F0785B8C
:10C9E0004BF040502060396839B14FF0000C00BF67
:10C9F0000CF1010C39688C45F9D30B210390CDE97A
:10CA00000432FFF735FE9DF808100398FFF730FE5B
:10CA10009DF804100398FFF72BFE00990398FFF789
:10CA200027FE6168059A21F0006161603168DDE9E7
:10CA30000303002934D04BF048514FF0000C9E46C0
:10CA4000216000BF00BF00BF00BF00BF00BF00BF2C
:10CA500000BF00BF00BF00BF00BF00BF00BF00BFDE
:10CA600000BF00BF00BF00BF00BF206000BF00BF0D
:10CA700000BF00BF00BF00BF00BF00BF00BF00BFBE
:10CA800000BF00BF00BF00BF00BF00BF00BF00BFAE
:10CA900000BF00BF0CF1010C33686345D0D873466A
:10CAA000B8F1000F67D04BF0485C194608EB030B58
:10CAB00003F1FF3E63468C460BF1FF3BCDE9008955
:10CAC0004FF008084FF00009236000BF00BF00BF0F
:10CAD00000BF00BF00BF00BF00BF00BF00BF00BF5E
:10CAE00000BF00BF00BF00BF00BF00BF00BF00BF4E
:10CAF00000BFA1682060C1F3C06141EA490900BFDD
:10CB000000BF00BF00BF00BF00BF00BF00BF00BF2D
:10CB100000BF00BF00BF00BF00BF00BF00BF00BF1D
:10CB200000BF00BF00BFB8F10108CDD10EF8019FD2
:10CB3000DE45C5D1DAF800106346DDE900892160E1
:10CB4000616841F07D516160296829B1002100BF11
:10CB5000013128688142FAD3B2EB080216D0C144F1
:10CB600043444FEA194102914FEA192101915FFABA
:10CB700089F100911EE7DAF800102160616841F048
:10CB80007D51616029680029E0D113E707B0BDE855
:10CB9000F08F7047D4B20220602D0020D8B202205E
:10CBA00000C00042502D0020542D0020CCB20220A5
:10CBB0002DE9F04180460F4607251A4E47FA05F445
:10CBC000A40604F0806444EA080444F0007334606E
:10CBD000336000BF00BF00BF00BF00BF00BF00BF89
:10CBE00000BF00BF00BF00BF00BF00BF00BF00BF4D
:10CBF00000BFFCF713F9346000BF00BF00BF00BFE7
:10CC000000BF00BF00BF00BF00BF00BF00BF00BF2C
:10CC100000BF00BF00BF00BFFCF700F9013DCDD24F
:10CC2000BDE8F08100C000422DE9F04F85B0CDE9AC
:10CC30000021002A6ED0C3B283463B4F040C060A83
:10CC4000DFF8F880DFF8F8A00393DAF80430374A09
:10CC500043F07D53364D1268CAF80430009B93426E
:10CC600028BF1346334A9946334B12681B681D434D
:10CC700025EA020525F0785545F04055CAF80050E0
:10CC80003A683AB1002300BF01333A689342FAD3BD
:10CC9000294B1B68022128460293FFF789FFE1B266
:10CCA0002846FFF785FF2846F1B2FFF781FF039979
:10CCB0002846FFF77DFF029BB9F1000F2DD0019AA6
:10CCC000029309EB0204561E013C16F8011F284688
:10CCD000FFF76EFFA642F8D1029BCAF80030D8F8E1
:10CCE000003033B1002300BF0133D8F80020934255
:10CCF000F9D3009BB3EB090300930BD0019BCB440A
:10CD00004B444FEA1B444FEA1B2601935FFA8BF317
:10CD100003939AE705B0BDE8F08FCAF80030D8F861
:10CD20000030002BDED190E7D4B20220502D00203D
:10CD300000014001542D0020CCB20220D8B20220C4
:10CD400000C000422DE9F04F85B00092002A00F0AB
:10CD5000B1800B465E4A010C5E4F4FEA102A5E4ED0
:10CD60005E4C81465FFA80FB019161685C4841F04E
:10CD70007D515C4D006861600099814228BF014689
:10CD8000884611680D435849096825EA010525F0D0
:10CD9000785545F040502060396839B14FF0000CAB
:10CDA00000BF0CF1010C39688C45F9D303210393C2
:10CDB0000290FFF7FDFE9DF804100298FFF7F8FEC1
:10CDC00002985FFA8AF1FFF7F3FE59460298FFF7DF
:10CDD000EFFE6168029821F000613D4A039B6160AB
:10CDE000B8F1000F69D008EB030B45F0485503F18B
:10CDF000FF3A0BF1FF3B4FF0080C4FF0000E25609F
:10CE000000BF00BF00BF00BF00BF00BF00BF00BF2A
:10CE100000BF00BF00BF00BF00BF00BF00BF00BF1A
:10CE200000BF00BF00BF00BF00BF00BF00BF00BF0A
:10CE3000A1682060C1F3C06141EA4E0E00BF00BF8F
:10CE400000BF00BF00BF00BF00BF00BF00BF00BFEA
:10CE500000BF00BF00BF00BF00BF00BF00BF00BFDA
:10CE600000BF00BF00BF00BF00BF00BFBCF1010C8E
:10CE7000C5D10AF801EFDA45BDD1116821606168BA
:10CE800041F07D516160316829B1002100BF01315D
:10CE900030688142FAD30099B1EB0801009109D0C2
:10CEA000C14443444FEA19414FEA192A5FFA89FB0A
:10CEB00001915AE705B0BDE8F08F11682160616803
:10CEC00041F07D51616031680029DED14DE700BF3E
:10CED000CCB20220D4B20220D8B2022000C000425C
:10CEE000502D002000014001542D0020002A00F0A8
:10CEF00010810B46010C2DE9F04F87B08146DFF819
:10CF00002CA20191010A834F0291C1B2824E834D3E
:10CF1000834C009183486168006841F07D519042E4
:10CF2000616028BF1046DAF80010804641F0012108
:10CF30007D4841F48001006821EA000C2CF0785B08
:10CF40004BF040502060396839B14FF0000C00BF01
:10CF50000CF1010C39688C45F9D30B210390CDE914
:10CF60000432FFF725FE9DF804100398FFF720FE1A
:10CF70009DF808100398FFF71BFE00990398FFF730
:10CF800017FE6168059A21F0006161603168DDE992
:10CF9000030300293CD04BF048514FF0000C9E4653
:10CFA000216000BF00BF00BF00BF00BF00BF00BFC7
:10CFB00000BF00BF00BF00BF00BF00BF00BF00BF79
:10CFC00000BF00BF00BF00BF00BF00BF00BF00BF69
:10CFD00000BF206000BF00BF00BF00BF00BF00BF98
:10CFE00000BF00BF00BF00BF00BF00BF00BF00BF49
:10CFF00000BF00BF00BF00BF00BF00BF00BF00BF39
:10D0000000BF00BF0CF1010C33686345C8D87346FC
:10D01000B8F1000F6FD04BF0485C194608EB030BDA
:10D0200003F1FF3E63468C460BF1FF3BCDE90089DF
:10D030004FF008084FF00009236000BF00BF00BF99
:10D0400000BF00BF00BF00BF00BF00BF00BF00BFE8
:10D0500000BF00BF00BF00BF00BF00BF00BF00BFD8
:10D0600000BF00BF00BF00BF00BFA1682060C1F3C8
:10D07000C06141EA490900BF00BF00BF00BF00BF57
:10D0800000BF00BF00BF00BF00BF00BF00BF00BFA8
:10D0900000BF00BF00BF00BF00BF00BF00BF00BF98
:10D0A00000BF00BF00BFB8F10108C5D10EF8019F55
:10D0B000DE45BDD1DAF800106346DDE90089216064
:10D0C000616841F07D516160296829B1002100BF8C
:10D0D000013128688142FAD3B2EB080216D0C1446C
:10D0E00043444FEA194101914FEA192102915FFA35
:10D0F00089F100910EE7DAF800102160616841F0D3
:10D100007D51616029680029E0D103E707B0BDE8DF
:10D11000F08F7047D4B20220602D0020D8B20220D8
:10D1200000C00042502D0020542D0020CCB202201F
:10D13000002A00F0F380030D2DE9F04F89B09146ED
:10D1400007468A460693030C754A0593030B754DF3
:10D150000493030A744E02930309744C079300F07E
:10D160000F030393724B6168186841F07D51714B56
:10D170004845616028BF484619688046106840F0FD
:10D18000012040F4800020EA010020F0785BC4F820
:10D1900000B0296839B14FF0000C00BF0CF1010C50
:10D1A0002B689C45F9D34BF040614BF060632160E4
:10D1B0000191236000BF00BF00BFFBF72FFE019964
:10D1C000216000BF00BF00BFFBF728FE4BF00051FD
:10D1D0004BF0085321600191236000BF00BF00BFE6
:10D1E000FBF71CFE0199216000BF00BF00BFFBF7E9
:10D1F00015FE069B584603F00F01FCF783FF059BC5
:10D20000584603F00F01FCF77DFF049B584603F0DE
:10D210000F01FCF777FF029B584603F00F01FCF764
:10D2200071FF079B584603F00F01FCF76BFF039952
:10D230005846FCF767FF3A4AB8F1000F65D008EB93
:10D240000A0E0AF1FF3C0EF1FF3E1CF8013F1B09DC
:10D250004BEA836343F000712360216000BF00BF8D
:10D2600000BF00BF00BF00BF00BF00BF00BF00BFC6
:10D2700000BF236000BF00BF00BF00BF00BF00BFF2
:10D2800000BF00BF00BF00BF00BF9CF8003003F02C
:10D290000F034BEA836343F000712360216000BFFA
:10D2A00000BF00BF00BF00BF00BF00BF00BF00BF86
:10D2B00000BF00BF236000BF00BF00BF00BF00BFB2
:10D2C00000BF00BF00BF00BF00BF00BFF445BCD11E
:10D2D00011682160316829B1002100BF0131336834
:10D2E0009942FAD3B9EB080915D04744C2443B0D23
:10D2F00006933B0C05933B0B04933B0A02933B09BB
:10D30000079307F00F0303932CE71168216031683E
:10D310000029E1D126E709B0BDE8F08F704700BFD2
:10D32000CCB20220D4B20220D8B2022000C0004207
:10D33000502D0020542D00202DE9F04F89B000928F
:10D34000002A00F02781030D81468B46994F0793F1
:10D35000030C994E0693030BDFF870820593030AC2
:10D36000964C03930309029300F00F030493636840
:10D37000934A43F07D5311686360924B009A18689A
:10D380008A42914B40F0012028BF0A46196840F4B8
:10D39000800020EA010020F078552560396839B115
:10D3A0004FF0000C00BF0CF1010C3B689C45F9D319
:10D3B00045F0605A45F068530192C4F800A023601C
:10D3C00000BF00BFFBF72AFDC4F800A000BF00BFEC
:10D3D000FBF724FD45F0305A45F03853C4F800A05F
:10D3E000236000BF00BFFBF719FDC4F800A000BF19
:10D3F00000BFFBF713FD079B03F00F0145EA816AAD
:10D400004AF00073C4F800A0236000BF00BFFBF720
:10D4100005FDC4F800A000BF00BFFBF7FFFC069BA2
:10D4200003F00F0145EA816A4AF00073C4F800A0D6
:10D43000236000BF00BFFBF7F1FCC4F800A000BFF1
:10D4400000BFFBF7EBFC059B284603F00F01FBF741
:10D45000EFFC039B284603F00F01FBF7E9FC029B5E
:10D46000284603F00F01FBF7E3FC04992846FBF77D
:10D47000DFFC6168019A21F0705161603168F1B19F
:10D4800045F000734FF0000C236000BF00BF00BFE9
:10D4900000BF00BF00BF00BF00BF00BF00BF2560CE
:10D4A00000BF00BF00BF00BF00BF00BF00BF00BF84
:10D4B00000BF00BF0CF1010C31686145E4D8002ABF
:10D4C0006BD002EB0B0A45F000730BF1FF3C0AF145
:10D4D000FF3A236000BF00BF00BF00BF00BF00BF16
:10D4E00000BF00BF00BF00BFA068256000BF00BF35
:10D4F00000BF00BF00BF00BF00BF00BF00BF00BF34
:10D50000236000BF00BF00BF00BF00BF00BF00BF5F
:10D5100000BF00BF00BFA168256000BF00BF00BF03
:10D5200000BF00BF00BF00BF00BF00BF00BF800E34
:10D53000C1F3836141EA00110CF8011FD445C8D141
:10D54000204B19682160616841F07D516160D8F815
:10D55000001031B1002100BF0131D8F800309942EC
:10D56000F9D3009B9B1A009314D0914493444FEA43
:10D57000195307934FEA194306934FEA193305935A
:10D580004FEA192303934FEA1913029309F00F038B
:10D590000493ECE609B0BDE8F08F0A4B19682160EE
:10D5A000616841F07D516160D8F800100029D1D147
:10D5B000DDE600BFD4B20220582D002000C000429A
:10D5C000502D0020CCB20220542D0020D8B20220D1
:10D5D0002DE9F04F89B00092002A00F03581030D4B
:10D5E00089460746DFF888A20793030C9B490693F8
:10D5F000030B9B4D0593030A9A4E039303099A4C20
:10D60000029300F00F0304936368984A43F07D533C
:10D6100012686360009B934228BF13460A689846CD
:10D62000DAF8003043F0012343F4800323EA0203D5
:10D6300023F0785BC4F800B02A682AB1002000BF4C
:10D6400001302B689842FAD34BF040624BF0606097
:10D6500022600192206000BF00BFFBF7DFFB019A50
:10D66000226000BF00BFFBF7D9FB4BF000524BF02C
:10D67000085022600192206000BF00BFFBF7CEFB84
:10D68000019A226000BF00BFFBF7C8FB079B03F0B5
:10D690000F024BEA826242F0007022600192206029
:10D6A00000BF00BFFBF7BAFB019A226000BF00BFBA
:10D6B000FBF7B4FB069B03F00F024BEA826242F0D9
:10D6C000007022600192206000BF00BFFBF7A6FB44
:10D6D000019A226000BF00BFFBF7A0FB059B03F08F
:10D6E0000F024BEA826242F00070226001922060D9
:10D6F00000BF00BFFBF792FB019A226000BF00BF92
:10D70000FBF78CFB039B03F00F024BEA826242F0B3
:10D71000007022600192206000BF00BFFBF77EFB1B
:10D72000019A226000BF00BFFBF778FB029B03F069
:10D730000F024BEA826242F0007022600192206088
:10D7400000BF00BFFBF76AFB019A226000BF00BF69
:10D75000FBF764FB049B4BEA836242F0007022609B
:10D760000192206000BF00BFFBF758FB019A2260C6
:10D7700000BF00BFFBF752FB3849B8F1000F66D07D
:10D7800008EB090C09F1FF300CF1FF3C10F8013FE8
:10D790001B094BEA836343F000722360226000BFE1
:10D7A00000BF00BF00BF00BF00BF00BF00BF00BF81
:10D7B00000BF236000BF00BF00BF00BF00BF00BFAD
:10D7C00000BF00BF00BF00BF037803F00F034BEAA8
:10D7D000836343F000722360226000BF00BF00BF7C
:10D7E00000BF00BF00BF00BF00BF00BF00BF23607D
:10D7F00000BF00BF00BF00BF00BF00BF00BF00BF31
:10D8000000BF00BF6045C1D1DAF800302360336843
:10D810002BB1002200BF013233689A42FAD3009B39
:10D82000B3EB080300930FD04744C1443B0D07936B
:10D830003B0C06933B0B05933B0A03933B09029376
:10D8400007F00F030493DFE609B0BDE8F08FDAF8C4
:10D85000003023603368002BDBD1D5E6542D002047
:10D86000D4B20220D8B2022000C00042502D0020C5
:10D87000CCB2022008B500BF00BF00BF00BFFBF75D
:10D88000CDFA08BD2DE9F04F89B00092002A00F0D2
:10D890002181030D89460746DFF860A20793030C38
:10D8A00091490693030B914D0593030A904E039300
:10D8B0000309904C029300F00F03049363688E4AAF
:10D8C00043F07D5312686360009B934228BF134668
:10D8D0000A689846DAF8003043F0012343F48003E5
:10D8E00023EA020323F0785BC4F800B02A682AB167
:10D8F000002000BF01302B689842FAD34BF0406201
:10D900004BF06060226001922060FFF7B3FF019A44
:10D91000226000BF00BF00BF00BFFBF77FFA4BF0E3
:10D9200000524BF00850226001922060FFF7A2FFE6
:10D93000019A2260FFF79EFF079B03F00F024BEA5C
:10D94000826242F00070226001922060FFF792FF35
:10D95000019A2260FFF78EFF069B03F00F024BEA4D
:10D96000826242F00070226001922060FFF782FF25
:10D97000019A2260FFF77EFF059B03F00F024BEA3E
:10D98000826242F00070226001922060FFF772FF15
:10D99000019A2260FFF76EFF039B03F00F024BEA30
:10D9A000826242F00070226001922060FFF762FF05
:10D9B000019A2260FFF75EFF029B03F00F024BEA21
:10D9C000826242F00070226001922060FFF752FFF5
:10D9D000019A2260FFF74EFF049B4BEA836242F0FC
:10D9E0000070226001922060FFF744FF019A2260DC
:10D9F000FFF740FF3C49B8F1000F6ED008EB090C6F
:10DA000009F1FF300CF1FF3C10F8013F1B094BEA14
:10DA1000836343F000722360226000BF00BF00BF39
:10DA200000BF00BF00BF00BF00BF00BF00BF00BFFE
:10DA300000BF236000BF00BF00BF00BF00BF00BF2A
:10DA400000BF00BF00BF00BF00BF00BF037803F0EE
:10DA50000F034BEA836343F000722360226000BF30
:10DA600000BF00BF00BF00BF00BF00BF00BF00BFBE
:10DA700000BF00BF00BF236000BF00BF00BF00BFEA
:10DA800000BF00BF00BF00BF00BF00BF00BF00BF9E
:10DA90006045B9D1DAF80030236033682BB1002239
:10DAA00000BF013233689A42FAD3009BB3EB0803FC
:10DAB00000930FD04744C1443B0D07933B0C0693A2
:10DAC0003B0B05933B0A03933B09029307F00F03BB
:10DAD0000493F3E609B0BDE8F08FDAF80030236074
:10DAE0003368002BDBD1E9E6542D0020D4B20220AC
:10DAF000D8B2022000C00042502D0020CCB202203B
:10DB0000002A00F07081030D2DE9F04F8BB08146A3
:10DB1000DFF878B20993030C974F0893030B974EE5
:10DB20000793030ADFF8688205930309944C049372
:10DB300000F00F03019206936368924A43F07D530D
:10DB400010686360019BDBF80050834245F00125BB
:10DB500028BF034645F480059A468B4B1B6825EA8F
:10DB6000030525F0785525603B682BB1002000BFE8
:10DB700001303B689842FAD345F0605345F0685055
:10DB80000391236002932060FFF774FE029B2360E1
:10DB9000FFF770FE45F0305345F038502360029394
:10DBA0002060FFF767FE029B2360FFF763FE099B7F
:10DBB00003F00F0345EA836343F000702360029390
:10DBC0002060FFF757FE029B2360FFF753FE089B80
:10DBD00003F00F0345EA836343F000702360029370
:10DBE0002060FFF747FE029B2360FFF743FE079B81
:10DBF00003F00F0345EA836343F000702360029350
:10DC00002060FFF737FE029B2360FFF733FE059B82
:10DC100003F00F0345EA836343F00070236002932F
:10DC20002060FFF727FE029B2360FFF723FE049B83
:10DC300003F00F0345EA836343F00070236002930F
:10DC40002060FFF717FE029B2360FFF713FE069B81
:10DC500045EA836343F00070236002932060FFF77E
:10DC600009FE029B2360FFF705FE6368039923F01A
:10DC700070536360336803B345F000730020236082
:10DC800000BF00BF00BF00BF00BF00BF00BF00BF9C
:10DC900000BF00BF00BF00BF256000BF00BF00BFC6
:10DCA00000BF00BF00BF00BF00BF00BF00BF00BF7C
:10DCB00000BF013032688242E1D8BAF1000F00F0B3
:10DCC00083800AEB010E45F00072481E0EF1FF3E04
:10DCD000226000BF00BF00BF00BF00BF00BF00BF89
:10DCE00000BF00BF00BF00BF00BFD4F808C0256060
:10DCF00000BF00BF00BF00BF00BF00BF00BF00BF2C
:10DD000000BF00BF00BF00BF226000BF00BF00BF58
:10DD100000BF00BF00BF00BF00BF00BF00BF00BF0B
:10DD200000BFA368256000BF00BF00BF00BF00BFE9
:10DD300000BF00BF00BF00BF00BF00BF00BF4FEA71
:10DD40009C6CC3F3836343EA0C1300F8013F7045F6
:10DD5000BED1DBF800302360636843F07D5363601D
:10DD6000D8F80030B3B1002000BF0130D8F800303F
:10DD70009842F9D30EE000BFD4B20220582D002003
:10DD800000C00042502D0020542D0020CCB20220B3
:10DD9000D8B20220019BB3EB0A03019320D0D144F7
:10DDA00051444FEA195309934FEA194308934FEA34
:10DDB000193307934FEA192305934FEA1913049374
:10DDC00009F00F030693B7E6DBF8003023606368C1
:10DDD00043F07D536360D8F80030002BC3D1ABE62D
:10DDE0000BB0BDE8F08F70472DE9F04F89B000927D
:10DDF000002A00F03181030D89460746DFF880A232
:10DE00000793030C99490693030B994D0593030A55
:10DE1000984E03930309984C029300F00F03049368
:10DE20006368964A43F07D5312686360009B934297
:10DE300028BF13460A689846DAF8003043F00123F9
:10DE400043F4800323EA020323F0785BC4F800B0B4
:10DE50002A682AB1002000BF01302B689842FAD30B
:10DE60004BF040624BF0606022600192206000BF86
:10DE7000FFF700FD019A226000BFFFF7FBFC4BF0AB
:10DE800000524BF0085022600192206000BFFFF763
:10DE9000F1FC019A226000BFFFF7ECFC079B03F046
:10DEA0000F024BEA826242F0007022600192206011
:10DEB00000BFFFF7DFFC019A226000BFFFF7DAFC2A
:10DEC000069B03F00F024BEA826242F00070226070
:10DED0000192206000BFFFF7CDFC019A226000BFD5
:10DEE000FFF7C8FC059B03F00F024BEA826242F089
:10DEF000007022600192206000BFFFF7BBFC019A16
:10DF0000226000BFFFF7B6FC039B03F00F024BEA51
:10DF1000826242F0007022600192206000BFFFF731
:10DF2000A9FC019A226000BFFFF7A4FC029B03F04A
:10DF30000F024BEA826242F0007022600192206080
:10DF400000BFFFF797FC019A226000BFFFF792FC29
:10DF5000049B4BEA836242F00070226001922060D1
:10DF600000BFFFF787FC019A226000BFFFF782FC29
:10DF70003E49B8F1000F72D008EB090C09F1FF30EF
:10DF80000CF1FF3C10F8013F1B094BEA836343F09F
:10DF900000722360226000BF00BF00BF00BF00BF4F
:10DFA00000BF00BF00BF00BF00BF00BF00BF00BF79
:10DFB000236000BF00BF00BF00BF00BF00BF00BFA5
:10DFC00000BF00BF00BF00BF00BF00BF037803F069
:10DFD0000F034BEA836343F000722360226000BFAB
:10DFE00000BF00BF00BF00BF00BF00BF00BF00BF39
:10DFF00000BF00BF00BF00BF236000BF00BF00BF65
:10E0000000BF00BF00BF00BF00BF00BF00BF00BF18
:10E0100000BF00BF6045B5D1DAF800302360336837
:10E020002BB1002200BF013233689A42FAD3009B21
:10E03000B3EB080300930FD04744C1443B0D079353
:10E040003B0C06933B0B05933B0A03933B0902935E
:10E0500007F00F030493E3E609B0BDE8F08FDAF8A8
:10E06000003023603368002BDBD1D9E6542D00202B
:10E07000D4B20220D8B2022000C00042502D0020AD
:10E08000CCB20220002A00F08681030D2DE9F04F6A
:10E090008BB08146DFF8E4B10993030C724F08930B
:10E0A000030B724E0793030ADFF8D481059303092B
:10E0B0006F4C049300F00F030192069363686D4A5E
:10E0C00043F07D5310686360019BDBF8005083428E
:10E0D00045F0012528BF034645F480059A46664B66
:10E0E0001B6825EA030525F0785525603B682BB1B0
:10E0F000002000BF01303B689842FAD345F06053DE
:10E1000045F06850039123600293206000BFFFF741
:10E11000B1FB029B236000BFFFF7ACFB45F030531F
:10E1200045F0385023600293206000BFFFF7A2FB48
:10E13000029B236000BFFFF79DFB099B03F00F03C9
:10E1400045EA836343F0007023600293206000BFC0
:10E15000FFF790FB029B236000BFFFF78BFB089B40
:10E1600003F00F0345EA836343F0007023600293DA
:10E17000206000BFFFF77EFB029B236000BFFFF71C
:10E1800079FB079B03F00F0345EA836343F00070BC
:10E1900023600293206000BFFFF76CFB029B2360AB
:10E1A00000BFFFF767FB059B03F00F0345EA83639E
:10E1B00043F0007023600293206000BFFFF75AFB1A
:10E1C000029B236000BFFFF755FB049B03F00F0386
:10E1D00045EA836343F0007023600293206000BF30
:10E1E000FFF748FB029B236000BFFFF743FB069B42
:10E1F00045EA836343F0007023600293206000BF10
:10E20000FFF738FB029B236000BFFFF733FB636817
:10E21000039923F0705363603368002B32D045F0CC
:10E2200000730020236000BF00BF00BF00BF00BF1D
:10E2300000BF00BF00BF00BF00BF00BF00BF00BFE6
:10E24000256000BF00BF00BF00BF00BF00BF00BF10
:10E2500000BF00BF00BF00BF00BF00BF0130326879
:10E260008242DFD80EE000BFD4B20220582D002039
:10E2700000C00042502D0020542D0020CCB20220BE
:10E28000D8B20220BAF1000F76D00AEB010E45F0A9
:10E290000072481E0EF1FF3E226000BF00BF00BFAB
:10E2A00000BF00BF00BF00BF00BF00BF00BF00BF76
:10E2B00000BF00BFD4F808C0256000BF00BF00BF8A
:10E2C00000BF00BF00BF00BF00BF00BF00BF00BF56
:10E2D00000BF00BF226000BF00BF00BF00BF00BF83
:10E2E00000BF00BF00BF00BF00BF00BF00BF00BF36
:10E2F000A368256000BF00BF00BF00BF00BF00BF14
:10E3000000BF00BF00BF00BF00BF00BF00BF4FEA9B
:10E310009C6CC3F3836343EA0C1300F8013F704520
:10E32000BAD1DBF800302360636843F07D5363604B
:10E33000D8F8003033B1002000BF0130D8F80030E9
:10E340009842F9D3019BB3EB0A03019320D0D14447
:10E3500051444FEA195309934FEA194308934FEA7E
:10E36000193307934FEA192305934FEA19130493BE
:10E3700009F00F030693A1E6DBF800302360636821
:10E3800043F07D536360D8F80030002BD3D195E67D
:10E390000BB0BDE8F08F704738B540EA81640B4D93
:10E3A00044F000732C602B6000BF00BF00BF00BFB3
:10E3B00000BF00BFFFF75EFA2C6000BF00BF00BFC8
:10E3C00000BF00BF00BFFFF755FA38BD00C00042D4
:10E3D0002DE9F04F89B0CDE90121002A00F0238119
:10E3E000030C8046974E4FEA105B0793030B964D44
:10E3F0000693030A954F04930309954C039300F089
:10E400000F0305936368934A43F07D53116863607B
:10E41000019B8B4228BF0B4699468F4B18688F4B48
:10E4200040F001201B6840F4800020EA030020F047
:10E43000785AC4F800A033682BB1002100BF013125
:10E4400033689942FAD30E215046FFF7A5FF0B21FE
:10E450005046FFF7A1FF0BF00F015046FFF79CFF5E
:10E46000079B504603F00F01FFF796FF069B5046AF
:10E4700003F00F01FFF790FF049B504603F00F01DC
:10E48000FFF78AFF039B504603F00F01FFF784FF5D
:10E4900005995046FFF780FF636823F0705363606F
:10E4A0002B68002B2ED000214AF0007053462060CC
:10E4B00000BF00BF00BF00BF00BF00BF00BF00BF64
:10E4C00000BF00BF00BF00BF00BF00BF00BF00BF54
:10E4D00000BF00BF236000BF00BF00BF00BF00BF80
:10E4E00000BF00BF00BF00BF00BF00BF00BF00BF34
:10E4F00000BF00BF00BF00BF00BF01312A688A42D1
:10E50000D5D89A46B9F1000F00F09080029B514691
:10E510004AF0007009EB030B03F1FF3C0BF1FF3BEA
:10E52000206000BF00BF00BF00BF00BF00BF00BF32
:10E5300000BF00BF00BF00BF00BF00BF00BF00BFE3
:10E5400000BF00BF00BFD4F808E0216000BF00BFDB
:10E5500000BF00BF00BF00BF00BF00BF00BF00BFC3
:10E5600000BF00BF00BF00BF00BF00BF00BF00BFB3
:10E57000206000BF00BF00BF00BF00BF00BF00BFE2
:10E5800000BF00BF00BF00BF00BF00BF00BF00BF93
:10E5900000BF00BF00BFA368216000BF00BF00BF75
:10E5A00000BF00BF00BF00BF00BF00BF00BF00BF73
:10E5B00000BF00BF00BF00BF00BF00BF00BF4FEAE9
:10E5C0009E6EC3F3836343EA0E130CF8013FDC45F0
:10E5D000A6D1214B1B682360636843F07D536360C1
:10E5E0003B682BB1002300BF013339688B42FAD35B
:10E5F000019BB3EB0903019315D0029BC8444B4424
:10E600004FEA185B02934FEA184307934FEA183317
:10E6100006934FEA182304934FEA1813039308F064
:10E620000F030593EEE609B0BDE8F08F0A4B1B68B7
:10E630002360636843F07D5363603B68002BD1D156
:10E64000E0E600BFD4B20220582D0020D8B202204C
:10E6500000C00042502D0020CCB20220542D0020DA
:10E66000002A00F00781030D2DE9F04F89B0934691
:10E67000074689460793030C7F4A0693030B7F4D99
:10E680000593030A7E4E039303097E4C029300F028
:10E690000F0304937C4B6168186841F07D517B4BFC
:10E6A0005845616028BF584619688046106840F098
:10E6B000012040F4800020EA010020F0785AC4F8DC
:10E6C00000A0296839B14FF0000C00BF0CF1010C1B
:10E6D0002B689C45F9D34AF040614AF060632160A1
:10E6E0000191236000BF00BF00BF00BF00BF00BF9B
:10E6F000FFF7C0F80199216000BF00BF00BF00BF55
:10E7000000BF00BFFFF7B6F808215046FFF744FEF0
:10E71000079B504603F00F01FFF73EFE069B504655
:10E7200003F00F01FFF738FE059B504603F00F0181
:10E73000FFF732FE039B504603F00F01FFF72CFE5C
:10E74000029B504603F00F01FFF726FE0499504646
:10E75000FFF722FE484AB8F1000F00F0828008EB74
:10E76000090E09F1FF3C0EF1FF3E1CF8013F1B09A9
:10E770004AEA836343F000712360216000BF00BF59
:10E7800000BF00BF00BF00BF00BF00BF00BF00BF91
:10E7900000BF00BF00BF00BF00BF00BF00BF00BF81
:10E7A000236000BF00BF00BF00BF00BF00BF00BFAD
:10E7B00000BF00BF00BF00BF00BF00BF00BF00BF61
:10E7C00000BF00BF00BF9CF8003003F00F034AEA0F
:10E7D000836343F000712360216000BF00BF00BF6E
:10E7E00000BF00BF00BF00BF00BF00BF00BF00BF31
:10E7F00000BF00BF00BF00BF00BF00BF00BF23605D
:10E8000000BF00BF00BF00BF00BF00BF00BF00BF10
:10E8100000BF00BF00BF00BF00BF00BF00BF00BF00
:10E8200000BF00BFF445A0D111682160316829B153
:10E83000002100BF013133689942FAD3BBEB080BCA
:10E8400015D04744C1443B0D07933B0C06933B0B4B
:10E8500005933B0A03933B09029307F00F030493CC
:10E8600018E71168216031680029E1D112E709B089
:10E87000BDE8F08F704700BFCCB20220D4B20220B6
:10E88000D8B2022000C00042502D0020542D00209C
:10E890002DE9F04F89B00092002A00F05481030D59
:10E8A00089460746DFF870A20793030C9549069343
:10E8B000030B954D0593030A944E03930309944C5F
:10E8C000029300F00F0304936368924A43F07D5370
:10E8D00012686360009B934228BF13460A689846FB
:10E8E000DAF8003043F0012343F4800323EA020303
:10E8F00023F0785BC4F800B02A682AB1002000BF7A
:10E9000001302B689842FAD34BF040624BF06060C4
:10E9100022600192206000BF00BFFEF7ABFF019AAA
:10E92000226000BF00BFFEF7A5FF4BF000524BF086
:10E93000085022600192206000BF00BFFEF79AFFDE
:10E94000019A226000BF00BFFEF794FF079B03F00F
:10E950000F024BEA826242F0007022600192206056
:10E9600000BF00BFFEF786FF019A226000BF00BF14
:10E97000FEF780FF069B03F00F024BEA826242F033
:10E98000007022600192206000BF00BFFEF772FF9E
:10E99000019A226000BF00BFFEF76CFF059B03F0E9
:10E9A0000F024BEA826242F0007022600192206006
:10E9B00000BF00BFFEF75EFF019A226000BF00BFEC
:10E9C000FEF758FF039B03F00F024BEA826242F00E
:10E9D000007022600192206000BF00BFFEF74AFF76
:10E9E000019A226000BF00BFFEF744FF029B03F0C4
:10E9F0000F024BEA826242F00070226001922060B6
:10EA000000BF00BFFEF736FF019A226000BF00BFC3
:10EA1000FEF730FF049B4BEA836242F000702260F5
:10EA20000192206000BF00BFFEF724FF019A226020
:10EA300000BF00BFFEF71EFF3249B8F1000F00F023
:10EA4000858008EB090C09F1FF300CF1FF3C10F850
:10EA5000013F1B094BEA836343F00072236022608D
:10EA600000BF00BF00BF00BF00BF00BF00BF00BFAE
:10EA700000BF00BF00BF00BF00BF00BF236000BFDA
:10EA800000BF00BF00BF00BF00BF00BF00BF00BF8E
:10EA900000BF00BF00BF00BF00BF037803F00F033B
:10EAA0004BEA836343F000722360226000BF00BF23
:10EAB00000BF00BF00BF00BF00BF00BF00BF00BF5E
:10EAC00000BF00BF00BF00BF236000BF00BF00BF8A
:10EAD00000BF00BF00BF00BF00BF00BF00BF00BF3E
:10EAE00000BF00BF00BF6045B1D1DAF8003023603D
:10EAF00033689BB1002200BF013233689A42FAD3D7
:10EB00000CE000BF542D0020D4B20220D8B2022065
:10EB100000C00042502D0020CCB20220009BB3EB7D
:10EB2000080300930FD04744C1443B0D07933B0CAF
:10EB300006933B0B05933B0A03933B09029307F0B3
:10EB40000F030493C0E609B0BDE8F08FDAF8003097
:10EB500023603368002BCDD1B6E600BF002A00F059
:10EB60009C81030D2DE9F04F8BB08146DFF808B290
:10EB70000993030C7B4F0893030B7B4E0793030A07
:10EB8000DFF8F88105930309784C049300F00F0334
:10EB9000019206936368764A43F07D531068636080
:10EBA000019BDBF80050834245F0012528BF034656
:10EBB00045F480059A466F4B1B6825EA030525F04E
:10EBC000785525603B682BB1002000BF01303B68C1
:10EBD0009842FAD345F0605345F0685003912360A2
:10EBE0000293206000BF00BFFEF744FE029B23603B
:10EBF00000BF00BFFEF73EFE45F0305345F03850F1
:10EC000023600293206000BF00BFFEF733FE029B2B
:10EC1000236000BF00BFFEF72DFE099B03F00F032A
:10EC200045EA836343F0007023600293206000BFD5
:10EC300000BFFEF71FFE029B236000BF00BFFEF770
:10EC400019FE089B03F00F0345EA836343F000704D
:10EC500023600293206000BF00BFFEF70BFE029B03
:10EC6000236000BF00BFFEF705FE079B03F00F0304
:10EC700045EA836343F0007023600293206000BF85
:10EC800000BFFEF7F7FD029B236000BF00BFFEF749
:10EC9000F1FD059B03F00F0345EA836343F0007029
:10ECA00023600293206000BF00BFFEF7E3FD029BDC
:10ECB000236000BF00BFFEF7DDFD049B03F00F03E0
:10ECC00045EA836343F0007023600293206000BF35
:10ECD00000BFFEF7CFFD029B236000BF00BFFEF721
:10ECE000C9FD069B45EA836343F0007023600293ED
:10ECF000206000BF00BFFEF7BDFD029B236000BF88
:10ED000000BFFEF7B7FD6368039923F0705363609B
:10ED10003368002B34D045F000730020236000BF1F
:10ED200000BF00BF00BF00BF00BF00BF00BF00BFEB
:10ED300000BF00BF00BF00BF00BF256000BF00BF15
:10ED400000BF00BF00BF00BF00BF00BF00BF00BFCB
:10ED500000BF00BF00BF00BF013032688242DDD873
:10ED60000EE000BFD4B20220582D002000C00042A7
:10ED7000502D0020542D0020CCB20220D8B2022009
:10ED8000BAF1000F7AD00AEB010E45F00072481E6E
:10ED90000EF1FF3E226000BF00BF00BF00BF00BFFA
:10EDA00000BF00BF00BF00BF00BF00BF00BF00BF6B
:10EDB00000BFD4F808C0256000BF00BF00BF00BF7F
:10EDC00000BF00BF00BF00BF00BF00BF00BF00BF4B
:10EDD00000BF00BF226000BF00BF00BF00BF00BF78
:10EDE00000BF00BF00BF00BF00BF00BF00BF00BF2B
:10EDF00000BFA368256000BF00BF00BF00BF00BF09
:10EE000000BF00BF00BF00BF00BF00BF00BF00BF0A
:10EE100000BF4FEA9C6CC3F3836343EA0C1300F812
:10EE2000013F7045B6D1DBF800302360636843F0E2
:10EE30007D536360D8F8003033B1002000BF01304B
:10EE4000D8F800309842F9D3019BB3EB0A03019341
:10EE500020D0D14451444FEA195309934FEA194342
:10EE600008934FEA193307934FEA192305934FEAA2
:10EE70001913049309F00F0306938BE6DBF80030B7
:10EE80002360636843F07D536360D8F80030002B43
:10EE9000D3D17FE60BB0BDE8F08F704708B500BF57
:10EEA00000BF00BF00BF00BF00BF00BF00BFF9F739
:10EEB000B5FF08BD2DE9F04F89B00092002A00F09F
:10EEC0007781030D89460746DFF8F4A10793030C09
:10EED00076490693030B764D0593030A754E03930B
:10EEE0000309754C029300F00F0304936368734A9F
:10EEF00043F07D5312686360009B934228BF134622
:10EF00000A689846DAF8003043F0012343F480039E
:10EF100023EA020323F0785BC4F800B02A682AB120
:10EF2000002000BF01302B689842FAD34BF04062BA
:10EF30004BF0606022600192206000BF00BF00BF04
:10EF400000BFFEF797FC019A226000BF00BF00BF20
:10EF500000BFFEF78FFC4BF000524BF008502260D0
:10EF60000192206000BF00BF00BF00BFFEF782FC1F
:10EF7000019A226000BF00BF00BF00BFFEF77AFC0D
:10EF8000079B03F00F024BEA826242F0007022609E
:10EF900001922060FFF782FF019A226000BF00BF4C
:10EFA00000BF00BFFEF766FC069B03F00F024BEAB2
:10EFB000826242F0007022600192206000BF00BFB8
:10EFC00000BF00BFFEF756FC019A226000BF00BFE1
:10EFD00000BF00BFFEF74EFC059B03F00F024BEA9B
:10EFE000826242F0007022600192206000BF00BF88
:10EFF00000BF00BFFEF73EFC019A226000BF00BFC9
:10F0000000BF00BFFEF736FC039B03F00F024BEA84
:10F01000826242F0007022600192206000BF00BF57
:10F0200000BF00BFFEF726FC019A226000BF00BFB0
:10F0300000BF00BFFEF71EFC029B03F00F024BEA6D
:10F04000826242F0007022600192206000BF00BF27
:10F0500000BF00BFFEF70EFC019A226000BF00BF98
:10F0600000BF00BFFEF706FC049B4BEA836242F040
:10F07000007022600192206000BF00BF00BF00BF8F
:10F08000FEF7F8FB019A226000BF00BF00BF00BF7F
:10F09000FEF7F0FB0549B8F1000F00F08C8008EB9B
:10F0A000090C09F1FF300CF1FF3C0BE0542D00205E
:10F0B000D4B20220D8B2022000C00042502D00205D
:10F0C000CCB2022010F8013F1B094BEA836343F0E6
:10F0D00000722360226000BF00BF00BF00BF00BFFE
:10F0E00000BF00BF00BF00BF00BF00BF00BF00BF28
:10F0F00000BF00BF00BF236000BF00BF00BF00BF54
:10F1000000BF00BF00BF00BF00BF00BF00BF00BF07
:10F1100000BF00BF00BF00BF037803F00F034BEA3E
:10F12000836343F000722360226000BF00BF00BF12
:10F1300000BF00BF00BF00BF00BF00BF00BF00BFD7
:10F1400000BF00BF00BF00BF00BF236000BF00BF03
:10F1500000BF00BF00BF00BF00BF00BF00BF00BFB7
:10F1600000BF00BF00BF00BF00BF00BF6045A9D106
:10F17000DAF80030236033682BB1002200BF01327F
:10F1800033689A42FAD3009BB3EB080300930FD085
:10F190004744C1443B0D07933B0C06933B0B05933F
:10F1A0003B0A03933B09029307F00F0304939DE688
:10F1B00009B0BDE8F08FDAF8003023603368002B27
:10F1C000DBD193E6002A00F0A581030D2DE9F04F75
:10F1D0008BB08146DFF808B20693030C7B4F059392
:10F1E000030B7B4E0493030ADFF8F88108930309AD
:10F1F000784C079300F00F03019209936368764AF5
:10F2000043F07D5310686360019BDBF8005083423C
:10F2100045F0012528BF034645F480059A466F4B0B
:10F220001B6825EA030525F0785525603B682BB15E
:10F23000002000BF01303B689842FAD345F060538C
:10F2400045F06850039123600293206000BF00BF27
:10F2500000BF00BFFEF70EFB029B236000BF00BF94
:10F2600000BF00BFFEF706FB45F0305345F03850B5
:10F2700023600293206000BF00BF00BF00BFFEF705
:10F28000F9FA029B236000BF00BF00BF00BFFEF77A
:10F29000F1FA069B03F00F0345EA836343F0007025
:10F2A000236002932060FFF7F9FD029B236000BFFB
:10F2B00000BF00BF00BFFEF7DDFA059B03F00F03A0
:10F2C00045EA836343F00070236002932060FFF7F8
:10F2D000E5FD029B2360FFF7E1FD049B03F00F03B4
:10F2E00045EA836343F00070236002932060FFF7D8
:10F2F000D5FD029B2360FFF7D1FD089B03F00F03B0
:10F3000045EA836343F00070236002932060FFF7B7
:10F31000C5FD029B2360FFF7C1FD079B03F00F03B0
:10F3200045EA836343F00070236002932060FFF797
:10F33000B5FD029B2360FFF7B1FD099B45EA83639E
:10F3400043F0007023600293206000BF00BF00BF45
:10F3500000BFFEF78FFA029B236000BF00BF00BF13
:10F3600000BFFEF787FA6368039923F07053636068
:10F370003368002B38D045F000730020236000BFB5
:10F3800000BF00BF00BF00BF00BF00BF00BF00BF85
:10F3900000BF00BF00BF00BF00BF00BF00BF2560AF
:10F3A00000BF00BF00BF00BF00BF00BF00BF00BF65
:10F3B00000BF00BF00BF00BF00BF00BF00BF00BF55
:10F3C000013032688242D9D80EE000BFD4B20220A8
:10F3D000582D002000C00042502D0020542D002048
:10F3E000CCB20220D8B20220BAF1000F00F0838024
:10F3F0000AEB010E45F00072481E0EF1FF3E22603E
:10F4000000BF00BF00BF00BF00BF00BF00BF00BF04
:10F4100000BF00BF00BF00BF00BF00BF00BF00BFF4
:10F42000D4F808C0256000BF00BF00BF00BF00BF08
:10F4300000BF00BF00BF00BF00BF00BF00BF00BFD4
:10F4400000BF00BF00BF226000BF00BF00BF00BF01
:10F4500000BF00BF00BF00BF00BF00BF00BF00BFB4
:10F4600000BF00BF00BF00BFA368256000BF00BF92
:10F4700000BF00BF00BF00BF00BF00BF00BF00BF94
:10F4800000BF00BF00BF00BF00BF00BF4FEA9C6CC1
:10F49000C3F3836343EA0C1300F8013F7045AED118
:10F4A000DBF800302360636843F07D536360D8F875
:10F4B000003033B1002000BF0130D8F8003098424E
:10F4C000F9D3019BB3EB0A03019320D0D1445144FB
:10F4D0004FEA195306934FEA194305934FEA19333C
:10F4E00004934FEA192308934FEA1913079309F07D
:10F4F0000F03099382E6DBF800302360636843F072
:10F500007D536360D8F80030002BD3D176E60BB082
:10F51000BDE8F08F704700BF2DE9F04F89B0009231
:10F52000002A00F08B81030D89460746DFF8FCA115
:10F530000793030C78490693030B784D0593030A50
:10F54000774E03930309774C029300F00F03049363
:10F550006368754A43F07D5312686360009B934271
:10F5600028BF13460A689846DAF8003043F00123B2
:10F5700043F4800323EA020323F0785BC4F800B06D
:10F580002A682AB1002000BF01302B689842FAD3C4
:10F590004BF040624BF0606022600192206000BF3F
:10F5A00000BF00BF00BFFFF779FC019A226000BFD7
:10F5B00000BF00BF00BFFFF771FC4BF000524BF0E3
:10F5C000085022600192206000BF00BF00BF00BF52
:10F5D000FFF764FC019A226000BF00BF00BF00BFBC
:10F5E000FFF75CFC079B03F00F024BEA826242F0DC
:10F5F000007022600192206000BF00BF00BF00BF0A
:10F60000FFF74CFC019A226000BF00BF00BF00BFA3
:10F61000FFF744FC069B03F00F024BEA826242F0C4
:10F62000007022600192206000BF00BF00BF00BFD9
:10F63000FFF734FC019A226000BF00BF00BF00BF8B
:10F64000FFF72CFC059B03F00F024BEA826242F0AD
:10F65000007022600192206000BF00BF00BF00BFA9
:10F66000FFF71CFC019A226000BF00BF00BF00BF73
:10F67000FFF714FC039B03F00F024BEA826242F097
:10F68000007022600192206000BF00BF00BF00BF79
:10F69000FFF704FC019A226000BF00BF00BF00BF5B
:10F6A000FFF7FCFB029B03F00F024BEA826242F081
:10F6B000007022600192206000BF00BF00BF00BF49
:10F6C000FFF7ECFB019A226000BF00BF00BF00BF44
:10F6D000FFF7E4FB049B4BEA836242F00070226078
:10F6E0000192206000BF00BF00BF00BFFFF7D6FB44
:10F6F000019A226000BF00BF00BF00BFFFF7CEFB32
:10F700000549B8F1000F00F09C8008EB090C09F1E5
:10F71000FF300CF1FF3C0BE0542D0020D4B202204E
:10F72000D8B2022000C00042502D0020CCB20220EE
:10F7300010F8013F1B094BEA836343F0007223601A
:10F74000226000BF00BF00BF00BF00BF00BF00BFFE
:10F7500000BF00BF00BF00BF00BF00BF00BF00BFB1
:10F7600000BF00BF00BF00BF00BF236000BF00BFDD
:10F7700000BF00BF00BF00BF00BF00BF00BF00BF91
:10F7800000BF00BF00BF00BF00BF00BF00BF00BF81
:10F7900000BF00BF037803F00F034BEA836343F01D
:10F7A00000722360226000BF00BF00BF00BF00BF27
:10F7B00000BF00BF00BF00BF00BF00BF00BF00BF51
:10F7C00000BF00BF00BF00BF00BF00BF00BF23607D
:10F7D00000BF00BF00BF00BF00BF00BF00BF00BF31
:10F7E00000BF00BF00BF00BF00BF00BF00BF00BF21
:10F7F00000BF00BF00BF00BF604599D1DAF80030FC
:10F80000236033682BB1002200BF013233689A4273
:10F81000FAD3009BB3EB080300930FD04744C144D5
:10F820003B0D07933B0C06933B0B05933B0A03935D
:10F830003B09029307F00F03049389E609B0BDE882
:10F84000F08FDAF8003023603368002BDBD17FE6DD
:10F850002DE9F04F8BB0CDE90221002A00F0B181F3
:10F86000030CDFF87890070DDFF874800993030B21
:10F87000DFF870A00893030A144C0693030905935C
:10F8800000F00F0307936368114A43F07D53126839
:10F890006360029B9A4228BF1A460E4B1D680E4BAE
:10F8A00045F001251B6845F4800525EA030525F090
:10F8B00078552560D9F80030B3B1002300BF01337B
:10F8C000D9F800108B42F9D30EE000BF00C000420F
:10F8D000502D0020CCB20220542D0020D4B20220A2
:10F8E000582D0020D8B2022045F0605645F06853EC
:10F8F000049001922660236000BF00BF00BF00BFDC
:10F90000FFF7CCFA266000BF00BF00BF00BFFFF7C3
:10F91000C5FA45F0305645F038532660236000BFE5
:10F9200000BF00BF00BFFFF7B9FA266000BF00BFED
:10F9300000BF00BF07F00F06FFF7B0FA45EA866682
:10F9400046F000732660236000BF00BF00BF00BF09
:10F95000FFF7A4FA266000BF00BF00BF00BFFFF79B
:10F960009DFA099B03F00F0645EA866646F0007390
:10F970002660236000BF00BF00BF00BFFFF78EFA04
:10F98000266000BF00BF00BF00BFFFF787FA089BDB
:10F9900003F00F0645EA866646F000732660236092
:10F9A00000BF00BF00BF00BFFFF778FA266000BFAE
:10F9B00000BF00BF00BFFFF771FA069B03F00F0600
:10F9C00045EA866646F000732660236000BF00BFEC
:10F9D00000BF00BFFFF762FA266000BF00BF00BF94
:10F9E00000BFFFF75BFA059B03F00F0645EA86664A
:10F9F00046F000732660236000BF00BF00BF00BF59
:10FA0000FFF74CFA266000BF00BF00BF00BFFFF742
:10FA100045FA079B45EA836646F00073266023603B
:10FA200000BF00BF00BF00BFFFF738FA266000BF6D
:10FA300000BF00BF00BFFFF731FA6368019A23F0EF
:10FA4000705304986360D8F80030002B2BD00497D3
:10FA500045F00076002783460192266000BF00BF74
:10FA600000BF00BF00BF00BF00BF00BF00BF00BF9E
:10FA700000BF00BFF9F7D2F9256000BF00BF00BF8B
:10FA800000BF00BF00BF00BF00BF00BF00BF00BF7E
:10FA900000BFF9F7C3F90137D8F80020BA42DCD823
:10FAA000019A5846049F002A00F08E80039B04921E
:10FAB000D71803F1FF3B0590791E45F000773B46D0
:10FAC0005F4601919B46C4F800B000BF00BF00BF75
:10FAD00000BF00BF00BF00BF00BF00BF00BF00BF2E
:10FAE00000BFF9F79BF9A668256000BF00BF00BF03
:10FAF00000BF00BF00BF00BF00BF00BF00BF00BF0E
:10FB000000BFF9F78BF9C4F800B000BF00BF00BF19
:10FB100000BF00BF00BF00BF00BF00BF00BF00BFED
:10FB200000BF00BF00BF00BF00BF00BF00BF00BFDD
:10FB300000BFA368256000BF00BF00BF00BF00BFBB
:10FB400000BF00BF00BF00BF00BF00BF00BF00BFBD
:10FB500000BF00BF00BF00BF00BF00BF00BFB00EAE
:10FB6000C3F3836343EA001307F8013F019B9F42FD
:10FB7000A9D11B4B1B68DDE904202360636843F0B7
:10FB80007D536360DAF8003033B1002300BF0133E6
:10FB9000DAF800108B42F9D3029B9B1A029310D023
:10FBA000039B10441344070D0393030C0993030BA9
:10FBB0000893030A06930309059300F00F030793C4
:10FBC00061E60BB0BDE8F08F054B1B6823606368EE
:10FBD00043F07D536360DAF80030002BD5D152E654
:10FBE000CCB202202DE9F04F8BB0CDE90321002AE1
:10FBF00000F01882030DDFF87CA0DFF87C90064649
:10FC00000993030CDFF874B00893030B154C0793AA
:10FC1000030A05930309029300F00F030693636838
:10FC2000114A43F07D530399126863600F4B914270
:10FC30001F6828BF11460E4B47F001271B6847F489
:10FC4000800727EA030727F078572760DAF80030A3
:10FC5000B3B1002300BF0133DAF800209342F9D397
:10FC60000EE000BF00C00042502D0020CCB20220A8
:10FC7000542D0020D4B20220582D0020D8B20220EA
:10FC800047F0605547F0685301912560236000BF3D
:10FC900000BF00BF00BF00BF00BF00BF00BFFFF735
:10FCA000FDF8256000BF00BF00BF00BF00BF00BF60
:10FCB00000BF00BFFFF7F2F847F0305547F0385368
:10FCC0002560236000BF00BF00BF00BF00BF00BFB2
:10FCD00000BF00BFFFF7E2F8256000BF00BF00BF14
:10FCE00000BF00BF00BF00BF00BFFFF7D7F8099BF0
:10FCF00003F00F0547EA856545F000732560236032
:10FD000000BF00BF00BF00BF00BF00BF00BF00BFFB
:10FD1000FFF7C4F8256000BF00BF00BF00BF00BFF1
:10FD200000BF00BF00BFFFF7B9F8089B03F00F0545
:10FD300047EA856545F000732560236000BF00BF7A
:10FD400000BF00BF00BF00BF00BF00BF00BF00BFBB
:10FD500000BF00BFFDF78EFD256000BF00BF00BFE4
:10FD600000BF00BF00BF00BF00BFFFF797F8079BB1
:10FD700003F00F0547EA856545F0007325602360B1
:10FD800000BF00BF00BF00BF00BF00BF00BF00BF7B
:10FD900000BF00BF00BF00BFFDF76CFD256000BFC6
:10FDA00000BF00BF00BF00BF00BF00BF00BF00BF5B
:10FDB00000BF00BF00BFFDF75DFD059B03F00F0511
:10FDC00047EA856545F000732560236000BF00BFEA
:10FDD00000BF00BF00BF00BF00BF00BF00BF00BF2B
:10FDE00000BF00BFFDF746FD256000BF00BF00BF9C
:10FDF00000BF00BF00BF00BF00BF00BF00BF00BF0B
:10FE000000BFFDF737FD029B03F00F0547EA85654C
:10FE100045F000732560236000BF00BF00BF00BF36
:10FE200000BF00BF00BF00BF00BF00BF00BF00BFDA
:10FE3000FDF720FD256000BF00BF00BF00BF00BF71
:10FE400000BF00BF00BF00BF00BF00BF00BFFDF785
:10FE500011FD069B47EA836545F00073256023602A
:10FE600000BF00BF00BF00BF00BF00BF00BF00BF9A
:10FE7000FFF714F8256000BF00BF00BF00BF00BF40
:10FE800000BF00BF00BFFFF709F86368019923F0C6
:10FE900070536360D9F80030002B31D0019647F0E1
:10FEA000007500268846256000BF00BF00BF00BF68
:10FEB00000BF00BF00BF00BF00BF00BF00BF00BF4A
:10FEC00000BF00BF00BF00BFF8F7A8FF276000BF5A
:10FED00000BF00BF00BF00BF00BF00BF00BF00BF2A
:10FEE00000BF00BF00BF00BF00BF00BF00BFF8F7EA
:10FEF00095FF0136D9F80020B242D4D84146019E80
:10FF0000002900F09280049B47F0007501EB030884
:10FF1000CDE9051608F1FF325E1E0292256000BF92
:10FF200000BF00BF00BF00BF00BF00BF00BF00BFD9
:10FF300000BF00BF00BF00BF00BF00BF00BFF8F799
:10FF40006DFFA1680191276000BF00BF00BF00BF27
:10FF500000BF00BF00BF00BF00BF00BF00BF00BFA9
:10FF600000BF00BF00BF00BFF8F758FF256000BF0B
:10FF700000BF00BF00BF00BF00BF00BF00BF00BF89
:10FF800000BF00BF00BF00BF00BF00BF00BFF8F749
:10FF900045FFD4F80880276000BF00BF00BF00BF46
:10FFA00000BF00BF00BF00BF00BF00BF00BF00BF59
:10FFB00000BF00BF00BF00BFF8F730FF0199C8F3D2
:10FFC0008363890E43EA011306F8013F029B9E42B8
:10FFD000A4D11C4B1B68DDE905162360636843F060
:10FFE0007D536360DBF8003033B1002300BF013381
:10FFF000DBF800209342F9D3039B5B1A039311D0E3
:02000004600199
:10000000049B0E440B440493330D0993330C089363
:10001000330B0793330A05933309029306F00F035A
:100020000693FCE50BB0BDE8F08F064B1B68236020
:10003000636843F07D536360DBF80030002BD4D15C
:10004000EDE500BFCCB202202DE9F04F89B001925E
:10005000002A00F0D181020A184F030CDFF870A0CB
:1000600005920209164C814604924FEA105B00F09B
:100070000F02060B079306926268124B42F07D5204
:100080001868114B6260019A1D6882420F4B45F05F
:10009000012528BF0246186845F4800525EA0005B9
:1000A00025F0785525603868A0B14FF0000C00BFEE
:1000B0000CF1010C3B689C45F9D30BE0D4B2022053
:1000C00000C00042502D0020CCB20220542D002050
:1000D000D8B2022045F0406845F06063CDE90221C6
:1000E000C4F80080236000BF00BF00BF00BF00BF96
:1000F00000BF00BF00BFFEF7D1FEC4F8008000BF04
:1001000000BF00BF00BF00BF00BF00BF00BFFEF7C1
:10011000C5FE45F0005845F00853C4F80080236040
:1001200000BF00BF00BF00BF00BF00BF00BF00BFD7
:10013000FEF7B4FEC4F8008000BF00BF00BF00BFE0
:1001400000BF00BF00BF00BFFEF7A8FE0BF00F000E
:1001500045EA806848F00073C4F80080236000BF5F
:1001600000BF00BF00BF00BF00BF00BF00BF00BF97
:1001700000BF00BF00BFFDF77DFBC4F8008000BFDB
:1001800000BF00BF00BF00BF00BF00BF00BFFEF741
:1001900085FE079B03F00F0045EA806848F0007376
:1001A000C4F80080236000BF00BF00BF00BF00BFD5
:1001B00000BF00BF00BFFEF771FEC4F8008000BFA3
:1001C00000BF00BF00BF00BF00BF00BF00BFFEF701
:1001D00065FE06F00F0045EA806848F00073C4F839
:1001E0000080236000BF00BF00BF00BF00BF00BF92
:1001F00000BF00BFFEF752FEC4F8008000BF00BF82
:1002000000BF00BF00BF00BF00BF00BFFEF746FE3B
:10021000059B03F00F0045EA806848F00073C4F8BE
:100220000080236000BF00BF00BF00BF00BF00BF51
:1002300000BF00BFFEF732FEC4F8008000BF00BF61
:1002400000BF00BF00BF00BF00BF00BFFEF726FE1B
:10025000049B03F00F0045EA806848F00073C4F87F
:100260000080236000BF00BF00BF00BF00BF00BF11
:1002700000BF00BFFEF712FEC4F8008000BF00BF41
:1002800000BF00BF00BF00BF00BF00BFFEF706FEFB
:10029000069B45EA836848F00073C4F80080236039
:1002A00000BF00BF00BF00BF00BF00BF00BF00BF56
:1002B000FEF7F4FDC4F8008000BF00BF00BF00BF20
:1002C00000BF00BF00BF00BFFEF7E8FDDDE902216F
:1002D000002A00F0948002EB01084E1E8B46CDF8F8
:1002E0000C9008F1FF3816F8013F1B0945EA8369B5
:1002F00049F00071C4F80090216000BF00BF00BF4A
:1003000000BF00BF00BF00BF00BF00BF00BF00BFF5
:1003100000BF00BF00BF00BF00BFF8F77FFDC4F8FB
:10032000009000BF00BF00BF00BF00BF00BF00BF04
:1003300000BF00BF00BF00BF00BF00BF00BF00BFC5
:1003400000BFF8F76BFD337803F00F0345EA8369CC
:1003500049F00071C4F80090216000BF00BF00BFE9
:1003600000BF00BF00BF00BF00BF00BF00BF00BF95
:1003700000BF00BF00BF00BF00BFF8F74FFDC4F8CB
:10038000009000BF00BF00BF00BF00BF00BF00BFA4
:1003900000BF00BF00BF00BF00BF00BF00BF00BF65
:1003A00000BFF8F73BFD46459DD1194B59461868EB
:1003B000DDE902292060DAF8000030B1002000BF3A
:1003C0000130DAF800309842F9D3019B9B1A01936F
:1003D00012D0914411444FEA19434FEA195B079335
:1003E0004FEA19234FEA193605934FEA191304937C
:1003F00009F00F0306933FE609B0BDE8F08F044B08
:1004000018682060DAF800000028D7D134E600BF71
:10041000CCB20220174B0021174A184810B4C3F879
:10042000A4242922C3F89004072083F8AD24144A99
:10043000144CA3F8981483F8B11483F8C814C3F8C3
:100440008014C3F88414C3F88C1483F8B814C3F868
:10045000A8044FF47A70C3F89C240B4B6160A06031
:10046000204621732360094AC4E91211084910BCCF
:100470000AF0CCBF70AC022000093D00A020002093
:10048000E41F002020AC02207C2000206C2D0020E6
:100490005D340000002B45DD9FED247A00EB8303E3
:1004A0008446FCEC017AF0EEE77AF4EEC77AF1EEDE
:1004B00010FA37FE877A9C45F3D1DFED1D6AC7EE4F
:1004C000267AF5EEC07AC2ED007AF1EE10FA26DD5A
:1004D000F7EE006A86EEA77A01396FF07E0CF6EE31
:1004E000006A0FE077EEA67AFDEEE77A17EE902A23
:1004F0006245B8BF62467F2AA8BF7F22984201F8B2
:10050000012F0BD0F0EC017A67EE877AF5EEC07A16
:10051000F1EE10FAE6D577EEE67AE5E770479FED63
:10052000037AD9E700231360704700BF0000000082
:100530000000FE420F2938B530D8DFF88CE0844641
:100540005EF8310050B31468012BCCF80010CCF8E1
:10055000084021D9022B936807D0D2E90452022D1A
:1005600072F1000201D3A5FB0335CCF80430B4FBD3
:10057000F0F300FB1340D0B90EEBC10E0121DEF801
:100580000420CCF8181002FB03F3DDE90445CCF895
:100590000C30CCE9044538BD0123E6E70B46074A99
:1005A000A02107480CF078F84FF0FF3038BD234603
:1005B000044AA02102480CF06FF8F5E73C11002036
:1005C00094F10220581100208007002010B51C462D
:1005D000836986B063B3D0E901CE8C451CD19645C2
:1005E0001AD1D0F800C02CF00403082B02D0BCF1C3
:1005F0000E0F06D1C368B3F5803F21D8002006B0A6
:1006000010BD089BA021114A1148CDE9004C0CF007
:1006100043F84FF0FF30F2E70492089B0D4A0C4874
:10062000CDE902E1CDE9004CA0210CF035F8F0E76E
:10063000089BA021084A009405480CF02DF8E8E733
:10064000064AA02102480CF027F8E2E7BC1100207E
:1006500094F10220901100207C110020E81100206C
:10066000134B1A68033230B522F0030C114C4FF0D3
:10067000000E0D4624681CEB000183B0C3F800C0D7
:100680004EEB0E028C427EEB020205D37046C5F89B
:1006900000C0196003B030BD0346074AA0210748D7
:1006A000CDE900C40BF0F8FF4FF0FF30F2E700BFD8
:1006B00040F2022044F202200812002094F10220AD
:1006C000F0B517461E4604460D462DED028B85B04B
:1006D000F8F78AF93A46334629462046B0EE408B71
:1006E000F8F740F90746F8F77FF9114B30EE480B61
:1006F0001A6A93ED027B92191A6237EE007B5A6AEE
:1007000042F1000283ED027B5A6227B9384605B0F8
:10071000BDEC028BF0BD074AA02102960648CDE948
:1007200000450BF0B9FF384605B0BDEC028BF0BDBB
:1007300058A900203812002094F10220002952D03C
:100740002DE9F04F294D83B007460E46DFF8A8A0EB
:1007500005F11009EC680EE0B345D846384628BFCD
:10076000B0464246474408F0D1FDEC68B6EB0806B7
:100770004444EC6029D0AB6804EB0901A342A3EB2D
:10078000040BE9D1D5E90021DAE90030A4184A4682
:1007900041F100089C4278EB00011AD21B1B41F288
:1007A000010160EB08008B42414670F100002046D9
:1007B00028BF4FF480539B46FFF782FF494678B924
:1007C000C5E90048C5E902B0C6E7002003B0BDE8AE
:1007D000F08F074AA0210748CDE900480BF05CFFE5
:1007E0004FF0FF30F2E70020704700BF489900202B
:1007F0005812002094F1022008EA00202DE9F04F61
:10080000D0F80C9087B0B9F5803F79D8002967DD22
:1008100003934FF480339246804600250491B3FB46
:10082000F9F30593049BEA17D8F814105F1B059B96
:100830009F4228BF1F46A5FB090309FB0233D8F8D6
:1008400010208018344A43EB010109FB07F3FFF73E
:1008500037FF00285CD1039B07EB050B2E4C03EB05
:1008600085060FE02D4B2E4A2E49CDE900C7F1F742
:100870004FFE039BCBB186ED000A013504364C4494
:10088000AB4529D0264B2146264A2046D8F808C039
:100890000027BAF1000FE5D1CDE900CAD8F8000071
:1008A000F1F77AFF039B002BE5D11F4B1F49D3EDD6
:1008B000007A1F4AF4EEC07AF1EE10FA14D5C1EDB9
:1008C000007A043611684C441560013583ED000A46
:1008D000AB45184B1960D5D1049B5D465B45A1DC47
:1008E000002007B0BDE8F08FD1ED007A114BF4EE97
:1008F000C07AF1EE10FAC0D51D6081ED000ABCE7A8
:100900000D4D0E4C0FCD0FC495E80F0007C423808A
:100910004FF0FF30E5E700BF00002120B4A6022021
:1009200050A10220507602208CF1022090F102208A
:1009300038F202203CF202207812002094F10220CA
:100940002DE9F84FB1F1000A2DED068B4FDD012A9C
:100950004DDD002A09EE103A07EE902A1746B8BF7F
:10096000571CF0EE409AB8EEC99A9146F8EEE7AA05
:100970007F10B8EE00AA80464FF0000B08EB870608
:100980004546002407EE904AB0EE690A0134F8EEBD
:10099000E70A60EE8A0AC0EEAA0A0AF059F969EE7F
:1009A000008AB0EE680A0AF0DFFBB0EE408AB0EED3
:1009B000680A0AF0D9FAD5ED006A96ED007AA742E6
:1009C00068EE267A20EE076A28EE078A20EE260ACD
:1009D00077EEC67A30EE080AE5EC017AA6EC010A59
:1009E000D0DC0BF1010B08EB8908DA45C6D1BDEC70
:1009F000068BBDE8F88F00BF1F4AD2E9023C10B554
:100A0000A3EB0C0E0C4600218645A1411AD21168B9
:100A10005B18516841F1000C1B1818484CEB04019D
:100A2000B3EB0E03D0E9004061F100019C42884124
:100A30000BD39FED0F7BC2E9003182ED027B0024D6
:100A4000204610BD6044D060F9E7DFF834E04FF095
:100A5000FF34DFF830C0BEE80F00ACE80F009EE8BE
:100A600003004CF8040BACF80010E9E7AFF300808A
:100A700000000000000000004899002008EA002063
:100A80009812002094F1022070B505461446234ABE
:100A900000232E19106843EB0302B04293412DED61
:100AA000028B84B02ED30391F7F79EFF2246039961
:100AB0002846B0EE408BF9F7C1FA0646F7F794FFE7
:100AC000174B30EE480B9A6A93ED047B12199A6229
:100AD00037EE007BDA6A42F1000283ED047BDA62D2
:100AE00026B9304604B0BDEC028B70BD2B460D4AD2
:100AF000A02100940C480BF0CFFD304604B0BDECB3
:100B0000028B70BDCDE900402B46084AA021064863
:100B10004FF0FF360BF0C0FDE3E700BF44F20220C8
:100B200058A90020DC12002094F10220B01200200D
:100B300070B505461446234A00232E19106843EB6E
:100B40000302B04293412DED028B84B02ED303916A
:100B5000F7F74AFF224603992846B0EE408BF8F794
:100B600011FB0646F7F740FF174B30EE480B1A6BA8
:100B700093ED047B12191A6337EE007B5A6B42F136
:100B8000000283ED047B5A6326B9304604B0BDEC05
:100B9000028B70BD2B460D4AA02100940C480BF02F
:100BA0007BFD304604B0BDEC028B70BDCDE900404A
:100BB0002B46084AA02106484FF0FF360BF06CFD8B
:100BC000E3E700BF44F2022058A900202C130020C4
:100BD00094F10220FC120020F0B5144D83B00446BD
:100BE000164601951F46124D002308460095A2683F
:100BF000F1F710FC23680C2B08D03346002239464D
:100C0000204603B0BDE8F040FFF7F8BD094B284689
:100C100000930023A268F1F75DFC334601223946B8
:100C2000204603B0BDE8F040FFF7E8BD50A1022028
:100C300050760220B4A6022010B50C1E82B031DD21
:100C4000254BA1009FED257A03EB8402F3EC017A9A
:100C500067EEA77A934237EE277AF7D107EE904AEC
:100C6000F8EEE76AC7EE267A37EE800AB5EE400A5C
:100C7000F1EE10FA25D4F1EEC07A174A0144184B70
:100C8000B7EE007AC7EE276AF2EC017AB0EC017A8F
:100C9000814266EEA77A67EE877AE3EC017AF3D1B8
:100CA00002B010BD07EE904ADFED0C6AB8EEE77AAD
:100CB000C6EE877A37EE800AB4EE660AF1EE10FAD5
:100CC000EED5019009F028FF002CF0EE407AE7DD28
:100CD000A1000198D1E700BF5016022000000000DB
:100CE0005036022070B500EB820084B01646082210
:100CF0000D461C460DEB0201FFF7C6FED8B9DDE933
:100D00000202121AB2F5806F13460EDA42B128447D
:100D1000214601920092FFF7B7FEDDE9002350B9AA
:100D20000021A154184604B070BD3346034AA021E7
:100D300003480BF0B1FC4FF0FF33F3E750130020F2
:100D400094F102202DE9F04383B0984606461746F9
:100D50000A9D2B78002B37D028461C4C40F2B3124A
:100D60005C4010F8013FA4FB024C002BF8D101F1CC
:100D7000FF3910E0DDF804C00CF1FF32BCF1000FC8
:100D800018D0FFF7AFFF00282946114812DB0134C5
:100D90000CF0E6F998B1042209EA04040DEB020113
:100DA00006EB8400FFF770FE0246094B41463846C9
:100DB000002ADFD04FF0FF3003B0BDE8F083019888
:100DC000013803B0BDE8F083004CD0E783039D7386
:100DD00040E9022070B5856982B0002D3DD01646ED
:100DE000B1F5006F0C460546D0E9012302FB03F381
:100DF00037D88B4235D10368012B44D8C36802FB36
:100E000003F3B3F5803F32D8264AD0E90401FFF757
:100E100057FC60BB244A03462249286800922246B8
:100E2000F1F7F8F8034628BB204DA20020490C68D2
:100E30002968033121F003008118286043EB030C7B
:100E40008C4273EB0C0324D33060296032B1164915
:100E500002B0BDE87040FFF76BBE1560002002B025
:100E600070BD144AA021144800940BF015FC4FF0FB
:100E7000FF30F4E7114D104C0FCD0FC495E803007F
:100E800084E80300F3E70E4AA0210B480BF004FCB2
:100E9000EDE71346A0210B4ACDE9000406480BF00C
:100EA000FBFBE4E700002120101A012040F20220A1
:100EB00044F202206C13002094F10220B0130020B1
:100EC00098130020081200202DE9F04F90464200B0
:100ED0008BB00546102A8946039340F2C580102343
:100EE0001E465B009A42FBD8F6000021B446664CD1
:100EF000664A10682268033222F0030717EB0C0CD5
:100F0000276041F100020021604571EB0202C0F050
:100F1000B180BA190293039B22604FF480321F60A4
:100F20005B480BF02FFD029BBEB19A4601E0361BD9
:100F300012D0B6F5803F34463846554928BF4FF4A5
:100F4000803422462744FFF7F3FD0028EFD04FF00E
:100F5000FF300BB0BDE8F08F5346149A1360002D9C
:100F600077D000224B4E04930692069A4A49AB1A58
:100F700009EB8200B3F5807F28BF4FF480735A1CC1
:100F800005939200FFF780FD0028E0D1DFF808A16B
:100F900002900795DAE90004241AB4F5806F5AD25A
:100FA00034B1404422463146FFF76EFD0028CED1D1
:100FB000029B00220133325532780293039B374C57
:100FC0001F684AB1334840F2B311544010F8012F62
:100FD000A4FB0143002AF8D1049B03F1FF3B10E07E
:100FE000DDF824C00CF1FF32BCF1000F19D0FFF77F
:100FF00079FE002831462A48A9DB01340CF0B0F80C
:10100000D0B10BEA0404042209A907EB84052846A1
:10101000FFF73AFD0246224B41464846002ADFD000
:1010200095E7029B09A9069A28469A180992042274
:10103000FFF77EFD00288AD1029B0AF1040A059A77
:101040009342A7D1DDE9063503F580739D420693EF
:101050008BD800207DE7029AA021069B11481344FB
:10106000114A0BF019FB72E74FF0400C00211023DE
:1010700066463CE7CDE9007033460C4AA02109489A
:101080000BF00AFB63E700BF40F2022044F20220AB
:1010900000002120A0FE02204CF2022083039D7359
:1010A00040E5022094F10220C8130020081200201D
:1010B0002DE9F04F93B004464FF0000C994609908B
:1010C0008E469048A0427CEB0103C0F00981099B49
:1010D00003F101088C4B18684FEA8808033020F0B0
:1010E0000300186010EB0801884B1C684CEB0C03E4
:1010F0008C427CEB0303C0F0FB808044824B106089
:10110000C3F80080C9F8008013680E93099B53EA66
:101110000E0300F0D880DFF8FCA165466446CDF8E8
:1011200020C0CDF834E0CDF83C90CDE90ACC0821C0
:1011300010A8FFF703FB00287ED1754BDDE9106195
:101140009E4271F1000377D2B6F5806F71F1000312
:101150007CD231466F48FFF7F1FA00283DD10AF8FA
:10116000060050460CF0CCF9089A6B4BFF2C074652
:1011700043F8242004F1010247D0A7B30026DFF88A
:10118000AC910C92B34602E02644B7422AD9C5F589
:101190008054BB1B09EB05000AEB06019C4228BFEB
:1011A0001C462544224608F0B1F8B5F5805FEBD126
:1011B000564A18F58053494610682A464BF10005F7
:1011C000984240467BEB05052DD30793FFF7B0FC13
:1011D000DDF81C8005460028D6D04FF0FF3013B054
:1011E000BDE8F08F0C9A089B0B993B4409980D9C25
:1011F00008930A9B013341F100010A938C4208BF16
:1012000098420B9131D0144691E70E9C4FF48062C6
:1012100019462046FFF78CFC0028DED104F58063D8
:1012200002460E93A9E73D4D3D4C0FCD0FC40FCDA7
:101230000FC42B682370D0E7DDE90AC3394AA02127
:101240003748CDE900C30BF027FAC6E7DDE90AC34A
:1012500040F2FF30344A0296CDE90310CDE900C3D5
:10126000A0212F480BF018FAB7E72B4B0899DDF8AF
:101270003C9043F82210013292001DD18DB1234BD6
:1012800018EB050118684FF0000343EB0302884296
:101290009341C8D32A4640462449FFF749FC002819
:1012A0009BD11C9A00200999D9F800301160089A46
:1012B0001344154A136092E70E981749FFF738FC5C
:1012C0000028DBD089E7144B04220E981946C3F896
:1012D00000C0FFF72DFC00287FF47FAF0890E0E707
:1012E000134AA0210E48CDE9004E0BF0D5F974E762
:1012F000CDE9000443460F4AA02109480BF0CCF980
:101300006BE700BF00093D0040F2022044F20220DA
:1013100001000010A002032050F602203C1400201F
:1013200094F10220FC1300200C14002040D3022072
:10133000DC130020081200200048704794F10220BE
:101340003822002101480BF01DBB00BF58A9002026
:1013500030B5174C05468446A646BEE80F00ACE8FB
:101360000F0094ED025B94ED007BBEE80F0037EEBA
:10137000457BACE80F0094ED045B9FED0B6BBEE882
:101380000F0037EE457BACE80F00B4EEC76B9EE86C
:101390000300F1EE10FA8CE8030036FE076B85EDD2
:1013A000066B30BDAFF300800000000000000000BD
:1013B00058A9002000286FDB454B30B51C6E83B068
:1013C000844202D8002003B030BD14460D460246C8
:1013D000D3E91A013F4BFFF785FC0028F2DB3D4BB8
:1013E0001B78002BEED0002CECDD0020DFF8E4C0F1
:1013F000DFF8E4E04FF6FF7121E003F0E002C02ADD
:101400002DD003F0F002E02A48D00CF1010CBF23EC
:10141000FF2284428DF80530D5DD431C2A549C42BE
:1014200053DD02309DF805208442EA54D4BF0022E7
:1014300001229CF80030002BC5D0002AC3D01A0628
:10144000DBD43EF813200CF1010C8A421BD0431C64
:101450002A549C421846D4BF00220122E9E79B018E
:101460009CF8012003F4F86302F03F0213430222C8
:10147000B3F5007F944420D23EF813208A42E6D18F
:101480007F2B1AD8DBB284429DDD2B54013084427D
:10149000D4BF00220122CCE7002070479CF8022034
:1014A00002F03F0242EA03339CF80120920102F469
:1014B0007C62134303229BB2DAE79A0903F03F03ED
:1014C00062F03F0263F07F03A3E718460022B0E713
:1014D000A098002068FA022040ED02202DE9F04F8C
:1014E000DFF844B3D3B0DBF8A430002B00F0448124
:1014F0000378002B00F026824FF000099246CDE9D8
:101500000A0989463C2B00F03D810A9B1E78002E7B
:1015100000F02C81272E00F06481202E00F08881BD
:10152000002226F02003413BDBB2192B04D9C6F37D
:10153000C713002B00F004820A9B1A44104612F8CD
:10154000011F21F02003413B192BF7D9C909F5D11F
:101550000A9BC3F101085C1E8044AF4D0026DFF8F2
:10156000CCE22946B4460DE00120AB4A01F8403BED
:1015700002EB86120136464502F800C013DAB6F5D2
:10158000807F10D014F8013F02203EF8133003F0A2
:101590003F027F2B4FEA931762F07F02E4D967F096
:1015A0003F034A70E1E79D4B05F14002039603EBD0
:1015B000861309920693039B012BCDE90C85CDE997
:1015C0000E9A00F0AF804FF0FF316FF00043099E9C
:1015D00001254FF00008CDE904138F4B4746A8467C
:1015E00003EB871948460BF08BFF044630460BF09F
:1015F00087FF8246201822464946023082282DD88D
:1016000031A807F083FE0DEB04014FF02003601CAE
:101610000AF1010281F8C43031AB3146184407F0B9
:1016200075FEDBF86430CBB131A8DBF88410DBE960
:101630001C230090DBF88000FFF784FB00280DDB03
:10164000059A9042ACBF00230123002B0CBF134628
:1016500003460593049B18BF3B4604930135039B47
:101660004036AB42B9D1049B5A1C5BD04FEA831879
:10167000694C08F1400504EB8319254448460BF0FA
:101680003FFF064628460BF03BFF331807463F2B2B
:1016900048D8DBF87C3011AC3246494605932046E9
:1016A000DBF86830DBF878A00793DBF86C30089340
:1016B00007F02CFE7A1C2946A01907F027FE059991
:1016C00050460094DDE90723FFF73CFB002829DBA7
:1016D00020460BF015FF2146421C484607F016FE37
:1016E000049B039A0233934212DA099B069F08EB8C
:1016F0000306344640363546B7420FCD0FC40FCDF2
:101700000FC40FCD0FC495E80F0084E80F00F0D18F
:10171000039B013B0393069B403B0693039B012BDA
:101720007FF451AF039EDDE90C85DDE90E9A05EBF0
:1017300086140B9EDBE91A23DBE91E010095403578
:10174000FFF700FB002804DBB24515DD49F8260051
:101750000136AC42EED1002E0B960DDB0A9B4344C2
:101760000A930A9B1B78002B7FF4CCAEDDF82C90FB
:10177000484653B0BDE8F08F4FF0FF39484653B0AC
:10178000BDE8F08F0A9B5B787C2B7FF4BEAE0A9D90
:10179000234928460BF082FB00283FF4B6AE841C98
:1017A000651B3F2D3FF6B1AE2A460A9931A86D441C
:1017B00007F0ACFD002285F8C4200090DBE91A2375
:1017C000DBE91E01FFF7BEFA0028FFF69EAE0B9B79
:1017D0009A45D1DD0B9B0A9449F8230001330B9302
:1017E000BFE7104F0224984607F11C0506E0AF4200
:1017F0003FF496AE38680BF083FE04463968224603
:10180000404604370BF06AF90028F0D1002CADD027
:101810000A9BA0465C1EA0E6B406032074060320C3
:1018200060140020F0220020A098002040E3022055
:101830000A9B5B785BB3A3F10902D2B2172A67D87F
:10184000414921FA02F2D70747D5172100223E4B22
:10185000CB40DD0721D50A9B5C1EC3F10105224662
:1018600005EB020812F8010F3749A0F10903DBB2BA
:10187000172B21FA03F123D8C807F1D4B8F1010FCF
:1018800023DCB8F1010FB8BF4FF0010865E61A4636
:1018900017212D4BCB40DD07DDD40A9B9918A6F10B
:1018A00009032948DBB2172B20FA03F033D8C40709
:1018B00040D5012A0A9BB8BF01225C1E90464CE627
:1018C000B8F1010FDDDD0028DBD008F1FF38B8F1F9
:1018D000010FB8BF4FF001083FE60122A3F130012C
:1018E000C9B2092906D9A3F109011E46C9B21729AF
:1018F000ADD9D2E70A9B1A44114612F8013F303B9A
:10190000092BF9D90A9BC3F101085C1E884424E61F
:101910001E46012205E626F02003C6F3C710413B10
:10192000DBB2192BC5D90028C3D1A6F13003DBB235
:10193000092BBED911F8016F0132002EAFD1B8E7E3
:101940003346CBE7994613E7130080000000000000
:101950002DE9F04F2DED028BADF2C44D0024CDE901
:1019600004120B90002144F2A8028B480BF00AF8F5
:1019700041F21002002189480BF004F8884B38220C
:1019800021461C6030AD874B87481C70874B1C700C
:101990000AF0F8FFF7F71AF8854BC3E90001F7F7EB
:1019A0001BF8844B21464FF4806218602846824B16
:1019B0001C600AF0E7FF4FF48062FF217F480AF0C5
:1019C000E1FF012150ABAEAA43F8041F9342FBD1C3
:1019D00005F5207305F52C71012243F8042F994277
:1019E000FBD105F52D7305F57F70012243F8042F17
:1019F0008342FBD12A1F0023DFF8D8C16F4E114666
:101A000051F8044F1CB12CF8133026F813308142E2
:101A100003F10103F4D10024DFF8B8E1DFF89CC141
:101A2000214604F5807352F8046F9BB226B9013445
:101A30002EF811302CF81310824201F10101F0D17F
:101A4000042119A8FEF77AFE002840F07B84199A39
:101A50005B4B9A4240F0768404211AA8FEF76EFE92
:101A6000002840F0558408211EA8FEF767FE0028D4
:101A700040F04E84082120A8FEF760FE002840F0C8
:101A800047841E994F4B1F9A8B420A9270EB0202B9
:101A9000C0F06B85DDE920CE634570EB0E03C0F02E
:101AA00064855CEA0E031B9000F0F285834624AC4B
:101AB00082460E91CDE906CE082122A8FEF73EFE11
:101AC000002840F0528254E90267802E77F100032B
:101AD00080F04B8231462846FEF730FE002840F069
:101AE000A082A85504211CA8FEF728FE81460028E4
:101AF00040F0AB82DDF87080B8F1090F19D026AB49
:101B000001462822184608930AF03CFFB8F10C0F52
:101B100000F20F82DFE818F05E016B017A018701A5
:101B20009501A101AF01C301EA010D02E100E1004D
:101B30004A0104211DA8FEF701FE002840F0AC83F5
:101B400008212046FEF7FAFD002840F0A5831D9BE2
:101B5000082B00F0F7800C2B3ED91B4AA02113481C
:101B600000950AF099FD049B6BB1059B002B0ADDE3
:101B70000E4B1B78002B40F0F681144B144ADDE924
:101B800004010AF089FD4FF0FF3420460DF2C44DE8
:101B9000BDEC028BBDE8F08FA058002048990020D2
:101BA00048F2022064F1022058A9002094F102209A
:101BB00008EA002044F2022040F2022040ED022018
:101BC00047475546A08601001815002064140020E0
:101BD0008C11002040E30220BB4A52F82320002A47
:101BE000BBD0D4E90031A3FB020302FB0131FEF7B5
:101BF00003FF002840F0A5841BF1010BDDE906324C
:101C00004AF1000A524508BF5B457FF455AF1B9B64
:101C10004E46AE4A0E991366002B00F03B850A9B98
:101C20000B4300F03185002315960DF1980B0E46FD
:101C300006930993CDE90733DFF8ACC25F46BCE8F1
:101C40000F000FC79CE80F0087E80F00082122A8AB
:101C5000FEF774FD002840F0A28354E90273802F40
:101C600073F1000380F09B8339462846FEF766FD3A
:101C7000002840F0F284E85504211CA8FEF75EFD20
:101C8000002840F0AA831C9F042F00F2A683002F97
:101C900000F0EF81DA460BEBC70902E0CA4500F01D
:101CA000E881504608210AF1080AFEF747FD00289E
:101CB000F4D0049B002B3FF466AF059B002B7FF70D
:101CC00062AF834B1B78002B00F06383804B814A0B
:101CD000DDE904010AF0E0FC55E708212046FEF7A3
:101CE0002DFD002840F025819FED757BD4E9008310
:101CF0000993482E77F10007BFF47EAF764B1B683F
:101D00007F2B3FF779AF754F721C2946DE0107EB39
:101D1000C3108DED0C7B07F0F9FA099AC0F84880E2
:101D20002821C264089B6B4A9DED0C7B80ED147BDF
:101D300006F1580038440AF0AFFC674A13680133D3
:101D4000136059E7664928460BF00AFAD4E90067A0
:101D5000002800F02781634928460BF001FA00288B
:101D600000F03F8156EA07033FF446AF26AAB84683
:101D700037460026CDE908294FF0000908210898C8
:101D8000FEF7DCFC002840F0C683DDE92601FEF703
:101D900033FE002840F0BF83013649F10009C145F8
:101DA00008BFBE42EAD1DDF8249025E7082120468D
:101DB000FEF7C4FC002840F0BC8094ED007B51ECA1
:101DC000170B8DED0C7B09F00DFD804609919DED03
:101DD0000C7B8EE701212046FEF7B0FC002840F086
:101DE000A88094F8008009909FED357B81E7012160
:101DF0002046FEF7A3FC002840F09B8094F9008069
:101E00004FEAE8739FED2E7B099372E7022120468B
:101E1000FEF794FC002840F08C80B4F80080099014
:101E20009FED277B65E702212046FEF787FC00280F
:101E30007FD1B4F900804FEAE8739FED217B0993CD
:101E400057E704212046FEF779FC002871D1D4F829
:101E5000008009909FED1A7B4BE704212046FEF796
:101E60006DFC002865D1D4F800804FEAE8739FED3F
:101E7000147B09933DE704212046FEF75FFC002810
:101E800057D1D4ED007A2068B7EEE77A8DED0C7B60
:101E900009F096FC804609919DED0C7B29E7012114
:101EA0002046FEF74BFC002843D194F800800990AF
:101EB000B8EB00089FED027B18BF4FF0010818E750
:101EC0000000000000000000E0060020A0980020B4
:101ED00094F102208C11002048F2022090A90020E9
:101EE000E814002000150020800200200821204670
:101EF000FEF724FCE8B9A14BD4F80080626898454D
:101F000072F1000315D2B8F1280F4146964672F1DE
:101F1000000C80F0DB810898CDF83CE00C92099130
:101F2000FEF70CFC09990C9ADDF83CE0002800F063
:101F300020822B46924AA02192480AF0ADFB049BD6
:101F4000002B3FF420AE059B002B7FF71CAE8D4B82
:101F50001B78002B00F02E838A4B8B4ADDE90401AD
:101F60000AF09AFB0FE6874B08E6884AA0218548CD
:101F7000CDF800B0CDF804A00AF08EFB049B002B36
:101F80003FF401AE059B002B7FF7FDAD7D4B1B7829
:101F9000002B40F09E817E4B7B4ADDE904010AF074
:101FA0007BFBF0E51BAB304639460093794B1A1F9B
:101FB000FFF77EF800283FF41FAE049B002B3FF490
:101FC000E2AD059B002B7FF7DEAD6E4B1B78002B3F
:101FD00000F0F6826B4B6C4ADDE904010AF05CFB11
:101FE000D1E56D4A3046394602F1100300920C32B9
:101FF000FFF75EF800283FF4FFAD049B002B3FF491
:10200000C2AD059B002B7FF7BEAD5E4B1B78002B4E
:1020100000F036835B4B5C4ADDE904010AF03CFBCF
:10202000B1E5049B002B3FF4AEAD059B002B7FF781
:10203000AAAD544B1B78002B00F0AF81514B524A94
:10204000DDE904010AF028FB9DE5049B002B3FF429
:102050009AAD059B002B7FF796AD4A4B1B78002B62
:1020600000F09981474B484ADDE904010AF014FB6E
:1020700089E504211DA8FEF761FB002840F02683B6
:1020800008212046FEF75AFB002840F01F83DBF8AA
:102090000030284641490C93DBF80430DDF874A089
:1020A0000F93DBF808301093DBF80C301193DBF85A
:1020B00010301293DBF814301393DBE9068314938A
:1020C000D4E9002343EC182B0BF04AF8002800F069
:1020D0006882334928460BF043F8002800F0FB8063
:1020E000304B2A689A4200F0FE812F4B2A689A42B0
:1020F00000F0BA810C9B119ADDE90F0103FB02F29B
:1021000001FB00221298A3FB01310A44139903FB3F
:1021100001F100FB0211A3FB003208981144149A4C
:1021200003FB02F208FB0122A3FB08311B180A443F
:102130000999089342EB0102079B0A990992069AB2
:10214000013243F100030692994208BF9642079379
:102150007FF472AD159E154B154A19681068DA6840
:102160005B68814612EB010B43F10007002840F346
:102170004A82DFF840A00024D04621E00100001090
:10218000BC14002094F102208C110020A414002023
:10219000641400200C99002004990020841500206C
:1021A000981500206F757470626C6B2E4899002032
:1021B00048F2022090A9002001344C4500F09F8293
:1021C0004046974908F180080AF0CAFF0028F3D179
:1021D0000AEBC413934AD3E912430692012C42E955
:1021E00002B773F1000218DB58463946224698467A
:1021F00009F0CEFA11461A4652EA01030DD014EB4B
:102200000B0447EB0803641A63EB0203069AB9F167
:10221000000F42E9024340F30282834CA246079436
:1022200003E001364E4500F0FA8120467F498034B4
:102230000AF096FF0028F4D10AEBC6137C4A282145
:102240007C4858330AF028FA7B497A480AF088FF1C
:102250008146002840F04884784B6021784A28461F
:102260000093744B0AF018FA764BD3F80080C845F7
:1022700040F338846C4E4C4603E00134A04500F036
:102280004D823046294680360AF06AFF0028F4D194
:102290000AEBC414A36C42E22B466B4AA0216B48A4
:1022A0000AF0FAF9049B002B3FF46DAC059B002B60
:1022B0007FF769AC654B1B78002B00F04081634BC6
:1022C0005B4ADDE904010AF0E7F95CE48646272170
:1022D00021E65E4B60E63B4651465A465C488DED32
:1022E000008BFEF727F900283FF404AF049800287C
:1022F0003FF449AC059900297FF745AC534B554C49
:102300001A78002A08BF2346494A0AF0C5F93AE478
:10231000514D4E4E0FCD34460FC42B682370049B95
:10232000002B3FF430AC059B002B7FF72CAC3278B0
:10233000484BDDE90401002A18BF33463C4A0AF045
:10234000ABF920E4454B414C0FCB84E80F00049BD4
:10235000002B3FF418AC059B002B7FF714AC2378BF
:10236000002B55D02346324ADDE904010AF094F9E6
:1023700009E4089B5854B8EB010062EB0E01FEF72C
:102380003BFB00287FF4D5AD804609909FED227B72
:10239000AFE4304B9BE42F4B65E62E4B4FE6069B9C
:1023A000A0212F4A0093079B284801930AF074F953
:1023B000049B002B3FF4E7AB059B002B7FF7E3ABBF
:1023C000224B1B78002B00F0A781204B184ADDE937
:1023D00004010AF061F9FFF7D6BB2B46214AA02180
:1023E0001A480AF059F9049B002B3FF4CCAB059B2B
:1023F000002B7FF7C8AB154B1B78002B00F0DE805D
:10240000124B0B4ADDE904010AF046F9FFF7BBBBAA
:10241000104BA8E7AFF300800000000000000000B0
:10242000F81500200099002090A900202416002013
:102430008C11002064F102203C1600207C16002044
:102440007416002048F20220D014002094F10220DB
:10245000B0980020641400207C1400206C1400202C
:102460004C1500205C1500202B794FF0000CA3F1D7
:102470003002D3B2092B3FF63DAE31A90CEB8C0CE8
:10248000084611F8013F02EB4C0CA3F130025FFA51
:1024900082FEBEF1090FF1D92E2B7FF42BAEBCF1D9
:1024A000270F00F3A980831C4FF000090E93A74B60
:1024B000CDE9167BC346B046664653F8391003EBA8
:1024C000C9070E9809F101090AF04AFE9F4B00283E
:1024D0007AD0B9F10C0FF0D12B469D4AA0219D482E
:1024E0000AF0DAF802E7319A9B4B9A427FF4FDAD8D
:1024F000329A9A4B9A427FF4F8ADBDF8CC30742BE7
:102500007FF4F3AD3B4651465A4695488DED008B1E
:10251000FEF710F8E7E6049B002B3FF434AB059B75
:10252000002B7FF730AB8B4B1B78002B4AD0894BAD
:102530008C4ADDE904010AF0AFF8FFF724BB8A4BAF
:10254000BEE6049B002B3FF41EAB059B002B7FF7E0
:102550001AAB804B1B78002B2ED07E4B814ADDE9D5
:1025600004010AF099F8FFF70EBB804D794E0FCDAC
:1025700034460FC42B68049824F8023B1B0C2370CC
:1025800000283FF400AB059900297FF7FCAA3278B8
:10259000754B002A18BF3346724A0AF07DF8FFF7E0
:1025A000F2BA3B4651465A4671488DED008BFDF715
:1025B000C1FF98E66C4BD0E46B4BCFE76A4B20E74A
:1025C000694B08E5684BB3E73A46B446169F464662
:1025D00050684FF4CC72D846DDF85CB002FB0CF2C8
:1025E0003B4651463032024462488DED008B104428
:1025F0005A46FDF79FFF76E663465F4AA02155489D
:102600000AF04AF872E65D4B1BF01F014FF0000222
:10261000069343E902B702D020249046EFE54D4EE1
:10262000574D34460FCD0FC495E80300049B84E852
:102630000300002B3FF4A7AA059B002B7FF7A3AA5A
:102640003378494ADDE90401002B0CBF13463346B9
:10265000444A0AF021F8FFF796BA049B002B3FF496
:1026600092AA059B002B7FF78EAA3A4B1B784BB1A1
:10267000384B3C4ADDE904010AF00EF8FFF783BA53
:10268000394BC8E4384BF4E70A9B0891099362E59B
:102690003C4B18662F4E3C4D34460FCD0FC495E889
:1026A000070003C40498227000283FF46CAA05991F
:1026B00000297FF768AA33782B4A002B0CBF1346FA
:1026C0003346284A09F0E8FFFFF75DBA2B462F4A48
:1026D000A021204809F0E0FF049B002B3FF453AAFF
:1026E000059B002B7FF74FAA1A4B1B7893B1194B10
:1026F0001C4ADDE9040109F0CFFFFFF744BA1F4B84
:102700001BF01F014FF00002069343E902B73FF4AC
:1027100084AD81E7144BEBE7134B57E600231C4ACB
:102720006021DFF850B028460092CBF80030194AFB
:10273000194B09F0B1FF194BD3F80080B8F1000F25
:1027400040F3AE81164E002430E000BF1807002091
:10275000E015002094F1022075742E776569676892
:10276000D09800208C1100206414002090140020C8
:1027700090980020A0580020C41500200099002047
:102780000C160020A0980020301500206C150020A9
:10279000881600207416002064F1022048F20220FE
:1027A00090A900200134444500F07A813046294642
:1027B00080360AF0D5FC0028F4D10AEBC414A36CCF
:1027C000CBF804306021BA4B2846BA4A0093BA4B82
:1027D00009F062FFB94BD3F80080B8F1000F40F365
:1027E0006181B74E002403E00134A04500F05A8116
:1027F0003046294680360AF0B3FC0028F4D10AEBB3
:10280000C414A36CCBF808306021AE4B2846A94A0B
:102810000093A94B09F040FFA84BD3F80080B8F112
:10282000000F40F34181A64E002403E001344445EB
:1028300000F03A813046294680360AF091FC0028A3
:10284000F4D10AEBC414D4F848809F4B6021CBF834
:102850000C8028460093974A974B09F01DFF974B31
:102860001F68002F10DD964E002402E00134BC42A8
:102870000AD03046294680360AF072FC0028F5D18D
:102880000AEBC414D4F84880904B6021CBF8108038
:1028900028460093874A884B09F0FEFE874BD3F801
:1028A0000080B8F1000F40F33881854E002403E02A
:1028B0000134444500F031813046294680360AF023
:1028C0004FFC0028F4D10AEBC41494ED147BB7EE4E
:1028D000C77B7F4B60218BED0A7A28460093754AAF
:1028E000754B09F0D9FE754BD3F80080B8F1000F95
:1028F00040F31681724E002403E00134444500F099
:102900000F813046294680360AF02AFC0028F4D18F
:102910000AEBC41494ED147BB7EEC77BDBF80030F0
:102920008BED0B7A002B00F00581DBF80430002BD7
:1029300000F00081DBF80C30002B00F0FB80DBF8AE
:102940001030002B00F0F680624B6021594A284677
:102950000093594B09F0A0FE584BD3F80080B8F112
:10296000000F40F3E080564E002403E0013444455C
:1029700000F0D9803046294680360AF0F1FB002865
:10298000F4D10AEBC414A36C002B00F0CC80DBF86C
:102990000C2003FB02F260212846CBE90532DBF86C
:1029A000102003FB02F24C4BCBF81C200093414A51
:1029B000414B09F071FE414BD3F80080B8F1000F94
:1029C00015DD3F4C03E009F10109C1450FD0204658
:1029D000294680340AF0C4FB0028F4D10AEBC9135D
:1029E000D3E91223012A73F1000380F2BF80DBF8E0
:1029F0000840DBE90092DBE90310B9F1280F00F38E
:102A00003082B2F5006F00F32C82DBF81830B3F59A
:102A1000006F0A9300F32582B4F52C5F00F3218246
:102A2000DBF81C30B3F5007F00F31B82082800F3AD
:102A30001882102900F3158291FBF0F300FB1316A6
:102A4000002E40F00E82254B9B68002B00F0ED819C
:102A50002249B8F1000F8B6C0C93B3FA83F34FEA61
:102A600053130B6551F80C3CCBF8203040F3D48065
:102A7000CDF838A00024124F924603E001344445BB
:102A800000F095803846164980370AF069FB002827
:102A9000F4D15246DDF838A00AEBC414A36C8BE0E5
:102AA00000238DE60023ADE64FF00008CDE600BF21
:102AB0009C1600207416002064F1022048F20220C7
:102AC00090A90020B0160020C8160020E0160020B3
:102AD000041700203817002050170020A09800206D
:102AE000F81700204B461AE6404BA021404A4148C7
:102AF00009F0D2FD049800283FF445A80599002963
:102B00007FF741A83B4B3C4C1A78002A08BF23466C
:102B10003A4A09F0C1FDFFF736B89FED397AD8E699
:102B20009FED387AFAE6DBF80C20DBF8043093FBF3
:102B3000F2F32EE72F4E344D34460FCD0FC40FCD98
:102B40000FC42B680498237000283FF41CA8059933
:102B500000297FF718A83378274A002B0CBF1346AB
:102B60003346264A09F098FDFFF70DB8214E274D50
:102B700034460FCD0FC40FCD0FC495E8070003C432
:102B8000049824F8022B120C227000283EF4FBAFAC
:102B9000059900297EF7F7AF3378174A002B0CBF51
:102BA00013463346154A09F077FDFEF7ECBF52464F
:102BB0004FF0FF33DDF838A0154957460024924600
:102BC000C1F8883003E00134444500F0678107987C
:102BD00010490AF0C5FA079B803307930028F2D109
:102BE000524607EBC41ADAF848301CE064F10220C0
:102BF0004416002094F10220641400208C1100205F
:102C0000BD37863500401C46141700206017002091
:102C1000A0980020141800204FF0FF33A049C1F8FD
:102C200088304FF0FF339E48069CC0F88C3054F833
:102C300008CC0368416813EB0C03036054F8043CB0
:102C400043EB010141600C9959B144F240045BF837
:102C5000041011EB0C014BF80410416C43EB010123
:102C600041648F49896A002900F0028244F22004FD
:102C70008C484FF0000A5BF8041011EB0C014BF884
:102C80000410416843EB0101B9F1000F416040F3CA
:102C90002781854CCDF81CA004F1E00004F18001EF
:102CA00004F1200704F14008E86104F580700E91FA
:102CB00004F16009286204F59070296104F1A00113
:102CC000686204F5A0700C91AE46696104F1C00120
:102CD000A86204F5B0702C606F60C5F80880C5F874
:102CE0000C900F91A961E8625EF8041B886938B105
:102CF000086910EB0C000861486943EB000048616B
:102D00003CA97145F0D10A992046684B0096FDF721
:102D10005DFC002840F0978100963846644BDBF854
:102D20000420DBF81C10FDF751FC002840F08B81DB
:102D3000009640465F4BDBF80420DBF81C10FDF7E3
:102D400045FC002840F07F81009648465A4BDBF84E
:102D50001820DBF80410FDF739FC002840F07381DF
:102D60000096564B0E98DBE90121FDF72FFC002859
:102D700040F069810096524B0C98DBE90121FDF788
:102D800025FC002840F05F8100964E4B0F98DBE950
:102D90000112FDF71BFC002840F05581D4F8F830F3
:102DA00053B3D4F818313BB30E9A25AB2CA8CDF809
:102DB000A4902A920C9A26942B920F9ACDE9277808
:102DC000079F2C9253F8042F51689842D268E1FB78
:102DD00002A7F7D10136DBF800300797B34240F382
:102DE0008180069B04F5CC74DBF81810DBF8042016
:102DF0000A9153E902C34FE73346334AA0213348CF
:102E000009F04AFC049800283EF4BDAE059900295B
:102E10007EF7B9AE2D4B2E4C1A78002A08BF2346F8
:102E20002C4A09F039FCFEF7AEBE2B4D274C0FCDD6
:102E30000FC495E8030044F8040B0498217000289F
:102E40003EF4A1AE0599B1427EF79DAE1F4B204CDA
:102E50001A78B24208BF23461E4A09F01DFCFEF74D
:102E600092BECDE9021000924B461C4AA0211748A1
:102E7000019409F011FC049800283EF484AE0599F1
:102E800000297EF780AE114B114C1A78002A08BF3A
:102E90002346104A09F000FCFEF775BE5246C0E614
:102EA000A0980020C0980020D0580020481800208A
:102EB0005018002058180020601800206C180020BE
:102EC00078180020801800208C18002094F102202F
:102ED000641400208C110020E01700208C170020C3
:102EE000CDF81CA07148DBF80410036AA0F1400281
:102EF000002B08BF024693688B4274D1136823F0FD
:102F00000401082902D00E2B40F08580684B694CE3
:102F1000D3F8FC7F53680693D36800940A93231F69
:102F200053F8180C53E90412FDF7CEFF05460028AC
:102F300040F00182604B586E002840F0DE81DBF8E3
:102F400000305E4A8342D2F8009040F3C7805C4C68
:102F500029E0DBF8041004F12000FDF73BFF04F149
:102F6000A80258BBDBF8181004F14000FDF732FF4F
:102F700004F1AC0210BBDBF81C1004F16000FDF79B
:102F800029FF04F1B002C8B904F18000DBF81C107D
:102F9000013504F5CC74FDF71DFF78B9DBF800307E
:102FA000AB4240F39B8004F1A002DBF80410204602
:102FB000FDF710FF04F1A4020028CAD0049B002BE7
:102FC0003EF4E1AD059B002B7EF7DDAD3D4B3E4C65
:102FD0001A78DDE90401002A08BF23463B4A09F0BC
:102FE0005BFBFEF7D0BD3A4AA021364809F054FBFE
:102FF000049800283EF4C7AD059900297EF7C3ADBB
:10300000304B314C1A78002A08BF23462F4A09F06A
:1030100043FBFEF7B8BD2F4AA0212A4809F03CFB2C
:10302000049800283EF4AFAD059900297EF7ABADBA
:10303000244B254C1A78002A08BF2346234A09F05E
:103040002BFBFEF7A0BD049B002B3EF49CAD059B23
:10305000002B7EF798AD1B4B1B4C1A78DDE9040161
:10306000002A08BF2346194A09F016FBFEF78BBD5C
:10307000144E194D34460FCD0FC495E8030044F8A3
:10308000040B0498218000283EF47DAD05990029A9
:103090007EF779AD33780C4A002B0CBF13463346CC
:1030A0000A4A09F0F9FAFEF76EBD00BFD098002079
:1030B000A08800201C990020A098002040F2022047
:1030C000B059002094F10220641400208C110020DB
:1030D000A4180020BC180020301800209F4ADBF8FC
:1030E0000410A2F14400FDF775FE0146002840F0EF
:1030F000F1809B4B1A689B4BD3F8008008F11003BA
:10310000934280F0C780DBF80040103ADBF81C5097
:103110004FF0040EA2EB0800DBF81060E3172A461C
:103120004FEAE57CC6FB0E2C02FB03F304FB0C33D9
:10313000A2FB042C921863445B4108F029FB40F683
:10314000010203468C46904271F1000280F0BF807C
:10315000102871F10001C0F09F8003FB04F4824944
:10316000CBF8243004FB05F0FDF77AFA00287CD177
:1031700004FB05F07D49FDF773FA002875D106FBC5
:1031800004F47B49A000FDF76BFA00286DD1A00084
:103190007849FDF765FA0446002866D1714B764AF6
:1031A0001B680B98C2F8A0300123C2F8A430002895
:1031B00054D017EB0A0507994FF06002824641F19F
:1031C0000006214609F0DEFB6B4B06990A9FD3E906
:1031D0002223E1FB0756CAE90E56CAF82830664B8F
:1031E000DBF82450CAF82420D3F8A0205B6ECAE98B
:1031F0001023A8EB0903A2EB0802CAE91293DBF83B
:103200002030CAF82050CAF81C30DBF80030CAF869
:103210000030DBF80430CAF80430DBF80830CAF8B4
:103220000830DBF80C30CAF80C30DBF81030CAF884
:103230001030DBF81430DDE90801CAF81430DBF88F
:103240001830CAF85020CAF818304C4BD3E9006740
:10325000CAE90C6708F066FACAE9160138220021AB
:10326000474809F08FFBFEF790BC049B002B3EF40F
:103270008AAC059B002B7EF786AC424B424C1A78F9
:10328000DDE90401002A08BF2346404A09F004FA98
:10329000FEF779BC034684463D4AA0213948009395
:1032A000CDF804C009F0F8F9049800283EF46BAC9E
:1032B000059900297EF767AC324B334C1A78002A07
:1032C00008BF2346314A09F0E7F9FEF75CBC4FF42A
:1032D000006342E7049800283EF455AC05990029A4
:1032E0007EF751AC274B284C1A78002A08BF23469A
:1032F000264A09F0D1F9FEF746BC04F10803009311
:10330000231D53E90412FDF7DFFD00283FF417AE3B
:10331000049800283EF437AC0599A9427EF733ACF7
:10332000184B194C1A78AA4208BF2346174A09F0CD
:10333000B3F9FEF728BC049800283EF424AC0599A4
:1033400000297EF720AC0F4B0F4C1A78002A08BFDB
:1033500023460E4A09F0A0F9FEF715BCF4980020A8
:1033600044F2022040F202203099002034990020DB
:10337000389900203C990020A098002008EA0020FD
:1033800058A9002094F10220641400208C11002020
:10339000CC1800202DE9F04F8046B448D0F8A400A6
:1033A0002DED068B95B0002800F0DA841546002933
:1033B000AF4A1F460491546AC0F2C984A14280F208
:1033C000C684B8F1000FC0F2BB84A94B1B6A434509
:1033D00040F3B684F5F708FBA54BB0EE408B03F540
:1033E00040545E6803F580420A96A4F54056D4F82E
:1033F000FC3FD6E9046BD2E900020B96A4F54056D7
:103400000392F66803990396A4F54056E8FB03017E
:10341000984AD6F81CA0FDF753F90346002840F05F
:103420002283954A93490092D4F8F82FD4F8F00FEC
:10343000EEF7F0FD002840F0A18432680A9E824237
:103440004FEA860C40F322840B9B039A4FEA8309D0
:103450008A4C0990CDF834C092FBF3F2884B069267
:1034600003EB8B030E935346DA469B46CDE90F5789
:10347000049F0D9B93B10D9D82492A46D4F8C0004C
:10348000FDF702FB002840F0EE822A467E49D4F880
:10349000C400FDF7F9FA002840F0E582A36F5BB1A4
:1034A000734B9B699A0007D07849D4F8C800FDF7A0
:1034B000EBFA002840F0D782D4F89830002B00F0C7
:1034C000C0825FEA8B050DD02A467149D4F8CC0042
:1034D000FDF7DAFA002840F0C682D4F8B830002BA5
:1034E00040F0B882624D0A9995ED0A0A6548FDF7E9
:1034F000A3FB684B68480193684B0093002354F882
:10350000B82CEEF787FF00225D4BA4F1C000A9693B
:10351000FDF774F90246002840F0A582604BA4F143
:10352000A000E969FDF76AF90246002840F09B8295
:103530005C4BA4F18000E969FDF760F9002840F0D8
:103540009282A36F002B40F0B182D4F89830002B08
:1035500040F0C482D4F8B830002B40F0EA83444BEA
:103560005246039993ED0B9A3B464548B0EE490A03
:10357000FDF7E6F90B9DB0EE490A3B465246294657
:103580004748FDF7DDF9002D33DD464E464B00255B
:10359000CDF81CB0D3460493B246444B089700279D
:1035A00005932346DFF80C814C4699463C485B4620
:1035B0003F4E013700EB8500DDE90412FCF76AFF9E
:1035C0005B4642460AEB8500711908F10408FCF7D6
:1035D00061FF049B5D445B440493059B04330593A6
:1035E0000B9BBB42E2D14B46DA46A1461C46DDE9C5
:1035F00007B71F4B099A5B6A0593A3FB0232DB19DD
:10360000BBF1000F25D01A4D274905F58046E86922
:10361000D6F8902000FB03205A46FDF789FA0028CF
:1036200040F021826B6A099AE869A3FB0232D6F85E
:1036300094201F49DB1903FB00205A46FDF778FA56
:10364000002840F010826B6A099A0593A3FB0232AE
:10365000DB19B9F1000F4FD0054A1449126902FB7A
:1036600003F3024AD2F8980026E000BFA098002099
:10367000A058002000002120501602209059002060
:1036800030EC0120101A0120103A012010F2002025
:1036900010EA002050A1022050360220507602206D
:1036A000105A0120300C022010EA012010EC0120F9
:1036B00030140220301602204A4600EB8300FDF74A
:1036C00037FA002840F0CF81B84D099A6B6AB849A3
:1036D000A3FB02322A69DB1903FB02F205F58043E2
:1036E000D3F89C0000EB82004A46FDF721FA00283F
:1036F00040F0B9816B6A059307EE90AAB8EEE70A2D
:10370000B5EE400AF1EE10FA00F13383F1EEC07A23
:103710007B1C00260C93B7EE007ACDE9114787EEAB
:10372000279A0C9B099D9C1B059B402CA3FB050322
:10373000A8BF4024801904FB0BF292B19B4F07F500
:103740008043F969D3F8903001FB00309949FDF7C7
:103750009BF9002840F087817B6A0593A3FB050352
:1037600080190B9B04FB03F39A0011D08F4D9249F3
:103770002B6903FB00F005F58043D3F8983003EB89
:103780008000FDF781F9002840F06D816B6A059398
:10379000039B002B4ADDA319DFF82CE200220E99CF
:1037A00008930EEB8603854F944607931396069B6A
:1037B000049292FBF3F0089B0AFB00F503EB0C0666
:1037C000079B03EB8C047C4B0EEB860603EB80001F
:1037D000BAF1000F9FED7A7A10DD7A4B5A193B4609
:1037E00012F9018FF3EC016A07EE908A9942F8EE24
:1037F000E77A67EEA67A37EE277AF1D1D0ED007A34
:103800005D44484427EE277A27EE097AA4EC017A32
:10381000A642DDD1059B07EB8A07049A01EB8A01DA
:103820009C44039B01329342C1D1139E40360C9BB2
:10383000B3423FF776AF039B002BDDE911474ADD2A
:10384000059BF7EE00AA9FED5EAA4FF000089B00D3
:103850005D4D04935D4B03EB8706CDE907940C9B0C
:1038600095ED009A012B00F018812B1DF3EC017AE5
:10387000F4EEC97AF1EE10FA37FE899A9E42F5D13C
:10388000DFED4F9AA946002499ED000A30EE490A6F
:1038900007F06AF9A74279EE809A04F10104A9ECD5
:1038A000010AF1DC8AEEA97AAC460021DCED007A4F
:1038B0008F4201F1010167EE277AECEC017AF5DC29
:1038C000049A08F1010315441644039A98469A4253
:1038D000C5D1DDE90794354B9A69002A04DD9200D1
:1038E00000213B4809F04EF8394B0026059803EBC0
:1038F0008A0311970893099DA0FB05030C9B9F1B4E
:10390000402FA8BF4027801907FB0BF292B1274B2D
:10391000D96903F58043D3F8943001FB0030254981
:10392000FDF7B2F8002840F09E80204B586AA0FBBB
:10393000050380190B9B07FB03F39A000ED01B4B6A
:103940001D491B6903FB00F0224BD3F89C3003EBAD
:103950008000FDF799F8002840F08580039B002B3C
:1039600067DD124B0022B81908995B6A9446184F1C
:103970000593154B03EB8603CDE912460793124BD3
:1039800000EB0C0EBAF1000F03EB8E0E079B03EB5E
:103990008C047BDD069BCDF810A092FBF3F5064B63
:1039A0000AFB05F603EB850516E000BFA0580020D2
:1039B000301602201062012010E2012030EC0120BC
:1039C000000000000F6201200000222004002220DD
:1039D00050360220A0980020D4ED006AD5ED007A80
:1039E000614B66EEA76A03EB060A3B461AF9018FA4
:1039F00093ED007A07EE908AF8EEE77A67EEA67A02
:103A000077EE877AE3EC017A8B42EFD104345E449F
:103A10004D447445E0D1DDF810A0059B013207EB61
:103A20008A079C44039B01EB8A019342A7D1DDE9FD
:103A3000124640360C9BB34240F3A8804B4B586A69
:103A400059E7D4F8B830002B3FF44CAD5FEA8B0552
:103A50003FF448ADD4F8D0002A464549FDF714F8A4
:103A600000283FF43FADF4F7BFFF424B30EE480B68
:103A700093ED007B37EE007B83ED007B4FF0FF3B47
:103A8000584615B0BDEC068BBDE8F08F231D0834F9
:103A90007345C2D07445F9D1BFE739EE490A07F042
:103AA00063F870EE0A9A85ED000AFBE62F4B9A69DF
:103AB000002A7FF74AAD304B304903EB8202D3ED49
:103AC000007AB1EC017A77EE877AE3EC017A9A42D8
:103AD000F5D1D4F89830002B3FF43CADBBF1000F8A
:103AE0007FF73DAD264B4FEA8B05264A03EB8B0152
:103AF000D3ED007AB2EC017A77EE877AE3EC017AC3
:103B00008B42F5D1D4F8B830002B3FF428AD1E4ECF
:103B1000174A35443346D3ED007AB2EC017A77EE9A
:103B2000877AE3EC017A9D42F5D1104B5246039916
:103B300093ED0B9A3B461048B0EE490AFCF700FFA4
:103B40000B9DB0EE490A3B46524629460C48FCF70D
:103B5000F7FE002D3FF71AAD044B099A5B6AA3FBF1
:103B60000232DB194FE500BF0F620120A058002090
:103B70001012012058A9002030EC012010F2002082
:103B8000105A012010EA0020300C02200A9DA4F1F6
:103B900060007F4A2B467F49119FFDF71DF80028E2
:103BA0007FF461AF85420DDD7B4B0D98784A191883
:103BB000D3ED007AB2EC017A77EE877AE3EC017A02
:103BC0008B42F5D1754B0A991D4693ED0A0A74484C
:103BD000FDF732F8AB686F49A4F14000714AFCF779
:103BE000FBFF00287FF43FAF6C4DA4F120006E4A2C
:103BF000AB686849FCF7F0FF00287FF434AFAE688B
:103C000086421BDD674DF7EE009AB846274605EB66
:103C10008606654C95ED009AB1EE490A06F0A4FFC0
:103C200030EE297AF4EC016AC9EE077A67EEA67ADB
:103C3000E5EC017AB542EDD13C4647460A9B204669
:103C4000534A5849FCF7C8FF00287FF40CAF0A9B81
:103C500083420DDD504B0D984D4A1918D3ED007A73
:103C6000B2EC017A77EE877AE3EC017A8B42F5D1F8
:103C7000099B04F5CC745A1C484B1B68099293426B
:103C80003FF7F7ABDDF834C0DDE90F57BCF1000FAB
:103C900008D0464B62464649586DFCF7F5FE0028B1
:103CA0007FF4E1AE3D4B0A9993ED0A0A4048FCF7D8
:103CB000C3FF3E4BDFF824911A6D3E4C3E4BDFF8BC
:103CC00020A1C9F8003023600023DFF81881CAF86A
:103CD00000304FF0FF33C8F80030002A56D0374884
:103CE0002E4B00222B491B6AFCF776FF83460028E7
:103CF0007FF4B9AE15B1DAF800302B6017B1D9F8FE
:103D000000303B60249B1BB1D8F80030249A13602C
:103D1000259B13B12368259A1360F4F765FE284BA1
:103D200030EE480B93ED007B37EE007B83ED007B9C
:103D3000A6E6BBF1000F7FF712AC4FEA8B05E6E673
:103D40004346204AA021204808F0A6FC96E6013C04
:103D5000049B1E4AA02100941B4808F09DFC8DE6A0
:103D60001B4B194C0FCB07C41A0C24F8023B2270D2
:103D700084E606F0D1FEF0EE407AC9E4D4F8F03FD4
:103D8000A021144A104808F087FC6CE61248A7E707
:103D9000505602205036022050160220A058002013
:103DA000103A012000AC242000002420A09800201C
:103DB000101A012090F10220000080FF909800204E
:103DC00058A900202819002094F102200C19002085
:103DD000FC18002048190020D09800208CF1022007
:103DE00038F202203CF2022030B500F1240385B005
:103DF0008C460446154693E8070001AB83E80700AC
:103E00004FEA4C121946206A01F0C8F8012806D181
:103E10002A4601A9206A01F07DF805B030BD0020D6
:103E200005B030BD10B5044600F01AFD002384F83B
:103E3000313084F8333010BD90F831C0BCF1000F40
:103E400001D00020704710B582B00C463822614680
:103E5000019008F097FD0122019B402110461C6251
:103E600083F8332083F8311002B010BD70B51446CA
:103E70000A781E460B46202A04D113F801CFBCF164
:103E8000200FFAD02360A360197881B32F2920D0A6
:103E90005A1C184DA1F1220C1F295FFA8CFC07D97E
:103EA000BCF11D0F25FA0CFE04D81EF0010F05D041
:103EB000002070BD01F0DF035C2BF9D02E291346E2
:103EC00002D0202918BFA26012F8011B79B12F2956
:103ED000E0D113F801CFBCF1200FFAD0BCF12F0FC5
:103EE000F7D021463360BDE8704000F029BF2F298C
:103EF000EFD0F6E7012100352DE9F04F90F833308F
:103F000083B00446DD076FD558060E46924640F151
:103F1000AA80D4E90023D4E904101AEB020543F186
:103F20000003A94270EB0303C0F0A380BAF1000FB5
:103F300056D05546D4E90032276AD7F8381411EA2A
:103F4000030970D1134370D194F831305A064CBF35
:103F5000D7F83414E169A16197F845240239D7F8FC
:103F60002C34C9F3080B914040F2FF1003EB5923A6
:103F70001944BBF1000F42D1854240D9D7F81C0249
:103F800081423CD0B5F5806F56D301239340A3EB1B
:103F900059296B0A994528BF994681420AD801EBF5
:103FA0000903984206D207F50470019104F008FD58
:103FB0000199C8B1D7F814024B46324607687F69A9
:103FC000B84788B14FEA49294B464E44D4E900121C
:103FD0005B1842F10002B5EB0905C4E90032ABD130
:103FE000504603B0BDE8F08F94F832304FF0FF3008
:103FF00043F0020384F8323003B0BDE8F08F0022B2
:1040000007F5047004F006FD0028EDD0CBF500792B
:1040100000EB0B013046A94528BFA9464A4605F0EA
:1040200075F94B46D1E7A16996E794F83330A16959
:104030005B060DD501318EE7D7F8140232460368CE
:104040001B6998470028CFD04FF400739946BCE70E
:1040500004F11802384600F079FF0028C4DB0BD0C9
:10406000276AA16978E794F8313019077FF55EAFC8
:104070004FE7A1EB020A59E794F8313013F0500FE3
:10408000B2D0AAEB050A5046ABE700BFF0B583B04B
:104090000122044685690DF10701D0E90067FFF7A9
:1040A0002BFF0128A5610CBF9DF807004FF0FF30E2
:1040B000C4E9006703B0F0BD2DE9F04F044690F865
:1040C0003110806983B0804600295BD0D4E900CEEE
:1040D0009E4508BF94455FD052EA030058D00F07B1
:1040E00004D5D4E90450954298414BD3206A551E1B
:1040F00094F83360834690F84504009663F1000617
:104100000930C0B225FA00F9C0F12007A0F120055E
:10411000BA4606FA07F7019526FA05F5009E49EA20
:104120000709760649EA05053AD41CF1FF3626FA56
:1041300000F04EF1FF365CEA0E0E06FA0AF7009721
:10414000019F26FA07F6009F40EA070040EA0600B2
:1041500001D0854228D249064CBFDBF83414E1690E
:10416000A1611746994606E0A169013D206A00F069
:10417000EDFE002806DD04F11802002DF4D13A46C8
:104180004B4607E00020C4F8188003B0BDE8F08F6C
:104190000021A161C4E90023012003B0BDE8F08F34
:1041A000E1692944A161F5E72D1ADAE72DE9F04F1D
:1041B0008DB00C4619460646009390F83130002B1E
:1041C00040F0D480904694F8312012F0500F00F067
:1041D000CD8001F00302032A00F0C880013201F013
:1041E00008010A430192B8F1000F00F0C980D8F825
:1041F000102002F10E07AC4AA2FB0727D4E90021E8
:10420000FF080A4307F10207FFB204D00022A361AE
:104210000023C4E900234FF000094D46202204A9E1
:104220002046FFF769FE10B3202840F09F809DF9DB
:1042300010309DF81020002BC0F2A480B9F1000FBF
:1042400004D12368A3F1200AA3699B4609F1010365
:10425000DBB2B94538BF9946002A00F0148120220C
:1042600004A920460025FFF747FE0028DCD1009B6B
:104270009A057BD5019BC3F3400383F00103DB0761
:1042800074D4B8F1000F71D0B94580F06181434614
:104290004D46B0461E46202204A92046FFF72CFEBC
:1042A0006B1C002859D020285FD125B92268A2F1C3
:1042B000200AA2699346DDB2BD42ECD3334646469E
:1042C000382200213046984694F8335008F05AFBC3
:1042D000236AC5F380153362082386F82C5086F8CC
:1042E0003130D8F80030C6E909BAC8F804300023E4
:1042F000A8F80C30002507F1FF3A0122E9B2304658
:10430000FFF772FD044688B390F90030002B2DDBD7
:104310002022002108F036FB002D00F0C780012D7F
:1043200000F0DD80C123A1461E3404F81E3CB8F81D
:104330000C3040461BB9D8E901239A4205D004F05D
:10434000A1FB29F8020F4C45F1D10135BD42D4D172
:10435000304600F085FA05460EE02046D4F8189065
:1043600000F0B6FA002840F09B80464600231D4628
:1043700086F8313086F8333028460DB0BDE8F08F2E
:10438000032748E74DBBB94538BFA946852A7FF4C6
:1043900045AF294638223046012508F0F3FABDF82A
:1043A00014309DF8112013F0100F03F0370386F836
:1043B000302043F0080208BF134686F831302368E6
:1043C000226A203B3262A269C6E9092394F833309D
:1043D000C3F3801386F82C3020E7C02A23D0C12AEB
:1043E0007FF43DAF424604A9304600F083FCC0B1E3
:1043F000B8F80C30ABB9D8E901329A4211D1009B20
:104400001B05B3D4009B13F4884F7DD196F833304D
:104410009F07B1D596F83130DC06A7D4D807ABD5C5
:10442000A4E70546FAE69DF81130019A990786F847
:10443000332003D542F0400386F83330099BF36103
:10444000DDE90623C6E90423DDE90A23C6E90223E0
:10445000B8F1000FD3D04FF00003D8F81020A8F81F
:104460000C30D8F80030C8F804309DF813309A4268
:104470007FF4F5AEB8F81450BDF81430ED1AB5FA63
:1044800085F56D09CAE6B8F1000F3FF46FAF009BE8
:1044900098057FF56BAF019B99073FF5F5AE65E792
:1044A000C4F8189008E700BF89888888852323709E
:1044B0003C4B86F830A084F801A01B68F3B10DF1E5
:1044C0000B020DF10E0103A89847BDF80C30638173
:1044D000BDF80E3023819DF80B30237535E74FF47E
:1044E000E0732380019B63F07F0386F83330D8F8B4
:1044F0001030E370B8F81430A38026E745F6214366
:104500006381E381638220E796F83130D9063FF575
:104510002DAF13F001017FF429AF009A520534D575
:1045200096F8332097077FF521AF002B3FF41EAF9D
:10453000D6E90032134304D000220023B161C6E95A
:104540000023304600F01CFA00287FF415AF0DE779
:1045500038220021304694F8335008F013FA236AC9
:10456000C5F380153362082386F82C5086F8313065
:10457000D8F80030C6E909BAC8F804300023A8F812
:104580000C30002F7FF4B6AEE2E6009B5C047FF5B2
:10459000F3AE3046D6E90423FFF78EFD00287FF402
:1045A000EBAEE3E60CB302202DE9F043002597B013
:1045B0000E4690F8311001921495ADF81450002970
:1045C0003DD196F8311011F0500F38D0994613783C
:1045D000044615462F2B36D0002701AB02AA2946E8
:1045E0002046FFF743FC50B3019D2B78002B3ED0B3
:1045F000002302AA31462046FFF7D8FDF8B1A446B1
:1046000008AE04F13008DCF800000CF1100C5CF886
:104610000C1CB6465CF8082C10365CF8043CC4450B
:10462000AEE80F00EFD1DCF800003060204600F06B
:1046300017F908AE84F8317084F83370CDE70020A4
:1046400017B0BDE8F08315F8011F2F29FBD0366A9B
:1046500038220195A1B9204608F094F9012340229F
:104660002662184684F8333084F83120E8E74B4658
:1046700002AA31462046FFF799FD17B0BDE8F08346
:10468000002108A808F07EF90123109608AE8DF8E5
:10469000533040238DF851309EE700BF19B101F52A
:1046A0008961FFF781BF0846704700BF8169F8B58F
:1046B0000446006A01B10131012200F075FB0128B6
:1046C000074632D901230146206A1A4600F0CAFB88
:1046D000054650B3A36994F833204BB3510612D565
:1046E000591CB94218D022F04002E16984F8332005
:1046F00005E0206A00F076FC3146B0B1A3694E1C9B
:1047000099423246F5D34FF0FF323946206A00F025
:1047100069FC50B1A16911B92846A761F8BD3A46B4
:10472000206A00F05FFC0028F6D100252846F8BD7D
:1047300042F0400284F83320EEE700BFF0B50027D6
:1047400083B006463C46394600223046FFF74CFB14
:104750000546002855D00278C02A5BD0C12A22D055
:10476000852A4ED196F8313003F0370383803B4BD6
:104770001B6883B10DF103020DF1060101A89847F2
:104780009DF803306B75BDF80630AB812B82BDF808
:104790000430EB816B82326A92F8103243F00103ED
:1047A00082F810322A78A2F185000023B0FA80F056
:1047B0004009E103012B01EB54010A4494B24FEA92
:1047C000C43206D128B102EB5402297904230A44E9
:1047D00094B20133202B01D0EA5CEAE7013796F866
:1047E0003030F9B28B42AFD2012206F12401306A97
:1047F00000F090FB28B1356A4480284604F0E0F8C8
:10480000E8B996F83230002043F0010386F83230E0
:1048100003B0F0BD96F83320437852064CBF43F006
:10482000020303F0FD034370D6E90423C0E9022329
:10483000F3694361D6E90223C0E90623ABE705F536
:10484000047004F0BDF80028DBD0D5F840040368FC
:104850001B6A98470028DBD1D3E700BF0CB30220C6
:1048600090F83120F2B190F9331090F833200029FC
:1048700012DB026A10B582B014460190104604F0B3
:104880009FF8019B80B993F83220002042F001028A
:1048900083F8322002B010BD02F07F0280F833208E
:1048A000FFF74CBF0120704704F50470019304F03A
:1048B00087F8019B0028E6D0D4F840040268126A09
:1048C000904710B1012002B010BD019BDBE700BF93
:1048D00070B590F8313005465A064CD480682B6A82
:1048E000D3F83C341844B0F1806F01D3002070BD80
:1048F0002846FFF7DBFE0028F8D0286A0024AE69BE
:1049000090F84534023E9E40D0F82C341E440522D7
:10491000311900F5047004F07DF84FF400720021A5
:104920000028E3D008F02EF8286A012390F84524E7
:104930001C4493409C42EAD395F831305B0615D471
:1049400095F8332062F07F02D5E9023185F83320F3
:10495000D0F83C249B1841F10000AB60D5E904314C
:10496000E8609B1841F10001C5E904312846BDE823
:104970007040FFF775BF006A00F02AFCAFE700BF88
:1049800090F833309A0764D5C169B9B313F0400C7D
:1049900070B50446D0F818E082B0006A30D090F8C4
:1049A00045C4A2680CF1090CE568013A5FFA8CFC79
:1049B00045F1FF35CCF1200622FA0CF2ACF1200CC7
:1049C00005FA06F625FA0CFC324342EA0C020132E3
:1049D000BEF1000F20D1C4F81CE001918ABB63F046
:1049E0007F03204694ED007B84F8333084ED027B16
:1049F00084ED047BFFF734FF02B070BD01207047E7
:104A0000BEF1000F0FD10191C4F81CE000F00EFBC5
:104A1000E0B194F83330E2E70139A1EB0E010A442A
:104A20000EF10101D9E701AA7146CDF804C000F0EA
:104A30008DFA00280ADB0ED101990029E9D0206AFD
:104A4000E4E7002300F00EFA0028E2D1002002B0D3
:104A500070BD002070474FF0FF32A169206A00F05E
:104A6000C1FA0028E8D1F1E72DE9F84F90F833308A
:104A700004469D0740F1AC8093461A070E4600F1AC
:104A80002581D4E90031BBF1000F00F0D1805D46F3
:104A90004FF00109206AA169D0F8382412EA03080E
:104AA0006CD1002900F0D58094F833305B0640F1DA
:104AB000ED80A268E368013A43F1FF3C90F8453489
:104AC0000933DBB2C3F1200EDA40203B0CFA0EFEB4
:104AD0002CFA03F342EA0E021A43E36913448B42B1
:104AE00040F2DB800131A16190F845240239D0F811
:104AF0002C3491401944B5F5007F72D3B5F5806F21
:104B0000D0F81C32C0F0AB8009FA02F2A2EB080820
:104B10006A0A904528BF9046994204D808EB0102E2
:104B20009A4200F2CB80D0F8140243463246D0F8C5
:104B300000C0DCF828A0D047002849D04FEA482818
:104B40004346A5EB08052268464461689B18226924
:104B5000606941F100019A428841C4E9003102D301
:104B6000002D97D164E094F8332062F07F02C4E90D
:104B7000043184F83320002D8CD159E090F845247D
:104B80000239C8F3080A4FEA58289140D0F82C346B
:104B900041441944BAF1000FADD0012200F5047070
:104BA00003F038FFA0B1CAF5007850443146A8455B
:104BB00028BFA846C244424604F0A8FBBAF5007FCD
:104BC000BED1206A00F5047003F0FAFE0028B7D1C8
:104BD00094F83230002043F0010384F83230BDE80D
:104BE000F88F226827696369BA42626872EB03032F
:104BF00033D2012200F5047003F00CFF0028E7D047
:104C00002A46314604F082FB20696269D4E900310A
:104C1000EB1841F1000198428A41C4E9003107D202
:104C200094F8332062F07F02C4E9043184F8332021
:104C3000D4E9020298428A4150D32D4B1B682BB114
:104C400094F8333063F07F0384F833305846BDE87E
:104C5000F88FE16949B3A16146E70522CAE79942A5
:104C600006D1002380F810324FF0FF33C0F81C3219
:104C7000D0F81402324603685B6A98470028A7D030
:104C80004FF40073A5F5007598465CE704F118022F
:104C900000F05CF900289BDB04D12046FFF706FDFD
:104CA000002895D0A169206A1EE72046FFF7FEFC88
:104CB00000288DD0A169206AE16115E7002380F802
:104CC00010324FF0FF33C0F81C322CE7D0E9042338
:104CD000FFF7F2F900287FF4D4AE79E794F8332097
:104CE0005846C4E9023162F07F0384F83330AEE7FE
:104CF0000CB302202DE9F04115460C4601F11E08C7
:104D0000AB89284634F8026F1BB9D5E901239A42D2
:104D10000ED003F0B7FE03F027FF0746304603F03E
:104D200023FF874209D14445EAD10120BDE8F08143
:104D3000B6FA86F04009BDE8F0810020BDE8F081B8
:104D400070B500230E460A684FF6FF7519461C46DB
:104D5000B3813361726015E003F094FEA84220D065
:104D600003F002FF3269E303B189013203EB54031C
:104D7000326153FA80F3C3F34E0404EBC33404EB03
:104D80001024A4B230460029E6D1D6E901239A4284
:104D9000E2D13069B4820138FE288CBF00200120A6
:104DA00070BD002070BD00BF2DE9F84F8A468046D7
:104DB0009146002940D08F1ED8F83034BB4241D9EB
:104DC00007F007030125C7F3C80B9D403E463C464C
:104DD000D8F82C140022404601EB143103F01AFEDF
:104DE000E8B10BF1FF3C844400F2FF101CF8011FF6
:104DF0000AE04A452AD0A74210D0D8F83024A2426F
:104E000014D913F0FF050CD0013429424FEA4503B1
:104E1000A4EB0602EDD0A7422646EED10120BDE864
:104E2000F88F84454FF00105E0D101E000263446BB
:104E300001254FF0000BCBE7D0F82074D8F83034C0
:104E4000BB42BDD800270125BB46BFE7BAF1000F22
:104E500004D1B9F1010F08BFC8F82064B01CBDE847
:104E6000F88F00BF2DE9F04114468A1ED0F8305467
:104E700082B01119A9423BD8D0F82064002B3BD155
:104E8000B24238BFC0F8202402F007011D460123BA
:104E90000646C2F3C8078B40D0F82C1401EB123140
:104EA000012230460193009103F0B4FD00B3009954
:104EB00000EB070E00F50078019B01319EF800C061
:104EC0005A001CEA030F8CEA030C14BF01200020D7
:104ED000A8420DD0013C8EF800C017D012F0FF039D
:104EE000ECD10EF1010E1F460123F045E6D1D7E7C4
:104EF000002002B0BDE8F081B242C5D8B142C3D9AA
:104F0000A94228BF0021C0F82014BDE7012002B04B
:104F1000BDE8F08138B50C460B6890F845C400F543
:104F20000470D0F82812023B656803FA0CF329409C
:104F300003EB5123D0F81C12194403F06BFD18B198
:104F40006368C3F30803184438BD00BFD0F8303499
:104F500001338B4202D24FF0FF3070470B46D0F83E
:104F6000241400F5047001EBD31110B582B014467F
:104F70000022019303F04EFD50B1019B9900C1F353
:104F8000080143585A1C07D00120236002B010BD0D
:104F90004FF0FF3002B010BD0020F7E74B6870B54E
:104FA000D0F838441C4013444B60144490F8453406
:104FB0000933DBB2DC4012D006460D46013C02E06C
:104FC0002A60013C0BD329682B7A4A1C002BF7D1AD
:104FD0002A463046FFF7BAFF0128F2D070BD012003
:104FE00070BD00BF012904D9D0F8303401338B42A1
:104FF00001D2002070470B46D0F8241400F504704D
:1050000001EBD31110B582B014460122019303F0D5
:1050100001FD024638B1019B01209900C1F308014E
:10502000545002B010BD002002B010BD2DE9F04F69
:1050300005460C4683B04FF00008D5F830340F46D3
:1050400001339C423DD8D5F82414002205F50470A4
:105050004FEAD41B01EBD41103F0DCFC88B3A300AE
:10506000C3F30803C258511C2FD0012C29D916466E
:105070004FF0010AD5F830240132944221D8D5F8F6
:105080002414012205F504700193594403F0C2FC75
:10509000B8B1019B40F80380BAF1000F1AD0631C2D
:1050A000B34208D0E21B0023394628460132FFF7FD
:1050B000D9FE30B13746D5F83034344601339C42FE
:1050C000C1D9002003B0BDE8F08F012CF9D94FF011
:1050D000000ACFE7E21B5346394628460132FFF764
:1050E000C1FE0028EDD003B0BDE8F08F70B50023FD
:1050F00004464FF0FF30154682B01A46C4F84014FB
:105100006160E060C4F814121946C4F81C0204F58A
:10511000047084F84434237084F8103203F07AFC6D
:10512000042D0DD8034658B1BDB1013D00EB051566
:1051300095F8BE2112F07F0202D195F8C23113B961
:10514000002002B070BDD5F8C65104F504702946A0
:1051500003F060FC03460028F2D005221B49D81C4E
:10516000019307F0BBFC0028EAD1019B93F86C2067
:10517000092AE5D11A6D01462A44C4F824245A6D3F
:10518000C4F828249A6D2A440125C4F82C24DA6D29
:10519000C4F830241A6EC4F8342493F86D20C4F88F
:1051A0002004204602F1090384F8452405FA03F39C
:1051B0005A1EC4F83C34C4F838242A46FFF7F4FDDC
:1051C0004023284684F84434BBE700BF341A00204B
:1051D000F8B5D0F830340546D0F8344401339C4259
:1051E00007D9002695F845040930C0B206FA00F048
:1051F000F8BD002600F50477D5F8241400223846BF
:10520000013601EBD41103F005FCA4000028E8D01E
:10521000C4F308040459631CE4D0D5F830340133D6
:10522000A342DED3E8E700BF024630B552F8101FB4
:1052300083B004468068019101F060F960B1019982
:10524000A37859B1013103F0BF0225698D4218BF1F
:10525000134663F07F03A37003B030BD43F04003F7
:10526000F7E700BFF8B5047814F0200404D11A4B16
:10527000054642699A4202D300263046F8BDFFF740
:10528000D3FF06460028F7D0A86803798279CBB10E
:105290002F694369023F97401F4407E007F072FB04
:1052A0000134A868E3B202799A420AD90522391971
:1052B000283003F0AFFB4FF4007200210028EDD13D
:1052C000DAE782794FF4007369693046934011FA46
:1052D00083F36B61F8BD00BF00FE1F0090F800C0B3
:1052E000BCF1000F01D00020704710B582B00C4611
:1052F00024226146019007F045FB019B9C60E27906
:10530000102A06D0202A0BD00C2A02D0002002B08E
:1053100010BD20210122197010469A7002B010BDF4
:105320004021F7E72DE9F04F837883B00446DE078C
:1053300040F19680914602780F46150700F199805A
:10534000900608D5A36859896369C3EB41139BB2E2
:10535000994528BF9946B9F1000F7DD0636912F0D5
:1053600020004D464FF00008A668C3F3080B3FD05D
:10537000326A02EB5321BBF1000F57D1B5F5007F24
:1053800054D3736B8B4251D0B5F5806FC0F0A280BF
:1053900022784FEA552B920605D43279A2EB080207
:1053A000934528BF93468B420BD30BEB01029342EC
:1053B00007D206F12800019103F002FB01990028B1
:1053C0004ED0F06A5B463A4606687669B0470028D8
:1053D00046D04FEA4B266369AD1B334463613BD033
:1053E00022783744C3F3080BA66812F02000BFD11F
:1053F00096F8058008EA5328BBF1000F40D1B8F1B8
:10540000000F3DD1002B43D151064FF000084CBF97
:10541000336A236AB5F5007F2361A3F10203B179F2
:10542000726903FA01F303EB0201AAD2002206F12A
:10543000280003F0EFFA98B1CBF5007600EB0B01F2
:105440003846AE4228BF2E46324603F05FFF6369FE
:10545000AD1B33446361C3D1484603B0BDE8F08F50
:1054600063784FF0FF3043F00203637003B0BDE890
:10547000F08FC36941695B1A994528BF99466AE76D
:105480002169B2797369023943449140194472E742
:10549000120721690CD5A3785B0609D54B1C01398D
:1054A00080462361B379726901FA03F3991865E7BD
:1054B00004F11002304600F0FFFE0028D0DB13D0CC
:1054C000A6684FF000082369B279023B93407269E5
:1054D000991853E7F06A3A4603681B699847002811
:1054E000BED04FF4007676E7237813F0700FB7D074
:1054F000A9EB05094846B0E770B582B00122044621
:105500000DF10701D0E90465FFF70CFF01280CBF7E
:105510009DF807004FF0FF30C4E9046502B070BD8C
:10552000436913F4F07F10B5044684B00BD0012911
:1055300009D103F120024261A06803F4F07338300E
:10554000184404B010BD01220DF10F012046019353
:10555000FFF7E8FE019B40B2012803D162691F32C8
:105560006261E9E70020ECE72DE9F04102690446B9
:1055700003781746002B38D00E464169B1423ED021
:10558000002E36D0180729D5E269B2422DD3D4F8BF
:1055900008C0751EA2789CF8060012F0400F00F1BA
:1055A0000900C0B225FA00F52CD14A1EC24009B14B
:1055B00095422BD25B064CBFDCF82030236A236176
:1055C00006E02169013DA06800F076FE00280CDDB0
:1055D00004F11002002DF4D1A2780CE09A06D6D581
:1055E000A3685B89B6EB431FF6D900202761BDE8AD
:1055F000F0818278066122F020026661A2700120AB
:10560000BDE8F081236A2B442361F4E7AD1ADFE79C
:10561000F0B50E4683B015460021242204460193BE
:105620009DF8207007F0AEF9B068326AA58005F0E9
:105630000F05C4E9020200F1380202EB4512D17AEB
:105640000B072DD401F01701019B2170D57A15F0BD
:10565000180F02D141F00801217003F00301E77037
:10566000012923D0022938D0D1B95F0518D403F01D
:10567000080141F00101A170416B908AA161518B39
:1056800041EA00412162D269E2615F0402D4012053
:1056900003B0F0BDE1692046FFF766FF0028F6D1B0
:1056A000002318462370A37003B0F0BD02252178B3
:1056B000CE06F5D4C907F3D403F008010D43A57055
:1056C000416B968AA161518B41EA06415E05D9D5AD
:1056D00029B965F07F05A570D7E70325E7E70193B2
:1056E00000F050FF0028DBD0A578019BF1E700BF58
:1056F0000378002B5CD030B590F9023085B00446B9
:10570000002B0EDBA36803F128001D4603F058F9B7
:1057100000283ED16378002043F00103637005B098
:1057200030BD80680122A169283003F073F9002898
:10573000F0D0A38803F00F035A0100EB4313825CFF
:10574000E52AE7D02278120701D5E269DA61226AF8
:105750001848110C5A830568998275B10DF10B0236
:105760000DF10E0103A80193A847019BBDF80C2081
:10577000BDF80E101A835A82D982A37803F07F03F2
:10578000A370A36803F128001D4603F019F900284F
:10579000C0D005F50E7003F013F90028BAD02868C0
:1057A00003681B6A98470028B4D0012005B030BDBB
:1057B000012070470CB3022010B50446FFF798FF94
:1057C00000232370A37010BD2DE9F041002594B093
:1057D0000E460178ADF83850CDE90125002935D1C4
:1057E000317811F0700F31D0984613780446154681
:1057F0002F2B2DD000271CE0019D2D78002D40D0AF
:1058000000F062FBA6460DF1080CF8B102AEBEE84E
:105810000F00ACE80F00BEE80F00DEF80050ACE867
:105820000F002046CCF80050FFF762FF019D277063
:10583000A770294601AB0BAA204600F08BFC054659
:1058400000230BAA31462046002DD5D100201CE0B4
:105850000135019529782F29FAD0B6682422B9B9E3
:10586000204607F08FF8A660F379102B03D0202B89
:1058700022D00C2BEAD12022012322701846A370DB
:1058800003E043460BAA00F01FFB14B0BDE8F08113
:10589000002102A807F076F80496F379102B03D0C4
:1058A000202B0BD00C2BD1D120238DF808300123D5
:1058B00002AE8DF80A309DE74022DDE74023F4E791
:1058C00019B101F58961FFF77FBF0846704700BF36
:1058D0002DE9F047837804469D0740F1A5801746DF
:1058E0001A070E4600F1D0806269D31980F09C80BF
:1058F000002F77D03D46A068C2F30809216990F8CF
:10590000058018EA522838D1B9F1000F35D10029A5
:1059100074D0A3785B0677D5E369934274D90131DB
:10592000216102398279436991401944B5F5007FBC
:1059300043D3B5F5806F436B7DD30279A2EB0808A2
:105940006A0A904528BF9046994240F29180C06A09
:1059500043463246D0F800C0DCF82890C8470028FB
:1059600062D0A5EB48254FEA48286169464408EB18
:1059700001026261002DBED134E0023982794369AF
:10598000914019444144B9F1000FCFD00122283091
:1059900003F040F8002847D0C9F500784844314664
:1059A000A84528BFA846C144424603F0AFFCB9F55C
:1059B000007F33D0A5EB0805D7E76269E3699A4217
:1059C00020D2A37813F0200F14BF05220122283023
:1059D00003F020F840B32A46314603F097FC626991
:1059E0002A446261E36993425BD3314B1B681BB16C
:1059F000A37863F07F03A37038461AE0216A71B37D
:105A000021618EE70522E2E704F1100200F054FC68
:105A1000002809DB3FD0A068216982E7A068283010
:105A200002F0CEFF0028C5D16378002043F00103C7
:105A30006370BDE8F087994205D1002380F82830D3
:105A40004FF0FF334363C06A324603685B6A98478E
:105A50000028E9D0A5F500754FF4007885E72046C9
:105A6000FFF7E2FB0028DFD02169A068216258E738
:105A700008EB01029A427FF66AAF002380F82830D3
:105A80004FF0FF33436362E7C169FFF76DFD002804
:105A90007FF42AAFC8E72046FFF7C6FB0028BAD13B
:105AA000C2E7A3783846E26163F07F03A370C0E7E2
:105AB0000CB302202DE9F04F07468DB01446064680
:105AC00089469C4603AD4FF0000E0FCF0FC50FCF98
:105AD0000FC53B68A4F80CE02B6023686360BCF141
:105AE000000F45D04FF0010ACDF804C0A9EB0A0120
:105AF00003A889B24901FFF737FD70B3002103A85D
:105B0000FFF70EFD804640B34FF0000B10E002F0AF
:105B1000B9FF074628460BF1010B03F025F80546AF
:105B2000384603F021F8854217D1BBF10D0F18D08C
:105B30005FFA8BF24146304600F086FBA3890546AA
:105B40002046002BE3D1D4E901239A42DFD1B5FAF4
:105B500085F040090DB0BDE8F08F00200DB0BDE824
:105B6000F08F0AF1010A019B5FFA8AFA5345BDD210
:105B70000120EFE72DE9F04F07468BB015468A4626
:105B800099460DF1040C02F1150402F120064FF0C4
:105B900000080FCFACE80F000FCFACE80F003B6858
:105BA000CCF800304FEAC81314F8012F03EB580368
:105BB000B44213445FFA83F8F4D12B6800276B607A
:105BC000AF81B9F1000F56D00126AAEB060101A85A
:105BD00089B24901FFF7C8FC00284DD0002101A877
:105BE000FFF79EFC002847D0039AB14500F1010B56
:105BF00092F8283043F0010382F828300CBF49F0B6
:105C000040023246002380F80D8002701C460F22AD
:105C10004383A0F80B20A88918B9D5E901239A423B
:105C20000ED0284602F02EFF042C10D82BF8020BC1
:105C30000134A8890028F4D1D5E901239A42F0D192
:105C4000EFB10137042C4FF6FF70FFB2EED90A2CEA
:105C500005D8ABF8030001340BF1020BDBE70C2C89
:105C6000ABF8050003D00BF1020B0C24D3E701368F
:105C7000F6B2B145A9D201200BB0BDE8F08F0127E3
:105C8000D2E700BF02464FF0203152F8163B2DE913
:105C9000F04FC0F8161084685160C2F807101D78E4
:105CA0002E2D03D113F8012F2E2AFBD0611E99420D
:105CB0000BD90A4602E0934200F0868092F800C0B9
:105CC0001146013ABCF12E0FF5D19C4279D94FF023
:105CD000000AB5F12E0C4FF007074FF0080818BF67
:105CE0004FF0010CD646D34607E001330A274FF0A8
:105CF000080E4FF010089C4253D91A782E2A08BF7C
:105D00008B420CBF01260026EFD0222A37D07C2AF6
:105D100035D0A2F15B09B9F1020F30D9A2F12A09FD
:105D2000B9F1050F8CBF002501252D2A08BF0025DC
:105D30002DBBA2F13A09B9F1050F20D9A2F1210931
:105D4000B9F15D0F51D8774543D28B4294BF4FF0E4
:105D5000000C4FF0010C0A2F08BF4CF0010CBCF1F5
:105D6000000F33D0837D202B2BD0037D012143F204
:105D70007E1203444175DA820120BDE8F08F774539
:105D8000E3D35F220EF1010C864401338EF8162016
:105D90005FFA8CF2B446062A964698BF02759C427A
:105DA000ABD8837D202B0CD0BCF1000FDDD00BEAEB
:105DB0000A03DBB2002B18BF4FF0020A80F815A0CF
:105DC000DAE70020BDE8F08F19467EE70B4607278B
:105DD00091E7A2F16106192E0ED8203A4AEA080589
:105DE0006646D2B25FFA85FACCE702F0C002802A9A
:105DF000C5D10133AC467EE7A2F14106192E6646B5
:105E000098BF4BEA080BBDE72DE9F04F01F11A09E5
:105E100083B004466225CDF8049001F11B0A0F7D82
:105E20004FF07E0801F116064FF000098B46254B16
:105E3000032F1B6828BF03274B440AEB07011FFAF7
:105E400083F9019B03EB070CACF1030C09F00F0382
:105E50004FEA1919092B03F1370298BF03F13002F9
:105E600001F8012D8C45F1D10BEB070300212046F1
:105E700083F81680FFF778FB01212046FFF750FBDF
:105E800003460B22304619468BB193F800C0BCF193
:105E9000000F13D0DB7A1B07EED406F09FFC00281E
:105EA000EAD1013D15F0FF05C1D1284603E0607835
:105EB000B0FA80F0400903B0BDE8F08F012003B0D4
:105EC000BDE8F08FB84603202DE9F04F0C788DB077
:105ED00014F0700F55D00478002C52D18C689A4D74
:105EE000089414690C34A5FB0454C4F38705547D4D
:105EF000A407059500F0E48005F101085FFA88F831
:105F00000E464FF0000B14460990002130460793CF
:105F1000DA4604925F46FFF727FBD94604F11603E1
:105F20005C46CDF818B00393756900213046FFF741
:105F3000F7FAC5F34F15034600B30278E52A24D0DB
:105F40001AB3A04588BF00242E2A32D0C17A0F2967
:105F500033D011F008012CD1002F40F0D5800B2256
:105F6000039906F03BFC0028DED1049B5B7D13F017
:105F7000010300F0E18001230693D5E77378002B3D
:105F800036D000200DB0BDE8F08F631C002C08BF98
:105F9000A946DBB2A04588BF1C464AB30027C3E729
:105FA0000AF1FF3A5FFA8AFA524502D1437B5B4518
:105FB00010D0B2FA82F77F09B6E7002FF0D102F0D5
:105FC0001F0A05995145AFD112F04007ACD090F8A7
:105FD0000DB00F46BAF1010FA6D1691C3B46049AD9
:105FE000304689B2FFF766FD002808BF00279BE70F
:105FF000079B9A05C5D503F00303013B012BC0D8CD
:10600000002C60D1A946B8F1000F62D1069B2BB1DC
:1060100004993046FFF7F8FE0028B2D008F1FF38A7
:10602000049A30465FFA88F303EB09051F46ADB2C8
:106030002946FFF79FFD0028A3D069013046FFF7EE
:1060400093FA00289DD000213046FFF769FA0446F4
:10605000002896D02022002106F094FC0499D1F863
:106060001620D1F81A302260636091F82030CA8B74
:10607000A37222814B7D03F018032373334B1B68FB
:10608000002B5BD00DF12B020DF12E010BA89847D0
:10609000BDF82C302382BDF82E30E3819DF82B30E3
:1060A0006373089A92F8283043F0010382F828308D
:1060B000079B2A46314609980097FFF7A9FA61E73E
:1060C0004FF001081CE7A04503D89FE7DCB2A045CC
:1060D0009CD900213046FFF723FA631C0028F5D134
:1060E0007378002B7FF44DAFA0458FD9089D05E054
:1060F0002B7904EB0314E4B2A04587D93046FFF7AF
:10610000B1F80028F4D13CE7BAF1010F7FF439AFC0
:10611000013803F10A02CB0103EB510310F8011F10
:106120000B448242D9B2F6D18B457FF42AAF079B4C
:1061300019053FF526AFBBE71F46F8E745F62143B3
:106140002383034B2361ACE74FECC44E0CB3022016
:10615000215C215CF0B515460A781F4683B0202AE1
:106160000B4603D113F8012F202AFBD02B601A789D
:10617000002A34D02F2A32D00024234E06E00234E5
:106180002C61AB601A7852B32F2A28D0191D1846FB
:1061900001AA02F09FFC034698B1019AB2F5803F34
:1061A000EDD27F2A04F10104EAD8D0B21F2808D921
:1061B000A0F12201C9B21D2906D826FA01F1C907AA
:1061C00006D5002003B0F0BD00F0DF005C28F8D059
:1061D0002E2AD7D0202AD3D11A78002AD4D12A69DE
:1061E000013AFE2AEDD81A78202A03D113F8012F9C
:1061F000202AFBD02F2AF9D028463B6003B0BDE807
:10620000F040FFF73FBD00BF012100352DE9F84305
:10621000DDF82090A2B10C4698460546571801E0DB
:10622000BC420DD02B68494620465E6AC0472146D5
:10623000024628460134B0470028F1D1BDE8F88372
:106240000120BDE8F88300BF042A04D801EB420115
:10625000B1F8010070470A2A03D801EB420188888F
:1062600070470C2A03D801EB4201C8887047002010
:10627000704700BF2DE9F843DDE90898BBB10C4633
:10628000164605465F1803E00134C847BC420ED0ED
:106290002B683246214628461B69984703464246EA
:1062A00031462046002BEFD11846BDE8F883012384
:1062B0001846BDE8F88300BF012941D9C3698B4264
:1062C0003ED30B46F0B5C17983B01646044620296B
:1062D0004CD0102966D00C2944D1C3F34E028169F9
:1062E000019312FA83F295B2C2F346221144027A64
:1062F00000F50E70A2F1020200910746B2FA82F296
:106300005209520002F086FB60B3C5F3080202F1A5
:10631000010C835CBCF5007F1D46DDE9001312D043
:1063200060440278DB0745EA02224CBF1309C2F33E
:106330000B03E269934232D80120336003B0F0BD11
:106340004FF0FF307047227A013138460093A2F1B6
:106350000202B2FA82F25209520002F05BFB009B89
:106360000028DED14FF0FF3003B0F0BD027A816922
:1063700000F50E70A2F10202009301EBD311B2FA04
:1063800082F25209520002F045FB0028EAD0009B3D
:10639000E269990001F4FE7143589342CCD9002080
:1063A00003B0F0BD027AC3F307218069A2F10202B3
:1063B0000093014404F50E70B2FA82F252095200C1
:1063C00002F028FB0028CDD0009B590001F4FF719A
:1063D000435AAEE701293CD9C3698B4239D30B46F6
:1063E000F0B5C17983B016460446202936D010296D
:1063F0004BD00C292FD1C3F34E028169019312FABD
:1064000083F295B2C2F346221144027A00F50E706F
:10641000022A009107460CBF0322012202F0FAFA79
:10642000C8B1019BC5F3080240F2FF1C009913F0AC
:10643000010302F1010E3ED1624586544AD0C6F3F3
:1064400007127044037823F00F0343EA121202701C
:1064500018E000207047002003B0F0BD027A816987
:1064600000F50E70022A009301EBD3110CBF03223A
:10647000012202F0CFFA0028EDD0009B990001F430
:10648000FE714650012003B0F0BD8269C3F30721BD
:1064900000F50E7000931144227A022A0CBF0322E9
:1064A000012202F0B7FA0028D5D0009B590001F470
:1064B000FF714652E6E710F802C0BEF5007F0CF00F
:1064C0000F0C4CEA061C00F802C003D032097044DD
:1064D0000270D7E7227A013138460093022A0CBFB6
:1064E0000322012202F096FA0028B4D0009BC6F3E2
:1064F0000712002BA6D00270C4E700BF2DE9F041BF
:10650000C46882B005460E468C4290462CD20C469A
:1065100000270134EB6901AA2846A34205D267BBD4
:10652000EC6801273C44A34227D3A642214624D04D
:10653000FFF7C2FE431C20D00028EAD0019B002BAD
:10654000E7D107B1EC606FF0704221462846FFF7B3
:1065500041FF074688B14EB96B6A002B01DB013B56
:106560006B62C8F8004009E00127D2E731462246B5
:106570002846FFF72FFF0028EED10027384602B04B
:10658000BDE8F08170B5054682B00C460FE0FFF71C
:1065900021FF621EB0B16B6A002B03F10103A8BF9B
:1065A0006B62EB68A342019C88BFEA605EB101AAFE
:1065B00021462846FFF780FE064600222146731C2E
:1065C0002846E4D1002002B070BD00BF30B50346BC
:1065D0004FF0010C002014464FF0FF3283B01960D9
:1065E000D871C3F80CC0D96283F82800C3F83C12F4
:1065F0005A6383F83802C3F8442204B3042C02D946
:10660000002003B030BD0246014603F1280003F12B
:106610002805019302F0FEF90028F1D06FF07042D6
:1066200000F5DF70A218140100EB021211790029A5
:10663000E6D0015D4B06E3D19468019B01E003F1D4
:106640002805002221462846019302F0E3F900289C
:10665000D6D0B0F80B20B2F5007FD1D1027C019BDF
:10666000511E1A720129CBD890F80DE00EF1FF32BD
:10667000BEF1010F83F804E05A7151D04FF0010CC4
:10668000624652000CF10101D2B2964507D05FFA82
:1066900081FCBCF1090FF4D108229A71B0E765467C
:1066A00083F806C0B0F816C0C3F810C0BCF1000FE4
:1066B00003D1D0F824C0C3F810C0C189B0F81120AC
:1066C00021445A815201996190F810E002F2FF12C0
:1066D0000CFB0E1101EB52221962B0F813105A6133
:1066E00001B9016AA41A6218EA40511CD9614FF03D
:1066F000FF31596240F6F4718A420DD94FF6F471B8
:106700008A420BD9C16A202219620120DA71C3F8CA
:1067100030C0C3F840C274E70C22F6E71022F4E759
:10672000002215469A71BDE7884230B5044683B011
:1067300020D0806B0D4618B1FFF73EF8002841D1FC
:10674000E06B18B1FDF76EFB002841D1AB6BA3B134
:106750002146242000F0A6F8002384460360A063AD
:10676000AD6B0FCDACE80F000FCDACE80F002B6880
:10677000CCF80030204603B030BDEA6B002AF9D0D7
:1067800021463820019300F08DF8019B0363E063FC
:10679000EB6B03F13002D3F800E0103353F80CCC6C
:1067A000103053F8085C53F8041C934240F810EC86
:1067B00040F80CCC40F8085C40F8041CEBD11B6896
:1067C0000360D7E70023A363AB6B002BC0D1D4E7F2
:1067D0000023E363AB6B002BBAD1CEE710B50446C0
:1067E000806B10B1FEF7E8FF28B9E06B10B1FDF740
:1067F00019FB20B910BD0023A363012010BD0023A5
:10680000E363FAE700294BD0F0B50446806B83B010
:106810001F4616460D4610B1FEF7CEFF78BBE06B63
:1068200018B1FDF7FFFA002830D1D5F880348BB1CC
:106830002146242000F036F800213B463246016014
:10684000A063D5F88014FFF73BF830BBA0630020AD
:1068500003B0F0BDD5F88424002AF8D021463820B2
:10686000019300F01FF8019B324603633B46D5F8C5
:106870008414E063FDF712FF78B9E063E7E70023D3
:10688000A363D5F88034002BD2D1E3E70023E36380
:10689000D5F88034002BCBD1DCE7012003B0F0BD6C
:1068A00000207047084670472DE9F0410026044655
:1068B0001F46C0F88814C0F8806401464FF4906009
:1068C0009046FFF7EFFF3A46C0F844640546C0F82B
:1068D0007864C4F88404D4F88814FEF707FC88BBF5
:1068E00006462146C4F8840440F26C40FFF7DAFF04
:1068F0004FF40073C0F848643A46A0F807300546E4
:10690000D4F88814C4F88004FFF760FE28B91A4A46
:10691000C4F880041060BDE8F08105F58960FEF7D9
:106920004BFF294605F58960FEF7D8FC0028EED01C
:10693000124B1A68AAB91D600F4BB8F1000F14D0A2
:106940001C6015E005F58960FDF76CFA294605F530
:106950008960FDF771FA0028C2D0094B1A68002A35
:10696000E9D0054BB8F1000FEAD11A68002AE7D048
:106970000120BDE8F08100BF24B3022028B302202B
:1069800010B3022010B504460020DFF820C04FF4F9
:106990007A7E60602073C4F808E0C4E912002046E3
:1069A00040F810CBFFF72EFF204610BD7C200020C2
:1069B0004FF0FF30704700BF407C7047007D70474C
:1069C000407D704701207047007F70472DE9F041FE
:1069D0001F46C37C06460D46022B144623D033685F
:1069E000294630461B6E984778B1B5617FB10025C6
:1069F00001E0AF420BD03368214630460135DB6DF4
:106A000004F5007498470028F3D1BDE8F081B3691C
:106A1000307F3B44B3610028F7D1336830465B6E6A
:106A2000BDE8F041184783698B42D8D1DEE700BF4B
:106A30002DE9F0471F46C37C05469146022B0C46C4
:106A4000089E27D02B68214628461B6E984798B190
:106A5000AC61B9F1000F11D004EB090801E0A045C9
:106A60000CD031462046B8472B6801462846DB6DDE
:106A7000013498470028F2D1BDE8F087AB69287F40
:106A80004B44AB610028F7D12B6828465B6EBDE80C
:106A9000F047184783698B42D4D1DAE7704700BFCB
:106AA000043001F05FBF00BF00B583B0202101902A
:106AB00002F0C6FC019803B000BD00BFF0B5204E47
:106AC00083B00746346804F5167403E03368E31AAC
:106AD0001B0410D4381D01F049FFFF28F6D10190A6
:106AE000FD21381D01F05CFFBA7CD2B900230120E2
:106AF000FB7403B0F0BD1E22BB7C7A7413B9002076
:106B000003B0F0BD0121387C01F06EFEFF21381D7D
:106B100001F046FF381D01F0FDFE00230020BB748C
:106B2000EEE70121387C01F05FFE0199381D01F08C
:106B300037FF381D01F0EEFE0023BB74D6E700BF1F
:106B4000B8460320C37C012B3BD0827C30B5044681
:106B500083B04AB1043001F009FFB0F1FF0318BF60
:106B60000123184603B030BD0430009201F0C8FE86
:106B70000099207C01F038FEFF21201D01F010FF5C
:106B80000121201DA17401F0F1FEB0F1FF03A07CF2
:106B90004FF0010118BF0123009A0028E1D0207CAA
:106BA000CDE9003201F020FEFF21201D01F0F8FEAA
:106BB000201D01F0AFFE009B019A1846A27403B09D
:106BC00030BD0023184670472DE9F8431F4F044697
:106BD000884691463D6805F5967503E03B68EB1ADB
:106BE0001B040ED4201D01F0C1FEFF282075F5D036
:106BF000FE2819D01822A37C62743BB90020BDE89E
:106C0000F8831D22A37C6274002BF7D00121207C25
:106C100001F0EAFDFF21201D01F0C2FE201D01F060
:106C200079FE0023A374E9E74A464146201D01F09E
:106C3000A9FE207538B9201D01F098FE201D01F035
:106C400095FE0120DBE72522D5E700BFB8460320EB
:106C500030B50025044683B00C212A46C57400F0E7
:106C600063F8A27C90B912B9012003B030BD0121B4
:106C70000190207C01F0B8FDFF21201D01F090FE65
:106C8000201D01F047FE019BA374EDE70923637407
:106C900012B9002003B030BD0121207C01F0A4FD19
:106CA000201DFF21019001F07BFE019801F032FED2
:106CB000A574EEE7C37C022B03D0012B04D0012086
:106CC000704703685B6E1847FFF7C2BF0268034650
:106CD000DFF850C010B50C46116A82B0614513D17F
:106CE00090F813C0BCF1020F06D0BCF1010F11D017
:106CF00001201C7702B010BD526E01909047019B9D
:106D00000028F5D102B010BD01908847019B0028F2
:106D1000F8D0EDE70190FFF79BFF019B0028F1D031
:106D2000E6E700BFB54D01002DE9F041036882B0F0
:106D30000F463449019206461A6A8A425DD1C27CE6
:106D4000022A43D0012A5AD0B47C351D002C43D0EE
:106D50000C2F10D0DFF8B080D8F8004004F59674FE
:106D600004E0D8F80030E31A1A0443D4284601F0AE
:106D7000FDFDFF28F5D10DF1040802AC47F04001FC
:106D8000284601F00DFE14F8011D284601F008FE0A
:106D9000A045F8D1002F28464FF00A0414BF8721E0
:106DA000952101F0FDFD284601F0E0FD2846013C5B
:106DB00001F0DCFD0306A4B2307502D402B0BDE8D8
:106DC000F081002CF2D102B0BDE8F0815B6E9847F3
:106DD0000028B9D1FF20F1E7284601F091FD2146B6
:106DE000307C01F001FDFF21284601F0D9FD01238F
:106DF000B374ADE7002FBED0ECE79047E8E7FFF7AC
:106E000027FFE5E7B54D0100B8460320F8B500229D
:106E10000D463A210646FFF787FFD8B92C1D371DCE
:106E2000384601F0A3FD04F8010DA542F8D1B37C6A
:106E30000BB90120F8BD0121307C01F0D5FCFF2108
:106E4000384601F0ADFD384601F064FD0023012015
:106E5000B374EFE71222B37C72740BB90020F8BD53
:106E60000121307C01F0C0FCFF21301D01F098FDB4
:106E7000301D01F04FFD0023B374EFE770B51646E7
:106E800082B000220446FFF74FFFA8B11B236374B2
:106E9000A37C1BB90023184602B070BD0121207CE1
:106EA00001F0A2FCFF21201D01F07AFD201D01F060
:106EB00031FD0023A374EDE705461022314620463C
:106EC000FFF782FE03460028E2D0A27C002AE2D02F
:106ED00001900121207C01F087FC201DFF21009002
:106EE00001F05EFD009801F015FD019BA5741846A8
:106EF00002B070BD0368254ADB6C934200B585B0D3
:106F00000FD16A460921FFF7B9FF40B19DF8003063
:106F10003F2B09D903F0C003402B27D0002005B038
:106F200000BD69469847F0E79DF806C09DF8070048
:106F30009DF809100CF0030C9DF80A308000C1F395
:106F400001019DF80520C3F3C01340EA8C2002F034
:106F50000F029DF808C043EA410340EA9C1042FA40
:106F600083F30130073B984005B000BD9DF8090050
:106F70009DF8073001309DF8082003F03F0300EB37
:106F8000034000EB0220800205B000BD2154010047
:106F900003680A46DFF860C09B6D634510B5044680
:106FA00082B015D1407D03284FF01201204618BF52
:106FB0005202FFF7B9FE20B901231846E37402B06C
:106FC00010BD0C22A37C627433B9002002B010BD46
:106FD00001919847019AE6E70121207C01F004FC29
:106FE000201DFF21019001F0DBFC019801F092FCD3
:106FF0000023A374E9E700BFC14A0100F8B51F46AA
:10700000C37C06460D46012B144602D183698B4290
:1070100005D029463046FFF7BBFF80B1B5617FB18F
:10702000002501E0AF420BD021464FF400723046FC
:10703000013504F50074FFF7C7FD0028F2D1F8BD53
:10704000B369307F3B44B3610028F8D13046BDE8D6
:10705000F840FFF7FDBD00BF2DE9F0479A46C37C1D
:1070600006461546012B0C46DDF82080099F02D10B
:1070700083698B4205D021463046FFF789FFB0B1C6
:10708000B461BAF1000F15D004EB0A0903E0013432
:10709000C047A1450ED04FF4007229463046FFF795
:1070A00093FD03463A4629462046002BEFD10020A7
:1070B000BDE8F087B369307F5344B3610028F7D14E
:1070C0003046BDE8F047FFF7C3BD00BF30B50468E8
:1070D00083B0164B64699C421CD1C37C15460446A0
:1070E000012B02D18369994206D020460191FFF716
:1070F0004FFF019960B1A1614FF40072294620460B
:10710000FFF762FD20B1A369207F0133A36138B18D
:1071100003B030BD0123A44603B0BDE83040604752
:10712000204603B0BDE83040FFF792BDFD5001009E
:1071300003680A46DFF860C09B6D634510B50446DE
:1071400082B015D1407D03284FF01901204618BFA9
:107150005202FFF7E9FD20B902230120E37402B0D7
:1071600010BD0E22A37C627433B9002002B010BDA2
:1071700001919847019AE6E70121207C01F034FB58
:10718000201DFF21019001F00BFC019801F0C2FBD2
:107190000023A374E9E700BFC14A010003682DE999
:1071A000F041DB6C17463D4A84B004460E469342DC
:1071B00043D16A460921FFF761FE0546B5B19DF846
:1071C0000A305A0619D5637D032B01D076027F025F
:1071D000324620212046FFF7A7FD28B93A46212153
:1071E0002046FFF7A1FD60B326236374A37CB3B9E7
:1071F0000025284604B0BDE8F081C3F305029DF8E0
:107200000B30C3F3C01343EA42037A1C5BB2324330
:107210001342D8D027236374A37C002BE8D001212C
:10722000207C01F0E1FAFF21201D01F0B9FB201DB7
:1072300001F070FB0023A374DAE76946984705461E
:10724000BCE7024626212046FFF76EFD0028CBD181
:10725000134B42F210771B681F4404E0104B1B686D
:10726000FB1A1B0416D4201D01F080FBFF280646E4
:10727000F4D1A37C002BBCD00121207C01F0B4FA16
:107280003146201D01F08CFB201D01F043FB002343
:10729000A374AEE728236374A8E700BF215401005C
:1072A000B846032070B5002282B00E460A2104467B
:1072B000FFF73AFDA8B11B236374A37C1BB900231D
:1072C000184602B070BD0121207C01F08DFAFF212B
:1072D000201D01F065FB201D01F01CFB0023A374A1
:1072E000EDE70546102231462046FFF76DFC0346C8
:1072F0000028E2D0A27C002AE2D001900121207C6B
:1073000001F072FA201DFF21009001F049FB009866
:1073100001F000FB019BA574184602B070BD00BFD0
:1073200070B5002282B00E4609210446FFF7FCFC2E
:10733000A8B11B236374A37C1BB90023184602B0B9
:1073400070BD0121207C01F04FFAFF21201D01F0CA
:1073500027FB201D01F0DEFA0023A374EDE70546AC
:10736000102231462046FFF72FFC03460028E2D0CA
:10737000A27C002AE2D001900121207C01F034FAA5
:10738000201DFF21009001F00BFB009801F0C2FAD4
:10739000019BA574184602B070BD00BF70B50546CC
:1073A0001646043001F0FCFA4FF400723146281DF5
:1073B00001F000FBFF21281D01F0F2FAFF21281D3A
:1073C00001F0EEFA281D01F0D1FA00F01F03287534
:1073D000052B05D02022AB7C6A741BB9002070BD40
:1073E000012070BD0121287C01F0FEF9FF21281D3C
:1073F00001F0D6FA281D01F08DFA00230020AB74AD
:10740000EDE700BF2DE9F041164D074688462C6890
:1074100004F5167403E02B68E31A1B040CD4381D22
:1074200001F0A4FAFF28F6D14246FC213846FFF7C6
:10743000B5FF18B1BDE8F08124237B74BB7C13B980
:107440000020BDE8F0810121387C01F0CDF9FF2159
:10745000381D01F0A5FA381D01F05CFA0023002068
:10746000BB74EEE7B8460320036870B59B6D164603
:107470000A46234982B004468B423DD1407D032811
:107480004FF01801204618BF5202FFF74DFC054689
:10749000A8B10D236374A37C1BB90023184602B066
:1074A00070BD0121207C01F09FF9FF21201D01F01A
:1074B00077FA201D01F02EFA0023A374EDE732467F
:1074C000FE212046FFF76AFF03460028E3D0A27C96
:1074D000002AE3D001900121207C01F085F9201DD4
:1074E000FF21009001F05CFA009801F013FA019B73
:1074F000A574184602B070BD00929847009ABEE786
:10750000C14A010090F81CC0BCF1000F09D0D0F8AE
:1075100000C0012300B5DCF828E0F4465DF804EB78
:107520006047FFF7A1BF00BF0020704700207047F1
:1075300000207047704700BF084B0021084A99633C
:10754000D3F830C00748C2F800C012681A639A6CBA
:1075500022F081029A640170704700BF00002C4045
:1075600008B30220E2460320034B586A80F0807083
:10757000C0F30060704700BF00002C40014B18783A
:10758000704700BFE24603202D4A2E4B526AD3F8C3
:1075900000312D49C2F3C22203F03F03013230B55E
:1075A0002A4C4FF47A75A4FB034305FB00F09B08BB
:1075B000B1FBF3FEBEFBF2FEB0EB1E1F3CD2082176
:1075C00001231D465B001A01BEFBF2F2824201D983
:1075D0000139F6D12D02BEFBF3F2904228D25900B8
:1075E0004FF0010C00E05918BEFBF1F282421CD9A9
:1075F0000CF1010CBCF1100FF5D14FF0F00C4FF471
:107600007A73134A134803FB01F1BEFBF1F10160E9
:10761000D36A6FF3131343EA0C032B4343F4602341
:10762000D362536A1B07FCD530BD4FEA0C1CE6E75A
:1076300019464FF0000CE2E7724600250123CCE723
:1076400000C00F4000800D4000EC695EABAAAAAA02
:1076500000002C4018AC0220014B1878704700BF86
:1076600042300020014B1868704700BF08B3022069
:10767000DFF81CC000B58E46BCE80F00CEF8000055
:107680000120CEF80410CEF80820CEF80C3000BD52
:10769000DCB20220DFF81CC000B58E46BCE80F004B
:1076A000CEF800000120CEF80410CEF80820CEF865
:1076B0000C3000BDECB20220024B01201B680B60B5
:1076C000704700BFFCB20220704700BF00B583B016
:1076D0000C21019001F0B4FE019803B000BD00BF81
:1076E000044B1B7823B1044B18780230C0B27047AA
:1076F00001207047DB460320DC460320194B1A7833
:107700003F2A11D902F0C002402A01D00020704760
:10771000587ADA79197A013002F03F0300EB03401E
:1077200000EB0120800270479979D87993F809C05D
:1077300001F003019A7A8000CCF3010CC2F3C0126D
:1077400040EA8120597900B593F808E042EA4C03F9
:1077500001F00F0240EA9E1042FA83F30130073B2A
:10776000984000BDECB20220424A0520424B4349FA
:1077700010B5D2F8004182B044F08004C2F8004154
:10778000D2F8004124F03F04C2F80041D2F8004191
:1077900044F01804C2F80041D2F8004124F08004FB
:1077A000C2F80041D3F88020354C42F00C02C3F8F7
:1077B00080205A6A22F460525A62DA6942F48032B6
:1077C000DA615A6A42F400625A62C1F8CC01C1F827
:1077D000D001C1F8BC01C1F8C001C1F8C401C1F8B1
:1077E000C801A26C274B42F00042A264E26A134334
:1077F000E362E36A13F08073FBD14FF4C870019326
:10780000FFF7C2FE019B1D4A47F2B80141F2B800E2
:10781000C2F8CC31C2F8D031C2F8BC31C2F8C031A4
:10782000C2F8C431C2F8C831C2F8BC13164BC2F852
:10783000C013C2F8AC13C2F8B003C2F8B4131348B3
:10784000C2F8B813124A6063C3F8F8214FF0E0237E
:107850004FF480420F49602081F86E00C3F80C217C
:10786000E36A074A43F00063E362D36A1B01FCD476
:1078700002B010BD00800D4000C00F4000801F40CE
:1078800000002C4000800001003400200B007F111C
:107890003956010000E400E02DE9F843DFF8848068
:1078A00098F8003013B90120BDE8F88301F098FC86
:1078B000154D0746154C164E04E001F091FCC01B17
:1078C000B04219D82B6B13EA0409F6D00022114BF1
:1078D00088F800202A6B1A6019680F4A29631B6810
:1078E0001342E0D00D491F240D4B40F27A220020B4
:1078F0000C701A60BDE8F8832A6B064B88F800907C
:107900001A601B682B63EDE700002C4002007F111A
:1079100040420F0008B3022000007F1142300020D7
:107920001CAC0220DD4603202DE9F0418846FFF71C
:10793000B3FF00283FD0224B04465A6AD1052AD50E
:107940001F4D204EAB6A43F48033AB6201F048FC1C
:10795000074604E001F044FCC01BB04224D86B6A27
:107960005A05F7D508F13C0C08F50F7014494B6A1D
:107970005B05FCD5ACF1400353F8042F63450A6264
:10798000FAD103F1400C8445F1D10F4B012220467E
:107990001A70BDE8F0819A6A22F480329A629A6A7B
:1079A00042F400329A62CBE708492120084B4FF499
:1079B0007E7208701A6000242046BDE8F08100BF86
:1079C00000002C4040420F00DD46032042300020E2
:1079D0001CAC02202DE9F041074688461F4C01F0FF
:1079E000FFFB1F4D064604E001F0FAFB801BA84296
:1079F00028D8636AD907F7D4BB02C4F8088024D416
:107A000027F0FF07154C174DE76001F0E9FB144E16
:107A1000074604E001F0E4FBC01BB04212D8236B20
:107A20002B42F7D0226B104B1A601A6822631A6837
:107A3000D20707D51B6813F4702F0CBF012000205C
:107A4000BDE8F0810020BDE8F081A26CFBB222F01D
:107A5000FF02A264A26C1343A364D1E700002C4090
:107A600040420F0001000F0008B30220134B10B575
:107A70000C4684B01968FFF7ADFFE0B1104BA44687
:107A80001A6900925969019199690291D969012392
:107A90000CF80E2F039123F0030203F003010133CE
:107AA0006A44C9000F2B126822FA01F20CF8012D6A
:107AB000F1D10023E37304B010BD00BF00B3022076
:107AC00000002C40037ADB0703D5174B1B68A3B1DA
:107AD0001847164B1B783BB9154B5B6A83F08073D4
:107AE000C3F3006318467047114A124B126B1340E0
:107AF000B3FA83F35B09184670470F4B1B78002BD2
:107B0000F0D00E4A0E48116800B583B00193FFF71C
:107B100061FF019B28B1064B1B6983F48073C3F39B
:107B20000023184603B000BD04B30220DD46032045
:107B300000002C4002007F11DA46032000B302202F
:107B400000001A0D08B5044B04481968FFF742FFFE
:107B500008B1034B186908BD00B3022000001A0DDC
:107B600000002C4008B5074B07481968FFF732FFA3
:107B700030B1064B186980F48070C0F3002008BD56
:107B8000012008BD00B3022000001A0D00002C40A7
:107B90002DE9F843244B8946244D254C2B6001F0F8
:107BA0001FFBDFF8A8800746224E06E001F018FB15
:107BB000C01BB04223D802F017FE21681E48FFF711
:107BC00009FF0028F2D0D8F81030DB05EED50023ED
:107BD0004FF400722B60D8F8283023F48033C8F8B3
:107BE0002830164BC8F804201B78A3B14946144826
:107BF000FFF7F0FE68B90E2240F2574304E000217F
:107C00000A2240F24B4329600E4C00200E4922709C
:107C10000B60BDE8F8834FEA492909484946FFF758
:107C2000D9FE0028F5D1E6E7655C010004B3022027
:107C300000B3022040420F0000001A0DDC46032072
:107C400020003A19423000201CAC022000002C40D9
:107C5000F8B5214C00212148A36A23F48033A362A4
:107C6000FFF7B8FE48B9092240F23D231C48002521
:107C70001C4902700B602846F8BD1B4B05461B4A89
:107C8000136001F0ADFA636A0646D80112D4184FAA
:107C900004E002F0A9FD636AD9010BD401F0A0FA57
:107CA000831BBB42F5D9002110480A224FF4107300
:107CB0000160DBE70022084B0C490A605A6A920710
:107CC000D9D5586B9A6AD96A22F4803241F0806122
:107CD000D96258639A62CEE700002C400000DB0CAA
:107CE000423000201CAC02206956010004B302207F
:107CF00040420F0012F0030F00D143B93C49252048
:107D00003C4B40F2F512087000201A6070472DE9D4
:107D1000F04114461F46384A0E46384B80461360E1
:107D200001F05EFA054607E001F05AFA344B401BB9
:107D3000984229D802F058FD324B33481968FFF7B2
:107D400049FE0028F0D0314B1B69DA05ECD5002242
:107D500029492F4B0A6001212E4803EA074301708D
:107D600043F400732C490A60284A146053602B4B7B
:107D700093632B4B1B7893B131464046FFF72AFEA5
:107D800078B90020BDE8F081194A0A210020194B7A
:107D9000194C11704FF4FC7220601A60F1E7760202
:107DA000EAE7204B144A136001F01AFA194B054612
:107DB0001B787BB1124C04E002F016FD154B1B78CA
:107DC00043B101F00DFA401BA042F5D900230A4A45
:107DD0001360D6E710491A4607480B6802609B07F4
:107DE000CFD50A68104B1A420CBF01200020C9E70A
:107DF000423000201CAC022004B30220655C01006C
:107E000040420F0000B3022000001A0D00002C4079
:107E10000000FF1FE246032008B3022002007F118A
:107E2000DC4603207D56010000007F11F8B50646B0
:107E3000007A0C461546C0071F4613D483B10F4481
:107E400001E0BC420CD033682A46214630461B690B
:107E5000013405F5007598470028F2D10020F8BDDF
:107E60000120F8BD900712D0002BF9D00F4401E09B
:107E7000A742F5D033682A46214630461B690134B3
:107E800005F5007598470028F2D10020E7E706487D
:107E9000FFF730FF0028E3D104490C20044B40F2E7
:107EA000A13208701A60D9E737003A124230002038
:107EB0001CAC0220F8B50646007A0C461546C007F1
:107EC0001F4613D483B10F4401E0BC420CD0336889
:107ED0002A46214630465B6A013405F5007598470D
:107EE0000028F2D10020F8BD0120F8BD900712D083
:107EF000002BF9D00F4401E0A742F5D033682A46A1
:107F0000214630465B6A013405F500759847002824
:107F1000F2D10020E7E70648FFF7ECFE0028E3D1A6
:107F200004490E20044B40F23D4208701A60D9E724
:107F300027003A19423000201CAC02202DE9F843FA
:107F4000814688462E4C01F04BF92E4F06462E4DA9
:107F500004E001F045F9801BA84225D821682B4890
:107F6000FFF738FD0028F4D03B69DA05F1D501238D
:107F7000274E284A49463370002327481360274B71
:107F8000C7F800807B60264BBB63FFF723FD0746E5
:107F900070B9042240F29F13224800272249027040
:107FA0000B603846BDE8F8830A224FF4CC73F3E740
:107FB0001E4B1F4A136001F013F9337804468BB14E
:107FC000114D03E002F010FC33785BB101F008F9C9
:107FD000031BAB42F6D90023154A136025224FF448
:107FE000D173D9E71A460B4B11491B680A609B07EE
:107FF000F4D5084B1A680F4B1A42EFD1D1E700BFF6
:1080000000B3022000002C4040420F0000001A0D77
:10801000E246032008B3022011003A0640000100A6
:1080200002007F11423000201CAC02207D5601006E
:1080300004B3022000007F112B4B987A10B5440640
:1080400082B012D4DB7AC0F3050002F1010CC3F355
:10805000C0134CEA010C43EA40035BB213EA0C0F75
:1080600003D0272240F202330CE0204B1B780BB9DF
:10807000490252021E480192FFF7ACFC58B90F2288
:1080800040F20A33DFF888C000201A498CF800203B
:108090000B6002B010BD01991748FFF79BFC18B99F
:1080A000102240F20D33EDE700211448FFF792FC57
:1080B00018B911224FF44473E4E701F091F8044633
:1080C0000F4B10481968FFF785FC18B10E4B1B6960
:1080D000DB05DED401F084F80C4B001B9842EFD98D
:1080E000282240F21333CDE7ECB20220DC46032015
:1080F00000001A201CAC022000001A2100001B26E0
:1081000000B3022000001A0D00002C4040420F0076
:10811000423000202DE9F0434FF00008884D894E91
:1081200093B0894C894F017280F8098085F80080EE
:1081300086F8008084F8008087F80080FFF714FB41
:1081400041464046FFF746FCE8B14FF003084FF4C4
:10815000D5717F48FFF73EFC00284CD1B8F10108EB
:10816000F5D13B78002B3AD0DFF82C9201F038F8AB
:10817000784F804600217848FFF72CFC70B9172211
:108180004FF42A7302E0012240F28E237349002447
:1081900032700B60204613B0BDE8F083494670484A
:1081A000FFF718FC0028EAD001F01AF8A0EB08004D
:1081B0006C4BB842E3D81A69002ADBDA19696A4ABB
:1081C00011601B695A0001D5012323700021674803
:1081D000FFF700FCD8B9022240F2B123D6E7FFF73F
:1081E000C3FA41464046FFF7F5FB3B78002BBBD175
:1081F0004FF44019BAE75B4B1B69B3F5D57F03D049
:1082000006224FF42573C1E701233B70ACE7002140
:108210005748FFF7DFFB18B903224FF42D73B5E77A
:10822000504F544C3B6954496FF30F03534823603C
:10823000FFF71CFC18B9072240F2B923A6E7504902
:108240005048FFF713FC18B908224FF42F739DE72D
:1082500021684D48FFF7BEFB18B9052240F2BF2345
:1082600094E721683C48FFF7B5FB18B9142240F2A7
:10827000C3238BE702214548FFF7ACFB04460028E7
:10828000F4D0BB6A02A96FF07F4023F00603BB6203
:10829000BB6A43F00203BB624FF010137B64FFF72D
:1082A0004DFE9DF815309B0747D5002845D02B4F34
:1082B00002A937483A6896F800800192FFF73EFE1F
:1082C0009DF81830019A03F00F03012B32D188B3C7
:1082D0004CF250302F4E0523C6F8CC31C6F8D031C1
:1082E000C6F8BC31C6F8C031C6F8C431C6F8C831CA
:1082F000FFF74AF9002347F2B802C6F8CC31C6F8B6
:10830000D031C6F8BC31C6F8C031C6F8C431C6F8A1
:10831000C83141F2B803C6F8BC23C6F8C023C6F87A
:10832000AC23C6F8B0330123C6F8B423C6F8B8238B
:108330002B702FE786F800803A6046F2A810C9E754
:10834000DA46032042300020DC460320DB460320CF
:1083500000001A0840420F0000001A371CAC02202F
:108360000000022900002C40FCB20220000009029B
:1083700000001A0300B30220ECB202200000090939
:10838000DCB202200000090A00001B0700001A06E8
:10839000F1FFFF8000801F4000003040F8B5324BF5
:1083A0000F465A6A92050DD49A6A22F480329A6274
:1083B00072B69A6A42F400329A629A6A42F4803241
:1083C0009A6262B600F00CFF274C0646274D04E087
:1083D00000F006FF801BA84233D8636A1B05F7D55F
:1083E00007F13C0007F50F741F494B6A1D05FCD5CA
:1083F000A0F140030A6A43F8042F8342FAD103F143
:108400004000A042F1D100F0EBFE174C0746184D9A
:10841000164E04E000F0E4FEC01BB0421AD8236BF5
:108420002B42F7D0226B134B1A601A6822631A682A
:1084300092070DD51A68104B1A420CBF012000207C
:10844000F8BD0E491A200E4B40F2563208701A60E1
:108450000020F8BD1D200949094B40F26132087027
:1084600000201A60F5E700BF00002C4040420F00DA
:1084700002007F1108B3022000007F11423000206B
:108480001CAC02202DE9F843244B8946244D254C91
:108490002B6000F0A5FEDFF8A8800746224E06E01C
:1084A00000F09EFEC01BB04223D802F09DF9216867
:1084B0001E48FFF78FFA0028F2D0D8F81030DB05FD
:1084C000EED500234FF400722B60D8F8283043F427
:1084D0008033C8F82830164BC8F804201B78A3B1A5
:1084E00049461448FFF776FA68B90C2240F2BD33CA
:1084F00004E000210A2240F2B13329600E4C002032
:108500000E4922700B60BDE8F8834FEA49290948FB
:108510004946FFF75FFA0028F5D1E6E7655C010000
:1085200004B3022000B3022040420F0000001A0DE5
:10853000DC46032030003A12423000201CAC0220FE
:1085400000002C4070B500231C4D0E4643721946A6
:10855000AB6A1B4823F48033AB62FFF73BFA18B1D8
:1085600004465EB9204670BD092240F2D333154857
:1085700000241549027020460B6070BD134B144A4D
:10858000136000F02DFE6B6A0646DA0112D404E097
:1085900002F02AF96B6ADB010CD400F021FE0D4ACF
:1085A000831B9342F4D9002109480A2240F2D733B1
:1085B0000160DCE70023064A1360D3E700002C408B
:1085C0000000DB0C423000201CAC02206956010088
:1085D00004B3022040420F0010B50446FFF75CF9D7
:1085E00008B1637A03B910BD20460121BDE81040EF
:1085F000FFF7A8BF30B50346007AADF5037D1446FA
:10860000C00720D593070FD101233048FFF772FB35
:10861000B8B92F490B202F4B4FF45D7208701A60C8
:1086200000200DF5037D30BD012302AA2748FFF786
:1086300061FB0028EDD04FF4007202A9204600F043
:1086400065FE0120EDE701930D46FFF725F9019B3B
:108650000028E5D05A7A012A23D01A681E49126AE6
:108660008A4222D10193FFF717F90028D8D0019B45
:108670005A7A0ABB184629460193FFF703FF019B6C
:108680000028CDD001225D605A7221461846019320
:10869000FFF784FE0028C3D0019B5A6801325A605C
:1086A000CFE75A68AA42D8D1EFE71846019390471E
:1086B000019B0028B4D0DDE7184601210193FFF7A4
:1086C00041FF019B0028ABD0D4E700BF11003A1155
:1086D000423000201CAC0220D966010030B50D46A6
:1086E000017A1446ADF5037DCA071BD5A30706D052
:1086F000214602AC4FF4007202A800F007FE0123ED
:10870000224629463248FFF7F5FA002841D131497F
:108710000D20314B40F2114208701A6000200DF517
:10872000037D30BD0190FFF7B7F8019B0028F5D01D
:108730005A7A022A2FD01A682849126A8A422ED100
:108740000193FFF7A9F80028E8D0019B5A7A002A84
:108750002CD11A682249126E8A4230D11846294615
:108760000193FFF715FA019B0028D7D002225D6024
:108770005A721A6818461B49D26D01938A422146E3
:1087800023D1FFF7D1F8019B0028C7D05A680132E6
:108790005A600120C3E75A68AA42CCD1E9E71846DB
:1087A00001939047019B0028D3D1B7E718460121D8
:1087B0000193FFF7C7FE019B0028CAD1AEE7184618
:1087C000019329469047019BCEE79047019BDBE749
:1087D00001003A18423000201CAC0220D96601008A
:1087E000915C0100295A010000F024BD10B483B04F
:1087F0000B46CDE90012C27C002A30D072B6C27C92
:10880000D40708D54FF0E02C4469DCF880112140F2
:108810008162CCF88011910708D54FF0E02C846973
:10882000DCF884112140C162CCF88411540708D5CA
:108830004FF0E02CC469DCF8881121400163CCF8CA
:108840008811110708D54FF0E02C046ADCF88C1170
:1088500021404163CCF88C11D2063AD462B68268CA
:10886000934240D0234A836092692349C2F3011C9A
:10887000C2F3826251F82CC00132BCFBF2F103B3A7
:108880008B4232D8B1FBF3F2B1FBF2F18B422ED323
:10889000B2F5817F1BD2022A27D9023A530803EB93
:1088A000032342EA0323C36002680321002010610E
:1088B000516201211364019B1366116103B010BC66
:1088C00070479445EFD34A1CB2F5817FE3D30B4B3D
:1088D000E9E74FF0E021446AD1F890212240826319
:1088E000C1F89021BAE7C368DEE70023DBE7114651
:1088F000E9E700BF00C00F405C210020FF7F7F0040
:1089000008B5034653F8040B93E80600FFF76EFF23
:1089100008BD00BF0268D37C13B3D80704D5906AA2
:108920004FF0E021C1F80001990704D5D06A4FF05B
:10893000E021C1F80401580704D5106B4FF0E02185
:10894000C1F80801190704D5506B4FF0E021C1F8B8
:108950000C01DB0604D5926B4FF0E023C3F8102125
:10896000704700BF006800F099B900BF0268FF239C
:1089700012685366D36D13F4F81FFBD0506FC0B26A
:10898000704700BF4FF0FF0C006808B5134680F831
:108990003CC00A46002100F07DF9002008BD00BF60
:1089A00003681A685166D36D13F4F81FFBD0536F38
:1089B000704700BF13460068002200F06BB900BF8B
:1089C0000378DB0701D4012070470346406810B5E7
:1089D00003F1100282B0016801924C6A0093D968D9
:1089E000A047DDE9003298B1197888070CD5DC681A
:1089F0000093D3E90101D0F800C02144DCF8243011
:108A0000984728B1009B197821F0010101201970C5
:108A100002B010BD10B5446884B07CB31446C2687F
:108A200003468A420AD1024612F810CB04F003042E
:108A300010464CEA04021A7004B010BDCDE90101E1
:108A4000FFF7BEFFD0B114F0040FDDE9013105D00E
:108A500003F110024FF0000CD960E7E7586803F10A
:108A60001002D0F800C00192CDE90213DCF81030FA
:108A70009847039BDDE901210028EBD1002004B0D9
:108A800010BD00BF0346808910B100229A81704753
:108A9000D3E901C18C4500D3704700B585B060466D
:108AA00003AA019300F016F8019B80B1039A586065
:108AB000B2F5803F90B208D3920AC0F30900A2F544
:108AC0002152A0F5105190B2998105B000BD4FF62A
:108AD000FF70FAE7884238D2034690F90000002878
:108AE00093F800C02DDA0CF0E000C02831D00CF073
:108AF000F000E02831D00CF0F800F02825D10CF07F
:108B0000070C0420184488421FD8013300B5197897
:108B1000013301F0C00E01F03F01BEF1800F41EAC8
:108B20008C1C14D18342F2D1ACF180010D4B9942DF
:108B30000DD8ACF55843B3F5006F08D3C2F800C0A8
:108B400000BD581CC2F800C07047002070470020CC
:108B500000BD0CF01F0C0220D4E70CF00F0C03201A
:108B6000D0E700BF7FFF10007E2843D90023DFF845
:108B7000ACC000B54FF0350E04E03CF82120824235
:108B800023D80B46AEEB0302012A03EB5201F4D8C3
:108B90009BB23CF82320904219D24FF04B0C00239B
:108BA000DFF87CE005E03EF8212082428CBF8C4655
:108BB0000B46ACEB0302012A03EB5201F3D89BB244
:108BC0003EF8232082421FD000BD8E46DAE70CEB30
:108BD000830C821A9CF803309A42DEDA9CF9023048
:108BE000012B16D04EF2A032002B08BF13460344CF
:108BF00098B200BDA0F16103192B8CBF00230123A3
:108C0000A0EB431398B270470EEB830EBEF8020040
:108C100000BD02F00102821A90B200BDD81E0020F1
:108C2000E41B002030B504468E460068114640F231
:108C30000122026123B31D46BEF1000F21D072460E
:108C400012F801CB9646013DC0F864C0026F92074E
:108C500007D48C46013B426F19B10CF8012B6146D9
:108C600020684269D207F1D5002DE5D143B1026FEA
:108C70009207FCD4426F09B101F8012B013B03D1EB
:108C800030BD94F83CC0DEE72068026F9207EED456
:108C9000F0E700BF0BB1FFF7C5BF70474268D2E9EC
:108CA00000130968194200D17047034600200521CE
:108CB00010B51C6882B02061187C01930244107CBE
:108CC00000F0DAFA019B0521587C5A68024492F8B8
:108CD000240000F0D1FA019B05215A689B7C1344C3
:108CE00093F8380002B0BDE8104000F0C5BA00BFEC
:108CF00070B5EFF3108272B60C4C206880B10C4E48
:108D000000254369236073B19D6102B962B683682F
:108D100045779847EFF3108272B620680028F0D1AB
:108D200002B962B670BD3360EFE700BF1CB302202A
:108D300018B30220FFF7DCBF0449054A4968054B18
:108D40001960136801331360704700BF001000E022
:108D5000B8460320B4460320084601F0B5BC00BF66
:108D6000012A70B508BF0A228AB005461E4659B3CB
:108D70004FF0210C01E05FFA84FC0CF1FF34B1FBF1
:108D8000F2F302FB131EBEF1090F0EF1370098BF7C
:108D90000EF130000DEB0C0E914219468EF80400D6
:108DA000E9D23EB10CF1FF3C2D225FFA8CFC0DEBB9
:108DB0000C031A712B6801A9CCF1220228465B68CA
:108DC000614498470AB070BD30234FF0210C8DF8F4
:108DD0002530E6E7002903DB00230A22FFF7C0BFA6
:108DE00049422D230A22FFF7BBBF00BF00B503682D
:108DF00083B040F60D2C022201A95B68ADF804C0D7
:108E0000984703B000BD00BF044B022888BF03464B
:108E1000D3F800C01846DCF804301847402D002075
:108E2000A94AAA4B90422DE9F047A94CD3F814E087
:108E30009969D4F80CC000F2088103F1437303F57B
:108E4000F4530333A3FB0023DB0D03EB830303EB9A
:108E5000830202F2B63240F227639A4228BF1A46D2
:108E60009C4BA3FB0232D208203A984D0CF01F0411
:108E7000D5F88030944243F0C003C5F880300BD25F
:108E80002CF01F0C924C4CEA020CC4F80CC0236866
:108E9000002BFCDA0CF01F041EF0007327D18E4D5E
:108EA0002E698E4DB54300F0FA8081F480557646E8
:108EB0004FF4805716F0605F06D02EF0605E4EEAE9
:108EC000030E824BC3F814E015F4405F07D021F481
:108ED00040517E4D3943A961AB6C1B07FCD44EF069
:108EE000007E7A49C1F814E08B6C9F06FCD47C4963
:108EF000884200F2DF80012635460EE0082D0CD1B5
:108F0000042E00F291800136022506FB00F38B420D
:108F100000F2C3805B008B4206D8013506FB05F3E7
:108F200000FB03F38B42E9D9771E05F1FF384FEAC6
:108F3000872A8EEA87276B4959186B4B99427CD94F
:108F4000DFF8E4916C2369486349B0FBF5F0684DA4
:108F5000B0FBF6F00E6835404D4508D043F40053A1
:108F60004FF480550D600B600B68002BFCDA5749FD
:108F70000B6903F00703434504D0C1F810808B6CE4
:108F8000DE03FCD417F4E05F0BD02EF4E05E0AF4AD
:108F9000E0534E4943EA0E0EC1F814E08B6C9D0776
:108FA000FCD4544D544945198D4239D8534BED09E1
:108FB000A3FB05352D0B6B1E1B028EEA030111F47A
:108FC000407F07D02EF4407E03F440733F4943EACC
:108FD0000E034B613D494B6923F000734B618B6C71
:108FE0009B06FCD4464BA242A3FB00134FF0FF317B
:108FF0004FEA9343B0FBF5F5B1FBF3F34149086049
:1090000041490D6041490B6008D22CF01F0C3049DA
:109010004CEA0202CA600B68002BFCDABDE8F0875C
:109020004FF440730425C8E7771E2E494FF0070818
:109030004FEA872A59188EEA8727294B99421CD86C
:10904000DFF8E890362332487EE7324B984201D869
:109050000E220AE7304B984228D9304A904227D94D
:10906000821A2F4B120AA3FB0232D20902EB8202B0
:1090700002EB820202F2E242EDE6A3F182532948BA
:10908000DFF8AC90A3F589337E3BA3FB01310B0DD8
:1090900003FB00F043EA090956E7012544E71F46B0
:1090A0008EF0C0560D464FF0C05303E70F22DCE6AA
:1090B0001222DAE6012603464FF0000A77464FF007
:1090C0000008354637E700BF001C4E0E00C00F40B9
:1090D000000008401F85EB5100800D4040300080AB
:1090E000FFB19F26808D5B00FF7EF64D00643F4DF3
:1090F0007F3001807FD1F0087F17B42C9F10E500EE
:1091000083DE1B433C2D0020382D0020B0060320B9
:1091100000B29F26FF0A6B1B00A4781F0046C323E2
:1091200023B24C00001BB7006C200080362000806A
:109130000020008000B970472DE9F84F01218146D9
:10914000224C234E234D54E8003F3268286844E8FF
:109150000013002BF7D120494B684FF47A7BDFF8DE
:109160007CA01B1A01270BFB02F8DAF80020A2FBF7
:1091700003235B4594BF9844D84454E8003F3268C9
:10918000286844E80073002BF7D14B68DAF800C078
:109190001B1A0BFB02F2ACFB03C3B3F57A7F94BF3F
:1091A000D21802F57A72A2EB0802B2F57A7F08D3E0
:1091B000B9F1010F08F57A7809F1FF39DDD1BDE881
:1091C000F88F01F011FB0449D7E700BFBC4603202C
:1091D000B8460320B4460320001000E0B006032088
:1091E00010B50F4B4FF0010C0E4CDFF844E053E884
:1091F000002F2068DEF8001043E800C2002AF6D1F4
:10920000094B5B68094A5B1A4FF47A71126801FBDB
:1092100000F0A2FB03238B4294BFC018401810BD7E
:10922000BC460320B8460320001000E0B00603202F
:10923000B4460320362812D802010C4B03EB001071
:109240009B58C268D3F804C01CEA020F03D039B19E
:10925000C3F884207047836829B9054A1A607047AB
:10926000C3F888207047034A1A6070470C23002017
:109270003830010038F00100362831D802011B4B8C
:10928000012903EB00109B5800B55A68D0E902ECA5
:1092900012D0042910D022EA0C025A60C9B1022966
:1092A0001FD003294FF015020CBF114B114BCEF804
:1092B000003043681A6000BD42EA0C0201295A607E
:1092C00007D040F63803CEF80030436815221A6004
:1092D00000BD38231522CEF8003043681A6000BD67
:1092E0007047054BCEF80030EFE700BF0C2300209D
:1092F000383001003800010038F0010008B5EFF700
:109300009BFFEFF773FD01F06FFAFAE7844641EA3D
:10931000000313F003036DD1403A41D351F8043BED
:1093200040F8043B51F8043B40F8043B51F8043B3F
:1093300040F8043B51F8043B40F8043B51F8043B2F
:1093400040F8043B51F8043B40F8043B51F8043B1F
:1093500040F8043B51F8043B40F8043B51F8043B0F
:1093600040F8043B51F8043B40F8043B51F8043BFF
:1093700040F8043B51F8043B40F8043B51F8043BEF
:1093800040F8043B51F8043B40F8043B51F8043BDF
:1093900040F8043B51F8043B40F8043B403ABDD24E
:1093A000303211D351F8043B40F8043B51F8043BF0
:1093B00040F8043B51F8043B40F8043B51F8043BAF
:1093C00040F8043B103AEDD20C3205D351F8043B7F
:1093D00040F8043B043AF9D2043208D0D2071CBF4B
:1093E00011F8013B00F8013B01D30B880380604674
:1093F000704700BF082A13D38B078DD010F00303EA
:109400008AD0C3F10403D21ADB071CBF11F8013B59
:1094100000F8013B80D331F8023B20F8023B7BE7A8
:10942000043AD9D3013A11F8013B00F8013BF9D2D3
:109430000B7803704B7843708B788370604670476D
:1094400002F0B4BB01F1FF3C70B566464FF0000E70
:1094500001E00EF1010EB0FBF2F402FB1403092B44
:1094600003F1370598BF03F130059042204606F816
:10947000015FEED201EB0E0300225A70BEF1000F25
:1094800011D0481C70440CF102021CF8014F10F876
:10949000015DA1EB0C03521A8CF80050013B0470E3
:1094A00073449A42EFDB084670BD00BF72B6EFF31B
:1094B0000583524CC4F884301EF0040F0CBFEFF348
:1094C0000882EFF309824FF0E0234D4DD3F8280DC9
:1094D000D3F82C1DC4E92201D3F8341DD3F8383D4C
:1094E000C4E924139369A83444F8103CD36944F8C0
:1094F0000C3C00F0CDF804ED020A01F095FA0B23C4
:1095000044F8040C4FF0FF323E4844F8283C2B68E6
:10951000202104355A4042F30003013903EA0003D5
:1095200083EA5202F7D1A542F1D1344BC3F8A82007
:10953000BFF34F8F4FF0E0233149334AC3F8701F18
:10954000C3F8702FBFF34F8FBFF36F8F2F4A0224E2
:109550002F48D36E2F4943F44053D3660460D36938
:109560002D4823F07F0343F04003D3610B6883420F
:1095700040D8274D00204FF0E0234FF0FF32286005
:109580000121C5F8080125480C460E46C5F8000122
:10959000C5F80811C3F88021C3F88421C3F88821D5
:1095A000C3F88C21C3F8902101E000F071F9D5F8DF
:1095B0000C31002BF9D04F2CC5F80C6104F10104DB
:1095C000F3D9174B022017494FF00042C1F8400170
:1095D0005A63D5F80C313BB9134814490C4A01635E
:1095E000D2F80C31002BFAD04FF0E023104AC3F828
:1095F0000C2DFEE7FFF714FCBBE700BF00FF2720A0
:1096000080FF27202083B8EDA0FF272000C00F4057
:10961000004008403C2D0020803DCD0B009F2400E1
:1096200000900D4000002E4000800F40F100AD0B77
:109630000400FA05094A08B50346106823B103443B
:1096400007498B4201D8136008BD03F03DFD0C2291
:1096500003464FF0FF301A6008BD00BF682D0020A0
:1096600000002820002070474FF0FF30704700BFF7
:109670004FF4005300204B60704700BF012070473B
:109680004FF0FF30704700BF30BFFDE7FFF70EBF60
:10969000124AD2F880305B07FBD5D2F880301048F0
:1096A000C3F30B230F4990ED007A07EE903A91ED4A
:1096B000006AB8EE477A0C4AF8EEE77A0B4BD2ED27
:1096C000006A77EEC77A93ED007AB8EE477A67EED4
:1096D000867A87EEA60A37EE400A704700810D4071
:1096E000A0060320A8060320AC060320A40603203E
:1096F000836B70B586460E4610461BB1536843F423
:109700000043536072B6DEF8342042B31B4B106046
:10971000D3F8B02132421ED1194C656805E0626869
:10972000A2EB050CBCF5166F0BD2D3F8402142F426
:109730008042C3F84021D3F8B811D3F84021520435
:10974000EDD5314007D10D4ACEE90201D2F8B03152
:109750003343C2F8B031CEF8340062B670BD074969
:10976000CEE90202D1F8B0313343C1F8B031CEF8BE
:109770003000CEF8340062B670BD00BF00002E404D
:10978000001000E070B5056B95B12B46002403E096
:109790001B680134012B0CD05A681206F8D50363FC
:1097A00006462CB12846B36B2D689847013CF9D189
:1097B00070BD00220023C0E90C23F1E700B501BB16
:1097C000DFF8A0C0234B0021234A4FF0010E4FF0D9
:1097D00001109960C3F800E0CCE902314FF0800C31
:1097E000C3F804C0C2F8BC01D2F8B0311B4843EA48
:1097F0000E03C2F8B0310160D2F8B031002BFBD1BA
:1098000000BD0904164BDFF85CC04FF0010E41F0BB
:1098100080019860104A596000F58051C3F800E05B
:10982000D96000F50051CCF84830196100F540517D
:1098300000F58040596100219861CCF84C10D2F8B5
:10984000B03143F48033C2F8B031D2F8B031002BDC
:10985000FBD1B7E7E056002000002E4048F102207F
:109860000057002000000020074901220B788240A9
:1098700023EA02030B7033B9044AD2F8483123F0CB
:109880008003C2F848317047EA46032000002E40AA
:109890002DE9F047A64C82B0D4F84461F107C4F832
:1098A00044614CD5D4F8AC31002B43D0A14DA24F2C
:1098B000DFF8B882C4F8AC31D5E90A20D4F84031D9
:1098C00043F40053C4F84031D4F840319B04F5D53B
:1098D000D4F840314FF0011123F40053C4F8403163
:1098E000C4F8B411D4F8B43113F00113FAD191B221
:1098F00084463B60B1F5086F00F03A8100F2958034
:1099000040F2023E714500F0928100F2A48082296B
:1099100000F0E181B1F5817F00F0B381802940F052
:109920009580864802210380FFF748FFD4F8AC31C8
:10993000002BBFD17E4AD2F8BC31002B42D1720637
:1099400016D57B4BD3F8AC21C3F8AC21D3F8BC219E
:10995000C3F8BC21D3F8B041002CFBD14FF0FF324B
:10996000C3F8B421D3F8843100F046FD744B1C6079
:10997000F40103D5734B1B6803B19847B00103D5BD
:10998000714B1B6803B19847710708D5684BD3F832
:10999000843113F4007345D06C4B01221A70644B70
:1099A000D3F848311A060AD5330608D5684A137821
:1099B0002BB1013BDBB21370002B00F06D8202B0C3
:1099C000BDE8F0875C49C2F8BC310868034240F04A
:1099D00098815B4A12681340B1D01C0C554D1FFA98
:1099E00083F810D094FAA4F7B7FA87F705EBC710FD
:1099F0004030FFF7C7FE012303FA07F7BC43F1D15C
:109A0000B8F1000F9BD0012798FAA8F4B4FA84F4B7
:109A100005EBC41007FA04F4FFF7B4FE38EA0408B3
:109A2000F2D18CE7494A1370B9E742F2212E714511
:109A30005AD049D8B1F5106F00F0A28042F2210C43
:109A4000614503D1010C072900F08C814FF001130F
:109A5000C4F8C0316AE7B1F5A06F00F0CA80A1F583
:109A6000D0610129F2D83B4B59680029EED01FFA8A
:109A70008CFE120C03E019690C330029E6D0B3F810
:109A800000C09445F7D1B3F802C0F445F3D14FEAD2
:109A9000122C000CBCF1030F00F0CB811B89834218
:109AA00028BF0346B2F5007F9A4640F09A81274BC3
:109AB0001B78002B40F0EE81274952462748DFF8FB
:109AC0009C90FFF723FC9EE142F22133994214D08F
:109AD0004FF6C0039942B9D183B2FF2BB6D843F4F5
:109AE0006E4363F30F0CBEE780B230B91C4B120C0F
:109AF00019681C4B19601C4B1A700023C5F848806C
:109B0000EB64C8F808300123C8F800308023C8F897
:109B100004304FF00113C4F8BC31D4F8B03143F431
:109B20008033C4F8B031D4F8B031002BFBD1FDE65E
:109B300000002E400000002048F1022068FE0220B4
:109B40004CF10220CC460320D0460320F0460320EF
:109B5000F1460320882600202C1E00600058252096
:109B6000B8460320C8460320EE460320E0560020F6
:109B7000B34B0121B3481B780370FFF71FFED5E6F6
:109B8000AF49120C01930A70AF4AC4F8C821AF4A1A
:109B9000C4F8CC21AE4AC4F8D02100F02FFC8022BA
:109BA0000199AC4802F0EEFEAB498022019BA9640A
:109BB0004A60AA4AEB64C5F8A02002F13C428B60DF
:109BC00002F56C2202F56F72C5F8E02001220A60EE
:109BD0004FF00112C4F8BC21D4F8B02142F4803215
:109BE000C4F8B0219E4A3B60D2F8B031002BFBD1C3
:109BF0009CE69949EB648B600123A9640B60802388
:109C00004B604FF001139649C4F8BC31D4F8B03121
:109C100043F48033C4F8B031D1F8B031002BFBD11C
:109C2000130C5B0643F08073C1F854317EE610F0EC
:109C3000780F7FF40BAF00F07F028A4B000653F8D9
:109C400022104CBF41F4803141F0010143F8221051
:109C50000021814BE96499600121AB641960802186
:109C60007F4A59604FF00113C2F8BC31D2F8B031CD
:109C700043F48033C2F8B031D2F8B031002BFBD1BD
:109C800054E610F0780F7FF4E1AE00F07F02754BE0
:109C9000000653F822104CBF21F4803121F001015D
:109CA00043F8221000216C4BE96499600121AB64F8
:109CB000196080216A4A59604FF00113C2F8BC3123
:109CC000D2F8B03143F48033C2F8B031D2F8B031B9
:109CD000002BFBD12AE610F078037FF4B7AE00F03A
:109CE0007F01604A000652F82110564A138036D58B
:109CF000C90301D50123137002215248FFF75EFD0D
:109D000014E60020086058490C88486842F2210196
:109D10008C427FF45EAE80B200287FF45AAE534985
:109D2000534C03C9A18086284FEA11412060A171DC
:109D30007FF44FAE72B64F48017841F008010170D0
:109D4000D2F848110D0605D480200143C2F8440121
:109D5000C2F8481162B6484A5021117039E6CB0763
:109D6000CAD5C7E74049EB60444BC1E90020012256
:109D7000AB601A60424A5A603C4A9A60D4F8B0110B
:109D800041F00101C4F8B01102F58051D96002F52B
:109D90000051196102F5405102F5804259619A6102
:109DA0002F4AD2F8B031002BFBD12B49EB648B60EA
:109DB0000123A9640B6048F280034B604FF001134C
:109DC000C2F8BC31D2F8B03143F48033C2F8B031BC
:109DD0004FF48033224A3B60D2F8B031002BFBD1E4
:109DE000A4E5B2F5E06F7FF468AE264B1B78002B3C
:109DF0004ED12549DFF8949052464846FFF786FA3F
:109E0000072389F8013029F01F0309EB0A02BFF389
:109E10004F8F4FF0E021C1F8703F20339A42FAD8BB
:109E2000BFF34F8FBFF36F8F18485146FFF7C6FC43
:109E30007CE50B78834228BF03469A463DE600BF87
:109E4000EF46032068FE02200200CC00C80002009A
:109E50000200C80080000020E05600205DCFC6B898
:109E600000002E40C0012E4000EA002040F10220F8
:109E7000C0460320EA460320F14603200057002095
:109E800080000700F0460320901E00600058252047
:109E90000449AFE7044910E60320FFF7E5FC09F0A9
:109EA0006FF800BF2C1E0060901E00602DE9F0438B
:109EB000841E83B0022C02D903B0BDE8F083124D9A
:109EC00090460F46C60105EBC0143C2200210190CC
:109ED000201D994602F056FDB8FA88F2390452095D
:109EE00041EA42710122A951C4F83890A260B9F147
:109EF000000FE1D00549019B9A400B681A430A60A4
:109F000003B0BDE8F08300BF000000204CF1022048
:109F10002DE9F043A0F1020E83B0BEF1020F02D989
:109F200003B0BDE8F0839146C201124F884602F1AA
:109F3000400605463C220021F4190193201D02F041
:109F400021FDB9FA89FC4FEA0842019B4FEA5C1CEB
:109F500042EA4C72BA510122A363A260002BDFD007
:109F6000054905F110000B6882401A430A6003B0EE
:109F7000BDE8F083000000204CF1022012044FF0F5
:109F8000010C816042F08002C0F800C0C36101F59D
:109F9000805C01F54053426001F5005201F58041BB
:109FA000C0F80CC08161C0E904237047831E022BF6
:109FB00000D9704700F1100C064B0A4603EBC010A5
:109FC00000B54FF0010E0EFA0CF15DF804EBFFF74F
:109FD0008FBB00BF40000020831E022B00D97047BA
:109FE0004FF0010C034B0A460CFA00F103EBC010D2
:109FF000FFF77EBB0000002040687047144B0A2228
:10A00000DFF850C0D3F8200220F07F4000EB80033F
:10A0100000B55B0085B0604538BF18466946FFF75C
:10A0200011FADFF834C06B4600226046197801321D
:10A03000013341B10A2A20F8021FF7D116228CF809
:10A04000002005B000BD52008CF8002005B000BD16
:10A0500000441F40809698002C30002000F0ECBA9D
:10A0600000F0BABA00F020BB00F0D8BA00F06EBB26
:10A0700000F048BB0846114600F03ABB70B5164DDB
:10A080004FF0E02415494FF40032154E05EB401512
:10A0900082B001EB4021C4F88C2103463288284667
:10A0A0000191FFF76BFF019933880B44BFF34F8F8A
:10A0B000C4F85C1F20318B42FAD8BFF34F8FBFF337
:10A0C0006F8F03202946FFF787FF4FF40033C4F852
:10A0D0000C3102B070BD00BF2057002080582520F1
:10A0E000D4460320264B1A884368C3F30E43D21A82
:10A0F000002AF0B5C46983B028DD2248224D0178DA
:10A100002D78CBB2DFF894C0A942204D09D01CF8BD
:10A1100003100F4635F811100E46C1F500718A4242
:10A120001AD90133002125F81420082B184D88BFB7
:10A130000B4625F8141098BF19460CF80340154B30
:10A14000017019680A441A6003B0F0BD204603B0DC
:10A15000BDE8F040FFF792BF0F4906EB47200192A0
:10A16000084401EB4421FFF7D1F8019A0949204640
:10A17000B31825F817300B6813440B60E7E700BFEE
:10A18000D4460320E8460320E946032074FE02205B
:10A1900084FE022070FE02208058252094FE0220BA
:10A1A000224B1A78002A3FD102F0FF03204A12788E
:10A1B000002A39D01F4A1288002A35D01E49C2F51C
:10A1C000006210B5087884B01C4901EB40141C49AA
:10A1D00001EBC0212046CDE902230191FFF7CEFE1D
:10A1E000DDE901120A44BFF34F8F4FF0E020039BDB
:10A1F000C0F8701F20318A42FAD80193BFF34F8F05
:10A20000BFF36F8F04202146FFF7D0FE0A480021DC
:10A21000084B027819800132019BD2B2032A98BF01
:10A220001346037004B010BD704700BFED46032015
:10A23000EF460320D6460320EC460320205800209A
:10A24000806825202DE9F04F87B00490002900F0A8
:10A25000BF8000235F4C604F4FF00109DFF890A1F1
:10A260005E4E029303915E4B5E4A1D783B8802EB83
:10A27000451284F800900192002B40F0A58098468A
:10A280001D469B460198FFF7B7FE10F0800000F0D6
:10A290008B80BFF34F8F9AF8003084F800B00DB96F
:10A2A000D6F80080002B7BD13368A3EB0803782B12
:10A2B00000F283804C4B1B78002B71D000F094FA95
:10A2C0003B88012584F80090002BDBD044491A46D6
:10A2D000C3F500600D78039900EBC520DFF814B1D9
:10A2E0009142584417D20593DDE903210192FFF70B
:10A2F0000DF8019A4FF04041059B9B1A3B803B4B68
:10A30000C3F88410BFF34F8F0298002310442370CA
:10A3100007B0BDE8F08F0499FEF7F8FF00230BEBC0
:10A32000C5214FF400620198FFF728FE0BEBC52111
:10A33000BFF34F8F01F1200201F50063934294BFF8
:10A34000012340234FF0E02201EB4313C2F8701FBA
:10A3500020318B42FAD1BFF34F8FBFF36F8F0420B0
:10A360000199FFF723FE1E4A13780133DBB2042B59
:10A3700028BF002313703B88039AD11A029A1A440B
:10A3800003910292049A1A4400230492174A3B80D4
:10A39000C2F88430BFF34F8F237000297FF463AF7E
:10A3A000029807B0BDE8F08F4FF400620C4B8AF8BA
:10A3B00000001D7813463A808DE7012302988AF841
:10A3C000003007B0BDE8F08F1A46C3F5006082E7A1
:10A3D0000846E6E7ED460320D6460320B8460320AC
:10A3E000EC46032020580020EF46032000002E40BA
:10A3F000EB46032080682520704700BF2D4B0021CD
:10A4000080222D4870B51B7800242C4E8B420CBF47
:10A4100040234FF400732A4D33802B8002F0B2FAB0
:10A42000284A2146284B14704FF4807227481C801C
:10A4300002F0A8FA264A1021264B0220C2E9004465
:10A44000C2E90244244AC3E900441470234AC3E920
:10A450000244234B1C70234614602246FFF758FD2C
:10A46000204B224631880320FFF720FD234601229E
:10A4700029880420FFF74CFD20460134FFF7FEFD3C
:10A48000082CF9D1184B00214A221848184C0460B6
:10A49000C3F88410C3F88020D3F84821154942F04E
:10A4A0008072C3F8482121B1134A137843F00103A5
:10A4B000137070BDF046032020580020D4460320BE
:10A4C000D8460320EC460320D64603202057002020
:10A4D00074FE022084FE0220E846032070FE022063
:10A4E000E9460320E581010000002E40CC46032010
:10A4F000A182010000000000F24603202DE9F84F80
:10A500004FF400324FF0E023C3F88C212B4B1C7822
:10A51000002950D082468B46E4B20027DFF8B49081
:10A52000274B5046274AABEB07081B78A34204F1A0
:10A53000010437D0092C244B244928BF00241E5D78
:10A5400039F8163031F8165003EB4621ED1A114454
:10A55000A8452A4617D21E4C42465046FEF7D6FE64
:10A56000236839F816105846A3EB0B0388443B4484
:10A5700029F8168023604FF0E0234FF40032C3F82F
:10A580000C21BDE8F88FFEF7C1FE114A2F4430467A
:10A590001368AA445B1B1360084A1470FFF76EFD32
:10A5A000BB45BDD84FF0E0234FF400323846C3F826
:10A5B0000C21BDE8F88F0846DDE700BFE94603201F
:10A5C000E84603208058252094FE022074FE0220D5
:10A5D00070FE022084FE02200B4B0C4A1278197880
:10A5E000D3B28A420DD0013309480A4A092B0A49DD
:10A5F00028BF0023C35C31F8131002EB4323585CDF
:10A6000070474FF0FF307047E8460320E9460320CB
:10A6100094FE02208058252084FE0220054B1868F5
:10A6200000B1704700B583B0019000F0DDF80198EB
:10A6300003B000BD70FE02202DE9F84F144E154DF9
:10A6400033782A78934220D0DCB2DFF85090DFF8DC
:10A6500050B0DFF85080104F0134082CA24601D9C9
:10A660000024A24619F80400DBF8003038F8102066
:10A6700037F81010521A9B1ACBF80030FFF7FEFC87
:10A6800086F800A02B78A342E6D1BDE8F88F00BF82
:10A69000E9460320E846032084FE022094FE0220BF
:10A6A00070FE022074FE022000B583B001210DF17E
:10A6B0000700FFF723FF18B19DF8070003B000BDA6
:10A6C0004FF0FF30FAE700BF084B00B583B01B78AE
:10A6D0008DF8070033B101210DF10700FFF7B2FD3E
:10A6E00003B000BD03F0FF0003B000BDEF46032040
:10A6F000034B1B780BB1FFF7A5BD03F0FF007047BC
:10A70000EF4603202DE9F04100240D4E01230D4DAD
:10A71000A0460D4F33703B782846A34205D0FFF783
:10A720006BFC030658BF08F5006801342035042C83
:10A73000F1D1BFF34F8F002340463370BDE8F08165
:10A74000ED46032020580020EC460320204B1B78C8
:10A7500013B1204B1A8802B970471F4BC2F5006233
:10A760001E481F4930B51B7883B01E4C00EB4310C8
:10A7700001EBC3210123054623700023CDE900121C
:10A78000FFF7FCFBDDE900120A44BFF34F8F4FF0E7
:10A79000E023C3F8701F20318A42FAD8BFF34F8FED
:10A7A000BFF36F8F04202946FFF700FC0A490022FF
:10A7B00008480B7802800133DBB2042B28BF134614
:10A7C0000B70BFF34F8F074B1A7003B030BD00BF43
:10A7D000EF460320D6460320EC46032020580020F5
:10A7E00080682520ED4603202E4B2DE9F0411E7890
:10A7F00086B1DFF8C88098F800305BB90123F10713
:10A8000088F8003040D4B20727D4002388F80030FD
:10A81000730701D4BDE8F081234B1A68002AF9D0F0
:10A82000EFF30582002AF5D1EFF3108572B61868B0
:10A83000002830D01D4C217800292CD10122227013
:10A8400042691A60002A2AD0916105B962B60025D2
:10A850008368457798472570DCE7154B1B78002BFC
:10A86000D3D0144F002557F8044F236820461B69A6
:10A87000984710B163699B6898470D4B01351A786A
:10A88000EBB29A42EFD8C0E7FFF7C8FE0028BAD073
:10A89000AFF30080B7E7002DBCD162B6BAE7064B34
:10A8A0001A60D2E7F246032014B30220E3460320E5
:10A8B000E4460320BC56002020B30220E5460320D6
:10A8C00010B500234FF470440F224FF4806EA0F8AF
:10A8D0008C411946A0F88E214FF46044A0F89031C5
:10A8E0000A46B0F8883148F2B82C43F0F003A0F8DB
:10A8F000883101EB4103013100EB431304299C80B3
:10A90000A3F806E05A841A865A805A81A3F80EC02A
:10A910005A82DA825A83DA83EBD1B0F8883143F075
:10A920000F03A0F88831B0F8883143F47063A0F8C1
:10A93000883110BD374B384A996F384841F47F0150
:10A9400070B5996741F20106D3F8801045F6C055FD
:10A9500043F226040A43C3F88020FFF7B1FF00F555
:10A960008040FFF7ADFF00F58040FFF7A9FF00F53D
:10A970008040FFF7A5FF0022A0F503104FF00F0E57
:10A98000114600EB42134FEA421C01329981042A1E
:10A990005981A3F80EE09E82DD8020F80C10198208
:10A9A0009C81EED100221E484FF00F0E41F20106AD
:10A9B000114645F6C05543F2260400EB42134FEA18
:10A9C000421C01329981042A5981A3F80EE09E822B
:10A9D000DD8020F80C1019829C81EED100221148F4
:10A9E0000F2641F20105114645F6C05443F2260EEA
:10A9F00000EB42134FEA421C01329981042A59812B
:10AA0000DE819D82DC8020F80C101982A3F80CE016
:10AA1000EED170BD00C00F40000003FC00C03D40FF
:10AA200000001E4000401E40074A506A936A1946C3
:10AA30008446506A936A9942F9D18445F7D1DB0B79
:10AA400043EA4040704700BF00400D4008B5D0E9E0
:10AA500000325BB1BAB10F4BA3FB0213DB0803EB6F
:10AA60004303B2EB83030AD1012008BD094BA3FBCA
:10AA70000213DB0803EB4303B2EB830301D0D21ACA
:10AA80004260F02AF0D802F01FFB1C22034600208F
:10AA90001A6008BDABAAAAAA30B583B060B3044659
:10AAA00021B11D46B2FA82F35B09A2B9206818B33E
:10AAB00062680AB3164B174902FB03F3B1EBB30FFD
:10AAC0001AD3A368FBB9002323606360A360E3602B
:10AAD000012003B030BD0193069BC0E90012C360A2
:10AAE000FFF7B4FF60B1002DF2D0626801992068D1
:10AAF000A56001F047FFEBE702F0E6FA16230360DA
:10AB0000002003B030BD002101F03CFFDBE700BFB7
:10AB1000ABAAAAAA5555551500B52DED028BB0EE7E
:10AB2000408A83B000F06EFCB4EE488AF1EE10FA71
:10AB300006D6DFED0C7AB4EEE78AF1EE10FA03D414
:10AB400003B0BDEC028B00BDCDED017A02F0BCFA82
:10AB5000DDED017A87EEA70A2123036003B0BDEC87
:10AB6000028B00BD0000000010EE103A40F22A41B6
:10AB7000C3F30A528A4235D82F4B93ED4A2B93EDFB
:10AB8000481BB7EEC03AB0EE417BA2EE037B17EE56
:10AB9000100AB7EE000B00F01F0203EBC20193EDA9
:10ABA0004C4B37EE417B92EE037B93ED4E6B93ED76
:10ABB000505BA4EE076B27EE074B53F832C0A5EEAF
:10ABC000070B00B5A6EE040BD1F804E0002111EB51
:10ABD0000C020EEBC03343EC172B20EE070BB7EE45
:10ABE000C00B00BD13F5000F20D0B2F5FF6F1AD2D5
:10ABF000DFED127AB4EEE70AF1EE10FA10DCDFEDC9
:10AC0000107AB4EEE70AF1EE10FA12D4DFED0D7A05
:10AC1000B4EEE70AF1EE10FAAED5002000F0C4BBA6
:10AC2000002000F0C7BB30EE000A70479FED060A17
:10AC30007047002000F0B2BBA00200201772B142A2
:10AC4000B4F1CFC2CF8ECEC20000000000000000E1
:10AC500010EE101A10EE902AA1F5000C5000BCF175
:10AC6000FE4F00F1FF336FF0807C7ED2634538BF2A
:10AC7000002080F0B980BFEE001B01F1404303F5D6
:10AC80004D03C3F3C3426FF31603C91A07EE901ABC
:10AC9000DB15B7EEE75A07EE903AAF4B03EB021223
:10ACA00092ED024B92ED002B00B5A2EE051B93ED49
:10ACB000403B93ED426B93ED442BA1EE036B93ED80
:10ACC000465BB8EEE77B37EE047B93ED484BA1EE95
:10ACD000025B2DED028BA1EE047B21EE018BB7EE22
:10ACE000E00A28EE083BA8EE057BA6EE037B20EEEB
:10ACF000077B17EE903A48F2BF01C3F3CF338B4284
:10AD000083B04CD2B7EE000B944B93ED402B37EE53
:10AD1000023B13EE102A33EE423B02F01F01801873
:10AD200003EBC10293ED424B37EE437B53F831C046
:10AD3000D2F804E093ED446B93ED465BA7EE046B11
:10AD400027EE074B002111EB0C020EEBC033A7EEF0
:10AD5000050B43EC172BA6EE040B20EE070BB7EE0A
:10AD6000C00B03B0BDEC028B00BD634580F0B18029
:10AD70004B00581E604580F0938000294BDB00207B
:10AD8000B1F5000FBFF477AFDFED757A20EE270A3B
:10AD900010EE103A23F00043A3F138616BE79FED0A
:10ADA000666BB4EEC67BF1EE10FA16DC9FED646BB9
:10ADB000B4EEC67BF1EE10FA43DD4FF04C530028A1
:10ADC00060D00193DDED016ABFEE006A76EE666A3F
:10ADD000F4EE466AF1EE10FA94D003B0BDEC028BAB
:10ADE0005DF804EB00F0E6BA002869D0B1F17E5FAF
:10ADF0003FD0B0F17F4F69D14B00B3F1FE4F6FEA06
:10AE0000020234BF00230123D20F934200F08F804F
:10AE10009FED540A7047C2F3C7537E2B27D9962B58
:10AE200064D80120C3F1960300FA03F3581E1042C0
:10AE30001DD1134214BF01200020000421F0004165
:10AE40009EE79FED416BB4EEC67BF1EE10FA30D970
:10AE50009FED3F6BB4EEC67BF1EE10FA7FF552AF7B
:10AE600003B0BDEC028B5DF804EB00F09DBA00F07E
:10AE7000B9BA82F480035B0013F5000F26D8B7EE51
:10AE8000000A70470093DDED006AB7EE006A76EEC7
:10AE9000866AF4EE466AF1EE10FA3FF433AF9CE7AF
:10AEA000002920EE000A23DB0020BBBB9A423CDBDA
:10AEB000704703B0BDEC028B5DF804EB00F06EBA96
:10AEC00081F480035B0013F5000FD8D930EE200A1F
:10AED00070470028F4D04B00B3F17F4FF6D8B0F1A3
:10AEE0007F4FF3D1B3F1FE4F87D1C8E70020A5E72C
:10AEF000C2F3C751A1F17F001728D5D8C1F1960040
:10AF0000012101FA00F000F1FF3C1CEA020FCBD155
:10AF10001040CAD0B1EE400A0846C6E7002AC7DA98
:10AF2000F7EE007A87EE800A704700F049BA20EE0B
:10AF3000A00A7047AFF3008071D5D1FFFFFF5F40DB
:10AF4000E2AAA3FFFFFF5F400000000000C062C054
:10AF50000000000000A062C0D8040020A002002071
:10AF60000000004B0000000010B510EE102AC2F3E4
:10AF70000A53B3F57D7FB7EEC06A84B01BD226EECC
:10AF8000067BB3F5667F6CD326EE072B27EE021BFC
:10AF9000714B93ED1A3B93ED185B93ED164BA7EEB7
:10AFA000035BA2EE046BB0EE460BA5EE010BB7EE11
:10AFB000C00B04B010BD40F22E418B4259D8664AF6
:10AFC00092ED087B26EE077BFDEEC77B92ED0A5BD8
:10AFD00017EE903A03F500031B16990707EE903A17
:10AFE00054BF114602F17001DC07B8EEE77BA7EE13
:10AFF000456B26EE067B1DD403F0030302EBC30270
:10B0000091ED185B92ED000B91ED1A3B26EE000BD3
:10B01000B0EE456B91ED164BA7EE036B20EE075B90
:10B0200027EE057BA5EE040BA6EE070BB7EEC00BD3
:10B0300004B010BD91ED144B27EE075B91ED126B40
:10B0400091ED0E2BA7EE046B27EE054B91ED0C0B4B
:10B0500091ED103BA7EE020BA5EE030BA6EE040B41
:10B06000E4E712F0FF4FE3D1B7EEC77B8DED037A33
:10B07000DEE7B3F5FF6F4CD2C2F38361374B8DED42
:10B08000010A03EB810C53F82110C2F31603C2F33B
:10B09000C25043F400038340DCF82000DCF810C009
:10B0A00003FB01F1A3FB00E0E3FB0C0101F1005302
:10B0B0009C0F03F04043C91A00F03CFB019A9FED3E
:10B0C000246B04EBD27241EC170B900754BF224B58
:10B0D000234B27EE067BE10727EE076B1ED41E49A4
:10B0E00001EBC20293ED185B93ED1A3B92ED000B5E
:10B0F00093ED164B27EE000BB0EE457B20EE065B82
:10B10000A6EE037BA5EE040B26EE056BA7EE060B61
:10B110008CE704B0BDE8104000F064B993ED144B27
:10B1200026EE065B93ED127B93ED0E2BA6EE047BD1
:10B1300026EE054B93ED0C0B93ED103BA6EE020BA8
:10B14000A5EE030BA7EE040B70E700BFAFF3008082
:10B15000182D4454FB21193C000600206C210020CE
:10B16000700600200000000010EE102AC2F30A53FF
:10B17000B3F57D7FB7EEC07A1ED2B3F5667F72D38A
:10B1800027EE077B27EE071B734B93ED142B93EDF4
:10B19000125B93ED0E3BA7EE025B27EE012B93EDC6
:10B1A0000C6B93ED104BA7EE036BA1EE046BA5EEB9
:10B1B000026BB7EEC60B704740F22E418B4255D85A
:10B1C000654A92ED086B27EE066BFDEEC66B92EDBD
:10B1D0000A5B16EE903A03F500031B16990706EE7C
:10B1E000903A54BF114602F17001D807B8EEE66BF1
:10B1F000A6EE457B27EE076B1CD503F0030302EB9D
:10B20000C30291ED185B92ED000B91ED1A3B27EE16
:10B21000000BB0EE457B91ED164BA6EE037B20EEC6
:10B22000065B26EE056BA5EE040BA7EE060BB7EE4C
:10B23000C00B704791ED144B26EE065B91ED127B2F
:10B2400091ED0E2BA6EE047B26EE054B91ED0C0B3B
:10B2500091ED103BA6EE020BA5EE030BA7EE040B3F
:10B26000B7EEC00B7047B7EE000A7047B3F5FF6F3B
:10B2700053D2C2F38361394B03EB810C53F8211095
:10B28000C2F31603C2F3C25043F4000310B5834067
:10B29000DCF82000DCF810C003FB01F1A3FB00E0A8
:10B2A000E3FB0C0101F1005382B09C0F03F040431B
:10B2B000C91A8DED010A00F03DFA019A9FED246B49
:10B2C00004EBD27241EC170B900754BF224B244B76
:10B2D00027EE067BE10727EE076B20D51E4902F01B
:10B2E000030201EBC20293ED185B92ED000B93EDAC
:10B2F0001A3B27EE000BB0EE457B93ED164BA6EE06
:10B30000037B20EE065B26EE056BA5EE040BA7EE95
:10B31000060BB7EEC00B02B010BD00F063B893EDA2
:10B32000144B26EE065B93ED127B93ED0E2BA6EEEF
:10B33000047B26EE054B93ED0C0B93ED103BA6EE34
:10B34000020BA5EE030BA7EE040BE2E7AFF30080C0
:10B35000182D4454FB21193C000600206C210020CC
:10B360007006002010B582B08DED010A044601F090
:10B37000ABFE9DED010A046002B010BD30B1F1EEEC
:10B38000407A27EE800A2220FFF7ECBFF0EE407AE9
:10B3900027EE800A2220FFF7E5BF00BF9FED010ADC
:10B3A000FFF7ECBF000000109FED010AFFF7E6BFBA
:10B3B0000000201A9FED010AFFF7E0BF00000070B7
:10B3C0009FED070AF7EE007ABFEE007A00284FF0F3
:10B3D000220047FE877A87EE800AFFF7C3BF00BFCF
:10B3E0000000000070EE407AB4EE400A87EEA77AC3
:10B3F000F1EE10FAB0EE470A02D62120FFF7B2BFF5
:10B40000704700BFB1EEC00A704700BF0346084650
:10B41000194601F04BB800BF81F0004102E000BFC7
:10B4200083F0004330B54FEA41044FEA430594EA04
:10B43000050F08BF90EA020F1FBF54EA000C55EA3F
:10B44000020C7FEA645C7FEA655C00F0E2804FEA10
:10B450005454D4EB5555B8BF6D420CDD2C4480EAF2
:10B46000020281EA030382EA000083EA010180EA22
:10B47000020281EA0303362D88BF30BD11F0004F70
:10B480004FEA01314FF4801C4CEA113102D04042A6
:10B4900061EB410113F0004F4FEA03334CEA1333E1
:10B4A00002D0524263EB430394EA050F00F0A780F9
:10B4B000A4F10104D5F1200E0DDB02FA0EFC22FAF4
:10B4C00005F2801841F1000103FA0EF2801843FAE8
:10B4D00005F359410EE0A5F120050EF1200E012AD9
:10B4E00003FA0EFC28BF4CF0020C43FA05F3C01817
:10B4F00051EBE37101F0004507D54FF0000EDCF190
:10B50000000C7EEB00006EEB0101B1F5801F1BD338
:10B51000B1F5001F0CD349085FEA30004FEA3C0C3C
:10B5200004F101044FEA445212F5800F80F09A8032
:10B53000BCF1004F08BF5FEA500C50F1000041EB36
:10B54000045141EA050130BD5FEA4C0C404141EB3A
:10B550000101013C28BFB1F5801FE9D291F0000F35
:10B5600004BF01460020B1FA81F308BF2033A3F1E4
:10B570000B03B3F120020CDA0C3208DD02F1140CDB
:10B58000C2F10C0201FA0CF021FA02F10CE002F116
:10B590001402D8BFC2F1200C01FA02F120FA0CFC0F
:10B5A000DCBF41EA0C019040E41AA2BF01EB045158
:10B5B000294330BD6FEA04041F3C1CDA0C340EDC56
:10B5C00004F11404C4F1200220FA04F001FA02F399
:10B5D00040EA030021FA04F345EA030130BDC4F157
:10B5E0000C04C4F1200220FA02F001FA04F340EA4C
:10B5F0000300294630BD21FA04F0294630BD94F0FD
:10B60000000F83F4801306BF81F480110134013DE3
:10B610004EE77FEA645C18BF7FEA655C29D094EA54
:10B62000050F08BF90EA020F05D054EA000C04BFD2
:10B630001946104630BD91EA030F1EBF00210020BD
:10B6400030BD5FEA545C05D14000494128BF41F05C
:10B65000004130BD14F580043CBF01F5801130BDC0
:10B6600001F0004545F0FE4141F470014FF000004B
:10B6700030BD7FEA645C1ABF194610467FEA655CFC
:10B680001CBF0B46024650EA013406BF52EA03359E
:10B6900091EA030F41F4002130BD00BF90F0000F8C
:10B6A00004BF0021704730B54FF4806404F13204C8
:10B6B0004FF000054FF0000150E700BF90F0000F81
:10B6C00004BF0021704730B54FF4806404F13204A8
:10B6D00010F0004548BF40424FF000013EE700BF78
:10B6E00042004FEAE2014FEA31014FEA02701FBF08
:10B6F00012F07F4393F07F4F81F06051704732F03A
:10B700007F4208BF704793F07F4F04BF41F4002190
:10B71000704730B54FF4607401F0004521F00041EE
:10B720001CE700BF50EA010208BF704730B54FF078
:10B7300000050AE050EA010208BF704730B511F079
:10B74000004502D5404261EB41014FF4806404F1B1
:10B7500032045FEA915C3FF4D8AE4FF003025FEA37
:10B76000DC0C18BF03325FEADC0C18BF033202EBBB
:10B77000DC02C2F1200300FA03FC20FA02F001FA15
:10B7800003FE40EA0E0021FA02F11444BDE600BFB8
:10B7900053B94AB9002908BF00281CBF4FF0FF3138
:10B7A0004FF0FF3000F000BAADF1080C6DE904CEA7
:10B7B00000F06AF8DDF804E0DDE9022304B0704728
:10B7C00007EE900AF5EEC07AF1EE10FA01D400F01F
:10B7D0001BB808B580F0004000F016F8404261EB5D
:10B7E000410108BD41EC170BB5EEC07BF1EE10FA3C
:10B7F00001D400F029B808B581F0004100F024F828
:10B80000404261EB410108BD9FED0B6B07EE100A52
:10B810009FED0B5BB7EEC77A27EE066BBCEEC66BEF
:10B82000B8EE464BA4EE457BFCEEC77B16EE101A35
:10B8300017EE900A704700BF000000000000F03DC6
:10B84000000000000000F0419FED0B7B41EC160B67
:10B850009FED0B5B26EE077BBCEEC77BB8EE474B3C
:10B86000A4EE456BFCEEC67B17EE101A17EE900A9D
:10B87000704700BFAFF30080000000000000F03D03
:10B88000000000000000F0412DE9F04782B00646BC
:10B89000DDF828E00846B4460D46002B4ED18A421A
:10B8A00014466DD9B2FA82F242B1C2F1200395403A
:10B8B00026FA03F394401D4306FA02FC260CA7B2B5
:10B8C000B5FBF6F14FEA1C4306FB115543EA05436D
:10B8D00001FB07F0984209D9E31801F1FF3580F028
:10B8E0000381984240F20081023923441B1A1FFA57
:10B8F0008CFCB3FBF6F006FB10334CEA034C00FB68
:10B9000007F363450AD914EB0C0C00F1FF3580F006
:10B91000ED80634540F2EA80A444023840EA0140E9
:10B92000ACEB030C0021BEF1000F04D02CFA02F3A3
:10B930000022CEE9003202B0BDE8F0878B4209D97F
:10B94000BEF1000F01D0CEE900610021084602B02F
:10B95000BDE8F087B3FA83F1174600294DD1834241
:10B9600002D3B24200F20F81B6EB070C60EB030387
:10B9700001201D46BEF1000FDDD0CEE900C5DAE79B
:10B98000002A00F098801A46B4FA84F3002B40F0A5
:10B99000AF800B1B270CA6B20121B3FBF7F54FEAD2
:10B9A0001C4007FB153340EA034306FB05F89845A6
:10B9B00007D9E31805F1FF3002D2984500F2E8807C
:10B9C0000546A3EB08031FFA8CFCB3FBF7F007FB5B
:10B9D00010334CEA034C06FB00F3634508D914EB23
:10B9E0000C0C00F1FF3602D2634500F2CE803046E7
:10B9F000ACEB030C40EA054095E7C1F120058B4014
:10BA000022FA05FC4CEA030C00FA01F426FA05F3CD
:10BA1000E84002FA01F943EA04084FEA1C4206FA38
:10BA200001FAB0FBF2F71FFA8CF602FB17004FEA9F
:10BA3000184444EA004407FB06F0A0420AD91CEB74
:10BA4000040407F1FF3380F09C80A04240F299800B
:10BA5000023F6444241A1FFA88F3B4FBF2F002FB9D
:10BA6000104443EA044300FB06F69E4209D91CEB4E
:10BA7000030300F1FF3480F082809E427FD90238B8
:10BA8000634440EA0740A0FB09749B1BA3423E4667
:10BA9000A04664D361D0BEF1000F0AD0BAEB060213
:10BAA00063EB080303FA05F5CA401543CB40CEE922
:10BAB000005300213FE7730843EAC1734A08190C99
:10BAC00041EA02414FEAC67C9BB2B2FBF4F0264643
:10BAD000A04627461F2243EA0143B1FBF4F1A3EB42
:10BAE000080341EA004158E72946FFE6284615E7E2
:10BAF0001A46C3F120019C4026FA01F320FA01F115
:10BB000090400343270C06FA02FCB1FBF7F0A6B203
:10BB100007FB1015190C41EA054100FB06F58D42A3
:10BB20003BD9611801D28D4220D8491B0138B1FBA5
:10BB3000F7F5019505FB06F8019D9BB207FB151172
:10BB400043EA0143434526D2E31805F1FF31C6D24B
:10BB50004345C4D2A91E2344C1E7BA459BD2B7EBE3
:10BB6000090664EB0C040138A04694E7651B2944E0
:10BB70000238B1FBF7F5019505FB06F8DCE7204636
:10BB80007FE71F4666E70846F4E6A44402382FE73D
:10BB9000023D234415E70199A1E7491BB1FBF7F5E5
:10BBA000019505FB06F8C7E7704700BF024B014649
:10BBB000186801F0A9BD00BFD82F00202DE9F04F73
:10BBC00001F10B02162A85B0804624D8102900F214
:10BBD000AB8000F0C9FA022518211022B74C21448D
:10BBE000A1F108004E68864200F062817268F16837
:10BBF000B46822F003023244E1608C60516841F085
:10BC000001014046516000F0B5FA06F108042046F3
:10BC100005B0BDE8F08F32F0070200F18580914257
:10BC200000F28280019200F09FFA019AB2F5FC7F47
:10BC3000C0F0BA81570A7FD0042F00F272819709B1
:10BC400007F139052BB207F1380CDB009B4C23447C
:10BC5000A3F108065B689E4207D10DE00028DF686B
:10BC600080F21381BE4207D03B46596821F00301A0
:10BC7000881A0F28F2DD6546236991498B4200F04E
:10BC8000F1805E6826F00306B11A0F2900F3918156
:10BC90008B480029C4E9040080F27981B6F5007F61
:10BCA000676880F01981F10801310FFA81FC76098B
:10BCB0000121B14054F83C0098600F4304EBCC01E3
:10BCC0000839D960676044F83C30C360AB10012686
:10BCD0009E40BE4236D83E4206D125F0030576008E
:10BCE0003E4205F10405FAD004EBC50A04EBC50792
:10BCF000A946F9680EE0486820F0030EAEEB020C8E
:10BD0000BCF10F0F0B46C96800F31881BCF1000F9E
:10BD100080F22D818F42EED109F1010919F0030F54
:10BD200007F10807E5D17FE10C23C8F800300024B3
:10BD3000204605B0BDE8F08F4FF4007340254FF06A
:10BD40003F0C83E7A768796821F0030393429A4682
:10BD500003D3991A0F2900F387805A495A4E09686C
:10BD6000103111440820CDE9011201F0E1F90199E7
:10BD70004B1E03444542834630681D40B0F1FF3FEF
:10BD800018BF29464046019101F076F9411C05464D
:10BD9000DDE9011200F02B8107EB0A0C844500F26B
:10BDA00024814A4B186800EB01090BF1FF3EC3F8F0
:10BDB000009000F08981306801301BBFA5EB0C0CAE
:10BDC00009EB0C003560186015F00700814600F0A3
:10BDD0004881C0F108000544CDE901236B1803EA4E
:10BDE0000E015844401A00EA0E06314640469B4672
:10BDF00001F042F9421CDDE9012300F09581401B6E
:10BE0000304440F001011868A56000EB0609A74224
:10BE10006960C3F8009017D0BAF10F0F40F25E814D
:10BE2000AAF10C0121F0070C796801F0010141EA47
:10BE30000C017960052607EB0C01BCF10F0FC1E97D
:10BE4000016600F263816968214B1E684E4538BF68
:10BE5000C3F800901F4B1E684E4501D2C3F80090F6
:10BE60002F46C6E0676831E7BD1841F0010142F096
:10BE700001027A604046A560696000F07BF907F135
:10BE80000804204605B0BDE8F08F9A680193194474
:10BE9000D760BA604A6842F0010240464A6000F04A
:10BEA00069F9019B03F10804204605B0BDE8F08F55
:10BEB000CE68B1427FF49AAE0235DDE6302700202D
:10BEC0003827002000D20220C42F0020D0D1022029
:10BED000F8D10220FCD10220B6F5206F4FEA56209F
:10BEE0007CD3142800F2D38000F15C0109B25B30EE
:10BEF000C90004EB010C6158ACF1080C8C4503D16E
:10BF0000A8E089688C4504D0486820F00300B0425E
:10BF1000F7D8D1F80CC0C3E9021CCCF80830CB60CC
:10BF2000D4E6142F72D9542F00F2BA80170B07F100
:10BF30006F052BB207F16E0CDB0087E69D1842F00F
:10BF400001025A609E68864AF1608E60C4E9045519
:10BF5000C5E902224CF001026A60404643F80EC077
:10BF6000019300F007F9019B03F10804E0E69E4409
:10BF70001C46DEF8043043F00103CEF8043054F8D8
:10BF8000083F4046D9608B6000F0F4F8D0E61E44CC
:10BF900040467268019342F00102726000F0EAF8D4
:10BFA000019B03F10804C3E6D508691C09B2C90066
:10BFB00014E69D1842F001025A60694A0193C4E9EF
:10BFC0000455C5E9022241F001026A6040469951D8
:10BFD00000F0D0F8019B03F10804A9E6B00900F1D4
:10BFE000390109B23830C90083E7A74263D0A76896
:10BFF000796821F003009042A0EB020102D30F29DF
:10C000003FF732AF404600F0B5F890E607F15C0527
:10C010002BB207F15B0CDB0018E6514651F80839EA
:10C020008B428A4640F09A8015F0030F05F1FF35E8
:10C03000F3D1636823EA0603636076009E423FF60D
:10C0400081AE1EB97EE6760009F104091E42FAD0DF
:10C050004D4649E68010012606FA00F00743676066
:10C0600059E7CDE902236B1803EA0E01ABEB010699
:10C0700006EA0E0631464046019300F0FDFF431CE0
:10C08000019B04BF4E461846DDE90223B7E654285B
:10C0900027D8300B00F16F0109B26E30C90028E7D4
:10C0A000B7F5AA7F27D8D70B07F178052BB207F190
:10C0B000770CDB00CAE52B4B186800EB01090BF18C
:10C0C000FF3EC3F8009076E615EA0E0F7FF473AEDC
:10C0D000A568514441F001016960B5E601236B6038
:10C0E00090E7B0F5AA7F25D8F00B00F1780109B2EE
:10C0F0007730C900FDE640F254539F4224D8930C98
:10C1000003F17D0503F17C0CEB009FE507F10801CD
:10C110004046CDE9012301F0F7FAA568029B696862
:10C12000D3F80090019A8FE6A9F108010BEB01000A
:10C13000002664E640F2545188420BD8B00C00F15E
:10C140007D01C9007C30D4E64FF47E737F254FF02B
:10C150007E0C7BE54FF47E717E20CAE663686CE757
:10C1600038270020D0D10220014800F0DDBF00BFF9
:10C17000C8D10220014800F0D9BF00BFC8D10220B9
:10C18000002900F09F802DE9F04383B00C46009217
:10C190008046FFF7E9FF009901F10B03162B60D8E9
:10C1A0001023994260D854F804EC2EF003029A420E
:10C1B000A4F1080565DAB348806805EB020C604518
:10C1C000DCF8046000F0908026F0010060444068D4
:10C1D000C0076CD426F00306901983424CDD1EF094
:10C1E000010F0FD154F8080C281A0746406820F0B8
:10C1F000030006441644B34240F3EF801618B342DE
:10C2000040F3C9804046CDE90023FFF7D7FCDDE9C4
:10C2100000230646002800F0178154F8041C21F082
:10C2200001012944A0F1080C614500F0AE80043AF8
:10C23000242A00F2CE80132A00F29C800346224674
:10C24000116819605168596092689A6021464046A9
:10C2500001F05AFA4046FFF78DFF304603B0BDE8C3
:10C26000F08333F007039CD50C23C8F80030002678
:10C27000304603B0BDE8F0830246DCE90201C1604C
:10C2800088606968D01A0F2801F0010105EB0206E9
:10C290001BD811436960736843F001037360404623
:10C2A000FFF768FF2646304603B0BDE8F0831EF076
:10C2B000010FA7D154F8080C281A0746406820F04F
:10C2C00003009BE71146FFF779BC19436960E91841
:10C2D00040F001004860736843F001030831736067
:10C2E000404601F011FADAE726F00306B01803F130
:10C2F000100C604580F28B801EF0010F82D154F843
:10C30000080C281A0746406820F00300064416442B
:10C31000B445B1463FF772AF3E46F96856F8080F8C
:10C32000043A242AC160886000F2A580132A40F2F2
:10C33000A0802168B9606168F9601B2A00F2A480BE
:10C34000083407F110022168116061685160A1682A
:10C350009160F918A9EB03024A4D42F00102A9606D
:10C360004A607A6802F00102134340467B60FFF79F
:10C3700001FF98E723680360636843601B2A3BD88A
:10C3800004F1080200F108035AE750F8041C21F0F8
:10C3900003010A4475E7043A3D46F96855F8080F69
:10C3A000242AC160886020D8132A1CD92168B9606A
:10C3B0006168F9601B2A3DD8083407F11002216832
:10C3C000116061685160A16891602C4632463D461B
:10C3D00057E7214600F044FA38E7DCE90201043A65
:10C3E000C1608860D8E72A46E9E7214628460093DD
:10C3F00000F036FA009BE8E7A3688360E368C36057
:10C40000242A25D004F1100200F1100318E71D4A78
:10C410001D449560C21A42F001026A6054F8042C6F
:10C4200002F001021343404644F8043CFFF7A2FE29
:10C43000264638E7A1683961E1687961242A10D07D
:10C44000103407F11802BAE74046FFF793FE0EE7F3
:10C45000236903616169416104F1180200F1180365
:10C46000EEE62269BA616269FA61183407F12002C6
:10C47000A5E7324667E721463046009300F0F0F921
:10C48000009B66E730270020A1683961E168796187
:10C49000242A03D0103407F1180254E72269BA6144
:10C4A0006269FA61183407F120024CE713460A4624
:10C4B0000146022001F090B8024A0349034800F007
:10C4C000C9B800BFCC2F0020EDE20100382B0020BE
:10C4D0000C4B4168994210B5044601D003F086FE2A
:10C4E000A168094B994202D0204603F07FFEE16823
:10C4F000064B994204D02046BDE8104003F076BEBA
:10C5000010BD00BF04D202206CD20220D4D202207F
:10C510002DE9F843314A324C3249DFF8DC90DFF83C
:10C52000DC80314F1160002504232946082204F1E4
:10C530005C00C4E903352D4EA560C4E90055C4E98B
:10C540000555656600F01EFA04F15800C4E9074974
:10C55000C4E90987E66200F0E3FD2946244B6367DE
:10C56000082204F1C400C4E91A55C4E91E55256720
:10C57000C4F8CC50C4F8805000F004FA04F1680309
:10C5800004F1C000C4F88430C4E92298C4E92476D8
:10C5900000F0C6FD174BC4F8DC30294604F5967050
:10C5A0000822C4E93455C4E93855C4F8D850C4F851
:10C5B0003451C4F8E85000F0E5F904F1D003C4E9BF
:10C5C0003D87C4F8F09004F59470C4F8FC60C4F89A
:10C5D000EC30BDE8F84300F0A3BD00BF3CD302201F
:10C5E00004D20220B9A501005DA8010081A80100C4
:10C5F0000900010012000200F9A701001DA80100B6
:10C6000010B504460A4800F08FFD636B23B9094B4F
:10C61000094A1B68626323B1BDE81040044800F07A
:10C6200085BDFFF775FFBDE81040014800F07EBDF5
:10C63000CCD102203CD30220D1A50100014800F05A
:10C6400073BD00BFCCD10220014800F06FBD00BF18
:10C65000CCD102202DE9F8430746884616464FF014
:10C6600000097568013D11D4B468A389012B08D96C
:10C67000B4F90E3001332146384602D0C04749EAAA
:10C680000009013D6B1C04F16804EED13668002EF0
:10C69000E7D14846BDE8F8830CB430B5144B0D1E05
:10C6A0001C689DB01FDB14BF01220022AA1A114B87
:10C6B0000593002121AB1B910290069004920792F2
:10C6C00002A9209A0193204601F042FD431CBCBF01
:10C6D0008B23236015B1029B00221A701DB0BDE8A8
:10C6E000304002B070478B2323604FF0FF30F5E7F6
:10C6F000D82F00200802FFFF10B50C46B1F90E102C
:10C7000000F0A4FC002803DB236D0344236510BD67
:10C71000A38923F48053A38110BD00BF2DE9F0410C
:10C720001F46B1F90C301646DA050C4605460BD407
:10C7300023F48053A381B4F90E103B4632462846B9
:10C74000BDE8F04100F0AABC0223B1F90E100022AE
:10C7500000F066FCB4F90C30EAE700BF10B50C46F7
:10C76000B1F90E1000F05CFCB4F90C30421C0EBFA5
:10C7700023F4805343F480532065A38110BD00BF90
:10C78000B1F90E1000F03ABC30B5124C0D1E246801
:10C790009BB019DB0090049014BF01200020281AE0
:10C7A0000D4902900590002003911990694620469A
:10C7B00001F0CEFC431CBCBF8B23236015B1009B52
:10C7C00000221A701BB030BD8B2323604FF0FF3066
:10C7D000F8E700BFD82F00200802FFFF032A11D876
:10C7E000002A3BD0013A431E0139024401E09A423B
:10C7F00034D013F8010F11F801CF6045F7D0A0EB4A
:10C800000C00704710B541EA0004A40784460B46AB
:10C810000FD0013A431E0139024401E09A421BD075
:10C8200013F8010F11F801CF6045F7D0A0EB0C0011
:10C8300010BDDCF80040D3F800E0744519466046AE
:10C8400003F104030CF1040CE3D1043A032AF0D8F9
:10C8500060461946002ADCD1002010BD0020704738
:10C86000884270B531D98B1883422ED9032A00EB48
:10C8700002011DD941EA030C1CF0030F1D4618D11B
:10C880004FEA920C0CF1FF36A1EB8C048C4653F866
:10C8900004ED4CF804EDA445F9D1C6EB867301EB29
:10C8A000830105EB830CACF10403043902F00302AD
:10C8B00052B102F1FF3C6FEA0C0C9C4413F8012DBD
:10C8C00001F8012D6345F9D170BD032A50D941EA21
:10C8D00000039B074ED10F2A51D922F00F0301F11B
:10C8E000100601F1100C103B203100F1100E19441C
:10C8F0005CF8104C4EF8104C5CF80C4C4EF80C4C9C
:10C900005CF8084C4EF8084C5CF8044C4EF8044CAB
:10C910000CF1100C8C450EF1100EE9D1F11812F04B
:10C920000C0F034402F00F0503F1100325D025F08E
:10C93000030CACF1040426461A1F1C198C465CF843
:10C9400004EB42F804EFA242F9D10431043331443C
:10C95000334405F00302002AB6D0013A0132013B0C
:10C960000A4411F801CB03F801CF9142F9D170BD0F
:10C970000346F0E7013A0346F0E72A46EBE70346B1
:10C980001546D4E730B584078646034606D0A2B3E1
:10C9900003F8011B980702F1FF32F8D1032A26D9C8
:10C9A0005FFA81FC0CEB0C2C0F2A0CEB0C402AD903
:10C9B00022F00F0C9C44C3E90000C3E902001033CD
:10C9C0006345F8D112F00C0F02F00F0417D04FEAB4
:10C9D000940C0CF1FF351A4603EB8C0C42F8040B57
:10C9E0006245FBD1043304F0030203EB850322B15B
:10C9F0001A4403F8011B9A42FBD1704630BD22460F
:10CA0000002AF5D1F9E71446E1E700BF11F0FF0174
:10CA1000034600F003023AD092BB026801EB012307
:10CA200003EB034383EA020C10B51C46A2F1013369
:10CA300023EA0203ACF1013222EA0C02134313F0A1
:10CA4000803F0FD150F804CF8CEA040EACF10133D3
:10CA5000AEF1013223EA0C0322EA0E02134313F073
:10CA6000803FEFD0037823B936E010F8013F002B68
:10CA700032D09942F9D110BD8A4228D09A0729D0E4
:10CA80001A7818460133002AF6D110467047CAB901
:10CA90000268A2F1013323EA020313F0803F08D1B8
:10CAA00050F8042FA2F1013323EA020313F0803F70
:10CAB000F6D003785BB110F8013F002BFBD1704733
:10CAC000990705D01A7818460133002AF8D1704723
:10CAD0001846DDE71846A0E7184610BD8AB340EABD
:10CAE00001039B0730B504468E4618D1032A07D8A8
:10CAF00015E0043A23D01CF0803F20D1032A26D928
:10CB00002368DEF80050A3F10131AB4221EA030CA7
:10CB10002046714604F104040EF1040EE9D00378B6
:10CB20000C78A3420FD1013A024406E06BB110F831
:10CB3000013F11F8014FA34205D19042F6D10020E8
:10CB400030BD10467047181B30BD184630BD20461A
:10CB50007146E4E710B504460843830701D1032A70
:10CB600019D8A44601F1FF3E07E01EF8011F03F8A3
:10CB7000011B501E31B19C4602466346002AF4D187
:10CB8000204610BD94440028FAD003F8011B6345E9
:10CB9000FBD1204610BD0B46A44618681946A0F1EB
:10CBA000013323EA000313F0803F01F10403D9D1DC
:10CBB000043A032A4CF8040BEFD81946D2E700BF19
:10CBC00001292DE9F04115465BD94FF00108C64611
:10CBD00000224FF0FF34434608E0A3EB04081A4656
:10CBE0004FF0010E02EB0E03994210D900EB040C3A
:10CBF000C75C1CF80E60B742EFD332D04FF001088B
:10CC00001446C646424402EB0E039942EED8012771
:10CC1000C5F80080BE4600224FF0FF363B4607E0D5
:10CC20009F1B1A464FF0010E02EB0E03994210D9DA
:10CC300000EB060C10F803801CF80EC0E045EFD89E
:10CC400017D001271646BE463A4402EB0E0399421E
:10CC5000EED80136601C864201D32F603046BDE815
:10CC6000F081C6450ABF72440EF1010E4FF0010E6D
:10CC7000B8E7BE450ABF72440EF1010E4FF0010E37
:10CC8000D2E701270026E8E72DE9F04F9346ADF201
:10CC90001C4D0746894605AA194658461C46FFF70B
:10CCA0008FFF05AB82460DF2144143F8044F8B42CF
:10CCB000FBD16CB1601E58440BF1FF3212F8011F1A
:10CCC000A31A013B06AE5B44824246F82130F5D1FF
:10CCD000059B029352460BEB03015846FFF77EFD7E
:10CCE000002878D144F4006380460546A9EB04018E
:10CCF0000393661EA94213D307EB050E06AA1EF87E
:10CD0000063052F82330D3B1B8F1000F03D0029AA5
:10CD10009A4288BFA31A1D44A9424FF00008EBD2E3
:10CD2000039907EB090003F095FB8144A9EB04018B
:10CD3000A942E1D200200DF21C4DBDE8F08FD04594
:10CD4000434638BF5346B3421BD20BF1FF30184461
:10CD50000EEB0302019502E00133B34210D01578C7
:10CD600010F801CFAC4502F10102F5D09E42019DC1
:10CD700007D9CAF101022A44D5184FF00008B9E7D3
:10CD8000019DD04580F0888007EB0A022A440AF111
:10CD9000FF330BEB0A00019502E0984511D0013BEF
:10CDA00010F801CD12F8015DAC45F6D0019D0133BC
:10CDB00008F10108984509D8029B1D44A4EB03081B
:10CDC00098E708F101089845019DF5D970460DF2E4
:10CDD0001C4DBDE8F08FA4EB0A03534538BF534602
:10CDE00001330293661E44F400630025A9EB04019D
:10CDF000019307EB0608A94208D318F8052006ABF3
:10CE000053F822309BB11D44A942F6D2019907EB99
:10CE1000090003F01FFB8144A9EB0401A94289D357
:10CE200018F8052006AB53F82230002BEBD15645FD
:10CE300019D90BF1FF3007EB0A0350442B4452463B
:10CE400002E0013296420ED093F800C010F801EFD4
:10CE5000E64503F10103F4D0964204D9CAF1010377
:10CE60002B449D18C7E7BAF1000F10D007EB0A005A
:10CE700028440BEB0A0201E05A4508D010F801CD16
:10CE800012F801EDE645F7D0029B1D44BCE7781986
:10CE90000DF21C4DBDE8F08F534689E72DE9F041B6
:10CEA0000D7890B00446002D48D04A78002A68D00A
:10CEB0008B78002B46D0C878002877D00B79002BD0
:10CEC00065D008460E4600F01BFB054640F4007195
:10CED000204603F0BFFA854242D8FE2D7FD8401B82
:10CEE00027184022691C6846FFF74CFD5DB1721E91
:10CEF000A81812F8013F03F03F036B44B11A29440C
:10CF000090421970F5D1013C635D03F03F036B441F
:10CF10001B781C44A74203D227E04444A74224D3F1
:10CF200014F805C00CF03F0CEC442A46314620466C
:10CF30009CF80080FFF752FC0028EED1204610B08C
:10CF4000BDE8F081007842EA054238B140EA034387
:10CF50009A4214F8010FF8D1023CEFE79A42FBD055
:10CF60000024204610B0BDE8F0817B5D7819002BCD
:10CF7000F6D04FF4006103F06DFA0744A742C2D225
:10CF8000EEE7294610B0BDE8F041FFF73FBD22783B
:10CF9000002AE5D0096809BA42EA0323204614F8BA
:10CFA000012FB2B19942F7D1C41EC7E7120442EA79
:10CFB0000562217842EA0323024641EA020059B1A0
:10CFC000B3EB002F14F8011F4FEA0022F5D1033C08
:10CFD000B4E79942C4D1E7E79342C1D1F7E70146EC
:10CFE0002B463246204610B0BDE8F041FFF74CBE5C
:10CFF000014B93F810027047702D002038B5074C94
:10D000000023054608462360FCF72EFB431C00D096
:10D0100038BD2368002BFBD02B6038BD50F10220B7
:10D0200038B58C46084C114605461A466046002322
:10D030002360FCF725FB431C00D038BD2368002B80
:10D04000FBD02B6038BD00BF50F1022038B58C46B4
:10D05000084C114605461A46604600232360FCF73B
:10D0600001FB431C00D038BD2368002BFBD02B6094
:10D0700038BD00BF50F1022038B5074C00230546EB
:10D0800008462360FCF7D6FA431C00D038BD23685D
:10D09000002BFBD02B6038BD50F1022038B58C46F8
:10D0A000084C114605461A46604600232360FBF7EC
:10D0B000ABFE431C00D038BD2368002BFBD02B6097
:10D0C00038BD00BF50F10220014B1868704700BF07
:10D0D000D82F002070B50E4E0E4DAE4208D0761BF4
:10D0E000B610002455F8043B01349847A642F9D8FD
:10D0F000094E0A4D05F040FFAE4208D0761BB6102F
:10D10000002455F8043B01349847A642F9D870BD75
:10D11000F01D0060F01D0060F81D0060F01D006053
:10D12000704700BF704700BF704700BF704700BF27
:10D13000082802D14FF48050704708B5FFF7C4FFAC
:10D14000162303604FF0FF3008BD00BF0000000051
:10D1500000000000000000000000000000000000CF
:10D1600002780B78012A28BF9A4240F0D8806DE9F6
:10D17000044540EA0104CDE902676FF0000C4FEA74
:10D1800044721AB380EA010414F0070F6BD100F067
:10D19000070420F0070004F0030521F007014FEA1F
:10D1A000C505F0E8042314F0040FF1E804670CFA55
:10D1B00005F462EA040266EA04060BD063EA04039B
:10D1C000624667EA0407664604E000BFF0E804230D
:10D1D000F1E8046782FA4CF582EA0604A4FA8CF4BA
:10D1E0006CBB83FA4CF583EA0705A5FA8CF595B973
:10D1F00050E9022351E9026782FA4CF582EA0604FB
:10D20000A4FA8CF483FA4CF583EA0705A5FA8CF5A9
:10D210002543DBD09CB92DBAB5FA85F424F0070478
:10D2200027FA04F1DDE9026723FA04F303F0FF00B3
:10D2300001F0FF01FDE80445A0EB0100704724BAAE
:10D24000B4FA84F424F0070426FA04F1DDE9026755
:10D2500022FA04F202F0FF0001F0FF01FDE80445AC
:10D26000A0EB0100704714F0030F3CD110F0030451
:10D2700028D150F8082B51F8083B82FA4CF582EA85
:10D280000305A5FA8CF55DB950F8042C51F8043C5F
:10D2900082FA4CF582EA0305A5FA8CF5002DE8D058
:10D2A0002DBAB5FA85F424F0070423FA04F122FA22
:10D2B00004F202F0FF0001F0FF01FDE80445A0EBDD
:10D2C000010070474FEAC40420F0030050F8082B17
:10D2D00021F0030151F8083B0CFA04F462EA04025D
:10D2E00063EA0403C9E710F003041DD0A1EB0401B5
:10D2F00020F00300E40750F8042B06D012D28B78FC
:10D300005FFAA2F4E41A06D12BB1CB785FFAB2F43B
:10D31000E41A00D133B920465DF8104B7047A2EBF8
:10D320000300704701F1040150F8042BCC0721F0F1
:10D33000030151F8043B48D824D222F07F4482FAFA
:10D340004CF594EA1325A5FA8CF50AD165B951F884
:10D35000043B84EA0204B4EB036F0ED150F8042BB3
:10D36000EBE74FEA132355E035F07F454DD10878C0
:10D37000FDE80445C0F1000070474FEA126203F077
:10D38000FF0347E002EA1C4482FA4CF594EA134595
:10D39000A5FA8CF50AD165B951F8043B84EA020478
:10D3A000B4EB034F0CD150F8042BEBE74FEA1343D7
:10D3B00030E015EA1C4528D10B884FEA124229E0DB
:10D3C0004FEA124203EA1C4324E002F0FF0482FA0F
:10D3D0004CF594EA1365A5FA8CF50AD165B951F8B4
:10D3E000043B84EA0204B4EB032F09D150F8042B68
:10D3F000EBE74FEA13630DE015F0FF0F05D10B6863
:10D400004FEA122223F07F4304E04FF00000FDE8D2
:10D410000445704712BA1BBA82FA4CF482EA03043C
:10D42000A4FA8CF5B5FA85F402FA04F203FA04F3CF
:10D430004FEA1260FDE80445A0EB1360704700BF9F
:10D4400001F0FF01102A2BDB10F0070F08D010F8B5
:10D45000013B013A8B422DD010F0070F42B3F6D1B9
:10D46000F0B441EA012141EA014122F007047FF0D2
:10D4700000070023F0E80256083C85EA010586EA29
:10D48000010685FA47F5A3FA87F586FA47F6A5FA65
:10D4900087F68EB9EED1F0BC01F0FF0102F0070271
:10D4A00032B110F8013B013A83EA010313B1F8D11C
:10D4B0000020704701387047002D06BF35460338FD
:10D4C000073815F0010F07D1013015F4807F02BF36
:10D4D000013015F4C03F0130F0BC0138704700BF87
:10D4E000000000000000000000000000000000003C
:10D4F000000000000000000000000000000000002C
:10D5000030B490F800F020F007016FF0000C10F03C
:10D51000070491F820F040F048804FF000046FF0CD
:10D520000700D1E9002391F840F000F1080082FAE9
:10D530004CF2A4FA8CF283FA4CF3A2FA8CF34BBBB4
:10D54000D1E9022382FA4CF200F10800A4FA8CF22D
:10D5500083FA4CF3A2FA8CF3E3B9D1E9042382FAFB
:10D560004CF200F10800A4FA8CF283FA4CF3A2FA10
:10D570008CF37BB9D1E9062301F1200182FA4CF248
:10D5800000F10800A4FA8CF283FA4CF3A2FA8CF3AF
:10D59000002BC6D0002A04BF04301A4612BAB2FAD1
:10D5A00082F200EBD20030BC7047D1E9002304F0D6
:10D5B0000305C4F100004FEAC50514F0040F91F80B
:10D5C00040F00CFA05F562EA05021CBF63EA0503A8
:10D5D00062464FF00004AAE7F0B51D4C83B0054643
:10D5E0002068019116461F46FFF79EFD194A0199D2
:10D5F000136823B35A6820681F2A23DC4DB9541CD2
:10D6000002325C6043F82210FFF790FD002003B067
:10D61000F0BD03EB820E0124CEF88860D3F8886158
:10D62000944046EA040C022DC3F888C1CEF8087174
:10D63000E5D1D3F88C512543C3F88C51DFE7064B75
:10D640001360D7E7FFF772FD4FF0FF30DFE700BF51
:10D65000642D002030D0022034D00220F8B50646D8
:10D6600008200C46FFF764FD07463046FEF77CFDB8
:10D67000224A93685D6825F00305A5F111031C1B80
:10D680003C44B4FBF7F4013C07FB04F4A74208DC7C
:10D6900000213046FFF7F0FC184A93682B4498426B
:10D6A00004D03046FEF766FD0020F8BD61423046EA
:10D6B000FFF7E2FC0130114A0DD0114993682D1B90
:10D6C00045F001055D600B6830461B1B0B60FEF7E3
:10D6D00051FD0120F8BD00213046FFF7CDFC074A7F
:10D6E0009268831A0F2BDCDD43F001035360054B76
:10D6F00003491B68C01A0860D3E700BF3027002029
:10D70000D0D10220C42F0020002965D02DE9F0419E
:10D710000C460746FEF728FD54F804EC7D49A4F1B9
:10D72000080C2EF001030CEB03028D685068954243
:10D7300020F003000EF0010600F08B8015185060F9
:10D740006D6805F00105A846AEBB54F8084CACEB7B
:10D75000040C2344DCF8084001F1080E74456BD03A
:10D76000DCF80C50E560AC60B8F1000F00F08C8084
:10D7700043F00100CCF804001360B3F5007F35D20C
:10D78000DA0848685C090132012312B2A34003435E
:10D790004B6051F83200CCF8080001EBC203083BA3
:10D7A000CCF80C3041F832C0C0F80CC03846BDE8A7
:10D7B000F041FEF7DFBC85B9034401F1080E906823
:10D7C000704543F001047AD0D268C2609060CCF812
:10D7D00004404CF80330D0E770474EF00102B3F537
:10D7E000007F44F8042C4CF80330C9D3B3F5206F04
:10D7F0004FEA53204AD2980900F1390212B200F1DF
:10D800003804D20088188A580838904203D15FE063
:10D810009268904204D0516821F003019942F7D8F0
:10D82000D068CCE90220C0F808C03846C2F80CC065
:10D83000BDE8F041FEF79EBCA5BB1844D2E9022327
:10D84000D3609A6040F00103CCF804304CF800003B
:10D85000ACE7184446B954F8083CACEB030C184448
:10D86000DCE90223D3609A6040F00103CCF8043075
:10D87000294BC1F808C01B68834297D8274B38460C
:10D880001968FFF7EBFE91E7034498E714280FD9D6
:10D89000542824D8180B00F16F0212B200F16E0464
:10D8A000D200AFE743F00101CCF8041013607DE72C
:10D8B00000F15C0212B200F15B04D200A2E7C1E900
:10D8C00004CCCCE902EECCF804404CF803306DE710
:10D8D000A4100123A3404C6823434B60A1E7B0F59B
:10D8E000AA7F07D8D80B00F1780212B200F17704B2
:10D8F000D20087E740F25452904206D8980C00F1CB
:10D900007D0200F17C04D2007CE74FF47E727E241D
:10D9100078E700BF30270020C82F002000D2022067
:10D9200082B049B15AB16BB113780B601278101EF6
:10D9300018BF012002B0704701A9002AF3D1104698
:10D9400002B070476FF00100F4E700BF30B5436CE0
:10D9500083B005460C4653B153F8240088B10268E1
:10D9600043F824200023C0E9033303B030BD212253
:10D97000042102F0E9FD034668640028ECD1002090
:10D98000F3E7012101FA04F35A1D9200284601939E
:10D9900002F0DAFD0028F2D0019B44608360E1E7E9
:10D9A00031B1436C4A6853F82200086043F82210F2
:10D9B000704700BF2DE9F0410E6917460D461C4621
:10D9C00001F114024FF0000E11688BB207FB034304
:10D9D0004FEA134C090C07FB01CC0EF1010E9BB270
:10D9E00003EB0C43764542F8043B4FEA1C44EBDC66
:10D9F0003CB1AB68B34207DD05EB860301365C61E1
:10DA00002E612846BDE8F081696801318046FFF744
:10DA10009DFF0746B0B12A69023205F10C01920060
:10DA20000C30FBF773FCD8F844306A6853F82210C6
:10DA3000296043F822503D4605EB860301365C61C0
:10DA40002E61DEE7024B03483A46BA2102F05CFD44
:10DA5000841A0020981A0020B0F5803F034636BF94
:10DA6000030400201020B3F1807F3CBF1B0208306C
:10DA7000B3F1805F06D3B3F1804F0FD29A0012D476
:10DA8000033070471A01B2F1804F00F1040006D252
:10DA90009B0108D45B00F3D4202070471A46002A6B
:10DAA000FBDB013070470230704700BF0368590745
:10DAB00008D0DA071FD499072AD55B080360012232
:10DAC000104670479AB282B91B0CDAB2B2B110227A
:10DAD000190701D104321B09990714D0D90701D4C1
:10DAE00001325B08036010467047DAB24AB11A0788
:10DAF00017D10422EFE700221046704718221B0AB4
:10DB0000E6E70822FBE7590707D502329B08E9E759
:10DB10009B080222036010467047DB0804D12022D4
:10DB2000CEE7DB080322DDE70332DBE738B5436CE1
:10DB300004460D464BB15868B0B102685A600022E5
:10DB40000123C0E90323456138BD2122042102F0ED
:10DB5000FBFC034660640028EDD1094B0948002214
:10DB600040F2451102F0D0FC1C220121204602F0B7
:10DB7000EBFC0028F1D001220223C0E90123DEE7FB
:10DB8000841A0020981A00202DE9F04F0F691569BA
:10DB9000AF4285B00E46904605DB2A4643463D46D9
:10DBA000884617461E46D8F80830D8F80410EC19F5
:10DBB000A342B8BF0131FFF7C9FE8446002800F038
:10DBC0009C80143000EB840E704505D20346002182
:10DBD00043F8041B9E45FBD8143606EB8702964299
:10DBE0007CD208F1140707EB8505A5EB080308F1C3
:10DBF0001508A845A3F11503CDE902E44FEA930AFD
:10DC00008CBF002401249146E34605E0090C34D181
:10DC1000B14500F104005ED956F8041B8AB2002A0F
:10DC2000F4D0CDE90090B8468646002358F8041B8E
:10DC3000DEF800001FFA81F94FEA114C81B202FBB5
:10DC40000911000C194402FB0C0000EB114089B2D1
:10DC500041EA004145454EF8041B4FEA1043E5D820
:10DC6000DDE90090002C4FEA8A0208BF002202443E
:10DC7000536056F8041C090CCAD00368CDF8009014
:10DC80008846BC46864600221946BCF8009008FB30
:10DC9000092909EB11499BB243EA09434EF8043BB9
:10DCA0005CF8043BDEF800101B0C8AB208FB03236F
:10DCB00003EB194365454FEA1342E6D8002C4FEABF
:10DCC0008A02DDF8009008BF00220244B14553608B
:10DCD00000F10400A0D8DDE902E4DC46002C02DCFF
:10DCE00005E0013C03D05EF8043D002BF9D060460E
:10DCF000CCF8104005B0BDE8F08F034B03486246F6
:10DD00004FF4B17102F000FC841A0020981A002030
:10DD1000F8B512F00303144607462FD10E46A4109F
:10DD20002AD03D6C002D32D004F0010364103BB9C1
:10DD30002868B8B1054604F001036410002BF7D041
:10DD40002A4631463846FFF71FFF36B17B6C7168B3
:10DD500053F82120326043F8216074B106462868E8
:10DD60000028E7D12A4629463846FFF70DFF002351
:10DD7000286003600546DEE73046F8BD013B0F4AE8
:10DD800052F823200023FFF715FE0646C7E70121BE
:10DD90003846FFF7DBFD054640B1012340F2712212
:10DDA000C0E90432002338640360BDE7044B054832
:10DDB0002A4640F2451102F0A7FB00BF7C26002056
:10DDC000841A0020981A00202DE9F0470D4691464C
:10DDD0002E69AB68496806EB6216741C9C420746C4
:10DDE0004FEA621804DD5B009C4201F10101FADC9C
:10DDF0003846FFF7ABFD844600284FD0B8F1000F3E
:10DE000000F114000BDD08F105010CEB8101034664
:10DE1000002243F8042B8B42FBD100EB88002969D8
:10DE200005F1140319F01F0803EB810E2ED0C8F181
:10DE3000200902464FF0000A196801FA08F141EA88
:10DE40000A0142F8041B53F8041B9E4521FA09FA03
:10DE5000F2D8AEEB0503153B23F0030305F11502E1
:10DE6000964538BF0023043340F803A0BAF1000FF1
:10DE700000D134467B6C6A68CCF8104053F822100D
:10DE80002960604643F82250BDE8F087043853F813
:10DE9000042B40F8042F9E45F9D8EAE7034B0448C9
:10DEA00062464FF4EF7102F02FFB00BF841A00208E
:10DEB000981A002003690A6900B5B3EB020E12D16B
:10DEC00000F1140C14310CEB820301EB820101E030
:10DED0009C4508D253F8040D51F8042D9042F7D018
:10DEE00003D24FF0FF3E704600BD4FF0010E70466A
:10DEF00000BD00BF2DE9F04F17460A693B69A2EB50
:10DF00000308B8F1000F83B00C4615D1143107F1A6
:10DF1000140505EB830501EB830302E0994280F0D1
:10DF2000858053F8046D55F8042D9642F6D080F0A4
:10DF30008A804FF0010805E0FBDB3B464FF000080C
:10DF40000F461C467968FFF701FD002800F0868027
:10DF50003A692669C0F80C8007F1100107F114082E
:10DF6000834600F1140704F1140008EB820E944676
:10DF700000EB86060023B946C2460A46019450F8D3
:10DF8000041B52F8045F8CB21FFA85F8A8EB040852
:10DF9000090C9844C1EB154101EB28411FFA88F8A0
:10DFA00048EA0144864249F8044B4FEA2143E6D847
:10DFB000A146019C301B1538153420F00300A64201
:10DFC00038BF00200AEB00010431C4198E456246B7
:10DFD0000846DC4698BF23461AD9A7EB0A07043443
:10DFE000C61950F8045B13FA85F82B442D0C05EB89
:10DFF00028459BB243EA05498645C6F800904FEA9A
:10E000002543EDD80EF1FF335B1A23F003032344BD
:10E01000B9F1000F04D153F8041D013A0029FAD0D8
:10E020006046CCF8102003B0BDE8F08F0021FFF768
:10E030008DFC844658B101220023C0E904236046C8
:10E0400003B0BDE8F08F3B4627461C467AE7074BF6
:10E050000748624640F2372102F056FA0246034B67
:10E06000034840F2452102F04FFA00BF841A002015
:10E07000981A00202DE9F043894683B0012157EC1E
:10E08000106B9046FFF762FC0446002846D0C7F3A9
:10E090000A55C7F313030DB143F480130193331EE4
:10E0A00015D101A8FFF702FD019B6361012120301A
:10E0B000216115B3A5F233450544C0F13500C9F817
:10E0C0000050C8F80000204603B0BDE8F083684661
:10E0D0000093FFF7EBFCDDE9002328B1C0F120013C
:10E0E00003FA01F10A43C340002B0CBF01210221B6
:10E0F0006261A3612161002DDCD104EB8103A0F2F8
:10E100003240C9F800001869FFF7A6FCC0EB4110C7
:10E11000C8F80000204603B0BDE8F083034B044874
:10E12000224640F20F3102F0EFF900BF841A0020BE
:10E13000981A002049B1FF2A02D80A7001207047BE
:10E140008A2303604FF0FF3070470846704700BFD6
:10E150002DE9F04F2DED028BD1B00C460791904682
:10E160000993824602F086F9036811931846FFF777
:10E17000C7F908221090002120A8FEF703FCA3890C
:10E18000180603D52369002B01F06E8000239FED54
:10E19000728BCDE92533CDE9143327AA0D93249250
:10E1A000174612931393059345462C466C4BD3F8B0
:10E1B000CC61FEF71DFF20AA034600921AA9224651
:10E1C0005046B047002800F09880C0F28E801A9A1E
:10E1D000252A034601D01C44E8E7B4EB05080646AF
:10E1E00040F08F8000234FF0FF328DF85F309B4668
:10E1F000069301342378049201349946A9F120034F
:10E200005A2B00F2AF80DFE813F0FE02AD00AD0044
:10E21000FA02AD00AD00AD00DD02AD00AD00A80218
:10E22000B702AD00B302C002AD00BC025B005B00F0
:10E230005B005B005B005B005B005B005B00AD00B4
:10E24000AD00AD00AD00AD00AD00AD002101AD00F1
:10E250009C01AC03210121012101AD00AD00AD0005
:10E26000AD00A803AD00AD000803AD00AD00AD00EA
:10E270007302AD006103AD00AD009807AD00AD00C5
:10E28000AD00AD00AD00AD00AD00AD002101AD00B1
:10E290009C018701210121012101ED0387016C000F
:10E2A000AD000804AD00F8033D0413046C00AD009C
:10E2B00073026A008303AD00AD00FB07AD006A0086
:10E2C000A9F13003002214F8019B02EB820203EB58
:10E2D0004202A9F13003092BF5D906928EE7237883
:10E2E0008AE723784BF0200B86E70822002120A83C
:10E2F000FEF748FB01231C4458E7B4EB050806462B
:10E3000010D02599269B013143440729C7E90058BD
:10E310002693259117DC0837059B43440593002E6F
:10E320007FF460AF269B002B41F00383079B9B8902
:10E3300003F04003002B41F0CF86059851B0BDECAF
:10E34000028BBDE8F08F079924AA504601F022FF06
:10E350000028EBD127AFDFE700000000000000003D
:10E36000702D0020B9F1000FDCD00023CDE90B3374
:10E3700001228DF8DC908DF85F3008930A920493A7
:10E380000E9337AD0292269A1BF08403904600F05C
:10E3900005819DF85F1009B3DDF894C000260CF1EB
:10E3A000010101200132786007290DF15F00CDE9FC
:10E3B0002512386000F33E8408377EB1DDF894C042
:10E3C0000CF1010118A80232386007294FF0020051
:10E3D000CDE92512786000F320840837802B00F007
:10E3E0006583049B0A995E1A002E00F3E8801BF4F3
:10E3F000807F40F021810A9B7B601A44259B3D6011
:10E400000133072B2692259300F3BC8308371BF0BA
:10E41000040F05D0069B02995D1A002D00F31884A5
:10E42000DDE9053102988142ACBF5B181B180593EA
:10E43000002A40F0778300232593089B1BB108999D
:10E440005046FFF761F927AF2546AEE6099B073333
:10E4500023F00703B3EC028B9FEDA17BB0EEC86BFA
:10E46000B4EE476BF1EE10FA099300F33986B4EE7F
:10E47000488BF1EE10FA81F14685B9F1610F01F098
:10E480007A83B9F1410F01F07084049B013301F0EC
:10E490007F82B9F1670F18EE903A4BF4807801F063
:10E4A000F584B9F1470F01F0F1840023089318EEC9
:10E4B000903A002BC1F20885B0EE487B0026A9F106
:10E4C0004103252B01F2DD81DFE813F0A50CDB0908
:10E4D000DB09DB09700ADD0ADB09DB09DB09DB0983
:10E4E000DB09DB09DB09DB09DB09DB09DB09DB090C
:10E4F000DB09DB09DB09DB09DB09DB09DB09DB09FC
:10E50000DB09DB09DB09DB09DB09DB09A50CDB091E
:10E51000DB09DB09700ADD0A1BF0200F40F0DE8505
:10E52000099A1BF0100F52F8046B41F01C861BF087
:10E53000400F099201F08E8046F3C038434636B250
:10E540001FE2B9F1430F03D01BF0100F00F06586F6
:10E550000822002122A8FEF715FA099A37AD1268A1
:10E5600022AB2946504602F0D5FF0A90013001F057
:10E57000AE850A9B23EAE3730293099B269A043330
:10E5800009930023CDE90B338DF85F300893049392
:10E590000E931BF0840390467FF4FBAE0699029E17
:10E5A0008E1B002E00F321849DF85F1000297FF45C
:10E5B000F3AE049B0A995E1A002E7FF718AF4A4902
:10E5C000259B0F91102E27DD39464FF01008374656
:10E5D0002E462546079C04E0103F102F01F108014C
:10E5E00016DD013340481032072BC1E90008CDE9A0
:10E5F0002532F1DD24AA2146504601F0CBFD00284A
:10E6000040F09882103F102FDDE9253227A9E8DC81
:10E610002C4635463E460F4601330F993960324449
:10E62000072BCDE925327E6000F364841BF4807FE4
:10E6300007F108073FF4DFAEB9F1650F40F3AC8294
:10E64000B5EE408BF1EE10FA40F05283259B27493E
:10E650003960013301320121072B2692259379601D
:10E6600000F37F870837199B0D998B4280F2EB846A
:10E67000109B11991A44C7E90013259B2692013378
:10E68000072B259300F3D38508370D9B5D1E002DC6
:10E690007FF7BDAE1449259B0F91102D40F397874E
:10E6A000A146DDF81C8010260C4604E00837103D1A
:10E6B000102D40F38B8701331032072BC7E900463A
:10E6C000CDE92532F2DD24AA4146504601F062FD33
:10E6D000002840F02F82DDE9253227AFE7E700BFB1
:10E6E000FFFFFFFFFFFFEF7F0C270020341B002000
:10E6F000DDF8248058F8045B00238DF85F30002D8E
:10E7000000F0A185B9F1530F00F037871BF010031B
:10E710000B9340F03287049B002BC1F2FC801A4619
:10E720000B992846FEF78CFE9DF85F300890002874
:10E7300001F04884089A521B0A9222EAE27202927D
:10E740000BB1013202920B9BCDF8248004930E93FF
:10E750000C9308934FF0730915E6099B53F8042BAB
:10E760000692002A80F27584069A09935242069214
:10E7700023784BF0040B3FE52B238DF85F30237893
:10E780003AE523784BF0800B36E5214611F8019BE2
:10E79000B9F12A0F01F09084A9F13003092B98BF39
:10E7A000002201F2DD8211F8019B02EB820203EBF1
:10E7B0004202A9F13003092BF5D942EAE27304932E
:10E7C0000C461BE5504601F055FE4368139318466E
:10E7D000FEF796FE15900646504601F04BFE826805
:10E7E00023781492002E3FF407AD002A3FF404ADC5
:10E7F0001278002A3FF400AD4BF4806BFCE42378E0
:10E800004BF0010BF8E49DF85F202378002A7FF499
:10E81000F3AC20228DF85F20EEE41BF0200F4BF0CC
:10E82000100000F02884099B073323F007031A46E1
:10E83000596852F8083B099200228DF85F20049A2B
:10E84000002A18DB53EA010220F4906B15D1049AD8
:10E850009AB910F001031A46029300F07386302330
:10E860008DF83F31049B0A92CDE90B330E93089348
:10E870000DF23F1587E520F4806B50AD03F00702E1
:10E88000DB0843EA4173C908303253EA01062846DF
:10E8900005F8012DF2D11BF0010F00F01582302A8E
:10E8A00000F012823023049905F8013C023850AB85
:10E8B0001B1A99424FF00002B8BF1946CDE90B224E
:10E8C00008920A93054602910E925CE51BF0200F18
:10E8D0004BF0100121D1099B1A1D099B04981B685C
:10E8E0004FF0000840458DF85F801E4659DB21F04F
:10E8F000800B002B40F08C850992002840F0E983C2
:10E90000CDE90B000A900E900290089050AD3AE5C8
:10E910001BF0200F00F0BE835946099B073323F0FC
:10E92000070200238DF85F30049BD2F8048052F870
:10E93000086B0992002B35DB56EA080321F0800BA7
:10E9400031D1049B002B40F0C483CDE90B330A93F3
:10E950000E930293089350AD15E523784BF0080B06
:10E960004AE41BF0200F4BF0100300F07A83099A61
:10E97000073222F007029B46536852F8086B09924F
:10E980009846002BC0F2C282049A002A0BDB56EA9A
:10E9900008032BF0800B06D1002A00F041873026B7
:10E9A00007E009928B460A2E78F1000380F0BF82BF
:10E9B0003036049A9DF85F308DF83F61012AB8BF68
:10E9C0000122029201220A920DF23F15002B01F062
:10E9D0006D83029B013302930023CDE90B3308932F
:10E9E0000E93D0E42378682B03BF63784BF4007B4D
:10E9F00001344BF0400BFFF7FFBB099A1BF0200FCF
:10EA000002F1040300F08883126805991160C917A8
:10EA1000516009932546FFF7C8BB23786C2B03BFD1
:10EA200063784BF0200B01344BF0100BFFF7E4BB85
:10EA3000099A049E52F8041B002047F630038642D0
:10EA4000ADF860308DF85F000B46C0F2DB832BF031
:10EA5000800545F0020B002940F0D683002E00F01F
:10EA6000E686099230230122CDE90A210E918DF824
:10EA70003F3102960DF23F154FF078098E4608910E
:10EA80000C91A5E31BF0200F40F02583099A1BF0A1
:10EA9000100F52F8043B41F05E831BF0400F00F072
:10EAA000E9859BB2099258460021C5E6069B02996A
:10EAB0005E1A002E7FF795AC8B49259B0F91102E87
:10EAC00024DD38464FF010082F4619462546864C5F
:10EAD00004E0103E102E00F1080013DD0131103269
:10EAE0000729C0E90048CDE92512F2DD079924AADB
:10EAF000504601F04FFBE8B9103E102EDDE925121B
:10EB000027A8EBDC2C460B463D46074601330F9900
:10EB100039603244072BCDE925327E6000F36385EE
:10EB200008375EE4079924AA504601F033FB002819
:10EB30003FF481AC089B002B3FF4F8AB089950469A
:10EB4000FEF7E2FD079B9B8903F04003FFF7F2BB52
:10EB5000109B11991A44C7E90013259B2692013393
:10EB6000072B259300F3068707F108010028C1F25F
:10EB70001E810D980D6001330244072BCDE925322B
:10EB8000486046DD079924AA504601F003FB00289F
:10EB9000D0D1269A27AF3AE40D98259B012802F19F
:10EBA000010203F1010307F1080140F36481012030
:10EBB000072BCDE925323D60786000F32C82109858
:10EBC000119E01330244072BC1E90060CDE92532D3
:10EBD00000F32D8208310D98B5EE408BF1EE10FA5E
:10EBE00000F1FF3600F05F81013301353244072B1D
:10EBF000CDE925320D604E6000F34981083112984D
:10EC0000486001330244072B1CA8CDE92532086077
:10EC1000B8DC01F10807FFF7FABB07990F9324AAA4
:10EC2000504601F0B7FA002884D1269A0F9B27AFEF
:10EC3000FFF7D4BB07990F9324AA504601F0AAFA14
:10EC400000287FF477AF269A0F9B27AFFFF7B5BB5D
:10EC5000102D259B41F3D580A046DDF81C90234C58
:10EC6000102604E0103D102D07F1080715DD0133D3
:10EC70001032072BC7E90046CDE92532F2DD24AA80
:10EC80004946504601F086FA00287FF453AF103D04
:10EC9000102DDDE9253227AFE9DC214644468846C0
:10ECA00001332A44072BC7E90085CDE925327FF7D8
:10ECB000B7AB079924AA504601F06CFA00287FF4FC
:10ECC00039AF269AFFF7ACBB049950AA521B914268
:10ECD0004FF00003B8BF1146CDE90B3308930A92F9
:10ECE00002910E93FFF74FBB0C270020D02200208B
:10ECF0001998002840F300840B9B0D998B42A8BF04
:10ED00000B46002B98460ADD1A44C7E90053259BA1
:10ED100026920133072B259300F3B48708370B9E07
:10ED2000B8F1000FA8BFA6EB0806002E00F3AB82D7
:10ED30000B9B1BF4806F03EB050940F0CA82199B03
:10ED40000D998B4203DB1BF0010F00F07D851099BC
:10ED500011980A44C7E90001259926920131072933
:10ED6000259100F39B8708370D996E18A6EB0906CD
:10ED7000CD1AAE42A8BF2E46002E0BDD259BC7F84C
:10ED8000009001333244072B7E602692259300F3D6
:10ED9000D3870837002EA8BFAD1B002D7FF737ABF8
:10EDA000B949259B0F91102D40F31184A146DDF840
:10EDB0001C8010260C4604E00837103D102D40F34F
:10EDC000058401331032072BC7E90046CDE925320F
:10EDD000F2DD24AA4146504601F0DCF900287FF418
:10EDE000A9AEDDE9253227AFE7E72599102E404689
:10EDF00040F361870F943A46A846079CA34D1F46EF
:10EE000004E0103E102E02F1080216DD0131103030
:10EE100010230729CDE9251015605360F1DD24AAE0
:10EE20002146504601F0B6F900287FF483AE103E2B
:10EE3000102EDDE9251027AAE8DC3B460F9C17467B
:10EE40002A464546904601F1010C3218BCF1070FE5
:10EE5000CDE925C2C7F800807E6000F336839DF8B7
:10EE60005F100837002940F0F880002B3FF4B9AA62
:10EE70000B46FFF7A5BA1BF0010F7FF498AE0120F7
:10EE8000072BCDE925323D6078607FF7B8AE079952
:10EE900024AA504601F07EF900287FF44BAEDDE94C
:10EEA000253227A9ABE60D9801287FF7A8AE1128D7
:10EEB00075480F9040F3B783A046079F102504467E
:10EEC00004E00831103E102E40F3AC8301331032C1
:10EED000072BC1E90045CDE92532F2DD24AA3946E8
:10EEE000504601F057F900287FF424AEDDE92532C1
:10EEF00027A9E7E7079924AA504601F04BF9002813
:10EF00007FF418AE269A27AFFFF771BA2D238DF83C
:10EF10005F30049B764268EB4808002BFFF643AD58
:10EF20000A2E78F100032BF0800BFFF441AD029420
:10EF3000CDF8289050A9DDF8509008974FF0000CBC
:10EF40000BF4806426E016EB0803514843F10003FC
:10EF5000A0FB032020F0030202EB90029B1AF31A9D
:10EF60004B484FF0CC32B646474602FB03F268F1FD
:10EF7000000800FB0822A3FB0063BEF10A0F134444
:10EF80004FEA560677F10007294646EAC3764FEA6C
:10EF900053082DD33E4D16EB080343F10003A5FBA8
:10EFA000032020F0030202EB90029B1AF31AA3FB4A
:10EFB000053268F1000005FB00225B0843EAC273DA
:10EFC00003EB8303A6EB430330330CF1010C01F890
:10EFD000013C4D1E002CB6D099F800306345B2D1EB
:10EFE000BCF1FF0FAFD00A2E78F1000380F0B3839D
:10EFF0000499029CCDF8509050AB5A1B9142B8BF77
:10F000001146DDF82890089F9DF85F30CDF834C098
:10F010000A920291DAE4079924AA504601F0BAF85C
:10F0200000287FF487ADDDE9253227A9C7E50799D8
:10F0300024AA504601F0AEF800287FF47BADDDE94C
:10F04000253227A9C7E51BF0010F3FF4E0A9FFF720
:10F050000FBB09932378FFF7CFB81E460023FFF7B5
:10F060009EB9099A0432099909920E684FEAE67826
:10F070009B46434685E4099B1A1D099B09921B6820
:10F080000021FFF7D9BB00BF0C270020D0220020B1
:10F09000CDCCCCCC099A1BF0100052F8043B41F0C7
:10F0A00057801BF0400100F0A8818DF85F009BB2F3
:10F0B00004994FF0000841451E46C0F2A9812BF08B
:10F0C000800B002B40F0A481049B0992002B3FF49D
:10F0D0003CAC00266CE45846FFF7A5BB5B4646E413
:10F0E000B5EEC08BF1EE10FA2BF0800B00F11E8311
:10F0F0009DF85F30B9F1470FCCBFA44DA44D002B54
:10F1000040F052870322CDE90B3308930A9204930F
:10F110000E930292FFF737B91BF0100F40F07C827C
:10F120001BF0400F40F0A7831BF4007F00F07482B7
:10F13000099A0599126811706BE4964E1BF0200F26
:10F1400000F07D81099B073323F007031A465868B6
:10F1500052F8083B09921BF0010140F05C81049ACF
:10F160008DF85F10002AC0F28B8153EA00022BF465
:10F17000906B00F0948103F00F02B25C8DF83F2198
:10F180001B0943EA0073020953EA10100DF23F1500
:10F190000BD003F00F001B09305C05F8010D43EAAA
:10F1A0000273120953EA0200F3D1049A50AB4FF0F4
:10F1B000000E5B1B9A42CDE90BEEB8BF1A460A93CC
:10F1C0000292CDF820E0CDF838E000293FF4DBA82A
:10F1D000029BDDE925C2023302931BF084039046B3
:10F1E000614604D1069E0298361A002E06DCBEF156
:10F1F000000F3FF4E5A80226FFF7D1B80223F5E59A
:10F20000654E9BE74BF0020B0992634E03F00F0231
:10F210000221B25C4FF07809B0E7099B1B688DF8BA
:10F22000DC30012302930A9337ADFFF7A6B90799A3
:10F2300024AA504600F0AEFF00287FF47BAC269A4B
:10F2400027AFFFF722BA049B0895062B28BF062399
:10F2500002930A932B460495CDE90B334F4DCDF81D
:10F2600024800E93FFF78FB840215046FCF7A6FC90
:10F27000079B18601861002800F06087079A4023F8
:10F280005361FEF783BF102E259B40F32E87444821
:10F29000DDF81C800F9039464FF01009074604E056
:10F2A0000831103E102E40F32B8201331032072B11
:10F2B000C1E90079CDE92532F2DD24AA4146504664
:10F2C00000F068FF00287FF435ACDDE9253227A97E
:10F2D000E7E70D9BDDF83880CDF83CB0EB180493E0
:10F2E0000C9BDDF81CB00B94002B4E463946DDF824
:10F2F0005090159F0E9531DDB8F1000F40F32B8132
:10F3000008F1FF382598139B01303A440728C1E9DA
:10F3100000372692259000F39F800831049B99F8CE
:10F3200000009D1B8542A8BF0546002D0CDD2598D9
:10F3300001302A440728C1E900652692259000F390
:10F340005E8199F800000831002DACBF441B0446D3
:10F35000002C14DC06440C9B002BCDDCB8F1000F14
:10F36000CEDCDDE90D35EB189E42CDF850900B9CBC
:10F37000DDF83CB0B1460F4628BF9946DFE4102CBB
:10F380002598074B2BDD10250A9310E0F81A002072
:10F39000F41A0020181B0020041B00202C1B002046
:10F3A0000C270020103C102C01F1080116DD013063
:10F3B000AE4B10320728C1E90035CDE92502F1DD59
:10F3C00024AA5946504600F0E5FE00287FF4B2AB6F
:10F3D000103C102CDDE9250227A9E8DC0A9B0B6014
:10F3E000013022440728CDE925024C6000F3588300
:10F3F00099F8000008310644ADE71BF4007840F0AE
:10F40000328204998DF85F8000291E46BFF657AE00
:10F410000992FFF7C8BA53EA000237D030228DF8BC
:10F42000602000228DF85F20049A8DF86190002AF8
:10F4300023DB2BF4906242F0020B02219BE6099A37
:10F440001BF0100F52F8043B099214D11BF0400F2F
:10F450000DD09BB200207EE624AA5946504600F00B
:10F4600099FE00287FF466AB269A27A956E71BF47D
:10F47000007F40F0F58100206DE64BF0020B022189
:10F4800003F00F022BF4806BB25C77E6049B002143
:10F490008B428DF85F10C0F241812BF4906B049A7F
:10F4A000002A00F0CB80012A33788DF83F31B8BFB5
:10F4B0000122002302920122CDE90B3308930A9224
:10F4C0000E930DF23F15FEF75EBF07990F9324AA26
:10F4D000504600F05FFE00287FF42CAB9DF85F10D3
:10F4E000269A0F9B002900F0AC801E46DDF894C0E0
:10F4F000034627AFFEF753BF259B5D4939600133B3
:10F5000001320121072B26922593796000F37C813B
:10F51000083700287FF41CAB0D990BF001030B4357
:10F520003EF475AF109B11991A44C7E90013259B4F
:10F5300026920133072B259300F31C8207F1080163
:10F54000FFF717BB049B0A93CDE90B330E93089387
:10F5500050ADFEF718BF0C9B013B09F1FF390C932E
:10F56000D0E6079924AA504600F014FE00287FF444
:10F57000E1AA269A27AFFFF776B80822002122A831
:10F580001B95FDF7FFF9049B002B7DDB0026029401
:10F59000CDF82080344698460EE037A9504601F059
:10F5A000B9FF411C204400F09484404509DC06F179
:10F5B000040600F0008504461B9A925922AB002AEB
:10F5C000EBD10A94DDF82080029C6AE04C460133BE
:10F5D0000F9939602A44072B7D60CDE925327EF7EB
:10F5E00015AFFFF7CFBA079924AA504600F0D2FD15
:10F5F00000287FF49FAA269A27AFFEF7F2BE24AA1E
:10F600005946504600F0C6FD00287FF493AA99F8A9
:10F610000000269A27A997E6099A059912681160B1
:10F62000FFF7F7B9444601330F9808603244072BBF
:10F63000CDE925324E607FF7E1AA28E4049BFFF76D
:10F6400084B9002B00F00981DDF894C00B4627AF88
:10F65000FEF7B6BE1BF4007F16BF46F3C0184FEA94
:10F66000E67876B24346FFF78CB900BF0C2700203E
:10F67000341B00201BF4007100F0F980DBB209920A
:10F6800058460021FFF7D8B822AB009300231BAAED
:10F690001946504601F066FF0A90013000F01984C7
:10F6A0001B950A9B002B00F09F80632B00F34C817D
:10F6B0000023089337AD0822002122A8FDF762F944
:10F6C0000A9E22AB00931BAA33462946504601F0FE
:10F6D00049FF864240F042850A9A0023AB5422EA51
:10F6E000E27202929DF85F20049312B1029A0132F5
:10F6F0000292CDE90B33CDF824800E93FEF743BE82
:10F700000F4601330F9939603244072BCDE925327A
:10F710007E6000F323810837FFF70ABB33788DF84A
:10F720003F312BF4806B0DF23F153EE52D238DF814
:10F730005F30B9F1470F4FF000030893049340F393
:10F74000E6800322964D0A92CDE90B330E930423F3
:10F750000293FEF718BE159A1399AD1A2846FDF7C5
:10F76000F9F999F801300BB109F101098D4A16EB4D
:10F77000080343F10003A2FB030727F0030000EB9B
:10F7800097001B1AF31A4FF0CC3168F1000803FB05
:10F7900001F102FB0811A3FB023001445B0843EABC
:10F7A000C1764FEA510816EB080343F10003A2FBB0
:10F7B000031020F0030101EB90015B1AF31AA3FB85
:10F7C000023168F100005B0802FB001243EAC273D9
:10F7D00003EB8303A6EB4303303305F8013C4FF002
:10F7E000010C013DFFF7F8BB9DF85F30CDF8248098
:10F7F000003B18BF012302930A9B0493CDE90B330E
:10F800000E930893FEF7BFBD079924AA504600F057
:10F81000C1FC00287FF48EA91998269A27AF78E6B4
:10F820009DF85F3002920A9250ADFFF7CFB8049B6B
:10F830000992CDE90A330E930C93029350AD4FF029
:10F8400078099E460893C3E46E18A6EB0906CD1A04
:10F85000AE42A8BF2E46FFF79DBA27AFFEF7C1BD47
:10F86000DBB2002077E48DF85F10DBB220E4099270
:10F870005846FEF7E1BF099A059912681180FFF713
:10F88000C8B822AB01931BAB0093B0EE470B049AB0
:10F8900019AB022150468DED027B00F025FF9DED56
:10F8A000027B05461BF0010F40F05582229B5A1B3C
:10F8B000199B0D92D81C0B93C0F2018204999942B6
:10F8C000C0F20B819A4200F392820B9B0A931BF4C5
:10F8D000806F03D00B9B002B00F32D830A9B23EA40
:10F8E000E373C34602934FF0670900230E930C9312
:10F8F0000BF00201002E00F0CA804FF02D0E8DF8A3
:10F900005FE0029B01330293002304935DE4032232
:10F91000254D0A9218E72846FDF7F2FD9DF85F3065
:10F920000A9020EAE0720292002B3EF40CAFFEF740
:10F9300008BF079C24AA2146504600F02BFCA3894F
:10F9400003F04003FEF7F6BC591C5046FCF736F9AD
:10F950000546002800F0F6830890ACE6079924AA33
:10F96000504600F017FC00287FF4E4A8269A27AF41
:10F97000FFF7DEB9079924AA504600F00BFC0028D7
:10F980007FF4D8A8DDE92532199827A9FFF7EEB84A
:10F9900000230893062304934BF48078FEF787BD79
:10F9A000F81A0020CDCCCCCCF41A0020049B0133F3
:10F9B0000D93022122AB01931BAB0093B0EE470BDA
:10F9C00019AB0D9A50468DED027B00F08DFE0D9B1C
:10F9D00029F0200CBCF1460F9DED027B054600EBA3
:10F9E000030100F09880B5EE407BF1EE10FA00F0D4
:10F9F000D882229B994288BF4FF0450C40F2CF82BB
:10FA000030205A1C22921870229B8B42F9D35B1B28
:10FA10000D93BCF1470F199B0B9356D0BCF1460FC9
:10FA200000F08F800B9B8DF87090013B002B199399
:10FA3000C0F24C812B22092B8DF8712000F34F81ED
:10FA400030228DF872200DF17302303302F8013B41
:10FA50001CABD31A12930D9B129A012B1A440A92D3
:10FA600040F341820A9B109A13440A930A9A2BF49A
:10FA7000806343F4807B22EAE2720023CDE90B33FA
:10FA80000E93029234E7049B0D93032192E79DF8B5
:10FA90005FE0BEF1000F7FF434AF0496FFF795BB33
:10FAA00024AA5946504600F075FB00287FF442A86E
:10FAB00099F80000269A27A906444CE4199B0B9359
:10FAC0004B1BBCF1470F0D933BD10B9B0333C0F293
:10FAD000F680049B0B9A93420FDA0B9B013BA9F132
:10FAE0000209002B8DF870901993A3DA0B9B2D223D
:10FAF000C3F101038DF87120A2E70D9B0B9A93428D
:10FB000000F375811BF0010F0B9B00F0B282109A7D
:10FB100013440A93DBE62B78302B00F06182199BAB
:10FB20001944B5EE407BF1EE10FAC7D0229B8B4210
:10FB3000FFF466AF5B1B0D93BCF1470F199B0B9352
:10FB4000C3D00B99049A0BF00103002943EA020386
:10FB500040F3CF82002B40F01A820B9B0A934FF0A8
:10FB600066091BF4806F40F0E8810A9B23EAE37387
:10FB7000C3460293B9E647F63003ADF86030049B04
:10FB8000632B4BF0020B00F35C8118EE903A002BD4
:10FB9000C0F23B81B0EE480B19A800F071FCB4EE46
:10FBA000007B20EE077BB5EE407BF1EE10FA40F0D3
:10FBB000408201230026199337AD0896AE48049978
:10FBC000B3EE004B2B4606E0B5EE407BF1EE10FAAB
:10FBD00000F00F82114627EE047BFDEEC76B4A1E34
:10FBE00016EE90CA10F80CE0B8EEE65B9C4637EED5
:10FBF000457B03F801EB0029E6D1B6EE005BB4EEDD
:10FC0000C57BF1EE10FA08DCB4EE457BF1EE10FA9C
:10FC10001ED116EE902AD2071AD5CDF888C013F857
:10FC2000011C90F80FC08C451A460AD14FF0300ED7
:10FC300002F801EC229A511E229112F8011C614532
:10FC4000F6D0392916BF0131817AC9B202F8011CF8
:10FC5000199A5B1B0D93B9F1610F02F1FF331993F0
:10FC600000F01F8250214FF04109002B8DF87010D9
:10FC7000C0F20E822B22092B8DF871202FDC0DF1A2
:10FC80007202E2E6079924AA504600F083FA00289F
:10FC90007EF450AF269A27AFFFF741B8079924AA00
:10FCA000504600F077FA00287EF444AF199B269A5C
:10FCB00027AFFFF759B8DFF8CC81FFF7C4B80B9B2B
:10FCC000A9F10209013B8DF8709019930B9A2D232D
:10FCD0008DF87130C2F101030832BFF6B1AE0DF1FB
:10FCE0007F0CDFF8A4E162461046AEFB0312D20897
:10FCF00002EB8201A3EB41013031632B00F8011CC0
:10FD0000134600F1FF32EFDC303302F8013C831E72
:10FD1000634580F0C8810DF1710213F8011B02F8F0
:10FD2000011F6345F9D103F5A0736B44CC3B1B1A4B
:10FD30001CAA9B1A12938EE6079924AA504600F03B
:10FD400029FA00287EF4F6AE199D0D9B269A5D1BBC
:10FD500027AFFFF71FB8049B4FF0470CE918E0E608
:10FD600000230C460493FEF749BA45F63003ADF87C
:10FD70006030049B632B4BF0020B62DC18EE903A70
:10FD8000002B42DBB0EE480B19A800F079FBB4EE73
:10FD9000007B20EE077BB5EE407BF1EE10FA01D13F
:10FDA0000123199300263548089637AD07E74642E8
:10FDB000103033480F9052DA1027804603E00831A4
:10FDC000103E102E4BDD01331032072BC1E90087A6
:10FDD000CDE92532F3DD079924AA504600F0DAF97F
:10FDE00000287EF4A7AEDDE9253227A9E8E70D9BC0
:10FDF000109A9A180B9B0A92002B79DD4FF0670935
:10FE0000AFE6DFF88080FEF74BBF0023089337ADE5
:10FE10002D26B1EE487BB0EE470B19A800F030FB61
:10FE2000B4EE007B20EE077BB5EE407BF1EE10FADE
:10FE300004BF01231993B9F1610F3FF4BFAE0F481E
:10FE4000BDE6049B5046591CFBF7B8FE054600284A
:10FE500000F03D8108904BF48078FEF728BB013319
:10FE60000F9808603244072BCDE925324E6000F32D
:10FE700002810831FEF77DBE041B0020181B002004
:10FE80000C270020D0220020CDCCCCCC049A002A14
:10FE900000F0D480002BC0F22481B0EE487B002615
:10FEA00022AB01931BAB0093B0EE470B19AB049A46
:10FEB000022150468DED027B00F016FC00239DEDE3
:10FEC000027B05460893EDE42D26B1EE487BFEF754
:10FED000F6BA079B9B890022089243F04003079AD9
:10FEE0009381FEF727BE1BF0010F3FF4BFADB9E5CC
:10FEF000C3F101031A4422EAE273C3460A92029351
:10FF00004FF06709F1E418EE903A13F000432BF03C
:10FF1000800B0B9300F09A802D238DF85F30B9F1A0
:10FF2000470F4FF000030893049340F3F880032237
:10FF3000944D0A9208E44FF0670914990B78FF2B4F
:10FF400000F0F88000200B9A0E90844603E0013008
:10FF50000131FF2B09D0934207DAD21A4B78002BDC
:10FF6000F5D10B780CF1010CF3E7CDE90B201491DE
:10FF7000CDF838C00C9A0E9B159913440A9A01FBD0
:10FF800003230A9323EAE373C3460293B0E4109B6E
:10FF900002EB01094B440A934FF06609E1E55B1B54
:10FFA0000D93199B0B933DE50023032208930A92BE
:10FFB0000493FFF7C9BB049B029CDDF820800A93E1
:10FFC000FFF76FBBCDF824801BB3049B0A935A1C28
:10FFD000029204900E900C904FF07309FEF7D3B983
:10FFE000B5EE407BF1EE10FA1ED1199B0B9319442C
:10FFF00066E5002A0491FFF62BAE0499302001EB50
:02000004600298
:10000000030C194601F8010B6145FBD11A44531C3E
:100010001EE6049B0A930293089B0E930C93049391
:100020004FF07309FEF7AFB90D9BC3F101031993AC
:1000300076E500265448089637ADC0E5934273DB59
:10004000B0EE487B0123049E049329E79DF85F30BE
:10005000B9F1470FCCBF4B4D4C4D002B40F0868083
:10006000032204930A920E930C9308930292FEF7D4
:100070008AB90A932BE4079924AA504600F08AF81B
:1000800000287EF457ADDDE9253227A9FEF771BDC2
:100090002D238DF87130C2F101030832FFF61FAE37
:1000A000EDE57021E1E502231293D4E4CDE90B33B1
:1000B00008930E93FEF767B9099A63780C4652F8D5
:1000C000041B099241EAE1710491FEF795B8079A81
:1000D000938943F0400393814FF0FF330593FEF77C
:1000E0002CB92D26B1EE487BDAE629490F91FFF7AE
:1000F00008BBC34633B9012302934FF066090A9344
:10010000FFF7F3BB109B03F10109049B4B440A93D7
:1001100023EAE37302934FF06609FFF7E6BB03227D
:100120001A4D0A92FFF710BB01232D260493B1EE5E
:10013000487BB5E600230E930C931BE70C23CAF80B
:100140000030C9E7079B08909B8943F04003C6E64F
:100150005946FEF7C2BB5846FEF78FBF079B9B89E7
:1001600043F04003BBE65B46FEF77DBF00230493EC
:100170000E930C93089303230A9304230293FEF730
:1001800002B900BF001B0020041B0020FC1A002045
:100190000C2700202DE9F0411546926802B32C6827
:1001A00007468846083401E00834C9B16B68581E18
:1001B000002B1146686013DD54F8046C002EF3D058
:1001C000334654F8082C4146384602F061FB431C84
:1001D00007D0AA68921B1146AA6008340029E5D10D
:1001E00000200023C5E90133BDE8F08170B5002986
:1001F00041D006460C4610B1436B002B3ED0FCF7B5
:100200001DFA636EB4F90C20DD0730D4900538D5A3
:100210002146304600F04CF8E36A054633B1E16907
:10022000304698470028B8BF4FF0FF35A3891A061B
:1002300039D4216B41B104F14003994202D03046D8
:10024000FDF762FA00232363616C21B13046FDF7AC
:100250005BFA00236364636E0022DB07A2811ED574
:10026000A06DFCF75FFFFCF7EFF9284670BD002A90
:10027000CED1FCF7E9F90025284670BDFCF7C0F99E
:10028000BDE7A06DFCF750FFB4F90C30002BBFD1D7
:10029000636ED907EDD4A06DFCF748FFE9E7A06DC8
:1002A000FCF744FFDCE721693046FDF72DFAC0E793
:1002B000B1F90C202DE9F041804610070C4650D4CE
:1002C000496842F400630029A38164DDA66A002E18
:1002D00044D0002112F48052D8F80050C8F8001021
:1002E00065D1E16901234046B047411C02466CD00C
:1002F000B4F90C30A66A5B0705D56368D21A236B84
:100300000BB1E36BD21A0023E1694046B047471CAA
:10031000B4F90C304DD1D8F800101D2940D8304A1E
:10032000CA40D6073CD52269226023F40062A2812C
:10033000D9044FF00002626003D5D8F80030002BDA
:1003400041D0216BC8F8005041B104F140039942FB
:1003500002D04046FDF7D8F9002323630020BDE812
:10036000F0810E69002EF9D00D680E6092070CBF67
:100370004B690023AD1B8B600AE02B463246E169D6
:10038000676A4046B8470028A5EB0005064406DD2D
:10039000002DF2DCE2E7E16B002997DCDEE7A389C0
:1003A00043F04003A3814FF0FF30BDE8F081226DA0
:1003B000A1E72269226023F40062A281DB044FF0EE
:1003C00000026260BDD52065BBE7D8F80030002B85
:1003D0008ED01D2B01D0162BE1D1C8F80050BDE7FF
:1003E0000100402000B5034683B008B1426B52B310
:1003F000B1F90C0098B14A6ED20701D4820512D52A
:1004000018460091FFF754FF00994A6E0346D00743
:1004100002D48A8992050ED5184603B000BD034662
:10042000184603B000BD886D01930091FCF77CFE77
:10043000DDE90013E4E7886D0093FCF777FE009B8D
:10044000184603B000BDCDE90001FCF7D9F8DDE99D
:100450000031CDE759B1034600EB010C02E0013356
:100460009C4504D01A78002AF9D1181A704708461A
:10047000704700BF00487047482F00200000000070
:100480004DF804BD83B08DED000B019ADFF870C00C
:1004900022F0004300216345016025D8DDF800C04B
:1004A00053EA0C0C20D0DFF85CC002EA0C0CBCF163
:1004B000000F0AD19FED107B20EE077B8DED007BB6
:1004C000019A6FF0350122F00043DDE900BC6FF3C3
:1004D0001E5242F07F5C1B154CF4001CA3F2FE334D
:1004E000CDE900BC0B4403609DED000B03B05DF84B
:1004F00004BB7047AFF300800000000000005043D1
:10050000FFFFEF7F0000F07F00B50B4C24688646AC
:1005100085B0E0689C460C4652B108490094CDE98C
:10052000011273460649624601F028F8F9F7ACF863
:1005300004490A46F2E700BFD82F0020381B0020EC
:10054000481B0020441B002010B5A1FB021482B000
:1005500074BBFBF733FB034670B350F8042C22F056
:100560000302043A242A10D8132A16D91B2AC0E9F8
:1005700000441AD9242AC0E902440ABFC0E904444D
:1005800000F1100100F1180108E021460190FCF78C
:10059000F9F9019B184602B010BD01460022184629
:1005A000C1E900228A6002B010BD00F10801F5E740
:1005B000FCF78AFD0C2303600023184602B010BD2F
:1005C0002DE9F04F03690C69A34283B0C0F2888023
:1005D000013C01F1140500F1140855F8243058F8D5
:1005E0002420013308EB84069A4200964FEA840BDC
:1005F00005EB8407B2FBF3F63AD300230191C6461C
:1006000029469C4651F8042BDEF800901FFA82FA26
:1006100006FB0A334FEA134A120C06FB02A29BB2F6
:100620001FFA89FAAAEB030363441FFA82FCCCEB9E
:10063000234C0CEB194C9BB243EA0C438F424EF80F
:10064000043B4FEA2C4C4FEA1243DBD258F80B30F4
:1006500001996BB9009B043B984504D307E098458A
:1006600004F1FF3403D21A68043B002AF7D0046176
:100670008146FDF71FFC00282EDB01364146002293
:1006800055F8040BD1F800C01FFA80FE1FFA8CF356
:10069000A3EB0E031344020CC2EB234202EB1C42F9
:1006A0009BB243EA0243AF4241F8043B4FEA224285
:1006B000E6D258F8242008EB84036AB9043B984535
:1006C00004D307E0984504F1FF3403D21A68043BD1
:1006D000002AF7D0C9F81040304603B0BDE8F08FCB
:1006E000002003B0BDE8F08F2DE9F04F93B08DED01
:1006F000000B0491816B1C9D069257EC106B044615
:10070000089341B1C26B4A60012393408B60FDF7AF
:1007100047F90023A363B7F10008B4BF0123002306
:100720002B60A34BBCBF28F00048CDF8048033EA0F
:10073000080300F092809DED007BB5EE407BF1EE6A
:1007400010FA0DD1089A012313601D9B13B11D9A55
:10075000984B1360984B0293029813B0BDE8F08F4A
:1007600010AAB0EE470B11A920468DED027BFDF7D4
:1007700081FC5FEA18539DED027B109A834640F09E
:100780008280119B134403F23241202940F3E2811D
:10079000C1F1400108FA01F803F2124126FA01F111
:1007A00048EA010106EE101AB8EE466B013B16EE60
:1007B000901A4FF00108A1F1F8719FED772BB7EE79
:1007C000081B9FED775B9FED784B06EE901A03EECA
:1007D000903A36EE416BB8EEE33BA6EE025BB0EE2C
:1007E000456BA3EE046BFDEEC65BB5EEC06BF1EEA0
:1007F00010FACDED055A00F1C0800599D21A1629DC
:1008000002F1FF3A00F2A4806C4B03EBC10393EDBD
:10081000006BB4EEC67BF1EE10FA00F1A281002A63
:1008200040F3C0840027CDE90A178A4400230993C6
:10083000049B092B3DD8052BC4BF043B0493049BA8
:10084000A3F10203CCBF00250125032B33D8DFE839
:1008500013F0FA01F701ED019201089AC8F31308A9
:1008600042F20F7358EA060813601BD11D9B002B40
:1008700000F04286524B029308331D9A029813608F
:1008800013B0BDE8F08F17EE901AB0EE476BC1F3CE
:10089000130141F07F51A3F2FF3341F440114FF0B7
:1008A00000088AE71D9B002B40F06181454B0293B5
:1008B00052E7002304930025E563294620468DED89
:1008C000067BFDF743F89DED067B0290002800F0C3
:1008D000B485119A029BA363002A75DB05990E2942
:1008E00072DC364B03EBC10393ED003B87EE036BE9
:1008F000BDEEC66B029916EE103A303301F8013B9B
:100900004FF0FF39B8EEC65BA5EE437B0123B2EE94
:10091000044B11E087EE036BBDEEC66B013316EEA0
:10092000102A4B4502F13002B8EEC65B01F8012BEC
:10093000A5EE437B00F0A38427EE047BB5EE407B5D
:10094000F1EE10FAE6D1059B013304930D46ECE07D
:1009500001230B93059BBAF1000FBABFC2F1010747
:100960004FF0000A0027002B80F2F180059BFF1A50
:100970005B42099300230A935AE7B8EEE55BB4EEB5
:10098000465BF1EE10FA3FF438AF05990139059155
:1009900033E700BFAFF3008061436F63A787D23FA7
:1009A000B3C8608B288AC63FFB799F501344D33F5E
:1009B0000000F07F351B0020341B002010040020B5
:1009C000781B0020841B00204FF0FF390695CDF8DE
:1009D0003090B8F1000F00F0E984DDF8248002F2D5
:1009E0003342012120469244BD18FDF79FF8064688
:1009F000002F40F09F82099B002B00F09383B8F1F9
:100A0000000F40F077835946099A2046FDF780F998
:100A100001238346099301212046FDF787F80A9BAD
:100A20008046002B40F04582049B012B40F3AA82B4
:100A30000120504410F01F0000F008811B2800F333
:100A4000D582C0F11C00054407448244002D05DD19
:100A500059462A462046FDF7B7F98346BAF1000FFA
:100A600005DD414652462046FDF7AEF980460B9B18
:100A7000002B40F00082B9F1000F40F3D781099BB1
:100A8000002B40F02481059B01330493029F012534
:100A900007E0594600230A222046FCF78BFF013568
:100AA000834641465846FFF78BFD4D4500F1300A1D
:100AB00007F801ABEDDB029BB9F1000F03F1010276
:100AC00009F1FF394FF00003D8BF4FF000099144FE
:100AD0000093594601222046FDF776F941468346A8
:100AE000FDF7E8F9002840F32083029A02E09145DF
:100AF00000F026834D4609F1FF3915F8013C392BEA
:100B0000F5D0013389F8003041462046FCF748FF14
:100B10005EB1009B2BB1B34203D019462046FCF7CF
:100B20003FFF31462046FCF73BFF59462046FCF785
:100B300037FF00232B70089B049A1A601D9B002B23
:100B40003FF40AAE02981D6013B0BDE8F08F9A44DE
:100B50000A936BE6C1F1200106FA01F106EE101AC4
:100B600022E6059B013B059300230B93F2E6AC4B79
:100B70000293033381E601230D93DDE9052313443A
:100B800003F101094E46012E0C93B8BF0126172E22
:100B900040F39C84012204235B0003F11400B04263
:100BA000114602F10102F7D9E16320468DED0E7B7B
:100BB000FCF7CCFE0290002800F03F84B9F10E0F44
:100BC0009DED0E7BA06346D8002D44D005990029E9
:100BD00040F3F182934B01F00F0203EBC203CD050A
:100BE00093ED006B4FEA211340F18A838E4A92ED18
:100BF000085B03F00F03032187EE054B002B00F089
:100C0000FB81894A01E05B100832D80703D45B10EE
:100C10000832DE07F7D592ED005B5B1001F10101B0
:100C200026EE056B00F0E8810832F2E701230D9310
:100C3000069B002B40F38B81069E0C96B146A6E7DF
:100C400000230D9399E700230D93F1E71C20054441
:100C500007448244FAE6119A002AC0F24081059BBB
:100C60000E2B00F33C816F4B059A03EBC20393ED0F
:100C7000003B069B002B80F2ED82B9F1000F00F3E0
:100C8000E98240F08682B1EE046B23EE066BB4EE8F
:100C9000C67BF1EE10FA494640F27C82029D312378
:100CA00005F8013B2046FCF77BFE059B02330493CD
:100CB0003BE7314600230A222046FCF77BFE0C9BD3
:100CC000002B064640F3FA83DDF830900595002F9F
:100CD00005DD31463A462046FDF776F806460A9B82
:100CE000002B40F0F6823746029D6B1E4B440A9360
:100CF000009B03F001030C9341465846FFF760FC4C
:100D000031460B9000F1300A5846FDF7D3F84146C2
:100D100081463A462046FDF7EDF8C3680146002BB0
:100D200036D109905846FDF7C5F809990690204636
:100D3000FCF736FE069A002A5AD1049B1BB90C9B7D
:100D4000002B00F0A483B9F1000F43DB0A9BA946F6
:100D50009D4209F801AB00F0D782594600230A22D0
:100D60002046FCF727FEBE42834631464FF0000383
:100D70004FF00A02204635D0FCF71CFE39460646E5
:100D800000230A222046FCF715FE4D460746B3E72E
:100D90002046FCF705FEB9F1000F08DB009B03F0CD
:100DA0000102049B49EA030952EA09022ED159467D
:100DB00001222046FDF708F841468346FDF77AF800
:100DC000002840F34183BAF1390F00F024830B9BD4
:100DD00003F1310A05F801AB059B0096013304933A
:100DE0003E4691E6FCF7E6FD4D460646074683E79C
:100DF000B9F1000FC0F28483049B49EA03090C9BFC
:100E000053EA090900F07C83002A9FDDBAF1390F0B
:100E100000F001830AF1010305F8013BDCE700BFA4
:100E2000841B002010040020E8030020049B022BF8
:100E30007FF725AEB9F1000F40F0008241464B46E6
:100E400005222046FCF7B6FD014680465846FDF7D0
:100E500031F8484540F3F281029D312305F8013B0A
:100E600041462046FCF79CFD059B02330493002E6F
:100E70007FF457AE59E641465846FDF71BF8002867
:100E8000BFF6F9AD594600230A222046059DFCF71E
:100E900091FD099B013D8346002B7FF40AAF0C9B1B
:100EA000002B40F3FE82059BDDF8309004930595FE
:100EB000ECE51A4601462046FCF72AFF049B012B6D
:100EC000804640F3F98100230A93D8F8103008EBEC
:100ED00083031869FCF7C0FDC0F12000A9E50D9B54
:100EE00073B9002F67D1099B002B74D11D461E4694
:100EF00091E5119A002A03DB05990E297FF7B4AE1C
:100F0000049B012B7FF765AD099B09F1FF38434531
:100F1000C0F27781B9F1000FA3EB080880F2BE821E
:100F2000A7EB0903012120460D93FCF7FFFD3D4689
:100F30000D9F0646BAF1000F7FF75DAD57453B4662
:100F4000A8BF5346ED1AFF1AAAEB030A53E5002186
:100F5000E16320468DED067BFCF7F8FC9DED067BFA
:100F60000290002800F06982029BA363002D40F0EC
:100F70009F81119AAA42C0F27C8201230C93994668
:100F800006936CE6009B002B7FF452AD019BC3F3EC
:100F90001303002B7FF44CAD019B23F000431B0D8A
:100FA0001B05002B3FF444AD012301350AF1010A72
:100FB0000A9318463DE5BAF1000F00F0FE8157454F
:100FC0003B46099EA8BF5346FD1AAAEB030A2F46CB
:100FD000002E3FF420AD5946099A2046FCF798FEB2
:100FE0000023834609933D461E4614E51C283FF422
:100FF0002DADC0F13C002AE684EE065B0B9B3BB1B5
:10100000B7EE006BB4EEC65BF1EE10FA00F1E081D2
:10101000B1EE0C4B06EE901AB8EEE66BA6EE054B61
:1010200014EE901A53EC142BA1F15073B9F1000F88
:1010300000F09B80DDF814C0484643EC142BB64BFF
:10104000029DFDEEC53B03EBC00212ED022B13EE39
:10105000902A02F1300E0D9A691CB8EEE36B0E4631
:1010600035EE466B002A00F05B81B6EE003B83EE66
:10107000025B35EE445BB4EEC65BF1EE10FA85F828
:1010800000E000F32782B7EE001BB2EE043B002520
:1010900018E001358542BFF62CAF26EE036B25EE36
:1010A000035BFDEEC64B14EE902AB8EEE42B303213
:1010B00036EE426BB4EEC56BF1EE10FA01F8012B7F
:1010C00000F1DF8131EE464BB4EEC54BF1EE10FA84
:1010D000DFD5029A0CF1010C02E0914200F09781F9
:1010E0000D4611F8013D392BF7D001330B70CDF8C7
:1010F00010C01AE5314642462046FCF709FE5A4622
:10110000014606462046FCF73FFD59460D90204615
:10111000FCF746FC099BDDF834B0B3EB08030993F8
:101120007FF471AC0123099375E403D11AF0010F28
:101130007FF4DBAC4D4619F8013D302BFAD0E3E4E7
:10114000059B029A0233049331231370DCE406EE0C
:10115000901AB1EE0C4BB8EEE66BA5EE064B14EE12
:10116000901A53EC142BA1F1507343EC142BB1EEF5
:10117000046B35EE466BB4EEC46BF1EE10FA00F37F
:101180005681B1EE444BB4EEC46BF1EE10FA7FF52C
:1011900062AD00212046FCF703FC069B029D5B42EA
:1011A0000493C2E4059B0A939A460023C2F1010707
:1011B0000B93FFF73BBB00F00781059A564B524259
:1011C00002F00F0103EBC10393ED005B131127EE57
:1011D000055B00F07981514A022101E05B10083281
:1011E000DD0703D45B100832D807F7D592ED006B0A
:1011F0005B1001F1010125EE065B3FF4FFAE083202
:10120000F2E7099B0A9AA8EB03031A44012120463E
:101210000A92FCF78BFCCA4407EB09050646CDF899
:101220002480002F3FF4EFAB57453B46A8BF534601
:10123000ED1AFF1AAAEB030AFFF7E5BB4146204669
:10124000FCF7AEFB069B029D5B420493002E7FF4ED
:1012500068AC6AE4029B5E1C87EE036BBDEEC66B56
:10126000029A16EE103AB9F1010F03F13003B8EE0D
:10127000C65B31461370A3EE457B7FF447AB37EE78
:10128000077BB4EEC37B059BF1EE10FA03F101037B
:1012900004939C4608DCB4EE437BF1EE10FA05D1D2
:1012A00016EE103ADB0701D5029A19E70D463CE429
:1012B0000C95A946069589E4009B002B7FF403AEAC
:1012C000DDE90012C2F31303002B00F0C4800A9181
:1012D000FBE571682046FCF739FB0546002800F065
:1012E0000481336902339A0006F10C010C30F8F7DF
:1012F0000DF8294601222046FCF766FD0746F3E477
:101300000221B0EE474B79E4059B009601333E463F
:101310000493FFF7DEBB00BF10040020E8030020A9
:10132000029A24EE022B012882F800E014D0B2EEDB
:10133000043B029A151826EE036BFDEEC65B15EE14
:10134000902A303201F8012BA942B8EEE54B36EE77
:10135000446BF0D1711E0144B6EE005B32EE054BDA
:10136000B4EEC64BF1EE10FA3FF5B3AE35EE425B8C
:10137000B4EEC65BF1EE10FA0DDC119A002AFFF60E
:10138000B0AD059A0E2A3FF7ACAD059A03EBC20348
:1013900093ED003B60E70D46013915F8013C302B19
:1013A000F9D00CF101030493FFF7BFBB109ADDF8ED
:1013B0002480C2F13602FFF714BB099E002E7FF491
:1013C0000AAE3D46FFF727BB0221B0EE475B15E6AC
:1013D000B9F1000F3FF4BBAE0C9800287FF73BAC8F
:1013E000B2EE043BB1EE0C4B013106EE901A25EE45
:1013F000035B059BB8EEE66BA5EE064B14EE901A68
:1014000003F1FF3C53EC142BA1F1507315E60CF1E2
:10141000010C31236AE6A946392309F8013B059BF3
:1014200000960133029A04933E46FFF763BB029D88
:10143000312305F8013B002134E4334B33480022CB
:1014400040F2AF11FFF760F87FF4C4AC1AF0010F5F
:101450007FF4B9ACBEE4019B23F000431B0D1B05D8
:10146000002B3FF431AD012301350AF1010A0A9343
:101470002BE50D9B002B33D101230C93994606934A
:101480002FE50CF1010304930D46FFF74EBBBAF1B3
:10149000390FC0D091453FF79AAC9BE44A46FFF71D
:1014A000A0BA049A022A05DC059A04929946059589
:1014B000FFF7ECBA0595DDF83090BBE4049A05958A
:1014C000022AF8DC994602E4022197E50021E16353
:1014D000FFF76BBB0CF1010304930D46FFF725BB2F
:1014E0000D9B069399460C930EE5074B07482A4639
:1014F00040F2EF21FFF708F8054B0293FFF72CB9F4
:10150000002A3FF754AC65E4841A0020881B0020B1
:10151000781B002030B5044687B05BB110480193BA
:10152000D0F8C85171B12046A847421C019B10D089
:1015300007B030BD00F5827309480193D0F8C85157
:101540000029F0D10A46204603A9A847421C019B66
:10155000EED100218A221960226007B030BD00BFA1
:10156000702D002010B582B0049CCDE900344FF0FE
:10157000FF3301F055FC02B010BD00BF0EB400B542
:1015800082B003ABDFF81CC053F8042B0193014673
:10159000DCF8000000F008F802B05DF804EB03B0DE
:1015A000704700BFD82F00202DE9F04FC5B00DF1D6
:1015B000500A8346049116460021082250461C46D4
:1015C0000B93FBF7DFF9BBF1000F04D0DBF83430ED
:1015D000002B00F04987049B5A6EB3F90C30D007FA
:1015E00040F14181990400F1A985049943F4005325
:1015F00022F400528B814A66930401F1AE80049B71
:10160000B3F90C301D0740F1BD80049A1269002A1D
:1016100000F0B88003F01A020A2A00F0C28000230A
:10162000CDE91933CDE90E331BAADFF86C980D9381
:10163000189217460793B0464546D9F8CC41FBF7B8
:10164000D7FCCDF800A003462A4612A95846A04769
:10165000002800F0C580C0F2BB80129A252A0346FC
:1016600001D01D44E9E7B5EB0806044640F0BC8014
:10167000002319468DF8433008934FF0FF326B7802
:10168000059205F10108039108F101081946A1F13D
:1016900020035A2B00F2F280DFE813F0E603F0009B
:1016A000F000DF03F000F000F000BF03F000F000F6
:1016B00007025302F00012020004F000F1035B0085
:1016C0005B005B005B005B005B005B005B005B0042
:1016D000F000F000F000F000F000F000F000F0008A
:1016E000F000D8019F03F000F000F000F000F000DF
:1016F000F000F000F000F000F0001902F000F0003F
:10170000F000AA01F000FB02F000F000BA05F000C2
:10171000F000F000F000F000F000F000F000F00049
:10172000F000D8016801F000F000F00095036801B6
:101730006D00F0008B03F0007D036A0320036D0051
:10174000F000AA016A005902F000F000FB05F00069
:101750006A00A1F13003002218F8011B02EB82029B
:1017600003EB4202A1F13003092BF5D908928EE771
:1017700098F8003088E7039B43F02003039398F820
:10178000003081E7049D5846294601F05FFA0028A1
:1017900040F0F687B5F90C3003F01A020A2A7FF4FC
:1017A0003EAF0499B1F90E20002AFFF638AF4A6E19
:1017B000D20702D49F0540F1908704992346324610
:1017C000584601F015F80790079845B0BDE8F08F2E
:1017D000082200215046FBF7D5F801231D442CE7D1
:1017E000B5EB0806044610D01A9B33441A93199B94
:1017F0000133072BC7E90086199310DC0837079BD4
:1018000033440793002C7FF433AF1A9B002B40F036
:101810006E87049B0022B3F90C30199218E00499EA
:1018200018AA584601F024F878B91BAFE7E70499E5
:1018300018AA584601F01CF8002800F08380099B84
:101840001BB109995846FBF75FFF049BB3F90C30B5
:10185000049A526ED0077FD55B0600F16687079821
:1018600045B0BDE8F08F9F0540F114819D047FF5E0
:10187000BCAE90047FF5C6AE00F071BF0029C4D0A5
:10188000002301228DF8AC108DF8433009930A92A1
:1018900005932BAD0692DDE919C0039C14F0840674
:1018A0000146624626D1089B069C1C1B002C00F3B7
:1018B000ED839DF8433003B300260C9601320123DB
:1018C00001317B60072A0DF14303CDE919213B600B
:1018D00000F3868308370C9B63B1013211AB0231F0
:1018E0003B60072A4FF00203CDE919217B6000F32A
:1018F0006B830837802E00F0EE82059B0A981C1A35
:10190000002C00F326830A9B3D6001321944072A0C
:10191000CDE919217B6000F34C830837039B5C07FA
:1019200005D5089B069A9C1A002C00F36583DDE917
:10193000073206988242ACBF9B181B1807930029F8
:101940007FF475AF00231993099B1BB10999584681
:10195000FBF7DAFE1BAF6FE69A053FF57DAF049CFF
:10196000A06DFBF7E3FBB4F90C3075E7039B980619
:1019700040F13C840B9B073323F00702536852F875
:10198000084B0B921E46002BC0F23882059A002AA3
:1019900007DB039B23F08003039354EA060300F064
:1019A0008C840A2C76F1000380F0F7803034059A9D
:1019B0009DF843308DF80F41012AB8BF01220692ED
:1019C000002B00F0AF83069B013300250693012313
:1019D000CDE909530DF20F15DDE91921039B13F031
:1019E0008406084694463FF45EAF00230C9365E7F7
:1019F0000B9E00238DF8433056F8043B0993002BCF
:101A000000F05585532900F07284039B13F01004F5
:101A100040F06D84059A002AC0F21385099821468A
:101A2000FBF70EFD9DF84330099D002800F08B86E2
:101A3000421B0A9222EAE2720692002B00F00E8507
:101A40000132059406920B960994C5E7432903D009
:101A5000039BDD0640F127840822002116A8FAF72F
:101A600091FF0B9A2BAD126816AB29465846FFF72B
:101A700051FD0A90013000F04F860A9B23EAE37380
:101A800006930B9B04330B9300238DF8433009938B
:101A9000059300E7049DA86DFBF746FBB5F90C30F4
:101AA0006A6E99043FF5A8AD9FE50B9B53F8042B94
:101AB0000892002A80F23D83089A0B9352420892C2
:101AC000039B43F00403039398F80030DCE5039B89
:101AD00043F010009B0640F14E830B9B073323F02D
:101AE00007031A46596852F8083B0B9200228DF8FA
:101AF0004320059A002AC0F2118320F490620392D9
:101B000053EA010200F01E8344AD03F00702DB0834
:101B100043EA4173C908303253EA0104284605F804
:101B2000012DF2D1039B13F0010340F09E82059A30
:101B3000099344AB5B1B9A42B8BF1A460A930692BC
:101B4000A9E62B238DF8433098F800309CE50399E3
:101B50008E0600F1A48003990B9A11F0100052F840
:101B6000043B40F02783039911F0400100F0CA8440
:101B70008DF843009BB205990026B1421C4606DB56
:101B8000039921F080010391002B00F07B850A2C42
:101B900076F100030B92FFF409AF039B0997002035
:101BA000CDF830B044A9DDF834B0069003F4806776
:101BB000CDF8288025E00690A319B54843F100032D
:101BC000A0FB032C2CF0030202EB9C029B1AE31AED
:101BD0004FF0CC32A046B64602FB03F266F1000697
:101BE00000FB0622A3FB0043B8F10A0F13444FEA9F
:101BF00054047EF1000E294644EAC3744FEA5306AA
:101C00002ED3069BA24A01330693A31943F1000386
:101C10001046A2FB032525F0030202EB95029B1A56
:101C2000E31AA3FB003266F1000500FB05225B0806
:101C300043EAC27303EB8303A4EB4303303301F89D
:101C4000013C4D1E002FB7D006989BF80030834210
:101C5000B1D1FF28AFD00A2C76F1000380F0AF8419
:101C600005999DF84330CDF834B044AA521B9142F7
:101C7000B8BF1146DDE90978DDF830B00A92069167
:101C8000002B00F0EE83069B01330693002309939B
:101C9000A2E6039B43F010019B0640F189820B9B57
:101CA000073323F0070200238DF84330059B566865
:101CB00052F8084B0B92002BC0F2EE8221F0800309
:101CC000039354EA06037FF46CAE059B002B40F0AF
:101CD000DE840A930693099344ADDCE5059C0B99D9
:101CE0000398002247F630039442ADF844308DF853
:101CF000432051F8043BC0F2D28220F0800040F033
:101D000002000390002B00F0E58303F00F0461480C
:101D10001B09045D8DF80F410B9100F056850221DF
:101D200006910DF20F1503F00F011B09415C05F838
:101D3000011D43EA0273120953EA0201F3D144ABD5
:101D40005A1B059B0A929342B8BF1346069A002A73
:101D500000F03985DDE91921039C023314F0840673
:101D600006930846944600F0E98200230993B4E5FF
:101D7000039886063FF5B1AE03990B9ACD0652F84B
:101D8000043B00F114850398440640F1C8839BB2DC
:101D90000B920021AAE603990B9A8C0602F1040328
:101DA00040F1F081126807991160C91751600B93D7
:101DB00042E498F800306C2B00F08F82039A42F0D6
:101DC0001002039260E498F80030682B00F07B82E8
:101DD000039A42F04002039256E4039A940642F0BA
:101DE000100300F100820B9A04320B9903930C68E4
:101DF0000B92E6173346002BBFF6C8AD2D238DF8A6
:101E00004330059B644266EB4606002BFFF6C9ADE6
:101E1000039B23F080030393C3E55846FEF72AFB98
:101E200043680F931846FBF76BFB0E900446584629
:101E3000FEF720FB826898F800300D92002C3FF4EA
:101E400023AC002A3FF420AC1278002A3FF41CACEB
:101E5000039A42F48062039216E4039B43F0010369
:101E6000039398F800300FE49DF8432098F8003071
:101E7000002A7FF409AC20228DF8432004E4039B60
:101E800043F08003039398F80030FFF7FDBB00BFD9
:101E9000CDCCCCCC041B0020702D0020404610F887
:101EA000011B2A2900F07784A1F13003092B98BF88
:101EB000002200F2178410F8011B02EB820203EBF0
:101EC0004202A1F13003092BF5D942EAE2730593EE
:101ED0008046FFF7DCBB089B06981C1A002C7FF796
:101EE0000CAD102C40F3268438460C95AE4F049D63
:101EF000102604E0103C102C00F1080015DD013222
:101F00001031072AC0E90076CDE91921F2DD18AABF
:101F10002946584600F0ACFC00287FF490AC103CF9
:101F2000102CDDE919211BA8E9DC0C9D3B46074676
:101F300001322144072ACDE919213B607C6000F37E
:101F4000A482059B0A981C1A002C07F108077FF74A
:101F5000DAAC102C40F3ED8238461026924F04E0A4
:101F6000103C102C00F1080016DD01328E4B1031B0
:101F7000072AC0E90036CDE91921F1DD049918AA34
:101F8000584600F075FC00287FF459AC103C102C2A
:101F9000DDE919211BA8E8DC3B4607460132214454
:101FA000072ACDE919213B607C6000F3AA8008373D
:101FB000A9E4049918AA584600F05AFC00287FF4B6
:101FC0003EAC1A991BAFA9E4049918AA584600F030
:101FD0004FFC00287FF433ACDDE919211BAF89E405
:101FE000049918AA584600F043FC00287FF427AC57
:101FF000DDE919211BAF6EE4102C199B40F381839E
:102000003A46049E694F102504E0103C102C02F162
:10201000080215DD01331031072BC2E90075CDE947
:102020001931F2DD18AA3146584600F021FC00288B
:102030007FF405AC103C102CDDE919311BAAE9DC5A
:102040003E46174601332144072BC7E90064CDE91A
:1020500019317FF76CAC049918AA584600F008FCB7
:1020600000287FF4ECAB1A9961E4302A00F0018279
:102070003023059A05F8013C023844AB1B1A9A42FA
:10208000B8BF1A460A9306920546EFE000230C9368
:10209000102C464E624623DD394610232F46049D00
:1020A00004E0103C102C01F1080117DD0132103062
:1020B000072AC1E90063CDE91920F2DD18AA2946F3
:1020C000584600F0D5FB00287FF4B9AB103C102C2B
:1020D000DDE919201BA94FF01003E7DC3D460F4650
:1020E00001322118072ACDE919213E607C6000F3F6
:1020F0007A819DF843600837002E36D00026FFF71E
:10210000DDBB049918AA584600F0B2FB00287FF402
:1021100096ABDDE919211BAFFFF7F5BB20F4806218
:102120000392F1E4099301230A930DF20F15FFF7CF
:10213000B2BB0B9398F80030FFF7A6BA92047FF574
:1021400061AAF2E2059A002A7FF4DEAC10F00102E7
:10215000069200F0428130238DF80F31059B0A92E0
:1021600009930DF20F15FFF796BB0C9B002B7FF424
:10217000B4ABFFF7C2BB0B9B1A1D0B9B0B921B68EA
:102180000021B3E4039AD00600F18C81039A510632
:1021900000F19582039A920540F184810B9A079988
:1021A0001268117003E600BF1C270020E022002007
:1021B0000B9B1A1D0B9B05981B680026B0428DF8DF
:1021C00043601C4667DB21F080010391002B7FF404
:1021D000DEAC0B92002840F05A820A9006900990DB
:1021E00044ADFFF758BB0393FFF7C4BB039B0B9AA7
:1021F000D90652F8044B3FF5F8AD039B5E0640F15B
:10220000768144F3C0360B9224B23346FFF7BBBB52
:10221000AD48039B9D0640F1B5800B9B073323F02F
:1022200007031A465C6852F8083B0B92039A12F0B7
:102230000102069240F08C808DF84320059A002A16
:10224000C0F2B780039A22F49062039253EA040228
:1022500040F0F380059A002A00F0F68103788DF8AB
:102260000F31012306920A930DF20F15DDE91921B2
:10227000039B13F084060846944600F0A1829DF863
:102280004330002B00F0AB82002309930C93FFF73F
:1022900015BB8E48BDE70B920391FFF782BB40F060
:1022A0000200039031E50B9B1B688DF8AC300123D5
:1022B00006930A932BADFFF7E4BB002A00F0D4810C
:1022C0003024FFF774BB039B43F40073039308F1BE
:1022D000010898F80030FFF7D7B9039B43F02003BB
:1022E000039308F1010898F80030FFF7CDB9099B76
:1022F00013930822002116A8FAF744FB059B002B34
:10230000C0F219810024069725461F460EE02BA92E
:102310005846FFF7FFF8411C284400F0FD81B84201
:1023200009DC04F1040400F008820546139A1259EE
:1023300016AB002AEBD1069F05950AE1089C069B87
:102340000996E41A002C7FF7C8AA02230C939FE693
:1023500053EA04025ED100238DF84330059B002B25
:10236000C0F22181039B23F49063039300F08781E3
:1023700003788DF80F31069B0A93059B06930DF2A7
:102380000F1573E70B9A52F8043B0B92039AD4068D
:1023900008D4520602D59BB2002447E7039A96055B
:1023A00000F18181002441E742F0020203920222FF
:1023B0000692039A22F48062039203F00F02825C79
:1023C0008DF80F211B0943EA0473220953EA141400
:1023D0007FF4A7AC0DF20F15B1E4059B44ADCDE938
:1023E0000933FFF758BA049918AA584600F040FA82
:1023F000064600287FF423AA9DF84330DDE9192121
:10240000002B40F089800C9B1BAF002B7FF465AA4A
:10241000FFF773BA30228DF8442000228DF8432054
:10242000059A8DF84510002A039ABDDB22F49062CC
:1024300042F0020203920222069203F00F02825C33
:10244000BEE7099D2846FBF75BF89DF843300A90EC
:1024500020EAE0720692002B7FF4F2AA099D059310
:102460000B960993FFF717BA5846FAF7C9F8FFF722
:10247000B2B8059A44AB5B1B9A42B8BF1A460A939E
:10248000002306920993FFF706BA049918AA584642
:1024900000F0EEF900287FF4D2A9DDE919211BAF85
:1024A000FFF72BBA0B9A0799126811607FE4059B1E
:1024B000074D0B96062B28BF062306930A93099B0C
:1024C0000593FFF7E8B900BF181B0020041B00208C
:1024D0002C1B00200B91002C00F0DC80302301220B
:1024E0008DF80F310DF20F1523460A9232E4039B4B
:1024F0000B929D054ABF44F3C016E61764B23346FB
:10250000FFF741BA039810F4007600F0CF808DF801
:102510004310DBB2FFF72FBB1BAFFFF7CFB9039818
:1025200010F4007100F0BB80DBB20B920021FFF7CA
:10253000DDBAAC4B32E516AB0093002313AA194663
:102540005846FFF70FF80590013000F0E580099B31
:102550001393059B002B7CD0632B00F3B6800023E4
:1025600009932BAD0822002116A8FAF70BFA059C57
:1025700016AB009313AA234629465846FEF7F2FFEE
:10258000844240F01681059900236B5421EAE172E0
:1025900006929DF84320002A40F0B580CDE90A1646
:1025A0000592FFF778B903788DF80F31039B23F478
:1025B00080630393069B0A930DF20F1556E60E9A5D
:1025C0000F99AD1A2846FAF7C5FA9BF801300BB1FE
:1025D0000BF1010B844AA31943F10003A2FB030C86
:1025E0002CF0030000EB9C001B1AE31A4FF0CC31D7
:1025F00066F1000603FB01F102FB0611A3FB0230AA
:1026000001445B0843EAC1744E08A31943F1000377
:10261000A2FB031020F0030101EB90015B1AE31A07
:10262000A3FB023166F1000002FB00125B0843EAE3
:10263000C27303EB8303A4EB4303303305F8013C7F
:102640000120013DFFF701BB059B0A9344A8054605
:102650000CE69DF84330099D0B96003B18BF012303
:102660000693059B0A9301E69DF843303BB1059B19
:10267000CDE90933012344AD0693FFF7ADB9059BBE
:10268000FFF727BB059B0B92002B3FF422AB0024E6
:10269000FFF78CB9059B0A9344ADFFF75BBB03982A
:1026A0000B92FFF723BADBB20024BFE505998DF842
:1026B000436000291C46BFF663AAFFF768BA0B9A6D
:1026C000079912681180FFF772BB591C5846F9F739
:1026D00075FA054600B3099044E7886DFAF726FDC0
:1026E000FFF76BB8002380460593FEF7D0BF04992F
:1026F00018AA584600F0BCF800283FF48AA8FFF753
:10270000A4B83A4E9EE4059A0A92069A0B960132B4
:1027100006920593FFF760B90498B0F90C30426E49
:1027200043F04001D207818109D54FF0FF33079371
:10273000FFF795B82B4BFFF7FBBB069F09E7990501
:10274000F3D4FFF70CB99BB1059B0B965A1C06926C
:102750000A9305900990FFF73FB9D707E5D4049B8A
:102760009B899E05E1D4049B986DFAF7DFFCDCE7BA
:10277000059A0993CDE905320B960A92FFF78BB8BB
:10278000049A536ED807D0D493899905CDD4906D0F
:10279000FAF7CCFCC9E70B9A98F8013052F8041B01
:1027A0000B9241EAE17180460591FEF76DBF084644
:1027B000E3E4049A938943F040039381FFF73FB821
:1027C0000996FFF770B8069350E5059B0122012B8F
:1027D000B8BF01230DF20F150A92FFF7BBBA099398
:1027E000FFF788B81C270020CDCCCCCCE0220020FD
:1027F000F0B50D46ADF2744D164689896A6E1B928E
:10280000EA89ADF8162021F00201EA69ADF814104A
:1028100009921CA96A6A0291074606910B924FF42D
:102820008061002218A80193049107910892FAF799
:1028300077FC3246019B02A93846FEF7B5FE061E1C
:1028400007DB02A93846FDF7CDFD002818BF4FF081
:10285000FF36BDF814305B0603D5AB8943F0400367
:10286000AB811898FAF75EFC30460DF2744DF0BD5E
:10287000936810B514461BB918460023636010BD59
:1028800000F068F80023A3600023636010BD00BF60
:102890002DE9F0438E681D46AE420B6883B00C46AE
:1028A00090463AD8B1F90CC01CF4906F0FD1354660
:1028B000184641462A46F9F7D3FFA3689E1B2368B2
:1028C000A6602B440020236003B0BDE8F0834A6972
:1028D000096902EB42025E1A02EBD2726B1C5210C3
:1028E0003344934294BF17461F46934288BF1A460B
:1028F0001CF4806F814612D01146F9F75FF9F0B1F0
:10290000324621690190F6F701FDA289019B22F46C
:10291000906242F08002A28105E02E46C8E7F9F7F6
:102920002FFC034638B123613344BE1BA6606761A8
:1029300023602E46BCE721694846FAF7E5FEA389E5
:102940000C2243F04003C9F800204FF0FF30A38170
:10295000BAE700BF9368002B00F0B7802DE9F04F75
:10296000B1F90CC01CF0080F83B00C468046174626
:102970002DD00B695BB31CF002033E6833D04FF0DF
:10298000000ADFF8C4B25546B9465D452B465246AB
:1029900028BF5B464046B5B1E169676AB847002881
:1029A00040F38B80D9F808301B1A8244C9F80830EC
:1029B000002B79D02D1A5D452B46524628BF5B4629
:1029C0004046002DE8D1D6E900A50836DDE72146CE
:1029D000404600F03BF9002874D1B4F90CC03E68C1
:1029E0001CF00203CBD11CF0010A70D123680097C0
:1029F0005546002D54D01CF4007FD4F8089018469A
:102A000000F0AB80A945CB4600F2E4801CF4906F47
:102A100034D021696269A3EB010902EB420202EBA7
:102A2000D27209F1010352102B44934294BF934692
:102A30009B46934288BF1A461CF4806F00F0E980E1
:102A400011464046F9F7BAF8002800F0F7804A46E8
:102A500021690190F6F75AFCA289019B22F4906249
:102A600042F08002A28103EB09002361ABEB090372
:102A7000C4F814B0A3602060A946AB4651465A463C
:102A8000F9F7EEFEA2682368A2EB0902A260009AA1
:102A900091685B44491B2360916029B1B4F90CC073
:102AA000D6E900A50836A4E7002003B0BDE8F08F02
:102AB00021464046FDF796FC68B3B4F90C3043F06C
:102AC0004003A3814FF0FF30EFE7002070471D4621
:102AD0009A461846B946009365B3002831D052464D
:102AE000D4E904132068AA4228BF2A46884204D9A0
:102AF000A16803EB010B5A457CDC93426DDCE16974
:102B0000009A676A4046B847B0F1000BD5DDBAEBD2
:102B10000B0ACDD00120D9F80830A3EB0B03C9F87C
:102B20000830002BC0D0009BA5EB0B055B44009345
:102B3000002DD2D1756833460836002DFAD01B68B7
:102B40000093009F2A460A213846FAF779FC0028AC
:102B500071D00130A0EB070AC1E722699A4221D364
:102B60006269AA421ED86FF00043AB4228BF2B46D1
:102B7000E16993FBF2F3676A02FB03F340465246B6
:102B8000B847B0F1000998DD009A9368A3EB0903F8
:102B9000A5EB09059360002B86D0B4F90CC023681F
:102BA000CA4426E7A94528BFA94618464A465146C1
:102BB000F9F756FEA2682368A2EB09024B44A26013
:102BC0002360002AE0D121464046FDF70BFC002897
:102BD000DAD072E7A946AB4650E700990192F9F7BF
:102BE0003FFE019AA3689B1AA360236813442360E5
:102BF00093468CE700995A46F9F732FE23685B4406
:102C0000236021464046FDF7EDFB00283FF47FAFEF
:102C100053E74046F9F7B4FA034600287FF423AFA0
:102C200021694046FAF770FDA3890C22C8F80020FC
:102C300023F0800343E76A1C924651E70C22B4F963
:102C40000C30C8F800203AE700FCFF7F10B5354B88
:102C50000446186882B00B4610B1426B002A53D06C
:102C6000B3F90C20110711D51869C8B1B3F90C20BC
:102C700012F0010126D059694FF0000C4942C3F807
:102C800008C0996120B3002002B010BDD00640D525
:102C9000510723D4186942F008029A810028E5D12F
:102CA0009A8902F42072B2F5007FDFD019462046DF
:102CB000019300F0C9F8019BB3F90C20186912F0D8
:102CC0000101D8D1940758BF596999600028DAD119
:102CD0001106D9D542F040029A811FE0196B61B10B
:102CE00003F14000814206D020460193FAF70CFD23
:102CF000019BB3F90C200021196318690021C3E975
:102D0000000122F02402C6E70191F9F779FC019B4A
:102D1000A6E7092142F0400221609A814FF0FF307E
:102D2000B2E700BFD82F00202DE9F04F8BB0DDE9CE
:102D30001589149F02901C46B8F1000F57D01668F1
:102D400001960029C34608BF4FF0FF37002588468B
:102D50000391924606E0019B53F8040B019300286F
:102D600037D06546AF423ED9002C3CD0DBF800306E
:102D70000493DBF804300593019B02981A68D9F894
:102D8000C8615B4606A9B047431C33D000EB050C75
:102D9000BC453AD8039B013C002BDCD000280DDD5C
:102DA00008F1FF32019E06A900EB020E11F8013B6B
:102DB00002F8013F7245F9D101968044019BDAF88F
:102DC000002053F8040B01930432CAF800200028B5
:102DD000C7D10399D84609B1CAF800000022C8F843
:102DE00000200CF1FF3528460BB0BDE8F08F00F550
:102DF0008678A4E7029B05468A21002228461960AE
:102E0000CBF800200BB0BDE8F08FD846DDF810A05D
:102E1000DDF814B02846C8E900AB0BB0BDE8F08F70
:102E200000B585B0DFF81CC00698009007980190A7
:102E300003480068CDF808C0FFF776FF05B000BD75
:102E4000D82F0020702D0020B1F90C20930706D553
:102E500001F143030122C1E904320B60704730B530
:102E60000B46B1F90E10002999B0044632DB02AAD4
:102E7000009300F05BF80028009B29DB4FF4806191
:102E800020460093039DF8F799FE009BB3F90C20B0
:102E9000002839D005F4704142F0800218601861B2
:102EA000B1F5005F4FF480609A8158613AD1B3F96F
:102EB0000E100093204600F04DF8009BB3F90C2053
:102EC00080B322F0030242F001024FF4006117E0E8
:102ED000B3F90C20019312F0800F0CBF4FF4806106
:102EE000402120460091F8F769FE019B0099B3F953
:102EF0000C2048B1C3E9040142F0800218600021AF
:102F00000A439A8119B030BD9105FBD422F0030227
:102F100003F1430142F002020120C3E904109A8147
:102F20001960EFE74FF40061EAE700BF38B5084CDD
:102F300000230546084611462360F6F799FB431C1B
:102F400000D038BD2368002BFBD02B6038BD00BFFC
:102F500050F1022038B5074C00230546084623608F
:102F6000F6F78CFB431C00D038BD2368002BFBD048
:102F70002B6038BD50F102205FF800F0A11D006009
:102F80005FF800F0FD1C0060000000000000000081
:042F9000F8B500BFD1
:082F94007884FF7F01000000BA
:102F9C000000000000000000000000000000000025
:102FAC000000000000000000000000000000000015
:102FBC000000000000000000000000000000000005
:102FCC0000000000000000000000000000000000F5
:102FDC0000000000000000000000000000000000E5
:102FEC0000000000000000000000000000000000D5
:102FFC0000000000000000000000000000000000C5
:10300C0000000000000000000000000000000000B4
:10301C0000000000000000000000000000000000A4
:10302C000000000000000000000000000000000094
:10303C000000000000000000000000000000000084
:10304C000000000000000000000000000000000074
:10305C000000000000000000000000000000000064
:10306C000000000000000000000000000000000054
:10307C000000000000000000000000000000000044
:10308C000000000000000000000000000000000034
:10309C000000000000000000000000000000000024
:1030AC000000000000000000000000000000000014
:1030BC000000000000000000000000000000000004
:1030CC0000000000000000000000000000000000F4
:1030DC0000000000000000000000000000000000E4
:1030EC0000000000000000000000000000000000D4
:1030FC0000000000000000000000000000000000C4
:10310C0000000000000000000000000000000000B3
:10311C0000000000000000000000000000000000A3
:10312C000000000000000000000000000000000093
:10313C000000000000000000000000000000000083
:10314C000000000000000000000000000000000073
:10315C000000000000000000000000000000000063
:10316C000000000000000000000000000000000053
:10317C000000000000000000000000000000000043
:10318C000000000000000000000000000000000033
:10319C000000000000000000000000000000000023
:1031AC000000000000000000000000000000000013
:1031BC000000000000000000000000000000000003
:1031CC0000000000000000000000000000000000F3
:1031DC0000000000000000000000000000000000E3
:1031EC0000000000000000000000000000000000D3
:1031FC0000000000000000000000000000000000C3
:10320C0000000000000000000000000000000000B2
:10321C0001000000000000000100000000000000A0
:10322C000100000000000000010000000000000090
:10323C00000000000000F03F748515D3B0D9EF3FBB
:10324C000F89F96C58B5EF3F515B12D00193EF3FEA
:10325C007B517D3CB872EF3FAAB968318754EF3F80
:10326C003862756E7A38EF3FE1DE1FF59D1EEF3F39
:10327C0015B7310AFE06EF3FCBA93A37A7F1EE3F5F
:10328C002234124CA6DEEE3F2D89616008CEEE3F53
:10329C00272A36D5DABFEE3F824F9D562BB4EE3F30
:1032AC00295448DD07ABEE3F85553AB07EA4EE3F7E
:1032BC00CD3B7F669EA0EE3F745FECE8759FEE3FC2
:1032CC008701EB7314A1EE3F13CE4C9989A5EE3F09
:1032DC00DBA02A42E5ACEE3FE5C5CDB037B7EE3FFB
:1032EC0090F0A38291C4EE3F5D253EB203D5EE3F34
:1032FC00ADD35A999FE8EE3F475EFBF276FFEE3F67
:10330C009C5285DD9B19EF3F6990EFDC2037EF3F36
:10331C0087A4FBDC1858EF3F5F9B7B33977CEF3F18
:10332C00DA90A4A2AFA4EF3F40456E5B76D0EF3F9E
:10333C00000000000000E8429423914BF86AAC3F77
:10334C00F3C4FA50CEBFCE3FD6520CFF422EE63F0E
:10335C000000000000003843FE822B6547154740F3
:10336C009423914BF86ABC3EF3C4FA50CEBF2E3F67
:10337C00D6520CFF422E963F0080E03779C3414372
:10338C00176E05B5B5B89346F5F93FE9034F384DBF
:10339C00321D30F94877825A3CBF737FDD4F15756B
:1033AC00000000000000F03F00000000000024407E
:1033BC0000000000000059400000000000408F4059
:1033CC00000000000088C34000000000006AF840C4
:1033DC000000000080842E4100000000D0126341E8
:1033EC000000000084D797410000000065CDCD415E
:1033FC00000000205FA00242000000E8764837423F
:10340C00000000A2941A6D42000040E59C30A242DC
:10341C000000901EC4BCD64200003426F56B0C4351
:10342C000080E03779C3414300A0D88557347643F8
:10343C0000C84E676DC1AB43003D9160E458E14359
:10344C00408CB5781DAF154450EFE2D6E41A4B44CE
:10345C0092D54D06CFF08044F64AE1C7022DB54413
:10346C00B49DD9794378EA44BEF3F879EC61F63F20
:10347C001930965BC6FEDEBF3D88AF4AED71F53F55
:10348C00A4FCD432680BDBBFB010F0F03995F43FDC
:10349C007BB71F0A8B41D7BF8503B8B095C9F33FE3
:1034AC007BCF6D1AE99DD3BFA564880C190DF33F32
:1034BC0031B6F2F39B1DD0BFA08E0B7B225EF23F88
:1034CC00F07A3B1B1D7CC9BF3F341A4A4ABBF13F03
:1034DC009F3CAF93E3F9C2BFBAE58AF05823F13FA2
:1034EC005C8D78BFCB60B9BFA70099413F95F03F89
:1034FC00CE5F47B69D6FAABF000000000000F03FF2
:10350C000000000000000000AC479AFD8C60EE3F0C
:10351C003DF5249FCA38B33FA06A021FB3A4EC3F09
:10352C00BA913854A976C43FE6FC6A573620EB3F73
:10353C00D2E4C44A0B84CE3F2DAAA163D1C2E93F89
:10354C001C65C6F04506D43FED417803E686E83F9E
:10355C00F89F1B2C9C8ED83F624853F5DC67E73FE5
:10356C00CC7BB14EA4E0DC3F0B6E49C91676D23F42
:10357C007AC675A06919D7BFDDBAA76C0AC7DE3F3A
:10358C00C8F6BE484715E7BF2BB82A654715F73F65
:10359C00000000000000F03F000000000000F0BF41
:1035AC00000000000000F0BF000000000000F03F31
:1035BC0083C8C96D305F6441182D4454FB21F93F19
:1035CC00000000000000F03F1C620CFDFFFFDFBF9D
:1035DC00198F06E15355A53F9D359AE887C056BF14
:1035EC00C3F87B024393F93E03A695595455C5BFC6
:1035FC00C40B23057610813F24CF7437EB9429BF7D
:10360C00000000000000F03F000000000000F0BFD0
:10361C00000000000000F0BF000000000000F03FC0
:10362C0083C8C96D305F6441182D4454FB21F93FA8
:10363C00000000000000F0BF1C620CFDFFFFDF3F2C
:10364C00198F06E15355A5BF9D359AE887C0563FA3
:10365C00C3F87B024393F9BE03A695595455C5BFD5
:10366C00C40B23057610813F24CF7437EB9429BF0C
:10367C000100000001000000020000000200000038
:10368C000400000004000000040000000100000021
:10369C00000000000000000008000000080000000E
:1036AC0008000000000204065C1900200000000065
:1036BC006C190020200000007C1900204000000044
:1036CC008C19002060000000A01900208000000070
:1036DC00B0190020A0000000C0190020C00000009C
:1036EC00D0190020E0000000E419002000010000C7
:1036FC00F419002020010000001A002040010000F5
:10370C000C1A0020600100000020002000000404BE
:10371C000100000004000000010000000200000095
:10372C002000000012000000200000001400000027
:10373C00000000000000000000000000000000007D
:10374C0020000000160000002000000018000000FF
:10375C0020000000220000002000000024000000D7
:10376C000001000054000000000100006E00000089
:10377C00000100009000000000010000B0000000FB
:10378C0000010000D2000000000100002401000034
:10379C00202070726F6D707420646964206E6F7479
:1037AC0020656E636F646500202070726F6D70749D
:1037BC0020746F6F206C6F6E6720666F7220746858
:1037CC00652025642D706F736974696F6E20636159
:1037DC00636865000A202070726F6D70743A202245
:1037EC002573220070726F6D7074206964733A00D7
:1037FC002020666F7277617264206661696C656403
:10380C0020617420737465702025643A2025730040
:10381C005C78253032580000737465702025642064
:10382C00706F732025642066656420256C64202DE0
:10383C003E20746F703120256C6420252E39672052
:10384C00746F703220256C6420252E3967207465C6
:10385C00787420222573220020202020252E31660A
:10386C0020733A20534420252E3166204D42206986
:10387C006E20252E316620732028252E3266204D91
:10388C00422F73292C20505352414D20252E306647
:10389C00204B42207265616420252E3166204B42FC
:1038AC00207772697474656E20696E20252E3266DD
:1038BC0020732C20636F6D7075746520252E316616
:1038CC002073000020203E3E200000000A202041F2
:1038DC004E535745523A20257325730020202564FA
:1038EC0020666F72776172642070617373657320E8
:1038FC00696E20252E306620732C20252E316620F3
:10390C007320656163683B20252E32662047422078
:10391C00726561642066726F6D20746865206361E6
:10392C00726400002020444F4E452E20547970655F
:10393C0020616E6F746865722070726F6D70742088
:10394C00616E6420707265737320456E7465722E9F
:10395C00000000000A3D3D3D3D3D3D3D3D3D3D3DB2
:10396C003D3D3D3D3D3D3D3D3D3D3D3D3D3D3D3D7B
:10397C003D3D3D3D3D3D3D3D3D3D3D3D3D3D3D3D6B
:10398C003D3D3D3D3D3D3D3D3D3D3D3D3D3D3D3D5B
:10399C003D3D3D3D3D3D3D3D3D3D3D3D3D00000002
:1039AC002020707372616D5F6C6C6D202D2D206109
:1039BC002033422D706172616D65746572206C618B
:1039CC006E6775616765206D6F64656C206F6E2026
:1039DC0061205465656E737920342E31000000002F
:1039EC002020776569676874733A20737472656117
:1039FC006D65642066726F6D20746865206D6963F7
:103A0C00726F53442C20657665727920746F6B65E8
:103A1C006E00000020206D656D6F72793A20207465
:103A2C00686520505352414D2062616E6B73202D9E
:103A3C002D20746F6B656E697A65722C206E6F72B7
:103A4C006D732C20617474656E74696F6E20636184
:103A5C0063686500202063707520256C75204D48C7
:103A6C007A0000003D3D3D3D3D3D3D3D3D3D3D3DF4
:103A7C003D3D3D3D3D3D3D3D3D3D3D3D3D3D3D3D6A
:103A8C003D3D3D3D3D3D3D3D3D3D3D3D3D3D3D3D5A
:103A9C003D3D3D3D3D3D3D3D3D3D3D3D3D3D3D3D4A
:103AAC003D3D3D3D3D3D3D3D3D3D3D3D000000002E
:103ABC000A2020505352414D20646973636F766520
:103ACC0072793A2061736B696E6720616C6C20743B
:103ADC00656E2073656C6563747320666F7220610C
:103AEC006E206964656E7469747900006162736537
:103AFC006E74200020202020252D34732025732067
:103B0C0020696420253032582025303258000000BE
:103B1C0050524553454E540020202564206368695B
:103B2C00707320616E737765726564000A20207172
:103B3C0075616C696679696E6720656163683A20A6
:103B4C00717561642066697273742C207468656E7B
:103B5C002073696E676C652D6269742C20636F6EBF
:103B6C006669726D6564206F766572202575206BB1
:103B7C004220666F75722074696D657300000000D9
:103B8C002020202020202020256C752077726F6E3D
:103B9C0067206F766572202575206B42206174203A
:103BAC0077726974652025642072656164202564D0
:103BBC002062757273742025640000002020202080
:103BCC002020252D347320252D31317320777269F7
:103BDC00746520253264207265616420253264206E
:103BEC00627572737420253264207365747570204D
:103BFC00253264202D3E2025352E3266204D422F55
:103C0C0073000000202020202020252D3473206EEE
:103C1C006F2025732073657474696E6720737572D9
:103C2C007669766573202575206B42002020202054
:103C3C00202025733A20256C752077726F6E6720D3
:103C4C006F6E2073746162696C6974792070617332
:103C5C00732025643B206C656176696E67206974FE
:103C6C00206F757400000000202020202020257378
:103C7C003A206E6F7420757361626C6500000000F1
:103C8C000A202070726F76696E672065766572798E
:103C9C0020627974653A2066696C6C20616C6C20CA
:103CAC0025642062616E6B7320282564204D4229A7
:103CBC0020776974682062616E6B2D74616767652B
:103CCC006420646174612C207468656E2072656177
:103CDC006420616C6C206261636B000020202020EA
:103CEC00252D34732066696C6C65642038204D4238
:103CFC0020696E20252E3166207300002020505341
:103D0C0052414D20696E207573653A2025642062FE
:103D1C00616E6B732C20256C752062797465730051
:103D2C006665776572207468616E2074776F2050B9
:103D3C005352414D2062616E6B73207061737365D9
:103D4C00643B2074686520746F6B656E697A65726C
:103D5C0020616C6F6E65206E6565647320382E3340
:103D6C00204D42000A202048414C5445443A20251D
:103D7C00730000000A202053442063617264000029
:103D8C007177656E33622E67677566006E6F2053B0
:103D9C004420636172642C206F7220697420646902
:103DAC0064206E6F7420696E697469616C697365E7
:103DBC0020286275696C742D696E20736C6F742C7D
:103DCC00205344494F290000202020207177656E34
:103DDC0033622E676775663A20256C6C75206279A4
:103DEC00746573007177656E33622E676775662034
:103DFC006E6F7420666F756E64206F6E20746865CC
:103E0C00206361726400000020202020252E316682
:103E1C0020730000202020202564206C61796572BD
:103E2C00732C2064696D2025642C2068696464659A
:103E3C006E2025642C20256420686561647320281D
:103E4C002564206B76292C20686561645F64696D3C
:103E5C002025642C20766F636162756C6172792009
:103E6C0025642C20256C75206D65726765730000C8
:103E7C0020202020252E306620706172616D6574C3
:103E8C0065727320696E207468652066696C6500C4
:103E9C0020202020726561642066726F6D2074682A
:103EAC006520636172642070657220746F6B656E3F
:103EBC003A20256C6C7520627974657300000000E3
:103ECC0020202020505352414D20757365642025CD
:103EDC006C75206F6620256C753A20746F6B656E5F
:103EEC00697A657220256C752C206E6F726D732B40
:103EFC0062696173657320256C752C20617474651F
:103F0C006E74696F6E20636163686520256C752023
:103F1C0028256420706F736974696F6E73290000B3
:103F2C000A20207479706520612070726F6D707436
:103F3C0020616E6420707265737320456E746572B7
:103F4C002077697468696E20333020732C206F726F
:103F5C00207468652064656661756C742072756E7A
:103F6C0073000000546865206361706974616C2093
:103F7C006F66204672616E636520697300000000F5
:103F8C0020202020252D347320252D3131732072D3
:103F9C00656164206261636B2038204D4220696E3C
:103FAC0020252E316620732028252E3266204D4286
:103FBC002F73293A20256C752077726F6E672573E5
:103FCC000000000020202D3E2044524F505045440C
:103FDC000000000053442072656164206661696CC6
:103FEC00656420647572696E6720746865207261FF
:103FFC0074652074657374002020202073657175BE
:10400C00656E7469616C20726561643A203332208C
:10401C004D4220696E20252E32662073203D2025CE
:10402C002E3266204D422F73000000000A20206FB4
:10403C0070656E696E6720746865206D6F64656C61
:10404C003A20746F6B656E697A657220696E746F55
:10405C0020505352414D2C206E6F726D7320616E47
:10406C00642062696173657320696E746F205053AC
:10407C0052414D2C206361636865206C616964203A
:10408C006F757400435330004353310059300000B6
:10409C0059310000593200005933000059340000E6
:1040AC0059350000593600005937000071756164AC
:1040BC000000000073696E676C6520307830330047
:1040CC0073696E676C6520307830420074656E736E
:1040DC006F72207479706520256C7520756E737500
:1040EC0070706F7274656400256C7520636F6C75ED
:1040FC006D6E73206E6F742061206D756C746970B9
:10410C006C65206F6620626C6F636B006C61796507
:10411C007220256420686173206E6F202573000067
:10412C006C617965722025642025732069732025C4
:10413C006C7578256C752C20657870656374656476
:10414C0020256C7578256C75000000006C61796514
:10415C0072202564202573207479706520256C7578
:10416C0020686173206E6F206675736564206B65C3
:10417C00726E656C00000000726F77206F662025F0
:10418C006C75206279746573206F76657220544C5F
:10419C005F524F5742554600505352414D20667561
:1041AC006C6C3A206E65656420256C75206D6F72A1
:1041BC006520627974657320617420256C75206F9D
:1041CC006620256C750000005344207265616420E4
:1041DC006661696C656420617420256C6C7520289F
:1041EC002B256C75290000006D6F64656C20666969
:1041FC006C65207472756E636174656420617420E3
:10420C00256C6C7500000000726F7720776964650F
:10421C0072207468616E2074686520726F772062FA
:10422C007566666572000000736B6970207061734F
:10423C007420656E64206F662066696C65000000F2
:10424C00505352414D2072656164206F75747369CF
:10425C006465207468652073746F72653A20256CF0
:10426C00752B256C75203E20256C750050535241E2
:10427C004D2072656164206661696C6564206174AF
:10428C0020256C7520282B256C7529005053524124
:10429C004D207772697465206F757473696465203D
:1042AC007468652073746F72653A20256C752B25C4
:1042BC006C75203E20256C75000000005053524157
:1042CC004D207772697465206661696C6564206144
:1042DC007420256C7520282B256C75290000000096
:1042EC0073746F72656420737472696E6720256CC9
:1042FC007520746F6F206C6F6E670000736D616C4E
:10430C006C2074656E736F72206F6620256C75203F
:10431C00656C656D656E74732C206578706563745F
:10432C00656420256C750000736D616C6C20746580
:10433C006E736F72207479706520256C75000000A7
:10434C0064657175616E74206F6620736D616C6C41
:10435C002074656E736F7200737472696E672025BA
:10436C006C7520746F6F206C6F6E6700737472695C
:10437C006E67206172726179206F6620256C6C7596
:10438C0020656E74726965730000000062616420C0
:10439C00737472696E6720256C6C7500746F6B6535
:1043AC006E697A657220737472696E6720256C6C05
:1043BC007520697320256C6C752062797465732087
:1043CC00286C696D69742025642900005053524192
:1043DC004D2066756C6C207768696C652073746F02
:1043EC0072696E6720737472696E677300000000E7
:1043FC007C3E00006661696C656400006E6F742021
:10440C006120474755462066696C65007472756E6D
:10441C006361746564206865616465720000000006
:10442C00696D706C61757369626C6520636F756E14
:10443C0074730000626164206B657920617420657F
:10444C006E74727920256C6C7500000062616420BA
:10445C0076616C756520666F722025730000000014
:10446C006261642061727261792068656164657251
:10447C0020666F7220257300746F6B656E697A65A8
:10448C00722E67676D6C2E746F6B656E7300000017
:10449C00746F6B656E697A65722E67676D6C2E6DC5
:1044AC0065726765730000006172726179206F66D6
:1044BC00207479706520256C7520696E2025730039
:1044CC006E6F20746F6B656E697A65722E67676D9F
:1044DC006C2E746F6B656E7300000000626164205B
:1044EC0074656E736F7220256C6C7500626164204C
:1044FC0074656E736F722025730000006261642016
:10450C0064657363726970746F7220666F722025B4
:10451C0073000000746F6B656E5F656D62642E775F
:10452C0065696768740000006F75747075745F6EF0
:10453C006F726D2E77656967687400006F757470A3
:10454C0075742E776569676874000000626C6B2E59
:10455C00000000006C61796572202564206F76651F
:10456C007220544C5F4D41585F4C41594552530099
:10457C00756E737570706F727465642074656E738C
:10458C006F7220257300000067656E6572616C2E7A
:10459C00616C69676E6D656E740000006E6F2067EC
:1045AC00656E6572616C2E617263686974656374A3
:1045BC007572650067656E6572616C2E61726368F9
:1045CC006974656374757265000000007177656EBF
:1045DC00320000006172636869746563747572659A
:1045EC002025733A20746869732072756E74696D36
:1045FC006520696D706C656D656E7473207177657F
:10460C006E32000025732E2573000000626C6F6300
:10461C006B5F636F756E7400656D62656464696E63
:10462C00675F6C656E6774680000000066656564A2
:10463C005F666F72776172645F6C656E6774680039
:10464C00617474656E74696F6E2E686561645F6306
:10465C006F756E7400000000617474656E74696F20
:10466C006E2E686561645F636F756E745F6B760048
:10467C00617474656E74696F6E2E6C617965725FAE
:10468C006E6F726D5F726D735F657073696C6F6E58
:10469C0000000000726F70652E667265715F62615A
:1046AC0073650000696E636F6D706C657465206175
:1046BC007263686974656374757265206D65746185
:1046CC006461746100000000617474656E74696FDC
:1046DC006E2E6B65795F6C656E6774680000000008
:1046EC006578706572745F636F756E74000000009E
:1046FC006D6978747572652D6F662D65787065724D
:10470C007473206973206E6F7420696D706C656DA5
:10471C00656E746564206865726500006D6F646514
:10472C006C207368617065206F766572207468699F
:10473C0073206275696C642773206C696D6974737E
:10474C0020286C61796572732025642064696D2062
:10475C0025642068696464656E2025642068656141
:10476C006473202564206B762025642900000000EA
:10477C006E6F20746F6B656E5F656D62642E77650E
:10478C006967687400000000746F6B656E697A6508
:10479C00722E67676D6C2E626F735F746F6B656ED4
:1047AC005F696400746F6B656E697A65722E6767FA
:1047BC006D6C2E656F735F746F6B656E5F696400F3
:1047CC006E6F206F75747075745F6E6F726D2E776F
:1047DC0065696768740000006174746E5F71000035
:1047EC006174746E5F6B00006174746E5F760000B0
:1047FC006174746E5F6F75747075740066666E5F4D
:10480C00676174650000000066666E5F757000007D
:10481C0066666E5F646F776E000000006C61796590
:10482C007220256420686173206E6F206E6F726D2C
:10483C00730000006F757470757420686561642076
:10484C00697320256C7520776964650068656164FF
:10485C00207479706520256C75000000505352410E
:10486C004D206C65667420666F72207468652063D9
:10487C006163686520686F6C647320256C6C7520AF
:10488C00706F736974696F6E730000006D6F64658F
:10489C006C206E6F74206F70656E0000706F7369A2
:1048AC0074696F6E202564206F757473696465205C
:1048BC00302E2E2564000000746F6B656E2025640D
:1048CC00206F7574736964652074686520766F63F6
:1048DC006162756C61727900656D62656464696EA4
:1048EC0067207479706520256C7500006174746E96
:1048FC005F712E7765696768740000006174746E6F
:10490C005F6B2E7765696768740000006174746E64
:10491C005F762E7765696768740000006174746E49
:10492C005F6F75747075742E7765696768740000B5
:10493C0066666E5F676174652E776569676874007B
:10494C0066666E5F75702E77656967687400000027
:10495C0066666E5F646F776E2E7765696768740044
:10496C006174746E5F6E6F726D2E776569676874B3
:10497C000000000066666E5F6E6F726D2E77656963
:10498C00676874006174746E5F712E626961730084
:10499C006174746E5F6B2E62696173006174746E06
:1049AC005F762E6269617300277300002774000024
:1049BC002772650027766500276D0000276C6C0058
:1049CC002764000045584641540000002E000000AA
:1049DC004C435F434F4C4C41544500004C435F43A8
:1049EC0054595045000000004C435F4D4F4E455408
:1049FC00415259004C435F4E554D455249430000BE
:104A0C004C435F54494D45004C435F4D4553534116
:104A1C004745530042616C6C6F632073756363652B
:104A2C0065646564000000002F646174612F6A6521
:104A3C006E6B696E732F776F726B73706163652F1A
:104A4C00474E552D746F6F6C636861696E2F617280
:104A5C006D2D31352D352F7372632F6E65776C6923
:104A6C00622D63796777696E2F6E65776C69622F3B
:104A7C006C6962632F7374646C69622F6D707265FC
:104A8C00632E6300494E4600696E66004E414E002F
:104A9C006E616E00303132333435363738396162FD
:104AAC0063646566000000003031323334353637CC
:104ABC00383941424344454600000000286E756C6D
:104ACC006C290000300000002C2066756E63746940
:104ADC006F6E3A2000000000617373657274696F29
:104AEC006E2022257322206661696C65643A20660B
:104AFC00696C6520222573222C206C696E6520253B
:104B0C0064257325730A0000496E66696E697479B1
:104B1C00000000004E614E002F646174612F6A65C5
:104B2C006E6B696E732F776F726B73706163652F29
:104B3C00474E552D746F6F6C636861696E2F61728F
:104B4C006D2D31352D352F7372632F6E65776C6932
:104B5C00622D63796777696E2F6E65776C69622F4A
:104B6C006C6962632F7374646C69622F64746F6117
:104B7C002E630000FF007801800143028801870149
:104B8C008C018B01920191019501F601990198011B
:104B9C009A013D029E012002A801A701AD01AC01C2
:104BAC00B001AF01B901B801BD01BC01BF01F701F2
:104BBC00C601C401C901C701CC01CA01DD018E01C6
:104BCC00F301F101F501F4013A02652C3C023B02C0
:104BDC003E02662C420241025302810154028601BC
:104BEC005602890157028A0159028F015B0290011A
:104BFC0060029301630294016802970169029601B5
:104C0C006B02622C6F029C0172029D0175029F0166
:104C1C007D02642C8002A6018302A9018802AE01E8
:104C2C00890244028A02B1018B02B2018C02450254
:104C3C009202B7017B03FD037C03FE037D03FF039C
:104C4C00AC038603C203A303CC038C03CD038E03F6
:104C5C00CE038F03F203F903F803F703FB03FA0304
:104C6C00CF04C0047D1D632C511F591F531F5B1FA4
:104C7C00551F5D1F571F5F1F781FF81F791FF91FE6
:104C8C00B31FBC1FCC1FC31FE51FEC1FFC1FF31F62
:104C9C004E21322184218321612C602C762C752CA1
:104CAC006916000031190000291C00003920000091
:104CBC005924000089280000C92C0000193100007B
:104CCC00A9530000255A0000AD6000003D650000AE
:104CDC00D98A0000A58F000081940000699900001A
:104CEC00719E0000F5A8000045AE000059110000AF
:104CFC005D130000B1400000714E0000BD56000075
:104D0C006537000051390000493B0000B9860000AE
:104D1C0091A4000039B400003182000001BC0000F5
:104D2C0085C100005DCC0000C5D20000D1C40000DC
:104D3C0051D90000E5DC0000A5170000711A000035
:104D4C006D1D000081210000A5250000D92900005F
:104D5C001D2E00007132000005550000855B00001F
:104D6C0011620000A5660000518C0000219100002A
:104D7C0001960000F19A000001A000008DAA00002D
:104D8C00EDAF0000A9440000E94A0000E550000026
:104D9C00311F00005123000081270000C12B0000AF
:104DAC0011300000615200001D590000A55F000089
:104DBC0035640000BD890000898E000065930000F9
:104DCC004D980000559D0000D9A7000029AD0000AA
:104DDC006D470000455D0000793E0000114C00005D
:104DEC00756800000D430000C94500003D490000F6
:104DFC006584000015A20000D1B6000031B200009D
:104E0C0085B90000E9BE000091C90000B5CF0000D3
:104E1C0061C7000019D6000049E100000000000045
:104E2C00010000000200000003000000040000006C
:104E3C00050000000600000007000000080000004C
:104E4C00090000000A0000000B0000000C0000002C
:104E5C000D0000000E000000100000001200000009
:104E6C0014000000180000006100E01AE000E017D8
:104E7C00F800E00700010130320101063901011090
:104E8C004A01012E7901010682010104A0010106EB
:104E9C00B3010104CD010110DE010112F80101285A
:104EAC00220201124602010AAD03DB03B103E01139
:104EBC00C303E009D80301183004E0205004B010FB
:104ECC00600401228A040136C104010ED00401449D
:104EDC006105D026001E0196A01E015A001F08086D
:104EEC00101F0806201F0808301F0808401F08065E
:104EFC00601F0808701F4A02721F5604761F640256
:104F0C007A1F70027C1F7E02801F0808901F080801
:104F1C00A01F0808B01F0802D01F0802E01F0802DB
:104F2C007021F010D024E61A302CD02F672C0106FB
:104F3C00802C0164002D002641FFE01A1C1100207A
:104F4C00241100203011002000000000000000009F
:104F5C007136000019370000F1100000A136000076
:104F6C00CD3600002D370000B536000000000000E3
:104F7C00000000009D4B0100A94B0100A14B01005A
:104F8C00454C0100CD510100FD500100595101006B
:104F9C00F54F0100B54D010005560100CD4A010049
:104FAC00314B01009D520100B94A0100BD4A01007C
:104FBC00C54A0100C94A0100CD4D0100A5530100AD
:104FCC00215401000D4F0100B14A0100C14A0100FA
:104FDC000555010031520100BD4B010000000000DD
:104FEC0000000000596E0100758101007181010003
:104FFC006D81010069810100658101006181010001
:10500C005D8101000000000000000000713600000E
:10501C0019370000F1100000A1360000CD36000059
:10502C002D370000B5360000000000000000000025
:10503C00C9570100CD57010035560100C55B010071
:10504C00F56601002D5F010075430100FD5701005D
:10505C00D9660100DD670100B55F01000D43010059
:10506C0039610100595701006557010029560100AB
:10507C002D56010031560100715701009557010062
:10508C00B9570100455C0100E1570100295A0100A4
:10509C00915C0100515D010000000000F410002043
:1050AC0001000000F810002002000000FC1000209D
:1050BC000201000000110020020200000411002077
:1050CC000203000008110020020400000C11002053
:1050DC00020500001011002002060000141100202F
:1050EC00020700001811002000100000D8399D277D
:1050FC000054EA2A00A4781F007B9A17A200000033
:10510C00F9A2000083F9A2006E83F9A24E6E83F916
:10511C00444E6E8315444E6E2915444EFC2915449D
:10512C0027FC29155727FC29D15727FCF5D15727E0
:10513C0034F5D157DD34F5D1C0DD34F5DBC0DD34C9
:10514C0062DBC0DD9562DBC0999562DB3C999562B0
:10515C00433C999590433C994190433C002020203E
:10516C00202020202020282828282820202020200B
:10517C0020202020202020202020202020881010DB
:10518C001010101010101010101010101004040437
:10519C0004040404040404101010101010104141F5
:1051AC0041414141010101010101010101010101E3
:1051BC0001010101010101011010101010104242F7
:1051CC0042424242020202020202020202020202B3
:1051DC000202020202020202101010102000000053
:1051EC0000000000000000000000000000000000B3
:1051FC0000000000000000000000000000000000A3
:10520C000000000000000000000000000000000092
:10521C000000000000000000000000000000000082
:10522C000000000000000000000000000000000072
:10523C000000000000000000000000000000000062
:10524C000000000000000000000000000000000052
:10525C000000000000000000000000000000000042
:10526C002020202020202020202020202020202032
:10527C002020202020202020202020202020202022
:10528C00181A00201C1A0020201A0020241A0020B2
:10529C00281A00202C1A0020301A0020000000428E
:1052AC00C8801F40B8821F40080000000000004268
:1052BC00C4801F40B4821F400400000000C00042A4
:1052CC0024801F4014821F401000000000C00042C8
:1052DC0028801F4018821F402000000000C00042A0
:1052EC002C801F401C821F404000000000C0004268
:1052FC0034801F4024821F40000100000040004207
:10530C0064811F4054831F40000400000040004291
:10531C0080811F4070831F4000000200004000424B
:10532C007C811F406C831F40000001000040004244
:10533C0068811F4058831F40000800000040004255
:10534C003C811F402C831F400100000000400042A4
:10535C0044811F4034831F40040000000040004281
:10536C0040811F4030831F4002000000004000427B
:10537C0048811F4038831F40080000000000004295
:10538C0004811F40F4821F40000004000000004212
:10539C0008811F40F8821F400000080000000042F6
:1053AC0018811F4008831F4000008000000000424D
:1053BC0014811F4004831F40000040000000004285
:1053CC0000811F40F0821F400000020000000042DC
:1053DC00FC801F40EC821F400000010000000042D6
:1053EC0024811F4014831F40000000040000004271
:1053FC0028811F4018831F40000000080000004255
:10540C001C811F400C831F40000000010000004263
:10541C0020811F4010831F4000000002000000424A
:10542C00EC801F40DC821F40001000000000004296
:10543C00F0801F40E0821F4000200000000000426E
:10544C0034811F4024831F400000004000000042B4
:10545C0038811F4028831F400000008000800042DC
:10546C0094801F4084821F400000040000C0004252
:10547C0090801F4080821F4000000080008000420E
:10548C00A8801F4098821F400000800000800042CE
:10549C00A4801F4094821F40000040000040004246
:1054AC006C811F405C831F400010000000C0004254
:1054BC0030801F4020821F408000000000400042CE
:1054CC00B0811F40A0831F4000000020004000421C
:1054DC00AC811F409C831F40000000100040004224
:1054EC0084811F4074831F40000004000040004270
:1054FC0088811F4078831F40000008000000004294
:10550C002C811F401C831F40000000100000004233
:10551C0030811F4020831F4000000020000000420B
:10552C000C811F40FC821F40000010000000004254
:10553C0010811F4000831F400000200000800042AB
:10554C00C8811F40B8831F400080000000800042CB
:10555C00C4811F40B4831F40004000000080004203
:10556C00C0811F40B0831F4000200000008000421B
:10557C00BC811F40AC831F40001000000080004223
:10558C00D0811F40C0831F400000020000800042F9
:10559C00CC811F40BC831F400000010000C00042B2
:1055AC0074801F4064821F400000000100C0004254
:1055BC0080801F4070821F400000000800C0004225
:1055CC0084801F4074821F400000001000C0004205
:1055DC006C801F405C821F400000400000C00042F5
:1055EC007C801F406C821F400000000400C0004201
:1055FC0078801F4068821F400000000200C00042FB
:10560C0088801F4078821F400000002005000000A9
:10561C00190000007D00000000010000DC2F0020BC
:10562C001200000000060000F41E00600A000000DA
:10563C0000020000901E00606200000000070000E5
:10564C002C1E006062000000EE03000018300020E9
:10565C0012000000000004EEF02F002028000000D3
:10566C0000030000281E0060000000000103090474
:10567C00101E00600000000002030904F81D006009
:10568C0000000000030309042C300020000000007F
:10569C00000000000000000000000000303030303E
:1056AC0030303030303030303030303030303030EE
:1056BC00303030303030303030303030000000009E
:1056CC0000000000000000003027002030270020E0
:1056DC0038270020382700204027002040270020B2
:1056EC004827002048270020502700205027002062
:1056FC005827002058270020602700206027002012
:10570C0068270020682700207027002070270020C1
:10571C007827002078270020802700208027002071
:10572C008827002088270020902700209027002021
:10573C009827002098270020A0270020A0270020D1
:10574C00A8270020A8270020B0270020B027002081
:10575C00B8270020B8270020C0270020C027002031
:10576C00C8270020C8270020D0270020D0270020E1
:10577C00D8270020D8270020E0270020E027002091
:10578C00E8270020E8270020F0270020F027002041
:10579C00F8270020F82700200028002000280020EF
:1057AC00082800200828002010280020102800209D
:1057BC00182800201828002020280020202800204D
:1057CC0028280020282800203028002030280020FD
:1057DC0038280020382800204028002040280020AD
:1057EC00482800204828002050280020502800205D
:1057FC00582800205828002060280020602800200D
:10580C0068280020682800207028002070280020BC
:10581C00782800207828002080280020802800206C
:10582C00882800208828002090280020902800201C
:10583C009828002098280020A0280020A0280020CC
:10584C00A8280020A8280020B0280020B02800207C
:10585C00B8280020B8280020C0280020C02800202C
:10586C00C8280020C8280020D0280020D0280020DC
:10587C00D8280020D8280020E0280020E02800208C
:10588C00E8280020E8280020F0280020F02800203C
:10589C00F8280020F82800200029002000290020EA
:1058AC000829002008290020102900201029002098
:1058BC001829002018290020202900202029002048
:1058CC0028290020282900203029002030290020F8
:1058DC0038290020382900204029002040290020A8
:1058EC004829002048290020502900205029002058
:1058FC005829002058290020602900206029002008
:10590C0068290020682900207029002070290020B7
:10591C007829002078290020802900208029002067
:10592C008829002088290020902900209029002017
:10593C009829002098290020A0290020A0290020C7
:10594C00A8290020A8290020B0290020B029002077
:10595C00B8290020B8290020C0290020C029002027
:10596C00C8290020C8290020D0290020D0290020D7
:10597C00D8290020D8290020E0290020E029002087
:10598C00E8290020E8290020F0290020F029002037
:10599C00F8290020F8290020002A0020002A0020E5
:1059AC00082A0020082A0020102A0020102A002093
:1059BC00182A0020182A0020202A0020202A002043
:1059CC00282A0020282A0020302A0020302A0020F3
:1059DC00382A0020382A0020402A0020402A0020A3
:1059EC00482A0020482A0020502A0020502A002053
:1059FC00582A0020582A0020602A0020602A002003
:105A0C00682A0020682A0020702A0020702A0020B2
:105A1C00782A0020782A0020802A0020802A002062
:105A2C00882A0020882A0020902A0020902A002012
:105A3C00982A0020982A0020A02A0020A02A0020C2
:105A4C00A82A0020A82A0020B02A0020B02A002072
:105A5C00B82A0020B82A0020C02A0020C02A002022
:105A6C00C82A0020C82A0020D02A0020D02A0020D2
:105A7C00D82A0020D82A0020E02A0020E02A002082
:105A8C00E82A0020E82A0020F02A0020F02A002032
:105A9C00F82A0020F82A0020002B0020002B0020E0
:105AAC00082B0020082B0020102B0020102B00208E
:105ABC00182B0020182B0020202B0020202B00203E
:105ACC00282B0020282B00200000000004D20220EC
:105ADC006CD20220D4D20220000000000000000092
:105AEC0000000000000000000000000000000000AA
:105AFC00000000000000000000000000000000009A
:105B0C000000000000000000000000000000000089
:105B1C000000000000000000000000000000000079
:105B2C000000000000000000000000000000000069
:105B3C000000000000000000000000000000000059
:105B4C000000000000000000000000000000000049
:105B5C000000000000000000000000000000000039
:105B6C0001000000000000000E33CDAB34126DE6D6
:105B7C00ECDE05000B00000000000000000000003F
:105B8C000000000000000000000000000000000009
:105B9C0000000000000000000000000000000000F9
:105BAC0000000000000000000000000000000000E9
:105BBC0000000000000000000000000000000000D9
:105BCC0000000000000000000000000000000000C9
:105BDC0000000000000000000000000000000000B9
:105BEC0000000000000000000000000000000000A9
:105BFC000000000000000000000000000000000099
:105C0C000000000000000000000000000000000088
:105C1C000000000000000000000000000000000078
:105C2C000000000000000000000000000000000068
:105C3C000000000000000000000000000000000058
:105C4C000000000000000000000000000000000048
:105C5C000000000000000000000000000000000038
:105C6C000000000000000000000000000000000028
:105C7C000000000000000000000000000000000018
:105C8C000000000000000000000000000000000008
:105C9C0000000000000000000000000000000000F8
:105CAC0000000000000000000000000000000000E8
:105CBC0000000000000000000000000000000000D8
:105CCC0000000000000000000029DE07007B9A178E
:105CDC005420002000000000E80300000000000039
:105CEC00200000000000000106000000FFFFFFFF85
:105CFC0008000000C4D1022080882520000000008C
:105D0C004300000000000000000000000000000044
:105D1C000000000000000000000000000000000077
:105D2C004300000000000000000000000000000024
:105D3C000000000000000000000000000000000057
:105D4C004300000000000000000000000000000004
:105D5C000000000000000000000000000000000037
:105D6C0043000000000000000000000000000000E4
:105D7C000000000000000000000000000000000017
:105D8C0043000000000000000000000000000000C4
:105D9C0000000000000000000000000000000000F7
:105DAC0043000000000000000000000000000000A4
:105DBC0000000000000000000000000000000000D7
:105DCC004300000000000000000000000000000084
:105DDC0000000000000000000000000000000000B7
:105DEC004300000000000000000000000000000064
:105DFC000000000000000000000000000000000097
:105E0C000000000000000000000000000000000086
:105E1C000000000000000000000000000000000076
:105E2C000000000000000000000000000000000066
:105E3C000000000000000000000000000000000056
:105E4C000000000000000000000000000000000046
:105E5C000000000000000000000000000000000036
:105E6C000000000000000000000000000000000026
:105E7C000000000000000000000000000000000016
:105E8C000000000000000000000000000000000006
:105E9C0000000000000000000000000000000000F6
:105EAC0000000000000000000000000000000000E6
:105EBC0000000000000000000000000000000000D6
:105ECC00000000000000000035C2010021BA0100F2
:105EDC0000000000CC2100203C1A0020441B0020B4
:105EEC00441B0020441B0020441B0020441B0020AA
:105EFC00441B0020441B0020441B0020441B00209A
:105F0C00FFFFFFFFFFFFFFFFFFFFFFFFFFFF000093
:105F1C00010041534349490000000000000000000B
:105F2C000000000000000000000000000000000065
:105F3C0000004153434949000000000000000000EC
:105F4C000000000000000000000000000000000045
:105F5C0000000000FFFFFFFF000002000000000037
:105F6C000300000004D20220382B00201201000292
:105F7C00EF020140C01683048002010203010000FD
:105F8C0028000000000104000100000000000000D7
:105F9C00020157494E55534200000000000000001A
:105FAC00000000000000000012034D0053004600EA
:105FBC005400310030003000F80000000C030000E9
:105FCC0000000000000000000000000000000000C5
:105FDC000000290402000000000000000000000086
:105FEC0000000000000000000000000000000000A5
:105FFC000000000000000000000000000000000095
:10600C000000000000000000000000000000000084
:10601C000000000000000000000000000000000074
:10602C000000000000000000000000000000000064
:10603C000000000000000000000000000000000054
:10604C000000000000000000000000000000000044
:10605C000000000000000000000000000000000034
:10606C000000000000000000000000000000000024
:10607C000000000000000000000000000000000014
:10608C000000000000000000000000000000000004
:10609C0000000000000000000000000000000000F4
:1060AC0000000000000000000000000000000000E4
:1060BC0000000000000000000000000000000000D4
:1060CC0000000000000000000000000000000000C4
:1060DC0000000000000000000000000000000000B4
:1060EC0000000000000000000000000000000000A4
:1060FC000000000000000000000000000000000094
:10610C000000000000000000000000000000000083
:10611C000000000000000000000000000000000073
:10612C000000000000000000000000000000000063
:10613C000000000000000000000000000000000053
:10614C000000000000000000000000000000000043
:10615C000000000000000000000000000000000033
:10616C000000000000000000000000000000000023
:10617C000000000000000000000000000000000013
:10618C000000000000000000000000000000000003
:10619C0000000000000000000000000000000000F3
:1061AC0000000000000000000000000000000000E3
:1061BC0000000000000000000000000000000000D3
:1061CC0000000000000000000000000000000000C3
:1061DC0000000000000000000000000000000000B3
:1061EC0000000000000000000000000000000000A3
:1061FC000000000000000000000000000000000093
:10620C000000000000000000000000000000000082
:10621C000000000000000000000000000000000072
:10622C000000000000000000000000000000000062
:10623C000000000000000000000000000000000052
:10624C000000000000000000000000000000000042
:10625C000000000000000000000000000000000032
:10626C000000000000000000000000000000000022
:10627C000000000000000000000000000000000012
:10628C000000000000000000000000000000000002
:10629C0000000000000000000000000000000000F2
:1062AC0000000000000000000000000000000000E2
:1062BC0000000000000000000000000000000000D2
:1062CC0000000000000000000000000000000000C2
:1062DC0000000000000000000000000000000000B2
:1062EC0000000000000000000000000000000000A2
:1062FC000000000000000000000000000000000092
:10630C000000000000000000000000000000000081
:10631C000000000000000000000000000000000071
:10632C000000000000000000000000000000000061
:10633C000000000000000000000000000000000051
:10634C000000000000000000000000000000000041
:10635C000000000000000000000000000000000031
:10636C000000000000000000000000000000000021
:10637C000000000000000000000000000000000011
:10638C000000000000000000000000000000000001
:10639C0000000000000000000000000000000000F1
:1063AC0000000000000000000000000000000000E1
:1063BC0000000000000000000000000000000000D1
:1063CC0000000000000000000000000000000000C1
:1063DC0000000000000000000000000000000000B1
:1063EC0000000000000000000000000000000000A1
:1063FC000000000000000000000000000000000091
:10640C000000000000000000000000000000000080
:10641C000000000000000000000000000000000070
:10642C000000000000000000000000000000000060
:10643C000000000000000000000000000000000050
:10644C000000000000000000000000000000000040
:10645C000000000000000000000000000000000030
:10646C000000000000000000000000000000000020
:10647C000000000000000000000000000000000010
:10648C000000000000000000000000000000000000
:10649C0000000000000000000000000000000000F0
:1064AC0000000000000000000000000000000000E0
:1064BC0000000000000000000000000000000000D0
:1064CC0000000000000000000000000000000000C0
:1064DC0000000000000000000000000000000000B0
:1064EC0000000000000000000000000000000000A0
:1064FC000000000000000000000000000000000090
:10650C00000000000000000000000000000000007F
:10651C00000000000000000000000000000000006F
:10652C00000000000000000000000000000000005F
:10653C00000000000000000000000000000000004F
:10654C00000000000000000000000000000000003F
:10655C00000000000000000000000000000000002F
:10656C00000000000000000000000000000000001F
:10657C00000000000000000000000000000000000F
:10658C0000000000000000000000000000000000FF
:10659C0000000000000000000000000000000000EF
:1065AC0000000000000000000000000000000000DF
:1065BC0000000000000000000000000000000000CF
:1065CC0000000000000000000000000000000000BF
:1065DC0000000000000000000000000000000000AF
:1065EC00000000000000000000000000000000009F
:1065FC00000000000000000000000000000000008F
:10660C00000000000000000000000000000000007E
:10661C00000000000000000000000000000000006E
:10662C00000000000000000000000000000000005E
:10663C00000000000000000000000000000000004E
:10664C00000000000000000000000000000000003E
:10665C00FFFFFFFFFFFFFFFFFFFFFFFFFFFFFFFF3E
:10666C00FFFFFFFFFFFFFFFFFFFFFFFFFFFFFFFF2E
:10667C00FFFFFFFFFFFFFFFFFFFFFFFFFFFFFFFF1E
:10668C00FFFFFFFFFFFFFFFFFFFFFFFFFFFFFFFF0E
:10669C00FFFFFFFFFFFFFFFFFFFFFFFFFFFFFFFFFE
:1066AC00FFFFFFFFFFFFFFFFFFFFFFFFFFFFFFFFEE
:1066BC00FFFFFFFFFFFFFFFFFFFFFFFFFFFFFFFFDE
:1066CC00FFFFFFFFFFFFFFFFFFFFFFFFFFFFFFFFCE
:1066DC00FFFFFFFFFFFFFFFFFFFFFFFFFFFFFFFFBE
:1066EC00FFFFFFFFFFFFFFFFFFFFFFFFFFFFFFFFAE
:1066FC00FFFFFFFFFFFFFFFFFFFFFFFFFFFFFFFF9E
:10670C00FFFFFFFFFFFFFFFFFFFFFFFFFFFFFFFF8D
:10671C00FFFFFFFFFFFFFFFFFFFFFFFFFFFFFFFF7D
:10672C00FFFFFFFFFFFFFFFFFFFFFFFFFFFFFFFF6D
:10673C00FFFFFFFFFFFFFFFFFFFFFFFFFFFFFFFF5D
:10674C00FFFFFFFFFFFFFFFFFFFFFFFFFFFFFFFF4D
:10675C00FFFFFFFFFFFFFFFFFFFFFFFFFFFFFFFF3D
:10676C00FFFFFFFFFFFFFFFFFFFFFFFFFFFFFFFF2D
:10677C00FFFFFFFFFFFFFFFFFFFFFFFFFFFFFFFF1D
:10678C00FFFFFFFFFFFFFFFFFFFFFFFFFFFFFFFF0D
:10679C00FFFFFFFFFFFFFFFFFFFFFFFFFFFFFFFFFD
:1067AC00FFFFFFFFFFFFFFFFFFFFFFFFFFFFFFFFED
:1067BC00FFFFFFFFFFFFFFFFFFFFFFFFFFFFFFFFDD
:1067CC00FFFFFFFFFFFFFFFFFFFFFFFFFFFFFFFFCD
:1067DC00FFFFFFFFFFFFFFFFFFFFFFFFFFFFFFFFBD
:1067EC00FFFFFFFFFFFFFFFFFFFFFFFFFFFFFFFFAD
:1067FC00FFFFFFFF00000000000000000000000091
:10680C00000000000000000000000000000000007C
:10681C00000000000000000000000000000000006C
:10682C00000000000000000000000000000000005C
:10683C00000000000000000000000000000000004C
:10684C00000000000000000000000000000000003C
:10685C00000000000000000000000000000000002C
:10686C00000000000000000000000000000000001C
:10687C00000000000000000000000000000000000C
:10688C0000000000000000000000000000000000FC
:10689C0000000000000000000000000000000000EC
:1068AC0000000000000000000000000000000000DC
:1068BC0000000000000000000000000000000000CC
:1068CC0000000000000000000000000000000000BC
:1068DC0000000000000000000000000000000000AC
:1068EC00000000000000000000000000000000009C
:1068FC00000000000000000000000000000000008C
:10690C00000000000000000000000000000000007B
:10691C00000000000000000000000000000000006B
:10692C00000000000000000000000000000000005B
:10693C00000000000000000000000000000000004B
:10694C00000000000000000000000000000000003B
:10695C00000000000000000000000000000000002B
:10696C00000000000000000000000000000000001B
:10697C00000000000000000000000000000000000B
:10698C0000000000000000000000000000000000FB
:10699C0000000000000000000000000000000000EB
:1069AC0000000000000000000000000000000000DB
:1069BC0000000000000000000000000000000000CB
:1069CC0000000000000000000000000000000000BB
:1069DC0000000000000000000000000000000000AB
:1069EC00000000000000000000000000000000009B
:1069FC00000000000000000000000000000000008B
:106A0C00000000000000000000000000000000007A
:106A1C00000000000000000000000000000000006A
:106A2C00000000000000000000000000000000005A
:106A3C00000000000000000000000000000000004A
:106A4C00000000000000000000000000000000003A
:106A5C00000000000000000000000000000000002A
:106A6C00000000000000000000000000000000001A
:106A7C00000000000000000000000000000000000A
:106A8C0000000000000000000000000000000000FA
:106A9C0000000000000000000000000000000000EA
:106AAC0000000000000000000000000000000000DA
:106ABC0000000000000000000000000000000000CA
:106ACC0000000000000000000000000000000000BA
:106ADC0000000000000000000000000000000000AA
:106AEC00000000000000000000000000000000009A
:106AFC00000000000000000000000000000000008A
:106B0C000000000000000000000000000000000079
:106B1C000000000000000000000000000000000069
:106B2C000000000000000000000000000000000059
:106B3C000000000000000000000000000000000049
:106B4C000000000000000000000000000000000039
:106B5C000000000000000000000000000000000029
:106B6C000000000000000000000000000000000019
:106B7C000000000000000000000000000000000009
:106B8C0000000000000000000000000000000000F9
:106B9C0000000000000000000000000000000000E9
:106BAC0000000000000000000000000000000000D9
:106BBC0000000000000000000000000000000000C9
:106BCC0000000000000000000000000000000000B9
:106BDC0000000000000000000000000000000000A9
:106BEC000000000000000000000000000000000099
:106BFC000000000000000000000000000000000089
:106C0C000000000000000000000000000000000078
:106C1C000000000000000000000000000000000068
:106C2C000000000000000000000000000000000058
:106C3C000000000000000000000000000000000048
:106C4C000000000000000000000000000000000038
:106C5C000000000000000000000000000000000028
:106C6C000000000000000000000000000000000018
:106C7C000000000000000000000000000000000008
:106C8C0000000000000000000000000000000000F8
:106C9C0000000000000000000000000000000000E8
:106CAC0000000000000000000000000000000000D8
:106CBC0000000000000000000000000000000000C8
:106CCC0000000000000000000000000000000000B8
:106CDC0000000000000000000000000000000000A8
:106CEC000000000000000000000000000000000098
:106CFC000000000000000000000000000000000088
:106D0C000000000000000000000000000000000077
:106D1C000000000000000000000000000000000067
:106D2C000000000000000000000000000000000057
:106D3C000000000000000000000000000000000047
:106D4C000000000000000000000000000000000037
:106D5C000000000000000000000000000000000027
:106D6C000000000000000000000000000000000017
:106D7C000000000000000000000000000000000007
:106D8C0000000000000000000000000000000000F7
:106D9C0000000000000000000000000000000000E7
:106DAC0000000000000000000000000000000000D7
:106DBC0000000000000000000000000000000000C7
:106DCC0000000000000000000000000000000000B7
:106DDC0000000000000000000000000000000000A7
:106DEC000000000000000000000000000000000097
:106DFC000000000000000000000000000000000087
:106E0C000000000000000000000000000000000076
:106E1C000000000000000000000000000000000066
:106E2C000000000000000000000000000000000056
:106E3C000000000000000000000000000000000046
:106E4C000000000000000000000000000000000036
:106E5C000000000000000000000000000000000026
:106E6C000000000000000000000000000000000016
:106E7C000000000000000000000000000000000006
:106E8C0000000000000000000000000000000000F6
:106E9C0000000000000000000000000000000000E6
:106EAC0000000000000000000000000000000000D6
:106EBC0000000000000000000000000000000000C6
:106ECC0000000000000000000000000000000000B6
:106EDC0000000000000000000000000000000000A6
:106EEC000000000000000000000000000000000096
:106EFC000000000000000000000000000000000086
:106F0C000000000000000000000000000000000075
:106F1C000000000000000000000000000000000065
:106F2C000000000000000000000000000000000055
:106F3C000000000000000000000000000000000045
:106F4C000000000000000000000000000000000035
:106F5C000000000000000000000000000000000025
:106F6C000000000000000000000000000000000015
:106F7C000000000000000000000000000000000005
:106F8C0000000000000000000000000000000000F5
:106F9C0000000000000000000000000000000000E5
:106FAC0000000000000000000000000000000000D5
:106FBC0000000000000000000000000000000000C5
:106FCC0000000000000000000000000000000000B5
:106FDC0000000000000000000000000000000000A5
:106FEC000000000000000000000000000000000095
:106FFC000000000000000000000000000000000085
:10700C000000000000000000000000000000000074
:10701C000000000000000000000000000000000064
:10702C000000000000000000000000000000000054
:10703C000000000000000000000000000000000044
:10704C000000000000000000000000000000000034
:10705C000000000000000000000000000000000024
:10706C000000000000000000000000000000000014
:10707C000000000000000000000000000000000004
:10708C0000000000000000000000000000000000F4
:10709C0000000000000000000000000000000000E4
:1070AC0000000000000000000000000000000000D4
:1070BC0000000000000000000000000000000000C4
:1070CC0000000000000000000000000000000000B4
:1070DC0000000000000000000000000000000000A4
:1070EC000000000000000000000000000000000094
:1070FC000000000000000000000000000000000084
:10710C000000000000000000000000000000000073
:10711C000000000000000000000000000000000063
:10712C000000000000000000000000000000000053
:10713C000000000000000000000000000000000043
:10714C000000000000000000000000000000000033
:10715C000000000000000000000000000000000023
:10716C000000000000000000000000000000000013
:10717C000000000000000000000000000000000003
:10718C0000000000000000000000000000000000F3
:10719C0000000000000000000000000000000000E3
:1071AC0000000000000000000000000000000000D3
:1071BC0000000000000000000000000000000000C3
:1071CC0000000000000000000000000000000000B3
:1071DC0000000000000000000000000000000000A3
:1071EC000000000000000000000000000000000093
:1071FC000000000000000000000000000000000083
:10720C000000000000000000000000000000000072
:10721C000000000000000000000000000000000062
:10722C000000000000000000000000000000000052
:10723C000000000000000000000000000000000042
:10724C000000000000000000000000000000000032
:10725C000000000000000000000000000000000022
:10726C000000000000000000000000000000000012
:10727C000000000000000000000000000000000002
:10728C0000000000000000000000000000000000F2
:10729C0000000000000000000000000000000000E2
:1072AC0000000000000000000000000000000000D2
:1072BC0000000000000000000000000000000000C2
:1072CC0000000000000000000000000000000000B2
:1072DC0000000000000000000000000000000000A2
:1072EC000000000000000000000000000000000092
:1072FC000000000000000000000000000000000082
:10730C000000000000000000000000000000000071
:10731C000000000000000000000000000000000061
:10732C000000000000000000000000000000000051
:10733C000000000000000000000000000000000041
:10734C000000000000000000000000000000000031
:10735C000000000000000000000000000000000021
:10736C000000000000000000000000000000000011
:10737C000000000000000000000000000000000001
:10738C0000000000000000000000000000000000F1
:10739C0000000000000000000000000000000000E1
:1073AC0000000000000000000000000000000000D1
:1073BC0000000000000000000000000000000000C1
:1073CC0000000000000000000000000000000000B1
:1073DC0000000000000000000000000000000000A1
:1073EC000000000000000000000000000000000091
:0473FC00000000008D
:040000056000100087
:00000001FF
