:0200000460009A
:100000004643464200000156000000000101020084
:1000100000000000000000000000000000000000E0
:1000200000000000000000000000000000000000D0
:1000300000000000000000000000000000000000C0
:1000400000000000010406010000000000000000A4
:100050000000800000000000000000000000000020
:100060000000000000000000000000000000000090
:100070000000000000000000000000000000000080
:10008000EB04180AFF1E04320126000000000000E5
:100090000000000000000000000000000000000060
:1000A0000000000000000000000000000000000050
:1000B0000000000000000000000000000000000040
:1000C0000000000000000000000000000000000030
:1000D0000000000000000000000000000000000020
:1000E0000000000000000000000000000000000010
:1000F0000000000000000000000000000000000000
:1001000000000000000000000000000000000000EF
:1001100000000000000000000000000000000000DF
:1001200000000000000000000000000000000000CF
:1001300000000000000000000000000000000000BF
:1001400000000000000000000000000000000000AF
:10015000000000000000000000000000000000009F
:10016000000000000000000000000000000000008F
:10017000000000000000000000000000000000007F
:10018000000000000000000000000000000000006F
:10019000000000000000000000000000000000005F
:1001A000000000000000000000000000000000004F
:1001B000000000000000000000000000000000003F
:1001C000000100000010000001000000000000001D
:1001D000000001000000000000000000000000001E
:1001E000000000000000000000000000000000000F
:1001F00000000000000000000000000000000000FF
:10020000FFFFFFFFFFFFFFFFFFFFFFFFFFFFFFFFFE
:10021000FFFFFFFFFFFFFFFFFFFFFFFFFFFFFFFFEE
:10022000FFFFFFFFFFFFFFFFFFFFFFFFFFFFFFFFDE
:10023000FFFFFFFFFFFFFFFFFFFFFFFFFFFFFFFFCE
:10024000FFFFFFFFFFFFFFFFFFFFFFFFFFFFFFFFBE
:10025000FFFFFFFFFFFFFFFFFFFFFFFFFFFFFFFFAE
:10026000FFFFFFFFFFFFFFFFFFFFFFFFFFFFFFFF9E
:10027000FFFFFFFFFFFFFFFFFFFFFFFFFFFFFFFF8E
:10028000FFFFFFFFFFFFFFFFFFFFFFFFFFFFFFFF7E
:10029000FFFFFFFFFFFFFFFFFFFFFFFFFFFFFFFF6E
:1002A000FFFFFFFFFFFFFFFFFFFFFFFFFFFFFFFF5E
:1002B000FFFFFFFFFFFFFFFFFFFFFFFFFFFFFFFF4E
:1002C000FFFFFFFFFFFFFFFFFFFFFFFFFFFFFFFF3E
:1002D000FFFFFFFFFFFFFFFFFFFFFFFFFFFFFFFF2E
:1002E000FFFFFFFFFFFFFFFFFFFFFFFFFFFFFFFF1E
:1002F000FFFFFFFFFFFFFFFFFFFFFFFFFFFFFFFF0E
:10030000FFFFFFFFFFFFFFFFFFFFFFFFFFFFFFFFFD
:10031000FFFFFFFFFFFFFFFFFFFFFFFFFFFFFFFFED
:10032000FFFFFFFFFFFFFFFFFFFFFFFFFFFFFFFFDD
:10033000FFFFFFFFFFFFFFFFFFFFFFFFFFFFFFFFCD
:10034000FFFFFFFFFFFFFFFFFFFFFFFFFFFFFFFFBD
:10035000FFFFFFFFFFFFFFFFFFFFFFFFFFFFFFFFAD
:10036000FFFFFFFFFFFFFFFFFFFFFFFFFFFFFFFF9D
:10037000FFFFFFFFFFFFFFFFFFFFFFFFFFFFFFFF8D
:10038000FFFFFFFFFFFFFFFFFFFFFFFFFFFFFFFF7D
:10039000FFFFFFFFFFFFFFFFFFFFFFFFFFFFFFFF6D
:1003A000FFFFFFFFFFFFFFFFFFFFFFFFFFFFFFFF5D
:1003B000FFFFFFFFFFFFFFFFFFFFFFFFFFFFFFFF4D
:1003C000FFFFFFFFFFFFFFFFFFFFFFFFFFFFFFFF3D
:1003D000FFFFFFFFFFFFFFFFFFFFFFFFFFFFFFFF2D
:1003E000FFFFFFFFFFFFFFFFFFFFFFFFFFFFFFFF1D
:1003F000FFFFFFFFFFFFFFFFFFFFFFFFFFFFFFFF0D
:10040000FFFFFFFFFFFFFFFFFFFFFFFFFFFFFFFFFC
:10041000FFFFFFFFFFFFFFFFFFFFFFFFFFFFFFFFEC
:10042000FFFFFFFFFFFFFFFFFFFFFFFFFFFFFFFFDC
:10043000FFFFFFFFFFFFFFFFFFFFFFFFFFFFFFFFCC
:10044000FFFFFFFFFFFFFFFFFFFFFFFFFFFFFFFFBC
:10045000FFFFFFFFFFFFFFFFFFFFFFFFFFFFFFFFAC
:10046000FFFFFFFFFFFFFFFFFFFFFFFFFFFFFFFF9C
:10047000FFFFFFFFFFFFFFFFFFFFFFFFFFFFFFFF8C
:10048000FFFFFFFFFFFFFFFFFFFFFFFFFFFFFFFF7C
:10049000FFFFFFFFFFFFFFFFFFFFFFFFFFFFFFFF6C
:1004A000FFFFFFFFFFFFFFFFFFFFFFFFFFFFFFFF5C
:1004B000FFFFFFFFFFFFFFFFFFFFFFFFFFFFFFFF4C
:1004C000FFFFFFFFFFFFFFFFFFFFFFFFFFFFFFFF3C
:1004D000FFFFFFFFFFFFFFFFFFFFFFFFFFFFFFFF2C
:1004E000FFFFFFFFFFFFFFFFFFFFFFFFFFFFFFFF1C
:1004F000FFFFFFFFFFFFFFFFFFFFFFFFFFFFFFFF0C
:10050000FFFFFFFFFFFFFFFFFFFFFFFFFFFFFFFFFB
:10051000FFFFFFFFFFFFFFFFFFFFFFFFFFFFFFFFEB
:10052000FFFFFFFFFFFFFFFFFFFFFFFFFFFFFFFFDB
:10053000FFFFFFFFFFFFFFFFFFFFFFFFFFFFFFFFCB
:10054000FFFFFFFFFFFFFFFFFFFFFFFFFFFFFFFFBB
:10055000FFFFFFFFFFFFFFFFFFFFFFFFFFFFFFFFAB
:10056000FFFFFFFFFFFFFFFFFFFFFFFFFFFFFFFF9B
:10057000FFFFFFFFFFFFFFFFFFFFFFFFFFFFFFFF8B
:10058000FFFFFFFFFFFFFFFFFFFFFFFFFFFFFFFF7B
:10059000FFFFFFFFFFFFFFFFFFFFFFFFFFFFFFFF6B
:1005A000FFFFFFFFFFFFFFFFFFFFFFFFFFFFFFFF5B
:1005B000FFFFFFFFFFFFFFFFFFFFFFFFFFFFFFFF4B
:1005C000FFFFFFFFFFFFFFFFFFFFFFFFFFFFFFFF3B
:1005D000FFFFFFFFFFFFFFFFFFFFFFFFFFFFFFFF2B
:1005E000FFFFFFFFFFFFFFFFFFFFFFFFFFFFFFFF1B
:1005F000FFFFFFFFFFFFFFFFFFFFFFFFFFFFFFFF0B
:10060000FFFFFFFFFFFFFFFFFFFFFFFFFFFFFFFFFA
:10061000FFFFFFFFFFFFFFFFFFFFFFFFFFFFFFFFEA
:10062000FFFFFFFFFFFFFFFFFFFFFFFFFFFFFFFFDA
:10063000FFFFFFFFFFFFFFFFFFFFFFFFFFFFFFFFCA
:10064000FFFFFFFFFFFFFFFFFFFFFFFFFFFFFFFFBA
:10065000FFFFFFFFFFFFFFFFFFFFFFFFFFFFFFFFAA
:10066000FFFFFFFFFFFFFFFFFFFFFFFFFFFFFFFF9A
:10067000FFFFFFFFFFFFFFFFFFFFFFFFFFFFFFFF8A
:10068000FFFFFFFFFFFFFFFFFFFFFFFFFFFFFFFF7A
:10069000FFFFFFFFFFFFFFFFFFFFFFFFFFFFFFFF6A
:1006A000FFFFFFFFFFFFFFFFFFFFFFFFFFFFFFFF5A
:1006B000FFFFFFFFFFFFFFFFFFFFFFFFFFFFFFFF4A
:1006C000FFFFFFFFFFFFFFFFFFFFFFFFFFFFFFFF3A
:1006D000FFFFFFFFFFFFFFFFFFFFFFFFFFFFFFFF2A
:1006E000FFFFFFFFFFFFFFFFFFFFFFFFFFFFFFFF1A
:1006F000FFFFFFFFFFFFFFFFFFFFFFFFFFFFFFFF0A
:10070000FFFFFFFFFFFFFFFFFFFFFFFFFFFFFFFFF9
:10071000FFFFFFFFFFFFFFFFFFFFFFFFFFFFFFFFE9
:10072000FFFFFFFFFFFFFFFFFFFFFFFFFFFFFFFFD9
:10073000FFFFFFFFFFFFFFFFFFFFFFFFFFFFFFFFC9
:10074000FFFFFFFFFFFFFFFFFFFFFFFFFFFFFFFFB9
:10075000FFFFFFFFFFFFFFFFFFFFFFFFFFFFFFFFA9
:10076000FFFFFFFFFFFFFFFFFFFFFFFFFFFFFFFF99
:10077000FFFFFFFFFFFFFFFFFFFFFFFFFFFFFFFF89
:10078000FFFFFFFFFFFFFFFFFFFFFFFFFFFFFFFF79
:10079000FFFFFFFFFFFFFFFFFFFFFFFFFFFFFFFF69
:1007A000FFFFFFFFFFFFFFFFFFFFFFFFFFFFFFFF59
:1007B000FFFFFFFFFFFFFFFFFFFFFFFFFFFFFFFF49
:1007C000FFFFFFFFFFFFFFFFFFFFFFFFFFFFFFFF39
:1007D000FFFFFFFFFFFFFFFFFFFFFFFFFFFFFFFF29
:1007E000FFFFFFFFFFFFFFFFFFFFFFFFFFFFFFFF19
:1007F000FFFFFFFFFFFFFFFFFFFFFFFFFFFFFFFF09
:10080000FFFFFFFFFFFFFFFFFFFFFFFFFFFFFFFFF8
:10081000FFFFFFFFFFFFFFFFFFFFFFFFFFFFFFFFE8
:10082000FFFFFFFFFFFFFFFFFFFFFFFFFFFFFFFFD8
:10083000FFFFFFFFFFFFFFFFFFFFFFFFFFFFFFFFC8
:10084000FFFFFFFFFFFFFFFFFFFFFFFFFFFFFFFFB8
:10085000FFFFFFFFFFFFFFFFFFFFFFFFFFFFFFFFA8
:10086000FFFFFFFFFFFFFFFFFFFFFFFFFFFFFFFF98
:10087000FFFFFFFFFFFFFFFFFFFFFFFFFFFFFFFF88
:10088000FFFFFFFFFFFFFFFFFFFFFFFFFFFFFFFF78
:10089000FFFFFFFFFFFFFFFFFFFFFFFFFFFFFFFF68
:1008A000FFFFFFFFFFFFFFFFFFFFFFFFFFFFFFFF58
:1008B000FFFFFFFFFFFFFFFFFFFFFFFFFFFFFFFF48
:1008C000FFFFFFFFFFFFFFFFFFFFFFFFFFFFFFFF38
:1008D000FFFFFFFFFFFFFFFFFFFFFFFFFFFFFFFF28
:1008E000FFFFFFFFFFFFFFFFFFFFFFFFFFFFFFFF18
:1008F000FFFFFFFFFFFFFFFFFFFFFFFFFFFFFFFF08
:10090000FFFFFFFFFFFFFFFFFFFFFFFFFFFFFFFFF7
:10091000FFFFFFFFFFFFFFFFFFFFFFFFFFFFFFFFE7
:10092000FFFFFFFFFFFFFFFFFFFFFFFFFFFFFFFFD7
:10093000FFFFFFFFFFFFFFFFFFFFFFFFFFFFFFFFC7
:10094000FFFFFFFFFFFFFFFFFFFFFFFFFFFFFFFFB7
:10095000FFFFFFFFFFFFFFFFFFFFFFFFFFFFFFFFA7
:10096000FFFFFFFFFFFFFFFFFFFFFFFFFFFFFFFF97
:10097000FFFFFFFFFFFFFFFFFFFFFFFFFFFFFFFF87
:10098000FFFFFFFFFFFFFFFFFFFFFFFFFFFFFFFF77
:10099000FFFFFFFFFFFFFFFFFFFFFFFFFFFFFFFF67
:1009A000FFFFFFFFFFFFFFFFFFFFFFFFFFFFFFFF57
:1009B000FFFFFFFFFFFFFFFFFFFFFFFFFFFFFFFF47
:1009C000FFFFFFFFFFFFFFFFFFFFFFFFFFFFFFFF37
:1009D000FFFFFFFFFFFFFFFFFFFFFFFFFFFFFFFF27
:1009E000FFFFFFFFFFFFFFFFFFFFFFFFFFFFFFFF17
:1009F000FFFFFFFFFFFFFFFFFFFFFFFFFFFFFFFF07
:100A0000FFFFFFFFFFFFFFFFFFFFFFFFFFFFFFFFF6
:100A1000FFFFFFFFFFFFFFFFFFFFFFFFFFFFFFFFE6
:100A2000FFFFFFFFFFFFFFFFFFFFFFFFFFFFFFFFD6
:100A3000FFFFFFFFFFFFFFFFFFFFFFFFFFFFFFFFC6
:100A4000FFFFFFFFFFFFFFFFFFFFFFFFFFFFFFFFB6
:100A5000FFFFFFFFFFFFFFFFFFFFFFFFFFFFFFFFA6
:100A6000FFFFFFFFFFFFFFFFFFFFFFFFFFFFFFFF96
:100A7000FFFFFFFFFFFFFFFFFFFFFFFFFFFFFFFF86
:100A8000FFFFFFFFFFFFFFFFFFFFFFFFFFFFFFFF76
:100A9000FFFFFFFFFFFFFFFFFFFFFFFFFFFFFFFF66
:100AA000FFFFFFFFFFFFFFFFFFFFFFFFFFFFFFFF56
:100AB000FFFFFFFFFFFFFFFFFFFFFFFFFFFFFFFF46
:100AC000FFFFFFFFFFFFFFFFFFFFFFFFFFFFFFFF36
:100AD000FFFFFFFFFFFFFFFFFFFFFFFFFFFFFFFF26
:100AE000FFFFFFFFFFFFFFFFFFFFFFFFFFFFFFFF16
:100AF000FFFFFFFFFFFFFFFFFFFFFFFFFFFFFFFF06
:100B0000FFFFFFFFFFFFFFFFFFFFFFFFFFFFFFFFF5
:100B1000FFFFFFFFFFFFFFFFFFFFFFFFFFFFFFFFE5
:100B2000FFFFFFFFFFFFFFFFFFFFFFFFFFFFFFFFD5
:100B3000FFFFFFFFFFFFFFFFFFFFFFFFFFFFFFFFC5
:100B4000FFFFFFFFFFFFFFFFFFFFFFFFFFFFFFFFB5
:100B5000FFFFFFFFFFFFFFFFFFFFFFFFFFFFFFFFA5
:100B6000FFFFFFFFFFFFFFFFFFFFFFFFFFFFFFFF95
:100B7000FFFFFFFFFFFFFFFFFFFFFFFFFFFFFFFF85
:100B8000FFFFFFFFFFFFFFFFFFFFFFFFFFFFFFFF75
:100B9000FFFFFFFFFFFFFFFFFFFFFFFFFFFFFFFF65
:100BA000FFFFFFFFFFFFFFFFFFFFFFFFFFFFFFFF55
:100BB000FFFFFFFFFFFFFFFFFFFFFFFFFFFFFFFF45
:100BC000FFFFFFFFFFFFFFFFFFFFFFFFFFFFFFFF35
:100BD000FFFFFFFFFFFFFFFFFFFFFFFFFFFFFFFF25
:100BE000FFFFFFFFFFFFFFFFFFFFFFFFFFFFFFFF15
:100BF000FFFFFFFFFFFFFFFFFFFFFFFFFFFFFFFF05
:100C0000FFFFFFFFFFFFFFFFFFFFFFFFFFFFFFFFF4
:100C1000FFFFFFFFFFFFFFFFFFFFFFFFFFFFFFFFE4
:100C2000FFFFFFFFFFFFFFFFFFFFFFFFFFFFFFFFD4
:100C3000FFFFFFFFFFFFFFFFFFFFFFFFFFFFFFFFC4
:100C4000FFFFFFFFFFFFFFFFFFFFFFFFFFFFFFFFB4
:100C5000FFFFFFFFFFFFFFFFFFFFFFFFFFFFFFFFA4
:100C6000FFFFFFFFFFFFFFFFFFFFFFFFFFFFFFFF94
:100C7000FFFFFFFFFFFFFFFFFFFFFFFFFFFFFFFF84
:100C8000FFFFFFFFFFFFFFFFFFFFFFFFFFFFFFFF74
:100C9000FFFFFFFFFFFFFFFFFFFFFFFFFFFFFFFF64
:100CA000FFFFFFFFFFFFFFFFFFFFFFFFFFFFFFFF54
:100CB000FFFFFFFFFFFFFFFFFFFFFFFFFFFFFFFF44
:100CC000FFFFFFFFFFFFFFFFFFFFFFFFFFFFFFFF34
:100CD000FFFFFFFFFFFFFFFFFFFFFFFFFFFFFFFF24
:100CE000FFFFFFFFFFFFFFFFFFFFFFFFFFFFFFFF14
:100CF000FFFFFFFFFFFFFFFFFFFFFFFFFFFFFFFF04
:100D0000FFFFFFFFFFFFFFFFFFFFFFFFFFFFFFFFF3
:100D1000FFFFFFFFFFFFFFFFFFFFFFFFFFFFFFFFE3
:100D2000FFFFFFFFFFFFFFFFFFFFFFFFFFFFFFFFD3
:100D3000FFFFFFFFFFFFFFFFFFFFFFFFFFFFFFFFC3
:100D4000FFFFFFFFFFFFFFFFFFFFFFFFFFFFFFFFB3
:100D5000FFFFFFFFFFFFFFFFFFFFFFFFFFFFFFFFA3
:100D6000FFFFFFFFFFFFFFFFFFFFFFFFFFFFFFFF93
:100D7000FFFFFFFFFFFFFFFFFFFFFFFFFFFFFFFF83
:100D8000FFFFFFFFFFFFFFFFFFFFFFFFFFFFFFFF73
:100D9000FFFFFFFFFFFFFFFFFFFFFFFFFFFFFFFF63
:100DA000FFFFFFFFFFFFFFFFFFFFFFFFFFFFFFFF53
:100DB000FFFFFFFFFFFFFFFFFFFFFFFFFFFFFFFF43
:100DC000FFFFFFFFFFFFFFFFFFFFFFFFFFFFFFFF33
:100DD000FFFFFFFFFFFFFFFFFFFFFFFFFFFFFFFF23
:100DE000FFFFFFFFFFFFFFFFFFFFFFFFFFFFFFFF13
:100DF000FFFFFFFFFFFFFFFFFFFFFFFFFFFFFFFF03
:100E0000FFFFFFFFFFFFFFFFFFFFFFFFFFFFFFFFF2
:100E1000FFFFFFFFFFFFFFFFFFFFFFFFFFFFFFFFE2
:100E2000FFFFFFFFFFFFFFFFFFFFFFFFFFFFFFFFD2
:100E3000FFFFFFFFFFFFFFFFFFFFFFFFFFFFFFFFC2
:100E4000FFFFFFFFFFFFFFFFFFFFFFFFFFFFFFFFB2
:100E5000FFFFFFFFFFFFFFFFFFFFFFFFFFFFFFFFA2
:100E6000FFFFFFFFFFFFFFFFFFFFFFFFFFFFFFFF92
:100E7000FFFFFFFFFFFFFFFFFFFFFFFFFFFFFFFF82
:100E8000FFFFFFFFFFFFFFFFFFFFFFFFFFFFFFFF72
:100E9000FFFFFFFFFFFFFFFFFFFFFFFFFFFFFFFF62
:100EA000FFFFFFFFFFFFFFFFFFFFFFFFFFFFFFFF52
:100EB000FFFFFFFFFFFFFFFFFFFFFFFFFFFFFFFF42
:100EC000FFFFFFFFFFFFFFFFFFFFFFFFFFFFFFFF32
:100ED000FFFFFFFFFFFFFFFFFFFFFFFFFFFFFFFF22
:100EE000FFFFFFFFFFFFFFFFFFFFFFFFFFFFFFFF12
:100EF000FFFFFFFFFFFFFFFFFFFFFFFFFFFFFFFF02
:100F0000FFFFFFFFFFFFFFFFFFFFFFFFFFFFFFFFF1
:100F1000FFFFFFFFFFFFFFFFFFFFFFFFFFFFFFFFE1
:100F2000FFFFFFFFFFFFFFFFFFFFFFFFFFFFFFFFD1
:100F3000FFFFFFFFFFFFFFFFFFFFFFFFFFFFFFFFC1
:100F4000FFFFFFFFFFFFFFFFFFFFFFFFFFFFFFFFB1
:100F5000FFFFFFFFFFFFFFFFFFFFFFFFFFFFFFFFA1
:100F6000FFFFFFFFFFFFFFFFFFFFFFFFFFFFFFFF91
:100F7000FFFFFFFFFFFFFFFFFFFFFFFFFFFFFFFF81
:100F8000FFFFFFFFFFFFFFFFFFFFFFFFFFFFFFFF71
:100F9000FFFFFFFFFFFFFFFFFFFFFFFFFFFFFFFF61
:100FA000FFFFFFFFFFFFFFFFFFFFFFFFFFFFFFFF51
:100FB000FFFFFFFFFFFFFFFFFFFFFFFFFFFFFFFF41
:100FC000FFFFFFFFFFFFFFFFFFFFFFFFFFFFFFFF31
:100FD000FFFFFFFFFFFFFFFFFFFFFFFFFFFFFFFF21
:100FE000FFFFFFFFFFFFFFFFFFFFFFFFFFFFFFFF11
:100FF000FFFFFFFFFFFFFFFFFFFFFFFFFFFFFFFF01
:10100000D1002043F1150060000000000000000046
:10101000201000600010006000E800600000000088
:101020000000006000F4000000000000FFFFFFFF70
:10103000FFFFFFFFFFFFFFFFFFFFFFFFFFFFFFFFC0
:10104000FFFFFFFFFFFFFFFFFFFFFFFFFFFFFFFFB0
:10105000FFFFFFFFFFFFFFFFFFFFFFFFFFFFFFFFA0
:10106000FFFFFFFFFFFFFFFFFFFFFFFFFFFFFFFF90
:10107000FFFFFFFFFFFFFFFFFFFFFFFFFFFFFFFF80
:10108000FFFFFFFFFFFFFFFFFFFFFFFFFFFFFFFF70
:10109000FFFFFFFFFFFFFFFFFFFFFFFFFFFFFFFF60
:1010A000FFFFFFFFFFFFFFFFFFFFFFFFFFFFFFFF50
:1010B000FFFFFFFFFFFFFFFFFFFFFFFFFFFFFFFF40
:1010C000FFFFFFFFFFFFFFFFFFFFFFFFFFFFFFFF30
:1010D000FFFFFFFFFFFFFFFFFFFFFFFFFFFFFFFF20
:1010E000FFFFFFFFFFFFFFFFFFFFFFFFFFFFFFFF10
:1010F000FFFFFFFFFFFFFFFFFFFFFFFFFFFFFFFF00
:10110000FFFFFFFFFFFFFFFFFFFFFFFFFFFFFFFFEF
:10111000FFFFFFFFFFFFFFFFFFFFFFFFFFFFFFFFDF
:10112000FFFFFFFFFFFFFFFFFFFFFFFFFFFFFFFFCF
:10113000FFFFFFFFFFFFFFFFFFFFFFFFFFFFFFFFBF
:10114000FFFFFFFFFFFFFFFFFFFFFFFFFFFFFFFFAF
:10115000FFFFFFFFFFFFFFFFFFFFFFFFFFFFFFFF9F
:10116000FFFFFFFFFFFFFFFFFFFFFFFFFFFFFFFF8F
:10117000FFFFFFFFFFFFFFFFFFFFFFFFFFFFFFFF7F
:10118000FFFFFFFFFFFFFFFFFFFFFFFFFFFFFFFF6F
:10119000FFFFFFFFFFFFFFFFFFFFFFFFFFFFFFFF5F
:1011A000FFFFFFFFFFFFFFFFFFFFFFFFFFFFFFFF4F
:1011B000FFFFFFFFFFFFFFFFFFFFFFFFFFFFFFFF3F
:1011C000FFFFFFFFFFFFFFFFFFFFFFFFFFFFFFFF2F
:1011D000FFFFFFFFFFFFFFFFFFFFFFFFFFFFFFFF1F
:1011E000FFFFFFFFFFFFFFFFFFFFFFFFFFFFFFFF0F
:1011F000FFFFFFFFFFFFFFFFFFFFFFFFFFFFFFFFFF
:10120000FFFFFFFFFFFFFFFFFFFFFFFFFFFFFFFFEE
:10121000FFFFFFFFFFFFFFFFFFFFFFFFFFFFFFFFDE
:10122000FFFFFFFFFFFFFFFFFFFFFFFFFFFFFFFFCE
:10123000FFFFFFFFFFFFFFFFFFFFFFFFFFFFFFFFBE
:10124000FFFFFFFFFFFFFFFFFFFFFFFFFFFFFFFFAE
:10125000FFFFFFFFFFFFFFFFFFFFFFFFFFFFFFFF9E
:10126000FFFFFFFFFFFFFFFFFFFFFFFFFFFFFFFF8E
:10127000FFFFFFFFFFFFFFFFFFFFFFFFFFFFFFFF7E
:10128000FFFFFFFFFFFFFFFFFFFFFFFFFFFFFFFF6E
:10129000FFFFFFFFFFFFFFFFFFFFFFFFFFFFFFFF5E
:1012A000FFFFFFFFFFFFFFFFFFFFFFFFFFFFFFFF4E
:1012B000FFFFFFFFFFFFFFFFFFFFFFFFFFFFFFFF3E
:1012C000FFFFFFFFFFFFFFFFFFFFFFFFFFFFFFFF2E
:1012D000FFFFFFFFFFFFFFFFFFFFFFFFFFFFFFFF1E
:1012E000FFFFFFFFFFFFFFFFFFFFFFFFFFFFFFFF0E
:1012F000FFFFFFFFFFFFFFFFFFFFFFFFFFFFFFFFFE
:10130000FFFFFFFFFFFFFFFFFFFFFFFFFFFFFFFFED
:10131000FFFFFFFFFFFFFFFFFFFFFFFFFFFFFFFFDD
:10132000FFFFFFFFFFFFFFFFFFFFFFFFFFFFFFFFCD
:10133000FFFFFFFFFFFFFFFFFFFFFFFFFFFFFFFFBD
:10134000FFFFFFFFFFFFFFFFFFFFFFFFFFFFFFFFAD
:10135000FFFFFFFFFFFFFFFFFFFFFFFFFFFFFFFF9D
:10136000FFFFFFFFFFFFFFFFFFFFFFFFFFFFFFFF8D
:10137000FFFFFFFFFFFFFFFFFFFFFFFFFFFFFFFF7D
:10138000FFFFFFFFFFFFFFFFFFFFFFFFFFFFFFFF6D
:10139000FFFFFFFFFFFFFFFFFFFFFFFFFFFFFFFF5D
:1013A000FFFFFFFFFFFFFFFFFFFFFFFFFFFFFFFF4D
:1013B000FFFFFFFFFFFFFFFFFFFFFFFFFFFFFFFF3D
:1013C000FFFFFFFFFFFFFFFFFFFFFFFFFFFFFFFF2D
:1013D000FFFFFFFFFFFFFFFFFFFFFFFFFFFFFFFF1D
:1013E000FFFFFFFFFFFFFFFFFFFFFFFFFFFFFFFF0D
:1013F000FFFFFFFFFFFFFFFFFFFFFFFFFFFFFFFFFD
:10140000824205D051F8043B40F8043B8242F9D8AF
:10141000704700BF044A05494FF0000342F8043BFF
:101420009142FBD8704700BFC0220020E09000200E
:1014300008B5BFF34F8F00F047F9544C544B0820C8
:101440005449C3F85401544AC3F800115348C3F82F
:10145000F0405349FFF7D4FF524A53495348FFF72E
:10146000CFFF534CFFF7D6FF4FF470004FF0E02151
:101470000023504AC1F8880D44F823200133B02BD3
:10148000FAD14D4B80214D4A03F8011B9342FBD109
:101490004FF0E0254A4E4B4A4FF0FF31C5F8084D5A
:1014A000D5F8243D43F4E023C5F8243DF36923F047
:1014B0007F0343F04003F361736A23F07F0343F03B
:1014C000400373629166D1661167516700F004F9B9
:1014D0003D4A3E4BA2636322E36300246A61032317
:1014E0003B4AAC612B61C5F8202DD5F8FC2D394B5A
:1014F00042F080723849C5F8FC2D1A6842F00102AA
:101500001A605B680B6000F0B7FA344800F06CFCBE
:10151000F16E334B334A41F44051F1661C60C3F81D
:101520000841C3F81841C3F82841C3F83841936B08
:10153000DB0708D442F615632B4951651365936B9D
:1015400043F001039363274A284C936843F0011347
:10155000936000F04FF900F0FBFB00F031FC00F06D
:10156000BDFA00F0B3F82368132BFCD900F052FB4E
:101570002368B3F5967FFBD300F0ACF800F0A8F831
:1015800000F01AFC00F014FC30BFFDE70C0D111345
:1015900000800D401B10182078A200000000000001
:1015A000FC1E0060C022002078C100600000002006
:1015B000002000203D83000000E400E0A0E400E003
:1015C00000C00F4000C00A403D9700004197000056
:1015D00000002020001000E0789000200046C32387
:1015E0000040084000400D400000C0567C900020A4
:1015F000054B4FF42A01054A05485A641864054A08
:1016000099639546FFF714FF00C00A40AFAAAAAA43
:101610000700200000000720294A00210123C2F80A
:10162000A000C2F8A410C2F8B0305369D907FCD5A5
:1016300001234FF4803C22495361C2F8A000C2F854
:10164000A4C0C2F8B0304B69DB07FCD501234FF4CE
:10165000003C1B4A4B61C1F8A000C1F8A4C0C1F80E
:10166000B0305369D907FCD50123DFF858C01449BD
:101670005361C2F8A000C2F8A4C0C2F8B0304B69F0
:10168000DB07FCD5D1F8003145F60D504FF0210CA9
:101690009AB2C1F814C0824210D045F69D518A42D8
:1016A0000AD1C3F34253032B08D0A3F10403B3FAC6
:1016B00083F35B09180170470020704708207047CA
:1016C00000402A4004000300704700BF704700BF7D
:1016D000704700BF00BF70474FF0E02300214FF07C
:1016E000100C3448C3F8941DC3F89CCD4FF0110C76
:1016F000C3F8A00D3048C3F89CCD4FF0120CC3F8CE
:10170000A00D2E48C3F89CCD2D4AC3F8A00DDFF8DC
:10171000D0C042F015022B48C3F89CCDC3F8A00DF1
:10172000DFF8C0C02848C3F89CCDC3F8A00DDFF88F
:10173000B8C0C3F89C2D2548254AC3F8A0CDC3F8EE
:101740009C0DC3F8A02D02F5A022DFF8A0C00C323A
:101750002048C3F89CCDC3F8A02D1F4AC3F89C0DA8
:10176000C3F8A02D02F14062DFF884C002321B48AA
:10177000C3F89CCDC3F8A02D0A32C3F89C0DC3F862
:10178000A02D00BF00BF00BF00BF00BF0122C3F8F3
:10179000942DBFF34F8FBFF36F8FC3F8501FBFF36C
:1017A0004F8FBFF36F8FD3F8142D42F44032C3F83C
:1017B000142D70473F000010250008070900100095
:1017C000E0900020210002072500081316002020C9
:1017D00027000B13180000602F000B071A00008071
:1017E0001300200014000020090000101700004022
:1017F0001900007030B5864B85B0DFF874E218220E
:10180000844D0120C3F85CE28349C3F86052A5F51A
:101810008055DFF860C2814CC3F864E2C3F86852B7
:101820002125C3F86CC2C3F870C2C3F874C2C3F8F0
:1018300078C248F20C7CDA661A675A679A67DA67E8
:10184000C3F88020C3F88420C3F88820C1F82C0393
:10185000734AC1F83003C1F83403C1F83803C1F842
:101860003C03C1F85003A1696E4B0A406E486F49B2
:1018700013436F4AA361D4F8843043F00C03C4F8D7
:1018800084304FF0FF34036843F0020303600368C1
:1018900003EA0C031A43674B026044608A68664C93
:1018A0001340664A43F000538360C36823F0780313
:1018B000C360036A23401A43604B0262026A2240FB
:1018C0005F4C1343002243628462C46240F20564A9
:1018D000D1F8B83023F03F0343F00103C0F8B8302B
:1018E000D1F8BC30574923F03F0343F00103C0F85F
:1018F000BC3002610567C0F880404567C0F884408D
:101900000224036823F00203036081614E4B4F49B8
:10191000C46143F8042B8B42FBD1434C236843F052
:1019200001032360256815F00105FBD1454802221B
:1019300040F2F561A06140F29940E26140F26642F6
:10194000C4F8001242F20141C4F81022404AC4F81F
:101950002002C4F8302240F23542C4F834123D4827
:10196000C4F840223C4AC4F850022846C4F8542225
:1019700042F201223949C4F86012C4F86422FFF728
:101980004BFE0246002839D0810201234FF480200B
:1019900021662549C4F8A050C4F8A400C4F8B030AA
:1019A0004B69D807FCD515050124039228464C61E4
:1019B000FFF732FE039A2A4B0244D2B21A7080B16A
:1019C000194980024FF4802348660846C1F8A050A8
:1019D000C1F8A430C1F8B0404369DB07FCD501234E
:1019E000436120490024204801230094401A00EB61
:1019F00002521E4800F0F4F905B030BD1B4B1849E7
:101A000018600870D860C3E9010005B030BD00BFA0
:101A100000801F40F910010000841F4000C00F40EB
:101A2000FFFCFF1F0003008000402A4000802A4086
:101A30001200FFFFFF37F70000FFF07C400000803E
:101A4000FF000F83F05AF05A00422A4000432A4018
:101A50009F041830EB06180A063201263806180AC9
:101A6000A59000200000007000000070049000208D
:101A7000F9B00100F970010010B5174A4FF4805415
:101A80004FF4005E4FF4404C4FF4803043F242017B
:101A9000136913F0020F0DD113F4005F0FD013F48C
:101AA000805F0FD0002BF3DA13F4803F0CD15B067C
:101AB0000ED510BDC2F818C050619161E8E7C2F8B8
:101AC00014E0E5E75461E3E74FF480339361DFE727
:101AD00040235361DCE700BF00800D40414A0320F2
:101AE0004149F3EE095AD2F880309FED406A23F065
:101AF00001039FED3F5ADFF814C100B5C2F88030F2
:101B0000C2F89000D1F8E010DFF804E1CBB2394818
:101B1000CEF8003007EE903A0B0DC1F30B21F8EE32
:101B2000E77A06EE903A07EE101A334BB8EEC77A12
:101B3000CCF80010F8EEE66A304937EEC66A37EEA8
:101B4000C55A76EEC76A77EEE57A26EE266AC3EDC9
:101B5000006A25EE265AD2F8803067EEA64AC0ED1C
:101B6000007AC6EE275A264885EE276AC4EEA76A91
:101B700075EE875AFCEEE55A36EE076A15EE90CA06
:101B8000BCEEC66A43EA0C5376EE877AC2F8803020
:101B900016EE103AD2F890C1FCEEE77A01EA034162
:101BA00041EA0C014FF0000C17EE903AC2F8901188
:101BB000C3F30B03D2F890110B431249C2F89031D2
:101BC000D2F8803043F00203C2F880300E4B80F828
:101BD00040C0C1F840314FF0E0230122C3F8082192
:101BE00000BD00BF00810D4000441F400000AA421C
:101BF0000000B4426C900020709000200000FF0FA5
:101C000000E400E000200020C58400006490002073
:101C100068900020314B40F6617210B5C3F8202166
:101C200040F2044400F0D8F82D4A2E49D2F8803012
:101C30002D4843F00303C2F880302C4BC1F86041BB
:101C400002681A4203D1D1F8A8319A071BD0254A5D
:101C50004FF00041244B5963D2F8403143F0020366
:101C6000C2F84031D2F840319B07FBD44FF400302A
:101C70004FF0E0211C4B4FF00042C1F88C021920BC
:101C80009A6300F0A5F8184B0021164C4FF08042E3
:101C90000A209A634FF420721960C4F8A80114480E
:101CA00000F092F84FF4800203464FF4810040F2B6
:101CB00043111860C4F858311A640E4B0E4AC4F828
:101CC0004811C3F804224FF0E0224FF40031012301
:101CD000C2F80C11C4F8403110BD00BF00800D40A7
:101CE00000C00F4000002E4000900D40001C1E0060
:101CF0000000002000200020C986000008B50E4B1F
:101D00001B6E9B0700D4FBBE72B60C4B00200C4A26
:101D1000C3F8400103F160430A49A3F55F2311644E
:101D20009D46BFF34F8F4FF40013074A0748DB6906
:101D300002609B68984700BF00441F4000002E408F
:101D400000C00A4003002000000012EB00802020A9
:101D50000F4B40F2376C0F4AA020D96E41F440314E
:101D6000D966D96E41F44071D966C2F844C0906416
:101D7000936C1B06FCD4084A40F23761A0235164DF
:101D80009364936C13F08003FBD1044A1370704783
:101D900000C00F4000400C4000800C40A490002088
:101DA000F8B500BFF8BC08BC9E46704700000000B4
:101DB0005FF800F0298000005FF800F01DA100002E
:101DC0005FF800F0498200005FF800F089A0000091
:101DD0005FF800F0F97E00005FF800F0358E00003B
:101DE0005FF800F0D19700005FF800F0E57B00009D
:041DF00045000000AA
:101DF4001603550053004200200053006500720092
:101E0400690061006C00000018035400650065005F
:101E14006E00730079006400750069006E006F0045
:101E24000403090409026200030100C032080B0024
:101E3400020202010009040000010202010005245B
:101E440000100105240101010424020605240600F2
:101E5400010705820310001009040100020A0000B2
:101E64000007050302400000070584024000000942
:101E740004020002FF6AFF00070581024000010717
:101E8400050102400001000009026200030100C0D4
:101E940032080B00020202010009040000010202E0
:101EA4000100052400100105240101010424020697
:101EB400052406000107058203100005090401003A
:101EC400020A00000007050302000200070584025D
:101ED4000002000904020002FF6AC700070581022C
:101EE4000002010705010200020100000A060002C7
:081EF400EF02014001000000B3
:101EFC0000000000000000000000000000000000D6
:101F0C0000000000000000000000000000000000C5
:101F1C000548064B1B1AD90F01EBA301491002D03F
:101F2C00034B03B118477047C0220020C022002089
:101F3C000000000008B5054B1BB105490548AFF37F
:101F4C000080BDE80840FFF7E3BF00BF00000000C1
:101F5C001490002000F40060144B4FF000721449F0
:101F6C00C3F8842003F18D73DFF84CC003F58F3375
:101F7C004868DCF800208333A3FB0232920C4B68D8
:101F8C001B1A9A42FBD8094A4FF00070094BC2F851
:101F9C0088004868DCF800200549A3FB0232920C4B
:101FAC004B681B1A9A42FBD8704700BF00C0004216
:101FBC00001000E083DE1B439C1C00202DE9F04147
:101FCC00364B6024364D53F8208022462B68002077
:101FDC00344E35492DED028B82B02C60776800931E
:101FEC00C04773682022DFED318A0020D91B304FA7
:101FFC002A6007EE901A97ED007A7368F8EE677A0C
:10200C002949B8EE477A019367EEA87A87EE878A5A
:10201C00C047009A73682A60019AD7ED006A9B1A30
:10202C009FED246AF8EE666A07EE903AF8EE677A4E
:10203C0067EEA87A87EEA67A38EE477A27EE067A0C
:10204C00B5EEC07AF1EE10FA21DDDFED1B7AF1EE80
:10205C000C6AA7EE678A76EEC86AC6EE877AFDEE42
:10206C00E77A17EE900A424200F00F0302F00F02DB
:10207C0058BF5342C01A1028B8BF1020A042A8BFA6
:10208C00204680B202B0BDEC028BBDE8F081204648
:10209C0002B0BDEC028BBDE8F08100BF90140020B3
:1020AC00701D0020001000E0A024002000247449C2
:1020BC009C1C00200000803C0000C042314A324B86
:1020CC00324900B5D2F800E0095C13F800C0304B7F
:1020DC0002294EEA0303136026D0002914BF4FF4E3
:1020EC0080024FF080722B4B2B491A602B4AD1F88F
:1020FC0004C02B4B1268A3FB0232920C52004B68AB
:10210C00A3EB0C039A42FAD8DFF878C0254ADCF826
:10211C0000C0254B0CEA02022449DFF894C013439B
:10212C008CF800000B6000BD1CF0010F4FF0100389
:10213C0014D11CF0020FC2F88830124B4FF0200261
:10214C0014D01CF0040FC3F884200E4B4FF0400247
:10215C0014D0C3F884204FF48072C4E71CF0020F33
:10216C00C2F88430074B4FF02002EAD11CF0040F68
:10217C00C3F88820034B4FF04002EAD1C3F8882003
:10218C00E9E700BF00C00042B06D0020147E0020C3
:10219C0000014001741D0020001000E09C1C002078
:1021AC0083DE1B43FFFEBFCC00014031106E0020CC
:1021BC00E21D002000B507228E46DFF84CC04EFA17
:1021CC0002F39B0603F08063034343F00071CCF8E9
:1021DC000030CCF8001000BF00BF00BF00BF00BF34
:1021EC0000BF00BF00BF00BF00BFCCF8003000BF75
:1021FC0000BF00BF00BF00BF00BF00BF00BF00BFDB
:10220C0000BF013ADBD200BD00C00042002A00F042
:10221C0056817E4B2DE9F04F964683B01A6800F03C
:10222C000F030509DFF8F0A100934FEA10594FEAAC
:10223C001048774B070B0195060A5C6842F00122A7
:10224C00744D44F07D5442F48002D5F800C05C60BB
:10225C00DAF80040F44522EA040228BFF44622F0E2
:10226C00785242F0406442F0606B1A601C60C3F814
:10227C0000B000BF00BF00BF00BF00BF00BF00BF69
:10228C0000BF1C6000BF00BF00BF00BF00BF00BF8D
:10229C0000BF00BF42F0005442F0085B1C60C3F862
:1022AC0000B000BF00BF00BF00BF00BF00BF00BF39
:1022BC0000BF1C6000BF00BF00BF00BF00BF00BF5D
:1022CC0000BF00BF09F00F0442EA846444F0007BB5
:1022DC001C60C3F800B000BF00BF00BF00BF00BF50
:1022EC0000BF00BF00BF1C6000BF00BF00BF00BF2D
:1022FC0000BF00BF00BF00BF08F00F0442EA8464B7
:10230C0044F0007B1C60C3F800B000BF00BF00BFEE
:10231C0000BF00BF00BF00BF00BF1C6000BF00BFFC
:10232C0000BF00BF00BF00BF00BF00BF07F00F041D
:10233C0042EA846444F0007B1C60C3F800B000BF28
:10234C0000BF00BF00BF00BF00BF00BF00BF1C60CC
:10235C0000BF00BF00BF00BF00BF00BF00BF00BF79
:10236C0006F00F0442EA846444F0007B1C60C3F85E
:10237C0000B000BF00BF00BF00BF00BF00BF00BF68
:10238C0000BF1C6000BF00BF00BF00BF00BF00BF8C
:10239C0000BF00BF019C04F00F0442EA846444F0C7
:1023AC00007B1C60C3F800B000BF00BF00BF00BFC3
:1023BC0000BF00BF00BF00BF1C6000BF00BF00BF5C
:1023CC0000BF00BF00BF00BF00BF009C42EA846496
:1023DC0044F0007B1C60C3F800B000BF00BF00BF1E
:1023EC0000BF00BF00BF00BF00BF1C6000BF00BF2C
:1023FC0000BF00BF00BF00BF00BF00BFBCF1000F9B
:10240C0056D00CEB010501396E1E07E0106E002052
:10241C0000C00042701D0020741D002011F8014FF7
:10242C00240942EA846444F000771C601F6000BFFA
:10243C0000BF00BF00BF00BF00BF00BF00BF1C60DB
:10244C0000BF00BF00BF00BF00BF00BF00BF00BF88
:10245C000C7804F00F0442EA846444F000771C60AA
:10246C001F6000BF00BF00BF00BF00BF00BF00BFA8
:10247C0000BF1C6000BF00BF00BF00BF00BF00BF9B
:10248C0000BF00BFB142C9D10D4ABEEB0C0E1268A1
:10249C001A6011D06044294604094FEA105901947E
:1024AC0000F00F044FEA1048070B0094060AC4E62C
:1024BC00034A12681A60C0E603B0BDE8F08F70479B
:1024CC00106E0020002A00F075818D4B8C462DE992
:1024DC00F04F144683B01A6800F00F03DFF82CA2FB
:1024EC004FEA105901934FEA1048070B854B060A27
:1024FC0005095968DFF818B241F07D5142EA0B0B1F
:10250C00814AD2F800E05960DAF80010A6452BEAAF
:10251C00010228BFA64622F0785242F0605142F0E8
:10252C00685B1A601960C3F800B000BF00BF00BF41
:10253C0000BF00BF00BF00BF00BF196000BF00BFDD
:10254C0000BF00BF00BF00BF00BF00BF42F0305152
:10255C0042F0385B1960C3F800B000BF00BF00BF89
:10256C0000BF00BF00BF00BF00BF196000BF00BFAD
:10257C0000BF00BF00BF00BF00BF00BF09F00F01CC
:10258C0042EA816141F0007B1960C3F800B000BFE2
:10259C0000BF00BF00BF00BF00BF00BF00BF19607D
:1025AC0000BF00BF00BF00BF00BF00BF00BF00BF27
:1025BC0008F00F0142EA816141F0007B1960C3F819
:1025CC0000B000BF00BF00BF00BF00BF00BF00BF16
:1025DC0000BF196000BF00BF00BF00BF00BF00BF3D
:1025EC0000BF00BF07F00F0142EA816141F0007BA0
:1025FC001960C3F800B000BF00BF00BF00BF00BF30
:10260C0000BF00BF00BF196000BF00BF00BF00BF0C
:10261C0000BF00BF00BF00BF06F00F0142EA81619E
:10262C0041F0007B1960C3F800B000BF00BF00BFD1
:10263C0000BF00BF00BF00BF00BF196000BF00BFDC
:10264C0000BF00BF00BF00BF00BF00BF05F00F01FF
:10265C0042EA816141F0007B1960C3F800B000BF11
:10266C0000BF00BF00BF00BF00BF00BF00BF1960AC
:10267C0000BF00BF00BF00BF00BF00BF00BF00BF56
:10268C00019942EA816141F0007B1960C3F800B006
:10269C0000BF00BF00BF00BF00BF00BF00BF00BF36
:1026AC00196000BF00BF00BF00BF00BF00BF00BF6C
:1026BC0000BF59684FF0060B21F07051596042F081
:1026CC000071196000BF00BF00BF00BF00BF00BF9A
:1026DC0000BF00BF1A6000BF00BF00BF00BF00BF3B
:1026EC0000BF00BF00BFBBF1010BEAD1BEF1000F70
:1026FC0055D00CF1FF37F4440CF1FF380AE000BF61
:10270C00106E002000C00042701D0020741D0020BF
:10271C0000014001196000BF00BF00BF00BF00BF37
:10272C0000BF00BF00BF9E681A6000BF00BF00BFA3
:10273C0000BF00BF00BF00BF00BF196000BF00BFDB
:10274C0000BF00BF00BF00BF00BF00BF9D681A6084
:10275C0000BF00BF00BF00BF00BF00BF00BF00BF75
:10276C00B60EC5F3836545EA061507F8015F4745C4
:10277C00D0D1114AB4EB0E0412681A60596841F0BA
:10278C007D51596013D0704400F00F014FEA10597D
:10279C004FEA1048070B0191060A0509A9E6064AFB
:1027AC0012681A60596841F07D515960A1E603B076
:1027BC00BDE8F08F704700BF106E0020002A00F0BB
:1027CC00FD807F4B2DE9F04F964683B01A6800F0E0
:1027DC000F030509DFF8F4A100934FEA10594FEAF3
:1027EC001048784B070B0195060A5C6842F00122F1
:1027FC00754D44F07D5442F48002D5F800C05C6005
:10280C00DAF80040F44522EA040228BFF44622F02C
:10281C00785242F0406442F0606B1A601C60C3F85E
:10282C0000B000BF00BF00BF00BF1C6000BF00BFF6
:10283C0000BF00BF42F0005442F0085B1C60C3F8BC
:10284C0000B000BF00BF00BF00BF1C6000BF00BFD6
:10285C0000BF00BF09F00F0442EA846444F0007B1F
:10286C001C60C3F800B000BF00BF00BF00BF1C60FD
:10287C0000BF00BF00BF00BF08F00F0442EA846431
:10288C0044F0007B1C60C3F800B000BF00BF00BF69
:10289C0000BF1C6000BF00BF00BF00BF07F00F04EB
:1028AC0042EA846444F0007B1C60C3F800B000BFB3
:1028BC0000BF00BF00BF1C6000BF00BF00BF00BF57
:1028CC0006F00F0442EA846444F0007B1C60C3F8F9
:1028DC0000B000BF00BF00BF00BF1C6000BF00BF46
:1028EC0000BF00BF019C04F00F0442EA846444F072
:1028FC00007B1C60C3F800B000BF00BF00BF00BF6E
:10290C001C6000BF00BF00BF00BF009C42EA846493
:10291C0044F0007B1C60C3F800B000BF00BF00BFD8
:10292C0000BF1C6000BF00BF00BF00BFBCF1000FA8
:10293C003DD00CEB010501396E1E11F8014F240935
:10294C0042EA846444F000771C601F6000BF00BF43
:10295C0000BF00BF1C6000BF00BF00BF00BF0C78F1
:10296C0004F00F0442EA846444F000771C601F609A
:10297C0000BF00BF00BF00BF1C6000BF00BF00BF96
:10298C0000BFB142D9D10E4ABEEB0C0E12681A60D0
:10299C0011D06044294604094FEA1059019400F003
:1029AC000F044FEA1048070B0094060A1DE7044A6F
:1029BC0012681A6019E703B0BDE8F08F704700BFCA
:1029CC00106E002000C00042701D0020741D0020FD
:1029DC00002A00F01181894B8C462DE9F04F1446EA
:1029EC0083B01A6800F00F03DFF81CA24FEA1059ED
:1029FC0001934FEA1048070B814B060A05095968E9
:102A0C00DFF808B241F07D5142EA0B0B7D4AD2F857
:102A1C0000E05960DAF80010A6452BEA010228BF45
:102A2C00A64622F0785242F0605142F0685B1A6080
:102A3C001960C3F800B000BF00BF00BF00BF196031
:102A4C0000BF00BF00BF00BF42F0305142F0385B06
:102A5C001960C3F800B000BF00BF00BF00BF196011
:102A6C0000BF00BF00BF00BF09F00F0142EA816147
:102A7C0041F0007B1960C3F800B000BF00BF00BF7D
:102A8C0000BF196000BF00BF00BF00BF08F00F01FE
:102A9C0042EA816141F0007B1960C3F800B000BFCD
:102AAC0000BF00BF00BF196000BF00BF00BF00BF68
:102ABC0007F00F0142EA816141F0007B1960C3F815
:102ACC0000B000BF00BF00BF00BF196000BF00BF57
:102ADC0000BF00BF06F00F0142EA816141F0007BAC
:102AEC001960C3F800B000BF00BF00BF00BF196081
:102AFC0000BF00BF00BF00BF05F00F0142EA8161BB
:102B0C0041F0007B1960C3F800B000BF00BF00BFEC
:102B1C0000BF196000BF00BF00BF00BF019942EAAF
:102B2C00816141F0007B1960C3F800B000BF00BFA9
:102B3C0000BF00BF196000BF00BF00BF00BF5968D5
:102B4C004FF0060B21F07051596042F00071196082
:102B5C0000BF00BF00BF00BF1A6000BF00BF00BFB6
:102B6C0000BFBBF1010BF2D1BEF1000F39D00CF15B
:102B7C00FF37F4440CF1FF38196000BF00BF00BFF1
:102B8C0000BF9E681A6000BF00BF00BF00BF196085
:102B9C0000BF00BF00BF00BF9D681A6000BF00BF30
:102BAC0000BF00BFB60EC5F3836545EA061507F8EE
:102BBC00015F4745E0D1114AB4EB0E0412681A606C
:102BCC00596841F07D51596013D0704400F00F01E9
:102BDC004FEA10594FEA1048070B0191060A0509F4
:102BEC000DE7064A12681A60596841F07D51596028
:102BFC0005E703B0BDE8F08F704700BF106E0020F2
:102C0C0000C00042701D0020741D00200001400116
:102C1C00002A00F0A681954B2DE9F04F964683B023
:102C2C001A6800F00F030509DFF84CA200934FEA75
:102C3C0010594FEA10488E4B070B0195060A5C6839
:102C4C0042F001228B4D44F07D5442F48002D5F8C1
:102C5C0000C05C60DAF80040F44522EA040228BFA8
:102C6C00F44622F0785242F0406442F0606B1A60F5
:102C7C001C60C3F800B000BF00BF00BF00BF00BFA6
:102C8C0000BF00BF00BF00BF00BF00BF00BF1C6083
:102C9C0000BF00BF00BF00BF00BF00BF00BF00BF30
:102CAC0000BF00BF00BF00BF42F0005442F0085B01
:102CBC001C60C3F800B000BF00BF00BF00BF00BF66
:102CCC0000BF00BF00BF00BF00BF00BF00BF1C6043
:102CDC0000BF00BF00BF00BF00BF00BF00BF00BFF0
:102CEC0000BF00BF00BF00BF09F00F0442EA8464BC
:102CFC0044F0007B1C60C3F800B000BF00BF00BFF5
:102D0C0000BF00BF00BF00BF00BF00BF00BF00BFBF
:102D1C0000BF1C6000BF00BF00BF00BF00BF00BFF2
:102D2C0000BF00BF00BF00BF00BF00BF08F00F0412
:102D3C0042EA846444F0007B1C60C3F800B000BF1E
:102D4C0000BF00BF00BF00BF00BF00BF00BF00BF7F
:102D5C0000BF00BF00BF1C6000BF00BF00BF00BFB2
:102D6C0000BF00BF00BF00BF00BF00BF00BF00BF5F
:102D7C0007F00F0442EA846444F0007B1C60C3F843
:102D8C0000B000BF00BF00BF00BF00BF00BF00BF4E
:102D9C0000BF00BF00BF00BF00BF1C6000BF00BF72
:102DAC0000BF00BF00BF00BF00BF00BF00BF00BF1F
:102DBC0000BF00BF06F00F0442EA846444F0007BBD
:102DCC001C60C3F800B000BF00BF00BF00BF00BF55
:102DDC0000BF00BF00BF00BF00BF00BF00BF1C6032
:102DEC0000BF00BF00BF00BF00BF00BF00BF00BFDF
:102DFC0000BF00BF00BF00BF019C04F00F0442EAFB
:102E0C00846444F0007B1C60C3F800B000BF00BFBA
:102E1C0000BF00BF00BF00BF00BF00BF00BF00BFAE
:102E2C0000BF00BF1C6000BF00BF00BF00BF00BFE1
:102E3C0000BF00BF00BF00BF00BF00BF00BF009CB1
:102E4C0042EA846444F0007B1C60C3F800B000BF0D
:102E5C0000BF00BF00BF00BF00BF00BF00BF00BF6E
:102E6C0000BF00BF00BF1C6000BF07E0106E002059
:102E7C0000C00042701D0020741D002000BF00BF68
:102E8C0000BF00BF00BF00BF00BF00BF00BF00BF3E
:102E9C0000BFBCF1000F5DD00CEB010501396E1EBB
:102EAC0011F8014F240942EA846444F000771C6055
:102EBC001F6000BF00BF00BF00BF00BF00BF00BF4E
:102ECC0000BF00BF00BF00BF00BF1C6000BF00BF41
:102EDC0000BF00BF00BF00BF00BF00BF00BF00BFEE
:102EEC0000BF00BF0C7804F00F0442EA846444F085
:102EFC0000771C601F6000BF00BF00BF00BF00BF99
:102F0C0000BF00BF00BF00BF00BF00BF00BF1C6000
:102F1C0000BF00BF00BF00BF00BF00BF00BF00BFAD
:102F2C0000BF00BF00BF00BFB142B9D10D4ABEEB1C
:102F3C000C0E12681A6011D06044294604094FEA3D
:102F4C001059019400F00F044FEA1048070B00943D
:102F5C00060A74E6034A12681A6070E603B0BDE80C
:102F6C00F08F7047106E0020002A00F0CD81964B38
:102F7C008C462DE9F04F144683B01A6800F00F030D
:102F8C00DFF850A24FEA105901934FEA1048070B93
:102F9C008E4B060A05095968DFF83CB241F07D51A9
:102FAC0042EA0B0B8A4AD2F800E05960DAF80010BA
:102FBC00A6452BEA010228BFA64622F0785242F021
:102FCC00605142F0685B1A601960C3F800B000BF32
:102FDC0000BF00BF00BF00BF00BF00BF00BF00BFED
:102FEC0000BF00BF00BF196000BF00BF00BF00BF23
:102FFC0000BF00BF00BF00BF00BF00BF00BF00BFCD
:10300C0042F0305142F0385B1960C3F800B000BF99
:10301C0000BF00BF00BF00BF00BF00BF00BF00BFAC
:10302C0000BF00BF00BF196000BF00BF00BF00BFE2
:10303C0000BF00BF00BF00BF00BF00BF00BF00BF8C
:10304C0009F00F0142EA816141F0007B1960C3F87D
:10305C0000B000BF00BF00BF00BF00BF00BF00BF7B
:10306C0000BF00BF00BF00BF00BF196000BF00BFA2
:10307C0000BF00BF00BF00BF00BF00BF00BF00BF4C
:10308C0000BF00BF08F00F0142EA816141F0007BF4
:10309C001960C3F800B000BF00BF00BF00BF00BF85
:1030AC0000BF00BF00BF00BF00BF00BF00BF196062
:1030BC0000BF00BF00BF00BF00BF00BF00BF00BF0C
:1030CC0000BF00BF00BF00BF07F00F0142EA8161E3
:1030DC0041F0007B1960C3F800B000BF00BF00BF17
:1030EC0000BF00BF00BF00BF00BF00BF00BF00BFDC
:1030FC0000BF196000BF00BF00BF00BF00BF00BF12
:10310C0000BF00BF00BF00BF00BF00BF06F00F0133
:10311C0042EA816141F0007B1960C3F800B000BF46
:10312C0000BF00BF00BF00BF00BF00BF00BF00BF9B
:10313C0000BF00BF00BF196000BF00BF00BF00BFD1
:10314C0000BF00BF00BF00BF00BF00BF00BF00BF7B
:10315C0005F00F0142EA816141F0007B1960C3F870
:10316C0000B000BF00BF00BF00BF00BF00BF00BF6A
:10317C0000BF00BF00BF00BF00BF196000BF00BF91
:10318C0000BF00BF00BF00BF00BF00BF00BF00BF3B
:10319C0000BF00BF019942EA816141F0007B1960D8
:1031AC00C3F800B000BF00BF00BF00BF00BF00BF2E
:1031BC0000BF00BF00BF00BF00BF00BF196000BF51
:1031CC0000BF00BF0AE000BF106E002000C000422C
:1031DC00701D0020741D00200001400100BF00BFC5
:1031EC0000BF00BF00BF00BF00BF00BF00BF5968D9
:1031FC004FF0060B21F07051596042F000711960CC
:10320C0000BF00BF00BF00BF00BF00BF00BF00BFBA
:10321C0000BF00BF00BF00BF1A6000BF00BF00BFEF
:10322C0000BF00BF00BF00BF00BF00BF00BF00BF9A
:10323C0000BFBBF1010BE2D1BEF1000F59D00CF174
:10324C00FF37F4440CF1FF38196000BF00BF00BF1A
:10325C0000BF00BF00BF00BF00BF00BF00BF00BF6A
:10326C0000BF9E681A6000BF00BF00BF00BF00BF58
:10327C0000BF00BF00BF00BF00BF00BF00BF196090
:10328C0000BF00BF00BF00BF00BF00BF00BF00BF3A
:10329C0000BF00BF00BF00BF9D681A6000BF00BF29
:1032AC0000BF00BF00BF00BF00BF00BF00BF00BF1A
:1032BC0000BF00BFB60EC5F3836545EA061507F8D7
:1032CC00015F4745C0D1114AB4EB0E0412681A6075
:1032DC00596841F07D51596013D0704400F00F01D2
:1032EC004FEA10594FEA1048070B0191060A0509DD
:1032FC0051E6064A12681A60596841F07D515960CE
:10330C0049E603B0BDE8F08F704700BF106E002097
:10331C00002A00F0F681924B2DE9F04F964683B0CF
:10332C001A6800F00F030509DFF840A200934FEA7A
:10333C0010594FEA10488B4B070B0195060A5C6835
:10334C0042F00122884D44F07D5442F48002D5F8BD
:10335C0000C05C60DAF80040F44522EA040228BFA1
:10336C00F44622F0785242F0406442F0606B1A60EE
:10337C001C60C3F800B000BF00BF00BF00BF00BF9F
:10338C0000BF00BF00BF00BF00BF00BF00BF00BF39
:10339C0000BF00BF00BF1C6000BF00BF00BF00BF6C
:1033AC0000BF00BF00BF00BF00BF00BF00BF00BF19
:1033BC0000BF00BF00BF00BF42F0005442F0085BEA
:1033CC001C60C3F800B000BF00BF00BF00BF00BF4F
:1033DC0000BF00BF00BF00BF00BF00BF00BF00BFE9
:1033EC0000BF00BF00BF1C6000BF00BF00BF00BF1C
:1033FC0000BF00BF00BF00BF00BF00BF00BF00BFC9
:10340C0000BF00BF00BF00BF09F00F0442EA846494
:10341C0044F0007B1C60C3F800B000BF00BF00BFCD
:10342C0000BF00BF00BF00BF00BF00BF00BF00BF98
:10343C0000BF00BF00BF00BF00BF1C6000BF00BFCB
:10344C0000BF00BF00BF00BF00BF00BF00BF00BF78
:10345C0000BF00BF00BF00BF00BF00BF08F00F04DB
:10346C0042EA846444F0007B1C60C3F800B000BFE7
:10347C0000BF00BF00BF00BF00BF00BF00BF00BF48
:10348C0000BF00BF00BF00BF00BF00BF00BF1C607B
:10349C0000BF00BF00BF00BF00BF00BF00BF00BF28
:1034AC0000BF00BF00BF00BF00BF00BF00BF00BF18
:1034BC0007F00F0442EA846444F0007B1C60C3F8FC
:1034CC0000B000BF00BF00BF00BF00BF00BF00BF07
:1034DC0000BF00BF00BF00BF00BF00BF00BF00BFE8
:1034EC0000BF1C6000BF00BF00BF00BF00BF00BF1B
:1034FC0000BF00BF00BF00BF00BF00BF00BF00BFC8
:10350C0000BF00BF06F00F0442EA846444F0007B65
:10351C001C60C3F800B000BF00BF00BF00BF00BFFD
:10352C0000BF00BF00BF00BF00BF00BF00BF00BF97
:10353C0000BF00BF00BF1C6000BF00BF00BF00BFCA
:10354C0000BF00BF00BF00BF00BF00BF00BF00BF77
:10355C0000BF00BF00BF00BF019C04F00F0407E0D8
:10356C00106E002000C00042701D0020741D002051
:10357C0042EA846444F0007B1C60C3F800B000BFD6
:10358C0000BF00BF00BF00BF00BF00BF00BF00BF37
:10359C0000BF00BF00BF00BF00BF00BF00BF1C606A
:1035AC0000BF00BF00BF00BF00BF00BF00BF00BF17
:1035BC0000BF00BF00BF00BF00BF00BF00BF00BF07
:1035CC00009C42EA846444F0007B1C60C3F800B0A9
:1035DC0000BF00BF00BF00BF00BF00BF00BF00BFE7
:1035EC0000BF00BF00BF00BF00BF00BF00BF00BFD7
:1035FC001C6000BF00BF00BF00BF00BF00BF00BF0A
:10360C0000BF00BF00BF00BF00BF00BF00BF00BFB6
:10361C0000BFBCF1000F6DD00CEB010501396E1E23
:10362C0011F8014F240942EA846444F000771C60CD
:10363C001F6000BF00BF00BF00BF00BF00BF00BFC6
:10364C0000BF00BF00BF00BF00BF00BF00BF00BF76
:10365C0000BF1C6000BF00BF00BF00BF00BF00BFA9
:10366C0000BF00BF00BF00BF00BF00BF00BF00BF56
:10367C0000BF00BF0C7804F00F0442EA846444F0ED
:10368C0000771C601F6000BF00BF00BF00BF00BF01
:10369C0000BF00BF00BF00BF00BF00BF00BF00BF26
:1036AC0000BF00BF00BF1C6000BF00BF00BF00BF59
:1036BC0000BF00BF00BF00BF00BF00BF00BF00BF06
:1036CC0000BF00BF00BF00BFB142A9D10D4ABEEB85
:1036DC000C0E12681A6011D06044294604094FEA96
:1036EC001059019400F00F044FEA1048070B009496
:1036FC00060A24E6034A12681A6020E603B0BDE805
:10370C00F08F7047106E0020002A00F02582944B39
:10371C008C462DE9F04F144683B01A6800F00F0365
:10372C00DFF848A24FEA105901934FEA1048070BF3
:10373C008C4B060A05095968DFF834B241F07D510B
:10374C0042EA0B0B884AD2F800E05960DAF8001014
:10375C00A6452BEA010228BFA64622F0785242F079
:10376C00605142F0685B1A601960C3F800B000BF8A
:10377C0000BF00BF00BF00BF00BF00BF00BF00BF45
:10378C0000BF00BF00BF00BF00BF00BF00BF19607B
:10379C0000BF00BF00BF00BF00BF00BF00BF00BF25
:1037AC0000BF00BF00BF00BF00BF00BF00BF00BF15
:1037BC0042F0305142F0385B1960C3F800B000BFE2
:1037CC0000BF00BF00BF00BF00BF00BF00BF00BFF5
:1037DC0000BF00BF00BF00BF00BF00BF00BF19602B
:1037EC0000BF00BF00BF00BF00BF00BF00BF00BFD5
:1037FC0000BF00BF00BF00BF00BF00BF00BF00BFC5
:10380C0009F00F0142EA816141F0007B1960C3F8B5
:10381C0000B000BF00BF00BF00BF00BF00BF00BFB3
:10382C0000BF00BF00BF00BF00BF00BF00BF00BF94
:10383C0000BF196000BF00BF00BF00BF00BF00BFCA
:10384C0000BF00BF00BF00BF00BF00BF00BF00BF74
:10385C0000BF00BF08F00F0142EA816141F0007B1C
:10386C001960C3F800B000BF00BF00BF00BF00BFAD
:10387C0000BF00BF00BF00BF00BF00BF00BF00BF44
:10388C0000BF00BF00BF196000BF00BF00BF00BF7A
:10389C0000BF00BF00BF00BF00BF00BF00BF00BF24
:1038AC0000BF00BF00BF00BF07F00F0142EA8161FB
:1038BC0041F0007B1960C3F800B000BF00BF00BF2F
:1038CC0000BF00BF00BF00BF00BF00BF00BF00BFF4
:1038DC0000BF00BF00BF00BF00BF196000BF00BF2A
:1038EC0000BF00BF00BF00BF00BF00BF00BF00BFD4
:1038FC0000BF00BF00BF00BF00BF00BF06F00F013C
:10390C0042EA816141F0007B1960C3F800B000BF4E
:10391C0000BF00BF00BF00BF00BF00BF00BF00BFA3
:10392C0000BF00BF00BF00BF00BF00BF00BF1960D9
:10393C0000BF00BF00BF00BF00BF00BF00BF00BF83
:10394C0000BF00BF00BF00BF00BF00BF00BF00BF73
:10395C0005F00F0142EA816141F0007B0AE000BFF3
:10396C00106E002000C00042701D0020741D00204D
:10397C00000140011960C3F800B000BF00BF00BFD8
:10398C0000BF00BF00BF00BF00BF00BF00BF00BF33
:10399C0000BF00BF00BF00BF00BF196000BF00BF69
:1039AC0000BF00BF00BF00BF00BF00BF00BF00BF13
:1039BC0000BF00BF00BF00BF00BF00BF019942EABB
:1039CC00816141F0007B1960C3F800B000BF00BFFB
:1039DC0000BF00BF00BF00BF00BF00BF00BF00BFE3
:1039EC0000BF00BF00BF00BF00BF00BF196000BF19
:1039FC0000BF00BF00BF00BF00BF00BF00BF00BFC3
:103A0C0000BF00BF00BF00BF00BF00BF00BF5968B0
:103A1C004FF0060B21F07051596042F000711960A3
:103A2C0000BF00BF00BF00BF00BF00BF00BF00BF92
:103A3C0000BF00BF00BF00BF00BF00BF00BF00BF82
:103A4C001A6000BF00BF00BF00BF00BF00BF00BFB7
:103A5C0000BF00BF00BF00BF00BF00BF00BF00BF62
:103A6C0000BFBBF1010BDAD1BEF1000F69D00CF134
:103A7C00FF37F4440CF1FF38196000BF00BF00BFE2
:103A8C0000BF00BF00BF00BF00BF00BF00BF00BF32
:103A9C0000BF00BF00BF00BF00BF9E681A6000BF20
:103AAC0000BF00BF00BF00BF00BF00BF00BF00BF12
:103ABC0000BF00BF00BF00BF00BF00BF00BF196048
:103ACC0000BF00BF00BF00BF00BF00BF00BF00BFF2
:103ADC0000BF00BF00BF00BF00BF00BF00BF00BFE2
:103AEC009D681A6000BF00BF00BF00BF00BF00BFD1
:103AFC0000BF00BF00BF00BF00BF00BF00BF00BFC2
:103B0C0000BF00BFB60EC5F3836545EA061507F87E
:103B1C00015F4745B0D1114AB4EB0E0412681A602C
:103B2C00596841F07D51596013D0704400F00F0179
:103B3C004FEA10594FEA1048070B0191060A050984
:103B4C00F9E5064A12681A60596841F07D515960CE
:103B5C00F1E503B0BDE8F08F704700BF106E002098
:103B6C00002A00F04782904B2DE9F04F964683B027
:103B7C001A6800F00F030509DFF838A200934FEA2A
:103B8C0010594FEA1048894B070B0195060A5C68DF
:103B9C0042F00122864D44F07D5442F48002D5F867
:103BAC0000C05C60DAF80040F44522EA040228BF49
:103BBC00F44622F0785242F0406442F0606B1A6096
:103BCC001C60C3F800B000BF00BF00BF00BF00BF47
:103BDC0000BF00BF00BF00BF00BF00BF00BF00BFE1
:103BEC0000BF00BF00BF00BF00BF00BF00BF1C6014
:103BFC0000BF00BF00BF00BF00BF00BF00BF00BFC1
:103C0C0000BF00BF00BF00BF00BF00BF00BF00BFB0
:103C1C0000BF00BF00BF00BF42F0005442F0085B81
:103C2C001C60C3F800B000BF00BF00BF00BF00BFE6
:103C3C0000BF00BF00BF00BF00BF00BF00BF00BF80
:103C4C0000BF00BF00BF00BF00BF00BF00BF1C60B3
:103C5C0000BF00BF00BF00BF00BF00BF00BF00BF60
:103C6C0000BF00BF00BF00BF00BF00BF00BF00BF50
:103C7C0000BF00BF00BF00BF09F00F0442EA84641C
:103C8C0044F0007B1C60C3F800B000BF00BF00BF55
:103C9C0000BF00BF00BF00BF00BF00BF00BF00BF20
:103CAC0000BF00BF00BF00BF00BF00BF00BF00BF10
:103CBC0000BF1C6000BF00BF00BF00BF00BF00BF43
:103CCC0000BF00BF00BF00BF00BF00BF00BF00BFF0
:103CDC0000BF00BF00BF00BF00BF00BF08F00F0453
:103CEC0042EA846444F0007B1C60C3F800B000BF5F
:103CFC0000BF00BF00BF00BF00BF00BF00BF00BFC0
:103D0C0000BF00BF00BF00BF00BF00BF00BF00BFAF
:103D1C0000BF00BF00BF1C6000BF00BF00BF00BFE2
:103D2C0000BF00BF00BF00BF00BF00BF00BF00BF8F
:103D3C0000BF00BF00BF00BF00BF00BF00BF00BF7F
:103D4C0007F00F0442EA846444F0007B1C60C3F863
:103D5C0000B000BF00BF00BF00BF00BF00BF00BF6E
:103D6C0000BF00BF00BF00BF00BF00BF00BF00BF4F
:103D7C0000BF00BF00BF00BF00BF1C6000BF00BF82
:103D8C0000BF00BF00BF00BF00BF00BF00BF00BF2F
:103D9C0000BF00BF00BF00BF00BF00BF00BF00BF1F
:103DAC0000BF00BF08E000BF106E002000C0004242
:103DBC00701D0020741D002006F00F0442EA84647C
:103DCC0044F0007B1C60C3F800B000BF00BF00BF14
:103DDC0000BF00BF00BF00BF00BF00BF00BF00BFDF
:103DEC0000BF00BF00BF00BF00BF00BF00BF00BFCF
:103DFC0000BF1C6000BF00BF00BF00BF00BF00BF02
:103E0C0000BF00BF00BF00BF00BF00BF00BF00BFAE
:103E1C0000BF00BF00BF00BF00BF00BF019C04F08B
:103E2C000F0442EA846444F0007B1C60C3F800B0C9
:103E3C0000BF00BF00BF00BF00BF00BF00BF00BF7E
:103E4C0000BF00BF00BF00BF00BF00BF00BF00BF6E
:103E5C0000BF00BF00BF00BF1C6000BF00BF00BFA1
:103E6C0000BF00BF00BF00BF00BF00BF00BF00BF4E
:103E7C0000BF00BF00BF00BF00BF00BF00BF00BF3E
:103E8C0000BF009C42EA846444F0007B1C60C3F8D1
:103E9C0000B000BF00BF00BF00BF00BF00BF00BF2D
:103EAC0000BF00BF00BF00BF00BF00BF00BF00BF0E
:103EBC0000BF00BF00BF00BF00BF1C6000BF00BF41
:103ECC0000BF00BF00BF00BF00BF00BF00BF00BFEE
:103EDC0000BF00BF00BF00BF00BF00BF00BF00BFDE
:103EEC0000BF00BFBCF1000F7DD00CEB0105013908
:103EFC006E1E11F8014F240942EA846444F00077E5
:103F0C001C601F6000BF00BF00BF00BF00BF00BF30
:103F1C0000BF00BF00BF00BF00BF00BF00BF00BF9D
:103F2C0000BF00BF00BF00BF00BF00BF1C6000BFD0
:103F3C0000BF00BF00BF00BF00BF00BF00BF00BF7D
:103F4C0000BF00BF00BF00BF00BF00BF00BF00BF6D
:103F5C0000BF00BF00BF0C7804F00F0442EA846479
:103F6C0044F000771C601F6000BF00BF00BF00BFA3
:103F7C0000BF00BF00BF00BF00BF00BF00BF00BF3D
:103F8C0000BF00BF00BF00BF00BF00BF00BF00BF2D
:103F9C001C6000BF00BF00BF00BF00BF00BF00BF60
:103FAC0000BF00BF00BF00BF00BF00BF00BF00BF0D
:103FBC0000BF00BF00BF00BF00BFB14299D10E4A85
:103FCC00BEEB0C0E12681A6011D06044294604092D
:103FDC004FEA1059019400F00F044FEA1048070BF8
:103FEC000094060AD3E5044A12681A60CFE503B0C0
:103FFC00BDE8F08F704700BF106E0020002A00F063
:10400C007D82914B8C462DE9F04F144683B01A6893
:10401C0000F00F03DFF83CA24FEA105901934FEA6E
:10402C001048070B894B060A05095968DFF828B2B6
:10403C0041F07D5142EA0B0B854AD2F800E0596001
:10404C00DAF80010A6452BEA010228BFA64622F09A
:10405C00785242F0605142F0685B1A601960C3F804
:10406C0000B000BF00BF00BF00BF00BF00BF00BF5B
:10407C0000BF00BF00BF00BF00BF00BF00BF00BF3C
:10408C0000BF00BF00BF00BF00BF196000BF00BF72
:10409C0000BF00BF00BF00BF00BF00BF00BF00BF1C
:1040AC0000BF00BF00BF00BF00BF00BF00BF00BF0C
:1040BC0000BF00BF42F0305142F0385B1960C3F8CA
:1040CC0000B000BF00BF00BF00BF00BF00BF00BFFB
:1040DC0000BF00BF00BF00BF00BF00BF00BF00BFDC
:1040EC0000BF00BF00BF00BF00BF196000BF00BF12
:1040FC0000BF00BF00BF00BF00BF00BF00BF00BFBC
:10410C0000BF00BF00BF00BF00BF00BF00BF00BFAB
:10411C0000BF00BF09F00F0142EA816141F0007B52
:10412C001960C3F800B000BF00BF00BF00BF00BFE4
:10413C0000BF00BF00BF00BF00BF00BF00BF00BF7B
:10414C0000BF00BF00BF00BF00BF00BF00BF1960B1
:10415C0000BF00BF00BF00BF00BF00BF00BF00BF5B
:10416C0000BF00BF00BF00BF00BF00BF00BF00BF4B
:10417C0000BF00BF00BF00BF08F00F0142EA816121
:10418C0041F0007B1960C3F800B000BF00BF00BF56
:10419C0000BF00BF00BF00BF00BF00BF00BF00BF1B
:1041AC0000BF00BF00BF00BF00BF00BF00BF00BF0B
:1041BC0000BF196000BF00BF00BF00BF00BF00BF41
:1041CC0000BF00BF00BF00BF00BF00BF00BF00BFEB
:1041DC0000BF00BF00BF00BF00BF00BF07F00F0152
:1041EC0042EA816141F0007B1960C3F800B000BF66
:1041FC0000BF00BF00BF00BF00BF00BF00BF00BFBB
:10420C0000BF00BF00BF00BF00BF00BF00BF00BFAA
:10421C0000BF00BF00BF196000BF00BF00BF00BFE0
:10422C0000BF00BF00BF00BF00BF00BF00BF00BF8A
:10423C0000BF00BF00BF00BF00BF00BF00BF00BF7A
:10424C0006F00F010AE000BF106E002000C0004213
:10425C00701D0020741D00200001400142EA8161A4
:10426C0041F0007B1960C3F800B000BF00BF00BF75
:10427C0000BF00BF00BF00BF00BF00BF00BF00BF3A
:10428C0000BF00BF00BF00BF00BF00BF00BF00BF2A
:10429C0000BF196000BF00BF00BF00BF00BF00BF60
:1042AC0000BF00BF00BF00BF00BF00BF00BF00BF0A
:1042BC0000BF00BF00BF00BF00BF00BF05F00F0173
:1042CC0042EA816141F0007B1960C3F800B000BF85
:1042DC0000BF00BF00BF00BF00BF00BF00BF00BFDA
:1042EC0000BF00BF00BF00BF00BF00BF00BF00BFCA
:1042FC0000BF00BF00BF196000BF00BF00BF00BF00
:10430C0000BF00BF00BF00BF00BF00BF00BF00BFA9
:10431C0000BF00BF00BF00BF00BF00BF00BF00BF99
:10432C00019942EA816141F0007B1960C3F800B049
:10433C0000BF00BF00BF00BF00BF00BF00BF00BF79
:10434C0000BF00BF00BF00BF00BF00BF00BF00BF69
:10435C0000BF00BF00BF00BF196000BF00BF00BF9F
:10436C0000BF00BF00BF00BF00BF00BF00BF00BF49
:10437C0000BF00BF00BF00BF00BF00BF00BF00BF39
:10438C0000BF59684FF0060B21F07051596042F094
:10439C000071196000BF00BF00BF00BF00BF00BFAD
:1043AC0000BF00BF00BF00BF00BF00BF00BF00BF09
:1043BC0000BF00BF00BF00BF00BF00BF1A6000BF3E
:1043CC0000BF00BF00BF00BF00BF00BF00BF00BFE9
:1043DC0000BF00BF00BF00BF00BF00BF00BF00BFD9
:1043EC0000BF00BF00BFBBF1010BD2D1BEF1000F6B
:1043FC0079D00CF1FF37F4440CF1FF38196000BF91
:10440C0000BF00BF00BF00BF00BF00BF00BF00BFA8
:10441C0000BF00BF00BF00BF00BF00BF00BF00BF98
:10442C0000BF00BF00BF9E681A6000BF00BF00BF86
:10443C0000BF00BF00BF00BF00BF00BF00BF00BF78
:10444C0000BF00BF00BF00BF00BF00BF00BF00BF68
:10445C0000BF196000BF00BF00BF00BF00BF00BF9E
:10446C0000BF00BF00BF00BF00BF00BF00BF00BF48
:10447C0000BF00BF00BF00BF00BF00BF9D681A6037
:10448C0000BF00BF00BF00BF00BF00BF00BF00BF28
:10449C0000BF00BF00BF00BF00BF00BF00BF00BF18
:1044AC0000BF00BF00BF00BFB60EC5F3836545EA71
:1044BC00061507F8015F4745A0D1114AB4EB0E046D
:1044CC0012681A60596841F07D51596013D07044DC
:1044DC0000F00F014FEA10594FEA1048070B0191F9
:1044EC00060A0509A1E5064A12681A60596841F0E6
:1044FC007D51596099E503B0BDE8F08F704700BF5E
:10450C00106E0020002A00F01181894B2DE9F04F2C
:10451C00964683B01A6800F00F030509DFF81CA259
:10452C0000934FEA10594FEA1048824B070B019544
:10453C00060A5C6842F001227F4D44F07D5442F43F
:10454C008002D5F800C05C60DAF80040F44522EA3D
:10455C00040228BFF44622F0785242F0406442F044
:10456C00606B1A601C60C3F800B000BF00BF00BFD6
:10457C0000BF00BF1C6000BF00BF00BF00BF00BF7A
:10458C0042F0005442F0085B1C60C3F800B000BF5E
:10459C0000BF00BF00BF00BF1C6000BF00BF00BF5A
:1045AC0000BF00BF09F00F0442EA846444F0007BB2
:1045BC001C60C3F800B000BF00BF00BF00BF00BF4D
:1045CC001C6000BF00BF00BF00BF00BF08F00F049D
:1045DC0042EA846444F0007B1C60C3F800B000BF66
:1045EC0000BF00BF00BF00BF1C6000BF00BF00BF0A
:1045FC0000BF00BF07F00F0442EA846444F0007B64
:10460C001C60C3F800B000BF00BF00BF00BF00BFFC
:10461C001C6000BF00BF00BF00BF00BF06F00F044E
:10462C0042EA846444F0007B1C60C3F800B000BF15
:10463C0000BF00BF00BF00BF1C6000BF00BF00BFB9
:10464C0000BF00BF019C04F00F0442EA846444F0F4
:10465C00007B1C60C3F800B000BF00BF00BF00BFF0
:10466C0000BF1C6000BF00BF00BF00BF00BF009CAC
:10467C0042EA846444F0007B1C60C3F800B000BFC5
:10468C0000BF00BF00BF00BF1C6000BF00BF00BF69
:10469C0000BF00BFBCF1000F41D00CEB010501398C
:1046AC006E1E11F8014F240942EA846444F000772D
:1046BC001C601F6000BF00BF00BF00BF00BF1C60BC
:1046CC0000BF00BF00BF00BF00BF0C7804F00F0498
:1046DC0042EA846444F000771C601F6000BF00BF96
:1046EC0000BF00BF00BF1C6000BF00BF00BF00BF09
:1046FC0000BFB142D5D10E4ABEEB0C0E12681A6047
:10470C0011D06044294604094FEA1059019400F075
:10471C000F044FEA1048070B0094060A09E7044AF5
:10472C0012681A6005E703B0BDE8F08F704700BF50
:10473C00106E002000C00042701D0020741D00206F
:10474C00002A00F02781944B8C462DE9F04F14463B
:10475C0083B01A6800F00F03DFF848A24FEA105933
:10476C0001934FEA1048070B8C4B060A0509596850
:10477C00DFF834B241F07D5142EA0B0B884AD2F893
:10478C0000E05960DAF80010A6452BEA010228BFB8
:10479C00A64622F0785242F0605142F0685B1A60F3
:1047AC001960C3F800B000BF00BF00BF00BF00BF5E
:1047BC00196000BF00BF00BF00BF00BF42F0305106
:1047CC0042F0385B1960C3F800B000BF00BF00BFF7
:1047DC0000BF00BF196000BF00BF00BF00BF00BF1B
:1047EC0009F00F0142EA816141F0007B1960C3F8C6
:1047FC0000B000BF00BF00BF00BF00BF196000BF0A
:10480C0000BF00BF00BF00BF08F00F0142EA81618A
:10481C0041F0007B1960C3F800B000BF00BF00BFBF
:10482C0000BF00BF196000BF00BF00BF00BF00BFCA
:10483C0007F00F0142EA816141F0007B1960C3F877
:10484C0000B000BF00BF00BF00BF00BF196000BFB9
:10485C0000BF00BF00BF00BF06F00F0142EA81613C
:10486C0041F0007B1960C3F800B000BF00BF00BF6F
:10487C0000BF00BF196000BF00BF00BF00BF00BF7A
:10488C0005F00F0142EA816141F0007B1960C3F829
:10489C0000B000BF00BF00BF00BF00BF196000BF69
:1048AC0000BF00BF00BF00BF019942EA816141F027
:1048BC00007B1960C3F800B000BF00BF00BF00BF91
:1048CC0000BF196000BF00BF00BF00BF00BF596828
:1048DC004FF0060B21F07051596042F000711960D5
:1048EC0000BF00BF00BF00BF00BF1A6000BF00BF09
:1048FC0000BF00BF00BFBBF1010BF0D1BEF1000F38
:10490C003DD00CF1FF37F4440CF1FF38196000BFB7
:10491C0000BF00BF00BF00BF9E681A6000BF00BF91
:10492C0000BF00BF00BF196000BF00BF00BF00BFC9
:10493C0000BF9D681A6000BF00BF00BF00BF00BF72
:10494C00B60EC5F3836545EA061507F8015F4745C2
:10495C00DCD1114AB4EB0E0412681A60596841F0AC
:10496C007D51596013D0704400F00F014FEA10597B
:10497C004FEA1048070B0191060A0509F7E6064AAB
:10498C0012681A60596841F07D515960EFE603B026
:10499C00BDE8F08F704700BF106E002000C00042D1
:1049AC00701D0020741D002000014001002A00F041
:1049BC009882904B2DE9F04F964683B01A6800F020
:1049CC000F030509DFF838A200934FEA10594FEA9C
:1049DC001048894B070B0195060A5C6842F00122CE
:1049EC00864D44F07D5442F48002D5F800C05C60E2
:1049FC00DAF80040F44522EA040228BFF44622F01B
:104A0C00785242F0406442F0606B1A601C60C3F84C
:104A1C0000B000BF00BF00BF00BF00BF00BF00BFA1
:104A2C0000BF00BF00BF00BF00BF00BF00BF00BF82
:104A3C0000BF00BF00BF00BF00BF00BF00BF00BF72
:104A4C0000BF1C6000BF00BF00BF00BF00BF00BFA5
:104A5C0000BF00BF00BF00BF00BF00BF00BF00BF52
:104A6C0000BF00BF00BF00BF00BF00BF00BF00BF42
:104A7C0000BF00BF42F0005442F0085B1C60C3F85A
:104A8C0000B000BF00BF00BF00BF00BF00BF00BF31
:104A9C0000BF00BF00BF00BF00BF00BF00BF00BF12
:104AAC0000BF00BF00BF00BF00BF00BF00BF00BF02
:104ABC0000BF1C6000BF00BF00BF00BF00BF00BF35
:104ACC0000BF00BF00BF00BF00BF00BF00BF00BFE2
:104ADC0000BF00BF00BF00BF00BF00BF00BF00BFD2
:104AEC0000BF00BF09F00F0442EA846444F0007B6D
:104AFC001C60C3F800B000BF00BF00BF00BF00BF08
:104B0C0000BF00BF00BF00BF00BF00BF00BF00BFA1
:104B1C0000BF00BF00BF00BF00BF00BF00BF00BF91
:104B2C0000BF00BF00BF1C6000BF00BF00BF00BFC4
:104B3C0000BF00BF00BF00BF00BF00BF00BF00BF71
:104B4C0000BF00BF00BF00BF00BF00BF00BF00BF61
:104B5C0000BF00BF00BF00BF08F00F0442EA84642E
:104B6C0044F0007B1C60C3F800B000BF00BF00BF66
:104B7C0000BF00BF00BF00BF00BF00BF00BF00BF31
:104B8C0000BF00BF00BF00BF00BF00BF00BF00BF21
:104B9C0000BF00BF00BF00BF00BF1C6000BF00BF54
:104BAC0000BF00BF00BF00BF00BF00BF00BF00BF01
:104BBC0000BF00BF00BF00BF00BF00BF00BF00BFF1
:104BCC0000BF00BF00BF00BF00BF00BF07F00F0455
:104BDC0042EA846444F0007B1C60C3F800B000BF60
:104BEC0000BF00BF00BF00BF00BF00BF00BF00BFC1
:104BFC0008E000BF106E002000C00042701D0020B5
:104C0C00741D002000BF00BF00BF00BF00BF00BF6D
:104C1C0000BF00BF00BF00BF00BF00BF00BF00BF90
:104C2C0000BF1C6000BF00BF00BF00BF00BF00BFC3
:104C3C0000BF00BF00BF00BF00BF00BF00BF00BF70
:104C4C0000BF00BF00BF00BF00BF00BF00BF00BF60
:104C5C0000BF00BF06F00F0442EA846444F0007BFE
:104C6C001C60C3F800B000BF00BF00BF00BF00BF96
:104C7C0000BF00BF00BF00BF00BF00BF00BF00BF30
:104C8C0000BF00BF00BF00BF00BF00BF00BF00BF20
:104C9C0000BF00BF00BF1C6000BF00BF00BF00BF53
:104CAC0000BF00BF00BF00BF00BF00BF00BF00BF00
:104CBC0000BF00BF00BF00BF00BF00BF00BF00BFF0
:104CCC0000BF00BF00BF00BF019C04F00F0442EA0C
:104CDC00846444F0007B1C60C3F800B000BF00BFCC
:104CEC0000BF00BF00BF00BF00BF00BF00BF00BFC0
:104CFC0000BF00BF00BF00BF00BF00BF00BF00BFB0
:104D0C0000BF00BF00BF00BF00BF00BF1C6000BFE2
:104D1C0000BF00BF00BF00BF00BF00BF00BF00BF8F
:104D2C0000BF00BF00BF00BF00BF00BF00BF00BF7F
:104D3C0000BF00BF00BF00BF00BF00BF00BF009C92
:104D4C0042EA846444F0007B1C60C3F800B000BFEE
:104D5C0000BF00BF00BF00BF00BF00BF00BF00BF4F
:104D6C0000BF00BF00BF00BF00BF00BF00BF00BF3F
:104D7C0000BF00BF00BF00BF00BF00BF00BF1C6072
:104D8C0000BF00BF00BF00BF00BF00BF00BF00BF1F
:104D9C0000BF00BF00BF00BF00BF00BF00BF00BF0F
:104DAC0000BF00BF00BF00BF00BF00BF00BF00BFFF
:104DBC00BCF1000F00F08E800CEB010501396E1E6A
:104DCC0011F8014F240942EA846444F000771C6016
:104DDC001F6000BF00BF00BF00BF00BF00BF00BF0F
:104DEC0000BF00BF00BF00BF00BF00BF00BF00BFBF
:104DFC0000BF00BF00BF00BF00BF00BF00BF00BFAF
:104E0C0000BF1C6000BF00BF00BF00BF00BF00BFE1
:104E1C0000BF00BF00BF00BF00BF00BF00BF00BF8E
:104E2C0000BF00BF00BF00BF00BF00BF00BF00BF7E
:104E3C0000BF00BF0C7804F00F0442EA846444F015
:104E4C0000771C601F6000BF00BF00BF00BF00BF29
:104E5C0000BF00BF00BF00BF00BF00BF00BF00BF4E
:104E6C0000BF00BF00BF00BF00BF00BF00BF00BF3E
:104E7C0000BF00BF00BF1C6000BF00BF00BF00BF71
:104E8C0000BF00BF00BF00BF00BF00BF00BF00BF1E
:104E9C0000BF00BF00BF00BF00BF00BF00BF00BF0E
:104EAC0000BF00BF00BF00BFB14289D10D4ABEEBAD
:104EBC000C0E12681A6011D06044294604094FEA9E
:104ECC001059019400F00F044FEA1048070B00949E
:104EDC00060A82E5034A12681A607EE503B0BDE853
:104EEC00F08F7047106E0020002A00F0D582904B96
:104EFC008C462DE9F04F144683B01A6800F00F036E
:104F0C00DFF838A24FEA105901934FEA1048070B0B
:104F1C00884B060A05095968DFF824B241F07D5127
:104F2C0042EA0B0B844AD2F800E05960DAF8001020
:104F3C00A6452BEA010228BFA64622F0785242F081
:104F4C00605142F0685B1A601960C3F800B000BF92
:104F5C0000BF00BF00BF00BF00BF00BF00BF00BF4D
:104F6C0000BF00BF00BF00BF00BF00BF00BF00BF3D
:104F7C0000BF00BF00BF00BF00BF00BF00BF196073
:104F8C0000BF00BF00BF00BF00BF00BF00BF00BF1D
:104F9C0000BF00BF00BF00BF00BF00BF00BF00BF0D
:104FAC0000BF00BF00BF00BF00BF00BF00BF00BFFD
:104FBC0042F0305142F0385B1960C3F800B000BFCA
:104FCC0000BF00BF00BF00BF00BF00BF00BF00BFDD
:104FDC0000BF00BF00BF00BF00BF00BF00BF00BFCD
:104FEC0000BF00BF00BF00BF00BF00BF00BF196003
:104FFC0000BF00BF00BF00BF00BF00BF00BF00BFAD
:10500C0000BF00BF00BF00BF00BF00BF00BF00BF9C
:10501C0000BF00BF00BF00BF00BF00BF00BF00BF8C
:10502C0009F00F0142EA816141F0007B1960C3F87D
:10503C0000B000BF00BF00BF00BF00BF00BF00BF7B
:10504C0000BF00BF00BF00BF00BF00BF00BF00BF5C
:10505C0000BF00BF00BF00BF00BF00BF00BF00BF4C
:10506C0000BF196000BF00BF00BF00BF00BF00BF82
:10507C0000BF00BF00BF00BF00BF00BF00BF00BF2C
:10508C0000BF00BF00BF00BF00BF00BF00BF00BF1C
:10509C0000BF00BF08F00F0142EA816141F0007BC4
:1050AC001960C3F800B000BF00BF00BF00BF00BF55
:1050BC0000BF00BF00BF00BF00BF00BF00BF00BFEC
:1050CC0000BF00BF00BF00BF00BF00BF00BF00BFDC
:1050DC0000BF00BF00BF196000BF00BF00BF00BF12
:1050EC0000BF00BF00BF00BF00BF00BF00BF00BFBC
:1050FC0000BF00BF00BF00BF00BF00BF00BF00BFAC
:10510C0000BF00BF00BF00BF07F00F0142EA816182
:10511C0041F0007B1960C3F800B000BF00BF00BFB6
:10512C0000BF00BF00BF00BF00BF00BF00BF09E051
:10513C00106E002000C00042701D0020741D002065
:10514C000001400100BF00BF00BF00BF00BF00BF97
:10515C0000BF00BF00BF00BF00BF00BF00BF00BF4B
:10516C00196000BF00BF00BF00BF00BF00BF00BF81
:10517C0000BF00BF00BF00BF00BF00BF00BF00BF2B
:10518C0000BF00BF00BF00BF00BF00BF00BF00BF1B
:10519C0000BF06F00F0142EA816141F0007B19600B
:1051AC00C3F800B000BF00BF00BF00BF00BF00BF0E
:1051BC0000BF00BF00BF00BF00BF00BF00BF00BFEB
:1051CC0000BF00BF00BF00BF00BF00BF00BF00BFDB
:1051DC0000BF00BF196000BF00BF00BF00BF00BF11
:1051EC0000BF00BF00BF00BF00BF00BF00BF00BFBB
:1051FC0000BF00BF00BF00BF00BF00BF00BF00BFAB
:10520C0000BF00BF00BF05F00F0142EA816141F011
:10521C00007B1960C3F800B000BF00BF00BF00BF27
:10522C0000BF00BF00BF00BF00BF00BF00BF00BF7A
:10523C0000BF00BF00BF00BF00BF00BF00BF00BF6A
:10524C0000BF00BF00BF00BF196000BF00BF00BFA0
:10525C0000BF00BF00BF00BF00BF00BF00BF00BF4A
:10526C0000BF00BF00BF00BF00BF00BF00BF00BF3A
:10527C0000BF00BF00BF00BF00BF019942EA8161BF
:10528C0041F0007B1960C3F800B000BF00BF00BF45
:10529C0000BF00BF00BF00BF00BF00BF00BF00BF0A
:1052AC0000BF00BF00BF00BF00BF00BF00BF00BFFA
:1052BC0000BF00BF00BF00BF00BF196000BF00BF30
:1052CC0000BF00BF00BF00BF00BF00BF00BF00BFDA
:1052DC0000BF00BF00BF00BF00BF00BF00BF00BFCA
:1052EC0000BF00BF00BF00BF00BF00BF59684FF038
:1052FC00060B21F07051596042F00071196000BF2B
:10530C0000BF00BF00BF00BF00BF00BF00BF00BF99
:10531C0000BF00BF00BF00BF00BF00BF00BF00BF89
:10532C0000BF00BF00BF00BF00BF00BF00BF1A60BE
:10533C0000BF00BF00BF00BF00BF00BF00BF00BF69
:10534C0000BF00BF00BF00BF00BF00BF00BF00BF59
:10535C0000BF00BF00BF00BF00BF00BF00BF00BF49
:10536C00BBF1010BCAD1BEF1000F00F08A800CF129
:10537C00FF37F4440CF1FF38196000BF00BF00BFC9
:10538C0000BF00BF00BF00BF00BF00BF00BF00BF19
:10539C0000BF00BF00BF00BF00BF00BF00BF00BF09
:1053AC0000BF00BF00BF00BF00BF9E681A6000BFF7
:1053BC0000BF00BF00BF00BF00BF00BF00BF00BFE9
:1053CC0000BF00BF00BF00BF00BF00BF00BF00BFD9
:1053DC0000BF00BF00BF00BF00BF00BF00BF19600F
:1053EC0000BF00BF00BF00BF00BF00BF00BF00BFB9
:1053FC0000BF00BF00BF00BF00BF00BF00BF00BFA9
:10540C0000BF00BF00BF00BF00BF00BF00BF00BF98
:10541C009D681A6000BF00BF00BF00BF00BF00BF87
:10542C0000BF00BF00BF00BF00BF00BF00BF00BF78
:10543C0000BF00BF00BF00BF00BF00BF00BF00BF68
:10544C0000BF00BFB60EC5F3836545EA061507F825
:10545C00015F474590D1114AB4EB0E0412681A60F3
:10546C00596841F07D51596013D0704400F00F0120
:10547C004FEA10594FEA1048070B0191060A05092B
:10548C0049E5064A12681A60596841F07D51596025
:10549C0041E503B0BDE8F08F704700BF106E0020EF
:1054AC00002A00F07E818E4B2DE9F04F964683B09A
:1054BC001A6800F00F030509DFF830A200934FEAD9
:1054CC0010594FEA1048874B070B0195060A5C6888
:1054DC0042F00122844D44F07D5442F48002D5F810
:1054EC0000C05C60DAF80040F44522EA040228BFF0
:1054FC00F44622F0785242F0406442F0606B1A603D
:10550C001C60C3F800B000BF00BF00BF00BF00BFED
:10551C0000BF00BF00BF00BF00BF1C6000BF00BFCA
:10552C0000BF00BF00BF00BF00BF00BF00BF00BF77
:10553C0042F0005442F0085B1C60C3F800B000BF9E
:10554C0000BF00BF00BF00BF00BF00BF00BF00BF57
:10555C0000BF1C6000BF00BF00BF00BF00BF00BF8A
:10556C0000BF00BF00BF00BF09F00F0442EA846413
:10557C0044F0007B1C60C3F800B000BF00BF00BF4C
:10558C0000BF00BF00BF00BF00BF00BF00BF1C605A
:10559C0000BF00BF00BF00BF00BF00BF00BF00BF07
:1055AC0000BF00BF08F00F0442EA846444F0007BA3
:1055BC001C60C3F800B000BF00BF00BF00BF00BF3D
:1055CC0000BF00BF00BF00BF00BF1C6000BF00BF1A
:1055DC0000BF00BF00BF00BF00BF00BF00BF00BFC7
:1055EC0007F00F0442EA846444F0007B1C60C3F8AB
:1055FC0000B000BF00BF00BF00BF00BF00BF00BFB6
:10560C0000BF00BF00BF1C6000BF00BF00BF00BFD9
:10561C0000BF00BF00BF00BF00BF00BF06F00F04FB
:10562C0042EA846444F0007B1C60C3F800B000BF05
:10563C0000BF00BF00BF00BF00BF00BF00BF00BF66
:10564C0000BF1C6000BF00BF00BF00BF00BF00BF99
:10565C0000BF00BF00BF00BF019C04F00F0442EA72
:10566C00846444F0007B1C60C3F800B000BF00BF32
:10567C0000BF00BF00BF00BF00BF00BF00BF00BF26
:10568C001C6000BF00BF00BF00BF00BF00BF00BF59
:10569C0000BF00BF00BF009C42EA846444F0007B62
:1056AC001C60C3F800B000BF00BF00BF00BF00BF4C
:1056BC0000BF00BF00BF00BF00BF1C6000BF00BF29
:1056CC0000BF00BF00BF00BF00BF00BF00BF00BFD6
:1056DC00BCF1000F5ED00CEB010501396E1E07E02A
:1056EC00106E002000C00042701D0020741D0020B0
:1056FC0011F8014F240942EA846444F000771C60DD
:10570C001F6000BF00BF00BF00BF00BF00BF00BFD5
:10571C0000BF00BF00BF1C6000BF00BF00BF00BFC8
:10572C0000BF00BF00BF00BF00BF00BF0C7804F07B
:10573C000F0442EA846444F000771C601F6000BFD1
:10574C0000BF00BF00BF00BF00BF00BF00BF00BF55
:10575C0000BF1C6000BF00BF00BF00BF00BF00BF88
:10576C0000BF00BF00BF00BFB142C1D10D4ABEEBAC
:10577C000C0E12681A6011D06044294604094FEAD5
:10578C001059019400F00F044FEA1048070B0094D5
:10579C00060A9CE6034A12681A6098E603B0BDE854
:1057AC00F08F7047106E0020002A00F02581934B7B
:1057BC002DE9F04F964683B01A6800F00F030509E7
:1057CC00DFF844A200934FEA10594FEA10488C4B73
:1057DC00070B0195060A5C6842F00122894D44F0E2
:1057EC007D5442F48002D5F800C05C60DAF80040C9
:1057FC00F44522EA040228BFF44622F0785242F023
:10580C00406442F0606B1A601C60C3F800B000BFCB
:10581C0000BF00BF00BF00BF00BF1C6000BF00BFC7
:10582C0000BF00BF00BF00BF42F0005442F0085B55
:10583C001C60C3F800B000BF00BF00BF00BF00BFBA
:10584C0000BF1C6000BF00BF00BF00BF00BF00BF97
:10585C0009F00F0442EA846444F0007B1C60C3F836
:10586C0000B000BF00BF00BF00BF00BF00BF1C6086
:10587C0000BF00BF00BF00BF00BF00BF08F00F0497
:10588C0042EA846444F0007B1C60C3F800B000BFA3
:10589C0000BF00BF00BF00BF00BF1C6000BF00BF47
:1058AC0000BF00BF00BF00BF07F00F0442EA8464D2
:1058BC0044F0007B1C60C3F800B000BF00BF00BF09
:1058CC0000BF00BF00BF1C6000BF00BF00BF00BF17
:1058DC0000BF00BF06F00F0442EA846444F0007B72
:1058EC001C60C3F800B000BF00BF00BF00BF00BF0A
:1058FC0000BF1C6000BF00BF00BF00BF00BF00BFE7
:10590C00019C04F00F0442EA846444F0007B1C60A8
:10591C00C3F800B000BF00BF00BF00BF00BF00BF96
:10592C001C6000BF00BF00BF00BF00BF00BF009CD9
:10593C0042EA846444F0007B1C60C3F800B000BFF2
:10594C0000BF00BF00BF00BF00BF1C6000BF00BF96
:10595C0000BF00BF00BF00BFBCF1000F45D00CEB77
:10596C00010501396E1E11F8014F240942EA8464C5
:10597C0044F000771C601F6000BF00BF00BF00BF79
:10598C0000BF00BF1C6000BF00BF00BF00BF00BF56
:10599C0000BF0C7804F00F0442EA846444F00077F2
:1059AC001C601F6000BF00BF00BF00BF00BF00BF76
:1059BC001C6000BF00BF00BF00BF00BF00BFB142F2
:1059CC00D1D10E4ABEEB0C0E12681A6011D0604495
:1059DC00294604094FEA1059019400F00F044FEACC
:1059EC001048070B0094060AF5E6044A12681A6080
:1059FC00F1E603B0BDE8F08F704700BF106E0020D9
:105A0C0000C00042701D0020741D0020002A00F010
:105A1C0047819E4B8C462DE9F04F144683B01A6893
:105A2C0000F00F03DFF870A24FEA105901934FEA10
:105A3C001048070B964B060A05095968DFF85CB24B
:105A4C0041F07D5142EA0B0B924AD2F800E05960CA
:105A5C00DAF80010A6452BEA010228BFA64622F070
:105A6C00785242F0605142F0685B1A601960C3F8DA
:105A7C0000B000BF00BF00BF00BF00BF00BF196077
:105A8C0000BF00BF00BF00BF00BF00BF42F03051DD
:105A9C0042F0385B1960C3F800B000BF00BF00BF14
:105AAC0000BF00BF00BF196000BF00BF00BF00BF38
:105ABC0000BF00BF09F00F0142EA816141F0007B99
:105ACC001960C3F800B000BF00BF00BF00BF00BF2B
:105ADC0000BF196000BF00BF00BF00BF00BF00BF08
:105AEC0008F00F0142EA816141F0007B1960C3F8B4
:105AFC0000B000BF00BF00BF00BF00BF00BF1960F7
:105B0C0000BF00BF00BF00BF00BF00BF07F00F0108
:105B1C0042EA816141F0007B1960C3F800B000BF1C
:105B2C0000BF00BF00BF00BF00BF196000BF00BFB7
:105B3C0000BF00BF00BF00BF06F00F0142EA816149
:105B4C0041F0007B1960C3F800B000BF00BF00BF7C
:105B5C0000BF00BF00BF196000BF00BF00BF00BF87
:105B6C0000BF00BF05F00F0142EA816141F0007BEC
:105B7C001960C3F800B000BF00BF00BF00BF00BF7A
:105B8C0000BF196000BF00BF00BF00BF00BF00BF57
:105B9C00019942EA816141F0007B1960C3F800B0C1
:105BAC0000BF00BF00BF00BF00BF00BF196000BF37
:105BBC0000BF00BF00BF00BF00BF59684FF0060B0D
:105BCC0021F07051596042F00071196000BF00BFA4
:105BDC0000BF00BF00BF00BF1A6000BF00BF00BF06
:105BEC0000BF00BF00BFBBF1010BEED1BEF1000F37
:105BFC0041D00CF1FF37F4440CF1FF38196000BFB1
:105C0C0000BF00BF00BF00BF00BF9E681A6000BF8E
:105C1C0000BF00BF00BF00BF00BF196000BF00BFC6
:105C2C0000BF00BF00BF00BF9D681A6000BF00BF6F
:105C3C0000BF00BF00BF00BFB60EC5F3836545EAC9
:105C4C00061507F8015F4745D8D1104AB4EB0E048E
:105C5C0012681A60596841F07D51596013D0704434
:105C6C0000F00F014FEA10594FEA1048070B019151
:105C7C00060A0509E1E6054A12681A60596841F0FE
:105C8C007D515960D9E603B0BDE8F08F106E00204D
:105C9C0000C00042701D0020741D00200001400156
:105CAC00704700BF002A00F0A0818E4B8C462DE976
:105CBC00F04F144683B01A6800F00F03DFF830A2DF
:105CCC004FEA105901934FEA1048070B864B060A0E
:105CDC0005095968DFF81CB241F07D5142EA0B0B03
:105CEC00824AD2F800E05960DAF80010A6452BEA97
:105CFC00010228BFA64622F0785242F0605142F0D1
:105D0C00685B1A601960C3F800B000BF00BF00BF29
:105D1C0000BF00BF00BF00BF00BF00BF00BF1960C5
:105D2C0000BF00BF00BF00BF00BF00BF00BF00BF6F
:105D3C0000BF00BF42F0305142F0385B1960C3F82D
:105D4C0000B000BF00BF00BF00BF00BF00BF00BF5E
:105D5C0000BF00BF00BF196000BF00BF00BF00BF85
:105D6C0000BF00BF00BF00BF00BF00BF09F00F01A4
:105D7C0042EA816141F0007B1960C3F800B000BFBA
:105D8C0000BF00BF00BF00BF00BF00BF00BF00BF0F
:105D9C0000BF196000BF00BF00BF00BF00BF00BF45
:105DAC0000BF00BF00BF00BF08F00F0142EA8161D5
:105DBC0041F0007B1960C3F800B000BF00BF00BF0A
:105DCC0000BF00BF00BF00BF00BF00BF00BF196015
:105DDC0000BF00BF00BF00BF00BF00BF00BF00BFBF
:105DEC0000BF00BF07F00F0142EA816141F0007B68
:105DFC001960C3F800B000BF00BF00BF00BF00BFF8
:105E0C0000BF00BF00BF00BF00BF196000BF00BFD4
:105E1C0000BF00BF00BF00BF00BF00BF00BF00BF7E
:105E2C0006F00F0142EA816141F0007B1960C3F872
:105E3C0000B000BF00BF00BF00BF00BF00BF00BF6D
:105E4C0000BF00BF00BF196000BF00BF00BF00BF94
:105E5C0000BF00BF00BF00BF00BF00BF05F00F01B7
:105E6C0042EA816141F0007B1960C3F800B000BFC9
:105E7C0000BF00BF00BF00BF00BF00BF00BF00BF1E
:105E8C0000BF196000BF00BF00BF00BF00BF00BF54
:105E9C0000BF00BF00BF00BF019942EA816141F021
:105EAC00007B1960C3F800B000BF00BF00BF00BF8B
:105EBC0000BF00BF00BF00BF00BF00BF196000BF24
:105ECC0000BF00BF00BF00BF00BF00BF00BF00BFCE
:105EDC0000BF59684FF0060B21F07051596042F029
:105EEC00007109E0106E002000C00042701D0020FF
:105EFC00741D002000014001196000BF00BF00BFED
:105F0C0000BF00BF00BF00BF00BF00BF00BF1A60D2
:105F1C0000BF00BF00BF00BF00BF00BF00BF00BF7D
:105F2C0000BF00BFBBF1010BE6D1BEF1000F51D099
:105F3C000CF1FF37F4440CF1FF38196000BF00BFBF
:105F4C0000BF00BF00BF00BF00BF00BF00BF00BF4D
:105F5C009E681A6000BF00BF00BF00BF00BF00BF3B
:105F6C0000BF00BF00BF00BF196000BF00BF00BF73
:105F7C0000BF00BF00BF00BF00BF00BF00BF9D68D7
:105F8C001A6000BF00BF00BF00BF00BF00BF00BF52
:105F9C0000BF00BF00BFB60EC5F3836545EA06150A
:105FAC0007F8015F4745C8D1104AB4EB0E041268DC
:105FBC001A60596841F07D51596013D0704400F05B
:105FCC000F014FEA10594FEA1048070B0191060ACE
:105FDC0005097EE6054A12681A60596841F07D5140
:105FEC00596076E603B0BDE8F08F7047106E002064
:105FFC00002A00F0CF81944B2DE9F04F964683B0E8
:10600C001A6800F00F030509DFF848A200934FEA65
:10601C0010594FEA10488D4B070B0195060A5C6826
:10602C0042F001228A4D44F07D5442F48002D5F8AE
:10603C0000C05C60DAF80040F44522EA040228BF94
:10604C00F44622F0785242F0406442F0606B1A60E1
:10605C001C60C3F800B000BF00BF00BF00BF00BF92
:10606C0000BF00BF00BF00BF00BF00BF00BF00BF2C
:10607C0000BF1C6000BF00BF00BF00BF00BF00BF5F
:10608C0000BF00BF00BF00BF00BF00BF00BF00BF0C
:10609C0042F0005442F0085B1C60C3F800B000BF33
:1060AC0000BF00BF00BF00BF00BF00BF00BF00BFEC
:1060BC0000BF00BF00BF00BF00BF1C6000BF00BF1F
:1060CC0000BF00BF00BF00BF00BF00BF00BF00BFCC
:1060DC0000BF00BF00BF00BF09F00F0442EA846498
:1060EC0044F0007B1C60C3F800B000BF00BF00BFD1
:1060FC0000BF00BF00BF00BF00BF00BF00BF00BF9C
:10610C0000BF00BF00BF1C6000BF00BF00BF00BFCE
:10611C0000BF00BF00BF00BF00BF00BF00BF00BF7B
:10612C0000BF00BF08F00F0442EA846444F0007B17
:10613C001C60C3F800B000BF00BF00BF00BF00BFB1
:10614C0000BF00BF00BF00BF00BF00BF00BF00BF4B
:10615C0000BF1C6000BF00BF00BF00BF00BF00BF7E
:10616C0000BF00BF00BF00BF00BF00BF00BF00BF2B
:10617C0007F00F0442EA846444F0007B1C60C3F80F
:10618C0000B000BF00BF00BF00BF00BF00BF00BF1A
:10619C0000BF00BF00BF00BF00BF00BF00BF1C603E
:1061AC0000BF00BF00BF00BF00BF00BF00BF00BFEB
:1061BC0000BF00BF00BF00BF00BF00BF06F00F0450
:1061CC0042EA846444F0007B1C60C3F800B000BF5A
:1061DC0000BF00BF00BF00BF00BF00BF00BF00BFBB
:1061EC0000BF00BF00BF00BF00BF1C6000BF00BFEE
:1061FC0000BF00BF00BF00BF00BF00BF00BF00BF9B
:10620C0000BF00BF00BF00BF019C04F00F0442EAB6
:10621C00846444F0007B1C60C3F800B000BF00BF76
:10622C0000BF00BF00BF00BF00BF00BF00BF00BF6A
:10623C0000BF00BF00BF00BF1C6000BF00BF00BF9D
:10624C0000BF00BF08E000BF106E002000C000427D
:10625C00701D0020741D002000BF00BF00BF00BFD8
:10626C0000BF00BF00BF00BF00BF009C42EA8464B7
:10627C0044F0007B1C60C3F800B000BF00BF00BF3F
:10628C0000BF00BF00BF00BF00BF00BF00BF00BF0A
:10629C0000BF00BF00BF1C6000BF00BF00BF00BF3D
:1062AC0000BF00BF00BF00BF00BF00BF00BF00BFEA
:1062BC0000BF00BFBCF1000F65D00CEB010501392C
:1062CC006E1E11F8014F240942EA846444F00077F1
:1062DC001C601F6000BF00BF00BF00BF00BF00BF3D
:1062EC0000BF00BF00BF00BF00BF00BF00BF00BFAA
:1062FC001C6000BF00BF00BF00BF00BF00BF00BFDD
:10630C0000BF00BF00BF00BF00BF00BF00BF0C78C4
:10631C0004F00F0442EA846444F000771C601F60B0
:10632C0000BF00BF00BF00BF00BF00BF00BF00BF69
:10633C0000BF00BF00BF00BF00BF00BF1C6000BF9C
:10634C0000BF00BF00BF00BF00BF00BF00BF00BF49
:10635C0000BF00BF00BF00BF00BFB142B1D10E4AA9
:10636C00BEEB0C0E12681A6011D060442946040969
:10637C004FEA1059019400F00F044FEA1048070B34
:10638C000094060A4BE6044A12681A6047E603B00A
:10639C00BDE8F08F704700BF106E0020002A00F09F
:1063AC00F881944B8C462DE9F04F144683B01A6853
:1063BC0000F00F03DFF848A24FEA105901934FEA9F
:1063CC001048070B8C4B060A05095968DFF834B2E4
:1063DC0041F07D5142EA0B0B884AD2F800E059603B
:1063EC00DAF80010A6452BEA010228BFA64622F0D7
:1063FC00785242F0605142F0685B1A601960C3F841
:10640C0000B000BF00BF00BF00BF00BF00BF00BF97
:10641C0000BF00BF00BF00BF00BF00BF00BF1960BE
:10642C0000BF00BF00BF00BF00BF00BF00BF00BF68
:10643C0000BF00BF00BF00BF00BF00BF42F0305123
:10644C0042F0385B1960C3F800B000BF00BF00BF5A
:10645C0000BF00BF00BF00BF00BF00BF00BF00BF38
:10646C0000BF00BF00BF196000BF00BF00BF00BF6E
:10647C0000BF00BF00BF00BF00BF00BF00BF00BF18
:10648C0000BF00BF09F00F0142EA816141F0007BBF
:10649C001960C3F800B000BF00BF00BF00BF00BF51
:1064AC0000BF00BF00BF00BF00BF00BF00BF00BFE8
:1064BC0000BF196000BF00BF00BF00BF00BF00BF1E
:1064CC0000BF00BF00BF00BF00BF00BF00BF00BFC8
:1064DC0008F00F0142EA816141F0007B1960C3F8BA
:1064EC0000B000BF00BF00BF00BF00BF00BF00BFB7
:1064FC0000BF00BF00BF00BF00BF00BF00BF1960DE
:10650C0000BF00BF00BF00BF00BF00BF00BF00BF87
:10651C0000BF00BF00BF00BF00BF00BF07F00F01EE
:10652C0042EA816141F0007B1960C3F800B000BF02
:10653C0000BF00BF00BF00BF00BF00BF00BF00BF57
:10654C0000BF00BF00BF00BF00BF196000BF00BF8D
:10655C0000BF00BF00BF00BF00BF00BF00BF00BF37
:10656C0000BF00BF00BF00BF06F00F0142EA81610F
:10657C0041F0007B1960C3F800B000BF00BF00BF42
:10658C0000BF00BF00BF00BF00BF00BF00BF00BF07
:10659C0000BF00BF00BF196000BF00BF00BF00BF3D
:1065AC0000BF00BF00BF00BF00BF00BF00BF00BFE7
:1065BC0000BF00BF05F00F0142EA816141F0007B92
:1065CC001960C3F800B000BF00BF00BF00BF00BF20
:1065DC0000BF00BF00BF00BF00BF00BF00BF00BFB7
:1065EC0000BF196000BF00BF00BF00BF00BF00BFED
:1065FC0000BF09E0106E002000C00042701D00209A
:10660C00741D00200001400100BF00BF00BF00BF8F
:10661C0000BF00BF00BF019942EA816141F0007BDD
:10662C001960C3F800B000BF00BF00BF00BF00BFBF
:10663C0000BF00BF00BF00BF00BF00BF00BF00BF56
:10664C0000BF196000BF00BF00BF00BF00BF00BF8C
:10665C0000BF00BF00BF00BF00BF00BF00BF00BF36
:10666C0059684FF0060B21F07051596042F00071DF
:10667C00196000BF00BF00BF00BF00BF00BF00BF5C
:10668C0000BF00BF00BF00BF00BF00BF00BF1A604B
:10669C0000BF00BF00BF00BF00BF00BF00BF00BFF6
:1066AC0000BF00BF00BF00BF00BF00BFBBF1010BAC
:1066BC00DED1BEF1000F61D00CF1FF37F4440CF1C8
:1066CC00FF38196000BF00BF00BF00BF00BF00BF94
:1066DC0000BF00BF00BF00BF00BF00BF00BF00BFB6
:1066EC009E681A6000BF00BF00BF00BF00BF00BFA4
:1066FC0000BF00BF00BF00BF00BF00BF00BF00BF96
:10670C00196000BF00BF00BF00BF00BF00BF00BFCB
:10671C0000BF00BF00BF00BF00BF00BF00BF9D682F
:10672C001A6000BF00BF00BF00BF00BF00BF00BFAA
:10673C0000BF00BF00BF00BF00BF00BF00BFB60E50
:10674C00C5F3836545EA061507F8015F4745B8D1DF
:10675C00104AB4EB0E0412681A60596841F07D516E
:10676C00596013D0704400F00F014FEA10594FEAF2
:10677C001048070B0191060A050926E6054A12681E
:10678C001A60596841F07D5159601EE603B0BDE8AE
:10679C00F08F7047106E00202DE9F8434F4E504992
:1067AC003068504A0968504B0243586822EA01028B
:1067BC0040F07D5022F0785142F07852586041F010
:1067CC007050196041F0405418601A6000BF00BF4F
:1067DC0000BF00BF00BF00BF00BF00BF00BF00BFB5
:1067EC00186000BF00BF00BF00BF00BF00BF00BFEC
:1067FC0000BF00BF00BF41F0A05241F0B0511A6081
:10680C00196000BF00BF00BF00BF00BF00BF00BFCA
:10681C0000BF00BF00BF1A6000BF00BF00BF00BFB9
:10682C0000BF00BF00BF00BF00BF00BF3768DFF86C
:10683C00C4801F6003F18D732C4D03F58F33D8F892
:10684C0004102A688333A3FB0232920C02EB8202FF
:10685C00D8F804305B1A9A42FAD8DFF88C9066218B
:10686C002046C9F80040FBF7A5FCC9F80070204B86
:10687C00D8F804102A68DFF87C80A3FB0232920C53
:10688C0002EB8202D8F804305B1A9A42FAD8DFF88D
:10689C00589099212046C9F80040FBF78BFC022048
:1068AC00C9F8007003F0A0FA20463521C9F8004061
:1068BC00FBF780FC32680E4B3224C9F80020D8F864
:1068CC0004002A680B49A3FB0232920C04FB02F26F
:1068DC004B681B1A9A42FBD8BDE8F883106E002057
:1068EC00741D00200001400100C000429C1C0020CF
:1068FC0083DE1B43001000E02DE9F04F3F21BB4825
:10690C002DED088B8DB004F087FDB94803F010F81D
:10691C004721B84804F080FDB54803F009F84E2132
:10692C00B54804F079FDB24803F002F8B34B1B787C
:10693C00002B00F02E82B24B3B22DFEDB29A049377
:10694C00B14B9FEDB29A0993B14B9FEDB2BA05933F
:10695C00B14BDFEDB2AA03930023DFF80493DFF809
:10696C000483AF4F9FEDAFAACDE90023AE4B019A44
:10697C0093F90030934202D01046FBF79FFBFFF7D0
:10698C000BFF00262023A94A13604FF0000AB50024
:10699C005446A74A009B02F8013F4A45A3F1630302
:1069AC00F9D14FF40052A3492046FCF7B1FC4FF447
:1069BC00005258F8053020469F499847A9F50052D7
:1069CC009E4B13F8011F12F8010F884218BF0AF1F1
:1069DC00010ABB42F5D104F50054B4F5802FD8D18F
:1069EC00BAF1000F00F0DA8101360A2ECDD14FF04A
:1069FC00FF3A0925CDF808A00022AA4600269500EA
:106A0C0006923446A9F50052009B02F8013F4A4514
:106A1C00A3F16303F9D18A4B4FF4005285493046F8
:106A2C005B5998474FF4005258F82A303046824947
:106A3C009847A9F50052814B13F8011F12F8010F6A
:106A4C00884218BF0134BB42F6D106F50056B6F5A4
:106A5C00802FD7D1069A002C00F0A68101320A2A89
:106A6C00CCD155464FF0FF33DDF808A0092608932A
:106A7C006E4A2023CDF808A0AA46136008220025F0
:106A8C0006922C46A9F500523B2302F8013F4A45D9
:106A9C00A3F16303F9D16A4B4FF4005265492846C0
:106AAC0053F8263098474FF4005258F82A302846AD
:106ABC0061499847A9F50052604B13F8010F12F881
:106ACC00011F884218BF0134BB42F6D105F50055B1
:106ADC00B5F5000FD6D1069A002C00F07281082E65
:106AEC0000F368810136013AC9D1059B55460B214B
:106AFC00544803F8016B0593039BDDF808A003F8D9
:106B0C00015B039304F088FC0199394802F004FFFF
:106B1C002B214D4804F080FC4C4B35481C4653F857
:106B2C00261002F0F9FE0621494804F075FC54F8D1
:106B3C0025102F4802F0F0FE0721464804F06CFCAB
:106B4C002B4802F0F5FE2846FBF738FA099BCDF8E6
:106B5C0028A023F8020B0993344B18600020CDE9D0
:106B6C0006000290A9F50052009B029C02F8013F1E
:106B7C004A45A3F16303F9D1314B4FF4005202940F
:106B8C00354C53F826302B49D4F804A00B90984779
:106B9C006368069AA3EB0A030B9827491A4458F822
:106BAC002530D4F804A006924FF40052984763683D
:106BBC00079AA3EB0A03029C0B981A441F4B0792EB
:106BCC00A9F5005213F801CF12F8011F8C4518BF1C
:106BDC000134BB42F6D100F500500294B0F5802F81
:106BEC00C0D11E4B06219DED067A3DE09802002097
:106BFC00A01C0020D8020020200300209E90002022
:106C0C00D06D002000008048BC6D00200024744929
:106C1C00046E002000007A44F86D00209A99A1417E
:106C2C009F44002000000000E21D0020701D002089
:106C3C009F440020A0440020A02400209F2400207A
:106C4C00B8140020700300207C030020E014002006
:106C5C00A8030020B0030020001000E09C1C0020C2
:106C6C009F64002090140020D3ED006AB8EE477AA0
:106C7C00DDED077AF8EE666A6A48F8EE677A029CF0
:106C8C00DDF828A087EE266A89EE867AC7EE09BA67
:106C9C0093ED007AB8EE477AC7EE876AC9EEA67A0A
:106CAC00C7EE898A78EEA87A8BEE278A04F0B4FBBB
:106CBC0001995D4802F030FE06215A4804F0ACFB05
:106CCC00089B013300F08980584B089A564853F8BA
:106CDC00221002F021FE0221554804F09DFB534B7B
:106CEC00514853F8261002F017FE0821514804F0C1
:106CFC0093FBBAF1FF3F00F08D804C4B4A4853F8A0
:106D0C002A1002F009FE0221494804F085FB474B8A
:106D1C00454853F8251002F0FFFD0621414804F0C8
:106D2C007BFBB7EEEB0A02213F4802F021FE042167
:106D3C00414804F071FBB7EEE80A02213A4802F030
:106D4C0017FE04213C4804F067FBB7EEC80A002C80
:106D5C0048D0049B0121344883ED00AA02F008FEC0
:106D6C000721364804F058FB1321354804F054FB36
:106D7C002D4802F0DDFD049B019A0433013204938B
:106D8C00009B0192573300932E4B1B7893423FF795
:106D9C00EDAD0DB0BDEC088BBDE8F08F092EB24601
:106DAC003FF427AE751C25E655461646DDF808A0BF
:106DBC0008925DE6BAF1080F3FF797AE0AF1010AA7
:106DCC0091E6059B5546DDF808A003F8016B059389
:106DDC00039B03F8015B0393B5E602211A4804F008
:106DEC001BFB78E7049B01210F4883ED008A02F01E
:106DFC00BFFD0721114804F00FFBB4EEEA8AF1EE57
:106E0C0010FA0CD51148082104F006FB064802F0D4
:106E1C008FFDB0E702210C4804F0FEFA73E70C4832
:106E2C00F1E700BFB8030020A01C0020E0140020F4
:106E3C00C4030020C8030020D4030020DC0300207E
:106E4C00E40300209E900020C0030020800200205C
:106E5C008C0200202DE9F04FB74C8BB01821B748AD
:106E6C0004F0DAFA00230A222178B54802F06EFD0C
:106E7C002221B44804F0D0FAB14802F059FD23782D
:106E8C00002B00F0E5824321AF4804F0C5FAAC4872
:106E9C0002F04EFDAA48102402F04AFD1A21AB481C
:106EAC0004F0BAFAA64802F043FDA94B2020402278
:106EBC00C3F88440C3F88400C3F8842003F18D73B5
:106ECC00A449A54E03F58F33486883333268A3FB7E
:106EDC000232920C02EB82024B681B1A9A42FBD8CC
:106EEC001F219E4804F098FA954802F021FD9C4A17
:106EFC000023DFF87CA201929A4A069304929A4AE4
:106F0C00944C1370DFF86CB2984B914D0793019B26
:106F1C0013F8012BCDE90132049B13F8011BCDE9C9
:106F2C0003138AB3029B4FF08072012B884BC3F87A
:106F3C0084204FF48002C3F884204FF48072C3F88D
:106F4C00842000F09D82029A022A1AD1039A12F030
:106F5C00010F4FF0100240F07882C3F88820039B99
:106F6C00202213F0020F7A4B00F08782C3F88420A2
:106F7C00039B402213F0040F754B00F07982C3F889
:106F8C0084204FF005080EE0714B4FF080724FF0EB
:106F9C003008C3F884204FF48002C3F884204FF4E7
:106FAC008072C3F8842061683268ABFB0232920CA9
:106FBC0002EB820263685B1A9A42FBD801213520EE
:106FCC0002F068FF4FF0007301213220C5F88830C1
:106FDC004FEA081702F05EFF4FF080530121362074
:106FEC00C5F884300AEB081802F054FF4FF0005338
:106FFC0001213420C5F8843002F04CFF01213120EE
:10700C0002F048FFD8F80C205AF80730C3F8882053
:10701C0060683168ABFB0121890C6268121A9142DD
:10702C00FBD84FF080614FF000624FF080594FF069
:10703C0000580593C5F88410C5F88420C5F88490D1
:10704C00C5F88480FAF788FF4FF080614FF000623A
:10705C00C5F88410C5F88820C5F88490C5F88880D8
:10706C00FAF77AFF0AEB0702059BD268C3F8842073
:10707C00C5F88490C5F8848060683168ABFB012149
:10708C00890C01EB81016268121A9142FBD80AEB60
:10709C000702D268C3F8882061683268ABFB023201
:1070AC00920C63685B1A9A42FBD8012134204FF092
:1070BC0007094FF0660802F0EDFE06E0C5F88430D3
:1070CC00FAF74AFFB9F101090DD348FA09F313F0A5
:1070DC00010F4FF08063F1D1C5F88830FAF73CFF0F
:1070EC00B9F10109F1D20AEB07035AF80700DB6882
:1070FC00C0F8843061683268ABFB0232920C02EB50
:10710C00820263685B1A9A42FBD80AEB0703DB68BE
:10711C00C0F8883061683268ABFB0232920C63684D
:10712C005B1A9A42FBD8012134204FF007084FF02C
:10713C00990902F0AFFE26E0A5900020F80300208C
:10714C00A01C00201404002038040020BC040020E3
:10715C0000C00042001000E09C1C0020D80400205D
:10716C0094150020601500209E9000206C150020C6
:10717C00A416002083DE1B43C5F88430FAF7ECFE1E
:10718C00B8F101080DD349FA08F313F0010F4FF0D1
:10719C008063F1D1C5F88830FAF7DEFEB8F101084A
:1071AC00F1D20AEB07085AF807300220D8F80C2065
:1071BC00C3F8842002F018FED8F80C205AF80730D7
:1071CC00C3F8882061683268ABFB0232920C6368AA
:1071DC005B1A9A42FBD8012134204FF007094FF07B
:1071EC009F0802F057FE06E0C5F88430FAF7B4FEAB
:1071FC00B9F101090DD348FA09F313F0010F4FF05F
:10720C008063F1D1C5F88830FAF7A6FEB9F101090F
:10721C00F1D24FF008094FF080680121342002F0C0
:10722C0039FEC5F88880FAF797FEB9F10109F8D153
:10723C004FF008094FF080680121342002F02AFE3B
:10724C00C5F88880FAF788FEB9F10109F8D14FF03A
:10725C0008094FF080680121342002F01BFEC5F8AC
:10726C008880FAF779FEB9F10109F8D10DF11F0800
:10727C000021312002F00EFE082200214FF0007098
:10728C00C5F88400AB68D4F804E0C3F3C06343EAE8
:10729C0041013368ABFB033C4FEA9C4C6368A3EBA6
:1072AC000E039C45FAD8C5F88800D4F804E033687E
:1072BC00ABFB033C4FEA9C4C6368A3EB0E039C4571
:1072CC00FAD8013ADCD10DF1270308F8011F434528
:1072DC00CED10AEB07025AF807307348D268C3F8CC
:1072EC008420724B61683268A3FB0232920C02EB71
:1072FC00820243685B1A9A42FBD86D4B4FF0807246
:10730C00C3F884204FF48002C3F884204FF48072B9
:10731C00C3F884209DF82080B8F10D0F00F0A080F8
:10732C0000270421634804F077F8079B53F8049B6B
:10733C000793B9F1000F06D0484604F099FE0146B8
:10734C00484604F069F8484604F092FE0C28814641
:10735C0007D809F10109202004F04AF8B9F10D0F02
:10736C00F7D1002F51D10921534804F055F83B4671
:10737C0041461022514802F0E9FA202004F038F876
:10738C003B4610229DF821104C4802F0DFFA0121F7
:10739C004B4804F041F8494802F0CAFA019B494AAB
:1073AC0093427FF4B4AD0A21474804F035F84749BD
:1073BC0000230A220C464148097802F0C7FA092139
:1073CC00434804F029F8217800230A22C9003B48DD
:1073DC0002F0BCFA03213F4804F01EF8374802F0D3
:1073EC00A7FA069B002B4ED047213B4804F014F81B
:1073FC00324802F09DFA4921384804F00DF82F4824
:10740C000BB0BDE8F04F02F093BA1221344804F0EF
:10741C0003F82E4900230A220F462848097802F067
:10742C0095FA264802F084FA3B782E4A394602989F
:10743C00039FD05402282C4AD75403F101030B703C
:10744C00ACD1069B01330693A8E7C3F8842086E5EC
:10745C003D21264803F0E0FF184802F069FA19E5CF
:10746C009DF82170A7F15D07B7FA87F77F0958E7F8
:10747C004FF00508C3F8882095E5C3F8882077E518
:10748C004FF033088FE54921194803F0C5FF0B482D
:10749C0002F04EFA4B21174803F0BEFF074802F0EA
:1074AC0047FA4A211448A8E7001000E083DE1B438A
:1074BC0000C00042D40300200C050020A01C0020BA
:1074CC00180500209E1500201C0500209E90002011
:1074DC0028050020340500201C060020640600202E
:1074EC00F8040020147E0020B06D00207C040020E5
:1074FC003805002084050020D00500202DE9F04738
:10750C007A4D40F2EE287A4C7A4FDFF820922E68B2
:10751C0003F0FEFF2378002B00F0D6803B78DA07CF
:10752C0040F1D2802B68D9F800209B1A0E2B40F228
:10753C00CB807149714A0B6843F002030B600B68F6
:10754C0043F001030B600B68DB0700F1CB806A4A48
:10755C00136843F002031360BFF34F8F684B05228F
:10756C00DA665A679A67DA67C3F88020C3F8842012
:10757C00C3F88820BFF34F8F03F13F736149624A10
:10758C00642403F5BD43486812680333A3FB02323D
:10759C00920C04FB02F24B681B1A9A42FBD8012195
:1075AC00022002F077FC01210320302402F072FC4F
:1075BC000121042002F06EFC0121052002F06AFC7E
:1075CC00524B4FF48072C3F88420E0B20134012195
:1075DC0002F060FC372CF8D14C4B4FF0E0204C4AB9
:1075EC001C6848492243DFF848C11A600CF5006E4C
:1075FC005A6842F07D525A600022D0F8FC3D43F0AC
:10760C008073C0F8FC3D0B6843F001030B606146CE
:10761C0002F07F032532403B01F8013F7145F7D161
:10762C003C4A3D4B02F5805793F90050083313F94F
:10763C00064C13F9070CADB213F9051CA4B213F9DF
:10764C0004AC80B213F9029C89B213F9038C45EA9D
:10765C000A4513F9016C44EA094440EA084041EA3E
:10766C000641C2E90054C2E902011032BA42DBD130
:10767C0000231CF9012FF4451344FAD1274D284A55
:10768C00284C05F580561360231F284613F9011F5B
:10769C00083093F9042089B293F908E09C4293F9DD
:1076AC000CC092B241EA0E4142EA0C4240E902128D
:1076BC00ECD120351034AE42E6D100220F491A48E5
:1076CC00BDE8F04701F046BE2B6822789B1B32B117
:1076DC00B3F5FA6F3FF62DAF03F01AFF18E74345E9
:1076EC00FAD926E7013A7FF42EAF30E77C900020E0
:1076FC00AD900020AC90002000402A4040420F008A
:10770C0000801F40001000E09C1C002000C00042C4
:10771C0000014001146E0020A0640020207E002097
:10772C00608E0020A3640020B01C00208C900020F0
:10773C009F64002000000000BA4B2DE9F04F1C782C
:10774C002DED068B9BB0002C40F09E87B64802F0C6
:10775C00EFF84221B54803F05FFEB34802F0E8F8B9
:10776C003B21B34803F058FEAF4802F0E1F8422148
:10777C00AE4803F051FEAC4802F0DAF8FFF76AFBB2
:10778C00AC4B02931B78002B01F028821E21AA48D7
:10779C0003F042FEA44802F0CBF8A84A40230E9214
:1077AC001360029B1B7843B3A54B3B25DFF8E0B27B
:1077BC000A930A9B93F90030A34202D02046FAF7B1
:1077CC007DFC0026FEF7E8FF9E4A2B4602F8013F9F
:1077DC005A45A3F16303F9D1304606F500564FF430
:1077EC0000529949FDF7E0FFB6F5803FECD1029BC2
:1077FC00013457351B789C42DBDB1921934803F08D
:10780C000BFE894802F094F8029B1D78002D47D09E
:10781C0000258B4B4FF03B088D4F2E460A930A9B4D
:10782C0093F90030B34202D03046FAF747FC0024FB
:10783C00A1464FF4005287494846FEF733FA864A70
:10784C00434612F8010FA3F163019842CBB218BF63
:10785C000134BA42F5D109F50059B9F5803FE8D1A8
:10786C0006217E4803F0D8FD31466F4802F054F8EB
:10787C0006217A4803F0D0FD00230A2221466A48EB
:10788C0002F064F8684802F053F804B90135029B21
:10789C00013608F157081B785FFA88F89E42BEDB68
:1078AC0004216F4803F0B8FD29465F4802F034F814
:1078BC0004216C4803F0B0FD029C00230A222178BD
:1078CC00594802F043F81A21674803F0A5FD5648C1
:1078DC0002F02EF82378AB4201F31C84FFF70CF86E
:1078EC003E21624803F098FD4F4802F021F8222116
:1078FC005F4803F091FD4C4802F01AF8029B1B788C
:10790C00002B01F013844E4B0025DFF888B10A934D
:10791C00584B594E0F939FED599A594BDFF878916C
:10792C00584CDFF878A113930A9B93F90030AB42C3
:10793C0002D02846FAF7C2FBB9F800204F460E9B3E
:10794C001A6072B1C5EBC5033F4905EB83035018B0
:10795C00C3EB83033B3301F8013B8842A3F1630380
:10796C00F9D11BF8013B0020374909F1020954F801
:10797C002330DAF8048098470F9A002016F8013B60
:10798C00344952F82330DAF80420A2EB0802DAF872
:10799C00048008EE102A0E9A12689847DAF8043020
:1079AC00F8EE487A0621A3EB08032C4807EE103AB0
:1079BC00139B67EE897AB8EE477AD3ED006AF8EE3E
:1079CC00666A27EE097A87EE268A93ED007AB8EE7E
:1079DC00477AC7EE878A03F01FFD2946124801F04B
:1079EC009BFF06211D4803F017FD39880E4801F056
:1079FC0093FF0621244803F00FFDB7EEC80A0221BD
:107A0C00094801F0B5FF0621204803F005FD0221CD
:107A1C000548B7EEE80A01F0ABFF06211B4803F05E
:107A2C00FBFC3DE09F900020A01C0020E007002004
:107A3C00640A00209E900020300D0020701D002054
:107A4C00E21D00209F440020A0440020500D002087
:107A5C009F440020A02400209F240020B803002075
:107A6C00D40300206C0D0020740D0020D40D0020D8
:107A7C00140E002090140020F86D0020002474498E
:107A8C009C1C0020B8140020AC0E0020B40E00206A
:107A9C009F640020046E0020BC6D0020001000E0EC
:107AAC00B4EEE88AF2EE007AF1EE10FA38FE288A8B
:107ABC00B4EEE78AF1EE10FA40F32F87A7480421C1
:107ACC00013503F0A9FCA64801F032FF029B1B789C
:107ADC009D42FFF629AF3F21A24803F09DFCA04830
:107AEC0001F026FF0C21A04803F096FC00230A228B
:107AFC004FF480619A4801F029FF23219B4803F041
:107B0C008BFC974801F014FF029B1B78002B34D0A0
:107B1C00974B3B25974E4FF0000ADFF89482964C1A
:107B2C00DFF890B20A930A9B93F90030534502D0C8
:107B3C005046FAF7C3FA38F8023B00270E9A136046
:107B4C008E4A2B4602F8013F5A45A3F16303F9D143
:107B5C003378384607F500574FF4005254F8233069
:107B6C0087499847B7F5801FEAD1029B0AF1010AB1
:107B7C00013601351B789A45D5DB4A21814803F043
:107B8C004BFC774801F0D4FE029B1E78002E00F0CF
:107B9C009380DFF824B24FF0000A754BDBF80090AD
:107BAC000A93794F794BDFF814B201930A9B93F93E
:107BBC000030534502D05046FAF780FA4FF00008D7
:107BCC0020230E9A354644460F9713604FF400520B
:107BDC006F4920466E4FFDF787F900233E46474616
:107BEC009C469E46A84603940BEB0E104FEA8E045F
:107BFC000EF1020ED6E900125BF824400836150986
:107C0C0002F00F3205940C09049201F00F31426816
:107C1C0004F00F3405F00F355FFA8EFE0692826881
:107C2C000792C26808920269099242690B928269B2
:107C3C00C0690C920D90059A2FFA81F02FFA91F1F0
:107C4C0020FB02C0069A21FB0201079A2FFA84F04E
:107C5C002FFA94F420FB0210089A24FB020C0498CF
:107C6C00099A2FFA80F121FB02310B9B2FFA90F22B
:107C7C000D9822FB03120C992FFA85F323FB012399
:107C8C002FFA95F222FB0033019AB242ACD1039C3D
:107C9C006344454604F50054A3EB8913B4F5801FE7
:107CAC0007EB030892D10AF1010A0F9F2E465545A6
:107CBC0047F8048B7FF47AAF3D21364803F0ACFBD8
:107CCC00274801F035FE029B1E78002E01F034820D
:107CDC002D4B4FF0000CDFED309A1493E1462F4BF7
:107CEC00DFED2F8A1593224B9FED2E9A0A932E4B84
:107CFC00DFF8C8A00F93254BDFF8BCB001932B4BDA
:107D0C00CDF840C00D93CDE911CC0A9B109A93F994
:107D1C000030934202D01046FAF7D0F920230E9A85
:107D2C00214E002513604FF00008CDF85C90D14631
:107D3C00169547460B96CDF830B00B9B4FF400527E
:107D4C00134938461B68C24698474FF0000CDFF8C1
:107D5C004080BB46E646644632E000BFB0060020D9
:107D6C00A01C0020380E0020780E0020880E002069
:107D7C00E21D0020046E0020B81400209F44002057
:107D8C00A0440020BC0E0020948E0020A0440020B3
:107D9C00A0240020080F002000008049F86D00206E
:107DAC00002474490000004A90140020E0140020C4
:107DBC00BC6D00209F640020608E0020146E00209B
:107DCC0009EB0411A00002344F6859F82000E4B20A
:107DDC0004978F6803900597CF680697D1E90476CE
:107DEC00D8E90023079608F108088E6915091809C7
:107DFC00C969089602F00F3205F00F3503F00F3306
:107E0C0000F00F30039E09912FFA82F12FFA92F2B3
:107E1C0021FB06E1049E22FB0612059E2FFA85F13A
:107E2C002FFA95F521FB0621069A089E25FB021ECA
:107E3C0007992FFA83F22FFA93F322FB07C22FFA3A
:107E4C0080FC23FB01232CFB063C019B0999434539
:107E5C002FFA90F020FB01CCB2D10C9A0EEB0C0354
:107E6C000BF500571268B7F5801FA3EB82130AEBD2
:107E7C0003087FF462AF149ACA46169D1368DDF8A6
:107E8C005C9098451692DDE90B6B00F0F686013597
:107E9C0004360A2D7FF447AF09239A4F1D46159AD5
:107EAC004FF0000802F8013B4446974B15925E6870
:107EBC00CDF86490CDE917564FF400529349204603
:107ECC00B946B8470023914F9C469E460AEB0E10CC
:107EDC004FEA8E050EF1020ED7E900125AF8255022
:107EEC000837160902F00F3204950D09039201F0C0
:107EFC000F31426805F00F3506F00F365FFA8EFE33
:107F0C00059282680692C2680792026908924269D9
:107F1C0009928269C0690B920C90049A2FFA81F035
:107F2C002FFA91F120FB02C0059A21FB0201069A5F
:107F3C002FFA85F02FFA95F520FB0210079A25FBF6
:107F4C00020C0398089A2FFA80F121FB0231099B4D
:107F5C002FFA90F20C9822FB03120B992FFA86F34E
:107F6C0023FB01232FFA96F222FB0033019ABA422B
:107F7C00ACD1634404F50054DBF800204F46B4F553
:107F8C00801FA3EB8213984496D15F4B0621119A64
:107F9C005B68DDF864905E48DDE917569B1B9A1808
:107FAC0007EE903A129BF8EE677A119243F10003B8
:107FBC0018EB09061293B146139B93ED007AB8EEB9
:107FCC00477A87EE878A03F027FA1099514801F017
:107FDC00A3FC0F21504803F01FFA0D9B53F82540CA
:107FEC00092C41F3168021464A4801F095FC0E21DC
:107FFC004A4803F011FAC9EE887A0221454887EE07
:10800C00A80AB7EEC00A01F0B3FC0421444803F0FF
:10801C0003FAC9EE087A02213E4887EEA80AB7EEA9
:10802C00C00A01F0A5FC04213D4803F0F5F9DFED91
:10803C003D7A0121374828EE270AB7EEC00A01F035
:10804C0097FC169B149A1B6804329845149200F006
:10805C001A861121344803F0DFF92E4801F068FC30
:10806C00109A029B01321B7810929A42FFF64DAE89
:10807C0029212E4803F0D0F9264801F059FC029B27
:10808C0093F80090B9F1000F01F05A80284B4FF093
:10809C00000A109600210F930025264B5646264CBD
:1080AC00264FDFF89CB0DFF89C800A930A9B93F96B
:1080BC000030534504D050460191F9F7FFFF019968
:1080CC000F9A4FF0000932F8023B0F920E9A136090
:1080DC000D4B58680D942C461691CDE9140AB246F6
:1080EC000D9B48464FF4005208491B784E46DFF86A
:1080FC00589057F8233098474FF0000CE646CDF8CF
:10810C0004C023E0F92F0000001000E0A0240020A0
:10811C00B8030020A01C0020480F0020580F00209E
:10812C00D403002000007A44D0060020680F002001
:10813C00BC6D0020E21D0020F86D00209014002082
:10814C00608E0020207E00209C240020019859F88D
:10815C00043FC200451C08EB401158F822201809B6
:10816C00049205F07F024D6800F0033001929A08EA
:10817C0005958D6802F0033203909809069503F07B
:10818C000333CD6800F0033007950D6908954D69F0
:10819C0009958D69C9690B950C91049D2FFA83F192
:1081AC002FFA93F321FB05E1059D2FFA80FE23FBAB
:1081BC0005C3069D2FFA82FC2FFA92F22CFB051CAC
:1081CC00079D039922FB0532089D2FFA81F32FFAA4
:1081DC0091F123FB05C3099D21FB05210B9D0C9AF5
:1081EC002EFB053E2FFA90F323FB021CB84B99454E
:1081FC00ACD10EEB0C03DBF8002006F50059A3EB19
:10820C0042131C19B9F5801F7FF46AAFB14B564667
:10821C00149825465B680D9C1B1A01349B19DDE9EB
:10822C0015A11E46029B0AF1010A41F100011B78BF
:10823C009A45FFF63BAF1F46304603F007FCA946B4
:10824C0006EE907A109EB8EE668ADFEDA36A41ECDA
:10825C00170BB7EEC77B28EE268A139C0D219F487F
:10826C00D4ED007ADFED9E8AF8EE677A9FED9DAA39
:10827C0087EE279A03F0D0F802219B48C8EE097AC2
:10828C0087EEA80AB7EEC00A01F072FB07219748E7
:10829C0003F0C2F8F1EE007A0221934828EE278A07
:1082AC00C8EE097A87EEA80AB7EEC00A01F060FBA7
:1082BC000D218F4803F0B0F849468B4801F02CFB98
:1082CC00894801F035FB2468DDE9110103F0BEFBA0
:1082DC00029DDFED816A2B7841EC170BB7EEC77B63
:1082EC0007EE904A08EE103A1A21F8EE677A8148A8
:1082FC00B8EE488A032487EE279A28EE268A03F0E4
:10830C008BF800230A2229784FF48075764801F007
:10831C001DFB0821784803F07FF83146724801F0C4
:10832C00FBFA714801F004FB1421744803F074F853
:10833C00C8EE099A02216C4889EEA80AB7EEC00A69
:10834C0001F016FB0721694803F066F838EE088A3D
:10835C0002216548C8EE097A9FED699A87EEA80A52
:10836C00B7EEC00A01F004FB0721664803F054F88D
:10837C005D4801F0DDFA2821634803F04DF85A48B6
:10838C0001F0D6FA07EE905AF2EE00AA12215F48DD
:10839C00F8EEE77A67EEAA8A68EEA78A03F03CF853
:1083AC0000230A222946504888EEA98A01F0CEFA09
:1083BC000321574803F030F800214B486D0028EE9C
:1083CC008A0AB7EEC00A01F0D3FA0C21514803F027
:1083DC0023F80121444828EE098AB7EEC80A01F0B7
:1083EC00C7FA06214C4803F017F8F3EE087A03217C
:1083FC003D4828EE278A89EE080AB7EEC00A01F03C
:10840C00B7FA0921454803F007F8374801F090FA0C
:10841C00013CB7D10D21424802F0FEFF029D2346DC
:10842C000A2229783048C90001F090FA06213D480B
:10843C0002F0F2FF2B78DFED286A0A2207EE903A61
:10844C009FED397A23462848F8EE677A67EEAA7AC8
:10845C0067EEA67A67EE877AFCEEE77A17EE901A4B
:10846C0001F074FA1A21314802F0D6FF1E4801F0CF
:10847C005FFA17212E4802F0CFFF1B4801F058FA83
:10848C0002212C4802F0C8FF23460A2229781648FC
:10849C0001F05CFA0821284802F0BEFF2978234637
:1084AC000A22C900104801F051FA0B21234802F0AE
:1084BC00B3FF0D4801F03CFA2B78002B00F0F2854D
:1084CC001F4A9FED208A9FED207A02EB830345E043
:1084DC009C440020001000E000008049940F002014
:1084EC00002474490000803AA01C0020A40F002036
:1084FC00AC0F0020BC0F0020D80F0020E40F002090
:10850C0000007A44FC0F00200410002030100020E2
:10851C00441000204810002058100020601000204B
:10852C006C1000207C10002000000035841000200E
:10853C00A0100020B8100020BC100020C810002093
:10854C00D06D0020000000009A99A141B4EEE78A9A
:10855C00F1EE10FA37FE888A934215D0F2EC017ACC
:10856C00F5EEC07AF1EE10FAF6D9F4EEC77AF1EE28
:10857C0010FA00D50134B5EE408AF1EE10FAE5D1CF
:10858C009342B0EE678AE9D1B5EEC08AF1EE10FAEB
:10859C0010DD1021304802F03FFFB7EEC80A012170
:1085AC002E4801F0E5F92E212D4802F035FF2B481D
:1085BC0001F0BEF91E212B4802F02EFF2146274860
:1085CC0001F0AAF92F2002F013FF029900230A22CE
:1085DC000978224801F0BAF9204801F0A9F9002CD9
:1085EC0000F075854621204802F016FF1B4801F06B
:1085FC009FF949211D4802F00FFF184801F098F926
:10860C0046211B4802F008FF144801F091F94E2155
:10861C00184802F001FF114801F08AF94E21164862
:10862C0002F0FAFE0D4801F083F94F21134802F0D5
:10863C00F3FE0A4801F07CF94921114802F0ECFEE6
:10864C00064801F075F901230E4A13701BB0BDECFE
:10865C00068BBDE8F08F00BFF4100020A01C00209A
:10866C0008110020D41000203811002080110020A7
:10867C00CC110020F0120020401300209013002099
:10868C00E01300209F900020AB4B0293AB4800F00E
:10869C007FFD0590C0B1A94800F0CAFDA84BC2B23D
:1086AC001B780A2A00F088810D2A00F085811E2B88
:1086BC00ECD8591CA2480170A249A048CA5400F039
:1086CC0067FD05900028E6D19F4A029B15681B7830
:1086DC0001351560002B00F043839C4BDFF8C8B2CA
:1086EC0003939B4B9B4F04939B4BDFF8C0920693D9
:1086FC009A4BDFF8BCA20A93994BDFF8B8820E9321
:10870C00984B994C0F93994B01900893CDF830B03E
:10871C009FED878B0A9B019A93F90030934202D00C
:10872C001046F9F7CBFC05EBC505049B0E9A002609
:10873C0005EBC5051B88DDF830B03B351360EDB299
:10874C008B4A2B4602F8013F5A45A3F16303F9D13A
:10875C0098F80030304606F500564FF4005254F8A5
:10876C00233084499847B6F5000FE9D14FF0000B40
:10877C0007940F9C5E469AF800304FF400527E49E5
:10878C00304654F8233098477C4A2B4612F8010F98
:10879C00A3F163019842CBB2089918BF0BF1010BFE
:1087AC009142F3D106F50056B6F5000FE3D13B68C4
:1087BC00039A13F50003079C3B607B6843F10003AD
:1087CC007B60D9F8003013EB0B03C9F80030D9F8F3
:1087DC00043043F10003C9F8043013685B4580F0A2
:1087EC005D82C2F800B098F800209AF80030079229
:1087FC00049A082B099312880B9200F248820133D9
:10880C008AF800300A9B019A93F90030934202D007
:10881C001046F9F753FC9AF800000025F9F7CEFB47
:10882C00069A0E9B0721049E186013883080013332
:10883C0053481380039B87ED008B1D6089ED008BE3
:10884C0002F0EAFD01994F4801F066F802214E480A
:10885C0002F0E2FD0A222B4659464A4801F076F80E
:10886C001C214A484A4D02F0D7FD079B454855F854
:10887C00231001F051F80621464802F0CDFD099B6A
:10888C00404855F8231001F047F80821424802F0FF
:10889C00C3FD0B993B4801F03FF816213F4802F00D
:1088AC00BBFD98F80030374855F8231001F034F828
:1088BC000621384802F0B0FD9AF80030314855F8DE
:1088CC00231001F029F80821334802F0A5FD318866
:1088DC002C4801F021F81021314802F09DFD294867
:1088EC0001F026F8019A029B01321B7801929A4200
:1088FC0080F23682039B083709F108090AF1010A54
:10890C00043308F101080393049B02330493069B80
:10891C00023306930C4B1D68FCE6F1EE0C7AB4EEB8
:10892C00E78AF1EE10FA00F328831E48FFF7C7B868
:10893C0000000000000000009E900020B01C0020F1
:10894C00A3900020748E0020208E0020388E0020F2
:10895C00BC6D0020F06C0020248E0020E21D002055
:10896C00701D002090140020B81400209F4400209B
:10897C009F440020A0440020A02400209F2400201D
:10898C0074030020A01C0020F01000208807002099
:10899C00E0140020A8030020A8070020B407002042
:1089AC00CC070020B80600209F640020A06C00209B
:1089BC00F86D0020046E0020BB484FF00002C2543A
:1089CC00002B00F00681027802F0DF02472A40F00B
:1089DC00E380022B00F292834FF48016B34B5C6859
:1089EC00029B1D78002D00F0A583B14B4FF00009C0
:1089FC00DFF824B30993C846AE4B0A940893AE4BE8
:108A0C00DFF818A30593AD4FAD4BAE4C0793CDF8E3
:108A1C0018B097F90030434502D04046F9F74EFBA9
:108A2C0034F8023B4FF0000B099A35461360CDE940
:108A3C000B849AF800205846089B4FF00008A24976
:108A4C0053F822404FF40052A0474FF0000E002480
:108A5C00DFF874C21197CDE90D9BCDE90FA50698EF
:108A6C00A10000EB041550F821B00234EE682F6918
:108A7C00E4B201966E6903970496DCE90023D5E90C
:108A8C0001A910090CF1080C190902F00F3200F0C1
:108A9C000F3003F00F3301F00F31D5E906762FFAC2
:108AAC0082F52FFA92F225FB0BE522FB0A522FFAE4
:108ABC0080F52FFA90F025FB0925019A20FB025E28
:108ACC0003982FFA83F22FFA93F322FB0082049877
:108ADC0023FB00232FFA81F222FB0732059B2FFA8E
:108AEC0091F1634521FB0628B9D1079B0EEB0802D7
:108AFC00119F1968DDE90D9BDDE90FA50BF5005BF6
:108B0C00A2EB8112AB45914493D3029B2E460AF102
:108B1C00010A1B78DDE90B8408F101089845FFF682
:108B2C0078AF0A9C05FB03F5604B022267495E682F
:108B3C00674B68481F6800F0C7FE4946654800F05F
:108B4C00EBFE2021634800F0D9FD311B62483A4608
:108B5C000023A1FB000102F0AFFF002301460A2213
:108B6C005C4800F0F3FE20215A4800F0C7FD0023BA
:108B7C0029460A22574800F0E9FE2021554800F00A
:108B8C00BDFD029900230A220978524800F0DEFE4E
:108B9C00504800F0CDFE1CE0492A1AD108224F495A
:108BAC004C4800F091FE029C00230A22217849488F
:108BBC0000F0CCFE04224A49464800F085FE21789C
:108BCC0000230A22C900434800F0C0FE414800F0CF
:108BDC00AFFE444B4FF000021A7057E54C2142484F
:108BEC0002F01AFC414800F0A3FE1921404802F0A3
:108BFC0013FC3E4800F09CFE43213E4802F00CFC66
:108C0C003A4800F095FE40213B4802F005FC3748FD
:108C1C0000F08EFE4221394802F0FEFB334800F092
:108C2C0087FE4721364802F0F7FB304800F080FE03
:108C3C003E21344802F0F0FB2C4800F079FE47212D
:108C4C00314802F0E9FB294800F072FE46212F481A
:108C5C0002F0E2FB254800F06BFE3D212C4802F0AF
:108C6C00DBFB224800F064FE44F620601BB0BDEC38
:108C7C00068BBDE8F04F01F0B7B80F9B53F8257089
:108C8C002B46FFF70CB905212248FFF7E4B9079BE7
:108C9C00082B45D8013388F80030B3E5BBF1000F41
:108CAC003FF420AE9FE500BF748E0020001000E062
:108CBC00701D002090140020A0440020E21D002014
:108CCC00608E0020BC6D0020A0240020E406002053
:108CDC009C1C0020B01C002040420F00E806002025
:108CEC00F4060020A3900020A00A0020A01C002065
:108CFC00F00A00200C0B0020500B0020940B0020DD
:108D0C00D80B0020200C0020600C0020A80C0020A8
:108D1C00F00C0020C8060020146E0020F86D002016
:108D2C000721BE4802F078FB0199BD4800F0F4FD24
:108D3C004121BC4802F070FBB94800F0F9FD442118
:108D4C00B94802F069FBB64800F0F2FD0023039A23
:108D5C00136000220023C7E90023C9E90023C1E501
:108D6C00AF4800F0E5FD4221B04802F055FBAC489D
:108D7C0000F0DEFD0821AE4802F04EFBAD4AAE4BD2
:108D8C0011680A22A648A3FB01310023890B00F0CD
:108D9C00DDFD0621A94802F03FFBA94900230A2268
:108DAC0009689F4800F0D2FD1321A64802F034FB5D
:108DBC00029C00230A222178994800F0C7FD062165
:108DCC00A14802F029FB964800F0B2FD42219748D9
:108DDC0002F022FB924800F0ABFD44219B4802F0CC
:108DEC001BFB8F4800F0A4FD2378002B00F0E980DA
:108DFC00974B984DDFF89CA2974EDFF89CB2974F9B
:108E0C00DFF89892DFF898820D9328E002F01EFEAE
:108E1C0041EC170BB7EEC77BDFED917A55E90201F8
:108E2C0027EE278A02F012FE41EC170BB7EEC77B38
:108E3C0002217B4888EE070AB7EEC00A00F098FDC5
:108E4C000C21884802F0E8FA754800F071FD059A8B
:108E5C00029B01321B7805929A4280F2B2802B68F9
:108E6C0006216A6808351B0D7F4843EA023402F07C
:108E7C00D3FA05996A4800F04FFD05217B4802F0B2
:108E8C00CBFA1AF8013B0D9A52F82310092940F33A
:108E9C008F80634800F040FD2F2002F0A9FA98F86B
:108EAC0000300D9A5E4852F8231000F035FD18F88A
:108EBC00013B0D9A52F82330092B75DD05216B48C7
:108ECC0002F0AAFA37F8021B554800F025FD0521DF
:108EDC00674802F0A1FA39F8021B514800F01CFD5A
:108EEC000621614802F098FA42F20F739C4247D96E
:108EFC0000230A2221464A4800F028FD06215A4840
:108F0C0002F08AFA00230A223168454800F01EFD5F
:108F1C000621554802F080FA00230A225BF8041B54
:108F2C003F4800F013FD06214F4802F075FA56F841
:108F3C00080B56F8041C50EA01037FF467AF0621B6
:108F4C004C4802F069FA55E9020102F07FFD41EC50
:108F5C00170BB7EEC77BDFED427A0221304887EE64
:108F6C00870AB7EEC00A00F003FD1321424802F055
:108F7C0053FA2B4800F0DCFC69E74048FEF79FBD34
:108F8C00202002F035FAB4F57A7FB1D2202002F01D
:108F9C002FFA632CACD8202002F02AFA092CA7D87F
:108FAC00202002F025FAA3E7202002F021FA85E721
:108FBC00202002F01DFA1AF8013C0D9A52F82310E9
:108FCC0067E74C212E4802F027FA154800F0B0FC58
:108FDC004F212C4802F020FA114800F0A9FC502136
:108FEC00294802F019FA0E4800F0A2FC4D2127483E
:108FFC0002F012FA0A4800F09BFC4621244802F0C9
:10900C000BFA07481BB0BDEC068BBDE8F04F00F027
:10901C008FBC202002F0ECF9FEF7E5BF74030020B2
:10902C00A01C0020FC06002040070020E0070020C8
:10903C00240800207C90002073B2E7453008002003
:10904C00208E0020380800204C08002054080020F6
:10905C00E0140020F06C0020A06C0020BC6D0020FF
:10906C00286B6E4E380A0020B8030020280A002016
:10907C00300A0020480A0020500A0020C0060020B8
:10908C009C080020EC0800203C09002090090020DE
:10909C00E0090020046E0020388E0020248E002071
:1090AC00F86D00201E21294802F0B6F92146284807
:1090BC0000F032FC2F2002F09BF9029923460A2281
:1090CC000978234800F042FC214800F031FC48218B
:1090DC00204802F0A1F91E4800F02AFC44211E4849
:1090EC0002F09AF91A4800F023FC45211B4802F0C3
:1090FC0093F9174800F01CFCFFF789BA013002F015
:10910C0085FE07280FD9B0F5005F28BF4FF400503B
:10911C00860263E44321124802F07EF90C4800F009
:10912C0007FCFEF7DBBB4FF4005657E40D4B1393D3
:10913C00FEF7D1BCA946F7E4CDE91166FEF798BF5E
:10914C009FED098AB0EE487AFFF787B8D41000205B
:10915C00A01C00201412002060120020A812002075
:10916C00900D00209C1C0020000000000120704786
:10917C00B0F84630B0F848209BB292B2934202D27B
:10918C00013AD01A7047416B01390A44D01A704722
:10919C00016972B6B0F84A20B0F84C3092B29BB26A
:1091AC009A423CBF806B1218C86AD31A62B6C0F3DD
:1091BC0002601844704700BFB0F84A100246B0F87D
:1091CC004C3089B29BB2994210D00133906B116B29
:1091DC00984298BF0023994203D9126AD05CC0B25E
:1091EC0070475B1A526AD05CC0B27047D0F810C09E
:1091FC0072B6B0F84A0080B2814201D062B6E4E7A0
:10920C00DCF82C3013F0E06F03D14FF0FF3062B676
:10921C007047DCF81C0000214FF0010C136AC0F3FE
:10922C000900A2F84AC0A2F84C105870EFE700BF32
:10923C00B0F84AC00146B0F84C301FFA8CFC9BB217
:10924C009C4525D0013310B5D1F838E09E4515D991
:10925C000A6B1C469A4216D90A6AD25CD0B28A6D45
:10926C00A1F84C404AB19C451DD3ACEB0303CC6B2D
:10927C009C4202D3CB6DC2F8883010BD00240A6B1F
:10928C0023469A42E8D8486A9A1A825CD0B2E6E73A
:10929C006246006972B6B1F84AC01FFA8CFC62458E
:1092AC0005D062B6CEE7E644AEEB0303DFE7C36A54
:1092BC0013F0E06F03D14FF0FF3062B67047C06916
:1092CC00C0F30900F9E700BF90F8443043B110B582
:1092DC00044602F01DF994F84430002BF9D110BD6E
:1092EC00704700BF38B54369D3E9031209681142CE
:1092FC002DD00169044690F844200D4632B102F09D
:10930C0007F994F84430002BF9D163690021104A15
:10931C00A961207E03EB0010007D02EB0010D0F859
:10932C0004C00520CCF8000094F819C003EB0C1312
:10933C0093F8343002EB0312A36D52681060A4F85A
:10934C004A10A4F84C1013B1E26DC3F8842038BD58
:10935C00A416002007EE901A9FED947A0421B6EE25
:10936C00005AF8EE677A9FED926A41F6FF7CC7EEE1
:10937C00275A2DE9F04315468E460122046907EE63
:10938C00901AF8EEE77A85EEA77A77EE057AFDEE7D
:10939C00E77A17EE903A6345A8BF6346012BB8BF36
:1093AC00012307EE903AF8EEE76A76EEC76AC6EE4E
:1093BC00877AF5EEC07AF1EE10FA01D5F1EE677A04
:1093CC00F4EEC67AF1EE10FA03D8B0EE676A8E4668
:1093DC001A4601312129D2D141690023866BB1F89B
:1093EC005870A0F84A30F71BA0F84C30A0F8463063
:1093FC00C763B1F85A70A0F84830F61B80F84430B7
:10940C000664D1E903763B683343AE053B60C5F394
:10941C004023837600F1A580077EDFF8C08101EB45
:10942C000717644B97F814C0D7F81C9008EB0C1C6A
:10943C00DCF80860DCF804C03360BB69CCF80030A1
:10944C00B9F1000F02D03F6AC9F80070477ED923EA
:10945C0001EB071797F834C008EB0C1CDCF808601C
:10946C003360BF6BDCF804301F60437E01EB0313E9
:10947C00DF6B0FB11B6C3B60BEF1080F0EF1FF3CB4
:10948C00CCBF4FF0000E4FF0010E42EA4E434FEAB4
:10949C000C6202F0F8521343002223614B784968A6
:1094AC001033E260444A42F8231042694FF0010E37
:1094BC00424905F0030C5778B2F85620404B7A54C9
:1094CC004FF0021741694A7803EB521302F01F0266
:1094DC009B000EFA02F21A60E762A36A43F088035B
:1094EC00A3626B0734D44CF47013AF06827E2AD57A
:1094FC0043F08053002A3CD12E07A36103D5236986
:10950C0043F0005323616369EA0654BF23F0805390
:10951C0043F080536361EB0503D5236943F4005397
:10952C0023618B686BB1274D2C78002C3CD0264BDB
:10953C0003EB840101E08B422AD053F8042F9042B4
:10954C00F9D1BDE8F083002AD6D043F0A003D3E7CD
:10955C0005F00F03042B14BF1C4B1D4B4CEA0303EB
:10956C00C3E7477E4FF2D903DFF8708001EB071792
:10957C0070E7427E43F0A00301EB021292F8342014
:10958C0008EB0216B668326822F440423260B3E748
:10959C00611C104A104B297043F82400137843F0D7
:1095AC0002031370BDE8F0830121F2E7001BB74BF7
:1095BC00EC78AD6038F001000020002000E400E001
:1095CC0040380038A1900020BC22002010003C0044
:1095DC0010003C40B0900020C0220020A4160020B7
:1095EC00EFF31380B8B9EFF310834BB9EFF30582A7
:1095FC003AB94FF48073EFF3118050B1984208D20E
:10960C0070470F2A02D8EFF311827047034B9B5C13
:10961C00F1E7184670474FF0FF30F1E7F0E300E058
:10962C00036D2DE9F04188460446066913B1426D7D
:10963C00C3F88420A37E2BB172B6B36943F00053F8
:10964C00B36162B6B4F84650636BADB20135AB4250
:10965C004CD800273D46B4F848309BB29D4219D0F7
:10966C0029E073691B0210D5B4F84830626B9BB2C9
:10967C0001339A4237D91A46E16A99422ED9E169E7
:10968C00CB5CDBB2F361A4F84820B4F848309BB251
:10969C00AB4210D1FFF7A4FF6369B3F85630834295
:1096AC00DFDAB0F5807FF0D101F032FFB4F848304A
:1096BC009BB2AB42EED0E26AAA4219D9E26902F837
:1096CC00058072B6012084F84400A4F84670B36992
:1096DC0043F40003B36162B6BDE8F0815B1AA16A82
:1096EC00CB5CDBB2CEE700221346C5E72F46B2E7D0
:1096FC00AD1AA26A02F80580E3E700BFFFF790BF3E
:10970C000269536913F4401F70B537D0D36A13F054
:10971C00E06FC3F3026E2ED0B0F84A40B0F84C3074
:10972C00A4B29EB2D2F81CC0631CB0F84C10856B6E
:10973C00CCF3090C89B29D4298BF0023994208D002
:10974C00016B9942A3EB010166D9016A01F803C0D0
:10975C001C460EF1FF3313F0FF0EE3D1836DA0F81E
:10976C004A4043B1B4425BD3A41B016CA14202D862
:10977C00C16DC3F884105369DD0248D4D2F818E0E7
:10978C001EF4000F28D053691C0225D5B0F846C032
:10979C00B0F848301FFA8CFC9BB206E0C169C95C7A
:1097AC00C9B2D161D16A490512D463453CD0446B2E
:1097BC000133C16A9C4298BF00239942A3EB010478
:1097CC00ECD8816A095DC9B2D161D16A4905ECD581
:1097DC006345A0F8483029D01EF4800F16D0536989
:1097EC005B0213D50021036D80F8441013B1416D59
:1097FC00C3F88810837E2BB172B6936923F00053A3
:10980C00936162B6936923F48003936170BD5369CD
:10981C0043F480135361B1E7446A04F801C097E73D
:10982C00816B891B0C44A0E7A0F84830936923F4A2
:10983C0000039361936943F480039361CCE700BF09
:10984C000148FFF75DBF00BFB01C0020084601F0C7
:10985C00CFBD00BF012A70B508BF0A228AB00546E9
:10986C001E4659B34FF0210C01E05FFA84FC0CF159
:10987C00FF34B1FBF2F302FB131EBEF1090F0EF124
:10988C00370098BF0EF130000DEB0C0E91421946CB
:10989C008EF80400E9D23EB10CF1FF3C2D225FFAA8
:1098AC008CFC0DEB0C031A712B6801A9CCF1220274
:1098BC0028465B68614498470AB070BD30234FF06E
:1098CC00210C8DF82530E6E72DE9F0410C46D1B19D
:1098DC00EAB180468F1800250E4E04E001F088FD99
:1098EC00BC4205440CD0D8F8003014F8010B1B68AE
:1098FC00B342F3D0014640469847BC420544F2D1EE
:10990C002846BDE8F0810D462846BDE8F081154695
:10991C00F6E700BF5D790000002903DB00230A2273
:10992C00FFF798BF49422D230A22FFF793BF00BFD0
:10993C0000B5036883B040F60D2C022201A95B68C8
:10994C00ADF804C0984703B000BD00BF42B903682E
:10995C00C9B2054A1B68934204D1084601F048BDC0
:10996C00FFF778BF184700BF5D79000000000000CA
:10997C00B4EE400B70B5F1EE10FA86B0864680F16D
:10998C008280B0EEC07B9FED486BB4EE467BF1EE6F
:10999C0010FA6CDC9FED467BB4EEC70BF1EE10FABF
:1099AC005CDC9FED457BB4EEC70BF1EE10FA55D4A1
:1099BC00B5EEC00BF1EE10FA61D40023B6EE007BCD
:1099CC00002964D04FF0000C9FED3D6B0CF1010CA5
:1099DC0027EE067B6145F9D130EE070B0C460A22C7
:1099EC0070467646FCEEC07BB8EE676B17EE901AAD
:1099FC0030EE460B8DED000BFFF72CFF0F2C2146A4
:109A0C004FF02E0328BF0F2105468DF808300DF1BD
:109A1C000903481EB2EE046B02AA53FA80F09DEDC6
:109A2C00000B20EE060BFCEEC07BCDED007A9DF812
:109A3C00003007EE903A3033B8EEE77B02F8013F86
:109A4C00904230EE470BECD133684A1C304602A9E9
:109A5C005B68D2B29847284606B070BDDEF800307D
:109A6C00032219495B6806B0BDE8704018470368CB
:109A7C00032216495B6806B0BDE870401847B1EE8A
:109A8C00400B01239AE7036803221149EAE730EE01
:109A9C00070B0A227046FCEEC07B17EE901A06B03C
:109AAC00BDE87040FFF7D6BEFFFFFFFFFFFFEF7F63
:109ABC00000000E0FFFFEF41000000E0FFFFEFC1FE
:109ACC009A9999999999B93F8C140020881400207F
:109ADC0084140020A94AAA4B90422DE9F047A94CC6
:109AEC00D3F814E09969D4F80CC000F2088103F1A2
:109AFC00437303F5F4530333A3FB0023DB0D03EB98
:109B0C00830303EB830202F2B63240F227639A42DC
:109B1C0028BF1A469C4BA3FB0232D208203A984D20
:109B2C000CF01F04D5F88030944243F0C003C5F804
:109B3C0080300BD22CF01F0C924C4CEA020CC4F867
:109B4C000CC02368002BFCDA0CF01F041EF0007311
:109B5C0027D18E4D2E698E4DB54300F0FA8081F4DD
:109B6C00805576464FF4805716F0605F06D02EF085
:109B7C00605E4EEA030E824BC3F814E015F4405FAE
:109B8C0007D021F440517E4D3943A961AB6C1B07C2
:109B9C00FCD44EF0007E7A49C1F814E08B6C9F0621
:109BAC00FCD47C49884200F2DF80012635460EE069
:109BBC00082D0CD1042E00F291800136022506FBF3
:109BCC0000F38B4200F2C3805B008B4206D8013558
:109BDC0006FB05F300FB03F38B42E9D9771E05F175
:109BEC00FF384FEA872A8EEA87276B4959186B4B47
:109BFC0099427CD9DFF8E4916C2369486349B0FB46
:109C0C00F5F0684DB0FBF6F00E6835404D4508D0C8
:109C1C0043F400534FF480550D600B600B68002B20
:109C2C00FCDA57490B6903F00703434504D0C1F82C
:109C3C0010808B6CDE03FCD417F4E05F0BD02EF499
:109C4C00E05E0AF4E0534E4943EA0E0EC1F814E00C
:109C5C008B6C9D07FCD4544D544945198D4239D811
:109C6C00534BED09A3FB05352D0B6B1E1B028EEA26
:109C7C00030111F4407F07D02EF4407E03F44073AF
:109C8C003F4943EA0E034B613D494B6923F0007396
:109C9C004B618B6C9B06FCD4464BA242A3FB00137E
:109CAC004FF0FF314FEA9343B0FBF5F5B1FBF3F303
:109CBC004149086041490D6041490B6008D22CF0C4
:109CCC001F0C30494CEA0202CA600B68002BFCDA0C
:109CDC00BDE8F0874FF440730425C8E7771E2E4982
:109CEC004FF007084FEA872A59188EEA8727294B25
:109CFC0099421CD8DFF8E890362332487EE7324B85
:109D0C00984201D80E220AE7304B984228D9304AA3
:109D1C00904227D9821A2F4B120AA3FB0232D20986
:109D2C0002EB820202EB820202F2E242EDE6A3F1C6
:109D3C0082532948DFF8AC90A3F589337E3BA3FB13
:109D4C0001310B0D03FB00F043EA090956E701252D
:109D5C0044E71F468EF0C0560D464FF0C05303E744
:109D6C000F22DCE61222DAE6012603464FF0000A47
:109D7C0077464FF00008354637E700BF001C4E0E03
:109D8C0000C00F40000008401F85EB5100800D40C3
:109D9C0040300080FFB19F26808D5B00FF7EF64D2A
:109DAC0000643F4D7F3001807FD1F0087F17B42CC9
:109DBC009F10E50083DE1B439C1C0020981C002098
:109DCC007490002000B29F26FF0A6B1B00A4781F22
:109DDC000046C32323B24C00001BB7006C2000804C
:109DEC00362000800020008000B970472DE9F84F24
:109DFC0001218146224C234E234D54E8003F32680A
:109E0C00286844E80013002BF7D120494B684FF425
:109E1C007A7BDFF87CA01B1A01270BFB02F8DAF81F
:109E2C000020A2FB03235B4594BF9844D84454E81C
:109E3C00003F3268286844E80073002BF7D14B6868
:109E4C00DAF800C01B1A0BFB02F2ACFB03C3B3F530
:109E5C007A7F94BFD21802F57A72A2EB0802B2F59F
:109E6C007A7F08D3B9F1010F08F57A7809F1FF3937
:109E7C00DDD1BDE8F88F01F04BFB0449D7E700BFFB
:109E8C00809000207C90002078900020001000E052
:109E9C0074900020362831D802011B4B012903EBAA
:109EAC0000109B5800B55A68D0E902EC12D0042976
:109EBC0010D022EA0C025A60C9B102291FD0032922
:109ECC004FF015020CBF114B114BCEF8003043680C
:109EDC001A6000BD42EA0C0201295A6007D040F614
:109EEC003803CEF80030436815221A6000BD3823C1
:109EFC001522CEF8003043681A6000BD7047054B40
:109F0C00CEF80030EFE700BFA41600203830010077
:109F1C003800010038F0010008B5FDF7EFFAFDF745
:109F2C000BFC01F0F5FAFAE7844641EA000313F062
:109F3C0003036DD1403A41D351F8043B40F8043B44
:109F4C0051F8043B40F8043B51F8043B40F8043B07
:109F5C0051F8043B40F8043B51F8043B40F8043BF7
:109F6C0051F8043B40F8043B51F8043B40F8043BE7
:109F7C0051F8043B40F8043B51F8043B40F8043BD7
:109F8C0051F8043B40F8043B51F8043B40F8043BC7
:109F9C0051F8043B40F8043B51F8043B40F8043BB7
:109FAC0051F8043B40F8043B51F8043B40F8043BA7
:109FBC0051F8043B40F8043B403ABDD2303211D347
:109FCC0051F8043B40F8043B51F8043B40F8043B87
:109FDC0051F8043B40F8043B51F8043B40F8043B77
:109FEC00103AEDD20C3205D351F8043B40F8043B47
:109FFC00043AF9D2043208D0D2071CBF11F8013B45
:10A00C0000F8013B01D30B8803806046704700BF0A
:10A01C00082A13D38B078DD010F003038AD0C3F119
:10A02C000403D21ADB071CBF11F8013B00F8013BFB
:10A03C0080D331F8023B20F8023B7BE7043AD9D3BA
:10A04C00013A11F8013B00F8013BF9D20B7803708F
:10A05C004B7843708B7883706046704701F1FF3CFE
:10A06C0070B566464FF0000E01E00EF1010EB0FB2C
:10A07C00F2F402FB1403092B03F1370598BF03F12B
:10A08C0030059042204606F8015FEED201EB0E033C
:10A09C0000225A70BEF1000F11D0481C70440CF114
:10A0AC0002021CF8014F10F8015DA1EB0C03521ACF
:10A0BC008CF80050013B047073449A42EFDB084665
:10A0CC0070BD00BF10B500234FF470440F224FF445
:10A0DC00806EA0F88C411946A0F88E214FF4604494
:10A0EC00A0F890310A46B0F8883148F2B82C43F009
:10A0FC00F003A0F8883101EB4103013100EB43136D
:10A10C0004299C80A3F806E05A841A865A805A8146
:10A11C00A3F80EC05A82DA825A83DA83EBD1B0F8F4
:10A12C00883143F00F03A0F88831B0F8883143F43C
:10A13C007063A0F8883110BD374B384A996F384896
:10A14C0041F47F0170B5996741F20106D3F8801094
:10A15C0045F6C05543F226040A43C3F88020FFF7A6
:10A16C00B1FF00F58040FFF7ADFF00F58040FFF731
:10A17C00A9FF00F58040FFF7A5FF0022A0F5031012
:10A18C004FF00F0E114600EB42134FEA421C013206
:10A19C009981042A5981A3F80EE09E82DD8020F873
:10A1AC000C1019829C81EED100221E484FF00F0E2C
:10A1BC0041F20106114645F6C05543F2260400EB68
:10A1CC0042134FEA421C01329981042A5981A3F8A7
:10A1DC000EE09E82DD8020F80C1019829C81EED15D
:10A1EC00002211480F2641F20105114645F6C054D4
:10A1FC0043F2260E00EB42134FEA421C01329981C6
:10A20C00042A5981DE819D82DC8020F80C10198291
:10A21C00A3F80CE0EED170BD00C00F40000003FCB1
:10A22C0000C03D4000001E4000401E4072B6EFF3DF
:10A23C000583524CC4F884301EF0040F0CBFEFF3AE
:10A24C000882EFF309824FF0E0234D4DD3F8280D2F
:10A25C00D3F82C1DC4E92201D3F8341DD3F8383DB2
:10A26C00C4E924139369A83444F8103CD36944F826
:10A27C000C3C00F0A1F804ED020A01F0E9F90B2303
:10A28C0044F8040C4FF0FF323E4844F8283C2B684D
:10A29C00202104355A4042F30003013903EA00033C
:10A2AC0083EA5202F7D1A542F1D1344BC3F8A8206E
:10A2BC00BFF34F8F4FF0E0233149334AC3F8701F7F
:10A2CC00C3F8702FBFF34F8FBFF36F8F2F4A022449
:10A2DC002F48D36E2F4943F44053D3660460D3699F
:10A2EC002D4823F07F0343F04003D3610B68834276
:10A2FC0040D8274D00204FF0E0234FF0FF3228606C
:10A30C000121C5F8080125480C460E46C5F8000188
:10A31C00C5F80811C3F88021C3F88421C3F888213B
:10A32C00C3F88C21C3F8902101E000F045F9D5F871
:10A33C000C31002BF9D04F2CC5F80C6104F1010441
:10A34C00F3D9174B022017494FF00042C1F84001D6
:10A35C005A63D5F80C313BB9134814490C4A0163C4
:10A36C00D2F80C31002BFAD04FF0E023104AC3F88E
:10A37C000C2DFEE7FFF7AEFBBBE700BF00FF27206D
:10A38C0080FF27202083B8EDA0FF272000C00F40BE
:10A39C00004008409C1C0020803DCD0B009F2400F9
:10A3AC0000900D4000002E4000800F40F100AD0BDE
:10A3BC000400FA05FFF73ABF124AD2F880305B0767
:10A3CC00FBD5D2F880301048C3F30B230F4990ED26
:10A3DC00007A07EE903A91ED006AB8EE477A0C4A93
:10A3EC00F8EEE77A0B4BD2ED006A77EEC77A93ED75
:10A3FC00007AB8EE477A67EE867A87EEA60A37EED1
:10A40C00400A704700810D40649000206C90002041
:10A41C007090002068900020836B70B586460E46C5
:10A42C0010461BB1536843F40043536072B6DEF818
:10A43C00342042B31B4B1060D3F8B02132421ED1F2
:10A44C00194C656805E06268A2EB050CBCF5166F4B
:10A45C000BD2D3F8402142F48042C3F84021D3F808
:10A46C00B811D3F840215204EDD5314007D10D4A33
:10A47C00CEE90201D2F8B0313343C2F8B031CEF894
:10A48C00340062B670BD0749CEE90202D1F8B03192
:10A49C003343C1F8B031CEF83000CEF8340062B698
:10A4AC0070BD00BF00002E40001000E070B5056BC1
:10A4BC0095B12B46002403E01B680134012B0CD012
:10A4CC005A681206F8D5036306462CB12846B36BBE
:10A4DC002D689847013CF9D170BD00220023C0E9DA
:10A4EC000C23F1E700B501BBDFF8A0C0234B002122
:10A4FC00234A4FF0010E4FF001109960C3F800E0B1
:10A50C00CCE902314FF0800CC3F804C0C2F8BC0196
:10A51C00D2F8B0311B4843EA0E03C2F8B0310160E7
:10A52C00D2F8B031002BFBD100BD0904164BDFF87B
:10A53C005CC04FF0010E41F080019860104A5960E8
:10A54C0000F58051C3F800E0D96000F50051CCF85B
:10A55C004830196100F5405100F5804059610021E7
:10A56C009861CCF84C10D2F8B03143F48033C2F877
:10A57C00B031D2F8B031002BFBD1B7E7E02200208C
:10A58C0000002E40FC8F0020002300200000002043
:10A59C00074901220B78824023EA02030B7033B97E
:10A5AC00044AD2F8483123F08003C2F8483170478E
:10A5BC00A890002000002E402DE9F047A64C82B058
:10A5CC00D4F84461F107C4F844614CD5D4F8AC31EB
:10A5DC00002B43D0A14DA24FDFF8B882C4F8AC31A8
:10A5EC00D5E90A20D4F8403143F40053C4F8403183
:10A5FC00D4F840319B04F5D5D4F840314FF001111B
:10A60C0023F40053C4F84031C4F8B411D4F8B43175
:10A61C0013F00113FAD191B284463B60B1F5086F87
:10A62C0000F03A8100F2958040F2023E714500F054
:10A63C00928100F2A480822900F0E181B1F5817F42
:10A64C0000F0B381802940F0958086480221038078
:10A65C00FFF748FFD4F8AC31002BBFD17E4AD2F8BB
:10A66C00BC31002B42D1720616D57B4BD3F8AC21F2
:10A67C00C3F8AC21D3F8BC21C3F8BC21D3F8B0414A
:10A68C00002CFBD14FF0FF32C3F8B421D3F8843146
:10A69C0000F046FD744B1C60F40103D5734B1B6832
:10A6AC0003B19847B00103D5714B1B6803B19847B0
:10A6BC00710708D5684BD3F8843113F4007345D077
:10A6CC006C4B01221A70644BD3F848311A060AD528
:10A6DC00330608D5684A13782BB1013BDBB21370F3
:10A6EC00002B00F06D8202B0BDE8F0875C49C2F827
:10A6FC00BC310868034240F098815B4A12681340F1
:10A70C00B1D01C0C554D1FFA83F810D094FAA4F755
:10A71C00B7FA87F705EBC7104030FFF7C7FE0123E8
:10A72C0003FA07F7BC43F1D1B8F1000F9BD0012716
:10A73C0098FAA8F4B4FA84F405EBC41007FA04F4FC
:10A74C00FFF7B4FE38EA0408F2D18CE7494A1370DB
:10A75C00B9E742F2212E71455AD049D8B1F5106FA4
:10A76C0000F0A28042F2210C614503D1010C0729B3
:10A77C0000F08C814FF00113C4F8C0316AE7B1F5D9
:10A78C00A06F00F0CA80A1F5D0610129F2D83B4B33
:10A79C0059680029EED01FFA8CFE120C03E01969DF
:10A7AC000C330029E6D0B3F800C09445F7D1B3F8C8
:10A7BC0002C0F445F3D14FEA122C000CBCF1030F8C
:10A7CC0000F0CB811B89834228BF0346B2F5007F82
:10A7DC009A4640F09A81274B1B78002B40F0EE8173
:10A7EC00274952462748DFF89C90FFF79DFB9EE1D6
:10A7FC0042F22133994214D04FF6C0039942B9D199
:10A80C0083B2FF2BB6D843F46E4363F30F0CBEE751
:10A81C0080B230B91C4B120C19681C4B19601C4BC4
:10A82C001A700023C5F84880EB64C8F8083001237F
:10A83C00C8F800308023C8F804304FF00113C4F876
:10A84C00BC31D4F8B03143F48033C4F8B031D4F80F
:10A85C00B031002BFBD1FDE600002E4000000020A3
:10A86C00FC8F00202C900020009000209090002065
:10A87C0094900020AE900020AF900020141A00207D
:10A88C00281E0060000020207C9000208C9000206E
:10A89C00AC900020E0220020B34B0121B3481B7880
:10A8AC000370FFF71FFED5E6AF49120C01930A7037
:10A8BC00AF4AC4F8C821AF4AC4F8CC21AE4AC4F898
:10A8CC00D02100F02FFC80220199AC4801F054FB00
:10A8DC00AB498022019BA9644A60AA4AEB64C5F883
:10A8EC00A02002F13C428B6002F56C2202F56F72E3
:10A8FC00C5F8E02001220A604FF00112C4F8BC2117
:10A90C00D4F8B02142F48032C4F8B0219E4A3B60A6
:10A91C00D2F8B031002BFBD19CE69949EB648B60EB
:10A92C000123A9640B6080234B604FF001139649FF
:10A93C00C4F8BC31D4F8B03143F48033C4F8B0312E
:10A94C00D1F8B031002BFBD1130C5B0643F08073B4
:10A95C00C1F854317EE610F0780F7FF40BAF00F0A5
:10A96C007F028A4B000653F822104CBF41F4803111
:10A97C0041F0010143F822100021814BE9649960F8
:10A98C000121AB64196080217F4A59604FF001139B
:10A99C00C2F8BC31D2F8B03143F48033C2F8B031D4
:10A9AC00D2F8B031002BFBD154E610F0780F7FF4C5
:10A9BC00E1AE00F07F02754B000653F822104CBF3D
:10A9CC0021F4803121F0010143F8221000216C4B5D
:10A9DC00E96499600121AB64196080216A4A59606D
:10A9EC004FF00113C2F8BC31D2F8B03143F48033CC
:10A9FC00C2F8B031D2F8B031002BFBD12AE610F0FE
:10AA0C0078037FF4B7AE00F07F01604A000652F87D
:10AA1C002110564A138036D5C90301D50123137072
:10AA2C0002215248FFF75EFD14E6002008605849E9
:10AA3C000C88486842F221018C427FF45EAE80B2F1
:10AA4C0000287FF45AAE5349534C03C9A180862881
:10AA5C004FEA11412060A1717FF44FAE72B64F489E
:10AA6C00017841F008010170D2F848110D0605D4A7
:10AA7C0080200143C2F84401C2F8481162B6484A2A
:10AA8C005021117039E6CB07CAD5C7E74049EB60B6
:10AA9C00444BC1E900200122AB601A60424A5A6063
:10AAAC003C4A9A60D4F8B01141F00101C4F8B011DD
:10AABC0002F58051D96002F50051196102F540513F
:10AACC0002F5804259619A612F4AD2F8B031002BBD
:10AADC00FBD12B49EB648B600123A9640B6048F21A
:10AAEC0080034B604FF00113C2F8BC31D2F8B03187
:10AAFC0043F48033C2F8B0314FF48033224A3B60C8
:10AB0C00D2F8B031002BFBD1A4E5B2F5E06F7FF4A5
:10AB1C0068AE264B1B78002B4ED12549DFF894905C
:10AB2C0052464846FFF700FA072389F8013029F00E
:10AB3C001F0309EB0A02BFF34F8F4FF0E021C1F85E
:10AB4C00703F20339A42FAD8BFF34F8FBFF36F8F09
:10AB5C0018485146FFF7C6FC7CE50B78834228BFAA
:10AB6C0003469A463DE600BFAD9000202C90002095
:10AB7C000200CC00C80002000200C80080000020C7
:10AB8C00E02200205DCFC6B800002E40C0012E4050
:10AB9C00406D0020F48F002084900020A8900020AD
:10ABAC00AF9000200023002080000700AE90002012
:10ABBC008C1E0060000020200449AFE7044910E619
:10ABCC000320FFF7E5FC01F0BFFA00BF281E006070
:10ABDC008C1E00602DE9F043841E83B0022C02D938
:10ABEC0003B0BDE8F083124D90460F46C60105EB4D
:10ABFC00C0143C2200210190201D994601F0BCF9A3
:10AC0C00B8FA88F23904520941EA42710122A95179
:10AC1C00C4F83890A260B9F1000FE1D00549019B4E
:10AC2C009A400B681A430A6003B0BDE8F08300BF7A
:10AC3C0000000020009000202DE9F043A0F1020E4E
:10AC4C0083B0BEF1020F02D903B0BDE8F083914688
:10AC5C00C201124F884602F1400605463C220021F3
:10AC6C00F4190193201D01F087F9B9FA89FC4FEA18
:10AC7C000842019B4FEA5C1C42EA4C72BA51012219
:10AC8C00A363A260002BDFD0054905F110000B680F
:10AC9C0082401A430A6003B0BDE8F0830000002034
:10ACAC000090002012044FF0010C816042F08002F1
:10ACBC00C0F800C0C36101F5805C01F540534260EF
:10ACCC0001F5005201F58041C0F80CC08161C0E96A
:10ACDC0004237047831E022B00D9704700F1100C1F
:10ACEC00064B0A4603EBC01000B54FF0010E0EFAEE
:10ACFC000CF15DF804EBFFF78FBB00BF40000020A8
:10AD0C00831E022B00D970474FF0010C034B0A46EF
:10AD1C000CFA00F103EBC010FFF77EBB0000002023
:10AD2C0040687047144B0A22DFF850C0D3F8200259
:10AD3C0020F07F4000EB800300B55B0085B06045E0
:10AD4C0038BF18466946FFF789F9DFF834C06B46FF
:10AD5C000022604619780132013341B10A2A20F8E9
:10AD6C00021FF7D116228CF8002005B000BD52004E
:10AD7C008CF8002005B000BD00441F408096980060
:10AD8C00CC1D002000F0ECBA00F0BABA00F020BBE9
:10AD9C0000F0D8BA00F06EBB00F048BB0846114674
:10ADAC0000F03ABB70B5164D4FF0E02415494FF446
:10ADBC000032154E05EB401582B001EB4021C4F872
:10ADCC008C210346328828460191FFF76BFF0199CD
:10ADDC0033880B44BFF34F8FC4F85C1F20318B4278
:10ADEC00FAD8BFF34F8FBFF36F8F03202946FFF7BD
:10ADFC0087FF4FF40033C4F80C3102B070BD00BFB4
:10AE0C00202300208000202098900020264B1A88B8
:10AE1C004368C3F30E43D21A002AF0B5C46983B059
:10AE2C0028DD2248224D01782D78CBB2DFF894C072
:10AE3C00A942204D09D01CF803100F4635F811100B
:10AE4C000E46C1F500718A421AD90133002125F84A
:10AE5C001420082B184D88BF0B4625F8141098BFEA
:10AE6C0019460CF80340154B017019680A441A6016
:10AE7C0003B0F0BD204603B0BDE8F040FFF792BF31
:10AE8C000F4906EB47200192084401EB4421FFF7E0
:10AE9C004BF8019A09492046B31825F817300B686E
:10AEAC0013440B60E7E700BF98900020A6900020A9
:10AEBC00A79000203890002048900020349000206B
:10AECC008000202058900020224B1A78002A3FD175
:10AEDC0002F0FF03204A1278002A39D01F4A128848
:10AEEC00002A35D01E49C2F5006210B5087884B02E
:10AEFC001C4901EB40141C4901EBC0212046CDE953
:10AF0C0002230191FFF7CEFEDDE901120A44BFF3E3
:10AF1C004F8F4FF0E020039BC0F8701F20318A4206
:10AF2C00FAD80193BFF34F8FBFF36F8F04202146E4
:10AF3C00FFF7D0FE0A480021084B02781980013235
:10AF4C00019BD2B2032A98BF1346037004B010BD04
:10AF5C00704700BFAB900020AD9000209A9000206D
:10AF6C00AA90002020240020801020202DE9F04FF2
:10AF7C0087B00490002900F0BF8000235F4C604F25
:10AF8C004FF00109DFF890A15E4E029303915E4BE6
:10AF9C005E4A1D783B8802EB451284F800900192C2
:10AFAC00002B40F0A58098461D469B460198FFF764
:10AFBC00B7FE10F0800000F08B80BFF34F8F9AF833
:10AFCC00003084F800B00DB9D6F80080002B7BD18E
:10AFDC003368A3EB0803782B00F283804C4B1B786F
:10AFEC00002B71D000F094FA3B88012584F8009076
:10AFFC00002BDBD044491A46C3F500600D78039949
:10B00C0000EBC520DFF814B19142584417D20593D8
:10B01C00DDE903210192FEF787FF019A4FF04041D1
:10B02C00059B9B1A3B803B4BC3F88410BFF34F8F9F
:10B03C00029800231044237007B0BDE8F08F0499E8
:10B04C00FEF772FF00230BEBC5214FF40062019851
:10B05C00FFF728FE0BEBC521BFF34F8F01F1200248
:10B06C0001F50063934294BF012340234FF0E0228B
:10B07C0001EB4313C2F8701F20318B42FAD1BFF39E
:10B08C004F8FBFF36F8F04200199FFF723FE1E4AE9
:10B09C0013780133DBB2042B28BF002313703B88D9
:10B0AC00039AD11A029A1A4403910292049A1A44EE
:10B0BC0000230492174A3B80C2F88430BFF34F8FB1
:10B0CC00237000297FF463AF029807B0BDE8F08FBE
:10B0DC004FF400620C4B8AF800001D7813463A803E
:10B0EC008DE7012302988AF8003007B0BDE8F08F95
:10B0FC001A46C3F5006082E70846E6E7AB900020ED
:10B10C009A9000207C900020AA90002020240020FF
:10B11C00AD90002000002E40A9900020801020202F
:10B12C00704700BF2D4B002180222D4870B51B7835
:10B13C0000242C4E8B420CBF40234FF400732A4D3D
:10B14C0033802B8000F018FF284A2146284B1470BE
:10B15C004FF4807227481C8000F00EFF264A102105
:10B16C00264B0220C2E90044C2E90244244AC3E946
:10B17C0000441470234AC3E90244234B1C70234639
:10B18C0014602246FFF758FD204B224631880320DD
:10B19C00FFF720FD2346012229880420FFF74CFDF0
:10B1AC0020460134FFF7FEFD082CF9D1184B002185
:10B1BC004A221848184C0460C3F88410C3F8802045
:10B1CC00D3F84821154942F08072C3F8482121B1C7
:10B1DC00134A137843F00103137070BDAE90002036
:10B1EC0020240020989000209C900020AA90002001
:10B1FC009A900020202300203890002048900020B6
:10B20C00A690002034900020A79000201D8F0000F5
:10B21C0000002E4090900020D98F0000000000000C
:10B22C00B09000202DE9F84F4FF400324FF0E0239E
:10B23C00C3F88C212B4B1C78002950D082468B46AE
:10B24C00E4B20027DFF8B490274B5046274AABEB0B
:10B25C0007081B78A34204F1010437D0092C244BB6
:10B26C00244928BF00241E5D39F8163031F81650D9
:10B27C0003EB4621ED1A1144A8452A4617D21E4C61
:10B28C0042465046FEF750FE236839F816105846D1
:10B29C00A3EB0B0388443B4429F8168023604FF042
:10B2AC00E0234FF40032C3F80C21BDE8F88FFEF711
:10B2BC003BFE114A2F4430461368AA445B1B1360B3
:10B2CC00084A1470FFF76EFDBB45BDD84FF0E02364
:10B2DC004FF400323846C3F80C21BDE8F88F08460D
:10B2EC00DDE700BFA7900020A69000208000202062
:10B2FC005890002038900020349000204890002076
:10B30C000B4B0C4A12781978D3B28A420DD0013308
:10B31C0009480A4A092B0A4928BF0023C35C31F8A3
:10B32C00131002EB4323585C70474FF0FF3070470B
:10B33C00A6900020A790002058900020800020208C
:10B34C0048900020054B186800B1704700B583B0D9
:10B35C00019000F0DDF8019803B000BD349000209E
:10B36C002DE9F84F144E154D33782A78934220D09E
:10B37C00DCB2DFF85090DFF850B0DFF85080104F9F
:10B38C000134082CA24601D90024A24619F8040065
:10B39C00DBF8003038F8102037F81010521A9B1ACE
:10B3AC00CBF80030FFF7FEFC86F800A02B78A34208
:10B3BC00E6D1BDE8F88F00BFA7900020A690002032
:10B3CC0048900020589000203490002038900020A5
:10B3DC0000B583B001210DF10700FFF723FF18B171
:10B3EC009DF8070003B000BD4FF0FF30FAE700BF37
:10B3FC00084B00B583B01B788DF8070033B10121E1
:10B40C000DF10700FFF7B2FD03B000BD03F0FF0024
:10B41C0003B000BDAD900020034B1B780BB1FFF7C0
:10B42C00A5BD03F0FF007047AD9000202DE9F04161
:10B43C0000240D4E01230D4DA0460D4F33703B786B
:10B44C002846A34205D0FFF76BFC030658BF08F54E
:10B45C00006801342035042CF1D1BFF34F8F002349
:10B46C0040463370BDE8F081AB90002020240020D2
:10B47C00AA900020204B1B7813B1204B1A8802B9DC
:10B48C0070471F4BC2F500621E481F4930B51B7830
:10B49C0083B01E4C00EB431001EBC3210123054686
:10B4AC0023700023CDE90012FFF7FCFBDDE900124D
:10B4BC000A44BFF34F8F4FF0E023C3F8701F2031C5
:10B4CC008A42FAD8BFF34F8FBFF36F8F04202946FF
:10B4DC00FFF700FC0A49002208480B780280013370
:10B4EC00DBB2042B28BF13460B70BFF34F8F074BF7
:10B4FC001A7003B030BD00BFAD9000209A900020B0
:10B50C00AA9000202024002080102020AB90002046
:10B51C002E4B2DE9F0411E7886B1DFF8C88098F8E3
:10B52C0000305BB90123F10788F8003040D4B20732
:10B53C0027D4002388F80030730701D4BDE8F081CC
:10B54C00234B1A68002AF9D0EFF30582002AF5D1B3
:10B55C00EFF3108572B61868002830D01D4C217896
:10B56C0000292CD10122227042691A60002A2AD0AB
:10B57C00916105B962B600258368457798472570B7
:10B58C00DCE7154B1B78002BD3D0144F002557F854
:10B59C00044F236820461B69984710B163699B6868
:10B5AC0098470D4B01351A78EBB29A42EFD8C0E7A9
:10B5BC00FFF7C8FE0028BAD0AFF30080B7E7002D24
:10B5CC00BCD162B6BAE7064B1A60D2E7B090002045
:10B5DC00648E0020A0900020A1900020BC220020AE
:10B5EC00708E0020A290002070B5EFF3108272B61E
:10B5FC000C4C206880B10C4E00254369236073B15C
:10B60C009D6102B962B6836845779847EFF3108263
:10B61C0072B620680028F0D102B962B670BD3360F2
:10B62C00EFE700BF6C8E0020688E0020FFF7DCBFB8
:10B63C000449054A4968054B1960136801331360C6
:10B64C00704700BF001000E07C9000207890002034
:10B65C00074A506A936A19468446506A936A99421B
:10B66C00F9D18445F7D1DB0B43EA4040704700BF6A
:10B67C0000400D4008B5D0E900325BB1BAB10F4BB8
:10B68C00A3FB0213DB0803EB4303B2EB83030AD1E6
:10B69C00012008BD094BA3FB0213DB0803EB43039A
:10B6AC00B2EB830301D0D21A4260F02AF0D800F03A
:10B6BC00A7FC1C22034600201A6008BDABAAAAAA4C
:10B6CC0030B583B060B3044621B11D46B2FA82F3A3
:10B6DC005B09A2B9206818B362680AB3164B174904
:10B6EC0002FB03F3B1EBB30F1AD3A368FBB900232E
:10B6FC0023606360A360E360012003B030BD01935D
:10B70C00069BC0E90012C360FFF7B4FF60B1002DC7
:10B71C00F2D0626801992068A56000F02DFCEBE77F
:10B72C0000F06EFC16230360002003B030BD002136
:10B73C0000F022FCDBE700BFABAAAAAA55555515B1
:10B74C0081F0004102E000BF83F0004330B54FEAC6
:10B75C0041044FEA430594EA050F08BF90EA020F33
:10B76C001FBF54EA000C55EA020C7FEA645C7FEAC6
:10B77C00655C00F0E2804FEA5454D4EB5555B8BFE9
:10B78C006D420CDD2C4480EA020281EA030382EA5A
:10B79C00000083EA010180EA020281EA0303362DEC
:10B7AC0088BF30BD11F0004F4FEA01314FF4801CBF
:10B7BC004CEA113102D0404261EB410113F0004FD1
:10B7CC004FEA03334CEA133302D0524263EB430388
:10B7DC0094EA050F00F0A780A4F10104D5F1200E26
:10B7EC000DDB02FA0EFC22FA05F2801841F1000181
:10B7FC0003FA0EF2801843FA05F359410EE0A5F155
:10B80C0020050EF1200E012A03FA0EFC28BF4CF085
:10B81C00020C43FA05F3C01851EBE37101F000453B
:10B82C0007D54FF0000EDCF1000C7EEB00006EEB48
:10B83C000101B1F5801F1BD3B1F5001F0CD34908D2
:10B84C005FEA30004FEA3C0C04F101044FEA445229
:10B85C0012F5800F80F09A80BCF1004F08BF5FEAB0
:10B86C00500C50F1000041EB045141EA050130BD90
:10B87C005FEA4C0C404141EB0101013C28BFB1F5A2
:10B88C00801FE9D291F0000F04BF01460020B1FAED
:10B89C0081F308BF2033A3F10B03B3F120020CDAC0
:10B8AC000C3208DD02F1140CC2F10C0201FA0CF09E
:10B8BC0021FA02F10CE002F11402D8BFC2F1200C03
:10B8CC0001FA02F120FA0CFCDCBF41EA0C019040B9
:10B8DC00E41AA2BF01EB0451294330BD6FEA040402
:10B8EC001F3C1CDA0C340EDC04F11404C4F12002ED
:10B8FC0020FA04F001FA02F340EA030021FA04F3FF
:10B90C0045EA030130BDC4F10C04C4F1200220FA55
:10B91C0002F001FA04F340EA0300294630BD21FA93
:10B92C0004F0294630BD94F0000F83F4801306BF59
:10B93C0081F480110134013D4EE77FEA645C18BF4D
:10B94C007FEA655C29D094EA050F08BF90EA020FE4
:10B95C0005D054EA000C04BF1946104630BD91EADC
:10B96C00030F1EBF0021002030BD5FEA545C05D1DF
:10B97C004000494128BF41F0004130BD14F580041E
:10B98C003CBF01F5801130BD01F0004545F0FE4192
:10B99C0041F470014FF0000030BD7FEA645C1ABFC7
:10B9AC00194610467FEA655C1CBF0B46024650EAFE
:10B9BC00013406BF52EA033591EA030F41F400212A
:10B9CC0030BD00BF90F0000F04BF0021704730B5B0
:10B9DC004FF4806404F132044FF000054FF0000185
:10B9EC0050E700BF90F0000F04BF0021704730B546
:10B9FC004FF4806404F1320410F0004548BF40421B
:10BA0C004FF000013EE700BF42004FEAE2014FEA6F
:10BA1C0031014FEA02701FBF12F07F4393F07F4F4A
:10BA2C0081F06051704732F07F4208BF704793F04D
:10BA3C007F4F04BF41F40021704730B54FF4607460
:10BA4C0001F0004521F000411CE700BF50EA010263
:10BA5C0008BF704730B54FF000050AE050EA01020C
:10BA6C0008BF704730B511F0004502D5404261EB7C
:10BA7C0041014FF4806404F132045FEA915C3FF4BD
:10BA8C00D8AE4FF003025FEADC0C18BF03325FEA5A
:10BA9C00DC0C18BF033202EBDC02C2F1200300FA0B
:10BAAC0003FC20FA02F001FA03FE40EA0E0021FA30
:10BABC0002F11444BDE600BF53B94AB9002908BFCE
:10BACC0000281CBF4FF0FF314FF0FF3000F09CB945
:10BADC00ADF1080C6DE904CE00F006F8DDF804E0D9
:10BAEC00DDE9022304B070472DE9F04782B0064629
:10BAFC00DDF828E00846B4460D46002B4ED18A42AC
:10BB0C0014466DD9B2FA82F242B1C2F120039540CB
:10BB1C0026FA03F394401D4306FA02FC260CA7B246
:10BB2C00B5FBF6F14FEA1C4306FB115543EA0543FE
:10BB3C0001FB07F0984209D9E31801F1FF3580F0B9
:10BB4C000381984240F20081023923441B1A1FFAE8
:10BB5C008CFCB3FBF6F006FB10334CEA034C00FBF9
:10BB6C0007F363450AD914EB0C0C00F1FF3580F098
:10BB7C00ED80634540F2EA80A444023840EA01407B
:10BB8C00ACEB030C0021BEF1000F04D02CFA02F335
:10BB9C000022CEE9003202B0BDE8F0878B4209D911
:10BBAC00BEF1000F01D0CEE900610021084602B0C1
:10BBBC00BDE8F087B3FA83F1174600294DD18342D3
:10BBCC0002D3B24200F20F81B6EB070C60EB030319
:10BBDC0001201D46BEF1000FDDD0CEE900C5DAE72D
:10BBEC00002A00F098801A46B4FA84F3002B40F037
:10BBFC00AF800B1B270CA6B20121B3FBF7F54FEA64
:10BC0C001C4007FB153340EA034306FB05F8984537
:10BC1C0007D9E31805F1FF3002D2984500F2E8800D
:10BC2C000546A3EB08031FFA8CFCB3FBF7F007FBEC
:10BC3C0010334CEA034C06FB00F3634508D914EBB4
:10BC4C000C0C00F1FF3602D2634500F2CE80304678
:10BC5C00ACEB030C40EA054095E7C1F120058B40A5
:10BC6C0022FA05FC4CEA030C00FA01F426FA05F35F
:10BC7C00E84002FA01F943EA04084FEA1C4206FACA
:10BC8C0001FAB0FBF2F71FFA8CF602FB17004FEA31
:10BC9C00184444EA004407FB06F0A0420AD91CEB06
:10BCAC00040407F1FF3380F09C80A04240F299809D
:10BCBC00023F6444241A1FFA88F3B4FBF2F002FB2F
:10BCCC00104443EA044300FB06F69E4209D91CEBE0
:10BCDC00030300F1FF3480F082809E427FD902384A
:10BCEC00634440EA0740A0FB09749B1BA3423E46F9
:10BCFC00A04664D361D0BEF1000F0AD0BAEB0602A5
:10BD0C0063EB080303FA05F5CA401543CB40CEE9B3
:10BD1C00005300213FE7730843EAC1734A08190C2A
:10BD2C0041EA02414FEAC67C9BB2B2FBF4F02646D4
:10BD3C00A04627461F2243EA0143B1FBF4F1A3EBD3
:10BD4C00080341EA004158E72946FFE6284615E773
:10BD5C001A46C3F120019C4026FA01F320FA01F1A6
:10BD6C0090400343270C06FA02FCB1FBF7F0A6B295
:10BD7C0007FB1015190C41EA054100FB06F58D4235
:10BD8C003BD9611801D28D4220D8491B0138B1FB37
:10BD9C00F7F5019505FB06F8019D9BB207FB151104
:10BDAC0043EA0143434526D2E31805F1FF31C6D2DD
:10BDBC004345C4D2A91E2344C1E7BA459BD2B7EB75
:10BDCC00090664EB0C040138A04694E7651B294472
:10BDDC000238B1FBF7F5019505FB06F8DCE72046C8
:10BDEC007FE71F4666E70846F4E6A44402382FE7CF
:10BDFC00023D234415E70199A1E7491BB1FBF7F577
:10BE0C00019505FB06F8C7E7704700BF0A22002121
:10BE1C0000F0A2B8242B2DE9F84F42D8012B88460C
:10BE2C0019463ED091464B4A82461E46C64670463F
:10BE3C001EF8017BD35D13F00803F8D12D2F70D0C1
:10BE4C002B2F05BF9EF800709B469B4600F1020EFF
:10BE5C006FF0004361BB302F4DD00A2631460022D3
:10BE6C00B3FBF6F4104606FB143505E03CD006FB9C
:10BE7C0000C001221EF8017BA7F1300CBCF1090FA8
:10BE8C0006D9A7F1410CBCF1190F17D8A7F1370C43
:10BE9C0061451CDD571CEDD08442E7D24FF0FF32D8
:10BEAC00E8E700F0ADF8162303600020BDE8F88F3A
:10BEBC001029D4D1302F27D00E46D0E7A7F1610C32
:10BECC00BCF1190F03D8A7F1570C6145E2DC511CEA
:10BEDC0030D0BBF1000F0CD1B9F1000FE6D0AABBEA
:10BEEC00C9F80080BDE8F88F6545C0DA4FF0FF3225
:10BEFC00C0E74042F0E79EF8002002F0DF02582A2B
:10BF0C0008D008263146AAE79EF8002002F0DF028E
:10BF1C00582AD1D110269EF8017031460EF1020E2E
:10BF2C009DE79EF800704FF0004300F1020E4FF0B9
:10BF3C00010B8FE72222CAF80020B9F1000F07D0BD
:10BF4C000EF1FF381846C9F80080CBE70346F7E737
:10BF5C001846ABE7A115002000B5DFF818E08446C1
:10BF6C001346DEF800005DF804EB0A466146FFF765
:10BF7C0051BF00BF781D002030B5840786460346AC
:10BF8C0006D0A2B303F8011B980702F1FF32F8D1D7
:10BF9C00032A26D95FFA81FC0CEB0C2C0F2A0CEB34
:10BFAC000C402AD922F00F0C9C44C3E90000C3E9D1
:10BFBC00020010336345F8D112F00C0F02F00F049D
:10BFCC0017D04FEA940C0CF1FF351A4603EB8C0C8E
:10BFDC0042F8040B6245FBD1043304F0030203EB7B
:10BFEC00850322B11A4403F8011B9A42FBD1704617
:10BFFC0030BD2246002AF5D1F9E71446E1E700BF2F
:10C00C00014B1868704700BF781D002070B50E4EAC
:10C01C000E4DAE4208D0761BB610002455F8043BEA
:10C02C0001349847A642F9D8094E0A4D00F090F811
:10C03C00AE4208D0761BB610002455F8043B0134F0
:10C04C009847A642F9D870BDF01D0060F01D006045
:10C05C00F41D0060F01D00600000000000000000F6
:10C06C0000000000000000000000000000000000C4
:10C07C0030B490F800F020F007016FF0000C10F0D5
:10C08C00070491F820F040F048804FF000046FF066
:10C09C000700D1E9002391F840F000F1080082FA82
:10C0AC004CF2A4FA8CF283FA4CF3A2FA8CF34BBB4D
:10C0BC00D1E9022382FA4CF200F10800A4FA8CF2C6
:10C0CC0083FA4CF3A2FA8CF3E3B9D1E9042382FA94
:10C0DC004CF200F10800A4FA8CF283FA4CF3A2FAA9
:10C0EC008CF37BB9D1E9062301F1200182FA4CF2E1
:10C0FC0000F10800A4FA8CF283FA4CF3A2FA8CF348
:10C10C00002BC6D0002A04BF04301A4612BAB2FA69
:10C11C0082F200EBD20030BC7047D1E9002304F06E
:10C12C000305C4F100004FEAC50514F0040F91F8A3
:10C13C0040F00CFA05F562EA05021CBF63EA050340
:10C14C0062464FF00004AAE75FF800F0FD1C0060A7
:10C15C005FF800F0A11D006000000000000000006E
:04C16C00F8B500BF63
:08C1700084F9FF7F01000000CB
:10C1780000000000000000000000000000000000B7
:10C1880000000000000000000000000000000000A7
:10C198000000000000000000000000000000000097
:10C1A8000000000000000000000000000000000087
:10C1B8000000000000000000000000000000000077
:10C1C8000000000000000000000000000000000067
:10C1D8000000000000000000000000000000000057
:10C1E8000000000000000000000000000000000047
:10C1F8000000000000000000000000000000000037
:10C208000000000000000000000000000000000026
:10C218000000000000000000000000000000000016
:10C228000000000000000000000000000000000006
:10C2380000000000000000000000000000000000F6
:10C2480000000000000000000000000000000000E6
:10C2580000000000000000000000000000000000D6
:10C2680000000000000000000000000000000000C6
:10C2780000000000000000000000000000000000B6
:10C2880000000000000000000000000000000000A6
:10C298000000000000000000000000000000000096
:10C2A8000000000000000000000000000000000086
:10C2B8000000000000000000000000000000000076
:10C2C8000000000000000000000000000000000066
:10C2D8000000000000000000000000000000000056
:10C2E8000000000000000000000000000000000046
:10C2F8000000000000000000000000000000000036
:10C308000000000000000000000000000000000025
:10C318000000000000000000000000000000000015
:10C328000000000000000000000000000000000005
:10C3380000000000000000000000000000000000F5
:10C3480000000000000000000000000000000000E5
:10C3580000000000000000000000000000000000D5
:10C3680000000000000000000000000000000000C5
:10C3780000000000000000000000000000000000B5
:10C3880000000000000000000000000000000000A5
:10C398000000000000000000000000000000000095
:10C3A8000000000000000000000000000000000085
:10C3B8000000000000000000000000000000000075
:10C3C8000000000000000000000000000000000065
:10C3D8000000000000000000000000000000000055
:10C3E8000000000000000000000000000000000045
:10C3F800494E20524541434800000000746F6F20A9
:10C40800736C6F77000000000A5B335D2074696D00
:10C41800696E672C207065722062616E6B2E203207
:10C42800302E32206E732F6E6962626C65206973DC
:10C438002074686520466C6578535049207468728A
:10C448006573686F6C642E002020202062616E6B1B
:10C4580020207772697465202020202020207265B2
:10C468006164202020202020202057204D422F7357
:10C4780020202052204D422F732020206E732F6ED3
:10C4880069622020636F6E74726F6C6C65723F0016
:10C498002020202020202020202028656467652D6A
:10C4A8003E75736564292028656467652D3E75733C
:10C4B8006564292020202D2D2050524F564953497C
:10C4C8004F4E414C2E20737461676520362071757C
:10C4D800616C69666965732074686573652E000010
:10C4E80020202020202062616E6B2000206E65765F
:10C4F800657220766572696669656420636C65613A
:10C508006E3B2072756E6E696E6720697420617467
:10C5180020777269746520002F72656164200000BD
:10C5280020616E797761790020202020202000008A
:10C538002D2D00002D3E000020202020202020202E
:10C5480000000000202020200000000020202020E3
:10C55800202020002D2D206E657665722063616D88
:10C568006520636C65616E002020746865205465E1
:10C57800656E737920636F726520666F756E6420CF
:10C5880000000000204D42206F6E20746865205125
:10C5980053504920666F6F747072696E74732061AE
:10C5A8007420626F6F74000020202D2D20736F207F
:10C5B80074686F736520636869707320616E6420A6
:10C5C800746865697220776972696E67206172653F
:10C5D80020676F6F642C20617420636F6E74726FB4
:10C5E8006C6C65722073706565642E0020202D2D9B
:10C5F8002030206D65616E732074686520636F72EA
:10C60800652773206F776E2070726F626520666F82
:10C61800756E64206E6F7468696E672074686572E1
:10C6280065206569746865722E0000005B315D20C5
:10C63800776861742069732061637475616C6C79C3
:10C6480020776972656400002020202073656C657E
:10C65800637420202020202020206964656E74697E
:10C6680074792020202020003044203544202020C8
:10C67800202020202062616E6B2000002D2D2020BC
:10C6880028676F7420000000290000002020202067
:10C69800666F756E64200000206368697073203DC2
:10C6A80020000000204D4200202020204E4F206412
:10C6B80065636F6465722062616E6B20616E73776B
:10C6C800657265642E2045697468657220746865B2
:10C6D80020656E61626C65207769726520697320D8
:10C6E8006E6F74206F6E2070696E203520796574C6
:10C6F8002C000000202020206F72206974207765AC
:10C708006E7420746F20473120696E73746561649C
:10C71800206F6620473241202D2D20473120697334
:10C7280020616374697665204849474820616E64D2
:10C7380020776F756C6420686F6C6420746865007E
:10C74800202020206465636F646572206F66662E02
:10C7580020436865636B2074686174206F6E652080
:10C7680077697265206265666F726520616E79749B
:10C7780068696E6720656C73652068657265206DF1
:10C7880065616E73206D7563682E0000202020207F
:10C79800546865206465636F646572207265706CA7
:10C7A80069657320746F2070696E20352C20736F53
:10C7B8002074686520656E61626C6520686173200D
:10C7C800697473206F776E2070696E20616E6420C3
:10C7D800746865002020202038204D422063617055
:10C7E80020697320676F6E652E205374616765201A
:10C7F8003220636865636B73207468652062616EBC
:10C808006B73207265616C6C792061726520736549
:10C818007061726174652063686970732E0000002E
:10C828004F56455200000000736166650000000025
:10C838007468696E000000002020206F6B00000003
:10C84800202020414E53574552204348414E4745EA
:10C858004400000050200000492062616E6B732084
:10C8680000000000206D6220000000003A20657280
:10C87800726F72732061742074686520736C6F77AF
:10C888006573742073657474696E6720696E2074AB
:10C898006865207461626C652E20536C6F77696ED1
:10C8A8006720646F776E206973206E6F74000000D4
:10C8B8002020202074686520666978206865726584
:10C8C800202D2D2072756E20707372616D5F61640A
:10C8D80064725F6661756C7420746F2074656C6C2B
:10C8E800206120776972652066726F6D2074696DAA
:10C8F800696E672E00000000206572726F727320E7
:10C90800756E646572206C6F616420617420777243
:10C9180069746520000000002C2062757273742011
:10C9280000000000202D2D207374657070696E67FB
:10C9380020746F2077726974652000002C20636F63
:10C94800756E7465727320726573657400000000FB
:10C958003D3D3D3D3D3D3D3D3D3D3D3D3D3D3D3DFF
:10C968003D3D3D3D3D3D3D3D3D3D3D3D3D3D3D3DEF
:10C978003D3D3D3D3D3D3D3D3D3D3D3D3D3D3D3DDF
:10C988003D3D3D3D3D3D3D3D3D3D3D3D3D3D3D3DCF
:10C998003D3D00002020736F616B2C2000000000DB
:10C9A800206D696E2C200000207061737365732000
:10C9B8006F662065616368206F6620002062616E83
:10C9C8006B7300002020202062616E6B20202057AE
:10C9D8002F5220202020206275727374202020732B
:10C9E800746570732020204D4220746573746564EB
:10C9F8002020206572726F7273202020776F727307
:10CA08007420202072617465000000002020572FD8
:10CA180052206973207468652073657474696E6741
:10CA2800206265696E6720736F616B656420726947
:10CA3800676874206E6F7720616E64207374657008
:10CA48007320697320686F77206D616E792074692F
:10CA58006D657320746869730000000020206261AE
:10CA68006E6B206861732068616420746F20736C3A
:10CA78006F7720646F776E20746F206765742074F9
:10CA8800686572652E20412062616E6B207769743B
:10CA980068206E6F206572726F72732079657420DA
:10CAA800697320626F756E6465642C0020206E6F58
:10CAB800742070726F76656E2C20616E64207468C5
:10CAC8006520626F756E642066616C6C732061739B
:10CAD80020746869732072756E732E204F6E6520FE
:10CAE80074686174206572726F72732073746570F4
:10CAF8007320736C6F77657220616E6400000000AC
:10CB080020207374617274732069747320636F7565
:10CB18006E7420616761696E2C20736F207468657C
:10CB28002073657474696E677320636F6E766572BF
:10CB38006765206F6E2077686174207375727669F7
:10CB4800766573207375737461696E65640000009F
:10CB580020206C6F6164207261746865722074684B
:10CB6800616E206F6E2077686174206C6F6F6B65E3
:10CB7800642066696E65207768696C6520746865ED
:10CB880020626F61726420776173207374696C6CC2
:10CB980020636F6C642E00002020202020000000FD
:10CBA8004220202020000000207065722062696CFD
:10CBB8006C696F6E00000000756E6465722000007D
:10CBC800207065722062696C6C696F6E20736F20CB
:10CBD80066617200202070657266626F61726420FF
:10CBE8006272696E672D75702E20466C61736820BD
:10CBF800746869732066697273743B206974206174
:10CC08007373756D6573206E6F7468696E672E0037
:10CC18000A20204E6F7468696E6720616E737765AD
:10CC280072656420617420616C6C2C206174203200
:10CC38003530206B487A2C207768696368206E6FDE
:10CC48002074696D696E672073657474696E6720F6
:10CC580063616E206578706C61696E2E000000005B
:10CC68002020496E206F72646572206F66206C699F
:10CC78006B656C69686F6F643A00000020202020A3
:10CC8800312E20706F776572206F722067726F7512
:10CC98006E64206D697373696E67206174207468AF
:10CCA800652063686970732C206F72205643432097
:10CCB800616E642056535320737761707065640009
:10CCC80020202020322E2053434C4B206E6F74209E
:10CCD8007265616368696E67207468656D202D2DC3
:10CCE800206974206973205465656E7379207069B2
:10CCF8006E2035332C204E4F542070696E2035320B
:10CD08000000000020202020332E2053494F3020DF
:10CD1800616E642053494F31207377617070656488
:10CD28002C20736F20636F6D6D616E647320676F65
:10CD3800206F7574206F6E20746865207265706C42
:10CD480079206C696E65000020202020342E206533
:10CD58007665727920636869702073656C656374A1
:10CD680020737475636B20686967682C206F722064
:10CD7800746865206465636F64657220656E6162BE
:10CD88006C65206F6E20473120726174686572008F
:10CD9800202020202020207468616E204732412006
:10CDA8002D2D2047312069732061637469766520D1
:10CDB8006869676820616E6420686F6C64732074AA
:10CDC8006865206465636F646572206F666600003D
:10CDD800202050696E2035332069732074686520DF
:10CDE8006F6E6520746F20636865636B2066697277
:10CDF80073742E20497420697320746865207061EB
:10CE08006420612070696E6F75742063617264209C
:10CE18006973206D6F73740020206F6674656E20CF
:10CE28006D697372656164206F6E2C20616E642079
:10CE3800697420697320766572696669656420740F
:10CE48007769636520696E20646F63732F343420BB
:10CE580066726F6D2074686520636F72652E0000BE
:10CE68000A3D3D3D207265747279696E6720696E6E
:10CE780020323020732C20696E2063617365207323
:10CE88006F6D657468696E67206973206265696E85
:10CE9800672072657769726564203D3D3D0000003A
:10CEA8000A5B325D20617265207468652062616E7C
:10CEB8006B7320696E646570656E64656E740000DE
:10CEC8002020202062616E6B20202077726F6E67B1
:10CED800206F66203635353336000000206F662017
:10CEE800000000002062616E6B7320686F6C642024
:10CEF8007468656972206F776E20646174610000E0
:10CF080020202020412062616E6B207468617420AB
:10CF1800646F6573206E6F74206973207368617223
:10CF2800696E67206120636869702073656C65634A
:10CF380074207769746820616E6F74686572206FF9
:10CF48006E652E000A5B345D206368697020736526
:10CF58006C656374206C6F772070657220627572DF
:10CF680073742C20616761696E737420746865201E
:10CF7800382075732072656672657368206C696DF8
:10CF8800697400002020202062616E6B20202062DE
:10CF9800757273742020207265616420202020201F
:10CFA80020777269746500000A5B4D5D20736861C3
:10CFB80072646564206D61747269782D7665637436
:10CFC8006F723A2065766572792062616E6B2064B3
:10CFD8006F657320697473206F776E207061727447
:10CFE80069616C2073756D00202020206C6F61646E
:10CFF800696E672000000000206B42206F662034B5
:10D008002D626974207765696768747320696E7426
:10D018006F20656163682062616E6B00204220208A
:10D0280020200000207573202020000020202020D0
:10D038007265666572656E636520706173732061E1
:10D04800742074686520736C6F77657374207365DA
:10D058007474696E672C20746F206861766520612E
:10D068006E20616E7377657220746F20636F6D70C8
:10D0780061726520746F00002020202062616E6B51
:10D08800202020666173746573742074686174204D
:10D098007374696C6C206167726565732020204D1C
:10D0A800422F7320202020204D4D41432F732020F4
:10D0B8002020206D73000000202020202020202028
:10D0C800202072656164200020202020202020205C
:10D0D8002020202020200000202020206E6F772094
:10D0E8007468652073616D65206279746573206169
:10D0F80074203220626974732061207765696768DB
:10D1080074000000202020202020322D6269743A0B
:10D1180020000000204D422F732C2000204D4D414F
:10D12800432F732C2073756D2000000020202020D1
:10D13800636F6D62696E65642073756D206F7665C7
:10D148007220616C6C2000002062616E6B733A2063
:10D158000000000020202020616767726567617405
:10D168006520342D6269742000000000204D4D4177
:10D17800432F730020202020776861742074686131
:10D188007420697320666F722061206D6F64656C0E
:10D198002C203234206C61796572733A00000000EB
:10D1A80020202020202068696464656E2073697AD5
:10D1B8006520000020202000206B422F6C617965DB
:10D1C8007220202000000000206D73202020000025
:10D1D80020746F6B656E732F730000002020202071
:10D1E800636170616369747920000000204D4220FA
:10D1F8003D200000206C617965727320617420689D
:10D20800696464656E2073697A652035313200007F
:10D218000A2D2D2D207768617420796F752062752D
:10D22800696C74202D2D2D00202000002063686972
:10D2380070732C2000000000204D4220757361623D
:10D248006C652E00202062616E6B7320756E6465BC
:10D25800722074686174207468726573686F6C6496
:10D268003A2000002020666173746573742062613F
:10D278006E6B3A2000000000206E732070657220EB
:10D288006E6962626C652E2054686520466C65780C
:10D29800535049207468726573686F6C64206973B1
:10D2A8002032302E322E0000202052756E207073EE
:10D2B80072616D5F636C6F636B5F73776565702018
:10D2C8006E6578742E2054686520636F6E74726F73
:10D2D8006C6C6572206272696E6773206D656D6F24
:10D2E8007279206D617070696E6720616E640000EC
:10D2F800202061626F7574203333204D422F732CC8
:10D3080020616E64206974207265616368657320AA
:10D318006F6E6C7920612062616E6B2077686F7325
:10D32800652073656C65637420697420647269761E
:10D33800657320697473656C6600000020202D2DCC
:10D34800207768696368206F6E2074686973207736
:10D358006972696E6720697320746865206F6E65ED
:10D36800206F6E2070696E2034382C206E6F742008
:10D37800746865206465636F6465722062616E6BB2
:10D38800732E000020204E6F6E6520756E646572E6
:10D398002032302E32207965742C20736F20746807
:10D3A80065206269742D62616E67656420647269C4
:10D3B80076657220697320746865207061746820CE
:10D3C800666F72206E6F772E20546865000000002B
:10D3D80020206C6576657220697320612067726F02
:10D3E800756E642072657475726E20626573696407
:10D3F80065207468652064617461206C696E65736A
:10D408002C206E6F742074686520706164206472CB
:10D418006976653A000000002020707372616D5FC4
:10D4280070616473206D6561737572656420616CE9
:10D438006C20656967687420647269766520616E1E
:10D448006420736C65772073657474696E677320E4
:10D458006173206964656E746963616C2E000000F5
:10D468000A20204272696E672D757020636F6D7097
:10D478006C6574652C20627574207374616765200F
:10D488003327732073657474696E677320617265DE
:10D498002050524F564953494F4E414C3A207468D8
:10D4A800657920776572652063686F73656E000023
:10D4B8002020696E207365636F6E647320616E64EB
:10D4C800207468697320627573206C6F73657320AC
:10D4D8006D617267696E206F766572206D696E7511
:10D4E800746573206173206974207761726D732E7F
:10D4F80020536F616B696E672065766572790000ED
:10D50800202062616E6B2066726F6D20686572659F
:10D51800206F6E2C207374657070696E6720616E61
:10D52800792074686174206661696C7320616E6427
:10D5380020726573657474696E67206974732063FB
:10D548006F756E742C20756E74696C207468650034
:10D55800202073657474696E677320617265206F2B
:10D568006E65732074686174207375727669766568
:10D57800206265696E672072756E20686172642E1C
:10D58800205468617420697320746865207265612D
:10D598006C20616E737765722E0000004353302053
:10D5A8002070696E20343800435331202070696E32
:10D5B80020353100646563205930000064656320BC
:10D5C80059310000646563205932000064656320A6
:10D5D8005933000064656320593400006465632092
:10D5E800593500006465632059360000646563207E
:10D5F800593700006E616E00696E66006F766600CE
:10D60800E10A0000512800001D3B0000D50500007C
:10D61800B53D000079100000AD4400001918000065
:10D628000D210000F92F0000CD080000152600008C
:10D63800B93800001D030000B1350000210D0000BD
:10D648000141000021140000711C0000BD2A0000E7
:10D6580004000000050000000600000008000000AB
:10D668000A0000000C0000000E000000100000007E
:10D678001400000018000000000000000000000076
:10D688005D790000AD8E0000A98E0000A58E000017
:10D69800A18E00009D8E0000998E0000958E0000DE
:10D6A80000000000000000000D780000D97900009B
:10D6B80081720000D9730000A1720000417300005C
:10D6C800C972000065740000F57300007D720000E7
:10D6D8000000000102030405060700002C140020C6
:10D6E80038140020441400204C1400205414002046
:10D6F8005C140020641400206C14002074140020B2
:10D708007C14002000010202020202020202000050
:10D7180000202020202020202020282828282820F9
:10D7280020202020202020202020202020202020F1
:10D738002088101010101010101010101010101059
:10D748001004040404040404040404101010101049
:10D758001010414141414141010101010101010113
:10D768000101010101010101010101011010101065
:10D7780010104242424242420202020202020202E5
:10D788000202020202020202020202021010101039
:10D798002000000000000000000000000000000061
:10D7A8000000000000000000000000000000000071
:10D7B8000000000000000000000000000000000061
:10D7C8000000000000000000000000000000000051
:10D7D8000000000000000000000000000000000041
:10D7E8000000000000000000000000000000000031
:10D7F8000000000000000000000000000000000021
:10D808000000000000000000000000000000000010
:10D818000000000000000042C8801F40B8821F407E
:10D828000800000000000042C4801F40B4821F406E
:10D838000400000000C0004224801F4014821F40E2
:10D848001000000000C0004228801F4018821F40BE
:10D858002000000000C000422C801F401C821F4096
:10D868004000000000C0004234801F4024821F4056
:10D87800000100000040004264811F4054831F40A3
:10D88800000400000040004280811F4070831F4058
:10D8980000000200004000427C811F406C831F4052
:10D8A800000001000040004268811F4058831F406B
:10D8B80000080000004000423C811F402C831F40AC
:10D8C800010000000040004244811F4034831F4093
:10D8D800040000000040004240811F4030831F4088
:10D8E800020000000040004248811F4038831F406A
:10D8F800080000000000004204811F40F4821F401D
:10D90800000004000000004208811F40F8821F4008
:10D91800000008000000004218811F4008831F40D3
:10D92800000080000000004214811F4004831F4053
:10D93800000040000000004200811F40F0821F40AC
:10D948000000020000000042FC801F40EC821F40E3
:10D95800000001000000004224811F4014831F4082
:10D96800000000040000004228811F4018831F4067
:10D9780000000008000000421C811F400C831F406B
:10D98800000000010000004220811F4010831F405A
:10D998000000000200000042EC801F40DC821F40B3
:10D9A8000010000000000042F0801F40E0821F408D
:10D9B800002000000000004234811F4024831F40E3
:10D9C800000000400000004238811F4028831F40AB
:10D9D800000000800080004294801F4084821F4025
:10D9E8000000040000C0004290801F4080821F4059
:10D9F8000000008000800042A8801F4098821F40DD
:10DA08000000800000800042A4801F4094821F40D4
:10DA180000004000004000426C811F405C831F40B2
:10DA28000010000000C0004230801F4020821F40CC
:10DA38008000000000400042B0811F40A0831F40CA
:10DA48000000002000400042AC811F409C831F4022
:10DA5800000000100040004284811F4074831F4072
:10DA6800000004000040004288811F4078831F4066
:10DA780000000800000000422C811F401C831F404A
:10DA8800000000100000004230811F4020831F402A
:10DA980000000020000000420C811F40FC821F4053
:10DAA800000010000000004210811F4000831F404A
:10DAB8000000200000800042C8811F40B8831F403A
:10DAC8000080000000800042C4811F40B4831F40D2
:10DAD8000040000000800042C0811F40B0831F400A
:10DAE8000020000000800042BC811F40AC831F4022
:10DAF8000010000000800042D0811F40C0831F40FA
:10DB08000000020000800042CC811F40BC831F40FF
:10DB18000000010000C0004274801F4064821F4062
:10DB28000000000100C0004280801F4070821F403A
:10DB38000000000800C0004284801F4074821F401B
:10DB48000000001000C000426C801F405C821F4033
:10DB58000000400000C000427C801F406C821F40D3
:10DB68000000000400C0004278801F4068821F4007
:10DB78000000000200C0004288801F4078821F40D9
:10DB880000000020000100007C1D002012000000A1
:10DB980000060000F01E00600A00000000020000FD
:10DBA8008C1E00606200000000070000281E006054
:10DBB80062000000EE030000B81D00201200000003
:10DBC800000004EE901D0020280000000003000063
:10DBD800241E006000000000010309040C1E006000
:10DBE8000000000002030904F41D006000000000AA
:10DBF80003030904CC1D0020000000000000000001
:10DC0800000000000000000000000000BC8E0020A2
:10DC1800248F00208C8F00200000000000000000EE
:10DC280000000000000000000000000000000000EC
:10DC380000000000000000000000000000000000DC
:10DC480000000000000000000000000000000000CC
:10DC580000000000000000000000000000000000BC
:10DC680000000000000000000000000000000000AC
:10DC7800000000000000000000000000000000009C
:10DC8800000000000000000000000000000000008C
:10DC9800000000000000000000000000000000007C
:10DCA80001000000000000000E33CDAB34126DE619
:10DCB800ECDE05000B000000000000000000000082
:10DCC800000000000000000000000000000000004C
:10DCD800000000000000000000000000000000003C
:10DCE800000000000000000000000000000000002C
:10DCF800000000000000000000000000000000001C
:10DD0800000000000000000000000000000000000B
:10DD180000000000000000000000000000000000FB
:10DD280000000000000000000000000000000000EB
:10DD380000000000000000000000000000000000DB
:10DD480000000000000000000000000000000000CB
:10DD580000000000000000000000000000000000BB
:10DD680000000000000000000000000000000000AB
:10DD7800000000000000000000000000000000009B
:10DD8800000000000000000000000000000000008B
:10DD9800000000000000000000000000000000007B
:10DDA800000000000000000000000000000000006B
:10DDB800000000000000000000000000000000005B
:10DDC800000000000000000000000000000000004B
:10DDD800000000000000000000000000000000003B
:10DDE800000000000000000000000000000000002B
:10DDF800000000000000000000000000000000001B
:10DE080000000000000000000029DE07007B9A17D0
:10DE18001015002000000000E803000000000000CA
:10DE28003815002000000000E80300000000000092
:10DE380000001940101D002000000000886D00201F
:10DE4800486D0020000000000000000028000000CD
:10DE58004000000028000000400000000000000012
:10DE680000000000000000000000000000000000AA
:10DE7800000000000000000000000000000000009A
:10DE88000117000051790000000000006CC00F402D
:10DE980000000003070000000200000040851F404A
:10DEA80002000000FF000000FF000000000000006A
:10DEB80000000000080000000200000044851F4028
:10DEC80002000000FF000000FF000000000000004A
:10DED80000000000FF004000260018007A00000043
:10DEE8006000000000000001981A002012010002E2
:10DEF800EF020140C0168304800201020301000002
:10DF080028000000000104000100000000000000DB
:10DF1800020157494E55534200000000000000001E
:10DF2800000000000000000012034D0053004600EE
:10DF38005400310030003000F80000000C030000ED
:10DF480000000000000000000000000000000000C9
:10DF58000000FF00000000000000000000000000BA
:10DF680000000000000000000000000000000000A9
:10DF78000000000000000000000000000000000099
:10DF88000000000000000000000000000000000089
:10DF98000000000000000000000000000000000079
:10DFA8000000000000000000000000000000000069
:10DFB8000000000000000000000000000000000059
:10DFC8000000000000000000000000000000000049
:10DFD8000000000000000000000000000000000039
:10DFE8000000000000000000000000000000000029
:10DFF8000000000000000000000000000000000019
:10E008000000000000000000000000000000000008
:10E0180000000000000000000000000000000000F8
:10E0280000000000000000000000000000000000E8
:10E0380000000000000000000000000000000000D8
:10E0480000000000000000000000000000000000C8
:10E0580000000000000000000000000000000000B8
:10E0680000000000000000000000000000000000A8
:10E078000000000000000000000000000000000098
:10E088000000000000000000000000000000000088
:10E098000000000000000000000000000000000078
:10E0A8000000000000000000000000000000000068
:10E0B8000000000000000000000000000000000058
:10E0C8000000000000000000000000000000000048
:10E0D8000000000000000000000000000000000038
:10E0E8000000000000000000000000000000000028
:10E0F8000000000000000000000000000000000018
:10E108000000000000000000000000000000000007
:10E1180000000000000000000000000000000000F7
:10E1280000000000000000000000000000000000E7
:10E1380000000000000000000000000000000000D7
:10E1480000000000000000000000000000000000C7
:10E1580000000000000000000000000000000000B7
:10E1680000000000000000000000000000000000A7
:10E178000000000000000000000000000000000097
:10E188000000000000000000000000000000000087
:10E198000000000000000000000000000000000077
:10E1A8000000000000000000000000000000000067
:10E1B8000000000000000000000000000000000057
:10E1C8000000000000000000000000000000000047
:10E1D8000000000000000000000000000000000037
:10E1E8000000000000000000000000000000000027
:10E1F8000000000000000000000000000000000017
:10E208000000000000000000000000000000000006
:10E2180000000000000000000000000000000000F6
:10E2280000000000000000000000000000000000E6
:10E2380000000000000000000000000000000000D6
:10E2480000000000000000000000000000000000C6
:10E2580000000000000000000000000000000000B6
:10E2680000000000000000000000000000000000A6
:10E278000000000000000000000000000000000096
:10E288000000000000000000000000000000000086
:10E298000000000000000000000000000000000076
:10E2A8000000000000000000000000000000000066
:10E2B8000000000000000000000000000000000056
:10E2C8000000000000000000000000000000000046
:10E2D8000000000000000000000000000000000036
:10E2E8000000000000000000000000000000000026
:10E2F8000000000000000000000000000000000016
:10E308000000000000000000000000000000000005
:10E3180000000000000000000000000000000000F5
:10E3280000000000000000000000000000000000E5
:10E3380000000000000000000000000000000000D5
:10E3480000000000000000000000000000000000C5
:10E3580000000000000000000000000000000000B5
:10E3680000000000000000000000000000000000A5
:10E378000000000000000000000000000000000095
:10E388000000000000000000000000000000000085
:10E398000000000000000000000000000000000075
:10E3A8000000000000000000000000000000000065
:10E3B8000000000000000000000000000000000055
:10E3C8000000000000000000000000000000000045
:10E3D8000000000000000000000000000000000035
:10E3E8000000000000000000000000000000000025
:10E3F8000000000000000000000000000000000015
:10E408000000000000000000000000000000000004
:10E4180000000000000000000000000000000000F4
:10E4280000000000000000000000000000000000E4
:10E43800FFFFFFFFFFFFFFFFFFFFFFFFFFFFFFFFE4
:10E44800FFFFFFFFFFFFFFFFFFFFFFFFFFFFFFFFD4
:10E45800FFFFFFFFFFFFFFFFFFFFFFFFFFFFFFFFC4
:10E46800FFFFFFFFFFFFFFFFFFFFFFFFFFFFFFFFB4
:10E47800FFFFFFFFFFFFFFFFFFFFFFFFFFFFFFFFA4
:10E48800FFFFFFFFFFFFFFFFFFFFFFFFFFFFFFFF94
:10E49800FFFFFFFFFFFFFFFFFFFFFFFFFFFFFFFF84
:10E4A800FFFFFFFFFFFFFFFFFFFFFFFFFFFFFFFF74
:10E4B800FFFFFFFFFFFFFFFFFFFFFFFFFFFFFFFF64
:10E4C800FFFFFFFFFFFFFFFFFFFFFFFFFFFFFFFF54
:10E4D800FFFFFFFFFFFFFFFFFFFFFFFFFFFFFFFF44
:10E4E800FFFFFFFFFFFFFFFFFFFFFFFFFFFFFFFF34
:10E4F800FFFFFFFFFFFFFFFFFFFFFFFFFFFFFFFF24
:10E50800FFFFFFFFFFFFFFFFFFFFFFFFFFFFFFFF13
:10E51800FFFFFFFFFFFFFFFFFFFFFFFFFFFFFFFF03
:10E52800FFFFFFFFFFFFFFFFFFFFFFFFFFFFFFFFF3
:10E53800FFFFFFFFFFFFFFFFFFFFFFFFFFFFFFFFE3
:10E54800FFFFFFFFFFFFFFFFFFFFFFFFFFFFFFFFD3
:10E55800FFFFFFFFFFFFFFFFFFFFFFFFFFFFFFFFC3
:10E56800FFFFFFFFFFFFFFFFFFFFFFFFFFFFFFFFB3
:10E57800FFFFFFFFFFFFFFFFFFFFFFFFFFFFFFFFA3
:10E58800FFFFFFFFFFFFFFFFFFFFFFFFFFFFFFFF93
:10E59800FFFFFFFFFFFFFFFFFFFFFFFFFFFFFFFF83
:10E5A800FFFFFFFFFFFFFFFFFFFFFFFFFFFFFFFF73
:10E5B800FFFFFFFFFFFFFFFFFFFFFFFFFFFFFFFF63
:10E5C800FFFFFFFFFFFFFFFFFFFFFFFFFFFFFFFF53
:10E5D800FFFFFFFFFFFFFFFFFFFFFFFFFFFFFFFF43
:10E5E800FFFFFFFFFFFFFFFFFFFFFFFFFFFFFFFF33
:10E5F800FFFFFFFFFFFFFFFFFFFFFFFFFFFFFFFF23
:10E60800FFFFFFFFFFFFFFFFFFFFFFFFFFFFFFFF12
:10E61800FFFFFFFFFFFFFFFFFFFFFFFFFFFFFFFF02
:10E62800FFFFFFFFFFFFFFFFFFFFFFFFFFFFFFFFF2
:10E63800FFFFFFFFFFFFFFFFFFFFFFFFFFFFFFFFE2
:10E64800FFFFFFFFFFFFFFFFFFFFFFFFFFFFFFFFD2
:10E65800FFFFFFFFFFFFFFFFFFFFFFFFFFFFFFFFC2
:10E66800FFFFFFFFFFFFFFFFFFFFFFFFFFFFFFFFB2
:10E67800FFFFFFFFFFFFFFFFFFFFFFFFFFFFFFFFA2
:10E68800FFFFFFFFFFFFFFFFFFFFFFFFFFFFFFFF92
:10E69800FFFFFFFFFFFFFFFFFFFFFFFFFFFFFFFF82
:10E6A800FFFFFFFFFFFFFFFFFFFFFFFFFFFFFFFF72
:10E6B800FFFFFFFFFFFFFFFFFFFFFFFFFFFFFFFF62
:10E6C800FFFFFFFFFFFFFFFFFFFFFFFFFFFFFFFF52
:10E6D800FFFFFFFFFFFFFFFFFFFFFFFFFFFFFFFF42
:10E6E800FFFFFFFFFFFFFFFFFFFFFFFFFFFFFFFF32
:10E6F800FFFFFFFFFFFFFFFFFFFFFFFFFFFFFFFF22
:10E70800FFFFFFFFFFFFFFFFFFFFFFFFFFFFFFFF11
:10E71800FFFFFFFFFFFFFFFFFFFFFFFFFFFFFFFF01
:10E72800FFFFFFFFFFFFFFFFFFFFFFFFFFFFFFFFF1
:10E73800FFFFFFFFFFFFFFFFFFFFFFFFFFFFFFFFE1
:10E74800FFFFFFFFFFFFFFFFFFFFFFFFFFFFFFFFD1
:10E75800FFFFFFFFFFFFFFFFFFFFFFFFFFFFFFFFC1
:10E76800FFFFFFFFFFFFFFFFFFFFFFFFFFFFFFFFB1
:10E77800FFFFFFFFFFFFFFFFFFFFFFFFFFFFFFFFA1
:10E78800FFFFFFFFFFFFFFFFFFFFFFFFFFFFFFFF91
:10E79800FFFFFFFFFFFFFFFFFFFFFFFFFFFFFFFF81
:10E7A800FFFFFFFFFFFFFFFFFFFFFFFFFFFFFFFF71
:10E7B800FFFFFFFFFFFFFFFFFFFFFFFFFFFFFFFF61
:10E7C800FFFFFFFFFFFFFFFFFFFFFFFFFFFFFFFF51
:10E7D800FFFFFFFFFFFFFFFFFFFFFFFFFFFFFFFF41
:10E7E800FFFFFFFFFFFFFFFFFFFFFFFFFFFFFFFF31
:10E7F800FFFFFFFFFFFFFFFF000000000000000019
:10E808000000000000000000000000000000000000
:10E8180000000000000000000000000000000000F0
:10E8280000000000000000000000000000000000E0
:10E8380000000000000000000000000000000000D0
:10E8480000000000000000000000000000000000C0
:10E8580000000000000000000000000000000000B0
:10E8680000000000000000000000000000000000A0
:10E878000000000000000000000000000000000090
:10E888000000000000000000000000000000000080
:10E898000000000000000000000000000000000070
:10E8A8000000000000000000000000000000000060
:10E8B8000000000000000000000000000000000050
:10E8C8000000000000000000000000000000000040
:10E8D8000000000000000000000000000000000030
:10E8E8000000000000000000000000000000000020
:10E8F8000000000000000000000000000000000010
:10E9080000000000000000000000000000000000FF
:10E9180000000000000000000000000000000000EF
:10E9280000000000000000000000000000000000DF
:10E9380000000000000000000000000000000000CF
:10E9480000000000000000000000000000000000BF
:10E9580000000000000000000000000000000000AF
:10E96800000000000000000000000000000000009F
:10E97800000000000000000000000000000000008F
:10E98800000000000000000000000000000000007F
:10E99800000000000000000000000000000000006F
:10E9A800000000000000000000000000000000005F
:10E9B800000000000000000000000000000000004F
:10E9C800000000000000000000000000000000003F
:10E9D800000000000000000000000000000000002F
:10E9E800000000000000000000000000000000001F
:10E9F800000000000000000000000000000000000F
:10EA080000000000000000000000000000000000FE
:10EA180000000000000000000000000000000000EE
:10EA280000000000000000000000000000000000DE
:10EA380000000000000000000000000000000000CE
:10EA480000000000000000000000000000000000BE
:10EA580000000000000000000000000000000000AE
:10EA6800000000000000000000000000000000009E
:10EA7800000000000000000000000000000000008E
:10EA8800000000000000000000000000000000007E
:10EA9800000000000000000000000000000000006E
:10EAA800000000000000000000000000000000005E
:10EAB800000000000000000000000000000000004E
:10EAC800000000000000000000000000000000003E
:10EAD800000000000000000000000000000000002E
:10EAE800000000000000000000000000000000001E
:10EAF800000000000000000000000000000000000E
:10EB080000000000000000000000000000000000FD
:10EB180000000000000000000000000000000000ED
:10EB280000000000000000000000000000000000DD
:10EB380000000000000000000000000000000000CD
:10EB480000000000000000000000000000000000BD
:10EB580000000000000000000000000000000000AD
:10EB6800000000000000000000000000000000009D
:10EB7800000000000000000000000000000000008D
:10EB8800000000000000000000000000000000007D
:10EB9800000000000000000000000000000000006D
:10EBA800000000000000000000000000000000005D
:10EBB800000000000000000000000000000000004D
:10EBC800000000000000000000000000000000003D
:10EBD800000000000000000000000000000000002D
:10EBE800000000000000000000000000000000001D
:10EBF800000000000000000000000000000000000D
:10EC080000000000000000000000000000000000FC
:10EC180000000000000000000000000000000000EC
:10EC280000000000000000000000000000000000DC
:10EC380000000000000000000000000000000000CC
:10EC480000000000000000000000000000000000BC
:10EC580000000000000000000000000000000000AC
:10EC6800000000000000000000000000000000009C
:10EC7800000000000000000000000000000000008C
:10EC8800000000000000000000000000000000007C
:10EC9800000000000000000000000000000000006C
:10ECA800000000000000000000000000000000005C
:10ECB800000000000000000000000000000000004C
:10ECC800000000000000000000000000000000003C
:10ECD800000000000000000000000000000000002C
:10ECE800000000000000000000000000000000001C
:10ECF800000000000000000000000000000000000C
:10ED080000000000000000000000000000000000FB
:10ED180000000000000000000000000000000000EB
:10ED280000000000000000000000000000000000DB
:10ED380000000000000000000000000000000000CB
:10ED480000000000000000000000000000000000BB
:10ED580000000000000000000000000000000000AB
:10ED6800000000000000000000000000000000009B
:10ED7800000000000000000000000000000000008B
:10ED8800000000000000000000000000000000007B
:10ED9800000000000000000000000000000000006B
:10EDA800000000000000000000000000000000005B
:10EDB800000000000000000000000000000000004B
:10EDC800000000000000000000000000000000003B
:10EDD800000000000000000000000000000000002B
:10EDE800000000000000000000000000000000001B
:10EDF800000000000000000000000000000000000B
:10EE080000000000000000000000000000000000FA
:10EE180000000000000000000000000000000000EA
:10EE280000000000000000000000000000000000DA
:10EE380000000000000000000000000000000000CA
:10EE480000000000000000000000000000000000BA
:10EE580000000000000000000000000000000000AA
:10EE6800000000000000000000000000000000009A
:10EE7800000000000000000000000000000000008A
:10EE8800000000000000000000000000000000007A
:10EE9800000000000000000000000000000000006A
:10EEA800000000000000000000000000000000005A
:10EEB800000000000000000000000000000000004A
:10EEC800000000000000000000000000000000003A
:10EED800000000000000000000000000000000002A
:10EEE800000000000000000000000000000000001A
:10EEF800000000000000000000000000000000000A
:10EF080000000000000000000000000000000000F9
:10EF180000000000000000000000000000000000E9
:10EF280000000000000000000000000000000000D9
:10EF380000000000000000000000000000000000C9
:10EF480000000000000000000000000000000000B9
:10EF580000000000000000000000000000000000A9
:10EF68000000000000000000000000000000000099
:10EF78000000000000000000000000000000000089
:10EF88000000000000000000000000000000000079
:10EF98000000000000000000000000000000000069
:10EFA8000000000000000000000000000000000059
:10EFB8000000000000000000000000000000000049
:10EFC8000000000000000000000000000000000039
:10EFD8000000000000000000000000000000000029
:10EFE8000000000000000000000000000000000019
:10EFF8000000000000000000000000000000000009
:10F0080000000000000000000000000000000000F8
:10F0180000000000000000000000000000000000E8
:10F0280000000000000000000000000000000000D8
:10F0380000000000000000000000000000000000C8
:10F0480000000000000000000000000000000000B8
:10F0580000000000000000000000000000000000A8
:10F068000000000000000000000000000000000098
:10F078000000000000000000000000000000000088
:10F088000000000000000000000000000000000078
:10F098000000000000000000000000000000000068
:10F0A8000000000000000000000000000000000058
:10F0B8000000000000000000000000000000000048
:10F0C8000000000000000000000000000000000038
:10F0D8000000000000000000000000000000000028
:10F0E8000000000000000000000000000000000018
:10F0F8000000000000000000000000000000000008
:10F1080000000000000000000000000000000000F7
:10F1180000000000000000000000000000000000E7
:10F1280000000000000000000000000000000000D7
:10F1380000000000000000000000000000000000C7
:10F1480000000000000000000000000000000000B7
:10F1580000000000000000000000000000000000A7
:10F168000000000000000000000000000000000097
:10F178000000000000000000000000000000000087
:10F188000000000000000000000000000000000077
:10F198000000000000000000000000000000000067
:10F1A8000000000000000000000000000000000057
:10F1B8000000000000000000000000000000000047
:10F1C8000000000000000000000000000000000037
:10F1D8000000000000000000000000000000000027
:10F1E8000000000000000000000000000000000017
:10F1F8000000000000000000000000000000000007
:10F2080000000000000000000000000000000000F6
:10F2180000000000000000000000000000000000E6
:10F2280000000000000000000000000000000000D6
:10F2380000000000000000000000000000000000C6
:10F2480000000000000000000000000000000000B6
:10F2580000000000000000000000000000000000A6
:10F268000000000000000000000000000000000096
:10F278000000000000000000000000000000000086
:10F288000000000000000000000000000000000076
:10F298000000000000000000000000000000000066
:10F2A8000000000000000000000000000000000056
:10F2B8000000000000000000000000000000000046
:10F2C8000000000000000000000000000000000036
:10F2D8000000000000000000000000000000000026
:10F2E8000000000000000000000000000000000016
:10F2F8000000000000000000000000000000000006
:10F3080000000000000000000000000000000000F5
:10F3180000000000000000000000000000000000E5
:10F3280000000000000000000000000000000000D5
:10F3380000000000000000000000000000000000C5
:10F3480000000000000000000000000000000000B5
:10F3580000000000000000000000000000000000A5
:10F368000000000000000000000000000000000095
:10F378000000000000000000000000000000000085
:10F388000000000000000000000000000000000075
:10F398000000000000000000000000000000000065
:10F3A8000000000000000000000000000000000055
:10F3B8000000000000000000000000000000000045
:10F3C8000000000000000000000000000000000035
:10F3D8000000000000000000000000000000000025
:10F3E8000000000000000000000000000000000015
:08F3F80000000000000000000D
:040000056000100087
:00000001FF
