:0200000460009A
:100000004643464200000156000000000101020084
:1000100000000000000000000000000000000000E0
:1000200000000000000000000000000000000000D0
:1000300000000000000000000000000000000000C0
:1000400000000000010406010000000000000000A4
:100050000000800000000000000000000000000020
:100060000000000000000000000000000000000090
:100070000000000000000000000000000000000080
:10008000EB04180AFF1E04320126000000000000E5
:100090000000000000000000000000000000000060
:1000A0000000000000000000000000000000000050
:1000B0000000000000000000000000000000000040
:1000C0000000000000000000000000000000000030
:1000D0000000000000000000000000000000000020
:1000E0000000000000000000000000000000000010
:1000F0000000000000000000000000000000000000
:1001000000000000000000000000000000000000EF
:1001100000000000000000000000000000000000DF
:1001200000000000000000000000000000000000CF
:1001300000000000000000000000000000000000BF
:1001400000000000000000000000000000000000AF
:10015000000000000000000000000000000000009F
:10016000000000000000000000000000000000008F
:10017000000000000000000000000000000000007F
:10018000000000000000000000000000000000006F
:10019000000000000000000000000000000000005F
:1001A000000000000000000000000000000000004F
:1001B000000000000000000000000000000000003F
:1001C000000100000010000001000000000000001D
:1001D000000001000000000000000000000000001E
:1001E000000000000000000000000000000000000F
:1001F00000000000000000000000000000000000FF
:10020000FFFFFFFFFFFFFFFFFFFFFFFFFFFFFFFFFE
:10021000FFFFFFFFFFFFFFFFFFFFFFFFFFFFFFFFEE
:10022000FFFFFFFFFFFFFFFFFFFFFFFFFFFFFFFFDE
:10023000FFFFFFFFFFFFFFFFFFFFFFFFFFFFFFFFCE
:10024000FFFFFFFFFFFFFFFFFFFFFFFFFFFFFFFFBE
:10025000FFFFFFFFFFFFFFFFFFFFFFFFFFFFFFFFAE
:10026000FFFFFFFFFFFFFFFFFFFFFFFFFFFFFFFF9E
:10027000FFFFFFFFFFFFFFFFFFFFFFFFFFFFFFFF8E
:10028000FFFFFFFFFFFFFFFFFFFFFFFFFFFFFFFF7E
:10029000FFFFFFFFFFFFFFFFFFFFFFFFFFFFFFFF6E
:1002A000FFFFFFFFFFFFFFFFFFFFFFFFFFFFFFFF5E
:1002B000FFFFFFFFFFFFFFFFFFFFFFFFFFFFFFFF4E
:1002C000FFFFFFFFFFFFFFFFFFFFFFFFFFFFFFFF3E
:1002D000FFFFFFFFFFFFFFFFFFFFFFFFFFFFFFFF2E
:1002E000FFFFFFFFFFFFFFFFFFFFFFFFFFFFFFFF1E
:1002F000FFFFFFFFFFFFFFFFFFFFFFFFFFFFFFFF0E
:10030000FFFFFFFFFFFFFFFFFFFFFFFFFFFFFFFFFD
:10031000FFFFFFFFFFFFFFFFFFFFFFFFFFFFFFFFED
:10032000FFFFFFFFFFFFFFFFFFFFFFFFFFFFFFFFDD
:10033000FFFFFFFFFFFFFFFFFFFFFFFFFFFFFFFFCD
:10034000FFFFFFFFFFFFFFFFFFFFFFFFFFFFFFFFBD
:10035000FFFFFFFFFFFFFFFFFFFFFFFFFFFFFFFFAD
:10036000FFFFFFFFFFFFFFFFFFFFFFFFFFFFFFFF9D
:10037000FFFFFFFFFFFFFFFFFFFFFFFFFFFFFFFF8D
:10038000FFFFFFFFFFFFFFFFFFFFFFFFFFFFFFFF7D
:10039000FFFFFFFFFFFFFFFFFFFFFFFFFFFFFFFF6D
:1003A000FFFFFFFFFFFFFFFFFFFFFFFFFFFFFFFF5D
:1003B000FFFFFFFFFFFFFFFFFFFFFFFFFFFFFFFF4D
:1003C000FFFFFFFFFFFFFFFFFFFFFFFFFFFFFFFF3D
:1003D000FFFFFFFFFFFFFFFFFFFFFFFFFFFFFFFF2D
:1003E000FFFFFFFFFFFFFFFFFFFFFFFFFFFFFFFF1D
:1003F000FFFFFFFFFFFFFFFFFFFFFFFFFFFFFFFF0D
:10040000FFFFFFFFFFFFFFFFFFFFFFFFFFFFFFFFFC
:10041000FFFFFFFFFFFFFFFFFFFFFFFFFFFFFFFFEC
:10042000FFFFFFFFFFFFFFFFFFFFFFFFFFFFFFFFDC
:10043000FFFFFFFFFFFFFFFFFFFFFFFFFFFFFFFFCC
:10044000FFFFFFFFFFFFFFFFFFFFFFFFFFFFFFFFBC
:10045000FFFFFFFFFFFFFFFFFFFFFFFFFFFFFFFFAC
:10046000FFFFFFFFFFFFFFFFFFFFFFFFFFFFFFFF9C
:10047000FFFFFFFFFFFFFFFFFFFFFFFFFFFFFFFF8C
:10048000FFFFFFFFFFFFFFFFFFFFFFFFFFFFFFFF7C
:10049000FFFFFFFFFFFFFFFFFFFFFFFFFFFFFFFF6C
:1004A000FFFFFFFFFFFFFFFFFFFFFFFFFFFFFFFF5C
:1004B000FFFFFFFFFFFFFFFFFFFFFFFFFFFFFFFF4C
:1004C000FFFFFFFFFFFFFFFFFFFFFFFFFFFFFFFF3C
:1004D000FFFFFFFFFFFFFFFFFFFFFFFFFFFFFFFF2C
:1004E000FFFFFFFFFFFFFFFFFFFFFFFFFFFFFFFF1C
:1004F000FFFFFFFFFFFFFFFFFFFFFFFFFFFFFFFF0C
:10050000FFFFFFFFFFFFFFFFFFFFFFFFFFFFFFFFFB
:10051000FFFFFFFFFFFFFFFFFFFFFFFFFFFFFFFFEB
:10052000FFFFFFFFFFFFFFFFFFFFFFFFFFFFFFFFDB
:10053000FFFFFFFFFFFFFFFFFFFFFFFFFFFFFFFFCB
:10054000FFFFFFFFFFFFFFFFFFFFFFFFFFFFFFFFBB
:10055000FFFFFFFFFFFFFFFFFFFFFFFFFFFFFFFFAB
:10056000FFFFFFFFFFFFFFFFFFFFFFFFFFFFFFFF9B
:10057000FFFFFFFFFFFFFFFFFFFFFFFFFFFFFFFF8B
:10058000FFFFFFFFFFFFFFFFFFFFFFFFFFFFFFFF7B
:10059000FFFFFFFFFFFFFFFFFFFFFFFFFFFFFFFF6B
:1005A000FFFFFFFFFFFFFFFFFFFFFFFFFFFFFFFF5B
:1005B000FFFFFFFFFFFFFFFFFFFFFFFFFFFFFFFF4B
:1005C000FFFFFFFFFFFFFFFFFFFFFFFFFFFFFFFF3B
:1005D000FFFFFFFFFFFFFFFFFFFFFFFFFFFFFFFF2B
:1005E000FFFFFFFFFFFFFFFFFFFFFFFFFFFFFFFF1B
:1005F000FFFFFFFFFFFFFFFFFFFFFFFFFFFFFFFF0B
:10060000FFFFFFFFFFFFFFFFFFFFFFFFFFFFFFFFFA
:10061000FFFFFFFFFFFFFFFFFFFFFFFFFFFFFFFFEA
:10062000FFFFFFFFFFFFFFFFFFFFFFFFFFFFFFFFDA
:10063000FFFFFFFFFFFFFFFFFFFFFFFFFFFFFFFFCA
:10064000FFFFFFFFFFFFFFFFFFFFFFFFFFFFFFFFBA
:10065000FFFFFFFFFFFFFFFFFFFFFFFFFFFFFFFFAA
:10066000FFFFFFFFFFFFFFFFFFFFFFFFFFFFFFFF9A
:10067000FFFFFFFFFFFFFFFFFFFFFFFFFFFFFFFF8A
:10068000FFFFFFFFFFFFFFFFFFFFFFFFFFFFFFFF7A
:10069000FFFFFFFFFFFFFFFFFFFFFFFFFFFFFFFF6A
:1006A000FFFFFFFFFFFFFFFFFFFFFFFFFFFFFFFF5A
:1006B000FFFFFFFFFFFFFFFFFFFFFFFFFFFFFFFF4A
:1006C000FFFFFFFFFFFFFFFFFFFFFFFFFFFFFFFF3A
:1006D000FFFFFFFFFFFFFFFFFFFFFFFFFFFFFFFF2A
:1006E000FFFFFFFFFFFFFFFFFFFFFFFFFFFFFFFF1A
:1006F000FFFFFFFFFFFFFFFFFFFFFFFFFFFFFFFF0A
:10070000FFFFFFFFFFFFFFFFFFFFFFFFFFFFFFFFF9
:10071000FFFFFFFFFFFFFFFFFFFFFFFFFFFFFFFFE9
:10072000FFFFFFFFFFFFFFFFFFFFFFFFFFFFFFFFD9
:10073000FFFFFFFFFFFFFFFFFFFFFFFFFFFFFFFFC9
:10074000FFFFFFFFFFFFFFFFFFFFFFFFFFFFFFFFB9
:10075000FFFFFFFFFFFFFFFFFFFFFFFFFFFFFFFFA9
:10076000FFFFFFFFFFFFFFFFFFFFFFFFFFFFFFFF99
:10077000FFFFFFFFFFFFFFFFFFFFFFFFFFFFFFFF89
:10078000FFFFFFFFFFFFFFFFFFFFFFFFFFFFFFFF79
:10079000FFFFFFFFFFFFFFFFFFFFFFFFFFFFFFFF69
:1007A000FFFFFFFFFFFFFFFFFFFFFFFFFFFFFFFF59
:1007B000FFFFFFFFFFFFFFFFFFFFFFFFFFFFFFFF49
:1007C000FFFFFFFFFFFFFFFFFFFFFFFFFFFFFFFF39
:1007D000FFFFFFFFFFFFFFFFFFFFFFFFFFFFFFFF29
:1007E000FFFFFFFFFFFFFFFFFFFFFFFFFFFFFFFF19
:1007F000FFFFFFFFFFFFFFFFFFFFFFFFFFFFFFFF09
:10080000FFFFFFFFFFFFFFFFFFFFFFFFFFFFFFFFF8
:10081000FFFFFFFFFFFFFFFFFFFFFFFFFFFFFFFFE8
:10082000FFFFFFFFFFFFFFFFFFFFFFFFFFFFFFFFD8
:10083000FFFFFFFFFFFFFFFFFFFFFFFFFFFFFFFFC8
:10084000FFFFFFFFFFFFFFFFFFFFFFFFFFFFFFFFB8
:10085000FFFFFFFFFFFFFFFFFFFFFFFFFFFFFFFFA8
:10086000FFFFFFFFFFFFFFFFFFFFFFFFFFFFFFFF98
:10087000FFFFFFFFFFFFFFFFFFFFFFFFFFFFFFFF88
:10088000FFFFFFFFFFFFFFFFFFFFFFFFFFFFFFFF78
:10089000FFFFFFFFFFFFFFFFFFFFFFFFFFFFFFFF68
:1008A000FFFFFFFFFFFFFFFFFFFFFFFFFFFFFFFF58
:1008B000FFFFFFFFFFFFFFFFFFFFFFFFFFFFFFFF48
:1008C000FFFFFFFFFFFFFFFFFFFFFFFFFFFFFFFF38
:1008D000FFFFFFFFFFFFFFFFFFFFFFFFFFFFFFFF28
:1008E000FFFFFFFFFFFFFFFFFFFFFFFFFFFFFFFF18
:1008F000FFFFFFFFFFFFFFFFFFFFFFFFFFFFFFFF08
:10090000FFFFFFFFFFFFFFFFFFFFFFFFFFFFFFFFF7
:10091000FFFFFFFFFFFFFFFFFFFFFFFFFFFFFFFFE7
:10092000FFFFFFFFFFFFFFFFFFFFFFFFFFFFFFFFD7
:10093000FFFFFFFFFFFFFFFFFFFFFFFFFFFFFFFFC7
:10094000FFFFFFFFFFFFFFFFFFFFFFFFFFFFFFFFB7
:10095000FFFFFFFFFFFFFFFFFFFFFFFFFFFFFFFFA7
:10096000FFFFFFFFFFFFFFFFFFFFFFFFFFFFFFFF97
:10097000FFFFFFFFFFFFFFFFFFFFFFFFFFFFFFFF87
:10098000FFFFFFFFFFFFFFFFFFFFFFFFFFFFFFFF77
:10099000FFFFFFFFFFFFFFFFFFFFFFFFFFFFFFFF67
:1009A000FFFFFFFFFFFFFFFFFFFFFFFFFFFFFFFF57
:1009B000FFFFFFFFFFFFFFFFFFFFFFFFFFFFFFFF47
:1009C000FFFFFFFFFFFFFFFFFFFFFFFFFFFFFFFF37
:1009D000FFFFFFFFFFFFFFFFFFFFFFFFFFFFFFFF27
:1009E000FFFFFFFFFFFFFFFFFFFFFFFFFFFFFFFF17
:1009F000FFFFFFFFFFFFFFFFFFFFFFFFFFFFFFFF07
:100A0000FFFFFFFFFFFFFFFFFFFFFFFFFFFFFFFFF6
:100A1000FFFFFFFFFFFFFFFFFFFFFFFFFFFFFFFFE6
:100A2000FFFFFFFFFFFFFFFFFFFFFFFFFFFFFFFFD6
:100A3000FFFFFFFFFFFFFFFFFFFFFFFFFFFFFFFFC6
:100A4000FFFFFFFFFFFFFFFFFFFFFFFFFFFFFFFFB6
:100A5000FFFFFFFFFFFFFFFFFFFFFFFFFFFFFFFFA6
:100A6000FFFFFFFFFFFFFFFFFFFFFFFFFFFFFFFF96
:100A7000FFFFFFFFFFFFFFFFFFFFFFFFFFFFFFFF86
:100A8000FFFFFFFFFFFFFFFFFFFFFFFFFFFFFFFF76
:100A9000FFFFFFFFFFFFFFFFFFFFFFFFFFFFFFFF66
:100AA000FFFFFFFFFFFFFFFFFFFFFFFFFFFFFFFF56
:100AB000FFFFFFFFFFFFFFFFFFFFFFFFFFFFFFFF46
:100AC000FFFFFFFFFFFFFFFFFFFFFFFFFFFFFFFF36
:100AD000FFFFFFFFFFFFFFFFFFFFFFFFFFFFFFFF26
:100AE000FFFFFFFFFFFFFFFFFFFFFFFFFFFFFFFF16
:100AF000FFFFFFFFFFFFFFFFFFFFFFFFFFFFFFFF06
:100B0000FFFFFFFFFFFFFFFFFFFFFFFFFFFFFFFFF5
:100B1000FFFFFFFFFFFFFFFFFFFFFFFFFFFFFFFFE5
:100B2000FFFFFFFFFFFFFFFFFFFFFFFFFFFFFFFFD5
:100B3000FFFFFFFFFFFFFFFFFFFFFFFFFFFFFFFFC5
:100B4000FFFFFFFFFFFFFFFFFFFFFFFFFFFFFFFFB5
:100B5000FFFFFFFFFFFFFFFFFFFFFFFFFFFFFFFFA5
:100B6000FFFFFFFFFFFFFFFFFFFFFFFFFFFFFFFF95
:100B7000FFFFFFFFFFFFFFFFFFFFFFFFFFFFFFFF85
:100B8000FFFFFFFFFFFFFFFFFFFFFFFFFFFFFFFF75
:100B9000FFFFFFFFFFFFFFFFFFFFFFFFFFFFFFFF65
:100BA000FFFFFFFFFFFFFFFFFFFFFFFFFFFFFFFF55
:100BB000FFFFFFFFFFFFFFFFFFFFFFFFFFFFFFFF45
:100BC000FFFFFFFFFFFFFFFFFFFFFFFFFFFFFFFF35
:100BD000FFFFFFFFFFFFFFFFFFFFFFFFFFFFFFFF25
:100BE000FFFFFFFFFFFFFFFFFFFFFFFFFFFFFFFF15
:100BF000FFFFFFFFFFFFFFFFFFFFFFFFFFFFFFFF05
:100C0000FFFFFFFFFFFFFFFFFFFFFFFFFFFFFFFFF4
:100C1000FFFFFFFFFFFFFFFFFFFFFFFFFFFFFFFFE4
:100C2000FFFFFFFFFFFFFFFFFFFFFFFFFFFFFFFFD4
:100C3000FFFFFFFFFFFFFFFFFFFFFFFFFFFFFFFFC4
:100C4000FFFFFFFFFFFFFFFFFFFFFFFFFFFFFFFFB4
:100C5000FFFFFFFFFFFFFFFFFFFFFFFFFFFFFFFFA4
:100C6000FFFFFFFFFFFFFFFFFFFFFFFFFFFFFFFF94
:100C7000FFFFFFFFFFFFFFFFFFFFFFFFFFFFFFFF84
:100C8000FFFFFFFFFFFFFFFFFFFFFFFFFFFFFFFF74
:100C9000FFFFFFFFFFFFFFFFFFFFFFFFFFFFFFFF64
:100CA000FFFFFFFFFFFFFFFFFFFFFFFFFFFFFFFF54
:100CB000FFFFFFFFFFFFFFFFFFFFFFFFFFFFFFFF44
:100CC000FFFFFFFFFFFFFFFFFFFFFFFFFFFFFFFF34
:100CD000FFFFFFFFFFFFFFFFFFFFFFFFFFFFFFFF24
:100CE000FFFFFFFFFFFFFFFFFFFFFFFFFFFFFFFF14
:100CF000FFFFFFFFFFFFFFFFFFFFFFFFFFFFFFFF04
:100D0000FFFFFFFFFFFFFFFFFFFFFFFFFFFFFFFFF3
:100D1000FFFFFFFFFFFFFFFFFFFFFFFFFFFFFFFFE3
:100D2000FFFFFFFFFFFFFFFFFFFFFFFFFFFFFFFFD3
:100D3000FFFFFFFFFFFFFFFFFFFFFFFFFFFFFFFFC3
:100D4000FFFFFFFFFFFFFFFFFFFFFFFFFFFFFFFFB3
:100D5000FFFFFFFFFFFFFFFFFFFFFFFFFFFFFFFFA3
:100D6000FFFFFFFFFFFFFFFFFFFFFFFFFFFFFFFF93
:100D7000FFFFFFFFFFFFFFFFFFFFFFFFFFFFFFFF83
:100D8000FFFFFFFFFFFFFFFFFFFFFFFFFFFFFFFF73
:100D9000FFFFFFFFFFFFFFFFFFFFFFFFFFFFFFFF63
:100DA000FFFFFFFFFFFFFFFFFFFFFFFFFFFFFFFF53
:100DB000FFFFFFFFFFFFFFFFFFFFFFFFFFFFFFFF43
:100DC000FFFFFFFFFFFFFFFFFFFFFFFFFFFFFFFF33
:100DD000FFFFFFFFFFFFFFFFFFFFFFFFFFFFFFFF23
:100DE000FFFFFFFFFFFFFFFFFFFFFFFFFFFFFFFF13
:100DF000FFFFFFFFFFFFFFFFFFFFFFFFFFFFFFFF03
:100E0000FFFFFFFFFFFFFFFFFFFFFFFFFFFFFFFFF2
:100E1000FFFFFFFFFFFFFFFFFFFFFFFFFFFFFFFFE2
:100E2000FFFFFFFFFFFFFFFFFFFFFFFFFFFFFFFFD2
:100E3000FFFFFFFFFFFFFFFFFFFFFFFFFFFFFFFFC2
:100E4000FFFFFFFFFFFFFFFFFFFFFFFFFFFFFFFFB2
:100E5000FFFFFFFFFFFFFFFFFFFFFFFFFFFFFFFFA2
:100E6000FFFFFFFFFFFFFFFFFFFFFFFFFFFFFFFF92
:100E7000FFFFFFFFFFFFFFFFFFFFFFFFFFFFFFFF82
:100E8000FFFFFFFFFFFFFFFFFFFFFFFFFFFFFFFF72
:100E9000FFFFFFFFFFFFFFFFFFFFFFFFFFFFFFFF62
:100EA000FFFFFFFFFFFFFFFFFFFFFFFFFFFFFFFF52
:100EB000FFFFFFFFFFFFFFFFFFFFFFFFFFFFFFFF42
:100EC000FFFFFFFFFFFFFFFFFFFFFFFFFFFFFFFF32
:100ED000FFFFFFFFFFFFFFFFFFFFFFFFFFFFFFFF22
:100EE000FFFFFFFFFFFFFFFFFFFFFFFFFFFFFFFF12
:100EF000FFFFFFFFFFFFFFFFFFFFFFFFFFFFFFFF02
:100F0000FFFFFFFFFFFFFFFFFFFFFFFFFFFFFFFFF1
:100F1000FFFFFFFFFFFFFFFFFFFFFFFFFFFFFFFFE1
:100F2000FFFFFFFFFFFFFFFFFFFFFFFFFFFFFFFFD1
:100F3000FFFFFFFFFFFFFFFFFFFFFFFFFFFFFFFFC1
:100F4000FFFFFFFFFFFFFFFFFFFFFFFFFFFFFFFFB1
:100F5000FFFFFFFFFFFFFFFFFFFFFFFFFFFFFFFFA1
:100F6000FFFFFFFFFFFFFFFFFFFFFFFFFFFFFFFF91
:100F7000FFFFFFFFFFFFFFFFFFFFFFFFFFFFFFFF81
:100F8000FFFFFFFFFFFFFFFFFFFFFFFFFFFFFFFF71
:100F9000FFFFFFFFFFFFFFFFFFFFFFFFFFFFFFFF61
:100FA000FFFFFFFFFFFFFFFFFFFFFFFFFFFFFFFF51
:100FB000FFFFFFFFFFFFFFFFFFFFFFFFFFFFFFFF41
:100FC000FFFFFFFFFFFFFFFFFFFFFFFFFFFFFFFF31
:100FD000FFFFFFFFFFFFFFFFFFFFFFFFFFFFFFFF21
:100FE000FFFFFFFFFFFFFFFFFFFFFFFFFFFFFFFF11
:100FF000FFFFFFFFFFFFFFFFFFFFFFFFFFFFFFFF01
:10100000D1002043F1150060000000000000000046
:101010002010006000100060006C01600000000003
:10102000000000600078010000000000FFFFFFFFEB
:10103000FFFFFFFFFFFFFFFFFFFFFFFFFFFFFFFFC0
:10104000FFFFFFFFFFFFFFFFFFFFFFFFFFFFFFFFB0
:10105000FFFFFFFFFFFFFFFFFFFFFFFFFFFFFFFFA0
:10106000FFFFFFFFFFFFFFFFFFFFFFFFFFFFFFFF90
:10107000FFFFFFFFFFFFFFFFFFFFFFFFFFFFFFFF80
:10108000FFFFFFFFFFFFFFFFFFFFFFFFFFFFFFFF70
:10109000FFFFFFFFFFFFFFFFFFFFFFFFFFFFFFFF60
:1010A000FFFFFFFFFFFFFFFFFFFFFFFFFFFFFFFF50
:1010B000FFFFFFFFFFFFFFFFFFFFFFFFFFFFFFFF40
:1010C000FFFFFFFFFFFFFFFFFFFFFFFFFFFFFFFF30
:1010D000FFFFFFFFFFFFFFFFFFFFFFFFFFFFFFFF20
:1010E000FFFFFFFFFFFFFFFFFFFFFFFFFFFFFFFF10
:1010F000FFFFFFFFFFFFFFFFFFFFFFFFFFFFFFFF00
:10110000FFFFFFFFFFFFFFFFFFFFFFFFFFFFFFFFEF
:10111000FFFFFFFFFFFFFFFFFFFFFFFFFFFFFFFFDF
:10112000FFFFFFFFFFFFFFFFFFFFFFFFFFFFFFFFCF
:10113000FFFFFFFFFFFFFFFFFFFFFFFFFFFFFFFFBF
:10114000FFFFFFFFFFFFFFFFFFFFFFFFFFFFFFFFAF
:10115000FFFFFFFFFFFFFFFFFFFFFFFFFFFFFFFF9F
:10116000FFFFFFFFFFFFFFFFFFFFFFFFFFFFFFFF8F
:10117000FFFFFFFFFFFFFFFFFFFFFFFFFFFFFFFF7F
:10118000FFFFFFFFFFFFFFFFFFFFFFFFFFFFFFFF6F
:10119000FFFFFFFFFFFFFFFFFFFFFFFFFFFFFFFF5F
:1011A000FFFFFFFFFFFFFFFFFFFFFFFFFFFFFFFF4F
:1011B000FFFFFFFFFFFFFFFFFFFFFFFFFFFFFFFF3F
:1011C000FFFFFFFFFFFFFFFFFFFFFFFFFFFFFFFF2F
:1011D000FFFFFFFFFFFFFFFFFFFFFFFFFFFFFFFF1F
:1011E000FFFFFFFFFFFFFFFFFFFFFFFFFFFFFFFF0F
:1011F000FFFFFFFFFFFFFFFFFFFFFFFFFFFFFFFFFF
:10120000FFFFFFFFFFFFFFFFFFFFFFFFFFFFFFFFEE
:10121000FFFFFFFFFFFFFFFFFFFFFFFFFFFFFFFFDE
:10122000FFFFFFFFFFFFFFFFFFFFFFFFFFFFFFFFCE
:10123000FFFFFFFFFFFFFFFFFFFFFFFFFFFFFFFFBE
:10124000FFFFFFFFFFFFFFFFFFFFFFFFFFFFFFFFAE
:10125000FFFFFFFFFFFFFFFFFFFFFFFFFFFFFFFF9E
:10126000FFFFFFFFFFFFFFFFFFFFFFFFFFFFFFFF8E
:10127000FFFFFFFFFFFFFFFFFFFFFFFFFFFFFFFF7E
:10128000FFFFFFFFFFFFFFFFFFFFFFFFFFFFFFFF6E
:10129000FFFFFFFFFFFFFFFFFFFFFFFFFFFFFFFF5E
:1012A000FFFFFFFFFFFFFFFFFFFFFFFFFFFFFFFF4E
:1012B000FFFFFFFFFFFFFFFFFFFFFFFFFFFFFFFF3E
:1012C000FFFFFFFFFFFFFFFFFFFFFFFFFFFFFFFF2E
:1012D000FFFFFFFFFFFFFFFFFFFFFFFFFFFFFFFF1E
:1012E000FFFFFFFFFFFFFFFFFFFFFFFFFFFFFFFF0E
:1012F000FFFFFFFFFFFFFFFFFFFFFFFFFFFFFFFFFE
:10130000FFFFFFFFFFFFFFFFFFFFFFFFFFFFFFFFED
:10131000FFFFFFFFFFFFFFFFFFFFFFFFFFFFFFFFDD
:10132000FFFFFFFFFFFFFFFFFFFFFFFFFFFFFFFFCD
:10133000FFFFFFFFFFFFFFFFFFFFFFFFFFFFFFFFBD
:10134000FFFFFFFFFFFFFFFFFFFFFFFFFFFFFFFFAD
:10135000FFFFFFFFFFFFFFFFFFFFFFFFFFFFFFFF9D
:10136000FFFFFFFFFFFFFFFFFFFFFFFFFFFFFFFF8D
:10137000FFFFFFFFFFFFFFFFFFFFFFFFFFFFFFFF7D
:10138000FFFFFFFFFFFFFFFFFFFFFFFFFFFFFFFF6D
:10139000FFFFFFFFFFFFFFFFFFFFFFFFFFFFFFFF5D
:1013A000FFFFFFFFFFFFFFFFFFFFFFFFFFFFFFFF4D
:1013B000FFFFFFFFFFFFFFFFFFFFFFFFFFFFFFFF3D
:1013C000FFFFFFFFFFFFFFFFFFFFFFFFFFFFFFFF2D
:1013D000FFFFFFFFFFFFFFFFFFFFFFFFFFFFFFFF1D
:1013E000FFFFFFFFFFFFFFFFFFFFFFFFFFFFFFFF0D
:1013F000FFFFFFFFFFFFFFFFFFFFFFFFFFFFFFFFFD
:10140000824205D051F8043B40F8043B8242F9D8AF
:10141000704700BF044A05494FF0000342F8043BFF
:101420009142FBD8704700BFC01A002040780020CE
:1014300008B5BFF34F8F00F047F9544C544B0820C8
:101440005449C3F85401544AC3F800115348C3F82F
:10145000F0405349FFF7D4FF524A53495348FFF72E
:10146000CFFF534CFFF7D6FF4FF470004FF0E02151
:101470000023504AC1F8880D44F823200133B02BD3
:10148000FAD14D4B80214D4A03F8011B9342FBD109
:101490004FF0E0254A4E4B4A4FF0FF31C5F8084D5A
:1014A000D5F8243D43F4E023C5F8243DF36923F047
:1014B0007F0343F04003F361736A23F07F0343F03B
:1014C000400373629166D1661167516700F004F9B9
:1014D0003D4A3E4BA2636322E36300246A61032317
:1014E0003B4AAC612B61C5F8202DD5F8FC2D394B5A
:1014F00042F080723849C5F8FC2D1A6842F00102AA
:101500001A605B680B6000F0B7FA344800F050FCDA
:10151000F16E334B334A41F44051F1661C60C3F81D
:101520000841C3F81841C3F82841C3F83841936B08
:10153000DB0708D442F615632B4951651365936B9D
:1015400043F001039363274A284C936843F0011347
:10155000936000F04FF900F0FBFB00F02DFC00F071
:10156000BDFA00F0B3F82368132BFCD900F052FB4E
:101570002368B3F5967FFBD300F0ACF800F0A8F831
:1015800000F026FC00F02CFC30BFFDE70C0D111321
:1015900000800D401B101820982E01000000000054
:1015A000FC1E0060C01A0020984D01600000002061
:1015B00000180020BDAD000000E400E0A0E400E061
:1015C00000C00F4000C00A4015C2000019C2000050
:1015D00000002020001000E0D07700200046C32348
:1015E0000040084000400D400000C056D477002065
:1015F000054B4FF42A01054A05485A641864054A08
:1016000099639546FFF714FF00C00A40BFAAAAAA33
:101610000700200000800620294A00210123C2F88B
:10162000A000C2F8A410C2F8B0305369D907FCD5A5
:1016300001234FF4803C22495361C2F8A000C2F854
:10164000A4C0C2F8B0304B69DB07FCD501234FF4CE
:10165000003C1B4A4B61C1F8A000C1F8A4C0C1F80E
:10166000B0305369D907FCD50123DFF858C01449BD
:101670005361C2F8A000C2F8A4C0C2F8B0304B69F0
:10168000DB07FCD5D1F8003145F60D504FF0210CA9
:101690009AB2C1F814C0824210D045F69D518A42D8
:1016A0000AD1C3F34253032B08D0A3F10403B3FAC6
:1016B00083F35B09180170470020704708207047CA
:1016C00000402A4004000300704700BF704700BF7D
:1016D000704700BF00BF70474FF0E02300214FF07C
:1016E000100C3448C3F8941DC3F89CCD4FF0110C76
:1016F000C3F8A00D3048C3F89CCD4FF0120CC3F8CE
:10170000A00D2E48C3F89CCD2D4AC3F8A00DDFF8DC
:10171000D0C042F015022B48C3F89CCDC3F8A00DF1
:10172000DFF8C0C02848C3F89CCDC3F8A00DDFF88F
:10173000B8C0C3F89C2D2548254AC3F8A0CDC3F8EE
:101740009C0DC3F8A02D02F5A022DFF8A0C00C323A
:101750002048C3F89CCDC3F8A02D1F4AC3F89C0DA8
:10176000C3F8A02D02F14062DFF884C002321B48AA
:10177000C3F89CCDC3F8A02D0A32C3F89C0DC3F862
:10178000A02D00BF00BF00BF00BF00BF0122C3F8F3
:10179000942DBFF34F8FBFF36F8FC3F8501FBFF36C
:1017A0004F8FBFF36F8FD3F8142D42F44032C3F83C
:1017B000142D70473F000010250008070900100095
:1017C0004078002021000207250008131600202081
:1017D00027000B13180000602F000B071A00008071
:1017E0001300200014000020090000101700004022
:1017F0001900007030B5864B85B0DFF874E218220E
:10180000844D0120C3F85CE28349C3F86052A5F51A
:101810008055DFF860C2814CC3F864E2C3F86852B7
:101820002125C3F86CC2C3F870C2C3F874C2C3F8F0
:1018300078C248F20C7CDA661A675A679A67DA67E8
:10184000C3F88020C3F88420C3F88820C1F82C0393
:10185000734AC1F83003C1F83403C1F83803C1F842
:101860003C03C1F85003A1696E4B0A406E486F49B2
:1018700013436F4AA361D4F8843043F00C03C4F8D7
:1018800084304FF0FF34036843F0020303600368C1
:1018900003EA0C031A43674B026044608A68664C93
:1018A0001340664A43F000538360C36823F0780313
:1018B000C360036A23401A43604B0262026A2240FB
:1018C0005F4C1343002243628462C46240F20564A9
:1018D000D1F8B83023F03F0343F00103C0F8B8302B
:1018E000D1F8BC30574923F03F0343F00103C0F85F
:1018F000BC3002610567C0F880404567C0F884408D
:101900000224036823F00203036081614E4B4F49B8
:10191000C46143F8042B8B42FBD1434C236843F052
:1019200001032360256815F00105FBD1454802221B
:1019300040F2F561A06140F29940E26140F26642F6
:10194000C4F8001242F20141C4F81022404AC4F81F
:101950002002C4F8302240F23542C4F834123D4827
:10196000C4F840223C4AC4F850022846C4F8542225
:1019700042F201223949C4F86012C4F86422FFF728
:101980004BFE0246002839D0810201234FF480200B
:1019900021662549C4F8A050C4F8A400C4F8B030AA
:1019A0004B69D807FCD515050124039228464C61E4
:1019B000FFF732FE039A2A4B0244D2B21A7080B16A
:1019C000194980024FF4802348660846C1F8A050A8
:1019D000C1F8A430C1F8B0404369DB07FCD501234E
:1019E000436120490024204801230094401A00EB61
:1019F00002521E4800F0E4F905B030BD1B4B1849F7
:101A000018600870D860C3E9010005B030BD00BFA0
:101A100000801F40F910010000841F4000C00F40EB
:101A2000FFFCFF1F0003008000402A4000802A4086
:101A30001200FFFFFF37F70000FFF07C400000803E
:101A4000FF000F83F05AF05A00422A4000432A4018
:101A50009F041830EB06180A063201263806180AC9
:101A60000078002000000070000000705C7700200B
:101A7000F9B00100F970010010B5174A4FF4805415
:101A80004FF4005E4FF4404C4FF4803043F242017B
:101A9000136913F0020F0DD113F4005F0FD013F48C
:101AA000805F0FD0002BF3DA13F4803F0CD15B067C
:101AB0000ED510BDC2F818C050619161E8E7C2F8B8
:101AC00014E0E5E75461E3E74FF480339361DFE727
:101AD00040235361DCE700BF00800D40414A0320F2
:101AE0004149F3EE095AD2F880309FED406A23F065
:101AF00001039FED3F5ADFF814C100B5C2F88030F2
:101B0000C2F89000D1F8E010DFF804E1CBB2394818
:101B1000CEF8003007EE903A0B0DC1F30B21F8EE32
:101B2000E77A06EE903A07EE101A334BB8EEC77A12
:101B3000CCF80010F8EEE66A304937EEC66A37EEA8
:101B4000C55A76EEC76A77EEE57A26EE266AC3EDC9
:101B5000006A25EE265AD2F8803067EEA64AC0ED1C
:101B6000007AC6EE275A264885EE276AC4EEA76A91
:101B700075EE875AFCEEE55A36EE076A15EE90CA06
:101B8000BCEEC66A43EA0C5376EE877AC2F8803020
:101B900016EE103AD2F890C1FCEEE77A01EA034162
:101BA00041EA0C014FF0000C17EE903AC2F8901188
:101BB000C3F30B03D2F890110B431249C2F89031D2
:101BC000D2F8803043F00203C2F880300E4B80F828
:101BD00040C0C1F840314FF0E0230122C3F8082192
:101BE00000BD00BF00810D4000441F400000AA421C
:101BF0000000B442C4770020C87700200000FF0F27
:101C000000E400E0001800209DAF0000BC77002039
:101C1000C0770020314B40F6617210B5C3F8202127
:101C200040F2044400F0D8F82D4A2E49D2F8803012
:101C30002D4843F00303C2F880302C4BC1F86041BB
:101C400002681A4203D1D1F8A8319A071BD0254A5D
:101C50004FF00041244B5963D2F8403143F0020366
:101C6000C2F84031D2F840319B07FBD44FF400302A
:101C70004FF0E0211C4B4FF00042C1F88C021920BC
:101C80009A6300F0A1F8184B0021164C4FF08042E7
:101C90000A209A634FF420721960C4F8A80114480E
:101CA00000F0A2F84FF4800203464FF4810040F2A6
:101CB00043111860C4F858311A640E4B0E4AC4F828
:101CC0004811C3F804224FF0E0224FF40031012301
:101CD000C2F80C11C4F8403110BD00BF00800D40A7
:101CE00000C00F4000002E4000900D40001C1E0060
:101CF0000000002000180020A1B1000008B50E4B24
:101D00001B6E9B0700D4FBBE72B60C4B00200C4A26
:101D1000C3F8400103F160430A49A3F55F2311644E
:101D20009D46BFF34F8F4FF40013074A0748DB6906
:101D300002609B68984700BF00441F4000002E408F
:101D400000C00A4003002000000012EB00802020A9
:101D50000F4B40F2376C0F4AA020D96E41F440314E
:101D6000D966D96E41F44071D966C2F844C0906416
:101D7000936C1B06FCD4084A40F23761A0235164DF
:101D80009364936C13F08003FBD1044A1370704783
:101D900000C00F4000400C4000800C40FF77002046
:101DA000F8B500BFF8BC08BC9E46704700000000B4
:101DB0005FF800F065A600005FF800F0C9AC000015
:101DC0005FF800F0A9C200005FF800F079A90000F8
:101DD0005FF800F051D300005FF800F00DB900008B
:101DE0005FF800F0A9AA00005FF800F079D10000C8
:041DF00045000000AA
:101DF4001603550053004200200053006500720092
:101E0400690061006C00000018035400650065005F
:101E14006E00730079006400750069006E006F0045
:101E24000403090409026200030100C032080B0024
:101E3400020202010009040000010202010005245B
:101E440000100105240101010424020605240600F2
:101E5400010705820310001009040100020A0000B2
:101E64000007050302400000070584024000000942
:101E740004020002FF6AFF00070581024000010717
:101E8400050102400001000009026200030100C0D4
:101E940032080B00020202010009040000010202E0
:101EA4000100052400100105240101010424020697
:101EB400052406000107058203100005090401003A
:101EC400020A00000007050302000200070584025D
:101ED4000002000904020002FF6AC700070581022C
:101EE4000002010705010200020100000A060002C7
:081EF400EF02014001000000B3
:101EFC0000000000000000000000000000000000D6
:101F0C0000000000000000000000000000000000C5
:101F1C000548064B1B1AD90F01EBA301491002D03F
:101F2C00034B03B118477047C01A0020C01A002099
:101F3C000000000008B5054B1BB105490548AFF37F
:101F4C000080BDE80840FFF7E3BF00BF00000000C1
:101F5C006C77002000780160144B4FF0007214492C
:101F6C00C3F8842003F18D73DFF84CC003F58F3375
:101F7C004868DCF800208333A3FB0232920C4B68D8
:101F8C001B1A9A42FBD8094A4FF00070094BC2F851
:101F9C0088004868DCF800200549A3FB0232920C4B
:101FAC004B681B1A9A42FBD8704700BF00C0004216
:101FBC00001000E083DE1B432C14002040EA8160FB
:101FCC00074B40F0007218601A6000BF00BF00BFE2
:101FDC0000BF186000BF00BF00BF00BF704700BF4C
:101FEC0000C0004240EA8160084B40F0007218606B
:101FFC001A6000BF00BF00BF00BF00BF186000BF69
:10200C0000BF00BF00BF00BF704700BF00C0004250
:10201C0040EA8160094B40F0007218601A6000BF02
:10202C0000BF00BF00BF00BF00BF186000BF00BFF3
:10203C0000BF00BF00BF00BF704700BF00C0004220
:10204C0040EA81600A4B40F0007218601A6000BFD1
:10205C0000BF00BF00BF00BF00BF00BF186000BFC3
:10206C0000BF00BF00BF00BF00BF00BF704700BF74
:10207C0000C0004200B507228E46DFF834C04EFA8D
:10208C0002F39B0603F08063034343F00071CCF82A
:10209C000030CCF8001000BF00BF00BF00BFCCF870
:1020AC00003000BF00BF00BF00BF013AE7D200BD47
:1020BC0000C000422DE9F04F83B00092002A5CD0A2
:1020CC0083460C46DFF8D0902E4E2F4DDFF8CC8097
:1020DC002E4A009F1268D8F8043097422C4843F0DF
:1020EC007D5328BF17462B4AC8F80430D9F8003066
:1020FC001168184320EA010020F0785040F040505D
:10210C0072B6C8F8000033682BB1002100BF013152
:10211C0033689942FAD30221FFF7ACFFCBF30741A6
:10212C00FFF7A8FFCBF30721FFF7A4FF5FFA8BF1B2
:10213C00FFF7A0FF27B307EB040C013C0CF1FF3AAF
:10214C00CDF804C014F8011FFFF794FF5445F9D1E2
:10215C00DDF804C0D9F80030C8F8003062B62B683E
:10216C002BB1002300BF01332A689342FAD3009BA2
:10217C00BB446446DB1B0093AAD103B0BDE8F08FCF
:10218C00A446E7E7B4450020B84500200015002020
:10219C0000014001041500207045002000C00042E1
:1021AC00002A00F0838013462DE9F04F804683B05F
:1021BC008B46DFF814A13E4F3E4E3F4C3F496268C0
:1021CC00096842F07D523E4D9942626028BF194623
:1021DC00DAF8002089463B491543096825EA0105D0
:1021EC0025F0785545F0405072B620603A682AB117
:1021FC00002100BF01313A689142FAD303210193C7
:10220C00FFF738FFC8F30741FFF734FFC8F3072186
:10221C00FFF730FF5FFA88F1FFF72CFF6268019B34
:10222C0022F000626260B9F1000F3DD009EB0B02A5
:10223C0045F048550BF1FF3CCDF8049002F1FF3E00
:10224C004FF008094FF0000B256000BF00BF00BF26
:10225C0000BFA1682060C1F3C06141EA4B0B00BF15
:10226C0000BF00BF00BFB9F10109EDD10CF801BFEF
:10227C00F445E5D1DDF80490DAF8001021606168CE
:10228C0041F07D51616062B6316829B1002000BF18
:10229C00013031688842FAD3B3EB0903C844934642
:1022AC008CD103B0BDE8F08F5A46E5E7704700BF0C
:1022BC00B4450020B845002000C0004200150020A5
:1022CC000001400104150020704500202DE9F04F5D
:1022DC0083B00192002A00F09080DFF83CB189466F
:1022EC00DFF838818246474E474D484C484A0199A1
:1022FC00126863688A4243F07D5328BF0A460092F5
:10230C006360DBF80030434A43F00123126843F466
:10231C00800323EA020323F0785747F0405072B64B
:10232C002060D8F8002032B1002100BF0131D8F86C
:10233C0000309942F9D30B21FFF79CFECAF30741F9
:10234C00FFF798FECAF30721FFF794FE5FFA8AF1B4
:10235C00FFF790FE626822F000626260326882B120
:10236C0047F048530021236000BF00BF00BF00BFEF
:10237C00206000BF00BF00BF00BF013132688A423D
:10238C00F1D8009B002B3BD0009B09F1FF3E47F09E
:10239C00485703EB090202F1FF3908214FF0000CFA
:1023AC00276000BF00BF00BF00BFA3682060C3F35D
:1023BC00C06343EA4C0C00BF00BF00BF00BF013933
:1023CC00EED10EF801CFCE45E7D1DBF8003023601B
:1023DC00636843F07D53636062B62B682BB10021B8
:1023EC0000BF01312B689942FAD3009B9146019AA8
:1023FC009A44D31A01937FF479AF03B0BDE8F08F00
:10240C004A46E2E70C150020B845002000C0004207
:10241C00001500200415002070450020B445002054
:10242C0000B507228E46DFF838C04EFA02F39B0641
:10243C0003F08063034343F00071CCF80030CCF818
:10244C00001000BF00BF00BF00BF00BFCCF80030C1
:10245C0000BF00BF00BF00BF00BF013AE5D200BD06
:10246C0000C000422DE9F04F83B00092002A5CD0EE
:10247C0083460C46DFF8D0902E4E2F4DDFF8CC80E3
:10248C002E4A009F1268D8F8043097422C4843F02B
:10249C007D5328BF17462B4AC8F80430D9F80030B2
:1024AC001168184320EA010020F0785040F04050A9
:1024BC0072B6C8F8000033682BB1002100BF01319F
:1024CC0033689942FAD30221FFF7AAFFCBF30741F5
:1024DC00FFF7A6FFCBF30721FFF7A2FF5FFA8BF103
:1024EC00FFF79EFF27B307EB040C013C0CF1FF3AFE
:1024FC00CDF804C014F8011FFFF792FF5445F9D131
:10250C00DDF804C0D9F80030C8F8003062B62B688A
:10251C002BB1002300BF01332A689342FAD3009BEE
:10252C00BB446446DB1B0093AAD103B0BDE8F08F1B
:10253C00A446E7E7B4450020B8450020001500206C
:10254C0000014001041500207045002000C000422D
:10255C00002A00F0858013462DE9F04F804683B0A9
:10256C008B46DFF818A13F4F3F4E404C4049626804
:10257C00096842F07D523F4D9942626028BF19466E
:10258C00DAF8002089463C491543096825EA01051B
:10259C0025F0785545F0405072B620603A682AB163
:1025AC00002100BF01313A689142FAD30321019313
:1025BC00FFF736FFC8F30741FFF732FFC8F30721D7
:1025CC00FFF72EFF5FFA88F1FFF72AFF6268019B85
:1025DC0022F000626260B9F1000F3FD009EB0B02F0
:1025EC0045F048550BF1FF3CCDF8049002F1FF3E4D
:1025FC004FF008094FF0000B256000BF00BF00BF73
:10260C0000BF00BFA1682060C1F3C06141EA4B0B61
:10261C0000BF00BF00BF00BF00BFB9F10109EBD183
:10262C000CF801BFF445E3D1DDF80490DAF80010A2
:10263C002160616841F07D51616062B6316829B1F9
:10264C00002000BF013031688842FAD3B3EB090394
:10265C00C84493468AD103B0BDE8F08F5A46E5E7EB
:10266C00704700BFB4450020B845002000C00042B0
:10267C0000150020000140010415002070450020C9
:10268C002DE9F04F83B00092002A00F09680DFF81D
:10269C0048B18946DFF8448182464A4E4A4D4B4C3C
:1026AC0062684B4B42F07D521968009B62608B4212
:1026BC00DBF8002028BF0B4642F00122454942F4CA
:1026CC008002096822EA010C2CF0785747F0405040
:1026DC0072B62060D8F8002032B1002100BF013161
:1026EC00D8F800209142F9D30B210193FFF798FE03
:1026FC00CAF30741FFF794FECAF30721FFF790FED8
:10270C005FFA8AF1FFF78CFE6268019B22F000628F
:10271C0062603268A2B147F0485200219C462260A8
:10272C0000BF00BF00BF00BF00BF206000BF00BFE4
:10273C0000BF00BF00BF013133688B42EFD8634646
:10274C00002B3DD003EB090209F1FF3E47F048573F
:10275C00019302F1FF3908214FF0000C276000BFF4
:10276C0000BF00BF00BF00BFA3682060C3F3C063FD
:10277C0043EA4C0C00BF00BF00BF00BF00BF0139D3
:10278C00ECD10EF801CFCE45E5D1019BDBF8001062
:10279C002160616841F07D51616062B6296829B1A0
:1027AC00002000BF013029688842FAD39146009A74
:1027BC009A44D31A00937FF473AF03B0BDE8F08F43
:1027CC004A46E3E70C150020B845002000C0004243
:1027DC00001500200415002070450020B445002091
:1027EC0000B507228E46DFF83CC04EFA02F39B067A
:1027FC0003F08063034343F00071CCF80030CCF855
:10280C00001000BF00BF00BF00BF00BF00BFCCF86E
:10281C00003000BF00BF00BF00BF00BF00BF013AC7
:10282C00E3D200BD00C000422DE9F04F83B000920E
:10283C00002A5CD083460C46DFF8D0902E4E2F4DEC
:10284C00DFF8CC802E4A009F1268D8F804309742EB
:10285C002C4843F07D5328BF17462B4AC8F8043048
:10286C00D9F800301168184320EA010020F07850A4
:10287C0040F0405072B6C8F8000033682BB100210C
:10288C0000BF013133689942FAD30221FFF7A8FF48
:10289C00CBF30741FFF7A4FFCBF30721FFF7A0FF12
:1028AC005FFA8BF1FFF79CFF27B307EB040C013C9D
:1028BC000CF1FF3ACDF804C014F8011FFFF790FF9C
:1028CC005445F9D1DDF804C0D9F80030C8F800300F
:1028DC0062B62B682BB1002300BF01332A689342E8
:1028EC00FAD3009BBB446446DB1B0093AAD103B014
:1028FC00BDE8F08FA446E7E7B4450020B8450020BA
:10290C000015002000014001041500207045002036
:10291C0000C00042002A00F087802DE9F04F80466D
:10292C0083B0DFF81CA10D46404F9346404E414CFE
:10293C00414A6368126843F07D535A45636028BF6F
:10294C005A46DAF80030914643F001233B4A43F4EF
:10295C008003126823EA020323F0785343F04050BB
:10296C0072B620603A682AB1002100BF01313A6882
:10297C009142FAD303210193FFF732FFC8F30741C9
:10298C00FFF72EFFC8F30721FFF72AFF5FFA88F144
:10299C00FFF726FF6268019B22F000626260B9F1CA
:1029AC00000F3FD009EB050243F0485305F1FF3C03
:1029BC00CDF8049002F1FF3E08254FF0000923608A
:1029CC0000BF00BF00BF00BF00BF00BFA1682060F8
:1029DC00C1F3C06141EA490900BF00BF00BF00BF9D
:1029EC0000BF00BF013DEAD10CF8019FF445E3D1D3
:1029FC00DDF80490DAF800302360636843F07D530F
:102A0C00636062B633682BB1002100BF01313368BB
:102A1C009942FAD3BBEB090BC844154688D103B0D5
:102A2C00BDE8F08F2A46E5E7704700BFB4450020AB
:102A3C00B845002000C000420015002004150020FD
:102A4C00704500202DE9F04F83B00092002A00F071
:102A5C009A80DFF850B18946DFF84C8182464C4EA3
:102A6C004C4D4D4C62684D4B42F07D521968009BA9
:102A7C0062608B42DBF8002028BF0B4642F001223B
:102A8C00474942F48002096822EA010C2CF078577D
:102A9C0047F0405072B62060D8F8002032B10021C7
:102AAC0000BF0131D8F800209142F9D30B210193DA
:102ABC00FFF796FECAF30741FFF792FECAF3072110
:102ACC00FFF78EFE5FFA8AF1FFF78AFE6268019BC0
:102ADC0022F0006262603268B2B147F048520021C5
:102AEC009C46226000BF00BF00BF00BF00BF00BFFC
:102AFC00206000BF00BF00BF00BF00BF00BF01319E
:102B0C0033688B42EDD86346002B3FD003EB0902B0
:102B1C0009F1FF3E47F04857019302F1FF390821B4
:102B2C004FF0000C276000BF00BF00BF00BF00BF0C
:102B3C0000BFA3682060C3F3C06343EA4C0C00BF22
:102B4C0000BF00BF00BF00BF00BF0139EAD10EF8C3
:102B5C0001CFCE45E3D1019BDBF800102160616809
:102B6C0041F07D51616062B6296829B1002000BF37
:102B7C00013029688842FAD39146009A9A44D31AB4
:102B8C0000937FF46FAF03B0BDE8F08F4A46E3E7E4
:102B9C000C150020B845002000C000420015002094
:102BAC000415002070450020B445002000B5072214
:102BBC008E46DFF840C04EFA02F39B0603F08063AA
:102BCC00034343F00071CCF80030CCF8001000BF88
:102BDC0000BF00BF00BF00BF00BF00BFCCF800307B
:102BEC0000BF00BF00BF00BF00BF00BF00BF013A65
:102BFC00E1D200BD00C000422DE9F04F83B000923D
:102C0C00002A5CD083460C46DFF8D0902E4E2F4D18
:102C1C00DFF8CC802E4A009F1268D8F80430974217
:102C2C002C4843F07D5328BF17462B4AC8F8043074
:102C3C00D9F800301168184320EA010020F07850D0
:102C4C0040F0405072B6C8F8000033682BB1002138
:102C5C0000BF013133689942FAD30221FFF7A6FF76
:102C6C00CBF30741FFF7A2FFCBF30721FFF79EFF42
:102C7C005FFA8BF1FFF79AFF27B307EB040C013CCB
:102C8C000CF1FF3ACDF804C014F8011FFFF78EFFCA
:102C9C005445F9D1DDF804C0D9F80030C8F800303B
:102CAC0062B62B682BB1002300BF01332A68934214
:102CBC00FAD3009BBB446446DB1B0093AAD103B040
:102CCC00BDE8F08FA446E7E7B4450020B8450020E6
:102CDC000015002000014001041500207045002063
:102CEC0000C00042002A00F0898013462DE9F04F05
:102CFC00804683B08B46DFF820A1414F414E424CB9
:102D0C0042496268096842F07D52414D99426260C5
:102D1C0028BF1946DAF8002089463E491543096850
:102D2C0025EA010525F0785545F0405072B6206033
:102D3C003A682AB1002100BF01313A689142FAD3B6
:102D4C0003210193FFF732FFC8F30741FFF72EFF72
:102D5C00C8F30721FFF72AFF5FFA88F1FFF726FF78
:102D6C006268019B22F000626260B9F1000F43D0EF
:102D7C0009EB0B0245F048550BF1FF3CCDF80490E4
:102D8C0002F1FF3E4FF008094FF0000B256000BF29
:102D9C0000BF00BF00BF00BF00BF00BFA168206024
:102DAC00C1F3C06141EA4B0B00BF00BF00BF00BFC5
:102DBC0000BF00BF00BFB9F10109E7D10CF801BF9A
:102DCC00F445DFD1DDF80490DAF800102160616879
:102DDC0041F07D51616062B6316829B1002000BFBD
:102DEC00013031688842FAD3B3EB0903C8449346E7
:102DFC0086D103B0BDE8F08F5A46E5E7704700BFB7
:102E0C00B4450020B845002000C000420015002049
:102E1C000001400104150020704500202DE9F04F01
:102E2C0083B00092002A00F09E80DFF858B18946EA
:102E3C00DFF8548182464E4E4E4D4F4C62684F4BDC
:102E4C0042F07D521968009B62608B42DBF80020D7
:102E5C0028BF0B4642F00122494942F4800209681E
:102E6C0022EA010C2CF0785747F0405072B62060E3
:102E7C00D8F8002032B1002100BF0131D8F8002071
:102E8C009142F9D30B210193FFF790FECAF307414E
:102E9C00FFF78CFECAF30721FFF788FE5FFA8AF171
:102EAC00FFF784FE6268019B22F000626260326868
:102EBC00C2B147F0485200219C46226000BF00BFBF
:102ECC0000BF00BF00BF00BF00BF206000BF00BF3D
:102EDC0000BF00BF00BF00BF00BF013133688B4291
:102EEC00EBD86346002B41D003EB090209F1FF3EFE
:102EFC0047F04857019302F1FF3908214FF0000CBD
:102F0C00276000BF00BF00BF00BF00BF00BF00BFF5
:102F1C00A3682060C3F3C06343EA4C0C00BF00BF3E
:102F2C0000BF00BF00BF00BF00BF0139E8D10EF8E1
:102F3C0001CFCE45E1D1019BDBF800102160616827
:102F4C0041F07D51616062B6296829B1002000BF53
:102F5C00013029688842FAD39146009A9A44D31AD0
:102F6C0000937FF46BAF03B0BDE8F08F4A46E3E704
:102F7C000C150020B845002000C0004200150020B0
:102F8C000415002070450020B4450020F8B501213F
:102F9C000746342007240B4E4FF0806509F0BAFC2D
:102FAC0005E0C6F88450FEF7D7FF013C09D347FA79
:102FBC0004F3DB07F5D4C6F88850FEF7CDFF013CCF
:102FCC00F5D2F8BD00C00042084A137863B1002165
:102FDC0002E012F8013F3BB1202BFAD101318142C2
:102FEC00F7D1501C0BF018B91846704774450020E7
:102FFC000D4B0E4A1B7892F800C0022B0DD0012B02
:10300C0005D00B4B0A460B4953F82C3018470A4B8A
:10301C000A46084953F82C301847084B0A4605490C
:10302C0053F82C30184700BFFA770020E617002021
:10303C00AC030020C01A002070030020E80300201D
:10304C00002A00F0BA802DE9F04F924683B08346F7
:10305C00DFF87C91DFF87C810A46584F584C636846
:10306C00584943F07D5309686360574B51451D68BF
:10307C0028BF5146554B45F001250E461B6845F4BB
:10308C00800525EA030525F0785572B62560D9F838
:10309C00003033B1002100BF0131D9F80030994222
:1030AC00F9D30E2128460192FEF79CFF0B212846EE
:1030BC00FEF798FFCBF303512846FEF793FFCBF3B3
:1030CC0003412846FEF78EFFCBF303312846FEF76B
:1030DC0089FFCBF303212846FEF784FFCBF30311C2
:1030EC002846FEF77FFF0BF00F012846FEF77AFF0C
:1030FC006368019A23F070536360D8F800309BB179
:10310C0045F000700021206000BF00BF00BF00BF71
:10311C0000BF256000BF00BF00BF00BF00BF013172
:10312C00D8F800308B42EED8002E44D006EB020CBF
:10313C0045F00071013A0CF1FF30216000BF00BF77
:10314C0000BF00BF00BFD4F808E0256000BF00BF7F
:10315C0000BF00BF00BF216000BF00BF00BF00BFA9
:10316C0000BFA368256000BF00BF00BF00BF00BF49
:10317C004FEA9E6EC3F3836343EA0E1302F8013FDA
:10318C008242DAD1104B1B682360636843F07D5395
:10319C00636062B63B682BB1002300BF01333A6811
:1031AC009342FAD3BAEB060AB34462467FF457AFA4
:1031BC0003B0BDE8F08F9446E4E77047B8450020B3
:1031CC0000C00042001500207045002004150020AE
:1031DC00B445002008150020002A00F0C0802DE91D
:1031EC00F04F924683B08346DFF88891DFF88881F0
:1031FC000A465B4F5B4C63685B4943F07D5309683F
:10320C0063605A4B51451D6828BF5146584B45F0D9
:10321C0001250E461B6845F4800525EA030525F0BB
:10322C00785572B62560D9F8003033B1002100BF53
:10323C000131D9F800309942F9D30E212846019278
:10324C00FEF7E6FE0B212846FEF7E2FECBF3035118
:10325C002846FEF7DDFECBF303412846FEF7D8FEE9
:10326C00CBF303312846FEF7D3FECBF303212846DC
:10327C00FEF7CEFECBF303112846FEF7C9FE0BF08A
:10328C000F012846FEF7C4FE6368019A23F07053C1
:10329C006360D8F80030ABB145F0007000212060BD
:1032AC0000BF00BF00BF00BF00BF00BF256000BF54
:1032BC0000BF00BF00BF00BF00BF0131D8F8003015
:1032CC008B42ECD8002E48D006EB020C45F0007176
:1032DC00013A0CF1FF30216000BF00BF00BF00BFFE
:1032EC0000BF00BFD4F808E0256000BF00BF00BFDE
:1032FC0000BF00BF00BF216000BF00BF00BF00BF08
:10330C0000BF00BFA368256000BF00BF00BF00BFA7
:10331C0000BF00BF4FEA9E6EC3F3836343EA0E13F4
:10332C0002F8013F8242D6D1104B1B6823606368C0
:10333C0043F07D53636062B63B682BB1002300BF42
:10334C0001333A689342FAD3BAEB060AB3446246A5
:10335C007FF451AF03B0BDE8F08F9446E4E77047BB
:10336C00B845002000C00042001500207045002028
:10337C0004150020B445002008150020002A00F098
:10338C00C6802DE9F04F924683B08346DFF89491C6
:10339C00DFF894810A465E4F5E4C63685E4943F0E9
:1033AC007D53096863605D4B51451D6828BF5146CC
:1033BC005B4B45F001250E461B6845F4800525EA5C
:1033CC00030525F0785572B62560D9F8003033B175
:1033DC00002100BF0131D9F800309942F9D30E21F8
:1033EC0028460192FEF72CFE0B212846FEF728FEFC
:1033FC00CBF303512846FEF723FECBF303412846BB
:10340C00FEF71EFECBF303312846FEF719FECBF375
:10341C0003212846FEF714FECBF303112846FEF7D2
:10342C000FFE0BF00F012846FEF70AFE6368019AA7
:10343C0023F070536360D8F80030BBB145F00070D6
:10344C000021206000BF00BF00BF00BF00BF00BF55
:10345C0000BF256000BF00BF00BF00BF00BF00BFA2
:10346C0000BF0131D8F800308B42EAD8002E4CD086
:10347C0006EB020C45F00071013A0CF1FF302160B3
:10348C0000BF00BF00BF00BF00BF00BF00BFD4F82B
:10349C0008E0256000BF00BF00BF00BF00BF00BF39
:1034AC0000BF216000BF00BF00BF00BF00BF00BF56
:1034BC0000BFA368256000BF00BF00BF00BF00BFF6
:1034CC0000BF00BF4FEA9E6EC3F3836343EA0E1343
:1034DC0002F8013F8242D2D1104B1B682360636813
:1034EC0043F07D53636062B63B682BB1002300BF91
:1034FC0001333A689342FAD3BAEB060AB3446246F4
:10350C007FF44BAF03B0BDE8F08F9446E4E770470F
:10351C00B845002000C00042001500207045002076
:10352C0004150020B44500200815002070B5054690
:10353C000E463024E0B20134012109F0EBF9372CAE
:10354C00F8D10121022009F0E5F90121032009F04D
:10355C00E1F90121042009F0DDF90121052009F030
:10356C00D9F93A4A3A4B022D116841EA0303136028
:10357C0042D0002D14BF4FF480014FF08071354BB9
:10358C00354A1B781160012B3449354A0D70167081
:10359C0030D0022B2CD0032B56D03822314BC3F811
:1035AC006C22C3F87022C3F87422C3F87822BFF3DC
:1035BC004F8F03F13F732C492C4A03F5BD434868E8
:1035CC0012680333A3FB0232920C02EB42024B68EB
:1035DC001B1A9A42FBD81D4B25491C68254A2140D1
:1035EC0025480A4302605A6842F07D525A6070BD09
:1035FC00224AD3E7224AD1E7F4074FF0100312D442
:10360C00B007C2F88830114B4FF0200212D5710769
:10361C00C3F884200D4B4FF0400212D5C3F8842020
:10362C004FF48071ABE7B007C2F88430074B4FF012
:10363C002002ECD47107C3F88820044B4FF04002F1
:10364C00ECD4C3F88820EBE70E4AA7E700C0004291
:10365C0000014001FB77002004150020F9770020C1
:10366C00F777002000801F40001000E02C14002091
:10367C00FFFEBFCC0001403170450020F900010075
:10368C003800010038F00100002A00F09E802DE97E
:10369C00F04F914683B08346DFF840A1DFF84081BC
:1036AC000A464A4F4A4C63684A4943F07D530968BD
:1036BC006360DAF800504945474B45F0012528BFB7
:1036CC0049461B6845F480050E4625EA030525F09E
:1036DC00785572B62560D8F8003033B1002100BFA0
:1036EC000131D8F800309942F9D3032128460192D0
:1036FC00FEF778FC08212846FEF774FCCBF3035147
:10370C002846FEF76FFCCBF303412846FEF76AFC14
:10371C00CBF303312846FEF765FCCBF30321284697
:10372C00FEF760FCCBF303112846FEF75BFC0BF0B5
:10373C000F012846FEF756FC019A002E43D0B01814
:10374C00013A411E12F8013F1B0945EA836343F01D
:10375C00007C2360C4F800C000BF00BF00BF00BFE6
:10376C0000BF236000BF00BF00BF00BF00BF1378C5
:10377C0003F00F0345EA836343F0007C2360C4F835
:10378C0000C000BF00BF00BF00BF00BF236000BF70
:10379C0000BF00BF00BF00BF8A42D3D1DAF80030AF
:1037AC00236062B63B682BB1002300BF01333A683B
:1037BC009342FAD3B9EB0609B34402467FF473AFD4
:1037CC0003B0BDE8F08F1046E8E77047B84500201D
:1037DC0000C0004200150020041500207045002098
:1037EC00B4450020002A00F0A2802DE9F04F91464C
:1037FC0083B08346DFF848A1DFF848810A464C4F76
:10380C004C4C63684C4943F07D5309686360DAF8AB
:10381C0000504945494B45F0012528BF49461B68D6
:10382C0045F480050E4625EA030525F0785572B659
:10383C002560D8F8003033B1002100BF0131D8F831
:10384C0000309942F9D3032128460192FEF7E0FBA0
:10385C0008212846FEF7DCFBCBF303512846FEF784
:10386C00D7FBCBF303412846FEF7D2FBCBF3033156
:10387C002846FEF7CDFBCBF303212846FEF7C8FB09
:10388C00CBF303112846FEF7C3FB0BF00F012846C0
:10389C00FEF7BEFB019A002E47D0B018013A411E2C
:1038AC0012F8013F1B0945EA836343F0007C236057
:1038BC00C4F800C000BF00BF00BF00BF00BF00BF06
:1038CC00236000BF00BF00BF00BF00BF00BF137864
:1038DC0003F00F0345EA836343F0007C2360C4F8D4
:1038EC0000C000BF00BF00BF00BF00BF00BF23600F
:1038FC0000BF00BF00BF00BF00BF00BF8A42CFD1D6
:10390C00DAF80030236062B63B682BB1002300BFAD
:10391C0001333A689342FAD3B9EB0609B344024631
:10392C007FF46FAF03B0BDE8F08F1046E8E7704747
:10393C00B845002000C000420015002004150020EE
:10394C0070450020B4450020002A00F0A6802DE927
:10395C00F04F914683B08346DFF850A1DFF85081D9
:10396C000A464E4F4E4C63684E4943F07D530968EE
:10397C006360DAF8005049454B4B45F0012528BFF0
:10398C0049461B6845F480050E4625EA030525F0DB
:10399C00785572B62560D8F8003033B1002100BFDD
:1039AC000131D8F800309942F9D30321284601920D
:1039BC00FEF746FB08212846FEF742FBCBF30351EA
:1039CC002846FEF73DFBCBF303412846FEF738FBB8
:1039DC00CBF303312846FEF733FBCBF30321284608
:1039EC00FEF72EFBCBF303112846FEF729FB0BF059
:1039FC000F012846FEF724FB019A002E4BD0B0187D
:103A0C00013A411E12F8013F1B0945EA836343F05A
:103A1C00007C2360C4F800C000BF00BF00BF00BF23
:103A2C0000BF00BF00BF236000BF00BF00BF00BFCE
:103A3C0000BF00BF00BF137803F00F0345EA836398
:103A4C0043F0007C2360C4F800C000BF00BF00BF7F
:103A5C0000BF00BF00BF00BF236000BF00BF00BF9E
:103A6C0000BF00BF00BF00BF8A42CBD1DAF80030E4
:103A7C00236062B63B682BB1002300BF01333A6868
:103A8C009342FAD3B9EB0609B34402467FF46BAF09
:103A9C0003B0BDE8F08F1046E8E77047B84500204A
:103AAC0000C00042001500200415002070450020C5
:103ABC00B445002000B507228E46DFF844C04EFA0C
:103ACC0002F39B0603F08063034343F00071CCF8D0
:103ADC000030CCF8001000BF00BF00BF00BF00BF1B
:103AEC0000BF00BF00BFCCF8003000BF00BF00BF5C
:103AFC0000BF00BF00BF00BF00BF013ADFD200BD56
:103B0C0000C00042002A7FD02DE9F04F074683B059
:103B1C008B469246DFF80C913C4E3D4D3D4C3E4A57
:103B2C006368126843F07D533C485245636028BF7C
:103B3C005246D9F800309046394A1843126820EAA8
:103B4C00020020F0785040F0405072B6206033688C
:103B5C002BB1002200BF013233689A42FAD3022102
:103B6C00FFF7A8FFC7F30741FFF7A4FFC7F307212F
:103B7C00FFF7A0FFF9B2FFF79DFFB8F1000F41D09E
:103B8C0008EB0B0C0BF1FF31CDF804800CF1FF3E70
:103B9C0011F8018F07228B4648FA02F39B0603F0BB
:103BAC008063034343F000712360216000BF00BFBA
:103BBC0000BF00BF00BF00BF00BF00BF236000BF3D
:103BCC0000BF00BF00BF00BF00BF00BF00BF013A75
:103BDC00E2D2F3455946DBD1DDF80480D9F8003048
:103BEC00236062B62B682BB1002200BF01322B6818
:103BFC009A42FAD3BAEB080A4744E3468FD103B092
:103C0C00BDE8F08FDC46E9E7704700BFB445002003
:103C1C00B845002000C00042001500200001400102
:103C2C000415002070450020002A00F08B802DE93F
:103C3C00F04F804683B0DFF824A10D46424F9346E7
:103C4C00424E434C434A6368126843F07D535A45D5
:103C5C00636028BF5A46DAF80030914643F00123DE
:103C6C003D4A43F48003126823EA020323F078539D
:103C7C0043F0405072B620603A682AB1002100BF70
:103C8C0001313A689142FAD303210193FFF712FFF5
:103C9C00C8F30741FFF70EFFC8F30721FFF70AFF30
:103CAC005FFA88F1FFF706FF6268019B22F0006261
:103CBC006260B9F1000F43D009EB050243F04853A1
:103CCC0005F1FF3CCDF8049002F1FF3E08254FF0C2
:103CDC000009236000BF00BF00BF00BF00BF00BFD2
:103CEC0000BF00BFA1682060C1F3C06141EA49096F
:103CFC0000BF00BF00BF00BF00BF00BF00BF00BFC0
:103D0C00013DE6D10CF8019FF445DFD1DDF80490BC
:103D1C00DAF800302360636843F07D53636062B669
:103D2C0033682BB1002100BF013133689942FAD3BB
:103D3C00BBEB090BC844154684D103B0BDE8F08F2A
:103D4C002A46E5E7704700BFB4450020B84500207F
:103D5C0000C0004200150020041500207045002012
:103D6C002DE9F04F83B00092002A00F0A280DFF81A
:103D7C0060B18946DFF85C818246504E504D514C03
:103D8C006268514B42F07D521968009B62608B4215
:103D9C00DBF8002028BF0B4642F001224B4942F4CD
:103DAC008002096822EA010C2CF0785747F0405049
:103DBC0072B62060D8F8002032B1002100BF01316A
:103DCC00D8F800209142F9D30B210193FFF772FE32
:103DDC00CAF30741FFF76EFECAF30721FFF76AFE2D
:103DEC005FFA8AF1FFF766FE6268019B22F00062BF
:103DFC0062603268D2B147F0485200219C46226082
:103E0C0000BF00BF00BF00BF00BF00BF00BF00BFAE
:103E1C00206000BF00BF00BF00BF00BF00BF00BFDD
:103E2C0000BF013133688B42E9D86346002B43D085
:103E3C0003EB090209F1FF3E47F04857019302F1E9
:103E4C00FF3908214FF0000C276000BF00BF00BFF6
:103E5C0000BF00BF00BF00BF00BFA3682060C3F35A
:103E6C00C06343EA4C0C00BF00BF00BF00BF00BFE3
:103E7C0000BF00BF00BF0139E6D10EF801CFCE451F
:103E8C00DFD1019BDBF800102160616841F07D51AE
:103E9C00616062B6296829B1002000BF0130296831
:103EAC008842FAD39146009A9A44D31A00937FF42D
:103EBC0067AF03B0BDE8F08F4A46E3E70C1500206E
:103ECC00B845002000C00042001500200415002059
:103EDC0070450020B445002000B507228E46DFF85F
:103EEC0048C04EFA02F39B0603F08063034343F091
:103EFC000071CCF80030CCF8001000BF00BF00BF40
:103F0C0000BF00BF00BF00BF00BF00BFCCF8003037
:103F1C0000BF00BF00BF00BF00BF00BF00BF00BF9D
:103F2C0000BF013ADDD200BD00C000422DE9F04FC8
:103F3C0083B00092002A5CD083460C46DFF8D09008
:103F4C002E4E2F4DDFF8CC802E4A009F1268D8F8E9
:103F5C00043097422C4843F07D5328BF17462B4A18
:103F6C00C8F80430D9F800301168184320EA010071
:103F7C0020F0785040F0405072B6C8F8000033681A
:103F8C002BB1002100BF013133689942FAD30221D1
:103F9C00FFF7A2FFCBF30741FFF79EFFCBF30721FF
:103FAC00FFF79AFF5FFA8BF1FFF796FF27B307EB4A
:103FBC00040C013C0CF1FF3ACDF804C014F8011FBD
:103FCC00FFF78AFF5445F9D1DDF804C0D9F8003069
:103FDC00C8F8003062B62B682BB1002300BF013348
:103FEC002A689342FAD3009BBB446446DB1B0093C4
:103FFC00AAD103B0BDE8F08FA446E7E7B445002092
:10400C00B8450020001500200001400104150020D7
:10401C007045002000C00042002A00F08D802DE980
:10402C00F04F804683B0DFF828A10D46434F9346EE
:10403C00434E444C444A6368126843F07D535A45DE
:10404C00636028BF5A46DAF80030914643F00123EA
:10405C003E4A43F48003126823EA020323F07853A8
:10406C0043F0405072B620603A682AB1002100BF7C
:10407C0001313A689142FAD303210193FFF72CFFE7
:10408C00C8F30741FFF728FFC8F30721FFF724FF08
:10409C005FFA88F1FFF720FF6268019B22F0006253
:1040AC006260B9F1000F45D009EB050243F04853AB
:1040BC0005F1FF3CCDF8049002F1FF3E08254FF0CE
:1040CC000009236000BF00BF00BF00BF00BF00BFDE
:1040DC0000BF00BF00BFA1682060C1F3C06141EA0E
:1040EC00490900BF00BF00BF00BF00BF00BF00BF39
:1040FC0000BF00BF013DE4D10CF8019FF445DDD1B8
:10410C00DDF80490DAF800302360636843F07D53E7
:10411C00636062B633682BB1002100BF0131336894
:10412C009942FAD3BBEB090BC844154682D103B0B4
:10413C00BDE8F08F2A46E5E7704700BFB445002084
:10414C00B845002000C000420015002004150020D6
:10415C00704500202DE9F04F83B00092002A00F04A
:10416C00A680DFF868B18946DFF864818246524E3A
:10417C00524D534C6268534B42F07D521968009B70
:10418C0062608B42DBF8002028BF0B4642F0012214
:10419C004D4942F48002096822EA010C2CF0785750
:1041AC0047F0405072B62060D8F8002032B10021A0
:1041BC0000BF0131D8F800209142F9D30B210193B3
:1041CC00FFF78AFECAF30741FFF786FECAF3072101
:1041DC00FFF782FE5FFA8AF1FFF77EFE6268019BB1
:1041EC0022F0006262603268E2B147F0485200216E
:1041FC009C46226000BF00BF00BF00BF00BF00BFD5
:10420C0000BF00BF00BF206000BF00BF00BF00BFE9
:10421C0000BF00BF00BF00BF00BF013133688B423D
:10422C00E7D86346002B45D003EB090209F1FF3EAA
:10423C0047F04857019302F1FF3908214FF0000C69
:10424C00276000BF00BF00BF00BF00BF00BF00BFA2
:10425C0000BF00BFA3682060C3F3C06343EA4C0CEB
:10426C0000BF00BF00BF00BF00BF00BF00BF00BF4A
:10427C0000BF0139E4D10EF801CFCE45DDD1019B51
:10428C00DBF800102160616841F07D51616062B61D
:10429C00296829B1002000BF013029688842FAD36F
:1042AC009146009A9A44D31A00937FF463AF03B0FB
:1042BC00BDE8F08F4A46E3E70C150020B845002016
:1042CC0000C000420015002004150020704500209D
:1042DC00B445002000B507228E46DFF84CC04EFADC
:1042EC0002F39B0603F08063034343F00071CCF8A8
:1042FC000030CCF8001000BF00BF00BF00BF00BFF3
:10430C0000BF00BF00BF00BF00BFCCF8003000BF33
:10431C0000BF00BF00BF00BF00BF00BF00BF00BF99
:10432C0000BF013ADBD200BD00C000422DE9F04FC6
:10433C0083B00092002A5CD083460C46DFF8D09004
:10434C002E4E2F4DDFF8CC802E4A009F1268D8F8E5
:10435C00043097422C4843F07D5328BF17462B4A14
:10436C00C8F80430D9F800301168184320EA01006D
:10437C0020F0785040F0405072B6C8F80000336816
:10438C002BB1002100BF013133689942FAD30221CD
:10439C00FFF7A0FFCBF30741FFF79CFFCBF30721FF
:1043AC00FFF798FF5FFA8BF1FFF794FF27B307EB4A
:1043BC00040C013C0CF1FF3ACDF804C014F8011FB9
:1043CC00FFF788FF5445F9D1DDF804C0D9F8003067
:1043DC00C8F8003062B62B682BB1002300BF013344
:1043EC002A689342FAD3009BBB446446DB1B0093C0
:1043FC00AAD103B0BDE8F08FA446E7E7B44500208E
:10440C00B8450020001500200001400104150020D3
:10441C007045002000C00042002A00F08F80134637
:10442C002DE9F04F804683B08B46DFF82CA1444F2A
:10443C00444E454C45496268096842F07D52444DF2
:10444C009942626028BF1946DAF800208946414932
:10445C001543096825EA010525F0785545F04050CB
:10446C0072B620603A682AB1002100BF01313A6867
:10447C009142FAD303210193FFF72CFFC8F30741B4
:10448C00FFF728FFC8F30721FFF724FF5FFA88F135
:10449C00FFF720FF6268019B22F000626260B9F1B5
:1044AC00000F49D009EB0B0245F048550BF1FF3CCE
:1044BC00CDF8049002F1FF3E4FF008094FF0000BCD
:1044CC00256000BF00BF00BF00BF00BF00BF00BF22
:1044DC0000BF00BF00BFA1682060C1F3C06141EA0A
:1044EC004B0B00BF00BF00BF00BF00BF00BF00BF31
:1044FC0000BF00BF00BFB9F10109E1D10CF801BF49
:10450C00F445D9D1DDF80490DAF800102160616827
:10451C0041F07D51616062B6316829B1002000BF65
:10452C00013031688842FAD3B3EB0903C84493468F
:10453C0080D103B0BDE8F08F5A46E5E7704700BF65
:10454C00B4450020B845002000C0004200150020F2
:10455C000001400104150020704500202DE9F04FAA
:10456C0083B00092002A00F0AA80DFF870B189466F
:10457C00DFF86C818246544E544D554C6268554B55
:10458C0042F07D521968009B62608B42DBF8002080
:10459C0028BF0B4642F001224F4942F480020968C1
:1045AC0022EA010C2CF0785747F0405072B620608C
:1045BC00D8F8002032B1002100BF0131D8F800201A
:1045CC009142F9D30B210193FFF784FECAF3074103
:1045DC00FFF780FECAF30721FFF77CFE5FFA8AF132
:1045EC00FFF778FE6268019B22F00062626032681D
:1045FC00F2B147F0485200219C46226000BF00BF38
:10460C0000BF00BF00BF00BF00BF00BF00BF00BFA6
:10461C00206000BF00BF00BF00BF00BF00BF00BFD5
:10462C0000BF00BF00BF013133688B42E5D8634641
:10463C00002B47D003EB090209F1FF3E47F0485726
:10464C00019302F1FF3908214FF0000C276000BFE5
:10465C0000BF00BF00BF00BF00BF00BF00BF00BF56
:10466C0000BFA3682060C3F3C06343EA4C0C00BFD7
:10467C0000BF00BF00BF00BF00BF00BF00BF00BF36
:10468C0000BF0139E2D10EF801CFCE45DBD1019B41
:10469C00DBF800102160616841F07D51616062B609
:1046AC00296829B1002000BF013029688842FAD35B
:1046BC009146009A9A44D31A00937FF45FAF03B0EB
:1046CC00BDE8F08F4A46E3E70C150020B845002002
:1046DC0000C0004200150020041500207045002089
:1046EC00B445002000B507228E46DFF850C04EFAC4
:1046FC0002F39B0603F08063034343F00071CCF894
:10470C000030CCF8001000BF00BF00BF00BF00BFDE
:10471C0000BF00BF00BF00BF00BF00BFCCF800301F
:10472C0000BF00BF00BF00BF00BF00BF00BF00BF85
:10473C0000BF00BF00BF013AD9D200BD00C000428B
:10474C002DE9F04F83B00092002A5CD083460C46D2
:10475C00DFF8D0902E4E2F4DDFF8CC802E4A009FE4
:10476C001268D8F8043097422C4843F07D5328BF88
:10477C0017462B4AC8F80430D9F800301168184392
:10478C0020EA010020F0785040F0405072B6C8F892
:10479C00000033682BB1002100BF0131336899420E
:1047AC00FAD30221FFF79EFFCBF30741FFF79AFFE5
:1047BC00CBF30721FFF796FF5FFA8BF1FFF792FF20
:1047CC0027B307EB040C013C0CF1FF3ACDF804C005
:1047DC0014F8011FFFF786FF5445F9D1DDF804C02A
:1047EC00D9F80030C8F8003062B62B682BB1002322
:1047FC0000BF01332A689342FAD3009BBB44644642
:10480C00DB1B0093AAD103B0BDE8F08FA446E7E709
:10481C00B4450020B84500200015002000014001DF
:10482C00041500207045002000C00042002A00F052
:10483C0092802DE9F04F804683B0DFF830A10D4611
:10484C00454F9346454E464C464A6368126843F0C2
:10485C007D535A45636028BF5A46DAF800309146BA
:10486C0043F00123404A43F48003126823EA020315
:10487C0023F0785343F0405072B620603A682AB166
:10488C00002100BF01313A689142FAD30321019310
:10489C00FFF728FFC8F30741FFF724FFC8F30721F0
:1048AC00FFF720FF5FFA88F1FFF71CFF6268019B9E
:1048BC0022F000626260B9F1000F4AD009EB0502E8
:1048CC0043F0485305F1FF3CCDF8049002F1FF3E54
:1048DC0008254FF00009236000BF00BF00BF00BFD8
:1048EC0000BF00BF00BF00BF00BF00BF00BFA1687A
:1048FC002060C1F3C06141EA490900BF00BF00BF9D
:10490C0000BF00BF00BF00BF00BF00BF00BF00BFA3
:10491C00013DE0D10CF8019FF445D9D1DDF80490AC
:10492C00DAF800302360636843F07D53636062B64D
:10493C0033682BB1002100BF013133689942FAD39F
:10494C00BBEB090BC84415467FF47EAF03B0BDE842
:10495C00F08F2A46E4E77047B4450020B8450020A4
:10496C0000C00042001500200415002070450020F6
:10497C002DE9F04F83B00092002A00F0AE80DFF8F2
:10498C0078B18946DFF874818246564E564D574CA5
:10499C006268574B42F07D521968009B62608B42F3
:1049AC00DBF8002028BF0B4642F00122514942F4AB
:1049BC008002096822EA010C2CF0785747F040502D
:1049CC0072B62060D8F8002032B1002100BF01314E
:1049DC00D8F800209142F9D30B210193FFF782FE06
:1049EC00CAF30741FFF77EFECAF30721FFF77AFEF1
:1049FC005FFA8AF1FFF776FE6268019B22F0006293
:104A0C006260326802B347F0485200219C46226033
:104A1C0000BF00BF00BF00BF00BF00BF00BF00BF92
:104A2C0000BF00BF00BF206000BF00BF00BF00BFC1
:104A3C0000BF00BF00BF00BF00BF00BF00BF0131FF
:104A4C0033688B42E3D86346002B49D003EB090251
:104A5C0009F1FF3E47F04857019302F1FF39082155
:104A6C004FF0000C276000BF00BF00BF00BF00BFAD
:104A7C0000BF00BF00BF00BF00BF00BFA368206025
:104A8C00C3F3C06343EA4C0C00BF00BF00BF00BFC0
:104A9C0000BF00BF00BF00BF00BF00BF00BF013997
:104AAC00E0D10EF801CFCE45D9D1019BDBF8001037
:104ABC002160616841F07D51616062B6296829B15D
:104ACC00002000BF013029688842FAD39146009A31
:104ADC009A44D31A00937FF45BAF03B0BDE8F08F18
:104AEC004A46E3E70C150020B845002000C0004200
:104AFC00001500200415002070450020B44500204E
:104B0C0000B507228E46DFF854C04EFA02F39B061E
:104B1C0003F08063034343F00071CCF80030CCF811
:104B2C00001000BF00BF00BF00BF00BF00BF00BF30
:104B3C0000BF00BF00BF00BF00BFCCF8003000BFFB
:104B4C0000BF00BF00BF00BF00BF00BF00BF00BF61
:104B5C0000BF00BF00BF013AD7D200BD00C0004269
:104B6C002DE9F04F83B00092002A5CD083460C46AE
:104B7C00DFF8D0902E4E2F4DDFF8CC802E4A009FC0
:104B8C001268D8F8043097422C4843F07D5328BF64
:104B9C0017462B4AC8F80430D9F80030116818436E
:104BAC0020EA010020F0785040F0405072B6C8F86E
:104BBC00000033682BB1002100BF013133689942EA
:104BCC00FAD30221FFF79CFFCBF30741FFF798FFC5
:104BDC00CBF30721FFF794FF5FFA8BF1FFF790FF00
:104BEC0027B307EB040C013C0CF1FF3ACDF804C0E1
:104BFC0014F8011FFFF784FF5445F9D1DDF804C008
:104C0C00D9F80030C8F8003062B62B682BB10023FD
:104C1C0000BF01332A689342FAD3009BBB4464461D
:104C2C00DB1B0093AAD103B0BDE8F08FA446E7E7E5
:104C3C00B4450020B84500200015002000014001BB
:104C4C00041500207045002000C00042002A00F02E
:104C5C0094802DE9F04F804683B0DFF834A10D46E7
:104C6C00464F9346464E474C474A6368126843F09A
:104C7C007D535A45636028BF5A46DAF80030914696
:104C8C0043F00123414A43F48003126823EA0203F0
:104C9C0023F0785343F0405072B620603A682AB142
:104CAC00002100BF01313A689142FAD303210193EC
:104CBC00FFF726FFC8F30741FFF722FFC8F30721D0
:104CCC00FFF71EFF5FFA88F1FFF71AFF6268019B7E
:104CDC0022F000626260B9F1000F4CD009EB0502C2
:104CEC0043F0485305F1FF3CCDF8049002F1FF3E30
:104CFC0008254FF00009236000BF00BF00BF00BFB4
:104D0C0000BF00BF00BF00BF00BF00BF00BF00BF9F
:104D1C00A1682060C1F3C06141EA490900BF00BF2E
:104D2C0000BF00BF00BF00BF00BF00BF00BF00BF7F
:104D3C0000BF00BF013DDED10CF8019FF445D7D177
:104D4C00DDF80490DAF800302360636843F07D539B
:104D5C00636062B633682BB1002100BF0131336848
:104D6C009942FAD3BBEB090BC84415467FF47CAFD0
:104D7C0003B0BDE8F08F2A46E4E77047B445002045
:104D8C00B845002000C0004200150020041500208A
:104D9C00704500202DE9F04F83B00092002A00F0FE
:104DAC00B280DFF880B18946DFF87C818246584EAC
:104DBC00584D594C6268594B42F07D521968009B12
:104DCC0062608B42DBF8002028BF0B4642F00122C8
:104DDC00534942F48002096822EA010C2CF07857FE
:104DEC0047F0405072B62060D8F8002032B1002154
:104DFC0000BF0131D8F800209142F9D30B21019367
:104E0C00FFF77EFECAF30741FFF77AFECAF30721CC
:104E1C00FFF776FE5FFA8AF1FFF772FE6268019B7C
:104E2C0022F000626260326812B347F048520021EF
:104E3C009C46226000BF00BF00BF00BF00BF00BF88
:104E4C0000BF00BF00BF00BF00BF00BF206000BF9D
:104E5C0000BF00BF00BF00BF00BF00BF00BF00BF4E
:104E6C0000BF00BF00BF013133688B42E1D86346FD
:104E7C00002B4BD003EB090209F1FF3E47F04857DA
:104E8C00019302F1FF3908214FF0000C276000BF9D
:104E9C0000BF00BF00BF00BF00BF00BF00BF00BF0E
:104EAC0000BF00BF00BFA3682060C3F3C06343EA28
:104EBC004C0C00BF00BF00BF00BF00BF00BF00BF55
:104ECC0000BF00BF00BF00BF00BF0139DED10EF82C
:104EDC0001CFCE45D7D1019BDBF800102160616872
:104EEC0041F07D51616062B6296829B1002000BF94
:104EFC00013029688842FAD39146009A9A44D31A11
:104F0C0000937FF457AF03B0BDE8F08F4A46E3E758
:104F1C000C150020B845002000C0004200150020F0
:104F2C000415002070450020B445002000B5072270
:104F3C008E46DFF858C04EFA02F39B0603F08063EE
:104F4C00034343F00071CCF80030CCF8001000BFE4
:104F5C0000BF00BF00BF00BF00BF00BF00BF00BF4D
:104F6C0000BF00BF00BF00BFCCF8003000BF00BFC7
:104F7C0000BF00BF00BF00BF00BF00BF00BF00BF2D
:104F8C0000BF00BF00BF013AD5D200BD00C0004237
:104F9C002DE9F04F83B00092002A5CD083460C467A
:104FAC00DFF8D0902E4E2F4DDFF8CC802E4A009F8C
:104FBC001268D8F8043097422C4843F07D5328BF30
:104FCC0017462B4AC8F80430D9F80030116818433A
:104FDC0020EA010020F0785040F0405072B6C8F83A
:104FEC00000033682BB1002100BF013133689942B6
:104FFC00FAD30221FFF79AFFCBF30741FFF796FF95
:10500C00CBF30721FFF792FF5FFA8BF1FFF78EFFCF
:10501C0027B307EB040C013C0CF1FF3ACDF804C0AC
:10502C0014F8011FFFF782FF5445F9D1DDF804C0D5
:10503C00D9F80030C8F8003062B62B682BB10023C9
:10504C0000BF01332A689342FAD3009BBB446446E9
:10505C00DB1B0093AAD103B0BDE8F08FA446E7E7B1
:10506C00B4450020B8450020001500200001400187
:10507C00041500207045002000C00042002A00F0FA
:10508C0096802DE9F04F804683B0DFF838A10D46AD
:10509C00474F9346474E484C484A6368126843F062
:1050AC007D535A45636028BF5A46DAF80030914662
:1050BC0043F00123424A43F48003126823EA0203BB
:1050CC0023F0785343F0405072B620603A682AB10E
:1050DC00002100BF01313A689142FAD303210193B8
:1050EC00FFF724FFC8F30741FFF720FFC8F30721A0
:1050FC00FFF71CFF5FFA88F1FFF718FF6268019B4E
:10510C0022F000626260B9F1000F4ED009EB05028B
:10511C0043F0485305F1FF3CCDF8049002F1FF3EFB
:10512C0008254FF00009236000BF00BF00BF00BF7F
:10513C0000BF00BF00BF00BF00BF00BF00BF00BF6B
:10514C0000BFA1682060C1F3C06141EA490900BFFA
:10515C0000BF00BF00BF00BF00BF00BF00BF00BF4B
:10516C0000BF00BF00BF00BF013DDCD10CF8019FA8
:10517C00F445D5D1DDF80490DAF80030236063688B
:10518C0043F07D53636062B633682BB1002100BFDE
:10519C00013133689942FAD3BBEB090BC84415466D
:1051AC007FF47AAF03B0BDE8F08F2A46E4E770478E
:1051BC00B4450020B845002000C000420015002076
:1051CC0004150020704500202DE9F04F83B00192AA
:1051DC00002A00F0B480DFF884B18946DFF88081C2
:1051EC008246594E594D5A4C5A4A01991268636875
:1051FC008A4243F07D5328BF0A4600926360DBF875
:10520C000030554A43F00123126843F4800323EA2B
:10521C00020323F0785747F0405072B62060D8F85C
:10522C00002032B1002100BF0131D8F80030994282
:10523C00F9D30B21FFF77AFECAF30741FFF776FE8D
:10524C00CAF30721FFF772FE5FFA8AF1FFF76EFED1
:10525C00626822F000626260326812B347F0485311
:10526C000021236000BF00BF00BF00BF00BF00BF14
:10527C0000BF00BF00BF00BF00BF00BF00BF206069
:10528C0000BF00BF00BF00BF00BF00BF00BF00BF1A
:10529C0000BF00BF00BF00BF00BF013132688A42AF
:1052AC00DFD8009B002B4DD0009B09F1FF3E47F04F
:1052BC00485703EB090202F1FF3908214FF0000CAB
:1052CC00276000BF00BF00BF00BF00BF00BF00BF12
:1052DC0000BF00BF00BF00BF00BF00BFA3682060BD
:1052EC00C3F3C06343EA4C0C00BF00BF00BF00BF58
:1052FC0000BF00BF00BF00BF00BF00BF00BF00BFAA
:10530C0000BF0139DCD10EF801CFCE45D5D1DBF889
:10531C0000302360636843F07D53636062B62B6892
:10532C002BB1002100BF01312B689942FAD3009BAD
:10533C009146019A9A44D31A01937FF455AF03B066
:10534C00BDE8F08F4A46E2E70C150020B845002076
:10535C0000C00042001500200415002070450020FC
:10536C00B4450020002A00F0E2802DE9F04F92466F
:10537C0083B08346DFF8CC91DFF8CC810A466C4FC2
:10538C006C4C63686C4943F07D53096863606B4BEC
:10539C0051451D6828BF5146694B45F001250E4605
:1053AC001B6845F4800525EA030525F0785572B68F
:1053BC002560D9F8003033B1002100BF0131D9F894
:1053CC0000309942F9D345F0605345F06851019291
:1053DC002360216000BF00BF00BF00BF236000BF7F
:1053EC0000BF00BF00BF45F0305345F0385123607B
:1053FC00216000BF00BF00BF00BF236000BF00BF23
:10540C0000BF00BFCBF3035345EA836343F0007145
:10541C002360216000BF00BF00BF00BF236000BF3E
:10542C0000BF00BF00BFCBF3034345EA836343F0E7
:10543C0000712360216000BF00BF00BF00BF23606C
:10544C0000BF00BF00BF00BFCBF303312846FCF701
:10545C00B5FDCBF303212846FCF7B0FDCBF30311CC
:10546C002846FCF7ABFD0BF00F012846FCF7A6FD18
:10547C006368019A23F070536360D8F800308BB1E5
:10548C0045F000700021206000BF00BF00BF00BFCE
:10549C00256000BF00BF00BF00BF0131D8F800304D
:1054AC008B42F0D8002E40D006EB020C45F0007178
:1054BC00013A0CF1FF30216000BF00BF00BF00BFFC
:1054CC00D4F808E0256000BF00BF00BF00BF21601A
:1054DC0000BF00BF00BF00BFA368256000BF00BFB6
:1054EC0000BF00BF4FEA9E6EC3F3836343EA0E1303
:1054FC0002F8013F8242DED1104B1B6823606368C7
:10550C0043F07D53636062B63B682BB1002300BF50
:10551C0001333A689342FAD3BAEB060AB3446246B3
:10552C007FF42FAF03B0BDE8F08F9446E4E77047EB
:10553C00B845002000C00042001500207045002036
:10554C0004150020B44500200815002000B50722E2
:10555C008E46DFF85CC04EFA02F39B0603F08063C4
:10556C00034343F00071CCF80030CCF8001000BFBE
:10557C0000BF00BF00BF00BF00BF00BF00BF00BF27
:10558C0000BF00BF00BF00BF00BFCCF8003000BFA1
:10559C0000BF00BF00BF00BF00BF00BF00BF00BF07
:1055AC0000BF00BF00BF00BF00BF013AD3D200BD97
:1055BC0000C000422DE9F04F83B00092002A5CD06D
:1055CC0083460C46DFF8D0902E4E2F4DDFF8CC8062
:1055DC002E4A009F1268D8F8043097422C4843F0AA
:1055EC007D5328BF17462B4AC8F80430D9F8003031
:1055FC001168184320EA010020F0785040F0405028
:10560C0072B6C8F8000033682BB1002100BF01311D
:10561C0033689942FAD30221FFF798FFCBF3074185
:10562C00FFF794FFCBF30721FFF790FF5FFA8BF1A5
:10563C00FFF78CFF27B307EB040C013C0CF1FF3A8E
:10564C00CDF804C014F8011FFFF780FF5445F9D1C1
:10565C00DDF804C0D9F80030C8F8003062B62B6809
:10566C002BB1002300BF01332A689342FAD3009B6D
:10567C00BB446446DB1B0093AAD103B0BDE8F08F9A
:10568C00A446E7E7B4450020B845002000150020EB
:10569C0000014001041500207045002000C00042AC
:1056AC00002A00F098802DE9F04F804683B0DFF897
:1056BC003CA10D46484F9346484E494C494A6368B5
:1056CC00126843F07D535A45636028BF5A46DAF896
:1056DC000030914643F00123434A43F4800312689F
:1056EC0023EA020323F0785343F0405072B6206053
:1056FC003A682AB1002100BF01313A689142FAD3CD
:10570C0003210193FFF722FFC8F30741FFF71EFFA8
:10571C00C8F30721FFF71AFF5FFA88F1FFF716FFAE
:10572C006268019B22F000626260B9F1000F50D0F8
:10573C0009EB050243F0485305F1FF3CCDF804900A
:10574C0002F1FF3E08254FF00009236000BF00BFA7
:10575C0000BF00BF00BF00BF00BF00BF00BF00BF45
:10576C0000BF00BF00BF00BFA1682060C1F3C061D3
:10577C0041EA490900BF00BF00BF00BF00BF00BF26
:10578C0000BF00BF00BF00BF00BF00BF00BF00BF15
:10579C00013DDAD10CF8019FF445D3D1DDF804902A
:1057AC00DAF800302360636843F07D53636062B6BF
:1057BC0033682BB1002100BF013133689942FAD311
:1057CC00BBEB090BC84415467FF478AF03B0BDE8BA
:1057DC00F08F2A46E4E77047B4450020B845002016
:1057EC0000C0004200150020041500207045002068
:1057FC002DE9F04F83B00192002A00F0B980DFF858
:10580C0090B18946DFF88C8182465C4E5C4D5D4CD4
:10581C005D4A0199126863688A4243F07D5328BF40
:10582C000A4600926360DBF80030584A43F00123CB
:10583C00126843F4800323EA020323F0785747F0FD
:10584C00405072B62060D8F8002032B1002100BF61
:10585C000131D8F800309942F9D30B21FFF776FECD
:10586C00CAF30741FFF772FECAF30721FFF76EFE7A
:10587C005FFA8AF1FFF76AFE626822F000626260EA
:10588C003268002A24D047F048530021236000BF1F
:10589C0000BF00BF00BF00BF00BF00BF00BF00BF04
:1058AC0000BF00BF00BF00BF00BF206000BF00BF33
:1058BC0000BF00BF00BF00BF00BF00BF00BF00BFE4
:1058CC0000BF00BF00BF00BF013132688A42DDD883
:1058DC00009B002B4FD0009B09F1FF3E47F048572F
:1058EC0003EB090202F1FF3908214FF0000C27608D
:1058FC0000BF00BF00BF00BF00BF00BF00BF00BFA4
:10590C0000BF00BF00BF00BF00BF00BFA368206086
:10591C00C3F3C06343EA4C0C00BF00BF00BF00BF21
:10592C0000BF00BF00BF00BF00BF00BF00BF00BF73
:10593C0000BF00BF0139DAD10EF801CFCE45D3D16B
:10594C00DBF800302360636843F07D53636062B61C
:10595C002B682BB1002100BF01312B689942FAD37F
:10596C00009B9146019A9A44D31A01937FF450AF4D
:10597C0003B0BDE8F08F4A46E2E700BF0C150020EB
:10598C00B845002000C0004200150020041500207E
:10599C0070450020B4450020002A00F0E0802DE97D
:1059AC00F04F914683B08346DFF8C4A1DFF8C48181
:1059BC000A466B4F6B4C63686B4943F07D53096827
:1059CC006360DAF800504945684B45F0012528BF63
:1059DC0049461B6845F480050E4625EA030525F06B
:1059EC00785572B62560D8F8003033B1002100BF6D
:1059FC000131D8F800309942F9D345F0406345F0B5
:105A0C00606101922360216000BF00BF00BF00BF36
:105A1C00236000BF00BF00BF00BF45F0005345F03E
:105A2C0008512360216000BF00BF00BF00BF23608E
:105A3C0000BF00BF00BF00BFCBF303512846FCF7EB
:105A4C00BDFACBF303412846FCF7B8FACBF303338A
:105A5C0045EA836343F000712360216000BF00BFFF
:105A6C0000BF00BF236000BF00BF00BF00BFCBF36F
:105A7C00032345EA836343F000712360216000BF78
:105A8C0000BF00BF00BF236000BF00BF00BF00BF4E
:105A9C00CBF3031345EA836343F000712360216069
:105AAC0000BF00BF00BF00BF236000BF00BF00BF2E
:105ABC0000BF0BF00F0345EA836343F000712360D2
:105ACC00216000BF00BF00BF00BF236000BF00BF4C
:105ADC0000BF00BF019A002E3FD0B018013A411E02
:105AEC0012F8013F1B0945EA836343F0007C2360F5
:105AFC00C4F800C000BF00BF00BF00BF236000BFE0
:105B0C0000BF00BF00BF137803F00F0345EA8363A7
:105B1C0043F0007C2360C4F800C000BF00BF00BF8E
:105B2C0000BF236000BF00BF00BF00BF8A42D7D1B7
:105B3C00DAF80030236062B63B682BB1002300BF5B
:105B4C0001333A689342FAD3B9EB0609B3440246DF
:105B5C007FF431AF03B0BDE8F08F1046E8E7704733
:105B6C00B845002000C0004200150020041500209C
:105B7C0070450020B445002000BF00BF00BF00BF2F
:105B8C0000BF00BF00BF00BF704700BF38B540EA80
:105B9C008164084D44F000732C602B6000BF00BF83
:105BAC0000BFFFF7E9FF2C6000BF00BF00BFFFF78D
:105BBC00E3FF38BD00C0004238B540EA8164074DB0
:105BCC0044F000732C602B6000BF00BFFFF7D4FFC4
:105BDC002C6000BF00BFFFF7CFFF38BD00C00042F4
:105BEC002DE9F04F83B00092002A00F0EF8082463E
:105BFC008B46DFF8F8917848784E794D794C7A4B92
:105C0C00009F1B6862689F4242F07D5228BF1F466E
:105C1C006260D9F80030026843F0012343F480033A
:105C2C0023EA020323F0785872B6C4F80080326875
:105C3C002AB1002100BF013133689942FAD348F0F0
:105C4C00406248F06061226001922160FFF794FF8E
:105C5C00019A2260FFF790FF48F0005248F008517B
:105C6C00226001922160FFF787FF019A2260FFF703
:105C7C0083FFCAF3035248EA826242F00071226049
:105C8C0001922160FFF778FF019A2260FFF774FF01
:105C9C00CAF3034248EA826242F000712260019228
:105CAC002160FFF769FF019A2260FFF765FFCAF3D5
:105CBC00033248EA826242F0007122600192216054
:105CCC00FFF75AFF019A2260FFF756FFCAF303222F
:105CDC0048EA826242F00071226001922160FFF773
:105CEC004BFF019A2260FFF747FFCAF3031248EA01
:105CFC00826242F00071226001922160FFF73CFF4A
:105D0C00019A2260FFF738FF0AF00F0248EA82621C
:105D1C0042F00071226001922160FFF72DFF019A81
:105D2C002260FFF729FF2C48002F52D007EB0B0104
:105D3C000BF1FF3B01F1FF3C1BF8013F1B0948EA4B
:105D4C00836343F000722360226000BF00BF00BF7A
:105D5C0000BF00BF00BF00BF00BF236000BF00BF7B
:105D6C0000BF00BF00BF00BF00BF00BF9BF80030EA
:105D7C0003F00F0348EA836343F000722360226050
:105D8C0000BF00BF00BF00BF00BF00BF00BF00BF0F
:105D9C00236000BF00BF00BF00BF00BF00BF00BF3B
:105DAC0000BFE345C8D1D9F80030236062B62B6838
:105DBC002BB1002200BF01322B689A42FAD3009B10
:105DCC00BA448B46DB1B00937FF419AF03B0BDE8DC
:105DDC00F08F5946E7E700BF04150020B4450020BA
:105DEC00B845002000C0004200150020704500207E
:105DFC00002A00F018812DE9F04F824683B08B46C3
:105E0C00DFF83C82884F894E894C6368894943F09E
:105E1C007D5309686360884B91421D6828BF114609
:105E2C00864B45F0012589461B6845F4800525EA1B
:105E3C00030525F0785572B62560D8F8003033B1DB
:105E4C00002100BF0131D8F800309942F9D345F058
:105E5C00605345F068510192236000932160FFF775
:105E6C008BFE009B2360FFF787FE45F0305345F017
:105E7C003851236000932160FFF77EFE009B236066
:105E8C00FFF77AFECAF3035345EA836343F00071CC
:105E9C00236000932160FFF76FFE009B2360FFF7E8
:105EAC006BFECAF3034345EA836343F0007123603E
:105EBC0000932160FFF760FE009B2360FFF75CFE00
:105ECC00CAF3033345EA836343F000712360009304
:105EDC002160FFF751FE009B2360FFF74DFECAF3D4
:105EEC00032345EA836343F0007123600093216030
:105EFC00FFF742FE009B2360FFF73EFECAF303133D
:105F0C0045EA836343F00071236000932160FFF73F
:105F1C0033FE009B2360FFF72FFE0AF00F0345EAC8
:105F2C00836343F00071236000932160FFF724FE2C
:105F3C00009B2360FFF720FE6368019A23F07053E7
:105F4C0063603B68C3B145F000700021206000BF66
:105F5C0000BF00BF00BF00BF00BF00BF00BF256077
:105F6C0000BF00BF00BF00BF00BF00BF00BF00BF2D
:105F7C0001313B688B42E9D8B9F1000F51D009EBE4
:105F8C000B0045F000710BF1FF3B00F1FF3C216071
:105F9C0000BF00BF00BF00BF00BF00BF00BF00BFFD
:105FAC00D4F808E0256000BF00BF00BF00BF00BFF1
:105FBC0000BF00BF00BF216000BF00BF00BF00BF1B
:105FCC0000BF00BF00BF00BFA368256000BF00BFBB
:105FDC0000BF00BF00BF00BF00BF00BF4FEA9E6EF6
:105FEC00C3F3836343EA0E130BF8013FE345CED1B1
:105FFC00114B1B682360636843F07D53636062B68A
:10600C0033682BB1002100BF013133689942FAD3B8
:10601C00B2EB0902CA4483467FF4F7AE03B0BDE885
:10602C00F08F5846E4E7704708150020B84500206B
:10603C0000C000420015002070450020041500200F
:10604C00B4450020F8B507460E460724144D46FA11
:10605C0004F39B0603F080633B4343F000722B6018
:10606C002A6000BF00BF00BF00BF00BF00BF00BF61
:10607C0000BF00BF00BF00BF00BF00BF00BF00BF1C
:10608C0000BF2B6000BF00BF00BF00BF00BF00BF40
:10609C0000BF00BFFFF770FD013CD8D2F8BD00BFB8
:1060AC0000C000422DE9F04F85B00192002A64D067
:1060BC0080460C46DFF8DCA0DFF8DCB0314EDFF8B0
:1060CC00DC90314A01991268D9F804308A422F4D7C
:1060DC0043F07D5328BF0A462D49C9F80430DAF83D
:1060EC00003009681D4325EA010525F0785545F077
:1060FC00405572B6C9F80050DBF8003033B10023BC
:10610C0000BF0133DBF800108B42F9D30221284683
:10611C000292FFF797FFC8F307412846FFF792FF5B
:10612C00C8F307212846FFF78DFF28465FFA88F150
:10613C00FFF788FF029A1AB31019671E441ECDE9A7
:10614C00022017F8011F2846FFF77CFFA742F8D161
:10615C00DDE90220DAF80030C9F8003062B63368A5
:10616C002BB1002300BF013331688B42FAD3019B62
:10617C00904404469B1A0193A3D105B0BDE8F08F5F
:10618C002046E7E7B845002000150020000140013B
:10619C000415002070450020B445002000C00042CA
:1061AC00002A00F0A1802DE9F04F804683B0DFF883
:1061BC0050A10D464D4F93464D4E4E4C4E4A636882
:1061CC00126843F07D535A45636028BF5A46DAF88B
:1061DC000030914643F00123484A43F4800312688F
:1061EC0023EA020323F0785343F0405072B6206048
:1061FC003A682AB1002100BF01313A689142FAD3C2
:10620C00032101930090FFF71DFFC8F3074100988D
:10621C00FFF718FFC8F307210098FFF713FF00984A
:10622C005FFA88F1FFF70EFF626822F00062DDE989
:10623C0000036260B9F1000F54D009EB050243F082
:10624C00485305F1FF3CCDF8009002F1FF3E0825C4
:10625C004FF00009236000BF00BF00BF00BF00BFAC
:10626C0000BF00BF00BF00BF00BF00BF00BF00BF2A
:10627C0000BF00BF00BFA1682060C1F3C06141EA4C
:10628C00490900BF00BF00BF00BF00BF00BF00BF77
:10629C0000BF00BF00BF00BF00BF00BF00BF00BFFA
:1062AC0000BF013DD6D10CF8019FF445CFD1DDF8EC
:1062BC000090DAF800302360636843F07D5363602C
:1062CC0062B633682BB1002100BF013133689942AB
:1062DC00FAD3BBEB090BC84415467FF46FAF03B080
:1062EC00BDE8F08F2A46E4E7704700BFB4450020B4
:1062FC00B845002000C00042001500200415002005
:10630C00704500202DE9F04F85B00192002A00F075
:10631C00CE8080460B46DFF8B4B1DFF8B491664FFF
:10632C00664E674C62686749019842F07D52096875
:10633C0062608842DBF8002028BF084642F0012248
:10634C00614942F480028246096822EA010222F085
:10635C00785242F0405572B62560D9F8001031B130
:10636C00002000BF0130D9F800108842F9D30B216E
:10637C002846CDE90223FFF765FEC8F307412846FE
:10638C00FFF760FEC8F307212846FFF75BFE28469F
:10639C005FFA88F1FFF756FE616821F000616160D9
:1063AC003968DDE9022300292AD042F04851002047
:1063BC009C46216000BF00BF00BF00BF00BF00BFF4
:1063CC0000BF00BF00BF00BF00BF00BF00BF00BFC9
:1063DC0000BF00BF256000BF00BF00BF00BF00BFF3
:1063EC0000BF00BF00BF00BF00BF00BF00BF00BFA9
:1063FC0000BF00BF00BF01303B688342D9D8634661
:10640C00BAF1000F56D042F048500AEB030203F1E8
:10641C00FF3CCDF808A002F1FF3E08214FF0000A26
:10642C00206000BF00BF00BF00BF00BF00BF00BFA7
:10643C0000BF00BF00BF00BF00BF00BF00BF00BF58
:10644C0000BFA3682560C3F3C06343EA4A0A00BFD8
:10645C0000BF00BF00BF00BF00BF00BF00BF00BF38
:10646C0000BF00BF00BF00BF00BF00BF00BF0139AD
:10647C00D6D10CF801AFF445CFD1DDF808A0DBF88C
:10648C0000302360636843F07D53636062B6336809
:10649C002BB1002100BF013133689942FAD3134666
:1064AC00019AD044B2EB0A0201927FF43BAF05B0E3
:1064BC00BDE8F08F1A46E2E70C150020B845002025
:1064CC0000C000420015002004150020704500207B
:1064DC00B4450020F8B507460E460724164D46FA7B
:1064EC0004F39B0603F080633B4343F000722B6084
:1064FC002A6000BF00BF00BF00BF00BF00BF00BFCD
:10650C0000BF00BF00BF00BF00BF00BF00BF00BF87
:10651C0000BF00BF00BF2B6000BF00BF00BF00BFAB
:10652C0000BF00BF00BF00BF00BF00BFFFF724FBD0
:10653C00013CD4D2F8BD00BF00C000422DE9F04FA1
:10654C0085B00192002A64D080460C46DFF8DCA0AE
:10655C00DFF8DCB0314EDFF8DC90314A019912687B
:10656C00D9F804308A422F4D43F07D5328BF0A4698
:10657C002D49C9F80430DAF8003009681D4325EAC2
:10658C00010525F0785545F0405572B6C9F8005014
:10659C00DBF8003033B1002300BF0133DBF800100F
:1065AC008B42F9D3022128460292FFF793FFC8F3DE
:1065BC0007412846FFF78EFFC8F307212846FFF74F
:1065CC0089FF28465FFA88F1FFF784FF029A1AB315
:1065DC001019671E441ECDE9022017F8011F28462A
:1065EC00FFF778FFA742F8D1DDE90220DAF8003096
:1065FC00C9F8003062B633682BB1002300BF0133F9
:10660C0031688B42FAD3019B904404469B1A019348
:10661C00A3D105B0BDE8F08F2046E7E7B8450020D0
:10662C0000150020000140010415002070450020D9
:10663C00B445002000C00042002A00F0A5802DE9DE
:10664C00F04F804683B0DFF858A10D464F4F93466C
:10665C004F4E504C504A6368126843F07D535A4574
:10666C00636028BF5A46DAF80030914643F00123A4
:10667C004A4A43F48003126823EA020323F0785356
:10668C0043F0405072B620603A682AB1002100BF36
:10669C0001313A689142FAD3032101930090FFF73C
:1066AC0019FFC8F307410098FFF714FFC8F307213F
:1066BC000098FFF70FFF00985FFA88F1FFF70AFFC9
:1066CC00626822F00062DDE900036260B9F1000F3C
:1066DC0058D009EB050243F0485305F1FF3CCDF8C7
:1066EC00009002F1FF3E08254FF00009236000BF27
:1066FC0000BF00BF00BF00BF00BF00BF00BF00BF96
:10670C0000BF00BF00BF00BF00BF00BF00BF00BF85
:10671C0000BFA1682060C1F3C06141EA490900BF14
:10672C0000BF00BF00BF00BF00BF00BF00BF00BF65
:10673C0000BF00BF00BF00BF00BF00BF00BF00BF55
:10674C0000BF013DD2D10CF8019FF445CBD1DDF84F
:10675C000090DAF800302360636843F07D53636087
:10676C0062B633682BB1002100BF01313368994206
:10677C00FAD3BBEB090BC84415467FF46BAF03B0DF
:10678C00BDE8F08F2A46E4E7704700BFB44500200F
:10679C00B845002000C00042001500200415002060
:1067AC00704500202DE9F04F85B00192002A00F0D1
:1067BC00D1808046DFF8BCB1DFF8BC918A46684FC7
:1067CC00684E694C6268694B019942F07D521B68B6
:1067DC0062608B42DBF8002028BF0B4642F001229E
:1067EC00634942F48002096822EA010222F07852DD
:1067FC0042F0405572B62560D9F8001031B1002036
:10680C0000BF0130D9F800108842F9D30B2128467B
:10681C00CDE90232FFF75EFEC8F307412846FFF7C9
:10682C0059FEC8F307212846FFF754FE28465FFAA5
:10683C0088F1FFF74FFE616821F0006161603968F3
:10684C00DDE9023200292ED042F0485100209C464E
:10685C00216000BF00BF00BF00BF00BF00BF00BF72
:10686C0000BF00BF00BF00BF00BF00BF00BF00BF24
:10687C0000BF00BF00BF256000BF00BF00BF00BF4E
:10688C0000BF00BF00BF00BF00BF00BF00BF00BF04
:10689C0000BF00BF00BF00BF00BF00BF01303B689E
:1068AC008342D5D86346002B57D042F0485003EBB7
:1068BC000A020AF1FF3C029302F1FF3E08214FF05D
:1068CC00000A206000BF00BF00BF00BF00BF00BFB8
:1068DC0000BF00BF00BF00BF00BF00BF00BF00BFB4
:1068EC0000BF00BF00BF00BFA3682560C3F3C06337
:1068FC0043EA4A0A00BF00BF00BF00BF00BF00BF91
:10690C0000BF00BF00BF00BF00BF00BF00BF00BF83
:10691C0000BF00BF00BF00BF0139D2D10CF801AFDE
:10692C00F445CBD1029BDBF800102160616841F08B
:10693C007D51616062B6316829B1002000BF013021
:10694C0031688842FAD39246019A9844D31A01933B
:10695C007FF438AF05B0BDE8F08F5246E3E700BFD7
:10696C000C150020B845002000C000420015002086
:10697C000415002070450020B44500202DE9F04F8F
:10698C0083B00092002A00F0038182468B46DFF828
:10699C0020928248824E834D834C844B009F1B680F
:1069AC0062689F4242F07D5228BF1F466260D9F850
:1069BC000030026843F0012343F4800323EA02030E
:1069CC0023F0785872B6C4F8008032682AB10021DE
:1069DC0000BF013133689942FAD348F0406248F065
:1069EC00606122600192216000BFFFF7C5F8019A37
:1069FC00226000BFFFF7C0F848F0005248F0085181
:106A0C0022600192216000BFFFF7B6F8019A226064
:106A1C0000BFFFF7B1F8CAF3035248EA826242F0B2
:106A2C00007122600192216000BFFFF7A5F8019A66
:106A3C00226000BFFFF7A0F8CAF3034248EA826263
:106A4C0042F0007122600192216000BFFFF794F8C0
:106A5C00019A226000BFFFF78FF8CAF3033248EAAD
:106A6C00826242F0007122600192216000BFFFF748
:106A7C0083F8019A226000BFFFF77EF8CAF3032265
:106A8C0048EA826242F0007122600192216000BFEC
:106A9C00FFF772F8019A226000BFFFF76DF8CAF396
:106AAC00031248EA826242F0007122600192216076
:106ABC0000BFFFF761F8019A226000BFFFF75CF896
:106ACC000AF00F0248EA826242F0007122600192E1
:106ADC00216000BFFFF750F8019A226000BFFFF75A
:106AEC004BF82E48002F56D007EB0B010BF1FF3B58
:106AFC0001F1FF3C1BF8013F1B0948EA836343F09B
:106B0C0000722360226000BF00BF00BF00BF00BF47
:106B1C0000BF00BF00BF00BF236000BF00BF00BFAD
:106B2C0000BF00BF00BF00BF00BF00BF9BF800301C
:106B3C0003F00F0348EA836343F000722360226082
:106B4C0000BF00BF00BF00BF00BF00BF00BF00BF41
:106B5C0000BF236000BF00BF00BF00BF00BF00BF6D
:106B6C0000BF00BF00BFE345C4D1D9F8003023609B
:106B7C0062B62B682BB1002200BF01322B689A42FF
:106B8C00FAD3009BBA448B46DB1B00937FF405AF12
:106B9C0003B0BDE8F08F5946E7E700BF04150020AD
:106BAC00B4450020B845002000C00042001500206C
:106BBC0070450020002A00F02E812DE9F04F82460E
:106BCC0083B08B46DFF86882934F944E944C636885
:106BDC00944943F07D5309686360934B91421D685F
:106BEC0028BF1146914B45F0012589461B6845F499
:106BFC00800525EA030525F0785572B62560D8F88E
:106C0C00003033B1002100BF0131D8F80030994277
:106C1C00F9D345F0605345F068510192236000931D
:106C2C00216000BFFEF7A8FF009B236000BFFEF7AA
:106C3C00A3FF45F0305345F0385123600093216099
:106C4C0000BFFEF799FF009B236000BFFEF794FF87
:106C5C00CAF3035345EA836343F000712360009346
:106C6C00216000BFFEF788FF009B236000BFFEF78A
:106C7C0083FFCAF3034345EA836343F00071236047
:106C8C000093216000BFFEF777FF009B236000BFDD
:106C9C00FEF772FFCAF3033345EA836343F00071D6
:106CAC0023600093216000BFFEF766FF009B23600A
:106CBC0000BFFEF761FFCAF3032345EA836343F089
:106CCC00007123600093216000BFFEF755FF009B0D
:106CDC00236000BFFEF750FFCAF3031345EA83633A
:106CEC0043F0007123600093216000BFFEF744FF66
:106CFC00009B236000BFFEF73FFF0AF00F0345EA3D
:106D0C00836343F0007123600093216000BFFEF7A2
:106D1C0033FF009B236000BFFEF72EFF6368019AD0
:106D2C0023F0705363603B68D3B145F000700021D1
:106D3C00206000BF00BF00BF00BF00BF00BF00BF8E
:106D4C0000BF00BF256000BF00BF00BF00BF00BF79
:106D5C0000BF00BF00BF00BF01313B688B42E7D8CA
:106D6C00B9F1000F55D009EB0B0045F000710BF198
:106D7C00FF3B00F1FF3C216000BF00BF00BF00BF24
:106D8C0000BF00BF00BF00BF00BFD4F808E0256003
:106D9C0000BF00BF00BF00BF00BF00BF00BF00BFEF
:106DAC0000BF216000BF00BF00BF00BF00BF00BF1D
:106DBC0000BF00BF00BFA368256000BF00BF00BFBD
:106DCC0000BF00BF00BF00BF00BF00BF4FEA9E6EF8
:106DDC00C3F3836343EA0E130BF8013FE345CAD1B7
:106DEC00114B1B682360636843F07D53636062B68C
:106DFC0033682BB1002100BF013133689942FAD3BB
:106E0C00B2EB0902CA4483467FF4E1AE03B0BDE89D
:106E1C00F08F5846E4E7704708150020B84500206D
:106E2C0000C0004200150020704500200415002011
:106E3C00B44500202DE9F04180460F460725164E3B
:106E4C0047FA05F4A40604F0806444EA080444F00C
:106E5C0000733460336000BF00BF00BF00BF00BFD1
:106E6C0000BF00BF00BF00BF00BF00BF00BFFEF7E8
:106E7C0083FE346000BF00BF00BF00BF00BF00BF77
:106E8C0000BF00BF00BF00BF00BF00BFFEF774FE15
:106E9C00013DD5D2BDE8F08100C000422DE9F04F94
:106EAC0085B00192002A64D080460C46DFF8DCA045
:106EBC00DFF8DCB0314EDFF8DC90314A0199126812
:106ECC00D9F804308A422F4D43F07D5328BF0A462F
:106EDC002D49C9F80430DAF8003009681D4325EA59
:106EEC00010525F0785545F0405572B6C9F80050AB
:106EFC00DBF8003033B1002300BF0133DBF80010A6
:106F0C008B42F9D3022128460292FFF793FFC8F374
:106F1C0007412846FFF78EFFC8F307212846FFF7E5
:106F2C0089FF28465FFA88F1FFF784FF029A1AB3AB
:106F3C001019671E441ECDE9022017F8011F2846C0
:106F4C00FFF778FFA742F8D1DDE90220DAF800302C
:106F5C00C9F8003062B633682BB1002300BF01338F
:106F6C0031688B42FAD3019B904404469B1A0193DF
:106F7C00A3D105B0BDE8F08F2046E7E7B845002067
:106F8C000015002000014001041500207045002070
:106F9C00B445002000C00042002A00F0A9802DE971
:106FAC00F04F804683B0DFF860A10D46514F9346F9
:106FBC00514E524C524A6368126843F07D535A4505
:106FCC00636028BF5A46DAF80030914643F001233B
:106FDC004C4A43F48003126823EA020323F07853EB
:106FEC0043F0405072B620603A682AB1002100BFCD
:106FFC0001313A689142FAD3032101930090FFF7D3
:10700C0019FFC8F307410098FFF714FFC8F30721D5
:10701C000098FFF70FFF00985FFA88F1FFF70AFF5F
:10702C00626822F00062DDE900036260B9F1000FD2
:10703C005CD009EB050243F0485305F1FF3CCDF859
:10704C00009002F1FF3E08254FF00009236000BFBD
:10705C0000BF00BF00BF00BF00BF00BF00BF00BF2C
:10706C0000BF00BF00BF00BF00BF00BF00BF00BF1C
:10707C0000BF00BF00BFA1682060C1F3C06141EA3E
:10708C00490900BF00BF00BF00BF00BF00BF00BF69
:10709C0000BF00BF00BF00BF00BF00BF00BF00BFEC
:1070AC0000BF00BF00BF00BF00BF013DCED10CF838
:1070BC00019FF445C7D1DDF80090DAF80030236069
:1070CC00636843F07D53636062B633682BB1002173
:1070DC0000BF013133689942FAD3BBEB090BC844AA
:1070EC0015467FF467AF03B0BDE8F08F2A46E4E79E
:1070FC00704700BFB4450020B845002000C00042D6
:10710C000015002004150020704500202DE9F04FDB
:10711C0085B00192002A00F0DE8080460B46DFF835
:10712C00D4B1DFF8D4916E4F6E4E6F4C62686F49DC
:10713C00019842F07D52096862608842DBF80020B9
:10714C0028BF084642F00122694942F48002824677
:10715C00096822EA010222F0785242F0405572B6D8
:10716C002560D9F8001031B1002000BF0130D9F8EA
:10717C0000108842F9D30B212846CDE90223FFF7F2
:10718C0059FEC8F307412846FFF754FEC8F3072100
:10719C002846FFF74FFE28465FFA88F1FFF74AFEB4
:1071AC00616821F0006161603968DDE90223002922
:1071BC0032D042F0485100209C46216000BF00BFF5
:1071CC0000BF00BF00BF00BF00BF00BF00BF00BFBB
:1071DC0000BF00BF00BF00BF00BF00BF00BF00BFAB
:1071EC0000BF00BF256000BF00BF00BF00BF00BFD5
:1071FC0000BF00BF00BF00BF00BF00BF00BF00BF8B
:10720C0000BF00BF00BF00BF00BF00BF00BF013008
:10721C003B688342D1D86346BAF1000F5ED042F08E
:10722C0048500AEB030203F1FF3CCDF808A002F131
:10723C00FF3E08214FF0000A206000BF00BF00BFD6
:10724C0000BF00BF00BF00BF00BF00BF00BF00BF3A
:10725C0000BF00BF00BF00BF00BF00BF00BF00BF2A
:10726C0000BFA3682560C3F3C06343EA4A0A00BFAA
:10727C0000BF00BF00BF00BF00BF00BF00BF00BF0A
:10728C0000BF00BF00BF00BF00BF00BF00BF00BFFA
:10729C0000BF00BF00BF0139CED10CF801AFF445DF
:1072AC00C7D1DDF808A0DBF800302360636843F039
:1072BC007D53636062B633682BB1002100BF01318E
:1072CC0033689942FAD31346019AD044B2EB0A02BE
:1072DC0001927FF42BAF05B0BDE8F08F1A46E2E7C0
:1072EC000C150020B845002000C0004200150020FD
:1072FC000415002070450020B44500202DE9F04114
:10730C0080460F4607251A4E47FA05F4A40604F0EA
:10731C00806444EA080444F000733460336000BFB6
:10732C0000BF00BF00BF00BF00BF00BF00BF00BF59
:10733C0000BF00BF00BF00BF00BF00BF00BFFEF713
:10734C001BFC346000BF00BF00BF00BF00BF00BF0C
:10735C0000BF00BF00BF00BF00BF00BF00BF00BF29
:10736C0000BF00BFFEF708FC013DCDD2BDE8F081A7
:10737C0000C000422DE9F04F85B00192002A64D084
:10738C0080460C46DFF8DCA0DFF8DCB0314EDFF8CD
:10739C00DC90314A01991268D9F804308A422F4D99
:1073AC0043F07D5328BF0A462D49C9F80430DAF85A
:1073BC00003009681D4325EA010525F0785545F094
:1073CC00405572B6C9F80050DBF8003033B10023D9
:1073DC0000BF0133DBF800108B42F9D302212846A1
:1073EC000292FFF78BFFC8F307412846FFF786FF91
:1073FC00C8F307212846FFF781FF28465FFA88F17A
:10740C00FFF77CFF029A1AB31019671E441ECDE9D0
:10741C00022017F8011F2846FFF770FFA742F8D18A
:10742C00DDE90220DAF80030C9F8003062B63368C2
:10743C002BB1002300BF013331688B42FAD3019B7F
:10744C00904404469B1A0193A3D105B0BDE8F08F7C
:10745C002046E7E7B8450020001500200001400158
:10746C000415002070450020B445002000C00042E7
:10747C00002A00F0B1802DE9F04F804683B0DFF890
:10748C0070A10D46554F9346554E564C564A63685F
:10749C00126843F07D535A45636028BF5A46DAF8A8
:1074AC000030914643F00123504A43F480031268A4
:1074BC0023EA020323F0785343F0405072B6206065
:1074CC003A682AB1002100BF01313A689142FAD3DF
:1074DC00032101930090FFF711FFC8F307410098B7
:1074EC00FFF70CFFC8F307210098FFF707FF009880
:1074FC005FFA88F1FFF702FF626822F00062DDE9B3
:10750C0000036260B9F1000F64D009EB050243F08F
:10751C00485305F1FF3CCDF8009002F1FF3E0825E1
:10752C004FF00009236000BF00BF00BF00BF00BFC9
:10753C0000BF00BF00BF00BF00BF00BF00BF00BF47
:10754C0000BF00BF00BF00BF00BF00BF00BF00BF37
:10755C0000BF00BF00BFA1682060C1F3C06141EA59
:10756C00490900BF00BF00BF00BF00BF00BF00BF84
:10757C0000BF00BF00BF00BF00BF00BF00BF00BF07
:10758C0000BF00BF00BF00BF00BF00BF00BF00BFF7
:10759C0000BF013DC6D10CF8019FF445BFD1DDF809
:1075AC000090DAF800302360636843F07D53636029
:1075BC0062B633682BB1002100BF013133689942A8
:1075CC00FAD3BBEB090BC84415467FF45FAF03B08D
:1075DC00BDE8F08F2A46E4E7704700BFB4450020B1
:1075EC00B845002000C00042001500200415002002
:1075FC0070450020002A00F0F6802DE9F04F8046FF
:10760C0085B0DFF8F8B18A46DFF8F491764F774E03
:10761C00774C78496368096843F07D53914228BFE1
:10762C00114601916360DBF80030734943F001238C
:10763C00096843F4800323EA010323F0785545F0ED
:10764C00405072B62060D9F8001041B14FF0000CD8
:10765C0000BF0CF1010CD9F800309C45F8D30B217C
:10766C0003920290FFF74AFEC8F307410298FFF716
:10767C0045FEC8F307210298FFF740FE02985FFA17
:10768C0088F1FFF73BFE616821F0006161603968A9
:10769C00DDE9020200293AD045F048534FF0000CC6
:1076AC00236000BF00BF00BF00BF00BF00BF00BF12
:1076BC0000BF00BF00BF00BF00BF00BF00BF00BFC6
:1076CC0000BF00BF00BF00BF00BF00BF00BF00BFB6
:1076DC0000BF206000BF00BF00BF00BF00BF00BFE5
:1076EC0000BF00BF00BF00BF00BF00BF00BF00BF96
:1076FC0000BF00BF00BF00BF00BF00BF00BF00BF86
:10770C0000BF00BF0CF1010C39686145C8D8019B62
:10771C00002B66D0019B0AF1FF3E45F04855CDF891
:10772C000880534403F1FF3A4FF0080C4FF0000867
:10773C00256000BF00BF00BF00BF00BF00BF00BF7F
:10774C0000BF00BF00BF00BF00BF00BF00BF00BF35
:10775C0000BF00BF00BF00BF00BF00BF00BF00BF25
:10776C0000BFA1682060C1F3C06141EA480800BFB6
:10777C0000BF00BF00BF00BF00BF00BF00BF00BF05
:10778C0000BF00BF00BF00BF00BF00BF00BF00BFF5
:10779C0000BF00BF00BF00BF00BF00BF00BFBCF1F7
:1077AC00010CC5D10EF8018FD645BDD1DDF808808E
:1077BC00DBF800102160616841F07D51616062B6B8
:1077CC00316829B1002000BF013031688842FAD3FA
:1077DC0001999A46521A88447FF41BAF05B0BDE854
:1077EC00F08F5346E4E770470C150020B845002095
:1077FC0000C0004200150020041500207045002038
:10780C00B4450020002A00F0CC802DE9F04F9146C1
:10781C0083B08246DFF89CB1DFF89C810A46614F49
:10782C00614C6368614943F07D5309686360DBF820
:10783C00005049455E4B45F0012528BF49461B6861
:10784C0045F480050E4625EA030525F0785572B6F9
:10785C002560D8F8003033B1002100BF0131D8F8D1
:10786C0000309942F9D345F0406345F060610192D4
:10787C0023600093216000BF00BFFEF77DF9009BE1
:10788C00236000BF00BFFEF777F945F0005345F0C9
:10789C00085123600093216000BF00BFFEF76CF914
:1078AC00009B236000BF00BFFEF766F9CAF30351CB
:1078BC002846FEF781F9CAF303412846FEF77CF906
:1078CC00CAF303312846FEF777F9CAF30321284699
:1078DC00FEF772F9CAF303112846FEF76DF90AF0A8
:1078EC000F012846FEF768F9019A002E57D0B01800
:1078FC00013A411E12F8013F1B0945EA836343F02C
:10790C00007C2360C4F800C000BF00BF00BF00BFF4
:10791C0000BF00BF00BF00BF00BF00BF236000BF9F
:10792C0000BF00BF00BF00BF00BF00BF00BF00BF53
:10793C0000BF137803F00F0345EA836343F0007C28
:10794C002360C4F800C000BF00BF00BF00BF00BF71
:10795C0000BF00BF00BF00BF00BF236000BF00BF5F
:10796C0000BF00BF00BF00BF00BF00BF00BF00BF13
:10797C008A42BFD1DBF80030236062B63B682BB182
:10798C00002300BF01333A689342FAD3B9EB0609DE
:10799C00B24402467FF445AF03B0BDE8F08F104609
:1079AC00E8E77047B845002000C0004200150020F1
:1079BC000415002070450020B4450020002A00F07A
:1079CC00FC802DE9F04F924683B08346DFF800929D
:1079DC00DFF800820A46794F794C6368794943F0A5
:1079EC007D5309686360784B51451D6828BF51462B
:1079FC00764B45F001250E461B6845F4800525EABB
:107A0C00030525F0785572B62560D9F8003033B1EE
:107A1C00002100BF0131D9F800309942F9D345F06B
:107A2C00605345F06851019223600093216000BFC0
:107A3C0000BF00BFFEF7A0F8009B236000BF00BF93
:107A4C0000BFFEF799F845F0305345F038512360EC
:107A5C000093216000BF00BF00BFFEF78DF8009BB4
:107A6C00236000BF00BF00BFFEF786F8CBF30351C5
:107A7C002846FEF78BF8CBF303412846FEF786F831
:107A8C00CBF303312846FEF781F8CBF303212846CC
:107A9C00FEF77CF8CBF303112846FEF777F80BF0D2
:107AAC000F012846FEF772F86368019A23F07053B1
:107ABC006360D8F80030FBB145F000700021206005
:107ACC0000BF00BF00BF00BF00BF00BF00BF00BFB2
:107ADC0000BF00BF00BF256000BF00BF00BF00BFDC
:107AEC0000BF00BF00BF00BF00BF00BF00BF01311F
:107AFC00D8F800308B42E2D8002E5CD006EB020C9A
:107B0C0045F00071013A0CF1FF30216000BF00BF5D
:107B1C0000BF00BF00BF00BF00BF00BF00BF00BF61
:107B2C0000BFD4F808E0256000BF00BF00BF00BF55
:107B3C0000BF00BF00BF00BF00BF00BF00BF21607F
:107B4C0000BF00BF00BF00BF00BF00BF00BF00BF31
:107B5C0000BF00BF00BFA368256000BF00BF00BF0F
:107B6C0000BF00BF00BF00BF00BF00BF00BF00BF11
:107B7C004FEA9E6EC3F3836343EA0E1302F8013F90
:107B8C008242C2D1104B1B682360636843F07D5363
:107B9C00636062B63B682BB1002300BF01333A68C7
:107BAC009342FAD3BAEB060AB34462467FF415AF9C
:107BBC0003B0BDE8F08F9446E4E77047B845002069
:107BCC0000C0004200150020704500200415002064
:107BDC00B445002008150020002A00F0E5802DE9AE
:107BEC00F04F924683B08346DFF8D491DFF8D4810E
:107BFC000A466E4F6E4C63686E4943F07D530968BC
:107C0C0063606D4B51451D6828BF51466B4B45F069
:107C1C0001250E461B6845F4800525EA030525F071
:107C2C00785572B62560D9F8003033B1002100BF09
:107C3C000131D9F800309942F9D345F0605345F041
:107C4C006851019223600093216000BF00BFFDF7D3
:107C5C0093FF009B236000BF00BFFDF78DFF0B213E
:107C6C002846FDF7A9FFCBF303512846FDF7A4FFE7
:107C7C00CBF303412846FDF79FFFCBF30331284696
:107C8C00FDF79AFFCBF303212846FDF795FFCBF3C5
:107C9C0003112846FDF790FF0BF00F012846FDF766
:107CAC008BFF6368019A23F070536360D8F800303F
:107CBC00EBB145F000700021206000BF00BF00BF99
:107CCC0000BF00BF00BF00BF00BF00BF00BF2560EA
:107CDC0000BF00BF00BF00BF00BF00BF00BF00BFA0
:107CEC0000BF00BF0131D8F800308B42E4D8002E21
:107CFC0058D006EB020C45F00071013A0CF1FF3044
:107D0C00216000BF00BF00BF00BF00BF00BF00BFAD
:107D1C0000BF00BF00BFD4F808E0256000BF00BF63
:107D2C0000BF00BF00BF00BF00BF00BF00BF00BF4F
:107D3C00216000BF00BF00BF00BF00BF00BF00BF7D
:107D4C0000BF00BF00BFA368256000BF00BF00BF1D
:107D5C0000BF00BF00BF00BF00BF00BF00BF4FEAA5
:107D6C009E6EC3F3836343EA0E1302F8013F824213
:107D7C00C6D1114B1B682360636843F07D5363606D
:107D8C0062B63B682BB1002300BF01333A689342C3
:107D9C00FAD3BAEB060AB34462467FF42CAF03B0B5
:107DAC00BDE8F08F9446E4E7704700BFB84500206B
:107DBC0000C0004200150020704500200415002072
:107DCC00B445002008150020002A00F0F4802DE9AD
:107DDC00F04F914683B08246DFF8ECB1DFF8EC81CE
:107DEC000A46754F754C6368754943F07D530968B5
:107DFC006360DBF800504945724B45F0012528BF04
:107E0C0049461B6845F480050E4625EA030525F016
:107E1C00785572B62560D8F8003033B1002100BF18
:107E2C000131D8F800309942F9D345F0406345F060
:107E3C006061019223600093216000BF00BF00BF0E
:107E4C00FDF79AFE009B236000BF00BF00BFFDF74B
:107E5C0093FE45F0005345F00851236000932160D8
:107E6C0000BF00BF00BFFDF787FE009B236000BF73
:107E7C0000BF00BFFDF780FECAF303512846FDF793
:107E8C0085FECAF303412846FDF780FECAF3033191
:107E9C002846FDF77BFECAF303212846FDF776FE44
:107EAC00CAF3031345EA836343F000712360009324
:107EBC00216000BF00BF00BFFDF75EFE009B23608A
:107ECC0000BF00BF00BFFDF757FE0AF00F0345EAE5
:107EDC00836343F0007123600093216000BF00BFF7
:107EEC0000BFFDF749FE009B236000BF00BF00BF31
:107EFC00FDF742FE019A002E5BD0B018013A411EEC
:107F0C0012F8013F1B0945EA836343F0007C2360B0
:107F1C00C4F800C000BF00BF00BF00BF00BF00BF5F
:107F2C0000BF00BF00BF00BF00BF236000BF00BF89
:107F3C0000BF00BF00BF00BF00BF00BF00BF00BF3D
:107F4C0000BF137803F00F0345EA836343F0007C12
:107F5C002360C4F800C000BF00BF00BF00BF00BF5B
:107F6C0000BF00BF00BF00BF00BF00BF236000BF49
:107F7C0000BF00BF00BF00BF00BF00BF00BF00BFFD
:107F8C0000BF00BF8A42BBD1DBF80030236062B671
:107F9C003B682BB1002300BF01333A689342FAD3FC
:107FAC00B9EB0609B24402467FF41DAF03B0BDE83D
:107FBC00F08F1046E8E77047B845002000C000423B
:107FCC00001500200415002070450020B445002049
:107FDC0008B500BF00BF00BF00BFFDF7CDFD08BD59
:107FEC002DE9F04F83B00092002A00F00781824601
:107FFC008B46DFF828928448844E854D854C864B01
:10800C00009F1B6862689F4242F07D5228BF1F464A
:10801C006260D9F80030026843F0012343F4800316
:10802C0023EA020323F0785872B6C4F80080326851
:10803C002AB1002100BF013133689942FAD348F0CC
:10804C00406248F0606122600192216000BF00BF75
:10805C0000BF00BFFDF790FD019A226000BF00BF7A
:10806C0000BF00BFFDF788FD48F0005248F00851F2
:10807C00226001922160FFF7ABFF019A2260FFF7AB
:10808C00A7FFCAF3035248EA826242F000712260F1
:10809C0001922160FFF79CFF019A2260FFF798FF85
:1080AC00CAF3034248EA826242F0007122600192F4
:1080BC002160FFF78DFF019A2260FFF789FFCAF359
:1080CC00033248EA826242F0007122600192216020
:1080DC00FFF77EFF019A2260FFF77AFFCAF30322B3
:1080EC0048EA826242F00071226001922160FFF73F
:1080FC006FFF019A2260FFF76BFFCAF3031248EA85
:10810C00826242F00071226001922160FFF760FFF1
:10811C00019A2260FFF75CFF0AF00F0248EA8262C4
:10812C0042F00071226001922160FFF751FF019A29
:10813C002260FFF74DFF3448002F62D007EB0B0194
:10814C000BF1FF3B01F1FF3C1BF8013F1B0948EA17
:10815C00836343F000722360226000BF00BF00BF46
:10816C0000BF00BF00BF00BF00BF00BF00BF00BF0B
:10817C0000BF236000BF00BF00BF00BF00BF00BF37
:10818C0000BF00BF00BF00BF00BF00BF9BF80030A6
:10819C0003F00F0348EA836343F00072236022600C
:1081AC0000BF00BF00BF00BF00BF00BF00BF00BFCB
:1081BC0000BF00BF00BF00BF236000BF00BF00BFF7
:1081CC0000BF00BF00BF00BF00BF00BF00BF00BFAB
:1081DC0000BFE345B8D1D9F80030236062B62B68F4
:1081EC002BB1002200BF01322B689A42FAD3009BBC
:1081FC00BA448B46DB1B00937FF401AF03B0BDE8A0
:10820C00F08F5946E7E700BF04150020B445002065
:10821C00B845002000C00042001500207045002029
:10822C00002A00F030812DE9F04F824683B08B4656
:10823C00DFF86C82944F954E954C6368954943F0EA
:10824C007D5309686360944B91421D6828BF1146A9
:10825C00924B45F0012589461B6845F4800525EABB
:10826C00030525F0785572B62560D8F8003033B187
:10827C00002100BF0131D8F800309942F9D345F004
:10828C00605345F068510192236000932160FFF721
:10829C009FFE009B2360FFF79BFE45F0305345F09B
:1082AC003851236000932160FFF792FE009B2360FE
:1082BC00FFF78EFECAF3035345EA836343F0007164
:1082CC00236000932160FFF783FE009B2360FFF780
:1082DC007FFECAF3034345EA836343F000712360D6
:1082EC0000932160FFF774FE009B2360FFF770FE84
:1082FC00CAF3033345EA836343F0007123600093B0
:10830C002160FFF765FE009B2360FFF761FECAF357
:10831C00032345EA836343F00071236000932160DB
:10832C00FFF756FE009B2360FFF752FECAF30313C0
:10833C0045EA836343F00071236000932160FFF7EB
:10834C0047FE009B2360FFF743FE0AF00F0345EA4C
:10835C00836343F00071236000932160FFF738FEC4
:10836C00009B2360FFF734FE6368019A23F070537F
:10837C0063603B6803B345F000700021206000BFD0
:10838C0000BF00BF00BF00BF00BF00BF00BF00BFE9
:10839C0000BF00BF00BF256000BF00BF00BF00BF13
:1083AC0000BF00BF00BF00BF00BF00BF00BF00BFC9
:1083BC0001313B688B42E1D8B9F1000F61D009EB78
:1083CC000B0045F000710BF1FF3B00F1FF3C21600D
:1083DC0000BF00BF00BF00BF00BF00BF00BF00BF99
:1083EC0000BF00BF00BF00BFD4F808E0256000BF8D
:1083FC0000BF00BF00BF00BF00BF00BF00BF00BF79
:10840C0000BF00BF00BF216000BF00BF00BF00BFA6
:10841C0000BF00BF00BF00BF00BF00BF00BF00BF58
:10842C00A368256000BF00BF00BF00BF00BF00BF36
:10843C0000BF00BF00BF00BF00BF00BF4FEA9E6E71
:10844C00C3F3836343EA0E130BF8013FE345BED13C
:10845C00114B1B682360636843F07D53636062B605
:10846C0033682BB1002100BF013133689942FAD334
:10847C00B2EB0902CA4483467FF4DFAE03B0BDE819
:10848C00F08F5846E4E7704708150020B8450020E7
:10849C0000C000420015002070450020041500208B
:1084AC00B44500202DE9F04F83B00092002A00F073
:1084BC00138182468B46DFF840928A488A4E8B4D58
:1084CC008B4C8C4B009F1B6862689F4242F07D5224
:1084DC0028BF1F466260D9F80030026843F00123C0
:1084EC0043F4800323EA020323F0785872B6C4F8ED
:1084FC00008032682AB1002100BF013133689942F3
:10850C00FAD348F0406248F0606122600192216029
:10851C0000BFFFF75DFD019A226000BFFFF758FD19
:10852C0048F0005248F0085122600192216000BFCF
:10853C00FFF74EFD019A226000BFFFF749FDCAF319
:10854C00035248EA826242F000712260019221607B
:10855C0000BFFFF73DFD019A226000BFFFF738FD19
:10856C00CAF3034248EA826242F00071226001922F
:10857C00216000BFFFF72CFD019A226000BFFFF7BE
:10858C0027FDCAF3033248EA826242F0007122608E
:10859C000192216000BFFFF71BFD019A226000BF12
:1085AC00FFF716FDCAF3032248EA826242F000711B
:1085BC0022600192216000BFFFF70AFD019A226040
:1085CC0000BFFFF705FDCAF3031248EA826242F0CE
:1085DC00007122600192216000BFFFF7F9FC019A43
:1085EC00226000BFFFF7F4FC0AF00F0248EA826237
:1085FC0042F0007122600192216000BFFFF7E8FC9D
:10860C00019A226000BFFFF7E3FC3648002F66D0CA
:10861C0007EB0B010BF1FF3B01F1FF3C1BF8013F9A
:10862C001B0948EA836343F000722360226000BF99
:10863C0000BF00BF00BF00BF00BF00BF00BF00BF36
:10864C0000BF00BF00BF00BF236000BF00BF00BF62
:10865C0000BF00BF00BF00BF00BF00BF00BF00BF16
:10866C0000BF00BF9BF8003003F00F0348EA8363A0
:10867C0043F000722360226000BF00BF00BF00BF48
:10868C0000BF00BF00BF00BF00BF00BF00BF00BFE6
:10869C0000BF236000BF00BF00BF00BF00BF00BF12
:1086AC0000BF00BF00BF00BF00BF00BF00BFE3455D
:1086BC00B4D1D9F80030236062B62B682BB10022FC
:1086CC0000BF01322B689A42FAD3009BBA448B4606
:1086DC00DB1B00937FF4F5AE03B0BDE8F08F594679
:1086EC00E7E700BF04150020B4450020B845002082
:1086FC0000C000420015002070450020002A00F048
:10870C0056812DE9F04F824683B08B46DFF8848288
:10871C009A4F9B4E9B4C63689B4943F07D53096871
:10872C0063609A4B91421D6828BF1146984B45F0E7
:10873C00012589461B6845F4800525EA030525F0CB
:10874C00785572B62560D8F8003033B1002100BFDF
:10875C000131D8F800309942F9D345F0605345F017
:10876C006851019223600093216000BFFFF730FC39
:10877C00009B236000BFFFF72BFC45F0305345F006
:10878C00385123600093216000BFFFF721FC009B50
:10879C00236000BFFFF71CFCCAF3035345EA836355
:1087AC0043F0007123600093216000BFFFF710FCC1
:1087BC00009B236000BFFFF70BFCCAF3034345EAA1
:1087CC00836343F0007123600093216000BFFFF7C7
:1087DC00FFFB009B236000BFFFF7FAFBCAF30333D8
:1087EC0045EA836343F0007123600093216000BF6E
:1087FC00FFF7EEFB009B236000BFFFF7E9FBCAF31A
:10880C00032345EA836343F00071236000932160E6
:10881C0000BFFFF7DDFB009B236000BFFFF7D8FB19
:10882C00CAF3031345EA836343F00071236000939A
:10883C00216000BFFFF7CCFB009B236000BFFFF75C
:10884C00C7FB0AF00F0345EA836343F00071236012
:10885C000093216000BFFFF7BBFB009B236000BFB0
:10886C00FFF7B6FB6368019A23F0705363603B68B3
:10887C0013B345F000700021206000BF00BF00BFA3
:10888C0000BF00BF00BF00BF00BF00BF00BF00BFE4
:10889C0000BF00BF256000BF00BF00BF00BF00BF0E
:1088AC0000BF00BF00BF00BF00BF00BF00BF00BFC4
:1088BC0001313B688B42DFD8B9F1000F75D009EB61
:1088CC000B0045F000710BF1FF3B00F1FF3C216008
:1088DC0000BF00BF00BF00BF00BF00BF00BF00BF94
:1088EC0000BF00BF00BF00BF00BFD4F808E0256088
:1088FC0000BF00BF00BF00BF00BF00BF00BF00BF74
:10890C0000BF00BF00BF00BF00BF216000BF00BFA1
:10891C0000BF00BF00BF00BF00BF00BF00BF00BF53
:10892C0000BF00BF00BFA368256000BF00BF00BF31
:10893C0000BF00BF00BF00BF00BF00BF00BF00BF33
:10894C0000BF00BF4FEA9E6EC3F3836343EA0E136E
:10895C000BF8013FE345BAD10C4B1B6823606368ED
:10896C0043F07D53636062B63368ABB1002100BF46
:10897C00013133689942FAD30EE000BF081500208C
:10898C00B845002000C000420015002070450020B2
:10899C0004150020B4450020B2EB0902CA448346FA
:1089AC007FF4B9AE03B0BDE8F08F5846D4E77047FA
:1089BC0038B540EA81640B4D44F000732C602B6099
:1089CC0000BF00BF00BF00BF00BF00BFFFF700FB30
:1089DC002C6000BF00BF00BF00BF00BF00BFFFF78F
:1089EC00F7FA38BD00C00042002A00F009812DE9D9
:1089FC00F04F924683B08346DFF81C92DFF81C825E
:108A0C000A46804F804C6368804943F07D53096867
:108A1C0063607F4B51451D6828BF51467D4B45F027
:108A2C0001250E461B6845F4800525EA030525F053
:108A3C00785572B62560D9F8003033B1002100BFEB
:108A4C000131D9F800309942F9D30E212846019210
:108A5C00FFF7AEFF0B212846FFF7AAFFCBF303511C
:108A6C002846FFF7A5FFCBF303412846FFF7A0FFED
:108A7C00CBF303312846FFF79BFFCBF303212846AA
:108A8C00FFF796FFCBF303112846FFF791FF0BF08E
:108A9C000F012846FFF78CFF6368019A23F070538F
:108AAC006360D8F80030002B2DD045F00070002109
:108ABC00206000BF00BF00BF00BF00BF00BF00BFF1
:108ACC0000BF00BF00BF00BF00BF00BF00BF00BFA2
:108ADC0000BF00BF00BF256000BF00BF00BF00BFCC
:108AEC0000BF00BF00BF00BF00BF00BF00BF00BF82
:108AFC0000BF00BF00BF00BF00BF00BF0131D8F8EE
:108B0C0000308B42D4D8002E78D006EB020C45F006
:108B1C000071013A0CF1FF30216000BF00BF00BFB3
:108B2C0000BF00BF00BF00BF00BF00BF00BF00BF41
:108B3C0000BF00BF00BF00BF00BF00BF00BFD4F824
:108B4C0008E0256000BF00BF00BF00BF00BF00BF32
:108B5C0000BF00BF00BF00BF00BF00BF00BF00BF11
:108B6C0000BF00BF00BF00BF216000BF00BF00BF3F
:108B7C0000BF00BF00BF00BF00BF00BF00BF00BFF1
:108B8C0000BF00BF00BF00BF00BF00BF00BFA36895
:108B9C00256000BF00BF00BF00BF00BF00BF00BF0B
:108BAC0000BF00BF00BF00BF00BF00BF00BF00BFC1
:108BBC0000BF00BF00BF4FEA9E6EC3F3836343EA5E
:108BCC000E1302F8013F8242A6D1114B1B682360A1
:108BDC00636843F07D53636062B63B682BB100233E
:108BEC0000BF01333A689342FAD3BAEB060AB34496
:108BFC0062467FF408AF03B0BDE8F08F9446E4E71B
:108C0C00704700BFB845002000C00042001500208E
:108C1C007045002004150020B445002008150020E4
:108C2C002DE9F04F83B00092002A00F02781824694
:108C3C008B46DFF868929448944E954D954C964B24
:108C4C00009F1B6862689F4242F07D5228BF1F46FE
:108C5C006260D9F80030026843F0012343F48003CA
:108C6C0023EA020323F0785872B6C4F80080326805
:108C7C002AB1002100BF013133689942FAD348F080
:108C8C00406248F0606122600192216000BF00BF29
:108C9C00FFF79EF9019A226000BF00BFFFF798F919
:108CAC0048F0005248F0085122600192216000BF48
:108CBC0000BFFFF78DF9019A226000BF00BFFFF7DC
:108CCC0087F9CAF3035248EA826242F000712260CB
:108CDC000192216000BF00BFFFF77AF9019A226070
:108CEC0000BF00BFFFF774F9CAF3034248EA82627F
:108CFC0042F0007122600192216000BF00BFFFF7BB
:108D0C0067F9019A226000BF00BFFFF761F9CAF34F
:108D1C00033248EA826242F00071226001922160C3
:108D2C0000BF00BFFFF754F9019A226000BF00BFDB
:108D3C00FFF74EF9CAF3032248EA826242F000714F
:108D4C0022600192216000BF00BFFFF741F9019A38
:108D5C00226000BF00BFFFF73BF9CAF3031248EAD9
:108D6C00826242F0007122600192216000BF00BF5C
:108D7C00FFF72EF9019A226000BF00BFFFF728F918
:108D8C000AF00F0248EA826242F0007122600192FE
:108D9C00216000BF00BFFFF71BF9019A226000BFE2
:108DAC0000BFFFF715F93848002F6AD007EB0B010D
:108DBC000BF1FF3B01F1FF3C1BF8013F1B0948EA9B
:108DCC00836343F000722360226000BF00BF00BFCA
:108DDC0000BF00BF00BF00BF00BF00BF00BF00BF8F
:108DEC0000BF00BF00BF236000BF00BF00BF00BFBB
:108DFC0000BF00BF00BF00BF00BF00BF00BF00BF6F
:108E0C0000BF00BF9BF8003003F00F0348EA8363F8
:108E1C0043F000722360226000BF00BF00BF00BFA0
:108E2C0000BF00BF00BF00BF00BF00BF00BF00BF3E
:108E3C0000BF00BF236000BF00BF00BF00BF00BF6A
:108E4C0000BF00BF00BF00BF00BF00BF00BF00BF1E
:108E5C0000BFE345B0D1D9F80030236062B62B686F
:108E6C002BB1002200BF01322B689A42FAD3009B2F
:108E7C00BA448B46DB1B00937FF4E1AE03B0BDE834
:108E8C00F08F5946E7E700BF04150020B4450020D9
:108E9C00B845002000C0004200150020704500209D
:108EAC00002A00F06C812DE9F04F824683B08B468E
:108EBC00DFF8E881734F744E744C6368744943F067
:108ECC007D5309686360734B91421D6828BF11463E
:108EDC00714B45F0012589461B6845F4800525EA50
:108EEC00030525F0785572B62560D8F8003033B1FB
:108EFC00002100BF0131D8F800309942F9D345F078
:108F0C00605345F06851019223600093216000BFCB
:108F1C0000BFFFF75DF8009B236000BF00BFFFF7A9
:108F2C0057F845F0305345F03851236000932160D9
:108F3C0000BF00BFFFF74CF8009B236000BF00BFD1
:108F4C00FFF746F8CAF3035345EA836343F0007115
:108F5C0023600093216000BF00BFFFF739F8009B2E
:108F6C00236000BF00BFFFF733F8CAF3034345EAA1
:108F7C00836343F0007123600093216000BF00BF46
:108F8C00FFF726F8009B236000BF00BFFFF720F817
:108F9C00CAF3033345EA836343F000712360009303
:108FAC00216000BF00BFFFF713F8009B236000BFD8
:108FBC0000BFFFF70DF8CAF3032345EA836343F0C0
:108FCC00007123600093216000BF00BFFFF700F821
:108FDC00009B236000BF00BFFEF7FAFFCAF3031328
:108FEC0045EA836343F0007123600093216000BF66
:108FFC0000BFFEF7EDFF009B236000BF00BFFEF734
:10900C00E7FF0AF00F0345EA836343F00071236026
:10901C000093216000BF00BFFEF7DAFF009B2360C6
:10902C0000BF00BFFEF7D4FF6368019A23F07053B2
:10903C0063603B68002B33D045F00070002120604A
:10904C0000BF00BF00BF00BF00BF00BF00BF00BF1C
:10905C0000BF00BF00BF00BF00BF00BF256000BF46
:10906C0000BF00BF00BF00BF00BF00BF00BF00BFFC
:10907C0000BF00BF00BF00BF00BF01313B688B4287
:10908C00DDD80DE008150020B845002000C00042D6
:10909C00001500207045002004150020B445002068
:1090AC00B9F1000F69D009EB0B0045F000710BF121
:1090BC00FF3B00F1FF3C216000BF00BF00BF00BFC1
:1090CC0000BF00BF00BF00BF00BF00BF00BF00BF9C
:1090DC0000BF00BFD4F808E0256000BF00BF00BF90
:1090EC0000BF00BF00BF00BF00BF00BF00BF00BF7C
:1090FC0000BF00BF00BF216000BF00BF00BF00BFAA
:10910C0000BF00BF00BF00BF00BF00BF00BF00BF5B
:10911C0000BF00BFA368256000BF00BF00BF00BF39
:10912C0000BF00BF00BF00BF00BF00BF00BF00BF3B
:10913C0000BF00BF4FEA9E6EC3F3836343EA0E1376
:10914C000BF8013FE345B6D10D4B1B6823606368F8
:10915C0043F07D53636062B633682BB1002100BFCE
:10916C00013133689942FAD3B2EB0902CA448346FF
:10917C007FF4A3AE03B0BDE8F08F5846E4E7704728
:10918C0070450020002A00F0FC802DE9F04F91463C
:10919C0083B08246DFF8FCB1DFF8FC810A46794FD8
:1091AC00794C6368794943F07D5309686360DBF857
:1091BC0000504945764B45F0012528BF49461B68B0
:1091CC0045F480050E4625EA030525F0785572B660
:1091DC002560D8F8003033B1002100BF0131D8F838
:1091EC0000309942F9D345F0406345F0606101923B
:1091FC0023600093216000BF00BF00BF00BF00BF11
:10920C0000BFFEF7E5FE009B236000BF00BF00BF60
:10921C0000BF00BF00BFFEF7DBFE45F0005345F07A
:10922C00085123600093216000BF00BF00BF00BF46
:10923C0000BF00BFFEF7CCFE009B236000BF00BF49
:10924C0000BF00BF00BF00BFFEF7C2FECAF3035150
:10925C002846FFF7ADFBCAF303412846FFF7A8FBEE
:10926C00CAF303312846FFF7A3FBCAF303212846B0
:10927C00FFF79EFBCAF303112846FFF799FB0AF090
:10928C000F012846FFF794FB019A002E77D0B018F7
:10929C00013A411E12F8013F1B0945EA836343F072
:1092AC00007C2360C4F800C000BF00BF00BF00BF3B
:1092BC0000BF00BF00BF00BF00BF00BF00BF00BFAA
:1092CC0000BF00BF00BF00BF00BF00BF236000BFD6
:1092DC0000BF00BF00BF00BF00BF00BF00BF00BF8A
:1092EC0000BF00BF00BF00BF00BF00BF00BF00BF7A
:1092FC0000BF137803F00F0345EA836343F0007C4F
:10930C002360C4F800C000BF00BF00BF00BF00BF97
:10931C0000BF00BF00BF00BF00BF00BF00BF00BF49
:10932C0000BF00BF00BF00BF00BF236000BF00BF75
:10933C0000BF00BF00BF00BF00BF00BF00BF00BF29
:10934C0000BF00BF00BF00BF00BF00BF00BF00BF19
:10935C008A429FD1DBF80030236062B63B682BB1A8
:10936C00002300BF01333A689342FAD3B9EB0609E4
:10937C00B24402467FF415AF03B0BDE8F08F10463F
:10938C00E8E77047B845002000C0004200150020F7
:10939C000415002070450020B445002008B500BF1E
:1093AC0000BF00BF00BF00BF00BF00BF00BFFCF785
:1093BC00E3FB08BD2DE9F04F83B00092002A00F0CA
:1093CC00548182468B46DFF878929848984E994D96
:1093DC00994C9A4B009F1B6862689F4242F07D52E9
:1093EC0028BF1F466260D9F80030026843F00123A1
:1093FC0043F4800323EA020323F0785872B6C4F8CE
:10940C00008032682AB1002100BF013133689942D3
:10941C00FAD348F0406248F060612260019221600A
:10942C0000BF00BF00BF00BFFEF7D2FD019A226053
:10943C0000BF00BF00BF00BFFEF7CAFD48F00052DE
:10944C0048F0085122600192216000BF00BF00BFAC
:10945C0000BFFEF7BDFD019A226000BF00BF00BF38
:10946C0000BFFEF7B5FDCAF3035248EA826242F030
:10947C000071226001922160FFF790FF019A226037
:10948C00FFF78CFFCAF3034248EA826242F0007194
:10949C0022600192216000BF00BF00BF00BFFEF739
:1094AC0097FD019A226000BF00BF00BF00BFFEF70E
:1094BC008FFDCAF3033248EA826242F000712260E7
:1094CC000192216000BF00BF00BF00BFFEF780FD0E
:1094DC00019A226000BF00BF00BF00BFFEF778FDFD
:1094EC00CAF3032248EA826242F0007122600192C0
:1094FC00216000BF00BF00BF00BFFEF769FD019AED
:10950C00226000BF00BF00BF00BFFEF761FDCAF3C1
:10951C00031248EA826242F00071226001922160DB
:10952C0000BF00BF00BF00BFFEF752FD019A2260D2
:10953C0000BF00BF00BF00BFFEF74AFD0AF00F02DC
:10954C0048EA826242F0007122600192216000BF01
:10955C0000BF00BF00BFFEF73BFD019A226000BFB9
:10956C0000BF00BF00BFFEF733FD3048002F7FD097
:10957C0007EB0B010BF1FF3B01F1FF3C1BF8013F2B
:10958C001B0948EA836343F000722360226000BF2A
:10959C0000BF00BF00BF00BF00BF00BF00BF00BFC7
:1095AC0000BF00BF00BF00BF00BF00BF00BF2360F3
:1095BC0000BF00BF00BF00BF00BF00BF00BF00BFA7
:1095CC0000BF00BF00BF00BF00BF00BF00BF00BF97
:1095DC009BF8003003F00F0348EA836343F00072FA
:1095EC002360226000BF00BF00BF00BF00BF00BFF0
:1095FC0000BF00BF00BF00BF00BF00BF00BF00BF67
:10960C0000BF00BF236000BF00BF00BF00BF00BF92
:10961C0000BF00BF00BF00BF00BF00BF00BF00BF46
:10962C0000BF00BF00BFE345A8D10BE0041500202C
:10963C00B4450020B845002000C0004200150020B1
:10964C0070450020D9F80030236062B62B682BB12E
:10965C00002200BF01322B689A42FAD3009BBA4415
:10966C008B46DB1B00937FF4B4AE03B0BDE8F08FE8
:10967C005946E7E7002A00F074812DE9F04F824645
:10968C0083B08B46DFF8E881734F744E744C63687B
:10969C00744943F07D5309686360734B91421D68B4
:1096AC0028BF1146714B45F0012589461B6845F4CE
:1096BC00800525EA030525F0785572B62560D8F8A3
:1096CC00003033B1002100BF0131D8F8003099428D
:1096DC00F9D345F0605345F0685101922360009333
:1096EC00216000BF00BF00BF00BFFEF771FC009BF4
:1096FC00236000BF00BF00BF00BFFEF769FC45F050
:10970C00305345F0385123600093216000BF00BFF7
:10971C0000BF00BFFEF75CFC009B236000BF00BFD6
:10972C0000BF00BFFEF754FCCAF3035345EA836342
:10973C0043F00071236000932160FFF72FFE009B24
:10974C00236000BF00BF00BF00BFFEF741FCCAF39F
:10975C00034345EA836343F0007123600093216067
:10976C00FFF71CFE009B2360FFF718FECAF30333C0
:10977C0045EA836343F00071236000932160FFF797
:10978C000DFE009B2360FFF709FECAF3032345EA95
:10979C00836343F00071236000932160FFF7FEFDAB
:1097AC00009B2360FFF7FAFDCAF3031345EA8363BA
:1097BC0043F00071236000932160FFF7EFFD009BE5
:1097CC002360FFF7EBFD0AF00F0345EA836343F0D8
:1097DC00007123600093216000BF00BF00BF00BF79
:1097EC00FEF7F6FB009B236000BF00BF00BF00BF6D
:1097FC00FEF7EEFB6368019A23F0705363603B68DD
:10980C00002B37D045F000700021206000BF00BF56
:10981C0000BF00BF00BF00BF00BF00BF00BF00BF44
:10982C0000BF00BF00BF00BF00BF00BF256000BF6E
:10983C0000BF00BF00BF00BF00BF00BF00BF00BF24
:10984C0000BF00BF00BF00BF00BF00BF00BF0131A1
:10985C003B688B42D9D80DE008150020B845002094
:10986C0000C00042001500207045002004150020A7
:10987C00B4450020B9F1000F71D009EB0B0045F095
:10988C0000710BF1FF3B00F1FF3C216000BF00BFFA
:10989C0000BF00BF00BF00BF00BF00BF00BF00BFC4
:1098AC0000BF00BF00BF00BF00BF00BFD4F808E07E
:1098BC00256000BF00BF00BF00BF00BF00BF00BFDE
:1098CC0000BF00BF00BF00BF00BF00BF00BF00BF94
:1098DC0000BF216000BF00BF00BF00BF00BF00BFC2
:1098EC0000BF00BF00BF00BF00BF00BF00BF00BF74
:1098FC0000BF00BFA368256000BF00BF00BF00BF52
:10990C0000BF00BF00BF00BF00BF00BF00BF00BF53
:10991C0000BF00BF00BF00BF4FEA9E6EC3F383635E
:10992C0043EA0E130BF8013FE345AED10D4B1B6818
:10993C002360636843F07D53636062B633682BB178
:10994C00002100BF013133689942FAD3B2EB09020E
:10995C00CA4483467FF49BAE03B0BDE8F08F5846F3
:10996C00E4E77047704500202DE9F04F83B000927A
:10997C00002A00F06D8182468B46DFF8DC9171483D
:10998C00714E724D724C734B009F1B6862689F4204
:10999C0042F07D5228BF1F466260D9F80030026841
:1099AC0043F0012343F4800323EA020323F07858A5
:1099BC0072B6C4F8008032682AB1002100BF0131B0
:1099CC0033689942FAD348F0406248F060612260F3
:1099DC000192216000BF00BF00BF00BFFFF7DEFC9B
:1099EC00019A226000BF00BF00BF00BFFFF7D6FC8A
:1099FC0048F0005248F0085122600192216000BFEB
:109A0C0000BF00BF00BFFFF7C9FC019A226000BF76
:109A1C0000BF00BF00BFFFF7C1FCCAF3035248EA06
:109A2C00826242F0007122600192216000BF00BF8F
:109A3C0000BF00BFFFF7B2FC019A226000BF00BF5D
:109A4C0000BF00BFFFF7AAFCCAF3034248EA8262D8
:109A5C0042F0007122600192216000BF00BF00BF84
:109A6C0000BFFFF79BFC019A226000BF00BF00BF44
:109A7C0000BFFFF793FCCAF3033248EA826242F05C
:109A8C00007122600192216000BF00BF00BF00BFC7
:109A9C00FFF784FC019A226000BF00BF00BF00BF2B
:109AAC00FFF77CFCCAF3032248EA826242F00071A1
:109ABC0022600192216000BF00BF00BF00BFFFF712
:109ACC006DFC019A226000BF00BF00BF00BFFFF712
:109ADC0065FCCAF3031248EA826242F0007122600C
:109AEC000192216000BF00BF00BF00BFFFF756FC12
:109AFC00019A226000BF00BF00BF00BFFFF74EFC01
:109B0C000AF00F0248EA826242F000712260019270
:109B1C00216000BF00BF00BF00BFFFF73FFC019AF0
:109B2C00226000BF00BF00BF00BFFFF737FC054835
:109B3C00002F00F0908007EB0B010BF1FF3B01F1C4
:109B4C00FF3C0BE004150020B4450020B845002074
:109B5C0000C0004200150020704500201BF8013F9A
:109B6C001B0948EA836343F000722360226000BF44
:109B7C0000BF00BF00BF00BF00BF00BF00BF00BFE1
:109B8C0000BF00BF00BF00BF00BF00BF00BF00BFD1
:109B9C0000BF00BF00BF236000BF00BF00BF00BFFD
:109BAC0000BF00BF00BF00BF00BF00BF00BF00BFB1
:109BBC0000BF00BF00BF00BF00BF00BF00BF00BFA1
:109BCC009BF8003003F00F0348EA836343F0007204
:109BDC002360226000BF00BF00BF00BF00BF00BFFA
:109BEC0000BF00BF00BF00BF00BF00BF00BF00BF71
:109BFC0000BF00BF00BF00BF00BF00BF236000BF9D
:109C0C0000BF00BF00BF00BF00BF00BF00BF00BF50
:109C1C0000BF00BF00BF00BF00BF00BF00BF00BF40
:109C2C0000BF00BF00BFE34598D1D9F800302360D6
:109C3C0062B62B682BB1002200BF01322B689A420E
:109C4C00FAD3009BBA448B46DB1B00937FF49BAE8C
:109C5C0003B0BDE8F08F5946E7E700BF002A00F0DB
:109C6C00B1812DE9F04F824683B08B46DFF84082FC
:109C7C00894F8A4E8A4C63688A4943F07D53096840
:109C8C006360894B91421D6828BF1146874B45F094
:109C9C00012589461B6845F4800525EA030525F056
:109CAC00785572B62560D8F8003033B1002100BF6A
:109CBC000131D8F800309942F9D345F0605345F0A2
:109CCC006851019223600093216000BF00BF00BF68
:109CDC0000BFFFF763FB009B236000BF00BF00BF0A
:109CEC0000BFFFF75BFB45F0305345F03851236064
:109CFC000093216000BF00BF00BF00BFFFF74EFB09
:109D0C00009B236000BF00BF00BF00BFFFF746FBF6
:109D1C00CAF3035345EA836343F000712360009355
:109D2C00216000BF00BF00BF00BFFFF737FB009BE7
:109D3C00236000BF00BF00BF00BFFFF72FFBCAF3BB
:109D4C00034345EA836343F0007123600093216071
:109D5C0000BF00BF00BF00BFFFF720FB009B2360CC
:109D6C0000BF00BF00BF00BFFFF718FBCAF30333EF
:109D7C0045EA836343F0007123600093216000BFC8
:109D8C0000BF00BF00BFFFF709FB009B236000BFB3
:109D9C0000BF00BF00BFFFF701FBCAF3032345EA76
:109DAC00836343F0007123600093216000BF00BF08
:109DBC0000BF00BFFFF7F2FA009B236000BF00BF9B
:109DCC0000BF00BFFFF7EAFACAF3031345EA836347
:109DDC0043F0007123600093216000BF00BF00BFFF
:109DEC0000BFFFF7DBFA009B236000BF00BF00BF82
:109DFC0000BFFFF7D3FA0AF00F0345EA836343F081
:109E0C00007123600093216000BF00BF00BF00BF42
:109E1C00FFF7C4FA009B236000BF00BF00BF00BF68
:109E2C00FFF7BCFA6368019A23F0705363603B68D8
:109E3C00002B3FD045F000700021206000BF00BF18
:109E4C0000BF00BF00BF00BF00BF00BF00BF00BF0E
:109E5C0000BF00BF00BF00BF00BF00BF00BF00BFFE
:109E6C0000BF00BF256000BF00BF00BF00BF00BF28
:109E7C0000BF00BF00BF00BF00BF00BF00BF00BFDE
:109E8C0000BF00BF00BF00BF00BF00BF00BF01315B
:109E9C003B688B42D1D80DE008150020B845002056
:109EAC0000C0004200150020704500200415002061
:109EBC00B4450020B9F1000F00F0828009EB0B00D3
:109ECC0045F000710BF1FF3B00F1FF3C216000BF3E
:109EDC0000BF00BF00BF00BF00BF00BF00BF00BF7E
:109EEC0000BF00BF00BF00BF00BF00BF00BF00BF6E
:109EFC0000BF00BF00BFD4F808E0256000BF00BF62
:109F0C0000BF00BF00BF00BF00BF00BF00BF00BF4D
:109F1C0000BF00BF00BF00BF00BF00BF00BF00BF3D
:109F2C0000BF00BF216000BF00BF00BF00BF00BF6B
:109F3C0000BF00BF00BF00BF00BF00BF00BF00BF1D
:109F4C0000BF00BF00BF00BF00BF00BF00BFA368C1
:109F5C00256000BF00BF00BF00BF00BF00BF00BF37
:109F6C0000BF00BF00BF00BF00BF00BF00BF00BFED
:109F7C0000BF00BF00BF00BF00BF4FEA9E6EC3F31F
:109F8C00836343EA0E130BF8013FE3459ED10E4B5E
:109F9C001B682360636843F07D53636062B633686B
:109FAC002BB1002100BF013133689942FAD3B2EBD7
:109FBC000902CA4483467FF45EAE03B0BDE8F08F5D
:109FCC005846E4E7704700BF704500202DE9F04F7C
:109FDC0083B00092002A00F0C58182468B46DFF8E0
:109FEC006C929548954E964D964C974B009F1B68DE
:109FFC0062689F4242F07D5228BF1F466260D9F8CA
:10A00C000030026843F0012343F4800323EA020387
:10A01C0023F0785872B6C4F8008032682AB1002157
:10A02C0000BF013133689942FAD348F0406248F0DE
:10A03C00606122600192216000BF00BF00BF00BFC1
:10A04C0000BF00BF00BF00BFFFF7A8F9019A226054
:10A05C0000BF00BF00BF00BF00BF00BF00BF00BFFC
:10A06C00FFF79CF948F0005248F008512260019229
:10A07C00216000BF00BF00BF00BF00BF00BF00BF1A
:10A08C0000BFFFF78BF9019A226000BF00BF00BF31
:10A09C0000BF00BF00BF00BF00BFFFF77FF9CAF3CE
:10A0AC00035248EA826242F0007122600192216000
:10A0BC0000BF00BF00BF00BF00BF00BF00BF00BF9C
:10A0CC0000BF00BF00BF00BFFDF782FF019A2260F6
:10A0DC0000BF00BF00BF00BF00BF00BF00BF00BF7C
:10A0EC0000BF00BF00BF00BFFDF772FFCAF3034201
:10A0FC0048EA826242F0007122600192216000BF46
:10A10C0000BF00BF00BF00BF00BF00BF00BFFFF714
:10A11C0045F9019A226000BF00BF00BF00BF00BF1D
:10A12C0000BF00BF00BFFFF739F9CAF3033248EA9A
:10A13C00826242F0007122600192216000BF00BF78
:10A14C0000BF00BF00BF00BF00BF00BFFFF726F974
:10A15C00019A226000BF00BF00BF00BF00BF00BF5C
:10A16C0000BF00BFFFF71AF9CAF3032248EA826264
:10A17C0042F0007122600192216000BF00BF00BF5D
:10A18C0000BF00BF00BF00BF00BFFFF707F9019A77
:10A19C00226000BF00BF00BF00BF00BF00BF00BFF8
:10A1AC0000BFFFF7FBF8CAF3031248EA826242F0E1
:10A1BC00007122600192216000BF00BF00BF00BF90
:10A1CC0000BF00BF00BF00BFFFF7E8F8019A226094
:10A1DC0000BF00BF00BF00BF00BF00BF00BF00BF7B
:10A1EC00FFF7DCF80AF00F0248EA826242F00071D5
:10A1FC0022600192216000BF00BF00BF00BF00BF02
:10A20C0000BF00BF00BFFFF7C9F8019A226000BF72
:10A21C0000BF00BF00BF00BF00BF00BF00BFFFF703
:10A22C00BDF80548002F00F0A08007EB0B010BF1E7
:10A23C00FF3B01F1FF3C0BE004150020B44500206E
:10A24C00B845002000C000420015002070450020D9
:10A25C001BF8013F1B0948EA836343F0007223603B
:10A26C00226000BF00BF00BF00BF00BF00BF00BF27
:10A27C0000BF00BF00BF00BF00BF00BF00BF00BFDA
:10A28C0000BF00BF00BF00BF00BF00BF00BF00BFCA
:10A29C0000BF236000BF00BF00BF00BF00BF00BFF6
:10A2AC0000BF00BF00BF00BF00BF00BF00BF00BFAA
:10A2BC0000BF00BF00BF00BF00BF00BF00BF00BF9A
:10A2CC0000BF00BF9BF8003003F00F0348EA836324
:10A2DC0043F000722360226000BF00BF00BF00BFCC
:10A2EC0000BF00BF00BF00BF00BF00BF00BF00BF6A
:10A2FC0000BF00BF00BF00BF00BF00BF00BF00BF5A
:10A30C0000BF00BF00BF00BF236000BF00BF00BF85
:10A31C0000BF00BF00BF00BF00BF00BF00BF00BF39
:10A32C0000BF00BF00BF00BF00BF00BF00BF00BF29
:10A33C0000BF00BF00BF00BF00BFE34588D1D9F804
:10A34C000030236062B62B682BB1002200BF0132B3
:10A35C002B689A42FAD3009BBA448B46DB1B0093C2
:10A36C007FF443AE03B0BDE8F08F5946E7E700BF7A
:10A37C002DE9F04F87B00392002A00F0F881DFF846
:10A38C006C908246DFF86880134F144C0091144A8D
:10A39C000399126863688A4243F07D5328BF0A46CA
:10A3AC00029263600F4B1D680F4B45F001251B6833
:10A3BC0045F4800525EA030525F0785572B625602D
:10A3CC00D9F80030B3B1002300BF0133D9F8002015
:10A3DC009342F9D30EE000BFB845002000C0004204
:10A3EC00001500207045002004150020B445002005
:10A3FC000815002045F0605645F068532660236030
:10A40C0000BF00BF00BF00BF00BF00BF00BF00BF48
:10A41C00FEF7C4FF266000BF00BF00BF00BF00BF37
:10A42C0000BF00BF00BFFEF7B9FF45F0305645F046
:10A43C0038532660236000BF00BF00BF00BF00BFC1
:10A44C0000BF00BF00BFFEF7A9FF266000BF00BF22
:10A45C0000BF00BF00BF00BF00BF00BFCAF3035B5B
:10A46C00FEF79CFF45EA8B6646F00073266023607E
:10A47C0000BF00BF00BF00BF00BF00BF00BF00BFD8
:10A48C00FEF78CFF266000BF00BF00BF00BF00BFFF
:10A49C0000BF00BF00BFCAF3034BFEF77FFF45EAC6
:10A4AC008B6646F000732660236000BF00BF00BFC0
:10A4BC0000BF00BF00BF00BF00BF00BF00BF00BF98
:10A4CC0000BFFDF785FD266000BF00BF00BF00BFC9
:10A4DC0000BF00BF00BF00BFCAF3033BFEF75EFF27
:10A4EC0045EA8B6646F000732660236000BF00BF10
:10A4FC0000BF00BF00BF00BF00BF00BF00BF00BF58
:10A50C0000BF00BFFDF764FD266000BF00BF00BFA9
:10A51C0000BF00BF00BF00BF00BF00BF00BF00BF37
:10A52C0000BFCAF3032BFDF753FD45EA8B6646F0DB
:10A53C0000732660236000BF00BF00BF00BF00BFD8
:10A54C0000BF00BF00BF00BF00BF00BF00BFFDF7D2
:10A55C003FFD266000BF00BF00BF00BF00BF00BFB3
:10A56C0000BF00BF00BF00BF00BF00BFCAF3031B8A
:10A57C00FDF72EFD45EA8B6646F0007326602360DE
:10A58C0000BF00BF00BF00BF00BF00BF00BF00BFC7
:10A59C0000BF00BF00BF00BFFDF71AFD266000BF63
:10A5AC0000BF00BF00BF00BF00BF00BF00BF00BFA7
:10A5BC0000BF00BF00BF0AF00F0BFDF709FD45EA15
:10A5CC008B6646F000732660236000BF00BF00BF9F
:10A5DC0000BF00BF00BF00BF00BFFEF7DFFE26605C
:10A5EC0000BF00BF00BF00BF00BF00BF00BF00BF67
:10A5FC00FEF7D4FE636823F070536360D8F8003024
:10A60C00002B2ED045F0007B0026C4F800B000BF14
:10A61C0000BF00BF00BF00BF00BF00BF00BF00BF36
:10A62C0000BF00BF00BF00BF00BF00BF00BFFBF7F3
:10A63C00A3FA256000BF00BF00BF00BF00BF00BF72
:10A64C0000BF00BF00BF00BF00BF00BF00BF00BF06
:10A65C0000BF00BFFBF790FA0136D8F80030B342C8
:10A66C00D3D8029B002B00F08580009B45F0007630
:10A67C00029A03F1FF3BCDF810A0D118DA464B1E1D
:10A68C0005910193266000BF00BF00BF00BF00BF53
:10A69C0000BF00BF00BF00BF00BF00BF00BF00BFB6
:10A6AC0000BF00BF00BFFBF767FAA16800912560EF
:10A6BC0000BF00BF00BF00BF00BF00BF00BF00BF96
:10A6CC0000BF00BF00BF00BF00BF00BF00BF00BF86
:10A6DC00FBF752FA266000BF00BF00BF00BF00BFEF
:10A6EC0000BF00BF00BF00BF00BF00BF00BF00BF66
:10A6FC0000BF00BF00BFFBF73FFAD4F808B02560DD
:10A70C0000BF00BF00BF00BF00BF00BF00BF00BF45
:10A71C0000BF00BF00BF00BF00BF00BF00BF00BF35
:10A72C00FBF72AFA0099CBF38363890E43EA0113F2
:10A73C000AF8013F019B9A45A4D1DDE904A10E4B17
:10A74C001B682360636843F07D53636062B63B68AB
:10A75C002BB1002300BF01333A689342FAD3029B1A
:10A76C00039A9A440091D31A03937FF410AE07B066
:10A77C00BDE8F08F0099E2E7704500207E497F4BE1
:10A78C000A682DE9F04742F0020205240A60DC66F3
:10A79C005C679C67DC67C3F88040C3F88440C3F8EF
:10A7AC008840BFF34F8F0121022002F0B3F8012142
:10A7BC00032002F0AFF80121042002F0ABF8204690
:10A7CC000121302402F0A6F86D4B4FF48072C3F8CF
:10A7DC008420E0B20134012102F09CF8372CF8D12E
:10A7EC00674B4FF0E024674A186867490243674893
:10A7FC001A6000F5006C5A6842F07D525A600022D3
:10A80C00D4F8FC3D43F08073C4F8FC3D0B6843F076
:10A81C0001030B60014602F07F032532403B01F837
:10A82C00013F6145F7D15A4A5A4B02F5805E93F9C4
:10A83C000060083313F9065C13F9074CB6B213F930
:10A84C00051CADB213F904ACA4B213F9029C89B285
:10A85C0013F9038C46EA0A4613F9017C45EA0945CB
:10A86C0044EA084441EA0741C2E90065C2E90241F1
:10A87C0010327245DBD1484E484D06F580572B1FE0
:10A88C00B64613F9011F0EF1080E93F9042089B294
:10A89C0093F908809D4293F90C4092B241EA084129
:10A8AC0042EA04424EE90212EBD120361035B7428F
:10A8BC00E5D13B4E3B4D06F58057A5F10803B64656
:10A8CC0013F9011F0EF1080E93F9082089B293F9C0
:10A8DC0010809D4293F9184092B241EA084142EA35
:10A8EC0004424EE90212EBD140362035B742E4D196
:10A8FC00002310F9012F60451344FAD12A4C002291
:10A90C002A4D40F2EE282A492A48236001F060FBC8
:10A91C00294C2A4FDFF8B4902E6803F065FB23789E
:10A92C00E3B13B78DB0719D52B68D9F800209B1ACB
:10A93C000E2B13D94FF4967001F096FF402120484E
:10A94C0003F0D6FA1F4801F0EBFD41211E4803F03D
:10A95C00CFFA1C48BDE8F04701F0E2BD2B68227825
:10A96C009B1B2AB1B3F5FA6FE4D803F03DFBD4E797
:10A97C004345FAD9DEE700BF00402A4000801F4063
:10A98C0000C0004200014001001000E09F3C00208C
:10A99C00BC650020A03C0020BC550020A33C00203E
:10A9AC00BC450020A73C0020BC750020D4770020BB
:10A9BC0040420F0040140020087800200778002047
:10A9CC00D009002030140020140A0020E477002065
:10A9DC0010B5044604F08CFC02460B48214601F0ED
:10A9EC0077FD094801F09CFD0221084803F080FA2C
:10A9FC00204604F07DFC0146204603F079FA044819
:10AA0C00BDE8104001F08CBD40140020580A002015
:10AA1C00301400202DE9F04FA9B09C4801F0F6F954
:10AA2C00A8B19A4801F042FA994BC0B21B780A2897
:10AA3C0010D00D280ED03E2BEFD896495A1CC85476
:10AA4C00934B92481A7001F0E1F90028E9D129B032
:10AA5C00BDE8F08F002BE0D000228E4C02218E48F6
:10AA6C00E25403F045FA204604F042FC014620462D
:10AA7C0003F03EFA894801F053FD2378884A423BA3
:10AA8C00D2F80490372B39D8DFE813F03F003800A8
:10AA9C00EB00260135017901380038024902D60550
:10AAAC00F6054B04F10438007E0617085602AC027A
:10AABC00E9033C04FA043C057505A205380038008E
:10AACC003800380038003800380038003F003800B3
:10AADC00EB00260135017901380038024902D60510
:10AAEC00F6054B04F10438007E0617085602AC023A
:10AAFC00E9033C04FA043C057505A2056948FFF717
:10AB0C0067FF0023624A137087E70120664FF8F74E
:10AB1C005BFA04460220F8F757FAC1B2E0B2634C74
:10AB2C00F8F704FD624BD7F800801A68614B48EACD
:10AB3C00030323EA020323F078595F4B5A6849F068
:10AB4C00405642F07D525A60C3F8009025683DB1E2
:10AB5C00002300BF01332568AB42FAD3D7F800803D
:10AB6C000F214846FBF728F848460521FBF724F847
:10AB7C00514B4B48C3F80080504B514AD0F804C09D
:10AB8C001968A2FB0121890C01EB81014268A2EB3F
:10AB9C000C029142FAD8484A16603DB1002200BF1F
:10ABAC0001322568AA42FAD3D7F8008066213046D4
:10ABBC000993F9F78FFB404A3948C2F8008002F13B
:10ABCC008D72099B02F58F32D0F804C0196883325C
:10ABDC00A2FB0121890C01EB81014268A2EB0C0262
:10ABEC009142FAD8344A16603DB1002200BF0132BE
:10ABFC0021688A42FAD3D7F800802F4D992130462C
:10AC0C00DFF8D0A00993F9F765FB0220C5F80080A6
:10AC1C0001F02AFE9AF80020099B82B92E60216867
:10AC2C0021B100BF013221688A42FAD33521304666
:10AC3C000993F9F74FFB39681F4A099B11601849B2
:10AC4C0032251F4C48681A68A4FB0242920C05FB83
:10AC5C0002F24B681B1A9A42FBD81A48FFF7B8FE4F
:10AC6C004FE70120F8F7B0F960280346164AA8BF51
:10AC7C00602323EAE3731360144A6021144804F040
:10AC8C00E9F81348FFF7A4FE3BE700BF401400208F
:10AC9C00F6770020744500205C0A00203014002058
:10ACAC00001000E0C80B002070450020B4450020C7
:10ACBC00041500200001400100C000422C140020AB
:10ACCC0083DE1B43B80A002008150020EC0A002084
:10ACDC0010450020FA7700200120F8F775F904469A
:10ACEC000220F8F771F9C1B2E0B2F8F71FFCA548E1
:10ACFC00FFF76EFE05E70120F8F766F9054602201E
:10AD0C00F8F762F98046A0B30024DFF8D0A2DFF890
:10AD1C00D0B29D4E9D4FA8EB04022819B2F5005FEE
:10AD2C0028BF4FF40052A04513D0337800EB4001FC
:10AD3C0003EBC30301EB411103EBC3033B335B1A7E
:10AD4C00934902EB010C01F8013B8C45A3F1630321
:10AD5C00F9D19AF800309BF80010002B00F0BD865A
:10AD6C008C4B53F821308A49984704F50054A04580
:10AD7C00D1D8894B894A5B68A3EB09037DE7012095
:10AD8C000DF19008F8F720F97F4BC5B282461B787D
:10AD9C0025A905EB450203EBC30302EB421203EBBF
:10ADAC00C3033B339B1A424602F8013B9142A3F189
:10ADBC006303F9D17A4B7B4F19787B4B7B4E187818
:10ADCC00F8F7B4FBD7F800B0794B4BEA0606794C90
:10ADDC001A68794B26EA02065A6826F0785642F031
:10ADEC007D5246F040595A601E6022683AB10023E9
:10ADFC0000BF013322689342FAD3D7F800B00F2179
:10AE0C0030460992FAF7D8FE05213046FAF7D4FEFF
:10AE1C00694B6148C3F800B003F18D73674903F5C2
:10AE2C008F33D0F804C009688333099AA3FB01312E
:10AE3C00890C01EB81014368A3EB0C039942FAD80E
:10AE4C005D4BC3F800902AB1002300BF0133226888
:10AE5C009342FAD348460321F9F73CFACAF3074167
:10AE6C00F9F738FA544CCAF307210DF18C0AF9F7AB
:10AE7C0031FA2946F9F72EFA636823F00063636010
:10AE8C003B4646F048574E4699464FF0080B002576
:10AE9C00276000BF00BFFAF76FFEA3682660C3F3FC
:10AEAC00C06343EA450500BF00BFFAF765FEBBF17E
:10AEBC00010BEDD10AF8015BC245E6D1D9F800309F
:10AECC002360636843F07D5363609DF893209DF885
:10AEDC009230CDE905329DF891209DF89030CDE966
:10AEEC0003329DF88F209DF88E30CDE901329DF80C
:10AEFC008D209DF88C300092314AA8E12F4A4FF4F6
:10AF0C000053126800934FF4000301922D4A602104
:10AF1C002D4803F09FFF2C48FFF75AFDF1E5012067
:10AF2C00F8F752F820280346284AA8BF202323EA22
:10AF3C00E3731360264AA0E60120264DF8F744F887
:10AF4C00B0F5005F144EA8BF4FF40050D5F8008048
:10AF5C00042804464FF00000B8BF042421462C609E
:10AF6C007768F8F745F872682346C5F80080D21B5D
:10AF7C000092194A6021144803F06CFF1248FFF745
:10AF8C0027FDBEE5C00A0020F877002060040020F1
:10AF9C00C01A002024040020001000E0100B002038
:10AFAC00F777002070450020F97700200001400160
:10AFBC0004150020B445002000C000422C140020D1
:10AFCC00740B0020600A0020104500200C15002096
:10AFDC00FC0A002000150020240B0020FA7700202A
:10AFEC00E717002001200DF19008F7F7EDFFB34BA8
:10AFFC00C2B283461B78099202EB420203EBC303F5
:10B00C0002EB421203EBC3033B339B1A23AA02F855
:10B01C00013B9045A3F16303F9D1A94BA94F1978D2
:10B02C00A94BAA4C1878F8F781FAA94BD7F800A0CD
:10B03C001A68A84B4AEA030323EA020323F0785563
:10B04C00A54B5A6845F0405642F07D525A601D603F
:10B05C0022683AB1002300BF013322689342FAD32D
:10B06C00D7F800A00F2128460A92FAF7A5FD052172
:10B07C002846FAF7A1FD984BDFF868C2C3F800A088
:10B08C00964B9749DCF804E018680A9AA1FB00106B
:10B09C00800C00EB8000DCF80410A1EB0E01884260
:10B0AC00F9D88D490E603AB1002100BF01312268F8
:10B0BC009142FAD3D7F800A066213046CDE90A2395
:10B0CC00F9F708F98449DFF81CC2C1F800A001F1B6
:10B0DC008D710B9B01F58F31DCF804E0186883311E
:10B0EC000A9AA1FB0010800C00EB8000DCF8041025
:10B0FC00A1EB0E018842F9D877490E603AB10022D3
:10B10C0000BF013221688A42FAD3D7F800A09921F6
:10B11C0030460A93F9F7DEF86F4A0220C2F800A015
:10B12C0001F0A2FB6C4A0A9B166022682AB100212E
:10B13C0000BF013122689142FAD3CBF3074A304663
:10B14C000221CBF3072B264623ACCDE90A32F9F7C3
:10B15C00C1F85146F9F7BEF85946F9F7BBF8099909
:10B16C00F9F7B8F8DDF82C9014F8011BF9F7B2F8E0
:10B17C00A045F9D158493446064638680A9B4A46D8
:10B18C0008605849DFF858C148681B68ACFB033CA1
:10B19C004FEA9C4C0CEB8C0C4B681B1A9C45FBD857
:10B1AC004D4B1E602AB1002300BF0133226893422D
:10B1BC00FAD330460321F9F78DF85146F9F78AF89E
:10B1CC00454C594645F04855F9F784F80999F9F773
:10B1DC0081F863680DF1940A23F0006363604FF00B
:10B1EC00080B4FF00009256000BF00BFFAF7C4FC44
:10B1FC00A3682660C3F3C06343EA490900BF00BFDC
:10B20C00FAF7BAFCBBF1010BEDD108F8019BD04564
:10B21C00E5D13B682360636843F07D5363609DF820
:10B22C008F209DF88E30CDE905329DF88D209DF84C
:10B23C008C30CDE903329DF893209DF89230CDE906
:10B24C0001329DF891209DF890300092264A6021A1
:10B25C00264803F0FFFD2548FFF7BAFB51E4012017
:10B26C00DFF89CB0F7F7B0FE05460220F7F7ACFE0E
:10B27C0004460320F7F7A8FE0E2C21462B46A8BF48
:10B28C000E210E2D0246A8BF0E23602821EAE17183
:10B29C001748A8BF602223EAE373082AB8BF082224
:10B2AC0001928BF8003050F8233050F821000090B8
:10B2BC001048017010490A60104A28E6F8770020FF
:10B2CC00F777002070450020F9770020B445002066
:10B2DC00041500200001400100C000422C14002085
:10B2EC0083DE1B43001000E0440B002010450020BF
:10B2FC009C040020E617002000150020D00A002036
:10B30C00E71700200120F7F75FFEB0F5C87F034672
:10B31C00B74AA8BF4FF4C87323EAE3731360B54A66
:10B32C00ABE40120F7F750FE04460220F7F74CFE81
:10B33C001C9005460320F7F747FEAF4B06465F68A7
:10B34C00002D00F02F8563194FF000082C46219733
:10B35C001D93B4F5005F23461D9A28BF4FF400538C
:10B36C00101B19460993F7F743FE012E00F0BB831F
:10B37C00022E00F07384072C40F2F684DFF88CB2B6
:10B38C004FF0000E9D4D4FF00009CBF10803DC4649
:10B39C0012941396CDE910384FF0000805EB091400
:10B3AC00109E4FEA890009F10201A76855F820B0F8
:10B3BC005FFA81F90B97E768DCE900230CF1080CC4
:10B3CC000C972769100906EB0C0A66680D9719098A
:10B3DC000A9602F00F32666900F00F3003F00F335B
:10B3EC0001F00F310E960A9ED4E906740F942FFAD1
:10B3FC0082F42FFA92F224FB0BE422FB06420B9E02
:10B40C002FFA80F42FFA90F024FB06240C9A0E9E4F
:10B41C0020FB024E2FFA83F20D982FFA93F322FBA6
:10B42C00008223FB06232FFA81F22FFA91F122FBE3
:10B43C0007320F9B21FB0328099B5345AED20EEB21
:10B44C000803129CDDF84480139E099A6C49920AF9
:10B45C00096801FB02F2A3EBC20398441C9AC4F5E1
:10B46C000053D342C0F06884A4F5005471E7012066
:10B47C00F7F7AAFD634B644A1870C3B2FFF7FDBB24
:10B48C000120F7F7A1FD06460220F7F79DFD804647
:10B49C00002800F08E8400245A4F2546A8EB050A9C
:10B4AC0006EB050BBAF5005F584628BF4FF4005A5F
:10B4BC005146F7F79DFDA84518D03B780BEB4B0B8D
:10B4CC00524A03EBC3030BEB4B1B924403EBC3033A
:10B4DC003B33A3EB0B03DBB212F8010BA3F16301BB
:10B4EC008342CBB218BF01349245F5D105F5005516
:10B4FC00A845D3D8404A23465268A2EB09020092D1
:10B50C00434A37E50120414CF7F75EFD3D4BB0F562
:10B51C00005F1978A8BF4FF4005001EBC10104285B
:10B52C00064601EBC101B8BF04263B31A51904F84E
:10B53C00011BA542A1F16301F9D1DFF8F0A0354C54
:10B54C002D4BDFF8ECB09AF8000027689BF8002030
:10B55C0026605D68002840F0FB832F4B2B4953F885
:10B56C00223032469847244A334652682760521B91
:10B57C0000922A4AFEE40120DFF8B880F7F724FD98
:10B58C0004460220214FF7F71FFD064620463D4694
:10B59C00182E4FF00104A8BF1826012EB8BF0126A3
:10B5AC003146F7F725FD5823A8F8003002E05B2C54
:10B5BC003FF7E4AC15F8013BC4F1600108EB040063
:10B5CC00174A03F047FCEB1B04449E42EFDCD5E426
:10B5DC000120F7F7F9FCB0F5FA6F0346114AA8BF42
:10B5EC004FF4FA6323EAE37313600F4AFFF745BB8A
:10B5FC00B4450020DC0A0020001000E0BC650020EF
:10B60C00BC750020F8770020E40A0020C01A002046
:10B61C00BC0B00200015002060040020300B002023
:10B62C003C0B0020B8450020C80A0020FA77002007
:10B63C00E7170020104500200120F7F7C5FC4B4A06
:10B64C00C3B2012B137000F08B83022B00F091839B
:10B65C00032B00F09D833821454AC2F86C12C2F8C6
:10B66C007012C2F87412C2F87812BFF34F8FD2F86E
:10B67C006C2200923F4A7DE40120F7F7A5FC83463B
:10B68C000220F7F7A1FC00230746CDE92433CDE9CE
:10B69C002633002800F088839A461C46A7EB040941
:10B6AC000BEB0405B9F5005F284628BF4FF4005991
:10B6BC004946F7F79DFCA74241D02F4B05EB4505BA
:10B6CC00DFF8C0E04FF0000C1B7805EB4515264663
:10B6DC00CDF8249003EBC30303EBC30303F13B014D
:10B6EC00491B1EF8010B24AA00234840C0F3031584
:10B6FC0000F00F0045FA03F440FA03F9013314F09B
:10B70C00010F02D014680134146019F0010F02D03B
:10B71C00146801341460042B02F10402EAD10CF118
:10B72C00010C099B63396345DBD80AF1020AB74265
:10B73C000CBF9946A3F1010934460AEB490A04F5FA
:10B74C000054A742AAD8DDE92472DDE92631019321
:10B75C003B460092094ACDE9021A6021084803F0E1
:10B76C0079FB0748FFF734F9FFF7CBB9FB770020DB
:10B77C0000801F40040B0020F8770020A40B002051
:10B78C0010450020C01A002000230120CDE92433ED
:10B79C00F7F71AFCC4B20220F7F716FCC04B4FF0B7
:10B7AC008072C3F884204FF48002C3F884204FF4D5
:10B7BC008072C3F88420002C00F0D482012C00F09D
:10B7CC00EF82022C16D1C5074FF0100240F1E58232
:10B7DC00C3F884208407B24B4FF0200240F1DA8288
:10B7EC00C3F884204107AE4B4FF0400240F1C582B4
:10B7FC00C3F884200525AB4CAB4BAC4A6068196888
:10B80C00A2FB0121890C01EB81016268121A9142A1
:10B81C00FBD801213520099301F07CF8A04E4FF0A4
:10B82C00007201213220C6F888204FEA051A01F077
:10B83C0071F84FF0805201213620C6F8842001F0B7
:10B84C0069F84FF0005201213420C6F88420984E3C
:10B85C0001F060F80121312006EB0515914F01F044
:10B86C0059F8099BEA6856F80A50C5F888208F4A9F
:10B87C0060681968A2FB0121890C7A68121A91423E
:10B88C00FBD8874C4FF080624FF080594FF0005836
:10B89C004FF0006B0993C4F88420C4F884B0C4F84A
:10B8AC008490C4F88480F6F757FB4FF08062C4F89C
:10B8BC008420C4F888B0C4F88490C4F88880F6F763
:10B8CC004BFB06EB0A02099BD2687648C5F884202C
:10B8DC00C4F88490C4F884807C68744A1968A2FB0C
:10B8EC000121890C01EB81014268121B9142FBD8AA
:10B8FC0006EB0A026B4CD268C5F888206B4A40688C
:10B90C001968A2FB0121890C6268121A9142FBD8BA
:10B91C0066200993F7F73AFB06EB0A0256F80A5031
:10B92C00D268099BC5F88420604A646819685D4830
:10B93C00A2FB0121890C01EB81014268121B91428F
:10B94C00FBD806EB0A02574CD268C5F88820574A38
:10B95C0040681968A2FB0121890C6268121A914295
:10B96C00FBD806EB0A0599200993F7F70FFB56F85D
:10B97C000A200220E968C2F8841000F075FFE9681B
:10B98C0056F80A20099BC2F88810484A646819685E
:10B99C004448A2FB0121890C4268121B9142FBD83E
:10B9AC009F200993F7F7F2FA0020F7F7EFFA00203F
:10B9BC00F7F7ECFA0020F7F7E9FA394D0DF18F099A
:10B9CC000DF1970B374CDFF8E480099F31200021F3
:10B9DC0000F0A0FF08204FF0000C4FF0007EC5F8DF
:10B9EC0084E0AB686168C3F3C0633A6843EA4C0C0B
:10B9FC00A8FB0232920C63685B1A9A42FBD8C5F81A
:10BA0C0088E061683A68A8FB0232920C63685B1AA2
:10BA1C009A42FBD80138E2D109F801CFD945D5D1EA
:10BA2C0006EB0A0156F80A20204BC968C2F88410AC
:10BA3C0060683A681B49A3FB0232920C02EB82024B
:10BA4C004B681B1A9A42FBD8154B4FF0807230246E
:10BA5C00C3F884204FF48002C3F884204FF4807222
:10BA6C00C3F88420E0B20134012100F053FF372CDD
:10BA7C00F8D10B4A536843F07D5353609DF89020E6
:10BA8C000D2A00F07D8100239DF893100092039104
:10BA9C009DF89210074A02919DF8911001910BE0CC
:10BAAC0000C00042001000E02C14002083DE1B4379
:10BABC0054060020A40A00204FE60120F7F784FA70
:10BACC000228034640F2428100221346DFF814A3F9
:10BADC008AF80020B84AFFF7D0B857F82130B74998
:10BAEC009847FFF742B9032C40F241814FF0000E0A
:10BAFC00DFF8C8B2CDF87880CBF10403F146DC4610
:10BB0C00F0461B931F9420965CF8043B09F101014D
:10BB1C00AB4C4FEA09101D0904EB891201F03F09E7
:10BB2C00D90805F0013A5D0954F8200001F0013103
:10BB3C005C0805F001379D090A9104F001341B994A
:10BB4C0005F001360B90DD096144980805F00135CC
:10BB5C0003F001331A9100F00130D2E901B10C91DC
:10BB6C00D1680D9111690E9151690F9191691091E4
:10BB7C00D1691191116A1291516A1391916A1491C0
:10BB8C00D16A1591116B1691516B1791916B18919C
:10BB9C00D26B0B9919922FFA83F22FFA93F322FBA3
:10BBAC0001E223FB0B830C992FFA84FB2FFA94F4FC
:10BBBC002BFB012B0D9A0A9924FB02340E9A2FFAB7
:10BBCC0080F32FFA90F023FB02B30F9A20FB024074
:10BBDC002FFA81F2109C2FFA91F122FB0432119B67
:10BBEC0021FB030112982FFA8AF323FB00231398ED
:10BBFC002FFA9AF222FB001214982FFA87F121FBEC
:10BC0C00003115982FFA97F323FB002316982FFA7F
:10BC1C0086F222FB001217982FFA96F121FB0031C5
:10BC2C002FFA85F3189823FB002E2FFA95F3199A07
:10BC3C0023FB0218099B1A998B42BFF465AF0EEBDC
:10BC4C0008031F9CDDF87880209E5B00099A110A7E
:10BC5C005C4A126802FB1133FFF7FFBB032C40F266
:10BC6C008A80DFF858B14FF0000E00251194CBF10B
:10BC7C000403DC461296CDE90F384FF00008524908
:10BC8C00EA005CF8043B01EB45140F9E51F822B01E
:10BC9C009809E76806EB0C09990800F003300B973C
:10BCAC001A09276901F0033102F0033203F0033360
:10BCBC000C970135D4E901A605F07F050A96666953
:10BCCC00D4E906740D960E940A9E2FFA83F42FFA7B
:10BCDC0093F324FB0BE423FB0A832FFA81FA2FFA4C
:10BCEC0091F12AFB064A0B9C0D9E21FB04312FFA85
:10BCFC0082F30C9C2FFA92F223FB04A322FB061274
:10BD0C002FFA80F12FFA90F021FB073E0E9B20FBBF
:10BD1C000328099B4B45B2D20EEB0803119CDDF8AE
:10BD2C004080129E099A2749520A096801FB02F2C7
:10BD3C00A3EB4203FFF791BB219F4446234A2346C2
:10BD4C005268D21B0092224AFFF714B90246BDE694
:10BD5C00204B0020194953F822303246984702E410
:10BD6C001D4979E4302546E50023FFF76EBB00231F
:10BD7C006CE71A4970E40023D4E7C3F8882039E54E
:10BD8C009DF89130A3F15D03B3FA83F35B097BE675
:10BD9C00134961E4C3F8882024E5C3F8882019E529
:10BDAC00332528E51C9CC9E701460346024682461A
:10BDBC00CDE40446FFF79EBBF40A0020C01A002015
:10BDCC00BC450020BC750020BC550020001000E0D4
:10BDDC00180B00202404002038000100F900010099
:10BDEC0038F00100FA77002001207047B0F8463097
:10BDFC00B0F848209BB292B2934202D2013AD01AC8
:10BE0C007047416B01390A44D01A7047016972B608
:10BE1C00B0F84A20B0F84C3092B29BB29A423CBF78
:10BE2C00806B1218C86AD31A62B6C0F30260184449
:10BE3C00704700BFB0F84A100246B0F84C3089B2D7
:10BE4C009BB2994210D00133906B116B984298BF02
:10BE5C000023994203D9126AD05CC0B270475B1AB6
:10BE6C00526AD05CC0B27047D0F810C072B6B0F84D
:10BE7C004A0080B2814201D062B6E4E7DCF82C3093
:10BE8C0013F0E06F03D14FF0FF3062B67047DCF86F
:10BE9C001C0000214FF0010C136AC0F30900A2F83A
:10BEAC004AC0A2F84C105870EFE700BFB0F84AC077
:10BEBC000146B0F84C301FFA8CFC9BB29C4525D047
:10BECC00013310B5D1F838E09E4515D90A6B1C46E4
:10BEDC009A4216D90A6AD25CD0B28A6DA1F84C404B
:10BEEC004AB19C451DD3ACEB0303CC6B9C4202D3F3
:10BEFC00CB6DC2F8883010BD00240A6B23469A42E1
:10BF0C00E8D8486A9A1A825CD0B2E6E762460069C1
:10BF1C0072B6B1F84AC01FFA8CFC624505D062B605
:10BF2C00CEE7E644AEEB0303DFE7C36A13F0E06F42
:10BF3C0003D14FF0FF3062B67047C069C0F30900FF
:10BF4C00F9E700BF90F8443043B110B5044602F055
:10BF5C004BF894F84430002BF9D110BD704700BF5A
:10BF6C0038B54369D3E90312096811422DD0016930
:10BF7C00044690F844200D4632B102F035F894F89E
:10BF8C004430002BF9D163690021104AA961207E4D
:10BF9C0003EB0010007D02EB0010D0F804C005206C
:10BFAC00CCF8000094F819C003EB0C1393F8343060
:10BFBC0002EB0312A36D52681060A4F84A10A4F8A7
:10BFCC004C1013B1E26DC3F8842038BD5406002028
:10BFDC0007EE901A9FED947A0421B6EE005AF8EE13
:10BFEC00677A9FED926A41F6FF7CC7EE275A2DE9DE
:10BFFC00F04315468E460122046907EE901AF8EEBE
:10C00C00E77A85EEA77A77EE057AFDEEE77A17EEFA
:10C01C00903A6345A8BF6346012BB8BF012307EED6
:10C02C00903AF8EEE76A76EEC76AC6EE877AF5EED6
:10C03C00C07AF1EE10FA01D5F1EE677AF4EEC67A19
:10C04C00F1EE10FA03D8B0EE676A8E461A4601314B
:10C05C002129D2D141690023866BB1F85870A0F820
:10C06C004A30F71BA0F84C30A0F84630C763B1F843
:10C07C005A70A0F84830F61B80F844300664D1E9B9
:10C08C0003763B683343AE053B60C5F340238376B0
:10C09C0000F1A580077EDFF8C08101EB0717644B28
:10C0AC0097F814C0D7F81C9008EB0C1CDCF808604F
:10C0BC00DCF804C03360BB69CCF80030B9F1000F78
:10C0CC0002D03F6AC9F80070477ED92301EB0717ED
:10C0DC0097F834C008EB0C1CDCF808603360BF6BBD
:10C0EC00DCF804301F60437E01EB0313DF6B0FB1F0
:10C0FC001B6C3B60BEF1080F0EF1FF3CCCBF4FF048
:10C10C00000E4FF0010E42EA4E434FEA0C6202F071
:10C11C00F8521343002223614B7849681033E260D4
:10C12C00444A42F8231042694FF0010E424905F08F
:10C13C00030C5778B2F85620404B7A544FF0021744
:10C14C0041694A7803EB521302F01F029B000EFA6E
:10C15C0002F21A60E762A36A43F08803A3626B07DA
:10C16C0034D44CF47013AF06827E2AD543F080533E
:10C17C00002A3CD12E07A36103D5236943F0005359
:10C18C0023616369EA0654BF23F0805343F0805364
:10C19C006361EB0503D5236943F4005323618B687A
:10C1AC006BB1274D2C78002C3CD0264B03EB840133
:10C1BC0001E08B422AD053F8042F9042F9D1BDE80C
:10C1CC00F083002AD6D043F0A003D3E705F00F0389
:10C1DC00042B14BF1C4B1D4B4CEA0303C3E7477ED7
:10C1EC004FF2D903DFF8708001EB071770E7427E3E
:10C1FC0043F0A00301EB021292F8342008EB021674
:10C20C00B668326822F440423260B3E7611C104ACF
:10C21C00104B297043F82400137843F00203137079
:10C22C00BDE8F0830121F2E7001BB74BEC78AD6061
:10C23C0038F001000018002000E400E0403800381D
:10C24C00FD770020BC3A002010003C0010003C4060
:10C25C000B780020C03A002054060020EFF3138026
:10C26C00B8B9EFF310834BB9EFF305823AB94FF439
:10C27C008073EFF3118050B1984208D270470F2AA7
:10C28C0002D8EFF311827047034B9B5CF1E7184621
:10C29C0070474FF0FF30F1E7F0E300E0036D2DE95C
:10C2AC00F04188460446066913B1426DC3F88420F8
:10C2BC00A37E2BB172B6B36943F00053B36162B67F
:10C2CC00B4F84650636BADB20135AB424CD8002785
:10C2DC003D46B4F848309BB29D4219D029E07369B1
:10C2EC001B0210D5B4F84830626B9BB201339A42F2
:10C2FC0037D91A46E16A99422ED9E169CB5CDBB297
:10C30C00F361A4F84820B4F848309BB2AB4210D18A
:10C31C00FFF7A4FF6369B3F856308342DFDAB0F558
:10C32C00807FF0D101F060FEB4F848309BB2AB4294
:10C33C00EED0E26AAA4219D9E26902F8058072B617
:10C34C00012084F84400A4F84670B36943F4000358
:10C35C00B36162B6BDE8F0815B1AA16ACB5CDBB25B
:10C36C00CEE700221346C5E72F46B2E7AD1AA26A04
:10C37C0002F80580E3E700BFFFF790BF026953693D
:10C38C0013F4401F70B537D0D36A13F0E06FC3F3CA
:10C39C00026E2ED0B0F84A40B0F84C30A4B29EB227
:10C3AC00D2F81CC0631CB0F84C10856BCCF3090C94
:10C3BC0089B29D4298BF0023994208D0016B9942E3
:10C3CC00A3EB010166D9016A01F803C01C460EF10A
:10C3DC00FF3313F0FF0EE3D1836DA0F84A4043B155
:10C3EC00B4425BD3A41B016CA14202D8C16DC3F84B
:10C3FC0084105369DD0248D4D2F818E01EF4000F03
:10C40C0028D053691C0225D5B0F846C0B0F8483086
:10C41C001FFA8CFC9BB206E0C169C95CC9B2D16140
:10C42C00D16A490512D463453CD0446B0133C16ACF
:10C43C009C4298BF00239942A3EB0104ECD8816A7B
:10C44C00095DC9B2D161D16A4905ECD56345A0F843
:10C45C00483029D01EF4800F16D053695B0213D5D7
:10C46C000021036D80F8441013B1416DC3F888109E
:10C47C00837E2BB172B6936923F00053936162B63D
:10C48C00936923F48003936170BD536943F4801363
:10C49C005361B1E7446A04F801C097E7816B891BCB
:10C4AC000C44A0E7A0F84830936923F4000393618F
:10C4BC00936943F480039361CCE700BF0148FFF715
:10C4CC005DBF00BF40140020084601F0FDBC00BF5A
:10C4DC002DE9F0410C46D1B1EAB180468F18002508
:10C4EC000E4E04E001F0F0FCBC4205440CD0D8F830
:10C4FC00003014F8010B1B68B342F3D001464046E0
:10C50C009847BC420544F2D12846BDE8F0810D465F
:10C51C002846BDE8F0811546F6E700BFD9A5000016
:10C52C0000B5036883B040F60D2C022201A95B68AC
:10C53C00ADF804C0984703B000BD00BF044B0228FF
:10C54C0088BF0346D3F800C01846DCF804301847FF
:10C55C0030140020A94AAA4B90422DE9F047A94C6F
:10C56C00D3F814E09969D4F80CC000F2088103F1F7
:10C57C00437303F5F4530333A3FB0023DB0D03EBED
:10C58C00830303EB830202F2B63240F227639A4232
:10C59C0028BF1A469C4BA3FB0232D208203A984D76
:10C5AC000CF01F04D5F88030944243F0C003C5F85A
:10C5BC0080300BD22CF01F0C924C4CEA020CC4F8BD
:10C5CC000CC02368002BFCDA0CF01F041EF0007367
:10C5DC0027D18E4D2E698E4DB54300F0FA8081F433
:10C5EC00805576464FF4805716F0605F06D02EF0DB
:10C5FC00605E4EEA030E824BC3F814E015F4405F04
:10C60C0007D021F440517E4D3943A961AB6C1B0717
:10C61C00FCD44EF0007E7A49C1F814E08B6C9F0676
:10C62C00FCD47C49884200F2DF80012635460EE0BE
:10C63C00082D0CD1042E00F291800136022506FB48
:10C64C0000F38B4200F2C3805B008B4206D80135AD
:10C65C0006FB05F300FB03F38B42E9D9771E05F1CA
:10C66C00FF384FEA872A8EEA87276B4959186B4B9C
:10C67C0099427CD9DFF8E4916C2369486349B0FB9B
:10C68C00F5F0684DB0FBF6F00E6835404D4508D01E
:10C69C0043F400534FF480550D600B600B68002B76
:10C6AC00FCDA57490B6903F00703434504D0C1F882
:10C6BC0010808B6CDE03FCD417F4E05F0BD02EF4EF
:10C6CC00E05E0AF4E0534E4943EA0E0EC1F814E062
:10C6DC008B6C9D07FCD4544D544945198D4239D867
:10C6EC00534BED09A3FB05352D0B6B1E1B028EEA7C
:10C6FC00030111F4407F07D02EF4407E03F4407305
:10C70C003F4943EA0E034B613D494B6923F00073EB
:10C71C004B618B6C9B06FCD4464BA242A3FB0013D3
:10C72C004FF0FF314FEA9343B0FBF5F5B1FBF3F358
:10C73C004149086041490D6041490B6008D22CF019
:10C74C001F0C30494CEA0202CA600B68002BFCDA61
:10C75C00BDE8F0874FF440730425C8E7771E2E49D7
:10C76C004FF007084FEA872A59188EEA8727294B7A
:10C77C0099421CD8DFF8E890362332487EE7324BDA
:10C78C00984201D80E220AE7304B984228D9304AF9
:10C79C00904227D9821A2F4B120AA3FB0232D209DC
:10C7AC0002EB820202EB820202F2E242EDE6A3F11C
:10C7BC0082532948DFF8AC90A3F589337E3BA3FB69
:10C7CC0001310B0D03FB00F043EA090956E7012583
:10C7DC0044E71F468EF0C0560D464FF0C05303E79A
:10C7EC000F22DCE61222DAE6012603464FF0000A9D
:10C7FC0077464FF00008354637E700BF001C4E0E59
:10C80C0000C00F40000008401F85EB5100800D4018
:10C81C0040300080FFB19F26808D5B00FF7EF64D7F
:10C82C0000643F4D7F3001807FD1F0087F17B42C1E
:10C83C009F10E50083DE1B432C14002028140020DD
:10C84C00CC77002000B29F26FF0A6B1B00A4781F38
:10C85C000046C32323B24C00001BB7006C200080A1
:10C86C00362000800020008000B970472DE9F84F79
:10C87C0001218146224C234E234D54E8003F32685F
:10C88C00286844E80013002BF7D120494B684FF47B
:10C89C007A7BDFF87CA01B1A01270BFB02F8DAF875
:10C8AC000020A2FB03235B4594BF9844D84454E872
:10C8BC00003F3268286844E80073002BF7D14B68BE
:10C8CC00DAF800C01B1A0BFB02F2ACFB03C3B3F586
:10C8DC007A7F94BFD21802F57A72A2EB0802B2F5F5
:10C8EC007A7F08D3B9F1010F08F57A7809F1FF398D
:10C8FC00DDD1BDE8F88F01F077FB0449D7E700BF25
:10C90C00D8770020D4770020D0770020001000E0EA
:10C91C00CC770020362831D802011B4B012903EBC0
:10C92C0000109B5800B55A68D0E902EC12D00429CB
:10C93C0010D022EA0C025A60C9B102291FD0032977
:10C94C004FF015020CBF114B114BCEF80030436861
:10C95C001A6000BD42EA0C0201295A6007D040F669
:10C96C003803CEF80030436815221A6000BD382316
:10C97C001522CEF8003043681A6000BD7047054B95
:10C98C00CEF80030EFE700BF54060020383001002D
:10C99C003800010038F0010008B5FDF7EFFEFEF796
:10C9AC0039F801F021FBFAE7844641EA000313F061
:10C9BC0003036DD1403A41D351F8043B40F8043B9A
:10C9CC0051F8043B40F8043B51F8043B40F8043B5D
:10C9DC0051F8043B40F8043B51F8043B40F8043B4D
:10C9EC0051F8043B40F8043B51F8043B40F8043B3D
:10C9FC0051F8043B40F8043B51F8043B40F8043B2D
:10CA0C0051F8043B40F8043B51F8043B40F8043B1C
:10CA1C0051F8043B40F8043B51F8043B40F8043B0C
:10CA2C0051F8043B40F8043B51F8043B40F8043BFC
:10CA3C0051F8043B40F8043B403ABDD2303211D39C
:10CA4C0051F8043B40F8043B51F8043B40F8043BDC
:10CA5C0051F8043B40F8043B51F8043B40F8043BCC
:10CA6C00103AEDD20C3205D351F8043B40F8043B9C
:10CA7C00043AF9D2043208D0D2071CBF11F8013B9A
:10CA8C0000F8013B01D30B8803806046704700BF60
:10CA9C00082A13D38B078DD010F003038AD0C3F16F
:10CAAC000403D21ADB071CBF11F8013B00F8013B51
:10CABC0080D331F8023B20F8023B7BE7043AD9D310
:10CACC00013A11F8013B00F8013BF9D20B780370E5
:10CADC004B7843708B7883706046704701F1FF3C54
:10CAEC0070B566464FF0000E01E00EF1010EB0FB82
:10CAFC00F2F402FB1403092B03F1370598BF03F181
:10CB0C0030059042204606F8015FEED201EB0E0391
:10CB1C0000225A70BEF1000F11D0481C70440CF169
:10CB2C0002021CF8014F10F8015DA1EB0C03521A24
:10CB3C008CF80050013B047073449A42EFDB0846BA
:10CB4C0070BD00BF10B500234FF470440F224FF49A
:10CB5C00806EA0F88C411946A0F88E214FF46044E9
:10CB6C00A0F890310A46B0F8883148F2B82C43F05E
:10CB7C00F003A0F8883101EB4103013100EB4313C2
:10CB8C0004299C80A3F806E05A841A865A805A819C
:10CB9C00A3F80EC05A82DA825A83DA83EBD1B0F84A
:10CBAC00883143F00F03A0F88831B0F8883143F492
:10CBBC007063A0F8883110BD374B384A996F3848EC
:10CBCC0041F47F0170B5996741F20106D3F88010EA
:10CBDC0045F6C05543F226040A43C3F88020FFF7FC
:10CBEC00B1FF00F58040FFF7ADFF00F58040FFF787
:10CBFC00A9FF00F58040FFF7A5FF0022A0F5031068
:10CC0C004FF00F0E114600EB42134FEA421C01325B
:10CC1C009981042A5981A3F80EE09E82DD8020F8C8
:10CC2C000C1019829C81EED100221E484FF00F0E81
:10CC3C0041F20106114645F6C05543F2260400EBBD
:10CC4C0042134FEA421C01329981042A5981A3F8FC
:10CC5C000EE09E82DD8020F80C1019829C81EED1B2
:10CC6C00002211480F2641F20105114645F6C05429
:10CC7C0043F2260E00EB42134FEA421C013299811B
:10CC8C00042A5981DE819D82DC8020F80C101982E7
:10CC9C00A3F80CE0EED170BD00C00F40000003FC07
:10CCAC0000C03D4000001E4000401E4072B6EFF335
:10CCBC000583524CC4F884301EF0040F0CBFEFF304
:10CCCC000882EFF309824FF0E0234D4DD3F8280D85
:10CCDC00D3F82C1DC4E92201D3F8341DD3F8383D08
:10CCEC00C4E924139369A83444F8103CD36944F87C
:10CCFC000C3C00F0CDF804ED020A01F015FA0B2300
:10CD0C0044F8040C4FF0FF323E4844F8283C2B68A2
:10CD1C00202104355A4042F30003013903EA000391
:10CD2C0083EA5202F7D1A542F1D1344BC3F8A820C3
:10CD3C00BFF34F8F4FF0E0233149334AC3F8701FD4
:10CD4C00C3F8702FBFF34F8FBFF36F8F2F4A02249E
:10CD5C002F48D36E2F4943F44053D3660460D369F4
:10CD6C002D4823F07F0343F04003D3610B688342CB
:10CD7C0040D8274D00204FF0E0234FF0FF322860C1
:10CD8C000121C5F8080125480C460E46C5F80001DE
:10CD9C00C5F80811C3F88021C3F88421C3F8882191
:10CDAC00C3F88C21C3F8902101E000F071F9D5F89B
:10CDBC000C31002BF9D04F2CC5F80C6104F1010497
:10CDCC00F3D9174B022017494FF00042C1F840012C
:10CDDC005A63D5F80C313BB9134814490C4A01631A
:10CDEC00D2F80C31002BFAD04FF0E023104AC3F8E4
:10CDFC000C2DFEE7FFF7AEFBBBE700BF00FF2720C3
:10CE0C0080FF27202083B8EDA0FF272000C00F4013
:10CE1C00004008402C140020803DCD0B009F2400C6
:10CE2C0000900D4000002E4000800F40F100AD0B33
:10CE3C000400FA05094A08B50346106823B10344F7
:10CE4C0007498B4201D8136008BD02F0F3F90C229C
:10CE5C0003464FF0FF301A6008BD00BF10150020CC
:10CE6C0000002820002070474FF0FF30704700BFB3
:10CE7C004FF4005300204B60704700BF01207047F7
:10CE8C004FF0FF30704700BF30BFFDE7FFF70EBF1C
:10CE9C00124AD2F880305B07FBD5D2F880301048AC
:10CEAC00C3F30B230F4990ED007A07EE903A91ED06
:10CEBC00006AB8EE477A0C4AF8EEE77A0B4BD2EDE3
:10CECC00006A77EEC77A93ED007AB8EE477A67EE90
:10CEDC00867A87EEA60A37EE400A704700810D402D
:10CEEC00BC770020C4770020C8770020C0770020D2
:10CEFC00836B70B586460E4610461BB1536843F4DF
:10CF0C000043536072B6DEF8342042B31B4B106002
:10CF1C00D3F8B02132421ED1194C656805E0626825
:10CF2C00A2EB050CBCF5166F0BD2D3F8402142F4E2
:10CF3C008042C3F84021D3F8B811D3F840215204F1
:10CF4C00EDD5314007D10D4ACEE90201D2F8B0310E
:10CF5C003343C2F8B031CEF8340062B670BD074925
:10CF6C00CEE90202D1F8B0313343C1F8B031CEF87A
:10CF7C003000CEF8340062B670BD00BF00002E4009
:10CF8C00001000E070B5056B95B12B46002403E052
:10CF9C001B680134012B0CD05A681206F8D50363B8
:10CFAC0006462CB12846B36B2D689847013CF9D145
:10CFBC0070BD00220023C0E90C23F1E700B501BBD2
:10CFCC00DFF8A0C0234B0021234A4FF0010E4FF095
:10CFDC0001109960C3F800E0CCE902314FF0800CED
:10CFEC00C3F804C0C2F8BC01D2F8B0311B4843EA04
:10CFFC000E03C2F8B0310160D2F8B031002BFBD176
:10D00C0000BD0904164BDFF85CC04FF0010E41F077
:10D01C0080019860104A596000F58051C3F800E017
:10D02C00D96000F50051CCF84830196100F5405139
:10D03C0000F58040596100219861CCF84C10D2F871
:10D04C00B03143F48033C2F8B031D2F8B031002B98
:10D05C00FBD1B7E7E03A002000002E4050770020CB
:10D06C00003B002000000020074901220B78824081
:10D07C0023EA02030B7033B9044AD2F8483123F087
:10D08C008003C2F8483170470378002000002E401E
:10D09C002DE9F047A64C82B0D4F84461F107C4F8EE
:10D0AC0044614CD5D4F8AC31002B43D0A14DA24FE8
:10D0BC00DFF8B882C4F8AC31D5E90A20D4F8403195
:10D0CC0043F40053C4F84031D4F840319B04F5D5F7
:10D0DC00D4F840314FF0011123F40053C4F840311F
:10D0EC00C4F8B411D4F8B43113F00113FAD191B2DD
:10D0FC0084463B60B1F5086F00F03A8100F29580F0
:10D10C0040F2023E714500F0928100F2A480822927
:10D11C0000F0E181B1F5817F00F0B381802940F00E
:10D12C009580864802210380FFF748FFD4F8AC3184
:10D13C00002BBFD17E4AD2F8BC31002B42D17206F3
:10D14C0016D57B4BD3F8AC21C3F8AC21D3F8BC215A
:10D15C00C3F8BC21D3F8B041002CFBD14FF0FF3207
:10D16C00C3F8B421D3F8843100F046FD744B1C6035
:10D17C00F40103D5734B1B6803B19847B00103D579
:10D18C00714B1B6803B19847710708D5684BD3F8EE
:10D19C00843113F4007345D06C4B01221A70644B2C
:10D1AC00D3F848311A060AD5330608D5684A1378DD
:10D1BC002BB1013BDBB21370002B00F06D8202B07F
:10D1CC00BDE8F0875C49C2F8BC310868034240F006
:10D1DC0098815B4A12681340B1D01C0C554D1FFA54
:10D1EC0083F810D094FAA4F7B7FA87F705EBC710B9
:10D1FC004030FFF7C7FE012303FA07F7BC43F1D118
:10D20C00B8F1000F9BD0012798FAA8F4B4FA84F473
:10D21C0005EBC41007FA04F4FFF7B4FE38EA04086F
:10D22C00F2D18CE7494A1370B9E742F2212E7145CD
:10D23C005AD049D8B1F5106F00F0A28042F2210CFF
:10D24C00614503D1010C072900F08C814FF00113CB
:10D25C00C4F8C0316AE7B1F5A06F00F0CA80A1F53F
:10D26C00D0610129F2D83B4B59680029EED01FFA46
:10D27C008CFE120C03E019690C330029E6D0B3F8CC
:10D28C0000C09445F7D1B3F802C0F445F3D14FEA8E
:10D29C00122C000CBCF1030F00F0CB811B898342D4
:10D2AC0028BF0346B2F5007F9A4640F09A81274B7F
:10D2BC001B78002B40F0EE81274952462748DFF8B7
:10D2CC009C90FFF771FB9EE142F22133994214D0FE
:10D2DC004FF6C0039942B9D183B2FF2BB6D843F4B1
:10D2EC006E4363F30F0CBEE780B230B91C4B120CCB
:10D2FC0019681C4B19601C4B1A700023C5F8488028
:10D30C00EB64C8F808300123C8F800308023C8F853
:10D31C0004304FF00113C4F8BC31D4F8B03143F4ED
:10D32C008033C4F8B031D4F8B031002BFBD1FDE61A
:10D33C0000002E4000000020507700208477002051
:10D34C0054770020E8770020EC7700200978002043
:10D35C000A780020780D0020281E00600000202094
:10D36C00D4770020E477002007780020E03A0020F2
:10D37C00B34B0121B3481B780370FFF71FFED5E6B2
:10D38C00AF49120C01930A70AF4AC4F8C821AF4AD6
:10D39C00C4F8CC21AE4AC4F8D02100F02FFC802276
:10D3AC000199AC4801F060FEAB498022019BA96455
:10D3BC004A60AA4AEB64C5F8A02002F13C428B609B
:10D3CC0002F56C2202F56F72C5F8E02001220A60AA
:10D3DC004FF00112C4F8BC21D4F8B02142F48032D1
:10D3EC00C4F8B0219E4A3B60D2F8B031002BFBD17F
:10D3FC009CE69949EB648B600123A9640B60802344
:10D40C004B604FF001139649C4F8BC31D4F8B031DD
:10D41C0043F48033C4F8B031D1F8B031002BFBD1D8
:10D42C00130C5B0643F08073C1F854317EE610F0A8
:10D43C00780F7FF40BAF00F07F028A4B000653F895
:10D44C0022104CBF41F4803141F0010143F822100D
:10D45C000021814BE96499600121AB641960802142
:10D46C007F4A59604FF00113C2F8BC31D2F8B03189
:10D47C0043F48033C2F8B031D2F8B031002BFBD179
:10D48C0054E610F0780F7FF4E1AE00F07F02754B9C
:10D49C00000653F822104CBF21F4803121F0010119
:10D4AC0043F8221000216C4BE96499600121AB64B4
:10D4BC00196080216A4A59604FF00113C2F8BC31DF
:10D4CC00D2F8B03143F48033C2F8B031D2F8B03175
:10D4DC00002BFBD12AE610F078037FF4B7AE00F0F6
:10D4EC007F01604A000652F82110564A138036D547
:10D4FC00C90301D50123137002215248FFF75EFDC9
:10D50C0014E60020086058490C88486842F2210152
:10D51C008C427FF45EAE80B200287FF45AAE534941
:10D52C00534C03C9A18086284FEA11412060A17198
:10D53C007FF44FAE72B64F48017841F0080101708C
:10D54C00D2F848110D0605D480200143C2F84401DD
:10D55C00C2F8481162B6484A5021117039E6CB071F
:10D56C00CAD5C7E74049EB60444BC1E90020012212
:10D57C00AB601A60424A5A603C4A9A60D4F8B011C7
:10D58C0041F00101C4F8B01102F58051D96002F5E7
:10D59C000051196102F5405102F5804259619A61BE
:10D5AC002F4AD2F8B031002BFBD12B49EB648B60A6
:10D5BC000123A9640B6048F280034B604FF0011308
:10D5CC00C2F8BC31D2F8B03143F48033C2F8B03178
:10D5DC004FF48033224A3B60D2F8B031002BFBD1A0
:10D5EC00A4E5B2F5E06F7FF468AE264B1B78002BF8
:10D5FC004ED12549DFF8949052464846FFF7D4F9AE
:10D60C00072389F8013029F01F0309EB0A02BFF345
:10D61C004F8F4FF0E021C1F8703F20339A42FAD877
:10D62C00BFF34F8FBFF36F8F18485146FFF7C6FCFF
:10D63C007CE50B78834228BF03469A463DE600BF43
:10D64C0008780020847700200200CC00C80002007B
:10D65C000200C80080000020E03A00205DCFC6B870
:10D66C0000002E40C0012E40A0440020487700202E
:10D67C00DC770020037800200A780020003B002093
:10D68C0080000700097800208C1E0060000020201C
:10D69C000449AFE7044910E60320FFF7E5FC07F067
:10D6AC0063FB00BF281E00608C1E00602DE9F04358
:10D6BC00841E83B0022C02D903B0BDE8F083124D56
:10D6CC0090460F46C60105EBC0143C220021019088
:10D6DC00201D994601F0C8FCB8FA88F239045209A9
:10D6EC0041EA42710122A951C4F83890A260B9F103
:10D6FC00000FE1D00549019B9A400B681A430A6060
:10D70C0003B0BDE8F08300BF000000205477002078
:10D71C002DE9F043A0F1020E83B0BEF1020F02D945
:10D72C0003B0BDE8F0839146C201124F884602F166
:10D73C00400605463C220021F4190193201D01F0FE
:10D74C0093FCB9FA89FC4FEA0842019B4FEA5C1C36
:10D75C0042EA4C72BA510122A363A260002BDFD0C3
:10D76C00054905F110000B6882401A430A6003B0AA
:10D77C00BDE8F083000000205477002012044FF025
:10D78C00010C816042F08002C0F800C0C36101F559
:10D79C00805C01F54053426001F5005201F5804177
:10D7AC00C0F80CC08161C0E904237047831E022BB2
:10D7BC0000D9704700F1100C064B0A4603EBC01061
:10D7CC0000B54FF0010E0EFA0CF15DF804EBFFF70B
:10D7DC008FBB00BF40000020831E022B00D9704776
:10D7EC004FF0010C034B0A460CFA00F103EBC0108E
:10D7FC00FFF77EBB0000002040687047144B0A22E4
:10D80C00DFF850C0D3F8200220F07F4000EB8003FB
:10D81C0000B55B0085B0604538BF18466946FFF718
:10D82C005DF9DFF834C06B4600226046197801328E
:10D83C00013341B10A2A20F8021FF7D116228CF8C5
:10D84C00002005B000BD52008CF8002005B000BDD2
:10D85C0000441F4080969800D017002000F0ECBACE
:10D86C0000F0BABA00F020BB00F0D8BA00F06EBBE2
:10D87C0000F048BB0846114600F03ABB70B5164D97
:10D88C004FF0E02415494FF40032154E05EB4015CE
:10D89C0082B001EB4021C4F88C2103463288284623
:10D8AC000191FFF76BFF019933880B44BFF34F8F46
:10D8BC00C4F85C1F20318B42FAD8BFF34F8FBFF3F3
:10D8CC006F8F03202946FFF787FF4FF40033C4F80E
:10D8DC000C3102B070BD00BF203B00208000202026
:10D8EC00F0770020264B1A884368C3F30E43D21AF4
:10D8FC00002AF0B5C46983B028DD2248224D017896
:10D90C002D78CBB2DFF894C0A942204D09D01CF879
:10D91C0003100F4635F811100E46C1F500718A42FE
:10D92C001AD90133002125F81420082B184D88BF73
:10D93C000B4625F8141098BF19460CF80340154BEC
:10D94C00017019680A441A6003B0F0BD204603B098
:10D95C00BDE8F040FFF792BF0F4906EB472001925C
:10D96C00084401EB4421FFF71FF8019A09492046AE
:10D97C00B31825F817300B6813440B60E7E700BFAA
:10D98C00F0770020017800200278002090770020AA
:10D99C00A07700208C77002080002020B07700201A
:10D9AC00224B1A78002A3FD102F0FF03204A12784A
:10D9BC00002A39D01F4A1288002A35D01E49C2F5D8
:10D9CC00006210B5087884B01C4901EB40141C4966
:10D9DC0001EBC0212046CDE902230191FFF7CEFED9
:10D9EC00DDE901120A44BFF34F8F4FF0E020039B97
:10D9FC00C0F8701F20318A42FAD80193BFF34F8FC1
:10DA0C00BFF36F8F04202146FFF7D0FE0A48002198
:10DA1C00084B027819800132019BD2B2032A98BFBD
:10DA2C001346037004B010BD704700BF0678002089
:10DA3C0008780020F277002005780020203C002098
:10DA4C00801020202DE9F04F87B00490002900F0C1
:10DA5C00BF8000235F4C604F4FF00109DFF890A1AD
:10DA6C005E4E029303915E4B5E4A1D783B8802EB3F
:10DA7C00451284F800900192002B40F0A580984646
:10DA8C001D469B460198FFF7B7FE10F0800000F092
:10DA9C008B80BFF34F8F9AF8003084F800B00DB92B
:10DAAC00D6F80080002B7BD13368A3EB0803782BCE
:10DABC0000F283804C4B1B78002B71D000F094FA51
:10DACC003B88012584F80090002BDBD044491A4692
:10DADC00C3F500600D78039900EBC520DFF814B195
:10DAEC009142584417D20593DDE903210192FEF7C8
:10DAFC005BFF019A4FF04041059B9B1A3B803B4BCF
:10DB0C00C3F88410BFF34F8F029800231044237086
:10DB1C0007B0BDE8F08F0499FEF746FF00230BEB2E
:10DB2C00C5214FF400620198FFF728FE0BEBC521CD
:10DB3C00BFF34F8F01F1200201F50063934294BFB4
:10DB4C00012340234FF0E02201EB4313C2F8701F76
:10DB5C0020318B42FAD1BFF34F8FBFF36F8F04206C
:10DB6C000199FFF723FE1E4A13780133DBB2042B15
:10DB7C0028BF002313703B88039AD11A029A1A44C7
:10DB8C0003910292049A1A4400230492174A3B8090
:10DB9C00C2F88430BFF34F8F237000297FF463AF3A
:10DBAC00029807B0BDE8F08F4FF400620C4B8AF876
:10DBBC0000001D7813463A808DE7012302988AF8FD
:10DBCC00003007B0BDE8F08F1A46C3F5006082E75D
:10DBDC000846E6E706780020F2770020D47700208C
:10DBEC0005780020203C00200878002000002E4002
:10DBFC000478002080102020704700BF2D4B00219E
:10DC0C0080222D4870B51B7800242C4E8B420CBF03
:10DC1C0040234FF400732A4D33802B8001F024FAFB
:10DC2C00284A2146284B14704FF4807227481C80D8
:10DC3C0001F01AFA264A1021264B0220C2E90044B0
:10DC4C00C2E90244244AC3E900441470234AC3E9DC
:10DC5C000244234B1C70234614602246FFF758FDE8
:10DC6C00204B224631880320FFF720FD234601225A
:10DC7C0029880420FFF74CFD20460134FFF7FEFDF8
:10DC8C00082CF9D1184B00214A221848184C046072
:10DC9C00C3F88410C3F88020D3F84821154942F00A
:10DCAC008072C3F8482121B1134A137843F0010361
:10DCBC00137070BD09780020203C0020F077002004
:10DCCC00F477002005780020F2770020203B00201C
:10DCDC0090770020A0770020017800208C7700201E
:10DCEC0002780020F5B9000000002E40E8770020F3
:10DCFC00B1BA0000000000000B7800202DE9F84FAD
:10DD0C004FF400324FF0E023C3F88C212B4B1C78DE
:10DD1C00002950D082468B46E4B20027DFF8B4903D
:10DD2C00274B5046274AABEB07081B78A34204F15C
:10DD3C00010437D0092C244B244928BF00241E5D34
:10DD4C0039F8163031F8165003EB4621ED1A114410
:10DD5C00A8452A4617D21E4C42465046FEF724FED2
:10DD6C00236839F816105846A3EB0B0388443B4440
:10DD7C0029F8168023604FF0E0234FF40032C3F8EB
:10DD8C000C21BDE8F88FFEF70FFE114A2F443046E8
:10DD9C001368AA445B1B1360084A1470FFF76EFDEE
:10DDAC00BB45BDD84FF0E0234FF400323846C3F8E2
:10DDBC000C21BDE8F88F0846DDE700BF0278002093
:10DDCC000178002080002020B07700209077002080
:10DDDC008C770020A07700200B4B0C4A1278197816
:10DDEC00D3B28A420DD0013309480A4A092B0A4999
:10DDFC0028BF0023C35C31F8131002EB4323585C9B
:10DE0C0070474FF0FF3070470178002002780020F7
:10DE1C00B077002080002020A0770020054B1868E8
:10DE2C0000B1704700B583B0019000F0DDF80198A7
:10DE3C0003B000BD8C7700202DE9F84F144E154D22
:10DE4C0033782A78934220D0DCB2DFF85090DFF898
:10DE5C0050B0DFF85080104F0134082CA24601D985
:10DE6C000024A24619F80400DBF8003038F8102022
:10DE7C0037F81010521A9B1ACBF80030FFF7FEFC43
:10DE8C0086F800A02B78A342E6D1BDE8F88F00BF3E
:10DE9C000278002001780020A0770020B0770020C5
:10DEAC008C7700209077002000B583B001210DF114
:10DEBC000700FFF723FF18B19DF8070003B000BD62
:10DECC004FF0FF30FAE700BF084B00B583B01B786A
:10DEDC008DF8070033B101210DF10700FFF7B2FDFA
:10DEEC0003B000BD03F0FF0003B000BD08780020B4
:10DEFC00034B1B780BB1FFF7A5BD03F0FF00704778
:10DF0C00087800202DE9F04100240D4E01230D4D21
:10DF1C00A0460D4F33703B782846A34205D0FFF73F
:10DF2C006BFC030658BF08F5006801342035042C3F
:10DF3C00F1D1BFF34F8F002340463370BDE8F08121
:10DF4C0006780020203C002005780020204B1B7810
:10DF5C0013B1204B1A8802B970471F4BC2F50062EF
:10DF6C001E481F4930B51B7883B01E4C00EB431084
:10DF7C0001EBC3210123054623700023CDE90012D8
:10DF8C00FFF7FCFBDDE900120A44BFF34F8F4FF0A3
:10DF9C00E023C3F8701F20318A42FAD8BFF34F8FA9
:10DFAC00BFF36F8F04202946FFF700FC0A490022BB
:10DFBC0008480B7802800133DBB2042B28BF1346D0
:10DFCC000B70BFF34F8F074B1A7003B030BD00BFFF
:10DFDC0008780020F277002005780020203C0020F3
:10DFEC0080102020067800202E4B2DE9F0411E7861
:10DFFC0086B1DFF8C88098F800305BB90123F107CF
:10E00C0088F8003040D4B20727D4002388F80030B9
:10E01C00730701D4BDE8F081234B1A68002AF9D0AC
:10E02C00EFF30582002AF5D1EFF3108572B618686C
:10E03C00002830D01D4C217800292CD101222270CF
:10E04C0042691A60002A2AD0916105B962B600258E
:10E05C008368457798472570DCE7154B1B78002BB8
:10E06C00D3D0144F002557F8044F236820461B6962
:10E07C00984710B163699B6898470D4B01351A7826
:10E08C00EBB29A42EFD8C0E7FFF7C8FE0028BAD02F
:10E09C00AFF30080B7E7002DBCD162B6BAE7064BF0
:10E0AC001A60D2E70B780020C0750020FC770020A6
:10E0BC00FD770020BC3A0020CC750020FE770020B4
:10E0CC0070B5EFF3108272B60C4C206880B10C4E18
:10E0DC0000254369236073B19D6102B962B6836800
:10E0EC0045779847EFF3108272B620680028F0D17C
:10E0FC0002B962B670BD3360EFE700BFC87500208F
:10E10C00C4750020FFF7DCBF0449054A4968054B7C
:10E11C001960136801331360704700BF001000E0F2
:10E12C00D4770020D0770020074A506A936A1946AA
:10E13C008446506A936A9942F9D18445F7D1DB0B36
:10E14C0043EA4040704700BF00400D4008B5D0E99D
:10E15C0000325BB1BAB10F4BA3FB0213DB0803EB2C
:10E16C004303B2EB83030AD1012008BD094BA3FB87
:10E17C000213DB0803EB4303B2EB830301D0D21A87
:10E18C004260F02AF0D801F055F81C22034600201A
:10E19C001A6008BDABAAAAAA30B583B060B3044616
:10E1AC0021B11D46B2FA82F35B09A2B9206818B3FB
:10E1BC0062680AB3164B174902FB03F3B1EBB30FBA
:10E1CC001AD3A368FBB9002323606360A360E360E8
:10E1DC00012003B030BD0193069BC0E90012C3605F
:10E1EC00FFF7B4FF60B1002DF2D06268019920688E
:10E1FC00A56000F039FFEBE701F01CF81623036073
:10E20C00002003B030BD002100F02EFFDBE700BF83
:10E21C00ABAAAAAA555555150A22002100F01ABD21
:10E22C002DE9F04F01F10B02162A85B0804624D857
:10E23C00102900F2AB8000F0C9FA02251821102237
:10E24C00B74C2144A1F108004E68864200F062816F
:10E25C007268F168B46822F003023244E1608C60A9
:10E26C00516841F001014046516000F0B5FA06F1E9
:10E27C000804204605B0BDE8F08F32F0070200F12B
:10E28C008580914200F28280019200F09FFA019AFF
:10E29C00B2F5FC7FC0F0BA81570A7FD0042F00F290
:10E2AC007281970907F139052BB207F1380CDB00A5
:10E2BC009B4C2344A3F108065B689E4207D10DE0FA
:10E2CC000028DF6880F21381BE4207D03B465968B4
:10E2DC0021F00301881A0F28F2DD65462369914964
:10E2EC008B4200F0F1805E6826F00306B11A0F290C
:10E2FC0000F391818B480029C4E9040080F27981F4
:10E30C00B6F5007F676880F01981F10801310FFACA
:10E31C0081FC76090121B14054F83C0098600F4310
:10E32C0004EBCC010839D960676044F83C30C36019
:10E33C00AB1001269E40BE4236D83E4206D125F097
:10E34C00030576003E4205F10405FAD004EBC50A3C
:10E35C0004EBC507A946F9680EE0486820F0030EE7
:10E36C00AEEB020CBCF10F0F0B46C96800F3188121
:10E37C00BCF1000F80F22D818F42EED109F1010921
:10E38C0019F0030F07F10807E5D17FE10C23C8F85A
:10E39C0000300024204605B0BDE8F08F4FF4007328
:10E3AC0040254FF03F0C83E7A768796821F0030301
:10E3BC0093429A4603D3991A0F2900F387805A493E
:10E3CC005A4E0968103111440820CDE9011200F0B1
:10E3DC0065FF01994B1E03444542834630681D403E
:10E3EC00B0F1FF3F18BF29464046019100F0FAFEFC
:10E3FC00411C0546DDE9011200F02B8107EB0A0CEC
:10E40C00844500F224814A4B186800EB01090BF19A
:10E41C00FF3EC3F8009000F08981306801301BBFCB
:10E42C00A5EB0C0C09EB0C003560186015F007001F
:10E43C00814600F04881C0F108000544CDE9012374
:10E44C006B1803EA0E015844401A00EA0E063146D6
:10E45C0040469B4600F0C6FE421CDDE9012300F05D
:10E46C009581401B304440F001011868A56000EB19
:10E47C000609A7426960C3F8009017D0BAF10F0FD4
:10E48C0040F25E81AAF10C0121F0070C796801F0D1
:10E49C00010141EA0C017960052607EB0C01BCF186
:10E4AC000F0FC1E9016600F263816968214B1E6898
:10E4BC004E4538BFC3F800901F4B1E684E4501D225
:10E4CC00C3F800902F46C6E0676831E7BD1841F0ED
:10E4DC00010142F001027A604046A560696000F0DB
:10E4EC007BF907F10804204605B0BDE8F08F9A6867
:10E4FC0001931944D760BA604A6842F00102404661
:10E50C004A6000F069F9019B03F10804204605B04C
:10E51C00BDE8F08FCE68B1427FF49AAE0235DDE6ED
:10E52C00200E0020280E00200876002068170020FE
:10E53C00D87500200076002004760020B6F5206FF8
:10E54C004FEA56207CD3142800F2D38000F15C01F2
:10E55C0009B25B30C90004EB010C6158ACF1080C3A
:10E56C008C4503D1A8E089688C4504D0486820F01C
:10E57C000300B042F7D8D1F80CC0C3E9021CCCF8A8
:10E58C000830CB60D4E6142F72D9542F00F2BA8025
:10E59C00170B07F16F052BB207F16E0CDB0087E64A
:10E5AC009D1842F001025A609E68864AF1608E60A6
:10E5BC00C4E90455C5E902224CF001026A604046E8
:10E5CC0043F80EC0019300F007F9019B03F1080416
:10E5DC00E0E69E441C46DEF8043043F00103CEF81E
:10E5EC00043054F8083F4046D9608B6000F0F4F8D2
:10E5FC00D0E61E4440467268019342F001027260FC
:10E60C0000F0EAF8019B03F10804C3E6D508691C85
:10E61C0009B2C90014E69D1842F001025A60694A19
:10E62C000193C4E90455C5E9022241F001026A6074
:10E63C004046995100F0D0F8019B03F10804A9E67B
:10E64C00B00900F1390109B23830C90083E7A7429B
:10E65C0063D0A768796821F003009042A0EB020117
:10E66C0002D30F293FF732AF404600F0B5F890E6E1
:10E67C0007F15C052BB207F15B0CDB0018E6514689
:10E68C0051F808398B428A4640F09A8015F0030FF6
:10E69C0005F1FF35F3D1636823EA06036360760066
:10E6AC009E423FF681AE1EB97EE6760009F1040962
:10E6BC001E42FAD04D4649E68010012606FA00F0BB
:10E6CC000743676059E7CDE902236B1803EA0E0193
:10E6DC00ABEB010606EA0E0631464046019300F00C
:10E6EC0081FD431C019B04BF4E461846DDE9022305
:10E6FC00B7E6542827D8300B00F16F0109B26E3001
:10E70C00C90028E7B7F5AA7F27D8D70B07F17805FA
:10E71C002BB207F1770CDB00CAE52B4B186800EB2A
:10E72C0001090BF1FF3EC3F8009076E615EA0E0FD7
:10E73C007FF473AEA568514441F001016960B5E600
:10E74C0001236B6090E7B0F5AA7F25D8F00B00F1A0
:10E75C00780109B27730C900FDE640F254539F426C
:10E76C0024D8930C03F17D0503F17C0CEB009FE5A1
:10E77C0007F108014046CDE9012300F07BFEA568B6
:10E78C00029B6968D3F80090019A8FE6A9F1080101
:10E79C000BEB0100002664E640F2545188420BD882
:10E7AC00B00C00F17D01C9007C30D4E64FF47E73CF
:10E7BC007F254FF07E0C7BE54FF47E717E20CAE600
:10E7CC0063686CE7280E0020D8750020014800F023
:10E7DC0061BD00BFD0750020014800F05DBD00BFD9
:10E7EC00D0750020002900F09F802DE9F04383B004
:10E7FC000C4600928046FFF7E9FF009901F10B03EC
:10E80C00162B60D81023994260D854F804EC2EF0E3
:10E81C0003029A42A4F1080565DAB348806805EB57
:10E82C00020C6045DCF8046000F0908026F00100DA
:10E83C0060444068C0076CD426F0030690198342EC
:10E84C004CDD1EF0010F0FD154F8080C281A0746A6
:10E85C00406820F0030006441644B34240F3EF80B6
:10E86C001618B34240F3C9804046CDE90023FFF7A8
:10E87C00D7FCDDE900230646002800F0178154F888
:10E88C00041C21F001012944A0F1080C614500F0A1
:10E89C00AE80043A242A00F2CE80132A00F29C8027
:10E8AC0003462246116819605168596092689A6053
:10E8BC002146404600F0DEFD4046FFF78DFF304616
:10E8CC0003B0BDE8F08333F007039CD50C23C8F8E4
:10E8DC0000300026304603B0BDE8F0830246DCE988
:10E8EC000201C16088606968D01A0F2801F001012B
:10E8FC0005EB02061BD811436960736843F00103F2
:10E90C0073604046FFF768FF2646304603B0BDE80B
:10E91C00F0831EF0010FA7D154F8080C281A0746F3
:10E92C00406820F003009BE71146FFF779BC1943C0
:10E93C006960E91840F001004860736843F0010316
:10E94C0008317360404600F095FDDAE726F00306C7
:10E95C00B01803F1100C604580F28B801EF0010F93
:10E96C0082D154F8080C281A0746406820F003009E
:10E97C0006441644B445B1463FF772AF3E46F968BB
:10E98C0056F8080F043A242AC160886000F2A5806A
:10E99C00132A40F2A0802168B9606168F9601B2AD3
:10E9AC0000F2A480083407F110022168116061683C
:10E9BC005160A1689160F918A9EB03024A4D42F02D
:10E9CC000102A9604A607A6802F0010213434046D2
:10E9DC007B60FFF701FF98E723680360636843607F
:10E9EC001B2A3BD804F1080200F108035AE750F83F
:10E9FC00041C21F003010A4475E7043A3D46F9680A
:10EA0C0055F8080F242AC160886020D8132A1CD915
:10EA1C002168B9606168F9601B2A3DD8083407F198
:10EA2C0010022168116061685160A16891602C46E8
:10EA3C0032463D4657E7214600F084FA38E7DCE9D8
:10EA4C000201043AC1608860D8E72A46E9E721460A
:10EA5C002846009300F076FA009BE8E7A3688360F1
:10EA6C00E368C360242A25D004F1100200F11003DE
:10EA7C0018E71D4A1D449560C21A42F001026A60F3
:10EA8C0054F8042C02F001021343404644F8043CB1
:10EA9C00FFF7A2FE264638E7A1683961E168796183
:10EAAC00242A10D0103407F11802BAE74046FFF7B9
:10EABC0093FE0EE7236903616169416104F1180259
:10EACC0000F11803EEE62269BA616269FA61183442
:10EADC0007F12002A5E7324667E72146304600934E
:10EAEC0000F030FA009B66E7200E0020A168396127
:10EAFC00E1687961242A03D0103407F1180254E735
:10EB0C002269BA616269FA61183407F120024CE794
:10EB1C00242B2DE9F84F42D8012B884619463ED0BC
:10EB2C0091464B4A82461E46C64670461EF8017BED
:10EB3C00D35D13F00803F8D12D2F70D02B2F05BF08
:10EB4C009EF800709B469B4600F1020E6FF000434E
:10EB5C0061BB302F4DD00A2631460022B3FBF6F4B0
:10EB6C00104606FB143505E03CD006FB00C0012224
:10EB7C001EF8017BA7F1300CBCF1090F06D9A7F1E7
:10EB8C00410CBCF1190F17D8A7F1370C61451CDDEE
:10EB9C00571CEDD08442E7D24FF0FF32E8E700F08B
:10EBAC0049FB162303600020BDE8F88F1029D4D14F
:10EBBC00302F27D00E46D0E7A7F1610CBCF1190F0E
:10EBCC0003D8A7F1570C6145E2DC511C30D0BBF1E6
:10EBDC00000F0CD1B9F1000FE6D0AABBC9F8008028
:10EBEC00BDE8F88F6545C0DA4FF0FF32C0E7404210
:10EBFC00F0E79EF8002002F0DF02582A08D0082621
:10EC0C003146AAE79EF8002002F0DF02582AD1D143
:10EC1C0010269EF8017031460EF1020E9DE79EF80B
:10EC2C0000704FF0004300F1020E4FF0010B8FE724
:10EC3C002222CAF80020B9F1000F07D00EF1FF38DC
:10EC4C001846C9F80080CBE70346F7E71846ABE750
:10EC5C003105002000B5DFF818E084461346DEF8D5
:10EC6C0000005DF804EB0A466146FFF751BF00BF98
:10EC7C007C170020024A0349034800F0C9B800BFC2
:10EC8C00701700206D000100281200200C4B416809
:10EC9C00994210B5044601D003F060F9A168094B04
:10ECAC00994202D0204603F059F9E168064B99428B
:10ECBC0004D02046BDE8104003F050B910BD00BF91
:10ECCC000C76002074760020DC7600202DE9F843C9
:10ECDC00314A324C3249DFF8DC90DFF8DC80314FBE
:10ECEC001160002504232946082204F15C00C4E9C4
:10ECFC0003352D4EA560C4E90055C4E9055565667C
:10ED0C0000F0B2F904F15800C4E90749C4E90987D5
:10ED1C00E66200F0BBFA2946244B6367082204F133
:10ED2C00C400C4E91A55C4E91E552567C4F8CC5073
:10ED3C00C4F8805000F098F904F1680304F1C000A5
:10ED4C00C4F88430C4E92298C4E9247600F09EFA11
:10ED5C00174BC4F8DC30294604F596700822C4E938
:10ED6C003455C4E93855C4F8D850C4F83451C4F8F3
:10ED7C00E85000F079F904F1D003C4E93D87C4F8F8
:10ED8C00F09004F59470C4F8FC60C4F8EC30BDE865
:10ED9C00F84300F07BBA00BF447700200C760020CB
:10EDAC0085CD000029D000004DD0000009000100E5
:10EDBC0012000200C5CF0000E9CF000010B50446D8
:10EDCC000A4800F067FA636B23B9094B094A1B68C0
:10EDDC00626323B1BDE81040044800F05DBAFFF750
:10EDEC0075FFBDE81040014800F056BAD4750020FC
:10EDFC00447700209DCD0000014800F04BBA00BFC5
:10EE0C00D4750020014800F047BA00BFD47500202B
:10EE1C002DE9F8430746884616464FF000097568F9
:10EE2C00013D11D4B468A389012B08D9B4F90E3073
:10EE3C0001332146384602D0C04749EA0009013D5A
:10EE4C006B1C04F16804EED13668002EE7D14846FD
:10EE5C00BDE8F8830CB430B5144B0D1E1C689DB086
:10EE6C001FDB14BF01220022AA1A114B05930021AB
:10EE7C0021AB1B91029006900492079202A9209A52
:10EE8C000193204601F01CF8431CBCBF8B2323606C
:10EE9C0015B1029B00221A701DB0BDE8304002B0C3
:10EEAC0070478B2323604FF0FF30F5E77C17002071
:10EEBC000802FFFF10B50C46B1F90E1000F07CF9FA
:10EECC00002803DB236D0344236510BDA38923F4C1
:10EEDC008053A38110BD00BF2DE9F0411F46B1F94D
:10EEEC000C301646DA050C4605460BD423F4805339
:10EEFC00A381B4F90E103B4632462846BDE8F041DA
:10EF0C0000F082B90223B1F90E10002200F03EF994
:10EF1C00B4F90C30EAE700BF10B50C46B1F90E108D
:10EF2C0000F034F9B4F90C30421C0EBF23F48053BA
:10EF3C0043F480532065A38110BD00BFB1F90E10BE
:10EF4C0000F012B9884270B531D98B1883422ED992
:10EF5C00032A00EB02011DD941EA030C1CF0030F3C
:10EF6C001D4618D14FEA920C0CF1FF36A1EB8C0424
:10EF7C008C4653F804ED4CF804EDA445F9D1C6EBDE
:10EF8C00867301EB830105EB830CACF104030439AC
:10EF9C0002F0030252B102F1FF3C6FEA0C0C9C44EC
:10EFAC0013F8012D01F8012D6345F9D170BD032A29
:10EFBC0050D941EA00039B074ED10F2A51D922F0B8
:10EFCC000F0301F1100601F1100C103B203100F180
:10EFDC00100E19445CF8104C4EF8104C5CF80C4CAC
:10EFEC004EF80C4C5CF8084C4EF8084C5CF8044C91
:10EFFC004EF8044C0CF1100C8C450EF1100EE9D1AE
:10F00C00F11812F00C0F034402F00F0503F110037A
:10F01C0025D025F0030CACF1040426461A1F1C194C
:10F02C008C465CF804EB42F804EFA242F9D10431AF
:10F03C0004333144334405F00302002AB6D0013ABC
:10F04C000132013B0A4411F801CB03F801CF914284
:10F05C00F9D170BD0346F0E7013A0346F0E72A46C2
:10F06C00EBE703461546D4E730B5840786460346DE
:10F07C0006D0A2B303F8011B980702F1FF32F8D1B6
:10F08C00032A26D95FFA81FC0CEB0C2C0F2A0CEB13
:10F09C000C402AD922F00F0C9C44C3E90000C3E9B0
:10F0AC00020010336345F8D112F00C0F02F00F047C
:10F0BC0017D04FEA940C0CF1FF351A4603EB8C0C6D
:10F0CC0042F8040B6245FBD1043304F0030203EB5A
:10F0DC00850322B11A4403F8011B9A42FBD17046F6
:10F0EC0030BD2246002AF5D1F9E71446E1E700BF0E
:10F0FC0010B504460843830701D1032A19D8A44646
:10F10C0001F1FF3E07E01EF8011F03F8011B501E22
:10F11C0031B19C4602466346002AF4D1204610BD0C
:10F12C0094440028FAD003F8011B6345FBD1204618
:10F13C0010BD0B46A44618681946A0F1013323EA0A
:10F14C00000313F0803F01F10403D9D1043A032AE0
:10F15C004CF8040BEFD81946D2E700BF014B93F8DB
:10F16C00100270471415002038B5074C00230546D3
:10F17C0008462360FDF778FE431C00D038BD236899
:10F18C00002BFBD02B6038BD5877002038B58C464F
:10F19C00084C114605461A46604600232360FDF7CD
:10F1AC006FFE431C00D038BD2368002BFBD02B60B6
:10F1BC0038BD00BF5877002038B58C46084C114636
:10F1CC0005461A46604600232360FDF74BFE431CA0
:10F1DC0000D038BD2368002BFBD02B6038BD00BF9E
:10F1EC005877002038B5074C0023054608462360A5
:10F1FC00FDF720FE431C00D038BD2368002BFBD04C
:10F20C002B6038BD5877002038B58C46084C114619
:10F21C0005461A46604600232360FDF78FF9431C10
:10F22C0000D038BD2368002BFBD02B6038BD00BF4D
:10F23C0058770020014B1868704700BF7C170020DE
:10F24C0070B50E4E0E4DAE4208D0761BB610002493
:10F25C0055F8043B01349847A642F9D8094E0A4D9B
:10F26C0005F086FDAE4208D0761BB610002455F88A
:10F27C00043B01349847A642F9D870BDF01D0060DC
:10F28C00F01D0060F41D0060F01D0060704700BFB1
:10F29C00704700BF704700BF704700BF082802D1FD
:10F2AC004FF48050704708B5FFF7C4FF1623036076
:10F2BC004FF0FF3008BD00BF000000000000000050
:10F2CC000000000000000000000000000000000032
:10F2DC000000000000000000000000000000000022
:10F2EC000000000000000000000000000000000012
:10F2FC0030B490F800F020F007016FF0000C10F023
:10F30C00070491F820F040F048804FF000046FF0B3
:10F31C000700D1E9002391F840F000F1080082FACF
:10F32C004CF2A4FA8CF283FA4CF3A2FA8CF34BBB9A
:10F33C00D1E9022382FA4CF200F10800A4FA8CF213
:10F34C0083FA4CF3A2FA8CF3E3B9D1E9042382FAE1
:10F35C004CF200F10800A4FA8CF283FA4CF3A2FAF6
:10F36C008CF37BB9D1E9062301F1200182FA4CF22E
:10F37C0000F10800A4FA8CF283FA4CF3A2FA8CF395
:10F38C00002BC6D0002A04BF04301A4612BAB2FAB7
:10F39C0082F200EBD20030BC7047D1E9002304F0BC
:10F3AC000305C4F100004FEAC50514F0040F91F8F1
:10F3BC0040F00CFA05F562EA05021CBF63EA05038E
:10F3CC0062464FF00004AAE7F8B5064608200C4642
:10F3DC00FFF764FF07463046FFF7F8F9224A9368B7
:10F3EC005D6825F00305A5F111031C1B3C44B4FB1F
:10F3FC00F7F4013C07FB04F4A74208DC002130467B
:10F40C00FFF7F0FE184A93682B44984204D030461C
:10F41C00FFF7E2F90020F8BD61423046FFF7E2FE4B
:10F42C000130114A0DD0114993682D1B45F001058F
:10F43C005D600B6830461B1B0B60FFF7CDF901209C
:10F44C00F8BD00213046FFF7CDFE074A9268831ABB
:10F45C000F2BDCDD43F001035360054B03491B68A4
:10F46C00C01A0860D3E700BF200E0020D87500201A
:10F47C0068170020002965D02DE9F0410C4607469D
:10F48C00FFF7A4F954F804EC7D49A4F1080C2EF014
:10F49C0001030CEB03028D685068954220F00300C9
:10F4AC000EF0010600F08B80151850606D6805F0A9
:10F4BC000105A846AEBB54F8084CACEB040C234435
:10F4CC00DCF8084001F1080E74456BD0DCF80C50E8
:10F4DC00E560AC60B8F1000F00F08C8043F00100E7
:10F4EC00CCF804001360B3F5007F35D2DA08486815
:10F4FC005C090132012312B2A34003434B6051F863
:10F50C003200CCF8080001EBC203083BCCF80C30FD
:10F51C0041F832C0C0F80CC03846BDE8F041FFF7E6
:10F52C005BB985B9034401F1080E9068704543F04E
:10F53C0001047AD0D268C2609060CCF804404CF8D8
:10F54C000330D0E770474EF00102B3F5007F44F86A
:10F55C00042C4CF80330C9D3B3F5206F4FEA532079
:10F56C004AD2980900F1390212B200F13804D200E3
:10F57C0088188A580838904203D15FE0926890420C
:10F58C0004D0516821F003019942F7D8D068CCE936
:10F59C000220C0F808C03846C2F80CC0BDE8F041E3
:10F5AC00FFF71AB9A5BB1844D2E90223D3609A60BD
:10F5BC0040F00103CCF804304CF80000ACE71844E0
:10F5CC0046B954F8083CACEB030C1844DCE90223B4
:10F5DC00D3609A6040F00103CCF80430294BC1F899
:10F5EC0008C01B68834297D8274B38461968FFF729
:10F5FC00EBFE91E7034498E714280FD9542824D83C
:10F60C00180B00F16F0212B200F16E04D200AFE7DA
:10F61C0043F00101CCF8041013607DE700F15C02AB
:10F62C0012B200F15B04D200A2E7C1E904CCCCE930
:10F63C0002EECCF804404CF803306DE7A410012323
:10F64C00A3404C6823434B60A1E7B0F5AA7F07D8D1
:10F65C00D80B00F1780212B200F17704D20087E7E0
:10F66C0040F25452904206D8980C00F17D0200F101
:10F67C007C04D2007CE74FF47E727E2478E700BFD6
:10F68C00200E00206C1700200876002082B049B1B3
:10F69C005AB16BB113780B601278101E18BF012091
:10F6AC0002B0704701A9002AF3D1104602B070478E
:10F6BC006FF00100F4E700BF30B5436C83B0054632
:10F6CC000C4653B153F8240088B1026843F8242047
:10F6DC000023C0E9033303B030BD2122042102F022
:10F6EC002BFE034668640028ECD10020F3E70121CF
:10F6FC0001FA04F35A1D92002846019302F01CFEF5
:10F70C000028F2D0019B44608360E1E731B1436C87
:10F71C004A6853F82200086043F82210704700BF73
:10F72C002DE9F0410E6917460D461C4601F11402F5
:10F73C004FF0000E11688BB207FB03434FEA134CDA
:10F74C00090C07FB01CC0EF1010E9BB203EB0C4331
:10F75C00764542F8043B4FEA1C44EBDC3CB1AB6809
:10F76C00B34207DD05EB860301365C612E6128464A
:10F77C00BDE8F081696801318046FFF79DFF0746BF
:10F78C00B0B12A69023205F10C0192000C30FDF780
:10F79C000BF9D8F844306A6853F82210296043F802
:10F7AC0022503D4605EB860301365C612E61DEE797
:10F7BC00024B03483A46BA2102F09EFD180C002079
:10F7CC002C0C0020B0F5803F034636BF030400200C
:10F7DC001020B3F1807F3CBF1B020830B3F1805F77
:10F7EC0006D3B3F1804F0FD29A0012D40330704776
:10F7FC001A01B2F1804F00F1040006D29B0108D42B
:10F80C005B00F3D4202070471A46002AFBDB013042
:10F81C0070470230704700BF0368590708D0DA07F9
:10F82C001FD499072AD55B08036001221046704744
:10F83C009AB282B91B0CDAB2B2B11022190701D1FB
:10F84C0004321B09990714D0D90701D401325B0883
:10F85C00036010467047DAB24AB11A0717D1042276
:10F86C00EFE700221046704718221B0AE6E7082231
:10F87C00FBE7590707D502329B08E9E79B080222F0
:10F88C00036010467047DB0804D12022CEE7DB086A
:10F89C000322DDE70332DBE738B5436C04460D4643
:10F8AC004BB15868B0B102685A6000220123C0E91C
:10F8BC000323456138BD2122042102F03DFD03469E
:10F8CC0060640028EDD1094B0948002240F2451133
:10F8DC0002F012FD1C220121204602F02DFD002811
:10F8EC00F1D001220223C0E90123DEE7180C00202D
:10F8FC002C0C00202DE9F04F0F691569AF4285B033
:10F90C000E46904605DB2A4643463D46884617463A
:10F91C001E46D8F80830D8F80410EC19A342B8BF2A
:10F92C000131FFF7C9FE8446002800F09C8014309A
:10F93C0000EB840E704505D20346002143F8041BEE
:10F94C009E45FBD8143606EB870296427CD208F112
:10F95C00140707EB8505A5EB080308F11508A84566
:10F96C00A3F11503CDE902E44FEA930A8CBF0024FE
:10F97C0001249146E34605E0090C34D1B14500F170
:10F98C0004005ED956F8041B8AB2002AF4D0CDE9E3
:10F99C000090B8468646002358F8041BDEF8000099
:10F9AC001FFA81F94FEA114C81B202FB0911000CCC
:10F9BC00194402FB0C0000EB114089B241EA0041F2
:10F9CC0045454EF8041B4FEA1043E5D8DDE900909D
:10F9DC00002C4FEA8A0208BF00220244536056F8FA
:10F9EC00041C090CCAD00368CDF800908846BC46AC
:10F9FC00864600221946BCF8009008FB092909EB41
:10FA0C0011499BB243EA09434EF8043B5CF8043BB2
:10FA1C00DEF800101B0C8AB208FB032303EB19431E
:10FA2C0065454FEA1342E6D8002C4FEA8A02DDF80E
:10FA3C00009008BF00220244B145536000F104005D
:10FA4C00A0D8DDE902E4DC46002C02DC05E0013C38
:10FA5C0003D05EF8043D002BF9D06046CCF8104082
:10FA6C0005B0BDE8F08F034B034862464FF4B1710B
:10FA7C0002F042FC180C00202C0C0020F8B512F0FF
:10FA8C000303144607462FD10E46A4102AD03D6C12
:10FA9C00002D32D004F0010364103BB92868B8B1D2
:10FAAC00054604F001036410002BF7D02A463146BA
:10FABC003846FFF71FFF36B17B6C716853F8212075
:10FACC00326043F8216074B1064628680028E7D1FB
:10FADC002A4629463846FFF70DFF002328600360AD
:10FAEC000546DEE73046F8BD013B0F4A52F82320AD
:10FAFC000023FFF715FE0646C7E701213846FFF73E
:10FB0C00DBFD054640B1012340F27122C0E904320D
:10FB1C00002338640360BDE7044B05482A4640F2D5
:10FB2C00451102F0E9FB00BFC4090020180C0020AD
:10FB3C002C0C00202DE9F0470D4691462E69AB6840
:10FB4C00496806EB6216741C9C4207464FEA621821
:10FB5C0004DD5B009C4201F10101FADC3846FFF741
:10FB6C00ABFD844600284FD0B8F1000F00F1140013
:10FB7C000BDD08F105010CEB81010346002243F873
:10FB8C00042B8B42FBD100EB8800296905F114038F
:10FB9C0019F01F0803EB810E2ED0C8F12009024684
:10FBAC004FF0000A196801FA08F141EA0A0142F81B
:10FBBC00041B53F8041B9E4521FA09FAF2D8AEEB4C
:10FBCC000503153B23F0030305F11502964538BFD9
:10FBDC000023043340F803A0BAF1000F00D13446DF
:10FBEC007B6C6A68CCF8104053F822102960604690
:10FBFC0043F82250BDE8F087043853F8042B40F842
:10FC0C00042F9E45F9D8EAE7034B044862464FF4AB
:10FC1C00EF7102F071FB00BF180C00202C0C0020BF
:10FC2C0003690A6900B5B3EB020E12D100F1140C92
:10FC3C0014310CEB820301EB820101E09C4508D2EC
:10FC4C0053F8040D51F8042D9042F7D003D24FF025
:10FC5C00FF3E704600BD4FF0010E704600BD00BF68
:10FC6C002DE9F04F17460A693B69A2EB0308B8F17E
:10FC7C00000F83B00C4615D1143107F1140505EBB8
:10FC8C00830501EB830302E0994280F0858053F8F1
:10FC9C00046D55F8042D9642F6D080F08A804FF012
:10FCAC00010805E0FBDB3B464FF000080F461C4605
:10FCBC007968FFF701FD002800F086803A69266913
:10FCCC00C0F80C8007F1100107F11408834600F10D
:10FCDC00140704F1140008EB820E944600EB860620
:10FCEC000023B946C2460A46019450F8041B52F848
:10FCFC00045F8CB21FFA85F8A8EB0408090C984431
:10FD0C00C1EB154101EB28411FFA88F848EA014480
:10FD1C00864249F8044B4FEA2143E6D8A146019CA0
:10FD2C00301B1538153420F00300A64238BF0020D4
:10FD3C000AEB00010431C4198E4562460846DC46C4
:10FD4C0098BF23461AD9A7EB0A070434C61950F8F2
:10FD5C00045B13FA85F82B442D0C05EB28459BB25C
:10FD6C0043EA05498645C6F800904FEA2543EDD88D
:10FD7C000EF1FF335B1A23F003032344B9F1000F98
:10FD8C0004D153F8041D013A0029FAD06046CCF88E
:10FD9C00102003B0BDE8F08F0021FFF78DFC8446E6
:10FDAC0058B101220023C0E90423604603B0BDE82A
:10FDBC00F08F3B4627461C467AE7074B07486246BE
:10FDCC0040F2372102F098FA0246034B034840F206
:10FDDC00452102F091FA00BF180C00202C0C0020D9
:10FDEC002DE9F043894683B0012157EC106B904606
:10FDFC00FFF762FC0446002846D0C7F30A55C7F348
:10FE0C0013030DB143F480130193331E15D101A8D4
:10FE1C00FFF702FD019B636101212030216115B3C5
:10FE2C00A5F233450544C0F13500C9F80050C8F8B7
:10FE3C000000204603B0BDE8F08368460093FFF74E
:10FE4C00EBFCDDE9002328B1C0F1200103FA01F13C
:10FE5C000A43C340002B0CBF012102216261A36144
:10FE6C002161002DDCD104EB8103A0F23240C9F8F2
:10FE7C0000001869FFF7A6FCC0EB4110C8F80000A1
:10FE8C00204603B0BDE8F083034B0448224640F201
:10FE9C000F3102F031FA00BF180C00202C0C00209E
:10FEAC0049B1FF2A02D80A70012070478A230360E7
:10FEBC004FF0FF3070470846704700BF000000004D
:10FECC002DE9F04F2DED028BD1B00C4607919046E9
:10FEDC000993824602F076F9036811931846FFF7EE
:10FEEC0007FA08221090002120A8FFF7BDF8A3897B
:10FEFC00180603D52369002B01F06E8000239FEDBB
:10FF0C00728BCDE92533CDE9143327AA0D932492B6
:10FF1C00174612931393059345462C466C4BD3F816
:10FF2C00CC61FFF71BF920AA034600921AA92246BE
:10FF3C005046B047002800F09880C0F28E801A9A84
:10FF4C00252A034601D01C44E8E7B4EB0508064615
:10FF5C0040F08F8000234FF0FF328DF85F309B46CE
:10FF6C00069301342378049201349946A9F12003B5
:10FF7C005A2B00F2AF80DFE813F0FE02AD00AD00AB
:10FF8C00FA02AD00AD00AD00DD02AD00AD00A8027F
:10FF9C00B702AD00B302C002AD00BC025B005B0057
:10FFAC005B005B005B005B005B005B005B00AD001B
:10FFBC00AD00AD00AD00AD00AD00AD002101AD0058
:10FFCC009C01AC03210121012101AD00AD00AD006C
:10FFDC00AD00A803AD00AD000803AD00AD00AD0051
:10FFEC007302AD006103AD00AD009807AD00AD002C
:04FFFC00AD00AD00A7
:02000004600199
:10000000AD00AD00AD00AD002101AD009C01870148
:10001000210121012101ED0387016C00AD000804DD
:10002000AD00F8033D0413046C00AD0073026A00D8
:100030008303AD00AD00FB07AD006A00A9F13003FA
:10004000002214F8019B02EB820203EB4202A9F1A9
:100050003003092BF5D906928EE723788AE72378B7
:100060004BF0200B86E70822002120A8FFF702F8BA
:1000700001231C4458E7B4EB0508064610D0259927
:10008000269B013143440729C7E90058269325914F
:1000900017DC0837059B43440593002E7FF460AFBF
:1000A000269B002B41F00383079B9B8903F04003B1
:1000B000002B41F0CF86059851B0BDEC028BBDE816
:1000C000F08F079924AA504601F022FF0028EBD1B7
:1000D00027AFDFE70000000000000000141500203B
:1000E000B9F1000FDCD00023CDE90B3301228DF8EC
:1000F000DC908DF85F3008930A9204930E9337AD2D
:100100000292269A1BF08403904600F005819DF828
:100110005F1009B3DDF894C000260CF10101012045
:100120000132786007290DF15F00CDE925123860B2
:1001300000F33E8408377EB1DDF894C00CF1010174
:1001400018A80232386007294FF00200CDE92512C5
:10015000786000F320840837802B00F06583049BCF
:100160000A995E1A002E00F3E8801BF4807F40F0AD
:1001700021810A9B7B601A44259B3D600133072B3C
:100180002692259300F3BC8308371BF0040F05D09B
:10019000069B02995D1A002D00F31884DDE90531F4
:1001A00002988142ACBF5B181B180593002A40F0EF
:1001B000778300232593089B1BB108995046FFF7CE
:1001C0005FF927AF2546AEE6099B073323F0070307
:1001D000B3EC028B9FEDA17BB0EEC86BB4EE476B26
:1001E000F1EE10FA099300F33986B4EE488BF1EE84
:1001F00010FA81F14685B9F1610F01F07A83B9F106
:10020000410F01F07084049B013301F07F82B9F14A
:10021000670F18EE903A4BF4807801F0F584B9F14D
:10022000470F01F0F1840023089318EE903A002B59
:10023000C1F20885B0EE487B0026A9F14103252BC9
:1002400001F2DD81DFE813F0A50CDB09DB09DB0936
:10025000700ADD0ADB09DB09DB09DB09DB09DB09E5
:10026000DB09DB09DB09DB09DB09DB09DB09DB096E
:10027000DB09DB09DB09DB09DB09DB09DB09DB095E
:10028000DB09DB09DB09DB09A50CDB09DB09DB0981
:10029000700ADD0A1BF0200F40F0DE85099A1BF082
:1002A000100F52F8046B41F01C861BF0400F0992AE
:1002B00001F08E8046F3C038434636B21FE2B9F1F2
:1002C000430F03D01BF0100F00F0658608220021B9
:1002D00022A8FEF7CFFE099A37AD126822AB294655
:1002E000504603F015F80A90013001F0AE850A9BE4
:1002F00023EAE3730293099B269A043309930023AC
:10030000CDE90B338DF85F30089304930E931BF007
:10031000840390467FF4FBAE0699029E8E1B002E4E
:1003200000F321849DF85F1000297FF4F3AE049B55
:100330000A995E1A002E7FF718AF4A49259B0F9144
:10034000102E27DD39464FF0100837462E46254639
:10035000079C04E0103F102F01F1080116DD013366
:1003600040481032072BC1E90008CDE92532F1DD04
:1003700024AA2146504601F0CBFD002840F0988287
:10038000103F102FDDE9253227A9E8DC2C46354641
:100390003E460F4601330F9939603244072BCDE9B1
:1003A00025327E6000F364841BF4807F07F1080728
:1003B0003FF4DFAEB9F1650F40F3AC82B5EE408B90
:1003C000F1EE10FA40F05283259B27493960013342
:1003D00001320121072B26922593796000F37F8754
:1003E0000837199B0D998B4280F2EB84109B119971
:1003F0001A44C7E90013259B26920133072B259346
:1004000000F3D38508370D9B5D1E002D7FF7BDAE31
:100410001449259B0F91102D40F39787A146DDF8D5
:100420001C8010260C4604E00837103D102D40F3C8
:100430008B8701331032072BC7E90046CDE92532FF
:10044000F2DD24AA4146504601F062FD002840F04A
:100450002F82DDE9253227AFE7E700BFFFFFFFFF6F
:10046000FFFFEF7FFC0D0020C80C0020DDF824808A
:1004700058F8045B00238DF85F30002D00F0A18553
:10048000B9F1530F00F037871BF010030B9340F0C6
:100490003287049B002BC1F2FC801A460B99284638
:1004A00001F09CFE9DF85F300890002801F0488420
:1004B000089A521B0A9222EAE27202920BB10132AE
:1004C00002920B9BCDF8248004930E930C93089317
:1004D0004FF0730915E6099B53F8042B0692002A86
:1004E00080F27584069A09935242069223784BF063
:1004F000040B3FE52B238DF85F3023783AE5237812
:100500004BF0800B36E5214611F8019BB9F12A0F1B
:1005100001F09084A9F13003092B98BF002201F269
:10052000DD8211F8019B02EB820203EB4202A9F18A
:100530003003092BF5D942EAE27304930C461BE51C
:10054000504601F045FE436813931846FEF7D6FE69
:1005500015900646504601F03BFE826823781492BF
:10056000002E3FF407AD002A3FF404AD1278002AB4
:100570003FF400AD4BF4806BFCE423784BF0010BAF
:10058000F8E49DF85F202378002A7FF4F3AC202262
:100590008DF85F20EEE41BF0200F4BF0100000F010
:1005A0002884099B073323F007031A46596852F839
:1005B000083B099200228DF85F20049A002A18DB7C
:1005C00053EA010220F4906B15D1049A9AB910F005
:1005D00001031A46029300F0738630238DF83F31F1
:1005E000049B0A92CDE90B330E9308930DF23F154D
:1005F00087E520F4806B50AD03F00702DB0843EA87
:100600004173C908303253EA0106284605F8012D26
:10061000F2D11BF0010F00F01582302A00F0128297
:100620003023049905F8013C023850AB1B1A99425B
:100630004FF00002B8BF1946CDE90B2208920A9389
:10064000054602910E925CE51BF0200F4BF0100165
:1006500021D1099B1A1D099B04981B684FF00008C3
:1006600040458DF85F801E4659DB21F0800B002B42
:1006700040F08C850992002840F0E983CDE90B0019
:100680000A900E900290089050AD3AE51BF0200FB2
:1006900000F0BE835946099B073323F0070200236D
:1006A0008DF85F30049BD2F8048052F8086B0992F1
:1006B000002B35DB56EA080321F0800B31D1049B77
:1006C000002B40F0C483CDE90B330A930E930293C1
:1006D000089350AD15E523784BF0080B4AE41BF066
:1006E000200F4BF0100300F07A83099A073222F0B2
:1006F00007029B46536852F8086B09929846002BF4
:10070000C0F2C282049A002A0BDB56EA08032BF0DF
:10071000800B06D1002A00F04187302607E00992BD
:100720008B460A2E78F1000380F0BF823036049A9F
:100730009DF85F308DF83F61012AB8BF0122029217
:1007400001220A920DF23F15002B01F06D83029BEE
:10075000013302930023CDE90B3308930E93D0E4C9
:100760002378682B03BF63784BF4007B01344BF094
:10077000400BFFF7FFBB099A1BF0200F02F10403A7
:1007800000F08883126805991160C91751600993B8
:100790002546FFF7C8BB23786C2B03BF63784BF06B
:1007A000200B01344BF0100BFFF7E4BB099A049EB9
:1007B00052F8041B002047F630038642ADF8603043
:1007C0008DF85F000B46C0F2DB832BF0800545F00F
:1007D000020B002940F0D683002E00F0E686099235
:1007E00030230122CDE90A210E918DF83F31029686
:1007F0000DF23F154FF078098E4608910C91A5E354
:100800001BF0200F40F02583099A1BF0100F52F8BF
:10081000043B41F05E831BF0400F00F0E9859BB282
:10082000099258460021C5E6069B02995E1A002EE1
:100830007FF795AC8B49259B0F91102E24DD384610
:100840004FF010082F4619462546864C04E0103E0E
:10085000102E00F1080013DD013110320729C0E924
:100860000048CDE92512F2DD079924AA504601F08F
:100870004FFBE8B9103E102EDDE9251227A8EBDC6E
:100880002C460B463D46074601330F9939603244EA
:10089000072BCDE925327E6000F3638508375EE4DF
:1008A000079924AA504601F033FB00283FF481AC9D
:1008B000089B002B3FF4F8AB08995046FEF7E0FD8B
:1008C000079B9B8903F04003FFF7F2BB109B119934
:1008D0001A44C7E90013259B26920133072B259361
:1008E00000F3068707F108010028C1F21E810D9868
:1008F0000D6001330244072BCDE92532486046DD07
:10090000079924AA504601F003FB0028D0D1269A6B
:1009100027AF3AE40D98259B012802F1010203F16B
:10092000010307F1080140F364810120072BCDE9A1
:1009300025323D60786000F32C821098119E0133BF
:100940000244072BC1E90060CDE9253200F32D8276
:1009500008310D98B5EE408BF1EE10FA00F1FF363C
:1009600000F05F81013301353244072BCDE9253298
:100970000D604E6000F349810831129848600133E0
:100980000244072B1CA8CDE925320860B8DC01F130
:100990000807FFF7FABB07990F9324AA504601F006
:1009A000B7FA002884D1269A0F9B27AFFFF7D4BB54
:1009B00007990F9324AA504601F0AAFA00287FF461
:1009C00077AF269A0F9B27AFFFF7B5BB102D259B5E
:1009D00041F3D580A046DDF81C90234C102604E09E
:1009E000103D102D07F1080715DD01331032072BDC
:1009F000C7E90046CDE92532F2DD24AA4946504632
:100A000001F086FA00287FF453AF103D102DDDE988
:100A1000253227AFE9DC21464446884601332A4483
:100A2000072BC7E90085CDE925327FF7B7AB0799DA
:100A300024AA504601F06CFA00287FF439AF269AB8
:100A4000FFF7ACBB049950AA521B91424FF0000330
:100A5000B8BF1146CDE90B3308930A9202910E9369
:100A6000FFF74FBBFC0D002034060020199800282A
:100A700040F300840B9B0D998B42A8BF0B46002BC3
:100A800098460ADD1A44C7E90053259B2692013394
:100A9000072B259300F3B48708370B9EB8F1000F9E
:100AA000A8BFA6EB0806002E00F3AB820B9B1BF43D
:100AB000806F03EB050940F0CA82199B0D998B42A8
:100AC00003DB1BF0010F00F07D85109911980A449B
:100AD000C7E900012599269201310729259100F3E4
:100AE0009B8708370D996E18A6EB0906CD1AAE4202
:100AF000A8BF2E46002E0BDD259BC7F800900133C2
:100B00003244072B7E602692259300F3D387083763
:100B1000002EA8BFAD1B002D7FF737ABB949259B31
:100B20000F91102D40F31184A146DDF81C80102692
:100B30000C4604E00837103D102D40F305840133C6
:100B40001032072BC7E90046CDE92532F2DD24AA91
:100B50004146504601F0DCF900287FF4A9AEDDE9FA
:100B6000253227AFE7E72599102E404640F36187ED
:100B70000F943A46A846079CA34D1F4604E0103E3A
:100B8000102E02F1080216DD013110301023072962
:100B9000CDE9251015605360F1DD24AA21465046A9
:100BA00001F0B6F900287FF483AE103E102EDDE987
:100BB000251027AAE8DC3B460F9C17462A464546E7
:100BC000904601F1010C3218BCF1070FCDE925C2A6
:100BD000C7F800807E6000F336839DF85F10083709
:100BE000002940F0F880002B3FF4B9AA0B46FFF72C
:100BF000A5BA1BF0010F7FF498AE0120072BCDE9B9
:100C000025323D6078607FF7B8AE079924AA504638
:100C100001F07EF900287FF44BAEDDE9253227A9EB
:100C2000ABE60D9801287FF7A8AE112875480F9004
:100C300040F3B783A046079F1025044604E008311F
:100C4000103E102E40F3AC8301331032072BC1E964
:100C50000045CDE92532F2DD24AA3946504601F09F
:100C600057F900287FF424AEDDE9253227A9E7E70C
:100C7000079924AA504601F04BF900287FF418AEDA
:100C8000269A27AFFFF771BA2D238DF85F30049BAA
:100C9000764268EB4808002BFFF643AD0A2E78F148
:100CA00000032BF0800BFFF441AD0294CDF82890A7
:100CB00050A9DDF8509008974FF0000C0BF48064B9
:100CC00026E016EB0803514843F10003A0FB032084
:100CD00020F0030202EB90029B1AF31A4B484FF0EC
:100CE000CC32B646474602FB03F268F1000800FB2F
:100CF0000822A3FB0063BEF10A0F13444FEA560615
:100D000077F10007294646EAC3764FEA53082DD308
:100D10003E4D16EB080343F10003A5FB032020F032
:100D2000030202EB90029B1AF31AA3FB053268F14F
:100D3000000005FB00225B0843EAC27303EB830358
:100D4000A6EB430330330CF1010C01F8013C4D1EBE
:100D5000002CB6D099F800306345B2D1BCF1FF0F3A
:100D6000AFD00A2E78F1000380F0B3830499029C7F
:100D7000CDF8509050AB5A1B9142B8BF1146DDF8E8
:100D80002890089F9DF85F30CDF834C00A920291F8
:100D9000DAE4079924AA504601F0BAF800287FF453
:100DA00087ADDDE9253227A9C7E5079924AA504672
:100DB00001F0AEF800287FF47BADDDE9253227A9EC
:100DC000C7E51BF0010F3FF4E0A9FFF70FBB099344
:100DD0002378FFF7CFB81E460023FFF79EB9099A84
:100DE0000432099909920E684FEAE6789B46434619
:100DF00085E4099B1A1D099B09921B680021FFF7D6
:100E0000D9BB00BFFC0D002034060020CDCCCCCCDB
:100E1000099A1BF0100052F8043B41F057801BF078
:100E2000400100F0A8818DF85F009BB204994FF05B
:100E3000000841451E46C0F2A9812BF0800B002B13
:100E400040F0A481049B0992002B3FF43CAC0026A7
:100E50006CE45846FFF7A5BB5B4646E4B5EEC08B95
:100E6000F1EE10FA2BF0800B00F11E839DF85F303D
:100E7000B9F1470FCCBFA44DA44D002B40F05287D1
:100E80000322CDE90B3308930A9204930E93029246
:100E9000FFF737B91BF0100F40F07C821BF0400FBA
:100EA00040F0A7831BF4007F00F07482099A059933
:100EB000126811706BE4964E1BF0200F00F07D81DC
:100EC000099B073323F007031A46586852F8083B7A
:100ED00009921BF0010140F05C81049A8DF85F10CB
:100EE000002AC0F28B8153EA00022BF4906B00F0D1
:100EF000948103F00F02B25C8DF83F211B0943EA95
:100F00000073020953EA10100DF23F150BD003F0E5
:100F10000F001B09305C05F8010D43EA027312094A
:100F200053EA0200F3D1049A50AB4FF0000E5B1B62
:100F30009A42CDE90BEEB8BF1A460A930292CDF859
:100F400020E0CDF838E000293FF4DBA8029BDDE982
:100F500025C2023302931BF084039046614604D1FC
:100F6000069E0298361A002E06DCBEF1000F3FF4F2
:100F7000E5A80226FFF7D1B80223F5E5654E9BE709
:100F80004BF0020B0992634E03F00F020221B25C98
:100F90004FF07809B0E7099B1B688DF8DC3001231E
:100FA00002930A9337ADFFF7A6B9079924AA5046D2
:100FB00000F0AEFF00287FF47BAC269A27AFFFF746
:100FC00022BA049B0895062B28BF062302930A9396
:100FD0002B460495CDE90B334F4DCDF824800E936D
:100FE000FFF78FB840215046FDF720F9079B1860A6
:100FF0001861002800F06087079A40235361FEF7CC
:1010000083BF102E259B40F32E874448DDF81C80BB
:101010000F9039464FF01009074604E00831103EA2
:10102000102E40F32B8201331032072BC1E90079D7
:10103000CDE92532F2DD24AA4146504600F068FF92
:1010400000287FF435ACDDE9253227A9E7E70D9BC1
:10105000DDF83880CDF83CB0EB1804930C9BDDF83C
:101060001CB00B94002B4E463946DDF85090159F6E
:101070000E9531DDB8F1000F40F32B8108F1FF38F8
:101080002598139B01303A440728C1E9003726927E
:10109000259000F39F800831049B99F800009D1B68
:1010A0008542A8BF0546002D0CDD259801302A4455
:1010B0000728C1E900652692259000F35E8199F822
:1010C00000000831002DACBF441B0446002C14DC8A
:1010D00006440C9B002BCDDCB8F1000FCEDCDDE923
:1010E0000D35EB189E42CDF850900B9CDDF83CB0CE
:1010F000B1460F4628BF9946DFE4102C2598074BD0
:101100002BDD10250A9310E08C0C0020880C0020A9
:10111000AC0C0020980C0020C00C0020FC0D00201E
:10112000103C102C01F1080116DD0130AE4B1032DD
:101130000728C1E90035CDE92502F1DD24AA594689
:10114000504600F0E5FE00287FF4B2AB103C102CB6
:10115000DDE9250227A9E8DC0A9B0B600130224467
:101160000728CDE925024C6000F3588399F8000068
:1011700008310644ADE71BF4007840F03282049950
:101180008DF85F8000291E46BFF657AE0992FFF723
:10119000C8BA53EA000237D030228DF8602000220E
:1011A0008DF85F20049A8DF86190002A23DB2BF4E0
:1011B000906242F0020B02219BE6099A1BF0100F8D
:1011C00052F8043B099214D11BF0400F0DD09BB292
:1011D00000207EE624AA5946504600F099FE0028D9
:1011E0007FF466AB269A27A956E71BF4007F40F0F0
:1011F000F58100206DE64BF0020B022103F00F0297
:101200002BF4806BB25C77E6049B00218B428DF857
:101210005F10C0F241812BF4906B049A002A00F019
:10122000CB80012A33788DF83F31B8BF01220023EB
:1012300002920122CDE90B3308930A920E930DF22C
:101240003F15FEF75EBF07990F9324AA504600F0A2
:101250005FFE00287FF42CAB9DF85F10269A0F9B51
:10126000002900F0AC801E46DDF894C0034627AF8D
:10127000FEF753BF259B5D493960013301320121DF
:10128000072B26922593796000F37C81083700288C
:101290007FF41CAB0D990BF001030B433EF475AFCB
:1012A000109B11991A44C7E90013259B269201331C
:1012B000072B259300F31C8207F10801FFF717BBEA
:1012C000049B0A93CDE90B330E93089350ADFEF7C0
:1012D00018BF0C9B013B09F1FF390C93D0E607992D
:1012E00024AA504600F014FE00287FF4E1AA269AB2
:1012F00027AFFFF776B80822002122A81B95FDF73B
:10130000B9FE049B002B7DDB00260294CDF82080E3
:10131000344698460EE037A9504601F0F9FF411CCB
:10132000204400F09484404509DC06F1040600F0F6
:10133000008504461B9A925922AB002AEBD10A94ED
:10134000DDF82080029C6AE04C4601330F99396039
:101350002A44072B7D60CDE925327EF715AFFFF7D4
:10136000CFBA079924AA504600F0D2FD00287FF496
:101370009FAA269A27AFFEF7F2BE24AA59465046E6
:1013800000F0C6FD00287FF493AA99F80000269A81
:1013900027A997E6099A059912681160FFF7F7B92E
:1013A000444601330F9808603244072BCDE92532BB
:1013B0004E607FF7E1AA28E4049BFFF784B9002B75
:1013C00000F00981DDF894C00B4627AFFEF7B6BEEA
:1013D0001BF4007F16BF46F3C0184FEAE67876B2DA
:1013E0004346FFF78CB900BFFC0D0020C80C00205D
:1013F0001BF4007100F0F980DBB20992584600211D
:10140000FFF7D8B822AB009300231BAA1946504619
:1014100001F0A6FF0A90013000F019841B950A9B89
:10142000002B00F09F80632B00F34C810023089376
:1014300037AD0822002122A8FDF71CFE0A9E22AB30
:1014400000931BAA33462946504601F089FF864285
:1014500040F042850A9A0023AB5422EAE2720292DB
:101460009DF85F20049312B1029A01320292CDE9F5
:101470000B33CDF824800E93FEF743BE0F460133A5
:101480000F9939603244072BCDE925327E6000F395
:1014900023810837FFF70ABB33788DF83F312BF4EF
:1014A000806B0DF23F153EE52D238DF85F30B9F1CD
:1014B000470F4FF000030893049340F3E6800322A4
:1014C000964D0A92CDE90B330E9304230293FEF757
:1014D00018BE159A1399AD1A2846FDF70FFE99F814
:1014E00001300BB109F101098D4A16EB080343F1F4
:1014F0000003A2FB030727F0030000EB97001B1A71
:10150000F31A4FF0CC3168F1000803FB01F102FB44
:101510000811A3FB023001445B0843EAC1764FEA9D
:10152000510816EB080343F10003A2FB031020F05F
:10153000030101EB90015B1AF31AA3FB023168F17E
:1015400000005B0802FB001243EAC27303EB830353
:10155000A6EB4303303305F8013C4FF0010C013D8D
:10156000FFF7F8BB9DF85F30CDF82480003B18BF33
:10157000012302930A9B0493CDE90B330E93089346
:10158000FEF7BFBD079924AA504600F0C1FC002811
:101590007FF48EA91998269A27AF78E69DF85F30D8
:1015A00002920A9250ADFFF7CFB8049B0992CDE9A1
:1015B0000A330E930C93029350AD4FF078099E4678
:1015C0000893C3E46E18A6EB0906CD1AAE42A8BF75
:1015D0002E46FFF79DBA27AFFEF7C1BDDBB2002054
:1015E00077E48DF85F10DBB220E409925846FEF7ED
:1015F000E1BF099A059912681180FFF7C8B822ABBC
:1016000001931BAB0093B0EE470B049A19AB022178
:1016100050468DED027B00F065FF9DED027B054697
:101620001BF0010F40F05582229B5A1B199B0D9213
:10163000D81C0B93C0F2018204999942C0F20B812D
:101640009A4200F392820B9B0A931BF4806F03D0A3
:101650000B9B002B00F32D830A9B23EAE373C34605
:1016600002934FF0670900230E930C930BF00201D5
:10167000002E00F0CA804FF02D0E8DF85FE0029B27
:1016800001330293002304935DE40322254D0A9263
:1016900018E72846FDF732FE9DF85F300A9020EAF1
:1016A000E0720292002B3EF40CAFFEF708BF079CDD
:1016B00024AA2146504600F02BFCA38903F04003E6
:1016C000FEF7F6BC591C5046FCF7B0FD0546002855
:1016D00000F0F6830890ACE6079924AA504600F083
:1016E00017FC00287FF4E4A8269A27AFFFF7DEB99D
:1016F000079924AA504600F00BFC00287FF4D8A8D4
:10170000DDE92532199827A9FFF7EEB800230893E1
:10171000062304934BF48078FEF787BD8C0C0020E1
:10172000CDCCCCCC880C0020049B01330D9302213E
:1017300022AB01931BAB0093B0EE470B19AB0D9A94
:1017400050468DED027B00F0CDFE0D9B29F0200C64
:10175000BCF1460F9DED027B054600EB030100F056
:101760009880B5EE407BF1EE10FA00F0D882229B13
:10177000994288BF4FF0450C40F2CF8230205A1C6E
:1017800022921870229B8B42F9D35B1B0D93BCF104
:10179000470F199B0B9356D0BCF1460F00F08F807A
:1017A0000B9B8DF87090013B002B1993C0F24C817C
:1017B0002B22092B8DF8712000F34F8130228DF8F8
:1017C00072200DF17302303302F8013B1CABD31AC7
:1017D00012930D9B129A012B1A440A9240F34182F4
:1017E0000A9B109A13440A930A9A2BF4806343F4D9
:1017F000807B22EAE2720023CDE90B330E93029242
:1018000034E7049B0D93032192E79DF85FE0BEF15E
:10181000000F7FF434AF0496FFF795BB24AA594616
:10182000504600F075FB00287FF442A899F80000AC
:10183000269A27A906444CE4199B0B934B1BBCF139
:10184000470F0D933BD10B9B0333C0F2F680049BF3
:101850000B9A93420FDA0B9B013BA9F10209002B73
:101860008DF870901993A3DA0B9B2D22C3F101031D
:101870008DF87120A2E70D9B0B9A934200F37581BE
:101880001BF0010F0B9B00F0B282109A13440A93D5
:10189000DBE62B78302B00F06182199B1944B5EE02
:1018A000407BF1EE10FAC7D0229B8B42FFF466AF6B
:1018B0005B1B0D93BCF1470F199B0B93C3D00B9986
:1018C000049A0BF00103002943EA020340F3CF829C
:1018D000002B40F01A820B9B0A934FF066091BF411
:1018E000806F40F0E8810A9B23EAE373C3460293CA
:1018F000B9E647F63003ADF86030049B632B4BF03C
:10190000020B00F35C8118EE903A002BC0F23B8191
:10191000B0EE480B19A800F0B1FCB4EE007B20EE4D
:10192000077BB5EE407BF1EE10FA40F040820123D8
:101930000026199337AD0896AE480499B3EE004BD4
:101940002B4606E0B5EE407BF1EE10FA00F00F8278
:10195000114627EE047BFDEEC76B4A1E16EE90CAB9
:1019600010F80CE0B8EEE65B9C4637EE457B03F8DA
:1019700001EB0029E6D1B6EE005BB4EEC57BF1EEDB
:1019800010FA08DCB4EE457BF1EE10FA1ED116EE2B
:10199000902AD2071AD5CDF888C013F8011C90F808
:1019A0000FC08C451A460AD14FF0300E02F801ECF8
:1019B000229A511E229112F8011C6145F6D0392954
:1019C00016BF0131817AC9B202F8011C199A5B1B5A
:1019D0000D93B9F1610F02F1FF33199300F01F82EB
:1019E00050214FF04109002B8DF87010C0F20E828B
:1019F0002B22092B8DF871202FDC0DF17202E2E60B
:101A0000079924AA504600F083FA00287EF450AFCC
:101A1000269A27AFFFF741B8079924AA504600F04D
:101A200077FA00287EF444AF199B269A27AFFFF778
:101A300059B8DFF8CC81FFF7C4B80B9BA9F10209B4
:101A4000013B8DF8709019930B9A2D238DF871300E
:101A5000C2F101030832BFF6B1AE0DF17F0CDFF821
:101A6000A4E162461046AEFB0312D20802EB8201EB
:101A7000A3EB41013031632B00F8011C134600F148
:101A8000FF32EFDC303302F8013C831E634580F007
:101A9000C8810DF1710213F8011B02F8011F6345A3
:101AA000F9D103F5A0736B44CC3B1B1A1CAA9B1AFB
:101AB00012938EE6079924AA504600F029FA0028CE
:101AC0007EF4F6AE199D0D9B269A5D1B27AFFFF79E
:101AD0001FB8049B4FF0470CE918E0E600230C46C2
:101AE0000493FEF749BA45F63003ADF86030049B25
:101AF000632B4BF0020B62DC18EE903A002B42DBBA
:101B0000B0EE480B19A800F0B9FBB4EE007B20EE54
:101B1000077BB5EE407BF1EE10FA01D1012319935A
:101B200000263548089637AD07E74642103033485F
:101B30000F9052DA1027804603E00831103E102E35
:101B40004BDD01331032072BC1E90087CDE9253287
:101B5000F3DD079924AA504600F0DAF900287EF454
:101B6000A7AEDDE9253227A9E8E70D9B109A9A1860
:101B70000B9B0A92002B79DD4FF06709AFE6DFF887
:101B80008080FEF74BBF0023089337AD2D26B1EEC2
:101B9000487BB0EE470B19A800F070FBB4EE007B59
:101BA00020EE077BB5EE407BF1EE10FA04BF012377
:101BB0001993B9F1610F3FF4BFAE0F48BDE6049B26
:101BC0005046591CFCF732FB0546002800F03D81C9
:101BD00008904BF48078FEF728BB01330F9808601B
:101BE0003244072BCDE925324E6000F302810831E3
:101BF000FEF77DBE980C0020AC0C0020FC0D0020F0
:101C000034060020CDCCCCCC049A002A00F0D4803D
:101C1000002BC0F22481B0EE487B002622AB01935A
:101C20001BAB0093B0EE470B19AB049A0221504650
:101C30008DED027B00F056FC00239DED027B0546F6
:101C40000893EDE42D26B1EE487BFEF7F6BA079B2C
:101C50009B890022089243F04003079A9381FEF784
:101C600027BE1BF0010F3FF4BFADB9E5C3F101037F
:101C70001A4422EAE273C3460A9202934FF06709BC
:101C8000F1E418EE903A13F000432BF0800B0B9325
:101C900000F09A802D238DF85F30B9F1470F4FF097
:101CA00000030893049340F3F8800322944D0A92B2
:101CB00008E44FF0670914990B78FF2B00F0F880C7
:101CC00000200B9A0E90844603E001300131FF2B77
:101CD00009D0934207DAD21A4B78002BF5D10B7852
:101CE0000CF1010CF3E7CDE90B201491CDF838C0CD
:101CF0000C9A0E9B159913440A9A01FB03230A932D
:101D000023EAE373C3460293B0E4109B02EB01099C
:101D10004B440A934FF06609E1E55B1B0D93199B59
:101D20000B933DE50023032208930A920493FFF7E7
:101D3000C9BB049B029CDDF820800A93FFF76FBBB0
:101D4000CDF824801BB3049B0A935A1C0292049082
:101D50000E900C904FF07309FEF7D3B9B5EE407BAF
:101D6000F1EE10FA1ED1199B0B93194466E5002A77
:101D70000491FFF62BAE0499302001EB030C1946B9
:101D800001F8010B6145FBD11A44531C1EE6049B6C
:101D90000A930293089B0E930C9304934FF07309DC
:101DA000FEF7AFB90D9BC3F10103199376E5002649
:101DB0005448089637ADC0E5934273DBB0EE487BDC
:101DC0000123049E049329E79DF85F30B9F1470F82
:101DD000CCBF4B4D4C4D002B40F08680032204932A
:101DE0000A920E930C9308930292FEF78AB90A9313
:101DF0002BE4079924AA504600F08AF800287EF4C4
:101E000057ADDDE9253227A9FEF771BD2D238DF8E9
:101E10007130C2F101030832FFF61FAEEDE570210B
:101E2000E1E502231293D4E4CDE90B3308930E933A
:101E3000FEF767B9099A63780C4652F8041B0992B9
:101E400041EAE1710491FEF795B8079A938943F04E
:101E5000400393814FF0FF330593FEF72CB92D26F5
:101E6000B1EE487BDAE629490F91FFF708BBC3467C
:101E700033B9012302934FF066090A93FFF7F3BBCE
:101E8000109B03F10109049B4B440A9323EAE3737B
:101E900002934FF06609FFF7E6BB03221A4D0A9240
:101EA000FFF710BB01232D260493B1EE487BB5E666
:101EB00000230E930C931BE70C23CAF80030C9E7EC
:101EC000079B08909B8943F04003C6E65946FEF7FE
:101ED000C2BB5846FEF78FBF079B9B8943F0400368
:101EE000BBE65B46FEF77DBF002304930E930C9385
:101EF000089303230A9304230293FEF702B900BF59
:101F0000940C0020980C0020900C0020FC0D002068
:101F10002DE9F0411546926802B32C6807468846C1
:101F2000083401E00834C9B16B68581E002B114613
:101F3000686013DD54F8046C002EF3D0334654F877
:101F4000082C4146384602F0A1FB431C07D0AA6882
:101F5000921B1146AA6008340029E5D10020002315
:101F6000C5E90133BDE8F08170B5002941D00646CE
:101F70000C4610B1436B002B3ED0FCF743FF636E61
:101F8000B4F90C20DD0730D4900538D52146304611
:101F900000F04CF8E36A054633B1E16930469847F2
:101FA0000028B8BF4FF0FF35A3891A0639D4216B3A
:101FB00041B104F14003994202D03046FDF760FA86
:101FC00000232363616C21B13046FDF759FA0023E9
:101FD0006364636E0022DB07A2811ED5A06DFDF74E
:101FE0005DF9FCF715FF284670BD002ACED1FCF73D
:101FF0000FFF0025284670BDFCF7E6FEBDE7A06D8B
:10200000FDF74EF9B4F90C30002BBFD1636ED90740
:10201000EDD4A06DFDF746F9E9E7A06DFDF742F9B3
:10202000DCE721693046FDF72BFAC0E7B1F90C2057
:102030002DE9F041804610070C4650D4496842F41F
:1020400000630029A38164DDA66A002E44D000212C
:1020500012F48052D8F80050C8F8001065D1E16938
:1020600001234046B047411C02466CD0B4F90C3005
:10207000A66A5B0705D56368D21A236B0BB1E36BC5
:10208000D21A0023E1694046B047471CB4F90C302E
:102090004DD1D8F800101D2940D8304ACA40D60783
:1020A0003CD52269226023F40062A281D9044FF05A
:1020B0000002626003D5D8F80030002B41D0216BBC
:1020C000C8F8005041B104F14003994202D04046A3
:1020D000FDF7D6F9002323630020BDE8F0810E69E7
:1020E000002EF9D00D680E6092070CBF4B690023DB
:1020F000AD1B8B600AE02B463246E169676A4046B9
:10210000B8470028A5EB0005064406DD002DF2DCEB
:10211000E2E7E16B002997DCDEE7A38943F04003A7
:10212000A3814FF0FF30BDE8F081226DA1E7226965
:10213000226023F40062A281DB044FF0000262609F
:10214000BDD52065BBE7D8F80030002B8ED01D2B05
:1021500001D0162BE1D1C8F80050BDE701004020A6
:1021600000B5034683B008B1426B52B3B1F90C001D
:1021700098B14A6ED20701D4820512D51846009153
:10218000FFF754FF00994A6E0346D00702D48A89AC
:1021900092050ED5184603B000BD0346184603B09D
:1021A00000BD886D01930091FDF77AF8DDE9001319
:1021B000E4E7886D0093FDF775F8009B184603B0BF
:1021C00000BDCDE90001FCF7FFFDDDE90031CDE701
:1021D00000487047EC1600200000000001F0FF01ED
:1021E000102A2BDB10F0070F08D010F8013B013A42
:1021F0008B422DD010F0070F42B3F6D1F0B441EA74
:10220000012141EA014122F007047FF00007002389
:10221000F0E80256083C85EA010586EA010685FADF
:1022200047F5A3FA87F586FA47F6A5FA87F68EB939
:10223000EED1F0BC01F0FF0102F0070232B110F85C
:10224000013B013A83EA010313B1F8D10020704742
:1022500001387047002D06BF35460338073815F0A2
:10226000010F07D1013015F4807F02BF013015F452
:10227000C03F0130F0BC0138704700BF4DF804BDCD
:1022800083B08DED000B019ADFF870C022F000439F
:1022900000216345016025D8DDF800C053EA0C0C2D
:1022A00020D0DFF85CC002EA0C0CBCF1000F0AD1B0
:1022B0009FED107B20EE077B8DED007B019A6FF088
:1022C000350122F00043DDE900BC6FF31E5242F0FD
:1022D0007F5C1B154CF4001CA3F2FE33CDE900BC5F
:1022E0000B4403609DED000B03B05DF804BB704729
:1022F000AFF300800000000000005043FFFFEF7FBD
:102300000000F07F00B50B4C2468864685B0E0687D
:102310009C460C4652B108490094CDE9011273461F
:102320000649624601F028F8FAF7B4FD04490A4666
:10233000F2E700BF7C170020CC0C0020DC0C002052
:10234000D80C002010B5A1FB021482B074BBFBF7BF
:102350006DFF034670B350F8042C22F00302043AD8
:10236000242A10D8132A16D91B2AC0E900441AD9E6
:10237000242AC0E902440ABFC0E9044400F1100164
:1023800000F1180108E021460190FCF773FE019B63
:10239000184602B010BD014600221846C1E90022CD
:1023A0008A6002B010BD00F10801F5E7FCF748FFB4
:1023B0000C2303600023184602B010BD2DE9F04F36
:1023C00003690C69A34283B0C0F28880013C01F12B
:1023D000140500F1140855F8243058F8242001336E
:1023E00008EB84069A4200964FEA840B05EB8407BB
:1023F000B2FBF3F63AD300230191C64629469C4628
:1024000051F8042BDEF800901FFA82FA06FB0A331B
:102410004FEA134A120C06FB02A29BB21FFA89FA7A
:10242000AAEB030363441FFA82FCCCEB234C0CEBB6
:10243000194C9BB243EA0C438F424EF8043B4FEADF
:102440002C4C4FEA1243DBD258F80B3001996BB990
:10245000009B043B984504D307E0984504F1FF3402
:1024600003D21A68043B002AF7D004618146FDF7C5
:10247000DDFB00282EDB01364146002255F8040B17
:10248000D1F800C01FFA80FE1FFA8CF3A3EB0E03F5
:102490001344020CC2EB234202EB1C429BB243EA00
:1024A0000243AF4241F8043B4FEA2242E6D258F8D9
:1024B000242008EB84036AB9043B984504D307E061
:1024C000984504F1FF3403D21A68043B002AF7D080
:1024D000C9F81040304603B0BDE8F08F002003B0CB
:1024E000BDE8F08F2DE9F04F93B08DED000B049116
:1024F000816B1C9D069257EC106B0446089341B10A
:10250000C26B4A60012393408B60FDF705F90023FD
:10251000A363B7F10008B4BF012300232B60A34BD2
:10252000BCBF28F00048CDF8048033EA080300F06F
:1025300092809DED007BB5EE407BF1EE10FA0DD15F
:10254000089A012313601D9B13B11D9A984B1360C9
:10255000984B0293029813B0BDE8F08F10AAB0EE2A
:10256000470B11A920468DED027BFDF73FFC5FEA8A
:1025700018539DED027B109A834640F08280119B98
:10258000134403F23241202940F3E281C1F14001BA
:1025900008FA01F803F2124126FA01F148EA0101B2
:1025A00006EE101AB8EE466B013B16EE901A4FF08D
:1025B0000108A1F1F8719FED772BB7EE081B9FED95
:1025C000775B9FED784B06EE901A03EE903A36EE6D
:1025D000416BB8EEE33BA6EE025BB0EE456BA3EEBB
:1025E000046BFDEEC65BB5EEC06BF1EE10FACDEDFF
:1025F000055A00F1C0800599D21A162902F1FF3A56
:1026000000F2A4806C4B03EBC10393ED006BB4EEBE
:10261000C67BF1EE10FA00F1A281002A40F3C084DB
:102620000027CDE90A178A4400230993049B092B4C
:102630003DD8052BC4BF043B0493049BA3F10203C4
:10264000CCBF00250125032B33D8DFE813F0FA01B6
:10265000F701ED019201089AC8F3130842F20F73D3
:1026600058EA060813601BD11D9B002B00F0428620
:10267000524B029308331D9A0298136013B0BDE8C1
:10268000F08F17EE901AB0EE476BC1F3130141F0D3
:102690007F51A3F2FF3341F440114FF000088AE765
:1026A0001D9B002B40F06181454B029352E70023B4
:1026B00004930025E563294620468DED067BFDF752
:1026C00001F89DED067B0290002800F0B485119A78
:1026D000029BA363002A75DB05990E2972DC364B39
:1026E00003EBC10393ED003B87EE036BBDEEC66BBE
:1026F000029916EE103A303301F8013B4FF0FF39E2
:10270000B8EEC65BA5EE437B0123B2EE044B11E0AD
:1027100087EE036BBDEEC66B013316EE102A4B45F8
:1027200002F13002B8EEC65B01F8012BA5EE437B47
:1027300000F0A38427EE047BB5EE407BF1EE10FAA7
:10274000E6D1059B013304930D46ECE001230B9386
:10275000059BBAF1000FBABFC2F101074FF0000AA2
:102760000027002B80F2F180059BFF1A5B42099342
:1027700000230A935AE7B8EEE55BB4EE465BF1EE50
:1027800010FA3FF438AF05990139059133E700BFDE
:10279000AFF3008061436F63A787D23FB3C8608BFC
:1027A000288AC63FFB799F501344D33F0000F07F37
:1027B000C90C0020C80C0020A80200200C0D00202D
:1027C000180D00204FF0FF390695CDF83090B8F184
:1027D000000F00F0E984DDF8248002F23342012189
:1027E00020469244BD18FDF75DF80646002F40F0E4
:1027F0009F82099B002B00F09383B8F1000F40F0FB
:1028000077835946099A2046FDF73EF9012383460E
:10281000099301212046FDF745F80A9B8046002BCD
:1028200040F04582049B012B40F3AA8201205044D2
:1028300010F01F0000F008811B2800F3D582C0F1C2
:102840001C00054407448244002D05DD59462A46F4
:102850002046FDF775F98346BAF1000F05DD4146C4
:1028600052462046FDF76CF980460B9B002B40F04A
:102870000082B9F1000F40F3D781099B002B40F093
:102880002481059B01330493029F012507E05946EB
:1028900000230A222046FCF749FF013583464146C2
:1028A0005846FFF78BFD4D4500F1300A07F801ABA4
:1028B000EDDB029BB9F1000F03F1010209F1FF39D1
:1028C0004FF00003D8BF4FF00009914400935946E0
:1028D00001222046FDF734F941468346FDF7A6F96B
:1028E000002840F32083029A02E0914500F02683FD
:1028F0004D4609F1FF3915F8013C392BF5D001336C
:1029000089F8003041462046FCF706FF5EB1009B87
:102910002BB1B34203D019462046FCF7FDFE3146E9
:102920002046FCF7F9FE59462046FCF7F5FE002349
:102930002B70089B049A1A601D9B002B3FF40AAE73
:1029400002981D6013B0BDE8F08F9A440A936BE6BD
:10295000C1F1200106FA01F106EE101A22E6059BEC
:10296000013B059300230B93F2E6AC4B0293033338
:1029700081E601230D93DDE90523134403F10109E9
:102980004E46012E0C93B8BF0126172E40F39C84AF
:10299000012204235B0003F11400B042114602F14E
:1029A0000102F7D9E16320468DED0E7BFCF78AFE2C
:1029B0000290002800F03F84B9F10E0F9DED0E7BD0
:1029C000A06346D8002D44D00599002940F3F18238
:1029D000934B01F00F0203EBC203CD0593ED006BA7
:1029E0004FEA211340F18A838E4A92ED085B03F08F
:1029F0000F03032187EE054B002B00F0FB81894A72
:102A000001E05B100832D80703D45B100832DE0700
:102A1000F7D592ED005B5B1001F1010126EE056B2D
:102A200000F0E8810832F2E701230D93069B002BAA
:102A300040F38B81069E0C96B146A6E700230D93CA
:102A400099E700230D93F1E71C20054407448244D5
:102A5000FAE6119A002AC0F24081059B0E2B00F382
:102A60003C816F4B059A03EBC20393ED003B069B41
:102A7000002B80F2ED82B9F1000F00F3E98240F003
:102A80008682B1EE046B23EE066BB4EEC67BF1EEEC
:102A900010FA494640F27C82029D312305F8013B41
:102AA0002046FCF739FE059B023304933BE7314691
:102AB00000230A222046FCF739FE0C9B002B064619
:102AC00040F3FA83DDF830900595002F05DD31469F
:102AD0003A462046FDF734F806460A9B002B40F0A4
:102AE000F6823746029D6B1E4B440A93009B03F00F
:102AF00001030C9341465846FFF760FC31460B90AA
:102B000000F1300A5846FDF791F8414681463A46B1
:102B10002046FDF7ABF8C3680146002B36D109907B
:102B20005846FDF783F8099906902046FCF7F4FD16
:102B3000069A002A5AD1049B1BB90C9B002B00F06B
:102B4000A483B9F1000F43DB0A9BA9469D4209F813
:102B500001AB00F0D782594600230A222046FCF739
:102B6000E5FDBE42834631464FF000034FF00A02B6
:102B7000204635D0FCF7DAFD3946064600230A2206
:102B80002046FCF7D3FD4D460746B3E72046FCF749
:102B9000C3FDB9F1000F08DB009B03F00102049BA9
:102BA00049EA030952EA09022ED159460122204678
:102BB000FCF7C6FF41468346FDF738F8002840F38E
:102BC0004183BAF1390F00F024830B9B03F1310AE2
:102BD00005F801AB059B0096013304933E4691E650
:102BE000FCF7A4FD4D460646074683E7B9F1000F02
:102BF000C0F28483049B49EA03090C9B53EA090948
:102C000000F07C83002A9FDDBAF1390F00F00183C8
:102C10000AF1010305F8013BDCE700BF180D0020B5
:102C2000A802002080020020049B022B7FF725AE23
:102C3000B9F1000F40F0008241464B460522204684
:102C4000FCF774FD014680465846FCF7EFFF484507
:102C500040F3F281029D312305F8013B41462046B5
:102C6000FCF75AFD059B02330493002E7FF457AE08
:102C700059E641465846FCF7D9FF0028BFF6F9ADA2
:102C8000594600230A222046059DFCF74FFD099B6B
:102C9000013D8346002B7FF40AAF0C9B002B40F3D1
:102CA000FE82059BDDF8309004930595ECE51A460D
:102CB00001462046FCF7E8FE049B012B804640F3CA
:102CC000F98100230A93D8F8103008EB83031869C0
:102CD000FCF77EFDC0F12000A9E50D9B73B9002F24
:102CE00067D1099B002B74D11D461E4691E5119AB0
:102CF000002A03DB05990E297FF7B4AE049B012B54
:102D00007FF765AD099B09F1FF384345C0F2778134
:102D1000B9F1000FA3EB080880F2BE82A7EB09030C
:102D2000012120460D93FCF7BDFD3D460D9F064653
:102D3000BAF1000F7FF75DAD57453B46A8BF53463C
:102D4000ED1AFF1AAAEB030A53E50021E1632046BE
:102D50008DED067BFCF7B6FC9DED067B029000280E
:102D600000F06982029BA363002D40F09F81119ABD
:102D7000AA42C0F27C8201230C93994606936CE62A
:102D8000009B002B7FF452AD019BC3F31303002B78
:102D90007FF44CAD019B23F000431B0D1B05002B62
:102DA0003FF444AD012301350AF1010A0A931846A4
:102DB0003DE5BAF1000F00F0FE8157453B46099E04
:102DC000A8BF5346FD1AAAEB030A2F46002E3FF474
:102DD00020AD5946099A2046FCF756FE002383464B
:102DE00009933D461E4614E51C283FF42DADC0F165
:102DF0003C002AE684EE065B0B9B3BB1B7EE006B12
:102E0000B4EEC65BF1EE10FA00F1E081B1EE0C4BCE
:102E100006EE901AB8EEE66BA6EE054B14EE901A8D
:102E200053EC142BA1F15073B9F1000F00F09B800B
:102E3000DDF814C0484643EC142BB64B029DFDEE62
:102E4000C53B03EBC00212ED022B13EE902A02F1F8
:102E5000300E0D9A691CB8EEE36B0E4635EE466BEC
:102E6000002A00F05B81B6EE003B83EE025B35EE9C
:102E7000445BB4EEC65BF1EE10FA85F800E000F3B7
:102E80002782B7EE001BB2EE043B002518E00135A7
:102E90008542BFF62CAF26EE036B25EE035BFDEEFD
:102EA000C64B14EE902AB8EEE42B303236EE426B6D
:102EB000B4EEC56BF1EE10FA01F8012B00F1DF81E1
:102EC00031EE464BB4EEC54BF1EE10FADFD5029A67
:102ED0000CF1010C02E0914200F097810D4611F8CF
:102EE000013D392BF7D001330B70CDF810C01AE536
:102EF000314642462046FCF7C7FD5A460146064683
:102F00002046FCF7FDFC59460D902046FCF704FCDA
:102F1000099BDDF834B0B3EB080309937FF471AC7F
:102F20000123099375E403D11AF0010F7FF4DBACA0
:102F30004D4619F8013D302BFAD0E3E4059B029A87
:102F40000233049331231370DCE406EE901AB1EEE1
:102F50000C4BB8EEE66BA5EE064B14EE901A53EC54
:102F6000142BA1F1507343EC142BB1EE046B35EE2E
:102F7000466BB4EEC46BF1EE10FA00F35681B1EE7D
:102F8000444BB4EEC46BF1EE10FA7FF562AD002154
:102F90002046FCF7C1FB069B029D5B420493C2E402
:102FA000059B0A939A460023C2F101070B93FFF792
:102FB0003BBB00F00781059A564B524202F00F01CD
:102FC00003EBC10393ED005B131127EE055B00F0EB
:102FD0007981514A022101E05B100832DD0703D4F8
:102FE0005B100832D807F7D592ED006B5B1001F14A
:102FF000010125EE065B3FF4FFAE0832F2E7099BC4
:103000000A9AA8EB03031A44012120460A92FCF70E
:1030100049FCCA4407EB09050646CDF82480002F79
:103020003FF4EFAB57453B46A8BF5346ED1AFF1A96
:10303000AAEB030AFFF7E5BB41462046FCF76CFB11
:10304000069B029D5B420493002E7FF468AC6AE409
:10305000029B5E1C87EE036BBDEEC66B029A16EEFA
:10306000103AB9F1010F03F13003B8EEC65B3146F7
:103070001370A3EE457B7FF447AB37EE077BB4EECE
:10308000C37B059BF1EE10FA03F1010304939C4608
:1030900008DCB4EE437BF1EE10FA05D116EE103ADF
:1030A000DB0701D5029A19E70D463CE40C95A946C9
:1030B000069589E4009B002B7FF403AEDDE9001246
:1030C000C2F31303002B00F0C4800A91FBE5716882
:1030D0002046FCF7F7FA0546002800F00481336922
:1030E00002339A0006F10C010C30F9F763FC294613
:1030F00001222046FCF724FD0746F3E40221B0EE4E
:10310000474B79E4059B009601333E460493FFF755
:10311000DEBB00BFA802002080020020029A24EE3D
:10312000022B012882F800E014D0B2EE043B029A90
:10313000151826EE036BFDEEC65B15EE902A3032B5
:1031400001F8012BA942B8EEE54B36EE446BF0D105
:10315000711E0144B6EE005B32EE054BB4EEC64B79
:10316000F1EE10FA3FF5B3AE35EE425BB4EEC65B5E
:10317000F1EE10FA0DDC119A002AFFF6B0AD059AB7
:103180000E2A3FF7ACAD059A03EBC20393ED003B6B
:1031900060E70D46013915F8013C302BF9D00CF1F0
:1031A00001030493FFF7BFBB109ADDF82480C2F13E
:1031B0003602FFF714BB099E002E7FF40AAE3D468F
:1031C000FFF727BB0221B0EE475B15E6B9F1000F10
:1031D0003FF4BBAE0C9800287FF73BACB2EE043B4B
:1031E000B1EE0C4B013106EE901A25EE035B059B08
:1031F000B8EEE66BA5EE064B14EE901A03F1FF3C19
:1032000053EC142BA1F1507315E60CF1010C312392
:103210006AE6A946392309F8013B059B009601336C
:10322000029A04933E46FFF763BB029D312305F8E3
:10323000013B002134E4334B3348002240F2AF110C
:10324000FFF760F87FF4C4AC1AF0010F7FF4B9AC5B
:10325000BEE4019B23F000431B0D1B05002B3FF434
:1032600031AD012301350AF1010A0A932BE50D9BCB
:10327000002B33D101230C93994606932FE50CF1D3
:10328000010304930D46FFF74EBBBAF1390FC0D0CE
:1032900091453FF79AAC9BE44A46FFF7A0BA049ADF
:1032A000022A05DC059A049299460595FFF7ECBAC7
:1032B0000595DDF83090BBE4049A0595022AF8DC08
:1032C000994602E4022197E50021E163FFF76BBB19
:1032D0000CF1010304930D46FFF725BB0D9B0693EC
:1032E00099460C930EE5074B07482A4640F2EF211A
:1032F000FFF708F8054B0293FFF72CB9002A3FF7B8
:1033000054AC65E4180C00201C0D00200C0D0020AE
:1033100030B5044687B05BB110480193D0F8C8516E
:1033200071B12046A847421C019B10D007B030BDA8
:1033300000F5827309480193D0F8C8510029F0D1F3
:103340000A46204603A9A847421C019BEED1002152
:103350008A221960226007B030BD00BF141500201A
:1033600010B582B0049CCDE900344FF0FF3301F07A
:1033700055FC02B010BD00BF0EB400B582B003AB67
:10338000DFF81CC053F8042B01930146DCF8000061
:1033900000F008F802B05DF804EB03B0704700BF1E
:1033A0007C1700202DE9F04FC5B00DF1500A83467F
:1033B000049116460021082250461C460B93FBF749
:1033C00059FEBBF1000F04D0DBF83430002B00F0C5
:1033D0004987049B5A6EB3F90C30D00740F1418104
:1033E000990400F1A985049943F4005322F4005292
:1033F0008B814A66930401F1AE80049BB3F90C30D3
:103400001D0740F1BD80049A1269002A00F0B880BF
:1034100003F01A020A2A00F0C2800023CDE9193312
:10342000CDE90E331BAADFF86C980D93189217465E
:103430000793B0464546D9F8CC41FBF795FECDF849
:1034400000A003462A4612A95846A047002800F0CB
:10345000C580C0F2BB80129A252A034601D01D44C4
:10346000E9E7B5EB0806044640F0BC8000231946A6
:103470008DF8433008934FF0FF326B78059205F1D9
:103480000108039108F101081946A1F120035A2B04
:1034900000F2F280DFE813F0E603F000F000DF0353
:1034A000F000F000F000BF03F000F000070253024C
:1034B000F00012020004F000F1035B005B005B000F
:1034C0005B005B005B005B005B005B00F000F000FA
:1034D000F000F000F000F000F000F000F000D80183
:1034E0009F03F000F000F000F000F000F000F000AA
:1034F000F000F000F0001902F000F000F000AA0166
:10350000F000FB02F000F000BA05F000F000F0005F
:10351000F000F000F000F000F000F000F000D80142
:103520006801F000F000F000950368016D00F00004
:103530008B03F0007D036A0320036D00F000AA01F5
:103540006A005902F000F000FB05F0006A00A1F1EA
:103550003003002218F8011B02EB820203EB420247
:10356000A1F13003092BF5D908928EE798F80030C5
:1035700088E7039B43F02003039398F8003081E72A
:10358000049D5846294601F05FFA002840F0F6876E
:10359000B5F90C3003F01A020A2A7FF43EAF049901
:1035A000B1F90E20002AFFF638AF4A6ED20702D4D6
:1035B0009F0540F19087049923463246584601F012
:1035C00015F80790079845B0BDE8F08F0822002154
:1035D0005046FBF74FFD01231D442CE7B5EB0806D1
:1035E000044610D01A9B33441A93199B0133072BBE
:1035F000C7E90086199310DC0837079B334407930B
:10360000002C7FF433AF1A9B002B40F06E87049B95
:103610000022B3F90C30199218E0049918AA584600
:1036200001F024F878B91BAFE7E7049918AA5846C7
:1036300001F01CF8002800F08380099B1BB1099958
:103640005846FBF71DFF049BB3F90C30049A526EE9
:10365000D0077FD55B0600F16687079845B0BDE8C7
:10366000F08F9F0540F114819D047FF5BCAE90045E
:103670007FF5C6AE00F071BF0029C4D0002301223F
:103680008DF8AC108DF8433009930A9205932BAD59
:103690000692DDE919C0039C14F0840601466246D7
:1036A00026D1089B069C1C1B002C00F3ED839DF883
:1036B000433003B300260C960132012301317B60B5
:1036C000072A0DF14303CDE919213B6000F38683FE
:1036D00008370C9B63B1013211AB02313B60072A02
:1036E0004FF00203CDE919217B6000F36B830837AB
:1036F000802E00F0EE82059B0A981C1A002C00F325
:1037000026830A9B3D6001321944072ACDE919211D
:103710007B6000F34C830837039B5C0705D5089B4F
:10372000069A9C1A002C00F36583DDE9073206989F
:103730008242ACBF9B181B18079300297FF475AF1A
:1037400000231993099B1BB109995846FBF798FE72
:103750001BAF6FE69A053FF57DAF049CA06DFBF7AC
:10376000A1FDB4F90C3075E7039B980640F13C8449
:103770000B9B073323F00702536852F8084B0B9258
:103780001E46002BC0F23882059A002A07DB039BF5
:1037900023F08003039354EA060300F08C840A2C80
:1037A00076F1000380F0F7803034059A9DF84330BD
:1037B0008DF80F41012AB8BF01220692002B00F0BC
:1037C000AF83069B0133002506930123CDE90953FE
:1037D0000DF20F15DDE91921039B13F0840608464D
:1037E00094463FF45EAF00230C9365E70B9E0023E5
:1037F0008DF8433056F8043B0993002B00F05585B3
:10380000532900F07284039B13F0100440F06D8480
:10381000059A002AC0F2138509982146FEF7DEFCBE
:103820009DF84330099D002800F08B86421B0A92C8
:1038300022EAE2720692002B00F00E850132059416
:1038400006920B960994C5E7432903D0039BDD0636
:1038500040F127840822002116A8FBF70BFC0B9AE5
:103860002BAD126816AB29465846FFF751FD0A905A
:10387000013000F04F860A9B23EAE37306930B9B0B
:1038800004330B9300238DF843300993059300E72D
:10389000049DA86DFBF704FDB5F90C306A6E990420
:1038A0003FF5A8AD9FE50B9B53F8042B0892002A27
:1038B00080F23D83089A0B9352420892039B43F097
:1038C0000403039398F80030DCE5039B43F01000F9
:1038D0009B0640F14E830B9B073323F007031A46E8
:1038E000596852F8083B0B9200228DF84320059A44
:1038F000002AC0F2118320F49062039253EA01027D
:1039000000F01E8344AD03F00702DB0843EA417375
:10391000C908303253EA0104284605F8012DF2D1D6
:10392000039B13F0010340F09E82059A099344AB78
:103930005B1B9A42B8BF1A460A930692A9E62B234C
:103940008DF8433098F800309CE503998E0600F11D
:10395000A48003990B9A11F0100052F8043B40F038
:103960002783039911F0400100F0CA848DF84300C9
:103970009BB205990026B1421C4606DB039921F053
:1039800080010391002B00F07B850A2C76F1000367
:103990000B92FFF409AF039B09970020CDF830B0DC
:1039A00044A9DDF834B0069003F48067CDF8288090
:1039B00025E00690A319B54843F10003A0FB032CB2
:1039C0002CF0030202EB9C029B1AE31A4FF0CC325C
:1039D000A046B64602FB03F266F1000600FB062293
:1039E000A3FB0043B8F10A0F13444FEA54047EF1DD
:1039F000000E294644EAC3744FEA53062ED3069BB1
:103A0000A24A01330693A31943F100031046A2FB17
:103A1000032525F0030202EB95029B1AE31AA3FB90
:103A2000003266F1000500FB05225B0843EAC27321
:103A300003EB8303A4EB4303303301F8013C4D1E39
:103A4000002FB7D006989BF800308342B1D1FF28F1
:103A5000AFD00A2C76F1000380F0AF8405999DF871
:103A60004330CDF834B044AA521B9142B8BF11463E
:103A7000DDE90978DDF830B00A920691002B00F0FC
:103A8000EE83069B0133069300230993A2E6039B72
:103A900043F010019B0640F189820B9B073323F012
:103AA000070200238DF84330059B566852F8084BF7
:103AB0000B92002BC0F2EE8221F08003039354EAB4
:103AC00006037FF46CAE059B002B40F0DE840A9366
:103AD0000693099344ADDCE5059C0B9903980022FD
:103AE00047F630039442ADF844308DF8432051F846
:103AF000043BC0F2D28220F0800040F0020003902C
:103B0000002B00F0E58303F00F0461481B09045DFE
:103B10008DF80F410B9100F05685022106910DF2B0
:103B20000F1503F00F011B09415C05F8011D43EA65
:103B30000273120953EA0201F3D144AB5A1B059BED
:103B40000A929342B8BF1346069A002A00F03985BC
:103B5000DDE91921039C023314F08406069308461C
:103B6000944600F0E98200230993B4E503988606A1
:103B70003FF5B1AE03990B9ACD0652F8043B00F124
:103B800014850398440640F1C8839BB20B92002130
:103B9000AAE603990B9A8C0602F1040340F1F08126
:103BA000126807991160C91751600B9342E498F8A5
:103BB00000306C2B00F08F82039A42F010020392C7
:103BC00060E498F80030682B00F07B82039A42F0A2
:103BD0004002039256E4039A940642F0100300F167
:103BE00000820B9A04320B9903930C680B92E61730
:103BF0003346002BBFF6C8AD2D238DF84330059B0F
:103C0000644266EB4606002BFFF6C9AD039B23F02A
:103C100080030393C3E55846FEF7DAFA43680F932F
:103C20001846FBF76BFB0E9004465846FEF7D0FA99
:103C3000826898F800300D92002C3FF423AC002AE3
:103C40003FF420AC1278002A3FF41CAC039A42F4F3
:103C50008062039216E4039B43F00103039398F8F8
:103C600000300FE49DF8432098F80030002A7FF4DC
:103C700009AC20228DF8432004E4039B43F0800329
:103C8000039398F80030FFF7FDBB00BFCDCCCCCC40
:103C9000980C002014150020404610F8011B2A291A
:103CA00000F07784A1F13003092B98BF002200F2C5
:103CB000178410F8011B02EB820203EB4202A1F110
:103CC0003003092BF5D942EAE27305938046FFF7EA
:103CD000DCBB089B06981C1A002C7FF70CAD102C3F
:103CE00040F3268438460C95AE4F049D102604E020
:103CF000103C102C00F1080015DD01321031072AAC
:103D0000C0E90076CDE91921F2DD18AA2946584606
:103D100000F0ACFC00287FF490AC103C102CDDE9E6
:103D200019211BA8E9DC0C9D3B46074601322144C2
:103D3000072ACDE919213B607C6000F3A482059B32
:103D40000A981C1A002C07F108077FF7DAAC102C30
:103D500040F3ED8238461026924F04E0103C102CC0
:103D600000F1080016DD01328E4B1031072AC0E940
:103D70000036CDE91921F1DD049918AA584600F062
:103D800075FC00287FF459AC103C102CDDE919219A
:103D90001BA8E8DC3B46074601322144072ACDE94F
:103DA00019213B607C6000F3AA800837A9E40499DC
:103DB00018AA584600F05AFC00287FF43EAC1A9925
:103DC0001BAFA9E4049918AA584600F04FFC00283C
:103DD0007FF433ACDDE919211BAF89E4049918AAFB
:103DE000584600F043FC00287FF427ACDDE9192198
:103DF0001BAF6EE4102C199B40F381833A46049E5E
:103E0000694F102504E0103C102C02F1080215DD6A
:103E100001331031072BC2E90075CDE91931F2DD0C
:103E200018AA3146584600F021FC00287FF405AC62
:103E3000103C102CDDE919311BAAE9DC3E4617467F
:103E400001332144072BC7E90064CDE919317FF71D
:103E50006CAC049918AA584600F008FC00287FF4BE
:103E6000ECAB1A9961E4302A00F001823023059A04
:103E700005F8013C023844AB1B1A9A42B8BF1A46F7
:103E80000A9306920546EFE000230C93102C464E51
:103E9000624623DD394610232F46049D04E0103C82
:103EA000102C01F1080117DD01321030072AC1E999
:103EB0000063CDE91920F2DD18AA2946584600F022
:103EC000D5FB00287FF4B9AB103C102CDDE919209C
:103ED0001BA94FF01003E7DC3D460F4601322118C5
:103EE000072ACDE919213E607C6000F37A819DF8B4
:103EF00043600837002E36D00026FFF7DDBB04995B
:103F000018AA584600F0B2FB00287FF496ABDDE912
:103F100019211BAFFFF7F5BB20F480620392F1E497
:103F2000099301230A930DF20F15FFF7B2BB0B9310
:103F300098F80030FFF7A6BA92047FF561AAF2E282
:103F4000059A002A7FF4DEAC10F00102069200F020
:103F5000428130238DF80F31059B0A9209930DF2AF
:103F60000F15FFF796BB0C9B002B7FF4B4ABFFF74C
:103F7000C2BB0B9B1A1D0B9B0B921B680021B3E469
:103F8000039AD00600F18C81039A510600F19582C4
:103F9000039A920540F184810B9A07991268117077
:103FA00003E600BF0C0E0020440600200B9B1A1DE8
:103FB0000B9B05981B680026B0428DF843601C4699
:103FC00067DB21F080010391002B7FF4DEAC0B92C4
:103FD000002840F05A820A900690099044ADFFF7FD
:103FE00058BB0393FFF7C4BB039B0B9AD90652F847
:103FF000044B3FF5F8AD039B5E0640F1768144F338
:10400000C0360B9224B23346FFF7BBBBAD48039BCF
:104010009D0640F1B5800B9B073323F007031A463A
:104020005C6852F8083B0B92039A12F00102069268
:1040300040F08C808DF84320059A002AC0F2B780AA
:10404000039A22F49062039253EA040240F0F38050
:10405000059A002A00F0F68103788DF80F310123CC
:1040600006920A930DF20F15DDE91921039B13F057
:1040700084060846944600F0A1829DF84330002B48
:1040800000F0AB82002309930C93FFF715BB8E4819
:10409000BDE70B920391FFF782BB40F00200039053
:1040A00031E50B9B1B688DF8AC30012306930A9316
:1040B0002BADFFF7E4BB002A00F0D4813024FFF7DA
:1040C00074BB039B43F40073039308F1010898F851
:1040D0000030FFF7D7B9039B43F02003039308F1A7
:1040E000010898F80030FFF7CDB9099B1393082217
:1040F000002116A8FAF7BEFF059B002BC0F219811C
:104100000024069725461F460EE02BA95846FFF7C8
:10411000FFF8411C284400F0FD81B84209DC04F19D
:10412000040400F008820546139A125916AB002ABF
:10413000EBD1069F05950AE1089C069B0996E41AB7
:10414000002C7FF7C8AA02230C939FE653EA0402CF
:104150005ED100238DF84330059B002BC0F22181F6
:10416000039B23F49063039300F0878103788DF819
:104170000F31069B0A93059B06930DF20F1573E70B
:104180000B9A52F8043B0B92039AD40608D45206B9
:1041900002D59BB2002447E7039A960500F181817E
:1041A000002441E742F00202039202220692039A9F
:1041B00022F48062039203F00F02825C8DF80F21DB
:1041C0001B0943EA0473220953EA14147FF4A7ACD1
:1041D0000DF20F15B1E4059B44ADCDE90933FFF7AE
:1041E00058BA049918AA584600F040FA0646002822
:1041F0007FF423AA9DF84330DDE91921002B40F01C
:1042000089800C9B1BAF002B7FF465AAFFF773BA64
:1042100030228DF8442000228DF84320059A8DF835
:104220004510002A039ABDDB22F4906242F002029C
:1042300003920222069203F00F02825CBEE7099D00
:104240002846FBF75BF89DF843300A9020EAE072BD
:104250000692002B7FF4F2AA099D05930B96099311
:10426000FFF717BA5846FAF7AFFDFFF7B2B8059A4D
:1042700044AB5B1B9A42B8BF1A460A9300230692CE
:104280000993FFF706BA049918AA584600F0EEF908
:1042900000287FF4D2A9DDE919211BAFFFF72BBA63
:1042A0000B9A0799126811607FE4059B074D0B96E6
:1042B000062B28BF062306930A93099B0593FFF755
:1042C000E8B900BFAC0C0020980C0020C00C002006
:1042D0000B91002C00F0DC80302301228DF80F318F
:1042E0000DF20F1523460A9232E4039B0B929D05B3
:1042F0004ABF44F3C016E61764B23346FFF741BA2B
:10430000039810F4007600F0CF808DF84310DBB2F4
:10431000FFF72FBB1BAFFFF7CFB9039810F4007165
:1043200000F0BB80DBB20B920021FFF7DDBAAC4B93
:1043300032E516AB0093002313AA19465846FFF73F
:104340000FF80590013000F0E580099B1393059B61
:10435000002B7CD0632B00F3B680002309932BAD98
:104360000822002116A8FAF785FE059C16AB0093DB
:1043700013AA234629465846FEF7F2FF844240F02E
:104380001681059900236B5421EAE17206929DF88B
:104390004320002A40F0B580CDE90A160592FFF7C8
:1043A00078B903788DF80F31039B23F4806303936E
:1043B000069B0A930DF20F1556E60E9A0F99AD1A49
:1043C0002846FAF79BFE9BF801300BB10BF1010B6D
:1043D000844AA31943F10003A2FB030C2CF0030051
:1043E00000EB9C001B1AE31A4FF0CC3166F100067B
:1043F00003FB01F102FB0611A3FB023001445B0841
:1044000043EAC1744E08A31943F10003A2FB031051
:1044100020F0030101EB90015B1AE31AA3FB0231C8
:1044200066F1000002FB00125B0843EAC27303EB73
:104430008303A4EB4303303305F8013C0120013D25
:10444000FFF701BB059B0A9344A805460CE69DF8BF
:104450004330099D0B96003B18BF01230693059B33
:104460000A9301E69DF843303BB1059BCDE9093342
:10447000012344AD0693FFF7ADB9059BFFF727BBBA
:10448000059B0B92002B3FF422AB0024FFF78CB965
:10449000059B0A9344ADFFF75BBB03980B92FFF7B4
:1044A00023BADBB20024BFE505998DF843600029EB
:1044B0001C46BFF663AAFFF768BA0B9A0799126801
:1044C0001180FFF772BB591C5846F9F7AFFE05463D
:1044D00000B3099044E7886DFAF7E4FEFFF76BB884
:1044E000002380460593FEF7D0BF049918AA5846CA
:1044F00000F0BCF800283FF48AA8FFF7A4B83A4EB1
:104500009EE4059A0A92069A0B960132069205934A
:10451000FFF760B90498B0F90C30426E43F04001E7
:10452000D207818109D54FF0FF330793FFF795B884
:104530002B4BFFF7FBBB069F09E79905F3D4FFF769
:104540000CB99BB1059B0B965A1C06920A930590D9
:104550000990FFF73FB9D707E5D4049B9B899E05D7
:10456000E1D4049B986DFAF79DFEDCE7059A099368
:10457000CDE905320B960A92FFF78BB8049A536E79
:10458000D807D0D493899905CDD4906DFAF78AFED7
:10459000C9E70B9A98F8013052F8041B0B9241EAD4
:1045A000E17180460591FEF76DBF0846E3E4049A89
:1045B000938943F040039381FFF73FB80996FFF7D3
:1045C00070B8069350E5059B0122012BB8BF01236B
:1045D0000DF20F150A92FFF7BBBA0993FFF788B8DF
:1045E0000C0E0020CDCCCCCC44060020F0B50D46FE
:1045F000ADF2744D164689896A6E1B92EA89ADF850
:10460000162021F00201EA69ADF8141009921CA9E4
:104610006A6A0291074606910B924FF4806100226C
:1046200018A80193049107910892FAF735FE3246D3
:10463000019B02A93846FEF7B5FE061E07DB02A95C
:104640003846FDF78DFD002818BF4FF0FF36BDF846
:1046500014305B0603D5AB8943F04003AB81189857
:10466000FAF71CFE30460DF2744DF0BD936810B59C
:1046700014461BB918460023636010BD00F068F8AB
:104680000023A3600023636010BD00BF2DE9F04349
:104690008E681D46AE420B6883B00C4690463AD8F1
:1046A000B1F90CC01CF4906F0FD135461846414645
:1046B0002A46FAF74DFCA3689E1B2368A6602B448C
:1046C0000020236003B0BDE8F0834A69096902EB6A
:1046D00042025E1A02EBD2726B1C521033449342B8
:1046E00094BF17461F46934288BF1A461CF4806F3A
:1046F000814612D01146F9F799FDF0B13246216991
:104700000190F8F757F9A289019B22F4906242F0D8
:104710008002A28105E02E46C8E7FAF769F8034651
:1047200038B123613344BE1BA660676123602E4607
:10473000BCE721694846FAF7A3FEA3890C2243F09F
:104740004003C9F800204FF0FF30A381BAE700BF53
:104750009368002B00F0B7802DE9F04FB1F90CC041
:104760001CF0080F83B00C46804617462DD00B690D
:104770005BB31CF002033E6833D04FF0000ADFF851
:10478000C4B25546B9465D452B46524628BF5B46E6
:104790004046B5B1E169676AB847002840F38B80AD
:1047A000D9F808301B1A8244C9F80830002B79D098
:1047B0002D1A5D452B46524628BF5B464046002DCC
:1047C000E8D1D6E900A50836DDE72146404600F0ED
:1047D0003BF9002874D1B4F90CC03E681CF0020308
:1047E000CBD11CF0010A70D1236800975546002DEB
:1047F00054D01CF4007FD4F80890184600F0AB8029
:10480000A945CB4600F2E4801CF4906F34D02169B6
:104810006269A3EB010902EB420202EBD27209F1D9
:10482000010352102B44934294BF93469B469342FC
:1048300088BF1A461CF4806F00F0E980114640469C
:10484000F9F7F4FC002800F0F7804A46216901904E
:10485000F8F7B0F8A289019B22F4906242F080023E
:10486000A28103EB09002361ABEB0903C4F814B088
:10487000A3602060A946AB4651465A46FAF768FB4A
:10488000A2682368A2EB0902A260009A91685B44C7
:10489000491B2360916029B1B4F90CC0D6E900A589
:1048A0000836A4E7002003B0BDE8F08F214640465B
:1048B000FDF756FC68B3B4F90C3043F04003A38114
:1048C0004FF0FF30EFE7002070471D469A4618462C
:1048D000B946009365B3002831D05246D4E9041399
:1048E0002068AA4228BF2A46884204D9A16803EB5F
:1048F000010B5A457CDC93426DDCE169009A676AE2
:104900004046B847B0F1000BD5DDBAEB0B0ACDD06D
:104910000120D9F80830A3EB0B03C9F80830002BAD
:10492000C0D0009BA5EB0B055B440093002DD2D1BA
:10493000756833460836002DFAD01B680093009F37
:104940002A460A213846FDF749FC002871D001307B
:10495000A0EB070AC1E722699A4221D36269AA4201
:104960001ED86FF00043AB4228BF2B46E16993FB92
:10497000F2F3676A02FB03F340465246B847B0F1D0
:10498000000998DD009A9368A3EB0903A5EB0905DC
:104990009360002B86D0B4F90CC02368CA4426E784
:1049A000A94528BFA94618464A465146FAF7D0FA03
:1049B000A2682368A2EB09024B44A2602360002A8C
:1049C000E0D121464046FDF7CBFB0028DAD072E764
:1049D000A946AB4650E700990192FAF7B9FA019A55
:1049E000A3689B1AA36023681344236093468CE753
:1049F00000995A46FAF7ACFA23685B4423602146D3
:104A00004046FDF7ADFB00283FF47FAF53E740463B
:104A1000F9F7EEFE034600287FF423AF21694046F4
:104A2000FAF72EFDA3890C22C8F8002023F080039A
:104A300043E76A1C924651E70C22B4F90C30C8F8DF
:104A400000203AE700FCFF7F10B5354B044618689C
:104A500082B00B4610B1426B002A53D0B3F90C2040
:104A6000110711D51869C8B1B3F90C2012F0010172
:104A700026D059694FF0000C4942C3F808C099612B
:104A800020B3002002B010BDD00640D5510723D47A
:104A9000186942F008029A810028E5D19A8902F447
:104AA0002072B2F5007FDFD019462046019300F056
:104AB000C9F8019BB3F90C20186912F00101D8D193
:104AC000940758BF596999600028DAD11106D9D5E1
:104AD00042F040029A811FE0196B61B103F140007E
:104AE000814206D020460193FAF7CAFC019BB3F934
:104AF0000C200021196318690021C3E9000122F08C
:104B00002402C6E70191FAF75FF9019BA6E70921A4
:104B100042F0400221609A814FF0FF30B2E700BFBF
:104B20007C1700202DE9F04F8BB0DDE91589149F2B
:104B300002901C46B8F1000F57D016680196002964
:104B4000C34608BF4FF0FF370025884603919246C1
:104B500006E0019B53F8040B0193002837D065460B
:104B6000AF423ED9002C3CD0DBF800300493DBF898
:104B700004300593019B02981A68D9F8C8615B4616
:104B800006A9B047431C33D000EB050CBC453AD80E
:104B9000039B013C002BDCD000280DDD08F1FF3227
:104BA000019E06A900EB020E11F8013B02F8013F3D
:104BB0007245F9D101968044019BDAF8002053F840
:104BC000040B01930432CAF800200028C7D10399CE
:104BD000D84609B1CAF800000022C8F800200CF13C
:104BE000FF3528460BB0BDE8F08F00F58678A4E7C6
:104BF000029B05468A21002228461960CBF8002036
:104C00000BB0BDE8F08FD846DDF810A0DDF814B089
:104C10002846C8E900AB0BB0BDE8F08F00B585B001
:104C2000DFF81CC0069800900798019003480068C0
:104C3000CDF808C0FFF776FF05B000BD7C17002057
:104C400014150020B1F90C20930706D501F1430398
:104C50000122C1E904320B60704730B50B46B1F94F
:104C60000E10002999B0044632DB02AA009300F02E
:104C70005BF80028009B29DB4FF4806120460093FD
:104C8000039DF9F7D3FA009BB3F90C20002839D023
:104C900005F4704142F0800218601861B1F5005FC0
:104CA0004FF480609A8158613AD1B3F90E100093A5
:104CB000204600F04DF8009BB3F90C2080B322F0A1
:104CC000030242F001024FF4006117E0B3F90C2037
:104CD000019312F0800F0CBF4FF4806140212046F9
:104CE0000091F9F7A3FA019B0099B3F90C2048B1A0
:104CF000C3E9040142F08002186000210A439A814E
:104D000019B030BD9105FBD422F0030203F1430139
:104D100042F002020120C3E904109A811960EFE712
:104D20004FF40061EAE700BF38B5084C00230546A0
:104D3000084611462360F8F7A1F8431C00D038BD9F
:104D40002368002BFBD02B6038BD00BF58770020B4
:104D500038B5074C0023054608462360F8F794F859
:104D6000431C00D038BD2368002BFBD02B6038BD1E
:104D7000587700205FF800F0FD1C00605FF800F03D
:0C4D8000A11D0060000000000000000009
:044D8C00F8B500BFB7
:084D90006CA5FF7F010000008B
:104D9800000000000000000000000000000000000B
:104DA80000000000000000000000000000000000FB
:104DB80000000000000000000000000000000000EB
:104DC80000000000000000000000000000000000DB
:104DD80000000000000000000000000000000000CB
:104DE80000000000000000000000000000000000BB
:104DF80000000000000000000000000000000000AB
:104E0800000000000000000000000000000000009A
:104E1800000000000000000000000000000000008A
:104E2800000000000000000000000000000000007A
:104E3800000000000000000000000000000000006A
:104E4800000000000000000000000000000000005A
:104E5800000000000000000000000000000000004A
:104E6800000000000000000000000000000000003A
:104E7800000000000000000000000000000000002A
:104E8800000000000000000000000000000000001A
:104E9800000000000000000000000000000000000A
:104EA80000000000000000000000000000000000FA
:104EB80000000000000000000000000000000000EA
:104EC80000000000000000000000000000000000DA
:104ED80000000000000000000000000000000000CA
:104EE80000000000000000000000000000000000BA
:104EF80000000000000000000000000000000000AA
:104F08000000000000000000000000000000000099
:104F18000000000000000000000000000000000089
:104F28000000000000000000000000000000000079
:104F38000000000000000000000000000000000069
:104F48000000000000000000000000000000000059
:104F58000000000000000000000000000000000049
:104F68000000000000000000000000000000000039
:104F78000000000000000000000000000000000029
:104F88000000000000000000000000000000000019
:104F98000000000000000000000000000000000009
:104FA80000000000000000000000000000000000F9
:104FB80000000000000000000000000000000000E9
:104FC80000000000000000000000000000000000D9
:104FD80000000000000000000000000000000000C9
:104FE80000000000000000000000000000000000B9
:104FF80000000000000000000000000000000000A9
:105008000000000000000000000000000000000098
:105018000080E03779C34143176E05B5B5B89346AC
:10502800F5F93FE9034F384D321D30F94877825A78
:105038003CBF737FDD4F1575000000000000F03F96
:10504800000000000000244000000000000059405B
:105058000000000000408F40000000000088C340AE
:1050680000000000006AF8400000000080842E4123
:1050780000000000D01263410000000084D797416F
:105088000000000065CDCD41000000205FA0024275
:10509800000000E876483742000000A2941A6D42EA
:1050A800000040E59C30A2420000901EC4BCD642DD
:1050B80000003426F56B0C430080E03779C3414388
:1050C80000A0D8855734764300C84E676DC1AB43FE
:1050D800003D9160E458E143408CB5781DAF15441C
:1050E80050EFE2D6E41A4B4492D54D06CFF08044F7
:1050F800F64AE1C7022DB544B49DD9794378EA440C
:10510800B102000061060000250A0000F50D00004C
:10511800391D000029210000292500003D29000033
:105128005D2D00008D310000B1370000B142000054
:1051380049470000A950000081550000753400005F
:1051480051110000E91200008D140000013F000019
:10515800C54C0000E95C0000CD5A00003163000036
:105168000D680000B16F000085770000F96A000043
:105178006D7D000081840000DD03000091070000C0
:10518800550B00002D0F0000711E00006522000065
:105198006D260000812A0000A52E0000D9320000EB
:1051A8000139000015440000B54800001D520000F8
:1051B80005570000C5010000750500003909000009
:1051C800090D0000151C00003D2000003D240000D2
:1051D80051280000712C0000A1300000C5360000E5
:1051E800B54100004D460000AD4F00008554000059
:1051F800A93A000099170000F5180000591A000094
:10520800F13C00008D4A000015590000D95E0000ED
:10521800F1600000B5650000316D0000C574000044
:1052280095720000797A0000DD800000040000001B
:10523800050000000600000007000000080000004C
:10524800090000000A0000000B0000000C0000002C
:105258000D0000000E000000100000001200000009
:10526800140000001800000000000000000000000A
:10527800D9A5000085B9000081B900007DB90000FA
:1052880079B9000075B9000071B900006DB9000066
:10529800000000000000000089A40000E1A5000053
:1052A800FD9E000055A000001D9F0000BD9F00004E
:1052B800459F0000E1A0000071A00000F99E0000D9
:1052C80000202020202020202020282828282820CE
:1052D80020202020202020202020202020202020C6
:1052E800208810101010101010101010101010102E
:1052F800100404040404040404040410101010101E
:1053080010104141414141410101010101010101E7
:105318000101010101010101010101011010101039
:1053280010104242424242420202020202020202B9
:10533800020202020202020202020202101010100D
:105348002000000000000000000000000000000035
:105358000000000000000000000000000000000045
:105368000000000000000000000000000000000035
:105378000000000000000000000000000000000025
:105388000000000000000000000000000000000015
:105398000000000000000000000000000000000005
:1053A80000000000000000000000000000000000F5
:1053B80000000000000000000000000000000000E5
:1053C8000000000020202020202020202020202055
:1053D80020202020202020202020202020202020C5
:1053E8002020202000000042C8801F40B8821F40B3
:1053F8000800000000000042C4801F40B4821F4023
:105408000400000000C0004224801F4014821F4096
:105418001000000000C0004228801F4018821F4072
:105428002000000000C000422C801F401C821F404A
:105438004000000000C0004234801F4024821F400A
:10544800000100000040004264811F4054831F4057
:10545800000400000040004280811F4070831F400C
:1054680000000200004000427C811F406C831F4006
:10547800000001000040004268811F4058831F401F
:1054880000080000004000423C811F402C831F4060
:10549800010000000040004244811F4034831F4047
:1054A800040000000040004240811F4030831F403C
:1054B800020000000040004248811F4038831F401E
:1054C800080000000000004204811F40F4821F40D1
:1054D800000004000000004208811F40F8821F40BD
:1054E800000008000000004218811F4008831F4088
:1054F800000080000000004214811F4004831F4008
:10550800000040000000004200811F40F0821F4060
:105518000000020000000042FC801F40EC821F4097
:10552800000001000000004224811F4014831F4036
:10553800000000040000004228811F4018831F401B
:1055480000000008000000421C811F400C831F401F
:10555800000000010000004220811F4010831F400E
:105568000000000200000042EC801F40DC821F4067
:105578000010000000000042F0801F40E0821F4041
:10558800002000000000004234811F4024831F4097
:10559800000000400000004238811F4028831F405F
:1055A800000000800080004294801F4084821F40D9
:1055B8000000040000C0004290801F4080821F400D
:1055C8000000008000800042A8801F4098821F4091
:1055D8000000800000800042A4801F4094821F4089
:1055E80000004000004000426C811F405C831F4067
:1055F8000010000000C0004230801F4020821F4081
:105608008000000000400042B0811F40A0831F407E
:105618000000002000400042AC811F409C831F40D6
:10562800000000100040004284811F4074831F4026
:10563800000004000040004288811F4078831F401A
:1056480000000800000000422C811F401C831F40FE
:10565800000000100000004230811F4020831F40DE
:1056680000000020000000420C811F40FC821F4007
:10567800000010000000004210811F4000831F40FE
:105688000000200000800042C8811F40B8831F40EE
:105698000080000000800042C4811F40B4831F4086
:1056A8000040000000800042C0811F40B0831F40BE
:1056B8000020000000800042BC811F40AC831F40D6
:1056C8000010000000800042D0811F40C0831F40AE
:1056D8000000020000800042CC811F40BC831F40B4
:1056E8000000010000C0004274801F4064821F4017
:1056F8000000000100C0004280801F4070821F40EF
:105708000000000800C0004284801F4074821F40CF
:105718000000001000C000426C801F405C821F40E7
:105728000000400000C000427C801F406C821F4087
:105738000000000400C0004278801F4068821F40BB
:105748000000000200C0004288801F4078821F408D
:105758000000002005000000190000007D00000086
:10576800707372616D5F776F726B65722075702EE2
:10577800206D617468206F6E6C793B2074686520B9
:105788004C75636B666F7820646563696465732024
:1057980065766572797468696E6720656C73652EC5
:1057A800000000006576657279206C696E65206975
:1057B8006E20616E64206F7574206F662074686552
:1057C800206C696E6B206973206563686F6564205F
:1057D800686572652C203E20696E20616E64203CED
:1057E800206F75742E0000003C2000003E20000051
:1057F800492062656E63682D6F6E6520776F726BE6
:1058080065722032206E73656C2031302062616EC3
:105818006B737A20256C7520626C6B20256C752063
:105828006269747320342C322C31206663707520C1
:10583800256C7500502025642025752025752025A8
:10584800752025750000000042206F6B00000000E5
:1058580045206F6B000000005920256C7500000082
:105868005420256420256420256C75005520256C5E
:10587800750000004E202575000000004420256CAE
:105888007500000051202575000000004A20256C95
:10589800750000004B202575202530386C58000015
:1058A8004620256C750000004D20256C6420256C71
:1058B800750000005220256C7520256C75000000CD
:1058C8005720256C7520256C750000002025303286
:1058D80058000000532025303258202530325820F7
:1058E8002530325820253032582077616E742025B3
:1058F8003032582025303258202530325820253073
:1059080032580000472025303258202530325820A0
:105918002530325820253032582077616E74202582
:105928003032582025303258202530325820253042
:10593800325800004C20256C7520256C7520256C8C
:105948007520256C7520256C750000005620256C87
:105958007520256C750000004520756E6B6E6F779D
:105968006E0000004C435F434F4C4C4154450000CF
:105978004C435F4354595045000000004C435F4D71
:105988004F4E4554415259004C435F4E554D455278
:10599800494300004C435F54494D45004C435F4D1B
:1059A800455353414745530042616C6C6F63207304
:1059B8007563636565646564000000002F64617445
:1059C800612F6A656E6B696E732F776F726B737078
:1059D8006163652F474E552D746F6F6C63686169FD
:1059E8006E2F61726D2D31352D352F7372632F6EC9
:1059F80065776C69622D63796777696E2F6E657755
:105A08006C69622F6C6962632F7374646C69622FAE
:105A18006D707265632E6300494E4600696E6600BC
:105A28004E414E006E616E003031323334353637B8
:105A380038396162636465660000000030313233D2
:105A48003435363738394142434445460000000072
:105A5800286E756C6C290000300000002C206675DB
:105A68006E6374696F6E3A2000000000617373659D
:105A78007274696F6E2022257322206661696C65D5
:105A8800643A2066696C6520222573222C206C6993
:105A98006E65202564257325730A0000496E6669C2
:105AA8006E697479000000004E614E002F646174C5
:105AB800612F6A656E6B696E732F776F726B737087
:105AC8006163652F474E552D746F6F6C636861690C
:105AD8006E2F61726D2D31352D352F7372632F6ED8
:105AE80065776C69622D63796777696E2F6E657764
:105AF8006C69622F6C6962632F7374646C69622FBE
:105B080064746F612E63000000010000801700209C
:105B18001200000000060000F01E00600A000000ED
:105B2800000200008C1E00606200000000070000F8
:105B3800281E006062000000EE030000BC17002071
:105B480012000000000004EE941700202800000056
:105B580000030000241E0060000000000103090487
:105B68000C1E00600000000002030904F41D006020
:105B78000000000003030904D01700200000000003
:105B8800000000000000000000000000303030304D
:105B980030303030303030303030303030303030FD
:105BA80030303030303030303030303000000000AD
:105BB8000000000000000000200E0020200E002041
:105BC800280E0020280E0020300E0020300E002065
:105BD800380E0020380E0020400E0020400E002015
:105BE800480E0020480E0020500E0020500E0020C5
:105BF800580E0020580E0020600E0020600E002075
:105C0800680E0020680E0020700E0020700E002024
:105C1800780E0020780E0020800E0020800E0020D4
:105C2800880E0020880E0020900E0020900E002084
:105C3800980E0020980E0020A00E0020A00E002034
:105C4800A80E0020A80E0020B00E0020B00E0020E4
:105C5800B80E0020B80E0020C00E0020C00E002094
:105C6800C80E0020C80E0020D00E0020D00E002044
:105C7800D80E0020D80E0020E00E0020E00E0020F4
:105C8800E80E0020E80E0020F00E0020F00E0020A4
:105C9800F80E0020F80E0020000F0020000F002052
:105CA800080F0020080F0020100F0020100F002000
:105CB800180F0020180F0020200F0020200F0020B0
:105CC800280F0020280F0020300F0020300F002060
:105CD800380F0020380F0020400F0020400F002010
:105CE800480F0020480F0020500F0020500F0020C0
:105CF800580F0020580F0020600F0020600F002070
:105D0800680F0020680F0020700F0020700F00201F
:105D1800780F0020780F0020800F0020800F0020CF
:105D2800880F0020880F0020900F0020900F00207F
:105D3800980F0020980F0020A00F0020A00F00202F
:105D4800A80F0020A80F0020B00F0020B00F0020DF
:105D5800B80F0020B80F0020C00F0020C00F00208F
:105D6800C80F0020C80F0020D00F0020D00F00203F
:105D7800D80F0020D80F0020E00F0020E00F0020EF
:105D8800E80F0020E80F0020F00F0020F00F00209F
:105D9800F80F0020F80F002000100020001000204D
:105DA80008100020081000201010002010100020FB
:105DB80018100020181000202010002020100020AB
:105DC800281000202810002030100020301000205B
:105DD800381000203810002040100020401000200B
:105DE80048100020481000205010002050100020BB
:105DF800581000205810002060100020601000206B
:105E0800681000206810002070100020701000201A
:105E180078100020781000208010002080100020CA
:105E2800881000208810002090100020901000207A
:105E38009810002098100020A0100020A01000202A
:105E4800A8100020A8100020B0100020B0100020DA
:105E5800B8100020B8100020C0100020C01000208A
:105E6800C8100020C8100020D0100020D01000203A
:105E7800D8100020D8100020E0100020E0100020EA
:105E8800E8100020E8100020F0100020F01000209A
:105E9800F8100020F8100020001100200011002048
:105EA80008110020081100201011002010110020F6
:105EB80018110020181100202011002020110020A6
:105EC8002811002028110020301100203011002056
:105ED8003811002038110020401100204011002006
:105EE80048110020481100205011002050110020B6
:105EF8005811002058110020601100206011002066
:105F08006811002068110020701100207011002015
:105F180078110020781100208011002080110020C5
:105F28008811002088110020901100209011002075
:105F38009811002098110020A0110020A011002025
:105F4800A8110020A8110020B0110020B0110020D5
:105F5800B8110020B8110020C0110020C011002085
:105F6800C8110020C8110020D0110020D011002035
:105F7800D8110020D8110020E0110020E0110020E5
:105F8800E8110020E8110020F0110020F011002095
:105F9800F8110020F8110020001200200012002043
:105FA80008120020081200201012002010120020F1
:105FB8001812002018120020000000000C760020A3
:105FC80074760020DC76002000000000000000004D
:105FD80000000000000000000000000000000000B9
:105FE80000000000000000000000000000000000A9
:105FF8000000000000000000000000000000000099
:106008000000000000000000000000000000000088
:106018000000000000000000000000000000000078
:106028000000000000000000000000000000000068
:106038000000000000000000000000000000000058
:106048000000000000000000000000000000000048
:1060580001000000000000000E33CDAB34126DE6E5
:10606800ECDE05000B00000000000000000000004E
:106078000000000000000000000000000000000018
:106088000000000000000000000000000000000008
:1060980000000000000000000000000000000000F8
:1060A80000000000000000000000000000000000E8
:1060B80000000000000000000000000000000000D8
:1060C80000000000000000000000000000000000C8
:1060D80000000000000000000000000000000000B8
:1060E80000000000000000000000000000000000A8
:1060F8000000000000000000000000000000000098
:106108000000000000000000000000000000000087
:106118000000000000000000000000000000000077
:106128000000000000000000000000000000000067
:106138000000000000000000000000000000000057
:106148000000000000000000000000000000000047
:106158000000000000000000000000000000000037
:106168000000000000000000000000000000000027
:106178000000000000000000000000000000000017
:106188000000000000000000000000000000000007
:1061980000000000000000000000000000000000F7
:1061A80000000000000000000000000000000000E7
:1061B80000000000000000000029DE07007B9A179D
:1061C800E004002000000000E803000000000000D8
:1061D8000805002000000000E8030000000000009F
:1061E80000001940A014002000000000E84400202E
:1061F800A844002000000000000000002800000063
:1062080040000000280000004000000000000000DE
:106218000000000000000000000000000000000076
:106228000000000000000000000000000000000066
:1062380001170000CDA50000000000006CC00F4051
:1062480000000003070000000200000040851F4016
:1062580002000000FF000000FF0000000000000036
:1062680000000000080000000200000044851F40F4
:1062780002000000FF000000FF0000000000000016
:1062880000000000FF004000260018007A0000000F
:1062980020000000000000010600000008000000C7
:1062A80080302020430000000000000000000000B3
:1062B80000000000000000000000000000000000D6
:1062C8000000000043000000000000000000000083
:1062D80000000000000000000000000000000000B6
:1062E8000000000043000000000000000000000063
:1062F8000000000000000000000000000000000096
:106308000000000043000000000000000000000042
:106318000000000000000000000000000000000075
:106328000000000043000000000000000000000022
:106338000000000000000000000000000000000055
:106348000000000043000000000000000000000002
:106358000000000000000000000000000000000035
:1063680000000000430000000000000000000000E2
:106378000000000000000000000000000000000015
:1063880000000000430000000000000000000000C2
:1063980000000000000000000000000000000000F5
:1063A80000000000000000000000000000000000E5
:1063B80000000000000000000000000000000000D5
:1063C80000000000000000000000000000000000C5
:1063D80000000000000000000000000000000000B5
:1063E80000000000000000000000000000000000A5
:1063F8000000000000000000000000000000000095
:106408000000000000000000000000000000000084
:106418000000000000000000000000000000000074
:106428000000000000000000000000000000000064
:106438000000000000000000000000000000000054
:106448000000000000000000000000000000000044
:106458000000000000000000000000000000000034
:10646800000000000000000000000000B1DF000094
:106478009DD700000000000030050020540A0020CD
:10648800D80C0020D80C0020D80C0020D80C0020F4
:10649800D80C0020D80C0020D80C0020D80C0020E4
:1064A800D80C0020FFFFFFFFFFFFFFFFFFFFFFFFEC
:1064B800FFFF00000100415343494900000000006C
:1064C80000000000000000000000000000000000C4
:1064D800000000000000415343494900000000004B
:1064E80000000000000000000000000000000000A4
:1064F8000000000000000000FFFFFFFF0000020096
:1065080000000000030000000C7600202812002084
:1065180012010002EF020140C0168304800201024A
:106528000301000028000000000104000100000031
:1065380000000000020157494E5553420000000078
:1065480000000000000000000000000012034D00E1
:10655800530046005400310030003000F8000000BD
:106568000C03000000000000000000000000000014
:10657800000000000000040200000000000000000D
:106588000000000000000000000000000000000003
:1065980000000000000000000000000000000000F3
:1065A80000000000000000000000000000000000E3
:1065B80000000000000000000000000000000000D3
:1065C80000000000000000000000000000000000C3
:1065D80000000000000000000000000000000000B3
:1065E80000000000000000000000000000000000A3
:1065F8000000000000000000000000000000000093
:106608000000000000000000000000000000000082
:106618000000000000000000000000000000000072
:106628000000000000000000000000000000000062
:106638000000000000000000000000000000000052
:106648000000000000000000000000000000000042
:106658000000000000000000000000000000000032
:106668000000000000000000000000000000000022
:106678000000000000000000000000000000000012
:106688000000000000000000000000000000000002
:1066980000000000000000000000000000000000F2
:1066A80000000000000000000000000000000000E2
:1066B80000000000000000000000000000000000D2
:1066C80000000000000000000000000000000000C2
:1066D80000000000000000000000000000000000B2
:1066E80000000000000000000000000000000000A2
:1066F8000000000000000000000000000000000092
:106708000000000000000000000000000000000081
:106718000000000000000000000000000000000071
:106728000000000000000000000000000000000061
:106738000000000000000000000000000000000051
:106748000000000000000000000000000000000041
:106758000000000000000000000000000000000031
:106768000000000000000000000000000000000021
:106778000000000000000000000000000000000011
:106788000000000000000000000000000000000001
:1067980000000000000000000000000000000000F1
:1067A80000000000000000000000000000000000E1
:1067B80000000000000000000000000000000000D1
:1067C80000000000000000000000000000000000C1
:1067D80000000000000000000000000000000000B1
:1067E80000000000000000000000000000000000A1
:1067F8000000000000000000000000000000000091
:106808000000000000000000000000000000000080
:106818000000000000000000000000000000000070
:106828000000000000000000000000000000000060
:106838000000000000000000000000000000000050
:106848000000000000000000000000000000000040
:10685800FFFFFFFFFFFFFFFFFFFFFFFFFFFFFFFF40
:10686800FFFFFFFFFFFFFFFFFFFFFFFFFFFFFFFF30
:10687800FFFFFFFFFFFFFFFFFFFFFFFFFFFFFFFF20
:10688800FFFFFFFFFFFFFFFFFFFFFFFFFFFFFFFF10
:10689800FFFFFFFFFFFFFFFFFFFFFFFFFFFFFFFF00
:1068A800FFFFFFFFFFFFFFFFFFFFFFFFFFFFFFFFF0
:1068B800FFFFFFFFFFFFFFFFFFFFFFFFFFFFFFFFE0
:1068C800FFFFFFFFFFFFFFFFFFFFFFFFFFFFFFFFD0
:1068D800FFFFFFFFFFFFFFFFFFFFFFFFFFFFFFFFC0
:1068E800FFFFFFFFFFFFFFFFFFFFFFFFFFFFFFFFB0
:1068F800FFFFFFFFFFFFFFFFFFFFFFFFFFFFFFFFA0
:10690800FFFFFFFFFFFFFFFFFFFFFFFFFFFFFFFF8F
:10691800FFFFFFFFFFFFFFFFFFFFFFFFFFFFFFFF7F
:10692800FFFFFFFFFFFFFFFFFFFFFFFFFFFFFFFF6F
:10693800FFFFFFFFFFFFFFFFFFFFFFFFFFFFFFFF5F
:10694800FFFFFFFFFFFFFFFFFFFFFFFFFFFFFFFF4F
:10695800FFFFFFFFFFFFFFFFFFFFFFFFFFFFFFFF3F
:10696800FFFFFFFFFFFFFFFFFFFFFFFFFFFFFFFF2F
:10697800FFFFFFFFFFFFFFFFFFFFFFFFFFFFFFFF1F
:10698800FFFFFFFFFFFFFFFFFFFFFFFFFFFFFFFF0F
:10699800FFFFFFFFFFFFFFFFFFFFFFFFFFFFFFFFFF
:1069A800FFFFFFFFFFFFFFFFFFFFFFFFFFFFFFFFEF
:1069B800FFFFFFFFFFFFFFFFFFFFFFFFFFFFFFFFDF
:1069C800FFFFFFFFFFFFFFFFFFFFFFFFFFFFFFFFCF
:1069D800FFFFFFFFFFFFFFFFFFFFFFFFFFFFFFFFBF
:1069E800FFFFFFFFFFFFFFFFFFFFFFFFFFFFFFFFAF
:1069F800FFFFFFFFFFFFFFFFFFFFFFFFFFFFFFFF9F
:106A0800FFFFFFFFFFFFFFFFFFFFFFFFFFFFFFFF8E
:106A1800FFFFFFFFFFFFFFFFFFFFFFFFFFFFFFFF7E
:106A2800FFFFFFFFFFFFFFFFFFFFFFFFFFFFFFFF6E
:106A3800FFFFFFFFFFFFFFFFFFFFFFFFFFFFFFFF5E
:106A4800FFFFFFFFFFFFFFFFFFFFFFFFFFFFFFFF4E
:106A5800FFFFFFFFFFFFFFFFFFFFFFFFFFFFFFFF3E
:106A6800FFFFFFFFFFFFFFFFFFFFFFFFFFFFFFFF2E
:106A7800FFFFFFFFFFFFFFFFFFFFFFFFFFFFFFFF1E
:106A8800FFFFFFFFFFFFFFFFFFFFFFFFFFFFFFFF0E
:106A9800FFFFFFFFFFFFFFFFFFFFFFFFFFFFFFFFFE
:106AA800FFFFFFFFFFFFFFFFFFFFFFFFFFFFFFFFEE
:106AB800FFFFFFFFFFFFFFFFFFFFFFFFFFFFFFFFDE
:106AC800FFFFFFFFFFFFFFFFFFFFFFFFFFFFFFFFCE
:106AD800FFFFFFFFFFFFFFFFFFFFFFFFFFFFFFFFBE
:106AE800FFFFFFFFFFFFFFFFFFFFFFFFFFFFFFFFAE
:106AF800FFFFFFFFFFFFFFFFFFFFFFFFFFFFFFFF9E
:106B0800FFFFFFFFFFFFFFFFFFFFFFFFFFFFFFFF8D
:106B1800FFFFFFFFFFFFFFFFFFFFFFFFFFFFFFFF7D
:106B2800FFFFFFFFFFFFFFFFFFFFFFFFFFFFFFFF6D
:106B3800FFFFFFFFFFFFFFFFFFFFFFFFFFFFFFFF5D
:106B4800FFFFFFFFFFFFFFFFFFFFFFFFFFFFFFFF4D
:106B5800FFFFFFFFFFFFFFFFFFFFFFFFFFFFFFFF3D
:106B6800FFFFFFFFFFFFFFFFFFFFFFFFFFFFFFFF2D
:106B7800FFFFFFFFFFFFFFFFFFFFFFFFFFFFFFFF1D
:106B8800FFFFFFFFFFFFFFFFFFFFFFFFFFFFFFFF0D
:106B9800FFFFFFFFFFFFFFFFFFFFFFFFFFFFFFFFFD
:106BA800FFFFFFFFFFFFFFFFFFFFFFFFFFFFFFFFED
:106BB800FFFFFFFFFFFFFFFFFFFFFFFFFFFFFFFFDD
:106BC800FFFFFFFFFFFFFFFFFFFFFFFFFFFFFFFFCD
:106BD800FFFFFFFFFFFFFFFFFFFFFFFFFFFFFFFFBD
:106BE800FFFFFFFFFFFFFFFFFFFFFFFFFFFFFFFFAD
:106BF800FFFFFFFFFFFFFFFF000000000000000095
:106C0800000000000000000000000000000000007C
:106C1800000000000000000000000000000000006C
:106C2800000000000000000000000000000000005C
:106C3800000000000000000000000000000000004C
:106C4800000000000000000000000000000000003C
:106C5800000000000000000000000000000000002C
:106C6800000000000000000000000000000000001C
:106C7800000000000000000000000000000000000C
:106C880000000000000000000000000000000000FC
:106C980000000000000000000000000000000000EC
:106CA80000000000000000000000000000000000DC
:106CB80000000000000000000000000000000000CC
:106CC80000000000000000000000000000000000BC
:106CD80000000000000000000000000000000000AC
:106CE800000000000000000000000000000000009C
:106CF800000000000000000000000000000000008C
:106D0800000000000000000000000000000000007B
:106D1800000000000000000000000000000000006B
:106D2800000000000000000000000000000000005B
:106D3800000000000000000000000000000000004B
:106D4800000000000000000000000000000000003B
:106D5800000000000000000000000000000000002B
:106D6800000000000000000000000000000000001B
:106D7800000000000000000000000000000000000B
:106D880000000000000000000000000000000000FB
:106D980000000000000000000000000000000000EB
:106DA80000000000000000000000000000000000DB
:106DB80000000000000000000000000000000000CB
:106DC80000000000000000000000000000000000BB
:106DD80000000000000000000000000000000000AB
:106DE800000000000000000000000000000000009B
:106DF800000000000000000000000000000000008B
:106E0800000000000000000000000000000000007A
:106E1800000000000000000000000000000000006A
:106E2800000000000000000000000000000000005A
:106E3800000000000000000000000000000000004A
:106E4800000000000000000000000000000000003A
:106E5800000000000000000000000000000000002A
:106E6800000000000000000000000000000000001A
:106E7800000000000000000000000000000000000A
:106E880000000000000000000000000000000000FA
:106E980000000000000000000000000000000000EA
:106EA80000000000000000000000000000000000DA
:106EB80000000000000000000000000000000000CA
:106EC80000000000000000000000000000000000BA
:106ED80000000000000000000000000000000000AA
:106EE800000000000000000000000000000000009A
:106EF800000000000000000000000000000000008A
:106F08000000000000000000000000000000000079
:106F18000000000000000000000000000000000069
:106F28000000000000000000000000000000000059
:106F38000000000000000000000000000000000049
:106F48000000000000000000000000000000000039
:106F58000000000000000000000000000000000029
:106F68000000000000000000000000000000000019
:106F78000000000000000000000000000000000009
:106F880000000000000000000000000000000000F9
:106F980000000000000000000000000000000000E9
:106FA80000000000000000000000000000000000D9
:106FB80000000000000000000000000000000000C9
:106FC80000000000000000000000000000000000B9
:106FD80000000000000000000000000000000000A9
:106FE8000000000000000000000000000000000099
:106FF8000000000000000000000000000000000089
:107008000000000000000000000000000000000078
:107018000000000000000000000000000000000068
:107028000000000000000000000000000000000058
:107038000000000000000000000000000000000048
:107048000000000000000000000000000000000038
:107058000000000000000000000000000000000028
:107068000000000000000000000000000000000018
:107078000000000000000000000000000000000008
:1070880000000000000000000000000000000000F8
:1070980000000000000000000000000000000000E8
:1070A80000000000000000000000000000000000D8
:1070B80000000000000000000000000000000000C8
:1070C80000000000000000000000000000000000B8
:1070D80000000000000000000000000000000000A8
:1070E8000000000000000000000000000000000098
:1070F8000000000000000000000000000000000088
:107108000000000000000000000000000000000077
:107118000000000000000000000000000000000067
:107128000000000000000000000000000000000057
:107138000000000000000000000000000000000047
:107148000000000000000000000000000000000037
:107158000000000000000000000000000000000027
:107168000000000000000000000000000000000017
:107178000000000000000000000000000000000007
:1071880000000000000000000000000000000000F7
:1071980000000000000000000000000000000000E7
:1071A80000000000000000000000000000000000D7
:1071B80000000000000000000000000000000000C7
:1071C80000000000000000000000000000000000B7
:1071D80000000000000000000000000000000000A7
:1071E8000000000000000000000000000000000097
:1071F8000000000000000000000000000000000087
:107208000000000000000000000000000000000076
:107218000000000000000000000000000000000066
:107228000000000000000000000000000000000056
:107238000000000000000000000000000000000046
:107248000000000000000000000000000000000036
:107258000000000000000000000000000000000026
:107268000000000000000000000000000000000016
:107278000000000000000000000000000000000006
:1072880000000000000000000000000000000000F6
:1072980000000000000000000000000000000000E6
:1072A80000000000000000000000000000000000D6
:1072B80000000000000000000000000000000000C6
:1072C80000000000000000000000000000000000B6
:1072D80000000000000000000000000000000000A6
:1072E8000000000000000000000000000000000096
:1072F8000000000000000000000000000000000086
:107308000000000000000000000000000000000075
:107318000000000000000000000000000000000065
:107328000000000000000000000000000000000055
:107338000000000000000000000000000000000045
:107348000000000000000000000000000000000035
:107358000000000000000000000000000000000025
:107368000000000000000000000000000000000015
:107378000000000000000000000000000000000005
:1073880000000000000000000000000000000000F5
:1073980000000000000000000000000000000000E5
:1073A80000000000000000000000000000000000D5
:1073B80000000000000000000000000000000000C5
:1073C80000000000000000000000000000000000B5
:1073D80000000000000000000000000000000000A5
:1073E8000000000000000000000000000000000095
:1073F8000000000000000000000000000000000085
:107408000000000000000000000000000000000074
:107418000000000000000000000000000000000064
:107428000000000000000000000000000000000054
:107438000000000000000000000000000000000044
:107448000000000000000000000000000000000034
:107458000000000000000000000000000000000024
:107468000000000000000000000000000000000014
:107478000000000000000000000000000000000004
:1074880000000000000000000000000000000000F4
:1074980000000000000000000000000000000000E4
:1074A80000000000000000000000000000000000D4
:1074B80000000000000000000000000000000000C4
:1074C80000000000000000000000000000000000B4
:1074D80000000000000000000000000000000000A4
:1074E8000000000000000000000000000000000094
:1074F8000000000000000000000000000000000084
:107508000000000000000000000000000000000073
:107518000000000000000000000000000000000063
:107528000000000000000000000000000000000053
:107538000000000000000000000000000000000043
:107548000000000000000000000000000000000033
:107558000000000000000000000000000000000023
:107568000000000000000000000000000000000013
:107578000000000000000000000000000000000003
:1075880000000000000000000000000000000000F3
:1075980000000000000000000000000000000000E3
:1075A80000000000000000000000000000000000D3
:1075B80000000000000000000000000000000000C3
:1075C80000000000000000000000000000000000B3
:1075D80000000000000000000000000000000000A3
:1075E8000000000000000000000000000000000093
:1075F8000000000000000000000000000000000083
:107608000000000000000000000000000000000072
:107618000000000000000000000000000000000062
:107628000000000000000000000000000000000052
:107638000000000000000000000000000000000042
:107648000000000000000000000000000000000032
:107658000000000000000000000000000000000022
:107668000000000000000000000000000000000012
:107678000000000000000000000000000000000002
:1076880000000000000000000000000000000000F2
:1076980000000000000000000000000000000000E2
:1076A80000000000000000000000000000000000D2
:1076B80000000000000000000000000000000000C2
:1076C80000000000000000000000000000000000B2
:1076D80000000000000000000000000000000000A2
:1076E8000000000000000000000000000000000092
:1076F8000000000000000000000000000000000082
:107708000000000000000000000000000000000071
:107718000000000000000000000000000000000061
:107728000000000000000000000000000000000051
:107738000000000000000000000000000000000041
:107748000000000000000000000000000000000031
:107758000000000000000000000000000000000021
:107768000000000000000000000000000000000011
:107778000000000000000000000000000000000001
:1077880000000000000000000000000000000000F1
:1077980000000000000000000000000000000000E1
:1077A80000000000000000000000000000000000D1
:1077B80000000000000000000000000000000000C1
:1077C80000000000000000000000000000000000B1
:1077D80000000000000000000000000000000000A1
:1077E8000000000000000000000000000000000091
:0877F800000000000000000089
:040000056000100087
:00000001FF
