:0200000460009A
:100000004643464200000156000000000101020084
:1000100000000000000000000000000000000000E0
:1000200000000000000000000000000000000000D0
:1000300000000000000000000000000000000000C0
:1000400000000000010406010000000000000000A4
:100050000000800000000000000000000000000020
:100060000000000000000000000000000000000090
:100070000000000000000000000000000000000080
:10008000EB04180AFF1E04320126000000000000E5
:100090000000000000000000000000000000000060
:1000A0000000000000000000000000000000000050
:1000B0000000000000000000000000000000000040
:1000C0000000000000000000000000000000000030
:1000D0000000000000000000000000000000000020
:1000E0000000000000000000000000000000000010
:1000F0000000000000000000000000000000000000
:1001000000000000000000000000000000000000EF
:1001100000000000000000000000000000000000DF
:1001200000000000000000000000000000000000CF
:1001300000000000000000000000000000000000BF
:1001400000000000000000000000000000000000AF
:10015000000000000000000000000000000000009F
:10016000000000000000000000000000000000008F
:10017000000000000000000000000000000000007F
:10018000000000000000000000000000000000006F
:10019000000000000000000000000000000000005F
:1001A000000000000000000000000000000000004F
:1001B000000000000000000000000000000000003F
:1001C000000100000010000001000000000000001D
:1001D000000001000000000000000000000000001E
:1001E000000000000000000000000000000000000F
:1001F00000000000000000000000000000000000FF
:10020000FFFFFFFFFFFFFFFFFFFFFFFFFFFFFFFFFE
:10021000FFFFFFFFFFFFFFFFFFFFFFFFFFFFFFFFEE
:10022000FFFFFFFFFFFFFFFFFFFFFFFFFFFFFFFFDE
:10023000FFFFFFFFFFFFFFFFFFFFFFFFFFFFFFFFCE
:10024000FFFFFFFFFFFFFFFFFFFFFFFFFFFFFFFFBE
:10025000FFFFFFFFFFFFFFFFFFFFFFFFFFFFFFFFAE
:10026000FFFFFFFFFFFFFFFFFFFFFFFFFFFFFFFF9E
:10027000FFFFFFFFFFFFFFFFFFFFFFFFFFFFFFFF8E
:10028000FFFFFFFFFFFFFFFFFFFFFFFFFFFFFFFF7E
:10029000FFFFFFFFFFFFFFFFFFFFFFFFFFFFFFFF6E
:1002A000FFFFFFFFFFFFFFFFFFFFFFFFFFFFFFFF5E
:1002B000FFFFFFFFFFFFFFFFFFFFFFFFFFFFFFFF4E
:1002C000FFFFFFFFFFFFFFFFFFFFFFFFFFFFFFFF3E
:1002D000FFFFFFFFFFFFFFFFFFFFFFFFFFFFFFFF2E
:1002E000FFFFFFFFFFFFFFFFFFFFFFFFFFFFFFFF1E
:1002F000FFFFFFFFFFFFFFFFFFFFFFFFFFFFFFFF0E
:10030000FFFFFFFFFFFFFFFFFFFFFFFFFFFFFFFFFD
:10031000FFFFFFFFFFFFFFFFFFFFFFFFFFFFFFFFED
:10032000FFFFFFFFFFFFFFFFFFFFFFFFFFFFFFFFDD
:10033000FFFFFFFFFFFFFFFFFFFFFFFFFFFFFFFFCD
:10034000FFFFFFFFFFFFFFFFFFFFFFFFFFFFFFFFBD
:10035000FFFFFFFFFFFFFFFFFFFFFFFFFFFFFFFFAD
:10036000FFFFFFFFFFFFFFFFFFFFFFFFFFFFFFFF9D
:10037000FFFFFFFFFFFFFFFFFFFFFFFFFFFFFFFF8D
:10038000FFFFFFFFFFFFFFFFFFFFFFFFFFFFFFFF7D
:10039000FFFFFFFFFFFFFFFFFFFFFFFFFFFFFFFF6D
:1003A000FFFFFFFFFFFFFFFFFFFFFFFFFFFFFFFF5D
:1003B000FFFFFFFFFFFFFFFFFFFFFFFFFFFFFFFF4D
:1003C000FFFFFFFFFFFFFFFFFFFFFFFFFFFFFFFF3D
:1003D000FFFFFFFFFFFFFFFFFFFFFFFFFFFFFFFF2D
:1003E000FFFFFFFFFFFFFFFFFFFFFFFFFFFFFFFF1D
:1003F000FFFFFFFFFFFFFFFFFFFFFFFFFFFFFFFF0D
:10040000FFFFFFFFFFFFFFFFFFFFFFFFFFFFFFFFFC
:10041000FFFFFFFFFFFFFFFFFFFFFFFFFFFFFFFFEC
:10042000FFFFFFFFFFFFFFFFFFFFFFFFFFFFFFFFDC
:10043000FFFFFFFFFFFFFFFFFFFFFFFFFFFFFFFFCC
:10044000FFFFFFFFFFFFFFFFFFFFFFFFFFFFFFFFBC
:10045000FFFFFFFFFFFFFFFFFFFFFFFFFFFFFFFFAC
:10046000FFFFFFFFFFFFFFFFFFFFFFFFFFFFFFFF9C
:10047000FFFFFFFFFFFFFFFFFFFFFFFFFFFFFFFF8C
:10048000FFFFFFFFFFFFFFFFFFFFFFFFFFFFFFFF7C
:10049000FFFFFFFFFFFFFFFFFFFFFFFFFFFFFFFF6C
:1004A000FFFFFFFFFFFFFFFFFFFFFFFFFFFFFFFF5C
:1004B000FFFFFFFFFFFFFFFFFFFFFFFFFFFFFFFF4C
:1004C000FFFFFFFFFFFFFFFFFFFFFFFFFFFFFFFF3C
:1004D000FFFFFFFFFFFFFFFFFFFFFFFFFFFFFFFF2C
:1004E000FFFFFFFFFFFFFFFFFFFFFFFFFFFFFFFF1C
:1004F000FFFFFFFFFFFFFFFFFFFFFFFFFFFFFFFF0C
:10050000FFFFFFFFFFFFFFFFFFFFFFFFFFFFFFFFFB
:10051000FFFFFFFFFFFFFFFFFFFFFFFFFFFFFFFFEB
:10052000FFFFFFFFFFFFFFFFFFFFFFFFFFFFFFFFDB
:10053000FFFFFFFFFFFFFFFFFFFFFFFFFFFFFFFFCB
:10054000FFFFFFFFFFFFFFFFFFFFFFFFFFFFFFFFBB
:10055000FFFFFFFFFFFFFFFFFFFFFFFFFFFFFFFFAB
:10056000FFFFFFFFFFFFFFFFFFFFFFFFFFFFFFFF9B
:10057000FFFFFFFFFFFFFFFFFFFFFFFFFFFFFFFF8B
:10058000FFFFFFFFFFFFFFFFFFFFFFFFFFFFFFFF7B
:10059000FFFFFFFFFFFFFFFFFFFFFFFFFFFFFFFF6B
:1005A000FFFFFFFFFFFFFFFFFFFFFFFFFFFFFFFF5B
:1005B000FFFFFFFFFFFFFFFFFFFFFFFFFFFFFFFF4B
:1005C000FFFFFFFFFFFFFFFFFFFFFFFFFFFFFFFF3B
:1005D000FFFFFFFFFFFFFFFFFFFFFFFFFFFFFFFF2B
:1005E000FFFFFFFFFFFFFFFFFFFFFFFFFFFFFFFF1B
:1005F000FFFFFFFFFFFFFFFFFFFFFFFFFFFFFFFF0B
:10060000FFFFFFFFFFFFFFFFFFFFFFFFFFFFFFFFFA
:10061000FFFFFFFFFFFFFFFFFFFFFFFFFFFFFFFFEA
:10062000FFFFFFFFFFFFFFFFFFFFFFFFFFFFFFFFDA
:10063000FFFFFFFFFFFFFFFFFFFFFFFFFFFFFFFFCA
:10064000FFFFFFFFFFFFFFFFFFFFFFFFFFFFFFFFBA
:10065000FFFFFFFFFFFFFFFFFFFFFFFFFFFFFFFFAA
:10066000FFFFFFFFFFFFFFFFFFFFFFFFFFFFFFFF9A
:10067000FFFFFFFFFFFFFFFFFFFFFFFFFFFFFFFF8A
:10068000FFFFFFFFFFFFFFFFFFFFFFFFFFFFFFFF7A
:10069000FFFFFFFFFFFFFFFFFFFFFFFFFFFFFFFF6A
:1006A000FFFFFFFFFFFFFFFFFFFFFFFFFFFFFFFF5A
:1006B000FFFFFFFFFFFFFFFFFFFFFFFFFFFFFFFF4A
:1006C000FFFFFFFFFFFFFFFFFFFFFFFFFFFFFFFF3A
:1006D000FFFFFFFFFFFFFFFFFFFFFFFFFFFFFFFF2A
:1006E000FFFFFFFFFFFFFFFFFFFFFFFFFFFFFFFF1A
:1006F000FFFFFFFFFFFFFFFFFFFFFFFFFFFFFFFF0A
:10070000FFFFFFFFFFFFFFFFFFFFFFFFFFFFFFFFF9
:10071000FFFFFFFFFFFFFFFFFFFFFFFFFFFFFFFFE9
:10072000FFFFFFFFFFFFFFFFFFFFFFFFFFFFFFFFD9
:10073000FFFFFFFFFFFFFFFFFFFFFFFFFFFFFFFFC9
:10074000FFFFFFFFFFFFFFFFFFFFFFFFFFFFFFFFB9
:10075000FFFFFFFFFFFFFFFFFFFFFFFFFFFFFFFFA9
:10076000FFFFFFFFFFFFFFFFFFFFFFFFFFFFFFFF99
:10077000FFFFFFFFFFFFFFFFFFFFFFFFFFFFFFFF89
:10078000FFFFFFFFFFFFFFFFFFFFFFFFFFFFFFFF79
:10079000FFFFFFFFFFFFFFFFFFFFFFFFFFFFFFFF69
:1007A000FFFFFFFFFFFFFFFFFFFFFFFFFFFFFFFF59
:1007B000FFFFFFFFFFFFFFFFFFFFFFFFFFFFFFFF49
:1007C000FFFFFFFFFFFFFFFFFFFFFFFFFFFFFFFF39
:1007D000FFFFFFFFFFFFFFFFFFFFFFFFFFFFFFFF29
:1007E000FFFFFFFFFFFFFFFFFFFFFFFFFFFFFFFF19
:1007F000FFFFFFFFFFFFFFFFFFFFFFFFFFFFFFFF09
:10080000FFFFFFFFFFFFFFFFFFFFFFFFFFFFFFFFF8
:10081000FFFFFFFFFFFFFFFFFFFFFFFFFFFFFFFFE8
:10082000FFFFFFFFFFFFFFFFFFFFFFFFFFFFFFFFD8
:10083000FFFFFFFFFFFFFFFFFFFFFFFFFFFFFFFFC8
:10084000FFFFFFFFFFFFFFFFFFFFFFFFFFFFFFFFB8
:10085000FFFFFFFFFFFFFFFFFFFFFFFFFFFFFFFFA8
:10086000FFFFFFFFFFFFFFFFFFFFFFFFFFFFFFFF98
:10087000FFFFFFFFFFFFFFFFFFFFFFFFFFFFFFFF88
:10088000FFFFFFFFFFFFFFFFFFFFFFFFFFFFFFFF78
:10089000FFFFFFFFFFFFFFFFFFFFFFFFFFFFFFFF68
:1008A000FFFFFFFFFFFFFFFFFFFFFFFFFFFFFFFF58
:1008B000FFFFFFFFFFFFFFFFFFFFFFFFFFFFFFFF48
:1008C000FFFFFFFFFFFFFFFFFFFFFFFFFFFFFFFF38
:1008D000FFFFFFFFFFFFFFFFFFFFFFFFFFFFFFFF28
:1008E000FFFFFFFFFFFFFFFFFFFFFFFFFFFFFFFF18
:1008F000FFFFFFFFFFFFFFFFFFFFFFFFFFFFFFFF08
:10090000FFFFFFFFFFFFFFFFFFFFFFFFFFFFFFFFF7
:10091000FFFFFFFFFFFFFFFFFFFFFFFFFFFFFFFFE7
:10092000FFFFFFFFFFFFFFFFFFFFFFFFFFFFFFFFD7
:10093000FFFFFFFFFFFFFFFFFFFFFFFFFFFFFFFFC7
:10094000FFFFFFFFFFFFFFFFFFFFFFFFFFFFFFFFB7
:10095000FFFFFFFFFFFFFFFFFFFFFFFFFFFFFFFFA7
:10096000FFFFFFFFFFFFFFFFFFFFFFFFFFFFFFFF97
:10097000FFFFFFFFFFFFFFFFFFFFFFFFFFFFFFFF87
:10098000FFFFFFFFFFFFFFFFFFFFFFFFFFFFFFFF77
:10099000FFFFFFFFFFFFFFFFFFFFFFFFFFFFFFFF67
:1009A000FFFFFFFFFFFFFFFFFFFFFFFFFFFFFFFF57
:1009B000FFFFFFFFFFFFFFFFFFFFFFFFFFFFFFFF47
:1009C000FFFFFFFFFFFFFFFFFFFFFFFFFFFFFFFF37
:1009D000FFFFFFFFFFFFFFFFFFFFFFFFFFFFFFFF27
:1009E000FFFFFFFFFFFFFFFFFFFFFFFFFFFFFFFF17
:1009F000FFFFFFFFFFFFFFFFFFFFFFFFFFFFFFFF07
:100A0000FFFFFFFFFFFFFFFFFFFFFFFFFFFFFFFFF6
:100A1000FFFFFFFFFFFFFFFFFFFFFFFFFFFFFFFFE6
:100A2000FFFFFFFFFFFFFFFFFFFFFFFFFFFFFFFFD6
:100A3000FFFFFFFFFFFFFFFFFFFFFFFFFFFFFFFFC6
:100A4000FFFFFFFFFFFFFFFFFFFFFFFFFFFFFFFFB6
:100A5000FFFFFFFFFFFFFFFFFFFFFFFFFFFFFFFFA6
:100A6000FFFFFFFFFFFFFFFFFFFFFFFFFFFFFFFF96
:100A7000FFFFFFFFFFFFFFFFFFFFFFFFFFFFFFFF86
:100A8000FFFFFFFFFFFFFFFFFFFFFFFFFFFFFFFF76
:100A9000FFFFFFFFFFFFFFFFFFFFFFFFFFFFFFFF66
:100AA000FFFFFFFFFFFFFFFFFFFFFFFFFFFFFFFF56
:100AB000FFFFFFFFFFFFFFFFFFFFFFFFFFFFFFFF46
:100AC000FFFFFFFFFFFFFFFFFFFFFFFFFFFFFFFF36
:100AD000FFFFFFFFFFFFFFFFFFFFFFFFFFFFFFFF26
:100AE000FFFFFFFFFFFFFFFFFFFFFFFFFFFFFFFF16
:100AF000FFFFFFFFFFFFFFFFFFFFFFFFFFFFFFFF06
:100B0000FFFFFFFFFFFFFFFFFFFFFFFFFFFFFFFFF5
:100B1000FFFFFFFFFFFFFFFFFFFFFFFFFFFFFFFFE5
:100B2000FFFFFFFFFFFFFFFFFFFFFFFFFFFFFFFFD5
:100B3000FFFFFFFFFFFFFFFFFFFFFFFFFFFFFFFFC5
:100B4000FFFFFFFFFFFFFFFFFFFFFFFFFFFFFFFFB5
:100B5000FFFFFFFFFFFFFFFFFFFFFFFFFFFFFFFFA5
:100B6000FFFFFFFFFFFFFFFFFFFFFFFFFFFFFFFF95
:100B7000FFFFFFFFFFFFFFFFFFFFFFFFFFFFFFFF85
:100B8000FFFFFFFFFFFFFFFFFFFFFFFFFFFFFFFF75
:100B9000FFFFFFFFFFFFFFFFFFFFFFFFFFFFFFFF65
:100BA000FFFFFFFFFFFFFFFFFFFFFFFFFFFFFFFF55
:100BB000FFFFFFFFFFFFFFFFFFFFFFFFFFFFFFFF45
:100BC000FFFFFFFFFFFFFFFFFFFFFFFFFFFFFFFF35
:100BD000FFFFFFFFFFFFFFFFFFFFFFFFFFFFFFFF25
:100BE000FFFFFFFFFFFFFFFFFFFFFFFFFFFFFFFF15
:100BF000FFFFFFFFFFFFFFFFFFFFFFFFFFFFFFFF05
:100C0000FFFFFFFFFFFFFFFFFFFFFFFFFFFFFFFFF4
:100C1000FFFFFFFFFFFFFFFFFFFFFFFFFFFFFFFFE4
:100C2000FFFFFFFFFFFFFFFFFFFFFFFFFFFFFFFFD4
:100C3000FFFFFFFFFFFFFFFFFFFFFFFFFFFFFFFFC4
:100C4000FFFFFFFFFFFFFFFFFFFFFFFFFFFFFFFFB4
:100C5000FFFFFFFFFFFFFFFFFFFFFFFFFFFFFFFFA4
:100C6000FFFFFFFFFFFFFFFFFFFFFFFFFFFFFFFF94
:100C7000FFFFFFFFFFFFFFFFFFFFFFFFFFFFFFFF84
:100C8000FFFFFFFFFFFFFFFFFFFFFFFFFFFFFFFF74
:100C9000FFFFFFFFFFFFFFFFFFFFFFFFFFFFFFFF64
:100CA000FFFFFFFFFFFFFFFFFFFFFFFFFFFFFFFF54
:100CB000FFFFFFFFFFFFFFFFFFFFFFFFFFFFFFFF44
:100CC000FFFFFFFFFFFFFFFFFFFFFFFFFFFFFFFF34
:100CD000FFFFFFFFFFFFFFFFFFFFFFFFFFFFFFFF24
:100CE000FFFFFFFFFFFFFFFFFFFFFFFFFFFFFFFF14
:100CF000FFFFFFFFFFFFFFFFFFFFFFFFFFFFFFFF04
:100D0000FFFFFFFFFFFFFFFFFFFFFFFFFFFFFFFFF3
:100D1000FFFFFFFFFFFFFFFFFFFFFFFFFFFFFFFFE3
:100D2000FFFFFFFFFFFFFFFFFFFFFFFFFFFFFFFFD3
:100D3000FFFFFFFFFFFFFFFFFFFFFFFFFFFFFFFFC3
:100D4000FFFFFFFFFFFFFFFFFFFFFFFFFFFFFFFFB3
:100D5000FFFFFFFFFFFFFFFFFFFFFFFFFFFFFFFFA3
:100D6000FFFFFFFFFFFFFFFFFFFFFFFFFFFFFFFF93
:100D7000FFFFFFFFFFFFFFFFFFFFFFFFFFFFFFFF83
:100D8000FFFFFFFFFFFFFFFFFFFFFFFFFFFFFFFF73
:100D9000FFFFFFFFFFFFFFFFFFFFFFFFFFFFFFFF63
:100DA000FFFFFFFFFFFFFFFFFFFFFFFFFFFFFFFF53
:100DB000FFFFFFFFFFFFFFFFFFFFFFFFFFFFFFFF43
:100DC000FFFFFFFFFFFFFFFFFFFFFFFFFFFFFFFF33
:100DD000FFFFFFFFFFFFFFFFFFFFFFFFFFFFFFFF23
:100DE000FFFFFFFFFFFFFFFFFFFFFFFFFFFFFFFF13
:100DF000FFFFFFFFFFFFFFFFFFFFFFFFFFFFFFFF03
:100E0000FFFFFFFFFFFFFFFFFFFFFFFFFFFFFFFFF2
:100E1000FFFFFFFFFFFFFFFFFFFFFFFFFFFFFFFFE2
:100E2000FFFFFFFFFFFFFFFFFFFFFFFFFFFFFFFFD2
:100E3000FFFFFFFFFFFFFFFFFFFFFFFFFFFFFFFFC2
:100E4000FFFFFFFFFFFFFFFFFFFFFFFFFFFFFFFFB2
:100E5000FFFFFFFFFFFFFFFFFFFFFFFFFFFFFFFFA2
:100E6000FFFFFFFFFFFFFFFFFFFFFFFFFFFFFFFF92
:100E7000FFFFFFFFFFFFFFFFFFFFFFFFFFFFFFFF82
:100E8000FFFFFFFFFFFFFFFFFFFFFFFFFFFFFFFF72
:100E9000FFFFFFFFFFFFFFFFFFFFFFFFFFFFFFFF62
:100EA000FFFFFFFFFFFFFFFFFFFFFFFFFFFFFFFF52
:100EB000FFFFFFFFFFFFFFFFFFFFFFFFFFFFFFFF42
:100EC000FFFFFFFFFFFFFFFFFFFFFFFFFFFFFFFF32
:100ED000FFFFFFFFFFFFFFFFFFFFFFFFFFFFFFFF22
:100EE000FFFFFFFFFFFFFFFFFFFFFFFFFFFFFFFF12
:100EF000FFFFFFFFFFFFFFFFFFFFFFFFFFFFFFFF02
:100F0000FFFFFFFFFFFFFFFFFFFFFFFFFFFFFFFFF1
:100F1000FFFFFFFFFFFFFFFFFFFFFFFFFFFFFFFFE1
:100F2000FFFFFFFFFFFFFFFFFFFFFFFFFFFFFFFFD1
:100F3000FFFFFFFFFFFFFFFFFFFFFFFFFFFFFFFFC1
:100F4000FFFFFFFFFFFFFFFFFFFFFFFFFFFFFFFFB1
:100F5000FFFFFFFFFFFFFFFFFFFFFFFFFFFFFFFFA1
:100F6000FFFFFFFFFFFFFFFFFFFFFFFFFFFFFFFF91
:100F7000FFFFFFFFFFFFFFFFFFFFFFFFFFFFFFFF81
:100F8000FFFFFFFFFFFFFFFFFFFFFFFFFFFFFFFF71
:100F9000FFFFFFFFFFFFFFFFFFFFFFFFFFFFFFFF61
:100FA000FFFFFFFFFFFFFFFFFFFFFFFFFFFFFFFF51
:100FB000FFFFFFFFFFFFFFFFFFFFFFFFFFFFFFFF41
:100FC000FFFFFFFFFFFFFFFFFFFFFFFFFFFFFFFF31
:100FD000FFFFFFFFFFFFFFFFFFFFFFFFFFFFFFFF21
:100FE000FFFFFFFFFFFFFFFFFFFFFFFFFFFFFFFF11
:100FF000FFFFFFFFFFFFFFFFFFFFFFFFFFFFFFFF01
:10100000D1002043F1150060000000000000000046
:1010100020100060001000600078016000000000F7
:10102000000000600084010000000000FFFFFFFFDF
:10103000FFFFFFFFFFFFFFFFFFFFFFFFFFFFFFFFC0
:10104000FFFFFFFFFFFFFFFFFFFFFFFFFFFFFFFFB0
:10105000FFFFFFFFFFFFFFFFFFFFFFFFFFFFFFFFA0
:10106000FFFFFFFFFFFFFFFFFFFFFFFFFFFFFFFF90
:10107000FFFFFFFFFFFFFFFFFFFFFFFFFFFFFFFF80
:10108000FFFFFFFFFFFFFFFFFFFFFFFFFFFFFFFF70
:10109000FFFFFFFFFFFFFFFFFFFFFFFFFFFFFFFF60
:1010A000FFFFFFFFFFFFFFFFFFFFFFFFFFFFFFFF50
:1010B000FFFFFFFFFFFFFFFFFFFFFFFFFFFFFFFF40
:1010C000FFFFFFFFFFFFFFFFFFFFFFFFFFFFFFFF30
:1010D000FFFFFFFFFFFFFFFFFFFFFFFFFFFFFFFF20
:1010E000FFFFFFFFFFFFFFFFFFFFFFFFFFFFFFFF10
:1010F000FFFFFFFFFFFFFFFFFFFFFFFFFFFFFFFF00
:10110000FFFFFFFFFFFFFFFFFFFFFFFFFFFFFFFFEF
:10111000FFFFFFFFFFFFFFFFFFFFFFFFFFFFFFFFDF
:10112000FFFFFFFFFFFFFFFFFFFFFFFFFFFFFFFFCF
:10113000FFFFFFFFFFFFFFFFFFFFFFFFFFFFFFFFBF
:10114000FFFFFFFFFFFFFFFFFFFFFFFFFFFFFFFFAF
:10115000FFFFFFFFFFFFFFFFFFFFFFFFFFFFFFFF9F
:10116000FFFFFFFFFFFFFFFFFFFFFFFFFFFFFFFF8F
:10117000FFFFFFFFFFFFFFFFFFFFFFFFFFFFFFFF7F
:10118000FFFFFFFFFFFFFFFFFFFFFFFFFFFFFFFF6F
:10119000FFFFFFFFFFFFFFFFFFFFFFFFFFFFFFFF5F
:1011A000FFFFFFFFFFFFFFFFFFFFFFFFFFFFFFFF4F
:1011B000FFFFFFFFFFFFFFFFFFFFFFFFFFFFFFFF3F
:1011C000FFFFFFFFFFFFFFFFFFFFFFFFFFFFFFFF2F
:1011D000FFFFFFFFFFFFFFFFFFFFFFFFFFFFFFFF1F
:1011E000FFFFFFFFFFFFFFFFFFFFFFFFFFFFFFFF0F
:1011F000FFFFFFFFFFFFFFFFFFFFFFFFFFFFFFFFFF
:10120000FFFFFFFFFFFFFFFFFFFFFFFFFFFFFFFFEE
:10121000FFFFFFFFFFFFFFFFFFFFFFFFFFFFFFFFDE
:10122000FFFFFFFFFFFFFFFFFFFFFFFFFFFFFFFFCE
:10123000FFFFFFFFFFFFFFFFFFFFFFFFFFFFFFFFBE
:10124000FFFFFFFFFFFFFFFFFFFFFFFFFFFFFFFFAE
:10125000FFFFFFFFFFFFFFFFFFFFFFFFFFFFFFFF9E
:10126000FFFFFFFFFFFFFFFFFFFFFFFFFFFFFFFF8E
:10127000FFFFFFFFFFFFFFFFFFFFFFFFFFFFFFFF7E
:10128000FFFFFFFFFFFFFFFFFFFFFFFFFFFFFFFF6E
:10129000FFFFFFFFFFFFFFFFFFFFFFFFFFFFFFFF5E
:1012A000FFFFFFFFFFFFFFFFFFFFFFFFFFFFFFFF4E
:1012B000FFFFFFFFFFFFFFFFFFFFFFFFFFFFFFFF3E
:1012C000FFFFFFFFFFFFFFFFFFFFFFFFFFFFFFFF2E
:1012D000FFFFFFFFFFFFFFFFFFFFFFFFFFFFFFFF1E
:1012E000FFFFFFFFFFFFFFFFFFFFFFFFFFFFFFFF0E
:1012F000FFFFFFFFFFFFFFFFFFFFFFFFFFFFFFFFFE
:10130000FFFFFFFFFFFFFFFFFFFFFFFFFFFFFFFFED
:10131000FFFFFFFFFFFFFFFFFFFFFFFFFFFFFFFFDD
:10132000FFFFFFFFFFFFFFFFFFFFFFFFFFFFFFFFCD
:10133000FFFFFFFFFFFFFFFFFFFFFFFFFFFFFFFFBD
:10134000FFFFFFFFFFFFFFFFFFFFFFFFFFFFFFFFAD
:10135000FFFFFFFFFFFFFFFFFFFFFFFFFFFFFFFF9D
:10136000FFFFFFFFFFFFFFFFFFFFFFFFFFFFFFFF8D
:10137000FFFFFFFFFFFFFFFFFFFFFFFFFFFFFFFF7D
:10138000FFFFFFFFFFFFFFFFFFFFFFFFFFFFFFFF6D
:10139000FFFFFFFFFFFFFFFFFFFFFFFFFFFFFFFF5D
:1013A000FFFFFFFFFFFFFFFFFFFFFFFFFFFFFFFF4D
:1013B000FFFFFFFFFFFFFFFFFFFFFFFFFFFFFFFF3D
:1013C000FFFFFFFFFFFFFFFFFFFFFFFFFFFFFFFF2D
:1013D000FFFFFFFFFFFFFFFFFFFFFFFFFFFFFFFF1D
:1013E000FFFFFFFFFFFFFFFFFFFFFFFFFFFFFFFF0D
:1013F000FFFFFFFFFFFFFFFFFFFFFFFFFFFFFFFFFD
:10140000824205D051F8043B40F8043B8242F9D8AF
:10141000704700BF044A05494FF0000342F8043BFF
:101420009142FBD8704700BFC01A002040680020DE
:1014300008B5BFF34F8F00F047F9544C544B0820C8
:101440005449C3F85401544AC3F800115348C3F82F
:10145000F0405349FFF7D4FF524A53495348FFF72E
:10146000CFFF534CFFF7D6FF4FF470004FF0E02151
:101470000023504AC1F8880D44F823200133B02BD3
:10148000FAD14D4B80214D4A03F8011B9342FBD109
:101490004FF0E0254A4E4B4A4FF0FF31C5F8084D5A
:1014A000D5F8243D43F4E023C5F8243DF36923F047
:1014B0007F0343F04003F361736A23F07F0343F03B
:1014C000400373629166D1661167516700F004F9B9
:1014D0003D4A3E4BA2636322E36300246A61032317
:1014E0003B4AAC612B61C5F8202DD5F8FC2D394B5A
:1014F00042F080723849C5F8FC2D1A6842F00102AA
:101500001A605B680B6000F0B7FA344800F054FCD6
:10151000F16E334B334A41F44051F1661C60C3F81D
:101520000841C3F81841C3F82841C3F83841936B08
:10153000DB0708D442F615632B4951651365936B9D
:1015400043F001039363274A284C936843F0011347
:10155000936000F04FF900F0FBFB00F029FC00F075
:10156000BDFA00F0B3F82368132BFCD900F052FB4E
:101570002368B3F5967FFBD300F0ACF800F0A8F831
:1015800000F032FC00F01CFC30BFFDE70C0D111325
:1015900000800D401B101820983A01000000000048
:1015A000FC1E0060C01A0020985901600000002055
:1015B00000180020E9B9000000E400E0A0E400E029
:1015C00000C00F4000C00A4041CE000045CE0000E0
:1015D00000002020001000E0CC6700200046C3235C
:1015E0000040084000400D400000C056D067002079
:1015F000054B4FF42A01054A05485A641864054A08
:1016000099639546FFF714FF00C00A40BFAAAAAA33
:101610000700200000800620294A00210123C2F88B
:10162000A000C2F8A410C2F8B0305369D907FCD5A5
:1016300001234FF4803C22495361C2F8A000C2F854
:10164000A4C0C2F8B0304B69DB07FCD501234FF4CE
:10165000003C1B4A4B61C1F8A000C1F8A4C0C1F80E
:10166000B0305369D907FCD50123DFF858C01449BD
:101670005361C2F8A000C2F8A4C0C2F8B0304B69F0
:10168000DB07FCD5D1F8003145F60D504FF0210CA9
:101690009AB2C1F814C0824210D045F69D518A42D8
:1016A0000AD1C3F34253032B08D0A3F10403B3FAC6
:1016B00083F35B09180170470020704708207047CA
:1016C00000402A4004000300704700BF704700BF7D
:1016D000704700BF00BF70474FF0E02300214FF07C
:1016E000100C3448C3F8941DC3F89CCD4FF0110C76
:1016F000C3F8A00D3048C3F89CCD4FF0120CC3F8CE
:10170000A00D2E48C3F89CCD2D4AC3F8A00DDFF8DC
:10171000D0C042F015022B48C3F89CCDC3F8A00DF1
:10172000DFF8C0C02848C3F89CCDC3F8A00DDFF88F
:10173000B8C0C3F89C2D2548254AC3F8A0CDC3F8EE
:101740009C0DC3F8A02D02F5A022DFF8A0C00C323A
:101750002048C3F89CCDC3F8A02D1F4AC3F89C0DA8
:10176000C3F8A02D02F14062DFF884C002321B48AA
:10177000C3F89CCDC3F8A02D0A32C3F89C0DC3F862
:10178000A02D00BF00BF00BF00BF00BF0122C3F8F3
:10179000942DBFF34F8FBFF36F8FC3F8501FBFF36C
:1017A0004F8FBFF36F8FD3F8142D42F44032C3F83C
:1017B000142D70473F000010250008070900100095
:1017C0004068002021000207250008131600202091
:1017D00027000B13180000602F000B071A00008071
:1017E0001300200014000020090000101700004022
:1017F0001900007030B5864B85B0DFF874E218220E
:10180000844D0120C3F85CE28349C3F86052A5F51A
:101810008055DFF860C2814CC3F864E2C3F86852B7
:101820002125C3F86CC2C3F870C2C3F874C2C3F8F0
:1018300078C248F20C7CDA661A675A679A67DA67E8
:10184000C3F88020C3F88420C3F88820C1F82C0393
:10185000734AC1F83003C1F83403C1F83803C1F842
:101860003C03C1F85003A1696E4B0A406E486F49B2
:1018700013436F4AA361D4F8843043F00C03C4F8D7
:1018800084304FF0FF34036843F0020303600368C1
:1018900003EA0C031A43674B026044608A68664C93
:1018A0001340664A43F000538360C36823F0780313
:1018B000C360036A23401A43604B0262026A2240FB
:1018C0005F4C1343002243628462C46240F20564A9
:1018D000D1F8B83023F03F0343F00103C0F8B8302B
:1018E000D1F8BC30574923F03F0343F00103C0F85F
:1018F000BC3002610567C0F880404567C0F884408D
:101900000224036823F00203036081614E4B4F49B8
:10191000C46143F8042B8B42FBD1434C236843F052
:1019200001032360256815F00105FBD1454802221B
:1019300040F2F561A06140F29940E26140F26642F6
:10194000C4F8001242F20141C4F81022404AC4F81F
:101950002002C4F8302240F23542C4F834123D4827
:10196000C4F840223C4AC4F850022846C4F8542225
:1019700042F201223949C4F86012C4F86422FFF728
:101980004BFE0246002839D0810201234FF480200B
:1019900021662549C4F8A050C4F8A400C4F8B030AA
:1019A0004B69D807FCD515050124039228464C61E4
:1019B000FFF732FE039A2A4B0244D2B21A7080B16A
:1019C000194980024FF4802348660846C1F8A050A8
:1019D000C1F8A430C1F8B0404369DB07FCD501234E
:1019E000436120490024204801230094401A00EB61
:1019F00002521E4800F0F4F905B030BD1B4B1849E7
:101A000018600870D860C3E9010005B030BD00BFA0
:101A100000801F40F910010000841F4000C00F40EB
:101A2000FFFCFF1F0003008000402A4000802A4086
:101A30001200FFFFFF37F70000FFF07C400000803E
:101A4000FF000F83F05AF05A00422A4000432A4018
:101A50009F041830EB06180A063201263806180AC9
:101A6000FC67002000000070000000705867002034
:101A7000F9B00100F970010010B5174A4FF4805415
:101A80004FF4005E4FF4404C4FF4803043F242017B
:101A9000136913F0020F0DD113F4005F0FD013F48C
:101AA000805F0FD0002BF3DA13F4803F0CD15B067C
:101AB0000ED510BDC2F818C050619161E8E7C2F8B8
:101AC00014E0E5E75461E3E74FF480339361DFE727
:101AD00040235361DCE700BF00800D40414A0320F2
:101AE0004149F3EE095AD2F880309FED406A23F065
:101AF00001039FED3F5ADFF814C100B5C2F88030F2
:101B0000C2F89000D1F8E010DFF804E1CBB2394818
:101B1000CEF8003007EE903A0B0DC1F30B21F8EE32
:101B2000E77A06EE903A07EE101A334BB8EEC77A12
:101B3000CCF80010F8EEE66A304937EEC66A37EEA8
:101B4000C55A76EEC76A77EEE57A26EE266AC3EDC9
:101B5000006A25EE265AD2F8803067EEA64AC0ED1C
:101B6000007AC6EE275A264885EE276AC4EEA76A91
:101B700075EE875AFCEEE55A36EE076A15EE90CA06
:101B8000BCEEC66A43EA0C5376EE877AC2F8803020
:101B900016EE103AD2F890C1FCEEE77A01EA034162
:101BA00041EA0C014FF0000C17EE903AC2F8901188
:101BB000C3F30B03D2F890110B431249C2F89031D2
:101BC000D2F8803043F00203C2F880300E4B80F828
:101BD00040C0C1F840314FF0E0230122C3F8082192
:101BE00000BD00BF00810D4000441F400000AA421C
:101BF0000000B442C0670020C46700200000FF0F4F
:101C000000E400E000180020C9BB0000B867002015
:101C1000BC670020314B40F6617210B5C3F820213B
:101C200040F2044400F0D0F82D4A2E49D2F880301A
:101C30002D4843F00303C2F880302C4BC1F86041BB
:101C400002681A4203D1D1F8A8319A071BD0254A5D
:101C50004FF00041244B5963D2F8403143F0020366
:101C6000C2F84031D2F840319B07FBD44FF400302A
:101C70004FF0E0211C4B4FF00042C1F88C021920BC
:101C80009A6300F0A9F8184B0021164C4FF08042DF
:101C90000A209A634FF420721960C4F8A80114480E
:101CA00000F096F84FF4800203464FF4810040F2B2
:101CB00043111860C4F858311A640E4B0E4AC4F828
:101CC0004811C3F804224FF0E0224FF40031012301
:101CD000C2F80C11C4F8403110BD00BF00800D40A7
:101CE00000C00F4000002E4000900D40001C1E0060
:101CF0000000002000180020CDBD000008B50E4BEC
:101D00001B6E9B0700D4FBBE72B60C4B00200C4A26
:101D1000C3F8400103F160430A49A3F55F2311644E
:101D20009D46BFF34F8F4FF40013074A0748DB6906
:101D300002609B68984700BF00441F4000002E408F
:101D400000C00A4003002000000012EB00802020A9
:101D50000F4B40F2376C0F4AA020D96E41F440314E
:101D6000D966D96E41F44071D966C2F844C0906416
:101D7000936C1B06FCD4084A40F23761A0235164DF
:101D80009364936C13F08003FBD1044A1370704783
:101D900000C00F4000400C4000800C40FB6700205A
:101DA000F8B500BFF8BC08BC9E46704700000000B4
:101DB0005FF800F0F5B800005FF800F091B20000A5
:101DC0005FF800F0D5B600005FF800F039C50000FC
:101DD0005FF800F0A5DD00005FF800F0A5B5000099
:101DE0005FF800F0D5CE00005FF800F07DDF000066
:041DF00045000000AA
:101DF4001603550053004200200053006500720092
:101E0400690061006C00000018035400650065005F
:101E14006E00730079006400750069006E006F0045
:101E24000403090409026200030100C032080B0024
:101E3400020202010009040000010202010005245B
:101E440000100105240101010424020605240600F2
:101E5400010705820310001009040100020A0000B2
:101E64000007050302400000070584024000000942
:101E740004020002FF6AFF00070581024000010717
:101E8400050102400001000009026200030100C0D4
:101E940032080B00020202010009040000010202E0
:101EA4000100052400100105240101010424020697
:101EB400052406000107058203100005090401003A
:101EC400020A00000007050302000200070584025D
:101ED4000002000904020002FF6AC700070581022C
:101EE4000002010705010200020100000A060002C7
:081EF400EF02014001000000B3
:101EFC0000000000000000000000000000000000D6
:101F0C0000000000000000000000000000000000C5
:101F1C000548064B1B1AD90F01EBA301491002D03F
:101F2C00034B03B118477047C01A0020C01A002099
:101F3C000000000008B5054B1BB105490548AFF37F
:101F4C000080BDE80840FFF7E3BF00BF00000000C1
:101F5C006867002000840160144B4FF00072144934
:101F6C00C3F8842003F18D73DFF84CC003F58F3375
:101F7C004868DCF800208333A3FB0232920C4B68D8
:101F8C001B1A9A42FBD8094A4FF00070094BC2F851
:101F9C0088004868DCF800200549A3FB0232920C4B
:101FAC004B681B1A9A42FBD8704700BF00C0004216
:101FBC00001000E083DE1B431C14002040EA81600B
:101FCC00074B40F0007218601A6000BF00BF00BFE2
:101FDC0000BF186000BF00BF00BF00BF704700BF4C
:101FEC0000C0004240EA8160084B40F0007218606B
:101FFC001A6000BF00BF00BF00BF00BF186000BF69
:10200C0000BF00BF00BF00BF704700BF00C0004250
:10201C0040EA8160094B40F0007218601A6000BF02
:10202C0000BF00BF00BF00BF00BF186000BF00BFF3
:10203C0000BF00BF00BF00BF704700BF00C0004220
:10204C0000B507228E46DFF834C04EFA02F39B0629
:10205C0003F08063034343F00071CCF80030CCF8FC
:10206C00001000BF00BF00BF00BFCCF8003000BFA5
:10207C0000BF00BF00BF013AE7D200BD00C0004264
:10208C00002A62D0314B2DE9F04F164683B01A6806
:10209C00C3B283462E4D01934FEA102A33462D4F7F
:1020AC0016468946040C2C4A7968106841F07D511B
:1020BC002A4A9842796028BF1846116880462848F9
:1020CC00304320EA010020F0785040F04050386056
:1020DC00296839B1002600BF01362A689642FAD326
:1020EC001A4A166802210093FFF7AAFFE1B2FFF724
:1020FC00A7FF5FFA8AF1FFF7A3FF0199FFF7A0FF93
:10210C00009BB8F1000F1BD008EB090A09F1FF3452
:10211C0000930AF1FF3914F8011FFFF791FF4C45AA
:10212C00F9D1009B3E60B3EB08030BD0C344D146FE
:10213C005FFA8BF24FEA1B444FEA1B2A0192B2E77B
:10214C003E60B0E703B0BDE8F08F704770450020EB
:10215C00B445002000C00042F0140020F41400200C
:10216C0000014001002A00F08880444B2DE9F04F1B
:10217C001D6885B0030C82460E46DFF810B1029341
:10218C004FEA1029C3B23E4F3E4C0393616845F0B1
:10219C0001253D4B41F07D5145F480051868616087
:1021AC00DBF80010904225EA010528BF104625F007
:1021BC007855804645F040502060396839B14FF071
:1021CC00000C00BF0CF1010C3B689C45F9D30321BA
:1021DC000192FFF735FF9DF80810FFF731FF5FFA0A
:1021EC0089F1FFF72DFF0399FFF72AFF6168019A28
:1021FC0021F000616160B8F1000F33D008EB060CE0
:10220C0045F04855013E0CF1FF3908214FF0000E06
:10221C00256000BF00BF00BF00BFA3682060C3F3F0
:10222C00C06343EA4E0E00BF00BF00BF00BF0139C0
:10223C00EED106F801EF4E45E7D1104BB2EB080298
:10224C001D682560616841F07D51616012D0C24407
:10225C0066464FEA1A434FEA1A2902935FFA8AF349
:10226C00039393E7054B1D682560616841F07D5130
:10227C0061608BE705B0BDE8F08F704770450020BA
:10228C00B445002000C00042F0140020F4140020DB
:10229C00002A00F0A380524B2DE9F04F0E4685B07A
:1022AC00010C1D6883464F4B02914FEA102AC1B2B4
:1022BC00DFF840814C4F4D4C03910092626845F021
:1022CC0001254B4942F07D5245F480050968626056
:1022DC00009A8A4228BF0A4691461A6825EA0200EB
:1022EC0020F0785545F040522260D8F8001031B1FA
:1022FC00002000BF0130D8F800108842F9D31046F6
:10230C000B210192FFF79CFE9DF80810FFF798FE39
:10231C005FFA8AF1FFF794FE0399FFF791FE61686B
:10232C00019A21F000612F4B6160396891B145F041
:10233C0048510020AC46216000BF00BF00BF00BF69
:10234C00226000BF00BF00BF00BF01303D68854266
:10235C00F1D86546B9F1000F35D009EB060A45F006
:10236C00485006F1FF3C0AF1FF3E0825002620608C
:10237C0000BF00BF00BF00BFA1682260C1F3C061F5
:10238C0041EA460600BF00BF00BF00BF013DEED1D1
:10239C000CF8016FF445E8D1114A156825606268A4
:1023AC0042F07D526260009AB2EB0902009212D0A8
:1023BC00CB4456464FEA1B424FEA1B2A02925FFA65
:1023CC008BF203927AE7064A15682560626842F040
:1023DC007D52626072E705B0BDE8F08F704700BFB8
:1023EC0070450020F4140020FC14002000C00042B2
:1023FC00F0140020B445002000B507228E46DFF80B
:10240C0038C04EFA02F39B0603F08063034343F09B
:10241C000071CCF80030CCF8001000BF00BF00BF3A
:10242C0000BF00BFCCF8003000BF00BF00BF00BF32
:10243C0000BF013AE5D200BD00C00042002A62D0C4
:10244C00314B2DE9F04F164683B01A68C3B2834660
:10245C002E4D01934FEA102A33462D4F16468946CE
:10246C00040C2C4A7968106841F07D512A4A984234
:10247C00796028BF1846116880462848304320EA06
:10248C00010020F0785040F040503860296839B194
:10249C00002600BF01362A689642FAD31A4A1668FB
:1024AC0002210093FFF7A8FFE1B2FFF7A5FF5FFA47
:1024BC008AF1FFF7A1FF0199FFF79EFF009BB8F18E
:1024CC00000F1BD008EB090A09F1FF3400930AF145
:1024DC00FF3914F8011FFFF78FFF4C45F9D1009B12
:1024EC003E60B3EB08030BD0C344D1465FFA8BF2CA
:1024FC004FEA1B444FEA1B2A0192B2E73E60B0E759
:10250C0003B0BDE8F08F704770450020B445002043
:10251C0000C00042F0140020F4140020000140011F
:10252C00002A00F08A80454B2DE9F04F1D6885B0DC
:10253C00030C82460E46DFF814B102934FEA1029C1
:10254C00C3B23F4F3F4C0393616845F001253E4BAE
:10255C0041F07D5145F4800518686160DBF800108E
:10256C00904225EA010528BF104625F07855804693
:10257C0045F040502060396839B14FF0000C00BF75
:10258C000CF1010C3B689C45F9D303210192FFF738
:10259C0033FF9DF80810FFF72FFF5FFA89F1FFF763
:1025AC002BFF0399FFF728FF6168019A21F0006166
:1025BC006160B8F1000F35D008EB060C45F04855BA
:1025CC00013E0CF1FF3908214FF0000E256000BFD1
:1025DC0000BF00BF00BF00BFA3682060C3F3C0638F
:1025EC0043EA4E0E00BF00BF00BF00BF00BF013961
:1025FC00ECD106F801EF4E45E5D1104BB2EB0802D9
:10260C001D682560616841F07D51616012D0C24443
:10261C0066464FEA1A434FEA1A2902935FFA8AF385
:10262C00039391E7054B1D682560616841F07D516E
:10263C00616089E705B0BDE8F08F704770450020F8
:10264C00B445002000C00042F0140020F414002017
:10265C00002A00F0A380524B2DE9F04F924685B032
:10266C00C2B21D688B46030C03924FEA10295246E6
:10267C004C4F4D4E82464D4C0293616845F00125FE
:10268C004B4B41F07D5145F480051868494B616016
:10269C009042196828BF104625EA0105804625F0AE
:1026AC00785545F040502060396839B14FF0000C36
:1026BC0000BF0CF1010C3B689C45F9D30B21019236
:1026CC00FFF79AFE9DF80810FFF796FE5FFA89F166
:1026DC00FFF792FE0399FFF78FFE6168019A21F0D4
:1026EC00006161603168A1B145F048534FF0000CB6
:1026FC00236000BF00BF00BF00BF00BF206000BF51
:10270C0000BF00BF00BF00BF0CF1010C3168614578
:10271C00EED8B8F1000F36D008EB0B0C45F048554D
:10272C000BF1FF3B0CF1FF3908214FF0000E256037
:10273C0000BF00BF00BF00BF00BFA3682060C3F391
:10274C00C06343EA4E0E00BF00BF00BF00BF00BF16
:10275C000139ECD10BF801EFCB45E5D1104BB2EBC5
:10276C0008021D682560616841F07D51616012D0DE
:10277C00C244E3464FEA1A434FEA1A2902935FFA1E
:10278C008AF3039379E7064B1D682560616841F075
:10279C007D51616071E705B0BDE8F08F704700BFF7
:1027AC0070450020B4450020FC14002000C00042FD
:1027BC00F0140020F414002000B507228E46DFF838
:1027CC003CC04EFA02F39B0603F08063034343F0D4
:1027DC000071CCF80030CCF8001000BF00BF00BF77
:1027EC0000BF00BF00BFCCF8003000BF00BF00BF6F
:1027FC0000BF00BF00BF013AE3D200BD00C00042E1
:10280C00002A62D0314B2DE9F04F164683B01A687E
:10281C00C3B283462E4D01934FEA102A33462D4FF7
:10282C0016468946040C2C4A7968106841F07D5193
:10283C002A4A9842796028BF184611688046284871
:10284C00304320EA010020F0785040F040503860CE
:10285C00296839B1002600BF01362A689642FAD39E
:10286C001A4A166802210093FFF7A6FFE1B2FFF7A0
:10287C00A3FF5FFA8AF1FFF79FFF0199FFF79CFF17
:10288C00009BB8F1000F1BD008EB090A09F1FF34CB
:10289C0000930AF1FF3914F8011FFFF78DFF4C4527
:1028AC00F9D1009B3E60B3EB08030BD0C344D14677
:1028BC005FFA8BF24FEA1B444FEA1B2A0192B2E7F4
:1028CC003E60B0E703B0BDE8F08F70477045002064
:1028DC00B445002000C00042F0140020F414002085
:1028EC0000014001002A00F08C80464B2DE9F04F8E
:1028FC001D6885B0030C82460E46DFF818B10293B2
:10290C004FEA1029C3B2404F404C0393616845F025
:10291C0001253F4B41F07D5145F4800518686160FD
:10292C00DBF80010904225EA010528BF104625F07F
:10293C007855804645F040502060396839B14FF0E9
:10294C00000C00BF0CF1010C3B689C45F9D3032132
:10295C000192FFF731FF9DF80810FFF72DFF5FFA8A
:10296C0089F1FFF729FF0399FFF726FF6168019AA8
:10297C0021F000616160B8F1000F37D008EB060C54
:10298C0045F04855013E0CF1FF3908214FF0000E7F
:10299C00256000BF00BF00BF00BF00BF00BFA36821
:1029AC002060C3F3C06343EA4E0E00BF00BF00BFFC
:1029BC0000BF00BF00BF0139EAD106F801EF4E4558
:1029CC00E3D1104BB2EB08021D682560616841F041
:1029DC007D51616012D0C24466464FEA1A434FEAF9
:1029EC001A2902935FFA8AF303938FE7054B1D684C
:1029FC002560616841F07D51616087E705B0BDE8F5
:102A0C00F08F704770450020B445002000C0004294
:102A1C00F0140020F4140020002A00F0A780544B7E
:102A2C002DE9F04F924685B0C2B21D688B46030C5F
:102A3C0003924FEA102952464E4F4F4E82464F4C4E
:102A4C000293616845F001254D4B41F07D5145F4F1
:102A5C00800518684B4B61609042196828BF10467E
:102A6C0025EA0105804625F0785545F04050206058
:102A7C00396839B14FF0000C00BF0CF1010C3B6808
:102A8C009C45F9D30B210192FFF796FE9DF8081097
:102A9C00FFF792FE5FFA89F1FFF78EFE0399FFF7BD
:102AAC008BFE6168019A21F0006161603168B1B1FF
:102ABC0045F048534FF0000C236000BF00BF00BF2F
:102ACC0000BF00BF00BF206000BF00BF00BF00BF41
:102ADC0000BF00BF0CF1010C31686145ECD8B8F1B6
:102AEC00000F38D008EB0B0C45F048550BF1FF3BB1
:102AFC000CF1FF3908214FF0000E256000BF00BF1C
:102B0C0000BF00BF00BF00BFA3682060C3F3C06359
:102B1C0043EA4E0E00BF00BF00BF00BF00BF00BFA6
:102B2C000139EAD10BF801EFCB45E3D1104BB2EBF5
:102B3C0008021D682560616841F07D51616012D00A
:102B4C00C244E3464FEA1A434FEA1A2902935FFA4A
:102B5C008AF3039375E7064B1D682560616841F0A5
:102B6C007D5161606DE705B0BDE8F08F704700BF27
:102B7C0070450020B4450020FC14002000C0004229
:102B8C00F0140020F4140020F8B50121074634207D
:102B9C0007240B4E4FF080650AF0D2FC05E0C6F816
:102BAC008450FFF7D9F9013C09D347FA04F3DB074A
:102BBC00F5D4C6F88850FFF7CFF9013CF5D2F8BD33
:102BCC0000C00042084A137863B1002102E012F8F9
:102BDC00013F3BB1202BFAD101318142F7D1501C7E
:102BEC000CF030B91846704774450020DFF82CC043
:102BFC000A46084B9CF800101B7829B1DFF820C05E
:102C0C0005495CF823301847DFF818C002495CF816
:102C1C0023301847D7170020C01A0020F667002071
:102C2C0024040020600400200D4B0E4A1B7892F8FF
:102C3C0000C0022B0DD0012B05D00B4B0A460B49C3
:102C4C0053F82C3018470A4B0A46084953F82C30D5
:102C5C001847084B0A46054953F82C30184700BF53
:102C6C00F6670020D6170020AC030020C01A002005
:102C7C0070030020E80300202DE9F04F87B000928C
:102C8C00002A00F0C7808046684B0D46684F4FEA1B
:102C9C001842C3464FEA181A186803924FEA1832C2
:102CAC004FEA1829634E029208F00F02624C4FEA69
:102CBC0018580492CDF814A0626840F001205F4BC4
:102CCC0042F07D5240F4800019686260009A5C4BBF
:102CDC008A4228BF0A46196820EA010020F0785A77
:102CEC00C4F800A0396839B14FF0000C00BF0CF1EA
:102CFC00010C3B689C45F9D30E2150460192FFF71D
:102D0C005DF90B215046FFF759F908F00F015046B9
:102D1C00FFF754F9039B504603F00F01FFF74EF9F0
:102D2C00029B504603F00F01FFF748F909F00F0121
:102D3C005046FFF743F9059B504603F00F01FFF790
:102D4C003DF904995046FFF739F96168019A21F071
:102D5C00705161603168A1B14AF000734FF0000C02
:102D6C005046236000BF00BF00BF00BF206000BF03
:102D7C0000BF00BF00BF0CF1010C31686145F0D8F9
:102D8C008246002A49D002EB050E9446013D4AF0DA
:102D9C0000720EF1FF385346226000BF00BF00BF27
:102DAC0000BFA068236000BF00BF00BF00BF22604F
:102DBC0000BF00BF00BF00BFA168236000BF00BF01
:102DCC0000BF00BF800EC1F3836141EA001105F81A
:102DDC00011F4545E0D1154B1868009B20606168C8
:102DEC00B3EB0C0341F07D516160009312D0E344CE
:102DFC0075464FEA1B434FEA1B5803934FEA1B33AC
:102E0C004FEA1B2902934FEA1B1305930BF00F0398
:102E1C00049351E707B0BDE8F08F044B18682060AD
:102E2C00626842F07D52626046E700BF7045002048
:102E3C00B4450020F814002000C00042F01400201B
:102E4C00F41400202DE9F04F87B00092002A00F016
:102E5C00CD8080466B4B0D466B4F4FEA18121868AD
:102E6C004FEA184AC3464FEA185303924FEA1839EF
:102E7C0008F00F02654E4FEA1828654C0293049235
:102E8C00CDF814A0626840F00120624B42F07D52F4
:102E9C0040F4800019686260009A5F4B8A4228BF38
:102EAC000A46196820EA010020F0785AC4F800A0FC
:102EBC00396839B14FF0000C00BF0CF1010C3B68C4
:102ECC009C45F9D30E2150460192FFF78BF80B214C
:102EDC005046FFF787F8029B504603F00F01FFF7AF
:102EEC0081F8059B504603F00F01FFF77BF809F0C2
:102EFC000F015046FFF776F808F00F015046FFF728
:102F0C0071F8039B504603F00F01FFF76BF804991F
:102F1C005046FFF767F86168019A21F070516160C3
:102F2C003168B1B14AF000734FF0000C5046236089
:102F3C0000BF00BF00BF00BF00BF206000BF00BFCC
:102F4C0000BF00BF00BF0CF1010C31686145EED829
:102F5C008246002A4DD002EB050E9446013D4AF004
:102F6C0000720EF1FF385346226000BF00BF00BF55
:102F7C0000BF00BFA068236000BF00BF00BF00BF40
:102F8C0000BF226000BF00BF00BF00BF00BFA16830
:102F9C00236000BF00BF00BF00BF00BF800EC1F3A5
:102FAC00836141EA001105F8011F4545DCD1154B41
:102FBC001868009B20606168B3EB0C0341F07D51F5
:102FCC006160009312D0E34475464FEA1B534FEAFD
:102FDC001B3902934FEA1B434FEA1B2805934FEA18
:102FEC001B1303930BF00F0304934BE707B0BDE8DF
:102FFC00F08F044B18682060626842F07D5262606A
:10300C0040E700BF70450020B4450020F8140020B4
:10301C0000C00042F0140020F41400202DE9F04F01
:10302C0087B00092002A00F0D38080466E4B0D468C
:10303C006E4F4FEA181218684FEA184AC3464FEA07
:10304C00185303924FEA183908F00F02684E4FEAF2
:10305C001828684C02930492CDF814A0626840F0D2
:10306C000120654B42F07D5240F48000196862608B
:10307C00009A624B8A4228BF0A46196820EA01006E
:10308C0020F0785AC4F800A0396839B14FF0000C20
:10309C0000BF0CF1010C3B689C45F9D30E21504646
:1030AC000192FEF7B5FF0B215046FEF7B1FF029BD4
:1030BC00504603F00F01FEF7ABFF059B504603F0A3
:1030CC000F01FEF7A5FF09F00F015046FEF7A0FF18
:1030DC0008F00F015046FEF79BFF039B504603F090
:1030EC000F01FEF795FF04995046FEF791FF6168BA
:1030FC00019A21F0705161603168C1B14AF00073DE
:10310C004FF0000C5046236000BF00BF00BF00BF53
:10311C0000BF00BF206000BF00BF00BF00BF00BFEA
:10312C0000BF0CF1010C31686145ECD88246002AD5
:10313C0051D002EB050E9446013D4AF000720EF19F
:10314C00FF385346226000BF00BF00BF00BF00BF66
:10315C0000BFA068236000BF00BF00BF00BF00BF5E
:10316C0000BF226000BF00BF00BF00BF00BF00BF98
:10317C00A168236000BF00BF00BF00BF00BF00BF3D
:10318C00800EC1F3836141EA001105F8011F45452A
:10319C00D8D1154B1868009B20606168B3EB0C0309
:1031AC0041F07D516160009312D0E34475464FEAC3
:1031BC001B534FEA1B3902934FEA1B434FEA1B2860
:1031CC0005934FEA1B1303930BF00F03049345E78E
:1031DC0007B0BDE8F08F044B18682060626842F0BD
:1031EC007D5262603AE700BF70450020B445002074
:1031FC00F814002000C00042F0140020F414002049
:10320C00002A00F098804C4B2DE9F04F1B6887B0DA
:10321C00934602090093030C0492074600F00F0238
:10322C0003930E46030B454D4FEA105ADFF81C91E1
:10323C004FEA102802930592D9F80430404A43F023
:10324C007D53404C1168404AC9F8043059450B462F
:10325C001168009A28BF5B46144324EA010424F049
:10326C007854C9F80040296841B1002100BF0131F0
:10327C002A689142FAD3304A126800920321204600
:10328C000193FEF7C5FE08212046FEF7C1FE0AF0A9
:10329C000F012046FEF7BCFE039B204603F00F01F6
:1032AC00FEF7B6FE029B204603F00F01FEF7B0FEC0
:1032BC0008F00F012046FEF7ABFE049B204603F0FE
:1032CC000F01FEF7A5FE05992046FEF7A1FE019B16
:1032DC0053B303EB060A013E01930AF1FF3816F8CB
:1032EC00011F20460909FEF793FE3178204601F0B4
:1032FC000F01FEF78DFE4645F1D1DDE90023BBEB56
:10330C00030BC9F8002013D01F4456463B0C4FEA60
:10331C00175A03933B0B4FEA172802933B0904936C
:10332C0007F00F03059387E7009BC9F8003083E78C
:10333C0007B0BDE8F08F704770450020B445002001
:10334C00F014002000014001F414002000C00042E1
:10335C00002A00F098804C4B2DE9F04F1B6887B089
:10336C00934602090093030C0492074600F00F02E7
:10337C0003930E46030B454D4FEA105ADFF81C9190
:10338C004FEA102802930592D9F80430404A43F0D2
:10339C007D53404C1168404AC9F8043059450B46DE
:1033AC001168009A28BF5B46144324EA010424F0F8
:1033BC007854C9F80040296841B1002100BF01319F
:1033CC002A689142FAD3304A1268009203212046AF
:1033DC000193FEF707FE08212046FEF703FE0AF0D4
:1033EC000F012046FEF7FEFD039B204603F00F0164
:1033FC00FEF7F8FD029B204603F00F01FEF7F2FDED
:10340C0008F00F012046FEF7EDFD049B204603F06B
:10341C000F01FEF7E7FD05992046FEF7E3FD019B42
:10342C0053B303EB060A013E01930AF1FF3816F879
:10343C00011F20460909FEF7D5FD3178204601F021
:10344C000F01FEF7CFFD4645F1D1DDE90023BBEBC3
:10345C00030BC9F8002013D01F4456463B0C4FEA0F
:10346C00175A03933B0B4FEA172802933B0904931B
:10347C0007F00F03059387E7009BC9F8003083E73B
:10348C0007B0BDE8F08F704770450020B4450020B0
:10349C00F014002000014001F414002000C0004290
:1034AC0070B505460E463024E0B2013401210AF015
:1034BC0047F8372CF8D1012102200AF041F80121FC
:1034CC0003200AF03DF8012104200AF039F801210B
:1034DC0005200AF035F83B4A3B4B022D116841EAB6
:1034EC000303136043D0002D14BF4FF480014FF041
:1034FC008071364B364A1B781160012B3549364AA0
:10350C000D70167031D0022B2DD0032B57D041F2F9
:10351C00B002324BC3F86C22C3F87022C3F8742289
:10352C00C3F87822BFF34F8F03F13F732C492D4A18
:10353C0003F5BD43486812680333A3FB0232920CB7
:10354C0002EB42024B681B1A9A42FBD81D4B2649D0
:10355C001C68264A214026480A4302605A6842F0F9
:10356C007D525A6070BD234AD3E73922D1E7F40764
:10357C004FF0100312D4B007C2F88830114B4FF043
:10358C00200212D57107C3F884200E4B4FF0400275
:10359C0012D5C3F884204FF48071AAE7B007C2F8A3
:1035AC008430084B4FF02002ECD47107C3F888200C
:1035BC00044B4FF04002ECD4C3F88820EBE70E4AE2
:1035CC00A7E700BF00C0004200014001F7670020E0
:1035DC00F4140020F5670020F367002000801F40E2
:1035EC00001000E01C140020FFFEBFCC0001403195
:1035FC00704500203900010039B00100002A00F0AC
:10360C00AD80574B2DE9F04F064687B093461868AE
:10361C00320CDFF85CA1534D370D0592320B524C36
:10362C000492320A02923209019206F00F020392BE
:10363C000A46616840F001204C4B41F07D5140F44A
:10364C0080001B686160DAF800105B4520EA01001D
:10365C0028BF5B4620F078599846C4F8009029683A
:10366C0039B14FF0000C00BF0CF1010C2B689C45DC
:10367C00F9D3032148460092FEF7A0FC08214846E6
:10368C00FEF79CFC07F00F014846FEF797FC059BE4
:10369C00484603F00F01FEF791FC049B484603F0EB
:1036AC000F01FEF78BFC029B484603F00F01FEF75F
:1036BC0085FC019B484603F00F01FEF77FFC039944
:1036CC004846FEF77BFC009AB8F1000F3FD008EBA0
:1036DC000203571E03F1FF3C17F8012F120949EAA8
:1036EC00826242F000712260216000BF00BF00BF07
:1036FC0000BF226000BF00BF00BF00BF3A7802F0DD
:10370C000F0249EA826242F000712260216000BF20
:10371C0000BF00BF00BF226000BF00BF00BF00BFE2
:10372C006745D9D10E4ABBEB080B1068206012D04C
:10373C0046441A46330C370D0593330B0493330A66
:10374C0002933309019306F00F03039371E7044BC3
:10375C00186820606DE707B0BDE8F08F704700BFB8
:10376C0070450020B445002000C00042F014002039
:10377C00F414002000BF00BF00BF00BF00BF00BF9B
:10378C0000BF00BF704700BF38B540EA8164074DE9
:10379C0044F000732C602B6000BF00BFFFF7EAFF02
:1037AC002C6000BF00BFFFF7E5FF38BD00C0004232
:1037BC002DE9F04180460F4607250C4E47FA05F4DB
:1037CC00A40604F0806444EA080444F000733460F6
:1037DC00336000BF00BFFFF7CDFF346000BF00BFF8
:1037EC00FFF7C8FF013DE9D2BDE8F08100C00042FF
:1037FC00002A6FD0384B2DE9F04F904685B0C2B2FD
:10380C001B680E46354D03924FEA104B4246DFF8CB
:10381C00DC9080464FEA102A0193D9F80410304B03
:10382C0041F07D512F4C18682F4BC9F80410904271
:10383C001968019B28BF10461C43074624EA010463
:10384C0024F0785444F04054C9F80040296841B140
:10385C00002100BF01312B689942FAD31E4B1B6823
:10386C000193022120460292FFF7A2FF5FFA8BF12F
:10387C002046FFF79DFF20465FFA8AF1FFF798FF7D
:10388C0003992046FFF794FF029AE7B107EB060B6A
:10389C00013E02920BF1FF3A16F8011F2046FFF78A
:1038AC0087FF5645F8D1DDE90132D21BC9F800304B
:1038BC000DD0B8445E465FFA88F34FEA184B4FEAD6
:1038CC00182A0393A9E7019BC9F80030A5E705B0B6
:1038DC00BDE8F08F704700BF70450020B445002054
:1038EC00F014002000014001F414002000C000423C
:1038FC00002A00F09B804E4B2DE9F04F1D6885B0DF
:10390C00C3B20E46DFF838B14FEA102A03934FEAE0
:10391C001049484F0346484C616845F0012547481B
:10392C0041F07D5145F4800500686160DBF80010C2
:10393C00904225EA010528BF104625F078558046AF
:10394C0045F040502060396839B14FF0000C00BF91
:10395C000CF1010C39688C45F9D303210090CDE9A9
:10396C000132FFF725FF00985FFA89F1FFF720FF7E
:10397C0000985FFA8AF1FFF71BFF03990098FFF795
:10398C0017FF6168029A21F00061DDE900036160B4
:10399C00B8F1000F3FD008EB060C45F04855013E3E
:1039AC000CF1FF394FF0080E4FF0000A256000BFF4
:1039BC0000BF00BF00BF00BF00BF00BF00BF00BF03
:1039CC0000BFA1682060C1F3C06141EA4A0A00BF90
:1039DC0000BF00BF00BF00BF00BF00BF00BF00BFE3
:1039EC0000BFBEF1010EE1D106F801AF4E45D9D1B1
:1039FC000F49B2EB08020D682560616841F07D51FA
:103A0C00616010D043446646D9B24FEA13494FEA7D
:103A1C00132A039180E706490D682560616841F01F
:103A2C007D51616078E705B0BDE8F08F704700BF4D
:103A3C0070450020B445002000C00042F014002066
:103A4C00F41400202DE9F04F87B005910092002A64
:103A5C0000F0A680584B8346DFF86C911E68030C6F
:103A6C00DFF868810393030A544C0293C3B20493A6
:103A7C00636846F00126524A43F07D5346F48006B3
:103A8C0011686360009B4F4A8B4228BF0B4611683C
:103A9C0026EA010626F0785646F040552560D9F8FE
:103AAC00001031B1002000BF0130D9F80020904245
:103ABC00F9D30B2128460193FFF77AFE9DF80C10E1
:103ACC002846FFF775FE9DF808102846FFF770FE94
:103ADC0004992846FFF76CFE6168019B21F0006198
:103AEC006160D8F80010B9B146F0485A0027019629
:103AFC003E4657469A46276000BF00BFFFF73AFE86
:103B0C00256000BF00BFFFF735FE0136D8F8002056
:103B1C00B242F0D85346019E002B44D0059A46F091
:103B2C0048569818571E00F1FF3E08214FF0000C24
:103B3C00266000BF00BF00BF00BF00BF00BF00BFBA
:103B4C0000BF00BF00BFA2682560C2F3C06242EA9A
:103B5C004C0C00BF00BF00BF00BF00BF00BF00BFC8
:103B6C0000BF00BF00BF0139E2D107F801CF774594
:103B7C00DBD1114A1668009A26606168D21A41F0AE
:103B8C007D51616000920BD09B4405904FEA1B4322
:103B9C0003934FEA1B2302935FFA8BF3049367E7BB
:103BAC0007B0BDE8F08F044B1E682660636843F0D5
:103BBC007D5363605CE700BF7045002000C000428D
:103BCC00F0140020F4140020B4450020FC14002054
:103BDC002DE9F04180460F4607250A4E47FA05F4B9
:103BEC00A40604F0806444EA080444F000733460D2
:103BFC003360FFF7BFFD3460FFF7BCFD013DEDD234
:103C0C00BDE8F08100C00042002A6FD0384B2DE98E
:103C1C00F04F904685B0C2B21B680E46354D0392EC
:103C2C004FEA104B4246DFF8DC9080464FEA102AF0
:103C3C000193D9F80410304B41F07D512F4C18688A
:103C4C002F4BC9F8041090421968019B28BF1046ED
:103C5C001C43074624EA010424F0785444F04054F1
:103C6C00C9F80040296841B1002100BF01312B681F
:103C7C009942FAD31E4B1B680193022120460292F3
:103C8C00FFF7A6FF5FFA8BF12046FFF7A1FF204656
:103C9C005FFA8AF1FFF79CFF03992046FFF798FF24
:103CAC00029AE7B107EB060B013E02920BF1FF3AC9
:103CBC0016F8011F2046FFF78BFF5645F8D1DDE9BA
:103CCC000132D21BC9F800300DD0B8445E465FFA01
:103CDC0088F34FEA184B4FEA182A0393A9E7019B84
:103CEC00C9F80030A5E705B0BDE8F08F704700BFFC
:103CFC0070450020B4450020F01400200001400164
:103D0C00F414002000C00042002A00F095804B4BB8
:103D1C002DE9F04F1D6885B0030C82460E46DFF886
:103D2C002CB102934FEA1029C3B2454F454C039373
:103D3C00616845F00125444B41F07D5145F4800507
:103D4C0018686160DBF80010904225EA010528BF75
:103D5C00104625F07855804645F040502060396873
:103D6C0039B14FF0000C00BF0CF1010C3B689C45C5
:103D7C00F9D3032101920090FFF72AFF9DF8081058
:103D8C000098FFF725FF00985FFA89F1FFF720FFF5
:103D9C0003990098FFF71CFF616821F00061DDE9D1
:103DAC0000026160B8F1000F3BD008EB060C45F047
:103DBC004855013E0CF1FF3908214FF0000E2560EB
:103DCC0000BF00BF00BF00BF00BF00BF00BF00BFEF
:103DDC00A3682060C3F3C06343EA4E0E00BF00BF6C
:103DEC0000BF00BF00BF00BF00BF00BF0139E6D15C
:103DFC0006F801EF4E45DFD1104BB2EB08021D68FF
:103E0C002560616841F07D51616012D0C244664604
:103E1C004FEA1A434FEA1A2902935FFA8AF3039383
:103E2C0086E7064B1D682560616841F07D51616035
:103E3C007EE705B0BDE8F08F704700BF70450020ED
:103E4C00B445002000C00042F0140020F4140020FF
:103E5C002DE9F04F87B005910092002A00F0A38065
:103E6C00564B8246564F1D68030C564C0393030A5F
:103E7C000293C3B20493636845F00125524A43F0A0
:103E8C007D5345F4800511686360009B8B4228BF0D
:103E9C000B469B464D4B196825EA010525F07853D6
:103EAC0043F04059C4F80090396839B14FF0000C18
:103EBC0000BF0CF1010C3A689445F9D30B2148462C
:103ECC000193FFF785FE9DF80C104846FFF780FE26
:103EDC009DF808104846FFF77BFE04994846FFF70B
:103EEC0077FE61683A4B21F0006161601D68019BAF
:103EFC00A5B143F0485801932B464D4646464FF02A
:103F0C000009984609F101092660FFF733FC25608A
:103F1C00FFF730FCC145F5D1A946019BBBF1000F61
:103F2C0044D043F04855059B0BEB03012E4603F19F
:103F3C00FF3C4D4601F1FF3808220020266000BFEF
:103F4C0000BF00BF00BF00BF00BF00BF00BFA36821
:103F5C002560C3F3C06343EA400000BF00BF00BF4D
:103F6C0000BF00BF00BF00BF00BF013AE6D10CF894
:103F7C00010FC445E0D1114B1D68009B25606068A2
:103F8C00B3EB0B0340F07D50606000930BD0DA4430
:103F9C0005914FEA1A4303934FEA1A2302935FFAEF
:103FAC008AF3049367E707B0BDE8F08F034B1D68F5
:103FBC002560636843F07D5363605CE770450020C7
:103FCC00B445002000C00042F0140020F41400207E
:103FDC00FC1400202DE9F04F89B00192002A00F06A
:103FEC00D0806D4A03460E46DFF8C0811568020D7D
:103FFC006A4F0792020C6A4C0692020B0592020A57
:10400C0003920209029200F00F020492626845F0DA
:10401C000125644942F07D5245F4800509686260CF
:10402C00019A8A4228BF0A4692465F4A126825EADC
:10403C00020525F078552560D8F8002032B1002211
:10404C0000BF0132D8F800108A42F9D30E2128465D
:10405C000093FFF799FB0B212846FFF795FB079B75
:10406C00284603F00F01FFF78FFB069B284603F051
:10407C000F01FFF789FB059B284603F00F01FFF7A3
:10408C0083FB039B284603F00F01FFF77DFB029B8C
:10409C00284603F00F01FFF777FB04992846FFF73A
:1040AC0073FB6268009B22F0705262603A68B2B196
:1040BC00B3464FF0000945F000760093266000BF30
:1040CC0000BFFFF757FB256000BF00BFFFF752FB97
:1040DC0009F101093A684A45F0D8009B5E46BAF1ED
:1040EC00000F51D00AEB060006F1FF3BCDF808A0FB
:1040FC0045F00076421EDA460092CDE90330266088
:10410C0000BF00BFFFF736FBD4F80890256000BF56
:10411C0000BFFFF72FFB266000BF00BFFFF72AFB95
:10412C00D4F808B0256000BF00BFFFF723FBCBF32A
:10413C0083634FEA996143EA01130AF8013F009B3C
:10414C009A45DCD1144A04981568DDE902A3256070
:10415C00626842F07D526260019AB2EB0A020192EF
:10416C000FD0534406461A0D07921A0C06921A0BDE
:10417C0005921A0A03921A09029203F00F02049292
:10418C0044E709B0BDE8F08F034A15682560626802
:10419C0042F07D52626039E770450020F81400202F
:1041AC0000C00042F0140020F4140020B44500209C
:1041BC002DE9F04F89B00292002A00F0E080734B99
:1041CC004FEA105A724F81461B688846714C019316
:1041DC00030C0793030B0693030A0493030903933D
:1041EC0000F00F0305936C4B61681868029B41F05B
:1041FC007D516A4E8342616028BF03469B46684BE3
:10420C001868019B1E4326EA000626F078562660A5
:10421C00386840B1002500BF01353B689D42FAD398
:10422C005A4B1B68019346F0606346F0406525606D
:10423C002360FFF79FFA2560FFF79CFA46F00055C4
:10424C0046F0085325602360FFF794FA2560FFF7CA
:10425C0091FA0AF00F0046EA806545F0007325607C
:10426C002360FFF787FA2560FFF784FA079B03F0BA
:10427C000F0046EA806545F0007325602360FFF768
:10428C0079FA2560FFF776FA069B03F00F0046EAF1
:10429C00806545F0007325602360FFF76BFA25609D
:1042AC00FFF768FA049B03F00F0046EA806545F0BF
:1042BC00007325602360FFF75DFA2560FFF75AFA5B
:1042CC00039B03F00F0046EA806545F00073256000
:1042DC002360FFF74FFA2560FFF74CFA059B46EA7F
:1042EC00836545F0007325602360FFF743FA256072
:1042FC00FFF740FABBF1000F44D00BEB080308F1B9
:10430C00FF3803F1FF3A039318F8015F2D0946EAD1
:10431C00856545F0007225602260FFF72BFA256059
:10432C00FFF728FA98F8005005F00F0546EA856566
:10433C0045F0007225602260FFF71CFA2560FFF73C
:10434C0019FAD045E0D1019A039B2260029AB2EB94
:10435C000B02029213D0D94498464FEA19434FEA04
:10436C00195A07934FEA193306934FEA192304930A
:10437C004FEA1913039309F00F03059333E709B0C0
:10438C00BDE8F08F019B23602DE700BF7045002036
:10439C00B445002000C00042F01400200001400190
:1043AC00F41400202DE9F04F8BB00991002A00F095
:1043BC000281864B9246864F1B68864C0193030DF7
:1043CC000893030C0793030B0693030A0493030946
:1043DC00039300F00F0305937F4A6368126843F060
:1043EC007D537E4D5245636028BF52467C4B9146AF
:1043FC00019A1B68154325EA030525F078552560BD
:10440C003B6843B1002300BF01333A689342FAD3AF
:10441C006E4B1B68019345F0685345F06056029053
:10442C0026602360FFF7A6F92660FFF7A3F945F095
:10443C00305645F0385326602360FFF79BF9266011
:10444C00FFF798F9089B03F00F0845EA886646F0D9
:10445C00007326602360FFF78DF92660FFF78AF959
:10446C00079B03F00F0845EA886646F00073266048
:10447C002360FFF77FF92660FFF77CF9069B03F0BA
:10448C000F0845EA886646F0007326602360FFF744
:10449C0071F92660FFF76EF9049B03F00F0845EAEB
:1044AC00886646F0007326602360FFF763F9266088
:1044BC00FFF760F9039B03F00F0845EA886646F0A6
:1044CC00007326602360FFF755F92660FFF752F959
:1044DC00059B45EA836646F0007326602360FFF770
:1044EC0049F92660FFF746F96368029823F0705388
:1044FC0063603C4BD3F80080B8F1000F13D0CDF8BB
:10450C00089045F000764FF00009834609F1010947
:10451C002660FFF72FF92560FFF72CF9C145F5D17F
:10452C00DDF808905846B9F1000F47D0099B45F0CB
:10453C000076CDF8089009EB030103F1FF3901F186
:10454C00FF380591CDE9030A2660FFF713F9D4F87B
:10455C0008B02560FFF70EF92660FFF70BF9D4F8C9
:10456C0008A02560FFF706F9CAF383634FEA9B6145
:10457C0043EA011309F8013FC145E5D1019BDDE98F
:10458C000290DDE904A123606368BAEB090A43F0E9
:10459C007D5363600FD048440991030D0893030CBD
:1045AC000793030B0693030A04930309039300F088
:1045BC000F03059310E70BB0BDE8F08F019B236050
:1045CC00636843F07D53636006E700BF70450020CD
:1045DC00B445002000C00042F0140020000140014E
:1045EC00F4140020F81400202DE9F04180460F4609
:1045FC0007250E4E47FA05F4A40604F0806444EA3D
:10460C00080444F000733460336000BF00BF00BF87
:10461C0000BFFFF7AFF8346000BF00BF00BF00BFA2
:10462C00FFF7A8F8013DE5D2BDE8F08100C00042DB
:10463C00002A6FD0384B2DE9F04F904685B0C2B2AE
:10464C001B680E46354D03924FEA104B4246DFF87D
:10465C00DC9080464FEA102A0193D9F80410304BB5
:10466C0041F07D512F4C18682F4BC9F80410904223
:10467C001968019B28BF10461C43074624EA010415
:10468C0024F0785444F04054C9F80040296841B1F2
:10469C00002100BF01312B689942FAD31E4B1B68D5
:1046AC000193022120460292FFF79EFF5FFA8BF1E5
:1046BC002046FFF799FF20465FFA8AF1FFF794FF37
:1046CC0003992046FFF790FF029AE7B107EB060B20
:1046DC00013E02920BF1FF3A16F8011F2046FFF73C
:1046EC0083FF5645F8D1DDE90132D21BC9F8003001
:1046FC000DD0B8445E465FFA88F34FEA184B4FEA88
:10470C00182A0393A9E7019BC9F80030A5E705B067
:10471C00BDE8F08F704700BF70450020B445002005
:10472C00F014002000014001F414002000C00042ED
:10473C00002A00F09F80504B2DE9F04F1D6885B08A
:10474C00C3B20E46DFF840B14FEA102A03934FEA8A
:10475C0010494A4F03464A4C616845F001254948C7
:10476C0041F07D5145F4800500686160DBF8001074
:10477C00904225EA010528BF104625F07855804661
:10478C0045F040502060396839B14FF0000C00BF43
:10479C000CF1010C39688C45F9D303210090CDE95B
:1047AC000132FFF721FF00985FFA89F1FFF71CFF38
:1047BC0000985FFA8AF1FFF717FF03990098FFF74B
:1047CC0013FF6168029A21F00061DDE9000361606A
:1047DC00B8F1000F43D008EB060C45F04855013EEC
:1047EC000CF1FF394FF0080E4FF0000A256000BFA6
:1047FC0000BF00BF00BF00BF00BF00BF00BF00BFB5
:10480C0000BF00BF00BFA1682060C1F3C06141EAD6
:10481C004A0A00BF00BF00BF00BF00BF00BF00BFFF
:10482C0000BF00BF00BF00BF00BFBEF1010EDDD155
:10483C0006F801AF4E45D5D10F49B2EB08020D6811
:10484C002560616841F07D51616010D0434466463B
:10485C00D9B24FEA13494FEA132A03917CE7064970
:10486C000D682560616841F07D51616074E705B0A9
:10487C00BDE8F08F704700BF70450020B4450020A4
:10488C0000C00042F0140020F41400202DE9F04F79
:10489C0087B005910092002A00F0AE805C4B8346F5
:1048AC005C4F1968030C5C4E0393030A5B4C029338
:1048BC00C3B2049363685A4A43F07D53DFF86881AE
:1048CC0041EA080811686360009B564A8B4228BF76
:1048DC000B46116828EA010828F0785848F0405532
:1048EC002560396829B1002000BF01303A68904238
:1048FC00FAD30B2128460193FFF776FE9DF80C1096
:10490C002846FFF771FE9DF808102846FFF76CFE4D
:10491C0004992846FFF768FE6168019B21F000614D
:10492C0061603168E9B148F0485ACDF80480994685
:10493C004FF00008C4F800A000BF00BF00BF00BFCC
:10494C00FEF718FF256000BF00BF00BF00BFFEF7D9
:10495C0011FF08F1010832684245EBD84B46DDF8EF
:10496C000480002B4BD0059948F04852581801F19F
:10497C00FF3900F1FF3E4FF0080C4FF000082260A9
:10498C0000BF00BF00BF00BF00BF00BF00BF00BF23
:10499C0000BF00BF00BF00BFA1682560C1F3C061AC
:1049AC0041EA480800BF00BF00BF00BF00BF00BF06
:1049BC0000BF00BF00BF00BF00BF00BFBCF1010CB7
:1049CC00DDD109F8018FF145D5D1114A1168009A52
:1049DC0021606568D21A45F07D55656000920BD058
:1049EC009B4405904FEA1B4303934FEA1B2302930E
:1049FC005FFA8BF304935DE707B0BDE8F08F044BCF
:104A0C0019682160636843F07D53636052E700BF0F
:104A1C0070450020B4450020FC14002000C000426A
:104A2C00F0140020F4140020000140012DE9F041A5
:104A3C0080460F460725104E47FA05F4A40604F0ED
:104A4C00806444EA080444F000733460336000BFAF
:104A5C0000BF00BF00BF00BF00BFFEF78BFE34607D
:104A6C0000BF00BF00BF00BF00BF00BFFEF782FE4B
:104A7C00013DE1D2BDE8F08100C00042002A6FD0B8
:104A8C00384B2DE9F04F904685B0C2B21B680E46EC
:104A9C00354D03924FEA104B4246DFF8DC908046CE
:104AAC004FEA102A0193D9F80410304B41F07D5194
:104ABC002F4C18682F4BC9F8041090421968019BB1
:104ACC0028BF10461C43074624EA010424F07854FE
:104ADC0044F04054C9F80040296841B1002100BF9E
:104AEC0001312B689942FAD31E4B1B6801930221AA
:104AFC0020460292FFF79AFF5FFA8BF12046FFF7F0
:104B0C0095FF20465FFA8AF1FFF790FF0399204644
:104B1C00FFF78CFF029AE7B107EB060B013E0292FE
:104B2C000BF1FF3A16F8011F2046FFF77FFF5645A1
:104B3C00F8D1DDE90132D21BC9F800300DD0B844F0
:104B4C005E465FFA88F34FEA184B4FEA182A039334
:104B5C00A9E7019BC9F80030A5E705B0BDE8F08FC7
:104B6C00704700BF70450020B4450020F0140020B1
:104B7C0000014001F414002000C00042002A00F0A3
:104B8C00A180514B2DE9F04F1D6885B0030C824676
:104B9C000E46DFF844B102934FEA1029C3B24B4FD3
:104BAC004B4C0393616845F001254A4B41F07D5114
:104BBC0045F4800518686160DBF80010904225EA26
:104BCC00010528BF104625F07855804645F0405029
:104BDC002060396839B14FF0000C00BF0CF1010CAA
:104BEC003B689C45F9D3032101920090FFF71EFF0F
:104BFC009DF808100098FFF719FF00985FFA89F1EB
:104C0C00FFF714FF03990098FFF710FF616821F07C
:104C1C000061DDE900026160B8F1000F47D008EBDC
:104C2C00060C45F04855013E0CF1FF3908214FF0B8
:104C3C00000E256000BF00BF00BF00BF00BF00BF5B
:104C4C0000BF00BF00BF00BF00BF00BF00BF00BF60
:104C5C00A3682060C3F3C06343EA4E0E00BF00BFDD
:104C6C0000BF00BF00BF00BF00BF00BF00BF00BF40
:104C7C0000BF00BF00BF00BF0139DAD106F801EF59
:104C8C004E45D3D1104BB2EB08021D68256061680C
:104C9C0041F07D51616012D0C24466464FEA1A431E
:104CAC004FEA1A2902935FFA8AF303937AE7064BC9
:104CBC001D682560616841F07D51616072E705B047
:104CCC00BDE8F08F704700BF70450020B445002050
:104CDC0000C00042F0140020F41400202DE9F04F25
:104CEC0087B005910092002A00F0B680604B834695
:104CFC00604F1968030C604E0393030A5F4C0293D8
:104D0C00C3B2049363685E4A43F07D53DFF8788145
:104D1C0041EA080811686360009B5A4A8B4228BF1D
:104D2C000B46116828EA010828F0785848F04055DD
:104D3C002560396829B1002000BF01303A689042E3
:104D4C00FAD30B2128460193FFF770FE9DF80C1047
:104D5C002846FFF76BFE9DF808102846FFF766FE05
:104D6C0004992846FFF762FE6168019B21F00061FF
:104D7C006160316809B348F0485ACDF8048099460F
:104D8C004FF00008C4F800A000BF00BF00BF00BF78
:104D9C0000BF00BFFEF7EEFC256000BF00BF00BFE8
:104DAC0000BF00BF00BFFEF7E5FC08F10108326848
:104DBC004245E7D84B46DDF80480002B4FD00599CF
:104DCC0048F04852581801F1FF3900F1FF3E4FF0FE
:104DDC00080C4FF00008226000BF00BF00BF00BFEE
:104DEC0000BF00BF00BF00BF00BF00BF00BF00BFBF
:104DFC0000BF00BFA1682560C1F3C06141EA48084B
:104E0C0000BF00BF00BF00BF00BF00BF00BF00BF9E
:104E1C0000BF00BF00BF00BF00BF00BFBCF1010C52
:104E2C00D9D109F8018FF145D1D1114A1168009AF5
:104E3C0021606568D21A45F07D55656000920BD0F3
:104E4C009B4405904FEA1B4303934FEA1B230293A9
:104E5C005FFA8BF3049355E707B0BDE8F08F044B72
:104E6C0019682160636843F07D5363604AE700BFB3
:104E7C0070450020B4450020FC14002000C0004206
:104E8C00F0140020F4140020000140012DE9F04141
:104E9C0080460F460725124E47FA05F4A40604F087
:104EAC00806444EA080444F000733460336000BF4B
:104EBC0000BF00BF00BF00BF00BF00BF00BFFEF7B8
:104ECC0059FC346000BF00BF00BF00BF00BF00BF73
:104EDC0000BF00BFFEF74EFC013DDDD2BDE8F08106
:104EEC0000C00042002A6FD0384B2DE9F04F90469D
:104EFC0085B0C2B21B680E46354D03924FEA104B7B
:104F0C004246DFF8DC9080464FEA102A0193D9F82C
:104F1C000410304B41F07D512F4C18682F4BC9F8C1
:104F2C00041090421968019B28BF10461C43074689
:104F3C0024EA010424F0785444F04054C9F80040A9
:104F4C00296841B1002100BF01312B689942FAD385
:104F5C001E4B1B680193022120460292FFF796FF1D
:104F6C005FFA8BF12046FFF791FF20465FFA8AF13A
:104F7C00FFF78CFF03992046FFF788FF029AE7B1F1
:104F8C0007EB060B013E02920BF1FF3A16F8011FDC
:104F9C002046FFF77BFF5645F8D1DDE90132D21BE5
:104FAC00C9F800300DD0B8445E465FFA88F34FEA7A
:104FBC00184B4FEA182A0393A9E7019BC9F8003054
:104FCC00A5E705B0BDE8F08F704700BF7045002025
:104FDC00B4450020F014002000014001F41400201E
:104FEC0000C00042002A00F0A580534B2DE9F04F81
:104FFC001D6885B0030C82460E46DFF84CB1029357
:10500C004FEA1029C3B24D4F4D4C0393616845F0E4
:10501C0001254C4B41F07D5145F4800518686160C9
:10502C00DBF80010904225EA010528BF104625F058
:10503C007855804645F040502060396839B14FF0C2
:10504C00000C00BF0CF1010C3B689C45F9D303210B
:10505C0001920090FFF71AFF9DF808100098FFF7D7
:10506C0015FF00985FFA89F1FFF710FF039900987C
:10507C00FFF70CFF616821F00061DDE9000261605F
:10508C00B8F1000F4BD008EB060C45F04855013E2B
:10509C000CF1FF3908214FF0000E256000BF00BF56
:1050AC0000BF00BF00BF00BF00BF00BF00BF00BFFC
:1050BC0000BF00BF00BF00BF00BF00BFA3682060DF
:1050CC00C3F3C06343EA4E0E00BF00BF00BF00BF76
:1050DC0000BF00BF00BF00BF00BF00BF00BF00BFCC
:1050EC0000BF00BF00BF00BF0139D6D106F801EFE9
:1050FC004E45CFD1104BB2EB08021D68256061689C
:10510C0041F07D51616012D0C24466464FEA1A43A9
:10511C004FEA1A2902935FFA8AF3039376E7064B58
:10512C001D682560616841F07D5161606EE705B0D6
:10513C00BDE8F08F704700BF70450020B4450020DB
:10514C0000C00042F0140020F41400202DE9F04FB0
:10515C0087B005910092002A00F0BE80644B834614
:10516C00644F1968030C644E0493030A634C039355
:10517C00C3B202936368624A43F07D53DFF88881BF
:10518C0041EA080811686360009B5E4A8B4228BFA5
:10519C000B46116828EA010828F0785848F0405569
:1051AC002560396829B1002000BF01303A6890426F
:1051BC00FAD30B2128460193FFF768FE9DF81010D7
:1051CC002846FFF763FE9DF80C102846FFF75EFE9D
:1051DC0002992846FFF75AFE6168019B21F0006195
:1051EC006160316829B348F0485ACDF8048099467B
:1051FC004FF00008C4F800A000BF00BF00BF00BF04
:10520C0000BF00BF00BF00BFFEF7B4FA256000BFAF
:10521C0000BF00BF00BF00BF00BF00BF00BFFEF754
:10522C00A9FA08F1010832684245E3D84B46DDF88B
:10523C000480002B53D0059948F04852581801F1BE
:10524C00FF3900F1FF3E4FF0080C4FF000082260D0
:10525C0000BF00BF00BF00BF00BF00BF00BF00BF4A
:10526C0000BF00BF00BF00BF00BF00BF00BF00BF3A
:10527C00A1682560C1F3C06141EA480800BF00BFC6
:10528C0000BF00BF00BF00BF00BF00BF00BF00BF1A
:10529C0000BF00BF00BF00BF00BF00BFBCF1010CCE
:1052AC00D5D109F8018FF145CDD1114A1168009A79
:1052BC0021606568D21A45F07D55656000920BD06F
:1052CC009B4405904FEA1B4304934FEA1B23039323
:1052DC005FFA8BF302934DE707B0BDE8F08F044BF8
:1052EC0019682160636843F07D53636042E700BF37
:1052FC0070450020B4450020FC14002000C0004282
:10530C00F0140020F414002000014001002A00F0E9
:10531C00B4802DE9F04F9046584A87B0074615687F
:10532C00020B574E4FEA105A0492020A4FEA1049E8
:10533C00544C02920209059200F00F02039242466D
:10534C008846616845F001254F4B41F07D5145F48D
:10535C00800518684D4B61609042196828BF104653
:10536C0025EA0105834625F078552560316829B179
:10537C00002100BF013133689942FAD3032128463A
:10538C000192FEF701FA08212846FEF7FDF90AF012
:10539C000F012846FEF7F8F909F00F012846FEF731
:1053AC00F3F9049B284603F00F01FEF7EDF9029B7D
:1053BC00284603F00F01FEF7E7F9059B284603F09A
:1053CC000F01FEF7E1F903992846FEF7DDF9019A82
:1053DC00BBF1000F4AD008F1FF390BEB080A01971B
:1053EC000AF1FF384F46029217F8013F1B0945EAB4
:1053FC00836949F00071C4F80090216000BF00BFC0
:10540C00FEF7B8F9C4F8009000BF00BFFEF7B2F980
:10541C003B7803F00F0345EA836949F00071C4F847
:10542C000090216000BF00BFFEF7A4F9C4F8009003
:10543C0000BF00BFFEF79EF94745D5D10F4BDDE904
:10544C0001721D68B2EB0B02256013D05F44D0468D
:10545C003B0B4FEA175A04933B0A4FEA1749029346
:10546C003B09059307F00F0303936AE7034B1D6891
:10547C00256066E707B0BDE8F08F704770450020E7
:10548C00B445002000C00042F0140020F4140020A9
:10549C002DE9F04180460F460725164E47FA05F4D4
:1054AC00A40604F0806444EA080444F000733460F9
:1054BC00336000BF00BF00BF00BF00BF00BF00BF14
:1054CC0000BF00BF00BF00BF00BFFEF753F9346040
:1054DC0000BF00BF00BF00BF00BF00BF00BF00BFC8
:1054EC0000BF00BF00BF00BFFEF744F9013DD5D29D
:1054FC00BDE8F08100C00042002A6FD0384B2DE986
:10550C00F04F904685B0C2B21B680E46354D0392E3
:10551C004FEA104B4246DFF8DC9080464FEA102AE7
:10552C000193D9F80410304B41F07D512F4C186881
:10553C002F4BC9F8041090421968019B28BF1046E4
:10554C001C43074624EA010424F0785444F04054E8
:10555C00C9F80040296841B1002100BF01312B6816
:10556C009942FAD31E4B1B680193022120460292EA
:10557C00FFF78EFF5FFA8BF12046FFF789FF20467D
:10558C005FFA8AF1FFF784FF03992046FFF780FF4B
:10559C00029AE7B107EB060B013E02920BF1FF3AC0
:1055AC0016F8011F2046FFF773FF5645F8D1DDE9C9
:1055BC000132D21BC9F800300DD0B8445E465FFAF8
:1055CC0088F34FEA184B4FEA182A0393A9E7019B7B
:1055DC00C9F80030A5E705B0BDE8F08F704700BFF3
:1055EC0070450020B4450020F0140020000140015B
:1055FC00F414002000C00042002A00F0AD80574B8C
:10560C002DE9F04F1D6885B0030C82460E46DFF87D
:10561C005CB103934FEA1029C3B2514F514C029322
:10562C00616845F00125504B41F07D5145F48005F2
:10563C0018686160DBF80010904225EA010528BF6C
:10564C00104625F07855804645F04050206039686A
:10565C0039B14FF0000C00BF0CF1010C3B689C45BC
:10566C00F9D3032101920090FFF712FF9DF80C1063
:10567C000098FFF70DFF00985FFA89F1FFF708FF1C
:10568C0002990098FFF704FF616821F00061DDE9E1
:10569C0000026160B8F1000F53D008EB060C45F026
:1056AC004855013E0CF1FF3908214FF0000E2560E2
:1056BC0000BF00BF00BF00BF00BF00BF00BF00BFE6
:1056CC0000BF00BF00BF00BF00BF00BF00BF00BFD6
:1056DC0000BF00BF00BF00BFA3682060C3F3C0635E
:1056EC0043EA4E0E00BF00BF00BF00BF00BF00BFAB
:1056FC0000BF00BF00BF00BF00BF00BF00BF00BFA6
:10570C0000BF00BF00BF00BF00BF00BF0139CED13A
:10571C0006F801EF4E45C7D1104BB2EB08021D68DD
:10572C002560616841F07D51616012D0C2446646CB
:10573C004FEA1A434FEA1A2903935FFA8AF302934A
:10574C006EE7064B1D682560616841F07D51616014
:10575C0066E705B0BDE8F08F704700BF70450020CC
:10576C00B445002000C00042F0140020F4140020C6
:10577C002DE9F04F87B005910092002A00F0CF8000
:10578C006C4B8346DFF8BC911E68030CDFF8B881C4
:10579C000493030A684C0393C3B20293636846F004
:1057AC000126664A43F07D5346F480061168636017
:1057BC00009B634A8B4228BF0B46116826EA010600
:1057CC0026F0785646F040552560D9F8001031B1D6
:1057DC00002000BF0130D9F800209042F9D30B21F2
:1057EC0028460193FFF754FE9DF810102846FFF74A
:1057FC004FFE9DF80C102846FFF74AFE02992846EA
:10580C00FFF746FE6168019B21F000616160D8F8EA
:10581C00001000292BD046F0485A002701963E462E
:10582C0057469A46276000BF00BF00BF00BF00BFAD
:10583C0000BF00BF00BF00BF00BF00BF00BFFDF72F
:10584C0099FF256000BF00BF00BF00BF00BF00BFB5
:10585C0000BF00BF00BF00BF00BF00BFFDF78AFF45
:10586C000136D8F80020B242DCD85346019E002BFA
:10587C0058D0059A46F048569818571E00F1FF3E2E
:10588C0008214FF0000C266000BF00BF00BF00BF16
:10589C0000BF00BF00BF00BF00BF00BF00BF00BF04
:1058AC0000BF00BF00BF00BF00BF00BF00BF00BFF4
:1058BC00A2682560C2F3C06242EA4C0C00BF00BF74
:1058CC0000BF00BF00BF00BF00BF00BF00BF00BFD4
:1058DC0000BF00BF00BF00BF00BF00BF00BF00BFC4
:1058EC0000BF00BF0139CED107F801CF7745C7D132
:1058FC00104A1668009A26606168D21A41F07D51F0
:10590C00616000920BD09B4405904FEA1B430493BB
:10591C004FEA1B2303935FFA8BF302933EE707B026
:10592C00BDE8F08F034B1E682660636843F07D531F
:10593C00636033E77045002000C00042F014002083
:10594C00F4140020B4450020FC14002008B500BF5E
:10595C0000BF00BF00BFFDF70DFF08BD38B540EA22
:10596C008164074D44F000732C602B6000BF00BFB6
:10597C00FFF7ECFF2C6000BF00BFFFF7E7FF38BD5F
:10598C0000C000422DE9F04F89B00192002A00F0CE
:10599C00E880794A03460E46DFF8F0811568020D5F
:1059AC00764F0692020C764C0592020B0492020A78
:1059BC0002920209079200F00F020392626845F00E
:1059CC000125704942F07D5245F4800509686260FA
:1059DC00019A8A4228BF0A4692466B4A126825EA07
:1059EC00020525F078552560D8F8002032B1002248
:1059FC0000BF0132D8F800108A42F9D30E21284694
:105A0C000093FFF7ABFF0B212846FFF7A7FF069B80
:105A1C00284603F00F01FFF7A1FF059B284603F072
:105A2C000F01FFF79BFF049B284603F00F01FFF7C4
:105A3C0095FF029B284603F00F01FFF78FFF079B92
:105A4C00284603F00F01FFF789FF03992846FFF75B
:105A5C0085FF6268009B22F0705262603A68F2B176
:105A6C00B3464FF0000945F000760093266000BF66
:105A7C0000BF00BF00BF00BF00BFFDF77BFE25606D
:105A8C0000BF00BF00BF00BF00BF00BFFDF772FE2C
:105A9C0009F101093A684A45E8D8009B5E46BAF11B
:105AAC00000F61D00AEB060006F1FF3BCDF808A011
:105ABC0045F00076421EDA460092CDE903302660AE
:105ACC0000BF00BF00BF00BF00BF00BFFDF752FE0C
:105ADC00D4F80890256000BF00BF00BF00BF00BF16
:105AEC0000BFFDF747FE266000BF00BF00BF00BF30
:105AFC0000BF00BFFDF73EFED4F808B0256000BF24
:105B0C0000BF00BF00BF00BF00BFFDF733FECBF3EB
:105B1C0083634FEA996143EA01130AF8013F009B42
:105B2C009A45CCD1144A04981568DDE902A3256086
:105B3C00626842F07D526260019AB2EB0A020192F5
:105B4C000FD0534406461A0D06921A0C05921A0BE6
:105B5C0004921A0A02921A09079203F00F02039296
:105B6C002CE709B0BDE8F08F034A15682560626820
:105B7C0042F07D52626021E770450020F81400204D
:105B8C0000C00042F0140020F4140020B4450020A2
:105B9C00002A00F0C4802DE9F04F9046604A87B08F
:105BAC0007461568020B5F4E4FEA105A0592020A1F
:105BBC004FEA10495C4C03920209029200F00F026A
:105BCC00049242468846616845F00125574B41F0E6
:105BDC007D5145F480051868554B616090421968F9
:105BEC0028BF104625EA0105834625F07855256027
:105BFC00316829B1002100BF013133689942FAD3D1
:105C0C00032128460192FFF7A9FE08212846FFF739
:105C1C00A5FE0AF00F012846FFF7A0FE09F00F01C0
:105C2C002846FFF79BFE059B284603F00F01FFF764
:105C3C0095FE039B284603F00F01FFF78FFE029B96
:105C4C00284603F00F01FFF789FE04992846FFF759
:105C5C0085FE019ABBF1000F5AD008F1FF390BEB0E
:105C6C00080A01970AF1FF384F46029217F8013FD4
:105C7C001B0945EA836949F00071C4F80090216062
:105C8C0000BF00BF00BF00BF00BF00BFFDF772FD2B
:105C9C00C4F8009000BF00BF00BF00BF00BF00BF32
:105CAC00FDF768FD3B7803F00F0345EA836949F083
:105CBC000071C4F80090216000BF00BF00BF00BF9E
:105CCC0000BF00BFFDF756FDC4F8009000BF00BF39
:105CDC0000BF00BF00BF00BFFDF74CFD4745C5D15D
:105CEC000F4BDDE901721D68B2EB0B02256013D07E
:105CFC005F44D0463B0B4FEA175A05933B0A4FEAD9
:105D0C00174903933B09029307F00F0304935AE7D7
:105D1C00034B1D68256056E707B0BDE8F08F704750
:105D2C0070450020B445002000C00042F014002053
:105D3C00F41400202DE9F04180460F460725164E3D
:105D4C0047FA05F4A40604F0806444EA080444F01D
:105D5C0000733460336000BF00BF00BF00BF00BFE2
:105D6C0000BF00BF00BF00BF00BF00BF00BFFFF7F8
:105D7C00EDFD346000BF00BF00BF00BF00BF00BF1F
:105D8C0000BF00BF00BF00BF00BF00BFFFF7DEFDBC
:105D9C00013DD5D2BDE8F08100C00042002A6FD091
:105DAC00384B2DE9F04F904685B0C2B21B680E46B9
:105DBC00354D03924FEA104B4246DFF8DC9080469B
:105DCC004FEA102A0193D9F80410304B41F07D5161
:105DDC002F4C18682F4BC9F8041090421968019B7E
:105DEC0028BF10461C43074624EA010424F07854CB
:105DFC0044F04054C9F80040296841B1002100BF6B
:105E0C0001312B689942FAD31E4B1B680193022176
:105E1C0020460292FFF78EFF5FFA8BF12046FFF7C8
:105E2C0089FF20465FFA8AF1FFF784FF0399204629
:105E3C00FFF780FF029AE7B107EB060B013E0292D7
:105E4C000BF1FF3A16F8011F2046FFF773FF56457A
:105E5C00F8D1DDE90132D21BC9F800300DD0B844BD
:105E6C005E465FFA88F34FEA184B4FEA182A039301
:105E7C00A9E7019BC9F80030A5E705B0BDE8F08F94
:105E8C00704700BF70450020B4450020F01400207E
:105E9C0000014001F414002000C00042002A00F070
:105EAC00B5805B4B2DE9F04F1D6885B0030C824625
:105EBC000E46DFF86CB102934FEA1029C3B2554F6E
:105ECC00554C0393616845F00125544B41F07D51CD
:105EDC0045F4800518686160DBF80010904225EAF3
:105EEC00010528BF104625F07855804645F04050F6
:105EFC002060396839B14FF0000C00BF0CF1010C77
:105F0C003B689C45F9D3032101920090FFF712FFE7
:105F1C009DF808100098FFF70DFF00985FFA89F1C3
:105F2C00FFF708FF03990098FFF704FF616821F061
:105F3C000061DDE900026160B8F1000F5BD008EB95
:105F4C00060C45F04855013E0CF1FF3908214FF085
:105F5C00000E256000BF00BF00BF00BF00BF00BF28
:105F6C0000BF00BF00BF00BF00BF00BF00BF00BF2D
:105F7C0000BF00BF00BF00BF00BF00BF00BF00BF1D
:105F8C0000BF00BFA3682060C3F3C06343EA4E0E9A
:105F9C0000BF00BF00BF00BF00BF00BF00BF00BFFD
:105FAC0000BF00BF00BF00BF00BF00BF00BF00BFED
:105FBC0000BF00BF00BF00BF00BF00BF00BF00BFDD
:105FCC000139C6D106F801EF4E45BFD1104BB2EBEB
:105FDC0008021D682560616841F07D51616012D036
:105FEC00C24466464FEA1A434FEA1A2902935FFAF3
:105FFC008AF3039366E7064B1D682560616841F0E0
:10600C007D5161605EE705B0BDE8F08F704700BF61
:10601C0070450020B445002000C00042F014002060
:10602C00F41400202DE9F04F87B005910092002A5E
:10603C0000F0DF80744B8346DFF8DC911E68030CA4
:10604C00DFF8D8810393030A704C0293C3B2049314
:10605C00636846F001266E4A43F07D5346F4800691
:10606C0011686360009B6B4A8B4228BF0B4611681A
:10607C0026EA010626F0785646F040552560D9F8F8
:10608C00001031B1002000BF0130D9F8002090423F
:10609C00F9D30B2128460193FFF74CFE9DF80C1009
:1060AC002846FFF747FE9DF808102846FFF742FEEA
:1060BC0004992846FFF73EFE6168019B21F00061C0
:1060CC006160D8F80010002933D046F0485A0027F8
:1060DC0001963E4657469A46276000BF00BF00BF58
:1060EC0000BF00BF00BF00BF00BF00BF00BF00BFAC
:1060FC0000BF00BF00BF00BF00BFFDF73BFB25602A
:10610C0000BF00BF00BF00BF00BF00BF00BF00BF8B
:10611C0000BF00BF00BF00BF00BF00BF00BF00BF7B
:10612C00FDF728FB0136D8F80020B242D4D85346EC
:10613C00019E002B60D0059A46F048569818571EC1
:10614C0000F1FF3E08214FF0000C266000BF00BF9D
:10615C0000BF00BF00BF00BF00BF00BF00BF00BF3B
:10616C0000BF00BF00BF00BF00BF00BF00BF00BF2B
:10617C0000BF00BF00BF00BF00BF00BFA26825600A
:10618C00C2F3C06242EA4C0C00BF00BF00BF00BFAC
:10619C0000BF00BF00BF00BF00BF00BF00BF00BFFB
:1061AC0000BF00BF00BF00BF00BF00BF00BF00BFEB
:1061BC0000BF00BF00BF00BF0139C6D107F801CF37
:1061CC007745BFD1104A1668009A26606168D21ACA
:1061DC0041F07D51616000920BD09B4405904FEAD9
:1061EC001B4303934FEA1B2302935FFA8BF3049335
:1061FC002EE707B0BDE8F08F034B1E68266063687E
:10620C0043F07D53636023E77045002000C00042DB
:10621C00F0140020F4140020B4450020FC140020DD
:10622C002DE9F04180460F4607251E4E47FA05F42E
:10623C00A40604F0806444EA080444F0007334605B
:10624C00336000BF00BF00BF00BF00BF00BF00BF76
:10625C0000BF00BF00BF00BF00BF00BF00BF00BF3A
:10626C0000BF00BF00BF00BF00BFFFF76FFB346073
:10627C0000BF00BF00BF00BF00BF00BF00BF00BF1A
:10628C0000BF00BF00BF00BF00BF00BF00BF00BF0A
:10629C0000BF00BF00BF00BFFFF758FB013DC5D2D8
:1062AC00BDE8F08100C00042002A6FD0384B2DE9C8
:1062BC00F04F904685B0C2B21B680E46354D039226
:1062CC004FEA104B4246DFF8DC9080464FEA102A2A
:1062DC000193D9F80410304B41F07D512F4C1868C4
:1062EC002F4BC9F8041090421968019B28BF104627
:1062FC001C43074624EA010424F0785444F040542B
:10630C00C9F80040296841B1002100BF01312B6858
:10631C009942FAD31E4B1B6801930221204602922C
:10632C00FFF77EFF5FFA8BF12046FFF779FF2046DF
:10633C005FFA8AF1FFF774FF03992046FFF770FFAD
:10634C00029AE7B107EB060B013E02920BF1FF3A02
:10635C0016F8011F2046FFF763FF5645F8D1DDE91B
:10636C000132D21BC9F800300DD0B8445E465FFA3A
:10637C0088F34FEA184B4FEA182A0393A9E7019BBD
:10638C00C9F80030A5E705B0BDE8F08F704700BF35
:10639C0070450020B4450020F0140020000140019D
:1063AC00F414002000C00042002A00F0C580634BAA
:1063BC002DE9F04F1D6885B0030C82460E46DFF8C0
:1063CC008CB102934FEA1029C3B25D4F5D4C03931D
:1063DC00616845F001255C4B41F07D5145F4800529
:1063EC0018686160DBF80010904225EA010528BFAF
:1063FC00104625F07855804645F0405020603968AD
:10640C0039B14FF0000C00BF0CF1010C3B689C45FE
:10641C00F9D3032101920090FFF702FF9DF80810B9
:10642C000098FFF7FDFE00985FFA89F1FFF7F8FE80
:10643C0003990098FFF7F4FE616821F00061DDE933
:10644C0000026160B8F1000F6BD008EB060C45F050
:10645C004855013E0CF1FF3908214FF0000E256024
:10646C0000BF00BF00BF00BF00BF00BF00BF00BF28
:10647C0000BF00BF00BF00BF00BF00BF00BF00BF18
:10648C0000BF00BF00BF00BF00BF00BF00BF00BF08
:10649C0000BF00BF00BF00BF00BF00BF00BF00BFF8
:1064AC00A3682060C3F3C06343EA4E0E00BF00BF75
:1064BC0000BF00BF00BF00BF00BF00BF00BF00BFD8
:1064CC0000BF00BF00BF00BF00BF00BF00BF00BFC8
:1064DC0000BF00BF00BF00BF00BF00BF00BF00BFB8
:1064EC0000BF00BF00BF00BF00BF00BF0139B6D165
:1064FC0006F801EF4E45AFD1104BB2EB08021D6808
:10650C002560616841F07D51616012D0C2446646DD
:10651C004FEA1A434FEA1A2902935FFA8AF303935C
:10652C0056E7064B1D682560616841F07D5161603E
:10653C004EE705B0BDE8F08F704700BF70450020F6
:10654C00B445002000C00042F0140020F4140020D8
:10655C002DE9F04F87B005910092002A00F0FF80E2
:10656C00844B8346DFF81C921E68030CDFF81882FC
:10657C000393030A804C0293C3B20493636846F0FE
:10658C0001267E4A43F07D5346F480061168636011
:10659C00009B7B4A8B4228BF0B46116826EA0106FA
:1065AC0026F0785646F040552560D9F8001031B1E8
:1065BC00002000BF0130D9F800209042F9D30B2104
:1065CC0028460193FFF72CFE9DF80C102846FFF788
:1065DC0027FE9DF808102846FFF722FE049928464E
:1065EC00FFF71EFE6168019B21F000616160D8F825
:1065FC000010002943D046F0485A002701963E4629
:10660C0057469A46276000BF00BF00BF00BF00BFBF
:10661C0000BF00BF00BF00BF00BF00BF00BF00BF76
:10662C0000BF00BF00BF00BF00BF00BF00BF00BF66
:10663C0000BF00BF00BFFDF79DF8256000BF00BF85
:10664C0000BF00BF00BF00BF00BF00BF00BF00BF46
:10665C0000BF00BF00BF00BF00BF00BF00BF00BF36
:10666C0000BF00BF00BF00BF00BF00BFFDF782F836
:10667C000136D8F80020B242C4D85346019E002BF4
:10668C0070D0059A46F048569818571E00F1FF3EF8
:10669C0008214FF0000C266000BF00BF00BF00BFF8
:1066AC0000BF00BF00BF00BF00BF00BF00BF00BFE6
:1066BC0000BF00BF00BF00BF00BF00BF00BF00BFD6
:1066CC0000BF00BF00BF00BF00BF00BF00BF00BFC6
:1066DC0000BF00BF00BF00BFA2682560C2F3C0624C
:1066EC0042EA4C0C00BF00BF00BF00BF00BF00BFA0
:1066FC0000BF00BF00BF00BF00BF00BF00BF00BF96
:10670C0000BF00BF00BF00BF00BF00BF00BF00BF85
:10671C0000BF00BF00BF00BF00BF00BF00BF00BF75
:10672C0000BF00BF0139B6D107F801CF7745AFD113
:10673C00104A1668009A26606168D21A41F07D51A1
:10674C00616000920BD09B4405904FEA1B4303936E
:10675C004FEA1B2302935FFA8BF304930EE707B007
:10676C00BDE8F08F034B1E682660636843F07D53D1
:10677C00636003E77045002000C00042F014002065
:10678C00F4140020B4450020FC1400202DE9F04F37
:10679C0087B00092002A00F00081834B8046834E24
:1067AC004FEA105B1D68030C814C00F00F0A059337
:1067BC00030B0F460493030A0393030902936168C6
:1067CC0045F001257B4B41F07D5145F4800518685F
:1067DC0061600099784B814228BF0146186825EA10
:1067EC00000525F078552560306838B14FF0000C65
:1067FC0000BF0CF1010C33689C45F9D345F0606384
:10680C0045F040690191C4F800902360FFF79EF8B1
:10681C00C4F80090FFF79AF845F0005945F008537A
:10682C00C4F800902360FFF791F8C4F80090FFF7CC
:10683C008DF80BF00F0045EA806949F00073C4F83D
:10684C0000902360FFF782F8C4F80090FFF77EF801
:10685C00059B03F00F0045EA806949F00073C4F80A
:10686C0000902360FFF772F8C4F80090FFF76EF801
:10687C00049B03F00F0045EA806949F00073C4F8EB
:10688C0000902360FFF762F8C4F80090FFF75EF801
:10689C00039B03F00F0045EA806949F00073C4F8CC
:1068AC0000902360FFF752F8C4F80090FFF74EF801
:1068BC00029B03F00F0045EA806949F00073C4F8AD
:1068CC0000902360FFF742F8C4F8009045EA8A690B
:1068DC00FFF73CF849F00073C4F800902360FFF711
:1068EC0035F8C4F80090FFF731F80199002957D01A
:1068FC0001EB070BCDF804808A4607F1FF380BF14A
:10690C00FF3918F8017F3F0945EA876747F00072A5
:10691C002760226000BF00BF00BF00BFFCF72AFF4A
:10692C00276000BF00BF00BF00BFFCF723FF98F833
:10693C00007007F00F0745EA876747F00072276081
:10694C00226000BF00BF00BF00BFFCF713FF276031
:10695C0000BF00BF00BF00BFFCF70CFFC845D0D183
:10696C00114BDDF804801D68009B2560B3EB0A0316
:10697C00009312D0D0445F464FEA184308F00F0A38
:10698C004FEA185B05934FEA183304934FEA182328
:10699C0003934FEA1813029311E707B0BDE8F08F89
:1069AC00014B1D6825600AE770450020B4450020A6
:1069BC0000C00042F0140020F41400202DE9F04F28
:1069CC0089B00192002A00F029819A4B0E46DFF81B
:1069DC0078821D68030D984F0793030C974C069310
:1069EC00030B0593030A03930309029300F00F03AF
:1069FC000493636845F00125914A43F07D5345F4B7
:106A0C00800512686360019B934228BF13469A4627
:106A1C008C4B1B6825EA030525F078552560D8F8C2
:106A2C00003033B1002300BF0133D8F8002093426B
:106A3C00F9D345F0685345F060590090C4F80090C4
:106A4C002360FEF783FFC4F80090FEF77FFF45F04C
:106A5C00305945F03853C4F800902360FEF776FFA8
:106A6C00C4F80090FEF772FF079B03F00F0945EA8C
:106A7C00896949F00073C4F800902360FEF766FF43
:106A8C00C4F80090FEF762FF069B03F00F0945EA7D
:106A9C00896949F00073C4F800902360FEF756FF33
:106AAC00C4F80090FEF752FF059B03F00F0945EA6E
:106ABC00896949F00073C4F800902360FEF746FF23
:106ACC00C4F80090FEF742FF039B03F00F0945EA60
:106ADC00896949F00073C4F800902360FEF736FF13
:106AEC00C4F80090FEF732FF029B03F00F0945EA51
:106AFC00896949F00073C4F800902360FEF726FF03
:106B0C00C4F80090FEF722FF049B45EA836949F024
:106B1C000073C4F800902360FEF718FFC4F80090CF
:106B2C00FEF714FF6368009823F0705363603B68B2
:106B3C00D3B1B3464FF0000945F0007600902660C3
:106B4C0000BF00BF00BF00BFFCF714FE256000BFF4
:106B5C0000BF00BF00BFFCF70DFE09F101093A6848
:106B6C004A45ECD800985E46BAF1000F59D00AEBB2
:106B7C00060106F1FF3BCDF808A045F000764B1E50
:106B8C00DA460093CDE90301266000BF00BF00BFC9
:106B9C0000BFFCF7EFFDD4F80890256000BF00BFE4
:106BAC0000BF00BFFCF7E6FD266000BF00BF00BFC2
:106BBC0000BFFCF7DFFDD4F808B0256000BF00BFB4
:106BCC0000BF00BFFCF7D6FDCBF383634FEA99619E
:106BDC0043EA01130AF8013F009B9A45D4D1154BA7
:106BEC0004991D68DDE902A02560636843F07D53BC
:106BFC006360019BB3EB0A0301930FD050440E4624
:106C0C00030D0793030C0693030B0593030A0393DD
:106C1C000309029300F00F030493EAE609B0BDE800
:106C2C00F08F044B1D682560636843F07D536360EF
:106C3C00DFE600BF70450020F814002000C00042C1
:106C4C00F0140020F4140020B445002038B540EABC
:106C5C008164094D44F000732C602B6000BF00BFB1
:106C6C0000BF00BFFEF772FE2C6000BF00BF00BF6C
:106C7C0000BFFEF76BFE38BD00C0004208B500BF78
:106C8C0000BF00BF00BFFEF761FE08BD2DE9F04F4D
:106C9C0087B00092002A00F01C81914B8046914EE7
:106CAC004FEA105B1D68030C8F4C00F00F0A059324
:106CBC00030B0F460493030A0393030902936168C1
:106CCC0045F00125894B41F07D5145F4800518684C
:106CDC0061600099864B814228BF0146186825EAFD
:106CEC00000525F078552560306838B14FF0000C60
:106CFC0000BF0CF1010C33689C45F9D345F0406999
:106D0C0045F060630191C4F80090236000BF00BFA0
:106D1C0000BF00BFFEF71AFEC4F8009000BF00BF12
:106D2C0000BF00BFFEF712FE45F0005945F00853B6
:106D3C00C4F800902360FFF7A1FFC4F8009000BFD7
:106D4C0000BF00BF00BFFEF701FE0BF00F0045EACD
:106D5C00806949F00073C4F800902360FFF78EFF40
:106D6C00C4F80090FFF78AFF059B03F00F0045EA7B
:106D7C00806949F00073C4F800902360FFF77EFF30
:106D8C00C4F80090FFF77AFF049B03F00F0045EA6C
:106D9C00806949F00073C4F800902360FFF76EFF20
:106DAC00C4F80090FFF76AFF039B03F00F0045EA5D
:106DBC00806949F00073C4F800902360FFF75EFF10
:106DCC00C4F80090FFF75AFF029B03F00F0045EA4E
:106DDC00806949F00073C4F800902360FFF74EFF00
:106DEC00C4F8009045EA8A69FFF748FF49F0007340
:106DFC00C4F800902360FFF741FFC4F80090FFF740
:106E0C003DFF0199002967D001EB070BCDF80480F9
:106E1C008A4607F1FF380BF1FF3918F8017F3F095B
:106E2C0045EA876747F000722760226000BF00BF09
:106E3C0000BF00BF00BF00BF00BF00BFFCF79AFC43
:106E4C00276000BF00BF00BF00BF00BF00BF00BF76
:106E5C0000BFFCF78FFC98F8007007F00F0745EAAD
:106E6C00876747F000722760226000BF00BF00BF39
:106E7C0000BF00BF00BF00BF00BFFCF77BFC27605A
:106E8C0000BF00BF00BF00BF00BF00BF00BF00BFFE
:106E9C00FCF770FCC845C0D1114BDDF804801D68AF
:106EAC00009B2560B3EB0A03009312D0D0445F46DD
:106EBC004FEA184308F00F0A4FEA185B05934FEAA4
:106ECC00183304934FEA182303934FEA18130293D1
:106EDC00F5E607B0BDE8F08F014B1D682560EEE6C6
:106EEC0070450020B445002000C00042F014002082
:106EFC00F41400202DE9F04F89B00192002A00F023
:106F0C0014818F4A03460E46DFF848821568020D3D
:106F1C008C4F0292020C8C4C0792020B0692020AC6
:106F2C0004920209039200F00F020592626845F088
:106F3C000125864942F07D5245F48005096862605E
:106F4C00019A8A4228BF0A469246814A126825EA6B
:106F5C00020525F078552560D8F8002032B10022C2
:106F6C0000BF0132D8F800108A42F9D345F06059BD
:106F7C0045F068520093C4F800902260FFF77EFE43
:106F8C00C4F8009000BF00BF00BF00BFFEF7DEFCDE
:106F9C0045F0305945F03852C4F800902260FFF7A4
:106FAC006DFEC4F80090FFF769FE029B03F00F0919
:106FBC0045EA896949F00072C4F800902260FFF735
:106FCC005DFEC4F80090FFF759FE079B284603F0BE
:106FDC000F01FFF73BFE069B284603F00F01FFF75E
:106FEC0035FE049B284603F00F01FFF72FFE039B91
:106FFC00284603F00F01FFF729FE05992846FFF7F5
:10700C0025FE6268009B22F0705262603A6812B3EF
:10701C00B3464FF0000945F000760093266000BFA0
:10702C0000BF00BF00BF00BF00BF00BF00BFFCF728
:10703C00A1FB256000BF00BF00BF00BF00BF00BFA9
:10704C0000BF00BFFCF796FB09F101093A684A45FD
:10705C00E4D8009B5E46BAF1000F69D00AEB06003B
:10706C0006F1FF3BCDF808A045F00076421EDA464B
:10707C000092CDE90330266000BF00BF00BF00BF07
:10708C0000BF00BF00BF00BFFCF774FBD4F8089032
:10709C00256000BF00BF00BF00BF00BF00BF00BF26
:1070AC0000BFFCF767FB266000BF00BF00BF00BF3E
:1070BC0000BF00BF00BF00BFFCF75CFBD4F808B0FA
:1070CC00256000BF00BF00BF00BF00BF00BF00BFF6
:1070DC0000BFFCF74FFBCBF383634FEA996143EAA4
:1070EC0001130AF8013F009B9A45C4D1144A049835
:1070FC001568DDE902A32560626842F07D5262608A
:10710C00019AB2EB0A0201920FD0534406461A0DB3
:10711C0002921A0C07921A0B06921A0A04921A0976
:10712C00039203F00F02059200E709B0BDE8F08F5F
:10713C00034A15682560626842F07D526260F5E68C
:10714C0070450020F814002000C00042F01400200C
:10715C00F4140020B445002008B500BF00BF00BFE8
:10716C0000BF00BF00BF00BF00BFFEF7EFFB08BDB4
:10717C002DE9F04F87B00092002A00F02081934B4C
:10718C008046934E4FEA105B1D68030C914C00F047
:10719C000F0A0593030B0F460493030A0393030989
:1071AC000293616845F001258B4B41F07D5145F40C
:1071BC008005186861600099884B814228BF0146A0
:1071CC00186825EA000525F078552560306838B137
:1071DC004FF0000C00BF0CF1010C33689C45F9D347
:1071EC0045F0606345F040690191C4F8009023605C
:1071FC00FFF7B2FFC4F80090FFF7AEFF45F000595F
:10720C0045F00853C4F800902360FFF7A5FFC4F8BD
:10721C000090FFF7A1FF0BF00F0045EA806949F0E1
:10722C000073C4F800902360FFF796FFC4F8009039
:10723C00FFF792FF059B03F00F0045EA806949F0C8
:10724C000073C4F800902360FFF786FFC4F8009029
:10725C00FFF782FF049B03F00F0045EA806949F0B9
:10726C000073C4F800902360FFF776FFC4F8009019
:10727C00FFF772FF039B03F00F0045EA806949F0AA
:10728C000073C4F800902360FFF766FFC4F8009009
:10729C00FFF762FF029B03F00F0045EA806949F09B
:1072AC000073C4F800902360FFF756FFC4F80090F9
:1072BC0045EA8A69FFF750FF49F00073C4F8009063
:1072CC002360FFF749FFC4F80090FFF745FF0199D1
:1072DC00002977D001EB070BCDF804808A4607F123
:1072EC00FF380BF1FF3918F8017F3F0945EA876732
:1072FC0047F000722760226000BF00BF00BF00BFD4
:10730C0000BF00BF00BF00BF00BF00BF00BF00BF79
:10731C00FCF730FA276000BF00BF00BF00BF00BF02
:10732C0000BF00BF00BF00BF00BF00BF00BFFCF725
:10733C0021FA98F8007007F00F0745EA876747F0C5
:10734C0000722760226000BF00BF00BF00BF00BFFB
:10735C0000BF00BF00BF00BF00BF00BF00BFFCF7F5
:10736C0009FA276000BF00BF00BF00BF00BF00BF0D
:10737C0000BF00BF00BF00BF00BF00BFFCF7FAF9A1
:10738C00C845B0D1114BDDF804801D68009B256009
:10739C00B3EB0A03009312D0D0445F464FEA184374
:1073AC0008F00F0A4FEA185B05934FEA1833049361
:1073BC004FEA182303934FEA18130293F1E607B030
:1073CC00BDE8F08F014B1D682560EAE67045002092
:1073DC00B445002000C00042F0140020F41400203A
:1073EC002DE9F04F89B00192002A00F05B81AF4B80
:1073FC000E46DFF8CC821D68030DAD4F0793030CCE
:10740C00AC4C0693030B0593030A039303090293F5
:10741C0000F00F030493636845F00125A64A43F07E
:10742C007D5345F4800512686360019B934228BF2D
:10743C0013469A46A14B1B6825EA030525F078559F
:10744C002560D8F8003033B1002300BF0133D8F8E1
:10745C0000209342F9D345F0685345F060590090F1
:10746C00C4F800902360FFF777FEC4F80090FFF794
:10747C0073FE45F0305945F03853C4F80090236042
:10748C00FFF76AFEC4F80090FFF766FE079B03F057
:10749C000F0945EA896949F00073C4F8009023602C
:1074AC00FFF75AFEC4F80090FFF756FE069B03F058
:1074BC000F0945EA896949F00073C4F8009023600C
:1074CC00FFF74AFEC4F80090FFF746FE059B03F059
:1074DC000F0945EA896949F00073C4F800902360EC
:1074EC00FFF73AFEC4F80090FFF736FE039B03F05B
:1074FC000F0945EA896949F00073C4F800902360CC
:10750C00FFF72AFEC4F80090FFF726FE029B03F05B
:10751C000F0945EA896949F00073C4F800902360AB
:10752C00FFF71AFEC4F80090FFF716FE049B45EA1D
:10753C00836949F00073C4F800902360FFF70CFED8
:10754C00C4F80090FFF708FE6368009823F07053AE
:10755C0063603B68002B2AD0B3464FF0000945F01E
:10756C0000760090266000BF00BF00BF00BF00BFC8
:10757C0000BF00BF00BF00BF00BF00BF00BFFCF7D3
:10758C00F9F8256000BF00BF00BF00BF00BF00BFFF
:10759C0000BF00BF00BF00BF00BF00BFFCF7EAF890
:1075AC0009F101093A684A45DCD800985E46BAF1FF
:1075BC00000F00F087800AEB060106F1FF3BCDF8C7
:1075CC0008A045F000764B1EDA460093CDE9030186
:1075DC00266000BF00BF00BF00BF00BF00BF00BFE0
:1075EC0000BF00BF00BF00BF00BFFCF7C3F8D4F85A
:1075FC000890256000BF00BF00BF00BF00BF00BFE8
:10760C0000BF00BF00BF00BF00BF00BFFCF7B2F857
:10761C00266000BF00BF00BF00BF00BF00BF00BF9F
:10762C0000BF00BF00BF00BF00BFFCF7A3F8D4F839
:10763C0008B0256000BF00BF00BF00BF00BF00BF87
:10764C0000BF00BF00BF00BF00BF00BFFCF792F837
:10765C00CBF383634FEA996143EA01130AF8013FC4
:10766C00009B9A45B4D1114B04991D68DDE902A029
:10767C002560636843F07D536360019BB3EB0A03A1
:10768C0001930FD050440E46030D0793030C069341
:10769C00030B0593030A03930309029300F00F03F2
:1076AC000493B8E609B0BDE8F08F00BF7045002028
:1076BC00F814002000C00042F0140020F414002044
:1076CC00B4450020034B1D682560636843F07D536F
:1076DC006360A0E67045002038B540EA8164094D2E
:1076EC0044F000732C602B6000BF00BF00BF00BFD4
:1076FC00FFF732FD2C6000BF00BF00BF00BFFFF7DB
:10770C002BFD38BD00C0004208B500BF00BF00BF54
:10771C0000BFFFF721FD08BD2DE9F04F89B00192A4
:10772C00002A00F03881A14A03460E46DFF8908209
:10773C001568020D9E4F0792020C9E4C0692020B8E
:10774C000592020A03920209029200F00F020492BF
:10775C00626845F00125984942F07D5245F4800558
:10776C0009686260019A8A4228BF0A469246934A87
:10777C00126825EA020525F078552560D8F8002016
:10778C0032B1002200BF0132D8F800108A42F9D37E
:10779C0045F0685245F060590093C4F8009022609F
:1077AC00FFF7B2FFC4F80090FFF7AEFF45F0305979
:1077BC0045F03852C4F800902260FFF7A5FFC4F8DA
:1077CC000090FFF7A1FF079B284603F00F01FFF77E
:1077DC0083FF069B284603F00F01FFF77DFF059BF7
:1077EC00284603F00F01FFF777FF039B284603F0B1
:1077FC000F01FFF771FF029B284603F00F01FFF703
:10780C006BFF04992846FFF767FF6268009B22F024
:10781C00705262603A68002A32D0B3464FF00009C9
:10782C0045F000760093266000BF00BF00BF00BF8C
:10783C0000BF00BF00BF00BF00BF00BF00BF00BF44
:10784C0000BF00BF00BF00BFFBF794FF256000BF67
:10785C0000BF00BF00BF00BF00BF00BF00BF00BF24
:10786C0000BF00BF00BF00BF00BF00BF00BFFBF7E1
:10787C0081FF09F101093A684A45D4D8009B5E465C
:10788C00BAF1000F00F08A800AEB060006F1FF3B0C
:10789C00CDF808A045F00076421EDA460092CDE9FC
:1078AC000330266000BF00BF00BF00BF00BF00BF99
:1078BC0000BF00BF00BF00BF00BF00BF00BF00BFC4
:1078CC0000BF00BFFBF756FFD4F80890256000BF3F
:1078DC0000BF00BF00BF00BF00BF00BF00BF00BFA4
:1078EC0000BF00BF00BF00BF00BF00BF00BFFBF761
:1078FC0041FF266000BF00BF00BF00BF00BF00BF3C
:10790C0000BF00BF00BF00BF00BF00BF00BF00BF73
:10791C0000BF00BFFBF72EFFD4F808B0256000BFF6
:10792C0000BF00BF00BF00BF00BF00BF00BF00BF53
:10793C0000BF00BF00BF00BF00BF00BF00BFFBF710
:10794C0019FFCBF383634FEA996143EA01130AF8F9
:10795C00013F009B9A45A4D1144A04981568DDE9AF
:10796C0002A32560626842F07D526260019AB2EB1C
:10797C000A0201920FD0534406461A0D07921A0CB4
:10798C0006921A0B05921A0A03921A09029203F034
:10799C000F020492DCE609B0BDE8F08F034A1568CB
:1079AC002560626842F07D526260D1E6704500202D
:1079BC00F814002000C00042F0140020F414002041
:1079CC00B4450020002A00F00D812DE9F04F9046BF
:1079DC00854A87B007461568020B844E4FEA105A49
:1079EC000592020A4FEA1049814C03920209029255
:1079FC0000F00F02049242468846616845F001256A
:107A0C007C4B41F07D5145F4800518687A4B6160E0
:107A1C009042196828BF104625EA0105834625F0D7
:107A2C0078552560316829B1002100BF01313368D8
:107A3C009942FAD345F0406145F0606001922160B3
:107A4C0000912060FFF760FE0099216000BF00BF2D
:107A5C0000BF00BFFFF780FB45F0005145F0085018
:107A6C00216000912060FFF74FFE00992160FFF725
:107A7C004BFE0AF00F012846FFF72EFE09F00F010E
:107A8C002846FFF729FE059B284603F00F01FFF758
:107A9C0023FE039B284603F00F01FFF71DFE029BFC
:107AAC00284603F00F01FFF717FE049B45EA83619C
:107ABC0041F00070216000912060FFF725FE0099D5
:107ACC002160FFF721FE019ABBF1000F00F08380CB
:107ADC0008F1FF390BEB080A00970AF1FF384F4603
:107AEC00019217F8013F1B0945EA836949F00071BF
:107AFC00C4F80090216000BF00BF00BF00BF00BFF2
:107B0C0000BF00BF00BF00BF00BF00BF00BF00BF71
:107B1C0000BF00BF00BFFBF72DFEC4F8009000BFF4
:107B2C0000BF00BF00BF00BF00BF00BF00BF00BF51
:107B3C0000BF00BF00BF00BF00BF00BF00BFFBF70E
:107B4C0019FE3B7803F00F0345EA836949F0007195
:107B5C00C4F80090216000BF00BF00BF00BF00BF91
:107B6C0000BF00BF00BF00BF00BF00BF00BF00BF11
:107B7C0000BF00BF00BFFBF7FDFDC4F8009000BFC5
:107B8C0000BF00BF00BF00BF00BF00BF00BF00BFF1
:107B9C0000BF00BF00BF00BF00BF00BF00BFFBF7AE
:107BAC00E9FD47459DD1104BDDE900721D68B2EB34
:107BBC000B02256013D05F44D0463B0B4FEA175A9B
:107BCC0005933B0A4FEA174903933B09029307F0CD
:107BDC000F03049311E7044B1D6825600DE707B0F4
:107BEC00BDE8F08F704700BF70450020B445002001
:107BFC0000C00042F0140020F414002008B500BFAF
:107C0C0000BF00BF00BF00BF00BF00BF00BF00BF70
:107C1C0000BF00BF00BFFFF79FFA08BD38B540EAB0
:107C2C008164054D44F000732C602B60FFF7E6FF78
:107C3C002C60FFF7E3FF38BD00C000422DE9F04F88
:107C4C0089B00192002A00F076811B4A03460E4649
:107C5C00DFF878801568020D184F0792020C184C4B
:107C6C000692020B0592020A03920209029200F09C
:107C7C000F020492626845F00125124942F07D52D0
:107C8C0045F4800509686260019A8A4228BF0A4659
:107C9C0092460D4A126825EA020525F078552560B2
:107CAC00D8F80020A2B1002200BF0132D8F8001091
:107CBC008A42F9D30CE000BF70450020F814002074
:107CCC0000C00042F0140020F4140020B445002041
:107CDC0045F0685245F060590093C4F8009022605A
:107CEC00FFF78CFFC4F80090FFF788FF45F0305980
:107CFC0045F03852C4F800902260FFF77FFFC4F8BB
:107D0C000090FFF77BFF079B284603F00F01FFF75E
:107D1C0085FF069B284603F00F01FFF77FFF059BAD
:107D2C00284603F00F01FFF779FF039B284603F069
:107D3C000F01FFF773FF029B284603F00F01FFF7BB
:107D4C006DFF04992846FFF769FF6268009B22F0DB
:107D5C00705262603A68002A42D0B3464FF0000974
:107D6C0045F000760093266000BF00BF00BF00BF47
:107D7C0000BF00BF00BF00BF00BF00BF00BF00BFFF
:107D8C0000BF00BF00BF00BF00BF00BF00BF00BFEF
:107D9C0000BF00BF00BF00BFFBF7ECFC256000BFBD
:107DAC0000BF00BF00BF00BF00BF00BF00BF00BFCF
:107DBC0000BF00BF00BF00BF00BF00BF00BF00BFBF
:107DCC0000BF00BF00BF00BF00BF00BF00BFFBF77C
:107DDC00D1FC09F101093A684A45C4D8009B5E46BA
:107DEC00BAF1000F00F0AA800AEB060006F1FF3B87
:107DFC00CDF808A045F00076421EDA460092CDE997
:107E0C000330266000BF00BF00BF00BF00BF00BF33
:107E1C0000BF00BF00BF00BF00BF00BF00BF00BF5E
:107E2C0000BF00BF00BF00BF00BF00BF00BF00BF4E
:107E3C0000BF00BFFBF79EFCD4F80890256000BF84
:107E4C0000BF00BF00BF00BF00BF00BF00BF00BF2E
:107E5C0000BF00BF00BF00BF00BF00BF00BF00BF1E
:107E6C0000BF00BF00BF00BF00BF00BF00BFFBF7DB
:107E7C0081FC266000BF00BF00BF00BF00BF00BF79
:107E8C0000BF00BF00BF00BF00BF00BF00BF00BFEE
:107E9C0000BF00BF00BF00BF00BF00BF00BF00BFDE
:107EAC0000BF00BFFBF766FCD4F808B0256000BF2C
:107EBC0000BF00BF00BF00BF00BF00BF00BF00BFBE
:107ECC0000BF00BF00BF00BF00BF00BF00BF00BFAE
:107EDC0000BF00BF00BF00BF00BF00BF00BFFBF76B
:107EEC0049FCCBF383634FEA996143EA01130AF827
:107EFC00013F009B9A4584D1144A04981568DDE92A
:107F0C0002A32560626842F07D526260019AB2EB76
:107F1C000A0201920FD0534406461A0D07921A0C0E
:107F2C0006921A0B05921A0A03921A09029203F08E
:107F3C000F0204929EE609B0BDE8F08F034A156863
:107F4C002560626842F07D52626093E670450020C5
:107F5C002DE9F04F87B00092002A00F05181AC4B14
:107F6C008046AC4E4FEA105B1D68030CAA4C00F027
:107F7C000F0A0593030B0F460493030A039303099B
:107F8C000293616845F00125A44B41F07D5145F405
:107F9C008005186861600099A14B814228BF014699
:107FAC00186825EA000525F078552560306838B149
:107FBC004FF0000C00BF0CF1010C33689C45F9D359
:107FCC0045F0606345F040690191C4F8009023606E
:107FDC00FFF714FEC4F80090FFF710FE45F00059AF
:107FEC0045F00853C4F800902360FFF707FEC4F86F
:107FFC000090FFF703FE0BF00F0045EA806949F093
:10800C000073C4F800902360FFF7F8FDC4F80090EB
:10801C00FFF7F4FD059B03F00F0045EA806949F07A
:10802C000073C4F800902360FFF7E8FDC4F80090DB
:10803C00FFF7E4FD049B03F00F0045EA806949F06B
:10804C000073C4F800902360FFF7D8FDC4F80090CB
:10805C00FFF7D4FD039B03F00F0045EA806949F05C
:10806C000073C4F800902360FFF7C8FDC4F80090BB
:10807C00FFF7C4FD029B03F00F0045EA806949F04D
:10808C000073C4F800902360FFF7B8FDC4F80090AB
:10809C0045EA8A69FFF7B2FD49F00073C4F8009015
:1080AC002360FFF7ABFDC4F80090FFF7A7FD019923
:1080BC00002900F0A88001EB070BCDF804808A465C
:1080CC0007F1FF380BF1FF3918F8017F3F0945EA3A
:1080DC00876747F000722760226000BF00BF00BFB7
:1080EC0000BF00BF00BF00BF00BF00BF00BF00BF8C
:1080FC0000BF00BF00BF00BF00BF00BF00BF00BF7C
:10810C0000BF00BF00BF00BF00BFFBF733FB276001
:10811C0000BF00BF00BF00BF00BF00BF00BF00BF5B
:10812C0000BF00BF00BF00BF00BF00BF00BF00BF4B
:10813C0000BF00BF00BF00BF00BF00BF00BF00BF3B
:10814C00FBF718FB98F8007007F00F0745EA8767F4
:10815C0047F000722760226000BF00BF00BF00BF65
:10816C0000BF00BF00BF00BF00BF00BF00BF00BF0B
:10817C0000BF00BF00BF00BF00BF00BF00BF00BFFB
:10818C0000BF00BF00BF00BFFBF7F4FA276000BFC1
:10819C0000BF00BF00BF00BF00BF00BF00BF00BFDB
:1081AC0000BF00BF00BF00BF00BF00BF00BF00BFCB
:1081BC0000BF00BF00BF00BF00BF00BF00BFFBF788
:1081CC00D9FAC84580D1124BDDF804801D68009B9C
:1081DC002560B3EB0A03009312D0D0445F464FEAFC
:1081EC00184308F00F0A4FEA185B05934FEA18334F
:1081FC0004934FEA182303934FEA18130293C0E633
:10820C0007B0BDE8F08F024B1D682560B9E600BFD2
:10821C0070450020B445002000C00042F01400203E
:10822C00F414002008B500BF00BF00BF00BF00BFA2
:10823C0000BF00BF00BF00BF00BF00BF00BF00BF3A
:10824C0000BF00BF00BFFFF7D9FC08BD38B540EA3E
:10825C008164054D44F000732C602B60FFF7E2FF46
:10826C002C60FFF7DFFF38BD00C0004238B50C466C
:10827C000546C1F30351FFF7E9FFC4F30341284658
:10828C00FFF7E4FFC4F303312846FFF7DFFFC4F325
:10829C0003212846FFF7DAFFC4F303112846FFF742
:1082AC00D5FF04F00F012846BDE83840FFF7CEBFDC
:1082BC002DE9F04180460F4607251C4E47FA05F480
:1082CC00A40604F0806444EA080444F000733460AB
:1082DC00336000BF00BF00BF00BF00BF00BF00BFC6
:1082EC0000BF00BF00BF00BF00BF00BF00BF00BF8A
:1082FC0000BF00BF00BF00BF00BF00BF00BF00BF7A
:10830C0000BF00BF00BF00BF00BF00BF00BF00BF69
:10831C0000BF00BF00BF00BF00BFFDF717FB3460FC
:10832C00FFF780FF013DC9D2BDE8F08100C00042DB
:10833C00002A6FD0384B2DE9F04F904685B0C2B271
:10834C001B680E46354D03924FEA104B4246DFF840
:10835C00DC9080464FEA102A0193D9F80410304B78
:10836C0041F07D512F4C18682F4BC9F804109042E6
:10837C001968019B28BF10461C43074624EA0104D8
:10838C0024F0785444F04054C9F80040296841B1B5
:10839C00002100BF01312B689942FAD31E4B1B6898
:1083AC000193022120460292FFF782FF5FFA8BF1C4
:1083BC002046FFF77DFF20465FFA8AF1FFF778FF32
:1083CC0003992046FFF774FF029AE7B107EB060BFF
:1083DC00013E02920BF1FF3A16F8011F2046FFF7FF
:1083EC0067FF5645F8D1DDE90132D21BC9F80030E0
:1083FC000DD0B8445E465FFA88F34FEA184B4FEA4B
:10840C00182A0393A9E7019BC9F80030A5E705B02A
:10841C00BDE8F08F704700BF70450020B4450020C8
:10842C00F014002000014001F414002000C00042B0
:10843C00002A00F0E680734B2DE9F04F1D6885B0E3
:10844C00030C82460E46DFF8CCB103934FEA102999
:10845C00C3B26D4F6D4C0293616845F001256C4BB6
:10846C0041F07D5145F4800518686160DBF800101F
:10847C00904225EA010528BF104625F07855804624
:10848C0045F040502060396839B14FF0000C00BF06
:10849C000CF1010C3B689C45F9D30321019200902F
:1084AC00FFF706FF9DF80C100098FFF701FF0098EE
:1084BC005FFA89F1FFF7FCFE02990098FFF7F8FECE
:1084CC00616821F00061DDE900026160B8F1000F24
:1084DC0000F08C8008EB060C45F04855013E0CF181
:1084EC00FF3908214FF0000E256000BF00BF00BF10
:1084FC0000BF00BF00BF00BF00BF00BF00BF00BF78
:10850C0000BF00BF00BF00BF00BF00BF00BF00BF67
:10851C0000BF00BF00BF00BF00BF00BF00BF00BF57
:10852C0000BF00BF00BF00BF00BF00BF00BF00BF47
:10853C0000BF00BF00BF00BF00BF00BF00BF00BF37
:10854C0000BF00BF00BF00BF00BFA3682060C3F323
:10855C00C06343EA4E0E00BF00BF00BF00BF00BFA8
:10856C0000BF00BF00BF00BF00BF00BF00BF00BF07
:10857C0000BF00BF00BF00BF00BF00BF00BF00BFF7
:10858C0000BF00BF00BF00BF00BF00BF00BF00BFE7
:10859C0000BF00BF00BF00BF00BF00BF00BF00BFD7
:1085AC0000BF00BF00BF00BF00BF00BF00BF00BFC7
:1085BC0000BF00BF00BF013996D106F801EF4E4550
:1085CC008FD1104BB2EB08021D682560616841F039
:1085DC007D51616012D0C24466464FEA1A434FEA9D
:1085EC001A2903935FFA8AF3029335E7054B1D684A
:1085FC002560616841F07D5161602DE705B0BDE8F3
:10860C00F08F704770450020B445002000C0004238
:10861C00F0140020F41400202DE9F04F87B00591E0
:10862C000092002A00F04F81154B8346154F1968B4
:10863C00030C154E0393030A144C0293C3B2049318
:10864C006368134A43F07D53DFF84C8041EA080815
:10865C0011686360009B0F4A8B4228BF0B46116860
:10866C0028EA010828F0785848F040552560396808
:10867C00A1B1002000BF01303A689042FAD30DE05E
:10868C0070450020B4450020FC14002000C00042BE
:10869C00F0140020F4140020000140010B212846A6
:1086AC000193FFF705FE9DF80C102846FFF700FE1E
:1086BC009DF808102846FFF7FBFD04992846FFF7A4
:1086CC00F7FD6168019B21F0006161603168002950
:1086DC0065D048F0485ACDF8048099464FF0000810
:1086EC00C4F800A000BF00BF00BF00BF00BF00BFA8
:1086FC0000BF00BF00BF00BF00BF00BF00BF00BF76
:10870C0000BF00BF00BF00BF00BF00BF00BF00BF65
:10871C0000BF00BF00BF00BF00BF00BF00BF00BF55
:10872C0000BF00BF00BF00BF00BF00BF00BF00BF45
:10873C0000BF00BFFBF71EF8256000BF00BF00BFE5
:10874C0000BF00BF00BF00BF00BF00BF00BF00BF25
:10875C0000BF00BF00BF00BF00BF00BF00BF00BF15
:10876C0000BF00BF00BF00BF00BF00BF00BF00BF05
:10877C0000BF00BF00BF00BF00BF00BF00BF00BFF5
:10878C0000BF00BF00BF00BF00BFFAF7F3FF08F146
:10879C00010832684245A3D84B46DDF80480002B13
:1087AC0000F09480059948F04852581801F1FF39AF
:1087BC0000F1FF3E4FF0080C4FF00008226000BFA4
:1087CC0000BF00BF00BF00BF00BF00BF00BF00BFA5
:1087DC0000BF00BF00BF00BF00BF00BF00BF00BF95
:1087EC0000BF00BF00BF00BF00BF00BF00BF00BF85
:1087FC0000BF00BF00BF00BF00BF00BF00BF00BF75
:10880C0000BF00BF00BF00BF00BF00BF00BF00BF64
:10881C0000BF00BF00BF00BF00BF00BF00BFA1680A
:10882C002560C1F3C06141EA480800BF00BF00BF2A
:10883C0000BF00BF00BF00BF00BF00BF00BF00BF34
:10884C0000BF00BF00BF00BF00BF00BF00BF00BF24
:10885C0000BF00BF00BF00BF00BF00BF00BF00BF14
:10886C0000BF00BF00BF00BF00BF00BF00BF00BF04
:10887C0000BF00BF00BF00BF00BF00BF00BF00BFF4
:10888C0000BF00BF00BF00BF00BFBCF1010C95D101
:10889C0009F8018FF1458DD1104A1168009A2160B9
:1088AC006568D21A45F07D55656000920BD09B44EB
:1088BC0005904FEA1B4303934FEA1B2302935FFA85
:1088CC008BF30493BCE607B0BDE8F08F034B19683B
:1088DC002160636843F07D536360B1E6704500200E
:1088EC00002A00F02281914B2DE9F04F1D6883B0D6
:1088FC00DFF848928B468E4C1646009063688D4A82
:10890C0043F07D53DFF838A21268636045EA0A0A27
:10891C00894BB2421B6828BF32462AEA030A174623
:10892C002AF0785AC4F800A0D9F8003033B10023EB
:10893C0000BF0133D9F800209342F9D34AF06063A9
:10894C004AF0406525602360FFF76CFC2560FFF75B
:10895C0069FC4AF000554AF0085325602360FFF784
:10896C0061FC2560FFF75EFC00995046FFF77EFC2A
:10897C00002F00F0D3800BF1FF3807EB0B020196B0
:10898C0002F1FF3B4646904616F8015F2D094AEA74
:10899C00856545F000722560226000BF00BF00BFF6
:1089AC0000BF00BF00BF00BF00BF00BF00BF00BFC3
:1089BC0000BF00BF00BF00BF00BF00BF00BF00BFB3
:1089CC0000BF00BF00BF00BF00BF00BF00BF00BFA3
:1089DC0000BF00BF00BF00BF00BF00BF00BF00BF93
:1089EC0000BF00BF00BF00BF00BFFAF7C3FE256089
:1089FC0000BF00BF00BF00BF00BF00BF00BF00BF73
:108A0C0000BF00BF00BF00BF00BF00BF00BF00BF62
:108A1C0000BF00BF00BF00BF00BF00BF00BF00BF52
:108A2C0000BF00BF00BF00BF00BF00BF00BF00BF42
:108A3C0000BF00BF00BF00BF00BF00BF00BF00BF32
:108A4C00FAF798FE357805F00F054AEA856545F08A
:108A5C0000722560226000BF00BF00BF00BF00BFD6
:108A6C0000BF00BF00BF00BF00BF00BF00BF00BF02
:108A7C0000BF00BF00BF00BF00BF00BF00BF00BFF2
:108A8C0000BF00BF00BF00BF00BF00BF00BF00BFE2
:108A9C0000BF00BF00BF00BF00BF00BF00BF00BFD2
:108AAC0000BF00BF00BFFAF765FE256000BF00BF26
:108ABC0000BF00BF00BF00BF00BF00BF00BF00BFB2
:108ACC0000BF00BF00BF00BF00BF00BF00BF00BFA2
:108ADC0000BF00BF00BF00BF00BF00BF00BF00BF92
:108AEC0000BF00BF00BF00BF00BF00BF00BF00BF82
:108AFC0000BF00BF00BF00BF00BF00BFFAF73AFEC7
:108B0C00B3457FF441AF019E084BF61B1D682560F1
:108B1C0008D0009BC3463B440093EFE6034B1D6813
:108B2C002560EBE603B0BDE8F08F70477045002080
:108B3C0000C00042F0140020F4140020B4450020C2
:108B4C00000140012DE9F04F87B0CDE90110002A5A
:108B5C0000F09481524B9146524F1868524E534C30
:108B6C00636840F00120524A43F07D5340F480008A
:108B7C00126863604F4B4A451B6828BF4A4620EA7F
:108B8C000300904620F0785AC4F800A03B682BB143
:108B9C00002300BF01333A689342FAD34AF068537A
:108BAC004AF0605525602360FFF73CFB2560FFF71A
:108BBC0039FB4AF030554AF0385325602360FFF7F3
:108BCC0031FB2560FFF72EFB02995046FFF74EFB59
:108BDC00636823F0705363603368002B6CD04AF0E9
:108BEC00007B0025C4F800B000BF00BF00BF00BF71
:108BFC0000BF00BF00BF00BF00BF00BF00BF00BF71
:108C0C0000BF00BF00BF00BF00BF00BF00BF00BF60
:108C1C0000BF00BF00BF00BF00BF00BF00BF00BF50
:108C2C0000BF00BF00BF00BF00BF00BF00BF00BF40
:108C3C0000BF00BF00BF00BFFAF79CFDC4F800A046
:108C4C0000BF00BF00BF00BF00BF00BF00BF00BF20
:108C5C0000BF00BF00BF00BF00BF00BF00BF00BF10
:108C6C0000BF00BF00BF00BF00BF00BF00BF00BF00
:108C7C0000BF00BF00BF00BF00BF00BF00BF00BFF0
:108C8C0000BF00BF00BF00BF00BF00BF00BF00BFE0
:108C9C00FAF770FD01353368AB42A3D80CE000BF86
:108CAC0070450020B4450020F814002000C000429C
:108CBC00F0140020F4140020B8F1000F00F0E18053
:108CCC00019B4AF00075CDF80C8008EB030203F110
:108CDC00FF3B531ED8460193CDE90492256000BF9B
:108CEC0000BF00BF00BF00BF00BF00BF00BF00BF80
:108CFC0000BF00BF00BF00BF00BF00BF00BF00BF70
:108D0C0000BF00BF00BF00BF00BF00BF00BF00BF5F
:108D1C0000BF00BF00BF00BF00BF00BF00BF00BF4F
:108D2C0000BF00BF00BF00BF00BF00BF00BFFAF70D
:108D3C0021FDD4F808B0C4F800A000BF00BF00BFEC
:108D4C0000BF00BF00BF00BF00BF00BF00BF00BF1F
:108D5C0000BF00BF00BF00BF00BF00BF00BF00BF0F
:108D6C0000BF00BF00BF00BF00BF00BF00BF00BFFF
:108D7C0000BF00BF00BF00BF00BF00BF00BF00BFEF
:108D8C0000BF00BF00BF00BF00BFFAF7F3FC2560B7
:108D9C0000BF00BF00BF00BF00BF00BF00BF00BFCF
:108DAC0000BF00BF00BF00BF00BF00BF00BF00BFBF
:108DBC0000BF00BF00BF00BF00BF00BF00BF00BFAF
:108DCC0000BF00BF00BF00BF00BF00BF00BF00BF9F
:108DDC0000BF00BF00BF00BF00BF00BF00BF00BF8F
:108DEC00FAF7C8FCD4F80890C4F800A000BF00BF84
:108DFC0000BF00BF00BF00BF00BF00BF00BF00BF6F
:108E0C0000BF00BF00BF00BF00BF00BF00BF00BF5E
:108E1C0000BF00BF00BF00BF00BF00BF00BF00BF4E
:108E2C0000BF00BF00BF00BF00BF00BF00BF00BF3E
:108E3C0000BF00BF00BF00BF00BF00BFFAF79AFC25
:108E4C00C9F383634FEA9B6143EA011308F8013FBE
:108E5C00019B43457FF442AF0E4B059A1868DDE940
:108E6C00038920606368B9EB080943F07D536360A4
:108E7C0004D0029B4344CDE9012371E607B0BDE861
:108E8C00F08F044B18682060636843F07D53636077
:108E9C0066E600BF7045002008B500BF00BF00BFEC
:108EAC0000BF00BF00BF00BF00BF00BF00BF00BFBE
:108EBC0000BF00BF00BF00BF00BFFFF7B3F908BD84
:108ECC0038B540EA8164054D44F000732C602B608A
:108EDC00FFF7E2FF2C60FFF7DFFF38BD00C0004258
:108EEC0038B50C460546C1F30351FFF7E9FFC4F34F
:108EFC0003412846FFF7E4FFC4F303312846FFF78C
:108F0C00DFFFC4F303212846FFF7DAFFC4F3031194
:108F1C002846FFF7D5FF04F00F012846BDE838407E
:108F2C00FFF7CEBF2DE9F04180460F460725124EC4
:108F3C0047FA05F4A40604F0806444EA080444F0FB
:108F4C0000733460336000BF00BF00BF00BF00BFC0
:108F5C0000BF00BF00BF00BF00BF00BF00BF00BF0D
:108F6C0000BF00BF00BFFFF75DF93460FFF794FF4F
:108F7C00013DDDD2BDE8F08100C00042002A6FD077
:108F8C00384B2DE9F04F904685B0C2B21B680E46A7
:108F9C00354D03924FEA104B4246DFF8DC90804689
:108FAC004FEA102A0193D9F80410304B41F07D514F
:108FBC002F4C18682F4BC9F8041090421968019B6C
:108FCC0028BF10461C43074624EA010424F07854B9
:108FDC0044F04054C9F80040296841B1002100BF59
:108FEC0001312B689942FAD31E4B1B680193022165
:108FFC0020460292FFF796FF5FFA8BF12046FFF7AF
:10900C0091FF20465FFA8AF1FFF78CFF0399204607
:10901C00FFF788FF029AE7B107EB060B013E0292BD
:10902C000BF1FF3A16F8011F2046FFF77BFF564560
:10903C00F8D1DDE90132D21BC9F800300DD0B844AB
:10904C005E465FFA88F34FEA184B4FEA182A0393EF
:10905C00A9E7019BC9F80030A5E705B0BDE8F08F82
:10906C00704700BF70450020B4450020F01400206C
:10907C0000014001F414002000C00042002A00F05E
:10908C000881844B2DE9F04F1D6885B0030C824696
:10909C000E46DFF810B203934FEA1029C3B27E4F8D
:1090AC007E4C0293616845F001257D4B41F07D516A
:1090BC0045F4800518686160DBF80010904225EAE1
:1090CC00010528BF104625F07855804645F04050E4
:1090DC002060396839B14FF0000C00BF0CF1010C65
:1090EC003B689C45F9D3032101920090FFF71AFFCE
:1090FC009DF80C100098FFF715FF00985FFA89F1A6
:10910C00FFF710FF02990098FFF70CFF616821F040
:10911C000061DDE900026160B8F1000F00F0AE8083
:10912C0008EB060C45F04855013E0CF1FF390821BF
:10913C004FF0000E256000BF00BF00BF00BF00BF96
:10914C0000BF00BF00BF00BF00BF00BF00BF00BF1B
:10915C0000BF00BF00BF00BF00BF00BF00BF00BF0B
:10916C0000BF00BF00BF00BF00BF00BF00BF00BFFB
:10917C0000BF00BF00BF00BF00BF00BF00BF00BFEB
:10918C0000BF00BF00BF00BF00BF00BF00BF00BFDB
:10919C0000BF00BF00BF00BF00BF00BF00BF00BFCB
:1091AC0000BF00BF00BF00BF00BF00BF00BF00BFBB
:1091BC0000BF00BF00BFA3682060C3F3C06343EAD5
:1091CC004E0E00BF00BF00BF00BF00BF00BF00BFFE
:1091DC0000BF00BF00BF00BF00BF00BF00BF00BF8B
:1091EC0000BF00BF00BF00BF00BF00BF00BF00BF7B
:1091FC0000BF00BF00BF00BF00BF00BF00BF00BF6B
:10920C0000BF00BF00BF00BF00BF00BF00BF00BF5A
:10921C0000BF00BF00BF00BF00BF00BF00BF00BF4A
:10922C0000BF00BF00BF00BF00BF00BF00BF00BF3A
:10923C0000BF00BF00BF00BF00BF00BF00BF00BF2A
:10924C0000BF01397FF476AF06F801EF4E457FF48D
:10925C006EAF104BB2EB08021D682560616841F0DF
:10926C007D51616012D0C24466464FEA1A434FEA00
:10927C001A2903935FFA8AF3029313E7054B1D68CF
:10928C002560616841F07D5161600BE705B0BDE878
:10929C00F08F704770450020B445002000C000429C
:1092AC00F0140020F41400202DE9F04F87B0059144
:1092BC000092002A00F09281154B8346154F1968D5
:1092CC00030C154E0493030A144C0393C3B202937C
:1092DC006368134A43F07D53DFF84C8041EA080879
:1092EC0011686360009B0F4A8B4228BF0B461168C4
:1092FC0028EA010828F0785848F04055256039686C
:10930C00A1B1002000BF01303A689042FAD30DE0C1
:10931C0070450020B4450020FC14002000C0004221
:10932C00F0140020F4140020000140010B21284609
:10933C000193FFF7F7FD9DF810102846FFF7F2FD9B
:10934C009DF80C102846FFF7EDFD02992846FFF713
:10935C00E9FD6168019B21F00061616031680029C1
:10936C0000F0868048F0485ACDF8048099464FF0BA
:10937C000008C4F800A000BF00BF00BF00BF00BFC2
:10938C0000BF00BF00BF00BF00BF00BF00BF00BFD9
:10939C0000BF00BF00BF00BF00BF00BF00BF00BFC9
:1093AC0000BF00BF00BF00BF00BF00BF00BF00BFB9
:1093BC0000BF00BF00BF00BF00BF00BF00BF00BFA9
:1093CC0000BF00BF00BF00BF00BF00BF00BF00BF99
:1093DC0000BF00BF00BF00BF00BF00BF00BF00BF89
:1093EC0000BF00BF00BFFAF7C5F9256000BF00BF82
:1093FC0000BF00BF00BF00BF00BF00BF00BF00BF69
:10940C0000BF00BF00BF00BF00BF00BF00BF00BF58
:10941C0000BF00BF00BF00BF00BF00BF00BF00BF48
:10942C0000BF00BF00BF00BF00BF00BF00BF00BF38
:10943C0000BF00BF00BF00BF00BF00BF00BF00BF28
:10944C0000BF00BF00BF00BF00BF00BF00BF00BF18
:10945C0000BF00BF00BF00BF00BF00BFFAF78AF912
:10946C0008F101083268424583D84B46DDF8048088
:10947C00002B00F0B680059948F04852581801F1BD
:10948C00FF3900F1FF3E4FF0080C4FF0000822604E
:10949C0000BF00BF00BF00BF00BF00BF00BF00BFC8
:1094AC0000BF00BF00BF00BF00BF00BF00BF00BFB8
:1094BC0000BF00BF00BF00BF00BF00BF00BF00BFA8
:1094CC0000BF00BF00BF00BF00BF00BF00BF00BF98
:1094DC0000BF00BF00BF00BF00BF00BF00BF00BF88
:1094EC0000BF00BF00BF00BF00BF00BF00BF00BF78
:1094FC0000BF00BF00BF00BF00BF00BF00BF00BF68
:10950C0000BF00BF00BF00BF00BF00BF00BF00BF57
:10951C00A1682560C1F3C06141EA480800BF00BFE3
:10952C0000BF00BF00BF00BF00BF00BF00BF00BF37
:10953C0000BF00BF00BF00BF00BF00BF00BF00BF27
:10954C0000BF00BF00BF00BF00BF00BF00BF00BF17
:10955C0000BF00BF00BF00BF00BF00BF00BF00BF07
:10956C0000BF00BF00BF00BF00BF00BF00BF00BFF7
:10957C0000BF00BF00BF00BF00BF00BF00BF00BFE7
:10958C0000BF00BF00BF00BF00BF00BF00BF00BFD7
:10959C0000BF00BF00BF00BF00BF00BFBCF1010C8B
:1095AC007FF475AF09F8018FF1457FF46CAF114A68
:1095BC001168009A21606568D21A45F07D55656086
:1095CC0000920BD09B4405904FEA1B4304934FEA47
:1095DC001B2303935FFA8BF3029379E607B0BDE884
:1095EC00F08F044B19682160636843F07D5363600E
:1095FC006EE600BF70450020002A00F07081164B0B
:10960C002DE9F04F1D6883B0DFF85C908B46134C4E
:10961C00164600906368124A43F07D53DFF84CA065
:10962C001268636045EA0A0A0E4BB2421B6828BFF7
:10963C0032462AEA030A17462AF0785AC4F800A0E0
:10964C00D9F80030A3B1002300BF0133D9F80020B2
:10965C009342F9D30CE000BF7045002000C00042DB
:10966C00F0140020F4140020B44500200001400147
:10967C004AF060634AF0406525602360FFF70CFCFC
:10968C002560FFF709FC4AF000554AF008532560A5
:10969C002360FFF701FC2560FFF7FEFB00995046A5
:1096AC00FFF71EFC002F00F013810BF1FF3807EBC6
:1096BC000B02019602F1FF3B4646904616F8015FFD
:1096CC002D094AEA856545F000722560226000BFCD
:1096DC0000BF00BF00BF00BF00BF00BF00BF00BF86
:1096EC0000BF00BF00BF00BF00BF00BF00BF00BF76
:1096FC0000BF00BF00BF00BF00BF00BF00BF00BF66
:10970C0000BF00BF00BF00BF00BF00BF00BF00BF55
:10971C0000BF00BF00BF00BF00BF00BF00BF00BF45
:10972C0000BF00BF00BF00BF00BF00BF00BF00BF35
:10973C0000BF00BF00BF00BF00BF00BF00BFFAF7F3
:10974C0019F8256000BF00BF00BF00BF00BF00BFFD
:10975C0000BF00BF00BF00BF00BF00BF00BF00BF05
:10976C0000BF00BF00BF00BF00BF00BF00BF00BFF5
:10977C0000BF00BF00BF00BF00BF00BF00BF00BFE5
:10978C0000BF00BF00BF00BF00BF00BF00BF00BFD5
:10979C0000BF00BF00BF00BF00BF00BF00BF00BFC5
:1097AC0000BF00BF00BF00BF00BF00BF00BF00BFB5
:1097BC0000BF00BFF9F7DEFF357805F00F054AEA68
:1097CC00856545F000722560226000BF00BF00BFB8
:1097DC0000BF00BF00BF00BF00BF00BF00BF00BF85
:1097EC0000BF00BF00BF00BF00BF00BF00BF00BF75
:1097FC0000BF00BF00BF00BF00BF00BF00BF00BF65
:10980C0000BF00BF00BF00BF00BF00BF00BF00BF54
:10981C0000BF00BF00BF00BF00BF00BF00BF00BF44
:10982C0000BF00BF00BF00BF00BF00BF00BF00BF34
:10983C0000BF00BF00BF00BF00BFF9F79BFF256052
:10984C0000BF00BF00BF00BF00BF00BF00BF00BF14
:10985C0000BF00BF00BF00BF00BF00BF00BF00BF04
:10986C0000BF00BF00BF00BF00BF00BF00BF00BFF4
:10987C0000BF00BF00BF00BF00BF00BF00BF00BFE4
:10988C0000BF00BF00BF00BF00BF00BF00BF00BFD4
:10989C0000BF00BF00BF00BF00BF00BF00BF00BFC4
:1098AC0000BF00BF00BF00BF00BF00BF00BF00BFB4
:1098BC00F9F760FFB3457FF401AF019E084BF61B2F
:1098CC001D68256008D0009BC3463B440093A1E66D
:1098DC00034B1D6825609DE603B0BDE8F08F704713
:1098EC00704500202DE9F04F87B0CDE90110002A1A
:1098FC0000F0A081604B9146604F1868604E614C3F
:10990C00636840F00120604A43F07D5340F48000CE
:10991C00126863605D4B4A451B6828BF4A4620EAC3
:10992C000300904620F0785AC4F800A03B682BB195
:10993C00002300BF01333A689342FAD34AF06853CC
:10994C004AF0605525602360FFF7A6FA2560FFF703
:10995C00A3FA4AF030554AF0385325602360FFF7DC
:10996C009BFA2560FFF798FA02995046FFF7B8FA70
:10997C00636823F0705363603368002B00F08880B9
:10998C004AF0007B0025C4F800B000BF00BF00BF48
:10999C0000BF00BF00BF00BF00BF00BF00BF00BFC3
:1099AC0000BF00BF00BF00BF00BF00BF00BF00BFB3
:1099BC0000BF00BF00BF00BF00BF00BF00BF00BFA3
:1099CC0000BF00BF00BF00BF00BF00BF00BF00BF93
:1099DC0000BF00BF00BF00BF00BF00BF00BF00BF83
:1099EC0000BF00BF00BF00BF00BF00BF00BF00BF73
:1099FC0000BF00BF00BF00BF00BFF9F7BBFEC4F83B
:109A0C0000A000BF00BF00BF00BF00BF00BF00BF71
:109A1C0000BF00BF00BF00BF00BF00BF00BF00BF42
:109A2C0000BF00BF00BF00BF00BF00BF00BF00BF32
:109A3C0000BF00BF00BF00BF00BF00BF00BF00BF22
:109A4C0000BF00BF00BF00BF00BF00BF00BF00BF12
:109A5C0000BF00BF00BF00BF00BF00BF00BF00BF02
:109A6C0000BF00BF00BF00BF00BFFBF76FFF013599
:109A7C003368AB4287D80BE070450020B44500201A
:109A8C00F814002000C00042F0140020F414002050
:109A9C00B8F1000F00F0D180019B4AF00075CDF8B1
:109AAC000C8008EB030203F1FF3B531ED8460193D5
:109ABC00CDE90492256000BF00BF00BF00BF00BF0E
:109ACC0000BF00BF00BF00BF00BF00BF00BF00BF92
:109ADC0000BF00BF00BFFEF7A5FBD4F808B0C4F868
:109AEC0000A000BF00BF00BF00BF00BF00BF00BF91
:109AFC0000BF00BF00BF00BF00BF00BF00BF00BF62
:109B0C0000BFFEF78FFB256000BF00BF00BF00BF8A
:109B1C0000BF00BF00BF00BF00BF00BF00BF00BF41
:109B2C0000BF00BF00BF00BF00BF00BF00BF00BF31
:109B3C0000BF00BF00BF00BF00BF00BF00BF00BF21
:109B4C0000BF00BF00BF00BF00BF00BF00BF00BF11
:109B5C0000BF00BF00BF00BF00BF00BF00BF00BF01
:109B6C0000BF00BF00BF00BF00BF00BF00BF00BFF1
:109B7C0000BF00BF00BF00BFF9F7FCFDD4F8089090
:109B8C00C4F800A000BF00BF00BF00BF00BF00BFF3
:109B9C0000BF00BF00BF00BF00BF00BF00BF00BFC1
:109BAC0000BF00BF00BF00BF00BF00BF00BF00BFB1
:109BBC0000BF00BF00BF00BF00BF00BF00BF00BFA1
:109BCC0000BF00BF00BF00BF00BF00BF00BF00BF91
:109BDC0000BF00BF00BF00BF00BF00BF00BF00BF81
:109BEC0000BF00BF00BF00BF00BF00BF00BF00BF71
:109BFC0000BF00BFF9F7BEFDC9F383634FEA9B6159
:109C0C0043EA011308F8013F019B43457FF452AF2F
:109C1C000E4B059A1868DDE9038920606368B9EB7F
:109C2C00080943F07D53636004D0029B4344CDE9A3
:109C3C00012365E607B0BDE8F08F044B186820607F
:109C4C00636843F07D5363605AE600BF70450020A3
:109C5C0008B500BF00BF00BF00BF00BF00BF00BF02
:109C6C0000BF00BF00BF00BF00BF00BF00BF00BFF0
:109C7C0000BF00BF00BF00BF00BF00BF00BF00BFE0
:109C8C0000BF00BF00BF00BF00BF00BF00BF00BFD0
:109C9C0000BFFFF701F908BD2DE9F04180460F46E2
:109CAC0007250A4E47FA05F4A40604F0806444EA3A
:109CBC00080444F0007334603360FFF7C9FF34606C
:109CCC00FFF7C6FF013DEDD2BDE8F08100C00042B8
:109CDC00002A6FD0384B2DE9F04F904685B0C2B2B8
:109CEC001B680E46354D03924FEA104B4246DFF887
:109CFC00DC9080464FEA102A0193D9F80410304BBF
:109D0C0041F07D512F4C18682F4BC9F8041090422C
:109D1C001968019B28BF10461C43074624EA01041E
:109D2C0024F0785444F04054C9F80040296841B1FB
:109D3C00002100BF01312B689942FAD31E4B1B68DE
:109D4C000193022120460292FFF7A6FF5FFA8BF1E6
:109D5C002046FFF7A1FF20465FFA8AF1FFF79CFF30
:109D6C0003992046FFF798FF029AE7B107EB060B21
:109D7C00013E02920BF1FF3A16F8011F2046FFF745
:109D8C008BFF5645F8D1DDE90132D21BC9F8003002
:109D9C000DD0B8445E465FFA88F34FEA184B4FEA91
:109DAC00182A0393A9E7019BC9F80030A5E705B071
:109DBC00BDE8F08F704700BF70450020B44500200F
:109DCC00F014002000014001F414002000C00042F7
:109DDC00002A00F05381194B2DE9F04F1D6885B016
:109DEC00030C82460E46DFF864B003934FEA102949
:109DFC00C3B2134F134C0293616845F00125124B0B
:109E0C0041F07D5145F4800518686160DBF8001065
:109E1C00904225EA010528BF104625F0785580466A
:109E2C0045F040502060396891B14FF0000C00BFF4
:109E3C000CF1010C3B689C45F9D309E070450020FE
:109E4C00B445002000C00042F0140020F41400209F
:109E5C00032101920090FFF71FFF9DF80C10009852
:109E6C00FFF71AFF00985FFA89F1FFF715FF0299C7
:109E7C000098FFF711FF616821F00061DDE9000235
:109E8C006160B8F1000F00F0EE8008EB060C45F0B5
:109E9C004855013E0CF1FF3908214FF0000E2560AA
:109EAC0000BF00BF00BF00BF00BF00BF00BF00BFAE
:109EBC0000BF00BF00BF00BF00BF00BF00BF00BF9E
:109ECC0000BF00BF00BF00BF00BF00BF00BF00BF8E
:109EDC0000BF00BF00BF00BF00BF00BF00BF00BF7E
:109EEC0000BF00BF00BF00BF00BF00BF00BF00BF6E
:109EFC0000BF00BF00BF00BF00BF00BF00BF00BF5E
:109F0C0000BF00BF00BF00BF00BF00BF00BF00BF4D
:109F1C0000BF00BF00BF00BF00BF00BF00BF00BF3D
:109F2C0000BF00BF00BF00BF00BF00BF00BF00BF2D
:109F3C0000BF00BF00BF00BF00BF00BF00BF00BF1D
:109F4C0000BF00BF00BF00BF00BF00BF00BF00BF0D
:109F5C0000BF00BF00BF00BF00BF00BF00BF00BFFD
:109F6C00A3682060C3F3C06343EA4E0E00BF00BF7A
:109F7C0000BF00BF00BF00BF00BF00BF00BF00BFDD
:109F8C0000BF00BF00BF00BF00BF00BF00BF00BFCD
:109F9C0000BF00BF00BF00BF00BF00BF00BF00BFBD
:109FAC0000BF00BF00BF00BF00BF00BF00BF00BFAD
:109FBC0000BF00BF00BF00BF00BF00BF00BF00BF9D
:109FCC0000BF00BF00BF00BF00BF00BF00BF00BF8D
:109FDC0000BF00BF00BF00BF00BF00BF00BF00BF7D
:109FEC0000BF00BF00BF00BF00BF00BF00BF00BF6D
:109FFC0000BF00BF00BF00BF00BF00BF00BF00BF5D
:10A00C0000BF00BF00BF00BF00BF00BF00BF00BF4C
:10A01C0000BF00BF00BF00BF00BF00BF00BF00BF3C
:10A02C0000BF00BF00BF00BF00BF00BF01397FF4FD
:10A03C0036AF06F801EF4E457FF42EAF104BB2EB66
:10A04C0008021D682560616841F07D51616012D085
:10A05C00C24466464FEA1A434FEA1A2903935FFA41
:10A06C008AF30293C8E6064B1D682560616841F0CF
:10A07C007D516160C0E605B0BDE8F08F704700BF50
:10A08C00704500202DE9F04F87B005910092002A11
:10A09C0000F06581384B8146384F1D68030C384CF5
:10A0AC000493030A0393C3B20293636845F001253A
:10A0BC00344A43F07D5345F4800511686360009B7E
:10A0CC008B4228BF0B469B462F4B196825EA01058E
:10A0DC0025F0785343F0405AC4F800A0396839B1E0
:10A0EC004FF0000C00BF0CF1010C3A689445F9D309
:10A0FC000B2150460193FFF7CFFD9DF810105046F1
:10A10C00FFF7CAFD9DF80C105046FFF7C5FD0299EC
:10A11C005046FFF7C1FD61681C4B21F00061616086
:10A12C001D68019BB5B1A846CDF8049055464FF07B
:10A13C00000943F048569A4609F101092660FFF7D9
:10A14C0087FD2560FFF784FDC145F5D15346DDF849
:10A15C000490AA46BBF1000F00F0048143F048556F
:10A16C00059B0BEB03012E4603F1FF3C554601F119
:10A17C00FF38082200200BE070450020B445002079
:10A18C0000C00042F0140020F4140020FC14002045
:10A19C00266000BF00BF00BF00BF00BF00BF00BFF4
:10A1AC0000BF00BF00BF00BF00BF00BF00BF00BFAB
:10A1BC0000BF00BF00BF00BF00BF00BF00BF00BF9B
:10A1CC0000BF00BF00BF00BF00BF00BF00BF00BF8B
:10A1DC0000BF00BF00BF00BF00BF00BF00BF00BF7B
:10A1EC0000BF00BF00BF00BF00BF00BF00BF00BF6B
:10A1FC0000BF00BF00BF00BF00BF00BF00BF00BF5B
:10A20C0000BF00BF00BF00BF00BF00BF00BF00BF4A
:10A21C0000BF00BF00BF00BF00BF00BF00BF00BF3A
:10A22C0000BF00BF00BF00BF00BF00BF00BF00BF2A
:10A23C0000BF00BF00BF00BF00BF00BF00BF00BF1A
:10A24C0000BF00BF00BF00BF00BF00BF00BF00BF0A
:10A25C0000BFA3682560C3F3C06343EA400000BF9E
:10A26C0000BF00BF00BF00BF00BF00BF00BF00BFEA
:10A27C0000BF00BF00BF00BF00BF00BF00BF00BFDA
:10A28C0000BF00BF00BF00BF00BF00BF00BF00BFCA
:10A29C0000BF00BF00BF00BF00BF00BF00BF00BFBA
:10A2AC0000BF00BF00BF00BF00BF00BF00BF00BFAA
:10A2BC0000BF00BF00BF00BF00BF00BF00BF00BF9A
:10A2CC0000BF00BF00BF00BF00BF00BF00BF00BF8A
:10A2DC0000BF00BF00BF00BF00BF00BF00BF00BF7A
:10A2EC0000BF00BF00BF00BF00BF00BF00BF00BF6A
:10A2FC0000BF00BF00BF00BF00BF00BF00BF00BF5A
:10A30C0000BF00BF00BF00BF00BF00BF00BF00BF49
:10A31C0000BF00BF00BF00BF00BF00BF00BF013ABD
:10A32C007FF436AF0CF8010FC4457FF422AF114B0C
:10A33C001D68009B25606068B3EB0B0340F07D50FB
:10A34C00606000930BD0D94405914FEA19430493F4
:10A35C004FEA192303935FFA89F30293A5E607B03A
:10A36C00BDE8F08F034B1D682560636843F07D5397
:10A37C0063609AE6704500202DE9F04F87B000929B
:10A38C00002A00F04981A84B8046A84E4FEA105B8A
:10A39C001D68030CA64C00F00F0A0593030B0F4627
:10A3AC000493030A039303090293616845F00125A2
:10A3BC00A04B41F07D5145F480051868616000990F
:10A3CC009D4B814228BF0146186825EA000525F0FF
:10A3DC0078552560306838B14FF0000C00BF0CF197
:10A3EC00010C33689C45F9D345F0606345F0406936
:10A3FC000191C4F800902360FFF72AFCC4F8009088
:10A40C00FFF726FC45F0005945F00853C4F80090BE
:10A41C002360FFF71DFCC4F80090FFF719FC0BF04C
:10A42C000F0045EA806949F00073C4F8009023607E
:10A43C00FFF70EFCC4F80090FFF70AFC059B03F035
:10A44C000F0045EA806949F00073C4F8009023605E
:10A45C00FFF7FEFBC4F80090FFF7FAFB049B03F038
:10A46C000F0045EA806949F00073C4F8009023603E
:10A47C00FFF7EEFBC4F80090FFF7EAFB039B03F039
:10A48C000F0045EA806949F00073C4F8009023601E
:10A49C00FFF7DEFBC4F80090FFF7DAFB029B03F03A
:10A4AC000F0045EA806949F00073C4F800902360FE
:10A4BC00FFF7CEFBC4F8009045EA8A69FFF7C8FBAA
:10A4CC0049F00073C4F800902360FFF7C1FBC4F897
:10A4DC000090FFF7BDFB0199002900F0A08001EB73
:10A4EC00070BCDF804808A4607F1FF380BF1FF39D2
:10A4FC0018F8017F3F0945EA876747F0007227602B
:10A50C002260FFF7A5FB276000BF00BF00BF00BFA4
:10A51C0000BF00BF00BF00BF00BF00BF00BF00BF37
:10A52C0000BF00BF00BF00BF00BF00BF00BF00BF27
:10A53C0000BF00BF00BF00BF00BF00BF00BF00BF17
:10A54C0000BF00BF00BF00BF00BF00BF00BF00BF07
:10A55C0000BF00BF00BF00BF00BF00BF00BF00BFF7
:10A56C0000BF00BF00BF00BF00BF00BF00BF00BFE7
:10A57C0000BF00BF00BF00BF00BF00BF00BF00BFD7
:10A58C0000BF00BF00BF00BF00BF00BF00BF00BFC7
:10A59C0000BF00BF00BF00BF00BF00BF00BF00BFB7
:10A5AC0000BF00BF00BF00BF00BF00BF00BF00BFA7
:10A5BC0000BF00BF00BF00BFF9F7DCF898F80070CF
:10A5CC0007F00F0745EA876747F0007227602260A3
:10A5DC00FFF73EFB2760FFF73BFBC84588D1124BCA
:10A5EC00DDF804801D68009B2560B3EB0A03009323
:10A5FC0012D0D0445F464FEA184308F00F0A4FEAD6
:10A60C00185B05934FEA183304934FEA182303930E
:10A61C004FEA18130293C8E607B0BDE8F08F024B5F
:10A62C001D682560C1E600BF70450020B4450020C0
:10A63C0000C00042F0140020F41400202DE9F04F6B
:10A64C0089B00092002A00F030819D4B0E469D4F40
:10A65C0001461D68030D9C4C0793030C0693030BDA
:10A66C000593030A03930309029300F00F03049369
:10A67C00636845F00125954A43F07D5345F4800508
:10A68C0012686360009B934228BF13469946904B17
:10A69C001B6825EA030525F0785525603B682BB12E
:10A6AC00002300BF01333A689342FAD345F0685354
:10A6BC0045F060580191C4F800802360FFF7C8FA98
:10A6CC00C4F80080FFF7C4FA45F0305845F0385311
:10A6DC00C4F800802360FFF7BBFAC4F80080FFF7D2
:10A6EC00B7FA079B03F00F0845EA886848F0007337
:10A6FC00C4F800802360FFF7ABFAC4F80080FFF7C2
:10A70C00A7FA069B03F00F0845EA886848F0007327
:10A71C00C4F800802360FFF79BFAC4F80080FFF7B1
:10A72C0097FA059B03F00F0845EA886848F0007318
:10A73C00C4F800802360FFF78BFAC4F80080FFF7A1
:10A74C0087FA039B03F00F0845EA886848F000730A
:10A75C00C4F800802360FFF77BFAC4F80080FFF791
:10A76C0077FA029B03F00F0845EA886848F00073FB
:10A77C00C4F800802360FFF76BFAC4F80080FFF781
:10A78C0067FA049B45EA836848F00073C4F80080BC
:10A79C002360FFF75DFAC4F80080FFF759FA63688D
:10A7AC00019923F0705363604A4BD3F800B0BBF1AE
:10A7BC00000F11D0B2464FF0000845F00076019121
:10A7CC0008F101082660FFF743FA2560FFF740FA0D
:10A7DC00D845F5D101995646B9F1000F68D009EB6F
:10A7EC00060206F1FF3A45F00076CDF8049002F12E
:10A7FC00FF3BD046CDE902122660FFF729FAD4F8C8
:10A80C0008A02560FFF724FA266000BF00BF00BF38
:10A81C0000BF00BF00BF00BF00BF00BF00BF00BF34
:10A82C0000BF00BF00BF00BF00BF00BF00BF00BF24
:10A83C0000BF00BF00BF00BF00BF00BF00BF00BF14
:10A84C0000BF00BF00BF00BF00BFFEF725FBD4F860
:10A85C0008902560FFF7FCF9C9F383634FEA9A610E
:10A86C0043EA011308F8013FD845C5D1144B039AAC
:10A87C001D68DDE901912560636843F07D536360D9
:10A88C00009BB3EB090300930FD0494416460B0D04
:10A89C0007930B0C06930B0B05930B0A03930B09F5
:10A8AC00029301F00F030493E2E609B0BDE8F08FC8
:10A8BC00034B1D682560636843F07D536360D7E6E6
:10A8CC0070450020B445002000C00042F014002068
:10A8DC00F4140020F814002008B500BF00BF00BF1E
:10A8EC0000BF00BF00BF00BF00BF00BF00BF00BF64
:10A8FC0000BF00BF00BF00BF00BF00BF00BF00BF54
:10A90C0000BF00BF00BF00BF00BF00BF00BF00BF43
:10A91C0000BF00BF00BF00BF00BFFFF799F908BD23
:10A92C002DE9F04180460F4607250A4E47FA05F4FB
:10A93C00A40604F0806444EA080444F00073346014
:10A94C003360FFF7C9FF3460FFF7C6FF013DEDD25E
:10A95C00BDE8F08100C00042002A6FD0384B2DE9D1
:10A96C00F04F904685B0C2B21B680E46354D03922F
:10A97C004FEA104B4246DFF8DC9080464FEA102A33
:10A98C000193D9F80410304B41F07D512F4C1868CD
:10A99C002F4BC9F8041090421968019B28BF104630
:10A9AC001C43074624EA010424F0785444F0405434
:10A9BC00C9F80040296841B1002100BF01312B6862
:10A9CC009942FAD31E4B1B68019302212046029236
:10A9DC00FFF7A6FF5FFA8BF12046FFF7A1FF204699
:10A9EC005FFA8AF1FFF79CFF03992046FFF798FF67
:10A9FC00029AE7B107EB060B013E02920BF1FF3A0C
:10AA0C0016F8011F2046FFF78BFF5645F8D1DDE9FC
:10AA1C000132D21BC9F800300DD0B8445E465FFA43
:10AA2C0088F34FEA184B4FEA182A0393A9E7019BC6
:10AA3C00C9F80030A5E705B0BDE8F08F704700BF3E
:10AA4C0070450020B4450020F014002000014001A6
:10AA5C00F414002000C00042002A00F09581194B2C
:10AA6C002DE9F04F1D6885B0C3B20E46DFF864B017
:10AA7C004FEA102A03934FEA1049134F0346134C25
:10AA8C00616845F00125124841F07D5145F480057F
:10AA9C0000686160DBF80010904225EA010528BFD0
:10AAAC00104625F07855804645F0405020603968B6
:10AABC0091B14FF0000C00BF0CF1010C39688C45C2
:10AACC00F9D309E070450020B445002000C00042D5
:10AADC00F0140020F414002003210090CDE9013281
:10AAEC00FFF71EFF00985FFA89F1FFF719FF009836
:10AAFC005FFA8AF1FFF714FF03990098FFF710FF34
:10AB0C006168029A21F00061DDE900036160B8F12F
:10AB1C00000F00F02E8108EB060C45F04855013E65
:10AB2C000CF1FF394FF0080E4FF0000A256000BF02
:10AB3C0000BF00BF00BF00BF00BF00BF00BF00BF11
:10AB4C0000BF00BF00BF00BF00BF00BF00BF00BF01
:10AB5C0000BF00BF00BF00BF00BF00BF00BF00BFF1
:10AB6C0000BF00BF00BF00BF00BF00BF00BF00BFE1
:10AB7C0000BF00BF00BF00BF00BF00BF00BF00BFD1
:10AB8C0000BF00BF00BF00BF00BF00BF00BF00BFC1
:10AB9C0000BF00BF00BF00BF00BF00BF00BF00BFB1
:10ABAC0000BF00BF00BF00BF00BF00BF00BF00BFA1
:10ABBC0000BF00BF00BF00BF00BF00BF00BF00BF91
:10ABCC0000BF00BF00BF00BF00BF00BF00BF00BF81
:10ABDC0000BF00BF00BF00BF00BF00BF00BF00BF71
:10ABEC0000BF00BF00BF00BF00BF00BF00BF00BF61
:10ABFC0000BF00BF00BF00BF00BF00BF00BF00BF51
:10AC0C0000BF00BF00BF00BF00BF00BF00BF00BF40
:10AC1C0000BF00BF00BF00BF00BF00BF00BF00BF30
:10AC2C0000BF00BF00BF00BF00BF00BF00BFA168D6
:10AC3C002060C1F3C06141EA4A0A00BF00BF00BFF7
:10AC4C0000BF00BF00BF00BF00BF00BF00BF00BF00
:10AC5C0000BF00BF00BF00BF00BF00BF00BF00BFF0
:10AC6C0000BF00BF00BF00BF00BF00BF00BF00BFE0
:10AC7C0000BF00BF00BF00BF00BF00BF00BF00BFD0
:10AC8C0000BF00BF00BF00BF00BF00BF00BF00BFC0
:10AC9C0000BF00BF00BF00BF00BF00BF00BF00BFB0
:10ACAC0000BF00BF00BF00BF00BF00BF00BF00BFA0
:10ACBC0000BF00BF00BF00BF00BF00BF00BF00BF90
:10ACCC0000BF00BF00BF00BF00BF00BF00BF00BF80
:10ACDC0000BF00BF00BF00BF00BF00BF00BF00BF70
:10ACEC0000BF00BF00BF00BF00BF00BF00BF00BF60
:10ACFC0000BF00BF00BF00BF00BF00BF00BF00BF50
:10AD0C0000BF00BF00BF00BF00BF00BF00BF00BF3F
:10AD1C0000BF00BF00BF00BF00BF00BF00BF00BF2F
:10AD2C0000BF00BF00BF00BF00BF00BF00BF00BF1F
:10AD3C0000BF00BF00BF00BF00BFBEF1010E7FF41B
:10AD4C00F5AE06F801AF4E457FF4ECAE0F49B2EB11
:10AD5C0008020D682560616841F07D51616010D07A
:10AD6C0043446646D9B24FEA13494FEA132A03917A
:10AD7C0086E606490D682560616841F07D51616089
:10AD8C007EE605B0BDE8F08F704700BF704500202F
:10AD9C002DE9F04F87B005910092002A00F0A581B3
:10ADAC00384B8146384F1D68030C384C0393030A0B
:10ADBC000293C3B20493636845F00125344A43F00F
:10ADCC007D5345F4800511686360009B8B4228BF5E
:10ADDC000B469B462F4B196825EA010525F0785345
:10ADEC0043F0405AC4F800A0396839B14FF0000C58
:10ADFC0000BF0CF1010C3A689445F9D30B21504675
:10AE0C000193FFF78DFD9DF80C105046FFF788FD60
:10AE1C009DF808105046FFF783FD04995046FFF744
:10AE2C007FFD61681C4B21F0006161601D68019B16
:10AE3C00B5B1A846CDF8049055464FF0000943F043
:10AE4C0048569A4609F101092660FFF745FD256031
:10AE5C00FFF742FDC145F5D15346DDF80490AA46F3
:10AE6C00BBF1000F00F0448143F04855059B0BEB00
:10AE7C0003012E4603F1FF3C554601F1FF38082231
:10AE8C0000200BE070450020B445002000C00042BB
:10AE9C00F0140020F4140020FC140020266000BFE5
:10AEAC0000BF00BF00BF00BF00BF00BF00BF00BF9E
:10AEBC0000BF00BF00BF00BF00BF00BF00BF00BF8E
:10AECC0000BF00BF00BF00BF00BF00BF00BF00BF7E
:10AEDC0000BF00BF00BF00BF00BF00BF00BF00BF6E
:10AEEC0000BF00BF00BF00BF00BF00BF00BF00BF5E
:10AEFC0000BF00BF00BF00BF00BF00BF00BF00BF4E
:10AF0C0000BF00BF00BF00BF00BF00BF00BF00BF3D
:10AF1C0000BF00BF00BF00BF00BF00BF00BF00BF2D
:10AF2C0000BF00BF00BF00BF00BF00BF00BF00BF1D
:10AF3C0000BF00BF00BF00BF00BF00BF00BF00BF0D
:10AF4C0000BF00BF00BF00BF00BF00BF00BF00BFFD
:10AF5C0000BF00BF00BF00BF00BF00BF00BF00BFED
:10AF6C0000BF00BF00BF00BF00BF00BF00BF00BFDD
:10AF7C0000BF00BF00BF00BF00BF00BF00BF00BFCD
:10AF8C0000BF00BF00BF00BF00BF00BF00BF00BFBD
:10AF9C0000BF00BF00BF00BF00BF00BF00BFA36861
:10AFAC002560C3F3C06343EA400000BF00BF00BF8D
:10AFBC0000BF00BF00BF00BF00BF00BF00BF00BF8D
:10AFCC0000BF00BF00BF00BF00BF00BF00BF00BF7D
:10AFDC0000BF00BF00BF00BF00BF00BF00BF00BF6D
:10AFEC0000BF00BF00BF00BF00BF00BF00BF00BF5D
:10AFFC0000BF00BF00BF00BF00BF00BF00BF00BF4D
:10B00C0000BF00BF00BF00BF00BF00BF00BF00BF3C
:10B01C0000BF00BF00BF00BF00BF00BF00BF00BF2C
:10B02C0000BF00BF00BF00BF00BF00BF00BF00BF1C
:10B03C0000BF00BF00BF00BF00BF00BF00BF00BF0C
:10B04C0000BF00BF00BF00BF00BF00BF00BF00BFFC
:10B05C0000BF00BF00BF00BF00BF00BF00BF00BFEC
:10B06C0000BF00BF00BF00BF00BF00BF00BF00BFDC
:10B07C0000BF00BF00BF00BF00BF00BF00BF00BFCC
:10B08C0000BF00BF00BF00BF00BF00BF00BF00BFBC
:10B09C0000BF00BF00BF00BF00BF00BF00BF00BFAC
:10B0AC0000BF00BF00BF00BF00BF013A7FF4F6AE87
:10B0BC000CF8010FC4457FF4E2AE114B1D68009BE8
:10B0CC0025606068B3EB0B0340F07D50606000932B
:10B0DC000BD0D94405914FEA194303934FEA192336
:10B0EC0002935FFA89F3049365E607B0BDE8F08F2D
:10B0FC00034B1D682560636843F07D5363605AE61B
:10B10C00704500202DE9F04F87B00092002A00F026
:10B11C0031819C4B80469C4E4FEA105B1D68030CA2
:10B12C009A4C00F00F0A0593030B0F460493030A85
:10B13C00039303090293616845F00125944B41F098
:10B14C007D5145F48005186861600099914B8142EE
:10B15C0028BF0146186825EA000525F078552560BA
:10B16C00306838B14FF0000C00BF0CF1010C3368A3
:10B17C009C45F9D345F0606345F040690191C4F8F2
:10B18C0000902360FFF7A8FBC4F80090FFF7A4FB26
:10B19C0045F0005945F00853C4F800902360FFF7C0
:10B1AC009BFBC4F80090FFF797FB0BF00F0045EAF0
:10B1BC00806949F00073C4F800902360FFF78CFBA2
:10B1CC00C4F80090FFF788FB059B03F00F0045EADD
:10B1DC00806949F00073C4F800902360FFF77CFB92
:10B1EC00C4F80090FFF778FB049B03F00F0045EACE
:10B1FC00806949F00073C4F800902360FFF76CFB82
:10B20C00C4F80090FFF768FB039B03F00F0045EABE
:10B21C00806949F00073C4F800902360FFF75CFB71
:10B22C00C4F80090FFF758FB029B03F00F0045EAAF
:10B23C00806949F00073C4F800902360FFF74CFB61
:10B24C00C4F8009045EA8A69FFF746FB49F00073A1
:10B25C00C4F800902360FFF73FFBC4F80090FFF7A1
:10B26C003BFB0199002900F0888001EB070BCDF81E
:10B27C0004808A4607F1FF380BF1FF3918F8017F7B
:10B28C003F0945EA876747F000722760226000BFDC
:10B29C0000BF00BF00BF00BF00BF00BF00BF00BFAA
:10B2AC0000BF00BF00BF00BF00BF00BF00BF00BF9A
:10B2BC0000BF00BF00BF00BF00BF00BF00BF00BF8A
:10B2CC0000BF00BF00BF00BF00BF00BF00BFFEF744
:10B2DC00BFFC276000BF00BF00BF00BF00BF00BFA6
:10B2EC0000BF00BF00BF00BF00BF00BF00BF00BF5A
:10B2FC0000BF00BF00BF00BF00BF00BF00BF00BF4A
:10B30C0000BF00BF00BF00BF00BF00BF00BF00BF39
:10B31C0000BF00BFFEF79CFC98F8007007F00F0709
:10B32C0045EA876747F0007227602260FFF7D4FA7E
:10B33C002760FFF7D1FAC845A0D1124BDDF8048085
:10B34C001D68009B2560B3EB0A03009312D0D04418
:10B35C005F464FEA184308F00F0A4FEA185B059353
:10B36C004FEA183304934FEA182303934FEA181348
:10B37C000293E0E607B0BDE8F08F024B1D68256034
:10B38C00D9E600BF70450020B445002000C0004243
:10B39C00F0140020F41400202DE9F04F89B0009235
:10B3AC00002A00F030819D4B0E469D4F01461D68D2
:10B3BC00030D9C4C0793030C0693030B0593030A94
:10B3CC0003930309029300F00F030493636845F0A1
:10B3DC000125954A43F07D5345F48005126863605E
:10B3EC00009B934228BF13469946904B1B6825EA55
:10B3FC00030525F0785525603B682BB1002300BF71
:10B40C0001333A689342FAD345F0685345F06058DB
:10B41C000191C4F800802360FFF75EFAC4F8008045
:10B42C00FFF75AFA45F0305845F03853C4F800800D
:10B43C002360FFF751FAC4F80080FFF74DFA079B21
:10B44C0003F00F0845EA886848F00073C4F80080E0
:10B45C002360FFF741FAC4F80080FFF73DFA069B22
:10B46C0003F00F0845EA886848F00073C4F80080C0
:10B47C002360FFF731FAC4F80080FFF72DFA059B23
:10B48C0003F00F0845EA886848F00073C4F80080A0
:10B49C002360FFF721FAC4F80080FFF71DFA039B25
:10B4AC0003F00F0845EA886848F00073C4F8008080
:10B4BC002360FFF711FAC4F80080FFF70DFA029B26
:10B4CC0003F00F0845EA886848F00073C4F8008060
:10B4DC002360FFF701FAC4F80080FFF7FDF9049B25
:10B4EC0045EA836848F00073C4F800802360FFF7D6
:10B4FC00F3F9C4F80080FFF7EFF96368019923F0C2
:10B50C00705363604A4BD3F800B0BBF1000F11D0FD
:10B51C00B2464FF0000845F00076019108F10108A1
:10B52C002660FFF7D9F92560FFF7D6F9D845F5D194
:10B53C0001995646B9F1000F68D009EB060206F1E5
:10B54C00FF3A45F00076CDF8049002F1FF3BD0466F
:10B55C00CDE902122660FFF7BFF9D4F808A02560E8
:10B56C00FFF7BAF9266000BF00BF00BF00BF00BFE5
:10B57C0000BF00BF00BF00BF00BF00BF00BF00BFC7
:10B58C0000BF00BF00BF00BF00BF00BF00BF00BFB7
:10B59C0000BF00BF00BF00BF00BF00BF00BF00BFA7
:10B5AC0000BF00BF00BFFEF753FBD4F80890256026
:10B5BC00FFF792F9C9F383634FEA9A6143EA0113E7
:10B5CC0008F8013FD845C5D1144B039A1D68DDE935
:10B5DC0001912560636843F07D536360009BB3EB7E
:10B5EC00090300930FD0494416460B0D07930B0C1F
:10B5FC0006930B0B05930B0A03930B09029301F0B3
:10B60C000F030493E2E609B0BDE8F08F034B1D680D
:10B61C002560636843F07D536360D7E67045002076
:10B62C00B445002000C00042F0140020F4140020A7
:10B63C00F81400206F49704B0A682DE9F04742F06E
:10B64C00020205240A60DC665C679C67DC67C3F851
:10B65C008040C3F88440C3F88840BFF34F8F01216A
:10B66C00022001F06DFF0121032001F069FF01218F
:10B67C00042001F065FF20460121302401F060FF19
:10B68C005E4B4FF48072C3F88420E0B20134012188
:10B69C0001F056FF372CF8D1584B4FF0E020584AA8
:10B6AC001C6858492243584D1A6005F500665A68C3
:10B6BC0042F07D525A600022D0F8FC3D43F080737A
:10B6CC00C0F8FC3D0B6843F001030B60294602F007
:10B6DC007F032532403B01F8013FB142F7D14B4A81
:10B6EC004B4B02F5805E93F90070083313F9064C4E
:10B6FC0013F9070CBFB213F9051CA4B213F904AC6F
:10B70C0080B213F9029C89B213F9038C47EA0A47F9
:10B71C0013F901CC44EA094440EA084041EA0C41DF
:10B72C00C2E90074C2E9020110327245DBD1394C16
:10B73C00DFF808E104F58057AEF10403204613F955
:10B74C00011F083093F9042089B293F908809E45B3
:10B75C0093F90CC092B241EA084142EA0C4240E92A
:10B76C000212ECD120340EF1100EA742E4D10023CA
:10B77C0015F9012FB5421344FAD1274C0022274D5D
:10B78C0040F2EE2826492748236001F037FA264C70
:10B79C00264FDFF8AC902E6803F03CFA2378E3B127
:10B7AC003B78DB0719D52B68D9F800209B1A0E2B98
:10B7BC0013D94FF4967001F06DFE40211C4803F034
:10B7CC00ADF91C4801F0C2FC41211B4803F0A6F95D
:10B7DC001848BDE8F04701F0B9BC2B6822789B1BD8
:10B7EC002AB1B3F5FA6FE4D803F014FAD4E7434561
:10B7FC00FAD9DEE700402A4000801F4000C000421A
:10B80C0000014001001000E09F3C0020B8550020D2
:10B81C00A03C0020B8450020B8650020D06700206F
:10B82C0040420F0030140020046800200368002000
:10B83C00D009002020140020140A0020A33C002072
:10B84C00E067002010B5044604F052FB02460B489A
:10B85C00214601F053FC094801F078FC022108480C
:10B86C0003F05CF9204604F043FB0146204603F04C
:10B87C0055F90448BDE8104001F068BC30140020B4
:10B88C00580A0020201400202DE9F04F9DB0984854
:10B89C0001F0D2F8A8B1964801F01EF9954BC0B250
:10B8AC001B780A2810D00D280ED03E2BEFD89249C9
:10B8BC005A1CC8548F4B8E481A7001F0BDF80028E2
:10B8CC00E9D11DB0BDE8F08F002BE0D08A4C0020F0
:10B8DC0002228A49E0548A4802F0E2FD204604F034
:10B8EC0007FB21460246864802F0DAFD844801F047
:10B8FC002DFC2378834A423BD2F80490362B38D85F
:10B90C00DFE813F03E003700E20037001C01500165
:10B91C0037001302240231027A02F102910337003C
:10B92C00AA03390558057F05E0060E071E076007B8
:10B93C008D073700370037003700370037003700E6
:10B94C00370037003E003700E20037001C01500181
:10B95C0037001302240231027A02F10291033700FC
:10B96C00AA03390558057F05E0060E071E07600778
:10B97C008D076548FFF766FF00235E4A137086E764
:10B98C000120624FF7F71EF904460220F7F71AF967
:10B99C00C1B2E0B25E4CF7F783FD5E4BD7F8008086
:10B9AC001A685D4B48EA030323EA020323F0785933
:10B9BC005A4B5A6849F0405642F07D525A60C3F8CF
:10B9CC00009025683DB1002300BF01332568AB42D0
:10B9DC00FAD3D7F800800F214846F7F7D5FE484632
:10B9EC000521DFF854A1F7F7CFFE4C4B4548C3F8BF
:10B9FC0000804B4A4368DAF80010A2FB0121890C45
:10BA0C0001EB81014268D21A9142FBD8434A16607D
:10BA1C003DB1002200BF01322568AA42FAD3D7F803
:10BA2C00008066213046F7F7C3FE3C4A3548C2F821
:10BA3C00008002F18D72436802F58F32DAF8001043
:10BA4C008332A2FB0121890C01EB81014268D21ADD
:10BA5C009142FBD8314A16603DB1002200BF013241
:10BA6C0023689A42FAD3D7F800802C4D992130469E
:10BA7C00F7F79EFE0220C5F8008001F00BFD294A65
:10BA8C00127872B92E60216821B100BF013223688F
:10BA9C009A42FAD335213046F7F78AFE39681F4AA5
:10BAAC001160184932251E4C4868DAF80020A4FBB6
:10BABC000242920C05FB02F24B681B1A9A42FBD80D
:10BACC001948FFF7BFFE57E70120F7F77BF8182856
:10BADC000346164AA8BF182323EAE3731360144ADB
:10BAEC006021144803F0CCFF1248FFF7ABFE43E78C
:10BAFC0030140020F2670020744500205C0A0020FE
:10BB0C0020140020001000E0B80B0020704500202D
:10BB1C00B4450020F41400200001400100C0004294
:10BB2C0083DE1B43F6670020B80A0020F8140020BF
:10BB3C00DC0A0020104500201C1400200120F7F71F
:10BB4C0041F804460220F7F73DF8074620B30026DB
:10BB5C00954DB91BA019B1F5005F28BF4FF40051EA
:10BB6C00B74213D02B7800EB400203EBC30302EB7C
:10BB7C00421203EBC3033B339B1A8C4A01EB020CBE
:10BB8C0002F8013B9445A3F16303F9D106F5005685
:10BB9C00F7F72CF8B742DCD8854B864A5B68A3EBE9
:10BBAC0009039DE701200DF16008F7F70BF87E4BB8
:10BBBC00C5B282461B7819A905EB450203EBC303FA
:10BBCC0002EB421203EBC3033B339B1A424602F8CF
:10BBDC00013B9142A3F16303F9D1774B774F19786D
:10BBEC00774B784E1878F7F75BFCD7F800B0764BAC
:10BBFC004BEA0606754C1A68754B26EA02065A681B
:10BC0C0026F0785642F07D5246F040595A601E603C
:10BC1C0022683AB1002300BF013322689342FAD361
:10BC2C00D7F800B00F2130460892F7F7ADFD05218B
:10BC3C003046F7F7A9FD664B5D48C3F800B003F139
:10BC4C008D73644903F58F33D0F804C009688333CE
:10BC5C00089AA3FB0131890C01EB81014368A3EB2A
:10BC6C000C039942FAD85A4BC3F800902AB100231E
:10BC7C0000BF013322689342FAD348460321F7F7F9
:10BC8C0097FDCAF307414846514CF7F791FDCAF3AB
:10BC9C00072148460DF15C0AF7F78AFD484629460C
:10BCAC00F7F786FD636823F0006363603B4646F05C
:10BCBC0048574E4699464FF0080B0025276000BFA9
:10BCCC0000BFF7F757FDA3682660C3F3C06343EAD0
:10BCDC00450500BF00BFF7F74DFDBBF1010BEDD1E2
:10BCEC000AF8015BD045E6D1D9F8003023606368CF
:10BCFC0043F07D5363609DF863209DF86230CDE97D
:10BD0C0005329DF861209DF86030CDE903329DF835
:10BD1C005F209DF85E30CDE901329DF85D209DF8E5
:10BD2C005C3000922C4A00F0A6BC2A4A4FF4005317
:10BD3C00126800934FF400030192284A60212848AE
:10BD4C0003F09EFE2648FFF77DFD15E60120F6F771
:10BD5C0039FF20280346234AA8BF202323EAE37394
:10BD6C001360214ABCE60120F6F72CFF1F4AC3B230
:10BD7C00012B137000F0F585022B00F0FD85032BD1
:10BD8C0000F0FD8541F2B001194AC2F86C12C2F8FC
:10BD9C007012C2F87412C2F87812BFF34F8FD2F837
:10BDAC006C220092134A23E3F4670020C01A00208F
:10BDBC00001000E0000B0020F3670020704500200D
:10BDCC00F567002000014001F4140020B445002068
:10BDDC0000C000421C140020640B0020600A0020EC
:10BDEC0010450020FC140020EC0A0020F76700200E
:10BDFC0000801F40F40A00200120F6F7E3FE834682
:10BE0C000220F6F7DFFE00230746CDE91833CDE913
:10BE1C001A33002800F0CD859A461C46A7EB04097E
:10BE2C000BEB0405B9F5005F284628BF4FF4005909
:10BE3C004946F6F7F9FEA7423FD07F4B05EB450587
:10BE4C00DFF810E24FF0000C1B7805EB4515264689
:10BE5C0003EBC30303EBC30303F13B01491B1EF8C4
:10BE6C00010B18AA002308914840C0F3031500F0F9
:10BE7C000F0045FA03F140FA03F4013311F0010FFE
:10BE8C0002D0116801311160E10702D5116801314E
:10BE9C001160042B02F10402EBD10CF1010C089996
:10BEAC00CC45A1F16301DAD30AF1020AB74218BFFB
:10BEBC00A9F1010934460AEB490A04F50054A742DA
:10BECC00ACD8DDE91872DDE91A3101933B460092DA
:10BEDC005A4ACDE9021A6021594803F0D1FD58485D
:10BEEC00FFF7B0FC48E50120F6F76CFE8346022014
:10BEFC00F6F768FE04460320F6F764FE514B5E68C5
:10BF0C00002C00F05E85A3444FF0000915961490A8
:10BF1C00CDE912B4B4F5005F2346129A28BF4FF452
:10BF2C000053101B19460E93F6F77EFE149B022B42
:10BF3C0000F0A284072C40F21A85DFF818814FF02C
:10BF4C00000E414FC8F10803C4464FF0000811948D
:10BF5C00CDE90F394FF0000907EB09140F9D4FEA9B
:10BF6C00890009F10201A66857F820B05FFA81F93F
:10BF7C000996E668DCE900230CF1080C0A962669A0
:10BF8C00100905EB0C0A65680B961909089502F067
:10BF9C000F32656900F00F3003F00F3301F00F31F1
:10BFAC000C95089DD4E906640D942FFA82F42FFAAF
:10BFBC0092F224FB0BE422FB0542099D2FFA80F43C
:10BFCC002FFA90F024FB05240A9A0C9D20FB024EBC
:10BFDC002FFA83F20B982FFA93F322FB008223FBA8
:10BFEC0005232FFA81F22FFA91F122FB06320D9BD9
:10BFFC0021FB03280E9B5345AED20EEB0803DDE963
:10C00C0010940E9A1149920A096801FB02F2A3EBF3
:10C01C00C2039944139AC4F50053D342C0F09784D9
:10C02C00A4F5005476E70120F6F7CCFD024B084A44
:10C03C001870C3B254E500BFF4670020940B0020C5
:10C04C0010450020001000E0B8550020B865002015
:10C05C00D40A0020C01A002000230120CDE9183397
:10C06C00F6F7B0FDC4B20220F6F7ACFDC94B4FF0A9
:10C07C008072C3F884204FF48002C3F884204FF4FC
:10C08C008072C3F88420002C00F06E84012C00F028
:10C09C008D84022C16D1C5074FF0100240F182841A
:10C0AC00C3F884208407BB4B4FF0200240F1768408
:10C0BC00C3F884204007B74B4FF0400240F16A842C
:10C0CC00C3F884200525B44CDFF8E4A2B34A6068B9
:10C0DC00DAF80010A2FB0121890C01EB81016368E5
:10C0EC001B1A9942FBD80121352001F029FAA94EDF
:10C0FC004FF00072012132204FEA051BC6F8882050
:10C10C0001F01EFA4FF0805201213620C6F884202F
:10C11C0001F016FA4FF0005201213420C6F88420A9
:10C12C009F4E01F00DFA0121312006EB05159A4FB7
:10C13C0001F006FAEA6856F80B50C5F88820974AC1
:10C14C006068DAF80010A2FB0121890C7B681B1ACD
:10C15C009942FBD88F4C4FF080624FF000634FF048
:10C16C0080594FF00058C4F88420C4F88430C4F8C7
:10C17C008490C4F88480F5F7EFFE4FF080624FF0A6
:10C18C000063C4F88420C4F88830C4F88490C4F8E0
:10C19C008880F5F7E1FE06EB0B027F48D268C5F804
:10C1AC008420C4F88490C4F884807C687B4ADAF8D4
:10C1BC000010A2FB0121890C01EB810143681B1BC0
:10C1CC009942FBD806EB0B02734CD268C5F8882059
:10C1DC00724A4068DAF80010A2FB0121890C6368EE
:10C1EC001B1A9942FBD86620F6F7CEFC06EB0B0225
:10C1FC0056F80B50D2686848C5F88420674A6468C2
:10C20C00DAF80010A2FB0121890C01EB81014368D3
:10C21C001B1B9942FBD806EB0B025F4CD268C5F88E
:10C22C0088205E4A4068DAF80010A2FB0121890CD4
:10C23C0063681B1A9942FBD806EB0B059920F6F79D
:10C24C00A3FC56F80B20E9680220C2F8841001F018
:10C25C0021F9E96856F80B204F48C2F888104F4A6C
:10C26C006468DAF80010A2FB0121890C43681B1BDF
:10C27C009942FBD89F20474DF6F786FC0020F6F735
:10C28C0083FC0DF15F0900200DF16707424CF6F7B6
:10C29C007BFCDFF808810020F6F776FC31200021CA
:10C2AC0001F04EF908204FF0000C4FF0007EC5F85D
:10C2BC0084E0AB686168C3F3C063DAF8002043EA3A
:10C2CC004C0CA8FB0232920C63685B1A9A42FBD8A6
:10C2DC00C5F888E06168DAF80020A8FB0232920CFD
:10C2EC0063685B1A9A42FBD80138E0D109F801CF98
:10C2FC00B945D3D106EB0B0156F80B20274BC96877
:10C30C00C2F884106068DAF800202349A3FB0232DB
:10C31C00920C02EB82024B681B1A9A42FBD81D4B03
:10C32C004FF080723024C3F884204FF48002C3F89D
:10C33C0084204FF48072C3F88420E0B201340121D0
:10C34C0001F0FEF8372CF8D1124A536843F07D53B4
:10C35C0053609DF860200D2A00F0148300239DF893
:10C36C006310009203919DF862100E4A02919DF8A1
:10C37C0061100191AFE50120F6F724FC0228034679
:10C38C0040F2ED8200210B46074A1170074AFFF775
:10C39C00A7BB00BF00C00042001000E083DE1B43BF
:10C3AC0054060020A40A0020F6670020E40A0020AE
:10C3BC001C1400200120B44DF6F704FCB0F5005F0E
:10C3CC00B24EA8BF4FF40050D5F8008004280446A4
:10C3DC004FF00000B8BF042421462C607768F6F7B4
:10C3EC0023FC72682346C5F80080D21B0092A84A31
:10C3FC006021A84803F044FBA648FFF723FAFFF797
:10C40C00BBBA01200DF16008F6F7DCFBA24BC2B2FF
:10C41C0009901B78089202EB420203EBC30302EB78
:10C42C00421203EBC3033B339B1A17AA02F8013BDE
:10C43C004245A3F16303F9D1984B994F1978994B65
:10C44C00994C1878F7F72CF8984BD7F800B01A6875
:10C45C00974B4BEA030323EA020323F07856954BE0
:10C46C005A6846F0405542F07D525A601E60226870
:10C47C003AB1002300BF013322689342FAD3D7F8B4
:10C48C0000B00F2130460A92F7F77EF905213046AD
:10C49C00F7F77AF9DFF828A2864BDFF8F0C1C3F87A
:10C4AC0000B08549DCF80430DAF800000A9AA1FBE8
:10C4BC000010800C00EB8000DCF80410C91A8842D4
:10C4CC00FAD87C490D603AB1002100BF01312268D5
:10C4DC009142FAD3D7F800B0662128460A92F7F7B2
:10C4EC0067F97449DFF8A4C1C1F800B001F18D718E
:10C4FC00DCF8043001F58F31DAF800000A9A833148
:10C50C00A1FB0010800C00EB8000DCF80410C91AB1
:10C51C008842FAD867490D603AB1002200BF013257
:10C52C0023689A42FAD3D7F800B099212846F7F736
:10C53C003FF9604A0220C2F800B000F0ABFF5D4A40
:10C54C00156022682AB1002100BF01312268914296
:10C55C00FAD3022128460B92F7F72AF9099B2846B1
:10C56C00C3F3074319460A93F7F722F9099B2846A8
:10C57C00C3F3072B5946F7F71BF908992846F7F729
:10C58C0017F90994DDF82C9017AC14F8011B284608
:10C59C00F7F70EF94445F8D138684A464549099CE5
:10C5AC0008603A49DFF810C14868DAF80030ACFB93
:10C5BC00033C4FEA9C4C0CEB8C0C4B681B1A9C45B7
:10C5CC00FBD83C4B1D602AB1002300BF013322680D
:10C5DC009342FAD303212846F7F7EAF80A9928463A
:10C5EC00344CF7F7E5F85946284646F04856F7F725
:10C5FC00DFF8089928460DF1640AF7F7D9F8636853
:10C60C0023F0006363604FF0080B4FF000092660C5
:10C61C0000BF00BFF7F7AEF8A3682560C3F3C06393
:10C62C0043EA490900BF00BFF7F7A4F8BBF1010BBF
:10C63C00EDD108F8019BC245E5D13B6823606368E6
:10C64C0043F07D5363609DF85F209DF85E30CDE92B
:10C65C0005329DF85D209DF85C30CDE903329DF8E4
:10C66C0063209DF86230CDE901329DF861209DF880
:10C67C0060300092114A6021064803F001FA054827
:10C68C00FFF7E0F8FFF778B9F0140020001000E095
:10C69C00140B002010450020F4670020F3670020E5
:10C6AC0070450020F5670020B4450020F4140020EC
:10C6BC000001400100C0004283DE1B43340B00200C
:10C6CC001C1400200120F6F77DFA05460220F6F72F
:10C6DC0079FA04460320F6F775FA0E2C21462B4600
:10C6EC00A8BF0E210E2D0246B74CA8BF0E23602802
:10C6FC0021EAE171B548A8BF602223EAE373082A56
:10C70C00B8BF08220192237050F8233050F8210052
:10C71C000090AF480170AF490A60AF4AFFF70EBBFB
:10C72C000120F6F74FFAB0F5C87F0346AB4AA8BF15
:10C73C004FF4C87323EAE3731360A94AFFF7D0B927
:10C74C000120F6F73FFA06460220F6F73BFA804640
:10C75C00002800F034810024A24F2546A8EB050ADE
:10C76C0006EB050BBAF5005F584628BF4FF4005A8C
:10C77C005146F6F759FAA84518D03B780BEB4B0B02
:10C78C00994A03EBC3030BEB4B1B924403EBC30320
:10C79C003B33A3EB0B03DBB212F8010BA3F16301E8
:10C7AC009842CBB218BF01345245F5D105F500556E
:10C7BC00A845D3D88D4A23465268A2EB09020092B1
:10C7CC008B4A15E60120884CF6F7FCF9854BB0F541
:10C7DC00005F1A78A8BF4FF4005002EBC202042885
:10C7EC00064602EBC202B8BF04263B32A51904F878
:10C7FC00012BAC42A2F16302F9D1764C31467B4D50
:10C80C000020D4F8008026606F68F6F7EFF96A68AC
:10C81C003346C4F80080D21B0092764AE8E501202A
:10C82C00DFF8EC81F6F7CEF9044602206E4FF6F7EE
:10C83C00C9F9064620463D46182E4FF00104A8BF04
:10C84C001826012EB8BF01263146F6F7EDF958230C
:10C85C00A8F8003002E05B2C3FF7CEAD15F8013B99
:10C86C00C4F1600108EB0400634A03F009F9EB1B07
:10C87C0004449E42EFDCBFE5032C7BD9DFF86881D2
:10C88C004FF0000E0025CDF83C90C8F10403C446CF
:10C89C004FF0000810940D935849EA005CF8043BE3
:10C8AC0001EB45140D9E51F822B09809E76806EB90
:10C8BC000C09990800F0033009971A09276901F04F
:10C8CC00033102F0033203F003330A970135D4E944
:10C8DC0001A605F07F0508966669D4E906740B96E7
:10C8EC000C94089E2FFA83F42FFA93F324FB0BE499
:10C8FC0023FB0A832FFA81FA2FFA91F12AFB064ABD
:10C90C00099C0B9E21FB04312FFA82F30A9C2FFA0F
:10C91C0092F223FB04A322FB06122FFA80F12FFACA
:10C92C0090F021FB073E0C9B20FB03280E9B4B45F4
:10C93C00B2D20EEB0803DDE90F940E9A3049520A7D
:10C94C00096801FB02F2A3EB4203FFF762BB159EE1
:10C95C00264A4B465268921B00922A4A48E50146E9
:10C96C0012E53921FFF710BA3025FFF7ACBB0023D5
:10C97C00FFF747BB0023E0E72349FFF705BA23493C
:10C98C00FFF702BA9DF86130A3F15D03B3FA83F3AC
:10C99C005B09E4E4C3F88820FFF794BBC3F8882054
:10C9AC00FFF788BBC3F88820FFF77CBB3325FFF764
:10C9BC008ABB0146034602468246FFF786BA044606
:10C9CC00F8E6A146C4E700BFD71700209C0400205E
:10C9DC00D6170020F0140020C00A0020B445002017
:10C9EC00CC0A0020F4670020C01A0020001000E0E0
:10C9FC00AC0B0020200B00202C0B0020B845002095
:10CA0C00B8650020080B00203900010039B0010086
:10CA1C001045002001207047B0F84630B0F848208F
:10CA2C009BB292B2934202D2013AD01A7047416B38
:10CA3C0001390A44D01A7047016972B6B0F84A201D
:10CA4C00B0F84C3092B29BB29A423CBF806B121839
:10CA5C00C86AD31A62B6C0F302601844704700BFAC
:10CA6C00B0F84A100246B0F84C3089B29BB29942E9
:10CA7C0010D00133906B116B984298BF00239942F0
:10CA8C0003D9126AD05CC0B270475B1A526AD05C90
:10CA9C00C0B27047D0F810C072B6B0F84A0080B27D
:10CAAC00814201D062B6E4E7DCF82C3013F0E06F81
:10CABC0003D14FF0FF3062B67047DCF81C00002148
:10CACC004FF0010C136AC0F30900A2F84AC0A2F897
:10CADC004C105870EFE700BFB0F84AC00146B0F8F0
:10CAEC004C301FFA8CFC9BB29C4525D0013310B501
:10CAFC00D1F838E09E4515D90A6B1C469A4216D9D6
:10CB0C000A6AD25CD0B28A6DA1F84C404AB19C45FD
:10CB1C001DD3ACEB0303CC6B9C4202D3CB6DC2F8A0
:10CB2C00883010BD00240A6B23469A42E8D8486A24
:10CB3C009A1A825CD0B2E6E76246006972B6B1F826
:10CB4C004AC01FFA8CFC624505D062B6CEE7E644BB
:10CB5C00AEEB0303DFE7C36A13F0E06F03D14FF0D2
:10CB6C00FF3062B67047C069C0F30900F9E700BF37
:10CB7C0090F8443043B110B5044602F04BF894F8E9
:10CB8C004430002BF9D110BD704700BF38B5436954
:10CB9C00D3E90312096811422DD00169044690F8BB
:10CBAC0044200D4632B102F035F894F84430002B95
:10CBBC00F9D163690021104AA961207E03EB0010B2
:10CBCC00007D02EB0010D0F804C00520CCF800006A
:10CBDC0094F819C003EB0C1393F8343002EB0312E6
:10CBEC00A36D52681060A4F84A10A4F84C1013B14D
:10CBFC00E26DC3F8842038BD5406002007EE901A6D
:10CC0C009FED947A0421B6EE005AF8EE677A9FED08
:10CC1C00926A41F6FF7CC7EE275A2DE9F043154680
:10CC2C008E460122046907EE901AF8EEE77A85EE3B
:10CC3C00A77A77EE057AFDEEE77A17EE903A634520
:10CC4C00A8BF6346012BB8BF012307EE903AF8EE5C
:10CC5C00E76A76EEC76AC6EE877AF5EEC07AF1EE31
:10CC6C0010FA01D5F1EE677AF4EEC67AF1EE10FA0D
:10CC7C0003D8B0EE676A8E461A4601312129D2D10B
:10CC8C0041690023866BB1F85870A0F84A30F71B45
:10CC9C00A0F84C30A0F84630C763B1F85A70A0F831
:10CCAC004830F61B80F844300664D1E903763B68C3
:10CCBC003343AE053B60C5F34023837600F1A5807A
:10CCCC00077EDFF8C08101EB0717644B97F814C09F
:10CCDC00D7F81C9008EB0C1CDCF80860DCF804C0DE
:10CCEC003360BB69CCF80030B9F1000F02D03F6A59
:10CCFC00C9F80070477ED92301EB071797F834C0A9
:10CD0C0008EB0C1CDCF808603360BF6BDCF80430FB
:10CD1C001F60437E01EB0313DF6B0FB11B6C3B6099
:10CD2C00BEF1080F0EF1FF3CCCBF4FF0000E4FF0E0
:10CD3C00010E42EA4E434FEA0C6202F0F8521343E2
:10CD4C00002223614B7849681033E260444A42F870
:10CD5C00231042694FF0010E424905F0030C57783D
:10CD6C00B2F85620404B7A544FF0021741694A787A
:10CD7C0003EB521302F01F029B000EFA02F21A6030
:10CD8C00E762A36A43F08803A3626B0734D44CF4C4
:10CD9C007013AF06827E2AD543F08053002A3CD113
:10CDAC002E07A36103D5236943F000532361636904
:10CDBC00EA0654BF23F0805343F080536361EB05C4
:10CDCC0003D5236943F4005323618B686BB1274D62
:10CDDC002C78002C3CD0264B03EB840101E08B42D9
:10CDEC002AD053F8042F9042F9D1BDE8F083002AE1
:10CDFC00D6D043F0A003D3E705F00F03042B14BFE8
:10CE0C001C4B1D4B4CEA0303C3E7477E4FF2D9037F
:10CE1C00DFF8708001EB071770E7427E43F0A00348
:10CE2C0001EB021292F8342008EB0216B668326855
:10CE3C0022F440423260B3E7611C104A104B297057
:10CE4C0043F82400137843F002031370BDE8F08319
:10CE5C000121F2E7001BB74BEC78AD6038F0010014
:10CE6C000018002000E400E040380038F96700208A
:10CE7C00BC3A002010003C0010003C400768002029
:10CE8C00C03A002054060020EFF31380B8B9EFF33A
:10CE9C0010834BB9EFF305823AB94FF48073EFF37B
:10CEAC00118050B1984208D270470F2A02D8EFF384
:10CEBC0011827047034B9B5CF1E7184670474FF0AB
:10CECC00FF30F1E7F0E300E0036D2DE9F041884617
:10CEDC000446066913B1426DC3F88420A37E2BB1BE
:10CEEC0072B6B36943F00053B36162B6B4F84650FE
:10CEFC00636BADB20135AB424CD800273D46B4F85C
:10CF0C0048309BB29D4219D029E073691B0210D5A1
:10CF1C00B4F84830626B9BB201339A4237D91A4647
:10CF2C00E16A99422ED9E169CB5CDBB2F361A4F8DA
:10CF3C004820B4F848309BB2AB4210D1FFF7A4FFA5
:10CF4C006369B3F856308342DFDAB0F5807FF0D1F5
:10CF5C0001F060FEB4F848309BB2AB42EED0E26A0E
:10CF6C00AA4219D9E26902F8058072B6012084F848
:10CF7C004400A4F84670B36943F40003B36162B68D
:10CF8C00BDE8F0815B1AA16ACB5CDBB2CEE7002274
:10CF9C001346C5E72F46B2E7AD1AA26A02F8058020
:10CFAC00E3E700BFFFF790BF0269536913F4401F1A
:10CFBC0070B537D0D36A13F0E06FC3F3026E2ED086
:10CFCC00B0F84A40B0F84C30A4B29EB2D2F81CC0B3
:10CFDC00631CB0F84C10856BCCF3090C89B29D42E4
:10CFEC0098BF0023994208D0016B9942A3EB010131
:10CFFC0066D9016A01F803C01C460EF1FF3313F029
:10D00C00FF0EE3D1836DA0F84A4043B1B4425BD329
:10D01C00A41B016CA14202D8C16DC3F884105369E2
:10D02C00DD0248D4D2F818E01EF4000F28D0536962
:10D03C001C0225D5B0F846C0B0F848301FFA8CFC5D
:10D04C009BB206E0C169C95CC9B2D161D16A49051C
:10D05C0012D463453CD0446B0133C16A9C4298BFE7
:10D06C0000239942A3EB0104ECD8816A095DC9B293
:10D07C00D161D16A4905ECD56345A0F8483029D077
:10D08C001EF4800F16D053695B0213D50021036D7B
:10D09C0080F8441013B1416DC3F88810837E2BB116
:10D0AC0072B6936923F00053936162B6936923F4CB
:10D0BC008003936170BD536943F480135361B1E7EE
:10D0CC00446A04F801C097E7816B891B0C44A0E704
:10D0DC00A0F84830936923F400039361936943F4F7
:10D0EC0080039361CCE700BF0148FFF75DBF00BF31
:10D0FC0030140020084601F0FDBC00BF2DE9F041C2
:10D10C000C46D1B1EAB180468F1800250E4E04E0D2
:10D11C0001F0F0FCBC4205440CD0D8F8003014F8F7
:10D12C00010B1B68B342F3D0014640469847BC4202
:10D13C000544F2D12846BDE8F0810D462846BDE8ED
:10D14C00F0811546F6E700BF05B2000000B5036894
:10D15C0083B040F60D2C022201A95B68ADF804C027
:10D16C00984703B000BD00BF044B022888BF03469C
:10D17C00D3F800C01846DCF80430184720140020FF
:10D18C00A94AAA4B90422DE9F047A94CD3F814E0D8
:10D19C009969D4F80CC000F2088103F1437303F5CC
:10D1AC00F4530333A3FB0023DB0D03EB830303EBEB
:10D1BC00830202F2B63240F227639A4228BF1A4623
:10D1CC009C4BA3FB0232D208203A984D0CF01F0462
:10D1DC00D5F88030944243F0C003C5F880300BD2B0
:10D1EC002CF01F0C924C4CEA020CC4F80CC02368B7
:10D1FC00002BFCDA0CF01F041EF0007327D18E4DAF
:10D20C002E698E4DB54300F0FA8081F48055764638
:10D21C004FF4805716F0605F06D02EF0605E4EEA39
:10D22C00030E824BC3F814E015F4405F07D021F4D1
:10D23C0040517E4D3943A961AB6C1B07FCD44EF0B9
:10D24C00007E7A49C1F814E08B6C9F06FCD47C49B3
:10D25C00884200F2DF80012635460EE0082D0CD105
:10D26C00042E00F291800136022506FB00F38B425E
:10D27C0000F2C3805B008B4206D8013506FB05F338
:10D28C0000FB03F38B42E9D9771E05F1FF384FEA17
:10D29C00872A8EEA87276B4959186B4B99427CD9A0
:10D2AC00DFF8E4916C2369486349B0FBF5F0684DF5
:10D2BC00B0FBF6F00E6835404D4508D043F40053F2
:10D2CC004FF480550D600B600B68002BFCDA57494E
:10D2DC000B6903F00703434504D0C1F810808B6C35
:10D2EC00DE03FCD417F4E05F0BD02EF4E05E0AF4FE
:10D2FC00E0534E4943EA0E0EC1F814E08B6C9D07C7
:10D30C00FCD4544D544945198D4239D8534BED0931
:10D31C00A3FB05352D0B6B1E1B028EEA030111F4CA
:10D32C00407F07D02EF4407E03F440733F4943EA1C
:10D33C000E034B613D494B6923F000734B618B6CC1
:10D34C009B06FCD4464BA242A3FB00134FF0FF31CB
:10D35C004FEA9343B0FBF5F5B1FBF3F34149086099
:10D36C0041490D6041490B6008D22CF01F0C30492B
:10D37C004CEA0202CA600B68002BFCDABDE8F087AD
:10D38C004FF440730425C8E7771E2E494FF0070869
:10D39C004FEA872A59188EEA8727294B99421CD8BD
:10D3AC00DFF8E890362332487EE7324B984201D8BA
:10D3BC000E220AE7304B984228D9304A904227D99E
:10D3CC00821A2F4B120AA3FB0232D20902EB820201
:10D3DC0002EB820202F2E242EDE6A3F1825329480B
:10D3EC00DFF8AC90A3F589337E3BA3FB01310B0D29
:10D3FC0003FB00F043EA090956E7012544E71F4601
:10D40C008EF0C0560D464FF0C05303E70F22DCE6FA
:10D41C001222DAE6012603464FF0000A77464FF057
:10D42C000008354637E700BF001C4E0E00C00F4009
:10D43C00000008401F85EB5100800D4040300080FB
:10D44C00FFB19F26808D5B00FF7EF64D00643F4D43
:10D45C007F3001807FD1F0087F17B42C9F10E5003E
:10D46C0083DE1B431C14002018140020C867002006
:10D47C0000B29F26FF0A6B1B00A4781F0046C32333
:10D48C0023B24C00001BB7006C20008036200080BB
:10D49C000020008000B970472DE9F84F012181462A
:10D4AC00224C234E234D54E8003F3268286844E850
:10D4BC000013002BF7D120494B684FF47A7BDFF82F
:10D4CC007CA01B1A01270BFB02F8DAF80020A2FB48
:10D4DC0003235B4594BF9844D84454E8003F32681A
:10D4EC00286844E80073002BF7D14B68DAF800C0C9
:10D4FC001B1A0BFB02F2ACFB03C3B3F57A7F94BF90
:10D50C00D21802F57A72A2EB0802B2F57A7F08D330
:10D51C00B9F1010F08F57A7809F1FF39DDD1BDE8D1
:10D52C00F88F01F077FB0449D7E700BFD4670020E0
:10D53C00D0670020CC670020001000E0C8670020F6
:10D54C00362831D802011B4B012903EB00109B58E4
:10D55C0000B55A68D0E902EC12D0042910D022EAA6
:10D56C000C025A60C9B102291FD003294FF01502D1
:10D57C000CBF114B114BCEF8003043681A6000BD44
:10D58C0042EA0C0201295A6007D040F63803CEF863
:10D59C000030436815221A6000BD38231522CEF8DE
:10D5AC00003043681A6000BD7047054BCEF8003060
:10D5BC00EFE700BF540600203830010038000100AE
:10D5CC0038F0010008B5FEF735F8FEF75DF901F00B
:10D5DC0021FBFAE7844641EA000313F003036DD103
:10D5EC00403A41D351F8043B40F8043B51F8043B1A
:10D5FC0040F8043B51F8043B40F8043B51F8043B21
:10D60C0040F8043B51F8043B40F8043B51F8043B10
:10D61C0040F8043B51F8043B40F8043B51F8043B00
:10D62C0040F8043B51F8043B40F8043B51F8043BF0
:10D63C0040F8043B51F8043B40F8043B51F8043BE0
:10D64C0040F8043B51F8043B40F8043B51F8043BD0
:10D65C0040F8043B51F8043B40F8043B51F8043BC0
:10D66C0040F8043B403ABDD2303211D351F8043B60
:10D67C0040F8043B51F8043B40F8043B51F8043BA0
:10D68C0040F8043B51F8043B40F8043B103AEDD20F
:10D69C000C3205D351F8043B40F8043B043AF9D260
:10D6AC00043208D0D2071CBF11F8013B00F8013B33
:10D6BC0001D30B8803806046704700BF082A13D340
:10D6CC008B078DD010F003038AD0C3F10403D21A58
:10D6DC00DB071CBF11F8013B00F8013B80D331F88C
:10D6EC00023B20F8023B7BE7043AD9D3013A11F80C
:10D6FC00013B00F8013BF9D20B7803704B78437077
:10D70C008B7883706046704701F1FF3C70B56646BC
:10D71C004FF0000E01E00EF1010EB0FBF2F402FB33
:10D72C001403092B03F1370598BF03F13005904220
:10D73C00204606F8015FEED201EB0E0300225A7070
:10D74C00BEF1000F11D0481C70440CF102021CF801
:10D75C00014F10F8015DA1EB0C03521A8CF800502C
:10D76C00013B047073449A42EFDB084670BD00BF66
:10D77C0010B500234FF470440F224FF4806EA0F8C4
:10D78C008C411946A0F88E214FF46044A0F89031DA
:10D79C000A46B0F8883148F2B82C43F0F003A0F8F0
:10D7AC00883101EB4103013100EB431304299C80C8
:10D7BC00A3F806E05A841A865A805A81A3F80EC040
:10D7CC005A82DA825A83DA83EBD1B0F8883143F08B
:10D7DC000F03A0F88831B0F8883143F47063A0F8D7
:10D7EC00883110BD374B384A996F384841F47F0166
:10D7FC0070B5996741F20106D3F8801045F6C05513
:10D80C0043F226040A43C3F88020FFF7B1FF00F56A
:10D81C008040FFF7ADFF00F58040FFF7A9FF00F552
:10D82C008040FFF7A5FF0022A0F503104FF00F0E6C
:10D83C00114600EB42134FEA421C01329981042A33
:10D84C005981A3F80EE09E82DD8020F80C1019821D
:10D85C009C81EED100221E484FF00F0E41F20106C2
:10D86C00114645F6C05543F2260400EB42134FEA2D
:10D87C00421C01329981042A5981A3F80EE09E8240
:10D88C00DD8020F80C1019829C81EED10022114809
:10D89C000F2641F20105114645F6C05443F2260EFF
:10D8AC0000EB42134FEA421C01329981042A598140
:10D8BC00DE819D82DC8020F80C101982A3F80CE02C
:10D8CC00EED170BD00C00F40000003FC00C03D4015
:10D8DC0000001E4000401E4072B6EFF30583524C10
:10D8EC00C4F884301EF0040F0CBFEFF30882EFF382
:10D8FC0009824FF0E0234D4DD3F8280DD3F82C1DA1
:10D90C00C4E92201D3F8341DD3F8383DC4E92413FB
:10D91C009369A83444F8103CD36944F80C3C00F0EB
:10D92C00CDF804ED020A01F015FA0B2344F8040CAF
:10D93C004FF0FF323E4844F8283C2B682021043538
:10D94C005A4042F30003013903EA000383EA52020E
:10D95C00F7D1A542F1D1344BC3F8A820BFF34F8FB8
:10D96C004FF0E0233149334AC3F8701FC3F8702FCE
:10D97C00BFF34F8FBFF36F8F2F4A02242F48D36E04
:10D98C002F4943F44053D3660460D3692D4823F0E8
:10D99C007F0343F04003D3610B68834240D8274D8B
:10D9AC0000204FF0E0234FF0FF3228600121C5F832
:10D9BC00080125480C460E46C5F80001C5F80811AB
:10D9CC00C3F88021C3F88421C3F88821C3F88C21C3
:10D9DC00C3F8902101E000F071F9D5F80C31002B5F
:10D9EC00F9D04F2CC5F80C6104F10104F3D9174B95
:10D9FC00022017494FF00042C1F840015A63D5F894
:10DA0C000C313BB9134814490C4A0163D2F80C3160
:10DA1C00002BFAD04FF0E023104AC3F80C2DFEE790
:10DA2C00FFF7AEFBBBE700BF00FF272080FF2720DE
:10DA3C002083B8EDA0FF272000C00F400040084015
:10DA4C001C140020803DCD0B009F240000900D4045
:10DA5C0000002E4000800F40F100AD0B0400FA05D1
:10DA6C00094A08B50346106823B1034407498B42A1
:10DA7C0001D8136008BD02F0F3F90C2203464FF0F5
:10DA8C00FF301A6008BD00BF0015002000002820E0
:10DA9C00002070474FF0FF30704700BF4FF4005329
:10DAAC0000204B60704700BF012070474FF0FF30E3
:10DABC00704700BF30BFFDE7FFF70EBF124AD2F828
:10DACC0080305B07FBD5D2F880301048C3F30B23B2
:10DADC000F4990ED007A07EE903A91ED006AB8EE9E
:10DAEC00477A0C4AF8EEE77A0B4BD2ED006A77EEE8
:10DAFC00C77A93ED007AB8EE477A67EE867A87EEAE
:10DB0C00A60A37EE400A704700810D40B867002026
:10DB1C00C0670020C4670020BC670020836B70B511
:10DB2C0086460E4610461BB1536843F400435360BF
:10DB3C0072B6DEF8342042B31B4B1060D3F8B02120
:10DB4C0032421ED1194C656805E06268A2EB050CE7
:10DB5C00BCF5166F0BD2D3F8402142F48042C3F8C7
:10DB6C004021D3F8B811D3F840215204EDD53140FF
:10DB7C0007D10D4ACEE90201D2F8B0313343C2F8D5
:10DB8C00B031CEF8340062B670BD0749CEE902025E
:10DB9C00D1F8B0313343C1F8B031CEF83000CEF803
:10DBAC00340062B670BD00BF00002E40001000E0D3
:10DBBC0070B5056B95B12B46002403E01B6801344E
:10DBCC00012B0CD05A681206F8D5036306462CB10B
:10DBDC002846B36B2D689847013CF9D170BD0022E3
:10DBEC000023C0E90C23F1E700B501BBDFF8A0C0AE
:10DBFC00234B0021234A4FF0010E4FF00110996086
:10DC0C00C3F800E0CCE902314FF0800CC3F804C03B
:10DC1C00C2F8BC01D2F8B0311B4843EA0E03C2F87B
:10DC2C00B0310160D2F8B031002BFBD100BD09043A
:10DC3C00164BDFF85CC04FF0010E41F0800198608C
:10DC4C00104A596000F58051C3F800E0D96000F526
:10DC5C000051CCF84830196100F5405100F5804076
:10DC6C00596100219861CCF84C10D2F8B03143F4D2
:10DC7C008033C2F8B031D2F8B031002BFBD1B7E70A
:10DC8C00E03A002000002E404C670020003B0020B2
:10DC9C0000000020074901220B78824023EA02038E
:10DCAC000B7033B9044AD2F8483123F08003C2F820
:10DCBC0048317047FF67002000002E402DE9F047E7
:10DCCC00A64C82B0D4F84461F107C4F844614CD539
:10DCDC00D4F8AC31002B43D0A14DA24FDFF8B88261
:10DCEC00C4F8AC31D5E90A20D4F8403143F40053E0
:10DCFC00C4F84031D4F840319B04F5D5D4F8403108
:10DD0C004FF0011123F40053C4F84031C4F8B4119E
:10DD1C00D4F8B43113F00113FAD191B284463B60BC
:10DD2C00B1F5086F00F03A8100F2958040F2023EA6
:10DD3C00714500F0928100F2A480822900F0E1810B
:10DD4C00B1F5817F00F0B381802940F09580864841
:10DD5C0002210380FFF748FFD4F8AC31002BBFD170
:10DD6C007E4AD2F8BC31002B42D1720616D57B4BC1
:10DD7C00D3F8AC21C3F8AC21D3F8BC21C3F8BC2137
:10DD8C00D3F8B041002CFBD14FF0FF32C3F8B421D3
:10DD9C00D3F8843100F046FD744B1C60F40103D5BC
:10DDAC00734B1B6803B19847B00103D5714B1B68CB
:10DDBC0003B19847710708D5684BD3F8843113F435
:10DDCC00007345D06C4B01221A70644BD3F8483168
:10DDDC001A060AD5330608D5684A13782BB1013BCD
:10DDEC00DBB21370002B00F06D8202B0BDE8F0873F
:10DDFC005C49C2F8BC310868034240F098815B4A28
:10DE0C0012681340B1D01C0C554D1FFA83F810D07A
:10DE1C0094FAA4F7B7FA87F705EBC7104030FFF771
:10DE2C00C7FE012303FA07F7BC43F1D1B8F1000F89
:10DE3C009BD0012798FAA8F4B4FA84F405EBC4102B
:10DE4C0007FA04F4FFF7B4FE38EA0408F2D18CE7C1
:10DE5C00494A1370B9E742F2212E71455AD049D87C
:10DE6C00B1F5106F00F0A28042F2210C614503D194
:10DE7C00010C072900F08C814FF00113C4F8C0315C
:10DE8C006AE7B1F5A06F00F0CA80A1F5D061012955
:10DE9C00F2D83B4B59680029EED01FFA8CFE120CBD
:10DEAC0003E019690C330029E6D0B3F800C094459F
:10DEBC00F7D1B3F802C0F445F3D14FEA122C000CA1
:10DECC00BCF1030F00F0CB811B89834228BF0346B2
:10DEDC00B2F5007F9A4640F09A81274B1B78002BB5
:10DEEC0040F0EE81274952462748DFF89C90FFF717
:10DEFC0071FB9EE142F22133994214D04FF6C003DC
:10DF0C009942B9D183B2FF2BB6D843F46E4363F375
:10DF1C000F0CBEE780B230B91C4B120C19681C4BAD
:10DF2C0019601C4B1A700023C5F84880EB64C8F8C4
:10DF3C0008300123C8F800308023C8F804304FF0B3
:10DF4C000113C4F8BC31D4F8B03143F48033C4F8B5
:10DF5C00B031D4F8B031002BFBD1FDE600002E40DF
:10DF6C00000000204C6700208067002050670020D4
:10DF7C00E4670020E86700200568002006680020A0
:10DF8C00680D0020281E006000002020D0670020B3
:10DF9C00E067002003680020E03A0020B34B012129
:10DFAC00B3481B780370FFF71FFED5E6AF49120C80
:10DFBC0001930A70AF4AC4F8C821AF4AC4F8CC2107
:10DFCC00AE4AC4F8D02100F02FFC80220199AC4855
:10DFDC0001F060FEAB498022019BA9644A60AA4A09
:10DFEC00EB64C5F8A02002F13C428B6002F56C2278
:10DFFC0002F56F72C5F8E02001220A604FF00112A1
:10E00C00C4F8BC21D4F8B02142F48032C4F8B02159
:10E01C009E4A3B60D2F8B031002BFBD19CE699496B
:10E02C00EB648B600123A9640B6080234B604FF081
:10E03C0001139649C4F8BC31D4F8B03143F48033A1
:10E04C00C4F8B031D1F8B031002BFBD1130C5B0606
:10E05C0043F08073C1F854317EE610F0780F7FF4F2
:10E06C000BAF00F07F028A4B000653F822104CBF16
:10E07C0041F4803141F0010143F822100021814B21
:10E08C00E96499600121AB64196080217F4A596071
:10E09C004FF00113C2F8BC31D2F8B03143F48033E5
:10E0AC00C2F8B031D2F8B031002BFBD154E610F0ED
:10E0BC00780F7FF4E1AE00F07F02754B000653F849
:10E0CC0022104CBF21F4803121F0010143F82210C1
:10E0DC0000216C4BE96499600121AB6419608021CB
:10E0EC006A4A59604FF00113C2F8BC31D2F8B03112
:10E0FC0043F48033C2F8B031D2F8B031002BFBD1ED
:10E10C002AE610F078037FF4B7AE00F07F01604A86
:10E11C00000652F82110564A138036D5C90301D592
:10E12C000123137002215248FFF75EFD14E6002014
:10E13C00086058490C88486842F221018C427FF4EF
:10E14C005EAE80B200287FF45AAE5349534C03C9DB
:10E15C00A18086284FEA11412060A1717FF44FAE57
:10E16C0072B64F48017841F008010170D2F848119D
:10E17C000D0605D480200143C2F84401C2F84811B1
:10E18C0062B6484A5021117039E6CB07CAD5C7E7A9
:10E19C004049EB60444BC1E900200122AB601A609E
:10E1AC00424A5A603C4A9A60D4F8B01141F00101DD
:10E1BC00C4F8B01102F58051D96002F50051196113
:10E1CC0002F5405102F5804259619A612F4AD2F80A
:10E1DC00B031002BFBD12B49EB648B600123A9647C
:10E1EC000B6048F280034B604FF00113C2F8BC3156
:10E1FC00D2F8B03143F48033C2F8B0314FF48033ED
:10E20C00224A3B60D2F8B031002BFBD1A4E5B2F529
:10E21C00E06F7FF468AE264B1B78002B4ED125495E
:10E22C00DFF8949052464846FFF7D4F9072389F853
:10E23C00013029F01F0309EB0A02BFF34F8F4FF097
:10E24C00E021C1F8703F20339A42FAD8BFF34F8FC8
:10E25C00BFF36F8F18485146FFF7C6FC7CE50B786F
:10E26C00834228BF03469A463DE600BF046800205F
:10E27C00806700200200CC00C80002000200C80029
:10E28C0080000020E03A00205DCFC6B800002E4090
:10E29C00C0012E40A044002044670020D867002015
:10E2AC00FF67002006680020003B0020800007006C
:10E2BC00056800208C1E0060000020200449AFE798
:10E2CC00044910E60320FFF7E5FC07F051FB00BF03
:10E2DC00281E00608C1E00602DE9F043841E83B064
:10E2EC00022C02D903B0BDE8F083124D90460F46C4
:10E2FC00C60105EBC0143C2200210190201D99465B
:10E30C0001F0C8FCB8FA88F23904520941EA4271AA
:10E31C000122A951C4F83890A260B9F1000FE1D0E4
:10E32C000549019B9A400B681A430A6003B0BDE88B
:10E33C00F08300BF00000020506700202DE9F0435F
:10E34C00A0F1020E83B0BEF1020F02D903B0BDE8FA
:10E35C00F0839146C201124F884602F140060546F1
:10E36C003C220021F4190193201D01F093FCB9FA11
:10E37C0089FC4FEA0842019B4FEA5C1C42EA4C7252
:10E38C00BA510122A363A260002BDFD0054905F12D
:10E39C0010000B6882401A430A6003B0BDE8F0839A
:10E3AC00000000205067002012044FF0010C816027
:10E3BC0042F08002C0F800C0C36101F5805C01F539
:10E3CC004053426001F5005201F58041C0F80CC089
:10E3DC008161C0E904237047831E022B00D970476A
:10E3EC0000F1100C064B0A4603EBC01000B54FF0C1
:10E3FC00010E0EFA0CF15DF804EBFFF78FBB00BFBA
:10E40C0040000020831E022B00D970474FF0010CF6
:10E41C00034B0A460CFA00F103EBC010FFF77EBB6E
:10E42C000000002040687047144B0A22DFF850C0EF
:10E43C00D3F8200220F07F4000EB800300B55B0096
:10E44C0085B0604538BF18466946FFF75DF9DFF8BF
:10E45C0034C06B460022604619780132013341B159
:10E46C000A2A20F8021FF7D116228CF8002005B0DA
:10E47C0000BD52008CF8002005B000BD00441F40C8
:10E48C0080969800C017002000F0ECBA00F0BABAE1
:10E49C0000F020BB00F0D8BA00F06EBB00F048BB17
:10E4AC000846114600F03ABB70B5164D4FF0E0240B
:10E4BC0015494FF40032154E05EB401582B001EBB7
:10E4CC004021C4F88C210346328828460191FFF77D
:10E4DC006BFF019933880B44BFF34F8FC4F85C1F5B
:10E4EC0020318B42FAD8BFF34F8FBFF36F8F0320CD
:10E4FC002946FFF787FF4FF40033C4F80C3102B004
:10E50C0070BD00BF203B002080002020EC67002065
:10E51C00264B1A884368C3F30E43D21A002AF0B56F
:10E52C00C46983B028DD2248224D01782D78CBB206
:10E53C00DFF894C0A942204D09D01CF803100F46F7
:10E54C0035F811100E46C1F500718A421AD9013303
:10E55C00002125F81420082B184D88BF0B4625F8F0
:10E56C00141098BF19460CF80340154B017019682C
:10E57C000A441A6003B0F0BD204603B0BDE8F04079
:10E58C00FFF792BF0F4906EB47200192084401EBBD
:10E59C004421FFF71FF8019A09492046B31825F8C2
:10E5AC0017300B6813440B60E7E700BFEC670020E3
:10E5BC00FD670020FE6700208C6700209C67002010
:10E5CC008867002080002020AC670020224B1A783E
:10E5DC00002A3FD102F0FF03204A1278002A39D0DA
:10E5EC001F4A1288002A35D01E49C2F5006210B5A8
:10E5FC00087884B01C4901EB40141C4901EBC02184
:10E60C002046CDE902230191FFF7CEFEDDE9011290
:10E61C000A44BFF34F8F4FF0E020039BC0F8701FEC
:10E62C0020318A42FAD80193BFF34F8FBFF36F8F1B
:10E63C0004202146FFF7D0FE0A480021084B02783F
:10E64C0019800132019BD2B2032A98BF1346037082
:10E65C0004B010BD704700BF0268002004680020A1
:10E66C00EE67002001680020203C00208010202054
:10E67C002DE9F04F87B00490002900F0BF800023F3
:10E68C005F4C604F4FF00109DFF890A15E4E029392
:10E69C0003915E4B5E4A1D783B8802EB451284F871
:10E6AC0000900192002B40F0A58098461D469B4699
:10E6BC000198FFF7B7FE10F0800000F08B80BFF3DD
:10E6CC004F8F9AF8003084F800B00DB9D6F800805E
:10E6DC00002B7BD13368A3EB0803782B00F28380EB
:10E6EC004C4B1B78002B71D000F094FA3B88012521
:10E6FC0084F80090002BDBD044491A46C3F5006027
:10E70C000D78039900EBC520DFF814B19142584401
:10E71C0017D20593DDE903210192FEF75BFF019A05
:10E72C004FF04041059B9B1A3B803B4BC3F8841038
:10E73C00BFF34F8F029800231044237007B0BDE83D
:10E74C00F08F0499FEF746FF00230BEBC5214FF425
:10E75C0000620198FFF728FE0BEBC521BFF34F8F2A
:10E76C0001F1200201F50063934294BF0123402381
:10E77C004FF0E02201EB4313C2F8701F20318B42A3
:10E78C00FAD1BFF34F8FBFF36F8F04200199FFF7BE
:10E79C0023FE1E4A13780133DBB2042B28BF00235F
:10E7AC0013703B88039AD11A029A1A44039102926D
:10E7BC00049A1A4400230492174A3B80C2F884300E
:10E7CC00BFF34F8F237000297FF463AF029807B01B
:10E7DC00BDE8F08F4FF400620C4B8AF800001D78F6
:10E7EC0013463A808DE7012302988AF8003007B06F
:10E7FC00BDE8F08F1A46C3F5006082E70846E6E7ED
:10E80C0002680020EE670020D0670020016800201D
:10E81C00203C00200468002000002E4000680020EE
:10E82C0080102020704700BF2D4B002180222D48E6
:10E83C0070B51B7800242C4E8B420CBF40234FF438
:10E84C0000732A4D33802B8001F024FA284A21468C
:10E85C00284B14704FF4807227481C8001F01AFA70
:10E86C00264A1021264B0220C2E90044C2E9024488
:10E87C00244AC3E900441470234AC3E90244234BDD
:10E88C001C70234614602246FFF758FD204B22468D
:10E89C0031880320FFF720FD23460122298804201C
:10E8AC00FFF74CFD20460134FFF7FEFD082CF9D193
:10E8BC00184B00214A221848184C0460C3F88410E5
:10E8CC00C3F88020D3F84821154942F08072C3F870
:10E8DC00482121B1134A137843F00103137070BD22
:10E8EC0005680020203C0020EC670020F067002029
:10E8FC0001680020EE670020203B00208C67002080
:10E90C009C670020FD67002088670020FE670020C0
:10E91C0021C6000000002E40E4670020DDC6000088
:10E92C0000000000076800202DE9F84F4FF400327A
:10E93C004FF0E023C3F88C212B4B1C78002950D0CE
:10E94C0082468B46E4B20027DFF8B490274B504642
:10E95C00274AABEB07081B78A34204F1010437D01C
:10E96C00092C244B244928BF00241E5D39F816308D
:10E97C0031F8165003EB4621ED1A1144A8452A46EE
:10E98C0017D21E4C42465046FEF724FE236839F837
:10E99C0016105846A3EB0B0388443B4429F8168009
:10E9AC0023604FF0E0234FF40032C3F80C21BDE894
:10E9BC00F88FFEF70FFE114A2F4430461368AA4415
:10E9CC005B1B1360084A1470FFF76EFDBB45BDD886
:10E9DC004FF0E0234FF400323846C3F80C21BDE869
:10E9EC00F88F0846DDE700BFFE670020FD670020BA
:10E9FC0080002020AC6700208C67002088670020F6
:10EA0C009C6700200B4B0C4A12781978D3B28A42BF
:10EA1C000DD0013309480A4A092B0A4928BF0023A3
:10EA2C00C35C31F8131002EB4323585C70474FF072
:10EA3C00FF307047FD670020FE670020AC670020A8
:10EA4C00800020209C670020054B186800B170479F
:10EA5C0000B583B0019000F0DDF8019803B000BD63
:10EA6C00886700202DE9F84F144E154D33782A781D
:10EA7C00934220D0DCB2DFF85090DFF850B0DFF8D2
:10EA8C005080104F0134082CA24601D90024A24614
:10EA9C0019F80400DBF8003038F8102037F81010A3
:10EAAC00521A9B1ACBF80030FFF7FEFC86F800A038
:10EABC002B78A342E6D1BDE8F88F00BFFE6700209B
:10EACC00FD6700209C670020AC6700208867002051
:10EADC008C67002000B583B001210DF10700FFF712
:10EAEC0023FF18B19DF8070003B000BD4FF0FF30B5
:10EAFC00FAE700BF084B00B583B01B788DF8070010
:10EB0C0033B101210DF10700FFF7B2FD03B000BDD9
:10EB1C0003F0FF0003B000BD04680020034B1B781A
:10EB2C000BB1FFF7A5BD03F0FF0070470468002090
:10EB3C002DE9F04100240D4E01230D4DA0460D4F43
:10EB4C0033703B782846A34205D0FFF76BFC0306D5
:10EB5C0058BF08F5006801342035042CF1D1BFF3FF
:10EB6C004F8F002340463370BDE8F08102680020CF
:10EB7C00203C002001680020204B1B7813B1204B57
:10EB8C001A8802B970471F4BC2F500621E481F4914
:10EB9C0030B51B7883B01E4C00EB431001EBC32146
:10EBAC000123054623700023CDE90012FFF7FCFB7F
:10EBBC00DDE900120A44BFF34F8F4FF0E023C3F896
:10EBCC00701F20318A42FAD8BFF34F8FBFF36F8F7B
:10EBDC0004202946FFF700FC0A49002208480B785C
:10EBEC0002800133DBB2042B28BF13460B70BFF33A
:10EBFC004F8F074B1A7003B030BD00BF0468002064
:10EC0C00EE67002001680020203C002080102020AE
:10EC1C00026800202E4B2DE9F0411E7886B1DFF8FA
:10EC2C00C88098F800305BB90123F10788F80030F0
:10EC3C0040D4B20727D4002388F80030730701D4DE
:10EC4C00BDE8F081234B1A68002AF9D0EFF3058256
:10EC5C00002AF5D1EFF3108572B61868002830D071
:10EC6C001D4C217800292CD10122227042691A6096
:10EC7C00002A2AD0916105B962B6002583684577D0
:10EC8C0098472570DCE7154B1B78002BD3D0144F1D
:10EC9C00002557F8044F236820461B69984710B18C
:10ECAC0063699B6898470D4B01351A78EBB29A4211
:10ECBC00EFD8C0E7FFF7C8FE0028BAD0AFF300804A
:10ECCC00B7E7002DBCD162B6BAE7064B1A60D2E7A3
:10ECDC0007680020BC650020F8670020F967002059
:10ECEC00BC3A0020C8650020FA67002070B5EFF32D
:10ECFC00108272B60C4C206880B10C4E0025436912
:10ED0C00236073B19D6102B962B6836845779847F9
:10ED1C00EFF3108272B620680028F0D102B962B607
:10ED2C0070BD3360EFE700BFC4650020C0650020F4
:10ED3C00FFF7DCBF0449054A4968054B19601368A5
:10ED4C0001331360704700BF001000E0D067002053
:10ED5C00CC670020074A506A936A19468446506A69
:10ED6C00936A9942F9D18445F7D1DB0B43EA4040D1
:10ED7C00704700BF00400D4008B5D0E900325BB1D0
:10ED8C00BAB10F4BA3FB0213DB0803EB4303B2EB4B
:10ED9C0083030AD1012008BD094BA3FB0213DB0836
:10EDAC0003EB4303B2EB830301D0D21A4260F02A87
:10EDBC00F0D801F055F81C22034600201A6008BD5B
:10EDCC00ABAAAAAA30B583B060B3044621B11D46E4
:10EDDC00B2FA82F35B09A2B9206818B362680AB36D
:10EDEC00164B174902FB03F3B1EBB30F1AD3A3680D
:10EDFC00FBB9002323606360A360E360012003B0D0
:10EE0C0030BD0193069BC0E90012C360FFF7B4FF4D
:10EE1C0060B1002DF2D0626801992068A56000F005
:10EE2C0039FFEBE701F01CF816230360002003B058
:10EE3C0030BD002100F02EFFDBE700BFABAAAAAA71
:10EE4C00555555150A22002100F01ABD2DE9F04F39
:10EE5C0001F10B02162A85B0804624D8102900F245
:10EE6C00AB8000F0C9FA022518211022B74C2144BE
:10EE7C00A1F108004E68864200F062817268F16868
:10EE8C00B46822F003023244E1608C60516841F0B6
:10EE9C0001014046516000F0B5FA06F10804204625
:10EEAC0005B0BDE8F08F32F0070200F18580914289
:10EEBC0000F28280019200F09FFA019AB2F5FC7F79
:10EECC00C0F0BA81570A7FD0042F00F272819709E3
:10EEDC0007F139052BB207F1380CDB009B4C2344AE
:10EEEC00A3F108065B689E4207D10DE00028DF689D
:10EEFC0080F21381BE4207D03B46596821F00301D2
:10EF0C00881A0F28F2DD6546236991498B4200F07F
:10EF1C00F1805E6826F00306B11A0F2900F3918187
:10EF2C008B480029C4E9040080F27981B6F5007F92
:10EF3C00676880F01981F10801310FFA81FC7609BC
:10EF4C000121B14054F83C0098600F4304EBCC0114
:10EF5C000839D960676044F83C30C360AB100126B7
:10EF6C009E40BE4236D83E4206D125F003057600BF
:10EF7C003E4205F10405FAD004EBC50A04EBC507C3
:10EF8C00A946F9680EE0486820F0030EAEEB020CBF
:10EF9C00BCF10F0F0B46C96800F31881BCF1000FD0
:10EFAC0080F22D818F42EED109F1010919F0030F86
:10EFBC0007F10807E5D17FE10C23C8F800300024E5
:10EFCC00204605B0BDE8F08F4FF4007340254FF09C
:10EFDC003F0C83E7A768796821F0030393429A46B4
:10EFEC0003D3991A0F2900F387805A495A4E09689E
:10EFFC00103111440820CDE9011200F065FF019990
:10F00C004B1E03444542834630681D40B0F1FF3F20
:10F01C0018BF29464046019100F0FAFE411C0546F6
:10F02C00DDE9011200F02B8107EB0A0C844500F29C
:10F03C0024814A4B186800EB01090BF1FF3EC3F821
:10F04C00009000F08981306801301BBFA5EB0C0CDF
:10F05C0009EB0C003560186015F00700814600F0D4
:10F06C004881C0F108000544CDE901236B1803EA7F
:10F07C000E015844401A00EA0E06314640469B46A3
:10F08C0000F0C6FE421CDDE9012300F09581401B17
:10F09C00304440F001011868A56000EB0609A74256
:10F0AC006960C3F8009017D0BAF10F0F40F25E817F
:10F0BC00AAF10C0121F0070C796801F0010141EA79
:10F0CC000C017960052607EB0C01BCF10F0FC1E9AF
:10F0DC00016600F263816968214B1E684E4538BF9A
:10F0EC00C3F800901F4B1E684E4501D2C3F8009028
:10F0FC002F46C6E0676831E7BD1841F0010142F0C8
:10F10C0001027A604046A560696000F07BF907F166
:10F11C000804204605B0BDE8F08F9A6801931944A5
:10F12C00D760BA604A6842F0010240464A6000F07B
:10F13C0069F9019B03F10804204605B0BDE8F08F86
:10F14C00CE68B1427FF49AAE0235DDE6100E002097
:10F15C00180E00200466002058170020D4650020EB
:10F16C00FC65002000660020B6F5206F4FEA5620A3
:10F17C007CD3142800F2D38000F15C0109B25B301F
:10F18C00C90004EB010C6158ACF1080C8C4503D19F
:10F19C00A8E089688C4504D0486820F00300B04290
:10F1AC00F7D8D1F80CC0C3E9021CCCF80830CB60FE
:10F1BC00D4E6142F72D9542F00F2BA80170B07F132
:10F1CC006F052BB207F16E0CDB0087E69D1842F041
:10F1DC0001025A609E68864AF1608E60C4E904554B
:10F1EC00C5E902224CF001026A60404643F80EC0A9
:10F1FC00019300F007F9019B03F10804E0E69E443B
:10F20C001C46DEF8043043F00103CEF8043054F809
:10F21C00083F4046D9608B6000F0F4F8D0E61E44FD
:10F22C0040467268019342F00102726000F0EAF805
:10F23C00019B03F10804C3E6D508691C09B2C90097
:10F24C0014E69D1842F001025A60694A0193C4E920
:10F25C000455C5E9022241F001026A604046995109
:10F26C0000F0D0F8019B03F10804A9E6B00900F105
:10F27C00390109B23830C90083E7A74263D0A768C7
:10F28C00796821F003009042A0EB020102D30F2910
:10F29C003FF732AF404600F0B5F890E607F15C0559
:10F2AC002BB207F15B0CDB0018E6514651F808391C
:10F2BC008B428A4640F09A8015F0030F05F1FF351A
:10F2CC00F3D1636823EA0603636076009E423FF63F
:10F2DC0081AE1EB97EE6760009F104091E42FAD011
:10F2EC004D4649E68010012606FA00F00743676098
:10F2FC0059E7CDE902236B1803EA0E01ABEB0106CB
:10F30C0006EA0E0631464046019300F081FD431C8F
:10F31C00019B04BF4E461846DDE90223B7E654288C
:10F32C0027D8300B00F16F0109B26E30C90028E705
:10F33C00B7F5AA7F27D8D70B07F178052BB207F1C1
:10F34C00770CDB00CAE52B4B186800EB01090BF1BD
:10F35C00FF3EC3F8009076E615EA0E0F7FF473AE0D
:10F36C00A568514441F001016960B5E601236B6069
:10F37C0090E7B0F5AA7F25D8F00B00F1780109B21F
:10F38C007730C900FDE640F254539F4224D8930CC9
:10F39C0003F17D0503F17C0CEB009FE507F10801FF
:10F3AC004046CDE9012300F065FEA568029B696823
:10F3BC00D3F80090019A8FE6A9F108010BEB01003C
:10F3CC00002664E640F2545188420BD8B00C00F190
:10F3DC007D01C9007C30D4E64FF47E737F254FF05D
:10F3EC007E0C7BE54FF47E717E20CAE663686CE789
:10F3FC00180E0020D4650020014800F061BD00BF4C
:10F40C00CC650020014800F05DBD00BFCC6500203C
:10F41C00002900F09F802DE9F04383B00C46009248
:10F42C008046FFF7E9FF009901F10B03162B60D81A
:10F43C001023994260D854F804EC2EF003029A423F
:10F44C00A4F1080565DAB348806805EB020C604549
:10F45C00DCF8046000F0908026F001006044406805
:10F46C00C0076CD426F00306901983424CDD1EF0C5
:10F47C00010F0FD154F8080C281A0746406820F0E9
:10F48C00030006441644B34240F3EF801618B3420F
:10F49C0040F3C9804046CDE90023FFF7D7FCDDE9F6
:10F4AC0000230646002800F0178154F8041C21F0B4
:10F4BC0001012944A0F1080C614500F0AE80043A2A
:10F4CC00242A00F2CE80132A00F29C8003462246A6
:10F4DC00116819605168596092689A6021464046DB
:10F4EC0000F0C8FD4046FFF78DFF304603B0BDE885
:10F4FC00F08333F007039CD50C23C8F800300026AA
:10F50C00304603B0BDE8F0830246DCE90201C1607D
:10F51C0088606968D01A0F2801F0010105EB02061A
:10F52C001BD811436960736843F001037360404654
:10F53C00FFF768FF2646304603B0BDE8F0831EF0A7
:10F54C00010FA7D154F8080C281A0746406820F080
:10F55C0003009BE71146FFF779BC19436960E91872
:10F56C0040F001004860736843F001030831736098
:10F57C00404600F07FFDDAE726F00306B01803F1F1
:10F58C00100C604580F28B801EF0010F82D154F874
:10F59C00080C281A0746406820F00300064416445D
:10F5AC00B445B1463FF772AF3E46F96856F8080FBE
:10F5BC00043A242AC160886000F2A580132A40F224
:10F5CC00A0802168B9606168F9601B2A00F2A480F0
:10F5DC00083407F110022168116061685160A1685C
:10F5EC009160F918A9EB03024A4D42F00102A9609F
:10F5FC004A607A6802F00102134340467B60FFF7D1
:10F60C0001FF98E723680360636843601B2A3BD8BB
:10F61C0004F1080200F108035AE750F8041C21F029
:10F62C0003010A4475E7043A3D46F96855F8080F9A
:10F63C00242AC160886020D8132A1CD92168B9609B
:10F64C006168F9601B2A3DD8083407F11002216863
:10F65C00116061685160A16891602C4632463D464C
:10F66C0057E7214600F084FA38E7DCE90201043A56
:10F67C00C1608860D8E72A46E9E72146284600930E
:10F68C0000F076FA009BE8E7A3688360E368C36048
:10F69C00242A25D004F1100200F1100318E71D4AAA
:10F6AC001D449560C21A42F001026A6054F8042CA1
:10F6BC0002F001021343404644F8043CFFF7A2FE5B
:10F6CC00264638E7A1683961E1687961242A10D0AF
:10F6DC00103407F11802BAE74046FFF793FE0EE725
:10F6EC00236903616169416104F1180200F1180397
:10F6FC00EEE62269BA616269FA61183407F12002F8
:10F70C00A5E7324667E721463046009300F030FA11
:10F71C00009B66E7100E0020A1683961E1687961F1
:10F72C00242A03D0103407F1180254E72269BA6175
:10F73C006269FA61183407F120024CE7242B2DE999
:10F74C00F84F42D8012B884619463ED091464B4A79
:10F75C0082461E46C64670461EF8017BD35D13F0EA
:10F76C000803F8D12D2F70D02B2F05BF9EF80070F9
:10F77C009B469B4600F1020E6FF0004361BB302F9D
:10F78C004DD00A2631460022B3FBF6F4104606FB98
:10F79C00143505E03CD006FB00C001221EF8017BAD
:10F7AC00A7F1300CBCF1090F06D9A7F1410CBCF143
:10F7BC00190F17D8A7F1370C61451CDD571CEDD07C
:10F7CC008442E7D24FF0FF32E8E700F049FB162302
:10F7DC0003600020BDE8F88F1029D4D1302F27D03A
:10F7EC000E46D0E7A7F1610CBCF1190F03D8A7F1B5
:10F7FC00570C6145E2DC511C30D0BBF1000F0CD131
:10F80C00B9F1000FE6D0AABBC9F80080BDE8F88FAB
:10F81C006545C0DA4FF0FF32C0E74042F0E79EF892
:10F82C00002002F0DF02582A08D008263146AAE749
:10F83C009EF8002002F0DF02582AD1D110269EF843
:10F84C00017031460EF1020E9DE79EF800704FF0EC
:10F85C00004300F1020E4FF0010B8FE72222CAF891
:10F86C000020B9F1000F07D00EF1FF381846C9F887
:10F87C000080CBE70346F7E71846ABE731050020DD
:10F88C0000B5DFF818E084461346DEF800005DF89A
:10F89C0004EB0A466146FFF751BF00BF6C1700200E
:10F8AC00024A0349034800F0C9B800BF60170020A2
:10F8BC006D0C0100181200200C4B4168994210B5D8
:10F8CC00044601D003F04AF9A168094B994202D0D1
:10F8DC00204603F043F9E168064B994204D02046D8
:10F8EC00BDE8104003F03AB910BD00BF0866002017
:10F8FC0070660020D86600202DE9F843314A324C5E
:10F90C003249DFF8DC90DFF8DC80314F11600025E4
:10F91C0004232946082204F15C00C4E903352D4E6A
:10F92C00A560C4E90055C4E90555656600F0B2F957
:10F93C0004F15800C4E90749C4E90987E66200F0FC
:10F94C00BBFA2946244B6367082204F1C400C4E9BE
:10F95C001A55C4E91E552567C4F8CC50C4F880501C
:10F96C0000F098F904F1680304F1C000C4F8843085
:10F97C00C4E92298C4E9247600F09EFA174BC4F827
:10F98C00DC30294604F596700822C4E93455C4E9E4
:10F99C003855C4F8D850C4F83451C4F8E85000F0C5
:10F9AC0079F904F1D003C4E93D87C4F8F09004F56B
:10F9BC009470C4F8FC60C4F8EC30BDE8F84300F077
:10F9CC007BBA00BF4067002008660020B1D9000058
:10F9DC0055DC000079DC0000090001001200020077
:10F9EC00F1DB000015DC000010B504460A4800F0FD
:10F9FC0067FA636B23B9094B094A1B68626323B12D
:10FA0C00BDE81040044800F05DBAFFF775FFBDE893
:10FA1C001040014800F056BAD06500204067002025
:10FA2C00C9D90000014800F04BBA00BFD0650020D6
:10FA3C00014800F047BA00BFD06500202DE9F8431B
:10FA4C000746884616464FF000097568013D11D4EB
:10FA5C00B468A389012B08D9B4F90E3001332146BF
:10FA6C00384602D0C04749EA0009013D6B1C04F13D
:10FA7C006804EED13668002EE7D14846BDE8F8831D
:10FA8C000CB430B5144B0D1E1C689DB01FDB14BF9D
:10FA9C0001220022AA1A114B0593002121AB1B91C4
:10FAAC00029006900492079202A9209A0193204694
:10FABC0001F006F8431CBCBF8B23236015B1029BDD
:10FACC0000221A701DB0BDE8304002B070478B2385
:10FADC0023604FF0FF30F5E76C1700200802FFFFA2
:10FAEC0010B50C46B1F90E1000F07CF9002803DBC0
:10FAFC00236D0344236510BDA38923F48053A38194
:10FB0C0010BD00BF2DE9F0411F46B1F90C3016466F
:10FB1C00DA050C4605460BD423F48053A381B4F9C3
:10FB2C000E103B4632462846BDE8F04100F082B943
:10FB3C000223B1F90E10002200F03EF9B4F90C309A
:10FB4C00EAE700BF10B50C46B1F90E1000F034F91D
:10FB5C00B4F90C30421C0EBF23F4805343F4805391
:10FB6C002065A38110BD00BFB1F90E1000F012B9D1
:10FB7C00884270B531D98B1883422ED9032A00EBF9
:10FB8C0002011DD941EA030C1CF0030F1D4618D1CC
:10FB9C004FEA920C0CF1FF36A1EB8C048C4653F817
:10FBAC0004ED4CF804EDA445F9D1C6EB867301EBDA
:10FBBC00830105EB830CACF10403043902F003025E
:10FBCC0052B102F1FF3C6FEA0C0C9C4413F8012D6E
:10FBDC0001F8012D6345F9D170BD032A50D941EAD2
:10FBEC0000039B074ED10F2A51D922F00F0301F1CC
:10FBFC00100601F1100C103B203100F1100E1944CD
:10FC0C005CF8104C4EF8104C5CF80C4C4EF80C4C4C
:10FC1C005CF8084C4EF8084C5CF8044C4EF8044C5C
:10FC2C000CF1100C8C450EF1100EE9D1F11812F0FC
:10FC3C000C0F034402F00F0503F1100325D025F03F
:10FC4C00030CACF1040426461A1F1C198C465CF8F4
:10FC5C0004EB42F804EFA242F9D1043104333144ED
:10FC6C00334405F00302002AB6D0013A0132013BBD
:10FC7C000A4411F801CB03F801CF9142F9D170BDC0
:10FC8C000346F0E7013A0346F0E72A46EBE7034662
:10FC9C001546D4E730B584078646034606D0A2B392
:10FCAC0003F8011B980702F1FF32F8D1032A26D979
:10FCBC005FFA81FC0CEB0C2C0F2A0CEB0C402AD9B4
:10FCCC0022F00F0C9C44C3E90000C3E9020010337E
:10FCDC006345F8D112F00C0F02F00F0417D04FEA65
:10FCEC00940C0CF1FF351A4603EB8C0C42F8040B08
:10FCFC006245FBD1043304F0030203EB850322B10C
:10FD0C001A4403F8011B9A42FBD1704630BD2246BF
:10FD1C00002AF5D1F9E71446E1E700BF10B5044617
:10FD2C000843830701D1032A19D8A44601F1FF3EE9
:10FD3C0007E01EF8011F03F8011B501E31B19C4651
:10FD4C0002466346002AF4D1204610BD9444002894
:10FD5C00FAD003F8011B6345FBD1204610BD0B46BE
:10FD6C00A44618681946A0F1013323EA000313F0E6
:10FD7C00803F01F10403D9D1043A032A4CF8040B57
:10FD8C00EFD81946D2E700BF014B93F81002704729
:10FD9C000415002038B5074C00230546084623609F
:10FDAC00FDF778FE431C00D038BD2368002BFBD038
:10FDBC002B6038BD5467002038B58C46084C114672
:10FDCC0005461A46604600232360FDF76FFE431C70
:10FDDC0000D038BD2368002BFBD02B6038BD00BF92
:10FDEC005467002038B58C46084C114605461A4617
:10FDFC00604600232360FDF74BFE431C00D038BD4A
:10FE0C002368002BFBD02B6038BD00BF546700204B
:10FE1C0038B5074C0023054608462360FDF720FE45
:10FE2C00431C00D038BD2368002BFBD02B6038BDA1
:10FE3C005467002038B58C46084C114605461A46C6
:10FE4C00604600232360FDF78FF9431C00D038BDBA
:10FE5C002368002BFBD02B6038BD00BF54670020FB
:10FE6C00014B1868704700BF6C17002070B50E4E20
:10FE7C000E4DAE4208D0761BB610002455F8043B4C
:10FE8C0001349847A642F9D8094E0A4D05F06CFD8D
:10FE9C00AE4208D0761BB610002455F8043B013452
:10FEAC009847A642F9D870BDF01D0060F01D0060A7
:10FEBC00F41D0060F01D0060704700BF704700BF6C
:10FECC00704700BF704700BF082802D14FF4805024
:10FEDC00704708B5FFF7C4FF162303604FF0FF30DF
:10FEEC0008BD00BF00000000000000000000000082
:10FEFC0030B490F800F020F007016FF0000C10F017
:10FF0C00070491F820F040F048804FF000046FF0A7
:10FF1C000700D1E9002391F840F000F1080082FAC3
:10FF2C004CF2A4FA8CF283FA4CF3A2FA8CF34BBB8E
:10FF3C00D1E9022382FA4CF200F10800A4FA8CF207
:10FF4C0083FA4CF3A2FA8CF3E3B9D1E9042382FAD5
:10FF5C004CF200F10800A4FA8CF283FA4CF3A2FAEA
:10FF6C008CF37BB9D1E9062301F1200182FA4CF222
:10FF7C0000F10800A4FA8CF283FA4CF3A2FA8CF389
:10FF8C00002BC6D0002A04BF04301A4612BAB2FAAB
:10FF9C0082F200EBD20030BC7047D1E9002304F0B0
:10FFAC000305C4F100004FEAC50514F0040F91F8E5
:10FFBC0040F00CFA05F562EA05021CBF63EA050382
:10FFCC0062464FF00004AAE7F8B5064608200C4636
:10FFDC00FFF77AFF07463046FFF70EFA224A93687E
:10FFEC005D6825F00305A5F111031C1B3C44B4FB13
:04FFFC00F7F4013CD9
:02000004600199
:1000000007FB04F4A74208DC00213046FFF706FF97
:10001000184A93682B44984204D03046FFF7F8F909
:100020000020F8BD61423046FFF7F8FE0130114A6A
:100030000DD0114993682D1B45F001055D600B68DB
:1000400030461B1B0B60FFF7E3F90120F8BD0021D0
:100050003046FFF7E3FE074A9268831A0F2BDCDD78
:1000600043F001035360054B03491B68C01A086045
:10007000D3E700BF100E0020D465002058170020E1
:10008000002965D02DE9F0410C460746FFF7BAF983
:1000900054F804EC7D49A4F1080C2EF001030CEB9C
:1000A00003028D685068954220F003000EF00106AF
:1000B00000F08B80151850606D6805F00105A846AA
:1000C000AEBB54F8084CACEB040C2344DCF80840FD
:1000D00001F1080E74456BD0DCF80C50E560AC60A3
:1000E000B8F1000F00F08C8043F00100CCF8040060
:1000F0001360B3F5007F35D2DA0848685C09013235
:10010000012312B2A34003434B6051F83200CCF8F4
:10011000080001EBC203083BCCF80C3041F832C0B8
:10012000C0F80CC03846BDE8F041FFF771B985B999
:10013000034401F1080E9068704543F001047AD041
:10014000D268C2609060CCF804404CF80330D0E72D
:1001500070474EF00102B3F5007F44F8042C4CF8D0
:100160000330C9D3B3F5206F4FEA53204AD2980920
:1001700000F1390212B200F13804D20088188A580E
:100180000838904203D15FE09268904204D05168F1
:1001900021F003019942F7D8D068CCE90220C0F8D9
:1001A00008C03846C2F80CC0BDE8F041FFF730B9CE
:1001B000A5BB1844D2E90223D3609A6040F0010342
:1001C000CCF804304CF80000ACE7184446B954F8B9
:1001D000083CACEB030C1844DCE90223D3609A60C2
:1001E00040F00103CCF80430294BC1F808C01B686B
:1001F000834297D8274B38461968FFF7EBFE91E703
:10020000034498E714280FD9542824D8180B00F178
:100210006F0212B200F16E04D200AFE743F00101A9
:10022000CCF8041013607DE700F15C0212B200F11B
:100230005B04D200A2E7C1E904CCCCE902EECCF821
:1002400004404CF803306DE7A4100123A3404C6830
:1002500023434B60A1E7B0F5AA7F07D8D80B00F184
:10026000780212B200F17704D20087E740F25452CC
:10027000904206D8980C00F17D0200F17C04D20077
:100280007CE74FF47E727E2478E700BF100E0020DA
:100290005C1700200466002082B049B15AB16BB1EE
:1002A00013780B601278101E18BF012002B070473F
:1002B00001A9002AF3D1104602B070476FF0010087
:1002C000F4E700BF30B5436C83B005460C4653B12C
:1002D00053F8240088B1026843F824200023C0E9C1
:1002E000033303B030BD2122042102F02BFE03466C
:1002F00068640028ECD10020F3E7012101FA04F33F
:100300005A1D92002846019302F01CFE0028F2D0EC
:10031000019B44608360E1E731B1436C4A6853F864
:100320002200086043F82210704700BF2DE9F04119
:100330000E6917460D461C4601F114024FF0000EDF
:1003400011688BB207FB03434FEA134C090C07FB00
:1003500001CC0EF1010E9BB203EB0C43764542F843
:10036000043B4FEA1C44EBDC3CB1AB68B34207DD15
:1003700005EB860301365C612E612846BDE8F081FD
:10038000696801318046FFF79DFF0746B0B12A69D1
:10039000023205F10C0192000C30FDF721F9D8F87A
:1003A00044306A6853F82210296043F822503D46D1
:1003B00005EB860301365C612E61DEE7024B0348E4
:1003C0003A46BA2102F09EFD080C00201C0C0020C9
:1003D000B0F5803F034636BF030400201020B3F180
:1003E000807F3CBF1B020830B3F1805F06D3B3F1BE
:1003F000804F0FD29A0012D4033070471A01B2F125
:10040000804F00F1040006D29B0108D45B00F3D4B6
:10041000202070471A46002AFBDB0130704702306B
:10042000704700BF0368590708D0DA071FD499073F
:100430002AD55B0803600122104670479AB282B940
:100440001B0CDAB2B2B11022190701D104321B0918
:10045000990714D0D90701D401325B080360104614
:100460007047DAB24AB11A0717D10422EFE7002227
:100470001046704718221B0AE6E70822FBE75907D7
:1004800007D502329B08E9E79B0802220360104669
:100490007047DB0804D12022CEE7DB080322DDE72A
:1004A0000332DBE738B5436C04460D464BB1586860
:1004B000B0B102685A6000220123C0E903234561FC
:1004C00038BD2122042102F03DFD0346606400286E
:1004D000EDD1094B0948002240F2451102F012FD0E
:1004E0001C220121204602F02DFD0028F1D001221E
:1004F0000223C0E90123DEE7080C00201C0C0020C9
:100500002DE9F04F0F691569AF4285B00E46904650
:1005100005DB2A4643463D46884617461E46D8F820
:100520000830D8F80410EC19A342B8BF0131FFF726
:10053000C9FE8446002800F09C80143000EB840E35
:10054000704505D20346002143F8041B9E45FBD8A5
:10055000143606EB870296427CD208F1140707EBAB
:100560008505A5EB080308F11508A845A3F11503B7
:10057000CDE902E44FEA930A8CBF0024012491469E
:10058000E34605E0090C34D1B14500F104005ED921
:1005900056F8041B8AB2002AF4D0CDE90090B84680
:1005A0008646002358F8041BDEF800001FFA81F984
:1005B0004FEA114C81B202FB0911000C194402FBF5
:1005C0000C0000EB114089B241EA004145454EF86C
:1005D000041B4FEA1043E5D8DDE90090002C4FEAF8
:1005E0008A0208BF00220244536056F8041C090C1A
:1005F000CAD00368CDF800908846BC4686460022E3
:100600001946BCF8009008FB092909EB11499BB277
:1006100043EA09434EF8043B5CF8043BDEF8001063
:100620001B0C8AB208FB032303EB194365454FEA11
:100630001342E6D8002C4FEA8A02DDF8009008BF8A
:1006400000220244B145536000F10400A0D8DDE966
:1006500002E4DC46002C02DC05E0013C03D05EF83D
:10066000043D002BF9D06046CCF8104005B0BDE841
:10067000F08F034B034862464FF4B17102F042FC25
:10068000080C00201C0C0020F8B512F003031446DF
:1006900007462FD10E46A4102AD03D6C002D32D033
:1006A00004F0010364103BB92868B8B1054604F0B2
:1006B00001036410002BF7D02A4631463846FFF775
:1006C0001FFF36B17B6C716853F82120326043F80C
:1006D000216074B1064628680028E7D12A462946D9
:1006E0003846FFF70DFF0023286003600546DEE76C
:1006F0003046F8BD013B0F4A52F823200023FFF794
:1007000015FE0646C7E701213846FFF7DBFD054623
:1007100040B1012340F27122C0E904320023386461
:100720000360BDE7044B05482A4640F2451102F03C
:10073000E9FB00BFC4090020080C00201C0C0020AD
:100740002DE9F0470D4691462E69AB68496806EBE6
:100750006216741C9C4207464FEA621804DD5B0077
:100760009C4201F10101FADC3846FFF7ABFD8446FB
:1007700000284FD0B8F1000F00F114000BDD08F194
:1007800005010CEB81010346002243F8042B8B4248
:10079000FBD100EB8800296905F1140319F01F084B
:1007A00003EB810E2ED0C8F1200902464FF0000A5B
:1007B000196801FA08F141EA0A0142F8041B53F8EA
:1007C000041B9E4521FA09FAF2D8AEEB0503153B4E
:1007D00023F0030305F11502964538BF00230433C7
:1007E00040F803A0BAF1000F00D134467B6C6A6870
:1007F000CCF8104053F822102960604643F822508C
:10080000BDE8F087043853F8042B40F8042F9E45C8
:10081000F9D8EAE7034B044862464FF4EF7102F05F
:1008200071FB00BF080C00201C0C002003690A6942
:1008300000B5B3EB020E12D100F1140C14310CEB25
:10084000820301EB820101E09C4508D253F8040DBC
:1008500051F8042D9042F7D003D24FF0FF3E70467E
:1008600000BD4FF0010E704600BD00BF2DE9F04FF6
:1008700017460A693B69A2EB0308B8F1000F83B081
:100880000C4615D1143107F1140505EB830501EB76
:10089000830302E0994280F0858053F8046D55F897
:1008A000042D9642F6D080F08A804FF0010805E0D2
:1008B000FBDB3B464FF000080F461C467968FFF70C
:1008C00001FD002800F086803A692669C0F80C8096
:1008D00007F1100107F11408834600F1140704F131
:1008E000140008EB820E944600EB86060023B946FE
:1008F000C2460A46019450F8041B52F8045F8CB2B9
:100900001FFA85F8A8EB0408090C9844C1EB1541BF
:1009100001EB28411FFA88F848EA0144864249F869
:10092000044B4FEA2143E6D8A146019C301B153801
:10093000153420F00300A64238BF00200AEB000166
:100940000431C4198E4562460846DC4698BF2346EA
:100950001AD9A7EB0A070434C61950F8045B13FA36
:1009600085F82B442D0C05EB28459BB243EA05493D
:100970008645C6F800904FEA2543EDD80EF1FF33C7
:100980005B1A23F003032344B9F1000F04D153F899
:10099000041D013A0029FAD06046CCF8102003B0BB
:1009A000BDE8F08F0021FFF78DFC844658B101228D
:1009B0000023C0E90423604603B0BDE8F08F3B4646
:1009C00027461C467AE7074B0748624640F2372124
:1009D00002F098FA0246034B034840F2452102F028
:1009E00091FA00BF080C00201C0C00202DE9F043F8
:1009F000894683B0012157EC106B9046FFF762FCEB
:100A00000446002846D0C7F30A55C7F313030DB1B7
:100A100043F480130193331E15D101A8FFF702FDA3
:100A2000019B636101212030216115B3A5F233459B
:100A30000544C0F13500C9F80050C8F80000204650
:100A400003B0BDE8F08368460093FFF7EBFCDDE9F7
:100A5000002328B1C0F1200103FA01F10A43C34089
:100A6000002B0CBF012102216261A3612161002DD5
:100A7000DCD104EB8103A0F23240C9F80000186910
:100A8000FFF7A6FCC0EB4110C8F80000204603B0F9
:100A9000BDE8F083034B0448224640F20F3102F0D8
:100AA00031FA00BF080C00201C0C002049B1FF2ABD
:100AB00002D80A70012070478A2303604FF0FF308C
:100AC00070470846704700BF000000002DE9F04F56
:100AD0002DED028BD1B00C460791904609938246CA
:100AE00002F076F9036811931846FFF707FA082217
:100AF0001090002120A8FFF7D3F8A389180603D58A
:100B00002369002B01F06E8000239FED728BCDE9ED
:100B10002533CDE9143327AA0D9324921746129357
:100B20001393059345462C466C4BD3F8CC61FFF7E5
:100B300031F920AA034600921AA922465046B0472E
:100B4000002800F09880C0F28E801A9A252A034669
:100B500001D01C44E8E7B4EB0508064640F08F805E
:100B600000234FF0FF328DF85F309B46069301342F
:100B70002378049201349946A9F120035A2B00F2FC
:100B8000AF80DFE813F0FE02AD00AD00FA02AD0069
:100B9000AD00AD00DD02AD00AD00A802B702AD00B2
:100BA000B302C002AD00BC025B005B005B005B00F7
:100BB0005B005B005B005B005B00AD00AD00AD0067
:100BC000AD00AD00AD00AD002101AD009C01AC0356
:100BD000210121012101AD00AD00AD00AD00A80350
:100BE000AD00AD000803AD00AD00AD007302AD0077
:100BF0006103AD00AD009807AD00AD00AD00AD00E4
:100C0000AD00AD00AD00AD002101AD009C0187013C
:100C1000210121012101ED0387016C00AD000804D1
:100C2000AD00F8033D0413046C00AD0073026A00CC
:100C30008303AD00AD00FB07AD006A00A9F13003EE
:100C4000002214F8019B02EB820203EB4202A9F19D
:100C50003003092BF5D906928EE723788AE72378AB
:100C60004BF0200B86E70822002120A8FFF718F898
:100C700001231C4458E7B4EB0508064610D025991B
:100C8000269B013143440729C7E900582693259143
:100C900017DC0837059B43440593002E7FF460AFB3
:100CA000269B002B41F00383079B9B8903F04003A5
:100CB000002B41F0CF86059851B0BDEC028BBDE80A
:100CC000F08F079924AA504601F022FF0028EBD1AB
:100CD00027AFDFE70000000000000000041500203F
:100CE000B9F1000FDCD00023CDE90B3301228DF8E0
:100CF000DC908DF85F3008930A9204930E9337AD21
:100D00000292269A1BF08403904600F005819DF81C
:100D10005F1009B3DDF894C000260CF10101012039
:100D20000132786007290DF15F00CDE925123860A6
:100D300000F33E8408377EB1DDF894C00CF1010168
:100D400018A80232386007294FF00200CDE92512B9
:100D5000786000F320840837802B00F06583049BC3
:100D60000A995E1A002E00F3E8801BF4807F40F0A1
:100D700021810A9B7B601A44259B3D600133072B30
:100D80002692259300F3BC8308371BF0040F05D08F
:100D9000069B02995D1A002D00F31884DDE90531E8
:100DA00002988142ACBF5B181B180593002A40F0E3
:100DB000778300232593089B1BB108995046FFF7C2
:100DC0005FF927AF2546AEE6099B073323F00703FB
:100DD000B3EC028B9FEDA17BB0EEC86BB4EE476B1A
:100DE000F1EE10FA099300F33986B4EE488BF1EE78
:100DF00010FA81F14685B9F1610F01F07A83B9F1FA
:100E0000410F01F07084049B013301F07F82B9F13E
:100E1000670F18EE903A4BF4807801F0F584B9F141
:100E2000470F01F0F1840023089318EE903A002B4D
:100E3000C1F20885B0EE487B0026A9F14103252BBD
:100E400001F2DD81DFE813F0A50CDB09DB09DB092A
:100E5000700ADD0ADB09DB09DB09DB09DB09DB09D9
:100E6000DB09DB09DB09DB09DB09DB09DB09DB0962
:100E7000DB09DB09DB09DB09DB09DB09DB09DB0952
:100E8000DB09DB09DB09DB09A50CDB09DB09DB0975
:100E9000700ADD0A1BF0200F40F0DE85099A1BF076
:100EA000100F52F8046B41F01C861BF0400F0992A2
:100EB00001F08E8046F3C038434636B21FE2B9F1E6
:100EC000430F03D01BF0100F00F0658608220021AD
:100ED00022A8FEF7E5FE099A37AD126822AB294633
:100EE000504603F015F80A90013001F0AE850A9BD8
:100EF00023EAE3730293099B269A043309930023A0
:100F0000CDE90B338DF85F30089304930E931BF0FB
:100F1000840390467FF4FBAE0699029E8E1B002E42
:100F200000F321849DF85F1000297FF4F3AE049B49
:100F30000A995E1A002E7FF718AF4A49259B0F9138
:100F4000102E27DD39464FF0100837462E4625462D
:100F5000079C04E0103F102F01F1080116DD01335A
:100F600040481032072BC1E90008CDE92532F1DDF8
:100F700024AA2146504601F0CBFD002840F098827B
:100F8000103F102FDDE9253227A9E8DC2C46354635
:100F90003E460F4601330F9939603244072BCDE9A5
:100FA00025327E6000F364841BF4807F07F108071C
:100FB0003FF4DFAEB9F1650F40F3AC82B5EE408B84
:100FC000F1EE10FA40F05283259B27493960013336
:100FD00001320121072B26922593796000F37F8748
:100FE0000837199B0D998B4280F2EB84109B119965
:100FF0001A44C7E90013259B26920133072B25933A
:1010000000F3D38508370D9B5D1E002D7FF7BDAE25
:101010001449259B0F91102D40F39787A146DDF8C9
:101020001C8010260C4604E00837103D102D40F3BC
:101030008B8701331032072BC7E90046CDE92532F3
:10104000F2DD24AA4146504601F062FD002840F03E
:101050002F82DDE9253227AFE7E700BFFFFFFFFF63
:10106000FFFFEF7FEC0D0020B80C0020DDF824809E
:1010700058F8045B00238DF85F30002D00F0A18547
:10108000B9F1530F00F037871BF010030B9340F0BA
:101090003287049B002BC1F2FC801A460B9928462C
:1010A00001F09CFE9DF85F300890002801F0488414
:1010B000089A521B0A9222EAE27202920BB10132A2
:1010C00002920B9BCDF8248004930E930C9308930B
:1010D0004FF0730915E6099B53F8042B0692002A7A
:1010E00080F27584069A09935242069223784BF057
:1010F000040B3FE52B238DF85F3023783AE5237806
:101100004BF0800B36E5214611F8019BB9F12A0F0F
:1011100001F09084A9F13003092B98BF002201F25D
:10112000DD8211F8019B02EB820203EB4202A9F17E
:101130003003092BF5D942EAE27304930C461BE510
:10114000504601F045FE436813931846FEF7D6FE5D
:1011500015900646504601F03BFE826823781492B3
:10116000002E3FF407AD002A3FF404AD1278002AA8
:101170003FF400AD4BF4806BFCE423784BF0010BA3
:10118000F8E49DF85F202378002A7FF4F3AC202256
:101190008DF85F20EEE41BF0200F4BF0100000F004
:1011A0002884099B073323F007031A46596852F82D
:1011B000083B099200228DF85F20049A002A18DB70
:1011C00053EA010220F4906B15D1049A9AB910F0F9
:1011D00001031A46029300F0738630238DF83F31E5
:1011E000049B0A92CDE90B330E9308930DF23F1541
:1011F00087E520F4806B50AD03F00702DB0843EA7B
:101200004173C908303253EA0106284605F8012D1A
:10121000F2D11BF0010F00F01582302A00F012828B
:101220003023049905F8013C023850AB1B1A99424F
:101230004FF00002B8BF1946CDE90B2208920A937D
:10124000054602910E925CE51BF0200F4BF0100159
:1012500021D1099B1A1D099B04981B684FF00008B7
:1012600040458DF85F801E4659DB21F0800B002B36
:1012700040F08C850992002840F0E983CDE90B000D
:101280000A900E900290089050AD3AE51BF0200FA6
:1012900000F0BE835946099B073323F00702002361
:1012A0008DF85F30049BD2F8048052F8086B0992E5
:1012B000002B35DB56EA080321F0800B31D1049B6B
:1012C000002B40F0C483CDE90B330A930E930293B5
:1012D000089350AD15E523784BF0080B4AE41BF05A
:1012E000200F4BF0100300F07A83099A073222F0A6
:1012F00007029B46536852F8086B09929846002BE8
:10130000C0F2C282049A002A0BDB56EA08032BF0D3
:10131000800B06D1002A00F04187302607E00992B1
:101320008B460A2E78F1000380F0BF823036049A93
:101330009DF85F308DF83F61012AB8BF012202920B
:1013400001220A920DF23F15002B01F06D83029BE2
:10135000013302930023CDE90B3308930E93D0E4BD
:101360002378682B03BF63784BF4007B01344BF088
:10137000400BFFF7FFBB099A1BF0200F02F104039B
:1013800000F08883126805991160C91751600993AC
:101390002546FFF7C8BB23786C2B03BF63784BF05F
:1013A000200B01344BF0100BFFF7E4BB099A049EAD
:1013B00052F8041B002047F630038642ADF8603037
:1013C0008DF85F000B46C0F2DB832BF0800545F003
:1013D000020B002940F0D683002E00F0E686099229
:1013E00030230122CDE90A210E918DF83F3102967A
:1013F0000DF23F154FF078098E4608910C91A5E348
:101400001BF0200F40F02583099A1BF0100F52F8B3
:10141000043B41F05E831BF0400F00F0E9859BB276
:10142000099258460021C5E6069B02995E1A002ED5
:101430007FF795AC8B49259B0F91102E24DD384604
:101440004FF010082F4619462546864C04E0103E02
:10145000102E00F1080013DD013110320729C0E918
:101460000048CDE92512F2DD079924AA504601F083
:101470004FFBE8B9103E102EDDE9251227A8EBDC62
:101480002C460B463D46074601330F9939603244DE
:10149000072BCDE925327E6000F3638508375EE4D3
:1014A000079924AA504601F033FB00283FF481AC91
:1014B000089B002B3FF4F8AB08995046FEF7E0FD7F
:1014C000079B9B8903F04003FFF7F2BB109B119928
:1014D0001A44C7E90013259B26920133072B259355
:1014E00000F3068707F108010028C1F21E810D985C
:1014F0000D6001330244072BCDE92532486046DDFB
:10150000079924AA504601F003FB0028D0D1269A5F
:1015100027AF3AE40D98259B012802F1010203F15F
:10152000010307F1080140F364810120072BCDE995
:1015300025323D60786000F32C821098119E0133B3
:101540000244072BC1E90060CDE9253200F32D826A
:1015500008310D98B5EE408BF1EE10FA00F1FF3630
:1015600000F05F81013301353244072BCDE925328C
:101570000D604E6000F349810831129848600133D4
:101580000244072B1CA8CDE925320860B8DC01F124
:101590000807FFF7FABB07990F9324AA504601F0FA
:1015A000B7FA002884D1269A0F9B27AFFFF7D4BB48
:1015B00007990F9324AA504601F0AAFA00287FF455
:1015C00077AF269A0F9B27AFFFF7B5BB102D259B52
:1015D00041F3D580A046DDF81C90234C102604E092
:1015E000103D102D07F1080715DD01331032072BD0
:1015F000C7E90046CDE92532F2DD24AA4946504626
:1016000001F086FA00287FF453AF103D102DDDE97C
:10161000253227AFE9DC21464446884601332A4477
:10162000072BC7E90085CDE925327FF7B7AB0799CE
:1016300024AA504601F06CFA00287FF439AF269AAC
:10164000FFF7ACBB049950AA521B91424FF0000324
:10165000B8BF1146CDE90B3308930A9202910E935D
:10166000FFF74FBBEC0D002034060020199800282E
:1016700040F300840B9B0D998B42A8BF0B46002BB7
:1016800098460ADD1A44C7E90053259B2692013388
:10169000072B259300F3B48708370B9EB8F1000F92
:1016A000A8BFA6EB0806002E00F3AB820B9B1BF431
:1016B000806F03EB050940F0CA82199B0D998B429C
:1016C00003DB1BF0010F00F07D85109911980A448F
:1016D000C7E900012599269201310729259100F3D8
:1016E0009B8708370D996E18A6EB0906CD1AAE42F6
:1016F000A8BF2E46002E0BDD259BC7F800900133B6
:101700003244072B7E602692259300F3D387083757
:10171000002EA8BFAD1B002D7FF737ABB949259B25
:101720000F91102D40F31184A146DDF81C80102686
:101730000C4604E00837103D102D40F305840133BA
:101740001032072BC7E90046CDE92532F2DD24AA85
:101750004146504601F0DCF900287FF4A9AEDDE9EE
:10176000253227AFE7E72599102E404640F36187E1
:101770000F943A46A846079CA34D1F4604E0103E2E
:10178000102E02F1080216DD013110301023072956
:10179000CDE9251015605360F1DD24AA214650469D
:1017A00001F0B6F900287FF483AE103E102EDDE97B
:1017B000251027AAE8DC3B460F9C17462A464546DB
:1017C000904601F1010C3218BCF1070FCDE925C29A
:1017D000C7F800807E6000F336839DF85F100837FD
:1017E000002940F0F880002B3FF4B9AA0B46FFF720
:1017F000A5BA1BF0010F7FF498AE0120072BCDE9AD
:1018000025323D6078607FF7B8AE079924AA50462C
:1018100001F07EF900287FF44BAEDDE9253227A9DF
:10182000ABE60D9801287FF7A8AE112875480F90F8
:1018300040F3B783A046079F1025044604E0083113
:10184000103E102E40F3AC8301331032072BC1E958
:101850000045CDE92532F2DD24AA3946504601F093
:1018600057F900287FF424AEDDE9253227A9E7E700
:10187000079924AA504601F04BF900287FF418AECE
:10188000269A27AFFFF771BA2D238DF85F30049B9E
:10189000764268EB4808002BFFF643AD0A2E78F13C
:1018A00000032BF0800BFFF441AD0294CDF828909B
:1018B00050A9DDF8509008974FF0000C0BF48064AD
:1018C00026E016EB0803514843F10003A0FB032078
:1018D00020F0030202EB90029B1AF31A4B484FF0E0
:1018E000CC32B646474602FB03F268F1000800FB23
:1018F0000822A3FB0063BEF10A0F13444FEA560609
:1019000077F10007294646EAC3764FEA53082DD3FC
:101910003E4D16EB080343F10003A5FB032020F026
:10192000030202EB90029B1AF31AA3FB053268F143
:10193000000005FB00225B0843EAC27303EB83034C
:10194000A6EB430330330CF1010C01F8013C4D1EB2
:10195000002CB6D099F800306345B2D1BCF1FF0F2E
:10196000AFD00A2E78F1000380F0B3830499029C73
:10197000CDF8509050AB5A1B9142B8BF1146DDF8DC
:101980002890089F9DF85F30CDF834C00A920291EC
:10199000DAE4079924AA504601F0BAF800287FF447
:1019A00087ADDDE9253227A9C7E5079924AA504666
:1019B00001F0AEF800287FF47BADDDE9253227A9E0
:1019C000C7E51BF0010F3FF4E0A9FFF70FBB099338
:1019D0002378FFF7CFB81E460023FFF79EB9099A78
:1019E0000432099909920E684FEAE6789B4643460D
:1019F00085E4099B1A1D099B09921B680021FFF7CA
:101A0000D9BB00BFEC0D002034060020CDCCCCCCDF
:101A1000099A1BF0100052F8043B41F057801BF06C
:101A2000400100F0A8818DF85F009BB204994FF04F
:101A3000000841451E46C0F2A9812BF0800B002B07
:101A400040F0A481049B0992002B3FF43CAC00269B
:101A50006CE45846FFF7A5BB5B4646E4B5EEC08B89
:101A6000F1EE10FA2BF0800B00F11E839DF85F3031
:101A7000B9F1470FCCBFA44DA44D002B40F05287C5
:101A80000322CDE90B3308930A9204930E9302923A
:101A9000FFF737B91BF0100F40F07C821BF0400FAE
:101AA00040F0A7831BF4007F00F07482099A059927
:101AB000126811706BE4964E1BF0200F00F07D81D0
:101AC000099B073323F007031A46586852F8083B6E
:101AD00009921BF0010140F05C81049A8DF85F10BF
:101AE000002AC0F28B8153EA00022BF4906B00F0C5
:101AF000948103F00F02B25C8DF83F211B0943EA89
:101B00000073020953EA10100DF23F150BD003F0D9
:101B10000F001B09305C05F8010D43EA027312093E
:101B200053EA0200F3D1049A50AB4FF0000E5B1B56
:101B30009A42CDE90BEEB8BF1A460A930292CDF84D
:101B400020E0CDF838E000293FF4DBA8029BDDE976
:101B500025C2023302931BF084039046614604D1F0
:101B6000069E0298361A002E06DCBEF1000F3FF4E6
:101B7000E5A80226FFF7D1B80223F5E5654E9BE7FD
:101B80004BF0020B0992634E03F00F020221B25C8C
:101B90004FF07809B0E7099B1B688DF8DC30012312
:101BA00002930A9337ADFFF7A6B9079924AA5046C6
:101BB00000F0AEFF00287FF47BAC269A27AFFFF73A
:101BC00022BA049B0895062B28BF062302930A938A
:101BD0002B460495CDE90B334F4DCDF824800E9361
:101BE000FFF78FB840215046FDF736F9079B186084
:101BF0001861002800F06087079A40235361FEF7C0
:101C000083BF102E259B40F32E874448DDF81C80AF
:101C10000F9039464FF01009074604E00831103E96
:101C2000102E40F32B8201331032072BC1E90079CB
:101C3000CDE92532F2DD24AA4146504600F068FF86
:101C400000287FF435ACDDE9253227A9E7E70D9BB5
:101C5000DDF83880CDF83CB0EB1804930C9BDDF830
:101C60001CB00B94002B4E463946DDF85090159F62
:101C70000E9531DDB8F1000F40F32B8108F1FF38EC
:101C80002598139B01303A440728C1E90037269272
:101C9000259000F39F800831049B99F800009D1B5C
:101CA0008542A8BF0546002D0CDD259801302A4449
:101CB0000728C1E900652692259000F35E8199F816
:101CC00000000831002DACBF441B0446002C14DC7E
:101CD00006440C9B002BCDDCB8F1000FCEDCDDE917
:101CE0000D35EB189E42CDF850900B9CDDF83CB0C2
:101CF000B1460F4628BF9946DFE4102C2598074BC4
:101D00002BDD10250A9310E07C0C0020780C0020BD
:101D10009C0C0020880C0020B00C0020EC0D002052
:101D2000103C102C01F1080116DD0130AE4B1032D1
:101D30000728C1E90035CDE92502F1DD24AA59467D
:101D4000504600F0E5FE00287FF4B2AB103C102CAA
:101D5000DDE9250227A9E8DC0A9B0B60013022445B
:101D60000728CDE925024C6000F3588399F800005C
:101D700008310644ADE71BF4007840F03282049944
:101D80008DF85F8000291E46BFF657AE0992FFF717
:101D9000C8BA53EA000237D030228DF86020002202
:101DA0008DF85F20049A8DF86190002A23DB2BF4D4
:101DB000906242F0020B02219BE6099A1BF0100F81
:101DC00052F8043B099214D11BF0400F0DD09BB286
:101DD00000207EE624AA5946504600F099FE0028CD
:101DE0007FF466AB269A27A956E71BF4007F40F0E4
:101DF000F58100206DE64BF0020B022103F00F028B
:101E00002BF4806BB25C77E6049B00218B428DF84B
:101E10005F10C0F241812BF4906B049A002A00F00D
:101E2000CB80012A33788DF83F31B8BF01220023DF
:101E300002920122CDE90B3308930A920E930DF220
:101E40003F15FEF75EBF07990F9324AA504600F096
:101E50005FFE00287FF42CAB9DF85F10269A0F9B45
:101E6000002900F0AC801E46DDF894C0034627AF81
:101E7000FEF753BF259B5D493960013301320121D3
:101E8000072B26922593796000F37C810837002880
:101E90007FF41CAB0D990BF001030B433EF475AFBF
:101EA000109B11991A44C7E90013259B2692013310
:101EB000072B259300F31C8207F10801FFF717BBDE
:101EC000049B0A93CDE90B330E93089350ADFEF7B4
:101ED00018BF0C9B013B09F1FF390C93D0E6079921
:101EE00024AA504600F014FE00287FF4E1AA269AA6
:101EF00027AFFFF776B80822002122A81B95FDF72F
:101F0000CFFE049B002B7DDB00260294CDF82080C1
:101F1000344698460EE037A9504601F0F9FF411CBF
:101F2000204400F09484404509DC06F1040600F0EA
:101F3000008504461B9A925922AB002AEBD10A94E1
:101F4000DDF82080029C6AE04C4601330F9939602D
:101F50002A44072B7D60CDE925327EF715AFFFF7C8
:101F6000CFBA079924AA504600F0D2FD00287FF48A
:101F70009FAA269A27AFFEF7F2BE24AA59465046DA
:101F800000F0C6FD00287FF493AA99F80000269A75
:101F900027A997E6099A059912681160FFF7F7B922
:101FA000444601330F9808603244072BCDE92532AF
:101FB0004E607FF7E1AA28E4049BFFF784B9002B69
:101FC00000F00981DDF894C00B4627AFFEF7B6BEDE
:101FD0001BF4007F16BF46F3C0184FEAE67876B2CE
:101FE0004346FFF78CB900BFEC0D0020B80C002071
:101FF0001BF4007100F0F980DBB209925846002111
:10200000FFF7D8B822AB009300231BAA194650460D
:1020100001F0A6FF0A90013000F019841B950A9B7D
:10202000002B00F09F80632B00F34C81002308936A
:1020300037AD0822002122A8FDF732FE0A9E22AB0E
:1020400000931BAA33462946504601F089FF864279
:1020500040F042850A9A0023AB5422EAE2720292CF
:102060009DF85F20049312B1029A01320292CDE9E9
:102070000B33CDF824800E93FEF743BE0F46013399
:102080000F9939603244072BCDE925327E6000F389
:1020900023810837FFF70ABB33788DF83F312BF4E3
:1020A000806B0DF23F153EE52D238DF85F30B9F1C1
:1020B000470F4FF000030893049340F3E680032298
:1020C000964D0A92CDE90B330E9304230293FEF74B
:1020D00018BE159A1399AD1A2846FDF725FE99F8F2
:1020E00001300BB109F101098D4A16EB080343F1E8
:1020F0000003A2FB030727F0030000EB97001B1A65
:10210000F31A4FF0CC3168F1000803FB01F102FB38
:102110000811A3FB023001445B0843EAC1764FEA91
:10212000510816EB080343F10003A2FB031020F053
:10213000030101EB90015B1AF31AA3FB023168F172
:1021400000005B0802FB001243EAC27303EB830347
:10215000A6EB4303303305F8013C4FF0010C013D81
:10216000FFF7F8BB9DF85F30CDF82480003B18BF27
:10217000012302930A9B0493CDE90B330E9308933A
:10218000FEF7BFBD079924AA504600F0C1FC002805
:102190007FF48EA91998269A27AF78E69DF85F30CC
:1021A00002920A9250ADFFF7CFB8049B0992CDE995
:1021B0000A330E930C93029350AD4FF078099E466C
:1021C0000893C3E46E18A6EB0906CD1AAE42A8BF69
:1021D0002E46FFF79DBA27AFFEF7C1BDDBB2002048
:1021E00077E48DF85F10DBB220E409925846FEF7E1
:1021F000E1BF099A059912681180FFF7C8B822ABB0
:1022000001931BAB0093B0EE470B049A19AB02216C
:1022100050468DED027B00F065FF9DED027B05468B
:102220001BF0010F40F05582229B5A1B199B0D9207
:10223000D81C0B93C0F2018204999942C0F20B8121
:102240009A4200F392820B9B0A931BF4806F03D097
:102250000B9B002B00F32D830A9B23EAE373C346F9
:1022600002934FF0670900230E930C930BF00201C9
:10227000002E00F0CA804FF02D0E8DF85FE0029B1B
:1022800001330293002304935DE40322254D0A9257
:1022900018E72846FDF732FE9DF85F300A9020EAE5
:1022A000E0720292002B3EF40CAFFEF708BF079CD1
:1022B00024AA2146504600F02BFCA38903F04003DA
:1022C000FEF7F6BC591C5046FCF7C6FD0546002833
:1022D00000F0F6830890ACE6079924AA504600F077
:1022E00017FC00287FF4E4A8269A27AFFFF7DEB991
:1022F000079924AA504600F00BFC00287FF4D8A8C8
:10230000DDE92532199827A9FFF7EEB800230893D5
:10231000062304934BF48078FEF787BD7C0C0020E5
:10232000CDCCCCCC780C0020049B01330D93022142
:1023300022AB01931BAB0093B0EE470B19AB0D9A88
:1023400050468DED027B00F0CDFE0D9B29F0200C58
:10235000BCF1460F9DED027B054600EB030100F04A
:102360009880B5EE407BF1EE10FA00F0D882229B07
:10237000994288BF4FF0450C40F2CF8230205A1C62
:1023800022921870229B8B42F9D35B1B0D93BCF1F8
:10239000470F199B0B9356D0BCF1460F00F08F806E
:1023A0000B9B8DF87090013B002B1993C0F24C8170
:1023B0002B22092B8DF8712000F34F8130228DF8EC
:1023C00072200DF17302303302F8013B1CABD31ABB
:1023D00012930D9B129A012B1A440A9240F34182E8
:1023E0000A9B109A13440A930A9A2BF4806343F4CD
:1023F000807B22EAE2720023CDE90B330E93029236
:1024000034E7049B0D93032192E79DF85FE0BEF152
:10241000000F7FF434AF0496FFF795BB24AA59460A
:10242000504600F075FB00287FF442A899F80000A0
:10243000269A27A906444CE4199B0B934B1BBCF12D
:10244000470F0D933BD10B9B0333C0F2F680049BE7
:102450000B9A93420FDA0B9B013BA9F10209002B67
:102460008DF870901993A3DA0B9B2D22C3F1010311
:102470008DF87120A2E70D9B0B9A934200F37581B2
:102480001BF0010F0B9B00F0B282109A13440A93C9
:10249000DBE62B78302B00F06182199B1944B5EEF6
:1024A000407BF1EE10FAC7D0229B8B42FFF466AF5F
:1024B0005B1B0D93BCF1470F199B0B93C3D00B997A
:1024C000049A0BF00103002943EA020340F3CF8290
:1024D000002B40F01A820B9B0A934FF066091BF405
:1024E000806F40F0E8810A9B23EAE373C3460293BE
:1024F000B9E647F63003ADF86030049B632B4BF030
:10250000020B00F35C8118EE903A002BC0F23B8185
:10251000B0EE480B19A800F0B1FCB4EE007B20EE41
:10252000077BB5EE407BF1EE10FA40F040820123CC
:102530000026199337AD0896AE480499B3EE004BC8
:102540002B4606E0B5EE407BF1EE10FA00F00F826C
:10255000114627EE047BFDEEC76B4A1E16EE90CAAD
:1025600010F80CE0B8EEE65B9C4637EE457B03F8CE
:1025700001EB0029E6D1B6EE005BB4EEC57BF1EECF
:1025800010FA08DCB4EE457BF1EE10FA1ED116EE1F
:10259000902AD2071AD5CDF888C013F8011C90F8FC
:1025A0000FC08C451A460AD14FF0300E02F801ECEC
:1025B000229A511E229112F8011C6145F6D0392948
:1025C00016BF0131817AC9B202F8011C199A5B1B4E
:1025D0000D93B9F1610F02F1FF33199300F01F82DF
:1025E00050214FF04109002B8DF87010C0F20E827F
:1025F0002B22092B8DF871202FDC0DF17202E2E6FF
:10260000079924AA504600F083FA00287EF450AFC0
:10261000269A27AFFFF741B8079924AA504600F041
:1026200077FA00287EF444AF199B269A27AFFFF76C
:1026300059B8DFF8CC81FFF7C4B80B9BA9F10209A8
:10264000013B8DF8709019930B9A2D238DF8713002
:10265000C2F101030832BFF6B1AE0DF17F0CDFF815
:10266000A4E162461046AEFB0312D20802EB8201DF
:10267000A3EB41013031632B00F8011C134600F13C
:10268000FF32EFDC303302F8013C831E634580F0FB
:10269000C8810DF1710213F8011B02F8011F634597
:1026A000F9D103F5A0736B44CC3B1B1A1CAA9B1AEF
:1026B00012938EE6079924AA504600F029FA0028C2
:1026C0007EF4F6AE199D0D9B269A5D1B27AFFFF792
:1026D0001FB8049B4FF0470CE918E0E600230C46B6
:1026E0000493FEF749BA45F63003ADF86030049B19
:1026F000632B4BF0020B62DC18EE903A002B42DBAE
:10270000B0EE480B19A800F0B9FBB4EE007B20EE48
:10271000077BB5EE407BF1EE10FA01D1012319934E
:1027200000263548089637AD07E746421030334853
:102730000F9052DA1027804603E00831103E102E29
:102740004BDD01331032072BC1E90087CDE925327B
:10275000F3DD079924AA504600F0DAF900287EF448
:10276000A7AEDDE9253227A9E8E70D9B109A9A1854
:102770000B9B0A92002B79DD4FF06709AFE6DFF87B
:102780008080FEF74BBF0023089337AD2D26B1EEB6
:10279000487BB0EE470B19A800F070FBB4EE007B4D
:1027A00020EE077BB5EE407BF1EE10FA04BF01236B
:1027B0001993B9F1610F3FF4BFAE0F48BDE6049B1A
:1027C0005046591CFCF748FB0546002800F03D81A7
:1027D00008904BF48078FEF728BB01330F9808600F
:1027E0003244072BCDE925324E6000F302810831D7
:1027F000FEF77DBE880C00209C0C0020EC0D002014
:1028000034060020CDCCCCCC049A002A00F0D48031
:10281000002BC0F22481B0EE487B002622AB01934E
:102820001BAB0093B0EE470B19AB049A0221504644
:102830008DED027B00F056FC00239DED027B0546EA
:102840000893EDE42D26B1EE487BFEF7F6BA079B20
:102850009B890022089243F04003079A9381FEF778
:1028600027BE1BF0010F3FF4BFADB9E5C3F1010373
:102870001A4422EAE273C3460A9202934FF06709B0
:10288000F1E418EE903A13F000432BF0800B0B9319
:1028900000F09A802D238DF85F30B9F1470F4FF08B
:1028A00000030893049340F3F8800322944D0A92A6
:1028B00008E44FF0670914990B78FF2B00F0F880BB
:1028C00000200B9A0E90844603E001300131FF2B6B
:1028D00009D0934207DAD21A4B78002BF5D10B7846
:1028E0000CF1010CF3E7CDE90B201491CDF838C0C1
:1028F0000C9A0E9B159913440A9A01FB03230A9321
:1029000023EAE373C3460293B0E4109B02EB010990
:102910004B440A934FF06609E1E55B1B0D93199B4D
:102920000B933DE50023032208930A920493FFF7DB
:10293000C9BB049B029CDDF820800A93FFF76FBBA4
:10294000CDF824801BB3049B0A935A1C0292049076
:102950000E900C904FF07309FEF7D3B9B5EE407BA3
:10296000F1EE10FA1ED1199B0B93194466E5002A6B
:102970000491FFF62BAE0499302001EB030C1946AD
:1029800001F8010B6145FBD11A44531C1EE6049B60
:102990000A930293089B0E930C9304934FF07309D0
:1029A000FEF7AFB90D9BC3F10103199376E500263D
:1029B0005448089637ADC0E5934273DBB0EE487BD0
:1029C0000123049E049329E79DF85F30B9F1470F76
:1029D000CCBF4B4D4C4D002B40F08680032204931E
:1029E0000A920E930C9308930292FEF78AB90A9307
:1029F0002BE4079924AA504600F08AF800287EF4B8
:102A000057ADDDE9253227A9FEF771BD2D238DF8DD
:102A10007130C2F101030832FFF61FAEEDE57021FF
:102A2000E1E502231293D4E4CDE90B3308930E932E
:102A3000FEF767B9099A63780C4652F8041B0992AD
:102A400041EAE1710491FEF795B8079A938943F042
:102A5000400393814FF0FF330593FEF72CB92D26E9
:102A6000B1EE487BDAE629490F91FFF708BBC34670
:102A700033B9012302934FF066090A93FFF7F3BBC2
:102A8000109B03F10109049B4B440A9323EAE3736F
:102A900002934FF06609FFF7E6BB03221A4D0A9234
:102AA000FFF710BB01232D260493B1EE487BB5E65A
:102AB00000230E930C931BE70C23CAF80030C9E7E0
:102AC000079B08909B8943F04003C6E65946FEF7F2
:102AD000C2BB5846FEF78FBF079B9B8943F040035C
:102AE000BBE65B46FEF77DBF002304930E930C9379
:102AF000089303230A9304230293FEF702B900BF4D
:102B0000840C0020880C0020800C0020EC0D00209C
:102B10002DE9F0411546926802B32C6807468846B5
:102B2000083401E00834C9B16B68581E002B114607
:102B3000686013DD54F8046C002EF3D0334654F86B
:102B4000082C4146384602F0A1FB431C07D0AA6876
:102B5000921B1146AA6008340029E5D10020002309
:102B6000C5E90133BDE8F08170B5002941D00646C2
:102B70000C4610B1436B002B3ED0FCF759FF636E3F
:102B8000B4F90C20DD0730D4900538D52146304605
:102B900000F04CF8E36A054633B1E16930469847E6
:102BA0000028B8BF4FF0FF35A3891A0639D4216B2E
:102BB00041B104F14003994202D03046FDF760FA7A
:102BC00000232363616C21B13046FDF759FA0023DD
:102BD0006364636E0022DB07A2811ED5A06DFDF742
:102BE00073F9FCF72BFF284670BD002ACED1FCF705
:102BF00025FF0025284670BDFCF7FCFEBDE7A06D53
:102C0000FDF764F9B4F90C30002BBFD1636ED9071E
:102C1000EDD4A06DFDF75CF9E9E7A06DFDF758F97B
:102C2000DCE721693046FDF72BFAC0E7B1F90C204B
:102C30002DE9F041804610070C4650D4496842F413
:102C400000630029A38164DDA66A002E44D0002120
:102C500012F48052D8F80050C8F8001065D1E1692C
:102C600001234046B047411C02466CD0B4F90C30F9
:102C7000A66A5B0705D56368D21A236B0BB1E36BB9
:102C8000D21A0023E1694046B047471CB4F90C3022
:102C90004DD1D8F800101D2940D8304ACA40D60777
:102CA0003CD52269226023F40062A281D9044FF04E
:102CB0000002626003D5D8F80030002B41D0216BB0
:102CC000C8F8005041B104F14003994202D0404697
:102CD000FDF7D6F9002323630020BDE8F0810E69DB
:102CE000002EF9D00D680E6092070CBF4B690023CF
:102CF000AD1B8B600AE02B463246E169676A4046AD
:102D0000B8470028A5EB0005064406DD002DF2DCDF
:102D1000E2E7E16B002997DCDEE7A38943F040039B
:102D2000A3814FF0FF30BDE8F081226DA1E7226959
:102D3000226023F40062A281DB044FF00002626093
:102D4000BDD52065BBE7D8F80030002B8ED01D2BF9
:102D500001D0162BE1D1C8F80050BDE7010040209A
:102D600000B5034683B008B1426B52B3B1F90C0011
:102D700098B14A6ED20701D4820512D51846009147
:102D8000FFF754FF00994A6E0346D00702D48A89A0
:102D900092050ED5184603B000BD0346184603B091
:102DA00000BD886D01930091FDF790F8DDE90013F7
:102DB000E4E7886D0093FDF78BF8009B184603B09D
:102DC00000BDCDE90001FCF715FEDDE90031CDE7DE
:102DD00000487047DC1600200000000001F0FF01F1
:102DE000102A2BDB10F0070F08D010F8013B013A36
:102DF0008B422DD010F0070F42B3F6D1F0B441EA68
:102E0000012141EA014122F007047FF0000700237D
:102E1000F0E80256083C85EA010586EA010685FAD3
:102E200047F5A3FA87F586FA47F6A5FA87F68EB92D
:102E3000EED1F0BC01F0FF0102F0070232B110F850
:102E4000013B013A83EA010313B1F8D10020704736
:102E500001387047002D06BF35460338073815F096
:102E6000010F07D1013015F4807F02BF013015F446
:102E7000C03F0130F0BC0138704700BF4DF804BDC1
:102E800083B08DED000B019ADFF870C022F0004393
:102E900000216345016025D8DDF800C053EA0C0C21
:102EA00020D0DFF85CC002EA0C0CBCF1000F0AD1A4
:102EB0009FED107B20EE077B8DED007B019A6FF07C
:102EC000350122F00043DDE900BC6FF31E5242F0F1
:102ED0007F5C1B154CF4001CA3F2FE33CDE900BC53
:102EE0000B4403609DED000B03B05DF804BB70471D
:102EF000AFF300800000000000005043FFFFEF7FB1
:102F00000000F07F00B50B4C2468864685B0E06871
:102F10009C460C4652B108490094CDE90112734613
:102F20000649624601F028F8FAF7CAFD04490A4644
:102F3000F2E700BF6C170020BC0C0020CC0C002076
:102F4000C80C002010B5A1FB021482B074BBFBF7C3
:102F500083FF034670B350F8042C22F00302043AB6
:102F6000242A10D8132A16D91B2AC0E900441AD9DA
:102F7000242AC0E902440ABFC0E9044400F1100158
:102F800000F1180108E021460190FCF789FE019B41
:102F9000184602B010BD014600221846C1E90022C1
:102FA0008A6002B010BD00F10801F5E7FCF75EFF92
:102FB0000C2303600023184602B010BD2DE9F04F2A
:102FC00003690C69A34283B0C0F28880013C01F11F
:102FD000140500F1140855F8243058F82420013362
:102FE00008EB84069A4200964FEA840B05EB8407AF
:102FF000B2FBF3F63AD300230191C64629469C461C
:1030000051F8042BDEF800901FFA82FA06FB0A330F
:103010004FEA134A120C06FB02A29BB21FFA89FA6E
:10302000AAEB030363441FFA82FCCCEB234C0CEBAA
:10303000194C9BB243EA0C438F424EF8043B4FEAD3
:103040002C4C4FEA1243DBD258F80B3001996BB984
:10305000009B043B984504D307E0984504F1FF34F6
:1030600003D21A68043B002AF7D004618146FDF7B9
:10307000DDFB00282EDB01364146002255F8040B0B
:10308000D1F800C01FFA80FE1FFA8CF3A3EB0E03E9
:103090001344020CC2EB234202EB1C429BB243EAF4
:1030A0000243AF4241F8043B4FEA2242E6D258F8CD
:1030B000242008EB84036AB9043B984504D307E055
:1030C000984504F1FF3403D21A68043B002AF7D074
:1030D000C9F81040304603B0BDE8F08F002003B0BF
:1030E000BDE8F08F2DE9F04F93B08DED000B04910A
:1030F000816B1C9D069257EC106B0446089341B1FE
:10310000C26B4A60012393408B60FDF705F90023F1
:10311000A363B7F10008B4BF012300232B60A34BC6
:10312000BCBF28F00048CDF8048033EA080300F063
:1031300092809DED007BB5EE407BF1EE10FA0DD153
:10314000089A012313601D9B13B11D9A984B1360BD
:10315000984B0293029813B0BDE8F08F10AAB0EE1E
:10316000470B11A920468DED027BFDF73FFC5FEA7E
:1031700018539DED027B109A834640F08280119B8C
:10318000134403F23241202940F3E281C1F14001AE
:1031900008FA01F803F2124126FA01F148EA0101A6
:1031A00006EE101AB8EE466B013B16EE901A4FF081
:1031B0000108A1F1F8719FED772BB7EE081B9FED89
:1031C000775B9FED784B06EE901A03EE903A36EE61
:1031D000416BB8EEE33BA6EE025BB0EE456BA3EEAF
:1031E000046BFDEEC65BB5EEC06BF1EE10FACDEDF3
:1031F000055A00F1C0800599D21A162902F1FF3A4A
:1032000000F2A4806C4B03EBC10393ED006BB4EEB2
:10321000C67BF1EE10FA00F1A281002A40F3C084CF
:103220000027CDE90A178A4400230993049B092B40
:103230003DD8052BC4BF043B0493049BA3F10203B8
:10324000CCBF00250125032B33D8DFE813F0FA01AA
:10325000F701ED019201089AC8F3130842F20F73C7
:1032600058EA060813601BD11D9B002B00F0428614
:10327000524B029308331D9A0298136013B0BDE8B5
:10328000F08F17EE901AB0EE476BC1F3130141F0C7
:103290007F51A3F2FF3341F440114FF000088AE759
:1032A0001D9B002B40F06181454B029352E70023A8
:1032B00004930025E563294620468DED067BFDF746
:1032C00001F89DED067B0290002800F0B485119A6C
:1032D000029BA363002A75DB05990E2972DC364B2D
:1032E00003EBC10393ED003B87EE036BBDEEC66BB2
:1032F000029916EE103A303301F8013B4FF0FF39D6
:10330000B8EEC65BA5EE437B0123B2EE044B11E0A1
:1033100087EE036BBDEEC66B013316EE102A4B45EC
:1033200002F13002B8EEC65B01F8012BA5EE437B3B
:1033300000F0A38427EE047BB5EE407BF1EE10FA9B
:10334000E6D1059B013304930D46ECE001230B937A
:10335000059BBAF1000FBABFC2F101074FF0000A96
:103360000027002B80F2F180059BFF1A5B42099336
:1033700000230A935AE7B8EEE55BB4EE465BF1EE44
:1033800010FA3FF438AF05990139059133E700BFD2
:10339000AFF3008061436F63A787D23FB3C8608BF0
:1033A000288AC63FFB799F501344D33F0000F07F2B
:1033B000B90C0020B80C0020A8020020FC0C002052
:1033C000080D00204FF0FF390695CDF83090B8F188
:1033D000000F00F0E984DDF8248002F2334201217D
:1033E00020469244BD18FDF75DF80646002F40F0D8
:1033F0009F82099B002B00F09383B8F1000F40F0EF
:1034000077835946099A2046FDF73EF90123834602
:10341000099301212046FDF745F80A9B8046002BC1
:1034200040F04582049B012B40F3AA8201205044C6
:1034300010F01F0000F008811B2800F3D582C0F1B6
:103440001C00054407448244002D05DD59462A46E8
:103450002046FDF775F98346BAF1000F05DD4146B8
:1034600052462046FDF76CF980460B9B002B40F03E
:103470000082B9F1000F40F3D781099B002B40F087
:103480002481059B01330493029F012507E05946DF
:1034900000230A222046FCF749FF013583464146B6
:1034A0005846FFF78BFD4D4500F1300A07F801AB98
:1034B000EDDB029BB9F1000F03F1010209F1FF39C5
:1034C0004FF00003D8BF4FF00009914400935946D4
:1034D00001222046FDF734F941468346FDF7A6F95F
:1034E000002840F32083029A02E0914500F02683F1
:1034F0004D4609F1FF3915F8013C392BF5D0013360
:1035000089F8003041462046FCF706FF5EB1009B7B
:103510002BB1B34203D019462046FCF7FDFE3146DD
:103520002046FCF7F9FE59462046FCF7F5FE00233D
:103530002B70089B049A1A601D9B002B3FF40AAE67
:1035400002981D6013B0BDE8F08F9A440A936BE6B1
:10355000C1F1200106FA01F106EE101A22E6059BE0
:10356000013B059300230B93F2E6AC4B029303332C
:1035700081E601230D93DDE90523134403F10109DD
:103580004E46012E0C93B8BF0126172E40F39C84A3
:10359000012204235B0003F11400B042114602F142
:1035A0000102F7D9E16320468DED0E7BFCF78AFE20
:1035B0000290002800F03F84B9F10E0F9DED0E7BC4
:1035C000A06346D8002D44D00599002940F3F1822C
:1035D000934B01F00F0203EBC203CD0593ED006B9B
:1035E0004FEA211340F18A838E4A92ED085B03F083
:1035F0000F03032187EE054B002B00F0FB81894A66
:1036000001E05B100832D80703D45B100832DE07F4
:10361000F7D592ED005B5B1001F1010126EE056B21
:1036200000F0E8810832F2E701230D93069B002B9E
:1036300040F38B81069E0C96B146A6E700230D93BE
:1036400099E700230D93F1E71C20054407448244C9
:10365000FAE6119A002AC0F24081059B0E2B00F376
:103660003C816F4B059A03EBC20393ED003B069B35
:10367000002B80F2ED82B9F1000F00F3E98240F0F7
:103680008682B1EE046B23EE066BB4EEC67BF1EEE0
:1036900010FA494640F27C82029D312305F8013B35
:1036A0002046FCF739FE059B023304933BE7314685
:1036B00000230A222046FCF739FE0C9B002B06460D
:1036C00040F3FA83DDF830900595002F05DD314693
:1036D0003A462046FDF734F806460A9B002B40F098
:1036E000F6823746029D6B1E4B440A93009B03F003
:1036F00001030C9341465846FFF760FC31460B909E
:1037000000F1300A5846FDF791F8414681463A46A5
:103710002046FDF7ABF8C3680146002B36D109906F
:103720005846FDF783F8099906902046FCF7F4FD0A
:10373000069A002A5AD1049B1BB90C9B002B00F05F
:10374000A483B9F1000F43DB0A9BA9469D4209F807
:1037500001AB00F0D782594600230A222046FCF72D
:10376000E5FDBE42834631464FF000034FF00A02AA
:10377000204635D0FCF7DAFD3946064600230A22FA
:103780002046FCF7D3FD4D460746B3E72046FCF73D
:10379000C3FDB9F1000F08DB009B03F00102049B9D
:1037A00049EA030952EA09022ED15946012220466C
:1037B000FCF7C6FF41468346FDF738F8002840F382
:1037C0004183BAF1390F00F024830B9B03F1310AD6
:1037D00005F801AB059B0096013304933E4691E644
:1037E000FCF7A4FD4D460646074683E7B9F1000FF6
:1037F000C0F28483049B49EA03090C9B53EA09093C
:1038000000F07C83002A9FDDBAF1390F00F00183BC
:103810000AF1010305F8013BDCE700BF080D0020B9
:10382000A802002080020020049B022B7FF725AE17
:10383000B9F1000F40F0008241464B460522204678
:10384000FCF774FD014680465846FCF7EFFF4845FB
:1038500040F3F281029D312305F8013B41462046A9
:10386000FCF75AFD059B02330493002E7FF457AEFC
:1038700059E641465846FCF7D9FF0028BFF6F9AD96
:10388000594600230A222046059DFCF74FFD099B5F
:10389000013D8346002B7FF40AAF0C9B002B40F3C5
:1038A000FE82059BDDF8309004930595ECE51A4601
:1038B00001462046FCF7E8FE049B012B804640F3BE
:1038C000F98100230A93D8F8103008EB83031869B4
:1038D000FCF77EFDC0F12000A9E50D9B73B9002F18
:1038E00067D1099B002B74D11D461E4691E5119AA4
:1038F000002A03DB05990E297FF7B4AE049B012B48
:103900007FF765AD099B09F1FF384345C0F2778128
:10391000B9F1000FA3EB080880F2BE82A7EB090300
:10392000012120460D93FCF7BDFD3D460D9F064647
:10393000BAF1000F7FF75DAD57453B46A8BF534630
:10394000ED1AFF1AAAEB030A53E50021E1632046B2
:103950008DED067BFCF7B6FC9DED067B0290002802
:1039600000F06982029BA363002D40F09F81119AB1
:10397000AA42C0F27C8201230C93994606936CE61E
:10398000009B002B7FF452AD019BC3F31303002B6C
:103990007FF44CAD019B23F000431B0D1B05002B56
:1039A0003FF444AD012301350AF1010A0A93184698
:1039B0003DE5BAF1000F00F0FE8157453B46099EF8
:1039C000A8BF5346FD1AAAEB030A2F46002E3FF468
:1039D00020AD5946099A2046FCF756FE002383463F
:1039E00009933D461E4614E51C283FF42DADC0F159
:1039F0003C002AE684EE065B0B9B3BB1B7EE006B06
:103A0000B4EEC65BF1EE10FA00F1E081B1EE0C4BC2
:103A100006EE901AB8EEE66BA6EE054B14EE901A81
:103A200053EC142BA1F15073B9F1000F00F09B80FF
:103A3000DDF814C0484643EC142BB64B029DFDEE56
:103A4000C53B03EBC00212ED022B13EE902A02F1EC
:103A5000300E0D9A691CB8EEE36B0E4635EE466BE0
:103A6000002A00F05B81B6EE003B83EE025B35EE90
:103A7000445BB4EEC65BF1EE10FA85F800E000F3AB
:103A80002782B7EE001BB2EE043B002518E001359B
:103A90008542BFF62CAF26EE036B25EE035BFDEEF1
:103AA000C64B14EE902AB8EEE42B303236EE426B61
:103AB000B4EEC56BF1EE10FA01F8012B00F1DF81D5
:103AC00031EE464BB4EEC54BF1EE10FADFD5029A5B
:103AD0000CF1010C02E0914200F097810D4611F8C3
:103AE000013D392BF7D001330B70CDF810C01AE52A
:103AF000314642462046FCF7C7FD5A460146064677
:103B00002046FCF7FDFC59460D902046FCF704FCCE
:103B1000099BDDF834B0B3EB080309937FF471AC73
:103B20000123099375E403D11AF0010F7FF4DBAC94
:103B30004D4619F8013D302BFAD0E3E4059B029A7B
:103B40000233049331231370DCE406EE901AB1EED5
:103B50000C4BB8EEE66BA5EE064B14EE901A53EC48
:103B6000142BA1F1507343EC142BB1EE046B35EE22
:103B7000466BB4EEC46BF1EE10FA00F35681B1EE71
:103B8000444BB4EEC46BF1EE10FA7FF562AD002148
:103B90002046FCF7C1FB069B029D5B420493C2E4F6
:103BA000059B0A939A460023C2F101070B93FFF786
:103BB0003BBB00F00781059A564B524202F00F01C1
:103BC00003EBC10393ED005B131127EE055B00F0DF
:103BD0007981514A022101E05B100832DD0703D4EC
:103BE0005B100832D807F7D592ED006B5B1001F13E
:103BF000010125EE065B3FF4FFAE0832F2E7099BB8
:103C00000A9AA8EB03031A44012120460A92FCF702
:103C100049FCCA4407EB09050646CDF82480002F6D
:103C20003FF4EFAB57453B46A8BF5346ED1AFF1A8A
:103C3000AAEB030AFFF7E5BB41462046FCF76CFB05
:103C4000069B029D5B420493002E7FF468AC6AE4FD
:103C5000029B5E1C87EE036BBDEEC66B029A16EEEE
:103C6000103AB9F1010F03F13003B8EEC65B3146EB
:103C70001370A3EE457B7FF447AB37EE077BB4EEC2
:103C8000C37B059BF1EE10FA03F1010304939C46FC
:103C900008DCB4EE437BF1EE10FA05D116EE103AD3
:103CA000DB0701D5029A19E70D463CE40C95A946BD
:103CB000069589E4009B002B7FF403AEDDE900123A
:103CC000C2F31303002B00F0C4800A91FBE5716876
:103CD0002046FCF7F7FA0546002800F00481336916
:103CE00002339A0006F10C010C30F9F779FC2946F1
:103CF00001222046FCF724FD0746F3E40221B0EE42
:103D0000474B79E4059B009601333E460493FFF749
:103D1000DEBB00BFA802002080020020029A24EE31
:103D2000022B012882F800E014D0B2EE043B029A84
:103D3000151826EE036BFDEEC65B15EE902A3032A9
:103D400001F8012BA942B8EEE54B36EE446BF0D1F9
:103D5000711E0144B6EE005B32EE054BB4EEC64B6D
:103D6000F1EE10FA3FF5B3AE35EE425BB4EEC65B52
:103D7000F1EE10FA0DDC119A002AFFF6B0AD059AAB
:103D80000E2A3FF7ACAD059A03EBC20393ED003B5F
:103D900060E70D46013915F8013C302BF9D00CF1E4
:103DA00001030493FFF7BFBB109ADDF82480C2F132
:103DB0003602FFF714BB099E002E7FF40AAE3D4683
:103DC000FFF727BB0221B0EE475B15E6B9F1000F04
:103DD0003FF4BBAE0C9800287FF73BACB2EE043B3F
:103DE000B1EE0C4B013106EE901A25EE035B059BFC
:103DF000B8EEE66BA5EE064B14EE901A03F1FF3C0D
:103E000053EC142BA1F1507315E60CF1010C312386
:103E10006AE6A946392309F8013B059B0096013360
:103E2000029A04933E46FFF763BB029D312305F8D7
:103E3000013B002134E4334B3348002240F2AF1100
:103E4000FFF760F87FF4C4AC1AF0010F7FF4B9AC4F
:103E5000BEE4019B23F000431B0D1B05002B3FF428
:103E600031AD012301350AF1010A0A932BE50D9BBF
:103E7000002B33D101230C93994606932FE50CF1C7
:103E8000010304930D46FFF74EBBBAF1390FC0D0C2
:103E900091453FF79AAC9BE44A46FFF7A0BA049AD3
:103EA000022A05DC059A049299460595FFF7ECBABB
:103EB0000595DDF83090BBE4049A0595022AF8DCFC
:103EC000994602E4022197E50021E163FFF76BBB0D
:103ED0000CF1010304930D46FFF725BB0D9B0693E0
:103EE00099460C930EE5074B07482A4640F2EF210E
:103EF000FFF708F8054B0293FFF72CB9002A3FF7AC
:103F000054AC65E4080C00200C0D0020FC0C0020D3
:103F100030B5044687B05BB110480193D0F8C85162
:103F200071B12046A847421C019B10D007B030BD9C
:103F300000F5827309480193D0F8C8510029F0D1E7
:103F40000A46204603A9A847421C019BEED1002146
:103F50008A221960226007B030BD00BF041500201E
:103F600010B582B0049CCDE900344FF0FF3301F06E
:103F700055FC02B010BD00BF0EB400B582B003AB5B
:103F8000DFF81CC053F8042B01930146DCF8000055
:103F900000F008F802B05DF804EB03B0704700BF12
:103FA0006C1700202DE9F04FC5B00DF1500A834683
:103FB000049116460021082250461C460B93FBF73D
:103FC0006FFEBBF1000F04D0DBF83430002B00F0A3
:103FD0004987049B5A6EB3F90C30D00740F14181F8
:103FE000990400F1A985049943F4005322F4005286
:103FF0008B814A66930401F1AE80049BB3F90C30C7
:104000001D0740F1BD80049A1269002A00F0B880B3
:1040100003F01A020A2A00F0C2800023CDE9193306
:10402000CDE90E331BAADFF86C980D931892174652
:104030000793B0464546D9F8CC41FBF7ABFECDF827
:1040400000A003462A4612A95846A047002800F0BF
:10405000C580C0F2BB80129A252A034601D01D44B8
:10406000E9E7B5EB0806044640F0BC80002319469A
:104070008DF8433008934FF0FF326B78059205F1CD
:104080000108039108F101081946A1F120035A2BF8
:1040900000F2F280DFE813F0E603F000F000DF0347
:1040A000F000F000F000BF03F000F0000702530240
:1040B000F00012020004F000F1035B005B005B0003
:1040C0005B005B005B005B005B005B00F000F000EE
:1040D000F000F000F000F000F000F000F000D80177
:1040E0009F03F000F000F000F000F000F000F0009E
:1040F000F000F000F0001902F000F000F000AA015A
:10410000F000FB02F000F000BA05F000F000F00053
:10411000F000F000F000F000F000F000F000D80136
:104120006801F000F000F000950368016D00F000F8
:104130008B03F0007D036A0320036D00F000AA01E9
:104140006A005902F000F000FB05F0006A00A1F1DE
:104150003003002218F8011B02EB820203EB42023B
:10416000A1F13003092BF5D908928EE798F80030B9
:1041700088E7039B43F02003039398F8003081E71E
:10418000049D5846294601F05FFA002840F0F68762
:10419000B5F90C3003F01A020A2A7FF43EAF0499F5
:1041A000B1F90E20002AFFF638AF4A6ED20702D4CA
:1041B0009F0540F19087049923463246584601F006
:1041C00015F80790079845B0BDE8F08F0822002148
:1041D0005046FBF765FD01231D442CE7B5EB0806AF
:1041E000044610D01A9B33441A93199B0133072BB2
:1041F000C7E90086199310DC0837079B33440793FF
:10420000002C7FF433AF1A9B002B40F06E87049B89
:104210000022B3F90C30199218E0049918AA5846F4
:1042200001F024F878B91BAFE7E7049918AA5846BB
:1042300001F01CF8002800F08380099B1BB109994C
:104240005846FBF71DFF049BB3F90C30049A526EDD
:10425000D0077FD55B0600F16687079845B0BDE8BB
:10426000F08F9F0540F114819D047FF5BCAE900452
:104270007FF5C6AE00F071BF0029C4D00023012233
:104280008DF8AC108DF8433009930A9205932BAD4D
:104290000692DDE919C0039C14F0840601466246CB
:1042A00026D1089B069C1C1B002C00F3ED839DF877
:1042B000433003B300260C960132012301317B60A9
:1042C000072A0DF14303CDE919213B6000F38683F2
:1042D00008370C9B63B1013211AB02313B60072AF6
:1042E0004FF00203CDE919217B6000F36B8308379F
:1042F000802E00F0EE82059B0A981C1A002C00F319
:1043000026830A9B3D6001321944072ACDE9192111
:104310007B6000F34C830837039B5C0705D5089B43
:10432000069A9C1A002C00F36583DDE90732069893
:104330008242ACBF9B181B18079300297FF475AF0E
:1043400000231993099B1BB109995846FBF798FE66
:104350001BAF6FE69A053FF57DAF049CA06DFBF7A0
:10436000B7FDB4F90C3075E7039B980640F13C8427
:104370000B9B073323F00702536852F8084B0B924C
:104380001E46002BC0F23882059A002A07DB039BE9
:1043900023F08003039354EA060300F08C840A2C74
:1043A00076F1000380F0F7803034059A9DF84330B1
:1043B0008DF80F41012AB8BF01220692002B00F0B0
:1043C000AF83069B0133002506930123CDE90953F2
:1043D0000DF20F15DDE91921039B13F08406084641
:1043E00094463FF45EAF00230C9365E70B9E0023D9
:1043F0008DF8433056F8043B0993002B00F05585A7
:10440000532900F07284039B13F0100440F06D8474
:10441000059A002AC0F2138509982146FEF7DEFCB2
:104420009DF84330099D002800F08B86421B0A92BC
:1044300022EAE2720692002B00F00E85013205940A
:1044400006920B960994C5E7432903D0039BDD062A
:1044500040F127840822002116A8FBF721FC0B9AC3
:104460002BAD126816AB29465846FFF751FD0A904E
:10447000013000F04F860A9B23EAE37306930B9BFF
:1044800004330B9300238DF843300993059300E721
:10449000049DA86DFBF71AFDB5F90C306A6E9904FE
:1044A0003FF5A8AD9FE50B9B53F8042B0892002A1B
:1044B00080F23D83089A0B9352420892039B43F08B
:1044C0000403039398F80030DCE5039B43F01000ED
:1044D0009B0640F14E830B9B073323F007031A46DC
:1044E000596852F8083B0B9200228DF84320059A38
:1044F000002AC0F2118320F49062039253EA010271
:1045000000F01E8344AD03F00702DB0843EA417369
:10451000C908303253EA0104284605F8012DF2D1CA
:10452000039B13F0010340F09E82059A099344AB6C
:104530005B1B9A42B8BF1A460A930692A9E62B2340
:104540008DF8433098F800309CE503998E0600F111
:10455000A48003990B9A11F0100052F8043B40F02C
:104560002783039911F0400100F0CA848DF84300BD
:104570009BB205990026B1421C4606DB039921F047
:1045800080010391002B00F07B850A2C76F100035B
:104590000B92FFF409AF039B09970020CDF830B0D0
:1045A00044A9DDF834B0069003F48067CDF8288084
:1045B00025E00690A319B54843F10003A0FB032CA6
:1045C0002CF0030202EB9C029B1AE31A4FF0CC3250
:1045D000A046B64602FB03F266F1000600FB062287
:1045E000A3FB0043B8F10A0F13444FEA54047EF1D1
:1045F000000E294644EAC3744FEA53062ED3069BA5
:10460000A24A01330693A31943F100031046A2FB0B
:10461000032525F0030202EB95029B1AE31AA3FB84
:10462000003266F1000500FB05225B0843EAC27315
:1046300003EB8303A4EB4303303301F8013C4D1E2D
:10464000002FB7D006989BF800308342B1D1FF28E5
:10465000AFD00A2C76F1000380F0AF8405999DF865
:104660004330CDF834B044AA521B9142B8BF114632
:10467000DDE90978DDF830B00A920691002B00F0F0
:10468000EE83069B0133069300230993A2E6039B66
:1046900043F010019B0640F189820B9B073323F006
:1046A000070200238DF84330059B566852F8084BEB
:1046B0000B92002BC0F2EE8221F08003039354EAA8
:1046C00006037FF46CAE059B002B40F0DE840A935A
:1046D0000693099344ADDCE5059C0B9903980022F1
:1046E00047F630039442ADF844308DF8432051F83A
:1046F000043BC0F2D28220F0800040F00200039020
:10470000002B00F0E58303F00F0461481B09045DF2
:104710008DF80F410B9100F05685022106910DF2A4
:104720000F1503F00F011B09415C05F8011D43EA59
:104730000273120953EA0201F3D144AB5A1B059BE1
:104740000A929342B8BF1346069A002A00F03985B0
:10475000DDE91921039C023314F084060693084610
:10476000944600F0E98200230993B4E50398860695
:104770003FF5B1AE03990B9ACD0652F8043B00F118
:1047800014850398440640F1C8839BB20B92002124
:10479000AAE603990B9A8C0602F1040340F1F0811A
:1047A000126807991160C91751600B9342E498F899
:1047B00000306C2B00F08F82039A42F010020392BB
:1047C00060E498F80030682B00F07B82039A42F096
:1047D0004002039256E4039A940642F0100300F15B
:1047E00000820B9A04320B9903930C680B92E61724
:1047F0003346002BBFF6C8AD2D238DF84330059B03
:10480000644266EB4606002BFFF6C9AD039B23F01E
:1048100080030393C3E55846FEF7DAFA43680F9323
:104820001846FBF76BFB0E9004465846FEF7D0FA8D
:10483000826898F800300D92002C3FF423AC002AD7
:104840003FF420AC1278002A3FF41CAC039A42F4E7
:104850008062039216E4039B43F00103039398F8EC
:1048600000300FE49DF8432098F80030002A7FF4D0
:1048700009AC20228DF8432004E4039B43F080031D
:10488000039398F80030FFF7FDBB00BFCDCCCCCC34
:10489000880C002004150020404610F8011B2A292E
:1048A00000F07784A1F13003092B98BF002200F2B9
:1048B000178410F8011B02EB820203EB4202A1F104
:1048C0003003092BF5D942EAE27305938046FFF7DE
:1048D000DCBB089B06981C1A002C7FF70CAD102C33
:1048E00040F3268438460C95AE4F049D102604E014
:1048F000103C102C00F1080015DD01321031072AA0
:10490000C0E90076CDE91921F2DD18AA29465846FA
:1049100000F0ACFC00287FF490AC103C102CDDE9DA
:1049200019211BA8E9DC0C9D3B46074601322144B6
:10493000072ACDE919213B607C6000F3A482059B26
:104940000A981C1A002C07F108077FF7DAAC102C24
:1049500040F3ED8238461026924F04E0103C102CB4
:1049600000F1080016DD01328E4B1031072AC0E934
:104970000036CDE91921F1DD049918AA584600F056
:1049800075FC00287FF459AC103C102CDDE919218E
:104990001BA8E8DC3B46074601322144072ACDE943
:1049A00019213B607C6000F3AA800837A9E40499D0
:1049B00018AA584600F05AFC00287FF43EAC1A9919
:1049C0001BAFA9E4049918AA584600F04FFC002830
:1049D0007FF433ACDDE919211BAF89E4049918AAEF
:1049E000584600F043FC00287FF427ACDDE919218C
:1049F0001BAF6EE4102C199B40F381833A46049E52
:104A0000694F102504E0103C102C02F1080215DD5E
:104A100001331031072BC2E90075CDE91931F2DD00
:104A200018AA3146584600F021FC00287FF405AC56
:104A3000103C102CDDE919311BAAE9DC3E46174673
:104A400001332144072BC7E90064CDE919317FF711
:104A50006CAC049918AA584600F008FC00287FF4B2
:104A6000ECAB1A9961E4302A00F001823023059AF8
:104A700005F8013C023844AB1B1A9A42B8BF1A46EB
:104A80000A9306920546EFE000230C93102C464E45
:104A9000624623DD394610232F46049D04E0103C76
:104AA000102C01F1080117DD01321030072AC1E98D
:104AB0000063CDE91920F2DD18AA2946584600F016
:104AC000D5FB00287FF4B9AB103C102CDDE9192090
:104AD0001BA94FF01003E7DC3D460F4601322118B9
:104AE000072ACDE919213E607C6000F37A819DF8A8
:104AF00043600837002E36D00026FFF7DDBB04994F
:104B000018AA584600F0B2FB00287FF496ABDDE906
:104B100019211BAFFFF7F5BB20F480620392F1E48B
:104B2000099301230A930DF20F15FFF7B2BB0B9304
:104B300098F80030FFF7A6BA92047FF561AAF2E276
:104B4000059A002A7FF4DEAC10F00102069200F014
:104B5000428130238DF80F31059B0A9209930DF2A3
:104B60000F15FFF796BB0C9B002B7FF4B4ABFFF740
:104B7000C2BB0B9B1A1D0B9B0B921B680021B3E45D
:104B8000039AD00600F18C81039A510600F19582B8
:104B9000039A920540F184810B9A0799126811706B
:104BA00003E600BFFC0D0020440600200B9B1A1DED
:104BB0000B9B05981B680026B0428DF843601C468D
:104BC00067DB21F080010391002B7FF4DEAC0B92B8
:104BD000002840F05A820A900690099044ADFFF7F1
:104BE00058BB0393FFF7C4BB039B0B9AD90652F83B
:104BF000044B3FF5F8AD039B5E0640F1768144F32C
:104C0000C0360B9224B23346FFF7BBBBAD48039BC3
:104C10009D0640F1B5800B9B073323F007031A462E
:104C20005C6852F8083B0B92039A12F0010206925C
:104C300040F08C808DF84320059A002AC0F2B7809E
:104C4000039A22F49062039253EA040240F0F38044
:104C5000059A002A00F0F68103788DF80F310123C0
:104C600006920A930DF20F15DDE91921039B13F04B
:104C700084060846944600F0A1829DF84330002B3C
:104C800000F0AB82002309930C93FFF715BB8E480D
:104C9000BDE70B920391FFF782BB40F00200039047
:104CA00031E50B9B1B688DF8AC30012306930A930A
:104CB0002BADFFF7E4BB002A00F0D4813024FFF7CE
:104CC00074BB039B43F40073039308F1010898F845
:104CD0000030FFF7D7B9039B43F02003039308F19B
:104CE000010898F80030FFF7CDB9099B139308220B
:104CF000002116A8FAF7D4FF059B002BC0F21981FA
:104D00000024069725461F460EE02BA95846FFF7BC
:104D1000FFF8411C284400F0FD81B84209DC04F191
:104D2000040400F008820546139A125916AB002AB3
:104D3000EBD1069F05950AE1089C069B0996E41AAB
:104D4000002C7FF7C8AA02230C939FE653EA0402C3
:104D50005ED100238DF84330059B002BC0F22181EA
:104D6000039B23F49063039300F0878103788DF80D
:104D70000F31069B0A93059B06930DF20F1573E7FF
:104D80000B9A52F8043B0B92039AD40608D45206AD
:104D900002D59BB2002447E7039A960500F1818172
:104DA000002441E742F00202039202220692039A93
:104DB00022F48062039203F00F02825C8DF80F21CF
:104DC0001B0943EA0473220953EA14147FF4A7ACC5
:104DD0000DF20F15B1E4059B44ADCDE90933FFF7A2
:104DE00058BA049918AA584600F040FA0646002816
:104DF0007FF423AA9DF84330DDE91921002B40F010
:104E000089800C9B1BAF002B7FF465AAFFF773BA58
:104E100030228DF8442000228DF84320059A8DF829
:104E20004510002A039ABDDB22F4906242F0020290
:104E300003920222069203F00F02825CBEE7099DF4
:104E40002846FBF75BF89DF843300A9020EAE072B1
:104E50000692002B7FF4F2AA099D05930B96099305
:104E6000FFF717BA5846FAF7C5FDFFF7B2B8059A2B
:104E700044AB5B1B9A42B8BF1A460A9300230692C2
:104E80000993FFF706BA049918AA584600F0EEF9FC
:104E900000287FF4D2A9DDE919211BAFFFF72BBA57
:104EA0000B9A0799126811607FE4059B074D0B96DA
:104EB000062B28BF062306930A93099B0593FFF749
:104EC000E8B900BF9C0C0020880C0020B00C00202A
:104ED0000B91002C00F0DC80302301228DF80F3183
:104EE0000DF20F1523460A9232E4039B0B929D05A7
:104EF0004ABF44F3C016E61764B23346FFF741BA1F
:104F0000039810F4007600F0CF808DF84310DBB2E8
:104F1000FFF72FBB1BAFFFF7CFB9039810F4007159
:104F200000F0BB80DBB20B920021FFF7DDBAAC4B87
:104F300032E516AB0093002313AA19465846FFF733
:104F40000FF80590013000F0E580099B1393059B55
:104F5000002B7CD0632B00F3B680002309932BAD8C
:104F60000822002116A8FAF79BFE059C16AB0093B9
:104F700013AA234629465846FEF7F2FF844240F022
:104F80001681059900236B5421EAE17206929DF87F
:104F90004320002A40F0B580CDE90A160592FFF7BC
:104FA00078B903788DF80F31039B23F48063039362
:104FB000069B0A930DF20F1556E60E9A0F99AD1A3D
:104FC0002846FAF7B1FE9BF801300BB10BF1010B4B
:104FD000844AA31943F10003A2FB030C2CF0030045
:104FE00000EB9C001B1AE31A4FF0CC3166F100066F
:104FF00003FB01F102FB0611A3FB023001445B0835
:1050000043EAC1744E08A31943F10003A2FB031045
:1050100020F0030101EB90015B1AE31AA3FB0231BC
:1050200066F1000002FB00125B0843EAC27303EB67
:105030008303A4EB4303303305F8013C0120013D19
:10504000FFF701BB059B0A9344A805460CE69DF8B3
:105050004330099D0B96003B18BF01230693059B27
:105060000A9301E69DF843303BB1059BCDE9093336
:10507000012344AD0693FFF7ADB9059BFFF727BBAE
:10508000059B0B92002B3FF422AB0024FFF78CB959
:10509000059B0A9344ADFFF75BBB03980B92FFF7A8
:1050A00023BADBB20024BFE505998DF843600029DF
:1050B0001C46BFF663AAFFF768BA0B9A07991268F5
:1050C0001180FFF772BB591C5846F9F7C5FE05461B
:1050D00000B3099044E7886DFAF7FAFEFFF76BB862
:1050E000002380460593FEF7D0BF049918AA5846BE
:1050F00000F0BCF800283FF48AA8FFF7A4B83A4EA5
:105100009EE4059A0A92069A0B960132069205933E
:10511000FFF760B90498B0F90C30426E43F04001DB
:10512000D207818109D54FF0FF330793FFF795B878
:105130002B4BFFF7FBBB069F09E79905F3D4FFF75D
:105140000CB99BB1059B0B965A1C06920A930590CD
:105150000990FFF73FB9D707E5D4049B9B899E05CB
:10516000E1D4049B986DFAF7B3FEDCE7059A099346
:10517000CDE905320B960A92FFF78BB8049A536E6D
:10518000D807D0D493899905CDD4906DFAF7A0FEB5
:10519000C9E70B9A98F8013052F8041B0B9241EAC8
:1051A000E17180460591FEF76DBF0846E3E4049A7D
:1051B000938943F040039381FFF73FB80996FFF7C7
:1051C00070B8069350E5059B0122012BB8BF01235F
:1051D0000DF20F150A92FFF7BBBA0993FFF788B8D3
:1051E000FC0D0020CDCCCCCC44060020F0B50D4603
:1051F000ADF2744D164689896A6E1B92EA89ADF844
:10520000162021F00201EA69ADF8141009921CA9D8
:105210006A6A0291074606910B924FF48061002260
:1052200018A80193049107910892FAF74BFE3246B1
:10523000019B02A93846FEF7B5FE061E07DB02A950
:105240003846FDF78DFD002818BF4FF0FF36BDF83A
:1052500014305B0603D5AB8943F04003AB8118984B
:10526000FAF732FE30460DF2744DF0BD936810B57A
:1052700014461BB918460023636010BD00F068F89F
:105280000023A3600023636010BD00BF2DE9F0433D
:105290008E681D46AE420B6883B00C4690463AD8E5
:1052A000B1F90CC01CF4906F0FD135461846414639
:1052B0002A46FAF763FCA3689E1B2368A6602B446A
:1052C0000020236003B0BDE8F0834A69096902EB5E
:1052D00042025E1A02EBD2726B1C521033449342AC
:1052E00094BF17461F46934288BF1A461CF4806F2E
:1052F000814612D01146F9F7AFFDF0B1324621696F
:105300000190F8F76DF9A289019B22F4906242F0B6
:105310008002A28105E02E46C8E7FAF77FF803462F
:1053200038B123613344BE1BA660676123602E46FB
:10533000BCE721694846FAF7A3FEA3890C2243F093
:105340004003C9F800204FF0FF30A381BAE700BF47
:105350009368002B00F0B7802DE9F04FB1F90CC035
:105360001CF0080F83B00C46804617462DD00B6901
:105370005BB31CF002033E6833D04FF0000ADFF845
:10538000C4B25546B9465D452B46524628BF5B46DA
:105390004046B5B1E169676AB847002840F38B80A1
:1053A000D9F808301B1A8244C9F80830002B79D08C
:1053B0002D1A5D452B46524628BF5B464046002DC0
:1053C000E8D1D6E900A50836DDE72146404600F0E1
:1053D0003BF9002874D1B4F90CC03E681CF00203FC
:1053E000CBD11CF0010A70D1236800975546002DDF
:1053F00054D01CF4007FD4F80890184600F0AB801D
:10540000A945CB4600F2E4801CF4906F34D02169AA
:105410006269A3EB010902EB420202EBD27209F1CD
:10542000010352102B44934294BF93469B469342F0
:1054300088BF1A461CF4806F00F0E9801146404690
:10544000F9F70AFD002800F0F7804A46216901902B
:10545000F8F7C6F8A289019B22F4906242F080021C
:10546000A28103EB09002361ABEB0903C4F814B07C
:10547000A3602060A946AB4651465A46FAF77EFB28
:10548000A2682368A2EB0902A260009A91685B44BB
:10549000491B2360916029B1B4F90CC0D6E900A57D
:1054A0000836A4E7002003B0BDE8F08F214640464F
:1054B000FDF756FC68B3B4F90C3043F04003A38108
:1054C0004FF0FF30EFE7002070471D469A46184620
:1054D000B946009365B3002831D05246D4E904138D
:1054E0002068AA4228BF2A46884204D9A16803EB53
:1054F000010B5A457CDC93426DDCE169009A676AD6
:105500004046B847B0F1000BD5DDBAEB0B0ACDD061
:105510000120D9F80830A3EB0B03C9F80830002BA1
:10552000C0D0009BA5EB0B055B440093002DD2D1AE
:10553000756833460836002DFAD01B680093009F2B
:105540002A460A213846FDF749FC002871D001306F
:10555000A0EB070AC1E722699A4221D36269AA42F5
:105560001ED86FF00043AB4228BF2B46E16993FB86
:10557000F2F3676A02FB03F340465246B847B0F1C4
:10558000000998DD009A9368A3EB0903A5EB0905D0
:105590009360002B86D0B4F90CC02368CA4426E778
:1055A000A94528BFA94618464A465146FAF7E6FAE1
:1055B000A2682368A2EB09024B44A2602360002A80
:1055C000E0D121464046FDF7CBFB0028DAD072E758
:1055D000A946AB4650E700990192FAF7CFFA019A33
:1055E000A3689B1AA36023681344236093468CE747
:1055F00000995A46FAF7C2FA23685B4423602146B1
:105600004046FDF7ADFB00283FF47FAF53E740462F
:10561000F9F704FF034600287FF423AF21694046D1
:10562000FAF72EFDA3890C22C8F8002023F080038E
:1056300043E76A1C924651E70C22B4F90C30C8F8D3
:1056400000203AE700FCFF7F10B5354B0446186890
:1056500082B00B4610B1426B002A53D0B3F90C2034
:10566000110711D51869C8B1B3F90C2012F0010166
:1056700026D059694FF0000C4942C3F808C099611F
:1056800020B3002002B010BDD00640D5510723D46E
:10569000186942F008029A810028E5D19A8902F43B
:1056A0002072B2F5007FDFD019462046019300F04A
:1056B000C9F8019BB3F90C20186912F00101D8D187
:1056C000940758BF596999600028DAD11106D9D5D5
:1056D00042F040029A811FE0196B61B103F1400072
:1056E000814206D020460193FAF7CAFC019BB3F928
:1056F0000C200021196318690021C3E9000122F080
:105700002402C6E70191FAF775F9019BA6E7092182
:1057100042F0400221609A814FF0FF30B2E700BFB3
:105720006C1700202DE9F04F8BB0DDE91589149F2F
:1057300002901C46B8F1000F57D016680196002958
:10574000C34608BF4FF0FF370025884603919246B5
:1057500006E0019B53F8040B0193002837D06546FF
:10576000AF423ED9002C3CD0DBF800300493DBF88C
:1057700004300593019B02981A68D9F8C8615B460A
:1057800006A9B047431C33D000EB050CBC453AD802
:10579000039B013C002BDCD000280DDD08F1FF321B
:1057A000019E06A900EB020E11F8013B02F8013F31
:1057B0007245F9D101968044019BDAF8002053F834
:1057C000040B01930432CAF800200028C7D10399C2
:1057D000D84609B1CAF800000022C8F800200CF130
:1057E000FF3528460BB0BDE8F08F00F58678A4E7BA
:1057F000029B05468A21002228461960CBF800202A
:105800000BB0BDE8F08FD846DDF810A0DDF814B07D
:105810002846C8E900AB0BB0BDE8F08F00B585B0F5
:10582000DFF81CC0069800900798019003480068B4
:10583000CDF808C0FFF776FF05B000BD6C1700205B
:1058400004150020B1F90C20930706D501F143039C
:105850000122C1E904320B60704730B50B46B1F943
:105860000E10002999B0044632DB02AA009300F022
:105870005BF80028009B29DB4FF4806120460093F1
:10588000039DF9F7E9FA009BB3F90C20002839D001
:1058900005F4704142F0800218601861B1F5005FB4
:1058A0004FF480609A8158613AD1B3F90E10009399
:1058B000204600F04DF8009BB3F90C2080B322F095
:1058C000030242F001024FF4006117E0B3F90C202B
:1058D000019312F0800F0CBF4FF4806140212046ED
:1058E0000091F9F7B9FA019B0099B3F90C2048B17E
:1058F000C3E9040142F08002186000210A439A8142
:1059000019B030BD9105FBD422F0030203F143012D
:1059100042F002020120C3E904109A811960EFE706
:105920004FF40061EAE700BF38B5084C0023054694
:10593000084611462360F8F7B7F8431C00D038BD7D
:105940002368002BFBD02B6038BD00BF54670020BC
:1059500038B5074C0023054608462360F8F7AAF837
:10596000431C00D038BD2368002BFBD02B6038BD12
:10597000546700205FF800F0A11D00605FF800F0A0
:0C598000FD1C00600000000000000000A2
:04598C00F8B500BFAB
:085990006CA5FF7F010000007F
:1059980000000000000000000000000000000000FF
:1059A80000000000000000000000000000000000EF
:1059B80000000000000000000000000000000000DF
:1059C80000000000000000000000000000000000CF
:1059D80000000000000000000000000000000000BF
:1059E80000000000000000000000000000000000AF
:1059F800000000000000000000000000000000009F
:105A0800000000000000000000000000000000008E
:105A1800000000000000000000000000000000007E
:105A2800000000000000000000000000000000006E
:105A3800000000000000000000000000000000005E
:105A4800000000000000000000000000000000004E
:105A5800000000000000000000000000000000003E
:105A6800000000000000000000000000000000002E
:105A7800000000000000000000000000000000001E
:105A8800000000000000000000000000000000000E
:105A980000000000000000000000000000000000FE
:105AA80000000000000000000000000000000000EE
:105AB80000000000000000000000000000000000DE
:105AC80000000000000000000000000000000000CE
:105AD80000000000000000000000000000000000BE
:105AE80000000000000000000000000000000000AE
:105AF800000000000000000000000000000000009E
:105B0800000000000000000000000000000000008D
:105B1800000000000000000000000000000000007D
:105B2800000000000000000000000000000000006D
:105B3800000000000000000000000000000000005D
:105B4800000000000000000000000000000000004D
:105B5800000000000000000000000000000000003D
:105B6800000000000000000000000000000000002D
:105B7800000000000000000000000000000000001D
:105B8800000000000000000000000000000000000D
:105B980000000000000000000000000000000000FD
:105BA80000000000000000000000000000000000ED
:105BB80000000000000000000000000000000000DD
:105BC80000000000000000000000000000000000CD
:105BD80000000000000000000000000000000000BD
:105BE80000000000000000000000000000000000AD
:105BF800000000000000000000000000000000009D
:105C0800000000000000000000000000000000008C
:105C18000080E03779C34143176E05B5B5B89346A0
:105C2800F5F93FE9034F384D321D30F94877825A6C
:105C38003CBF737FDD4F1575000000000000F03F8A
:105C4800000000000000244000000000000059404F
:105C58000000000000408F40000000000088C340A2
:105C680000000000006AF8400000000080842E4117
:105C780000000000D01263410000000084D7974163
:105C88000000000065CDCD41000000205FA0024269
:105C9800000000E876483742000000A2941A6D42DE
:105CA800000040E59C30A2420000901EC4BCD642D1
:105CB80000003426F56B0C430080E03779C341437C
:105CC80000A0D8855734764300C84E676DC1AB43F2
:105CD800003D9160E458E143408CB5781DAF154410
:105CE80050EFE2D6E41A4B4492D54D06CFF08044EB
:105CF800F64AE1C7022DB544B49DD9794378EA4400
:105D08007502000031060000F5090000191E0000A8
:105D1800011A0000412800008D2C0000F530000019
:105D280009370000AD3F0000B9440000416500009C
:105D38008D710000E17E0000698B0000890D000074
:105D4800550F00002D110000B5240000E5200000CB
:105D5800CD4A0000953A000005500000F1540000BB
:105D6800295800004D5D0000556C0000F5790000D1
:105D78004D870000A9940000A103000061070000FE
:105D8800290B0000611F0000551B00009D29000021
:105D9800ED2D00005D320000813800003541000023
:105DA8006146000029670000B97300009581000072
:105DB800A18E0000910100004D05000011090000AE
:105DC800191D000001190000412700008D2B00005B
:105DD800F52F000009360000AD3E0000B943000071
:105DE800416400008D700000E17D0000698A0000B8
:105DF8000D1700006114000011130000C1220000FB
:105E08001D3400009D480000A13C00009D4D00008D
:105E180081520000D55A000061600000F16900005D
:105E28000977000089840000159200000400000032
:105E38000500000006000000080000000A0000003D
:105E48000C0000000E00000010000000140000000C
:105E58001800000020000000300000004000000092
:105E6800600000008000000000000000000000004A
:105E780005B20000B1C50000ADC50000A9C500000D
:105E8800A5C50000A1C500009DC5000099C500007A
:105E98000000000000000000B5B000000DB20000D6
:105EA80029AB000081AC000049AB0000E9AB000061
:105EB80071AB00000DAD00009DAC000025AB0000EB
:105EC80000202020202020202020282828282820C2
:105ED80020202020202020202020202020202020BA
:105EE8002088101010101010101010101010101022
:105EF8001004040404040404040404101010101012
:105F080010104141414141410101010101010101DB
:105F1800010101010101010101010101101010102D
:105F280010104242424242420202020202020202AD
:105F38000202020202020202020202021010101001
:105F48002000000000000000000000000000000029
:105F58000000000000000000000000000000000039
:105F68000000000000000000000000000000000029
:105F78000000000000000000000000000000000019
:105F88000000000000000000000000000000000009
:105F980000000000000000000000000000000000F9
:105FA80000000000000000000000000000000000E9
:105FB80000000000000000000000000000000000D9
:105FC8000000000020202020202020202020202049
:105FD80020202020202020202020202020202020B9
:105FE8002020202000000042C8801F40B8821F40A7
:105FF8000800000000000042C4801F40B4821F4017
:106008000400000000C0004224801F4014821F408A
:106018001000000000C0004228801F4018821F4066
:106028002000000000C000422C801F401C821F403E
:106038004000000000C0004234801F4024821F40FE
:10604800000100000040004264811F4054831F404B
:10605800000400000040004280811F4070831F4000
:1060680000000200004000427C811F406C831F40FA
:10607800000001000040004268811F4058831F4013
:1060880000080000004000423C811F402C831F4054
:10609800010000000040004244811F4034831F403B
:1060A800040000000040004240811F4030831F4030
:1060B800020000000040004248811F4038831F4012
:1060C800080000000000004204811F40F4821F40C5
:1060D800000004000000004208811F40F8821F40B1
:1060E800000008000000004218811F4008831F407C
:1060F800000080000000004214811F4004831F40FC
:10610800000040000000004200811F40F0821F4054
:106118000000020000000042FC801F40EC821F408B
:10612800000001000000004224811F4014831F402A
:10613800000000040000004228811F4018831F400F
:1061480000000008000000421C811F400C831F4013
:10615800000000010000004220811F4010831F4002
:106168000000000200000042EC801F40DC821F405B
:106178000010000000000042F0801F40E0821F4035
:10618800002000000000004234811F4024831F408B
:10619800000000400000004238811F4028831F4053
:1061A800000000800080004294801F4084821F40CD
:1061B8000000040000C0004290801F4080821F4001
:1061C8000000008000800042A8801F4098821F4085
:1061D8000000800000800042A4801F4094821F407D
:1061E80000004000004000426C811F405C831F405B
:1061F8000010000000C0004230801F4020821F4075
:106208008000000000400042B0811F40A0831F4072
:106218000000002000400042AC811F409C831F40CA
:10622800000000100040004284811F4074831F401A
:10623800000004000040004288811F4078831F400E
:1062480000000800000000422C811F401C831F40F2
:10625800000000100000004230811F4020831F40D2
:1062680000000020000000420C811F40FC821F40FB
:10627800000010000000004210811F4000831F40F2
:106288000000200000800042C8811F40B8831F40E2
:106298000080000000800042C4811F40B4831F407A
:1062A8000040000000800042C0811F40B0831F40B2
:1062B8000020000000800042BC811F40AC831F40CA
:1062C8000010000000800042D0811F40C0831F40A2
:1062D8000000020000800042CC811F40BC831F40A8
:1062E8000000010000C0004274801F4064821F400B
:1062F8000000000100C0004280801F4070821F40E3
:106308000000000800C0004284801F4074821F40C3
:106318000000001000C000426C801F405C821F40DB
:106328000000400000C000427C801F406C821F407B
:106338000000000400C0004278801F4068821F40AF
:106348000000000200C0004288801F4078821F4081
:106358000000002005000000190000007D0000007A
:10636800707372616D5F776F726B65722075702ED6
:10637800206D617468206F6E6C793B2074686520AD
:106388004C75636B666F7820646563696465732018
:1063980065766572797468696E6720656C73652EB9
:1063A800000000006576657279206C696E65206969
:1063B8006E20616E64206F7574206F662074686546
:1063C800206C696E6B206973206563686F65642053
:1063D800686572652C203E20696E20616E64203CE1
:1063E800206F75742E0000003C2000003E20000045
:1063F800492062656E63682D6F6E6520776F726BDA
:1064080065722031206E73656C2031302062616EB8
:106418006B737A20256C7520626C6B20256C752057
:106428006269747320342C32206663707520256C81
:10643800750000005020256420257520257520252D
:10644800752025750000000042206F6B00000000D9
:106458005420256420256420256C75005520256C62
:10646800750000004E202575000000004420256CB2
:106478007500000051202575000000004A20256C99
:10648800750000004B202575202530386C58000019
:106498004620256C750000004D20256C6420256C75
:1064A800750000005220256C7520256C75000000D1
:1064B8005720256C7520256C75000000202530328A
:1064C80058000000532025303258202530325820FB
:1064D8002530325820253032582077616E742025B7
:1064E8003032582025303258202530325820253077
:1064F80032580000472025303258202530325820A5
:106508002530325820253032582077616E74202586
:106518003032582025303258202530325820253046
:10652800325800004C20256C7520256C7520256C90
:106538007520256C7520256C750000005620256C8B
:106548007520256C750000004520756E6B6E6F77A1
:106558006E0000004C435F434F4C4C4154450000D3
:106568004C435F4354595045000000004C435F4D75
:106578004F4E4554415259004C435F4E554D45527C
:10658800494300004C435F54494D45004C435F4D1F
:10659800455353414745530042616C6C6F63207308
:1065A8007563636565646564000000002F64617449
:1065B800612F6A656E6B696E732F776F726B73707C
:1065C8006163652F474E552D746F6F6C6368616901
:1065D8006E2F61726D2D31352D352F7372632F6ECD
:1065E80065776C69622D63796777696E2F6E657759
:1065F8006C69622F6C6962632F7374646C69622FB3
:106608006D707265632E6300494E4600696E6600C0
:106618004E414E006E616E003031323334353637BC
:1066280038396162636465660000000030313233D6
:106638003435363738394142434445460000000076
:10664800286E756C6C290000300000002C206675DF
:106658006E6374696F6E3A200000000061737365A1
:106668007274696F6E2022257322206661696C65D9
:10667800643A2066696C6520222573222C206C6997
:106688006E65202564257325730A0000496E6669C6
:106698006E697479000000004E614E002F646174C9
:1066A800612F6A656E6B696E732F776F726B73708B
:1066B8006163652F474E552D746F6F6C6368616910
:1066C8006E2F61726D2D31352D352F7372632F6EDC
:1066D80065776C69622D63796777696E2F6E657768
:1066E8006C69622F6C6962632F7374646C69622FC2
:1066F80064746F612E6300000001000070170020B1
:106708001200000000060000F01E00600A000000F1
:10671800000200008C1E00606200000000070000FC
:10672800281E006062000000EE030000AC17002085
:1067380012000000000004EE84170020280000006A
:1067480000030000241E006000000000010309048B
:106758000C1E00600000000002030904F41D006024
:106768000000000003030904C01700200000000017
:106778000000000000000000000000003030303051
:106788003030303030303030303030303030303001
:1067980030303030303030303030303000000000B1
:1067A8000000000000000000100E0020100E002065
:1067B800180E0020180E0020200E0020200E0020A9
:1067C800280E0020280E0020300E0020300E002059
:1067D800380E0020380E0020400E0020400E002009
:1067E800480E0020480E0020500E0020500E0020B9
:1067F800580E0020580E0020600E0020600E002069
:10680800680E0020680E0020700E0020700E002018
:10681800780E0020780E0020800E0020800E0020C8
:10682800880E0020880E0020900E0020900E002078
:10683800980E0020980E0020A00E0020A00E002028
:10684800A80E0020A80E0020B00E0020B00E0020D8
:10685800B80E0020B80E0020C00E0020C00E002088
:10686800C80E0020C80E0020D00E0020D00E002038
:10687800D80E0020D80E0020E00E0020E00E0020E8
:10688800E80E0020E80E0020F00E0020F00E002098
:10689800F80E0020F80E0020000F0020000F002046
:1068A800080F0020080F0020100F0020100F0020F4
:1068B800180F0020180F0020200F0020200F0020A4
:1068C800280F0020280F0020300F0020300F002054
:1068D800380F0020380F0020400F0020400F002004
:1068E800480F0020480F0020500F0020500F0020B4
:1068F800580F0020580F0020600F0020600F002064
:10690800680F0020680F0020700F0020700F002013
:10691800780F0020780F0020800F0020800F0020C3
:10692800880F0020880F0020900F0020900F002073
:10693800980F0020980F0020A00F0020A00F002023
:10694800A80F0020A80F0020B00F0020B00F0020D3
:10695800B80F0020B80F0020C00F0020C00F002083
:10696800C80F0020C80F0020D00F0020D00F002033
:10697800D80F0020D80F0020E00F0020E00F0020E3
:10698800E80F0020E80F0020F00F0020F00F002093
:10699800F80F0020F80F0020001000200010002041
:1069A80008100020081000201010002010100020EF
:1069B800181000201810002020100020201000209F
:1069C800281000202810002030100020301000204F
:1069D80038100020381000204010002040100020FF
:1069E80048100020481000205010002050100020AF
:1069F800581000205810002060100020601000205F
:106A0800681000206810002070100020701000200E
:106A180078100020781000208010002080100020BE
:106A2800881000208810002090100020901000206E
:106A38009810002098100020A0100020A01000201E
:106A4800A8100020A8100020B0100020B0100020CE
:106A5800B8100020B8100020C0100020C01000207E
:106A6800C8100020C8100020D0100020D01000202E
:106A7800D8100020D8100020E0100020E0100020DE
:106A8800E8100020E8100020F0100020F01000208E
:106A9800F8100020F810002000110020001100203C
:106AA80008110020081100201011002010110020EA
:106AB800181100201811002020110020201100209A
:106AC800281100202811002030110020301100204A
:106AD80038110020381100204011002040110020FA
:106AE80048110020481100205011002050110020AA
:106AF800581100205811002060110020601100205A
:106B08006811002068110020701100207011002009
:106B180078110020781100208011002080110020B9
:106B28008811002088110020901100209011002069
:106B38009811002098110020A0110020A011002019
:106B4800A8110020A8110020B0110020B0110020C9
:106B5800B8110020B8110020C0110020C011002079
:106B6800C8110020C8110020D0110020D011002029
:106B7800D8110020D8110020E0110020E0110020D9
:106B8800E8110020E8110020F0110020F011002089
:106B9800F8110020F8110020001200200012002037
:106BA80008120020081200200000000008660020DB
:106BB80070660020D8660020000000000000000079
:106BC80000000000000000000000000000000000BD
:106BD80000000000000000000000000000000000AD
:106BE800000000000000000000000000000000009D
:106BF800000000000000000000000000000000008D
:106C0800000000000000000000000000000000007C
:106C1800000000000000000000000000000000006C
:106C2800000000000000000000000000000000005C
:106C3800000000000000000000000000000000004C
:106C480001000000000000000E33CDAB34126DE6E9
:106C5800ECDE05000B000000000000000000000052
:106C6800000000000000000000000000000000001C
:106C7800000000000000000000000000000000000C
:106C880000000000000000000000000000000000FC
:106C980000000000000000000000000000000000EC
:106CA80000000000000000000000000000000000DC
:106CB80000000000000000000000000000000000CC
:106CC80000000000000000000000000000000000BC
:106CD80000000000000000000000000000000000AC
:106CE800000000000000000000000000000000009C
:106CF800000000000000000000000000000000008C
:106D0800000000000000000000000000000000007B
:106D1800000000000000000000000000000000006B
:106D2800000000000000000000000000000000005B
:106D3800000000000000000000000000000000004B
:106D4800000000000000000000000000000000003B
:106D5800000000000000000000000000000000002B
:106D6800000000000000000000000000000000001B
:106D7800000000000000000000000000000000000B
:106D880000000000000000000000000000000000FB
:106D980000000000000000000000000000000000EB
:106DA80000000000000000000029DE07007B9A17A1
:106DB800E004002000000000E803000000000000DC
:106DC8000805002000000000E803000000000000A3
:106DD800000019409014002000000000E844002042
:106DE800A844002000000000000000002800000067
:106DF80040000000280000004000000000000000E3
:106E0800000000000000000000000000000000007A
:106E1800000000000000000000000000000000006A
:106E280001170000F9B10000000000006CC00F401D
:106E380000000003070000000200000040851F401A
:106E480002000000FF000000FF000000000000003A
:106E580000000000080000000200000044851F40F8
:106E680002000000FF000000FF000000000000001A
:106E780000000000FF004000260018007A00000013
:106E880020000000000000010600000008000000CB
:106E980080302020430000000000000000000000B7
:106EA80000000000000000000000000000000000DA
:106EB8000000000043000000000000000000000087
:106EC80000000000000000000000000000000000BA
:106ED8000000000043000000000000000000000067
:106EE800000000000000000000000000000000009A
:106EF8000000000043000000000000000000000047
:106F08000000000000000000000000000000000079
:106F18000000000043000000000000000000000026
:106F28000000000000000000000000000000000059
:106F38000000000043000000000000000000000006
:106F48000000000000000000000000000000000039
:106F580000000000430000000000000000000000E6
:106F68000000000000000000000000000000000019
:106F780000000000430000000000000000000000C6
:106F880000000000000000000000000000000000F9
:106F980000000000000000000000000000000000E9
:106FA80000000000000000000000000000000000D9
:106FB80000000000000000000000000000000000C9
:106FC80000000000000000000000000000000000B9
:106FD80000000000000000000000000000000000A9
:106FE8000000000000000000000000000000000099
:106FF8000000000000000000000000000000000089
:107008000000000000000000000000000000000078
:107018000000000000000000000000000000000068
:107028000000000000000000000000000000000058
:107038000000000000000000000000000000000048
:107048000000000000000000000000000000000038
:10705800000000000000000000000000B1EB00008C
:107068009DE300000000000030050020540A0020C5
:10707800C80C0020C80C0020C80C0020C80C002038
:10708800C80C0020C80C0020C80C0020C80C002028
:10709800C80C0020FFFFFFFFFFFFFFFFFFFFFFFF00
:1070A800FFFF000001004153434949000000000070
:1070B80000000000000000000000000000000000C8
:1070C800000000000000415343494900000000004F
:1070D80000000000000000000000000000000000A8
:1070E8000000000000000000FFFFFFFF000002009A
:1070F80000000000030000000866002018120020AD
:1071080012010002EF020140C0168304800201024E
:107118000301000028000000000104000100000035
:1071280000000000020157494E555342000000007C
:1071380000000000000000000000000012034D00E5
:10714800530046005400310030003000F8000000C1
:107158000C03000000000000000000000000000018
:107168000000000000000402000000000000000011
:107178000000000000000000000000000000000007
:1071880000000000000000000000000000000000F7
:1071980000000000000000000000000000000000E7
:1071A80000000000000000000000000000000000D7
:1071B80000000000000000000000000000000000C7
:1071C80000000000000000000000000000000000B7
:1071D80000000000000000000000000000000000A7
:1071E8000000000000000000000000000000000097
:1071F8000000000000000000000000000000000087
:107208000000000000000000000000000000000076
:107218000000000000000000000000000000000066
:107228000000000000000000000000000000000056
:107238000000000000000000000000000000000046
:107248000000000000000000000000000000000036
:107258000000000000000000000000000000000026
:107268000000000000000000000000000000000016
:107278000000000000000000000000000000000006
:1072880000000000000000000000000000000000F6
:1072980000000000000000000000000000000000E6
:1072A80000000000000000000000000000000000D6
:1072B80000000000000000000000000000000000C6
:1072C80000000000000000000000000000000000B6
:1072D80000000000000000000000000000000000A6
:1072E8000000000000000000000000000000000096
:1072F8000000000000000000000000000000000086
:107308000000000000000000000000000000000075
:107318000000000000000000000000000000000065
:107328000000000000000000000000000000000055
:107338000000000000000000000000000000000045
:107348000000000000000000000000000000000035
:107358000000000000000000000000000000000025
:107368000000000000000000000000000000000015
:107378000000000000000000000000000000000005
:1073880000000000000000000000000000000000F5
:1073980000000000000000000000000000000000E5
:1073A80000000000000000000000000000000000D5
:1073B80000000000000000000000000000000000C5
:1073C80000000000000000000000000000000000B5
:1073D80000000000000000000000000000000000A5
:1073E8000000000000000000000000000000000095
:1073F8000000000000000000000000000000000085
:107408000000000000000000000000000000000074
:107418000000000000000000000000000000000064
:107428000000000000000000000000000000000054
:107438000000000000000000000000000000000044
:107448000000000000000000000000000000000034
:10745800FFFFFFFFFFFFFFFFFFFFFFFFFFFFFFFF34
:10746800FFFFFFFFFFFFFFFFFFFFFFFFFFFFFFFF24
:10747800FFFFFFFFFFFFFFFFFFFFFFFFFFFFFFFF14
:10748800FFFFFFFFFFFFFFFFFFFFFFFFFFFFFFFF04
:10749800FFFFFFFFFFFFFFFFFFFFFFFFFFFFFFFFF4
:1074A800FFFFFFFFFFFFFFFFFFFFFFFFFFFFFFFFE4
:1074B800FFFFFFFFFFFFFFFFFFFFFFFFFFFFFFFFD4
:1074C800FFFFFFFFFFFFFFFFFFFFFFFFFFFFFFFFC4
:1074D800FFFFFFFFFFFFFFFFFFFFFFFFFFFFFFFFB4
:1074E800FFFFFFFFFFFFFFFFFFFFFFFFFFFFFFFFA4
:1074F800FFFFFFFFFFFFFFFFFFFFFFFFFFFFFFFF94
:10750800FFFFFFFFFFFFFFFFFFFFFFFFFFFFFFFF83
:10751800FFFFFFFFFFFFFFFFFFFFFFFFFFFFFFFF73
:10752800FFFFFFFFFFFFFFFFFFFFFFFFFFFFFFFF63
:10753800FFFFFFFFFFFFFFFFFFFFFFFFFFFFFFFF53
:10754800FFFFFFFFFFFFFFFFFFFFFFFFFFFFFFFF43
:10755800FFFFFFFFFFFFFFFFFFFFFFFFFFFFFFFF33
:10756800FFFFFFFFFFFFFFFFFFFFFFFFFFFFFFFF23
:10757800FFFFFFFFFFFFFFFFFFFFFFFFFFFFFFFF13
:10758800FFFFFFFFFFFFFFFFFFFFFFFFFFFFFFFF03
:10759800FFFFFFFFFFFFFFFFFFFFFFFFFFFFFFFFF3
:1075A800FFFFFFFFFFFFFFFFFFFFFFFFFFFFFFFFE3
:1075B800FFFFFFFFFFFFFFFFFFFFFFFFFFFFFFFFD3
:1075C800FFFFFFFFFFFFFFFFFFFFFFFFFFFFFFFFC3
:1075D800FFFFFFFFFFFFFFFFFFFFFFFFFFFFFFFFB3
:1075E800FFFFFFFFFFFFFFFFFFFFFFFFFFFFFFFFA3
:1075F800FFFFFFFFFFFFFFFFFFFFFFFFFFFFFFFF93
:10760800FFFFFFFFFFFFFFFFFFFFFFFFFFFFFFFF82
:10761800FFFFFFFFFFFFFFFFFFFFFFFFFFFFFFFF72
:10762800FFFFFFFFFFFFFFFFFFFFFFFFFFFFFFFF62
:10763800FFFFFFFFFFFFFFFFFFFFFFFFFFFFFFFF52
:10764800FFFFFFFFFFFFFFFFFFFFFFFFFFFFFFFF42
:10765800FFFFFFFFFFFFFFFFFFFFFFFFFFFFFFFF32
:10766800FFFFFFFFFFFFFFFFFFFFFFFFFFFFFFFF22
:10767800FFFFFFFFFFFFFFFFFFFFFFFFFFFFFFFF12
:10768800FFFFFFFFFFFFFFFFFFFFFFFFFFFFFFFF02
:10769800FFFFFFFFFFFFFFFFFFFFFFFFFFFFFFFFF2
:1076A800FFFFFFFFFFFFFFFFFFFFFFFFFFFFFFFFE2
:1076B800FFFFFFFFFFFFFFFFFFFFFFFFFFFFFFFFD2
:1076C800FFFFFFFFFFFFFFFFFFFFFFFFFFFFFFFFC2
:1076D800FFFFFFFFFFFFFFFFFFFFFFFFFFFFFFFFB2
:1076E800FFFFFFFFFFFFFFFFFFFFFFFFFFFFFFFFA2
:1076F800FFFFFFFFFFFFFFFFFFFFFFFFFFFFFFFF92
:10770800FFFFFFFFFFFFFFFFFFFFFFFFFFFFFFFF81
:10771800FFFFFFFFFFFFFFFFFFFFFFFFFFFFFFFF71
:10772800FFFFFFFFFFFFFFFFFFFFFFFFFFFFFFFF61
:10773800FFFFFFFFFFFFFFFFFFFFFFFFFFFFFFFF51
:10774800FFFFFFFFFFFFFFFFFFFFFFFFFFFFFFFF41
:10775800FFFFFFFFFFFFFFFFFFFFFFFFFFFFFFFF31
:10776800FFFFFFFFFFFFFFFFFFFFFFFFFFFFFFFF21
:10777800FFFFFFFFFFFFFFFFFFFFFFFFFFFFFFFF11
:10778800FFFFFFFFFFFFFFFFFFFFFFFFFFFFFFFF01
:10779800FFFFFFFFFFFFFFFFFFFFFFFFFFFFFFFFF1
:1077A800FFFFFFFFFFFFFFFFFFFFFFFFFFFFFFFFE1
:1077B800FFFFFFFFFFFFFFFFFFFFFFFFFFFFFFFFD1
:1077C800FFFFFFFFFFFFFFFFFFFFFFFFFFFFFFFFC1
:1077D800FFFFFFFFFFFFFFFFFFFFFFFFFFFFFFFFB1
:1077E800FFFFFFFFFFFFFFFFFFFFFFFFFFFFFFFFA1
:1077F800FFFFFFFFFFFFFFFF000000000000000089
:107808000000000000000000000000000000000070
:107818000000000000000000000000000000000060
:107828000000000000000000000000000000000050
:107838000000000000000000000000000000000040
:107848000000000000000000000000000000000030
:107858000000000000000000000000000000000020
:107868000000000000000000000000000000000010
:107878000000000000000000000000000000000000
:1078880000000000000000000000000000000000F0
:1078980000000000000000000000000000000000E0
:1078A80000000000000000000000000000000000D0
:1078B80000000000000000000000000000000000C0
:1078C80000000000000000000000000000000000B0
:1078D80000000000000000000000000000000000A0
:1078E8000000000000000000000000000000000090
:1078F8000000000000000000000000000000000080
:10790800000000000000000000000000000000006F
:10791800000000000000000000000000000000005F
:10792800000000000000000000000000000000004F
:10793800000000000000000000000000000000003F
:10794800000000000000000000000000000000002F
:10795800000000000000000000000000000000001F
:10796800000000000000000000000000000000000F
:1079780000000000000000000000000000000000FF
:1079880000000000000000000000000000000000EF
:1079980000000000000000000000000000000000DF
:1079A80000000000000000000000000000000000CF
:1079B80000000000000000000000000000000000BF
:1079C80000000000000000000000000000000000AF
:1079D800000000000000000000000000000000009F
:1079E800000000000000000000000000000000008F
:1079F800000000000000000000000000000000007F
:107A0800000000000000000000000000000000006E
:107A1800000000000000000000000000000000005E
:107A2800000000000000000000000000000000004E
:107A3800000000000000000000000000000000003E
:107A4800000000000000000000000000000000002E
:107A5800000000000000000000000000000000001E
:107A6800000000000000000000000000000000000E
:107A780000000000000000000000000000000000FE
:107A880000000000000000000000000000000000EE
:107A980000000000000000000000000000000000DE
:107AA80000000000000000000000000000000000CE
:107AB80000000000000000000000000000000000BE
:107AC80000000000000000000000000000000000AE
:107AD800000000000000000000000000000000009E
:107AE800000000000000000000000000000000008E
:107AF800000000000000000000000000000000007E
:107B0800000000000000000000000000000000006D
:107B1800000000000000000000000000000000005D
:107B2800000000000000000000000000000000004D
:107B3800000000000000000000000000000000003D
:107B4800000000000000000000000000000000002D
:107B5800000000000000000000000000000000001D
:107B6800000000000000000000000000000000000D
:107B780000000000000000000000000000000000FD
:107B880000000000000000000000000000000000ED
:107B980000000000000000000000000000000000DD
:107BA80000000000000000000000000000000000CD
:107BB80000000000000000000000000000000000BD
:107BC80000000000000000000000000000000000AD
:107BD800000000000000000000000000000000009D
:107BE800000000000000000000000000000000008D
:107BF800000000000000000000000000000000007D
:107C0800000000000000000000000000000000006C
:107C1800000000000000000000000000000000005C
:107C2800000000000000000000000000000000004C
:107C3800000000000000000000000000000000003C
:107C4800000000000000000000000000000000002C
:107C5800000000000000000000000000000000001C
:107C6800000000000000000000000000000000000C
:107C780000000000000000000000000000000000FC
:107C880000000000000000000000000000000000EC
:107C980000000000000000000000000000000000DC
:107CA80000000000000000000000000000000000CC
:107CB80000000000000000000000000000000000BC
:107CC80000000000000000000000000000000000AC
:107CD800000000000000000000000000000000009C
:107CE800000000000000000000000000000000008C
:107CF800000000000000000000000000000000007C
:107D0800000000000000000000000000000000006B
:107D1800000000000000000000000000000000005B
:107D2800000000000000000000000000000000004B
:107D3800000000000000000000000000000000003B
:107D4800000000000000000000000000000000002B
:107D5800000000000000000000000000000000001B
:107D6800000000000000000000000000000000000B
:107D780000000000000000000000000000000000FB
:107D880000000000000000000000000000000000EB
:107D980000000000000000000000000000000000DB
:107DA80000000000000000000000000000000000CB
:107DB80000000000000000000000000000000000BB
:107DC80000000000000000000000000000000000AB
:107DD800000000000000000000000000000000009B
:107DE800000000000000000000000000000000008B
:107DF800000000000000000000000000000000007B
:107E0800000000000000000000000000000000006A
:107E1800000000000000000000000000000000005A
:107E2800000000000000000000000000000000004A
:107E3800000000000000000000000000000000003A
:107E4800000000000000000000000000000000002A
:107E5800000000000000000000000000000000001A
:107E6800000000000000000000000000000000000A
:107E780000000000000000000000000000000000FA
:107E880000000000000000000000000000000000EA
:107E980000000000000000000000000000000000DA
:107EA80000000000000000000000000000000000CA
:107EB80000000000000000000000000000000000BA
:107EC80000000000000000000000000000000000AA
:107ED800000000000000000000000000000000009A
:107EE800000000000000000000000000000000008A
:107EF800000000000000000000000000000000007A
:107F08000000000000000000000000000000000069
:107F18000000000000000000000000000000000059
:107F28000000000000000000000000000000000049
:107F38000000000000000000000000000000000039
:107F48000000000000000000000000000000000029
:107F58000000000000000000000000000000000019
:107F68000000000000000000000000000000000009
:107F780000000000000000000000000000000000F9
:107F880000000000000000000000000000000000E9
:107F980000000000000000000000000000000000D9
:107FA80000000000000000000000000000000000C9
:107FB80000000000000000000000000000000000B9
:107FC80000000000000000000000000000000000A9
:107FD8000000000000000000000000000000000099
:107FE8000000000000000000000000000000000089
:107FF8000000000000000000000000000000000079
:108008000000000000000000000000000000000068
:108018000000000000000000000000000000000058
:108028000000000000000000000000000000000048
:108038000000000000000000000000000000000038
:108048000000000000000000000000000000000028
:108058000000000000000000000000000000000018
:108068000000000000000000000000000000000008
:1080780000000000000000000000000000000000F8
:1080880000000000000000000000000000000000E8
:1080980000000000000000000000000000000000D8
:1080A80000000000000000000000000000000000C8
:1080B80000000000000000000000000000000000B8
:1080C80000000000000000000000000000000000A8
:1080D8000000000000000000000000000000000098
:1080E8000000000000000000000000000000000088
:1080F8000000000000000000000000000000000078
:108108000000000000000000000000000000000067
:108118000000000000000000000000000000000057
:108128000000000000000000000000000000000047
:108138000000000000000000000000000000000037
:108148000000000000000000000000000000000027
:108158000000000000000000000000000000000017
:108168000000000000000000000000000000000007
:1081780000000000000000000000000000000000F7
:1081880000000000000000000000000000000000E7
:1081980000000000000000000000000000000000D7
:1081A80000000000000000000000000000000000C7
:1081B80000000000000000000000000000000000B7
:1081C80000000000000000000000000000000000A7
:1081D8000000000000000000000000000000000097
:1081E8000000000000000000000000000000000087
:1081F8000000000000000000000000000000000077
:108208000000000000000000000000000000000066
:108218000000000000000000000000000000000056
:108228000000000000000000000000000000000046
:108238000000000000000000000000000000000036
:108248000000000000000000000000000000000026
:108258000000000000000000000000000000000016
:108268000000000000000000000000000000000006
:1082780000000000000000000000000000000000F6
:1082880000000000000000000000000000000000E6
:1082980000000000000000000000000000000000D6
:1082A80000000000000000000000000000000000C6
:1082B80000000000000000000000000000000000B6
:1082C80000000000000000000000000000000000A6
:1082D8000000000000000000000000000000000096
:1082E8000000000000000000000000000000000086
:1082F8000000000000000000000000000000000076
:108308000000000000000000000000000000000065
:108318000000000000000000000000000000000055
:108328000000000000000000000000000000000045
:108338000000000000000000000000000000000035
:108348000000000000000000000000000000000025
:108358000000000000000000000000000000000015
:108368000000000000000000000000000000000005
:1083780000000000000000000000000000000000F5
:1083880000000000000000000000000000000000E5
:1083980000000000000000000000000000000000D5
:1083A80000000000000000000000000000000000C5
:1083B80000000000000000000000000000000000B5
:1083C80000000000000000000000000000000000A5
:1083D8000000000000000000000000000000000095
:1083E8000000000000000000000000000000000085
:0883F80000000000000000007D
:040000056000100087
:00000001FF
