:0200000460009A
:100000004643464200000156000000000101020084
:1000100000000000000000000000000000000000E0
:1000200000000000000000000000000000000000D0
:1000300000000000000000000000000000000000C0
:1000400000000000010406010000000000000000A4
:100050000000800000000000000000000000000020
:100060000000000000000000000000000000000090
:100070000000000000000000000000000000000080
:10008000EB04180AFF1E04320126000000000000E5
:100090000000000000000000000000000000000060
:1000A0000000000000000000000000000000000050
:1000B0000000000000000000000000000000000040
:1000C0000000000000000000000000000000000030
:1000D0000000000000000000000000000000000020
:1000E0000000000000000000000000000000000010
:1000F0000000000000000000000000000000000000
:1001000000000000000000000000000000000000EF
:1001100000000000000000000000000000000000DF
:1001200000000000000000000000000000000000CF
:1001300000000000000000000000000000000000BF
:1001400000000000000000000000000000000000AF
:10015000000000000000000000000000000000009F
:10016000000000000000000000000000000000008F
:10017000000000000000000000000000000000007F
:10018000000000000000000000000000000000006F
:10019000000000000000000000000000000000005F
:1001A000000000000000000000000000000000004F
:1001B000000000000000000000000000000000003F
:1001C000000100000010000001000000000000001D
:1001D000000001000000000000000000000000001E
:1001E000000000000000000000000000000000000F
:1001F00000000000000000000000000000000000FF
:10020000FFFFFFFFFFFFFFFFFFFFFFFFFFFFFFFFFE
:10021000FFFFFFFFFFFFFFFFFFFFFFFFFFFFFFFFEE
:10022000FFFFFFFFFFFFFFFFFFFFFFFFFFFFFFFFDE
:10023000FFFFFFFFFFFFFFFFFFFFFFFFFFFFFFFFCE
:10024000FFFFFFFFFFFFFFFFFFFFFFFFFFFFFFFFBE
:10025000FFFFFFFFFFFFFFFFFFFFFFFFFFFFFFFFAE
:10026000FFFFFFFFFFFFFFFFFFFFFFFFFFFFFFFF9E
:10027000FFFFFFFFFFFFFFFFFFFFFFFFFFFFFFFF8E
:10028000FFFFFFFFFFFFFFFFFFFFFFFFFFFFFFFF7E
:10029000FFFFFFFFFFFFFFFFFFFFFFFFFFFFFFFF6E
:1002A000FFFFFFFFFFFFFFFFFFFFFFFFFFFFFFFF5E
:1002B000FFFFFFFFFFFFFFFFFFFFFFFFFFFFFFFF4E
:1002C000FFFFFFFFFFFFFFFFFFFFFFFFFFFFFFFF3E
:1002D000FFFFFFFFFFFFFFFFFFFFFFFFFFFFFFFF2E
:1002E000FFFFFFFFFFFFFFFFFFFFFFFFFFFFFFFF1E
:1002F000FFFFFFFFFFFFFFFFFFFFFFFFFFFFFFFF0E
:10030000FFFFFFFFFFFFFFFFFFFFFFFFFFFFFFFFFD
:10031000FFFFFFFFFFFFFFFFFFFFFFFFFFFFFFFFED
:10032000FFFFFFFFFFFFFFFFFFFFFFFFFFFFFFFFDD
:10033000FFFFFFFFFFFFFFFFFFFFFFFFFFFFFFFFCD
:10034000FFFFFFFFFFFFFFFFFFFFFFFFFFFFFFFFBD
:10035000FFFFFFFFFFFFFFFFFFFFFFFFFFFFFFFFAD
:10036000FFFFFFFFFFFFFFFFFFFFFFFFFFFFFFFF9D
:10037000FFFFFFFFFFFFFFFFFFFFFFFFFFFFFFFF8D
:10038000FFFFFFFFFFFFFFFFFFFFFFFFFFFFFFFF7D
:10039000FFFFFFFFFFFFFFFFFFFFFFFFFFFFFFFF6D
:1003A000FFFFFFFFFFFFFFFFFFFFFFFFFFFFFFFF5D
:1003B000FFFFFFFFFFFFFFFFFFFFFFFFFFFFFFFF4D
:1003C000FFFFFFFFFFFFFFFFFFFFFFFFFFFFFFFF3D
:1003D000FFFFFFFFFFFFFFFFFFFFFFFFFFFFFFFF2D
:1003E000FFFFFFFFFFFFFFFFFFFFFFFFFFFFFFFF1D
:1003F000FFFFFFFFFFFFFFFFFFFFFFFFFFFFFFFF0D
:10040000FFFFFFFFFFFFFFFFFFFFFFFFFFFFFFFFFC
:10041000FFFFFFFFFFFFFFFFFFFFFFFFFFFFFFFFEC
:10042000FFFFFFFFFFFFFFFFFFFFFFFFFFFFFFFFDC
:10043000FFFFFFFFFFFFFFFFFFFFFFFFFFFFFFFFCC
:10044000FFFFFFFFFFFFFFFFFFFFFFFFFFFFFFFFBC
:10045000FFFFFFFFFFFFFFFFFFFFFFFFFFFFFFFFAC
:10046000FFFFFFFFFFFFFFFFFFFFFFFFFFFFFFFF9C
:10047000FFFFFFFFFFFFFFFFFFFFFFFFFFFFFFFF8C
:10048000FFFFFFFFFFFFFFFFFFFFFFFFFFFFFFFF7C
:10049000FFFFFFFFFFFFFFFFFFFFFFFFFFFFFFFF6C
:1004A000FFFFFFFFFFFFFFFFFFFFFFFFFFFFFFFF5C
:1004B000FFFFFFFFFFFFFFFFFFFFFFFFFFFFFFFF4C
:1004C000FFFFFFFFFFFFFFFFFFFFFFFFFFFFFFFF3C
:1004D000FFFFFFFFFFFFFFFFFFFFFFFFFFFFFFFF2C
:1004E000FFFFFFFFFFFFFFFFFFFFFFFFFFFFFFFF1C
:1004F000FFFFFFFFFFFFFFFFFFFFFFFFFFFFFFFF0C
:10050000FFFFFFFFFFFFFFFFFFFFFFFFFFFFFFFFFB
:10051000FFFFFFFFFFFFFFFFFFFFFFFFFFFFFFFFEB
:10052000FFFFFFFFFFFFFFFFFFFFFFFFFFFFFFFFDB
:10053000FFFFFFFFFFFFFFFFFFFFFFFFFFFFFFFFCB
:10054000FFFFFFFFFFFFFFFFFFFFFFFFFFFFFFFFBB
:10055000FFFFFFFFFFFFFFFFFFFFFFFFFFFFFFFFAB
:10056000FFFFFFFFFFFFFFFFFFFFFFFFFFFFFFFF9B
:10057000FFFFFFFFFFFFFFFFFFFFFFFFFFFFFFFF8B
:10058000FFFFFFFFFFFFFFFFFFFFFFFFFFFFFFFF7B
:10059000FFFFFFFFFFFFFFFFFFFFFFFFFFFFFFFF6B
:1005A000FFFFFFFFFFFFFFFFFFFFFFFFFFFFFFFF5B
:1005B000FFFFFFFFFFFFFFFFFFFFFFFFFFFFFFFF4B
:1005C000FFFFFFFFFFFFFFFFFFFFFFFFFFFFFFFF3B
:1005D000FFFFFFFFFFFFFFFFFFFFFFFFFFFFFFFF2B
:1005E000FFFFFFFFFFFFFFFFFFFFFFFFFFFFFFFF1B
:1005F000FFFFFFFFFFFFFFFFFFFFFFFFFFFFFFFF0B
:10060000FFFFFFFFFFFFFFFFFFFFFFFFFFFFFFFFFA
:10061000FFFFFFFFFFFFFFFFFFFFFFFFFFFFFFFFEA
:10062000FFFFFFFFFFFFFFFFFFFFFFFFFFFFFFFFDA
:10063000FFFFFFFFFFFFFFFFFFFFFFFFFFFFFFFFCA
:10064000FFFFFFFFFFFFFFFFFFFFFFFFFFFFFFFFBA
:10065000FFFFFFFFFFFFFFFFFFFFFFFFFFFFFFFFAA
:10066000FFFFFFFFFFFFFFFFFFFFFFFFFFFFFFFF9A
:10067000FFFFFFFFFFFFFFFFFFFFFFFFFFFFFFFF8A
:10068000FFFFFFFFFFFFFFFFFFFFFFFFFFFFFFFF7A
:10069000FFFFFFFFFFFFFFFFFFFFFFFFFFFFFFFF6A
:1006A000FFFFFFFFFFFFFFFFFFFFFFFFFFFFFFFF5A
:1006B000FFFFFFFFFFFFFFFFFFFFFFFFFFFFFFFF4A
:1006C000FFFFFFFFFFFFFFFFFFFFFFFFFFFFFFFF3A
:1006D000FFFFFFFFFFFFFFFFFFFFFFFFFFFFFFFF2A
:1006E000FFFFFFFFFFFFFFFFFFFFFFFFFFFFFFFF1A
:1006F000FFFFFFFFFFFFFFFFFFFFFFFFFFFFFFFF0A
:10070000FFFFFFFFFFFFFFFFFFFFFFFFFFFFFFFFF9
:10071000FFFFFFFFFFFFFFFFFFFFFFFFFFFFFFFFE9
:10072000FFFFFFFFFFFFFFFFFFFFFFFFFFFFFFFFD9
:10073000FFFFFFFFFFFFFFFFFFFFFFFFFFFFFFFFC9
:10074000FFFFFFFFFFFFFFFFFFFFFFFFFFFFFFFFB9
:10075000FFFFFFFFFFFFFFFFFFFFFFFFFFFFFFFFA9
:10076000FFFFFFFFFFFFFFFFFFFFFFFFFFFFFFFF99
:10077000FFFFFFFFFFFFFFFFFFFFFFFFFFFFFFFF89
:10078000FFFFFFFFFFFFFFFFFFFFFFFFFFFFFFFF79
:10079000FFFFFFFFFFFFFFFFFFFFFFFFFFFFFFFF69
:1007A000FFFFFFFFFFFFFFFFFFFFFFFFFFFFFFFF59
:1007B000FFFFFFFFFFFFFFFFFFFFFFFFFFFFFFFF49
:1007C000FFFFFFFFFFFFFFFFFFFFFFFFFFFFFFFF39
:1007D000FFFFFFFFFFFFFFFFFFFFFFFFFFFFFFFF29
:1007E000FFFFFFFFFFFFFFFFFFFFFFFFFFFFFFFF19
:1007F000FFFFFFFFFFFFFFFFFFFFFFFFFFFFFFFF09
:10080000FFFFFFFFFFFFFFFFFFFFFFFFFFFFFFFFF8
:10081000FFFFFFFFFFFFFFFFFFFFFFFFFFFFFFFFE8
:10082000FFFFFFFFFFFFFFFFFFFFFFFFFFFFFFFFD8
:10083000FFFFFFFFFFFFFFFFFFFFFFFFFFFFFFFFC8
:10084000FFFFFFFFFFFFFFFFFFFFFFFFFFFFFFFFB8
:10085000FFFFFFFFFFFFFFFFFFFFFFFFFFFFFFFFA8
:10086000FFFFFFFFFFFFFFFFFFFFFFFFFFFFFFFF98
:10087000FFFFFFFFFFFFFFFFFFFFFFFFFFFFFFFF88
:10088000FFFFFFFFFFFFFFFFFFFFFFFFFFFFFFFF78
:10089000FFFFFFFFFFFFFFFFFFFFFFFFFFFFFFFF68
:1008A000FFFFFFFFFFFFFFFFFFFFFFFFFFFFFFFF58
:1008B000FFFFFFFFFFFFFFFFFFFFFFFFFFFFFFFF48
:1008C000FFFFFFFFFFFFFFFFFFFFFFFFFFFFFFFF38
:1008D000FFFFFFFFFFFFFFFFFFFFFFFFFFFFFFFF28
:1008E000FFFFFFFFFFFFFFFFFFFFFFFFFFFFFFFF18
:1008F000FFFFFFFFFFFFFFFFFFFFFFFFFFFFFFFF08
:10090000FFFFFFFFFFFFFFFFFFFFFFFFFFFFFFFFF7
:10091000FFFFFFFFFFFFFFFFFFFFFFFFFFFFFFFFE7
:10092000FFFFFFFFFFFFFFFFFFFFFFFFFFFFFFFFD7
:10093000FFFFFFFFFFFFFFFFFFFFFFFFFFFFFFFFC7
:10094000FFFFFFFFFFFFFFFFFFFFFFFFFFFFFFFFB7
:10095000FFFFFFFFFFFFFFFFFFFFFFFFFFFFFFFFA7
:10096000FFFFFFFFFFFFFFFFFFFFFFFFFFFFFFFF97
:10097000FFFFFFFFFFFFFFFFFFFFFFFFFFFFFFFF87
:10098000FFFFFFFFFFFFFFFFFFFFFFFFFFFFFFFF77
:10099000FFFFFFFFFFFFFFFFFFFFFFFFFFFFFFFF67
:1009A000FFFFFFFFFFFFFFFFFFFFFFFFFFFFFFFF57
:1009B000FFFFFFFFFFFFFFFFFFFFFFFFFFFFFFFF47
:1009C000FFFFFFFFFFFFFFFFFFFFFFFFFFFFFFFF37
:1009D000FFFFFFFFFFFFFFFFFFFFFFFFFFFFFFFF27
:1009E000FFFFFFFFFFFFFFFFFFFFFFFFFFFFFFFF17
:1009F000FFFFFFFFFFFFFFFFFFFFFFFFFFFFFFFF07
:100A0000FFFFFFFFFFFFFFFFFFFFFFFFFFFFFFFFF6
:100A1000FFFFFFFFFFFFFFFFFFFFFFFFFFFFFFFFE6
:100A2000FFFFFFFFFFFFFFFFFFFFFFFFFFFFFFFFD6
:100A3000FFFFFFFFFFFFFFFFFFFFFFFFFFFFFFFFC6
:100A4000FFFFFFFFFFFFFFFFFFFFFFFFFFFFFFFFB6
:100A5000FFFFFFFFFFFFFFFFFFFFFFFFFFFFFFFFA6
:100A6000FFFFFFFFFFFFFFFFFFFFFFFFFFFFFFFF96
:100A7000FFFFFFFFFFFFFFFFFFFFFFFFFFFFFFFF86
:100A8000FFFFFFFFFFFFFFFFFFFFFFFFFFFFFFFF76
:100A9000FFFFFFFFFFFFFFFFFFFFFFFFFFFFFFFF66
:100AA000FFFFFFFFFFFFFFFFFFFFFFFFFFFFFFFF56
:100AB000FFFFFFFFFFFFFFFFFFFFFFFFFFFFFFFF46
:100AC000FFFFFFFFFFFFFFFFFFFFFFFFFFFFFFFF36
:100AD000FFFFFFFFFFFFFFFFFFFFFFFFFFFFFFFF26
:100AE000FFFFFFFFFFFFFFFFFFFFFFFFFFFFFFFF16
:100AF000FFFFFFFFFFFFFFFFFFFFFFFFFFFFFFFF06
:100B0000FFFFFFFFFFFFFFFFFFFFFFFFFFFFFFFFF5
:100B1000FFFFFFFFFFFFFFFFFFFFFFFFFFFFFFFFE5
:100B2000FFFFFFFFFFFFFFFFFFFFFFFFFFFFFFFFD5
:100B3000FFFFFFFFFFFFFFFFFFFFFFFFFFFFFFFFC5
:100B4000FFFFFFFFFFFFFFFFFFFFFFFFFFFFFFFFB5
:100B5000FFFFFFFFFFFFFFFFFFFFFFFFFFFFFFFFA5
:100B6000FFFFFFFFFFFFFFFFFFFFFFFFFFFFFFFF95
:100B7000FFFFFFFFFFFFFFFFFFFFFFFFFFFFFFFF85
:100B8000FFFFFFFFFFFFFFFFFFFFFFFFFFFFFFFF75
:100B9000FFFFFFFFFFFFFFFFFFFFFFFFFFFFFFFF65
:100BA000FFFFFFFFFFFFFFFFFFFFFFFFFFFFFFFF55
:100BB000FFFFFFFFFFFFFFFFFFFFFFFFFFFFFFFF45
:100BC000FFFFFFFFFFFFFFFFFFFFFFFFFFFFFFFF35
:100BD000FFFFFFFFFFFFFFFFFFFFFFFFFFFFFFFF25
:100BE000FFFFFFFFFFFFFFFFFFFFFFFFFFFFFFFF15
:100BF000FFFFFFFFFFFFFFFFFFFFFFFFFFFFFFFF05
:100C0000FFFFFFFFFFFFFFFFFFFFFFFFFFFFFFFFF4
:100C1000FFFFFFFFFFFFFFFFFFFFFFFFFFFFFFFFE4
:100C2000FFFFFFFFFFFFFFFFFFFFFFFFFFFFFFFFD4
:100C3000FFFFFFFFFFFFFFFFFFFFFFFFFFFFFFFFC4
:100C4000FFFFFFFFFFFFFFFFFFFFFFFFFFFFFFFFB4
:100C5000FFFFFFFFFFFFFFFFFFFFFFFFFFFFFFFFA4
:100C6000FFFFFFFFFFFFFFFFFFFFFFFFFFFFFFFF94
:100C7000FFFFFFFFFFFFFFFFFFFFFFFFFFFFFFFF84
:100C8000FFFFFFFFFFFFFFFFFFFFFFFFFFFFFFFF74
:100C9000FFFFFFFFFFFFFFFFFFFFFFFFFFFFFFFF64
:100CA000FFFFFFFFFFFFFFFFFFFFFFFFFFFFFFFF54
:100CB000FFFFFFFFFFFFFFFFFFFFFFFFFFFFFFFF44
:100CC000FFFFFFFFFFFFFFFFFFFFFFFFFFFFFFFF34
:100CD000FFFFFFFFFFFFFFFFFFFFFFFFFFFFFFFF24
:100CE000FFFFFFFFFFFFFFFFFFFFFFFFFFFFFFFF14
:100CF000FFFFFFFFFFFFFFFFFFFFFFFFFFFFFFFF04
:100D0000FFFFFFFFFFFFFFFFFFFFFFFFFFFFFFFFF3
:100D1000FFFFFFFFFFFFFFFFFFFFFFFFFFFFFFFFE3
:100D2000FFFFFFFFFFFFFFFFFFFFFFFFFFFFFFFFD3
:100D3000FFFFFFFFFFFFFFFFFFFFFFFFFFFFFFFFC3
:100D4000FFFFFFFFFFFFFFFFFFFFFFFFFFFFFFFFB3
:100D5000FFFFFFFFFFFFFFFFFFFFFFFFFFFFFFFFA3
:100D6000FFFFFFFFFFFFFFFFFFFFFFFFFFFFFFFF93
:100D7000FFFFFFFFFFFFFFFFFFFFFFFFFFFFFFFF83
:100D8000FFFFFFFFFFFFFFFFFFFFFFFFFFFFFFFF73
:100D9000FFFFFFFFFFFFFFFFFFFFFFFFFFFFFFFF63
:100DA000FFFFFFFFFFFFFFFFFFFFFFFFFFFFFFFF53
:100DB000FFFFFFFFFFFFFFFFFFFFFFFFFFFFFFFF43
:100DC000FFFFFFFFFFFFFFFFFFFFFFFFFFFFFFFF33
:100DD000FFFFFFFFFFFFFFFFFFFFFFFFFFFFFFFF23
:100DE000FFFFFFFFFFFFFFFFFFFFFFFFFFFFFFFF13
:100DF000FFFFFFFFFFFFFFFFFFFFFFFFFFFFFFFF03
:100E0000FFFFFFFFFFFFFFFFFFFFFFFFFFFFFFFFF2
:100E1000FFFFFFFFFFFFFFFFFFFFFFFFFFFFFFFFE2
:100E2000FFFFFFFFFFFFFFFFFFFFFFFFFFFFFFFFD2
:100E3000FFFFFFFFFFFFFFFFFFFFFFFFFFFFFFFFC2
:100E4000FFFFFFFFFFFFFFFFFFFFFFFFFFFFFFFFB2
:100E5000FFFFFFFFFFFFFFFFFFFFFFFFFFFFFFFFA2
:100E6000FFFFFFFFFFFFFFFFFFFFFFFFFFFFFFFF92
:100E7000FFFFFFFFFFFFFFFFFFFFFFFFFFFFFFFF82
:100E8000FFFFFFFFFFFFFFFFFFFFFFFFFFFFFFFF72
:100E9000FFFFFFFFFFFFFFFFFFFFFFFFFFFFFFFF62
:100EA000FFFFFFFFFFFFFFFFFFFFFFFFFFFFFFFF52
:100EB000FFFFFFFFFFFFFFFFFFFFFFFFFFFFFFFF42
:100EC000FFFFFFFFFFFFFFFFFFFFFFFFFFFFFFFF32
:100ED000FFFFFFFFFFFFFFFFFFFFFFFFFFFFFFFF22
:100EE000FFFFFFFFFFFFFFFFFFFFFFFFFFFFFFFF12
:100EF000FFFFFFFFFFFFFFFFFFFFFFFFFFFFFFFF02
:100F0000FFFFFFFFFFFFFFFFFFFFFFFFFFFFFFFFF1
:100F1000FFFFFFFFFFFFFFFFFFFFFFFFFFFFFFFFE1
:100F2000FFFFFFFFFFFFFFFFFFFFFFFFFFFFFFFFD1
:100F3000FFFFFFFFFFFFFFFFFFFFFFFFFFFFFFFFC1
:100F4000FFFFFFFFFFFFFFFFFFFFFFFFFFFFFFFFB1
:100F5000FFFFFFFFFFFFFFFFFFFFFFFFFFFFFFFFA1
:100F6000FFFFFFFFFFFFFFFFFFFFFFFFFFFFFFFF91
:100F7000FFFFFFFFFFFFFFFFFFFFFFFFFFFFFFFF81
:100F8000FFFFFFFFFFFFFFFFFFFFFFFFFFFFFFFF71
:100F9000FFFFFFFFFFFFFFFFFFFFFFFFFFFFFFFF61
:100FA000FFFFFFFFFFFFFFFFFFFFFFFFFFFFFFFF51
:100FB000FFFFFFFFFFFFFFFFFFFFFFFFFFFFFFFF41
:100FC000FFFFFFFFFFFFFFFFFFFFFFFFFFFFFFFF31
:100FD000FFFFFFFFFFFFFFFFFFFFFFFFFFFFFFFF21
:100FE000FFFFFFFFFFFFFFFFFFFFFFFFFFFFFFFF11
:100FF000FFFFFFFFFFFFFFFFFFFFFFFFFFFFFFFF01
:10100000D1002043F1150060000000000000000046
:10101000201000600010006000300360000000003D
:1010200000000060003C030000000000FFFFFFFF25
:10103000FFFFFFFFFFFFFFFFFFFFFFFFFFFFFFFFC0
:10104000FFFFFFFFFFFFFFFFFFFFFFFFFFFFFFFFB0
:10105000FFFFFFFFFFFFFFFFFFFFFFFFFFFFFFFFA0
:10106000FFFFFFFFFFFFFFFFFFFFFFFFFFFFFFFF90
:10107000FFFFFFFFFFFFFFFFFFFFFFFFFFFFFFFF80
:10108000FFFFFFFFFFFFFFFFFFFFFFFFFFFFFFFF70
:10109000FFFFFFFFFFFFFFFFFFFFFFFFFFFFFFFF60
:1010A000FFFFFFFFFFFFFFFFFFFFFFFFFFFFFFFF50
:1010B000FFFFFFFFFFFFFFFFFFFFFFFFFFFFFFFF40
:1010C000FFFFFFFFFFFFFFFFFFFFFFFFFFFFFFFF30
:1010D000FFFFFFFFFFFFFFFFFFFFFFFFFFFFFFFF20
:1010E000FFFFFFFFFFFFFFFFFFFFFFFFFFFFFFFF10
:1010F000FFFFFFFFFFFFFFFFFFFFFFFFFFFFFFFF00
:10110000FFFFFFFFFFFFFFFFFFFFFFFFFFFFFFFFEF
:10111000FFFFFFFFFFFFFFFFFFFFFFFFFFFFFFFFDF
:10112000FFFFFFFFFFFFFFFFFFFFFFFFFFFFFFFFCF
:10113000FFFFFFFFFFFFFFFFFFFFFFFFFFFFFFFFBF
:10114000FFFFFFFFFFFFFFFFFFFFFFFFFFFFFFFFAF
:10115000FFFFFFFFFFFFFFFFFFFFFFFFFFFFFFFF9F
:10116000FFFFFFFFFFFFFFFFFFFFFFFFFFFFFFFF8F
:10117000FFFFFFFFFFFFFFFFFFFFFFFFFFFFFFFF7F
:10118000FFFFFFFFFFFFFFFFFFFFFFFFFFFFFFFF6F
:10119000FFFFFFFFFFFFFFFFFFFFFFFFFFFFFFFF5F
:1011A000FFFFFFFFFFFFFFFFFFFFFFFFFFFFFFFF4F
:1011B000FFFFFFFFFFFFFFFFFFFFFFFFFFFFFFFF3F
:1011C000FFFFFFFFFFFFFFFFFFFFFFFFFFFFFFFF2F
:1011D000FFFFFFFFFFFFFFFFFFFFFFFFFFFFFFFF1F
:1011E000FFFFFFFFFFFFFFFFFFFFFFFFFFFFFFFF0F
:1011F000FFFFFFFFFFFFFFFFFFFFFFFFFFFFFFFFFF
:10120000FFFFFFFFFFFFFFFFFFFFFFFFFFFFFFFFEE
:10121000FFFFFFFFFFFFFFFFFFFFFFFFFFFFFFFFDE
:10122000FFFFFFFFFFFFFFFFFFFFFFFFFFFFFFFFCE
:10123000FFFFFFFFFFFFFFFFFFFFFFFFFFFFFFFFBE
:10124000FFFFFFFFFFFFFFFFFFFFFFFFFFFFFFFFAE
:10125000FFFFFFFFFFFFFFFFFFFFFFFFFFFFFFFF9E
:10126000FFFFFFFFFFFFFFFFFFFFFFFFFFFFFFFF8E
:10127000FFFFFFFFFFFFFFFFFFFFFFFFFFFFFFFF7E
:10128000FFFFFFFFFFFFFFFFFFFFFFFFFFFFFFFF6E
:10129000FFFFFFFFFFFFFFFFFFFFFFFFFFFFFFFF5E
:1012A000FFFFFFFFFFFFFFFFFFFFFFFFFFFFFFFF4E
:1012B000FFFFFFFFFFFFFFFFFFFFFFFFFFFFFFFF3E
:1012C000FFFFFFFFFFFFFFFFFFFFFFFFFFFFFFFF2E
:1012D000FFFFFFFFFFFFFFFFFFFFFFFFFFFFFFFF1E
:1012E000FFFFFFFFFFFFFFFFFFFFFFFFFFFFFFFF0E
:1012F000FFFFFFFFFFFFFFFFFFFFFFFFFFFFFFFFFE
:10130000FFFFFFFFFFFFFFFFFFFFFFFFFFFFFFFFED
:10131000FFFFFFFFFFFFFFFFFFFFFFFFFFFFFFFFDD
:10132000FFFFFFFFFFFFFFFFFFFFFFFFFFFFFFFFCD
:10133000FFFFFFFFFFFFFFFFFFFFFFFFFFFFFFFFBD
:10134000FFFFFFFFFFFFFFFFFFFFFFFFFFFFFFFFAD
:10135000FFFFFFFFFFFFFFFFFFFFFFFFFFFFFFFF9D
:10136000FFFFFFFFFFFFFFFFFFFFFFFFFFFFFFFF8D
:10137000FFFFFFFFFFFFFFFFFFFFFFFFFFFFFFFF7D
:10138000FFFFFFFFFFFFFFFFFFFFFFFFFFFFFFFF6D
:10139000FFFFFFFFFFFFFFFFFFFFFFFFFFFFFFFF5D
:1013A000FFFFFFFFFFFFFFFFFFFFFFFFFFFFFFFF4D
:1013B000FFFFFFFFFFFFFFFFFFFFFFFFFFFFFFFF3D
:1013C000FFFFFFFFFFFFFFFFFFFFFFFFFFFFFFFF2D
:1013D000FFFFFFFFFFFFFFFFFFFFFFFFFFFFFFFF1D
:1013E000FFFFFFFFFFFFFFFFFFFFFFFFFFFFFFFF0D
:1013F000FFFFFFFFFFFFFFFFFFFFFFFFFFFFFFFFFD
:10140000824205D051F8043B40F8043B8242F9D8AF
:10141000704700BF044A05494FF0000342F8043BFF
:101420009142FBD8704700BFC0520020E0E3042087
:1014300008B5BFF34F8F03F0D7FC544C544B082032
:101440005449C3F85401544AC3F800115348C3F82F
:10145000F0405349FFF7D4FF524A53495348FFF72E
:10146000CFFF534CFFF7D6FF4FF470004FF0E02151
:101470000023504AC1F8880D44F823200133B02BD3
:10148000FAD14D4B80214D4A03F8011B9342FBD109
:101490004FF0E0254A4E4B4A4FF0FF31C5F8084D5A
:1014A000D5F8243D43F4E023C5F8243DF36923F047
:1014B0007F0343F04003F361736A23F07F0343F03B
:1014C000400373629166D1661167516703F094FC23
:1014D0003D4A3E4BA2636322E36300246A61032317
:1014E0003B4AAC612B61C5F8202DD5F8FC2D394B5A
:1014F00042F080723849C5F8FC2D1A6842F00102AA
:101500001A605B680B6003F047FE344804F004F98E
:10151000F16E334B334A41F44051F1661C60C3F81D
:101520000841C3F81841C3F82841C3F83841936B08
:10153000DB0708D442F615632B4951651365936B9D
:1015400043F001039363274A284C936843F0011347
:10155000936003F0DFFC03F08BFF04F01DF803F051
:101560004DFE03F043FC2368132BFCD903F0E2FE8D
:101570002368B3F5967FFBD303F03CFC03F038FC03
:1015800004F0DAF804F094F830BFFDE70C0D111305
:1015900000800D401B101820386A02000000000077
:1015A000E0710060C05200201CDC026000000020DE
:1015B0000050002001D5010000E400E0A0E400E0BC
:1015C00000C00F4000C00A406DCD010071CD010088
:1015D00000002020001000E060E304200046C32348
:1015E0000040084000400D400000C05664E3042065
:1015F000054B4FF42A01054A05485A641864054A08
:1016000099639546FFF714FF00C00A40FFABAAAAF2
:101610000700200000800520DFF838C0014630B503
:10162000DCF8442085B0DCF82830DCF84850DCF8E1
:101630002CE0DCF8C040DCF8C8000095CDF804E0F0
:10164000CDE90240024803F0F3FF05B030BD00BF12
:101650004C09002000002C402DE9F04798B00023F1
:10166000554A564904A804F04BF8554C08A9554F63
:1016700004F11000DDE90523C4E901239DF81C30C5
:10168000237303F03DFF08A8049703F0F1FFA36C58
:10169000002B75D0DA6900234B494C484C4EC1E908
:1016A000002303F0C5FF0023A06C3568CDE90233A9
:1016B00000B302A903AA03F0FFFF0299454B3F4A7A
:1016C0001870454B1960D2F88034002B5ED0DB795E
:1016D0009A4610B3BAF1400F039A0CBF3F4B404BF0
:1016E00034684048641B009403F0A2FF012018B046
:1016F000BDE8F087E06C28B102A903AA03F0E4FF7B
:101700000299DBE7334B2D4A1870334B1860D2F83F
:101710008034002B45D0DB799A46334D4FF00009D9
:10172000324C334E05F12008234A0023234904A8F4
:1017300003F0E6FF059B08A9204644F80C3C503412
:10174000069B44F8583C9DF81C3004F8543C03F0C8
:10175000D7FE08A8049703F08BFF0022002346F869
:10176000049BE5E802234545DED1BAF1400F4FF076
:10177000040220480CBF1949194903F059FFB5E785
:10178000E06C0028B3D0D0E9042385E7D2F8843494
:101790001BB193F844349A469BE748B1039A104B27
:1017A0009EE7D2F884341BB193F844349A46B4E7E8
:1017B0004FF0000AB1E700BFD4090020B0E70120D4
:1017C000B0F70320283F0020F0ED0120E0090020C1
:1017D00064E3042098E3042054F70320C4090020A4
:1017E000CC090020FC090020F8ED0120C8FD0320F1
:1017F000D0060420600A0020F0B5874E97B004465A
:101800003378002B6ED1002C33D1844A02238449D3
:1018100002A803F075FF834D039B06A905F1100094
:101820006B60049BAB609DF814302B7303F068FE73
:101830007D4B06A8029303F01BFFA86C002800F064
:101840009B8002AA01A9CDE9014403F035FFAB6CEE
:10185000002B00F0BE80DC69002800F0A480734AF1
:101860002146734803F0E4FE01230020337017B0D3
:10187000F0BD6B4BD3F88024002A39D0002302A896
:101880001146664A0746029303F00EFF00283DD139
:10189000624A40F202636249384603F031FF614D0B
:1018A000039B06A905F110006B60049BAB609DF8DB
:1018B00014302B7303F024FE5B4B06A8029303F055
:1018C000D7FEA86C002833D0214603F07DFE002807
:1018D00037D05848214603F0ABFE01230020337077
:1018E00017B0F0BD544803F0C3FE002333708AE7FD
:1018F0004B4BD3F8841400294FD002A813460E9204
:10190000464A074603F04CFE0028C1D0444BD3F8AA
:101910008014002949D00023404A3846029301230D
:1019200003F0C2FE0028B3D0384603F0FDFEAFE757
:10193000EA6CF2B103461046224603F0A5FE0028E9
:10194000C7D121463D4803F073FE3B4803F090FEAB
:10195000334BD3F88004002844D0002401460123EF
:101960002E4A3846029403F09FFE10B1384603F029
:10197000DBFE4FF0FF30B3E7E86C0028F9D002AA95
:1019800001A9CDE9014403F09FFED5E9123230B13F
:10199000002B3BD0DC69254A62E702AF78E7002BD9
:1019A00031D102B11469264A5AE71D4BD3F8843469
:1019B000002B3FF46DAF0E9138461946174A0123AC
:1019C00003F0EEFD00283FF463AF384603F0B4FDAA
:1019D0005EE7EB6C002B3FF43FAF1C6900287FF4FF
:1019E0003EAFE0E70E4BD3F884140029C1D00E902F
:1019F00001230A4A384603F0D3FD0028B9D03846FF
:101A000003F09AFDB5E7DC690D4A29E7002A3FF4A7
:101A100026AF1469054A23E795E30420FC0A002059
:101A2000B0E7012000F80320283F0020D00A002062
:101A3000080B00206C0B002010F80320300B002056
:101A4000E00A00202DE9F041DFF84881064698F8C9
:101A500000300BB103F034FE434C2778002F72D1D5
:101A6000424C434804F5A07503F002FEA36B2046E8
:101A7000002B62D003F0FCFD5034A542F6D13D4C62
:101A80009FED377B04F59063D4F88C0483ED007BE5
:101A900010B103689B6898470023374D314684F89E
:101AA000C86488F80030FF23284684F8BC3403F06B
:101AB000D3FD2846C4F88C5403F00EFE20BB01234E
:101AC000A5F59260D4F88C141A4603F015FED8B12F
:101AD00001222A4B88F800201E7003F0F9FC002E2A
:101AE00037D0274903F030FD0246264803F0A0FD19
:101AF000FFF7B2FDF0B1F7B10020FFF77DFEB0FABD
:101B000080F04009BDE8F081DEB91F4DD4F88C04A7
:101B100008B303685B6B9847D4F88C34044623B150
:101B20001A681846936B9847C3B22246294617484D
:101B300003F07EFD0020BDE8F081E36B002B99D11E
:101B40009AE70F4DE2E7124803F092FD002323705D
:101B500086E70D49C6E703462A24E6E7AFF300808F
:101B6000000000000000000095E30420C8FD0320F1
:101B7000C0F70320B0E7012040EC01208AE30420F5
:101B8000C80B00201C0C0020D40B0020E00B002010
:101B900010F8032092E304202DE9F04F944687B01B
:101BA000894610F50012DFF81481824602924FF048
:101BB000000749F10002D8F800103B4C4FF0E02636
:101BC0003A4D0392CDE904C321F01F0301F58031A2
:101BD000BFF34F8FC6F8703F20339942FAD8BFF356
:101BE0004F8FBFF36F8F03F0E3FC4FF480338346D6
:101BF000494600935046D8F8002003F029FD0028FC
:101C00004ED103F0D5FC2A4BA7EB0B0B1B7800EB56
:101C10000B079BBBD8F800104FF6FF7C40F2B312C5
:101C20008C44481E10F8013F5C4084454FEA042371
:101C300002FB0533A4FB02451D44F3D11AF5803A9B
:101C4000DDE9023249F100094A4508BF5345BBD1DD
:101C500007EE907A9FED176ADFED176A0120F8EE24
:101C6000677ADDE904C387EE867ACCE90045C6EEE3
:101C7000877AC3ED007A07B0BDE8F08FD8F800206E
:101C800022F01F0302F58032BFF34F8FC6F85C3F8E
:101C900020339A42FAD8BFF34F8FBFF36F8FB9E763
:101CA000002007B0BDE8F08F83039D73B00F65146B
:101CB0008AE3042000247449BD37064078060420D6
:101CC0002DE9F04F2DED048BADF5815DDFF8F4B11A
:101CD000DFF8F48185B0724F9FED729A0DF13706EF
:101CE000DFF8E8A19FED6C8B26F01F06059603F048
:101CF0005FFC4FF000545BF8045B00260490D8F8BA
:101D0000009003F06DFC97F800C02B464A46204631
:101D10003146BCF1000F7CD1009503F099FC0028FE
:101D200077D12C1904F1604346F10006B3F1807FAE
:101D3000E5D3DDF8109003F03BFC9AF80030A0EBFF
:101D4000090007EE900AF8EE677A87EE897AB7EE17
:101D5000C77A88EE076B002B71D1534A534B294643
:101D60005348CDE9002353EC162B03F061FC514B93
:101D70009B45BCD1059E4FF0005403F019FC002593
:101D800081464FF4805807E014F5805445F1000572
:101D900004F15F432B435ED003F022FC97F800C0B0
:101DA0004FF48053324620462946BCF1000F05D13E
:101DB000CDF8008003F04CFC0028E5D003F0F8FBE0
:101DC000A0EB0900DFED376A07EE900A9AF80030C1
:101DD000F8EE677A9FED305B87EEA67AB7EEC77AAA
:101DE00085EE076B8BBB03F0AFFB2F4E324D0446E5
:101DF0004FF480513148009653EC162BCDE9014544
:101E000003F016FC0DF5815D05B0BDEC048BBDE85B
:101E1000F08FDDF8109003F0CBFB9AF80030A0EBC8
:101E2000090007EE900AF8EE677A87EE897AB7EE36
:101E3000C77A88EE076B2BB1214A1F4B8FE7204AE8
:101E40001A4B8CE7184A1C4B89E703F07DFB1C4EAC
:101E5000194D0446CCE703F0ABFBA0EB0900DFED26
:101E6000116A07EE900A9AF80030F8EE677A9FED53
:101E70000A5B87EEA67AB7EEC77A85EE076B2BB1C1
:101E800003F062FB0E4E094D0446B1E703F05CFB24
:101E9000054E064D0446ABE78DEDB5A0F7C63040C4
:101EA0008FE30420002474493C0C0020803E002075
:101EB000500C00207C400020440C0020800C0020AE
:101EC0004C0C002070400020780604208AE3042097
:101ED0002DE9F04F2DED048B97B003F0B5FBB7EE75
:101EE000C07AA54853EC172B03F0A2FBA34B0020AC
:101EF0001C78A34B1870FFF7A5FD002800F01F8188
:101F0000DFEDA07A0EAEDFF8C092B0EE678A9E4D8C
:101F1000CDED0B7A32460BAB0835083655E9020198
:101F2000FFF73AFE002800F01E81DDED0B7A4D45EB
:101F300038EE278AEED1F5EE007ADFF89082D8F8F5
:101F40002C6003F001FB28EE278A0146C6F3031B31
:101F50008E48B7EEC87A0BF1FF350BF101028DED1B
:101F6000007B03F065FB002D40F3F480DFED887A01
:101F70000023A246CDF81CB028EE279A0993854B82
:101F80001B782BB1844BD3F88C0403681B6A9847E9
:101F9000D8F82C3042F2107423F0F00343EA051312
:101FA000C8F82C3003F004FB064605E003F000FB04
:101FB000801BA04200F2AF80D8F824301B07F5D573
:101FC00000269FED708A4FF0020B089537460EAD44
:101FD0006D4C0BAB0CAA083454E90201FFF7DCFD91
:101FE000002852D0DDED0B7A0136DDE90C31D5E960
:101FF000000238EE278A0835914208BF834214BF99
:10200000012300234C451F44E3D1BBF1010F02D053
:102010004FF0010BDBE707EE906A089D03F094FA9E
:102020000023F8EEE77A0146079A5C48C8EE278A53
:102030000493CDE90267B7EEE87A8DED007B03F0FB
:10204000F7FA77B9F4EEC98AF1EE10FA03DDB0EED3
:10205000689AEBB20993079B013D03F1FF330793A5
:102060008DD154462046FFF7EDFC68BB4C4803F089
:10207000DFFA4C494C4803F0DBFA4C4B00221A7053
:1020800017B0BDEC048BBDE8F08F5446DDF81CB0F2
:1020900003F05AFA002E44D007EE906A012301465D
:1020A0005A46F8EEE77A3D48049388EE277ACDE960
:1020B0000267B7EEC77A8DED007B03F0B9FA2046D0
:1020C000FFF7C0FC0028D1D0099A002A47D0314B35
:1020D0002B491B780A70002B39D1099C204603F04C
:1020E000ABFA03F031FAB7EEC97A621C0146304808
:1020F000D2B28DED007B03F09BFA03F0A5FAB7EEA8
:10210000C07A2C4853EC172B03F092FA17B0BDECB1
:10211000048BBDE8F08F691C2748544603F088FA09
:10212000CDE7CDE9026701230026002701465A4684
:102130001A480493CDE9006703F07AFABFE71F4815
:1021400017B0BDEC048BBDE8F04F03F071BA03F09B
:10215000B7FAC2E72046FFF775FC002886D018487A
:1021600003F066FAC9E7174803F062FA17B0BDEC4E
:10217000048BBDE8F08F00BFC40C00208AE304206C
:1021800094E3042000000000A0020020280D00209D
:102190005C8F823F92E30420B0E70120680D0020AD
:1021A000AC0D0020CC0D0020140E00208CE3042088
:1021B000240E0020780E0020940E0020E00C002059
:1021C000580E0020040D0020C002002000002C400A
:1021D0002DE9F04F00248DB080461C600BA80393BE
:1021E000089207910B9403F09FF90B9A634B4245B9
:1021F0001B68C0F09A80C8F30801002940F0958060
:10220000B8EBC30F00F291804FEA58238B465C4C29
:102210004FF0E0275B4D40F2B316DFF88491C246E1
:10222000069304910991D9F8002022F01F0352442B
:10223000BFF34F8FC7F8703F20339A42FAD8BFF3ED
:102240004F8FBFF36F8F5146D9F8000003F068FA43
:1022500003F0AEF94C4B05904FEA5B21D3F88C04A8
:102260004A4B11F58011D9F800201B681944036806
:10227000D3F81480069BC047804603F099F944497F
:10228000039B4A6D1B681343039A13608B6A23F404
:1022900040738B62B8F1000F51D0049BD9F8002035
:1022A0001844059BC31A049322F01F035244BFF342
:1022B0004F8FC7F85C3F20339A42FAD8BFF34F8F55
:1022C000BFF36F8FCBF50011514528BF514679B14F
:1022D000D9F80020013A114412F8013F5C408A42CB
:1022E0004FEA042306FB0533A4FB06451D44F3D146
:1022F000D344BBF5001F96D3DDED047AC2469FEDB3
:10230000256AB8EE677A07EE90BA079B5046FBEE57
:10231000C67AC7EE066A1C605D60089B87EEA67AE7
:1023200083ED007A0DB0BDE8F08F41461A4803F006
:102330007FF94FF0000A50460DB0BDE8F08F124D06
:10234000D0460999D5F88C04B0B1036804915B6B51
:1023500098470446D5F88C04049918B103689B6B20
:102360009847C1B2039B22460C481D680B46414664
:10237000009503F05DF9DCE72A24F3E7B44C002074
:1023800083039D73B00F6514B0E7012054F7032059
:1023900000002C4000247449C00E0020080F0020CB
:1023A000780604202DE9F04F2DED028BB5B00FAA71
:1023B0000EAB0DAC099000200094CDE901320CABBE
:1023C00012AA03F08DF9002840F04D810F9A4FF4C6
:1023D00080330D99B3FBF2F38B4228BF0B469B462B
:1023E000002B00F095800E9BB3F52C5F00F29080DF
:1023F000DFF8CCA2DAF800300BFB023223F01F0327
:10240000BFF34F8F4FF0E021C1F8703F20339A4265
:10241000FAD8BFF34F8FBFF36F8F0F9BDAF800200E
:1024200003FB0BF3DDE9120103F062F90446002817
:1024300040F0E981944B0E9A1868B2B19FED937AFF
:10244000064600EB820C9249924D934F05FB0171B9
:102450000B0AA3F5000307EE903AF8EEE77A67EE71
:10246000877AE6EC017AB445F0D1DFF85892DFF8CC
:102470004C82CDF80480D9F800300093002303F09B
:1024800047F9864B0E9A00930023D9F8000003F019
:102490005FF807EE90BA0B940024B8EEE78BDFEDFF
:1024A000807A84F001060025CDED107A03F080F8E3
:1024B0000A940890002407950EE00025CDF800C08E
:1024C000019503F079F8DDED107A013437EE800ADA
:1024D000A3458DED100A24D00F9A4346DAF8005038
:1024E0000C9802FB0455D9F800700C28DDF838C0B0
:1024F0003A462946E1D1002EDFD028460025674B19
:1025000042463946CDF800C0019503F08DF8DAE770
:102510000999644803F08CF835B0BDEC028BBDE836
:10252000F08F079D03F044F8089B0135C01A5E4BFD
:102530009842BFD9089F0A9C03F03AF8C01B0C9A36
:102540009FED5A7A07EE900A0C2AF8EE677A87EE2A
:10255000876A02D1002E40F05481554B07EE905A05
:102560000E995448B8EE674BDDED0E7AB7EEC66AA9
:102570000191B8EE677B0999CDF800B027EE087B92
:102580009FED3D5B27EE047B87EE055BDDED0F7A6B
:10259000B8EE677B27EE087B27EE047B9FED384B78
:1025A00027EE047B87EE064B85EE067B8DED024B16
:1025B0008DED047B03F03CF80C9B0C2B4CD023F0EE
:1025C00002030B9C0C2BA7D11BAAD9F8005013AB0C
:1025D00023A91046314E43F8045F984242F8048F15
:1025E00041F8046FF6D100230DF170082CAF119360
:1025F00002F0DEFF002308900A940793002425468A
:1026000011E00497CDF80080CDE9026503F044F8AD
:10261000DDED117A01349DED337AA34577EE877AAB
:10262000CDED117A50D00F9ADAF800300C9802FBF9
:10263000043C0E9E0C2814AB4FF008026146E0D11A
:10264000434614AA082160460497CDE9026524AEEA
:10265000009602F0E5FFDBE7631C0124022B7FF408
:102660001EAF0B9CB0E70999134802F0E1FF35B0AB
:10267000BDEC028BBDE8F08F0000000080842E418D
:10268000000000000000B03EACF703200000003462
:1026900091F445250D6619005FF36E3CE4000420BB
:1026A00000000000900F00203F420F0000247449FA
:1026B000700F0020CC0F0020780F002054F803206A
:1026C0007806042050F80320079B0133079302F09B
:1026D0006FFF089BC01A504B98428FD90A9C02F09A
:1026E00067FF089BB2EE004B9FED4C6AC01ADDED10
:1026F000077A28EE044B0C9A06EE900A099948488E
:10270000F8EE666AB8EE677B86EE865ADDED0E6AF5
:10271000B8EE666B26EE046B26EE077BB7EEC55A65
:102720009FED3B6B87EE066B86EE057B8DED007BA8
:1027300002F07EFF0C9B0C2B7FF4EEAEDFED397ABE
:102740000026CDED2C7A354602F032FF07464FF0D9
:1027500000080F98344ACDE90154DAF8003000FB44
:1027600008300E9B08F101080093D9F8001002F020
:102770001BFFDDED2C7AC34530EE270A8DED2C0AC8
:10278000E7D102F015FF244BC01B01369842DED979
:1027900002F00EFFC01B9FED216A07EE906A06EE65
:1027A000900A224BB8EE677B2246F8EE666A013447
:1027B00009991F4886EE865ADDED0E6AB8EE666B03
:1027C00026EE086B26EE077BB7EEC55A9FED106B21
:1027D00087EE063B93ED006AB8EE466B26EE056B7E
:1027E00086EE074B83EE057B8DED004B8DED027B76
:1027F00002F01EFF032CA1D135B0BDEC028BBDE869
:10280000F08F0C4BAAE609990B4802F011FF83E602
:102810000000000080842E413F420F0000247449D4
:102820001C1000200000000054F803209C4C0020E5
:1028300060100020680F0020B00F00202DE9F04F3D
:102840002DED028B037899B00446492B2AD14278AA
:1028500042BBB249B24BB348B34A09681B78066A17
:10286000CD051468002B40F0CD81DFF85093AF4BBD
:102870001F68AF4BD3F80080AE4BD3F800A002F036
:1028800063FE334605902A46AB480297CDF8049084
:102890000094CDE9038A02F0CBFE19B0BDEC028BA7
:1028A000BDE8F08F692B00F0A8810522A3492046DE
:1028B00002F056FE002800F0A881A149204602F04F
:1028C000BFFE0C90002800F0C1819E49204602F016
:1028D000B7FE0546002800F08F839B49204602F092
:1028E000AFFE002800F0D38309229849204602F069
:1028F00037FE002800F075859549204602F0A0FEBD
:10290000002800F09A8506229249204602F028FE0F
:10291000002800F0B08509228F49204602F020FEF1
:10292000002800F0008607228C49204602F018FE9D
:10293000002800F00F868A49204602F081FE002818
:1029400000F0B0838749204602F07AFE002800F0AC
:102950006B878549204602F073FE0546002800F08B
:102960008D8682490922204602F0FAFD01460028A0
:1029700000F01D8608227E49204602F0F1FD002865
:1029800000F0018607227B49204602F0E9FD05465A
:10299000002801F022807849204602F051FE0028EC
:1029A00001F0068007227549204602F0D9FD002873
:1029B00000F0848707227249204602F0D1FD0028EA
:1029C00001F08D8007226F49204602F0C9FD0028E2
:1029D00001F0088107226C49204602F0C1FD002861
:1029E00001F0F0802278234662B121465C2A01F191
:1029F000010500F025840D4603F8012B6A78691C57
:102A0000002AF3D1614F00263A681E70B24241F3AA
:102A100000815F4D40F2FF32DFF80CB12046D5F85F
:102A200000A0DBF80030DFF89891D21A09EB0A31E8
:102A300002F09AFDB0F10008296841F3E08009EB4B
:102A40000131544B4FEA4A10DBF80020195003EBD8
:102A50004A132046C3E9018202F0CEFD4FF48053B1
:102A600001464D4A204602F04FFE4B4A2968434634
:102A70004A4802F0DDFD4A492A684A4802F050FD02
:102A8000202002F0FDFD2B68464806EB832301362B
:102A900059F8231002F04CFDB045F1D1414802F045
:102AA00047FE2E683C680136013C2E603C60002CDD
:102AB0007FF4F3AE202221463B482C6002F0A4FDB7
:102AC00020222146394802F09FFD304602F044FDA5
:102AD00000287FF4E2AE02F04FFD041EC1F26F80C9
:102AE00002F006FD324F1823054603FB0477002849
:102AF00041F059803346224639462E4802F098FD6F
:102B000021463A462C4802F093FD2C46274A4FF0C6
:102B1000000825494FF000091E4B5AE0E000042050
:102B20008AE3042080EC0120B84C0020D44C002023
:102B3000BC4C00204CF7032070110020E011002055
:102B4000F0110020F813002098140020BC1400207D
:102B5000A4080020E8140020FC1400202015002008
:102B60003C150020EC160020FC1600201019002057
:102B70002C1900204419002078190020AC190020DD
:102B8000E4190020101A0020241A002068F70320FE
:102B9000E8060420F0EC0120000020206C1A002040
:102BA000941A0020A04C00206CF703208CF703201F
:102BB00008FF0320A41A0020181B00203C0C002052
:102BC0000040202043E90489106842F8044B41F892
:102BD000040BAE4203F1200305F10105F2DC30469F
:102BE00002F0BAFC00287FF458AE02F009FD01465D
:102BF000114802F01DFD11484AE26378002B3FF4B2
:102C000028AE52E6DFF8409031E6601D02F0C0FCCD
:102C100001460B4BB1F5007F0A48A8BF4FF4007185
:102C20000129B8BF0121196019B0BDEC028BBDE8C4
:102C3000F04F02F0FDBC00BFAC2F0020C82F0020D9
:102C4000B84C0020E81100204C0C002002F0FCFCE5
:102C5000B7EEC07AC84853EC172B02F0E9FCC74B1B
:102C60001C78FFF72DF884F00100FEF7EBFE00283A
:102C700040F01582002C00F02C84C149C14802F0BC
:102C8000D7FC2046FEF7DEFE0446002800F0B6839F
:102C9000BD4B4FF000084FF4807443F23905DFF864
:102CA00044A3BA4FDFF84093D3E90063360B46EAFA
:102CB000035602F07DFC0990013EB54B07FB0595DC
:102CC000D3F800B002F08CFC9AF800104FF4805357
:102CD0005A4659B94FF48050B5FBF6F106FB115135
:102CE00000900803090D02F0B3FC08B108F10108D7
:102CF000013CE2D102F05CFC099B9FEDA66AB7EEB5
:102D0000003BC01ADFEDA46ADFEDA45A07EE900A7B
:102D1000CDF80880A248B8EE677ADFF8D092DFF8E5
:102D2000D0A2C7EE067AB7EEE74A67EEA67A83EE40
:102D3000046B67EEA57AB7EEE77A53EC172B8DEDAF
:102D4000006B02F075FC04219648FFF72BFB06216F
:102D50009548FFF727FB02219448FFF723FB072143
:102D60009348FFF71FFBD9F80030002B15DD2646EE
:102D7000DAF80030002B16DD00252846013502F078
:102D8000FFFBDAF800309D4280F20E83B042F4D1AE
:102D90000136D9F80030B342EEDC002002F0F0FB3F
:102DA000061EC0F2858606EB4603824AD9F800105B
:102DB00070004FEAC3080D9202EBC303B1420A90C0
:102DC000099304DD7C4F3B68B34240F06883DFF831
:102DD00024B27721794F397002F0EAFB05464FF4AF
:102DE000801002F001FC02F0E3FB401BDFED694ABA
:102DF00007EE900ACDED0F4AF8EE677A87EEA46AE7
:102E00008DED0E6A02F0D4FB0B904FF4801002F0AF
:102E100003FC054602F0CCFB0B9BDDED0F4A08F1ED
:102E20001002C01A9DED0E6A0A9907EE900AB7EEDD
:102E3000C66A0D9B3144F8EE677A614803EBC10125
:102E40001344604A87EEA47A8978049552F82120C9
:102E500019460E939FED465B85EE064BB7EEC77A9B
:102E600085EE076B8DED004B8DED026B02F0E0FB04
:102E70003B78554A03EBC30302F5005103EBC30350
:102E80003B3302F8013F8A42A3F16303F9D10027E3
:102E900002F08EFB0546B846414608F500584FF44F
:102EA00000534A4A304602F093FBB8F5801F47EAC8
:102EB0000007F1D102F07CFB401B9FED367A07EE54
:102EC000900AF8EE677AC7EE877AB0EE678A02F06A
:102ED0006FFB002E0F90C0F222862D4B4FF4005551
:102EE000DFF8D4801968CDE90A7AA246099CD9F89E
:102EF0000020B24240F34586D8F80020B24219D0F3
:102F0000099102F055FB0746204602F019FBC8F86C
:102F1000006002F04DFBDBF80020C01B2C4F01329B
:102F20000999CBF800203A6812183A607A6842F1A1
:102F300000027A60274B1878274B02281A7800F095
:102F4000D781012850460CBF244B254B53F8223023
:102F50004FF400529847B5F5801F00F0D4810C4B18
:102F600005F50052AA4619681546C0E7AFF3008080
:102F70008DEDB5A0F7C6F03FF81100208AE30420DC
:102F80003C0C002010120020F0ED01200D6619000D
:102F9000780604200024744900007A440000803B35
:102FA000301200207C120020881200209412002091
:102FB000A0120020F8FE0320CC4C00208BE304205C
:102FC000AC12002098080020BF160120C016012076
:102FD000A8E7012091E30420C34F0020FC05002056
:102FE000480600208FE304205FF36E3CE0000420DD
:102FF00080EC012064F70320DFF8E892D9F8003074
:10300000834224DD9C4C9D4F9D4E14ED017A294650
:103010009C480135B7EEC77A8DED047B14F80C3C63
:1030200056F82330019314F80D3C56F823300093E2
:1030300014F80E3C14F80B2C57F823300292224659
:1030400002F0F6FAD9F8003018349D42DDDB8E49E3
:103050008E4A8F4B16680D681F6802F0F5FA8D4A8C
:10306000B7EEC00A8C4C3B46106829463246A4FB9A
:1030700000408A4C8DED000B8009246ACDE90340A5
:10308000874C88482468029402F0D2FA05E4864806
:1030900019B0BDEC028BBDE8F04F02F0C9BAFEF7E3
:1030A0000FFEEEE502F0D0FAB7EEC07A7F4853EC9F
:1030B000172B02F0BDFA7E4A00200021002392F86F
:1030C0000080CDE91401CDE9160112931393B8F1F4
:1030D000000F04D0FEF7B6FC002800F0E48412AB29
:1030E00014AA4FF000500021FEF756FD002800F012
:1030F000BB84DDED127A6F48B7EEE77A6E4DDDE9FD
:103100001423CDE9003253EC172B02F091FA00237F
:1031100001202B70FEF796FC002800F0B38467486E
:10312000FEF77AFA664B16AA0021D3F844904FF0C6
:1031300000509C6A13AB0A9209930B94FEF72CFD86
:103140009DED137A5FFA89F1C9F30422C4F30233C7
:10315000B7EEC77A002800F08C84DDE91674DDE94B
:103160001460844208BFB74200F0088555480290B9
:1031700055488DED007B02F05BFADDE91602DDE9D2
:1031800014139A4208BF884200F0F4849FED4F7AEE
:103190004FF0000ADFF850B11024494FD446CE4614
:1031A000CDF830A00426DFF8449153460F95320243
:1031B000B442B0EE478A464DE2460E92CDF834E076
:1031C000CDE91098994631D30D9B4FF000500E9ADF
:1031D00000217B640B9BBB627B6C95F800806FF3D6
:1031E0000C03134323437B64BB6A23F4E04343EAA9
:1031F0000833BB62DDE90932FEF7CEFC002840F05F
:103200000581344A434621463348029232469FEDB7
:10321000187B8DED007B02F00BFA304802F008FAC3
:103220000120FEF70FFC002800F02C8401352C4B08
:10323000AB4200F0C3809BF80040B442F6D3C3E732
:10324000487800283FF4D7AB6E2800F043847428F8
:1032500000F03B845C283FF4CFAB184600F8022B0B
:103260004A785A700346FFF7C9BB00BFAFF300802E
:10327000000000000000000008FF03209808002064
:103280007807002058140020E0060420E4060420FB
:10329000C006042064E30420D34D621080EC0120BA
:1032A000B84C002000140020A01400204815002075
:1032B0008AE304209C15002093E30420E0150020FD
:1032C00000002C40E4100020301B00200000000013
:1032D000144100202C160020F8150020381600207C
:1032E00017410020E00004201C410020184100206C
:1032F000BD4B504653F822304FF400529847B5F575
:10330000801F7FF42CAEDDE90A7A02F051F90C9BA4
:10331000DFEDB64AB7EEC86A1F430F9B0E99C01A7D
:10332000029707EE900AB248F8EE677A9FEDAA5B23
:1033300087EEA47AB7EEC77A85EE074B85EE067B5B
:103340008DED004B53EC172B02F072F9DAF82040A8
:1033500000220023B4F5806F14A9DBF80050A8BF49
:103360004FF48064CDE91423CDE91623002213AB7A
:103370002046139216AA02F0FBF8002800F0AC8059
:1033800002F03EF901469B4802F052F902F05CF966
:10339000B7EEC07A984853EC172B19B0BDEC028BEE
:1033A000BDE8F04F02F044B9B0427FF4FCAC013606
:1033B000D9F800209642FFF6DDACEEE44B468F4A8A
:1033C000DDF84090B0EE487ADDF84480D4464A45B6
:1033D000DDF834E000F0CE8019F8016F9BF8004072
:1033E000E5E604F1090002F0D3F8011E844B18BF92
:1033F0000121844817E4844802F01AF9834984487B
:1034000002F016F9834B1C70FFF747BADDE914028E
:10341000DDE916139DED136A9A4208BF884210D069
:10342000B7EEC66A7C4A43462146029232467B4842
:103430008DED006B02F0FCF8F8E6794A10707948DF
:1034400026E6B7EEC66A784B3246214602934346DB
:1034500072488DED006B02F0EBF8DDED137AF4EEBF
:10346000C87AF1EE10FA7FF7E1AEB0EE678AC24695
:10347000B1460C94DAE66D49A01D02F03DF8054610
:10348000003818BF0120FEF7DDFA04460028B2D04C
:10349000002D00F0D48165496548FFF7C5BB02F0F7
:1034A00087F80546099802F04BF83E6002F080F874
:1034B0006049401BDFF8C0B10B681B180B604B68FC
:1034C00043F100034B60DBF800300133CBF80030F0
:1034D0007FE45649FFF7D2BB02F052F805EE904A5E
:1034E000DBF8003000EB4000B8EEE55B0D995B1BAC
:1034F000224601EBC00113980793069010314E4805
:103500009DED166B9FED367BDDE914458DED026B6D
:1035100026EE077BCDE9004587EE056B8DED046B4C
:1035200002F086F832E704F1090002F031F8434B6B
:10353000011E434A1B7818BF01211160002B00F0C7
:103540007A81404A404819B0BDEC028BBDE8F04F8B
:1035500002F06EB8E01D02F01BF8384B011E3B4A2A
:103560001B7818BF01211160002B00F06681354ADD
:103570003748E8E79A46374B0F9D5B4500F061817D
:103580001BF8014F0EE6344904F1080001F0B4FFC6
:10359000002800F04D82294B0121304A1B78116030
:1035A0002D49002B40F042822D4A2E48CBE70A22BB
:1035B00004F1090002F02CF8082801462A4BA8BFA4
:1035C00008210028294821EAE171CCBF284A294A6C
:1035D0001960B8E7AFF300808DEDB5A0F7C6F03FF6
:1035E0000000000000408F40940600200024744931
:1035F000F812002044130020E01300201A4100209C
:10360000D84C0020C8140020F0140020CC0D00205D
:10361000140E00208CE30420E4100020F815002094
:103620008FE30420D4140020E01000204C0C002074
:103630007C270020A8E70120641300208AE30420EF
:10364000D44C0020C80B002008150020BC4C0020E2
:10365000281500201F41002000170020C806042064
:103660002011002038190020B04C00201C19002027
:10367000803E0020EC10002064F7032001F0E4FFFE
:10368000B7EEC07AB24853EC172B01F0D1FFB14B23
:103690001B78002B00F0CA82AF48002200230021D3
:1036A00090F800901291CDE91423CDE91623B9F1D9
:1036B000000F05D02846FEF7C5F9002800F0BE82AD
:1036C00014AA4FF00050002112ABFEF765FA002853
:1036D00000F0A782DDED127AA048B7EEE77A53EC4E
:1036E000172B01F0A5FF0120FEF7ACF9002800F030
:1036F000A08216AA12AB4FF0005000210A92FEF7EA
:103700004BFA98B19DED127ADDE91413DDE916024A
:10371000B7EEC77A9A4208BF884291480CBF914BD6
:10372000914B009353EC172B01F082FF8F4C13AB9E
:10373000DFF8788204F1380A0993002312AA0A9963
:103740001393099BD4E900673046C8F80070FEF770
:103750003FFD002800F071819DED127ADDE9141320
:10376000DDE91602B7EEC77A9A4208BF88423A46A8
:1037700031467F480CBF7B4B7B4B0293139B8DEDF7
:10378000007B039301F054FF08345445D5D1794CA4
:103790004FF40043784D8027C8F800301026D4F845
:1037A00044B04FF00708A36A05F1090A0B93002300
:1037B00012AA0A994FF480301393636C6FF30C03D1
:1037C0003B4343EA06236364A36A23F4E04343EAEA
:1037D0000833A362099BFEF7FBFC0B9BC4F844B0C3
:1037E000A362002800F0B8819DED127ADDE9141380
:1037F000DDE91602B7EEC77A9A4208BF8842324620
:1038000039465E480CBF574B574B8DED007B0293FA
:10381000434601F00DFF554500F086812E790335B2
:103820002F7895F80280C2E719B0BDEC028BBDE895
:10383000F04FFEF74DBB524A84E6524A98E6524991
:103840002AE60C99B7EEC87A4A480B9BC0F844E0C8
:103850008362002900F01D814C4B012452461970EF
:103860004B4B83F800A04B4B83F800C0436C2C708B
:103870006FF30C030B4343EA0A234364836A23F484
:10388000E04343EA0C338362634643488DED007B9B
:1038900001F0CEFEB8F1000F05D14046FEF7D2F898
:1038A000002800F0008101F0CFFEB7EEC07A3B485F
:1038B00053EC172B01F0BCFEFEF7EFBF07340A22D2
:1038C00013A9204601F010FF0A2214A907461398F5
:1038D00001F00AFF0A2216A90546149801F004FF18
:1038E0001699DDE91362B31A18BF0123B44218BF59
:1038F0000133914218BF0133032B0CD17B1E7F2B68
:1039000009D845B11F2F3B4628BF1F239D4202D82F
:10391000072840F2F680104A0023214D10782B70C2
:10392000FEF790F80446002800F0BB80174C184EB4
:10393000184F2B78002B00F0B2801A493D7833786D
:1039400022781948009501F073FEFEF7A6BF00BF6C
:103950000817002098E304208AE30420A017002021
:10396000D4170020E0100020E41000207C4000204C
:103970004018002000002C40B4400020B418002063
:10398000A4100020C41000203C0C00208EE3042072
:1039900090E304208DE3042068160020D416002054
:1039A00093E304204C110020C4190020B44C0020E3
:1039B000A54B1B78002B6AD0A448FDF72DFEA44828
:1039C000A44B0478A44AA5491B7812780978A44826
:1039D000009401F02DFEFEF760BF01460A22E01DB3
:1039E00001F082FE831E0E2B15D801389D4B9E4C94
:1039F000C0B21B78207013B101F062FE207801F094
:103A00001BFE01F0A1FD994B01469948DA6AC2F309
:103A10000312013297E58C4A934B10781D70FEF724
:103A200011F804460028ECD19248E5E4924ABCE53E
:103A3000924B9349904A1860B7E592483A4631460E
:103A400001F0F6FD0120FDF7FDFF00287FF49CAE9C
:103A500006468D4801F0ECFD8C498D4801F0E8FDEB
:103A60008C4B1E70FEF719BF8B4801F0E1FDFEF78D
:103A700014BF8A488DED007B0290894801F0D8FD83
:103A8000FFF784BB874801F0D3FDFEF706BF8648E9
:103A900093E7864853EC172B01F0CAFDFAE68449F8
:103AA0004CE78448A8E4844801F0C2FDFEF7F5BE67
:103AB0001822824BDFF858B202FB06F872000D9311
:103AC00043440A920993FFF784B9092203F8012BB2
:103AD000FEF794BF0A2203F8012BFEF78FBFE01D0B
:103AE000774C01F001FD7749634A8142764BA8BFCC
:103AF00001460028D8BF2246744821EAE1711960C6
:103B000021E5554C0123534E27703570504F534DCE
:103B100038702B7001F0DCFC0BE7DDE90A7A4FF01E
:103B2000FF330C93FFF7F1BB4E4B1B780BB101F049
:103B3000C7FDB9F1000F04D14846FDF783FF002807
:103B40007CD001F081FDB7EEC07A614853EC172BB1
:103B500001F06EFDFEF7A1BE5E484346324639468F
:103B600001F066FD0120FDF76DFF00287FF453AEE4
:103B7000064671E79DED137AFFF70ABB5648FFF73B
:103B8000F6BAB5F5801FC8D0B5F57E2F05F5005AF9
:103B9000C3D0524B05F5804219684FF0FF331546EC
:103BA0000C93FFF7A4B901F02BFD394603462246DA
:103BB0004B4801F03DFD21464A48FFF735B84A48D9
:103BC000FFF766BAE01D002401F0E2FC0828014678
:103BD000464AA8BF0821464B464821EAE1711460D5
:103BE000FFF721B8E01D01F0D3FC041E18BF01242B
:103BF000204601F08DFC21463F48FFF715B83F48AD
:103C000001F016FD3E4801F013FD3E602E60FEF708
:103C100044BE204619B0BDEC028BBDE8F04F01F068
:103C20005FBC384801F004FDFEF737BE3648FFF7A9
:103C30002FBA154801F0FCFCFEF72FBE334801F007
:103C4000F7FCFEF72ABE00BF8AE3042048110020DB
:103C50008DE3042090E304208EE3042093E304200A
:103C60008419002092E3042094E3042000002C40F7
:103C70005C1900204C190020803E0020C80604205A
:103C80009027002000180020B4170020CC0D002041
:103C9000140E00208CE30420801500202C16002038
:103CA000301B0020C0150020F0270020A4160020A3
:103CB00050110020B419002060150020F8FE0320E8
:103CC00058110020A08601004CF70320EC190020B9
:103CD000F818002088180020E01000207806042042
:103CE000BC2E0020F42E0020A82E0020E806042080
:103CF00068F703202C1A0020181A0020381A002018
:103D0000342B002084170020201700206417002087
:103D100064F703207C497D4B0A682DE9F04F42F09F
:103D2000020205242DED028BF9B00A60DC665C67A7
:103D30009C67DC67C3F88040C3F88440C3F88840C0
:103D4000BFF34F8F0121022001F046FC0121032027
:103D500001F042FC0121042001F03EFC204601213B
:103D6000302401F039FC6A4B4FF48072C3F8842090
:103D7000E0B20134012101F02FFC372CF8D1644B63
:103D80004FF0E020634A40F2EE271C68624922436C
:103D9000624E634C1A605A68DFF8C08142F07D526F
:103DA0005A60D0F8FC3D43F08073C0F8FC3D0B68CE
:103DB00043F001030B605B4B1D6801F069FC237845
:103DC000002B00F099833378DA0740F19583554B47
:103DD0001B68D8F800209B1A0E2B40F28D83514BA4
:103DE00041F287354D4F1E68DFF8708101F050FCBD
:103DF00023780A20002B00F08B833B78DB0740F10F
:103E00008783484B1B68D8F800209B1A0E2B40F282
:103E10007F83C820DFF848B101F026FC424801F05A
:103E200007FC424801F004FC414801F001FC414814
:103E300001F0FEFB404EDBF8004001F005FCB7EE60
:103E4000C07A3E48A6FB0431002453EC172B890CA2
:103E500001F0EEFB3A4801F0EBFB46A8469401F076
:103E600063FB384B469A9A4240F26E83364B00F51C
:103E70008032DFF8F0A0186000F5D630334B244DC7
:103E80001A60334B1860334801F0D2FB324B0D946B
:103E9000214C08930023CDE94633089B1B88ADF8DD
:103EA0002830DBB2002B00F03F83012B00F0FC83B5
:103EB000174A4FF08071022BC2F884104FF4800132
:103EC000C2F884104FF48071C2F884104ED1BDF84E
:103ED000281011F4807FC1F307234FF0100140F048
:103EE0003E839807C2F88810094A4FF0200140F13C
:103EF0003E8313F0040FC2F88410054B4FF04002CC
:103F000000F03E8330E000BF00402A4000801F40A8
:103F100000C0004200014001001000E0A1E30420C5
:103F2000A2E3042064E30420E81B0020341C0020EA
:103F3000741C0020B01C002083DE1B43081D0020E1
:103F4000201D0020FFD6010078060420ACF70320D6
:103F500050F803206C1D0020C040002074E30420B2
:103F60009C4C002070420020C3F884204FF00508CC
:103F70006168DBF80020A6FB0232920C02EB8202A1
:103F800063685B1A9A42FBD80121352001F024FBBB
:103F90004FF0007301213220C5F888304FEA08192C
:103FA00001F01AFB4FF0805301213620C5F8843010
:103FB0000AEB081801F010FB4FF0005301213420E8
:103FC000C5F8843001F008FB0121312001F004FB29
:103FD000D8F80C305AF80920C2F888306068DBF84D
:103FE0000010A6FB0131890C63681B1A9942FBD8AB
:103FF0004FF080604FF000614FF080574FF0005855
:104000000992C5F88400C5F88410C5F88470C5F815
:10401000848001F045FB4FF080604FF00061C5F8EF
:104020008400C5F88810C5F88470C5F8888001F050
:1040300037FB0AEB0901099AC968C2F88410C5F870
:104040008470C5F884806068DBF80010A6FB01313D
:10405000890C01EB810163681B1A9942FBD80AEBBA
:104060000903DB68C2F888306168DBF80020A6FB32
:104070000232920C63685B1A9A42FBD8662001F008
:104080009FFA0AEB09035AF80900DB68C0F884308C
:104090006168DBF80020A6FB0232920C02EB820280
:1040A00063685B1A9A42FBD80AEB0903DB68C0F825
:1040B00088306168DBF80020A6FB0232920C63684E
:1040C0005B1A9A42FBD80AEB0908992001F078FAAA
:1040D0005AF80930D8F80C200220C3F8842001F0E7
:1040E000C3FAD8F80C205AF80930C3F88820616860
:1040F000DBF80020A6FB0232920C63685B1A9A423E
:10410000FBD89F200DF2171801F05AFA002001F099
:1041100057FA002001F054FA002001F051FA002172
:10412000312001F059FA082200214FF00070C5F843
:104130008400AB68D4F804C0C3F3C063DBF800703C
:1041400043EA4101A6FB0737BF0C6368A3EB0C03EE
:104150009F42FAD8C5F88800D4F804C0DBF8007094
:10416000A6FB0737BF0C6368A3EB0C039F42FAD88A
:10417000013ADCD10DF21F1308F8011F9845CED18A
:104180000AEB09025AF80930C948D268C3F88420FA
:10419000C84B6168DBF80020A3FB0232920C02EBF3
:1041A000820243685B1A9A42FBD8C34B4FF080727D
:1041B0004FF03008C3F884204FF48002C3F8842005
:1041C0004FF48072C3F884205FFA88F008F1010888
:1041D000012101F001FAB8F1370FF5D1089BB64A79
:1041E000D3F80480536843F07D5353609DF8183131
:1041F0000D2B00F033829DF819214146AF48009203
:10420000AF4A01F015FA089BAE4A0833934208936F
:104210007FF440AE0D9CAC48214601F009FA4FF402
:104220008061AA4801F004FA002C00F03985DFF81B
:10423000C4A20124DFF8B882CDF824A0CDF848A0AC
:104240004FF0000AA24FA34DCDF84C80A24B0022A4
:10425000CDF840A01C70A14B0E920C93099B1194B9
:10426000103BCDE90A239E4B0893089B46AEDDF830
:104270002CC041F2120E93F800801024BCE80F000D
:104280000FC69CE803000A9B86E803008DF81A31EC
:104290004FF00F0346A88DF81E81ADF81CE10026F3
:1042A0008DF81B3101F04CF903E00136132E00F0BC
:1042B0009B814FF00F032C603B708A4B1E7001F006
:1042C00063F90028F1D08146B2464FF0000805E0BE
:1042D00008F10108B8F1130F00F0B281814B444698
:1042E00087F8008083F800A010232B6001F04CF9C0
:1042F0000028EDD0B8F10F0FA8BF4FF00F0808F15C
:1043000003030F2E774A8DF81B314FF05200A8BFE0
:104310000F263B708DF81F41F31C8DF820A1137000
:104320008DF81C3110232B6001F0A6F906465720AA
:1043300001F0A2F9CDF83C908642A8BF06468DF860
:104340001D61082646A85A4C01F0FAF84FF4801077
:1043500001F04AF94FF48010D4F804A001F05CF9A0
:104360006468002840F00F81DBF800904FF00108EE
:104370004F4B4FF4801008F101085B6801F04CF9D5
:104380004B4B5B68002840F0FE80B8F1040FEFD182
:1043900007EE909AA4EB0A09534A06EE909AB8EEFB
:1043A000677B9DF81C31B8EE666B099952F8233093
:1043B0004E4886EE075B02939DF81B310F9C52F826
:1043C00023309FED377B01939DF8203152F8233045
:1043D00000939DF81F3152F823309DF81E2104925E
:1043E0009DF81D2103920C9A126887EE056B9FEDD4
:1043F0002E7B86EE077BF7EEC78BB7EEE86ACDED36
:10440000498A8DED066B01F013F90E9B002B00F02D
:104410001A81F4EEC88AF1EE10FA00F31481F0EE7E
:10442000488A0A9B002B40F03784DDE910A4DDF8B0
:104430002CE014AECDED178AF4460FCEACE80F0099
:1044400096E8030000268CE80300704601F078F837
:104450004FF4801001F0C8F84FF48010013601F0DD
:10446000DBF8002840F0DF82062EF5D10AEB4A0681
:104470001F4BDDF82CC00AF1010A03EBC606BCE8AD
:104480000F000FC69CE8030086E80300099B183361
:1044900009930D9BA34200F017810134D6E600BFBB
:1044A00000000000000030410000000080842E4128
:1044B000001000E083DE1B4300C00042E41D00202A
:1044C000DC1D002010410020081E00201C1E0020C2
:1044D000C44F0020C04C00208BE30420980800202B
:1044E00010410020C34F002078070020AC1E0020A0
:1044F000E8FF0320F8FF0320B74B1B6822785B1B03
:104500007AB1B3F5FA6F3FF66AAC01F0C1F854E442
:10451000B14B1B689B1BAB423FF67BAC01F0A4F890
:1045200064E4BB42F1D95AE4AC4B4FF080724FF0D7
:104530003008C3F884204FF48002C3F884204FF47D
:104540008072C3F8842013E5A549A64801F070F8ED
:10455000A54B1C7079B0BDEC028BBDE8F08F9807BD
:10456000C2F884109D4A4FF020013FF5C2AC13F011
:10457000040FC2F88810994B4FF040027FF4F4AC5E
:10458000C3F88820F2E4994A01469DF81C31984806
:1045900052F8233000939DF81B3152F823309DF8D8
:1045A0001D2101924FF4806201F042F89DF81C3108
:1045B0009DF81B21112B3CD80133DBB28DF81C3147
:1045C0003A7052208B4A137010232B6001F054F87C
:1045D0000446572001F050F88442A8BF0446013E2B
:1045E0008DF81D417FF4AEAE089B834A01339A4299
:1045F00008937FF43AAE0C9A4FF4806309991268DD
:104600007E4801F015F80A9B0C9A01330432DBB2A4
:104610000C92032B0A937FF426AE0E9ADDF840A08D
:10462000119C002A40F006820999754801F000F8B3
:104630002CE7112AD8D80132D2B28DF81B21BFE75E
:1046400012230F245DE60DF58C7C14AEBCE80F0040
:104650000FC69CE8030086E80300E2E69DF81921F6
:104660005D2A7FF4C8AD414666480092664A00F074
:10467000DFFF0D9F654A002107EB470C434602EB25
:10468000CC0042F83C10C0E90111C0E903114161BE
:104690001030BDF8281022F83C1006215C4A01F0C9
:1046A00017F87B1C0D93AEE54C4B4FF080724FF02A
:1046B0003308C3F884204FF48002C3F884204FF4F9
:1046C0008072C3F8842053E45446DDE912A8002C1C
:1046D00000F0E682012C4FEAC40643D04346DFF8DF
:1046E00048B1A04601271C46CDE9096AD9463E4695
:1046F000089799ED007AABF1240C5BED067A46AF92
:10470000A9F10C05E646B4EEE77A0136F1EE10FAAF
:1047100019DD0DF58C7ABCE80F000FC79CE803008B
:1047200087E803000FCDAEE80F0095E80300A9F17C
:104730000C0E8CE80300BAE80F00AEE80F0097E813
:10474000030085E80300464509F11809D1DB089FFD
:104750000BF1180B01374745C8D123464446DDE924
:10476000096A98463246002621462A4800F060FF32
:104770009FED178B4046184F00F0E2FE06F1400314
:10478000254A4FF400003D680136137000F02CFFFD
:104790003B6808F11001214808F118085B1B07EE7F
:1047A000903AB8EE677B87EE087B53EC172B00F04E
:1047B0003FFFA642DED10027DFF87090DFED188AB8
:1047C0009FED188ADFF86880C9F8007041E000BFEB
:1047D0000000000000408F4064E3042000C000425D
:1047E000A81D0020140E00208CE304207807002070
:1047F000701E0020C34F002012410020181F00200F
:104800007C1F0020E41D0020001E0020E8FF032084
:1048100014290020941F00208BE30420F01F0020A7
:1048200000007A44BD3706410C000420E00004205B
:1048300054250020CDE9040851468B488DED026BCC
:104840008DED007B00F0F4FE01370AF1180AA74253
:1048500040D0AAF11006304600F072FE834A07F1FC
:1048600040034FF400001370814B1D6800F0D4FE2C
:104870007F4B804A1B685B1B07EE903A1AF80E3C90
:10488000F8EE677A52F8232087EEA87A88EE076A56
:10489000B7EEC77AB7EEC66A0028CBD1764B514641
:1048A000049005937048754D8DED026B8DED007B86
:1048B00000F0BEFED9F8003003EB4302013305EBF4
:1048C000C205C9F800300FCE0FC596E8030085E891
:1048D0000300B9E7D9F80010CA05694B4FF0FF3063
:1048E0001860684800F0A4FED9F80030012B40F3AE
:1048F000A480654F4FF0FA080126644D07F59269D0
:10490000634800F095FE06F00104FF234846214667
:1049100087F8C84487F8BC3400F09EFE4846C7F8C4
:104920008C9400F0D9FE002856D10123D7F88C14BE
:1049300038461A4600F0E0FE00284DD0002C70D119
:10494000544CD7F88C0400F053FE224631460346FF
:10495000514806F0010600F06BFE504D012350480F
:104960002B70504B1E70FCF757FEFCF775FE04468B
:10497000002864D0FDF7ACFA4FF0806400F018FE18
:1049800000268046DFF844A14FF4803908E014F592
:10499000803446F1000604F17A43334300F09C80F2
:1049A000414B1F6800F01CFE4FF4803320463A460E
:1049B0009AF8007031462FB9CDF8009000F048FE0B
:1049C0000028E4D000F0F4FD3849394800F030FE0A
:1049D000384B00221A70BDE5D7F88C04F4B90028D2
:1049E00000F03A812B4C03685B6B98478246D7F8FE
:1049F0008C0418B103689B6B9847C0B2314653468C
:104A00002246009001362C4800F012FE404600F08D
:104A10002BFE092E26D008F1FA0874E7B0B12C4617
:104A2000E1E71A4C8DE7024633460999234800F026
:104A3000FFFDF9E5F0EE488AF9E42149C5E721498F
:104A40001B4800F0F5FD1B4B1C7083E531462A2303
:104A50000E4A01360090184800F0EAFD404600F08A
:104A600003FED8E71849B0E7102500208BE30420A7
:104A700064E3042098080020803E0020F8FE032014
:104A8000CC4C002010200020B0E70120C80B0020F3
:104A900094200020D40B0020A020002092E30420CA
:104AA000CC2000208AE304207806042090210020F6
:104AB000140E00208CE30420D4200020401F00208E
:104AC000342000206C2100201C2100208FE30420D2
:104AD00000247449BD37064200F06AFDA0EB0800CF
:104AE0001FED057A07EE900A1FED066A7448F8EE8E
:104AF000677A744CC7EE876A86EE267AB7EEC77A75
:104B00008DED007BB7EEE67A53EC172B00F090FDAD
:104B10006D4800F08DFD6D4BC82214A920461E681B
:104B200000F09EFD694B1B689B1B0646684807EE1C
:104B3000903A684BB8EE677B1B689FED5F6B029302
:104B4000654B87EE067B1B680193644B1B680093E3
:104B500053EC172B00F06CFD002E40F09680636C38
:104B60005F480493E36903936369029323690193A4
:104B7000E36800932168D4E9012300F059FD594806
:104B8000D4E91A2300F054FD5748D4E90E2300F06D
:104B90004FFDD4E91813002B75D0544A544800F047
:104BA00047FDA06DA16CE26CE36D276AD4E914CED9
:104BB000002856D04F48CDE902E0CDE9007C4E48B0
:104BC00000F036FD2368002B28DD4FF00008C821D7
:104BD0000DF58C7ADFF854B1DFF85491474F07E0B8
:104BE000BF2E1BDC46ABC6F1C801BB4603EB060A71
:104BF0004046089100F0C4FC5B4600EB4002089977
:104C0000504608F1010809EBC202103200923C4AFA
:104C100000F05EFD236806444345E1DC46A93948BF
:104C200000F006FD384A01212B7811700BB100F01D
:104C300047FD364800F0FCFC47F23051344800F0A4
:104C40006BFC80B13248FDF7F9FD2B78002B3FF467
:104C500081AC00F035FD7DE420464FF02A0A2D4C52
:104C6000CCE62D48A7E72D4E294C0FCE0FC496E871
:104C7000070003C4204600F8182900F031FC2B7807
:104C8000002BE6D166E4264A88E714A9254800F0FF
:104C9000CFFC1D4B1F705DE4B0EE688A0E94B2E449
:104CA00000222148DFF88C90114600F0C1FC002260
:104CB0001146C9F8002010E60000000000408F40B7
:104CC000B421002080EC0120E821002064E30420CE
:104CD00050220020C0060420E4060420E006042040
:104CE000A822002004230020242300206C1B002085
:104CF00054230020B41B0020E82300204809002092
:104D0000A0240020882400208CE30420A824002074
:104D1000100F0420D40B0020CC1B0020F424002012
:104D20008C1B0020140E0020941F0020803E0020C9
:104D3000F8FE0320E0000420294A00210123C2F8E4
:104D4000A000C2F8A410C2F8B0305369D907FCD54E
:104D500001234FF4803C22495361C2F8A000C2F8FD
:104D6000A4C0C2F8B0304B69DB07FCD501234FF477
:104D7000003C1B4A4B61C1F8A000C1F8A4C0C1F8B7
:104D8000B0305369D907FCD50123DFF858C0144966
:104D90005361C2F8A000C2F8A4C0C2F8B0304B6999
:104DA000DB07FCD5D1F8003145F60D504FF0210C52
:104DB0009AB2C1F814C0824210D045F69D518A4281
:104DC0000AD1C3F34253032B08D0A3F10403B3FA6F
:104DD00083F35B0918017047002070470820704773
:104DE00000402A4004000300704700BF704700BF26
:104DF000704700BF00BF70474FF0E02300214FF025
:104E0000100C3448C3F8941DC3F89CCD4FF0110C1E
:104E1000C3F8A00D3048C3F89CCD4FF0120CC3F876
:104E2000A00D2E48C3F89CCD2D4AC3F8A00DDFF885
:104E3000D0C042F015022B48C3F89CCDC3F8A00D9A
:104E4000DFF8C0C02848C3F89CCDC3F8A00DDFF838
:104E5000B8C0C3F89C2D2548254AC3F8A0CDC3F897
:104E60009C0DC3F8A02D02F5A022DFF8A0C00C32E3
:104E70002048C3F89CCDC3F8A02D1F4AC3F89C0D51
:104E8000C3F8A02D02F14062DFF884C002321B4853
:104E9000C3F89CCDC3F8A02D0A32C3F89C0DC3F80B
:104EA000A02D00BF00BF00BF00BF00BF0122C3F89C
:104EB000942DBFF34F8FBFF36F8FC3F8501FBFF315
:104EC0004F8FBFF36F8FD3F8142D42F44032C3F8E5
:104ED000142D70473F00001025000807090010003E
:104EE000E0E304202100020725000813160020201B
:104EF00027000B13180000602F000B071A0000801A
:104F000013002000140000200900001017000040CA
:104F10001900007030B5864B85B0DFF874E21822B6
:104F2000844D0120C3F85CE28349C3F86052A5F5C3
:104F30008055DFF860C2814CC3F864E2C3F8685260
:104F40002125C3F86CC2C3F870C2C3F874C2C3F899
:104F500078C248F20C7CDA661A675A679A67DA6791
:104F6000C3F88020C3F88420C3F88820C1F82C033C
:104F7000734AC1F83003C1F83403C1F83803C1F8EB
:104F80003C03C1F85003A1696E4B0A406E486F495B
:104F900013436F4AA361D4F8843043F00C03C4F880
:104FA00084304FF0FF34036843F00203036003686A
:104FB00003EA0C031A43674B026044608A68664C3C
:104FC0001340664A43F000538360C36823F07803BC
:104FD000C360036A23401A43604B0262026A2240A4
:104FE0005F4C1343002243628462C46240F2056452
:104FF000D1F8B83023F03F0343F00103C0F8B830D4
:10500000D1F8BC30574923F03F0343F00103C0F807
:10501000BC3002610567C0F880404567C0F8844035
:105020000224036823F00203036081614E4B4F4961
:10503000C46143F8042B8B42FBD1434C236843F0FB
:1050400001032360256815F00105FBD145480222C4
:1050500040F2F561A06140F29940E26140F266429F
:10506000C4F8001242F20141C4F81022404AC4F8C8
:105070002002C4F8302240F23542C4F834123D48D0
:10508000C4F840223C4AC4F850022846C4F85422CE
:1050900042F201223949C4F86012C4F86422FFF7D1
:1050A0004BFE0246002839D0810201234FF48020B4
:1050B00021662549C4F8A050C4F8A400C4F8B03053
:1050C0004B69D807FCD515050124039228464C618D
:1050D000FFF732FE039A2A4B0244D2B21A7080B113
:1050E000194980024FF4802348660846C1F8A05051
:1050F000C1F8A430C1F8B0404369DB07FCD50123F7
:10510000436120490024204801230094401A00EB09
:1051100002521E4800F0F8F905B030BD1B4B18498B
:1051200018600870D860C3E9010005B030BD00BF49
:1051300000801F40F910010000841F4000C00F4094
:10514000FFFCFF1F0003008000402A4000802A402F
:105150001200FFFFFF37F70000FFF07C40000080E7
:10516000FF000F83F05AF05A00422A4000432A40C1
:105170009F041830EB06180A063201263806180A72
:105180009AE304200000007000000070B4CB0420FB
:10519000F9B00100F970010010B5174A4FF48054BE
:1051A0004FF4005E4FF4404C4FF4803043F2420124
:1051B000136913F0020F0DD113F4005F0FD013F435
:1051C000805F0FD0002BF3DA13F4803F0CD15B0625
:1051D0000ED510BDC2F818C050619161E8E7C2F861
:1051E00014E0E5E75461E3E74FF480339361DFE7D0
:1051F00040235361DCE700BF00800D40414A03209B
:105200004149F3EE095AD2F880309FED406A23F00D
:1052100001039FED3F5ADFF814C100B5C2F880309A
:10522000C2F89000D1F8E010DFF804E1CBB23948C1
:10523000CEF8003007EE903A0B0DC1F30B21F8EEDB
:10524000E77A06EE903A07EE101A334BB8EEC77ABB
:10525000CCF80010F8EEE66A304937EEC66A37EE51
:10526000C55A76EEC76A77EEE57A26EE266AC3ED72
:10527000006A25EE265AD2F8803067EEA64AC0EDC5
:10528000007AC6EE275A264885EE276AC4EEA76A3A
:1052900075EE875AFCEEE55A36EE076A15EE90CAAF
:1052A000BCEEC66A43EA0C5376EE877AC2F88030C9
:1052B00016EE103AD2F890C1FCEEE77A01EA03410B
:1052C00041EA0C014FF0000C17EE903AC2F8901131
:1052D000C3F30B03D2F890110B431249C2F890317B
:1052E000D2F8803043F00203C2F880300E4B80F8D1
:1052F00040C0C1F840314FF0E0230122C3F808213B
:1053000000BD00BF00810D4000441F400000AA42C4
:105310000000B44254E3042058E304200000FF0FCF
:1053200000E400E000500020E1D601004CE304203E
:1053300050E30420314B40F6617210B5C3F82021D0
:1053400040F2044400F0C8F82D4A2E49D2F88030CB
:105350002D4843F00303C2F880302C4BC1F8604164
:1053600002681A4203D1D1F8A8319A071BD0254A06
:105370004FF00041244B5963D2F8403143F002030F
:10538000C2F84031D2F840319B07FBD44FF40030D3
:105390004FF0E0211C4B4FF00042C1F88C02192065
:1053A0009A6300F061F9184B0021164C4FF08042CF
:1053B0000A209A634FF420721960C4F8A8011448B7
:1053C00000F022F94FF4800203464FF4810040F2CE
:1053D00043111860C4F858311A640E4B0E4AC4F8D1
:1053E0004811C3F804224FF0E0224FF400310123AA
:1053F000C2F80C11C4F8403110BD00BF00800D4050
:1054000000C00F4000002E4000900D40001C1E0008
:105410000000002000500020E5D8010008B50E4B28
:105420001B6E9B0700D4FBBE72B60C4B00200C4ACF
:10543000C3F8400103F160430A49A3F55F231164F7
:105440009D46BFF34F8F4FF40013074A0748DB69AF
:1054500002609B68984700BF00441F4000002E4038
:1054600000C00A4003002000000012EB0080202052
:105470000F4B40F2376C0F4AA020D96E41F44031F7
:10548000D966D96E41F44071D966C2F844C09064BF
:10549000936C1B06FCD4084A40F23761A023516488
:1054A0009364936C13F08003FBD1044A137070472C
:1054B00000C00F4000400C4000800C4099E30420E5
:1054C000F8B500BFF8BC08BC9E467047000000005D
:1054D0005FF800F0555800005FF800F051E001005F
:1054E0005FF800F095B400005FF800F095F201005D
:1054F0005FF800F05D5C01005FF800F02109020038
:105500005FF800F055A701005FF800F015EA010010
:105510005FF800F0B97201005FF800F08D3F000005
:105520005FF800F059CE01005FF800F05153010020
:105530005FF800F00DCE01005FF800F02D83010050
:105540005FF800F0A1B500005FF800F06D1B0000EF
:105550005FF800F0D50500005FF800F071A90000C9
:105560005FF800F0610502005FF800F09954010057
:105570005FF800F0555E01005FF800F04553010050
:105580005FF800F0315C01005FF800F0054C0000AE
:105590005FF800F08DF201005FF800F0B1E8010063
:1055A0005FF800F08D8201005FF800F099080000BC
:1055B0005FF800F035D201005FF800F0590B0000F1
:1055C0005FF800F0493D00005FF800F0F996010037
:1055D0005FF800F0D5B900005FF800F0CDD201000F
:1055E0005FF800F0D53C00005FF800F08D4500004A
:1055F0005FF800F0C9C301005FF800F0810F0200FE
:105600005FF800F0E55201005FF800F009040200C5
:105610005FF800F0E1FC01005FF800F0B551000018
:105620005FF800F0A91300005FF800F01106000019
:105630005FF800F049A400005FF800F05D3C000056
:105640005FF800F0E10B02005FF800F0E5D6010022
:105650005FF800F005A600005FF800F041C101000E
:105660005FF800F00D5C01005FF800F089D10100E7
:105670005FF800F009A801005FF800F0313E00007B
:105680005FF800F01DE701005FF800F021860100DF
:105690005FF800F069A200005FF800F05D170000FD
:1056A0005FF800F0091B00005FF800F0E9960100C8
:1056B0005FF800F051D301005FF800F03190010075
:1056C0005FF800F07D3F00005FF800F0CD79010049
:1056D0005FF800F0450002005FF800F085B60100B9
:1056E0005FF800F0E15F01005FF800F039FE0100B3
:1056F0005FF800F06DA600005FF800F0D5A801008B
:105700005FF800F0B1A901005FF800F0853D0000EE
:105710005FF800F0150500005FF800F075CE01009D
:105720005FF800F0991B00005FF800F085A0010011
:105730005FF800F025CE01005FF800F0590B020081
:085740004500000041040100D6
:10574800B2000000B3000000B9000000B90000007A
:10575800BC000000BE0000006006000069060000F2
:10576800F0060000F9060000C0070000C9070000A5
:10577800660900006F090000E6090000EF09000053
:10578800F4090000F9090000660A00006F0A000029
:10579800E60A0000EF0A0000660B00006F0B00002D
:1057A800720B0000770B0000E60B0000F20B000004
:1057B800660C00006F0C0000780C00007E0C0000E6
:1057C800E60C0000EF0C0000580D00005E0D000014
:1057D800660D0000780D0000E60D0000EF0D0000DA
:1057E800500E0000590E0000D00E0000D90E000027
:1057F800200F0000330F0000401000004910000087
:105808009010000099100000691300007C1300003C
:10581800EE160000F0160000E0170000E91700007F
:10582800F0170000F9170000101800001918000000
:10583800461900004F190000D0190000DA190000BD
:10584800801A0000891A0000901A0000991A0000B6
:10585800501B0000591B0000B01B0000B91B0000C2
:10586800401C0000491C0000501C0000591C00008E
:1058780070200000702000007420000079200000D3
:1058880080200000892000005021000082210000B3
:105898008521000089210000602400009B2400006D
:1058A800EA240000FF240000762700009327000068
:1058B800FD2C0000FD2C0000073000000730000020
:1058C8002130000029300000383000003A30000054
:1058D800923100009531000020320000293200008A
:1058E800483200004F320000513200005F320000A1
:1058F8008032000089320000B1320000BF3200005F
:1059080020A6000029A60000E6A60000EFA60000D9
:1059180030A8000035A80000D0A80000D9A80000D1
:1059280000A9000009A90000D0A90000D9A9000019
:10593800F0A90000F9A9000050AA000059AA000027
:10594800F0AB0000F9AB000010FF000019FF0000E9
:105958000701010033010100400101007801010045
:105968008A0101008B010100E1020100FB02010034
:10597800200301002303010041030100410301004A
:105988004A0301004A030100D1030100D5030100C5
:10599800A0040100A9040100580801005F080100E3
:1059A800790801007F080100A7080100AF0801007D
:1059B800FB080100FF080100160901001B0901008E
:1059C800BC090100BD090100C0090100CF0901009F
:1059D800D2090100FF090100400A0100480A01003C
:1059E8007D0A01007E0A01009D0A01009F0A01004C
:1059F800EB0A0100EF0A0100580B01005F0B0100E0
:105A0800780B01007F0B0100A90B0100AF0B01000F
:105A1800FA0C0100FF0C0100300D0100390D0100E6
:105A2800400D0100490D0100600E01007E0E0100CD
:105A38001D0F0100260F0100510F0100540F010036
:105A4800C50F0100CB0F0100521001006F100100BB
:105A5800F0100100F9100100361101003F1101009A
:105A6800D0110100D9110100E1110100F411010068
:105A7800F0120100F912010050140100591401003C
:105A8800D0140100D9140100501601005916010064
:105A9800C0160100C9160100D0160100E316010066
:105AA800301701003B170100E0180100F21801004F
:105AB8005019010059190100F01B0100F91B0100E0
:105AC800501C01006C1C0100501D0100591D0100F3
:105AD800A01D0100A91D0100501F0100591F010050
:105AE800C01F0100D41F0100002401006E24010022
:105AF8003061010039610100606A0100696A0100D2
:105B0800C06A0100C96A0100506B0100596B0100AD
:105B18005B6B0100616B0100706D0100796D010024
:105B2800806E0100966E0100F0CC0100F9CC0100F6
:105B3800C0D20100D3D20100E0D20100F3D20100AB
:105B480060D3010078D30100CED70100FFD7010050
:105B580040E1010049E10100F0E20100F9E2010041
:105B6800F0E40100F9E40100F1E50100FAE50100C3
:105B7800C7E80100CFE8010050E9010059E9010038
:105B880071EC0100ABEC0100ADEC0100AFEC0100E1
:105B9800B1EC0100B4EC010001ED01002DED0100B4
:105BA8002FED01003DED010000F101000CF10100B5
:105BB800F0FB0100F9FB0100AA000000AA000000A8
:105BC800B5000000B5000000BA000000BA000000EF
:105BD800C0000000D6000000D8000000F600000059
:105BE800F8000000C1020000C6020000D102000057
:105BF800E0020000E4020000EC020000EC020000F9
:105C0800EE020000EE0200007003000074030000C2
:105C180076030000770300007A0300007D0300008C
:105C28007F0300007F030000860300008603000056
:105C3800880300008A0300008C0300008C03000026
:105C48008E030000A1030000A3030000F503000079
:105C5800F7030000810400008A0400002F050000FB
:105C680031050000560500005905000059050000DF
:105C78006005000088050000D0050000EA05000066
:105C8800EF050000F2050000200600004A060000AB
:105C98006E0600006F06000071060000D3060000C3
:105CA800D5060000D5060000E5060000E60600005F
:105CB800EE060000EF060000FA060000FC060000F1
:105CC800FF060000FF060000100700001007000094
:105CD800120700002F0700004D070000A50700006D
:105CE800B1070000B1070000CA070000EA0700007A
:105CF800F4070000F5070000FA070000FA070000A3
:105D080000080000150800001A0800001A08000022
:105D180024080000240800002808000028080000C3
:105D28004008000058080000600800006A080000E9
:105D38007008000087080000890800008E0800002D
:105D4800A0080000C9080000040900003909000083
:105D58003D0900003D0900005009000050090000FD
:105D6800580900006109000071090000800900005D
:105D7800850900008C0900008F09000090090000C7
:105D880093090000A8090000AA090000B009000052
:105D9800B2090000B2090000B6090000B909000004
:105DA800BD090000BD090000CE090000CE090000B1
:105DB800DC090000DD090000DF090000E10900003E
:105DC800F0090000F1090000FC090000FC090000CE
:105DD800050A00000A0A00000F0A0000100A000065
:105DE800130A0000280A00002A0A0000300A0000EE
:105DF800320A0000330A0000350A0000360A0000A3
:105E0800380A0000390A0000590A00005C0A00003C
:105E18005E0A00005E0A0000720A0000740A0000B0
:105E2800850A00008D0A00008F0A0000910A000010
:105E3800930A0000A80A0000AA0A0000B00A00009D
:105E4800B20A0000B30A0000B50A0000B90A00004F
:105E5800BD0A0000BD0A0000D00A0000D00A0000F8
:105E6800E00A0000E10A0000F90A0000F90A00004F
:105E7800050B00000C0B00000F0B0000100B0000BE
:105E8800130B0000280B00002A0B0000300B000049
:105E9800320B0000330B0000350B0000390B0000FB
:105EA8003D0B00003D0B00005C0B00005D0B00008B
:105EB8005F0B0000610B0000710B0000710B00000C
:105EC800830B0000830B0000850B00008A0B000089
:105ED8008E0B0000900B0000920B0000950B000049
:105EE800990B00009A0B00009C0B00009C0B000013
:105EF8009E0B00009F0B0000A30B0000A40B0000EA
:105F0800A80B0000AA0B0000AE0B0000B90B0000A4
:105F1800D00B0000D00B0000050C00000C0C00009A
:105F28000E0C0000100C0000120C0000280C0000E1
:105F38002A0C0000390C00003D0C00003D0C00004C
:105F4800580C00005A0C00005D0C00005D0C0000AD
:105F5800600C0000610C0000800C0000800C000048
:105F6800850C00008C0C00008E0C0000900C0000CA
:105F7800920C0000A80C0000AA0C0000B30C000052
:105F8800B50C0000B90C0000BD0C0000BD0C0000F1
:105F9800DD0C0000DE0C0000E00C0000E10C00004D
:105FA800F10C0000F20C0000040D00000C0D0000C4
:105FB8000E0D0000100D0000120D00003A0D00003B
:105FC8003D0D00003D0D00004E0D00004E0D00007F
:105FD800540D0000560D00005F0D0000610D00001B
:105FE8007A0D00007F0D0000850D0000960D000061
:105FF8009A0D0000B10D0000B30D0000BB0D0000AC
:10600800BD0D0000BD0D0000C00D0000C60D000054
:10601800010E0000300E0000320E0000330E0000AA
:10602800400E0000460E0000810E0000820E0000A7
:10603800840E0000840E0000860E00008A0E000008
:106048008C0E0000A30E0000A50E0000A50E000097
:10605800A70E0000B00E0000B20E0000B30E000044
:10606800BD0E0000BD0E0000C00E0000C40E0000F2
:10607800C60E0000C60E0000DC0E0000DF0E000099
:10608800000F0000000F0000400F0000470F000045
:10609800490F00006C0F0000880F00008C0F0000F3
:1060A800001000002A1000003F1000003F10000000
:1060B80050100000551000005A1000005D1000003C
:1060C80061100000611000006510000066100000FB
:1060D8006E100000701000007510000081100000A4
:1060E8008E1000008E100000A0100000C5100000E7
:1060F800C7100000C7100000CD100000CD10000030
:10610800D0100000FA100000FC1000004812000037
:106118004A1200004D1200005012000056120000F2
:1061280058120000581200005A1200005D120000B8
:1061380060120000881200008A1200008D12000010
:1061480090120000B0120000B2120000B512000058
:10615800B8120000BE120000C0120000C0120000F9
:10616800C2120000C5120000C8120000D6120000BA
:10617800D8120000101300001213000015130000BD
:10618800181300005A130000801300008F1300003A
:10619800A0130000F5130000F8130000FD13000021
:1061A800011400006C1600006F1600007F16000036
:1061B800811600009A160000A0160000EA160000DA
:1061C800F1160000F8160000001700001117000073
:1061D8001F1700003117000040170000511700007A
:1061E800601700006C1700006E17000070170000A1
:1061F80080170000B3170000D7170000D71700005A
:10620800DC170000DC1700002018000078180000D8
:10621800801800008418000087180000A8180000E3
:10622800AA180000AA180000B0180000F51800000D
:10623800001900001E190000501900006D19000017
:10624800701900007419000080190000AB190000D3
:10625800B0190000C9190000001A0000161A000041
:10626800201A0000541A0000A71A0000A71A0000FC
:10627800051B0000331B0000451B00004C1B0000E1
:10628800831B0000A01B0000AE1B0000AF1B00001A
:10629800BA1B0000E51B0000001C0000231C0000C6
:1062A8004D1C00004F1C00005A1C00007D1C000003
:1062B800801C00008A1C0000901C0000BA1C000012
:1062C800BD1C0000BF1C0000E91C0000EC1C000005
:1062D800EE1C0000F31C0000F51C0000F61C00007A
:1062E800FA1C0000FA1C0000001D0000BF1D000081
:1062F800001E0000151F0000181F00001D1F0000D1
:10630800201F0000451F0000481F00004D1F00000F
:10631800501F0000571F0000591F0000591F0000A0
:106328005B1F00005B1F00005D1F00005D1F000079
:106338005F1F00007D1F0000801F0000B41F0000C9
:10634800B61F0000BC1F0000BE1F0000BE1F0000DB
:10635800C21F0000C41F0000C61F0000CC1F0000A1
:10636800D01F0000D31F0000D61F0000DB1F000055
:10637800E01F0000EC1F0000F21F0000F41F0000E7
:10638800F61F0000FC1F00007120000071200000B3
:106398007F2000007F200000902000009C2000004B
:1063A800022100000221000007210000072100004F
:1063B8000A2100001321000015210000152100000A
:1063C800192100001D2100002421000024210000C3
:1063D8002621000026210000282100002821000095
:1063E8002A2100002D2100002F2100003921000062
:1063F8003C2100003F210000452100004921000008
:106408004E2100004E21000083210000842100005D
:10641800002C0000E42C0000EB2C0000EE2C000007
:10642800F22C0000F32C0000002D0000252D0000A8
:10643800272D0000272D00002D2D00002D2D0000F8
:10644800302D0000672D00006F2D00006F2D00001B
:10645800802D0000962D0000A02D0000A62D000024
:10646800A82D0000AE2D0000B02D0000B62D0000B4
:10647800B82D0000BE2D0000C02D0000C62D000064
:10648800C82D0000CE2D0000D02D0000D62D000014
:10649800D82D0000DE2D00002F2E00002F2E00002A
:1064A80005300000063000003130000035300000B3
:1064B8003B3000003C3000004130000096300000C6
:1064C8009D3000009F300000A1300000FA3000002D
:1064D800FC300000FF300000053100002F310000C3
:1064E800313100008E310000A0310000BF310000C2
:1064F800F0310000FF31000000340000BF4D000003
:10650800004E00008CA40000D0A40000FDA40000F0
:1065180000A500000CA6000010A600001FA60000A1
:106528002AA600002BA6000040A600006EA60000C8
:106538007FA600009DA60000A0A60000E5A600001A
:1065480017A700001FA7000022A7000088A70000C7
:106558008BA70000CDA70000D0A70000D1A700009E
:10656800D3A70000D3A70000D5A70000DCA7000030
:10657800F2A7000001A8000003A8000005A8000079
:1065880007A800000AA800000CA8000022A8000024
:1065980040A8000073A8000082A80000B3A800006B
:1065A800F2A80000F7A80000FBA80000FBA8000064
:1065B800FDA80000FEA800000AA9000025A9000007
:1065C80030A9000046A9000060A900007CA90000CD
:1065D80084A90000B2A90000CFA90000CFA900003B
:1065E800E0A90000E4A90000E6A90000EFA9000066
:1065F800FAA90000FEA9000000AA000028AA0000CD
:1066080040AA000042AA000044AA00004BAA0000C9
:1066180060AA000076AA00007AAA00007AAA000000
:106628007EAA0000AFAA0000B1AA0000B1AA00002B
:10663800B5AA0000B6AA0000B9AA0000BDAA0000C9
:10664800C0AA0000C0AA0000C2AA0000C2AA000096
:10665800DBAA0000DDAA0000E0AA0000EAAA000008
:10666800F2AA0000F4AA000001AB000006AB00008B
:1066780009AB00000EAB000011AB000016AB000028
:1066880020AB000026AB000028AB00002EAB0000BA
:1066980030AB00005AAB00005CAB000069AB0000F7
:1066A80070AB0000E2AB000000AC0000A3D7000014
:1066B800B0D70000C6D70000CBD70000FBD700003A
:1066C80000F900006DFA000070FA0000D9FA000025
:1066D80000FB000006FB000013FB000017FB000096
:1066E8001DFB00001DFB00001FFB000028FB000035
:1066F8002AFB000036FB000038FB00003CFB0000D2
:106708003EFB00003EFB000040FB000041FB000098
:1067180043FB000044FB000046FB0000B1FB000007
:10672800D3FB00003DFD000050FD00008FFD000080
:1067380092FD0000C7FD0000F0FD0000FBFD000019
:1067480070FE000074FE000076FE0000FCFE0000F3
:1067580021FF00003AFF000041FF00005AFF00003F
:1067680066FF0000BEFF0000C2FF0000C7FF000078
:10677800CAFF0000CFFF0000D2FF0000D7FF0000D3
:10678800DAFF0000DCFF0000000001000B00010040
:106798000D00010026000100280001003A00010058
:1067A8003C0001003D0001003F0001004D000100D8
:1067B800500001005D00010080000100FA000100A6
:1067C800800201009C020100A0020100D002010029
:1067D800000301001F0301002D0301004003010015
:1067E8004203010049030100500301007503010041
:1067F800800301009D030100A0030100C303010001
:10680800C8030100CF030100000401009D0401003A
:10681800B0040100D3040100D8040100FB04010006
:10682800000501002705010030050100630501008E
:10683800700501007A0501007C0501008A05010048
:106848008C050100920501009405010095050100E1
:1068580097050100A1050100A3050100B10501008C
:10686800B3050100B9050100BB050100BC05010025
:10687800C0050100F305010000060100360701000C
:106888004007010055070100600701006707010084
:10689800800701008507010087070100B007010094
:1068A800B2070100BA07010000080100050801004D
:1068B80008080100080801000A080100350801005D
:1068C80037080100380801003C0801003C080100B5
:1068D8003F08010055080100600801007608010022
:1068E800800801009E080100E0080100F20801008C
:1068F800F4080100F508010000090100150901006C
:10690800200901003909010080090100B7090100C7
:10691800BE090100BF090100000A0100000A0100C8
:10692800100A0100130A0100150A0100170A0100E4
:10693800190A0100350A0100600A01007C0A0100F9
:10694800800A01009C0A0100C00A0100C70A010070
:10695800C90A0100E40A0100000B0100350B01001F
:10696800400B0100550B0100600B0100720B010088
:10697800800B0100910B0100000C0100480C010084
:10698800800C0100B20C0100C00C0100F20C0100E7
:10699800000D0100230D01004A0D0100650D0100E5
:1069A8006F0D0100850D0100800E0100A90E010088
:1069B800B00E0100B10E0100C20E0100C40E0100AC
:1069C800000F01001C0F0100270F0100270F010015
:1069D800300F0100450F0100700F0100810F010009
:1069E800B00F0100C40F0100E00F0100F60F010015
:1069F800031001003710010071100100721001002E
:106A0800751001007510010083100100AF1001001E
:106A1800D0100100E8100100031101002611010047
:106A28004411010044110100471101004711010000
:106A38005011010072110100761101007611010058
:106A480083110100B2110100C1110100C41101003C
:106A5800DA110100DA110100DC110100DC1101007A
:106A68000012010011120100131201002B12010083
:106A78003F1201004012010080120100861201003D
:106A880088120100881201008A1201008D1201008B
:106A98008F1201009D1201009F120100A81201002F
:106AA800B0120100DE120100051301000C130100F1
:106AB8000F13010010130100131301002813010024
:106AC8002A130100301301003213010033130100AF
:106AD80035130100391301003D1301003D13010076
:106AE80050130100501301005D13010061130100F0
:106AF80080130100891301008B1301008B1301001F
:106B08008E1301008E13010090130100B5130100CC
:106B1800B7130100B7130100D1130100D11301000D
:106B2800D3130100D3130100001401003414010031
:106B3800471401004A1401005F14010061140100A8
:106B480080140100AF140100C4140100C514010031
:106B5800C7140100C714010080150100AE1501001B
:106B6800D8150100DB150100001601002F160100E1
:106B7800441601004416010080160100AA160100FF
:106B8800B8160100B8160100001701001A17010015
:106B98004017010046170100001801002B180100DA
:106BA800A0180100DF180100FF18010006190100F4
:106BB80009190100091901000C1901001319010034
:106BC8001519010016190100181901002F190100E3
:106BD8003F1901003F190100411901004119010045
:106BE800A0190100A7190100AA190100D019010074
:106BF800E1190100E1190100E3190100E31901009D
:106C0800001A0100001A01000B1A0100321A0100D3
:106C18003A1A01003A1A0100501A0100501A0100EC
:106C28005C1A0100891A01009D1A01009D1A0100D1
:106C3800B01A0100F81A0100C01B0100E01B010096
:106C4800001C0100081C01000A1C01002E1C010088
:106C5800401C0100401C0100721C01008F1C010037
:106C6800001D0100061D0100081D0100091D01008D
:106C78000B1D0100301D0100461D0100461D0100CD
:106C8800601D0100651D0100671D0100681D0100F0
:106C98006A1D0100891D0100981D0100981D010051
:106CA800E01E0100F21E0100021F0100021F010088
:106CB800041F0100101F0100121F0100331F0100F3
:106CC800B01F0100B01F010000200100992301003E
:106CD8008024010043250100902F0100F02F0100BE
:106CE800003001002F340100413401004634010016
:106CF80060340100FA4301000044010046460100E7
:106D0800006101001D61010000680100386A01008E
:106D1800406A01005E6A0100706A0100BE6A0100F3
:106D2800D06A0100ED6A0100006B01002F6B0100C1
:106D3800406B0100436B0100636B0100776B01003E
:106D48007D6B01008F6B0100406D01006C6D0100CF
:106D5800406E01007F6E0100006F01004A6F010064
:106D6800506F0100506F0100936F01009F6F010089
:106D7800E06F0100E16F0100E36F0100E36F0100C4
:106D880000700100F787010000880100D58C010020
:106D9800FF8C0100088D0100F0AF0100F3AF010086
:106DA800F5AF0100FBAF0100FDAF0100FEAF010030
:106DB80000B0010022B1010032B1010032B101007E
:106DC80050B1010052B1010055B1010055B10100A7
:106DD80064B1010067B1010070B10100FBB20100AC
:106DE80000BC01006ABC010070BC01007CBC010051
:106DF80080BC010088BC010090BC010099BC010066
:106E080000D4010054D4010056D401009CD40100E0
:106E18009ED401009FD40100A2D40100A2D4010095
:106E2800A5D40100A6D40100A9D40100ACD4010066
:106E3800AED40100B9D40100BBD40100BBD4010019
:106E4800BDD40100C3D40100C5D4010005D501009B
:106E580007D501000AD501000DD5010014D50100A0
:106E680016D501001CD501001ED5010039D5010039
:106E78003BD501003ED5010040D5010044D50100B5
:106E880046D5010046D501004AD5010050D501007C
:106E980052D50100A5D60100A8D60100C0D6010030
:106EA800C2D60100DAD60100DCD60100FAD601000C
:106EB800FCD6010014D7010016D7010034D7010011
:106EC80036D701004ED7010050D701006ED7010018
:106ED80070D7010088D701008AD70100A8D7010020
:106EE800AAD70100C2D70100C4D70100CBD701003F
:106EF80000DF01001EDF010025DF01002ADF01009D
:106F080030E001006DE0010000E101002CE101002A
:106F180037E101003DE101004EE101004EE10100D1
:106F280090E20100ADE20100C0E20100EBE20100E5
:106F3800D0E40100EBE40100D0E50100EDE501003B
:106F4800F0E50100F0E50100E0E70100E6E70100F7
:106F5800E8E70100EBE70100EDE70100EEE70100DB
:106F6800F0E70100FEE7010000E80100C4E80100C5
:106F780000E9010043E901004BE901004BE9010088
:106F880000EE010003EE010005EE01001FEE010016
:106F980021EE010022EE010024EE010024EE0100A2
:106FA80027EE010027EE010029EE010032EE010074
:106FB80034EE010037EE010039EE010039EE010030
:106FC8003BEE01003BEE010042EE010042EE010003
:106FD80047EE010047EE010049EE010049EE0100CD
:106FE8004BEE01004BEE01004DEE01004FEE0100AB
:106FF80051EE010052EE010054EE010054EE010082
:1070080057EE010057EE010059EE010059EE01005C
:107018005BEE01005BEE01005DEE01005DEE01003C
:107028005FEE01005FEE010061EE010062EE01001B
:1070380064EE010064EE010067EE01006AEE0100F3
:107048006CEE010072EE010074EE010077EE0100B3
:1070580079EE01007CEE01007EEE01007EEE01007B
:1070680080EE010089EE01008BEE01009BEE01002D
:10707800A1EE0100A3EE0100A5EE0100A9EE0100BA
:10708800ABEE0100BBEE010000000200DFA602002B
:1070980000A7020039B7020040B702001DB802007D
:1070A80020B80200A1CE0200B0CE0200E0EB020040
:1070B800F0EB02005DEE020000F802001DFA02008B
:1070C800000003004A13030050130300AF2303001A
:1070D800160355005300420020005300650072005B
:1070E800690061006C000000180354006500650029
:1070F8006E00730079006400750069006E006F000F
:107108000403090409026200030100C032080B00ED
:107118000202020100090400000102020100052424
:1071280000100105240101010424020605240600BB
:10713800010705820310001009040100020A00007B
:10714800000705030240000007058402400000090B
:1071580004020002FF6AFF000705810240000107E0
:10716800050102400001000009026200030100C09D
:1071780032080B00020202010009040000010202A9
:107188000100052400100105240101010424020660
:107198000524060001070582031000050904010003
:1071A800020A000000070503020002000705840226
:1071B8000002000904020002FF6AC70007058102F5
:1071C8000002010705010200020100000A06000290
:0871D800EF020140010000007C
:1071E000000000000000000000000000000000009F
:1071F000000000000000000000000000000000008F
:107200000548064B1B1AD90F01EBA301491002D008
:10721000034B03B118477047C0520020C0520020F2
:107220000000000008B5054B1BB105490548AFF348
:107230000080BDE80840FFF7E3BF00BF000000008A
:10724000FCD60420003C0360020410F4F84FC0F3A5
:107250008421C0F3090302F0004214D113B900EEF7
:10726000102A704718465B00013113F4806FF9D083
:10727000C1F171010B4B42EAC15203EA80331A4358
:1072800000EE102A70471F2942EA433205D07031C0
:1072900042EAC15200EE102A704742F0FF4200EE6F
:1072A000102A704700E07F00032801EB000C10B5A6
:1072B00000F1040E09DC085C00F03F00107011F8CA
:1072C0000E2002F03F021A7010BD1CF804CC4FEAE9
:1072D0009C1411F80EC00CF00F0C4CEA041C82F840
:1072E00000C0085C11F80E208009120942EA001261
:1072F0001A7010BD2DE9F04F8BB00C4692469B469C
:10730000149D0E2810D8DFE810F0D200D700EB0053
:107310000F000F000F000F000F002B010F000F00D8
:107320000F005D010F0014004FF0FF300BB0BDE8FF
:10733000F08F02F0FF080021B8F1000FF4D1100A1D
:107340004FEA1B2340EA0B60069350EA1B2B00F028
:10735000AA80AB464746079004F18006B4F8D000F7
:107360000191A146FFF770FF04F1C008B446DA4668
:1073700038465946CDE90464019E09F1FF370CF106
:10738000FF3B54460025CDF80CA0CDE9019C1BF82D
:1073900001CF2A1117F801AF01354FEA0C130AF09B
:1073A0000F0E4FEA8C0903F03003202D09F030094D
:1073B00043EA0E03A3F1200307EE903A18F90230D6
:1073C000424407EE103A97F82030F8EEE77AB8EE2C
:1073D000C77A03F00F0E4FEA131349EA0E0E27EE99
:1073E000007AAEF1200E67EE877AE4EC017A07EEC0
:1073F00090EA92F902E0F8EEE77A07EE10EA0CF074
:10740000300E4FEA9C1CB8EEC77A4EEA1A1E43EAC9
:107410000C13AEF1200E27EE007AA3F1200367EEE5
:10742000877AC4ED1F7A07EE90EAB8EEE77A07EEA6
:10743000903A92F90430F8EEE77A06EE903AF8EED8
:10744000E66A66EE806A27EE267A84ED3F7A92F944
:10745000063007EE103AB8EEC77A27EE007A67EEEC
:10746000877AC4ED5F7A92D1DDE9019C049B08F133
:10747000080809F14009DDF80CA00CF1200C4B457F
:107480000AF5007A7FF479AF431C01F5806B059C07
:107490001F4646F10001D234DDE906238A4208BFC7
:1074A000BB427FF459AF00200BB0BDE8F08F9200D3
:1074B00028461DF045F8F6E752EA0B03F3D0002604
:1074C0002F46354634F8020BFFF7BEFE0136A7EC17
:1074D000010A45F10005AB4508BFB245F2D1E2E72C
:1074E00012F01F074FF000087FF41EAF4FEA521A48
:1074F0004FEA5B164AEACB6A5AEA5B1BD3D01134D7
:1075000034F8110CFFF7A0FEA4F11002294612F87E
:10751000013F03F00F03A242A3F1080307EE903AE4
:10752000F8EEE77A67EE807AE1EC017A13784FEAB9
:107530001313A3F1080307EE903AF8EEE77A67EE2B
:10754000807AC1ED0F7AE2D1013705F1800504F1AF
:10755000120448F10008464508BFBA45D0D1A2E759
:1075600012F01F084FF000097FF4DEAE4FEA521A06
:107570004FEA5B174AEACB6A5AEA5B1B93D005F1E4
:1075800080068B465D46A6F1800435F8010BFFF7B7
:107590005BFE15F9013F07EE903AF8EEE77A67EEE9
:1075A000807AE4EC017AB442F3D118F1010806F1D3
:1075B00080060BF1220B49F100094F4508BFC24577
:1075C000E0D170E702F0FF084FF00009B8F1000FBA
:1075D0007FF4AAAE4FEA122C4FEA1B234CEA0B6C45
:1075E00002935CEA1B2B3FF45EAF05F1800A0D4667
:1075F000CDF80CC029466C880AF18007564631F850
:10760000040B4FF0000B0191FFF71EFE204605F121
:107610000F04B0EE405AFFF717FE019901950DF1E6
:1076200027030DF126025846A6F18005FFF73CFE20
:107630009DF826200BF1010005EE902A9DF82720E9
:1076400006EE102A0DF12602FFF72EFE9DF82630D9
:10765000F8EEE55A224607EE103A9DF82730B8EECC
:10766000C66A06EE903AB8EEC77A65EE855AF8EE2D
:10767000E66A26EE006A27EE057A66EE806A12F860
:10768000013F03F00F0307EE903A3346F8EEE77A36
:1076900067EEA57A77EEC67AE5EC017AB542EED1CF
:1076A000204610F8012F120907EE902AF8EEE77A2B
:1076B00067EE877A77EEE67AE3EC017ABB42F0D1A7
:1076C0000BF1020B03F5807706F580762034BBF1D1
:1076D000080FA4D118F10108019D0AF5806A49F14B
:1076E00000099035DDE902234A4508BF434581D1B1
:1076F000D9E600BFF0B55609059F46EAC36656EACB
:1077000053134FD000F18001F7EE005AF6EE006AF5
:10771000069D013F9FED256A9FED255A01EBC61698
:1077200000246FF07E0E03469FED217AF3EC017A80
:10773000F0EEE77AF4EEC77AF1EE10FA37FE877AC8
:107740009942F3D1C7EE067AF5EEC07AE5EC017AFC
:10775000F1EE10FA27DD85EEA77A07EB040C02465E
:107760000FE077EEA67AFDEEE77A17EE903A7345D2
:10777000B8BF73467F2BA8BF7F2391420CF8013F0F
:107780000BD0F2EC017A67EE877AF5EEC07AF1EE73
:1077900010FAE6D577EEE67AE5E7803120348030DE
:1077A000B142C0D1F0BDB0EE457AD6E70000FE424E
:1077B0000000000000B54FEA521E01994EEAC36E68
:1077C0005EEA531312D0A1F1040C1F300CEB8E0EA5
:1077D000A0F12003002213F9011F83420A44FAD1C9
:1077E0004CF8042FF44500F12000F1D100BD00BF9A
:1077F0002DE9F04F2DED068B91B0209C4FEA142E11
:10780000219C4EEA046E250A5EEA14240C9500F0D1
:1078100024814FF000090433044615464E4688463D
:107820000593CDF834E09FED90AB23466788AB46D7
:107830004FF0000A33F8040B0293FFF705FD3846BA
:10784000B0EE409AFFF700FD059BB7EEC08A04F149
:107850003007043BB7EEC99A0B96069308F1240350
:10786000CDE907450193CDE909890DF13F0302995F
:107870000DF13E025046FFF717FDA7F120044FF02F
:10788000000C019B2146A3F1200EE046E14666462E
:10789000CDE903AB0A68083151F8043C8F425EF829
:1078A000045C02F00F3203F00F335EF8080B2FFA7E
:1078B00082FA2FFA85FB2FFA92F22FFA95F52AFB1E
:1078C0000B6622FB05992FFA83F22FFA80F52FFA27
:1078D00093F32FFA90F022FB058823FB00CCD9D13B
:1078E000E0444E449DF83F300DF13E02464402997B
:1078F00007EE103A9DF83E3007EE906A002606EE3D
:10790000103A069BB8EEE74BB046B8EEC77B35465B
:10791000B8EEC66BDDE903AB27EE087B53F82A30DF
:107920000AF101009BED005A03EE903A26EE096B36
:1079300003930DF13F03B8EEE33BB7EEC55A27EED4
:10794000037B14EE067B07EE05ABFFF7ADFCDDF81D
:1079500004C0B646CDF80CA02268083454F8043CA4
:107960001209A7424FEA13135CF8040C02F00F321D
:107970005CF8081B03F00F332FFA82F92FFA80FA14
:107980002FFA92F22FFA90F029FB0A5522FB008879
:107990002FFA83F22FFA81F02FFA93F32FFA91F155
:1079A00022FB00EE23FB0166D6D1019B4544B64481
:1079B000DDF80CA040339BED015A7544203701934C
:1079C000B7EEC55A9DF83F3007EE905A0BF1080B01
:1079D00007EE103AB8EEE74B059BB8EEC77B53F8BD
:1079E0002A300AF1020A27EE087B06EE903A03934A
:1079F000BAF1080F9DF83E30B8EEE66B27EE067B35
:107A000006EE103AB8EEC66B26EE096B14EE067B56
:107A100007EE05AB7FF429AF059A0B9E2032DDE916
:107A20000989059219F1010308F58078994646F114
:107A30000006DDE90C23DDE90745B24208BF4B45EE
:107A400004F1900405F120057FF4EFAEB7EECA0B08
:107A500011B0BDEC068BBDE8F08F9FED050A11B0AB
:107A6000BDEC068BBDE8F08F0000000000000000B8
:107A700000000000000000002DE9F04F2DED048B08
:107A80008FB0DDE91C341B0A250A43EA04630A951A
:107A900053EA142400F044814FF0000882469146D6
:107AA0004FF0011403910B93CDF818809FEDA08B3C
:107AB000CDE900885346BAF802500AF130064FF07B
:107AC000010B33F8040B00270593FFF7BDFB284695
:107AD000F0EE409AFFF7B8FBB0EE409ACDF8089070
:107AE000CDF82480CDE9079A4FF000034FF0000E47
:107AF000A6F12005CDF810B08DF8373001232846C7
:107B0000F1468DF83630F046039B714607EB030AC9
:107B100050F8043B5AF8042B864203F00F332FFA37
:107B200082FC2FFA83FB2FFA92F22FFA93F32BFBAE
:107B30000C112CFB049923FB028822FB04EEE7D1F5
:107B40001E9B8844DDF810B0012B40F3B1804FF04C
:107B5000000901234A4688FB0313B1EB090163EBDB
:107B60000203009A8918019A42EB0303CDE900133E
:107B70004FF0000E039BF44603EB4B19F0467146A1
:107B800055F8043B59F8042B1B09AE422FFA82FA30
:107B900003F00F332FFA92F22FFA83F02AFB04CC72
:107BA0002FFA93F320FB0A1123FB028822FB04EE39
:107BB000E6D11E9B01EB08050CEB0E08012B44DD02
:107BC0009DF836309DF8372085FB031388FB02C2F1
:107BD000B1EB0C0163EB0203009A8918019A42EBA6
:107BE0000303CDE90013029B403720360BF1020B53
:107BF0000833B7F5807F02937FF476AF069B039A34
:107C00000133DDF8248002F5807248F10008069304
:107C10000392DDE90A12DDE9079A414508BF9A425D
:107C20000AF1900A09F120097FF444AF1E9B2BB1A1
:107C3000DDE900011EF0DEF941EC180BB7EEC80BD0
:107C40000FB0BDEC048BBDE8F08F0DF137030DF1E3
:107C5000360205995846FFF727FB1E9B012BAFD034
:107C6000029B07EE908AB7EEC96A93ED015AB8EE0F
:107C7000E72B9DF8373007EE905AB7EEE93A07EE5A
:107C8000103AB8EEE74B9DF83630B7EEC55AB8EE6D
:107C9000C77B27EE067B06EE103AB8EEC66B27EEE2
:107CA000027B26EE036B16EE047B07EE058B9AE74C
:107CB0000DF137030DF1360205990BF1FF30F14458
:107CC000FFF7F2FA1E999DF8363001299DF837200A
:107CD00023D007EE902AB7EEC91A06EE903AB7EE17
:107CE000E93AB8EEE77B029BB8EEE65B06EE909AC7
:107CF00093ED006A27EE017BB8EEE62B06EE908A44
:107D000025EE035B27EE027BB8EEE64BB7EEC66AC4
:107D100015EE047B07EE068B2AE789FB02921AE731
:107D200000239FED038B009301937FE7AFF3008067
:107D300000000000000000002DE9F04F0C282DEDA0
:107D4000068BA1B005920793DDE9303200F018816F
:107D50000E280BD0082800F0DF81DFED877A87EE50
:107D6000A70A21B0BDEC068BBDE8F08F4FEA1328BF
:107D7000130A48EA02681493804B1E68149B002E75
:107D800000F0068358EA030300F0F983059F18AB5F
:107D90004FF000090C463D4600270693CDF854806D
:107DA0009FED738BB4F8D000A246FFF74DFAB7EE03
:107DB000C09AFB0004F1C10612944FF000080F9323
:107DC0006B1E80341397CDE91035069B20220021CD
:107DD0001846751E1FF008FC611E00220AF1FF3BC9
:107DE000019110999446049201EB08070C960592B4
:107DF000CDE90222CDE908A4CDE90A85CDE90D90AF
:107E00000BE05AF8203C02935AF8183C05935AF8B4
:107E1000103C03935AF8083C0493019B0CF1010CAD
:107E20001BF801EF013713F8016FBCF1200F0EF0C2
:107E30000F0597F920904FEA860001939BF82030B8
:107E40004FEA061400F0300006F0300103F00F0A8C
:107E50004FEAA61604F030044FEA131340EA0A0072
:107E600097F9408044EA050443EA061341EA1E15E7
:107E7000A0F12000059920AE97F960E0A5F120055A
:107E800006EB820609FB0010049AA3F12003039974
:107E9000A4F120040EFB03234FEA2C1208FB051566
:107EA00020A997F900E001EB820A029905960EFBE2
:107EB000041446F8180C46F8204C46F8105C46F8B6
:107EC000083C9ED1DDE90E32DDE90A85DDE908A432
:107ED00002EB5810079A194602EB80000022DDE9F8
:107EE0000C69B0EC017A083115F91270B7EEC77A57
:107EF00051ED025A06EE107A16F91270B8EEE55BF3
:107F0000013227EE097B042AB8EEC66B26EE076B1A
:107F100006EE058B06EE107AB8EEC66B26EE077BF2
:107F200051ED016AB8EEE66B07EE068BD9D10AF186
:107F3000400A20340836B8F1000F00F0FE82139F8B
:107F40007B1C1F4649F10009DDE91423DDE91154CA
:107F5000914508BF9F4204F1D20405F580757FF476
:107F600021AFB7EEC80B21B0BDEC068BBDE8F08F9A
:107F7000000000000000000000000000D4CC04203D
:107F80001B0A43EA0263120A0892854A1268002A11
:107F900000F00881089A1A4300F0F182079A0DF167
:107FA0005F00059C0DF1600B02920022019003928C
:107FB000049222460C4607939FED778BA246658874
:107FC000059204F10F093AF8040B0027FFF73CF97A
:107FD000B0EE40AA2846FFF737F9059AB7EECAAACD
:107FE000DDF80880B7EEC09A02F11F0502F13F06E6
:107FF0000694514638465B46019AFFF755F9002131
:10800000A5F12004CC46084614F9012F1CF8013FC5
:10801000A542114403F00F0313FB0200F4D19DF8B5
:10802000603006EE900A07EE901A98ED005A06EEC0
:10803000103AB8EEE64BB8EEE77B9DF85F30B8EE4D
:10804000C66B5146B7EEC55A781C019A26EE096BED
:1080500026EE077B06EE103A5B46B8EEC66B26EEC0
:108060000A6B16EE047B07EE058BFFF71DF9002166
:10807000CC46084614F9012F1CF8013FA6421144D2
:108080004FEA131313FB0200F4D19DF8603006EEA3
:10809000900A07EE901A98ED015A06EE103AB8EEE3
:1080A000E64BB8EEE77B9DF85F30B8EEC66B023763
:1080B000B7EEC55A08F10808082F05F1400526EE6D
:1080C000096B09F1200906F1400626EE077B06EE52
:1080D000103AB8EEC66B26EE0A6B16EE047B07EE7E
:1080E000058B86D10299039B2031013302910499BB
:1080F000039341F10001DDE90705DDE90524A9420B
:1081000008BF8342049104F1900402F580727FF469
:1081100055AFB7EEC80B26E75F09550947EAC267B6
:1081200057EA521200F02B82059B0026DDF81C80D6
:1081300001F1210403F1FF39B2469FED178B34F8AA
:10814000210CFFF781F8A4F120034946002213F91E
:1081500001CF11F9010FA3421CFB0022F7D1B8ECAB
:10816000015AB7EEC06A013607EE902AB7EEC55A3B
:1081700009F120094AF1000AB8EEE77B03F1220475
:1081800026EE056B554508BFB74206EE078BD6D1E4
:10819000B7EEC80BE7E600BF0000000000000000DB
:1081A000D4CC04200898184300F0E9819146DDF80A
:1081B0001CA018AA0C46D0464FF001160692CA46DB
:1081C0000DF15F020D939FEDDE8B019223466588D2
:1081D0004FF0000B474633F8040B0393FFF734F8D6
:1081E000B0EE40AA2846FFF72FF8059BB7EEC09ADD
:1081F00004F13005B7EECAAA2033CDF808B00793D2
:10820000CDE90984CDE90BA9069BA5F12004019ACB
:10821000DDE90201FFF748F84FF0000C059B21460D
:10822000E046E14603EB0B0AE646CDF810B051F804
:10823000043B5AF8042BA94203F00F332FFA82F0C3
:108240002FFA83FB2FFA92F22FFA93F32BFB00EE17
:1082500020FB068823FB029922FB06CCE7D108EB22
:108260000C03CE4497ED005A07EE103A9DF86030AB
:1082700006EE90EAB7EEC55A06EE103AB8EEC77BA6
:10828000B8EEE64B9DF85F30B8EEC66B019ADDF8AC
:1082900010B026EE096BDDE9020126EE077B06EE43
:1082A000103A0130069BB8EEC66B26EE0A6B16EE4E
:1082B000047B07EE058BFEF7F7FF0020079B864641
:1082C00003EB0B098046844654F8043B59F8042B11
:1082D0001B09AC422FFA82FA03F00F332FFA92F205
:1082E0002FFA83F12AFB06EE2FFA93F321FB0ACC37
:1082F00023FB028822FB0600E6D10EEB0003C444F8
:1083000097ED015A0BF1400B07EE103A029B06EE77
:1083100090CAB7EEC55A0233B8EEC77BB8EEE64B4B
:10832000BBF5807F029304F120059DF8603007F1D2
:10833000080706EE103A9DF85F30B8EEC66B26EEE1
:10834000096B26EE077B06EE103AB8EEC66B26EEFA
:108350000A6B16EE047B07EE058B7FF455AF059A8A
:1083600002F58072DDE90BA905921AF10103089A62
:108370009A4649F100090D9BDDE90984914508BF42
:108380009A4504F1900408F120087FF41FAFE8E556
:1083900058EA030200F0F38018AA0D46B1464FF0E8
:1083A000203B34469A460692CDF848809FED648B78
:1083B000B5F8D00005F180070495FEF745FFE3000E
:1083C000B7EEC00A4FEA042C00200E9305F1C1035A
:1083D0000F95CDE9104954465E1E5B49DFF870A148
:1083E000DFF87091DDE90558CDE908066544CDE96F
:1083F0000AC3CDE901A1CDE90C84049B4FF0000E26
:1084000019F8014B704672461C44029BCDF80C8053
:1084100013F8016B0293019B13F801CB0193B95838
:10842000A35821FA0CF1F340090103F00F3301F0D6
:1084300030310B43A9580432C3FA0BF3102A2FFA38
:1084400081FA2FFA83F82FFA91F12FFA93F328FB90
:108450000A0023FB01EEE2D17044DDF80C804FF0FE
:10846000000EC8F8000072467046BB181969A318C0
:1084700021FA0CF11B690901F34001F0303103F0DE
:108480000F330B43A91804320969102AC3FA0BF3FE
:108490002FFA81FA2FFA83F82FFA91F12FFA93F33A
:1084A00028FB0A0023FB01EEDFD1284B7044DDF8E6
:1084B0000C8020354B45C8F8040008F108089CD111
:1084C0000E99DDE90806DDE90AC301EB50150799AD
:1084D000DDE90C2401EB85050021B5EC017A0832B9
:1084E00016F911E0B7EEC77A52ED025A06EE10EA1D
:1084F00013F911E0B8EEE54B013127EE007B0429BA
:10850000B8EEC66B26EE076B06EE048B06EE10EA9D
:10851000B8EEC66B26EE077B52ED016AB8EEE66B4D
:1085200007EE068BD9D1049A203708330CF1800C62
:108530004032049290B980204EE74FF0800845E425
:1085400000000000000000004C0400204C0400204B
:10855000E40300204804002000000000A246109C14
:10856000DDF84490631C0F9D1C4649F10009129BE5
:10857000D235D14508BF9C427FF41AAFF1E41FED1C
:108580000A0AFFF7EEBB00BF2DE9F04F2DED068B79
:10859000C1B083461093CC4BDDF848A11E68539DB3
:1085A0000B9115921EB90B9B9C1E062C25D90B9B7B
:1085B000002B1DDD159B0024549EA3F10409109B84
:1085C000A3F10408509B1F1F2B4655469A4657F8A7
:1085D000043F584658F8042F013459F8041FCDE9D8
:1085E000005AFFF705F90B9BA6EC010AA342EED156
:1085F00041B0BDEC068BBDE8F08F4FEA1A2331463F
:1086000030A843EA05670B9B2D0ADA001B971C95DF
:108610001EF0EAFF57EA050300F08C810B9A24F064
:108620000103109934460233950001EB8208159A34
:1086300013935E4602EB8300043A27461D950E9283
:10864000509A1990043A149240AA02EB83031A93A9
:10865000334675884FEA042A33F8040B1193FEF76A
:10866000F3FDB0EE409A2846FEF7EEFDB7EEC08A65
:10867000650106F13003B7EEC99A0022DDF854B067
:1086800004930D9212951696CDE91747119D0DF1A1
:108690007D030D9C1FAA294601272046FEF704FEF4
:1086A0000DF17F030DF17E022946601CFEF7FCFDF3
:1086B0009DF87C30049A0DF1800C03EE103A9DF881
:1086C0007D30A2F12006BE4602EE103A9DF87E30C3
:1086D000B8EEC33BCDF83C8001EE103A9DF87F30F8
:1086E000B8EEC22B00EE103AB8EEC11B23EE093BE8
:1086F00028ABB8EEC00B22EE082B21EE091B20EEB2
:10870000080B0E9A00210C9652F82E2008460C46B3
:108710000D4652440391029602F120075BF82E2089
:108720005244CDE9096B02F12009BB46CDE905A30E
:10873000CDE907CE029A5BF820EC52F8043B59F8D9
:10874000207C02921A092FFA8EF15BF804CB03F019
:108750000F3302F00F3259F8046B2FFA83FA2FFA15
:1087600082F82FFA93F32FFA92F22AFB01552FFA8F
:108770009EFE039923FB0E552FFA8CFE2FFA9CFCCC
:1087800028FB0E4E22FB0CE42FFA87FC2FFA97F7FA
:108790002AFB0C0C23FB07C02FFA86F32FFA96F660
:1087A00028FB031322FB0633029A0393049B934294
:1087B000C0D10B9A0399DDE907CEDDE905A30EF1DF
:1087C000020ECCF800501C600CF1080C7245596088
:1087D0004CF8040C03F10803DDE9096B91DC0B9BF9
:1087E00013990C9A8B42DDF83C806FDC0D9B30A90D
:1087F000DDF850C01FAF980027AC129D061DDDF8B4
:1088000040905CF8043F043497ED014A04372B4450
:10881000B8EEC44B1A58334407EE902A93ED007A11
:1088200059F8043BB8EEE76B2B44B8EEC77BC8455C
:1088300026EE026B03EB000E33449EED00AA27EEFA
:10884000007B14EE036B94ED004AB7EECAAAB8EEB3
:10885000C44B91ED005B14EE017B93ED004A06EEF4
:108860000A5BB7EEC44A07EE045BA1EC025BC8D119
:108870000D9B0AF1400A049A02332032082B0D9313
:1088800004927FF403AF189FDDE91664631C06F1C0
:1088900090061C4647F10007DDE91B32BA4208BFCB
:1088A000A3427FF4D5AE1D9D549A30AB1544B3EC72
:1088B000027BB7EEC77BA2EC017AAA42F7D141B0A6
:1088C000BDEC068BBDE8F08FD4CC0420199B0020B2
:1088D000DDF810901B680446534403F1200E52F853
:1088E000043B5EF8206C190991455EF8045B03F0C7
:1088F0000F3301F00F312FFA83F72FFA86FC2FFA8E
:1089000093F32FFA96F627FB0C4723FB06742FFAF6
:1089100081F32FFA85F62FFA91F123FB06032FFA44
:1089200095F521FB0530DAD11A9B43F8804C43F8CA
:10893000600C5BE70B9B9D00B6E700BF2DE9F04F95
:108940000E28F5B083460E460B921293DDE980A9FE
:108950001FD00B9B002B19DD129B0024829DA3F1DD
:1089600004087E9B1F1F334656469A4657F8043F1D
:10897000514658F8042F58460134CDE90069FFF7F5
:10898000DBF90B9BA5EC010AA342EFD175B0BDE862
:10899000F08FC04B1D68002DDBD10B9BA3F10208AB
:1089A000B8F1060FD5D84FEA1A2729464FEA1924FD
:1089B00024A847EA0967DA001E941EF015FE57EA5C
:1089C000040300F08C8128F001034FEA58027E99DD
:1089D000344620929A1C0B9BBA461392A94601EB8F
:1089E000830012999E0001EB820207461C9201F15E
:1089F00008021F9204F18003B4F8D00011944FEAEA
:108A0000052B0393FEF720FCB7EEC00A2395DDE9A2
:108A10001F32CDE9214A03EBC203CA46B1460A938D
:108A2000EB0000251D9304F1C1039B485A1E05EB82
:108A30000B01DFF868E20C9034A8DFF864C28046CE
:108A400014930991CDF86C90CDE915250025CDE959
:108A50000DCECDE91770CDE919BA0E9A0F9545469E
:108A600012F8013B12980E92119ACDF8408002EB59
:108A7000030A0C9B13F8019B0C930D9B13F801BB8D
:108A80000D93099A4FF0100C0368012705F1200699
:108A9000079503EB02084368089003EB020E0022DF
:108AA0002B46002106930846CDE90467039B58F83E
:108AB00002509C585AF8023024FA0BF423FA09F3B6
:108AC000240103F00F3304F030342FFA85F72343E9
:108AD0004FF02034C3FA04F35EF8024004322FFA58
:108AE00083F694452FFA93F32FFA95F526FB0700AA
:108AF00023FB05002FFA84F52FFA94F426FB0515C5
:108B000023FB0451D2DC069B10224FF0200C43F8CB
:108B1000040BDDE90467022F46F8041B69D10A9BA8
:108B2000DDE90750083040358342AAD1139B0B9AE8
:108B30009342DDE90F585EDB099B013508F1080817
:108B40002033042D099388D11D990DF1900E35AE77
:108B5000DDF8F8C1DDE91657DDE91432DDE9180B5F
:108B6000DDE91AA901EB55185CF8044B00210495C6
:108B700004EB8804BEEC025BB4EC017A12F91150EC
:108B8000B7EEC77A06EE105A50F8315027EE007B48
:108B900004EE905A13F91150B8EEC66BB8EEE43BF0
:108BA00026EE076B06EE035B06EE105A56F83150C0
:108BB00001310429B8EEC66B26EE077B06EE905A0B
:108BC000B8EEE66B07EE065BD6D16745049D00F173
:108BD000200006F120060EED025BC5D1119A083384
:108BE00040321192039A20320392002D5AD18025EF
:108BF0001BE7022755E71C9B4146099A1B68DDF8D5
:108C00000C8003EB020C139B34AA069505EB83033F
:108C100002EBC30400239E46002B03F101067046BD
:108C20004FF000020CBF10272027BE4526DACDE901
:108C3000046458F800404FF020355AF8003024FA08
:108C40000BF423FA09F3240103F00F3304F030345A
:108C500023435CF800400430C3FA05F3B8422FFA0E
:108C600084F62FFA83F52FFA94F425FB06222FFAC7
:108C700093F323FB0422DCDBDDE90464022E0EF116
:108C8000100E4FF0010344F8042BC5D1069D884611
:108C900052E700BFD4CC04204C040020480400203C
:108CA000E4030020239D4E46D146DDF888A06B1CCE
:108CB000219C1D4649F100091E9BD2344B4508BF3B
:108CC000AA457FF497AE829B24AA9919B2EC027B45
:108CD000B7EEC77BA3EC017A9942F7D156E60B9B1E
:108CE0009E00F0E700207047144B4FF000721449CB
:108CF000C3F8842003F18D73DFF84CC003F58F3384
:108D00004868DCF800208333A3FB0232920C4B68E6
:108D10001B1A9A42FBD8094A4FF00070094BC2F85F
:108D200088004868DCF800200549A3FB0232920C59
:108D30004B681B1A9A42FBD8704700BF00C0004224
:108D4000001000E083DE1B439C4C0020084BDB6AD4
:108D5000C3F3072013F47F4FC3F30312054B14BF73
:108D60004000012002FB0000B3FBF0F0704700BFA1
:108D700000002C407005030070B541B3154B002274
:108D8000154DD3F800E02E1D8E45F44628BF8C46C5
:108D90008E454FEA0C4334BF00240124B1EB0C0193
:108DA00043EA440343F0210345F8323046F83200E9
:108DB00002F10102604401D0082AE5D1074A956515
:108DC000936A23F4407343F40073936270BD024DC1
:108DD000F4E700BFB44C0020C056012000002C4036
:108DE0002DE9F04F8BB002910092002A00F0DD8057
:108DF000030D814674490993030CDFF8E4B108932D
:108E0000030B0793030A05930309049300F00F0370
:108E100006936E4B5A686E4842F07D5200685A6065
:108E2000009A824228BF02466A4892466A4A00680F
:108E30001268019242F0012242F4800222EA00020A
:108E400022F078521A60086840B1002400BF013453
:108E500008688442FAD3604800680190099842F09B
:108E6000605842F0305E00F00F0C089800F00F07D9
:108E7000079842EA8C6C00F00F06059842EA876773
:108E800000F00F05049842EA866600F00F04069889
:108E900042EA856542EA806042EA8464039042F0D7
:108EA0006850C3F800801860C3F8008042F038585A
:108EB000C3F800E0C3F80080C3F800E04CF0007E87
:108EC000C3F800C0C3F800E0C3F800C047F0007C5E
:108ED0001F60C3F800C01F6046F000771E601F606F
:108EE0001E6045F000761D6003981E601D6044F012
:108EF00000751C601D601C6040F0007418601C60F0
:108F00001860586820F070505860344804683CB1CC
:108F100042F00075002001301D601A60A042FAD1B5
:108F2000BAF1000F44D0029842F000750AEB000637
:108F3000441E013E1D609F681A601D60BF0E986848
:108F40001A60C0F3836040EA071004F8010FB442CE
:108F5000F0D1019A1A605A6842F07D525A60DBF8EB
:108F6000002032B1002200BF0132DBF80000824253
:108F7000F9D3009AB2EB0A02009216D0029AD144B9
:108F8000524402924FEA195209924FEA194208924A
:108F90004FEA193207924FEA192205924FEA191245
:108FA000049209F00F02069234E70BB0BDE8F08F8F
:108FB000019A1A605A6842F07D525A60DBF800202C
:108FC000002ACFD126E700BF4806042000C0004297
:108FD000C04C0020C44C0020DC000420C84C002001
:108FE0004C060420002A00F0FD80030CDFF80CC2C0
:108FF0002DE9F04F87B04FEA105982460F4605938E
:10900000030B794E15460493030ADFF8F4E102934B
:109010000309019300F00F0374480393744B7549DF
:109020005A68096842F07D52A9425A6028BF294611
:10903000714A8B463168126841F0012141F4800188
:1090400021EA020121F078511960DCF8002032B1E8
:10905000002400BF0134DCF800209442F9D341F031
:10906000605241F068541A601C6000BF1A6000BF73
:1090700041F0305241F038541A601C6000BF1A6051
:1090800000BF09F00F0241EA826242F000741A60E8
:109090001C6000BF1A6000BF059A02F00F0241EA8F
:1090A000826242F000741A601C6000BF1A6000BF48
:1090B000049A02F00F0241EA826242F000741A60E0
:1090C0001C6000BF1A6000BF029A02F00F0241EA62
:1090D000826242F000741A601C6000BF1A6000BF18
:1090E000019A02F00F0241EA826242F000741A60B3
:1090F0001C6000BF1A6000BF039A41EA826242F01E
:1091000000741A601C6000BF1A6000BF5A6822F029
:1091100070525A60026862B141F000720024A846A1
:109120001A6000BF196000BF01340568A542F7D876
:109130004546BBF1000F47D00BEB070941F0007427
:1091400007F1FF38CDF804B009F1FF391C6000BF0A
:10915000D3F808B0196000BF1C6000BF9A6819609E
:1091600000BFC2F383624FEA9B6B42EA0B1208F81E
:10917000012FC845EAD13268DDF804B01A605A6898
:1091800042F07D525A60DEF8002032B1002100BF6B
:109190000131DEF800209142F9D3B5EB0B051ED06A
:1091A000DA445F444FEA1A424FEA1A5905924FEAED
:1091B0001A3204924FEA1A2202924FEA1A120192CC
:1091C0000AF00F0203922AE732681A605A6842F0E6
:1091D0007D525A60DEF80020002AD7D11FE707B081
:1091E000BDE8F08F704700BFDC000420C84C0020B1
:1091F00000C00042C04C0020C44C0020480604209F
:109200004C06042040EA8160084B40F00072186070
:109210001A6000BF00BF00BF00BF00BF186000BFE2
:1092200000BF00BF00BF00BF704700BF00C00042CA
:1092300040EA8160094B40F0007218601A6000BF7C
:1092400000BF00BF00BF00BF00BF186000BF00BF6D
:1092500000BF00BF00BF00BF704700BF00C000429A
:1092600040EA81600A4B40F0007218601A6000BF4B
:1092700000BF00BF00BF00BF00BF00BF186000BF3D
:1092800000BF00BF00BF00BF00BF00BF704700BFEE
:1092900000C0004200B507228E46DFF828C04EFA13
:1092A00002F3013A9B0603F08063034343F000712D
:1092B000CCF80030CCF80010CCF80030531CEED1C4
:1092C00000BD00BF00C000422DE9F04F85B0019203
:1092D000002A00F08780030C80468946484E02939E
:1092E0004FEA102BC3B2474D474C03936368474A7C
:1092F00043F07D53DFF824C112686360019B9A42FA
:1093000028BF1A46424BD3F800A0424B4AEA0C0C45
:1093100000921B682CEA030C2CF0785747F0405061
:109320002060336843B1002200BF013233689A42A3
:10933000FAD3374BD3F800A00B21FFF7ABFF9DF812
:109340000810FFF7A7FF5FFA8BF1FFF7A3FF039960
:10935000FFF7A0FF636823F0006363602E4B1A6879
:109360003AB147F048510023013321602060934215
:10937000FAD1009B002B38D0009B47F0485709F1E9
:10938000FF3E03EB090B0BF1FF3B08220021276096
:10939000013AA3682060C3F3C06343EA4101F6D1F8
:1093A0000EF8011FDE45F0D1C4F800A0636843F059
:1093B0007D5363602B682BB1002300BF01332A6803
:1093C0009342FAD3DDE90032D21A01920AD09844CE
:1093D00099444FEA18434FEA182B02935FFA88F337
:1093E000039383E705B0BDE8F08FC4F800A063687D
:1093F00043F07D5363602B68002BDDD176E700BF1F
:10940000480604204C06042000C00042C04C002046
:10941000DC000420C44C0020D04C0020000140019E
:1094200000B507228E46DFF828C04EFA02F39B06ED
:1094300003F08063034343F00071CCF80030CCF8B4
:10944000001000BFCCF8003000BF013AEDD200BDE3
:1094500000C00042002A00F08F801346020C2DE964
:10946000F04F85B080468946DFF824A102924FEA8A
:10947000102BC2B2414E424D424C019242496268A9
:10948000096842F07D529942626028BF1946DAF8B5
:109490000020009142F001223C4942F48002096818
:1094A00022EA010C2CF0785747F0405020603268D7
:1094B0002AB1002100BF013132689142FAD3032161
:1094C0000393FFF7ADFF9DF80810FFF7A9FF5FFAC0
:1094D0008BF1FFF7A5FF0199FFF7A2FF6268039BDD
:1094E00022F000626260009A002A37D0009A47F0AA
:1094F000485709F1FF3E02EB090B0BF1FF3B082136
:109500004FF0000C276000BFA2682060C2F3C06269
:1095100042EA4C0C00BF0139F4D10EF801CFDE4510
:10952000EDD1DAF800202260626842F07D5262607C
:109530002A682AB1002200BF013229688A42FAD380
:10954000009A9B1A15D0904491444FEA18424FEA72
:10955000182B02925FFA88F201928FE7DAF8002066
:109560002260626842F07D5262602A68002AE1D17E
:1095700084E705B0BDE8F08F704700BF48060420BF
:109580004C06042000C00042C04C0020C44C002007
:10959000DC000420002A00F0AE800B46010C2DE90F
:1095A000F04F87B08146DFF868A10291010A524F5F
:1095B0000191C1B2514E524D524C039152486168D3
:1095C000006841F07D519042616028BF1046DAF892
:1095D0000010804641F001214C4841F480010068B0
:1095E00021EA000C2CF0785B4BF040502060396889
:1095F00039B14FF0000C00BF0CF1010C39688C45FB
:10960000F9D30B21CDE90432FFF70AFF9DF80810CA
:10961000FFF706FF9DF80410FFF702FF0399FFF71D
:10962000FFFE616821F0006161603168DDE90432AC
:1096300071B14BF048514FF0000C9E46216000BFC5
:10964000206000BF0CF1010C33686345F6D8734607
:10965000B8F1000F41D04BF0485C194608EB030B02
:1096600003F1FF3E63468C460BF1FF3BCDE90189D8
:109670004FF008084FF00009236000BFA168206088
:10968000C1F3C06141EA490900BFB8F10108F3D153
:109690000EF8019FDE45EBD1DAF800106346DDE9F4
:1096A00001892160616841F07D516160296829B1BB
:1096B000002100BF013128688142FAD3B2EB0802D1
:1096C00016D0C14443444FEA194102914FEA19218F
:1096D00001915FFA89F1039170E7DAF800102160D7
:1096E000616841F07D51616029680029E0D165E73A
:1096F00007B0BDE8F08F704748060420D04C00202A
:109700004C06042000C00042C04C0020C44C002085
:10971000DC00042000B507228E46DFF82CC04EFA8C
:1097200002F39B0603F08063034343F00071CCF81F
:109730000030CCF8001000BF00BFCCF8003000BFF4
:1097400000BF013AEBD200BD00C00042002A00F089
:1097500091801346020C2DE9F04F85B08046894672
:10976000DFF828A101924FEA102BC2B2424E434DBE
:10977000434C029243496268096842F07D52994223
:10978000626028BF1946DAF80020009142F00122F9
:109790003D4942F48002096822EA010C2CF0785716
:1097A00047F04050206032682AB1002100BF0131EB
:1097B00032689142FAD303210393FFF7ABFF9DF880
:1097C0000410FFF7A7FF5FFA8BF1FFF7A3FF0299E1
:1097D000FFF7A0FF6268039B22F000626260009ABC
:1097E000002A39D0009A47F0485709F1FF3E02EBB2
:1097F000090B0BF1FF3B08214FF0000C276000BF65
:1098000000BFA2682060C2F3C06242EA4C0C00BFF5
:1098100000BF0139F2D10EF801CFDE45EBD1DAF805
:1098200000202260626842F07D5262602A682AB19C
:10983000002200BF013229688A42FAD3009A9B1A9B
:1098400015D0904491444FEA18424FEA182B0192E8
:109850005FFA88F202928DE7DAF8002022606268EF
:1098600042F07D5262602A68002AE1D182E705B0A9
:10987000BDE8F08F704700BF480604204C06042066
:1098800000C00042C04C0020C44C0020DC0004207A
:10989000002A00F0B2800B46010C2DE9F04F87B092
:1098A0008146DFF870A10391010A544F0291C1B2C1
:1098B000534E544D544C019154486168006841F036
:1098C0007D519042616028BF1046DAF80010804652
:1098D00041F001214E4841F48001006821EA000C6A
:1098E0002CF0785B4BF040502060396839B14FF074
:1098F000000C00BF0CF1010C39688C45F9D30B2129
:10990000CDE90432FFF706FF9DF80C10FFF702FFC8
:109910009DF80810FFF7FEFE0199FFF7FBFE616856
:1099200021F0006161603168DDE9043281B14BF002
:1099300048514FF0000C9E46216000BF00BF2060E0
:1099400000BF00BF0CF1010C33686345F4D87346C7
:10995000B8F1000F43D04BF0485C194608EB030BFD
:1099600003F1FF3E63468C460BF1FF3BCDE90189D5
:109970004FF008084FF00009236000BF00BFA16846
:109980002060C1F3C06141EA490900BF00BFB8F1DE
:109990000108F1D10EF8019FDE45E9D1DAF8001097
:1099A0006346DDE901892160616841F07D516160B4
:1099B000296829B1002100BF013128688142FAD30A
:1099C000B2EB080216D0C14443444FEA1941039157
:1099D0004FEA192102915FFA89F101916CE7DAF8F7
:1099E00000102160616841F07D51616029680029A3
:1099F000E0D161E707B0BDE8F08F7047480604206A
:109A0000D04C00204C06042000C00042C04C002076
:109A1000C44C0020DC00042000B507228E46DFF88D
:109A200030C04EFA02F39B0603F08063034343F019
:109A30000071CCF80030CCF8001000BF00BF00BFB0
:109A4000CCF8003000BF00BF00BF013AE9D200BD32
:109A500000C00042002A00F093801346020C2DE95A
:109A6000F04F85B080468946DFF82CA101924FEA7D
:109A7000102BC2B2434E444D444C0292444962689A
:109A8000096842F07D529942626028BF1946DAF8AF
:109A90000020009142F001223E4942F48002096810
:109AA00022EA010C2CF0785747F0405020603268D1
:109AB0002AB1002100BF013132689142FAD303215B
:109AC0000393FFF7A9FF9DF80410FFF7A5FF5FFAC6
:109AD0008BF1FFF7A1FF0299FFF79EFF6268039BDE
:109AE00022F000626260009A002A3BD0009A47F0A0
:109AF000485709F1FF3E02EB090B0BF1FF3B082130
:109B00004FF0000C276000BF00BF00BFA2682060BC
:109B1000C2F3C06242EA4C0C00BF00BF00BF013973
:109B2000F0D10EF801CFDE45E9D1DAF8002022604D
:109B3000626842F07D5262602A682AB1002200BF4A
:109B4000013229688A42FAD3009A9B1A15D09044B0
:109B500091444FEA18424FEA182B01925FFA88F2BB
:109B600002928BE7DAF800202260626842F07D52B0
:109B700062602A68002AE1D180E705B0BDE8F08F75
:109B8000704700BF480604204C06042000C0004275
:109B9000C04C0020C44C0020DC000420002A00F04F
:109BA000B6800B46010C2DE9F04F87B08146DFF8F7
:109BB00078A10391010A564F0291C1B2554E564DFC
:109BC000564C019156486168006841F07D519042C1
:109BD000616028BF1046DAF80010804641F001218C
:109BE000504841F48001006821EA000C2CF0785BB9
:109BF0004BF040502060396839B14FF0000C00BF85
:109C00000CF1010C39688C45F9D30B21CDE90432F4
:109C1000FFF702FF9DF80C10FFF7FEFE9DF80810FD
:109C2000FFF7FAFE0199FFF7F7FE616821F0006186
:109C300061603168DDE9043291B14BF048514FF079
:109C4000000C9E46216000BF00BF00BF206000BF27
:109C500000BF00BF0CF1010C33686345F2D87346B6
:109C6000B8F1000F45D04BF0485C194608EB030BE8
:109C700003F1FF3E63468C460BF1FF3BCDE90189C2
:109C80004FF008084FF00009236000BF00BF00BF7D
:109C9000A1682060C1F3C06141EA490900BF00BF6B
:109CA00000BFB8F10108EFD10EF8019FDE45E7D102
:109CB000DAF800106346DDE901892160616841F04E
:109CC0007D516160296829B1002100BF01312868F8
:109CD0008142FAD3B2EB080216D0C14443444FEAA2
:109CE000194103914FEA192102915FFA89F101911B
:109CF00068E7DAF800102160616841F07D51616029
:109D000029680029E0D15DE707B0BDE8F08F704712
:109D100048060420D04C00204C06042000C000421D
:109D2000C04C0020C44C0020DC00042000B50722F9
:109D30008E46DFF834C04EFA02F39B0603F08063D0
:109D4000034343F00071CCF80030CCF8001000BFA2
:109D500000BF00BF00BFCCF8003000BF00BF00BF95
:109D600000BF013AE7D200BD00C000422DE9F04F2C
:109D700085B00092002A65D0030A8046364D040C57
:109D800002938946C3B2354EDFF8E4A00393DAF8B4
:109D90000420334B42F07D5232481968324BCAF8E6
:109DA0000420324A1B6812681843009F20EA020010
:109DB0008F4220F0785028BF0F4640F04050CAF83C
:109DC00000002A683AB1002100BF01312B68994296
:109DD000FAD3254B1B6802210193FFF7A7FFE1B2DD
:109DE000FFF7A4FF9DF80810FFF7A0FF0399FFF706
:109DF0009DFF019B4FB307EB090401979B4609F1B7
:109E0000FF37013C17F8011FFFF790FFA742F9D178
:109E1000019FCAF800B032682AB1002200BF0132A7
:109E200033689A42FAD3009BDB1B00930AD0B844F4
:109E3000B9444FEA18234FEA184402935FFA88F3B3
:109E40000393A4E705B0BDE8F08FCAF8003032688C
:109E5000002AE2D19BE700BF480604204C060420FC
:109E6000C04C002000014001DC000420C44C002054
:109E700000C00042002A00F095801346020C2DE934
:109E8000F04F85B080468946DFF830A101924FEA55
:109E9000102BC2B2444E454D454C02924549626872
:109EA000096842F07D529942626028BF1946DAF88B
:109EB0000020009142F001223F4942F480020968EB
:109EC00022EA010C2CF0785747F0405020603268AD
:109ED0002AB1002100BF013132689142FAD3032137
:109EE0000393FFF723FF9DF80410FFF71FFF5FFAAE
:109EF0008BF1FFF71BFF0299FFF718FF6268039BC6
:109F000022F000626260009A002A3DD0009A47F079
:109F1000485709F1FF3E02EB090B0BF1FF3B08210B
:109F20004FF0000C276000BF00BF00BF00BFA26859
:109F30002060C2F3C06242EA4C0C00BF00BF00BF09
:109F400000BF0139EED10EF801CFDE45E7D1DAF8D6
:109F500000202260626842F07D5262602A682AB165
:109F6000002200BF013229688A42FAD3009A9B1A64
:109F700015D0904491444FEA18424FEA182B0192B1
:109F80005FFA88F2029289E7DAF8002022606268BC
:109F900042F07D5262602A68002AE1D17EE705B076
:109FA000BDE8F08F704700BF480604204C0604202F
:109FB00000C00042C04C0020C44C0020DC00042043
:109FC000002A00F0BA800B46010C2DE9F04F87B053
:109FD0008146DFF880A10291010A584F0191C1B278
:109FE000574E584D584C039158486168006841F0ED
:109FF0007D519042616028BF1046DAF8001080461B
:10A0000041F00121524841F48001006821EA000C2E
:10A010002CF0785B4BF040502060396839B14FF03C
:10A02000000C00BF0CF1010C39688C45F9D30B21F1
:10A03000CDE90432FFF77AFE9DF80810FFF776FEAF
:10A040009DF80410FFF772FE0399FFF76FFE616839
:10A0500021F0006161603168DDE90432A1B14BF0AB
:10A0600048514FF0000C9E46216000BF00BF00BF6A
:10A0700000BF206000BF00BF00BF00BF0CF1010C9B
:10A0800033686345F0D87346B8F1000F47D04BF002
:10A09000485C194608EB030B03F1FF3E63468C4610
:10A0A0000BF1FF3BCDE901894FF008084FF00009A3
:10A0B000236000BF00BF00BF00BFA1682060C1F3E4
:10A0C000C06141EA490900BF00BF00BF00BFB8F14D
:10A0D0000108EDD10EF8019FDE45E5D1DAF8001058
:10A0E0006346DDE901892160616841F07D5161606D
:10A0F000296829B1002100BF013128688142FAD3C3
:10A10000B2EB080216D0C14443444FEA1941029110
:10A110004FEA192101915FFA89F1039164E7DAF8B6
:10A1200000102160616841F07D516160296800295B
:10A13000E0D159E707B0BDE8F08F7047480604202A
:10A14000D04C00204C06042000C00042C04C00202F
:10A15000C44C0020DC00042000B507228E46DFF846
:10A1600038C04EFA02F39B0603F08063034343F0CA
:10A170000071CCF80030CCF8001000BF00BF00BF69
:10A1800000BF00BFCCF8003000BF00BF00BF00BF61
:10A1900000BF013AE5D200BD00C000422DE9F04FFA
:10A1A00085B00092002A65D0030A8046364D040C23
:10A1B00002938946C3B2354EDFF8E4A00393DAF880
:10A1C0000420334B42F07D5232481968324BCAF8B2
:10A1D0000420324A1B6812681843009F20EA0200DC
:10A1E0008F4220F0785028BF0F4640F04050CAF808
:10A1F00000002A683AB1002100BF01312B68994262
:10A20000FAD3254B1B6802210193FFF7A5FFE1B2AA
:10A21000FFF7A2FF9DF80810FFF79EFF0399FFF7D5
:10A220009BFF019B4FB307EB090401979B4609F184
:10A23000FF37013C17F8011FFFF78EFFA742F9D146
:10A24000019FCAF800B032682AB1002200BF013273
:10A2500033689A42FAD3009BDB1B00930AD0B844C0
:10A26000B9444FEA18234FEA184402935FFA88F37F
:10A270000393A4E705B0BDE8F08FCAF80030326858
:10A28000002AE2D19BE700BF480604204C060420C8
:10A29000C04C002000014001DC000420C44C002020
:10A2A00000C00042002A00F097801346020C2DE9FE
:10A2B000F04F85B080468946DFF834A101924FEA1D
:10A2C000102BC2B2454E464D464C0292464962683A
:10A2D000096842F07D529942626028BF1946DAF857
:10A2E0000020009142F00122404942F480020968B6
:10A2F00022EA010C2CF0785747F040502060326879
:10A300002AB1002100BF013132689142FAD3032102
:10A310000393FFF721FF9DF80410FFF71DFF5FFA7D
:10A320008BF1FFF719FF0299FFF716FF6268039B95
:10A3300022F000626260009A002A3FD0009A47F043
:10A34000485709F1FF3E02EB090B0BF1FF3B0821D7
:10A350004FF0000C276000BF00BF00BF00BF00BF70
:10A36000A2682060C2F3C06242EA4C0C00BF00BF8A
:10A3700000BF00BF00BF0139ECD10EF801CFDE45B0
:10A38000E5D1DAF800202260626842F07D52626016
:10A390002A682AB1002200BF013229688A42FAD312
:10A3A000009A9B1A15D0904491444FEA18424FEA04
:10A3B000182B01925FFA88F2029287E7DAF8002000
:10A3C0002260626842F07D5262602A68002AE1D110
:10A3D0007CE705B0BDE8F08F704700BF4806042059
:10A3E0004C06042000C00042C04C0020C44C002099
:10A3F000DC000420002A00F0BE800B46010C2DE991
:10A40000F04F87B08146DFF888A10291010A5A4FC8
:10A410000191C1B2594E5A4D5A4C03915A48616844
:10A42000006841F07D519042616028BF1046DAF823
:10A430000010804641F00121544841F48001006839
:10A4400021EA000C2CF0785B4BF04050206039681A
:10A4500039B14FF0000C00BF0CF1010C39688C458C
:10A46000F9D30B21CDE90432FFF776FE9DF80810F1
:10A47000FFF772FE9DF80410FFF76EFE0399FFF7D9
:10A480006BFE616821F0006161603168DDE90432D2
:10A49000B1B14BF048514FF0000C9E46216000BF17
:10A4A00000BF00BF00BF00BF206000BF00BF00BFF3
:10A4B00000BF00BF0CF1010C33686345EED8734652
:10A4C000B8F1000F49D04BF0485C194608EB030B7C
:10A4D00003F1FF3E63468C460BF1FF3BCDE901895A
:10A4E0004FF008084FF00009236000BF00BF00BF15
:10A4F00000BF00BFA1682060C1F3C06141EA490903
:10A5000000BF00BF00BF00BF00BFB8F10108EBD122
:10A510000EF8019FDE45E3D1DAF800106346DDE96D
:10A5200001892160616841F07D516160296829B12C
:10A53000002100BF013128688142FAD3B2EB080242
:10A5400016D0C14443444FEA194102914FEA192100
:10A5500001915FFA89F1039160E7DAF80010216058
:10A56000616841F07D51616029680029E0D155E7BB
:10A5700007B0BDE8F08F704748060420D04C00209B
:10A580004C06042000C00042C04C0020C44C0020F7
:10A59000DC00042000B507228E46DFF83CC04EFAEE
:10A5A00002F39B0603F08063034343F00071CCF891
:10A5B0000030CCF8001000BF00BF00BF00BF00BFDC
:10A5C00000BFCCF8003000BF00BF00BF00BF00BF1D
:10A5D00000BF013AE3D200BD00C000422DE9F04FB8
:10A5E00085B00092002A65D0030A8046364D040CDF
:10A5F00002938946C3B2354EDFF8E4A00393DAF83C
:10A600000420334B42F07D5232481968324BCAF86D
:10A610000420324A1B6812681843009F20EA020097
:10A620008F4220F0785028BF0F4640F04050CAF8C3
:10A6300000002A683AB1002100BF01312B6899421D
:10A64000FAD3254B1B6802210193FFF7A3FFE1B268
:10A65000FFF7A0FF9DF80810FFF79CFF0399FFF795
:10A6600099FF019B4FB307EB090401979B4609F142
:10A67000FF37013C17F8011FFFF78CFFA742F9D104
:10A68000019FCAF800B032682AB1002200BF01322F
:10A6900033689A42FAD3009BDB1B00930AD0B8447C
:10A6A000B9444FEA18234FEA184402935FFA88F33B
:10A6B0000393A4E705B0BDE8F08FCAF80030326814
:10A6C000002AE2D19BE700BF480604204C06042084
:10A6D000C04C002000014001DC000420C44C0020DC
:10A6E00000C00042002A00F099801346020C2DE9B8
:10A6F000F04F85B080468946DFF838A102925FFAB4
:10A7000080FB020A464E474D474C0192474962681A
:10A71000096842F07D529942626028BF1946DAF812
:10A720000020009142F00122414942F48002096870
:10A7300022EA010C2CF0785747F040502060326834
:10A740002AB1002100BF013132689142FAD30321BE
:10A750000393FFF71FFF9DF80810FFF71BFF9DF8FD
:10A760000410FFF717FF5946FFF714FF6268039BB9
:10A7700022F000626260009A002A41D0009A47F0FD
:10A78000485709F1FF3E02EB090B0BF1FF3B082193
:10A790004FF0000C276000BF00BF00BF00BF00BF2C
:10A7A00000BFA2682060C2F3C06242EA4C0C00BF46
:10A7B00000BF00BF00BF00BF00BF0139EAD10EF8E3
:10A7C00001CFDE45E3D1DAF800202260626842F072
:10A7D0007D5262602A682AB1002200BF01322968D6
:10A7E0008A42FAD3009A9B1A15D0904491444FEABA
:10A7F00018425FFA88FB02924FEA1822019285E71D
:10A80000DAF800202260626842F07D5262602A68B5
:10A81000002AE1D17AE705B0BDE8F08F704700BFAC
:10A82000480604204C06042000C00042C04C002012
:10A83000C44C0020DC000420002A00F0C2800B463B
:10A84000010C2DE9F04F87B08146DFF890A101910E
:10A85000010A5C4F0391C1B25B4E5C4D5C4C0291AE
:10A860005C486168006841F07D519042616028BF9A
:10A870001046DAF80010804641F00121564841F4B4
:10A880008001006821EA000C2CF0785B4BF040500E
:10A890002060396839B14FF0000C00BF0CF1010C99
:10A8A00039688C45F9D30B21CDE90432FFF772FEEC
:10A8B0009DF80410FFF76EFE9DF80C10FFF76AFE7E
:10A8C0000299FFF767FE616821F0006161603168FD
:10A8D000DDE90432C1B14BF048514FF0000C9E4607
:10A8E000216000BF00BF00BF00BF00BF00BF2060ED
:10A8F00000BF00BF00BF00BF00BF00BF0CF1010CD4
:10A9000033686345ECD87346B8F1000F4BD04BF079
:10A91000485C194608EB030B03F1FF3E63468C4687
:10A920000BF1FF3BCDE901894FF008084FF000091A
:10A93000236000BF00BF00BF00BF00BF00BFA16811
:10A940002060C1F3C06141EA490900BF00BF00BFF8
:10A9500000BF00BF00BFB8F10108E9D10EF8019FA8
:10A96000DE45E1D1DAF800106346DDE901892160B6
:10A97000616841F07D516160296829B1002100BF03
:10A98000013128688142FAD3B2EB080216D0C144E3
:10A9900043444FEA194101914FEA192103915FFAAB
:10A9A00089F102915CE7DAF800102160616841F0FA
:10A9B0007D51616029680029E0D151E707B0BDE809
:10A9C000F08F704748060420D04C00204C0604202D
:10A9D00000C00042C04C0020C44C0020DC00042019
:10A9E00000B507228E46DFF840C04EFA02F39B0600
:10A9F00003F08063034343F00071CCF80030CCF8DF
:10AA0000001000BF00BF00BF00BF00BF00BF00BFFD
:10AA1000CCF8003000BF00BF00BF00BF00BF00BFC8
:10AA200000BF013AE1D200BD00C000422DE9F04F65
:10AA300085B00092002A65D0030A8046364D040C8A
:10AA400002938946C3B2354EDFF8E4A00393DAF8E7
:10AA50000420334B42F07D5232481968324BCAF819
:10AA60000420324A1B6812681843009F20EA020043
:10AA70008F4220F0785028BF0F4640F04050CAF86F
:10AA800000002A683AB1002100BF01312B689942C9
:10AA9000FAD3254B1B6802210193FFF7A1FFE1B216
:10AAA000FFF79EFF9DF80810FFF79AFF0399FFF745
:10AAB00097FF019B4FB307EB090401979B4609F1F0
:10AAC000FF37013C17F8011FFFF78AFFA742F9D1B2
:10AAD000019FCAF800B032682AB1002200BF0132DB
:10AAE00033689A42FAD3009BDB1B00930AD0B84428
:10AAF000B9444FEA18234FEA184402935FFA88F3E7
:10AB00000393A4E705B0BDE8F08FCAF800303268BF
:10AB1000002AE2D19BE700BF480604204C0604202F
:10AB2000C04C002000014001DC000420C44C002087
:10AB300000C00042002A00F09B801346020C2DE961
:10AB4000F04F85B080468946DFF83CA102925FFA5B
:10AB500080FB020A474E484D484C019248496268C2
:10AB6000096842F07D529942626028BF1946DAF8BE
:10AB70000020009142F00122424942F4800209681B
:10AB800022EA010C2CF0785747F0405020603268E0
:10AB90002AB1002100BF013132689142FAD303216A
:10ABA0000393FFF71DFF9DF80810FFF719FF9DF8AD
:10ABB0000410FFF715FF5946FFF712FF6268039B69
:10ABC00022F000626260009A002A43D0009A47F0A7
:10ABD000485709F1FF3E02EB090B0BF1FF3B08213F
:10ABE0004FF0000C276000BF00BF00BF00BF00BFD8
:10ABF00000BF00BFA2682060C2F3C06242EA4C0CF2
:10AC000000BF00BF00BF00BF00BF00BF00BF0139D1
:10AC1000E8D10EF801CFDE45E1D1DAF8002022605C
:10AC2000626842F07D5262602A682AB1002200BF49
:10AC3000013229688A42FAD3009A9B1A15D09044AF
:10AC400091444FEA18425FFA88FB02924FEA1822B9
:10AC5000019283E7DAF800202260626842F07D52B8
:10AC600062602A68002AE1D178E705B0BDE8F08F7C
:10AC7000704700BF480604204C06042000C0004274
:10AC8000C04C0020C44C0020DC000420002A00F04E
:10AC9000C6800B46010C2DE9F04F87B08146DFF8E6
:10ACA00098A10191010A5E4F0391C1B25D4E5E4DC4
:10ACB0005E4C02915E486168006841F07D519042AF
:10ACC000616028BF1046DAF80010804641F001218B
:10ACD000584841F48001006821EA000C2CF0785BB0
:10ACE0004BF040502060396839B14FF0000C00BF84
:10ACF0000CF1010C39688C45F9D30B21CDE90432F4
:10AD0000FFF76EFE9DF80410FFF76AFE9DF80C1029
:10AD1000FFF766FE0299FFF763FE616821F00061AC
:10AD200061603168DDE90432D1B14BF048514FF038
:10AD3000000C9E46216000BF00BF00BF00BF00BFE7
:10AD400000BF00BF206000BF00BF00BF00BF00BF4A
:10AD500000BF00BF0CF1010C33686345EAD87346AD
:10AD6000B8F1000F4DD04BF0485C194608EB030BCF
:10AD700003F1FF3E63468C460BF1FF3BCDE90189B1
:10AD80004FF008084FF00009236000BF00BF00BF6C
:10AD900000BF00BF00BF00BFA1682060C1F3C06159
:10ADA00041EA490900BF00BF00BF00BF00BF00BFAC
:10ADB00000BFB8F10108E7D10EF8019FDE45DFD1F1
:10ADC000DAF800106346DDE901892160616841F02D
:10ADD0007D516160296829B1002100BF01312868D7
:10ADE0008142FAD3B2EB080216D0C14443444FEA81
:10ADF000194101914FEA192103915FFA89F10291FA
:10AE000058E7DAF800102160616841F07D51616017
:10AE100029680029E0D14DE707B0BDE8F08F704701
:10AE200048060420D04C00204C06042000C00042FC
:10AE3000C04C0020C44C0020DC000420F8B50D4DAF
:10AE400042F21076EB6A23F0F00343EA0013EB6260
:10AE500019F0E0FA074604E019F0DCFAC01BB04232
:10AE600005D86C6A14F00804F6D00120F8BD20461D
:10AE7000F8BD00BF00002C40044B10B5044640F85C
:10AE8000103B16F0B1FD204610BD00BF283F00204A
:10AE900070B5064C064EA4F5A07544F8106C20461B
:10AEA000503C16F0A1FDAC42F7D170BDB8FE0320B6
:10AEB000283F002070B5174C174D184E1AF0C8FCEB
:10AEC00098B11AF00BFD0021C0B223680A460A2887
:10AED0000CD00D280AD03E2B03F10102EEDC2260DB
:10AEE000E8541AF0B5FC0028EBD170BDE9542B688A
:10AEF000B34201D02260E1E7094B47F26F011888A5
:10AF00008842F7D19B780749002BF3D101230B70BE
:10AF1000F0E700BFD80004207C0604203A3A73749E
:10AF2000800604208FE30420F8B501210746342071
:10AF300007240B4E4FF0806519F0B8FA05E0C6F80B
:10AF40008450FDF7D1FE013C09D347FA04F3DB0737
:10AF5000F5D4C6F88850FDF7C7FE013CF5D2F8BD20
:10AF600000C0004200292DE9F047164622DD451EAB
:10AF70009946A3F1050800244F194FF05C0A07E039
:10AF80005E2A1BD801340370BD4212D0444510DA4A
:10AF900015F8013F3019611C222BA3F1200201D0CA
:10AFA0005C2BEDD1BD4280F800A004F10204735483
:10AFB000ECD1264400233370BDE8F087A9EB0401EF
:10AFC000024A04341CF02EF9DEE700BFAC08002072
:10AFD0000A4BDFF838C01B789CF800C0022B09D060
:10AFE000012B03D0064B53F82C301847054B53F870
:10AFF0002C301847044B53F82C30184791E30420A9
:10B0000048060020FC05002094060020C34F0020C5
:10B010002DE9F04F85B0484E6022202302AD8146D5
:10B02000D6F800806C462F46DFF820A1CDE900233A
:10B0300054F8042BB9F1570F326045D03F49002036
:10B04000DAF804B0FFF7C4FFDAF80430BC42C6F8FF
:10B050000080A3EB0B0345F8043BE9D1DDED027A58
:10B06000DDED036AB8EE677BB8EE666B9FED2C5B97
:10B0700037EE466B26EE056BB5EEC06BF1EE10FABF
:10B0800047D92F4B9FED285B93ED004AA6EE457BF9
:10B09000B8EE444B9FED263B94EE037BB0EE475B4E
:10B0A00085EE067BFDEEC77B17EE900A0028B8BF41
:10B0B000073020F007000828B8BF08206028A8BF84
:10B0C000602005B0BDE8F08F72B11E4B1B491B78A4
:10B0D000501803EBC30303EBC3033B3301F8013BFD
:10B0E0008142A3F16303F9D1174B1878174BD3F8BA
:10B0F00004B0174B1B7830B11649002051F82330AB
:10B100000E499847A0E7144951F823300B49984756
:10B110009AE7102005B0BDE8F08F00BFAFF30080C4
:10B12000000000000000903F0000000000005840B8
:10B13000C9C7EE022505F63EC04C0020C01601200E
:10B140009C4C00208BE3042091E30420001000E0DD
:10B15000C44F0020E00600202C070020024BD3F84B
:10B160008C0403681B6A1847B0E701202DE9F843F7
:10B17000DFF878800646D8F80090D8F80030A3EBC6
:10B18000090399422FD90F46002440F2FE751AF0A8
:10B190005FFBB8B11AF0A2FBC3B20D2B18BF0A2B8C
:10B1A0000CBF0120002005D1002CF0D00023335526
:10B1B000BDE8F883AC42EADC335501341AF048FBB1
:10B1C0000028E7D1052019F0CFF8D8F80030A3EB1C
:10B1D0000903BB42DBD3201E264418BF01200023F5
:10B1E0003370BDE8F8830020F9E700BF64E3042072
:10B1F000836C13B1184615F07FBAC06C08B114F017
:10B200006FBA7047836C13B1184615F079B9C06CEA
:10B2100008B113F023BE4FF0FF307047836C53B179
:10B22000187810F008000DD0D8695B69C01A48BFC3
:10B230006FF000407047C36CA3B193F8310010F079
:10B24000080000D17047186919685A69401A5B688C
:10B2500062EB0303B0F1004F73F10003F2D36FF020
:10B26000004070471846EDE72DE9F04F89B0019294
:10B27000002A00F0D780020B8146030D8B46069210
:10B28000020A704F4FEA104A049202096E4E03926E
:10B2900000F00F02DFF8C4816C4C079305926368DD
:10B2A0006B4A43F07D53116863606A4B019A1868DA
:10B2B0008A42694B40F0012028BF0A46196840F4D1
:10B2C000800020EA010020F078552560396839B106
:10B2D0004FF0000C00BF0CF1010C3B689C45F9D30A
:10B2E0000E2128460292FDF7A3FF0B212846FDF709
:10B2F0009FFF079B284603F00F01FDF799FF0AF017
:10B300000F012846FDF794FF069B284603F00F0126
:10B31000FDF78EFF049B284603F00F01FDF788FF21
:10B32000039B284603F00F01FDF782FF059928468D
:10B33000FDF77EFF6168029A21F07051616031680B
:10B34000B1B145F000734FF0000C236000BF00BFA7
:10B3500000BF00BF00BF00BF256000BF00BF00BF2F
:10B3600000BF00BF00BF0CF1010C31686145ECD893
:10B37000002A5AD002EB0B0A45F000730BF1FF3C98
:10B380000AF1FF3A236000BF00BF00BF00BF00BF4B
:10B3900000BFA068256000BF00BF00BF00BF00BFA6
:10B3A00000BF236000BF00BF00BF00BF00BF00BFE1
:10B3B000A168256000BF00BF00BF00BF00BF00BF85
:10B3C000800EC1F3836141EA00110CF8011FD445DE
:10B3D000D8D1204B19682160616841F07D516160CE
:10B3E000D8F8001031B1002100BF0131D8F8003089
:10B3F0009942F9D3019B9B1A019313D09144934432
:10B400004FEA19534FEA194A07934FEA1933069343
:10B410004FEA192304934FEA1913039309F00F031A
:10B4200005933CE709B0BDE8F08F0A4B196821602D
:10B43000616841F07D516160D8F800100029D2D1D7
:10B440002DE700BF48060420C84C002000C0004281
:10B45000C04C0020DC000420C44C00204C0604201A
:10B460002DE9F04F89B00192002A00F0DD80020B37
:10B470008146030D8B460692020A734F4FEA104A2B
:10B4800004920209714E039200F00F02DFF8D0819E
:10B490006F4C0793059263686E4A43F07D531168C1
:10B4A00063606D4B019A18688A426C4B40F0012032
:10B4B00028BF0A46196840F4800020EA010020F005
:10B4C00078552560396839B14FF0000C00BF0CF198
:10B4D000010C3B689C45F9D30E2128460292FDF7EA
:10B4E000BFFE0B212846FDF7BBFE079B284603F055
:10B4F0000F01FDF7B5FE0AF00F012846FDF7B0FE7B
:10B50000069B284603F00F01FDF7AAFE049B284680
:10B5100003F00F01FDF7A4FE039B284603F00F0183
:10B52000FDF79EFE05992846FDF79AFE6168029A8E
:10B5300021F0705161603168C1B145F000734FF086
:10B54000000C236000BF00BF00BF00BF00BF00BFF2
:10B5500000BF256000BF00BF00BF00BF00BF00BF2D
:10B5600000BF0CF1010C31686145EAD8002A5ED0B9
:10B5700002EB0B0A45F000730BF1FF3C0AF1FF3AB6
:10B58000236000BF00BF00BF00BF00BF00BF00BFFF
:10B59000A068256000BF00BF00BF00BF00BF00BFA4
:10B5A00000BF236000BF00BF00BF00BF00BF00BFDF
:10B5B00000BFA168256000BF00BF00BF00BF00BF83
:10B5C00000BF00BF800EC1F3836141EA00110CF897
:10B5D000011FD445D4D1204B19682160616841F026
:10B5E0007D516160D8F8001031B1002100BF0131F8
:10B5F000D8F800309942F9D3019B9B1A019313D0DC
:10B60000914493444FEA19534FEA194A07934FEA7A
:10B61000193306934FEA192304934FEA191303933E
:10B6200009F00F03059336E709B0BDE8F08F0A4B28
:10B6300019682160616841F07D516160D8F800109F
:10B640000029D2D127E700BF48060420C84C0020BB
:10B6500000C00042C04C0020DC000420C44C00208C
:10B660004C0604202DE9F04190B00D4614462549C2
:10B67000169EFF2298468DED0F0A3046CDED0E0A3C
:10B68000179F10F061FF4FF4806301461E4A1D486A
:10B69000FFF768FC1D4BDDED0E0A4FF4AF619DED29
:10B6A0000F0A53F82530B7EEE07AB7EEC00A164815
:10B6B000A342174A0C90CCBF164B174B174808975C
:10B6C0000496CDF80C8000958DED0A7B8DED060B70
:10B6D000CDE901441BF0A6FD114B53F82520A242F1
:10B6E00002DC013443F825400C481CF039FD0146CA
:10B6F0000A481AF017F90B4810B0BDE8F04118F0ED
:10B7000081BC00BF141B0420141704206CF7032015
:10B71000B8080020B4080020803E0020141C04203B
:10B720008CF70320A04C0020836C13B1184615F051
:10B73000FBB8C06C08B114F021B9704700B5836C38
:10B7400083B08DF807103BB101220DF107011846B7
:10B7500015F0EAF803B000BDC06C0028FAD0012251
:10B760000DF1070114F00AF903B000BD2DE9F84FFF
:10B7700007464FF0000B174E174D184CDFF868A026
:10B78000DFF86890DFF868802378154A03EBC3037D
:10B7900003EBC3033B3302F8013F5245A3F16303BC
:10B7A000F9D12A78337862B158F823304FF4005237
:10B7B0000C49584698470BF5005B5F45E4D8BDE857
:10B7C000F88F59F823304FF40052064958469847ED
:10B7D000F1E700BFC44F002091E304208BE3042075
:10B7E000BF160120C0160120BF3601202C07002003
:10B7F000E0060020836C00B583B05BB101220DF13F
:10B800000701184614F092FD01280BD19DF807009E
:10B8100003B000BDC06C28B101220DF1070113F087
:10B8200053FAF1E74FF0FF30F2E700BF2DE9F041A6
:10B83000ADF5B66D14468046FF220E46DDF8C8050C
:10B8400039491F468DED0D0ACDED0C0A10F07CFE36
:10B850004FF480630146354A05463348FFF782FBC3
:10B86000DDF8CC25324B4FF4AF61DDED0C0A0EA8AC
:10B870009DED0D0A1B68B7EEE07A0692B7EEC00A9E
:10B88000DDF8C825A342CDE90272284ACCBF294B76
:10B89000294B0A92294ACDE900448DED087B8DEDB4
:10B8A000040B1BF0BFFC264B1A68944201DB621CA0
:10B8B0001A600EA81CF054FC01460EA81AF032F8CB
:10B8C000204818F09FFB731E9C421ADBDDF8D03530
:10B8D0001B68EA18B2F5005F17DB05211A481AF059
:10B8E00021F840461CF03CFC014640461AF01AF88C
:10B8F000DDF8D035154819681AF014F8114818F019
:10B9000081FB0DF5B66DBDE8F08110482A46064969
:10B91000184418F015FEDDF8D035DDF8D0251B6889
:10B920002B441360D9E700BF90A9042090A5042000
:10B9300058F70320B4080020803E002000090020B2
:10B940005CF70320A04C00204409002090750420DF
:10B95000002A00F00B81030C84462DE9F04F85B0DE
:10B960000C464FEA105900F00F070393030B1646DD
:10B97000DFF810820293030A7D49019303097D4891
:10B9800000937D4B5A687D4D42F07D52D5F800E022
:10B990005A607B4AB645D8F80050126828BFB646B0
:10B9A00042F0012242F4800222EA050222F078529B
:10B9B0001A600D683DB14FF0000A00BF0AF1010A9C
:10B9C0000D68AA45F9D342F0406A42F0606BC3F8B3
:10B9D00000A0C3F800B000BF00BFC3F800A000BFC4
:10B9E00000BF42F0005A42F0085BC3F800A0C3F861
:10B9F00000B000BF00BFC3F800A000BF00BF09F047
:10BA00000F0A42EA8A6A4AF0007BC3F800A0C3F832
:10BA100000B000BF00BFC3F800A000BF00BF039D7F
:10BA200005F00F0A42EA8A6A4AF0007BC3F800A0D8
:10BA3000C3F800B000BF00BFC3F800A000BF00BF44
:10BA4000029D05F00F0A42EA8A6A4AF0007BC3F8B9
:10BA500000A0C3F800B000BF00BFC3F800A000BF43
:10BA600000BF019D05F00F0A42EA8A6A4AF0007B96
:10BA7000C3F800A0C3F800B000BF00BFC3F800A027
:10BA800000BF00BF009D05F00F0A42EA8A6A4AF033
:10BA9000007BC3F800A0C3F800B000BF00BFC3F82C
:10BAA00000A000BF00BF42EA876A4AF0007BC3F8EB
:10BAB00000A0C3F800B000BF00BFC3F800A000BFE3
:10BAC00000BFBEF1000F47D00EEB040A04F1FF39AE
:10BAD0000AF1FF3A19F8017F3F0942EA876747F008
:10BAE000007B1F60C3F800B000BF00BF1F6000BF35
:10BAF00000BF99F8007007F00F0742EA876747F028
:10BB0000007B1F60C3F800B000BF00BF1F6000BF14
:10BB100000BFD145DED11A4A12681A6002682AB104
:10BB2000002700BF013702689742FAD3B6EB0E0632
:10BB300019D0F44474444FEA1C420CF00F074FEA4A
:10BB40001C5903924FEA1C3202924FEA1C220192C6
:10BB50004FEA1C12009215E7094A12681A6002683F
:10BB6000002ADDD10EE705B0BDE8F08F704700BFB9
:10BB7000480604204C06042000C00042C04C0020AF
:10BB8000DC000420C44C0020002A00F01C81030CBF
:10BB9000DFF848C22DE9F04F87B04FEA101982460E
:10BBA000040D0493030B0F46874E0393030ADFF83B
:10BBB00030E21546019300F00F0384480293844B52
:10BBC00084495A68096842F07D52A9425A6028BFE8
:10BBD0002946814A8B463168126841F0012141F4BF
:10BBE000800121EA020121F078511960DCF800207F
:10BBF00042B14FF0000800BF08F10108DCF8002056
:10BC00009045F8D341F0605241F068581A60C3F88B
:10BC1000008000BF00BF1A6000BF00BF41F030527B
:10BC200041F038581A60C3F8008000BF00BF1A60A6
:10BC300000BF00BF04F00F0241EA826242F00078C8
:10BC40001A60C3F8008000BF00BF1A6000BF00BFC9
:10BC5000049A02F00F0241EA826242F000781A6010
:10BC6000C3F8008000BF00BF1A6000BF00BF039A86
:10BC700002F00F0241EA826242F000781A60C3F8D3
:10BC8000008000BF00BF1A6000BF00BF019A02F031
:10BC90000F0241EA826242F000781A60C3F8008025
:10BCA00000BF00BF1A6000BF00BF09F00F0241EAE9
:10BCB000826242F000781A60C3F8008000BF00BFC3
:10BCC0001A6000BF00BF029A41EA826242F0007827
:10BCD0001A60C3F8008000BF00BF1A6000BF00BF39
:10BCE0005A6822F070525A60026882B141F00072C4
:10BCF0004FF0000805941A6000BF00BF196000BF34
:10BD000000BF08F1010804684445F4D8059CBBF164
:10BD1000000F4AD00BEB070941F0007407F1FF3820
:10BD2000CDF804B009F1FF391C6000BF00BFD3F8A3
:10BD300008B0196000BF00BF1C6000BF00BF9A6858
:10BD4000196000BF00BF4FEA9B6BC2F3836242EAF7
:10BD50000B1208F8012FC845E6D13268DDF804B0AF
:10BD60001A605A6842F07D525A60DEF8002032B103
:10BD7000002100BF0131DEF800209142F9D3B5EB7C
:10BD80000B051DD0DA445F444FEA1A424FEA1A54B9
:10BD900004924FEA1A324FEA1A1903924FEA1A2212
:10BDA00001920AF00F0202920AE732681A605A689A
:10BDB00042F07D525A60DEF80020002AD8D1FFE61A
:10BDC00007B0BDE8F08F7047DC000420C84C0020AD
:10BDD00000C00042C04C0020C44C00204806042093
:10BDE0004C0604207D4B2DE9F04F93F800E087B01E
:10BDF0000027DFF814A24FEACE03DFF81092DFF835
:10BE00000482F44605937649764B4A4201390293FF
:10BE1000002304920391CDE90032059B0CEB030053
:10BE2000019BDFF8ECE14FF0010B00EBC0005E1C62
:10BE30006D4D3B30DDE902120EE03FB381EAD133B4
:10BE400008FB03F383EA13331B0A02F8013F63384C
:10BE5000664B294493421FD0012F06EB02030CD0FE
:10BE6000022FEAD1624C04FB03FCF44512D803F024
:10BE700007030BFA03F3DB43E7E70AFB03FCCC45BC
:10BE800006D803F0070307FA03F3DEE70346DCE70F
:10BE90000023DAE7FF23D8E7564B1A78564B1B7876
:10BEA000F2B1564A52F823304FF400524C490098F0
:10BEB0009847009B03F50053B3F5004F009311D052
:10BEC000DDE90123A3F1865302F50052A3F51E23F9
:10BED00001920293414B93F800C04FEACC039DE7D7
:10BEE000474ADFE73F4C0023DFF828B118464FF4FC
:10BEF00000523B490093FFF76BF8384B2046384916
:10BF000093F800C0DFF808E10CEBCC024FEACC0359
:10BF100002EBC20205933B32049BD2B25E1ECDE916
:10BF200001C414E080EAD033364D05FB03F383EA05
:10BF30001333C3F307239C4216D1A0F1C340633AE5
:10BF40008B45A0F59100D2B2A0F24F602DD011F830
:10BF5000014B012F06EB010317D0022F08D0002F51
:10BF6000E0D113469C42E8D0002007B0BDE8F08F36
:10BF70001F4D05FB03FCF44515D803F0070301250D
:10BF800005FA03F3DB43DBB2D5E71F4D05FB03FCEA
:10BF90001E4DAC4505D803F0070307FA03F3DBB2E7
:10BFA000C9E70023C7E7FF23C5E7DDE9003C049AA2
:10BFB000029C03F5005302F50052A4F18654B3F538
:10BFC000004F0492A4F51E2490D10137042F7FF472
:10BFD0001AAF012007B0BDE8F08F00BF8BE304204B
:10BFE000C0160120E999A2F1B179379EBF36012030
:10BFF0006B4CA40791E30420C44F0020E00600200E
:10C000002C0700206D3C1B2C15970CC1535C32048F
:10C010003526D203C03601202DE9F04F8BB00192B6
:10C02000002A00F0CB80030D8A46844668490993B4
:10C03000030CDFF8B0B10893030B0793030A0593D1
:10C040000309049300F00F030693624B5A68624899
:10C0500042F07D52614C00685A60019A2468904217
:10C0600028BF10465E4A1268029242F0012242F452
:10C07000800222EA040222F078521A600C6844B16D
:10C08000002500BF01350C68A542FAD3544C246842
:10C090000294099C42F0406942F0005804F00F0EEF
:10C0A000089C04F00F07079C42EA8E6E04F00F060E
:10C0B000059C42EA876704F00F05049C42EA866605
:10C0C00004F00F0442EA856542EA8464039442F076
:10C0D0006064C3F800901C60C3F8009042F00859F7
:10C0E000C3F80080C3F80090C3F800804EF00078D9
:10C0F000C3F800E0C3F80080C3F800E047F0007E1A
:10C100001F60C3F800E01F6046F000771E60039CCC
:10C110001F601E6045F000761D601E601D6044F0CB
:10C1200000751C601D601C60069C42EA846444F03B
:10C1300000751C601D601C60002842D000EB0A06E0
:10C140000AF1FF35013E15F8014F2409B54242EAD4
:10C15000846444F000771C601F601C602C7804F03D
:10C160000F0442EA846444F000771C601F601C6086
:10C17000E9D1029A1A60DBF8002032B1002200BF38
:10C180000132DBF80040A242F9D3019A121A01925F
:10C1900014D0844482444FEA1C5209924FEA1C4254
:10C1A00008924FEA1C3207924FEA1C2205924FEA8E
:10C1B0001C1204920CF00F02069247E70BB0BDE888
:10C1C000F08F029A1A60DBF80020002AD6D13DE7F2
:10C1D0004806042000C00042C04C0020C44C00208F
:10C1E000DC0004204C060420002A00F0C580030D6A
:10C1F0002DE9F04F87B0914607468A460593030C18
:10C200005E4A0493030B5E4D0393030A5D4E019354
:10C2100003095D4C009300F00F0302935B4B6168D0
:10C22000186841F07D515A4B4845616028BF484627
:10C2300019688046106840F0012040F4800020EA30
:10C24000010020F0785BC4F800B0296839B14FF0E4
:10C25000000C00BF0CF1010C2B689C45F9D30321A5
:10C260005846FCF7FDFF08215846FCF7F9FF059BEF
:10C27000584603F00F01FCF7F3FF049B584603F008
:10C280000F01FCF7EDFF039B584603F00F01FCF78D
:10C29000E7FF019B584603F00F01FCF7E1FF009B0D
:10C2A000584603F00F01FCF7DBFF02995846FCF7F4
:10C2B000D7FF324AB8F1000F55D008EB0A0E0AF149
:10C2C000FF3C0EF1FF3E1CF8013F1B094BEA836364
:10C2D00043F000712360216000BF00BF00BF00BFBA
:10C2E00000BF00BF00BF236000BF00BF00BF00BF92
:10C2F00000BF00BF00BF9CF8003003F00F034BEA03
:10C30000836343F000712360216000BF00BF00BF62
:10C3100000BF00BF00BF00BF236000BF00BF00BF61
:10C3200000BF00BF00BF00BFF445CCD11168216041
:10C33000316829B1002100BF013133689942FAD335
:10C34000B9EB080915D04744C2443B0D05933B0C9B
:10C3500004933B0B03933B0A01933B09009307F0C3
:10C360000F0302935AE71168216031680029E1D177
:10C3700054E707B0BDE8F08F704700BFDC00042031
:10C38000480604204C06042000C00042C04C002097
:10C39000C44C00202DE9F84F00248246DFF88C9031
:10C3A000DFF88C8026461B4F1B4DDFF888B099F8CC
:10C3B000003098F80020022B21D0012B28D05BF808
:10C3C000223030464FF40052144998473B78144AC3
:10C3D00003EBC30303EBC3033B33DBB212F8010FE0
:10C3E000A3F163019842CBB218BF0134AA42F5D140
:10C3F00006F50056B245DAD82046BDE8F88F094B5D
:10C4000053F8223030464FF4005204499847DDE794
:10C41000054BF5E78BE30420BF360120C016012051
:10C42000BF16012094060020FC05002091E30420A3
:10C43000C34F002048060020002A00F08180030C32
:10C440002DE9F04F85B08046894693460293030A52
:10C45000DFF808A10193C3B23A4E3B4D3B4C039326
:10C4600063683B4A43F07D533A4812686360DAF8E8
:10C4700000305A4543EA0000374B28BF5A461B6834
:10C48000174620EA030020F0785040F0405020602A
:10C4900033682BB1002200BF013233689A42FAD3CD
:10C4A0000221FCF7BDFF9DF80810FCF7B9FF9DF8CD
:10C4B0000410FCF7B5FF0399FCF7B2FF002F35D04D
:10C4C00007EB090E09F1FF3101970EF1FF3E11F85C
:10C4D00001CF07224CFA02F39B0603F0806303436B
:10C4E00043F000772360276000BF236000BF013A5C
:10C4F000F0D27145EBD1DAF80030019F23602B6850
:10C500002BB1002300BF01332A689342FAD3BBEB5F
:10C51000070B12D0B844B9444FEA184302934FEACC
:10C52000182301935FFA88F3039399E7DAF8003050
:10C5300023602B68002BE4D192E705B0BDE8F08FB3
:10C54000704700BF480604204C06042000C000428B
:10C55000C04C002000014001C44C0020DC0004203D
:10C56000002A00F01F81030B84462DE9F04F85B0AF
:10C570000C464FEA105816460393030A4FEA104937
:10C58000894D019303098949009300F00F038848FE
:10C590000293884B5A68884F42F07D52D7F800E0EA
:10C5A0005A602A68B645854F42F0012228BFB64638
:10C5B0003F6842F4800222EA070222F078521A60B1
:10C5C0000F683FB14FF0000A00BF0AF1010A0F687F
:10C5D000BA45F9D342F0406A42F0606BC3F800A05C
:10C5E000C3F800B000BF00BF00BFC3F800A000BF89
:10C5F00000BF00BF42F0005A42F0085BC3F800A041
:10C60000C3F800B000BF00BF00BFC3F800A000BF68
:10C6100000BF00BF08F00F0A42EA8A6A4AF0007BB6
:10C62000C3F800A0C3F800B000BF00BF00BFC3F84C
:10C6300000A000BF00BF00BF09F00F0A42EA8A6AEB
:10C640004AF0007BC3F800A0C3F800B000BF00BFF1
:10C6500000BFC3F800A000BF00BF00BF039F07F0EA
:10C660000F0A42EA8A6A4AF0007BC3F800A0C3F8C6
:10C6700000B000BF00BF00BFC3F800A000BF00BFF4
:10C6800000BF019F07F00F0A42EA8A6A4AF0007B66
:10C69000C3F800A0C3F800B000BF00BF00BFC3F8DC
:10C6A00000A000BF00BF00BF009F07F00F0A42EAD2
:10C6B0008A6A4AF0007BC3F800A0C3F800B000BF4C
:10C6C00000BF00BFC3F800A000BF00BF00BF029FB3
:10C6D00042EA876A4AF0007BC3F800A0C3F800B0C2
:10C6E00000BF00BF00BFC3F800A000BF00BF00BF75
:10C6F000BEF1000F4DD00EEB040A04F1FF39904655
:10C700000AF1FF3A19F8012F120948EA826242F051
:10C71000007B1A60C3F800B000BF00BF00BF1A6002
:10C7200000BF00BF00BF99F8002002F00F0248EAE6
:10C73000826242F0007B1A60C3F800B000BF00BF05
:10C7400000BF1A6000BF00BF00BFD145DAD12A6820
:10C750001A6002683AB14FF0000800BF08F1010802
:10C7600002689045F9D3B6EB0E0618D0F444744431
:10C770004FEA1C324FEA1C5803924FEA1C224FEA40
:10C780001C4901924FEA1C1200920CF00F02029217
:10C7900000E72A681A600268002ADCD1FAE605B0D0
:10C7A000BDE8F08F704700BFDC000420480604207D
:10C7B0004C06042000C00042C04C0020C44C0020A5
:10C7C000002A00F02881030DDFF860C22DE9F04F48
:10C7D00087B000F00F0982460F460593030C8E4E7A
:10C7E00015460493030BDFF848E20393030A029310
:10C7F00003098A4801938A4B8A495A68096842F0BA
:10C800007D52A9425A6028BF2946874A8B46316823
:10C81000126841F0012141F4800121EA020121F076
:10C8200078511960DCF8002032B1002400BF0134D7
:10C83000DCF800209442F9D341F0605241F0685492
:10C840001A601C6000BF00BF00BF1A6000BF00BFBD
:10C8500000BF41F0305241F038541A601C6000BFF4
:10C8600000BF00BF1A6000BF00BF00BF059A02F002
:10C870000F0241EA826242F000741A601C6000BF3D
:10C8800000BF00BF1A6000BF00BF00BF049A02F0E3
:10C890000F0241EA826242F000741A601C6000BF1D
:10C8A00000BF00BF1A6000BF00BF00BF039A02F0C4
:10C8B0000F0241EA826242F000741A601C6000BFFD
:10C8C00000BF00BF1A6000BF00BF00BF029A02F0A5
:10C8D0000F0241EA826242F000741A601C6000BFDD
:10C8E00000BF00BF1A6000BF00BF00BF019A02F086
:10C8F0000F0241EA826242F000741A601C6000BFBD
:10C9000000BF00BF1A6000BF00BF00BF41EA8962DC
:10C9100042F000741A601C6000BF00BF00BF1A60C4
:10C9200000BF00BF00BF5A6822F070525A60026810
:10C9300082B141F000720024A8461A6000BF00BF17
:10C9400000BF196000BF00BF00BF01340568A542E9
:10C95000F3D84546BBF1000F4FD00BEB070941F070
:10C96000007407F1FF38CDF804B009F1FF391C60FD
:10C9700000BF00BF00BFD3F808B0196000BF00BF00
:10C9800000BF1C6000BF00BF00BF9A68196000BFF5
:10C9900000BF00BF4FEA9B6BC2F3836242EA0B12F7
:10C9A00008F8012FC845E2D13268DDF804B01A60FA
:10C9B0005A6842F07D525A60DEF8002032B1002100
:10C9C00000BF0131DEF800209142F9D3B5EB0B0531
:10C9D0001ED0DA445F444FEA1A520AF00F0905925A
:10C9E0004FEA1A4204924FEA1A3203924FEA1A228D
:10C9F00002924FEA1A120192FEE632681A605A68F1
:10CA000042F07D525A60DEF80020002AD7D1F3E6CA
:10CA100007B0BDE8F08F7047DC000420C84C002050
:10CA200000C00042C04C0020C44C00204806042036
:10CA30004C060420114B1B7813B1114B1B782BB9FA
:10CA4000104B187800B97047FEF7F8B90E4ADFF8B6
:10CA500044C0536C9CF800C00C486FF30C030C49A5
:10CA6000007843EA0C03097843EA00235364936A8D
:10CA700023F4E04343EA01339362E1E78AE30420CD
:10CA800093E3042094E3042000002C4090E304206E
:10CA90008DE304208EE30420002A00F08380030C41
:10CAA0002DE9F04F85B08046894693460293030AEC
:10CAB000DFF80CA10193C3B23B4E3C4D3C4C0393B9
:10CAC00063683C4A43F07D533B4812686360DAF880
:10CAD00000305A4543EA0000384B28BF5A461B68CD
:10CAE000174620EA030020F0785040F040502060C4
:10CAF00033682BB1002200BF013233689A42FAD367
:10CB00000221FCF707FE9DF80810FCF703FE9DF8D4
:10CB10000410FCF7FFFD0399FCF7FCFD002F37D054
:10CB200007EB090E09F1FF3101970EF1FF3E11F8F5
:10CB300001CF07224CFA02F39B0603F08063034304
:10CB400043F000772360276000BF00BF236000BF71
:10CB500000BF013AEED27145E9D1DAF80030019F09
:10CB600023602B682BB1002300BF01332A68934256
:10CB7000FAD3BBEB070B12D0B844B9444FEA1843C1
:10CB800002934FEA182301935FFA88F3039397E720
:10CB9000DAF8003023602B68002BE4D190E705B071
:10CBA000BDE8F08F704700BF480604204C06042003
:10CBB00000C00042C04C002000014001C44C0020D5
:10CBC000DC00042000B507228E46DFF844C04EFA90
:10CBD00002F39B0603F08063034343F00071CCF83B
:10CBE0000030CCF8001000BF00BF00BF00BF00BF86
:10CBF00000BF00BF00BFCCF8003000BF00BF00BFC7
:10CC000000BF00BF00BF00BF00BF013ADFD200BDC0
:10CC100000C00042002A00F091800B46010C2DE973
:10CC2000F04F934683B08046454A00915946454EA1
:10CC30009B464FEA102A444D5FFA80F9434C0B465D
:10CC400043486168006841F07D519842616028BFA7
:10CC50001846116807463F4808433F49096820EADB
:10CC6000010020F0785040F040502060316839B128
:10CC70004FF0000C00BF0CF1010C31688C45F9D36A
:10CC800002210193FFF79EFF9DF80010FFF79AFF26
:10CC90005FFA8AF1FFF796FF4946FFF793FF284AAC
:10CCA000019B002F41D007EB0B090BF1FF3E8246A1
:10CCB000009709F1FF391EF801CF07274CFA07F159
:10CCC000890601F0806141EA0A0141F000702160AB
:10CCD000206000BF00BF00BF00BF00BF00BF00BF9B
:10CCE00000BF216000BF00BF00BF00BF00BF00BF8A
:10CCF00000BF00BF013FE1D2CE45DCD11168009FEB
:10CD00002160296829B1002100BF013128688142D2
:10CD1000FAD3DB1B0FD0B844BB444FEA18414FEAAB
:10CD2000182A5FFA88F900918AE71168216029685A
:10CD30000029E8D184E703B0BDE8F08F704700BF59
:10CD4000DC000420480604204C06042000C00042F9
:10CD5000C04C002000014001C44C0020002A00F01B
:10CD60009D801346020C2DE9F04F85B08046894620
:10CD7000DFF840A102925FFA80FB020A484E494D5B
:10CD8000494C019249496268096842F07D529942D2
:10CD9000626028BF1946DAF80020009142F00122B3
:10CDA000434942F48002096822EA010C2CF07857CA
:10CDB00047F04050206032682AB1002100BF0131A5
:10CDC00032689142FAD303210393FFF7FBFE9DF8EB
:10CDD0000810FFF7F7FE9DF80410FFF7F3FE594621
:10CDE000FFF7F0FE6268039B22F000626260009A27
:10CDF000002A45D0009A47F0485709F1FF3E02EB60
:10CE0000090B0BF1FF3B08214FF0000C276000BF1E
:10CE100000BF00BF00BF00BF00BF00BF00BFA268CF
:10CE20002060C2F3C06242EA4C0C00BF00BF00BFEA
:10CE300000BF00BF00BF00BF00BF0139E6D10EF840
:10CE400001CFDE45DFD1DAF800202260626842F0CF
:10CE50007D5262602A682AB1002200BF013229682F
:10CE60008A42FAD3009A9B1A15D0904491444FEA13
:10CE700018425FFA88FB02924FEA1822019281E77A
:10CE8000DAF800202260626842F07D5262602A680F
:10CE9000002AE1D176E705B0BDE8F08F704700BF0A
:10CEA000480604204C06042000C00042C04C00206C
:10CEB000C44C0020DC000420002A00F0CA800B468D
:10CEC000010C2DE9F04F87B08146DFF8A0A1039156
:10CED000010A604F0291C1B25F4E604D604C0191FA
:10CEE00060486168006841F07D519042616028BFF0
:10CEF0001046DAF80010804641F001215A4841F40A
:10CF00008001006821EA000C2CF0785B4BF0405067
:10CF10002060396839B14FF0000C00BF0CF1010CF2
:10CF200039688C45F9D30B21CDE90432FFF74AFE6D
:10CF30009DF80C10FFF746FE9DF80810FFF742FE23
:10CF40000199FFF73FFE616821F00061616031687F
:10CF5000DDE90432E1B14BF048514FF0000C9E4640
:10CF6000216000BF00BF00BF00BF00BF00BF00BF07
:10CF700000BF206000BF00BF00BF00BF00BF00BFF8
:10CF800000BF00BF0CF1010C33686345E8D873465D
:10CF9000B8F1000F4FD04BF0485C194608EB030B7B
:10CFA00003F1FF3E63468C460BF1FF3BCDE901895F
:10CFB0004FF008084FF00009236000BF00BF00BF1A
:10CFC00000BF00BF00BF00BF00BFA1682060C1F369
:10CFD000C06141EA490900BF00BF00BF00BF00BFF8
:10CFE00000BF00BF00BFB8F10108E5D10EF8019FF6
:10CFF000DE45DDD1DAF800106346DDE90189216004
:10D00000616841F07D516160296829B1002100BF4C
:10D01000013128688142FAD3B2EB080216D0C1442C
:10D0200043444FEA194103914FEA192102915FFAF3
:10D0300089F1019154E7DAF800102160616841F04C
:10D040007D51616029680029E0D149E707B0BDE85A
:10D05000F08F704748060420D04C00204C06042076
:10D0600000C00042C04C0020C44C0020DC00042062
:10D0700000B507228E46DFF848C04EFA02F39B0641
:10D0800003F08063034343F00071CCF80030CCF828
:10D09000001000BF00BF00BF00BF00BF00BF00BF47
:10D0A00000BF00BFCCF8003000BF00BF00BF00BF12
:10D0B00000BF00BF00BF00BF00BF013ADDD200BD0E
:10D0C00000C000422DE9F04F85B00092002A65D0E3
:10D0D000030A8046364D040C02938946C3B2354E8E
:10D0E000DFF8E4A00393DAF80420334B42F07D52DA
:10D0F00032481968324BCAF80420324A1B68126859
:10D100001843009F20EA02008F4220F0785028BF89
:10D110000F4640F04050CAF800002A683AB100219A
:10D1200000BF01312B689942FAD3254B1B680221BD
:10D130000193FFF79DFFE1B2FFF79AFF9DF80810FA
:10D14000FFF796FF0399FFF793FF019B4FB307EBA0
:10D15000090401979B4609F1FF37013C17F8011FAD
:10D16000FFF786FFA742F9D1019FCAF800B03268E5
:10D170002AB1002200BF013233689A42FAD3009BE1
:10D18000DB1B00930AD0B844B9444FEA18234FEA96
:10D19000184402935FFA88F30393A4E705B0BDE84F
:10D1A000F08FCAF800303268002AE2D19BE700BF56
:10D1B000480604204C060420C04C00200001400119
:10D1C000DC000420C44C002000C000422DE9F04FD8
:10D1D00085B00192002A00F08E800B468146C1B2D4
:10D1E0004B4A4C4F4FEA104B4FEA102A4A4E4B4CD9
:10D1F000029161684A4841F07D514A4D0068616082
:10D200000199814228BF0146884611680D4346496D
:10D21000096825EA010525F0785545F04050206061
:10D22000396839B14FF0000C00BF0CF1010C3968BE
:10D230008C45F9D303210393FFF71AFF5FFA8BF1B3
:10D24000FFF716FF5FFA8AF1FFF712FF0299FFF767
:10D250000FFF61682E4A21F00061039B6160B8F105
:10D26000000F4BD008EB030B45F0485503F1FF3A94
:10D270000BF1FF3B4FF0080C4FF0000E256000BF94
:10D2800000BF00BF00BF00BF00BF00BF00BF00BFA6
:10D29000A1682060C1F3C06141EA4E0E00BF00BF2B
:10D2A00000BF00BF00BF00BF00BF00BF00BFBCF198
:10D2B000010CE3D10AF801EFDA45DBD111682160F6
:10D2C000616841F07D516160316829B1002100BF82
:10D2D000013130688142FAD30199B1EB0801019123
:10D2E00009D0C14443445FFA89F14FEA194B4FEA30
:10D2F000192A02917DE705B0BDE8F08F1168216021
:10D30000616841F07D51616031680029DED170E7CC
:10D31000DC000420480604204C06042000C0004223
:10D32000C04C002000014001C44C0020002A00F045
:10D33000CE800B46010C2DE9F04F87B08146DFF817
:10D34000A8A10391010A624F0291C1B2614E624DE0
:10D35000624C019162486168006841F07D519042E1
:10D36000616028BF1046DAF80010804641F00121C4
:10D370005C4841F48001006821EA000C2CF0785BE5
:10D380004BF040502060396839B14FF0000C00BFBD
:10D390000CF1010C39688C45F9D30B21CDE904322D
:10D3A000FFF766FE9DF80C10FFF762FE9DF808106F
:10D3B000FFF75EFE0199FFF75BFE616821F00061F7
:10D3C00061603168DDE90432F1B14BF048514FF052
:10D3D000000C9E46216000BF00BF00BF00BF00BF21
:10D3E00000BF00BF00BF00BF206000BF00BF00BF84
:10D3F00000BF00BF00BF00BF00BF00BF0CF1010CA9
:10D4000033686345E6D87346B8F1000F51D04BF04E
:10D41000485C194608EB030B03F1FF3E63468C465C
:10D420000BF1FF3BCDE901894FF008084FF00009EF
:10D43000236000BF00BF00BF00BF00BF00BF00BF30
:10D4400000BF00BFA1682060C1F3C06141EA490983
:10D4500000BF00BF00BF00BF00BF00BF00BF00BFD4
:10D4600000BFB8F10108E3D10EF8019FDE45DBD122
:10D47000DAF800106346DDE901892160616841F056
:10D480007D516160296829B1002100BF0131286800
:10D490008142FAD3B2EB080216D0C14443444FEAAA
:10D4A000194103914FEA192102915FFA89F1019123
:10D4B00050E7DAF800102160616841F07D51616049
:10D4C00029680029E0D145E707B0BDE8F08F704733
:10D4D00048060420D04C00204C06042000C0004226
:10D4E000C04C0020C44C0020DC000420002A00F0C6
:10D4F000F380030A84462DE9F04F85B00C46070DF2
:10D500001646029303094FEA10487449019300F04C
:10D510000F034FEA103972480393724B5A68724DE9
:10D5200042F07D52D5F800E05A60704AB645704D21
:10D53000126828BFB6462D6842F0012242F48002EC
:10D5400022EA050222F078521A600D683DB14FF0D0
:10D55000000A00BF0AF1010A0D68AA45F9D342F09A
:10D56000406A42F0606BC3F800A0C3F800B000BF8F
:10D57000C3F800A000BF42F0005A42F0085BC3F8B5
:10D5800000A0C3F800B000BFC3F800A000BF07F0C0
:10D590000F0A42EA8A6A4AF0007BC3F800A0C3F887
:10D5A00000B000BFC3F800A000BF08F00F0A42EAB5
:10D5B0008A6A4AF0007BC3F800A0C3F800B000BF3D
:10D5C000C3F800A000BF09F00F0A42EA8A6A4AF0D5
:10D5D000007BC3F800A0C3F800B000BFC3F800A0F0
:10D5E00000BF029D05F00F0A42EA8A6A4AF0007BFA
:10D5F000C3F800A0C3F800B000BFC3F800A000BF8C
:10D60000019D05F00F0A42EA8A6A4AF0007BC3F8DE
:10D6100000A0C3F800B000BFC3F800A000BF039D86
:10D6200042EA856A4AF0007BC3F800A0C3F800B064
:10D6300000BFC3F800A000BFBEF1000F42D00EEB48
:10D64000040904F1FF3809F1FF3918F8017F3F0997
:10D6500042EA876747F0007A1F60C3F800A000BF66
:10D660001F6000BF98F8007007F00F0742EA876755
:10D6700047F0007A1F60C3F800A000BF1F6000BF22
:10D68000C845E2D1194A12681A6002682AB1002717
:10D6900000BF013702689742FAD3B6EB0E0618D0E6
:10D6A000F44474444FEA1C224FEA1C5702924FEA9A
:10D6B0001C124FEA1C4801920CF00F024FEA1C3971
:10D6C00003922BE7094A12681A600268002ADED129
:10D6D00024E705B0BDE8F08F704700BF480604207E
:10D6E0004C06042000C00042C04C0020DC00042096
:10D6F000C44C002000B507228E46DFF84CC04EFA1D
:10D7000002F39B0603F08063034343F00071CCF8FF
:10D710000030CCF8001000BF00BF00BF00BF00BF4A
:10D7200000BF00BF00BF00BF00BFCCF8003000BF8B
:10D7300000BF00BF00BF00BF00BF00BF00BF00BFF1
:10D7400000BF013ADBD200BD00C000422DE9F04F1E
:10D7500085B00092002A65D0030A8046364D040C3D
:10D7600002938946C3B2354EDFF8E4A00393DAF89A
:10D770000420334B42F07D5232481968324BCAF8CC
:10D780000420324A1B6812681843009F20EA0200F6
:10D790008F4220F0785028BF0F4640F04050CAF822
:10D7A00000002A683AB1002100BF01312B6899427C
:10D7B000FAD3254B1B6802210193FFF79BFFE1B2CF
:10D7C000FFF798FF9DF80810FFF794FF0399FFF704
:10D7D00091FF019B4FB307EB090401979B4609F1A9
:10D7E000FF37013C17F8011FFFF784FFA742F9D16B
:10D7F000019FCAF800B032682AB1002200BF01328E
:10D8000033689A42FAD3009BDB1B00930AD0B844DA
:10D81000B9444FEA18234FEA184402935FFA88F399
:10D820000393A4E705B0BDE8F08FCAF80030326872
:10D83000002AE2D19BE700BF480604204C060420E2
:10D84000C04C002000014001DC000420C44C00203A
:10D8500000C000422DE9F04F85B00192002A00F08F
:10D8600090800B468146C1B24C4A4D4F4FEA104B57
:10D870004FEA102A4B4E4C4C029161684B4841F0E4
:10D880007D514B4D006861600199814228BF01467E
:10D89000884611680D434749096825EA010525F0C6
:10D8A000785545F040502060396839B14FF0000C90
:10D8B00000BF0CF1010C39688C45F9D303210393A7
:10D8C000FFF718FF5FFA8BF1FFF714FF5FFA8AF199
:10D8D000FFF710FF0299FFF70DFF61682F4A21F053
:10D8E0000061039B6160B8F1000F4DD008EB030BA2
:10D8F00045F0485503F1FF3A0BF1FF3B4FF0080CA0
:10D900004FF0000E256000BF00BF00BF00BF00BF8A
:10D9100000BF00BF00BF00BF00BFA1682060C1F30F
:10D92000C06141EA4E0E00BF00BF00BF00BF00BF94
:10D9300000BF00BF00BF00BF00BFBCF1010CE1D1C0
:10D940000AF801EFDA45D9D111682160616841F028
:10D950007D516160316829B1002100BF013130681B
:10D960008142FAD30199B1EB0801019109D0C14478
:10D9700043445FFA89F14FEA194B4FEA192A0291A1
:10D980007BE705B0BDE8F08F11682160616841F068
:10D990007D51616031680029DED16EE7DC00042032
:10D9A000480604204C06042000C00042C04C002061
:10D9B00000014001C44C0020002A00F0D2800B4638
:10D9C000010C2DE9F04F87B08146DFF8B0A101913D
:10D9D000010A644F0391C1B2634E644D644C0291DD
:10D9E00064486168006841F07D519042616028BFE1
:10D9F0001046DAF80010804641F001215E4841F4FB
:10DA00008001006821EA000C2CF0785B4BF040505C
:10DA10002060396839B14FF0000C00BF0CF1010CE7
:10DA200039688C45F9D30B21CDE90432FFF762FE4A
:10DA30009DF80410FFF75EFE9DF80C10FFF75AFEEC
:10DA40000299FFF757FE616821F00061616031685B
:10DA5000DDE9043201B34BF048514FF0000C9E4613
:10DA6000216000BF00BF00BF00BF00BF00BF00BFFC
:10DA700000BF00BF00BF206000BF00BF00BF00BFED
:10DA800000BF00BF00BF00BF00BF00BF0CF1010C12
:10DA900033686345E4D87346B8F1000F53D04BF0B8
:10DAA000485C194608EB030B03F1FF3E63468C46C6
:10DAB0000BF1FF3BCDE901894FF008084FF0000959
:10DAC000236000BF00BF00BF00BF00BF00BF00BF9A
:10DAD00000BF00BF00BFA1682060C1F3C06141EA80
:10DAE000490900BF00BF00BF00BF00BF00BF00BFAB
:10DAF00000BF00BF00BFB8F10108E1D10EF8019FDF
:10DB0000DE45D9D1DAF800106346DDE901892160EC
:10DB1000616841F07D516160296829B1002100BF31
:10DB2000013128688142FAD3B2EB080216D0C14411
:10DB300043444FEA194101914FEA192103915FFAD9
:10DB400089F102914CE7DAF800102160616841F038
:10DB50007D51616029680029E0D141E707B0BDE847
:10DB6000F08F704748060420D04C00204C0604205B
:10DB700000C00042C04C0020C44C0020DC00042047
:10DB800000B507228E46DFF850C04EFA02F39B061E
:10DB900003F08063034343F00071CCF80030CCF80D
:10DBA000001000BF00BF00BF00BF00BF00BF00BF2C
:10DBB00000BF00BF00BF00BFCCF8003000BF00BFF7
:10DBC00000BF00BF00BF00BF00BF00BF00BF00BF5D
:10DBD00000BF013AD9D200BD00C000422DE9F04F8C
:10DBE00085B00092002A65D0030A8046364D040CA9
:10DBF00002938946C3B2354EDFF8E4A00393DAF806
:10DC00000420334B42F07D5232481968324BCAF837
:10DC10000420324A1B6812681843009F20EA020061
:10DC20008F4220F0785028BF0F4640F04050CAF88D
:10DC300000002A683AB1002100BF01312B689942E7
:10DC4000FAD3254B1B6802210193FFF799FFE1B23C
:10DC5000FFF796FF9DF80810FFF792FF0399FFF773
:10DC60008FFF019B4FB307EB090401979B4609F116
:10DC7000FF37013C17F8011FFFF782FFA742F9D1D8
:10DC8000019FCAF800B032682AB1002200BF0132F9
:10DC900033689A42FAD3009BDB1B00930AD0B84446
:10DCA000B9444FEA18234FEA184402935FFA88F305
:10DCB0000393A4E705B0BDE8F08FCAF800303268DE
:10DCC000002AE2D19BE700BF480604204C0604204E
:10DCD000C04C002000014001DC000420C44C0020A6
:10DCE00000C000422DE9F04F85B00192002A00F0FB
:10DCF00092800B468146C1B24D4A4E4F4FEA104BBF
:10DD00004FEA102A4C4E4D4C029161684C4841F04C
:10DD10007D514C4D006861600199814228BF0146E8
:10DD2000884611680D434849096825EA010525F030
:10DD3000785545F040502060396839B14FF0000CFB
:10DD400000BF0CF1010C39688C45F9D30321039312
:10DD5000FFF716FF5FFA8BF1FFF712FF5FFA8AF108
:10DD6000FFF70EFF0299FFF70BFF6168304A21F0C1
:10DD70000061039B6160B8F1000F4FD008EB030B0B
:10DD800045F0485503F1FF3A0BF1FF3B4FF0080C0B
:10DD90004FF0000E256000BF00BF00BF00BF00BFF6
:10DDA00000BF00BF00BF00BF00BF00BFA168206070
:10DDB000C1F3C06141EA4E0E00BF00BF00BF00BF0B
:10DDC00000BF00BF00BF00BF00BF00BF00BFBCF16D
:10DDD000010CDFD10AF801EFDA45D7D111682160D3
:10DDE000616841F07D516160316829B1002100BF57
:10DDF000013130688142FAD30199B1EB08010191F8
:10DE000009D0C14443445FFA89F14FEA194B4FEA04
:10DE1000192A029179E705B0BDE8F08F11682160F9
:10DE2000616841F07D51616031680029DED16CE7A5
:10DE3000DC000420480604204C06042000C00042F8
:10DE4000C04C002000014001C44C0020002A00F01A
:10DE5000D6800B46010C2DE9F04F87B08146DFF8E4
:10DE6000B8A10191010A664F0391C1B2654E664D9A
:10DE7000664C029166486168006841F07D519042AD
:10DE8000616028BF1046DAF80010804641F0012199
:10DE9000604841F48001006821EA000C2CF0785BB6
:10DEA0004BF040502060396839B14FF0000C00BF92
:10DEB0000CF1010C39688C45F9D30B21CDE9043202
:10DEC000FFF75EFE9DF80410FFF75AFE9DF80C1058
:10DED000FFF756FE0299FFF753FE616821F00061DB
:10DEE00061603168DDE9043211B34BF048514FF005
:10DEF000000C9E46216000BF00BF00BF00BF00BFF6
:10DF000000BF00BF00BF00BF00BF00BF206000BF58
:10DF100000BF00BF00BF00BF00BF00BF00BF00BF09
:10DF200000BF00BF0CF1010C33686345E2D87346B3
:10DF3000B8F1000F55D04BF0485C194608EB030BC5
:10DF400003F1FF3E63468C460BF1FF3BCDE90189AF
:10DF50004FF008084FF00009236000BF00BF00BF6A
:10DF600000BF00BF00BF00BF00BF00BF00BF00BFB9
:10DF7000A1682060C1F3C06141EA490900BF00BF48
:10DF800000BF00BF00BF00BF00BF00BF00BF00BF99
:10DF900000BFB8F10108DFD10EF8019FDE45D7D1EF
:10DFA000DAF800106346DDE901892160616841F01B
:10DFB0007D516160296829B1002100BF01312868C5
:10DFC0008142FAD3B2EB080216D0C14443444FEA6F
:10DFD000194101914FEA192103915FFA89F10291E8
:10DFE00048E7DAF800102160616841F07D51616016
:10DFF00029680029E0D13DE707B0BDE8F08F704700
:10E0000048060420D04C00204C06042000C00042EA
:10E01000C04C0020C44C0020DC00042000B50722C6
:10E020008E46DFF854C04EFA02F39B0603F080637D
:10E03000034343F00071CCF80030CCF8001000BF6F
:10E0400000BF00BF00BF00BF00BF00BF00BF00BFD8
:10E0500000BF00BF00BFCCF8003000BF00BF00BF52
:10E0600000BF00BF00BF00BF00BF00BF00BF00BFB8
:10E0700000BF013AD7D200BD00C000422DE9F04FE9
:10E0800085B00092002A65D0030A8046364D040C04
:10E0900002938946C3B2354EDFF8E4A00393DAF861
:10E0A0000420334B42F07D5232481968324BCAF893
:10E0B0000420324A1B6812681843009F20EA0200BD
:10E0C0008F4220F0785028BF0F4640F04050CAF8E9
:10E0D00000002A683AB1002100BF01312B68994243
:10E0E000FAD3254B1B6802210193FFF797FFE1B29A
:10E0F000FFF794FF9DF80810FFF790FF0399FFF7D3
:10E100008DFF019B4FB307EB090401979B4609F173
:10E11000FF37013C17F8011FFFF780FFA742F9D135
:10E12000019FCAF800B032682AB1002200BF013254
:10E1300033689A42FAD3009BDB1B00930AD0B844A1
:10E14000B9444FEA18234FEA184402935FFA88F360
:10E150000393A4E705B0BDE8F08FCAF80030326839
:10E16000002AE2D19BE700BF480604204C060420A9
:10E17000C04C002000014001DC000420C44C002001
:10E1800000C000422DE9F04F85B00192002A00F056
:10E1900094800B468146C1B24E4A4F4F4FEA104B16
:10E1A0004FEA102A4D4E4E4C029161684D4841F0A5
:10E1B0007D514D4D006861600199814228BF014643
:10E1C000884611680D434949096825EA010525F08B
:10E1D000785545F040502060396839B14FF0000C57
:10E1E00000BF0CF1010C39688C45F9D3032103936E
:10E1F000FFF714FF5FFA8BF1FFF710FF5FFA8AF168
:10E20000FFF70CFF0299FFF709FF6168314A21F01F
:10E210000061039B6160B8F1000F51D008EB030B64
:10E2200045F0485503F1FF3A0BF1FF3B4FF0080C66
:10E230004FF0000E256000BF00BF00BF00BF00BF51
:10E2400000BF00BF00BF00BF00BF00BF00BFA1688C
:10E250002060C1F3C06141EA4E0E00BF00BF00BFA5
:10E2600000BF00BF00BF00BF00BF00BF00BF00BFB6
:10E2700000BFBCF1010CDDD10AF801EFDA45D5D1C0
:10E2800011682160616841F07D516160316829B198
:10E29000002100BF013130688142FAD30199B1EB0E
:10E2A0000801019109D0C14443445FFA89F14FEA62
:10E2B000194B4FEA192A029177E705B0BDE8F08FB4
:10E2C00011682160616841F07D5161603168002909
:10E2D000DED16AE7DC000420480604204C06042056
:10E2E00000C00042C04C002000014001C44C00208E
:10E2F000002A00F0DA800B46010C2DE9F04F87B0C0
:10E300008146DFF8C0A10291010A684F0191C1B2B4
:10E31000674E684D684C039168486168006841F039
:10E320007D519042616028BF1046DAF800108046A7
:10E3300041F00121624841F48001006821EA000CAB
:10E340002CF0785B4BF040502060396839B14FF0C9
:10E35000000C00BF0CF1010C39688C45F9D30B217E
:10E36000CDE90432FFF75AFE9DF80810FFF756FE7C
:10E370009DF80410FFF752FE0399FFF74FFE616806
:10E3800021F0006161603168DDE9043221B34BF0B6
:10E3900048514FF0000C9E46216000BF00BF00BFF7
:10E3A00000BF00BF00BF00BF00BF00BF00BF00BF75
:10E3B00000BF206000BF00BF00BF00BF00BF00BFA4
:10E3C00000BF00BF00BF00BF00BF00BF0CF1010CC9
:10E3D00033686345E0D87346B8F1000F57D04BF06F
:10E3E000485C194608EB030B03F1FF3E63468C467D
:10E3F0000BF1FF3BCDE901894FF008084FF0000910
:10E40000236000BF00BF00BF00BF00BF00BF00BF50
:10E4100000BF00BF00BF00BF00BFA1682060C1F304
:10E42000C06141EA490900BF00BF00BF00BF00BF93
:10E4300000BF00BF00BF00BF00BF00BF00BFB8F1FA
:10E440000108DDD10EF8019FDE45D5D1DAF80010C4
:10E450006346DDE901892160616841F07D516160B9
:10E46000296829B1002100BF013128688142FAD30F
:10E47000B2EB080216D0C14443444FEA194102915D
:10E480004FEA192101915FFA89F1039144E7DAF823
:10E4900000102160616841F07D51616029680029A8
:10E4A000E0D139E707B0BDE8F08F70474806042097
:10E4B000D04C00204C06042000C00042C04C00207C
:10E4C000C44C0020DC00042000B507228E46DFF893
:10E4D00058C04EFA02F39B0603F08063034343F0F7
:10E4E0000071CCF80030CCF8001000BF00BF00BFB6
:10E4F00000BF00BF00BF00BF00BF00BF00BF00BF24
:10E5000000BF00BFCCF8003000BF00BF00BF00BF9D
:10E5100000BF00BF00BF00BF00BF00BF00BF00BF03
:10E5200000BF013AD5D200BD00C000422DE9F04F36
:10E5300085B00092002A65D0030A8046364D040C4F
:10E5400002938946C3B2354EDFF8E4A00393DAF8AC
:10E550000420334B42F07D5232481968324BCAF8DE
:10E560000420324A1B6812681843009F20EA020008
:10E570008F4220F0785028BF0F4640F04050CAF834
:10E5800000002A683AB1002100BF01312B6899428E
:10E59000FAD3254B1B6802210193FFF795FFE1B2E7
:10E5A000FFF792FF9DF80810FFF78EFF0399FFF722
:10E5B0008BFF019B4FB307EB090401979B4609F1C1
:10E5C000FF37013C17F8011FFFF77EFFA742F9D183
:10E5D000019FCAF800B032682AB1002200BF0132A0
:10E5E00033689A42FAD3009BDB1B00930AD0B844ED
:10E5F000B9444FEA18234FEA184402935FFA88F3AC
:10E600000393A4E705B0BDE8F08FCAF80030326884
:10E61000002AE2D19BE700BF480604204C060420F4
:10E62000C04C002000014001DC000420C44C00204C
:10E6300000C000422DE9F04F85B00192002A00F0A1
:10E6400096800B468146C1B24F4A504F4FEA104B5D
:10E650004FEA102A4E4E4F4C029161684E4841F0ED
:10E660007D514E4D006861600199814228BF01468D
:10E67000884611680D434A49096825EA010525F0D5
:10E68000785545F040502060396839B14FF0000CA2
:10E6900000BF0CF1010C39688C45F9D303210393B9
:10E6A000FFF712FF5FFA8BF1FFF70EFF5FFA8AF1B7
:10E6B000FFF70AFF0299FFF707FF6168324A21F06E
:10E6C0000061039B6160B8F1000F53D008EB030BAE
:10E6D00045F0485503F1FF3A0BF1FF3B4FF0080CB2
:10E6E0004FF0000E256000BF00BF00BF00BF00BF9D
:10E6F00000BF00BF00BF00BF00BF00BF00BF00BF22
:10E70000A1682060C1F3C06141EA4E0E00BF00BFA6
:10E7100000BF00BF00BF00BF00BF00BF00BF00BF01
:10E7200000BF00BF00BFBCF1010CDBD10AF801EF54
:10E73000DA45D3D111682160616841F07D51616093
:10E74000316829B1002100BF013130688142FAD31C
:10E750000199B1EB0801019109D0C14443445FFA2A
:10E7600089F14FEA194B4FEA192A029175E705B072
:10E77000BDE8F08F11682160616841F07D516160F2
:10E7800031680029DED168E7DC0004204806042057
:10E790004C06042000C00042C04C00200001400193
:10E7A000C44C0020002A00F0DF800B46010C2DE94C
:10E7B000F04F87B08146DFF8CCA10291010A6B4F80
:10E7C0000191C1B26A4E6B4D6B4C03916B4861680D
:10E7D000006841F07D519042616028BF1046DAF830
:10E7E0000010804641F00121654841F48001006835
:10E7F00021EA000C2CF0785B4BF040502060396827
:10E8000039B14FF0000C00BF0CF1010C39688C4598
:10E81000F9D30B21CDE90432FFF756FE9DF808101D
:10E82000FFF752FE9DF80410FFF74EFE0399FFF725
:10E830004BFE616821F0006161603168DDE90432FE
:10E84000002926D04BF048514FF0000C9E46216025
:10E8500000BF00BF00BF00BF00BF00BF00BF00BFC0
:10E8600000BF00BF00BF00BF00BF206000BF00BFEF
:10E8700000BF00BF00BF00BF00BF00BF00BF00BFA0
:10E8800000BF00BF00BF0CF1010C33686345DED848
:10E890007346B8F1000F59D04BF0485C194608EBAD
:10E8A000030B03F1FF3E63468C460BF1FF3BCDE9C2
:10E8B00001894FF008084FF00009236000BF00BF36
:10E8C00000BF00BF00BF00BF00BF00BF00BF00BF50
:10E8D00000BF00BF00BFA1682060C1F3C06141EA72
:10E8E000490900BF00BF00BF00BF00BF00BF00BF9D
:10E8F00000BF00BF00BF00BF00BF00BFB8F10108EC
:10E90000DBD10EF8019FDE45D3D1DAF80010634663
:10E91000DDE901892160616841F07D51616029680C
:10E9200029B1002100BF013128688142FAD3B2EB3E
:10E93000080216D0C14443444FEA194102914FEAFC
:10E94000192101915FFA89F103913FE7DAF800108C
:10E950002160616841F07D51616029680029E0D142
:10E9600034E707B0BDE8F08F704700BF48060420C9
:10E97000D04C00204C06042000C00042C04C0020B7
:10E98000C44C0020DC00042000B507228E46DFF8CE
:10E990005CC04EFA02F39B0603F08063034343F02E
:10E9A0000071CCF80030CCF8001000BF00BF00BFF1
:10E9B00000BF00BF00BF00BF00BF00BF00BF00BF5F
:10E9C00000BF00BF00BFCCF8003000BF00BF00BFD9
:10E9D00000BF00BF00BF00BF00BF00BF00BF00BF3F
:10E9E00000BF00BF00BF013AD3D200BD00C000424B
:10E9F0002DE9F04F85B00092002A65D0030A8046C9
:10EA0000364D040C02938946C3B2354EDFF8E4A0BC
:10EA10000393DAF80420334B42F07D5232481968F0
:10EA2000324BCAF80420324A1B6812681843009F10
:10EA300020EA02008F4220F0785028BF0F4640F0B5
:10EA40004050CAF800002A683AB1002100BF0131E5
:10EA50002B689942FAD3254B1B6802210193FFF7DB
:10EA600093FFE1B2FFF790FF9DF80810FFF78CFFCE
:10EA70000399FFF789FF019B4FB307EB0904019747
:10EA80009B4609F1FF37013C17F8011FFFF77CFF98
:10EA9000A742F9D1019FCAF800B032682AB100221A
:10EAA00000BF013233689A42FAD3009BDB1B00930C
:10EAB0000AD0B844B9444FEA18234FEA18440293E5
:10EAC0005FFA88F30393A4E705B0BDE8F08FCAF8B6
:10EAD00000303268002AE2D19BE700BF48060420DC
:10EAE0004C060420C04C002000014001DC00042042
:10EAF000C44C002000C000422DE9F04F85B00192C7
:10EB0000002A00F098800B468146C1B2504A514F0E
:10EB10004FEA104B4FEA102A4F4E504C0291616859
:10EB20004F4841F07D514F4D00686160019981422D
:10EB300028BF0146884611680D434B49096825EAFC
:10EB4000010525F0785545F040502060396839B10D
:10EB50004FF0000C00BF0CF1010C39688C45F9D363
:10EB600003210393FFF710FF5FFA8BF1FFF70CFF10
:10EB70005FFA8AF1FFF708FF0299FFF705FF616866
:10EB8000334A21F00061039B6160B8F1000F55D05A
:10EB900008EB030B45F0485503F1FF3A0BF1FF3B3F
:10EBA0004FF0080C4FF0000E256000BF00BF00BF03
:10EBB00000BF00BF00BF00BF00BF00BF00BF00BF5D
:10EBC00000BF00BF00BFA1682060C1F3C06141EA7F
:10EBD0004E0E00BF00BF00BF00BF00BF00BF00BFA0
:10EBE00000BF00BF00BF00BF00BF00BF00BFBCF13F
:10EBF000010CD9D10AF801EFDA45D1D111682160B1
:10EC0000616841F07D516160316829B1002100BF28
:10EC1000013130688142FAD30199B1EB08010191C9
:10EC200009D0C14443445FFA89F14FEA194B4FEAD6
:10EC3000192A029173E705B0BDE8F08F11682160D1
:10EC4000616841F07D51616031680029DED166E77D
:10EC5000DC000420480604204C06042000C00042CA
:10EC6000C04C002000014001C44C0020002A00F0EC
:10EC7000E3800B46010C2DE9F04F87B08146DFF8A9
:10EC8000D4A10291010A6D4F0191C1B26C4E6D4D3C
:10EC90006D4C03916D486168006841F07D51904270
:10ECA000616028BF1046DAF80010804641F001216B
:10ECB000674841F48001006821EA000C2CF0785B81
:10ECC0004BF040502060396839B14FF0000C00BF64
:10ECD0000CF1010C39688C45F9D30B21CDE90432D4
:10ECE000FFF752FE9DF80810FFF74EFE9DF8041046
:10ECF000FFF74AFE0399FFF747FE616821F00061C4
:10ED000061603168DDE90432002928D04BF04851B8
:10ED10004FF0000C9E46216000BF00BF00BF00BF47
:10ED200000BF00BF00BF00BF00BF00BF00BF00BFEB
:10ED300000BF00BF206000BF00BF00BF00BF00BF1A
:10ED400000BF00BF00BF00BF00BF00BF00BF00BFCB
:10ED500000BF0CF1010C33686345DCD87346B8F191
:10ED6000000F5BD04BF0485C194608EB030B03F136
:10ED7000FF3E63468C460BF1FF3BCDE901894FF026
:10ED800008084FF00009236000BF00BF00BF00BFAC
:10ED900000BF00BF00BF00BF00BF00BF00BF00BF7B
:10EDA00000BF00BFA1682060C1F3C06141EA49090A
:10EDB00000BF00BF00BF00BF00BF00BF00BF00BF5B
:10EDC00000BF00BF00BF00BF00BF00BFB8F1010817
:10EDD000D9D10EF8019FDE45D1D1DAF80010634693
:10EDE000DDE901892160616841F07D516160296838
:10EDF00029B1002100BF013128688142FAD3B2EB6A
:10EE0000080216D0C14443444FEA194102914FEA27
:10EE1000192101915FFA89F103913BE7DAF80010BB
:10EE20002160616841F07D51616029680029E0D16D
:10EE300030E707B0BDE8F08F704700BF48060420F8
:10EE4000D04C00204C06042000C00042C04C0020E2
:10EE5000C44C0020DC00042000B507228E46DFF8F9
:10EE600064C04EFA02F39B0603F08063034343F051
:10EE70000071CCF80030CCF8001000BF00BF00BF1C
:10EE800000BF00BF00BF00BF00BF00BF00BF00BF8A
:10EE900000BF00BF00BF00BF00BFCCF8003000BF04
:10EEA00000BF00BF00BF00BF00BF00BF00BF00BF6A
:10EEB00000BF00BF00BF00BF00BF00BF00BF013ADE
:10EEC000CFD200BD00C000422DE9F04F85B00092C6
:10EED000002A65D0030A8046364D040C0293894609
:10EEE000C3B2354EDFF8E4A00393DAF80420334BC5
:10EEF00042F07D5232481968324BCAF80420324A37
:10EF00001B6812681843009F20EA02008F4220F01D
:10EF1000785028BF0F4640F04050CAF800002A68D9
:10EF20003AB1002100BF01312B689942FAD3254B39
:10EF30001B6802210193FFF78FFFE1B2FFF78CFFFF
:10EF40009DF80810FFF788FF0399FFF785FF019BE5
:10EF50004FB307EB090401979B4609F1FF37013CCA
:10EF600017F8011FFFF778FFA742F9D1019FCAF8F0
:10EF700000B032682AB1002200BF013233689A42E1
:10EF8000FAD3009BDB1B00930AD0B844B9444FEA84
:10EF900018234FEA184402935FFA88F30393A4E717
:10EFA00005B0BDE8F08FCAF800303268002AE2D11F
:10EFB0009BE700BF480604204C060420C04C0020FC
:10EFC00000014001DC000420C44C002000C00042CD
:10EFD0002DE9F04F85B00192002A00F09C800B468D
:10EFE000534A010C534F4FEA102A534E534C81465B
:10EFF0005FFA80FB02916168514841F07D51514DAB
:10F00000006861600199814228BF01468846116805
:10F010000D434D49096825EA010525F0785545F06D
:10F0200040502060396839B14FF0000C00BF0CF13E
:10F03000010C39688C45F9D303210393FFF70CFFCA
:10F040009DF80810FFF708FF5FFA8AF1FFF704FF49
:10F050005946FFF701FF6168354A21F00061039BC3
:10F060006160B8F1000F59D008EB030B45F048552B
:10F0700003F1FF3A0BF1FF3B4FF0080C4FF0000E8D
:10F08000256000BF00BF00BF00BF00BF00BF00BFC2
:10F0900000BF00BF00BF00BF00BF00BF00BF00BF78
:10F0A00000BFA1682060C1F3C06141EA4E0E00BFFD
:10F0B00000BF00BF00BF00BF00BF00BF00BF00BF58
:10F0C00000BF00BF00BF00BF00BF00BF00BFBCF15A
:10F0D000010CD5D10AF801EFDA45CDD111682160D4
:10F0E000616841F07D516160316829B1002100BF44
:10F0F000013130688142FAD30199B1EB08010191E5
:10F1000009D0C14443444FEA19414FEA192A5FFA32
:10F1100089FB02916FE705B0BDE8F08F11682160AF
:10F12000616841F07D51616031680029DED162E79C
:10F13000DC000420480604204C06042000C00042E5
:10F14000C04C002000014001C44C0020002A00F007
:10F15000EB800B46010C2DE9F04F87B08146DFF8BC
:10F16000E4A10291010A714F0191C1B2704E714D3B
:10F17000714C039171486168006841F07D51904283
:10F18000616028BF1046DAF80010804641F0012186
:10F190006B4841F48001006821EA000C2CF0785B98
:10F1A0004BF040502060396839B14FF0000C00BF7F
:10F1B0000CF1010C39688C45F9D30B21CDE90432EF
:10F1C000FFF74AFE9DF80810FFF746FE9DF8041071
:10F1D000FFF742FE0399FFF73FFE616821F00061EF
:10F1E00061603168DDE9043200292CD04BF04851D0
:10F1F0004FF0000C9E46216000BF00BF00BF00BF63
:10F2000000BF00BF00BF00BF00BF00BF00BF00BF06
:10F2100000BF00BF00BF00BF206000BF00BF00BF35
:10F2200000BF00BF00BF00BF00BF00BF00BF00BFE6
:10F2300000BF00BF00BF00BF00BF0CF1010C33686E
:10F240006345D8D87346B8F1000F5FD04BF0485CE7
:10F25000194608EB030B03F1FF3E63468C460BF1A6
:10F26000FF3BCDE901894FF008084FF0000923600A
:10F2700000BF00BF00BF00BF00BF00BF00BF00BF96
:10F2800000BF00BF00BF00BF00BF00BF00BF00BF86
:10F29000A1682060C1F3C06141EA490900BF00BF15
:10F2A00000BF00BF00BF00BF00BF00BF00BF00BF66
:10F2B00000BF00BF00BF00BF00BF00BFB8F1010822
:10F2C000D5D10EF8019FDE45CDD1DAF800106346A6
:10F2D000DDE901892160616841F07D516160296843
:10F2E00029B1002100BF013128688142FAD3B2EB75
:10F2F000080216D0C14443444FEA194102914FEA33
:10F30000192101915FFA89F1039133E7DAF80010CE
:10F310002160616841F07D51616029680029E0D178
:10F3200028E707B0BDE8F08F704700BF480604200B
:10F33000D04C00204C06042000C00042C04C0020ED
:10F34000C44C0020DC000420002A00F08580030C5F
:10F350002DE9F04F85B08046894693460293030A13
:10F36000DFF810A10193C3B23C4E3D4D3D4C0393D9
:10F3700063683D4A43F07D533C4812686360DAF8A5
:10F3800000305A4543EA0000394B28BF5A461B68F3
:10F39000174620EA030020F0785040F040502060EB
:10F3A00033682BB1002200BF013233689A42FAD38E
:10F3B0000221FAF731FB9DF80810FAF72DFB9DF8B2
:10F3C0000410FAF729FB0399FAF726FB002F39D02E
:10F3D00007EB090E09F1FF3101970EF1FF3E11F81D
:10F3E00001CF07224CFA02F39B0603F0806303432C
:10F3F00043F000772360276000BF00BF00BF236099
:10F4000000BF00BF00BF013AECD27145E7D1DAF886
:10F410000030019F23602B682BB1002300BF013314
:10F420002A689342FAD3BBEB070B12D0B844B94415
:10F430004FEA184302934FEA182301935FFA88F3C7
:10F44000039395E7DAF8003023602B68002BE4D1B2
:10F450008EE705B0BDE8F08F704700BF4806042076
:10F460004C06042000C00042C04C002000014001B6
:10F47000C44C0020DC000420002A00F03381030B80
:10F4800084462DE9F04F85B00C464FEA10581646D9
:10F490000393030A4FEA1049934D019303099349DB
:10F4A000009300F00F0392480293924B5A68924FD8
:10F4B00042F07D52D7F800E05A602A68B6458F4F77
:10F4C00042F0012228BFB6463F6842F4800222EA99
:10F4D000070222F078521A600F683FB14FF0000A1D
:10F4E00000BF0AF1010A0F68BA45F9D342F0406A39
:10F4F00042F0606BC3F800A0C3F800B000BF00BFCB
:10F5000000BF00BFC3F800A000BF00BF00BF00BF26
:10F5100042F0005A42F0085BC3F800A0C3F800B004
:10F5200000BF00BF00BF00BFC3F800A000BF00BF06
:10F5300000BF00BF08F00F0A42EA8A6A4AF0007B67
:10F54000C3F800A0C3F800B000BF00BF00BF00BFF9
:10F55000C3F800A000BF00BF00BF00BF09F00F0A42
:10F5600042EA8A6A4AF0007BC3F800A0C3F800B000
:10F5700000BF00BF00BF00BFC3F800A000BF00BFB6
:10F5800000BF00BF039F07F00F0A42EA8A6A4AF0F1
:10F59000007BC3F800A0C3F800B000BF00BF00BFED
:10F5A00000BFC3F800A000BF00BF00BF00BF019FA5
:10F5B00007F00F0A42EA8A6A4AF0007BC3F800A00B
:10F5C000C3F800B000BF00BF00BF00BFC3F800A079
:10F5D00000BF00BF00BF00BF009F07F00F0A42EA54
:10F5E0008A6A4AF0007BC3F800A0C3F800B000BFED
:10F5F00000BF00BF00BFC3F800A000BF00BF00BF36
:10F6000000BF029F42EA876A4AF0007BC3F800A06D
:10F61000C3F800B000BF00BF00BF00BFC3F800A028
:10F6200000BF00BF00BF00BFBEF1000F51D00EEB06
:10F63000040A04F1FF3990460AF1FF3A19F8012F44
:10F64000120948EA826242F0007B1A60C3F800B0F7
:10F6500000BF00BF00BF00BF1A6000BF00BF00BFF7
:10F6600000BF99F8002002F00F0248EA826242F0DF
:10F67000007B1A60C3F800B000BF00BF00BF00BF2E
:10F680001A6000BF00BF00BF00BFD145D6D12A68B5
:10F690001A6002683AB14FF0000800BF08F1010893
:10F6A00002689045F9D3B6EB0E0618D0F4447444C2
:10F6B0004FEA1C324FEA1C5803924FEA1C224FEAD1
:10F6C0001C4901924FEA1C1200920CF00F020292A8
:10F6D000ECE62A681A600268002ADCD1E6E605B08A
:10F6E000BDE8F08F704700BFDC000420480604200E
:10F6F0004C06042000C00042C04C0020C44C002036
:10F70000002A00F03F81030CDFF890C22DE9F04F92
:10F7100087B04FEA105982460F460593030B9A4E65
:10F7200015460493030ADFF878E202930309019374
:10F7300000F00F0395480393954B96495A68096862
:10F7400042F07D52A9425A6028BF2946924A8B4610
:10F750003168126841F0012141F4800121EA02017F
:10F7600021F078511960DCF8002032B1002400BF8C
:10F770000134DCF800209442F9D341F0605241F0AA
:10F7800068541A601C6000BF00BF00BF00BF1A6051
:10F7900000BF00BF00BF00BF41F0305241F03854FD
:10F7A0001A601C6000BF00BF00BF00BF1A6000BF2E
:10F7B00000BF00BF00BF09F00F0241EA826242F0C1
:10F7C00000741A601C6000BF00BF00BF00BF1A6059
:10F7D00000BF00BF00BF00BF059A02F00F0241EA60
:10F7E000826242F000741A601C6000BF00BF00BF5C
:10F7F00000BF1A6000BF00BF00BF00BF049A02F044
:10F800000F0241EA826242F000741A601C6000BF7D
:10F8100000BF00BF00BF1A6000BF00BF00BF00BF35
:10F82000029A02F00F0241EA826242F000741A600A
:10F830001C6000BF00BF00BF00BF1A6000BF00BF58
:10F8400000BF00BF019A02F00F0241EA826242F05B
:10F8500000741A601C6000BF00BF00BF00BF1A60C8
:10F8600000BF00BF00BF00BF039A41EA826242F0BE
:10F8700000741A601C6000BF00BF00BF00BF1A60A8
:10F8800000BF00BF00BF00BF5A6822F070525A602C
:10F89000026892B141F000720024A8461A6000BFCD
:10F8A00000BF00BF00BF196000BF00BF00BF00BFA6
:10F8B00001340568A542F1D84546BBF1000F53D08D
:10F8C0000BEB070941F0007407F1FF38CDF804B0E5
:10F8D00009F1FF391C6000BF00BF00BF00BFD3F8B3
:10F8E00008B0196000BF00BF00BF00BF1C6000BFB0
:10F8F00000BF00BF00BF9A68196000BF00BF00BF13
:10F9000000BF4FEA9B6BC2F3836242EA0B1208F816
:10F91000012FC845DED13268DDF804B01A605A689C
:10F9200042F07D525A60DEF8002032B1002100BF63
:10F930000131DEF800209142F9D3B5EB0B051ED062
:10F94000DA445F444FEA1A424FEA1A5905924FEAE5
:10F950001A3204924FEA1A2202924FEA1A120192C4
:10F960000AF00F020392E8E632681A605A6842F021
:10F970007D525A60DEF80020002AD7D1DDE607B0BC
:10F98000BDE8F08F704700BFDC000420C84C0020A9
:10F9900000C00042C04C0020C44C00204806042097
:10F9A0004C06042000B507228E46DFF86CC04EFAE4
:10F9B00002F39B0603F08063034343F00071CCF82D
:10F9C0000030CCF8001000BF00BF00BF00BF00BF78
:10F9D00000BF00BF00BF00BF00BF00BF00BF00BF2F
:10F9E00000BF00BF00BF00BF00BFCCF8003000BFA9
:10F9F00000BF00BF00BF00BF00BF00BF00BF00BF0F
:10FA000000BF00BF00BF00BF00BF00BF00BF00BFFE
:10FA100000BF013ACBD200BD00C000422DE9F04F3B
:10FA200085B00092002A65D0030A8046364D040C4A
:10FA300002938946C3B2354EDFF8E4A00393DAF8A7
:10FA40000420334B42F07D5232481968324BCAF8D9
:10FA50000420324A1B6812681843009F20EA020003
:10FA60008F4220F0785028BF0F4640F04050CAF82F
:10FA700000002A683AB1002100BF01312B68994289
:10FA8000FAD3254B1B6802210193FFF78BFFE1B2EC
:10FA9000FFF788FF9DF80810FFF784FF0399FFF731
:10FAA00081FF019B4FB307EB090401979B4609F1C6
:10FAB000FF37013C17F8011FFFF774FFA742F9D188
:10FAC000019FCAF800B032682AB1002200BF01329B
:10FAD00033689A42FAD3009BDB1B00930AD0B844E8
:10FAE000B9444FEA18234FEA184402935FFA88F3A7
:10FAF0000393A4E705B0BDE8F08FCAF80030326880
:10FB0000002AE2D19BE700BF480604204C060420EF
:10FB1000C04C002000014001DC000420C44C002047
:10FB200000C000422DE9F04F85B00192002A00F09C
:10FB3000A0800B46554A010C554F4FEA102A554EEE
:10FB4000554C81465FFA80FB02916168534841F051
:10FB50007D51534D006861600199814228BF014683
:10FB6000884611680D434F49096825EA010525F0CB
:10FB7000785545F040502060396839B14FF0000C9D
:10FB800000BF0CF1010C39688C45F9D303210393B4
:10FB9000FFF708FF9DF80810FFF704FF5FFA8AF1EE
:10FBA000FFF700FF5946FFF7FDFE6168374A21F075
:10FBB0000061039B6160B8F1000F5DD008EB030B9F
:10FBC00045F0485503F1FF3A0BF1FF3B4FF0080CAD
:10FBD0004FF0000E256000BF00BF00BF00BF00BF98
:10FBE00000BF00BF00BF00BF00BF00BF00BF00BF1D
:10FBF00000BF00BF00BF00BF00BFA1682060C1F30D
:10FC0000C06141EA4E0E00BF00BF00BF00BF00BF91
:10FC100000BF00BF00BF00BF00BF00BF00BF00BFEC
:10FC200000BF00BF00BF00BF00BFBCF1010CD1D1BD
:10FC30000AF801EFDA45C9D111682160616841F025
:10FC40007D516160316829B1002100BF0131306808
:10FC50008142FAD30199B1EB0801019109D0C14465
:10FC600043444FEA19414FEA192A5FFA89FB02918E
:10FC70006BE705B0BDE8F08F11682160616841F065
:10FC80007D51616031680029DED15EE7DC0004202F
:10FC9000480604204C06042000C00042C04C00204E
:10FCA00000014001C44C0020002A00F0F3800B4604
:10FCB000010C2DE9F04F87B08146DFF8F4A10391E4
:10FCC000010A754F0291C1B2744E754D754C019188
:10FCD00075486168006841F07D519042616028BFBD
:10FCE0001046DAF80010804641F001216F4841F4D7
:10FCF0008001006821EA000C2CF0785B4BF040504A
:10FD00002060396839B14FF0000C00BF0CF1010CD4
:10FD100039688C45F9D30B21CDE90432FFF742FE57
:10FD20009DF80C10FFF73EFE9DF80810FFF73AFE15
:10FD30000199FFF737FE616821F000616160316869
:10FD4000DDE90432002930D04BF048514FF0000C6F
:10FD50009E46216000BF00BF00BF00BF00BF00BFC4
:10FD600000BF00BF00BF00BF00BF00BF00BF00BF9B
:10FD700000BF00BF00BF00BF206000BF00BF00BFCA
:10FD800000BF00BF00BF00BF00BF00BF00BF00BF7B
:10FD900000BF00BF00BF00BF00BF00BF00BF0CF12D
:10FDA000010C33686345D4D87346B8F1000F63D0B3
:10FDB0004BF0485C194608EB030B03F1FF3E63462A
:10FDC0008C460BF1FF3BCDE901894FF008084FF05D
:10FDD0000009236000BF00BF00BF00BF00BF00BF1D
:10FDE00000BF00BF00BF00BF00BF00BF00BF00BF1B
:10FDF00000BF00BF00BF00BFA1682060C1F3C061A9
:10FE000041EA490900BF00BF00BF00BF00BF00BFFB
:10FE100000BF00BF00BF00BF00BF00BF00BF00BFEA
:10FE200000BF00BF00BF00BFB8F10108D1D10EF87C
:10FE3000019FDE45C9D1DAF800106346DDE901898A
:10FE40002160616841F07D516160296829B100211C
:10FE500000BF013128688142FAD3B2EB080216D004
:10FE6000C14443444FEA194103914FEA19210291D9
:10FE70005FFA89F101912BE7DAF8001021606168DF
:10FE800041F07D51616029680029E0D120E707B089
:10FE9000BDE8F08F704700BF48060420D04C00201A
:10FEA0004C06042000C00042C04C0020C44C00207E
:10FEB000DC00042000B507228E46DFF874C04EFA3D
:10FEC00002F39B0603F08063034343F00071CCF818
:10FED0000030CCF8001000BF00BF00BF00BF00BF63
:10FEE00000BF00BF00BF00BF00BF00BF00BF00BF1A
:10FEF00000BF00BF00BF00BF00BF00BF00BFCCF805
:10FF0000003000BF00BF00BF00BF00BF00BF00BF88
:10FF100000BF00BF00BF00BF00BF00BF00BF00BFE9
:10FF200000BF00BF00BF00BF00BF013AC7D200BD85
:10FF300000C000422DE9F04F85B00092002A65D044
:10FF4000030A8046364D040C02938946C3B2354EEF
:10FF5000DFF8E4A00393DAF80420334B42F07D523B
:10FF600032481968324BCAF80420324A1B681268BA
:10FF70001843009F20EA02008F4220F0785028BFEB
:10FF80000F4640F04050CAF800002A683AB10021FC
:10FF900000BF01312B689942FAD3254B1B6802211F
:10FFA0000193FFF787FFE1B2FFF784FF9DF8081088
:10FFB000FFF780FF0399FFF77DFF019B4FB307EB2E
:10FFC000090401979B4609F1FF37013C17F8011F0F
:10FFD000FFF770FFA742F9D1019FCAF800B032685D
:10FFE0002AB1002200BF013233689A42FAD3009B43
:10FFF000DB1B00930AD0B844B9444FEA18234FEAF8
:02000004600199
:10000000184402935FFA88F30393A4E705B0BDE8B0
:10001000F08FCAF800303268002AE2D19BE700BFB7
:10002000480604204C060420C04C0020000140017A
:10003000DC000420C44C002000C000422DE9F04F39
:1000400085B00192002A00F0A4800B46574A010CAB
:10005000574F4FEA102A574E574C81465FFA80FBA4
:1000600002916168554841F07D51554D00686160CD
:100070000199814228BF0146884611680D435149C4
:10008000096825EA010525F0785545F040502060C3
:10009000396839B14FF0000C00BF0CF1010C396820
:1000A0008C45F9D303210393FFF704FF9DF8081053
:1000B000FFF700FF5FFA8AF1FFF7FCFE5946FFF7F2
:1000C000F9FE6168394A21F00061039B6160B8F173
:1000D000000F61D008EB030B45F0485503F1FF3AE0
:1000E0000BF1FF3B4FF0080C4FF0000E256000BFF6
:1000F00000BF00BF00BF00BF00BF00BF00BF00BF08
:1001000000BF00BF00BF00BF00BF00BF00BF00BFF7
:1001100000BF00BF00BFA1682060C1F3C06141EA19
:100120004E0E00BF00BF00BF00BF00BF00BF00BF3A
:1001300000BF00BF00BF00BF00BF00BF00BF00BFC7
:1001400000BF00BF00BF00BF00BFBCF1010CCDD19C
:100150000AF801EFDA45C5D111682160616841F004
:100160007D516160316829B1002100BF01313068E3
:100170008142FAD30199B1EB0801019109D0C14440
:1001800043444FEA19414FEA192A5FFA89FB029169
:1001900067E705B0BDE8F08F11682160616841F044
:1001A0007D51616031680029DED15AE7DC0004200E
:1001B000480604204C06042000C00042C04C002029
:1001C00000014001C44C0020002A00F0FB800B46D7
:1001D000010C2DE9F04F87B08146DFF804A20391AE
:1001E000010A794F0291C1B2784E794D794C019153
:1001F00079486168006841F07D519042616028BF94
:100200001046DAF80010804641F00121734841F4AD
:100210008001006821EA000C2CF0785B4BF0405024
:100220002060396839B14FF0000C00BF0CF1010CAF
:1002300039688C45F9D30B21CDE90432FFF73AFE3A
:100240009DF80C10FFF736FE9DF80810FFF732FE00
:100250000199FFF72FFE616821F00061616031684C
:10026000DDE90432002934D04BF048514FF0000C46
:100270009E46216000BF00BF00BF00BF00BF00BF9F
:1002800000BF00BF00BF00BF00BF00BF00BF00BF76
:1002900000BF00BF00BF00BF00BF00BF206000BFA5
:1002A00000BF00BF00BF00BF00BF00BF00BF00BF56
:1002B00000BF00BF00BF00BF00BF00BF00BF00BF46
:1002C00000BF00BF00BF0CF1010C33686345D0D8FC
:1002D0007346B8F1000F67D04BF0485C194608EB45
:1002E000030B03F1FF3E63468C460BF1FF3BCDE968
:1002F00001894FF008084FF00009236000BF00BFDC
:1003000000BF00BF00BF00BF00BF00BF00BF00BFF5
:1003100000BF00BF00BF00BF00BF00BF00BF00BFE5
:1003200000BF00BFA1682060C1F3C06141EA490974
:1003300000BF00BF00BF00BF00BF00BF00BF00BFC5
:1003400000BF00BF00BF00BF00BF00BF00BF00BFB5
:1003500000BF00BF00BF00BFB8F10108CDD10EF84B
:10036000019FDE45C5D1DAF800106346DDE9018959
:100370002160616841F07D516160296829B10021E7
:1003800000BF013128688142FAD3B2EB080216D0CF
:10039000C14443444FEA194103914FEA19210291A4
:1003A0005FFA89F1019123E7DAF8001021606168B2
:1003B00041F07D51616029680029E0D118E707B05C
:1003C000BDE8F08F704700BF48060420D04C0020E5
:1003D0004C06042000C00042C04C0020C44C002049
:1003E000DC0004202DE9F04F7E4C924683B0054698
:1003F00022780E469B46002A40F0AB807A4994460C
:100400007A4F4FF0FF3488460B46BE4601919A6CF6
:10041000002A54D0DEE90002854276EB02090CD3B3
:10042000611C09D007EBC40957F83410D9F80490BF
:10043000814279EB020900D264460CF1010C503381
:100440000EF1080EBCF1040FE1D1601C019927D117
:1004500000236748AC46B6468A6C002A66D0621C08
:1004600040F0B580032B03F1010414D0D1F898209B
:100470005031002A57D050F82450621C50F82360A5
:100480005031B5425CD2032C234656D08D6C002DE2
:100490004BD01446EFE7654676461C46631C09D0F0
:1004A00004EB84034FEA840908EB0313986C50B102
:1004B000002E74D04FF0FF3003B0BDE8F08FDA6C3F
:1004C000002AA7D1B9E7D86C0028F3D02A463346D2
:1004D0000EF0DAFC0028EDD009EB040308EB03185A
:1004E000D8F8480000284DD05A4651460FF01EFF5C
:1004F00020EAE0735D1946EBE3763E4A0C9B47F831
:10050000345007EBC407834213684FF0FF3038497B
:1005100003F10103D8BF00207E60136041F824304E
:1005200003B0BDE8F08F22461C461346CA6C002A71
:1005300095D101335031042B8ED165467646ADE717
:10054000032C04F10102A6D08C6C002CECD01446D4
:1005500091E7294CA06C78B30029ABD1294610F063
:1005600007F80028A6D0A06CF8B15A4651460FF003
:10057000DDFE0C9B83424FF0FF30D8BF002003B05C
:10058000BDE8F08FD8F84C0028B35A4651460EF01B
:100590009BFB20EAE0735D1946EBE376ADE7294665
:1005A0000FF0E6FF002885D096E7E06CB0B15A4620
:1005B00051460EF089FBDCE7E06C00283FF47AAF8F
:1005C0002A460B460EF060FC0028CCD172E71A4692
:1005D000234614464FE74FF0FF308EE74FF0FF30D1
:1005E000C7E700BF98E30420B8FD0320F8ED012021
:1005F000D0060420CC060420B0F7032000B5072263
:100600008E46DFF884C04EFA02F39B0603F0806347
:10061000034343F00071CCF80030CCF8001000BF69
:1006200000BF00BF00BF00BF00BF00BF00BF00BFD2
:1006300000BF00BF00BF00BF00BF00BF00BF00BFC2
:1006400000BF00BF00BF00BF00BF00BF00BFCCF8AD
:10065000003000BF00BF00BF00BF00BF00BF00BF31
:1006600000BF00BF00BF00BF00BF00BF00BF00BF92
:1006700000BF00BF00BF00BF00BF00BF00BF00BF82
:1006800000BF013ABFD200BD00C000422DE9F04FCB
:1006900085B00092002A65D0030A8046364D040CCE
:1006A00002938946C3B2354EDFF8E4A00393DAF82B
:1006B0000420334B42F07D5232481968324BCAF85D
:1006C0000420324A1B6812681843009F20EA020087
:1006D0008F4220F0785028BF0F4640F04050CAF8B3
:1006E00000002A683AB1002100BF01312B6899420D
:1006F000FAD3254B1B6802210193FFF77FFFE1B27C
:10070000FFF77CFF9DF80810FFF778FF0399FFF7CC
:1007100075FF019B4FB307EB090401979B4609F155
:10072000FF37013C17F8011FFFF768FFA742F9D117
:10073000019FCAF800B032682AB1002200BF01321E
:1007400033689A42FAD3009BDB1B00930AD0B8446B
:10075000B9444FEA18234FEA184402935FFA88F32A
:100760000393A4E705B0BDE8F08FCAF80030326803
:10077000002AE2D19BE700BF480604204C06042073
:10078000C04C002000014001DC000420C44C0020CB
:1007900000C000422DE9F04F85B00192002A00F020
:1007A000AC800B465B4A010C5B4F4FEA102A5B4E54
:1007B0005B4C81465FFA80FB02916168594841F0C9
:1007C0007D51594D006861600199814228BF014601
:1007D000884611680D435549096825EA010525F049
:1007E000785545F040502060396839B14FF0000C21
:1007F00000BF0CF1010C39688C45F9D30321039338
:10080000FFF7FCFE9DF80810FFF7F8FE5FFA8AF18B
:10081000FFF7F4FE5946FFF7F1FE61683D4A21F00B
:100820000061039B6160B8F1000F69D008EB030B16
:1008300045F0485503F1FF3A0BF1FF3B4FF0080C30
:100840004FF0000E256000BF00BF00BF00BF00BF1B
:1008500000BF00BF00BF00BF00BF00BF00BF00BFA0
:1008600000BF00BF00BF00BF00BF00BF00BF00BF90
:1008700000BF00BF00BFA1682060C1F3C06141EAB2
:100880004E0E00BF00BF00BF00BF00BF00BF00BFD3
:1008900000BF00BF00BF00BF00BF00BF00BF00BF60
:1008A00000BF00BF00BF00BF00BF00BF00BF00BF50
:1008B00000BFBCF1010CC5D10AF801EFDA45BDD18A
:1008C00011682160616841F07D516160316829B132
:1008D000002100BF013130688142FAD30199B1EBA8
:1008E0000801019109D0C14443444FEA19414FEA3C
:1008F000192A5FFA89FB02915FE705B0BDE8F08F26
:1009000011682160616841F07D51616031680029A2
:10091000DED152E7DC000420480604204C06042007
:1009200000C00042C04C002000014001C44C002027
:10093000002A00F00B810B46010C2DE9F04F87B027
:100940008146DFF824A20291010A814F0391C1B2CE
:10095000804E814D814C019181486168006841F071
:100960007D519042616028BF1046DAF80010804641
:1009700041F001217B4841F48001006821EA000C2C
:100980002CF0785B4BF040502060396839B14FF063
:10099000000C00BF0CF1010C39688C45F9D30B2118
:1009A000CDE90432FFF72AFE9DF80810FFF726FE76
:1009B0009DF80C10FFF722FE0199FFF71FFE6168FA
:1009C00021F0006161603168DDE9043200293CD02A
:1009D0004BF048514FF0000C9E46216000BF00BF15
:1009E00000BF00BF00BF00BF00BF00BF00BF00BF0F
:1009F00000BF00BF00BF00BF00BF00BF00BF00BFFF
:100A000000BF00BF00BF00BF00BF00BF206000BF2D
:100A100000BF00BF00BF00BF00BF00BF00BF00BFDE
:100A200000BF00BF00BF00BF00BF00BF00BF00BFCE
:100A300000BF00BF00BF00BF00BF00BF00BF0CF180
:100A4000010C33686345C8D87346B8F1000F6FD006
:100A50004BF0485C194608EB030B03F1FF3E63467D
:100A60008C460BF1FF3BCDE901894FF008084FF0B0
:100A70000009236000BF00BF00BF00BF00BF00BF70
:100A800000BF00BF00BF00BF00BF00BF00BF00BF6E
:100A900000BF00BF00BF00BF00BF00BF00BF00BF5E
:100AA00000BF00BFA1682060C1F3C06141EA4909ED
:100AB00000BF00BF00BF00BF00BF00BF00BF00BF3E
:100AC00000BF00BF00BF00BF00BF00BF00BF00BF2E
:100AD00000BF00BF00BF00BF00BF00BF00BF00BF1E
:100AE000B8F10108C5D10EF8019FDE45BDD1DAF895
:100AF00000106346DDE901892160616841F07D51A4
:100B00006160296829B1002100BF01312868814254
:100B1000FAD3B2EB080216D0C14443444FEA19415C
:100B200002914FEA192103915FFA89F1019113E7CC
:100B3000DAF800102160616841F07D516160296838
:100B40000029E0D108E707B0BDE8F08F704700BF8B
:100B500048060420D04C00204C06042000C000426F
:100B6000C04C0020C44C0020DC0004202DE9F04FD4
:100B700089B00192002A00F0F980020B8146030D32
:100B80008B460692020A814F4FEA104A04920209EC
:100B90007F4E039200F00F02DFF808827D4C07932E
:100BA000059263687C4A43F07D53116863607B4B18
:100BB000019A18688A427A4B40F0012028BF0A4601
:100BC000196840F4800020EA010020F07855256083
:100BD000396839B14FF0000C00BF0CF1010C3B68D3
:100BE0009C45F9D345F0605145F06853029221606D
:100BF000236000BF00BF00BF00BF00BF216000BF77
:100C000000BF00BF00BF00BF45F0305145F0385372
:100C10002160236000BF00BF00BF00BF00BF216094
:100C200000BF00BF00BF00BF00BF079B03F00F0164
:100C300045EA816141F000732160236000BF00BF7D
:100C400000BF00BF00BF216000BF00BF00BF00BFEA
:100C500000BF0AF00F012846F8F7D4FA069B284691
:100C600003F00F01F8F7CEFA049B284603F00F01BA
:100C7000F8F7C8FA039B284603F00F01F8F7C2FA09
:100C800005992846F8F7BEFA6168029A21F070517A
:100C900061603168A1B145F000734FF0000C236032
:100CA00000BF00BF00BF00BF00BF256000BF00BF86
:100CB00000BF00BF00BF0CF1010C31686145EED8E8
:100CC000002A56D002EB0B0A45F000730BF1FF3CF3
:100CD0000AF1FF3A236000BF00BF00BF00BF00BFA2
:100CE000A068256000BF00BF00BF00BF00BF236039
:100CF00000BF00BF00BF00BF00BFA168256000BFEC
:100D000000BF00BF00BF00BF800EC1F3836141EA96
:100D100000110CF8011FD445DCD1204B196821606B
:100D2000616841F07D516160D8F8001031B1002157
:100D300000BF0131D8F800309942F9D3019B9B1ACA
:100D4000019313D0914493444FEA19534FEA194A3F
:100D500007934FEA193306934FEA192304934FEA96
:100D60001913039309F00F0305931AE709B0BDE8BF
:100D7000F08F0A4B19682160616841F07D51616014
:100D8000D8F800100029D2D10BE700BF4806042094
:100D9000C84C002000C00042C04C0020DC000420F1
:100DA000C44C00204C060420002A00F00181030DF1
:100DB0002DE9F04F87B0914607468A460593030C0C
:100DC0007C4A0493030B7C4D0393030A7B4E0193EF
:100DD00003097B4C009300F00F030293794B616889
:100DE000186841F07D51784B4845616028BF4846FE
:100DF00019688046106840F0012040F4800020EA25
:100E0000010020F0785BC4F800B0296839B14FF0D8
:100E1000000C00BF0CF1010C2B689C45F9D34BF082
:100E200040614BF060632160236000BF00BF00BFE2
:100E300000BF00BF216000BF00BF00BF00BF00BFF8
:100E40004BF000514BF008532160236000BF00BFFE
:100E500000BF00BF00BF216000BF00BF00BF00BFD8
:100E600000BF059B584603F00F01F8F7CBF9049B30
:100E7000584603F00F01F8F7C5F9039B584603F0F5
:100E80000F01F8F7BFF9019B03F00F014BEA8161F5
:100E900041F000732160236000BF00BF00BF00BFAE
:100EA00000BF216000BF00BF00BF00BF00BF009BAC
:100EB00003F00F014BEA816141F000732160236070
:100EC00000BF00BF00BF00BF00BF216000BF00BF68
:100ED00000BF00BF00BF029B4BEA836141F000737B
:100EE0002160236000BF00BF00BF00BF00BF2160C2
:100EF00000BF00BF00BF00BF00BF2E4AB8F1000F07
:100F00004DD008EB0A0E0AF1FF3C0EF1FF3E1CF833
:100F1000013F1B094BEA836343F0007123602160AA
:100F200000BF00BF00BF00BF00BF236000BF00BF05
:100F300000BF00BF00BF9CF8003003F00F034BEA76
:100F4000836343F000712360216000BF00BF00BFD6
:100F500000BF00BF236000BF00BF00BF00BF00BFD5
:100F6000F445D4D111682160316829B1002100BF56
:100F7000013133689942FAD3B9EB080915D04744D7
:100F8000C2443B0D05933B0C04933B0B03933B0A7C
:100F900001933B09009307F00F0302931EE71168CA
:100FA000216031680029E1D118E707B0BDE8F08F72
:100FB000704700BFDC000420480604204C060420D3
:100FC00000C00042C04C0020C44C0020002A00F0A9
:100FD000D080030D2DE9F04F87B0914607468A4631
:100FE0000593030C634A0493030B634D0393030AB5
:100FF000624E01930309624C009300F00F030293C9
:10100000604B6168186841F07D515F4B48456160F5
:1010100028BF484619688046106840F0012040F417
:10102000800020EA010020F0785BC4F800B0296855
:1010300039B14FF0000C00BF0CF1010C2B689C453E
:10104000F9D34BF040614BF060632160236000BF37
:1010500000BF00BF00BF00BF00BF216000BF00BFD6
:1010600000BF00BF00BF00BF08215846F8F7E0F8F6
:10107000059B584603F00F01F8F7DAF8049B584631
:1010800003F00F01F8F7D4F8039B584603F00F0163
:10109000F8F7CEF8019B584603F00F01F8F7C8F8AF
:1010A000009B584603F00F01F8F7C2F80299584622
:1010B000F8F7BEF82F4AB8F1000F51D008EB0A0E2E
:1010C0000AF1FF3C0EF1FF3E1CF8013F1B094BEA01
:1010D000836343F000712360216000BF00BF00BF45
:1010E00000BF00BF00BF236000BF00BF00BF00BF44
:1010F00000BF00BF9CF8003003F00F034BEA83638E
:1011000043F000712360216000BF00BF00BF00BF3B
:1011100000BF00BF236000BF00BF00BF00BF00BF13
:1011200000BFF445D0D111682160316829B1002198
:1011300000BF013133689942FAD3B9EB080915D0E1
:101140004744C2443B0D05933B0C04933B0B039374
:101150003B0A01933B09009307F00F0302934FE70B
:101160001168216031680029E1D149E707B0BDE885
:10117000F08F7047DC000420480604204C06042051
:1011800000C00042C04C0020C44C0020002A00F0E7
:101190009A802DE9F04F8A4685B0010C81464A4E6F
:1011A00090460291010A494D0191C1B2484C00910B
:1011B0006368484A43F07D53126863604245464B7A
:1011C00028BF4246D3F800B0444B17461A68444B38
:1011D0004BEA030323EA020323F0785343F0405021
:1011E0002060326842B1002100BF013132688A427A
:1011F000FAD8394AD2F800B0072103220A4101394E
:10120000920602F08062024342F0007C2260C4F841
:1012100000C022604A1CF0D19DF808100393F8F733
:1012200039F89DF80410F8F735F80099F8F732F816
:10123000626822F000626260002F37D0039B07EBE8
:101240000A0E0AF1FF32009743F048530EF1FF3EB9
:1012500008274FF0000C2360013FA1682060C1F314
:10126000C06141EA4C0CF6D102F801CF7245EFD1D2
:10127000009FC4F800B0636843F07D5363602B683F
:101280002BB1002300BF01332A689342FAD3B8EB95
:10129000070815D0B944BA444FEA194302934FEAFC
:1012A000192301935FFA89F3009381E7C4F800B032
:1012B000636843F07D5363602B68002BE1D177E7CF
:1012C00005B0BDE8F08F7047480604204C060420A6
:1012D00000C00042C04C0020DC000420C44C0020B0
:1012E00000014001002A00F0A0802DE9F04F924655
:1012F00085B0020C81468B464C4E0292020A4C4D40
:1013000002270192C2B24B4C00924B4A63681268AA
:1013100043F07D5349485245636028BF5246484BCD
:1013200090461B68474A1843126820EA020020F0E2
:10133000785040F04050206032683AB1002200BF3F
:10134000013233689A42FAD33D4B1B68072147FAB2
:1013500001F20139920602F08062024342F0007C01
:101360002260C4F800C022604A1CF0D19DF808E059
:1013700007214EFA01F20139920602F0806202431F
:1013800042F0007C2260C4F800C022604A1CF0D108
:101390009DF804100393F7F77DFF0099F7F77AFFA4
:1013A000039BB8F1000F38D008EB0B0ECDF804808A
:1013B0000BF1FF3198460EF1FF3E11F801CF0722E5
:1013C00000914CFA02F3013A9B0603F08063034359
:1013D00043F00071236021602360531CF1D1009918
:1013E0007145EAD14346DDF8048023602B682BB1B8
:1013F000002300BF01332A689342FAD3BAEB080AEC
:1014000010D0C144C3444FEA194302934FEA192351
:1014100001935FFA89F3009377E723602B68002B31
:10142000E6D172E705B0BDE8F08F704748060420AA
:101430004C06042000C00042C04C002000014001C6
:10144000DC000420C44C00202DE9F041DFF8388096
:10145000D8F800408CB112F0DDFF094D0746094E67
:1014600005E012F0D7FF3368C01B984205D2286808
:10147000A0470028F5D1C8F80000BDE8F08100BF02
:10148000BC0604204CF70320C40604201A4B1B782A
:101490005BB370B5194D0E4601461446A86C68B191
:1014A0000FF066F878B1A86C80B1224631460EF094
:1014B0003DFF201A18BF4FF0FF3070BDD5F84CC06B
:1014C000BCF1000F09D14FF0FF3070BDE86C78B16E
:1014D000224631460DF0F8FBEBE703460A4660462C
:1014E0000DF0D2FC0028DED1EDE74FF0FF30704761
:1014F0004FF0FF30DDE700BF95E3042000F8032044
:10150000194B1B7863B370B5184D0E46014614464F
:10151000A86C68B10FF02CF878B1A86C80B12246A5
:1015200031460FF001FA201A18BF4FF0FF3070BD9E
:10153000D5F84CC0BCF1000F0AD14FF0FF3070BDA0
:10154000E86C0028EFD0224631460EF017FAEAE7A1
:1015500003460A4660460DF097FC0028DDD1ECE713
:101560004FF0FF30704700BF95E3042000F80320E0
:1015700008B5094B1B7863B1084B986C18B10FF094
:10158000BBF8013808BDD86C18B10EF0A9F80138C5
:1015900008BD4FF0FF3008BD95E3042000F803209C
:1015A000014BD3E900017047F0ED0120014B1868B1
:1015B000704700BFE0000420002807DB044B1B68D5
:1015C0008342D4BF00200120C0057047002070472F
:1015D000E00004200000000010B512F01BFFDFF84F
:1015E00044C003460E4ADCF800409C42D2E90001A8
:1015F00001D9013151601818CCF8003041F10001D7
:1016000014F0F0FC9FED047B41EC100B20EE070B77
:1016100010BD00BFAFF300808DEDB5A0F7C6B03EA2
:1016200018EE0120101704200FB400B5BFB0F02150
:1016300040AB02A853F8042B019315F0A1FE02A8B9
:1016400016F08EFD014602A814F06CF9034812F062
:10165000D9FC3FB05DF804EB04B07047A04C00200B
:1016600091ED007B2DE9F04F0C4607462DED0A8BDE
:10167000D1E9160195B0B0EE40CA5BEC17AB14F09F
:10168000B1FC94ED029B9FED487B41EC180BB5EE4D
:10169000C09B28EE078BF1EE10FA40F3818088EEB4
:1016A00009AB474E474D30682B687168C01A6B68AC
:1016B000DFF8289161EB0301DFF8248114F092FC3C
:1016C000414B9FED3B6B41EC150B1B6885EE067B98
:1016D0001093D8F80020D9F800309B1A11933B4B97
:1016E0001B680F933A4B9FED34BB8DED127B1B684B
:1016F0000E93D4E90623CDE90C23D4E90423CDE9E4
:101700000A23D4E91A0114F06DFC41EC170B27EE03
:101710000B7B8DED087BD4E9180114F063FC524675
:101720005B4641EC170B27EE0B7B394629488DEDC4
:1017300004AB8DED029B8DED067B8DED008BFFF7ED
:1017400073FFD9F80030B7EECC0A3946C8F800303C
:101750002148D6E900238DED0C0BC5E90023D4E91F
:101760001423CDE90A23D4E91223CDE90823D4E9CF
:101770001023CDE90623D4E90E23CDE90423D4E9CF
:101780000C23CDE90223D4E90A23CDE90023D4E9CF
:101790000823FFF749FF15B0BDEC0A8BBDE8F08FB9
:1017A000B0EE48AB7DE700BF000000000000B03E97
:1017B0000000000080842E41000000000000503F27
:1017C000A8E7012020EE0120C0060420E406042042
:1017D000E0060420AC2500209026002064F70320BA
:1017E0008C2104202DE9F04182B005460E461746B3
:1017F000089C98460094FEF7F5FD20B1104B1A782E
:1018000022B94FF0FF3002B0BDE8F081F7F79EFA41
:1018100001460C48FFF708FF0B4A094B10780022DD
:101820001A701CF0D9F90028EBD043463A462846F6
:101830003146089402B0BDE8F041FEF7D3BD00BFC9
:1018400094E30420EC2600208AE3042030B585B020
:101850000D460446CDE90232F9F72CFB0749097819
:1018600041B920462946DDE902320093FFF7BAFF6D
:1018700005B030BD4FF0FF30FAE700BF8FE3042022
:101880002DE9F047614C86B015460391CDE904037C
:10189000F9F710FB2478002C40F0B2805C4C059BDB
:1018A0002478DDE9031084B9864684469846594C6D
:1018B00073442A46A3EB0C0300934346FFF792FFC1
:1018C0000023236006B0BDE8F087534C2268534CD8
:1018D0002468FCB90E9C002C3CD0894698460390A5
:1018E0004F49096871B34F49012A0F9C0C60494C5C
:1018F0000E99216009D14C49097831B1039AC2F39C
:10190000080111B9B8F5802F30D9864603984946A9
:101910008446CDE7C0F3080C03F2FF14DFF81C8106
:101920008646B0EB0C066444A5EB0C0561F100099A
:101930000E9904EA080803960029D1D1012A0FD193
:10194000344CD8E7012AFBD0864603984946314CEF
:101950008446ADE7012AA7D1984689460390EFE770
:10196000DDF80CC049462B4C6046A1E7C8F3080CD3
:1019700005F0030140F2FF1E5CEA01029246C4D169
:10198000039ADFF8BCC018EB0207DCE9001C49F140
:10199000000211EB0E016FF308014CF1000CB9428B
:1019A0007CEB020CB1D328464146F7F7E5F9039BDF
:1019B0001E482A465B0A1E49D0F88C0443EAC953E4
:1019C0000968194403685D694FEA5823A847194A12
:1019D000936A23F440739362C4F800A008B15046A0
:1019E00070E7124BD3F88C0468B103685B6B9847BF
:1019F0000146039A4B461048CDE90081FFF714FEDB
:101A00004FF0FF305EE72A21F3E700BF8FE30420A9
:101A10008AE30420C4060420C8060420BC4C00202D
:101A2000D44C0020BC06042098E30420B0E7012039
:101A300054F7032000002C404027002000FEFFFF49
:101A4000F0ED012008B52D4B1B78002B2ED02C4B30
:101A50001B68002B2ADD01462A488B420078CCBF48
:101A60000022012290423AD001290CBF264A274A7F
:101A70008B421CDC2648274BFFF7D6FD01201CF0CB
:101A8000ABF8002832D024492448FFF7CDFD244B81
:101A90001A68012A05D00122224923481A60FFF75B
:101AA000C3FD01232149224A0B60136008BD184879
:101AB000204BFFF7B9FD00201CF08EF8B0B11E4995
:101AC0001648FFF7B1FD164B1A68002AEED0002227
:101AD0001A4915481A60BDE80840FFF7A5BD8B42BA
:101AE000F1DC0F4B1A68012AD5D1DAE71449154801
:101AF000FFF79AFD144B00221A7008BD98E30420EA
:101B0000B04C00208AE30420803E0020200E0020FC
:101B1000C4270020982700204C0C00207C270020A0
:101B2000C80604200017002084270020D44C002081
:101B3000BC4C0020F02700203C0C00209027002007
:101B4000CC0D0020140E00208CE3042000000000C7
:101B50000023614A01462DE9F04F2DED0E8BD3B0E5
:101B600013705E4B06465E481B6822935D4B1A68F5
:101B70005B68239224930CF099FC80B10AF0A2FCDC
:101B800001465948FFF750FD0AF0CCFC0028C0F28E
:101B90009F81002053B0BDEC0E8BBDE8F08F534BFE
:101BA0000446314652481A68FFF73EFDA64240F30C
:101BB000AD814B4D2746AB6921464E48002B04DBD7
:101BC000EA69FFF731FDEB691F4401342035A64275
:101BD000F1D125974FF00009414B9FED47AA03EB48
:101BE00046174C46C8464D46DFF81CA19FED388B82
:101BF000B0EE48DBB0EE48CBB0EE48BBB0EE489B51
:101C0000002E0DDD364B4FF0000B5A692033002AB1
:101C100008BF0BF1010BBB42F7D1BBF1000F4ED156
:101C20000AF054FC0023354A31462D480CF0DAFC0A
:101C3000B0F1000B6ADD34A801340AF051FCDAF887
:101C40000010509BD9442E4A0B441168CAF800304A
:101C5000519B0B4413604A9B18EB03039DED343BEF
:101C60009DED364B9DED385B9DED3A6B9DED487BD0
:101C700098464B9B39EE039B45EB03053BEE04BBBB
:101C80003CEE05CB3DEE06DB38EE078B12F01AFE7C
:101C9000B4EECA0A2346F0EE40AA1A4A28212AA81E
:101CA000F1EE10FACDF800B030FE0AAA15F0BAFA3B
:101CB000B0EE6A0A34A92AA8FFF7D2FCA0E70AF01E
:101CC00041FC584540F3EB805846FFF7BBFEA7E7C1
:101CD00000000000000000008FE3042064F70320F0
:101CE000F0EC0120A8E70120F8270020B84C0020E4
:101CF000142800204828002000007AC485440000F1
:101D0000C006042090280020E006042040F0CB808C
:101D1000002ECDF874B04FDDDA46834FCDF880B099
:101D20001E96CDE92649D946CDE928857F4E56F83D
:101D30002A500AF007FC05440AF004FC06F10C02E4
:101D400056F82A40013D52F82A3002EB8A0695FBEC
:101D5000F0F51A1BA34215441D9A2A44209D1D929A
:101D600012DB734B40F6FF7803EB8A0BDBF8003095
:101D7000A8EB0502791953F8240001340AF0E4FBBA
:101D800033680544A342F1DA4FF400532946694A07
:101D90003846F9F7E7F84946664A09F10109664805
:101DA0000AF1080AFFF740FC1E9B4B45BED11E46B8
:101DB000DDE92649DDE92885002C40F09280B0EE6F
:101DC00049EB1D9B224631465C4804934B468DED02
:101DD00002EB8DED009BFFF727FC594B294640464F
:101DE0001D6814F0FFF8B5EEC0BB9FED496B9FED89
:101DF0004A5BF1EE10FA41EC170B27EE066B27EE6B
:101E0000057B01DD87EE0B7B4E4A23991368B7EE05
:101E1000CAAA581A5168249B61EB03018DED207BFF
:101E20008DED1E6B8DED1AAB14F0DCF81D9B464A50
:101E30000293259B41EC150BCDE900934349444B9C
:101E40008DED12CB18680968229B149131461268F7
:101E5000C01A23463F4C16922A46246817903E48E3
:101E600015949DED1E6B9DED207B8DED108B8DED02
:101E7000086B9FED2B6B8DED0A7B8DED0EDB85EEF8
:101E8000067B8DED0CBB8DED06EB8DED049B8DED92
:101E9000187BFFF7C9FB3148FFF7C6FB1BE00AF0D0
:101EA00051FB834610E72E4B01341B7813BB0AF01D
:101EB00009FB214602462B48FFF7B6FB0AF032FB2E
:101EC0000028BFF666AE21462748FFF7ADFB02E0CB
:101ED0002648FFF7A9FB012053B0BDEC0E8BBDE8EF
:101EE000F08F07EE904AB8EEE77B89EE077BB0EE05
:101EF00047EB66E721461E48FFF796FB21461D4843
:101F0000FFF792FB0023164A1370E4E7259461E67D
:101F1000000000000000103E000000000000B03E85
:101F20000000000080842E4100302020F4EC0120CD
:101F3000F0EC01200010202030290020442900204E
:101F4000B84C0020A8E70120C0060420E0060420C9
:101F500064F70320E4060420C4290020BC2A0020E2
:101F60008FE30420FC2800201829002004280020EA
:101F7000A8280020E028002000239B4A9B492DE947
:101F8000F04F2DED108BDFB01370994B4FF4806242
:101F90001C901B682993974BD3E900632A930AF09E
:101FA0006BFB041E40F3B282934B944A1B68116A88
:101FB00023448B4200F3DA811C9D284616F0D0F8AA
:101FC0004FF4805301468E4A2846F8F7CBFF8D4ADE
:101FD000894B12681B68002A40F0DA808A4A8849D7
:101FE0004FF0000B894800922246804DFFF71CFB02
:101FF0000B21874813F096FC202013F07FFC55F846
:10200000041B844811F0F2FF59460BF1010B5C45AB
:10201000F2D180481E9111F0F5FF00231E992F93F5
:10202000784BD3F80080B8F1000F40F0A6819FED07
:102030007A9A4446CDF878809FED638BCDE9248869
:10204000B0EE48CBB0EE48DBB0EE48BBB0EE48ABEC
:10205000694B1B685B44A34200F39C802F990023CB
:102060006E4A535410464FF480436D4AF8F77AFF96
:102070006B496C48FFF7D8FA249B002B40F0E782AD
:10208000694BB0EE4AEB2293684B8DED1CAB289365
:102090001E99259813F0A6FF654C9DED1C7B41EC25
:1020A0001F0B53EC1A2B8DED027B9FED497B24997E
:1020B00060482FEE077B8DED00EB8DED047B8DED01
:1020C0001E7BFFF7B1FA229A289B11681B682268D1
:1020D0005948FFF7A9FAB5EEC0BB474B9FED3E7BD1
:1020E000F1EE10FA1D68474B2FEE077B1F6801DDEC
:1020F00087EE0B7B3F4B18685968B7EEC99A2A9B4D
:10210000801B61EB03018DED207B8DED1A9B13F09D
:1021100069FF249B299A0093354B8DED12DB8DEDE1
:10212000108B1B689B1A2A461793289B1B689DEDF2
:10213000207B1693229B41EC150B206859461C68A6
:102140003B4615903D4814948DED0A7B9DED1E7B1A
:102150009FED236B8DED02AB8DED087B9DED1C7B20
:102160008DED0ECB8DED0CBB8DED067B85EE067BEC
:102170008DED04EB8DED187BFFF756FA3048FFF735
:1021800053FA012528465FB0BDEC108BBDE8F08FF7
:102190002C4A24E701202091FFF754FC164B1B68C2
:1021A0005B449C42BFF65AAF249BB0EE4AEB2696A6
:1021B0000DF1C40901331C4D4646259FA3EB040ACB
:1021C000CDF88CA0AAE000BF0000000000000000D5
:1021D000000000000000103E000000000000B03EC3
:1021E0000000000080842E418FE30420909504209D
:1021F00064F70320A8E70120B84C002080EC012000
:1022000090650420D84C0020082B0020882B00204B
:10221000981A0020A04C002000007AC49075042079
:1022200090250420702C0020E0060420C006042025
:10223000E4060420FC2C00205C2D0020B82D00209A
:10224000BC2A0020EC2A0020239B40A8DFF8A083B2
:10225000234424930AF044F92A68A3455C9B229501
:102260001344D8F800202B605D9B13441E9A9DED0B
:10227000403BC8F80030569BC8BF3EEE03EBFB184E
:102280003AEE03AB1F46579B9DED424B9DED445BE1
:102290009DED466B9DED547B42EB03033BEE04BB8F
:1022A0003DEE05DB3CEE06CB1E9338EE078B12F0BD
:1022B00009FBF0EE409A2FAADDED330A3346029275
:1022C0005946F4EEC99A319A9DED320A0192F1EE27
:1022D00010FA309A1C980092224639FE899AF9F732
:1022E000A5FA2346B44A182134A814F09BFFB0EE97
:1022F000690A40A934A8FFF7B3F9209B309EA34296
:1023000004F1010404DCAD4B9B6AB34200F03A8156
:10231000AB4B1B685B44A34240F3FF80A34502DD47
:10232000A84B53F824600AF0D1F833AA32AB214607
:102330003046CDE9009230AA0AF09AFF002883D0F7
:10234000A14B1D78002D40F06E810AF0BBF82146AC
:1023500002469E48FFF768F90AF0E4F8A842BFF683
:1023600011AF21469A48FFF75FF90AE79948FFF74E
:102370005BF99948FFF758F903E70AF0E3F83F28BB
:102380001E9940F34B814023269300239FED939A9F
:102390002D96209325931E9324939FED858BCDE955
:1023A0002B31B0EE48CBB0EE48DBB0EE48BBB0EE20
:1023B00048AB209D2699ABEB05032C468B42A8BF6A
:1023C0000B4618461E462393FFF73CFB0AF07EF8A7
:1023D000834B7C482A4602933146824B00EB8500B2
:1023E0000193814B0093814B0CF022F8002840F0C0
:1023F000B180249B7E4D0133249340AB1846279334
:102400000AF06EF87B485C9B01682A680B442290B6
:10241000289503605D9B1344259A2B60569BD31827
:102420001E9A2593579B9DED403B9DED424B9DEDA4
:10243000445B9DED466B9DED547B42EB03033AEE0E
:1024400003AB3BEE04BB1E933DEE05DB3CEE06CB3F
:1024500038EE078B12F036FAB4EEC90A239BF0EE81
:10246000409AF1EE10FA30FE099A002B4ADD209BCB
:10247000614D239A05EB8305DFF87091DFF86881E1
:1024800002EB030A574F564E2FAAF6EC010AB8EC9E
:10249000010A55F8043F0292224659F8041B013400
:1024A0001C98009157F8041B01915946F9F7BEF9A1
:1024B0005445E9D10AF1FF33504A302134A8009342
:1024C000209B14F0AFFEB0EE690A279934A8FFF7FD
:1024D000C7F8DA4505D1239B444A013B52F8233023
:1024E0002B93209B269A13445B452093FFF661AF04
:1024F000324B2D9E9B6ADDE92B81434500F0A48081
:102500005C46A5E5209A03EB020AD3E73C48FFF7B7
:102510008BF83C48FFF788F833E62F9900233A4AB6
:10252000259753541046249F4FF48043374A269EE4
:10253000CDF8A080F8F716FD34493548FFF774F858
:102540002497DDED247AB8EEE77B8AEE077B8DEDEC
:102550001C7B9DE51C4B1D78002D70D109F0B2FF4E
:102560002099239A03462B480A44013AFFF75CF866
:1025700009F0D8FFA842BFF605AE20992648FFF71C
:1025800053F8FEE5269E2597CDF8A0802F990023CD
:102590001D4A535410464FF480431C4AF8F7E2FC9E
:1025A0001A491B48FFF740F8CBE700BFAFF30080A4
:1025B0000000000000000000F42C002080EC01204E
:1025C000B84C0020909504208FE30420B82C002004
:1025D000D82C0020482B0020742B002000007AC447
:1025E0009024042090220420902304209021042091
:1025F000C0060420E00604208C950420602C0020F6
:102600001C2B0020342B00209075042090250420E2
:10261000702C0020182C0020442C002009F092FF80
:102620001E992690B1E621460C48FEF7FDFF214693
:102630000B48FEF7F9FF00230A4A1370A1E50A4888
:10264000FEF7F2FF2099F3E7B0EE4AEB9EE7074B67
:10265000B0EE4AEB2293064B289372E7802C0020C1
:10266000FC2B00208FE30420C02B0020E006042078
:10267000C00604202DE9F0410023284D284C82B0EB
:1026800007462B602360FFF777FC10B102B0BDE86E
:10269000F08109F047FF031E1E4628DB0AF0CEFB3F
:1026A000204906EB4603804601EBC30128BB3246B6
:1026B0001D480191FEF7B8FF236831461B48019A77
:1026C000FEF7B2FF23683846C4F800802B60FFF79E
:1026D00053FC0028DAD109F0F5FE01461448FEF754
:1026E000A3FF144802B0BDE8F041FEF79DBF1248B9
:1026F00002B0BDE8F041FEF797BF019109F0E2FE9C
:102700000199034632460D48FEF78EFF31460C48CC
:1027100002B0BDE8F041FEF787BF00BF58F70320C5
:102720005CF7032008FF0320142F0020842F0020D3
:10273000AC2F0020C82F0020A82E0020BC2E002087
:10274000F42E002000BF00BF00BF00BF00BF00BFCD
:1027500000BF00BF704700BF38B540EA8164074D35
:1027600044F000732C602B6000BF00BFFFF7EAFF4E
:102770002C6000BF00BFFFF7E5FF38BD00C000427E
:102780002DE9F04F05468178B24883B0B24B017015
:102790000620B249B24A08600221DFF8008388F8B7
:1027A0000010C3F86C22C3F87022C3F87422C3F877
:1027B0007822BFF34F8FAB788B4202D1A94B08220E
:1027C0001A60AB790022DFF8D8B230242E78CBF82B
:1027D00000306F78A44B1A60E0B20134012111F08F
:1027E00065FE372CF8D10121022011F05FFE012196
:1027F000032011F05BFE0121042011F057FE01219E
:10280000052011F053FE994A994B022E116841EAB6
:102810000303136000F0F480002E14BF4FF4800314
:102820004FF0807393490B6098F80030012B00F053
:10283000E580022B00F0E080032B00F009813822B4
:10284000854BC3F86C22C3F87022C3F87422C3F816
:102850007822BFF34F8F03F13F738748DFF844922C
:1028600003F5BD434468D9F800200333A3FB0232CB
:10287000920C02EB420243681B1B9A42FBD87B4B33
:102880007E481C68DFF820A220407D4F40EA0A0AFB
:10289000C7F800A0586840F07D5058600868596833
:1028A0002AEA000041F07D5120F07850596018600C
:1028B00040F04056DBF8004044B1002300BF013334
:1028C000DBF80040A342F9D3D7F800A00F21019014
:1028D000FFF742FF01980521FFF73EFF634B664873
:1028E000C3F800A003F18D73426803F58F33D9F864
:1028F00000108333A3FB0131890C01EB8101436894
:102900009B1A9942FBD8594B1E6044B1002300BF6B
:102910000133DBF80040A342F9D3D7F800A06621C9
:102920003046FAF7E7FE514B5348C3F800A003F1D5
:102930008D73426803F58F33D9F800108333A3FBFE
:102940000131890C01EB810143689B1A9942FBD844
:10295000464B1E6044B1002300BF0133DBF800206A
:102960009342F9D3D7F800A0404C99213046FAF7AA
:10297000C1FE0220C4F800A011F0F6FC354B1B7814
:1029800083B92660DBF800202AB100BF0133DBF8F1
:1029900000209342F9D330463521FAF7ABFE334B92
:1029A0003A681A603449374B4868D9F80020A3FBCD
:1029B00002323223920C03FB02F24B681B1A9A423A
:1029C000FBD8254B0221264A88F80010C3F86C2258
:1029D000C3F87022C3F87422C3F87822BFF34F8F74
:1029E000294B297929481970EC786A79284B0470A9
:1029F0001A6003B0BDE8F08F194A21E7254A1FE7A6
:102A0000FC074FF0100312D4B807C2F88830174BF8
:102A10004FF0200212D57907C3F88420134B4FF0F2
:102A2000400212D5C3F884204FF48073FAE6B80749
:102A3000C2F884300D4B4FF02002ECD47907C3F874
:102A400088200A4B4FF04002ECD4C3F88820EBE713
:102A5000114AF5E691E3042000801F40C84C002095
:102A6000F9000100D04C00204C06042000C00042B8
:102A700000014001C44C0020001000E0FFFEBFCC6C
:102A8000DC00042083DE1B43C34F0020C44F002022
:102A9000C04C00203800010038F0010096E304200B
:102AA000480604209C4C0020000140312DE9F84FDD
:102AB00000241D461646CA18334B64419A4274F1ED
:102AC00000045DD200285BDB304B1B68984257DA6C
:102AD000DFF8CC800F460446D8F80030984232D157
:102AE00045B3DFF8C090DFF8C080DFF8C0A0DFF8A2
:102AF000C0B009E0012B20D05AF820303846984762
:102B00002D1B2744264415D0B5F5005F99F80030F9
:102B10002C4698F8000028BF4FF40054022B314691
:102B20002246E7D15BF82030384698472D1B2744D2
:102B30002644E9D10020BDE8F88F154B53F820302A
:102B400038469847DCE711F065FC124B814604EBF0
:102B5000440003EBC000FFF713FEC8F8004011F07B
:102B600059FC0D4AA0EB09000C4913681B181360AF
:102B7000536843F1000353600B6801330B60AFE708
:102B80004FF0FF30D7E700BF01008000E0000420D5
:102B9000FC050020F8FE0320A8E7012064F70320CD
:102BA000CC4C002091E30420C34F002048060020B5
:102BB000940600202DE9F04F00249B461746CA18C2
:102BC000634B87B064419A4274F1000451D20028EB
:102BD0004FDB604B1B6898424BDA5F4C0D4605900B
:102BE0002368984240F09680BBF1000F60D0DFF878
:102BF000ACA1DFF8AC81DFF8AC91BBF5005F5C46BF
:102C00004FF0000628BF4FF40054049698F800C017
:102C10002246394628469AF80030BCF1000F2DD0E4
:102C20004E4E56F82330984798F8003022464C49CB
:102C3000022B99F8000027D0012B3DD051F820300D
:102C400028464849984722464649384614F0F8FB3A
:102C500038B3049B0133042B0493D7D142481E465A
:102C6000424903680A680133571C0F2A03600F604A
:102C700029D94FF0FF3007B0BDE8F08F3C4850F83D
:102C8000233028469847CFE73A4B364953F820304F
:102C90002846984722463349384614F0D1FB00288D
:102CA000D7D1049EEEB9BBEB040B25442744A4D135
:102CB000002007B0BDE8F08F2F4B2A4953F8203091
:102CC00028469847BFE7059A2C4B02EB42002C4957
:102CD000009503EBC0032B48CDE90146FEF7A4FCA9
:102CE000C7E72949214A0B6801330B601368591C57
:102CF0000F2B1160D7D80599204A01EB41032148D9
:102D0000009502EBC3030A462049CDE90146FEF7D0
:102D10008BFCC8E711F07EFB059A06461C4802EBC7
:102D2000420300EBC300FFF72BFD059A226011F070
:102D300071FB184A801B184C13681B1813605368EA
:102D400043F1000353602368013323604CE700BF65
:102D500001008000E0000420CC4C0020E0060020B0
:102D600048060020C0360120C0060420F4060420D6
:102D70002C07002094060020FC05002008FF0320FB
:102D800044300020F42F0020E4060420E42F00202B
:102D9000F8FE0320A8E7012064F70320C44F0020B9
:102DA00091E30420C34F002008B50D4B1B788BB175
:102DB0004FF47A710B48F8F7D9F900B908BD094802
:102DC0001AF016FF084B1B78002BF7D0BDE808401F
:102DD000F8F7C4B94FF47A70BDE8084011F0C4BAEE
:102DE0008CE304201007042092E304202DE9F04F27
:102DF00089B00092002A00F00D81030D8946074634
:102E0000DFF838A20793030C87490693030B874D1D
:102E10000593030A864E03930309864C029300F040
:102E20000F0304936368844A43F07D531268636020
:102E3000009B934228BF13460A689846DAF8003090
:102E400043F0012343F4800323EA020323F0785B79
:102E5000C4F800B02A682AB1002000BF01302B68F6
:102E60009842FAD34BF040624BF0606022600192CE
:102E70002060FFF767FC019A2260FFF763FC4BF0CC
:102E800000524BF00850226001922060FFF75AFC7C
:102E9000019A2260FFF756FC079B03F00F024BEAF2
:102EA000826242F00070226001922060FFF74AFCCB
:102EB000019A2260FFF746FC069B03F00F024BEAE3
:102EC000826242F00070226001922060FFF73AFCBB
:102ED000019A2260FFF736FC059B03F00F024BEAD4
:102EE000826242F00070226001922060FFF72AFCAB
:102EF000019A2260FFF726FC039B03F00F024BEAC6
:102F0000826242F00070226001922060FFF71AFC9A
:102F1000019A2260FFF716FC029B03F00F024BEAB6
:102F2000826242F00070226001922060FFF70AFC8A
:102F3000019A2260FFF706FC049B4BEA836242F091
:102F40000070226001922060FFF7FCFB019A226072
:102F5000FFF7F8FB3449B8F1000F5ED008EB090C1D
:102F600009F1FF300CF1FF3C10F8013F1B094BEA5F
:102F7000836343F000722360226000BF00BF00BF84
:102F800000BF00BF00BF00BF00BF236000BF00BF85
:102F900000BF00BF00BF00BF00BF00BF037803F049
:102FA0000F034BEA836343F000722360226000BF8B
:102FB00000BF00BF00BF00BF00BF00BF00BF236055
:102FC00000BF00BF00BF00BF00BF00BF00BF00BF09
:102FD0006045C9D1DAF80030236033682BB1002294
:102FE00000BF013233689A42FAD3009BB3EB080367
:102FF00000930FD04744C1443B0D07933B0C06930D
:103000003B0B05933B0A03933B09029307F00F0325
:10301000049307E709B0BDE8F08FDAF800302360C9
:103020003368002BDBD1FDE6C44C002048060420A9
:103030004C06042000C00042C04C0020DC000420EC
:10304000002A00F04781030D2DE9F04F8BB0814637
:10305000DFF898B20993030C9F4F0893030B9F4E20
:103060000793030ADFF88882059303099C4C0493B5
:1030700000F00F030192069363689A4A43F07D5370
:1030800010686360019BDBF80050834245F0012526
:1030900028BF034645F480059A46934B1B6825EAF2
:1030A000030525F0785525603B682BB1002000BF53
:1030B00001303B689842FAD345F0605345F06850C0
:1030C0000391236002932060FFF73CFB029B236087
:1030D000FFF738FB45F0305345F03850236002933A
:1030E0002060FFF72FFB029B2360FFF72BFB099B60
:1030F00003F00F0345EA836343F0007023600293FB
:103100002060FFF71FFB029B2360FFF71BFB089B60
:1031100003F00F0345EA836343F0007023600293DA
:103120002060FFF70FFB029B2360FFF70BFB079B61
:1031300003F00F0345EA836343F0007023600293BA
:103140002060FFF7FFFA029B2360FFF7FBFA059B65
:1031500003F00F0345EA836343F00070236002939A
:103160002060FFF7EFFA029B2360FFF7EBFA049B66
:1031700003F00F0345EA836343F00070236002937A
:103180002060FFF7DFFA029B2360FFF7DBFA069B64
:1031900045EA836343F00070236002932060FFF7E9
:1031A000D1FA029B2360FFF7CDFA6368039923F0FD
:1031B000705363603368C3B145F00073002023602F
:1031C00000BF00BF00BF00BF00BF00BF00BF00BF07
:1031D000256000BF00BF00BF00BF00BF00BF00BF31
:1031E00000BF013032688242E9D8BAF1000F62D0E4
:1031F0000AEB010E45F00072481E0EF1FF3E226000
:1032000000BF00BF00BF00BF00BF00BF00BF00BFC6
:10321000D4F808C0256000BF00BF00BF00BF00BFDA
:1032200000BF00BF00BF226000BF00BF00BF00BFE3
:1032300000BF00BF00BF00BFA368256000BF00BF84
:1032400000BF00BF00BF00BF00BF00BF4FEA9C6CC3
:10325000C3F3836343EA0C1300F8013F7045CED1FA
:10326000DBF800302360636843F07D536360D8F877
:10327000003033B1002000BF0130D8F80030984250
:10328000F9D3019BB3EB0A03019320D0D1445144FD
:103290004FEA195309934FEA194308934FEA193338
:1032A00007934FEA192305934FEA1913049309F082
:1032B0000F030693E0E6DBF800302360636843F019
:1032C0007D536360D8F80030002BD3D1D4E60BB027
:1032D000BDE8F08F704700BF48060420C84C0020AE
:1032E00000C00042C04C0020C44C0020DC00042080
:1032F0004C0604202DE9F04F89B00092002A00F01E
:103300002181030D89460746DFF860A20793030C6D
:1033100091490693030B914D0593030A904E039335
:103320000309904C029300F00F03049363688E4AE4
:1033300043F07D5312686360009B934228BF13469D
:103340000A689846DAF8003043F0012343F480031A
:1033500023EA020323F0785BC4F800B02A682AB19C
:10336000002000BF01302B689842FAD34BF0406236
:103370004BF0606022600192206000BFFFF7E2F92D
:10338000019A226000BFFFF7DDF94BF000524BF0CD
:10339000085022600192206000BFFFF7D3F9019A24
:1033A000226000BFFFF7CEF9079B03F00F024BEA44
:1033B000826242F0007022600192206000BFFFF73D
:1033C000C1F9019A226000BFFFF7BCF9069B03F028
:1033D0000F024BEA826242F000702260019220608C
:1033E00000BFFFF7AFF9019A226000BFFFF7AAF90B
:1033F000059B03F00F024BEA826242F000702260EC
:103400000192206000BFFFF79DF9019A226000BF82
:10341000FFF798F9039B03F00F024BEA826242F038
:10342000007022600192206000BFFFF78BF9019AC3
:10343000226000BFFFF786F9029B03F00F024BEA00
:10344000826242F0007022600192206000BFFFF7AC
:1034500079F9019A226000BFFFF774F9049B4BEAE7
:10346000836242F0007022600192206000BFFFF78B
:1034700069F9019A226000BFFFF764F93649B8F193
:10348000000F62D008EB090C09F1FF300CF1FF3C92
:1034900010F8013F1B094BEA836343F0007223607D
:1034A000226000BF00BF00BF00BF00BF00BF00BF61
:1034B00000BF00BF236000BF00BF00BF00BF00BF50
:1034C00000BF00BF00BF00BF037803F00F034BEA4B
:1034D000836343F000722360226000BF00BF00BF1F
:1034E00000BF00BF00BF00BF00BF00BF236000BF20
:1034F00000BF00BF00BF00BF00BF00BF00BF00BFD4
:103500006045C5D1DAF80030236033682BB1002262
:1035100000BF013233689A42FAD3009BB3EB080331
:1035200000930FD04744C1443B0D07933B0C0693D7
:103530003B0B05933B0A03933B09029307F00F03F0
:103540000493F3E609B0BDE8F08FDAF800302360A9
:103550003368002BDBD1E9E6C44C00204806042088
:103560004C06042000C00042C04C0020DC000420B7
:10357000002A00F06C81030D2DE9F04F8BB08146DD
:10358000DFF870B20993030C954F0893030B954E27
:103590000793030ADFF8608205930309924C0493B2
:1035A00000F00F03019206936368904A43F07D5345
:1035B00010686360019BDBF80050834245F00125F1
:1035C00028BF034645F480059A46894B1B6825EAC7
:1035D000030525F0785525603B682BB1002000BF1E
:1035E00001303B689842FAD345F0605345F068508B
:1035F000039123600293206000BFFFF7A3F8029BB2
:10360000236000BFFFF79EF845F0305345F0385077
:1036100023600293206000BFFFF794F8029B2360B1
:1036200000BFFFF78FF8099B03F00F0345EA8363A0
:1036300043F0007023600293206000BFFFF782F820
:10364000029B236000BFFFF77DF8089B03F00F0388
:1036500045EA836343F0007023600293206000BF5B
:10366000FFF770F8029B236000BFFFF76BF8079B22
:1036700003F00F0345EA836343F000702360029375
:10368000206000BFFFF75EF8029B236000BFFFF7DA
:1036900059F8059B03F00F0345EA836343F000707C
:1036A00023600293206000BFFFF74CF8029B236069
:1036B00000BFFFF747F8049B03F00F0345EA83635D
:1036C00043F0007023600293206000BFFFF73AF8D8
:1036D000029B236000BFFFF735F8069B45EA836332
:1036E00043F0007023600293206000BFFFF72AF8C8
:1036F000029B236000BFFFF725F86368039923F05E
:10370000705363603368D3B145F0007300202360C9
:1037100000BF00BF00BF00BF00BF00BF00BF00BFB1
:1037200000BF256000BF00BF00BF00BF00BF00BFDB
:1037300000BF00BF00BF013032688242E7D8BAF153
:10374000000F75D00AEB010E45F00072481E0EF115
:10375000FF3E226000BF00BF00BF00BF00BF00BF30
:1037600000BF00BF00BFD4F808C0256000BF00BF85
:1037700000BF00BF00BF00BF00BF00BF00BF22608E
:1037800000BF00BF00BF00BF00BF00BF00BF00BF41
:1037900000BFA368256000BF00BF00BF00BF00BF1F
:1037A00000BF00BF00BF00BF4FEA9C6CC3F3836340
:1037B00043EA0C1300F8013F7045CAD1DBF8003032
:1037C0002360636843F07D536360D8F80030ABB189
:1037D000002000BF0130D8F800309842F9D30DE046
:1037E00048060420C84C002000C00042C04C002005
:1037F000C44C0020DC0004204C060420019BB3EBE9
:103800000A03019320D0D14451444FEA195309933C
:103810004FEA194308934FEA193307934FEA1923E4
:1038200005934FEA1913049309F00F030693BBE6BF
:10383000DBF800302360636843F07D536360D8F8A1
:103840000030002BC4D1AFE60BB0BDE8F08F70475D
:103850002DE9F04F89B00092002A00F03581030D68
:1038600089460746DFF888A20793030C9B49069315
:10387000030B9B4D0593030A9A4E039303099A4C3D
:10388000029300F00F0304936368984A43F07D535A
:1038900012686360009B934228BF13460A689846EB
:1038A000DAF8003043F0012343F4800323EA0203F3
:1038B00023F0785BC4F800B02A682AB1002000BF6A
:1038C00001302B689842FAD34BF040624BF06060B5
:1038D00022600192206000BF00BFFEF733FF019A13
:1038E000226000BF00BFFEF72DFF4BF000524BF0EF
:1038F000085022600192206000BF00BFFEF722FF47
:10390000019A226000BF00BFFEF71CFF079B03F077
:103910000F024BEA826242F0007022600192206046
:1039200000BF00BFFEF70EFF019A226000BF00BF7C
:10393000FEF708FF069B03F00F024BEA826242F09B
:10394000007022600192206000BF00BFFEF7FAFE07
:10395000019A226000BF00BFFEF7F4FE059B03F052
:103960000F024BEA826242F00070226001922060F6
:1039700000BF00BFFEF7E6FE019A226000BF00BF55
:10398000FEF7E0FE039B03F00F024BEA826242F077
:10399000007022600192206000BF00BFFEF7D2FEDF
:1039A000019A226000BF00BFFEF7CCFE029B03F02D
:1039B0000F024BEA826242F00070226001922060A6
:1039C00000BF00BFFEF7BEFE019A226000BF00BF2D
:1039D000FEF7B8FE049B4BEA836242F0007022605F
:1039E0000192206000BF00BFFEF7ACFE019A22608A
:1039F00000BF00BFFEF7A6FE3849B8F1000F66D041
:103A000008EB090C09F1FF300CF1FF3C10F8013F05
:103A10001B094BEA836343F000722360226000BFFE
:103A200000BF00BF00BF00BF00BF00BF00BF00BF9E
:103A300000BF236000BF00BF00BF00BF00BF00BFCA
:103A400000BF00BF00BF00BF037803F00F034BEAC5
:103A5000836343F000722360226000BF00BF00BF99
:103A600000BF00BF00BF00BF00BF00BF00BF23609A
:103A700000BF00BF00BF00BF00BF00BF00BF00BF4E
:103A800000BF00BF6045C1D1DAF800302360336861
:103A90002BB1002200BF013233689A42FAD3009B57
:103AA000B3EB080300930FD04744C1443B0D079389
:103AB0003B0C06933B0B05933B0A03933B09029394
:103AC00007F00F030493DFE609B0BDE8F08FDAF8E2
:103AD000003023603368002BDBD1D5E6C44C0020D6
:103AE000480604204C06042000C00042C04C0020C0
:103AF000DC000420002A00F08381030D2DE9F04F43
:103B00008BB08146DFF890B20993030C9D4F089368
:103B1000030B9D4E0793030ADFF880820593030988
:103B20009A4C049300F00F03019206936368984A3D
:103B300043F07D5310686360019BDBF800508342C3
:103B400045F0012528BF034645F480059A46914B70
:103B50001B6825EA030525F0785525603B682BB1E5
:103B6000002000BF01303B689842FAD345F0605313
:103B700045F06850039123600293206000BF00BFAE
:103B8000FEF7E0FD029B236000BF00BFFEF7DAFDF9
:103B900045F0305345F0385023600293206000BF59
:103BA00000BFFEF7CFFD029B236000BF00BFFEF702
:103BB000C9FD099B03F00F0345EA836343F00070DE
:103BC00023600293206000BF00BFFEF7BBFD029B95
:103BD000236000BF00BFFEF7B5FD089B03F00F0395
:103BE00045EA836343F0007023600293206000BFC6
:103BF00000BFFEF7A7FD029B236000BF00BFFEF7DA
:103C0000A1FD079B03F00F0345EA836343F00070B7
:103C100023600293206000BF00BFFEF793FD029B6C
:103C2000236000BF00BFFEF78DFD059B03F00F036F
:103C300045EA836343F0007023600293206000BF75
:103C400000BFFEF77FFD029B236000BF00BFFEF7B1
:103C500079FD049B03F00F0345EA836343F0007092
:103C600023600293206000BF00BFFEF76BFD029B44
:103C7000236000BF00BFFEF765FD069B45EA836336
:103C800043F0007023600293206000BF00BFFEF786
:103C900059FD029B236000BF00BFFEF753FD636820
:103CA000039923F0705363603368E3B145F0007308
:103CB0000020236000BF00BF00BF00BF00BF00BFE7
:103CC00000BF00BF00BF00BF256000BF00BF00BF36
:103CD00000BF00BF00BF00BF00BF00BF00BF01307A
:103CE00032688242E5D8BAF1000F7AD00AEB010EB1
:103CF00045F00072481E0EF1FF3E226000BF00BF7B
:103D000000BF00BF00BF00BF00BF00BF00BF00BFBB
:103D1000D4F808C0256000BF00BF00BF00BF00BFCF
:103D200000BF00BF00BF00BF00BF226000BF00BFD8
:103D300000BF00BF00BF00BF00BF00BF00BF00BF8B
:103D4000A368256000BF00BF00BF00BF00BF00BF69
:103D500000BF00BF00BF00BF4FEA9C6CC3F383638A
:103D600043EA0C1300F8013F7045C6D1DBF8003080
:103D70002360636843F07D536360D8F80030B3B1CB
:103D80000EE000BF48060420C84C002000C00042DE
:103D9000C04C0020C44C0020DC0004204C06042051
:103DA000002000BF0130D8F800309842F9D3019BC1
:103DB000B3EB0A03019320D0D14451444FEA195385
:103DC00009934FEA194308934FEA193307934FEACF
:103DD000192305934FEA1913049309F00F0306936F
:103DE000A4E6DBF800302360636843F07D53636032
:103DF000D8F80030002BD3D198E60BB0BDE8F08F97
:103E0000704700BF2DE9F04F89B00092002A00F002
:103E10005681030D89460746DFF874A20293030C0E
:103E200096490793030B964D0693030A954E049308
:103E30000309954C039300F00F0305936368934ABD
:103E400043F07D5312686360009B934228BF134682
:103E50000A689846DAF8003043F0012343F48003FF
:103E600023EA020323F0785BC4F800B02A682AB181
:103E7000002000BF01302B689842FAD34BF040621B
:103E80004BF0606022600192206000BF00BF00BF65
:103E9000FEF758FC019A226000BF00BF00BFFEF78A
:103EA00051FC4BF000524BF0085022600192206010
:103EB00000BF00BF00BFFEF745FC019A226000BFB3
:103EC00000BF00BFFEF73EFC029B03F00F024BEA6F
:103ED000826242F0007022600192206000BF00BF49
:103EE00000BFFEF72FFC019A226000BF00BF00BF99
:103EF000FEF728FC079B03F00F024BEA826242F0B8
:103F0000007022600192206000BF00BF00BFFEF77A
:103F100019FC019A226000BF00BF00BFFEF712FC2F
:103F2000069B03F00F024BEA826242F000702260AF
:103F30000192206000BF00BF00BFFEF703FC019AA2
:103F4000226000BF00BF00BFFEF7FCFB049B03F034
:103F50000F024BEA826242F0007022600192206000
:103F600000BF00BF00BFFEF7EDFB019A226000BF5B
:103F700000BF00BFFEF7E6FB039B03F00F024BEA16
:103F8000826242F0007022600192206000BF00BF98
:103F900000BFFEF7D7FB019A226000BF00BF00BF41
:103FA000FEF7D0FB059B4BEA836242F00070226073
:103FB0000192206000BF00BF00BFFEF7C3FB019A63
:103FC000226000BF00BF00BFFEF7BCFB2B49B8F169
:103FD000000F77D008EB090C09F1FF300CF1FF3C22
:103FE00010F8013F1B094BEA836343F00072236022
:103FF000226000BF00BF00BF00BF00BF00BF00BF06
:1040000000BF00BF00BF00BF236000BF00BF00BFF4
:1040100000BF00BF00BF00BF00BF00BF00BF00BFA8
:10402000037803F00F034BEA836343F000722360CD
:10403000226000BF00BF00BF00BF00BF00BF00BFC5
:1040400000BF00BF00BF00BF236000BF00BF00BFB4
:1040500000BF00BF00BF00BF00BF00BF00BF00BF68
:104060006045BDD1DAF800302360336893B1002297
:1040700000BF013233689A42FAD30BE0C44C0020EF
:10408000480604204C06042000C00042C04C00201A
:10409000DC000420009BB3EB080300930FD04744DF
:1040A000C1443B0D02933B0C07933B0B06933B0A29
:1040B00004933B09039307F00F030593BEE609B091
:1040C000BDE8F08FDAF8003023603368002BCED1E2
:1040D000B4E600BF2DE9F04F89B00092002A00F04D
:1040E0006B81030D89460746DFF8FCA10293030CA0
:1040F00078490793030B784D0693030A774E049390
:104100000309774C039300F00F0305936368754A26
:1041100043F07D5312686360009B934228BF1346AF
:104120000A689846DAF8003043F0012343F480032C
:1041300023EA020323F0785BC4F800B02A682AB1AE
:10414000002000BF01302B689842FAD34BF0406248
:104150004BF0606022600192206000BF00BF00BF92
:1041600000BFFEF7EFFA019A226000BF00BF00BF58
:1041700000BFFEF7E7FA4BF000524BF00850226008
:104180000192206000BF00BF00BF00BFFEF7DAFA57
:10419000019A226000BF00BF00BF00BFFEF7D2FA45
:1041A000029B03F00F024BEA826242F00070226031
:1041B0000192206000BF00BF00BF00BFFEF7C2FA3F
:1041C000019A226000BF00BF00BF00BFFEF7BAFA2D
:1041D000079B03F00F024BEA826242F000702260FC
:1041E0000192206000BF00BF00BF00BFFEF7AAFA27
:1041F000019A226000BF00BF00BF00BFFEF7A2FA15
:10420000069B03F00F024BEA826242F000702260CC
:104210000192206000BF00BF00BF00BFFEF792FA0E
:10422000019A226000BF00BF00BF00BFFEF78AFAFC
:10423000049B03F00F024BEA826242F0007022609E
:104240000192206000BF00BF00BF00BFFEF77AFAF6
:10425000019A226000BF00BF00BF00BFFEF772FAE4
:10426000039B03F00F024BEA826242F0007022606F
:104270000192206000BF00BF00BF00BFFEF762FADE
:10428000019A226000BF00BF00BF00BFFEF75AFACC
:10429000059B4BEA836242F000702260019220602D
:1042A00000BF00BF00BF00BFFEF74CFA019A2260BA
:1042B00000BF00BF00BF00BFFEF744FA0549B8F1D8
:1042C000000F7CD008EB090C09F1FF300CF1FF3C2A
:1042D0000CE000BFC44C0020480604204C0604201B
:1042E00000C00042C04C0020DC00042010F8013F58
:1042F0001B094BEA836343F000722360226000BF16
:1043000000BF00BF00BF00BF00BF00BF00BF00BFB5
:1043100000BF00BF00BF236000BF00BF00BF00BFE1
:1043200000BF00BF00BF00BF00BF00BF00BF00BF95
:10433000037803F00F034BEA836343F000722360BA
:10434000226000BF00BF00BF00BF00BF00BF00BFB2
:1043500000BF00BF00BF00BF00BF236000BF00BFA1
:1043600000BF00BF00BF00BF00BF00BF00BF00BF55
:1043700000BF00BF6045B9D1DAF800302360336870
:104380002BB1002200BF013233689A42FAD3009B5E
:10439000B3EB080300930FD04744C1443B0D029395
:1043A0003B0C07933B0B06933B0A04933B09039397
:1043B00007F00F030593A9E609B0BDE8F08FDAF81E
:1043C000003023603368002BDBD19FE638B540EA2C
:1043D00081640F4D44F000732C602B6000BF00BF60
:1043E00000BF00BF00BF00BF00BF00BF00BF00BFD5
:1043F000FEF7A8F92C6000BF00BF00BF00BF00BFE0
:1044000000BF00BF00BF00BF00BFFEF79BF938BD73
:1044100000C000422DE9F04F89B00092002A00F060
:104420005081030D81468B46924F0793030C924EA9
:104430000693030BDFF854820593030A8F4C039312
:104440000309029300F00F03049363688C4A43F05E
:104450007D53116863608B4B009A18688A428A4BBF
:1044600040F0012028BF0A46196840F4800020EA85
:10447000010020F078552560396839B14FF0000C03
:1044800000BF0CF1010C3B689C45F9D345F0605A24
:1044900045F068530192C4F800A0236000BF00BF3C
:1044A00000BF00BF00BF00BF00BF00BF00BF00BF14
:1044B000FEF748F9C4F800A000BF00BF00BF00BF6E
:1044C00000BF00BF00BF00BF00BF00BFFEF73AF94A
:1044D0000B212846FFF77AFF079B284603F00F01C0
:1044E000FFF774FF069B284603F00F01FFF76EFFEE
:1044F000059B284603F00F01FFF768FF039B284642
:1045000003F00F01FFF762FF029B284603F00F0143
:10451000FFF75CFF04992846FFF758FF6168019A8E
:1045200021F070516160316800292ED045F0007390
:104530004FF0000C236000BF00BF00BF00BF00BFF2
:1045400000BF00BF00BF00BF00BF00BF00BF00BF73
:1045500000BF00BF00BF00BF00BF256000BF00BF9D
:1045600000BF00BF00BF00BF00BF00BF00BF00BF53
:1045700000BF00BF00BF00BF00BF00BF00BF00BF43
:104580000CF1010C31686145D4D8002A00F09C8000
:1045900002EB0B0A45F000730BF1FF3C0AF1FF3A06
:1045A000236000BF00BF00BF00BF00BF00BF00BF4F
:1045B00000BF00BF00BF00BF00BF00BF00BF00BF03
:1045C00000BF00BF00BFA068256000BF00BF00BFE4
:1045D00000BF00BF00BF00BF00BF00BF00BF00BFE3
:1045E00000BF00BF00BF00BF00BF00BF00BF23600F
:1045F00000BF00BF00BF00BF00BF00BF00BF00BFC3
:1046000000BF00BF00BF00BF00BF00BF00BF00BFB2
:1046100000BF00BFA168256000BF00BF00BF00BF92
:1046200000BF00BF00BF00BF00BF00BF00BF00BF92
:1046300000BF00BF00BF00BF00BF00BF800EC1F3BE
:10464000836141EA00110CF8011FD445A8D10D4B3C
:1046500019682160616841F07D516160D8F80010EF
:10466000B1B1002100BF0131D8F800309942F9D32F
:104670000EE000BF48060420C84C002000C00042E5
:10468000C04C0020DC000420C44C00204C06042058
:10469000009B9B1A009314D0914493444FEA195302
:1046A00007934FEA194306934FEA193305934FEAEC
:1046B000192303934FEA1913029309F00F0304938C
:1046C000C3E609B0BDE8F08F054B19682160616849
:1046D00041F07D516160D8F800100029C1D1B4E6E5
:1046E000DC000420002A00F02C81030D2DE9F04F9E
:1046F00089B0914607468A460793030C914A069370
:10470000030B914D0593030A904E03930309904CBC
:10471000029300F00F0304938E4B6168186841F018
:104720007D518D4B4845616028BF484619688046D9
:10473000106840F0012040F4800020EA010020F0E1
:10474000785BC4F800B0296839B14FF0000C00BFA5
:104750000CF1010C2B689C45F9D34BF040614BF0F8
:10476000606321600191236000BF00BF00BF00BFF4
:1047700000BF00BF00BF00BF00BF00BFFDF7E2FFEA
:104780000199216000BF00BF00BF00BF00BF00BF94
:1047900000BF00BF00BF00BFFDF7D4FF4BF00051CA
:1047A0004BF0085321600191236000BF00BF00BFA0
:1047B00000BF00BF00BF00BF00BF00BF00BFFDF7CC
:1047C000C1FF0199216000BF00BF00BF00BF00BF53
:1047D00000BF00BF00BF00BF00BFFDF7B3FF079BD6
:1047E000584603F00F01FFF7F1FD069B584603F012
:1047F0000F01FFF7EBFD059B584603F00F01FFF794
:10480000E5FD039B584603F00F01FFF7DFFD029B18
:10481000584603F00F01FFF7D9FD04995846FFF7FA
:10482000D5FD484AB8F1000F00F0828008EB0A0E6F
:104830000AF1FF3C0EF1FF3E1CF8013F1B094BEA59
:10484000836343F000712360216000BF00BF00BF9D
:1048500000BF00BF00BF00BF00BF00BF00BF00BF60
:1048600000BF00BF00BF00BF00BF00BF00BF23608C
:1048700000BF00BF00BF00BF00BF00BF00BF00BF40
:1048800000BF00BF00BF00BF00BF00BF00BF00BF30
:1048900000BF00BF9CF8003003F00F034BEA8363B6
:1048A00043F000712360216000BF00BF00BF00BF64
:1048B00000BF00BF00BF00BF00BF00BF00BF00BF00
:1048C00000BF00BF00BF00BF00BF00BF236000BF2C
:1048D00000BF00BF00BF00BF00BF00BF00BF00BFE0
:1048E00000BF00BF00BF00BF00BF00BF00BF00BFD0
:1048F00000BFF445A0D111682160316829B10021C1
:1049000000BF013133689942FAD3B9EB080915D0D9
:104910004744C2443B0D07933B0C06933B0B059366
:104920003B0A03933B09029307F00F030493F3E65A
:104930001168216031680029E1D1EDE609B0BDE8D8
:10494000F08F7047DC000420480604204C06042049
:1049500000C00042C04C0020C44C0020002A00F0DF
:104960009A81030D2DE9F04F8BB08146DFF81CB220
:104970000993030C804F0893030B804E0793030A9F
:10498000DFF80C82059303097D4C049300F00F03BC
:104990000192069363687B4A43F07D53106863601D
:1049A000019BDBF80050834245F0012528BF0346F8
:1049B00045F480059A46744B1B6825EA030525F0EB
:1049C000785525603B682BB1002000BF01303B6863
:1049D0009842FAD345F0605345F068500391236044
:1049E0000293206000BF00BF00BFFDF7ABFE029B3B
:1049F000236000BF00BF00BFFDF7A4FE45F03053A9
:104A000045F0385023600293206000BF00BF00BF14
:104A1000FDF798FE029B236000BF00BF00BFFDF7BB
:104A200091FE099B03F00F0345EA836343F0007096
:104A300023600293206000BF00BF00BFFDF782FE2D
:104A4000029B236000BF00BF00BFFDF77BFE089BF9
:104A500003F00F0345EA836343F000702360029381
:104A6000206000BF00BF00BFFDF76CFE029B23600B
:104A700000BF00BF00BFFDF765FE079B03F00F03FB
:104A800045EA836343F0007023600293206000BF17
:104A900000BF00BFFDF756FE029B236000BF00BFB2
:104AA00000BFFDF74FFE059B03F00F0345EA83634C
:104AB00043F0007023600293206000BF00BF00BF7E
:104AC000FDF740FE029B236000BF00BF00BFFDF763
:104AD00039FE049B03F00F0345EA836343F0007043
:104AE00023600293206000BF00BF00BFFDF72AFED5
:104AF000029B236000BF00BF00BFFDF723FE069BA3
:104B000045EA836343F0007023600293206000BF96
:104B100000BF00BFFDF716FE029B236000BF00BF71
:104B200000BFFDF70FFE6368039923F070536360C5
:104B30003368002B2ED045F000730020236000BFA7
:104B400000BF00BF00BF00BF00BF00BF00BF00BF6D
:104B500000BF00BF256000BF00BF00BF00BF00BF97
:104B600000BF00BF00BF00BF00BF00BF0130326800
:104B70008242E3D80EE000BF48060420C84C002063
:104B800000C00042C04C0020C44C0020DC000420C7
:104B90004C060420BAF1000F6ED00AEB010E45F06E
:104BA0000072481E0EF1FF3E226000BF00BF00BF32
:104BB00000BF00BF00BF00BF00BF00BF00BF00BFFD
:104BC000D4F808C0256000BF00BF00BF00BF00BF11
:104BD00000BF00BF00BF00BF00BF00BF226000BF1A
:104BE00000BF00BF00BF00BF00BF00BF00BF00BFCD
:104BF00000BF00BFA368256000BF00BF00BF00BFAB
:104C000000BF00BF00BF00BF00BF00BF00BF4FEA32
:104C10009C6CC3F3836343EA0C1300F8013F7045B7
:104C2000C2D1DBF800302360636843F07D536360DA
:104C3000D8F8003033B1002000BF0130D8F8003080
:104C40009842F9D3019BB3EB0A03019320D0D144DE
:104C500051444FEA195309934FEA194308934FEA15
:104C6000193307934FEA192305934FEA1913049355
:104C700009F00F0306938DE6DBF8003023606368CC
:104C800043F07D536360D8F80030002BD3D181E628
:104C90000BB0BDE8F08F70472DE9F04F89B000925E
:104CA000002A00F07F81030D89460746DFF81CA229
:104CB0000793030C80490693030B804D0593030A69
:104CC0007F4E039303097F4C029300F00F0304937C
:104CD00063687D4A43F07D5312686360009B934292
:104CE00028BF13460A689846DAF8003043F00123DB
:104CF00043F4800323EA020323F0785BC4F800B096
:104D00002A682AB1002000BF01302B689842FAD3EC
:104D10004BF040624BF0606022600192206000BF67
:104D200000BF00BF00BF00BFFDF70CFD019A22606D
:104D300000BF00BF00BF00BF00BFFDF703FD4BF089
:104D400000524BF0085022600192206000BF00BF6B
:104D500000BF00BF00BFFDF7F5FC019A226000BF55
:104D600000BF00BF00BF00BFFDF7ECFC079B03F0D6
:104D70000F024BEA826242F00070226001922060D2
:104D800000BF00BF00BF00BF00BFFDF7DBFC019A02
:104D9000226000BF00BF00BF00BF00BFFDF7D2FC14
:104DA000069B03F00F024BEA826242F00070226021
:104DB0000192206000BF00BF00BF00BF00BFFDF731
:104DC000C1FC019A226000BF00BF00BF00BF00BF4E
:104DD000FDF7B8FC059B03F00F024BEA826242F03C
:104DE000007022600192206000BF00BF00BF00BFC2
:104DF00000BFFDF7A7FC019A226000BF00BF00BF03
:104E000000BF00BFFDF79EFC039B03F00F024BEABF
:104E1000826242F0007022600192206000BF00BFF9
:104E200000BF00BF00BFFDF78DFC019A226000BFEC
:104E300000BF00BF00BF00BFFDF784FC029B03F072
:104E40000F024BEA826242F0007022600192206001
:104E500000BF00BF00BF00BF00BFFDF773FC019A99
:104E6000226000BF00BF00BF00BF00BFFDF76AFCAB
:104E7000049B4BEA836242F0007022600192206042
:104E800000BF00BF00BF00BF00BFFDF75BFC019A81
:104E9000226000BF00BF00BF00BF00BFFDF752FC93
:104EA0000549B8F1000F00F0808008EB090C09F10A
:104EB000FF300CF1FF3C0BE0C44C002048060420FE
:104EC0004C06042000C00042C04C0020DC0004203E
:104ED00010F8013F1B094BEA836343F00072236023
:104EE000226000BF00BF00BF00BF00BF00BF00BF07
:104EF00000BF00BF00BF00BF00BF00BF236000BFF6
:104F000000BF00BF00BF00BF00BF00BF00BF00BFA9
:104F100000BF00BF00BF00BF037803F00F034BEAE0
:104F2000836343F000722360226000BF00BF00BFB4
:104F300000BF00BF00BF00BF00BF00BF00BF00BF79
:104F400000BF00BF236000BF00BF00BF00BF00BFA5
:104F500000BF00BF00BF00BF00BF00BF00BF00BF59
:104F60006045B5D1DAF80030236033682BB10022F8
:104F700000BF013233689A42FAD3009BB3EB0803B7
:104F800000930FD04744C1443B0D07933B0C06935D
:104F90003B0B05933B0A03933B09029307F00F0376
:104FA000049395E609B0BDE8F08FDAF8003023608D
:104FB0003368002BDBD18BE6002A00F0B081030DB3
:104FC0002DE9F04F8BB08146DFF840B20993030C16
:104FD000894F0893030B894E0793030ADFF8308249
:104FE00005930309864C049300F00F030192069386
:104FF0006368844A43F07D5310686360019BDBF86B
:105000000050834245F0012528BF034645F4800542
:105010009A467D4B1B6825EA030525F078552560E7
:105020003B682BB1002000BF01303B689842FAD3A7
:1050300045F0605345F0685003912360029320606F
:1050400000BF00BF00BF00BFFDF77CFB029B2360D9
:1050500000BF00BF00BF00BFFDF774FB45F0305339
:1050600045F0385023600293206000BF00BF00BFAE
:1050700000BFFDF767FB029B236000BF00BF00BFBE
:1050800000BFFDF75FFB099B03F00F0345EA836355
:1050900043F0007023600293206000BF00BF00BF98
:1050A00000BFFDF74FFB029B236000BF00BF00BFA6
:1050B00000BFFDF747FB089B03F00F0345EA83633E
:1050C00043F0007023600293206000BF00BF00BF68
:1050D00000BFFDF737FB029B236000BF00BF00BF8E
:1050E00000BFFDF72FFB079B03F00F0345EA836327
:1050F00043F0007023600293206000BF00BF00BF38
:1051000000BFFDF71FFB029B236000BF00BF00BF75
:1051100000BFFDF717FB059B03F00F0345EA836310
:1051200043F0007023600293206000BF00BF00BF07
:1051300000BFFDF707FB029B236000BF00BF00BF5D
:1051400000BFFDF7FFFA049B03F00F0345EA8363FA
:1051500043F0007023600293206000BF00BF00BFD7
:1051600000BFFDF7EFFA029B236000BF00BF00BF46
:1051700000BFFDF7E7FA069B45EA836343F0007042
:1051800023600293206000BF00BF00BF00BFFDF797
:10519000D9FA029B236000BF00BF00BF00BFFDF72C
:1051A000D1FA6368039923F0705363603368002B6E
:1051B00030D045F000730020236000BF00BF00BF67
:1051C00000BF00BF00BF00BF00BF00BF00BF00BFE7
:1051D00000BF256000BF00BF00BF00BF00BF00BF11
:1051E00000BF00BF00BF00BF00BF00BF013032687A
:1051F0008242E1D80EE000BF48060420C84C0020DF
:1052000000C00042C04C0020C44C0020DC00042040
:105210004C060420BAF1000F72D00AEB010E45F0E3
:105220000072481E0EF1FF3E226000BF00BF00BFAB
:1052300000BF00BF00BF00BF00BF00BF00BF00BF76
:1052400000BFD4F808C0256000BF00BF00BF00BF8A
:1052500000BF00BF00BF00BF00BF00BF00BF00BF56
:10526000226000BF00BF00BF00BF00BF00BF00BF83
:1052700000BF00BF00BF00BF00BFA368256000BF24
:1052800000BF00BF00BF00BF00BF00BF00BF00BF26
:1052900000BF00BF00BF4FEA9C6CC3F3836343EAC7
:1052A0000C1300F8013F7045BED1DBF800302360DD
:1052B000636843F07D536360D8F8003033B1002059
:1052C00000BF0130D8F800309842F9D3019BB3EB0E
:1052D0000A03019320D0D14451444FEA1953099352
:1052E0004FEA194308934FEA193307934FEA1923FA
:1052F00005934FEA1913049309F00F03069377E619
:10530000DBF800302360636843F07D536360D8F8B6
:105310000030002BD3D16BE60BB0BDE8F08F7047A7
:105320002DE9F04F89B00092002A00F09381030D1F
:1053300089460746DFF83CA20793030C8849069389
:10534000030B884D0593030A874E03930309874C8B
:10535000029300F00F0304936368854A43F07D5382
:1053600012686360009B934228BF13460A68984600
:10537000DAF8003043F0012343F4800323EA020308
:1053800023F0785BC4F800B02A682AB1002000BF7F
:1053900001302B689842FAD34BF040624BF06060CA
:1053A00022600192206000BF00BF00BF00BF00BFAD
:1053B00000BFFDF7C7F9019A226000BF00BF00BF20
:1053C00000BF00BF00BFFDF7BDF94BF000524BF02E
:1053D000085022600192206000BF00BF00BF00BFE4
:1053E00000BF00BFFDF7AEF9019A226000BF00BF09
:1053F00000BF00BF00BF00BFFDF7A4F9079B03F08B
:105400000F024BEA826242F000702260019220603B
:1054100000BF00BF00BF00BF00BF00BFFDF792F993
:10542000019A226000BF00BF00BF00BF00BF00BFE5
:10543000FDF788F9069B03F00F024BEA826242F007
:10544000007022600192206000BF00BF00BF00BF5B
:1054500000BF00BFFDF776F9019A226000BF00BFD0
:1054600000BF00BF00BF00BFFDF76CF9059B03F054
:105470000F024BEA826242F00070226001922060CB
:1054800000BF00BF00BF00BF00BF00BFFDF75AF95B
:10549000019A226000BF00BF00BF00BF00BF00BF75
:1054A000FDF750F9039B03F00F024BEA826242F0D2
:1054B000007022600192206000BF00BF00BF00BFEB
:1054C00000BF00BFFDF73EF9019A226000BF00BF98
:1054D00000BF00BF00BF00BFFDF734F9029B03F01F
:1054E0000F024BEA826242F000702260019220605B
:1054F00000BF00BF00BF00BF00BF00BFFDF722F923
:10550000019A226000BF00BF00BF00BF00BF00BF04
:10551000FDF718F9049B4BEA836242F000702260A9
:105520000192206000BF00BF00BF00BF00BF00BFEE
:10553000FDF708F9019A226000BF00BF00BF00BF5D
:1055400000BF00BFFDF7FEF80549B8F1000F00F0FD
:10555000848008EB090C09F1FF300CF1FF3C0BE0F3
:10556000C44C0020480604204C06042000C0004221
:10557000C04C0020DC00042010F8013F1B094BEA5E
:10558000836343F000722360226000BF00BF00BF4E
:1055900000BF00BF00BF00BF00BF00BF00BF00BF13
:1055A00000BF00BF00BF236000BF00BF00BF00BF3F
:1055B00000BF00BF00BF00BF00BF00BF00BF00BFF3
:1055C00000BF00BF037803F00F034BEA836343F08F
:1055D00000722360226000BF00BF00BF00BF00BF99
:1055E00000BF00BF00BF00BF00BF00BF00BF00BFC3
:1055F00000BF236000BF00BF00BF00BF00BF00BFEF
:1056000000BF00BF00BF00BF00BF00BF00BF00BFA2
:105610006045B1D1DAF80030236033682BB1002245
:1056200000BF013233689A42FAD3009BB3EB080300
:1056300000930FD04744C1443B0D07933B0C0693A6
:105640003B0B05933B0A03933B09029307F00F03BF
:10565000049381E609B0BDE8F08FDAF800302360EA
:105660003368002BDBD177E6002A00F0C681030DFA
:105670002DE9F04F8BB08146DFF864B20993030C3B
:10568000924F0893030B924E0793030ADFF854825C
:10569000059303098F4C049300F00F0301920693C6
:1056A00063688D4A43F07D5310686360019BDBF8AB
:1056B0000050834245F0012528BF034645F480058C
:1056C0009A46864B1B6825EA030525F07855256028
:1056D0003B682BB1002000BF01303B689842FAD3F1
:1056E00045F0605345F068500391236002932060B9
:1056F00000BF00BF00BF00BF00BFFDF723F8029B43
:10570000236000BF00BF00BF00BF00BFFDF71AF855
:1057100045F0305345F0385023600293206000BFBD
:1057200000BF00BF00BF00BFFDF70CF8029B236065
:1057300000BF00BF00BF00BF00BFFDF703F8099B1B
:1057400003F00F0345EA836343F000702360029384
:10575000206000BF00BF00BF00BF00BFFCF7F2FF2A
:10576000029B236000BF00BF00BF00BF00BFFCF76B
:10577000E9FF089B03F00F0345EA836343F00070E1
:1057800023600293206000BF00BF00BF00BF00BFC6
:10579000FCF7D8FF029B236000BF00BF00BF00BF23
:1057A00000BFFCF7CFFF079B03F00F0345EA8363BD
:1057B00043F0007023600293206000BF00BF00BF71
:1057C00000BF00BFFCF7BEFF029B236000BF00BF0D
:1057D00000BF00BF00BFFCF7B5FF059B03F00F0340
:1057E00045EA836343F0007023600293206000BFAA
:1057F00000BF00BF00BF00BFFCF7A4FF029B2360F7
:1058000000BF00BF00BF00BF00BFFCF79BFF049BB1
:1058100003F00F0345EA836343F0007023600293B3
:10582000206000BF00BF00BF00BF00BFFCF78AFFC1
:10583000029B236000BF00BF00BF00BF00BFFCF79A
:1058400081FF069B45EA836343F000702360029367
:10585000206000BF00BF00BF00BF00BFFCF772FFA9
:10586000029B236000BF00BF00BF00BF00BFFCF76A
:1058700069FF6368039923F0705363603368002BFA
:1058800032D045F000730020236000BF00BF00BF8E
:1058900000BF00BF00BF00BF00BF00BF00BF00BF10
:1058A00000BF00BF256000BF00BF00BF00BF00BF3A
:1058B00000BF00BF00BF00BF00BF00BF00BF00BFF0
:1058C000013032688242DFD80EE000BF4806042073
:1058D000C84C002000C00042C04C0020C44C002036
:1058E000DC0004204C060420BAF1000F76D00AEB4D
:1058F000010E45F00072481E0EF1FF3E226000BF0F
:1059000000BF00BF00BF00BF00BF00BF00BF00BF9F
:1059100000BF00BF00BF00BFD4F808C0256000BFB3
:1059200000BF00BF00BF00BF00BF00BF00BF00BF7F
:1059300000BF00BF00BF00BF226000BF00BF00BFAC
:1059400000BF00BF00BF00BF00BF00BF00BF00BF5F
:1059500000BF00BFA368256000BF00BF00BF00BF3D
:1059600000BF00BF00BF00BF00BF00BF00BF00BF3F
:1059700000BF4FEA9C6CC3F3836343EA0C1300F847
:10598000013F7045BAD1DBF800302360636843F013
:105990007D536360D8F8003033B1002000BF013080
:1059A000D8F800309842F9D3019BB3EB0A03019376
:1059B00020D0D14451444FEA195309934FEA194377
:1059C00008934FEA193307934FEA192305934FEAD7
:1059D0001913049309F00F03069361E6DBF8003016
:1059E0002360636843F07D536360D8F80030002B78
:1059F000D3D155E60BB0BDE8F08F70472DE9F04FDD
:105A000089B00092002A00F0BB81030D8946074649
:105A1000DFF87CA20793030C98490693030B984D7B
:105A20000593030A974E03930309974C029300F0E2
:105A30000F0304936368954A43F07D5312686360D3
:105A4000009B934228BF13460A689846DAF8003054
:105A500043F0012343F4800323EA020323F0785B3D
:105A6000C4F800B02A682AB1002000BF01302B68BA
:105A70009842FAD34BF040624BF060602260019292
:105A8000206000BF00BF00BF00BF00BF00BF00BF5D
:105A900000BFFCF757FE019A226000BF00BF00BFA5
:105AA00000BF00BF00BF00BF00BFFCF74BFE4BF0C4
:105AB00000524BF0085022600192206000BF00BFEE
:105AC00000BF00BF00BF00BF00BF00BFFCF73AFE31
:105AD000019A226000BF00BF00BF00BF00BF00BF2F
:105AE00000BF00BFFCF72EFE079B03F00F024BEA3E
:105AF000826242F0007022600192206000BF00BF0D
:105B000000BF00BF00BF00BF00BF00BFFCF71AFE10
:105B1000019A226000BF00BF00BF00BF00BF00BFEE
:105B200000BF00BFFCF70EFE069B03F00F024BEA1E
:105B3000826242F0007022600192206000BF00BFCC
:105B400000BF00BF00BF00BF00BF00BFFCF7FAFDF1
:105B5000019A226000BF00BF00BF00BF00BF00BFAE
:105B600000BF00BFFCF7EEFD059B03F00F024BEA00
:105B7000826242F0007022600192206000BF00BF8C
:105B800000BF00BF00BF00BF00BF00BFFCF7DAFDD1
:105B9000019A226000BF00BF00BF00BF00BF00BF6E
:105BA00000BF00BFFCF7CEFD039B03F00F024BEAE2
:105BB000826242F0007022600192206000BF00BF4C
:105BC00000BF00BF00BF00BF00BF00BFFCF7BAFDB1
:105BD000019A226000BF00BF00BF00BF00BF00BF2E
:105BE00000BF00BFFCF7AEFD029B03F00F024BEAC3
:105BF000826242F0007022600192206000BF00BF0C
:105C000000BF00BF00BF00BF00BF00BFFCF79AFD90
:105C1000019A226000BF00BF00BF00BF00BF00BFED
:105C200000BF00BFFCF78EFD049B4BEA836242F08D
:105C3000007022600192206000BF00BF00BF00BF63
:105C400000BF00BF00BF00BFFCF77CFD019A2260CF
:105C500000BF00BF00BF00BF00BF00BF00BF00BF4C
:105C6000FCF770FD0549B8F1000F00F08C8008EBDF
:105C7000090C09F1FF300CF1FF3C0BE0C44C002093
:105C8000480604204C06042000C00042C04C0020FE
:105C9000DC00042010F8013F1B094BEA836343F04A
:105CA00000722360226000BF00BF00BF00BF00BFC2
:105CB00000BF00BF00BF00BF00BF00BF00BF00BFEC
:105CC00000BF00BF00BF236000BF00BF00BF00BF18
:105CD00000BF00BF00BF00BF00BF00BF00BF00BFCC
:105CE00000BF00BF00BF00BF037803F00F034BEA03
:105CF000836343F000722360226000BF00BF00BFD7
:105D000000BF00BF00BF00BF00BF00BF00BF00BF9B
:105D100000BF00BF00BF00BF00BF236000BF00BFC7
:105D200000BF00BF00BF00BF00BF00BF00BF00BF7B
:105D300000BF00BF00BF00BF00BF00BF6045A9D1CA
:105D4000DAF80030236033682BB1002200BF013243
:105D500033689A42FAD3009BB3EB080300930FD049
:105D60004744C1443B0D07933B0C06933B0B059303
:105D70003B0A03933B09029307F00F03049359E690
:105D800009B0BDE8F08FDAF8003023603368002BEB
:105D9000DBD14FE6002A00F0DC81030D2DE9F04F46
:105DA0008BB08146DFF87CB00993030C184F089341
:105DB000030B184E0793030ADFF86C800593030961
:105DC000154C049300F00F03019206936368134A85
:105DD00043F07D5310686360019BDBF80050834201
:105DE00045F0012528BF034645F480059A460C4B33
:105DF0001B6825EA030525F0785525603B68ABB1A3
:105E0000002000BF01303B689842FAD30EE000BF8B
:105E100048060420C84C002000C00042C04C0020AE
:105E2000C44C0020DC0004204C06042045F06053E4
:105E300045F06850039123600293206000BF00BFCB
:105E400000BF00BF00BF00BFFCF77CFC029B2360CB
:105E500000BF00BF00BF00BF00BF00BFFCF772FC67
:105E600045F0305345F0385023600293206000BF66
:105E700000BF00BF00BF00BF00BFFCF763FC029B78
:105E8000236000BF00BF00BF00BF00BF00BFFCF722
:105E900059FC099B03F00F0345EA836343F000704C
:105EA00023600293206000BF00BF00BF00BF00BF9F
:105EB00000BFFCF747FC029B236000BF00BF00BF90
:105EC00000BF00BF00BFFCF73DFC089B03F00F03C1
:105ED00045EA836343F0007023600293206000BFB3
:105EE00000BF00BF00BF00BF00BFFCF72BFC029B40
:105EF000236000BF00BF00BF00BF00BF00BFFCF7B2
:105F000021FC079B03F00F0345EA836343F0007015
:105F100023600293206000BF00BF00BF00BF00BF2E
:105F200000BFFCF70FFC029B236000BF00BF00BF57
:105F300000BF00BF00BFFCF705FC059B03F00F038B
:105F400045EA836343F0007023600293206000BF42
:105F500000BF00BF00BF00BF00BFFCF7F3FB029B08
:105F6000236000BF00BF00BF00BF00BF00BFFCF741
:105F7000E9FB049B03F00F0345EA836343F00070E1
:105F800023600293206000BF00BF00BF00BF00BFBE
:105F900000BFFCF7D7FB029B236000BF00BF00BF20
:105FA00000BF00BF00BFFCF7CDFB069B45EA836343
:105FB00043F0007023600293206000BF00BF00BF69
:105FC00000BF00BF00BFFCF7BDFB029B236000BF0A
:105FD00000BF00BF00BF00BF00BFFCF7B3FB63689A
:105FE000039923F0705363603368002B24D045F08D
:105FF00000730020236000BF00BF00BF00BF00BFD0
:1060000000BF00BF00BF00BF00BF00BF00BF00BF98
:1060100000BF256000BF00BF00BF00BF00BF00BFC2
:1060200000BF00BF00BF00BF00BF00BF00BF00BF78
:10603000013032688242DDD8BAF1000F7AD00AEB23
:10604000010E45F00072481E0EF1FF3E226000BFB7
:1060500000BF00BF00BF00BF00BF00BF00BF00BF48
:1060600000BF00BF00BF00BF00BFD4F808C025605C
:1060700000BF00BF00BF00BF00BF00BF00BF00BF28
:1060800000BF00BF00BF00BF00BF00BF226000BF55
:1060900000BF00BF00BF00BF00BF00BF00BF00BF08
:1060A00000BF00BF00BF00BF00BFA368256000BFE6
:1060B00000BF00BF00BF00BF00BF00BF00BF00BFE8
:1060C00000BF00BF00BF00BF00BF4FEA9C6CC3F31E
:1060D000836343EA0C1300F8013F7045B6D1DBF847
:1060E00000302360636843F07D536360D8F800306C
:1060F00033B1002000BF0130D8F800309842F9D306
:10610000019BB3EB0A03019320D0D14451444FEAE1
:10611000195309934FEA194308934FEA1933079328
:106120004FEA192305934FEA1913049309F00F035B
:1061300006934BE6DBF800302360636843F07D5341
:106140006360D8F80030002BD3D13FE60BB0BDE838
:10615000F08F704708B500BF00BF00BF00BFFCF75D
:10616000F1FA08BD002A00F0F181030D2DE9F04F8E
:106170008BB08146DFF87CB00993030C184F08936D
:10618000030B184E0793030ADFF86C80059303098D
:10619000154C049300F00F03019206936368134AB1
:1061A00043F07D5310686360019BDBF8005083422D
:1061B00045F0012528BF034645F480059A460C4B5F
:1061C0001B6825EA030525F0785525603B68ABB1CF
:1061D000002000BF01303B689842FAD30EE000BFB8
:1061E00048060420C84C002000C00042C04C0020DB
:1061F000C44C0020DC0004204C06042045F0605311
:1062000045F06850039123600293206000BF00BFF7
:1062100000BF00BFFFF79EFF029B236000BF00BFCF
:1062200000BF00BFFFF796FF45F0305345F03850F0
:1062300023600293206000BF00BF00BF00BFFFF7D4
:1062400089FF029B236000BF00BF00BF00BFFFF7B4
:1062500081FF099B03F00F0345EA836343F000705D
:1062600023600293206000BF00BF00BF00BF00BFDB
:1062700000BF00BF00BFFCF765FA029B236000BFB0
:1062800000BF00BF00BFFFF765FF089B03F00F03CF
:1062900045EA836343F0007023600293206000BFEF
:1062A00000BF00BF00BF00BF00BF00BF00BFFCF7C2
:1062B00049FA029B236000BF00BF00BF00BF00BFC0
:1062C00000BF00BF00BFFCF73DFA079B03F00F03C0
:1062D00045EA836343F0007023600293206000BFAF
:1062E00000BF00BF00BF00BF00BF00BF00BFFCF782
:1062F00029FA029B236000BF00BF00BF00BF00BFA0
:1063000000BF00BF00BFFCF71DFA059B03F00F03A1
:1063100045EA836343F0007023600293206000BF6E
:1063200000BF00BF00BF00BF00BF00BF00BFFCF741
:1063300009FA029B236000BF00BF00BF00BF00BF7F
:1063400000BF00BF00BFFCF7FDF9049B03F00F0383
:1063500045EA836343F0007023600293206000BF2E
:1063600000BF00BF00BF00BF00BF00BF00BFFCF701
:10637000E9F9029B236000BF00BF00BF00BF00BF60
:1063800000BF00BF00BFFCF7DDF9069B45EA836351
:1063900043F0007023600293206000BF00BF00BF85
:1063A00000BF00BF00BF00BF00BFFCF7CBF9029BDE
:1063B000236000BF00BF00BF00BFFFF7CBFE6368D4
:1063C000039923F0705363603368002B28D045F0A5
:1063D00000730020236000BF00BF00BF00BF00BFEC
:1063E00000BF00BF00BF00BF00BF00BF00BF00BFB5
:1063F00000BF00BF00BF256000BF00BF00BF00BFDF
:1064000000BF00BF00BF00BF00BF00BF00BF00BF94
:1064100000BF00BF00BF00BF013032688242D9D840
:10642000BAF1000F00F083800AEB010E45F0007214
:10643000481E0EF1FF3E226000BF00BF00BF00BF3C
:1064400000BF00BF00BF00BF00BF00BF00BF00BF54
:1064500000BF00BF00BF00BFD4F808C0256000BF68
:1064600000BF00BF00BF00BF00BF00BF00BF00BF34
:1064700000BF00BF00BF00BF00BF00BF00BF226061
:1064800000BF00BF00BF00BF00BF00BF00BF00BF14
:1064900000BF00BF00BF00BF00BF00BF00BF00BF04
:1064A000A368256000BF00BF00BF00BF00BF00BFE2
:1064B00000BF00BF00BF00BF00BF00BF00BF00BFE4
:1064C00000BF00BF4FEA9C6CC3F3836343EA0C1325
:1064D00000F8013F7045AED1DBF8003023606368FF
:1064E00043F07D536360D8F8003033B1002000BF23
:1064F0000130D8F800309842F9D3019BB3EB0A037E
:10650000019320D0D14451444FEA195309934FEAE3
:10651000194308934FEA193307934FEA1923059358
:106520004FEA1913049309F00F03069336E6DBF8DC
:1065300000302360636843F07D536360D8F8003017
:10654000002BD3D12AE60BB0BDE8F08F704700BF17
:1065500008B500BF00BF00BF00BF00BF00BF00BF45
:1065600000BFFCF7EFF808BD2DE9F04F89B00092AD
:10657000002A00F0E481030D89460746DFF878A081
:106580000793030C17490693030B174D0593030A52
:10659000164E03930309164C029300F00F03049365
:1065A0006368144A43F07D5312686360009B934212
:1065B00028BF13460A689846DAF8003043F00123F2
:1065C00043F4800323EA020323F0785BC4F800B0AD
:1065D0002A689AB1002000BF01302B689842FAD394
:1065E0000CE000BFC44C0020480604204C060420E8
:1065F00000C00042C04C0020DC0004204BF0406290
:106600004BF0606022600192206000BF00BF00BFBD
:1066100000BF00BF00BF00BF00BF00BF00BF00BF82
:1066200000BFFCF78FF8019A226000BF00BF00BFD7
:1066300000BF00BF00BF00BF00BF00BF00BF00BF62
:1066400000BFFCF77FF84BF000524BF0085022607F
:106650000192206000BF00BF00BF00BF00BF00BFAD
:1066600000BF00BF00BF00BF00BF00BFFCF76AF85B
:10667000019A226000BF00BF00BF00BF00BF00BF83
:1066800000BF00BF00BF00BF00BF00BFFCF75AF84B
:10669000079B03F00F024BEA826242F00070226017
:1066A0000192206000BF00BF00BF00BFFFF750FF96
:1066B000019A226000BF00BF00BF00BF00BF00BF43
:1066C00000BF00BF00BF00BF00BF00BFFCF73AF82B
:1066D000069B03F00F024BEA826242F000702260D8
:1066E0000192206000BF00BF00BF00BFFFF730FF76
:1066F000019A226000BF00BF00BF00BFFFF728FF64
:10670000059B03F00F024BEA826242F000702260A8
:106710000192206000BF00BF00BF00BFFFF718FF5D
:10672000019A226000BF00BF00BF00BFFFF710FF4B
:10673000039B03F00F024BEA826242F0007022607A
:106740000192206000BF00BF00BF00BF00BF00BFBC
:1067500000BF00BF00BF00BF00BF00BFFBF7F2FFDC
:10676000019A226000BF00BF00BF00BF00BF00BF92
:1067700000BF00BF00BF00BF00BF00BFFBF7E2FFCC
:10678000029B03F00F024BEA826242F0007022602B
:106790000192206000BF00BF00BF00BF00BF00BF6C
:1067A00000BF00BF00BF00BF00BF00BFFBF7CAFFB4
:1067B000019A226000BF00BF00BF00BF00BF00BF42
:1067C00000BF00BF00BF00BF00BF00BFFBF7BAFFA4
:1067D000049B4BEA836242F00070226001922060C9
:1067E00000BF00BF00BF00BF00BF00BF00BF00BFB1
:1067F00000BF00BF00BF00BFFBF7A4FF019A2260EB
:1068000000BF00BF00BF00BF00BF00BF00BF00BF90
:1068100000BF00BF00BF00BFFBF794FF4D49B8F1B8
:10682000000F00F08F8008EB090C09F1FF300CF12C
:10683000FF3C10F8013F1B094BEA836343F00072F1
:106840002360226000BF00BF00BF00BF00BF00BFC9
:1068500000BF00BF00BF00BF00BF00BF00BF00BF40
:1068600000BF00BF00BF00BF00BF00BF236000BF6C
:1068700000BF00BF00BF00BF00BF00BF00BF00BF20
:1068800000BF00BF00BF00BF00BF00BF00BF00BF10
:1068900000BF00BF00BF037803F00F034BEA836320
:1068A00043F000722360226000BF00BF00BF00BF42
:1068B00000BF00BF00BF00BF00BF00BF00BF00BFE0
:1068C00000BF00BF00BF00BF00BF00BF00BF00BFD0
:1068D000236000BF00BF00BF00BF00BF00BF00BFFC
:1068E00000BF00BF00BF00BF00BF00BF00BF00BFB0
:1068F00000BF00BF00BF00BF00BF604599D1DAF8FC
:106900000030236033682BB1002200BF01323368AE
:106910009A42FAD3009BB3EB080300930FD047448D
:10692000C1443B0D07933B0C06933B0B05933B0A7D
:1069300003933B09029307F00F03049330E609B079
:10694000BDE8F08FDAF8003023603368002BDBD12C
:1069500026E600BFC44C0020002A00F00982030D87
:106960002DE9F04F8BB08146DFF87CB00993030C22
:10697000184F0893030B184E0793030ADFF86C8037
:1069800005930309154C049300F00F03019206933D
:106990006368134A43F07D5310686360019BDBF822
:1069A0000050834245F0012528BF034645F4800589
:1069B0009A460C4B1B6825EA030525F0785525609F
:1069C0003B68ABB1002000BF01303B689842FAD36E
:1069D0000EE000BF48060420C84C002000C0004262
:1069E000C04C0020C44C0020DC0004204C060420D5
:1069F00045F0605345F06850039123600293206096
:106A000000BF00BF00BF00BF00BF00BF00BF00BF8E
:106A100000BF00BF00BF00BFFBF794FE029B2360D6
:106A200000BF00BF00BF00BF00BF00BF00BF00BF6E
:106A300000BF00BF00BF00BFFBF784FE45F030532E
:106A400045F0385023600293206000BF00BF00BFB4
:106A500000BFFFF77DFD029B236000BF00BF00BFAA
:106A600000BF00BF00BF00BF00BF00BF00BF00BF2E
:106A700000BFFBF767FE099B03F00F0345EA836342
:106A800043F0007023600293206000BF00BF00BF8E
:106A900000BFFFF75DFD029B236000BF00BF00BF8A
:106AA00000BFFFF755FD089B03F00F0345EA836322
:106AB00043F0007023600293206000BF00BF00BF5E
:106AC00000BFFFF745FD029B236000BF00BF00BF72
:106AD00000BFFFF73DFD079B03F00F0345EA83630B
:106AE00043F0007023600293206000BF00BF00BF2E
:106AF00000BFFFF72DFD029B236000BF00BF00BF5A
:106B000000BFFFF725FD059B03F00F0345EA8363F4
:106B100043F0007023600293206000BF00BF00BFFD
:106B200000BFFFF715FD029B236000BF00BF00BF41
:106B300000BFFFF70DFD049B03F00F0345EA8363DD
:106B400043F0007023600293206000BF00BF00BFCD
:106B500000BFFFF7FDFC029B236000BF00BF00BF2A
:106B600000BFFFF7F5FC069B45EA836343F0007026
:106B700023600293206000BF00BF00BF00BF00BFC2
:106B800000BF00BF00BF00BF00BF00BF00BFFBF7DA
:106B9000D9FD029B236000BF00BF00BF00BF00BF44
:106BA00000BF00BF00BF00BF00BF00BF00BFFBF7BA
:106BB000C9FD6368039923F0705363603368002B49
:106BC00030D045F000730020236000BF00BF00BF3D
:106BD00000BF00BF00BF00BF00BF00BF00BF00BFBD
:106BE00000BF00BF00BF00BF00BF00BF00BF00BFAD
:106BF00000BF256000BF00BF00BF00BF00BF00BFD7
:106C000000BF00BF00BF00BF00BF00BF00BF00BF8C
:106C100000BF00BF00BF00BF00BF00BF013032682F
:106C20008242D1D8BAF1000F00F093800AEB010E36
:106C300045F00072481E0EF1FF3E226000BF00BF0B
:106C400000BF00BF00BF00BF00BF00BF00BF00BF4C
:106C500000BF00BF00BF00BF00BF00BF00BF00BF3C
:106C600000BF00BFD4F808C0256000BF00BF00BF50
:106C700000BF00BF00BF00BF00BF00BF00BF00BF1C
:106C800000BF00BF00BF00BF00BF00BF00BF00BF0C
:106C900000BF226000BF00BF00BF00BF00BF00BF39
:106CA00000BF00BF00BF00BF00BF00BF00BF00BFEC
:106CB00000BF00BF00BF00BF00BF00BFA3682560CA
:106CC00000BF00BF00BF00BF00BF00BF00BF00BFCC
:106CD00000BF00BF00BF00BF00BF00BF00BF00BFBC
:106CE00000BF00BF00BF00BF4FEA9C6CC3F38363CB
:106CF00043EA0C1300F8013F70459ED1DBF80030E9
:106D00002360636843F07D536360D8F8003033B18B
:106D1000002000BF0130D8F800309842F9D3019B21
:106D2000B3EB0A03019320D0D14451444FEA1953E5
:106D300009934FEA194308934FEA193307934FEA2F
:106D4000192305934FEA1913049309F00F030693CF
:106D50001EE6DBF800302360636843F07D53636018
:106D6000D8F80030002BD3D112E60BB0BDE8F08F7D
:106D7000704700BF002A00F05582030D2DE9F04F47
:106D80008BB08146DFF87CB00993030C184F089351
:106D9000030B184E0793030ADFF86C800593030971
:106DA000154C049300F00F03019206936368134A95
:106DB00043F07D5310686360019BDBF80050834211
:106DC00045F0012528BF034645F480059A460C4B43
:106DD0001B6825EA030525F0785525603B68ABB1B3
:106DE000002000BF01303B689842FAD30EE000BF9C
:106DF00048060420C84C002000C00042C04C0020BF
:106E0000C44C0020DC0004204C06042045F06053F4
:106E100045F06850039123600293206000BF00BFDB
:106E200000BF00BF00BF00BF00BF00BFFFF790FB67
:106E3000029B236000BF00BF00BF00BF00BF00BFB8
:106E400000BF00BFFFF784FB45F0305345F03850DA
:106E500023600293206000BF00BF00BF00BF00BFDF
:106E600000BF00BF00BFFFF773FB029B236000BFA2
:106E700000BF00BF00BF00BF00BF00BF00BFFFF7E3
:106E800067FB099B03F00F0345EA836343F000703F
:106E900023600293206000BF00BF00BF00BF00BF9F
:106EA00000BF00BF00BFFFF753FB029B236000BF82
:106EB00000BF00BF00BF00BF00BF00BF00BFFFF7A3
:106EC00047FB089B03F00F0345EA836343F0007020
:106ED00023600293206000BF00BF00BF00BF00BF5F
:106EE00000BF00BF00BF00BF00BF00BF00BFFFF773
:106EF00031F9029B236000BF00BF00BF00BF00BF8D
:106F000000BF00BF00BFFFF723FB079B03F00F0389
:106F100045EA836343F0007023600293206000BF62
:106F200000BF00BF00BF00BF00BF00BF00BF00BF69
:106F300000BF00BF00BFFFF70DF9029B236000BF39
:106F400000BF00BF00BF00BF00BF00BF00BF00BF49
:106F500000BF00BF00BFFFF7FDF8059B03F00F0364
:106F600045EA836343F0007023600293206000BF12
:106F700000BF00BF00BF00BF00BF00BF00BF00BF19
:106F800000BF00BF00BFFFF7E5F8029B236000BF12
:106F900000BF00BF00BF00BF00BF00BF00BF00BFF9
:106FA00000BF00BF00BFFFF7D5F8049B03F00F033D
:106FB00045EA836343F0007023600293206000BFC2
:106FC00000BF00BF00BF00BF00BF00BF00BF00BFC9
:106FD00000BF00BF00BFFFF7BDF8029B236000BFEA
:106FE00000BF00BF00BF00BF00BF00BF00BF00BFA9
:106FF00000BF00BF00BFFFF7ADF8069B45EA836303
:1070000043F0007023600293206000BF00BF00BF08
:1070100000BF00BF00BF00BF00BFFFF799FA029B8F
:10702000236000BF00BF00BF00BF00BF00BF00BFA4
:1070300000BFFFF78DFA6368039923F07053636014
:107040003368002B38D045F000730020236000BF68
:1070500000BF00BF00BF00BF00BF00BF00BF00BF38
:1070600000BF00BF00BF00BF00BF00BF00BF00BF28
:1070700000BF00BF00BF00BF00BF00BF00BF256052
:1070800000BF00BF00BF00BF00BF00BF00BF00BF08
:1070900000BF00BF00BF00BF00BF00BF00BF00BFF8
:1070A00000BF00BF00BF00BF00BF00BF00BF00BFE8
:1070B000013032688242C9D8BAF1000F00F0A380D3
:1070C0000AEB010E45F00072481E0EF1FF3E2260F1
:1070D00000BF00BF00BF00BF00BF00BF00BF00BFB8
:1070E00000BF00BF00BF00BF00BF00BF00BF00BFA8
:1070F00000BF00BF00BF00BF00BF00BF00BF00BF98
:10710000D4F808C0256000BF00BF00BF00BF00BFAB
:1071100000BF00BF00BF00BF00BF00BF00BF00BF77
:1071200000BF00BF00BF00BF00BF00BF00BF00BF67
:1071300000BF00BF00BF226000BF00BF00BF00BF94
:1071400000BF00BF00BF00BF00BF00BF00BF00BF47
:1071500000BF00BF00BF00BF00BF00BF00BF00BF37
:1071600000BF00BF00BF00BFA368256000BF00BF15
:1071700000BF00BF00BF00BF00BF00BF00BF00BF17
:1071800000BF00BF00BF00BF00BF00BF00BF00BF07
:1071900000BF00BF00BF00BF00BF00BF4FEA9C6C34
:1071A000C3F3836343EA0C1300F8013F70458ED1AB
:1071B000DBF800302360636843F07D536360D8F8E8
:1071C000003033B1002000BF0130D8F800309842C1
:1071D000F9D3019BB3EB0A03019320D0D14451446E
:1071E0004FEA195309934FEA194308934FEA1933A9
:1071F00007934FEA192305934FEA1913049309F0F3
:107200000F030693D2E5DBF800302360636843F098
:107210007D536360D8F80030002BD3D1C6E50BB0A6
:10722000BDE8F08F704700BF2DE9F04F89B00092A4
:10723000002A00F0E881030D89460746DFF878A0B0
:107240000793030C17490693030B174D0593030A85
:10725000164E03930309164C029300F00F03049398
:107260006368144A43F07D5312686360009B934245
:1072700028BF13460A689846DAF8003043F0012325
:1072800043F4800323EA020323F0785BC4F800B0E0
:107290002A689AB1002000BF01302B689842FAD3C7
:1072A0000CE000BFC44C0020480604204C0604201B
:1072B00000C00042C04C0020DC0004204BF04062C3
:1072C0004BF0606022600192206000BF00BF00BFF1
:1072D00000BF00BF00BF00BF00BFFFF739F9019A30
:1072E000226000BF00BF00BF00BF00BF00BF00BFE3
:1072F00000BF00BF00BF00BF00BF00BF00BF00BF96
:1073000000BFFBF71FFA4BF000524BF00850226011
:107310000192206000BF00BF00BF00BF00BF00BFE0
:1073200000BF00BFFFF714F9019A226000BF00BF41
:1073300000BF00BF00BF00BF00BF00BFFFF708F9DC
:10734000079B03F00F024BEA826242F0007022605A
:107350000192206000BF00BF00BF00BF00BF00BFA0
:1073600000BF00BF00BF00BF00BF00BFFEF7F2FEBE
:10737000019A226000BF00BF00BF00BF00BF00BF76
:1073800000BF00BFFFF7E4F8069B03F00F024BEAD3
:10739000826242F0007022600192206000BF00BF54
:1073A00000BF00BF00BF00BF00BF00BFFFF7D0F8A5
:1073B000019A226000BF00BF00BF00BF00BF00BF36
:1073C00000BF00BFFFF7C4F8059B03F00F024BEAB4
:1073D000826242F0007022600192206000BF00BF14
:1073E00000BF00BF00BF00BF00BF00BFFFF7B0F885
:1073F000019A226000BF00BF00BF00BF00BF00BFF6
:1074000000BF00BFFFF7A4F8039B03F00F024BEA95
:10741000826242F0007022600192206000BF00BFD3
:1074200000BF00BF00BF00BF00BF00BFFFF790F864
:10743000019A226000BF00BF00BF00BF00BF00BFB5
:1074400000BF00BFFFF784F8029B03F00F024BEA76
:10745000826242F0007022600192206000BF00BF93
:1074600000BF00BF00BF00BF00BF00BFFFF770F844
:10747000019A226000BF00BF00BF00BF00BF00BF75
:1074800000BF00BFFFF764F8049B4BEA836242F041
:10749000007022600192206000BF00BF00BF00BFEB
:1074A00000BF00BF00BF00BFFFF752F8019A226083
:1074B00000BF00BF00BF00BF00BF00BF00BF00BFD4
:1074C000FFF746F85549B8F1000F00F09F8008EB30
:1074D000090C09F1FF300CF1FF3C10F8013F1B09CA
:1074E0004BEA836343F000722360226000BF00BF59
:1074F00000BF00BF00BF00BF00BF00BF00BF00BF94
:1075000000BF00BF00BF00BF00BF00BF00BF00BF83
:1075100000BF00BF00BF00BF00BF00BF236000BFAF
:1075200000BF00BF00BF00BF00BF00BF00BF00BF63
:1075300000BF00BF00BF00BF00BF00BF00BF00BF53
:1075400000BF00BF00BF00BF00BF00BF00BF037887
:1075500003F00F034BEA836343F000722360226061
:1075600000BF00BF00BF00BF00BF00BF00BF00BF23
:1075700000BF00BF00BF00BF00BF00BF00BF00BF13
:1075800000BF00BF00BF00BF00BF00BF00BF00BF03
:10759000236000BF00BF00BF00BF00BF00BF00BF2F
:1075A00000BF00BF00BF00BF00BF00BF00BF00BFE3
:1075B00000BF00BF00BF00BF00BF00BF00BF00BFD3
:1075C00000BF604589D1DAF80030236033682BB101
:1075D000002200BF013233689A42FAD3009BB3EB1A
:1075E000080300930FD04744C1443B0D07933B0C65
:1075F00006933B0B05933B0A03933B09029307F069
:107600000F0304932CE609B0BDE8F08FDAF80030E0
:1076100023603368002BDBD122E600BFC44C00207E
:10762000264B2749274A70B5C3F890140721C3F8A1
:10763000A42429220024C3F8A81483F8AD244FF40D
:107640007A762149214A224D0846C3F89C244C6091
:10765000204A8E600C730D60C3F88044C3F88444E4
:10766000C3F88C44A3F8984483F8B14483F8B84431
:1076700083F8C844C1E9124417490EF027FB174BA1
:1076800003F5A0721C73C3E90146C3E9124443F831
:10769000505B9342F6D10F4A002011490EF016FBC1
:1076A000104B0C4A1C7318461D600B49C3E9014678
:1076B000C3E91244BDE870400EF008BBB0E70120FA
:1076C0000840002000093D00B0F703204C3F002097
:1076D000E43F0020E44C0020993C0000B8FD03206A
:1076E000B13C000000F8032010B5144690F90020CA
:1076F00090F800C0002A13DA0CF0E0028646C02A97
:1077000012D00CF0F002E02A26D00CF0F802F02A99
:1077100004D104200CF0070C88420ADD4FF6FD7CF2
:107720000120C4F800C010BD0CF01F0C02208842DC
:10773000F4DC0EF10101864401E08E45F1D00B78B6
:10774000013103F0C00203F03F03802A43EA8C1C9E
:10775000F3D04FF6FD7CE3E70CF00F0C0320E6E7D7
:10776000002B45DD9FED247A00EB83038446FCEC7F
:10777000017AF0EEE77AF4EEC77AF1EE10FA37FE0E
:10778000877A9C45F3D1DFED1D6AC7EE267AF5EEC8
:10779000C07AC2ED007AF1EE10FA26DDF7EE006A4B
:1077A00086EEA77A01396FF07E0CF6EE006A0FE0E4
:1077B00077EEA67AFDEEE77A17EE902A6245B8BF1B
:1077C00062467F2AA8BF7F22984201F8012F0BD082
:1077D000F0EC017A67EE877AF5EEC07AF1EE10FAF6
:1077E000E6D577EEE67AE5E770479FED037AD9E7CD
:1077F00000231360704700BF000000000000FE423D
:10780000D0E90123934223DAD21AD0F800C0F0B5B0
:10781000C4684FEAE37EDCF814600027A242A8BFE8
:107820002246DCE903450A611A44C8618F61C1E957
:107830000243A3FB043C04FB0ECCEC184CEB060308
:107840000C60054C4B6001234C6182601846F0BD12
:1078500000231846704700BF690B01000246D0E9BB
:10786000010383422ADAC01AD2F800C0F0B5D46806
:1078700083B0D2F88450A042DCF8147001954FEA2E
:10788000E375A8BF2046DCE903460861A3FB04ECCE
:1078900004FB05CC16EB0E0E019DC1E902434CEB37
:1078A0000704C1E900E45DB1064C03444C610120CA
:1078B0000024CA618C61936003B0F0BD0020704762
:1078C000014CF2E78D170100151701002B4BD0F882
:1078D00018C09B689C454EDAC269F0B502F00103FE
:1078E0004469012A83B004FB03C3D0F800E04FEAE7
:1078F000E3752E4623DDDEF8AC600096DEE92C76DB
:107900000C610196009EC1E90263A6FB033EFC18D0
:1079100006FB05EE019E4EEB0603032AC1E9004378
:10792000174B4FF000044B611DD1164A0CF1200398
:10793000C1E90620C0E90634012003B0F0BDDEE94C
:1079400023C5DEF894E00C61C1E902C3ACFB03344B
:107950000CFB064415EB030C44EB0E030A4CC1F878
:1079600000C04B604C6100230132C1E90630C261A6
:10797000012003B0F0BD0020704700BF185901205E
:107980008D0C0100811E0100110C0100144B1A68BE
:10799000033230B522F0030C124C4FF0000E0D46AE
:1079A00024681CEB000185B0C3F800C04EEB0E024A
:1079B0008C427EEB020205D37046C5F800C0196008
:1079C00005B030BD0346084AA0210848CDF800C0E4
:1079D000CDE901E40FF026FC4FF0FF30F0E700BFE7
:1079E000E8CC0420ECCC04206030002034CC04200F
:1079F0000F2938B530D8DFF88CE084465EF83100C6
:107A000050B31468012BCCF80010CCF8084021D9F1
:107A1000022B936807D0D2E90452022D72F10002C2
:107A200001D3A5FB0335CCF80430B4FBF0F300FB25
:107A30001340D0B90EEBC10E0121DEF80420CCF8C2
:107A4000181002FB03F3DDE90445CCF80C30CCE957
:107A5000044538BD0123E6E70B46074AA021074845
:107A60000FF0E0FB4FF0FF3038BD2346044AA02161
:107A700002480FF0D7FBF5E7D430002034CC0420C7
:107A8000F03000205004002010B51C46836986B0F9
:107A900063B3D0E901CE8C451CD196451AD1D0F8FC
:107AA00000C02CF00403082B02D0BCF10E0F06D14D
:107AB000C368B3F5C04F21D8002006B010BD089BA5
:107AC000A021114A1148CDE9004C0FF0ABFB4FF05B
:107AD000FF30F2E70492089B0D4A0C48CDE902E121
:107AE000CDE9004CA0210FF09DFBF0E7089BA02101
:107AF000084A009405480FF095FBE8E7064AA021E4
:107B000002480FF08FFBE2E75431002034CC042010
:107B10002831002014310020803100202DE9F84F59
:107B20008B46C8B307460026DFF8849040F2B315B1
:107B30001B4CDFF87080A7EB060A414606F5007083
:107B4000BAF5C04F28BF4FF4C04A5246F9F79EFC21
:107B5000C0B9144B08EB0A0213F8010B80EA0900C4
:107B600093424FEA002C05FB04CCA0FB059464442F
:107B7000F2D106F5C046B742DDD80020CBE900942B
:107B8000BDE8F88F3346084AA02108480FF04AFBA9
:107B90004FF0FF30BDE8F88FDFF81490004CECE7B1
:107BA000B00F6514C0520020A031002034CC042056
:107BB00083039D73F0B517461E4604460D462DED12
:107BC000028B85B0F9F708FD3A4633462946204630
:107BD000B0EE408BF9F73AFE0746F9F7FDFC114B82
:107BE00030EE480B9A6D93ED027B92199A6537EE51
:107BF000007BDA6D42F1000283ED027BDA6527B982
:107C0000384605B0BDEC028BF0BD074AA0210296B4
:107C10000648CDE900450FF005FB384605B0BDEC40
:107C2000028BF0BD30A70120C431002034CC0420E9
:107C3000002952D02DE9F04F294D83B007460E465A
:107C4000DFF8A8A005F11009EC680EE0B345D846AE
:107C5000384628BFB046424647440CF071FCEC68F9
:107C6000B6EB08064444EC6029D0AB6804EB09018C
:107C7000A342A3EB040BE9D1D5E90021DAE90030F6
:107C8000A4184A4641F100089C4278EB00011AD240
:107C90001B1B41F2010160EB08008B42414670F171
:107CA0000000204628BF4FF480539B46FFF782FF19
:107CB000494678B9C5E90048C5E902B0C6E70020E1
:107CC00003B0BDE8F08F074AA0210748CDE900487E
:107CD0000FF0A8FA4FF0FF30F2E70020704700BF26
:107CE00020970120E431002034CC0420F0EE012064
:107CF00070B5C3681546426882B004460E4602FB62
:107D000003F30E4AD0E90401FFF754FF98B9034684
:107D10003246206809490095EFF7ECFA08B902B03D
:107D200070BDDFF820C0064CBCE80F000FC49CE813
:107D3000030084E803004FF0FF30F0E7C05200205A
:107D400034CC04200432002030B5036915460268A3
:107D500083B00446D2F808C08BB1002208461D4B00
:107D600001921D491D4ACDF800C0EFF741FD63693E
:107D70007BB103EB850383ED000A03B030BD1068CF
:107D8000154ACDE900C3154BEFF7D6FF6369002B09
:107D9000EFD1134BD3ED007AF4EEC07AF1EE10FA86
:107DA0000CD4104BD3ED007AF4EEC07AF1EE10FA59
:107DB000E3D50D4A83ED000A1560DEE70B4A09485A
:107DC000094983ED000A1368C0ED007A15600B6065
:107DD00003B030BDE8F1032084C1032084EC03200C
:107DE000ECCB0420F0CB0420DCCC0420D8CC042045
:107DF00070B5C3680546046816468EB04268D4F86C
:107E0000880013B3002306AC02900846039305F1E3
:107E1000600311460494009305F1200205F140032C
:107E2000F0F7B2FB686800280DDD06F01F010E4A6E
:107E3000234604EB800002EB810253F8041B8342CB
:107E400042F8801BF9D10EB070BDD4F88040CDE966
:107E5000020305F14003204606AC009305F1200320
:107E60000494F0F76BFDDDE740B0252070B50369A1
:107E70000546046816468EB04268D4F8A80013B3CD
:107E8000002306AC02900846039305F160031146F7
:107E90000494009305F1200205F14003F0F774FB10
:107EA000686800280DDD06F01F010E4A234604EB2A
:107EB000800002EB810253F8041B834242F8801BCE
:107EC000F9D10EB070BDD4F8A040CDE9020305F1A0
:107ED0004003204606AC009305F120030494F0F71C
:107EE0002DFDDDE740B425201F4AD2E9023C10B544
:107EF000A3EB0C0E0C4600218645A1411AD2116855
:107F00005B18516841F1000C1B1818484CEB040138
:107F1000B3EB0E03D0E9004061F100019C428841BF
:107F20000BD39FED0F7BC2E9003182ED027B002471
:107F3000204610BD6044D060F9E7DFF834E04FF030
:107F4000FF34DFF830C0BEE80F00ACE80F009EE859
:107F500003004CF8040BACF80010E9E7AFF3008025
:107F6000000000000000000020970120F0EE01203A
:107F70001C32002034CC04208C46D0E90113BCF51F
:107F8000006F01FB03F300B583B010D8B3EB0C0214
:107F900018BF01225AB90368012B12D8C36803FB2A
:107FA00001F1B1F5C04F12D8104603B000BD0E4A22
:107FB000A0210E48CDF800C00FF034F94FF0FF308B
:107FC000F3E70B4AA02109480FF02CF9F6E7DFF898
:107FD00024E0DFF818C0BEE80F00ACE80F009EE810
:107FE00007008CE80700E9E73432002034CC042095
:107FF000603200207832002038B5234D04462B68CB
:108000002DED028B002B33D19FED1D7BB0EE478B06
:1080100023692168D4E901021A4400FB0311636952
:10802000E0699847D4E9033201329A4222610AD0CA
:108030002B688BB9D4E90330BDEC028B9842ACBFFE
:108040000020012038BDA369002BF1D0A168E069B0
:1080500098472B68002BEDD0F9F7BEFA0B4B30EEAA
:10806000480B93ED147B37EE007B83ED147BE1E747
:10807000F9F7B2FAB0EE408BCAE700BFAFF3008069
:108080000000000000000000E0CC042030A7012028
:10809000D0E903329A4201DAFFF7AEBF0020704701
:1080A0002DE9F0472DED048B84B0984681468A4631
:1080B0001746109C3E4DF9F78FFA3E4E0123B0EE65
:1080C000409B336095ED148B002C3BD0D4E90332F8
:1080D0009A4235DB00233A465146009348464346D0
:1080E0000194F9F7CDFB002307463360F9F774FAE2
:1080F00030EE497BAB6D95ED146B13EB080336EE58
:10810000486BAB65EB6D95ED025B37EE467B43F15B
:108110000003EB6537EE057B85ED027B002F35D143
:108120002046D4E903329A4203DAFFF765FF0028BC
:10813000F6D10027384604B0BDEC048BBDE8F087CB
:108140001D4BC8E73A46434651464846CDE90044F0
:10815000F9F796FB34600746F9F73EFA30EE497BB3
:10816000AB6D95ED146B13EB080336EE486BAB6506
:10817000EB6D95ED025B37EE467B43F10003EB655B
:1081800037EE057B85ED027B002FD2D04B4654465F
:108190000A4AA021CDF808800948CDE900340FF043
:1081A00041F8384604B0BDEC048BBDE8F08700BF51
:1081B00030A70120E0CC0420B10E0100C431002022
:1081C00034CC04202DE9F0430F469BB0064602A9AB
:1081D0003846B047044618B920461BB0BDE8F083C6
:1081E000069A00210298049BDFF8BC8002FB03F38F
:1081F000C0F30802009142440399FFF751FF05467E
:1082000000284AD1029B0DF148091690C3F30803D8
:1082100043441293049B1393069B1593089B189356
:10822000099B1993059B1493079B179323E06C42BA
:108230000E9A0A980C9B04F4C4440B9902FB03F3B6
:108240004444C0F30802CDF800902244FFF728FF11
:1082500018BB0C9B169013930D9B0E9814930A9BBE
:108260001590C3F30803DDE90F121C44119BCDE9FF
:108270001712199312940AA93846B04785F00105E0
:1082800004460028D3D1DDE9153212A89A42A3DAB8
:10829000FFF7B2FE0028F6D19EE74FF0FF342046EC
:1082A0001BB0BDE8F08300BFC05200202DE9F043B1
:1082B000A9B007468946144600218C2205A80193DF
:1082C000309D329EDDF8D0800FF08EF9F9684FF4C2
:1082D000C042019B11F0030FB2FBF1F2CDE903792B
:1082E00001D0012A27D80692B1F5C04F359A0794DC
:1082F0000892389A0992369A2292379A239227D86E
:10830000002C0FDD09AA3198339902EB840442F85E
:10831000043FA24210622B44116400EB860001EB83
:108320008801F4D103A91048FFF74CFF044620460A
:1083300029B0BDE8F083359922F0010208913899FF
:108340000991369922913799CDE906242391D7E7EF
:10835000064E4FF0FF34064D0FCE0FC596E80F00C6
:1083600007C52B80E3E700BF7D06010094320020A3
:1083700034CC0420F0B5041E0E461D462DED028BB4
:1083800083B040DB254B1B689C423CDA1746244AED
:108390000023491952F8240043EB03028842934119
:1083A00031D3F9F719F93A462B4631462046B0EE5B
:1083B000408BFAF77BFB0746F9F70EF9194B30EEC5
:1083C000480B1A6E93ED047B52191A6637EE007B48
:1083D0005A6E42F1000283ED047B5A6627B9384693
:1083E00003B0BDEC028BF0BD23460F4AA0210F481D
:1083F000CDE900650EF016FF0D4B38461C6003B04A
:10840000BDEC028BF0BD23460A4AA02107484FF07D
:10841000FF37CDE900650EF005FFE0E7E4CC04206E
:1084200030EE012030A70120D832002034CC0420C7
:10843000684F0020B432002030B5144C85B013468C
:108440002468C4B11AB91446204605B030BD0346AD
:1084500000F5007015460393F9F718F8039B0446DE
:108460000028F1D00A4AA02100950A480EF0DAFE51
:10847000204605B030BD002AE6D00A460146204617
:1084800005B0BDE83040FFF775BF00BFF0CC042059
:108490000033002034CC0420F0B5041E0E461D46E7
:1084A0002DED028B83B040DB254B1B689C423CDAF0
:1084B0001746244A0023491952F8240043EB0302CB
:1084C0008842934131D3F9F787F83A462B46314633
:1084D0002046B0EE408BFAF76DFB0746F9F77CF8C3
:1084E000194B30EE480B9A6E93ED047B52199A6645
:1084F00037EE007BDA6E42F1000283ED047BDA6630
:1085000027B9384603B0BDEC028BF0BD23460F4AB5
:10851000A0210F48CDE900650EF084FE0D4B3846D2
:108520001C6003B0BDEC028BF0BD23460A4AA021BB
:1085300007484FF0FF37CDE900650EF073FEE0E726
:10854000E4CC042030EE012030A701205433002079
:1085500034CC0420684F00202C3300202DE9F04F4C
:1085600093B005469846002308908B480A91A8428C
:108570008B41C0F00781089B11461446581C8000AF
:10858000FFF704FA0646002877D1844A13680333BC
:1085900023F0030A089BC2F800A00A9AC8F800A0BA
:1085A0001343216800F0E480D34605460446824622
:1085B000099007900D910E90CDF83C80082110A8ED
:1085C000FFF736FB002840F08B80754BDDE910701B
:1085D0009F4270F1000380F08380B7F5806F70F1E7
:1085E000000380F08780DFF8DC9139464846FFF7CA
:1085F0001FFB0646002840D109F8070048460FF047
:10860000AFFD684B079AFF2C074604F1010043F8C1
:1086100024204ED0002F3AD00026DFF8A081CDE9EB
:108620000B0AAA4602E02644B7422CD9CAF5805468
:10863000BA1B08EB0A0009EB0601944228BF144656
:10864000A24422460BF07CFFBAF5805FEBD1564B7B
:108650004FF0000E1BF580554246196870464EF1EA
:10866000000C5346A94259467EEB0C0C2FD3FFF762
:1086700013FFAB4682460028D5D04FF0FF36304678
:1086800013B0BDE8F08F55460B98DDF830A0079B7E
:10869000089A3B440A9907931AF101039A46099BE9
:1086A00043F10003994208BF5245099331D0044673
:1086B00084E70D9C30464FF480633A4A2146FFF729
:1086C000EBFE0028D9D104F580630D93A2E7374D66
:1086D000374C0FCD0FC40FCD0FC42B682370CCE7E0
:1086E000099BA021334ACDF800A0019330480EF039
:1086F00099FDC2E740F2FF31099B2F4A0297CDF85E
:1087000000A00193CDE90301A02129480EF08AFDC4
:10871000B3E7244BDA46079A0D9943F82020421C10
:108720009300DDE90E681CD18DB11F4B00201AEBC0
:108730000502196840EB0003914270EB0303C6D3B6
:108740002B4651461D4AFFF7A7FE002895D11C9ADB
:108750000899D8F800301160079A13440F4A136043
:108760008DE7104A0020FFF797FE0028DCD084E751
:108770000C4A04231060FFF78FFE00287FF47DAFC2
:108780000796E4E70A9BA0210D4A0095019308484B
:108790000EF048FD71E700BF00093D00E8CC042061
:1087A00001000010FCD20420ECCC0420E0330020B7
:1087B00034CC0420A0330020B0330020A0AD04202E
:1087C000803300204CDF042010B586B04FF0000C41
:1087D0000090C068CDE9011C84074FF4C041B1FB93
:1087E000F0F101D001290DD8B0F5C04F0593CDE9C6
:1087F00003120DD869460E48FFF7E4FC8446604634
:1088000006B010BD21F00101CDE904230391F1E789
:10881000084C4FF0FF3CDFF820E00FCCAEE80F0033
:1088200094E80F00AEE80700AEF80030E7E700BFBD
:10883000210601009432002034CC0420F0B5144D00
:1088400083B00446164601951F46124D0023084684
:108850000095A268EEF74EFF23680C2B08D0334634
:1088600000223946204603B0BDE8F040FFF7ACBF18
:10887000094B284600930023A268EEF79BFF33467E
:1088800001223946204603B0BDE8F040FFF79CBF07
:1088900084EC032084C10320E8F1032084460068AF
:1088A00030B5DCE9044387B0D0F808E08BB10CF1B7
:1088B0005C030492002208460093214603920CF1C7
:1088C0003C030CF11C02CDF808E0EFF75DFE07B0A9
:1088D00030BD0068CDF808E00CF13C0E0492224651
:1088E00003930CF11C03CDF800E0F0F727F807B074
:1088F00030BD00BF10B58AB0144602AA0190FFF740
:10890000CDFF0198016900292DDD02ABD0F818E0F8
:108910009DED027A03EB810103ABD0E91F2C02EB42
:108920008402BEF1000F14D102EB8C0E994282ED4D
:10893000007A18460EEB8C0215D0F0EC017A8142D9
:10894000CEED007A0FD093ED017A0833ECE7B3EC6B
:10895000017AD2ED007A994277EE877AC2ED007AF9
:1089600002EB8C02F3D10AB010BD00BF2DE9F04339
:108970008BB0914602AA0190FFF790FF019804691D
:10898000002C33DDD0F8842002A96FF00306D0F864
:10899000887002EB8404761A0DE0D0E923E88CEDB0
:1089A000007A5EF8035048F8035042ED017A4EF821
:1089B0000390A2421AD0F1EC017AB2EC017A73185A
:1089C000B4EEE77A07EB030CF1EE10FAE5D49CED78
:1089D000007AB4EEE77AF1EE10FAEAD5D0F890E03A
:1089E000A242CCED007A4EF80390E4D10BB0BDE882
:1089F000F08300BF10B5141E82B030DD0346A20024
:108A00009FED247A00EB840CF3EC017A67EEA77AF1
:108A1000634537EE277AF7D107EE904AF8EEE76A1A
:108A2000C7EE267A37EE800AB5EE400AF1EE10FA6C
:108A300024D4F1EEC07A184B0244B7EE007AC7EEA8
:108A4000276AF0EC017AB1EC017A824266EEA77AED
:108A500067EE877AE3EC017AF3D102B010BD07EE3E
:108A6000904ADFED0C6AB8EEE77AC6EE877A37EE09
:108A7000800AB4EE660AF1EE10FAEED5CDE90001F7
:108A80000DF0F8F8002CF0EE407AE6DDA200DDE90A
:108A90000001D0E7000000008481032070B500EBE6
:108AA000820084B0164608220D461C460DEB0201DA
:108AB000FFF7C2FCB0B9DDE90202121AB2F5806F0D
:108AC0000ADA284421460192FFF7B6FC50B9019A10
:108AD000A054104604B070BD3346044AA021044897
:108AE0000EF0A0FB4FF0FF32F3E700BF043400208C
:108AF00034CC04202DE9F04383B09846064617464F
:108B00000A9D2B78002B37D028461C4C40F2B3121C
:108B10005C4010F8013FA4FB024C002BF8D101F19E
:108B2000FF3910E0DDF804C00CF1FF32BCF1000F9A
:108B300018D0FFF7B3FF00282946114812DB013493
:108B40000FF03EF998B1042209EA04040DEB02018A
:108B500006EB8400FFF770FC0246094B414638469D
:108B6000002ADFD04FF0FF3003B0BDE8F08301985A
:108B7000013803B0BDE8F083004CD0E783039D7358
:108B8000A0C304201C4B821C33F8101033F81220B1
:108B9000F0B5551A40F2FE3483B0A54229DC01300D
:108BA000164D33F810602846154B741A971B19445C
:108BB00022460BF0C5FC124B601C3A469919202343
:108BC00028442B550BF0BCFC2C440E4800223C449E
:108BD000D0F8A43C627063B1D0F8B43CD0F8B02CAB
:108BE000D0F8C41CD0F8C00C0095FFF783FF03B089
:108BF000F0BD4FF0FF30FAE7004B0220FC060220E8
:108C0000F8EE01201889012003783C2B3CD1F0B507
:108C10001F4D93B0D5F8D43D93B30F4604463E2183
:108C200001300EF025FD58B3001B3E2828DC461C01
:108C3000214602A8002432460BF082FC0DEB06020E
:108C400014720090D5F8AC3CD5F8A82CD5F8BC1C13
:108C5000D5F8B80CFFF74EFF002811DBD5F8D41D6E
:108C6000A1420DDD05F54D62234601E08B4207D0A0
:108C700052F8044F01338442F8D13E6013B0F0BD86
:108C80004FF0FF3013B0F0BD4FF0FF30704700BF22
:108C9000188901207F2810D8A0F10903042B10D9CE
:108CA00020280ED040F02003613B192B3FD93038EB
:108CB0000A2834BF032000207047A02818BF852849
:108CC00001D101207047B0F5B45FFAD0A0F5005390
:108CD0000A2BF6D9244BC318012BF2D942F22F02EA
:108CE00042F25F03984218BF9042EAD0A0F540528A
:108CF000B2FA82F25209002AE3D140F2A221DFF84F
:108D00006CC010B502E0591E8A4212DC531848BFED
:108D100001335B105CF833400CEBC30EA042F2D37E
:108D2000DEF804E05A1C7045EED8022010BD022087
:108D300070478E210022DFF838C002E0591E8A42B7
:108D400010DC531848BF01335B105CF833400CEB68
:108D5000C30EA042F2D3DEF804E05A1C7045EED8F0
:108D6000032010BD002010BDD8DFFFFFC05B0060F6
:108D7000485700602DE9F04F91B084461446904F5B
:108D80000D901D468F480E46D7F81CA050F83C2089
:108D900000EBCC03099104923A6904FB0AF15B6889
:108DA000900005940693039005FB0AF34EBB4BB16C
:108DB000069A04981144844AFFF7DCFA002840F030
:108DC000F7803A69039B05FB03F3002B00F0F58065
:108DD000DFF81C8204FB02FC0699D8F8D86D7B4AA8
:108DE0000E44049806EB8C01FFF7C4FA002840F00B
:108DF000DF80D8F8E41D069B01EB84011944AB0029
:108E000029E007F5405863B1D8F8DC6D6E4A31446B
:108E1000069E04983144FFF7ADFA002840F0C88060
:108E20003A69039B05FB03F373B1069804FB02F256
:108E3000D8F8E01D0144049801EB8201634AFFF772
:108E400099FA002840F0B480D8F8E81D069B01EBA1
:108E500084011944AB005E4A0498FFF78BFA00289E
:108E600040F0A68063195B49DFF888E10E930AEBB6
:108E70000106039BDFF858B103EB0E05564C0F902B
:108E8000CDE907E1089B4FF0000901330B93079BE5
:108E900001330C93DDE9052303EB82030A93BAF156
:108EA000000F53D008994D4B11F8012F53408E42BB
:108EB00004FB03F3F8D1039A3AB1079911F8012F93
:108EC00053408D4204FB03F3F8D1DBF800209A42B3
:108ED00000F0928009F10109B9F1040F58D0059B07
:108EE000F96903FB01F1099B002B31D0BAF1000FA6
:108EF0000BD0069AD8F8DC3D049813440B9A194419
:108F00005346FFF737FA002852D1039B83B1059BE4
:108F10003969069A03FB01F1D8F8E03D049813443F
:108F20000C9A03EB8101039BFFF724FA00283FD141
:108F3000D8F8E81D0A9B5A46049819440423FFF701
:108F400019FA002834D1BAF1000FABD1234BB2E7A4
:108F5000BAF1000F07D0069B0B9A194404985346A8
:108F6000FFF708FA20BB039B7BB1059B3969069A82
:108F700003FB01F1D8F8D83D049813440C9A03EB95
:108F80008101039BFFF7F6F990B9D8F8E41DD1E70A
:108F900013480D9B059C0193416F049B0131009484
:108FA000104A4167A0211048036010480EF03AF9BA
:108FB0004FF0FF3011B0BDE8F08FDFF8348018E7D4
:108FC000185901202435032004AB0220042B032070
:108FD0006456032003AB022093010001C59D1C8150
:108FE00030A7012030340020684F002034CC04200A
:108FF00018890120032B0320B9F1000F10D0134969
:109000000B6F0133082B0B670AD8099BE3B1104B98
:109010000D9A04990F48CDE90039059BF8F704FB38
:10902000089A0BF1040B039956445244059B0D44D6
:1090300008920133079A05930A4407920E9A9A42BE
:109040007FF420AF0F98B5E7034BE1E730A701208D
:109050002034002068340020283400200000000064
:109060004368002B40F3238111444B1E2DE9F0434C
:10907000B14E23F01F05B14C5B1135448046A6F577
:10908000006604EB830400272DED108B9FED88EB29
:10909000A3B00DF1080EB4469FED87FB7DE0B4EE62
:1090A000E0DAB6EE005BB1EE4D7AF1EE10FA9FED2C
:1090B000841B9FED852B9FED863B9FED874B63DCEB
:1090C000B7EEC77AB7EE006B9FED850B9FED869BE1
:1090D0009FED87CB27EE000B9FED87BB9FED88AB05
:1090E000B5EEC00BF1EE10FA78D530EE450B9FEDE2
:1090F000868BFDEEC00B10EE903AB8EEE00B00EE62
:10910000487B9FED838B00EE487BB0EE4F0B9FEDCD
:10911000828B07EE080B9FED828B00EE078B9FED95
:10912000820B08EE070B00EE071B01EE072B02EE89
:10913000073B03EE074B04EE079BB0EE464B09EEF0
:1091400007CB0CEE07BB0BEE07AB0AEE075B05EE99
:10915000074B04EE076B6FF47F7903F25762002030
:109160004B454FEA0251F7EE007A26DA41EC150B37
:1091700026EE056B9FED6E5B26EE056BB7EEC66BBC
:1091800036EE276A8DEE06DADCEDFF7A22AB67EE6B
:109190008D7AEEEC017A9E4565D0BCEC01DAB0EE3A
:1091A0004E6BDFED677A40F2F233DFED660AB4EE24
:1091B000E7DAF1EE10FA7FF572AF03F2FF31002229
:1091C000F7EE007A0B0543EC152B26EE056BB7EE98
:1091D000C66B36EE276A8DEE06DAD5E730EE050B64
:1091E000B0EE44CBB0EE43BBFDEEC06BB0EE4F0B28
:1091F000B0EE493B16EE903AB8EEE66B9FED424B6F
:109200009FED458B9FED3AAB06EE447B9FED404BC7
:109210009FED3B9B06EE447BB7EE006B9FED364B1C
:1092200007EE080B9FED3E8B00EE078B9FED3E0B8C
:1092300008EE070B00EE071B01EE072B02EE07BB43
:109240000BEE07CB0CEE073B03EE07AB0AEE074B2A
:1092500004EE079BB0EE464B09EE075B05EE074BAD
:1092600004EE076B77E738490023202202A8611833
:1092700000950191EEF73EFAD8F8083083B901372E
:10928000D8F8043005F52C5504F26454BB4206F1BD
:1092900080063FF7FEAE23B0BDEC108BBDE8F08337
:1092A0002022002328460094EEF784FAE7E770476F
:1092B0008EECF8F45D94ED3F096DA8134612E63D7F
:1092C0005C9F78B74F7E923E34C756A5E31DC73EDC
:1092D0001AA0011AA001FA3E1AA0011AA0012A3F01
:1092E000FE822B654715F73F176CC1166CC1563FC0
:1092F000111111111111813F555555555555A53F66
:10930000555555555555C53F0000E0FE422EE63FE8
:10931000763C7935EF39EA3D9D7CC0A87439A93D8A
:1093200098D8F8EFD8EE213EE444F56745E65A3E7A
:10933000000000000000701A40B82520603B272084
:1093400000002FC400003944E0D4FFFF2DE9F04FA6
:10935000814C8BB005912169E46900294FEA8107AE
:1093600004942CDD7C4C4FF0000B7C4D66695C4610
:10937000DFF8ECA1DFF8F891DFF8F0810191CDE999
:109380000670CDE9022302982A460AEB0B01334608
:1093900000EB8B000435FEF7E3F9039A4FEA8B07E5
:1093A000334608EB0B01B344D01909EB8402FEF7F6
:1093B000D7F90134019BA342E5D1DDE90670049B96
:1093C000002B00F0A0806649049A664B664D541845
:1093D00011F8012B53408C4205FB03F3F8D1002F09
:1093E00000F094805D4C00215F4D14F8012B013199
:1093F00053408F4205FB03F3F7D80893049B002BDF
:1094000000F086805949049A564B574D541811F86C
:10941000012B5340A14205FB03F3F8D1002F79D073
:10942000534C0021504D14F8012B013153408F4211
:1094300005FB03F3F7D809934E4B03EBC00253F837
:109440003040049B55684BB10598049B444A00FB8F
:1094500003512046FFF720F800286ED1DFF818915D
:1094600020463E4AA9F540531969059B03FB01F1CB
:10947000D9F8D83D2B4403EB81013B46FFF70CF8AC
:1094800000285AD1D9F8E41D0423059E08AA2944CE
:1094900020464FEA860801EB8601FEF7FDFF002813
:1094A0004BD1049B73B1D9F8DC1D2B4A0598294494
:1094B000D269049B02FB00112C4A2046FEF7ECFF08
:1094C00000283AD17FB1244B2046D9F8E02D196904
:1094D000059B2A4401FB03F13B4602EB8101244A30
:1094E000FEF7DAFF48BBD9F8E81D0423204609AA95
:1094F00029444144FEF7D0FF003818BF0120404204
:109500000BB0BDE8F08FDFB1164B6BE7089379E73E
:10951000144B85E71749059E01EBC00551F8304013
:1095200009936D682046049B0D4A06FB0351FEF724
:10953000B3FF10B9DFF84090A4E74FF0FF30DFE74A
:109540000C4B084A53F83040DFF82C90CDE9082244
:1095500003EBC002556895E7185901200435032034
:1095600004330320C59D1C8193010001645F032027
:109570006461032024350320188901202DE9F04F70
:109580009046420089B00546102A8946129C0193F4
:1095900040F2B58010231E465B009342FBD3019F2F
:1095A000F600029339463046FEF7F0F90146C8B995
:1095B0004FF4C0425B483F680EF016F81EB916E043
:1095C000B6EB0A0613D0B6F5C04FB2463946554A37
:1095D00028BF4FF4C04A002053465744FEF75CFFB3
:1095E0000028EDD04FF0FF3009B0BDE8F08F029BAE
:1095F0002360002D78D000234B4E04930499002063
:109600004A4A6B1A09EB8101B3F5807F28BF4FF4FA
:109610008073039301339B00FEF7ACFE0028E1D179
:10962000DFF808A100900595DAE90014641AB4F592
:10963000806F5BD23CB14144234632460020FEF7A6
:1096400099FE0028CED1009B019A0133009300239C
:10965000335533781768364C4BB1334940F2B31267
:109660005C40A4FB024311F8013F002BF8D1029BA0
:1096700003F1FF3B11E0DDF81CC00CF1FF32BCF13F
:10968000000F19D04846FFF709FA0028314629484B
:10969000A8DB01340EF094FBC8B10BEA04040423E8
:1096A00007AA002007EB84052946FEF763FE214B3D
:1096B00041460028DFD095E7009B07AA049C294675
:1096C000234407930423FEF7E7FE00288AD1009B7A
:1096D0000AF1040A039A9342A6D1DDE9043503F5A1
:1096E00080739D42049389D800207DE7009AA021D1
:1096F000049B11481344114A0DF094FD72E701993F
:109700004020FEF743F9014600287FF46BAF019B30
:109710004FF4C042034840261F680DF065FF102338
:10972000029350E7C05200204CDB0420F8CE042006
:1097300083039D73A0BF042034CC0420C0340020D8
:109740002DE9F04F0F1E2DED108B8DB040F31E82D2
:10975000012A904640F31A8207EE903A07EE102A4B
:10976000002A9446F8EEE77A8646B8EEC76BB8BF93
:1097700002F1010C0022CDED077AB7EEC07A4FEA74
:109780006C0C8DED087BDDF82490C9F30A5AAAF21F
:10979000FF3BCDF82CA08DED046BC9F31303EA4D0C
:1097A000089C0EEB8C001D430B9B7146BA46A3F23E
:1097B000FE330A929FEDAE7B45EC1F4B9FEDAE6BE7
:1097C000B4EEC7FB9FEDAE9BF1EE10FA9FEDAE8BB2
:1097D000D8BF5B4607EE103A0023B8EEC77B9FED7B
:1097E000ACEB27EE066B9FEDACAB9FEDADCB8DEDFB
:1097F000026B9FEDAD6B9FEDAEBB9FEDAFDB27EE38
:10980000067B8DED007B07EE903AB8EEE77B9DED91
:10981000046B37EE077B87EE061B9FED957BB4EE5E
:10982000C7FBF1EE10FA00F3C58145EC164BB7EE1D
:10983000002B17269FEDA27B36EE425B36EE026BC5
:1098400085EE063B23EE034B06EE906A023EB8EE31
:10985000E65B721C82EE056B07EE046BB0EE467B96
:10986000F2D133EE033B9DED026B03EE076B9DEDF2
:10987000007B36EE077B9FED946B21EE477BB4EEC9
:10988000C67BF1EE10FA00F386819FED916BB4EE8A
:10989000C67BF1EE10FA00F1A1819FED8F5B27EE00
:1098A000055BB5EEC05BF1EE10FA40F19A81B6EEC1
:1098B000006B9FED7D3B35EE465B9FED6F4BFDEE04
:1098C000C55B15EE902AB8EEE55B05EE437B05EE31
:1098D000447B9FED834B9FED845B07EE045B9FED24
:1098E000844B05EE074B9FED845B04EE075B9FED19
:1098F000844B05EE074BB0EE495B04EE075BB0EE20
:10990000484B05EE074BB0EE4E5B04EE075BB0EE46
:109910004A4B05EE074BB0EE4C5B04EE075BB0EE36
:109920004B4B05EE074BB0EE4D5B04EE075B05EECF
:10993000076BB0EE425B06EE075B05EE072B6FF49C
:109940007F77BA4280F22B8102F257620026170518
:1099500047EC176B22EE077B9FED6B6B27EE067BC8
:10996000B7EEC75BDDED077AB6EE006B27EE855AE2
:109970009FED677BB7EEC55A25EE077BB5EEC07B42
:10998000F1EE10FA00F11B8137EE067BBDEEC77BCE
:10999000B6EE002B9FED606B17EE102AB8EEC77B7A
:1099A0009FED5F3B07EE465B02F00306012E9FED45
:1099B0005E6B9FED5F4B07EE465BB7EE007B9FED66
:1099C0005E6BB0EE450B9FED5E5B20EE001B01EE83
:1099D000035B11EE046B9FED424B15EE014B9FEDC7
:1099E000425B06EE015B9FED426B04EE016B9FED67
:1099F000424B15EE014B9FED425B16EE015BB0EE64
:109A0000496B04EE016BB0EE484B05EE014BB0EE36
:109A10004E5B16EE015BB0EE4A6B14EE016BB0EEDE
:109A20004C4B05EE014BB0EE4B5B06EE015B15EEC9
:109A3000012BB0EE4D5B14EE015BB0EE474B02EE36
:109A4000017B05EE014BB7EEC77B20EE044BB7EE72
:109A5000C44B00F0B780022E00F0BB80F1EE477AD5
:109A6000002E07FE047A04FE274A6FE0AFF3008061
:109A7000CD3B7F669EA0F63F763C7935EF39EA3DD7
:109A800034C756A5E31DC73E1AA0011AA001FA3E2D
:109A90001AA0011AA0012A3F176CC1166CC1563FCB
:109AA000111111111111813F0000E0FE422EE63F1D
:109AB000555555555555A53F555555555555C53FC2
:109AC0007B14AE47E17AA43F0000000000E085402F
:109AD00000000000002087C0FE822B654715F73F7D
:109AE0009D7CC0A87439A93D096DA8134612E63DB6
:109AF00098D8F8EFD8EE213EE444F56745E65A3EA3
:109B00005C9F78B74F7E923E000000000000701A04
:109B100083C8C96D305FE43F00004054FB21F93F2A
:109B2000977DB9637882A6BC3163621A61B4D03D77
:109B30004AAD3070C752E93C1FB833E7F3E76A3DDE
:109B40001FB833E7F3E72A3D0000F03FD1ED007A7C
:109B50000133D0ED006A27EE876A9C4567EE847A70
:109B600026EE844A66EE876A36EE447A77EEA67A67
:109B7000A1EC017AE0EC017A3FF745AE0A9A57462C
:109B80000EEB880E013292457FF407AE0DB0BDECAE
:109B9000108BBDE8F08F9FED382B40F2F23202F2CD
:109BA000FF320026170547EC176B22EE072BB7EEA6
:109BB000C25BD7E6B6EE006B2FEE066B37E637EEEC
:109BC000467BE3E6F1EE447AB0EE474AB0EE677AC0
:109BD000BCE7B1EE444AB1EE477AB7E79FED445A8D
:109BE000C0E6B6EE000B9FED263B35EE005B9FED29
:109BF000264BFDEEC56B9FED265B16EE902AB8EE68
:109C0000E66B06EE437B9FED243B06EE457B9FED26
:109C1000245B9FED256BB0EE471B9FED257B01EE8E
:109C2000075B9FED257B05EE014B9FED255B04EE69
:109C3000015B9FED254B05EE014B9FED255B04EE8F
:109C4000015B05EE016B06EE017B9FED236B07EEDA
:109C5000013B9FED237B03EE016B06EE017B9FED45
:109C6000226B07EE016B06EE010BB0EE426B00EECD
:109C7000016B06EE012B62E68EECF8F45D94ED3F8D
:109C80000000E0FE422EE63F98D8F8EFD8EE213EE5
:109C9000763C7935EF39EA3D176CC1166CC1563FF9
:109CA000096DA8134612E63D1AA0011AA001FA3E5A
:109CB0009D7CC0A87439A93D1AA0011AA0012A3FB1
:109CC000E444F56745E65A3E5C9F78B74F7E923E86
:109CD00034C756A5E31DC73E111111111111813F63
:109CE000555555555555A53F555555555555C53F90
:109CF00000000000000000002DE9F04F2DED108B5A
:109D000093B015460593784BD3F81490D3F81CB054
:109D100007EE909AB8EEE70ACDE90A01B5EE400ADF
:109D2000D3E90312F1EE10FA019191FBF2F30393E0
:109D300000F17F82F1EEC07A6B1C002B099340F397
:109D40007382B7EE007A4FEA890325F03F074FEAA6
:109D500082080493002487EE278A059B03EB89037E
:109D60000D9307F14003CDE90E250C93099B0021CB
:109D70000A981D1B0B9B402D03EB0402A8BF402536
:109D80002B46FEF7F7FF0246002840F0E981019BD1
:109D900083424FDD2B190D99844610940893524B42
:109DA00011975B6A0693514B03EB84030793039B64
:109DB000029292FBF3F4089B09FB04F603EB0C07F9
:109DC0004A4B03EB8707079B03EB8C05059B03EBD3
:109DD000800E474B03EB8404B9F1000F9FED457AE9
:109DE00010DD454B9A19734612F901AFF3EC016A85
:109DF00007EE90AA9942F8EEE77A67EEA67A37EE78
:109E0000277AF1D1D4ED007A5E44444427EE277AD4
:109E100027EE087AA5EC017AAF42DDD1069B4844D3
:109E2000029A9C44049B01321944019B9342BED187
:109E3000DDE9104740340C9B9C4297D1019B002BDD
:109E4000DDE90E2540F30F81284C0026264BCE4637
:109E5000201D5F6A00EB8500BC469FED13CB9FED94
:109E600014FB9FED15DB9FED16EB099B94ED00BAFB
:109E7000012B40F3CD81231DF3EC017AF4EECB7A74
:109E8000F1EE10FA37FE8BBA9842F5D1DFED19BA30
:109E900021469FED0D0B9FED0E8B9FED0F9B9FEDD0
:109EA00010ABA1E0AFF300808EECF8F45D94ED3FD1
:109EB000FE822B654715F73F0000E0FE422EE63F8D
:109EC000763C7935EF39EA3D9D7CC0A87439A93DCF
:109ED000096DA8134612E63D98D8F8EFD8EE213E5A
:109EE000E444F56745E65A3E1859012000E0202079
:109EF000042B03200000000003AB0220000039C443
:109F00005FED027AB4EEE77AF1EE10FA00F12F81FC
:109F1000B7EEC77AB6EE006B27EE0F4BB5EEC04B2F
:109F2000F1EE10FA40F12D8134EE464BB0EE493B94
:109F3000FDEEC44B9FEDC25B14EE903AB8EEE44BDD
:109F40009FEDC12B04EE4D7B9FEDC11B04EE4E7BBC
:109F5000B0EE484B07EE004B04EE073BB0EE4A4B29
:109F600003EE074B9FEDBC3B04EE075B05EE072BB2
:109F70009FEDBB5B02EE071B01EE075BB0EE454BAE
:109F80009FEDB95B04EE075B9FEDB94B05EE073B18
:109F90009FEDB95B03EE075B05EE074BB7EE005B89
:109FA00004EE076BB0EE454B06EE074BB0EE456B8B
:109FB00004EE076B6FF47F77BB4224DA03F257633A
:109FC0004FF000084FEA035949EC178B26EE077B48
:109FD0009FEDAB6B27EE067BB7EEC76B88427BEE3F
:109FE00086BA01ED016A20D0B1EC017ADFEDAE7ADC
:109FF00037EE4B7AB4EEE77AF1EE10FA80DDB0EE90
:10A000004C6B40F2F23303F2FF334FF0000888420A
:10A010004FEA035949EC178B26EE076BB7EEC66B78
:10A020007BEE86BA01ED016ADED1F7EE007A2346B7
:10A0300087EEAB7AD3ED007A67EE277AE3EC017A0C
:10A040009842F7D10136019B04EB8C04B34200EB3C
:10A050008C003FF70AAF4FEA8E03F14625F03F0729
:10A060004FEA82080493914B9A69002A04DD92001A
:10A0700000218F480DF0B8FA8D4B07F14006049A85
:10A08000002513440893099B01210A985C1B0B9B34
:10A09000402C03EB0502A8BF40242346FEF76AFECE
:10A0A000024600285CD1019B834250DD7F4B8446F1
:10A0B000089960195B6A7E4F06937E4B03EB85031C
:10A0C0000793049BCDE90C567A4C00EB0C0EB9F1CA
:10A0D000000F04EB8E0E079C04EB8C044ADD039DFD
:10A0E000754ECDF80890059292FBF5F509FB05FA3F
:10A0F00006EB85055646D4ED006AD5ED007A6F4A29
:10A1000066EEA76A02EB06093A4619F901AF92ED2D
:10A11000007A07EE90AAF8EEE77A67EEA67A77EE75
:10A12000877AE2EC017A9142EFD104345E444544EF
:10A13000A645E0D1DDF80890059A069C01321F443F
:10A140001944A444019C9442BED1DDE90C5640352B
:10A15000B54298D1002013B0BDEC108BBDE8F08F54
:10A160004FF0FF3013B0BDEC108BBDE8F08F9FEDCA
:10A17000546A33E7251D08347545DED07445F9D19E
:10A18000DBE734EE064B9FED405BFDEEC44B14EE77
:10A19000903AB8EEE44B04EE4D7B04EE4E7B9FED1F
:10A1A0003C4B07EE054B9FED3C5B04EE075B9FEDE0
:10A1B0003C4B05EE074B9FED225B04EE075B9FEDEA
:10A1C000224B05EE074B9FED225B04EE075B9FEDF4
:10A1D000244B05EE074B9FED245B04EE075B9FEDE0
:10A1E0001E4B05EE074B9FED245B04EE075B9FEDD6
:10A1F000204B05EE074B04EE076BB7EE004BB0EEBD
:10A20000445B06EE075BB0EE446B05EE076BD1E6F0
:10A210003FF43CAE254B9A69002A9BDD9200002159
:10A2200023480DF0E1F995E7019B002B3FF70CAEB9
:10A23000F0E702920BF01EFD029AF0EE407A7BE509
:10A240005C9F78B74F7E923E34C756A5E31DC73E4C
:10A250001AA0011AA001FA3E111111111111813F2A
:10A260001AA0011AA0012A3F176CC1166CC1563FF3
:10A27000555555555555C53F555555555555A53FFA
:10A28000000000000000701A9D7CC0A87439A93D30
:10A29000096DA8134612E63D98D8F8EFD8EE213E96
:10A2A000E444F56745E65A3E00002F441859012062
:10A2B0008481032000E02020042B032003AB022034
:10A2C00000000000000000002DE9F04F2DED028B92
:10A2D000ADF2EC4D1F46002416903AADA848CDE9EA
:10A2E000051243F6086200210DF07EF941F21002DA
:10A2F0000021A4480DF078F9A34B782221461C6078
:10A30000A24BA3481C70A34B1C700DF06DF9F7F71E
:10A3100047F9A14B4FF48062C3E900019F4B2146EE
:10A3200028461C600DF060F94FF48062FF219C48C4
:10A330000DF05AF901215AABB8AA43F8041F9A420A
:10A34000FBD105F5207305F52C71012243F8042F8C
:10A350009942FBD105F52D7305F57F70012243F875
:10A36000042F8342FBD12A1F0023DFF860E2DFF8CD
:10A3700030C2114651F8044F1CB12EF813302CF89E
:10A380001330814203F10103F4D10024DFF83CE2F1
:10A39000DFF80CC2214604F5807352F8046F9BB2BB
:10A3A00026B901342EF811302CF81310824201F135
:10A3B0000101F0D1F7F7FAF87A4C1028206040F349
:10A3C000CD8010232360784B4FF0000BDFF800A204
:10A3D0001E469946D8460C9358460BF1010BF7F7E9
:10A3E000EBF8236849F8040B5B454AF8048BF3DC6F
:10A3F000326800216D4B6E481A604FF0FF326D4B92
:10A40000C3F800806C4B1A6058220DF0EDF8002F55
:10A4100000F02F8100230B9300235E4A042123A820
:10A420001370FDF705FC002840F08484239A634BE9
:10A430009A4240F07F84042124A8FDF7F9FB00280C
:10A4400040F06A83082128A8FDF7F2FB002840F0BD
:10A45000638308212AA8FDF7EBFB002840F05C830A
:10A46000289A574B299993420E920F9170EB010253
:10A47000C0F0CE84DDE92ACE634570EB0E03C0F058
:10A48000C7845CEA0E03259001F02C8281460DF111
:10A49000B80B0790CDE91200CDE91000CDE909CE47
:10A4A00008212CA8FDF7C4FB002840F0BD825BE921
:10A4B0000267802E77F1000380F0B682314628468D
:10A4C000FDF7B6FB002840F0A380A855042126A87C
:10A4D000FDF7AEFB8246002840F09A80DDF89880B8
:10A4E000B8F1090F19D030AB01462822184608935D
:10A4F0000DF07AF8B8F10C0F00F29C80DFE818F04C
:10A50000A401B101E601F30102020F021E023402AE
:10A510008B009A00F800F8004602042127A8FDF7F6
:10A5200087FB002840F0038408215846FDF780FB94
:10A53000002840F0FC83279B082B4BD0052B00F014
:10A540006A820C2B40F236821E4AA02111480095E7
:10A550000CF068FE059B002B74D180E000283FF7CB
:10A5600032AFDFF830C0184D64460FCD0FC495E808
:10A57000030084E803000598002840F058846EE04A
:10A580001859012020970120F4CE0420C4CB0420C8
:10A5900030A7012034CC0420F0EE0120F0CC0420C0
:10A5A000A0C70420E4CC042030EE0120ECCC042031
:10A5B000C0580120E8CC0420684F0020474755468A
:10A5C000A0860100BC350020D4340020A0BD0420AA
:10A5D000F4CB0420AC4928460DF0F2FB804600285D
:10A5E00040F01181A94BDA6819685E6857180B9B17
:10A5F00046F10006002B40F0F18325AB0093A44BFD
:10A60000DBE900011A1FFDF7A9FF002800F06782AF
:10A61000059BBBB923E008215846FDF709FB48B963
:10A620009C4BDBF80080DBF80420984572F10003B6
:10A63000C0F02E822B46984AA02198480CF0F2FDDB
:10A64000059B63B1069B002B09DD944B1B78002B07
:10A650004CD0924B924ADDE905010CF0E3FD4FF03E
:10A66000FF33079307980DF2EC4DBDEC028BBDE86C
:10A67000F08F384613F0C4FA00287FF4CBAE58228E
:10A680008849F6F703FF00287FF4C4AE854A864B5D
:10A6900012689A427FF4BEAE824A844B52689A4254
:10A6A0007FF4B8AE7F4B0B97D3E90202804BD3E91E
:10A6B00000139A4208BF88427FF4ACAE794B986C85
:10A6C00000283FF4A7AE2946FDF728FA00287FF4BA
:10A6D000A3AE744BD3E91402D5E900139A4208BF24
:10A6E00088420CBF01233B460B9395E6714BB1E7C3
:10A6F00008215846FDF79CFA00289BD19FED607B0E
:10A70000DBE900830D93482E77F1000704D26A4BF2
:10A710001B687F2B40F3608119F10109079BDDE97C
:10A72000092143F10003994208BF4A4507937FF48A
:10A73000B7AE259B614ACDF834A01B930892C2F8AE
:10A74000A03C002B01F0D180DDE90E32134301F073
:10A75000C480002330AF0793099314931793DFF855
:10A7600068C13E46BCE80F000FC69CE80F0086E8B3
:10A770000F0008212CA8FDF75BFA002841F0E680C5
:10A780005BE90263802E73F1000381F0DF803146C4
:10A790002846FDF74DFA002841F0C580A855042150
:10A7A00026A8FDF745FA002841F07780DDF898905B
:10A7B000B9F1040F01F27180B9F1000F00F01082BD
:10A7C000B84607EBC90602E0464500F0098240465C
:10A7D000082108F10808FDF72BFA0028F4D0059BA2
:10A7E000002B3FF43CAF069B002B7FF738AF2B4B81
:10A7F0001B78002B00F00883284B294ADDE905016E
:10A800000CF010FD2BE72E4928460DF0D9FA002850
:10A8100040F018811D4BDA6819685F6856180B9B69
:10A8200047F10007002B40F05D81264A009202F1BB
:10A8300010030C32DBE90001FDF790FE00287FF4E5
:10A84000E7AECDE9126767E701215846FDF7F0F959
:10A8500000287FF4EFAE9BF800800D909FED087B01
:10A8600051E701215846FDF7E3F900287FF4E2AEF5
:10A870009BF900804FEAE8739FED017B0D9342E75F
:10A88000000000000000000070350020209701202B
:10A89000C4950120010000104435002034CC042070
:10A8A00014290020C0580120544C544F4B30310023
:10A8B000F0EE012098170020F4CE04201889012022
:10A8C00088350020BC9501208002002002215846D6
:10A8D000FDF7AEF900287FF4ADAEBBF800800D9017
:10A8E0009FEDB17B0FE702215846FDF7A1F9002843
:10A8F0007FF4A0AEBBF900804FEAE8739FEDAA7B1E
:10A900000D9300E704215846FDF792F900287FF4E3
:10A9100091AEDBF800800D909FEDA37BF3E6042160
:10A920005846FDF785F900287FF484AEDBF80080F7
:10A930004FEAE8739FED9C7B0D93E4E604215846B3
:10A94000FDF776F900287FF475AEDBED007ADBF8D1
:10A950000000B7EEE77A8DED147B0BF091FB80469B
:10A960000D919DED147BCEE601215846FDF760F96F
:10A9700000287FF45FAE9BF800800D90B8EB0008D4
:10A980009FED897B18BF4FF00108BCE608215846AF
:10A99000FDF74EF900287FF44DAE9BED007B51ECA6
:10A9A000170B8DED147B0BF07DFB80460D919DED1B
:10A9B000147BA8E67E4A52F82320002A3FF4C4AD57
:10A9C000DBE90031A3FB020302FB0131FDF78CFA46
:10A9D00000283FF4A1AE1BE6764F721C2946DE012B
:10A9E00007EBC3108DED147B09F0AAFD0D9AC0F89A
:10A9F00048802821C264089B6F4A9DED147B80ED3E
:10AA0000147B06F1580038440CF00CFC6B4A1368B8
:10AA10000133136080E66A4928460DF0D1F9002819
:10AA200000F096800422CBE7079BA021654A0193A2
:10AA30006548CDF800900CF0F5FB059B002B7FF4EA
:10AA400001AE0CE6DBE9003653EA06023FF464AEE1
:10AA5000002730AAB046CDF834901E46B946089279
:10AA600008210898FDF7E4F800287FF4D1ADDDE96E
:10AA70003001FDF739FA00287FF4CAAD013749F1FA
:10AA80000009C14508BFB742EAD1DDF8349043E67A
:10AA9000B8F1280F4146964672F1000C01D3864664
:10AAA00027210898CDF85CE014920D91FDF7C0F8CD
:10AAB0000D99149ADDF85CE000287FF4BBAD089B8B
:10AAC0005854B8EB010062EB0E01FDF70DFA0028B7
:10AAD0007FF4B0AD80460D909FED337B13E6CDE95A
:10AAE000107619E6394BD3E906239F4208BF9642F8
:10AAF00040F0EC863549DBE90032496A002A08BF9C
:10AB00008B4240F0E38653EA020140F03981002392
:10AB10002F4AC2F8A43CFFE52E4DDFF8ACC00FCDA4
:10AB200064460FC42B682370059B002B3FF497AD40
:10AB3000069B002B7FF793AD9CF80020264BDDE9A8
:10AB40000501002A18BF63461B4A0CF06BFB86E523
:10AB5000DBE900321E4F06460D921A43C7F8D40DAA
:10AB60003FF4DAAD30AACDF850908046B94657464A
:10AB70009A46089204210898FDF75AF800287FF4B5
:10AB800047AD089B1968154B0339012940F2E9804C
:10AB900001360D9B48F10008984508BF5645E9D19C
:10ABA000BA46DDF85090B7E5000000000000000054
:10ABB000B0030020A8A7012014290020F4CE04200F
:10ABC000A03500202C35002034CC0420C0580120B2
:10ABD00018890120043500209817002018590120F9
:10ABE000042127A8FDF724F8002840F04882082116
:10ABF0005846FDF71DF8002840F04182B14928462B
:10AC0000DDF89C80D7E900631893BB681993FB6853
:10AC10001A933B691C937B691D93BB691E93FB6967
:10AC20001F93DBE9002343EC182B0DF0C9F8002833
:10AC300000F09981A44928460DF0C2F8002800F0E0
:10AC40009B81A24B2A689A4200F06081A04B2A683F
:10AC50009A4200F0FA801A9A1C9806FB02F2DDE98B
:10AC6000181303FB0122A6FB03310A441D9903FBC1
:10AC700001F100FB0211A3FB00321E9811441F9A40
:10AC800003FB02F200FB0122A3FB003114980A44EB
:10AC90001B181799149342EB0102099B1792079A0C
:10ACA0000132DDE90E1043F100030792984208BF1C
:10ACB000914209937FF453AD864B874A1968106817
:10ACC000DA685B68074612EB010B43F100060028C7
:10ACD00040F377814FF00008DFF8049204E008F1B8
:10ACE0000108474500F00A8448467C4909F180097B
:10ACF0000DF066F80028F2D1794B7A4A03EBC813BD
:10AD0000099242E902B6D3E91223012A73F1000144
:10AD1000C0F2708158463146904699460BF098F93A
:10AD200011461A4652EA010300F0648155E12B46B0
:10AD30006D4A81E46D4B6E4C0FCB84E80F00059B90
:10AD4000002B3FF48CAC069B002B7FF788AC23785C
:10AD5000002B5BD02346674ADDE905010CF062FA5F
:10AD60007DE4D9F8D41D3F2901F1010001F63471C9
:10AD700003EB81013FF70CAFC9F8D40D4E6007E734
:10AD8000002730A9CDF834901E46B946CDF8508042
:10AD900017464FF00008089108210898FCF748FF73
:10ADA00000287FF435ACDDE93001FDF79DF800287F
:10ADB0007FF42EAC18F1010349F1000998464F4584
:10ADC00008BF9E42E8D1DDF850803346DDF834906C
:10ADD000B8F1000F7FF49CAE25939DE4464BD3E978
:10ADE0000423B34208BFBA4240F070854249DBE910
:10ADF0000032096A002A08BF8B4240F0678553EA97
:10AE00000201BDD10023E7E73C4BF6E43B4BA2E750
:10AE10003B4DDFF8DCC00FCD64460FC42B680598AE
:10AE200024F8023B1B0C237000283FF418AC069951
:10AE300000297FF714AC9CF80020304B002A18BF83
:10AE400063462C4A0CF0EEF909E42B790021A3F1BA
:10AE50003002D3B2092B3FF6FEAE3BA801EB8101D5
:10AE6000844610F8013F02EB4101A3F130025FFA82
:10AE700082FEBEF1090FF1D92E2B7FF4ECAE27290B
:10AE800000F398800CF102034FF0000A0A931D4B67
:10AE9000CDE9209737460E4653F83A1003EBCA091E
:10AEA0000A980AF1010A0CF08BFF164B00286CD0AF
:10AEB000BAF10C0FF0D12B46134AA0210C480CF02C
:10AEC000B1F93DE0283600203C3600206F757470E3
:10AED000626C6B2E20970120F4CE04209C3600205B
:10AEE000A8A70120B895012058350020F43400208F
:10AEF00034CC042014290020C058012098170020C9
:10AF000018350020E8030020843600203B9AAB4B24
:10AF10009A427FF49BAE3C9AA94B9A427FF496AE3C
:10AF2000BDF8F430742B7FF491AE4B4641463A465F
:10AF3000A4488DED008BFCF75BFD00283FF48BAE41
:10AF4000059800283FF48BAB069900297FF787AB63
:10AF50009D4B9E4C1A78002A08BF23469C4A0CF051
:10AF600061F9FFF77CBB4B4641463A4699488DED67
:10AF7000008BFCF73DFDE0E74B4641463A469648DC
:10AF80008DED008BFCF734FDD7E706EB4601484614
:10AF90003E46DDF88090CA014068219F4B46303222
:10AFA000414602448D488DED008B10443A46FCF733
:10AFB0001FFDC2E70B468A4AA02183480CF032F9F4
:10AFC000BEE7884B1BF01F014FF00002099343E9D5
:10AFD00002B66FD04FF02008914618EB0B0846EBF5
:10AFE0000903B8EB010163EB0203099A002F42E960
:10AFF00002135FDD7C4B0D9E9A469846189302E043
:10B000000136B74256D04046784908F180080CF026
:10B01000D7FE0028F4D10AEBC6136D4A28217448E4
:10B0200058330CF0FFF8734971480CF0C9FE07461D
:10B03000002840F04A82704B6021704A28460093F5
:10B040006B4B0CF0EFF86E4BD3F800B0BBF1000F78
:10B0500040F33982DFF89091B84603E008F1010827
:10B06000D84547D04846294609F180090CF0A8FE8A
:10B070000028F3D10AEBC818D8F848303BE02B463B
:10B08000604AA02150480CF0CDF8059B002B3FF4FE
:10B09000E6AA069B002B7FF7E2AA4B4B4B4C1A7893
:10B0A000DDE90501002A08BF2346494A0CF0BAF839
:10B0B000FFF7D5BADFF810C1534D64460FCD0FC46A
:10B0C00095E80300059B84E80300002B3FF4C7AA22
:10B0D000069B002B7FF7C3AA9CF800303B4ADDE9B2
:10B0E0000501002B0CBF13466346394A0CF09AF851
:10B0F000FFF7B5BA0023454A6021DFF8E080284613
:10B100000092C8F800303D4A394B0CF08BF83C4BAC
:10B110001B68002B40F3D181DFF8CCB04FF0000961
:10B120001E4604E009F10109B14500F0C681584608
:10B1300029460BF1800B0CF043FE0028F2D10AEBFC
:10B14000C919D9F84830C8F804306021304B284676
:10B150002A4A0093264B0CF065F8294B1B68002BFC
:10B1600040F3AD81DFF880B04FF000091E4604E0E7
:10B1700009F10109B14500F0A281584629460BF1B9
:10B18000800B0CF01DFE0028F2D10AEBC919D9F88A
:10B190004830C8F8083060211E4B2846174A0093F3
:10B1A000134B0CF03FF8164B1B68002B40F38981C2
:10B1B000DFF834B04FF000091E4632E075742E7788
:10B1C000656967688895012034CC042098170020B1
:10B1D0001429002048950120689501201859012064
:10B1E00068360020B8950120A8A70120C8360020A5
:10B1F000C4CB0420E0360020203700201837002080
:10B20000F4CE042010360020B03600202C37002069
:10B21000403700205437002009F10109B14500F002
:10B220005081584629460BF1800B0CF0C9FD0028CF
:10B23000F2D10AEBC919D9F84830C8F80C306021AE
:10B2400007932846BA4BBB4A0093BB4B0BF0EAFF6F
:10B25000BA4B1B68002B16DDDFF8F4B24FF0000983
:10B260001E4603E009F10109B1450CD058462946B4
:10B270000BF1800B0CF0A4FD0028F3D10AEBC919E7
:10B28000D9F848300793079B6021AA4A2846C8F896
:10B290001030AB4B0093A84B0BF0C4FFA74B1B68BF
:10B2A000002B40F33681DFF8A8B24FF000091E46AC
:10B2B00004E009F10109B14500F02B815846294607
:10B2C0000BF1800B0CF07CFD0028F2D10AEBC919C0
:10B2D00099ED147BB7EEC77B9A4B964A60212846BE
:10B2E00088ED0A7A0093944B0BF09CFF934B1B68FC
:10B2F000002B40F31181DFF858B24FF000091E46D1
:10B3000004E009F101094E4500F00681584629463E
:10B310000BF1800B0CF054FD0028F2D10AEBC91997
:10B3200099ED147BB7EEC77BD8F8003088ED0B7A27
:10B33000002B00F02281D8F80430002B00F01D8192
:10B34000D8F80C30002B00F01881D8F81030002B02
:10B3500000F013817C4B6021764A28460093764B9F
:10B360000BF060FF754B1B68002B40F3FF80DFF88C
:10B37000E0B14FF000091E4604E009F101094E4515
:10B3800000F0F480584629460BF1800B0CF018FDB4
:10B390000028F2D10AEBC919D9F84830002B00F087
:10B3A000E580D8F80C206021C8F81430284603FB4B
:10B3B00002F2C8F81820D8F8102003FB02F2634B01
:10B3C000C8F81C2000935B4A5B4B0BF02BFF5B4BD8
:10B3D000D3F80090B9F1000F17DDDFF874B13E46E5
:10B3E00002E00136B14510D0584629460BF1800BDA
:10B3F0000CF0E6FC0028F4D10AEBC613D3E91223C3
:10B40000012A73F1000380F2D680D8F80810D8E939
:10B4100000B0D8E90332BBF1280F0E9000F3CA87C1
:10B42000B0F5006F00F3C687D8F81800B0F5006FCC
:10B430000F9000F3BF87B1F52C5F00F3BB87D8F8FE
:10B440001C00B0F5007F00F3B587082A00F3B2872F
:10B45000102B00F3AF8793FBF2F002FB1030079044
:10B46000002840F0A787089BD3F8483C002B00F049
:10B470008B82089AB9F1000FD2F8881CD2F8343CBC
:10B480000A91C8F82030B1FA81F34FEA5313C2F899
:10B49000903C40F3CB8000262D4F03E00136B145B0
:10B4A00000F0AC8038462B4980370CF089FC00282E
:10B4B000F4D10AEBC6139B6CA2E0002343E6002301
:10B4C00067E60023B9E63B4615E61B4BA021224A5E
:10B4D00022480BF0A7FE059800283FF4C0A8069963
:10B4E00000297FF7BCA81D4B1D4C1A78002A08BF05
:10B4F00023461C4A0BF096FEFFF7B1B81A4B1BF01F
:10B500001F014FF00002099343E902B67FF462ADD8
:10B5100070E59FED037BDDE69FED037B02E700BF57
:10B520008DEDB5A0F7C6B03E000000000088C34016
:10B530006C37002018370020C4CB0420F4CE042040
:10B5400084370020A8370020DC370020F4370020A3
:10B55000A8A701209C380020E836002034CC042025
:10B560009817002014290020B8950120D8F804303D
:10B57000D8F80C2093FBF2F313E7DFF8E8C2A94DEB
:10B5800064460FCD0FC40FCD0FC42B6805982370F0
:10B5900000283FF464A8069900297FF760A89CF86A
:10B5A0000030A14A002B0CBF134663469F4A0BF0A4
:10B5B00039FEFFF754B8DFF8ACC29D4D64460FCD9D
:10B5C0000FC40FCD0FC495E8070003C4059824F8F5
:10B5D000022B120C227000283FF441A80699002982
:10B5E0007FF73DA89CF800308F4A002B0CBF134614
:10B5F00063468E4A0BF016FEFFF731B84FF0FF336B
:10B60000089A00268B4FC2F8C83C03E00136B145CA
:10B6100000F0B2863846884980370CF0D1FB00280C
:10B62000F4D10AEBC6139B6C00F0A8BE4FF0FF33B9
:10B63000089AC2F8C83CC2F8CC3C0020089B099A82
:10B64000C3F8D00C7D4B52E902C01A6812EB0C0211
:10B650001A605A6840EB02025A600A9A42B153F8E3
:10B66000402F12EB0C021A605A6840EB02025A603B
:10B67000089BD3F8683C002B00F0D28643F660416B
:10B680006F4A58F8013013EB0C0348F80130536847
:10B6900040EB0303BBF1000F536040F3A3814FF075
:10B6A000000B684E5F46CDF828B0CDF834B006F1F7
:10B6B000800306F1200A06F1400906F1600B189399
:10B6C00029462B6106F1A0032E6019936B6106F1E8
:10B6D000C003C5F804A01A93AB6106F1E003C5F8F6
:10B6E0000890EB6106F58073C5F80CB02B6206F587
:10B6F00090736B6206F5A073AB6206F5B073EB62F4
:10B7000051F8043B9A693AB11A6912EB0C021A61BA
:10B710005A6940EB02025A6146AB8B42F0D1DDE937
:10B720000E21494B30460097FCF7AEF9002840F057
:10B73000628600975046454BD8F80420D8F81C1074
:10B74000FCF7A2F9002840F0568600974846404B87
:10B75000D8F80420D8F81C10FCF796F9002840F01F
:10B760004A86009758463B4BD8F81820D8F8041062
:10B77000FCF78AF9002840F03E860097364B18986F
:10B78000D8E90121FCF780F9002840F034860097C1
:10B79000324B1998D8E90121FCF776F9002840F0DE
:10B7A0002A8600972E4B1A98D8E90112FCF76CF9FB
:10B7B000002840F02086D6F8F830002B54D0D6F878
:10B7C0001831002B50D0189A2FAB36A8DDF828C0BE
:10B7D0003492199ADDF834E035921A9ACDF8CCB04B
:10B7E00036923096CDE931A953F8041F4A68984241
:10B7F000C968E2FB01CEF7D10137D8F80030CDF8A7
:10B8000028C0BB42CDF834E040F3EF80D8F80430D4
:10B8100006F5C0760E93099B53E902C0D8F818309C
:10B820000F9344E7B8370020981700201429002010
:10B8300004380020A8A70120B8380020589501201E
:10B84000789501204859012000390020083900204E
:10B850001039002018390020243900203039002008
:10B860003839002034CC04203B46554AA0215548A5
:10B870000BF0D8FC059800283EF4F1AE069900299B
:10B880007EF7EDAE4F4B504C1A78002A08BF234686
:10B890004E4A0BF0C7FCFEF7E2BE2B464C4AA021F5
:10B8A00048480BF0BFFC059B002B3EF4D8AE069B2E
:10B8B000002B7EF7D4AE434B1B7863B1414B434A18
:10B8C000DDE905010BF0AEFCFEF7C9BE6FF0010328
:10B8D0000793FEF7C7BE3C4BF1E70E9B17921493FC
:10B8E000FFF7EAB93B4BC3F8A00CDFF8D8C03A4DDC
:10B8F00064460FCD0FC495E8070003C40598227075
:10B9000000283EF4ACAE069900297EF7A8AE9CF85C
:10B9100000302D4A002B0CBF134663462B4A0BF018
:10B9200081FCFEF79CBE059800283EF498AE06996F
:10B9300000297EF794AE234B234C1A78002A08BFC7
:10B940002346224A0BF06EFCFEF789BE079BA0211E
:10B95000224A0093099B1B4801930BF063FC059B53
:10B96000002B3EF47CAE069B002B7EF778AE154B89
:10B970001B78002B00F03C85124B144ADDE90501D1
:10B980000BF050FCFEF76BBE154D0E4C0FCD0FC4E7
:10B9900095E8030044F8040B0598217000283EF454
:10B9A0005EAE069900297EF75AAE064B064C1A7811
:10B9B000002A08BF2346054A0BF034FCFEF74FBEB1
:10B9C0004439002034CC042098170020142900208A
:10B9D0000036002018890120D4350020F0350020E1
:10B9E0008438002000230A930D936048089BA0F13F
:10B9F0004002D8F80410D3F8903C002B08BF024650
:10BA000093688B4240F0A084136823F00401082956
:10BA100002D00E2B40F0238553680E93D368089A0A
:10BA20000F93D2F83C3C18930B9B002B00F05A81EB
:10BA30004F49CB6AC2F8AC3C0B6BC2F8B03C4B6BC5
:10BA4000C2F8B43C8B6BC2F8B83CCB6BC2F8BC3CC0
:10BA50000B6CC2F8C03C4B6CC2F8C43C8B6AC2F899
:10BA6000A83C8B6C09930A9A189B9B180D9ADDE9E8
:10BA70000E1042F10002E1FB00320D920A93012305
:10BA80003C4A1360D8F80030002B62DDDFF8ECB0E0
:10BA90004FF00009DBF818303BB1D8F804105846D5
:10BAA000FCF76AFA002840F0DE82DBF838300BF150
:10BAB000200A3BB1D8F804105046FCF75DFA002884
:10BAC00040F0D182DBF858300BF140073BB1D8F899
:10BAD00018103846FCF750FA002840F0C482DBF812
:10BAE00078300BF160063BB1D8F81C103046FCF7FB
:10BAF00043FA002840F0B782DBF898200BF180036E
:10BB00004AB11846D8F81C100E93FCF735FA0E9B74
:10BB1000002840F0A8820A99C5F800B0C5E903637F
:10BB20002B460D9EC5E901A753F8042B906918B167
:10BB3000D0685268E0FB02163FAA9A42F4D109F19C
:10BB40000109D8F800300BF5C07B0A914B450D96E2
:10BB5000A0DC089BD3F8683C93B1D8F804100648E1
:10BB6000FCF70AFA002840F0A68209E08895012037
:10BB7000C0580120F0CC042068950120285A0120EB
:10BB8000D4F800B00421D8F81C404FF44069D8F82C
:10BB9000100063184FEAE472D8F800A042F10002E6
:10BBA000129410241190C0FB013213EB030C514688
:10BBB00042EB0203E246DC460E930C9B03EB8B0345
:10BBC0000F93002309EB0402BCF1000F02EBD272C9
:10BBD0004FEA620040F382820E9DD217189383468B
:10BBE00000FB05F50C9F13910AFB025E0025A0FBEC
:10BBF0000A2606EB0E036646109257F8040B002146
:10BC0000109A19930AF024FA0F9B0544BB42199B22
:10BC1000F3D113995846189BB446A94200F3DB822E
:10BC2000441C0346A145CDDA0F2BE346129CD446B3
:10BC30008A4640F3B6820E9AD817A3FB0C7908996E
:10BC400003FB02F2DE463E46E3460CFB00220025E3
:10BC5000D1F8540CD446D1F85C1C914412971F467D
:10BC600006901091059440F2FF318F42D4BF00211D
:10BC70000121002D18BF0021002900F0318200258C
:10BC8000BEF1000FD8BF2C461EDD3246DDF830A0D5
:10BC90001E462C464B46F146CDF84CC05AF8040BD4
:10BCA0000021CDE918320AF0D3F90F9B85420444F4
:10BCB000B8BF05465345DDE91832EFD1CE46DDF871
:10BCC0004CC099463346164605EB0C02A242D4BF3F
:10BCD0003D460025B6EB0B060E9A07F1FF3769EBE0
:10BCE0000209C0E70898DFF81093CDF80090A9F199
:10BCF0000403D0F8AC2CD0F8A81CD0F8A00CFDF7A9
:10BD00003DFC00284CD10899D1F8A40C68B109F188
:10BD10000803009309F10403D1F8B42CD1F8B01C46
:10BD2000FDF72CFC002840F0B381A64B1B6803F5FF
:10BD300000790993484611F063FF002840F0EE8037
:10BD40008146A14EDFF8B4B2099FB94567D2A7EB8F
:10BD5000090A9E4A49460020BAF5C04F28BF4FF451
:10BD6000C04A5346FCF706FB68BB984B03EB0A003E
:10BD700013F8012B40F2B311564098424FEA0622C5
:10BD800001FB0B22A6FB016B9344F1D152468F4974
:10BD900009F50070F5F7B4FB40BB09F5C049D4E7DD
:10BDA000059800283EF45BAC069900297EF757AC55
:10BDB000874B884C1A78002A08BF2346864A0BF026
:10BDC00031FAFEF74CBC059800283EF448AC0699C1
:10BDD00000297EF744AC7E4B7E4C1A78002A08BFBF
:10BDE00023467D4A0BF01EFAFEF739BC4B467B4AD0
:10BDF000A02177480BF016FA059800283EF42FACE6
:10BE0000069900297EF72BAC714B724C1A78002AE8
:10BE100008BF2346704A0BF005FAFEF720BC704BB2
:10BE2000B246109A4FF00009089F1A61119A1E65D8
:10BE30001E465A61129A9A61139ADA611B9A1A6223
:10BE4000099A9A64674BD7F8A42C93E80300D7F8B3
:10BE5000A83C72624FF40072B362D7F8AC3CF36254
:10BE6000D7F8B03C3363D7F8B43C7363D7F8B83C29
:10BE7000B363D7F8BC3C86E80300F3634946D7F8C0
:10BE8000C03C59483364D7F8C43CC6F84C9073643E
:10BE9000564BC6F854B093ED007B86ED027B0BF059
:10BEA000A3FB31465822504808F04AFB48464FF45D
:10BEB00000724D49F5F724FB002840F0B480F5F7F7
:10BEC00057FB002840F0AF8029460998FBF726FE73
:10BED0008146002840F09480D5E900235B4508BFE7
:10BEE000524549D101464FF4C04238480BF07CFB23
:10BEF000099F06E033460020B144BF1BFCF7CCFA93
:10BF000028BBB7F5C04F3E46304A494628BF4FF4DC
:10BF1000C046002FEED12B4B1F60A4E54B46344AA0
:10BF2000A0212B480BF07EF9059800283EF497AB32
:10BF3000069900297EF793AB254B264C1A78002AE8
:10BF400008BF2346244A0BF06DF9FEF788BB059B1A
:10BF5000002B3EF484AB069B002B7EF780AB1C4B82
:10BF60001C4C1A78DDE90501002A08BF23461A4A4D
:10BF70000BF058F9FEF773BBDFF854C01D4D644653
:10BF80000FCD0FC40FCD0FC40FCD0FC495E80F0018
:10BF900007C424F8023B1B0C2370059800283EF4CC
:10BFA0005EAB069949457EF75AAB9CF80030094ACA
:10BFB0004B450CBF13466346074A0BF033F9FEF7B7
:10BFC0004EBB00BFE8CC042083039D73C052002009
:10BFD00034CC04209817002014290020C4390020F4
:10BFE000C0580120EC340020F4CC0420F0EE0120F5
:10BFF000843900200C3A0020D4950120B00F65143C
:10C00000059800283EF42BAB069900297EF727AB54
:10C010007D4B7E4C1A78002A08BF23467C4A0BF0E1
:10C0200001F9FEF71CBBDFF8E0C17A4D64460FCD85
:10C030000FC40FCD0FC42B682360059B002B3EF46B
:10C040000EAB069B002B7EF70AAB9CF800306F4AC4
:10C05000DDE90501002B0CBF134663466C4A0BF06B
:10C06000E1F8FEF7FCBA059B002B3EF4F8AA069B0C
:10C07000002B7EF7F4AA644B644C1A78DDE90501C5
:10C08000002A08BF2346624A0BF0CCF8FEF7E7BA55
:10C09000059800283EF4E3AA069900297EF7DFAA56
:10C0A000594B5A4C1A78002A08BF2346584A0BF0BD
:10C0B000B9F8FEF7D4BA059800283EF4D0AA06993C
:10C0C00000297EF7CCAA504B504C1A78002A08BFA2
:10C0D00023464F4A0BF0A6F8FEF7C1BA00259CE5AF
:10C0E000E246059CDC46129FF34615B12B4605FB44
:10C0F0000CF7119803FB04F2089D03FB00F0C5F850
:10C10000D82D02EB8004C8F82430C5F8EC7D224419
:10C11000C5F8DC4D404C02EB8000C5F8E02D3F4AED
:10C12000A64600EB8303C5F8E40D0592C5F8E83D8B
:10C1300000230E91C5F8F03D9946C5F8FC3D1A461E
:10C140001E469C461D46DC4548DA0022AA454EF8AC
:10C15000042B0C9A52F8041BB1FBF7F10C920E441D
:10C16000059A42F8041B059217DD00220F91104634
:10C170000CE02B49013241F83500043938444EF8BF
:10C18000042C41F835C00135AA4502D00F999142DF
:10C19000EFDC12B109F1010901230CF1010C0122BC
:10C1A000D1E700915B461F4AA02117480BF03AF8EF
:10C1B000059800283EF453AA069900297EF74FAA55
:10C1C000114B124C1A78002A08BF2346104A0BF074
:10C1D00029F8FEF744BA00F1FF3923E50E9913B1AF
:10C1E000089BC3F8FC9D002A00F05181089BC3F80E
:10C1F000F06D089AA6EB0A060123C2F8F46DC2F8A6
:10C20000F83D00221DE000BF34CC04209817002028
:10C2100014290020E8390020B0EE012070EE012042
:10C22000283503204C3A002054F8040B40B1994BB8
:10C2300053F822301B1AF31A9842C8BF41F001018B
:10C2400001325A45F0DB19B10023089AC2F8F83DD3
:10C2500007FB0AF10123089F169EC7F8001EC7F8C6
:10C26000043E002E69D0702200213046B1460BF00A
:10C27000BBF906990A9C0D9B109ED7F8C85CE1FBA0
:10C2800006431A46D7F8CC3C1498C9F82830D8F899
:10C2900020301799C9F81C30D8F82430C9E908357E
:10C2A000D7F8003EC9F84030D8F80030C9F800305F
:10C2B000D8F80430C9F80430D8F80830C9F8083084
:10C2C000D8F80C30C9F80C30D8F81030C9F8103054
:10C2D000D8F81430C9F81430D8F81830C9F8183024
:10C2E0006D4BC9E90E42D3E90023C9E90C23D7F805
:10C2F000A43CC9F8443009F075FE099B0B9A03F57C
:10C300000073C9F848B082F00102C9F86030D7F86C
:10C31000FC3DC9F84C30D7F8F03DC9F86420C9F8A5
:10C320005030D7F8F82DD7F8EC3DC9E91A01D7F805
:10C33000F41DC9F85C30C9E915127822002157486C
:10C340000BF052F9FEF78EB9554AA02155480AF074
:10C3500069FF059800283EF482A9069900297EF716
:10C360007EA9504B504C1A78002A08BF23464F4AEA
:10C370000AF058FFFEF773B94FF0FF33089A002612
:10C38000189FC2F8CC3C03E00136B1453FF455A9F3
:10C390003846474980370BF013FD0028F4D10AEBEB
:10C3A000C610444958300BF00BFDB0FA80F040093C
:10C3B000FFF744B9CDE902320E9A5B460191A02104
:10C3C000009238483C4A0AF02DFF059800283EF4B8
:10C3D00046A9069900297EF742A9324B324C1A78B9
:10C3E000002A08BF2346314A0AF01CFFFEF737B97E
:10C3F0002D4BFFF7C2BA059B002B3EF430A9069BDC
:10C40000002B7EF72CA9274B274C1A78DDE9050174
:10C41000002A08BF2346254A0AF004FFFEF71FB989
:10C42000DFF880C0254D64460FCD0FC495E80300AA
:10C4300044F8040B0598218000283EF410A90699C1
:10C4400000297EF70CA99CF80030174A002B0CBF7E
:10C4500013466346154A0AF0E5FEFEF700B9184A8E
:10C46000A02110480AF0DEFE059800283EF4F7A847
:10C47000069900297EF7F3A80A4B0B4C1A78002A7C
:10C4800008BF2346094A0AF0CDFEFEF7E8B8164673
:10C49000AFE600BF70EE0120F0EE012030A70120D2
:10C4A0005C39002034CC0420981700201429002087
:10C4B000D4380020E036002030380020E838002052
:10C4C000743900200048704734CC042078220021C1
:10C4D00001480BF089B800BF30A701200000000020
:10C4E0000F49782208B508F02BF80D4991ED007B33
:10C4F00091ED024B91ED045B9FED076B37EE447BB2
:10C5000037EE457BB4EEC76BF1EE10FA36FE076BE3
:10C5100080ED066B08BD00BF0000000000000000B9
:10C5200030A70120014B1868704700BF684F0020FA
:10C5300008B1024B03600248704700BF80860300C9
:10C5400000E0232008207047002872DB474B30B5FD
:10C55000D3F8A04C83B0844202D8002003B030BD91
:10C5600014460D460246D3F8AC1CD3F8A80C404B39
:10C57000FCF794FA0028F0DB3D4B1B78002BECD045
:10C58000002CEADD0020DFF8E8C0DFF8E8E04FF635
:10C59000FF7121E003F0E002C02A2DD003F0F00289
:10C5A000E02A48D00CF1010CBF23FF2284428DF811
:10C5B0000530D3DD431C2A549C4253DD02309DF8E4
:10C5C00005208442EA54D4BF002201229CF80030A6
:10C5D000002BC3D0002AC1D01A06DBD43EF81320AA
:10C5E0000CF1010C8A421BD0431C2A549C42184671
:10C5F000D4BF00220122E9E79B019CF8012003F44B
:10C60000F86302F03F0213430222B3F5007F944423
:10C6100020D23EF813208A42E6D17F2B1AD8DBB213
:10C6200084429BDD2B5401308442D4BF002201227E
:10C63000CCE7002070479CF8022002F03F0242EA5B
:10C6400003339CF80120920102F47C62134303221D
:10C650009BB2DAE79A0903F03F0362F03F0263F00E
:10C660007F03A3E718460022B0E700BF1889012026
:10C6700014D70420A0C704202DE9F04F4A4F91B0F1
:10C68000D7F8043E029003B30378002B00F0DA825F
:10C690004FF0000807920B910DA90298FCF7B4FA2D
:10C6A000441C18D0079A42450FDD0B9A0D9B42F8A7
:10C6B000280008F10108029A1A4402921378002B0C
:10C6C000EAD1404611B0BDE8F08F4FF0FF38404648
:10C6D00011B0BDE8F08F029B1A78002AF1D0029CBD
:10C6E000002503E014F8012F013572B13C2AF9D17D
:10C6F0000DA92046FCF788FA0130F3D004952DB936
:10C70000029B1B78002BC7D1DBE70495274E4446DC
:10C71000DDF82CB0D7F8D0ACBAF1000F40F06F8143
:10C72000029B1A78002A00F0A481272A00F03C819D
:10C73000202A00F0168222F020014139192902D95D
:10C74000D10900F0E882029B9A4450461AF8013F52
:10C7500023F02002413A192AF7D9DB09F5D1029BCF
:10C76000C3F101020244049B9342A8BF13469C46B6
:10C77000029B5A1E0023CDF820C00393CDE909B2D5
:10C78000089A039BDFF828A0A2EB030B0A9900226A
:10C79000D446BBF5006F01EB030E1546CDF814A08F
:10C7A000A8BF4FF4006B0EE018890120FC060220A0
:10C7B000004B02204FF00109AB4503704A441EDDD7
:10C7C000B5F5006F1BD0AD49A8462CF8022B0135FA
:10C7D0001EF8013F8818AA494FF0020931F81330BA
:10C7E00003F03F017F2B4FEA931A61F07F01E1D9FB
:10C7F0006AF03F03AB454A4441700370E0DCA14B53
:10C80000012DDDF814A023F815200CD0DFF87CB240
:10C810004FF00009484609F10109FCF7B3F94BF85C
:10C82000040BC145F6DB984B012D03EB8509CDE9DF
:10C8300005A46AD095494FF0FF3400236FF0004003
:10C8400051F8042B002A0ADB8242ACBF4FF0000CE7
:10C850004FF0010CBCF1000F1CBF1C461046013309
:10C860009845EDD1631C50D0864B04F1020B33F890
:10C87000141033F81B20A2EB010ABAF5806F44DADA
:10C880007E4A30461144524607F05AFE4FF00002ED
:10C8900006F80A200096D7F8AC3CD7F8A82CD7F8B1
:10C8A000BC1CD7F8B80CFCF725F900282DDB04F1E7
:10C8B000010A554505F1FF3540F39D804FEA4A00D6
:10C8C000704B2A1B811C1844520019440AF0FAFDCF
:10C8D000AB4580F28D806E4B03EB8402536842F8C7
:10C8E000043B9145FAD1002C77D004F1FF3B584628
:10C8F000FCF748F9654B43F82B00AA456DDB012D89
:10C9000008F1FF38A9F1040994D1DDF824B0DDF86D
:10C910001C90DDE905A40AEB4505BAF80030304665
:10C92000BAF80280554AA8EB0308D118B8F5806F11
:10C93000424618DA07F004FE4FF00003D7F8A82C9F
:10C9400006F80830D7F8BC1CD7F8AC3CD7F8B80CC0
:10C950000096FCF7CFF8002805DBA1457FF7B5AEC0
:10C960004BF8240001340AF1020A5545D5D1002CB8
:10C97000FFF6ABAE039B089A03F500639342039363
:10C98000FFF6FEAE049B9446DDF824B09B1A029A93
:10C99000002B6244049302923FF7BCAE1378A0468A
:10C9A000002B7FF479AE8CE63A4DA1461446022264
:10C9B00005F11C0803E028680BF0D2FB0246296849
:10C9C0000435029803920AF0BBFE002800F037817C
:10C9D0004545F0D122464C46ADE6204608F1FF38E9
:10C9E000FCF7D0F8294BA9F1040943F8240021E70A
:10C9F000002C82D079E7AB45FFF66DAF75E70EAA44
:10CA000004990298FAF770FEDDF838A00546504602
:10CA1000FCF740F9BAF1270F80463DD0BAF10D0F6F
:10CA200003D0BAF10A0F40F0E780B8F1020F40F0EE
:10CA3000D880049B9D4280F2CF80984602E04D440E
:10CA400045450CDA029B0FAAA8EB05015819FAF725
:10CA50004BFE81460F98FCF71DF90228EFD0049B8E
:10CA6000AB42A8BF2B46002B9C4602DD029B5A1E00
:10CA700080E6A046404611B0BDE8F08FF8EE0120F8
:10CA8000A0BD0420004B0220F42A0220FC2A022030
:10CA9000002B022054420020049B012B00F09980BF
:10CAA000029B5A78A2F1410042F02001192898BF58
:10CAB0000A46A2F16400102804D8AB49C140C90756
:10CAC00000F15681049B022B00F05681029B22F05C
:10CAD00004019878A0F1410E40F0200CBEF1190F2E
:10CAE00098BF6046722902D1652800F05B816C2AEC
:10CAF00002D16C2800F05681A8F10202012A40F20E
:10CB00000381049B9D42C0F2EB800FAAB8F1000F95
:10CB100040F09A800025DDF81080924602E04D44F6
:10CB2000454559DA029B5246A8EB05015819FAF718
:10CB3000DBFD81460F98FCF7ADF80028EFD0049B91
:10CB4000AB4249DD029B5A1E2A4403E00135049B97
:10CB50009D4284D012F8013F0D2BF7D00A2BF5D05F
:10CB60007DE7029B597869B1A1F10900C0B217288D
:10CB700000F2B2807D4D25FA00F0C50702D40A46C6
:10CB80004FF0010AA2F10901C8B2784D25FA00F070
:10CB9000C00740F1CA80029B5A1EC3F101089446A7
:10CBA00008EB0C011CF8013F704DA3F10900C0B265
:10CBB000172825FA00F57CD8E807F1D401297CDC98
:10CBC0000129049BB8BF01218B42A8BF0B469C469C
:10CBD000D0E5821E012A98D8029BDDF810C05A1EAB
:10CBE000C8E5B8F1030F90D1049BAB42A8BF2B4618
:10CBF0009C46029B5A1EBDE5821E012A40F284809B
:10CC0000049B9D426CDBBAF1200F7FF47EAF049B46
:10CC10000FAA012B3FF47AAF049B0392591E029B8B
:10CC2000581CFAF761FD0F98FCF734F8039A0028B6
:10CC30007FF46CAF0125DDF81080924672E74C4618
:10CC4000039D0CE798463CE54FF000094FF0FF3A92
:10CC50004D4606E00A2B18D0049BA9464546984548
:10CC60002DDA049B0592591B029B5819FAF73CFDDB
:10CC70000F9B00EB050818460393FCF70BF80128FF
:10CC800005D1039B059A0D2BE4D1AA46E4E7BAF13E
:10CC9000000F17DA049BAB427FF7E1AEB9F1000F4A
:10CCA0007FF7DDAE4B45A8BF4B469C46029B5A1E04
:10CCB00060E5012984DD002B82D0013980E7BAF1DB
:10CCC000000F89DB0AF1010A049B5345A8BF5346B4
:10CCD0009C46029B5A1E4DE50A464FF0010A2AE582
:10CCE000049B0FAA591B029B03925819FAF7FCFCEC
:10CCF00081460F98FBF7CEFF0228039A09D0BAF1BC
:10CD0000200F7FF403AF87E7B8F1020F3FF491AE35
:10CD10006AE74D448DE6A2F13001092916D9A2F146
:10CD20000901C8B217287FF630AF029B03EB0A0552
:10CD3000CBB20E48172B20FA03F143D8CB074BD5C3
:10CD4000BAF1010FB8BF4FF0010ABDE7029B9A4448
:10CD500051461AF8013F303B092BF9D9029BC3F128
:10CD600001020A44FFE400BF0182010013008000B9
:10CD70004FF0020C5A1EFDE4A8F10202012A16D956
:10CD8000012D7FF4C2AE029B0FAA2946581C0392C4
:10CD9000FAF7AAFC0F98FBF77DFF0228039A7FF4AD
:10CDA000B5AE19E7029B4FF0030C5A1EE2E4B8F14E
:10CDB000020F3FF43EAE022D029BA8BF02255A1E71
:10CDC000AC46D7E422F02003413B192BB8D9D30954
:10CDD000B6D1303A092AB3D915F8012F0AF1010A60
:10CDE000A2F10901002AA3D1AAE700BF70B5002370
:10CDF00004460D461646FDF767FA831C00D070BD49
:10CE00003246294620460123BDE87040FDF75CBA52
:10CE1000084B03F54052D2F8042E42B1002806DB3D
:10CE20001B68834203DD044B53F8300070474FF01A
:10CE3000FF3070471859012024350320704A02F54D
:10CE400040532DE9F04FD3F8043EC40F85B0002BBA
:10CE500008BF44F00104002C40F0B880694B1B6807
:10CE6000834240F3B380684951F82090B9F1000F34
:10CE700040F0BE80D2F800C0CC4540F3A1804A46C5
:10CE8000CE46624F57F832500132854208BF0EF14C
:10CE9000010E6245F6D10022DFF880815C4FA24688
:10CEA0001546904208D051F822402CB958F822403B
:10CEB00057F82260A41B254401329342F1DC7545EA
:10CEC0005446C0F28C800122BCF1000F41F82020B2
:10CED00078DD504D504A514F05EBCC08D2F8ECADFF
:10CEE000DFF82CE1039402E00835A84523D055F87B
:10CEF000042C8242F8D10024A04208D051F824200A
:10CF00002AB95EF8242057F82460B24256DB013477
:10CF1000A342F1DC5EF804BC4FF0FF340AFB0BF2D5
:10CF2000083545F80C4C45F8082C0BF10102A845D2
:10CF30004EF82420DBD1039C0021354D9A4647F85A
:10CF400020100A46354F4EF820100846B846AE4627
:10CF500058F8043B013218445EF8043B002BC8BF6C
:10CF600001319245F4DC2C4AA0EB0C0C5346C2F87C
:10CF7000FC1D1146C2F8F00DC2F8F4CD0122C1F833
:10CF8000F82D002255F8041B41B157F82200401A31
:10CF9000ACEB00008842B8BF44F001040132934278
:10CFA000F0DC1CB100231C4AC2F8F83D1C4B4FF0CA
:10CFB000FF321A60484605B0BDE8F08F9346ADE7F2
:10CFC000CE4668E7154FDFF848E0B5E70346154A57
:10CFD000A02115480AF026F94FF0FF39EAE7034689
:10CFE000124AA0211048CDE900E50AF01BF9F3E749
:10CFF00003460F4AA0210C480AF014F9ECE700BFE1
:10D0000018590120E4CC0420F4CB0420243503205B
:10D01000B0EE0120283503201889012070EE012090
:10D02000684F00208C3A002034CC0420B43A002011
:10D030009C3A00202DE9F04F584CD4F8044E2DEDC9
:10D04000048B85B0002C00F081809A46544B8946B1
:10D0500003925B6A9842A8BF1846524B07461B6F63
:10D060000293F4F7B9FA002FB0EE409B40F38980A9
:10D070000026DFED4D8A9FED4D8A4D4DB0464D4C5B
:10D08000CDE90079D146464BDB69002B30DD4A49BA
:10D0900008EB4800DFF824E1B44601EB830A4FF0C7
:10D0A000350BA5FB0C2384FB0027C2171B09C2EB21
:10D0B00027120BFB12020B301A3A07EE902AC3EB31
:10D0C0000312F8EEE77A03EB8203ACEB03030CF1F7
:10D0D000070C67EE887A1E3BEEEC017A07EE903A79
:10D0E000F8EEE77A67EEA87AE1EC017A5145D8D1FB
:10D0F000324B4146304A0020FCF728F930BB08F19A
:10D100000108009B0D364345BDD11F460090CA461D
:10D11000DDF80490F4F760FA30EE490B89ED000B6E
:10D12000F4F75AFAB0EE408B009D002401E0A742CC
:10D1300013DD3B1B224629460020402B04F140040E
:10D14000A8BF4023FBF716FE0028F0D04FF0FF30B9
:10D1500005B0BDEC048BBDE8F08FEDB1F4F73CFAFF
:10D16000104B029A30EE480B1B6F00209B1A039A5B
:10D1700082ED000BCAF8003005B0BDEC048BBDE8B1
:10D18000F08FF4F729FA30EE490B89ED000BF4F734
:10D1900023FAB0EE408BE1E70125C6E718890120AC
:10D1A0001859012030A70120CDCC4C3D0AD7233D92
:10D1B0003FC52543ED73484D04A302206457032067
:10D1C000DFF8A8C010B50CF5405E88B0DEF804EEBC
:10D1D000BEF1000F44D0072942D83FD000283FDBE2
:10D1E000DCF8004084423BDD00EB40000DEB8101A8
:10D1F000C00100F1300EE644CDF800E000F1500E21
:10D20000E644CDF804E000F1700EE644CDF808E005
:10D2100000F1900EE644CDF80CE000F1B00EE644CB
:10D22000CDF810E000F1D00EF030E6446044CDE9D6
:10D2300005E00968886998B1002091ED047B82EDD2
:10D24000007B0A681A600A9A4B6813600B9A8B6815
:10D2500013600C9ACB68136008B010BD0249E9E76F
:10D260004FF0FF30F8E700BF489501201859012022
:10D270002DE9F04FB24E044606F54050D0F8040EAA
:10D280002DED108B93B0002800F0D18300298A4641
:10D29000CDE91023736AC0F2C183994280F2BE8344
:10D2A000002CC0F2B483336AA34240F3B083F4F796
:10D2B00093F906F57151A34A51F8043CD6F804805D
:10D2C000D1E900018DED0C0BE4FB030174690594B9
:10D2D00034690B94F4680E94F4690894FAF76AFCC4
:10D2E000002840F09283984A034696490092974A54
:10D2F000D2F8300CD2F8382CE9F7FCFF8146002830
:10D3000040F07B83F4F768F9914F3368B0EE408BBF
:10D310009DED0C7B4B4530EE476B97ED087B37EE70
:10D32000067B87ED087B40F30282874B06F5887405
:10D33000884A03EB8805089B02EB830B864A9FED26
:10D340007AEB9FED7BFB02EB83038DED02EB0F93FA
:10D35000824A41462046FAF7CBFC002840F09182F1
:10D360007F4A414604F12000FAF7C2FC002840F051
:10D370008882A36D002B40F07B82A36F002B40F0CE
:10D380009382D4F8983043B1764A04F1800008992A
:10D39000FAF7AEFC002840F074827049424696EDE0
:10D3A0000A0A6948FBF726FB6F4B70480193704BE4
:10D3B0000093002354F8D82CEAF79CF90022B169B5
:10D3C000A4F1E0006B4BFBF7FFF9002840F0598215
:10D3D0000246604BF169A4F1C000FBF7F5F90028A3
:10D3E00040F04F8202465C4BF169A4F1A000FBF7CC
:10D3F000EBF9002840F04582F4F7EEF830EE488B68
:10D40000A36DB0EE409B97ED0A7B37EE087B87ED6E
:10D410000A7B002B40F0B282A36F002B40F0C48245
:10D42000D4F89830002B40F0E28296ED0B8A5346F8
:10D43000059AB0EE480A0E994E48FCF781F953461A
:10D44000059AB0EE480A0B994248FCF779F9424B2D
:10D45000404A51464846FBF779FF002840F01182C8
:10D460000146444B52464846FCF746FC002840F033
:10D470000882F4F7B1F830EE499B43463E4A3B49F7
:10D48000A4F18000B0EE408B97ED0C7B37EE097B6A
:10D4900087ED0C7BFBF7D2F9002840F0F281804544
:10D4A0000BDD354A284BD3ED007AB2EC017A77EEEA
:10D4B000877AE3EC017A9D42F5D1F4F78DF830EEEE
:10D4C000488B42462649204897ED0E7B8DED060B92
:10D4D00096ED0A0A37EE087B87ED0E7BFBF78AFA9A
:10D4E000B3682249A4F16000244AFBF7A7F9002899
:10D4F00040F0C781B368A4F14000214A1B49FBF703
:10D500009DF9002840F0BD81B368834240F3E1807B
:10D510001A4A9FED09CB02EB830E02F52C4CCDE9A4
:10D520000989ABE0AFF300800000E0FE422EE63F49
:10D530008EECF8F45D94ED3F763C7935EF39EA3DB9
:10D5400018590120C052002084610320188901204D
:10D5500030A7012004A302206457032004630220A3
:10D5600004830220045B022084EC032084810320D6
:10D5700084C103206436032084A1032000E023201B
:10D58000008C2420B4EEE4EAB6EE005BB1EE4E7AF5
:10D59000F1EE10FA6ADCB7EEC77A9FEDC96B27EEA1
:10D5A000066BB5EEC06BF1EE10FA40F1188136EE65
:10D5B000456B9DED024BFDEEC66B9FEDC38B16EEEA
:10D5C000903AB8EEE66B9FEDC20B06EE447B9FED02
:10D5D000C21B9FEDC3BB9FEDC4DB9FEDC52B9FED31
:10D5E000C63B06EE4C7BB7EE006B9FEDC54B9FED47
:10D5F000C69B9FEDC7AB07EE080B9FEDC78B00EEF8
:10D60000078B9FEDC70B08EE070B00EE071B01EE23
:10D6100007BB0BEE07DB0DEE072B02EE073B03EE1D
:10D62000074B04EE079BB0EE464B09EE07AB0AEE44
:10D63000075B05EE074B04EE076B6FF47F7903F28F
:10D64000576800204B454FEA0851F7EE007A25DA7B
:10D6500041EC150B26EE056B9FEDB35B26EE056BDB
:10D66000B7EEC66B36EE276A8EEE06EAFCEC017A60
:10D67000964567EE8E7A42ED017A28D0B2EC01EA47
:10D68000B0EE4F6BDFEDAC7A40F2F233DFEDAB4A38
:10D69000B4EEE7EAF1EE10FA7FF574AF03F2FF3370
:10D6A0000020F7EE007A96454FEA035141EC150B46
:10D6B00026EE056BB7EEC66B36EE276AFCEC017AF8
:10D6C0008EEE06EA67EE8E7A42ED017AD6D1DDE97A
:10D6D000098943469A4A9B49A4F12000FBF7AEF81A
:10D6E000002840F0CE8080450BDD954A964BD3ED67
:10D6F000007AB2EC017A77EE877AE3EC017A9D4208
:10D70000F5D1F3F769FF09F101093368B0EE408BF9
:10D7100004F5C0744B459DED066B97ED107B30EE24
:10D72000466B37EE067B87ED107B3FF711AE874ADD
:10D7300041468748FAF7DCFA0546002840F0A18008
:10D740004246824996ED0A0A7F48FBF753F9814B1E
:10D75000814CD3F8902C8149814BDFF81C822360E7
:10D760000B604FF0FF33C8F800507E4D2B60002A4D
:10D7700040F041817C48336A00227C49FBF75EF827
:10D7800000287ED1109A12B1D8F800301360119A97
:10D790000AB1236813602C9B13B12B682C9A136079
:10D7A0002D9B1BB16D4B2D9A1B6813600290F3F7F4
:10D7B00013FF30EE480B97ED127B37EE007B87EDC1
:10D7C000127BF3F709FF02989DED0C6B97ED007B40
:10D7D00030EE460B37EE007B87ED007B5FE036EEE8
:10D7E000056B9DED024BFDEEC66B16EE903AB8EE62
:10D7F000E66B06EE447B9FED4E4B06EE447B9FEDC1
:10D80000324B9FED336B07EE046B9FED434B06EEFF
:10D81000074B9FED436B04EE076B9FED2F4B06EE1E
:10D82000074B9FED2F6B04EE076B9FED2F4B06EE22
:10D83000074B9FED2F6B04EE076B9FED2F4B06EE12
:10D84000074B9FED2F6B04EE076B9FED2F4B06EE02
:10D85000074B9FED2F6B04EE076B06EE075BB7EEF1
:10D86000006BB0EE464B05EE074B04EE076BE4E6AB
:10D870003F4A04F14000B169FAF73AFA00283FF450
:10D880007CADF3F7A9FE9DED0C6B97ED007B30EEC0
:10D89000460B37EE007B87ED007B4FF0FF3013B077
:10D8A000BDEC108BBDE8F08F324A04F1600008999E
:10D8B000FAF71EFA00283FF464ADE2E7AFF3008008
:10D8C000FE822B654715F73F9D7CC0A87439A93DA2
:10D8D000096DA8134612E63D5C9F78B74F7E923ED5
:10D8E00034C756A5E31DC73E1AA0011AA001FA3E8F
:10D8F0001AA0011AA0012A3F176CC1166CC1563F2D
:10D90000111111111111813F555555555555A53F0F
:10D91000555555555555C53F98D8F8EFD8EE213E89
:10D92000E444F56745E65A3E000000000000701A26
:10D93000763C7935EF39EA3D00002FC400003944C8
:10D9400084A1032000E023208461032004630220DB
:10D950006895012018890120ECCB0420F0CB04202D
:10D96000000080FFDCCC0420889501208481032006
:10D97000FC0A0220FCFE0120D8CC0420B169002959
:10D980007FF74AAD2E4B2F4A03EB8101D3ED007A8E
:10D99000B2EC017A77EE877AE3EC017A9942F5D11D
:10D9A000A36F002B3FF43CAD089B002B7FF73DADF0
:10D9B000254A264BD3ED007AB2EC017A77EE877ACE
:10D9C000E3EC017A9B45F5D1D4F89830002B3FF475
:10D9D0002CAD1F4A1F4B0F99D3ED007AB2EC017AA0
:10D9E00077EE877AE3EC017A9942F5D11DE5089B41
:10D9F000002BEEDC19E51848BDE6184BA021184AAB
:10DA0000D3F8303C174809F00DFC174F39E723468F
:10DA1000164AA021134809F005FC3EE75C1E144A93
:10DA20005346A02100940F4809F0FCFB35E7114B49
:10DA30000C4C0FCB07C41A0C24F8023B22702CE7C5
:10DA400064360320FC0A0220FCFE012004A302200D
:10DA5000045B0220645703204895012018890120A7
:10DA6000403B002034CC042030A70120203B002084
:10DA7000043B0020F43A00202DE9F04FDFF854A3D6
:10DA80000C460AF54056D6F8041E2DED068BE7B07D
:10DA9000002900F0FE8311460246581E0B930A949B
:10DAA000072800F2EE830A9BA1F1040EDAF8249015
:10DAB0000024A3F1040CDDF82CB000E01C465CF857
:10DAC000047F631C5EF8040F57EA000807EB0005AB
:10DAD00000F1D6814D4580F2D3819B45EED1DAF835
:10DAE000080010F01F0940F0C583DAF80470B7F59C
:10DAF000006F00F3BF83DAF81870B7F5006F00F31A
:10DB0000B983151F4F46DAF82020AC465CF8040FA5
:10DB10000028C0F2C781904280F2C481BC4207F164
:10DB20000107F3D10E930C91F3F756FDDAF80430A8
:10DB3000B0EE409B9C4F1293DAF81C30DFF89882CD
:10DB40001693DAF80C30DDF830B01493DAF81030B0
:10DB500018971593DAF814300D93D6F83C3C55F825
:10DB6000040FD8F800104FEAE07CA0FB0302401835
:10DB700003FB0C21D8F8042041EB02018B4AFAF791
:10DB800019F8002840F09C8100970346D6F8382CFD
:10DB900007F500578549D6F8300CE9F7ABFB0028AC
:10DBA00040F087814C4509F10109D6DC0E9B0F90AE
:10DBB0000C93CDF838B0F3F70FFD7D4B30EE496B89
:10DBC000DAF80000B0EE408B1793002893ED087B45
:10DBD00037EE067B83ED087B0C9B40F300831699A0
:10DBE000744A754F02EB81020E9919931E920F9A97
:10DBF0000C9413921B91129C3846704A2146FAF7F6
:10DC000077F8002840F05E816D4A214607F1200038
:10DC1000FAF76EF88046002840F05481BB6D002B67
:10DC200040F0D381BB6F002B40F0C581D7F898300E
:10DC3000002B40F0B681189BA7F1E0024FF0000BDB
:10DC400003F5803403F5A03599461A921D941C956E
:10DC50009AED0A0A4846594909F50059129AFAF705
:10DC6000C9FE00235748CDE9004557F8D82CE9F7FD
:10DC700041FD05F50263204605F5827500930023FA
:10DC800057F8D82C04F50064E9F794FD0C9A424546
:10DC900008F10108DCDCCDF820B04FF4006557F83E
:10DCA000E03C4124DFF83481A3F10C03DDF86490FB
:10DCB0000795B3FA83F3009504945B090294CDF8B9
:10DCC00018800593404B1A98A3F5026203933F4BCB
:10DCD00001924A46DAF81810FAF7E8FA002840F0FC
:10DCE000F180A8F50843089004944FF40078069357
:10DCF000A3F50263DDF858B04A46A3F50261A7F127
:10DD0000C000CDE90051CDE9024357F8C03CCDF841
:10DD10001C80A3F10C03B3FA83F35B090593A1F50F
:10DD200080435946FAF7C2FA002840F0CB80264BD0
:10DD30004A46009559460393A3F50263049402945E
:10DD40000193CDE907801B480690A7F1A00057F882
:10DD5000A03CA3F10C03B3FA83F35B0905931B4BBF
:10DD6000FAF7A4FA002840F0AD808346F3F734FCBC
:10DD7000179B30EE486B1649B0EE40ABDFF8609071
:10DD80001E9C93ED0A7B37EE067B83ED0A7B189B86
:10DD9000591899441B9B88461F91043B0F930A9B7B
:10DDA000043B0E9353E000BF00E02320C05200204C
:10DDB00030A7012040702520285A0120046302204A
:10DDC00004830220848103202028252000E02420D1
:10DDD00040D80100185901205895012040B825204D
:10DDE00040500100BA6F002A78D1D7F89820002A55
:10DDF00040F096800E9B40469AED0B0A53F8045F64
:10DE00000D9A14990E932B468DED110AFBF798FC91
:10DE10002B460D9A159948469DED110AFBF790FC8B
:10DE20001398DDE90F2352F8041F0F9229444A4644
:10DE3000FBF78CFA002845D10C9B08F5005809F532
:10DE4000006904F500645B456EDD0BF1010B09F51B
:10DE50008043BA6D1093002AC4D0DAF81800002865
:10DE6000C0DD08EB80005E494246D2ED007AB1EC9D
:10DE7000017A77EE877AE2EC017A8242F5D1B1E756
:10DE800009F1FF312346574A0097CDE90101A0214E
:10DE9000554809F0C7F94FF0FF3067B0BDEC068B6D
:10DEA000BDE8F08F0346514AA0214F4809F0BAF966
:10DEB000F1E7D6F8303CA0214D4A4B4809F0B2F9C1
:10DEC0004C4B1793F3F788FB179B30EE490B93ED00
:10DED000007B37EE007B83ED007BDCE7169A002A9F
:10DEE00088DD45494A46A4F58040D2ED007AB1EC80
:10DEF000017A77EE877AE2EC017A8242F5D1D7F89F
:10DF00009820002A3FF476AF3C4AD3ED007AB2EC79
:10DF1000017A77EE877AE3EC017AA342F5D169E7DB
:10DF2000169A002AF0DC65E757F8803C83461F9973
:10DF300010930A9B0F970F46A3F104091B9BDDE981
:10DF40001C54A3F104080AE00C9B07F5005704F5E4
:10DF5000006405F582755B450BF1010B52DD3B4614
:10DF600059F8042F58F8041F1398FBF7C5FE034611
:10DF70000028A7D10F9A0E902148CDE9004552F80C
:10DF8000782CE9F7B7FB109B0C2B0E9BDCD105F529
:10DF90000262204600920F9A52F8782CE9F70AFCA8
:10DFA000D2E7164A07F180001699F9F7A1FE00287A
:10DFB0003FF441AE86E7104A07F160001699F9F781
:10DFC00097FE00283FF432AE7CE7054A07F1400097
:10DFD000DAF81810F9F78CFE00283FF423AE71E749
:10DFE000FC0A0220743B002034CC0420203B00209B
:10DFF000403B002030A70120FCFE0120045B0220F2
:10E00000848103200F9FF3F7E7FAA64B30EE4A7B9B
:10E01000179CA7F180000393A3F50263199AB0EE51
:10E02000408B0193109B1299A3F10C03B3FA83F375
:10E0300094ED0C6B5B09059336EE076B9A4B0693D8
:10E040004FF4006384ED0C6B07930093412304931A
:10E05000029301230893954BFAF728F98346002889
:10E060007FF430AFF3F7B8FA30EE487BB0EE40AB58
:10E07000D846CDF838B0DDF86090DDF830B094EDDA
:10E080000E6B36EE076B84ED0E6BDDE91C549AEDDA
:10E090000A0A4846864909F50059129AFAF7AAFC75
:10E0A00000238448CDE9004557F8582CE9F722FBB6
:10E0B00005F50263204605F582750093002357F8A5
:10E0C000582C04F50064E9F775FBC34508F1010815
:10E0D000DDDC57F8203C6822002146A8A3F10C049F
:10E0E000DDF838B009F080FA1A9BB4FA84F41022F3
:10E0F00040936409199B4592CDE9413457F8603C3F
:10E10000A3F10C03B3FA83F35B09439357F8403C44
:10E11000A3F10C03B3FA83F35B09449357F8543C1F
:10E120001A01B2F5C04F00F26C8157F8342C11017E
:10E13000B1F5C04F00F265811343980740F061814B
:10E1400047AB0C9DDDE91C2002F502615D4543F8FB
:10E15000040F0BF1010B1A6200F5006002F58272E8
:10E160001964F1DC40A95448FAF72CF800287FF430
:10E17000A9AE4D4B0121199AA7F12000069340F258
:10E1800059130594049302934FF40063CDE90731CA
:10E190004A4B129903934A4B01934FF42C5300932B
:10E1A000484BFAF783F800287FF48CAEF3F714FAA3
:10E1B000179B30EE4A7B139AB0EE408B07F5C07781
:10E1C000013293ED106B139236EE076B83ED106BFB
:10E1D000DAF8003093423FF70EAD199B0C9C3A4899
:10E1E000D6F8907CA0F14006384A1299002F08BF5B
:10E1F000064620380F9335680C95F9F779FD81466E
:10E2000000287FF45FAEA5F10C02284FDDF83C80BA
:10E2100053423D460A9053410D9307F580439B4678
:10E220000E930DE0189B05F500650BF5827B03F559
:10E23000005318930A9B9C4203F101030A934FDD9C
:10E240009AED0A0A129A21491898FAF7D3FBB26894
:10E2500000231848CDE9005BE9F74CFA0C9B0C2B26
:10E26000E0D10BF50263B268284600930023E9F77A
:10E27000A1FAD7E7164D174C0FCD0FC42B682360BA
:10E2800009E60824144AA0211248009408F0CAFFA5
:10E2900001E6124B0F4C0FCB07C41A0C24F8023BBB
:10E2A0002270F8E52028252000E0232000E024202B
:10E2B0000483022084810320ED060100603B2720B7
:10E2C0004010272040B825208895012004630220B3
:10E2D000A83B002034CC0420543B0020F43A00201A
:10E2E0007C22002142A8CDF8288009F07DF97268CF
:10E2F000F16841924FF4C04211F0030F0A9B40961F
:10E30000B2FBF1F203D0012A88BF22F0010228AE4D
:10E310000DF1C00BDFF814E1B4460E996296CDF80A
:10E320008CB1CDE943230D9B46AA459320AB9A4679
:10E33000619338AB5046649301F502654C4542F851
:10E34000047F09F10109116207F5006701F5827187
:10E3500040F804EB4CF804EB1564EDDC0B9AFF215C
:10E36000184695002A4609F03FF900212A465846EA
:10E3700009F03AF92A4840A9F9F724FF00287FF468
:10E38000A1AD799F0246779D844638AB769921B13D
:10E390005BF82210769840F82210779911B1DAF8DC
:10E3A0000010296078990AF1040A043521B153F864
:10E3B0002210789840F82210799909B131683960B3
:10E3C000944206F1040607F1040702F10102DDDCC4
:10E3D000CDF828C0F3F700F9179C30EE480B94ED08
:10E3E000127B37EE007B84ED127BF3F7F5F830EE0D
:10E3F000490B0A9894ED007B37EE007B84ED007B9F
:10E400004BE5084D084C0FCD0FC40FCD0FC40FCDF9
:10E410000FC495E8030044F8040B217052E500BFD7
:10E420007D060100BC3B002034CC0420000080FFAE
:10E4300070B51E464B1E94B00C46072B1BD80546E4
:10E4400003AB114443F8042F01328A42FAD1A200EF
:10E4500000210CA809F0C8F81A9B18990CAA03937C
:10E460002846199B019104A9029323460096FFF7C1
:10E4700003FB14B070BD4FF0080C0B46044AA021FA
:10E480000448CDF800C008F0CDFE4FF0FF30F0E7B3
:10E49000F43B002034CC0420031E034A18BF0123A0
:10E4A00010681360704700BF6C4F0020454BD3F8D5
:10E4B000043E2DE9F04F87B0002B79D04B1E8846E3
:10E4C000072B6CD80024404B86464FF0FF3BD3F817
:10E4D00000902146CDF81490DEF80470002F4BDD3B
:10E4E000DEF80830002B47DB00223B44CEF80C104E
:10E4F0001944CEE90422CEE906B284B3059B73B376
:10E500000546164607F1FF3C8246CDE9037168686F
:10E51000039B8342D8BF604600281ADDDEF8001056
:10E5200000232A6881460439043A04E001334B454C
:10E5300007DA402B05D051F8040F52F8047FB84297
:10E54000F4D0032B05DDDEF81C209A42B8BFCEE9DB
:10E55000066301362035A642D9DB049950460134C2
:10E560000EF1200EA045B7D1184B5C6A8C420EDB31
:10E57000002007B0BDE8F08F2346154AA0211548BA
:10E5800008F050FE4FF0FF3007B0BDE8F08F0B46AB
:10E59000114AA02100940F4808F044FEF2E7082435
:10E5A0000B460E4AA02100940A4808F03BFEE9E71A
:10E5B0000B4B084C0FCB07C41A0C24F8023B2270FB
:10E5C000E0E700BF188901206C4F00201859012096
:10E5D0002C3C002034CC0420403C0020143C002083
:10E5E000F43A002000292DE9F04FE1B040F39A827F
:10E5F000DFF820B34FF00009DFF814A30646884681
:10E6000008901790CDE90D3208E009F1010320369A
:10E610000AF5806A984500F0688199467369002B75
:10E62000F3D1B2699A42F0DB3469002CEDD1089B3A
:10E63000D6F81CE003EB421213697345E5DBDBF807
:10E640000030A34240F32081A64540F34481F568A1
:10E650000EF1FF33D168204605EB0E0223F03F0395
:10E66000CDF858800B9205F1400213440A46294622
:10E670000C93DBF81C300993DBF81030CDE912461F
:10E680000A93CDE914A99D4B0D469046119053F87D
:10E6900030700433BA4653F83040CDE90F210B9B5C
:10E6A0005A1B0A9B402AA8BF402202FB03F3079291
:10E6B0009B000593099B02FB03F30693002B00F0DC
:10E6C0002482DBF81C105046069B01FB08418C4A53
:10E6D000F9F750FE002840F03582DBF81C10504658
:10E6E000069B01FB0541864AF9F7D6FE81460028C4
:10E6F00040F02882059B834E23B3D6F8D81DDBF863
:10E70000103003FB08F3804A504604EB830319449E
:10E71000059BF9F72FFE002840F01482DBF810105B
:10E72000B9F1000F6BD1D6F8D83D05FB01F1764A5F
:10E730005046234403EB8101059BF9F7ADFE002809
:10E7400040F00082079B5046D6F8E41D4FEA880748
:10E750004FEA83096D4A21444B4601EB8801F9F7E2
:10E7600009FE002840F0EE81D6F8E43D04EB850177
:10E77000664A504619444B46F9F78EFE002840F091
:10E78000E181069B33B3D6F8DC1D5046DBF81C3024
:10E7900021445B4A03FB0811069BF9F7EBFD0028B7
:10E7A00040F0D081D6F8DC1D5046DBF81C30214407
:10E7B000534A03FB0511069BF9F76EFE002840F053
:10E7C000C181059B7BB3D6F8E01D4FF00109DBF852
:10E7D000103096E7059B33B3DBF810305046D6F87F
:10E7E000E01D03FB08F3484A04EB83031944059B2F
:10E7F000F9F7C0FD002840F0A581DBF81010D6F82D
:10E80000E02D05FB01F1059B5046224402EB8101FE
:10E810003D4AF9F741FE002840F09481079B4FEAFA
:10E8200088074FEA8309D6F8E81D4B46374A504619
:10E8300021443944F9F79EFD002840F08381D6F841
:10E84000E81D4B46314A5046214401EB8501F9F75A
:10E8500023FE002840F0768140350C9B08F14008EB
:10E860009D427FF41CAF1198DBF8003001309842D4
:10E87000DDE90F21FFF607AFDDE91246DDE914A956
:10E88000DDF85880D6F81CE0BEF1000F23DDCDF88E
:10E8900014805546DDE90D87B3691D4A04EB8313E7
:10E8A00002EB03130FCB85E80F0077B133682246E4
:10E8B000D5ED030A95ED020A53F82430019149463B
:10E8C00000904046B847D6F81CE001341035A64504
:10E8D000E2DCDDF8148009F10103C6F810E00AF566
:10E8E000806A203698457FF498AE0026089B58AA87
:10E8F000012103EB481E3446354613E0243503203E
:10E9000004AB022018890120042B03206456032045
:10E9100000C0202018590120013442F8041C203383
:10E920009E450FD0586942F8045B0028F7D19869DA
:10E930000028F1DB1869DF698742EDDD20330136FD
:10E940009E45EFD1002C00F0EC80072C2CDCF0462B
:10E95000C4F10804DDF820E00022C24657AE71463B
:10E960009446A04656F8043F012073B10F691C1865
:10E970003B444F68BB4208DAB8EB00004FF0010C93
:10E9800008F1FF38346018BF0120914501F12001E2
:10E9900002F1010201DD0028E4D14446D04614B161
:10E9A000BCF1000FD8D1C64600250DF5907B0DF5C2
:10E9B000A078DDF85CA0A946774658AB53F825301F
:10E9C000002B22DDDAF810409A00DAF800100593E7
:10E9D00018AB01EB8401DAF80C6003EB890005F059
:10E9E000AFFD40AB0BEB890103EB8900059B08EB06
:10E9F000890204EB030C40F8044B013441F8046B2A
:10EA0000A44542F8045BF6D199440AF1200A013585
:10EA1000BA45D2D138AE0DF1A00A30AF20AD5A467A
:10EA20004B4640A918A80396CDF808A00197009579
:10EA3000FFF722F80446002840F08480B9F1000F67
:10EA400070D0CDF81C90DDF83890059650AB0D983D
:10EA500053F8241040AB53F824204FEA411B089B85
:10EA60003F2A02EB811E03EB411812DC374E5AF8A5
:10EA7000243006EB0E1C4FEA0E1ECCF804302B6837
:10EA800046F80E303B68CCF80830059B1B68CCF884
:10EA90000C30B9F1000F0FD0059B5AF82460D3ED6C
:10EAA000000A18AB97ED000A53F8243001962E683F
:10EAB00006920096C847069A059B511C01340437FC
:10EAC0000433C8F810100593D8F80430581E824259
:10EAD00012DB089A52F80B002A6840F821201C48E3
:10EAE000D0F8CC0C824204D0D8F8082013449942C4
:10EAF00002DB0123C8F81430079B04359C42A5D1E2
:10EB00009946484661B0BDE8F08F059B104E002B3A
:10EB10003FF418AED6F8D81DDBF81030DDF81890A9
:10EB2000EFE52EB94FF00009484661B0BDE8F08F1F
:10EB3000084D094C0FCD0FC40FCD0FC495E8070049
:10EB400084E807004FF0FF39EEE700BF00C0202047
:10EB500018890120703C002034CC042030B500F12D
:10EB6000240385B08C460446154693E8070001ABA4
:10EB700083E807004FEA4C121946206A01F098F921
:10EB8000012806D12A4601A9206A01F04DF905B0F5
:10EB900030BD002005B030BD10B5044600F0A0FD2A
:10EBA000002384F8313084F8333010BD90F83330CE
:10EBB00013F0400326D010B561B1C3694BB1D0F852
:10EBC00020C0023B9CF845E4DCF82CC403FA0EF3A9
:10EBD00063440B60A2B103694469013BC16944F11C
:10EBE000FF3C41B1006A023990F845E4D0F82C04AA
:10EBF00001FA0EF101445B0A43EACC531944116057
:10EC0000012010BD1846704790F831C0BCF1000FCC
:10EC100001D00020704710B582B00C463822614602
:10EC2000019008F0E1FC0122019B402110461C628A
:10EC300083F8332083F8311002B010BD70B514464C
:10EC40000A781E460B46202A04D113F801CFBCF1E6
:10EC5000200FFAD02360A360197881B32F2920D028
:10EC60005A1C184DA1F1220C1F295FFA8CFC07D900
:10EC7000BCF11D0F25FA0CFE04D81EF0010F05D0C3
:10EC8000002070BD01F0DF035C2BF9D02E29134664
:10EC900002D0202918BFA26012F8011B79B12F29D8
:10ECA000E0D113F801CFBCF1200FFAD0BCF12F0F47
:10ECB000F7D021463360BDE8704000F0CBBF2F296C
:10ECC000EFD0F6E7012100352DE9F04F90F8333011
:10ECD00083B00446DD076FD558060E46924640F1D4
:10ECE000AA80D4E90023D4E904101AEB020543F109
:10ECF0000003A94270EB0303C0F0A380BAF1000F38
:10ED000056D05546D4E90032276AD7F8381411EAAC
:10ED1000030970D1134370D194F831305A064CBFB7
:10ED2000D7F83414E169A16197F845240239D7F87E
:10ED30002C34C9F3080B914040F2FF1003EB592328
:10ED40001944BBF1000F42D1854240D9D7F81C02CB
:10ED500081423CD0B5F5806F56D301239340A3EB9D
:10ED600059296B0A994528BF994681420AD801EB77
:10ED70000903984206D207F50470019104F02CFFB4
:10ED80000199C8B1D7F814024B46324607687F692B
:10ED9000B84788B14FEA49294B464E44D4E900129E
:10EDA0005B1842F10002B5EB0905C4E90032ABD1B2
:10EDB000504603B0BDE8F08F94F832304FF0FF308A
:10EDC00043F0020384F8323003B0BDE8F08F002234
:10EDD00007F5047004F02AFF0028EDD0CBF5007988
:10EDE00000EB0B013046A94528BFA9464A4605F06D
:10EDF000A7FB4B46D1E7A16996E794F83330A169A8
:10EE00005B060DD501318EE7D7F814023246036850
:10EE10001B6998470028CFD04FF400739946BCE790
:10EE200004F11802384601F01BF80028C4DB0BD0AF
:10EE3000276AA16978E794F8313019077FF55EAF4A
:10EE40004FE7A1EB020A59E794F8313013F0500F65
:10EE5000B2D0AAEB050A5046ABE700BFF0B583B0CD
:10EE60000122044685690DF10701D0E90067FFF72B
:10EE70002BFF0128A5610CBF9DF807004FF0FF3064
:10EE8000C4E9006703B0F0BD2DE9F04F044690F8E7
:10EE90003110806983B0804600295BD0D4E900CE70
:10EEA0009E4508BF94455FD052EA030058D00F0733
:10EEB00004D5D4E90450954298414BD3206A551E9D
:10EEC00094F83360834690F84504009663F1000699
:10EED0000930C0B225FA00F9C0F12007A0F12005E1
:10EEE000BA4606FA07F7019526FA05F5009E49EAA3
:10EEF0000709760649EA05053AD41CF1FF3626FAD9
:10EF000000F04EF1FF365CEA0E0E06FA0AF70097A3
:10EF1000019F26FA07F6009F40EA070040EA060034
:10EF200001D0854228D249064CBFDBF83414E16990
:10EF3000A1611746994606E0A169013D206A00F0EB
:10EF40008FFF002806DD04F11802002DF4D13A46A7
:10EF50004B4607E00020C4F8188003B0BDE8F08FEE
:10EF60000021A161C4E90023012003B0BDE8F08FB6
:10EF7000E1692944A161F5E72D1ADAE72DE9F04F9F
:10EF80008DB00C4619460646009390F83130002BA0
:10EF900040F0D480904694F8312012F0500F00F0E9
:10EFA000CD8001F00302032A00F0C880013201F095
:10EFB00008010A430192B8F1000F00F0C980D8F8A7
:10EFC000102002F10E07AC4AA2FB0727D4E900216A
:10EFD000FF080A4307F10207FFB204D00022A36131
:10EFE0000023C4E900234FF000094D46202204A964
:10EFF0002046FFF769FE10B3202840F09F809DF95E
:10F0000010309DF81020002BC0F2A480B9F1000F41
:10F0100004D12368A3F1200AA3699B4609F10103E7
:10F02000DBB2B94538BF9946002A00F0148120228E
:10F0300004A920460025FFF747FE0028DCD1009BED
:10F040009A057BD5019BC3F3400383F00103DB07E3
:10F0500074D4B8F1000F71D0B94580F06181434696
:10F060004D46B0461E46202204A92046FFF72CFE3E
:10F070006B1C002859D020285FD125B92268A2F145
:10F08000200AA2699346DDB2BD42ECD33346464620
:10F09000382200213046984694F8335008F0A4FAFC
:10F0A000236AC5F380153362082386F82C5086F84E
:10F0B0003130D8F80030C6E909BAC8F80430002366
:10F0C000A8F80C30002507F1FF3A0122E9B23046DA
:10F0D000FFF744FD044688B390F90030002B2DDB88
:10F0E0002022002108F080FA002D00F0C780012DB9
:10F0F00000F0DD80C123A1461E3404F81E3CB8F8A0
:10F100000C3040461BB9D8E901239A4205D004F0DF
:10F11000C5FD29F8020F4C45F1D10135BD42D4D1CE
:10F12000304600F0DDFA05460EE02046D4F818908F
:10F1300000F00EFB002840F09B80464600231D4651
:10F1400086F8313086F8333028460DB0BDE8F08FB0
:10F15000032748E74DBBB94538BFA946852A7FF448
:10F1600045AF294638223046012508F03DFABDF862
:10F1700014309DF8112013F0100F03F0370386F8B8
:10F18000302043F0080208BF134686F83130236868
:10F19000226A203B3262A269C6E9092394F833301F
:10F1A000C3F3801386F82C3020E7C02A23D0C12A6D
:10F1B0007FF43DAF424604A9304600F025FDC0B1C2
:10F1C000B8F80C30ABB9D8E901329A4211D1009BA2
:10F1D0001B05B3D4009B13F4884F7DD196F83330D0
:10F1E0009F07B1D596F83130DC06A7D4D807ABD548
:10F1F000A4E70546FAE69DF81130019A990786F8CA
:10F20000332003D542F0400386F83330099BF36185
:10F21000DDE90623C6E90423DDE90A23C6E9022362
:10F22000B8F1000FD3D04FF00003D8F81020A8F8A1
:10F230000C30D8F80030C8F804309DF813309A42EA
:10F240007FF4F5AEB8F81450BDF81430ED1AB5FAE5
:10F2500085F56D09CAE6B8F1000F3FF46FAF009B6A
:10F2600098057FF56BAF019B99073FF5F5AE65E714
:10F27000C4F8189008E700BF898888888523237020
:10F280003C4B86F830A084F801A01B68F3B10DF167
:10F290000B020DF10E0103A89847BDF80C306381F5
:10F2A000BDF80E3023819DF80B30237535E74FF400
:10F2B000E0732380019B63F07F0386F83330D8F836
:10F2C0001030E370B8F81430A38026E745F62143E8
:10F2D0006381E381638220E796F83130D9063FF5F8
:10F2E0002DAF13F001017FF429AF009A520534D5F8
:10F2F00096F8332097077FF521AF002B3FF41EAF20
:10F30000D6E90032134304D000220023B161C6E9DC
:10F310000023304600F0BEFA00287FF415AF0DE759
:10F3200038220021304694F8335008F05DF9236A02
:10F33000C5F380153362082386F82C5086F83130E7
:10F34000D8F80030C6E909BAC8F804300023A8F894
:10F350000C30002F7FF4B6AEE2E6009B5C047FF534
:10F36000F3AE3046D6E90423FFF78EFD00287FF484
:10F37000EBAEE3E6F80604202DE9F043002597B054
:10F380000E4690F8311001921495ADF814500029F2
:10F390003DD196F8311011F0500F38D099461378BE
:10F3A000044615462F2B36D0002701AB02AA29466A
:10F3B0002046FFF743FC50B3019D2B78002B3ED035
:10F3C000002302AA31462046FFF7D8FDF8B1A44633
:10F3D00008AE04F13008DCF800000CF1100C5CF809
:10F3E0000C1CB6465CF8082C10365CF8043CC4458E
:10F3F000AEE80F00EFD1DCF800003060204600F0EE
:10F400006FF908AE84F8317084F83370CDE70020CE
:10F4100017B0BDE8F08315F8011F2F29FBD0366A1D
:10F4200038220195A1B9204608F0DEF801234022D8
:10F430002662184684F8333084F83120E8E74B46DA
:10F4400002AA31462046FFF799FD17B0BDE8F083C8
:10F45000002108A808F0C8F80123109608AE8DF81E
:10F46000533040238DF851309EE700BF19B101F5AC
:10F470008961FFF781BF0846704700BF8169F8B511
:10F480000446006A01B10131012200F017FC012895
:10F49000074632D901230146206A1A4600F06CFC67
:10F4A000054650B3A36994F833204BB3510612D5E7
:10F4B000591CB94218D022F04002E16984F8332087
:10F4C00005E0206A00F018FD3146B0B1A3694E1C7A
:10F4D00099423246F5D34FF0FF323946206A00F0A8
:10F4E0000BFD50B1A16911B92846A761F8BD3A4694
:10F4F000206A00F001FD0028F6D100252846F8BD5D
:10F5000042F0400284F83320EEE700BF90F8333039
:10F510009A073ED5C16970B50546E1B90024214678
:10F52000012228460134FFF719FB90B10378E1B2BC
:10F5300003F07F03037095F830308B42F0D2002344
:10F540002C6A85F83130204685F8333004F044FBCE
:10F5500030BB002070BD5B06006A1CD590F84534B6
:10F56000D5E902240933013ADBB244F1FF34C3F197
:10F57000200CDA40203B04FA0CFC24FA03F342EAA4
:10F580000C021A430023013200F0F6FB0028C5D11B
:10F59000DFE70020704700F0D3FC0028BED1D8E799
:10F5A00004F5047004F018FB0028D2D0D4F840040D
:10F5B0000368BDE870401B6A184700BFF0B500271C
:10F5C00083B006463C46394600223046FFF7C6FA6D
:10F5D0000546002855D00278C02A5BD0C12A22D027
:10F5E000852A4ED196F8313003F0370383803B4BA8
:10F5F0001B6883B10DF103020DF1060101A89847C4
:10F600009DF803306B75BDF80630AB812B82BDF8D9
:10F610000430EB816B82326A92F8103243F00103BE
:10F6200082F810322A78A2F185000023B0FA80F027
:10F630004009E103012B01EB54010A4494B24FEA63
:10F64000C43206D128B102EB5402297904230A44BA
:10F6500094B20133202B01D0EA5CEAE7013796F837
:10F660003030F9B28B42AFD2012206F12401306A68
:10F6700000F0DAFB28B1356A4480284604F0ACFA81
:10F68000E8B996F83230002043F0010386F83230B2
:10F6900003B0F0BD96F83320437852064CBF43F0D8
:10F6A000020303F0FD034370D6E90423C0E90223FB
:10F6B000F3694361D6E90223C0E90623ABE705F508
:10F6C000047004F089FA0028DBD0D5F84004036800
:10F6D0001B6A98470028DBD1D3E700BFF806042057
:10F6E00090F83120F2B190F9331090F833200029CE
:10F6F00012DB026A10B582B014460190104604F085
:10F700006BFA019B80B993F83220002042F001028D
:10F7100083F8322002B010BD02F07F0280F833205F
:10F72000FFF74CBF0120704704F50470019304F00B
:10F7300053FA019B0028E6D0D4F840040268126A0C
:10F74000904710B1012002B010BD019BDBE700BF64
:10F7500070B590F8313005465A064CD480682B6A53
:10F76000D3F83C341844B0F1806F01D3002070BD51
:10F770002846FFF783FE0028F8D0286A0024AE69E7
:10F7800090F84534023E9E40D0F82C341E440522A9
:10F79000311900F5047004F049FA4FF400720021A9
:10F7A0000028E3D007F020FF286A012390F84524C1
:10F7B0001C4493409C42EAD395F831305B0615D443
:10F7C00095F8332062F07F02D5E9023185F83320C5
:10F7D000D0F83C249B1841F10000AB60D5E904311E
:10F7E000E8609B1841F10001C5E904312846BDE8F5
:10F7F0007040FFF775BF006A00F074FCAFE700BF10
:10F8000052EA030140D090F8331089073CD5C16912
:10F81000002939D170B50446006A1546013A90F8BE
:10F8200045C41E4663F1000E82B00CF1090C5FFA6C
:10F830008CFCCCF1200322FA0CF2ACF1200C0EFA75
:10F8400003F32EFA0CFC1A4342EA0C020132019235
:10F8500000F034FA0128014618D9019A01230190D9
:10F86000206A00F089FA88B194F833302046019973
:10F8700063F03F03E16184F83330C4E9025602B01B
:10F88000BDE87040FFF72CBF00207047002002B099
:10F8900070BD00BF90F833309A0764D5C169B9B321
:10F8A00013F0400C70B50446D0F818E082B0006A3E
:10F8B00030D090F845C4A2680CF1090CE568013A13
:10F8C0005FFA8CFC45F1FF35CCF1200622FA0CF2F0
:10F8D000ACF1200C05FA06F625FA0CFC324342EA9C
:10F8E0000C020132BEF1000F20D1C4F81CE00191DE
:10F8F0008ABB63F07F03204694ED007B84F83330AD
:10F9000084ED027B84ED047BFFF7EAFE02B070BD5C
:10F9100001207047BEF1000F0FD10191C4F81CE027
:10F9200000F00EFBE0B194F83330E2E70139A1EBCF
:10F930000E010A440EF10101D9E701AA7146CDF882
:10F9400004C000F08DFA00280ADB0ED101990029CD
:10F95000E9D0206AE4E7002300F00EFA0028E2D1A3
:10F96000002002B070BD002070474FF0FF32A16947
:10F97000206A00F0C1FA0028E8D1F1E72DE9F84F3C
:10F9800090F8333004469D0740F1AC8093461A0747
:10F990000E4600F12581D4E90031BBF1000F00F0E3
:10F9A000D1805D464FF00109206AA169D0F8382462
:10F9B00012EA03086CD1002900F0D58094F83330A6
:10F9C0005B0640F1ED80A268E368013A43F1FF3C39
:10F9D00090F845340933DBB2C3F1200EDA40203B06
:10F9E0000CFA0EFE2CFA03F342EA0E021A43E36904
:10F9F00013448B4240F2DB800131A16190F8452431
:10FA00000239D0F82C3491401944B5F5007F72D3F7
:10FA1000B5F5806FD0F81C32C0F0AB8009FA02F265
:10FA2000A2EB08086A0A904528BF9046994204D87C
:10FA300008EB01029A4200F2CB80D0F81402434650
:10FA40003246D0F800C0DCF828A0D047002849D0C2
:10FA50004FEA48284346A5EB0805226846446168FA
:10FA60009B182269606941F100019A428841C4E90A
:10FA7000003102D3002D97D164E094F8332062F076
:10FA80007F02C4E9043184F83320002D8CD159E081
:10FA900090F845240239C8F3080A4FEA58289140E3
:10FAA000D0F82C3441441944BAF1000FADD00122F2
:10FAB00000F5047004F0BAF8A0B1CAF5007850441B
:10FAC0003146A84528BFA846C244424604F038FD46
:10FAD000BAF5007FBED1206A00F5047004F07CF80E
:10FAE0000028B7D194F83230002043F0010384F8A5
:10FAF0003230BDE8F88F226827696369BA426268CC
:10FB000072EB030333D2012200F5047004F08EF887
:10FB10000028E7D02A46314604F012FD20696269C8
:10FB2000D4E90031EB1841F1000198428A41C4E95F
:10FB3000003107D294F8332062F07F02C4E9043127
:10FB400084F83320D4E9020298428A4150D32D4BE5
:10FB50001B682BB194F8333063F07F0384F83330A3
:10FB60005846BDE8F88FE16949B3A16146E705222F
:10FB7000CAE7994206D1002380F810324FF0FF33D4
:10FB8000C0F81C32D0F81402324603685B6A98470A
:10FB90000028A7D04FF40073A5F5007598465CE7E0
:10FBA00004F1180200F05CF900289BDB04D1204628
:10FBB000FFF764FC002895D0A169206A1EE7204663
:10FBC000FFF75CFC00288DD0A169206AE16115E790
:10FBD000002380F810324FF0FF33C0F81C322CE7BE
:10FBE000D0E90423FFF750F900287FF4D4AE79E779
:10FBF00094F833205846C4E9023162F07F0384F858
:10FC00003330AEE7F80604202DE9F04115460C46E6
:10FC100001F11E08AB89284634F8026F1BB9D5E9FB
:10FC200001239A420ED004F039F804F0A9F80746EF
:10FC3000304604F0A5F8874209D14445EAD10120B5
:10FC4000BDE8F081B6FA86F04009BDE8F0810020F9
:10FC5000BDE8F08170B500230E460A684FF6FF75C7
:10FC600019461C46B3813361726015E004F016F842
:10FC7000A84220D004F084F83269E303B18901324C
:10FC800003EB5403326153FA80F3C3F34E0404EBE5
:10FC9000C33404EB1024A4B230460029E6D1D6E9DF
:10FCA00001239A42E2D13069B4820138FE288CBF28
:10FCB0000020012070BD002070BD00BF2DE9F84F6D
:10FCC0008A4680469146002940D08F1ED8F83034AD
:10FCD000BB4241D907F007030125C7F3C80B9D407C
:10FCE0003E463C46D8F82C140022404601EB143125
:10FCF00003F09CFFE8B10BF1FF3C844400F2FF10DD
:10FD00001CF8011F0AE04A452AD0A74210D0D8F8B3
:10FD10003024A24214D913F0FF050CD0013429423B
:10FD20004FEA4503A4EB0602EDD0A7422646EED1EA
:10FD30000120BDE8F88F84454FF00105E0D101E0D6
:10FD40000026344601254FF0000BCBE7D0F8207495
:10FD5000D8F83034BB42BDD800270125BB46BFE7E9
:10FD6000BAF1000F04D1B9F1010F08BFC8F820643F
:10FD7000B01CBDE8F88F00BF2DE9F04114468A1E83
:10FD8000D0F8305482B01119A9423BD8D0F8206481
:10FD9000002B3BD1B24238BFC0F8202402F007014B
:10FDA0001D4601230646C2F3C8078B40D0F82C1429
:10FDB00001EB1231012230460193009103F036FF2E
:10FDC00000B3009900EB070E00F50078019B0131AC
:10FDD0009EF800C05A001CEA030F8CEA030C14BF03
:10FDE00001200020A8420DD0013C8EF800C017D0A1
:10FDF00012F0FF03ECD10EF1010E1F460123F04576
:10FE0000E6D1D7E7002002B0BDE8F081B242C5D804
:10FE1000B142C3D9A94228BF0021C0F82014BDE7D0
:10FE2000012002B0BDE8F08138B50C460B6890F8AF
:10FE300045C400F50470D0F82812023B656803FA47
:10FE40000CF3294003EB5123D0F81C12194403F0A2
:10FE5000EDFE18B16368C3F30803184438BD00BF52
:10FE6000D0F8303401338B4202D24FF0FF3070476C
:10FE70000B46D0F8241400F5047001EBD31110B533
:10FE800082B014460022019303F0D0FE50B1019BD2
:10FE90009900C1F3080143585A1C07D00120236080
:10FEA00002B010BD4FF0FF3002B010BD0020F7E7E8
:10FEB0004B6870B5D0F838441C4013444B60144470
:10FEC00090F845340933DBB2DC4012D006460D46CB
:10FED000013C02E02A60013C0BD329682B7A4A1CC2
:10FEE000002BF7D12A463046FFF7BAFF0128F2D09F
:10FEF00070BD012070BD00BF012904D9D0F8303495
:10FF000001338B4201D2002070470B46D0F82414F5
:10FF100000F5047001EBD31110B582B01446012234
:10FF2000019303F083FE024638B1019B0120990042
:10FF3000C1F30801545002B010BD002002B010BD42
:10FF40002DE9F04F05460C4683B04FF00008D5F878
:10FF500030340F4601339C423DD8D5F8241400229A
:10FF600005F504704FEAD41B01EBD41103F05EFEDB
:10FF700088B3A300C3F30803C258511C2FD0012C2F
:10FF800029D916464FF0010AD5F83024013294429F
:10FF900021D8D5F82414012205F5047001935944A1
:10FFA00003F044FEB8B1019B40F80380BAF1000FA2
:10FFB0001AD0631CB34208D0E21B002339462846FE
:10FFC0000132FFF7D9FE30B13746D5F83034344628
:10FFD00001339C42C1D9002003B0BDE8F08F012C51
:10FFE000F9D94FF0000ACFE7E21B534639462846BD
:10FFF0000132FFF7C1FE0028EDD003B0BDE8F08F5D
:02000004600298
:1000000070B5002304464FF0FF30154682B01A4603
:10001000C4F840146160E060C4F814121946C4F8D2
:100020001C0204F5047084F84434237084F8103200
:1000300003F0FCFD042D0DD8034658B1BDB1013DC0
:1000400000EB051595F8BE2112F07F0202D195F85C
:10005000C23113B9002002B070BDD5F8C65104F505
:100060000470294603F0E2FD03460028F2D0052281
:100070001B49D81C019307F063FB0028EAD1019BC0
:1000800093F86C20092AE5D11A6D01462A44C4F878
:1000900024245A6DC4F828249A6D2A440125C4F8F2
:1000A0002C24DA6DC4F830241A6EC4F8342493F882
:1000B0006D20C4F82004204602F1090384F8452489
:1000C00005FA03F35A1EC4F83C34C4F838242A460F
:1000D000FFF7F4FD4023284684F84434BBE700BF13
:1000E000743D0020F8B5D0F830340546D0F83444DB
:1000F00001339C4207D9002695F845040930C0B267
:1001000006FA00F0F8BD002600F50477D5F82414AF
:1001100000223846013601EBD41103F087FDA4001C
:100120000028E8D0C4F308040459631CE4D0D5F8CF
:1001300030340133A342DED3E8E700BF024630B5D6
:1001400052F8101F83B004468068019101F08CFAC8
:1001500060B10199A37859B1013103F0BF0225695B
:100160008D4218BF134663F07F03A37003B030BD08
:1001700043F04003F7E700BFF8B5047814F020041B
:1001800004D11A4B054642699A4202D300263046F2
:10019000F8BDFFF7D3FF06460028F7D0A86803791B
:1001A0008279CBB12F694369023F97401F4407E032
:1001B00007F01AFA0134A868E3B202799A420AD920
:1001C00005223919283003F031FD4FF40072002167
:1001D0000028EDD1DAE782794FF40073696930467F
:1001E000934011FA83F36B61F8BD00BF00FE1F005E
:1001F00010B5044680680A462830A16903F016FD50
:1002000020B1A38803F00F0300EB431010BD00BF23
:1002100003781B0716D5F0B5046A83B07CB1174686
:100220000E46054604E00FD00134019B9C4206D1E6
:1002300001AA2146A86801F0F5F80028F3DA0020A9
:1002400003B0F0BD00207047AB7843F04003AB70C3
:100250003EB1AA682B6A9179023B52698B401344E4
:1002600033604FB1AA68023C53691179013B92791E
:100270000B44944023443B60012003B0F0BD00BF19
:10028000CA68034610B50C4682B022B90178A1B104
:10029000002002B010BD232200210130019307F09D
:1002A000A3F9019B1021012219709A70D4E902125E
:1002B00099601A62012002B010BD2422A468019046
:1002C00007F092F9019B9C60E279102A03D0202A62
:1002D00003D00C2ADCD1202100E04021012219703A
:1002E0009A70E7E790F800C0BCF1000F01D0002041
:1002F000704710B582B00C4624226146019007F089
:1003000073F9019B9C60E279102A06D0202A0BD059
:100310000C2A02D0002002B010BD20210122197049
:1003200010469A7002B010BD4021F7E72DE9F04F5A
:10033000837883B00446DE0740F1968091460278C8
:100340000F46150700F19980900608D5A3685989D2
:100350006369C3EB41139BB2994528BF9946B9F134
:10036000000F7DD0636912F020004D464FF0000869
:10037000A668C3F3080B3FD0326A02EB5321BBF1EE
:10038000000F57D1B5F5007F54D3736B8B4251D01A
:10039000B5F5806FC0F0A28022784FEA552B920607
:1003A00005D43279A2EB0802934528BF93468B42CD
:1003B0000BD30BEB0102934207D206F12800019107
:1003C00003F00AFC019900284ED0F06A5B463A46D9
:1003D00006687669B047002846D04FEA4B26636925
:1003E000AD1B334463613BD022783744C3F3080B21
:1003F000A66812F02000BFD196F8058008EA5328BD
:10040000BBF1000F40D1B8F1000F3DD1002B43D11B
:1004100051064FF000084CBF336A236AB5F5007FE0
:100420002361A3F10203B179726903FA01F303EBCB
:100430000201AAD2002206F1280003F0F7FB98B1CE
:10044000CBF5007600EB0B013846AE4228BF2E46B6
:10045000324604F075F86369AD1B33446361C3D160
:10046000484603B0BDE8F08F63784FF0FF3043F0AB
:100470000203637003B0BDE8F08FC36941695B1A82
:10048000994528BF99466AE72169B27973690239AB
:1004900043449140194472E7120721690CD5A378AF
:1004A0005B0609D54B1C013980462361B37972691B
:1004B00001FA03F3991865E704F11002304600F0E1
:1004C000B1FF0028D0DB13D0A6684FF000082369E5
:1004D000B279023B93407269991853E7F06A3A4641
:1004E00003681B6998470028BED04FF4007676E772
:1004F000237813F0700FB7D0A9EB05094846B0E791
:1005000070B582B0012204460DF10701D0E90465FF
:10051000FFF70CFF01280CBF9DF807004FF0FF30DC
:10052000C4E9046502B070BD436913F4F07F10B5EF
:10053000044684B00BD0012909D103F120024261A5
:10054000A06803F4F0733830184404B010BD0122E1
:100550000DF10F0120460193FFF7E8FE019B40B229
:10056000012803D162691F326261E9E70020ECE7EC
:100570002DE9F0410269044603781746002B38D074
:100580000E464169B1423ED0002E36D0180729D51B
:10059000E269B2422DD3D4F808C0751EA2789CF847
:1005A000060012F0400F00F10900C0B225FA00F574
:1005B0002CD14A1EC24009B195422BD25B064CBFDA
:1005C000DCF82030236A236106E02169013DA06840
:1005D00000F028FF00280CDD04F11002002DF4D1FA
:1005E000A2780CE09A06D6D5A3685B89B6EB431FC8
:1005F000F6D900202761BDE8F0818278066122F0FB
:1006000020026661A2700120BDE8F081236A2B44BC
:100610002361F4E7AD1ADFE7F0B50E4683B0154667
:1006200000212422044601939DF8207006F0DCFF8F
:10063000B068326AA58005F00F05C4E9020200F136
:10064000380202EB4512D17A0B072DD401F01701C5
:10065000019B2170D57A15F0180F02D141F00801E5
:10066000217003F00301E770012923D0022938D05B
:10067000D1B95F0518D403F0080141F00101A17060
:10068000416B908AA161518B41EA00412162D2699C
:10069000E2615F0402D4012003B0F0BDE1692046AD
:1006A000FFF766FF0028F6D1002318462370A370D9
:1006B00003B0F0BD02252178CE06F5D4C907F3D4E6
:1006C00003F008010D43A570416B968AA161518B1F
:1006D00041EA06415E05D9D529B965F07F05A570C7
:1006E000D7E70325E7E7019301F052F80028DBD0B4
:1006F000A578019BF1E700BF0378002B5CD030B5F3
:1007000090F9023085B00446002B0EDBA36803F19C
:1007100028001D4603F060FA00283ED163780020CF
:1007200043F00103637005B030BD80680122A16908
:10073000283003F07BFA0028F0D0A38803F00F03E1
:100740005A0100EB4313825CE52AE7D022781207B6
:1007500001D5E269DA61226A1848110C5A830568EA
:10076000998275B10DF10B020DF10E0103A80193F1
:10077000A847019BBDF80C20BDF80E101A835A82C1
:10078000D982A37803F07F03A370A36803F1280044
:100790001D4603F021FA0028C0D005F50E7003F0C5
:1007A0001BFA0028BAD0286803681B6A98470028FB
:1007B000B4D0012005B030BD01207047F8060420F8
:1007C00010B50446FFF798FF00232370A37010BDF7
:1007D0002DE9F041002594B00E460178ADF838506F
:1007E000CDE90125002935D1317811F0700F31D0D4
:1007F00098461378044615462F2B2DD000271CE071
:10080000019D2D78002D40D000F08AFBA6460DF109
:10081000080CF8B102AEBEE80F00ACE80F00BEE86D
:100820000F00DEF80050ACE80F002046CCF8005076
:10083000FFF762FF019D2770A770294601AB0BAA45
:10084000204600F0B3FC054600230BAA31462046A3
:10085000002DD5D100201CE00135019529782F29E4
:10086000FAD0B6682422B9B9204606F0BDFEA660CB
:10087000F379102B03D0202B22D00C2BEAD120228D
:10088000012322701846A37003E043460BAA00F030
:1008900047FB14B0BDE8F081002102A806F0A4FED9
:1008A0000496F379102B03D0202B0BD00C2BD1D135
:1008B00020238DF80830012302AE8DF80A309DE721
:1008C0004022DDE74023F4E719B101F58961FFF724
:1008D0007FBF0846704700BFC1B183789B0715D51D
:1008E000036A9BB90346806810B582790C460139CA
:1008F00082B009320193D2B2D14003F1200201311A
:1009000000F0F6FE20B9002002B010BD00207047B4
:10091000019B9A781846DC6162F01F029A7002B05F
:10092000BDE81040FFF7E8BE2DE9F04783780446A4
:100930009D0740F1A58017461A070E4600F1D080AA
:100940006269D31980F09C80002F77D03D46A06863
:10095000C2F30809216990F8058018EA522838D1B5
:10096000B9F1000F35D1002974D0A3785B0677D593
:10097000E369934274D90131216102398279436973
:1009800091401944B5F5007F43D3B5F5806F436BB3
:100990007DD30279A2EB08086A0A904528BF9046E9
:1009A000994240F29180C06A43463246D0F800C076
:1009B000DCF82890C847002862D0A5EB48254FEA0C
:1009C00048286169464408EB01026261002DBED1EE
:1009D00034E0023982794369914019444144B9F1C4
:1009E000000FCFD00122283003F020F9002847D093
:1009F000C9F5007848443146A84528BFA846C144F7
:100A0000424603F09DFDB9F5007F33D0A5EB080504
:100A1000D7E76269E3699A4220D2A37813F0200FE6
:100A200014BF05220122283003F000F940B32A4602
:100A3000314603F085FD62692A446261E3699342AD
:100A40005BD3314B1B681BB1A37863F07F03A370AA
:100A500038461AE0216A71B321618EE70522E2E788
:100A600004F1100200F0DEFC002809DB3FD0A06892
:100A7000216982E7A068283003F0AEF80028C5D1CC
:100A80006378002043F001036370BDE8F08799426A
:100A900005D1002380F828304FF0FF334363C06A4C
:100AA000324603685B6A98470028E9D0A5F50075CF
:100AB0004FF4007885E72046FFF740FB0028DFD0A1
:100AC0002169A068216258E708EB01029A427FF68B
:100AD0006AAF002380F828304FF0FF33436362E7AA
:100AE000C169FFF745FD00287FF42AAFC8E720461B
:100AF000FFF724FB0028BAD1C2E7A3783846E261A9
:100B000063F07F03A370C0E7F80604202DE9F04FDF
:100B100007468DB01446064689469C4603AD4FF005
:100B2000000E0FCF0FC50FCF0FC53B68A4F80CE028
:100B30002B6023686360BCF1000F45D04FF0010AC1
:100B4000CDF804C0A9EB0A0103A889B24901FFF757
:100B50000FFD70B3002103A8FFF7E6FC804640B309
:100B60004FF0000B10E003F099F8074628460BF110
:100B7000010B03F005F90546384603F001F98542FB
:100B800017D1BBF10D0F18D05FFA8BF241463046FA
:100B900000F010FCA38905462046002BE3D1D4E9E0
:100BA00001239A42DFD1B5FA85F040090DB0BDE8C6
:100BB000F08F00200DB0BDE8F08F0AF1010A019B13
:100BC0005FFA8AFA5345BDD20120EFE72DE9F04FD5
:100BD00007468BB015468A4699460DF1040C02F182
:100BE000150402F120064FF000080FCFACE80F000B
:100BF0000FCFACE80F003B68CCF800304FEAC813C9
:100C000014F8012F03EB5803B44213445FFA83F83E
:100C1000F4D12B6800276B60AF81B9F1000F56D07B
:100C20000126AAEB060101A889B24901FFF7A0FC41
:100C300000284DD0002101A8FFF776FC002847D0FE
:100C4000039AB14500F1010B92F8283043F00103FB
:100C500082F828300CBF49F040023246002380F869
:100C60000D8002701C460F224383A0F80B20A88938
:100C700018B9D5E901239A420ED0284603F00EF8A0
:100C8000042C10D82BF8020B0134A8890028F4D1C9
:100C9000D5E901239A42F0D1EFB10137042C4FF688
:100CA000FF70FFB2EED90A2C05D8ABF8030001346F
:100CB0000BF1020BDBE70C2CABF8050003D00BF1BA
:100CC000020B0C24D3E70136F6B2B145A9D20120BC
:100CD0000BB0BDE8F08F0127D2E700BF02464FF00E
:100CE000203152F8163B2DE9F04FC0F816108468F9
:100CF0005160C2F807101D782E2D03D113F8012F73
:100D00002E2AFBD0611E99420BD90A4602E093427B
:100D100000F0868092F800C01146013ABCF12E0F17
:100D2000F5D19C4279D94FF0000AB5F12E0C4FF065
:100D300007074FF0080818BF4FF0010CD646D346FE
:100D400007E001330A274FF0080E4FF010089C42CD
:100D500053D91A782E2A08BF8B420CBF01260026D1
:100D6000EFD0222A37D07C2A35D0A2F15B09B9F125
:100D7000020F30D9A2F12A09B9F1050F8CBF002565
:100D800001252D2A08BF00252DBBA2F13A09B9F192
:100D9000050F20D9A2F12109B9F15D0F51D877458E
:100DA00043D28B4294BF4FF0000C4FF0010C0A2F3E
:100DB00008BF4CF0010CBCF1000F33D0837D202B19
:100DC0002BD0037D012143F27E1203444175DA8268
:100DD0000120BDE8F08F7745E3D35F220EF1010CCF
:100DE000864401338EF816205FFA8CF2B446062A48
:100DF000964698BF02759C42ABD8837D202B0CD0C1
:100E0000BCF1000FDDD00BEA0A03DBB2002B18BFE8
:100E10004FF0020A80F815A0DAE70020BDE8F08F55
:100E200019467EE70B46072791E7A2F16106192EC6
:100E30000ED8203A4AEA08056646D2B25FFA85FA29
:100E4000CCE702F0C002802AC5D10133AC467EE770
:100E5000A2F14106192E664698BF4BEA080BBDE782
:100E60002DE9F04F01F11A0983B004466225CDF84F
:100E7000049001F11B0A0F7D4FF07E0801F1160668
:100E80004FF000098B46254B032F1B6828BF032713
:100E90004B440AEB07011FFA83F9019B03EB070C94
:100EA000ACF1030C09F00F034FEA1919092B03F1F8
:100EB000370298BF03F1300201F8012D8C45F1D1C2
:100EC0000BEB07030021204683F81680FFF750FB49
:100ED00001212046FFF728FB03460B223046194626
:100EE0008BB193F800C0BCF1000F13D0DB7A1B0765
:100EF000EED406F0A5FA0028EAD1013D15F0FF0571
:100F0000C1D1284603E06078B0FA80F0400903B010
:100F1000BDE8F08F012003B0BDE8F08F64E304204A
:100F20002DE9F04F0C788DB014F0700F55D0047887
:100F3000002C52D18C689A4D089414690C34A5FB8E
:100F40000454C4F38705547DA407059500F0E4809C
:100F500005F101085FFA88F80E464FF0000B1446C1
:100F60000990002130460793DA4604925F46FFF766
:100F7000FFFAD94604F116035C46CDF818B0039386
:100F8000756900213046FFF7CFFAC5F34F150346C8
:100F900000B30278E52A24D01AB3A04588BF002404
:100FA0002E2A32D0C17A0F2933D011F008012CD16A
:100FB000002F40F0D5800B22039906F041FA00285B
:100FC000DED1049B5B7D13F0010300F0E18001237F
:100FD0000693D5E77378002B36D000200DB0BDE81E
:100FE000F08F631C002C08BFA946DBB2A04588BF68
:100FF0001C464AB30027C3E70AF1FF3A5FFA8AFAB0
:10100000524502D1437B5B4510D0B2FA82F77F098B
:10101000B6E7002FF0D102F01F0A05995145AFD174
:1010200012F04007ACD090F80DB00F46BAF1010FA6
:10103000A6D1691C3B46049A304689B2FFF766FD8B
:10104000002808BF00279BE7079B9A05C5D503F03A
:101050000303013B012BC0D8002C60D1A946B8F195
:10106000000F62D1069B2BB104993046FFF7F8FEC2
:101070000028B2D008F1FF38049A30465FFA88F3AE
:1010800003EB09051F46ADB22946FFF79FFD002877
:10109000A3D069013046FFF76BFA00289DD00021EC
:1010A0003046FFF741FA0446002896D0202200215E
:1010B00006F09AFA0499D1F81620D1F81A30226075
:1010C000636091F82030CA8BA37222814B7D03F0BC
:1010D00018032373334B1B68002B5BD00DF12B02DD
:1010E0000DF12E010BA89847BDF82C302382BDF8D6
:1010F0002E30E3819DF82B306373089A92F82830E4
:1011000043F0010382F82830079B2A4631460998AC
:101110000097FFF781FA61E74FF001081CE7A0454F
:1011200003D89FE7DCB2A0459CD900213046FFF7E9
:10113000FBF9631C0028F5D17378002B7FF44DAFC9
:10114000A0458FD9089D05E02B7904EB0314E4B288
:10115000A04587D93046FFF70FF80028F4D13CE7C7
:10116000BAF1010F7FF439AF013803F10A02CB0164
:1011700003EB510310F8011F0B448242D9B2F6D1A0
:101180008B457FF42AAF079B19053FF526AFBBE7D8
:101190001F46F8E745F621432383034B2361ACE761
:1011A0004FECC44EF8060420215C215CF0B51546D6
:1011B0000A781F4683B0202A0B4603D113F8012F6B
:1011C000202AFBD02B601A78002A34D02F2A32D064
:1011D0000024234E06E002342C61AB601A7852B32F
:1011E0002F2A28D0191D184601AA02F07FFD0346B8
:1011F00098B1019AB2F5803FEDD27F2A04F1010443
:10120000EAD8D0B21F2808D9A0F12201C9B21D29FD
:1012100006D826FA01F1C90706D5002003B0F0BDB3
:1012200000F0DF005C28F8D02E2AD7D0202AD3D1B6
:101230001A78002AD4D12A69013AFE2AEDD81A7800
:10124000202A03D113F8012F202AFBD02F2AF9D00E
:1012500028463B6003B0BDE8F040FFF73FBD00BF4C
:101260000121003570B500228AB0837801929A0777
:1012700024D5016A054619B1806800F089FAE8B101
:1012800001212846FEF7B4FFC0B1421E00F10A0C4E
:101290000024E30112F8011F03EB540362450B44E1
:1012A000DCB2F6D16FF01A0200230270AE682B7028
:1012B00006F12800AB7002F08FFC10B900200AB0D4
:1012C00070BD06F50E7002F087FC0028F6D030687D
:1012D00003681B6A98470028F0D0EB78002BEED00B
:1012E000294601A8FEF7CCFF0028E7D0EB78002BB9
:1012F000E4D0012622E001A8FFF716F9F1B2013689
:101300000028DBD0C37A0F2BD8D102785FFA86FC95
:1013100002F01F039942D1D1437BA342CED16FF09B
:101320001A030370A96891F8283043F0010381F88B
:10133000283053060DD4EB786345BFD3A98801A8A4
:10134000891B89B24901FFF713F900210028D2D186
:10135000B4E7AC6804F1280002F03EFC0028ADD0F0
:1013600004F50E7002F038FC0028A7D0206803684E
:101370001B6A9847A3E700BF2DE9F843DDF82090EA
:10138000A2B10C4698460546571801E0BC420DD064
:101390002B68494620465E6AC047214602462846D9
:1013A0000134B0470028F1D1BDE8F8830120BDE841
:1013B000F88300BF042A04D801EB4201B1F8010010
:1013C00070470A2A03D801EB4201888870470C2A2B
:1013D00003D801EB4201C88870470020704700BF66
:1013E0002DE9F843DDE90898BBB10C4616460546E1
:1013F0005F1803E00134C847BC420ED02B68324668
:10140000214628461B6998470346424631462046F6
:10141000002BEFD11846BDE8F88301231846BDE83C
:10142000F88300BF012941D9C3698B423ED30B46E3
:10143000F0B5C17983B01646044620294CD0102956
:1014400066D00C2944D1C3F34E028169019312FA8C
:1014500083F295B2C2F346221144027A00F50E706F
:10146000A2F1020200910746B2FA82F2520952003A
:1014700002F0DCFB60B3C5F3080202F1010C835CEF
:10148000BCF5007F1D46DDE9001312D060440278F0
:10149000DB0745EA02224CBF1309C2F30B03E269E2
:1014A000934232D80120336003B0F0BD4FF0FF30DB
:1014B0007047227A013138460093A2F10202B2FA53
:1014C00082F25209520002F0B1FB009B0028DED1EB
:1014D0004FF0FF3003B0F0BD027A816900F50E7065
:1014E000A2F10202009301EBD311B2FA82F2520987
:1014F000520002F09BFB0028EAD0009BE2699900B1
:1015000001F4FE7143589342CCD9002003B0F0BDE2
:10151000027AC3F307218069A2F102020093014419
:1015200004F50E70B2FA82F25209520002F07EFB0C
:101530000028CDD0009B590001F4FF71435AAEE75B
:1015400001293CD9C3698B4239D30B46F0B5C17927
:1015500083B016460446202936D010294BD00C29DA
:101560002FD1C3F34E028169019312FA83F295B22F
:10157000C2F346221144027A00F50E70022A00914D
:1015800007460CBF0322012202F050FBC8B1019BA9
:10159000C5F3080240F2FF1C009913F0010302F1A9
:1015A000010E3ED1624586544AD0C6F307127044FC
:1015B000037823F00F0343EA1212027018E00020B0
:1015C0007047002003B0F0BD027A816900F50E700B
:1015D000022A009301EBD3110CBF0322012202F077
:1015E00025FB0028EDD0009B990001F4FE714650C8
:1015F000012003B0F0BD8269C3F3072100F50E702E
:1016000000931144227A022A0CBF0322012202F025
:101610000DFB0028D5D0009B590001F4FF71465204
:10162000E6E710F802C0BEF5007F0CF00F0C4CEAA4
:10163000061C00F802C003D0320970440270D7E7DC
:10164000227A013138460093022A0CBF032201227C
:1016500002F0ECFA0028B4D0009BC6F30712002B6E
:10166000A6D00270C4E700BF2DE9F041C46882B083
:1016700005460E468C4290462CD20C46002701347B
:10168000EB6901AA2846A34205D267BBEC68012793
:101690003C44A34227D3A642214624D0FFF7C2FEF2
:1016A000431C20D00028EAD0019B002BE7D107B1D2
:1016B000EC606FF0704221462846FFF741FF074675
:1016C00088B14EB96B6A002B01DB013B6B62C8F835
:1016D000004009E00127D2E7314622462846FFF7BD
:1016E0002FFF0028EED10027384602B0BDE8F08178
:1016F0002DE9F047C46882B0C36901349C4241D8E7
:1017000092460F468046254601260AE0A54214BFB0
:10171000002606F001061D46D8F81C201C469A42F9
:1017200030D3214601AA4046FFF77CFE411C04F15C
:10173000010327D0019A002AE8D1C207E6D55A1B37
:10174000BA42E9D10EB1C8F80C406FF070422146A0
:101750004046FFF7F5FE814620B913E0013CFFF754
:10176000EFFE78B1AC422246404604F1FF31F5D895
:10177000D8F82430002B02DBDB1BC8F82430CAF871
:10178000005001E04FF00009484602B0BDE8F08784
:1017900070B5054682B00C460FE0FFF7D1FE621E21
:1017A000B0B16B6A002B03F10103A8BF6B62EB6859
:1017B000A342019C88BFEA605EB101AA2146284687
:1017C000FFF730FE064600222146731C2846E4D16E
:1017D000002002B070BD00BF30B503464FF0010CD1
:1017E000002014464FF0FF3283B01960D871C3F85F
:1017F0000CC0D96283F82800C3F83C125A6383F8FE
:101800003802C3F8442204B3042C02D9002003B0E8
:1018100030BD0246014603F1280003F1280501937B
:1018200002F004FA0028F1D06FF0704200F5DF708A
:10183000A218140100EB021211790029E6D0015D13
:101840004B06E3D19468019B01E003F128050022D7
:1018500021462846019302F0E9F90028D6D0B0F8D5
:101860000B20B2F5007FD1D1027C019B511E1A7270
:101870000129CBD890F80DE00EF1FF32BEF1010F37
:1018800083F804E05A7151D04FF0010C62465200C7
:101890000CF10101D2B2964507D05FFA81FCBCF190
:1018A000090FF4D108229A71B0E7654683F806C0A3
:1018B000B0F816C0C3F810C0BCF1000F03D1D0F8C7
:1018C00024C0C3F810C0C189B0F8112021445A8146
:1018D0005201996190F810E002F2FF120CFB0E1118
:1018E00001EB52221962B0F813105A6101B9016A72
:1018F000A41A6218EA40511CD9614FF0FF315962B5
:1019000040F6F4718A420DD94FF6F4718A420BD930
:10191000C16A202219620120DA71C3F830C0C3F80D
:1019200040C274E70C22F6E71022F4E700221546C5
:101930009A71BDE7884230B5044683B020D0806BF1
:101940000D4618B1FEF73CFF002841D1E06B18B1FD
:10195000FDF722F9002841D1AB6BA3B12146242029
:1019600000F0A6F8002384460360A063AD6B0FCDA2
:10197000ACE80F000FCDACE80F002B68CCF80030BE
:10198000204603B030BDEA6B002AF9D0214638204A
:10199000019300F08DF8019B0363E063EB6B03F1AF
:1019A0003002D3F800E0103353F80CCC103053F869
:1019B000085C53F8041C934240F810EC40F80CCC3F
:1019C00040F8085C40F8041CEBD11B680360D7E7C3
:1019D0000023A363AB6B002BC0D1D4E70023E363E8
:1019E000AB6B002BBAD1CEE710B50446806B10B1BB
:1019F000FEF7E6FE28B9E06B10B1FDF7CDF820B98F
:101A000010BD0023A363012010BD0023E363FAE7A8
:101A100000294BD0F0B50446806B83B01F461646B4
:101A20000D4610B1FEF7CCFE78BBE06B18B1FDF7A8
:101A3000B3F8002830D1D5F880348BB1214624206A
:101A400000F036F800213B4632460160A063D5F82D
:101A50008014FEF739FF30BBA063002003B0F0BD57
:101A6000D5F88424002AF8D021463820019300F0CC
:101A70001FF8019B324603633B46D5F88414E063AC
:101A8000FDF7F4FC78B9E063E7E70023A363D5F83A
:101A90008034002BD2D1E3E70023E363D5F8803410
:101AA000002BCBD1DCE7012003B0F0BD0020704754
:101AB000084670472DE9F041002604461F46C0F84D
:101AC0008814C0F8806401464FF490609046FFF798
:101AD000EFFF3A46C0F844640546C0F87864C4F89D
:101AE0008404D4F88814FEF78BFA88BB0646214696
:101AF000C4F8840440F26C40FFF7DAFF4FF400733F
:101B0000C0F848643A46A0F807300546D4F888146F
:101B1000C4F88004FFF760FE28B91A4AC4F88004AC
:101B20001060BDE8F08105F58960FEF749FE2946A1
:101B300005F58960FEF7D6FB0028EED0124B1A6837
:101B4000AAB91D600F4BB8F1000F14D01C6015E04E
:101B500005F58960FDF720F8294605F58960FDF750
:101B600053F80028C2D0094B1A68002AE9D0054B67
:101B7000B8F1000FEAD11A68002AE7D00120BDE8C9
:101B8000F08100BF080704200C070420FC06042095
:101B900010B504460020DFF820C04FF47A7E606064
:101BA0002073C4F808E0C4E91200204640F810CBC6
:101BB000FFF72EFF204610BDE43F00204FF0FF301E
:101BC000704700BF407C7047007D7047407D704784
:101BD00001207047007F70472DE9F0411F46C37C0C
:101BE00006460D46022B144623D03368294630465C
:101BF0001B6E984778B1B5617FB1002501E0AF4217
:101C00000BD03368214630460135DB6D04F5007496
:101C100098470028F3D1BDE8F081B369307F3B4499
:101C2000B3610028F7D1336830465B6EBDE8F04100
:101C3000184783698B42D8D1DEE700BF2DE9F04712
:101C40001F46C37C05469146022B0C46089E27D0B2
:101C50002B68214628461B6E984798B1AC61B9F1B4
:101C6000000F11D004EB090801E0A0450CD031466B
:101C70002046B8472B6801462846DB6D013498475B
:101C80000028F2D1BDE8F087AB69287F4B44AB61F7
:101C90000028F7D12B6828465B6EBDE8F04718474F
:101CA00083698B42D4D1DAE7704700BF043001F07A
:101CB00065BF00BF00B583B02021019002F0DAFCBF
:101CC000019803B000BD00BFF0B5204E83B00746B9
:101CD000346804F5167403E03368E31A1B0410D467
:101CE000381D01F04FFFFF28F6D10190FD21381D6E
:101CF00001F062FFBA7CD2B900230120FB7403B06B
:101D0000F0BD1E22BB7C7A7413B9002003B0F0BD75
:101D10000121387C01F074FEFF21381D01F04CFFD9
:101D2000381D01F003FF00230020BB74EEE7012102
:101D3000387C01F065FE0199381D01F03DFF381D2A
:101D400001F0F4FE0023BB74D6E700BF64E3042077
:101D5000C37C012B3BD0827C30B5044683B04AB1B2
:101D6000043001F00FFFB0F1FF0318BF0123184644
:101D700003B030BD0430009201F0CEFE0099207C0B
:101D800001F03EFEFF21201D01F016FF0121201D64
:101D9000A17401F0F7FEB0F1FF03A07C4FF0010148
:101DA00018BF0123009A0028E1D0207CCDE9003241
:101DB00001F026FEFF21201D01F0FEFE201D01F096
:101DC000B5FE009B019A1846A27403B030BD0023F3
:101DD000184670472DE9F8431F4F04468846914640
:101DE0003D6805F5967503E03B68EB1A1B040ED4BD
:101DF000201D01F0C7FEFF282075F5D0FE2819D060
:101E00001822A37C62743BB90020BDE8F8831D2230
:101E1000A37C6274002BF7D00121207C01F0F0FD3F
:101E2000FF21201D01F0C8FE201D01F07FFE0023D0
:101E3000A374E9E74A464146201D01F0AFFE207534
:101E400038B9201D01F09EFE201D01F09BFE0120EF
:101E5000DBE72522D5E700BF64E3042030B5002589
:101E6000044683B00C212A46C57400F063F8A27CB6
:101E700090B912B9012003B030BD01210190207C3E
:101E800001F0BEFDFF21201D01F096FE201D01F096
:101E90004DFE019BA374EDE70923637412B9002082
:101EA00003B030BD0121207C01F0AAFD201DFF21DF
:101EB000019001F081FE019801F038FEA574EEE773
:101EC000C37C022B03D0012B04D001207047036890
:101ED0005B6E1847FFF7C2BF02680346DFF850C0C9
:101EE00010B50C46116A82B0614513D190F813C049
:101EF000BCF1020F06D0BCF1010F11D001201C77FC
:101F000002B010BD526E01909047019B0028F5D1A0
:101F100002B010BD01908847019B0028F8D0EDE782
:101F20000190FFF79BFF019B0028F1D0E6E700BF7F
:101F3000E1AC01002DE9F041036882B00F4634495D
:101F4000019206461A6A8A425DD1C27C022A43D0B7
:101F5000012A5AD0B47C351D002C43D00C2F10D050
:101F6000DFF8B080D8F8004004F5967404E0D8F8A3
:101F70000030E31A1A0443D4284601F003FEFF2878
:101F8000F5D10DF1040802AC47F04001284601F0FC
:101F900013FE14F8011D284601F00EFEA045F8D1ED
:101FA000002F28464FF00A0414BF8721952101F025
:101FB00003FE284601F0E6FD2846013C01F0E2FD63
:101FC0000306A4B2307502D402B0BDE8F081002C43
:101FD000F2D102B0BDE8F0815B6E98470028B9D11C
:101FE000FF20F1E7284601F097FD2146307C01F003
:101FF00007FDFF21284601F0DFFD0123B374ADE7A3
:10200000002FBED0ECE79047E8E7FFF727FFE5E7B2
:10201000E1AC010064E30420F8B500220D463A214A
:102020000646FFF787FFD8B92C1D371D384601F04B
:10203000A9FD04F8010DA542F8D1B37C0BB901202C
:10204000F8BD0121307C01F0DBFCFF21384601F0B6
:10205000B3FD384601F06AFD00230120B374EFE7B9
:102060001222B37C72740BB90020F8BD0121307CC0
:1020700001F0C6FCFF21301D01F09EFD301D01F076
:1020800055FD0023B374EFE770B5164682B0002209
:102090000446FFF74FFFA8B11B236374A37C1BB951
:1020A0000023184602B070BD0121207C01F0A8FC7D
:1020B000FF21201D01F080FD201D01F037FD0023D0
:1020C000A374EDE70546102231462046FFF782FE55
:1020D00003460028E2D0A27C002AE2D00190012130
:1020E000207C01F08DFC201DFF21009001F064FD9B
:1020F000009801F01BFD019BA574184602B070BD4D
:102100000368254ADB6C934200B585B00FD16A465F
:102110000921FFF7B9FF40B19DF800303F2B09D9E5
:1021200003F0C003402B27D0002005B000BD694656
:102130009847F0E79DF806C09DF807009DF8091044
:102140000CF0030C9DF80A308000C1F301019DF8EA
:102150000520C3F3C01340EA8C2002F00F029DF863
:1021600008C043EA410340EA9C1042FA83F301307D
:10217000073B984005B000BD9DF809009DF8073069
:1021800001309DF8082003F03F0300EB034000EB13
:102190000220800205B000BD4DB3010003680A466D
:1021A000DFF860C09B6D634510B5044682B015D161
:1021B000407D03284FF01201204618BF5202FFF75E
:1021C000B9FE20B901231846E37402B010BD0C22F9
:1021D000A37C627433B9002002B010BD019198470E
:1021E000019AE6E70121207C01F00AFC201DFF2175
:1021F000019001F0E1FC019801F098FC0023A37428
:10220000E9E700BFEDA90100F8B51F46C37C06460B
:102210000D46012B144602D183698B4205D0294615
:102220003046FFF7BBFF80B1B5617FB1002501E00B
:10223000AF420BD021464FF400723046013504F511
:102240000074FFF7C7FD0028F2D1F8BDB369307FF5
:102250003B44B3610028F8D13046BDE8F840FFF7B1
:10226000FDBD00BF2DE9F0479A46C37C06461546E2
:10227000012B0C46DDF82080099F02D183698B4237
:1022800005D021463046FFF789FFB0B1B461BAF1FD
:10229000000F15D004EB0A0903E00134C047A14543
:1022A0000ED04FF4007229463046FFF793FD0346E7
:1022B0003A4629462046002BEFD10020BDE8F087A2
:1022C000B369307F5344B3610028F7D13046BDE88D
:1022D000F047FFF7C3BD00BF30B5046883B0164BAD
:1022E00064699C421CD1C37C15460446012B02D173
:1022F0008369994206D020460191FFF74FFF01996B
:1023000060B1A1614FF4007229462046FFF762FDDB
:1023100020B1A369207F0133A36138B103B030BD80
:102320000123A44603B0BDE830406047204603B017
:10233000BDE83040FFF792BD29B0010003680A46AE
:10234000DFF860C09B6D634510B5044682B015D1BF
:10235000407D03284FF01901204618BF5202FFF7B5
:10236000E9FD20B902230120E37402B010BD0E2262
:10237000A37C627433B9002002B010BD019198476C
:10238000019AE6E70121207C01F03AFB201DFF21A4
:10239000019001F011FC019801F0C8FB0023A37427
:1023A000E9E700BFEDA9010003682DE9F041DB6C0E
:1023B00017463D4A84B004460E46934243D16A46CE
:1023C0000921FFF761FE0546B5B19DF80A305A06AE
:1023D00019D5637D032B01D076027F02324620217E
:1023E0002046FFF7A7FD28B93A4621212046FFF7EE
:1023F000A1FD60B326236374A37CB3B900252846EE
:1024000004B0BDE8F081C3F305029DF80B30C3F3BF
:10241000C01343EA42037A1C5BB232431342D8D062
:1024200027236374A37C002BE8D00121207C01F0DA
:10243000E7FAFF21201D01F0BFFB201D01F076FB14
:102440000023A374DAE7694698470546BCE70246CD
:1024500026212046FFF76EFD0028CBD1134B42F218
:1024600010771B681F4404E0104B1B68FB1A1B0409
:1024700016D4201D01F086FBFF280646F4D1A37C6C
:10248000002BBCD00121207C01F0BAFA3146201D7E
:1024900001F092FB201D01F049FB0023A374AEE77D
:1024A00028236374A8E700BF4DB3010064E3042050
:1024B00070B5002282B00E460A210446FFF73AFDAD
:1024C000A8B11B236374A37C1BB90023184602B078
:1024D00070BD0121207C01F093FAFF21201D01F045
:1024E0006BFB201D01F022FB0023A374EDE70546E2
:1024F000102231462046FFF76DFC03460028E2D04B
:10250000A27C002AE2D001900121207C01F078FA1F
:10251000201DFF21009001F04FFB009801F006FB09
:10252000019BA574184602B070BD00BF70B50022B3
:1025300082B00E4609210446FFF7FCFCA8B11B231C
:102540006374A37C1BB90023184602B070BD01213F
:10255000207C01F055FAFF21201D01F02DFB201DEC
:1025600001F0E4FA0023A374EDE70546102231469A
:102570002046FFF72FFC03460028E2D0A27C002A69
:10258000E2D001900121207C01F03AFA201DFF21C8
:10259000009001F011FB009801F0C8FA019BA574AE
:1025A000184602B070BD00BF70B50546164604302F
:1025B00001F002FB4FF400723146281D01F006FBCA
:1025C000FF21281D01F0F8FAFF21281D01F0F4FA7F
:1025D000281D01F0D7FA00F01F032875052B05D040
:1025E0002022AB7C6A741BB9002070BD012070BD35
:1025F0000121287C01F004FAFF21281D01F0DCFAFA
:10260000281D01F093FA00230020AB74EDE700BF12
:102610002DE9F041164D074688462C6804F51674DE
:1026200003E02B68E31A1B040CD4381D01F0AAFA4E
:10263000FF28F6D14246FC213846FFF7B5FF18B116
:10264000BDE8F08124237B74BB7C13B90020BDE876
:10265000F0810121387C01F0D3F9FF21381D01F010
:10266000ABFA381D01F062FA00230020BB74EEE7DC
:1026700064E30420036870B59B6D16460A4623493F
:1026800082B004468B423DD1407D03284FF01801B3
:10269000204618BF5202FFF74DFC0546A8B10D2396
:1026A0006374A37C1BB90023184602B070BD0121DE
:1026B000207C01F0A5F9FF21201D01F07DFA201DED
:1026C00001F034FA0023A374EDE73246FE212046E0
:1026D000FFF76AFF03460028E3D0A27C002AE3D07C
:1026E00001900121207C01F08BF9201DFF21009039
:1026F00001F062FA009801F019FA019BA5741846DE
:1027000002B070BD00929847009ABEE7EDA90100A3
:1027100090F81CC0BCF1000F09D0D0F800C0012314
:1027200000B5DCF828E0F4465DF804EB6047FFF7FD
:10273000A1BF00BF002070470020704700207047F5
:10274000704700BF084B0021084A9963D3F830C096
:102750000748C2F800C012681A639A6C22F081021E
:102760009A640170704700BF00002C40F0060420FE
:1027700097E30420034B586A80F08070C0F3006038
:10278000704700BF00002C40014B1878704700BF15
:1027900097E304202D4A2E4B526AD3F800312D497D
:1027A000C2F3C22203F03F03013230B52A4C4FF48A
:1027B0007A75A4FB034305FB00F09B08B1FBF3FE15
:1027C000BEFBF2FEB0EB1E1F3CD2082101231D46CA
:1027D0005B001A01BEFBF2F2824201D90139F6D147
:1027E0002D02BEFBF3F2904228D259004FF0010CAB
:1027F00000E05918BEFBF1F282421CD90CF1010C29
:10280000BCF1100FF5D14FF0F00C4FF47A73134A6E
:10281000134803FB01F1BEFBF1F10160D36A6FF3D2
:10282000131343EA0C032B4343F46023D362536A2C
:102830001B07FCD530BD4FEA0C1CE6E719464FF0EC
:10284000000CE2E7724600250123CCE700C00F40F0
:1028500000800D4000EC695EABAAAAAA00002C40E3
:1028600050F70320014B1878704700BFC24F00207B
:10287000014B1868704700BFF0060420DFF81CC049
:1028800000B58E46BCE80F00CEF800000120CEF85F
:102890000410CEF80820CEF80C3000BD50060420FD
:1028A000DFF81CC000B58E46BCE80F00CEF8000073
:1028B0000120CEF80410CEF80820CEF80C3000BD70
:1028C00060060420024B01201B680B60704700BFAC
:1028D00070060420704700BF00B583B00C21019042
:1028E00001F0C8FE019803B000BD00BF044B1B7887
:1028F00023B1044B18780230C0B2704701207047F2
:1029000087E3042088E30420194B1A783F2A11D961
:1029100002F0C002402A01D000207047587ADA79CC
:10292000197A013002F03F0300EB034000EB012075
:10293000800270479979D87993F809C001F00301B2
:102940009A7A8000CCF3010CC2F3C01240EA8120D5
:10295000597900B593F808E042EA4C0301F00F0200
:1029600040EA9E1042FA83F30130073B984000BDD5
:1029700060060420424A0520424B434910B5D2F874
:10298000004182B044F08004C2F80041D2F8004116
:1029900024F03F04C2F80041D2F8004144F018048A
:1029A000C2F80041D2F8004124F08004C2F800418E
:1029B000D3F88020354C42F00C02C3F880205A6ACC
:1029C00022F460525A62DA6942F48032DA615A6A59
:1029D00042F400625A62C1F8CC01C1F8D001C1F8DA
:1029E000BC01C1F8C001C1F8C401C1F8C801A26CA2
:1029F000274B42F00042A264E26A1343E362E36AB7
:102A000013F08073FBD14FF4C8700193FFF7C2FE3F
:102A1000019B1D4A47F2B80141F2B800C2F8CC311F
:102A2000C2F8D031C2F8BC31C2F8C031C2F8C431EA
:102A3000C2F8C831C2F8BC13164BC2F8C013C2F8B2
:102A4000AC13C2F8B003C2F8B4131348C2F8B813F9
:102A5000124A6063C3F8F8214FF0E0234FF480423C
:102A60000F49602081F86E00C3F80C21E36A074A21
:102A700043F00063E362D36A1B01FCD402B010BDD3
:102A800000800D4000C00F4000801F4000002C401F
:102A900000800001005000200B007F1165B501008F
:102AA00000E400E02DE9F843DFF8848098F8003076
:102AB00013B90120BDE8F88301F0ACFC154D0746C1
:102AC000154C164E04E001F0A5FCC01BB04219D80D
:102AD0002B6B13EA0409F6D00022114B88F8002072
:102AE0002A6B1A6019680F4A29631B681342E0D0E9
:102AF0000D491F240D4B40F27A2200200C701A6001
:102B0000BDE8F8832A6B064B88F800901A601B68B2
:102B10002B63EDE700002C4002007F1140420F00C4
:102B2000F006042000007F11C24F002060F7032050
:102B300089E304202DE9F0418846FFF7B3FF002820
:102B40003FD0224B04465A6AD1052AD51F4D204E4C
:102B5000AB6A43F48033AB6201F05CFC074604E0EF
:102B600001F058FCC01BB04224D86B6A5A05F7D557
:102B700008F13C0C08F50F7014494B6A5B05FCD555
:102B8000ACF1400353F8042F63450A62FAD103F114
:102B9000400C8445F1D10F4B012220461A70BDE84C
:102BA000F0819A6A22F480329A629A6A42F4003280
:102BB0009A62CBE708492120084B4FF47E720870D7
:102BC0001A6000242046BDE8F08100BF00002C40C0
:102BD00040420F0089E30420C24F002060F7032029
:102BE0002DE9F041074688461F4C01F013FC1F4DAC
:102BF000064604E001F00EFC801BA84228D8636A58
:102C0000D907F7D4BB02C4F8088024D427F0FF0703
:102C1000154C174DE76001F0FDFB144E074604E02C
:102C200001F0F8FBC01BB04212D8236B2B42F7D047
:102C3000226B104B1A601A6822631A68D20707D5F4
:102C40001B6813F4702F0CBF01200020BDE8F08139
:102C50000020BDE8F081A26CFBB222F0FF02A2646A
:102C6000A26C1343A364D1E700002C4040420F0044
:102C700001000F00F0060420134B10B50C4684B081
:102C80001968FFF7ADFFE0B1104BA4461A69009236
:102C90005969019199690291D96901230CF80E2FA4
:102CA000039123F0030203F0030101336A44C900D6
:102CB0000F2B126822FA01F20CF8012DF1D100233A
:102CC000E37304B010BD00BF7406042000002C4064
:102CD000037ADB0703D5174B1B68A3B11847164BC4
:102CE0001B783BB9154B5B6A83F08073C3F30063B9
:102CF00018467047114A124B126B1340B3FA83F314
:102D00005B09184670470F4B1B78002BF0D00E4A1A
:102D10000E48116800B583B00193FFF761FF019B76
:102D200028B1064B1B6983F48073C3F30023184654
:102D300003B000BDEC06042089E3042000002C4011
:102D400002007F1186E304207406042000001A0D9F
:102D500008B5044B04481968FFF742FF08B1034B5C
:102D6000186908BD7406042000001A0D00002C40EC
:102D700008B5074B07481968FFF732FF30B1064B1B
:102D8000186980F48070C0F3002008BD012008BDE0
:102D90007406042000001A0D00002C402DE9F843B1
:102DA000244B8946244D254C2B6001F033FBDFF882
:102DB000A8800746224E06E001F02CFBC01BB04263
:102DC00023D8EEF741FB21681E48FFF709FF0028D2
:102DD000F2D0D8F81030DB05EED500234FF40072A6
:102DE0002B60D8F8283023F48033C8F82830164BED
:102DF000C8F804201B78A3B149461448FFF7F0FE39
:102E000068B90E2240F2574304E000210A2240F242
:102E10004B4329600E4C00200E4922700B60BDE828
:102E2000F8834FEA492909484946FFF7D9FE0028A7
:102E3000F5D1E6E791BB0100EC06042074060420FE
:102E400040420F0000001A0D88E3042020003A19C8
:102E5000C24F002060F7032000002C40F8B5214C41
:102E600000212148A36A23F48033A362FFF7B8FE50
:102E700048B9092240F23D231C4800251C49027034
:102E80000B602846F8BD1B4B05461B4A136001F03A
:102E9000C1FA636A0646D80112D4184F04E0EEF76F
:102EA000D3FA636AD9010BD401F0B4FA831BBB4295
:102EB000F5D9002110480A224FF410730160DBE7B6
:102EC0000022084B0C490A605A6A9207D9D5586B00
:102ED0009A6AD96A22F4803241F08061D9625863DB
:102EE0009A62CEE700002C400000DB0CC24F0020AD
:102EF00060F7032095B50100EC06042040420F0066
:102F000012F0030F00D143B93C4925203C4B40F25D
:102F1000F512087000201A6070472DE9F041144640
:102F20001F46384A0E46384B8046136001F072FA4D
:102F3000054607E001F06EFA344B401B984229D851
:102F4000EEF782FA324B33481968FFF749FE002842
:102F5000F0D0314B1B69DA05ECD5002229492F4B03
:102F60000A6001212E4803EA0743017043F400730D
:102F70002C490A60284A146053602B4B93632B4BF7
:102F80001B7893B131464046FFF72AFE78B90020FE
:102F9000BDE8F081194A0A210020194B194C117023
:102FA0004FF4FC7220601A60F1E77602EAE7204BEA
:102FB000144A136001F02EFA194B05461B787BB1B9
:102FC000124C04E0EEF740FA154B1B7843B101F0C8
:102FD00021FA401BA042F5D900230A4A1360D6E724
:102FE00010491A4607480B6802609B07CFD50A684C
:102FF000104B1A420CBF01200020C9E7C24F00202D
:1030000060F70320EC06042091BB010040420F0052
:103010007406042000001A0D00002C400000FF1F61
:1030200097E30420F006042002007F1188E30420C7
:10303000A9B5010000007F11F8B50646007A0C46DC
:103040001546C0071F4613D483B10F4401E0BC42AC
:103050000CD033682A46214630461B69013405F5F9
:10306000007598470028F2D10020F8BD0120F8BD76
:10307000900712D0002BF9D00F4401E0A742F5D001
:1030800033682A46214630461B69013405F5007530
:1030900098470028F2D10020E7E70648FFF730FF05
:1030A0000028E3D104490C20044B40F2A1320870FF
:1030B0001A60D9E737003A12C24F002060F70320A8
:1030C000F8B50646007A0C461546C0071F4613D4CD
:1030D00083B10F4401E0BC420CD033682A4621463C
:1030E00030465B6A013405F5007598470028F2D137
:1030F0000020F8BD0120F8BD900712D0002BF9D0B8
:103100000F4401E0A742F5D033682A4621463046F5
:103110005B6A013405F5007598470028F2D100205C
:10312000E7E70648FFF7ECFE0028E3D104490E204C
:10313000044B40F23D4208701A60D9E727003A1963
:10314000C24F002060F703202DE9F84381468846EE
:103150002E4C01F05FF92E4F06462E4D04E001F093
:1031600059F9801BA84225D821682B48FFF738FD64
:103170000028F4D03B69DA05F1D50123274E284A0F
:1031800049463370002327481360274BC7F8008057
:103190007B60264BBB63FFF723FD074670B9042213
:1031A00040F29F1322480027224902700B603846E4
:1031B000BDE8F8830A224FF4CC73F3E71E4B1F4A95
:1031C000136001F027F9337804468BB1114D03E009
:1031D000EEF73AF933785BB101F01CF9031BAB420F
:1031E000F6D90023154A136025224FF4D173D9E78D
:1031F0001A460B4B11491B680A609B07F4D5084B14
:103200001A680F4B1A42EFD1D1E700BF74060420B1
:1032100000002C4040420F0000001A0D97E30420EC
:10322000F006042011003A064000010002007F1160
:10323000C24F002060F70320A9B50100EC0604206E
:1032400000007F112B4B987A10B5440682B012D43F
:10325000DB7AC0F3050002F1010CC3F3C0134CEAA2
:10326000010C43EA40035BB213EA0C0F03D02722A0
:1032700040F202330CE0204B1B780BB9490252029A
:103280001E480192FFF7ACFC58B90F2240F20A33F6
:10329000DFF888C000201A498CF800200B6002B0CB
:1032A00010BD01991748FFF79BFC18B9102240F296
:1032B0000D33EDE700211448FFF792FC18B91122F5
:1032C0004FF44473E4E701F0A5F804460F4B1048AF
:1032D0001968FFF785FC18B10E4B1B69DB05DED4BE
:1032E00001F098F80C4B001B9842EFD9282240F2CD
:1032F0001333CDE76006042088E3042000001A2081
:1033000060F7032000001A2100001B267406042029
:1033100000001A0D00002C4040420F00C24F002058
:103320002DE9F0434FF00008884D894E93B0894C49
:10333000894F017280F8098085F8008086F8008046
:1033400084F8008087F80080FFF714FB4146404670
:10335000FFF746FCE8B14FF003084FF4D5717F4802
:10336000FFF73EFC00284CD1B8F10108F5D13B78BD
:10337000002B3AD0DFF82C9201F04CF8784F8046C1
:1033800000217848FFF72CFC70B917224FF42A73FC
:1033900002E0012240F28E237349002432700B6058
:1033A000204613B0BDE8F08349467048FFF718FC8B
:1033B0000028EAD001F02EF8A0EB08006C4BB842D0
:1033C000E3D81A69002ADBDA19696A4A11601B69B5
:1033D0005A0001D50123237000216748FFF700FC44
:1033E000D8B9022240F2B123D6E7FFF7C3FA41462B
:1033F0004046FFF7F5FB3B78002BBBD14FF440195B
:10340000BAE75B4B1B69B3F5D57F03D006224FF4B7
:103410002573C1E701233B70ACE700215748FFF754
:10342000DFFB18B903224FF42D73B5E7504F544C0E
:103430003B6954496FF30F0353482360FFF71CFCAB
:1034400018B9072240F2B923A6E750495048FFF7C0
:1034500013FC18B908224FF42F739DE721684D48DB
:10346000FFF7BEFB18B9052240F2BF2394E721689D
:103470003C48FFF7B5FB18B9142240F2C3238BE791
:1034800002214548FFF7ACFB04460028F4D0BB6A94
:1034900002A96FF07F4023F00603BB62BB6A43F0D2
:1034A0000203BB624FF010137B64FFF74DFE9DF8E3
:1034B00015309B0747D5002845D02B4F02A9374828
:1034C0003A6896F800800192FFF73EFE9DF81830AA
:1034D000019A03F00F03012B32D188B34CF2503024
:1034E0002F4E0523C6F8CC31C6F8D031C6F8BC3112
:1034F000C6F8C031C6F8C431C6F8C831FFF74AF97A
:10350000002347F2B802C6F8CC31C6F8D031C6F86D
:10351000BC31C6F8C031C6F8C431C6F8C83141F272
:10352000B803C6F8BC23C6F8C023C6F8AC23C6F857
:10353000B0330123C6F8B423C6F8B8232B702FE7A5
:1035400086F800803A6046F2A810C9E786E30420B6
:10355000C24F002088E3042087E3042000001A08FB
:1035600040420F0000001A3760F7032000000229D4
:1035700000002C40700604200000090200001A031D
:103580007406042060060420000009095006042087
:103590000000090A00001B0700001A06F1FFFF8067
:1035A00000801F4000003040014B1868704700BF8A
:1035B00050F70320F8B5324B0F465A6A92050DD4E6
:1035C0009A6A22F480329A6272B69A6A42F400329F
:1035D0009A629A6A42F480329A6262B600F01AFFE6
:1035E000274C0646274D04E000F014FF801BA8423C
:1035F00033D8636A1B05F7D507F13C0007F50F7454
:103600001F494B6A1D05FCD5A0F140030A6A43F827
:10361000042F8342FAD103F14000A042F1D100F01F
:10362000F9FE174C0746184D164E04E000F0F2FE66
:10363000C01BB0421AD8236B2B42F7D0226B134B1E
:103640001A601A6822631A6892070DD51A68104B1F
:103650001A420CBF01200020F8BD0E491A200E4B63
:1036600040F2563208701A600020F8BD1D2009494A
:10367000094B40F26132087000201A60F5E700BF84
:1036800000002C4040420F0002007F11F006042091
:1036900000007F11C24F002060F703202DE9F8439E
:1036A000244B8946244D254C2B6000F0B3FEDFF8F7
:1036B000A8800746224E06E000F0ACFEC01BB042D8
:1036C00023D8EDF7C1FE21681E48FFF789FA0028CC
:1036D000F2D0D8F81030DB05EED500234FF400729D
:1036E0002B60D8F8283043F48033C8F82830164BC4
:1036F000C8F804201B78A3B149461448FFF770FAB4
:1037000068B90C2240F2BD3304E000210A2240F2E5
:10371000B13329600E4C00200E4922700B60BDE8C9
:10372000F8834FEA492909484946FFF759FA002822
:10373000F5D1E6E791BB0100EC06042074060420F5
:1037400040420F0000001A0D88E3042030003A12B6
:10375000C24F002060F7032000002C4070B500230A
:103760001C4D0E4643721946AB6A1B4823F4803346
:10377000AB62FFF735FA18B104465EB9204670BD5A
:10378000092240F2D333154800241549027020461F
:103790000B6070BD134B144A136000F03BFE6B6A64
:1037A0000646DA0112D404E0EDF74EFE6B6ADB0147
:1037B0000CD400F02FFE0D4A831B9342F4D9002154
:1037C00009480A2240F2D7330160DCE70023064AA9
:1037D0001360D3E700002C400000DB0CC24F002038
:1037E00060F7032095B50100EC06042040420F006D
:1037F00010B50446FFF756F908B1637A03B910BD56
:1038000020460121BDE81040FFF7A8BF30B50346B0
:10381000007AADF5037D1446C00720D593070FD17C
:1038200001233048FFF76CFBB8B92F490B202F4B11
:103830004FF45D7208701A6000200DF5037D30BDF5
:10384000012302AA2748FFF75BFB0028EDD04FF4C5
:10385000007202A9204600F073FE0120EDE70193FB
:103860000D46FFF71FF9019B0028E5D05A7A012A7F
:1038700023D01A681E49126A8A4222D10193FFF7A7
:1038800011F90028D8D0019B5A7A0ABB184629465C
:103890000193FFF703FF019B0028CDD001225D605B
:1038A0005A72214618460193FFF784FE0028C3D0C0
:1038B000019B5A6801325A60CFE75A68AA42D8D1B0
:1038C000EFE7184601939047019B0028B4D0DDE74D
:1038D000184601210193FFF741FF019B0028ABD05F
:1038E000D4E700BF11003A11C24F002060F7032057
:1038F00011C6010030B50D46017A1446ADF5037DC1
:10390000CA071BD5A30706D0214602AC4FF40072AC
:1039100002A800F015FE0123224629463248FFF78F
:10392000EFFA002841D131490D20314B40F21142CC
:1039300008701A6000200DF5037D30BD0190FFF77F
:10394000B1F8019B0028F5D05A7A022A2FD01A68C4
:103950002849126A8A422ED10193FFF7A3F8002862
:10396000E8D0019B5A7A002A2CD11A682249126E9B
:103970008A4230D1184629460193FFF70FFA019B7E
:103980000028D7D002225D605A721A6818461B4977
:10399000D26D01938A42214623D1FFF7CBF8019BD8
:1039A0000028C7D05A6801325A600120C3E75A681C
:1039B000AA42CCD1E9E7184601939047019B002821
:1039C000D3D1B7E7184601210193FFF7C7FE019B4A
:1039D0000028CAD1AEE71846019329469047019BBB
:1039E000CEE79047019BDBE701003A18C24F002069
:1039F00060F7032011C60100BDBB010055B90100ED
:103A000000F032BD10B483B00B46CDE90012C27C89
:103A1000002A30D072B6C27CD40708D54FF0E02C13
:103A20004469DCF8801121408162CCF88011910753
:103A300008D54FF0E02C8469DCF884112140C16284
:103A4000CCF88411540708D54FF0E02CC469DCF899
:103A5000881121400163CCF88811110708D54FF077
:103A6000E02C046ADCF88C1121404163CCF88C1105
:103A7000D2063AD462B68268934240D0234A836029
:103A800092692349C2F3011CC2F3826251F82CC02F
:103A90000132BCFBF2F103B38B4232D8B1FBF3F23B
:103AA000B1FBF2F18B422ED3B2F5817F1BD2022AF9
:103AB00027D9023A530803EB032342EA0323C360E6
:103AC0000268032100201061516201211364019BEF
:103AD0001366116103B010BC70479445EFD34A1CC4
:103AE000B2F5817FE3D30B4BE9E74FF0E021446A65
:103AF000D1F8902122408263C1F89021BAE7C368CF
:103B0000DEE70023DBE71146E9E700BF00C00F4016
:103B100020410020FF7F7F0008B5034653F8040BC7
:103B200093E80600FFF76EFF08BD00BF0268D37C74
:103B300013B3D80704D5906A4FF0E021C1F8000113
:103B4000990704D5D06A4FF0E021C1F80401580765
:103B500004D5106B4FF0E021C1F80801190704D516
:103B6000506B4FF0E021C1F80C01DB0604D5926BDD
:103B70004FF0E023C3F81021704700BF006800F049
:103B800099B900BF0268FF2312685366D36D13F41E
:103B9000F81FFBD0506FC0B2704700BF4FF0FF0C52
:103BA000006808B5134680F83CC00A46002100F0C2
:103BB0007DF9002008BD00BF03681A685166D36D07
:103BC00013F4F81FFBD0536F704700BF1346006813
:103BD000002200F06BB900BF0378DB0701D401209D
:103BE00070470346406810B503F1100282B00168C7
:103BF00001924C6A0093D968A047DDE9003298B180
:103C0000197888070CD5DC680093D3E90101D0F856
:103C100000C02144DCF82430984728B1009B197873
:103C200021F001010120197002B010BD10B54468E7
:103C300084B07CB31446C26803468A420AD1024665
:103C400012F810CB04F0030410464CEA04021A7078
:103C500004B010BDCDE90101FFF7BEFFD0B114F0F3
:103C6000040FDDE9013105D003F110024FF0000C23
:103C7000D960E7E7586803F11002D0F800C001925C
:103C8000CDE90213DCF810309847039BDDE90121F0
:103C90000028EBD1002004B010BD00BF034680898E
:103CA00010B100229A817047D3E901C18C4500D33D
:103CB000704700B585B0604603AA019300F016F87E
:103CC000019B80B1039A5860B2F5803F90B208D34F
:103CD000920AC0F30900A2F52152A0F5105190B24A
:103CE000998105B000BD4FF6FF70FAE7884238D2DF
:103CF000034690F90000002893F800C02DDA0CF07C
:103D0000E000C02831D00CF0F000E02831D00CF0F9
:103D1000F800F02825D10CF0070C04201844884244
:103D20001FD8013300B51978013301F0C00E01F03E
:103D30003F01BEF1800F41EA8C1C14D18342F2D1C5
:103D4000ACF180010D4B99420DD8ACF55843B3F559
:103D5000006F08D3C2F800C000BD581CC2F800C0F4
:103D6000704700207047002000BD0CF01F0C02209F
:103D7000D4E70CF00F0C0320D0E700BF7FFF10004A
:103D80007E2843D90023DFF8ACC000B54FF0350ED4
:103D900004E03CF82120824223D80B46AEEB03021C
:103DA000012A03EB5201F4D89BB23CF82320904245
:103DB00019D24FF04B0C0023DFF87CE005E03EF811
:103DC000212082428CBF8C460B46ACEB0302012AB9
:103DD00003EB5201F3D89BB23EF8232082421FD05E
:103DE00000BD8E46DAE70CEB830C821A9CF8033098
:103DF0009A42DEDA9CF90230012B16D04EF2A03244
:103E0000002B08BF1346034498B200BDA0F1610324
:103E1000192B8CBF00230123A0EB431398B27047EA
:103E20000EEB830EBEF8020000BD02F00102821A02
:103E300090B200BDC4070020D004002030B5044675
:103E40008E460068114640F20122026123B31D46EE
:103E5000BEF1000F21D0724612F801CB9646013D0B
:103E6000C0F864C0026F920707D48C46013B426FD2
:103E700019B10CF8012B614620684269D207F1D5CF
:103E8000002DE5D143B1026F9207FCD4426F09B116
:103E900001F8012B013B03D130BD94F83CC0DEE7B3
:103EA0002068026F9207EED4F0E700BF0BB1FFF776
:103EB000C5BF70474268D2E900130968194200D1B2
:103EC000704703460020052110B51C6882B02061B0
:103ED000187C01930244107C00F0E8FA019B052154
:103EE000587C5A68024492F8240000F0DFFA019BE3
:103EF00005215A689B7C134493F8380002B0BDE852
:103F0000104000F0D3BA00BF70B5EFF3108272B664
:103F10000C4C206880B10C4E00254369236073B1BE
:103F20009D6102B962B6836845779847EFF31082C6
:103F300072B620680028F0D102B962B670BD336055
:103F4000EFE700BF0407042000070420FFF7DCBFF1
:103F50000449054A4968054B196013680133136029
:103F6000704700BF001000E064E3042060E3042019
:103F7000084601F0C3BC00BF012A70B508BF0A2281
:103F80008AB005461E4659B34FF0210C01E05FFA96
:103F900084FC0CF1FF34B1FBF2F302FB131EBEF103
:103FA000090F0EF1370098BF0EF130000DEB0C0E2B
:103FB000914219468EF80400E9D23EB10CF1FF3C63
:103FC0002D225FFA8CFC0DEB0C031A712B6801A9F2
:103FD000CCF1220228465B68614498470AB070BD64
:103FE00030234FF0210C8DF82530E6E7002903DB64
:103FF00000230A22FFF7C0BF49422D230A22FFF700
:10400000BBBF00BF00B5036883B040F60D2C022291
:1040100001A95B68ADF804C0984703B000BD00BFBC
:10402000044B022888BF0346D3F800C01846DCF8CA
:1040300004301847A04C00200EB400B582B003AA8B
:1040400052F8041B019203F08BF902B05DF804EB07
:1040500003B07047A94AAA4B90422DE9F047A94CFA
:10406000D3F814E09969D4F80CC000F2088103F188
:10407000437303F5F4530333A3FB0023DB0D03EB7E
:10408000830303EB830202F2B63240F227639A42C3
:1040900028BF1A469C4BA3FB0232D208203A984D07
:1040A0000CF01F04D5F88030944243F0C003C5F8EB
:1040B00080300BD22CF01F0C924C4CEA020CC4F84E
:1040C0000CC02368002BFCDA0CF01F041EF00073F8
:1040D00027D18E4D2E698E4DB54300F0FA8081F4C4
:1040E000805576464FF4805716F0605F06D02EF06C
:1040F000605E4EEA030E824BC3F814E015F4405F95
:1041000007D021F440517E4D3943A961AB6C1B07A8
:10411000FCD44EF0007E7A49C1F814E08B6C9F0607
:10412000FCD47C49884200F2DF80012635460EE04F
:10413000082D0CD1042E00F291800136022506FBD9
:1041400000F38B4200F2C3805B008B4206D801353E
:1041500006FB05F300FB03F38B42E9D9771E05F15B
:10416000FF384FEA872A8EEA87276B4959186B4B2D
:1041700099427CD9DFF8E4916C2369486349B0FB2C
:10418000F5F0684DB0FBF6F00E6835404D4508D0AF
:1041900043F400534FF480550D600B600B68002B07
:1041A000FCDA57490B6903F00703434504D0C1F813
:1041B00010808B6CDE03FCD417F4E05F0BD02EF480
:1041C000E05E0AF4E0534E4943EA0E0EC1F814E0F3
:1041D0008B6C9D07FCD4544D544945198D4239D8F8
:1041E000534BED09A3FB05352D0B6B1E1B028EEA0D
:1041F000030111F4407F07D02EF4407E03F4407396
:104200003F4943EA0E034B613D494B6923F000737C
:104210004B618B6C9B06FCD4464BA242A3FB001364
:104220004FF0FF314FEA9343B0FBF5F5B1FBF3F3E9
:104230004149086041490D6041490B6008D22CF0AA
:104240001F0C30494CEA0202CA600B68002BFCDAF2
:10425000BDE8F0874FF440730425C8E7771E2E4968
:104260004FF007084FEA872A59188EEA8727294B0B
:1042700099421CD8DFF8E890362332487EE7324B6B
:10428000984201D80E220AE7304B984228D9304A8A
:10429000904227D9821A2F4B120AA3FB0232D2096D
:1042A00002EB820202EB820202F2E242EDE6A3F1AD
:1042B00082532948DFF8AC90A3F589337E3BA3FBFA
:1042C00001310B0D03FB00F043EA090956E7012514
:1042D00044E71F468EF0C0560D464FF0C05303E72B
:1042E0000F22DCE61222DAE6012603464FF0000A2E
:1042F00077464FF00008354637E700BF001C4E0EEA
:1043000000C00F40000008401F85EB5100800D40A9
:1043100040300080FFB19F26808D5B00FF7EF64D10
:1043200000643F4D7F3001807FD1F0087F17B42CAF
:104330009F10E50083DE1B439C4C0020984C00201E
:104340005CE3042000B29F26FF0A6B1B00A4781FC9
:104350000046C32323B24C00001BB7006C20008032
:10436000362000800020008000B970472DE9F84F0A
:1043700001218146224C234E234D54E8003F3268F0
:10438000286844E80013002BF7D120494B684FF40C
:104390007A7BDFF87CA01B1A01270BFB02F8DAF806
:1043A0000020A2FB03235B4594BF9844D84454E803
:1043B000003F3268286844E80073002BF7D14B684F
:1043C000DAF800C01B1A0BFB02F2ACFB03C3B3F517
:1043D0007A7F94BFD21802F57A72A2EB0802B2F586
:1043E0007A7F08D3B9F1010F08F57A7809F1FF391E
:1043F000DDD1BDE8F88FEDF727F80449D7E700BF16
:1044000068E3042064E3042060E30420001000E07B
:104410005CE3042010B50F4B4FF0010C0E4CDFF89D
:1044200044E053E8002F2068DEF8001043E800C2A3
:10443000002AF6D1094B5B68094A5B1A4FF47A717E
:10444000126801FB00F0A2FB03238B4294BFC0184B
:10445000401810BD68E3042064E30420001000E06D
:104460005CE3042060E30420362812D802010C4BE0
:1044700003EB00109B58C268D3F804C01CEA020F7B
:1044800003D039B1C3F884207047836829B9054A3D
:104490001A607047C3F888207047034A1A60704753
:1044A000704200203830010038F00100362831D841
:1044B00002011B4B012903EB00109B5800B55A6801
:1044C000D0E902EC12D0042910D022EA0C025A6082
:1044D000C9B102291FD003294FF015020CBF114B9F
:1044E000114BCEF8003043681A6000BD42EA0C025E
:1044F00001295A6007D040F63803CEF800304368EF
:1045000015221A6000BD38231522CEF8003043680A
:104510001A6000BD7047054BCEF80030EFE700BFD2
:1045200070420020383001003800010038F00100EE
:1045300008B509F055FBEEF737FCECF785FFFAE715
:10454000844641EA000313F003036DD1403A41D39E
:1045500051F8043B40F8043B51F8043B40F8043B5D
:1045600051F8043B40F8043B51F8043B40F8043B4D
:1045700051F8043B40F8043B51F8043B40F8043B3D
:1045800051F8043B40F8043B51F8043B40F8043B2D
:1045900051F8043B40F8043B51F8043B40F8043B1D
:1045A00051F8043B40F8043B51F8043B40F8043B0D
:1045B00051F8043B40F8043B51F8043B40F8043BFD
:1045C00051F8043B40F8043B51F8043B40F8043BED
:1045D000403ABDD2303211D351F8043B40F8043B8D
:1045E00051F8043B40F8043B51F8043B40F8043BCD
:1045F00051F8043B40F8043B103AEDD20C3205D39D
:1046000051F8043B40F8043B043AF9D2043208D094
:10461000D2071CBF11F8013B00F8013B01D30B8806
:1046200003806046704700BF082A13D38B078DD0E4
:1046300010F003038AD0C3F10403D21ADB071CBFB6
:1046400011F8013B00F8013B80D331F8023B20F820
:10465000023B7BE7043AD9D3013A11F8013B00F859
:10466000013BF9D20B7803704B7843708B788370E1
:104670006046704701F002BF01F1FF3C70B566462D
:104680004FF0000E01E00EF1010EB0FBF2F402FB60
:104690001403092B03F1370598BF03F1300590424D
:1046A000204606F8015FEED201EB0E0300225A709D
:1046B000BEF1000F11D0481C70440CF102021CF82E
:1046C000014F10F8015DA1EB0C03521A8CF8005059
:1046D000013B047073449A42EFDB084670BD00BF93
:1046E00072B6EFF30583524CC4F884301EF0040F09
:1046F0000CBFEFF30882EFF309824FF0E0234D4D3A
:10470000D3F8280DD3F82C1DC4E92201D3F8341DA9
:10471000D3F8383DC4E924139369A83444F8103C15
:10472000D36944F80C3C00F0CDF804ED020A01F026
:1047300029FA0B2344F8040C4FF0FF323E4844F8AA
:10474000283C2B68202104355A4042F300030139EC
:1047500003EA000383EA5202F7D1A542F1D1344BB8
:10476000C3F8A820BFF34F8F4FF0E0233149334AFD
:10477000C3F8701FC3F8702FBFF34F8FBFF36F8F55
:104780002F4A02242F48D36E2F4943F44053D36657
:104790000460D3692D4823F07F0343F04003D361C5
:1047A0000B68834240D8274D00204FF0E0234FF0A4
:1047B000FF3228600121C5F8080125480C460E4645
:1047C000C5F80001C5F80811C3F88021C3F8842199
:1047D000C3F88821C3F88C21C3F8902101E000F0D0
:1047E00071F9D5F80C31002BF9D04F2CC5F80C61BC
:1047F00004F10104F3D9174B022017494FF000428E
:10480000C1F840015A63D5F80C313BB9134814493B
:104810000C4A0163D2F80C31002BFAD04FF0E023A0
:10482000104AC3F80C2DFEE7FFF714FCBBE700BFEE
:1048300000FF272080FF27202083B8EDA0FF27203E
:1048400000C00F40004008409C4C0020803DCD0B34
:10485000009F240000900D4000002E4000800F407B
:10486000F100AD0B0400FA05094A08B503461068CB
:1048700023B1034407498B4201D8136008BD03F0FC
:1048800055FA0C2203464FF0FF301A6008BD00BFF6
:10489000E04C002000002820002070474FF0FF303F
:1048A000704700BF4FF4005300204B60704700BFBB
:1048B000012070474FF0FF30704700BF30BFFDE769
:1048C000FFF70EBF124AD2F880305B07FBD5D2F853
:1048D00080301048C3F30B230F4990ED007A07EEA8
:1048E000903A91ED006AB8EE477A0C4AF8EEE77A12
:1048F0000B4BD2ED006A77EEC77A93ED007AB8EEF3
:10490000477A67EE867A87EEA60A37EE400A704746
:1049100000810D404CE3042054E3042058E30420BC
:1049200050E30420836B70B586460E4610461BB1DB
:10493000536843F40043536072B6DEF8342042B348
:104940001B4B1060D3F8B02132421ED1194C656860
:1049500005E06268A2EB050CBCF5166F0BD2D3F82C
:10496000402142F48042C3F84021D3F8B811D3F873
:1049700040215204EDD5314007D10D4ACEE9020164
:10498000D2F8B0313343C2F8B031CEF8340062B659
:1049900070BD0749CEE90202D1F8B0313343C1F806
:1049A000B031CEF83000CEF8340062B670BD00BF32
:1049B00000002E40001000E070B5056B95B12B464D
:1049C000002403E01B680134012B0CD05A68120646
:1049D000F8D5036306462CB12846B36B2D6898477B
:1049E000013CF9D170BD00220023C0E90C23F1E79E
:1049F00000B501BBDFF8A0C0234B0021234A4FF0D4
:104A0000010E4FF001109960C3F800E0CCE90231CB
:104A10004FF0800CC3F804C0C2F8BC01D2F8B0312A
:104A20001B4843EA0E03C2F8B0310160D2F8B0313E
:104A3000002BFBD100BD0904164BDFF85CC04FF022
:104A4000010E41F080019860104A596000F58051D4
:104A5000C3F800E0D96000F50051CCF84830196186
:104A600000F5405100F58040596100219861CCF873
:104A70004C10D2F8B03143F48033C2F8B031D2F8E0
:104A8000B031002BFBD1B7E70057012000002E40CA
:104A9000A8CB042020570120000000200749012254
:104AA0000B78824023EA02030B7033B9044AD2F830
:104AB000483123F08003C2F8483170479DE3042059
:104AC00000002E402DE9F047A64C82B0D4F8446196
:104AD000F107C4F844614CD5D4F8AC31002B43D075
:104AE000A14DA24FDFF8B882C4F8AC31D5E90A2055
:104AF000D4F8403143F40053C4F84031D4F8403185
:104B00009B04F5D5D4F840314FF0011123F4005344
:104B1000C4F84031C4F8B411D4F8B43113F001131F
:104B2000FAD191B284463B60B1F5086F00F03A814A
:104B300000F2958040F2023E714500F0928100F251
:104B4000A480822900F0E181B1F5817F00F0B3817A
:104B5000802940F09580864802210380FFF748FFB6
:104B6000D4F8AC31002BBFD17E4AD2F8BC31002B37
:104B700042D1720616D57B4BD3F8AC21C3F8AC21D9
:104B8000D3F8BC21C3F8BC21D3F8B041002CFBD131
:104B90004FF0FF32C3F8B421D3F8843100F046FD62
:104BA000744B1C60F40103D5734B1B6803B1984729
:104BB000B00103D5714B1B6803B19847710708D545
:104BC000684BD3F8843113F4007345D06C4B012249
:104BD0001A70644BD3F848311A060AD5330608D543
:104BE000684A13782BB1013BDBB21370002B00F045
:104BF0006D8202B0BDE8F0875C49C2F8BC3108683C
:104C0000034240F098815B4A12681340B1D01C0CFB
:104C1000554D1FFA83F810D094FAA4F7B7FA87F726
:104C200005EBC7104030FFF7C7FE012303FA07F773
:104C3000BC43F1D1B8F1000F9BD0012798FAA8F43A
:104C4000B4FA84F405EBC41007FA04F4FFF7B4FED9
:104C500038EA0408F2D18CE7494A1370B9E742F206
:104C6000212E71455AD049D8B1F5106F00F0A280BD
:104C700042F2210C614503D1010C072900F08C811F
:104C80004FF00113C4F8C0316AE7B1F5A06F00F02E
:104C9000CA80A1F5D0610129F2D83B4B596800299F
:104CA000EED01FFA8CFE120C03E019690C330029B8
:104CB000E6D0B3F800C09445F7D1B3F802C0F4458C
:104CC000F3D14FEA122C000CBCF1030F00F0CB81A2
:104CD0001B89834228BF0346B2F5007F9A4640F005
:104CE0009A81274B1B78002B40F0EE8127495246D2
:104CF0002748DFF89C90FFF723FC9EE142F2213326
:104D0000994214D04FF6C0039942B9D183B2FF2B18
:104D1000B6D843F46E4363F30F0CBEE780B230B9EC
:104D20001C4B120C19681C4B19601C4B1A70002389
:104D3000C5F84880EB64C8F808300123C8F8003093
:104D40008023C8F804304FF00113C4F8BC31D4F804
:104D5000B03143F48033C4F8B031D4F8B031002B13
:104D6000FBD1FDE600002E4000000020A8CB04206F
:104D700014DB0420ACCB042078E304207CE3042083
:104D8000A3E30420A4E30420EC4500200C710060A0
:104D90008066272064E3042074E30420A1E3042058
:104DA00000570120B34B0121B3481B780370FFF774
:104DB0001FFED5E6AF49120C01930A70AF4AC4F842
:104DC000C821AF4AC4F8CC21AE4AC4F8D02100F0C3
:104DD0002FFC80220199AC4802F006FCAB498022EE
:104DE000019BA9644A60AA4AEB64C5F8A02002F1BD
:104DF0003C428B6002F56C2202F56F72C5F8E02030
:104E000001220A604FF00112C4F8BC21D4F8B0218D
:104E100042F48032C4F8B0219E4A3B60D2F8B031EF
:104E2000002BFBD19CE69949EB648B600123A964BC
:104E30000B6080234B604FF001139649C4F8BC31DE
:104E4000D4F8B03143F48033C4F8B031D1F8B03184
:104E5000002BFBD1130C5B0643F08073C1F8543177
:104E60007EE610F0780F7FF40BAF00F07F028A4BE4
:104E7000000653F822104CBF41F4803141F001018B
:104E800043F822100021814BE96499600121AB6451
:104E9000196080217F4A59604FF00113C2F8BC317C
:104EA000D2F8B03143F48033C2F8B031D2F8B03127
:104EB000002BFBD154E610F0780F7FF4E1AE00F048
:104EC0007F02754B000653F822104CBF21F480314D
:104ED00021F0010143F8221000216C4BE964996034
:104EE0000121AB64196080216A4A59604FF00113B7
:104EF000C2F8BC31D2F8B03143F48033C2F8B031DB
:104F0000D2F8B031002BFBD12AE610F078037FF401
:104F1000B7AE00F07F01604A000652F82110564AF1
:104F2000138036D5C90301D50123137002215248DD
:104F3000FFF75EFD14E60020086058490C884868B9
:104F400042F221018C427FF45EAE80B200287FF4F1
:104F50005AAE5349534C03C9A18086284FEA1141E8
:104F60002060A1717FF44FAE72B64F48017841F0D6
:104F700008010170D2F848110D0605D480200143C4
:104F8000C2F84401C2F8481162B6484A5021117073
:104F900039E6CB07CAD5C7E74049EB60444BC1E9C6
:104FA00000200122AB601A60424A5A603C4A9A6073
:104FB000D4F8B01141F00101C4F8B01102F58051EC
:104FC000D96002F50051196102F5405102F58042A5
:104FD00059619A612F4AD2F8B031002BFBD12B498D
:104FE000EB648B600123A9640B6048F280034B6083
:104FF0004FF00113C2F8BC31D2F8B03143F4803322
:10500000C2F8B0314FF48033224A3B60D2F8B0315D
:10501000002BFBD1A4E5B2F5E06F7FF468AE264B20
:105020001B78002B4ED12549DFF894905246484614
:10503000FFF786FA072389F8013029F01F0309EBEF
:105040000A02BFF34F8F4FF0E021C1F8703F2033C9
:105050009A42FAD8BFF34F8FBFF36F8F184851466B
:10506000FFF7C6FC7CE50B78834228BF03469A46CF
:105070003DE600BFA2E3042014DB04200200CC00C4
:10508000C80002000200C800800000200057012074
:105090005DCFC6B800002E40C0012E4028EE012092
:1050A000A0CB04206CE304209DE30420A4E30420AF
:1050B0002057012080000700A3E3042070710060E6
:1050C000806627200449AFE7044910E60320FFF774
:1050D000E5FC08F089FD00BF0C7100607071006094
:1050E0002DE9F043841E83B0022C02D903B0BDE841
:1050F000F083124D90460F46C60105EBC0143C22CA
:1051000000210190201D994602F06EFAB8FA88F24B
:105110003904520941EA42710122A951C4F8389078
:10512000A260B9F1000FE1D00549019B9A400B68DC
:105130001A430A6003B0BDE8F08300BF00000020FE
:10514000ACCB04202DE9F043A0F1020E83B0BEF1F8
:10515000020F02D903B0BDE8F0839146C201124F9D
:10516000884602F1400605463C220021F4190193CD
:10517000201D02F039FAB9FA89FC4FEA0842019B76
:105180004FEA5C1C42EA4C72BA510122A363A2604E
:10519000002BDFD0054905F110000B6882401A434F
:1051A0000A6003B0BDE8F08300000020ACCB04200F
:1051B00012044FF0010C816042F08002C0F800C080
:1051C000C36101F5805C01F54053426001F5005276
:1051D00001F58041C0F80CC08161C0E9042370472B
:1051E000831E022B00D9704700F1100C064B0A46B3
:1051F00003EBC01000B54FF0010E0EFA0CF15DF894
:1052000004EBFFF78FBB00BF40000020831E022B82
:1052100000D970474FF0010C034B0A460CFA00F11D
:1052200003EBC010FFF77EBB000000204068704712
:10523000144B0A22DFF850C0D3F8200220F07F4040
:1052400000EB800300B55B0085B0604538BF1846B1
:105250006946FFF711FADFF834C06B46002260465A
:1052600019780132013341B10A2A20F8021FF7D11F
:1052700016228CF8002005B000BD52008CF80020EA
:1052800005B000BD00441F4080969800AC4F002040
:1052900000F0ECBA00F0BABA00F020BB00F0D8BAC7
:1052A00000F06EBB00F048BB0846114600F03ABB68
:1052B00070B5164D4FF0E02415494FF40032154EED
:1052C00005EB401582B001EB4021C4F88C21034668
:1052D000328828460191FFF76BFF019933880B4410
:1052E000BFF34F8FC4F85C1F20318B42FAD8BFF355
:1052F0004F8FBFF36F8F03202946FFF787FF4FF4CF
:105300000033C4F80C3102B070BD00BF405701201B
:105310000067272080E30420264B1A884368C3F3E4
:105320000E43D21A002AF0B5C46983B028DD2248A2
:10533000224D01782D78CBB2DFF894C0A942204DE0
:1053400009D01CF803100F4635F811100E46C1F5B0
:1053500000718A421AD90133002125F81420082B44
:10536000184D88BF0B4625F8141098BF19460CF845
:105370000340154B017019680A441A6003B0F0BD70
:10538000204603B0BDE8F040FFF792BF0F4906EB9F
:1053900047200192084401EB4421FFF7D1F8019A1C
:1053A00009492046B31825F817300B6813440B60E1
:1053B000E7E700BF80E304209BE304209CE3042094
:1053C00020DB042030DB04201CDB042000672720C6
:1053D00040DB0420224B1A78002A3FD102F0FF0361
:1053E000204A1278002A39D01F4A1288002A35D064
:1053F0001E49C2F5006210B5087884B01C4901EB63
:1054000040141C4901EBC0212046CDE90223019143
:10541000FFF7CEFEDDE901120A44BFF34F8F4FF0D4
:10542000E020039BC0F8701F20318A42FAD8019314
:10543000BFF34F8FBFF36F8F04202146FFF7D0FEDD
:105440000A480021084B027819800132019BD2B230
:10545000032A98BF1346037004B010BD704700BF05
:10546000A0E30420A2E3042082E304209FE30420BD
:1054700040580120007727202DE9F04F87B0049095
:10548000002900F0BF8000235F4C604F4FF00109FE
:10549000DFF890A15E4E029303915E4B5E4A1D7849
:1054A0003B8802EB451284F800900192002B40F0FB
:1054B000A58098461D469B460198FFF7B7FE10F061
:1054C000800000F08B80BFF34F8F9AF8003084F893
:1054D00000B00DB9D6F80080002B7BD13368A3EB68
:1054E0000803782B00F283804C4B1B78002B71D083
:1054F000EBF7AAFF3B88012584F80090002BDBD056
:1055000044491A46C3F500600D78039900EBC520A5
:10551000DFF814B19142584417D20593DDE9032115
:105520000192FFF70DF8019A4FF04041059B9B1A3D
:105530003B803B4BC3F88410BFF34F8F029800238E
:105540001044237007B0BDE8F08F0499FEF7F8FF10
:1055500000230BEBC5214FF400620198FFF728FEF2
:105560000BEBC521BFF34F8F01F1200201F5006362
:10557000934294BF012340234FF0E02201EB4313F9
:10558000C2F8701F20318B42FAD1BFF34F8FBFF3A7
:105590006F8F04200199FFF723FE1E4A1378013311
:1055A000DBB2042B28BF002313703B88039AD11A67
:1055B000029A1A4403910292049A1A440023049214
:1055C000174A3B80C2F88430BFF34F8F2370002905
:1055D0007FF463AF029807B0BDE8F08F4FF400622C
:1055E0000C4B8AF800001D7813463A808DE70123A2
:1055F00002988AF8003007B0BDE8F08F1A46C3F56C
:10560000006082E70846E6E7A0E3042082E3042086
:1056100064E304209FE3042040580120A2E3042017
:1056200000002E409EE3042000772720704700BF33
:105630002D4B002180222D4870B51B7800242C4E64
:105640008B420CBF40234FF400732A4D33802B80D4
:1056500001F0CAFF284A2146284B14704FF480728B
:1056600027481C8001F0C0FF264A1021264B02204B
:10567000C2E90044C2E90244244AC3E90044147068
:10568000234AC3E90244234B1C702346146022467C
:10569000FFF758FD204B224631880320FFF720FDFD
:1056A0002346012229880420FFF74CFD20460134BF
:1056B000FFF7FEFD082CF9D1184B00214A221848AB
:1056C000184C0460C3F88410C3F88020D3F8482134
:1056D000154942F08072C3F8482121B1134A13786A
:1056E00043F00103137070BDA3E304204058012070
:1056F00080E3042084E304209FE3042082E3042069
:105700004057012020DB042030DB04209BE30420F1
:105710001CDB04209CE3042039E1010000002E4042
:1057200078E30420F5E1010000000000A5E3042077
:105730002DE9F84F4FF400324FF0E023C3F88C21ED
:105740002B4B1C78002950D082468B46E4B20027B0
:10575000DFF8B490274B5046274AABEB07081B787D
:10576000A34204F1010437D0092C244B244928BF5B
:1057700000241E5D39F8163031F8165003EB46212F
:10578000ED1A1144A8452A4617D21E4C42465046EF
:10579000FEF7D6FE236839F816105846A3EB0B0324
:1057A00088443B4429F8168023604FF0E0234FF4EF
:1057B0000032C3F80C21BDE8F88FFEF7C1FE114A94
:1057C0002F4430461368AA445B1B1360084A1470C8
:1057D000FFF76EFDBB45BDD84FF0E0234FF400321C
:1057E0003846C3F80C21BDE8F88F0846DDE700BF56
:1057F0009CE304209BE304200067272040DB042077
:1058000020DB04201CDB042030DB04200B4B0C4A83
:1058100012781978D3B28A420DD0013309480A4A66
:10582000092B0A4928BF0023C35C31F8131002EB8F
:105830004323585C70474FF0FF3070479BE30420D0
:105840009CE3042040DB04200067272030DB042099
:10585000054B186800B1704700B583B00190EBF7B5
:10586000F3FD019803B000BD1CDB04202DE9F84FC7
:10587000144E154D33782A78934220D0DCB2DFF8ED
:105880005090DFF850B0DFF85080104F0134082CF2
:10589000A24601D90024A24619F80400DBF8003022
:1058A00038F8102037F81010521A9B1ACBF8003035
:1058B000FFF7FEFC86F800A02B78A342E6D1BDE8F6
:1058C000F88F00BF9CE304209BE3042030DB04201E
:1058D00040DB04201CDB042020DB042000B583B067
:1058E00001210DF10700FFF723FF18B19DF8070014
:1058F00003B000BD4FF0FF30FAE700BF084B00B522
:1059000083B01B788DF8070033B101210DF107003A
:10591000FFF7B2FD03B000BD03F0FF0003B000BD10
:10592000A2E30420034B1B780BB1FFF7A5BD03F0E6
:10593000FF007047A2E304202DE9F04100240D4E42
:1059400001230D4DA0460D4F33703B782846A342EE
:1059500005D0FFF76BFC030658BF08F5006801345B
:105960002035042CF1D1BFF34F8F00234046337014
:10597000BDE8F081A0E30420405801209FE304200B
:10598000204B1B7813B1204B1A8802B970471F4B6C
:10599000C2F500621E481F4930B51B7883B01E4C0B
:1059A00000EB431001EBC3210123054623700023C4
:1059B000CDE90012FFF7FCFBDDE900120A44BFF35A
:1059C0004F8F4FF0E023C3F8701F20318A42FAD87E
:1059D000BFF34F8FBFF36F8F04202946FFF700FC02
:1059E0000A49002208480B7802800133DBB2042BFD
:1059F00028BF13460B70BFF34F8F074B1A7003B0CD
:105A000030BD00BFA2E3042082E304209FE3042012
:105A10004058012000772720A0E3042010B5002380
:105A20004FF470440F224FF4806EA0F88C41194659
:105A3000A0F88E214FF46044A0F890310A46B0F8E7
:105A4000883148F2B82C43F0F003A0F8883101EB1C
:105A50004103013100EB431304299C80A3F806E0C5
:105A60005A841A865A805A81A3F80EC05A82DA8262
:105A70005A83DA83EBD1B0F8883143F00F03A0F8F2
:105A80008831B0F8883143F47063A0F8883110BDD4
:105A9000374B384A996F384841F47F0170B59967A0
:105AA00041F20106D3F8801045F6C05543F22604B2
:105AB0000A43C3F88020FFF7B1FF00F58040FFF7ED
:105AC000ADFF00F58040FFF7A9FF00F58040FFF72C
:105AD000A5FF0022A0F503104FF00F0E114600EBBA
:105AE00042134FEA421C01329981042A5981A3F8DA
:105AF0000EE09E82DD8020F80C1019829C81EED190
:105B000000221E484FF00F0E41F20106114645F6E5
:105B1000C05543F2260400EB42134FEA421C013207
:105B20009981042A5981A3F80EE09E82DD8020F835
:105B30000C1019829C81EED1002211480F2641F2EF
:105B40000105114645F6C05443F2260E00EB421300
:105B50004FEA421C01329981042A5981DE819D82DB
:105B6000DC8020F80C101982A3F80CE0EED170BD97
:105B700000C00F40000003FC00C03D4000001E407C
:105B800000401E40074A506A936A19468446506A8C
:105B9000936A9942F9D18445F7D1DB0B43EA40403F
:105BA000704700BF00400D4008B5D0E900325BB13E
:105BB000BAB10F4BA3FB0213DB0803EB4303B2EBB9
:105BC00083030AD1012008BD094BA3FB0213DB08A4
:105BD00003EB4303B2EB830301D0D21A4260F02AF5
:105BE000F0D802F0A3F81C22034600201A6008BD7A
:105BF000ABAAAAAA30B583B060B3044621B11D4652
:105C0000B2FA82F35B09A2B9206818B362680AB3DA
:105C1000164B174902FB03F3B1EBB30F1AD3A3687A
:105C2000FBB9002323606360A360E360012003B03D
:105C300030BD0193069BC0E90012C360FFF7B4FFBB
:105C400060B1002DF2D0626801992068A56001F072
:105C5000CBFCEBE702F06AF816230360002003B0E8
:105C600030BD002101F0C0FCDBE700BFABAAAAAA4F
:105C70005555551500B52DED028BB0EE408A83B019
:105C800000F020F8B4EE488AF1EE10FA06D6DFED07
:105C90000C7AB4EEE78AF1EE10FA03D403B0BDEC4F
:105CA000028B00BDCDED017A02F040F8DDED017A06
:105CB00087EEA70A2123036003B0BDEC028B00BD71
:105CC00000000000B1EEC00A704700BF034608465E
:105CD000194601F0B1B900BF81F0004102E000BFF8
:105CE00083F0004330B54FEA41044FEA430594EA9C
:105CF000050F08BF90EA020F1FBF54EA000C55EAD7
:105D0000020C7FEA645C7FEA655C00F0E2804FEAA7
:105D10005454D4EB5555B8BF6D420CDD2C4480EA89
:105D2000020281EA030382EA000083EA010180EAB9
:105D3000020281EA0303362D88BF30BD11F0004F07
:105D40004FEA01314FF4801C4CEA113102D040423D
:105D500061EB410113F0004F4FEA03334CEA133378
:105D600002D0524263EB430394EA050F00F0A78090
:105D7000A4F10104D5F1200E0DDB02FA0EFC22FA8B
:105D800005F2801841F1000103FA0EF2801843FA7F
:105D900005F359410EE0A5F120050EF1200E012A70
:105DA00003FA0EFC28BF4CF0020C43FA05F3C018AE
:105DB00051EBE37101F0004507D54FF0000EDCF127
:105DC000000C7EEB00006EEB0101B1F5801F1BD3D0
:105DD000B1F5001F0CD349085FEA30004FEA3C0CD4
:105DE00004F101044FEA445212F5800F80F09A80CA
:105DF000BCF1004F08BF5FEA500C50F1000041EBCE
:105E0000045141EA050130BD5FEA4C0C404141EBD1
:105E10000101013C28BFB1F5801FE9D291F0000FCC
:105E200004BF01460020B1FA81F308BF2033A3F17B
:105E30000B03B3F120020CDA0C3208DD02F1140C72
:105E4000C2F10C0201FA0CF021FA02F10CE002F1AD
:105E50001402D8BFC2F1200C01FA02F120FA0CFCA6
:105E6000DCBF41EA0C019040E41AA2BF01EB0451EF
:105E7000294330BD6FEA04041F3C1CDA0C340EDCED
:105E800004F11404C4F1200220FA04F001FA02F330
:105E900040EA030021FA04F345EA030130BDC4F1EE
:105EA0000C04C4F1200220FA02F001FA04F340EAE3
:105EB0000300294630BD21FA04F0294630BD94F094
:105EC000000F83F4801306BF81F480110134013D7B
:105ED0004EE77FEA645C18BF7FEA655C29D094EAEC
:105EE000050F08BF90EA020F05D054EA000C04BF6A
:105EF0001946104630BD91EA030F1EBF0021002055
:105F000030BD5FEA545C05D14000494128BF41F0F3
:105F1000004130BD14F580043CBF01F5801130BD57
:105F200001F0004545F0FE4141F470014FF00000E2
:105F300030BD7FEA645C1ABF194610467FEA655C93
:105F40001CBF0B46024650EA013406BF52EA033535
:105F500091EA030F41F4002130BD00BF90F0000F23
:105F600004BF0021704730B54FF4806404F132045F
:105F70004FF000054FF0000150E700BF90F0000F18
:105F800004BF0021704730B54FF4806404F132043F
:105F900010F0004548BF40424FF000013EE700BF0F
:105FA00042004FEAE2014FEA31014FEA02701FBF9F
:105FB00012F07F4393F07F4F81F06051704732F0D1
:105FC0007F4208BF704793F07F4F04BF41F4002128
:105FD000704730B54FF4607401F0004521F0004186
:105FE0001CE700BF50EA010208BF704730B54FF010
:105FF00000050AE050EA010208BF704730B511F011
:10600000004502D5404261EB41014FF4806404F148
:1060100032045FEA915C3FF4D8AE4FF003025FEACE
:10602000DC0C18BF03325FEADC0C18BF033202EB52
:10603000DC02C2F1200300FA03FC20FA02F001FAAC
:1060400003FE40EA0E0021FA02F11444BDE600BF4F
:1060500053B94AB9002908BF00281CBF4FF0FF31CF
:106060004FF0FF3000F000BAADF1080C6DE904CE3E
:1060700000F06AF8DDF804E0DDE9022304B07047BF
:1060800007EE900AF5EEC07AF1EE10FA01D400F0B6
:106090001BB808B580F0004000F016F8404261EBF4
:1060A000410108BD41EC170BB5EEC07BF1EE10FAD3
:1060B00001D400F029B808B581F0004100F024F8BF
:1060C000404261EB410108BD9FED0B6B07EE100AEA
:1060D0009FED0B5BB7EEC77A27EE066BBCEEC66B87
:1060E000B8EE464BA4EE457BFCEEC77B16EE101ACD
:1060F00017EE900A704700BF000000000000F03D5E
:10610000000000000000F0419FED0B7B41EC160BFE
:106110009FED0B5B26EE077BBCEEC77BB8EE474BD3
:10612000A4EE456BFCEEC67B17EE101A17EE900A34
:10613000704700BFAFF30080000000000000F03D9A
:10614000000000000000F0412DE9F04782B0064653
:10615000DDF828E00846B4460D46002B4ED18A42B1
:1061600014466DD9B2FA82F242B1C2F120039540D1
:1061700026FA03F394401D4306FA02FC260CA7B24C
:10618000B5FBF6F14FEA1C4306FB115543EA054304
:1061900001FB07F0984209D9E31801F1FF3580F0BF
:1061A0000381984240F20081023923441B1A1FFAEE
:1061B0008CFCB3FBF6F006FB10334CEA034C00FBFF
:1061C00007F363450AD914EB0C0C00F1FF3580F09E
:1061D000ED80634540F2EA80A444023840EA014081
:1061E000ACEB030C0021BEF1000F04D02CFA02F33B
:1061F0000022CEE9003202B0BDE8F0878B4209D917
:10620000BEF1000F01D0CEE900610021084602B0C6
:10621000BDE8F087B3FA83F1174600294DD18342D8
:1062200002D3B24200F20F81B6EB070C60EB03031E
:1062300001201D46BEF1000FDDD0CEE900C5DAE732
:10624000002A00F098801A46B4FA84F3002B40F03C
:10625000AF800B1B270CA6B20121B3FBF7F54FEA69
:106260001C4007FB153340EA034306FB05F898453D
:1062700007D9E31805F1FF3002D2984500F2E88013
:106280000546A3EB08031FFA8CFCB3FBF7F007FBF2
:1062900010334CEA034C06FB00F3634508D914EBBA
:1062A0000C0C00F1FF3602D2634500F2CE8030467E
:1062B000ACEB030C40EA054095E7C1F120058B40AB
:1062C00022FA05FC4CEA030C00FA01F426FA05F365
:1062D000E84002FA01F943EA04084FEA1C4206FAD0
:1062E00001FAB0FBF2F71FFA8CF602FB17004FEA37
:1062F000184444EA004407FB06F0A0420AD91CEB0C
:10630000040407F1FF3380F09C80A04240F29980A2
:10631000023F6444241A1FFA88F3B4FBF2F002FB34
:10632000104443EA044300FB06F69E4209D91CEBE5
:10633000030300F1FF3480F082809E427FD902384F
:10634000634440EA0740A0FB09749B1BA3423E46FE
:10635000A04664D361D0BEF1000F0AD0BAEB0602AA
:1063600063EB080303FA05F5CA401543CB40CEE9B9
:10637000005300213FE7730843EAC1734A08190C30
:1063800041EA02414FEAC67C9BB2B2FBF4F02646DA
:10639000A04627461F2243EA0143B1FBF4F1A3EBD9
:1063A000080341EA004158E72946FFE6284615E779
:1063B0001A46C3F120019C4026FA01F320FA01F1AC
:1063C00090400343270C06FA02FCB1FBF7F0A6B29B
:1063D00007FB1015190C41EA054100FB06F58D423B
:1063E0003BD9611801D28D4220D8491B0138B1FB3D
:1063F000F7F5019505FB06F8019D9BB207FB15110A
:1064000043EA0143434526D2E31805F1FF31C6D2E2
:106410004345C4D2A91E2344C1E7BA459BD2B7EB7A
:10642000090664EB0C040138A04694E7651B294477
:106430000238B1FBF7F5019505FB06F8DCE72046CD
:106440007FE71F4666E70846F4E6A44402382FE7D4
:10645000023D234415E70199A1E7491BB1FBF7F57C
:10646000019505FB06F8C7E7704700BF0A22002127
:1064700000F026BD0A22002100F022BD024B014699
:10648000186801F071BF00BF504F00202DE9F04F98
:1064900001F10B02162A85B0804624D8102900F29B
:1064A000AB8000F0C9FA022518211022B74C214414
:1064B000A1F108004E68864200F062817268F168BE
:1064C000B46822F003023244E1608C60516841F00C
:1064D00001014046516000F0B5FA06F1080420467B
:1064E00005B0BDE8F08F32F0070200F185809142DF
:1064F00000F28280019200F09FFA019AB2F5FC7FCF
:10650000C0F0BA81570A7FD0042F00F27281970938
:1065100007F139052BB207F1380CDB009B4C234403
:10652000A3F108065B689E4207D10DE00028DF68F2
:1065300080F21381BE4207D03B46596821F0030127
:10654000881A0F28F2DD6546236991498B4200F0D5
:10655000F1805E6826F00306B11A0F2900F39181DD
:106560008B480029C4E9040080F27981B6F5007FE8
:10657000676880F01981F10801310FFA81FC760912
:106580000121B14054F83C0098600F4304EBCC016A
:106590000839D960676044F83C30C360AB1001260D
:1065A0009E40BE4236D83E4206D125F00305760015
:1065B0003E4205F10405FAD004EBC50A04EBC50719
:1065C000A946F9680EE0486820F0030EAEEB020C15
:1065D000BCF10F0F0B46C96800F31881BCF1000F26
:1065E00080F22D818F42EED109F1010919F0030FDC
:1065F00007F10807E5D17FE10C23C8F8003000243B
:10660000204605B0BDE8F08F4FF4007340254FF0F1
:106610003F0C83E7A768796821F0030393429A4609
:1066200003D3991A0F2900F387805A495A4E0968F3
:10663000103111440820CDE9011201F0ABFB0199A2
:106640004B1E03444542834630681D40B0F1FF3F76
:1066500018BF29464046019101F040FB411C054608
:10666000DDE9011200F02B8107EB0A0C844500F2F2
:1066700024814A4B186800EB01090BF1FF3EC3F877
:10668000009000F08981306801301BBFA5EB0C0C35
:1066900009EB0C003560186015F00700814600F02A
:1066A0004881C0F108000544CDE901236B1803EAD5
:1066B0000E015844401A00EA0E06314640469B46F9
:1066C00001F00CFB421CDDE9012300F09581401B29
:1066D000304440F001011868A56000EB0609A742AC
:1066E0006960C3F8009017D0BAF10F0F40F25E81D5
:1066F000AAF10C0121F0070C796801F0010141EACF
:106700000C017960052607EB0C01BCF10F0FC1E904
:10671000016600F263816968214B1E684E4538BFEF
:10672000C3F800901F4B1E684E4501D2C3F800907D
:106730002F46C6E0676831E7BD1841F0010142F01D
:1067400001027A604046A560696000F07BF907F1BC
:106750000804204605B0BDE8F08F9A6801931944FB
:10676000D760BA604A6842F0010240464A6000F0D1
:1067700069F9019B03F10804204605B0BDE8F08FDC
:10678000CE68B1427FF49AAE0235DDE69046002035
:106790009846002060AC04203C4F002030AC042020
:1067A00058AC04205CAC0420B6F5206F4FEA5620AC
:1067B0007CD3142800F2D38000F15C0109B25B3075
:1067C000C90004EB010C6158ACF1080C8C4503D1F5
:1067D000A8E089688C4504D0486820F00300B042E6
:1067E000F7D8D1F80CC0C3E9021CCCF80830CB6054
:1067F000D4E6142F72D9542F00F2BA80170B07F188
:106800006F052BB207F16E0CDB0087E69D1842F096
:1068100001025A609E68864AF1608E60C4E90455A0
:10682000C5E902224CF001026A60404643F80EC0FE
:10683000019300F007F9019B03F10804E0E69E4490
:106840001C46DEF8043043F00103CEF8043054F85F
:10685000083F4046D9608B6000F0F4F8D0E61E4453
:1068600040467268019342F00102726000F0EAF85B
:10687000019B03F10804C3E6D508691C09B2C900ED
:1068800014E69D1842F001025A60694A0193C4E976
:106890000455C5E9022241F001026A60404699515F
:1068A00000F0D0F8019B03F10804A9E6B00900F15B
:1068B000390109B23830C90083E7A74263D0A7681D
:1068C000796821F003009042A0EB020102D30F2966
:1068D0003FF732AF404600F0B5F890E607F15C05AF
:1068E0002BB207F15B0CDB0018E6514651F8083972
:1068F0008B428A4640F09A8015F0030F05F1FF3570
:10690000F3D1636823EA0603636076009E423FF694
:1069100081AE1EB97EE6760009F104091E42FAD066
:106920004D4649E68010012606FA00F007436760ED
:1069300059E7CDE902236B1803EA0E01ABEB010620
:1069400006EA0E0631464046019301F0C7F9431CA2
:10695000019B04BF4E461846DDE90223B7E65428E2
:1069600027D8300B00F16F0109B26E30C90028E75B
:10697000B7F5AA7F27D8D70B07F178052BB207F117
:10698000770CDB00CAE52B4B186800EB01090BF113
:10699000FF3EC3F8009076E615EA0E0F7FF473AE63
:1069A000A568514441F001016960B5E601236B60BF
:1069B00090E7B0F5AA7F25D8F00B00F1780109B275
:1069C0007730C900FDE640F254539F4224D8930C1F
:1069D00003F17D0503F17C0CEB009FE507F1080155
:1069E0004046CDE9012301F0BFFCA568029B696820
:1069F000D3F80090019A8FE6A9F108010BEB010092
:106A0000002664E640F2545188420BD8B00C00F1E5
:106A10007D01C9007C30D4E64FF47E737F254FF0B2
:106A20007E0C7BE54FF47E717E20CAE663686CE7DE
:106A30009846002030AC0420014801F0A7B900BFFF
:106A400028AC0420014801F0A3B900BF28AC042001
:106A5000002900F09F802DE9F04383B00C4600929E
:106A60008046FFF7E9FF009901F10B03162B60D870
:106A70001023994260D854F804EC2EF003029A4295
:106A8000A4F1080565DAB348806805EB020C60459F
:106A9000DCF8046000F0908026F00100604440685B
:106AA000C0076CD426F00306901983424CDD1EF01B
:106AB000010F0FD154F8080C281A0746406820F03F
:106AC000030006441644B34240F3EF801618B34265
:106AD00040F3C9804046CDE90023FFF7D7FCDDE94C
:106AE00000230646002800F0178154F8041C21F00A
:106AF00001012944A0F1080C614500F0AE80043A80
:106B0000242A00F2CE80132A00F29C8003462246FB
:106B1000116819605168596092689A602146404630
:106B200001F022FC4046FFF78DFF304603B0BDE880
:106B3000F08333F007039CD50C23C8F800300026FF
:106B4000304603B0BDE8F0830246DCE90201C160D3
:106B500088606968D01A0F2801F0010105EB020670
:106B60001BD811436960736843F0010373604046AA
:106B7000FFF768FF2646304603B0BDE8F0831EF0FD
:106B8000010FA7D154F8080C281A0746406820F0D6
:106B900003009BE71146FFF779BC19436960E918C8
:106BA00040F001004860736843F0010308317360EE
:106BB000404601F0D9FBDAE726F00306B01803F1EE
:106BC000100C604580F28B801EF0010F82D154F8CA
:106BD000080C281A0746406820F0030006441644B3
:106BE000B445B1463FF772AF3E46F96856F8080F14
:106BF000043A242AC160886000F2A580132A40F27A
:106C0000A0802168B9606168F9601B2A00F2A48045
:106C1000083407F110022168116061685160A168B1
:106C20009160F918A9EB03024A4D42F00102A960F4
:106C30004A607A6802F00102134340467B60FFF726
:106C400001FF98E723680360636843601B2A3BD811
:106C500004F1080200F108035AE750F8041C21F07F
:106C600003010A4475E7043A3D46F96855F8080FF0
:106C7000242AC160886020D8132A1CD92168B960F1
:106C80006168F9601B2A3DD8083407F110022168B9
:106C9000116061685160A16891602C4632463D46A2
:106CA00057E7214600F00EFC38E7DCE90201043A20
:106CB000C1608860D8E72A46E9E721462846009364
:106CC00000F000FC009BE8E7A3688360E368C36012
:106CD000242A25D004F1100200F1100318E71D4A00
:106CE0001D449560C21A42F001026A6054F8042CF7
:106CF00002F001021343404644F8043CFFF7A2FEB1
:106D0000264638E7A1683961E1687961242A10D004
:106D1000103407F11802BAE74046FFF793FE0EE77A
:106D2000236903616169416104F1180200F11803EC
:106D3000EEE62269BA616269FA61183407F120024D
:106D4000A5E7324667E721463046009300F0BAFBDC
:106D5000009B66E790460020A1683961E16879618F
:106D6000242A03D0103407F1180254E72269BA61CB
:106D70006269FA61183407F120024CE7242B2DE9EF
:106D8000F84F42D8012B884619463ED091464B4ACF
:106D900082461E46C64670461EF8017BD35D13F040
:106DA0000803F8D12D2F70D02B2F05BF9EF800704F
:106DB0009B469B4600F1020E6FF0004361BB302FF3
:106DC0004DD00A2631460022B3FBF6F4104606FBEE
:106DD000143505E03CD006FB00C001221EF8017B03
:106DE000A7F1300CBCF1090F06D9A7F1410CBCF199
:106DF000190F17D8A7F1370C61451CDD571CEDD0D2
:106E00008442E7D24FF0FF32E8E700F08FFF16230D
:106E100003600020BDE8F88F1029D4D1302F27D08F
:106E20000E46D0E7A7F1610CBCF1190F03D8A7F10A
:106E3000570C6145E2DC511C30D0BBF1000F0CD186
:106E4000B9F1000FE6D0AABBC9F80080BDE8F88F01
:106E50006545C0DA4FF0FF32C0E74042F0E79EF8E8
:106E6000002002F0DF02582A08D008263146AAE79F
:106E70009EF8002002F0DF02582AD1D110269EF899
:106E8000017031460EF1020E9DE79EF800704FF042
:106E9000004300F1020E4FF0010B8FE72222CAF8E7
:106EA0000020B9F1000F07D00EF1FF381846C9F8DD
:106EB0000080CBE70346F7E71846ABE731410020F7
:106EC00000B5DFF818E084461346DEF800005DF8F0
:106ED00004EB0A466146FFF751BF00BF504F002048
:106EE0002DE9F0471D464A4B16460C4682460A4697
:106EF000114612F801EB13F80EC01CF0080CF7D184
:106F0000BEF12D0F5AD0BEF12B0F03BF92F800E057
:106F100063468A1C634645B9BEF1300F5CD00A2532
:106F20003C4F4FF00509A8460AE0102D4BD04FF01A
:106F3000FF37B7FBF5F705FB07F96FEA0909A84624
:106F40000021084605E02CD008FB00C0012112F802
:106F500001EBAEF1300CBCF1090F06D9AEF1410CDA
:106F6000BCF1190F0BD8AEF1370C654510DDB1F14E
:106F7000FF3FECD0B842E6D94FF0FF31E7E7AEF182
:106F8000610CBCF1190F03D8AEF1570C6545EEDC6E
:106F90004D1C0BD003B140420EB169B93460BDE85D
:106FA000F087CC45D0DD4FF0FF31D0E72223CAF87F
:106FB00000300846002EF2D0541EEFE792F800E0B1
:106FC00001238A1CA7E7BEF1300F11D04FF00F0943
:106FD0006FF07047A846B3E7117801F0DF01582938
:106FE0000BD008254FF007096FF06047A846A7E7C8
:106FF000117801F0DF015829E8D14FF0100892F81C
:1070000001E04FF00F0902326FF07047454697E7F5
:10701000314100209999991900B5DFF818E08446AC
:107020001346DEF800005DF804EB0A466146FFF700
:1070300057BF00BF504F002013460A4601460220AA
:1070400001F0FAB8024A0349034800F0C9B800BF8A
:10705000444F00206D3C0200984A00200C4B4168D0
:10706000994210B5044601D003F0F0FEA168094B27
:10707000994202D0204603F0E9FEE168064B9942AE
:1070800004D02046BDE8104003F0E0BE10BD00BFB4
:1070900064AC0420CCAC042034AD04202DE9F843CA
:1070A000314A324C3249DFF8DC90DFF8DC80314F76
:1070B0001160002504232946082204F15C00C4E97C
:1070C00003352D4EA560C4E90055C4E90555656634
:1070D00000F08AFA04F15800C4E90749C4E90987B5
:1070E000E66200F04FFE2946244B6367082204F154
:1070F000C400C4E91A55C4E91E552567C4F8CC502C
:10710000C4F8805000F070FA04F1680304F1C00084
:10711000C4F88430C4E92298C4E9247600F032FE31
:10712000174BC4F8DC30294604F596700822C4E9F0
:107130003455C4E93855C4F8D850C4F83451C4F8AB
:10714000E85000F051FA04F1D003C4E93D87C4F8D7
:10715000F09004F59470C4F8FC60C4F8EC30BDE81D
:10716000F84300F00FBE00BF9CAD042064AC0420C7
:1071700065FE0100090102002D0102000900010065
:1071800012000200A5000200C900020010B504466A
:107190000A4800F0FBFD636B23B9094B094A1B68E1
:1071A000626323B1BDE81040044800F0F1BDFFF771
:1071B00075FFBDE81040014800F0EABD2CAC04208A
:1071C0009CAD04207DFE0100014800F0DFBD00BF42
:1071D0002CAC0420014800F0DBBD00BF2CAC042027
:1071E0002DE9F8430746884616464FF000097568B2
:1071F000013D11D4B468A389012B08D9B4F90E302C
:1072000001332146384602D0C04749EA0009013D12
:107210006B1C04F16804EED13668002EE7D14846B5
:10722000BDE8F8830CB430B5144B0D1E1C689DB03E
:107230001FDB14BF01220022AA1A114B0593002163
:1072400021AB1B91029006900492079202A9209A0A
:107250000193204601F0ACFD431CBCBF8B2323608F
:1072600015B1029B00221A701DB0BDE8304002B07B
:1072700070478B2323604FF0FF30F5E7504F00201D
:107280000802FFFF10B50C46B1F90E1000F010FD1A
:10729000002803DB236D0344236510BDA38923F479
:1072A0008053A38110BD00BF2DE9F0411F46B1F905
:1072B0000C301646DA050C4605460BD423F48053F1
:1072C000A381B4F90E103B4632462846BDE8F04192
:1072D00000F016BD0223B1F90E10002200F0D2FC1E
:1072E000B4F90C30EAE700BF10B50C46B1F90E1046
:1072F00000F0C8FCB4F90C30421C0EBF23F48053DC
:1073000043F480532065A38110BD00BFB1F90E1076
:1073100000F0A6BC70B5ADF5067D0E460093134691
:107320004FF40072059206A905AA054600F052F82E
:1073300098B10246059B03903146284600F0E0FCD8
:10734000039A059006AB9A4204D02846114601F0F4
:107350000BF805980DF5067D70BD4FF0FF30F9E78D
:1073600000B5DFF818E084461346DEF800005DF84B
:1073700004EB0A466146FFF7CDBF00BF504F002027
:1073800030B5124C0D1E24689BB019DB00900490A0
:1073900014BF01200020281A0D49029005900020FA
:1073A000039119906946204601F002FD431CBCBFC1
:1073B0008B23236015B1009B00221A701BB030BDD7
:1073C0008B2323604FF0FF30F8E700BF504F0020C1
:1073D0000802FFFF10B59AB021B1D2F800C0BCF18D
:1073E000000F1CD100214FF4227CADF80CC0199184
:1073F000009104914FF6FF7C029105911446694675
:107400001A461C9BADF80EC001F0D2FC002814DB1C
:10741000009B206000221A7004981AB010BD0091E1
:10742000049161464FF4C16CADF80CC04FF0000CF4
:10743000CDF864C0DEDA8B23036000201AB010BDE3
:10744000032A11D8002A3BD0013A431E01390244D5
:1074500001E09A4234D013F8010F11F801CF6045D2
:10746000F7D0A0EB0C00704710B541EA0004A40768
:1074700084460B460FD0013A431E0139024401E015
:107480009A421BD013F8010F11F801CF6045F7D0D5
:10749000A0EB0C0010BDDCF80040D3F800E0744510
:1074A0001946604603F104030CF1040CE3D1043ADD
:1074B000032AF0D860461946002ADCD1002010BD0E
:1074C00000207047884270B531D98B1883422ED97D
:1074D000032A00EB02011DD941EA030C1CF0030F43
:1074E0001D4618D14FEA920C0CF1FF36A1EB8C042B
:1074F0008C4653F804ED4CF804EDA445F9D1C6EBE5
:10750000867301EB830105EB830CACF104030439B2
:1075100002F0030252B102F1FF3C6FEA0C0C9C44F2
:1075200013F8012D01F8012D6345F9D170BD032A2F
:1075300050D941EA00039B074ED10F2A51D922F0BE
:107540000F0301F1100601F1100C103B203100F186
:10755000100E19445CF8104C4EF8104C5CF80C4CB2
:107560004EF80C4C5CF8084C4EF8084C5CF8044C97
:107570004EF8044C0CF1100C8C450EF1100EE9D1B4
:10758000F11812F00C0F034402F00F0503F1100381
:1075900025D025F0030CACF1040426461A1F1C1953
:1075A0008C465CF804EB42F804EFA242F9D10431B6
:1075B00004333144334405F00302002AB6D0013AC3
:1075C0000132013B0A4411F801CB03F801CF91428B
:1075D000F9D170BD0346F0E7013A0346F0E72A46C9
:1075E000EBE703461546D4E730B5840786460346E5
:1075F00006D0A2B303F8011B980702F1FF32F8D1BD
:10760000032A26D95FFA81FC0CEB0C2C0F2A0CEB19
:107610000C402AD922F00F0C9C44C3E90000C3E9B6
:10762000020010336345F8D112F00C0F02F00F0482
:1076300017D04FEA940C0CF1FF351A4603EB8C0C73
:1076400042F8040B6245FBD1043304F0030203EB60
:10765000850322B11A4403F8011B9A42FBD17046FC
:1076600030BD2246002AF5D1F9E71446E1E700BF14
:1076700011F0FF01034600F003023AD092BB02680A
:1076800001EB012303EB034383EA020C10B51C4614
:10769000A2F1013323EA0203ACF1013222EA0C0227
:1076A000134313F0803F0FD150F804CF8CEA040E3F
:1076B000ACF10133AEF1013223EA0C0322EA0E02EF
:1076C000134313F0803FEFD0037823B936E010F86E
:1076D000013F002B32D09942F9D110BD8A4228D007
:1076E0009A0729D01A7818460133002AF6D1104695
:1076F0007047CAB90268A2F1013323EA020313F00A
:10770000803F08D150F8042FA2F1013323EA02038D
:1077100013F0803FF6D003785BB110F8013F002BE7
:10772000FBD17047990705D01A7818460133002A13
:10773000F8D170471846DDE71846A0E7184610BD97
:107740008AB340EA01039B0730B504468E4618D140
:10775000032A07D815E0043A23D01CF0803F20D13B
:10776000032A26D92368DEF80050A3F10131AB4289
:1077700021EA030C2046714604F104040EF1040EC4
:10778000E9D003780C78A3420FD1013A024406E015
:107790006BB110F8013F11F8014FA34205D190429F
:1077A000F6D1002030BD10467047181B30BD18467A
:1077B00030BD20467146E4E710B504460843830710
:1077C00001D1032A19D8A44601F1FF3E07E01EF8B3
:1077D000011F03F8011B501E31B19C46024663464F
:1077E000002AF4D1204610BD94440028FAD003F8B2
:1077F000011B6345FBD1204610BD0B46A44618680B
:107800001946A0F1013323EA000313F0803F01F190
:107810000403D9D1043A032A4CF8040BEFD81946D3
:10782000D2E700BF01292DE9F04115465BD94FF0A1
:107830000108C64600224FF0FF34434608E0A3EBA0
:1078400004081A464FF0010E02EB0E03994210D9BC
:1078500000EB040CC75C1CF80E60B742EFD332D0CB
:107860004FF001081446C646424402EB0E0399420B
:10787000EED80127C5F80080BE4600224FF0FF3643
:107880003B4607E09F1B1A464FF0010E02EB0E032A
:10789000994210D900EB060C10F803801CF80EC0BA
:1078A000E045EFD817D001271646BE463A4402EB12
:1078B0000E039942EED80136601C864201D32F6038
:1078C0003046BDE8F081C6450ABF72440EF1010E94
:1078D0004FF0010EB8E7BE450ABF72440EF1010E2B
:1078E0004FF0010ED2E701270026E8E72DE9F04F1F
:1078F0009346ADF21C4D0746894605AA19465846DF
:107900001C46FFF78FFF05AB82460DF2144143F88A
:10791000044F8B42FBD16CB1601E58440BF1FF3217
:1079200012F8011FA31A013B06AE5B44824246F8DF
:107930002130F5D1059B029352460BEB03015846CB
:10794000FFF77EFD002878D144F4006380460546A9
:10795000A9EB04010393661EA94213D307EB050E9E
:1079600006AA1EF8063052F82330D3B1B8F1000F42
:1079700003D0029A9A4288BFA31A1D44A9424FF02D
:107980000008EBD2039907EB090003F093FB814455
:10799000A9EB0401A942E1D200200DF21C4DBDE883
:1079A000F08FD045434638BF5346B3421BD20BF14C
:1079B000FF3018440EEB0302019502E00133B3429D
:1079C00010D0157810F801CFAC4502F10102F5D0C6
:1079D0009E42019D07D9CAF101022A44D5184FF0F1
:1079E0000008B9E7019DD04580F0888007EB0A02C6
:1079F0002A440AF1FF330BEB0A00019502E0984597
:107A000011D0013B10F801CD12F8015DAC45F6D064
:107A1000019D013308F10108984509D8029B1D44D6
:107A2000A4EB030898E708F101089845019DF5D9F2
:107A300070460DF21C4DBDE8F08FA4EB0A035345D0
:107A400038BF534601330293661E44F40063002599
:107A5000A9EB0401019307EB0608A94208D318F823
:107A6000052006AB53F822309BB11D44A942F6D243
:107A7000019907EB090003F01DFB8144A9EB040108
:107A8000A94289D318F8052006AB53F82230002B01
:107A9000EBD1564519D90BF1FF3007EB0A035044DF
:107AA0002B44524602E0013296420ED093F800C0B9
:107AB00010F801EFE64503F10103F4D0964204D932
:107AC000CAF101032B449D18C7E7BAF1000F10D08B
:107AD00007EB0A0028440BEB0A0201E05A4508D0E4
:107AE00010F801CD12F801EDE645F7D0029B1D44D8
:107AF000BCE778190DF21C4DBDE8F08F534689E7BD
:107B00002DE9F0410D7890B00446002D48D04A7818
:107B1000002A68D08B78002B46D0C878002877D010
:107B20000B79002B65D008460E4600F019FB054680
:107B300040F40071204603F0BDFA854242D8FE2D84
:107B40007FD8401B27184022691C6846FFF74CFD70
:107B50005DB1721EA81812F8013F03F03F036B4499
:107B6000B11A294490421970F5D1013C635D03F0CC
:107B70003F036B441B781C44A74203D227E04444D4
:107B8000A74224D314F805C00CF03F0CEC442A465D
:107B9000314620469CF80080FFF752FC0028EED1C9
:107BA000204610B0BDE8F081007842EA054238B1C5
:107BB00040EA03439A4214F8010FF8D1023CEFE780
:107BC0009A42FBD00024204610B0BDE8F0817B5DD6
:107BD0007819002BF6D04FF4006103F06BFA0744DC
:107BE000A742C2D2EEE7294610B0BDE8F041FFF748
:107BF0003FBD2278002AE5D0096809BA42EA03238A
:107C0000204614F8012FB2B19942F7D1C41EC7E73C
:107C1000120442EA0562217842EA0323024641EA5D
:107C2000020059B1B3EB002F14F8011F4FEA0022F4
:107C3000F5D1033CB4E79942C4D1E7E79342C1D1FF
:107C4000F7E701462B463246204610B0BDE8F0412A
:107C5000FFF74CBE014B93F810027047E84C002030
:107C600038B5074C0023054608462360FCF716FE8E
:107C7000431C00D038BD2368002BFBD02B6038BDDF
:107C8000B0CB042038B58C46084C114605461A4640
:107C9000604600232360FCF70DFE431C00D038BD76
:107CA0002368002BFBD02B6038BD00BFB0CB042075
:107CB00038B58C46084C114605461A4660460023E6
:107CC0002360FCF7E9FD431C00D038BD2368002B7E
:107CD000FBD02B6038BD00BFB0CB042038B5074CBB
:107CE0000023054608462360FCF7BEFD431C00D078
:107CF00038BD2368002BFBD02B6038BDB0CB0420EF
:107D000038B58C46084C114605461A466046002395
:107D10002360FCF785F9431C00D038BD2368002B95
:107D2000FBD02B6038BD00BFB0CB0420014B1868DE
:107D3000704700BF504F002070B50E4E0E4DAE4242
:107D400008D0761BB610002455F8043B0134984740
:107D5000A642F9D8094E0A4D05F04EFFAE4208D0B2
:107D6000761BB610002455F8043B01349847A64210
:107D7000F9D870BD40570060405700604857006018
:107D800040570060704700BF704700BF704700BF9A
:107D9000704700BF082802D14FF48050704708B5E3
:107DA000FFF7C4FF162303604FF0FF3008BD00BF8C
:107DB00000000000000000000000000000000000C3
:107DC00002780B78012A28BF9A4240F0D8806DE9EA
:107DD000044540EA0104CDE902676FF0000C4FEA68
:107DE00044721AB380EA010414F0070F6BD100F05B
:107DF000070420F0070004F0030521F007014FEA13
:107E0000C505F0E8042314F0040FF1E804670CFA48
:107E100005F462EA040266EA04060BD063EA04038E
:107E2000624667EA0407664604E000BFF0E8042300
:107E3000F1E8046782FA4CF582EA0604A4FA8CF4AD
:107E40006CBB83FA4CF583EA0705A5FA8CF595B966
:107E500050E9022351E9026782FA4CF582EA0604EE
:107E6000A4FA8CF483FA4CF583EA0705A5FA8CF59D
:107E70002543DBD09CB92DBAB5FA85F424F007046C
:107E800027FA04F1DDE9026723FA04F303F0FF00A7
:107E900001F0FF01FDE80445A0EB0100704724BAA2
:107EA000B4FA84F424F0070426FA04F1DDE9026749
:107EB00022FA04F202F0FF0001F0FF01FDE80445A0
:107EC000A0EB0100704714F0030F3CD110F0030445
:107ED00028D150F8082B51F8083B82FA4CF582EA79
:107EE0000305A5FA8CF55DB950F8042C51F8043C53
:107EF00082FA4CF582EA0305A5FA8CF5002DE8D04C
:107F00002DBAB5FA85F424F0070423FA04F122FA15
:107F100004F202F0FF0001F0FF01FDE80445A0EBD0
:107F2000010070474FEAC40420F0030050F8082B0A
:107F300021F0030151F8083B0CFA04F462EA040250
:107F400063EA0403C9E710F003041DD0A1EB0401A8
:107F500020F00300E40750F8042B06D012D28B78EF
:107F60005FFAA2F4E41A06D12BB1CB785FFAB2F42F
:107F7000E41A00D133B920465DF8104B7047A2EBEC
:107F80000300704701F1040150F8042BCC0721F0E5
:107F9000030151F8043B48D824D222F07F4482FAEE
:107FA0004CF594EA1325A5FA8CF50AD165B951F878
:107FB000043B84EA0204B4EB036F0ED150F8042BA7
:107FC000EBE74FEA132355E035F07F454DD10878B4
:107FD000FDE80445C0F1000070474FEA126203F06B
:107FE000FF0347E002EA1C4482FA4CF594EA134589
:107FF000A5FA8CF50AD165B951F8043B84EA02046C
:10800000B4EB034F0CD150F8042BEBE74FEA1343CA
:1080100030E015EA1C4528D10B884FEA124229E0CE
:108020004FEA124203EA1C4324E002F0FF0482FA02
:108030004CF594EA1365A5FA8CF50AD165B951F8A7
:10804000043B84EA0204B4EB032F09D150F8042B5B
:10805000EBE74FEA13630DE015F0FF0F05D10B6856
:108060004FEA122223F07F4304E04FF00000FDE8C6
:108070000445704712BA1BBA82FA4CF482EA030430
:10808000A4FA8CF5B5FA85F402FA04F203FA04F3C3
:108090004FEA1260FDE80445A0EB1360704700BF93
:1080A00001F0FF01102A2BDB10F0070F08D010F8A9
:1080B000013B013A8B422DD010F0070F42B3F6D1AD
:1080C000F0B441EA012141EA014122F007047FF0C6
:1080D00000070023F0E80256083C85EA010586EA1D
:1080E000010685FA47F5A3FA87F586FA47F6A5FA59
:1080F00087F68EB9EED1F0BC01F0FF0102F0070265
:1081000032B110F8013B013A83EA010313B1F8D10F
:108110000020704701387047002D06BF35460338F0
:10812000073815F0010F07D1013015F4807F02BF29
:10813000013015F4C03F0130F0BC0138704700BF7A
:10814000000000000000000000000000000000002F
:10815000000000000000000000000000000000001F
:1081600030B490F800F020F007016FF0000C10F030
:10817000070491F820F040F048804FF000046FF0C1
:108180000700D1E9002391F840F000F1080082FADD
:108190004CF2A4FA8CF283FA4CF3A2FA8CF34BBBA8
:1081A000D1E9022382FA4CF200F10800A4FA8CF221
:1081B00083FA4CF3A2FA8CF3E3B9D1E9042382FAEF
:1081C0004CF200F10800A4FA8CF283FA4CF3A2FA04
:1081D0008CF37BB9D1E9062301F1200182FA4CF23C
:1081E00000F10800A4FA8CF283FA4CF3A2FA8CF3A3
:1081F000002BC6D0002A04BF04301A4612BAB2FAC5
:1082000082F200EBD20030BC7047D1E9002304F0C9
:108210000305C4F100004FEAC50514F0040F91F8FE
:1082200040F00CFA05F562EA05021CBF63EA05039B
:1082300062464FF00004AAE7F0B51D4C83B0054636
:108240002068019116461F46FFF7A0FD194A0199C3
:10825000136823B35A6820681F2A23DC4DB9541CC5
:1082600002325C6043F82210FFF792FD002003B059
:10827000F0BD03EB820E0124CEF88860D3F888614C
:10828000944046EA040C022DC3F888C1CEF8087168
:10829000E5D1D3F88C512543C3F88C51DFE7064B69
:1082A0001360D7E7FFF774FD4FF0FF30DFE700BF43
:1082B000DC4C002090AA042094AA0420F8B50646BD
:1082C00008200C46FFF766FD07463046FEF7B4FB74
:1082D000224A93685D6825F00305A5F111031C1B74
:1082E0003C44B4FBF7F4013C07FB04F4A74208DC70
:1082F00000213046FFF7F2FC184A93682B4498425D
:1083000004D03046FEF79EFB0020F8BD61423046A7
:10831000FFF7E4FC0130114A0DD0114993682D1B81
:1083200045F001055D600B6830461B1B0B60FEF7D6
:1083300089FB0120F8BD00213046FFF7CFFC074A3A
:108340009268831A0F2BDCDD43F001035360054B69
:1083500003491B68C01A0860D3E700BF904600209D
:1083600030AC04203C4F0020002965D02DE9F041BD
:108370000C460746FEF760FB54F804EC7D49A4F177
:10838000080C2EF001030CEB03028D685068954237
:1083900020F003000EF0010600F08B8015185060ED
:1083A0006D6805F00105A846AEBB54F8084CACEB6F
:1083B000040C2344DCF8084001F1080E74456BD02E
:1083C000DCF80C50E560AC60B8F1000F00F08C8078
:1083D00043F00100CCF804001360B3F5007F35D200
:1083E000DA0848685C090132012312B2A340034352
:1083F0004B6051F83200CCF8080001EBC203083B97
:10840000CCF80C3041F832C0C0F80CC03846BDE89A
:10841000F041FEF717BB85B9034401F1080E9068DF
:10842000704543F001047AD0D268C2609060CCF805
:1084300004404CF80330D0E770474EF00102B3F52A
:10844000007F44F8042C4CF80330C9D3B3F5206FF7
:108450004FEA53204AD2980900F1390212B200F1D2
:108460003804D20088188A580838904203D15FE057
:108470009268904204D0516821F003019942F7D8E4
:10848000D068CCE90220C0F808C03846C2F80CC059
:10849000BDE8F041FEF7D6BAA5BB1844D2E90223E5
:1084A000D3609A6040F00103CCF804304CF800002F
:1084B000ACE7184446B954F8083CACEB030C18443C
:1084C000DCE90223D3609A6040F00103CCF8043069
:1084D000294BC1F808C01B68834297D8274B384600
:1084E0001968FFF7EBFE91E7034498E714280FD9CA
:1084F000542824D8180B00F16F0212B200F16E0458
:10850000D200AFE743F00101CCF8041013607DE71F
:1085100000F15C0212B200F15B04D200A2E7C1E9F3
:1085200004CCCCE902EECCF804404CF803306DE703
:10853000A4100123A3404C6823434B60A1E7B0F58E
:10854000AA7F07D8D80B00F1780212B200F17704A5
:10855000D20087E740F25452904206D8980C00F1BE
:108560007D0200F17C04D2007CE74FF47E727E2411
:1085700078E700BF90460020404F002060AC042008
:1085800082B049B15AB16BB113780B601278101EEA
:1085900018BF012002B0704701A9002AF3D110468C
:1085A00002B070476FF00100F4E700BF30B5436CD4
:1085B00083B005460C4653B153F8240088B10268D5
:1085C00043F824200023C0E9033303B030BD212247
:1085D000042102F0E9FD034668640028ECD1002084
:1085E000F3E7012101FA04F35A1D92002846019392
:1085F00002F0DAFD0028F2D0019B44608360E1E7DD
:1086000031B1436C4A6853F82200086043F82210E5
:10861000704700BF2DE9F0410E6917460D461C4614
:1086200001F114024FF0000E11688BB207FB0343F7
:108630004FEA134C090C07FB01CC0EF1010E9BB263
:1086400003EB0C43764542F8043B4FEA1C44EBDC59
:108650003CB1AB68B34207DD05EB860301365C61D4
:108660002E612846BDE8F081696801318046FFF738
:108670009DFF0746B0B12A69023205F10C01920054
:108680000C30FBF75DFFD8F844306A6853F82210CD
:10869000296043F822503D4605EB860301365C61B4
:1086A0002E61DEE7024B03483A46BA2102F05CFD38
:1086B000C43D0020D83D0020B0F5803F034636BFC2
:1086C000030400201020B3F1807F3CBF1B02083060
:1086D000B3F1805F06D3B3F1804F0FD29A0012D46A
:1086E000033070471A01B2F1804F00F1040006D246
:1086F0009B0108D45B00F3D4202070471A46002A5F
:10870000FBDB013070470230704700BF0368590738
:1087100008D0DA071FD499072AD55B080360012225
:10872000104670479AB282B91B0CDAB2B2B110226D
:10873000190701D104321B09990714D0D90701D4B4
:1087400001325B08036010467047DAB24AB11A077B
:1087500017D10422EFE700221046704718221B0AA7
:10876000E6E70822FBE7590707D502329B08E9E74D
:108770009B080222036010467047DB0804D12022C8
:10878000CEE7DB080322DDE70332DBE738B5436CD5
:1087900004460D464BB15868B0B102685A600022D9
:1087A0000123C0E90323456138BD2122042102F0E1
:1087B000FBFC034660640028EDD1094B0948002208
:1087C00040F2451102F0D0FC1C220121204602F0AB
:1087D000EBFC0028F1D001220223C0E90123DEE7EF
:1087E000C43D0020D83D00202DE9F04F0F691569E8
:1087F000AF4285B00E46904605DB2A4643463D46CD
:10880000884617461E46D8F80830D8F80410EC19E8
:10881000A342B8BF0131FFF7C9FE8446002800F02B
:108820009C80143000EB840E704505D20346002175
:1088300043F8041B9E45FBD8143606EB870296428C
:108840007CD208F1140707EB8505A5EB080308F1B6
:108850001508A845A3F11503CDE902E44FEA930AF0
:108860008CBF002401249146E34605E0090C34D175
:10887000B14500F104005ED956F8041B8AB2002A03
:10888000F4D0CDE90090B8468646002358F8041B82
:10889000DEF800001FFA81F94FEA114C81B202FBA9
:1088A0000911000C194402FB0C0000EB114089B2C5
:1088B00041EA004145454EF8041B4FEA1043E5D814
:1088C000DDE90090002C4FEA8A0208BF0022024432
:1088D000536056F8041C090CCAD00368CDF8009008
:1088E0008846BC46864600221946BCF8009008FB24
:1088F000092909EB11499BB243EA09434EF8043BAD
:108900005CF8043BDEF800101B0C8AB208FB032362
:1089100003EB194365454FEA1342E6D8002C4FEAB2
:108920008A02DDF8009008BF00220244B14553607E
:1089300000F10400A0D8DDE902E4DC46002C02DCF2
:1089400005E0013C03D05EF8043D002BF9D0604601
:10895000CCF8104005B0BDE8F08F034B03486246E9
:108960004FF4B17102F000FCC43D0020D83D00205E
:10897000F8B512F00303144607462FD10E46A41093
:108980002AD03D6C002D32D004F0010364103BB9B5
:108990002868B8B1054604F001036410002BF7D035
:1089A0002A4631463846FFF71FFF36B17B6C7168A7
:1089B00053F82120326043F8216074B106462868DC
:1089C0000028E7D12A4629463846FFF70DFF002345
:1089D000286003600546DEE73046F8BD013B0F4ADC
:1089E00052F823200023FFF715FE0646C7E70121B2
:1089F0003846FFF7DBFD054640B1012340F2712206
:108A0000C0E90432002338640360BDE7044B054825
:108A10002A4640F2451102F0A7FB00BFE0450020C6
:108A2000C43D0020D83D00202DE9F0470D46914679
:108A30002E69AB68496806EB6216741C9C420746B7
:108A40004FEA621804DD5B009C4201F10101FADC8F
:108A50003846FFF7ABFD844600284FD0B8F1000F31
:108A600000F114000BDD08F105010CEB8101034658
:108A7000002243F8042B8B42FBD100EB88002969CC
:108A800005F1140319F01F0803EB810E2ED0C8F175
:108A9000200902464FF0000A196801FA08F141EA7C
:108AA0000A0142F8041B53F8041B9E4521FA09FAF7
:108AB000F2D8AEEB0503153B23F0030305F11502D5
:108AC000964538BF0023043340F803A0BAF1000FE5
:108AD00000D134467B6C6A68CCF8104053F8221001
:108AE0002960604643F82250BDE8F087043853F807
:108AF000042B40F8042F9E45F9D8EAE7034B0448BD
:108B000062464FF4EF7102F02FFB00BFC43D00201E
:108B1000D83D002003690A6900B5B3EB020E12D1FB
:108B200000F1140C14310CEB820301EB820101E023
:108B30009C4508D253F8040D51F8042D9042F7D00B
:108B400003D24FF0FF3E704600BD4FF0010E70465D
:108B500000BD00BF2DE9F04F17460A693B69A2EB43
:108B60000308B8F1000F83B00C4615D1143107F19A
:108B7000140505EB830501EB830302E0994280F0C5
:108B8000858053F8046D55F8042D9642F6D080F098
:108B90008A804FF0010805E0FBDB3B464FF0000800
:108BA0000F461C467968FFF701FD002800F086801B
:108BB0003A692669C0F80C8007F1100107F1140822
:108BC000834600F1140704F1140008EB820E94466A
:108BD00000EB86060023B946C2460A46019450F8C7
:108BE000041B52F8045F8CB21FFA85F8A8EB040846
:108BF000090C9844C1EB154101EB28411FFA88F894
:108C000048EA0144864249F8044B4FEA2143E6D83A
:108C1000A146019C301B1538153420F00300A642F4
:108C200038BF00200AEB00010431C4198E456246AA
:108C30000846DC4698BF23461AD9A7EB0A07043436
:108C4000C61950F8045B13FA85F82B442D0C05EB7C
:108C500028459BB243EA05498645C6F800904FEA8D
:108C60002543EDD80EF1FF335B1A23F003032344B1
:108C7000B9F1000F04D153F8041D013A0029FAD0CC
:108C80006046CCF8102003B0BDE8F08F0021FFF75C
:108C90008DFC844658B101220023C0E904236046BC
:108CA00003B0BDE8F08F3B4627461C467AE7074BEA
:108CB0000748624640F2372102F056FA0246034B5B
:108CC000034840F2452102F04FFA00BFC43D0020A6
:108CD000D83D00202DE9F043894683B0012157ECAF
:108CE000106B9046FFF762FC0446002846D0C7F39D
:108CF0000A55C7F313030DB143F480130193331ED8
:108D000015D101A8FFF702FD019B6361012120300D
:108D1000216115B3A5F233450544C0F13500C9F80A
:108D20000050C8F80000204603B0BDE8F083684654
:108D30000093FFF7EBFCDDE9002328B1C0F120012F
:108D400003FA01F10A43C340002B0CBF01210221A9
:108D50006261A3612161002DDCD104EB8103A0F2EB
:108D60003240C9F800001869FFF7A6FCC0EB4110BB
:108D7000C8F80000204603B0BDE8F083034B044868
:108D8000224640F20F3102F0EFF900BFC43D00204F
:108D9000D83D002049B1FF2A02D80A70012070474F
:108DA0008A2303604FF0FF3070470846704700BFCA
:108DB0002DE9F04F2DED028BD1B00C460791904676
:108DC0000993824602F086F9036811931846FFF76B
:108DD000C7F908221090002120A8FEF705FCA389FE
:108DE000180603D52369002B01F06E8000239FED48
:108DF000728BCDE92533CDE9143327AA0D93249244
:108E0000174612931393059345462C466C4BD3F8A3
:108E1000CC61FEF71FFF20AA034600921AA9224642
:108E20005046B047002800F09880C0F28E801A9A11
:108E3000252A034601D01C44E8E7B4EB05080646A2
:108E400040F08F8000234FF0FF328DF85F309B465B
:108E5000069301342378049201349946A9F1200342
:108E60005A2B00F2AF80DFE813F0FE02AD00AD0038
:108E7000FA02AD00AD00AD00DD02AD00AD00A8020C
:108E8000B702AD00B302C002AD00BC025B005B00E4
:108E90005B005B005B005B005B005B005B00AD00A8
:108EA000AD00AD00AD00AD00AD00AD002101AD00E5
:108EB0009C01AC03210121012101AD00AD00AD00F9
:108EC000AD00A803AD00AD000803AD00AD00AD00DE
:108ED0007302AD006103AD00AD009807AD00AD00B9
:108EE000AD00AD00AD00AD00AD00AD002101AD00A5
:108EF0009C018701210121012101ED0387016C0003
:108F0000AD000804AD00F8033D0413046C00AD008F
:108F100073026A008303AD00AD00FB07AD006A0079
:108F2000A9F13003002214F8019B02EB820203EB4B
:108F30004202A9F13003092BF5D906928EE7237876
:108F40008AE723784BF0200B86E70822002120A82F
:108F5000FEF74AFB01231C4458E7B4EB050806461C
:108F600010D02599269B013143440729C7E90058B1
:108F70002693259117DC0837059B43440593002E63
:108F80007FF460AF269B002B41F00383079B9B89F6
:108F900003F04003002B41F0CF86059851B0BDECA3
:108FA000028BBDE8F08F079924AA504601F022FFFA
:108FB0000028EBD127AFDFE7000000000000000031
:108FC000E84C0020B9F1000FDCD00023CDE90B33D1
:108FD00001228DF8DC908DF85F3008930A9204939B
:108FE0000E9337AD0292269A1BF08403904600F050
:108FF00005819DF85F1009B3DDF894C000260CF1DF
:10900000010101200132786007290DF15F00CDE9EF
:109010002512386000F33E8408377EB1DDF894C035
:109020000CF1010118A80232386007294FF0020044
:10903000CDE92512786000F320840837802B00F0FA
:109040006583049B0A995E1A002E00F3E8801BF4E6
:10905000807F40F021810A9B7B601A44259B3D6004
:109060000133072B2692259300F3BC8308371BF0AE
:10907000040F05D0069B02995D1A002D00F3188499
:10908000DDE9053102988142ACBF5B181B180593DE
:10909000002A40F0778300232593089B1BB1089991
:1090A0005046FFF761F927AF2546AEE6099B073327
:1090B00023F00703B3EC028B9FEDA17BB0EEC86BEE
:1090C000B4EE476BF1EE10FA099300F33986B4EE73
:1090D000488BF1EE10FA81F14685B9F1610F01F08C
:1090E0007A83B9F1410F01F07084049B013301F0E0
:1090F0007F82B9F1670F18EE903A4BF4807801F057
:10910000F584B9F1470F01F0F1840023089318EEBC
:10911000903A002BC1F20885B0EE487B0026A9F1F9
:109120004103252B01F2DD81DFE813F0A50CDB09FB
:10913000DB09DB09700ADD0ADB09DB09DB09DB0976
:10914000DB09DB09DB09DB09DB09DB09DB09DB09FF
:10915000DB09DB09DB09DB09DB09DB09DB09DB09EF
:10916000DB09DB09DB09DB09DB09DB09A50CDB0912
:10917000DB09DB09700ADD0A1BF0200F40F0DE85F9
:10918000099A1BF0100F52F8046B41F01C861BF07B
:10919000400F099201F08E8046F3C038434636B244
:1091A0001FE2B9F1430F03D01BF0100F00F06586EA
:1091B0000822002122A8FEF717FA099A37AD126893
:1091C00022AB2946504602F0D5FF0A90013001F04B
:1091D000AE850A9B23EAE3730293099B269A043324
:1091E00009930023CDE90B338DF85F300893049386
:1091F0000E931BF0840390467FF4FBAE0699029E0B
:109200008E1B002E00F321849DF85F1000297FF44F
:10921000F3AE049B0A995E1A002E7FF718AF4A49F5
:10922000259B0F91102E27DD39464FF01008374649
:109230002E462546079C04E0103F102F01F108013F
:1092400016DD013340481032072BC1E90008CDE993
:109250002532F1DD24AA2146504601F0CBFD00283D
:1092600040F09882103F102FDDE9253227A9E8DC75
:109270002C4635463E460F4601330F99396032443D
:10928000072BCDE925327E6000F364841BF4807FD8
:1092900007F108073FF4DFAEB9F1650F40F3AC8288
:1092A000B5EE408BF1EE10FA40F05283259B274932
:1092B0003960013301320121072B26922593796011
:1092C00000F37F870837199B0D998B4280F2EB845E
:1092D000109B11991A44C7E90013259B269201336C
:1092E000072B259300F3D38508370D9B5D1E002DBA
:1092F0007FF7BDAE1449259B0F91102D40F3978742
:10930000A146DDF81C8010260C4604E00837103D0D
:10931000102D40F38B8701331032072BC7E900462D
:10932000CDE92532F2DD24AA4146504601F062FD26
:10933000002840F02F82DDE9253227AFE7E700BFA4
:10934000FFFFFFFFFFFFEF7F70460020141B002090
:10935000DDF8248058F8045B00238DF85F30002D81
:1093600000F0A185B9F1530F00F037871BF010030F
:109370000B9340F03287049B002BC1F2FC801A460D
:109380000B992846FEF78CFE9DF85F300890002868
:1093900001F04884089A521B0A9222EAE272029271
:1093A0000BB1013202920B9BCDF8248004930E93F3
:1093B0000C9308934FF0730915E6099B53F8042B9F
:1093C0000692002A80F27584069A09935242069208
:1093D00023784BF0040B3FE52B238DF85F30237887
:1093E0003AE523784BF0800B36E5214611F8019BD6
:1093F000B9F12A0F01F09084A9F13003092B98BF2D
:10940000002201F2DD8211F8019B02EB820203EBE4
:109410004202A9F13003092BF5D942EAE273049321
:109420000C461BE5504601F055FE43681393184661
:10943000FEF796FE15900646504601F04BFE8268F8
:1094400023781492002E3FF407AD002A3FF404ADB8
:109450001278002A3FF400AD4BF4806BFCE42378D3
:109460004BF0010BF8E49DF85F202378002A7FF48D
:10947000F3AC20228DF85F20EEE41BF0200F4BF0C0
:10948000100000F02884099B073323F007031A46D5
:10949000596852F8083B099200228DF85F20049A1F
:1094A000002A18DB53EA010220F4906B15D1049ACC
:1094B0009AB910F001031A46029300F07386302324
:1094C0008DF83F31049B0A92CDE90B330E9308933C
:1094D0000DF23F1587E520F4806B50AD03F00702D5
:1094E000DB0843EA4173C908303253EA01062846D3
:1094F00005F8012DF2D11BF0010F00F01582302A82
:1095000000F012823023049905F8013C023850AB78
:109510001B1A99424FF00002B8BF1946CDE90B2241
:1095200008920A93054602910E925CE51BF0200F0B
:109530004BF0100121D1099B1A1D099B04981B684F
:109540004FF0000840458DF85F801E4659DB21F042
:10955000800B002B40F08C850992002840F0E983B5
:10956000CDE90B000A900E900290089050AD3AE5BC
:109570001BF0200F00F0BE835946099B073323F0F0
:10958000070200238DF85F30049BD2F8048052F864
:10959000086B0992002B35DB56EA080321F0800B9B
:1095A00031D1049B002B40F0C483CDE90B330A93E7
:1095B0000E930293089350AD15E523784BF0080BFA
:1095C0004AE41BF0200F4BF0100300F07A83099A55
:1095D000073222F007029B46536852F8086B099243
:1095E0009846002BC0F2C282049A002A0BDB56EA8E
:1095F00008032BF0800B06D1002A00F041873026AB
:1096000007E009928B460A2E78F1000380F0BF82B2
:109610003036049A9DF85F308DF83F61012AB8BF5B
:109620000122029201220A920DF23F15002B01F055
:109630006D83029B013302930023CDE90B33089322
:109640000E93D0E42378682B03BF63784BF4007B40
:1096500001344BF0400BFFF7FFBB099A1BF0200FC2
:1096600002F1040300F08883126805991160C9179C
:10967000516009932546FFF7C8BB23786C2B03BFC5
:1096800063784BF0200B01344BF0100BFFF7E4BB79
:10969000099A049E52F8041B002047F630038642C4
:1096A000ADF860308DF85F000B46C0F2DB832BF025
:1096B000800545F0020B002940F0D683002E00F013
:1096C000E686099230230122CDE90A210E918DF818
:1096D0003F3102960DF23F154FF078098E46089102
:1096E0000C91A5E31BF0200F40F02583099A1BF095
:1096F000100F52F8043B41F05E831BF0400F00F066
:10970000E9859BB2099258460021C5E6069B02995D
:109710005E1A002E7FF795AC8B49259B0F91102E7A
:1097200024DD38464FF010082F4619462546864C52
:1097300004E0103E102E00F1080013DD013110325C
:109740000729C0E90048CDE92512F2DD079924AACE
:10975000504601F04FFBE8B9103E102EDDE925120E
:1097600027A8EBDC2C460B463D46074601330F99F4
:1097700039603244072BCDE925327E6000F36385E2
:1097800008375EE4079924AA504601F033FB00280D
:109790003FF481AC089B002B3FF4F8AB089950468E
:1097A000FEF7E2FD079B9B8903F04003FFF7F2BB46
:1097B000109B11991A44C7E90013259B2692013387
:1097C000072B259300F3068707F108010028C1F253
:1097D0001E810D980D6001330244072BCDE925321F
:1097E000486046DD079924AA504601F003FB002893
:1097F000D0D1269A27AF3AE40D98259B012802F193
:10980000010203F1010307F1080140F36481012023
:10981000072BCDE925323D60786000F32C8210984B
:10982000119E01330244072BC1E90060CDE92532C6
:1098300000F32D8208310D98B5EE408BF1EE10FA51
:1098400000F1FF3600F05F81013301353244072B10
:10985000CDE925320D604E6000F349810831129840
:10986000486001330244072B1CA8CDE9253208606B
:10987000B8DC01F10807FFF7FABB07990F9324AA98
:10988000504601F0B7FA002884D1269A0F9B27AFE3
:10989000FFF7D4BB07990F9324AA504601F0AAFA08
:1098A00000287FF477AF269A0F9B27AFFFF7B5BB51
:1098B000102D259B41F3D580A046DDF81C90234C4C
:1098C000102604E0103D102D07F1080715DD0133C7
:1098D0001032072BC7E90046CDE92532F2DD24AA74
:1098E0004946504601F086FA00287FF453AF103DF8
:1098F000102DDDE9253227AFE9DC214644468846B4
:1099000001332A44072BC7E90085CDE925327FF7CB
:10991000B7AB079924AA504601F06CFA00287FF4EF
:1099200039AF269AFFF7ACBB049950AA521B91425B
:109930004FF00003B8BF1146CDE90B3308930A92EC
:1099400002910E93FFF74FBB704600203442002077
:109950001998002840F300840B9B0D998B42A8BFF7
:109960000B46002B98460ADD1A44C7E90053259B95
:1099700026920133072B259300F3B48708370B9EFB
:10998000B8F1000FA8BFA6EB0806002E00F3AB82CB
:109990000B9B1BF4806F03EB050940F0CA82199BF7
:1099A0000D998B4203DB1BF0010F00F07D851099B0
:1099B00011980A44C7E90001259926920131072927
:1099C000259100F39B8708370D996E18A6EB0906C1
:1099D000CD1AAE42A8BF2E46002E0BDD259BC7F840
:1099E000009001333244072B7E602692259300F3CA
:1099F000D3870837002EA8BFAD1B002D7FF737ABEC
:109A0000B949259B0F91102D40F31184A146DDF833
:109A10001C8010260C4604E00837103D102D40F342
:109A2000058401331032072BC7E90046CDE9253202
:109A3000F2DD24AA4146504601F0DCF900287FF40B
:109A4000A9AEDDE9253227AFE7E72599102E40467C
:109A500040F361870F943A46A846079CA34D1F46E2
:109A600004E0103E102E02F1080216DD0131103024
:109A700010230729CDE9251015605360F1DD24AAD4
:109A80002146504601F0B6F900287FF483AE103E1F
:109A9000102EDDE9251027AAE8DC3B460F9C17466F
:109AA0002A464546904601F1010C3218BCF1070FD9
:109AB000CDE925C2C7F800807E6000F336839DF8AB
:109AC0005F100837002940F0F880002B3FF4B9AA56
:109AD0000B46FFF7A5BA1BF0010F7FF498AE0120EB
:109AE000072BCDE925323D6078607FF7B8AE079946
:109AF00024AA504601F07EF900287FF44BAEDDE940
:109B0000253227A9ABE60D9801287FF7A8AE1128CA
:109B100075480F9040F3B783A046079F1025044671
:109B200004E00831103E102E40F3AC8301331032B4
:109B3000072BC1E90045CDE92532F2DD24AA3946DB
:109B4000504601F057F900287FF424AEDDE92532B4
:109B500027A9E7E7079924AA504601F04BF9002806
:109B60007FF418AE269A27AFFFF771BA2D238DF830
:109B70005F30049B764268EB4808002BFFF643AD4C
:109B80000A2E78F100032BF0800BFFF441AD029414
:109B9000CDF8289050A9DDF8509008974FF0000CB0
:109BA0000BF4806426E016EB0803514843F10003F0
:109BB000A0FB032020F0030202EB90029B1AF31A91
:109BC0004B484FF0CC32B646474602FB03F268F1F1
:109BD000000800FB0822A3FB0063BEF10A0F134438
:109BE0004FEA560677F10007294646EAC3764FEA60
:109BF00053082DD33E4D16EB080343F10003A5FB9C
:109C0000032020F0030202EB90029B1AF31AA3FB3D
:109C1000053268F1000005FB00225B0843EAC273CD
:109C200003EB8303A6EB430330330CF1010C01F883
:109C3000013C4D1E002CB6D099F800306345B2D1DE
:109C4000BCF1FF0FAFD00A2E78F1000380F0B38390
:109C50000499029CCDF8509050AB5A1B9142B8BF6A
:109C60001146DDF82890089F9DF85F30CDF834C08C
:109C70000A920291DAE4079924AA504601F0BAF850
:109C800000287FF487ADDDE9253227A9C7E50799CC
:109C900024AA504601F0AEF800287FF47BADDDE940
:109CA000253227A9C7E51BF0010F3FF4E0A9FFF714
:109CB0000FBB09932378FFF7CFB81E460023FFF7A9
:109CC0009EB9099A0432099909920E684FEAE6781A
:109CD0009B46434685E4099B1A1D099B09921B6814
:109CE0000021FFF7D9BB00BF70460020344200209E
:109CF000CDCCCCCC099A1BF0100052F8043B41F0BB
:109D000057801BF0400100F0A8818DF85F009BB2E6
:109D100004994FF0000841451E46C0F2A9812BF07E
:109D2000800B002B40F0A481049B0992002B3FF490
:109D30003CAC00266CE45846FFF7A5BB5B4646E406
:109D4000B5EEC08BF1EE10FA2BF0800B00F11E8304
:109D50009DF85F30B9F1470FCCBFA44DA44D002B47
:109D600040F052870322CDE90B3308930A92049303
:109D70000E930292FFF737B91BF0100F40F07C8270
:109D80001BF0400F40F0A7831BF4007F00F07482AB
:109D9000099A0599126811706BE4964E1BF0200F1A
:109DA00000F07D81099B073323F007031A465868AA
:109DB00052F8083B09921BF0010140F05C81049AC3
:109DC0008DF85F10002AC0F28B8153EA00022BF459
:109DD000906B00F0948103F00F02B25C8DF83F218C
:109DE0001B0943EA0073020953EA10100DF23F15F4
:109DF0000BD003F00F001B09305C05F8010D43EA9E
:109E00000273120953EA0200F3D1049A50AB4FF0E7
:109E1000000E5B1B9A42CDE90BEEB8BF1A460A93BF
:109E20000292CDF820E0CDF838E000293FF4DBA81D
:109E3000029BDDE925C2023302931BF084039046A6
:109E4000614604D1069E0298361A002E06DCBEF149
:109E5000000F3FF4E5A80226FFF7D1B80223F5E58D
:109E6000654E9BE74BF0020B0992634E03F00F0225
:109E70000221B25C4FF07809B0E7099B1B688DF8AE
:109E8000DC30012302930A9337ADFFF7A6B9079997
:109E900024AA504600F0AEFF00287FF47BAC269A3F
:109EA00027AFFFF722BA049B0895062B28BF06238D
:109EB00002930A932B460495CDE90B334F4DCDF811
:109EC00024800E93FFF78FB840215046FCF7DEFA4E
:109ED000079B18601861002800F06087079A4023EC
:109EE0005361FEF783BF102E259B40F32E87444815
:109EF000DDF81C800F9039464FF01009074604E04A
:109F00000831103E102E40F32B8201331032072B04
:109F1000C1E90079CDE92532F2DD24AA4146504657
:109F200000F068FF00287FF435ACDDE9253227A971
:109F3000E7E70D9BDDF83880CDF83CB0EB180493D3
:109F40000C9BDDF81CB00B94002B4E463946DDF817
:109F50005090159F0E9531DDB8F1000F40F32B8125
:109F600008F1FF382598139B01303A440728C1E9CE
:109F700000372692259000F39F800831049B99F8C2
:109F800000009D1B8542A8BF0546002D0CDD2598CD
:109F900001302A440728C1E900652692259000F384
:109FA0005E8199F800000831002DACBF441B0446C7
:109FB000002C14DC06440C9B002BCDDCB8F1000F08
:109FC000CEDCDDE90D35EB189E42CDF850900B9CB0
:109FD000DDF83CB0B1460F4628BF9946DFE4102CAF
:109FE0002598074B2BDD10250A9310E0383E002002
:109FF000343E0020583E0020443E00206C3E0020AD
:10A0000070460020103C102C01F1080116DD0130D3
:10A01000AE4B10320728C1E90035CDE92502F1DD4C
:10A0200024AA5946504600F0E5FE00287FF4B2AB62
:10A03000103C102CDDE9250227A9E8DC0A9B0B6007
:10A04000013022440728CDE925024C6000F35883F3
:10A0500099F8000008310644ADE71BF4007840F0A1
:10A06000328204998DF85F8000291E46BFF657AEF4
:10A070000992FFF7C8BA53EA000237D030228DF8B0
:10A08000602000228DF85F20049A8DF86190002AEC
:10A0900023DB2BF4906242F0020B02219BE6099A2B
:10A0A0001BF0100F52F8043B099214D11BF0400F23
:10A0B0000DD09BB200207EE624AA5946504600F0FF
:10A0C00099FE00287FF466AB269A27A956E71BF471
:10A0D000007F40F0F58100206DE64BF0020B02217D
:10A0E00003F00F022BF4806BB25C77E6049B002137
:10A0F0008B428DF85F10C0F241812BF4906B049A73
:10A10000002A00F0CB80012A33788DF83F31B8BFA8
:10A110000122002302920122CDE90B3308930A9217
:10A120000E930DF23F15FEF75EBF07990F9324AA19
:10A13000504600F05FFE00287FF42CAB9DF85F10C6
:10A14000269A0F9B002900F0AC801E46DDF894C0D3
:10A15000034627AFFEF753BF259B5D4939600133A6
:10A1600001320121072B26922593796000F37C812F
:10A17000083700287FF41CAB0D990BF001030B434B
:10A180003EF475AF109B11991A44C7E90013259B43
:10A1900026920133072B259300F31C8207F1080157
:10A1A000FFF717BB049B0A93CDE90B330E9308937B
:10A1B00050ADFEF718BF0C9B013B09F1FF390C9322
:10A1C000D0E6079924AA504600F014FE00287FF438
:10A1D000E1AA269A27AFFFF776B80822002122A825
:10A1E0001B95FDF701FA049B002B7DDB00260294F2
:10A1F000CDF82080344698460EE037A9504601F04D
:10A20000B9FF411C204400F09484404509DC06F16C
:10A21000040600F0008504461B9A925922AB002ADE
:10A22000EBD10A94DDF82080029C6AE04C460133B1
:10A230000F9939602A44072B7D60CDE925327EF7DE
:10A2400015AFFFF7CFBA079924AA504600F0D2FD08
:10A2500000287FF49FAA269A27AFFEF7F2BE24AA11
:10A260005946504600F0C6FD00287FF493AA99F89D
:10A270000000269A27A997E6099A059912681160A5
:10A28000FFF7F7B9444601330F9808603244072BB3
:10A29000CDE925324E607FF7E1AA28E4049BFFF761
:10A2A00084B9002B00F00981DDF894C00B4627AF7C
:10A2B000FEF7B6BE1BF4007F16BF46F3C0184FEA88
:10A2C000E67876B24346FFF78CB900BF70460020AF
:10A2D000141B00201BF4007100F0F980DBB209921E
:10A2E00058460021FFF7D8B822AB009300231BAAE1
:10A2F0001946504601F066FF0A90013000F01984BB
:10A300001B950A9B002B00F09F80632B00F34C8170
:10A310000023089337AD0822002122A8FDF764F935
:10A320000A9E22AB00931BAA33462946504601F0F1
:10A3300049FF864240F042850A9A0023AB5422EA44
:10A34000E27202929DF85F20049312B1029A0132E8
:10A350000292CDE90B33CDF824800E93FEF743BE75
:10A360000F4601330F9939603244072BCDE925326E
:10A370007E6000F323810837FFF70ABB33788DF83E
:10A380003F312BF4806B0DF23F153EE52D238DF808
:10A390005F30B9F1470F4FF000030893049340F387
:10A3A000E6800322964D0A92CDE90B330E930423E7
:10A3B0000293FEF718BE159A1399AD1A2846FDF7B9
:10A3C000FBF999F801300BB109F101098D4A16EB3F
:10A3D000080343F10003A2FB030727F0030000EB8F
:10A3E00097001B1AF31A4FF0CC3168F1000803FBF9
:10A3F00001F102FB0811A3FB023001445B0843EAB0
:10A40000C1764FEA510816EB080343F10003A2FBA3
:10A41000031020F0030101EB90015B1AF31AA3FB78
:10A42000023168F100005B0802FB001243EAC273CC
:10A4300003EB8303A6EB4303303305F8013C4FF0F5
:10A44000010C013DFFF7F8BB9DF85F30CDF824808B
:10A45000003B18BF012302930A9B0493CDE90B3301
:10A460000E930893FEF7BFBD079924AA504600F04B
:10A47000C1FC00287FF48EA91998269A27AF78E6A8
:10A480009DF85F3002920A9250ADFFF7CFB8049B5F
:10A490000992CDE90A330E930C93029350AD4FF01D
:10A4A00078099E460893C3E46E18A6EB0906CD1AF8
:10A4B000AE42A8BF2E46FFF79DBA27AFFEF7C1BD3B
:10A4C000DBB2002077E48DF85F10DBB220E4099264
:10A4D0005846FEF7E1BF099A059912681180FFF707
:10A4E000C8B822AB01931BAB0093B0EE470B049AA4
:10A4F00019AB022150468DED027B00F025FF9DED4A
:10A50000027B05461BF0010F40F05582229B5A1B2F
:10A51000199B0D92D81C0B93C0F2018204999942A9
:10A52000C0F20B819A4200F392820B9B0A931BF4B8
:10A53000806F03D00B9B002B00F32D830A9B23EA33
:10A54000E373C34602934FF0670900230E930C9305
:10A550000BF00201002E00F0CA804FF02D0E8DF896
:10A560005FE0029B01330293002304935DE4032226
:10A57000254D0A9218E72846FDF7F2FD9DF85F3059
:10A580000A9020EAE0720292002B3EF40CAFFEF734
:10A5900008BF079C24AA2146504600F02BFCA38943
:10A5A00003F04003FEF7F6BC591C5046FBF76EFF64
:10A5B0000546002800F0F6830890ACE6079924AA27
:10A5C000504600F017FC00287FF4E4A8269A27AF35
:10A5D000FFF7DEB9079924AA504600F00BFC0028CB
:10A5E0007FF4D8A8DDE92532199827A9FFF7EEB83E
:10A5F00000230893062304934BF48078FEF787BD6D
:10A60000383E0020CDCCCCCC343E0020049B01331E
:10A610000D93022122AB01931BAB0093B0EE470BCD
:10A6200019AB0D9A50468DED027B00F08DFE0D9B0F
:10A6300029F0200CBCF1460F9DED027B054600EB96
:10A64000030100F09880B5EE407BF1EE10FA00F0C7
:10A65000D882229B994288BF4FF0450C40F2CF82AE
:10A6600030205A1C22921870229B8B42F9D35B1B1C
:10A670000D93BCF1470F199B0B9356D0BCF1460FBD
:10A6800000F08F800B9B8DF87090013B002B19938D
:10A69000C0F24C812B22092B8DF8712000F34F81E1
:10A6A00030228DF872200DF17302303302F8013B35
:10A6B0001CABD31A12930D9B129A012B1A440A92C7
:10A6C00040F341820A9B109A13440A930A9A2BF48E
:10A6D000806343F4807B22EAE2720023CDE90B33EE
:10A6E0000E93029234E7049B0D93032192E79DF8A9
:10A6F0005FE0BEF1000F7FF434AF0496FFF795BB27
:10A7000024AA5946504600F075FB00287FF442A861
:10A7100099F80000269A27A906444CE4199B0B934C
:10A720004B1BBCF1470F0D933BD10B9B0333C0F286
:10A73000F680049B0B9A93420FDA0B9B013BA9F125
:10A740000209002B8DF870901993A3DA0B9B2D2230
:10A75000C3F101038DF87120A2E70D9B0B9A934280
:10A7600000F375811BF0010F0B9B00F0B282109A71
:10A7700013440A93DBE62B78302B00F06182199B9F
:10A780001944B5EE407BF1EE10FAC7D0229B8B4204
:10A79000FFF466AF5B1B0D93BCF1470F199B0B9346
:10A7A000C3D00B99049A0BF00103002943EA02037A
:10A7B00040F3CF82002B40F01A820B9B0A934FF09C
:10A7C00066091BF4806F40F0E8810A9B23EAE3737B
:10A7D000C3460293B9E647F63003ADF86030049BF8
:10A7E000632B4BF0020B00F35C8118EE903A002BC8
:10A7F000C0F23B81B0EE480B19A800F071FCB4EE3A
:10A80000007B20EE077BB5EE407BF1EE10FA40F0C6
:10A81000408201230026199337AD0896AE4804996B
:10A82000B3EE004B2B4606E0B5EE407BF1EE10FA9E
:10A8300000F00F82114627EE047BFDEEC76B4A1E27
:10A8400016EE90CA10F80CE0B8EEE65B9C4637EEC8
:10A85000457B03F801EB0029E6D1B6EE005BB4EED0
:10A86000C57BF1EE10FA08DCB4EE457BF1EE10FA90
:10A870001ED116EE902AD2071AD5CDF888C013F84B
:10A88000011C90F80FC08C451A460AD14FF0300ECB
:10A8900002F801EC229A511E229112F8011C614526
:10A8A000F6D0392916BF0131817AC9B202F8011CEC
:10A8B000199A5B1B0D93B9F1610F02F1FF331993E4
:10A8C00000F01F8250214FF04109002B8DF87010CD
:10A8D000C0F20E822B22092B8DF871202FDC0DF196
:10A8E0007202E2E6079924AA504600F083FA002893
:10A8F0007EF450AF269A27AFFFF741B8079924AAF4
:10A90000504600F077FA00287EF444AF199B269A4F
:10A9100027AFFFF759B8DFF8CC81FFF7C4B80B9B1E
:10A92000A9F10209013B8DF8709019930B9A2D2320
:10A930008DF87130C2F101030832BFF6B1AE0DF1EE
:10A940007F0CDFF8A4E162461046AEFB0312D2088A
:10A9500002EB8201A3EB41013031632B00F8011CB3
:10A96000134600F1FF32EFDC303302F8013C831E66
:10A97000634580F0C8810DF1710213F8011B02F8E4
:10A98000011F6345F9D103F5A0736B44CC3B1B1A3F
:10A990001CAA9B1A12938EE6079924AA504600F02F
:10A9A00029FA00287EF4F6AE199D0D9B269A5D1BB0
:10A9B00027AFFFF71FB8049B4FF0470CE918E0E6FC
:10A9C00000230C460493FEF749BA45F63003ADF870
:10A9D0006030049B632B4BF0020B62DC18EE903A64
:10A9E000002B42DBB0EE480B19A800F079FBB4EE67
:10A9F000007B20EE077BB5EE407BF1EE10FA01D133
:10AA00000123199300263548089637AD07E74642DB
:10AA1000103033480F9052DA1027804603E0083197
:10AA2000103E102E4BDD01331032072BC1E9008799
:10AA3000CDE92532F3DD079924AA504600F0DAF972
:10AA400000287EF4A7AEDDE9253227A9E8E70D9BB3
:10AA5000109A9A180B9B0A92002B79DD4FF0670928
:10AA6000AFE6DFF88080FEF74BBF0023089337ADD9
:10AA70002D26B1EE487BB0EE470B19A800F030FB55
:10AA8000B4EE007B20EE077BB5EE407BF1EE10FAD2
:10AA900004BF01231993B9F1610F3FF4BFAE0F4812
:10AAA000BDE6049B5046591CFBF7F0FC0546002808
:10AAB00000F03D8108904BF48078FEF728BB01330D
:10AAC0000F9808603244072BCDE925324E6000F321
:10AAD00002810831FEF77DBE443E0020583E002032
:10AAE0007046002034420020CDCCCCCC049A002A01
:10AAF00000F0D480002BC0F22481B0EE487B002609
:10AB000022AB01931BAB0093B0EE470B19AB049A39
:10AB1000022150468DED027B00F016FC00239DEDD6
:10AB2000027B05460893EDE42D26B1EE487BFEF747
:10AB3000F6BA079B9B890022089243F04003079ACC
:10AB40009381FEF727BE1BF0010F3FF4BFADB9E5BF
:10AB5000C3F101031A4422EAE273C3460A92029344
:10AB60004FF06709F1E418EE903A13F000432BF030
:10AB7000800B0B9300F09A802D238DF85F30B9F194
:10AB8000470F4FF000030893049340F3F88003222B
:10AB9000944D0A9208E44FF0670914990B78FF2B43
:10ABA00000F0F88000200B9A0E90844603E00130FC
:10ABB0000131FF2B09D0934207DAD21A4B78002BD0
:10ABC000F5D10B780CF1010CF3E7CDE90B201491D2
:10ABD000CDF838C00C9A0E9B159913440A9A01FBC4
:10ABE00003230A9323EAE373C3460293B0E4109B62
:10ABF00002EB01094B440A934FF06609E1E55B1B48
:10AC00000D93199B0B933DE50023032208930A92B1
:10AC10000493FFF7C9BB049B029CDDF820800A93D4
:10AC2000FFF76FBBCDF824801BB3049B0A935A1C1B
:10AC3000029204900E900C904FF07309FEF7D3B976
:10AC4000B5EE407BF1EE10FA1ED1199B0B9319441F
:10AC500066E5002A0491FFF62BAE0499302001EB43
:10AC6000030C194601F8010B6145FBD11A44531C32
:10AC70001EE6049B0A930293089B0E930C93049385
:10AC80004FF07309FEF7AFB90D9BC3F101031993A0
:10AC900076E500265448089637ADC0E5934273DB4D
:10ACA000B0EE487B0123049E049329E79DF85F30B2
:10ACB000B9F1470FCCBF4B4D4C4D002B40F0868077
:10ACC000032204930A920E930C9308930292FEF7C8
:10ACD0008AB90A932BE4079924AA504600F08AF80F
:10ACE00000287EF457ADDDE9253227A9FEF771BDB6
:10ACF0002D238DF87130C2F101030832FFF61FAE2B
:10AD0000EDE57021E1E502231293D4E4CDE90B33A4
:10AD100008930E93FEF767B9099A63780C4652F8C8
:10AD2000041B099241EAE1710491FEF795B8079A74
:10AD3000938943F0400393814FF0FF330593FEF76F
:10AD40002CB92D26B1EE487BDAE629490F91FFF7A1
:10AD500008BBC34633B9012302934FF066090A9337
:10AD6000FFF7F3BB109B03F10109049B4B440A93CB
:10AD700023EAE37302934FF06609FFF7E6BB032271
:10AD80001A4D0A92FFF710BB01232D260493B1EE52
:10AD9000487BB5E600230E930C931BE70C23CAF8FF
:10ADA0000030C9E7079B08909B8943F04003C6E643
:10ADB0005946FEF7C2BB5846FEF78FBF079B9B89DB
:10ADC00043F04003BBE65B46FEF77DBF00230493E0
:10ADD0000E930C93089303230A9304230293FEF724
:10ADE00002B900BF403E0020443E00203C3E00200F
:10ADF000704600202DE9F0411546926802B32C6898
:10AE000007468846083401E00834C9B16B68581E0B
:10AE1000002B1146686013DD54F8046C002EF3D04B
:10AE2000334654F8082C4146384602F061FB431C77
:10AE300007D0AA68921B1146AA6008340029E5D100
:10AE400000200023C5E90133BDE8F08170B5002979
:10AE500041D006460C4610B1436B002B3ED0FCF7A8
:10AE6000B3F9636EB4F90C20DD0730D4900538D502
:10AE70002146304600F04CF8E36A054633B1E169FB
:10AE8000304698470028B8BF4FF0FF35A3891A060F
:10AE900039D4216B41B104F14003994202D03046CC
:10AEA000FDF762FA00232363616C21B13046FDF7A0
:10AEB0005BFA00236364636E0022DB07A2811ED568
:10AEC000A06DFCF761FFFCF785F9284670BD002AEC
:10AED000CED1FCF77FF90025284670BDFCF756F966
:10AEE000BDE7A06DFCF752FFB4F90C30002BBFD1C9
:10AEF000636ED907EDD4A06DFCF74AFFE9E7A06DBA
:10AF0000FCF746FFDCE721693046FDF72DFAC0E784
:10AF1000B1F90C202DE9F041804610070C4650D4C1
:10AF2000496842F400630029A38164DDA66A002E0B
:10AF300044D0002112F48052D8F80050C8F8001014
:10AF400065D1E16901234046B047411C02466CD0FF
:10AF5000B4F90C30A66A5B0705D56368D21A236B77
:10AF60000BB1E36BD21A0023E1694046B047471C9E
:10AF7000B4F90C304DD1D8F800101D2940D8304A12
:10AF8000CA40D6073CD52269226023F40062A28120
:10AF9000D9044FF00002626003D5D8F80030002BCE
:10AFA00041D0216BC8F8005041B104F140039942EF
:10AFB00002D04046FDF7D8F9002323630020BDE806
:10AFC000F0810E69002EF9D00D680E6092070CBF5B
:10AFD0004B690023AD1B8B600AE02B463246E169CA
:10AFE000676A4046B8470028A5EB0005064406DD21
:10AFF000002DF2DCE2E7E16B002997DCDEE7A389B4
:10B0000043F04003A3814FF0FF30BDE8F081226D93
:10B01000A1E72269226023F40062A281DB044FF0E1
:10B0200000026260BDD52065BBE7D8F80030002B78
:10B030008ED01D2B01D0162BE1D1C8F80050BDE7F2
:10B040000100402000B5034683B008B1426B52B303
:10B05000B1F90C0098B14A6ED20701D4820512D51D
:10B0600018460091FFF754FF00994A6E0346D00737
:10B0700002D48A8992050ED5184603B000BD034656
:10B08000184603B000BD886D01930091FCF77EFE69
:10B09000DDE90013E4E7886D0093FCF779FE009B7F
:10B0A000184603B000BDCDE90001FCF76FF8DDE9FB
:10B0B0000031CDE759B1034600EB010C02E001334A
:10B0C0009C4504D01A78002AF9D1181A704708460E
:10B0D000704700BF00487047C04E002000000000CD
:10B0E0004DF804BD83B08DED000B019ADFF870C000
:10B0F00022F0004300216345016025D8DDF800C03F
:10B1000053EA0C0C20D0DFF85CC002EA0C0CBCF156
:10B11000000F0AD19FED107B20EE077B8DED007BA9
:10B12000019A6FF0350122F00043DDE900BC6FF3B6
:10B130001E5242F07F5C1B154CF4001CA3F2FE3340
:10B14000CDE900BC0B4403609DED000B03B05DF83E
:10B1500004BB7047AFF300800000000000005043C4
:10B16000FFFFEF7F0000F07F00B50B4C24688646A0
:10B1700085B0E0689C460C4652B108490094CDE980
:10B18000011273460649624601F028F8F9F796FB6A
:10B1900004490A46F2E700BF504F0020743E0020E9
:10B1A000843E0020803E002010B5A1FB021482B036
:10B1B00074BBFBF76BF9034670B350F8042C22F014
:10B1C0000302043A242A10D8132A16D91B2AC0E9EC
:10B1D00000441AD9242AC0E902440ABFC0E9044441
:10B1E00000F1100100F1180108E021460190FCF780
:10B1F000FBF9019B184602B010BD0146002218461B
:10B20000C1E900228A6002B010BD00F10801F5E733
:10B21000FCF78CFD0C2303600023184602B010BD20
:10B220002DE9F04F03690C69A34283B0C0F2888016
:10B23000013C01F1140500F1140855F8243058F8C8
:10B240002420013308EB84069A4200964FEA840BCF
:10B2500005EB8407B2FBF3F63AD300230191C6460F
:10B2600029469C4651F8042BDEF800901FFA82FA1A
:10B2700006FB0A334FEA134A120C06FB02A29BB2EA
:10B280001FFA89FAAAEB030363441FFA82FCCCEB92
:10B29000234C0CEB194C9BB243EA0C438F424EF803
:10B2A000043B4FEA2C4C4FEA1243DBD258F80B30E8
:10B2B00001996BB9009B043B984504D307E098457E
:10B2C00004F1FF3403D21A68043B002AF7D004616A
:10B2D0008146FDF71FFC00282EDB01364146002287
:10B2E00055F8040BD1F800C01FFA80FE1FFA8CF34A
:10B2F000A3EB0E031344020CC2EB234202EB1C42ED
:10B300009BB243EA0243AF4241F8043B4FEA224278
:10B31000E6D258F8242008EB84036AB9043B984528
:10B3200004D307E0984504F1FF3403D21A68043BC4
:10B33000002AF7D0C9F81040304603B0BDE8F08FBE
:10B34000002003B0BDE8F08F2DE9F04F93B08DEDF4
:10B35000000B0491816B1C9D069257EC106B044608
:10B36000089341B1C26B4A60012393408B60FDF7A3
:10B3700047F90023A363B7F10008B4BF01230023FA
:10B380002B60A34BBCBF28F00048CDF8048033EA03
:10B39000080300F092809DED007BB5EE407BF1EE5E
:10B3A00010FA0DD1089A012313601D9B13B11D9A49
:10B3B000984B1360984B0293029813B0BDE8F08F3E
:10B3C00010AAB0EE470B11A920468DED027BFDF7C8
:10B3D00081FC5FEA18539DED027B109A834640F092
:10B3E0008280119B134403F23241202940F3E28111
:10B3F000C1F1400108FA01F803F2124126FA01F105
:10B4000048EA010106EE101AB8EE466B013B16EE53
:10B41000901A4FF00108A1F1F8719FED772BB7EE6C
:10B42000081B9FED775B9FED784B06EE901A03EEBD
:10B43000903A36EE416BB8EEE33BA6EE025BB0EE1F
:10B44000456BA3EE046BFDEEC65BB5EEC06BF1EE93
:10B4500010FACDED055A00F1C0800599D21A1629CF
:10B4600002F1FF3A00F2A4806C4B03EBC10393EDB1
:10B47000006BB4EEC67BF1EE10FA00F1A281002A57
:10B4800040F3C0840027CDE90A178A4400230993BA
:10B49000049B092B3DD8052BC4BF043B0493049B9C
:10B4A000A3F10203CCBF00250125032B33D8DFE82D
:10B4B00013F0FA01F701ED019201089AC8F313089D
:10B4C00042F20F7358EA060813601BD11D9B002B34
:10B4D00000F04286524B029308331D9A0298136083
:10B4E00013B0BDE8F08F17EE901AB0EE476BC1F3C2
:10B4F000130141F07F51A3F2FF3341F440114FF0AB
:10B5000000088AE71D9B002B40F06181454B0293A8
:10B5100052E7002304930025E563294620468DED7C
:10B52000067BFDF743F89DED067B0290002800F0B6
:10B53000B485119A029BA363002A75DB05990E2935
:10B5400072DC364B03EBC10393ED003B87EE036BDC
:10B55000BDEEC66B029916EE103A303301F8013B8E
:10B560004FF0FF39B8EEC65BA5EE437B0123B2EE88
:10B57000044B11E087EE036BBDEEC66B013316EE94
:10B58000102A4B4502F13002B8EEC65B01F8012BE0
:10B59000A5EE437B00F0A38427EE047BB5EE407B51
:10B5A000F1EE10FAE6D1059B013304930D46ECE071
:10B5B00001230B93059BBAF1000FBABFC2F101073B
:10B5C0004FF0000A0027002B80F2F180059BFF1A44
:10B5D0005B42099300230A935AE7B8EEE55BB4EEA9
:10B5E000465BF1EE10FA3FF438AF05990139059149
:10B5F00033E700BFAFF3008061436F63A787D23F9B
:10B60000B3C8608B288AC63FFB799F501344D33F51
:10B610000000F07F151B0020141B0020E802002012
:10B62000B43E0020C03E00204FF0FF390695CDF813
:10B630003090B8F1000F00F0E984DDF8248002F2C8
:10B640003342012120469244BD18FDF79FF806467B
:10B65000002F40F09F82099B002B00F09383B8F1EC
:10B66000000F40F077835946099A2046FDF780F98C
:10B6700001238346099301212046FDF787F80A9BA1
:10B680008046002B40F04582049B012B40F3AA82A8
:10B690000120504410F01F0000F008811B2800F327
:10B6A000D582C0F11C00054407448244002D05DD0D
:10B6B00059462A462046FDF7B7F98346BAF1000FEE
:10B6C00005DD414652462046FDF7AEF980460B9B0C
:10B6D000002B40F00082B9F1000F40F3D781099BA5
:10B6E000002B40F02481059B01330493029F012528
:10B6F00007E0594600230A222046FCF78BFF01355C
:10B70000834641465846FFF78BFD4D4500F1300A10
:10B7100007F801ABEDDB029BB9F1000F03F1010269
:10B7200009F1FF394FF00003D8BF4FF000099144F1
:10B730000093594601222046FDF776F9414683469B
:10B74000FDF7E8F9002840F32083029A02E09145D2
:10B7500000F026834D4609F1FF3915F8013C392BDD
:10B76000F5D0013389F8003041462046FCF748FF08
:10B770005EB1009B2BB1B34203D019462046FCF7C3
:10B780003FFF31462046FCF73BFF59462046FCF779
:10B7900037FF00232B70089B049A1A601D9B002B17
:10B7A0003FF40AAE02981D6013B0BDE8F08F9A44D2
:10B7B0000A936BE6C1F1200106FA01F106EE101AB8
:10B7C00022E6059B013B059300230B93F2E6AC4B6D
:10B7D0000293033381E601230D93DDE9052313442E
:10B7E00003F101094E46012E0C93B8BF0126172E16
:10B7F00040F39C84012204235B0003F11400B04257
:10B80000114602F10102F7D9E16320468DED0E7B6E
:10B81000FCF7CCFE0290002800F03F84B9F10E0F37
:10B820009DED0E7BA06346D8002D44D005990029DC
:10B8300040F3F182934B01F00F0203EBC203CD05FD
:10B8400093ED006B4FEA211340F18A838E4A92ED0B
:10B85000085B03F00F03032187EE054B002B00F07C
:10B86000FB81894A01E05B100832D80703D45B10E2
:10B870000832DE07F7D592ED005B5B1001F10101A4
:10B8800026EE056B00F0E8810832F2E701230D9304
:10B89000069B002B40F38B81069E0C96B146A6E7D3
:10B8A00000230D9399E700230D93F1E71C20054435
:10B8B00007448244FAE6119A002AC0F24081059BAF
:10B8C0000E2B00F33C816F4B059A03EBC20393ED03
:10B8D000003B069B002B80F2ED82B9F1000F00F3D4
:10B8E000E98240F08682B1EE046B23EE066BB4EE83
:10B8F000C67BF1EE10FA494640F27C82029D31236C
:10B9000005F8013B2046FCF77BFE059B02330493C0
:10B910003BE7314600230A222046FCF77BFE0C9BC6
:10B92000002B064640F3FA83DDF830900595002F92
:10B9300005DD31463A462046FDF776F806460A9B75
:10B94000002B40F0F6823746029D6B1E4B440A9353
:10B95000009B03F001030C9341465846FFF760FC3F
:10B9600031460B9000F1300A5846FDF7D3F84146B6
:10B9700081463A462046FDF7EDF8C3680146002BA4
:10B9800036D109905846FDF7C5F80999069020462A
:10B99000FCF736FE069A002A5AD1049B1BB90C9B71
:10B9A000002B00F0A483B9F1000F43DB0A9BA946EA
:10B9B0009D4209F801AB00F0D782594600230A22C4
:10B9C0002046FCF727FEBE42834631464FF0000377
:10B9D0004FF00A02204635D0FCF71CFE39460646D9
:10B9E00000230A222046FCF715FE4D460746B3E722
:10B9F0002046FCF705FEB9F1000F08DB009B03F0C1
:10BA00000102049B49EA030952EA09022ED1594670
:10BA100001222046FDF708F841468346FDF77AF8F3
:10BA2000002840F34183BAF1390F00F024830B9BC7
:10BA300003F1310A05F801AB059B0096013304932D
:10BA40003E4691E6FCF7E6FD4D460646074683E78F
:10BA5000B9F1000FC0F28483049B49EA03090C9BEF
:10BA600053EA090900F07C83002A9FDDBAF1390FFF
:10BA700000F001830AF1010305F8013BDCE700BF98
:10BA8000C03E0020E8020020C0020020049B022BE0
:10BA90007FF725AEB9F1000F40F0008241464B46DA
:10BAA00005222046FCF7B6FD014680465846FDF7C4
:10BAB00031F8484540F3F281029D312305F8013BFE
:10BAC00041462046FCF79CFD059B02330493002E63
:10BAD0007FF457AE59E641465846FDF71BF800285B
:10BAE000BFF6F9AD594600230A222046059DFCF712
:10BAF00091FD099B013D8346002B7FF40AAF0C9B0F
:10BB0000002B40F3FE82059BDDF8309004930595F1
:10BB1000ECE51A4601462046FCF72AFF049B012B60
:10BB2000804640F3F98100230A93D8F8103008EBDF
:10BB300083031869FCF7C0FDC0F12000A9E50D9B47
:10BB400073B9002F67D1099B002B74D11D461E4687
:10BB500091E5119A002A03DB05990E297FF7B4AE0F
:10BB6000049B012B7FF765AD099B09F1FF38434525
:10BB7000C0F27781B9F1000FA3EB080880F2BE8212
:10BB8000A7EB0903012120460D93FCF7FFFD3D467D
:10BB90000D9F0646BAF1000F7FF75DAD57453B4656
:10BBA000A8BF5346ED1AFF1AAAEB030A53E500217A
:10BBB000E16320468DED067BFCF7F8FC9DED067BEE
:10BBC0000290002800F06982029BA363002D40F0E0
:10BBD0009F81119AAA42C0F27C8201230C9399465C
:10BBE00006936CE6009B002B7FF452AD019BC3F3E0
:10BBF0001303002B7FF44CAD019B23F000431B0D7E
:10BC00001B05002B3FF444AD012301350AF1010A65
:10BC10000A9318463DE5BAF1000F00F0FE81574542
:10BC20003B46099EA8BF5346FD1AAAEB030A2F46BE
:10BC3000002E3FF420AD5946099A2046FCF798FEA5
:10BC40000023834609933D461E4614E51C283FF415
:10BC50002DADC0F13C002AE684EE065B0B9B3BB1A8
:10BC6000B7EE006BB4EEC65BF1EE10FA00F1E081C6
:10BC7000B1EE0C4B06EE901AB8EEE66BA6EE054B55
:10BC800014EE901A53EC142BA1F15073B9F1000F7C
:10BC900000F09B80DDF814C0484643EC142BB64BF3
:10BCA000029DFDEEC53B03EBC00212ED022B13EE2D
:10BCB000902A02F1300E0D9A691CB8EEE36B0E4625
:10BCC00035EE466B002A00F05B81B6EE003B83EE5A
:10BCD000025B35EE445BB4EEC65BF1EE10FA85F81C
:10BCE00000E000F32782B7EE001BB2EE043B002514
:10BCF00018E001358542BFF62CAF26EE036B25EE2A
:10BD0000035BFDEEC64B14EE902AB8EEE42B303206
:10BD100036EE426BB4EEC56BF1EE10FA01F8012B72
:10BD200000F1DF8131EE464BB4EEC54BF1EE10FA77
:10BD3000DFD5029A0CF1010C02E0914200F09781EC
:10BD40000D4611F8013D392BF7D001330B70CDF8BA
:10BD500010C01AE5314642462046FCF709FE5A4615
:10BD6000014606462046FCF73FFD59460D90204609
:10BD7000FCF746FC099BDDF834B0B3EB08030993EC
:10BD80007FF471AC0123099375E403D11AF0010F1C
:10BD90007FF4DBAC4D4619F8013D302BFAD0E3E4DB
:10BDA000059B029A0233049331231370DCE406EE00
:10BDB000901AB1EE0C4BB8EEE66BA5EE064B14EE06
:10BDC000901A53EC142BA1F1507343EC142BB1EEE9
:10BDD000046B35EE466BB4EEC46BF1EE10FA00F373
:10BDE0005681B1EE444BB4EEC46BF1EE10FA7FF520
:10BDF00062AD00212046FCF703FC069B029D5B42DE
:10BE00000493C2E4059B0A939A460023C2F10107FA
:10BE10000B93FFF73BBB00F00781059A564B52424C
:10BE200002F00F0103EBC10393ED005B131127EE4A
:10BE3000055B00F07981514A022101E05B10083274
:10BE4000DD0703D45B100832D807F7D592ED006BFD
:10BE50005B1001F1010125EE065B3FF4FFAE0832F5
:10BE6000F2E7099B0A9AA8EB03031A440121204632
:10BE70000A92FCF78BFCCA4407EB09050646CDF88D
:10BE80002480002F3FF4EFAB57453B46A8BF5346F5
:10BE9000ED1AFF1AAAEB030AFFF7E5BB414620465D
:10BEA000FCF7AEFB069B029D5B420493002E7FF4E1
:10BEB00068AC6AE4029B5E1C87EE036BBDEEC66B4A
:10BEC000029A16EE103AB9F1010F03F13003B8EE01
:10BED000C65B31461370A3EE457B7FF447AB37EE6C
:10BEE000077BB4EEC37B059BF1EE10FA03F101036F
:10BEF00004939C4608DCB4EE437BF1EE10FA05D1C6
:10BF000016EE103ADB0701D5029A19E70D463CE41C
:10BF10000C95A946069589E4009B002B7FF403AE9F
:10BF2000DDE90012C2F31303002B00F0C4800A9174
:10BF3000FBE571682046FCF739FB0546002800F058
:10BF40000481336902339A0006F10C010C30F8F7D2
:10BF5000F7FA294601222046FCF766FD0746F3E47E
:10BF60000221B0EE474B79E4059B009601333E4633
:10BF70000493FFF7DEBB00BFE8020020C0020020F0
:10BF8000029A24EE022B012882F800E014D0B2EECF
:10BF9000043B029A151826EE036BFDEEC65B15EE08
:10BFA000902A303201F8012BA942B8EEE54B36EE6B
:10BFB000446BF0D1711E0144B6EE005B32EE054BCE
:10BFC000B4EEC64BF1EE10FA3FF5B3AE35EE425B80
:10BFD000B4EEC65BF1EE10FA0DDC119A002AFFF602
:10BFE000B0AD059A0E2A3FF7ACAD059A03EBC2033C
:10BFF00093ED003B60E70D46013915F8013C302B0D
:10C00000F9D00CF101030493FFF7BFBB109ADDF8E0
:10C010002480C2F13602FFF714BB099E002E7FF484
:10C020000AAE3D46FFF727BB0221B0EE475B15E69F
:10C03000B9F1000F3FF4BBAE0C9800287FF73BAC82
:10C04000B2EE043BB1EE0C4B013106EE901A25EE38
:10C05000035B059BB8EEE66BA5EE064B14EE901A5B
:10C0600003F1FF3C53EC142BA1F1507315E60CF1D6
:10C07000010C31236AE6A946392309F8013B059BE7
:10C0800000960133029A04933E46FFF763BB029D7C
:10C09000312305F8013B002134E4334B33480022BF
:10C0A00040F2AF11FFF760F87FF4C4AC1AF0010F53
:10C0B0007FF4B9ACBEE4019B23F000431B0D1B05CC
:10C0C000002B3FF431AD012301350AF1010A0A9337
:10C0D0002BE50D9B002B33D101230C93994606933E
:10C0E0002FE50CF1010304930D46FFF74EBBBAF1A7
:10C0F000390FC0D091453FF79AAC9BE44A46FFF711
:10C10000A0BA049A022A05DC059A0492994605957C
:10C11000FFF7ECBA0595DDF83090BBE4049A05957D
:10C12000022AF8DC994602E4022197E50021E16346
:10C13000FFF76BBB0CF1010304930D46FFF725BB22
:10C140000D9B069399460C930EE5074B07482A462C
:10C1500040F2EF21FFF708F8054B0293FFF72CB9E7
:10C16000002A3FF754AC65E4C43D0020C43E0020E3
:10C17000B43E002030B5044687B05BB1104801934F
:10C18000D0F8C85171B12046A847421C019B10D07D
:10C1900007B030BD00F5827309480193D0F8C8514B
:10C1A0000029F0D10A46204603A9A847421C019B5A
:10C1B000EED100218A221960226007B030BD00BF95
:10C1C000E84C002010B582B0049CCDE900344FF05B
:10C1D000FF3301F055FC02B010BD00BF0EB400B536
:10C1E00082B003ABDFF81CC053F8042B0193014667
:10C1F000DCF8000000F008F802B05DF804EB03B0D2
:10C20000704700BF504F00202DE9F04FC5B00DF131
:10C21000500A8346049116460021082250461C46C7
:10C220000B93FBF7E1F9BBF1000F04D0DBF83430DE
:10C23000002B00F04987049B5A6EB3F90C30D007ED
:10C2400040F14181990400F1A985049943F4005318
:10C2500022F400528B814A66930401F1AE80049B64
:10C26000B3F90C301D0740F1BD80049A1269002A11
:10C2700000F0B88003F01A020A2A00F0C2800023FE
:10C28000CDE91933CDE90E331BAADFF86C980D9375
:10C29000189217460793B0464546D9F8CC41FBF7AC
:10C2A000D9FCCDF800A003462A4612A95846A0475B
:10C2B000002800F0C580C0F2BB80129A252A0346F0
:10C2C00001D01D44E9E7B5EB0806044640F0BC8008
:10C2D000002319468DF8433008934FF0FF326B78F6
:10C2E000059205F10108039108F101081946A1F131
:10C2F00020035A2B00F2F280DFE813F0E603F0008F
:10C30000F000DF03F000F000F000BF03F000F000E9
:10C3100007025302F00012020004F000F1035B0078
:10C320005B005B005B005B005B005B005B005B0035
:10C33000F000F000F000F000F000F000F000F0007D
:10C34000F000D8019F03F000F000F000F000F000D2
:10C35000F000F000F000F000F0001902F000F00032
:10C36000F000AA01F000FB02F000F000BA05F000B6
:10C37000F000F000F000F000F000F000F000F0003D
:10C38000F000D8016801F000F000F00095036801AA
:10C390006D00F0008B03F0007D036A0320036D0045
:10C3A000F000AA016A005902F000F000FB05F0005D
:10C3B0006A00A1F13003002218F8011B02EB82028F
:10C3C00003EB4202A1F13003092BF5D908928EE765
:10C3D00098F8003088E7039B43F02003039398F814
:10C3E000003081E7049D5846294601F05FFA002895
:10C3F00040F0F687B5F90C3003F01A020A2A7FF4F0
:10C400003EAF0499B1F90E20002AFFF638AF4A6E0C
:10C41000D20702D49F0540F1908704992346324603
:10C42000584601F015F80790079845B0BDE8F08F21
:10C43000082200215046FBF7D7F801231D442CE7C2
:10C44000B5EB0806044610D01A9B33441A93199B87
:10C450000133072BC7E90086199310DC0837079BC7
:10C4600033440793002C7FF433AF1A9B002B40F02A
:10C470006E87049B0022B3F90C30199218E00499DE
:10C4800018AA584601F024F878B91BAFE7E70499D9
:10C4900018AA584601F01CF8002800F08380099B78
:10C4A0001BB109995846FBF75FFF049BB3F90C30A9
:10C4B000049A526ED0077FD55B0600F16687079815
:10C4C00045B0BDE8F08F9F0540F114819D047FF5D4
:10C4D000BCAE90047FF5C6AE00F071BF0029C4D099
:10C4E000002301228DF8AC108DF8433009930A9295
:10C4F00005932BAD0692DDE919C0039C14F0840668
:10C500000146624626D1089B069C1C1B002C00F3AA
:10C51000ED839DF8433003B300260C9601320123CE
:10C5200001317B60072A0DF14303CDE919213B60FE
:10C5300000F3868308370C9B63B1013211AB0231E3
:10C540003B60072A4FF00203CDE919217B6000F31D
:10C550006B830837802E00F0EE82059B0A981C1A28
:10C56000002C00F326830A9B3D6001321944072A00
:10C57000CDE919217B6000F34C830837039B5C07EE
:10C5800005D5089B069A9C1A002C00F36583DDE90B
:10C59000073206988242ACBF9B181B1807930029EC
:10C5A0007FF475AF00231993099B1BB10999584675
:10C5B000FBF7DAFE1BAF6FE69A053FF57DAF049CF3
:10C5C000A06DFBF7E5FBB4F90C3075E7039B98060B
:10C5D00040F13C840B9B073323F00702536852F869
:10C5E000084B0B921E46002BC0F23882059A002A97
:10C5F00007DB039B23F08003039354EA060300F058
:10C600008C840A2C76F1000380F0F7803034059A90
:10C610009DF843308DF80F41012AB8BF01220692E0
:10C62000002B00F0AF83069B013300250693012306
:10C63000CDE909530DF20F15DDE91921039B13F024
:10C640008406084694463FF45EAF00230C9365E7EA
:10C650000B9E00238DF8433056F8043B0993002BC2
:10C6600000F05585532900F07284039B13F01004E9
:10C6700040F06D84059A002AC0F21385099821467E
:10C68000FBF70EFD9DF84330099D002800F08B86D6
:10C69000421B0A9222EAE2720692002B00F00E85FB
:10C6A0000132059406920B960994C5E7432903D0FD
:10C6B000039BDD0640F127840822002116A8FAF723
:10C6C00093FF0B9A2BAD126816AB29465846FFF71D
:10C6D00051FD0A90013000F04F860A9B23EAE37374
:10C6E00006930B9B04330B9300238DF8433009937F
:10C6F000059300E7049DA86DFBF748FBB5F90C30E6
:10C700006A6E99043FF5A8AD9FE50B9B53F8042B87
:10C710000892002A80F23D83089A0B9352420892B5
:10C72000039B43F00403039398F80030DCE5039B7C
:10C7300043F010009B0640F14E830B9B073323F020
:10C7400007031A46596852F8083B0B9200228DF8ED
:10C750004320059A002AC0F2118320F490620392CC
:10C7600053EA010200F01E8344AD03F00702DB0828
:10C7700043EA4173C908303253EA0104284605F8F8
:10C78000012DF2D1039B13F0010340F09E82059A24
:10C79000099344AB5B1B9A42B8BF1A460A930692B0
:10C7A000A9E62B238DF8433098F800309CE50399D7
:10C7B0008E0600F1A48003990B9A11F0100052F834
:10C7C000043B40F02783039911F0400100F0CA8434
:10C7D0008DF843009BB205990026B1421C4606DB4A
:10C7E000039921F080010391002B00F07B850A2C36
:10C7F00076F100030B92FFF409AF039B0997002029
:10C80000CDF830B044A9DDF834B0069003F4806769
:10C81000CDF8288025E00690A319B54843F1000320
:10C82000A0FB032C2CF0030202EB9C029B1AE31AE0
:10C830004FF0CC32A046B64602FB03F266F100068A
:10C8400000FB0622A3FB0043B8F10A0F13444FEA92
:10C8500054047EF1000E294644EAC3744FEA53069D
:10C860002ED3069BA24A01330693A31943F100037A
:10C870001046A2FB032525F0030202EB95029B1A4A
:10C88000E31AA3FB003266F1000500FB05225B08FA
:10C8900043EAC27303EB8303A4EB4303303301F891
:10C8A000013C4D1E002FB7D006989BF80030834204
:10C8B000B1D1FF28AFD00A2C76F1000380F0AF840D
:10C8C00005999DF84330CDF834B044AA521B9142EB
:10C8D000B8BF1146DDE90978DDF830B00A9206915B
:10C8E000002B00F0EE83069B01330693002309938F
:10C8F000A2E6039B43F010019B0640F189820B9B4B
:10C90000073323F0070200238DF84330059B566858
:10C9100052F8084B0B92002BC0F2EE8221F08003FC
:10C92000039354EA06037FF46CAE059B002B40F0A2
:10C93000DE840A930693099344ADDCE5059C0B99CC
:10C940000398002247F630039442ADF844308DF846
:10C95000432051F8043BC0F2D28220F0800040F026
:10C9600002000390002B00F0E58303F00F04614800
:10C970001B09045D8DF80F410B9100F056850221D3
:10C9800006910DF20F1503F00F011B09415C05F82C
:10C99000011D43EA0273120953EA0201F3D144ABC9
:10C9A0005A1B059B0A929342B8BF1346069A002A67
:10C9B00000F03985DDE91921039C023314F0840667
:10C9C00006930846944600F0E98200230993B4E5F3
:10C9D000039886063FF5B1AE03990B9ACD0652F83F
:10C9E000043B00F114850398440640F1C8839BB2D0
:10C9F0000B920021AAE603990B9A8C0602F104031C
:10CA000040F1F081126807991160C91751600B93CA
:10CA100042E498F800306C2B00F08F82039A42F0C9
:10CA20001002039260E498F80030682B00F07B82DB
:10CA3000039A42F04002039256E4039A940642F0AD
:10CA4000100300F100820B9A04320B9903930C68D7
:10CA50000B92E6173346002BBFF6C8AD2D238DF899
:10CA60004330059B644266EB4606002BFFF6C9ADDA
:10CA7000039B23F080030393C3E55846FEF72AFB8C
:10CA800043680F931846FBF76BFB0E90044658461D
:10CA9000FEF720FB826898F800300D92002C3FF4DE
:10CAA00023AC002A3FF420AC1278002A3FF41CACDF
:10CAB000039A42F48062039216E4039B43F001035D
:10CAC000039398F800300FE49DF8432098F8003065
:10CAD000002A7FF409AC20228DF8432004E4039B54
:10CAE00043F08003039398F80030FFF7FDBB00BFCD
:10CAF000CDCCCCCC443E0020E84C0020404610F881
:10CB0000011B2A2900F07784A1F13003092B98BF7B
:10CB1000002200F2178410F8011B02EB820203EBE3
:10CB20004202A1F13003092BF5D942EAE2730593E1
:10CB30008046FFF7DCBB089B06981C1A002C7FF789
:10CB40000CAD102C40F3268438460C95AE4F049D56
:10CB5000102604E0103C102C00F1080015DD013215
:10CB60001031072AC0E90076CDE91921F2DD18AAB3
:10CB70002946584600F0ACFC00287FF490AC103CED
:10CB8000102CDDE919211BA8E9DC0C9D3B4607466A
:10CB900001322144072ACDE919213B607C6000F372
:10CBA000A482059B0A981C1A002C07F108077FF73E
:10CBB000DAAC102C40F3ED8238461026924F04E098
:10CBC000103C102C00F1080016DD01328E4B1031A4
:10CBD000072AC0E90036CDE91921F1DD049918AA28
:10CBE000584600F075FC00287FF459AC103C102C1E
:10CBF000DDE919211BA8E8DC3B4607460132214448
:10CC0000072ACDE919213B607C6000F3AA80083730
:10CC1000A9E4049918AA584600F05AFC00287FF4A9
:10CC20003EAC1A991BAFA9E4049918AA584600F023
:10CC30004FFC00287FF433ACDDE919211BAF89E4F8
:10CC4000049918AA584600F043FC00287FF427AC4A
:10CC5000DDE919211BAF6EE4102C199B40F3818391
:10CC60003A46049E694F102504E0103C102C02F156
:10CC7000080215DD01331031072BC2E90075CDE93B
:10CC80001931F2DD18AA3146584600F021FC00287F
:10CC90007FF405AC103C102CDDE919311BAAE9DC4E
:10CCA0003E46174601332144072BC7E90064CDE90E
:10CCB00019317FF76CAC049918AA584600F008FCAB
:10CCC00000287FF4ECAB1A9961E4302A00F001826D
:10CCD0003023059A05F8013C023844AB1B1A9A42EE
:10CCE000B8BF1A460A9306920546EFE000230C935C
:10CCF000102C464E624623DD394610232F46049DF4
:10CD000004E0103C102C01F1080117DD0132103055
:10CD1000072AC1E90063CDE91920F2DD18AA2946E6
:10CD2000584600F0D5FB00287FF4B9AB103C102C1E
:10CD3000DDE919201BA94FF01003E7DC3D460F4643
:10CD400001322118072ACDE919213E607C6000F3E9
:10CD50007A819DF843600837002E36D00026FFF711
:10CD6000DDBB049918AA584600F0B2FB00287FF4F6
:10CD700096ABDDE919211BAFFFF7F5BB20F480620C
:10CD80000392F1E4099301230A930DF20F15FFF7C3
:10CD9000B2BB0B9398F80030FFF7A6BA92047FF568
:10CDA00061AAF2E2059A002A7FF4DEAC10F00102DB
:10CDB000069200F0428130238DF80F31059B0A92D4
:10CDC00009930DF20F15FFF796BB0C9B002B7FF418
:10CDD000B4ABFFF7C2BB0B9B1A1D0B9B0B921B68DE
:10CDE0000021B3E4039AD00600F18C81039A510626
:10CDF00000F19582039A920540F184810B9A07997C
:10CE00001268117003E600BF8046002044420020F3
:10CE10000B9B1A1D0B9B05981B680026B0428DF8D2
:10CE200043601C4667DB21F080010391002B7FF4F7
:10CE3000DEAC0B92002840F05A820A9006900990CE
:10CE400044ADFFF758BB0393FFF7C4BB039B0B9A9A
:10CE5000D90652F8044B3FF5F8AD039B5E0640F14E
:10CE6000768144F3C0360B9224B23346FFF7BBBB46
:10CE7000AD48039B9D0640F1B5800B9B073323F023
:10CE800007031A465C6852F8083B0B92039A12F0AB
:10CE90000102069240F08C808DF84320059A002A0A
:10CEA000C0F2B780039A22F49062039253EA04021C
:10CEB00040F0F380059A002A00F0F68103788DF89F
:10CEC0000F31012306920A930DF20F15DDE91921A6
:10CED000039B13F084060846944600F0A1829DF857
:10CEE0004330002B00F0AB82002309930C93FFF733
:10CEF00015BB8E48BDE70B920391FFF782BB40F054
:10CF00000200039031E50B9B1B688DF8AC300123C8
:10CF100006930A932BADFFF7E4BB002A00F0D481FF
:10CF20003024FFF774BB039B43F40073039308F1B1
:10CF3000010898F80030FFF7D7B9039B43F02003AE
:10CF4000039308F1010898F80030FFF7CDB9099B69
:10CF500013930822002116A8FAF746FB059B002B25
:10CF6000C0F219810024069725461F460EE02BA922
:10CF70005846FFF7FFF8411C284400F0FD81B842F5
:10CF800009DC04F1040400F008820546139A1259E2
:10CF900016AB002AEBD1069F05950AE1089C069B7B
:10CFA0000996E41A002C7FF7C8AA02230C939FE687
:10CFB00053EA04025ED100238DF84330059B002B19
:10CFC000C0F22181039B23F49063039300F08781D7
:10CFD00003788DF80F31069B0A93059B06930DF29B
:10CFE0000F1573E70B9A52F8043B0B92039AD40681
:10CFF00008D4520602D59BB2002447E7039A96054F
:10D0000000F18181002441E742F0020203920222F2
:10D010000692039A22F48062039203F00F02825C6C
:10D020008DF80F211B0943EA0473220953EA1414F3
:10D030007FF4A7AC0DF20F15B1E4059B44ADCDE92B
:10D040000933FFF758BA049918AA584600F040FA75
:10D05000064600287FF423AA9DF84330DDE9192114
:10D06000002B40F089800C9B1BAF002B7FF465AA3E
:10D07000FFF773BA30228DF8442000228DF8432048
:10D08000059A8DF84510002A039ABDDB22F49062C0
:10D0900042F0020203920222069203F00F02825C27
:10D0A000BEE7099D2846FBF75BF89DF843300A90E0
:10D0B00020EAE0720692002B7FF4F2AA099D059304
:10D0C0000B960993FFF717BA5846FAF75FF8FFF780
:10D0D000B2B8059A44AB5B1B9A42B8BF1A460A9392
:10D0E000002306920993FFF706BA049918AA584636
:10D0F00000F0EEF900287FF4D2A9DDE919211BAF79
:10D10000FFF72BBA0B9A0799126811607FE4059B11
:10D11000074D0B96062B28BF062306930A93099BFF
:10D120000593FFF7E8B900BF583E0020443E0020B9
:10D130006C3E00200B91002C00F0DC80302301229B
:10D140008DF80F310DF20F1523460A9232E4039B3E
:10D150000B929D054ABF44F3C016E61764B23346EE
:10D16000FFF741BA039810F4007600F0CF808DF8F5
:10D170004310DBB2FFF72FBB1BAFFFF7CFB903980C
:10D1800010F4007100F0BB80DBB20B920021FFF7BE
:10D19000DDBAAC4B32E516AB0093002313AA194657
:10D1A0005846FFF70FF80590013000F0E580099B25
:10D1B0001393059B002B7CD0632B00F3B6800023D8
:10D1C00009932BAD0822002116A8FAF70DFA059C49
:10D1D00016AB009313AA234629465846FEF7F2FFE2
:10D1E000844240F01681059900236B5421EAE172D4
:10D1F00006929DF84320002A40F0B580CDE90A163A
:10D200000592FFF778B903788DF80F31039B23F46B
:10D2100080630393069B0A930DF20F1556E60E9A50
:10D220000F99AD1A2846FAF7C7FA9BF801300BB1EF
:10D230000BF1010B844AA31943F10003A2FB030C79
:10D240002CF0030000EB9C001B1AE31A4FF0CC31CA
:10D2500066F1000603FB01F102FB0611A3FB02309D
:10D2600001445B0843EAC1744E08A31943F100036B
:10D27000A2FB031020F0030101EB90015B1AE31AFB
:10D28000A3FB023166F1000002FB00125B0843EAD7
:10D29000C27303EB8303A4EB4303303305F8013C73
:10D2A0000120013DFFF701BB059B0A9344A80546F9
:10D2B0000CE69DF84330099D0B96003B18BF0123F7
:10D2C0000693059B0A9301E69DF843303BB1059B0D
:10D2D000CDE90933012344AD0693FFF7ADB9059BB2
:10D2E000FFF727BB059B0B92002B3FF422AB0024DA
:10D2F000FFF78CB9059B0A9344ADFFF75BBB03981E
:10D300000B92FFF723BADBB20024BFE505998DF835
:10D31000436000291C46BFF663AAFFF768BA0B9A60
:10D32000079912681180FFF772BB591C5846F9F72C
:10D33000ADF8054600B3099044E7886DFAF728FD7B
:10D34000FFF76BB8002380460593FEF7D0BF049922
:10D3500018AA584600F0BCF800283FF48AA8FFF746
:10D36000A4B83A4E9EE4059A0A92069A0B960132A8
:10D3700006920593FFF760B90498B0F90C30426E3D
:10D3800043F04001D207818109D54FF0FF33079365
:10D39000FFF795B82B4BFFF7FBBB069F09E79905F5
:10D3A000F3D4FFF70CB99BB1059B0B965A1C069260
:10D3B0000A9305900990FFF73FB9D707E5D4049B7E
:10D3C0009B899E05E1D4049B986DFAF7E1FCDCE7AC
:10D3D000059A0993CDE905320B960A92FFF78BB8AF
:10D3E000049A536ED807D0D493899905CDD4906D03
:10D3F000FAF7CEFCC9E70B9A98F8013052F8041BF3
:10D400000B9241EAE17180460591FEF76DBF084637
:10D41000E3E4049A938943F040039381FFF73FB814
:10D420000996FFF770B8069350E5059B0122012B82
:10D43000B8BF01230DF20F150A92FFF7BBBA09938B
:10D44000FFF788B880460020CDCCCCCC44420020E9
:10D45000F0B50D46ADF2744D164689896A6E1B9281
:10D46000EA89ADF8162021F00201EA69ADF814103E
:10D4700009921CA96A6A0291074606910B924FF421
:10D480008061002218A80193049107910892FAF78D
:10D4900079FC3246019B02A93846FEF7B5FE061E0E
:10D4A00007DB02A93846FDF7CDFD002818BF4FF075
:10D4B000FF36BDF814305B0603D5AB8943F040035B
:10D4C000AB811898FAF760FC30460DF2744DF0BD50
:10D4D000936810B514461BB918460023636010BD4D
:10D4E00000F068F80023A3600023636010BD00BF54
:10D4F0002DE9F0438E681D46AE420B6883B00C46A2
:10D5000090463AD8B1F90CC01CF4906F0FD1354653
:10D51000184641462A46F9F7D5FFA3689E1B2368A3
:10D52000A6602B440020236003B0BDE8F0834A6965
:10D53000096902EB42025E1A02EBD2726B1C5210B6
:10D540003344934294BF17461F46934288BF1A46FE
:10D550001CF4806F814612D01146F8F797FFF0B1A6
:10D56000324621690190F6F7EBFFA289019B22F474
:10D57000906242F08002A28105E02E46C8E7F9F7EA
:10D5800067FA034638B123613344BE1BA660676166
:10D5900023602E46BCE721694846FAF7E5FEA389D9
:10D5A0000C2243F04003C9F800204FF0FF30A38164
:10D5B000BAE700BF9368002B00F0B7802DE9F04F69
:10D5C000B1F90CC01CF0080F83B00C46804617461A
:10D5D0002DD00B695BB31CF002033E6833D04FF0D3
:10D5E000000ADFF8C4B25546B9465D452B4652469F
:10D5F00028BF5B464046B5B1E169676AB847002875
:10D6000040F38B80D9F808301B1A8244C9F80830DF
:10D61000002B79D02D1A5D452B46524628BF5B461C
:10D620004046002DE8D1D6E900A50836DDE72146C1
:10D63000404600F03BF9002874D1B4F90CC03E68B4
:10D640001CF00203CBD11CF0010A70D123680097B3
:10D650005546002D54D01CF4007FD4F8089018468D
:10D6600000F0AB80A945CB4600F2E4801CF4906F3B
:10D6700034D021696269A3EB010902EB420202EB9B
:10D68000D27209F1010352102B44934294BF934686
:10D690009B46934288BF1A461CF4806F00F0E980D5
:10D6A00011464046F8F7F2FE002800F0F7804A469F
:10D6B00021690190F6F744FFA289019B22F4906250
:10D6C00042F08002A28103EB09002361ABEB090366
:10D6D000C4F814B0A3602060A946AB4651465A4630
:10D6E000F9F7F0FEA2682368A2EB0902A260009A93
:10D6F00091685B44491B2360916029B1B4F90CC067
:10D70000D6E900A50836A4E7002003B0BDE8F08FF5
:10D7100021464046FDF796FC68B3B4F90C3043F05F
:10D720004003A3814FF0FF30EFE7002070471D4614
:10D730009A461846B946009365B3002831D0524640
:10D74000D4E904132068AA4228BF2A46884204D993
:10D75000A16803EB010B5A457CDC93426DDCE16967
:10D76000009A676A4046B847B0F1000BD5DDBAEBC6
:10D770000B0ACDD00120D9F80830A3EB0B03C9F870
:10D780000830002BC0D0009BA5EB0B055B44009339
:10D79000002DD2D1756833460836002DFAD01B68AB
:10D7A0000093009F2A460A213846FAF779FC0028A0
:10D7B00071D00130A0EB070AC1E722699A4221D358
:10D7C0006269AA421ED86FF00043AB4228BF2B46C5
:10D7D000E16993FBF2F3676A02FB03F340465246AA
:10D7E000B847B0F1000998DD009A9368A3EB0903EC
:10D7F000A5EB09059360002B86D0B4F90CC0236813
:10D80000CA4426E7A94528BFA94618464A465146B4
:10D81000F9F758FEA2682368A2EB09024B44A26004
:10D820002360002AE0D121464046FDF70BFC00288A
:10D83000DAD072E7A946AB4650E700990192F9F7B2
:10D8400041FE019AA3689B1AA360236813442360D6
:10D8500093468CE700995A46F9F734FE23685B44F7
:10D86000236021464046FDF7EDFB00283FF47FAFE3
:10D8700053E74046F9F7ECF8034600287FF423AF5E
:10D8800021694046FAF770FDA3890C22C8F80020F0
:10D8900023F0800343E76A1C924651E70C22B4F957
:10D8A0000C30C8F800203AE700FCFF7F10B5354B7C
:10D8B0000446186882B00B4610B1426B002A53D060
:10D8C000B3F90C20110711D51869C8B1B3F90C20B0
:10D8D00012F0010126D059694FF0000C4942C3F8FB
:10D8E00008C0996120B3002002B010BDD00640D519
:10D8F000510723D4186942F008029A810028E5D123
:10D900009A8902F42072B2F5007FDFD019462046D2
:10D91000019300F0C9F8019BB3F90C20186912F0CB
:10D920000101D8D1940758BF596999600028DAD10C
:10D930001106D9D542F040029A811FE0196B61B1FE
:10D9400003F14000814206D020460193FAF70CFD16
:10D95000019BB3F90C200021196318690021C3E968
:10D96000000122F02402C6E70191F9F70FFC019BA8
:10D97000A6E7092142F0400221609A814FF0FF3072
:10D98000B2E700BF504F00202DE9F04F8BB0DDE92A
:10D990001589149F02901C46B8F1000F57D01668E5
:10D9A00001960029C34608BF4FF0FF37002588467F
:10D9B0000391924606E0019B53F8040B0193002863
:10D9C00037D06546AF423ED9002C3CD0DBF8003062
:10D9D0000493DBF804300593019B02981A68D9F888
:10D9E000C8615B4606A9B047431C33D000EB050C69
:10D9F000BC453AD8039B013C002BDCD000280DDD50
:10DA000008F1FF32019E06A900EB020E11F8013B5E
:10DA100002F8013F7245F9D101968044019BDAF882
:10DA2000002053F8040B01930432CAF800200028A8
:10DA3000C7D10399D84609B1CAF800000022C8F836
:10DA400000200CF1FF3528460BB0BDE8F08F00F543
:10DA50008678A4E7029B05468A21002228461960A1
:10DA6000CBF800200BB0BDE8F08FD846DDF810A051
:10DA7000DDF814B02846C8E900AB0BB0BDE8F08F64
:10DA800000B585B0DFF81CC006980090079801909B
:10DA900003480068CDF808C0FFF776FF05B000BD69
:10DAA000504F0020E84C0020B1F90C20930706D518
:10DAB00001F143030122C1E904320B60704730B524
:10DAC0000B46B1F90E10002999B0044632DB02AAC8
:10DAD000009300F05BF80028009B29DB4FF4806185
:10DAE00020460093039DF8F7D1FC009BB3F90C206E
:10DAF000002839D005F4704142F0800218601861A6
:10DB0000B1F5005F4FF480609A8158613AD1B3F962
:10DB10000E100093204600F04DF8009BB3F90C2046
:10DB200080B322F0030242F001024FF4006117E0DB
:10DB3000B3F90C20019312F0800F0CBF4FF48061F9
:10DB4000402120460091F8F7A1FC019B0099B3F910
:10DB50000C2048B1C3E9040142F0800218600021A2
:10DB60000A439A8119B030BD9105FBD422F003021B
:10DB700003F1430142F002020120C3E904109A813B
:10DB80001960EFE74FF40061EAE700BF38B5084CD1
:10DB900000230546084611462360F6F783FE431C22
:10DBA00000D038BD2368002BFBD02B6038BD00BFF0
:10DBB000B0CB042038B5074C002305460846236047
:10DBC000F6F776FE431C00D038BD2368002BFBD04F
:10DBD0002B6038BDB0CB04205FF800F0451A006020
:10DBE0005FF800F0153D00605FF800F01D54006024
:10DBF0005FF800F03D2800605FF800F0C15400605D
:10DC00005FF800F0F917006000000000000000005D
:04DC1000F8B500BFA4
:08DC1400B880FF7F0100000051
:10DC1C0000000000000000000000000000000000F8
:10DC2C0000000000000000000000000000000000E8
:10DC3C0000000000000000000000000000000000D8
:10DC4C0000000000000000000000000000000000C8
:10DC5C0000000000000000000000000000000000B8
:10DC6C0000000000000000000000000000000000A8
:10DC7C000000000000000000000000000000000098
:10DC8C000000000000000000000000000000000088
:10DC9C000000000000000000000000000000000078
:10DCAC000000000000000000000000000000000068
:10DCBC000000000000000000000000000000000058
:10DCCC000000000000000000000000000000000048
:10DCDC000000000000000000000000000000000038
:10DCEC000000000000000000000000000000000028
:10DCFC000000000000000000000000000000000018
:10DD0C000000000000000000000000000000000007
:10DD1C0000000000000000000000000000000000F7
:10DD2C0000000000000000000000000000000000E7
:10DD3C0000000000000000000000000000000000D7
:10DD4C0000000000000000000000000000000000C7
:10DD5C0000000000000000000000000000000000B7
:10DD6C0000000000000000000000000000000000A7
:10DD7C000000000000000000000000000000000097
:10DD8C000000000000000000000000000000000087
:10DD9C000000000000000000000000000000000077
:10DDAC000000000000000000000000000000000067
:10DDBC000000000000000000000000000000000057
:10DDCC000000000000000000000000000000000047
:10DDDC000000000000000000000000000000000037
:10DDEC000000000000000000000000000000000027
:10DDFC000000000000000000000000000000000017
:10DE0C000000000000000000000000000000000006
:10DE1C0000000000000000000000000000000000F6
:10DE2C0000000000000000000000000000000000E6
:10DE3C0000000000000000000000000000000000D6
:10DE4C0000000000000000000000000000000000C6
:10DE5C0000000000000000000000000000000000B6
:10DE6C0000000000000000000000000000000000A6
:10DE7C000000000000000000000000000000000096
:10DE8C000000000000000000000000000000000086
:10DE9C000100000000000000010000000000000074
:10DEAC000100000000000000010000000000000064
:10DEBC000000000400000000000000200000000032
:10DECC0000000040000000000000006000000000A6
:10DEDC000080E03779C34143176E05B5B5B893465A
:10DEEC00F5F93FE9034F384D321D30F94877825A26
:10DEFC003CBF737FDD4F1575000000000000F03F44
:10DF0C000000000000002440000000000000594008
:10DF1C000000000000408F40000000000088C3405B
:10DF2C0000000000006AF8400000000080842E41D0
:10DF3C0000000000D01263410000000084D797411C
:10DF4C000000000065CDCD41000000205FA0024222
:10DF5C00000000E876483742000000A2941A6D4297
:10DF6C00000040E59C30A2420000901EC4BCD6428A
:10DF7C0000003426F56B0C430080E03779C3414335
:10DF8C0000A0D8855734764300C84E676DC1AB43AB
:10DF9C00003D9160E458E143408CB5781DAF1544C9
:10DFAC0050EFE2D6E41A4B4492D54D06CFF08044A4
:10DFBC00F64AE1C7022DB544B49DD9794378EA44B9
:10DFCC00010000000100000002000000020000003F
:10DFDC000400000004000000040000000100000028
:10DFEC000000000000000000080000000800000015
:10DFFC0008000000000204069C3C00200000000009
:10E00C00AC3C002020000000BC3C00204000000084
:10E01C00CC3C002060000000E03C002080000000B0
:10E02C00F03C0020A0000000003D0020C0000000DB
:10E03C00103D0020E0000000243D00200001000005
:10E04C00343D002020010000403D00204001000034
:10E05C004C3D002060010000002000200000040462
:10E06C00010000000400000001000000020000009C
:10E07C00200000001200000020000000140000002E
:10E08C000000000000000000000000000000000084
:10E09C002000000016000000200000001800000006
:10E0AC0020000000220000002000000024000000DE
:10E0BC000001000054000000000100006E00000090
:10E0CC00000100009000000000010000B000000002
:10E0DC0000010000D200000000010000240100003B
:10E0EC00FF00780180014302880187018C018B01BC
:10E0FC00920191019501F601990198019A013D0255
:10E10C009E012002A801A701AD01AC01B001AF0135
:10E11C00B901B801BD01BC01BF01F701C601C401C1
:10E12C00C901C701CC01CA01DD018E01F301F10166
:10E13C00F501F4013A02652C3C023B023E02662CCE
:10E14C0042024102530281015402860156028901A6
:10E15C0057028A0159028F015B0290016002930100
:10E16C006302940168029701690296016B02622CAA
:10E17C006F029C0172029D0175029F017D02642C4D
:10E18C008002A6018302A9018802AE018902440221
:10E19C008A02B1018B02B2018C0245029202B701D4
:10E1AC007B03FD037C03FE037D03FF03AC038603AB
:10E1BC00C203A303CC038C03CD038E03CE038F03C6
:10E1CC00F203F903F803F703FB03FA03CF04C004CB
:10E1DC007D1D632C511F591F531F5B1F551F5D1F46
:10E1EC00571F5F1F781FF81F791FF91FB31FBC1F24
:10E1FC00CC1FC31FE51FEC1FFC1FF31F4E21322148
:10E20C0084218321612C602C762C752CAD9F000011
:10E21C00752200006D25000075280000952C00006B
:10E22C00C530000005350000553900007D5B00004D
:10E23C00ED5F000075660000056B0000A56F000027
:10E24C005574000019790000F17D0000458900002B
:10E25C005D8E0000B5950000011C0000051E00003D
:10E26C00A9490000E1550000218500008D990000AE
:10E27C00894000008142000061BE000091C3000093
:10E28C0015C900007DD70000D9DD000089E400002D
:10E29C00B5EB000085EF000035D2000079F70000E7
:10E2AC0095FB0000E9200000B5230000B12600001A
:10E2BC00BD290000E12D0000153200005936000088
:10E2CC00AD3A0000D95C00004D610000D967000038
:10E2DC006D6C000011710000C57500008D7A000096
:10E2EC006D7F0000C98A0000E98F00005197000083
:10E2FC0005A1000059520000B958000069810000C6
:10E30C008D2B0000BD2F0000FD3300004D380000A8
:10E31C00355A0000E55E00006D650000FD690000E7
:10E32C009D6E00004D73000011780000E97C000028
:10E33C003D880000558D0000AD940000394E000062
:10E34C000D630000714700008153000099820000AA
:10E35C00C99B0000ED9D0000095000000DBC0000A1
:10E36C0015C1000071C6000025CC0000F5CE0000E0
:10E37C00B9DA000041E100001DE8000005D50000FD
:10E38C0089F30000490001000000000001000000BA
:10E39C000200000003000000040000000500000063
:10E3AC000600000007000000080000000900000043
:10E3BC000A0000000B0000000C0000000D00000023
:10E3CC000E000000100000001200000014000000FD
:10E3DC00180000006100E01AE000E017F800E00708
:10E3EC000001013032010106390101104A01012EF0
:10E3FC007901010682010104A0010106B3010104A7
:10E40C00CD010110DE010112F801012822020112D6
:10E41C004602010AAD03DB03B103E011C303E009BB
:10E42C00D80301183004E0205004B010600401221D
:10E43C008A040136C104010ED00401446105D026C2
:10E44C00001E0196A01E015A001F0808101F080686
:10E45C00201F0808301F0808401F0806601F080806
:10E46C00701F4A02721F5604761F64027A1F7002D4
:10E47C007C1F7E02801F0808901F0808A01F080838
:10E48C00B01F0802D01F0802E01F08027021F01014
:10E49C00D024E61A302CD02F672C0106802C016476
:10E4AC00002D002641FFE01A8C2500209425002029
:10E4BC00A02500203A3A73746F7000005C78253008
:10E4CC0032580000522000002573532564207374C9
:10E4DC00657020256420706F732025642066656448
:10E4EC0020256C64202D3E20746F703120256C64C7
:10E4FC0020252E396720746F703220256C642025FE
:10E50C002E39672074657874202225732200000050
:10E51C0025737374657020256420706F73202564D7
:10E52C002066656420256C64202D3E20746F70314C
:10E53C0020256C6420252E396720746F70322025BD
:10E54C006C6420252E39672074657874202225731D
:10E55C002200000020203E3E200000002020202031
:10E56C0075534448432025733A2057544D4B5F4C08
:10E57C00564C2030782530386C582050524F545F10
:10E58C004354524C2030782530386C58204D495823
:10E59C005F4354524C2030782530386C58205359F6
:10E5AC00535F4354524C2030782530386C582056E9
:10E5BC00454E445F535045432030782530386C58D5
:10E5CC002056454E445F5350454332203078253019
:10E5DC00386C58006578464154000000464154336D
:10E5EC00320000007177656E33622E6767756600C6
:10E5FC00202020207177656E33622E676775663A2E
:10E60C0020256C6C752062797465730020202020A5
:10E61C00636F6E746967756F7573206F6E207468A5
:10E62C006520636172642C20736563746F72732050
:10E63C00256C752E2E256C7520282573293A20659E
:10E64C0076657279207365656B206973206F6E65D2
:10E65C00206164646974696F6E2028636865636BFC
:10E66C00656420696E20256C75206D73290000008F
:10E67C0020202020465241474D454E544544206FA2
:10E68C006E20746865206361726420282573293AB2
:10E69C00206261636B77617264207365656B7320B4
:10E6AC0077616C6B2074686520636C75737465722C
:10E6BC0020636861696E3B20256420666F72776108
:10E6CC0072642D6D6F76696E672072656164206867
:10E6DC00616E646C657320696E73746561640000AF
:10E6EC002C20636F6E746967756F75730000000082
:10E6FC002C20465241474D454E5445442028736CBE
:10E70C006F77206C6F6F6B75707329007177656E06
:10E71C0033622E746F6B0000202020207177656EA1
:10E72C0033622E746F6B3A20256C75206279746598
:10E73C0073206F6E207468652063617264257300AA
:10E74C00202020207177656E33622E746F6B3A2017
:10E75C006E6F20636F6E746967756F757320256CAF
:10E76C00752062797465732066726565206F6E2002
:10E77C007468652063617264000000002020202012
:10E78C007177656E33622E746F6B3A20256C752031
:10E79C00627974657320616C6C6F6361746564205D
:10E7AC006F6E20746865206361726420696E206FDF
:10E7BC006E652072756E3B2077726974696E672086
:10E7CC0074686520746F6B656E697A657227732047
:10E7DC007461626C65730000444D415F5344494F52
:10E7EC00000000004649464F5F5344494F0000006B
:10E7FC0020205344207265737461727420696E20FA
:10E80C002573206661696C65643A205364466174B3
:10E81C00206572726F722030782530325820646116
:10E82C0074612030782530386C580000202020206E
:10E83C00534420757020282573292C20636C6F633A
:10E84C006B20256C75206B487A0000006669666F3A
:10E85C0000000000204641494C454400646D6100B5
:10E86C0042454E43482073645F7365712072656145
:10E87C00645F73697A6520256C75206D625F732007
:10E88C00252E3266207364696F2025732573000072
:10E89C0042454E43482073645F7365715F647463D3
:10E8AC006D20726561645F73697A6520256C7520D3
:10E8BC006D625F7320252E3266207364696F20258C
:10E8CC007320636C6F636B5F6B687A20256C7525A6
:10E8DC0073000000434C4B5357454550206265670D
:10E8EC00696E2074656D705F6320252E31660000A3
:10E8FC00434C4B535745455020656E643A2046496E
:10E90C00464F2072657374617274206661696C6520
:10E91C0064000000434C4B535745455020656E64D2
:10E92C003A207265666572656E6365207265616416
:10E93C00206661696C656400434C4B5357454550E8
:10E94C00206B687A20256C75206469766964657221
:10E95C00202575206D625F7320252E32662028538A
:10E96C006446617427732C20746865207265666533
:10E97C0072656E6365290000434C4B5357454550F7
:10E98C00206B687A20256C752064697669646572E1
:10E99C00202564206D625F7320252E3266207265FF
:10E9AC0067696F6E732025642077726F6E67202500
:10E9BC0064206661696C656420256400434C4B538C
:10E9CC005745455020656E643A20726573746172C8
:10E9DC0074206661696C65640000000074686520D1
:10E9EC006361726420646964206E6F742072657355
:10E9FC00746172743B20706F7765722D6379636CF0
:10EA0C006520746865205465656E73792028756E71
:10EA1C00706C75672055534220666F7220322073DC
:10EA2C00290000000A202048414C5445443A202536
:10EA3C0073000000434C4B5357454550206265739F
:10EA4C0074206B687A20256C75206469766964651E
:10EA5C0072202575206D625F7320252E326620286A
:10EA6C006B65707429000000434C4B53574545505F
:10EA7C002062657374206973205364466174277334
:10EA8C0020636C6F636B0000434C4B5357454550F0
:10EA9C0020656E642074656D705F6320252E316671
:10EAAC0000000000434C4B53574545502064697699
:10EABC00696465722025643A20636C6F636B206413
:10EACC006964206E6F7420736574746C650000004B
:10EADC002020202041444D41322072656164207316
:10EAEC00697A6520256C7520646F6573206E6F7470
:10EAFC002066697420286172656E6120256C752C06
:10EB0C0020382064657363726970746F7273206F40
:10EB1C006620256C752900002020202041444D41A1
:10EB2C00322072656164206F6620256C75206279D5
:10EB3C00746573206661696C65643A205364466140
:10EB4C0074206572726F72203078253032582064D0
:10EB5C006174612030782530386C582C2041444D3C
:10EB6C00415F4552525F53544154555320307825E0
:10EB7C0030386C580000000070726573756D0000C1
:10EB8C00646F745F7100000042454E4348206B6512
:10EB9C00726E656C20257320616273656E74000063
:10EBAC0042454E4348206B65726E656C2025732080
:10EBBC00646F6573206E6F742066697400000000CA
:10EBCC0042454E4348206B65726E656C2025732060
:10EBDC0072656164206661696C65640042454E43F0
:10EBEC0048206B65726E656C202573207479706596
:10EBFC0020256C75207061746820257320726F77E6
:10EC0C007320256C7520636F6C7320256C75206DDB
:10EC1C00625F7320252E3266206D77656967687494
:10EC2C00735F7320252E32660000000042454E4370
:10EC3C0048206B65726E656C5F7838202573207484
:10EC4C0079706520256C7520766563746F727320FE
:10EC5C0038206D776569676874735F735F70657270
:10EC6C005F766563746F7220252E3266000000009B
:10EC7C0042454E43482071346B5F73746167652065
:10EC8C002573207374616765202564206379636C38
:10EC9C0065735F7065725F77656967687420252E90
:10ECAC003366206D776569676874735F7320252EF2
:10ECBC00326600004649464F5F5344494F3A206E36
:10ECCC006F206F7665726C617020706F7373696200
:10ECDC006C6500004649464F5F5344494F3A2072D9
:10ECEC006561647320737461792065786163740065
:10ECFC004F4B000057524F4E4700000020287468BD
:10ED0C006520636172642070617468206973206F80
:10ED1C006E6C792077686174203A3A7364696F2F4E
:10ED2C003A3A73647061746820736574290000004A
:10ED3C00202874616B657320656666656374206951
:10ED4C006E20444D41206D6F64653A203A3A7364ED
:10ED5C00696F20646D612900444D41007365740036
:10ED6C0073646661740000002028303A206F6E6571
:10ED7C0020726F7720706572207969656C64290048
:10ED8C00492062656E63682D6F6E652070737261C9
:10ED9C006D5F6C6C6D2076392062616E6B73202513
:10EDAC00642070735F627974657320256C75206DB7
:10EDBC0061785F7365712025642067656E2025641A
:10EDCC00207364696F202573206F7665726C617097
:10EDDC0020256420616C69676E20256420736C6942
:10EDEC00636520256C7520636C6B20256C750000A9
:10EDFC003A3A67656E00000047454E2025640000D6
:10EE0C003A3A62656E63680042454E43482062653B
:10EE1C0067696E2074656D705F6320252E31660006
:10EE2C0042454E4348207364696F2073776974635D
:10EE3C006820746F202573206661696C656400001E
:10EE4C0042454E43482073645F72616E646F6D205F
:10EE5C00726561645F73697A65203430393620637A
:10EE6C006F756E7420323536206D735F6561636823
:10EE7C0020252E3366206D625F7320252E3266208E
:10EE8C006661696C732025640000000066666E5F25
:10EE9C00676174655F4C300066666E5F646F776E99
:10EEAC005F4C30006174746E5F765F4C3000000014
:10EEBC00746F6B656E5F656D6264000042454E4316
:10EECC004820707372616D5F7261772062616E6B46
:10EEDC00202573206D6F646520257320777269740B
:10EEEC00655F6D625F7320252E32662072656164EA
:10EEFC005F6D625F7320252E32662077726F6E67AE
:10EF0C0020256C750000000042454E43482070736C
:10EF1C0072616D5F706C61742062616E6B20257321
:10EF2C002076657269666965645F77726974655F7E
:10EF3C006D625F7320252E326620726561645F6D91
:10EF4C00625F7320252E3266206572726F72732099
:10EF5C002564000042454E43482063616368655F49
:10EF6C006C61796572206661696C65643A20257301
:10EF7C000000000042454E43482063616368655FB2
:10EF8C006C617965722062616E6B20257320706FE5
:10EF9C00736974696F6E7320256420777269746568
:10EFAC005F7320252E336620726561645F732025A4
:10EFBC002E3366206D735F7065725F706F7369744A
:10EFCC00696F6E5F7265616420252E336620726FE7
:10EFDC0077735F72657265616420256C7520626160
:10EFEC006E6B5F737769746368657320256C75004D
:10EFFC0042454E434820656E642074656D705F63B6
:10F00C0020252E31660000003A3A73746174730047
:10F01C0053544154532070735F6669785F72202596
:10F02C006C752070735F6669785F7720256C75202E
:10F03C0070735F62616420256C752074656D705F00
:10F04C006320252E31662067656E202564206D6156
:10F05C00785F73657120256420757074696D655FC8
:10F06C007320256C75000000535441545320626189
:10F07C006E6B2025642025732025732077726974AC
:10F08C006520256420726561642025642062757298
:10F09C00737420256420726174655F6D625F7320E8
:10F0AC00252E3266000000003A3A686F6C6400004E
:10F0BC00484F4C442077616974696E6720666F72A3
:10F0CC002070726F6D707473000000003A3A7072A9
:10F0DC006566696C6C00000050524546494C4C20EA
:10F0EC002564000053544F505045442028776173D9
:10F0FC002069646C652900003A3A7364696F0000FA
:10F10C005344494F206661696C6564003A3A6F76E6
:10F11C0065726C61700000004F5645524C41502096
:10F12C002564202863617264202573290000000087
:10F13C003A3A616C69676E00414C49474E20256430
:10F14C002028636172642025732900003A3A7364A5
:10F15C007377656570000000535745455020626514
:10F16C0067696E2074656D705F6320252E316600B3
:10F17C00535745455020656E643A204649464F200A
:10F18C0072657374617274206661696C65640000E9
:10F19C00535745455020656E643A204649464F20EA
:10F1AC0072656164206661696C65640053574545FE
:10F1BC0050206669666F206D625F7320252E326663
:10F1CC002073756D202530386C782530386C7800BC
:10F1DC00535745455020656E643A20444D4120728A
:10F1EC00657374617274206661696C6564000000FB
:10F1FC00444D4120617320536446617420736574DF
:10F20C007320697400000000535745455020646D0D
:10F21C006120776D6C2025752062727374202575C2
:10F22C0020626C656E202575206D625F7320252E23
:10F23C00326620646174612025730000524541449C
:10F24C002D4641494C454400535745455020726565
:10F25C007374617274696E6720746865206361727F
:10F26C00642061667465722061206661696C6564F6
:10F27C00207265616400000053574545502062655B
:10F28C00737420776D6C2025752062727374202541
:10F29C007520626C656E202575206D625F7320256C
:10F2AC002E326620286B65707420666F7220444D78
:10F2BC0041290000535745455020626573742069FD
:10F2CC00732053644661742773206F776E207365C7
:10F2DC007474696E672C206D625F7320252E326604
:10F2EC0000000000535745455020656E642074653E
:10F2FC006D705F6320252E31660000003A3A73640E
:10F30C00636C6B7377656570000000003A3A736448
:10F31C0061646D610000000041444D4120626567ED
:10F32C00696E2074656D705F6320252E3166000058
:10F33C0041444D4120656E643A20746865206D6FC0
:10F34C0064656C2066696C65206973206E6F74202F
:10F35C00636F6E746967756F75732C206E6F207395
:10F36C006563746F722061726974686D657469632A
:10F37C000000000041444D4120656E643A2046492E
:10F38C00464F2072657374617274206661696C6596
:10F39C006400000041444D4120656E643A204649AA
:10F3AC00464F2072656164206661696C656400007B
:10F3BC0041444D41206669666F206D625F73202564
:10F3CC002E32660041444D4120656E643A20444D16
:10F3DC00412072657374617274206661696C656436
:10F3EC000000000041444D412073646D6120726542
:10F3FC0061645F73697A65203635353336206D620A
:10F40C005F7320252E3266206461746120257300A1
:10F41C0041444D412061646D613220726561645FCD
:10F42C0073697A6520256C75206465736320256C7F
:10F43C0075204641494C45443B207265737461729A
:10F44C0074696E67207468652063617264000000E3
:10F45C0041444D412061646D613220726561645F8D
:10F46C0073697A6520256C75206465736320256C3F
:10F47C0075206D625F7320252E3266206461746185
:10F48C002025732061646D615F6572722030782570
:10F49C0030386C580000000041444D412061646DCF
:10F4AC00613220776D6C2025752062727374202573
:10F4BC007520626C656E202575204641494C45448B
:10F4CC000000000041444D412061646D61322072A6
:10F4DC006561645F73697A6520363535333620771C
:10F4EC006D6C202575206272737420257520626CFA
:10F4FC00656E202575206D625F7320252E32662087
:10F50C00646174612025730041444D4120656E6433
:10F51C002074656D705F6320252E3166000000003D
:10F52C003A3A61646D616D696E00000041444D4171
:10F53C004D494E2025642573000000003A3A73644F
:10F54C0070617468000000005344504154482025F9
:10F55C00732573003A3A7364636C6B005344434CE9
:10F56C004B206661696C6564000000005344434C99
:10F57C004B206B687A20256C75206469766964650C
:10F58C007220256C750000003A3A736472656773DB
:10F59C000000000053445245475320636667202502
:10F5AC006420776D6C20257520627273742025752C
:10F5BC0020626C656E202575000000003A3A736479
:10F5CC00636667005344434647206661696C656413
:10F5DC0000000000534443464720257320776D6C90
:10F5EC00202575206272737420257520626C656EFF
:10F5FC00202575003A3A736C69636500534C494396
:10F60C004520256C75207573206F6620726F77739B
:10F61C0020706572207969656C64257300000000A8
:10F62C003A3A73686172650053484152452025642B
:10F63C00000000003A3A6D756C7469004D554C54DD
:10F64C00492025640000000020206D756C74692031
:10F65C0070726F6D707420256420646964206E6F05
:10F66C0074206669743B203A3A6D756C746920633A
:10F67C00616E63656C6C65640000000020206D7524
:10F68C006C74692070726F6D70742025643A20223E
:10F69C00257322202028256420746F6B656E7329D6
:10F6AC00000000005325642070726F6D7074206927
:10F6BC0064733A00202063686970202573202862E7
:10F6CC00616E6B20256429206661696C65643A2043
:10F6DC00726574697265643B20697473206C61791E
:10F6EC0065727320617265206E6F77206F6E206F6C
:10F6FC00746865722063686970733B2072652D7243
:10F70C00756E6E696E6720616C6C2025642070725A
:10F71C006F6D7074732066726F6D20706F73697487
:10F72C00696F6E20300000004641554C54206261D8
:10F73C006E6B3D256420636869703D257300000085
:10F74C00535745455020646D612073646661742085
:10F75C00776D6C20256C75206272737420256C7526
:10F76C0020626C656E20256C75206D625F732025A0
:10F77C002E32662064617461202573006275696C99
:10F78C00742066726F6D20746865206D6F64656C93
:10F79C00206A757374206E6F770000006368656370
:10F7AC006B656420616761696E7374207468652091
:10F7BC006D6F64656C20616E642072657573656431
:10F7CC0000000000616E79206F6E652063686970BF
:10F7DC002063616E206661696C0000006E6F74209E
:10F7EC00612077686F6C6520636869702773207778
:10F7FC006F727468000000000A3D3D3D3D3D3D3D8B
:10F80C003D3D3D3D3D3D3D3D3D3D3D3D3D3D3D3D1C
:10F81C003D3D3D3D3D3D3D3D3D3D3D3D3D3D3D3D0C
:10F82C003D3D3D3D3D3D3D3D3D3D3D3D3D3D3D3DFC
:10F83C003D3D3D3D3D3D3D3D3D3D3D3D3D3D3D3DEC
:10F84C003D0000002020707372616D5F6C6C6D2048
:10F85C007639202D2D20612033422D706172616D1F
:10F86C0065746572206C616E6775616765206D6F7C
:10F87C0064656C206F6E2061205465656E73792011
:10F88C00342E31002020746865206D6F64656C3AED
:10F89C0020616C6C206F66206974206F6E20746818
:10F8AC0065206D6963726F53442C207374726561AB
:10F8BC006D656420657665727920746F6B656E007A
:10F8CC002020505352414D3A20202020207468654E
:10F8DC0020617474656E74696F6E20636163686512
:10F8EC00202D2D20746865206D6F64656C27732046
:10F8FC00776F726B696E67206D656D6F72792C20F6
:10F90C006E6F7468696E67206F6620746865206D11
:10F91C006F64656C00000000202063707520256CFE
:10F92C0075204D487A2C20252E316620430000008E
:10F93C003D3D3D3D3D3D3D3D3D3D3D3D3D3D3D3DEB
:10F94C003D3D3D3D3D3D3D3D3D3D3D3D3D3D3D3DDB
:10F95C003D3D3D3D3D3D3D3D3D3D3D3D3D3D3D3DCB
:10F96C003D3D3D3D3D3D3D3D3D3D3D3D3D3D3D3DBB
:10F97C003D3D3D3D3D3D3D3D000000000A202050F9
:10F98C005352414D20646973636F766572793A20E6
:10F99C0061736B696E6720616C6C2074656E20738B
:10F9AC00656C6563747320666F7220616E20696488
:10F9BC00656E74697479000074686520636F726594
:10F9CC00206172656E6120697320736D616C6C656A
:10F9DC0072207468616E20746865206361726420A3
:10F9EC0074657374206E6565647300006162736581
:10F9FC006E74200020202020252D347320257320A8
:10FA0C0020696420253032582025303258000000FF
:10FA1C0050524553454E540020202564206368699C
:10FA2C00707320616E737765726564000A202071B3
:10FA3C0075616C696679696E6720656163683A20E7
:10FA4C00717561642066697273742C207468656EBC
:10FA5C002073696E676C652D6269742C20636F6E00
:10FA6C006669726D6564206F766572202575206BF2
:10FA7C004220666F75722074696D6573000000001A
:10FA8C002020202020202020256C752077726F6E7E
:10FA9C0067206F766572202575206B42206174207B
:10FAAC007772697465202564207265616420256411
:10FABC0020627572737420256400000020202020C1
:10FACC002020252D347320252D313173206564675A
:10FADC0065207772697465202532642072656164D3
:10FAEC00202532642C2072756E6E696E67206174ED
:10FAFC0020777269746520253264207265616420F8
:10FB0C00253264206275727374202532642073650B
:10FB1C0074757020253264202D3E2025352E3266DA
:10FB2C00204D422F73000000202020202020252D66
:10FB3C003473206E6F2025732073657474696E673F
:10FB4C00207375727669766573202575206B42007B
:10FB5C0020202020202025733A20256C75207772D8
:10FB6C006F6E67206F6E2073746162696C69747953
:10FB7C0020706173732025643B206C656176696E1F
:10FB8C0067206974206F757400000000202020200D
:10FB9C00202025733A206E6F7420757361626C653A
:10FBAC00000000000A202070726F76696E67206575
:10FBBC007665727920627974653A2066696C6C207E
:10FBCC00616C6C2025642062616E6B732028256447
:10FBDC00204D422920776974682062616E6B2D7408
:10FBEC00616767656420646174612C207468656E5C
:10FBFC00207265616420616C6C206261636B000033
:10FC0C0020202020252D34732066696C6C656420BF
:10FC1C0038204D4220696E20252E3166207300005D
:10FC2C002020505352414D20696E207573653A2047
:10FC3C0025642062616E6B732C20256C75206279B3
:10FC4C00746573006665776572207468616E2074E4
:10FC5C00776F20505352414D2062616E6B73207050
:10FC6C0061737365643B206275696C64696E6720AF
:10FC7C0074686520746F6B656E697A657227732082
:10FC8C00636172642066696C65206E6565647320BF
:10FC9C00382E33204D42206F66207363726174637B
:10FCAC00680000000A202053442063617264000045
:10FCBC00202020205344207570206F6E20617474B6
:10FCCC00656D707420256420282573292C20636CA5
:10FCDC006F636B20256C75206B487A006174206211
:10FCEC006F6F740020202020534420626567696E7A
:10FCFC0020617474656D7074202564202825732927
:10FD0C00206661696C65643A2053644661742065B1
:10FD1C0072726F72203078253032582064617461B1
:10FD2C002030782530386C5800000000746865204D
:10FD3C005344206361726420776F756C64206E6F1E
:10FD4C007420696E697469616C6973653B20706FAE
:10FD5C007765722D6379636C6520746865205465D2
:10FD6C00656E73792028756E706C756720555342DB
:10FD7C0020666F7220322073290000007177656E47
:10FD8C0033622E67677566206E6F7420666F756EB2
:10FD9C0064206F6E207468652063617264000000DB
:10FDAC0053442072656164206661696C65642064EB
:10FDBC007572696E67207468652072617465207451
:10FDCC00657374002020202073657175656E7469ED
:10FDDC00616C20726561643A203332204D42206997
:10FDEC006E20252E32662073203D20252E32662073
:10FDFC004D422F73000000000A20206F70656E6961
:10FE0C006E6720746865206D6F64656C3A20616C58
:10FE1C006C206F66206974207374617973206F6E27
:10FE2C002074686520636172643B2074686520509F
:10FE3C005352414D2067657473207468652061745A
:10FE4C0074656E74696F6E20636163686520616EA2
:10FE5C0064206E6F7468696E6720656C7365000052
:10FE6C0020202020252E316620733B2050535241F8
:10FE7C004D2073656C662D636865636B3A20256C49
:10FE8C007520726561647320636F7272656374654B
:10FE9C00642C20256C7520777269746573207265EB
:10FEAC002D646F6E652C20256C7520756E726573D4
:10FEBC006F6C766564000000202020202564206C87
:10FECC0061796572732C2064696D2025642C20681F
:10FEDC00696464656E2025642C2025642068656146
:10FEEC00647320282564206B76292C206865616456
:10FEFC005F64696D2025642C20766F636162756C7C
:10FF0C006172792025642C20256C75206D657267D3
:10FF1C006573000020202020252E30662070617231
:10FF2C00616D657465727320696E207468652066F6
:10FF3C00696C650020202020726561642066726FF8
:10FF4C006D20746865206361726420706572207422
:10FF5C006F6B656E3A20256C6C75206279746573D5
:10FF6C000000000020202020746865206D6F6465FF
:10FF7C006C207374617973206F6E207468652063D4
:10FF8C006172643A20776569676874732C206E6FB0
:10FF9C00726D7320616E6420626961736573207287
:10FFAC006561642066726F6D207177656E33622EA9
:10FFBC006767756620657665727920706173733B2F
:10FFCC002074686520746F6B656E697A657227732F
:10FFDC00207461626C657320696E207177656E3375
:10FFEC00622E746F6B2028256C7520627974657392
:04FFFC002C2025731D
:02000004600397
:100000002900000020202020505352414D3A202545
:10001000642063686970732C20746865206174744F
:10002000656E74696F6E206361636865206F6E2012
:100030002564206F66207468656D2C206F6E6520C6
:100040006C617965722070657220726567696F6E88
:100050002028256C75206279746573292C2025640D
:1000600020706F736974696F6E733B202564206C18
:100070006179657220736C6F74732C202564207312
:10008000706172652028257329202D2D206E6F74D4
:1000900068696E67206F6620746865206D6F64659F
:1000A0006C000000202020206C61796572202D3EBC
:1000B00020636869703A202573000000257325735A
:1000C000000000000A202052454144592E20547956
:1000D000706520612070726F6D707420616E642095
:1000E000707265737320456E7465722077697468E9
:1000F000696E20333020732C206F72207468652065
:1001000064656661756C742072756E730000000022
:10011000546865206361706974616C206F66204665
:1001200072616E636520697300000000202020204A
:10013000252D347320252D313173207265616420A3
:100140006261636B2038204D4220696E20252E317C
:100150006620732028252E3266204D422F73293ABF
:1001600020256C752077726F6E6725730000000084
:1001700020202D3E2044524F5050454400000000A6
:1001800043533000435331005930000059310000CF
:10019000593200005933000059340000593500002D
:1001A0005936000059370000717561640000000085
:1001B00073696E676C6520307830330073696E67E1
:1001C0006C652030783042002020202025733A20B2
:1001D000252E316620733A20534420252E31662087
:1001E0004D4220696E20252E316620732028252E51
:1001F0003266204D422F73292C20505352414D20FE
:10020000252E3066204B42207265616420252E31F8
:1002100066204B42207772697474656E20696E2087
:10022000252E326620732C20636F6D7075746520E7
:10023000252E316620733B20505352414D2073656B
:100240006C662D636865636B20736F206661723A1C
:1002500020256C7520726F77732072652D72656131
:10026000642C20256C752077726974657320726523
:100270002D646F6E652C20256C7520756E7265730C
:100280006F6C7665643B20636869702073656C658C
:100290006374732074686973207061737320256CB4
:1002A000752028252E3366207329000053544147BA
:1002B000455320257320656D6265643D252E3366A8
:1002C00020716B763D252E3266206174743D252E9B
:1002D000336620776F3D252E32662066666E3D259B
:1002E0002E326620686561643D252E32662068697D
:1002F0006464656E3D252E32662074656D705F63A3
:100300003D252E31660000002020202063617264AC
:100310002072656164206661696C65642061742087
:10032000256C75206B487A3A206261636B20746F8C
:10033000205364466174277320636C6F636B2C20B9
:1003400063617264207265737461727465642C20D9
:100350007265616420616761696E00002020202061
:1003600041444D41322072656164206661696C656B
:100370006420617420256C6C7520282B256C7529F0
:100380003A205364466174206572726F722030782F
:1003900025303258000000005344494F2025730097
:1003A00053445041544820257300000066696C6531
:1003B0000000000041444D41322077697468207488
:1003C00068652061726974686D6574696320756E13
:1003D00064657220746865207265616400000000C5
:1003E0002020636172643A20256420706F73697401
:1003F000696F6E257320696E20746869732070615F
:100400007373202D3E202573000000004649464F9F
:100410000000000020206D756C74693A202573007F
:1004200052554E206572726F723D6D756C74690025
:100430000A2020616E73776572696E6720256420DB
:1004400070726F6D70747320746F67657468657215
:100450002C20256420746F6B656E73206561636862
:1004600000000000202053256420636F70696573CD
:100470002069747320666972737420256420706F1C
:10048000736974696F6E732066726F6D2053256493
:1004900020287468652073616D65206F70656E69D2
:1004A0006E6720746F6B656E732900006D756C74D8
:1004B0006920706173733D256420736C6F74733DA4
:1004C00025640000202053544F505045442061744F
:1004D0002070617373202564206279203A3A737426
:1004E0006F702C206265747765656E2074776F205D
:1004F00063617264207265616473000052554E201E
:100500006572726F723D73746F7070656420706194
:1005100073733D256400000020206D756C746920A4
:1005200070617373202564206661696C65643A208C
:100530002573000052554E206572726F723D6D75C5
:100540006C746920706173733D2564002020414EF6
:1005500053574552205325643A2022257322000028
:10056000202025642070726F6D7074732C202564B8
:1005700020706173736573206F766572207468658F
:10058000207765696768747320666F722025642020
:10059000706F736974696F6E7320696E20252E30D9
:1005A0006620732C20252E31662073207065722002
:1005B000706173733B206F6E6520617420612074DD
:1005C000696D65207468657920776F756C64207437
:1005D000616B652025642070617373657300000092
:1005E00052554E206D756C74693D2564206E5F67B1
:1005F000656E3D2564207061737365733D256420CD
:10060000706F736974696F6E733D256420736861E0
:100610007265643D256420736F6C6F5F70617373E6
:1006200065733D256420746F74616C5F733D252E86
:100630003166207065725F706173735F733D252E44
:1006400032662073645F67623D252E3366207364D3
:100650005F6D62733D252E32662073645F733D25A6
:100660002E316620636F6D707574655F733D252E46
:1006700031662068696464656E5F733D252E31665E
:100680002070735F733D252E31662070735F66693D
:10069000785F723D256C752070735F6669785F774F
:1006A0003D256C752070735F6261643D256C75201B
:1006B00070735F73773D256C752070735F73775F20
:1006C000733D252E32662074656D705F6D61785FB5
:1006D000633D252E316600002020444F4E452E20DC
:1006E0005479706520616E6F746865722070726FE6
:1006F0006D707420616E6420707265737320456E36
:100700007465722E00000000626174636865642085
:100710007468726F75676820746C5F707265666963
:100720006C6C00006F6E6520746F6B656E20706579
:100730007220706173730000202070726F6D70748E
:1007400020646964206E6F7420656E636F64650059
:1007500052554E206572726F723D656E636F6465AF
:1007600000000000202070726F6D707420746F6F35
:10077000206C6F6E6720666F722074686520256438
:100780002D706F736974696F6E20636163686500B3
:1007900052554E206572726F723D746F6F5F6C6F51
:1007A0006E6700000A202070726F6D70743A20220C
:1007B000257322202028256420746F6B656E732CAE
:1007C0002067656E65726174696E672025642C20F0
:1007D00070726F6D707420257329000020205354AF
:1007E0004F5050454420696E207468652070726FC8
:1007F0006D7074206279203A3A73746F702C2062A5
:1008000065747765656E2074776F2063617264200C
:10081000726561647300000052554E206572726FFC
:10082000723D73746F7070656420737465703D25DC
:1008300064000000202070726566696C6C2066613F
:10084000696C656420617420706F736974696F6E80
:10085000732025642E2E25643A20257300000000A5
:1008600052554E206572726F723D70726566696C8A
:100870006C20737465703D256400000070726566BD
:10088000696C6C3D25642E2E256400000A202041F1
:100890004E535745523A20222573220020205354AC
:1008A0004F50504544206174207374657020256456
:1008B000206279203A3A73746F702C2062657477E5
:1008C00065656E2074776F20636172642072656164
:1008D000647300002020666F727761726420666125
:1008E000696C656420617420737465702025643AB6
:1008F0002025730052554E206572726F723D666FEF
:10090000727761726420737465703D256400000025
:10091000737465703D256400202025642070617328
:10092000736573206F7665722074686520776569DA
:100930006768747320696E20252E30662073202826
:1009400070726F6D707420252E30662073292C20F4
:10095000252E3166207320656163683B20252E3289
:100960006620474220726561642066726F6D207454
:1009700068652063617264002020505352414D200D
:1009800073656C662D636865636B206F7665722096
:100990007468652077686F6C652072756E3A2025E3
:1009A0006C7520726F77732072652D726561642C8F
:1009B00020256C75207772697465732072652D64CB
:1009C0006F6E652C20256C7520756E7265736F6C6B
:1009D0007665640052554E206E5F70726F6D707454
:1009E0003D2564206E5F67656E3D256420707265ED
:1009F00066696C6C3D2564207061737365733D2579
:100A00006420746F74616C5F733D252E31662070B5
:100A1000726F6D70745F733D252E31662070657244
:100A20005F706173735F733D252E32662073645F60
:100A300067623D252E33662073645F6D62733D25CA
:100A40002E32662073645F733D252E316620636FFE
:100A50006D707574655F733D252E3166206869641D
:100A600064656E5F733D252E31662070735F733D44
:100A7000252E31662070735F6669785F723D256C44
:100A8000752070735F6669785F773D256C7520709F
:100A9000735F6261643D256C752070735F73773D91
:100AA000256C752070735F73775F733D252E3266FA
:100AB0002074656D705F6D61785F633D252E3166D2
:100AC0000000000052554E206572726F723D6661E3
:100AD000696C65640000000020206368697020254F
:100AE00073202862616E6B20256429206661696C21
:100AF000656420616E642063616E6E6F7420626550
:100B0000207265706C616365643A20257300000093
:100B100052554E206572726F723D62616E6B5F66F8
:100B200061756C742062616E6B3D2564000000008D
:100B3000202063686970202573202862616E6B2015
:100B4000256429206661696C65643A207265746960
:100B50007265643B20697473206C617965727320DF
:100B6000617265206E6F77206F6E206F746865729A
:100B70002063686970733B2072652D72756E6E69B3
:100B80006E67207468652070726F6D707420667275
:100B90006F6D20706F736974696F6E203000000094
:100BA0004641554C542062616E6B3D25642063685C
:100BB00069703D25732073746570735F7072696E20
:100BC0007465643D25640000202061207365636FB7
:100BD0006E642063686970206661696C65643A20A0
:100BE0002573000052554E206572726F723D62612E
:100BF0006E6B5F6661756C745F616761696E000042
:100C000077726974652072652D646F6E65000000EF
:100C100020202020505352414D2073656C662D6377
:100C20006865636B3A202573206F6E2062616E6B7E
:100C3000202564202825732920617420256C7520C7
:100C4000282B256C75292C20256C752062797465FC
:100C50002873292064696666657265640000000077
:100C60007772697465206E6576657220726561645D
:100C7000206261636B207269676874007468652024
:100C8000746F6B656E697A65722773207461626C2C
:100C90006573206E65656420256C75206D6F7265C7
:100CA00020627974657320617420256C753B206225
:100CB000616E6B2025642068617320256C75202887
:100CC0006F6E652062616E6B206D75737420686F46
:100CD0006C64207468656D207768696C6520746841
:100CE000657920617265206275696C742900000065
:100CF00074656E736F72207479706520256C752031
:100D0000756E737570706F7274656400256C7520F4
:100D1000636F6C756D6E73206E6F742061206D75DE
:100D20006C7469706C65206F6620626C6F636B0019
:100D30006C6179657220256420686173206E6F2074
:100D4000257300006C61796572202564202573206D
:100D5000697320256C7578256C752C206578706515
:100D60006374656420256C7578256C75000000003F
:100D70006C61796572202564202573207479706513
:100D800020256C7520686173206E6F206675736511
:100D900064206B65726E656C00000000726F7720D6
:100DA0006F6620256C75206279746573206F766597
:100DB0007220544C5F524F5742554600746F6B651A
:100DC0006E697A65722073746F72652072656164F2
:100DD000206661696C656420617420256C75000073
:100DE00053442072656164206661696C65642061AA
:100DF0007420256C6C7520282B256C75290000004B
:100E00006D6F64656C2066696C65207472756E63C5
:100E10006174656420617420256C6C7500000000AD
:100E200064657175616E74206F6620736D616C6CA2
:100E30002074656E736F7200736B697020706173DC
:100E40007420656E64206F662066696C6500000022
:100E5000736D616C6C2074656E736F72206F6620A9
:100E6000256C7520656C656D656E74732C206578D6
:100E700070656374656420256C750000736D616C2A
:100E80006C2074656E736F72207479706520256CA8
:100E900075000000736D616C6C2074656E736F7209
:100EA000206F76657220544C5F524F574255460072
:100EB000726F77207769646572207468616E207440
:100EC000686520726F772062756666657200000043
:100ED000505352414D2072656164206F757473697F
:100EE00064652062616E6B2025643A20256C752B49
:100EF000256C7500505352414D2062616E6B202568
:100F0000642072656164206661696C656420617447
:100F100020256C7520282B256C752900746F6B6556
:100F20006E697A65722073746F7265207265616490
:100F3000206661696C656420617420256C752028C9
:100F40002B256C7529000000505352414D207772BB
:100F5000697465206F7574736964652062616E6B76
:100F60002025643A20256C752B256C750000000047
:100F7000505352414D2062616E6B20256420777280
:100F8000697465206661696C656420617420256CF4
:100F90007520282B256C7529000000007374726978
:100FA0006E67206172726179206F6620256C6C75A6
:100FB00020656E74726965730000000062616420D0
:100FC000737472696E6720256C6C7500746F6B6545
:100FD0006E697A657220737472696E6720256C6C15
:100FE0007520697320256C6C752062797465732097
:100FF000286C696D697420256429000050535241A2
:101000004D2066756C6C207768696C652073746F11
:1010100072696E6720737472696E677300000000F6
:1010200073746F72656420737472696E6720256CC7
:101030007520746F6F206C6F6E67000076616C7541
:10104000657300006B6579730000000050535241D6
:101050004D2062616E6B2025643A20726F772025E7
:1010600064206F66206C61796572202564206E654E
:101070007665722072656164206261636B207269BB
:101080006768740020202020636163686520726FA8
:10109000772072652D726561643A2062616E6B2003
:1010A00025642C206C617965722025642C20706F7A
:1010B000736974696F6E20256420282573292C209C
:1010C0007269676874206166746572202564206D9A
:1010D0006F72652072656164287329007374726988
:1010E0006E6720256C7520746F6F206C6F6E6700C3
:1010F0006E6F20505352414D2062616E6B207175AE
:10110000616C696669656400544C544F4B30310022
:101110006E6F74206120474755462066696C6500F4
:101120007472756E6361746564206865616465726C
:1011300000000000696D706C61757369626C6520F8
:10114000636F756E74730000626164206B65792053
:10115000617420656E74727920256C6C75000000D6
:101160006261642076616C756520666F72202573FC
:10117000000000006261642061727261792068651C
:101180006164657220666F7220257300746F6B65F1
:101190006E697A65722E67676D6C2E746F6B656E03
:1011A00073000000746F6B656E697A65722E6767F5
:1011B0006D6C2E6D6572676573000000746F6B65F2
:1011C0006E697A65722E67676D6C2E746F6B656ED3
:1011D0005F747970650000006172726179206F66DA
:1011E000207479706520256C7520696E2025730048
:1011F0006E6F20746F6B656E697A65722E67676DAE
:101200006C2E746F6B656E73000000006261642069
:1012100074656E736F7220256C6C7500626164205A
:1012200074656E736F722025730000006261642024
:1012300064657363726970746F7220666F722025C3
:1012400073000000746F6B656E5F656D62642E776E
:1012500065696768740000006F75747075745F6EFF
:101260006F726D2E77656967687400006F757470B2
:1012700075742E776569676874000000626C6B2E68
:10128000000000006C61796572202564206F76652E
:101290007220544C5F4D41585F4C415945525300A8
:1012A000756E737570706F727465642074656E739B
:1012B0006F7220257300000067656E6572616C2E89
:1012C000616C69676E6D656E740000006E6F2067FB
:1012D000656E6572616C2E617263686974656374B2
:1012E0007572650067656E6572616C2E6172636808
:1012F0006974656374757265000000007177656ECE
:1013000032000000617263686974656374757265A8
:101310002025733A20746869732072756E74696D44
:101320006520696D706C656D656E7473207177658D
:101330006E32000025732E2573000000626C6F630F
:101340006B5F636F756E7400656D62656464696E72
:10135000675F6C656E6774680000000066656564B1
:101360005F666F72776172645F6C656E6774680048
:10137000617474656E74696F6E2E686561645F6315
:101380006F756E7400000000617474656E74696F2F
:101390006E2E686561645F636F756E745F6B760057
:1013A000617474656E74696F6E2E6C617965725FBD
:1013B0006E6F726D5F726D735F657073696C6F6E67
:1013C00000000000726F70652E667265715F626169
:1013D00073650000696E636F6D706C657465206184
:1013E0007263686974656374757265206D65746194
:1013F0006461746100000000617474656E74696FEB
:101400006E2E6B65795F6C656E6774680000000016
:101410006578706572745F636F756E7400000000AC
:101420006D6978747572652D6F662D65787065725B
:101430007473206973206E6F7420696D706C656DB4
:10144000656E746564206865726500006D6F646523
:101450006C207368617065206F76657220746869AE
:1014600073206275696C642773206C696D6974738D
:1014700020286C61796572732025642064696D2071
:1014800025642068696464656E2025642068656150
:101490006473202564206B762025642900000000F9
:1014A0006E6F20746F6B656E5F656D62642E77651D
:1014B0006967687400000000746F6B656E697A6517
:1014C000722E67676D6C2E626F735F746F6B656EE3
:1014D0005F696400746F6B656E697A65722E676709
:1014E0006D6C2E656F735F746F6B656E5F69640002
:1014F000746F6B656E697A65722E67676D6C2E709E
:10150000726500006E6F206F75747075745F6E6F1A
:10151000726D2E7765696768740000006174746E7F
:101520005F7100006174746E5F6B00006174746EB3
:101530005F7600006174746E5F6F7574707574000F
:1015400066666E5F676174650000000066666E5FC8
:101550007570000066666E5F646F776E0000000055
:101560006C6179657220256420686173206E6F203C
:101570006E6F726D730000006F7574707574206803
:1015800065616420697320256C7520776964650046
:1015900068656164207479706520256C75000000B1
:1015A000636F756C64206E6F74206372656174651F
:1015B0002074686520746F6B656E697A657220733C
:1015C000746F7265206F6E20746865206361726449
:1015D0002028256C7520627974657329000000004D
:1015E000746F6B656E697A65722073746F726520B3
:1015F0007772697465206661696C65642061742026
:10160000256C7500746F6B656E697A6572207374F2
:101610006F726520686561646572207772697465B0
:10162000206661696C65640074686520746F6B6521
:101630006E697A65722073746F72652064696420C4
:101640006E6F742072656164206261636B206672E4
:101650006F6D207468652063617264206173207708
:1016600072697474656E0000256420505352414DB8
:101670002062616E6B7320646F206E6F7420686FE0
:101680006C64202564206C6179657273206F66201C
:10169000636163686520617420313620706F7369FF
:1016A00074696F6E730000006E6F2073756368203D
:1016B00062616E6B2025640062616E6B2025642080
:1016C000616C726561647920726574697265640029
:1016D00062616E6B2025642068656C64202564203F
:1016E0006C61796572733B206F6E6C792025642084
:1016F000737061726520736C6F7473206F6E2074E9
:101700006865206C6976652062616E6B730000000D
:101710006D6F64656C206E6F74206F70656E000075
:10172000706F736974696F6E202564206F757473B0
:1017300069646520302E2E2564000000746F6B658F
:101740006E202564206F7574736964652074686504
:1017500020766F636162756C61727900656D626598
:101760006464696E67207479706520256C7500006B
:1017700070617373206F6620256420706F736974C5
:10178000696F6E732028312E2E2564290000000019
:10179000736C6F742025643A20706F736974696F7D
:1017A0006E20256420617420636163686520726F18
:1017B00077202564206F75747369646520302E2E40
:1017C000256400007368617065206E6F742062612B
:1017D00074636861626C6500313620676174652FDF
:1017E000757020726F777320646F206E6F7420663F
:1017F0006974206120726F77206275666665722059
:1018000068616C6620616C69676E65640000000049
:1018100070726566696C6C206F6620256420706F3D
:10182000736974696F6E732028312E2E2564290028
:1018300025642073657175656E6365732028312E8C
:101840002E2564290000000073657175656E63655F
:101850002025643A20656D707479000074686520F5
:1018600073657175656E636573206E6565642025AB
:101870006420636163686520726F77732C207468DD
:101880006572652061726520256400006576657269
:101890007920756E66696E69736865642073657119
:1018A00075656E636520776169747320666F722059
:1018B0006120646F6E6F72006174746E5F712E7759
:1018C00065696768740000006174746E5F6B2E77E1
:1018D00065696768740000006174746E5F762E77C6
:1018E00065696768740000006174746E5F6F757479
:1018F0007075742E776569676874000066666E5F40
:10190000676174652E7765696768740066666E5FE7
:1019100075702E77656967687400000066666E5F93
:10192000646F776E2E776569676874006174746E92
:101930005F6E6F726D2E77656967687400000000D6
:1019400066666E5F6E6F726D2E776569676874008C
:101950006174746E5F712E62696173006174746E7C
:101960005F6B2E62696173006174746E5F762E62C4
:1019700069617300277300002774000027726500F7
:1019800027766500276D0000276C6C002764000037
:1019900045584641540000002E0000004C435F4370
:1019A0004F4C4C41544500004C435F435459504503
:1019B000000000004C435F4D4F4E455441525900CA
:1019C0004C435F4E554D4552494300004C435F54D4
:1019D000494D45004C435F4D4553534147455300E6
:1019E00042616C6C6F6320737563636565646564E5
:1019F000000000002F646174612F6A656E6B696E70
:101A0000732F776F726B73706163652F474E552D1F
:101A1000746F6F6C636861696E2F61726D2D313503
:101A20002D352F7372632F6E65776C69622D637924
:101A30006777696E2F6E65776C69622F6C69626378
:101A40002F7374646C69622F6D707265632E63000E
:101A5000494E4600696E66004E414E006E616E0052
:101A60003031323334353637383961626364656614
:101A700000000000303132333435363738394142D6
:101A80004344454600000000286E756C6C29000038
:101A90002C2066756E6374696F6E3A20000000003A
:101AA000617373657274696F6E20222573222066DC
:101AB00061696C65643A2066696C65202225732231
:101AC0002C206C696E65202564257325730A00003F
:101AD000496E66696E697479000000004E614E00BF
:101AE0002F646174612F6A656E6B696E732F776FF7
:101AF000726B73706163652F474E552D746F6F6CF9
:101B0000636861696E2F61726D2D31352D352F73CC
:101B100072632F6E65776C69622D63796777696E82
:101B20002F6E65776C69622F6C6962632F737464C2
:101B30006C69622F64746F612E6300000000000006
:101B4000000000005D45000049450000051B000045
:101B5000114000003D4000001546000025400000F7
:101B60000000000000000000C9AA0100D5AA010081
:101B7000CDAA010071AB0100F9B0010029B001004C
:101B800085B0010021AF0100E1AC010031B50100D9
:101B9000F9A901005DAA0100C9B10100E5A9010090
:101BA000E9A90100F1A90100F5A90100F9AC0100C2
:101BB000D1B201004DB3010039AE0100DDA9010031
:101BC000EDA9010031B401005DB10100E9AA0100F5
:101BD000000000000000000091CD0100C9E00100FC
:101BE000C5E00100C1E00100BDE00100B9E0010075
:101BF000B5E00100B1E001000000000000000000BD
:101C00005D45000049450000051B00001140000033
:101C10003D40000015460000254000000000000087
:101C200000000000F5B60100F9B6010061B5010041
:101C3000F1BA01002DC6010059BE010001A2010048
:101C400029B7010011C6010015C70100E1BE01005E
:101C500099A1010065C0010085B6010091B601009F
:101C600055B5010059B501005DB501009DB60100F3
:101C7000C1B60100E5B6010071BB01000DB701005E
:101C800055B90100BDBB01007DBC01000010000082
:101C90000040000000000100001000000080000073
:101CA000004000000080000000FE000000FE000078
:101CB0000000010000800000000001000040000062
:101CC00000C0010000E0000000C001000070000042
:101CD0008010074010071010078008000000000067
:101CE000642500200100000068250020020000009B
:101CF0006C25002002010000702500200202000077
:101D00007425002002030000782500200204000052
:101D10007C2500200205000080250020020600002E
:101D20008425002002070000882500200010000004
:101D3000010307000408100010204080D8399D27B7
:101D40000054EA2A00A4781F007B9A170020202064
:101D5000202020202020282828282820202020205B
:101D6000202020202020202020202020208810102B
:101D70001010101010101010101010101004040487
:101D80000404040404040410101010101010414145
:101D90004141414101010101010101010101010133
:101DA0000101010101010101101010101010424247
:101DB0004242424202020202020202020202020203
:101DC00002020202020202021010101020000000A3
:101DD0000000000000000000000000000000000003
:101DE00000000000000000000000000000000000F3
:101DF00000000000000000000000000000000000E3
:101E000000000000000000000000000000000000D2
:101E100000000000000000000000000000000000C2
:101E200000000000000000000000000000000000B2
:101E300000000000000000000000000000000000A2
:101E40000000000000000000000000000000000092
:101E50002020202020202020202020202020202082
:101E60002020202020202020202020202020202072
:101E7000583D00205C3D0020603D0020643D002076
:101E8000683D00206C3D0020703D002000000042B5
:101E9000C8801F40B8821F400800000000000042B8
:101EA000C4801F40B4821F400400000000C00042F4
:101EB00024801F4014821F401000000000C0004218
:101EC00028801F4018821F402000000000C00042F0
:101ED0002C801F401C821F404000000000C00042B8
:101EE00034801F4024821F40000100000040004257
:101EF00064811F4054831F400004000000400042E2
:101F000080811F4070831F4000000200004000429B
:101F10007C811F406C831F40000001000040004294
:101F200068811F4058831F400008000000400042A5
:101F30003C811F402C831F400100000000400042F4
:101F400044811F4034831F400400000000400042D1
:101F500040811F4030831F400200000000400042CB
:101F600048811F4038831F400800000000000042E5
:101F700004811F40F4821F40000004000000004262
:101F800008811F40F8821F40000008000000004246
:101F900018811F4008831F4000008000000000429D
:101FA00014811F4004831F400000400000000042D5
:101FB00000811F40F0821F4000000200000000422C
:101FC000FC801F40EC821F40000001000000004226
:101FD00024811F4014831F400000000400000042C1
:101FE00028811F4018831F400000000800000042A5
:101FF0001C811F400C831F400000000100000042B4
:1020000020811F4010831F4000000002000000429A
:10201000EC801F40DC821F400010000000000042E6
:10202000F0801F40E0821F400020000000000042BE
:1020300034811F4024831F40000000400000004204
:1020400038811F4028831F4000000080008000422C
:1020500094801F4084821F400000040000C00042A2
:1020600090801F4080821F4000000080008000425E
:10207000A8801F4098821F4000008000008000421E
:10208000A4801F4094821F40000040000040004296
:102090006C811F405C831F400010000000C00042A4
:1020A00030801F4020821F4080000000004000421E
:1020B000B0811F40A0831F4000000020004000426C
:1020C000AC811F409C831F40000000100040004274
:1020D00084811F4074831F400000040000400042C0
:1020E00088811F4078831F400000080000000042E4
:1020F0002C811F401C831F40000000100000004284
:1021000030811F4020831F4000000020000000425B
:102110000C811F40FC821F400000100000000042A4
:1021200010811F4000831F400000200000800042FB
:10213000C8811F40B8831F4000800000008000421B
:10214000C4811F40B4831F40004000000080004253
:10215000C0811F40B0831F4000200000008000426B
:10216000BC811F40AC831F40001000000080004273
:10217000D0811F40C0831F40000002000080004249
:10218000CC811F40BC831F400000010000C0004202
:1021900074801F4064821F400000000100C00042A4
:1021A00080801F4070821F400000000800C0004275
:1021B00084801F4074821F400000001000C0004255
:1021C0006C801F405C821F400000400000C0004245
:1021D0007C801F406C821F400000000400C0004251
:1021E00078801F4068821F400000000200C000424B
:1021F00088801F4078821F400000002005000000FA
:10220000190000007D00000000010000544F002074
:102210001200000000060000D47100600A000000F7
:102220000002000070710060620000000007000002
:102230000C71006062000000EE030000984F002067
:1022400012000000000004EE704F00202800000083
:102250000003000008710060000000000103090491
:10226000F07000600000000002030904D8700060F4
:102270000000000003030904AC4F00200000000030
:10228000000000000000000000000000303030308E
:10229000303030303030303030303030303030303E
:1022A00030303030303030303030303000000000EE
:1022B0000000000090460020904600209846002034
:1022C00098460020A0460020A0460020A8460020F6
:1022D000A8460020B0460020B0460020B8460020A6
:1022E000B8460020C0460020C0460020C846002056
:1022F000C8460020D0460020D0460020D846002006
:10230000D8460020E0460020E0460020E8460020B5
:10231000E8460020F0460020F0460020F846002065
:10232000F846002000470020004700200847002012
:1023300008470020104700201047002018470020C1
:102340001847002020470020204700202847002071
:102350002847002030470020304700203847002021
:1023600038470020404700204047002048470020D1
:102370004847002050470020504700205847002081
:102380005847002060470020604700206847002031
:1023900068470020704700207047002078470020E1
:1023A0007847002080470020804700208847002091
:1023B0008847002090470020904700209847002041
:1023C00098470020A0470020A0470020A8470020F1
:1023D000A8470020B0470020B0470020B8470020A1
:1023E000B8470020C0470020C0470020C847002051
:1023F000C8470020D0470020D0470020D847002001
:10240000D8470020E0470020E0470020E8470020B0
:10241000E8470020F0470020F0470020F847002060
:10242000F84700200048002000480020084800200D
:1024300008480020104800201048002018480020BC
:10244000184800202048002020480020284800206C
:10245000284800203048002030480020384800201C
:1024600038480020404800204048002048480020CC
:10247000484800205048002050480020584800207C
:10248000584800206048002060480020684800202C
:1024900068480020704800207048002078480020DC
:1024A000784800208048002080480020884800208C
:1024B000884800209048002090480020984800203C
:1024C00098480020A0480020A0480020A8480020EC
:1024D000A8480020B0480020B0480020B84800209C
:1024E000B8480020C0480020C0480020C84800204C
:1024F000C8480020D0480020D0480020D8480020FC
:10250000D8480020E0480020E0480020E8480020AB
:10251000E8480020F0480020F0480020F84800205B
:10252000F848002000490020004900200849002008
:1025300008490020104900201049002018490020B7
:102540001849002020490020204900202849002067
:102550002849002030490020304900203849002017
:1025600038490020404900204049002048490020C7
:102570004849002050490020504900205849002077
:102580005849002060490020604900206849002027
:1025900068490020704900207049002078490020D7
:1025A0007849002080490020804900208849002087
:1025B0008849002090490020904900209849002037
:1025C00098490020A0490020A0490020A8490020E7
:1025D000A8490020B0490020B0490020B849002097
:1025E000B8490020C0490020C0490020C849002047
:1025F000C8490020D0490020D0490020D8490020F7
:10260000D8490020E0490020E0490020E8490020A6
:10261000E8490020F0490020F0490020F849002056
:10262000F8490020004A0020004A0020084A002003
:10263000084A0020104A0020104A0020184A0020B2
:10264000184A0020204A0020204A0020284A002062
:10265000284A0020304A0020304A0020384A002012
:10266000384A0020404A0020404A0020484A0020C2
:10267000484A0020504A0020504A0020584A002072
:10268000584A0020604A0020604A0020684A002022
:10269000684A0020704A0020704A0020784A0020D2
:1026A000784A0020804A0020804A0020884A002082
:1026B000884A00200000000064AC0420CCAC042058
:1026C00034AD042000000000000000000000000005
:1026D00000000000000000000000000000000000FA
:1026E00000000000000000000000000000000000EA
:1026F00000000000000000000000000000000000DA
:1027000000000000000000000000000000000000C9
:1027100000000000000000000000000000000000B9
:1027200000000000000000000000000000000000A9
:102730000000000000000000000000000000000099
:102740000000000000000000000000000100000088
:10275000000000000E33CDAB34126DE6ECDE050058
:102760000B0000000000000000000000000000005E
:102770000000000000000000000000000000000059
:102780000000000000000000000000000000000049
:102790000000000000000000000000000000000039
:1027A0000000000000000000000000000000000029
:1027B0000000000000000000000000000000000019
:1027C0000000000000000000000000000000000009
:1027D00000000000000000000000000000000000F9
:1027E00000000000000000000000000000000000E9
:1027F00000000000000000000000000000000000D9
:1028000000000000000000000000000000000000C8
:1028100000000000000000000000000000000000B8
:1028200000000000000000000000000000000000A8
:102830000000000000000000000000000000000098
:102840000000000000000000000000000000000088
:102850000000000000000000000000000000000078
:102860000000000000000000000000000000000068
:102870000000000000000000000000000000000058
:102880000000000000000000000000000000000048
:102890000000000000000000000000000000000038
:1028A0000000000000000000000000000000000028
:1028B000000000000029DE07007B9A17BC3F0020C3
:1028C00000000000E803000000000000030000001A
:1028D0000080000010000000010000002000000047
:1028E0000000000106000000FFFFFFFF08000000DD
:1028F000010000000100000024AC04200097272004
:102900000000000043000000000000000000000084
:1029100000000000000000000000000000000000B7
:102920000000000043000000000000000000000064
:102930000000000000000000000000000000000097
:102940000000000043000000000000000000000044
:102950000000000000000000000000000000000077
:102960000000000043000000000000000000000024
:102970000000000000000000000000000000000057
:102980000000000043000000000000000000000004
:102990000000000000000000000000000000000037
:1029A00000000000430000000000000000000000E4
:1029B0000000000000000000000000000000000017
:1029C00000000000430000000000000000000000C4
:1029D00000000000000000000000000000000000F7
:1029E00000000000430000000000000000000000A4
:1029F00000000000000000000000000000000000D7
:102A000000000000000000000000000000000000C6
:102A100000000000000000000000000000000000B6
:102A200000000000000000000000000000000000A6
:102A30000000000000000000000000000000000096
:102A40000000000000000000000000000000000086
:102A50000000000000000000000000000000000076
:102A60000000000000000000000000000000000066
:102A70000000000000000000000000000000000056
:102A80000000000000000000000000000000000046
:102A90000000000000000000000000000000000036
:102AA0000000000000000000000000000000000026
:102AB0000000000000000000000000000000000016
:102AC000000000000000000000000000B51B020034
:102AD000A113020000000000304100207C3D0020D6
:102AE000803E0020803E0020803E0020803E00206E
:102AF000803E0020803E0020803E0020803E00205E
:102B0000803E0020FFFFFFFFFFFFFFFFFFFFFFFFF3
:102B1000FFFF00000100415343494900000000004D
:102B200000000000000000000000000000000000A5
:102B3000000000000000415343494900000000002C
:102B40000000000000000000000000000000000085
:102B50000000000000000000FFFFFFFF0000020077
:102B6000000000000300000064AC0420984A00202C
:102B700012010002EF020140C0168304800201022C
:102B800003010000FFFFFFFF01000000280000001C
:102B9000000104000100000000000000020157498C
:102BA0004E555342000000000000000000000000ED
:102BB0000000000012034D00530046005400310095
:102BC00030003000F80000000C030000000000009E
:102BD00000000000000000000000000000002904C8
:102BE00002000000000000000000000000000000E3
:102BF00000000000000000000000000000000000D5
:102C000000000000000000000000000000000000C4
:102C100000000000000000000000000000000000B4
:102C200000000000000000000000000000000000A4
:102C30000000000000000000000000000000000094
:102C40000000000000000000000000000000000084
:102C50000000000000000000000000000000000074
:102C60000000000000000000000000000000000064
:102C70000000000000000000000000000000000054
:102C80000000000000000000000000000000000044
:102C90000000000000000000000000000000000034
:102CA0000000000000000000000000000000000024
:102CB0000000000000000000000000000000000014
:102CC0000000000000000000000000000000000004
:102CD00000000000000000000000000000000000F4
:102CE00000000000000000000000000000000000E4
:102CF00000000000000000000000000000000000D4
:102D000000000000000000000000000000000000C3
:102D100000000000000000000000000000000000B3
:102D200000000000000000000000000000000000A3
:102D30000000000000000000000000000000000093
:102D40000000000000000000000000000000000083
:102D50000000000000000000000000000000000073
:102D60000000000000000000000000000000000063
:102D70000000000000000000000000000000000053
:102D80000000000000000000000000000000000043
:102D90000000000000000000000000000000000033
:102DA0000000000000000000000000000000000023
:102DB0000000000000000000000000000000000013
:102DC0000000000000000000000000000000000003
:102DD00000000000000000000000000000000000F3
:102DE00000000000000000000000000000000000E3
:102DF00000000000000000000000000000000000D3
:102E000000000000000000000000000000000000C2
:102E100000000000000000000000000000000000B2
:102E200000000000000000000000000000000000A2
:102E30000000000000000000000000000000000092
:102E40000000000000000000000000000000000082
:102E50000000000000000000000000000000000072
:102E60000000000000000000000000000000000062
:102E70000000000000000000000000000000000052
:102E80000000000000000000000000000000000042
:102E90000000000000000000000000000000000032
:102EA0000000000000000000000000000000000022
:102EB0000000000000000000000000000000000012
:102EC0000000000000000000000000000000000002
:0C2ED000000000000000000000000000F6
:102EDC00FFFFFFFFFFFFFFFFFFFFFFFFFFFFFFFFF6
:102EEC00FFFFFFFFFFFFFFFFFFFFFFFFFFFFFFFFE6
:102EFC00FFFFFFFFFFFFFFFFFFFFFFFFFFFFFFFFD6
:102F0C00FFFFFFFFFFFFFFFFFFFFFFFFFFFFFFFFC5
:102F1C00FFFFFFFFFFFFFFFFFFFFFFFFFFFFFFFFB5
:102F2C00FFFFFFFFFFFFFFFFFFFFFFFFFFFFFFFFA5
:102F3C00FFFFFFFFFFFFFFFFFFFFFFFFFFFFFFFF95
:102F4C00FFFFFFFFFFFFFFFFFFFFFFFFFFFFFFFF85
:102F5C00FFFFFFFFFFFFFFFFFFFFFFFFFFFFFFFF75
:102F6C00FFFFFFFFFFFFFFFFFFFFFFFFFFFFFFFF65
:102F7C00FFFFFFFFFFFFFFFFFFFFFFFFFFFFFFFF55
:102F8C00FFFFFFFFFFFFFFFFFFFFFFFFFFFFFFFF45
:102F9C00FFFFFFFFFFFFFFFFFFFFFFFFFFFFFFFF35
:102FAC00FFFFFFFFFFFFFFFFFFFFFFFFFFFFFFFF25
:102FBC00FFFFFFFFFFFFFFFFFFFFFFFFFFFFFFFF15
:102FCC00FFFFFFFFFFFFFFFFFFFFFFFFFFFFFFFF05
:102FDC00FFFFFFFFFFFFFFFFFFFFFFFFFFFFFFFFF5
:102FEC00FFFFFFFFFFFFFFFFFFFFFFFFFFFFFFFFE5
:102FFC00FFFFFFFF000000000000000000000000C9
:10300C0000000000000000000000000000000000B4
:10301C0000000000000000000000000000000000A4
:10302C000000000000000000000000000000000094
:10303C000000000000000000000000000000000084
:10304C000000000000000000000000000000000074
:10305C000000000000000000000000000000000064
:10306C000000000000000000000000000000000054
:10307C000000000000000000000000000000000044
:10308C000000000000000000000000000000000034
:10309C000000000000000000000000000000000024
:1030AC000000000000000000000000000000000014
:1030BC000000000000000000000000000000000004
:1030CC0000000000000000000000000000000000F4
:1030DC0000000000000000000000000000000000E4
:1030EC0000000000000000000000000000000000D4
:1030FC0000000000000000000000000000000000C4
:10310C0000000000000000000000000000000000B3
:10311C0000000000000000000000000000000000A3
:10312C000000000000000000000000000000000093
:10313C000000000000000000000000000000000083
:10314C000000000000000000000000000000000073
:10315C000000000000000000000000000000000063
:10316C000000000000000000000000000000000053
:10317C000000000000000000000000000000000043
:10318C000000000000000000000000000000000033
:10319C000000000000000000000000000000000023
:1031AC000000000000000000000000000000000013
:1031BC000000000000000000000000000000000003
:1031CC0000000000000000000000000000000000F3
:1031DC0000000000000000000000000000000000E3
:1031EC0000000000000000000000000000000000D3
:1031FC0000000000000000000000000000000000C3
:10320C0000000000000000000000000000000000B2
:10321C0000000000000000000000000000000000A2
:10322C000000000000000000000000000000000092
:10323C000000000000000000000000000000000082
:10324C000000000000000000000000000000000072
:10325C000000000000000000000000000000000062
:10326C000000000000000000000000000000000052
:10327C000000000000000000000000000000000042
:10328C000000000000000000000000000000000032
:10329C000000000000000000000000000000000022
:1032AC000000000000000000000000000000000012
:1032BC000000000000000000000000000000000002
:1032CC0000000000000000000000000000000000F2
:1032DC0000000000000000000000000000000000E2
:1032EC0000000000000000000000000000000000D2
:1032FC0000000000000000000000000000000000C2
:10330C0000000000000000000000000000000000B1
:10331C0000000000000000000000000000000000A1
:10332C000000000000000000000000000000000091
:10333C000000000000000000000000000000000081
:10334C000000000000000000000000000000000071
:10335C000000000000000000000000000000000061
:10336C000000000000000000000000000000000051
:10337C000000000000000000000000000000000041
:10338C000000000000000000000000000000000031
:10339C000000000000000000000000000000000021
:1033AC000000000000000000000000000000000011
:1033BC000000000000000000000000000000000001
:1033CC0000000000000000000000000000000000F1
:1033DC0000000000000000000000000000000000E1
:1033EC0000000000000000000000000000000000D1
:1033FC0000000000000000000000000000000000C1
:10340C0000000000000000000000000000000000B0
:10341C0000000000000000000000000000000000A0
:10342C000000000000000000000000000000000090
:10343C000000000000000000000000000000000080
:10344C000000000000000000000000000000000070
:10345C000000000000000000000000000000000060
:10346C000000000000000000000000000000000050
:10347C000000000000000000000000000000000040
:10348C000000000000000000000000000000000030
:10349C000000000000000000000000000000000020
:1034AC000000000000000000000000000000000010
:1034BC000000000000000000000000000000000000
:1034CC0000000000000000000000000000000000F0
:1034DC0000000000000000000000000000000000E0
:1034EC0000000000000000000000000000000000D0
:1034FC0000000000000000000000000000000000C0
:10350C0000000000000000000000000000000000AF
:10351C00000000000000000000000000000000009F
:10352C00000000000000000000000000000000008F
:10353C00000000000000000000000000000000007F
:10354C00000000000000000000000000000000006F
:10355C00000000000000000000000000000000005F
:10356C00000000000000000000000000000000004F
:10357C00000000000000000000000000000000003F
:10358C00000000000000000000000000000000002F
:10359C00000000000000000000000000000000001F
:1035AC00000000000000000000000000000000000F
:1035BC0000000000000000000000000000000000FF
:1035CC0000000000000000000000000000000000EF
:1035DC0000000000000000000000000000000000DF
:1035EC0000000000000000000000000000000000CF
:1035FC0000000000000000000000000000000000BF
:10360C0000000000000000000000000000000000AE
:10361C00000000000000000000000000000000009E
:10362C00000000000000000000000000000000008E
:10363C00000000000000000000000000000000007E
:10364C00000000000000000000000000000000006E
:10365C00000000000000000000000000000000005E
:10366C00000000000000000000000000000000004E
:10367C00000000000000000000000000000000003E
:10368C00000000000000000000000000000000002E
:10369C00000000000000000000000000000000001E
:1036AC00000000000000000000000000000000000E
:1036BC0000000000000000000000000000000000FE
:1036CC0000000000000000000000000000000000EE
:1036DC0000000000000000000000000000000000DE
:1036EC0000000000000000000000000000000000CE
:1036FC0000000000000000000000000000000000BE
:10370C0000000000000000000000000000000000AD
:10371C00000000000000000000000000000000009D
:10372C00000000000000000000000000000000008D
:10373C00000000000000000000000000000000007D
:10374C00000000000000000000000000000000006D
:10375C00000000000000000000000000000000005D
:10376C00000000000000000000000000000000004D
:10377C00000000000000000000000000000000003D
:10378C00000000000000000000000000000000002D
:10379C00000000000000000000000000000000001D
:1037AC00000000000000000000000000000000000D
:1037BC0000000000000000000000000000000000FD
:1037CC0000000000000000000000000000000000ED
:1037DC0000000000000000000000000000000000DD
:1037EC0000000000000000000000000000000000CD
:1037FC0000000000000000000000000000000000BD
:10380C0000000000000000000000000000000000AC
:10381C00000000000000000000000000000000009C
:10382C00000000000000000000000000000000008C
:10383C00000000000000000000000000000000007C
:10384C00000000000000000000000000000000006C
:10385C00000000000000000000000000000000005C
:10386C00000000000000000000000000000000004C
:10387C00000000000000000000000000000000003C
:10388C00000000000000000000000000000000002C
:10389C00000000000000000000000000000000001C
:1038AC00000000000000000000000000000000000C
:1038BC0000000000000000000000000000000000FC
:1038CC0000000000000000000000000000000000EC
:1038DC0000000000000000000000000000000000DC
:1038EC0000000000000000000000000000000000CC
:1038FC0000000000000000000000000000000000BC
:10390C0000000000000000000000000000000000AB
:10391C00000000000000000000000000000000009B
:10392C00000000000000000000000000000000008B
:10393C00000000000000000000000000000000007B
:10394C00000000000000000000000000000000006B
:10395C00000000000000000000000000000000005B
:10396C00000000000000000000000000000000004B
:10397C00000000000000000000000000000000003B
:10398C00000000000000000000000000000000002B
:10399C00000000000000000000000000000000001B
:1039AC00000000000000000000000000000000000B
:1039BC0000000000000000000000000000000000FB
:1039CC0000000000000000000000000000000000EB
:1039DC0000000000000000000000000000000000DB
:1039EC0000000000000000000000000000000000CB
:1039FC0000000000000000000000000000000000BB
:103A0C0000000000000000000000000000000000AA
:103A1C00000000000000000000000000000000009A
:103A2C00000000000000000000000000000000008A
:103A3C00000000000000000000000000000000007A
:103A4C00000000000000000000000000000000006A
:103A5C00000000000000000000000000000000005A
:103A6C00000000000000000000000000000000004A
:103A7C00000000000000000000000000000000003A
:103A8C00000000000000000000000000000000002A
:103A9C00000000000000000000000000000000001A
:103AAC00000000000000000000000000000000000A
:103ABC0000000000000000000000000000000000FA
:103ACC0000000000000000000000000000000000EA
:103ADC0000000000000000000000000000000000DA
:103AEC0000000000000000000000000000000000CA
:103AFC0000000000000000000000000000000000BA
:103B0C0000000000000000000000000000000000A9
:103B1C000000000000000000000000000000000099
:103B2C000000000000000000000000000000000089
:103B3C000000000000000000000000000000000079
:103B4C000000000000000000000000000000000069
:103B5C000000000000000000000000000000000059
:103B6C000000000000000000000000000000000049
:103B7C000000000000000000000000000000000039
:103B8C000000000000000000000000000000000029
:103B9C000000000000000000000000000000000019
:103BAC000000000000000000000000000000000009
:103BBC0000000000000000000000000000000000F9
:103BCC0000000000000000000000000000000000E9
:103BDC0000000000000000000000000000000000D9
:103BEC0000000000000000000000000000000000C9
:043BFC0000000000C5
:040000056000100087
:00000001FF
