:0200000460009A
:100000004643464200000156000000000101020084
:1000100000000000000000000000000000000000E0
:1000200000000000000000000000000000000000D0
:1000300000000000000000000000000000000000C0
:1000400000000000010406010000000000000000A4
:100050000000800000000000000000000000000020
:100060000000000000000000000000000000000090
:100070000000000000000000000000000000000080
:10008000EB04180AFF1E04320126000000000000E5
:100090000000000000000000000000000000000060
:1000A0000000000000000000000000000000000050
:1000B0000000000000000000000000000000000040
:1000C0000000000000000000000000000000000030
:1000D0000000000000000000000000000000000020
:1000E0000000000000000000000000000000000010
:1000F0000000000000000000000000000000000000
:1001000000000000000000000000000000000000EF
:1001100000000000000000000000000000000000DF
:1001200000000000000000000000000000000000CF
:1001300000000000000000000000000000000000BF
:1001400000000000000000000000000000000000AF
:10015000000000000000000000000000000000009F
:10016000000000000000000000000000000000008F
:10017000000000000000000000000000000000007F
:10018000000000000000000000000000000000006F
:10019000000000000000000000000000000000005F
:1001A000000000000000000000000000000000004F
:1001B000000000000000000000000000000000003F
:1001C000000100000010000001000000000000001D
:1001D000000001000000000000000000000000001E
:1001E000000000000000000000000000000000000F
:1001F00000000000000000000000000000000000FF
:10020000FFFFFFFFFFFFFFFFFFFFFFFFFFFFFFFFFE
:10021000FFFFFFFFFFFFFFFFFFFFFFFFFFFFFFFFEE
:10022000FFFFFFFFFFFFFFFFFFFFFFFFFFFFFFFFDE
:10023000FFFFFFFFFFFFFFFFFFFFFFFFFFFFFFFFCE
:10024000FFFFFFFFFFFFFFFFFFFFFFFFFFFFFFFFBE
:10025000FFFFFFFFFFFFFFFFFFFFFFFFFFFFFFFFAE
:10026000FFFFFFFFFFFFFFFFFFFFFFFFFFFFFFFF9E
:10027000FFFFFFFFFFFFFFFFFFFFFFFFFFFFFFFF8E
:10028000FFFFFFFFFFFFFFFFFFFFFFFFFFFFFFFF7E
:10029000FFFFFFFFFFFFFFFFFFFFFFFFFFFFFFFF6E
:1002A000FFFFFFFFFFFFFFFFFFFFFFFFFFFFFFFF5E
:1002B000FFFFFFFFFFFFFFFFFFFFFFFFFFFFFFFF4E
:1002C000FFFFFFFFFFFFFFFFFFFFFFFFFFFFFFFF3E
:1002D000FFFFFFFFFFFFFFFFFFFFFFFFFFFFFFFF2E
:1002E000FFFFFFFFFFFFFFFFFFFFFFFFFFFFFFFF1E
:1002F000FFFFFFFFFFFFFFFFFFFFFFFFFFFFFFFF0E
:10030000FFFFFFFFFFFFFFFFFFFFFFFFFFFFFFFFFD
:10031000FFFFFFFFFFFFFFFFFFFFFFFFFFFFFFFFED
:10032000FFFFFFFFFFFFFFFFFFFFFFFFFFFFFFFFDD
:10033000FFFFFFFFFFFFFFFFFFFFFFFFFFFFFFFFCD
:10034000FFFFFFFFFFFFFFFFFFFFFFFFFFFFFFFFBD
:10035000FFFFFFFFFFFFFFFFFFFFFFFFFFFFFFFFAD
:10036000FFFFFFFFFFFFFFFFFFFFFFFFFFFFFFFF9D
:10037000FFFFFFFFFFFFFFFFFFFFFFFFFFFFFFFF8D
:10038000FFFFFFFFFFFFFFFFFFFFFFFFFFFFFFFF7D
:10039000FFFFFFFFFFFFFFFFFFFFFFFFFFFFFFFF6D
:1003A000FFFFFFFFFFFFFFFFFFFFFFFFFFFFFFFF5D
:1003B000FFFFFFFFFFFFFFFFFFFFFFFFFFFFFFFF4D
:1003C000FFFFFFFFFFFFFFFFFFFFFFFFFFFFFFFF3D
:1003D000FFFFFFFFFFFFFFFFFFFFFFFFFFFFFFFF2D
:1003E000FFFFFFFFFFFFFFFFFFFFFFFFFFFFFFFF1D
:1003F000FFFFFFFFFFFFFFFFFFFFFFFFFFFFFFFF0D
:10040000FFFFFFFFFFFFFFFFFFFFFFFFFFFFFFFFFC
:10041000FFFFFFFFFFFFFFFFFFFFFFFFFFFFFFFFEC
:10042000FFFFFFFFFFFFFFFFFFFFFFFFFFFFFFFFDC
:10043000FFFFFFFFFFFFFFFFFFFFFFFFFFFFFFFFCC
:10044000FFFFFFFFFFFFFFFFFFFFFFFFFFFFFFFFBC
:10045000FFFFFFFFFFFFFFFFFFFFFFFFFFFFFFFFAC
:10046000FFFFFFFFFFFFFFFFFFFFFFFFFFFFFFFF9C
:10047000FFFFFFFFFFFFFFFFFFFFFFFFFFFFFFFF8C
:10048000FFFFFFFFFFFFFFFFFFFFFFFFFFFFFFFF7C
:10049000FFFFFFFFFFFFFFFFFFFFFFFFFFFFFFFF6C
:1004A000FFFFFFFFFFFFFFFFFFFFFFFFFFFFFFFF5C
:1004B000FFFFFFFFFFFFFFFFFFFFFFFFFFFFFFFF4C
:1004C000FFFFFFFFFFFFFFFFFFFFFFFFFFFFFFFF3C
:1004D000FFFFFFFFFFFFFFFFFFFFFFFFFFFFFFFF2C
:1004E000FFFFFFFFFFFFFFFFFFFFFFFFFFFFFFFF1C
:1004F000FFFFFFFFFFFFFFFFFFFFFFFFFFFFFFFF0C
:10050000FFFFFFFFFFFFFFFFFFFFFFFFFFFFFFFFFB
:10051000FFFFFFFFFFFFFFFFFFFFFFFFFFFFFFFFEB
:10052000FFFFFFFFFFFFFFFFFFFFFFFFFFFFFFFFDB
:10053000FFFFFFFFFFFFFFFFFFFFFFFFFFFFFFFFCB
:10054000FFFFFFFFFFFFFFFFFFFFFFFFFFFFFFFFBB
:10055000FFFFFFFFFFFFFFFFFFFFFFFFFFFFFFFFAB
:10056000FFFFFFFFFFFFFFFFFFFFFFFFFFFFFFFF9B
:10057000FFFFFFFFFFFFFFFFFFFFFFFFFFFFFFFF8B
:10058000FFFFFFFFFFFFFFFFFFFFFFFFFFFFFFFF7B
:10059000FFFFFFFFFFFFFFFFFFFFFFFFFFFFFFFF6B
:1005A000FFFFFFFFFFFFFFFFFFFFFFFFFFFFFFFF5B
:1005B000FFFFFFFFFFFFFFFFFFFFFFFFFFFFFFFF4B
:1005C000FFFFFFFFFFFFFFFFFFFFFFFFFFFFFFFF3B
:1005D000FFFFFFFFFFFFFFFFFFFFFFFFFFFFFFFF2B
:1005E000FFFFFFFFFFFFFFFFFFFFFFFFFFFFFFFF1B
:1005F000FFFFFFFFFFFFFFFFFFFFFFFFFFFFFFFF0B
:10060000FFFFFFFFFFFFFFFFFFFFFFFFFFFFFFFFFA
:10061000FFFFFFFFFFFFFFFFFFFFFFFFFFFFFFFFEA
:10062000FFFFFFFFFFFFFFFFFFFFFFFFFFFFFFFFDA
:10063000FFFFFFFFFFFFFFFFFFFFFFFFFFFFFFFFCA
:10064000FFFFFFFFFFFFFFFFFFFFFFFFFFFFFFFFBA
:10065000FFFFFFFFFFFFFFFFFFFFFFFFFFFFFFFFAA
:10066000FFFFFFFFFFFFFFFFFFFFFFFFFFFFFFFF9A
:10067000FFFFFFFFFFFFFFFFFFFFFFFFFFFFFFFF8A
:10068000FFFFFFFFFFFFFFFFFFFFFFFFFFFFFFFF7A
:10069000FFFFFFFFFFFFFFFFFFFFFFFFFFFFFFFF6A
:1006A000FFFFFFFFFFFFFFFFFFFFFFFFFFFFFFFF5A
:1006B000FFFFFFFFFFFFFFFFFFFFFFFFFFFFFFFF4A
:1006C000FFFFFFFFFFFFFFFFFFFFFFFFFFFFFFFF3A
:1006D000FFFFFFFFFFFFFFFFFFFFFFFFFFFFFFFF2A
:1006E000FFFFFFFFFFFFFFFFFFFFFFFFFFFFFFFF1A
:1006F000FFFFFFFFFFFFFFFFFFFFFFFFFFFFFFFF0A
:10070000FFFFFFFFFFFFFFFFFFFFFFFFFFFFFFFFF9
:10071000FFFFFFFFFFFFFFFFFFFFFFFFFFFFFFFFE9
:10072000FFFFFFFFFFFFFFFFFFFFFFFFFFFFFFFFD9
:10073000FFFFFFFFFFFFFFFFFFFFFFFFFFFFFFFFC9
:10074000FFFFFFFFFFFFFFFFFFFFFFFFFFFFFFFFB9
:10075000FFFFFFFFFFFFFFFFFFFFFFFFFFFFFFFFA9
:10076000FFFFFFFFFFFFFFFFFFFFFFFFFFFFFFFF99
:10077000FFFFFFFFFFFFFFFFFFFFFFFFFFFFFFFF89
:10078000FFFFFFFFFFFFFFFFFFFFFFFFFFFFFFFF79
:10079000FFFFFFFFFFFFFFFFFFFFFFFFFFFFFFFF69
:1007A000FFFFFFFFFFFFFFFFFFFFFFFFFFFFFFFF59
:1007B000FFFFFFFFFFFFFFFFFFFFFFFFFFFFFFFF49
:1007C000FFFFFFFFFFFFFFFFFFFFFFFFFFFFFFFF39
:1007D000FFFFFFFFFFFFFFFFFFFFFFFFFFFFFFFF29
:1007E000FFFFFFFFFFFFFFFFFFFFFFFFFFFFFFFF19
:1007F000FFFFFFFFFFFFFFFFFFFFFFFFFFFFFFFF09
:10080000FFFFFFFFFFFFFFFFFFFFFFFFFFFFFFFFF8
:10081000FFFFFFFFFFFFFFFFFFFFFFFFFFFFFFFFE8
:10082000FFFFFFFFFFFFFFFFFFFFFFFFFFFFFFFFD8
:10083000FFFFFFFFFFFFFFFFFFFFFFFFFFFFFFFFC8
:10084000FFFFFFFFFFFFFFFFFFFFFFFFFFFFFFFFB8
:10085000FFFFFFFFFFFFFFFFFFFFFFFFFFFFFFFFA8
:10086000FFFFFFFFFFFFFFFFFFFFFFFFFFFFFFFF98
:10087000FFFFFFFFFFFFFFFFFFFFFFFFFFFFFFFF88
:10088000FFFFFFFFFFFFFFFFFFFFFFFFFFFFFFFF78
:10089000FFFFFFFFFFFFFFFFFFFFFFFFFFFFFFFF68
:1008A000FFFFFFFFFFFFFFFFFFFFFFFFFFFFFFFF58
:1008B000FFFFFFFFFFFFFFFFFFFFFFFFFFFFFFFF48
:1008C000FFFFFFFFFFFFFFFFFFFFFFFFFFFFFFFF38
:1008D000FFFFFFFFFFFFFFFFFFFFFFFFFFFFFFFF28
:1008E000FFFFFFFFFFFFFFFFFFFFFFFFFFFFFFFF18
:1008F000FFFFFFFFFFFFFFFFFFFFFFFFFFFFFFFF08
:10090000FFFFFFFFFFFFFFFFFFFFFFFFFFFFFFFFF7
:10091000FFFFFFFFFFFFFFFFFFFFFFFFFFFFFFFFE7
:10092000FFFFFFFFFFFFFFFFFFFFFFFFFFFFFFFFD7
:10093000FFFFFFFFFFFFFFFFFFFFFFFFFFFFFFFFC7
:10094000FFFFFFFFFFFFFFFFFFFFFFFFFFFFFFFFB7
:10095000FFFFFFFFFFFFFFFFFFFFFFFFFFFFFFFFA7
:10096000FFFFFFFFFFFFFFFFFFFFFFFFFFFFFFFF97
:10097000FFFFFFFFFFFFFFFFFFFFFFFFFFFFFFFF87
:10098000FFFFFFFFFFFFFFFFFFFFFFFFFFFFFFFF77
:10099000FFFFFFFFFFFFFFFFFFFFFFFFFFFFFFFF67
:1009A000FFFFFFFFFFFFFFFFFFFFFFFFFFFFFFFF57
:1009B000FFFFFFFFFFFFFFFFFFFFFFFFFFFFFFFF47
:1009C000FFFFFFFFFFFFFFFFFFFFFFFFFFFFFFFF37
:1009D000FFFFFFFFFFFFFFFFFFFFFFFFFFFFFFFF27
:1009E000FFFFFFFFFFFFFFFFFFFFFFFFFFFFFFFF17
:1009F000FFFFFFFFFFFFFFFFFFFFFFFFFFFFFFFF07
:100A0000FFFFFFFFFFFFFFFFFFFFFFFFFFFFFFFFF6
:100A1000FFFFFFFFFFFFFFFFFFFFFFFFFFFFFFFFE6
:100A2000FFFFFFFFFFFFFFFFFFFFFFFFFFFFFFFFD6
:100A3000FFFFFFFFFFFFFFFFFFFFFFFFFFFFFFFFC6
:100A4000FFFFFFFFFFFFFFFFFFFFFFFFFFFFFFFFB6
:100A5000FFFFFFFFFFFFFFFFFFFFFFFFFFFFFFFFA6
:100A6000FFFFFFFFFFFFFFFFFFFFFFFFFFFFFFFF96
:100A7000FFFFFFFFFFFFFFFFFFFFFFFFFFFFFFFF86
:100A8000FFFFFFFFFFFFFFFFFFFFFFFFFFFFFFFF76
:100A9000FFFFFFFFFFFFFFFFFFFFFFFFFFFFFFFF66
:100AA000FFFFFFFFFFFFFFFFFFFFFFFFFFFFFFFF56
:100AB000FFFFFFFFFFFFFFFFFFFFFFFFFFFFFFFF46
:100AC000FFFFFFFFFFFFFFFFFFFFFFFFFFFFFFFF36
:100AD000FFFFFFFFFFFFFFFFFFFFFFFFFFFFFFFF26
:100AE000FFFFFFFFFFFFFFFFFFFFFFFFFFFFFFFF16
:100AF000FFFFFFFFFFFFFFFFFFFFFFFFFFFFFFFF06
:100B0000FFFFFFFFFFFFFFFFFFFFFFFFFFFFFFFFF5
:100B1000FFFFFFFFFFFFFFFFFFFFFFFFFFFFFFFFE5
:100B2000FFFFFFFFFFFFFFFFFFFFFFFFFFFFFFFFD5
:100B3000FFFFFFFFFFFFFFFFFFFFFFFFFFFFFFFFC5
:100B4000FFFFFFFFFFFFFFFFFFFFFFFFFFFFFFFFB5
:100B5000FFFFFFFFFFFFFFFFFFFFFFFFFFFFFFFFA5
:100B6000FFFFFFFFFFFFFFFFFFFFFFFFFFFFFFFF95
:100B7000FFFFFFFFFFFFFFFFFFFFFFFFFFFFFFFF85
:100B8000FFFFFFFFFFFFFFFFFFFFFFFFFFFFFFFF75
:100B9000FFFFFFFFFFFFFFFFFFFFFFFFFFFFFFFF65
:100BA000FFFFFFFFFFFFFFFFFFFFFFFFFFFFFFFF55
:100BB000FFFFFFFFFFFFFFFFFFFFFFFFFFFFFFFF45
:100BC000FFFFFFFFFFFFFFFFFFFFFFFFFFFFFFFF35
:100BD000FFFFFFFFFFFFFFFFFFFFFFFFFFFFFFFF25
:100BE000FFFFFFFFFFFFFFFFFFFFFFFFFFFFFFFF15
:100BF000FFFFFFFFFFFFFFFFFFFFFFFFFFFFFFFF05
:100C0000FFFFFFFFFFFFFFFFFFFFFFFFFFFFFFFFF4
:100C1000FFFFFFFFFFFFFFFFFFFFFFFFFFFFFFFFE4
:100C2000FFFFFFFFFFFFFFFFFFFFFFFFFFFFFFFFD4
:100C3000FFFFFFFFFFFFFFFFFFFFFFFFFFFFFFFFC4
:100C4000FFFFFFFFFFFFFFFFFFFFFFFFFFFFFFFFB4
:100C5000FFFFFFFFFFFFFFFFFFFFFFFFFFFFFFFFA4
:100C6000FFFFFFFFFFFFFFFFFFFFFFFFFFFFFFFF94
:100C7000FFFFFFFFFFFFFFFFFFFFFFFFFFFFFFFF84
:100C8000FFFFFFFFFFFFFFFFFFFFFFFFFFFFFFFF74
:100C9000FFFFFFFFFFFFFFFFFFFFFFFFFFFFFFFF64
:100CA000FFFFFFFFFFFFFFFFFFFFFFFFFFFFFFFF54
:100CB000FFFFFFFFFFFFFFFFFFFFFFFFFFFFFFFF44
:100CC000FFFFFFFFFFFFFFFFFFFFFFFFFFFFFFFF34
:100CD000FFFFFFFFFFFFFFFFFFFFFFFFFFFFFFFF24
:100CE000FFFFFFFFFFFFFFFFFFFFFFFFFFFFFFFF14
:100CF000FFFFFFFFFFFFFFFFFFFFFFFFFFFFFFFF04
:100D0000FFFFFFFFFFFFFFFFFFFFFFFFFFFFFFFFF3
:100D1000FFFFFFFFFFFFFFFFFFFFFFFFFFFFFFFFE3
:100D2000FFFFFFFFFFFFFFFFFFFFFFFFFFFFFFFFD3
:100D3000FFFFFFFFFFFFFFFFFFFFFFFFFFFFFFFFC3
:100D4000FFFFFFFFFFFFFFFFFFFFFFFFFFFFFFFFB3
:100D5000FFFFFFFFFFFFFFFFFFFFFFFFFFFFFFFFA3
:100D6000FFFFFFFFFFFFFFFFFFFFFFFFFFFFFFFF93
:100D7000FFFFFFFFFFFFFFFFFFFFFFFFFFFFFFFF83
:100D8000FFFFFFFFFFFFFFFFFFFFFFFFFFFFFFFF73
:100D9000FFFFFFFFFFFFFFFFFFFFFFFFFFFFFFFF63
:100DA000FFFFFFFFFFFFFFFFFFFFFFFFFFFFFFFF53
:100DB000FFFFFFFFFFFFFFFFFFFFFFFFFFFFFFFF43
:100DC000FFFFFFFFFFFFFFFFFFFFFFFFFFFFFFFF33
:100DD000FFFFFFFFFFFFFFFFFFFFFFFFFFFFFFFF23
:100DE000FFFFFFFFFFFFFFFFFFFFFFFFFFFFFFFF13
:100DF000FFFFFFFFFFFFFFFFFFFFFFFFFFFFFFFF03
:100E0000FFFFFFFFFFFFFFFFFFFFFFFFFFFFFFFFF2
:100E1000FFFFFFFFFFFFFFFFFFFFFFFFFFFFFFFFE2
:100E2000FFFFFFFFFFFFFFFFFFFFFFFFFFFFFFFFD2
:100E3000FFFFFFFFFFFFFFFFFFFFFFFFFFFFFFFFC2
:100E4000FFFFFFFFFFFFFFFFFFFFFFFFFFFFFFFFB2
:100E5000FFFFFFFFFFFFFFFFFFFFFFFFFFFFFFFFA2
:100E6000FFFFFFFFFFFFFFFFFFFFFFFFFFFFFFFF92
:100E7000FFFFFFFFFFFFFFFFFFFFFFFFFFFFFFFF82
:100E8000FFFFFFFFFFFFFFFFFFFFFFFFFFFFFFFF72
:100E9000FFFFFFFFFFFFFFFFFFFFFFFFFFFFFFFF62
:100EA000FFFFFFFFFFFFFFFFFFFFFFFFFFFFFFFF52
:100EB000FFFFFFFFFFFFFFFFFFFFFFFFFFFFFFFF42
:100EC000FFFFFFFFFFFFFFFFFFFFFFFFFFFFFFFF32
:100ED000FFFFFFFFFFFFFFFFFFFFFFFFFFFFFFFF22
:100EE000FFFFFFFFFFFFFFFFFFFFFFFFFFFFFFFF12
:100EF000FFFFFFFFFFFFFFFFFFFFFFFFFFFFFFFF02
:100F0000FFFFFFFFFFFFFFFFFFFFFFFFFFFFFFFFF1
:100F1000FFFFFFFFFFFFFFFFFFFFFFFFFFFFFFFFE1
:100F2000FFFFFFFFFFFFFFFFFFFFFFFFFFFFFFFFD1
:100F3000FFFFFFFFFFFFFFFFFFFFFFFFFFFFFFFFC1
:100F4000FFFFFFFFFFFFFFFFFFFFFFFFFFFFFFFFB1
:100F5000FFFFFFFFFFFFFFFFFFFFFFFFFFFFFFFFA1
:100F6000FFFFFFFFFFFFFFFFFFFFFFFFFFFFFFFF91
:100F7000FFFFFFFFFFFFFFFFFFFFFFFFFFFFFFFF81
:100F8000FFFFFFFFFFFFFFFFFFFFFFFFFFFFFFFF71
:100F9000FFFFFFFFFFFFFFFFFFFFFFFFFFFFFFFF61
:100FA000FFFFFFFFFFFFFFFFFFFFFFFFFFFFFFFF51
:100FB000FFFFFFFFFFFFFFFFFFFFFFFFFFFFFFFF41
:100FC000FFFFFFFFFFFFFFFFFFFFFFFFFFFFFFFF31
:100FD000FFFFFFFFFFFFFFFFFFFFFFFFFFFFFFFF21
:100FE000FFFFFFFFFFFFFFFFFFFFFFFFFFFFFFFF11
:100FF000FFFFFFFFFFFFFFFFFFFFFFFFFFFFFFFF01
:10100000D1002043F1150060000000000000000046
:1010100020100060001000600080026000000000EE
:1010200000000060008C020000000000FFFFFFFFD6
:10103000FFFFFFFFFFFFFFFFFFFFFFFFFFFFFFFFC0
:10104000FFFFFFFFFFFFFFFFFFFFFFFFFFFFFFFFB0
:10105000FFFFFFFFFFFFFFFFFFFFFFFFFFFFFFFFA0
:10106000FFFFFFFFFFFFFFFFFFFFFFFFFFFFFFFF90
:10107000FFFFFFFFFFFFFFFFFFFFFFFFFFFFFFFF80
:10108000FFFFFFFFFFFFFFFFFFFFFFFFFFFFFFFF70
:10109000FFFFFFFFFFFFFFFFFFFFFFFFFFFFFFFF60
:1010A000FFFFFFFFFFFFFFFFFFFFFFFFFFFFFFFF50
:1010B000FFFFFFFFFFFFFFFFFFFFFFFFFFFFFFFF40
:1010C000FFFFFFFFFFFFFFFFFFFFFFFFFFFFFFFF30
:1010D000FFFFFFFFFFFFFFFFFFFFFFFFFFFFFFFF20
:1010E000FFFFFFFFFFFFFFFFFFFFFFFFFFFFFFFF10
:1010F000FFFFFFFFFFFFFFFFFFFFFFFFFFFFFFFF00
:10110000FFFFFFFFFFFFFFFFFFFFFFFFFFFFFFFFEF
:10111000FFFFFFFFFFFFFFFFFFFFFFFFFFFFFFFFDF
:10112000FFFFFFFFFFFFFFFFFFFFFFFFFFFFFFFFCF
:10113000FFFFFFFFFFFFFFFFFFFFFFFFFFFFFFFFBF
:10114000FFFFFFFFFFFFFFFFFFFFFFFFFFFFFFFFAF
:10115000FFFFFFFFFFFFFFFFFFFFFFFFFFFFFFFF9F
:10116000FFFFFFFFFFFFFFFFFFFFFFFFFFFFFFFF8F
:10117000FFFFFFFFFFFFFFFFFFFFFFFFFFFFFFFF7F
:10118000FFFFFFFFFFFFFFFFFFFFFFFFFFFFFFFF6F
:10119000FFFFFFFFFFFFFFFFFFFFFFFFFFFFFFFF5F
:1011A000FFFFFFFFFFFFFFFFFFFFFFFFFFFFFFFF4F
:1011B000FFFFFFFFFFFFFFFFFFFFFFFFFFFFFFFF3F
:1011C000FFFFFFFFFFFFFFFFFFFFFFFFFFFFFFFF2F
:1011D000FFFFFFFFFFFFFFFFFFFFFFFFFFFFFFFF1F
:1011E000FFFFFFFFFFFFFFFFFFFFFFFFFFFFFFFF0F
:1011F000FFFFFFFFFFFFFFFFFFFFFFFFFFFFFFFFFF
:10120000FFFFFFFFFFFFFFFFFFFFFFFFFFFFFFFFEE
:10121000FFFFFFFFFFFFFFFFFFFFFFFFFFFFFFFFDE
:10122000FFFFFFFFFFFFFFFFFFFFFFFFFFFFFFFFCE
:10123000FFFFFFFFFFFFFFFFFFFFFFFFFFFFFFFFBE
:10124000FFFFFFFFFFFFFFFFFFFFFFFFFFFFFFFFAE
:10125000FFFFFFFFFFFFFFFFFFFFFFFFFFFFFFFF9E
:10126000FFFFFFFFFFFFFFFFFFFFFFFFFFFFFFFF8E
:10127000FFFFFFFFFFFFFFFFFFFFFFFFFFFFFFFF7E
:10128000FFFFFFFFFFFFFFFFFFFFFFFFFFFFFFFF6E
:10129000FFFFFFFFFFFFFFFFFFFFFFFFFFFFFFFF5E
:1012A000FFFFFFFFFFFFFFFFFFFFFFFFFFFFFFFF4E
:1012B000FFFFFFFFFFFFFFFFFFFFFFFFFFFFFFFF3E
:1012C000FFFFFFFFFFFFFFFFFFFFFFFFFFFFFFFF2E
:1012D000FFFFFFFFFFFFFFFFFFFFFFFFFFFFFFFF1E
:1012E000FFFFFFFFFFFFFFFFFFFFFFFFFFFFFFFF0E
:1012F000FFFFFFFFFFFFFFFFFFFFFFFFFFFFFFFFFE
:10130000FFFFFFFFFFFFFFFFFFFFFFFFFFFFFFFFED
:10131000FFFFFFFFFFFFFFFFFFFFFFFFFFFFFFFFDD
:10132000FFFFFFFFFFFFFFFFFFFFFFFFFFFFFFFFCD
:10133000FFFFFFFFFFFFFFFFFFFFFFFFFFFFFFFFBD
:10134000FFFFFFFFFFFFFFFFFFFFFFFFFFFFFFFFAD
:10135000FFFFFFFFFFFFFFFFFFFFFFFFFFFFFFFF9D
:10136000FFFFFFFFFFFFFFFFFFFFFFFFFFFFFFFF8D
:10137000FFFFFFFFFFFFFFFFFFFFFFFFFFFFFFFF7D
:10138000FFFFFFFFFFFFFFFFFFFFFFFFFFFFFFFF6D
:10139000FFFFFFFFFFFFFFFFFFFFFFFFFFFFFFFF5D
:1013A000FFFFFFFFFFFFFFFFFFFFFFFFFFFFFFFF4D
:1013B000FFFFFFFFFFFFFFFFFFFFFFFFFFFFFFFF3D
:1013C000FFFFFFFFFFFFFFFFFFFFFFFFFFFFFFFF2D
:1013D000FFFFFFFFFFFFFFFFFFFFFFFFFFFFFFFF1D
:1013E000FFFFFFFFFFFFFFFFFFFFFFFFFFFFFFFF0D
:1013F000FFFFFFFFFFFFFFFFFFFFFFFFFFFFFFFFFD
:10140000824205D051F8043B40F8043B8242F9D8AF
:10141000704700BF044A05494FF0000342F8043BFF
:101420009142FBD8704700BFC03A0020800E0420D4
:1014300008B5BFF34F8F00F047F9544C544B0820C8
:101440005449C3F85401544AC3F800115348C3F82F
:10145000F0405349FFF7D4FF524A53495348FFF72E
:10146000CFFF534CFFF7D6FF4FF470004FF0E02151
:101470000023504AC1F8880D44F823200133B02BD3
:10148000FAD14D4B80214D4A03F8011B9342FBD109
:101490004FF0E0254A4E4B4A4FF0FF31C5F8084D5A
:1014A000D5F8243D43F4E023C5F8243DF36923F047
:1014B0007F0343F04003F361736A23F07F0343F03B
:1014C000400373629166D1661167516700F004F9B9
:1014D0003D4A3E4BA2636322E36300246A61032317
:1014E0003B4AAC612B61C5F8202DD5F8FC2D394B5A
:1014F00042F080723849C5F8FC2D1A6842F00102AA
:101500001A605B680B6000F0B7FA344800F054FCD6
:10151000F16E334B334A41F44051F1661C60C3F81D
:101520000841C3F81841C3F82841C3F83841936B08
:10153000DB0708D442F615632B4951651365936B9D
:1015400043F001039363274A284C936843F0011347
:10155000936000F04FF900F0FBFB00F045FC00F059
:10156000BDFA00F0B3F82368132BFCD900F052FB4E
:101570002368B3F5967FFBD300F0ACF800F0A8F831
:1015800000F026FC00F020FC30BFFDE70C0D11132D
:1015900000800D401B101820D8220200000000001F
:1015A000001F0060C03A0020DC4102600000002003
:1015B00000380020A586010000E400E0A0E400E07F
:1015C00000C00F4000C00A402D7F0100317F0100A4
:1015D00000002020001000E00C0E04200046C32371
:1015E0000040084000400D400000C056100E04208E
:1015F000054B4FF42A01054A05485A641864054A08
:1016000099639546FFF714FF00C00A40FFABAAAAF2
:101610000700200000800520294A00210123C2F88C
:10162000A000C2F8A410C2F8B0305369D907FCD5A5
:1016300001234FF4803C22495361C2F8A000C2F854
:10164000A4C0C2F8B0304B69DB07FCD501234FF4CE
:10165000003C1B4A4B61C1F8A000C1F8A4C0C1F80E
:10166000B0305369D907FCD50123DFF858C01449BD
:101670005361C2F8A000C2F8A4C0C2F8B0304B69F0
:10168000DB07FCD5D1F8003145F60D504FF0210CA9
:101690009AB2C1F814C0824210D045F69D518A42D8
:1016A0000AD1C3F34253032B08D0A3F10403B3FAC6
:1016B00083F35B09180170470020704708207047CA
:1016C00000402A4004000300704700BF704700BF7D
:1016D000704700BF00BF70474FF0E02300214FF07C
:1016E000100C3448C3F8941DC3F89CCD4FF0110C76
:1016F000C3F8A00D3048C3F89CCD4FF0120CC3F8CE
:10170000A00D2E48C3F89CCD2D4AC3F8A00DDFF8DC
:10171000D0C042F015022B48C3F89CCDC3F8A00DF1
:10172000DFF8C0C02848C3F89CCDC3F8A00DDFF88F
:10173000B8C0C3F89C2D2548254AC3F8A0CDC3F8EE
:101740009C0DC3F8A02D02F5A022DFF8A0C00C323A
:101750002048C3F89CCDC3F8A02D1F4AC3F89C0DA8
:10176000C3F8A02D02F14062DFF884C002321B48AA
:10177000C3F89CCDC3F8A02D0A32C3F89C0DC3F862
:10178000A02D00BF00BF00BF00BF00BF0122C3F8F3
:10179000942DBFF34F8FBFF36F8FC3F8501FBFF36C
:1017A0004F8FBFF36F8FD3F8142D42F44032C3F83C
:1017B000142D70473F000010250008070900100095
:1017C000800E0420210002072500081316002020A7
:1017D00027000B13180000602F000B071A00008071
:1017E0001300200014000020090000101700004022
:1017F0001900007030B5864B85B0DFF874E218220E
:10180000844D0120C3F85CE28349C3F86052A5F51A
:101810008055DFF860C2814CC3F864E2C3F86852B7
:101820002125C3F86CC2C3F870C2C3F874C2C3F8F0
:1018300078C248F20C7CDA661A675A679A67DA67E8
:10184000C3F88020C3F88420C3F88820C1F82C0393
:10185000734AC1F83003C1F83403C1F83803C1F842
:101860003C03C1F85003A1696E4B0A406E486F49B2
:1018700013436F4AA361D4F8843043F00C03C4F8D7
:1018800084304FF0FF34036843F0020303600368C1
:1018900003EA0C031A43674B026044608A68664C93
:1018A0001340664A43F000538360C36823F0780313
:1018B000C360036A23401A43604B0262026A2240FB
:1018C0005F4C1343002243628462C46240F20564A9
:1018D000D1F8B83023F03F0343F00103C0F8B8302B
:1018E000D1F8BC30574923F03F0343F00103C0F85F
:1018F000BC3002610567C0F880404567C0F884408D
:101900000224036823F00203036081614E4B4F49B8
:10191000C46143F8042B8B42FBD1434C236843F052
:1019200001032360256815F00105FBD1454802221B
:1019300040F2F561A06140F29940E26140F26642F6
:10194000C4F8001242F20141C4F81022404AC4F81F
:101950002002C4F8302240F23542C4F834123D4827
:10196000C4F840223C4AC4F850022846C4F8542225
:1019700042F201223949C4F86012C4F86422FFF728
:101980004BFE0246002839D0810201234FF480200B
:1019900021662549C4F8A050C4F8A400C4F8B030AA
:1019A0004B69D807FCD515050124039228464C61E4
:1019B000FFF732FE039A2A4B0244D2B21A7080B16A
:1019C000194980024FF4802348660846C1F8A050A8
:1019D000C1F8A430C1F8B0404369DB07FCD501234E
:1019E000436120490024204801230094401A00EB61
:1019F00002521E4800F0E4F905B030BD1B4B1849F7
:101A000018600870D860C3E9010005B030BD00BFA0
:101A100000801F40F910010000841F4000C00F40EB
:101A2000FFFCFF1F0003008000402A4000802A4086
:101A30001200FFFFFF37F70000FFF07C400000803E
:101A4000FF000F83F05AF05A00422A4000432A4018
:101A50009F041830EB06180A063201263806180AC9
:101A60003F0E04200000007000000070ACB803209E
:101A7000F9B00100F970010010B5174A4FF4805415
:101A80004FF4005E4FF4404C4FF4803043F242017B
:101A9000136913F0020F0DD113F4005F0FD013F48C
:101AA000805F0FD0002BF3DA13F4803F0CD15B067C
:101AB0000ED510BDC2F818C050619161E8E7C2F8B8
:101AC00014E0E5E75461E3E74FF480339361DFE727
:101AD00040235361DCE700BF00800D40414A0320F2
:101AE0004149F3EE095AD2F880309FED406A23F065
:101AF00001039FED3F5ADFF814C100B5C2F88030F2
:101B0000C2F89000D1F8E010DFF804E1CBB2394818
:101B1000CEF8003007EE903A0B0DC1F30B21F8EE32
:101B2000E77A06EE903A07EE101A334BB8EEC77A12
:101B3000CCF80010F8EEE66A304937EEC66A37EEA8
:101B4000C55A76EEC76A77EEE57A26EE266AC3EDC9
:101B5000006A25EE265AD2F8803067EEA64AC0ED1C
:101B6000007AC6EE275A264885EE276AC4EEA76A91
:101B700075EE875AFCEEE55A36EE076A15EE90CA06
:101B8000BCEEC66A43EA0C5376EE877AC2F8803020
:101B900016EE103AD2F890C1FCEEE77A01EA034162
:101BA00041EA0C014FF0000C17EE903AC2F8901188
:101BB000C3F30B03D2F890110B431249C2F89031D2
:101BC000D2F8803043F00203C2F880300E4B80F828
:101BD00040C0C1F840314FF0E0230122C3F8082192
:101BE00000BD00BF00810D4000441F400000AA421C
:101BF0000000B44200CE032004CE03200000FF0FFB
:101C000000E400E00038002085880100F8CD0320C2
:101C1000FCCD0320314B40F6617210B5C3F8202192
:101C200040F2044400F0C4F82D4A2E49D2F8803026
:101C30002D4843F00303C2F880302C4BC1F86041BB
:101C400002681A4203D1D1F8A8319A071BD0254A5D
:101C50004FF00041244B5963D2F8403143F0020366
:101C6000C2F84031D2F840319B07FBD44FF400302A
:101C70004FF0E0211C4B4FF00042C1F88C021920BC
:101C80009A6300F0A9F8184B0021164C4FF08042DF
:101C90000A209A634FF420721960C4F8A80114480E
:101CA00000F09EF84FF4800203464FF4810040F2AA
:101CB00043111860C4F858311A640E4B0E4AC4F828
:101CC0004811C3F804224FF0E0224FF40031012301
:101CD000C2F80C11C4F8403110BD00BF00800D40A7
:101CE00000C00F4000002E4000900D40001C1E0060
:101CF0000000002000380020898A010008B50E4B42
:101D00001B6E9B0700D4FBBE72B60C4B00200C4A26
:101D1000C3F8400103F160430A49A3F55F2311644E
:101D20009D46BFF34F8F4FF40013074A0748DB6906
:101D300002609B68984700BF00441F4000002E408F
:101D400000C00A4003002000000012EB00802020A9
:101D50000F4B40F2376C0F4AA020D96E41F440314E
:101D6000D966D96E41F44071D966C2F844C0906416
:101D7000936C1B06FCD4084A40F23761A0235164DF
:101D80009364936C13F08003FBD1044A1370704783
:101D900000C00F4000400C4000800C403E0E04206C
:101DA000F8B500BFF8BC08BC9E46704700000000B4
:101DB0005FF800F0F59101005FF800F01980010074
:101DC0005FF800F0919C01005FF800F0F5840100DD
:101DD0005FF800F039C401005FF800F02D830100C6
:101DE0005FF800F0E9BC01005FF800F02D9B0100F6
:081DF00045000000F9F40000B9
:101DF800160355005300420020005300650072008E
:101E0800690061006C00000018035400650065005B
:101E18006E00730079006400750069006E006F0041
:101E28000403090409026200030100C032080B0020
:101E38000202020100090400000102020100052457
:101E480000100105240101010424020605240600EE
:101E5800010705820310001009040100020A0000AE
:101E6800000705030240000007058402400000093E
:101E780004020002FF6AFF00070581024000010713
:101E8800050102400001000009026200030100C0D0
:101E980032080B00020202010009040000010202DC
:101EA8000100052400100105240101010424020693
:101EB8000524060001070582031000050904010036
:101EC800020A000000070503020002000705840259
:101ED8000002000904020002FF6AC7000705810228
:101EE8000002010705010200020100000A060002C3
:081EF800EF02014001000000AF
:101F000000000000000000000000000000000000D1
:101F100000000000000000000000000000000000C1
:101F20000548064B1B1AD90F01EBA301491002D03B
:101F3000034B03B118477047C03A0020C03A002055
:101F40000000000008B5054B1BB105490548AFF37B
:101F50000080BDE80840FFF7E3BF00BF00000000BD
:101F6000A8C10320008C0260020410F4F84FC0F3F3
:101F70008421C0F3090302F0004214D113B900EE2A
:101F8000102A704718465B00013113F4806FF9D0B6
:101F9000C1F171010B4B42EAC15203EA80331A438B
:101FA00000EE102A70471F2942EA433205D07031F3
:101FB00042EAC15200EE102A704742F0FF4200EEA2
:101FC000102A704700E07F00032801EB000C10B5D9
:101FD00000F1040E09DC085C00F03F00107011F8FD
:101FE0000E2002F03F021A7010BD1CF804CC4FEA1C
:101FF0009C1411F80EC00CF00F0C4CEA041C82F873
:1020000000C0085C11F80E208009120942EA001293
:102010001A7010BD2DE9F04F8BB00C4692469B46CE
:10202000149D0E2810D8DFE810F0D200D700EB0086
:102030000F000F000F000F000F002B010F000F000B
:102040000F005D010F0014004FF0FF300BB0BDE832
:10205000F08F02F0FF080021B8F1000FF4D1100A50
:102060004FEA1B2340EA0B60069350EA1B2B00F05B
:10207000AA80AB464746079004F18006B4F8D0002A
:102080000191A146FFF770FF04F1C008B446DA469B
:1020900038465946CDE90464019E09F1FF370CF139
:1020A000FF3B54460025CDF80CA0CDE9019C1BF860
:1020B00001CF2A1117F801AF01354FEA0C130AF0CE
:1020C0000F0E4FEA8C0903F03003202D09F0300980
:1020D00043EA0E03A3F1200307EE903A18F9023009
:1020E000424407EE103A97F82030F8EEE77AB8EE5F
:1020F000C77A03F00F0E4FEA131349EA0E0E27EECC
:10210000007AAEF1200E67EE877AE4EC017A07EEF2
:1021100090EA92F902E0F8EEE77A07EE10EA0CF0A6
:10212000300E4FEA9C1CB8EEC77A4EEA1A1E43EAFC
:102130000C13AEF1200E27EE007AA3F1200367EE18
:10214000877AC4ED1F7A07EE90EAB8EEE77A07EED9
:10215000903A92F90430F8EEE77A06EE903AF8EE0B
:10216000E66A66EE806A27EE267A84ED3F7A92F977
:10217000063007EE103AB8EEC77A27EE007A67EE1F
:10218000877AC4ED5F7A92D1DDE9019C049B08F166
:10219000080809F14009DDF80CA00CF1200C4B45B2
:1021A0000AF5007A7FF479AF431C01F5806B059C3A
:1021B0001F4646F10001D234DDE906238A4208BFFA
:1021C000BB427FF459AF00200BB0BDE8F08F920006
:1021D000284618F017F9F6E752EA0B03F3D0002669
:1021E0002F46354634F8020BFFF7BEFE0136A7EC4A
:1021F000010A45F10005AB4508BFB245F2D1E2E75F
:1022000012F01F074FF000087FF41EAF4FEA521A7A
:102210004FEA5B164AEACB6A5AEA5B1BD3D0113409
:1022200034F8110CFFF7A0FEA4F11002294612F8B1
:10223000013F03F00F03A242A3F1080307EE903A17
:10224000F8EEE77A67EE807AE1EC017A13784FEAEC
:102250001313A3F1080307EE903AF8EEE77A67EE5E
:10226000807AC1ED0F7AE2D1013705F1800504F1E2
:10227000120448F10008464508BFBA45D0D1A2E78C
:1022800012F01F084FF000097FF4DEAE4FEA521A39
:102290004FEA5B174AEACB6A5AEA5B1B93D005F117
:1022A00080068B465D46A6F1800435F8010BFFF7EA
:1022B0005BFE15F9013F07EE903AF8EEE77A67EE1C
:1022C000807AE4EC017AB442F3D118F1010806F106
:1022D00080060BF1220B49F100094F4508BFC245AA
:1022E000E0D170E702F0FF084FF00009B8F1000FED
:1022F0007FF4AAAE4FEA122C4FEA1B234CEA0B6C78
:1023000002935CEA1B2B3FF45EAF05F1800A0D4699
:10231000CDF80CC029466C880AF18007564631F882
:10232000040B4FF0000B0191FFF71EFE204605F154
:102330000F04F0EE407AFFF717FE019901950DF1B9
:1023400027030DF126025846A6F18005FFF73CFE53
:102350009DF826200BF1010005EE102A9DF827209C
:1023600005EE902A0DF12602FFF72EFE9DF826308D
:10237000B8EEC55A224606EE903A9DF82730F8EEA0
:10238000E55A06EE103AF8EEE66A25EE275AB8EE60
:10239000C66A65EE805A66EEA76A26EE006A12F8F3
:1023A000013F03F00F0307EE103A3346F8EEC74A39
:1023B000B0EE657A95EE247AA5EC017AB542EED1BD
:1023C000204610F8012F120907EE102AF8EEC75A1E
:1023D000B0EE467A96EEA57AA3EC017ABB42F0D134
:1023E0000BF1020B03F5807706F580762034BBF104
:1023F000080FA4D118F10108019D0AF5806A49F17E
:1024000000099035DDE902234A4508BF434581D1E3
:10241000D9E600BFF0B55609059F46EAC36656EAFD
:1024200053134FD000F18001F7EE005AF6EE006A28
:10243000069D013F9FED256A9FED255A01EBC616CB
:1024400000246FF07E0E03469FED217AF3EC017AB3
:10245000F0EEE77AF4EEC77AF1EE10FA37FE877AFB
:102460009942F3D1C7EE067AF5EEC07AE5EC017A2F
:10247000F1EE10FA27DD85EEA77A07EB040C024691
:102480000FE077EEA67AFDEEE77A17EE903A734505
:10249000B8BF73467F2BA8BF7F2391420CF8013F42
:1024A0000BD0F2EC017A67EE877AF5EEC07AF1EEA6
:1024B00010FAE6D577EEE67AE5E780312034803011
:1024C000B142C0D1F0BDB0EE457AD6E70000FE4281
:1024D0000000000000B54FEA521E01994EEAC36E9B
:1024E0005EEA531312D0A1F1040C1F300CEB8E0ED8
:1024F000A0F12003002213F9011F83420A44FAD1FC
:102500004CF8042FF44500F12000F1D100BD00BFCC
:102510002DE9F04F2DED068B91B0209C4FEA142E43
:10252000219C4EEA046E250A5EEA14240C9500F004
:1025300024814FF000090433044615464E46884670
:102540000593CDF834E09FED90AB23466788AB460A
:102550004FF0000A33F8040B0293FFF705FD3846ED
:10256000B0EE409AFFF700FD059BB7EEC08A04F17C
:102570003007043BB7EEC99A0B96069308F1240383
:10258000CDE907450193CDE909890DF13F03029992
:102590000DF13E025046FFF717FDA7F120044FF062
:1025A000000C019B2146A3F1200EE046E146664661
:1025B000CDE903AB0A68083151F8043C8F425EF85C
:1025C000045C02F00F3203F00F335EF8080B2FFAB1
:1025D00082FA2FFA85FB2FFA92F22FFA95F52AFB51
:1025E0000B6622FB05992FFA83F22FFA80F52FFA5A
:1025F00093F32FFA90F022FB058823FB00CCD9D16E
:102600009DF83F30E0444E440DF13E0203EE103A97
:102610009DF83E304644029905EE103AB8EEC33BB1
:10262000069B07EE906AB8EEC55B002623EE083BDA
:10263000B0463546B8EEE76B25EE095BDDE903AB46
:1026400053F82A300AF101009BED004A07EE903A58
:102650000393B7EEC44A0DF13F03B8EEE77B27EED4
:10266000437BA5EE067BA4EE07ABFFF7ADFCDDF8E0
:1026700004C0B646CDF80CA02268083454F8043CD7
:102680001209A7424FEA13135CF8040C02F00F3250
:102690005CF8081B03F00F332FFA82F92FFA80FA47
:1026A0002FFA92F22FFA90F029FB0A5522FB0088AC
:1026B0002FFA83F22FFA81F02FFA93F32FFA91F188
:1026C00022FB00EE23FB0166D6D1019B4544B644B4
:1026D000DDF80CA040339BED014A7544203701938F
:1026E000B7EEC44A9DF83F3007EE905A0BF1080B45
:1026F00005EE103A059BB8EEE76BB8EEC55B53F8F4
:102700002A300AF1020A07EE903A039325EE085B9D
:102710009DF83E30BAF1080FB8EEE77B27EE457B17
:1027200005EE103AB8EEC55B25EE095BA5EE067B1B
:10273000A4EE07AB7FF429AF059A0B9E2032DDE9AA
:102740000989059219F1010308F58078994646F147
:102750000006DDE90C23DDE90745B24208BF4B4521
:1027600004F1900405F120057FF4EFAEB7EECA0B3B
:1027700011B0BDEC068BBDE8F08F9FED050A11B0DE
:10278000BDEC068BBDE8F08F0000000000000000EB
:1027900000000000000000002DE9F04F0C282DED96
:1027A000068BA1B005920793DDE9303200F0188165
:1027B0000E280BD0082800F0E381DFED877A87EE42
:1027C000A70A21B0BDEC068BBDE8F08F4FEA1328B5
:1027D000130A48EA02681493804B1E68149B002E6B
:1027E00000F00A8358EA030300F0FD83059F18AB4D
:1027F0004FF000090C463D4600270693CDF8548063
:102800009FED738BB4F8D000A246FFF7ADFBB7EE97
:10281000C09AFB0004F1C10612944FF000080F9318
:102820006B1E80341397CDE91035069B20220021C2
:102830001846751E1BF0D8F9611E00220AF1FF3BF5
:10284000019110999446049201EB08070C960592A9
:10285000CDE90222CDE908A4CDE90A85CDE90D90A4
:102860000BE05AF8203C02935AF8183C05935AF8AA
:10287000103C03935AF8083C0493019B0CF1010CA3
:102880001BF801EF013713F8016FBCF1200F0EF0B8
:102890000F0597F920904FEA860001939BF82030AE
:1028A0004FEA061400F0300006F0300103F00F0A82
:1028B0004FEAA61604F030044FEA131340EA0A0068
:1028C00097F9408044EA050443EA061341EA1E15DD
:1028D000A0F12000059920AE97F960E0A5F1200550
:1028E00006EB820609FB0010049AA3F1200303996A
:1028F000A4F120040EFB03234FEA2C1208FB05155C
:1029000020A997F900E001EB820A029905960EFBD7
:10291000041446F8180C46F8204C46F8105C46F8AB
:10292000083C9ED1DDE90E32DDE90A85DDE908A427
:1029300002EB5810079A194602EB80000022DDE9ED
:102940000C69B0EC017A083115F91270B7EEC77A4C
:1029500051ED025A06EE107A16F91270B8EEE55BE8
:10296000013227EE097B042AB8EEC66B26EE076B10
:10297000A6EE058B06EE107AB8EEC66B26EE077B48
:1029800051ED016AB8EEE66BA7EE068BD9D10AF1DC
:10299000400A20340836B8F1000F00F00283139F7C
:1029A0007B1C1F4649F10009DDE91423DDE91154C0
:1029B000914508BF9F4204F1D20405F580757FF46C
:1029C00021AFB7EEC80B21B0BDEC068BBDE8F08F90
:1029D0000000000000000000000000008CB903208F
:1029E0001B0A43EA0263120A0892874A1268002A05
:1029F00000F00C81089A1A4300F0F582079A0DF155
:102A00005F00059C0DF1600B029200220190039281
:102A1000049222460C4607939FED79ABA246658847
:102A2000059204F10F093AF8040B0027FFF79CFA0E
:102A3000B0EE409A2846FFF797FA059AB7EEC99A82
:102A4000DDF80880B7EEC08A02F11F0502F13F06EB
:102A50000694514638465B46019AFFF7B5FA0021C5
:102A6000A5F12004CC46084614F9012F1CF8013FBB
:102A7000A542114403F00F0313FB0200F4D19DF8AB
:102A8000603006EE900A07EE901A98ED005A06EEB6
:102A9000103AB8EEE64BB8EEE77B9DF85F30B8EE43
:102AA000C66B5146B7EEC55A781C019A26EE086BE4
:102AB00027EE467B06EE103A5B46B8EEC66B26EE76
:102AC000096BA6EE047BA5EE07ABFFF77DFA0021AC
:102AD000CC46084614F9012F1CF8013FA6421144C8
:102AE0004FEA131313FB0200F4D19DF8603006EE99
:102AF000900A07EE901A98ED015A06EE103AB8EED9
:102B0000E64BB8EEE77B9DF85F30B8EEC66B023758
:102B1000B7EEC55A08F10808082F05F1400526EE62
:102B2000086B09F1200906F1400627EE467B06EE08
:102B3000103AB8EEC66B26EE096BA6EE047BA5EE46
:102B400007AB86D10299039B20310133029104998E
:102B5000039341F10001DDE90705DDE90524A94200
:102B600008BF8342049104F1900402F580727FF45F
:102B700055AFB7EECA0B21B0BDEC068BBDE8F08FA8
:102B80005F09550947EAC26757EA521200F02B82E3
:102B9000059B0026DDF81C8001F1210403F1FF39BB
:102BA000B2469FED178B34F8210CFFF7DDF9A4F145
:102BB00020034946002213F901CF11F9010FA34266
:102BC0001CFB0022F7D1B8EC015AB7EEC06A0136FF
:102BD00007EE902AB7EEC55A09F120094AF1000A1A
:102BE000B8EEE77B03F1220426EE056B554508BFDE
:102BF000B742A6EE078BD6D1B7EEC80BE3E600BF0F
:102C000000000000000000008CB903200898184361
:102C100000F0E9819146DDF81CA018AA0C46D046C8
:102C20004FF001160692CA460DF15F020D939FED1B
:102C3000DE8B0192234665884FF0000B474633F840
:102C4000040B0393FFF790F9B0EE40AA2846FFF774
:102C50008BF9059BB7EEC09A04F13005B7EECAAA0E
:102C60002033CDF808B00793CDE90984CDE90BA94D
:102C7000069BA5F12004019ADDE90201FFF7A4F902
:102C80004FF0000C059B2146E046E14603EB0B0AA2
:102C9000E646CDF810B051F8043B5AF8042BA9428F
:102CA00003F00F332FFA82F02FFA83FB2FFA92F200
:102CB0002FFA93F32BFB00EE20FB068823FB0299EF
:102CC00022FB06CCE7D108EB0C03CE4497ED004A7B
:102CD00007EE103A9DF8603006EE90EAB7EEC44A6F
:102CE00005EE103AB8EEC77B9DF85F30B8EEE66BA4
:102CF000B8EEC55B019ADDF810B025EE095BDDE9A1
:102D0000020127EE457B05EE103A0130069BB8EE36
:102D1000C55B25EE0A5BA5EE067BA4EE078BFFF7ED
:102D200053F90020079B864603EB0B098046844637
:102D300054F8043B59F8042B1B09AC422FFA82FAD1
:102D400003F00F332FFA92F22FFA83F12AFB06EEEB
:102D50002FFA93F321FB0ACC23FB028822FB060007
:102D6000E6D10EEB0003C44497ED014A0BF1400B92
:102D700007EE103A029B06EE90CAB7EEC44A023341
:102D8000B8EEC77BB8EEE66BBBF5807F029304F12B
:102D900020059DF8603007F1080705EE103A9DF810
:102DA0005F30B8EEC55B25EE095B27EE457B05EE8F
:102DB000103AB8EEC55B25EE0A5BA5EE067BA4EEE5
:102DC000078B7FF455AF059A02F58072DDE90BA9F8
:102DD00005921AF10103089A9A4649F100090D9BE0
:102DE000DDE90984914508BF9A4504F1900408F192
:102DF00020087FF41FAFE4E558EA030200F0F380F7
:102E000018AA0D46B1464FF0203B34469A4606922A
:102E1000CDF848809FED648BB5F8D00005F18007B0
:102E20000495FFF7A1F8E300B7EEC00A4FEA042CBF
:102E300000200E9305F1C1030F95CDE910495446CA
:102E40005E1E5B49DFF870A1DFF87091DDE905587F
:102E5000CDE908066544CDE90AC3CDE901A1CDE974
:102E60000C84049B4FF0000E19F8014B704672461B
:102E70001C44029BCDF80C8013F8016B0293019B5C
:102E800013F801CB0193B958A35821FA0CF1F34080
:102E9000090103F00F3301F030310B43A95804321C
:102EA000C3FA0BF3102A2FFA81FA2FFA83F82FFABC
:102EB00091F12FFA93F328FB0A0023FB01EEE2D1F4
:102EC0007044DDF80C804FF0000EC8F80000724628
:102ED0007046BB181969A31821FA0CF11B69090186
:102EE000F34001F0303103F00F330B43A9180432E3
:102EF0000969102AC3FA0BF32FFA81FA2FFA83F823
:102F00002FFA91F12FFA93F328FB0A0023FB01EE2D
:102F1000DFD1284B7044DDF80C8020354B45C8F8D4
:102F2000040008F108089CD10E99DDE90806DDE9E6
:102F30000AC301EB50150799DDE90C2401EB850567
:102F40000021B5EC017A083216F911E0B7EEC77A24
:102F500052ED025A06EE10EA13F911E0B8EEE54B15
:102F6000013127EE007B0429B8EEC66B26EE076B15
:102F7000A4EE068B06EE10EAB8EEC66B26EE077BD3
:102F800052ED016AB8EEE66BA6EE078BD9D1049A32
:102F9000203708330CF1800C4032049290B9802025
:102FA0004EE74FF0800841E4000000000000000000
:102FB0007C0700207C0700201407002078070020F1
:102FC00000000000A246109CDDF84490631C0F9D99
:102FD0001C4649F10009129BD235D14508BF9C42DD
:102FE0007FF41AAFEDE41FED0A0AFFF7EABB00BF5A
:102FF00000207047144B4FF000721449C3F884202E
:1030000003F18D73DFF84CC003F58F334868DCF8AB
:1030100000208333A3FB0232920C4B681B1A9A42A6
:10302000FBD8094A4FF00070094BC2F88800486885
:10303000DCF800200549A3FB0232920C4B681B1AF6
:103040009A42FBD8704700BF00C00042001000E069
:1030500083DE1B438C3400202DE9F04F8BB00291AE
:103060000092002A00F0DD80030D81467449099327
:10307000030CDFF8E4B10893030B0793030A0593ED
:103080000309049300F00F0306936E4B5A686E48D1
:1030900042F07D5200685A60009A824228BF024680
:1030A0006A4892466A4A00681268019242F0012218
:1030B00042F4800222EA000222F078521A60086884
:1030C00040B1002400BF013408688442FAD360484C
:1030D00000680190099842F0605842F0305E00F0BC
:1030E0000F0C089800F00F07079842EA8C6C00F06C
:1030F0000F06059842EA876700F00F05049842EA38
:10310000866600F00F04069842EA856542EA806010
:1031100042EA8464039042F06850C3F8008018606B
:10312000C3F8008042F03858C3F800E0C3F80080CC
:10313000C3F800E04CF0007EC3F800C0C3F800E024
:10314000C3F800C047F0007C1F60C3F800C01F60D8
:1031500046F000771E601F601E6045F000761D601F
:1031600003981E601D6044F000751C601D601C60AB
:1031700040F0007418601C601860586820F07050AF
:103180005860344804683CB142F0007500200130BA
:103190001D601A60A042FAD1BAF1000F44D0029823
:1031A00042F000750AEB0006441E013E1D609F6858
:1031B0001A601D60BF0E98681A60C0F3836040EA11
:1031C000071004F8010FB442F0D1019A1A605A684E
:1031D00042F07D525A60DBF8002032B1002200BF7D
:1031E0000132DBF800008242F9D3009AB2EB0A0206
:1031F000009216D0029AD144524402924FEA1952D8
:1032000009924FEA194208924FEA193207924FEA9F
:10321000192205924FEA1912049209F00F02069240
:1032200034E70BB0BDE8F08F019A1A605A6842F09B
:103230007D525A60DBF80020002ACFD126E700BF7C
:103240001C02032000C00042A4340020A834002047
:10325000B0FC0220AC34002020020320002A00F041
:10326000FD80030CDFF80CC22DE9F04F87B04FEA68
:10327000105982460F460593030B794E1546049369
:10328000030ADFF8F4E102930309019300F00F034E
:1032900074480393744B75495A68096842F07D522B
:1032A000A9425A6028BF2946714A8B463168126884
:1032B00041F0012141F4800121EA020121F078511D
:1032C0001960DCF8002032B1002400BF0134DCF8C2
:1032D00000209442F9D341F0605241F068541A60E2
:1032E0001C6000BF1A6000BF41F0305241F03854FA
:1032F0001A601C6000BF1A6000BF09F00F0241EAAB
:10330000826242F000741A601C6000BF1A6000BF45
:10331000059A02F00F0241EA826242F000741A60DC
:103320001C6000BF1A6000BF049A02F00F0241EA5D
:10333000826242F000741A601C6000BF1A6000BF15
:10334000029A02F00F0241EA826242F000741A60AF
:103350001C6000BF1A6000BF019A02F00F0241EA30
:10336000826242F000741A601C6000BF1A6000BFE5
:10337000039A41EA826242F000741A601C6000BF46
:103380001A6000BF5A6822F070525A60026862B137
:1033900041F000720024A8461A6000BF196000BF07
:1033A00001340568A542F7D84546BBF1000F47D068
:1033B0000BEB070941F0007407F1FF38CDF804B0BA
:1033C00009F1FF391C6000BFD3F808B0196000BFD5
:1033D0001C6000BF9A68196000BFC2F383624FEAA5
:1033E0009B6B42EA0B1208F8012FC845EAD13268FC
:1033F000DDF804B01A605A6842F07D525A60DEF877
:10340000002032B1002100BF0131DEF800209142DE
:10341000F9D3B5EB0B051ED0DA445F444FEA1A42EC
:103420004FEA1A5905924FEA1A3204924FEA1A22C9
:1034300002924FEA1A1201920AF00F0203922AE74F
:1034400032681A605A6842F07D525A60DEF80020F5
:10345000002AD7D11FE707B0BDE8F08F704700BF43
:10346000B0FC0220AC34002000C00042A434002094
:10347000A83400201C0203202002032040EA8160BF
:10348000074B40F0007218601A6000BF00BF00BF19
:1034900000BF186000BF00BF00BF00BF704700BF83
:1034A00000C0004240EA8160084B40F000721860A2
:1034B0001A6000BF00BF00BF00BF00BF186000BFA0
:1034C00000BF00BF00BF00BF704700BF00C0004288
:1034D00040EA8160094B40F0007218601A6000BF3A
:1034E00000BF00BF00BF00BF00BF186000BF00BF2B
:1034F00000BF00BF00BF00BF704700BF00C0004258
:1035000040EA81600A4B40F0007218601A6000BF08
:1035100000BF00BF00BF00BF00BF00BF186000BFFA
:1035200000BF00BF00BF00BF00BF00BF704700BFAB
:1035300000C0004200B507228E46DFF828C04EFAD0
:1035400002F3013A9B0603F08063034343F00071EA
:10355000CCF80030CCF80010CCF80030531CEED181
:1035600000BD00BF00C00042002A00F08B8013465F
:10357000020C2DE9F04F85B080468946424E0192FB
:103580004FEA102BC2B2414D414C02926268414950
:1035900042F07D52DFF808C1096862603E4A9942F4
:1035A000D2F800A028BF19463C4A4AEA0C0C009108
:1035B00012682CEA020C2CF0785747F0405020603B
:1035C000326842B1002100BF013132688A42FAD824
:1035D000314AD2F800A003210393FFF7ABFF9DF817
:1035E0000410FFF7A7FF5FFA8BF1FFF7A3FF029923
:1035F000FFF7A0FF6268039B22F000626260009AFE
:103600009AB302EB090B47F0485709F1FF3E0BF163
:10361000FF3B08214FF0000C27600139A2682060B1
:10362000C2F3C06242EA4C0CF6D10EF801CFDE457F
:10363000EFD1C4F800A0626842F07D5262602A684F
:103640002AB1002200BF013229688A42FAD3009AC7
:103650009B1A14D0904491444FEA18424FEA182B19
:1036600001925FFA88F2029290E7C4F800A06268C3
:1036700042F07D5262602A68002AE2D186E705B0F6
:10368000BDE8F08F704700BF1C020320200203201A
:1036900000C00042A4340020B0FC0220A834002066
:1036A000000140012DE9F04F85B00192002A00F0A1
:1036B0008780030C80468946484E02934FEA102BC0
:1036C000C3B2474D474C03936368474A43F07D5369
:1036D000DFF824C112686360019B9A4228BF1A4632
:1036E000424BD3F800A0424B4AEA0C0C00921B68F4
:1036F0002CEA030C2CF0785747F0405020603368D8
:1037000043B1002200BF013233689A42FAD3374BEB
:10371000D3F800A00B21FFF70DFF9DF80810FFF76D
:1037200009FF5FFA8BF1FFF705FF0399FFF702FF2F
:10373000636823F0006363602E4B1A683AB147F068
:10374000485100230133216020609342FAD1009B4D
:10375000002B38D0009B47F0485709F1FF3E03EBA0
:10376000090B0BF1FF3B082200212760013AA368F7
:103770002060C3F3C06343EA4101F6D10EF8011F94
:10378000DE45F0D1C4F800A0636843F07D53636068
:103790002B682BB1002300BF01332A689342FAD370
:1037A000DDE90032D21A01920AD0984499444FEAD6
:1037B00018434FEA182B02935FFA88F3039383E7C9
:1037C00005B0BDE8F08FC4F800A0636843F07D53F6
:1037D00063602B68002BDDD176E700BF1C0203205D
:1037E0002002032000C00042A4340020B0FC0220CC
:1037F000A8340020B43400200001400100B50722A5
:103800008E46DFF828C04EFA02F39B0603F0806371
:10381000034343F00071CCF80030CCF8001000BF37
:10382000CCF8003000BF013AEDD200BD00C000422C
:10383000002A00F08F801346020C2DE9F04F85B06E
:1038400080468946DFF824A102924FEA102BC2B2CB
:10385000414E424D424C019242496268096842F031
:103860007D529942626028BF1946DAF80020009123
:1038700042F001223C4942F48002096822EA010C2C
:103880002CF0785747F04050206032682AB1002170
:1038900000BF013132689142FAD303210393FFF74D
:1038A000ADFF9DF80810FFF7A9FF5FFA8BF1FFF756
:1038B000A5FF0199FFF7A2FF6268039B22F0006257
:1038C0006260009A002A37D0009A47F0485709F101
:1038D000FF3E02EB090B0BF1FF3B08214FF0000C00
:1038E000276000BFA2682060C2F3C06242EA4C0CAD
:1038F00000BF0139F4D10EF801CFDE45EDD1DAF881
:1039000000202260626842F07D5262602A682AB11B
:10391000002200BF013229688A42FAD3009A9B1A1A
:1039200015D0904491444FEA18424FEA182B029266
:103930005FFA88F201928FE7DAF80020226062686D
:1039400042F07D5262602A68002AE1D184E705B026
:10395000BDE8F08F704700BF1C0203202002032047
:1039600000C00042A4340020A8340020B0FC022093
:10397000002A00F0AE800B46010C2DE9F04F87B015
:103980008146DFF868A10291010A524F0191C1B24C
:10399000514E524D524C039152486168006841F0BB
:1039A0007D519042616028BF1046DAF800108046D1
:1039B00041F001214C4841F48001006821EA000CEB
:1039C0002CF0785B4BF040502060396839B14FF0F3
:1039D000000C00BF0CF1010C39688C45F9D30B21A8
:1039E000CDE90432FFF70AFF9DF80810FFF706FF44
:1039F0009DF80410FFF702FF0399FFF7FFFE6168CF
:103A000021F0006161603168DDE9043271B14BF091
:103A100048514FF0000C9E46216000BF206000BF5F
:103A20000CF1010C33686345F6D87346B8F1000F0A
:103A300041D04BF0485C194608EB030B03F1FF3E05
:103A400063468C460BF1FF3BCDE901894FF0080836
:103A50004FF00009236000BFA1682060C1F3C0617E
:103A600041EA490900BFB8F10108F3D10EF8019FFE
:103A7000DE45EBD1DAF800106346DDE9018921600B
:103A8000616841F07D516160296829B1002100BF62
:103A9000013128688142FAD3B2EB080216D0C14442
:103AA00043444FEA194102914FEA192101915FFA0B
:103AB00089F1039170E7DAF800102160616841F044
:103AC0007D51616029680029E0D165E707B0BDE854
:103AD000F08F70471C020320B43400202002032022
:103AE00000C00042A4340020A8340020B0FC022012
:103AF00000B507228E46DFF82CC04EFA02F39B0673
:103B000003F08063034343F00071CCF80030CCF83D
:103B1000001000BF00BFCCF8003000BF00BF013A6A
:103B2000EBD200BD00C00042002A00F09180134695
:103B3000020C2DE9F04F85B080468946DFF828A1B8
:103B400001924FEA102BC2B2424E434D434C0292B7
:103B500043496268096842F07D529942626028BF19
:103B60001946DAF80020009142F001223D4942F462
:103B70008002096822EA010C2CF0785747F0405087
:103B8000206032682AB1002100BF013132689142C1
:103B9000FAD303210393FFF7ABFF9DF80410FFF75F
:103BA000A7FF5FFA8BF1FFF7A3FF0299FFF7A0FFD2
:103BB0006268039B22F000626260009A002A39D09A
:103BC000009A47F0485709F1FF3E02EB090B0BF151
:103BD000FF3B08214FF0000C276000BF00BFA26828
:103BE0002060C2F3C06242EA4C0C00BF00BF013942
:103BF000F2D10EF801CFDE45EBD1DAF800202260D9
:103C0000626842F07D5262602A682AB1002200BFD9
:103C1000013229688A42FAD3009A9B1A15D090443F
:103C200091444FEA18424FEA182B01925FFA88F24A
:103C300002928DE7DAF800202260626842F07D523D
:103C400062602A68002AE1D182E705B0BDE8F08F02
:103C5000704700BF1C0203202002032000C0004266
:103C6000A4340020A8340020B0FC0220002A00F078
:103C7000B2800B46010C2DE9F04F87B08146DFF88A
:103C800070A10391010A544F0291C1B2534E544D99
:103C9000544C019154486168006841F07D51904254
:103CA000616028BF1046DAF80010804641F001211B
:103CB0004E4841F48001006821EA000C2CF0785B4A
:103CC0004BF040502060396839B14FF0000C00BF14
:103CD0000CF1010C39688C45F9D30B21CDE9043284
:103CE000FFF706FF9DF80C10FFF702FF9DF8081084
:103CF000FFF7FEFE0199FFF7FBFE616821F000610E
:103D000061603168DDE9043281B14BF048514FF018
:103D1000000C9E46216000BF00BF206000BF00BFB6
:103D20000CF1010C33686345F4D87346B8F1000F09
:103D300043D04BF0485C194608EB030B03F1FF3E00
:103D400063468C460BF1FF3BCDE901894FF0080833
:103D50004FF00009236000BF00BFA1682060C1F3DD
:103D6000C06141EA490900BF00BFB8F10108F1D1C3
:103D70000EF8019FDE45E9D1DAF800106346DDE96F
:103D800001892160616841F07D516160296829B134
:103D9000002100BF013128688142FAD3B2EB08024A
:103DA00016D0C14443444FEA194103914FEA192107
:103DB00002915FFA89F101916CE7DAF80010216055
:103DC000616841F07D51616029680029E0D161E7B7
:103DD00007B0BDE8F08F70471C020320B434002008
:103DE0002002032000C00042A4340020A834002098
:103DF000B0FC022000B507228E46DFF830C04EFA34
:103E000002F39B0603F08063034343F00071CCF898
:103E10000030CCF8001000BF00BF00BFCCF800306D
:103E200000BF00BF00BF013AE9D200BD00C00042A0
:103E3000002A00F093801346020C2DE9F04F85B064
:103E400080468946DFF82CA101924FEA102BC2B2BE
:103E5000434E444D444C029244496268096842F022
:103E60007D529942626028BF1946DAF8002000911D
:103E700042F001223E4942F48002096822EA010C24
:103E80002CF0785747F04050206032682AB100216A
:103E900000BF013132689142FAD303210393FFF747
:103EA000A9FF9DF80410FFF7A5FF5FFA8BF1FFF75C
:103EB000A1FF0299FFF79EFF6268039B22F0006258
:103EC0006260009A002A3BD0009A47F0485709F1F7
:103ED000FF3E02EB090B0BF1FF3B08214FF0000CFA
:103EE000276000BF00BF00BFA2682060C2F3C062AD
:103EF00042EA4C0C00BF00BF00BF0139F0D10EF800
:103F000001CFDE45E9D1DAF800202260626842F094
:103F10007D5262602A682AB1002200BF01322968FE
:103F20008A42FAD3009A9B1A15D0904491444FEAE2
:103F300018424FEA182B01925FFA88F202928BE73F
:103F4000DAF800202260626842F07D5262602A68DE
:103F5000002AE1D180E705B0BDE8F08F704700BFCF
:103F60001C0203202002032000C00042A4340020D1
:103F7000A8340020B0FC0220002A00F0B6800B46D6
:103F8000010C2DE9F04F87B08146DFF878A103914D
:103F9000010A564F0291C1B2554E564D564C0191F1
:103FA00056486168006841F07D519042616028BFC9
:103FB0001046DAF80010804641F00121504841F4E3
:103FC0008001006821EA000C2CF0785B4BF0405037
:103FD0002060396839B14FF0000C00BF0CF1010CC2
:103FE00039688C45F9D30B21CDE90432FFF702FF84
:103FF0009DF80C10FFF7FEFE9DF80810FFF7FAFE83
:104000000199FFF7F7FE616821F000616160316896
:10401000DDE9043291B14BF048514FF0000C9E465F
:10402000216000BF00BF00BF206000BF00BF00BF15
:104030000CF1010C33686345F2D87346B8F1000FF8
:1040400045D04BF0485C194608EB030B03F1FF3EEB
:1040500063468C460BF1FF3BCDE901894FF0080820
:104060004FF00009236000BF00BF00BFA1682060BF
:10407000C1F3C06141EA490900BF00BF00BFB8F108
:104080000108EFD10EF8019FDE45E7D1DAF8001004
:104090006346DDE901892160616841F07D5161601D
:1040A000296829B1002100BF013128688142FAD373
:1040B000B2EB080216D0C14443444FEA19410391C0
:1040C0004FEA192102915FFA89F1019168E7DAF864
:1040D00000102160616841F07D516160296800290C
:1040E000E0D15DE707B0BDE8F08F70471C02032008
:1040F000B43400202002032000C00042A434002079
:10410000A8340020B0FC022000B507228E46DFF85C
:1041100034C04EFA02F39B0603F08063034343F07E
:104120000071CCF80030CCF8001000BF00BF00BF19
:1041300000BFCCF8003000BF00BF00BF00BF013A95
:10414000E7D200BD00C000422DE9F04F85B00092DB
:10415000002A65D0030A8046364D040C0293894636
:10416000C3B2354EDFF8E4A00393DAF80420334BF2
:1041700042F07D5232481968324BCAF80420324A64
:104180001B6812681843009F20EA02008F4220F04B
:10419000785028BF0F4640F04050CAF800002A6807
:1041A0003AB1002100BF01312B689942FAD3254B67
:1041B0001B6802210193FFF7A7FFE1B2FFF7A4FFFD
:1041C0009DF80810FFF7A0FF0399FFF79DFF019BE3
:1041D0004FB307EB090401979B4609F1FF37013CF8
:1041E00017F8011FFFF790FFA742F9D1019FCAF806
:1041F00000B032682AB1002200BF013233689A420F
:10420000FAD3009BDB1B00930AD0B844B9444FEAB1
:1042100018234FEA184402935FFA88F30393A4E744
:1042200005B0BDE8F08FCAF800303268002AE2D14C
:104230009BE700BF1C02032020020320A4340020BF
:1042400000014001B0FC0220A834002000C0004260
:10425000002A00F095801346020C2DE9F04F85B03E
:1042600080468946DFF830A101924FEA102BC2B296
:10427000444E454D454C029245496268096842F0FA
:104280007D529942626028BF1946DAF800200091F9
:1042900042F001223F4942F48002096822EA010CFF
:1042A0002CF0785747F04050206032682AB1002146
:1042B00000BF013132689142FAD303210393FFF723
:1042C00023FF9DF80410FFF71FFF5FFA8BF1FFF744
:1042D0001BFF0299FFF718FF6268039B22F0006240
:1042E0006260009A002A3DD0009A47F0485709F1D1
:1042F000FF3E02EB090B0BF1FF3B08214FF0000CD6
:10430000276000BF00BF00BF00BFA2682060C2F3EB
:10431000C06242EA4C0C00BF00BF00BF00BF0139C1
:10432000EED10EF801CFDE45E7D1DAF800202260A9
:10433000626842F07D5262602A682AB1002200BFA2
:10434000013229688A42FAD3009A9B1A15D0904408
:1043500091444FEA18424FEA182B01925FFA88F213
:10436000029289E7DAF800202260626842F07D520A
:1043700062602A68002AE1D17EE705B0BDE8F08FCF
:10438000704700BF1C0203202002032000C000422F
:10439000A4340020A8340020B0FC0220002A00F041
:1043A000BA800B46010C2DE9F04F87B08146DFF84B
:1043B00080A10291010A584F0191C1B2574E584D48
:1043C000584C039158486168006841F07D51904213
:1043D000616028BF1046DAF80010804641F00121E4
:1043E000524841F48001006821EA000C2CF0785B0F
:1043F0004BF040502060396839B14FF0000C00BFDD
:104400000CF1010C39688C45F9D30B21CDE904324C
:10441000FFF77AFE9DF80810FFF776FE9DF804106E
:10442000FFF772FE0399FFF76FFE616821F00061EC
:1044300061603168DDE90432A1B14BF048514FF0C1
:10444000000C9E46216000BF00BF00BF00BF20607F
:1044500000BF00BF00BF00BF0CF1010C3368634513
:10446000F0D87346B8F1000F47D04BF0485C1946BE
:1044700008EB030B03F1FF3E63468C460BF1FF3B59
:10448000CDE901894FF008084FF00009236000BF13
:1044900000BF00BF00BFA1682060C1F3C06141EA56
:1044A000490900BF00BF00BF00BFB8F10108EDD14E
:1044B0000EF8019FDE45E5D1DAF800106346DDE92C
:1044C00001892160616841F07D516160296829B1ED
:1044D000002100BF013128688142FAD3B2EB080203
:1044E00016D0C14443444FEA194102914FEA1921C1
:1044F00001915FFA89F1039164E7DAF80010216015
:10450000616841F07D51616029680029E0D159E777
:1045100007B0BDE8F08F70471C020320B4340020C0
:104520002002032000C00042A4340020A834002050
:10453000B0FC022000B507228E46DFF838C04EFAE4
:1045400002F39B0603F08063034343F00071CCF851
:104550000030CCF8001000BF00BF00BF00BF00BF9C
:10456000CCF8003000BF00BF00BF00BF00BF013A61
:10457000E5D200BD00C000422DE9F04F85B00092A9
:10458000002A65D0030A8046364D040C0293894602
:10459000C3B2354EDFF8E4A00393DAF80420334BBE
:1045A00042F07D5232481968324BCAF80420324A30
:1045B0001B6812681843009F20EA02008F4220F017
:1045C000785028BF0F4640F04050CAF800002A68D3
:1045D0003AB1002100BF01312B689942FAD3254B33
:1045E0001B6802210193FFF7A5FFE1B2FFF7A2FFCD
:1045F0009DF80810FFF79EFF0399FFF79BFF019BB3
:104600004FB307EB090401979B4609F1FF37013CC3
:1046100017F8011FFFF78EFFA742F9D1019FCAF8D3
:1046200000B032682AB1002200BF013233689A42DA
:10463000FAD3009BDB1B00930AD0B844B9444FEA7D
:1046400018234FEA184402935FFA88F30393A4E710
:1046500005B0BDE8F08FCAF800303268002AE2D118
:104660009BE700BF1C02032020020320A43400208B
:1046700000014001B0FC0220A834002000C000422C
:10468000002A00F097801346020C2DE9F04F85B008
:1046900080468946DFF834A101924FEA102BC2B25E
:1046A000454E464D464C029246496268096842F0C2
:1046B0007D529942626028BF1946DAF800200091C5
:1046C00042F00122404942F48002096822EA010CCA
:1046D0002CF0785747F04050206032682AB1002112
:1046E00000BF013132689142FAD303210393FFF7EF
:1046F00021FF9DF80410FFF71DFF5FFA8BF1FFF714
:1047000019FF0299FFF716FF6268039B22F000620F
:104710006260009A002A3FD0009A47F0485709F19A
:10472000FF3E02EB090B0BF1FF3B08214FF0000CA1
:10473000276000BF00BF00BF00BF00BFA2682060AD
:10474000C2F3C06242EA4C0C00BF00BF00BF00BF12
:1047500000BF0139ECD10EF801CFDE45E5D1DAF822
:1047600000202260626842F07D5262602A682AB1AD
:10477000002200BF013229688A42FAD3009A9B1AAC
:1047800015D0904491444FEA18424FEA182B0192F9
:104790005FFA88F2029287E7DAF800202260626806
:1047A00042F07D5262602A68002AE1D17CE705B0C0
:1047B000BDE8F08F704700BF1C02032020020320D9
:1047C00000C00042A4340020A8340020B0FC022025
:1047D000002A00F0BE800B46010C2DE9F04F87B097
:1047E0008146DFF888A10291010A5A4F0191C1B2B6
:1047F000594E5A4D5A4C03915A486168006841F02D
:104800007D519042616028BF1046DAF80010804662
:1048100041F00121544841F48001006821EA000C74
:104820002CF0785B4BF040502060396839B14FF084
:10483000000C00BF0CF1010C39688C45F9D30B2139
:10484000CDE90432FFF776FE9DF80810FFF772FEFF
:104850009DF80410FFF76EFE0399FFF76BFE616889
:1048600021F0006161603168DDE90432B1B14BF0E3
:1048700048514FF0000C9E46216000BF00BF00BFB2
:1048800000BF00BF206000BF00BF00BF00BF00BF6F
:104890000CF1010C33686345EED87346B8F1000F94
:1048A00049D04BF0485C194608EB030B03F1FF3E7F
:1048B00063468C460BF1FF3BCDE901894FF00808B8
:1048C0004FF00009236000BF00BF00BF00BF00BF62
:1048D000A1682060C1F3C06141EA490900BF00BF7F
:1048E00000BF00BF00BFB8F10108EBD10EF8019F77
:1048F000DE45E3D1DAF800106346DDE90189216085
:10490000616841F07D516160296829B1002100BFD3
:10491000013128688142FAD3B2EB080216D0C144B3
:1049200043444FEA194102914FEA192101915FFA7C
:1049300089F1039160E7DAF800102160616841F0C5
:104940007D51616029680029E0D155E707B0BDE8D5
:10495000F08F70471C020320B43400202002032093
:1049600000C00042A4340020A8340020B0FC022083
:1049700000B507228E46DFF83CC04EFA02F39B06D4
:1049800003F08063034343F00071CCF80030CCF8AF
:10499000001000BF00BF00BF00BF00BF00BFCCF8C9
:1049A000003000BF00BF00BF00BF00BF00BF013A22
:1049B000E3D200BD00C000422DE9F04F85B0009267
:1049C000002A65D0030A8046364D040C02938946BE
:1049D000C3B2354EDFF8E4A00393DAF80420334B7A
:1049E00042F07D5232481968324BCAF80420324AEC
:1049F0001B6812681843009F20EA02008F4220F0D3
:104A0000785028BF0F4640F04050CAF800002A688E
:104A10003AB1002100BF01312B689942FAD3254BEE
:104A20001B6802210193FFF7A3FFE1B2FFF7A0FF8C
:104A30009DF80810FFF79CFF0399FFF799FF019B72
:104A40004FB307EB090401979B4609F1FF37013C7F
:104A500017F8011FFFF78CFFA742F9D1019FCAF891
:104A600000B032682AB1002200BF013233689A4296
:104A7000FAD3009BDB1B00930AD0B844B9444FEA39
:104A800018234FEA184402935FFA88F30393A4E7CC
:104A900005B0BDE8F08FCAF800303268002AE2D1D4
:104AA0009BE700BF1C02032020020320A434002047
:104AB00000014001B0FC0220A834002000C00042E8
:104AC000002A00F099801346020C2DE9F04F85B0C2
:104AD00080468946DFF838A102925FFA80FB020A1D
:104AE000464E474D474C019247496268096842F07B
:104AF0007D529942626028BF1946DAF80020009181
:104B000042F00122414942F48002096822EA010C84
:104B10002CF0785747F04050206032682AB10021CD
:104B200000BF013132689142FAD303210393FFF7AA
:104B30001FFF9DF80810FFF71BFF9DF80410FFF7FB
:104B400017FF5946FFF714FF6268039B22F00062CB
:104B50006260009A002A41D0009A47F0485709F154
:104B6000FF3E02EB090B0BF1FF3B08214FF0000C5D
:104B7000276000BF00BF00BF00BF00BF00BFA2682A
:104B80002060C2F3C06242EA4C0C00BF00BF00BF0D
:104B900000BF00BF00BF0139EAD10EF801CFDE45EA
:104BA000E3D1DAF800202260626842F07D52626050
:104BB0002A682AB1002200BF013229688A42FAD34A
:104BC000009A9B1A15D0904491444FEA18425FFA1C
:104BD00088FB02924FEA1822019285E7DAF800205A
:104BE0002260626842F07D5262602A68002AE1D148
:104BF0007AE705B0BDE8F08F704700BF1C020320C4
:104C00002002032000C00042A4340020A834002069
:104C1000B0FC0220002A00F0C2800B46010C2DE9F6
:104C2000F04F87B08146DFF890A10191010A5C4FF7
:104C30000391C1B25B4E5C4D5C4C02915C48616873
:104C4000006841F07D519042616028BF1046DAF85B
:104C50000010804641F00121564841F4800100686F
:104C600021EA000C2CF0785B4BF040502060396852
:104C700039B14FF0000C00BF0CF1010C39688C45C4
:104C8000F9D30B21CDE90432FFF772FE9DF8041031
:104C9000FFF76EFE9DF80C10FFF76AFE0299FFF712
:104CA00067FE616821F0006161603168DDE904320E
:104CB000C1B14BF048514FF0000C9E46216000BF3F
:104CC00000BF00BF00BF00BF00BF206000BF00BF2B
:104CD00000BF00BF00BF00BF0CF1010C336863458B
:104CE000ECD87346B8F1000F4BD04BF0485C194636
:104CF00008EB030B03F1FF3E63468C460BF1FF3BD1
:104D0000CDE901894FF008084FF00009236000BF8A
:104D100000BF00BF00BF00BF00BFA1682060C1F39B
:104D2000C06141EA490900BF00BF00BF00BF00BF2A
:104D300000BFB8F10108E9D10EF8019FDE45E1D1CD
:104D4000DAF800106346DDE901892160616841F00D
:104D50007D516160296829B1002100BF01312868B7
:104D60008142FAD3B2EB080216D0C14443444FEA61
:104D7000194101914FEA192103915FFA89F10291DA
:104D80005CE7DAF800102160616841F07D516160F4
:104D900029680029E0D151E707B0BDE8F08F7047DE
:104DA0001C020320B43400202002032000C0004273
:104DB000A4340020A8340020B0FC022000B5072253
:104DC0008E46DFF840C04EFA02F39B0603F0806384
:104DD000034343F00071CCF80030CCF8001000BF62
:104DE00000BF00BF00BF00BF00BF00BFCCF8003055
:104DF00000BF00BF00BF00BF00BF00BF00BF013A3F
:104E0000E1D200BD00C000422DE9F04F85B0009214
:104E1000002A65D0030A8046364D040C0293894669
:104E2000C3B2354EDFF8E4A00393DAF80420334B25
:104E300042F07D5232481968324BCAF80420324A97
:104E40001B6812681843009F20EA02008F4220F07E
:104E5000785028BF0F4640F04050CAF800002A683A
:104E60003AB1002100BF01312B689942FAD3254B9A
:104E70001B6802210193FFF7A1FFE1B2FFF79EFF3C
:104E80009DF80810FFF79AFF0399FFF797FF019B22
:104E90004FB307EB090401979B4609F1FF37013C2B
:104EA00017F8011FFFF78AFFA742F9D1019FCAF83F
:104EB00000B032682AB1002200BF013233689A4242
:104EC000FAD3009BDB1B00930AD0B844B9444FEAE5
:104ED00018234FEA184402935FFA88F30393A4E778
:104EE00005B0BDE8F08FCAF800303268002AE2D180
:104EF0009BE700BF1C02032020020320A4340020F3
:104F000000014001B0FC0220A834002000C0004293
:104F1000002A00F09B801346020C2DE9F04F85B06B
:104F200080468946DFF83CA102925FFA80FB020AC4
:104F3000474E484D484C019248496268096842F022
:104F40007D529942626028BF1946DAF8002000912C
:104F500042F00122424942F48002096822EA010C2F
:104F60002CF0785747F04050206032682AB1002179
:104F700000BF013132689142FAD303210393FFF756
:104F80001DFF9DF80810FFF719FF9DF80410FFF7AB
:104F900015FF5946FFF712FF6268039B22F000627B
:104FA0006260009A002A43D0009A47F0485709F1FE
:104FB000FF3E02EB090B0BF1FF3B08214FF0000C09
:104FC000276000BF00BF00BF00BF00BF00BF00BF21
:104FD000A2682060C2F3C06242EA4C0C00BF00BF6E
:104FE00000BF00BF00BF00BF00BF0139E8D10EF80D
:104FF00001CFDE45E1D1DAF800202260626842F09C
:105000007D5262602A682AB1002200BF01322968FD
:105010008A42FAD3009A9B1A15D0904491444FEAE1
:1050200018425FFA88FB02924FEA1822019283E746
:10503000DAF800202260626842F07D5262602A68DD
:10504000002AE1D178E705B0BDE8F08F704700BFD6
:105050001C0203202002032000C00042A4340020D0
:10506000A8340020B0FC0220002A00F0C6800B46C5
:10507000010C2DE9F04F87B08146DFF898A101912E
:10508000010A5E4F0391C1B25D4E5E4D5E4C0291CE
:105090005E486168006841F07D519042616028BFC0
:1050A0001046DAF80010804641F00121584841F4DA
:1050B0008001006821EA000C2CF0785B4BF0405036
:1050C0002060396839B14FF0000C00BF0CF1010CC1
:1050D00039688C45F9D30B21CDE90432FFF76EFE18
:1050E0009DF80410FFF76AFE9DF80C10FFF766FEAE
:1050F0000299FFF763FE616821F000616160316829
:10510000DDE90432D1B14BF048514FF0000C9E461E
:10511000216000BF00BF00BF00BF00BF00BF00BFD5
:10512000206000BF00BF00BF00BF00BF00BF00BFC6
:105130000CF1010C33686345EAD87346B8F1000FEF
:105140004DD04BF0485C194608EB030B03F1FF3ED2
:1051500063468C460BF1FF3BCDE901894FF008080F
:105160004FF00009236000BF00BF00BF00BF00BFB9
:1051700000BF00BFA1682060C1F3C06141EA4909D6
:1051800000BF00BF00BF00BF00BF00BF00BFB8F13D
:105190000108E7D10EF8019FDE45DFD1DAF80010F3
:1051A0006346DDE901892160616841F07D516160FC
:1051B000296829B1002100BF013128688142FAD352
:1051C000B2EB080216D0C14443444FEA19410191A1
:1051D0004FEA192103915FFA89F1029158E7DAF851
:1051E00000102160616841F07D51616029680029EB
:1051F000E0D14DE707B0BDE8F08F70471C020320F7
:10520000B43400202002032000C00042A434002057
:10521000A8340020B0FC0220F8B501210746342054
:1052200007240B4E4FF0806515F0A2F805E0C6F894
:105230008450FDF7DFFE013C09D347FA04F3DB0796
:10524000F5D4C6F88850FDF7D5FE013CF5D2F8BD7F
:1052500000C0004200292DE9F047164622DD451E18
:105260009946A3F1050800244F194FF05C0A07E0A6
:105270005E2A1BD801340370BD4212D0444510DAB7
:1052800015F8013F3019611C222BA3F1200201D037
:105290005C2BEDD1BD4280F800A004F102047354F0
:1052A000ECD1264400233370BDE8F087A9EB04015C
:1052B000024A043418F022FBDEE700BFA80A0020EF
:1052C000044B10B5044640F8103B12F003FB204697
:1052D00010BD00BF082700200A4BDFF838C01B783C
:1052E0009CF800C0022B09D0012B03D0064B53F8C9
:1052F0002C301847054B53F82C301847044B53F803
:105300002C301847380E0420780900202C09002082
:10531000C4090020973700202DE9F04F85B0484E92
:105320006022202302AD8146D6F800806C462F46CD
:10533000DFF820A1CDE9002354F8042BB9F1570F71
:10534000326045D03F490020DAF804B0FFF7C4FFCF
:10535000DAF80430BC42C6F80080A3EB0B0345F832
:10536000043BE9D1DDED027ADDED036AB8EE677B3F
:10537000B8EE666B9FED2C5B37EE466B26EE056B49
:10538000B5EEC06BF1EE10FA47D92F4B9FED285BBD
:1053900093ED004AA6EE457BB8EE444B9FED263BCD
:1053A00094EE037BB0EE475B85EE067BFDEEC77B9C
:1053B00017EE900A0028B8BF073020F00700082831
:1053C000B8BF08206028A8BF602005B0BDE8F08FF6
:1053D00072B11E4B1B491B78501803EBC30303EB40
:1053E000C3033B3301F8013B8142A3F16303F9D1CD
:1053F000174B1878174BD3F804B0174B1B7830B104
:105400001649002051F823300E499847A0E7144967
:1054100051F823300B4998479AE7102005B0BDE8B2
:10542000F08F00BFAFF30080000000000000903F4D
:105430000000000000005840C9C7EE022505F63EF6
:10544000A4340020C03A00208C340020360E042002
:10545000380E0420001000E098370020100A0020C9
:105460005C0A00202DE9F843DFF878800646D8F87A
:105470000090D8F80030A3EB090399422FD90F46CA
:10548000002440F2FE7516F045F9B8B116F088F91F
:10549000C3B20D2B18BF0A2B0CBF0120002005D171
:1054A000002CF0D000233355BDE8F883AC42EADC91
:1054B0003355013416F02EF90028E7D1052014F0F9
:1054C000B5FED8F80030A3EB0903BB42DBD3201EA6
:1054D000264418BF012000233370BDE8F883002064
:1054E000F9E700BF100E042000B5836C83B08DF87F
:1054F00007103BB101220DF10701184611F064FAC3
:1055000003B000BDC06C0028FAD001220DF10701E4
:1055100010F026FB03B000BD836C13B1184611F0E8
:1055200063B9C06C08B110F017BA7047836C13B13F
:10553000184611F05DB8C06C08B10FF023BE4FF0F3
:10554000FF307047836C53B1187810F008000DD00D
:10555000D8695B69C01A48BF6FF000407047C36CE0
:10556000A3B193F8310010F0080000D1704718691A
:1055700019685A69401A5B6862EB0303B0F1004F87
:1055800073F10003F2D36FF0004070471846EDE767
:10559000836C13B1184611F017BAC06C08B110F043
:1055A000DFBA7047836C00B583B05BB101220DF1A7
:1055B0000701184610F032FF01280BD19DF80700B3
:1055C00003B000BDC06C28B101220DF107010FF03E
:1055D0000FFDF1E74FF0FF30F2E700BF2DE9F04F8C
:1055E00089B00192002A00F0D180020B8146030DA0
:1055F0008B460692020A6D4F4FEA104A0492020946
:105600006B4E039200F00F02DFF8B881694C0793EC
:1056100005926368684A43F07D5311686360674B85
:10562000019A18688A42664B40F0012028BF0A465A
:10563000196840F4800020EA010020F078552560C8
:10564000396839B14FF0000C00BF0CF1010C3B6818
:105650009C45F9D30E2128460292FDF723FF0B212A
:105660002846FDF71FFF079B284603F00F01FDF7B3
:1056700019FF0AF00F012846FDF714FF069B284684
:1056800003F00F01FDF70EFF049B284603F00F0106
:10569000FDF708FF039B284603F00F01FDF702FF0B
:1056A00005992846FDF7FEFE6168029A21F07051C7
:1056B00061603168A1B145F000734FF0000C2360C8
:1056C00000BF00BF00BF00BF00BF256000BF00BF1C
:1056D00000BF00BF00BF0CF1010C31686145EED87E
:1056E000002A56D002EB0B0A45F000730BF1FF3C89
:1056F0000AF1FF3A236000BF00BF00BF00BF00BF38
:10570000A068256000BF00BF00BF00BF00BF2360CE
:1057100000BF00BF00BF00BF00BFA168256000BF81
:1057200000BF00BF00BF00BF800EC1F3836141EA2C
:1057300000110CF8011FD445DCD1204B1968216001
:10574000616841F07D516160D8F8001031B10021ED
:1057500000BF0131D8F800309942F9D3019B9B1A60
:10576000019313D0914493444FEA19534FEA194AD5
:1057700007934FEA193306934FEA192304934FEA2C
:105780001913039309F00F03059342E709B0BDE82D
:10579000F08F0A4B19682160616841F07D516160AA
:1057A000D8F800100029D2D133E700BF1C02032033
:1057B000AC34002000C00042A4340020B0FC022021
:1057C000A8340020200203202DE9F04F89B0019277
:1057D000002A00F0D780020B8146030D8B4606920B
:1057E000020A704F4FEA104A049202096E4E039269
:1057F00000F00F02DFF8C4816C4C079305926368D8
:105800006B4A43F07D53116863606A4B019A1868D4
:105810008A42694B40F0012028BF0A46196840F4CB
:10582000800020EA010020F078552560396839B100
:105830004FF0000C00BF0CF1010C3B689C45F9D304
:105840000E2128460292FDF743FE0B212846FDF764
:105850003FFE079B284603F00F01FDF739FE0AF0D3
:105860000F012846FDF734FE069B284603F00F0182
:10587000FDF72EFE049B284603F00F01FDF728FEDE
:10588000039B284603F00F01FDF722FE05992846E9
:10589000FDF71EFE6168029A21F070516160316867
:1058A000B1B145F000734FF0000C236000BF00BFA2
:1058B00000BF00BF00BF00BF256000BF00BF00BF2A
:1058C00000BF00BF00BF0CF1010C31686145ECD88E
:1058D000002A5AD002EB0B0A45F000730BF1FF3C93
:1058E0000AF1FF3A236000BF00BF00BF00BF00BF46
:1058F00000BFA068256000BF00BF00BF00BF00BFA1
:1059000000BF236000BF00BF00BF00BF00BF00BFDB
:10591000A168256000BF00BF00BF00BF00BF00BF7F
:10592000800EC1F3836141EA00110CF8011FD445D8
:10593000D8D1204B19682160616841F07D516160C8
:10594000D8F8001031B1002100BF0131D8F8003083
:105950009942F9D3019B9B1A019313D0914493442C
:105960004FEA19534FEA194A07934FEA193306933E
:105970004FEA192304934FEA1913039309F00F0315
:1059800005933CE709B0BDE8F08F0A4B1968216028
:10599000616841F07D516160D8F800100029D2D1D2
:1059A0002DE700BF1C020320AC34002000C00042E1
:1059B000A4340020B0FC0220A834002020020320E0
:1059C0002DE9F04F89B00192002A00F0DD80020B32
:1059D0008146030D8B460692020A734F4FEA104A26
:1059E00004920209714E039200F00F02DFF8D08199
:1059F0006F4C0793059263686E4A43F07D531168BC
:105A000063606D4B019A18688A426C4B40F001202C
:105A100028BF0A46196840F4800020EA010020F0FF
:105A200078552560396839B14FF0000C00BF0CF192
:105A3000010C3B689C45F9D30E2128460292FDF7E4
:105A40005FFD0B212846FDF75BFD079B284603F011
:105A50000F01FDF755FD0AF00F012846FDF750FD37
:105A6000069B284603F00F01FDF74AFD049B2846DC
:105A700003F00F01FDF744FD039B284603F00F01DF
:105A8000FDF73EFD05992846FDF73AFD6168029A4B
:105A900021F0705161603168C1B145F000734FF081
:105AA000000C236000BF00BF00BF00BF00BF00BFED
:105AB00000BF256000BF00BF00BF00BF00BF00BF28
:105AC00000BF0CF1010C31686145EAD8002A5ED0B4
:105AD00002EB0B0A45F000730BF1FF3C0AF1FF3AB1
:105AE000236000BF00BF00BF00BF00BF00BF00BFFA
:105AF000A068256000BF00BF00BF00BF00BF00BF9F
:105B000000BF236000BF00BF00BF00BF00BF00BFD9
:105B100000BFA168256000BF00BF00BF00BF00BF7D
:105B200000BF00BF800EC1F3836141EA00110CF891
:105B3000011FD445D4D1204B19682160616841F020
:105B40007D516160D8F8001031B1002100BF0131F2
:105B5000D8F800309942F9D3019B9B1A019313D0D6
:105B6000914493444FEA19534FEA194A07934FEA75
:105B7000193306934FEA192304934FEA1913039339
:105B800009F00F03059336E709B0BDE8F08F0A4B23
:105B900019682160616841F07D516160D8F800109A
:105BA0000029D2D127E700BF1C020320AC3400201B
:105BB00000C00042A4340020B0FC0220A834002021
:105BC000200203202DE9F84F07464FF0000B174E37
:105BD000174D184CDFF868A0DFF86890DFF8688090
:105BE0002378154A03EBC30303EBC3033B3302F8EB
:105BF000013F5245A3F16303F9D12A78337862B1AA
:105C000058F823304FF400520C49584698470BF58A
:105C1000005B5F45E4D8BDE8F88F59F823304FF4B6
:105C20000052064958469847F1E700BF98370020D0
:105C3000380E0420360E0420BF3A0020C03A00205F
:105C4000BF5A00205C0A0020100A0020002A00F041
:105C50000B81030C84462DE9F04F85B00C464FEACA
:105C6000105900F00F070393030B1646DFF810825C
:105C70000293030A7D49019303097D4800937D4BFC
:105C80005A687D4D42F07D52D5F800E05A607B4A5B
:105C9000B645D8F80050126828BFB64642F0012237
:105CA00042F4800222EA050222F078521A600D685E
:105CB0003DB14FF0000A00BF0AF1010A0D68AA4584
:105CC000F9D342F0406A42F0606BC3F800A0C3F819
:105CD00000B000BF00BFC3F800A000BF00BF42F08B
:105CE000005A42F0085BC3F800A0C3F800B000BF40
:105CF00000BFC3F800A000BF00BF09F00F0A42EACE
:105D00008A6A4AF0007BC3F800A0C3F800B000BF65
:105D100000BFC3F800A000BF00BF039D05F00F0A3D
:105D200042EA8A6A4AF0007BC3F800A0C3F800B0D8
:105D300000BF00BFC3F800A000BF00BF029D05F078
:105D40000F0A42EA8A6A4AF0007BC3F800A0C3F84F
:105D500000B000BF00BFC3F800A000BF00BF019D9E
:105D600005F00F0A42EA8A6A4AF0007BC3F800A0F5
:105D7000C3F800B000BF00BFC3F800A000BF00BF61
:105D8000009D05F00F0A42EA8A6A4AF0007BC3F8D8
:105D900000A0C3F800B000BF00BFC3F800A000BF60
:105DA00000BF42EA876A4AF0007BC3F800A0C3F84C
:105DB00000B000BF00BFC3F800A000BF00BFBEF12D
:105DC000000F47D00EEB040A04F1FF390AF1FF3A45
:105DD00019F8017F3F0942EA876747F0007B1F609F
:105DE000C3F800B000BF00BF1F6000BF00BF99F83C
:105DF000007007F00F0742EA876747F0007B1F60DB
:105E0000C3F800B000BF00BF1F6000BF00BFD14596
:105E1000DED11A4A12681A6002682AB1002700BF50
:105E2000013702689742FAD3B6EB0E0619D0F44454
:105E300074444FEA1C420CF00F074FEA1C590392BE
:105E40004FEA1C3202924FEA1C2201924FEA1C12C6
:105E5000009215E7094A12681A600268002ADDD12B
:105E60000EE705B0BDE8F08F704700BF1C020320AD
:105E70002002032000C00042A4340020B0FC022015
:105E8000A8340020002A00F01C81030CDFF848C26F
:105E90002DE9F04F87B04FEA10198246040D0493A4
:105EA000030B0F46874E0393030ADFF830E21546D3
:105EB000019300F00F0384480293844B84495A688D
:105EC000096842F07D52A9425A6028BF2946814A9A
:105ED0008B463168126841F0012141F4800121EACA
:105EE000020121F078511960DCF8002042B14FF036
:105EF000000800BF08F10108DCF800209045F8D345
:105F000041F0605241F068581A60C3F8008000BF49
:105F100000BF1A6000BF00BF41F0305241F0385856
:105F20001A60C3F8008000BF00BF1A6000BF00BF46
:105F300004F00F0241EA826242F000781A60C3F86E
:105F4000008000BF00BF1A6000BF00BF049A02F0CB
:105F50000F0241EA826242F000781A60C3F80080C2
:105F600000BF00BF1A6000BF00BF039A02F00F021B
:105F700041EA826242F000781A60C3F8008000BFF4
:105F800000BF1A6000BF00BF019A02F00F0241EA91
:105F9000826242F000781A60C3F8008000BF00BF40
:105FA0001A6000BF00BF09F00F0241EA826242F0AE
:105FB00000781A60C3F8008000BF00BF1A6000BFFD
:105FC00000BF029A41EA826242F000781A60C3F888
:105FD000008000BF00BF1A6000BF00BF5A6822F0F7
:105FE00070525A60026882B141F000724FF00008AE
:105FF00005941A6000BF00BF196000BF00BF08F120
:10600000010804684445F4D8059CBBF1000F4AD050
:106010000BEB070941F0007407F1FF38CDF804B02D
:1060200009F1FF391C6000BF00BFD3F808B0196048
:1060300000BF00BF1C6000BF00BF9A68196000BFAE
:1060400000BF4FEA9B6BC2F3836242EA0B1208F86F
:10605000012FC845E6D13268DDF804B01A605A68ED
:1060600042F07D525A60DEF8002032B1002100BFBC
:106070000131DEF800209142F9D3B5EB0B051DD0BC
:10608000DA445F444FEA1A424FEA1A5404924FEA44
:106090001A324FEA1A1903924FEA1A2201920AF0B1
:1060A0000F0202920AE732681A605A6842F07D5283
:1060B0005A60DEF80020002AD8D1FFE607B0BDE81C
:1060C000F08F7047B0FC0220AC34002000C00042CA
:1060D000A4340020A83400201C0203202002032046
:1060E000002A7ED0030C2DE9F04F85B0804689460A
:1060F00093460393030A3B4E0293C3B23A4D3B4C83
:10610000019363683A4A43F07D533A4812686360EA
:10611000394B5A45D3F800A028BF5A46374B4AEAB4
:10612000000017461B6820EA030020F0785040F07A
:1061300040502060336843B1002200BF0132336811
:106140009A42FAD32C4BD3F800A00221FDF7F2F9C2
:106150009DF80C10FDF7EEF99DF80810FDF7EAF92F
:106160000199FDF7E7F99FB307EB090E09F1FF313C
:1061700001970EF1FF3E11F801CF07224CFA02F30E
:10618000013A9B0603F08063034343F000772360EA
:1061900027602360531CF1D17145ECD1019FC4F8F5
:1061A00000A02B682BB1002300BF01332A68934263
:1061B000FAD3BBEB070B11D0B844B9444FEA1843EC
:1061C00003934FEA182302935FFA88F3019398E749
:1061D000C4F800A02B68002BE5D192E705B0BDE81C
:1061E000F08F70471C0203202002032000C00042F1
:1061F000A434002000014001B0FC0220A83400209B
:10620000002A00F0C180030D2DE9F04F87B09146C0
:1062100007468A460593030C5C4A0493030B5C4DC6
:106220000393030A5B4E019303095B4C009300F058
:106230000F030293594B6168186841F07D51584B28
:106240004845616028BF484619688046106840F09C
:10625000012040F4800020EA010020F0785BC4F8BF
:1062600000B0296839B14FF0000C00BF0CF1010CEF
:106270002B689C45F9D303215846FDF729F90821DD
:106280005846FDF725F9059B584603F00F01FDF729
:106290001FF9049B584603F00F01FDF719F9039B02
:1062A000584603F00F01FDF713F9019B584603F020
:1062B0000F01FDF70DF9009B584603F00F01FDF7A4
:1062C00007F902995846FDF703F9304AB8F1000F73
:1062D00051D008EB0A0E0AF1FF3C0EF1FF3E1CF80C
:1062E000013F1B094BEA836343F000712360216087
:1062F00000BF00BF00BF00BF00BF00BF236000BFE2
:1063000000BF00BF00BF00BF00BF9CF8003003F01B
:106310000F034BEA836343F000712360216000BFE9
:1063200000BF00BF00BF00BF00BF236000BF00BFB1
:1063300000BF00BF00BF00BFF445D0D1116821608D
:10634000316829B1002100BF013133689942FAD385
:10635000B9EB080915D04744C2443B0D05933B0CEB
:1063600004933B0B03933B0A01933B09009307F013
:106370000F0302935EE71168216031680029E1D1C3
:1063800058E707B0BDE8F08F704700BFB0FC0220AF
:106390001C0203202002032000C00042A43400207D
:1063A000A83400202DE9F04F8BB00192002A00F0B4
:1063B000CB80030D8A46844668490993030CDFF8B5
:1063C000B0B10893030B0793030A059303090493E1
:1063D00000F00F030693624B5A68624842F07D5208
:1063E000614C00685A60019A2468904228BF1046A8
:1063F0005E4A1268029242F0012242F4800222EACE
:10640000040222F078521A600C6844B1002500BFE3
:1064100001350C68A542FAD3544C24680294099CB7
:1064200042F0406942F0005804F00F0E089C04F05E
:106430000F07079C42EA8E6E04F00F06059C42EAA5
:10644000876704F00F05049C42EA866604F00F0497
:1064500042EA856542EA8464039442F06064C3F8CA
:1064600000901C60C3F8009042F00859C3F8008007
:10647000C3F80090C3F800804EF00078C3F800E045
:10648000C3F80080C3F800E047F0007E1F60C3F847
:1064900000E01F6046F000771E60039C1F601E60D6
:1064A00045F000761D601E601D6044F000751C60A4
:1064B0001D601C60069C42EA846444F000751C6008
:1064C0001D601C60002842D000EB0A060AF1FF356F
:1064D000013E15F8014F2409B54242EA846444F0B4
:1064E00000771C601F601C602C7804F00F0442EAE7
:1064F000846444F000771C601F601C60E9D1029A3C
:106500001A60DBF8002032B1002200BF0132DBF854
:106510000040A242F9D3019A121A019214D0844485
:1065200082444FEA1C5209924FEA1C4208924FEAF9
:106530001C3207924FEA1C2205924FEA1C12049269
:106540000CF00F02069247E70BB0BDE8F08F029AFD
:106550001A60DBF80020002AD6D13DE71C02032098
:1065600000C00042A4340020A8340020B0FC022067
:1065700020020320002A00F0C580030D2DE9F04F12
:1065800087B0914607468A460593030C5E4A0493FA
:10659000030B5E4D0393030A5D4E019303095D4CAB
:1065A000009300F00F0302935B4B6168186841F0A1
:1065B0007D515A4B4845616028BF4846196880465E
:1065C000106840F0012040F4800020EA010020F033
:1065D000785BC4F800B0296839B14FF0000C00BFF7
:1065E0000CF1010C2B689C45F9D303215846FCF7AC
:1065F00087FF08215846FCF783FF059B584603F0A8
:106600000F01FCF77DFF049B584603F00F01FCF7D8
:1066100077FF039B584603F00F01FCF771FF019BC6
:10662000584603F00F01FCF76BFF009B584603F040
:106630000F01FCF765FF02995846FCF761FF324AEB
:10664000B8F1000F55D008EB0A0E0AF1FF3C0EF12D
:10665000FF3E1CF8013F1B094BEA836343F00071C6
:106660002360216000BF00BF00BF00BF00BF00BFAC
:1066700000BF236000BF00BF00BF00BF00BF00BF5E
:1066800000BF9CF8003003F00F034BEA836343F034
:1066900000712360216000BF00BF00BF00BF00BFCA
:1066A00000BF00BF236000BF00BF00BF00BF00BF2E
:1066B00000BF00BFF445CCD111682160316829B119
:1066C000002100BF013133689942FAD3B9EB0809C0
:1066D00015D04744C2443B0D05933B0C04933B0B40
:1066E00003933B0A01933B09009307F00F030293C6
:1066F0005AE71168216031680029E1D154E707B0F9
:10670000BDE8F08F704700BFB0FC02201C020320E0
:106710002002032000C00042A4340020A83400203E
:10672000002A00F08180030C2DE9F04F85B08046EF
:10673000894693460293030ADFF808A10193C3B286
:106740003A4E3B4D3B4C039363683B4A43F07D53C9
:106750003A4812686360DAF800305A4543EA0000AC
:10676000374B28BF5A461B68174620EA030020F023
:10677000785040F04050206033682BB1002200BFB9
:10678000013233689A42FAD30221FDF737F89DF8B7
:106790000810FDF733F89DF80410FDF72FF8039962
:1067A000FDF72CF8002F35D007EB090E09F1FF316A
:1067B00001970EF1FF3E11F801CF07224CFA02F3C8
:1067C0009B0603F08063034343F000772360276058
:1067D00000BF236000BF013AF0D27145EBD1DAF877
:1067E0000030019F23602B682BB1002300BF0133D1
:1067F0002A689342FAD3BBEB070B12D0B844B944D2
:106800004FEA184302934FEA182301935FFA88F383
:10681000039399E7DAF8003023602B68002BE4D16A
:1068200092E705B0BDE8F08F704700BF1C0203205F
:106830002002032000C00042A434002000014001D7
:10684000A8340020B0FC0220002A00F01F81030BB6
:1068500084462DE9F04F85B00C464FEA1058164695
:106860000393030A4FEA1049894D019303098949AB
:10687000009300F00F0388480293884B5A68884FB2
:1068800042F07D52D7F800E05A602A68B645854F3D
:1068900042F0012228BFB6463F6842F4800222EA55
:1068A000070222F078521A600F683FB14FF0000AD9
:1068B00000BF0AF1010A0F68BA45F9D342F0406AF5
:1068C00042F0606BC3F800A0C3F800B000BF00BF87
:1068D00000BFC3F800A000BF00BF00BF42F0005AD5
:1068E00042F0085BC3F800A0C3F800B000BF00BFCF
:1068F00000BFC3F800A000BF00BF00BF08F00F0A30
:1069000042EA8A6A4AF0007BC3F800A0C3F800B0EC
:1069100000BF00BF00BFC3F800A000BF00BF00BFA2
:1069200009F00F0A42EA8A6A4AF0007BC3F800A025
:10693000C3F800B000BF00BF00BFC3F800A000BF95
:1069400000BF00BF039F07F00F0A42EA8A6A4AF0BD
:10695000007BC3F800A0C3F800B000BF00BF00BFB9
:10696000C3F800A000BF00BF00BF019F07F00F0ADF
:1069700042EA8A6A4AF0007BC3F800A0C3F800B07C
:1069800000BF00BF00BFC3F800A000BF00BF00BF32
:10699000009F07F00F0A42EA8A6A4AF0007BC3F8B8
:1069A00000A0C3F800B000BF00BF00BFC3F800A044
:1069B00000BF00BF00BF029F42EA876A4AF0007B27
:1069C000C3F800A0C3F800B000BF00BF00BFC3F809
:1069D00000A000BF00BF00BFBEF1000F4DD00EEB06
:1069E000040A04F1FF3990460AF1FF3A19F8012F21
:1069F000120948EA826242F0007B1A60C3F800B0D4
:106A000000BF00BF00BF1A6000BF00BF00BF99F801
:106A1000002002F00F0248EA826242F0007B1A6016
:106A2000C3F800B000BF00BF00BF1A6000BF00BFC6
:106A300000BFD145DAD12A681A6002683AB14FF036
:106A4000000800BF08F1010802689045F9D3B6EBD1
:106A50000E0618D0F44474444FEA1C324FEA1C5816
:106A600003924FEA1C224FEA1C4901924FEA1C1282
:106A700000920CF00F02029200E72A681A60026886
:106A8000002ADCD1FAE605B0BDE8F08F704700BF00
:106A9000B0FC02201C0203202002032000C00042A0
:106AA000A4340020A83400202DE9F84F00248246A9
:106AB000DFF88C90DFF88C8026461B4F1B4DDFF8EB
:106AC00088B099F8003098F80020022B21D0012BD3
:106AD00028D05BF8223030464FF4005214499847D2
:106AE0003B78144A03EBC30303EBC3033B33DBB232
:106AF00012F8010FA3F163019842CBB218BF013421
:106B0000AA42F5D106F50056B245DAD82046BDE8CE
:106B1000F88F094B53F8223030464FF400520449A5
:106B20009847DDE7054BF5E7360E0420BF5A0020F5
:106B3000C03A0020BF3A0020C40900202C090020E0
:106B4000380E04209737002078090020002A00F032
:106B50002881030DDFF860C22DE9F04F87B000F007
:106B60000F0982460F460593030C8E4E154604937B
:106B7000030BDFF848E20393030A029303098A48F0
:106B800001938A4B8A495A68096842F07D52A942AA
:106B90005A6028BF2946874A8B463168126841F0FF
:106BA000012141F4800121EA020121F078511960AC
:106BB000DCF8002032B1002400BF0134DCF80020F2
:106BC0009442F9D341F0605241F068541A601C605D
:106BD00000BF00BF00BF1A6000BF00BF00BF41F090
:106BE000305241F038541A601C6000BF00BF00BF33
:106BF0001A6000BF00BF00BF059A02F00F0241EA11
:106C0000826242F000741A601C6000BF00BF00BFC7
:106C10001A6000BF00BF00BF049A02F00F0241EAF1
:106C2000826242F000741A601C6000BF00BF00BFA7
:106C30001A6000BF00BF00BF039A02F00F0241EAD2
:106C4000826242F000741A601C6000BF00BF00BF87
:106C50001A6000BF00BF00BF029A02F00F0241EAB3
:106C6000826242F000741A601C6000BF00BF00BF67
:106C70001A6000BF00BF00BF019A02F00F0241EA94
:106C8000826242F000741A601C6000BF00BF00BF47
:106C90001A6000BF00BF00BF41EA896242F0007481
:106CA0001A601C6000BF00BF00BF1A6000BF00BFB9
:106CB00000BF5A6822F070525A60026882B141F0F7
:106CC00000720024A8461A6000BF00BF00BF196010
:106CD00000BF00BF00BF01340568A542F3D8454698
:106CE000BBF1000F4FD00BEB070941F0007407F127
:106CF000FF38CDF804B009F1FF391C6000BF00BFB8
:106D000000BFD3F808B0196000BF00BF00BF1C600F
:106D100000BF00BF00BF9A68196000BF00BF00BF7E
:106D20004FEA9B6BC2F3836242EA0B1208F8012F11
:106D3000C845E2D13268DDF804B01A605A6842F002
:106D40007D525A60DEF8002032B1002100BF0131CF
:106D5000DEF800209142F9D3B5EB0B051ED0DA44E2
:106D60005F444FEA1A520AF00F0905924FEA1A429D
:106D700004924FEA1A3203924FEA1A2202924FEA21
:106D80001A120192FEE632681A605A6842F07D5289
:106D90005A60DEF80020002AD7D1F3E607B0BDE83C
:106DA000F08F7047B0FC0220AC34002000C00042DD
:106DB000A4340020A83400201C0203202002032059
:106DC000002A00F08380030C2DE9F04F85B0804647
:106DD000894693460293030ADFF80CA10193C3B2DC
:106DE0003B4E3C4D3C4C039363683C4A43F07D531F
:106DF0003B4812686360DAF800305A4543EA000005
:106E0000384B28BF5A461B68174620EA030020F07B
:106E1000785040F04050206033682BB1002200BF12
:106E2000013233689A42FAD30221FCF761FE9DF8E1
:106E30000810FCF75DFE9DF80410FCF759FE03995D
:106E4000FCF756FE002F37D007EB090E09F1FF3192
:106E500001970EF1FF3E11F801CF07224CFA02F321
:106E60009B0603F08063034343F0007723602760B1
:106E700000BF00BF236000BF00BF013AEED27145E2
:106E8000E9D1DAF80030019F23602B682BB1002391
:106E900000BF01332A689342FAD3BBEB070B12D031
:106EA000B844B9444FEA184302934FEA18230193B8
:106EB0005FFA88F3039397E7DAF8003023602B68D2
:106EC000002BE4D190E705B0BDE8F08F704700BF1C
:106ED0001C0203202002032000C00042A434002032
:106EE00000014001A8340020B0FC022000B50722B8
:106EF0008E46DFF844C04EFA02F39B0603F080632F
:106F0000034343F00071CCF80030CCF8001000BF10
:106F100000BF00BF00BF00BF00BF00BF00BFCCF874
:106F2000003000BF00BF00BF00BF00BF00BF00BFF8
:106F300000BF013ADFD200BD00C00042002A00F0CD
:106F400091800B46010C2DE9F04F934683B08046AB
:106F5000454A00915946454E9B464FEA102A444DFA
:106F60005FFA80F9434C0B4643486168006841F082
:106F70007D519842616028BF1846116807463F4816
:106F800008433F49096820EA010020F0785040F0AA
:106F900040502060316839B14FF0000C00BF0CF157
:106FA000010C31688C45F9D302210193FFF79EFF54
:106FB0009DF80010FFF79AFF5FFA8AF1FFF796FF3E
:106FC0004946FFF793FF284A019B002F41D007EB6A
:106FD0000B090BF1FF3E8246009709F1FF391EF8BD
:106FE00001CF07274CFA07F1890601F0806141EAD9
:106FF0000A0141F000702160206000BF00BF00BFA7
:1070000000BF00BF00BF00BF00BF216000BF00BFC6
:1070100000BF00BF00BF00BF00BF00BF013FE1D203
:10702000CE45DCD11168009F2160296829B100217B
:1070300000BF013128688142FAD3DB1B0FD0B8446E
:10704000BB444FEA18414FEA182A5FFA88F90091C9
:107050008AE71168216029680029E8D184E703B034
:10706000BDE8F08F704700BFB0FC02201C02032077
:107070002002032000C00042A4340020000140018F
:10708000A8340020002A00F09D801346020C2DE950
:10709000F04F85B080468946DFF840A102925FFA42
:1070A00080FB020A484E494D494C019249496268A9
:1070B000096842F07D529942626028BF1946DAF8A9
:1070C0000020009142F00122434942F48002096805
:1070D00022EA010C2CF0785747F0405020603268CB
:1070E0002AB1002100BF013132689142FAD3032155
:1070F0000393FFF7FBFE9DF80810FFF7F7FE9DF8DE
:107100000410FFF7F3FE5946FFF7F0FE6268039B99
:1071100022F000626260009A002A45D0009A47F08F
:10712000485709F1FF3E02EB090B0BF1FF3B082129
:107130004FF0000C276000BF00BF00BF00BF00BFC2
:1071400000BF00BF00BFA2682060C2F3C06242EA75
:107150004C0C00BF00BF00BF00BF00BF00BF00BF9E
:1071600000BF0139E6D10EF801CFDE45DFD1DAF8F4
:1071700000202260626842F07D5262602A682AB173
:10718000002200BF013229688A42FAD3009A9B1A72
:1071900015D0904491444FEA18425FFA88FB02925E
:1071A0004FEA1822019281E7DAF800202260626833
:1071B00042F07D5262602A68002AE1D176E705B08C
:1071C000BDE8F08F704700BF1C020320200203209F
:1071D00000C00042A4340020A8340020B0FC0220EB
:1071E000002A00F0CA800B46010C2DE9F04F87B051
:1071F0008146DFF8A0A10391010A604F0291C1B25C
:107200005F4E604D604C019160486168006841F0DC
:107210007D519042616028BF1046DAF80010804628
:1072200041F001215A4841F48001006821EA000C34
:107230002CF0785B4BF040502060396839B14FF04A
:10724000000C00BF0CF1010C39688C45F9D30B21FF
:10725000CDE90432FFF74AFE9DF80C10FFF746FE19
:107260009DF80810FFF742FE0199FFF73FFE6168A5
:1072700021F0006161603168DDE90432E1B14BF079
:1072800048514FF0000C9E46216000BF00BF00BF78
:1072900000BF00BF00BF00BF00BF206000BF00BF35
:1072A00000BF00BF00BF00BF00BF00BF0CF1010C5A
:1072B00033686345E8D87346B8F1000F4FD04BF000
:1072C000485C194608EB030B03F1FF3E63468C460E
:1072D0000BF1FF3BCDE901894FF008084FF00009A1
:1072E000236000BF00BF00BF00BF00BF00BF00BFE2
:1072F00000BFA1682060C1F3C06141EA490900BF35
:1073000000BF00BF00BF00BF00BF00BF00BFB8F19B
:107310000108E5D10EF8019FDE45DDD1DAF8001055
:107320006346DDE901892160616841F07D5161605A
:10733000296829B1002100BF013128688142FAD3B0
:10734000B2EB080216D0C14443444FEA19410391FD
:107350004FEA192102915FFA89F1019154E7DAF8B5
:1073600000102160616841F07D5161602968002949
:10737000E0D149E707B0BDE8F08F70471C02032059
:10738000B43400202002032000C00042A4340020B6
:10739000A8340020B0FC022000B507228E46DFF89A
:1073A00048C04EFA02F39B0603F08063034343F0A8
:1073B0000071CCF80030CCF8001000BF00BF00BF57
:1073C00000BF00BF00BF00BF00BF00BFCCF800304F
:1073D00000BF00BF00BF00BF00BF00BF00BF00BFB5
:1073E00000BF013ADDD200BD00C000422DE9F04FE0
:1073F00085B00092002A65D0030A8046364D040C01
:1074000002938946C3B2354EDFF8E4A00393DAF85D
:107410000420334B42F07D5232481968324BCAF88F
:107420000420324A1B6812681843009F20EA0200B9
:107430008F4220F0785028BF0F4640F04050CAF8E5
:1074400000002A683AB1002100BF01312B6899423F
:10745000FAD3254B1B6802210193FFF79DFFE1B290
:10746000FFF79AFF9DF80810FFF796FF0399FFF7C3
:1074700093FF019B4FB307EB090401979B4609F16A
:10748000FF37013C17F8011FFFF786FFA742F9D12C
:10749000019FCAF800B032682AB1002200BF013251
:1074A00033689A42FAD3009BDB1B00930AD0B8449E
:1074B000B9444FEA18234FEA184402935FFA88F35D
:1074C0000393A4E705B0BDE8F08FCAF80030326836
:1074D000002AE2D19BE700BF1C0203202002032008
:1074E000A434002000014001B0FC0220A834002098
:1074F00000C000422DE9F04F85B00192002A00F053
:107500008E800B468146C1B24B4A4C4F4FEA104B1E
:107510004FEA102A4A4E4B4C029161684A4841F0AA
:107520007D514A4D006861600199814228BF014642
:10753000884611680D434649096825EA010525F08A
:10754000785545F040502060396839B14FF0000C53
:1075500000BF0CF1010C39688C45F9D3032103936A
:10756000FFF71AFF5FFA8BF1FFF716FF5FFA8AF158
:10757000FFF712FF0299FFF70FFF61682E4A21F013
:107580000061039B6160B8F1000F4BD008EB030B67
:1075900045F0485503F1FF3A0BF1FF3B4FF0080C63
:1075A0004FF0000E256000BF00BF00BF00BF00BF4E
:1075B00000BF00BF00BF00BFA1682060C1F3C06171
:1075C00041EA4E0E00BF00BF00BF00BF00BF00BFBA
:1075D00000BF00BF00BFBCF1010CE3D10AF801EF0E
:1075E000DA45DBD111682160616841F07D5161604D
:1075F000316829B1002100BF013130688142FAD3DE
:107600000199B1EB0801019109D0C14443445FFAEB
:1076100089F14FEA194B4FEA192A02917DE705B02B
:10762000BDE8F08F11682160616841F07D516160B3
:1076300031680029DED170E7B0FC02201C02032073
:107640002002032000C00042A434002000014001B9
:10765000A8340020002A00F0CE800B46010C2DE952
:10766000F04F87B08146DFF8A8A10391010A624F6D
:107670000291C1B2614E624D624C019162486168F3
:10768000006841F07D519042616028BF1046DAF8F1
:107690000010804641F001215C4841F480010068FF
:1076A00021EA000C2CF0785B4BF0405020603968E8
:1076B00039B14FF0000C00BF0CF1010C39688C455A
:1076C000F9D30B21CDE90432FFF766FE9DF80C10CB
:1076D000FFF762FE9DF80810FFF75EFE0199FFF7C5
:1076E0005BFE616821F0006161603168DDE90432B0
:1076F000F1B14BF048514FF0000C9E46216000BFA5
:1077000000BF00BF00BF00BF00BF00BF00BF00BF81
:10771000206000BF00BF00BF00BF00BF00BF00BFB0
:1077200000BF00BF0CF1010C33686345E6D8734617
:10773000B8F1000F51D04BF0485C194608EB030B31
:1077400003F1FF3E63468C460BF1FF3BCDE9018917
:107750004FF008084FF00009236000BF00BF00BFD2
:1077600000BF00BF00BF00BF00BF00BFA168206016
:10777000C1F3C06141EA490900BF00BF00BF00BFBB
:1077800000BF00BF00BF00BF00BFB8F10108E3D1D8
:107790000EF8019FDE45DBD1DAF800106346DDE923
:1077A00001892160616841F07D516160296829B1DA
:1077B000002100BF013128688142FAD3B2EB0802F0
:1077C00016D0C14443444FEA194103914FEA1921AD
:1077D00002915FFA89F1019150E7DAF80010216017
:1077E000616841F07D51616029680029E0D145E779
:1077F00007B0BDE8F08F70471C020320B4340020AE
:107800002002032000C00042A4340020A83400203D
:10781000B0FC0220002A00F0F380030A84462DE920
:10782000F04F85B00C46070D1646029303094FEA48
:1078300010487449019300F00F034FEA1039724861
:107840000393724B5A68724D42F07D52D5F800E0B6
:107850005A60704AB645704D126828BFB6462D680A
:1078600042F0012242F4800222EA050222F078521C
:107870001A600D683DB14FF0000A00BF0AF1010A1D
:107880000D68AA45F9D342F0406A42F0606BC3F834
:1078900000A0C3F800B000BFC3F800A000BF42F0D2
:1078A000005A42F0085BC3F800A0C3F800B000BF64
:1078B000C3F800A000BF07F00F0A42EA8A6A4AF044
:1078C000007BC3F800A0C3F800B000BFC3F800A05D
:1078D00000BF08F00F0A42EA8A6A4AF0007BC3F848
:1078E00000A0C3F800B000BFC3F800A000BF09F0BB
:1078F0000F0A42EA8A6A4AF0007BC3F800A0C3F884
:1079000000B000BFC3F800A000BF029D05F00F0A41
:1079100042EA8A6A4AF0007BC3F800A0C3F800B0CC
:1079200000BFC3F800A000BF019D05F00F0A42EAA6
:107930008A6A4AF0007BC3F800A0C3F800B000BF19
:10794000C3F800A000BF039D42EA856A4AF0007BAD
:10795000C3F800A0C3F800B000BFC3F800A000BF88
:10796000BEF1000F42D00EEB040904F1FF3809F11B
:10797000FF3918F8017F3F0942EA876747F0007A2C
:107980001F60C3F800A000BF1F6000BF98F8007020
:1079900007F00F0742EA876747F0007A1F60C3F8D5
:1079A00000A000BF1F6000BFC845E2D1194A12689D
:1079B0001A6002682AB1002700BF013702689742A7
:1079C000FAD3B6EB0E0618D0F44474444FEA1C22E6
:1079D0004FEA1C5702924FEA1C124FEA1C480192D0
:1079E0000CF00F024FEA1C3903922BE7094A126888
:1079F0001A600268002ADED124E705B0BDE8F08FE6
:107A0000704700BF1C0203202002032000C0004278
:107A1000A4340020B0FC0220A834002000B50722C6
:107A20008E46DFF84CC04EFA02F39B0603F08063EB
:107A3000034343F00071CCF80030CCF8001000BFD5
:107A400000BF00BF00BF00BF00BF00BF00BF00BF3E
:107A500000BFCCF8003000BF00BF00BF00BF00BFB8
:107A600000BF00BF00BF00BF00BF013ADBD200BDB6
:107A700000C000422DE9F04F85B00092002A65D089
:107A8000030A8046364D040C02938946C3B2354E34
:107A9000DFF8E4A00393DAF80420334B42F07D5280
:107AA00032481968324BCAF80420324A1B681268FF
:107AB0001843009F20EA02008F4220F0785028BF30
:107AC0000F4640F04050CAF800002A683AB1002141
:107AD00000BF01312B689942FAD3254B1B68022164
:107AE0000193FFF79BFFE1B2FFF798FF9DF80810A5
:107AF000FFF794FF0399FFF791FF019B4FB307EB4B
:107B0000090401979B4609F1FF37013C17F8011F53
:107B1000FFF784FFA742F9D1019FCAF800B032688D
:107B20002AB1002200BF013233689A42FAD3009B87
:107B3000DB1B00930AD0B844B9444FEA18234FEA3C
:107B4000184402935FFA88F30393A4E705B0BDE8F5
:107B5000F08FCAF800303268002AE2D19BE700BFFC
:107B60001C02032020020320A43400200001400155
:107B7000B0FC0220A834002000C000422DE9F04FE4
:107B800085B00192002A00F090800B468146C1B278
:107B90004C4A4D4F4FEA104B4FEA102A4B4E4C4C7B
:107BA000029161684B4841F07D514B4D0068616026
:107BB0000199814228BF0146884611680D43474913
:107BC000096825EA010525F0785545F04050206008
:107BD000396839B14FF0000C00BF0CF1010C396865
:107BE0008C45F9D303210393FFF718FF5FFA8BF15C
:107BF000FFF714FF5FFA8AF1FFF710FF0299FFF712
:107C00000DFF61682F4A21F00061039B6160B8F1AC
:107C1000000F4DD008EB030B45F0485503F1FF3A38
:107C20000BF1FF3B4FF0080C4FF0000E256000BF3A
:107C300000BF00BF00BF00BF00BF00BF00BF00BF4C
:107C400000BFA1682060C1F3C06141EA4E0E00BFD1
:107C500000BF00BF00BF00BF00BF00BF00BF00BF2C
:107C600000BFBCF1010CE1D10AF801EFDA45D9D12E
:107C700011682160616841F07D516160316829B10E
:107C8000002100BF013130688142FAD30199B1EB84
:107C90000801019109D0C14443445FFA89F14FEAD8
:107CA000194B4FEA192A02917BE705B0BDE8F08F26
:107CB00011682160616841F07D516160316800297F
:107CC000DED16EE7B0FC02201C020320200203205C
:107CD00000C00042A434002000014001A83400206C
:107CE000002A00F0D2800B46010C2DE9F04F87B03E
:107CF0008146DFF8B0A10191010A644F0391C1B23E
:107D0000634E644D644C029164486168006841F0C0
:107D10007D519042616028BF1046DAF8001080461D
:107D200041F001215E4841F48001006821EA000C25
:107D30002CF0785B4BF040502060396839B14FF03F
:107D4000000C00BF0CF1010C39688C45F9D30B21F4
:107D5000CDE90432FFF762FE9DF80410FFF75EFEE6
:107D60009DF80C10FFF75AFE0299FFF757FE616865
:107D700021F0006161603168DDE9043201B34BF04C
:107D800048514FF0000C9E46216000BF00BF00BF6D
:107D900000BF00BF00BF00BF00BF00BF00BF20602A
:107DA00000BF00BF00BF00BF00BF00BF00BF00BFDB
:107DB00000BF00BF0CF1010C33686345E4D8734683
:107DC000B8F1000F53D04BF0485C194608EB030B99
:107DD00003F1FF3E63468C460BF1FF3BCDE9018981
:107DE0004FF008084FF00009236000BF00BF00BF3C
:107DF00000BF00BF00BF00BF00BF00BF00BFA16841
:107E00002060C1F3C06141EA490900BF00BF00BF63
:107E100000BF00BF00BF00BF00BF00BF00BFB8F180
:107E20000108E1D10EF8019FDE45D9D1DAF8001042
:107E30006346DDE901892160616841F07D5161603F
:107E4000296829B1002100BF013128688142FAD395
:107E5000B2EB080216D0C14443444FEA19410191E4
:107E60004FEA192103915FFA89F102914CE7DAF8A0
:107E700000102160616841F07D516160296800292E
:107E8000E0D141E707B0BDE8F08F70471C02032046
:107E9000B43400202002032000C00042A43400209B
:107EA000A8340020B0FC022000B507228E46DFF87F
:107EB00050C04EFA02F39B0603F08063034343F085
:107EC0000071CCF80030CCF8001000BF00BF00BF3C
:107ED00000BF00BF00BF00BF00BF00BF00BF00BFAA
:107EE000CCF8003000BF00BF00BF00BF00BF00BF24
:107EF00000BF00BF00BF00BF00BF013AD9D200BD24
:107F000000C000422DE9F04F85B00092002A65D0F4
:107F1000030A8046364D040C02938946C3B2354E9F
:107F2000DFF8E4A00393DAF80420334B42F07D52EB
:107F300032481968324BCAF80420324A1B6812686A
:107F40001843009F20EA02008F4220F0785028BF9B
:107F50000F4640F04050CAF800002A683AB10021AC
:107F600000BF01312B689942FAD3254B1B680221CF
:107F70000193FFF799FFE1B2FFF796FF9DF8081014
:107F8000FFF792FF0399FFF78FFF019B4FB307EBBA
:107F9000090401979B4609F1FF37013C17F8011FBF
:107FA000FFF782FFA742F9D1019FCAF800B03268FB
:107FB0002AB1002200BF013233689A42FAD3009BF3
:107FC000DB1B00930AD0B844B9444FEA18234FEAA8
:107FD000184402935FFA88F30393A4E705B0BDE861
:107FE000F08FCAF800303268002AE2D19BE700BF68
:107FF0001C02032020020320A434002000014001C1
:10800000B0FC0220A834002000C000422DE9F04F4F
:1080100085B00192002A00F092800B468146C1B2E1
:108020004D4A4E4F4FEA104B4FEA102A4C4E4D4CE2
:10803000029161684C4841F07D514C4D006861608F
:108040000199814228BF0146884611680D4348497D
:10805000096825EA010525F0785545F04050206073
:10806000396839B14FF0000C00BF0CF1010C3968D0
:108070008C45F9D303210393FFF716FF5FFA8BF1C9
:10808000FFF712FF5FFA8AF1FFF70EFF0299FFF781
:108090000BFF6168304A21F00061039B6160B8F119
:1080A000000F4FD008EB030B45F0485503F1FF3AA2
:1080B0000BF1FF3B4FF0080C4FF0000E256000BFA6
:1080C00000BF00BF00BF00BF00BF00BF00BF00BFB8
:1080D00000BF00BFA1682060C1F3C06141EA4E0E3D
:1080E00000BF00BF00BF00BF00BF00BF00BF00BF98
:1080F00000BF00BF00BFBCF1010CDFD10AF801EFE7
:10810000DA45D7D111682160616841F07D51616025
:10811000316829B1002100BF013130688142FAD3B2
:108120000199B1EB0801019109D0C14443445FFAC0
:1081300089F14FEA194B4FEA192A029179E705B004
:10814000BDE8F08F11682160616841F07D51616088
:1081500031680029DED16CE7B0FC02201C0203204C
:108160002002032000C00042A4340020000140018E
:10817000A8340020002A00F0D6800B46010C2DE91F
:10818000F04F87B08146DFF8B8A10191010A664F30
:108190000391C1B2654E664D664C029166486168B6
:1081A000006841F07D519042616028BF1046DAF8C6
:1081B0000010804641F00121604841F480010068D0
:1081C00021EA000C2CF0785B4BF0405020603968BD
:1081D00039B14FF0000C00BF0CF1010C39688C452F
:1081E000F9D30B21CDE90432FFF75EFE9DF80410B0
:1081F000FFF75AFE9DF80C10FFF756FE0299FFF7A5
:1082000053FE616821F0006161603168DDE904328C
:1082100011B34BF048514FF0000C9E46216000BF57
:1082200000BF00BF00BF00BF00BF00BF00BF00BF56
:1082300000BF00BF206000BF00BF00BF00BF00BF85
:1082400000BF00BF00BF00BF00BF00BF0CF1010CAA
:1082500033686345E2D87346B8F1000F55D04BF050
:10826000485C194608EB030B03F1FF3E63468C465E
:108270000BF1FF3BCDE901894FF008084FF00009F1
:10828000236000BF00BF00BF00BF00BF00BF00BF32
:1082900000BF00BF00BF00BFA1682060C1F3C06184
:1082A00041EA490900BF00BF00BF00BF00BF00BFD7
:1082B00000BF00BF00BF00BF00BFB8F10108DFD1A1
:1082C0000EF8019FDE45D7D1DAF800106346DDE9EC
:1082D00001892160616841F07D516160296829B19F
:1082E000002100BF013128688142FAD3B2EB0802B5
:1082F00016D0C14443444FEA194101914FEA192174
:1083000003915FFA89F1029148E7DAF800102160E1
:10831000616841F07D51616029680029E0D13DE745
:1083200007B0BDE8F08F70471C020320B434002072
:108330002002032000C00042A4340020A834002002
:10834000B0FC022000B507228E46DFF854C04EFA7A
:1083500002F39B0603F08063034343F00071CCF803
:108360000030CCF8001000BF00BF00BF00BF00BF4E
:1083700000BF00BF00BF00BF00BF00BF00BFCCF800
:10838000003000BF00BF00BF00BF00BF00BF00BF84
:1083900000BF00BF00BF00BF00BF013AD7D200BD81
:1083A00000C000422DE9F04F85B00092002A65D050
:1083B000030A8046364D040C02938946C3B2354EFB
:1083C000DFF8E4A00393DAF80420334B42F07D5247
:1083D00032481968324BCAF80420324A1B681268C6
:1083E0001843009F20EA02008F4220F0785028BFF7
:1083F0000F4640F04050CAF800002A683AB1002108
:1084000000BF01312B689942FAD3254B1B6802212A
:108410000193FFF797FFE1B2FFF794FF9DF8081073
:10842000FFF790FF0399FFF78DFF019B4FB307EB19
:10843000090401979B4609F1FF37013C17F8011F1A
:10844000FFF780FFA742F9D1019FCAF800B0326858
:108450002AB1002200BF013233689A42FAD3009B4E
:10846000DB1B00930AD0B844B9444FEA18234FEA03
:10847000184402935FFA88F30393A4E705B0BDE8BC
:10848000F08FCAF800303268002AE2D19BE700BFC3
:108490001C02032020020320A4340020000140011C
:1084A000B0FC0220A834002000C000422DE9F04FAB
:1084B00085B00192002A00F094800B468146C1B23B
:1084C0004E4A4F4F4FEA104B4FEA102A4D4E4E4C3A
:1084D000029161684D4841F07D514D4D00686160E9
:1084E0000199814228BF0146884611680D434949D8
:1084F000096825EA010525F0785545F040502060CF
:10850000396839B14FF0000C00BF0CF1010C39682B
:108510008C45F9D303210393FFF714FF5FFA8BF126
:10852000FFF710FF5FFA8AF1FFF70CFF0299FFF7E0
:1085300009FF6168314A21F00061039B6160B8F175
:10854000000F51D008EB030B45F0485503F1FF3AFB
:108550000BF1FF3B4FF0080C4FF0000E256000BF01
:1085600000BF00BF00BF00BF00BF00BF00BF00BF13
:1085700000BF00BF00BFA1682060C1F3C06141EA35
:108580004E0E00BF00BF00BF00BF00BF00BF00BF56
:1085900000BF00BF00BF00BF00BFBCF1010CDDD1B8
:1085A0000AF801EFDA45D5D111682160616841F020
:1085B0007D516160316829B1002100BF013130680F
:1085C0008142FAD30199B1EB0801019109D0C1446C
:1085D00043445FFA89F14FEA194B4FEA192A029195
:1085E00077E705B0BDE8F08F11682160616841F060
:1085F0007D51616031680029DED16AE7B0FC02205C
:108600001C0203202002032000C00042A4340020EA
:1086100000014001A8340020002A00F0DA800B4657
:10862000010C2DE9F04F87B08146DFF8C0A102911F
:10863000010A684F0191C1B2674E684D684C0391C1
:1086400068486168006841F07D519042616028BFD0
:108650001046DAF80010804641F00121624841F4EA
:108660008001006821EA000C2CF0785B4BF0405050
:108670002060396839B14FF0000C00BF0CF1010CDB
:1086800039688C45F9D30B21CDE90432FFF75AFE46
:108690009DF80810FFF756FE9DF80410FFF752FEF4
:1086A0000399FFF74FFE616821F000616160316856
:1086B000DDE9043221B34BF048514FF0000C9E46E7
:1086C000216000BF00BF00BF00BF00BF00BF00BFF0
:1086D00000BF00BF00BF00BF00BF206000BF00BFE1
:1086E00000BF00BF00BF00BF00BF00BF00BF00BF92
:1086F00000BF00BF0CF1010C33686345E0D873463E
:10870000B8F1000F57D04BF0485C194608EB030B4B
:1087100003F1FF3E63468C460BF1FF3BCDE9018937
:108720004FF008084FF00009236000BF00BF00BFF2
:1087300000BF00BF00BF00BF00BF00BF00BF00BF41
:1087400000BFA1682060C1F3C06141EA490900BFD0
:1087500000BF00BF00BF00BF00BF00BF00BF00BF21
:1087600000BF00BF00BFB8F10108DDD10EF8019FC6
:10877000DE45D5D1DAF800106346DDE901892160D4
:10878000616841F07D516160296829B1002100BF15
:10879000013128688142FAD3B2EB080216D0C144F5
:1087A00043444FEA194102914FEA192101915FFABE
:1087B00089F1039144E7DAF800102160616841F023
:1087C0007D51616029680029E0D139E707B0BDE833
:1087D000F08F70471C020320B434002020020320D5
:1087E00000C00042A4340020A8340020B0FC0220C5
:1087F00000B507228E46DFF858C04EFA02F39B06FA
:1088000003F08063034343F00071CCF80030CCF8F0
:10881000001000BF00BF00BF00BF00BF00BF00BF0F
:1088200000BF00BF00BF00BF00BF00BFCCF80030DA
:1088300000BF00BF00BF00BF00BF00BF00BF00BF40
:1088400000BF00BF00BF00BF00BF013AD5D200BDCE
:1088500000C000422DE9F04F85B00092002A65D09B
:10886000030A8046364D040C02938946C3B2354E46
:10887000DFF8E4A00393DAF80420334B42F07D5292
:1088800032481968324BCAF80420324A1B68126811
:108890001843009F20EA02008F4220F0785028BF42
:1088A0000F4640F04050CAF800002A683AB1002153
:1088B00000BF01312B689942FAD3254B1B68022176
:1088C0000193FFF795FFE1B2FFF792FF9DF80810C3
:1088D000FFF78EFF0399FFF78BFF019B4FB307EB69
:1088E000090401979B4609F1FF37013C17F8011F66
:1088F000FFF77EFFA742F9D1019FCAF800B03268A6
:108900002AB1002200BF013233689A42FAD3009B99
:10891000DB1B00930AD0B844B9444FEA18234FEA4E
:10892000184402935FFA88F30393A4E705B0BDE807
:10893000F08FCAF800303268002AE2D19BE700BF0E
:108940001C02032020020320A43400200001400167
:10895000B0FC0220A834002000C000422DE9F04FF6
:1089600085B00192002A00F096800B468146C1B284
:108970004F4A504F4FEA104B4FEA102A4E4E4F4C81
:10898000029161684E4841F07D514E4D0068616032
:108990000199814228BF0146884611680D434A4922
:1089A000096825EA010525F0785545F0405020601A
:1089B000396839B14FF0000C00BF0CF1010C396877
:1089C0008C45F9D303210393FFF712FF5FFA8BF174
:1089D000FFF70EFF5FFA8AF1FFF70AFF0299FFF730
:1089E00007FF6168324A21F00061039B6160B8F1C2
:1089F000000F53D008EB030B45F0485503F1FF3A45
:108A00000BF1FF3B4FF0080C4FF0000E256000BF4C
:108A100000BF00BF00BF00BF00BF00BF00BF00BF5E
:108A200000BF00BF00BF00BFA1682060C1F3C061EC
:108A300041EA4E0E00BF00BF00BF00BF00BF00BF35
:108A400000BF00BF00BF00BF00BF00BF00BFBCF140
:108A5000010CDBD10AF801EFDA45D3D111682160AE
:108A6000616841F07D516160316829B1002100BF2A
:108A7000013130688142FAD30199B1EB08010191CB
:108A800009D0C14443445FFA89F14FEA194B4FEAD8
:108A9000192A029175E705B0BDE8F08F11682160D1
:108AA000616841F07D51616031680029DED168E77D
:108AB000B0FC02201C0203202002032000C0004260
:108AC000A434002000014001A8340020002A00F056
:108AD000DF800B46010C2DE9F04F87B08146DFF8AF
:108AE000CCA10291010A6B4F0191C1B26A4E6B4D4C
:108AF0006B4C03916B486168006841F07D51904276
:108B0000616028BF1046DAF80010804641F001216C
:108B1000654841F48001006821EA000C2CF0785B84
:108B20004BF040502060396839B14FF0000C00BF65
:108B30000CF1010C39688C45F9D30B21CDE90432D5
:108B4000FFF756FE9DF80810FFF752FE9DF804103F
:108B5000FFF74EFE0399FFF74BFE616821F00061BD
:108B600061603168DDE90432002926D04BF04851BC
:108B70004FF0000C9E46216000BF00BF00BF00BF49
:108B800000BF00BF00BF00BF00BF00BF00BF00BFED
:108B900000BF206000BF00BF00BF00BF00BF00BF1C
:108BA00000BF00BF00BF00BF00BF00BF00BF0CF18F
:108BB000010C33686345DED87346B8F1000F59D015
:108BC0004BF0485C194608EB030B03F1FF3E63468C
:108BD0008C460BF1FF3BCDE901894FF008084FF0BF
:108BE0000009236000BF00BF00BF00BF00BF00BF7F
:108BF00000BF00BF00BF00BF00BF00BF00BFA16833
:108C00002060C1F3C06141EA490900BF00BF00BF55
:108C100000BF00BF00BF00BF00BF00BF00BF00BF5C
:108C200000BF00BFB8F10108DBD10EF8019FDE459F
:108C3000D3D1DAF800106346DDE90189216061686B
:108C400041F07D516160296829B1002100BF0131E7
:108C500028688142FAD3B2EB080216D0C1444344DB
:108C60004FEA194102914FEA192101915FFA89F106
:108C700003913FE7DAF800102160616841F07D510F
:108C8000616029680029E0D134E707B0BDE8F08FC2
:108C9000704700BF1C020320B434002020020320D0
:108CA00000C00042A4340020A8340020B0FC022000
:108CB00000B507228E46DFF85CC04EFA02F39B0631
:108CC00003F08063034343F00071CCF80030CCF82C
:108CD000001000BF00BF00BF00BF00BF00BF00BF4B
:108CE00000BF00BF00BF00BF00BF00BF00BFCCF887
:108CF000003000BF00BF00BF00BF00BF00BF00BF0B
:108D000000BF00BF00BF00BF00BF00BF00BF013AEF
:108D1000D3D200BD00C000422DE9F04F85B00092D3
:108D2000002A65D0030A8046364D040C029389461A
:108D3000C3B2354EDFF8E4A00393DAF80420334BD6
:108D400042F07D5232481968324BCAF80420324A48
:108D50001B6812681843009F20EA02008F4220F02F
:108D6000785028BF0F4640F04050CAF800002A68EB
:108D70003AB1002100BF01312B689942FAD3254B4B
:108D80001B6802210193FFF793FFE1B2FFF790FF09
:108D90009DF80810FFF78CFF0399FFF789FF019BEF
:108DA0004FB307EB090401979B4609F1FF37013CDC
:108DB00017F8011FFFF77CFFA742F9D1019FCAF8FE
:108DC00000B032682AB1002200BF013233689A42F3
:108DD000FAD3009BDB1B00930AD0B844B9444FEA96
:108DE00018234FEA184402935FFA88F30393A4E729
:108DF00005B0BDE8F08FCAF800303268002AE2D131
:108E00009BE700BF1C02032020020320A4340020A3
:108E100000014001B0FC0220A834002000C0004244
:108E20002DE9F04F85B00192002A00F098800B46A2
:108E30008146C1B2504A514F4FEA104B4FEA102AB7
:108E40004F4E504C029161684F4841F07D514F4D5B
:108E5000006861600199814228BF01468846116817
:108E60000D434B49096825EA010525F0785545F081
:108E700040502060396839B14FF0000C00BF0CF150
:108E8000010C39688C45F9D303210393FFF710FFD8
:108E90005FFA8BF1FFF70CFF5FFA8AF1FFF708FF2B
:108EA0000299FFF705FF6168334A21F00061039BD7
:108EB0006160B8F1000F55D008EB030B45F0485541
:108EC00003F1FF3A0BF1FF3B4FF0080C4FF0000E9F
:108ED000256000BF00BF00BF00BF00BF00BF00BFD4
:108EE00000BF00BF00BF00BF00BF00BF00BFA16840
:108EF0002060C1F3C06141EA4E0E00BF00BF00BF59
:108F000000BF00BF00BF00BF00BF00BF00BF00BF69
:108F100000BF00BF00BFBCF1010CD9D10AF801EFBE
:108F2000DA45D1D111682160616841F07D516160FD
:108F3000316829B1002100BF013130688142FAD384
:108F40000199B1EB0801019109D0C14443445FFA92
:108F500089F14FEA194B4FEA192A029173E705B0DC
:108F6000BDE8F08F11682160616841F07D5161605A
:108F700031680029DED166E7B0FC02201C02032024
:108F80002002032000C00042A43400200001400160
:108F9000A8340020002A00F0E3800B46010C2DE9E4
:108FA000F04F87B08146DFF8D4A10291010A6D4FDE
:108FB0000191C1B26C4E6D4D6D4C03916D4861686D
:108FC000006841F07D519042616028BF1046DAF898
:108FD0000010804641F00121674841F4800100689B
:108FE00021EA000C2CF0785B4BF04050206039688F
:108FF00039B14FF0000C00BF0CF1010C39688C4501
:10900000F9D30B21CDE90432FFF752FE9DF8081089
:10901000FFF74EFE9DF80410FFF74AFE0399FFF795
:1090200047FE616821F0006161603168DDE904326A
:10903000002928D04BF048514FF0000C9E4621608B
:1090400000BF00BF00BF00BF00BF00BF00BF00BF28
:1090500000BF00BF00BF00BF00BF00BF206000BF57
:1090600000BF00BF00BF00BF00BF00BF00BF00BF08
:1090700000BF00BF00BF00BF00BF0CF1010C336890
:109080006345DCD87346B8F1000F5BD04BF0485C09
:10909000194608EB030B03F1FF3E63468C460BF1C8
:1090A000FF3BCDE901894FF008084FF0000923602C
:1090B00000BF00BF00BF00BF00BF00BF00BF00BFB8
:1090C00000BF00BF00BF00BF00BF00BFA16820609D
:1090D000C1F3C06141EA490900BF00BF00BF00BF42
:1090E00000BF00BF00BF00BF00BF00BF00BF00BF88
:1090F00000BF00BFB8F10108D9D10EF8019FDE45CD
:10910000D1D1DAF800106346DDE901892160616898
:1091100041F07D516160296829B1002100BF013112
:1091200028688142FAD3B2EB080216D0C144434406
:109130004FEA194102914FEA192101915FFA89F131
:1091400003913BE7DAF800102160616841F07D513E
:10915000616029680029E0D130E707B0BDE8F08FF1
:10916000704700BF1C020320B434002020020320FB
:1091700000C00042A4340020A8340020B0FC02202B
:10918000002A00F0CA80030D2DE9F04F87B0914608
:1091900007468A460593030C604A0493030B604D0F
:1091A0000393030A5F4E019303095F4C009300F0A1
:1091B0000F0302935D4B6168186841F07D515C4B71
:1091C0004845616028BF484619688046106840F0ED
:1091D000012040F4800020EA010020F0785BC4F810
:1091E00000B0296839B14FF0000C00BF0CF1010C40
:1091F0002B689C45F9D34BF040614BF060632160D4
:10920000236000BF00BF00BF00BF00BF216000BFE0
:1092100000BF00BF00BF00BF08215846FAF742F95F
:10922000059B584603F00F01FAF73CF9049B58469A
:1092300003F00F01FAF736F9039B584603F00F01CC
:10924000FAF730F9019B584603F00F01FAF72AF9B3
:10925000009B584603F00F01FAF724F9029958468B
:10926000FAF720F92D4AB8F1000F4DD008EB0A0E9D
:109270000AF1FF3C0EF1FF3E1CF8013F1B094BEACF
:10928000836343F000712360216000BF00BF00BF13
:1092900000BF00BF236000BF00BF00BF00BF00BF12
:1092A0009CF8003003F00F034BEA836343F0007136
:1092B0002360216000BF00BF00BF00BF00BF23606C
:1092C00000BF00BF00BF00BF00BFF445D4D111688C
:1092D0002160316829B1002100BF01313368994212
:1092E000FAD3B9EB080915D04744C2443B0D0593A6
:1092F0003B0C04933B0B03933B0A01933B09009304
:1093000007F00F03029355E71168216031680029C7
:10931000E1D14FE707B0BDE8F08F7047B0FC022005
:109320001C0203202002032000C00042A4340020BD
:10933000A8340020002A00F00D81030D2DE9F04F24
:1093400089B0914607468A460693030C824A0593E4
:10935000030BDFF818B20493030A804D029303094C
:109360007F4E079300F00F037E4C03937E4B6168A2
:10937000186841F07D514845616028BF4846DBF8D8
:1093800000108046106840F0012040F4800020EA80
:10939000010020F078502060296839B14FF0000CAE
:1093A00000BF0CF1010C2B689C45F9D340F04061E3
:1093B00040F060632160236000BF00BF00BF00BFBA
:1093C000216000BF00BF00BF00BF40F0005140F06F
:1093D00008532160236000BF00BF00BF00BF2160B1
:1093E00000BF00BF00BF00BF069B019003F00F014C
:1093F000FAF744F8059B019803F00F0140EA8161F8
:1094000041F000732160236000BF00BF00BF00BFB8
:10941000216000BF00BF00BF00BF049B03F00F012D
:1094200040EA816141F000732160236000BF00BF0A
:1094300000BF00BF216000BF00BF00BF00BF029B94
:1094400003F00F0140EA816141F000732160236065
:1094500000BF00BF00BF00BF216000BF00BF00BF52
:1094600000BF079B03F00F0140EA816141F00073E8
:109470002160236000BF00BF00BF00BF216000BFAC
:1094800000BF00BF00BF039B40EA836141F000734F
:109490002160236000BF00BF00BF00BF216000BF8C
:1094A00000BF00BF00BF2C4AB8F1000F49D008EB45
:1094B0000A0E0AF1FF3C0EF1FF3E1CF8013F1B09AA
:1094C00040EA836343F000712360216000BF00BF66
:1094D00000BF00BF236000BF00BF00BF00BF9CF8FB
:1094E000003003F00F0340EA836343F00071236010
:1094F000216000BF00BF00BF00BF236000BF00BFEE
:1095000000BF00BFF445D8D111682160316829B18E
:10951000002100BF013133689942FAD3B9EB080941
:1095200015D04744C2443B0D06933B0C05933B0BBF
:1095300004933B0A02933B09079307F00F0303933D
:1095400014E71168216031680029E1D10EE709B004
:10955000BDE8F08F704700BFB0FC02201C02032062
:109560002002032000C00042A4340020A8340020C0
:1095700000B507228E46DFF864C04EFA02F39B0660
:1095800003F08063034343F00071CCF80030CCF863
:10959000001000BF00BF00BF00BF00BF00BF00BF82
:1095A00000BF00BF00BF00BF00BF00BF00BF00BFC3
:1095B00000BFCCF8003000BF00BF00BF00BF00BF3D
:1095C00000BF00BF00BF00BF00BF00BF00BF00BFA3
:1095D00000BF00BF00BF013ACFD200BD00C00042B3
:1095E0002DE9F04F85B00092002A65D0030A80462D
:1095F000364D040C02938946C3B2354EDFF8E4A021
:109600000393DAF80420334B42F07D523248196854
:10961000324BCAF80420324A1B6812681843009F74
:1096200020EA02008F4220F0785028BF0F4640F019
:109630004050CAF800002A683AB1002100BF013149
:109640002B689942FAD3254B1B6802210193FFF73F
:109650008FFFE1B2FFF78CFF9DF80810FFF788FF3E
:109660000399FFF785FF019B4FB307EB09040197AF
:109670009B4609F1FF37013C17F8011FFFF778FF00
:10968000A742F9D1019FCAF800B032682AB100227E
:1096900000BF013233689A42FAD3009BDB1B009370
:1096A0000AD0B844B9444FEA18234FEA1844029349
:1096B0005FFA88F30393A4E705B0BDE8F08FCAF81A
:1096C00000303268002AE2D19BE700BF1C02032071
:1096D00020020320A434002000014001B0FC02203D
:1096E000A834002000C000422DE9F04F85B001925F
:1096F000002A00F09C800B46534A010C534F4FEA5E
:10970000102A534E534C81465FFA80FB02916168E8
:10971000514841F07D51514D00686160019981428D
:1097200028BF0146884611680D434D49096825EA5E
:10973000010525F0785545F040502060396839B171
:109740004FF0000C00BF0CF1010C39688C45F9D3C7
:1097500003210393FFF70CFF9DF80810FFF708FFA4
:109760005FFA8AF1FFF704FF5946FFF701FF6168CE
:10977000354A21F00061039B6160B8F1000F59D0B8
:1097800008EB030B45F0485503F1FF3A0BF1FF3BA3
:109790004FF0080C4FF0000E256000BF00BF00BF67
:1097A00000BF00BF00BF00BF00BF00BF00BF00BFC1
:1097B00000BF00BF00BF00BF00BFA1682060C1F3B1
:1097C000C06141EA4E0E00BF00BF00BF00BF00BF36
:1097D00000BF00BF00BF00BF00BF00BF00BF00BF91
:1097E00000BF00BF00BFBCF1010CD5D10AF801EFEA
:1097F000DA45CDD111682160616841F07D51616029
:10980000316829B1002100BF013130688142FAD3AB
:109810000199B1EB0801019109D0C14443444FEAD9
:1098200019414FEA192A5FFA89FB02916FE705B0E7
:10983000BDE8F08F11682160616841F07D51616081
:1098400031680029DED162E7B0FC02201C0203204F
:109850002002032000C00042A43400200001400187
:10986000A8340020002A00F0EB800B46010C2DE903
:10987000F04F87B08146DFF8E4A10291010A714FF1
:109880000191C1B2704E714D714C03917148616884
:10989000006841F07D519042616028BF1046DAF8BF
:1098A0000010804641F001216B4841F480010068BE
:1098B00021EA000C2CF0785B4BF0405020603968B6
:1098C00039B14FF0000C00BF0CF1010C39688C4528
:1098D000F9D30B21CDE90432FFF74AFE9DF80810B9
:1098E000FFF746FE9DF80410FFF742FE0399FFF7CD
:1098F0003FFE616821F0006161603168DDE904329A
:1099000000292CD04BF048514FF0000C9E462160AE
:1099100000BF00BF00BF00BF00BF00BF00BF00BF4F
:1099200000BF00BF00BF00BF00BF00BF00BF00BF3F
:10993000206000BF00BF00BF00BF00BF00BF00BF6E
:1099400000BF00BF00BF00BF00BF00BF00BF00BF1F
:1099500000BF0CF1010C33686345D8D87346B8F1E9
:10996000000F5FD04BF0485C194608EB030B03F186
:10997000FF3E63468C460BF1FF3BCDE901894FF07A
:1099800008084FF00009236000BF00BF00BF00BF00
:1099900000BF00BF00BF00BF00BF00BF00BF00BFCF
:1099A00000BF00BF00BF00BFA1682060C1F3C0615D
:1099B00041EA490900BF00BF00BF00BF00BF00BFB0
:1099C00000BF00BF00BF00BF00BF00BF00BF00BF9F
:1099D00000BF00BFB8F10108D5D10EF8019FDE45E8
:1099E000CDD1DAF800106346DDE9018921606168B4
:1099F00041F07D516160296829B1002100BF01312A
:109A000028688142FAD3B2EB080216D0C14443441D
:109A10004FEA194102914FEA192101915FFA89F148
:109A2000039133E7DAF800102160616841F07D515D
:109A3000616029680029E0D128E707B0BDE8F08F10
:109A4000704700BF1C020320B43400202002032012
:109A500000C00042A4340020A8340020B0FC022042
:109A6000002A00F08580030C2DE9F04F85B0804678
:109A7000894693460293030ADFF810A10193C3B20B
:109A80003C4E3D4D3D4C039363683D4A43F07D534E
:109A90003C4812686360DAF800305A4543EA000037
:109AA000394B28BF5A461B68174620EA030020F0AE
:109AB000785040F04050206033682BB1002200BF46
:109AC000013233689A42FAD30221FAF793F99DF8EA
:109AD0000810FAF78FF99DF80410FAF78BF903993B
:109AE000FAF788F9002F39D007EB090E09F1FF3199
:109AF00001970EF1FF3E11F801CF07224CFA02F355
:109B00009B0603F08063034343F0007723602760E4
:109B100000BF00BF00BF236000BF00BF00BF013A0D
:109B2000ECD27145E7D1DAF80030019F23602B6851
:109B30002BB1002300BF01332A689342FAD3BBEB59
:109B4000070B12D0B844B9444FEA184302934FEAC6
:109B5000182301935FFA88F3039395E7DAF800304E
:109B600023602B68002BE4D18EE705B0BDE8F08FB1
:109B7000704700BF1C0203202002032000C00042E7
:109B8000A434002000014001A8340020B0FC0220D1
:109B90002DE9F04F89B00192002A00F01081020BEC
:109BA0008146030D8B460692020A8C4F4FEA104AFB
:109BB000049202098A4E039200F00F02DFF8348209
:109BC000884C079305926368874A43F07D53019D53
:109BD00011686360854B8D42186828BF0D46844B21
:109BE00040F00120196840F4800020EA010020F0D4
:109BF00078502060396839B14FF0000C00BF0CF18B
:109C0000010C3B689C45F9D340F0605140F068532B
:109C10002160236000BF00BF00BF00BF216000BF04
:109C200000BF00BF00BF40F0305140F0385321600A
:109C3000236000BF00BF00BF00BF216000BF00BFA6
:109C400000BF00BF079B03F00F0140EA816141F0B4
:109C500000732160236000BF00BF00BF00BF216010
:109C600000BF00BF00BF00BF0AF00F0140EA8161E2
:109C700041F000732160236000BF00BF00BF00BF40
:109C8000216000BF00BF00BF00BF069B03F00F01B3
:109C900040EA816141F000732160236000BF00BF92
:109CA00000BF00BF216000BF00BF00BF00BF049B1A
:109CB00003F00F0140EA816141F0007321602360ED
:109CC00000BF00BF00BF00BF216000BF00BF00BFDA
:109CD00000BF039B029003F00F01F9F7CFFB05993A
:109CE0000298F9F7CBFB6168029821F0705161602E
:109CF000316891B140F000734FF0000C236000BF59
:109D000000BF00BF00BF206000BF00BF00BF00BF9A
:109D10000CF1010C32686245F0D8002D52D005EBF1
:109D20000B0A40F000730BF1FF3C0AF1FF3A23608D
:109D300000BF00BF00BF00BFA168206000BF00BF20
:109D400000BF00BF236000BF00BF00BF00BFA2680C
:109D5000206000BF00BF00BF00BF890EC2F3836256
:109D600042EA01120CF8012FD445E0D11F4B1968CB
:109D70002160616841F07D516160D8F8001031B117
:109D8000002100BF0131D8F800309942F9D3019B7E
:109D90005B1B019313D0A944AB444FEA19534FEA1C
:109DA000194A07934FEA193306934FEA192304938C
:109DB0004FEA1913039309F00F03059303E709B062
:109DC000BDE8F08F094B19682160616841F07D5151
:109DD0006160D8F800100029D2D1F4E61C020320FB
:109DE000AC34002000C00042A4340020B0FC0220AB
:109DF000A83400202002032070B5184D1C461646DA
:109E0000AB6CDBB111B14FF0FF3070BD01461846AD
:109E10000CF026FC0028F6D0A86C40B12246314652
:109E20000CF0FCFA201A18BF4FF0FF3070BDE86C40
:109E300088B1224631460BF0DBF8F3E7D5F84CC089
:109E4000BCF1000FDFD002460B4660460BF0B0F9C4
:109E50000028E1D1D7E74FF0FF30E3E750F00220D0
:109E6000014BD3E900017047202E0120014B1868F7
:109E7000C0057047B4FC022010B510F02DFADFF8D1
:109E800044C003460E4ADCF800409C42D2E900017F
:109E900001D9013151601818CCF8003041F10001AE
:109EA00012F0BCFC9FED047B41EC100B20EE070B85
:109EB00010BD00BFAFF300808DEDB5A0F7C6B03E7A
:109EC000282E0120841203200FB400B5BFB0F0216A
:109ED00040AB02A853F8042B019313F087FD02A8AE
:109EE00014F02EFC014602A811F07EFC03480FF08E
:109EF000F9FF3FB05DF804EB04B0704790340020E8
:109F00002DE9F04F2DED108BADF27C6D4FF480629A
:109F1000BB49219008F0C6FA041E40F32682B94BD3
:109F2000196AB94B1B6823448B4200F39681219D2B
:109F30000026284614F004FC4FF480530146B34A2F
:109F40002846AF4DFBF786F9AF4BB04922461B6858
:109F5000AF48FFF7B9FF0B21AE4811F045FC2020B8
:109F600011F02EFC55F8041BAB480FF0AFFF334641
:109F70000136B442F3D1A84815930FF0B3FFA24BBA
:109F80001A683244002A40F310820022159B9FED8C
:109F9000A3BA0DF1880A15961546164616921E9319
:109FA0001D9217929FED908B9FED91DBB0EE48CB09
:109FB000B0EE489BB0EE48AB29E0DDE91C329D18BD
:109FC000B5F5005FC0F24081954C0521954811F030
:109FD0000BFC219D284614F0B3FB0146284611F0E6
:109FE00003FC1D998E4811F0FFFB8B480FF07AFFA0
:109FF000844BDAF800609B6AB34200F0C281824B66
:10A00000159A1B681344434540F344814546159B0C
:10A010009D4202DA7A4B53F8256008F085F925ABAA
:10A0200052462946019323AB3046009324AB0AF0F5
:10A03000EDF9002840F01D8126A87B4F08F07CF93F
:10A040003A9B179A05F101081699D2183B9B9DED92
:10A05000264B9DED285B9DED2A6B9DED2C7B41EB06
:10A0600003033AEE04AB39EE059B1F923CEE06CBA0
:10A07000209338EE078BCDE9163210F085FBB4EE55
:10A08000CB0AFF226949DAF80000F0EE40BAF1EE9F
:10A0900010FA30FE0BBA08F071F94FF480630146F4
:10A0A0003A461C906148FBF7D5F89DED256A9DED79
:10A0B000247A4FF4AF61B7EEC66A239BB7EEC77A36
:10A0C0000A97019640A800950693594A8DED086BB2
:10A0D0008DED047BDAF8003002932B4613F00EFC72
:10A0E00040A814F02DFB014640A811F07DFB4A4822
:10A0F0000FF0F8FE9DED267BDDE93A018DED187B32
:10A1000012F08CFB9DED28EB9FED3B7B41EC1F0B90
:10A11000B5EEC0EB2FEE07FBF1EE10FA5EDD8FEE31
:10A120000E7B8DED1A7BDFF818B1DFF81891DBF8A4
:10A130000030404F1093D9F800300F933B680E93D6
:10A14000DDE92C23DDE93E01CDE90C23DDE92A23FD
:10A15000CDE90A2312F062FB41EC160B26EE0D6BE3
:10A16000DDE93C018DED086B12F058FB41EC160B5C
:10A1700026EE0D6B30489DED1A7BDDE918238DED41
:10A18000066B8DED047B8DED02EB8DED00FBFFF793
:10A190009BFEB7EEEB0A29462848DDE938238DED12
:10A1A0000A0BCDE90823DDE93623CDE90623DDE9F5
:10A1B0003423CDE90423DDE93223CDE90223DDE9AF
:10A1C0003023CDE90023DDE92E23FFF77DFE1E9B22
:10A1D0009D42BFF6F2AEDAF8006010E78DED1AFB93
:10A1E000A1E700BFAFF30080000000000000000006
:10A1F000000000000000503F000000000000B03EE2
:10A2000088860320C02D0120A0340020885603201A
:10A210001C0B0020480B00209034002000007AC462
:10A2200088660320E40C002088120320889603200F
:10A23000900B002050020320D00B0020900C002037
:10A240004C020320540203201D98794C1C9A204490
:10A25000784910F0D7F81D95B7E67748FFF734FE38
:10A2600076480DF27C6DBDEC108BBDE8F04FFFF72A
:10A270002BBE08F055F8294602467148FFF724FE28
:10A2800029467048FFF720FE0DF27C6DBDEC108B67
:10A29000BDE8F08FDDF874C00023654ACA46614608
:10A2A000159E104602F80C304FF48043664AFAF7C8
:10A2B000D1FF65496548C146FFF706FE07EE909A53
:10A2C000B8EEE77B9FED56FB8AEE07DBDDE91F0169
:10A2D00012F0A4FA41EC1E0B2EEE0FFB49465C482F
:10A2E00053EC1A2B8DED02FB8DED00DBFFF7ECFD3F
:10A2F000DBF80030DAF8002056483968FFF7E4FD53
:10A30000B5EEC09B544B9FED487BF1EE10FA1A68F6
:10A310002EEE07EB01DD8EEE09EBDBF80030314667
:10A3200010934B46B7EECBBADAF800003C680F90BA
:10A330000E944A488DED12BB8DED0CCB8DED0A8B42
:10A340008DED089B8DED06EB8DED04FB8DED02DBB5
:10A350008DED00ABFFF7B8FD41480DF27C6DBDEC13
:10A36000108BBDE8F04FFFF7AFBD3E48FFF7ACFDE7
:10A370003D480DF27C6DBDEC108BBDE8F04FFFF752
:10A38000A3BDDDF874C000232F4ACA46614604F815
:10A390000C3027484FF48043159EFAF75BFF2A499B
:10A3A000C1462A48FFF790FD88E74FF00009204A90
:10A3B000002400254FF480431046494682F800905F
:10A3C000214AFAF747FF20492048FFF77DFD49461B
:10A3D0001F4822462B46DFF8A0B0244F9FED24BA39
:10A3E000CDE90245CDE90045FFF76EFD214ADBF8D6
:10A3F00000309246174812683968FFF765FD164B22
:10A4000045EC184BB0EE48CB1A68B0EE489BB0EE66
:10A4100048DBB0EE48ABB0EE48FBB0EE48EB7CE773
:10A42000000000000000103E000000000000B03EF0
:10A430008866032088960320DC0A0020080B002091
:10A44000540B0020740B002088160320EC0C002015
:10A45000FC0C0020440D0020A0340020A40D00209E
:10A46000540E0020B00A0020C80A00205002032029
:10A4700000007AC4540203204C02032000000000B4
:10A480002DE9F04F2DED028B93B0054600200EAA6A
:10A490000DAB0CACCDE9013200940BAB10AA09F066
:10A4A0005DFF002840F0EF800E9B4FF480370C9A40
:10A4B000B7FBF3F7974228BF17461FB10D9AB2F5C5
:10A4C0002C5F08D929467E48FFF7FEFC13B0BDEC8F
:10A4D000028BBDE8F08F07FB03F37A4ADDE9100138
:10A4E000FFF78AFC0446002840F0D8800D9B002B23
:10A4F00000F0D98074499FED757A754801EB830CA3
:10A50000744E754A06FB00204FEA102EAEF5000E81
:10A5100007EE90EAF8EEE77A67EE877AE1EC017AE7
:10A520008C45EFD11A466D4E0023DFF8D8B166484E
:10A53000CDF804B00096F7F76DFF694B0D9A3046E1
:10A5400000930023F7F7C6FF07EE907A099525469A
:10A55000B8EEE77BDFF86C81B0EE478B85F0010940
:10A56000DFED607A4FF0000A09F00109CDED0F7AB6
:10A570000FF0B2FE0890CDF818908146CDF81CA0DF
:10A580000024AA460EE00025CDF800E00195F8F77A
:10A5900003F9DDED0F7A013437EE800AA7428DED25
:10A5A0000F0A18D00E995B460B98324601FB048CBB
:10A5B000DDF834E00C286146E5D1069D002DE2D09F
:10A5C0000025474B5A4631466046CDF800E00195DC
:10A5D000F7F79EFFDDE75546DDF81CA00FF07CFE87
:10A5E000414BA0EB09000AF1010A9842C6D9DDF8F7
:10A5F00018900FF071FE089B0B9AC01A9FED3B7AE2
:10A600000C2A07EE900AF8EE677A87EE876A02D185
:10A61000B9F1000F40D1364B07EE90AA0D9935489D
:10A62000B8EE674BDDED0D7AB7EEC66A0191B8EE74
:10A63000677B0999009727EE087B9FED1D5B27EE4E
:10A64000047B87EE055BDDED0E7AB8EE677B27EEC7
:10A65000087B27EE047B9FED184B27EE047B87EEEB
:10A66000064B85EE067B8DED024B8DED047BFFF7EF
:10A670002BFC0B9B0C2B7FF429AF6B1C0125022BB1
:10A680007FF46CAF22E729461B48FFF71DFC13B08F
:10A69000BDEC028BBDE8F08F184BBDE7294618488A
:10A6A000FFF712FC12E702463DE700BFAFF3008060
:10A6B0000000000080842E41000000000000B03E39
:10A6C000AC0E002000D72020002B202000000034FA
:10A6D00091F445250D6619005FF36E3C00002020C3
:10A6E000B8FC0220000000003F420F000024744923
:10A6F0008C0E0020E80E0020940E0020840E002016
:10A70000CC0E00206CF5022000BF00BF00BF00BFD0
:10A7100000BF00BF00BF00BF704700BF38B540EAB0
:10A720008164074D44F000732C602B6000BF00BFB4
:10A73000FFF7EAFF2C6000BF00BFFFF7E5FF38BD61
:10A7400000C000422DE9F04F05468178B24883B041
:10A75000B24B01700620B249B24A08600221DFF80C
:10A76000008388F80010C3F86C22C3F87022C3F885
:10A770007422C3F87822BFF34F8FAB788B4202D19B
:10A78000A94B08221A60AB790022DFF8D8B2302436
:10A790002E78CBF800306F78A44B1A60E0B2013409
:10A7A00001210FF0E5FD372CF8D1012102200FF037
:10A7B000DFFD012103200FF0DBFD012104200FF05C
:10A7C000D7FD012105200FF0D3FD994A994B022EA8
:10A7D000116841EA0303136000F0F480002E14BFF7
:10A7E0004FF480034FF0807393490B6098F800306A
:10A7F000012B00F0E580022B00F0E080032B00F03D
:10A8000009813822854BC3F86C22C3F87022C3F843
:10A810007422C3F87822BFF34F8F03F13F73874848
:10A82000DFF8449203F5BD434468D9F800200333B0
:10A83000A3FB0232920C02EB420243681B1B9A42BA
:10A84000FBD87B4B7E481C68DFF820A220407D4F60
:10A8500040EA0A0AC7F800A0586840F07D505860E6
:10A86000086859682AEA000041F07D5120F07850CC
:10A870005960186040F04056DBF8004044B10023B6
:10A8800000BF0133DBF80040A342F9D3D7F800A0A2
:10A890000F210190FFF742FF01980521FFF73EFFCE
:10A8A000634B6648C3F800A003F18D73426803F55B
:10A8B0008F33D9F800108333A3FB0131890C01EBEE
:10A8C000810143689B1A9942FBD8594B1E6044B1E1
:10A8D000002300BF0133DBF80040A342F9D3D7F8CF
:10A8E00000A066213046FDF799F8514B5348C3F854
:10A8F00000A003F18D73426803F58F33D9F800107F
:10A900008333A3FB0131890C01EB810143689B1A5E
:10A910009942FBD8464B1E6044B1002300BF01336F
:10A92000DBF800209342F9D3D7F800A0404C9921DE
:10A930003046FDF773F80220C4F800A00FF076FC53
:10A94000354B1B7883B92660DBF800202AB100BFA5
:10A950000133DBF800209342F9D330463521FDF76F
:10A960005DF8334B3A681A603449374B4868D9F878
:10A970000020A3FB02323223920C03FB02F24B684D
:10A980001B1A9A42FBD8254B0221264A88F8001050
:10A99000C3F86C22C3F87022C3F87422C3F878227B
:10A9A000BFF34F8F294B297929481970EC786A79C0
:10A9B000284B04701A6003B0BDE8F08F194A21E7F4
:10A9C000254A1FE7FC074FF0100312D4B807C2F85E
:10A9D0008830174B4FF0200212D57907C3F8842036
:10A9E000134B4FF0400212D5C3F884204FF480730C
:10A9F000FAE6B807C2F884300D4B4FF02002ECD4D1
:10AA00007907C3F888200A4B4FF04002ECD4C3F812
:10AA10008820EBE7114AF5E6380E042000801F403D
:10AA2000AC340020F9000100B434002020020320DF
:10AA300000C0004200014001A8340020001000E0E6
:10AA4000FFFEBFCCB0FC022083DE1B439737002003
:10AA500098370020A43400203800010038F00100AD
:10AA6000390E04201C0203208C34002000014031E8
:10AA70002DE9F04F85B00392002A76D083460E462A
:10AA80004C4B4FEADB541B68B3EBDB5F4EDD4A4DAA
:10AA90002B689C4207D0494B04EB440003EBC000F9
:10AAA000FFF750FE2C60039BCBF3160A0025DFF85E
:10AAB0004491B3F5005FCAF50004DFF83C8128BF7C
:10AAC0004FF400539C4228BF1C463D4B2246314662
:10AAD000504693F800C099F80030BCF1000F2AD01E
:10AAE000384F57F823309847354B224636491B7864
:10AAF00098F80000022B24D0012B3AD051F82030D6
:10AB000050463249984722463049304612F098FF65
:10AB100020B30135042DD8D12D4E2E48336801685D
:10AB200001334F1C0F293360076029D94FF0FF30E4
:10AB300005B0BDE8F08F284850F8233050469847BC
:10AB4000D2E7264B214953F82030504698472246F9
:10AB50001E49304612F074FF0028DAD1C5B9039BB4
:10AB6000A34426441B1B03938AD1002005B0BDE8F3
:10AB7000F08F1B4B154953F8203050469847C2E7D9
:10AB800023465A46174918480095FFF79DF9CDE727
:10AB90001649104A0B6801330B601368591C0F2BC0
:10ABA0001160DCD823465A4611490F480095FFF73B
:10ABB0008BF9D4E7B4FC0220B0340020D0FA022094
:10ABC000380E0420100A002078090020C05A002006
:10ABD0004C020320600203205C0A0020C40900200C
:10ABE0002C090020880F0020480F00205402032069
:10ABF000380F00209837002097370020002A00F0F7
:10AC00008E802DE9F04F054683B089469346494F23
:10AC1000494BEC0D1B68B3EBD55F7DDD3B689C4277
:10AC200007D0464B04EB440003EBC000FFF78AFD5E
:10AC30003C60C5F31606BBF5005F5B46494628BF7E
:10AC40004FF40053C6F5000430469C4228BF1C4612
:10AC50002246FAF741FB224639493046FAF73CFBD7
:10AC600022463749484612F0EBFE002835D02246EE
:10AC700034493046324EFAF72FFB09F1FF314FF0DD
:10AC8000000E304A04EB010AF04609E0634508F182
:10AC9000010812D0604501D00EF1010E8A450FD097
:10ACA00011F8010F16F8013B12F801CB9842EDD1D3
:10ACB0006045F3D008F10108EEE78A450B70EFD14B
:10ACC000214A136801331360204A1368591CBEF1EE
:10ACD000000F19D10F2B116008D9BBEB040B2544D1
:10ACE000A14495D1002003B0BDE8F08F2A46234649
:10ACF000174925441748A144CDF80080FFF7E4F830
:10AD0000BBEB040B84D1EDE70F2B7646116008D91D
:10AD1000114A1368334413604FF0FF30E3E700201B
:10AD2000704723462A460D490A48CDF80080FFF7B0
:10AD3000CBF8EDE7B0340020B4FC0220D0FA0220BA
:10AD4000C05A0020C07A0020500203206002032075
:10AD5000A40F0020480F00204C020320C00F002049
:10AD60002DE9F04F2DED028B037889B00446492B75
:10AD700001D142781AB1692B11D163787BB93A4A73
:10AD80003A49146809683A4B3A48CA051B6A009464
:10AD9000FFF79AF809B0BDEC028BBDE8F08F0522F1
:10ADA0003549204612F0CCFF00283FD033492046D9
:10ADB00013F006FB804600286AD03149204613F084
:10ADC000FFFA0546002800F01B822E49204613F0AA
:10ADD000F7FA002840D0227823465AB120465C2A50
:10ADE00000F1010110D0014603F8012B4A78481CFC
:10ADF000002AF4D1002220461A7009B0BDEC028B63
:10AE0000BDE8F04FFFF77CB84578002DEBD06E2DF4
:10AE100000F0AF81742D00F03C825C2DE4D01D4623
:10AE200005F8022B42785A702B46DFE7601D11F0BF
:10AE300039FF01460C4BB1F5007F1348A8BF4FF412
:10AE400000710129B8BF0121196009B0BDEC028B66
:10AE5000BDE8F04FFFF738B80C4809B0BDEC028BE5
:10AE6000BDE8F04FFFF730B8A0340020B4FC02205A
:10AE7000C02D0120E40F00202810002038100020F1
:10AE8000D411002074120020301000207C12002009
:10AE90000FF07AFCBE4FB7EEC07ABE4807F10C0A3D
:10AEA00053EC172BFFF710F80FF016FA4FF0005481
:10AEB000814657F8045B00262B46B74A20463146A8
:10AEC000FEF79AFF002840F040812C1904F16043FE
:10AED00046F10006B3F1807FEED30FF0FDF9A0EB51
:10AEE00009009FEDAE7A07EE900AAD4BF8EE677A57
:10AEF0009FEDA36B87EE877AB7EEC77A86EE076B76
:10AF000000932946A74853EC162BFEF7DDFF574563
:10AF1000CAD1A54B4FF000094FF4807543F23904B4
:10AF2000A24FDFF8D4A2D3E90063360B46EA0356FA
:10AF30000FF0D2F98346013E07FB04A44FF480537F
:10AF4000954AB4FBF6F106FB11410803090DFEF723
:10AF500053FF08B109F10109013DEDD10FF0BCF932
:10AF6000A0EB0B039FED8D8AB7EE003B07EE103A86
:10AF7000DFED8F6ADFED8F5AB8EE477A8E48CDF855
:10AF800008908E4CC7EE087AB7EEE74A67EEA67ACD
:10AF900083EE046B67EEA57AB7EEE77A53EC172BD6
:10AFA0008DED006BFEF790FF04218548FFF768FAEE
:10AFB00006218448FFF764FA02218348FFF760FA0C
:10AFC00007218248FFF75CFA814A824B126C1B68AA
:10AFD00014196FF3160404F58016B6EBC35F00F284
:10AFE0005C81A30D7C49E70DDFF8109203EBD4538D
:10AFF00001EBC30ADD005046FFF7A4FB774B1F604F
:10B00000772389F800300FF067F907464FF4801076
:10B01000FAF7D8FD0FF060F9C01B07EE900AF8EEC2
:10B02000677A87EE886A8DED076A0FF055F9074653
:10B030004FF48010FBF738FD83460FF04DF9C01B2D
:10B040009DED076A05F1100307EE900A6249B7EE1D
:10B05000C66A9AF80220F8EE677A5F18604B3946A4
:10B06000604887EE887A53F82220CDF810B09FED23
:10B07000465B85EE064BB7EEC77A85EE076B8DED26
:10B08000004B8DED026BFEF71FFF99F80030564A1A
:10B0900003EBC30302F5005103EBC3033B3302F898
:10B0A000013F8A42A3F16303F9D10FF015F9254658
:10B0B00082464FF00009284605F500554FF400522E
:10B0C0004A49FFF7D5FCB54249EA0009F3D10FF030
:10B0D00003F9A0EB0A009FED317A07EE900AF8EE33
:10B0E000677AC7EE877AB0EE678A0FF0F5F8054603
:10B0F000204604F500544FF400522749FFF77EFD27
:10B10000B44248EA0008F3D10FF0E6F8B7EEC86A97
:10B11000401BDFED224A49EA0804394607EE900A4F
:10B1200033480294F8EE677A9FED175B87EEA47AB6
:10B1300085EE066BB7EEC77A53EC162B85EE076BE0
:10B140008DED006BFEF7C0FEAAE00FF0C5F8A0EB96
:10B1500009009FED127A07EE900A264BF8EE677A07
:10B160009FED076B87EE877AB7EEC77A86EE076B9F
:10B17000C6E60A2203F8012B38E600BFAFF30080D1
:10B180008DEDB5A0F7C630408DEDB5A0F7C6F03F08
:10B19000A02800204010002000D72020002474495F
:10B1A0003425002058100020202E01200D661900A3
:10B1B00000007A440000803B80100020FFFF7F00E9
:10B1C000CC100020D8100020E4100020F010002047
:10B1D000C02D0120B4FC0220D0FA0220B03400209F
:10B1E000F4260020FC100020BF3A0020C03A0020C6
:10B1F00048110020DC0F00205FF36E3C360E042067
:10B200002E4F3B68834224DD2D4CDFF8E8802D4E25
:10B2100014ED017A29462C480135B7EEC77A8DED39
:10B22000047B14F80C3C56F82330019314F80D3CC1
:10B2300056F82330009314F80E3C14F80B2C58F8F1
:10B24000233002922246FEF73FFE3B6818349D42AF
:10B25000DEDB1E491E4A1F4B16680D681F680FF083
:10B2600093FA1D4AB7EEC00A1C4C3B4610682946AB
:10B270003246A4FB00401A4C8DED000B8009246A75
:10B28000CDE90340174C184824680294FEF71CFED1
:10B2900080E5092203F8012BA8E51448FEF714FE07
:10B2A0000FF072FAB7EEC07A114853EC172B09B0C1
:10B2B000BDEC028BBDE8F04FFEF706BEB4FC0220E9
:10B2C000E0FA0220D425002034120020500203208E
:10B2D000540203204C020320100E0420D34D6210B0
:10B2E000C02D0120A0340020DC110020901100208E
:10B2F000BC110020F42600207249734B0A682DE926
:10B30000F04F42F0020205242DED068BCDB00A600D
:10B31000DC665C679C67DC67C3F88040C3F88440E8
:10B32000C3F88840BFF34F8F012102200FF020F8AF
:10B33000012103200FF01CF8012104200FF018F860
:10B340002046012130240FF013F8604B4FF4807237
:10B35000C3F88420E0B2013401210FF009F8372C42
:10B36000F8D15A4B4FF0E020594A40F2EE261C68C3
:10B3700058492243584F594C1A605A68DFF888815F
:10B3800042F07D525A60D0F8FC3D43F08073C0F823
:10B39000FC3D0B6843F001030B60514B1D6810F03E
:10B3A0009FFA2378002B00F08C833B78DA0740F17A
:10B3B00088834B4B1B68D8F800209B1A0E2B40F259
:10B3C0008083474B41F28735434F1E68DFF8388151
:10B3D00010F086FA23780A20002B00F07E833B7859
:10B3E000DB0740F17A833E4B1B68D8F800209B1A9C
:10B3F0000E2B40F27283C820DFF810B10EF016FF5A
:10B400003848FEF761FD3848FEF75EFD3748FEF725
:10B410005BFD3748FEF758FD364EDBF800400FF075
:10B42000B3F9B7EEC07A3448A6FB0431DFF8E0A0E8
:10B43000284C890C254D53EC172BFEF745FD2F4862
:10B44000FEF742FD2E48FEF73FFD2E4B08930023EA
:10B450000F930023CDE91A33089B1B88ADF82830E1
:10B46000DBB2002B00F04583012B00F08C83174AE0
:10B470004FF08071022BC2F884104FF48001C2F8A3
:10B4800084104FF48071C2F8841045D1BDF82810A3
:10B4900011F4807FC1F307234FF0100140F039838E
:10B4A0009807C2F88810094A4FF0200140F139830B
:10B4B00013F0040FC2F88410044B4FF0400200F068
:10B4C000398327E000402A4000801F4000C000422E
:10B4D00000014001001000E0460E0420470E042049
:10B4E000100E0420B0120020FC1200203C1300209B
:10B4F0007013002083DE1B43B0130020C81300200C
:10B500001414002050280020200E04208C34002029
:10B51000602A0020C3F884204FF005086168DBF83A
:10B520000020A6FB0232920C02EB820263685B1AD7
:10B530009A42FBD8012135200EF01AFF4FF000731C
:10B5400001213220C5F888304FEA08190EF010FFAB
:10B550004FF0805301213620C5F884300AEB0818DB
:10B560000EF006FF4FF0005301213420C5F884305F
:10B570000EF0FEFE012131200EF0FAFED8F80C305C
:10B580005AF80920C2F888306068DBF80010A6FB82
:10B590000131890C63681B1A9942FBD84FF0806017
:10B5A0004FF000614FF080574FF000580992C5F8F6
:10B5B0008400C5F88410C5F88470C5F88480F7F756
:10B5C00019FD4FF080604FF00061C5F88400C5F8A8
:10B5D0008810C5F88470C5F88880F7F70BFD0AEB72
:10B5E0000901099AC968C2F88410C5F88470C5F8C1
:10B5F00084806068DBF80010A6FB0131890C01EB48
:10B60000810163681B1A9942FBD80AEB0903DB68C6
:10B61000C2F888306168DBF80020A6FB0232920C89
:10B6200063685B1A9A42FBD86620F9F7F5FD0AEBCE
:10B6300009035AF80900DB68C0F884306168DBF858
:10B640000020A6FB0232920C02EB820263685B1AB6
:10B650009A42FBD80AEB0903DB68C0F888306168BE
:10B66000DBF80020A6FB0232920C63685B1A9A4258
:10B67000FBD80AEB09089920F9F7CEFD5AF80930F2
:10B68000D8F80C200220C3F884200EF0CFFDD8F8A3
:10B690000C205AF80930C3F888206168DBF80020D4
:10B6A000A6FB0232920C63685B1A9A42FBD89F2079
:10B6B0000DF16708F9F7B0FD0020F9F7ADFD0020A6
:10B6C000F9F7AAFD0020F9F7A7FD002131200EF0BF
:10B6D0004FFE082200214FF00070C5F88400AB68CF
:10B6E000D4F804C0C3F3C063DBF8007043EA41013F
:10B6F000A6FB0737BF0C6368A3EB0C039F42FAD885
:10B70000C5F88800D4F804C0DBF80070A6FB073742
:10B71000BF0C6368A3EB0C039F42FAD8013ADCD15B
:10B720000DF16F0308F8011F4345CED10AEB090262
:10B730005AF809305E48D268C3F884205D4B6168CE
:10B74000DBF80020A3FB0232920C02EB820243687A
:10B750005B1A9A42FBD8584B4FF080724FF030087A
:10B76000C3F884204FF48002C3F884204FF4807221
:10B77000C3F884205FFA88F008F1010801210EF077
:10B78000F7FDB8F1370FF5D1089B4B4AD3F8048089
:10B79000536843F07D5353609DF868300D2B00F0E3
:10B7A000CC819DF86920414644480092444AFEF706
:10B7B0008BFB089B434A0833934208937FF449AEBE
:10B7C0000F9C41482146FEF77FFB4FF480613F48C4
:10B7D000FEF77AFB2346002C00F0F2843C4B4FF03E
:10B7E000010A3C4CA3F11008CDF830A03A4E9A461D
:10B7F000CDF84C804FF000082D4F12939FED289B01
:10B800009FED298B354B0C9ACDF838A01A70002289
:10B81000334B0D93AAF11003CDE91028CDE90A238B
:10B82000304B0893089B1AADDDF82CC041F2120E84
:10B8300093F80080BCE80F000FC59CE803000A9B4A
:10B8400085E803008DF86A304FF00F031AA88DF8D1
:10B850006E80ADF86CE04FF000088DF86B3010256D
:10B86000FEF770FF05E008F10108B8F1130F00F0D2
:10B87000E0814FF00F034FF40040356023701A4B06
:10B8800083F80080FAF79EF94FF40040FBF70CF9BB
:10B890000028E8D10546C2462CE000BFAFF3008087
:10B8A00000000000000030410000000080842E41B4
:10B8B000001000E083DE1B4300C00042581400204B
:10B8C00050140020A02800207C1400209014002098
:10B8D000D0FB022098370020A4340020360E04202C
:10B8E000F4260020AC280020973700200135132DC6
:10B8F00000F05583AC4B4FF400402570A94683F807
:10B9000000A010233360FAF75DF94FF40040FBF715
:10B91000CBF80028EAD10F2DA8BF0F25EB1CB8F1FA
:10B920000F0FA14A8DF86B304FF05200A8BF4FF0B7
:10B930000F0823708DF86F9008F103038DF870A045
:10B940004FF0080813708DF86C3010233360F9F74E
:10B95000E3FC05465720F9F7DFFC8542A8BF054602
:10B960008DF86D501AA8FEF7EDFE4FF48010FAF72F
:10B9700029F97B684FF480100993FBF795F87D68EF
:10B98000002840F02381DBF800A04FF001094FF4BC
:10B9900080107B6809F10109FBF786F87B680028B5
:10B9A00040F01481B9F1040FF1D1099B07EE90AA80
:10B9B0007E4AA5EB0309B8EE677B9DF86C3006EE76
:10B9C000909A0E9952F82330B8EE666B784802933D
:10B9D0009DF86B3086EE075B52F8233001939DF89B
:10B9E000703052F8233000939DF86F3052F82330B6
:10B9F0009DF86E2004929DF86D2003920D9A1268B6
:10BA000089EE056B86EE087BB7EEC77BB7EEC76A9B
:10BA10008DED1D7A8DED087A8DED066BFEF754FAEB
:10BA2000109B9DED087A002B00F0BD82B4EECA7A1F
:10BA3000F1EE10FA00F3B782B0EE4A7A0A9B002BBF
:10BA400040F00483DDF84480DDF838A0DDF82CE018
:10BA50000DF1500C8DED177A7546BCE80F000FC53F
:10BA60009CE8030085E8030070460025FEF76AFEA7
:10BA70004FF48010FAF7A6F84FF480100135FBF769
:10BA800013F8002840F0C082062DF5D108EB4805D8
:10BA9000484BDDF82CC008F1010803EBC5050AF19D
:10BAA000180ABCE80F000FC50F9B0C9A9CE8030016
:10BAB000934285E8030000F0E7800C9B01330C9370
:10BAC000A0E63D4B1B6822785B1B7AB1B3F5FA6F99
:10BAD0003FF677AC0FF004FF61E4374B1B689B1B0C
:10BAE000AB423FF688AC0EF0A1FB71E4B342F1D952
:10BAF00067E4324B4FF080724FF03008C3F8842077
:10BB00004FF48002C3F884204FF48072C3F884207D
:10BB100004E59807C2F88410284A4FF020013FF549
:10BB2000C7AC13F0040FC2F88810244B4FF040024A
:10BB30007FF4F0ACC3F88820EEE49DF869205D2A1C
:10BB40007FF42FAE41461E4800921E4AFEF7BCF914
:10BB50000F9F184A002107EB470C434602EBCC002D
:10BB600042F83C10C0E90111C0E9031141611030F5
:10BB7000BDF8281022F83C100621134A11F0BEFE31
:10BB80007B1C0F9315E60D4B4FF080724FF033087E
:10BB9000C3F884204FF48002C3F884204FF48072ED
:10BBA000C3F88420BAE400BF97370020D4250020D2
:10BBB00020150020C0FB0220100E042000C000420F
:10BBC0005814002074140020801B0020744A014681
:10BBD0009DF86C30734852F8233000939DF86B3019
:10BBE00052F823309DF86D2001924FF48062FEF7E9
:10BBF0006BF99DF86C309DF86B20112B00F2C7811A
:10BC00000133DBB28DF86C3022705220664A13701B
:10BC100010233360F9F780FB05465720F9F77CFBCA
:10BC20008542A8BF0546B8F101088DF86D507FF434
:10BC300099AE089B5D4A01339A4208937FF4F2ADB6
:10BC40000D9A4FF480630E9912685948FEF73CF93B
:10BC50000A9B0D9A01330432DBB20D92032B0A9337
:10BC60007FF4DEADDDF838A0DDE91028002A40F0D1
:10BC7000D48151464F48FEF727F90F9B0C9A0AF1E1
:10BC8000180A93427FF419AF4346CDF82480DDF8BB
:10BC90004C80002B00F09482012B4FEAC30541D069
:10BCA000454F4FF0010CCDF82C80B8461F460A9541
:10BCB000C6466646CDF820C09EED007AAEF10C0473
:10BCC00058ED067AA8F1240C1AAD0136B4EEE77AE5
:10BCD000E346AA46A1460EF1180EF1EE10FA15DD64
:10BCE000BCE80F000FC59CE8030085E803000FCCFB
:10BCF000ABE80F0094E803008CE80300BAE80F00FB
:10BD0000A9E80F0095E8030084E80300BE42D3DBF6
:10BD1000DDF820C008F118080CF1010CBC45C7D1B2
:10BD2000DDE90A58099E2A46002524483146FEF7D7
:10BD3000CBF89FED198B4046214FFEF703FD05F12F
:10BD40004003204A4FF400003C6801351370F9F7B6
:10BD500039FF3B6808F110011B4808F118081B1B4C
:10BD600007EE903AB8EE677B87EE087B53EC172B13
:10BD7000FEF7AAF8B542DED10026144FDFED148A93
:10BD80009FED148ADFF85090DDF84880DDF824A09C
:10BD90003E6032E0AFF300800000000000408F40C2
:10BDA000D4250020E414002097370020AE2800207E
:10BDB0008C150020F0150020E4FB0220081600205E
:10BDC000100E0420360E042064160020B4FC02205D
:10BDD00000007A44BD370641342500200136CDE904
:10BDE00004018DED026B41469B4808F118088DED6A
:10BDF000007BFEF769F8564543D0A8F110052846A8
:10BE0000FEF7A0FC954A06F140034FF400001370C2
:10BE1000934B1C68FAF748FE914B924A1B68924973
:10BE20001B1B07EE903A18F80E3CF8EE677A52F8B2
:10BE3000232087EEA87A88EE076AB7EEC77AB7EEB6
:10BE4000C66A0028CAD14146884C013608F1180854
:10BE5000CDE904098DED026B7F488DED007BFEF787
:10BE600033F83B68564503EB430203F1010304EB4F
:10BE7000C2043B600FCD0FC495E8030084E80300C3
:10BE8000BBD13968CA057A4B4FF0FF30186079484A
:10BE9000FEF71AF83B68012B40F3C280764E4FF054
:10BEA000FA084FF0010A754806F59269FEF70CF89A
:10BEB0000AF00104FF23484684F0010186F8BC34EF
:10BEC00086F8C8140DF0A2F94846C6F88C940CF018
:10BED0003FFC002872D10123D6F88C1430461A4654
:10BEE0000BF05EFD002869D0002C40F09480644A7D
:10BEF00051466448FDF7E8FF634A00235E491AA8EB
:10BF0000624C0BF0BBFD1B9B1EA904F1100063608B
:10BF10001C9BA3609DF8743023730BF081FC5C4B79
:10BF20001EA81A930BF0D6FCA36C002B00F05381D3
:10BF3000DA69002357494FF0806457480025C1E96A
:10BF40000023FDF7C1FF0EF0C7F9804608E014F5A5
:10BF5000803445F1000504F17A432B4300F0B480AE
:10BF60004FF480334D4A20462946FDF745FF00280F
:10BF7000EDD00EF0B1F94A494A48FDF7A5FF4A4B0A
:10BF800000221A704DB0BDEC068BBDE8F08F112A6F
:10BF90003FF64FAE0132D2B28DF86B2034E6122359
:10BFA0004FF00F09BBE40DF1680C14ADBCE80F00B5
:10BFB0000FC59CE8030085E803003FE5D6F88C0434
:10BFC000FCB900283DD02E4C03685B6B9847834634
:10BFD000D6F88C0418B103689B6B9847C0B25146E1
:10BFE0005B46224600900AF1010A3048FDF76CFFDB
:10BFF00040460EF01BF9BAF1090F20D008F1FA08FB
:10C0000056E778B12A4CDFE702462B4651462948CD
:10C01000FDF75AFF2DE6264A6AE7B0EE4A7A15E5A3
:10C020002549A9E751462A23214A0AF1010A00902D
:10C030001E48FDF749FF40460EF0F8F8DEE71F49BD
:10C040009AE720464FF02A0B0D4CC8E70123B0EECB
:10C0500047AA1093FCE500BF8C190020360E04207F
:10C06000100E0420F4260020D0190020D0FA02205F
:10C07000B034002084160020A0F00220FC1600201E
:10C08000A4120020081700202817002050F00220DA
:10C0900008270020202E0120D817002000D72020BC
:10C0A000E0190020EC160020370E04203417002081
:10C0B00098120020B4150020A81600207C1700203C
:10C0C00000247449BD37064206460EF005F9A0EB80
:10C0D00008001FED057A1FED056A07EE900A50482B
:10C0E000504CF8EE677AC7EE876A86EE267AB7EE8E
:10C0F000C77A8DED007BB7EEE67A53EC172BFDF790
:10C10000E3FE4948FDF7E0FE484BC8221AA9204645
:10C11000D3F8008006F000FC444B054644481B68F9
:10C12000A3EB080307EE903A424BB8EE677B1B681F
:10C130009FED396B0293404B87EE067B1B680193A2
:10C140003E4B1B68009353EC172BFDF7BDFE002DF3
:10C1500053D1616CE36962693948CDE90331D4E9AF
:10C160000313CDE90132D4E9012300912168FDF7E1
:10C17000ABFE3448D4E91623FDF7A6FE3248D4E9D5
:10C180000E23FDF7A1FE3A68216AD205D4E9130314
:10C19000CDE90131216CA36C00902C48FDF794FE91
:10C1A0002B4B01222B481A70FDF78EFE47F23051BF
:10C1B0002948F9F757F998B12748FEF7D1FDE1E68C
:10C1C0001A4619462548FDF77FFE254F00231A46DB
:10C1D00019463B6057E6E46CB4B1D4E90423A9E600
:10C1E000204D1D4C0FCD0FC495E8070003C4204619
:10C1F00000F81829FDF784FEC4E61AA91A48FDF7CD
:10C2000063FE134B1E70BDE618491748FDF75CFE30
:10C210000F4B1C70B6E600BF0000000000408F40CE
:10C22000041A0020C02D0120381A0020100E04200E
:10C23000901A00204C0203205402032050020320D5
:10C24000181800207418002094180020C41800202A
:10C25000370E042024190020840A03200816002029
:10C26000B4FC022070190020EC160020F417002006
:10C2700008B50A4B1B785BB14FF47A710848F9F79F
:10C28000F1F800B908BD0648BDE80840FEF768BDF2
:10C290004FF47A70BDE808400DF0C8BF370E042097
:10C2A0008402032038B540EA8164084D44F00073ED
:10C2B0002C602B6000BF00BF00BFFEF725FA2C608A
:10C2C00000BF00BF00BFFEF71FFA38BD00C000422C
:10C2D0002DE9F04F89B00092002A00F00D81030D86
:10C2E00089460746DFF838A20793030C874906936F
:10C2F000030B874D0593030A864E03930309864C6F
:10C30000029300F00F0304936368844A43F07D5363
:10C3100012686360009B934228BF13460A689846E0
:10C32000DAF8003043F0012343F4800323EA0203E8
:10C3300023F0785BC4F800B02A682AB1002000BF5F
:10C3400001302B689842FAD34BF040624BF06060AA
:10C35000226001922060FEF7D7F9019A2260FEF771
:10C36000D3F94BF000524BF008502260019220604C
:10C37000FEF7CAF9019A2260FEF7C6F9079B03F09F
:10C380000F024BEA826242F000702260019220604C
:10C39000FEF7BAF9019A2260FEF7B6F9069B03F0A0
:10C3A0000F024BEA826242F000702260019220602C
:10C3B000FEF7AAF9019A2260FEF7A6F9059B03F0A1
:10C3C0000F024BEA826242F000702260019220600C
:10C3D000FEF79AF9019A2260FEF796F9039B03F0A3
:10C3E0000F024BEA826242F00070226001922060EC
:10C3F000FEF78AF9019A2260FEF786F9029B03F0A4
:10C400000F024BEA826242F00070226001922060CB
:10C41000FEF77AF9019A2260FEF776F9049B4BEA5F
:10C42000836242F00070226001922060FEF76CF996
:10C43000019A2260FEF768F93449B8F1000F5ED026
:10C4400008EB090C09F1FF300CF1FF3C10F8013F3B
:10C450001B094BEA836343F000722360226000BF34
:10C4600000BF00BF00BF00BF00BF00BF00BF236010
:10C4700000BF00BF00BF00BF00BF00BF00BF00BFC4
:10C48000037803F00F034BEA836343F000722360E9
:10C49000226000BF00BF00BF00BF00BF00BF00BFE1
:10C4A00000BF236000BF00BF00BF00BF00BF00BFD0
:10C4B00000BF00BF6045C9D1DAF80030236033689F
:10C4C0002BB1002200BF013233689A42FAD3009B9D
:10C4D000B3EB080300930FD04744C1443B0D0793CF
:10C4E0003B0C06933B0B05933B0A03933B090293DA
:10C4F00007F00F03049307E709B0BDE8F08FDAF8FF
:10C50000003023603368002BDBD1FDE6A834002027
:10C510001C0203202002032000C00042A43400209B
:10C52000B0FC0220002A00F04781030D2DE9F04FF6
:10C530008BB08146DFF898B20993030C9F4F0893A4
:10C54000030B9F4E0793030ADFF8888205930309C4
:10C550009C4C049300F00F030192069363689A4A7F
:10C5600043F07D5310686360019BDBF80050834209
:10C5700045F0012528BF034645F480059A46934BB4
:10C580001B6825EA030525F0785525603B682BB12B
:10C59000002000BF01303B689842FAD345F0605359
:10C5A00045F068500391236002932060FEF7ACF8D9
:10C5B000029B2360FEF7A8F845F0305345F0385051
:10C5C000236002932060FEF79FF8029B2360FEF732
:10C5D0009BF8099B03F00F0345EA836343F0007067
:10C5E000236002932060FEF78FF8029B2360FEF722
:10C5F0008BF8089B03F00F0345EA836343F0007058
:10C60000236002932060FEF77FF8029B2360FEF711
:10C610007BF8079B03F00F0345EA836343F0007048
:10C62000236002932060FEF76FF8029B2360FEF701
:10C630006BF8059B03F00F0345EA836343F000703A
:10C64000236002932060FEF75FF8029B2360FEF7F1
:10C650005BF8049B03F00F0345EA836343F000702B
:10C66000236002932060FEF74FF8029B2360FEF7E1
:10C670004BF8069B45EA836343F000702360029306
:10C680002060FEF741F8029B2360FEF73DF86368E7
:10C69000039923F0705363603368C3B145F00073AE
:10C6A0000020236000BF00BF00BF00BF00BF00BF6D
:10C6B00000BF00BF256000BF00BF00BF00BF00BFBC
:10C6C00000BF00BF00BF013032688242E9D8BAF132
:10C6D000000F62D00AEB010E45F00072481E0EF109
:10C6E000FF3E226000BF00BF00BF00BF00BF00BF11
:10C6F00000BF00BFD4F808C0256000BF00BF00BF66
:10C7000000BF00BF00BF00BF00BF226000BF00BF6E
:10C7100000BF00BF00BF00BF00BF00BFA36825600F
:10C7200000BF00BF00BF00BF00BF00BF00BF00BF11
:10C730004FEA9C6CC3F3836343EA0C1300F8013F98
:10C740007045CED1DBF800302360636843F07D5341
:10C750006360D8F8003033B1002000BF0130D8F852
:10C7600000309842F9D3019BB3EB0A03019320D028
:10C77000D14451444FEA195309934FEA194308939E
:10C780004FEA193307934FEA192305934FEA191318
:10C79000049309F00F030693E0E6DBF80030236012
:10C7A000636843F07D536360D8F80030002BD3D129
:10C7B000D4E60BB0BDE8F08F704700BF1C02032029
:10C7C000AC34002000C00042A4340020A834002073
:10C7D000B0FC022020020320F8B507460E460724CD
:10C7E000164D46FA04F39B0603F080633B4343F087
:10C7F00000722B602A6000BF00BF00BF00BF00BFF7
:10C8000000BF00BF00BF00BF00BF00BF00BF00BF30
:10C8100000BF00BF00BF00BF00BF2B6000BF00BF54
:10C8200000BF00BF00BF00BF00BF00BF00BF00BF10
:10C83000FDF76AFF013CD4D2F8BD00BF00C0004242
:10C840002DE9F04F85B0CDE90021002A6ED0C3B2AA
:10C8500083463B4F040C060ADFF8F880DFF8F8A0A7
:10C860000393DAF80430374A43F07D53364D1268AB
:10C87000CAF80430009B934228BF1346334A9946B6
:10C88000334B12681B681D4325EA020525F07855D5
:10C8900045F04055CAF800503A683AB1002300BF4D
:10C8A00001333A689342FAD3294B1B680221284688
:10C8B0000293FFF791FFE1B22846FFF78DFF28466C
:10C8C000F1B2FFF789FF03992846FFF785FF029B26
:10C8D000B9F1000F2DD0019A029309EB0204561E04
:10C8E000013C16F8011F2846FFF776FFA642F8D153
:10C8F000029BCAF80030D8F8003033B1002300BFE3
:10C900000133D8F800209342F9D3009BB3EB09031D
:10C9100000930BD0019BCB444B444FEA1B444FEA9E
:10C920001B2601935FFA8BF303939AE705B0BDE8EA
:10C93000F08FCAF80030D8F80030002BDED190E735
:10C940001C020320A434002000014001A834002070
:10C95000B0FC02202002032000C000422DE9F04F6D
:10C9600085B00092002A00F0A5800B46584A010CC1
:10C97000584F4FEA102A584E584C81465FFA80FBB8
:10C9800001916168564841F07D51564D00686160E3
:10C990000099814228BF0146884611680D435249DB
:10C9A000096825EA010525F0785545F040502060DA
:10C9B000396839B14FF0000C00BF0CF1010C396837
:10C9C0008C45F9D3032103930290FFF705FF9DF8EF
:10C9D00004100298FFF700FF02985FFA8AF1FFF750
:10C9E000FBFE59460298FFF7F7FE6168029821F0B6
:10C9F0000061374A039B6160B8F1000F5DD008EB1E
:10CA0000030B45F0485503F1FF3A0BF1FF3B4FF0A4
:10CA1000080C4FF0000E256000BF00BF00BF00BF34
:10CA200000BF00BF00BF00BF00BF00BF00BF00BF0E
:10CA300000BF00BF00BF00BF00BF00BFA1682060F3
:10CA4000C1F3C06141EA4E0E00BF00BF00BF00BF8E
:10CA500000BF00BF00BF00BF00BF00BF00BF00BFDE
:10CA600000BF00BF00BF00BF00BF00BFBCF1010C92
:10CA7000D1D10AF801EFDA45C9D1116821606168A6
:10CA800041F07D516160316829B1002100BF013161
:10CA900030688142FAD30099B1EB0801009109D0C6
:10CAA000C14443444FEA19414FEA192A5FFA89FB0E
:10CAB000019166E705B0BDE8F08F116821606168FB
:10CAC00041F07D51616031680029DED159E700BF36
:10CAD000B0FC02201C0203202002032000C0004200
:10CAE000A434002000014001A8340020002A00F0F6
:10CAF000F8800B46010C2DE9F04F87B08146DFF836
:10CB0000FCA10291010A774F0191C1B2764E774D97
:10CB1000774C009177486168006841F07D51904200
:10CB2000616028BF1046DAF80010804641F001210C
:10CB3000714841F48001006821EA000C2CF0785B18
:10CB40004BF040502060396839B14FF0000C00BF05
:10CB50000CF1010C39688C45F9D30B210390CDE918
:10CB60000432FFF739FE9DF808100398FFF734FEF2
:10CB70009DF804100398FFF72FFE00990398FFF724
:10CB80002BFE6168059A21F0006161603168DDE982
:10CB90000303002930D04BF048514FF0000C9E4663
:10CBA000216000BF00BF00BF00BF00BF00BF00BFCB
:10CBB00000BF00BF00BF00BF00BF00BF00BF00BF7D
:10CBC00000BF00BF00BF206000BF00BF00BF00BFAC
:10CBD00000BF00BF00BF00BF00BF00BF00BF00BF5D
:10CBE00000BF00BF00BF00BF00BF00BF0CF1010CC1
:10CBF00033686345D4D87346B8F1000F63D04BF067
:10CC0000485C194608EB030B03F1FF3E63468C4674
:10CC10000BF1FF3BCDE900894FF008084FF0000908
:10CC2000236000BF00BF00BF00BF00BF00BF00BF48
:10CC300000BF00BF00BF00BF00BF00BF00BF00BFFC
:10CC400000BF00BF00BFA1682060C1F3C06141EA1E
:10CC5000490900BF00BF00BF00BF00BF00BF00BF49
:10CC600000BF00BF00BF00BF00BF00BF00BF00BFCC
:10CC700000BF00BF00BFB8F10108D1D10EF8019F7D
:10CC8000DE45C9D1DAF800106346DDE9008921608C
:10CC9000616841F07D516160296829B1002100BFC0
:10CCA000013128688142FAD3B2EB080216D0C144A0
:10CCB00043444FEA194102914FEA192101915FFA69
:10CCC00089F1009126E7DAF800102160616841F0EF
:10CCD0007D51616029680029E0D11BE707B0BDE8FC
:10CCE000F08F70471C020320B43400202002032080
:10CCF00000C00042A4340020A8340020B0FC022070
:10CD00002DE9F04F89B00092002A00F02181030D37
:10CD100089460746DFF860A20793030C9149069302
:10CD2000030B914D0593030A904E03930309904C16
:10CD3000029300F00F03049363688E4A43F07D531F
:10CD400012686360009B934228BF13460A689846A6
:10CD5000DAF8003043F0012343F4800323EA0203AE
:10CD600023F0785BC4F800B02A682AB1002000BF25
:10CD700001302B689842FAD34BF040624BF0606070
:10CD800022600192206000BFFDF7BEFC019A226084
:10CD900000BFFDF7B9FC4BF000524BF00850226089
:10CDA0000192206000BFFDF7AFFC019A226000BF36
:10CDB000FDF7AAFC079B03F00F024BEA826242F0E8
:10CDC000007022600192206000BFFDF79DFC019A77
:10CDD000226000BFFDF798FC069B03F00F024BEAB0
:10CDE000826242F0007022600192206000BFFDF775
:10CDF0008BFC019A226000BFFDF786FC059B03F0C7
:10CE00000F024BEA826242F00070226001922060C1
:10CE100000BFFDF779FC019A226000BFFDF774FCAA
:10CE2000039B03F00F024BEA826242F00070226023
:10CE30000192206000BFFDF767FC019A226000BFED
:10CE4000FDF762FC029B03F00F024BEA826242F0A4
:10CE5000007022600192206000BFFDF755FC019A2E
:10CE6000226000BFFDF750FC049B4BEA836242F056
:10CE7000007022600192206000BFFDF745FC019A1E
:10CE8000226000BFFDF740FC3649B8F1000F62D0C8
:10CE900008EB090C09F1FF300CF1FF3C10F8013FE1
:10CEA0001B094BEA836343F000722360226000BFDA
:10CEB00000BF00BF00BF00BF00BF00BF00BF00BF7A
:10CEC000236000BF00BF00BF00BF00BF00BF00BFA6
:10CED00000BF00BF037803F00F034BEA836343F006
:10CEE00000722360226000BF00BF00BF00BF00BF10
:10CEF00000BF00BF00BF00BF236000BF00BF00BF76
:10CF000000BF00BF00BF00BF00BF00BF6045C5D16C
:10CF1000DAF80030236033682BB1002200BF013201
:10CF200033689A42FAD3009BB3EB080300930FD007
:10CF30004744C1443B0D07933B0C06933B0B0593C1
:10CF40003B0A03933B09029307F00F030493F3E6B4
:10CF500009B0BDE8F08FDAF8003023603368002BA9
:10CF6000DBD1E9E6A83400201C02032020020320C4
:10CF700000C00042A4340020B0FC0220002A00F0CF
:10CF80006C81030D2DE9F04F8BB08146DFF870B254
:10CF90000993030C954F0893030B954E0793030ACF
:10CFA000DFF8608205930309924C049300F00F03AD
:10CFB000019206936368904A43F07D531068636062
:10CFC000019BDBF80050834245F0012528BF034652
:10CFD00045F480059A46894B1B6825EA030525F030
:10CFE000785525603B682BB1002000BF01303B68BD
:10CFF0009842FAD345F0605345F06850039123609E
:10D000000293206000BFFDF77FFB029B236000BFFF
:10D01000FDF77AFB45F0305345F03850236002931A
:10D02000206000BFFDF770FB029B236000BFFDF78F
:10D030006BFB099B03F00F0345EA836343F0007029
:10D0400023600293206000BFFDF75EFB029B23601C
:10D0500000BFFDF759FB089B03F00F0345EA83630C
:10D0600043F0007023600293206000BFFDF74CFB8B
:10D07000029B236000BFFDF747FB079B03F00F03F4
:10D0800045EA836343F0007023600293206000BF91
:10D09000FDF73AFB029B236000BFFDF735FB059BC4
:10D0A00003F00F0345EA836343F0007023600293AB
:10D0B000206000BFFDF728FB029B236000BFFDF747
:10D0C00023FB049B03F00F0345EA836343F00070E6
:10D0D00023600293206000BFFDF716FB029B2360D4
:10D0E00000BFFDF711FB069B45EA836343F0007028
:10D0F00023600293206000BFFDF706FB029B2360C4
:10D1000000BFFDF701FB6368039923F07053636070
:10D110003368D3B145F000730020236000BF00BF27
:10D1200000BF00BF00BF00BF00BF00BF00BF256041
:10D1300000BF00BF00BF00BF00BF00BF00BF00BFF7
:10D1400000BF013032688242E7D8BAF1000F75D0D3
:10D150000AEB010E45F00072481E0EF1FF3E226000
:10D1600000BF00BF00BF00BF00BF00BF00BF00BFC7
:10D1700000BFD4F808C0256000BF00BF00BF00BFDB
:10D1800000BF00BF00BF00BF00BF226000BF00BFE4
:10D1900000BF00BF00BF00BF00BF00BF00BFA3684B
:10D1A000256000BF00BF00BF00BF00BF00BF00BFC1
:10D1B00000BF00BF4FEA9C6CC3F3836343EA0C13C8
:10D1C00000F8013F7045CAD1DBF800302360636886
:10D1D00043F07D536360D8F80030ABB1002000BF4E
:10D1E0000130D8F800309842F9D30DE01C0203203A
:10D1F000AC34002000C00042A4340020A834002039
:10D20000B0FC022020020320019BB3EB0A03019330
:10D2100020D0D14451444FEA195309934FEA19439E
:10D2200008934FEA193307934FEA192305934FEAFE
:10D230001913049309F00F030693BBE6DBF80030E3
:10D240002360636843F07D536360D8F80030002B9F
:10D25000C4D1AFE60BB0BDE8F08F70472DE9F041C7
:10D2600080460F460725164E47FA05F4A40604F03B
:10D27000806444EA080444F000733460336000BF03
:10D2800000BF00BF00BF00BF00BF00BF00BF00BFA6
:10D2900000BF00BF00BFFDF737FA346000BF00BF1A
:10D2A00000BF00BF00BF00BF00BF00BF00BF00BF86
:10D2B00000BF00BFFDF728FA013DD5D2BDE8F081DF
:10D2C00000C000422DE9F04F85B0CDE90021002AD1
:10D2D0006ED0C3B283463B4F040C060ADFF8F880D9
:10D2E000DFF8F8A00393DAF80430374A43F07D53AF
:10D2F000364D1268CAF80430009B934228BF13468B
:10D30000334A9946334B12681B681D4325EA0205D0
:10D3100025F0785545F04055CAF800503A683AB1C2
:10D32000002300BF01333A689342FAD3294B1B68AC
:10D33000022128460293FFF791FFE1B22846FFF74A
:10D340008DFF2846F1B2FFF789FF03992846FFF7C2
:10D3500085FF029BB9F1000F2DD0019A029309EBD2
:10D360000204561E013C16F8011F2846FFF776FFFF
:10D37000A642F8D1029BCAF80030D8F8003033B189
:10D38000002300BF0133D8F800209342F9D3009B5B
:10D39000B3EB090300930BD0019BCB444B444FEA02
:10D3A0001B444FEA1B2601935FFA8BF303939AE722
:10D3B00005B0BDE8F08FCAF80030D8F80030002B77
:10D3C000DED190E71C020320A434002000014001BC
:10D3D000A8340020B0FC02202002032000C000423C
:10D3E0002DE9F04F85B00092002A00F0A9800B468D
:10D3F0005A4A010C5A4F4FEA102A5A4E5A4C81464B
:10D400005FFA80FB01916168584841F07D51584DA9
:10D41000006861600099814228BF01468846116812
:10D420000D435449096825EA010525F0785545F072
:10D4300040502060396839B14FF0000C00BF0CF14A
:10D44000010C39688C45F9D3032103930290FFF74F
:10D4500005FF9DF804100298FFF700FF02985FFA9D
:10D460008AF1FFF7FBFE59460298FFF7F7FE616865
:10D47000029821F00061394A039B6160B8F1000F06
:10D4800061D008EB030B45F0485503F1FF3A0BF16F
:10D49000FF3B4FF0080C4FF0000E256000BF00BFAF
:10D4A00000BF00BF00BF00BF00BF00BF00BF00BF84
:10D4B00000BF00BF00BF00BF00BF00BF00BF00BF74
:10D4C00000BF00BFA1682060C1F3C06141EA4E0EF9
:10D4D00000BF00BF00BF00BF00BF00BF00BF00BF54
:10D4E00000BF00BF00BF00BF00BF00BF00BF00BF44
:10D4F00000BF00BF00BF00BFBCF1010CCDD10AF8D6
:10D5000001EFDA45C5D111682160616841F07D51B4
:10D510006160316829B1002100BF0131306881426A
:10D52000FAD30099B1EB0801009109D0C1444344FA
:10D530004FEA19414FEA192A5FFA89FB019162E724
:10D5400005B0BDE8F08F11682160616841F07D5140
:10D55000616031680029DED155E700BFB0FC0220D0
:10D560001C0203202002032000C00042A43400203B
:10D5700000014001A8340020002A00F000810B4681
:10D58000010C2DE9F04F87B08146DFF80CA2029123
:10D59000010A7B4F0191C1B27A4E7B4D7B4C0091C9
:10D5A0007B486168006841F07D519042616028BF0E
:10D5B0001046DAF80010804641F00121754841F428
:10D5C0008001006821EA000121F0785B4BF04050B7
:10D5D0002060396839B14FF0000C00BF0CF1010C2C
:10D5E00039688C45F9D30B210390CDE90432FFF75C
:10D5F00035FE9DF808100398FFF730FE9DF80410E3
:10D600000398FFF72BFE00990398FFF727FE616848
:10D61000059A21F0006161603168DDE903030029AA
:10D6200034D04BF048514FF0000C9E46216000BFB3
:10D6300000BF00BF00BF00BF00BF00BF00BF00BFF2
:10D6400000BF00BF00BF00BF00BF00BF00BF00BFE2
:10D6500000BF00BF00BF206000BF00BF00BF00BF11
:10D6600000BF00BF00BF00BF00BF00BF00BF00BFC2
:10D6700000BF00BF00BF00BF00BF00BF00BF00BFB2
:10D680000CF1010C33686345D0D87346B8F1000F34
:10D6900067D04BF0485C194608EB030B03F1FF3EE3
:10D6A00063468C460BF1FF3BCDE900894FF008083B
:10D6B0004FF00009236000BF00BF00BF00BF00BFE4
:10D6C00000BF00BF00BF00BF00BF00BF00BF00BF62
:10D6D00000BF00BF00BF00BF00BF00BF00BFA16808
:10D6E0002060C1F3C06141EA490900BF00BF00BF2B
:10D6F00000BF00BF00BF00BF00BF00BF00BF00BF32
:10D7000000BF00BF00BF00BF00BF00BF00BF00BF21
:10D7100000BFB8F10108CDD10EF8019FDE45C5D19B
:10D72000DAF800106346DDE900892160616841F0A4
:10D730007D516160296829B1002100BF013128684D
:10D740008142FAD3B2EB080216D0C14443444FEAF7
:10D75000194102914FEA192101915FFA89F1009173
:10D760001EE7DAF800102160616841F07D516160C8
:10D7700029680029E0D113E707B0BDE8F08F7047B2
:10D780001C020320B43400202002032000C0004209
:10D79000A4340020A8340020B0FC02202DE9F04180
:10D7A00080460F4607251A4E47FA05F4A40604F0F2
:10D7B000806444EA080444F000733460336000BFBE
:10D7C00000BF00BF00BF00BF00BF00BF00BF00BF61
:10D7D00000BF00BF00BF00BF00BF00BF00BFFCF71D
:10D7E00093FF346000BF00BF00BF00BF00BF00BF99
:10D7F00000BF00BF00BF00BF00BF00BF00BF00BF31
:10D8000000BF00BFFCF780FF013DCDD2BDE8F08135
:10D8100000C000422DE9F04F85B0CDE90021002A7B
:10D820006ED0C3B283463B4F040C060ADFF8F88083
:10D83000DFF8F8A00393DAF80430374A43F07D5359
:10D84000364D1268CAF80430009B934228BF134635
:10D85000334A9946334B12681B681D4325EA02057B
:10D8600025F0785545F04055CAF800503A683AB16D
:10D87000002300BF01333A689342FAD3294B1B6857
:10D88000022128460293FFF789FFE1B22846FFF7FD
:10D8900085FF2846F1B2FFF781FF03992846FFF77D
:10D8A0007DFF029BB9F1000F2DD0019A029309EB85
:10D8B0000204561E013C16F8011F2846FFF76EFFB2
:10D8C000A642F8D1029BCAF80030D8F8003033B134
:10D8D000002300BF0133D8F800209342F9D3009B06
:10D8E000B3EB090300930BD0019BCB444B444FEAAD
:10D8F0001B444FEA1B2601935FFA8BF303939AE7CD
:10D9000005B0BDE8F08FCAF80030D8F80030002B21
:10D91000DED190E71C020320A43400200001400166
:10D92000A8340020B0FC02202002032000C00042E6
:10D930002DE9F04F85B00092002A00F0B1800B462F
:10D940005E4A010C5E4F4FEA102A5E4E5E4C8146E5
:10D950005FFA80FB019161685C4841F07D515C4D4C
:10D96000006861600099814228BF014688461168BD
:10D970000D435849096825EA010525F0785545F019
:10D9800040502060396839B14FF0000C00BF0CF1F5
:10D99000010C39688C45F9D3032103930290FFF7FA
:10D9A000FDFE9DF804100298FFF7F8FE02985FFA5A
:10D9B0008AF1FFF7F3FE59460298FFF7EFFE616820
:10D9C000029821F000613D4A039B6160B8F1000FAD
:10D9D00069D008EB030B45F0485503F1FF3A0BF112
:10D9E000FF3B4FF0080C4FF0000E256000BF00BF5A
:10D9F00000BF00BF00BF00BF00BF00BF00BF00BF2F
:10DA000000BF00BF00BF00BF00BF00BF00BF00BF1E
:10DA100000BF00BF00BF00BF00BF00BFA168206003
:10DA2000C1F3C06141EA4E0E00BF00BF00BF00BF9E
:10DA300000BF00BF00BF00BF00BF00BF00BF00BFEE
:10DA400000BF00BF00BF00BF00BF00BF00BF00BFDE
:10DA500000BF00BF00BF00BFBCF1010CC5D10AF878
:10DA600001EFDA45BDD111682160616841F07D5157
:10DA70006160316829B1002100BF01313068814205
:10DA8000FAD30099B1EB0801009109D0C144434495
:10DA90004FEA19414FEA192A5FFA89FB01915AE7C7
:10DAA00005B0BDE8F08F11682160616841F07D51DB
:10DAB000616031680029DED14DE700BFB0FC022073
:10DAC0001C0203202002032000C00042A4340020D6
:10DAD00000014001A8340020002A00F010810B460C
:10DAE000010C2DE9F04F87B08146DFF82CA201919F
:10DAF000010A834F0291C1B2824E834D834C009143
:10DB000083486168006841F07D519042616028BFA0
:10DB10001046DAF80010804641F001217D4841F4BA
:10DB20008001006821EA000C2CF0785B4BF040503B
:10DB30002060396839B14FF0000C00BF0CF1010CC6
:10DB400039688C45F9D30B210390CDE90432FFF7F6
:10DB500025FE9DF804100398FFF720FE9DF808109D
:10DB60000398FFF71BFE00990398FFF717FE616803
:10DB7000059A21F0006161603168DDE90303002945
:10DB80003CD04BF048514FF0000C9E46216000BF46
:10DB900000BF00BF00BF00BF00BF00BF00BF00BF8D
:10DBA00000BF00BF00BF00BF00BF00BF00BF00BF7D
:10DBB00000BF00BF00BF00BF00BF00BF00BF2060AC
:10DBC00000BF00BF00BF00BF00BF00BF00BF00BF5D
:10DBD00000BF00BF00BF00BF00BF00BF00BF00BF4D
:10DBE00000BF00BF00BF00BF00BF00BF00BF00BF3D
:10DBF0000CF1010C33686345C8D87346B8F1000FC7
:10DC00006FD04BF0485C194608EB030B03F1FF3E65
:10DC100063468C460BF1FF3BCDE900894FF00808C5
:10DC20004FF00009236000BF00BF00BF00BF00BF6E
:10DC300000BF00BF00BF00BF00BF00BF00BF00BFEC
:10DC400000BF00BF00BF00BF00BF00BF00BF00BFDC
:10DC500000BF00BF00BFA1682060C1F3C06141EAFE
:10DC6000490900BF00BF00BF00BF00BF00BF00BF29
:10DC700000BF00BF00BF00BF00BF00BF00BF00BFAC
:10DC800000BF00BF00BF00BF00BF00BF00BF00BF9C
:10DC900000BFB8F10108C5D10EF8019FDE45BDD126
:10DCA000DAF800106346DDE900892160616841F01F
:10DCB0007D516160296829B1002100BF01312868C8
:10DCC0008142FAD3B2EB080216D0C14443444FEA72
:10DCD000194101914FEA192102915FFA89F10091EE
:10DCE0000EE7DAF800102160616841F07D51616053
:10DCF00029680029E0D103E707B0BDE8F08F70473D
:10DD00001C020320B43400202002032000C0004283
:10DD1000A4340020A8340020B0FC02202DE9F04FEC
:10DD200089B00092002A00F03581030D894607462C
:10DD3000DFF888A20793030C9B490693030B9B4DC6
:10DD40000593030A9A4E039303099A4C029300F039
:10DD50000F0304936368984A43F07D53126863602D
:10DD6000009B934228BF13460A689846DAF80030B1
:10DD700043F0012343F4800323EA020323F0785B9A
:10DD8000C4F800B02A682AB1002000BF01302B6817
:10DD90009842FAD34BF040624BF0606022600192EF
:10DDA000206000BF00BFFCF7AFFC019A226000BFFB
:10DDB00000BFFCF7A9FC4BF000524BF0085022606A
:10DDC0000192206000BF00BFFCF79EFC019A226018
:10DDD00000BF00BFFCF798FC079B03F00F024BEA63
:10DDE000826242F0007022600192206000BF00BF9A
:10DDF000FCF78AFC019A226000BF00BFFCF784FC9C
:10DE0000069B03F00F024BEA826242F00070226030
:10DE10000192206000BF00BFFCF776FC019A2260EF
:10DE200000BF00BFFCF770FC059B03F00F024BEA3C
:10DE3000826242F0007022600192206000BF00BF49
:10DE4000FCF762FC019A226000BF00BFFCF75CFC9B
:10DE5000039B03F00F024BEA826242F000702260E3
:10DE60000192206000BF00BFFCF74EFC019A2260C7
:10DE700000BF00BFFCF748FC029B03F00F024BEA17
:10DE8000826242F0007022600192206000BF00BFF9
:10DE9000FCF73AFC019A226000BF00BFFCF734FC9B
:10DEA000049B4BEA836242F0007022600192206082
:10DEB00000BF00BFFCF728FC019A226000BF00BF32
:10DEC000FCF722FC3849B8F1000F66D008EB090CCA
:10DED00009F1FF300CF1FF3C10F8013F1B094BEA40
:10DEE000836343F000722360226000BF00BF00BF65
:10DEF00000BF00BF00BF00BF00BF00BF00BF236066
:10DF000000BF00BF00BF00BF00BF00BF00BF00BF19
:10DF100000BF00BF037803F00F034BEA836343F0B5
:10DF200000722360226000BF00BF00BF00BF00BFBF
:10DF300000BF00BF00BF00BF00BF236000BF00BF25
:10DF400000BF00BF00BF00BF00BF00BF00BF00BFD9
:10DF50006045C1D1DAF80030236033682BB100226C
:10DF600000BF013233689A42FAD3009BB3EB080337
:10DF700000930FD04744C1443B0D07933B0C0693DD
:10DF80003B0B05933B0A03933B09029307F00F03F6
:10DF90000493DFE609B0BDE8F08FDAF800302360C3
:10DFA0003368002BDBD1D5E6A83400201C02032007
:10DFB0002002032000C00042A4340020B0FC022054
:10DFC0002DE9F04F89B00092002A00F01581030D71
:10DFD00081468B46904F0793030C904E0693030B9C
:10DFE000DFF84C820593030A8D4C039303090293D7
:10DFF00000F00F03049363688A4A43F07D5311686D
:10E000006360894B009A18688A42884B40F001206F
:10E0100028BF0A46196840F4800020EA010020F079
:10E0200078552560396839B14FF0000C00BF0CF10C
:10E03000010C3B689C45F9D345F0605A45F06853A4
:10E040000192C4F800A0236000BF00BF00BFFCF72E
:10E050005BFBC4F800A000BF00BF00BFFCF754FB8F
:10E0600045F0305A45F03853C4F800A0236000BF93
:10E0700000BF00BFFCF748FBC4F800A000BF00BF12
:10E0800000BFFCF741FB079B284603F00F01FEF79A
:10E0900009F9069B284603F00F01FEF703F9059BDB
:10E0A000284603F00F01FEF7FDF8039B284603F016
:10E0B0000F01FEF7F7F8029B284603F00F01FEF769
:10E0C000F1F804992846FEF7EDF86168019A21F00D
:10E0D00070516160316801B345F000734FF0000C7E
:10E0E000236000BF00BF00BF00BF00BF00BF00BF74
:10E0F00000BF00BF00BF00BF256000BF00BF00BF62
:10E1000000BF00BF00BF00BF00BF00BF00BF00BF17
:10E110000CF1010C31686145E2D8002A6FD002EBA6
:10E120000B0A45F000730BF1FF3C0AF1FF3A236044
:10E1300000BF00BF00BF00BF00BF00BF00BF00BFE7
:10E1400000BF00BF00BFA068256000BF00BF00BFC8
:10E1500000BF00BF00BF00BF00BF00BF00BF00BFC7
:10E16000236000BF00BF00BF00BF00BF00BF00BFF3
:10E1700000BF00BF00BF00BFA168256000BF00BF97
:10E1800000BF00BF00BF00BF00BF00BF00BF00BF97
:10E1900000BF800EC1F3836141EA00110CF8011F3A
:10E1A000D445C4D1204B19682160616841F07D518C
:10E1B0006160D8F8001031B1002100BF0131D8F8FA
:10E1C00000309942F9D3009B9B1A009314D09144DC
:10E1D00093444FEA195307934FEA194306934FEAC2
:10E1E000193305934FEA192303934FEA1913029346
:10E1F00009F00F030493FEE609B0BDE8F08F0A4B67
:10E2000019682160616841F07D516160D8F80010A3
:10E210000029D1D1EFE600BF1C020320AC3400205E
:10E2200000C00042A4340020B0FC0220A83400202A
:10E2300020020320002A00F08381030D2DE9F04F16
:10E240008BB08146DFF890B20993030C9D4F089381
:10E25000030B9D4E0793030ADFF8808205930309A1
:10E260009A4C049300F00F03019206936368984A56
:10E2700043F07D5310686360019BDBF800508342DC
:10E2800045F0012528BF034645F480059A46914B89
:10E290001B6825EA030525F0785525603B682BB1FE
:10E2A000002000BF01303B689842FAD345F060532C
:10E2B00045F06850039123600293206000BF00BFC7
:10E2C000FCF722FA029B236000BF00BFFCF71CFA98
:10E2D00045F0305345F0385023600293206000BF72
:10E2E00000BFFCF711FA029B236000BF00BFFCF7E0
:10E2F0000BFA099B03F00F0345EA836343F00070B8
:10E3000023600293206000BF00BFFCF7FDF9029B71
:10E31000236000BF00BFFCF7F7F9089B03F00F0371
:10E3200045EA836343F0007023600293206000BFDE
:10E3300000BFFCF7E9F9029B236000BF00BFFCF7B8
:10E34000E3F9079B03F00F0345EA836343F0007092
:10E3500023600293206000BF00BFFCF7D5F9029B49
:10E36000236000BF00BFFCF7CFF9059B03F00F034C
:10E3700045EA836343F0007023600293206000BF8E
:10E3800000BFFCF7C1F9029B236000BF00BFFCF790
:10E39000BBF9049B03F00F0345EA836343F000706D
:10E3A00023600293206000BF00BFFCF7ADF9029B21
:10E3B000236000BF00BFFCF7A7F9069B45EA836313
:10E3C00043F0007023600293206000BF00BFFCF7A1
:10E3D0009BF9029B236000BF00BFFCF795F96368BF
:10E3E000039923F0705363603368E3B145F0007321
:10E3F0000020236000BF00BF00BF00BF00BF00BF00
:10E4000000BF00BF00BF00BF256000BF00BF00BF4E
:10E4100000BF00BF00BF00BF00BF00BF00BF013092
:10E4200032688242E5D8BAF1000F7AD00AEB010EC9
:10E4300045F00072481E0EF1FF3E226000BF00BF93
:10E4400000BF00BF00BF00BF00BF00BF00BF00BFD4
:10E45000D4F808C0256000BF00BF00BF00BF00BFE8
:10E4600000BF00BF00BF00BF00BF226000BF00BFF1
:10E4700000BF00BF00BF00BF00BF00BF00BF00BFA4
:10E48000A368256000BF00BF00BF00BF00BF00BF82
:10E4900000BF00BF00BF00BF4FEA9C6CC3F38363A3
:10E4A00043EA0C1300F8013F7045C6D1DBF8003099
:10E4B0002360636843F07D536360D8F80030B3B1E4
:10E4C0000EE000BF1C020320AC34002000C000425C
:10E4D000A4340020A8340020B0FC02202002032035
:10E4E000002000BF0130D8F800309842F9D3019BDA
:10E4F000B3EB0A03019320D0D14451444FEA19539E
:10E5000009934FEA194308934FEA193307934FEAE7
:10E51000192305934FEA1913049309F00F03069387
:10E52000A4E6DBF800302360636843F07D5363604A
:10E53000D8F80030002BD3D198E60BB0BDE8F08FAF
:10E54000704700BF002A00F02381030D2DE9F04F32
:10E5500089B0914607468A460393030C8D4A02937D
:10E56000030B8D4D0793030A8C4E059303098C4CC6
:10E57000049300F00F0306938A4B6168186841F01A
:10E580007D51894B4845616028BF484619688046DF
:10E59000106840F0012040F4800020EA010020F0E3
:10E5A000785BC4F800B0296839B14FF0000C00BFA7
:10E5B0000CF1010C2B689C45F9D34BF040614BF0FA
:10E5C000606321600191236000BF00BF00BFFCF7C2
:10E5D0009BF80199216000BF00BF00BFFCF794F8D1
:10E5E0004BF000514BF0085321600191236000BFB4
:10E5F00000BF00BFFCF788F80199216000BF00BF91
:10E6000000BFFCF781F8039B584603F00F01FDF7AC
:10E6100049FE029B584603F00F01FDF743FE079B9E
:10E62000584603F00F01FDF73DFE059B03F00F0177
:10E630004BEA816141F0007321600191236000BFCA
:10E6400000BF00BFFCF760F80199216000BF00BF68
:10E6500000BFFCF759F8049B03F00F014BEA8161FE
:10E6600041F0007321600191236000BF00BF00BF33
:10E67000FCF74AF80199216000BF00BF00BFFCF71A
:10E6800043F8069B4BEA836141F0007321600191DE
:10E69000236000BF00BF00BFFCF736F8019921607E
:10E6A00000BF00BF00BFFCF72FF83A4AB8F1000FD7
:10E6B00065D008EB0A0E0AF1FF3C0EF1FF3E1CF894
:10E6C000013F1B094BEA836343F000712360216023
:10E6D00000BF00BF00BF00BF00BF00BF00BF00BF42
:10E6E00000BF00BF00BF236000BF00BF00BF00BF6E
:10E6F00000BF00BF00BF00BF00BF00BF00BF9CF84D
:10E70000003003F00F034BEA836343F00071236092
:10E71000216000BF00BF00BF00BF00BF00BF00BF3F
:10E7200000BF00BF00BF00BF236000BF00BF00BF2D
:10E7300000BF00BF00BF00BF00BF00BF00BF00BFE1
:10E74000F445BCD111682160316829B1002100BFB6
:10E75000013133689942FAD3B9EB080915D047441F
:10E76000C2443B0D03933B0C02933B0B07933B0AC4
:10E7700005933B09049307F00F030693FCE6116829
:10E78000216031680029E1D1F6E609B0BDE8F08FDB
:10E79000704700BFB0FC02201C02032020020320AF
:10E7A00000C00042A4340020A834002008B500BFF7
:10E7B00000BF00BF00BFFBF7A7FF08BD2DE9F04F6A
:10E7C00089B00092002A00F03581030D8946074682
:10E7D000DFF888A20793030C9B490693030B9B4D1C
:10E7E0000593030A9A4E039303099A4C029300F08F
:10E7F0000F0304936368984A43F07D531268636083
:10E80000009B934228BF13460A689846DAF8003006
:10E8100043F0012343F4800323EA020323F0785BEF
:10E82000C4F800B02A682AB1002000BF01302B686C
:10E830009842FAD34BF040624BF060602260019244
:10E84000206000BF00BF00BF00BFFBF75DFF019A63
:10E85000226000BF00BF00BF00BFFBF755FF4BF0B9
:10E8600000524BF0085022600192206000BF00BFB0
:10E8700000BF00BFFBF748FF019A226000BF00BF46
:10E8800000BF00BFFBF740FF079B03F00F024BEAFE
:10E89000826242F00070226001922060FFF786FFE2
:10E8A000019A2260FFF782FF069B03F00F024BEAFA
:10E8B000826242F00070226001922060FFF776FFD2
:10E8C000019A2260FFF772FF059B03F00F024BEAEB
:10E8D000826242F00070226001922060FFF766FFC2
:10E8E000019A2260FFF762FF039B03F00F024BEADD
:10E8F000826242F00070226001922060FFF756FFB2
:10E90000019A2260FFF752FF029B03F00F024BEACD
:10E91000826242F00070226001922060FFF746FFA1
:10E92000019A2260FFF742FF049B4BEA836242F0A8
:10E93000007022600192206000BF00BF00BF00BFD6
:10E94000FBF7E2FE019A226000BF00BF00BF00BFDC
:10E95000FBF7DAFE3C49B8F1000F6ED008EB090C6A
:10E9600009F1FF300CF1FF3C10F8013F1B094BEAA5
:10E97000836343F000722360226000BF00BF00BFCA
:10E9800000BF00BF00BF00BF00BF00BF00BF00BF8F
:10E9900000BF236000BF00BF00BF00BF00BF00BFBB
:10E9A00000BF00BF00BF00BF00BF00BF037803F07F
:10E9B0000F034BEA836343F000722360226000BFC1
:10E9C00000BF00BF00BF00BF00BF00BF00BF00BF4F
:10E9D00000BF00BF00BF236000BF00BF00BF00BF7B
:10E9E00000BF00BF00BF00BF00BF00BF00BF00BF2F
:10E9F0006045B9D1DAF80030236033682BB10022CA
:10EA000000BF013233689A42FAD3009BB3EB08038C
:10EA100000930FD04744C1443B0D07933B0C069332
:10EA20003B0B05933B0A03933B09029307F00F034B
:10EA30000493DFE609B0BDE8F08FDAF80030236018
:10EA40003368002BDBD1D5E6A83400201C0203205C
:10EA50002002032000C00042A4340020B0FC0220A9
:10EA6000002A00F07081030D2DE9F04F8BB0814634
:10EA7000DFF878B20993030C974F0893030B974E76
:10EA80000793030ADFF8688205930309944C049303
:10EA900000F00F03019206936368924A43F07D539E
:10EAA00010686360019BDBF80050834245F001254C
:10EAB00028BF034645F480059A468B4B1B6825EA20
:10EAC000030525F0785525603B682BB1002000BF79
:10EAD00001303B689842FAD345F0605345F06850E6
:10EAE0000391236002932060FFF760FE029B236086
:10EAF000FFF75CFE45F0305345F038502360029339
:10EB00002060FFF753FE029B2360FFF74FFE099B37
:10EB100003F00F0345EA836343F000702360029320
:10EB20002060FFF743FE029B2360FFF73FFE089B38
:10EB300003F00F0345EA836343F000702360029300
:10EB40002060FFF733FE029B2360FFF72FFE079B39
:10EB500003F00F0345EA836343F0007023600293E0
:10EB60002060FFF723FE029B2360FFF71FFE059B3B
:10EB700003F00F0345EA836343F0007023600293C0
:10EB80002060FFF713FE029B2360FFF70FFE049B3C
:10EB900003F00F0345EA836343F0007023600293A0
:10EBA0002060FFF703FE029B2360FFF7FFFD069B3B
:10EBB00045EA836343F00070236002932060FFF70F
:10EBC000F5FD029B2360FFF7F1FD6368039923F0D5
:10EBD00070536360336803B345F000730020236013
:10EBE00000BF00BF00BF00BF00BF00BF00BF00BF2D
:10EBF00000BF00BF00BF00BF256000BF00BF00BF57
:10EC000000BF00BF00BF00BF00BF00BF00BF00BF0C
:10EC100000BF013032688242E1D8BAF1000F00F043
:10EC200083800AEB010E45F00072481E0EF1FF3E94
:10EC3000226000BF00BF00BF00BF00BF00BF00BF19
:10EC400000BF00BF00BF00BF00BFD4F808C02560F0
:10EC500000BF00BF00BF00BF00BF00BF00BF00BFBC
:10EC600000BF00BF00BF00BF226000BF00BF00BFE9
:10EC700000BF00BF00BF00BF00BF00BF00BF00BF9C
:10EC800000BFA368256000BF00BF00BF00BF00BF7A
:10EC900000BF00BF00BF00BF00BF00BF00BF4FEA02
:10ECA0009C6CC3F3836343EA0C1300F8013F704587
:10ECB000BED1DBF800302360636843F07D536360AE
:10ECC000D8F80030B3B1002000BF0130D8F80030D0
:10ECD0009842F9D30EE000BF1C020320AC340020A0
:10ECE00000C00042A4340020A8340020B0FC022060
:10ECF00020020320019BB3EB0A03019320D0D144EF
:10ED000051444FEA195309934FEA194308934FEAC4
:10ED1000193307934FEA192305934FEA1913049304
:10ED200009F00F030693B7E6DBF800302360636851
:10ED300043F07D536360D8F80030002BC3D1ABE6BD
:10ED40000BB0BDE8F08F70472DE9F04F89B000920D
:10ED5000002A00F03581030D89460746DFF888A2B6
:10ED60000793030C9B490693030B9B4D0593030AE2
:10ED70009A4E039303099A4C029300F00F030493F5
:10ED80006368984A43F07D5312686360009B934226
:10ED900028BF13460A689846DAF8003043F001238A
:10EDA00043F4800323EA020323F0785BC4F800B045
:10EDB0002A682AB1002000BF01302B689842FAD39C
:10EDC0004BF040624BF0606022600192206000BF17
:10EDD000FFF7ECFC019A226000BF00BF00BF00BF3C
:10EDE00000BFFBF791FC4BF000524BF00850226043
:10EDF0000192206000BFFFF7D9FC019A226000BF9A
:10EE0000FFF7D4FC079B03F00F024BEA826242F04B
:10EE1000007022600192206000BFFFF7C7FC019ADA
:10EE2000226000BFFFF7C2FC069B03F00F024BEA13
:10EE3000826242F0007022600192206000BFFFF702
:10EE4000B5FC019A226000BFFFF7B0FC059B03F000
:10EE50000F024BEA826242F0007022600192206051
:10EE600000BFFFF7A3FC019A226000BFFFF79EFCE2
:10EE7000039B03F00F024BEA826242F000702260B3
:10EE80000192206000BFFFF791FC019A226000BF51
:10EE9000FFF78CFC029B03F00F024BEA826242F008
:10EEA000007022600192206000BFFFF77FFC019A92
:10EEB000226000BFFFF77AFC049B4BEA836242F0BA
:10EEC000007022600192206000BFFFF76FFC019A82
:10EED000226000BFFFF76AFC3E49B8F1000F72D014
:10EEE00008EB090C09F1FF300CF1FF3C10F8013F71
:10EEF0001B094BEA836343F000722360226000BF6A
:10EF000000BF00BF00BF00BF00BF00BF00BF00BF09
:10EF100000BF00BF00BF00BF236000BF00BF00BF35
:10EF200000BF00BF00BF00BF00BF00BF00BF00BFE9
:10EF300000BF00BF037803F00F034BEA836343F085
:10EF400000722360226000BF00BF00BF00BF00BF8F
:10EF500000BF00BF00BF00BF00BF00BF00BF00BFB9
:10EF6000236000BF00BF00BF00BF00BF00BF00BFE5
:10EF700000BF00BF00BF00BF00BF00BF6045B5D1EC
:10EF8000DAF80030236033682BB1002200BF013271
:10EF900033689A42FAD3009BB3EB080300930FD077
:10EFA0004744C1443B0D07933B0C06933B0B059331
:10EFB0003B0A03933B09029307F00F030493DFE638
:10EFC00009B0BDE8F08FDAF8003023603368002B19
:10EFD000DBD1D5E6A83400201C0203202002032048
:10EFE00000C00042A4340020B0FC0220002A00F03F
:10EFF0008681030D2DE9F04F8BB08146DFF8E4B137
:10F000000993030C724F0893030B724E0793030A84
:10F01000DFF8D481059303096F4C049300F00F03CC
:10F020000192069363686D4A43F07D5310686360F4
:10F03000019BDBF80050834245F0012528BF0346C1
:10F0400045F480059A46664B1B6825EA030525F0C2
:10F05000785525603B682BB1002000BF01303B682C
:10F060009842FAD345F0605345F06850039123600D
:10F070000293206000BFFFF799FB029B236000BF53
:10F08000FFF794FB45F0305345F03850236002936E
:10F09000206000BFFFF78AFB029B236000BFFFF7E1
:10F0A00085FB099B03F00F0345EA836343F000707F
:10F0B00023600293206000BFFFF778FB029B236070
:10F0C00000BFFFF773FB089B03F00F0345EA836360
:10F0D00043F0007023600293206000BFFFF766FBDF
:10F0E000029B236000BFFFF761FB079B03F00F0348
:10F0F00045EA836343F0007023600293206000BF01
:10F10000FFF754FB029B236000BFFFF74FFB059BFB
:10F1100003F00F0345EA836343F00070236002931A
:10F12000206000BFFFF742FB029B236000BFFFF798
:10F130003DFB049B03F00F0345EA836343F000703B
:10F1400023600293206000BFFFF730FB029B236027
:10F1500000BFFFF72BFB069B45EA836343F000707B
:10F1600023600293206000BFFFF720FB029B236017
:10F1700000BFFFF71BFB6368039923F070536360C4
:10F180003368002B32D045F000730020236000BFAD
:10F1900000BF00BF00BF00BF00BF00BF00BF00BF77
:10F1A00000BF00BF00BF00BF256000BF00BF00BFA1
:10F1B00000BF00BF00BF00BF00BF00BF00BF00BF57
:10F1C00000BF00BF013032688242DFD80EE000BFCE
:10F1D0001C020320AC34002000C00042A4340020F4
:10F1E000A8340020B0FC022020020320BAF1000F56
:10F1F00076D00AEB010E45F00072481E0EF1FF3E7C
:10F20000226000BF00BF00BF00BF00BF00BF00BF43
:10F2100000BF00BF00BF00BF00BF00BFD4F808C0E0
:10F22000256000BF00BF00BF00BF00BF00BF00BF20
:10F2300000BF00BF00BF00BF00BF00BF226000BF13
:10F2400000BF00BF00BF00BF00BF00BF00BF00BFC6
:10F2500000BF00BF00BF00BFA368256000BF00BFA4
:10F2600000BF00BF00BF00BF00BF00BF00BF00BFA6
:10F2700000BF00BF00BF4FEA9C6CC3F3836343EA47
:10F280000C1300F8013F7045BAD1DBF80030236061
:10F29000636843F07D536360D8F8003033B10020D9
:10F2A00000BF0130D8F800309842F9D3019BB3EB8E
:10F2B0000A03019320D0D14451444FEA19530993D2
:10F2C0004FEA194308934FEA193307934FEA19237A
:10F2D00005934FEA1913049309F00F030693A1E66F
:10F2E000DBF800302360636843F07D536360D8F837
:10F2F0000030002BD3D195E60BB0BDE8F08F7047FE
:10F3000038B540EA81640B4D44F000732C602B60EB
:10F3100000BF00BF00BF00BF00BF00BFFFF746FA3D
:10F320002C6000BF00BF00BF00BF00BF00BFFFF7E1
:10F330003DFA38BD00C000422DE9F04F89B0CDE95B
:10F340000121002A00F02381030C8046974E4FEAEA
:10F35000105B0793030B964D0693030A954F049396
:10F360000309954C039300F00F0305936368934AD8
:10F3700043F07D5311686360019B8B4228BF0B46AD
:10F3800099468F4B18688F4B40F001201B6840F462
:10F39000800020EA030020F0785AC4F800A0336807
:10F3A0002BB1002100BF013133689942FAD30E21FD
:10F3B0005046FFF7A5FF0B215046FFF7A1FF0BF0CA
:10F3C0000F015046FFF79CFF079B504603F00F01CB
:10F3D000FFF796FF069B504603F00F01FFF790FFE3
:10F3E000049B504603F00F01FFF78AFF039B504632
:10F3F00003F00F01FFF784FF05995046FFF780FFE8
:10F40000636823F0705363602B68002B2ED00021BB
:10F410004AF000705346206000BF00BF00BF00BF2D
:10F4200000BF00BF00BF00BF00BF00BF00BF00BFE4
:10F4300000BF00BF00BF00BF00BF00BF236000BF10
:10F4400000BF00BF00BF00BF00BF00BF00BF00BFC4
:10F4500000BF00BF00BF00BF00BF00BF00BF00BFB4
:10F4600000BF01312A688A42D5D89A46B9F1000F07
:10F4700000F09080029B51464AF0007009EB030BAC
:10F4800003F1FF3C0BF1FF3B206000BF00BF00BF5A
:10F4900000BF00BF00BF00BF00BF00BF00BF00BF74
:10F4A00000BF00BF00BF00BF00BF00BF00BFD4F857
:10F4B00008E0216000BF00BF00BF00BF00BF00BF69
:10F4C00000BF00BF00BF00BF00BF00BF00BF00BF44
:10F4D00000BF00BF00BF00BF206000BF00BF00BF73
:10F4E00000BF00BF00BF00BF00BF00BF00BF00BF24
:10F4F00000BF00BF00BF00BF00BF00BF00BFA368C8
:10F50000216000BF00BF00BF00BF00BF00BF00BF41
:10F5100000BF00BF00BF00BF00BF00BF00BF00BFF3
:10F5200000BF00BF00BF4FEA9E6EC3F3836343EA90
:10F530000E130CF8013FDC45A6D1214B1B6823605C
:10F54000636843F07D5363603B682BB1002300BFC9
:10F55000013339688B42FAD3019BB3EB0903019362
:10F5600015D0029BC8444B444FEA185B02934FEA04
:10F57000184307934FEA183306934FEA182304936E
:10F580004FEA1813039308F00F030593EEE609B052
:10F59000BDE8F08F0A4B1B682360636843F07D531E
:10F5A00063603B68002BD1D1E0E600BF1C02032062
:10F5B000AC3400202002032000C00042A43400200C
:10F5C000B0FC0220A83400202DE9F04F89B0009251
:10F5D000002A00F05481030D89460746DFF870A227
:10F5E0000793030C95490693030B954D0593030A66
:10F5F000944E03930309944C029300F00F03049379
:10F600006368924A43F07D5312686360009B9342A3
:10F6100028BF13460A689846DAF8003043F0012301
:10F6200043F4800323EA020323F0785BC4F800B0BC
:10F630002A682AB1002000BF01302B689842FAD313
:10F640004BF040624BF0606022600192206000BF8E
:10F6500000BFFFF7ABF8019A226000BF00BFFFF7C1
:10F66000A5F84BF000524BF0085022600192206048
:10F6700000BF00BFFFF79AF8019A226000BF00BFE9
:10F68000FFF794F8079B03F00F024BEA826242F007
:10F69000007022600192206000BF00BFFFF786F873
:10F6A000019A226000BF00BFFFF780F8069B03F0BD
:10F6B0000F024BEA826242F00070226001922060E9
:10F6C00000BF00BFFFF772F8019A226000BF00BFC1
:10F6D000FFF76CF8059B03F00F024BEA826242F0E1
:10F6E000007022600192206000BF00BFFFF75EF84B
:10F6F000019A226000BF00BFFFF758F8039B03F098
:10F700000F024BEA826242F0007022600192206098
:10F7100000BF00BFFFF74AF8019A226000BF00BF98
:10F72000FFF744F8029B03F00F024BEA826242F0BB
:10F73000007022600192206000BF00BFFFF736F822
:10F74000019A226000BF00BFFFF730F8049B4BEA2C
:10F75000836242F0007022600192206000BF00BF0F
:10F76000FFF724F8019A226000BF00BFFFF71EF8E0
:10F770003249B8F1000F00F0858008EB090C09F15F
:10F78000FF300CF1FF3C10F8013F1B094BEA83638B
:10F7900043F000722360226000BF00BF00BF00BFC3
:10F7A00000BF00BF00BF00BF00BF00BF00BF00BF61
:10F7B00000BF00BF236000BF00BF00BF00BF00BF8D
:10F7C00000BF00BF00BF00BF00BF00BF00BF00BF41
:10F7D00000BF037803F00F034BEA836343F000722A
:10F7E0002360226000BF00BF00BF00BF00BF00BF9A
:10F7F00000BF00BF00BF00BF00BF00BF00BF00BF11
:10F80000236000BF00BF00BF00BF00BF00BF00BF3C
:10F8100000BF00BF00BF00BF00BF00BF00BF60450A
:10F82000B1D1DAF80030236033689BB1002200BF09
:10F83000013233689A42FAD30CE000BFA8340020AA
:10F840001C0203202002032000C00042A434002038
:10F85000B0FC0220009BB3EB080300930FD0474499
:10F86000C1443B0D07933B0C06933B0B05933B0AAE
:10F8700003933B09029307F00F030493C0E609B01A
:10F88000BDE8F08FDAF8003023603368002BCDD16B
:10F89000B6E600BF002A00F09C81030D2DE9F04F71
:10F8A0008BB08146DFF808B20993030C7B4F0893B5
:10F8B000030B7B4E0793030ADFF8F88105930309D6
:10F8C000784C049300F00F03019206936368764A24
:10F8D00043F07D5310686360019BDBF80050834266
:10F8E00045F0012528BF034645F480059A466F4B35
:10F8F0001B6825EA030525F0785525603B682BB188
:10F90000002000BF01303B689842FAD345F06053B5
:10F9100045F06850039123600293206000BF00BF50
:10F92000FEF744FF029B236000BF00BFFEF73EFFCF
:10F9300045F0305345F0385023600293206000BFFB
:10F9400000BFFEF733FF029B236000BF00BFFEF73E
:10F950002DFF099B03F00F0345EA836343F000701A
:10F9600023600293206000BF00BFFEF71FFF029BD1
:10F97000236000BF00BFFEF719FF089B03F00F03D1
:10F9800045EA836343F0007023600293206000BF68
:10F9900000BFFEF70BFF029B236000BF00BFFEF716
:10F9A00005FF079B03F00F0345EA836343F00070F4
:10F9B00023600293206000BF00BFFEF7F7FE029BAA
:10F9C000236000BF00BFFEF7F1FE059B03F00F03AD
:10F9D00045EA836343F0007023600293206000BF18
:10F9E00000BFFEF7E3FE029B236000BF00BFFEF7EF
:10F9F000DDFE049B03F00F0345EA836343F00070D0
:10FA000023600293206000BF00BFFEF7CFFE029B81
:10FA1000236000BF00BFFEF7C9FE069B45EA836373
:10FA200043F0007023600293206000BF00BFFEF728
:10FA3000BDFE029B236000BF00BFFEF7B7FE6368F8
:10FA4000039923F0705363603368002B34D045F082
:10FA500000730020236000BF00BF00BF00BF00BFD5
:10FA600000BF00BF00BF00BF00BF00BF00BF00BF9E
:10FA700000BF256000BF00BF00BF00BF00BF00BFC8
:10FA800000BF00BF00BF00BF00BF00BF00BF00BF7E
:10FA9000013032688242DDD80EE000BF1C02032034
:10FAA000AC34002000C00042A4340020A834002060
:10FAB000B0FC022020020320BAF1000F7AD00AEB3A
:10FAC000010E45F00072481E0EF1FF3E226000BF9D
:10FAD00000BF00BF00BF00BF00BF00BF00BF00BF2E
:10FAE00000BF00BF00BF00BF00BFD4F808C0256042
:10FAF00000BF00BF00BF00BF00BF00BF00BF00BF0E
:10FB000000BF00BF00BF00BF00BF00BF226000BF3A
:10FB100000BF00BF00BF00BF00BF00BF00BF00BFED
:10FB200000BF00BF00BF00BF00BFA368256000BFCB
:10FB300000BF00BF00BF00BF00BF00BF00BF00BFCD
:10FB400000BF00BF00BF00BF00BF4FEA9C6CC3F303
:10FB5000836343EA0C1300F8013F7045B6D1DBF82C
:10FB600000302360636843F07D536360D8F8003051
:10FB700033B1002000BF0130D8F800309842F9D3EB
:10FB8000019BB3EB0A03019320D0D14451444FEAC7
:10FB9000195309934FEA194308934FEA193307930E
:10FBA0004FEA192305934FEA1913049309F00F0341
:10FBB00006938BE6DBF800302360636843F07D53E7
:10FBC0006360D8F80030002BD3D17FE60BB0BDE8DE
:10FBD000F08F7047002A00F02081030D2DE9F04FCF
:10FBE00089B0914607468A460793030C8B4A0693D1
:10FBF000030B8B4D0593030A8A4E039303098A4C2A
:10FC0000029300F00F030493884B6168186841F079
:10FC10007D51874B4845616028BF4846196880463A
:10FC2000106840F0012040F4800020EA010020F03C
:10FC3000785BC4F800B0296839B14FF0000C00BF00
:10FC40000CF1010C2B689C45F9D34BF040614BF053
:10FC5000606321600191236000BF00BF00BF00BF4F
:10FC600000BF00BFFEF7A2FD0199216000BF00BFE9
:10FC700000BF00BF00BF00BF00BF00BF00BF00BF8C
:10FC8000FAF742FD4BF000514BF00853216001910F
:10FC9000236000BF00BF00BF00BF00BF00BFFEF772
:10FCA00085FD0199216000BF00BF00BF00BF00BFFC
:10FCB00000BFFEF77BFD079B584603F00F01FFF7DF
:10FCC0001FFB069B584603F00F01FFF719FB059B2E
:10FCD000584603F00F01FFF713FB039B584603F050
:10FCE0000F01FFF70DFB029B584603F00F01FFF7D2
:10FCF00007FB04995846FFF703FB484AB8F1000F89
:10FD000000F0828008EB0A0E0AF1FF3C0EF1FF3E84
:10FD10001CF8013F1B094BEA836343F00071236029
:10FD2000216000BF00BF00BF00BF00BF00BF00BF19
:10FD300000BF00BF00BF00BF00BF00BF00BF00BFCB
:10FD400000BF00BF00BF236000BF00BF00BF00BFF7
:10FD500000BF00BF00BF00BF00BF00BF00BF00BFAB
:10FD600000BF00BF00BF00BF00BF00BF9CF8003055
:10FD700003F00F034BEA836343F0007123602160BB
:10FD800000BF00BF00BF00BF00BF00BF00BF00BF7B
:10FD900000BF00BF00BF00BF00BF00BF00BF00BF6B
:10FDA00000BF00BF236000BF00BF00BF00BF00BF97
:10FDB00000BF00BF00BF00BF00BF00BF00BF00BF4B
:10FDC00000BF00BF00BF00BF00BFF445A0D1116855
:10FDD0002160316829B1002100BF013133689942A7
:10FDE000FAD3B9EB080915D04744C2443B0D079339
:10FDF0003B0C06933B0B05933B0A03933B09029391
:10FE000007F00F030493FFE61168216031680029B1
:10FE1000E1D1F9E609B0BDE8F08F7047B0FC0220EF
:10FE20001C0203202002032000C00042A434002052
:10FE3000A834002008B500BF00BF00BF00BF00BF4E
:10FE400000BF00BF00BFFAF75FFC08BD2DE9F04F0F
:10FE500089B00092002A00F07781030D8946074699
:10FE6000DFF8F4A10793030C76490693030B764D54
:10FE70000593030A754E03930309754C029300F032
:10FE80000F0304936368734A43F07D531268636001
:10FE9000009B934228BF13460A689846DAF8003060
:10FEA00043F0012343F4800323EA020323F0785B49
:10FEB000C4F800B02A682AB1002000BF01302B68C6
:10FEC0009842FAD34BF040624BF06060226001929E
:10FED000206000BF00BF00BF00BFFEF767FC019AB3
:10FEE000226000BF00BF00BF00BFFEF75FFC4BF009
:10FEF00000524BF0085022600192206000BF00BF0A
:10FF000000BF00BFFEF752FC019A226000BF00BF95
:10FF100000BF00BFFEF74AFC079B03F00F024BEA4D
:10FF2000826242F00070226001922060FFF782FF3F
:10FF3000019A226000BF00BF00BF00BFFEF736FC81
:10FF4000069B03F00F024BEA826242F000702260CF
:10FF50000192206000BF00BF00BF00BFFEF726FC7B
:10FF6000019A226000BF00BF00BF00BFFEF71EFC69
:10FF7000059B03F00F024BEA826242F000702260A0
:10FF80000192206000BF00BF00BF00BFFEF70EFC63
:10FF9000019A226000BF00BF00BF00BFFEF706FC51
:10FFA000039B03F00F024BEA826242F00070226072
:10FFB0000192206000BF00BF00BF00BFFEF7F6FB4C
:10FFC000019A226000BF00BF00BF00BFFEF7EEFB3A
:10FFD000029B03F00F024BEA826242F00070226043
:10FFE0000192206000BF00BF00BF00BFFEF7DEFB34
:10FFF000019A226000BF00BF00BF00BFFEF7D6FB22
:02000004600199
:10000000049B4BEA836242F0007022600192206000
:1000100000BF00BF00BF00BFFEF7C8FB019A22600F
:1000200000BF00BF00BF00BFFEF7C0FB0549B8F12D
:10003000000F00F08C8008EB090C09F1FF300CF187
:10004000FF3C0BE0A83400201C0203202002032008
:1000500000C00042A4340020B0FC022010F8013F90
:100060001B094BEA836343F000722360226000BFE8
:1000700000BF00BF00BF00BF00BF00BF00BF00BF88
:1000800000BF00BF00BF00BF00BF00BF00BF2360B4
:1000900000BF00BF00BF00BF00BF00BF00BF00BF68
:1000A00000BF00BF00BF00BF00BF00BF00BF00BF58
:1000B000037803F00F034BEA836343F0007223607D
:1000C000226000BF00BF00BF00BF00BF00BF00BF75
:1000D00000BF00BF00BF00BF00BF00BF00BF00BF28
:1000E00000BF236000BF00BF00BF00BF00BF00BF54
:1000F00000BF00BF00BF00BF00BF00BF00BF00BF08
:1001000000BF00BF6045A9D1DAF800302360336832
:100110002BB1002200BF013233689A42FAD3009B10
:10012000B3EB080300930FD04744C1443B0D079342
:100130003B0C06933B0B05933B0A03933B0902934D
:1001400007F00F0304939DE609B0BDE8F08FDAF8DD
:10015000003023603368002BDBD193E6002A00F0E7
:10016000A581030D2DE9F04F8BB08146DFF808B271
:100170000693030C7B4F0593030B7B4E0493030AFA
:10018000DFF8F88108930309784C079300F00F0318
:10019000019209936368764A43F07D531068636067
:1001A000019BDBF80050834245F0012528BF034640
:1001B00045F480059A466F4B1B6825EA030525F038
:1001C000785525603B682BB1002000BF01303B68AB
:1001D0009842FAD345F0605345F06850039123608C
:1001E0000293206000BF00BF00BF00BFFEF7DEFA31
:1001F000029B236000BF00BF00BF00BFFEF7D6FA1E
:1002000045F0305345F0385023600293206000BF22
:1002100000BF00BF00BFFEF7C9FA029B236000BF0A
:1002200000BF00BF00BFFEF7C1FA069B03F00F033B
:1002300045EA836343F00070236002932060FFF778
:10024000F9FD029B236000BF00BF00BF00BFFEF7A7
:10025000ADFA059B03F00F0345EA836343F000709A
:10026000236002932060FFF7E5FD029B2360FFF708
:10027000E1FD049B03F00F0345EA836343F0007044
:10028000236002932060FFF7D5FD029B2360FFF7F8
:10029000D1FD089B03F00F0345EA836343F0007030
:1002A000236002932060FFF7C5FD029B2360FFF7E8
:1002B000C1FD079B03F00F0345EA836343F0007021
:1002C000236002932060FFF7B5FD029B2360FFF7D8
:1002D000B1FD099B45EA836343F0007023600293FC
:1002E000206000BF00BF00BF00BFFEF75FFA029BA7
:1002F000236000BF00BF00BF00BFFEF757FA63686E
:10030000039923F0705363603368002B38D045F0B5
:1003100000730020236000BF00BF00BF00BF00BF0C
:1003200000BF00BF00BF00BF00BF00BF00BF00BFD5
:1003300000BF00BF00BF256000BF00BF00BF00BFFF
:1003400000BF00BF00BF00BF00BF00BF00BF00BFB5
:1003500000BF00BF00BF00BF013032688242D9D861
:100360000EE000BF1C020320AC34002000C000429D
:10037000A4340020A8340020B0FC02202002032076
:10038000BAF1000F00F083800AEB010E45F0007215
:10039000481E0EF1FF3E226000BF00BF00BF00BF3D
:1003A00000BF00BF00BF00BF00BF00BF00BF00BF55
:1003B00000BF00BF00BF00BFD4F808C0256000BF69
:1003C00000BF00BF00BF00BF00BF00BF00BF00BF35
:1003D00000BF00BF00BF00BF00BF00BF00BF226062
:1003E00000BF00BF00BF00BF00BF00BF00BF00BF15
:1003F00000BF00BF00BF00BF00BF00BF00BF00BF05
:10040000A368256000BF00BF00BF00BF00BF00BFE2
:1004100000BF00BF00BF00BF00BF00BF00BF00BFE4
:1004200000BF00BF4FEA9C6CC3F3836343EA0C1325
:1004300000F8013F7045AED1DBF8003023606368FF
:1004400043F07D536360D8F8003033B1002000BF23
:100450000130D8F800309842F9D3019BB3EB0A037E
:10046000019320D0D14451444FEA195306934FEAE7
:10047000194305934FEA193304934FEA192308935C
:100480004FEA1913079309F00F03099382E6DBF88B
:1004900000302360636843F07D536360D8F8003018
:1004A000002BD3D176E60BB0BDE8F08F704700BFCC
:1004B0002DE9F04F89B00092002A00F08B81030DE6
:1004C00089460746DFF8FCA10793030C7849069399
:1004D000030B784D0593030A774E03930309774C7A
:1004E000029300F00F0304936368754A43F07D5351
:1004F00012686360009B934228BF13460A689846BF
:10050000DAF8003043F0012343F4800323EA0203C6
:1005100023F0785BC4F800B02A682AB1002000BF3D
:1005200001302B689842FAD34BF040624BF0606088
:1005300022600192206000BF00BF00BF00BFFFF734
:1005400079FC019A226000BF00BF00BF00BFFFF727
:1005500071FC4BF000524BF0085022600192206079
:1005600000BF00BF00BF00BFFFF764FC019A22601C
:1005700000BF00BF00BF00BFFFF75CFC079B03F09C
:100580000F024BEA826242F000702260019220600A
:1005900000BF00BF00BF00BFFFF74CFC019A226004
:1005A00000BF00BF00BF00BFFFF744FC069B03F085
:1005B0000F024BEA826242F00070226001922060DA
:1005C00000BF00BF00BF00BFFFF734FC019A2260EC
:1005D00000BF00BF00BF00BFFFF72CFC059B03F06E
:1005E0000F024BEA826242F00070226001922060AA
:1005F00000BF00BF00BF00BFFFF71CFC019A2260D4
:1006000000BF00BF00BF00BFFFF714FC039B03F057
:100610000F024BEA826242F0007022600192206079
:1006200000BF00BF00BF00BFFFF704FC019A2260BB
:1006300000BF00BF00BF00BFFFF7FCFB029B03F041
:100640000F024BEA826242F0007022600192206049
:1006500000BF00BF00BF00BFFFF7ECFB019A2260A4
:1006600000BF00BF00BF00BFFFF7E4FB049B4BEAE5
:10067000836242F0007022600192206000BF00BFE0
:1006800000BF00BFFFF7D6FB019A226000BF00BF8A
:1006900000BF00BFFFF7CEFB0549B8F1000F00F027
:1006A0009C8008EB090C09F1FF300CF1FF3C0BE0DA
:1006B000A83400201C0203202002032000C00042B6
:1006C000A4340020B0FC022010F8013F1B094BEAC3
:1006D000836343F000722360226000BF00BF00BF4D
:1006E00000BF00BF00BF00BF00BF00BF00BF00BF12
:1006F00000BF00BF00BF00BF00BF00BF00BF00BF02
:1007000000BF236000BF00BF00BF00BF00BF00BF2D
:1007100000BF00BF00BF00BF00BF00BF00BF00BFE1
:1007200000BF00BF00BF00BF00BF00BF037803F0E1
:100730000F034BEA836343F000722360226000BF23
:1007400000BF00BF00BF00BF00BF00BF00BF00BFB1
:1007500000BF00BF00BF00BF00BF00BF00BF00BFA1
:1007600000BF00BF00BF236000BF00BF00BF00BFCD
:1007700000BF00BF00BF00BF00BF00BF00BF00BF81
:1007800000BF00BF00BF00BF00BF00BF00BF00BF71
:10079000604599D1DAF80030236033682BB100222C
:1007A00000BF013233689A42FAD3009BB3EB0803CF
:1007B00000930FD04744C1443B0D07933B0C069375
:1007C0003B0B05933B0A03933B09029307F00F038E
:1007D000049389E609B0BDE8F08FDAF800302360B1
:1007E0003368002BDBD17FE6002A00F0E181030DA6
:1007F0002DE9F04F8BB08146DFF860B20993030C0E
:10080000914F0893030B914E0793030ADFF8508230
:10081000059303098E4C049300F00F030192069395
:1008200063688C4A43F07D5310686360019BDBF87A
:100830000050834245F0012528BF034645F480055A
:100840009A46854B1B6825EA030525F078552560F7
:100850003B682BB1002000BF01303B689842FAD3BF
:1008600045F0605345F06850039123600293206087
:1008700000BF00BF00BF00BFFFF7DCFA029B236090
:1008800000BF00BF00BF00BFFFF7D4FA45F03053F0
:1008900045F0385023600293206000BF00BF00BFC6
:1008A00000BFFFF7C7FA029B236000BF00BF00BF75
:1008B00000BFFFF7BFFA099B03F00F0345EA83630C
:1008C00043F0007023600293206000BF00BF00BFB0
:1008D00000BFFFF7AFFA029B236000BF00BF00BF5D
:1008E00000BFFFF7A7FA089B03F00F0345EA8363F5
:1008F00043F0007023600293206000BF00BF00BF80
:1009000000BFFFF797FA029B236000BF00BF00BF44
:1009100000BFFFF78FFA079B03F00F0345EA8363DD
:1009200043F0007023600293206000BF00BF00BF4F
:1009300000BFFFF77FFA029B236000BF00BF00BF2C
:1009400000BFFFF777FA059B03F00F0345EA8363C7
:1009500043F0007023600293206000BF00BF00BF1F
:1009600000BFFFF767FA029B236000BF00BF00BF14
:1009700000BFFFF75FFA049B03F00F0345EA8363B0
:1009800043F0007023600293206000BF00BF00BFEF
:1009900000BFFFF74FFA029B236000BF00BF00BFFC
:1009A00000BFFFF747FA069B45EA836343F00070F8
:1009B00023600293206000BF00BF00BF00BFFFF7AD
:1009C00039FA029B236000BF00BF00BF00BFFFF7E2
:1009D00031FA6368039923F0705363603368002B26
:1009E00040D045F000730020236000BF00BF00BF6F
:1009F00000BF00BF00BF00BF00BF00BF00BF00BFFF
:100A000000BF00BF00BF00BF00BF00BF00BF00BFEE
:100A100000BF256000BF00BF00BF00BF00BF00BF18
:100A200000BF00BF00BF00BF00BF00BF00BF00BFCE
:100A300000BF00BF00BF00BF00BF00BF0130326871
:100A40008242D1D80EE000BF1C020320AC3400204B
:100A500000C00042A4340020A8340020B0FC0220D2
:100A600020020320BAF1000F00F093800AEB010E80
:100A700045F00072481E0EF1FF3E226000BF00BF2D
:100A800000BF00BF00BF00BF00BF00BF00BF00BF6E
:100A900000BF00BF00BF00BF00BF00BF00BF00BF5E
:100AA00000BF00BFD4F808C0256000BF00BF00BF72
:100AB00000BF00BF00BF00BF00BF00BF00BF00BF3E
:100AC00000BF00BF00BF00BF00BF00BF00BF00BF2E
:100AD00000BF226000BF00BF00BF00BF00BF00BF5B
:100AE00000BF00BF00BF00BF00BF00BF00BF00BF0E
:100AF00000BF00BF00BF00BF00BF00BFA3682560EC
:100B000000BF00BF00BF00BF00BF00BF00BF00BFED
:100B100000BF00BF00BF00BF00BF00BF00BF00BFDD
:100B200000BF00BF00BF00BF4FEA9C6CC3F38363EC
:100B300043EA0C1300F8013F70459ED1DBF800300A
:100B40002360636843F07D536360D8F8003033B1AD
:100B5000002000BF0130D8F800309842F9D3019B43
:100B6000B3EB0A03019320D0D14451444FEA195307
:100B700009934FEA194308934FEA193307934FEA51
:100B8000192305934FEA1913049309F00F030693F1
:100B900046E6DBF800302360636843F07D53636012
:100BA000D8F80030002BD3D13AE60BB0BDE8F08F77
:100BB000704700BF2DE9F04F8BB0CDE90321002A2B
:100BC00000F01882030DDFF87CA0DFF87C90064669
:100BD0000993030CDFF874B00893030B154C0793CB
:100BE000030A05930309029300F00F030693636859
:100BF000114A43F07D530399126863600F4B914291
:100C00001F6828BF11460E4B47F001271B6847F4A9
:100C1000800727EA030727F078572760DAF80030C3
:100C2000B3B1002300BF0133DAF800209342F9D3B7
:100C30000EE000BF00C00042A4340020B0FC02203F
:100C4000A83400201C020320AC3400202002032022
:100C500047F0605547F0685301912560236000BF5D
:100C600000BF00BF00BF00BF00BF00BF00BFFFF755
:100C7000E1F8256000BF00BF00BF00BF00BF00BF9C
:100C800000BF00BFFFF7D6F847F0305547F03853A4
:100C90002560236000BF00BF00BF00BF00BF00BFD2
:100CA00000BF00BFFFF7C6F8256000BF00BF00BF50
:100CB00000BF00BF00BF00BF00BFFFF7BBF8099B2C
:100CC00003F00F0547EA856545F000732560236052
:100CD00000BF00BF00BF00BF00BF00BF00BF00BF1C
:100CE000FFF7A8F8256000BF00BF00BF00BF00BF2E
:100CF00000BF00BF00BFFFF79DF8089B03F00F0582
:100D000047EA856545F000732560236000BF00BF9A
:100D100000BF00BF00BF00BF00BF00BF00BF00BFDB
:100D200000BF00BFFDF742FD256000BF00BF00BF50
:100D300000BF00BF00BF00BF00BFFFF77BF8079BED
:100D400003F00F0547EA856545F0007325602360D1
:100D500000BF00BF00BF00BF00BF00BF00BF00BF9B
:100D600000BF00BF00BF00BFFDF720FD256000BF32
:100D700000BF00BF00BF00BF00BF00BF00BF00BF7B
:100D800000BF00BF00BFFDF711FD059B03F00F057D
:100D900047EA856545F000732560236000BF00BF0A
:100DA00000BF00BF00BF00BF00BF00BF00BF00BF4B
:100DB00000BF00BFFDF7FAFC256000BF00BF00BF09
:100DC00000BF00BF00BF00BF00BF00BF00BF00BF2B
:100DD00000BFFDF7EBFC029B03F00F0547EA8565BA
:100DE00045F000732560236000BF00BF00BF00BF57
:100DF00000BF00BF00BF00BF00BF00BF00BF00BFFB
:100E0000FDF7D4FC256000BF00BF00BF00BF00BFDE
:100E100000BF00BF00BF00BF00BF00BF00BFFDF7A5
:100E2000C5FC069B47EA836545F000732560236097
:100E300000BF00BF00BF00BF00BF00BF00BF00BFBA
:100E4000FEF7F8FF256000BF00BF00BF00BF00BF76
:100E500000BF00BF00BFFEF7EDFF6368019923F0FC
:100E600070536360D9F80030002B31D0019647F001
:100E7000007500268846256000BF00BF00BF00BF88
:100E800000BF00BF00BF00BF00BF00BF00BF00BF6A
:100E900000BF00BF00BF00BFF9F736FC276000BFEE
:100EA00000BF00BF00BF00BF00BF00BF00BF00BF4A
:100EB00000BF00BF00BF00BF00BF00BF00BFF9F709
:100EC00023FC0136D9F80020B242D4D84146019E15
:100ED000002900F09280049B47F0007501EB0308A5
:100EE000CDE9051608F1FF325E1E0292256000BFB3
:100EF00000BF00BF00BF00BF00BF00BF00BF00BFFA
:100F000000BF00BF00BF00BF00BF00BF00BFF9F7B8
:100F1000FBFBA1680191276000BF00BF00BF00BFBD
:100F200000BF00BF00BF00BF00BF00BF00BF00BFC9
:100F300000BF00BF00BF00BFF9F7E6FB256000BFA0
:100F400000BF00BF00BF00BF00BF00BF00BF00BFA9
:100F500000BF00BF00BF00BF00BF00BF00BFF9F768
:100F6000D3FBD4F80880276000BF00BF00BF00BFDC
:100F700000BF00BF00BF00BF00BF00BF00BF00BF79
:100F800000BF00BF00BF00BFF9F7BEFB0199C8F367
:100F90008363890E43EA011306F8013F029B9E42D8
:100FA000A4D11C4B1B68DDE905162360636843F080
:100FB0007D536360DBF8003033B1002300BF0133A1
:100FC000DBF800209342F9D3039B5B1A039311D003
:100FD000049B0E440B440493330D0993330C089384
:100FE000330B0793330A05933309029306F00F037B
:100FF0000693FCE50BB0BDE8F08F064B1B68236041
:10100000636843F07D536360DBF80030002BD4D17C
:10101000EDE500BFB0FC02202DE9F04F89B0009251
:10102000002A00F0DF81030D89460746DFF878A229
:101030000793030C97490693030B974D0593030AF7
:10104000964E03930309964C029300F00F0304930A
:101050006368944A43F07D5312686360009B934237
:1010600028BF13460A689846DAF8003043F0012397
:1010700043F4800323EA020323F0785BC4F800B052
:101080002A682AB1002000BF01302B689842FAD3A9
:101090004BF040624BF0606022600192206000BF24
:1010A00000BF00BF00BF00BF00BF00BF00BFFEF712
:1010B000C1FE019A226000BF00BF00BF00BF00BF99
:1010C00000BF00BF00BFFEF7B5FE4BF000524BF073
:1010D000085022600192206000BF00BF00BF00BF27
:1010E00000BF00BF00BF00BFFEF7A4FE019A226050
:1010F00000BF00BF00BF00BF00BF00BF00BF00BFF8
:10110000FEF798FE079B03F00F024BEA826242F063
:10111000007022600192206000BF00BF00BF00BFCE
:1011200000BF00BF00BF00BF00BF00BF00BF00BFC7
:10113000FDF73CFB019A226000BF00BF00BF00BF6B
:1011400000BF00BF00BF00BFFEF774FE069B03F0A8
:101150000F024BEA826242F000702260019220602E
:1011600000BF00BF00BF00BF00BF00BF00BF00BF87
:10117000FEF760FE019A226000BF00BF00BF00BF03
:1011800000BF00BF00BF00BFFEF754FE059B03F089
:101190000F024BEA826242F00070226001922060EE
:1011A00000BF00BF00BF00BF00BF00BF00BF00BF47
:1011B000FEF740FE019A226000BF00BF00BF00BFE3
:1011C00000BF00BF00BF00BFFEF734FE039B03F06B
:1011D0000F024BEA826242F00070226001922060AE
:1011E00000BF00BF00BF00BF00BF00BF00BF00BF07
:1011F000FEF720FE019A226000BF00BF00BF00BFC3
:1012000000BF00BF00BF00BFFEF714FE029B03F04B
:101210000F024BEA826242F000702260019220606D
:1012200000BF00BF00BF00BF00BF00BF00BF00BFC6
:10123000FEF700FE019A226000BF00BF00BF00BFA2
:1012400000BF00BF00BF00BFFEF7F4FD049B4BEAE8
:10125000836242F0007022600192206000BF00BFF4
:1012600000BF00BF00BF00BF00BF00BFFEF7E2FD30
:10127000019A226000BF00BF00BF00BF00BF00BFD7
:1012800000BF00BFFEF7D6FD0249B8F1000F00F025
:10129000AC800BE0A83400201C02032020020320B5
:1012A00000C00042A4340020B0FC022008EB090C6E
:1012B00009F1FF300CF1FF3C10F8013F1B094BEA2C
:1012C000836343F000722360226000BF00BF00BF51
:1012D00000BF00BF00BF00BF00BF00BF00BF00BF16
:1012E00000BF00BF00BF00BF00BF00BF00BF00BF06
:1012F00000BF00BF00BF00BF00BF236000BF00BF32
:1013000000BF00BF00BF00BF00BF00BF00BF00BFE5
:1013100000BF00BF00BF00BF00BF00BF00BF00BFD5
:1013200000BF00BF00BF00BF00BF00BF037803F0D5
:101330000F034BEA836343F000722360226000BF17
:1013400000BF00BF00BF00BF00BF00BF00BF00BFA5
:1013500000BF00BF00BF00BF00BF00BF00BF00BF95
:1013600000BF00BF00BF00BF00BF00BF00BF2360C1
:1013700000BF00BF00BF00BF00BF00BF00BF00BF75
:1013800000BF00BF00BF00BF00BF00BF00BF00BF65
:1013900000BF00BF00BF00BF00BF00BF00BF00BF55
:1013A000604589D1DAF80030236033682BB1002220
:1013B00000BF013233689A42FAD3009BB3EB0803B3
:1013C00000930FD04744C1443B0D07933B0C069359
:1013D0003B0B05933B0A03933B09029307F00F0372
:1013E000049335E609B0BDE8F08FDAF800302360E9
:1013F0003368002BDBD12BE6174B0021174A184826
:1014000010B4C3F8A4242922C3F89004072083F859
:10141000AD24144A144CA3F8981483F8B11483F83B
:10142000C814C3F88014C3F88414C3F88C1483F868
:10143000B814C3F8A8044FF47A70C3F89C240B4B7B
:101440006160A060204621732360094AC4E912113B
:10145000084910BC0BF056B8A0F0022000093D006E
:10146000E82700202C27002050F00220C42700206D
:10147000C0340020C1330000002B45DD9FED247AED
:1014800000EB83038446FCEC017AF0EEE77AF4EE9D
:10149000C77AF1EE10FA37FE877A9C45F3D1DFED7B
:1014A0001D6AC7EE267AF5EEC07AC2ED007AF1EE3B
:1014B00010FA26DDF7EE006A86EEA77A01396FF0A2
:1014C0007E0CF6EE006A0FE077EEA67AFDEEE77A84
:1014D00017EE902A6245B8BF62467F2AA8BF7F22D6
:1014E000984201F8012F0BD0F0EC017A67EE877A71
:1014F000F5EEC07AF1EE10FAE6D577EEE67AE5E79A
:1015000070479FED037AD9E700231360704700BF4F
:10151000000000000000FE420F2938B530D8DFF887
:101520008CE084465EF8310050B31468012BCCF88F
:101530000010CCF8084021D9022B936807D0D2E9DB
:101540000452022D72F1000201D3A5FB0335CCF841
:101550000430B4FBF0F300FB1340D0B90EEBC10E26
:101560000121DEF80420CCF8181002FB03F3DDE9BA
:101570000445CCF80C30CCE9044538BD0123E6E73E
:101580000B46074AA02107480CF0B8F94FF0FF308E
:1015900038BD2346044AA02102480CF0AFF9F5E714
:1015A000301B0020ECB803204C1B002080070020DB
:1015B00010B51C46836986B063B3D0E901CE8C4573
:1015C0001CD196451AD1D0F800C02CF00403082B8A
:1015D00002D0BCF10E0F06D1C368B3F5803F21D80D
:1015E000002006B010BD089BA021114A1148CDE98A
:1015F000004C0CF083F94FF0FF30F2E70492089BA7
:101600000D4A0C48CDE902E1CDE9004CA0210CF0D7
:1016100075F9F0E7089BA021084A009405480CF0F2
:101620006DF9E8E7064AA02102480CF067F9E2E705
:10163000B01B0020ECB80320841B0020701B00208E
:10164000DC1B0020134B1A68033230B522F0030C68
:10165000114C4FF0000E0D4624681CEB000183B0C6
:10166000C3F800C04EEB0E028C427EEB020205D3A3
:101670007046C5F800C0196003B030BD0346074A84
:10168000A0210748CDE900C40CF038F94FF0FF3035
:10169000F2E700BF98B903209CB90320FC1B00208F
:1016A000ECB80320F0B517461E4604460D462DED56
:1016B000028B85B0F8F7E0FB3A46334629462046D0
:1016C000B0EE408BF8F798FB0746F8F7D5FB114BC7
:1016D00030EE480B1A6D93ED027B92191A6537EEC6
:1016E000007B5A6D42F1000283ED027B5A6527B9F7
:1016F000384605B0BDEC028BF0BD074AA02102962A
:101700000648CDE900450CF0F9F8384605B0BDECC7
:10171000028BF0BD58ED00202C1C0020ECB80320FB
:10172000002952D02DE9F04F294D83B007460E46CF
:10173000DFF8A8A005F11009EC680EE0B345D84623
:10174000384628BFB0464246474408F05BFEEC6886
:10175000B6EB08064444EC6029D0AB6804EB090101
:10176000A342A3EB040BE9D1D5E90021DAE900306B
:10177000A4184A4641F100089C4278EB00011AD2B5
:101780001B1B41F2010160EB08008B42414670F1E6
:101790000000204628BF4FF480539B46FFF782FF8E
:1017A000494678B9C5E90048C5E902B0C6E7002056
:1017B00003B0BDE8F08F074AA0210748CDE90048F3
:1017C0000CF09CF84FF0FF30F2E70020704700BFAC
:1017D00048DD00204C1C0020ECB80320382E0120EE
:1017E0002DE9F04FD0F80C9087B0B9F5803F79D84B
:1017F000002967DD03934FF480339246804600252D
:101800000491B3FBF9F30593049BEA17D8F814107D
:101810005F1B059B9F4228BF1F46A5FB090309FBD1
:101820000233D8F810208018344A43EB010109FB39
:1018300007F3FFF737FF00285CD1039B07EB050B8D
:101840002E4C03EB85060FE02D4B2E4A2E49CDE999
:1018500000C7F0F75DFE039BCBB186ED000A0135B2
:1018600004364C44AB4529D0264B2146264A204617
:10187000D8F808C00027BAF1000FE5D1CDE900CAB9
:10188000D8F80000F0F788FF039B002BE5D11F4B31
:101890001F49D3ED007A1F4AF4EEC07AF1EE10FA38
:1018A00014D5C1ED007A043611684C441560013539
:1018B00083ED000AAB45184B1960D5D1049B5D46FA
:1018C0005B45A1DC002007B0BDE8F08FD1ED007AC8
:1018D000114BF4EEC07AF1EE10FAC0D51D6081ED27
:1018E000000ABCE70D4D0E4C0FCD0FC495E80F005C
:1018F00007C423804FF0FF30E5E700BF00D7212069
:10190000E4EA022080E5022080BA0220E4B8032045
:10191000E8B8032090B9032094B903206C1C002080
:10192000ECB803202DE9F84FB1F1000A2DED068B3C
:101930004FDD012A4DDD002A09EE103A07EE902A0C
:101940001746B8BF571CF0EE409AB8EEC99A9146B8
:10195000F8EEE7AA7F10B8EE00AA80464FF0000B21
:1019600008EB87064546002407EE904AB0EE690A68
:101970000134F8EEE70A60EE8A0AC0EEAA0A0AF01D
:10198000E3F969EE008AB0EE680A0AF069FCB0EE8D
:10199000408AB0EE680A0AF063FBD5ED006A96ED66
:1019A000007AA74268EE267A20EE076A28EE078AB8
:1019B00020EE260A77EEC67A30EE080AE5EC017AC8
:1019C000A6EC010AD0DC0BF1010B08EB8908DA4523
:1019D000C6D1BDEC068BBDE8F88F00BF000000004B
:1019E0001F4AD2E9023C10B5A3EB0C0E0C460021B5
:1019F0008645A1411AD211685B18516841F1000C6B
:101A00001B1818484CEB0401B3EB0E03D0E900405F
:101A100061F100019C4288410BD39FED0F7BC2E92D
:101A2000003182ED027B0024204610BD6044D0606E
:101A3000F9E7DFF834E04FF0FF34DFF830C0BEE8FC
:101A40000F00ACE80F009EE803004CF8040BACF864
:101A50000010E9E7AFF30080000000000000000084
:101A600048DD0020382E01208C1C0020ECB803201B
:101A700070B505461446234A00232E19106843EB1F
:101A80000302B04293412DED028B84B02ED303911B
:101A9000F8F7F2F9224603992846B0EE408BF9F7A1
:101AA000ADF80646F8F7E8F9174B30EE480B9A6D9B
:101AB00093ED047B12199A6537EE007BDA6D42F1E3
:101AC000000283ED047BDA6526B9304604B0BDEC34
:101AD000028B70BD2B460D4AA02100940C480BF0E0
:101AE0000DFF304604B0BDEC028B70BDCDE9004067
:101AF0002B46084AA02106484FF0FF360BF0FEFEA9
:101B0000E3E700BF9CB9032058ED0020D01C002063
:101B1000ECB80320A41C002070B505461446234AE7
:101B200000232E19106843EB0302B04293412DEDC0
:101B3000028B84B02ED30391F8F79EF922460399C5
:101B40002846B0EE408BF8F793FF0646F8F794F975
:101B5000174B30EE480B1A6E93ED047B12191A6680
:101B600037EE007B5A6E42F1000283ED047B5A6629
:101B700026B9304604B0BDEC028B70BD2B460D4A31
:101B8000A02100940C480BF0B9FE304604B0BDEC27
:101B9000028B70BDCDE900402B46084AA0210648C3
:101BA0004FF0FF360BF0AAFEE3E700BF9CB903201D
:101BB00058ED0020201D0020ECB80320F01C002070
:101BC000F0B5144D83B00446164601951F46124DDC
:101BD000002308460095A268F0F71CFC23680C2B34
:101BE00008D0334600223946204603B0BDE8F04015
:101BF000FFF7F6BD094B284600930023A268F0F7D3
:101C000069FC334601223946204603B0BDE8F04066
:101C1000FFF7E6BD80E5022080BA0220E4EA022058
:101C200010B50C1E82B031DD254BA1009FED257A49
:101C300003EB8402F3EC017A67EEA77A934237EE66
:101C4000277AF7D107EE904AF8EEE76AC7EE267AD0
:101C500037EE800AB5EE400AF1EE10FA25D4F1EE27
:101C6000C07A174A0144184BB7EE007AC7EE276ACC
:101C7000F2EC017AB0EC017A814266EEA77A67EE67
:101C8000877AE3EC017AF3D102B010BD07EE904AF7
:101C9000DFED0C6AB8EEE77AC6EE877A37EE800A97
:101CA000B4EE660AF1EE10FAEED5019009F0B0FF3D
:101CB000002CF0EE407AE7DDA1000198D1E700BFEB
:101CC000805A022000000000807A022070B500EBEC
:101CD000820084B0164608220D461C460DEB020118
:101CE000FFF7C6FED8B9DDE90202121AB2F5806F1D
:101CF00013460EDA42B12844214601920092FFF7C2
:101D0000B7FEDDE9002350B90021A154184604B004
:101D100070BD3346034AA02103480BF0EFFD4FF09E
:101D2000FF33F3E7441D0020ECB803202DE9F04316
:101D300083B09846064617460A9D2B78002B37D06D
:101D400028461C4C40F2B3125C4010F8013FA4FB43
:101D5000024C002BF8D101F1FF3910E0DDF804C08E
:101D60000CF1FF32BCF1000F18D0FFF7AFFF0028D5
:101D70002946114812DB01340CF022FB98B10422F1
:101D800009EA04040DEB020106EB8400FFF770FE84
:101D90000246094B41463846002ADFD04FF0FF305B
:101DA00003B0BDE8F0830198013803B0BDE8F083CB
:101DB000004CD0E783039D7398B0032070B585690C
:101DC00082B0002D3DD01646B1F5006F0C46054699
:101DD000D0E9012302FB03F337D88B4235D10368E6
:101DE000012B44D8C36802FB03F3B3F5803F32D81C
:101DF000264AD0E90401FFF755FC60BB244A03469C
:101E00002249286800922246F0F704F9034628BBCD
:101E1000204DA20020490C682968033121F00300FD
:101E20008118286043EB030C8C4273EB0C0324D322
:101E30003060296032B1164902B0BDE87040FFF74A
:101E40006BBE1560002002B070BD144AA02114487A
:101E500000940BF053FD4FF0FF30F4E7114D104CA0
:101E60000FCD0FC495E8030084E80300F3E70E4AA2
:101E7000A0210B480BF042FDEDE71346A0210B4AD1
:101E8000CDE9000406480BF039FDE4E700D7212036
:101E9000405E012098B903209CB90320601D0020FA
:101EA000ECB80320A41D00208C1D0020FC1B00208A
:101EB0002DE9F04F904642008BB00546102A894626
:101EC000039340F2C58010231E465B009A42FBD864
:101ED000F6000021B446664C664A10682268033258
:101EE00022F0030717EB0C0C276041F100020021E0
:101EF000604571EB0202C0F0B180BA190293039BF6
:101F000022604FF480321F605B480BF06DFE029B35
:101F1000BEB19A4601E0361B12D0B6F5803F34467A
:101F20003846554928BF4FF4803422462744FFF7EE
:101F3000F3FD0028EFD04FF0FF300BB0BDE8F08F7D
:101F40005346149A1360002D77D000224B4E049311
:101F50000692069A4A49AB1A09EB8200B3F5807FD4
:101F600028BF4FF480735A1C05939200FFF780FD41
:101F70000028E0D1DFF808A102900795DAE9000413
:101F8000241AB4F5806F5AD234B140442246314607
:101F9000FFF76EFD0028CED1029B0022013332559F
:101FA00032780293039B374C1F684AB1334840F2A2
:101FB000B311544010F8012FA4FB0143002AF8D1BB
:101FC000049B03F1FF3B10E0DDF824C00CF1FF326D
:101FD000BCF1000F19D0FFF779FE002831462A48DE
:101FE000A9DB01340CF0ECF9D0B10BEA04040422B3
:101FF00009A907EB84052846FFF73AFD0246224B64
:1020000041464846002ADFD095E7029B09A9069A77
:1020100028469A1809920422FFF77EFD00288AD1EB
:10202000029B0AF1040A059A9342A7D1DDE906351D
:1020300003F580739D4206938BD800207DE7029ABA
:10204000A021069B11481344114A0BF057FC72E77C
:102050004FF0400C0021102366463CE7CDE90070AC
:1020600033460C4AA02109480BF048FC63E700BF47
:1020700098B903209CB9032000D72120F8C503207C
:10208000A4B9032083039D7398AC0320ECB803200C
:10209000BC1D0020FC1B00202DE9F04F93B004462E
:1020A0004FF0000C994609908E469048A0427CEB78
:1020B0000103C0F00981099B03F101088C4B1868EA
:1020C0004FEA8808033020F00300186010EB080185
:1020D000884B1C684CEB0C038C427CEB0303C0F078
:1020E000FB808044824B1060C3F80080C9F80080F8
:1020F00013680E93099B53EA0E0300F0D880DFF8B3
:10210000FCA165466446CDF820C0CDF834E0CDF89A
:102110003C90CDE90ACC082110A8FFF701FB00286C
:102120007ED1754BDDE910619E4271F1000377D2DB
:10213000B6F5806F71F100037CD231466F48FFF72E
:10214000EFFA00283DD10AF8060050460CF0F8FAE4
:10215000089A6B4BFF2C074643F8242004F1010238
:1021600047D0A7B30026DFF8AC910C92B34602E04B
:102170002644B7422AD9C5F58054BB1B09EB05009C
:102180000AEB06019C4228BF1C462544224608F063
:1021900039F9B5F5805FEBD1564A18F580534946B9
:1021A00010682A464BF10005984240467BEB050536
:1021B0002DD30793FFF7B0FCDDF81C8005460028FF
:1021C000D6D04FF0FF3013B0BDE8F08F0C9A089BCB
:1021D0000B993B4409980D9C08930A9B013341F1EC
:1021E00000010A938C4208BF98420B9131D01446EB
:1021F00091E70E9C4FF4806219462046FFF78CFC55
:102200000028DED104F5806302460E93A9E73D4D18
:102210003D4C0FCD0FC40FCD0FC42B682370D0E7FA
:10222000DDE90AC3394AA0213748CDE900C30BF0E4
:1022300065FBC6E7DDE90AC340F2FF30344A029687
:10224000CDE90310CDE900C3A0212F480BF056FBC8
:10225000B7E72B4B0899DDF83C9043F82210013288
:1022600092001DD18DB1234B18EB050118684FF07A
:10227000000343EB030288429341C8D32A464046F9
:102280002449FFF749FC00289BD11C9A002009999A
:10229000D9F800301160089A1344154A136092E788
:1022A0000E981749FFF738FC0028DBD089E7144B5C
:1022B00004220E981946C3F800C0FFF72DFC002831
:1022C0007FF47FAF0890E0E7134AA0210E48CDE9E4
:1022D000004E0BF013FB74E7CDE9000443460F4AB0
:1022E000A02109480BF00AFB6BE700BF00093D0085
:1022F00098B903209CB9032001000010F8C90320FD
:10230000A8BD0320301E0020ECB80320F01D0020E3
:10231000001E0020989A0320D01D0020FC1B0020E6
:1023200000487047ECB803206822002101480BF0F8
:102330005BBC00BF58ED00200F49682208B508F0CB
:1023400061F80D4991ED007B91ED024B91ED045B3D
:102350009FED076B37EE447B37EE457BB4EEC76BE2
:10236000F1EE10FA36FE076B80ED066B08BD00BF7C
:10237000000000000000000058ED002000286FDB86
:10238000454B30B51C6E83B0844202D8002003B0A8
:1023900030BD14460D460246D3E91A013F4BFFF704
:1023A00095FC0028F2DB3D4B1B78002BEED0002C77
:1023B000ECDD0020DFF8E4C0DFF8E4E04FF6FF7169
:1023C00021E003F0E002C02A2DD003F0F002E02A61
:1023D00048D00CF1010CBF23FF2284428DF8053058
:1023E000D5DD431C2A549C4253DD02309DF8052064
:1023F0008442EA54D4BF002201229CF80030002B12
:10240000C5D0002AC3D01A06DBD43EF813200CF145
:10241000010C8A421BD0431C2A549C421846D4BF4C
:1024200000220122E9E79B019CF8012003F4F863F4
:1024300002F03F0213430222B3F5007F944420D2FE
:102440003EF813208A42E6D17F2B1AD8DBB28442B1
:102450009DDD2B5401308442D4BF00220122CCE701
:10246000002070479CF8022002F03F0242EA03334A
:102470009CF80120920102F47C62134303229BB278
:10248000DAE79A0903F03F0362F03F0263F07F034B
:10249000A3E718460022B0E7A0DC0020C0C103205B
:1024A00098B403202DE9F04FDFF844B3D3B0DBF844
:1024B000A430002B00F044810378002B00F026822A
:1024C0004FF000099246CDE90A0989463C2B00F0FD
:1024D0003D810A9B1E78002E00F02C81272E00F0F3
:1024E0006481202E00F08881002226F02003413BE9
:1024F000DBB2192B04D9C6F3C713002B00F00482FA
:102500000A9B1A44104612F8011F21F02003413B98
:10251000192BF7D9C909F5D10A9BC3F101085C1E33
:102520008044AF4D0026DFF8CCE22946B4460DE0EA
:102530000120AB4A01F8403B02EB861201364645CA
:1025400002F800C013DAB6F5807F10D014F8013F0E
:1025500002203EF8133003F03F027F2B4FEA93171F
:1025600062F07F02E4D967F03F034A70E1E79D4BD8
:1025700005F14002039603EB861309920693039B31
:10258000012BCDE90C85CDE90E9A00F0AF804FF01C
:10259000FF316FF00043099E01254FF00008CDE99F
:1025A00004138F4B4746A84603EB871948460CF0A7
:1025B000C7F8044630460CF0C3F88246201822467D
:1025C0004946023082282DD831A807F01BFF0DEBB9
:1025D00004014FF02003601C0AF1010281F8C430AD
:1025E00031AB3146184407F00DFFDBF86430CBB156
:1025F00031A8DBF88410DBE91C230090DBF88000B5
:10260000FFF794FB00280DDB059A9042ACBF002336
:102610000123002B0CBF134603460593049B18BFF0
:102620003B4604930135039B4036AB42B9D1049B32
:102630005A1C5BD04FEA8318694C08F1400504EB43
:102640008319254448460CF07BF8064628460CF0D2
:1026500077F8331807463F2B48D8DBF87C3011ACAD
:102660003246494605932046DBF86830DBF878A00F
:102670000793DBF86C30089307F0C4FE7A1C2946F8
:10268000A01907F0BFFE059950460094DDE9072325
:10269000FFF74CFB002829DB20460CF051F82146BF
:1026A000421C484607F0AEFE049B039A0233934255
:1026B00012DA099B069F08EB03063446403635467E
:1026C000B7420FCD0FC40FCD0FC40FCD0FC495E887
:1026D0000F0084E80F00F0D1039B013B0393069B9E
:1026E000403B0693039B012B7FF451AF039EDDE932
:1026F0000C85DDE90E9A05EB86140B9EDBE91A23A7
:10270000DBE91E0100954035FFF710FB002804DBD4
:10271000B24515DD49F826000136AC42EED1002E57
:102720000B960DDB0A9B43440A930A9B1B78002BF4
:102730007FF4CCAEDDF82C90484653B0BDE8F08F66
:102740004FF0FF39484653B0BDE8F08F0A9B5B78E5
:102750007C2B7FF4BEAE0A9D234928460BF0D0FCAB
:1027600000283FF4B6AE841C651B3F2D3FF6B1AE8A
:102770002A460A9931A86D4407F044FE002285F8E4
:10278000C4200090DBE91A23DBE91E01FFF7CEFA33
:102790000028FFF69EAE0B9B9A45D1DD0B9B0A9459
:1027A00049F8230001330B93BFE7104F02249846EA
:1027B00007F11C0506E0AF423FF496AE38680BF017
:1027C000BFFF044639682246404604370BF0B8FA8A
:1027D0000028F0D1002CADD00A9BA0465C1EA0E6DC
:1027E0000CCE0320CCCD0320541E0020442A002010
:1027F000A0DC002098AA03200A9B5B785BB3A3F1BE
:102800000902D2B2172A67D8414921FA02F2D70742
:1028100047D5172100223E4BCB40DD0721D50A9B2F
:102820005C1EC3F10105224605EB020812F8010FF8
:102830003749A0F10903DBB2172B21FA03F123D8A2
:10284000C807F1D4B8F1010F23DCB8F1010FB8BF0C
:102850004FF0010865E61A4617212D4BCB40DD07E6
:10286000DDD40A9B9918A6F109032948DBB2172B7E
:1028700020FA03F033D8C40740D5012A0A9BB8BF19
:1028800001225C1E90464CE6B8F1010FDDDD002808
:10289000DBD008F1FF38B8F1010FB8BF4FF00108E5
:1028A0003FE60122A3F13001C9B2092906D9A3F1FB
:1028B00009011E46C9B21729ADD9D2E70A9B1A44AD
:1028C000114612F8013F303B092BF9D90A9BC3F19D
:1028D00001085C1E884424E61E46012205E626F017
:1028E0002003C6F3C710413BDBB2192BC5D9002822
:1028F000C3D1A6F13003DBB2092BBED911F8016FA9
:102900000132002EAFD1B8E73346CBE7994613E743
:1029100013008000000000002DE9F04F2DED028B28
:10292000ADF2C44D0024CDE904120B90002144F215
:10293000A8028B480BF058F941F210020021894897
:102940000BF052F9884B682221461C6030AD874B52
:1029500087481C70874B1C700BF046F9F7F780FA1C
:10296000854BC3E90001F7F781FA844B21464FF408
:10297000806218602846824B1C600BF035F94FF4DA
:102980008062FF217F480BF02FF9012150ABAEAAE6
:1029900043F8041F9342FBD105F5207305F52C7114
:1029A000012243F8042F9942FBD105F52D7305F55B
:1029B0007F70012243F8042F8342FBD12A1F00239A
:1029C000DFF8D8C16F4E114651F8044F1CB12CF8F6
:1029D000133026F81330814203F10103F4D10024AF
:1029E000DFF8B8E1DFF89CC1214604F5807352F8A6
:1029F000046F9BB226B901342EF811302CF8131055
:102A0000824201F10101F0D1042119A8FEF788FEEC
:102A1000002840F07B84199A5B4B9A4240F0768400
:102A200004211AA8FEF77CFE002840F055840821F6
:102A30001EA8FEF775FE002840F04E84082120A84D
:102A4000FEF76EFE002840F047841E994F4B1F9AF8
:102A50008B420A9270EB0202C0F06B85DDE920CE5A
:102A6000634570EB0E03C0F064855CEA0E031B90B7
:102A700000F0F285834624AC82460E91CDE906CE65
:102A8000082122A8FEF74CFE002840F0528254E9AB
:102A90000267802E77F1000380F04B823146284692
:102AA000FEF73EFE002840F0A082A85504211CA895
:102AB000FEF736FE8146002840F0AB82DDF87080DC
:102AC000B8F1090F19D026AB014628221846089301
:102AD0000BF08AF8B8F10C0F00F20F82DFE818F063
:102AE0005E016B017A0187019501A101AF01C3016C
:102AF000EA010D02E100E1004A0104211DA8FEF7F0
:102B00000FFE002840F0AC8308212046FEF708FEA7
:102B1000002840F0A5831D9B082B00F0F7800C2BAC
:102B20003ED91B4AA021134800950AF0E7FE049BFA
:102B30006BB1059B002B0ADD0E4B1B78002B40F080
:102B4000F681144B144ADDE904010AF0D7FE4FF078
:102B5000FF3420460DF2C44DBDEC028BBDE8F08F72
:102B6000A09C002048DD0020A0B90320BCB80320B1
:102B700058ED0020ECB80320382E01209CB903202A
:102B800098B9032098B4032047475546A086010012
:102B90000C1F0020581E0020801B002098AA032034
:102BA000BB4A52F82320002ABBD0D4E90031A3FB52
:102BB000020302FB0131FEF713FF002840F0A58459
:102BC0001BF1010BDDE906324AF1000A524508BF4C
:102BD0005B457FF455AF1B9B4E46AE4A0E9913667C
:102BE000002B00F03B850A9B0B4300F0318500234E
:102BF00015960DF1980B0E4606930993CDE9073310
:102C0000DFF8ACC25F46BCE80F000FC79CE80F00BE
:102C100087E80F00082122A8FEF782FD002840F077
:102C2000A28354E90273802F73F1000380F09B8329
:102C300039462846FEF774FD002840F0F284E85536
:102C400004211CA8FEF76CFD002840F0AA831C9FFD
:102C5000042F00F2A683002F00F0EF81DA460BEB81
:102C6000C70902E0CA4500F0E881504608210AF190
:102C7000080AFEF755FD0028F4D0049B002B3FF412
:102C800066AF059B002B7FF762AF834B1B78002B51
:102C900000F06383804B814ADDE904010AF02EFED7
:102CA00055E708212046FEF73BFD002840F025812E
:102CB0009FED757BD4E900830993482E77F10007D7
:102CC000BFF47EAF764B1B687F2B3FF779AF754F14
:102CD000721C2946DE0107EBC3108DED0C7B07F05B
:102CE00091FB099AC0F848802821C264089B6B4A6E
:102CF0009DED0C7B80ED147B06F1580038440AF002
:102D0000FDFD674A13680133136059E76649284699
:102D10000BF056FBD4E90067002800F027816349D7
:102D200028460BF04DFB002800F03F8156EA0703D0
:102D30003FF446AF26AAB84637460026CDE9082913
:102D40004FF0000908210898FEF7EAFC002840F03F
:102D5000C683DDE92601FEF743FE002840F0BF836D
:102D6000013649F10009C14508BFBE42EAD1DDF88C
:102D7000249025E708212046FEF7D2FC002840F0E9
:102D8000BC8094ED007B51EC170B8DED0C7B09F0B2
:102D9000A5FD804609919DED0C7B8EE70121204623
:102DA000FEF7BEFC002840F0A88094F8008009904F
:102DB0009FED357B81E701212046FEF7B1FC00281D
:102DC00040F09B8094F900804FEAE8739FED2E7BE2
:102DD000099372E702212046FEF7A2FC002840F08A
:102DE0008C80B4F8008009909FED277B65E7022175
:102DF0002046FEF795FC00287FD1B4F900804FEA09
:102E0000E8739FED217B099357E704212046FEF7E5
:102E100087FC002871D1D4F8008009909FED1A7BBF
:102E20004BE704212046FEF77BFC002865D1D4F84F
:102E300000804FEAE8739FED147B09933DE704217E
:102E40002046FEF76DFC002857D1D4ED007A2068AB
:102E5000B7EEE77A8DED0C7B09F02EFD80460991E7
:102E60009DED0C7B29E701212046FEF759FC002847
:102E700043D194F800800990B8EB00089FED027BE5
:102E800018BF4FF0010818E7000000000000000024
:102E9000E0060020A0DC0020ECB80320801B00200E
:102EA000A0B90320C0ED0020DC1E0020F41E00208D
:102EB0008002002008212046FEF732FCE8B9A14B31
:102EC000D4F800806268984572F1000315D2B8F119
:102ED000280F4146964672F1000C80F0DB8108987D
:102EE000CDF83CE00C920991FEF71AFC09990C9A76
:102EF000DDF83CE0002800F020822B46924AA02119
:102F000092480AF0FBFC049B002B3FF420AE059B8B
:102F1000002B7FF71CAE8D4B1B78002B00F02E830F
:102F20008A4B8B4ADDE904010AF0E8FC0FE6874B87
:102F300008E6884AA0218548CDF800B0CDF804A065
:102F40000AF0DCFC049B002B3FF401AE059B002B38
:102F50007FF7FDAD7D4B1B78002B40F09E817E4BB3
:102F60007B4ADDE904010AF0C9FCF0E51BAB304601
:102F700039460093794B1A1FFFF78EF800283FF46B
:102F80001FAE049B002B3FF4E2AD059B002B7FF7A7
:102F9000DEAD6E4B1B78002B00F0F6826B4B6C4A5B
:102FA000DDE904010AF0AAFCD1E56D4A3046394654
:102FB00002F1100300920C32FFF76EF800283FF484
:102FC000FFAD049B002B3FF4C2AD059B002B7FF7A8
:102FD000BEAD5E4B1B78002B00F036835B4B5C4A2A
:102FE000DDE904010AF08AFCB1E5049B002B3FF403
:102FF000AEAD059B002B7FF7AAAD544B1B78002B81
:1030000000F0AF81514B524ADDE904010AF076FC31
:103010009DE5049B002B3FF49AAD059B002B7FF7A9
:1030200096AD4A4B1B78002B00F09981474B484ADC
:10303000DDE904010AF062FC89E504211DA8FEF720
:103040006FFB002840F0268308212046FEF768FB2E
:10305000002840F01F83DBF80030284641490C93DC
:10306000DBF80430DDF874A00F93DBF80830109320
:10307000DBF80C301193DBF810301293DBF81430CE
:103080001393DBE906831493D4E9002343EC182B54
:103090000BF096F9002800F06882334928460BF0BF
:1030A0008FF9002800F0FB80304B2A689A4200F02C
:1030B000FE812F4B2A689A4200F0BA810C9B119A2C
:1030C000DDE90F0103FB02F201FB00221298A3FBD2
:1030D00001310A44139903FB01F100FB0211A3FB28
:1030E000003208981144149A03FB02F208FB0122F3
:1030F000A3FB08311B180A440999089342EB01020B
:10310000079B0A990992069A013243F1000306923D
:10311000994208BF964207937FF472AD159E154BF6
:10312000154A19681068DA685B68814612EB010B72
:1031300043F10007002840F34A82DFF840A0002452
:10314000D04621E001000010B01E0020ECB80320A2
:10315000801B0020981E0020581E00200CDD00203F
:1031600004DD0020781F00208C1F00206F75747014
:10317000626C6B2E48DD0020A0B90320C0ED00205A
:1031800001344C4500F09F824046974908F1800881
:103190000BF016F90028F3D10AEBC413934AD3E9D4
:1031A00012430692012C42E902B773F1000218DBC8
:1031B000584639462246984609F066FB11461A469B
:1031C00052EA01030DD014EB0B0447EB0803641A19
:1031D00063EB0203069AB9F1000F42E9024340F3A0
:1031E0000282834CA246079403E001364E4500F06C
:1031F000FA8120467F4980340BF0E2F80028F4D1B0
:103200000AEBC6137C4A28217C4858330AF076FB27
:103210007B497A480BF0D4F88146002840F0488476
:10322000784B6021784A28460093744B0AF066FB7D
:10323000764BD3F80080C84540F338846C4E4C463A
:1032400003E00134A04500F04D8230462946803627
:103250000BF0B6F80028F4D10AEBC414A36C42E2D8
:103260002B466B4AA0216B480AF048FB049B002BBD
:103270003FF46DAC059B002B7FF769AC654B1B7869
:10328000002B00F04081634B5B4ADDE904010AF04A
:1032900035FB5CE48646272121E65E4B60E63B4633
:1032A00051465A465C488DED008BFEF735F90028F3
:1032B0003FF404AF049800283FF449AC0599002975
:1032C0007FF745AC534B554C1A78002A08BF23466C
:1032D000494A0AF013FB3AE4514D4E4E0FCD3446A5
:1032E0000FC42B682370049B002B3FF430AC059B6C
:1032F000002B7FF72CAC3278484BDDE90401002A23
:1033000018BF33463C4A0AF0F9FA20E4454B414CD9
:103310000FCB84E80F00049B002B3FF418AC059BF7
:10332000002B7FF714AC2378002B55D02346324A6C
:10333000DDE904010AF0E2FA09E4089B5854B8EB0D
:10334000010062EB0E01FEF74BFB00287FF4D5ADC8
:10335000804609909FED227BAFE4304B9BE42F4BDE
:1033600065E62E4B4FE6069BA0212F4A0093079B54
:10337000284801930AF0C2FA049B002B3FF4E7AB04
:10338000059B002B7FF7E3AB224B1B78002B00F053
:10339000A781204B184ADDE904010AF0AFFAFFF7D4
:1033A000D6BB2B46214AA0211A480AF0A7FA049B53
:1033B000002B3FF4CCAB059B002B7FF7C8AB154B24
:1033C0001B78002B00F0DE80124B0B4ADDE9040174
:1033D0000AF094FAFFF7BBBB104BA8E7AFF30080ED
:1033E0000000000000000000EC1F002000DD0020B5
:1033F000C0ED002018200020801B0020BCB8032056
:10340000302000207020002068200020A0B9032078
:10341000C41E0020ECB80320B0DC0020581E0020A1
:10342000701E0020601E0020401F0020501F002042
:103430002B794FF0000CA3F13002D3B2092B3FF6E9
:103440003DAE31A90CEB8C0C084611F8013F02EBA4
:103450004C0CA3F130025FFA82FEBEF1090FF1D9E4
:103460002E2B7FF42BAEBCF1270F00F3A980831C19
:103470004FF000090E93A74BCDE9167BC346B0462B
:10348000664653F8391003EBC9070E9809F1010994
:103490000AF096FF9F4B00287AD0B9F10C0FF0D1BB
:1034A0002B469D4AA0219D480AF028FA02E7319A4E
:1034B0009B4B9A427FF4FDAD329A9A4B9A427FF42D
:1034C000F8ADBDF8CC30742B7FF4F3AD3B465146DC
:1034D0005A4695488DED008BFEF71EF8E7E6049BF3
:1034E000002B3FF434AB059B002B7FF730AB8B4BAD
:1034F0001B78002B4AD0894B8C4ADDE904010AF085
:10350000FDF9FFF724BB8A4BBEE6049B002B3FF47A
:103510001EAB059B002B7FF71AAB804B1B78002B53
:103520002ED07E4B814ADDE904010AF0E7F9FFF76E
:103530000EBB804D794E0FCD34460FC42B680498D6
:1035400024F8023B1B0C237000283FF400AB0599C4
:1035500000297FF7FCAA3278754B002A18BF334642
:10356000724A0AF0CBF9FFF7F2BA3B4651465A4687
:1035700071488DED008BFDF7CFFF98E66C4BD0E4E2
:103580006B4BCFE76A4B20E7694B08E5684BB3E725
:103590003A46B446169F464650684FF4CC72D84619
:1035A000DDF85CB002FB0CF23B465146303202447F
:1035B00062488DED008B10445A46FDF7ADFF76E66C
:1035C00063465F4AA02155480AF098F972E65D4BC0
:1035D0001BF01F014FF00002069343E902B702D02F
:1035E00020249046EFE54D4E574D34460FCD0FC485
:1035F00095E80300049B84E80300002B3FF4A7AA8E
:10360000059B002B7FF7A3AA3378494ADDE9040123
:10361000002B0CBF13463346444A0AF06FF9FFF7FC
:1036200096BA049B002B3FF492AA059B002B7FF7D0
:103630008EAA3A4B1B784BB1384B3C4ADDE904016A
:103640000AF05CF9FFF783BA394BC8E4384BF4E76A
:103650000A9B0891099362E53C4B18662F4E3C4D3E
:1036600034460FCD0FC495E8070003C404982270B8
:1036700000283FF46CAA059900297FF768AA3378DF
:103680002B4A002B0CBF13463346284A0AF036F962
:10369000FFF75DBA2B462F4AA02120480AF02EF9E9
:1036A000049B002B3FF453AA059B002B7FF74FAAE6
:1036B0001A4B1B7893B1194B1C4ADDE904010AF03F
:1036C0001DF9FFF744BA1F4B1BF01F014FF000021A
:1036D000069343E902B73FF484AD81E7144BEBE76F
:1036E000134B57E600231C4A6021DFF850B02846F0
:1036F0000092CBF80030194A194B0AF0FFF8194B29
:10370000D3F80080B8F1000F40F3AE81164E0024CC
:1037100030E000BF18070020D41F0020ECB80320C1
:1037200075742E7765696768D0DC0020801B0020E7
:10373000581E0020841E002090DC0020A09C002049
:10374000B81F002000DD002000200020A0DC0020A9
:10375000241F0020601F00207C2000206820002003
:10376000BCB80320A0B90320C0ED002001344445BB
:1037700000F07A813046294680360AF021FE002882
:10378000F4D10AEBC414A36CCBF804306021BA4B1B
:103790002846BA4A0093BA4B0AF0B0F8B94BD3F8AE
:1037A0000080B8F1000F40F36181B74E002403E0C0
:1037B0000134A04500F05A813046294680360AF08F
:1037C000FFFD0028F4D10AEBC414A36CCBF8083039
:1037D0006021AE4B2846A94A0093A94B0AF08EF807
:1037E000A84BD3F80080B8F1000F40F34181A64EFA
:1037F000002403E00134444500F03A813046294674
:1038000080360AF0DDFD0028F4D10AEBC414D4F8A8
:1038100048809F4B6021CBF80C8028460093974A44
:10382000974B0AF06BF8974B1F68002F10DD964EF0
:10383000002402E00134BC420AD0304629468036DA
:103840000AF0BEFD0028F5D10AEBC414D4F8488074
:10385000904B6021CBF8108028460093874A884B14
:103860000AF04CF8874BD3F80080B8F1000F40F312
:103870003881854E002403E00134444500F0318155
:103880003046294680360AF09BFD0028F4D10AEB29
:10389000C41494ED147BB7EEC77B7F4B60218BED96
:1038A0000A7A28460093754A754B0AF027F8754B3B
:1038B000D3F80080B8F1000F40F31681724E002457
:1038C00003E00134444500F00F813046294680363C
:1038D0000AF076FD0028F4D10AEBC41494ED147BB1
:1038E000B7EEC77BDBF800308BED0B7A002B00F0D6
:1038F0000581DBF80430002B00F00081DBF80C3090
:10390000002B00F0FB80DBF81030002B00F0F6807D
:10391000624B6021594A28460093594B09F0EEFF4B
:10392000584BD3F80080B8F1000F40F3E080564EBA
:10393000002403E00134444500F0D9803046294694
:1039400080360AF03DFD0028F4D10AEBC414A36CC4
:10395000002B00F0CC80DBF80C2003FB02F260218E
:103960002846CBE90532DBF8102003FB02F24C4B72
:10397000CBF81C200093414A414B09F0BFFF414B5B
:10398000D3F80080B8F1000F15DD3F4C03E009F1DA
:103990000109C1450FD02046294680340AF010FDA8
:1039A0000028F4D10AEBC913D3E91223012A73F1D9
:1039B000000380F2BF80DBF80840DBE90092DBE91E
:1039C0000310B9F1280F00F33082B2F5006F00F355
:1039D0002C82DBF81830B3F5006F0A9300F32582D0
:1039E000B4F52C5F00F32182DBF81C30B3F5007FC7
:1039F00000F31B82082800F31882102900F31582B7
:103A000091FBF0F300FB1316002E40F00E82254BC5
:103A10009B68002B00F0ED812249B8F1000F8B6C00
:103A20000C93B3FA83F34FEA53130B6551F80C3C34
:103A3000CBF8203040F3D480CDF838A00024124FCA
:103A4000924603E00134444500F09580384616491B
:103A500080370AF0B5FC0028F4D15246DDF838A0D2
:103A60000AEBC414A36C8BE000238DE60023ADE6C3
:103A70004FF00008CDE600BF902000206820002015
:103A8000BCB80320A0B90320C0ED0020A420002072
:103A9000BC200020D4200020F82000202C21002071
:103AA00044210020A0DC0020EC2100204B461AE637
:103AB000404BA021404A414809F020FF04980028CB
:103AC0003FF445A8059900297FF741A83B4B3C4CA2
:103AD0001A78002A08BF23463A4A09F00FFFFFF779
:103AE00036B89FED397AD8E69FED387AFAE6DBF8FA
:103AF0000C20DBF8043093FBF2F32EE72F4E344D0D
:103B000034460FCD0FC40FCD0FC42B68049823701B
:103B100000283FF41CA8059900297FF718A83378DE
:103B2000274A002B0CBF13463346264A09F0E6FE0F
:103B3000FFF70DB8214E274D34460FCD0FC40FCDE2
:103B40000FC495E8070003C4049824F8022B120C54
:103B5000227000283EF4FBAF059900297EF7F7AFED
:103B60003378174A002B0CBF13463346154A09F029
:103B7000C5FEFEF7ECBF52464FF0FF33DDF838A02C
:103B80001549574600249246C1F8883003E00134B5
:103B9000444500F06781079810490AF011FC079B23
:103BA000803307930028F2D1524607EBC41ADAF8A3
:103BB00048301CE0BCB8032038200020ECB80320BB
:103BC000581E0020801B0020BD37863500401C4653
:103BD0000821002054210020A0DC00200822002021
:103BE0004FF0FF33A049C1F888304FF0FF339E48B3
:103BF000069CC0F88C3054F808CC0368416813EB7D
:103C00000C03036054F8043C43EB010141600C9940
:103C100059B144F240045BF8041011EB0C014BF86D
:103C20000410416C43EB010141648F49896A00290A
:103C300000F0028244F220048C484FF0000A5BF846
:103C4000041011EB0C014BF80410416843EB010127
:103C5000B9F1000F416040F32781854CCDF81CA0DD
:103C600004F1E00004F1800104F1200704F14008B0
:103C7000E86104F580700E9104F16009286204F592
:103C80009070296104F1A001686204F5A0700C91A4
:103C9000AE46696104F1C001A86204F5B0702C6001
:103CA0006F60C5F80880C5F80C900F91A961E862B3
:103CB0005EF8041B886938B1086910EB0C000861D4
:103CC000486943EB000048613CA97145F0D10A996D
:103CD0002046684B0096FDF76BFC002840F097816A
:103CE00000963846644BDBF80420DBF81C10FDF727
:103CF0005FFC002840F08B81009640465F4BDBF86C
:103D00000420DBF81C10FDF753FC002840F07F81F5
:103D1000009648465A4BDBF81820DBF80410FDF7F4
:103D200047FC002840F073810096564B0E98DBE963
:103D30000121FDF73DFC002840F069810096524BBF
:103D40000C98DBE90121FDF733FC002840F05F818E
:103D500000964E4B0F98DBE90112FDF729FC002875
:103D600040F05581D4F8F83053B3D4F818313BB350
:103D70000E9A25AB2CA8CDF8A4902A920C9A2694E2
:103D80002B920F9ACDE92778079F2C9253F8042F96
:103D900051689842D268E1FB02A7F7D10136DBF8FF
:103DA00000300797B34240F38180069B04F5CC7442
:103DB000DBF81810DBF804200A9153E902C34FE73F
:103DC0003346334AA021334809F098FD049800286F
:103DD0003EF4BDAE059900297EF7B9AE2D4B2E4CB1
:103DE0001A78002A08BF23462C4A09F087FDFEF7FF
:103DF000AEBE2B4D274C0FCD0FC495E8030044F801
:103E0000040B0498217000283EF4A1AE0599B1423C
:103E10007EF79DAE1F4B204C1A78B24208BF234656
:103E20001E4A09F06BFDFEF792BECDE9021000922A
:103E30004B461C4AA0211748019409F05FFD0498E5
:103E400000283EF484AE059900297EF780AE114B20
:103E5000114C1A78002A08BF2346104A09F04EFD7B
:103E6000FEF775BE5246C0E6A0DC0020C0DC002094
:103E7000D09C00203C220020442200204C22002024
:103E800054220020602200206C2200207422002096
:103E900080220020ECB80320581E0020801B002048
:103EA000D421002080210020CDF81CA07148DBF82F
:103EB0000410036AA0F14002002B08BF0246936879
:103EC0008B4274D1136823F00401082902D00E2B11
:103ED00040F08580684B694CD3F8FC7F53680693AB
:103EE000D36800940A93231F53F8180C53E9041263
:103EF000FDF7DEFF0546002840F00182604B586E5A
:103F0000002840F0DE81DBF800305E4A8342D2F8C0
:103F1000009040F3C7805C4C29E0DBF8041004F10A
:103F20002000FDF74BFF04F1A80258BBDBF8181086
:103F300004F14000FDF742FF04F1AC0210BBDBF8D6
:103F40001C1004F16000FDF739FF04F1B002C8B99C
:103F500004F18000DBF81C10013504F5CC74FDF78A
:103F60002DFF78B9DBF80030AB4240F39B8004F1C1
:103F7000A002DBF804102046FDF720FF04F1A402A4
:103F80000028CAD0049B002B3EF4E1AD059B002B1A
:103F90007EF7DDAD3D4B3E4C1A78DDE90401002A89
:103FA00008BF23463B4A09F0A9FCFEF7D0BD3A4AB8
:103FB000A021364809F0A2FC049800283EF4C7ADC1
:103FC000059900297EF7C3AD304B314C1A78002A91
:103FD00008BF23462F4A09F091FCFEF7B8BD2F4ACF
:103FE000A0212A4809F08AFC049800283EF4AFADCD
:103FF000059900297EF7ABAD244B254C1A78002A91
:1040000008BF2346234A09F079FCFEF7A0BD049BB4
:10401000002B3EF49CAD059B002B7EF798AD1B4B0F
:104020001B4C1A78DDE90401002A08BF2346194A0F
:1040300009F064FCFEF78BBD144E194D34460FCDCC
:104040000FC495E8030044F8040B0498218000286D
:104050003EF47DAD059900297EF779AD33780C4AA1
:10406000002B0CBF134633460A4A09F047FCFEF703
:104070006EBD00BFD0DC0020A0CC00201CDD0020E5
:10408000A0DC002098B90320B09D0020ECB80320EC
:10409000581E0020801B002098220020B022002003
:1040A000242200209F4ADBF80410A2F14400FDF70F
:1040B00085FE0146002840F0F1809B4B1A689B4B1F
:1040C000D3F8008008F11003934280F0C780DBF83A
:1040D0000040103ADBF81C504FF0040EA2EB080031
:1040E000DBF81060E3172A464FEAE57CC6FB0E2C8E
:1040F00002FB03F304FB0C33A2FB042C9218634471
:104100005B4108F0C1FB40F6010203468C46904239
:1041100071F1000280F0BF80102871F10001C0F041
:104120009F8003FB04F48249CBF8243004FB05F0A4
:10413000FDF788FA00287CD104FB05F07D49FDF7E6
:1041400081FA002875D106FB04F47B49A000FDF735
:1041500079FA00286DD1A0007849FDF773FA04467A
:10416000002866D1714B764A1B680B98C2F8A030C4
:104170000123C2F8A430002854D017EB0A05079990
:104180004FF06002824641F10006214609F02CFD05
:104190006B4B06990A9FD3E92223E1FB0756CAE934
:1041A0000E56CAF82830664BDBF82450CAF8242093
:1041B000D3F8A0205B6ECAE91023A8EB0903A2EB99
:1041C0000802CAE91293DBF82030CAF82050CAF876
:1041D0001C30DBF80030CAF80030DBF80430CAF8D5
:1041E0000430DBF80830CAF80830DBF80C30CAF8C5
:1041F0000C30DBF81030CAF81030DBF81430DDE991
:104200000801CAF81430DBF81830CAF85020CAF890
:1042100018304C4BD3E90067CAE90C6708F0FEFA86
:10422000CAE9160168220021474809F0DDFCFEF7C3
:1042300090BC049B002B3EF48AAC059B002B7EF7C0
:1042400086AC424B424C1A78DDE90401002A08BFD3
:104250002346404A09F052FBFEF779BC03468446E8
:104260003D4AA02139480093CDF804C009F046FB2F
:10427000049800283EF46BAC059900297EF767ACE2
:10428000324B334C1A78002A08BF2346314A09F0D2
:1042900035FBFEF75CBC4FF4006342E7049800284E
:1042A0003EF455AC059900297EF751AC274B284CBC
:1042B0001A78002A08BF2346264A09F01FFBFEF79A
:1042C00046BC04F108030093231D53E90412FDF7D3
:1042D000EFFD00283FF417AE049800283EF437ACF9
:1042E0000599A9427EF733AC184B194C1A78AA42AB
:1042F00008BF2346174A09F001FBFEF728BC0498C3
:1043000000283EF424AC059900297EF720AC0F4B21
:104310000F4C1A78002A08BF23460E4A09F0EEFA1D
:10432000FEF715BCF4DC00209CB9032098B90320EB
:1043300030DD002034DD002038DD00203CDD0020B1
:10434000A0DC0020382E012058ED0020ECB803201E
:10435000581E0020801B0020C0220020DFF8A8C0CB
:1043600010B50CF5804E88B0DEF8A4E0BEF1000F69
:1043700045D0072943D840D0002840DBDCF8004076
:1043800084423CDD4FF4CC7E0DEB81010EFB00F04E
:1043900000F1300EE644CDF800E000F1500EE644A6
:1043A000CDF804E000F1700EE644CDF808E000F12D
:1043B000900EE644CDF80CE000F1B00EE644CDF8E6
:1043C00010E000F1D00EF030E6446044CDE905E0A5
:1043D0000968886998B1002091ED047B82ED007B2B
:1043E0000A681A600A9A4B6813600B9A8B6813600C
:1043F0000C9ACB68136008B010BD0249E9E74FF092
:10440000FF30F8E790DC0020A09C00202DE9F04F61
:104410000646B5482DED088BD0F8A40095B0269D32
:10442000002800F029850F920029B04A1F46039109
:10443000546AC0F21885A14280F21585002EC0F2A0
:104440000B85AA4B1B6AB34240F30685F5F714FDB2
:10445000A64BB0EE409B03F5804203F540581C4646
:10446000D8F8FC3FD2E9000202920299A04AE6FB8A
:10447000030126466468D6F81CA00A94D6E9044BCA
:104480000B94F4680294FDF70DF90346002840F000
:104490003083984A96490092D8F8F82FD8F8F00F50
:1044A000EDF7B8FD0646002840F01C83F5F7E4FC64
:1044B000914B30EE496B0A990993B0EE40AB4FEA4D
:1044C000810C93ED087B37EE067B83ED087B874BF1
:1044D0001A68B24240F3628403F1F004874B0B9AEE
:1044E00003EB8B03029910974FEA82090E93534610
:1044F000039FDA469B460896CDF834C0269591FB7B
:10450000F2F105910D9B93B10D9D7D492A46D4F89A
:10451000C000FDF7ADFA002840F0ED822A46794947
:10452000D4F8C400FDF7A4FA002840F0E482A36F99
:104530005BB16E4B9B699A0007D07349D4F8C800F1
:10454000FDF796FA002840F0D682D4F89830002B78
:1045500040F0EB82D4F8B8305BB15FEA8B0508D04D
:10456000D4F8D0002A466949FDF782FA002840F0C5
:10457000C2825E4D0A9995ED0A0A6148FDF750FB2B
:10458000634B64480193644B0093002354F8B82CA8
:10459000EDF740FF0022594BA4F1C000A969FDF7D7
:1045A0001FF90246002840F0A6825C4BA4F1A0004F
:1045B000E969FDF715F90246002840F09C82584B46
:1045C000A4F18000E969FDF70BF9002840F093821F
:1045D000F5F752FC099B30EE4AABB0EE408B93ED01
:1045E0000A7B37EE0A7B83ED0A7BA36F002B40F03A
:1045F000FC82D4F89830002B40F0B282D4F8B83066
:10460000002B40F00683394B5246029993ED0BAADA
:104610003B463A48B0EE4A0AFDF784F90B9DB0EEEE
:104620004A0A3B46524629463C48FDF77BF9002D95
:1046300031DD3B4E3B4B0025CDF818B0D3460493FB
:10464000B246394B07974F46DFF8E480A146002475
:10465000039332485B46354E013400EB8500DDE9BB
:104660000321FCF709FF5B4642460AEB85007119FE
:1046700008F10408FCF700FF049B5D445B440493CD
:10468000039B043303930B9BA342E2D14C46DA46CF
:10469000B946DDE906B7154B089A5B6A0493A3FB9C
:1046A0000232DB19BBF1000F4DD0104D1D4905F54D
:1046B0008046E869D6F8902000FB03205A46FDF7B3
:1046C0002BFA002840F017826B6A089AE869A3FB6E
:1046D0000232D6F894201549DB1903FB00205A4614
:1046E000FDF71AFA26E000BFA0DC0020A09C002005
:1046F00000D72120805A022058ED0020603002208F
:10470000405E0120407E01204036012040560120BD
:1047100080E50220807A022080BA0220409E01209B
:1047200060500220402E02204030022060580220BB
:10473000605A0220002840F0DE816B6A089A0493D8
:10474000A3FB0232DB19B9F1000F27D0BA4ABB49EB
:10475000126902FB03F3BA4AD2F898004A4600EB0A
:104760008300FDF7D9F9002840F0C581B24D089AC1
:104770006B6AB449A3FB02322A69DB1903FB02F21C
:1047800005F58043D3F89C0000EB82004A46FDF714
:10479000C3F9002840F0AF816B6A049307EE90AA3A
:1047A000B8EEE70AB5EE400AF1EE10FA00F14F83D9
:1047B000F1EEC07A7B1C00260C93B7EE007ACDE9AF
:1047C000114787EE27AA0C9B089D9C1B049B402C3D
:1047D000A3FB0503A8BF4024801904FB0BF292B190
:1047E000954F07F58043F969D3F8903001FB00300D
:1047F0009549FDF73DF9002840F07D817B6A0493DF
:10480000A3FB050380190B9B04FB03F39A0011D053
:10481000894D8E492B6903FB00F005F58043D3F8E1
:10482000983003EB8000FDF723F9002840F0638106
:104830006B6A0493029B002B4ADDA319DFF81CE28C
:1048400000220E9907930EEB8603814F9446069340
:104850001396059B039292FBF3F0079B0AFB00F56E
:1048600003EB0C06069B03EB8C04784B0EEB8606E1
:1048700003EB8000BAF1000F9FED767A10DD764BE6
:104880005A193B4612F9018FF3EC016A07EE908A40
:104890009942F8EEE77A67EEA67A37EE277AF1D1F9
:1048A000D0ED007A5D44484427EE277A27EE0A7A55
:1048B000A4EC017AA642DDD1049B07EB8A07039A98
:1048C00001EB8A019C44029B01329342C1D1139EA9
:1048D00040360C9BB3423FF776AF029B002BDDE9DD
:1048E00011474ADD049BF7EE00BA5C4D4FF000081B
:1048F0009B009FED58BA03932B1D03EB8706CDE970
:1049000006940C9B95ED00AA012B00F020812A1D36
:10491000F2EC017AF4EECA7AF1EE10FA37FE8AAAC6
:104920009642F5D1DFED4BAAA946002499ED000A85
:1049300030EE4A0A07F094F9A7427AEE80AA04F111
:104940000104A9EC010AF1DC8BEEAA7AAC46002046
:10495000DCED007A874200F1010067EE277AECEC8B
:10496000017AF5DC039A08F1010315441644029A12
:1049700098469A42C5D1DDE906942F4B9A69002AE0
:1049800004DD92000021364809F02EF9344B002650
:10499000049803EB8A0311970793089DA0FB050376
:1049A0000C9B9F1B402FA8BF4027801907FB0BF2D1
:1049B00092B1214BD96903F58043D3F8943001FBC0
:1049C00000302149FDF754F8002840F094801A4B3C
:1049D000586AA0FB050380190B9B07FB03F39A00A1
:1049E0000DD0154B19491B6903FB00F0144BD3F88C
:1049F0009C3003EB8000FDF73BF800287BD1029B45
:104A0000002B67DD0C4B0022B81907995B6A9446AE
:104A1000134F0493114B03EB8603CDE91246069323
:104A20000E4B00EB0C0EBAF1000F03EB8E0E069B43
:104A300003EB8C0416E000BFA09C00204030022055
:104A4000A0DC0020605A022040A60120402602205F
:104A500060300220000000003FA6012000D7222085
:104A6000807A02205ADD059BCDF80CA092FBF3F56D
:104A70006B4B0AFB05F603EB8505D4ED006AD5ED1B
:104A8000007A684B66EEA76A03EB060A3B461AF902
:104A9000018F93ED007A07EE908AF8EEE77A67EEE1
:104AA000A67A77EE877AE3EC017A8B42EFD1043471
:104AB0005E444D447445E0D1DDF80CA0049B013206
:104AC00007EB8A079C44029B01EB8A019342A7D122
:104AD000DDE9124640360C9BB34240F3B980524B9D
:104AE000586A5AE7D8F8F03FA021504A504808F0D9
:104AF00005FF504B0993F5F7BFF9099B30EE490BC1
:104B000093ED007B37EE007B83ED007B4FF0FF3BA6
:104B1000584615B0BDEC088BBDE8F08F231D083456
:104B20007345CBD07445F9D1C8E75FEA8B053FF4F4
:104B300020AD2A464049D4F8CC00FCF799FF002864
:104B4000D9D1D4F8B830002B7FF40AAD11E53AEE94
:104B50004A0A07F085F870EE0BAA85ED000AF3E625
:104B6000BBF1000F7FF74FAD344B4FEA8B05324A54
:104B700003EB8B01D3ED007AB2EC017A77EE877A02
:104B8000E3EC017A8B42F5D1D4F8B830002B3FF436
:104B90003AAD2B4E2B4A35443346D3ED007AB2EC76
:104BA000017A77EE877AE3EC017A9D42F5D11E4BCC
:104BB0005246029993ED0BAA3B462348B0EE4A0AAF
:104BC000FCF7B0FE0B9DB0EE4A0A3B465246294622
:104BD0001A48FCF7A7FE002D3FF72CAD124B089AA0
:104BE0005B6AA3FB0232DB195FE50F4B9A69002A6F
:104BF0007FF7FFAC144B154903EB8202D3ED007A2B
:104C0000B1EC017A77EE877AE3EC017A9342F5D141
:104C1000EFE4BBF1000F7FF7F6AC4FEA8B05B8E786
:104C2000402602203FA60120A09C00203C2300201B
:104C3000ECB8032058ED0020402E0120409E0120BA
:104C40006050022040560120603002204036012092
:104C5000119FF5F711F9099B30EE488B0A9DA4F1DD
:104C600060008B4AB0EE40AB8A4993ED0C7B37EE87
:104C7000087B83ED0C7B2B46FCF7A2FF00287FF41A
:104C80003AAF85420DDD844B0D98814A1918D3ED5A
:104C9000007AB2EC017A77EE877AE3EC017A8B4204
:104CA000F5D1F5F7E9F8099B30EE4AAB7B4DB0EE54
:104CB000408B0A997A4895ED0A0A93ED0E7B37EE00
:104CC0000A7B83ED0E7BFCF7ABFFAB687149A4F167
:104CD0004000744AFCF774FF00287FF40CAF6F4D5E
:104CE000A4F12000704AAB686A49FCF769FF00280C
:104CF0007FF401AFAE6886421BDD6A4DF7EE00AA75
:104D0000B846274605EB8606674C95ED00AAB1EE3E
:104D10004A0A06F0A5FF30EE2A7AF4EC016ACAEEE0
:104D2000077A67EEA67AE5EC017AB542EDD13C460A
:104D300047460A9B2046564A5A49FCF741FF00283D
:104D40007FF4D9AE0A9B83420DDD534B0D98504A38
:104D50001918D3ED007AB2EC017A77EE877AE3EC9A
:104D6000017A8B42F5D1F5F787F8099B30EE488B35
:104D7000089AB0EE40AB04F5CC74013293ED107B91
:104D8000089237EE087B83ED107B444B1B689342FF
:104D90003FF7B8ABDDF834C0269D109FBCF1000F83
:104DA00008D0424B62464249586DFCF761FE00282C
:104DB0007FF4A1AE394B0A9993ED0A0A3C48FCF7FF
:104DC0002FFF3A4BDFF810811A6D3A4C3A4BDFF85F
:104DD0000C91C8F8003023600023384EC9F8003029
:104DE0004FF0FF333360002A4FD035482B4B002261
:104DF00028491B6AFCF7E4FE834600287FF47BAE5B
:104E00000F9A12B1D9F80030136017B1D8F80030FA
:104E10003B600DB133682B60279B13B12368279A41
:104E20001360F5F729F8099C30EE4A0B94ED127BDC
:104E300037EE007B84ED127BF5F71EF830EE490B60
:104E400094ED007B37EE007B84ED007B60E606F09E
:104E5000DFFEF0EE407AADE433461A4AA0211A484C
:104E600008F04CFD52E6013C039B184AA021009437
:104E7000154808F043FD49E6154B134C0FCB07C40A
:104E80001A0C24F8023B227040E61248AEE700BF3D
:104E9000809A0220807A0220805A0220A09C002062
:104EA000407E01200083252000D72420A0DC0020A4
:104EB000405E0120E8B80320000080FF94B9032081
:104EC00090DC00201C230020ECB8032000230020ED
:104ED000F0220020D0DC0020E4B8032090B90320A9
:104EE00030B500F1240385B08C460446154693E89E
:104EF000070001AB83E807004FEA4C121946206A0D
:104F000001F0C8F8012806D12A4601A9206A01F05B
:104F10007DF805B030BD002005B030BD10B50446A9
:104F200000F01AFD002384F8313084F8333010BDCE
:104F300090F831C0BCF1000F01D00020704710B5CF
:104F400082B00C4638226146019008F04DFE0122E5
:104F5000019B402110461C6283F8332083F83110F6
:104F600002B010BD70B514460A781E460B46202AC2
:104F700004D113F801CFBCF1200FFAD02360A36055
:104F8000197881B32F2920D05A1C184DA1F1220C79
:104F90001F295FFA8CFC07D9BCF11D0F25FA0CFE06
:104FA00004D81EF0010F05D0002070BD01F0DF0312
:104FB0005C2BF9D02E29134602D0202918BFA260FD
:104FC00012F8011B79B12F29E0D113F801CFBCF100
:104FD000200FFAD0BCF12F0FF7D021463360BDE887
:104FE000704000F029BF2F29EFD0F6E701210035EE
:104FF0002DE9F04F90F8333083B00446DD076FD5CC
:1050000058060E46924640F1AA80D4E90023D4E91E
:1050100004101AEB020543F10003A94270EB0303ED
:10502000C0F0A380BAF1000F56D05546D4E9003243
:10503000276AD7F8381411EA030970D1134370D1E5
:1050400094F831305A064CBFD7F83414E169A161A5
:1050500097F845240239D7F82C34C9F3080B91404E
:1050600040F2FF1003EB59231944BBF1000F42D16A
:10507000854240D9D7F81C0281423CD0B5F5806FFB
:1050800056D301239340A3EB59296B0A994528BFB6
:10509000994681420AD801EB0903984206D207F5E6
:1050A0000470019104F008FD0199C8B1D7F8140209
:1050B0004B46324607687F69B84788B14FEA4929AD
:1050C0004B464E44D4E900125B1842F10002B5EBA6
:1050D0000905C4E90032ABD1504603B0BDE8F08FFA
:1050E00094F832304FF0FF3043F0020384F832304E
:1050F00003B0BDE8F08F002207F5047004F006FD50
:105100000028EDD0CBF5007900EB0B013046A94526
:1051100028BFA9464A4605F075F94B46D1E7A16973
:1051200096E794F83330A1695B060DD501318EE71F
:10513000D7F81402324603681B6998470028CFD07D
:105140004FF400739946BCE704F11802384600F0AA
:1051500079FF0028C4DB0BD0276AA16978E794F8AF
:10516000313019077FF55EAF4FE7A1EB020A59E72F
:1051700094F8313013F0500FB2D0AAEB050A504624
:10518000ABE700BFF0B583B00122044685690DF19D
:105190000701D0E90067FFF72BFF0128A5610CBFCD
:1051A0009DF807004FF0FF30C4E9006703B0F0BD81
:1051B0002DE9F04F044690F83110806983B08046A5
:1051C00000295BD0D4E900CE9E4508BF94455FD04E
:1051D00052EA030058D00F0704D5D4E90450954291
:1051E00098414BD3206A551E94F83360834690F85B
:1051F0004504009663F100060930C0B225FA00F9B3
:10520000C0F12007A0F12005BA4606FA07F701957C
:1052100026FA05F5009E49EA0709760649EA0505DA
:105220003AD41CF1FF3626FA00F04EF1FF365CEA64
:105230000E0E06FA0AF70097019F26FA07F6009F5E
:1052400040EA070040EA060001D0854228D249061C
:105250004CBFDBF83414E169A1611746994606E0BA
:10526000A169013D206A00F0EDFE002806DD04F191
:105270001802002DF4D13A464B4607E00020C4F84E
:10528000188003B0BDE8F08F0021A161C4E90023BC
:10529000012003B0BDE8F08FE1692944A161F5E781
:1052A0002D1ADAE72DE9F04F8DB00C461946064667
:1052B000009390F83130002B40F0D480904694F861
:1052C000312012F0500F00F0CD8001F00302032ACC
:1052D00000F0C880013201F008010A430192B8F1E0
:1052E000000F00F0C980D8F8102002F10E07AC4A78
:1052F000A2FB0727D4E90021FF080A4307F10207B0
:10530000FFB204D00022A3610023C4E900234FF0C0
:1053100000094D46202204A92046FFF769FE10B37C
:10532000202840F09F809DF910309DF81020002B20
:10533000C0F2A480B9F1000F04D12368A3F1200AC0
:10534000A3699B4609F10103DBB2B94538BF994611
:10535000002A00F01481202204A920460025FFF72E
:1053600047FE0028DCD1009B9A057BD5019BC3F347
:10537000400383F00103DB0774D4B8F1000F71D050
:10538000B94580F0618143464D46B0461E46202215
:1053900004A92046FFF72CFE6B1C002859D02028BA
:1053A0005FD125B92268A2F1200AA2699346DDB235
:1053B000BD42ECD33346464638220021304698465B
:1053C00094F8335008F010FC236AC5F3801533625B
:1053D000082386F82C5086F83130D8F80030C6E91A
:1053E00009BAC8F804300023A8F80C30002507F1EA
:1053F000FF3A0122E9B23046FFF772FD044688B356
:1054000090F90030002B2DDB2022002108F0ECFB6E
:10541000002D00F0C780012D00F0DD80C123A146E2
:105420001E3404F81E3CB8F80C3040461BB9D8E9CD
:1054300001239A4205D004F0A1FB29F8020F4C4544
:10544000F1D10135BD42D4D1304600F085FA054690
:105450000EE02046D4F8189000F0B6FA002840F08C
:105460009B80464600231D4686F8313086F833304F
:1054700028460DB0BDE8F08F032748E74DBBB9457E
:1054800038BFA946852A7FF445AF294638223046E1
:10549000012508F0A9FBBDF814309DF8112013F088
:1054A000100F03F0370386F8302043F0080208BFDE
:1054B000134686F831302368226A203B3262A269A3
:1054C000C6E9092394F83330C3F3801386F82C30EF
:1054D00020E7C02A23D0C12A7FF43DAF424604A969
:1054E000304600F083FCC0B1B8F80C30ABB9D8E955
:1054F00001329A4211D1009B1B05B3D4009B13F4D7
:10550000884F7DD196F833309F07B1D596F831306A
:10551000DC06A7D4D807ABD5A4E70546FAE69DF884
:105520001130019A990786F8332003D542F04003E1
:1055300086F83330099BF361DDE90623C6E90423CD
:10554000DDE90A23C6E90223B8F1000FD3D04FF0FA
:105550000003D8F81020A8F80C30D8F80030C8F8AC
:1055600004309DF813309A427FF4F5AEB8F8145029
:10557000BDF81430ED1AB5FA85F56D09CAE6B8F133
:10558000000F3FF46FAF009B98057FF56BAF019B59
:1055900099073FF5F5AE65E7C4F8189008E700BF36
:1055A00089888888852323703C4B86F830A084F84E
:1055B00001A01B68F3B10DF10B020DF10E0103A860
:1055C0009847BDF80C306381BDF80E3023819DF8FB
:1055D0000B30237535E74FF4E0732380019B63F0B4
:1055E0007F0386F83330D8F81030E370B8F8143001
:1055F000A38026E745F621436381E381638220E7A8
:1056000096F83130D9063FF52DAF13F001017FF444
:1056100029AF009A520534D596F8332097077FF5C5
:1056200021AF002B3FF41EAFD6E90032134304D064
:1056300000220023B161C6E90023304600F01CFAC5
:1056400000287FF415AF0DE738220021304694F88A
:10565000335008F0C9FA236AC5F380153362082372
:1056600086F82C5086F83130D8F80030C6E909BAEF
:10567000C8F804300023A8F80C30002F7FF4B6AE31
:10568000E2E6009B5C047FF5F3AE3046D6E90423E6
:10569000FFF78EFD00287FF4EBAEE3E66402032003
:1056A0002DE9F043002597B00E4690F83110019295
:1056B0001495ADF8145000293DD196F8311011F031
:1056C000500F38D099461378044615462F2B36D004
:1056D000002701AB02AA29462046FFF743FC50B33E
:1056E000019D2B78002B3ED0002302AA3146204694
:1056F000FFF7D8FDF8B1A44608AE04F13008DCF895
:1057000000000CF1100C5CF80C1CB6465CF8082C80
:1057100010365CF8043CC445AEE80F00EFD1DCF86D
:1057200000003060204600F017F908AE84F83170B0
:1057300084F83370CDE7002017B0BDE8F08315F88A
:10574000011F2F29FBD0366A38220195A1B92046C6
:1057500008F04AFA012340222662184684F83330C2
:1057600084F83120E8E74B4602AA31462046FFF78D
:1057700099FD17B0BDE8F083002108A808F034FABD
:105780000123109608AE8DF8533040238DF8513028
:105790009EE700BF19B101F58961FFF781BF084697
:1057A000704700BF8169F8B50446006A01B1013154
:1057B000012200F075FB0128074632D9012301467A
:1057C000206A1A4600F0CAFB054650B3A36994F854
:1057D00033204BB3510612D5591CB94218D022F0D0
:1057E0004002E16984F8332005E0206A00F076FC8D
:1057F0003146B0B1A3694E1C99423246F5D34FF001
:10580000FF323946206A00F069FC50B1A16911B934
:105810002846A761F8BD3A46206A00F05FFC0028E0
:10582000F6D100252846F8BD42F0400284F8332026
:10583000EEE700BFF0B5002783B006463C46394688
:1058400000223046FFF74CFB0546002855D0027871
:10585000C02A5BD0C12A22D0852A4ED196F8313099
:1058600003F0370383803B4B1B6883B10DF10302C8
:105870000DF1060101A898479DF803306B75BDF83E
:105880000630AB812B82BDF80430EB816B82326A2B
:1058900092F8103243F0010382F810322A78A2F114
:1058A00085000023B0FA80F04009E103012B01EBF1
:1058B00054010A4494B24FEAC43206D128B102EB33
:1058C0005402297904230A4494B20133202B01D0D5
:1058D000EA5CEAE7013796F83030F9B28B42AFD292
:1058E000012206F12401306A00F090FB28B1356AEC
:1058F0004480284604F0E0F8E8B996F832300020F9
:1059000043F0010386F8323003B0F0BD96F833203F
:10591000437852064CBF43F0020303F0FD0343708B
:10592000D6E90423C0E90223F3694361D6E90223DF
:10593000C0E90623ABE705F5047004F0BDF80028C4
:10594000DBD0D5F8400403681B6A98470028DBD1F8
:10595000D3E700BF6402032090F83120F2B190F940
:10596000331090F83320002912DB026A10B582B0A0
:1059700014460190104604F09FF8019B80B993F8FB
:105980003220002042F0010283F8322002B010BD24
:1059900002F07F0280F83320FFF74CBF01207047F0
:1059A00004F50470019304F087F8019B0028E6D009
:1059B000D4F840040268126A904710B1012002B086
:1059C00010BD019BDBE700BF70B590F83130054694
:1059D0005A064CD480682B6AD3F83C341844B0F192
:1059E000806F01D3002070BD2846FFF7DBFE002842
:1059F000F8D0286A0024AE6990F84534023E9E40F3
:105A0000D0F82C341E440522311900F5047004F03E
:105A10007DF84FF4007200210028E3D008F0E4F88C
:105A2000286A012390F845241C4493409C42EAD301
:105A300095F831305B0615D495F8332062F07F027B
:105A4000D5E9023185F83320D0F83C249B1841F188
:105A50000000AB60D5E90431E8609B1841F100011A
:105A6000C5E904312846BDE87040FFF775BF006AFC
:105A700000F02AFCAFE700BF90F833309A0764D5F6
:105A8000C169B9B313F0400C70B50446D0F818E002
:105A900082B0006A30D090F845C4A2680CF1090CBD
:105AA000E568013A5FFA8CFC45F1FF35CCF1200640
:105AB00022FA0CF2ACF1200C05FA06F625FA0CFCE1
:105AC000324342EA0C020132BEF1000F20D1C4F889
:105AD0001CE001918ABB63F07F03204694ED007BBC
:105AE00084F8333084ED027B84ED047BFFF734FFD0
:105AF00002B070BD01207047BEF1000F0FD10191BF
:105B0000C4F81CE000F00EFBE0B194F83330E2E79B
:105B10000139A1EB0E010A440EF10101D9E701AAF6
:105B20007146CDF804C000F08DFA00280ADB0ED1D2
:105B300001990029E9D0206AE4E7002300F00EFA79
:105B40000028E2D1002002B070BD002070474FF065
:105B5000FF32A169206A00F0C1FA0028E8D1F1E71C
:105B60002DE9F84F90F8333004469D0740F1AC80A2
:105B700093461A070E4600F12581D4E90031BBF1A6
:105B8000000F00F0D1805D464FF00109206AA16945
:105B9000D0F8382412EA03086CD1002900F0D5802F
:105BA00094F833305B0640F1ED80A268E368013A77
:105BB00043F1FF3C90F845340933DBB2C3F1200ECA
:105BC000DA40203B0CFA0EFE2CFA03F342EA0E02F6
:105BD0001A43E36913448B4240F2DB800131A16137
:105BE00090F845240239D0F82C3491401944B5F589
:105BF000007F72D3B5F5806FD0F81C32C0F0AB8057
:105C000009FA02F2A2EB08086A0A904528BF9046FA
:105C1000994204D808EB01029A4200F2CB80D0F8F6
:105C2000140243463246D0F800C0DCF828A0D04722
:105C3000002849D04FEA48284346A5EB08052268CA
:105C4000464461689B182269606941F100019A42EB
:105C50008841C4E9003102D3002D97D164E094F863
:105C6000332062F07F02C4E9043184F83320002D30
:105C70008CD159E090F845240239C8F3080A4FEA5C
:105C800058289140D0F82C3441441944BAF1000FFF
:105C9000ADD0012200F5047003F038FFA0B1CAF5C1
:105CA000007850443146A84528BFA846C244424621
:105CB00004F0A8FBBAF5007FBED1206A00F504709D
:105CC00003F0FAFE0028B7D194F83230002043F0F8
:105CD000010384F83230BDE8F88F226827696369D0
:105CE000BA42626872EB030333D2012200F50470FA
:105CF00003F00CFF0028E7D02A46314604F082FB6F
:105D000020696269D4E90031EB1841F10001984241
:105D10008A41C4E9003107D294F8332062F07F024F
:105D2000C4E9043184F83320D4E9020298428A415C
:105D300050D32D4B1B682BB194F8333063F07F03A5
:105D400084F833305846BDE8F88FE16949B3A16162
:105D500046E70522CAE7994206D1002380F81032AF
:105D60004FF0FF33C0F81C32D0F8140232460368FB
:105D70005B6A98470028A7D04FF40073A5F500751B
:105D800098465CE704F1180200F05CF900289BDB00
:105D900004D12046FFF706FD002895D0A169206AAE
:105DA0001EE72046FFF7FEFC00288DD0A169206A7F
:105DB000E16115E7002380F810324FF0FF33C0F89F
:105DC0001C322CE7D0E90423FFF7F2F900287FF416
:105DD000D4AE79E794F833205846C4E9023162F032
:105DE0007F0384F83330AEE7640203202DE9F041ED
:105DF00015460C4601F11E08AB89284634F8026F9F
:105E00001BB9D5E901239A420ED003F0B7FE03F087
:105E100027FF0746304603F023FF874209D1444558
:105E2000EAD10120BDE8F081B6FA86F04009BDE86C
:105E3000F0810020BDE8F08170B500230E460A68AD
:105E40004FF6FF7519461C46B3813361726015E049
:105E500003F094FEA84220D003F002FF3269E3036E
:105E6000B189013203EB5403326153FA80F3C3F377
:105E70004E0404EBC33404EB1024A4B230460029D2
:105E8000E6D1D6E901239A42E2D13069B4820138E1
:105E9000FE288CBF0020012070BD002070BD00BF17
:105EA0002DE9F84F8A4680469146002940D08F1E42
:105EB000D8F83034BB4241D907F007030125C7F3B6
:105EC000C80B9D403E463C46D8F82C140022404664
:105ED00001EB143103F01AFEE8B10BF1FF3C8444EE
:105EE00000F2FF101CF8011F0AE04A452AD0A74221
:105EF00010D0D8F83024A24214D913F0FF050CD0EA
:105F0000013429424FEA4503A4EB0602EDD0A74233
:105F10002646EED10120BDE8F88F84454FF00105FB
:105F2000E0D101E00026344601254FF0000BCBE71D
:105F3000D0F82074D8F83034BB42BDD800270125F2
:105F4000BB46BFE7BAF1000F04D1B9F1010F08BF9A
:105F5000C8F82064B01CBDE8F88F00BF2DE9F041FF
:105F600014468A1ED0F8305482B01119A9423BD889
:105F7000D0F82064002B3BD1B24238BFC0F82024B7
:105F800002F007011D4601230646C2F3C8078B40F5
:105F9000D0F82C1401EB123101223046019300910C
:105FA00003F0B4FD00B3009900EB070E00F5007894
:105FB000019B01319EF800C05A001CEA030F8CEAD5
:105FC000030C14BF01200020A8420DD0013C8EF824
:105FD00000C017D012F0FF03ECD10EF1010E1F46E6
:105FE0000123F045E6D1D7E7002002B0BDE8F081FB
:105FF000B242C5D8B142C3D9A94228BF0021C0F8D6
:106000002014BDE7012002B0BDE8F08138B50C4690
:106010000B6890F845C400F50470D0F82812023BD4
:10602000656803FA0CF3294003EB5123D0F81C12E6
:10603000194403F06BFD18B16368C3F308031844F7
:1060400038BD00BFD0F8303401338B4202D24FF05C
:10605000FF3070470B46D0F8241400F5047001EBB4
:10606000D31110B582B014460022019303F04EFD07
:1060700050B1019B9900C1F3080143585A1C07D045
:106080000120236002B010BD4FF0FF3002B010BD00
:106090000020F7E74B6870B5D0F838441C40134433
:1060A0004B60144490F845340933DBB2DC4012D025
:1060B00006460D46013C02E02A60013C0BD32968EC
:1060C0002B7A4A1C002BF7D12A463046FFF7BAFF3D
:1060D0000128F2D070BD012070BD00BF012904D994
:1060E000D0F8303401338B4201D2002070470B4688
:1060F000D0F8241400F5047001EBD31110B582B070
:1061000014460122019303F001FD024638B1019BC0
:1061100001209900C1F30801545002B010BD0020C5
:1061200002B010BD2DE9F04F05460C4683B04FF08C
:106130000008D5F830340F4601339C423DD8D5F8DD
:106140002414002205F504704FEAD41B01EBD4118E
:1061500003F0DCFC88B3A300C3F30803C258511C4E
:106160002FD0012C29D916464FF0010AD5F830243A
:106170000132944221D8D5F82414012205F5047087
:106180000193594403F0C2FCB8B1019B40F803806D
:10619000BAF1000F1AD0631CB34208D0E21B0023EF
:1061A000394628460132FFF7D9FE30B13746D5F8D7
:1061B0003034344601339C42C1D9002003B0BDE8DD
:1061C000F08F012CF9D94FF0000ACFE7E21B5346BC
:1061D000394628460132FFF7C1FE0028EDD003B052
:1061E000BDE8F08F70B5002304464FF0FF30154630
:1061F00082B01A46C4F840146160E060C4F814121A
:106200001946C4F81C0204F5047084F84434237061
:1062100084F8103203F07AFC042D0DD8034658B1EF
:10622000BDB1013D00EB051595F8BE2112F07F02CE
:1062300002D195F8C23113B9002002B070BDD5F873
:10624000C65104F50470294603F060FC034600289B
:10625000F2D005221B49D81C019307F071FD0028DC
:10626000EAD1019B93F86C20092AE5D11A6D014609
:106270002A44C4F824245A6DC4F828249A6D2A4468
:106280000125C4F82C24DA6DC4F830241A6EC4F841
:10629000342493F86D20C4F82004204602F1090349
:1062A00084F8452405FA03F35A1EC4F83C34C4F8B4
:1062B00038242A46FFF7F4FD4023284684F8443466
:1062C000BBE700BF28240020F8B5D0F830340546DD
:1062D000D0F8344401339C4207D9002695F8450490
:1062E0000930C0B206FA00F0F8BD002600F50477C8
:1062F000D5F8241400223846013601EBD41103F0FE
:1063000005FCA4000028E8D0C4F308040459631C69
:10631000E4D0D5F830340133A342DED3E8E700BF40
:10632000024630B552F8101F83B0044680680191D0
:1063300001F060F960B10199A37859B1013103F01E
:10634000BF0225698D4218BF134663F07F03A37017
:1063500003B030BD43F04003F7E700BFF8B5047861
:1063600014F0200404D11A4B054642699A4202D324
:1063700000263046F8BDFFF7D3FF06460028F7D0C9
:10638000A86803798279CBB12F694369023F9740AE
:106390001F4407E007F028FC0134A868E3B2027943
:1063A0009A420AD905223919283003F0AFFB4FF47D
:1063B000007200210028EDD1DAE782794FF40073F2
:1063C00069693046934011FA83F36B61F8BD00BFF1
:1063D00000FE1F0090F800C0BCF1000F01D00020AB
:1063E000704710B582B00C4624226146019007F038
:1063F000FBFB019B9C60E279102A06D0202A0BD07F
:106400000C2A02D0002002B010BD202101221970F8
:1064100010469A7002B010BD4021F7E72DE9F04F09
:10642000837883B00446DE0740F196809146027877
:106430000F46150700F19980900608D5A368598981
:106440006369C3EB41139BB2994528BF9946B9F1E3
:10645000000F7DD0636912F020004D464FF0000818
:10646000A668C3F3080B3FD0326A02EB5321BBF19D
:10647000000F57D1B5F5007F54D3736B8B4251D0C9
:10648000B5F5806FC0F0A28022784FEA552B9206B6
:1064900005D43279A2EB0802934528BF93468B427C
:1064A0000BD30BEB0102934207D206F128000191B6
:1064B00003F002FB019900284ED0F06A5B463A4691
:1064C00006687669B047002846D04FEA4B266369D4
:1064D000AD1B334463613BD022783744C3F3080BD0
:1064E000A66812F02000BFD196F8058008EA53286C
:1064F000BBF1000F40D1B8F1000F3DD1002B43D1CB
:1065000051064FF000084CBF336A236AB5F5007F8F
:106510002361A3F10203B179726903FA01F303EB7A
:106520000201AAD2002206F1280003F0EFFA98B186
:10653000CBF5007600EB0B013846AE4228BF2E4665
:10654000324603F05FFF6369AD1B33446361C3D11F
:10655000484603B0BDE8F08F63784FF0FF3043F05A
:106560000203637003B0BDE8F08FC36941695B1A31
:10657000994528BF99466AE72169B279736902395A
:1065800043449140194472E7120721690CD5A3785E
:106590005B0609D54B1C013980462361B3797269CA
:1065A00001FA03F3991865E704F11002304600F090
:1065B000FFFE0028D0DB13D0A6684FF00008236947
:1065C000B279023B93407269991853E7F06A3A46F0
:1065D00003681B6998470028BED04FF4007676E721
:1065E000237813F0700FB7D0A9EB05094846B0E740
:1065F00070B582B0012204460DF10701D0E90465AF
:10660000FFF70CFF01280CBF9DF807004FF0FF308B
:10661000C4E9046502B070BD436913F4F07F10B59E
:10662000044684B00BD0012909D103F12002426154
:10663000A06803F4F0733830184404B010BD012290
:106640000DF10F0120460193FFF7E8FE019B40B2D8
:10665000012803D162691F326261E9E70020ECE79B
:106660002DE9F0410269044603781746002B38D023
:106670000E464169B1423ED0002E36D0180729D5CA
:10668000E269B2422DD3D4F808C0751EA2789CF8F6
:10669000060012F0400F00F10900C0B225FA00F523
:1066A0002CD14A1EC24009B195422BD25B064CBF89
:1066B000DCF82030236A236106E02169013DA068EF
:1066C00000F076FE00280CDD04F11002002DF4D15C
:1066D000A2780CE09A06D6D5A3685B89B6EB431F77
:1066E000F6D900202761BDE8F0818278066122F0AA
:1066F00020026661A2700120BDE8F081236A2B446C
:106700002361F4E7AD1ADFE7F0B50E4683B0154616
:1067100000212422044601939DF8207007F064FABA
:10672000B068326AA58005F00F05C4E9020200F1E5
:10673000380202EB4512D17A0B072DD401F0170174
:10674000019B2170D57A15F0180F02D141F0080194
:10675000217003F00301E770012923D0022938D00A
:10676000D1B95F0518D403F0080141F00101A1700F
:10677000416B908AA161518B41EA00412162D2694B
:10678000E2615F0402D4012003B0F0BDE16920465C
:10679000FFF766FF0028F6D1002318462370A37088
:1067A00003B0F0BD02252178CE06F5D4C907F3D495
:1067B00003F008010D43A570416B968AA161518BCE
:1067C00041EA06415E05D9D529B965F07F05A57076
:1067D000D7E70325E7E7019300F050FF0028DBD05F
:1067E000A578019BF1E700BF0378002B5CD030B5A2
:1067F00090F9023085B00446002B0EDBA36803F14C
:1068000028001D4603F058F900283ED16378002087
:1068100043F00103637005B030BD80680122A169B7
:10682000283003F073F90028F0D0A38803F00F0399
:106830005A0100EB4313825CE52AE7D02278120765
:1068400001D5E269DA61226A1848110C5A83056899
:10685000998275B10DF10B020DF10E0103A80193A0
:10686000A847019BBDF80C20BDF80E101A835A8270
:10687000D982A37803F07F03A370A36803F12800F3
:106880001D4603F019F90028C0D005F50E7003F07D
:1068900013F90028BAD0286803681B6A98470028B3
:1068A000B4D0012005B030BD012070476402032040
:1068B00010B50446FFF798FF00232370A37010BDA6
:1068C0002DE9F041002594B00E460178ADF838501E
:1068D000CDE90125002935D1317811F0700F31D083
:1068E00098461378044615462F2B2DD000271CE020
:1068F000019D2D78002D40D000F062FBA6460DF1E1
:10690000080CF8B102AEBEE80F00ACE80F00BEE81C
:106910000F00DEF80050ACE80F002046CCF8005025
:10692000FFF762FF019D2770A770294601AB0BAAF4
:10693000204600F08BFC054600230BAA314620467A
:10694000002DD5D100201CE00135019529782F2993
:10695000FAD0B6682422B9B9204607F045F9A660F6
:10696000F379102B03D0202B22D00C2BEAD120223C
:10697000012322701846A37003E043460BAA00F0DF
:106980001FFB14B0BDE8F081002102A807F02CF92C
:106990000496F379102B03D0202B0BD00C2BD1D1E4
:1069A00020238DF80830012302AE8DF80A309DE7D0
:1069B0004022DDE74023F4E719B101F58961FFF7D3
:1069C0007FBF0846704700BF2DE9F0478378044633
:1069D0009D0740F1A58017461A070E4600F1D080AA
:1069E0006269D31980F09C80002F77D03D46A06863
:1069F000C2F30809216990F8058018EA522838D1B5
:106A0000B9F1000F35D1002974D0A3785B0677D592
:106A1000E369934274D90131216102398279436972
:106A200091401944B5F5007F43D3B5F5806F436BB2
:106A30007DD30279A2EB08086A0A904528BF9046E8
:106A4000994240F29180C06A43463246D0F800C075
:106A5000DCF82890C847002862D0A5EB48254FEA0B
:106A600048286169464408EB01026261002DBED1ED
:106A700034E0023982794369914019444144B9F1C3
:106A8000000FCFD00122283003F040F8002847D073
:106A9000C9F5007848443146A84528BFA846C144F6
:106AA000424603F0AFFCB9F5007F33D0A5EB0805F3
:106AB000D7E76269E3699A4220D2A37813F0200FE6
:106AC00014BF05220122283003F020F840B32A46E3
:106AD000314603F097FC62692A446261E36993429C
:106AE0005BD3314B1B681BB1A37863F07F03A370AA
:106AF00038461AE0216A71B321618EE70522E2E788
:106B000004F1100200F054FC002809DB3FD0A0681B
:106B1000216982E7A068283002F0CEFF0028C5D1A5
:106B20006378002043F001036370BDE8F087994269
:106B300005D1002380F828304FF0FF334363C06A4B
:106B4000324603685B6A98470028E9D0A5F50075CE
:106B50004FF4007885E72046FFF7E2FB0028DFD0FE
:106B60002169A068216258E708EB01029A427FF68A
:106B70006AAF002380F828304FF0FF33436362E7A9
:106B8000C169FFF76DFD00287FF42AAFC8E72046F2
:106B9000FFF7C6FB0028BAD1C2E7A3783846E26106
:106BA00063F07F03A370C0E7640203202DE9F04F78
:106BB00007468DB01446064689469C4603AD4FF005
:106BC000000E0FCF0FC50FCF0FC53B68A4F80CE028
:106BD0002B6023686360BCF1000F45D04FF0010AC1
:106BE000CDF804C0A9EB0A0103A889B24901FFF757
:106BF00037FD70B3002103A8FFF70EFD804640B3B8
:106C00004FF0000B10E002F0B9FF074628460BF1E9
:106C1000010B03F025F80546384603F021F88542BC
:106C200017D1BBF10D0F18D05FFA8BF241463046F9
:106C300000F086FBA38905462046002BE3D1D4E96A
:106C400001239A42DFD1B5FA85F040090DB0BDE8C5
:106C5000F08F00200DB0BDE8F08F0AF1010A019B12
:106C60005FFA8AFA5345BDD20120EFE72DE9F04FD4
:106C700007468BB015468A4699460DF1040C02F181
:106C8000150402F120064FF000080FCFACE80F000A
:106C90000FCFACE80F003B68CCF800304FEAC813C8
:106CA00014F8012F03EB5803B44213445FFA83F83E
:106CB000F4D12B6800276B60AF81B9F1000F56D07B
:106CC0000126AAEB060101A889B24901FFF7C8FC19
:106CD00000284DD0002101A8FFF79EFC002847D0D6
:106CE000039AB14500F1010B92F8283043F00103FB
:106CF00082F828300CBF49F040023246002380F869
:106D00000D8002701C460F224383A0F80B20A88937
:106D100018B9D5E901239A420ED0284602F02EFF79
:106D2000042C10D82BF8020B0134A8890028F4D1C8
:106D3000D5E901239A42F0D1EFB10137042C4FF687
:106D4000FF70FFB2EED90A2C05D8ABF8030001346E
:106D50000BF1020BDBE70C2CABF8050003D00BF1B9
:106D6000020B0C24D3E70136F6B2B145A9D20120BB
:106D70000BB0BDE8F08F0127D2E700BF02464FF00D
:106D8000203152F8163B2DE9F04FC0F816108468F8
:106D90005160C2F807101D782E2D03D113F8012F72
:106DA0002E2AFBD0611E99420BD90A4602E093427B
:106DB00000F0868092F800C01146013ABCF12E0F17
:106DC000F5D19C4279D94FF0000AB5F12E0C4FF065
:106DD00007074FF0080818BF4FF0010CD646D346FE
:106DE00007E001330A274FF0080E4FF010089C42CD
:106DF00053D91A782E2A08BF8B420CBF01260026D1
:106E0000EFD0222A37D07C2A35D0A2F15B09B9F124
:106E1000020F30D9A2F12A09B9F1050F8CBF002564
:106E200001252D2A08BF00252DBBA2F13A09B9F191
:106E3000050F20D9A2F12109B9F15D0F51D877458D
:106E400043D28B4294BF4FF0000C4FF0010C0A2F3D
:106E500008BF4CF0010CBCF1000F33D0837D202B18
:106E60002BD0037D012143F27E1203444175DA8267
:106E70000120BDE8F08F7745E3D35F220EF1010CCE
:106E8000864401338EF816205FFA8CF2B446062A47
:106E9000964698BF02759C42ABD8837D202B0CD0C0
:106EA000BCF1000FDDD00BEA0A03DBB2002B18BFE8
:106EB0004FF0020A80F815A0DAE70020BDE8F08F55
:106EC00019467EE70B46072791E7A2F16106192EC6
:106ED0000ED8203A4AEA08056646D2B25FFA85FA29
:106EE000CCE702F0C002802AC5D10133AC467EE770
:106EF000A2F14106192E664698BF4BEA080BBDE782
:106F00002DE9F04F01F11A0983B004466225CDF84E
:106F1000049001F11B0A0F7D4FF07E0801F1160667
:106F20004FF000098B46254B032F1B6828BF032712
:106F30004B440AEB07011FFA83F9019B03EB070C93
:106F4000ACF1030C09F00F034FEA1919092B03F1F7
:106F5000370298BF03F1300201F8012D8C45F1D1C1
:106F60000BEB07030021204683F81680FFF778FB20
:106F700001212046FFF750FB03460B2230461946FD
:106F80008BB193F800C0BCF1000F13D0DB7A1B0764
:106F9000EED406F055FD0028EAD1013D15F0FF05BD
:106FA000C1D1284603E06078B0FA80F0400903B010
:106FB000BDE8F08F012003B0BDE8F08F100E042073
:106FC0002DE9F04F0C788DB014F0700F55D0047887
:106FD000002C52D18C689A4D089414690C34A5FB8E
:106FE0000454C4F38705547DA407059500F0E4809C
:106FF00005F101085FFA88F80E464FF0000B1446C1
:107000000990002130460793DA4604925F46FFF765
:1070100027FBD94604F116035C46CDF818B003935C
:10702000756900213046FFF7F7FAC5F34F1503469F
:1070300000B30278E52A24D01AB3A04588BF002403
:107040002E2A32D0C17A0F2933D011F008012CD169
:10705000002F40F0D5800B22039906F0F1FC0028A8
:10706000DED1049B5B7D13F0010300F0E18001237E
:107070000693D5E77378002B36D000200DB0BDE81D
:10708000F08F631C002C08BFA946DBB2A04588BF67
:107090001C464AB30027C3E70AF1FF3A5FFA8AFAAF
:1070A000524502D1437B5B4510D0B2FA82F77F098B
:1070B000B6E7002FF0D102F01F0A05995145AFD174
:1070C00012F04007ACD090F80DB00F46BAF1010FA6
:1070D000A6D1691C3B46049A304689B2FFF766FD8B
:1070E000002808BF00279BE7079B9A05C5D503F03A
:1070F0000303013B012BC0D8002C60D1A946B8F195
:10710000000F62D1069B2BB104993046FFF7F8FEC1
:107110000028B2D008F1FF38049A30465FFA88F3AD
:1071200003EB09051F46ADB22946FFF79FFD002876
:10713000A3D069013046FFF793FA00289DD00021C3
:107140003046FFF769FA0446002896D02022002135
:1071500006F04AFD0499D1F81620D1F81A302260C1
:10716000636091F82030CA8BA37222814B7D03F0BB
:1071700018032373334B1B68002B5BD00DF12B02DC
:107180000DF12E010BA89847BDF82C302382BDF8D5
:107190002E30E3819DF82B306373089A92F82830E3
:1071A00043F0010382F82830079B2A4631460998AC
:1071B0000097FFF7A9FA61E74FF001081CE7A04527
:1071C00003D89FE7DCB2A0459CD900213046FFF7E9
:1071D00023FA631C0028F5D17378002B7FF44DAFA0
:1071E000A0458FD9089D05E02B7904EB0314E4B288
:1071F000A04587D93046FFF7B1F80028F4D13CE725
:10720000BAF1010F7FF439AF013803F10A02CB0163
:1072100003EB510310F8011F0B448242D9B2F6D19F
:107220008B457FF42AAF079B19053FF526AFBBE7D7
:107230001F46F8E745F621432383034B2361ACE760
:107240004FECC44E64020320215C215CF0B515466E
:107250000A781F4683B0202A0B4603D113F8012F6A
:10726000202AFBD02B601A78002A34D02F2A32D063
:107270000024234E06E002342C61AB601A7852B32E
:107280002F2A28D0191D184601AA02F09FFC034698
:1072900098B1019AB2F5803FEDD27F2A04F1010442
:1072A000EAD8D0B21F2808D9A0F12201C9B21D29FD
:1072B00006D826FA01F1C90706D5002003B0F0BDB3
:1072C00000F0DF005C28F8D02E2AD7D0202AD3D1B6
:1072D0001A78002AD4D12A69013AFE2AEDD81A7800
:1072E000202A03D113F8012F202AFBD02F2AF9D00E
:1072F00028463B6003B0BDE8F040FFF73FBD00BF4C
:10730000012100352DE9F843DDF82090A2B10C46AB
:1073100098460546571801E0BC420DD02B684946F7
:1073200020465E6AC0472146024628460134B047DF
:107330000028F1D1BDE8F8830120BDE8F88300BF43
:10734000042A04D801EB4201B1F8010070470A2A6F
:1073500003D801EB4201888870470C2A03D801EB5F
:107360004201C88870470020704700BF2DE9F843EC
:10737000DDE90898BBB10C46164605465F1803E0E8
:107380000134C847BC420ED02B68324621462846FD
:107390001B6998470346424631462046002BEFD1F1
:1073A0001846BDE8F88301231846BDE8F88300BFFE
:1073B000012941D9C3698B423ED30B46F0B5C1794F
:1073C00083B01646044620294CD0102966D00C29DB
:1073D00044D1C3F34E028169019312FA83F295B24C
:1073E000C2F346221144027A00F50E70A2F10202A5
:1073F00000910746B2FA82F25209520002F086FB6F
:1074000060B3C5F3080202F1010C835CBCF5007F98
:107410001D46DDE9001312D060440278DB0745EA1F
:1074200002224CBF1309C2F30B03E269934232D824
:107430000120336003B0F0BD4FF0FF307047227A77
:10744000013138460093A2F10202B2FA82F25209E7
:10745000520002F05BFB009B0028DED14FF0FF30B2
:1074600003B0F0BD027A816900F50E70A2F102024C
:10747000009301EBD311B2FA82F25209520002F0EA
:1074800045FB0028EAD0009BE269990001F4FE71F7
:1074900043589342CCD9002003B0F0BD027AC3F325
:1074A00007218069A2F102020093014404F50E70E5
:1074B000B2FA82F25209520002F028FB0028CDD025
:1074C000009B590001F4FF71435AAEE701293CD9F2
:1074D000C3698B4239D30B46F0B5C17983B01646E8
:1074E0000446202936D010294BD00C292FD1C3F3C4
:1074F0004E028169019312FA83F295B2C2F34622D9
:107500001144027A00F50E70022A009107460CBF62
:107510000322012202F0FAFAC8B1019BC5F3080266
:1075200040F2FF1C009913F0010302F1010E3ED15D
:10753000624586544AD0C6F307127044037823F09C
:107540000F0343EA1212027018E000207047002077
:1075500003B0F0BD027A816900F50E70022A009333
:1075600001EBD3110CBF0322012202F0CFFA002855
:10757000EDD0009B990001F4FE714650012003B04C
:10758000F0BD8269C3F3072100F50E70009311442A
:10759000227A022A0CBF0322012202F0B7FA002845
:1075A000D5D0009B590001F4FF714652E6E710F870
:1075B00002C0BEF5007F0CF00F0C4CEA061C00F870
:1075C00002C003D0320970440270D7E7227A013139
:1075D00038460093022A0CBF0322012202F096FAD9
:1075E0000028B4D0009BC6F30712002BA6D002706F
:1075F000C4E700BF2DE9F041C46882B005460E46DD
:107600008C4290462CD20C4600270134EB6901AA2B
:107610002846A34205D267BBEC6801273C44A3423D
:1076200027D3A642214624D0FFF7C2FE431C20D018
:107630000028EAD0019B002BE7D107B1EC606FF086
:10764000704221462846FFF741FF074688B14EB9F0
:107650006B6A002B01DB013B6B62C8F8004009E05C
:107660000127D2E7314622462846FFF72FFF0028A0
:10767000EED10027384602B0BDE8F08170B505466E
:1076800082B00C460FE0FFF721FF621EB0B16B6ABB
:10769000002B03F10103A8BF6B62EB68A342019CBE
:1076A00088BFEA605EB101AA21462846FFF780FE46
:1076B000064600222146731C2846E4D1002002B071
:1076C00070BD00BF30B503464FF0010C00201446DA
:1076D0004FF0FF3283B01960D871C3F80CC0D96283
:1076E00083F82800C3F83C125A6383F83802C3F8C1
:1076F000442204B3042C02D9002003B030BD02465A
:10770000014603F1280003F12805019302F0FEF978
:107710000028F1D06FF0704200F5DF70A21814015C
:1077200000EB021211790029E6D0015D4B06E3D18E
:107730009468019B01E003F12805002221462846B8
:10774000019302F0E3F90028D6D0B0F80B20B2F58F
:10775000007FD1D1027C019B511E1A720129CBD826
:1077600090F80DE00EF1FF32BEF1010F83F804E056
:107770005A7151D04FF0010C624652000CF10101D8
:10778000D2B2964507D05FFA81FCBCF1090FF4D163
:1077900008229A71B0E7654683F806C0B0F816C0B3
:1077A000C3F810C0BCF1000F03D1D0F824C0C3F857
:1077B00010C0C189B0F8112021445A815201996149
:1077C00090F810E002F2FF120CFB0E1101EB5222B6
:1077D0001962B0F813105A6101B9016AA41A62184B
:1077E000EA40511CD9614FF0FF31596240F6F47103
:1077F0008A420DD94FF6F4718A420BD9C16A202210
:1078000019620120DA71C3F830C0C3F840C274E7CE
:107810000C22F6E71022F4E7002215469A71BDE724
:10782000884230B5044683B020D0806B0D4618B135
:10783000FFF73EF8002841D1E06B18B1FDF76EFB71
:10784000002841D1AB6BA3B12146242000F0A6F85B
:10785000002384460360A063AD6B0FCDACE80F003E
:107860000FCDACE80F002B68CCF80030204603B0F9
:1078700030BDEA6B002AF9D021463820019300F090
:107880008DF8019B0363E063EB6B03F13002D3F8E7
:1078900000E0103353F80CCC103053F8085C53F868
:1078A000041C934240F810EC40F80CCC40F8085C03
:1078B00040F8041CEBD11B680360D7E70023A363E7
:1078C000AB6B002BC0D1D4E70023E363AB6B002B81
:1078D000BAD1CEE710B50446806B10B1FEF7E8FFD1
:1078E00028B9E06B10B1FDF719FB20B910BD0023DA
:1078F000A363012010BD0023E363FAE700294BD006
:10790000F0B50446806B83B01F4616460D4610B195
:10791000FEF7CEFF78BBE06B18B1FDF7FFFA002849
:1079200030D1D5F880348BB12146242000F036F8D0
:1079300000213B4632460160A063D5F88014FFF772
:107940003BF830BBA063002003B0F0BDD5F8842421
:10795000002AF8D021463820019300F01FF8019B3F
:10796000324603633B46D5F88414E063FDF712FF0B
:1079700078B9E063E7E70023A363D5F88034002BF0
:10798000D2D1E3E70023E363D5F88034002BCBD1D9
:10799000DCE7012003B0F0BD0020704708467047C7
:1079A0002DE9F041002604461F46C0F88814C0F8AF
:1079B000806401464FF490609046FFF7EFFF3A462F
:1079C000C0F844640546C0F87864C4F88404D4F868
:1079D0008814FEF707FC88BB06462146C4F88404D9
:1079E00040F26C40FFF7DAFF4FF40073C0F84864D0
:1079F0003A46A0F807300546D4F88814C4F8800445
:107A0000FFF760FE28B91A4AC4F880041060BDE888
:107A1000F08105F58960FEF74BFF294605F5896081
:107A2000FEF7D8FC0028EED0124B1A68AAB91D60E8
:107A30000F4BB8F1000F14D01C6015E005F58960FC
:107A4000FDF76CFA294605F58960FDF771FA002803
:107A5000C2D0094B1A68002AE9D0054BB8F1000FD3
:107A6000EAD11A68002AE7D00120BDE8F08100BF02
:107A70007C020320800203206802032010B5044624
:107A80000020DFF820C04FF47A7E60602073C4F8D5
:107A900008E0C4E91200204640F810CBFFF72EFFA3
:107AA000204610BDC42700204FF0FF30704700BFB4
:107AB000407C7047007D7047407D704701207047D3
:107AC000007F70472DE9F0411F46C37C06460D46F6
:107AD000022B144623D03368294630461B6E984744
:107AE00078B1B5617FB1002501E0AF420BD03368BA
:107AF000214630460135DB6D04F5007498470028B7
:107B0000F3D1BDE8F081B369307F3B44B361002815
:107B1000F7D1336830465B6EBDE8F04118478369A2
:107B20008B42D8D1DEE700BF2DE9F0471F46C37C6A
:107B300005469146022B0C46089E27D02B6821460D
:107B400028461B6E984798B1AC61B9F1000F11D06F
:107B500004EB090801E0A0450CD031462046B847A7
:107B60002B6801462846DB6D013498470028F2D186
:107B7000BDE8F087AB69287F4B44AB610028F7D1A3
:107B80002B6828465B6EBDE8F047184783698B4237
:107B9000D4D1DAE7704700BF043001F05FBF00BF07
:107BA00000B583B02021019002F0C6FC019803B01B
:107BB00000BD00BFF0B5204E83B00746346804F521
:107BC000167403E03368E31A1B0410D4381D01F067
:107BD00049FFFF28F6D10190FD21381D01F05CFF1F
:107BE000BA7CD2B900230120FB7403B0F0BD1E2281
:107BF000BB7C7A7413B9002003B0F0BD0121387C3E
:107C000001F06EFEFF21381D01F046FF381D01F026
:107C1000FDFE00230020BB74EEE70121387C01F05B
:107C20005FFE0199381D01F037FF381D01F0EEFEAF
:107C30000023BB74D6E700BF100E0420C37C012BC9
:107C40003BD0827C30B5044683B04AB1043001F0A9
:107C500009FFB0F1FF0318BF0123184603B030BD80
:107C60000430009201F0C8FE0099207C01F038FE3B
:107C7000FF21201D01F010FF0121201DA17401F042
:107C8000F1FEB0F1FF03A07C4FF0010118BF01230A
:107C9000009A0028E1D0207CCDE9003201F020FEDE
:107CA000FF21201D01F0F8FE201D01F0AFFE009B1A
:107CB000019A1846A27403B030BD002318467047DD
:107CC0002DE9F8431F4F0446884691463D6805F567
:107CD000967503E03B68EB1A1B040ED4201D01F0DF
:107CE000C1FEFF282075F5D0FE2819D01822A37CEC
:107CF00062743BB90020BDE8F8831D22A37C627446
:107D0000002BF7D00121207C01F0EAFDFF21201D8E
:107D100001F0C2FE201D01F079FE0023A374E9E703
:107D20004A464146201D01F0A9FE207538B9201DA4
:107D300001F098FE201D01F095FE0120DBE72522D1
:107D4000D5E700BF100E042030B50025044683B0EF
:107D50000C212A46C57400F063F8A27C90B912B9D0
:107D6000012003B030BD01210190207C01F0B8FD5D
:107D7000FF21201D01F090FE201D01F047FE019B18
:107D8000A374EDE70923637412B9002003B030BD7A
:107D90000121207C01F0A4FD201DFF21019001F0B4
:107DA0007BFE019801F032FEA574EEE7C37C022B46
:107DB00003D0012B04D00120704703685B6E184785
:107DC000FFF7C2BF02680346DFF850C010B50C468B
:107DD000116A82B0614513D190F813C0BCF1020F53
:107DE00006D0BCF1010F11D001201C7702B010BDEC
:107DF000526E01909047019B0028F5D102B010BD52
:107E000001908847019B0028F8D0EDE70190FFF72B
:107E10009BFF019B0028F1D0E6E700BFAD5E0100AB
:107E20002DE9F041036882B00F46344901920646BD
:107E30001A6A8A425DD1C27C022A43D0012A5AD0F2
:107E4000B47C351D002C43D00C2F10D0DFF8B0804F
:107E5000D8F8004004F5967404E0D8F80030E31A2E
:107E60001A0443D4284601F0FDFDFF28F5D10DF199
:107E7000040802AC47F04001284601F00DFE14F85A
:107E8000011D284601F008FEA045F8D1002F284624
:107E90004FF00A0414BF8721952101F0FDFD28460B
:107EA00001F0E0FD2846013C01F0DCFD0306A4B230
:107EB000307502D402B0BDE8F081002CF2D102B0DE
:107EC000BDE8F0815B6E98470028B9D1FF20F1E74B
:107ED000284601F091FD2146307C01F001FDFF2193
:107EE000284601F0D9FD0123B374ADE7002FBED0C1
:107EF000ECE79047E8E7FFF727FFE5E7AD5E010015
:107F0000100E0420F8B500220D463A210646FFF770
:107F100087FFD8B92C1D371D384601F0A3FD04F8A2
:107F2000010DA542F8D1B37C0BB90120F8BD0121A8
:107F3000307C01F0D5FCFF21384601F0ADFD38461C
:107F400001F064FD00230120B374EFE71222B37C3B
:107F500072740BB90020F8BD0121307C01F0C0FC27
:107F6000FF21301D01F098FD301D01F04FFD002371
:107F7000B374EFE770B5164682B000220446FFF7EF
:107F80004FFFA8B11B236374A37C1BB900231846C1
:107F900002B070BD0121207C01F0A2FCFF21201D58
:107FA00001F07AFD201D01F031FD0023A374EDE7FF
:107FB0000546102231462046FFF782FE0346002880
:107FC000E2D0A27C002AE2D001900121207C01F0C5
:107FD00087FC201DFF21009001F05EFD009801F05C
:107FE00015FD019BA574184602B070BD0368254AB3
:107FF000DB6C934200B585B00FD16A460921FFF7CB
:10800000B9FF40B19DF800303F2B09D903F0C00300
:10801000402B27D0002005B000BD69469847F0E707
:108020009DF806C09DF807009DF809100CF0030CA0
:108030009DF80A308000C1F301019DF80520C3F3CB
:10804000C01340EA8C2002F00F029DF808C043EAFA
:10805000410340EA9C1042FA83F30130073B984009
:1080600005B000BD9DF809009DF8073001309DF86E
:10807000082003F03F0300EB034000EB02208002E6
:1080800005B000BD1965010003680A46DFF860C04D
:108090009B6D634510B5044682B015D1407D032821
:1080A0004FF01201204618BF5202FFF7B9FE20B967
:1080B00001231846E37402B010BD0C22A37C627445
:1080C00033B9002002B010BD01919847019AE6E74C
:1080D0000121207C01F004FC201DFF21019001F012
:1080E000DBFC019801F092FC0023A374E9E700BFD8
:1080F000B95B0100F8B51F46C37C06460D46012B4F
:10810000144602D183698B4205D029463046FFF7D9
:10811000BBFF80B1B5617FB1002501E0AF420BD05C
:1081200021464FF400723046013504F50074FFF724
:10813000C7FD0028F2D1F8BDB369307F3B44B3617D
:108140000028F8D13046BDE8F840FFF7FDBD00BF7C
:108150002DE9F0479A46C37C06461546012B0C468E
:10816000DDF82080099F02D183698B4205D021462A
:108170003046FFF789FFB0B1B461BAF1000F15D0F6
:1081800004EB0A0903E00134C047A1450ED04FF4C7
:10819000007229463046FFF793FD03463A462946CA
:1081A0002046002BEFD10020BDE8F087B369307F77
:1081B0005344B3610028F7D13046BDE8F047FFF7DC
:1081C000C3BD00BF30B5046883B0164B64699C42E0
:1081D0001CD1C37C15460446012B02D18369994208
:1081E00006D020460191FFF74FFF019960B1A161D0
:1081F0004FF4007229462046FFF762FD20B1A369C3
:10820000207F0133A36138B103B030BD0123A44600
:1082100003B0BDE830406047204603B0BDE83040C1
:10822000FFF792BDF561010003680A46DFF860C000
:108230009B6D634510B5044682B015D1407D03287F
:108240004FF01901204618BF5202FFF7E9FD20B98F
:1082500002230120E37402B010BD0E22A37C6274DD
:1082600033B9002002B010BD01919847019AE6E7AA
:108270000121207C01F034FB201DFF21019001F041
:108280000BFC019801F0C2FB0023A374E9E700BFD7
:10829000B95B010003682DE9F041DB6C17463D4AEC
:1082A00084B004460E46934243D16A460921FFF743
:1082B00061FE0546B5B19DF80A305A0619D5637DB1
:1082C000032B01D076027F02324620212046FFF7A1
:1082D000A7FD28B93A4621212046FFF7A1FD60B34A
:1082E00026236374A37CB3B90025284604B0BDE8F7
:1082F000F081C3F305029DF80B30C3F3C01343EACA
:1083000042037A1C5BB232431342D8D027236374F2
:10831000A37C002BE8D00121207C01F0E1FAFF21B1
:10832000201D01F0B9FB201D01F070FB0023A37498
:10833000DAE7694698470546BCE70246262120460B
:10834000FFF76EFD0028CBD1134B42F210771B686C
:108350001F4404E0104B1B68FB1A1B0416D4201D9D
:1083600001F080FBFF280646F4D1A37C002BBCD093
:108370000121207C01F0B4FA3146201D01F08CFB74
:10838000201D01F043FB0023A374AEE72823637490
:10839000A8E700BF19650100100E042070B5002287
:1083A00082B00E460A210446FFF73AFDA8B11B230E
:1083B0006374A37C1BB90023184602B070BD012171
:1083C000207C01F08DFAFF21201D01F065FB201DAE
:1083D00001F01CFB0023A374EDE705461022314693
:1083E0002046FFF76DFC03460028E2D0A27C002A5D
:1083F000E2D001900121207C01F072FA201DFF21C2
:10840000009001F049FB009801F000FB019BA5746E
:10841000184602B070BD00BF70B5002282B00E4693
:1084200009210446FFF7FCFCA8B11B236374A37C5D
:108430001BB90023184602B070BD0121207C01F059
:108440004FFAFF21201D01F027FB201D01F0DEFA6D
:108450000023A374EDE70546102231462046FFF7BE
:108460002FFC03460028E2D0A27C002AE2D0019033
:108470000121207C01F034FA201DFF21009001F041
:108480000BFB009801F0C2FA019BA574184602B0DC
:1084900070BD00BF70B505461646043001F0FCFA09
:1084A0004FF400723146281D01F000FBFF21281D0A
:1084B00001F0F2FAFF21281D01F0EEFA281D01F06B
:1084C000D1FA00F01F032875052B05D02022AB7CC4
:1084D0006A741BB9002070BD012070BD0121287C89
:1084E00001F0FEF9FF21281D01F0D6FA281D01F048
:1084F0008DFA00230020AB74EDE700BF2DE9F041B9
:10850000164D074688462C6804F5167403E02B6860
:10851000E31A1B040CD4381D01F0A4FAFF28F6D18D
:108520004246FC213846FFF7B5FF18B1BDE8F0819F
:1085300024237B74BB7C13B90020BDE8F0810121AA
:10854000387C01F0CDF9FF21381D01F0A5FA381D66
:1085500001F05CFA00230020BB74EEE7100E04204B
:10856000036870B59B6D16460A46234982B00446DF
:108570008B423DD1407D03284FF01801204618BFA3
:108580005202FFF74DFC0546A8B10D236374A37C8E
:108590001BB90023184602B070BD0121207C01F0F8
:1085A0009FF9FF21201D01F077FA201D01F02EFA1E
:1085B0000023A374EDE73246FE212046FFF76AFF51
:1085C00003460028E3D0A27C002AE3D001900121D9
:1085D000207C01F085F9201DFF21009001F05CFA5C
:1085E000009801F013FA019BA574184602B070BD03
:1085F00000929847009ABEE7B95B010090F81CC052
:10860000BCF1000F09D0D0F800C0012300B5DCF8A0
:1086100028E0F4465DF804EB6047FFF7A1BF00BF18
:10862000002070470020704700207047704700BF4F
:10863000084B0021084A9963D3F830C00748C2F8B4
:1086400000C012681A639A6C22F081029A64017069
:10865000704700BF00002C405C0203203A0E04204B
:10866000034B586A80F08070C0F30060704700BF11
:1086700000002C40014B1878704700BF3A0E0420D0
:108680002D4A2E4B526AD3F800312D49C2F3C22233
:1086900003F03F03013230B52A4C4FF47A75A4FB46
:1086A000034305FB00F09B08B1FBF3FEBEFBF2FEAB
:1086B000B0EB1E1F3CD2082101231D465B001A01AE
:1086C000BEFBF2F2824201D90139F6D12D02BEFB86
:1086D000F3F2904228D259004FF0010C00E05918F3
:1086E000BEFBF1F282421CD90CF1010CBCF1100F5F
:1086F000F5D14FF0F00C4FF47A73134A134803FB93
:1087000001F1BEFBF1F10160D36A6FF3131343EA89
:108710000C032B4343F46023D362536A1B07FCD53D
:1087200030BD4FEA0C1CE6E719464FF0000CE2E7BB
:10873000724600250123CCE700C00F4000800D40A9
:1087400000EC695EABAAAAAA00002C4048F0022007
:10875000014B1878704700BF96370020014B18680E
:10876000704700BF5C020320DFF81CC000B58E46D6
:10877000BCE80F00CEF800000120CEF80410CEF8BF
:108780000820CEF80C3000BD24020320DFF81CC006
:1087900000B58E46BCE80F00CEF800000120CEF8F0
:1087A0000410CEF80820CEF80C3000BD34020320AF
:1087B000024B01201B680B60704700BF440203207E
:1087C000704700BF00B583B00C21019001F0B4FEEA
:1087D000019803B000BD00BF044B1B7823B1044BCC
:1087E00018780230C0B2704701207047330E042061
:1087F000340E0420194B1A783F2A11D902F0C00216
:10880000402A01D000207047587ADA79197A01306D
:1088100002F03F0300EB034000EB012080027047B1
:108820009979D87993F809C001F003019A7A800008
:10883000CCF3010CC2F3C01240EA8120597900B593
:1088400093F808E042EA4C0301F00F0240EA9E1060
:1088500042FA83F30130073B984000BD3402032005
:10886000424A0520424B434910B5D2F8004182B03C
:1088700044F08004C2F80041D2F8004124F03F04E3
:10888000C2F80041D2F8004144F01804C2F8004197
:10889000D2F8004124F08004C2F80041D3F88020CF
:1088A000354C42F00C02C3F880205A6A22F4605220
:1088B0005A62DA6942F48032DA615A6A42F400623A
:1088C0005A62C1F8CC01C1F8D001C1F8BC01C1F8AD
:1088D000C001C1F8C401C1F8C801A26C274B42F025
:1088E0000042A264E26A1343E362E36A13F0807316
:1088F000FBD14FF4C8700193FFF7C2FE019B1D4AE4
:1089000047F2B80141F2B800C2F8CC31C2F8D03118
:10891000C2F8BC31C2F8C031C2F8C431C2F8C831A3
:10892000C2F8BC13164BC2F8C013C2F8AC13C2F89D
:10893000B003C2F8B4131348C2F8B813124A606304
:10894000C3F8F8214FF0E0234FF480420F49602034
:1089500081F86E00C3F80C21E36A074A43F0006314
:10896000E362D36A1B01FCD402B010BD00800D404D
:1089700000C00F4000801F4000002C40008000011C
:10898000003800200B007F113167010000E400E097
:108990002DE9F843DFF8848098F8003013B90120FE
:1089A000BDE8F88301F098FC154D0746154C164EAE
:1089B00004E001F091FCC01BB04219D82B6B13EA04
:1089C0000409F6D00022114B88F800202A6B1A60A7
:1089D00019680F4A29631B681342E0D00D491F2410
:1089E0000D4B40F27A2200200C701A60BDE8F8832B
:1089F0002A6B064B88F800901A601B682B63EDE722
:108A000000002C4002007F1140420F005C02032056
:108A100000007F11963700204CF00220350E042014
:108A20002DE9F0418846FFF7B3FF00283FD0224BE5
:108A300004465A6AD1052AD51F4D204EAB6A43F42D
:108A40008033AB6201F048FC074604E001F044FCCF
:108A5000C01BB04224D86B6A5A05F7D508F13C0C0C
:108A600008F50F7014494B6A5B05FCD5ACF1400367
:108A700053F8042F63450A62FAD103F1400C844590
:108A8000F1D10F4B012220461A70BDE8F0819A6A9D
:108A900022F480329A629A6A42F400329A62CBE7F8
:108AA00008492120084B4FF47E7208701A60002498
:108AB0002046BDE8F08100BF00002C4040420F007E
:108AC000350E0420963700204CF002202DE9F041AD
:108AD000074688461F4C01F0FFFB1F4D064604E089
:108AE00001F0FAFB801BA84228D8636AD907F7D4A3
:108AF000BB02C4F8088024D427F0FF07154C174D9B
:108B0000E76001F0E9FB144E074604E001F0E4FBE6
:108B1000C01BB04212D8236B2B42F7D0226B104BF4
:108B20001A601A6822631A68D20707D51B6813F403
:108B3000702F0CBF01200020BDE8F0810020BDE8AF
:108B4000F081A26CFBB222F0FF02A264A26C13437C
:108B5000A364D1E700002C4040420F0001000F0049
:108B60005C020320134B10B50C4684B01968FFF764
:108B7000ADFFE0B1104BA4461A690092596901910A
:108B800099690291D96901230CF80E2F039123F002
:108B9000030203F0030101336A44C9000F2B12687A
:108BA00022FA01F20CF8012DF1D10023E37304B095
:108BB00010BD00BF4802032000002C40037ADB07F1
:108BC00003D5174B1B68A3B11847164B1B783BB94D
:108BD000154B5B6A83F08073C3F3006318467047DC
:108BE000114A124B126B1340B3FA83F35B09184618
:108BF00070470F4B1B78002BF0D00E4A0E481168BF
:108C000000B583B00193FFF761FF019B28B1064BCC
:108C10001B6983F48073C3F30023184603B000BDBF
:108C200058020320350E042000002C4002007F1162
:108C3000320E04204802032000001A0D08B5044B30
:108C400004481968FFF742FF08B1034B186908BDD3
:108C50004802032000001A0D00002C4008B5074B05
:108C600007481968FFF732FF30B1064B186980F4E6
:108C70008070C0F3002008BD012008BD4802032019
:108C800000001A0D00002C402DE9F843244B8946C2
:108C9000244D254C2B6001F01FFBDFF8A880074610
:108CA000224E06E001F018FBC01BB04223D802F0B0
:108CB00017FE21681E48FFF709FF0028F2D0D8F8F8
:108CC0001030DB05EED500234FF400722B60D8F88E
:108CD000283023F48033C8F82830164BC8F8042015
:108CE0001B78A3B149461448FFF7F0FE68B90E227D
:108CF00040F2574304E000210A2240F24B4329602E
:108D00000E4C00200E4922700B60BDE8F8834FEA3C
:108D1000492909484946FFF7D9FE0028F5D1E6E779
:108D20005D6D0100580203204802032040420F00FD
:108D300000001A0D340E042020003A199637002046
:108D40004CF0022000002C40F8B5214C00212148B5
:108D5000A36A23F48033A362FFF7B8FE48B909225F
:108D600040F23D231C4800251C4902700B60284638
:108D7000F8BD1B4B05461B4A136001F0ADFA636A50
:108D80000646D80112D4184F04E002F0A9FD636A28
:108D9000D9010BD401F0A0FA831BBB42F5D9002105
:108DA00010480A224FF410730160DBE70022084BE1
:108DB0000C490A605A6A9207D9D5586B9A6AD96ADF
:108DC00022F4803241F08061D96258639A62CEE722
:108DD00000002C400000DB0C963700204CF00220F5
:108DE000616701005802032040420F0012F0030F98
:108DF00000D143B93C4925203C4B40F2F5120870A4
:108E000000201A6070472DE9F04114461F46384A89
:108E10000E46384B8046136001F05EFA054607E0C7
:108E200001F05AFA344B401B984229D802F058FD01
:108E3000324B33481968FFF749FE0028F0D0314B18
:108E40001B69DA05ECD5002229492F4B0A60012164
:108E50002E4803EA0743017043F400732C490A606B
:108E6000284A146053602B4B93632B4B1B7893B1B0
:108E700031464046FFF72AFE78B90020BDE8F08170
:108E8000194A0A210020194B194C11704FF4FC7239
:108E900020601A60F1E77602EAE7204B144A13607B
:108EA00001F01AFA194B05461B787BB1124C04E00D
:108EB00002F016FD154B1B7843B101F00DFA401B73
:108EC000A042F5D900230A4A1360D6E710491A4692
:108ED00007480B6802609B07CFD50A68104B1A42FF
:108EE0000CBF01200020C9E7963700204CF002207B
:108EF000580203205D6D010040420F00480203202C
:108F000000001A0D00002C400000FF1F3A0E042044
:108F10005C02032002007F11340E042075670100FB
:108F200000007F11F8B50646007A0C461546C007CA
:108F30001F4613D483B10F4401E0BC420CD0336808
:108F40002A46214630461B69013405F500759847CD
:108F50000028F2D10020F8BD0120F8BD900712D002
:108F6000002BF9D00F4401E0A742F5D033682A4620
:108F7000214630461B69013405F5007598470028E5
:108F8000F2D10020E7E70648FFF730FF0028E3D1E1
:108F900004490C20044B40F2A13208701A60D9E752
:108FA00037003A12963700204CF00220F8B50646FA
:108FB000007A0C461546C0071F4613D483B10F44F0
:108FC00001E0BC420CD033682A46214630465B6A39
:108FD000013405F5007598470028F2D10020F8BD4E
:108FE0000120F8BD900712D0002BF9D00F4401E00A
:108FF000A742F5D033682A46214630465B6A0134E1
:1090000005F5007598470028F2D10020E7E70648EB
:10901000FFF7ECFE0028E3D104490E20044B40F298
:109020003D4208701A60D9E727003A1996370020A8
:109030004CF002202DE9F843814688462E4C01F081
:109040004BF92E4F06462E4D04E001F045F9801BEA
:10905000A84225D821682B48FFF738FD0028F4D016
:109060003B69DA05F1D50123274E284A494633707A
:10907000002327481360274BC7F800807B60264BEE
:10908000BB63FFF723FD074670B9042240F29F132C
:1090900022480027224902700B603846BDE8F88359
:1090A0000A224FF4CC73F3E71E4B1F4A136001F002
:1090B00013F9337804468BB1114D03E002F010FC34
:1090C00033785BB101F008F9031BAB42F6D90023FA
:1090D000154A136025224FF4D173D9E71A460B4B7A
:1090E00011491B680A609B07F4D5084B1A680F4B9F
:1090F0001A42EFD1D1E700BF4802032000002C4004
:1091000040420F0000001A0D3A0E04205C020320BA
:1091100011003A064000010002007F11963700203E
:109120004CF00220756701005802032000007F11F7
:109130002B4B987A10B5440682B012D4DB7AC0F378
:10914000050002F1010CC3F3C0134CEA010C43EA21
:1091500040035BB213EA0C0F03D0272240F2023324
:109160000CE0204B1B780BB9490252021E480192B9
:10917000FFF7ACFC58B90F2240F20A33DFF888C081
:1091800000201A498CF800200B6002B010BD019934
:109190001748FFF79BFC18B9102240F20D33EDE79A
:1091A00000211448FFF792FC18B911224FF44473C0
:1091B000E4E701F091F804460F4B10481968FFF7F7
:1091C00085FC18B10E4B1B69DB05DED401F084F879
:1091D0000C4B001B9842EFD9282240F21333CDE705
:1091E00034020320340E042000001A204CF0022028
:1091F00000001A2100001B264802032000001A0D5F
:1092000000002C4040420F00963700202DE9F0432B
:109210004FF00008884D894E93B0894C894F0172F8
:1092200080F8098085F8008086F8008084F8008046
:1092300087F80080FFF714FB41464046FFF746FCE5
:10924000E8B14FF003084FF4D5717F48FFF73EFCBB
:1092500000284CD1B8F10108F5D13B78002B3AD069
:10926000DFF82C9201F038F8784F804600217848DA
:10927000FFF72CFC70B917224FF42A7302E0012289
:1092800040F28E237349002432700B60204613B0E5
:10929000BDE8F08349467048FFF718FC0028EAD083
:1092A00001F01AF8A0EB08006C4BB842E3D81A6939
:1092B000002ADBDA19696A4A11601B695A0001D574
:1092C0000123237000216748FFF700FCD8B9022270
:1092D00040F2B123D6E7FFF7C3FA41464046FFF715
:1092E000F5FB3B78002BBBD14FF44019BAE75B4B41
:1092F0001B69B3F5D57F03D006224FF42573C1E770
:1093000001233B70ACE700215748FFF7DFFB18B99A
:1093100003224FF42D73B5E7504F544C3B69544929
:109320006FF30F0353482360FFF71CFC18B90722A3
:1093300040F2B923A6E750495048FFF713FC18B98B
:1093400008224FF42F739DE721684D48FFF7BEFBBD
:1093500018B9052240F2BF2394E721683C48FFF783
:10936000B5FB18B9142240F2C3238BE7022145480C
:10937000FFF7ACFB04460028F4D0BB6A02A96FF0EB
:109380007F4023F00603BB62BB6A43F00203BB626B
:109390004FF010137B64FFF74DFE9DF815309B07CF
:1093A00047D5002845D02B4F02A937483A6896F890
:1093B00000800192FFF73EFE9DF81830019A03F0FD
:1093C0000F03012B32D188B34CF250302F4E0523BE
:1093D000C6F8CC31C6F8D031C6F8BC31C6F8C031B9
:1093E000C6F8C431C6F8C831FFF74AF9002347F27E
:1093F000B802C6F8CC31C6F8D031C6F8BC31C6F8D0
:10940000C031C6F8C431C6F8C83141F2B803C6F855
:10941000BC23C6F8C023C6F8AC23C6F8B03301237A
:10942000C6F8B423C6F8B8232B702FE786F800805F
:109430003A6046F2A810C9E7320E042096370020A1
:10944000340E0420330E042000001A0840420F009E
:1094500000001A374CF002200000022900002C40C6
:10946000440203200000090200001A0348020320FE
:109470003402032000000909240203200000090A25
:1094800000001B0700001A06F1FFFF8000801F404C
:1094900000003040F8B5324B0F465A6A92050DD4A1
:1094A0009A6A22F480329A6272B69A6A42F4003260
:1094B0009A629A6A42F480329A6262B600F00CFFB5
:1094C000274C0646274D04E000F006FF801BA8420B
:1094D00033D8636A1B05F7D507F13C0007F50F7415
:1094E0001F494B6A1D05FCD5A0F140030A6A43F8E9
:1094F000042F8342FAD103F14000A042F1D100F0E1
:10950000EBFE174C0746184D164E04E000F0E4FE43
:10951000C01BB0421AD8236B2B42F7D0226B134BDF
:109520001A601A6822631A6892070DD51A68104BE0
:109530001A420CBF01200020F8BD0E491A200E4B24
:1095400040F2563208701A600020F8BD1D2009490B
:10955000094B40F26132087000201A60F5E700BF45
:1095600000002C4040420F0002007F115C020320EB
:1095700000007F11963700204CF002202DE9F843BF
:10958000244B8946244D254C2B6000F0A5FEDFF8C6
:10959000A8800746224E06E000F09EFEC01BB042A7
:1095A00023D802F09DF921681E48FFF78FFA0028A2
:1095B000F2D0D8F81030DB05EED500234FF400725E
:1095C0002B60D8F8283043F48033C8F82830164B85
:1095D000C8F804201B78A3B149461448FFF776FA6F
:1095E00068B90C2240F2BD3304E000210A2240F2A7
:1095F000B13329600E4C00200E4922700B60BDE88B
:10960000F8834FEA492909484946FFF75FFA0028DD
:10961000F5D1E6E75D6D0100580203204802032002
:1096200040420F0000001A0D340E042030003A12A0
:10963000963700204CF0022000002C4070B500232B
:109640001C4D0E4643721946AB6A1B4823F4803307
:10965000AB62FFF73BFA18B104465EB9204670BD15
:10966000092240F2D33315480024154902702046E0
:109670000B6070BD134B144A136000F02DFE6B6A33
:109680000646DA0112D404E002F02AF96B6ADB0123
:109690000CD400F021FE0D4A831B9342F4D9002123
:1096A00009480A2240F2D7330160DCE70023064A6A
:1096B0001360D3E700002C400000DB0C963700203D
:1096C0004CF00220616701005802032040420F0065
:1096D00010B50446FFF75CF908B1637A03B910BD11
:1096E00020460121BDE81040FFF7A8BF30B5034672
:1096F000007AADF5037D1446C00720D593070FD13E
:1097000001233048FFF772FBB8B92F490B202F4BCC
:109710004FF45D7208701A6000200DF5037D30BDB6
:10972000012302AA2748FFF761FB0028EDD04FF480
:10973000007202A9204600F065FE0120EDE70193CA
:109740000D46FFF725F9019B0028E5D05A7A012A3A
:1097500023D01A681E49126A8A4222D10193FFF768
:1097600017F90028D8D0019B5A7A0ABB1846294617
:109770000193FFF703FF019B0028CDD001225D601C
:109780005A72214618460193FFF784FE0028C3D081
:10979000019B5A6801325A60CFE75A68AA42D8D171
:1097A000EFE7184601939047019B0028B4D0DDE70E
:1097B000184601210193FFF741FF019B0028ABD020
:1097C000D4E700BF11003A11963700204CF0022078
:1097D000D177010030B50D46017A1446ADF5037D11
:1097E000CA071BD5A30706D0214602AC4FF400726E
:1097F00002A800F007FE0123224629463248FFF75F
:10980000F5FA002841D131490D20314B40F2114287
:1098100008701A6000200DF5037D30BD0190FFF740
:10982000B7F8019B0028F5D05A7A022A2FD01A687F
:109830002849126A8A422ED10193FFF7A9F800281D
:10984000E8D0019B5A7A002A2CD11A682249126E5C
:109850008A4230D1184629460193FFF715FA019B39
:109860000028D7D002225D605A721A6818461B4938
:10987000D26D01938A42214623D1FFF7D1F8019B93
:109880000028C7D05A6801325A600120C3E75A68DD
:10989000AA42CCD1E9E7184601939047019B0028E2
:1098A000D3D1B7E7184601210193FFF7C7FE019B0B
:1098B0000028CAD1AEE71846019329469047019B7C
:1098C000CEE79047019BDBE701003A18963700206E
:1098D0004CF00220D1770100896D0100216B01005D
:1098E00000F024BD10B483B00B46CDE90012C27C59
:1098F000002A30D072B6C27CD40708D54FF0E02CD5
:109900004469DCF8801121408162CCF88011910714
:1099100008D54FF0E02C8469DCF884112140C16245
:10992000CCF88411540708D54FF0E02CC469DCF85A
:10993000881121400163CCF88811110708D54FF038
:10994000E02C046ADCF88C1121404163CCF88C11C6
:10995000D2063AD462B68268934240D0234A8360EA
:1099600092692349C2F3011CC2F3826251F82CC0F0
:109970000132BCFBF2F103B38B4232D8B1FBF3F2FC
:10998000B1FBF2F18B422ED3B2F5817F1BD2022ABA
:1099900027D9023A530803EB032342EA0323C360A7
:1099A0000268032100201061516201211364019BB0
:1099B0001366116103B010BC70479445EFD34A1C85
:1099C000B2F5817FE3D30B4BE9E74FF0E021446A26
:1099D000D1F8902122408263C1F89021BAE7C36890
:1099E000DEE70023DBE71146E9E700BF00C00F40D8
:1099F000B0280020FF7F7F0008B5034653F8040B12
:109A000093E80600FFF76EFF08BD00BF0268D37C35
:109A100013B3D80704D5906A4FF0E021C1F80001D4
:109A2000990704D5D06A4FF0E021C1F80401580726
:109A300004D5106B4FF0E021C1F80801190704D5D7
:109A4000506B4FF0E021C1F80C01DB0604D5926B9E
:109A50004FF0E023C3F81021704700BF006800F00A
:109A600099B900BF0268FF2312685366D36D13F4DF
:109A7000F81FFBD0506FC0B2704700BF4FF0FF0C13
:109A8000006808B5134680F83CC00A46002100F083
:109A90007DF9002008BD00BF03681A685166D36DC8
:109AA00013F4F81FFBD0536F704700BF13460068D4
:109AB000002200F06BB900BF0378DB0701D401205E
:109AC00070470346406810B503F1100282B0016888
:109AD00001924C6A0093D968A047DDE9003298B141
:109AE000197888070CD5DC680093D3E90101D0F818
:109AF00000C02144DCF82430984728B1009B197835
:109B000021F001010120197002B010BD10B54468A8
:109B100084B07CB31446C26803468A420AD1024626
:109B200012F810CB04F0030410464CEA04021A7039
:109B300004B010BDCDE90101FFF7BEFFD0B114F0B4
:109B4000040FDDE9013105D003F110024FF0000CE4
:109B5000D960E7E7586803F11002D0F800C001921D
:109B6000CDE90213DCF810309847039BDDE90121B1
:109B70000028EBD1002004B010BD00BF034680894F
:109B800010B100229A817047D3E901C18C4500D3FE
:109B9000704700B585B0604603AA019300F016F83F
:109BA000019B80B1039A5860B2F5803F90B208D310
:109BB000920AC0F30900A2F52152A0F5105190B20B
:109BC000998105B000BD4FF6FF70FAE7884238D2A0
:109BD000034690F90000002893F800C02DDA0CF03D
:109BE000E000C02831D00CF0F000E02831D00CF0BB
:109BF000F800F02825D10CF0070C04201844884206
:109C00001FD8013300B51978013301F0C00E01F0FF
:109C10003F01BEF1800F41EA8C1C14D18342F2D186
:109C2000ACF180010D4B99420DD8ACF55843B3F51A
:109C3000006F08D3C2F800C000BD581CC2F800C0B5
:109C4000704700207047002000BD0CF01F0C022060
:109C5000D4E70CF00F0C0320D0E700BF7FFF10000B
:109C60007E2843D90023DFF8ACC000B54FF0350E95
:109C700004E03CF82120824223D80B46AEEB0302DD
:109C8000012A03EB5201F4D89BB23CF82320904206
:109C900019D24FF04B0C0023DFF87CE005E03EF8D2
:109CA000212082428CBF8C460B46ACEB0302012A7A
:109CB00003EB5201F3D89BB23EF8232082421FD01F
:109CC00000BD8E46DAE70CEB830C821A9CF8033059
:109CD0009A42DEDA9CF90230012B16D04EF2A03205
:109CE000002B08BF1346034498B200BDA0F16103E6
:109CF000192B8CBF00230123A0EB431398B27047AC
:109D00000EEB830EBEF8020000BD02F00102821AC3
:109D100090B200BD202600200008002030B5044687
:109D20008E460068114640F20122026123B31D46AF
:109D3000BEF1000F21D0724612F801CB9646013DCC
:109D4000C0F864C0026F920707D48C46013B426F93
:109D500019B10CF8012B614620684269D207F1D590
:109D6000002DE5D143B1026F9207FCD4426F09B1D7
:109D700001F8012B013B03D130BD94F83CC0DEE774
:109D80002068026F9207EED4F0E700BF0BB1FFF737
:109D9000C5BF70474268D2E900130968194200D173
:109DA000704703460020052110B51C6882B0206171
:109DB000187C01930244107C00F0DAFA019B052123
:109DC000587C5A68024492F8240000F0D1FA019BB2
:109DD00005215A689B7C134493F8380002B0BDE813
:109DE000104000F0C5BA00BF70B5EFF3108272B634
:109DF0000C4C206880B10C4E00254369236073B180
:109E00009D6102B962B6836845779847EFF3108287
:109E100072B620680028F0D102B962B670BD336016
:109E2000EFE700BF7402032070020320FFF7DCBFDE
:109E30000449054A4968054B1960136801331360EA
:109E4000704700BF001000E0100E04200C0E04202C
:109E5000084601F0B5BC00BF012A70B508BF0A2250
:109E60008AB005461E4659B34FF0210C01E05FFA57
:109E700084FC0CF1FF34B1FBF2F302FB131EBEF1C4
:109E8000090F0EF1370098BF0EF130000DEB0C0EEC
:109E9000914219468EF80400E9D23EB10CF1FF3C24
:109EA0002D225FFA8CFC0DEB0C031A712B6801A9B3
:109EB000CCF1220228465B68614498470AB070BD25
:109EC00030234FF0210C8DF82530E6E7002903DB25
:109ED00000230A22FFF7C0BF49422D230A22FFF7C1
:109EE000BBBF00BF00B5036883B040F60D2C022253
:109EF00001A95B68ADF804C0984703B000BD00BF7E
:109F0000044B022888BF0346D3F800C01846DCF88B
:109F10000430184790340020A94AAA4B90422DE9FA
:109F2000F047A94CD3F814E09969D4F80CC000F2BA
:109F3000088103F1437303F5F4530333A3FB0023B8
:109F4000DB0D03EB830303EB830202F2B63240F234
:109F500027639A4228BF1A469C4BA3FB0232D208C1
:109F6000203A984D0CF01F04D5F88030944243F00D
:109F7000C003C5F880300BD22CF01F0C924C4CEA79
:109F8000020CC4F80CC02368002BFCDA0CF01F0490
:109F90001EF0007327D18E4D2E698E4DB54300F013
:109FA000FA8081F4805576464FF4805716F0605F52
:109FB00006D02EF0605E4EEA030E824BC3F814E02A
:109FC00015F4405F07D021F440517E4D3943A9611B
:109FD000AB6C1B07FCD44EF0007E7A49C1F814E04C
:109FE0008B6C9F06FCD47C49884200F2DF800126FE
:109FF00035460EE0082D0CD1042E00F2918001367A
:10A00000022506FB00F38B4200F2C3805B008B420B
:10A0100006D8013506FB05F300FB03F38B42E9D9B3
:10A02000771E05F1FF384FEA872A8EEA87276B49AA
:10A0300059186B4B99427CD9DFF8E4916C2369483D
:10A040006349B0FBF5F0684DB0FBF6F00E683540A3
:10A050004D4508D043F400534FF480550D600B601C
:10A060000B68002BFCDA57490B6903F007034345E3
:10A0700004D0C1F810808B6CDE03FCD417F4E05FD1
:10A080000BD02EF4E05E0AF4E0534E4943EA0E0E84
:10A09000C1F814E08B6C9D07FCD4544D544945190C
:10A0A0008D4239D8534BED09A3FB05352D0B6B1EA3
:10A0B0001B028EEA030111F4407F07D02EF4407E8C
:10A0C00003F440733F4943EA0E034B613D494B693A
:10A0D00023F000734B618B6C9B06FCD4464BA24271
:10A0E000A3FB00134FF0FF314FEA9343B0FBF5F5AC
:10A0F000B1FBF3F34149086041490D6041490B60F0
:10A1000008D22CF01F0C30494CEA0202CA600B68DE
:10A11000002BFCDABDE8F0874FF440730425C8E754
:10A12000771E2E494FF007084FEA872A59188EEA02
:10A130008727294B99421CD8DFF8E890362332480C
:10A140007EE7324B984201D80E220AE7304B984204
:10A1500028D9304A904227D9821A2F4B120AA3FBE2
:10A160000232D20902EB820202EB820202F2E242E6
:10A17000EDE6A3F182532948DFF8AC90A3F58933CB
:10A180007E3BA3FB01310B0D03FB00F043EA090901
:10A1900056E7012544E71F468EF0C0560D464FF0A6
:10A1A000C05303E70F22DCE61222DAE6012603465B
:10A1B0004FF0000A77464FF00008354637E700BFFA
:10A1C000001C4E0E00C00F40000008401F85EB51E0
:10A1D00000800D4040300080FFB19F26808D5B00E5
:10A1E000FF7EF64D00643F4D7F3001807FD1F00847
:10A1F0007F17B42C9F10E50083DE1B438C340020B6
:10A200008834002008CE032000B29F26FF0A6B1B73
:10A2100000A4781F0046C32323B24C00001BB700E4
:10A220006C200080362000800020008000B970473C
:10A230002DE9F84F01218146224C234E234D54E84D
:10A24000003F3268286844E80013002BF7D120490A
:10A250004B684FF47A7BDFF87CA01B1A01270BFBBD
:10A2600002F8DAF80020A2FB03235B4594BF984470
:10A27000D84454E8003F3268286844E80073002B53
:10A28000F7D14B68DAF800C01B1A0BFB02F2ACFBEB
:10A2900003C3B3F57A7F94BFD21802F57A72A2EBAA
:10A2A0000802B2F57A7F08D3B9F1010F08F57A7880
:10A2B00009F1FF39DDD1BDE8F88F01F011FB044948
:10A2C000D7E700BF140E0420100E04200C0E04204B
:10A2D000001000E008CE032010B50F4B4FF0010C2A
:10A2E0000E4CDFF844E053E8002F2068DEF8001041
:10A2F00043E800C2002AF6D1094B5B68094A5B1AA1
:10A300004FF47A71126801FB00F0A2FB03238B4229
:10A3100094BFC018401810BD140E0420100E042065
:10A32000001000E008CE03200C0E0420362812D8BE
:10A3300002010C4B03EB00109B58C268D3F804C019
:10A340001CEA020F03D039B1C3F884207047836838
:10A3500029B9054A1A607047C3F888207047034A34
:10A360001A607047602A00203830010038F0010080
:10A37000362831D802011B4B012903EB00109B58F2
:10A3800000B55A68D0E902EC12D0042910D022EAB4
:10A390000C025A60C9B102291FD003294FF01502DF
:10A3A0000CBF114B114BCEF8003043681A6000BD52
:10A3B00042EA0C0201295A6007D040F63803CEF871
:10A3C0000030436815221A6000BD38231522CEF8EC
:10A3D000003043681A6000BD7047054BCEF800306E
:10A3E000EFE700BF602A002038300100380001008C
:10A3F00038F0010008B5F0F77FFFF1F739FF01F001
:10A400006FFAFAE7844641EA000313F003036DD1C3
:10A41000403A41D351F8043B40F8043B51F8043B27
:10A4200040F8043B51F8043B40F8043B51F8043B2E
:10A4300040F8043B51F8043B40F8043B51F8043B1E
:10A4400040F8043B51F8043B40F8043B51F8043B0E
:10A4500040F8043B51F8043B40F8043B51F8043BFE
:10A4600040F8043B51F8043B40F8043B51F8043BEE
:10A4700040F8043B51F8043B40F8043B51F8043BDE
:10A4800040F8043B51F8043B40F8043B51F8043BCE
:10A4900040F8043B403ABDD2303211D351F8043B6E
:10A4A00040F8043B51F8043B40F8043B51F8043BAE
:10A4B00040F8043B51F8043B40F8043B103AEDD21D
:10A4C0000C3205D351F8043B40F8043B043AF9D26E
:10A4D000043208D0D2071CBF11F8013B00F8013B41
:10A4E00001D30B8803806046704700BF082A13D34E
:10A4F0008B078DD010F003038AD0C3F10403D21A66
:10A50000DB071CBF11F8013B00F8013B80D331F899
:10A51000023B20F8023B7BE7043AD9D3013A11F819
:10A52000013B00F8013BF9D20B7803704B78437084
:10A530008B7883706046704702F0B8BB01F1FF3C36
:10A5400070B566464FF0000E01E00EF1010EB0FB53
:10A55000F2F402FB1403092B03F1370598BF03F152
:10A5600030059042204606F8015FEED201EB0E0363
:10A5700000225A70BEF1000F11D0481C70440CF13B
:10A5800002021CF8014F10F8015DA1EB0C03521AF6
:10A590008CF80050013B047073449A42EFDB08468C
:10A5A00070BD00BF72B6EFF30583524CC4F884301F
:10A5B0001EF0040F0CBFEFF30882EFF309824FF097
:10A5C000E0234D4DD3F8280DD3F82C1DC4E922010A
:10A5D000D3F8341DD3F8383DC4E924139369A83463
:10A5E00044F8103CD36944F80C3C00F0CDF804ED7D
:10A5F000020A01F095FA0B2344F8040C4FF0FF32E5
:10A600003E4844F8283C2B68202104355A4042F348
:10A610000003013903EA000383EA5202F7D1A5429D
:10A62000F1D1344BC3F8A820BFF34F8F4FF0E02394
:10A630003149334AC3F8701FC3F8702FBFF34F8FEF
:10A64000BFF36F8F2F4A02242F48D36E2F4943F454
:10A650004053D3660460D3692D4823F07F0343F051
:10A660004003D3610B68834240D8274D00204FF050
:10A67000E0234FF0FF3228600121C5F8080125488A
:10A680000C460E46C5F80001C5F80811C3F8802134
:10A69000C3F88421C3F88821C3F88C21C3F8902122
:10A6A00001E000F071F9D5F80C31002BF9D04F2CF6
:10A6B000C5F80C6104F10104F3D9174B02201749C6
:10A6C0004FF00042C1F840015A63D5F80C313BB954
:10A6D000134814490C4A0163D2F80C31002BFAD00C
:10A6E0004FF0E023104AC3F80C2DFEE7FFF714FCEF
:10A6F000BBE700BF00FF272080FF27202083B8EDA5
:10A70000A0FF272000C00F40004008408C340020EC
:10A71000803DCD0B009F240000900D4000002E4096
:10A7200000800F40F100AD0B0400FA05094A08B59E
:10A730000346106823B1034407498B4201D81360D4
:10A7400008BD03F0F3FD0C2203464FF0FF301A6002
:10A7500008BD00BFBC340020000028200020704746
:10A760004FF0FF30704700BF4FF4005300204B60A4
:10A77000704700BF012070474FF0FF30704700BFA7
:10A7800030BFFDE7FFF70EBF124AD2F880305B07FB
:10A79000FBD5D2F880301048C3F30B230F4990ED5E
:10A7A000007A07EE903A91ED006AB8EE477A0C4ACB
:10A7B000F8EEE77A0B4BD2ED006A77EEC77A93EDAD
:10A7C000007AB8EE477A67EE867A87EEA60A37EE09
:10A7D000400A704700810D40F8CD032000CE0320D1
:10A7E00004CE0320FCCD0320836B70B586460E4655
:10A7F00010461BB1536843F40043536072B6DEF851
:10A80000342042B31B4B1060D3F8B02132421ED12A
:10A81000194C656805E06268A2EB050CBCF5166F83
:10A820000BD2D3F8402142F48042C3F84021D3F840
:10A83000B811D3F840215204EDD5314007D10D4A6B
:10A84000CEE90201D2F8B0313343C2F8B031CEF8CC
:10A85000340062B670BD0749CEE90202D1F8B031CA
:10A860003343C1F8B031CEF83000CEF8340062B6D0
:10A8700070BD00BF00002E40001000E070B5056BF9
:10A8800095B12B46002403E01B680134012B0CD04A
:10A890005A681206F8D5036306462CB12846B36BF6
:10A8A0002D689847013CF9D170BD00220023C0E912
:10A8B0000C23F1E700B501BBDFF8A0C0234B00215A
:10A8C000234A4FF0010E4FF001109960C3F800E0E9
:10A8D000CCE902314FF0800CC3F804C0C2F8BC01CF
:10A8E000D2F8B0311B4843EA0E03C2F8B031016020
:10A8F000D2F8B031002BFBD100BD0904164BDFF8B4
:10A900005CC04FF0010E41F080019860104A596020
:10A9100000F58051C3F800E0D96000F50051CCF893
:10A920004830196100F5405100F58040596100211F
:10A930009861CCF84C10D2F8B03143F48033C2F8AF
:10A94000B031D2F8B031002BFBD1B7E7E09A00204C
:10A9500000002E40A0B80320009B00200000002033
:10A96000074901220B78824023EA02030B7033B9B6
:10A97000044AD2F8483123F08003C2F848317047C6
:10A98000420E042000002E402DE9F047A64C82B074
:10A99000D4F84461F107C4F844614CD5D4F8AC3123
:10A9A000002B43D0A14DA24FDFF8B882C4F8AC31E0
:10A9B000D5E90A20D4F8403143F40053C4F84031BB
:10A9C000D4F840319B04F5D5D4F840314FF0011153
:10A9D00023F40053C4F84031C4F8B411D4F8B431AE
:10A9E00013F00113FAD191B284463B60B1F5086FC0
:10A9F00000F03A8100F2958040F2023E714500F08D
:10AA0000928100F2A480822900F0E181B1F5817F7A
:10AA100000F0B381802940F09580864802210380B0
:10AA2000FFF748FFD4F8AC31002BBFD17E4AD2F8F3
:10AA3000BC31002B42D1720616D57B4BD3F8AC212A
:10AA4000C3F8AC21D3F8BC21C3F8BC21D3F8B04182
:10AA5000002CFBD14FF0FF32C3F8B421D3F884317E
:10AA600000F046FD744B1C60F40103D5734B1B686A
:10AA700003B19847B00103D5714B1B6803B19847E8
:10AA8000710708D5684BD3F8843113F4007345D0AF
:10AA90006C4B01221A70644BD3F848311A060AD560
:10AAA000330608D5684A13782BB1013BDBB213702B
:10AAB000002B00F06D8202B0BDE8F0875C49C2F85F
:10AAC000BC310868034240F098815B4A1268134029
:10AAD000B1D01C0C554D1FFA83F810D094FAA4F78E
:10AAE000B7FA87F705EBC7104030FFF7C7FE012321
:10AAF00003FA07F7BC43F1D1B8F1000F9BD001274F
:10AB000098FAA8F4B4FA84F405EBC41007FA04F434
:10AB1000FFF7B4FE38EA0408F2D18CE7494A137013
:10AB2000B9E742F2212E71455AD049D8B1F5106FDC
:10AB300000F0A28042F2210C614503D1010C0729EB
:10AB400000F08C814FF00113C4F8C0316AE7B1F511
:10AB5000A06F00F0CA80A1F5D0610129F2D83B4B6B
:10AB600059680029EED01FFA8CFE120C03E0196917
:10AB70000C330029E6D0B3F800C09445F7D1B3F800
:10AB800002C0F445F3D14FEA122C000CBCF1030FC4
:10AB900000F0CB811B89834228BF0346B2F5007FBA
:10ABA0009A4640F09A81274B1B78002B40F0EE81AB
:10ABB000274952462748DFF89C90FFF723FC9EE187
:10ABC00042F22133994214D04FF6C0039942B9D1D1
:10ABD00083B2FF2BB6D843F46E4363F30F0CBEE78A
:10ABE00080B230B91C4B120C19681C4B19601C4BFD
:10ABF0001A700023C5F84880EB64C8F808300123B8
:10AC0000C8F800308023C8F804304FF00113C4F8AE
:10AC1000BC31D4F8B03143F48033C4F8B031D4F847
:10AC2000B031002BFBD1FDE600002E4000000020DB
:10AC3000A0B80320C0C50320A4B80320240E04201C
:10AC4000280E0420480E0420490E0420DC2D00208C
:10AC50002C1E0060002F2620100E0420200E042041
:10AC6000460E0420E09A0020B34B0121B3481B7824
:10AC70000370FFF71FFED5E6AF49120C01930A706F
:10AC8000AF4AC4F8C821AF4AC4F8CC21AE4AC4F8D0
:10AC9000D02100F02FFC80220199AC4802F0A4FFE3
:10ACA000AB498022019BA9644A60AA4AEB64C5F8BB
:10ACB000A02002F13C428B6002F56C2202F56F721B
:10ACC000C5F8E02001220A604FF00112C4F8BC214F
:10ACD000D4F8B02142F48032C4F8B0219E4A3B60DF
:10ACE000D2F8B031002BFBD19CE69949EB648B6024
:10ACF0000123A9640B6080234B604FF00113964938
:10AD0000C4F8BC31D4F8B03143F48033C4F8B03166
:10AD1000D1F8B031002BFBD1130C5B0643F08073EC
:10AD2000C1F854317EE610F0780F7FF40BAF00F0DD
:10AD30007F028A4B000653F822104CBF41F4803149
:10AD400041F0010143F822100021814BE964996030
:10AD50000121AB64196080217F4A59604FF00113D3
:10AD6000C2F8BC31D2F8B03143F48033C2F8B0310C
:10AD7000D2F8B031002BFBD154E610F0780F7FF4FD
:10AD8000E1AE00F07F02754B000653F822104CBF75
:10AD900021F4803121F0010143F8221000216C4B95
:10ADA000E96499600121AB64196080216A4A5960A5
:10ADB0004FF00113C2F8BC31D2F8B03143F4803304
:10ADC000C2F8B031D2F8B031002BFBD12AE610F036
:10ADD00078037FF4B7AE00F07F01604A000652F8B6
:10ADE0002110564A138036D5C90301D501231370AB
:10ADF00002215248FFF75EFD14E600200860584922
:10AE00000C88486842F221018C427FF45EAE80B229
:10AE100000287FF45AAE5349534C03C9A1808628B9
:10AE20004FEA11412060A1717FF44FAE72B64F48D6
:10AE3000017841F008010170D2F848110D0605D4DF
:10AE400080200143C2F84401C2F8481162B6484A62
:10AE50005021117039E6CB07CAD5C7E74049EB60EE
:10AE6000444BC1E900200122AB601A60424A5A609B
:10AE70003C4A9A60D4F8B01141F00101C4F8B01115
:10AE800002F58051D96002F50051196102F5405177
:10AE900002F5804259619A612F4AD2F8B031002BF5
:10AEA000FBD12B49EB648B600123A9640B6048F252
:10AEB00080034B604FF00113C2F8BC31D2F8B031BF
:10AEC00043F48033C2F8B0314FF48033224A3B6000
:10AED000D2F8B031002BFBD1A4E5B2F5E06F7FF4DE
:10AEE00068AE264B1B78002B4ED12549DFF8949095
:10AEF00052464846FFF786FA072389F8013029F0C1
:10AF00001F0309EB0A02BFF34F8F4FF0E021C1F896
:10AF1000703F20339A42FAD8BFF34F8FBFF36F8F41
:10AF200018485146FFF7C6FC7CE50B78834228BFE2
:10AF300003469A463DE600BF470E0420C0C50320E5
:10AF40000200CC00C80002000200C80080000020FF
:10AF5000E09A00205DCFC6B800002E40C0012E4010
:10AF6000302E012098B80320180E0420420E042031
:10AF7000490E0420009B002080000700480E04209A
:10AF8000901E0060002F26200449AFE7044910E618
:10AF90000320FFF7E5FC09F00FF900BF2C1E00604D
:10AFA000901E00602DE9F043841E83B0022C02D96C
:10AFB00003B0BDE8F083124D90460F46C60105EB85
:10AFC000C0143C2200210190201D994602F00CFE85
:10AFD000B8FA88F23904520941EA42710122A951B2
:10AFE000C4F83890A260B9F1000FE1D00549019B87
:10AFF0009A400B681A430A6003B0BDE8F08300BFB3
:10B0000000000020A4B803202DE9F043A0F1020EB7
:10B0100083B0BEF1020F02D903B0BDE8F0839146C0
:10B02000C201124F884602F1400605463C2200212B
:10B03000F4190193201D02F0D7FDB9FA89FC4FEAFB
:10B040000842019B4FEA5C1C42EA4C72BA51012251
:10B05000A363A260002BDFD0054905F110000B6847
:10B0600082401A430A6003B0BDE8F083000000206C
:10B07000A4B8032012044FF0010C816042F080025A
:10B08000C0F800C0C36101F5805C01F54053426027
:10B0900001F5005201F58041C0F80CC08161C0E9A2
:10B0A00004237047831E022B00D9704700F1100C57
:10B0B000064B0A4603EBC01000B54FF0010E0EFA26
:10B0C0000CF15DF804EBFFF78FBB00BF40000020E0
:10B0D000831E022B00D970474FF0010C034B0A4628
:10B0E0000CFA00F103EBC010FFF77EBB000000205C
:10B0F00040687047144B0A22DFF850C0D3F8200292
:10B1000020F07F4000EB800300B55B0085B0604518
:10B1100038BF18466946FFF711FADFF834C06B46AE
:10B120000022604619780132013341B10A2A20F821
:10B13000021FF7D116228CF8002005B000BD520086
:10B140008CF8002005B000BD00441F408096980098
:10B150008037002000F0ECBA00F0BABA00F020BB53
:10B1600000F0D8BA00F06EBB00F048BB08461146AC
:10B1700000F03ABB70B5164D4FF0E02415494FF47E
:10B180000032154E05EB401582B001EB4021C4F8AA
:10B190008C210346328828460191FFF76BFF019905
:10B1A00033880B44BFF34F8FC4F85C1F20318B42B0
:10B1B000FAD8BFF34F8FBFF36F8F03202946FFF7F5
:10B1C00087FF4FF40033C4F80C3102B070BD00BFEC
:10B1D000209B0020802F26202C0E0420264B1A882E
:10B1E0004368C3F30E43D21A002AF0B5C46983B092
:10B1F00028DD2248224D01782D78CBB2DFF894C0AB
:10B20000A942204D09D01CF803100F4635F8111043
:10B210000E46C1F500718A421AD90133002125F882
:10B220001420082B184D88BF0B4625F8141098BF22
:10B2300019460CF80340154B017019680A441A604E
:10B2400003B0F0BD204603B0BDE8F040FFF792BF69
:10B250000F4906EB47200192084401EB4421FFF718
:10B26000D1F8019A09492046B31825F817300B6820
:10B2700013440B60E7E700BF2C0E0420400E0420AF
:10B28000410E0420CCC50320DCC50320C8C5032023
:10B29000802F2620ECC50320224B1A78002A3FD1AC
:10B2A00002F0FF03204A1278002A39D01F4A128880
:10B2B000002A35D01E49C2F5006210B5087884B066
:10B2C0001C4901EB40141C4901EBC0212046CDE98B
:10B2D00002230191FFF7CEFEDDE901120A44BFF31C
:10B2E0004F8F4FF0E020039BC0F8701F20318A423F
:10B2F000FAD80193BFF34F8FBFF36F8F042021461D
:10B30000FFF7D0FE0A480021084B0278198001326D
:10B31000019BD2B2032A98BF1346037004B010BD3C
:10B32000704700BF450E0420470E04202E0E042057
:10B33000440E0420209C0020803F26202DE9F04F61
:10B3400087B00490002900F0BF8000235F4C604F5D
:10B350004FF00109DFF890A15E4E029303915E4B1E
:10B360005E4A1D783B8802EB451284F800900192FA
:10B37000002B40F0A58098461D469B460198FFF79C
:10B38000B7FE10F0800000F08B80BFF34F8F9AF86B
:10B39000003084F800B00DB9D6F80080002B7BD1C6
:10B3A0003368A3EB0803782B00F283804C4B1B78A7
:10B3B000002B71D000F094FA3B88012584F80090AE
:10B3C000002BDBD044491A46C3F500600D78039981
:10B3D00000EBC520DFF814B19142584417D2059311
:10B3E000DDE903210192FFF70DF8019A4FF040418A
:10B3F000059B9B1A3B803B4BC3F88410BFF34F8FD8
:10B40000029800231044237007B0BDE8F08F049920
:10B41000FEF7F8FF00230BEBC5214FF40062019803
:10B42000FFF728FE0BEBC521BFF34F8F01F1200280
:10B4300001F50063934294BF012340234FF0E022C3
:10B4400001EB4313C2F8701F20318B42FAD1BFF3D6
:10B450004F8FBFF36F8F04200199FFF723FE1E4A21
:10B4600013780133DBB2042B28BF002313703B8811
:10B47000039AD11A029A1A4403910292049A1A4426
:10B4800000230492174A3B80C2F88430BFF34F8FE9
:10B49000237000297FF463AF029807B0BDE8F08FF6
:10B4A0004FF400620C4B8AF800001D7813463A8076
:10B4B0008DE7012302988AF8003007B0BDE8F08FCD
:10B4C0001A46C3F5006082E70846E6E7450E042009
:10B4D0002E0E0420100E0420440E0420209C002078
:10B4E000470E042000002E40430E0420803F2620FB
:10B4F000704700BF2D4B002180222D4870B51B786E
:10B5000000242C4E8B420CBF40234FF400732A4D75
:10B5100033802B8002F068FB284A2146284B1470A8
:10B520004FF4807227481C8002F05EFB264A1021EF
:10B53000264B0220C2E90044C2E90244244AC3E97E
:10B5400000441470234AC3E90244234B1C70234671
:10B5500014602246FFF758FD204B22463188032015
:10B56000FFF720FD2346012229880420FFF74CFD28
:10B5700020460134FFF7FEFD082CF9D1184B0021BD
:10B580004A221848184C0460C3F88410C3F880207D
:10B59000D3F84821154942F08072C3F8482121B1FF
:10B5A000134A137843F00103137070BD480E042052
:10B5B000209C00202C0E0420300E0420440E042079
:10B5C0002E0E0420209B0020CCC50320DCC50320C8
:10B5D000400E0420C8C50320410E0420DD92010066
:10B5E00000002E40240E042099930100000000006A
:10B5F0004A0E04202DE9F84F4FF400324FF0E023BB
:10B60000C3F88C212B4B1C78002950D082468B46E6
:10B61000E4B20027DFF8B490274B5046274AABEB43
:10B6200007081B78A34204F1010437D0092C244BEE
:10B63000244928BF00241E5D39F8163031F8165011
:10B6400003EB4621ED1A1144A8452A4617D21E4C99
:10B6500042465046FEF7D6FE236839F81610584683
:10B66000A3EB0B0388443B4429F8168023604FF07A
:10B67000E0234FF40032C3F80C21BDE8F88FFEF749
:10B68000C1FE114A2F4430461368AA445B1B136065
:10B69000084A1470FFF76EFDBB45BDD84FF0E0239C
:10B6A0004FF400323846C3F80C21BDE8F88F084645
:10B6B000DDE700BF410E0420400E0420802F26202D
:10B6C000ECC50320CCC50320C8C50320DCC503207E
:10B6D0000B4B0C4A12781978D3B28A420DD0013341
:10B6E00009480A4A092B0A4928BF0023C35C31F8DC
:10B6F000131002EB4323585C70474FF0FF30704744
:10B70000400E0420410E0420ECC50320802F26208B
:10B71000DCC50320054B186800B1704700B583B045
:10B72000019000F0DDF8019803B000BDC8C503200A
:10B730002DE9F84F144E154D33782A78934220D0D6
:10B74000DCB2DFF85090DFF850B0DFF85080104FD7
:10B750000134082CA24601D90024A24619F804009D
:10B76000DBF8003038F8102037F81010521A9B1A06
:10B77000CBF80030FFF7FEFC86F800A02B78A34240
:10B78000E6D1BDE8F88F00BF410E0420400E042032
:10B79000DCC50320ECC50320C8C50320CCC50320AD
:10B7A00000B583B001210DF10700FFF723FF18B1A9
:10B7B0009DF8070003B000BD4FF0FF30FAE700BF6F
:10B7C000084B00B583B01B788DF8070033B1012119
:10B7D0000DF10700FFF7B2FD03B000BD03F0FF005D
:10B7E00003B000BD470E0420034B1B780BB1FFF7DD
:10B7F000A5BD03F0FF007047470E04202DE9F0417E
:10B8000000240D4E01230D4DA0460D4F33703B78A3
:10B810002846A34205D0FFF76BFC030658BF08F586
:10B82000006801342035042CF1D1BFF34F8F002381
:10B8300040463370BDE8F081450E0420209C002076
:10B84000440E0420204B1B7813B1204B1A8802B9F8
:10B8500070471F4BC2F500621E481F4930B51B7868
:10B8600083B01E4C00EB431001EBC32101230546BE
:10B8700023700023CDE90012FFF7FCFBDDE9001285
:10B880000A44BFF34F8F4FF0E023C3F8701F2031FD
:10B890008A42FAD8BFF34F8FBFF36F8F0420294637
:10B8A000FFF700FC0A49002208480B7802800133A8
:10B8B000DBB2042B28BF13460B70BFF34F8F074B2F
:10B8C0001A7003B030BD00BF470E04202E0E0420B6
:10B8D000440E0420209C0020803F2620450E04209A
:10B8E0002E4B2DE9F0411E7886B1DFF8C88098F81C
:10B8F00000305BB90123F10788F8003040D4B2076B
:10B9000027D4002388F80030730701D4BDE8F08104
:10B91000234B1A68002AF9D0EFF30582002AF5D1EB
:10B92000EFF3108572B61868002830D01D4C2178CE
:10B9300000292CD10122227042691A60002A2AD0E3
:10B94000916105B962B600258368457798472570EF
:10B95000DCE7154B1B78002BD3D0144F002557F88C
:10B96000044F236820461B69984710B163699B68A0
:10B9700098470D4B01351A78EBB29A42EFD8C0E7E1
:10B98000FFF7C8FE0028BAD0AFF30080B7E7002D5C
:10B99000BCD162B6BAE7064B1A60D2E74A0E042061
:10B9A0006C0203203B0E04203C0E0420BC9A0020B5
:10B9B000780203203D0E042010B500234FF470449C
:10B9C0000F224FF4806EA0F88C411946A0F88E210A
:10B9D0004FF46044A0F890310A46B0F8883148F23C
:10B9E000B82C43F0F003A0F8883101EB410301319A
:10B9F00000EB431304299C80A3F806E05A841A86BE
:10BA00005A805A81A3F80EC05A82DA825A83DA83A6
:10BA1000EBD1B0F8883143F00F03A0F88831B0F8CB
:10BA2000883143F47063A0F8883110BD374B384A31
:10BA3000996F384841F47F0170B5996741F201066A
:10BA4000D3F8801045F6C05543F226040A43C3F8E4
:10BA50008020FFF7B1FF00F58040FFF7ADFF00F554
:10BA60008040FFF7A9FF00F58040FFF7A5FF002207
:10BA7000A0F503104FF00F0E114600EB42134FEAF2
:10BA8000421C01329981042A5981A3F80EE09E825A
:10BA9000DD8020F80C1019829C81EED100221E4816
:10BAA0004FF00F0E41F20106114645F6C05543F224
:10BAB000260400EB42134FEA421C01329981042A0A
:10BAC0005981A3F80EE09E82DD8020F80C101982C7
:10BAD0009C81EED1002211480F2641F2010511464A
:10BAE00045F6C05443F2260E00EB42134FEA421CC7
:10BAF00001329981042A5981DE819D82DC8020F8FF
:10BB00000C101982A3F80CE0EED170BD00C00F40FC
:10BB1000000003FC00C03D4000001E4000401E40ED
:10BB2000074A506A936A19468446506A936A994252
:10BB3000F9D18445F7D1DB0B43EA4040704700BFA1
:10BB400000400D4008B5D0E900325BB1BAB10F4BEF
:10BB5000A3FB0213DB0803EB4303B2EB83030AD11D
:10BB6000012008BD094BA3FB0213DB0803EB4303D1
:10BB7000B2EB830301D0D21A4260F02AF0D802F06F
:10BB8000D5FB1C22034600201A6008BDABAAAAAA56
:10BB900030B583B060B3044621B11D46B2FA82F3DA
:10BBA0005B09A2B9206818B362680AB3164B17493B
:10BBB00002FB03F3B1EBB30F1AD3A368FBB9002365
:10BBC00023606360A360E360012003B030BD019394
:10BBD000069BC0E90012C360FFF7B4FF60B1002DFF
:10BBE000F2D0626801992068A56001F0FDFFEBE7E3
:10BBF00002F09CFB16230360002003B030BD00213F
:10BC000001F0F2FFDBE700BFABAAAAAA5555551514
:10BC100000B52DED028BB0EE408A83B000F06EFCD3
:10BC2000B4EE488AF1EE10FA06D6DFED0C7AB4EEE7
:10BC3000E78AF1EE10FA03D403B0BDEC028B00BD2D
:10BC4000CDED017A02F072FBDDED017A87EEA70AF5
:10BC50002123036003B0BDEC028B00BD0000000097
:10BC600010EE103A40F22A41C3F30A528A4235D804
:10BC70002F4B93ED4A2B93ED481BB7EEC03AB0EE35
:10BC8000417BA2EE037B17EE100AB7EE000B00F02B
:10BC90001F0203EBC20193ED4C4B37EE417B92EE5A
:10BCA000037B93ED4E6B93ED505BA4EE076B27EE99
:10BCB000074B53F832C0A5EE070B00B5A6EE040BF8
:10BCC000D1F804E0002111EB0C020EEBC03343EC81
:10BCD000172B20EE070BB7EEC00B00BD13F5000FBE
:10BCE00020D0B2F5FF6F1AD2DFED127AB4EEE70A78
:10BCF000F1EE10FA10DCDFED107AB4EEE70AF1EEA7
:10BD000010FA12D4DFED0D7AB4EEE70AF1EE10FA74
:10BD1000AED5002000F0C4BB002000F0C7BB30EE61
:10BD2000000A70479FED060A7047002000F0B2BB82
:10BD3000A00200201772B142B4F1CFC2CF8ECEC2A2
:10BD4000000000000000000010EE101A10EE902A13
:10BD5000A1F5000C5000BCF1FE4F00F1FF336FF075
:10BD6000807C7ED2634538BF002080F0B980BFEE72
:10BD7000001B01F1404303F54D03C3F3C3426FF3CE
:10BD80001603C91A07EE901ADB15B7EEE75A07EE4D
:10BD9000903AAF4B03EB021292ED024B92ED002B67
:10BDA00000B5A2EE051B93ED403B93ED426B93ED86
:10BDB000442BA1EE036B93ED465BB8EEE77B37EEC9
:10BDC000047B93ED484BA1EE025B2DED028BA1EEBF
:10BDD000047B21EE018BB7EEE00A28EE083BA8EECB
:10BDE000057BA6EE037B20EE077B17EE903A48F228
:10BDF000BF01C3F3CF338B4283B04CD2B7EE000BFD
:10BE0000944B93ED402B37EE023B13EE102A33EEAA
:10BE1000423B02F01F01801803EBC10293ED424B3D
:10BE200037EE437B53F831C0D2F804E093ED446B16
:10BE300093ED465BA7EE046B27EE074B002111EB59
:10BE40000C020EEBC033A7EE050B43EC172BA6EE4E
:10BE5000040B20EE070BB7EEC00B03B0BDEC028B5A
:10BE600000BD634580F0B1804B00581E604580F0F6
:10BE7000938000294BDB0020B1F5000FBFF477AFB2
:10BE8000DFED757A20EE270A10EE103A23F000431A
:10BE9000A3F138616BE79FED666BB4EEC67BF1EE04
:10BEA00010FA16DC9FED646BB4EEC67BF1EE10FA6F
:10BEB00043DD4FF04C53002860D00193DDED016A63
:10BEC000BFEE006A76EE666AF4EE466AF1EE10FAAC
:10BED00094D003B0BDEC028B5DF804EB00F0E6BA41
:10BEE000002869D0B1F17E5F3FD0B0F17F4F69D1BA
:10BEF0004B00B3F1FE4F6FEA020234BF002301236F
:10BF0000D20F934200F08F809FED540A7047C2F326
:10BF1000C7537E2B27D9962B64D80120C3F19603F3
:10BF200000FA03F3581E10421DD1134214BF012022
:10BF30000020000421F000419EE79FED416BB4EE2C
:10BF4000C67BF1EE10FA30D99FED3F6BB4EEC67BA5
:10BF5000F1EE10FA7FF552AF03B0BDEC028B5DF845
:10BF600004EB00F09DBA00F0B9BA82F480035B00E4
:10BF700013F5000F26D8B7EE000A70470093DDEDE9
:10BF8000006AB7EE006A76EE866AF4EE466AF1EE73
:10BF900010FA3FF433AF9CE7002920EE000A23DBC0
:10BFA0000020BBBB9A423CDB704703B0BDEC028B68
:10BFB0005DF804EB00F06EBA81F480035B0013F5CA
:10BFC000000FD8D930EE200A70470028F4D04B007B
:10BFD000B3F17F4FF6D8B0F17F4FF3D1B3F1FE4FFD
:10BFE00087D1C8E70020A5E7C2F3C751A1F17F00C0
:10BFF0001728D5D8C1F19600012101FA00F000F10F
:10C00000FF3C1CEA020FCBD11040CAD0B1EE400A6F
:10C010000846C6E7002AC7DAF7EE007A87EE800AFC
:10C02000704700F049BA20EEA00A7047AFF30080D5
:10C0300071D5D1FFFFFF5F40E2AAA3FFFFFF5F4082
:10C040000000000000C062C00000000000A062C04C
:10C05000D8040020A00200200000004B00000000D7
:10C0600010B510EE102AC2F30A53B3F57D7FB7EE78
:10C07000C06A84B01BD226EE067BB3F5667F6CD314
:10C0800026EE072B27EE021B714B93ED1A3B93ED27
:10C09000185B93ED164BA7EE035BA2EE046BB0EEBC
:10C0A000460BA5EE010BB7EEC00B04B010BD40F27D
:10C0B0002E418B4259D8664A92ED087B26EE077BCB
:10C0C000FDEEC77B92ED0A5B17EE903A03F5000395
:10C0D0001B16990707EE903A54BF114602F1700102
:10C0E000DC07B8EEE77BA7EE456B26EE067B1DD49A
:10C0F00003F0030302EBC30291ED185B92ED000B1A
:10C1000091ED1A3B26EE000BB0EE456B91ED164B10
:10C11000A7EE036B20EE075B27EE057BA5EE040B75
:10C12000A6EE070BB7EEC00B04B010BD91ED144B9B
:10C1300027EE075B91ED126B91ED0E2BA7EE046BD2
:10C1400027EE054B91ED0C0B91ED103BA7EE020B8A
:10C15000A5EE030BA6EE040BE4E712F0FF4FE3D1CC
:10C16000B7EEC77B8DED037ADEE7B3F5FF6F4CD2F8
:10C17000C2F38361374B8DED010A03EB810C53F859
:10C180002110C2F31603C2F3C25043F400038340EC
:10C19000DCF82000DCF810C003FB01F1A3FB00E099
:10C1A000E3FB0C0101F100539C0F03F04043C91A5B
:10C1B00000F03CFB019A9FED246B04EBD27241EC42
:10C1C000170B900754BF224B234B27EE067BE1074A
:10C1D00027EE076B1ED41E4901EBC20293ED185BDC
:10C1E00093ED1A3B92ED000B93ED164B27EE000BEF
:10C1F000B0EE457B20EE065BA6EE037BA5EE040BBE
:10C2000026EE056BA7EE060B8CE704B0BDE81040E8
:10C2100000F064B993ED144B26EE065B93ED127BB0
:10C2200093ED0E2BA6EE047B26EE054B93ED0C0B47
:10C2300093ED103BA6EE020BA5EE030BA7EE040B4D
:10C2400070E700BFAFF30080182D4454FB21193C68
:10C2500000060020C028002070060020000000001A
:10C2600010EE102AC2F30A53B3F57D7FB7EEC07A01
:10C270001ED2B3F5667F72D327EE077B27EE071B2E
:10C28000734B93ED142B93ED125B93ED0E3BA7EEE6
:10C29000025B27EE012B93ED0C6B93ED104BA7EE99
:10C2A000036BA1EE046BA5EE026BB7EEC60B7047F5
:10C2B00040F22E418B4255D8654A92ED086B27EE2D
:10C2C000066BFDEEC66B92ED0A5B16EE903A03F537
:10C2D00000031B16990706EE903A54BF114602F16F
:10C2E0007001D807B8EEE66BA6EE457B27EE076B2C
:10C2F0001CD503F0030302EBC30291ED185B92ED32
:10C30000000B91ED1A3B27EE000BB0EE457B91ED53
:10C31000164BA6EE037B20EE065B26EE056BA5EE24
:10C32000040BA7EE060BB7EEC00B704791ED144B54
:10C3300026EE065B91ED127B91ED0E2BA6EE047BB3
:10C3400026EE054B91ED0C0B91ED103BA6EE020B8A
:10C35000A5EE030BA7EE040BB7EEC00B7047B7EECC
:10C36000000A7047B3F5FF6F53D2C2F38361394BB4
:10C3700003EB810C53F82110C2F31603C2F3C25031
:10C3800043F4000310B58340DCF82000DCF810C053
:10C3900003FB01F1A3FB00E0E3FB0C0101F10053FF
:10C3A00082B09C0F03F04043C91A8DED010A00F0E2
:10C3B0003DFA019A9FED246B04EBD27241EC170B0E
:10C3C000900754BF224B244B27EE067BE10727EE54
:10C3D000076B20D51E4902F0030201EBC20293ED68
:10C3E000185B92ED000B93ED1A3B27EE000BB0EEBD
:10C3F000457B93ED164BA6EE037B20EE065B26EE07
:10C40000056BA5EE040BA7EE060BB7EEC00B02B052
:10C4100010BD00F063B893ED144B26EE065B93ED70
:10C42000127B93ED0E2BA6EE047B26EE054B93EDCF
:10C430000C0B93ED103BA6EE020BA5EE030BA7EE43
:10C44000040BE2E7AFF30080182D4454FB21193CA4
:10C4500000060020C02800207006002010B582B021
:10C460008DED010A044601F061FF9DED010A0460B3
:10C4700002B010BD30B1F1EE407A27EE800A2220E2
:10C48000FFF7ECBFF0EE407A27EE800A2220FFF79C
:10C49000E5BF00BF9FED010AFFF7ECBF00000010F1
:10C4A0009FED010AFFF7E6BF0000201A9FED010A89
:10C4B000FFF7E0BF000000709FED070AF7EE007A7B
:10C4C000BFEE007A00284FF0220047FE877A87EE01
:10C4D000800AFFF7C3BF00BF0000000070EE407A83
:10C4E000B4EE400A87EEA77AF1EE10FAB0EE470AF2
:10C4F00002D62120FFF7B2BF704700BFB1EEC00ADD
:10C50000704700BF03460846194601F001B900BF55
:10C5100081F0004102E000BF83F0004330B54FEAF4
:10C5200041044FEA430594EA050F08BF90EA020F61
:10C530001FBF54EA000C55EA020C7FEA645C7FEAF4
:10C54000655C00F0E2804FEA5454D4EB5555B8BF17
:10C550006D420CDD2C4480EA020281EA030382EA88
:10C56000000083EA010180EA020281EA0303362D1A
:10C5700088BF30BD11F0004F4FEA01314FF4801CED
:10C580004CEA113102D0404261EB410113F0004FFF
:10C590004FEA03334CEA133302D0524263EB4303B6
:10C5A00094EA050F00F0A780A4F10104D5F1200E54
:10C5B0000DDB02FA0EFC22FA05F2801841F10001AF
:10C5C00003FA0EF2801843FA05F359410EE0A5F183
:10C5D00020050EF1200E012A03FA0EFC28BF4CF0B4
:10C5E000020C43FA05F3C01851EBE37101F000456A
:10C5F00007D54FF0000EDCF1000C7EEB00006EEB77
:10C600000101B1F5801F1BD3B1F5001F0CD3490800
:10C610005FEA30004FEA3C0C04F101044FEA445257
:10C6200012F5800F80F09A80BCF1004F08BF5FEADE
:10C63000500C50F1000041EB045141EA050130BDBE
:10C640005FEA4C0C404141EB0101013C28BFB1F5D0
:10C65000801FE9D291F0000F04BF01460020B1FA1B
:10C6600081F308BF2033A3F10B03B3F120020CDAEE
:10C670000C3208DD02F1140CC2F10C0201FA0CF0CC
:10C6800021FA02F10CE002F11402D8BFC2F1200C31
:10C6900001FA02F120FA0CFCDCBF41EA0C019040E7
:10C6A000E41AA2BF01EB0451294330BD6FEA040430
:10C6B0001F3C1CDA0C340EDC04F11404C4F120021B
:10C6C00020FA04F001FA02F340EA030021FA04F32D
:10C6D00045EA030130BDC4F10C04C4F1200220FA84
:10C6E00002F001FA04F340EA0300294630BD21FAC2
:10C6F00004F0294630BD94F0000F83F4801306BF88
:10C7000081F480110134013D4EE77FEA645C18BF7B
:10C710007FEA655C29D094EA050F08BF90EA020F12
:10C7200005D054EA000C04BF1946104630BD91EA0A
:10C73000030F1EBF0021002030BD5FEA545C05D10D
:10C740004000494128BF41F0004130BD14F580044C
:10C750003CBF01F5801130BD01F0004545F0FE41C0
:10C7600041F470014FF0000030BD7FEA645C1ABFF5
:10C77000194610467FEA655C1CBF0B46024650EA2C
:10C78000013406BF52EA033591EA030F41F4002158
:10C7900030BD00BF90F0000F04BF0021704730B5DE
:10C7A0004FF4806404F132044FF000054FF00001B3
:10C7B00050E700BF90F0000F04BF0021704730B574
:10C7C0004FF4806404F1320410F0004548BF404249
:10C7D0004FF000013EE700BF42004FEAE2014FEA9E
:10C7E00031014FEA02701FBF12F07F4393F07F4F79
:10C7F00081F06051704732F07F4208BF704793F07C
:10C800007F4F04BF41F40021704730B54FF460748E
:10C8100001F0004521F000411CE700BF50EA010291
:10C8200008BF704730B54FF000050AE050EA01023A
:10C8300008BF704730B511F0004502D5404261EBAA
:10C8400041014FF4806404F132045FEA915C3FF4EB
:10C85000D8AE4FF003025FEADC0C18BF03325FEA88
:10C86000DC0C18BF033202EBDC02C2F1200300FA39
:10C8700003FC20FA02F001FA03FE40EA0E0021FA5E
:10C8800002F11444BDE600BF53B94AB9002908BFFC
:10C8900000281CBF4FF0FF314FF0FF3000F000BA0E
:10C8A000ADF1080C6DE904CE00F06AF8DDF804E0A3
:10C8B000DDE9022304B0704707EE900AF5EEC07A76
:10C8C000F1EE10FA01D400F01BB808B580F000407A
:10C8D00000F016F8404261EB410108BD41EC170B36
:10C8E000B5EEC07BF1EE10FA01D400F029B808B51E
:10C8F00081F0004100F024F8404261EB410108BDA5
:10C900009FED0B6B07EE100A9FED0B5BB7EEC77A3E
:10C9100027EE066BBCEEC66BB8EE464BA4EE457B2D
:10C92000FCEEC77B16EE101A17EE900A704700BF98
:10C93000000000000000F03D000000000000F04199
:10C940009FED0B7B41EC160B9FED0B5B26EE077BFF
:10C95000BCEEC77BB8EE474BA4EE456BFCEEC67B46
:10C9600017EE101A17EE900A704700BFAFF3008061
:10C97000000000000000F03D000000000000F04159
:10C980002DE9F04782B00646DDF828E00846B446B7
:10C990000D46002B4ED18A4214466DD9B2FA82F26E
:10C9A00042B1C2F12003954026FA03F394401D439F
:10C9B00006FA02FC260CA7B2B5FBF6F14FEA1C43BF
:10C9C00006FB115543EA054301FB07F0984209D9DC
:10C9D000E31801F1FF3580F00381984240F20081B5
:10C9E000023923441B1A1FFA8CFCB3FBF6F006FB3A
:10C9F00010334CEA034C00FB07F363450AD914EBF0
:10CA00000C0C00F1FF3580F0ED80634540F2EA80C8
:10CA1000A444023840EA0140ACEB030C0021BEF113
:10CA2000000F04D02CFA02F30022CEE9003202B04B
:10CA3000BDE8F0878B4209D9BEF1000F01D0CEE9E5
:10CA400000610021084602B0BDE8F087B3FA83F127
:10CA5000174600294DD1834202D3B24200F20F8122
:10CA6000B6EB070C60EB030301201D46BEF1000F7F
:10CA7000DDD0CEE900C5DAE7002A00F098801A463A
:10CA8000B4FA84F3002B40F0AF800B1B270CA6B246
:10CA90000121B3FBF7F54FEA1C4007FB153340EAD1
:10CAA000034306FB05F8984507D9E31805F1FF3065
:10CAB00002D2984500F2E8800546A3EB08031FFA6E
:10CAC0008CFCB3FBF7F007FB10334CEA034C06FB7E
:10CAD00000F3634508D914EB0C0C00F1FF3602D2C9
:10CAE000634500F2CE803046ACEB030C40EA0540D3
:10CAF00095E7C1F120058B4022FA05FC4CEA030CB6
:10CB000000FA01F426FA05F3E84002FA01F943EAD3
:10CB100004084FEA1C4206FA01FAB0FBF2F71FFACA
:10CB20008CF602FB17004FEA184444EA004407FB66
:10CB300006F0A0420AD91CEB040407F1FF3380F091
:10CB40009C80A04240F29980023F6444241A1FFA5C
:10CB500088F3B4FBF2F002FB104443EA044300FB09
:10CB600006F69E4209D91CEB030300F1FF3480F066
:10CB700082809E427FD90238634440EA0740A0FB8E
:10CB800009749B1BA3423E46A04664D361D0BEF10C
:10CB9000000F0AD0BAEB060263EB080303FA05F5AF
:10CBA000CA401543CB40CEE9005300213FE773084C
:10CBB00043EAC1734A08190C41EA02414FEAC67CB4
:10CBC0009BB2B2FBF4F02646A04627461F2243EA5A
:10CBD0000143B1FBF4F1A3EB080341EA004158E73C
:10CBE0002946FFE6284615E71A46C3F120019C4076
:10CBF00026FA01F320FA01F190400343270C06FACC
:10CC000002FCB1FBF7F0A6B207FB1015190C41EAC4
:10CC1000054100FB06F58D423BD9611801D28D42DA
:10CC200020D8491B0138B1FBF7F5019505FB06F843
:10CC3000019D9BB207FB151143EA0143434526D2F0
:10CC4000E31805F1FF31C6D24345C4D2A91E2344DF
:10CC5000C1E7BA459BD2B7EB090664EB0C04013877
:10CC6000A04694E7651B29440238B1FBF7F501950E
:10CC700005FB06F8DCE720467FE71F4666E7084627
:10CC8000F4E6A44402382FE7023D234415E7019956
:10CC9000A1E7491BB1FBF7F5019505FB06F8C7E7CE
:10CCA000704700BF0A22002100F022BD024B01465E
:10CCB000186801F049BE00BF2C3700202DE9F04F65
:10CCC00001F10B02162A85B0804624D8102900F203
:10CCD000AB8000F0C9FA022518211022B74C21447C
:10CCE000A1F108004E68864200F062817268F16826
:10CCF000B46822F003023244E1608C60516841F074
:10CD000001014046516000F0B5FA06F108042046E2
:10CD100005B0BDE8F08F32F0070200F18580914246
:10CD200000F28280019200F09FFA019AB2F5FC7F36
:10CD3000C0F0BA81570A7FD0042F00F272819709A0
:10CD400007F139052BB207F1380CDB009B4C23446B
:10CD5000A3F108065B689E4207D10DE00028DF685A
:10CD600080F21381BE4207D03B46596821F003018F
:10CD7000881A0F28F2DD6546236991498B4200F03D
:10CD8000F1805E6826F00306B11A0F2900F3918145
:10CD90008B480029C4E9040080F27981B6F5007F50
:10CDA000676880F01981F10801310FFA81FC76097A
:10CDB0000121B14054F83C0098600F4304EBCC01D2
:10CDC0000839D960676044F83C30C360AB10012675
:10CDD0009E40BE4236D83E4206D125F0030576007D
:10CDE0003E4205F10405FAD004EBC50A04EBC50781
:10CDF000A946F9680EE0486820F0030EAEEB020C7D
:10CE0000BCF10F0F0B46C96800F31881BCF1000F8D
:10CE100080F22D818F42EED109F1010919F0030F43
:10CE200007F10807E5D17FE10C23C8F800300024A2
:10CE3000204605B0BDE8F08F4FF4007340254FF059
:10CE40003F0C83E7A768796821F0030393429A4671
:10CE500003D3991A0F2900F387805A495A4E09685B
:10CE6000103111440820CDE9011201F093FA019923
:10CE70004B1E03444542834630681D40B0F1FF3FDE
:10CE800018BF29464046019101F028FA411C054689
:10CE9000DDE9011200F02B8107EB0A0C844500F25A
:10CEA00024814A4B186800EB01090BF1FF3EC3F8DF
:10CEB000009000F08981306801301BBFA5EB0C0C9D
:10CEC00009EB0C003560186015F00700814600F092
:10CED0004881C0F108000544CDE901236B1803EA3D
:10CEE0000E015844401A00EA0E06314640469B4661
:10CEF00001F0F4F9421CDDE9012300F09581401BAB
:10CF0000304440F001011868A56000EB0609A74213
:10CF10006960C3F8009017D0BAF10F0F40F25E813C
:10CF2000AAF10C0121F0070C796801F0010141EA36
:10CF30000C017960052607EB0C01BCF10F0FC1E96C
:10CF4000016600F263816968214B1E684E4538BF57
:10CF5000C3F800901F4B1E684E4501D2C3F80090E5
:10CF60002F46C6E0676831E7BD1841F0010142F085
:10CF700001027A604046A560696000F07BF907F124
:10CF80000804204605B0BDE8F08F9A680193194463
:10CF9000D760BA604A6842F0010240464A6000F039
:10CFA00069F9019B03F10804204605B0BDE8F08F44
:10CFB000CE68B1427FF49AAE0235DDE6802E0020C5
:10CFC000882E002058990320183700202899032024
:10CFD0005099032054990320B6F5206F4FEA56204C
:10CFE0007CD3142800F2D38000F15C0109B25B30DD
:10CFF000C90004EB010C6158ACF1080C8C4503D15D
:10D00000A8E089688C4504D0486820F00300B0424D
:10D01000F7D8D1F80CC0C3E9021CCCF80830CB60BB
:10D02000D4E6142F72D9542F00F2BA80170B07F1EF
:10D030006F052BB207F16E0CDB0087E69D1842F0FE
:10D0400001025A609E68864AF1608E60C4E9045508
:10D05000C5E902224CF001026A60404643F80EC066
:10D06000019300F007F9019B03F10804E0E69E44F8
:10D070001C46DEF8043043F00103CEF8043054F8C7
:10D08000083F4046D9608B6000F0F4F8D0E61E44BB
:10D0900040467268019342F00102726000F0EAF8C3
:10D0A000019B03F10804C3E6D508691C09B2C90055
:10D0B00014E69D1842F001025A60694A0193C4E9DE
:10D0C0000455C5E9022241F001026A6040469951C7
:10D0D00000F0D0F8019B03F10804A9E6B00900F1C3
:10D0E000390109B23830C90083E7A74263D0A76885
:10D0F000796821F003009042A0EB020102D30F29CE
:10D100003FF732AF404600F0B5F890E607F15C0516
:10D110002BB207F15B0CDB0018E6514651F80839D9
:10D120008B428A4640F09A8015F0030F05F1FF35D7
:10D13000F3D1636823EA0603636076009E423FF6FC
:10D1400081AE1EB97EE6760009F104091E42FAD0CE
:10D150004D4649E68010012606FA00F00743676055
:10D1600059E7CDE902236B1803EA0E01ABEB010688
:10D1700006EA0E0631464046019301F0AFF8431C23
:10D18000019B04BF4E461846DDE90223B7E654284A
:10D1900027D8300B00F16F0109B26E30C90028E7C3
:10D1A000B7F5AA7F27D8D70B07F178052BB207F17F
:10D1B000770CDB00CAE52B4B186800EB01090BF17B
:10D1C000FF3EC3F8009076E615EA0E0F7FF473AECB
:10D1D000A568514441F001016960B5E601236B6027
:10D1E00090E7B0F5AA7F25D8F00B00F1780109B2DD
:10D1F0007730C900FDE640F254539F4224D8930C87
:10D2000003F17D0503F17C0CEB009FE507F10801BC
:10D210004046CDE9012301F097FBA568029B6968B0
:10D22000D3F80090019A8FE6A9F108010BEB0100F9
:10D23000002664E640F2545188420BD8B00C00F14D
:10D240007D01C9007C30D4E64FF47E737F254FF01A
:10D250007E0C7BE54FF47E717E20CAE663686CE746
:10D26000882E002028990320014801F08FB800BFC4
:10D2700020990320014801F08BB800BF20990320BA
:10D28000002900F09F802DE9F04383B00C46009206
:10D290008046FFF7E9FF009901F10B03162B60D8D8
:10D2A0001023994260D854F804EC2EF003029A42FD
:10D2B000A4F1080565DAB348806805EB020C604507
:10D2C000DCF8046000F0908026F0010060444068C3
:10D2D000C0076CD426F00306901983424CDD1EF083
:10D2E000010F0FD154F8080C281A0746406820F0A7
:10D2F000030006441644B34240F3EF801618B342CD
:10D3000040F3C9804046CDE90023FFF7D7FCDDE9B3
:10D3100000230646002800F0178154F8041C21F071
:10D3200001012944A0F1080C614500F0AE80043AE7
:10D33000242A00F2CE80132A00F29C800346224663
:10D34000116819605168596092689A602146404698
:10D3500001F0FAFA4046FFF78DFF304603B0BDE812
:10D36000F08333F007039CD50C23C8F80030002667
:10D37000304603B0BDE8F0830246DCE90201C1603B
:10D3800088606968D01A0F2801F0010105EB0206D8
:10D390001BD811436960736843F001037360404612
:10D3A000FFF768FF2646304603B0BDE8F0831EF065
:10D3B000010FA7D154F8080C281A0746406820F03E
:10D3C00003009BE71146FFF779BC19436960E91830
:10D3D00040F001004860736843F001030831736056
:10D3E000404601F0B1FADAE726F00306B01803F17F
:10D3F000100C604580F28B801EF0010F82D154F832
:10D40000080C281A0746406820F00300064416441A
:10D41000B445B1463FF772AF3E46F96856F8080F7B
:10D42000043A242AC160886000F2A580132A40F2E1
:10D43000A0802168B9606168F9601B2A00F2A480AD
:10D44000083407F110022168116061685160A16819
:10D450009160F918A9EB03024A4D42F00102A9605C
:10D460004A607A6802F00102134340467B60FFF78E
:10D4700001FF98E723680360636843601B2A3BD879
:10D4800004F1080200F108035AE750F8041C21F0E7
:10D4900003010A4475E7043A3D46F96855F8080F58
:10D4A000242AC160886020D8132A1CD92168B96059
:10D4B0006168F9601B2A3DD8083407F11002216821
:10D4C000116061685160A16891602C4632463D460A
:10D4D00057E7214600F0F6FA38E7DCE90201043AA2
:10D4E000C1608860D8E72A46E9E7214628460093CC
:10D4F00000F0E8FA009BE8E7A3688360E368C36094
:10D50000242A25D004F1100200F1100318E71D4A67
:10D510001D449560C21A42F001026A6054F8042C5E
:10D5200002F001021343404644F8043CFFF7A2FE18
:10D53000264638E7A1683961E1687961242A10D06C
:10D54000103407F11802BAE74046FFF793FE0EE7E2
:10D55000236903616169416104F1180200F1180354
:10D56000EEE62269BA616269FA61183407F12002B5
:10D57000A5E7324667E721463046009300F0A2FA5D
:10D58000009B66E7802E0020A1683961E16879611F
:10D59000242A03D0103407F1180254E72269BA6133
:10D5A0006269FA61183407F120024CE7242B2DE957
:10D5B000F84F42D8012B884619463ED091464B4A37
:10D5C00082461E46C64670461EF8017BD35D13F0A8
:10D5D0000803F8D12D2F70D02B2F05BF9EF80070B7
:10D5E0009B469B4600F1020E6FF0004361BB302F5B
:10D5F0004DD00A2631460022B3FBF6F4104606FB56
:10D60000143505E03CD006FB00C001221EF8017B6A
:10D61000A7F1300CBCF1090F06D9A7F1410CBCF100
:10D62000190F17D8A7F1370C61451CDD571CEDD039
:10D630008442E7D24FF0FF32E8E700F077FE16238E
:10D6400003600020BDE8F88F1029D4D1302F27D0F7
:10D650000E46D0E7A7F1610CBCF1190F03D8A7F172
:10D66000570C6145E2DC511C30D0BBF1000F0CD1EE
:10D67000B9F1000FE6D0AABBC9F80080BDE8F88F69
:10D680006545C0DA4FF0FF32C0E74042F0E79EF850
:10D69000002002F0DF02582A08D008263146AAE707
:10D6A0009EF8002002F0DF02582AD1D110269EF801
:10D6B000017031460EF1020E9DE79EF800704FF0AA
:10D6C000004300F1020E4FF0010B8FE72222CAF84F
:10D6D0000020B9F1000F07D00EF1FF381846C9F845
:10D6E0000080CBE70346F7E71846ABE72129002087
:10D6F00000B5DFF818E084461346DEF800005DF858
:10D7000004EB0A466146FFF751BF00BF2C370020EB
:10D7100013460A460146022001F07EB8024A034938
:10D72000034800F0C9B800BF203700202DF50100E4
:10D73000883200200C4B4168994210B5044601D054
:10D7400003F074FEA168094B994202D0204603F011
:10D750006DFEE168064B994204D02046BDE81040BA
:10D7600003F064BE10BD00BF5C990320C499032080
:10D770002C9A03202DE9F843314A324C3249DFF824
:10D78000DC90DFF8DC80314F11600025042329464E
:10D79000082204F15C00C4E903352D4EA560C4E9FC
:10D7A0000055C4E90555656600F01EFA04F15800FD
:10D7B000C4E90749C4E90987E66200F0E3FD2946A8
:10D7C000244B6367082204F1C400C4E91A55C4E974
:10D7D0001E552567C4F8CC50C4F8805000F004FAF8
:10D7E00004F1680304F1C000C4F88430C4E922984D
:10D7F000C4E9247600F0C6FD174BC4F8DC30294696
:10D8000004F596700822C4E93455C4E93855C4F8C3
:10D81000D850C4F83451C4F8E85000F0E5F904F1E8
:10D82000D003C4E93D87C4F8F09004F59470C4F8BF
:10D83000FC60C4F8EC30BDE8F84300F0A3BD00BFC5
:10D84000949A03205C9903201DB80100C1BA01001D
:10D85000E5BA010009000100120002005DBA0100F2
:10D8600081BA010010B504460A4800F08FFD636BD1
:10D8700023B9094B094A1B68626323B1BDE8104014
:10D88000044800F085BDFFF775FFBDE81040014872
:10D8900000F07EBD24990320949A032035B801003E
:10D8A000014800F073BD00BF24990320014800F037
:10D8B0006FBD00BF249903202DE9F8430746884631
:10D8C00016464FF000097568013D11D4B468A3896C
:10D8D000012B08D9B4F90E3001332146384602D065
:10D8E000C04749EA0009013D6B1C04F16804EED110
:10D8F0003668002EE7D14846BDE8F8830CB430B551
:10D90000144B0D1E1C689DB01FDB14BF01220022AA
:10D91000AA1A114B0593002121AB1B91029006908E
:10D920000492079202A9209A0193204601F030FD4B
:10D93000431CBCBF8B23236015B1029B00221A70CD
:10D940001DB0BDE8304002B070478B2323604FF01C
:10D95000FF30F5E72C3700200802FFFF10B50C461A
:10D96000B1F90E1000F0A4FC002803DB236D034482
:10D97000236510BDA38923F48053A38110BD00BF8C
:10D980002DE9F0411F46B1F90C301646DA050C4678
:10D9900005460BD423F48053A381B4F90E103B4603
:10D9A00032462846BDE8F04100F0AABC0223B1F996
:10D9B0000E10002200F066FCB4F90C30EAE700BF5C
:10D9C00010B50C46B1F90E1000F05CFCB4F90C3047
:10D9D000421C0EBF23F4805343F480532065A3817F
:10D9E00010BD00BFB1F90E1000F03ABC30B5124CBA
:10D9F0000D1E24689BB019DB0090049014BF012019
:10DA00000020281A0D4902900590002003911990DA
:10DA10006946204601F0BCFC431CBCBF8B2323603D
:10DA200015B1009B00221A701BB030BD8B23236000
:10DA30004FF0FF30F8E700BF2C3700200802FFFF4F
:10DA4000032A11D8002A3BD0013A431E013902446F
:10DA500001E09A4234D013F8010F11F801CF60456C
:10DA6000F7D0A0EB0C00704710B541EA0004A40702
:10DA700084460B460FD0013A431E0139024401E0AF
:10DA80009A421BD013F8010F11F801CF6045F7D06F
:10DA9000A0EB0C0010BDDCF80040D3F800E07445AA
:10DAA0001946604603F104030CF1040CE3D1043A77
:10DAB000032AF0D860461946002ADCD1002010BDA8
:10DAC00000207047884270B531D98B1883422ED917
:10DAD000032A00EB02011DD941EA030C1CF0030FDD
:10DAE0001D4618D14FEA920C0CF1FF36A1EB8C04C5
:10DAF0008C4653F804ED4CF804EDA445F9D1C6EB7F
:10DB0000867301EB830105EB830CACF1040304394C
:10DB100002F0030252B102F1FF3C6FEA0C0C9C448C
:10DB200013F8012D01F8012D6345F9D170BD032AC9
:10DB300050D941EA00039B074ED10F2A51D922F058
:10DB40000F0301F1100601F1100C103B203100F120
:10DB5000100E19445CF8104C4EF8104C5CF80C4C4C
:10DB60004EF80C4C5CF8084C4EF8084C5CF8044C31
:10DB70004EF8044C0CF1100C8C450EF1100EE9D14E
:10DB8000F11812F00C0F034402F00F0503F110031B
:10DB900025D025F0030CACF1040426461A1F1C19ED
:10DBA0008C465CF804EB42F804EFA242F9D1043150
:10DBB00004333144334405F00302002AB6D0013A5D
:10DBC0000132013B0A4411F801CB03F801CF914225
:10DBD000F9D170BD0346F0E7013A0346F0E72A4663
:10DBE000EBE703461546D4E730B58407864603467F
:10DBF00006D0A2B303F8011B980702F1FF32F8D157
:10DC0000032A26D95FFA81FC0CEB0C2C0F2A0CEBB3
:10DC10000C402AD922F00F0C9C44C3E90000C3E950
:10DC2000020010336345F8D112F00C0F02F00F041C
:10DC300017D04FEA940C0CF1FF351A4603EB8C0C0D
:10DC400042F8040B6245FBD1043304F0030203EBFA
:10DC5000850322B11A4403F8011B9A42FBD1704696
:10DC600030BD2246002AF5D1F9E71446E1E700BFAE
:10DC700011F0FF01034600F003023AD092BB0268A4
:10DC800001EB012303EB034383EA020C10B51C46AE
:10DC9000A2F1013323EA0203ACF1013222EA0C02C1
:10DCA000134313F0803F0FD150F804CF8CEA040ED9
:10DCB000ACF10133AEF1013223EA0C0322EA0E0289
:10DCC000134313F0803FEFD0037823B936E010F808
:10DCD000013F002B32D09942F9D110BD8A4228D0A1
:10DCE0009A0729D01A7818460133002AF6D110462F
:10DCF0007047CAB90268A2F1013323EA020313F0A4
:10DD0000803F08D150F8042FA2F1013323EA020327
:10DD100013F0803FF6D003785BB110F8013F002B81
:10DD2000FBD17047990705D01A7818460133002AAD
:10DD3000F8D170471846DDE71846A0E7184610BD31
:10DD40008AB340EA01039B0730B504468E4618D1DA
:10DD5000032A07D815E0043A23D01CF0803F20D1D5
:10DD6000032A26D92368DEF80050A3F10131AB4223
:10DD700021EA030C2046714604F104040EF1040E5E
:10DD8000E9D003780C78A3420FD1013A024406E0AF
:10DD90006BB110F8013F11F8014FA34205D1904239
:10DDA000F6D1002030BD10467047181B30BD184614
:10DDB00030BD20467146E4E710B5044608438307AA
:10DDC00001D1032A19D8A44601F1FF3E07E01EF84D
:10DDD000011F03F8011B501E31B19C4602466346E9
:10DDE000002AF4D1204610BD94440028FAD003F84C
:10DDF000011B6345FBD1204610BD0B46A4461868A5
:10DE00001946A0F1013323EA000313F0803F01F12A
:10DE10000403D9D1043A032A4CF8040BEFD819466D
:10DE2000D2E700BF01292DE9F04115465BD94FF03B
:10DE30000108C64600224FF0FF34434608E0A3EB3A
:10DE400004081A464FF0010E02EB0E03994210D956
:10DE500000EB040CC75C1CF80E60B742EFD332D065
:10DE60004FF001081446C646424402EB0E039942A5
:10DE7000EED80127C5F80080BE4600224FF0FF36DD
:10DE80003B4607E09F1B1A464FF0010E02EB0E03C4
:10DE9000994210D900EB060C10F803801CF80EC054
:10DEA000E045EFD817D001271646BE463A4402EBAC
:10DEB0000E039942EED80136601C864201D32F60D2
:10DEC0003046BDE8F081C6450ABF72440EF1010E2E
:10DED0004FF0010EB8E7BE450ABF72440EF1010EC5
:10DEE0004FF0010ED2E701270026E8E72DE9F04FB9
:10DEF0009346ADF21C4D0746894605AA1946584679
:10DF00001C46FFF78FFF05AB82460DF2144143F824
:10DF1000044F8B42FBD16CB1601E58440BF1FF32B1
:10DF200012F8011FA31A013B06AE5B44824246F879
:10DF30002130F5D1059B029352460BEB0301584665
:10DF4000FFF77EFD002878D144F400638046054643
:10DF5000A9EB04010393661EA94213D307EB050E38
:10DF600006AA1EF8063052F82330D3B1B8F1000FDC
:10DF700003D0029A9A4288BFA31A1D44A9424FF0C7
:10DF80000008EBD2039907EB090003F083FB8144FF
:10DF9000A9EB0401A942E1D200200DF21C4DBDE81D
:10DFA000F08FD045434638BF5346B3421BD20BF1E6
:10DFB000FF3018440EEB0302019502E00133B34237
:10DFC00010D0157810F801CFAC4502F10102F5D060
:10DFD0009E42019D07D9CAF101022A44D5184FF08B
:10DFE0000008B9E7019DD04580F0888007EB0A0260
:10DFF0002A440AF1FF330BEB0A00019502E0984531
:10E0000011D0013B10F801CD12F8015DAC45F6D0FE
:10E01000019D013308F10108984509D8029B1D4470
:10E02000A4EB030898E708F101089845019DF5D98C
:10E0300070460DF21C4DBDE8F08FA4EB0A0353456A
:10E0400038BF534601330293661E44F40063002533
:10E05000A9EB0401019307EB0608A94208D318F8BD
:10E06000052006AB53F822309BB11D44A942F6D2DD
:10E07000019907EB090003F00DFB8144A9EB0401B2
:10E08000A94289D318F8052006AB53F82230002B9B
:10E09000EBD1564519D90BF1FF3007EB0A03504479
:10E0A0002B44524602E0013296420ED093F800C053
:10E0B00010F801EFE64503F10103F4D0964204D9CC
:10E0C000CAF101032B449D18C7E7BAF1000F10D025
:10E0D00007EB0A0028440BEB0A0201E05A4508D07E
:10E0E00010F801CD12F801EDE645F7D0029B1D4472
:10E0F000BCE778190DF21C4DBDE8F08F534689E757
:10E100002DE9F0410D7890B00446002D48D04A78B2
:10E11000002A68D08B78002B46D0C878002877D0AA
:10E120000B79002B65D008460E4600F009FB05462A
:10E1300040F40071204603F0ADFA854242D8FE2D2E
:10E140007FD8401B27184022691C6846FFF74CFD0A
:10E150005DB1721EA81812F8013F03F03F036B4433
:10E16000B11A294490421970F5D1013C635D03F066
:10E170003F036B441B781C44A74203D227E044446E
:10E18000A74224D314F805C00CF03F0CEC442A46F7
:10E19000314620469CF80080FFF752FC0028EED163
:10E1A000204610B0BDE8F081007842EA054238B15F
:10E1B00040EA03439A4214F8010FF8D1023CEFE71A
:10E1C0009A42FBD00024204610B0BDE8F0817B5D70
:10E1D0007819002BF6D04FF4006103F05BFA074486
:10E1E000A742C2D2EEE7294610B0BDE8F041FFF7E2
:10E1F0003FBD2278002AE5D0096809BA42EA032324
:10E20000204614F8012FB2B19942F7D1C41EC7E7D6
:10E21000120442EA0562217842EA0323024641EAF7
:10E22000020059B1B3EB002F14F8011F4FEA00228E
:10E23000F5D1033CB4E79942C4D1E7E79342C1D199
:10E24000F7E701462B463246204610B0BDE8F041C4
:10E25000FFF74CBE014B93F810027047C434002006
:10E2600038B5074C0023054608462360FCF778FACA
:10E27000431C00D038BD2368002BFBD02B6038BD79
:10E28000A8B8032038B58C46084C114605461A46F6
:10E29000604600232360FCF76FFA431C00D038BDB2
:10E2A0002368002BFBD02B6038BD00BFA8B803202B
:10E2B00038B58C46084C114605461A466046002380
:10E2C0002360FCF74BFA431C00D038BD2368002BB9
:10E2D000FBD02B6038BD00BFA8B8032038B5074C71
:10E2E0000023054608462360FCF720FA431C00D0B3
:10E2F00038BD2368002BFBD02B6038BDA8B80320A5
:10E3000038B58C46084C114605461A46604600232F
:10E310002360FBF7F5FD431C00D038BD2368002BBC
:10E32000FBD02B6038BD00BFA8B80320014B186894
:10E33000704700BF2C37002070B50E4E0E4DAE4218
:10E3400008D0761BB610002455F8043B01349847DA
:10E35000A642F9D8094E0A4D05F032FFAE4208D068
:10E36000761BB610002455F8043B01349847A642AA
:10E37000F9D870BDF01D0060F01D0060F81D006050
:10E38000F01D0060704700BF704700BF704700BFBE
:10E39000704700BF082802D14FF48050704708B57D
:10E3A000FFF7C4FF162303604FF0FF3008BD00BF26
:10E3B000000000000000000000000000000000005D
:10E3C00002780B78012A28BF9A4240F0D8806DE984
:10E3D000044540EA0104CDE902676FF0000C4FEA02
:10E3E00044721AB380EA010414F0070F6BD100F0F5
:10E3F000070420F0070004F0030521F007014FEAAD
:10E40000C505F0E8042314F0040FF1E804670CFAE2
:10E4100005F462EA040266EA04060BD063EA040328
:10E42000624667EA0407664604E000BFF0E804239A
:10E43000F1E8046782FA4CF582EA0604A4FA8CF447
:10E440006CBB83FA4CF583EA0705A5FA8CF595B900
:10E4500050E9022351E9026782FA4CF582EA060488
:10E46000A4FA8CF483FA4CF583EA0705A5FA8CF537
:10E470002543DBD09CB92DBAB5FA85F424F0070406
:10E4800027FA04F1DDE9026723FA04F303F0FF0041
:10E4900001F0FF01FDE80445A0EB0100704724BA3C
:10E4A000B4FA84F424F0070426FA04F1DDE90267E3
:10E4B00022FA04F202F0FF0001F0FF01FDE804453A
:10E4C000A0EB0100704714F0030F3CD110F00304DF
:10E4D00028D150F8082B51F8083B82FA4CF582EA13
:10E4E0000305A5FA8CF55DB950F8042C51F8043CED
:10E4F00082FA4CF582EA0305A5FA8CF5002DE8D0E6
:10E500002DBAB5FA85F424F0070423FA04F122FAAF
:10E5100004F202F0FF0001F0FF01FDE80445A0EB6A
:10E52000010070474FEAC40420F0030050F8082BA4
:10E5300021F0030151F8083B0CFA04F462EA0402EA
:10E5400063EA0403C9E710F003041DD0A1EB040142
:10E5500020F00300E40750F8042B06D012D28B7889
:10E560005FFAA2F4E41A06D12BB1CB785FFAB2F4C9
:10E57000E41A00D133B920465DF8104B7047A2EB86
:10E580000300704701F1040150F8042BCC0721F07F
:10E59000030151F8043B48D824D222F07F4482FA88
:10E5A0004CF594EA1325A5FA8CF50AD165B951F812
:10E5B000043B84EA0204B4EB036F0ED150F8042B41
:10E5C000EBE74FEA132355E035F07F454DD108784E
:10E5D000FDE80445C0F1000070474FEA126203F005
:10E5E000FF0347E002EA1C4482FA4CF594EA134523
:10E5F000A5FA8CF50AD165B951F8043B84EA020406
:10E60000B4EB034F0CD150F8042BEBE74FEA134364
:10E6100030E015EA1C4528D10B884FEA124229E068
:10E620004FEA124203EA1C4324E002F0FF0482FA9C
:10E630004CF594EA1365A5FA8CF50AD165B951F841
:10E64000043B84EA0204B4EB032F09D150F8042BF5
:10E65000EBE74FEA13630DE015F0FF0F05D10B68F0
:10E660004FEA122223F07F4304E04FF00000FDE860
:10E670000445704712BA1BBA82FA4CF482EA0304CA
:10E68000A4FA8CF5B5FA85F402FA04F203FA04F35D
:10E690004FEA1260FDE80445A0EB1360704700BF2D
:10E6A00001F0FF01102A2BDB10F0070F08D010F843
:10E6B000013B013A8B422DD010F0070F42B3F6D147
:10E6C000F0B441EA012141EA014122F007047FF060
:10E6D00000070023F0E80256083C85EA010586EAB7
:10E6E000010685FA47F5A3FA87F586FA47F6A5FAF3
:10E6F00087F68EB9EED1F0BC01F0FF0102F00702FF
:10E7000032B110F8013B013A83EA010313B1F8D1A9
:10E710000020704701387047002D06BF354603388A
:10E72000073815F0010F07D1013015F4807F02BFC3
:10E73000013015F4C03F0130F0BC0138704700BF14
:10E7400030B490F800F020F007016FF0000C10F0EA
:10E75000070491F820F040F048804FF000046FF07B
:10E760000700D1E9002391F840F000F1080082FA97
:10E770004CF2A4FA8CF283FA4CF3A2FA8CF34BBB62
:10E78000D1E9022382FA4CF200F10800A4FA8CF2DB
:10E7900083FA4CF3A2FA8CF3E3B9D1E9042382FAA9
:10E7A0004CF200F10800A4FA8CF283FA4CF3A2FABE
:10E7B0008CF37BB9D1E9062301F1200182FA4CF2F6
:10E7C00000F10800A4FA8CF283FA4CF3A2FA8CF35D
:10E7D000002BC6D0002A04BF04301A4612BAB2FA7F
:10E7E00082F200EBD20030BC7047D1E9002304F084
:10E7F0000305C4F100004FEAC50514F0040F91F8B9
:10E8000040F00CFA05F562EA05021CBF63EA050355
:10E8100062464FF00004AAE7F0B51D4C83B00546F0
:10E820002068019116461F46FFF7B0FD194A01996D
:10E83000136823B35A6820681F2A23DC4DB9541C7F
:10E8400002325C6043F82210FFF7A2FD002003B003
:10E85000F0BD03EB820E0124CEF88860D3F8886106
:10E86000944046EA040C022DC3F888C1CEF8087122
:10E87000E5D1D3F88C512543C3F88C51DFE7064B23
:10E880001360D7E7FFF784FD4FF0FF30DFE700BFED
:10E89000B8340020889703208C970320F8B50646EB
:10E8A00008200C46FFF776FD07463046FEF7DCFCF5
:10E8B000224A93685D6825F00305A5F111031C1B2E
:10E8C0003C44B4FBF7F4013C07FB04F4A74208DC2A
:10E8D00000213046FFF702FD184A93682B44984206
:10E8E00004D03046FEF7C6FC0020F8BD6142304639
:10E8F000FFF7F4FC0130114A0DD0114993682D1B2C
:10E9000045F001055D600B6830461B1B0B60FEF790
:10E91000B1FC0120F8BD00213046FFF7DFFC074ABB
:10E920009268831A0F2BDCDD43F001035360054B23
:10E9300003491B68C01A0860D3E700BF802E00207F
:10E940002899032018370020002965D02DE9F041CF
:10E950000C460746FEF788FC54F804EC7D49A4F108
:10E96000080C2EF001030CEB03028D6850689542F1
:10E9700020F003000EF0010600F08B8015185060A7
:10E980006D6805F00105A846AEBB54F8084CACEB29
:10E99000040C2344DCF8084001F1080E74456BD0E8
:10E9A000DCF80C50E560AC60B8F1000F00F08C8032
:10E9B00043F00100CCF804001360B3F5007F35D2BA
:10E9C000DA0848685C090132012312B2A34003430C
:10E9D0004B6051F83200CCF8080001EBC203083B51
:10E9E000CCF80C3041F832C0C0F80CC03846BDE855
:10E9F000F041FEF73FBC85B9034401F1080E906871
:10EA0000704543F001047AD0D268C2609060CCF8BF
:10EA100004404CF80330D0E770474EF00102B3F5E4
:10EA2000007F44F8042C4CF80330C9D3B3F5206FB1
:10EA30004FEA53204AD2980900F1390212B200F18C
:10EA40003804D20088188A580838904203D15FE011
:10EA50009268904204D0516821F003019942F7D89E
:10EA6000D068CCE90220C0F808C03846C2F80CC013
:10EA7000BDE8F041FEF7FEBBA5BB1844D2E9022376
:10EA8000D3609A6040F00103CCF804304CF80000E9
:10EA9000ACE7184446B954F8083CACEB030C1844F6
:10EAA000DCE90223D3609A6040F00103CCF8043023
:10EAB000294BC1F808C01B68834297D8274B3846BA
:10EAC0001968FFF7EBFE91E7034498E714280FD984
:10EAD000542824D8180B00F16F0212B200F16E0412
:10EAE000D200AFE743F00101CCF8041013607DE7DA
:10EAF00000F15C0212B200F15B04D200A2E7C1E9AE
:10EB000004CCCCE902EECCF804404CF803306DE7BD
:10EB1000A4100123A3404C6823434B60A1E7B0F548
:10EB2000AA7F07D8D80B00F1780212B200F177045F
:10EB3000D20087E740F25452904206D8980C00F178
:10EB40007D0200F17C04D2007CE74FF47E727E24CB
:10EB500078E700BF802E00201C3700205899032042
:10EB600082B049B15AB16BB113780B601278101EA4
:10EB700018BF012002B0704701A9002AF3D1104646
:10EB800002B070476FF00100F4E700BF30B5436C8E
:10EB900083B005460C4653B153F8240088B102688F
:10EBA00043F824200023C0E9033303B030BD212201
:10EBB000042102F0E9FD034668640028ECD100203E
:10EBC000F3E7012101FA04F35A1D9200284601934C
:10EBD00002F0DAFD0028F2D0019B44608360E1E797
:10EBE00031B1436C4A6853F82200086043F82210A0
:10EBF000704700BF2DE9F0410E6917460D461C46CF
:10EC000001F114024FF0000E11688BB207FB0343B1
:10EC10004FEA134C090C07FB01CC0EF1010E9BB21D
:10EC200003EB0C43764542F8043B4FEA1C44EBDC13
:10EC30003CB1AB68B34207DD05EB860301365C618E
:10EC40002E612846BDE8F081696801318046FFF7F2
:10EC50009DFF0746B0B12A69023205F10C0192000E
:10EC60000C30FBF7CFFBD8F844306A6853F8221019
:10EC7000296043F822503D4605EB860301365C616E
:10EC80002E61DEE7024B03483A46BA2102F05CFDF2
:10EC9000782400208C240020B0F5803F034636BF46
:10ECA000030400201020B3F1807F3CBF1B0208301A
:10ECB000B3F1805F06D3B3F1804F0FD29A0012D424
:10ECC000033070471A01B2F1804F00F1040006D200
:10ECD0009B0108D45B00F3D4202070471A46002A19
:10ECE000FBDB013070470230704700BF03685907F3
:10ECF00008D0DA071FD499072AD55B0803600122E0
:10ED0000104670479AB282B91B0CDAB2B2B1102227
:10ED1000190701D104321B09990714D0D90701D46E
:10ED200001325B08036010467047DAB24AB11A0735
:10ED300017D10422EFE700221046704718221B0A61
:10ED4000E6E70822FBE7590707D502329B08E9E707
:10ED50009B080222036010467047DB0804D1202282
:10ED6000CEE7DB080322DDE70332DBE738B5436C8F
:10ED700004460D464BB15868B0B102685A60002293
:10ED80000123C0E90323456138BD2122042102F09B
:10ED9000FBFC034660640028EDD1094B09480022C2
:10EDA00040F2451102F0D0FC1C220121204602F065
:10EDB000EBFC0028F1D001220223C0E90123DEE7A9
:10EDC000782400208C2400202DE9F04F0F6915696C
:10EDD000AF4285B00E46904605DB2A4643463D4687
:10EDE000884617461E46D8F80830D8F80410EC19A3
:10EDF000A342B8BF0131FFF7C9FE8446002800F0E6
:10EE00009C80143000EB840E704505D2034600212F
:10EE100043F8041B9E45FBD8143606EB8702964246
:10EE20007CD208F1140707EB8505A5EB080308F170
:10EE30001508A845A3F11503CDE902E44FEA930AAA
:10EE40008CBF002401249146E34605E0090C34D12F
:10EE5000B14500F104005ED956F8041B8AB2002ABD
:10EE6000F4D0CDE90090B8468646002358F8041B3C
:10EE7000DEF800001FFA81F94FEA114C81B202FB63
:10EE80000911000C194402FB0C0000EB114089B27F
:10EE900041EA004145454EF8041B4FEA1043E5D8CE
:10EEA000DDE90090002C4FEA8A0208BF00220244EC
:10EEB000536056F8041C090CCAD00368CDF80090C2
:10EEC0008846BC46864600221946BCF8009008FBDE
:10EED000092909EB11499BB243EA09434EF8043B67
:10EEE0005CF8043BDEF800101B0C8AB208FB03231D
:10EEF00003EB194365454FEA1342E6D8002C4FEA6D
:10EF00008A02DDF8009008BF00220244B145536038
:10EF100000F10400A0D8DDE902E4DC46002C02DCAC
:10EF200005E0013C03D05EF8043D002BF9D06046BB
:10EF3000CCF8104005B0BDE8F08F034B03486246A3
:10EF40004FF4B17102F000FC782400208C240020E2
:10EF5000F8B512F00303144607462FD10E46A4104D
:10EF60002AD03D6C002D32D004F0010364103BB96F
:10EF70002868B8B1054604F001036410002BF7D0EF
:10EF80002A4631463846FFF71FFF36B17B6C716861
:10EF900053F82120326043F8216074B10646286896
:10EFA0000028E7D12A4629463846FFF70DFF0023FF
:10EFB000286003600546DEE73046F8BD013B0F4A96
:10EFC00052F823200023FFF715FE0646C7E701216C
:10EFD0003846FFF7DBFD054640B1012340F27122C0
:10EFE000C0E90432002338640360BDE7044B0548E0
:10EFF0002A4640F2451102F0A7FB00BFD02D0020A9
:10F00000782400208C2400202DE9F0470D469146FD
:10F010002E69AB68496806EB6216741C9C42074671
:10F020004FEA621804DD5B009C4201F10101FADC49
:10F030003846FFF7ABFD844600284FD0B8F1000FEB
:10F0400000F114000BDD08F105010CEB8101034612
:10F05000002243F8042B8B42FBD100EB8800296986
:10F0600005F1140319F01F0803EB810E2ED0C8F12F
:10F07000200902464FF0000A196801FA08F141EA36
:10F080000A0142F8041B53F8041B9E4521FA09FAB1
:10F09000F2D8AEEB0503153B23F0030305F115028F
:10F0A000964538BF0023043340F803A0BAF1000F9F
:10F0B00000D134467B6C6A68CCF8104053F82210BB
:10F0C0002960604643F82250BDE8F087043853F8C1
:10F0D000042B40F8042F9E45F9D8EAE7034B044877
:10F0E00062464FF4EF7102F02FFB00BF782400203E
:10F0F0008C24002003690A6900B5B3EB020E12D11B
:10F1000000F1140C14310CEB820301EB820101E0DD
:10F110009C4508D253F8040D51F8042D9042F7D0C5
:10F1200003D24FF0FF3E704600BD4FF0010E704617
:10F1300000BD00BF2DE9F04F17460A693B69A2EBFD
:10F140000308B8F1000F83B00C4615D1143107F154
:10F15000140505EB830501EB830302E0994280F07F
:10F16000858053F8046D55F8042D9642F6D080F052
:10F170008A804FF0010805E0FBDB3B464FF00008BA
:10F180000F461C467968FFF701FD002800F08680D5
:10F190003A692669C0F80C8007F1100107F11408DC
:10F1A000834600F1140704F1140008EB820E944624
:10F1B00000EB86060023B946C2460A46019450F881
:10F1C000041B52F8045F8CB21FFA85F8A8EB040800
:10F1D000090C9844C1EB154101EB28411FFA88F84E
:10F1E00048EA0144864249F8044B4FEA2143E6D8F5
:10F1F000A146019C301B1538153420F00300A642AF
:10F2000038BF00200AEB00010431C4198E45624664
:10F210000846DC4698BF23461AD9A7EB0A070434F0
:10F22000C61950F8045B13FA85F82B442D0C05EB36
:10F2300028459BB243EA05498645C6F800904FEA47
:10F240002543EDD80EF1FF335B1A23F0030323446B
:10F25000B9F1000F04D153F8041D013A0029FAD086
:10F260006046CCF8102003B0BDE8F08F0021FFF716
:10F270008DFC844658B101220023C0E90423604676
:10F2800003B0BDE8F08F3B4627461C467AE7074BA4
:10F290000748624640F2372102F056FA0246034B15
:10F2A000034840F2452102F04FFA00BF78240020C5
:10F2B0008C2400202DE9F043894683B0012157ECCE
:10F2C000106B9046FFF762FC0446002846D0C7F357
:10F2D0000A55C7F313030DB143F480130193331E92
:10F2E00015D101A8FFF702FD019B636101212030C8
:10F2F000216115B3A5F233450544C0F13500C9F8C5
:10F300000050C8F80000204603B0BDE8F08368460E
:10F310000093FFF7EBFCDDE9002328B1C0F12001E9
:10F3200003FA01F10A43C340002B0CBF0121022163
:10F330006261A3612161002DDCD104EB8103A0F2A5
:10F340003240C9F800001869FFF7A6FCC0EB411075
:10F35000C8F80000204603B0BDE8F083034B044822
:10F36000224640F20F3102F0EFF900BF782400206E
:10F370008C24002049B1FF2A02D80A70012070476E
:10F380008A2303604FF0FF3070470846704700BF84
:10F390002DE9F04F2DED028BD1B00C460791904630
:10F3A0000993824602F086F9036811931846FFF725
:10F3B000C7F908221090002120A8FEF715FCA389A8
:10F3C000180603D52369002B01F06E8000239FED02
:10F3D000728BCDE92533CDE9143327AA0D932492FE
:10F3E000174612931393059345462C466C4BD3F85E
:10F3F000CC61FEF72FFF20AA034600921AA92246ED
:10F400005046B047002800F09880C0F28E801A9ACB
:10F41000252A034601D01C44E8E7B4EB050806465C
:10F4200040F08F8000234FF0FF328DF85F309B4615
:10F43000069301342378049201349946A9F12003FC
:10F440005A2B00F2AF80DFE813F0FE02AD00AD00F2
:10F45000FA02AD00AD00AD00DD02AD00AD00A802C6
:10F46000B702AD00B302C002AD00BC025B005B009E
:10F470005B005B005B005B005B005B005B00AD0062
:10F48000AD00AD00AD00AD00AD00AD002101AD009F
:10F490009C01AC03210121012101AD00AD00AD00B3
:10F4A000AD00A803AD00AD000803AD00AD00AD0098
:10F4B0007302AD006103AD00AD009807AD00AD0073
:10F4C000AD00AD00AD00AD00AD00AD002101AD005F
:10F4D0009C018701210121012101ED0387016C00BD
:10F4E000AD000804AD00F8033D0413046C00AD004A
:10F4F00073026A008303AD00AD00FB07AD006A0034
:10F50000A9F13003002214F8019B02EB820203EB05
:10F510004202A9F13003092BF5D906928EE7237830
:10F520008AE723784BF0200B86E70822002120A8E9
:10F53000FEF75AFB01231C4458E7B4EB05080646C6
:10F5400010D02599269B013143440729C7E900586B
:10F550002693259117DC0837059B43440593002E1D
:10F560007FF460AF269B002B41F00383079B9B89B0
:10F5700003F04003002B41F0CF86059851B0BDEC5D
:10F58000028BBDE8F08F079924AA504601F022FFB4
:10F590000028EBD127AFDFE70000000000000000EB
:10F5A000C4340020B9F1000FDCD00023CDE90B33C7
:10F5B00001228DF8DC908DF85F3008930A92049355
:10F5C0000E9337AD0292269A1BF08403904600F00A
:10F5D00005819DF85F1009B3DDF894C000260CF199
:10F5E000010101200132786007290DF15F00CDE9AA
:10F5F0002512386000F33E8408377EB1DDF894C0F0
:10F600000CF1010118A80232386007294FF00200FE
:10F61000CDE92512786000F320840837802B00F0B4
:10F620006583049B0A995E1A002E00F3E8801BF4A0
:10F63000807F40F021810A9B7B601A44259B3D60BE
:10F640000133072B2692259300F3BC8308371BF068
:10F65000040F05D0069B02995D1A002D00F3188453
:10F66000DDE9053102988142ACBF5B181B18059398
:10F67000002A40F0778300232593089B1BB108994B
:10F680005046FFF761F927AF2546AEE6099B0733E1
:10F6900023F00703B3EC028B9FEDA17BB0EEC86BA8
:10F6A000B4EE476BF1EE10FA099300F33986B4EE2D
:10F6B000488BF1EE10FA81F14685B9F1610F01F046
:10F6C0007A83B9F1410F01F07084049B013301F09A
:10F6D0007F82B9F1670F18EE903A4BF4807801F011
:10F6E000F584B9F1470F01F0F1840023089318EE77
:10F6F000903A002BC1F20885B0EE487B0026A9F1B4
:10F700004103252B01F2DD81DFE813F0A50CDB09B5
:10F71000DB09DB09700ADD0ADB09DB09DB09DB0930
:10F72000DB09DB09DB09DB09DB09DB09DB09DB09B9
:10F73000DB09DB09DB09DB09DB09DB09DB09DB09A9
:10F74000DB09DB09DB09DB09DB09DB09A50CDB09CC
:10F75000DB09DB09700ADD0A1BF0200F40F0DE85B3
:10F76000099A1BF0100F52F8046B41F01C861BF035
:10F77000400F099201F08E8046F3C038434636B2FE
:10F780001FE2B9F1430F03D01BF0100F00F06586A4
:10F790000822002122A8FEF727FA099A37AD12683D
:10F7A00022AB2946504602F0D5FF0A90013001F005
:10F7B000AE850A9B23EAE3730293099B269A0433DE
:10F7C00009930023CDE90B338DF85F300893049340
:10F7D0000E931BF0840390467FF4FBAE0699029EC5
:10F7E0008E1B002E00F321849DF85F1000297FF40A
:10F7F000F3AE049B0A995E1A002E7FF718AF4A49B0
:10F80000259B0F91102E27DD39464FF01008374603
:10F810002E462546079C04E0103F102F01F10801F9
:10F8200016DD013340481032072BC1E90008CDE94D
:10F830002532F1DD24AA2146504601F0CBFD0028F7
:10F8400040F09882103F102FDDE9253227A9E8DC2F
:10F850002C4635463E460F4601330F9939603244F7
:10F86000072BCDE925327E6000F364841BF4807F92
:10F8700007F108073FF4DFAEB9F1650F40F3AC8242
:10F88000B5EE408BF1EE10FA40F05283259B2749EC
:10F890003960013301320121072B269225937960CB
:10F8A00000F37F870837199B0D998B4280F2EB8418
:10F8B000109B11991A44C7E90013259B2692013326
:10F8C000072B259300F3D38508370D9B5D1E002D74
:10F8D0007FF7BDAE1449259B0F91102D40F39787FC
:10F8E000A146DDF81C8010260C4604E00837103DC8
:10F8F000102D40F38B8701331032072BC7E90046E8
:10F90000CDE92532F2DD24AA4146504601F062FDE0
:10F91000002840F02F82DDE9253227AFE7E700BF5E
:10F92000FFFFFFFFFFFFEF7F602E0020EC100020A5
:10F93000DDF8248058F8045B00238DF85F30002D3B
:10F9400000F0A185B9F1530F00F037871BF01003C9
:10F950000B9340F03287049B002BC1F2FC801A46C7
:10F960000B992846FEF79CFE9DF85F300890002812
:10F9700001F04884089A521B0A9222EAE27202922B
:10F980000BB1013202920B9BCDF8248004930E93AD
:10F990000C9308934FF0730915E6099B53F8042B59
:10F9A0000692002A80F27584069A099352420692C2
:10F9B00023784BF0040B3FE52B238DF85F30237841
:10F9C0003AE523784BF0800B36E5214611F8019B90
:10F9D000B9F12A0F01F09084A9F13003092B98BFE7
:10F9E000002201F2DD8211F8019B02EB820203EB9F
:10F9F0004202A9F13003092BF5D942EAE2730493DC
:10FA00000C461BE5504601F055FE4368139318461B
:10FA1000FEF796FE15900646504601F04BFE8268B2
:10FA200023781492002E3FF407AD002A3FF404AD72
:10FA30001278002A3FF400AD4BF4806BFCE423788D
:10FA40004BF0010BF8E49DF85F202378002A7FF447
:10FA5000F3AC20228DF85F20EEE41BF0200F4BF07A
:10FA6000100000F02884099B073323F007031A468F
:10FA7000596852F8083B099200228DF85F20049AD9
:10FA8000002A18DB53EA010220F4906B15D1049A86
:10FA90009AB910F001031A46029300F073863023DE
:10FAA0008DF83F31049B0A92CDE90B330E930893F6
:10FAB0000DF23F1587E520F4806B50AD03F007028F
:10FAC000DB0843EA4173C908303253EA010628468D
:10FAD00005F8012DF2D11BF0010F00F01582302A3C
:10FAE00000F012823023049905F8013C023850AB33
:10FAF0001B1A99424FF00002B8BF1946CDE90B22FC
:10FB000008920A93054602910E925CE51BF0200FC5
:10FB10004BF0100121D1099B1A1D099B04981B6809
:10FB20004FF0000840458DF85F801E4659DB21F0FC
:10FB3000800B002B40F08C850992002840F0E9836F
:10FB4000CDE90B000A900E900290089050AD3AE576
:10FB50001BF0200F00F0BE835946099B073323F0AA
:10FB6000070200238DF85F30049BD2F8048052F81E
:10FB7000086B0992002B35DB56EA080321F0800B55
:10FB800031D1049B002B40F0C483CDE90B330A93A1
:10FB90000E930293089350AD15E523784BF0080BB4
:10FBA0004AE41BF0200F4BF0100300F07A83099A0F
:10FBB000073222F007029B46536852F8086B0992FD
:10FBC0009846002BC0F2C282049A002A0BDB56EA48
:10FBD00008032BF0800B06D1002A00F04187302665
:10FBE00007E009928B460A2E78F1000380F0BF826D
:10FBF0003036049A9DF85F308DF83F61012AB8BF16
:10FC00000122029201220A920DF23F15002B01F00F
:10FC10006D83029B013302930023CDE90B330893DC
:10FC20000E93D0E42378682B03BF63784BF4007BFA
:10FC300001344BF0400BFFF7FFBB099A1BF0200F7C
:10FC400002F1040300F08883126805991160C91756
:10FC5000516009932546FFF7C8BB23786C2B03BF7F
:10FC600063784BF0200B01344BF0100BFFF7E4BB33
:10FC7000099A049E52F8041B002047F6300386427E
:10FC8000ADF860308DF85F000B46C0F2DB832BF0DF
:10FC9000800545F0020B002940F0D683002E00F0CD
:10FCA000E686099230230122CDE90A210E918DF8D2
:10FCB0003F3102960DF23F154FF078098E460891BC
:10FCC0000C91A5E31BF0200F40F02583099A1BF04F
:10FCD000100F52F8043B41F05E831BF0400F00F020
:10FCE000E9859BB2099258460021C5E6069B029918
:10FCF0005E1A002E7FF795AC8B49259B0F91102E35
:10FD000024DD38464FF010082F4619462546864C0C
:10FD100004E0103E102E00F1080013DD0131103216
:10FD20000729C0E90048CDE92512F2DD079924AA88
:10FD3000504601F04FFBE8B9103E102EDDE92512C8
:10FD400027A8EBDC2C460B463D46074601330F99AE
:10FD500039603244072BCDE925327E6000F363859C
:10FD600008375EE4079924AA504601F033FB0028C7
:10FD70003FF481AC089B002B3FF4F8AB0899504648
:10FD8000FEF7E2FD079B9B8903F04003FFF7F2BB00
:10FD9000109B11991A44C7E90013259B2692013341
:10FDA000072B259300F3068707F108010028C1F20D
:10FDB0001E810D980D6001330244072BCDE92532D9
:10FDC000486046DD079924AA504601F003FB00284D
:10FDD000D0D1269A27AF3AE40D98259B012802F14D
:10FDE000010203F1010307F1080140F364810120DE
:10FDF000072BCDE925323D60786000F32C82109806
:10FE0000119E01330244072BC1E90060CDE9253280
:10FE100000F32D8208310D98B5EE408BF1EE10FA0B
:10FE200000F1FF3600F05F81013301353244072BCA
:10FE3000CDE925320D604E6000F3498108311298FA
:10FE4000486001330244072B1CA8CDE92532086025
:10FE5000B8DC01F10807FFF7FABB07990F9324AA52
:10FE6000504601F0B7FA002884D1269A0F9B27AF9D
:10FE7000FFF7D4BB07990F9324AA504601F0AAFAC2
:10FE800000287FF477AF269A0F9B27AFFFF7B5BB0B
:10FE9000102D259B41F3D580A046DDF81C90234C06
:10FEA000102604E0103D102D07F1080715DD013381
:10FEB0001032072BC7E90046CDE92532F2DD24AA2E
:10FEC0004946504601F086FA00287FF453AF103DB2
:10FED000102DDDE9253227AFE9DC2146444688466E
:10FEE00001332A44072BC7E90085CDE925327FF786
:10FEF000B7AB079924AA504601F06CFA00287FF4AA
:10FF000039AF269AFFF7ACBB049950AA521B914215
:10FF10004FF00003B8BF1146CDE90B3308930A92A6
:10FF200002910E93FFF74FBB602E0020242A002081
:10FF30001998002840F300840B9B0D998B42A8BFB1
:10FF40000B46002B98460ADD1A44C7E90053259B4F
:10FF500026920133072B259300F3B48708370B9EB5
:10FF6000B8F1000FA8BFA6EB0806002E00F3AB8285
:10FF70000B9B1BF4806F03EB050940F0CA82199BB1
:10FF80000D998B4203DB1BF0010F00F07D8510996A
:10FF900011980A44C7E900012599269201310729E1
:10FFA000259100F39B8708370D996E18A6EB09067B
:10FFB000CD1AAE42A8BF2E46002E0BDD259BC7F8FA
:10FFC000009001333244072B7E602692259300F384
:10FFD000D3870837002EA8BFAD1B002D7FF737ABA6
:10FFE000B949259B0F91102D40F31184A146DDF8EE
:10FFF0001C8010260C4604E00837103D102D40F3FD
:02000004600298
:10000000058401331032072BC7E90046CDE92532BC
:10001000F2DD24AA4146504601F0DCF900287FF4C5
:10002000A9AEDDE9253227AFE7E72599102E404636
:1000300040F361870F943A46A846079CA34D1F469C
:1000400004E0103E102E02F1080216DD01311030DE
:1000500010230729CDE9251015605360F1DD24AA8E
:100060002146504601F0B6F900287FF483AE103ED9
:10007000102EDDE9251027AAE8DC3B460F9C174629
:100080002A464546904601F1010C3218BCF1070F93
:10009000CDE925C2C7F800807E6000F336839DF865
:1000A0005F100837002940F0F880002B3FF4B9AA10
:1000B0000B46FFF7A5BA1BF0010F7FF498AE0120A5
:1000C000072BCDE925323D6078607FF7B8AE079900
:1000D00024AA504601F07EF900287FF44BAEDDE9FA
:1000E000253227A9ABE60D9801287FF7A8AE112885
:1000F00075480F9040F3B783A046079F102504462C
:1001000004E00831103E102E40F3AC83013310326E
:10011000072BC1E90045CDE92532F2DD24AA394695
:10012000504601F057F900287FF424AEDDE925326E
:1001300027A9E7E7079924AA504601F04BF90028C0
:100140007FF418AE269A27AFFFF771BA2D238DF8EA
:100150005F30049B764268EB4808002BFFF643AD06
:100160000A2E78F100032BF0800BFFF441AD0294CE
:10017000CDF8289050A9DDF8509008974FF0000C6A
:100180000BF4806426E016EB0803514843F10003AA
:10019000A0FB032020F0030202EB90029B1AF31A4B
:1001A0004B484FF0CC32B646474602FB03F268F1AB
:1001B000000800FB0822A3FB0063BEF10A0F1344F2
:1001C0004FEA560677F10007294646EAC3764FEA1A
:1001D00053082DD33E4D16EB080343F10003A5FB56
:1001E000032020F0030202EB90029B1AF31AA3FBF8
:1001F000053268F1000005FB00225B0843EAC27388
:1002000003EB8303A6EB430330330CF1010C01F83D
:10021000013C4D1E002CB6D099F800306345B2D198
:10022000BCF1FF0FAFD00A2E78F1000380F0B3834A
:100230000499029CCDF8509050AB5A1B9142B8BF24
:100240001146DDF82890089F9DF85F30CDF834C046
:100250000A920291DAE4079924AA504601F0BAF80A
:1002600000287FF487ADDDE9253227A9C7E5079986
:1002700024AA504601F0AEF800287FF47BADDDE9FA
:10028000253227A9C7E51BF0010F3FF4E0A9FFF7CE
:100290000FBB09932378FFF7CFB81E460023FFF763
:1002A0009EB9099A0432099909920E684FEAE678D4
:1002B0009B46434685E4099B1A1D099B09921B68CE
:1002C0000021FFF7D9BB00BF602E0020242A0020A8
:1002D000CDCCCCCC099A1BF0100052F8043B41F075
:1002E00057801BF0400100F0A8818DF85F009BB2A1
:1002F00004994FF0000841451E46C0F2A9812BF039
:10030000800B002B40F0A481049B0992002B3FF44A
:100310003CAC00266CE45846FFF7A5BB5B4646E4C0
:10032000B5EEC08BF1EE10FA2BF0800B00F11E83BE
:100330009DF85F30B9F1470FCCBFA44DA44D002B01
:1003400040F052870322CDE90B3308930A920493BD
:100350000E930292FFF737B91BF0100F40F07C822A
:100360001BF0400F40F0A7831BF4007F00F0748265
:10037000099A0599126811706BE4964E1BF0200FD4
:1003800000F07D81099B073323F007031A46586864
:1003900052F8083B09921BF0010140F05C81049A7D
:1003A0008DF85F10002AC0F28B8153EA00022BF413
:1003B000906B00F0948103F00F02B25C8DF83F2146
:1003C0001B0943EA0073020953EA10100DF23F15AE
:1003D0000BD003F00F001B09305C05F8010D43EA58
:1003E0000273120953EA0200F3D1049A50AB4FF0A2
:1003F000000E5B1B9A42CDE90BEEB8BF1A460A937A
:100400000292CDF820E0CDF838E000293FF4DBA8D7
:10041000029BDDE925C2023302931BF08403904660
:10042000614604D1069E0298361A002E06DCBEF103
:10043000000F3FF4E5A80226FFF7D1B80223F5E547
:10044000654E9BE74BF0020B0992634E03F00F02DF
:100450000221B25C4FF07809B0E7099B1B688DF868
:10046000DC30012302930A9337ADFFF7A6B9079951
:1004700024AA504600F0AEFF00287FF47BAC269AF9
:1004800027AFFFF722BA049B0895062B28BF062347
:1004900002930A932B460495CDE90B334F4DCDF8CB
:1004A00024800E93FFF78FB840215046FCF706FCDE
:1004B000079B18601861002800F06087079A4023A6
:1004C0005361FEF783BF102E259B40F32E874448CF
:1004D000DDF81C800F9039464FF01009074604E004
:1004E0000831103E102E40F32B8201331032072BBF
:1004F000C1E90079CDE92532F2DD24AA4146504612
:1005000000F068FF00287FF435ACDDE9253227A92B
:10051000E7E70D9BDDF83880CDF83CB0EB1804938D
:100520000C9BDDF81CB00B94002B4E463946DDF8D1
:100530005090159F0E9531DDB8F1000F40F32B81DF
:1005400008F1FF382598139B01303A440728C1E988
:1005500000372692259000F39F800831049B99F87C
:1005600000009D1B8542A8BF0546002D0CDD259887
:1005700001302A440728C1E900652692259000F33E
:100580005E8199F800000831002DACBF441B044681
:10059000002C14DC06440C9B002BCDDCB8F1000FC2
:1005A000CEDCDDE90D35EB189E42CDF850900B9C6A
:1005B000DDF83CB0B1460F4628BF9946DFE4102C69
:1005C0002598074B2BDD10250A9310E0EC24002022
:1005D000E82400200C250020F824002020250020FD
:1005E000602E0020103C102C01F1080116DD0130B6
:1005F000AE4B10320728C1E90035CDE92502F1DD07
:1006000024AA5946504600F0E5FE00287FF4B2AB1C
:10061000103C102CDDE9250227A9E8DC0A9B0B60C1
:10062000013022440728CDE925024C6000F35883AD
:1006300099F8000008310644ADE71BF4007840F05B
:10064000328204998DF85F8000291E46BFF657AEAE
:100650000992FFF7C8BA53EA000237D030228DF86A
:10066000602000228DF85F20049A8DF86190002AA6
:1006700023DB2BF4906242F0020B02219BE6099AE5
:100680001BF0100F52F8043B099214D11BF0400FDD
:100690000DD09BB200207EE624AA5946504600F0B9
:1006A00099FE00287FF466AB269A27A956E71BF42B
:1006B000007F40F0F58100206DE64BF0020B022137
:1006C00003F00F022BF4806BB25C77E6049B0021F1
:1006D0008B428DF85F10C0F241812BF4906B049A2D
:1006E000002A00F0CB80012A33788DF83F31B8BF63
:1006F0000122002302920122CDE90B3308930A92D2
:100700000E930DF23F15FEF75EBF07990F9324AAD3
:10071000504600F05FFE00287FF42CAB9DF85F1080
:10072000269A0F9B002900F0AC801E46DDF894C08D
:10073000034627AFFEF753BF259B5D493960013360
:1007400001320121072B26922593796000F37C81E9
:10075000083700287FF41CAB0D990BF001030B4305
:100760003EF475AF109B11991A44C7E90013259BFD
:1007700026920133072B259300F31C8207F1080111
:10078000FFF717BB049B0A93CDE90B330E93089335
:1007900050ADFEF718BF0C9B013B09F1FF390C93DC
:1007A000D0E6079924AA504600F014FE00287FF4F2
:1007B000E1AA269A27AFFFF776B80822002122A8DF
:1007C0001B95FDF711FA049B002B7DDB002602949C
:1007D000CDF82080344698460EE037A9504601F007
:1007E000B9FF411C204400F09484404509DC06F127
:1007F000040600F0008504461B9A925922AB002A99
:10080000EBD10A94DDF82080029C6AE04C4601336B
:100810000F9939602A44072B7D60CDE925327EF798
:1008200015AFFFF7CFBA079924AA504600F0D2FDC2
:1008300000287FF49FAA269A27AFFEF7F2BE24AACB
:100840005946504600F0C6FD00287FF493AA99F857
:100850000000269A27A997E6099A0599126811605F
:10086000FFF7F7B9444601330F9808603244072B6D
:10087000CDE925324E607FF7E1AA28E4049BFFF71B
:1008800084B9002B00F00981DDF894C00B4627AF36
:10089000FEF7B6BE1BF4007F16BF46F3C0184FEA42
:1008A000E67876B24346FFF78CB900BF602E002091
:1008B000EC1000201BF4007100F0F980DBB209920B
:1008C00058460021FFF7D8B822AB009300231BAA9B
:1008D0001946504601F066FF0A90013000F0198475
:1008E0001B950A9B002B00F09F80632B00F34C812B
:1008F0000023089337AD0822002122A8FDF774F9E0
:100900000A9E22AB00931BAA33462946504601F0AB
:1009100049FF864240F042850A9A0023AB5422EAFE
:10092000E27202929DF85F20049312B1029A0132A2
:100930000292CDE90B33CDF824800E93FEF743BE2F
:100940000F4601330F9939603244072BCDE9253228
:100950007E6000F323810837FFF70ABB33788DF8F8
:100960003F312BF4806B0DF23F153EE52D238DF8C2
:100970005F30B9F1470F4FF000030893049340F341
:10098000E6800322964D0A92CDE90B330E930423A1
:100990000293FEF718BE159A1399AD1A2846FDF773
:1009A0000BFA99F801300BB109F101098D4A16EBE8
:1009B000080343F10003A2FB030727F0030000EB49
:1009C00097001B1AF31A4FF0CC3168F1000803FBB3
:1009D00001F102FB0811A3FB023001445B0843EA6A
:1009E000C1764FEA510816EB080343F10003A2FB5E
:1009F000031020F0030101EB90015B1AF31AA3FB33
:100A0000023168F100005B0802FB001243EAC27386
:100A100003EB8303A6EB4303303305F8013C4FF0AF
:100A2000010C013DFFF7F8BB9DF85F30CDF8248045
:100A3000003B18BF012302930A9B0493CDE90B33BB
:100A40000E930893FEF7BFBD079924AA504600F005
:100A5000C1FC00287FF48EA91998269A27AF78E662
:100A60009DF85F3002920A9250ADFFF7CFB8049B19
:100A70000992CDE90A330E930C93029350AD4FF0D7
:100A800078099E460893C3E46E18A6EB0906CD1AB2
:100A9000AE42A8BF2E46FFF79DBA27AFFEF7C1BDF5
:100AA000DBB2002077E48DF85F10DBB220E409921E
:100AB0005846FEF7E1BF099A059912681180FFF7C1
:100AC000C8B822AB01931BAB0093B0EE470B049A5E
:100AD00019AB022150468DED027B00F025FF9DED04
:100AE000027B05461BF0010F40F05582229B5A1BEA
:100AF000199B0D92D81C0B93C0F201820499994264
:100B0000C0F20B819A4200F392820B9B0A931BF472
:100B1000806F03D00B9B002B00F32D830A9B23EAED
:100B2000E373C34602934FF0670900230E930C93BF
:100B30000BF00201002E00F0CA804FF02D0E8DF850
:100B40005FE0029B01330293002304935DE40322E0
:100B5000254D0A9218E72846FDF7F2FD9DF85F3013
:100B60000A9020EAE0720292002B3EF40CAFFEF7EE
:100B700008BF079C24AA2146504600F02BFCA389FD
:100B800003F04003FEF7F6BC591C5046FCF796F8FC
:100B90000546002800F0F6830890ACE6079924AAE1
:100BA000504600F017FC00287FF4E4A8269A27AFEF
:100BB000FFF7DEB9079924AA504600F00BFC002885
:100BC0007FF4D8A8DDE92532199827A9FFF7EEB8F8
:100BD00000230893062304934BF48078FEF787BD27
:100BE000EC240020CDCCCCCCE8240020049B0133A5
:100BF0000D93022122AB01931BAB0093B0EE470B88
:100C000019AB0D9A50468DED027B00F08DFE0D9BC9
:100C100029F0200CBCF1460F9DED027B054600EB50
:100C2000030100F09880B5EE407BF1EE10FA00F081
:100C3000D882229B994288BF4FF0450C40F2CF8268
:100C400030205A1C22921870229B8B42F9D35B1BD6
:100C50000D93BCF1470F199B0B9356D0BCF1460F77
:100C600000F08F800B9B8DF87090013B002B199347
:100C7000C0F24C812B22092B8DF8712000F34F819B
:100C800030228DF872200DF17302303302F8013BEF
:100C90001CABD31A12930D9B129A012B1A440A9281
:100CA00040F341820A9B109A13440A930A9A2BF448
:100CB000806343F4807B22EAE2720023CDE90B33A8
:100CC0000E93029234E7049B0D93032192E79DF863
:100CD0005FE0BEF1000F7FF434AF0496FFF795BBE1
:100CE00024AA5946504600F075FB00287FF442A81C
:100CF00099F80000269A27A906444CE4199B0B9307
:100D00004B1BBCF1470F0D933BD10B9B0333C0F240
:100D1000F680049B0B9A93420FDA0B9B013BA9F1DF
:100D20000209002B8DF870901993A3DA0B9B2D22EA
:100D3000C3F101038DF87120A2E70D9B0B9A93423A
:100D400000F375811BF0010F0B9B00F0B282109A2B
:100D500013440A93DBE62B78302B00F06182199B59
:100D60001944B5EE407BF1EE10FAC7D0229B8B42BE
:100D7000FFF466AF5B1B0D93BCF1470F199B0B9300
:100D8000C3D00B99049A0BF00103002943EA020334
:100D900040F3CF82002B40F01A820B9B0A934FF056
:100DA00066091BF4806F40F0E8810A9B23EAE37335
:100DB000C3460293B9E647F63003ADF86030049BB2
:100DC000632B4BF0020B00F35C8118EE903A002B82
:100DD000C0F23B81B0EE480B19A800F071FCB4EEF4
:100DE000007B20EE077BB5EE407BF1EE10FA40F081
:100DF000408201230026199337AD0896AE48049926
:100E0000B3EE004B2B4606E0B5EE407BF1EE10FA58
:100E100000F00F82114627EE047BFDEEC76B4A1EE1
:100E200016EE90CA10F80CE0B8EEE65B9C4637EE82
:100E3000457B03F801EB0029E6D1B6EE005BB4EE8A
:100E4000C57BF1EE10FA08DCB4EE457BF1EE10FA4A
:100E50001ED116EE902AD2071AD5CDF888C013F805
:100E6000011C90F80FC08C451A460AD14FF0300E85
:100E700002F801EC229A511E229112F8011C6145E0
:100E8000F6D0392916BF0131817AC9B202F8011CA6
:100E9000199A5B1B0D93B9F1610F02F1FF3319939E
:100EA00000F01F8250214FF04109002B8DF8701087
:100EB000C0F20E822B22092B8DF871202FDC0DF150
:100EC0007202E2E6079924AA504600F083FA00284D
:100ED0007EF450AF269A27AFFFF741B8079924AAAE
:100EE000504600F077FA00287EF444AF199B269A0A
:100EF00027AFFFF759B8DFF8CC81FFF7C4B80B9BD9
:100F0000A9F10209013B8DF8709019930B9A2D23DA
:100F10008DF87130C2F101030832BFF6B1AE0DF1A8
:100F20007F0CDFF8A4E162461046AEFB0312D20844
:100F300002EB8201A3EB41013031632B00F8011C6D
:100F4000134600F1FF32EFDC303302F8013C831E20
:100F5000634580F0C8810DF1710213F8011B02F89E
:100F6000011F6345F9D103F5A0736B44CC3B1B1AF9
:100F70001CAA9B1A12938EE6079924AA504600F0E9
:100F800029FA00287EF4F6AE199D0D9B269A5D1B6A
:100F900027AFFFF71FB8049B4FF0470CE918E0E6B6
:100FA00000230C460493FEF749BA45F63003ADF82A
:100FB0006030049B632B4BF0020B62DC18EE903A1E
:100FC000002B42DBB0EE480B19A800F079FBB4EE21
:100FD000007B20EE077BB5EE407BF1EE10FA01D1ED
:100FE0000123199300263548089637AD07E7464296
:100FF000103033480F9052DA1027804603E0083152
:10100000103E102E4BDD01331032072BC1E9008753
:10101000CDE92532F3DD079924AA504600F0DAF92C
:1010200000287EF4A7AEDDE9253227A9E8E70D9B6D
:10103000109A9A180B9B0A92002B79DD4FF06709E2
:10104000AFE6DFF88080FEF74BBF0023089337AD93
:101050002D26B1EE487BB0EE470B19A800F030FB0F
:10106000B4EE007B20EE077BB5EE407BF1EE10FA8C
:1010700004BF01231993B9F1610F3FF4BFAE0F48CC
:10108000BDE6049B5046591CFBF718FE0546002898
:1010900000F03D8108904BF48078FEF728BB0133C7
:1010A0000F9808603244072BCDE925324E6000F3DB
:1010B00002810831FEF77DBEF82400200C250020B7
:1010C000602E0020242A0020CDCCCCCC049A002A0B
:1010D00000F0D480002BC0F22481B0EE487B0026C3
:1010E00022AB01931BAB0093B0EE470B19AB049AF4
:1010F000022150468DED027B00F016FC00239DED91
:10110000027B05460893EDE42D26B1EE487BFEF701
:10111000F6BA079B9B890022089243F04003079A86
:101120009381FEF727BE1BF0010F3FF4BFADB9E579
:10113000C3F101031A4422EAE273C3460A920293FE
:101140004FF06709F1E418EE903A13F000432BF0EA
:10115000800B0B9300F09A802D238DF85F30B9F14E
:10116000470F4FF000030893049340F3F8800322E5
:10117000944D0A9208E44FF0670914990B78FF2BFD
:1011800000F0F88000200B9A0E90844603E00130B6
:101190000131FF2B09D0934207DAD21A4B78002B8A
:1011A000F5D10B780CF1010CF3E7CDE90B2014918C
:1011B000CDF838C00C9A0E9B159913440A9A01FB7E
:1011C00003230A9323EAE373C3460293B0E4109B1C
:1011D00002EB01094B440A934FF06609E1E55B1B02
:1011E0000D93199B0B933DE50023032208930A926C
:1011F0000493FFF7C9BB049B029CDDF820800A938F
:10120000FFF76FBBCDF824801BB3049B0A935A1CD5
:10121000029204900E900C904FF07309FEF7D3B930
:10122000B5EE407BF1EE10FA1ED1199B0B931944D9
:1012300066E5002A0491FFF62BAE0499302001EBFD
:10124000030C194601F8010B6145FBD11A44531CEC
:101250001EE6049B0A930293089B0E930C9304933F
:101260004FF07309FEF7AFB90D9BC3F1010319935A
:1012700076E500265448089637ADC0E5934273DB07
:10128000B0EE487B0123049E049329E79DF85F306C
:10129000B9F1470FCCBF4B4D4C4D002B40F0868031
:1012A000032204930A920E930C9308930292FEF782
:1012B0008AB90A932BE4079924AA504600F08AF8C9
:1012C00000287EF457ADDDE9253227A9FEF771BD70
:1012D0002D238DF87130C2F101030832FFF61FAEE5
:1012E000EDE57021E1E502231293D4E4CDE90B335F
:1012F00008930E93FEF767B9099A63780C4652F883
:10130000041B099241EAE1710491FEF795B8079A2E
:10131000938943F0400393814FF0FF330593FEF729
:101320002CB92D26B1EE487BDAE629490F91FFF75B
:1013300008BBC34633B9012302934FF066090A93F1
:10134000FFF7F3BB109B03F10109049B4B440A9385
:1013500023EAE37302934FF06609FFF7E6BB03222B
:101360001A4D0A92FFF710BB01232D260493B1EE0C
:10137000487BB5E600230E930C931BE70C23CAF8B9
:101380000030C9E7079B08909B8943F04003C6E6FD
:101390005946FEF7C2BB5846FEF78FBF079B9B8995
:1013A00043F04003BBE65B46FEF77DBF002304939A
:1013B0000E930C93089303230A9304230293FEF7DE
:1013C00002B900BFF4240020F8240020F0240020FB
:1013D000602E00202DE9F0411546926802B32C687A
:1013E00007468846083401E00834C9B16B68581EC6
:1013F000002B1146686013DD54F8046C002EF3D006
:10140000334654F8082C4146384602F061FB431C31
:1014100007D0AA68921B1146AA6008340029E5D1BA
:1014200000200023C5E90133BDE8F08170B5002933
:1014300041D006460C4610B1436B002B3ED0FCF762
:101440002FFA636EB4F90C20DD0730D4900538D53F
:101450002146304600F04CF8E36A054633B1E169B5
:10146000304698470028B8BF4FF0FF35A3891A06C9
:1014700039D4216B41B104F14003994202D0304686
:10148000FDF762FA00232363616C21B13046FDF75A
:101490005BFA00236364636E0022DB07A2811ED522
:1014A000A06DFCF771FFFCF701FA284670BD002A19
:1014B000CED1FCF7FBF90025284670BDFCF7D2F928
:1014C000BDE7A06DFCF762FFB4F90C30002BBFD173
:1014D000636ED907EDD4A06DFCF75AFFE9E7A06D64
:1014E000FCF756FFDCE721693046FDF72DFAC0E72F
:1014F000B1F90C202DE9F041804610070C4650D47C
:10150000496842F400630029A38164DDA66A002EC5
:1015100044D0002112F48052D8F80050C8F80010CE
:1015200065D1E16901234046B047411C02466CD0B9
:10153000B4F90C30A66A5B0705D56368D21A236B31
:101540000BB1E36BD21A0023E1694046B047471C58
:10155000B4F90C304DD1D8F800101D2940D8304ACC
:10156000CA40D6073CD52269226023F40062A281DA
:10157000D9044FF00002626003D5D8F80030002B88
:1015800041D0216BC8F8005041B104F140039942A9
:1015900002D04046FDF7D8F9002323630020BDE8C0
:1015A000F0810E69002EF9D00D680E6092070CBF15
:1015B0004B690023AD1B8B600AE02B463246E16984
:1015C000676A4046B8470028A5EB0005064406DDDB
:1015D000002DF2DCE2E7E16B002997DCDEE7A3896E
:1015E00043F04003A3814FF0FF30BDE8F081226D4E
:1015F000A1E72269226023F40062A281DB044FF09C
:1016000000026260BDD52065BBE7D8F80030002B32
:101610008ED01D2B01D0162BE1D1C8F80050BDE7AC
:101620000100402000B5034683B008B1426B52B3BD
:10163000B1F90C0098B14A6ED20701D4820512D5D7
:1016400018460091FFF754FF00994A6E0346D007F1
:1016500002D48A8992050ED5184603B000BD034610
:10166000184603B000BD886D01930091FCF78EFE13
:10167000DDE90013E4E7886D0093FCF789FE009B29
:10168000184603B000BDCDE90001FCF7EBF8DDE939
:101690000031CDE759B1034600EB010C02E0013304
:1016A0009C4504D01A78002AF9D1181A70470846C8
:1016B000704700BF004870479C36002000000000C3
:1016C0004DF804BD83B08DED000B019ADFF870C0BA
:1016D00022F0004300216345016025D8DDF800C0F9
:1016E00053EA0C0C20D0DFF85CC002EA0C0CBCF111
:1016F000000F0AD19FED107B20EE077B8DED007B64
:10170000019A6FF0350122F00043DDE900BC6FF370
:101710001E5242F07F5C1B154CF4001CA3F2FE33FA
:10172000CDE900BC0B4403609DED000B03B05DF8F8
:1017300004BB7047AFF3008000000000000050437E
:10174000FFFFEF7F0000F07F00B50B4C246886465A
:1017500085B0E0689C460C4652B108490094CDE93A
:10176000011273460649624601F028F8F9F708F8B5
:1017700004490A46F2E700BF2C3700202825002044
:10178000382500203425002010B5A1FB021482B0BA
:1017900074BBFBF793FA034670B350F8042C22F0A5
:1017A0000302043A242A10D8132A16D91B2AC0E9A6
:1017B00000441AD9242AC0E902440ABFC0E90444FB
:1017C00000F1100100F1180108E021460190FCF73A
:1017D0000BFA019B184602B010BD014600221846C4
:1017E000C1E900228A6002B010BD00F10801F5E7EE
:1017F000FCF79CFD0C2303600023184602B010BDCB
:101800002DE9F04F03690C69A34283B0C0F28880D0
:10181000013C01F1140500F1140855F8243058F882
:101820002420013308EB84069A4200964FEA840B89
:1018300005EB8407B2FBF3F63AD300230191C646C9
:1018400029469C4651F8042BDEF800901FFA82FAD4
:1018500006FB0A334FEA134A120C06FB02A29BB2A4
:101860001FFA89FAAAEB030363441FFA82FCCCEB4C
:10187000234C0CEB194C9BB243EA0C438F424EF8BD
:10188000043B4FEA2C4C4FEA1243DBD258F80B30A2
:1018900001996BB9009B043B984504D307E0984538
:1018A00004F1FF3403D21A68043B002AF7D0046124
:1018B0008146FDF71FFC00282EDB01364146002241
:1018C00055F8040BD1F800C01FFA80FE1FFA8CF304
:1018D000A3EB0E031344020CC2EB234202EB1C42A7
:1018E0009BB243EA0243AF4241F8043B4FEA224233
:1018F000E6D258F8242008EB84036AB9043B9845E3
:1019000004D307E0984504F1FF3403D21A68043B7E
:10191000002AF7D0C9F81040304603B0BDE8F08F78
:10192000002003B0BDE8F08F2DE9F04F93B08DEDAE
:10193000000B0491816B1C9D069257EC106B0446C2
:10194000089341B1C26B4A60012393408B60FDF75D
:1019500047F90023A363B7F10008B4BF01230023B4
:101960002B60A34BBCBF28F00048CDF8048033EABD
:10197000080300F092809DED007BB5EE407BF1EE18
:1019800010FA0DD1089A012313601D9B13B11D9A03
:10199000984B1360984B0293029813B0BDE8F08FF8
:1019A00010AAB0EE470B11A920468DED027BFDF782
:1019B00081FC5FEA18539DED027B109A834640F04C
:1019C0008280119B134403F23241202940F3E281CB
:1019D000C1F1400108FA01F803F2124126FA01F1BF
:1019E00048EA010106EE101AB8EE466B013B16EE0E
:1019F000901A4FF00108A1F1F8719FED772BB7EE27
:101A0000081B9FED775B9FED784B06EE901A03EE77
:101A1000903A36EE416BB8EEE33BA6EE025BB0EED9
:101A2000456BA3EE046BFDEEC65BB5EEC06BF1EE4D
:101A300010FACDED055A00F1C0800599D21A162989
:101A400002F1FF3A00F2A4806C4B03EBC10393ED6B
:101A5000006BB4EEC67BF1EE10FA00F1A281002A11
:101A600040F3C0840027CDE90A178A440023099374
:101A7000049B092B3DD8052BC4BF043B0493049B56
:101A8000A3F10203CCBF00250125032B33D8DFE8E7
:101A900013F0FA01F701ED019201089AC8F3130857
:101AA00042F20F7358EA060813601BD11D9B002BEE
:101AB00000F04286524B029308331D9A029813603D
:101AC00013B0BDE8F08F17EE901AB0EE476BC1F37C
:101AD000130141F07F51A3F2FF3341F440114FF065
:101AE00000088AE71D9B002B40F06181454B029363
:101AF00052E7002304930025E563294620468DED37
:101B0000067BFDF743F89DED067B0290002800F070
:101B1000B485119A029BA363002A75DB05990E29EF
:101B200072DC364B03EBC10393ED003B87EE036B96
:101B3000BDEEC66B029916EE103A303301F8013B48
:101B40004FF0FF39B8EEC65BA5EE437B0123B2EE42
:101B5000044B11E087EE036BBDEEC66B013316EE4E
:101B6000102A4B4502F13002B8EEC65B01F8012B9A
:101B7000A5EE437B00F0A38427EE047BB5EE407B0B
:101B8000F1EE10FAE6D1059B013304930D46ECE02B
:101B900001230B93059BBAF1000FBABFC2F10107F5
:101BA0004FF0000A0027002B80F2F180059BFF1AFE
:101BB0005B42099300230A935AE7B8EEE55BB4EE63
:101BC000465BF1EE10FA3FF438AF05990139059103
:101BD00033E700BFAFF3008061436F63A787D23F55
:101BE000B3C8608B288AC63FFB799F501344D33F0C
:101BF0000000F07FED100020EC1000201004002009
:101C000068250020742500204FF0FF390695CDF897
:101C10003090B8F1000F00F0E984DDF8248002F282
:101C20003342012120469244BD18FDF79FF8064635
:101C3000002F40F09F82099B002B00F09383B8F1A6
:101C4000000F40F077835946099A2046FDF780F946
:101C500001238346099301212046FDF787F80A9B5B
:101C60008046002B40F04582049B012B40F3AA8262
:101C70000120504410F01F0000F008811B2800F3E1
:101C8000D582C0F11C00054407448244002D05DDC7
:101C900059462A462046FDF7B7F98346BAF1000FA8
:101CA00005DD414652462046FDF7AEF980460B9BC6
:101CB000002B40F00082B9F1000F40F3D781099B5F
:101CC000002B40F02481059B01330493029F0125E2
:101CD00007E0594600230A222046FCF78BFF013516
:101CE000834641465846FFF78BFD4D4500F1300ACB
:101CF00007F801ABEDDB029BB9F1000F03F1010224
:101D000009F1FF394FF00003D8BF4FF000099144AB
:101D10000093594601222046FDF776F94146834655
:101D2000FDF7E8F9002840F32083029A02E091458C
:101D300000F026834D4609F1FF3915F8013C392B97
:101D4000F5D0013389F8003041462046FCF748FFC2
:101D50005EB1009B2BB1B34203D019462046FCF77D
:101D60003FFF31462046FCF73BFF59462046FCF733
:101D700037FF00232B70089B049A1A601D9B002BD1
:101D80003FF40AAE02981D6013B0BDE8F08F9A448C
:101D90000A936BE6C1F1200106FA01F106EE101A72
:101DA00022E6059B013B059300230B93F2E6AC4B27
:101DB0000293033381E601230D93DDE905231344E8
:101DC00003F101094E46012E0C93B8BF0126172ED0
:101DD00040F39C84012204235B0003F11400B04211
:101DE000114602F10102F7D9E16320468DED0E7B29
:101DF000FCF7CCFE0290002800F03F84B9F10E0FF2
:101E00009DED0E7BA06346D8002D44D00599002996
:101E100040F3F182934B01F00F0203EBC203CD05B7
:101E200093ED006B4FEA211340F18A838E4A92EDC5
:101E3000085B03F00F03032187EE054B002B00F036
:101E4000FB81894A01E05B100832D80703D45B109C
:101E50000832DE07F7D592ED005B5B1001F101015E
:101E600026EE056B00F0E8810832F2E701230D93BE
:101E7000069B002B40F38B81069E0C96B146A6E78D
:101E800000230D9399E700230D93F1E71C200544EF
:101E900007448244FAE6119A002AC0F24081059B69
:101EA0000E2B00F33C816F4B059A03EBC20393EDBD
:101EB000003B069B002B80F2ED82B9F1000F00F38E
:101EC000E98240F08682B1EE046B23EE066BB4EE3D
:101ED000C67BF1EE10FA494640F27C82029D312326
:101EE00005F8013B2046FCF77BFE059B023304937B
:101EF0003BE7314600230A222046FCF77BFE0C9B81
:101F0000002B064640F3FA83DDF830900595002F4C
:101F100005DD31463A462046FDF776F806460A9B2F
:101F2000002B40F0F6823746029D6B1E4B440A930D
:101F3000009B03F001030C9341465846FFF760FCF9
:101F400031460B9000F1300A5846FDF7D3F8414670
:101F500081463A462046FDF7EDF8C3680146002B5E
:101F600036D109905846FDF7C5F8099906902046E4
:101F7000FCF736FE069A002A5AD1049B1BB90C9B2B
:101F8000002B00F0A483B9F1000F43DB0A9BA946A4
:101F90009D4209F801AB00F0D782594600230A227E
:101FA0002046FCF727FEBE42834631464FF0000331
:101FB0004FF00A02204635D0FCF71CFE3946064693
:101FC00000230A222046FCF715FE4D460746B3E7DC
:101FD0002046FCF705FEB9F1000F08DB009B03F07B
:101FE0000102049B49EA030952EA09022ED159462B
:101FF00001222046FDF708F841468346FDF77AF8AE
:10200000002840F34183BAF1390F00F024830B9B81
:1020100003F1310A05F801AB059B009601330493E7
:102020003E4691E6FCF7E6FD4D460646074683E749
:10203000B9F1000FC0F28483049B49EA03090C9BA9
:1020400053EA090900F07C83002A9FDDBAF1390FB9
:1020500000F001830AF1010305F8013BDCE700BF52
:102060007425002010040020E8030020049B022BAC
:102070007FF725AEB9F1000F40F0008241464B4694
:1020800005222046FCF7B6FD014680465846FDF77E
:1020900031F8484540F3F281029D312305F8013BB8
:1020A00041462046FCF79CFD059B02330493002E1D
:1020B0007FF457AE59E641465846FDF71BF8002815
:1020C000BFF6F9AD594600230A222046059DFCF7CC
:1020D00091FD099B013D8346002B7FF40AAF0C9BC9
:1020E000002B40F3FE82059BDDF8309004930595AC
:1020F000ECE51A4601462046FCF72AFF049B012B1B
:10210000804640F3F98100230A93D8F8103008EB99
:1021100083031869FCF7C0FDC0F12000A9E50D9B01
:1021200073B9002F67D1099B002B74D11D461E4641
:1021300091E5119A002A03DB05990E297FF7B4AEC9
:10214000049B012B7FF765AD099B09F1FF384345DF
:10215000C0F27781B9F1000FA3EB080880F2BE82CC
:10216000A7EB0903012120460D93FCF7FFFD3D4637
:102170000D9F0646BAF1000F7FF75DAD57453B4610
:10218000A8BF5346ED1AFF1AAAEB030A53E5002134
:10219000E16320468DED067BFCF7F8FC9DED067BA8
:1021A0000290002800F06982029BA363002D40F09A
:1021B0009F81119AAA42C0F27C8201230C93994616
:1021C00006936CE6009B002B7FF452AD019BC3F39A
:1021D0001303002B7FF44CAD019B23F000431B0D38
:1021E0001B05002B3FF444AD012301350AF1010A20
:1021F0000A9318463DE5BAF1000F00F0FE815745FD
:102200003B46099EA8BF5346FD1AAAEB030A2F4678
:10221000002E3FF420AD5946099A2046FCF798FE5F
:102220000023834609933D461E4614E51C283FF4CF
:102230002DADC0F13C002AE684EE065B0B9B3BB162
:10224000B7EE006BB4EEC65BF1EE10FA00F1E08180
:10225000B1EE0C4B06EE901AB8EEE66BA6EE054B0F
:1022600014EE901A53EC142BA1F15073B9F1000F36
:1022700000F09B80DDF814C0484643EC142BB64BAD
:10228000029DFDEEC53B03EBC00212ED022B13EEE7
:10229000902A02F1300E0D9A691CB8EEE36B0E46DF
:1022A00035EE466B002A00F05B81B6EE003B83EE14
:1022B000025B35EE445BB4EEC65BF1EE10FA85F8D6
:1022C00000E000F32782B7EE001BB2EE043B0025CE
:1022D00018E001358542BFF62CAF26EE036B25EEE4
:1022E000035BFDEEC64B14EE902AB8EEE42B3032C1
:1022F00036EE426BB4EEC56BF1EE10FA01F8012B2D
:1023000000F1DF8131EE464BB4EEC54BF1EE10FA31
:10231000DFD5029A0CF1010C02E0914200F09781A6
:102320000D4611F8013D392BF7D001330B70CDF874
:1023300010C01AE5314642462046FCF709FE5A46CF
:10234000014606462046FCF73FFD59460D902046C3
:10235000FCF746FC099BDDF834B0B3EB08030993A6
:102360007FF471AC0123099375E403D11AF0010FD6
:102370007FF4DBAC4D4619F8013D302BFAD0E3E495
:10238000059B029A0233049331231370DCE406EEBA
:10239000901AB1EE0C4BB8EEE66BA5EE064B14EEC0
:1023A000901A53EC142BA1F1507343EC142BB1EEA3
:1023B000046B35EE466BB4EEC46BF1EE10FA00F32D
:1023C0005681B1EE444BB4EEC46BF1EE10FA7FF5DA
:1023D00062AD00212046FCF703FC069B029D5B4298
:1023E0000493C2E4059B0A939A460023C2F10107B5
:1023F0000B93FFF73BBB00F00781059A564B524207
:1024000002F00F0103EBC10393ED005B131127EE04
:10241000055B00F07981514A022101E05B1008322E
:10242000DD0703D45B100832D807F7D592ED006BB7
:102430005B1001F1010125EE065B3FF4FFAE0832AF
:10244000F2E7099B0A9AA8EB03031A4401212046EC
:102450000A92FCF78BFCCA4407EB09050646CDF847
:102460002480002F3FF4EFAB57453B46A8BF5346AF
:10247000ED1AFF1AAAEB030AFFF7E5BB4146204617
:10248000FCF7AEFB069B029D5B420493002E7FF49B
:1024900068AC6AE4029B5E1C87EE036BBDEEC66B04
:1024A000029A16EE103AB9F1010F03F13003B8EEBB
:1024B000C65B31461370A3EE457B7FF447AB37EE26
:1024C000077BB4EEC37B059BF1EE10FA03F1010329
:1024D00004939C4608DCB4EE437BF1EE10FA05D180
:1024E00016EE103ADB0701D5029A19E70D463CE4D7
:1024F0000C95A946069589E4009B002B7FF403AE5A
:10250000DDE90012C2F31303002B00F0C4800A912E
:10251000FBE571682046FCF739FB0546002800F012
:102520000481336902339A0006F10C010C30F7F78D
:1025300069FF294601222046FCF766FD0746F3E4C1
:102540000221B0EE474B79E4059B009601333E46ED
:102550000493FFF7DEBB00BF10040020E803002057
:10256000029A24EE022B012882F800E014D0B2EE89
:10257000043B029A151826EE036BFDEEC65B15EEC2
:10258000902A303201F8012BA942B8EEE54B36EE25
:10259000446BF0D1711E0144B6EE005B32EE054B88
:1025A000B4EEC64BF1EE10FA3FF5B3AE35EE425B3A
:1025B000B4EEC65BF1EE10FA0DDC119A002AFFF6BC
:1025C000B0AD059A0E2A3FF7ACAD059A03EBC203F6
:1025D00093ED003B60E70D46013915F8013C302BC7
:1025E000F9D00CF101030493FFF7BFBB109ADDF89B
:1025F0002480C2F13602FFF714BB099E002E7FF43F
:102600000AAE3D46FFF727BB0221B0EE475B15E659
:10261000B9F1000F3FF4BBAE0C9800287FF73BAC3C
:10262000B2EE043BB1EE0C4B013106EE901A25EEF2
:10263000035B059BB8EEE66BA5EE064B14EE901A15
:1026400003F1FF3C53EC142BA1F1507315E60CF190
:10265000010C31236AE6A946392309F8013B059BA1
:1026600000960133029A04933E46FFF763BB029D36
:10267000312305F8013B002134E4334B3348002279
:1026800040F2AF11FFF760F87FF4C4AC1AF0010F0D
:102690007FF4B9ACBEE4019B23F000431B0D1B0586
:1026A000002B3FF431AD012301350AF1010A0A93F1
:1026B0002BE50D9B002B33D101230C9399460693F8
:1026C0002FE50CF1010304930D46FFF74EBBBAF161
:1026D000390FC0D091453FF79AAC9BE44A46FFF7CB
:1026E000A0BA049A022A05DC059A04929946059537
:1026F000FFF7ECBA0595DDF83090BBE4049A059538
:10270000022AF8DC994602E4022197E50021E16300
:10271000FFF76BBB0CF1010304930D46FFF725BBDC
:102720000D9B069399460C930EE5074B07482A46E6
:1027300040F2EF21FFF708F8054B0293FFF72CB9A1
:10274000002A3FF754AC65E4782400207825002067
:102750006825002030B5044687B05BB1104801936E
:10276000D0F8C85171B12046A847421C019B10D037
:1027700007B030BD00F5827309480193D0F8C85105
:102780000029F0D10A46204603A9A847421C019B14
:10279000EED100218A221960226007B030BD00BF4F
:1027A000C434002010B582B0049CCDE900344FF051
:1027B000FF3301F055FC02B010BD00BF0EB400B5F0
:1027C00082B003ABDFF81CC053F8042B0193014621
:1027D000DCF8000000F008F802B05DF804EB03B08C
:1027E000704700BF2C3700202DE9F04FC5B00DF128
:1027F000500A8346049116460021082250461C4682
:102800000B93FBF7F1F9BBF1000F04D0DBF8343088
:10281000002B00F04987049B5A6EB3F90C30D007A7
:1028200040F14181990400F1A985049943F40053D2
:1028300022F400528B814A66930401F1AE80049B1E
:10284000B3F90C301D0740F1BD80049A1269002ACB
:1028500000F0B88003F01A020A2A00F0C2800023B8
:10286000CDE91933CDE90E331BAADFF86C980D932F
:10287000189217460793B0464546D9F8CC41FBF766
:10288000E9FCCDF800A003462A4612A95846A04705
:10289000002800F0C580C0F2BB80129A252A0346AA
:1028A00001D01D44E9E7B5EB0806044640F0BC80C2
:1028B000002319468DF8433008934FF0FF326B78B0
:1028C000059205F10108039108F101081946A1F1EB
:1028D00020035A2B00F2F280DFE813F0E603F00049
:1028E000F000DF03F000F000F000BF03F000F000A4
:1028F00007025302F00012020004F000F1035B0033
:102900005B005B005B005B005B005B005B005B00EF
:10291000F000F000F000F000F000F000F000F00037
:10292000F000D8019F03F000F000F000F000F0008C
:10293000F000F000F000F000F0001902F000F000EC
:10294000F000AA01F000FB02F000F000BA05F00070
:10295000F000F000F000F000F000F000F000F000F7
:10296000F000D8016801F000F000F0009503680164
:102970006D00F0008B03F0007D036A0320036D00FF
:10298000F000AA016A005902F000F000FB05F00017
:102990006A00A1F13003002218F8011B02EB820249
:1029A00003EB4202A1F13003092BF5D908928EE71F
:1029B00098F8003088E7039B43F02003039398F8CE
:1029C000003081E7049D5846294601F05FFA00284F
:1029D00040F0F687B5F90C3003F01A020A2A7FF4AA
:1029E0003EAF0499B1F90E20002AFFF638AF4A6EC7
:1029F000D20702D49F0540F19087049923463246BE
:102A0000584601F015F80790079845B0BDE8F08FDB
:102A1000082200215046FBF7E7F801231D442CE76C
:102A2000B5EB0806044610D01A9B33441A93199B41
:102A30000133072BC7E90086199310DC0837079B81
:102A400033440793002C7FF433AF1A9B002B40F0E4
:102A50006E87049B0022B3F90C30199218E0049998
:102A600018AA584601F024F878B91BAFE7E7049993
:102A700018AA584601F01CF8002800F08380099B32
:102A80001BB109995846FBF75FFF049BB3F90C3063
:102A9000049A526ED0077FD55B0600F166870798CF
:102AA00045B0BDE8F08F9F0540F114819D047FF58E
:102AB000BCAE90047FF5C6AE00F071BF0029C4D053
:102AC000002301228DF8AC108DF8433009930A924F
:102AD00005932BAD0692DDE919C0039C14F0840622
:102AE0000146624626D1089B069C1C1B002C00F365
:102AF000ED839DF8433003B300260C960132012389
:102B000001317B60072A0DF14303CDE919213B60B8
:102B100000F3868308370C9B63B1013211AB02319D
:102B20003B60072A4FF00203CDE919217B6000F3D7
:102B30006B830837802E00F0EE82059B0A981C1AE2
:102B4000002C00F326830A9B3D6001321944072ABA
:102B5000CDE919217B6000F34C830837039B5C07A8
:102B600005D5089B069A9C1A002C00F36583DDE9C5
:102B7000073206988242ACBF9B181B1807930029A6
:102B80007FF475AF00231993099B1BB1099958462F
:102B9000FBF7DAFE1BAF6FE69A053FF57DAF049CAD
:102BA000A06DFBF7F5FBB4F90C3075E7039B9806B5
:102BB00040F13C840B9B073323F00702536852F823
:102BC000084B0B921E46002BC0F23882059A002A51
:102BD00007DB039B23F08003039354EA060300F012
:102BE0008C840A2C76F1000380F0F7803034059A4B
:102BF0009DF843308DF80F41012AB8BF012206929B
:102C0000002B00F0AF83069B0133002506930123C0
:102C1000CDE909530DF20F15DDE91921039B13F0DE
:102C20008406084694463FF45EAF00230C9365E7A4
:102C30000B9E00238DF8433056F8043B0993002B7C
:102C400000F05585532900F07284039B13F01004A3
:102C500040F06D84059A002AC0F213850998214638
:102C6000FBF71EFD9DF84330099D002800F08B8680
:102C7000421B0A9222EAE2720692002B00F00E85B5
:102C80000132059406920B960994C5E7432903D0B7
:102C9000039BDD0640F127840822002116A8FAF7DD
:102CA000A3FF0B9A2BAD126816AB29465846FFF7C7
:102CB00051FD0A90013000F04F860A9B23EAE3732E
:102CC00006930B9B04330B9300238DF84330099339
:102CD000059300E7049DA86DFBF758FBB5F90C3090
:102CE0006A6E99043FF5A8AD9FE50B9B53F8042B42
:102CF0000892002A80F23D83089A0B935242089270
:102D0000039B43F00403039398F80030DCE5039B36
:102D100043F010009B0640F14E830B9B073323F0DA
:102D200007031A46596852F8083B0B9200228DF8A7
:102D30004320059A002AC0F2118320F49062039286
:102D400053EA010200F01E8344AD03F00702DB08E2
:102D500043EA4173C908303253EA0104284605F8B2
:102D6000012DF2D1039B13F0010340F09E82059ADE
:102D7000099344AB5B1B9A42B8BF1A460A9306926A
:102D8000A9E62B238DF8433098F800309CE5039991
:102D90008E0600F1A48003990B9A11F0100052F8EE
:102DA000043B40F02783039911F0400100F0CA84EE
:102DB0008DF843009BB205990026B1421C4606DB04
:102DC000039921F080010391002B00F07B850A2CF0
:102DD00076F100030B92FFF409AF039B09970020E3
:102DE000CDF830B044A9DDF834B0069003F4806724
:102DF000CDF8288025E00690A319B54843F10003DB
:102E0000A0FB032C2CF0030202EB9C029B1AE31A9A
:102E10004FF0CC32A046B64602FB03F266F1000644
:102E200000FB0622A3FB0043B8F10A0F13444FEA4C
:102E300054047EF1000E294644EAC3744FEA530657
:102E40002ED3069BA24A01330693A31943F1000334
:102E50001046A2FB032525F0030202EB95029B1A04
:102E6000E31AA3FB003266F1000500FB05225B08B4
:102E700043EAC27303EB8303A4EB4303303301F84B
:102E8000013C4D1E002FB7D006989BF800308342BE
:102E9000B1D1FF28AFD00A2C76F1000380F0AF84C7
:102EA00005999DF84330CDF834B044AA521B9142A5
:102EB000B8BF1146DDE90978DDF830B00A92069115
:102EC000002B00F0EE83069B013306930023099349
:102ED000A2E6039B43F010019B0640F189820B9B05
:102EE000073323F0070200238DF84330059B566813
:102EF00052F8084B0B92002BC0F2EE8221F08003B7
:102F0000039354EA06037FF46CAE059B002B40F05C
:102F1000DE840A930693099344ADDCE5059C0B9986
:102F20000398002247F630039442ADF844308DF800
:102F3000432051F8043BC0F2D28220F0800040F0E0
:102F400002000390002B00F0E58303F00F046148BA
:102F50001B09045D8DF80F410B9100F0568502218D
:102F600006910DF20F1503F00F011B09415C05F8E6
:102F7000011D43EA0273120953EA0201F3D144AB83
:102F80005A1B059B0A929342B8BF1346069A002A21
:102F900000F03985DDE91921039C023314F0840621
:102FA00006930846944600F0E98200230993B4E5AD
:102FB000039886063FF5B1AE03990B9ACD0652F8F9
:102FC000043B00F114850398440640F1C8839BB28A
:102FD0000B920021AAE603990B9A8C0602F10403D6
:102FE00040F1F081126807991160C91751600B9385
:102FF00042E498F800306C2B00F08F82039A42F084
:103000001002039260E498F80030682B00F07B8295
:10301000039A42F04002039256E4039A940642F067
:10302000100300F100820B9A04320B9903930C6891
:103030000B92E6173346002BBFF6C8AD2D238DF853
:103040004330059B644266EB4606002BFFF6C9AD94
:10305000039B23F080030393C3E55846FEF72AFB46
:1030600043680F931846FBF76BFB0E9004465846D7
:10307000FEF720FB826898F800300D92002C3FF498
:1030800023AC002A3FF420AC1278002A3FF41CAC99
:10309000039A42F48062039216E4039B43F0010317
:1030A000039398F800300FE49DF8432098F800301F
:1030B000002A7FF409AC20228DF8432004E4039B0E
:1030C00043F08003039398F80030FFF7FDBB00BF87
:1030D000CDCCCCCCF8240020C4340020404610F8DD
:1030E000011B2A2900F07784A1F13003092B98BF36
:1030F000002200F2178410F8011B02EB820203EB9E
:103100004202A1F13003092BF5D942EAE27305939B
:103110008046FFF7DCBB089B06981C1A002C7FF743
:103120000CAD102C40F3268438460C95AE4F049D10
:10313000102604E0103C102C00F1080015DD0132CF
:103140001031072AC0E90076CDE91921F2DD18AA6D
:103150002946584600F0ACFC00287FF490AC103CA7
:10316000102CDDE919211BA8E9DC0C9D3B46074624
:1031700001322144072ACDE919213B607C6000F32C
:10318000A482059B0A981C1A002C07F108077FF7F8
:10319000DAAC102C40F3ED8238461026924F04E052
:1031A000103C102C00F1080016DD01328E4B10315E
:1031B000072AC0E90036CDE91921F1DD049918AAE2
:1031C000584600F075FC00287FF459AC103C102CD8
:1031D000DDE919211BA8E8DC3B4607460132214402
:1031E000072ACDE919213B607C6000F3AA800837EB
:1031F000A9E4049918AA584600F05AFC00287FF464
:103200003EAC1A991BAFA9E4049918AA584600F0DD
:103210004FFC00287FF433ACDDE919211BAF89E4B2
:10322000049918AA584600F043FC00287FF427AC04
:10323000DDE919211BAF6EE4102C199B40F381834B
:103240003A46049E694F102504E0103C102C02F110
:10325000080215DD01331031072BC2E90075CDE9F5
:103260001931F2DD18AA3146584600F021FC002839
:103270007FF405AC103C102CDDE919311BAAE9DC08
:103280003E46174601332144072BC7E90064CDE9C8
:1032900019317FF76CAC049918AA584600F008FC65
:1032A00000287FF4ECAB1A9961E4302A00F0018227
:1032B0003023059A05F8013C023844AB1B1A9A42A8
:1032C000B8BF1A460A9306920546EFE000230C9316
:1032D000102C464E624623DD394610232F46049DAE
:1032E00004E0103C102C01F1080117DD0132103010
:1032F000072AC1E90063CDE91920F2DD18AA2946A1
:10330000584600F0D5FB00287FF4B9AB103C102CD8
:10331000DDE919201BA94FF01003E7DC3D460F46FD
:1033200001322118072ACDE919213E607C6000F3A3
:103330007A819DF843600837002E36D00026FFF7CB
:10334000DDBB049918AA584600F0B2FB00287FF4B0
:1033500096ABDDE919211BAFFFF7F5BB20F48062C6
:103360000392F1E4099301230A930DF20F15FFF77D
:10337000B2BB0B9398F80030FFF7A6BA92047FF522
:1033800061AAF2E2059A002A7FF4DEAC10F0010295
:10339000069200F0428130238DF80F31059B0A928E
:1033A00009930DF20F15FFF796BB0C9B002B7FF4D2
:1033B000B4ABFFF7C2BB0B9B1A1D0B9B0B921B6898
:1033C0000021B3E4039AD00600F18C81039A5106E0
:1033D00000F19582039A920540F184810B9A079936
:1033E0001268117003E600BF702E0020342A0020FE
:1033F0000B9B1A1D0B9B05981B680026B0428DF88D
:1034000043601C4667DB21F080010391002B7FF4B1
:10341000DEAC0B92002840F05A820A900690099088
:1034200044ADFFF758BB0393FFF7C4BB039B0B9A54
:10343000D90652F8044B3FF5F8AD039B5E0640F108
:10344000768144F3C0360B9224B23346FFF7BBBB00
:10345000AD48039B9D0640F1B5800B9B073323F0DD
:1034600007031A465C6852F8083B0B92039A12F065
:103470000102069240F08C808DF84320059A002AC4
:10348000C0F2B780039A22F49062039253EA0402D6
:1034900040F0F380059A002A00F0F68103788DF859
:1034A0000F31012306920A930DF20F15DDE9192160
:1034B000039B13F084060846944600F0A1829DF811
:1034C0004330002B00F0AB82002309930C93FFF7ED
:1034D00015BB8E48BDE70B920391FFF782BB40F00E
:1034E0000200039031E50B9B1B688DF8AC30012383
:1034F00006930A932BADFFF7E4BB002A00F0D481BA
:103500003024FFF774BB039B43F40073039308F16B
:10351000010898F80030FFF7D7B9039B43F0200368
:10352000039308F1010898F80030FFF7CDB9099B23
:1035300013930822002116A8FAF756FB059B002BCF
:10354000C0F219810024069725461F460EE02BA9DC
:103550005846FFF7FFF8411C284400F0FD81B842AF
:1035600009DC04F1040400F008820546139A12599C
:1035700016AB002AEBD1069F05950AE1089C069B35
:103580000996E41A002C7FF7C8AA02230C939FE641
:1035900053EA04025ED100238DF84330059B002BD3
:1035A000C0F22181039B23F49063039300F0878191
:1035B00003788DF80F31069B0A93059B06930DF255
:1035C0000F1573E70B9A52F8043B0B92039AD4063B
:1035D00008D4520602D59BB2002447E7039A960509
:1035E00000F18181002441E742F0020203920222AD
:1035F0000692039A22F48062039203F00F02825C27
:103600008DF80F211B0943EA0473220953EA1414AD
:103610007FF4A7AC0DF20F15B1E4059B44ADCDE9E5
:103620000933FFF758BA049918AA584600F040FA2F
:10363000064600287FF423AA9DF84330DDE91921CE
:10364000002B40F089800C9B1BAF002B7FF465AAF8
:10365000FFF773BA30228DF8442000228DF8432002
:10366000059A8DF84510002A039ABDDB22F490627A
:1036700042F0020203920222069203F00F02825CE1
:10368000BEE7099D2846FBF75BF89DF843300A909A
:1036900020EAE0720692002B7FF4F2AA099D0593BE
:1036A0000B960993FFF717BA5846FAF7DBF8FFF7BE
:1036B000B2B8059A44AB5B1B9A42B8BF1A460A934C
:1036C000002306920993FFF706BA049918AA5846F0
:1036D00000F0EEF900287FF4D2A9DDE919211BAF33
:1036E000FFF72BBA0B9A0799126811607FE4059BCC
:1036F000074D0B96062B28BF062306930A93099BBA
:103700000593FFF7E8B900BF0C250020F82400203E
:10371000202500200B91002C00F0DC8030230122BA
:103720008DF80F310DF20F1523460A9232E4039BF8
:103730000B929D054ABF44F3C016E61764B23346A8
:10374000FFF741BA039810F4007600F0CF808DF8AF
:103750004310DBB2FFF72FBB1BAFFFF7CFB90398C6
:1037600010F4007100F0BB80DBB20B920021FFF778
:10377000DDBAAC4B32E516AB0093002313AA194611
:103780005846FFF70FF80590013000F0E580099BDF
:103790001393059B002B7CD0632B00F3B680002392
:1037A00009932BAD0822002116A8FAF71DFA059CF3
:1037B00016AB009313AA234629465846FEF7F2FF9C
:1037C000844240F01681059900236B5421EAE1728E
:1037D00006929DF84320002A40F0B580CDE90A16F4
:1037E0000592FFF778B903788DF80F31039B23F426
:1037F00080630393069B0A930DF20F1556E60E9A0B
:103800000F99AD1A2846FAF7D7FA9BF801300BB199
:103810000BF1010B844AA31943F10003A2FB030C33
:103820002CF0030000EB9C001B1AE31A4FF0CC3184
:1038300066F1000603FB01F102FB0611A3FB023057
:1038400001445B0843EAC1744E08A31943F1000325
:10385000A2FB031020F0030101EB90015B1AE31AB5
:10386000A3FB023166F1000002FB00125B0843EA91
:10387000C27303EB8303A4EB4303303305F8013C2D
:103880000120013DFFF701BB059B0A9344A80546B3
:103890000CE69DF84330099D0B96003B18BF0123B1
:1038A0000693059B0A9301E69DF843303BB1059BC7
:1038B000CDE90933012344AD0693FFF7ADB9059B6C
:1038C000FFF727BB059B0B92002B3FF422AB002494
:1038D000FFF78CB9059B0A9344ADFFF75BBB0398D8
:1038E0000B92FFF723BADBB20024BFE505998DF8F0
:1038F000436000291C46BFF663AAFFF768BA0B9A1B
:10390000079912681180FFF772BB591C5846F9F7E6
:10391000D5F9054600B3099044E7886DFAF738FDFC
:10392000FFF76BB8002380460593FEF7D0BF0499DC
:1039300018AA584600F0BCF800283FF48AA8FFF700
:10394000A4B83A4E9EE4059A0A92069A0B96013262
:1039500006920593FFF760B90498B0F90C30426EF7
:1039600043F04001D207818109D54FF0FF3307931F
:10397000FFF795B82B4BFFF7FBBB069F09E79905AF
:10398000F3D4FFF70CB99BB1059B0B965A1C06921A
:103990000A9305900990FFF73FB9D707E5D4049B38
:1039A0009B899E05E1D4049B986DFAF7F1FCDCE756
:1039B000059A0993CDE905320B960A92FFF78BB869
:1039C000049A536ED807D0D493899905CDD4906DBD
:1039D000FAF7DEFCC9E70B9A98F8013052F8041B9D
:1039E0000B9241EAE17180460591FEF76DBF0846F2
:1039F000E3E4049A938943F040039381FFF73FB8CF
:103A00000996FFF770B8069350E5059B0122012B3C
:103A1000B8BF01230DF20F150A92FFF7BBBA099345
:103A2000FFF788B8702E0020CDCCCCCC342A0020F3
:103A3000F0B50D46ADF2744D164689896A6E1B923B
:103A4000EA89ADF8162021F00201EA69ADF81410F8
:103A500009921CA96A6A0291074606910B924FF4DB
:103A60008061002218A80193049107910892FAF747
:103A700089FC3246019B02A93846FEF7B5FE061EB8
:103A800007DB02A93846FDF7CDFD002818BF4FF02F
:103A9000FF36BDF814305B0603D5AB8943F0400315
:103AA000AB811898FAF770FC30460DF2744DF0BDFA
:103AB000936810B514461BB918460023636010BD07
:103AC00000F068F80023A3600023636010BD00BF0E
:103AD0002DE9F0438E681D46AE420B6883B00C465C
:103AE00090463AD8B1F90CC01CF4906F0FD135460E
:103AF000184641462A46F9F7E5FFA3689E1B23684E
:103B0000A6602B440020236003B0BDE8F0834A691F
:103B1000096902EB42025E1A02EBD2726B1C521070
:103B20003344934294BF17461F46934288BF1A46B8
:103B30001CF4806F814612D01146F9F7BFF8F0B13E
:103B4000324621690190F6F75DFCA289019B22F4BF
:103B5000906242F08002A28105E02E46C8E7F9F7A4
:103B60008FFB034638B123613344BE1BA6606761F7
:103B700023602E46BCE721694846FAF7E5FEA38993
:103B80000C2243F04003C9F800204FF0FF30A3811E
:103B9000BAE700BF9368002B00F0B7802DE9F04F23
:103BA000B1F90CC01CF0080F83B00C4680461746D4
:103BB0002DD00B695BB31CF002033E6833D04FF08D
:103BC000000ADFF8C4B25546B9465D452B46524659
:103BD00028BF5B464046B5B1E169676AB84700282F
:103BE00040F38B80D9F808301B1A8244C9F808309A
:103BF000002B79D02D1A5D452B46524628BF5B46D7
:103C00004046002DE8D1D6E900A50836DDE721467B
:103C1000404600F03BF9002874D1B4F90CC03E686E
:103C20001CF00203CBD11CF0010A70D1236800976D
:103C30005546002D54D01CF4007FD4F80890184647
:103C400000F0AB80A945CB4600F2E4801CF4906FF5
:103C500034D021696269A3EB010902EB420202EB55
:103C6000D27209F1010352102B44934294BF934640
:103C70009B46934288BF1A461CF4806F00F0E9808F
:103C800011464046F9F71AF8002800F0F7804A4636
:103C900021690190F6F7B6FBA289019B22F490629C
:103CA00042F08002A28103EB09002361ABEB090320
:103CB000C4F814B0A3602060A946AB4651465A46EA
:103CC000F9F700FFA2682368A2EB0902A260009A3C
:103CD00091685B44491B2360916029B1B4F90CC021
:103CE000D6E900A50836A4E7002003B0BDE8F08FB0
:103CF00021464046FDF796FC68B3B4F90C3043F01A
:103D00004003A3814FF0FF30EFE7002070471D46CE
:103D10009A461846B946009365B3002831D05246FA
:103D2000D4E904132068AA4228BF2A46884204D94D
:103D3000A16803EB010B5A457CDC93426DDCE16921
:103D4000009A676A4046B847B0F1000BD5DDBAEB80
:103D50000B0ACDD00120D9F80830A3EB0B03C9F82A
:103D60000830002BC0D0009BA5EB0B055B440093F3
:103D7000002DD2D1756833460836002DFAD01B6865
:103D80000093009F2A460A213846FAF789FC00284A
:103D900071D00130A0EB070AC1E722699A4221D312
:103DA0006269AA421ED86FF00043AB4228BF2B467F
:103DB000E16993FBF2F3676A02FB03F34046524664
:103DC000B847B0F1000998DD009A9368A3EB0903A6
:103DD000A5EB09059360002B86D0B4F90CC02368CD
:103DE000CA4426E7A94528BFA94618464A4651466F
:103DF000F9F768FEA2682368A2EB09024B44A260AF
:103E00002360002AE0D121464046FDF70BFC002844
:103E1000DAD072E7A946AB4650E700990192F9F76C
:103E200051FE019AA3689B1AA36023681344236080
:103E300093468CE700995A46F9F744FE23685B44A1
:103E4000236021464046FDF7EDFB00283FF47FAF9D
:103E500053E74046F9F714FA034600287FF423AFEE
:103E600021694046FAF770FDA3890C22C8F80020AA
:103E700023F0800343E76A1C924651E70C22B4F911
:103E80000C30C8F800203AE700FCFF7F10B5354B36
:103E90000446186882B00B4610B1426B002A53D01A
:103EA000B3F90C20110711D51869C8B1B3F90C206A
:103EB00012F0010126D059694FF0000C4942C3F8B5
:103EC00008C0996120B3002002B010BDD00640D5D3
:103ED000510723D4186942F008029A810028E5D1DD
:103EE0009A8902F42072B2F5007FDFD0194620468D
:103EF000019300F0C9F8019BB3F90C20186912F086
:103F00000101D8D1940758BF596999600028DAD1C6
:103F10001106D9D542F040029A811FE0196B61B1B8
:103F200003F14000814206D020460193FAF70CFDD0
:103F3000019BB3F90C200021196318690021C3E922
:103F4000000122F02402C6E70191F9F78BFC019BE6
:103F5000A6E7092142F0400221609A814FF0FF302C
:103F6000B2E700BF2C3700202DE9F04F8BB0DDE920
:103F70001589149F02901C46B8F1000F57D016689F
:103F800001960029C34608BF4FF0FF370025884639
:103F90000391924606E0019B53F8040B019300281D
:103FA00037D06546AF423ED9002C3CD0DBF800301C
:103FB0000493DBF804300593019B02981A68D9F842
:103FC000C8615B4606A9B047431C33D000EB050C23
:103FD000BC453AD8039B013C002BDCD000280DDD0A
:103FE00008F1FF32019E06A900EB020E11F8013B19
:103FF00002F8013F7245F9D101968044019BDAF83D
:10400000002053F8040B01930432CAF80020002862
:10401000C7D10399D84609B1CAF800000022C8F8F0
:1040200000200CF1FF3528460BB0BDE8F08F00F5FD
:104030008678A4E7029B05468A210022284619605B
:10404000CBF800200BB0BDE8F08FD846DDF810A00B
:10405000DDF814B02846C8E900AB0BB0BDE8F08F1E
:1040600000B585B0DFF81CC0069800900798019055
:1040700003480068CDF808C0FFF776FF05B000BD23
:104080002C370020C4340020B1F90C20930706D54A
:1040900001F143030122C1E904320B60704730B5DE
:1040A0000B46B1F90E10002999B0044632DB02AA82
:1040B000009300F05BF80028009B29DB4FF480613F
:1040C00020460093039DF8F7F9FD009BB3F90C20FF
:1040D000002839D005F4704142F080021860186160
:1040E000B1F5005F4FF480609A8158613AD1B3F91D
:1040F0000E100093204600F04DF8009BB3F90C2001
:1041000080B322F0030242F001024FF4006117E095
:10411000B3F90C20019312F0800F0CBF4FF48061B3
:10412000402120460091F8F7C9FD019B0099B3F9A1
:104130000C2048B1C3E9040142F08002186000215C
:104140000A439A8119B030BD9105FBD422F00302D5
:1041500003F1430142F002020120C3E904109A81F5
:104160001960EFE74FF40061EAE700BF38B5084C8B
:1041700000230546084611462360F6F7F5FA431C6E
:1041800000D038BD2368002BFBD02B6038BD00BFAA
:10419000A8B8032038B5074C00230546084623601D
:1041A000F6F7E8FA431C00D038BD2368002BFBD09B
:1041B0002B6038BDA8B803205FF800F0FD1C00603C
:1041C0005FF800F0A11D006000000000000000008A
:0441D000F8B500BF7F
:0841D4003083FF7F01000000B1
:1041DC0000000000000000000000000000000000D3
:1041EC0000000000000000000000000000000000C3
:1041FC0000000000000000000000000000000000B3
:10420C0000000000000000000000000000000000A2
:10421C000000000000000000000000000000000092
:10422C000000000000000000000000000000000082
:10423C000000000000000000000000000000000072
:10424C000000000000000000000000000000000062
:10425C000000000000000000000000000000000052
:10426C000000000000000000000000000000000042
:10427C000000000000000000000000000000000032
:10428C000000000000000000000000000000000022
:10429C000000000000000000000000000000000012
:1042AC000000000000000000000000000000000002
:1042BC0000000000000000000000000000000000F2
:1042CC0000000000000000000000000000000000E2
:1042DC0000000000000000000000000000000000D2
:1042EC0000000000000000000000000000000000C2
:1042FC0000000000000000000000000000000000B2
:10430C0000000000000000000000000000000000A1
:10431C000000000000000000000000000000000091
:10432C000000000000000000000000000000000081
:10433C000000000000000000000000000000000071
:10434C000000000000000000000000000000000061
:10435C000000000000000000000000000000000051
:10436C000000000000000000000000000000000041
:10437C000000000000000000000000000000000031
:10438C000000000000000000000000000000000021
:10439C000000000000000000000000000000000011
:1043AC000000000000000000000000000000000001
:1043BC0000000000000000000000000000000000F1
:1043CC0000000000000000000000000000000000E1
:1043DC0000000000000000000000000000000000D1
:1043EC0000000000000000000000000000000000C1
:1043FC0000000000000000000000000000000000B1
:10440C0000000000000000000000000000000000A0
:10441C000000000000000000000000000000000090
:10442C000000000000000000000000000000000080
:10443C000000000000000000000000000000000070
:10444C000000000000000000000000000000000060
:10445C00010000000000000001000000000000004E
:10446C00010000000000000001000000000000003E
:10447C00000000000000F03F748515D3B0D9EF3F69
:10448C000F89F96C58B5EF3F515B12D00193EF3F98
:10449C007B517D3CB872EF3FAAB968318754EF3F2E
:1044AC003862756E7A38EF3FE1DE1FF59D1EEF3FE7
:1044BC0015B7310AFE06EF3FCBA93A37A7F1EE3F0D
:1044CC002234124CA6DEEE3F2D89616008CEEE3F01
:1044DC00272A36D5DABFEE3F824F9D562BB4EE3FDE
:1044EC00295448DD07ABEE3F85553AB07EA4EE3F2C
:1044FC00CD3B7F669EA0EE3F745FECE8759FEE3F70
:10450C008701EB7314A1EE3F13CE4C9989A5EE3FB6
:10451C00DBA02A42E5ACEE3FE5C5CDB037B7EE3FA8
:10452C0090F0A38291C4EE3F5D253EB203D5EE3FE1
:10453C00ADD35A999FE8EE3F475EFBF276FFEE3F14
:10454C009C5285DD9B19EF3F6990EFDC2037EF3FE4
:10455C0087A4FBDC1858EF3F5F9B7B33977CEF3FC6
:10456C00DA90A4A2AFA4EF3F40456E5B76D0EF3F4C
:10457C00000000000000E8429423914BF86AAC3F25
:10458C00F3C4FA50CEBFCE3FD6520CFF422EE63FBC
:10459C000000000000003843FE822B6547154740A1
:1045AC009423914BF86ABC3EF3C4FA50CEBF2E3F15
:1045BC00D6520CFF422E963F0080E03779C3414320
:1045CC00176E05B5B5B89346F5F93FE9034F384D6D
:1045DC00321D30F94877825A3CBF737FDD4F157519
:1045EC00000000000000F03F00000000000024402C
:1045FC0000000000000059400000000000408F4007
:10460C00000000000088C34000000000006AF84071
:10461C000000000080842E4100000000D012634195
:10462C000000000084D797410000000065CDCD410B
:10463C00000000205FA00242000000E876483742EC
:10464C00000000A2941A6D42000040E59C30A2428A
:10465C000000901EC4BCD64200003426F56B0C43FF
:10466C000080E03779C3414300A0D88557347643A6
:10467C0000C84E676DC1AB43003D9160E458E14307
:10468C00408CB5781DAF154450EFE2D6E41A4B447C
:10469C0092D54D06CFF08044F64AE1C7022DB544C1
:1046AC00B49DD9794378EA44BEF3F879EC61F63FCE
:1046BC001930965BC6FEDEBF3D88AF4AED71F53F03
:1046CC00A4FCD432680BDBBFB010F0F03995F43F8A
:1046DC007BB71F0A8B41D7BF8503B8B095C9F33F91
:1046EC007BCF6D1AE99DD3BFA564880C190DF33FE0
:1046FC0031B6F2F39B1DD0BFA08E0B7B225EF23F36
:10470C00F07A3B1B1D7CC9BF3F341A4A4ABBF13FB0
:10471C009F3CAF93E3F9C2BFBAE58AF05823F13F4F
:10472C005C8D78BFCB60B9BFA70099413F95F03F36
:10473C00CE5F47B69D6FAABF000000000000F03F9F
:10474C000000000000000000AC479AFD8C60EE3FBA
:10475C003DF5249FCA38B33FA06A021FB3A4EC3FB7
:10476C00BA913854A976C43FE6FC6A573620EB3F21
:10477C00D2E4C44A0B84CE3F2DAAA163D1C2E93F37
:10478C001C65C6F04506D43FED417803E686E83F4C
:10479C00F89F1B2C9C8ED83F624853F5DC67E73F93
:1047AC00CC7BB14EA4E0DC3F0B6E49C91676D23FF0
:1047BC007AC675A06919D7BFDDBAA76C0AC7DE3FE8
:1047CC00C8F6BE484715E7BF2BB82A654715F73F13
:1047DC00000000000000F03F000000000000F0BFEF
:1047EC00000000000000F0BF000000000000F03FDF
:1047FC0083C8C96D305F6441182D4454FB21F93FC7
:10480C00000000000000F03F1C620CFDFFFFDFBF4A
:10481C00198F06E15355A53F9D359AE887C056BFC1
:10482C00C3F87B024393F93E03A695595455C5BF73
:10483C00C40B23057610813F24CF7437EB9429BF2A
:10484C00000000000000F03F000000000000F0BF7E
:10485C00000000000000F0BF000000000000F03F6E
:10486C0083C8C96D305F6441182D4454FB21F93F56
:10487C00000000000000F0BF1C620CFDFFFFDF3FDA
:10488C00198F06E15355A5BF9D359AE887C0563F51
:10489C00C3F87B024393F9BE03A695595455C5BF83
:1048AC00C40B23057610813F24CF7437EB9429BFBA
:1048BC0001000000010000000200000002000000E6
:1048CC0004000000040000000400000001000000CF
:1048DC0000000000000000000800000008000000BC
:1048EC000800000000020406502300200000000015
:1048FC0060230020200000007023002040000000F6
:10490C008023002060000000942300208000000021
:10491C00A4230020A0000000B4230020C00000004D
:10492C00C4230020E0000000D82300200001000078
:10493C00E823002020010000F423002040010000A7
:10494C00002400206001000000200020000004046E
:10495C000100000004000000010000000200000043
:10496C0020000000120000002000000014000000D5
:10497C00000000000000000000000000000000002B
:10498C0020000000160000002000000018000000AD
:10499C002000000022000000200000002400000085
:1049AC000001000054000000000100006E00000037
:1049BC00000100009000000000010000B0000000A9
:1049CC0000010000D20000000001000024010000E2
:1049DC00FF00780180014302880187018C018B0163
:1049EC00920191019501F601990198019A013D02FC
:1049FC009E012002A801A701AD01AC01B001AF01DD
:104A0C00B901B801BD01BC01BF01F701C601C40168
:104A1C00C901C701CC01CA01DD018E01F301F1010D
:104A2C00F501F4013A02652C3C023B023E02662C75
:104A3C00420241025302810154028601560289014D
:104A4C0057028A0159028F015B02900160029301A7
:104A5C006302940168029701690296016B02622C51
:104A6C006F029C0172029D0175029F017D02642CF4
:104A7C008002A6018302A9018802AE0189024402C8
:104A8C008A02B1018B02B2018C0245029202B7017B
:104A9C007B03FD037C03FE037D03FF03AC03860352
:104AAC00C203A303CC038C03CD038E03CE038F036D
:104ABC00F203F903F803F703FB03FA03CF04C00472
:104ACC007D1D632C511F591F531F5B1F551F5D1FED
:104ADC00571F5F1F781FF81F791FF91FB31FBC1FCB
:104AEC00CC1FC31FE51FEC1FFC1FF31F4E213221EF
:104AFC0084218321612C602C762C752C6916000086
:104B0C0031190000291C0000311F00005123000046
:104B1C0081270000C12B00001130000085510000DE
:104B2C00F55500007D5C00000D610000AD650000D6
:104B3C005D6A0000216F0000E97700005DAA0000AB
:104B4C00E1B4000031BA0000591100005D130000FF
:104B5C00853F00004D4C0000917C0000DD360000CC
:104B6C00C9380000C13A000025A600007DB0000045
:104B7C0035C30000C1C0000061CB0000EDD00000C7
:104B8C0095D900005DE2000039D40000E9E800008E
:104B9C00B5EC0000A5170000711A00006D1D000097
:104BAC00792000009D240000D1280000152D000064
:104BBC0069310000E152000055570000E15D000032
:104BCC007562000019670000CD6B00009570000045
:104BDC0065790000EDAB000079B60000D9BB000090
:104BEC00E141000021480000C14E0000617B000043
:104BFC004922000079260000B92A0000092F000084
:104C0C003D500000ED540000755B00000560000095
:104C1C00A564000055690000196E0000E1760000E3
:104C2C0041A90000C5B3000015B90000A54400005F
:104C3C00155900004D3D0000494900003574000035
:104C4C00817200000143000075460000D1A30000F2
:104C5C0001AE00001DBE000045C60000BDC800002E
:104C6C0049CE0000C9D600004DDF0000D5DC0000A5
:104C7C00B1E5000019F100005C78253032580000D5
:104C8C00202070726F6D707420646964206E6F7474
:104C9C0020656E636F64650052554E206572726FAD
:104CAC00723D656E636F64650000000020207072B9
:104CBC006F6D707420746F6F206C6F6E6720666FF1
:104CCC0072207468652025642D706F736974696F28
:104CDC006E2063616368650052554E206572726F79
:104CEC00723D746F6F5F6C6F6E6700000A202070EE
:104CFC00726F6D70743A202225732220202825644F
:104D0C0020746F6B656E732C2067656E65726174B1
:104D1C00696E67202564290070726F6D707420694C
:104D2C0064733A002020666F72776172642066614A
:104D3C00696C656420617420737465702025643A15
:104D4C002025730052554E206572726F723D666F4E
:104D5C00727761726420737465703D256400000085
:104D6C007374657020256420706F73202564206631
:104D7C00656420256C64202D3E20746F70312025D5
:104D8C006C6420252E396720746F703220256C647A
:104D9C0020252E3967207465787420222573220013
:104DAC0020202020252E316620733A2053442025C4
:104DBC002E3166204D4220696E20252E31662073DF
:104DCC002028252E3266204D422F73292C2050533B
:104DDC0052414D20252E3066204B42207265616475
:104DEC0020252E3166204B42207772697474656ED3
:104DFC0020696E20252E326620732C20636F6D7017
:104E0C0075746520252E316620733B20505352411A
:104E1C004D2073656C662D636865636B20736F2022
:104E2C006661723A20256C7520726561647320632B
:104E3C006F727265637465642C20256C75207772B3
:104E4C00697465732072652D646F6E652C20256CFA
:104E5C007520756E7265736F6C766564000000006A
:104E6C0053544147455320737465703D2564206548
:104E7C006D6265643D252E336620716B763D252E63
:104E8C003266206174743D252E336620776F3D2584
:104E9C002E32662066666E3D252E32662068656170
:104EAC00643D252E32662074656D705F633D252E42
:104EBC003166000020203E3E200000000A202041E8
:104ECC004E535745523A2022257322002020256448
:104EDC0020666F72776172642070617373657320E2
:104EEC00696E20252E306620732C20252E316620ED
:104EFC007320656163683B20252E32662047422073
:104F0C00726561642066726F6D20746865206361E0
:104F1C00726400002020505352414D2073656C6622
:104F2C002D636865636B206F7665722074686520ED
:104F3C0077686F6C652072756E3A20256C752072DF
:104F4C006561647320636F727265637465642C2091
:104F5C00256C75207772697465732072652D646F8A
:104F6C006E652C20256C7520756E7265736F6C7672
:104F7C006564000052554E206E5F70726F6D7074D8
:104F8C003D2564206E5F67656E3D256420706173FE
:104F9C007365733D256420746F74616C5F733D257C
:104FAC002E3166207065725F706173735F733D257F
:104FBC002E32662073645F67623D252E3366207344
:104FCC00645F6D62733D252E32662073645F733DA2
:104FDC00252E316620636F6D707574655F733D258A
:104FEC002E31662070735F733D252E3166207073F1
:104FFC005F6669785F723D256C752070735F6669BA
:10500C00785F773D256C752070735F6261643D2518
:10501C006C752074656D705F6D61785F633D252ED6
:10502C00316600002020444F4E452E205479706587
:10503C0020616E6F746865722070726F6D70742071
:10504C00616E6420707265737320456E7465722E88
:10505C000000000070726573756D0000646F745F02
:10506C007100000042454E4348206B65726E656CC2
:10507C0020257320616273656E74000042454E43B7
:10508C0048206B65726E656C20257320646F6573A8
:10509C00206E6F74206669740000000042454E4318
:1050AC0048206B65726E656C202573207265616497
:1050BC00206661696C65640042454E4348206B650F
:1050CC00726E656C202573207479706520256C7563
:1050DC00207061746820257320726F777320256CA3
:1050EC007520636F6C7320256C75206D625F732067
:1050FC00252E3266206D776569676874735F73203F
:10510C00252E326600000000777269746520726586
:10511C002D646F6E650000002020202050535241FA
:10512C004D2073656C662D636865636B3A2025733F
:10513C0020617420256C7520282B256C75292C205A
:10514C00256C7520627974652873292064696666FC
:10515C0065726564000000007772697465206E6585
:10516C007665722072656164206261636B2072697E
:10517C00676874007265616420636F727265637432
:10518C006564206279206D616A6F726974790000C0
:10519C00726561642C20746872656520636F706938
:1051AC0065732064697361677265650020464149C7
:1051BC004C454400492062656E63682D6F6E652016
:1051CC00707372616D5F6C6C6D2076332062616EF2
:1051DC006B732025642070735F627974657320256E
:1051EC006C75206D61785F7365712025642067652F
:1051FC006E202564000000003A3A67656E000000DE
:10520C0047454E20256400003A3A62656E6368009B
:10521C0042454E434820626567696E2074656D7027
:10522C005F6320252E31660042454E43482073644F
:10523C005F73657120726561645F73697A6520259F
:10524C006C75206D625F7320252E3266257300000D
:10525C0042454E43482073645F72616E646F6D20EB
:10526C00726561645F73697A652034303936206306
:10527C006F756E7420323536206D735F65616368AF
:10528C0020252E3366206D625F7320252E3266201A
:10529C006661696C732025640000000066666E5FB1
:1052AC00676174655F4C300066666E5F646F776E25
:1052BC005F4C30006174746E5F765F4C30000000A0
:1052CC00746F6B656E5F656D6264000042454E43A2
:1052DC004820707372616D5F7261772062616E6BD2
:1052EC00202573206D6F6465202573207772697497
:1052FC00655F6D625F7320252E3266207265616476
:10530C005F6D625F7320252E32662077726F6E6739
:10531C0020256C750000000042454E4348207073F8
:10532C0072616D5F636865636B65642062616E6B4F
:10533C002025732077726974655F6D625F73202519
:10534C002E326620726561645F6D625F7320252E5C
:10535C003266206572726F72732025640000000043
:10536C0042454E434820707372616D206E6F20660B
:10537C007265652062616E6B2061626F7665207468
:10538C006865206D6F64656C0000000042454E43FB
:10539C004820656E642074656D705F6320252E3126
:1053AC00660000003A3A73746174730053544154AC
:1053BC00532070735F6669785F7220256C7520705E
:1053CC00735F6669785F7720256C752070735F62F8
:1053DC00616420256C752074656D705F6320252ECB
:1053EC0031662067656E202564206D61785F73657A
:1053FC007120256420757074696D655F7320256C50
:10540C007500000053544154532062616E6B20258B
:10541C0064202573202573207772697465202564B8
:10542C002072656164202564206275727374202576
:10543C006420726174655F6D625F7320252E326625
:10544C00000000003A3A686F6C640000484F4C440E
:10545C002077616974696E6720666F722070726F55
:10546C006D707473000000004649464F5F53444909
:10547C004F000000444D415F5344494F0000000071
:10548C000A3D3D3D3D3D3D3D3D3D3D3D3D3D3D3D73
:10549C003D3D3D3D3D3D3D3D3D3D3D3D3D3D3D3D30
:1054AC003D3D3D3D3D3D3D3D3D3D3D3D3D3D3D3D20
:1054BC003D3D3D3D3D3D3D3D3D3D3D3D3D3D3D3D10
:1054CC003D3D3D3D3D3D3D3D3D0000002020707388
:1054DC0072616D5F6C6C6D207633202D2D206120F8
:1054EC0033422D706172616D65746572206C616EF2
:1054FC006775616765206D6F64656C206F6E2061E8
:10550C00205465656E737920342E31002020776528
:10551C0069676874733A2073747265616D65642091
:10552C0066726F6D20746865206D6963726F534489
:10553C002C20657665727920746F6B656E000000A7
:10554C0020206D656D6F72793A202074686520504B
:10555C005352414D2062616E6B73202D2D20746F60
:10556C006B656E697A65722C206E6F726D732C2070
:10557C00617474656E74696F6E2063616368650035
:10558C00202063707520256C75204D487A2C2025C1
:10559C002E316620430000003D3D3D3D3D3D3D3DEF
:1055AC003D3D3D3D3D3D3D3D3D3D3D3D3D3D3D3D1F
:1055BC003D3D3D3D3D3D3D3D3D3D3D3D3D3D3D3D0F
:1055CC003D3D3D3D3D3D3D3D3D3D3D3D3D3D3D3DFF
:1055DC003D3D3D3D3D3D3D3D3D3D3D3D3D3D3D3DEF
:1055EC00000000000A2020505352414D2064697382
:1055FC00636F766572793A2061736B696E672061AF
:10560C006C6C2074656E2073656C656374732066B6
:10561C006F7220616E206964656E74697479000024
:10562C00616273656E74200020202020252D347358
:10563C0020257320206964202530325820253032F3
:10564C005800000050524553454E5400202025640C
:10565C0020636869707320616E737765726564008E
:10566C000A20207175616C696679696E67206561C5
:10567C0063683A20717561642066697273742C20BA
:10568C007468656E2073696E676C652D6269742C25
:10569C0020636F6E6669726D6564206F766572202B
:1056AC002575206B4220666F75722074696D657369
:1056BC00000000002020202020202020256C7520B8
:1056CC0077726F6E67206F766572202575206B423E
:1056DC00206174207772697465202564207265617D
:1056EC0064202564206275727374202564000000A8
:1056FC00202020202020252D347320252D3131739E
:10570C002065646765207772697465202532642092
:10571C0072656164202532642C2072756E6E696E20
:10572C006720617420777269746520253264207259
:10573C006561642025326420627572737420253291
:10574C006420736574757020253264202D3E2025ED
:10575C00352E3266204D422F730000002020202071
:10576C002020252D3473206E6F20257320736574D3
:10577C0074696E672073757276697665732025750A
:10578C00206B420020202020202025733A20256CFD
:10579C00752077726F6E67206F6E2073746162690B
:1057AC006C69747920706173732025643B206C657F
:1057BC006176696E67206974206F75740000000053
:1057CC0020202020202025733A206E6F74207573C2
:1057DC0061626C65000000000A202070726F7669AF
:1057EC006E6720657665727920627974653A2066F9
:1057FC00696C6C20616C6C2025642062616E6B732B
:10580C0020282564204D4229207769746820626124
:10581C006E6B2D74616767656420646174612C2004
:10582C007468656E207265616420616C6C206261C5
:10583C00636B000020202020252D34732066696CBA
:10584C006C65642038204D4220696E20252E31660F
:10585C00207300002020505352414D20696E20755A
:10586C0073653A2025642062616E6B732C20256C65
:10587C00752062797465730066657765722074684B
:10588C00616E2074776F20505352414D2062616ECF
:10589C006B73207061737365643B2074686520744E
:1058AC006F6B656E697A657220616C6F6E65206EC8
:1058BC006565647320382E33204D42000A20204841
:1058CC00414C5445443A2025730000000A202053D3
:1058DC004420636172640000202020205344207512
:1058EC0070206F6E20617474656D70742025642057
:1058FC0028257329000000007177656E33622E67CE
:10590C006775660020202020534420626567696E0D
:10591C0020617474656D70742025642028257329AA
:10592C00206661696C65643A205364466174206535
:10593C0072726F7220307825303258206461746135
:10594C002030782530386C580000000074686520D1
:10595C005344206361726420776F756C64206E6FA2
:10596C007420696E697469616C69736520696E2055
:10597C003820617474656D7074733B20706F77653B
:10598C00722D6379636C6520746865205465656E4F
:10599C0073792028756E706C75672055534220669C
:1059AC006F72203220732900202020207177656EC1
:1059BC0033622E676775663A20256C6C75206279A8
:1059CC00746573007177656E33622E676775662038
:1059DC006E6F7420666F756E64206F6E20746865D0
:1059EC002063617264000000202020202564206C5C
:1059FC0061796572732C2064696D2025642C206894
:105A0C00696464656E2025642C20256420686561BA
:105A1C00647320282564206B76292C2068656164CA
:105A2C005F64696D2025642C20766F636162756CF0
:105A3C006172792025642C20256C75206D65726748
:105A4C006573000020202020252E306620706172A6
:105A5C00616D657465727320696E2074686520666B
:105A6C00696C650020202020726561642066726F6D
:105A7C006D20746865206361726420706572207497
:105A8C006F6B656E3A20256C6C752062797465734A
:105A9C000000000020202020505352414D207573EF
:105AAC00656420256C75206F6620256C753A207412
:105ABC006F6B656E697A657220256C752C206E6F24
:105ACC00726D732B62696173657320256C752C2064
:105ADC00617474656E74696F6E20636163686520B0
:105AEC00256C752028256420706F736974696F6E3E
:105AFC00732900000A202052454144592E20547924
:105B0C00706520612070726F6D707420616E6420FE
:105B1C00707265737320456E746572207769746852
:105B2C00696E20333020732C206F722074686520CE
:105B3C0064656661756C742072756E73000000008C
:105B4C00546865206361706974616C206F662046CF
:105B5C0072616E63652069730000000020202020B4
:105B6C00252D347320252D3131732072656164200D
:105B7C006261636B2038204D4220696E20252E31E6
:105B8C006620732028252E3266204D422F73293A29
:105B9C0020256C752077726F6E67257300000000EE
:105BAC0020202D3E2044524F505045440000000010
:105BBC0053442072656164206661696C656420647D
:105BCC007572696E672074686520726174652074E3
:105BDC00657374002020202073657175656E74697F
:105BEC00616C20726561643A203332204D42206929
:105BFC006E20252E32662073203D20252E32662005
:105C0C004D422F73000000000A20206F70656E69F2
:105C1C006E6720746865206D6F64656C3A20746FD4
:105C2C006B656E697A657220696E746F2050535281
:105C3C00414D2C206E6F726D7320616E6420626911
:105C4C006173657320696E746F20505352414D2CF3
:105C5C00206361636865206C616964206F757400F2
:105C6C0020202020252E316620733B20505352419A
:105C7C004D2073656C662D636865636B3A20256CEB
:105C8C007520726561647320636F727265637465ED
:105C9C00642C20256C75207772697465732072658D
:105CAC002D646F6E652C20256C7520756E72657376
:105CBC006F6C766564000000435330004353310031
:105CCC00593000005931000059320000593300009E
:105CDC00593400005935000059360000593700007E
:105CEC00717561640000000073696E676C6520302B
:105CFC007830330073696E676C6520307830420001
:105D0C0074656E736F72207479706520256C7520C4
:105D1C00756E737570706F7274656400256C752088
:105D2C00636F6C756D6E73206E6F742061206D7572
:105D3C006C7469706C65206F6620626C6F636B00AD
:105D4C006C6179657220256420686173206E6F2008
:105D5C00257300006C617965722025642025732001
:105D6C00697320256C7578256C752C2065787065A9
:105D7C006374656420256C7578256C7500000000D3
:105D8C006C617965722025642025732074797065A7
:105D9C0020256C7520686173206E6F2066757365A5
:105DAC0064206B65726E656C00000000726F77206A
:105DBC006F6620256C75206279746573206F76652B
:105DCC007220544C5F524F5742554600505352412B
:105DDC004D2066756C6C3A206E65656420256C757B
:105DEC00206D6F7265206279746573206174202553
:105DFC006C75206F6620256C750000005344207272
:105E0C00656164206661696C656420617420256C31
:105E1C006C7520282B256C75290000006D6F64654E
:105E2C006C2066696C65207472756E636174656450
:105E3C0020617420256C6C7500000000726F772057
:105E4C007769646572207468616E2074686520726D
:105E5C006F7720627566666572000000736B6970FF
:105E6C00207061737420656E64206F662066696CA7
:105E7C0065000000505352414D2072656164206FE3
:105E8C00757473696465207468652073746F7265CA
:105E9C003A20256C752B256C75203E20256C7500E1
:105EAC00505352414D2072656164206661696C6586
:105EBC006420617420256C7520282B256C752900B5
:105ECC00505352414D207772697465206F7574730D
:105EDC00696465207468652073746F72653A202557
:105EEC006C752B256C75203E20256C750000000010
:105EFC00505352414D207772697465206661696C0C
:105F0C00656420617420256C7520282B256C7529FF
:105F1C000000000073746F72656420737472696E94
:105F2C006720256C7520746F6F206C6F6E67000096
:105F3C00736D616C6C2074656E736F72206F66206C
:105F4C00256C7520656C656D656E74732C20657899
:105F5C0070656374656420256C750000736D616CED
:105F6C006C2074656E736F72207479706520256C6B
:105F7C007500000064657175616E74206F66207326
:105F8C006D616C6C2074656E736F720073747269E2
:105F9C006E6720256C7520746F6F206C6F6E6700B8
:105FAC00737472696E67206172726179206F6620FA
:105FBC00256C6C7520656E74726965730000000049
:105FCC0062616420737472696E6720256C6C750055
:105FDC00746F6B656E697A657220737472696E6723
:105FEC0020256C6C7520697320256C6C752062798A
:105FFC0074657320286C696D697420256429000010
:10600C00505352414D2066756C6C207768696C65F5
:10601C002073746F72696E6720737472696E677324
:10602C00000000007C3E00006661696C6564000045
:10603C006E6F74206120474755462066696C650079
:10604C007472756E636174656420686561646572F1
:10605C0000000000696D706C61757369626C65207D
:10606C00636F756E74730000626164206B657920D8
:10607C00617420656E74727920256C6C750000005B
:10608C006261642076616C756520666F7220257381
:10609C0000000000626164206172726179206865A1
:1060AC006164657220666F7220257300746F6B6576
:1060BC006E697A65722E67676D6C2E746F6B656E88
:1060CC0073000000746F6B656E697A65722E67677A
:1060DC006D6C2E6D65726765730000006172726184
:1060EC0079206F66207479706520256C7520696E37
:1060FC00202573006E6F20746F6B656E697A657204
:10610C002E67676D6C2E746F6B656E7300000000EC
:10611C006261642074656E736F7220256C6C7500FF
:10612C006261642074656E736F72202573000000C9
:10613C006261642064657363726970746F72206647
:10614C006F72202573000000746F6B656E5F656D58
:10615C0062642E7765696768740000006F757470EF
:10616C0075745F6E6F726D2E776569676874000069
:10617C006F75747075742E776569676874000000AC
:10618C00626C6B2E000000006C61796572202564D6
:10619C00206F76657220544C5F4D41585F4C4159CD
:1061AC0045525300756E737570706F727465642010
:1061BC0074656E736F7220257300000067656E65E1
:1061CC0072616C2E616C69676E6D656E7400000097
:1061DC006E6F2067656E6572616C2E6172636869A3
:1061EC00746563747572650067656E6572616C2E9B
:1061FC006172636869746563747572650000000090
:10620C007177656E32000000617263686974656352
:10621C00747572652025733A2074686973207275E1
:10622C006E74696D6520696D706C656D656E7473E7
:10623C00207177656E32000025732E2573000000E7
:10624C00626C6F636B5F636F756E7400656D626516
:10625C006464696E675F6C656E677468000000004B
:10626C00666565645F666F72776172645F6C656E9C
:10627C0067746800617474656E74696F6E2E6865FE
:10628C0061645F636F756E74000000006174746507
:10629C006E74696F6E2E686561645F636F756E7482
:1062AC005F6B7600617474656E74696F6E2E6C61D1
:1062BC007965725F6E6F726D5F726D735F6570730F
:1062CC00696C6F6E00000000726F70652E667265EF
:1062DC00715F626173650000696E636F6D706C65F0
:1062EC007465206172636869746563747572652086
:1062FC006D657461646174610000000061747465A3
:10630C006E74696F6E2E6B65795F6C656E67746801
:10631C00000000006578706572745F636F756E7451
:10632C00000000006D6978747572652D6F662D65BF
:10633C00787065727473206973206E6F7420696D48
:10634C00706C656D656E74656420686572650000BF
:10635C006D6F64656C207368617065206F76657213
:10636C002074686973206275696C642773206C698A
:10637C006D69747320286C617965727320256420B3
:10638C0064696D2025642068696464656E202564E9
:10639C00206865616473202564206B762025642950
:1063AC00000000006E6F20746F6B656E5F656D6230
:1063BC00642E77656967687400000000746F6B6504
:1063CC006E697A65722E67676D6C2E626F735F747F
:1063DC006F6B656E5F696400746F6B656E697A656F
:1063EC00722E67676D6C2E656F735F746F6B656E65
:1063FC005F6964006E6F206F75747075745F6E6F7B
:10640C00726D2E7765696768740000006174746E34
:10641C005F7100006174746E5F6B00006174746E68
:10642C005F7600006174746E5F6F757470757400C4
:10643C0066666E5F676174650000000066666E5F7D
:10644C007570000066666E5F646F776E000000000A
:10645C006C6179657220256420686173206E6F20F1
:10646C006E6F726D730000006F75747075742068B8
:10647C0065616420697320256C75207769646500FB
:10648C0068656164207479706520256C7500000066
:10649C00505352414D206C65667420666F722074A7
:1064AC00686520636163686520686F6C6473202580
:1064BC006C6C7520706F736974696F6E730000007B
:1064CC006D6F64656C206E6F74206F70656E00006C
:1064DC00706F736974696F6E202564206F757473A7
:1064EC0069646520302E2E2564000000746F6B6586
:1064FC006E202564206F75747369646520746865FB
:10650C0020766F636162756C61727900656D62658E
:10651C006464696E67207479706520256C75000061
:10652C006174746E5F712E77656967687400000022
:10653C006174746E5F6B2E77656967687400000018
:10654C006174746E5F762E776569676874000000FD
:10655C006174746E5F6F75747075742E776569678E
:10656C006874000066666E5F676174652E77656996
:10657C006768740066666E5F75702E77656967680C
:10658C007400000066666E5F646F776E2E776569C7
:10659C00676874006174746E5F6E6F726D2E7765D0
:1065AC00696768740000000066666E5F6E6F726DDE
:1065BC002E776569676874006174746E5F712E6202
:1065CC00696173006174746E5F6B2E626961730034
:1065DC006174746E5F762E626961730027730000BC
:1065EC00277400002772650027766500276D000070
:1065FC00276C6C002764000045584641540000008D
:10660C002E0000004C435F434F4C4C41544500005E
:10661C004C435F4354595045000000004C435F4DC0
:10662C004F4E4554415259004C435F4E554D4552C7
:10663C00494300004C435F54494D45004C435F4D6A
:10664C00455353414745530042616C6C6F63207353
:10665C007563636565646564000000002F64617494
:10666C00612F6A656E6B696E732F776F726B7370C7
:10667C006163652F474E552D746F6F6C636861694C
:10668C006E2F61726D2D31352D352F7372632F6E18
:10669C0065776C69622D63796777696E2F6E6577A4
:1066AC006C69622F6C6962632F7374646C69622FFE
:1066BC006D707265632E6300494E4600696E66000C
:1066CC004E414E006E616E00303132333435363708
:1066DC003839616263646566000000003031323322
:1066EC0034353637383941424344454600000000C2
:1066FC00286E756C6C2900002C2066756E637469AD
:10670C006F6E3A2000000000617373657274696FDC
:10671C006E2022257322206661696C65643A2066BE
:10672C00696C6520222573222C206C696E652025EE
:10673C0064257325730A0000496E66696E69747965
:10674C00000000004E614E002F646174612F6A6579
:10675C006E6B696E732F776F726B73706163652FDD
:10676C00474E552D746F6F6C636861696E2F617243
:10677C006D2D31352D352F7372632F6E65776C69E6
:10678C00622D63796777696E2F6E65776C69622FFE
:10679C006C6962632F7374646C69622F64746F61CB
:1067AC002E63000000000000010000000200000049
:1067BC0003000000040000000500000006000000BB
:1067CC000700000008000000090000000A0000009B
:1067DC000B0000000C0000000D0000000E0000007B
:1067EC00100000001200000014000000180000004F
:1067FC006100E01AE000E017F800E007000101304A
:10680C0032010106390101104A01012E79010106FC
:10681C0082010104A0010106B3010104CD010110A4
:10682C00DE010112F8010128220201124602010ABE
:10683C00AD03DB03B103E011C303E009D803011876
:10684C003004E0205004B010600401228A040136A8
:10685C00C104010ED00401446105D026001E01962E
:10686C00A01E015A001F0808101F0806201F080848
:10687C00301F0808401F0806601F0808701F4A02D6
:10688C00721F5604761F64027A1F70027C1F7E02F0
:10689C00801F0808901F0808A01F0808B01F0802D6
:1068AC00D01F0802E01F08027021F010D024E61A55
:1068BC00302CD02F672C0106802C0164002D002673
:1068CC0041FFE01A101B0020181B0020241B002085
:1068DC000000000000000000E935000091360000C7
:1068EC00F11000001936000045360000A5360000F6
:1068FC002D3600000000000000000000955C010037
:10690C00A15C0100995C01003D5D0100C5620100C4
:10691C00F561010051620100ED600100AD5E010006
:10692C00FD660100C55B0100295C01009563010057
:10693C00B15B0100B55B0100BD5B0100C15B0100F7
:10694C00C55E01009D640100196501000560010030
:10695C00A95B0100B95B0100FD6501002963010021
:10696C00B55C01000000000000000000517F010038
:10697C006D92010069920100659201006192010023
:10698C005D92010059920100559201000000000037
:10699C0000000000E935000091360000F110000005
:1069AC001936000045360000A53600002D360000D3
:1069BC000000000000000000C1680100C568010073
:1069CC002D670100BD6C0100ED7701002570010001
:1069DC006D540100F5680100D1770100D5780100F4
:1069EC00AD700100055401003172010051680100C5
:1069FC005D6801002167010025670100296701001E
:106A0C00696801008D680100B16801003D6D0100ED
:106A1C00D9680100216B0100896D0100496E0100EC
:106A2C0000000000E81A002001000000EC1A002011
:106A3C0002000000F01A002002010000F41A0020ED
:106A4C0002020000F81A002002030000FC1A0020C9
:106A5C0002040000001B002002050000041B0020A3
:106A6C0002060000081B0020020700000C1B00207F
:106A7C0000100000004000000000010000100000A9
:106A8C00D8399D270054EA2A00A4781F007B9A1756
:106A9C00A2000000F9A2000083F9A2006E83F9A203
:106AAC004E6E83F9444E6E8315444E6E2915444E3A
:106ABC00FC29154427FC29155727FC29D15727FCFD
:106ACC00F5D1572734F5D157DD34F5D1C0DD34F588
:106ADC00DBC0DD3462DBC0DD9562DBC0999562DB27
:106AEC003C999562433C999590433C994190433C29
:106AFC000020202020202020202028282828282082
:106B0C002020202020202020202020202020202079
:106B1C0020881010101010101010101010101010E1
:106B2C0010040404040404040404041010101010D1
:106B3C00101041414141414101010101010101019B
:106B4C0001010101010101010101010110101010ED
:106B5C00101042424242424202020202020202026D
:106B6C0002020202020202020202020210101010C1
:106B7C0020000000000000000000000000000000E9
:106B8C0000000000000000000000000000000000F9
:106B9C0000000000000000000000000000000000E9
:106BAC0000000000000000000000000000000000D9
:106BBC0000000000000000000000000000000000C9
:106BCC0000000000000000000000000000000000B9
:106BDC0000000000000000000000000000000000A9
:106BEC000000000000000000000000000000000099
:106BFC000000000020202020202020202020202009
:106C0C002020202020202020202020202020202078
:106C1C00202020200C2400201024002014240020EC
:106C2C00182400201C2400202024002024240020D0
:106C3C0000000042C8801F40B8821F4008000000BE
:106C4C0000000042C4801F40B4821F4004000000BA
:106C5C0000C0004224801F4014821F40100000001E
:106C6C0000C0004228801F4018821F4020000000F6
:106C7C0000C000422C801F401C821F4040000000BE
:106C8C0000C0004234801F4024821F4000010000DD
:106C9C000040004264811F4054831F4000040000E8
:106CAC000040004280811F4070831F4000000200A2
:106CBC00004000427C811F406C831F40000001009B
:106CCC000040004268811F4058831F4000080000AC
:106CDC00004000423C811F402C831F4001000000FB
:106CEC000040004244811F4034831F4004000000D8
:106CFC000040004240811F4030831F4002000000D2
:106D0C000040004248811F4038831F4008000000AB
:106D1C000000004204811F40F4821F400000040068
:106D2C000000004208811F40F8821F40000008004C
:106D3C000000004218811F4008831F4000008000A3
:106D4C000000004214811F4004831F4000004000DB
:106D5C000000004200811F40F0821F400000020032
:106D6C0000000042FC801F40EC821F40000001002C
:106D7C000000004224811F4014831F4000000004C7
:106D8C000000004228811F4018831F4000000008AB
:106D9C00000000421C811F400C831F4000000001BA
:106DAC000000004220811F4010831F4000000002A1
:106DBC0000000042EC801F40DC821F4000100000ED
:106DCC0000000042F0801F40E0821F4000200000C5
:106DDC000000004234811F4024831F40000000400B
:106DEC000000004238811F4028831F4000000080B3
:106DFC000080004294801F4084821F4000000400E9
:106E0C0000C0004290801F4080821F400000008024
:106E1C0000800042A8801F4098821F400000800024
:106E2C0000800042A4801F4094821F40000040005C
:106E3C00004000426C811F405C831F40001000002A
:106E4C0000C0004230801F4020821F4080000000A4
:106E5C0000400042B0811F40A0831F400000002072
:106E6C0000400042AC811F409C831F40000000107A
:106E7C000040004284811F4074831F4000000400C6
:106E8C000040004288811F4078831F4000000800AA
:106E9C00000000422C811F401C831F40000000108A
:106EAC000000004230811F4020831F400000002062
:106EBC00000000420C811F40FC821F4000001000AB
:106ECC000000004210811F4000831F400000200082
:106EDC0000800042C8811F40B8831F400080000022
:106EEC0000800042C4811F40B4831F40004000005A
:106EFC0000800042C0811F40B0831F400020000072
:106F0C0000800042BC811F40AC831F400010000079
:106F1C0000800042D0811F40C0831F40000002004F
:106F2C0000800042CC811F40BC831F400000010048
:106F3C0000C0004274801F4064821F4000000001AA
:106F4C0000C0004280801F4070821F40000000087B
:106F5C0000C0004284801F4074821F40000000105B
:106F6C0000C000426C801F405C821F40000040004B
:106F7C0000C000427C801F406C821F400000000457
:106F8C0000C0004278801F4068821F400000000251
:106F9C0000C0004288801F4078821F400000002003
:106FAC0005000000190000007D0000000001000039
:106FBC00303700201200000000060000F41E0060B4
:106FCC000A00000000020000901E00606200000039
:106FDC00000700002C1E006062000000EE030000A1
:106FEC006C37002012000000000004EE4437002033
:106FFC002800000000030000281E006000000000B4
:10700C0001030904101E00600000000002030904C3
:10701C00F81D006000000000030309048037002005
:10702C000000000000000000000000000000000054
:10703C003030303030303030303030303030303044
:10704C003030303030303030303030303030303034
:10705C000000000000000000802E0020802E002088
:10706C00882E0020882E0020902E0020902E0020AC
:10707C00982E0020982E0020A02E0020A02E00205C
:10708C00A82E0020A82E0020B02E0020B02E00200C
:10709C00B82E0020B82E0020C02E0020C02E0020BC
:1070AC00C82E0020C82E0020D02E0020D02E00206C
:1070BC00D82E0020D82E0020E02E0020E02E00201C
:1070CC00E82E0020E82E0020F02E0020F02E0020CC
:1070DC00F82E0020F82E0020002F0020002F00207A
:1070EC00082F0020082F0020102F0020102F002028
:1070FC00182F0020182F0020202F0020202F0020D8
:10710C00282F0020282F0020302F0020302F002087
:10711C00382F0020382F0020402F0020402F002037
:10712C00482F0020482F0020502F0020502F0020E7
:10713C00582F0020582F0020602F0020602F002097
:10714C00682F0020682F0020702F0020702F002047
:10715C00782F0020782F0020802F0020802F0020F7
:10716C00882F0020882F0020902F0020902F0020A7
:10717C00982F0020982F0020A02F0020A02F002057
:10718C00A82F0020A82F0020B02F0020B02F002007
:10719C00B82F0020B82F0020C02F0020C02F0020B7
:1071AC00C82F0020C82F0020D02F0020D02F002067
:1071BC00D82F0020D82F0020E02F0020E02F002017
:1071CC00E82F0020E82F0020F02F0020F02F0020C7
:1071DC00F82F0020F82F0020003000200030002075
:1071EC000830002008300020103000201030002023
:1071FC0018300020183000202030002020300020D3
:10720C002830002028300020303000203030002082
:10721C003830002038300020403000204030002032
:10722C0048300020483000205030002050300020E2
:10723C005830002058300020603000206030002092
:10724C006830002068300020703000207030002042
:10725C0078300020783000208030002080300020F2
:10726C0088300020883000209030002090300020A2
:10727C009830002098300020A0300020A030002052
:10728C00A8300020A8300020B0300020B030002002
:10729C00B8300020B8300020C0300020C0300020B2
:1072AC00C8300020C8300020D0300020D030002062
:1072BC00D8300020D8300020E0300020E030002012
:1072CC00E8300020E8300020F0300020F0300020C2
:1072DC00F8300020F8300020003100200031002070
:1072EC00083100200831002010310020103100201E
:1072FC0018310020183100202031002020310020CE
:10730C00283100202831002030310020303100207D
:10731C00383100203831002040310020403100202D
:10732C0048310020483100205031002050310020DD
:10733C00583100205831002060310020603100208D
:10734C00683100206831002070310020703100203D
:10735C0078310020783100208031002080310020ED
:10736C00883100208831002090310020903100209D
:10737C009831002098310020A0310020A03100204D
:10738C00A8310020A8310020B0310020B0310020FD
:10739C00B8310020B8310020C0310020C0310020AD
:1073AC00C8310020C8310020D0310020D03100205D
:1073BC00D8310020D8310020E0310020E03100200D
:1073CC00E8310020E8310020F0310020F0310020BD
:1073DC00F8310020F831002000320020003200206B
:1073EC000832002008320020103200201032002019
:1073FC0018320020183200202032002020320020C9
:10740C002832002028320020303200203032002078
:10741C003832002038320020403200204032002028
:10742C0048320020483200205032002050320020D8
:10743C005832002058320020603200206032002088
:10744C006832002068320020703200207032002038
:10745C007832002078320020000000005C99032074
:10746C00C49903202C9A03200000000000000000A7
:10747C000000000000000000000000000000000000
:10748C0000000000000000000000000000000000F0
:10749C0000000000000000000000000000000000E0
:1074AC0000000000000000000000000000000000D0
:1074BC0000000000000000000000000000000000C0
:1074CC0000000000000000000000000000000000B0
:1074DC0000000000000000000000000000000000A0
:1074EC000000000000000000000000000000000090
:1074FC0001000000000000000E33CDAB34126DE62D
:10750C00ECDE05000B000000000000000000000095
:10751C00000000000000000000000000000000005F
:10752C00000000000000000000000000000000004F
:10753C00000000000000000000000000000000003F
:10754C00000000000000000000000000000000002F
:10755C00000000000000000000000000000000001F
:10756C00000000000000000000000000000000000F
:10757C0000000000000000000000000000000000FF
:10758C0000000000000000000000000000000000EF
:10759C0000000000000000000000000000000000DF
:1075AC0000000000000000000000000000000000CF
:1075BC0000000000000000000000000000000000BF
:1075CC0000000000000000000000000000000000AF
:1075DC00000000000000000000000000000000009F
:1075EC00000000000000000000000000000000008F
:1075FC00000000000000000000000000000000007F
:10760C00000000000000000000000000000000006E
:10761C00000000000000000000000000000000005E
:10762C00000000000000000000000000000000004E
:10763C00000000000000000000000000000000003E
:10764C00000000000000000000000000000000002E
:10765C0000000000000000000029DE07007B9A17E4
:10766C009C27002000000000E80300000000000040
:10767C0010000000200000000000000106000000C7
:10768C00FFFFFFFF080000001C990320805F2620ED
:10769C00000000004300000000000000000000009B
:1076AC0000000000000000000000000000000000CE
:1076BC00000000004300000000000000000000007B
:1076CC0000000000000000000000000000000000AE
:1076DC00000000004300000000000000000000005B
:1076EC00000000000000000000000000000000008E
:1076FC00000000004300000000000000000000003B
:10770C00000000000000000000000000000000006D
:10771C00000000004300000000000000000000001A
:10772C00000000000000000000000000000000004D
:10773C0000000000430000000000000000000000FA
:10774C00000000000000000000000000000000002D
:10775C0000000000430000000000000000000000DA
:10776C00000000000000000000000000000000000D
:10777C0000000000430000000000000000000000BA
:10778C0000000000000000000000000000000000ED
:10779C0000000000000000000000000000000000DD
:1077AC0000000000000000000000000000000000CD
:1077BC0000000000000000000000000000000000BD
:1077CC0000000000000000000000000000000000AD
:1077DC00000000000000000000000000000000009D
:1077EC00000000000000000000000000000000008D
:1077FC00000000000000000000000000000000007D
:10780C00000000000000000000000000000000006C
:10781C00000000000000000000000000000000005C
:10782C00000000000000000000000000000000004C
:10783C00000000000000000000000000000000003C
:10784C00000000000000000000000000000000002C
:10785C0000000000000000000000000075D40100D2
:10786C0061CC010000000000202900203024002001
:10787C003425002034250020342500203425002018
:10788C003425002034250020342500203425002008
:10789C0034250020FFFFFFFFFFFFFFFFFFFFFFFF6F
:1078AC00FFFF000001004153434949000000000064
:1078BC0000000000000000000000000000000000BC
:1078CC000000000000004153434949000000000043
:1078DC00000000000000000000000000000000009C
:1078EC000000000000000000FFFFFFFF000002008E
:1078FC0000000000030000005C9903208832002087
:10790C0012010002EF020140C01683048002010242
:10791C000301000028000000000104000100000029
:10792C0000000000020157494E5553420000000070
:10793C0000000000000000000000000012034D00D9
:10794C00530046005400310030003000F8000000B5
:10795C000C0300000000000000000000000000000C
:10796C0000000000000029040200000000000000DC
:10797C0000000000000000000000000000000000FB
:10798C0000000000000000000000000000000000EB
:10799C0000000000000000000000000000000000DB
:1079AC0000000000000000000000000000000000CB
:1079BC0000000000000000000000000000000000BB
:1079CC0000000000000000000000000000000000AB
:1079DC00000000000000000000000000000000009B
:1079EC00000000000000000000000000000000008B
:1079FC00000000000000000000000000000000007B
:107A0C00000000000000000000000000000000006A
:107A1C00000000000000000000000000000000005A
:107A2C00000000000000000000000000000000004A
:107A3C00000000000000000000000000000000003A
:107A4C00000000000000000000000000000000002A
:107A5C00000000000000000000000000000000001A
:107A6C00000000000000000000000000000000000A
:107A7C0000000000000000000000000000000000FA
:107A8C0000000000000000000000000000000000EA
:107A9C0000000000000000000000000000000000DA
:107AAC0000000000000000000000000000000000CA
:107ABC0000000000000000000000000000000000BA
:107ACC0000000000000000000000000000000000AA
:107ADC00000000000000000000000000000000009A
:107AEC00000000000000000000000000000000008A
:107AFC00000000000000000000000000000000007A
:107B0C000000000000000000000000000000000069
:107B1C000000000000000000000000000000000059
:107B2C000000000000000000000000000000000049
:107B3C000000000000000000000000000000000039
:107B4C000000000000000000000000000000000029
:107B5C000000000000000000000000000000000019
:107B6C000000000000000000000000000000000009
:107B7C0000000000000000000000000000000000F9
:107B8C0000000000000000000000000000000000E9
:107B9C0000000000000000000000000000000000D9
:107BAC0000000000000000000000000000000000C9
:107BBC0000000000000000000000000000000000B9
:107BCC0000000000000000000000000000000000A9
:107BDC000000000000000000000000000000000099
:107BEC000000000000000000000000000000000089
:107BFC000000000000000000000000000000000079
:107C0C000000000000000000000000000000000068
:107C1C000000000000000000000000000000000058
:107C2C000000000000000000000000000000000048
:107C3C000000000000000000000000000000000038
:107C4C000000000000000000000000000000000028
:107C5C000000000000000000000000000000000018
:107C6C000000000000000000000000000000000008
:107C7C0000000000000000000000000000000000F8
:107C8C0000000000000000000000000000000000E8
:107C9C00FFFFFFFFFFFFFFFFFFFFFFFFFFFFFFFFE8
:107CAC00FFFFFFFFFFFFFFFFFFFFFFFFFFFFFFFFD8
:107CBC00FFFFFFFFFFFFFFFFFFFFFFFFFFFFFFFFC8
:107CCC00FFFFFFFFFFFFFFFFFFFFFFFFFFFFFFFFB8
:107CDC00FFFFFFFFFFFFFFFFFFFFFFFFFFFFFFFFA8
:107CEC00FFFFFFFFFFFFFFFFFFFFFFFFFFFFFFFF98
:107CFC00FFFFFFFFFFFFFFFFFFFFFFFFFFFFFFFF88
:107D0C00FFFFFFFFFFFFFFFFFFFFFFFFFFFFFFFF77
:107D1C00FFFFFFFFFFFFFFFFFFFFFFFFFFFFFFFF67
:107D2C00FFFFFFFFFFFFFFFFFFFFFFFFFFFFFFFF57
:107D3C00FFFFFFFFFFFFFFFFFFFFFFFFFFFFFFFF47
:107D4C00FFFFFFFFFFFFFFFFFFFFFFFFFFFFFFFF37
:107D5C00FFFFFFFFFFFFFFFFFFFFFFFFFFFFFFFF27
:107D6C00FFFFFFFFFFFFFFFFFFFFFFFFFFFFFFFF17
:107D7C00FFFFFFFFFFFFFFFFFFFFFFFFFFFFFFFF07
:107D8C00FFFFFFFFFFFFFFFFFFFFFFFFFFFFFFFFF7
:107D9C00FFFFFFFFFFFFFFFFFFFFFFFFFFFFFFFFE7
:107DAC00FFFFFFFFFFFFFFFFFFFFFFFFFFFFFFFFD7
:107DBC00FFFFFFFFFFFFFFFFFFFFFFFFFFFFFFFFC7
:107DCC00FFFFFFFFFFFFFFFFFFFFFFFFFFFFFFFFB7
:107DDC00FFFFFFFFFFFFFFFFFFFFFFFFFFFFFFFFA7
:107DEC00FFFFFFFFFFFFFFFFFFFFFFFFFFFFFFFF97
:107DFC00FFFFFFFFFFFFFFFFFFFFFFFFFFFFFFFF87
:107E0C00FFFFFFFFFFFFFFFFFFFFFFFFFFFFFFFF76
:107E1C00FFFFFFFFFFFFFFFFFFFFFFFFFFFFFFFF66
:107E2C00FFFFFFFFFFFFFFFFFFFFFFFFFFFFFFFF56
:107E3C00FFFFFFFFFFFFFFFFFFFFFFFFFFFFFFFF46
:107E4C00FFFFFFFFFFFFFFFFFFFFFFFFFFFFFFFF36
:107E5C00FFFFFFFFFFFFFFFFFFFFFFFFFFFFFFFF26
:107E6C00FFFFFFFFFFFFFFFFFFFFFFFFFFFFFFFF16
:107E7C00FFFFFFFFFFFFFFFFFFFFFFFFFFFFFFFF06
:107E8C00FFFFFFFFFFFFFFFFFFFFFFFFFFFFFFFFF6
:107E9C00FFFFFFFFFFFFFFFFFFFFFFFFFFFFFFFFE6
:107EAC00FFFFFFFFFFFFFFFFFFFFFFFFFFFFFFFFD6
:107EBC00FFFFFFFFFFFFFFFFFFFFFFFFFFFFFFFFC6
:107ECC00FFFFFFFFFFFFFFFFFFFFFFFFFFFFFFFFB6
:107EDC00FFFFFFFFFFFFFFFFFFFFFFFFFFFFFFFFA6
:107EEC00FFFFFFFFFFFFFFFFFFFFFFFFFFFFFFFF96
:107EFC00FFFFFFFFFFFFFFFFFFFFFFFFFFFFFFFF86
:107F0C00FFFFFFFFFFFFFFFFFFFFFFFFFFFFFFFF75
:107F1C00FFFFFFFFFFFFFFFFFFFFFFFFFFFFFFFF65
:107F2C00FFFFFFFFFFFFFFFFFFFFFFFFFFFFFFFF55
:107F3C00FFFFFFFFFFFFFFFFFFFFFFFFFFFFFFFF45
:107F4C00FFFFFFFFFFFFFFFFFFFFFFFFFFFFFFFF35
:107F5C00FFFFFFFFFFFFFFFFFFFFFFFFFFFFFFFF25
:107F6C00FFFFFFFFFFFFFFFFFFFFFFFFFFFFFFFF15
:107F7C00FFFFFFFFFFFFFFFFFFFFFFFFFFFFFFFF05
:107F8C00FFFFFFFFFFFFFFFFFFFFFFFFFFFFFFFFF5
:107F9C00FFFFFFFFFFFFFFFFFFFFFFFFFFFFFFFFE5
:107FAC00FFFFFFFFFFFFFFFFFFFFFFFFFFFFFFFFD5
:107FBC00FFFFFFFFFFFFFFFFFFFFFFFFFFFFFFFFC5
:107FCC00FFFFFFFFFFFFFFFFFFFFFFFFFFFFFFFFB5
:107FDC00FFFFFFFFFFFFFFFFFFFFFFFFFFFFFFFFA5
:107FEC00FFFFFFFFFFFFFFFFFFFFFFFFFFFFFFFF95
:107FFC00FFFFFFFF00000000000000000000000079
:10800C000000000000000000000000000000000064
:10801C000000000000000000000000000000000054
:10802C000000000000000000000000000000000044
:10803C000000000000000000000000000000000034
:10804C000000000000000000000000000000000024
:10805C000000000000000000000000000000000014
:10806C000000000000000000000000000000000004
:10807C0000000000000000000000000000000000F4
:10808C0000000000000000000000000000000000E4
:10809C0000000000000000000000000000000000D4
:1080AC0000000000000000000000000000000000C4
:1080BC0000000000000000000000000000000000B4
:1080CC0000000000000000000000000000000000A4
:1080DC000000000000000000000000000000000094
:1080EC000000000000000000000000000000000084
:1080FC000000000000000000000000000000000074
:10810C000000000000000000000000000000000063
:10811C000000000000000000000000000000000053
:10812C000000000000000000000000000000000043
:10813C000000000000000000000000000000000033
:10814C000000000000000000000000000000000023
:10815C000000000000000000000000000000000013
:10816C000000000000000000000000000000000003
:10817C0000000000000000000000000000000000F3
:10818C0000000000000000000000000000000000E3
:10819C0000000000000000000000000000000000D3
:1081AC0000000000000000000000000000000000C3
:1081BC0000000000000000000000000000000000B3
:1081CC0000000000000000000000000000000000A3
:1081DC000000000000000000000000000000000093
:1081EC000000000000000000000000000000000083
:1081FC000000000000000000000000000000000073
:10820C000000000000000000000000000000000062
:10821C000000000000000000000000000000000052
:10822C000000000000000000000000000000000042
:10823C000000000000000000000000000000000032
:10824C000000000000000000000000000000000022
:10825C000000000000000000000000000000000012
:10826C000000000000000000000000000000000002
:10827C0000000000000000000000000000000000F2
:10828C0000000000000000000000000000000000E2
:10829C0000000000000000000000000000000000D2
:1082AC0000000000000000000000000000000000C2
:1082BC0000000000000000000000000000000000B2
:1082CC0000000000000000000000000000000000A2
:1082DC000000000000000000000000000000000092
:1082EC000000000000000000000000000000000082
:1082FC000000000000000000000000000000000072
:10830C000000000000000000000000000000000061
:10831C000000000000000000000000000000000051
:10832C000000000000000000000000000000000041
:10833C000000000000000000000000000000000031
:10834C000000000000000000000000000000000021
:10835C000000000000000000000000000000000011
:10836C000000000000000000000000000000000001
:10837C0000000000000000000000000000000000F1
:10838C0000000000000000000000000000000000E1
:10839C0000000000000000000000000000000000D1
:1083AC0000000000000000000000000000000000C1
:1083BC0000000000000000000000000000000000B1
:1083CC0000000000000000000000000000000000A1
:1083DC000000000000000000000000000000000091
:1083EC000000000000000000000000000000000081
:1083FC000000000000000000000000000000000071
:10840C000000000000000000000000000000000060
:10841C000000000000000000000000000000000050
:10842C000000000000000000000000000000000040
:10843C000000000000000000000000000000000030
:10844C000000000000000000000000000000000020
:10845C000000000000000000000000000000000010
:10846C000000000000000000000000000000000000
:10847C0000000000000000000000000000000000F0
:10848C0000000000000000000000000000000000E0
:10849C0000000000000000000000000000000000D0
:1084AC0000000000000000000000000000000000C0
:1084BC0000000000000000000000000000000000B0
:1084CC0000000000000000000000000000000000A0
:1084DC000000000000000000000000000000000090
:1084EC000000000000000000000000000000000080
:1084FC000000000000000000000000000000000070
:10850C00000000000000000000000000000000005F
:10851C00000000000000000000000000000000004F
:10852C00000000000000000000000000000000003F
:10853C00000000000000000000000000000000002F
:10854C00000000000000000000000000000000001F
:10855C00000000000000000000000000000000000F
:10856C0000000000000000000000000000000000FF
:10857C0000000000000000000000000000000000EF
:10858C0000000000000000000000000000000000DF
:10859C0000000000000000000000000000000000CF
:1085AC0000000000000000000000000000000000BF
:1085BC0000000000000000000000000000000000AF
:1085CC00000000000000000000000000000000009F
:1085DC00000000000000000000000000000000008F
:1085EC00000000000000000000000000000000007F
:1085FC00000000000000000000000000000000006F
:10860C00000000000000000000000000000000005E
:10861C00000000000000000000000000000000004E
:10862C00000000000000000000000000000000003E
:10863C00000000000000000000000000000000002E
:10864C00000000000000000000000000000000001E
:10865C00000000000000000000000000000000000E
:10866C0000000000000000000000000000000000FE
:10867C0000000000000000000000000000000000EE
:10868C0000000000000000000000000000000000DE
:10869C0000000000000000000000000000000000CE
:1086AC0000000000000000000000000000000000BE
:1086BC0000000000000000000000000000000000AE
:1086CC00000000000000000000000000000000009E
:1086DC00000000000000000000000000000000008E
:1086EC00000000000000000000000000000000007E
:1086FC00000000000000000000000000000000006E
:10870C00000000000000000000000000000000005D
:10871C00000000000000000000000000000000004D
:10872C00000000000000000000000000000000003D
:10873C00000000000000000000000000000000002D
:10874C00000000000000000000000000000000001D
:10875C00000000000000000000000000000000000D
:10876C0000000000000000000000000000000000FD
:10877C0000000000000000000000000000000000ED
:10878C0000000000000000000000000000000000DD
:10879C0000000000000000000000000000000000CD
:1087AC0000000000000000000000000000000000BD
:1087BC0000000000000000000000000000000000AD
:1087CC00000000000000000000000000000000009D
:1087DC00000000000000000000000000000000008D
:1087EC00000000000000000000000000000000007D
:1087FC00000000000000000000000000000000006D
:10880C00000000000000000000000000000000005C
:10881C00000000000000000000000000000000004C
:10882C00000000000000000000000000000000003C
:10883C00000000000000000000000000000000002C
:10884C00000000000000000000000000000000001C
:10885C00000000000000000000000000000000000C
:10886C0000000000000000000000000000000000FC
:10887C0000000000000000000000000000000000EC
:10888C0000000000000000000000000000000000DC
:10889C0000000000000000000000000000000000CC
:1088AC0000000000000000000000000000000000BC
:1088BC0000000000000000000000000000000000AC
:1088CC00000000000000000000000000000000009C
:1088DC00000000000000000000000000000000008C
:1088EC00000000000000000000000000000000007C
:1088FC00000000000000000000000000000000006C
:10890C00000000000000000000000000000000005B
:10891C00000000000000000000000000000000004B
:10892C00000000000000000000000000000000003B
:10893C00000000000000000000000000000000002B
:10894C00000000000000000000000000000000001B
:10895C00000000000000000000000000000000000B
:10896C0000000000000000000000000000000000FB
:10897C0000000000000000000000000000000000EB
:10898C0000000000000000000000000000000000DB
:10899C0000000000000000000000000000000000CB
:1089AC0000000000000000000000000000000000BB
:1089BC0000000000000000000000000000000000AB
:1089CC00000000000000000000000000000000009B
:1089DC00000000000000000000000000000000008B
:1089EC00000000000000000000000000000000007B
:1089FC00000000000000000000000000000000006B
:108A0C00000000000000000000000000000000005A
:108A1C00000000000000000000000000000000004A
:108A2C00000000000000000000000000000000003A
:108A3C00000000000000000000000000000000002A
:108A4C00000000000000000000000000000000001A
:108A5C00000000000000000000000000000000000A
:108A6C0000000000000000000000000000000000FA
:108A7C0000000000000000000000000000000000EA
:108A8C0000000000000000000000000000000000DA
:108A9C0000000000000000000000000000000000CA
:108AAC0000000000000000000000000000000000BA
:108ABC0000000000000000000000000000000000AA
:108ACC00000000000000000000000000000000009A
:108ADC00000000000000000000000000000000008A
:108AEC00000000000000000000000000000000007A
:108AFC00000000000000000000000000000000006A
:108B0C000000000000000000000000000000000059
:108B1C000000000000000000000000000000000049
:108B2C000000000000000000000000000000000039
:108B3C000000000000000000000000000000000029
:108B4C000000000000000000000000000000000019
:108B5C000000000000000000000000000000000009
:108B6C0000000000000000000000000000000000F9
:108B7C0000000000000000000000000000000000E9
:108B8C0000000000000000000000000000000000D9
:108B9C0000000000000000000000000000000000C9
:108BAC0000000000000000000000000000000000B9
:108BBC0000000000000000000000000000000000A9
:108BCC000000000000000000000000000000000099
:108BDC000000000000000000000000000000000089
:108BEC000000000000000000000000000000000079
:048BFC000000000075
:040000056000100087
:00000001FF
