
C:\Users\Danie\AppData\Local\arduino\sketches\CEA226E9F29B507423C9541C83769E43/psram_perfboard.ino.elf:     file format elf32-littlearm


Disassembly of section .text.code:

60001400 <memory_copy>:
	if (dest == dest_end) return;
	do {
		*dest++ = *src++;
	} while (dest < dest_end);
#else
	asm volatile(
60001400:	4282      	cmp	r2, r0
60001402:	d005      	beq.n	60001410 <memory_copy+0x10>
60001404:	f851 3b04 	ldr.w	r3, [r1], #4
60001408:	f840 3b04 	str.w	r3, [r0], #4
6000140c:	4282      	cmp	r2, r0
6000140e:	d8f9      	bhi.n	60001404 <memory_copy+0x4>
	"	cmp	%[end], %[dest]		\n"
	"	bhi.n	1b			\n"
	"2:					\n"
	: [dest] "+r" (dest), [src] "+r" (src) : [end] "r" (dest_end) : "r3", "memory");
#endif
}
60001410:	4770      	bx	lr
60001412:	bf00      	nop

60001414 <memory_clear.constprop.0>:
#if 0
	while (dest < dest_end) {
		*dest++ = 0;
	}
#else
	asm volatile(
60001414:	4a04      	ldr	r2, [pc, #16]	@ (60001428 <memory_clear.constprop.0+0x14>)
60001416:	4905      	ldr	r1, [pc, #20]	@ (6000142c <memory_clear.constprop.0+0x18>)
60001418:	f04f 0300 	mov.w	r3, #0
6000141c:	f842 3b04 	str.w	r3, [r2], #4
60001420:	4291      	cmp	r1, r2
60001422:	d8fb      	bhi.n	6000141c <memory_clear.constprop.0+0x8>
	"1:	str.w	r3, [%[dest]], #4	\n"
	"	cmp	%[end], %[dest]		\n"
	"	bhi.n	1b			\n"
	: [dest] "+r" (dest) : [end] "r" (dest_end) : "r3", "memory");
#endif
}
60001424:	4770      	bx	lr
60001426:	bf00      	nop
60001428:	200022c0 	.word	0x200022c0
6000142c:	200080e0 	.word	0x200080e0

60001430 <ResetHandler2>:
{
60001430:	b508      	push	{r3, lr}
	__asm__ volatile("dsb":::"memory");
60001432:	f3bf 8f4f 	dsb	sy
	startup_early_hook(); // must be in FLASHMEM, as ITCM is not yet initialized!
60001436:	f000 f947 	bl	600016c8 <startup_default_early_hook>
	CCM_ANALOG_PFD_480 = usb_pfd;
6000143a:	4c54      	ldr	r4, [pc, #336]	@ (6000158c <ResetHandler2+0x15c>)
	PMU_MISC0_SET = 1<<3; //Use bandgap-based bias currents for best performance (Page 1175)
6000143c:	4b54      	ldr	r3, [pc, #336]	@ (60001590 <ResetHandler2+0x160>)
6000143e:	2008      	movs	r0, #8
	CCM_ANALOG_PFD_528 = sys_pfd;
60001440:	4954      	ldr	r1, [pc, #336]	@ (60001594 <ResetHandler2+0x164>)
	PMU_MISC0_SET = 1<<3; //Use bandgap-based bias currents for best performance (Page 1175)
60001442:	f8c3 0154 	str.w	r0, [r3, #340]	@ 0x154
	memory_copy(&_stext, &_stextload, &_etext);
60001446:	4a54      	ldr	r2, [pc, #336]	@ (60001598 <ResetHandler2+0x168>)
	CCM_ANALOG_PFD_528 = sys_pfd;
60001448:	f8c3 1100 	str.w	r1, [r3, #256]	@ 0x100
	memory_copy(&_stext, &_stextload, &_etext);
6000144c:	4853      	ldr	r0, [pc, #332]	@ (6000159c <ResetHandler2+0x16c>)
	CCM_ANALOG_PFD_480 = usb_pfd;
6000144e:	f8c3 40f0 	str.w	r4, [r3, #240]	@ 0xf0
	memory_copy(&_stext, &_stextload, &_etext);
60001452:	4953      	ldr	r1, [pc, #332]	@ (600015a0 <ResetHandler2+0x170>)
60001454:	f7ff ffd4 	bl	60001400 <memory_copy>
	memory_copy(&_sdata, &_sdataload, &_edata);
60001458:	4a52      	ldr	r2, [pc, #328]	@ (600015a4 <ResetHandler2+0x174>)
6000145a:	4953      	ldr	r1, [pc, #332]	@ (600015a8 <ResetHandler2+0x178>)
6000145c:	4853      	ldr	r0, [pc, #332]	@ (600015ac <ResetHandler2+0x17c>)
6000145e:	f7ff ffcf 	bl	60001400 <memory_copy>
	memory_clear(&_sbss, &_ebss);
60001462:	4c53      	ldr	r4, [pc, #332]	@ (600015b0 <ResetHandler2+0x180>)
60001464:	f7ff ffd6 	bl	60001414 <memory_clear.constprop.0>
	SCB_CPACR = 0x00F00000;
60001468:	f44f 0070 	mov.w	r0, #15728640	@ 0xf00000
6000146c:	f04f 21e0 	mov.w	r1, #3758153728	@ 0xe000e000
	for (i=0; i < NVIC_NUM_INTERRUPTS + 16; i++) _VectorsRam[i] = &unused_interrupt_vector;
60001470:	2300      	movs	r3, #0
60001472:	4a50      	ldr	r2, [pc, #320]	@ (600015b4 <ResetHandler2+0x184>)
	SCB_CPACR = 0x00F00000;
60001474:	f8c1 0d88 	str.w	r0, [r1, #3464]	@ 0xd88
	for (i=0; i < NVIC_NUM_INTERRUPTS + 16; i++) _VectorsRam[i] = &unused_interrupt_vector;
60001478:	f844 2023 	str.w	r2, [r4, r3, lsl #2]
6000147c:	3301      	adds	r3, #1
6000147e:	2bb0      	cmp	r3, #176	@ 0xb0
60001480:	d1fa      	bne.n	60001478 <ResetHandler2+0x48>
60001482:	4b4d      	ldr	r3, [pc, #308]	@ (600015b8 <ResetHandler2+0x188>)
	for (i=0; i < NVIC_NUM_INTERRUPTS; i++) NVIC_SET_PRIORITY(i, 128);
60001484:	2180      	movs	r1, #128	@ 0x80
60001486:	4a4d      	ldr	r2, [pc, #308]	@ (600015bc <ResetHandler2+0x18c>)
60001488:	f803 1b01 	strb.w	r1, [r3], #1
6000148c:	4293      	cmp	r3, r2
6000148e:	d1fb      	bne.n	60001488 <ResetHandler2+0x58>
	SCB_VTOR = (uint32_t)_VectorsRam;
60001490:	f04f 25e0 	mov.w	r5, #3758153728	@ 0xe000e000
	CCM_CSCMR1 = (CCM_CSCMR1 & ~CCM_CSCMR1_PERCLK_PODF(0x3F)) | CCM_CSCMR1_PERCLK_CLK_SEL;
60001494:	4e4a      	ldr	r6, [pc, #296]	@ (600015c0 <ResetHandler2+0x190>)
	IOMUXC_GPR_GPR26 = 0xFFFFFFFF;
60001496:	4a4b      	ldr	r2, [pc, #300]	@ (600015c4 <ResetHandler2+0x194>)
60001498:	f04f 31ff 	mov.w	r1, #4294967295
	SCB_VTOR = (uint32_t)_VectorsRam;
6000149c:	f8c5 4d08 	str.w	r4, [r5, #3336]	@ 0xd08
	SCB_SHCSR |= SCB_SHCSR_MEMFAULTENA | SCB_SHCSR_BUSFAULTENA | SCB_SHCSR_USGFAULTENA;
600014a0:	f8d5 3d24 	ldr.w	r3, [r5, #3364]	@ 0xd24
600014a4:	f443 23e0 	orr.w	r3, r3, #458752	@ 0x70000
600014a8:	f8c5 3d24 	str.w	r3, [r5, #3364]	@ 0xd24
	CCM_CSCMR1 = (CCM_CSCMR1 & ~CCM_CSCMR1_PERCLK_PODF(0x3F)) | CCM_CSCMR1_PERCLK_CLK_SEL;
600014ac:	69f3      	ldr	r3, [r6, #28]
600014ae:	f023 037f 	bic.w	r3, r3, #127	@ 0x7f
600014b2:	f043 0340 	orr.w	r3, r3, #64	@ 0x40
600014b6:	61f3      	str	r3, [r6, #28]
	CCM_CSCDR1 = (CCM_CSCDR1 & ~CCM_CSCDR1_UART_CLK_PODF(0x3F)) | CCM_CSCDR1_UART_CLK_SEL;
600014b8:	6a73      	ldr	r3, [r6, #36]	@ 0x24
600014ba:	f023 037f 	bic.w	r3, r3, #127	@ 0x7f
600014be:	f043 0340 	orr.w	r3, r3, #64	@ 0x40
600014c2:	6273      	str	r3, [r6, #36]	@ 0x24
	IOMUXC_GPR_GPR26 = 0xFFFFFFFF;
600014c4:	6691      	str	r1, [r2, #104]	@ 0x68
	IOMUXC_GPR_GPR27 = 0xFFFFFFFF;
600014c6:	66d1      	str	r1, [r2, #108]	@ 0x6c
	IOMUXC_GPR_GPR28 = 0xFFFFFFFF;
600014c8:	6711      	str	r1, [r2, #112]	@ 0x70
	IOMUXC_GPR_GPR29 = 0xFFFFFFFF;
600014ca:	6751      	str	r1, [r2, #116]	@ 0x74
	configure_cache();
600014cc:	f000 f904 	bl	600016d8 <configure_cache>
	_VectorsRam[14] = pendablesrvreq_isr;
600014d0:	4a3d      	ldr	r2, [pc, #244]	@ (600015c8 <ResetHandler2+0x198>)
	_VectorsRam[15] = systick_isr;
600014d2:	4b3e      	ldr	r3, [pc, #248]	@ (600015cc <ResetHandler2+0x19c>)
	_VectorsRam[14] = pendablesrvreq_isr;
600014d4:	63a2      	str	r2, [r4, #56]	@ 0x38
	SYST_RVR = (SYSTICK_EXT_FREQ / 1000) - 1;
600014d6:	2263      	movs	r2, #99	@ 0x63
	_VectorsRam[15] = systick_isr;
600014d8:	63e3      	str	r3, [r4, #60]	@ 0x3c
	SYST_CVR = 0;
600014da:	2400      	movs	r4, #0
	SYST_RVR = (SYSTICK_EXT_FREQ / 1000) - 1;
600014dc:	616a      	str	r2, [r5, #20]
	SYST_CSR = SYST_CSR_TICKINT | SYST_CSR_ENABLE;
600014de:	2303      	movs	r3, #3
	SCB_SHPR3 = 0x20200000;  // Systick, pendablesrvreq_isr = priority 32;
600014e0:	4a3b      	ldr	r2, [pc, #236]	@ (600015d0 <ResetHandler2+0x1a0>)
	SYST_CVR = 0;
600014e2:	61ac      	str	r4, [r5, #24]
	SYST_CSR = SYST_CSR_TICKINT | SYST_CSR_ENABLE;
600014e4:	612b      	str	r3, [r5, #16]
	SCB_SHPR3 = 0x20200000;  // Systick, pendablesrvreq_isr = priority 32;
600014e6:	f8c5 2d20 	str.w	r2, [r5, #3360]	@ 0xd20
	ARM_DEMCR |= ARM_DEMCR_TRCENA;
600014ea:	f8d5 2dfc 	ldr.w	r2, [r5, #3580]	@ 0xdfc
	ARM_DWT_CTRL |= ARM_DWT_CTRL_CYCCNTENA; // turn on cycle counter
600014ee:	4b39      	ldr	r3, [pc, #228]	@ (600015d4 <ResetHandler2+0x1a4>)
	ARM_DEMCR |= ARM_DEMCR_TRCENA;
600014f0:	f042 7280 	orr.w	r2, r2, #16777216	@ 0x1000000
	systick_cycle_count = ARM_DWT_CYCCNT; // compiled 0, corrected w/1st systick
600014f4:	4938      	ldr	r1, [pc, #224]	@ (600015d8 <ResetHandler2+0x1a8>)
	ARM_DEMCR |= ARM_DEMCR_TRCENA;
600014f6:	f8c5 2dfc 	str.w	r2, [r5, #3580]	@ 0xdfc
	ARM_DWT_CTRL |= ARM_DWT_CTRL_CYCCNTENA; // turn on cycle counter
600014fa:	681a      	ldr	r2, [r3, #0]
600014fc:	f042 0201 	orr.w	r2, r2, #1
60001500:	601a      	str	r2, [r3, #0]
	systick_cycle_count = ARM_DWT_CYCCNT; // compiled 0, corrected w/1st systick
60001502:	685b      	ldr	r3, [r3, #4]
60001504:	600b      	str	r3, [r1, #0]
	usb_pll_start();	
60001506:	f000 fab7 	bl	60001a78 <usb_pll_start>
	set_arm_clock(F_CPU);
6000150a:	4834      	ldr	r0, [pc, #208]	@ (600015dc <ResetHandler2+0x1ac>)
6000150c:	f000 fc60 	bl	60001dd0 <__set_arm_clock_veneer>
	CCM_CCGR1 |= CCM_CCGR1_PIT(CCM_CCGR_ON);
60001510:	6ef1      	ldr	r1, [r6, #108]	@ 0x6c
	PIT_MCR = 0;
60001512:	4b33      	ldr	r3, [pc, #204]	@ (600015e0 <ResetHandler2+0x1b0>)
	if (!(SNVS_LPCR & SNVS_LPCR_SRTC_ENV)) {
60001514:	4a33      	ldr	r2, [pc, #204]	@ (600015e4 <ResetHandler2+0x1b4>)
	CCM_CCGR1 |= CCM_CCGR1_PIT(CCM_CCGR_ON);
60001516:	f441 5140 	orr.w	r1, r1, #12288	@ 0x3000
6000151a:	66f1      	str	r1, [r6, #108]	@ 0x6c
	PIT_MCR = 0;
6000151c:	601c      	str	r4, [r3, #0]
	PIT_TCTRL0 = 0;
6000151e:	f8c3 4108 	str.w	r4, [r3, #264]	@ 0x108
	PIT_TCTRL1 = 0;
60001522:	f8c3 4118 	str.w	r4, [r3, #280]	@ 0x118
	PIT_TCTRL2 = 0;
60001526:	f8c3 4128 	str.w	r4, [r3, #296]	@ 0x128
	PIT_TCTRL3 = 0;
6000152a:	f8c3 4138 	str.w	r4, [r3, #312]	@ 0x138
	if (!(SNVS_LPCR & SNVS_LPCR_SRTC_ENV)) {
6000152e:	6b93      	ldr	r3, [r2, #56]	@ 0x38
60001530:	07db      	lsls	r3, r3, #31
60001532:	d408      	bmi.n	60001546 <ResetHandler2+0x116>
		SNVS_LPSRTCMR = 1546300800u >> 17;
60001534:	f642 6315 	movw	r3, #11797	@ 0x2e15
		SNVS_LPSRTCLR = 1546300800u << 15;
60001538:	492b      	ldr	r1, [pc, #172]	@ (600015e8 <ResetHandler2+0x1b8>)
6000153a:	6551      	str	r1, [r2, #84]	@ 0x54
		SNVS_LPSRTCMR = 1546300800u >> 17;
6000153c:	6513      	str	r3, [r2, #80]	@ 0x50
		SNVS_LPCR |= SNVS_LPCR_SRTC_ENV;
6000153e:	6b93      	ldr	r3, [r2, #56]	@ 0x38
60001540:	f043 0301 	orr.w	r3, r3, #1
60001544:	6393      	str	r3, [r2, #56]	@ 0x38
	SNVS_HPCR |= SNVS_HPCR_RTC_EN | SNVS_HPCR_HP_TS;
60001546:	4a27      	ldr	r2, [pc, #156]	@ (600015e4 <ResetHandler2+0x1b4>)
60001548:	4c28      	ldr	r4, [pc, #160]	@ (600015ec <ResetHandler2+0x1bc>)
6000154a:	6893      	ldr	r3, [r2, #8]
6000154c:	f043 1301 	orr.w	r3, r3, #65537	@ 0x10001
60001550:	6093      	str	r3, [r2, #8]
	configure_external_ram();
60001552:	f000 f94f 	bl	600017f4 <configure_external_ram>
	analog_init();
60001556:	f000 fbfb 	bl	60001d50 <analog_init>
	pwm_init();
6000155a:	f000 fc45 	bl	60001de8 <__pwm_init_veneer>
	tempmon_init();
6000155e:	f000 fabd 	bl	60001adc <tempmon_init>
	startup_middle_hook();
60001562:	f000 f8b3 	bl	600016cc <startup_default_middle_hook>
// Returns the number of milliseconds since your program started running.
// This 32 bit number will roll back to zero after about 49.7 days.  For a
// simpler way to build delays or timeouts, consider using elapsedMillis.
static inline uint32_t millis(void)
{
	return systick_millis_count;
60001566:	6823      	ldr	r3, [r4, #0]
	while (millis() < TEENSY_INIT_USB_DELAY_BEFORE) ; // wait
60001568:	2b13      	cmp	r3, #19
6000156a:	d9fc      	bls.n	60001566 <ResetHandler2+0x136>
	usb_init();
6000156c:	f000 fb52 	bl	60001c14 <usb_init>
60001570:	6823      	ldr	r3, [r4, #0]
	while (millis() < TEENSY_INIT_USB_DELAY_AFTER + TEENSY_INIT_USB_DELAY_BEFORE) ; // wait
60001572:	f5b3 7f96 	cmp.w	r3, #300	@ 0x12c
60001576:	d3fb      	bcc.n	60001570 <ResetHandler2+0x140>
	startup_debug_reset();
60001578:	f000 f8ac 	bl	600016d4 <startup_debug_reset>
	startup_late_hook();
6000157c:	f000 f8a8 	bl	600016d0 <startup_default_late_hook>
	__libc_init_array();
60001580:	f000 fc16 	bl	60001db0 <____libc_init_array_veneer>
	main();
60001584:	f000 fc18 	bl	60001db8 <__main_veneer>
	while (1) asm("WFI");
60001588:	bf30      	wfi
6000158a:	e7fd      	b.n	60001588 <ResetHandler2+0x158>
6000158c:	13110d0c 	.word	0x13110d0c
60001590:	400d8000 	.word	0x400d8000
60001594:	2018101b 	.word	0x2018101b
60001598:	0000a038 	.word	0x0000a038
6000159c:	00000000 	.word	0x00000000
600015a0:	60001efc 	.word	0x60001efc
600015a4:	200022c0 	.word	0x200022c0
600015a8:	6000bf38 	.word	0x6000bf38
600015ac:	20000000 	.word	0x20000000
600015b0:	20002000 	.word	0x20002000
600015b4:	000080e5 	.word	0x000080e5
600015b8:	e000e400 	.word	0xe000e400
600015bc:	e000e4a0 	.word	0xe000e4a0
600015c0:	400fc000 	.word	0x400fc000
600015c4:	400ac000 	.word	0x400ac000
600015c8:	000094e5 	.word	0x000094e5
600015cc:	000094e9 	.word	0x000094e9
600015d0:	20200000 	.word	0x20200000
600015d4:	e0001000 	.word	0xe0001000
600015d8:	20008078 	.word	0x20008078
600015dc:	23c34600 	.word	0x23c34600
600015e0:	40084000 	.word	0x40084000
600015e4:	400d4000 	.word	0x400d4000
600015e8:	56c00000 	.word	0x56c00000
600015ec:	2000807c 	.word	0x2000807c

600015f0 <ResetHandler>:
	IOMUXC_GPR_GPR17 = (uint32_t)&_flexram_bank_config;
600015f0:	4b05      	ldr	r3, [pc, #20]	@ (60001608 <ResetHandler+0x18>)
	IOMUXC_GPR_GPR14 = 0x00AA0000;
600015f2:	f44f 012a 	mov.w	r1, #11141120	@ 0xaa0000
	IOMUXC_GPR_GPR17 = (uint32_t)&_flexram_bank_config;
600015f6:	4a05      	ldr	r2, [pc, #20]	@ (6000160c <ResetHandler+0x1c>)
	IOMUXC_GPR_GPR16 = 0x00200007;
600015f8:	4805      	ldr	r0, [pc, #20]	@ (60001610 <ResetHandler+0x20>)
	IOMUXC_GPR_GPR17 = (uint32_t)&_flexram_bank_config;
600015fa:	645a      	str	r2, [r3, #68]	@ 0x44
	IOMUXC_GPR_GPR16 = 0x00200007;
600015fc:	6418      	str	r0, [r3, #64]	@ 0x40
	__asm__ volatile("mov sp, %0" : : "r" ((uint32_t)&_estack) : "memory");
600015fe:	4a05      	ldr	r2, [pc, #20]	@ (60001614 <ResetHandler+0x24>)
	IOMUXC_GPR_GPR14 = 0x00AA0000;
60001600:	6399      	str	r1, [r3, #56]	@ 0x38
	__asm__ volatile("mov sp, %0" : : "r" ((uint32_t)&_estack) : "memory");
60001602:	4695      	mov	sp, r2
	ResetHandler2();
60001604:	f7ff ff14 	bl	60001430 <ResetHandler2>
60001608:	400ac000 	.word	0x400ac000
6000160c:	aaaaaaaf 	.word	0xaaaaaaaf
60001610:	00200007 	.word	0x00200007
60001614:	20070000 	.word	0x20070000

60001618 <flexspi2_psram_size>:
	FLEXSPI2_IPCR0 = addr;
60001618:	4a29      	ldr	r2, [pc, #164]	@ (600016c0 <flexspi2_psram_size+0xa8>)
	FLEXSPI2_IPCR1 = FLEXSPI_IPCR1_ISEQID(index);
6000161a:	2100      	movs	r1, #0
	FLEXSPI2_IPCMD = FLEXSPI_IPCMD_TRG;
6000161c:	2301      	movs	r3, #1
	FLEXSPI2_IPCR0 = addr;
6000161e:	f8c2 00a0 	str.w	r0, [r2, #160]	@ 0xa0
	FLEXSPI2_IPCR1 = FLEXSPI_IPCR1_ISEQID(index);
60001622:	f8c2 10a4 	str.w	r1, [r2, #164]	@ 0xa4
	FLEXSPI2_IPCMD = FLEXSPI_IPCMD_TRG;
60001626:	f8c2 30b0 	str.w	r3, [r2, #176]	@ 0xb0
	while (!(FLEXSPI2_INTR & FLEXSPI_INTR_IPCMDDONE)); // wait
6000162a:	6953      	ldr	r3, [r2, #20]
6000162c:	07d9      	lsls	r1, r3, #31
6000162e:	d5fc      	bpl.n	6000162a <flexspi2_psram_size+0x12>
	FLEXSPI2_INTR = FLEXSPI_INTR_IPCMDDONE;
60001630:	2301      	movs	r3, #1
	FLEXSPI2_IPCR1 = FLEXSPI_IPCR1_ISEQID(index);
60001632:	f44f 3c80 	mov.w	ip, #65536	@ 0x10000
	while (!(FLEXSPI2_INTR & FLEXSPI_INTR_IPCMDDONE)); // wait
60001636:	4922      	ldr	r1, [pc, #136]	@ (600016c0 <flexspi2_psram_size+0xa8>)
	FLEXSPI2_INTR = FLEXSPI_INTR_IPCMDDONE;
60001638:	6153      	str	r3, [r2, #20]
	FLEXSPI2_IPCR0 = addr;
6000163a:	f8c2 00a0 	str.w	r0, [r2, #160]	@ 0xa0
	FLEXSPI2_IPCR1 = FLEXSPI_IPCR1_ISEQID(index);
6000163e:	f8c2 c0a4 	str.w	ip, [r2, #164]	@ 0xa4
	FLEXSPI2_IPCMD = FLEXSPI_IPCMD_TRG;
60001642:	f8c2 30b0 	str.w	r3, [r2, #176]	@ 0xb0
	while (!(FLEXSPI2_INTR & FLEXSPI_INTR_IPCMDDONE)); // wait
60001646:	694b      	ldr	r3, [r1, #20]
60001648:	07db      	lsls	r3, r3, #31
6000164a:	d5fc      	bpl.n	60001646 <flexspi2_psram_size+0x2e>
	FLEXSPI2_INTR = FLEXSPI_INTR_IPCMDDONE;
6000164c:	2301      	movs	r3, #1
	FLEXSPI2_IPCR1 = FLEXSPI_IPCR1_ISEQID(index);
6000164e:	f44f 3c00 	mov.w	ip, #131072	@ 0x20000
	while (!(FLEXSPI2_INTR & FLEXSPI_INTR_IPCMDDONE)); // wait
60001652:	4a1b      	ldr	r2, [pc, #108]	@ (600016c0 <flexspi2_psram_size+0xa8>)
	FLEXSPI2_INTR = FLEXSPI_INTR_IPCMDDONE;
60001654:	614b      	str	r3, [r1, #20]
	FLEXSPI2_IPCR0 = addr;
60001656:	f8c1 00a0 	str.w	r0, [r1, #160]	@ 0xa0
	FLEXSPI2_IPCR1 = FLEXSPI_IPCR1_ISEQID(index);
6000165a:	f8c1 c0a4 	str.w	ip, [r1, #164]	@ 0xa4
	FLEXSPI2_IPCMD = FLEXSPI_IPCMD_TRG;
6000165e:	f8c1 30b0 	str.w	r3, [r1, #176]	@ 0xb0
	while (!(FLEXSPI2_INTR & FLEXSPI_INTR_IPCMDDONE)); // wait
60001662:	6953      	ldr	r3, [r2, #20]
60001664:	07d9      	lsls	r1, r3, #31
60001666:	d5fc      	bpl.n	60001662 <flexspi2_psram_size+0x4a>
	FLEXSPI2_INTR = FLEXSPI_INTR_IPCMDDONE;
60001668:	2301      	movs	r3, #1
	FLEXSPI2_IPCR1 = FLEXSPI_IPCR1_ISEQID(3) | FLEXSPI_IPCR1_IDATSZ(4);
6000166a:	f8df c058 	ldr.w	ip, [pc, #88]	@ 600016c4 <flexspi2_psram_size+0xac>
	while (!(FLEXSPI2_INTR & FLEXSPI_INTR_IPCMDDONE)); // wait
6000166e:	4914      	ldr	r1, [pc, #80]	@ (600016c0 <flexspi2_psram_size+0xa8>)
	FLEXSPI2_INTR = FLEXSPI_INTR_IPCMDDONE;
60001670:	6153      	str	r3, [r2, #20]
	FLEXSPI2_IPCR0 = addr;
60001672:	f8c2 00a0 	str.w	r0, [r2, #160]	@ 0xa0
	FLEXSPI2_IPCR1 = FLEXSPI_IPCR1_ISEQID(3) | FLEXSPI_IPCR1_IDATSZ(4);
60001676:	f8c2 c0a4 	str.w	ip, [r2, #164]	@ 0xa4
	FLEXSPI2_IPCMD = FLEXSPI_IPCMD_TRG;
6000167a:	f8c2 30b0 	str.w	r3, [r2, #176]	@ 0xb0
	while (!(FLEXSPI2_INTR & FLEXSPI_INTR_IPCMDDONE)); // wait
6000167e:	694b      	ldr	r3, [r1, #20]
60001680:	07db      	lsls	r3, r3, #31
60001682:	d5fc      	bpl.n	6000167e <flexspi2_psram_size+0x66>
	uint32_t id = FLEXSPI2_RFDR0;
60001684:	f8d1 3100 	ldr.w	r3, [r1, #256]	@ 0x100
	switch (id & 0xFFFF)
60001688:	f645 500d 	movw	r0, #23821	@ 0x5d0d
	FLEXSPI2_INTR = FLEXSPI_INTR_IPCMDDONE | FLEXSPI_INTR_IPRXWA;
6000168c:	f04f 0c21 	mov.w	ip, #33	@ 0x21
	switch (id & 0xFFFF)
60001690:	b29a      	uxth	r2, r3
	FLEXSPI2_INTR = FLEXSPI_INTR_IPCMDDONE | FLEXSPI_INTR_IPRXWA;
60001692:	f8c1 c014 	str.w	ip, [r1, #20]
	switch (id & 0xFFFF)
60001696:	4282      	cmp	r2, r0
60001698:	d010      	beq.n	600016bc <flexspi2_psram_size+0xa4>
6000169a:	f645 519d 	movw	r1, #23965	@ 0x5d9d
6000169e:	428a      	cmp	r2, r1
600016a0:	d10a      	bne.n	600016b8 <flexspi2_psram_size+0xa0>
			switch ((id >> 21) & 0x7) // get size (Datasheet Table 6.2)
600016a2:	f3c3 5342 	ubfx	r3, r3, #21, #3
600016a6:	2b03      	cmp	r3, #3
600016a8:	d008      	beq.n	600016bc <flexspi2_psram_size+0xa4>
600016aa:	f1a3 0304 	sub.w	r3, r3, #4
600016ae:	fab3 f383 	clz	r3, r3
600016b2:	095b      	lsrs	r3, r3, #5
600016b4:	0118      	lsls	r0, r3, #4
600016b6:	4770      	bx	lr
	switch (id & 0xFFFF)
600016b8:	2000      	movs	r0, #0
600016ba:	4770      	bx	lr
			result = 8;
600016bc:	2008      	movs	r0, #8
}
600016be:	4770      	bx	lr
600016c0:	402a4000 	.word	0x402a4000
600016c4:	00030004 	.word	0x00030004

600016c8 <startup_default_early_hook>:
FLASHMEM void startup_default_early_hook(void) {}
600016c8:	4770      	bx	lr
600016ca:	bf00      	nop

600016cc <startup_default_middle_hook>:
FLASHMEM void startup_default_middle_hook(void) {}
600016cc:	4770      	bx	lr
600016ce:	bf00      	nop

600016d0 <startup_default_late_hook>:
FLASHMEM void startup_default_late_hook(void) {}
600016d0:	4770      	bx	lr
600016d2:	bf00      	nop

600016d4 <startup_debug_reset>:
FLASHMEM void startup_debug_reset(void) { __asm__ volatile("nop"); }
600016d4:	bf00      	nop
600016d6:	4770      	bx	lr

600016d8 <configure_cache>:
	SCB_MPU_CTRL = 0; // turn off MPU
600016d8:	f04f 23e0 	mov.w	r3, #3758153728	@ 0xe000e000
600016dc:	2100      	movs	r1, #0
	SCB_MPU_RBAR = 0x00000000 | REGION(i++); //https://developer.arm.com/docs/146793866/10/why-does-the-cortex-m7-initiate-axim-read-accesses-to-memory-addresses-that-do-not-fall-under-a-defined-mpu-region
600016de:	f04f 0c10 	mov.w	ip, #16
	SCB_MPU_RASR = SCB_MPU_RASR_TEX(0) | NOACCESS | NOEXEC | SIZE_4G;
600016e2:	4834      	ldr	r0, [pc, #208]	@ (600017b4 <configure_cache+0xdc>)
	SCB_MPU_CTRL = 0; // turn off MPU
600016e4:	f8c3 1d94 	str.w	r1, [r3, #3476]	@ 0xd94
	SCB_MPU_RBAR = 0x00000000 | REGION(i++); //https://developer.arm.com/docs/146793866/10/why-does-the-cortex-m7-initiate-axim-read-accesses-to-memory-addresses-that-do-not-fall-under-a-defined-mpu-region
600016e8:	f8c3 cd9c 	str.w	ip, [r3, #3484]	@ 0xd9c
	SCB_MPU_RBAR = 0x00000000 | REGION(i++); // ITCM
600016ec:	f04f 0c11 	mov.w	ip, #17
	SCB_MPU_RASR = SCB_MPU_RASR_TEX(0) | NOACCESS | NOEXEC | SIZE_4G;
600016f0:	f8c3 0da0 	str.w	r0, [r3, #3488]	@ 0xda0
	SCB_MPU_RASR = MEM_NOCACHE | READONLY | SIZE_512K;
600016f4:	4830      	ldr	r0, [pc, #192]	@ (600017b8 <configure_cache+0xe0>)
	SCB_MPU_RBAR = 0x00000000 | REGION(i++); // ITCM
600016f6:	f8c3 cd9c 	str.w	ip, [r3, #3484]	@ 0xd9c
	SCB_MPU_RBAR = 0x00000000 | REGION(i++); // trap NULL pointer deref
600016fa:	f04f 0c12 	mov.w	ip, #18
	SCB_MPU_RASR = MEM_NOCACHE | READONLY | SIZE_512K;
600016fe:	f8c3 0da0 	str.w	r0, [r3, #3488]	@ 0xda0
	SCB_MPU_RASR =  DEV_NOCACHE | NOACCESS | SIZE_32B;
60001702:	482e      	ldr	r0, [pc, #184]	@ (600017bc <configure_cache+0xe4>)
	SCB_MPU_RBAR = 0x00000000 | REGION(i++); // trap NULL pointer deref
60001704:	f8c3 cd9c 	str.w	ip, [r3, #3484]	@ 0xd9c
	SCB_MPU_RBAR = ((uint32_t)&_ebss) | REGION(i++); // trap stack overflow
60001708:	4a2d      	ldr	r2, [pc, #180]	@ (600017c0 <configure_cache+0xe8>)
	SCB_MPU_RASR =  DEV_NOCACHE | NOACCESS | SIZE_32B;
6000170a:	f8c3 0da0 	str.w	r0, [r3, #3488]	@ 0xda0
	SCB_MPU_RBAR = 0x00200000 | REGION(i++); // Boot ROM
6000170e:	f8df c0d0 	ldr.w	ip, [pc, #208]	@ 600017e0 <configure_cache+0x108>
	SCB_MPU_RBAR = ((uint32_t)&_ebss) | REGION(i++); // trap stack overflow
60001712:	f042 0215 	orr.w	r2, r2, #21
	SCB_MPU_RASR = MEM_CACHE_WT | READONLY | SIZE_128K;
60001716:	482b      	ldr	r0, [pc, #172]	@ (600017c4 <configure_cache+0xec>)
	SCB_MPU_RBAR = 0x00200000 | REGION(i++); // Boot ROM
60001718:	f8c3 cd9c 	str.w	ip, [r3, #3484]	@ 0xd9c
	SCB_MPU_RASR = MEM_CACHE_WT | READONLY | SIZE_128K;
6000171c:	f8c3 0da0 	str.w	r0, [r3, #3488]	@ 0xda0
	SCB_MPU_RBAR = 0x20000000 | REGION(i++); // DTCM
60001720:	f8df c0c0 	ldr.w	ip, [pc, #192]	@ 600017e4 <configure_cache+0x10c>
	SCB_MPU_RASR = MEM_NOCACHE | READWRITE | NOEXEC | SIZE_512K;
60001724:	4828      	ldr	r0, [pc, #160]	@ (600017c8 <configure_cache+0xf0>)
	SCB_MPU_RBAR = 0x20000000 | REGION(i++); // DTCM
60001726:	f8c3 cd9c 	str.w	ip, [r3, #3484]	@ 0xd9c
	SCB_MPU_RASR = MEM_NOCACHE | READWRITE | NOEXEC | SIZE_512K;
6000172a:	f8c3 0da0 	str.w	r0, [r3, #3488]	@ 0xda0
	SCB_MPU_RASR = SCB_MPU_RASR_TEX(0) | NOACCESS | NOEXEC | SIZE_32B;
6000172e:	f8df c0b8 	ldr.w	ip, [pc, #184]	@ 600017e8 <configure_cache+0x110>
	SCB_MPU_RBAR = ((uint32_t)&_ebss) | REGION(i++); // trap stack overflow
60001732:	f8c3 2d9c 	str.w	r2, [r3, #3484]	@ 0xd9c
	SCB_MPU_RBAR = 0x20200000 | REGION(i++); // RAM (AXI bus)
60001736:	4825      	ldr	r0, [pc, #148]	@ (600017cc <configure_cache+0xf4>)
	SCB_MPU_RASR = MEM_CACHE_WBWA | READWRITE | NOEXEC | SIZE_1M;
60001738:	4a25      	ldr	r2, [pc, #148]	@ (600017d0 <configure_cache+0xf8>)
	SCB_MPU_RASR = SCB_MPU_RASR_TEX(0) | NOACCESS | NOEXEC | SIZE_32B;
6000173a:	f8c3 cda0 	str.w	ip, [r3, #3488]	@ 0xda0
	SCB_MPU_RBAR = 0x20200000 | REGION(i++); // RAM (AXI bus)
6000173e:	f8c3 0d9c 	str.w	r0, [r3, #3484]	@ 0xd9c
	SCB_MPU_RASR = MEM_CACHE_WBWA | READWRITE | NOEXEC | SIZE_1M;
60001742:	f8c3 2da0 	str.w	r2, [r3, #3488]	@ 0xda0
	SCB_MPU_RASR = DEV_NOCACHE | READWRITE | NOEXEC | SIZE_64M;
60001746:	f502 22a0 	add.w	r2, r2, #327680	@ 0x50000
	SCB_MPU_RBAR = 0x40000000 | REGION(i++); // Peripherals
6000174a:	f8df c0a0 	ldr.w	ip, [pc, #160]	@ 600017ec <configure_cache+0x114>
	SCB_MPU_RASR = DEV_NOCACHE | READWRITE | NOEXEC | SIZE_64M;
6000174e:	320c      	adds	r2, #12
	SCB_MPU_RBAR = 0x60000000 | REGION(i++); // QSPI Flash
60001750:	4820      	ldr	r0, [pc, #128]	@ (600017d4 <configure_cache+0xfc>)
	SCB_MPU_RBAR = 0x40000000 | REGION(i++); // Peripherals
60001752:	f8c3 cd9c 	str.w	ip, [r3, #3484]	@ 0xd9c
	SCB_MPU_RASR = DEV_NOCACHE | READWRITE | NOEXEC | SIZE_64M;
60001756:	f8c3 2da0 	str.w	r2, [r3, #3488]	@ 0xda0
	SCB_MPU_RASR = MEM_CACHE_WBWA | READONLY | SIZE_16M;
6000175a:	4a1f      	ldr	r2, [pc, #124]	@ (600017d8 <configure_cache+0x100>)
	SCB_MPU_RBAR = 0x60000000 | REGION(i++); // QSPI Flash
6000175c:	f8c3 0d9c 	str.w	r0, [r3, #3484]	@ 0xd9c
	SCB_MPU_RASR = MEM_CACHE_WBWA | READONLY | SIZE_16M;
60001760:	f8c3 2da0 	str.w	r2, [r3, #3488]	@ 0xda0
	SCB_MPU_RASR = MEM_CACHE_WBWA | READWRITE | NOEXEC | SIZE_32M;
60001764:	f102 6240 	add.w	r2, r2, #201326592	@ 0xc000000
	SCB_MPU_RBAR = 0x70000000 | REGION(i++); // FlexSPI2
60001768:	f8df c084 	ldr.w	ip, [pc, #132]	@ 600017f0 <configure_cache+0x118>
	SCB_MPU_RASR = MEM_CACHE_WBWA | READWRITE | NOEXEC | SIZE_32M;
6000176c:	3202      	adds	r2, #2
	SCB_MPU_RBAR = 0x80000000 | REGION(i++); // SEMC: SDRAM, NAND, SRAM, etc
6000176e:	481b      	ldr	r0, [pc, #108]	@ (600017dc <configure_cache+0x104>)
	SCB_MPU_RBAR = 0x70000000 | REGION(i++); // FlexSPI2
60001770:	f8c3 cd9c 	str.w	ip, [r3, #3484]	@ 0xd9c
	SCB_MPU_RASR = MEM_CACHE_WBWA | READWRITE | NOEXEC | SIZE_32M;
60001774:	f8c3 2da0 	str.w	r2, [r3, #3488]	@ 0xda0
	SCB_MPU_RASR = MEM_CACHE_WBWA | READWRITE | NOEXEC | SIZE_1G;
60001778:	320a      	adds	r2, #10
	SCB_MPU_RBAR = 0x80000000 | REGION(i++); // SEMC: SDRAM, NAND, SRAM, etc
6000177a:	f8c3 0d9c 	str.w	r0, [r3, #3484]	@ 0xd9c
	SCB_MPU_RASR = MEM_CACHE_WBWA | READWRITE | NOEXEC | SIZE_1G;
6000177e:	f8c3 2da0 	str.w	r2, [r3, #3488]	@ 0xda0
	asm("nop"); // allow a few cycles for bus writes before enable MPU
60001782:	bf00      	nop
	asm("nop");
60001784:	bf00      	nop
	asm("nop");
60001786:	bf00      	nop
	asm("nop");
60001788:	bf00      	nop
	asm("nop");
6000178a:	bf00      	nop
	SCB_MPU_CTRL = SCB_MPU_CTRL_ENABLE;
6000178c:	2201      	movs	r2, #1
6000178e:	f8c3 2d94 	str.w	r2, [r3, #3476]	@ 0xd94
	asm("dsb");
60001792:	f3bf 8f4f 	dsb	sy
	asm("isb");
60001796:	f3bf 8f6f 	isb	sy
	SCB_CACHE_ICIALLU = 0;
6000179a:	f8c3 1f50 	str.w	r1, [r3, #3920]	@ 0xf50
	asm("dsb");
6000179e:	f3bf 8f4f 	dsb	sy
	asm("isb");
600017a2:	f3bf 8f6f 	isb	sy
	SCB_CCR |= (SCB_CCR_IC | SCB_CCR_DC);
600017a6:	f8d3 2d14 	ldr.w	r2, [r3, #3348]	@ 0xd14
600017aa:	f442 3240 	orr.w	r2, r2, #196608	@ 0x30000
600017ae:	f8c3 2d14 	str.w	r2, [r3, #3348]	@ 0xd14
}
600017b2:	4770      	bx	lr
600017b4:	1000003f 	.word	0x1000003f
600017b8:	07080025 	.word	0x07080025
600017bc:	00100009 	.word	0x00100009
600017c0:	200080e0 	.word	0x200080e0
600017c4:	07020021 	.word	0x07020021
600017c8:	13080025 	.word	0x13080025
600017cc:	20200016 	.word	0x20200016
600017d0:	130b0027 	.word	0x130b0027
600017d4:	60000018 	.word	0x60000018
600017d8:	070b002f 	.word	0x070b002f
600017dc:	8000001a 	.word	0x8000001a
600017e0:	00200013 	.word	0x00200013
600017e4:	20000014 	.word	0x20000014
600017e8:	10000009 	.word	0x10000009
600017ec:	40000017 	.word	0x40000017
600017f0:	70000019 	.word	0x70000019

600017f4 <configure_external_ram>:
{
600017f4:	b530      	push	{r4, r5, lr}
	IOMUXC_SW_PAD_CTL_PAD_GPIO_EMC_22 = 0x1B0F9; // 100K pullup, strong drive, max speed, hyst
600017f6:	4b86      	ldr	r3, [pc, #536]	@ (60001a10 <configure_external_ram+0x21c>)
{
600017f8:	b085      	sub	sp, #20
	IOMUXC_SW_PAD_CTL_PAD_GPIO_EMC_22 = 0x1B0F9; // 100K pullup, strong drive, max speed, hyst
600017fa:	f8df e274 	ldr.w	lr, [pc, #628]	@ 60001a70 <configure_external_ram+0x27c>
	IOMUXC_SW_MUX_CTL_PAD_GPIO_EMC_22 = 8 | 0x10; // ALT1 = FLEXSPI2_A_SS1_B (Flash)
600017fe:	2218      	movs	r2, #24
	IOMUXC_SW_PAD_CTL_PAD_GPIO_EMC_23 = 0x110F9; // keeper, strong drive, max speed, hyst
60001800:	4d84      	ldr	r5, [pc, #528]	@ (60001a14 <configure_external_ram+0x220>)
	IOMUXC_FLEXSPI2_IPP_IND_DQS_FA_SELECT_INPUT = 1; // GPIO_EMC_23 for Mode: ALT8, pg 986
60001802:	2001      	movs	r0, #1
	IOMUXC_SW_PAD_CTL_PAD_GPIO_EMC_22 = 0x1B0F9; // 100K pullup, strong drive, max speed, hyst
60001804:	f8c3 e25c 	str.w	lr, [r3, #604]	@ 0x25c
	IOMUXC_FLEXSPI2_IPP_IND_DQS_FA_SELECT_INPUT = 1; // GPIO_EMC_23 for Mode: ALT8, pg 986
60001808:	4983      	ldr	r1, [pc, #524]	@ (60001a18 <configure_external_ram+0x224>)
	IOMUXC_SW_PAD_CTL_PAD_GPIO_EMC_23 = 0x110F9; // keeper, strong drive, max speed, hyst
6000180a:	f8c3 5260 	str.w	r5, [r3, #608]	@ 0x260
	IOMUXC_SW_PAD_CTL_PAD_GPIO_EMC_25 = 0x100F9; // strong drive, max speed, hyst
6000180e:	f5a5 5580 	sub.w	r5, r5, #4096	@ 0x1000
	IOMUXC_SW_PAD_CTL_PAD_GPIO_EMC_26 = 0x170F9; // 47K pullup, strong drive, max speed, hyst
60001812:	f8df c260 	ldr.w	ip, [pc, #608]	@ 60001a74 <configure_external_ram+0x280>
	CCM_CBCMR = (CCM_CBCMR & ~(CCM_CBCMR_FLEXSPI2_PODF_MASK | CCM_CBCMR_FLEXSPI2_CLK_SEL_MASK))
60001816:	4c81      	ldr	r4, [pc, #516]	@ (60001a1c <configure_external_ram+0x228>)
	IOMUXC_SW_PAD_CTL_PAD_GPIO_EMC_24 = 0x1B0F9; // 100K pullup, strong drive, max speed, hyst
60001818:	f8c3 e264 	str.w	lr, [r3, #612]	@ 0x264
	IOMUXC_SW_PAD_CTL_PAD_GPIO_EMC_25 = 0x100F9; // strong drive, max speed, hyst
6000181c:	f8c3 5268 	str.w	r5, [r3, #616]	@ 0x268
	FLEXSPI2_FLSHA1CR1 = FLEXSPI_FLSHCR1_CSINTERVAL(0)
60001820:	2521      	movs	r5, #33	@ 0x21
	IOMUXC_SW_PAD_CTL_PAD_GPIO_EMC_26 = 0x170F9; // 47K pullup, strong drive, max speed, hyst
60001822:	f8c3 c26c 	str.w	ip, [r3, #620]	@ 0x26c
	IOMUXC_SW_PAD_CTL_PAD_GPIO_EMC_27 = 0x170F9; // 47K pullup, strong drive, max speed, hyst
60001826:	f8c3 c270 	str.w	ip, [r3, #624]	@ 0x270
	IOMUXC_SW_PAD_CTL_PAD_GPIO_EMC_28 = 0x170F9; // 47K pullup, strong drive, max speed, hyst
6000182a:	f8c3 c274 	str.w	ip, [r3, #628]	@ 0x274
	IOMUXC_SW_PAD_CTL_PAD_GPIO_EMC_29 = 0x170F9; // 47K pullup, strong drive, max speed, hyst
6000182e:	f8c3 c278 	str.w	ip, [r3, #632]	@ 0x278
		| FLEXSPI_MCR0_RXCLKSRC(1) | FLEXSPI_MCR0_MDIS;
60001832:	f248 7c0c 	movw	ip, #34572	@ 0x870c
	IOMUXC_SW_MUX_CTL_PAD_GPIO_EMC_22 = 8 | 0x10; // ALT1 = FLEXSPI2_A_SS1_B (Flash)
60001836:	66da      	str	r2, [r3, #108]	@ 0x6c
	IOMUXC_SW_MUX_CTL_PAD_GPIO_EMC_23 = 8 | 0x10; // ALT1 = FLEXSPI2_A_DQS
60001838:	671a      	str	r2, [r3, #112]	@ 0x70
	IOMUXC_SW_MUX_CTL_PAD_GPIO_EMC_24 = 8 | 0x10; // ALT1 = FLEXSPI2_A_SS0_B (RAM)
6000183a:	675a      	str	r2, [r3, #116]	@ 0x74
	IOMUXC_SW_MUX_CTL_PAD_GPIO_EMC_25 = 8 | 0x10; // ALT1 = FLEXSPI2_A_SCLK
6000183c:	679a      	str	r2, [r3, #120]	@ 0x78
	IOMUXC_SW_MUX_CTL_PAD_GPIO_EMC_26 = 8 | 0x10; // ALT1 = FLEXSPI2_A_DATA0
6000183e:	67da      	str	r2, [r3, #124]	@ 0x7c
	IOMUXC_SW_MUX_CTL_PAD_GPIO_EMC_27 = 8 | 0x10; // ALT1 = FLEXSPI2_A_DATA1
60001840:	f8c3 2080 	str.w	r2, [r3, #128]	@ 0x80
	IOMUXC_SW_MUX_CTL_PAD_GPIO_EMC_28 = 8 | 0x10; // ALT1 = FLEXSPI2_A_DATA2
60001844:	f8c3 2084 	str.w	r2, [r3, #132]	@ 0x84
	IOMUXC_SW_MUX_CTL_PAD_GPIO_EMC_29 = 8 | 0x10; // ALT1 = FLEXSPI2_A_DATA3
60001848:	f8c3 2088 	str.w	r2, [r3, #136]	@ 0x88
	IOMUXC_FLEXSPI2_IPP_IND_DQS_FA_SELECT_INPUT = 1; // GPIO_EMC_23 for Mode: ALT8, pg 986
6000184c:	f8c1 032c 	str.w	r0, [r1, #812]	@ 0x32c
	CCM_CBCMR = (CCM_CBCMR & ~(CCM_CBCMR_FLEXSPI2_PODF_MASK | CCM_CBCMR_FLEXSPI2_CLK_SEL_MASK))
60001850:	4a73      	ldr	r2, [pc, #460]	@ (60001a20 <configure_external_ram+0x22c>)
	IOMUXC_FLEXSPI2_IPP_IND_IO_FA_BIT0_SELECT_INPUT = 1; // GPIO_EMC_26 for Mode: ALT8
60001852:	f8c1 0330 	str.w	r0, [r1, #816]	@ 0x330
	IOMUXC_FLEXSPI2_IPP_IND_IO_FA_BIT1_SELECT_INPUT = 1; // GPIO_EMC_27 for Mode: ALT8
60001856:	f8c1 0334 	str.w	r0, [r1, #820]	@ 0x334
	IOMUXC_FLEXSPI2_IPP_IND_IO_FA_BIT2_SELECT_INPUT = 1; // GPIO_EMC_28 for Mode: ALT8
6000185a:	f8c1 0338 	str.w	r0, [r1, #824]	@ 0x338
	IOMUXC_FLEXSPI2_IPP_IND_IO_FA_BIT3_SELECT_INPUT = 1; // GPIO_EMC_29 for Mode: ALT8
6000185e:	f8c1 033c 	str.w	r0, [r1, #828]	@ 0x33c
	IOMUXC_FLEXSPI2_IPP_IND_SCK_FA_SELECT_INPUT = 1; // GPIO_EMC_25 for Mode: ALT8
60001862:	f8c1 0350 	str.w	r0, [r1, #848]	@ 0x350
	CCM_CBCMR = (CCM_CBCMR & ~(CCM_CBCMR_FLEXSPI2_PODF_MASK | CCM_CBCMR_FLEXSPI2_CLK_SEL_MASK))
60001866:	69a1      	ldr	r1, [r4, #24]
		| CCM_CBCMR_FLEXSPI2_PODF(4) | CCM_CBCMR_FLEXSPI2_CLK_SEL(3); // 105.6 MHz
60001868:	4b6e      	ldr	r3, [pc, #440]	@ (60001a24 <configure_external_ram+0x230>)
	CCM_CBCMR = (CCM_CBCMR & ~(CCM_CBCMR_FLEXSPI2_PODF_MASK | CCM_CBCMR_FLEXSPI2_CLK_SEL_MASK))
6000186a:	400a      	ands	r2, r1
	FLEXSPI2_MCR0 |= FLEXSPI_MCR0_MDIS;
6000186c:	486e      	ldr	r0, [pc, #440]	@ (60001a28 <configure_external_ram+0x234>)
	FLEXSPI2_MCR2 = (FLEXSPI_MCR2 & ~(FLEXSPI_MCR2_RESUMEWAIT_MASK
6000186e:	496f      	ldr	r1, [pc, #444]	@ (60001a2c <configure_external_ram+0x238>)
		| CCM_CBCMR_FLEXSPI2_PODF(4) | CCM_CBCMR_FLEXSPI2_CLK_SEL(3); // 105.6 MHz
60001870:	4313      	orrs	r3, r2
		| FLEXSPI_MCR0_RXCLKSRC(1) | FLEXSPI_MCR0_MDIS;
60001872:	4a6f      	ldr	r2, [pc, #444]	@ (60001a30 <configure_external_ram+0x23c>)
	CCM_CBCMR = (CCM_CBCMR & ~(CCM_CBCMR_FLEXSPI2_PODF_MASK | CCM_CBCMR_FLEXSPI2_CLK_SEL_MASK))
60001874:	61a3      	str	r3, [r4, #24]
	CCM_CCGR7 |= CCM_CCGR7_FLEXSPI2(CCM_CCGR_ON);
60001876:	f8d4 3084 	ldr.w	r3, [r4, #132]	@ 0x84
6000187a:	f043 030c 	orr.w	r3, r3, #12
6000187e:	f8c4 3084 	str.w	r3, [r4, #132]	@ 0x84
	FLEXSPI2_MCR1 = FLEXSPI_MCR1_SEQWAIT(0xFFFF) | FLEXSPI_MCR1_AHBBUSWAIT(0xFFFF);
60001882:	f04f 34ff 	mov.w	r4, #4294967295
	FLEXSPI2_MCR0 |= FLEXSPI_MCR0_MDIS;
60001886:	6803      	ldr	r3, [r0, #0]
60001888:	f043 0302 	orr.w	r3, r3, #2
6000188c:	6003      	str	r3, [r0, #0]
	FLEXSPI2_MCR0 = (FLEXSPI2_MCR0 & ~(FLEXSPI_MCR0_AHBGRANTWAIT_MASK
6000188e:	6803      	ldr	r3, [r0, #0]
		| FLEXSPI_MCR0_RXCLKSRC(1) | FLEXSPI_MCR0_MDIS;
60001890:	ea03 030c 	and.w	r3, r3, ip
60001894:	431a      	orrs	r2, r3
	FLEXSPI2_MCR2 = (FLEXSPI_MCR2 & ~(FLEXSPI_MCR2_RESUMEWAIT_MASK
60001896:	4b67      	ldr	r3, [pc, #412]	@ (60001a34 <configure_external_ram+0x240>)
	FLEXSPI2_MCR0 = (FLEXSPI2_MCR0 & ~(FLEXSPI_MCR0_AHBGRANTWAIT_MASK
60001898:	6002      	str	r2, [r0, #0]
	FLEXSPI2_MCR1 = FLEXSPI_MCR1_SEQWAIT(0xFFFF) | FLEXSPI_MCR1_AHBBUSWAIT(0xFFFF);
6000189a:	6044      	str	r4, [r0, #4]
	FLEXSPI2_MCR2 = (FLEXSPI_MCR2 & ~(FLEXSPI_MCR2_RESUMEWAIT_MASK
6000189c:	688a      	ldr	r2, [r1, #8]
	FLEXSPI2_AHBRXBUF0CR0 = (FLEXSPI2_AHBRXBUF0CR0 & ~mask)
6000189e:	4c66      	ldr	r4, [pc, #408]	@ (60001a38 <configure_external_ram+0x244>)
	FLEXSPI2_MCR2 = (FLEXSPI_MCR2 & ~(FLEXSPI_MCR2_RESUMEWAIT_MASK
600018a0:	4013      	ands	r3, r2
		| FLEXSPI_AHBRXBUFCR0_PREFETCHEN | FLEXSPI_AHBRXBUFCR0_BUFSZ(64);
600018a2:	4a66      	ldr	r2, [pc, #408]	@ (60001a3c <configure_external_ram+0x248>)
		| FLEXSPI_MCR2_RESUMEWAIT(0x20) /*| FLEXSPI_MCR2_SAMEDEVICEEN*/;
600018a4:	f043 5300 	orr.w	r3, r3, #536870912	@ 0x20000000
	FLEXSPI2_MCR2 = (FLEXSPI_MCR2 & ~(FLEXSPI_MCR2_RESUMEWAIT_MASK
600018a8:	6083      	str	r3, [r0, #8]
	FLEXSPI2_AHBCR = FLEXSPI2_AHBCR & ~(FLEXSPI_AHBCR_READADDROPT | FLEXSPI_AHBCR_PREFETCHEN
600018aa:	68c3      	ldr	r3, [r0, #12]
600018ac:	f023 0378 	bic.w	r3, r3, #120	@ 0x78
600018b0:	60c3      	str	r3, [r0, #12]
	FLEXSPI2_AHBRXBUF0CR0 = (FLEXSPI2_AHBRXBUF0CR0 & ~mask)
600018b2:	6a03      	ldr	r3, [r0, #32]
600018b4:	4023      	ands	r3, r4
		| FLEXSPI_AHBRXBUFCR0_PREFETCHEN | FLEXSPI_AHBRXBUFCR0_BUFSZ(64);
600018b6:	431a      	orrs	r2, r3
		| FLEXSPI_AHBRXBUFCR0_PREFETCHEN | FLEXSPI_AHBRXBUFCR0_BUFSZ(64);
600018b8:	4b60      	ldr	r3, [pc, #384]	@ (60001a3c <configure_external_ram+0x248>)
	FLEXSPI2_AHBRXBUF0CR0 = (FLEXSPI2_AHBRXBUF0CR0 & ~mask)
600018ba:	6202      	str	r2, [r0, #32]
	FLEXSPI2_AHBRXBUF1CR0 = (FLEXSPI2_AHBRXBUF0CR0 & ~mask)
600018bc:	6a02      	ldr	r2, [r0, #32]
600018be:	4022      	ands	r2, r4
	FLEXSPI2_AHBRXBUF2CR0 = mask;
600018c0:	4c5f      	ldr	r4, [pc, #380]	@ (60001a40 <configure_external_ram+0x24c>)
		| FLEXSPI_AHBRXBUFCR0_PREFETCHEN | FLEXSPI_AHBRXBUFCR0_BUFSZ(64);
600018c2:	4313      	orrs	r3, r2
	FLEXSPI2_INTEN = 0;
600018c4:	2200      	movs	r2, #0
	FLEXSPI2_AHBRXBUF1CR0 = (FLEXSPI2_AHBRXBUF0CR0 & ~mask)
600018c6:	6243      	str	r3, [r0, #36]	@ 0x24
	FLEXSPI2_AHBRXBUF2CR0 = mask;
600018c8:	6284      	str	r4, [r0, #40]	@ 0x28
	FLEXSPI2_AHBRXBUF3CR0 = mask;
600018ca:	62c4      	str	r4, [r0, #44]	@ 0x2c
	FLEXSPI2_FLSHA1CR2 = FLEXSPI_FLSHCR2_AWRSEQID(6) | FLEXSPI_FLSHCR2_AWRSEQNUM(0)
600018cc:	f240 6405 	movw	r4, #1541	@ 0x605
	FLEXSPI2_IPRXFCR = (FLEXSPI_IPRXFCR & 0xFFFFFFC0) | FLEXSPI_IPRXFCR_CLRIPRXF;
600018d0:	f8d1 30b8 	ldr.w	r3, [r1, #184]	@ 0xb8
600018d4:	f023 033f 	bic.w	r3, r3, #63	@ 0x3f
600018d8:	f043 0301 	orr.w	r3, r3, #1
600018dc:	f8c0 30b8 	str.w	r3, [r0, #184]	@ 0xb8
	FLEXSPI2_IPTXFCR = (FLEXSPI_IPTXFCR & 0xFFFFFFC0) | FLEXSPI_IPTXFCR_CLRIPTXF;
600018e0:	f8d1 30bc 	ldr.w	r3, [r1, #188]	@ 0xbc
	FLEXSPI2_LUTKEY = FLEXSPI_LUTKEY_VALUE;
600018e4:	4957      	ldr	r1, [pc, #348]	@ (60001a44 <configure_external_ram+0x250>)
	FLEXSPI2_IPTXFCR = (FLEXSPI_IPTXFCR & 0xFFFFFFC0) | FLEXSPI_IPTXFCR_CLRIPTXF;
600018e6:	f023 033f 	bic.w	r3, r3, #63	@ 0x3f
600018ea:	f043 0301 	orr.w	r3, r3, #1
600018ee:	f8c0 30bc 	str.w	r3, [r0, #188]	@ 0xbc
	FLEXSPI2_INTEN = 0;
600018f2:	6102      	str	r2, [r0, #16]
	FLEXSPI2_FLSHA1CR1 = FLEXSPI_FLSHCR1_CSINTERVAL(0)
600018f4:	6705      	str	r5, [r0, #112]	@ 0x70
	FLEXSPI2_FLSHA1CR2 = FLEXSPI_FLSHCR2_AWRSEQID(6) | FLEXSPI_FLSHCR2_AWRSEQNUM(0)
600018f6:	f8c0 4080 	str.w	r4, [r0, #128]	@ 0x80
	FLEXSPI2_FLSHA2CR1 = FLEXSPI_FLSHCR1_CSINTERVAL(0)
600018fa:	6745      	str	r5, [r0, #116]	@ 0x74
	FLEXSPI2_FLSHA2CR2 = FLEXSPI_FLSHCR2_AWRSEQID(6) | FLEXSPI_FLSHCR2_AWRSEQNUM(0)
600018fc:	f8c0 4084 	str.w	r4, [r0, #132]	@ 0x84
	FLEXSPI2_LUTCR = FLEXSPI_LUTCR_UNLOCK;
60001900:	2402      	movs	r4, #2
	FLEXSPI2_MCR0 &= ~FLEXSPI_MCR0_MDIS;
60001902:	6803      	ldr	r3, [r0, #0]
60001904:	f023 0302 	bic.w	r3, r3, #2
60001908:	6003      	str	r3, [r0, #0]
	FLEXSPI2_LUTKEY = FLEXSPI_LUTKEY_VALUE;
6000190a:	6181      	str	r1, [r0, #24]
	FLEXSPI2_LUTCR = FLEXSPI_LUTCR_UNLOCK;
6000190c:	4b4e      	ldr	r3, [pc, #312]	@ (60001a48 <configure_external_ram+0x254>)
	for (int i=0; i < 64; i++) luttable[i] = 0;
6000190e:	494f      	ldr	r1, [pc, #316]	@ (60001a4c <configure_external_ram+0x258>)
	FLEXSPI2_LUTCR = FLEXSPI_LUTCR_UNLOCK;
60001910:	61c4      	str	r4, [r0, #28]
	for (int i=0; i < 64; i++) luttable[i] = 0;
60001912:	f843 2b04 	str.w	r2, [r3], #4
60001916:	428b      	cmp	r3, r1
60001918:	d1fb      	bne.n	60001912 <configure_external_ram+0x11e>
	FLEXSPI2_MCR0 |= FLEXSPI_MCR0_SWRESET;
6000191a:	4c43      	ldr	r4, [pc, #268]	@ (60001a28 <configure_external_ram+0x234>)
6000191c:	6823      	ldr	r3, [r4, #0]
6000191e:	f043 0301 	orr.w	r3, r3, #1
60001922:	6023      	str	r3, [r4, #0]
	while (FLEXSPI2_MCR0 & FLEXSPI_MCR0_SWRESET) ; // wait
60001924:	6825      	ldr	r5, [r4, #0]
60001926:	f015 0501 	ands.w	r5, r5, #1
6000192a:	d1fb      	bne.n	60001924 <configure_external_ram+0x130>
	FLEXSPI2_LUTKEY = FLEXSPI_LUTKEY_VALUE;
6000192c:	4845      	ldr	r0, [pc, #276]	@ (60001a44 <configure_external_ram+0x250>)
	FLEXSPI2_LUTCR = FLEXSPI_LUTCR_UNLOCK;
6000192e:	2202      	movs	r2, #2
	FLEXSPI2_LUT0 = LUT0(CMD_SDR, PINS4, 0xF5);
60001930:	f240 61f5 	movw	r1, #1781	@ 0x6f5
	FLEXSPI2_LUTKEY = FLEXSPI_LUTKEY_VALUE;
60001934:	61a0      	str	r0, [r4, #24]
	FLEXSPI2_LUT8 = LUT0(CMD_SDR, PINS1, 0x99);
60001936:	f240 4099 	movw	r0, #1177	@ 0x499
	FLEXSPI2_LUTCR = FLEXSPI_LUTCR_UNLOCK;
6000193a:	61e2      	str	r2, [r4, #28]
	FLEXSPI2_LUT4 = LUT0(CMD_SDR, PINS1, 0x66);
6000193c:	f240 4266 	movw	r2, #1126	@ 0x466
	FLEXSPI2_LUT0 = LUT0(CMD_SDR, PINS4, 0xF5);
60001940:	f8c4 1200 	str.w	r1, [r4, #512]	@ 0x200
	FLEXSPI2_LUT13 = LUT0(READ_SDR, PINS1, 1);
60001944:	f242 4101 	movw	r1, #9217	@ 0x2401
	FLEXSPI2_LUT4 = LUT0(CMD_SDR, PINS1, 0x66);
60001948:	f8c4 2210 	str.w	r2, [r4, #528]	@ 0x210
	FLEXSPI2_LUT12 = LUT0(CMD_SDR, PINS1, 0x9F) | LUT1(DUMMY_SDR, PINS1, 24);
6000194c:	4a40      	ldr	r2, [pc, #256]	@ (60001a50 <configure_external_ram+0x25c>)
	FLEXSPI2_LUT8 = LUT0(CMD_SDR, PINS1, 0x99);
6000194e:	f8c4 0220 	str.w	r0, [r4, #544]	@ 0x220
	FLEXSPI2_LUT12 = LUT0(CMD_SDR, PINS1, 0x9F) | LUT1(DUMMY_SDR, PINS1, 24);
60001952:	f8c4 2230 	str.w	r2, [r4, #560]	@ 0x230
	FLEXSPI2_LUT16 = LUT0(CMD_SDR, PINS1, 0x35);
60001956:	f240 4235 	movw	r2, #1077	@ 0x435
	FLEXSPI2_LUT13 = LUT0(READ_SDR, PINS1, 1);
6000195a:	f8c4 1234 	str.w	r1, [r4, #564]	@ 0x234
	FLEXSPI2_LUT20 = LUT0(CMD_SDR, PINS4, 0xEB) | LUT1(ADDR_SDR, PINS4, 24);
6000195e:	483d      	ldr	r0, [pc, #244]	@ (60001a54 <configure_external_ram+0x260>)
	FLEXSPI2_LUT16 = LUT0(CMD_SDR, PINS1, 0x35);
60001960:	f8c4 2240 	str.w	r2, [r4, #576]	@ 0x240
	FLEXSPI2_LUT21 = LUT0(DUMMY_SDR, PINS4, 6) | LUT1(READ_SDR, PINS4, 1);
60001964:	4a3c      	ldr	r2, [pc, #240]	@ (60001a58 <configure_external_ram+0x264>)
	FLEXSPI2_LUT20 = LUT0(CMD_SDR, PINS4, 0xEB) | LUT1(ADDR_SDR, PINS4, 24);
60001966:	f8c4 0250 	str.w	r0, [r4, #592]	@ 0x250
	uint8_t size1 = flexspi2_psram_size(0);
6000196a:	4628      	mov	r0, r5
	FLEXSPI2_LUT21 = LUT0(DUMMY_SDR, PINS4, 6) | LUT1(READ_SDR, PINS4, 1);
6000196c:	f8c4 2254 	str.w	r2, [r4, #596]	@ 0x254
	FLEXSPI2_LUT25 = LUT0(WRITE_SDR, PINS4, 1);
60001970:	f242 2201 	movw	r2, #8705	@ 0x2201
	FLEXSPI2_LUT24 = LUT0(CMD_SDR, PINS4, 0x38) | LUT1(ADDR_SDR, PINS4, 24);
60001974:	4939      	ldr	r1, [pc, #228]	@ (60001a5c <configure_external_ram+0x268>)
60001976:	f8c4 1260 	str.w	r1, [r4, #608]	@ 0x260
	FLEXSPI2_LUT25 = LUT0(WRITE_SDR, PINS4, 1);
6000197a:	f8c4 2264 	str.w	r2, [r4, #612]	@ 0x264
	uint8_t size1 = flexspi2_psram_size(0);
6000197e:	f7ff fe4b 	bl	60001618 <flexspi2_psram_size>
60001982:	4602      	mov	r2, r0
	if (size1 > 0) {
60001984:	2800      	cmp	r0, #0
60001986:	d039      	beq.n	600019fc <configure_external_ram+0x208>
		FLEXSPI2_FLSHA1CR0 = size1 << 10;
60001988:	0281      	lsls	r1, r0, #10
	FLEXSPI2_IPCMD = FLEXSPI_IPCMD_TRG;
6000198a:	2301      	movs	r3, #1
	FLEXSPI2_IPCR1 = FLEXSPI_IPCR1_ISEQID(index);
6000198c:	f44f 2080 	mov.w	r0, #262144	@ 0x40000
		FLEXSPI2_FLSHA1CR0 = size1 << 10;
60001990:	6621      	str	r1, [r4, #96]	@ 0x60
	while (!(FLEXSPI2_INTR & FLEXSPI_INTR_IPCMDDONE)); // wait
60001992:	4925      	ldr	r1, [pc, #148]	@ (60001a28 <configure_external_ram+0x234>)
	FLEXSPI2_IPCR0 = addr;
60001994:	f8c4 50a0 	str.w	r5, [r4, #160]	@ 0xa0
	FLEXSPI2_IPCR1 = FLEXSPI_IPCR1_ISEQID(index);
60001998:	f8c4 00a4 	str.w	r0, [r4, #164]	@ 0xa4
	FLEXSPI2_IPCMD = FLEXSPI_IPCMD_TRG;
6000199c:	f8c4 30b0 	str.w	r3, [r4, #176]	@ 0xb0
	while (!(FLEXSPI2_INTR & FLEXSPI_INTR_IPCMDDONE)); // wait
600019a0:	694b      	ldr	r3, [r1, #20]
600019a2:	07d8      	lsls	r0, r3, #31
600019a4:	d5fc      	bpl.n	600019a0 <configure_external_ram+0x1ac>
		uint8_t size2 = flexspi2_psram_size(size1 << 20);
600019a6:	0515      	lsls	r5, r2, #20
	FLEXSPI2_INTR = FLEXSPI_INTR_IPCMDDONE;
600019a8:	2401      	movs	r4, #1
		uint8_t size2 = flexspi2_psram_size(size1 << 20);
600019aa:	9203      	str	r2, [sp, #12]
600019ac:	4628      	mov	r0, r5
	FLEXSPI2_INTR = FLEXSPI_INTR_IPCMDDONE;
600019ae:	614c      	str	r4, [r1, #20]
		uint8_t size2 = flexspi2_psram_size(size1 << 20);
600019b0:	f7ff fe32 	bl	60001618 <flexspi2_psram_size>
		external_psram_size = size1 + size2;
600019b4:	9a03      	ldr	r2, [sp, #12]
600019b6:	4b2a      	ldr	r3, [pc, #168]	@ (60001a60 <configure_external_ram+0x26c>)
600019b8:	4402      	add	r2, r0
600019ba:	b2d2      	uxtb	r2, r2
600019bc:	701a      	strb	r2, [r3, #0]
		if (size2 > 0) {
600019be:	b180      	cbz	r0, 600019e2 <configure_external_ram+0x1ee>
			FLEXSPI2_FLSHA2CR0 = size2 << 10;
600019c0:	4919      	ldr	r1, [pc, #100]	@ (60001a28 <configure_external_ram+0x234>)
600019c2:	0280      	lsls	r0, r0, #10
	FLEXSPI2_IPCR1 = FLEXSPI_IPCR1_ISEQID(index);
600019c4:	f44f 2380 	mov.w	r3, #262144	@ 0x40000
			FLEXSPI2_FLSHA2CR0 = size2 << 10;
600019c8:	6648      	str	r0, [r1, #100]	@ 0x64
	while (!(FLEXSPI2_INTR & FLEXSPI_INTR_IPCMDDONE)); // wait
600019ca:	4608      	mov	r0, r1
	FLEXSPI2_IPCR0 = addr;
600019cc:	f8c1 50a0 	str.w	r5, [r1, #160]	@ 0xa0
	FLEXSPI2_IPCR1 = FLEXSPI_IPCR1_ISEQID(index);
600019d0:	f8c1 30a4 	str.w	r3, [r1, #164]	@ 0xa4
	FLEXSPI2_IPCMD = FLEXSPI_IPCMD_TRG;
600019d4:	f8c1 40b0 	str.w	r4, [r1, #176]	@ 0xb0
	while (!(FLEXSPI2_INTR & FLEXSPI_INTR_IPCMDDONE)); // wait
600019d8:	6943      	ldr	r3, [r0, #20]
600019da:	07db      	lsls	r3, r3, #31
600019dc:	d5fc      	bpl.n	600019d8 <configure_external_ram+0x1e4>
	FLEXSPI2_INTR = FLEXSPI_INTR_IPCMDDONE;
600019de:	2301      	movs	r3, #1
600019e0:	6143      	str	r3, [r0, #20]
			external_psram_size * 0x100000 -
600019e2:	4920      	ldr	r1, [pc, #128]	@ (60001a64 <configure_external_ram+0x270>)
		sm_set_pool(&extmem_smalloc_pool, &_extram_end,
600019e4:	2400      	movs	r4, #0
			external_psram_size * 0x100000 -
600019e6:	4820      	ldr	r0, [pc, #128]	@ (60001a68 <configure_external_ram+0x274>)
		sm_set_pool(&extmem_smalloc_pool, &_extram_end,
600019e8:	2301      	movs	r3, #1
600019ea:	9400      	str	r4, [sp, #0]
			external_psram_size * 0x100000 -
600019ec:	1a40      	subs	r0, r0, r1
		sm_set_pool(&extmem_smalloc_pool, &_extram_end,
600019ee:	eb00 5202 	add.w	r2, r0, r2, lsl #20
600019f2:	481e      	ldr	r0, [pc, #120]	@ (60001a6c <configure_external_ram+0x278>)
600019f4:	f000 f9e4 	bl	60001dc0 <__sm_set_pool_veneer>
}
600019f8:	b005      	add	sp, #20
600019fa:	bd30      	pop	{r4, r5, pc}
		memset(&extmem_smalloc_pool, 0, sizeof(extmem_smalloc_pool));
600019fc:	4b1b      	ldr	r3, [pc, #108]	@ (60001a6c <configure_external_ram+0x278>)
		external_psram_size = 0;
600019fe:	4918      	ldr	r1, [pc, #96]	@ (60001a60 <configure_external_ram+0x26c>)
		memset(&extmem_smalloc_pool, 0, sizeof(extmem_smalloc_pool));
60001a00:	6018      	str	r0, [r3, #0]
		external_psram_size = 0;
60001a02:	7008      	strb	r0, [r1, #0]
		memset(&extmem_smalloc_pool, 0, sizeof(extmem_smalloc_pool));
60001a04:	60d8      	str	r0, [r3, #12]
60001a06:	e9c3 0001 	strd	r0, r0, [r3, #4]
}
60001a0a:	b005      	add	sp, #20
60001a0c:	bd30      	pop	{r4, r5, pc}
60001a0e:	bf00      	nop
60001a10:	401f8000 	.word	0x401f8000
60001a14:	000110f9 	.word	0x000110f9
60001a18:	401f8400 	.word	0x401f8400
60001a1c:	400fc000 	.word	0x400fc000
60001a20:	1ffffcff 	.word	0x1ffffcff
60001a24:	80000300 	.word	0x80000300
60001a28:	402a4000 	.word	0x402a4000
60001a2c:	402a8000 	.word	0x402a8000
60001a30:	ffff0012 	.word	0xffff0012
60001a34:	00f737ff 	.word	0x00f737ff
60001a38:	7cf0ff00 	.word	0x7cf0ff00
60001a3c:	80000040 	.word	0x80000040
60001a40:	830f00ff 	.word	0x830f00ff
60001a44:	5af05af0 	.word	0x5af05af0
60001a48:	402a4200 	.word	0x402a4200
60001a4c:	402a4300 	.word	0x402a4300
60001a50:	3018049f 	.word	0x3018049f
60001a54:	0a1806eb 	.word	0x0a1806eb
60001a58:	26013206 	.word	0x26013206
60001a5c:	0a180638 	.word	0x0a180638
60001a60:	200080a5 	.word	0x200080a5
60001a64:	70000000 	.word	0x70000000
60001a68:	70000000 	.word	0x70000000
60001a6c:	20008004 	.word	0x20008004
60001a70:	0001b0f9 	.word	0x0001b0f9
60001a74:	000170f9 	.word	0x000170f9

60001a78 <usb_pll_start>:
{
60001a78:	b510      	push	{r4, lr}
		uint32_t n = CCM_ANALOG_PLL_USB1; // pg 759
60001a7a:	4a17      	ldr	r2, [pc, #92]	@ (60001ad8 <usb_pll_start+0x60>)
			CCM_ANALOG_PLL_USB1_SET = CCM_ANALOG_PLL_USB1_POWER;
60001a7c:	f44f 5480 	mov.w	r4, #4096	@ 0x1000
			CCM_ANALOG_PLL_USB1_SET = CCM_ANALOG_PLL_USB1_ENABLE;
60001a80:	f44f 5e00 	mov.w	lr, #8192	@ 0x2000
			CCM_ANALOG_PLL_USB1_CLR = 0xC000;			// bypass 24 MHz
60001a84:	f44f 4c40 	mov.w	ip, #49152	@ 0xc000
			CCM_ANALOG_PLL_USB1_SET = CCM_ANALOG_PLL_USB1_BYPASS;	// bypass
60001a88:	f44f 3080 	mov.w	r0, #65536	@ 0x10000
			CCM_ANALOG_PLL_USB1_CLR = CCM_ANALOG_PLL_USB1_POWER |	// power down
60001a8c:	f243 0142 	movw	r1, #12354	@ 0x3042
		uint32_t n = CCM_ANALOG_PLL_USB1; // pg 759
60001a90:	6913      	ldr	r3, [r2, #16]
		if (n & CCM_ANALOG_PLL_USB1_DIV_SELECT) {
60001a92:	f013 0f02 	tst.w	r3, #2
60001a96:	d10d      	bne.n	60001ab4 <usb_pll_start+0x3c>
		if (!(n & CCM_ANALOG_PLL_USB1_ENABLE)) {
60001a98:	f413 5f00 	tst.w	r3, #8192	@ 0x2000
60001a9c:	d00f      	beq.n	60001abe <usb_pll_start+0x46>
		if (!(n & CCM_ANALOG_PLL_USB1_POWER)) {
60001a9e:	f413 5f80 	tst.w	r3, #4096	@ 0x1000
60001aa2:	d00f      	beq.n	60001ac4 <usb_pll_start+0x4c>
		if (!(n & CCM_ANALOG_PLL_USB1_LOCK)) {
60001aa4:	2b00      	cmp	r3, #0
60001aa6:	daf3      	bge.n	60001a90 <usb_pll_start+0x18>
		if (n & CCM_ANALOG_PLL_USB1_BYPASS) {
60001aa8:	f413 3f80 	tst.w	r3, #65536	@ 0x10000
60001aac:	d10c      	bne.n	60001ac8 <usb_pll_start+0x50>
		if (!(n & CCM_ANALOG_PLL_USB1_EN_USB_CLKS)) {
60001aae:	065b      	lsls	r3, r3, #25
60001ab0:	d50e      	bpl.n	60001ad0 <usb_pll_start+0x58>
}
60001ab2:	bd10      	pop	{r4, pc}
			CCM_ANALOG_PLL_USB1_CLR = 0xC000;			// bypass 24 MHz
60001ab4:	f8c2 c018 	str.w	ip, [r2, #24]
			CCM_ANALOG_PLL_USB1_SET = CCM_ANALOG_PLL_USB1_BYPASS;	// bypass
60001ab8:	6150      	str	r0, [r2, #20]
			CCM_ANALOG_PLL_USB1_CLR = CCM_ANALOG_PLL_USB1_POWER |	// power down
60001aba:	6191      	str	r1, [r2, #24]
			continue;
60001abc:	e7e8      	b.n	60001a90 <usb_pll_start+0x18>
			CCM_ANALOG_PLL_USB1_SET = CCM_ANALOG_PLL_USB1_ENABLE;
60001abe:	f8c2 e014 	str.w	lr, [r2, #20]
			continue;
60001ac2:	e7e5      	b.n	60001a90 <usb_pll_start+0x18>
			CCM_ANALOG_PLL_USB1_SET = CCM_ANALOG_PLL_USB1_POWER;
60001ac4:	6154      	str	r4, [r2, #20]
			continue;
60001ac6:	e7e3      	b.n	60001a90 <usb_pll_start+0x18>
			CCM_ANALOG_PLL_USB1_CLR = CCM_ANALOG_PLL_USB1_BYPASS;
60001ac8:	f44f 3380 	mov.w	r3, #65536	@ 0x10000
60001acc:	6193      	str	r3, [r2, #24]
			continue;
60001ace:	e7df      	b.n	60001a90 <usb_pll_start+0x18>
			CCM_ANALOG_PLL_USB1_SET = CCM_ANALOG_PLL_USB1_EN_USB_CLKS;
60001ad0:	2340      	movs	r3, #64	@ 0x40
60001ad2:	6153      	str	r3, [r2, #20]
			continue;
60001ad4:	e7dc      	b.n	60001a90 <usb_pll_start+0x18>
60001ad6:	bf00      	nop
60001ad8:	400d8000 	.word	0x400d8000

60001adc <tempmon_init>:
  uint32_t calibrationData;
  uint32_t roomCount;
  uint32_t tempCodeVal;
      
  //first power on the temperature sensor - no register change
  TEMPMON_TEMPSENSE0 &= ~0x1U;
60001adc:	4a41      	ldr	r2, [pc, #260]	@ (60001be4 <tempmon_init+0x108>)

  //set monitoring frequency - no register change
  TEMPMON_TEMPSENSE1 = (((uint32_t)(((uint32_t)(frequency)) << 0U)) & 0xFFFFU);
60001ade:	2003      	movs	r0, #3
  
  //read calibration data - this works
  calibrationData = HW_OCOTP_ANA1;
60001ae0:	4941      	ldr	r1, [pc, #260]	@ (60001be8 <tempmon_init+0x10c>)
    s_hotTemp = (uint32_t)(calibrationData & 0xFFU) >> 0x00U;
    s_hotCount = (uint32_t)(calibrationData & 0xFFF00U) >> 0X08U;
    roomCount = (uint32_t)(calibrationData & 0xFFF00000U) >> 0x14U;
    s_hot_ROOM = (float) (s_hotTemp) - 25.0f;
60001ae2:	eef3 5a09 	vmov.f32	s11, #57	@ 0x41c80000  25.0
  TEMPMON_TEMPSENSE0 &= ~0x1U;
60001ae6:	f8d2 3080 	ldr.w	r3, [r2, #128]	@ 0x80
    s_roomC_hotC = (float) roomCount - (float) s_hotCount;

    //time to set alarm temperatures
  //Set High Alarm Temp
  tempCodeVal = ((float)s_hotCount + ((float)s_hotTemp - highAlarmTemp) * s_roomC_hotC / s_hot_ROOM);
60001aea:	ed9f 6a40 	vldr	s12, [pc, #256]	@ 60001bec <tempmon_init+0x110>
  TEMPMON_TEMPSENSE0 &= ~0x1U;
60001aee:	f023 0301 	bic.w	r3, r3, #1
    TEMPMON_TEMPSENSE0 |= (((uint32_t)(((uint32_t)(tempCodeVal)) << 20U)) & 0xFFF00000U);
  
  //Set Panic Alarm Temp
  tempCodeVal = ((float)s_hotCount + ((float)s_hotTemp - panicAlarmTemp) * s_roomC_hotC / s_hot_ROOM);
60001af2:	ed9f 5a3f 	vldr	s10, [pc, #252]	@ 60001bf0 <tempmon_init+0x114>
    s_hotCount = (uint32_t)(calibrationData & 0xFFF00U) >> 0X08U;
60001af6:	f8df c114 	ldr.w	ip, [pc, #276]	@ 60001c0c <tempmon_init+0x130>
{
60001afa:	b500      	push	{lr}
  TEMPMON_TEMPSENSE0 &= ~0x1U;
60001afc:	f8c2 3080 	str.w	r3, [r2, #128]	@ 0x80
  TEMPMON_TEMPSENSE1 = (((uint32_t)(((uint32_t)(frequency)) << 0U)) & 0xFFFFU);
60001b00:	f8c2 0090 	str.w	r0, [r2, #144]	@ 0x90
  calibrationData = HW_OCOTP_ANA1;
60001b04:	f8d1 10e0 	ldr.w	r1, [r1, #224]	@ 0xe0
    s_hotTemp = (uint32_t)(calibrationData & 0xFFU) >> 0x00U;
60001b08:	f8df e104 	ldr.w	lr, [pc, #260]	@ 60001c10 <tempmon_init+0x134>
60001b0c:	b2cb      	uxtb	r3, r1
    s_hot_ROOM = (float) (s_hotTemp) - 25.0f;
60001b0e:	4839      	ldr	r0, [pc, #228]	@ (60001bf4 <tempmon_init+0x118>)
    s_hotTemp = (uint32_t)(calibrationData & 0xFFU) >> 0x00U;
60001b10:	f8ce 3000 	str.w	r3, [lr]
    s_hot_ROOM = (float) (s_hotTemp) - 25.0f;
60001b14:	ee07 3a90 	vmov	s15, r3
    roomCount = (uint32_t)(calibrationData & 0xFFF00000U) >> 0x14U;
60001b18:	0d0b      	lsrs	r3, r1, #20
    s_hotCount = (uint32_t)(calibrationData & 0xFFF00U) >> 0X08U;
60001b1a:	f3c1 210b 	ubfx	r1, r1, #8, #12
    s_hot_ROOM = (float) (s_hotTemp) - 25.0f;
60001b1e:	eef8 7ae7 	vcvt.f32.s32	s15, s15
    roomCount = (uint32_t)(calibrationData & 0xFFF00000U) >> 0x14U;
60001b22:	ee06 3a90 	vmov	s13, r3
    s_roomC_hotC = (float) roomCount - (float) s_hotCount;
60001b26:	ee07 1a10 	vmov	s14, r1
60001b2a:	4b33      	ldr	r3, [pc, #204]	@ (60001bf8 <tempmon_init+0x11c>)
60001b2c:	eeb8 7ac7 	vcvt.f32.s32	s14, s14
    s_hotCount = (uint32_t)(calibrationData & 0xFFF00U) >> 0X08U;
60001b30:	f8cc 1000 	str.w	r1, [ip]
    s_roomC_hotC = (float) roomCount - (float) s_hotCount;
60001b34:	eef8 6ae6 	vcvt.f32.s32	s13, s13
    TEMPMON_TEMPSENSE2 |= (((uint32_t)(((uint32_t)(tempCodeVal)) << 16U)) & 0xFFF0000U);
60001b38:	4930      	ldr	r1, [pc, #192]	@ (60001bfc <tempmon_init+0x120>)
  tempCodeVal = ((float)s_hotCount + ((float)s_hotTemp - highAlarmTemp) * s_roomC_hotC / s_hot_ROOM);
60001b3a:	ee37 6ac6 	vsub.f32	s12, s15, s12
  tempCodeVal = ((float)s_hotCount + ((float)s_hotTemp - panicAlarmTemp) * s_roomC_hotC / s_hot_ROOM);
60001b3e:	ee37 5ac5 	vsub.f32	s10, s15, s10
    s_roomC_hotC = (float) roomCount - (float) s_hotCount;
60001b42:	ee76 6ac7 	vsub.f32	s13, s13, s14
    s_hot_ROOM = (float) (s_hotTemp) - 25.0f;
60001b46:	ee77 7ae5 	vsub.f32	s15, s15, s11
  tempCodeVal = ((float)s_hotCount + ((float)s_hotTemp - highAlarmTemp) * s_roomC_hotC / s_hot_ROOM);
60001b4a:	ee26 6a26 	vmul.f32	s12, s12, s13
    s_roomC_hotC = (float) roomCount - (float) s_hotCount;
60001b4e:	edc3 6a00 	vstr	s13, [r3]
  tempCodeVal = ((float)s_hotCount + ((float)s_hotTemp - panicAlarmTemp) * s_roomC_hotC / s_hot_ROOM);
60001b52:	ee25 5a26 	vmul.f32	s10, s10, s13
    TEMPMON_TEMPSENSE0 |= (((uint32_t)(((uint32_t)(tempCodeVal)) << 20U)) & 0xFFF00000U);
60001b56:	f8d2 3080 	ldr.w	r3, [r2, #128]	@ 0x80
  
  // Set Low Temp Alarm Temp
  tempCodeVal = ((float)s_hotCount + ((float)s_hotTemp - lowAlarmTemp) * s_roomC_hotC / s_hot_ROOM);
60001b5a:	ee67 4aa6 	vmul.f32	s9, s15, s13
    s_hot_ROOM = (float) (s_hotTemp) - 25.0f;
60001b5e:	edc0 7a00 	vstr	s15, [r0]
  tempCodeVal = ((float)s_hotCount + ((float)s_hotTemp - highAlarmTemp) * s_roomC_hotC / s_hot_ROOM);
60001b62:	eec6 5a27 	vdiv.f32	s11, s12, s15
  
  //Start temp monitoring
  TEMPMON_TEMPSENSE0 |= 0x2U;   //starts temp monitoring

  //PANIC shutdown:
  NVIC_SET_PRIORITY(IRQ_TEMPERATURE_PANIC, 0);
60001b66:	4826      	ldr	r0, [pc, #152]	@ (60001c00 <tempmon_init+0x124>)
  tempCodeVal = ((float)s_hotCount + ((float)s_hotTemp - panicAlarmTemp) * s_roomC_hotC / s_hot_ROOM);
60001b68:	ee85 6a27 	vdiv.f32	s12, s10, s15
  tempCodeVal = ((float)s_hotCount + ((float)s_hotTemp - lowAlarmTemp) * s_roomC_hotC / s_hot_ROOM);
60001b6c:	eec4 6aa7 	vdiv.f32	s13, s9, s15
  tempCodeVal = ((float)s_hotCount + ((float)s_hotTemp - highAlarmTemp) * s_roomC_hotC / s_hot_ROOM);
60001b70:	ee75 5a87 	vadd.f32	s11, s11, s14
60001b74:	eefc 5ae5 	vcvt.u32.f32	s11, s11
  tempCodeVal = ((float)s_hotCount + ((float)s_hotTemp - panicAlarmTemp) * s_roomC_hotC / s_hot_ROOM);
60001b78:	ee36 6a07 	vadd.f32	s12, s12, s14
    TEMPMON_TEMPSENSE0 |= (((uint32_t)(((uint32_t)(tempCodeVal)) << 20U)) & 0xFFF00000U);
60001b7c:	ee15 ca90 	vmov	ip, s11
  tempCodeVal = ((float)s_hotCount + ((float)s_hotTemp - panicAlarmTemp) * s_roomC_hotC / s_hot_ROOM);
60001b80:	eebc 6ac6 	vcvt.u32.f32	s12, s12
    TEMPMON_TEMPSENSE0 |= (((uint32_t)(((uint32_t)(tempCodeVal)) << 20U)) & 0xFFF00000U);
60001b84:	ea43 530c 	orr.w	r3, r3, ip, lsl #20
  tempCodeVal = ((float)s_hotCount + ((float)s_hotTemp - lowAlarmTemp) * s_roomC_hotC / s_hot_ROOM);
60001b88:	ee76 7a87 	vadd.f32	s15, s13, s14
    TEMPMON_TEMPSENSE0 |= (((uint32_t)(((uint32_t)(tempCodeVal)) << 20U)) & 0xFFF00000U);
60001b8c:	f8c2 3080 	str.w	r3, [r2, #128]	@ 0x80
    TEMPMON_TEMPSENSE2 |= (((uint32_t)(((uint32_t)(tempCodeVal)) << 16U)) & 0xFFF0000U);
60001b90:	ee16 3a10 	vmov	r3, s12
60001b94:	f8d2 c190 	ldr.w	ip, [r2, #400]	@ 0x190
  tempCodeVal = ((float)s_hotCount + ((float)s_hotTemp - lowAlarmTemp) * s_roomC_hotC / s_hot_ROOM);
60001b98:	eefc 7ae7 	vcvt.u32.f32	s15, s15
    TEMPMON_TEMPSENSE2 |= (((uint32_t)(((uint32_t)(tempCodeVal)) << 16U)) & 0xFFF0000U);
60001b9c:	ea01 4103 	and.w	r1, r1, r3, lsl #16
60001ba0:	ea41 010c 	orr.w	r1, r1, ip
  NVIC_SET_PRIORITY(IRQ_TEMPERATURE_PANIC, 0);
60001ba4:	f04f 0c00 	mov.w	ip, #0
  tempCodeVal = ((float)s_hotCount + ((float)s_hotTemp - lowAlarmTemp) * s_roomC_hotC / s_hot_ROOM);
60001ba8:	ee17 3a90 	vmov	r3, s15
    TEMPMON_TEMPSENSE2 |= (((uint32_t)(((uint32_t)(tempCodeVal)) << 16U)) & 0xFFF0000U);
60001bac:	f8c2 1190 	str.w	r1, [r2, #400]	@ 0x190
    TEMPMON_TEMPSENSE2 |= (((uint32_t)(((uint32_t)(tempCodeVal)) << 0U)) & 0xFFFU);
60001bb0:	f3c3 030b 	ubfx	r3, r3, #0, #12
60001bb4:	f8d2 1190 	ldr.w	r1, [r2, #400]	@ 0x190
60001bb8:	430b      	orrs	r3, r1
static inline void attachInterruptVector(IRQ_NUMBER_t irq, void (*function)(void)) __attribute__((always_inline, unused));
static inline void attachInterruptVector(IRQ_NUMBER_t irq, void (*function)(void)) { _VectorsRam[irq + 16] = function; asm volatile("": : :"memory"); }
#else
extern void (* volatile _VectorsRam[NVIC_NUM_INTERRUPTS+16])(void);
static inline void attachInterruptVector(enum IRQ_NUMBER_t irq, void (*function)(void)) __attribute__((always_inline, unused));
static inline void attachInterruptVector(enum IRQ_NUMBER_t irq, void (*function)(void)) { _VectorsRam[irq + 16] = function; asm volatile("": : :"memory"); }
60001bba:	4912      	ldr	r1, [pc, #72]	@ (60001c04 <tempmon_init+0x128>)
60001bbc:	f8c2 3190 	str.w	r3, [r2, #400]	@ 0x190
  TEMPMON_TEMPSENSE0 |= 0x2U;   //starts temp monitoring
60001bc0:	f8d2 3080 	ldr.w	r3, [r2, #128]	@ 0x80
60001bc4:	f043 0302 	orr.w	r3, r3, #2
60001bc8:	f8c2 3080 	str.w	r3, [r2, #128]	@ 0x80
60001bcc:	4b0e      	ldr	r3, [pc, #56]	@ (60001c08 <tempmon_init+0x12c>)
  NVIC_SET_PRIORITY(IRQ_TEMPERATURE_PANIC, 0);
60001bce:	f880 c040 	strb.w	ip, [r0, #64]	@ 0x40
60001bd2:	f8c1 3140 	str.w	r3, [r1, #320]	@ 0x140
  attachInterruptVector(IRQ_TEMPERATURE_PANIC, &Panic_Temp_isr);
  NVIC_ENABLE_IRQ(IRQ_TEMPERATURE_PANIC);
60001bd6:	f04f 23e0 	mov.w	r3, #3758153728	@ 0xe000e000
60001bda:	2201      	movs	r2, #1
60001bdc:	f8c3 2108 	str.w	r2, [r3, #264]	@ 0x108
}
60001be0:	bd00      	pop	{pc}
60001be2:	bf00      	nop
60001be4:	400d8100 	.word	0x400d8100
60001be8:	401f4400 	.word	0x401f4400
60001bec:	42aa0000 	.word	0x42aa0000
60001bf0:	42b40000 	.word	0x42b40000
60001bf4:	2000806c 	.word	0x2000806c
60001bf8:	20008070 	.word	0x20008070
60001bfc:	0fff0000 	.word	0x0fff0000
60001c00:	e000e400 	.word	0xe000e400
60001c04:	20002000 	.word	0x20002000
60001c08:	0000826d 	.word	0x0000826d
60001c0c:	20008064 	.word	0x20008064
60001c10:	20008068 	.word	0x20008068

60001c14 <usb_init>:
FLASHMEM void usb_init(void)
{
	// TODO: only enable when VBUS detected
	// TODO: return to low power mode when VBUS removed
	// TODO: protect PMU access with MPU
	PMU_REG_3P0 = PMU_REG_3P0_OUTPUT_TRG(0x0F) | PMU_REG_3P0_BO_OFFSET(6)
60001c14:	4b31      	ldr	r3, [pc, #196]	@ (60001cdc <usb_init+0xc8>)
60001c16:	f640 7261 	movw	r2, #3937	@ 0xf61
{
60001c1a:	b510      	push	{r4, lr}
	PMU_REG_3P0 = PMU_REG_3P0_OUTPUT_TRG(0x0F) | PMU_REG_3P0_BO_OFFSET(6)
60001c1c:	f8c3 2120 	str.w	r2, [r3, #288]	@ 0x120

	CCM_CCGR6 |= CCM_CCGR6_USBOH3(CCM_CCGR_ON); // turn on clocks to USB peripheral
	
	printf("BURSTSIZE=%08lX\n", USB1_BURSTSIZE);
	//USB1_BURSTSIZE = USB_BURSTSIZE_TXPBURST(4) | USB_BURSTSIZE_RXPBURST(4);
	USB1_BURSTSIZE = 0x0404;
60001c20:	f240 4404 	movw	r4, #1028	@ 0x404
	usb_init_serialnumber();
60001c24:	f000 f8d0 	bl	60001dc8 <__usb_init_serialnumber_veneer>
	CCM_CCGR6 |= CCM_CCGR6_USBOH3(CCM_CCGR_ON); // turn on clocks to USB peripheral
60001c28:	4a2d      	ldr	r2, [pc, #180]	@ (60001ce0 <usb_init+0xcc>)
	USB1_BURSTSIZE = 0x0404;
60001c2a:	492e      	ldr	r1, [pc, #184]	@ (60001ce4 <usb_init+0xd0>)
	CCM_CCGR6 |= CCM_CCGR6_USBOH3(CCM_CCGR_ON); // turn on clocks to USB peripheral
60001c2c:	f8d2 3080 	ldr.w	r3, [r2, #128]	@ 0x80
	//printf("USB1_USBMODE=%08lX\n", USB1_USBMODE);

	// turn on PLL3, wait for 480 MHz lock?
	// turn on CCM clock gates?  CCGR6[CG0]
#if 1
	if ((USBPHY1_PWD & (USBPHY_PWD_RXPWDRX | USBPHY_PWD_RXPWDDIFF | USBPHY_PWD_RXPWD1PT1
60001c30:	482d      	ldr	r0, [pc, #180]	@ (60001ce8 <usb_init+0xd4>)
	CCM_CCGR6 |= CCM_CCGR6_USBOH3(CCM_CCGR_ON); // turn on clocks to USB peripheral
60001c32:	f043 0303 	orr.w	r3, r3, #3
60001c36:	f8c2 3080 	str.w	r3, [r2, #128]	@ 0x80
	if ((USBPHY1_PWD & (USBPHY_PWD_RXPWDRX | USBPHY_PWD_RXPWDDIFF | USBPHY_PWD_RXPWD1PT1
60001c3a:	4b2c      	ldr	r3, [pc, #176]	@ (60001cec <usb_init+0xd8>)
	USB1_BURSTSIZE = 0x0404;
60001c3c:	f8c1 4160 	str.w	r4, [r1, #352]	@ 0x160
	if ((USBPHY1_PWD & (USBPHY_PWD_RXPWDRX | USBPHY_PWD_RXPWDDIFF | USBPHY_PWD_RXPWD1PT1
60001c40:	6802      	ldr	r2, [r0, #0]
60001c42:	421a      	tst	r2, r3
60001c44:	d103      	bne.n	60001c4e <usb_init+0x3a>
	  | USBPHY_PWD_RXPWDENV | USBPHY_PWD_TXPWDV2I | USBPHY_PWD_TXPWDIBIAS
	  | USBPHY_PWD_TXPWDFS)) || (USB1_USBMODE & USB_USBMODE_CM_MASK)) {
60001c46:	f8d1 31a8 	ldr.w	r3, [r1, #424]	@ 0x1a8
60001c4a:	079a      	lsls	r2, r3, #30
60001c4c:	d01b      	beq.n	60001c86 <usb_init+0x72>
		// USB controller is turned on from previous use
		// reset needed to turn it off & start from clean slate
		USBPHY1_CTRL_SET = USBPHY_CTRL_SFTRST; // USBPHY1_CTRL page 3292
		USB1_USBCMD |= USB_USBCMD_RST; // reset controller
60001c4e:	4a25      	ldr	r2, [pc, #148]	@ (60001ce4 <usb_init+0xd0>)
		USBPHY1_CTRL_SET = USBPHY_CTRL_SFTRST; // USBPHY1_CTRL page 3292
60001c50:	f04f 4100 	mov.w	r1, #2147483648	@ 0x80000000
60001c54:	4b24      	ldr	r3, [pc, #144]	@ (60001ce8 <usb_init+0xd4>)
60001c56:	6359      	str	r1, [r3, #52]	@ 0x34
		USB1_USBCMD |= USB_USBCMD_RST; // reset controller
60001c58:	f8d2 3140 	ldr.w	r3, [r2, #320]	@ 0x140
60001c5c:	f043 0302 	orr.w	r3, r3, #2
60001c60:	f8c2 3140 	str.w	r3, [r2, #320]	@ 0x140
		int count=0;
		while (USB1_USBCMD & USB_USBCMD_RST) count++;
60001c64:	f8d2 3140 	ldr.w	r3, [r2, #320]	@ 0x140
60001c68:	079b      	lsls	r3, r3, #30
60001c6a:	d4fb      	bmi.n	60001c64 <usb_init+0x50>
		NVIC_CLEAR_PENDING(IRQ_USB1);
60001c6c:	f44f 3000 	mov.w	r0, #131072	@ 0x20000
60001c70:	f04f 21e0 	mov.w	r1, #3758153728	@ 0xe000e000
		USBPHY1_CTRL_CLR = USBPHY_CTRL_SFTRST; // reset PHY
60001c74:	4b1c      	ldr	r3, [pc, #112]	@ (60001ce8 <usb_init+0xd4>)
60001c76:	f04f 4200 	mov.w	r2, #2147483648	@ 0x80000000
		NVIC_CLEAR_PENDING(IRQ_USB1);
60001c7a:	f8c1 028c 	str.w	r0, [r1, #652]	@ 0x28c
		//printf("USBPHY1_PWD=%08lX\n", USBPHY1_PWD);
		//printf("USBPHY1_TX=%08lX\n", USBPHY1_TX);
		//printf("USBPHY1_RX=%08lX\n", USBPHY1_RX);
		//printf("USBPHY1_CTRL=%08lX\n", USBPHY1_CTRL);
		//printf("USB1_USBMODE=%08lX\n", USB1_USBMODE);
		delay(25);
60001c7e:	2019      	movs	r0, #25
		USBPHY1_CTRL_CLR = USBPHY_CTRL_SFTRST; // reset PHY
60001c80:	639a      	str	r2, [r3, #56]	@ 0x38
		delay(25);
60001c82:	f000 f8a9 	bl	60001dd8 <__delay_veneer>
	// ENDPTFLUSH	pg 3247
	// ENDPTSTAT	pg 3247
	// ENDPTCOMPLETE   3248
	// ENDPTCTRL0	pg 3249

	USBPHY1_CTRL_CLR = USBPHY_CTRL_CLKGATE;
60001c86:	4b18      	ldr	r3, [pc, #96]	@ (60001ce8 <usb_init+0xd4>)
	USBPHY1_PWD = 0;
60001c88:	2100      	movs	r1, #0
	//printf("USBPHY1_PWD=%08lX\n", USBPHY1_PWD);
	//printf("USBPHY1_CTRL=%08lX\n", USBPHY1_CTRL);

	USB1_USBMODE = USB_USBMODE_CM(2) | USB_USBMODE_SLOM;
60001c8a:	4c16      	ldr	r4, [pc, #88]	@ (60001ce4 <usb_init+0xd0>)
	USBPHY1_CTRL_CLR = USBPHY_CTRL_CLKGATE;
60001c8c:	f04f 4280 	mov.w	r2, #1073741824	@ 0x40000000
	USB1_USBMODE = USB_USBMODE_CM(2) | USB_USBMODE_SLOM;
60001c90:	200a      	movs	r0, #10
	USBPHY1_CTRL_CLR = USBPHY_CTRL_CLKGATE;
60001c92:	639a      	str	r2, [r3, #56]	@ 0x38
	memset(endpoint_queue_head, 0, sizeof(endpoint_queue_head));
60001c94:	f44f 7220 	mov.w	r2, #640	@ 0x280
	USBPHY1_PWD = 0;
60001c98:	6019      	str	r1, [r3, #0]
	USB1_USBMODE = USB_USBMODE_CM(2) | USB_USBMODE_SLOM;
60001c9a:	f8c4 01a8 	str.w	r0, [r4, #424]	@ 0x1a8
	memset(endpoint_queue_head, 0, sizeof(endpoint_queue_head));
60001c9e:	4814      	ldr	r0, [pc, #80]	@ (60001cf0 <usb_init+0xdc>)
60001ca0:	f000 f89e 	bl	60001de0 <__memset_veneer>
	endpoint_queue_head[0].config = (64 << 16) | (1 << 15);
	endpoint_queue_head[1].config = (64 << 16);
60001ca4:	f44f 0280 	mov.w	r2, #4194304	@ 0x400000
	memset(endpoint_queue_head, 0, sizeof(endpoint_queue_head));
60001ca8:	4603      	mov	r3, r0
	endpoint_queue_head[0].config = (64 << 16) | (1 << 15);
60001caa:	f44f 0081 	mov.w	r0, #4227072	@ 0x408000
	USB1_ENDPOINTLISTADDR = (uint32_t)&endpoint_queue_head;
	//  Recommended: enable all device interrupts including: USBINT, USBERRINT,
	// Port Change Detect, USB Reset Received, DCSuspend.
	USB1_USBINTR = USB_USBINTR_UE | USB_USBINTR_UEE | /* USB_USBINTR_PCE | */
60001cae:	f240 1143 	movw	r1, #323	@ 0x143
	endpoint_queue_head[0].config = (64 << 16) | (1 << 15);
60001cb2:	6018      	str	r0, [r3, #0]
	USB1_ENDPOINTLISTADDR = (uint32_t)&endpoint_queue_head;
60001cb4:	f8c4 3158 	str.w	r3, [r4, #344]	@ 0x158
	endpoint_queue_head[1].config = (64 << 16);
60001cb8:	641a      	str	r2, [r3, #64]	@ 0x40
60001cba:	4b0e      	ldr	r3, [pc, #56]	@ (60001cf4 <usb_init+0xe0>)
60001cbc:	4a0e      	ldr	r2, [pc, #56]	@ (60001cf8 <usb_init+0xe4>)
	USB1_USBINTR = USB_USBINTR_UE | USB_USBINTR_UEE | /* USB_USBINTR_PCE | */
60001cbe:	f8c4 1148 	str.w	r1, [r4, #328]	@ 0x148
60001cc2:	f8c3 2204 	str.w	r2, [r3, #516]	@ 0x204
		USB_USBINTR_URE | USB_USBINTR_SLE;
	//_VectorsRam[IRQ_USB1+16] = &usb_isr;
	attachInterruptVector(IRQ_USB1, &usb_isr);
	NVIC_ENABLE_IRQ(IRQ_USB1);
60001cc6:	f04f 22e0 	mov.w	r2, #3758153728	@ 0xe000e000
60001cca:	f44f 3100 	mov.w	r1, #131072	@ 0x20000
	//printf("USB1_ENDPTCTRL0=%08lX\n", USB1_ENDPTCTRL0);
	//printf("USB1_ENDPTCTRL1=%08lX\n", USB1_ENDPTCTRL1);
	//printf("USB1_ENDPTCTRL2=%08lX\n", USB1_ENDPTCTRL2);
	//printf("USB1_ENDPTCTRL3=%08lX\n", USB1_ENDPTCTRL3);
	USB1_USBCMD = USB_USBCMD_RS;
60001cce:	2301      	movs	r3, #1
	NVIC_ENABLE_IRQ(IRQ_USB1);
60001cd0:	f8c2 110c 	str.w	r1, [r2, #268]	@ 0x10c
	USB1_USBCMD = USB_USBCMD_RS;
60001cd4:	f8c4 3140 	str.w	r3, [r4, #320]	@ 0x140
	//transfer_log_head = 0;
	//transfer_log_count = 0;
	//USB1_PORTSC1 |= USB_PORTSC1_PFSC; // force 12 Mbit/sec
}
60001cd8:	bd10      	pop	{r4, pc}
60001cda:	bf00      	nop
60001cdc:	400d8000 	.word	0x400d8000
60001ce0:	400fc000 	.word	0x400fc000
60001ce4:	402e0000 	.word	0x402e0000
60001ce8:	400d9000 	.word	0x400d9000
60001cec:	001e1c00 	.word	0x001e1c00
60001cf0:	20000000 	.word	0x20000000
60001cf4:	20002000 	.word	0x20002000
60001cf8:	00008471 	.word	0x00008471

60001cfc <_reboot_Teensyduino_>:


FLASHMEM __attribute__((noinline)) void _reboot_Teensyduino_(void)
{
60001cfc:	b508      	push	{r3, lr}
	if (!(HW_OCOTP_CFG5 & 0x02)) {
60001cfe:	4b0e      	ldr	r3, [pc, #56]	@ (60001d38 <_reboot_Teensyduino_+0x3c>)
60001d00:	6e1b      	ldr	r3, [r3, #96]	@ 0x60
60001d02:	079b      	lsls	r3, r3, #30
60001d04:	d400      	bmi.n	60001d08 <_reboot_Teensyduino_+0xc>
		asm("bkpt #251"); // run bootloader
60001d06:	befb      	bkpt	0x00fb
	} else {
		__disable_irq(); // secure mode NXP ROM reboot
60001d08:	b672      	cpsid	i
		USB1_USBCMD = 0;
60001d0a:	4b0c      	ldr	r3, [pc, #48]	@ (60001d3c <_reboot_Teensyduino_+0x40>)
60001d0c:	2000      	movs	r0, #0
		IOMUXC_GPR_GPR16 = 0x00200003;
60001d0e:	4a0c      	ldr	r2, [pc, #48]	@ (60001d40 <_reboot_Teensyduino_+0x44>)
		USB1_USBCMD = 0;
60001d10:	f8c3 0140 	str.w	r0, [r3, #320]	@ 0x140
		// TODO: wipe all RAM for security
		__asm__ volatile("mov sp, %0" : : "r" (0x20201000) : );
60001d14:	f103 4360 	add.w	r3, r3, #3758096384	@ 0xe0000000
		IOMUXC_GPR_GPR16 = 0x00200003;
60001d18:	490a      	ldr	r1, [pc, #40]	@ (60001d44 <_reboot_Teensyduino_+0x48>)
		__asm__ volatile("mov sp, %0" : : "r" (0x20201000) : );
60001d1a:	f5a3 235f 	sub.w	r3, r3, #913408	@ 0xdf000
		IOMUXC_GPR_GPR16 = 0x00200003;
60001d1e:	6411      	str	r1, [r2, #64]	@ 0x40
		__asm__ volatile("mov sp, %0" : : "r" (0x20201000) : );
60001d20:	469d      	mov	sp, r3
		__asm__ volatile("dsb":::"memory");
60001d22:	f3bf 8f4f 	dsb	sy
		volatile uint32_t * const p = (uint32_t *)0x20208000;
		*p = 0xEB120000;
		((void (*)(volatile void *))(*(uint32_t *)(*(uint32_t *)0x0020001C + 8)))(p);
60001d26:	f44f 1300 	mov.w	r3, #2097152	@ 0x200000
		*p = 0xEB120000;
60001d2a:	4a07      	ldr	r2, [pc, #28]	@ (60001d48 <_reboot_Teensyduino_+0x4c>)
		((void (*)(volatile void *))(*(uint32_t *)(*(uint32_t *)0x0020001C + 8)))(p);
60001d2c:	4807      	ldr	r0, [pc, #28]	@ (60001d4c <_reboot_Teensyduino_+0x50>)
60001d2e:	69db      	ldr	r3, [r3, #28]
		*p = 0xEB120000;
60001d30:	6002      	str	r2, [r0, #0]
		((void (*)(volatile void *))(*(uint32_t *)(*(uint32_t *)0x0020001C + 8)))(p);
60001d32:	689b      	ldr	r3, [r3, #8]
60001d34:	4798      	blx	r3
	}
	__builtin_unreachable();
60001d36:	bf00      	nop
60001d38:	401f4400 	.word	0x401f4400
60001d3c:	402e0000 	.word	0x402e0000
60001d40:	400ac000 	.word	0x400ac000
60001d44:	00200003 	.word	0x00200003
60001d48:	eb120000 	.word	0xeb120000
60001d4c:	20208000 	.word	0x20208000

60001d50 <analog_init>:
{
	uint32_t mode, avg=0;

	printf("analogInit\n");

	CCM_CCGR1 |= CCM_CCGR1_ADC1(CCM_CCGR_ON);
60001d50:	4b0f      	ldr	r3, [pc, #60]	@ (60001d90 <analog_init+0x40>)
	} else {
		mode |= ADC_CFG_ADIV(0) | ADC_CFG_ADICLK(0); // use IPG
	}
#endif
	//ADC1
	ADC1_CFG = mode | ADC_CFG_ADHSC;
60001d52:	f240 6c37 	movw	ip, #1591	@ 0x637
60001d56:	4a0f      	ldr	r2, [pc, #60]	@ (60001d94 <analog_init+0x44>)
	ADC1_GC = avg | ADC_GC_CAL;		// begin cal
60001d58:	20a0      	movs	r0, #160	@ 0xa0
	CCM_CCGR1 |= CCM_CCGR1_ADC1(CCM_CCGR_ON);
60001d5a:	6ed9      	ldr	r1, [r3, #108]	@ 0x6c
60001d5c:	f441 3140 	orr.w	r1, r1, #196608	@ 0x30000
60001d60:	66d9      	str	r1, [r3, #108]	@ 0x6c
	CCM_CCGR1 |= CCM_CCGR1_ADC2(CCM_CCGR_ON);
60001d62:	6ed9      	ldr	r1, [r3, #108]	@ 0x6c
60001d64:	f441 7140 	orr.w	r1, r1, #768	@ 0x300
60001d68:	66d9      	str	r1, [r3, #108]	@ 0x6c
	ADC1_CFG = mode | ADC_CFG_ADHSC;
60001d6a:	f8c2 c044 	str.w	ip, [r2, #68]	@ 0x44
	ADC1_GC = avg | ADC_GC_CAL;		// begin cal
60001d6e:	6490      	str	r0, [r2, #72]	@ 0x48
	calibrating = 1;
	while (ADC1_GC & ADC_GC_CAL) {
60001d70:	6c93      	ldr	r3, [r2, #72]	@ 0x48
60001d72:	061b      	lsls	r3, r3, #24
60001d74:	d4fc      	bmi.n	60001d70 <analog_init+0x20>
		//yield();
	}
	calibrating = 0;
	//ADC2
	ADC2_CFG = mode | ADC_CFG_ADHSC;
60001d76:	4a08      	ldr	r2, [pc, #32]	@ (60001d98 <analog_init+0x48>)
60001d78:	f240 6137 	movw	r1, #1591	@ 0x637
	ADC2_GC = avg | ADC_GC_CAL;		// begin cal
60001d7c:	23a0      	movs	r3, #160	@ 0xa0
	ADC2_CFG = mode | ADC_CFG_ADHSC;
60001d7e:	6451      	str	r1, [r2, #68]	@ 0x44
	ADC2_GC = avg | ADC_GC_CAL;		// begin cal
60001d80:	6493      	str	r3, [r2, #72]	@ 0x48
	calibrating = 1;
	while (ADC2_GC & ADC_GC_CAL) {
60001d82:	6c93      	ldr	r3, [r2, #72]	@ 0x48
60001d84:	f013 0380 	ands.w	r3, r3, #128	@ 0x80
60001d88:	d1fb      	bne.n	60001d82 <analog_init+0x32>
		//yield();
	}
	calibrating = 0;
60001d8a:	4a04      	ldr	r2, [pc, #16]	@ (60001d9c <analog_init+0x4c>)
60001d8c:	7013      	strb	r3, [r2, #0]
}
60001d8e:	4770      	bx	lr
60001d90:	400fc000 	.word	0x400fc000
60001d94:	400c4000 	.word	0x400c4000
60001d98:	400c8000 	.word	0x400c8000
60001d9c:	200080a4 	.word	0x200080a4

60001da0 <_init>:
60001da0:	b5f8      	push	{r3, r4, r5, r6, r7, lr}
60001da2:	bf00      	nop
60001da4:	bcf8      	pop	{r3, r4, r5, r6, r7}
60001da6:	bc08      	pop	{r3}
60001da8:	469e      	mov	lr, r3
60001daa:	4770      	bx	lr
60001dac:	0000      	movs	r0, r0
	...

60001db0 <____libc_init_array_veneer>:
60001db0:	f85f f000 	ldr.w	pc, [pc]	@ 60001db4 <____libc_init_array_veneer+0x4>
60001db4:	00009ec5 	.word	0x00009ec5

60001db8 <__main_veneer>:
60001db8:	f85f f000 	ldr.w	pc, [pc]	@ 60001dbc <__main_veneer+0x4>
60001dbc:	00007dd1 	.word	0x00007dd1

60001dc0 <__sm_set_pool_veneer>:
60001dc0:	f85f f000 	ldr.w	pc, [pc]	@ 60001dc4 <__sm_set_pool_veneer+0x4>
60001dc4:	00009579 	.word	0x00009579

60001dc8 <__usb_init_serialnumber_veneer>:
60001dc8:	f85f f000 	ldr.w	pc, [pc]	@ 60001dcc <__usb_init_serialnumber_veneer+0x4>
60001dcc:	00008bdd 	.word	0x00008bdd

60001dd0 <__set_arm_clock_veneer>:
60001dd0:	f85f f000 	ldr.w	pc, [pc]	@ 60001dd4 <__set_arm_clock_veneer+0x4>
60001dd4:	0000798d 	.word	0x0000798d

60001dd8 <__delay_veneer>:
60001dd8:	f85f f000 	ldr.w	pc, [pc]	@ 60001ddc <__delay_veneer+0x4>
60001ddc:	00007ca1 	.word	0x00007ca1

60001de0 <__memset_veneer>:
60001de0:	f85f f000 	ldr.w	pc, [pc]	@ 60001de4 <__memset_veneer+0x4>
60001de4:	00009e31 	.word	0x00009e31

60001de8 <__pwm_init_veneer>:
60001de8:	f85f f000 	ldr.w	pc, [pc]	@ 60001dec <__pwm_init_veneer+0x4>
60001dec:	00007ff1 	.word	0x00007ff1

60001df0 <__frame_dummy_init_array_entry>:
60001df0:	00000045                                E...

Disassembly of section .text.itcm:

00000000 <_stext>:
	...

00000020 <register_tm_clones>:
void HardwareSerialIMXRT::setRX(uint8_t pin)
{
	IMXRT_LPUART_t *port = (IMXRT_LPUART_t *)port_addr;
	if (pin != hardware->rx_pins[rx_pin_index_].pin) {
		for (uint8_t rx_pin_new_index = 0; rx_pin_new_index < cnt_rx_pins; rx_pin_new_index++) {
			if (pin == hardware->rx_pins[rx_pin_new_index].pin) {
      20:	4805      	ldr	r0, [pc, #20]	@ (38 <_teensy_model_identifier+0x13>)
      22:	4b06      	ldr	r3, [pc, #24]	@ (3c <_teensy_model_identifier+0x17>)
      24:	1a1b      	subs	r3, r3, r0
      26:	0fd9      	lsrs	r1, r3, #31
      28:	eb01 01a3 	add.w	r1, r1, r3, asr #2
				rx_pin_index_ = rx_pin_new_index;
				return;  // done. 
			}
		}
		// If we got to here and did not find a valid pin there.  Maybe see if it is an XBar pin... 
		for (uint8_t i = 0; i < count_pin_to_xbar_info; i++) {
      2c:	1049      	asrs	r1, r1, #1
      2e:	d002      	beq.n	36 <_teensy_model_identifier+0x11>
			if (pin_to_xbar_info[i].pin == pin) {
      30:	4b03      	ldr	r3, [pc, #12]	@ (40 <_teensy_model_identifier+0x1b>)
      32:	b103      	cbz	r3, 36 <_teensy_model_identifier+0x11>
      34:	4718      	bx	r3
      36:	4770      	bx	lr
      38:	200022c0 	.word	0x200022c0
      3c:	200022c0 	.word	0x200022c0
				// So it is an XBAR pin set the XBAR..
				//Serial.printf("ACTS XB(%d), X(%u %u), MUX:%x\n", i, pin_to_xbar_info[i].xbar_in_index, 
				//			hardware->xbar_out_lpuartX_trig_input,  pin_to_xbar_info[i].mux_val);
				CCM_CCGR2 |= CCM_CCGR2_XBAR1(CCM_CCGR_ON);
      40:	00000000 	.word	0x00000000

00000044 <frame_dummy>:
	IMXRT_LPUART_t *port = (IMXRT_LPUART_t *)port_addr;
      44:	b508      	push	{r3, lr}
				CCM_CCGR2 |= CCM_CCGR2_XBAR1(CCM_CCGR_ON);
      46:	4b05      	ldr	r3, [pc, #20]	@ (5c <frame_dummy+0x18>)
				xbar_connect(pin_to_xbar_info[i].xbar_in_index, hardware->xbar_out_lpuartX_trig_input);
      48:	b11b      	cbz	r3, 52 <frame_dummy+0xe>
				CCM_CCGR2 |= CCM_CCGR2_XBAR1(CCM_CCGR_ON);
      4a:	4905      	ldr	r1, [pc, #20]	@ (60 <frame_dummy+0x1c>)
      4c:	4805      	ldr	r0, [pc, #20]	@ (64 <frame_dummy+0x20>)
      4e:	f3af 8000 	nop.w
				xbar_connect(pin_to_xbar_info[i].xbar_in_index, hardware->xbar_out_lpuartX_trig_input);
      52:	e8bd 4008 	ldmia.w	sp!, {r3, lr}
      56:	f7ff bfe3 	b.w	20 <register_tm_clones>

				// We need to update port register to use this as the trigger
				port->PINCFG = LPUART_PINCFG_TRGSEL(1);  // Trigger select as alternate RX

				//  configure the pin. 
				*(portControlRegister(pin)) = IOMUXC_PAD_DSE(7) | IOMUXC_PAD_PKE | IOMUXC_PAD_PUE | IOMUXC_PAD_PUS(3) | IOMUXC_PAD_HYS;;
      5a:	bf00      	nop
				port->PINCFG = LPUART_PINCFG_TRGSEL(1);  // Trigger select as alternate RX
      5c:	00000000 	.word	0x00000000
				*(portControlRegister(pin)) = IOMUXC_PAD_DSE(7) | IOMUXC_PAD_PKE | IOMUXC_PAD_PUE | IOMUXC_PAD_PUS(3) | IOMUXC_PAD_HYS;;
      60:	20008014 	.word	0x20008014
      64:	6000f000 	.word	0x6000f000

00000068 <s_tick()>:
				CORE_PIN53_PORTSET = CORE_PIN53_BITMASK;
      68:	4b14      	ldr	r3, [pc, #80]	@ (bc <s_tick()+0x54>)
      6a:	f04f 7200 	mov.w	r2, #33554432	@ 0x2000000
// Wait for a number of microseconds.  During this time, interrupts remain
// active, but the rest of your program becomes effectively stalled.  For shorter
// delay, use delayNanoseconds().
static inline void delayMicroseconds(uint32_t usec)
{
	uint32_t begin = ARM_DWT_CYCCNT;
      6e:	4914      	ldr	r1, [pc, #80]	@ (c0 <s_tick()+0x58>)
				CORE_PIN53_PORTSET = CORE_PIN53_BITMASK;
      70:	f8c3 2084 	str.w	r2, [r3, #132]	@ 0x84
	uint32_t cycles = F_CPU_ACTUAL / 1000000 * usec;
      74:	f103 738d 	add.w	r3, r3, #18481152	@ 0x11a0000
      78:	f8df c04c 	ldr.w	ip, [pc, #76]	@ c8 <s_tick()+0x60>
      7c:	f503 338f 	add.w	r3, r3, #73216	@ 0x11e00
	uint32_t begin = ARM_DWT_CYCCNT;
      80:	6848      	ldr	r0, [r1, #4]
	uint32_t cycles = F_CPU_ACTUAL / 1000000 * usec;
      82:	f8dc 2000 	ldr.w	r2, [ip]
      86:	3383      	adds	r3, #131	@ 0x83
      88:	fba3 3202 	umull	r3, r2, r3, r2
      8c:	0c92      	lsrs	r2, r2, #18
	// TODO: check if cycles is large, do a wait with yield calls until it's smaller
	while (ARM_DWT_CYCCNT - begin < cycles) ; // wait
      8e:	684b      	ldr	r3, [r1, #4]
      90:	1a1b      	subs	r3, r3, r0
      92:	429a      	cmp	r2, r3
      94:	d8fb      	bhi.n	8e <s_tick()+0x26>
				CORE_PIN53_PORTCLEAR = CORE_PIN53_BITMASK;
      96:	4a09      	ldr	r2, [pc, #36]	@ (bc <s_tick()+0x54>)
      98:	f04f 7000 	mov.w	r0, #33554432	@ 0x2000000
	uint32_t cycles = F_CPU_ACTUAL / 1000000 * usec;
      9c:	4b09      	ldr	r3, [pc, #36]	@ (c4 <s_tick()+0x5c>)
				CORE_PIN53_PORTCLEAR = CORE_PIN53_BITMASK;
      9e:	f8c2 0088 	str.w	r0, [r2, #136]	@ 0x88
	uint32_t begin = ARM_DWT_CYCCNT;
      a2:	6848      	ldr	r0, [r1, #4]
	uint32_t cycles = F_CPU_ACTUAL / 1000000 * usec;
      a4:	f8dc 2000 	ldr.w	r2, [ip]
	while (ARM_DWT_CYCCNT - begin < cycles) ; // wait
      a8:	4905      	ldr	r1, [pc, #20]	@ (c0 <s_tick()+0x58>)
	uint32_t cycles = F_CPU_ACTUAL / 1000000 * usec;
      aa:	fba3 3202 	umull	r3, r2, r3, r2
      ae:	0c92      	lsrs	r2, r2, #18
	while (ARM_DWT_CYCCNT - begin < cycles) ; // wait
      b0:	684b      	ldr	r3, [r1, #4]
      b2:	1a1b      	subs	r3, r3, r0
      b4:	429a      	cmp	r2, r3
      b6:	d8fb      	bhi.n	b0 <s_tick()+0x48>
 * ------------------------------------------------------------------------------------------ */
static void s_tick(void)
{
    digitalWriteFast(P_SCLK, HIGH); delayMicroseconds(1);
    digitalWriteFast(P_SCLK, LOW);  delayMicroseconds(1);
}
      b8:	4770      	bx	lr
      ba:	bf00      	nop
      bc:	4200c000 	.word	0x4200c000
      c0:	e0001000 	.word	0xe0001000
      c4:	431bde83 	.word	0x431bde83
      c8:	20001c4c 	.word	0x20001c4c

000000cc <choose_burst(int)>:
 *
 * Two measured points give the fixed overhead and the per-byte cost, so this is arithmetic rather
 * than a sweep. It exists as one function because stage 3 and stage 6 both have to do it and the bug
 * that made this necessary was the two of them disagreeing. */
static uint16_t choose_burst(int ri)
{
      cc:	e92d 41f0 	stmdb	sp!, {r4, r5, r6, r7, r8, lr}
    const uint32_t save = g_burst;
    g_burst = 96;
    uint32_t t = ARM_DWT_CYCCNT; RF[ri](0, buf, 96);
      d0:	4b36      	ldr	r3, [pc, #216]	@ (1ac <choose_burst(int)+0xe0>)
    g_burst = 96;
      d2:	2460      	movs	r4, #96	@ 0x60
    const uint32_t save = g_burst;
      d4:	4d36      	ldr	r5, [pc, #216]	@ (1b0 <choose_burst(int)+0xe4>)
    uint32_t t = ARM_DWT_CYCCNT; RF[ri](0, buf, 96);
      d6:	f853 8020 	ldr.w	r8, [r3, r0, lsl #2]
      da:	4622      	mov	r2, r4
    const uint32_t save = g_burst;
      dc:	682b      	ldr	r3, [r5, #0]
    uint32_t t = ARM_DWT_CYCCNT; RF[ri](0, buf, 96);
      de:	2000      	movs	r0, #0
      e0:	4e34      	ldr	r6, [pc, #208]	@ (1b4 <choose_burst(int)+0xe8>)
      e2:	4935      	ldr	r1, [pc, #212]	@ (1b8 <choose_burst(int)+0xec>)
{
      e4:	ed2d 8b02 	vpush	{d8}
      e8:	b082      	sub	sp, #8
    g_burst = 96;
      ea:	602c      	str	r4, [r5, #0]
    uint32_t t = ARM_DWT_CYCCNT; RF[ri](0, buf, 96);
      ec:	6877      	ldr	r7, [r6, #4]
    const uint32_t save = g_burst;
      ee:	9300      	str	r3, [sp, #0]
    uint32_t t = ARM_DWT_CYCCNT; RF[ri](0, buf, 96);
      f0:	47c0      	blx	r8
    const float u96 = 1e6f * (float)(ARM_DWT_CYCCNT - t) / (float)F_CPU_ACTUAL;
      f2:	6873      	ldr	r3, [r6, #4]
    g_burst = 32;
      f4:	2220      	movs	r2, #32
    const float u96 = 1e6f * (float)(ARM_DWT_CYCCNT - t) / (float)F_CPU_ACTUAL;
      f6:	eddf 8a31 	vldr	s17, [pc, #196]	@ 1bc <choose_burst(int)+0xf0>
    t = ARM_DWT_CYCCNT;          RF[ri](0, buf, 32);
      fa:	2000      	movs	r0, #0
    const float u96 = 1e6f * (float)(ARM_DWT_CYCCNT - t) / (float)F_CPU_ACTUAL;
      fc:	1bd9      	subs	r1, r3, r7
      fe:	4f30      	ldr	r7, [pc, #192]	@ (1c0 <choose_burst(int)+0xf4>)
    g_burst = 32;
     100:	602a      	str	r2, [r5, #0]
    const float u96 = 1e6f * (float)(ARM_DWT_CYCCNT - t) / (float)F_CPU_ACTUAL;
     102:	ee07 1a90 	vmov	s15, r1
     106:	ed97 7a00 	vldr	s14, [r7]
    t = ARM_DWT_CYCCNT;          RF[ri](0, buf, 32);
     10a:	6873      	ldr	r3, [r6, #4]
    const float u96 = 1e6f * (float)(ARM_DWT_CYCCNT - t) / (float)F_CPU_ACTUAL;
     10c:	eef8 7a67 	vcvt.f32.u32	s15, s15
    t = ARM_DWT_CYCCNT;          RF[ri](0, buf, 32);
     110:	4929      	ldr	r1, [pc, #164]	@ (1b8 <choose_burst(int)+0xec>)
    const float u96 = 1e6f * (float)(ARM_DWT_CYCCNT - t) / (float)F_CPU_ACTUAL;
     112:	eeb8 7a47 	vcvt.f32.u32	s14, s14
    t = ARM_DWT_CYCCNT;          RF[ri](0, buf, 32);
     116:	9301      	str	r3, [sp, #4]
    const float u96 = 1e6f * (float)(ARM_DWT_CYCCNT - t) / (float)F_CPU_ACTUAL;
     118:	ee67 7aa8 	vmul.f32	s15, s15, s17
     11c:	ee87 8a87 	vdiv.f32	s16, s15, s14
    t = ARM_DWT_CYCCNT;          RF[ri](0, buf, 32);
     120:	47c0      	blx	r8
    const float u32 = 1e6f * (float)(ARM_DWT_CYCCNT - t) / (float)F_CPU_ACTUAL;
    g_burst = save;
     122:	9a00      	ldr	r2, [sp, #0]
    const float u32 = 1e6f * (float)(ARM_DWT_CYCCNT - t) / (float)F_CPU_ACTUAL;
     124:	6873      	ldr	r3, [r6, #4]
    g_burst = save;
     126:	602a      	str	r2, [r5, #0]
    const float u32 = 1e6f * (float)(ARM_DWT_CYCCNT - t) / (float)F_CPU_ACTUAL;
     128:	9a01      	ldr	r2, [sp, #4]
     12a:	edd7 6a00 	vldr	s13, [r7]
     12e:	1a9b      	subs	r3, r3, r2

    const float per = (u96 - u32) / 64.0f;
     130:	ed9f 6a24 	vldr	s12, [pc, #144]	@ 1c4 <choose_burst(int)+0xf8>
    const float u32 = 1e6f * (float)(ARM_DWT_CYCCNT - t) / (float)F_CPU_ACTUAL;
     134:	eef8 6a66 	vcvt.f32.u32	s13, s13
     138:	ee07 3a90 	vmov	s15, r3
     13c:	eef8 7a67 	vcvt.f32.u32	s15, s15
     140:	ee67 7aa8 	vmul.f32	s15, s15, s17
     144:	ee87 7aa6 	vdiv.f32	s14, s15, s13
    const float per = (u96 - u32) / 64.0f;
     148:	ee38 7a47 	vsub.f32	s14, s16, s14
     14c:	ee27 7a06 	vmul.f32	s14, s14, s12
    const float fix = u96 - per * 96.0f;
    int nmax = (per > 0.0f) ? (int)((7.0f - fix) / per) : 96;
     150:	eeb5 7ac0 	vcmpe.f32	s14, #0.0
     154:	eef1 fa10 	vmrs	APSR_nzcv, fpscr
     158:	dd21      	ble.n	19e <choose_burst(int)+0xd2>
     15a:	eddf 7a1b 	vldr	s15, [pc, #108]	@ 1c8 <choose_burst(int)+0xfc>
     15e:	eef1 6a0c 	vmov.f32	s13, #28	@ 0x40e00000  7.0
     162:	eea7 8a67 	vfms.f32	s16, s14, s15
     166:	ee76 6ac8 	vsub.f32	s13, s13, s16
     16a:	eec6 7a87 	vdiv.f32	s15, s13, s14
     16e:	eefd 7ae7 	vcvt.s32.f32	s15, s15
     172:	ee17 0a90 	vmov	r0, s15
    nmax = (nmax / 16) * 16;
     176:	4242      	negs	r2, r0
     178:	f000 030f 	and.w	r3, r0, #15
     17c:	f002 020f 	and.w	r2, r2, #15
     180:	bf58      	it	pl
     182:	4253      	negpl	r3, r2
     184:	1ac0      	subs	r0, r0, r3
    if (nmax > 96) nmax = 96;
    if (nmax < 16) nmax = 16;
     186:	2810      	cmp	r0, #16
     188:	bfb8      	it	lt
     18a:	2010      	movlt	r0, #16
    if (nmax > 96) nmax = 96;
     18c:	42a0      	cmp	r0, r4
     18e:	bfa8      	it	ge
     190:	4620      	movge	r0, r4
    return (uint16_t)nmax;
     192:	b280      	uxth	r0, r0
}
     194:	b002      	add	sp, #8
     196:	ecbd 8b02 	vpop	{d8}
     19a:	e8bd 81f0 	ldmia.w	sp!, {r4, r5, r6, r7, r8, pc}
     19e:	4620      	mov	r0, r4
     1a0:	b002      	add	sp, #8
     1a2:	ecbd 8b02 	vpop	{d8}
     1a6:	e8bd 81f0 	ldmia.w	sp!, {r4, r5, r6, r7, r8, pc}
     1aa:	bf00      	nop
     1ac:	2000143c 	.word	0x2000143c
     1b0:	20001d20 	.word	0x20001d20
     1b4:	e0001000 	.word	0xe0001000
     1b8:	200024a0 	.word	0x200024a0
     1bc:	49742400 	.word	0x49742400
     1c0:	20001c4c 	.word	0x20001c4c
     1c4:	3c800000 	.word	0x3c800000
     1c8:	42c00000 	.word	0x42c00000

000001cc <use_bank(int) [clone .part.0]>:
    GPIO9_DR |= (B_SS0 | B_SS1 | B_DEC);          /* everything deasserted first */
     1cc:	4a31      	ldr	r2, [pc, #196]	@ (294 <use_bank(int) [clone .part.0]+0xc8>)
    select_route(g_kind[b], g_y[b]);
     1ce:	4b32      	ldr	r3, [pc, #200]	@ (298 <use_bank(int) [clone .part.0]+0xcc>)
     1d0:	4932      	ldr	r1, [pc, #200]	@ (29c <use_bank(int) [clone .part.0]+0xd0>)
static void use_bank(int b)
     1d2:	b500      	push	{lr}
    GPIO9_DR |= (B_SS0 | B_SS1 | B_DEC);          /* everything deasserted first */
     1d4:	f8d2 e000 	ldr.w	lr, [r2]
    select_route(g_kind[b], g_y[b]);
     1d8:	5c09      	ldrb	r1, [r1, r0]
     1da:	f813 c000 	ldrb.w	ip, [r3, r0]
    GPIO9_DR |= (B_SS0 | B_SS1 | B_DEC);          /* everything deasserted first */
     1de:	4b30      	ldr	r3, [pc, #192]	@ (2a0 <use_bank(int) [clone .part.0]+0xd4>)
    if (kind == SEL_DEC) {
     1e0:	2902      	cmp	r1, #2
    GPIO9_DR |= (B_SS0 | B_SS1 | B_DEC);          /* everything deasserted first */
     1e2:	ea4e 0303 	orr.w	r3, lr, r3
     1e6:	6013      	str	r3, [r2, #0]
    if (kind == SEL_DEC) {
     1e8:	d026      	beq.n	238 <use_bank(int) [clone .part.0]+0x6c>
        g_csbit = (kind == SEL_CS0) ? B_SS0 : B_SS1;
     1ea:	2900      	cmp	r1, #0
     1ec:	bf14      	ite	ne
     1ee:	f44f 0280 	movne.w	r2, #4194304	@ 0x400000
     1f2:	f04f 7280 	moveq.w	r2, #16777216	@ 0x1000000
        g_csbit = B_DEC;
     1f6:	4b2b      	ldr	r3, [pc, #172]	@ (2a4 <use_bank(int) [clone .part.0]+0xd8>)
	uint32_t begin = ARM_DWT_CYCCNT;
     1f8:	492b      	ldr	r1, [pc, #172]	@ (2a8 <use_bank(int) [clone .part.0]+0xdc>)
     1fa:	601a      	str	r2, [r3, #0]
	uint32_t cycles = F_CPU_ACTUAL / 1000000 * usec;
     1fc:	4a2b      	ldr	r2, [pc, #172]	@ (2ac <use_bank(int) [clone .part.0]+0xe0>)
	uint32_t begin = ARM_DWT_CYCCNT;
     1fe:	f8d1 c004 	ldr.w	ip, [r1, #4]
	uint32_t cycles = F_CPU_ACTUAL / 1000000 * usec;
     202:	4b2b      	ldr	r3, [pc, #172]	@ (2b0 <use_bank(int) [clone .part.0]+0xe4>)
     204:	6812      	ldr	r2, [r2, #0]
     206:	fba3 3202 	umull	r3, r2, r3, r2
     20a:	0c92      	lsrs	r2, r2, #18
     20c:	0052      	lsls	r2, r2, #1
	while (ARM_DWT_CYCCNT - begin < cycles) ; // wait
     20e:	684b      	ldr	r3, [r1, #4]
     210:	eba3 030c 	sub.w	r3, r3, ip
     214:	429a      	cmp	r2, r3
     216:	d8fa      	bhi.n	20e <use_bank(int) [clone .part.0]+0x42>
    idle = (GPIO9_DR | B_SS0 | B_SS1 | B_DEC | (1u << 28) | (1u << 29)) & ~B_CLK;
     218:	f8df c078 	ldr.w	ip, [pc, #120]	@ 294 <use_bank(int) [clone .part.0]+0xc8>
     21c:	4a25      	ldr	r2, [pc, #148]	@ (2b4 <use_bank(int) [clone .part.0]+0xe8>)
     21e:	f8dc c000 	ldr.w	ip, [ip]
     222:	4b25      	ldr	r3, [pc, #148]	@ (2b8 <use_bank(int) [clone .part.0]+0xec>)
     224:	ea0c 0202 	and.w	r2, ip, r2
     228:	4924      	ldr	r1, [pc, #144]	@ (2bc <use_bank(int) [clone .part.0]+0xf0>)
    g_cur = (int8_t)b;
     22a:	f8df c094 	ldr.w	ip, [pc, #148]	@ 2c0 <use_bank(int) [clone .part.0]+0xf4>
    idle = (GPIO9_DR | B_SS0 | B_SS1 | B_DEC | (1u << 28) | (1u << 29)) & ~B_CLK;
     22e:	4313      	orrs	r3, r2
    g_cur = (int8_t)b;
     230:	f88c 0000 	strb.w	r0, [ip]
    idle = (GPIO9_DR | B_SS0 | B_SS1 | B_DEC | (1u << 28) | (1u << 29)) & ~B_CLK;
     234:	600b      	str	r3, [r1, #0]
}
     236:	bd00      	pop	{pc}
		if (val) {
     238:	f01c 0f01 	tst.w	ip, #1
				CORE_PIN2_PORTSET = CORE_PIN2_BITMASK;
     23c:	f04f 0310 	mov.w	r3, #16
		if (val) {
     240:	d114      	bne.n	26c <use_bank(int) [clone .part.0]+0xa0>
     242:	f01c 0f02 	tst.w	ip, #2
				CORE_PIN2_PORTCLEAR = CORE_PIN2_BITMASK;
     246:	f8c2 3088 	str.w	r3, [r2, #136]	@ 0x88
				CORE_PIN3_PORTSET = CORE_PIN3_BITMASK;
     24a:	4b12      	ldr	r3, [pc, #72]	@ (294 <use_bank(int) [clone .part.0]+0xc8>)
     24c:	f04f 0220 	mov.w	r2, #32
		if (val) {
     250:	d014      	beq.n	27c <use_bank(int) [clone .part.0]+0xb0>
     252:	f01c 0f04 	tst.w	ip, #4
				CORE_PIN3_PORTSET = CORE_PIN3_BITMASK;
     256:	f8c3 2084 	str.w	r2, [r3, #132]	@ 0x84
				CORE_PIN4_PORTSET = CORE_PIN4_BITMASK;
     25a:	4b0e      	ldr	r3, [pc, #56]	@ (294 <use_bank(int) [clone .part.0]+0xc8>)
     25c:	f04f 0240 	mov.w	r2, #64	@ 0x40
		if (val) {
     260:	d014      	beq.n	28c <use_bank(int) [clone .part.0]+0xc0>
				CORE_PIN4_PORTSET = CORE_PIN4_BITMASK;
     262:	f8c3 2084 	str.w	r2, [r3, #132]	@ 0x84
        g_csbit = B_DEC;
     266:	f44f 7280 	mov.w	r2, #256	@ 0x100
     26a:	e7c4      	b.n	1f6 <use_bank(int) [clone .part.0]+0x2a>
		if (val) {
     26c:	f01c 0f02 	tst.w	ip, #2
				CORE_PIN2_PORTSET = CORE_PIN2_BITMASK;
     270:	f8c2 3084 	str.w	r3, [r2, #132]	@ 0x84
				CORE_PIN3_PORTSET = CORE_PIN3_BITMASK;
     274:	4b07      	ldr	r3, [pc, #28]	@ (294 <use_bank(int) [clone .part.0]+0xc8>)
     276:	f04f 0220 	mov.w	r2, #32
		if (val) {
     27a:	d1ea      	bne.n	252 <use_bank(int) [clone .part.0]+0x86>
     27c:	f01c 0f04 	tst.w	ip, #4
				CORE_PIN3_PORTCLEAR = CORE_PIN3_BITMASK;
     280:	f8c3 2088 	str.w	r2, [r3, #136]	@ 0x88
				CORE_PIN4_PORTSET = CORE_PIN4_BITMASK;
     284:	4b03      	ldr	r3, [pc, #12]	@ (294 <use_bank(int) [clone .part.0]+0xc8>)
     286:	f04f 0240 	mov.w	r2, #64	@ 0x40
		if (val) {
     28a:	d1ea      	bne.n	262 <use_bank(int) [clone .part.0]+0x96>
				CORE_PIN4_PORTCLEAR = CORE_PIN4_BITMASK;
     28c:	f8c3 2088 	str.w	r2, [r3, #136]	@ 0x88
     290:	e7e9      	b.n	266 <use_bank(int) [clone .part.0]+0x9a>
     292:	bf00      	nop
     294:	4200c000 	.word	0x4200c000
     298:	20006db0 	.word	0x20006db0
     29c:	20007e14 	.word	0x20007e14
     2a0:	01400100 	.word	0x01400100
     2a4:	20001d24 	.word	0x20001d24
     2a8:	e0001000 	.word	0xe0001000
     2ac:	20001c4c 	.word	0x20001c4c
     2b0:	431bde83 	.word	0x431bde83
     2b4:	ccbffeff 	.word	0xccbffeff
     2b8:	31400100 	.word	0x31400100
     2bc:	20006e10 	.word	0x20006e10
     2c0:	20001d92 	.word	0x20001d92

000002c4 <void s_byte<10>(unsigned long, unsigned char)>:
template <int S> static void s_byte(uint32_t base, uint8_t v)
     2c4:	b500      	push	{lr}
    for (int i = 7; i >= 0; i--) {
     2c6:	2207      	movs	r2, #7
template <int S> static void s_byte(uint32_t base, uint8_t v)
     2c8:	468e      	mov	lr, r1
        GPIO9_DR = d;
     2ca:	f8df c04c 	ldr.w	ip, [pc, #76]	@ 318 <void s_byte<10>(unsigned long, unsigned char)+0x54>
        const uint32_t d = base | (((v >> i) & 1u) << DSHIFT);
     2ce:	fa4e f302 	asr.w	r3, lr, r2
     2d2:	069b      	lsls	r3, r3, #26
     2d4:	f003 6380 	and.w	r3, r3, #67108864	@ 0x4000000
     2d8:	4303      	orrs	r3, r0
        GPIO9_DR = d | B_CLK;  spin<S>();
     2da:	f043 7100 	orr.w	r1, r3, #33554432	@ 0x2000000
        GPIO9_DR = d;
     2de:	f8cc 3000 	str.w	r3, [ip]
        GPIO9_DR = d | B_CLK;  spin<S>();
     2e2:	f8cc 1000 	str.w	r1, [ip]
template <int S> struct Nop { static inline void go() { __asm__ volatile("nop"); Nop<S - 1>::go(); } };
     2e6:	bf00      	nop
     2e8:	bf00      	nop
     2ea:	bf00      	nop
     2ec:	bf00      	nop
     2ee:	bf00      	nop
     2f0:	bf00      	nop
     2f2:	bf00      	nop
     2f4:	bf00      	nop
     2f6:	bf00      	nop
     2f8:	bf00      	nop
        GPIO9_DR = d;          spin<S>();
     2fa:	f8cc 3000 	str.w	r3, [ip]
template <int S> struct Nop { static inline void go() { __asm__ volatile("nop"); Nop<S - 1>::go(); } };
     2fe:	bf00      	nop
     300:	bf00      	nop
     302:	bf00      	nop
     304:	bf00      	nop
     306:	bf00      	nop
     308:	bf00      	nop
     30a:	bf00      	nop
     30c:	bf00      	nop
     30e:	bf00      	nop
     310:	bf00      	nop
    for (int i = 7; i >= 0; i--) {
     312:	3a01      	subs	r2, #1
     314:	d2db      	bcs.n	2ce <void s_byte<10>(unsigned long, unsigned char)+0xa>
}
     316:	bd00      	pop	{pc}
     318:	4200c000 	.word	0x4200c000

0000031c <void bwrite<8>(unsigned long, unsigned char const*, unsigned long)>:
    while (len) {
     31c:	2a00      	cmp	r2, #0
     31e:	f000 8156 	beq.w	5ce <void bwrite<8>(unsigned long, unsigned char const*, unsigned long)+0x2b2>
    return (idle | B_SS0 | B_SS1 | B_DEC) & ~g_csbit & ~B_CLK & ~B_DATA;
     322:	4b7e      	ldr	r3, [pc, #504]	@ (51c <void bwrite<8>(unsigned long, unsigned char const*, unsigned long)+0x200>)
template <int S> static void bwrite(uint32_t a, const uint8_t *s, uint32_t len)
     324:	e92d 4ff0 	stmdb	sp!, {r4, r5, r6, r7, r8, r9, sl, fp, lr}
     328:	4696      	mov	lr, r2
     32a:	b083      	sub	sp, #12
    return (idle | B_SS0 | B_SS1 | B_DEC) & ~g_csbit & ~B_CLK & ~B_DATA;
     32c:	681a      	ldr	r2, [r3, #0]
     32e:	f000 030f 	and.w	r3, r0, #15
     332:	0905      	lsrs	r5, r0, #4
     334:	f8df a1f0 	ldr.w	sl, [pc, #496]	@ 528 <void bwrite<8>(unsigned long, unsigned char const*, unsigned long)+0x20c>
     338:	9300      	str	r3, [sp, #0]
     33a:	ea4f 5910 	mov.w	r9, r0, lsr #20
     33e:	ea4f 4810 	mov.w	r8, r0, lsr #16
static inline void bus_out(void) { GPIO9_GDIR |= (B_DATA | B_CLK | B_SS0 | B_SS1); }
     342:	4b77      	ldr	r3, [pc, #476]	@ (520 <void bwrite<8>(unsigned long, unsigned char const*, unsigned long)+0x204>)
     344:	0b07      	lsrs	r7, r0, #12
    return (idle | B_SS0 | B_SS1 | B_DEC) & ~g_csbit & ~B_CLK & ~B_DATA;
     346:	9501      	str	r5, [sp, #4]
     348:	0a06      	lsrs	r6, r0, #8
static inline void bus_out(void) { GPIO9_GDIR |= (B_DATA | B_CLK | B_SS0 | B_SS1); }
     34a:	685c      	ldr	r4, [r3, #4]
    return (idle | B_SS0 | B_SS1 | B_DEC) & ~g_csbit & ~B_CLK & ~B_DATA;
     34c:	f042 2201 	orr.w	r2, r2, #16777472	@ 0x1000100
        const uint32_t n = (len > g_burst) ? g_burst : len;
     350:	4d74      	ldr	r5, [pc, #464]	@ (524 <void bwrite<8>(unsigned long, unsigned char const*, unsigned long)+0x208>)
static inline void bus_out(void) { GPIO9_GDIR |= (B_DATA | B_CLK | B_SS0 | B_SS1); }
     352:	f044 547d 	orr.w	r4, r4, #1061158912	@ 0x3f400000
    return (idle | B_SS0 | B_SS1 | B_DEC) & ~g_csbit & ~B_CLK & ~B_DATA;
     356:	f442 0280 	orr.w	r2, r2, #4194304	@ 0x400000
        const uint32_t n = (len > g_burst) ? g_burst : len;
     35a:	f8d5 c000 	ldr.w	ip, [r5]
static inline void bus_out(void) { GPIO9_GDIR |= (B_DATA | B_CLK | B_SS0 | B_SS1); }
     35e:	605c      	str	r4, [r3, #4]
    return (idle | B_SS0 | B_SS1 | B_DEC) & ~g_csbit & ~B_CLK & ~B_DATA;
     360:	f8da 4000 	ldr.w	r4, [sl]
        const uint32_t n = (len > g_burst) ? g_burst : len;
     364:	45f4      	cmp	ip, lr
    return (idle | B_SS0 | B_SS1 | B_DEC) & ~g_csbit & ~B_CLK & ~B_DATA;
     366:	ea22 0204 	bic.w	r2, r2, r4
        const uint32_t n = (len > g_burst) ? g_burst : len;
     36a:	bf28      	it	cs
     36c:	46f4      	movcs	ip, lr
    return (idle | B_SS0 | B_SS1 | B_DEC) & ~g_csbit & ~B_CLK & ~B_DATA;
     36e:	f022 5278 	bic.w	r2, r2, #1040187392	@ 0x3e000000
    const uint32_t v = base | ((uint32_t)nib << DSHIFT);
     372:	f042 6440 	orr.w	r4, r2, #201326592	@ 0xc000000
    GPIO9_DR = v | B_CLK;  spin<S>();
     376:	f042 6b60 	orr.w	fp, r2, #234881024	@ 0xe000000
        bus_out(); const uint32_t b = cbase(); GPIO9_DR = b;
     37a:	601a      	str	r2, [r3, #0]
    GPIO9_DR = v;
     37c:	601c      	str	r4, [r3, #0]
    GPIO9_DR = v | B_CLK;  spin<S>();
     37e:	f8c3 b000 	str.w	fp, [r3]
template <int S> struct Nop { static inline void go() { __asm__ volatile("nop"); Nop<S - 1>::go(); } };
     382:	bf00      	nop
     384:	bf00      	nop
     386:	bf00      	nop
     388:	bf00      	nop
     38a:	bf00      	nop
     38c:	bf00      	nop
     38e:	bf00      	nop
     390:	bf00      	nop
    GPIO9_DR = v;          spin<S>();
     392:	601c      	str	r4, [r3, #0]
template <int S> struct Nop { static inline void go() { __asm__ volatile("nop"); Nop<S - 1>::go(); } };
     394:	bf00      	nop
     396:	bf00      	nop
     398:	bf00      	nop
     39a:	bf00      	nop
     39c:	bf00      	nop
     39e:	bf00      	nop
     3a0:	bf00      	nop
     3a2:	bf00      	nop
    const uint32_t v = base | ((uint32_t)nib << DSHIFT);
     3a4:	f042 5400 	orr.w	r4, r2, #536870912	@ 0x20000000
    GPIO9_DR = v | B_CLK;  spin<S>();
     3a8:	f042 5b08 	orr.w	fp, r2, #570425344	@ 0x22000000
    GPIO9_DR = v;
     3ac:	601c      	str	r4, [r3, #0]
    GPIO9_DR = v | B_CLK;  spin<S>();
     3ae:	f8c3 b000 	str.w	fp, [r3]
template <int S> struct Nop { static inline void go() { __asm__ volatile("nop"); Nop<S - 1>::go(); } };
     3b2:	bf00      	nop
     3b4:	bf00      	nop
     3b6:	bf00      	nop
     3b8:	bf00      	nop
     3ba:	bf00      	nop
     3bc:	bf00      	nop
     3be:	bf00      	nop
     3c0:	bf00      	nop
    GPIO9_DR = v;          spin<S>();
     3c2:	601c      	str	r4, [r3, #0]
template <int S> struct Nop { static inline void go() { __asm__ volatile("nop"); Nop<S - 1>::go(); } };
     3c4:	bf00      	nop
     3c6:	bf00      	nop
     3c8:	bf00      	nop
     3ca:	bf00      	nop
     3cc:	bf00      	nop
     3ce:	bf00      	nop
     3d0:	bf00      	nop
     3d2:	bf00      	nop
    const uint32_t v = base | ((uint32_t)nib << DSHIFT);
     3d4:	f009 040f 	and.w	r4, r9, #15
     3d8:	ea42 6484 	orr.w	r4, r2, r4, lsl #26
    GPIO9_DR = v | B_CLK;  spin<S>();
     3dc:	f044 7b00 	orr.w	fp, r4, #33554432	@ 0x2000000
    GPIO9_DR = v;
     3e0:	601c      	str	r4, [r3, #0]
    GPIO9_DR = v | B_CLK;  spin<S>();
     3e2:	f8c3 b000 	str.w	fp, [r3]
template <int S> struct Nop { static inline void go() { __asm__ volatile("nop"); Nop<S - 1>::go(); } };
     3e6:	bf00      	nop
     3e8:	bf00      	nop
     3ea:	bf00      	nop
     3ec:	bf00      	nop
     3ee:	bf00      	nop
     3f0:	bf00      	nop
     3f2:	bf00      	nop
     3f4:	bf00      	nop
    GPIO9_DR = v;          spin<S>();
     3f6:	601c      	str	r4, [r3, #0]
template <int S> struct Nop { static inline void go() { __asm__ volatile("nop"); Nop<S - 1>::go(); } };
     3f8:	bf00      	nop
     3fa:	bf00      	nop
     3fc:	bf00      	nop
     3fe:	bf00      	nop
     400:	bf00      	nop
     402:	bf00      	nop
     404:	bf00      	nop
     406:	bf00      	nop
    const uint32_t v = base | ((uint32_t)nib << DSHIFT);
     408:	f008 040f 	and.w	r4, r8, #15
     40c:	ea42 6484 	orr.w	r4, r2, r4, lsl #26
    GPIO9_DR = v | B_CLK;  spin<S>();
     410:	f044 7b00 	orr.w	fp, r4, #33554432	@ 0x2000000
    GPIO9_DR = v;
     414:	601c      	str	r4, [r3, #0]
    GPIO9_DR = v | B_CLK;  spin<S>();
     416:	f8c3 b000 	str.w	fp, [r3]
template <int S> struct Nop { static inline void go() { __asm__ volatile("nop"); Nop<S - 1>::go(); } };
     41a:	bf00      	nop
     41c:	bf00      	nop
     41e:	bf00      	nop
     420:	bf00      	nop
     422:	bf00      	nop
     424:	bf00      	nop
     426:	bf00      	nop
     428:	bf00      	nop
    GPIO9_DR = v;          spin<S>();
     42a:	601c      	str	r4, [r3, #0]
template <int S> struct Nop { static inline void go() { __asm__ volatile("nop"); Nop<S - 1>::go(); } };
     42c:	bf00      	nop
     42e:	bf00      	nop
     430:	bf00      	nop
     432:	bf00      	nop
     434:	bf00      	nop
     436:	bf00      	nop
     438:	bf00      	nop
     43a:	bf00      	nop
    const uint32_t v = base | ((uint32_t)nib << DSHIFT);
     43c:	f007 040f 	and.w	r4, r7, #15
     440:	ea42 6484 	orr.w	r4, r2, r4, lsl #26
    GPIO9_DR = v | B_CLK;  spin<S>();
     444:	f044 7b00 	orr.w	fp, r4, #33554432	@ 0x2000000
    GPIO9_DR = v;
     448:	601c      	str	r4, [r3, #0]
    GPIO9_DR = v | B_CLK;  spin<S>();
     44a:	f8c3 b000 	str.w	fp, [r3]
template <int S> struct Nop { static inline void go() { __asm__ volatile("nop"); Nop<S - 1>::go(); } };
     44e:	bf00      	nop
     450:	bf00      	nop
     452:	bf00      	nop
     454:	bf00      	nop
     456:	bf00      	nop
     458:	bf00      	nop
     45a:	bf00      	nop
     45c:	bf00      	nop
    GPIO9_DR = v;          spin<S>();
     45e:	601c      	str	r4, [r3, #0]
template <int S> struct Nop { static inline void go() { __asm__ volatile("nop"); Nop<S - 1>::go(); } };
     460:	bf00      	nop
     462:	bf00      	nop
     464:	bf00      	nop
     466:	bf00      	nop
     468:	bf00      	nop
     46a:	bf00      	nop
     46c:	bf00      	nop
     46e:	bf00      	nop
    const uint32_t v = base | ((uint32_t)nib << DSHIFT);
     470:	f006 040f 	and.w	r4, r6, #15
     474:	ea42 6484 	orr.w	r4, r2, r4, lsl #26
    GPIO9_DR = v | B_CLK;  spin<S>();
     478:	f044 7b00 	orr.w	fp, r4, #33554432	@ 0x2000000
    GPIO9_DR = v;
     47c:	601c      	str	r4, [r3, #0]
    GPIO9_DR = v | B_CLK;  spin<S>();
     47e:	f8c3 b000 	str.w	fp, [r3]
template <int S> struct Nop { static inline void go() { __asm__ volatile("nop"); Nop<S - 1>::go(); } };
     482:	bf00      	nop
     484:	bf00      	nop
     486:	bf00      	nop
     488:	bf00      	nop
     48a:	bf00      	nop
     48c:	bf00      	nop
     48e:	bf00      	nop
     490:	bf00      	nop
    GPIO9_DR = v;          spin<S>();
     492:	601c      	str	r4, [r3, #0]
template <int S> struct Nop { static inline void go() { __asm__ volatile("nop"); Nop<S - 1>::go(); } };
     494:	bf00      	nop
     496:	bf00      	nop
     498:	bf00      	nop
     49a:	bf00      	nop
     49c:	bf00      	nop
     49e:	bf00      	nop
     4a0:	bf00      	nop
     4a2:	bf00      	nop
    const uint32_t v = base | ((uint32_t)nib << DSHIFT);
     4a4:	9c01      	ldr	r4, [sp, #4]
     4a6:	f004 040f 	and.w	r4, r4, #15
     4aa:	ea42 6484 	orr.w	r4, r2, r4, lsl #26
    GPIO9_DR = v | B_CLK;  spin<S>();
     4ae:	f044 7b00 	orr.w	fp, r4, #33554432	@ 0x2000000
    GPIO9_DR = v;
     4b2:	601c      	str	r4, [r3, #0]
    GPIO9_DR = v | B_CLK;  spin<S>();
     4b4:	f8c3 b000 	str.w	fp, [r3]
template <int S> struct Nop { static inline void go() { __asm__ volatile("nop"); Nop<S - 1>::go(); } };
     4b8:	bf00      	nop
     4ba:	bf00      	nop
     4bc:	bf00      	nop
     4be:	bf00      	nop
     4c0:	bf00      	nop
     4c2:	bf00      	nop
     4c4:	bf00      	nop
     4c6:	bf00      	nop
    GPIO9_DR = v;          spin<S>();
     4c8:	601c      	str	r4, [r3, #0]
template <int S> struct Nop { static inline void go() { __asm__ volatile("nop"); Nop<S - 1>::go(); } };
     4ca:	bf00      	nop
     4cc:	bf00      	nop
     4ce:	bf00      	nop
     4d0:	bf00      	nop
     4d2:	bf00      	nop
     4d4:	bf00      	nop
     4d6:	bf00      	nop
     4d8:	bf00      	nop
    const uint32_t v = base | ((uint32_t)nib << DSHIFT);
     4da:	9c00      	ldr	r4, [sp, #0]
     4dc:	ea42 6484 	orr.w	r4, r2, r4, lsl #26
    GPIO9_DR = v | B_CLK;  spin<S>();
     4e0:	f044 7b00 	orr.w	fp, r4, #33554432	@ 0x2000000
    GPIO9_DR = v;
     4e4:	601c      	str	r4, [r3, #0]
    GPIO9_DR = v | B_CLK;  spin<S>();
     4e6:	f8c3 b000 	str.w	fp, [r3]
template <int S> struct Nop { static inline void go() { __asm__ volatile("nop"); Nop<S - 1>::go(); } };
     4ea:	bf00      	nop
     4ec:	bf00      	nop
     4ee:	bf00      	nop
     4f0:	bf00      	nop
     4f2:	bf00      	nop
     4f4:	bf00      	nop
     4f6:	bf00      	nop
     4f8:	bf00      	nop
    GPIO9_DR = v;          spin<S>();
     4fa:	601c      	str	r4, [r3, #0]
template <int S> struct Nop { static inline void go() { __asm__ volatile("nop"); Nop<S - 1>::go(); } };
     4fc:	bf00      	nop
     4fe:	bf00      	nop
     500:	bf00      	nop
     502:	bf00      	nop
     504:	bf00      	nop
     506:	bf00      	nop
     508:	bf00      	nop
     50a:	bf00      	nop
        for (uint32_t i = 0; i < n; i++) { put_nib<S>(b, s[i] >> 4); put_nib<S>(b, s[i] & 0xF); }
     50c:	f1bc 0f00 	cmp.w	ip, #0
     510:	d056      	beq.n	5c0 <void bwrite<8>(unsigned long, unsigned char const*, unsigned long)+0x2a4>
     512:	eb0c 0501 	add.w	r5, ip, r1
     516:	3901      	subs	r1, #1
     518:	1e6e      	subs	r6, r5, #1
     51a:	e007      	b.n	52c <void bwrite<8>(unsigned long, unsigned char const*, unsigned long)+0x210>
     51c:	20006e10 	.word	0x20006e10
     520:	4200c000 	.word	0x4200c000
     524:	20001d20 	.word	0x20001d20
     528:	20001d24 	.word	0x20001d24
     52c:	f811 4f01 	ldrb.w	r4, [r1, #1]!
    const uint32_t v = base | ((uint32_t)nib << DSHIFT);
     530:	0924      	lsrs	r4, r4, #4
     532:	ea42 6484 	orr.w	r4, r2, r4, lsl #26
    GPIO9_DR = v | B_CLK;  spin<S>();
     536:	f044 7700 	orr.w	r7, r4, #33554432	@ 0x2000000
    GPIO9_DR = v;
     53a:	601c      	str	r4, [r3, #0]
    GPIO9_DR = v | B_CLK;  spin<S>();
     53c:	601f      	str	r7, [r3, #0]
template <int S> struct Nop { static inline void go() { __asm__ volatile("nop"); Nop<S - 1>::go(); } };
     53e:	bf00      	nop
     540:	bf00      	nop
     542:	bf00      	nop
     544:	bf00      	nop
     546:	bf00      	nop
     548:	bf00      	nop
     54a:	bf00      	nop
     54c:	bf00      	nop
    GPIO9_DR = v;          spin<S>();
     54e:	601c      	str	r4, [r3, #0]
template <int S> struct Nop { static inline void go() { __asm__ volatile("nop"); Nop<S - 1>::go(); } };
     550:	bf00      	nop
     552:	bf00      	nop
     554:	bf00      	nop
     556:	bf00      	nop
     558:	bf00      	nop
     55a:	bf00      	nop
     55c:	bf00      	nop
     55e:	bf00      	nop
        for (uint32_t i = 0; i < n; i++) { put_nib<S>(b, s[i] >> 4); put_nib<S>(b, s[i] & 0xF); }
     560:	780c      	ldrb	r4, [r1, #0]
    const uint32_t v = base | ((uint32_t)nib << DSHIFT);
     562:	f004 040f 	and.w	r4, r4, #15
     566:	ea42 6484 	orr.w	r4, r2, r4, lsl #26
    GPIO9_DR = v | B_CLK;  spin<S>();
     56a:	f044 7700 	orr.w	r7, r4, #33554432	@ 0x2000000
    GPIO9_DR = v;
     56e:	601c      	str	r4, [r3, #0]
    GPIO9_DR = v | B_CLK;  spin<S>();
     570:	601f      	str	r7, [r3, #0]
template <int S> struct Nop { static inline void go() { __asm__ volatile("nop"); Nop<S - 1>::go(); } };
     572:	bf00      	nop
     574:	bf00      	nop
     576:	bf00      	nop
     578:	bf00      	nop
     57a:	bf00      	nop
     57c:	bf00      	nop
     57e:	bf00      	nop
     580:	bf00      	nop
    GPIO9_DR = v;          spin<S>();
     582:	601c      	str	r4, [r3, #0]
template <int S> struct Nop { static inline void go() { __asm__ volatile("nop"); Nop<S - 1>::go(); } };
     584:	bf00      	nop
     586:	bf00      	nop
     588:	bf00      	nop
     58a:	bf00      	nop
     58c:	bf00      	nop
     58e:	bf00      	nop
     590:	bf00      	nop
     592:	bf00      	nop
        for (uint32_t i = 0; i < n; i++) { put_nib<S>(b, s[i] >> 4); put_nib<S>(b, s[i] & 0xF); }
     594:	42b1      	cmp	r1, r6
     596:	d1c9      	bne.n	52c <void bwrite<8>(unsigned long, unsigned char const*, unsigned long)+0x210>
        GPIO9_DR = idle;
     598:	4a0d      	ldr	r2, [pc, #52]	@ (5d0 <void bwrite<8>(unsigned long, unsigned char const*, unsigned long)+0x2b4>)
    while (len) {
     59a:	ebbe 0e0c 	subs.w	lr, lr, ip
        GPIO9_DR = idle;
     59e:	6812      	ldr	r2, [r2, #0]
     5a0:	601a      	str	r2, [r3, #0]
    while (len) {
     5a2:	d011      	beq.n	5c8 <void bwrite<8>(unsigned long, unsigned char const*, unsigned long)+0x2ac>
        a += n; s += n; len -= n;
     5a4:	4460      	add	r0, ip
     5a6:	4629      	mov	r1, r5
     5a8:	0904      	lsrs	r4, r0, #4
     5aa:	ea4f 5910 	mov.w	r9, r0, lsr #20
     5ae:	9401      	str	r4, [sp, #4]
     5b0:	f000 040f 	and.w	r4, r0, #15
     5b4:	ea4f 4810 	mov.w	r8, r0, lsr #16
     5b8:	0b07      	lsrs	r7, r0, #12
     5ba:	9400      	str	r4, [sp, #0]
     5bc:	0a06      	lsrs	r6, r0, #8
     5be:	e6c4      	b.n	34a <void bwrite<8>(unsigned long, unsigned char const*, unsigned long)+0x2e>
        GPIO9_DR = idle;
     5c0:	4a03      	ldr	r2, [pc, #12]	@ (5d0 <void bwrite<8>(unsigned long, unsigned char const*, unsigned long)+0x2b4>)
     5c2:	6812      	ldr	r2, [r2, #0]
     5c4:	601a      	str	r2, [r3, #0]
    while (len) {
     5c6:	e6c0      	b.n	34a <void bwrite<8>(unsigned long, unsigned char const*, unsigned long)+0x2e>
}
     5c8:	b003      	add	sp, #12
     5ca:	e8bd 8ff0 	ldmia.w	sp!, {r4, r5, r6, r7, r8, r9, sl, fp, pc}
     5ce:	4770      	bx	lr
     5d0:	20006e10 	.word	0x20006e10

000005d4 <void bread<8>(unsigned long, unsigned char*, unsigned long)>:
    while (len) {
     5d4:	2a00      	cmp	r2, #0
     5d6:	f000 8175 	beq.w	8c4 <void bread<8>(unsigned long, unsigned char*, unsigned long)+0x2f0>
    return (idle | B_SS0 | B_SS1 | B_DEC) & ~g_csbit & ~B_CLK & ~B_DATA;
     5da:	4b8d      	ldr	r3, [pc, #564]	@ (810 <void bread<8>(unsigned long, unsigned char*, unsigned long)+0x23c>)
     5dc:	468c      	mov	ip, r1
template <int S> static void bread(uint32_t a, uint8_t *d, uint32_t len)
     5de:	e92d 4ff0 	stmdb	sp!, {r4, r5, r6, r7, r8, r9, sl, fp, lr}
     5e2:	4614      	mov	r4, r2
     5e4:	b083      	sub	sp, #12
    return (idle | B_SS0 | B_SS1 | B_DEC) & ~g_csbit & ~B_CLK & ~B_DATA;
     5e6:	681a      	ldr	r2, [r3, #0]
     5e8:	f000 030f 	and.w	r3, r0, #15
     5ec:	f8df a22c 	ldr.w	sl, [pc, #556]	@ 81c <void bread<8>(unsigned long, unsigned char*, unsigned long)+0x248>
     5f0:	ea4f 5910 	mov.w	r9, r0, lsr #20
     5f4:	9301      	str	r3, [sp, #4]
     5f6:	ea4f 4810 	mov.w	r8, r0, lsr #16
     5fa:	0b07      	lsrs	r7, r0, #12
static inline void bus_out(void) { GPIO9_GDIR |= (B_DATA | B_CLK | B_SS0 | B_SS1); }
     5fc:	4b85      	ldr	r3, [pc, #532]	@ (814 <void bread<8>(unsigned long, unsigned char*, unsigned long)+0x240>)
     5fe:	0a06      	lsrs	r6, r0, #8
     600:	0905      	lsrs	r5, r0, #4
     602:	6859      	ldr	r1, [r3, #4]
    return (idle | B_SS0 | B_SS1 | B_DEC) & ~g_csbit & ~B_CLK & ~B_DATA;
     604:	f8df b218 	ldr.w	fp, [pc, #536]	@ 820 <void bread<8>(unsigned long, unsigned char*, unsigned long)+0x24c>
static inline void bus_out(void) { GPIO9_GDIR |= (B_DATA | B_CLK | B_SS0 | B_SS1); }
     608:	f041 517d 	orr.w	r1, r1, #1061158912	@ 0x3f400000
    return (idle | B_SS0 | B_SS1 | B_DEC) & ~g_csbit & ~B_CLK & ~B_DATA;
     60c:	ea42 0b0b 	orr.w	fp, r2, fp
        const uint32_t n = (len > g_burst) ? g_burst : len;
     610:	4a81      	ldr	r2, [pc, #516]	@ (818 <void bread<8>(unsigned long, unsigned char*, unsigned long)+0x244>)
     612:	f8d2 e000 	ldr.w	lr, [r2]
static inline void bus_out(void) { GPIO9_GDIR |= (B_DATA | B_CLK | B_SS0 | B_SS1); }
     616:	6059      	str	r1, [r3, #4]
    return (idle | B_SS0 | B_SS1 | B_DEC) & ~g_csbit & ~B_CLK & ~B_DATA;
     618:	f8da 1000 	ldr.w	r1, [sl]
        const uint32_t n = (len > g_burst) ? g_burst : len;
     61c:	45a6      	cmp	lr, r4
    return (idle | B_SS0 | B_SS1 | B_DEC) & ~g_csbit & ~B_CLK & ~B_DATA;
     61e:	ea2b 0201 	bic.w	r2, fp, r1
        const uint32_t n = (len > g_burst) ? g_burst : len;
     622:	bf28      	it	cs
     624:	46a6      	movcs	lr, r4
    return (idle | B_SS0 | B_SS1 | B_DEC) & ~g_csbit & ~B_CLK & ~B_DATA;
     626:	f022 5278 	bic.w	r2, r2, #1040187392	@ 0x3e000000
    const uint32_t v = base | ((uint32_t)nib << DSHIFT);
     62a:	f042 5160 	orr.w	r1, r2, #939524096	@ 0x38000000
    GPIO9_DR = v | B_CLK;  spin<S>();
     62e:	f042 5b68 	orr.w	fp, r2, #973078528	@ 0x3a000000
        bus_out(); const uint32_t b = cbase(); GPIO9_DR = b;
     632:	601a      	str	r2, [r3, #0]
    GPIO9_DR = v;
     634:	6019      	str	r1, [r3, #0]
    GPIO9_DR = v | B_CLK;  spin<S>();
     636:	f8c3 b000 	str.w	fp, [r3]
template <int S> struct Nop { static inline void go() { __asm__ volatile("nop"); Nop<S - 1>::go(); } };
     63a:	bf00      	nop
     63c:	bf00      	nop
     63e:	bf00      	nop
     640:	bf00      	nop
     642:	bf00      	nop
     644:	bf00      	nop
     646:	bf00      	nop
     648:	bf00      	nop
    GPIO9_DR = v;          spin<S>();
     64a:	6019      	str	r1, [r3, #0]
template <int S> struct Nop { static inline void go() { __asm__ volatile("nop"); Nop<S - 1>::go(); } };
     64c:	bf00      	nop
     64e:	bf00      	nop
     650:	bf00      	nop
     652:	bf00      	nop
     654:	bf00      	nop
     656:	bf00      	nop
     658:	bf00      	nop
     65a:	bf00      	nop
    const uint32_t v = base | ((uint32_t)nib << DSHIFT);
     65c:	f042 5130 	orr.w	r1, r2, #738197504	@ 0x2c000000
    GPIO9_DR = v | B_CLK;  spin<S>();
     660:	f042 5b38 	orr.w	fp, r2, #771751936	@ 0x2e000000
    GPIO9_DR = v;
     664:	6019      	str	r1, [r3, #0]
    GPIO9_DR = v | B_CLK;  spin<S>();
     666:	f8c3 b000 	str.w	fp, [r3]
template <int S> struct Nop { static inline void go() { __asm__ volatile("nop"); Nop<S - 1>::go(); } };
     66a:	bf00      	nop
     66c:	bf00      	nop
     66e:	bf00      	nop
     670:	bf00      	nop
     672:	bf00      	nop
     674:	bf00      	nop
     676:	bf00      	nop
     678:	bf00      	nop
    GPIO9_DR = v;          spin<S>();
     67a:	6019      	str	r1, [r3, #0]
template <int S> struct Nop { static inline void go() { __asm__ volatile("nop"); Nop<S - 1>::go(); } };
     67c:	bf00      	nop
     67e:	bf00      	nop
     680:	bf00      	nop
     682:	bf00      	nop
     684:	bf00      	nop
     686:	bf00      	nop
     688:	bf00      	nop
     68a:	bf00      	nop
    const uint32_t v = base | ((uint32_t)nib << DSHIFT);
     68c:	f009 010f 	and.w	r1, r9, #15
     690:	ea42 6181 	orr.w	r1, r2, r1, lsl #26
    GPIO9_DR = v | B_CLK;  spin<S>();
     694:	f041 7b00 	orr.w	fp, r1, #33554432	@ 0x2000000
    GPIO9_DR = v;
     698:	6019      	str	r1, [r3, #0]
    GPIO9_DR = v | B_CLK;  spin<S>();
     69a:	f8c3 b000 	str.w	fp, [r3]
template <int S> struct Nop { static inline void go() { __asm__ volatile("nop"); Nop<S - 1>::go(); } };
     69e:	bf00      	nop
     6a0:	bf00      	nop
     6a2:	bf00      	nop
     6a4:	bf00      	nop
     6a6:	bf00      	nop
     6a8:	bf00      	nop
     6aa:	bf00      	nop
     6ac:	bf00      	nop
    GPIO9_DR = v;          spin<S>();
     6ae:	6019      	str	r1, [r3, #0]
template <int S> struct Nop { static inline void go() { __asm__ volatile("nop"); Nop<S - 1>::go(); } };
     6b0:	bf00      	nop
     6b2:	bf00      	nop
     6b4:	bf00      	nop
     6b6:	bf00      	nop
     6b8:	bf00      	nop
     6ba:	bf00      	nop
     6bc:	bf00      	nop
     6be:	bf00      	nop
    const uint32_t v = base | ((uint32_t)nib << DSHIFT);
     6c0:	f008 010f 	and.w	r1, r8, #15
     6c4:	ea42 6181 	orr.w	r1, r2, r1, lsl #26
    GPIO9_DR = v | B_CLK;  spin<S>();
     6c8:	f041 7b00 	orr.w	fp, r1, #33554432	@ 0x2000000
    GPIO9_DR = v;
     6cc:	6019      	str	r1, [r3, #0]
    GPIO9_DR = v | B_CLK;  spin<S>();
     6ce:	f8c3 b000 	str.w	fp, [r3]
template <int S> struct Nop { static inline void go() { __asm__ volatile("nop"); Nop<S - 1>::go(); } };
     6d2:	bf00      	nop
     6d4:	bf00      	nop
     6d6:	bf00      	nop
     6d8:	bf00      	nop
     6da:	bf00      	nop
     6dc:	bf00      	nop
     6de:	bf00      	nop
     6e0:	bf00      	nop
    GPIO9_DR = v;          spin<S>();
     6e2:	6019      	str	r1, [r3, #0]
template <int S> struct Nop { static inline void go() { __asm__ volatile("nop"); Nop<S - 1>::go(); } };
     6e4:	bf00      	nop
     6e6:	bf00      	nop
     6e8:	bf00      	nop
     6ea:	bf00      	nop
     6ec:	bf00      	nop
     6ee:	bf00      	nop
     6f0:	bf00      	nop
     6f2:	bf00      	nop
    const uint32_t v = base | ((uint32_t)nib << DSHIFT);
     6f4:	f007 010f 	and.w	r1, r7, #15
     6f8:	ea42 6181 	orr.w	r1, r2, r1, lsl #26
    GPIO9_DR = v | B_CLK;  spin<S>();
     6fc:	f041 7b00 	orr.w	fp, r1, #33554432	@ 0x2000000
    GPIO9_DR = v;
     700:	6019      	str	r1, [r3, #0]
    GPIO9_DR = v | B_CLK;  spin<S>();
     702:	f8c3 b000 	str.w	fp, [r3]
template <int S> struct Nop { static inline void go() { __asm__ volatile("nop"); Nop<S - 1>::go(); } };
     706:	bf00      	nop
     708:	bf00      	nop
     70a:	bf00      	nop
     70c:	bf00      	nop
     70e:	bf00      	nop
     710:	bf00      	nop
     712:	bf00      	nop
     714:	bf00      	nop
    GPIO9_DR = v;          spin<S>();
     716:	6019      	str	r1, [r3, #0]
template <int S> struct Nop { static inline void go() { __asm__ volatile("nop"); Nop<S - 1>::go(); } };
     718:	bf00      	nop
     71a:	bf00      	nop
     71c:	bf00      	nop
     71e:	bf00      	nop
     720:	bf00      	nop
     722:	bf00      	nop
     724:	bf00      	nop
     726:	bf00      	nop
    const uint32_t v = base | ((uint32_t)nib << DSHIFT);
     728:	f006 010f 	and.w	r1, r6, #15
     72c:	ea42 6181 	orr.w	r1, r2, r1, lsl #26
    GPIO9_DR = v | B_CLK;  spin<S>();
     730:	f041 7b00 	orr.w	fp, r1, #33554432	@ 0x2000000
    GPIO9_DR = v;
     734:	6019      	str	r1, [r3, #0]
    GPIO9_DR = v | B_CLK;  spin<S>();
     736:	f8c3 b000 	str.w	fp, [r3]
template <int S> struct Nop { static inline void go() { __asm__ volatile("nop"); Nop<S - 1>::go(); } };
     73a:	bf00      	nop
     73c:	bf00      	nop
     73e:	bf00      	nop
     740:	bf00      	nop
     742:	bf00      	nop
     744:	bf00      	nop
     746:	bf00      	nop
     748:	bf00      	nop
    GPIO9_DR = v;          spin<S>();
     74a:	6019      	str	r1, [r3, #0]
template <int S> struct Nop { static inline void go() { __asm__ volatile("nop"); Nop<S - 1>::go(); } };
     74c:	bf00      	nop
     74e:	bf00      	nop
     750:	bf00      	nop
     752:	bf00      	nop
     754:	bf00      	nop
     756:	bf00      	nop
     758:	bf00      	nop
     75a:	bf00      	nop
    const uint32_t v = base | ((uint32_t)nib << DSHIFT);
     75c:	f005 010f 	and.w	r1, r5, #15
     760:	ea42 6181 	orr.w	r1, r2, r1, lsl #26
    GPIO9_DR = v | B_CLK;  spin<S>();
     764:	f041 7b00 	orr.w	fp, r1, #33554432	@ 0x2000000
    GPIO9_DR = v;
     768:	6019      	str	r1, [r3, #0]
    GPIO9_DR = v | B_CLK;  spin<S>();
     76a:	f8c3 b000 	str.w	fp, [r3]
template <int S> struct Nop { static inline void go() { __asm__ volatile("nop"); Nop<S - 1>::go(); } };
     76e:	bf00      	nop
     770:	bf00      	nop
     772:	bf00      	nop
     774:	bf00      	nop
     776:	bf00      	nop
     778:	bf00      	nop
     77a:	bf00      	nop
     77c:	bf00      	nop
    GPIO9_DR = v;          spin<S>();
     77e:	6019      	str	r1, [r3, #0]
template <int S> struct Nop { static inline void go() { __asm__ volatile("nop"); Nop<S - 1>::go(); } };
     780:	bf00      	nop
     782:	bf00      	nop
     784:	bf00      	nop
     786:	bf00      	nop
     788:	bf00      	nop
     78a:	bf00      	nop
     78c:	bf00      	nop
     78e:	bf00      	nop
    const uint32_t v = base | ((uint32_t)nib << DSHIFT);
     790:	9901      	ldr	r1, [sp, #4]
     792:	ea42 6181 	orr.w	r1, r2, r1, lsl #26
    GPIO9_DR = v | B_CLK;  spin<S>();
     796:	f041 7b00 	orr.w	fp, r1, #33554432	@ 0x2000000
    GPIO9_DR = v;
     79a:	6019      	str	r1, [r3, #0]
    GPIO9_DR = v | B_CLK;  spin<S>();
     79c:	f8c3 b000 	str.w	fp, [r3]
template <int S> struct Nop { static inline void go() { __asm__ volatile("nop"); Nop<S - 1>::go(); } };
     7a0:	bf00      	nop
     7a2:	bf00      	nop
     7a4:	bf00      	nop
     7a6:	bf00      	nop
     7a8:	bf00      	nop
     7aa:	bf00      	nop
     7ac:	bf00      	nop
     7ae:	bf00      	nop
    GPIO9_DR = v;          spin<S>();
     7b0:	6019      	str	r1, [r3, #0]
template <int S> struct Nop { static inline void go() { __asm__ volatile("nop"); Nop<S - 1>::go(); } };
     7b2:	bf00      	nop
     7b4:	bf00      	nop
     7b6:	bf00      	nop
     7b8:	bf00      	nop
     7ba:	bf00      	nop
     7bc:	bf00      	nop
     7be:	bf00      	nop
     7c0:	bf00      	nop
static inline void data_in(void) { GPIO9_GDIR &= ~B_DATA; }
     7c2:	6859      	ldr	r1, [r3, #4]
        for (int k = 0; k < 6; k++) { GPIO9_DR = b | B_CLK; spin<S>(); GPIO9_DR = b; spin<S>(); }
     7c4:	f04f 0b06 	mov.w	fp, #6
static inline void data_in(void) { GPIO9_GDIR &= ~B_DATA; }
     7c8:	f021 5170 	bic.w	r1, r1, #1006632960	@ 0x3c000000
     7cc:	6059      	str	r1, [r3, #4]
        for (int k = 0; k < 6; k++) { GPIO9_DR = b | B_CLK; spin<S>(); GPIO9_DR = b; spin<S>(); }
     7ce:	f042 7100 	orr.w	r1, r2, #33554432	@ 0x2000000
     7d2:	6019      	str	r1, [r3, #0]
template <int S> struct Nop { static inline void go() { __asm__ volatile("nop"); Nop<S - 1>::go(); } };
     7d4:	bf00      	nop
     7d6:	bf00      	nop
     7d8:	bf00      	nop
     7da:	bf00      	nop
     7dc:	bf00      	nop
     7de:	bf00      	nop
     7e0:	bf00      	nop
     7e2:	bf00      	nop
        for (int k = 0; k < 6; k++) { GPIO9_DR = b | B_CLK; spin<S>(); GPIO9_DR = b; spin<S>(); }
     7e4:	601a      	str	r2, [r3, #0]
template <int S> struct Nop { static inline void go() { __asm__ volatile("nop"); Nop<S - 1>::go(); } };
     7e6:	bf00      	nop
     7e8:	bf00      	nop
     7ea:	bf00      	nop
     7ec:	bf00      	nop
     7ee:	bf00      	nop
     7f0:	bf00      	nop
     7f2:	bf00      	nop
     7f4:	bf00      	nop
        for (int k = 0; k < 6; k++) { GPIO9_DR = b | B_CLK; spin<S>(); GPIO9_DR = b; spin<S>(); }
     7f6:	f1bb 0b01 	subs.w	fp, fp, #1
     7fa:	d1ea      	bne.n	7d2 <void bread<8>(unsigned long, unsigned char*, unsigned long)+0x1fe>
        for (uint32_t i = 0; i < n; i++) {
     7fc:	f1be 0f00 	cmp.w	lr, #0
     800:	d055      	beq.n	8ae <void bread<8>(unsigned long, unsigned char*, unsigned long)+0x2da>
     802:	f10c 37ff 	add.w	r7, ip, #4294967295
     806:	44f4      	add	ip, lr
     808:	f10c 38ff 	add.w	r8, ip, #4294967295
     80c:	e00a      	b.n	824 <void bread<8>(unsigned long, unsigned char*, unsigned long)+0x250>
     80e:	bf00      	nop
     810:	20006e10 	.word	0x20006e10
     814:	4200c000 	.word	0x4200c000
     818:	20001d20 	.word	0x20001d20
     81c:	20001d24 	.word	0x20001d24
     820:	01400100 	.word	0x01400100
    GPIO9_DR = base | B_CLK;  spin<S>();
     824:	6019      	str	r1, [r3, #0]
template <int S> struct Nop { static inline void go() { __asm__ volatile("nop"); Nop<S - 1>::go(); } };
     826:	bf00      	nop
     828:	bf00      	nop
     82a:	bf00      	nop
     82c:	bf00      	nop
     82e:	bf00      	nop
     830:	bf00      	nop
     832:	bf00      	nop
     834:	bf00      	nop
    const uint8_t n = (uint8_t)((GPIO9_PSR >> DSHIFT) & 0xF);
     836:	689e      	ldr	r6, [r3, #8]
    GPIO9_DR = base;          spin<S>();
     838:	601a      	str	r2, [r3, #0]
template <int S> struct Nop { static inline void go() { __asm__ volatile("nop"); Nop<S - 1>::go(); } };
     83a:	bf00      	nop
     83c:	bf00      	nop
     83e:	bf00      	nop
     840:	bf00      	nop
     842:	bf00      	nop
     844:	bf00      	nop
     846:	bf00      	nop
     848:	bf00      	nop
    GPIO9_DR = base | B_CLK;  spin<S>();
     84a:	6019      	str	r1, [r3, #0]
template <int S> struct Nop { static inline void go() { __asm__ volatile("nop"); Nop<S - 1>::go(); } };
     84c:	bf00      	nop
     84e:	bf00      	nop
     850:	bf00      	nop
     852:	bf00      	nop
     854:	bf00      	nop
     856:	bf00      	nop
     858:	bf00      	nop
     85a:	bf00      	nop
    const uint8_t n = (uint8_t)((GPIO9_PSR >> DSHIFT) & 0xF);
     85c:	689d      	ldr	r5, [r3, #8]
    GPIO9_DR = base;          spin<S>();
     85e:	601a      	str	r2, [r3, #0]
template <int S> struct Nop { static inline void go() { __asm__ volatile("nop"); Nop<S - 1>::go(); } };
     860:	bf00      	nop
     862:	bf00      	nop
     864:	bf00      	nop
     866:	bf00      	nop
     868:	bf00      	nop
     86a:	bf00      	nop
     86c:	bf00      	nop
     86e:	bf00      	nop
    const uint8_t n = (uint8_t)((GPIO9_PSR >> DSHIFT) & 0xF);
     870:	0eb6      	lsrs	r6, r6, #26
     872:	f3c5 6583 	ubfx	r5, r5, #26, #4
            d[i] = (uint8_t)((hi << 4) | get_nib<S>(b));
     876:	ea45 1506 	orr.w	r5, r5, r6, lsl #4
     87a:	f807 5f01 	strb.w	r5, [r7, #1]!
        for (uint32_t i = 0; i < n; i++) {
     87e:	4547      	cmp	r7, r8
     880:	d1d0      	bne.n	824 <void bread<8>(unsigned long, unsigned char*, unsigned long)+0x250>
        GPIO9_DR = idle; bus_out();
     882:	4a11      	ldr	r2, [pc, #68]	@ (8c8 <void bread<8>(unsigned long, unsigned char*, unsigned long)+0x2f4>)
    while (len) {
     884:	ebb4 040e 	subs.w	r4, r4, lr
        GPIO9_DR = idle; bus_out();
     888:	6812      	ldr	r2, [r2, #0]
     88a:	601a      	str	r2, [r3, #0]
static inline void bus_out(void) { GPIO9_GDIR |= (B_DATA | B_CLK | B_SS0 | B_SS1); }
     88c:	6859      	ldr	r1, [r3, #4]
     88e:	f041 517d 	orr.w	r1, r1, #1061158912	@ 0x3f400000
     892:	6059      	str	r1, [r3, #4]
    while (len) {
     894:	d013      	beq.n	8be <void bread<8>(unsigned long, unsigned char*, unsigned long)+0x2ea>
        a += n; d += n; len -= n;
     896:	4470      	add	r0, lr
     898:	f000 010f 	and.w	r1, r0, #15
     89c:	ea4f 5910 	mov.w	r9, r0, lsr #20
     8a0:	ea4f 4810 	mov.w	r8, r0, lsr #16
     8a4:	0b07      	lsrs	r7, r0, #12
     8a6:	9101      	str	r1, [sp, #4]
     8a8:	0a06      	lsrs	r6, r0, #8
     8aa:	0905      	lsrs	r5, r0, #4
     8ac:	e6a9      	b.n	602 <void bread<8>(unsigned long, unsigned char*, unsigned long)+0x2e>
        GPIO9_DR = idle; bus_out();
     8ae:	4a06      	ldr	r2, [pc, #24]	@ (8c8 <void bread<8>(unsigned long, unsigned char*, unsigned long)+0x2f4>)
     8b0:	6812      	ldr	r2, [r2, #0]
     8b2:	601a      	str	r2, [r3, #0]
static inline void bus_out(void) { GPIO9_GDIR |= (B_DATA | B_CLK | B_SS0 | B_SS1); }
     8b4:	6859      	ldr	r1, [r3, #4]
     8b6:	f041 517d 	orr.w	r1, r1, #1061158912	@ 0x3f400000
     8ba:	6059      	str	r1, [r3, #4]
    while (len) {
     8bc:	e6a1      	b.n	602 <void bread<8>(unsigned long, unsigned char*, unsigned long)+0x2e>
}
     8be:	b003      	add	sp, #12
     8c0:	e8bd 8ff0 	ldmia.w	sp!, {r4, r5, r6, r7, r8, r9, sl, fp, pc}
     8c4:	4770      	bx	lr
     8c6:	bf00      	nop
     8c8:	20006e10 	.word	0x20006e10

000008cc <void bwrite<4>(unsigned long, unsigned char const*, unsigned long)>:
    while (len) {
     8cc:	2a00      	cmp	r2, #0
     8ce:	f000 80fd 	beq.w	acc <void bwrite<4>(unsigned long, unsigned char const*, unsigned long)+0x200>
    return (idle | B_SS0 | B_SS1 | B_DEC) & ~g_csbit & ~B_CLK & ~B_DATA;
     8d2:	4b7f      	ldr	r3, [pc, #508]	@ (ad0 <void bwrite<4>(unsigned long, unsigned char const*, unsigned long)+0x204>)
template <int S> static void bwrite(uint32_t a, const uint8_t *s, uint32_t len)
     8d4:	e92d 4ff0 	stmdb	sp!, {r4, r5, r6, r7, r8, r9, sl, fp, lr}
     8d8:	4696      	mov	lr, r2
     8da:	b083      	sub	sp, #12
    return (idle | B_SS0 | B_SS1 | B_DEC) & ~g_csbit & ~B_CLK & ~B_DATA;
     8dc:	681a      	ldr	r2, [r3, #0]
     8de:	f000 030f 	and.w	r3, r0, #15
     8e2:	0905      	lsrs	r5, r0, #4
     8e4:	f8df a1f4 	ldr.w	sl, [pc, #500]	@ adc <void bwrite<4>(unsigned long, unsigned char const*, unsigned long)+0x210>
     8e8:	9300      	str	r3, [sp, #0]
     8ea:	ea4f 5910 	mov.w	r9, r0, lsr #20
     8ee:	ea4f 4810 	mov.w	r8, r0, lsr #16
static inline void bus_out(void) { GPIO9_GDIR |= (B_DATA | B_CLK | B_SS0 | B_SS1); }
     8f2:	4b78      	ldr	r3, [pc, #480]	@ (ad4 <void bwrite<4>(unsigned long, unsigned char const*, unsigned long)+0x208>)
     8f4:	0b07      	lsrs	r7, r0, #12
    return (idle | B_SS0 | B_SS1 | B_DEC) & ~g_csbit & ~B_CLK & ~B_DATA;
     8f6:	9501      	str	r5, [sp, #4]
     8f8:	0a06      	lsrs	r6, r0, #8
static inline void bus_out(void) { GPIO9_GDIR |= (B_DATA | B_CLK | B_SS0 | B_SS1); }
     8fa:	685c      	ldr	r4, [r3, #4]
    return (idle | B_SS0 | B_SS1 | B_DEC) & ~g_csbit & ~B_CLK & ~B_DATA;
     8fc:	f042 2201 	orr.w	r2, r2, #16777472	@ 0x1000100
        const uint32_t n = (len > g_burst) ? g_burst : len;
     900:	4d75      	ldr	r5, [pc, #468]	@ (ad8 <void bwrite<4>(unsigned long, unsigned char const*, unsigned long)+0x20c>)
static inline void bus_out(void) { GPIO9_GDIR |= (B_DATA | B_CLK | B_SS0 | B_SS1); }
     902:	f044 547d 	orr.w	r4, r4, #1061158912	@ 0x3f400000
    return (idle | B_SS0 | B_SS1 | B_DEC) & ~g_csbit & ~B_CLK & ~B_DATA;
     906:	f442 0280 	orr.w	r2, r2, #4194304	@ 0x400000
        const uint32_t n = (len > g_burst) ? g_burst : len;
     90a:	f8d5 c000 	ldr.w	ip, [r5]
static inline void bus_out(void) { GPIO9_GDIR |= (B_DATA | B_CLK | B_SS0 | B_SS1); }
     90e:	605c      	str	r4, [r3, #4]
    return (idle | B_SS0 | B_SS1 | B_DEC) & ~g_csbit & ~B_CLK & ~B_DATA;
     910:	f8da 4000 	ldr.w	r4, [sl]
        const uint32_t n = (len > g_burst) ? g_burst : len;
     914:	45f4      	cmp	ip, lr
    return (idle | B_SS0 | B_SS1 | B_DEC) & ~g_csbit & ~B_CLK & ~B_DATA;
     916:	ea22 0204 	bic.w	r2, r2, r4
        const uint32_t n = (len > g_burst) ? g_burst : len;
     91a:	bf28      	it	cs
     91c:	46f4      	movcs	ip, lr
    return (idle | B_SS0 | B_SS1 | B_DEC) & ~g_csbit & ~B_CLK & ~B_DATA;
     91e:	f022 5278 	bic.w	r2, r2, #1040187392	@ 0x3e000000
    const uint32_t v = base | ((uint32_t)nib << DSHIFT);
     922:	f042 6440 	orr.w	r4, r2, #201326592	@ 0xc000000
    GPIO9_DR = v | B_CLK;  spin<S>();
     926:	f042 6b60 	orr.w	fp, r2, #234881024	@ 0xe000000
        bus_out(); const uint32_t b = cbase(); GPIO9_DR = b;
     92a:	601a      	str	r2, [r3, #0]
    GPIO9_DR = v;
     92c:	601c      	str	r4, [r3, #0]
    GPIO9_DR = v | B_CLK;  spin<S>();
     92e:	f8c3 b000 	str.w	fp, [r3]
template <int S> struct Nop { static inline void go() { __asm__ volatile("nop"); Nop<S - 1>::go(); } };
     932:	bf00      	nop
     934:	bf00      	nop
     936:	bf00      	nop
     938:	bf00      	nop
    GPIO9_DR = v;          spin<S>();
     93a:	601c      	str	r4, [r3, #0]
template <int S> struct Nop { static inline void go() { __asm__ volatile("nop"); Nop<S - 1>::go(); } };
     93c:	bf00      	nop
     93e:	bf00      	nop
     940:	bf00      	nop
     942:	bf00      	nop
    const uint32_t v = base | ((uint32_t)nib << DSHIFT);
     944:	f042 5400 	orr.w	r4, r2, #536870912	@ 0x20000000
    GPIO9_DR = v | B_CLK;  spin<S>();
     948:	f042 5b08 	orr.w	fp, r2, #570425344	@ 0x22000000
    GPIO9_DR = v;
     94c:	601c      	str	r4, [r3, #0]
    GPIO9_DR = v | B_CLK;  spin<S>();
     94e:	f8c3 b000 	str.w	fp, [r3]
template <int S> struct Nop { static inline void go() { __asm__ volatile("nop"); Nop<S - 1>::go(); } };
     952:	bf00      	nop
     954:	bf00      	nop
     956:	bf00      	nop
     958:	bf00      	nop
    GPIO9_DR = v;          spin<S>();
     95a:	601c      	str	r4, [r3, #0]
template <int S> struct Nop { static inline void go() { __asm__ volatile("nop"); Nop<S - 1>::go(); } };
     95c:	bf00      	nop
     95e:	bf00      	nop
     960:	bf00      	nop
     962:	bf00      	nop
    const uint32_t v = base | ((uint32_t)nib << DSHIFT);
     964:	f009 040f 	and.w	r4, r9, #15
     968:	ea42 6484 	orr.w	r4, r2, r4, lsl #26
    GPIO9_DR = v | B_CLK;  spin<S>();
     96c:	f044 7b00 	orr.w	fp, r4, #33554432	@ 0x2000000
    GPIO9_DR = v;
     970:	601c      	str	r4, [r3, #0]
    GPIO9_DR = v | B_CLK;  spin<S>();
     972:	f8c3 b000 	str.w	fp, [r3]
template <int S> struct Nop { static inline void go() { __asm__ volatile("nop"); Nop<S - 1>::go(); } };
     976:	bf00      	nop
     978:	bf00      	nop
     97a:	bf00      	nop
     97c:	bf00      	nop
    GPIO9_DR = v;          spin<S>();
     97e:	601c      	str	r4, [r3, #0]
template <int S> struct Nop { static inline void go() { __asm__ volatile("nop"); Nop<S - 1>::go(); } };
     980:	bf00      	nop
     982:	bf00      	nop
     984:	bf00      	nop
     986:	bf00      	nop
    const uint32_t v = base | ((uint32_t)nib << DSHIFT);
     988:	f008 040f 	and.w	r4, r8, #15
     98c:	ea42 6484 	orr.w	r4, r2, r4, lsl #26
    GPIO9_DR = v | B_CLK;  spin<S>();
     990:	f044 7b00 	orr.w	fp, r4, #33554432	@ 0x2000000
    GPIO9_DR = v;
     994:	601c      	str	r4, [r3, #0]
    GPIO9_DR = v | B_CLK;  spin<S>();
     996:	f8c3 b000 	str.w	fp, [r3]
template <int S> struct Nop { static inline void go() { __asm__ volatile("nop"); Nop<S - 1>::go(); } };
     99a:	bf00      	nop
     99c:	bf00      	nop
     99e:	bf00      	nop
     9a0:	bf00      	nop
    GPIO9_DR = v;          spin<S>();
     9a2:	601c      	str	r4, [r3, #0]
template <int S> struct Nop { static inline void go() { __asm__ volatile("nop"); Nop<S - 1>::go(); } };
     9a4:	bf00      	nop
     9a6:	bf00      	nop
     9a8:	bf00      	nop
     9aa:	bf00      	nop
    const uint32_t v = base | ((uint32_t)nib << DSHIFT);
     9ac:	f007 040f 	and.w	r4, r7, #15
     9b0:	ea42 6484 	orr.w	r4, r2, r4, lsl #26
    GPIO9_DR = v | B_CLK;  spin<S>();
     9b4:	f044 7b00 	orr.w	fp, r4, #33554432	@ 0x2000000
    GPIO9_DR = v;
     9b8:	601c      	str	r4, [r3, #0]
    GPIO9_DR = v | B_CLK;  spin<S>();
     9ba:	f8c3 b000 	str.w	fp, [r3]
template <int S> struct Nop { static inline void go() { __asm__ volatile("nop"); Nop<S - 1>::go(); } };
     9be:	bf00      	nop
     9c0:	bf00      	nop
     9c2:	bf00      	nop
     9c4:	bf00      	nop
    GPIO9_DR = v;          spin<S>();
     9c6:	601c      	str	r4, [r3, #0]
template <int S> struct Nop { static inline void go() { __asm__ volatile("nop"); Nop<S - 1>::go(); } };
     9c8:	bf00      	nop
     9ca:	bf00      	nop
     9cc:	bf00      	nop
     9ce:	bf00      	nop
    const uint32_t v = base | ((uint32_t)nib << DSHIFT);
     9d0:	f006 040f 	and.w	r4, r6, #15
     9d4:	ea42 6484 	orr.w	r4, r2, r4, lsl #26
    GPIO9_DR = v | B_CLK;  spin<S>();
     9d8:	f044 7b00 	orr.w	fp, r4, #33554432	@ 0x2000000
    GPIO9_DR = v;
     9dc:	601c      	str	r4, [r3, #0]
    GPIO9_DR = v | B_CLK;  spin<S>();
     9de:	f8c3 b000 	str.w	fp, [r3]
template <int S> struct Nop { static inline void go() { __asm__ volatile("nop"); Nop<S - 1>::go(); } };
     9e2:	bf00      	nop
     9e4:	bf00      	nop
     9e6:	bf00      	nop
     9e8:	bf00      	nop
    GPIO9_DR = v;          spin<S>();
     9ea:	601c      	str	r4, [r3, #0]
template <int S> struct Nop { static inline void go() { __asm__ volatile("nop"); Nop<S - 1>::go(); } };
     9ec:	bf00      	nop
     9ee:	bf00      	nop
     9f0:	bf00      	nop
     9f2:	bf00      	nop
    const uint32_t v = base | ((uint32_t)nib << DSHIFT);
     9f4:	9c01      	ldr	r4, [sp, #4]
     9f6:	f004 040f 	and.w	r4, r4, #15
     9fa:	ea42 6484 	orr.w	r4, r2, r4, lsl #26
    GPIO9_DR = v | B_CLK;  spin<S>();
     9fe:	f044 7b00 	orr.w	fp, r4, #33554432	@ 0x2000000
    GPIO9_DR = v;
     a02:	601c      	str	r4, [r3, #0]
    GPIO9_DR = v | B_CLK;  spin<S>();
     a04:	f8c3 b000 	str.w	fp, [r3]
template <int S> struct Nop { static inline void go() { __asm__ volatile("nop"); Nop<S - 1>::go(); } };
     a08:	bf00      	nop
     a0a:	bf00      	nop
     a0c:	bf00      	nop
     a0e:	bf00      	nop
    GPIO9_DR = v;          spin<S>();
     a10:	601c      	str	r4, [r3, #0]
template <int S> struct Nop { static inline void go() { __asm__ volatile("nop"); Nop<S - 1>::go(); } };
     a12:	bf00      	nop
     a14:	bf00      	nop
     a16:	bf00      	nop
     a18:	bf00      	nop
    const uint32_t v = base | ((uint32_t)nib << DSHIFT);
     a1a:	9c00      	ldr	r4, [sp, #0]
     a1c:	ea42 6484 	orr.w	r4, r2, r4, lsl #26
    GPIO9_DR = v | B_CLK;  spin<S>();
     a20:	f044 7b00 	orr.w	fp, r4, #33554432	@ 0x2000000
    GPIO9_DR = v;
     a24:	601c      	str	r4, [r3, #0]
    GPIO9_DR = v | B_CLK;  spin<S>();
     a26:	f8c3 b000 	str.w	fp, [r3]
template <int S> struct Nop { static inline void go() { __asm__ volatile("nop"); Nop<S - 1>::go(); } };
     a2a:	bf00      	nop
     a2c:	bf00      	nop
     a2e:	bf00      	nop
     a30:	bf00      	nop
    GPIO9_DR = v;          spin<S>();
     a32:	601c      	str	r4, [r3, #0]
template <int S> struct Nop { static inline void go() { __asm__ volatile("nop"); Nop<S - 1>::go(); } };
     a34:	bf00      	nop
     a36:	bf00      	nop
     a38:	bf00      	nop
     a3a:	bf00      	nop
        for (uint32_t i = 0; i < n; i++) { put_nib<S>(b, s[i] >> 4); put_nib<S>(b, s[i] & 0xF); }
     a3c:	f1bc 0f00 	cmp.w	ip, #0
     a40:	d03d      	beq.n	abe <void bwrite<4>(unsigned long, unsigned char const*, unsigned long)+0x1f2>
     a42:	eb0c 0501 	add.w	r5, ip, r1
     a46:	3901      	subs	r1, #1
     a48:	1e6e      	subs	r6, r5, #1
     a4a:	f811 4f01 	ldrb.w	r4, [r1, #1]!
    const uint32_t v = base | ((uint32_t)nib << DSHIFT);
     a4e:	0924      	lsrs	r4, r4, #4
     a50:	ea42 6484 	orr.w	r4, r2, r4, lsl #26
    GPIO9_DR = v | B_CLK;  spin<S>();
     a54:	f044 7700 	orr.w	r7, r4, #33554432	@ 0x2000000
    GPIO9_DR = v;
     a58:	601c      	str	r4, [r3, #0]
    GPIO9_DR = v | B_CLK;  spin<S>();
     a5a:	601f      	str	r7, [r3, #0]
template <int S> struct Nop { static inline void go() { __asm__ volatile("nop"); Nop<S - 1>::go(); } };
     a5c:	bf00      	nop
     a5e:	bf00      	nop
     a60:	bf00      	nop
     a62:	bf00      	nop
    GPIO9_DR = v;          spin<S>();
     a64:	601c      	str	r4, [r3, #0]
template <int S> struct Nop { static inline void go() { __asm__ volatile("nop"); Nop<S - 1>::go(); } };
     a66:	bf00      	nop
     a68:	bf00      	nop
     a6a:	bf00      	nop
     a6c:	bf00      	nop
        for (uint32_t i = 0; i < n; i++) { put_nib<S>(b, s[i] >> 4); put_nib<S>(b, s[i] & 0xF); }
     a6e:	780c      	ldrb	r4, [r1, #0]
    const uint32_t v = base | ((uint32_t)nib << DSHIFT);
     a70:	f004 040f 	and.w	r4, r4, #15
     a74:	ea42 6484 	orr.w	r4, r2, r4, lsl #26
    GPIO9_DR = v | B_CLK;  spin<S>();
     a78:	f044 7700 	orr.w	r7, r4, #33554432	@ 0x2000000
    GPIO9_DR = v;
     a7c:	601c      	str	r4, [r3, #0]
    GPIO9_DR = v | B_CLK;  spin<S>();
     a7e:	601f      	str	r7, [r3, #0]
template <int S> struct Nop { static inline void go() { __asm__ volatile("nop"); Nop<S - 1>::go(); } };
     a80:	bf00      	nop
     a82:	bf00      	nop
     a84:	bf00      	nop
     a86:	bf00      	nop
    GPIO9_DR = v;          spin<S>();
     a88:	601c      	str	r4, [r3, #0]
template <int S> struct Nop { static inline void go() { __asm__ volatile("nop"); Nop<S - 1>::go(); } };
     a8a:	bf00      	nop
     a8c:	bf00      	nop
     a8e:	bf00      	nop
     a90:	bf00      	nop
        for (uint32_t i = 0; i < n; i++) { put_nib<S>(b, s[i] >> 4); put_nib<S>(b, s[i] & 0xF); }
     a92:	42b1      	cmp	r1, r6
     a94:	d1d9      	bne.n	a4a <void bwrite<4>(unsigned long, unsigned char const*, unsigned long)+0x17e>
        GPIO9_DR = idle;
     a96:	4a0e      	ldr	r2, [pc, #56]	@ (ad0 <void bwrite<4>(unsigned long, unsigned char const*, unsigned long)+0x204>)
    while (len) {
     a98:	ebbe 0e0c 	subs.w	lr, lr, ip
        GPIO9_DR = idle;
     a9c:	6812      	ldr	r2, [r2, #0]
     a9e:	601a      	str	r2, [r3, #0]
    while (len) {
     aa0:	d011      	beq.n	ac6 <void bwrite<4>(unsigned long, unsigned char const*, unsigned long)+0x1fa>
        a += n; s += n; len -= n;
     aa2:	4460      	add	r0, ip
     aa4:	4629      	mov	r1, r5
     aa6:	0904      	lsrs	r4, r0, #4
     aa8:	ea4f 5910 	mov.w	r9, r0, lsr #20
     aac:	9401      	str	r4, [sp, #4]
     aae:	f000 040f 	and.w	r4, r0, #15
     ab2:	ea4f 4810 	mov.w	r8, r0, lsr #16
     ab6:	0b07      	lsrs	r7, r0, #12
     ab8:	9400      	str	r4, [sp, #0]
     aba:	0a06      	lsrs	r6, r0, #8
     abc:	e71d      	b.n	8fa <void bwrite<4>(unsigned long, unsigned char const*, unsigned long)+0x2e>
        GPIO9_DR = idle;
     abe:	4a04      	ldr	r2, [pc, #16]	@ (ad0 <void bwrite<4>(unsigned long, unsigned char const*, unsigned long)+0x204>)
     ac0:	6812      	ldr	r2, [r2, #0]
     ac2:	601a      	str	r2, [r3, #0]
    while (len) {
     ac4:	e719      	b.n	8fa <void bwrite<4>(unsigned long, unsigned char const*, unsigned long)+0x2e>
}
     ac6:	b003      	add	sp, #12
     ac8:	e8bd 8ff0 	ldmia.w	sp!, {r4, r5, r6, r7, r8, r9, sl, fp, pc}
     acc:	4770      	bx	lr
     ace:	bf00      	nop
     ad0:	20006e10 	.word	0x20006e10
     ad4:	4200c000 	.word	0x4200c000
     ad8:	20001d20 	.word	0x20001d20
     adc:	20001d24 	.word	0x20001d24

00000ae0 <void bread<4>(unsigned long, unsigned char*, unsigned long)>:
    while (len) {
     ae0:	2a00      	cmp	r2, #0
     ae2:	f000 8111 	beq.w	d08 <void bread<4>(unsigned long, unsigned char*, unsigned long)+0x228>
    return (idle | B_SS0 | B_SS1 | B_DEC) & ~g_csbit & ~B_CLK & ~B_DATA;
     ae6:	4b89      	ldr	r3, [pc, #548]	@ (d0c <void bread<4>(unsigned long, unsigned char*, unsigned long)+0x22c>)
     ae8:	468c      	mov	ip, r1
template <int S> static void bread(uint32_t a, uint8_t *d, uint32_t len)
     aea:	e92d 4ff0 	stmdb	sp!, {r4, r5, r6, r7, r8, r9, sl, fp, lr}
     aee:	4614      	mov	r4, r2
     af0:	b083      	sub	sp, #12
    return (idle | B_SS0 | B_SS1 | B_DEC) & ~g_csbit & ~B_CLK & ~B_DATA;
     af2:	681a      	ldr	r2, [r3, #0]
     af4:	f000 030f 	and.w	r3, r0, #15
     af8:	f8df a21c 	ldr.w	sl, [pc, #540]	@ d18 <void bread<4>(unsigned long, unsigned char*, unsigned long)+0x238>
     afc:	ea4f 5910 	mov.w	r9, r0, lsr #20
     b00:	9301      	str	r3, [sp, #4]
     b02:	ea4f 4810 	mov.w	r8, r0, lsr #16
     b06:	0b07      	lsrs	r7, r0, #12
static inline void bus_out(void) { GPIO9_GDIR |= (B_DATA | B_CLK | B_SS0 | B_SS1); }
     b08:	4b81      	ldr	r3, [pc, #516]	@ (d10 <void bread<4>(unsigned long, unsigned char*, unsigned long)+0x230>)
     b0a:	0a06      	lsrs	r6, r0, #8
     b0c:	0905      	lsrs	r5, r0, #4
     b0e:	6859      	ldr	r1, [r3, #4]
    return (idle | B_SS0 | B_SS1 | B_DEC) & ~g_csbit & ~B_CLK & ~B_DATA;
     b10:	f8df b208 	ldr.w	fp, [pc, #520]	@ d1c <void bread<4>(unsigned long, unsigned char*, unsigned long)+0x23c>
static inline void bus_out(void) { GPIO9_GDIR |= (B_DATA | B_CLK | B_SS0 | B_SS1); }
     b14:	f041 517d 	orr.w	r1, r1, #1061158912	@ 0x3f400000
    return (idle | B_SS0 | B_SS1 | B_DEC) & ~g_csbit & ~B_CLK & ~B_DATA;
     b18:	ea42 0b0b 	orr.w	fp, r2, fp
        const uint32_t n = (len > g_burst) ? g_burst : len;
     b1c:	4a7d      	ldr	r2, [pc, #500]	@ (d14 <void bread<4>(unsigned long, unsigned char*, unsigned long)+0x234>)
     b1e:	f8d2 e000 	ldr.w	lr, [r2]
static inline void bus_out(void) { GPIO9_GDIR |= (B_DATA | B_CLK | B_SS0 | B_SS1); }
     b22:	6059      	str	r1, [r3, #4]
    return (idle | B_SS0 | B_SS1 | B_DEC) & ~g_csbit & ~B_CLK & ~B_DATA;
     b24:	f8da 1000 	ldr.w	r1, [sl]
        const uint32_t n = (len > g_burst) ? g_burst : len;
     b28:	45a6      	cmp	lr, r4
    return (idle | B_SS0 | B_SS1 | B_DEC) & ~g_csbit & ~B_CLK & ~B_DATA;
     b2a:	ea2b 0201 	bic.w	r2, fp, r1
        const uint32_t n = (len > g_burst) ? g_burst : len;
     b2e:	bf28      	it	cs
     b30:	46a6      	movcs	lr, r4
    return (idle | B_SS0 | B_SS1 | B_DEC) & ~g_csbit & ~B_CLK & ~B_DATA;
     b32:	f022 5278 	bic.w	r2, r2, #1040187392	@ 0x3e000000
    const uint32_t v = base | ((uint32_t)nib << DSHIFT);
     b36:	f042 5160 	orr.w	r1, r2, #939524096	@ 0x38000000
    GPIO9_DR = v | B_CLK;  spin<S>();
     b3a:	f042 5b68 	orr.w	fp, r2, #973078528	@ 0x3a000000
        bus_out(); const uint32_t b = cbase(); GPIO9_DR = b;
     b3e:	601a      	str	r2, [r3, #0]
    GPIO9_DR = v;
     b40:	6019      	str	r1, [r3, #0]
    GPIO9_DR = v | B_CLK;  spin<S>();
     b42:	f8c3 b000 	str.w	fp, [r3]
template <int S> struct Nop { static inline void go() { __asm__ volatile("nop"); Nop<S - 1>::go(); } };
     b46:	bf00      	nop
     b48:	bf00      	nop
     b4a:	bf00      	nop
     b4c:	bf00      	nop
    GPIO9_DR = v;          spin<S>();
     b4e:	6019      	str	r1, [r3, #0]
template <int S> struct Nop { static inline void go() { __asm__ volatile("nop"); Nop<S - 1>::go(); } };
     b50:	bf00      	nop
     b52:	bf00      	nop
     b54:	bf00      	nop
     b56:	bf00      	nop
    const uint32_t v = base | ((uint32_t)nib << DSHIFT);
     b58:	f042 5130 	orr.w	r1, r2, #738197504	@ 0x2c000000
    GPIO9_DR = v | B_CLK;  spin<S>();
     b5c:	f042 5b38 	orr.w	fp, r2, #771751936	@ 0x2e000000
    GPIO9_DR = v;
     b60:	6019      	str	r1, [r3, #0]
    GPIO9_DR = v | B_CLK;  spin<S>();
     b62:	f8c3 b000 	str.w	fp, [r3]
template <int S> struct Nop { static inline void go() { __asm__ volatile("nop"); Nop<S - 1>::go(); } };
     b66:	bf00      	nop
     b68:	bf00      	nop
     b6a:	bf00      	nop
     b6c:	bf00      	nop
    GPIO9_DR = v;          spin<S>();
     b6e:	6019      	str	r1, [r3, #0]
template <int S> struct Nop { static inline void go() { __asm__ volatile("nop"); Nop<S - 1>::go(); } };
     b70:	bf00      	nop
     b72:	bf00      	nop
     b74:	bf00      	nop
     b76:	bf00      	nop
    const uint32_t v = base | ((uint32_t)nib << DSHIFT);
     b78:	f009 010f 	and.w	r1, r9, #15
     b7c:	ea42 6181 	orr.w	r1, r2, r1, lsl #26
    GPIO9_DR = v | B_CLK;  spin<S>();
     b80:	f041 7b00 	orr.w	fp, r1, #33554432	@ 0x2000000
    GPIO9_DR = v;
     b84:	6019      	str	r1, [r3, #0]
    GPIO9_DR = v | B_CLK;  spin<S>();
     b86:	f8c3 b000 	str.w	fp, [r3]
template <int S> struct Nop { static inline void go() { __asm__ volatile("nop"); Nop<S - 1>::go(); } };
     b8a:	bf00      	nop
     b8c:	bf00      	nop
     b8e:	bf00      	nop
     b90:	bf00      	nop
    GPIO9_DR = v;          spin<S>();
     b92:	6019      	str	r1, [r3, #0]
template <int S> struct Nop { static inline void go() { __asm__ volatile("nop"); Nop<S - 1>::go(); } };
     b94:	bf00      	nop
     b96:	bf00      	nop
     b98:	bf00      	nop
     b9a:	bf00      	nop
    const uint32_t v = base | ((uint32_t)nib << DSHIFT);
     b9c:	f008 010f 	and.w	r1, r8, #15
     ba0:	ea42 6181 	orr.w	r1, r2, r1, lsl #26
    GPIO9_DR = v | B_CLK;  spin<S>();
     ba4:	f041 7b00 	orr.w	fp, r1, #33554432	@ 0x2000000
    GPIO9_DR = v;
     ba8:	6019      	str	r1, [r3, #0]
    GPIO9_DR = v | B_CLK;  spin<S>();
     baa:	f8c3 b000 	str.w	fp, [r3]
template <int S> struct Nop { static inline void go() { __asm__ volatile("nop"); Nop<S - 1>::go(); } };
     bae:	bf00      	nop
     bb0:	bf00      	nop
     bb2:	bf00      	nop
     bb4:	bf00      	nop
    GPIO9_DR = v;          spin<S>();
     bb6:	6019      	str	r1, [r3, #0]
template <int S> struct Nop { static inline void go() { __asm__ volatile("nop"); Nop<S - 1>::go(); } };
     bb8:	bf00      	nop
     bba:	bf00      	nop
     bbc:	bf00      	nop
     bbe:	bf00      	nop
    const uint32_t v = base | ((uint32_t)nib << DSHIFT);
     bc0:	f007 010f 	and.w	r1, r7, #15
     bc4:	ea42 6181 	orr.w	r1, r2, r1, lsl #26
    GPIO9_DR = v | B_CLK;  spin<S>();
     bc8:	f041 7b00 	orr.w	fp, r1, #33554432	@ 0x2000000
    GPIO9_DR = v;
     bcc:	6019      	str	r1, [r3, #0]
    GPIO9_DR = v | B_CLK;  spin<S>();
     bce:	f8c3 b000 	str.w	fp, [r3]
template <int S> struct Nop { static inline void go() { __asm__ volatile("nop"); Nop<S - 1>::go(); } };
     bd2:	bf00      	nop
     bd4:	bf00      	nop
     bd6:	bf00      	nop
     bd8:	bf00      	nop
    GPIO9_DR = v;          spin<S>();
     bda:	6019      	str	r1, [r3, #0]
template <int S> struct Nop { static inline void go() { __asm__ volatile("nop"); Nop<S - 1>::go(); } };
     bdc:	bf00      	nop
     bde:	bf00      	nop
     be0:	bf00      	nop
     be2:	bf00      	nop
    const uint32_t v = base | ((uint32_t)nib << DSHIFT);
     be4:	f006 010f 	and.w	r1, r6, #15
     be8:	ea42 6181 	orr.w	r1, r2, r1, lsl #26
    GPIO9_DR = v | B_CLK;  spin<S>();
     bec:	f041 7b00 	orr.w	fp, r1, #33554432	@ 0x2000000
    GPIO9_DR = v;
     bf0:	6019      	str	r1, [r3, #0]
    GPIO9_DR = v | B_CLK;  spin<S>();
     bf2:	f8c3 b000 	str.w	fp, [r3]
template <int S> struct Nop { static inline void go() { __asm__ volatile("nop"); Nop<S - 1>::go(); } };
     bf6:	bf00      	nop
     bf8:	bf00      	nop
     bfa:	bf00      	nop
     bfc:	bf00      	nop
    GPIO9_DR = v;          spin<S>();
     bfe:	6019      	str	r1, [r3, #0]
template <int S> struct Nop { static inline void go() { __asm__ volatile("nop"); Nop<S - 1>::go(); } };
     c00:	bf00      	nop
     c02:	bf00      	nop
     c04:	bf00      	nop
     c06:	bf00      	nop
    const uint32_t v = base | ((uint32_t)nib << DSHIFT);
     c08:	f005 010f 	and.w	r1, r5, #15
     c0c:	ea42 6181 	orr.w	r1, r2, r1, lsl #26
    GPIO9_DR = v | B_CLK;  spin<S>();
     c10:	f041 7b00 	orr.w	fp, r1, #33554432	@ 0x2000000
    GPIO9_DR = v;
     c14:	6019      	str	r1, [r3, #0]
    GPIO9_DR = v | B_CLK;  spin<S>();
     c16:	f8c3 b000 	str.w	fp, [r3]
template <int S> struct Nop { static inline void go() { __asm__ volatile("nop"); Nop<S - 1>::go(); } };
     c1a:	bf00      	nop
     c1c:	bf00      	nop
     c1e:	bf00      	nop
     c20:	bf00      	nop
    GPIO9_DR = v;          spin<S>();
     c22:	6019      	str	r1, [r3, #0]
template <int S> struct Nop { static inline void go() { __asm__ volatile("nop"); Nop<S - 1>::go(); } };
     c24:	bf00      	nop
     c26:	bf00      	nop
     c28:	bf00      	nop
     c2a:	bf00      	nop
    const uint32_t v = base | ((uint32_t)nib << DSHIFT);
     c2c:	9901      	ldr	r1, [sp, #4]
     c2e:	ea42 6181 	orr.w	r1, r2, r1, lsl #26
    GPIO9_DR = v | B_CLK;  spin<S>();
     c32:	f041 7b00 	orr.w	fp, r1, #33554432	@ 0x2000000
    GPIO9_DR = v;
     c36:	6019      	str	r1, [r3, #0]
    GPIO9_DR = v | B_CLK;  spin<S>();
     c38:	f8c3 b000 	str.w	fp, [r3]
template <int S> struct Nop { static inline void go() { __asm__ volatile("nop"); Nop<S - 1>::go(); } };
     c3c:	bf00      	nop
     c3e:	bf00      	nop
     c40:	bf00      	nop
     c42:	bf00      	nop
    GPIO9_DR = v;          spin<S>();
     c44:	6019      	str	r1, [r3, #0]
template <int S> struct Nop { static inline void go() { __asm__ volatile("nop"); Nop<S - 1>::go(); } };
     c46:	bf00      	nop
     c48:	bf00      	nop
     c4a:	bf00      	nop
     c4c:	bf00      	nop
static inline void data_in(void) { GPIO9_GDIR &= ~B_DATA; }
     c4e:	6859      	ldr	r1, [r3, #4]
        for (int k = 0; k < 6; k++) { GPIO9_DR = b | B_CLK; spin<S>(); GPIO9_DR = b; spin<S>(); }
     c50:	f04f 0b06 	mov.w	fp, #6
static inline void data_in(void) { GPIO9_GDIR &= ~B_DATA; }
     c54:	f021 5170 	bic.w	r1, r1, #1006632960	@ 0x3c000000
     c58:	6059      	str	r1, [r3, #4]
        for (int k = 0; k < 6; k++) { GPIO9_DR = b | B_CLK; spin<S>(); GPIO9_DR = b; spin<S>(); }
     c5a:	f042 7100 	orr.w	r1, r2, #33554432	@ 0x2000000
     c5e:	6019      	str	r1, [r3, #0]
template <int S> struct Nop { static inline void go() { __asm__ volatile("nop"); Nop<S - 1>::go(); } };
     c60:	bf00      	nop
     c62:	bf00      	nop
     c64:	bf00      	nop
     c66:	bf00      	nop
        for (int k = 0; k < 6; k++) { GPIO9_DR = b | B_CLK; spin<S>(); GPIO9_DR = b; spin<S>(); }
     c68:	601a      	str	r2, [r3, #0]
template <int S> struct Nop { static inline void go() { __asm__ volatile("nop"); Nop<S - 1>::go(); } };
     c6a:	bf00      	nop
     c6c:	bf00      	nop
     c6e:	bf00      	nop
     c70:	bf00      	nop
        for (int k = 0; k < 6; k++) { GPIO9_DR = b | B_CLK; spin<S>(); GPIO9_DR = b; spin<S>(); }
     c72:	f1bb 0b01 	subs.w	fp, fp, #1
     c76:	d1f2      	bne.n	c5e <void bread<4>(unsigned long, unsigned char*, unsigned long)+0x17e>
        for (uint32_t i = 0; i < n; i++) {
     c78:	f1be 0f00 	cmp.w	lr, #0
     c7c:	d039      	beq.n	cf2 <void bread<4>(unsigned long, unsigned char*, unsigned long)+0x212>
     c7e:	f10c 37ff 	add.w	r7, ip, #4294967295
     c82:	44f4      	add	ip, lr
     c84:	f10c 38ff 	add.w	r8, ip, #4294967295
    GPIO9_DR = base | B_CLK;  spin<S>();
     c88:	6019      	str	r1, [r3, #0]
template <int S> struct Nop { static inline void go() { __asm__ volatile("nop"); Nop<S - 1>::go(); } };
     c8a:	bf00      	nop
     c8c:	bf00      	nop
     c8e:	bf00      	nop
     c90:	bf00      	nop
    const uint8_t n = (uint8_t)((GPIO9_PSR >> DSHIFT) & 0xF);
     c92:	689e      	ldr	r6, [r3, #8]
    GPIO9_DR = base;          spin<S>();
     c94:	601a      	str	r2, [r3, #0]
template <int S> struct Nop { static inline void go() { __asm__ volatile("nop"); Nop<S - 1>::go(); } };
     c96:	bf00      	nop
     c98:	bf00      	nop
     c9a:	bf00      	nop
     c9c:	bf00      	nop
    GPIO9_DR = base | B_CLK;  spin<S>();
     c9e:	6019      	str	r1, [r3, #0]
template <int S> struct Nop { static inline void go() { __asm__ volatile("nop"); Nop<S - 1>::go(); } };
     ca0:	bf00      	nop
     ca2:	bf00      	nop
     ca4:	bf00      	nop
     ca6:	bf00      	nop
    const uint8_t n = (uint8_t)((GPIO9_PSR >> DSHIFT) & 0xF);
     ca8:	689d      	ldr	r5, [r3, #8]
    GPIO9_DR = base;          spin<S>();
     caa:	601a      	str	r2, [r3, #0]
template <int S> struct Nop { static inline void go() { __asm__ volatile("nop"); Nop<S - 1>::go(); } };
     cac:	bf00      	nop
     cae:	bf00      	nop
     cb0:	bf00      	nop
     cb2:	bf00      	nop
    const uint8_t n = (uint8_t)((GPIO9_PSR >> DSHIFT) & 0xF);
     cb4:	0eb6      	lsrs	r6, r6, #26
     cb6:	f3c5 6583 	ubfx	r5, r5, #26, #4
            d[i] = (uint8_t)((hi << 4) | get_nib<S>(b));
     cba:	ea45 1506 	orr.w	r5, r5, r6, lsl #4
     cbe:	f807 5f01 	strb.w	r5, [r7, #1]!
        for (uint32_t i = 0; i < n; i++) {
     cc2:	4547      	cmp	r7, r8
     cc4:	d1e0      	bne.n	c88 <void bread<4>(unsigned long, unsigned char*, unsigned long)+0x1a8>
        GPIO9_DR = idle; bus_out();
     cc6:	4a11      	ldr	r2, [pc, #68]	@ (d0c <void bread<4>(unsigned long, unsigned char*, unsigned long)+0x22c>)
    while (len) {
     cc8:	ebb4 040e 	subs.w	r4, r4, lr
        GPIO9_DR = idle; bus_out();
     ccc:	6812      	ldr	r2, [r2, #0]
     cce:	601a      	str	r2, [r3, #0]
static inline void bus_out(void) { GPIO9_GDIR |= (B_DATA | B_CLK | B_SS0 | B_SS1); }
     cd0:	6859      	ldr	r1, [r3, #4]
     cd2:	f041 517d 	orr.w	r1, r1, #1061158912	@ 0x3f400000
     cd6:	6059      	str	r1, [r3, #4]
    while (len) {
     cd8:	d013      	beq.n	d02 <void bread<4>(unsigned long, unsigned char*, unsigned long)+0x222>
        a += n; d += n; len -= n;
     cda:	4470      	add	r0, lr
     cdc:	f000 010f 	and.w	r1, r0, #15
     ce0:	ea4f 5910 	mov.w	r9, r0, lsr #20
     ce4:	ea4f 4810 	mov.w	r8, r0, lsr #16
     ce8:	0b07      	lsrs	r7, r0, #12
     cea:	9101      	str	r1, [sp, #4]
     cec:	0a06      	lsrs	r6, r0, #8
     cee:	0905      	lsrs	r5, r0, #4
     cf0:	e70d      	b.n	b0e <void bread<4>(unsigned long, unsigned char*, unsigned long)+0x2e>
        GPIO9_DR = idle; bus_out();
     cf2:	4a06      	ldr	r2, [pc, #24]	@ (d0c <void bread<4>(unsigned long, unsigned char*, unsigned long)+0x22c>)
     cf4:	6812      	ldr	r2, [r2, #0]
     cf6:	601a      	str	r2, [r3, #0]
static inline void bus_out(void) { GPIO9_GDIR |= (B_DATA | B_CLK | B_SS0 | B_SS1); }
     cf8:	6859      	ldr	r1, [r3, #4]
     cfa:	f041 517d 	orr.w	r1, r1, #1061158912	@ 0x3f400000
     cfe:	6059      	str	r1, [r3, #4]
    while (len) {
     d00:	e705      	b.n	b0e <void bread<4>(unsigned long, unsigned char*, unsigned long)+0x2e>
}
     d02:	b003      	add	sp, #12
     d04:	e8bd 8ff0 	ldmia.w	sp!, {r4, r5, r6, r7, r8, r9, sl, fp, pc}
     d08:	4770      	bx	lr
     d0a:	bf00      	nop
     d0c:	20006e10 	.word	0x20006e10
     d10:	4200c000 	.word	0x4200c000
     d14:	20001d20 	.word	0x20001d20
     d18:	20001d24 	.word	0x20001d24
     d1c:	01400100 	.word	0x01400100

00000d20 <void bwrite<12>(unsigned long, unsigned char const*, unsigned long)>:
    while (len) {
     d20:	2a00      	cmp	r2, #0
     d22:	f000 81a6 	beq.w	1072 <void bwrite<12>(unsigned long, unsigned char const*, unsigned long)+0x352>
    return (idle | B_SS0 | B_SS1 | B_DEC) & ~g_csbit & ~B_CLK & ~B_DATA;
     d26:	4b95      	ldr	r3, [pc, #596]	@ (f7c <void bwrite<12>(unsigned long, unsigned char const*, unsigned long)+0x25c>)
template <int S> static void bwrite(uint32_t a, const uint8_t *s, uint32_t len)
     d28:	e92d 4ff0 	stmdb	sp!, {r4, r5, r6, r7, r8, r9, sl, fp, lr}
     d2c:	4696      	mov	lr, r2
     d2e:	b083      	sub	sp, #12
    return (idle | B_SS0 | B_SS1 | B_DEC) & ~g_csbit & ~B_CLK & ~B_DATA;
     d30:	681a      	ldr	r2, [r3, #0]
     d32:	f000 030f 	and.w	r3, r0, #15
     d36:	0905      	lsrs	r5, r0, #4
     d38:	f8df a24c 	ldr.w	sl, [pc, #588]	@ f88 <void bwrite<12>(unsigned long, unsigned char const*, unsigned long)+0x268>
     d3c:	9300      	str	r3, [sp, #0]
     d3e:	ea4f 5910 	mov.w	r9, r0, lsr #20
     d42:	ea4f 4810 	mov.w	r8, r0, lsr #16
static inline void bus_out(void) { GPIO9_GDIR |= (B_DATA | B_CLK | B_SS0 | B_SS1); }
     d46:	4b8e      	ldr	r3, [pc, #568]	@ (f80 <void bwrite<12>(unsigned long, unsigned char const*, unsigned long)+0x260>)
     d48:	0b07      	lsrs	r7, r0, #12
    return (idle | B_SS0 | B_SS1 | B_DEC) & ~g_csbit & ~B_CLK & ~B_DATA;
     d4a:	9501      	str	r5, [sp, #4]
     d4c:	0a06      	lsrs	r6, r0, #8
static inline void bus_out(void) { GPIO9_GDIR |= (B_DATA | B_CLK | B_SS0 | B_SS1); }
     d4e:	685c      	ldr	r4, [r3, #4]
    return (idle | B_SS0 | B_SS1 | B_DEC) & ~g_csbit & ~B_CLK & ~B_DATA;
     d50:	f042 2201 	orr.w	r2, r2, #16777472	@ 0x1000100
        const uint32_t n = (len > g_burst) ? g_burst : len;
     d54:	4d8b      	ldr	r5, [pc, #556]	@ (f84 <void bwrite<12>(unsigned long, unsigned char const*, unsigned long)+0x264>)
static inline void bus_out(void) { GPIO9_GDIR |= (B_DATA | B_CLK | B_SS0 | B_SS1); }
     d56:	f044 547d 	orr.w	r4, r4, #1061158912	@ 0x3f400000
    return (idle | B_SS0 | B_SS1 | B_DEC) & ~g_csbit & ~B_CLK & ~B_DATA;
     d5a:	f442 0280 	orr.w	r2, r2, #4194304	@ 0x400000
        const uint32_t n = (len > g_burst) ? g_burst : len;
     d5e:	f8d5 c000 	ldr.w	ip, [r5]
static inline void bus_out(void) { GPIO9_GDIR |= (B_DATA | B_CLK | B_SS0 | B_SS1); }
     d62:	605c      	str	r4, [r3, #4]
    return (idle | B_SS0 | B_SS1 | B_DEC) & ~g_csbit & ~B_CLK & ~B_DATA;
     d64:	f8da 4000 	ldr.w	r4, [sl]
        const uint32_t n = (len > g_burst) ? g_burst : len;
     d68:	45f4      	cmp	ip, lr
    return (idle | B_SS0 | B_SS1 | B_DEC) & ~g_csbit & ~B_CLK & ~B_DATA;
     d6a:	ea22 0204 	bic.w	r2, r2, r4
        const uint32_t n = (len > g_burst) ? g_burst : len;
     d6e:	bf28      	it	cs
     d70:	46f4      	movcs	ip, lr
    return (idle | B_SS0 | B_SS1 | B_DEC) & ~g_csbit & ~B_CLK & ~B_DATA;
     d72:	f022 5278 	bic.w	r2, r2, #1040187392	@ 0x3e000000
    const uint32_t v = base | ((uint32_t)nib << DSHIFT);
     d76:	f042 6440 	orr.w	r4, r2, #201326592	@ 0xc000000
    GPIO9_DR = v | B_CLK;  spin<S>();
     d7a:	f042 6b60 	orr.w	fp, r2, #234881024	@ 0xe000000
        bus_out(); const uint32_t b = cbase(); GPIO9_DR = b;
     d7e:	601a      	str	r2, [r3, #0]
    GPIO9_DR = v;
     d80:	601c      	str	r4, [r3, #0]
    GPIO9_DR = v | B_CLK;  spin<S>();
     d82:	f8c3 b000 	str.w	fp, [r3]
template <int S> struct Nop { static inline void go() { __asm__ volatile("nop"); Nop<S - 1>::go(); } };
     d86:	bf00      	nop
     d88:	bf00      	nop
     d8a:	bf00      	nop
     d8c:	bf00      	nop
     d8e:	bf00      	nop
     d90:	bf00      	nop
     d92:	bf00      	nop
     d94:	bf00      	nop
     d96:	bf00      	nop
     d98:	bf00      	nop
     d9a:	bf00      	nop
     d9c:	bf00      	nop
    GPIO9_DR = v;          spin<S>();
     d9e:	601c      	str	r4, [r3, #0]
template <int S> struct Nop { static inline void go() { __asm__ volatile("nop"); Nop<S - 1>::go(); } };
     da0:	bf00      	nop
     da2:	bf00      	nop
     da4:	bf00      	nop
     da6:	bf00      	nop
     da8:	bf00      	nop
     daa:	bf00      	nop
     dac:	bf00      	nop
     dae:	bf00      	nop
     db0:	bf00      	nop
     db2:	bf00      	nop
     db4:	bf00      	nop
     db6:	bf00      	nop
    const uint32_t v = base | ((uint32_t)nib << DSHIFT);
     db8:	f042 5400 	orr.w	r4, r2, #536870912	@ 0x20000000
    GPIO9_DR = v | B_CLK;  spin<S>();
     dbc:	f042 5b08 	orr.w	fp, r2, #570425344	@ 0x22000000
    GPIO9_DR = v;
     dc0:	601c      	str	r4, [r3, #0]
    GPIO9_DR = v | B_CLK;  spin<S>();
     dc2:	f8c3 b000 	str.w	fp, [r3]
template <int S> struct Nop { static inline void go() { __asm__ volatile("nop"); Nop<S - 1>::go(); } };
     dc6:	bf00      	nop
     dc8:	bf00      	nop
     dca:	bf00      	nop
     dcc:	bf00      	nop
     dce:	bf00      	nop
     dd0:	bf00      	nop
     dd2:	bf00      	nop
     dd4:	bf00      	nop
     dd6:	bf00      	nop
     dd8:	bf00      	nop
     dda:	bf00      	nop
     ddc:	bf00      	nop
    GPIO9_DR = v;          spin<S>();
     dde:	601c      	str	r4, [r3, #0]
template <int S> struct Nop { static inline void go() { __asm__ volatile("nop"); Nop<S - 1>::go(); } };
     de0:	bf00      	nop
     de2:	bf00      	nop
     de4:	bf00      	nop
     de6:	bf00      	nop
     de8:	bf00      	nop
     dea:	bf00      	nop
     dec:	bf00      	nop
     dee:	bf00      	nop
     df0:	bf00      	nop
     df2:	bf00      	nop
     df4:	bf00      	nop
     df6:	bf00      	nop
    const uint32_t v = base | ((uint32_t)nib << DSHIFT);
     df8:	f009 040f 	and.w	r4, r9, #15
     dfc:	ea42 6484 	orr.w	r4, r2, r4, lsl #26
    GPIO9_DR = v | B_CLK;  spin<S>();
     e00:	f044 7b00 	orr.w	fp, r4, #33554432	@ 0x2000000
    GPIO9_DR = v;
     e04:	601c      	str	r4, [r3, #0]
    GPIO9_DR = v | B_CLK;  spin<S>();
     e06:	f8c3 b000 	str.w	fp, [r3]
template <int S> struct Nop { static inline void go() { __asm__ volatile("nop"); Nop<S - 1>::go(); } };
     e0a:	bf00      	nop
     e0c:	bf00      	nop
     e0e:	bf00      	nop
     e10:	bf00      	nop
     e12:	bf00      	nop
     e14:	bf00      	nop
     e16:	bf00      	nop
     e18:	bf00      	nop
     e1a:	bf00      	nop
     e1c:	bf00      	nop
     e1e:	bf00      	nop
     e20:	bf00      	nop
    GPIO9_DR = v;          spin<S>();
     e22:	601c      	str	r4, [r3, #0]
template <int S> struct Nop { static inline void go() { __asm__ volatile("nop"); Nop<S - 1>::go(); } };
     e24:	bf00      	nop
     e26:	bf00      	nop
     e28:	bf00      	nop
     e2a:	bf00      	nop
     e2c:	bf00      	nop
     e2e:	bf00      	nop
     e30:	bf00      	nop
     e32:	bf00      	nop
     e34:	bf00      	nop
     e36:	bf00      	nop
     e38:	bf00      	nop
     e3a:	bf00      	nop
    const uint32_t v = base | ((uint32_t)nib << DSHIFT);
     e3c:	f008 040f 	and.w	r4, r8, #15
     e40:	ea42 6484 	orr.w	r4, r2, r4, lsl #26
    GPIO9_DR = v | B_CLK;  spin<S>();
     e44:	f044 7b00 	orr.w	fp, r4, #33554432	@ 0x2000000
    GPIO9_DR = v;
     e48:	601c      	str	r4, [r3, #0]
    GPIO9_DR = v | B_CLK;  spin<S>();
     e4a:	f8c3 b000 	str.w	fp, [r3]
template <int S> struct Nop { static inline void go() { __asm__ volatile("nop"); Nop<S - 1>::go(); } };
     e4e:	bf00      	nop
     e50:	bf00      	nop
     e52:	bf00      	nop
     e54:	bf00      	nop
     e56:	bf00      	nop
     e58:	bf00      	nop
     e5a:	bf00      	nop
     e5c:	bf00      	nop
     e5e:	bf00      	nop
     e60:	bf00      	nop
     e62:	bf00      	nop
     e64:	bf00      	nop
    GPIO9_DR = v;          spin<S>();
     e66:	601c      	str	r4, [r3, #0]
template <int S> struct Nop { static inline void go() { __asm__ volatile("nop"); Nop<S - 1>::go(); } };
     e68:	bf00      	nop
     e6a:	bf00      	nop
     e6c:	bf00      	nop
     e6e:	bf00      	nop
     e70:	bf00      	nop
     e72:	bf00      	nop
     e74:	bf00      	nop
     e76:	bf00      	nop
     e78:	bf00      	nop
     e7a:	bf00      	nop
     e7c:	bf00      	nop
     e7e:	bf00      	nop
    const uint32_t v = base | ((uint32_t)nib << DSHIFT);
     e80:	f007 040f 	and.w	r4, r7, #15
     e84:	ea42 6484 	orr.w	r4, r2, r4, lsl #26
    GPIO9_DR = v | B_CLK;  spin<S>();
     e88:	f044 7b00 	orr.w	fp, r4, #33554432	@ 0x2000000
    GPIO9_DR = v;
     e8c:	601c      	str	r4, [r3, #0]
    GPIO9_DR = v | B_CLK;  spin<S>();
     e8e:	f8c3 b000 	str.w	fp, [r3]
template <int S> struct Nop { static inline void go() { __asm__ volatile("nop"); Nop<S - 1>::go(); } };
     e92:	bf00      	nop
     e94:	bf00      	nop
     e96:	bf00      	nop
     e98:	bf00      	nop
     e9a:	bf00      	nop
     e9c:	bf00      	nop
     e9e:	bf00      	nop
     ea0:	bf00      	nop
     ea2:	bf00      	nop
     ea4:	bf00      	nop
     ea6:	bf00      	nop
     ea8:	bf00      	nop
    GPIO9_DR = v;          spin<S>();
     eaa:	601c      	str	r4, [r3, #0]
template <int S> struct Nop { static inline void go() { __asm__ volatile("nop"); Nop<S - 1>::go(); } };
     eac:	bf00      	nop
     eae:	bf00      	nop
     eb0:	bf00      	nop
     eb2:	bf00      	nop
     eb4:	bf00      	nop
     eb6:	bf00      	nop
     eb8:	bf00      	nop
     eba:	bf00      	nop
     ebc:	bf00      	nop
     ebe:	bf00      	nop
     ec0:	bf00      	nop
     ec2:	bf00      	nop
    const uint32_t v = base | ((uint32_t)nib << DSHIFT);
     ec4:	f006 040f 	and.w	r4, r6, #15
     ec8:	ea42 6484 	orr.w	r4, r2, r4, lsl #26
    GPIO9_DR = v | B_CLK;  spin<S>();
     ecc:	f044 7b00 	orr.w	fp, r4, #33554432	@ 0x2000000
    GPIO9_DR = v;
     ed0:	601c      	str	r4, [r3, #0]
    GPIO9_DR = v | B_CLK;  spin<S>();
     ed2:	f8c3 b000 	str.w	fp, [r3]
template <int S> struct Nop { static inline void go() { __asm__ volatile("nop"); Nop<S - 1>::go(); } };
     ed6:	bf00      	nop
     ed8:	bf00      	nop
     eda:	bf00      	nop
     edc:	bf00      	nop
     ede:	bf00      	nop
     ee0:	bf00      	nop
     ee2:	bf00      	nop
     ee4:	bf00      	nop
     ee6:	bf00      	nop
     ee8:	bf00      	nop
     eea:	bf00      	nop
     eec:	bf00      	nop
    GPIO9_DR = v;          spin<S>();
     eee:	601c      	str	r4, [r3, #0]
template <int S> struct Nop { static inline void go() { __asm__ volatile("nop"); Nop<S - 1>::go(); } };
     ef0:	bf00      	nop
     ef2:	bf00      	nop
     ef4:	bf00      	nop
     ef6:	bf00      	nop
     ef8:	bf00      	nop
     efa:	bf00      	nop
     efc:	bf00      	nop
     efe:	bf00      	nop
     f00:	bf00      	nop
     f02:	bf00      	nop
     f04:	bf00      	nop
     f06:	bf00      	nop
    const uint32_t v = base | ((uint32_t)nib << DSHIFT);
     f08:	9c01      	ldr	r4, [sp, #4]
     f0a:	f004 040f 	and.w	r4, r4, #15
     f0e:	ea42 6484 	orr.w	r4, r2, r4, lsl #26
    GPIO9_DR = v | B_CLK;  spin<S>();
     f12:	f044 7b00 	orr.w	fp, r4, #33554432	@ 0x2000000
    GPIO9_DR = v;
     f16:	601c      	str	r4, [r3, #0]
    GPIO9_DR = v | B_CLK;  spin<S>();
     f18:	f8c3 b000 	str.w	fp, [r3]
template <int S> struct Nop { static inline void go() { __asm__ volatile("nop"); Nop<S - 1>::go(); } };
     f1c:	bf00      	nop
     f1e:	bf00      	nop
     f20:	bf00      	nop
     f22:	bf00      	nop
     f24:	bf00      	nop
     f26:	bf00      	nop
     f28:	bf00      	nop
     f2a:	bf00      	nop
     f2c:	bf00      	nop
     f2e:	bf00      	nop
     f30:	bf00      	nop
     f32:	bf00      	nop
    GPIO9_DR = v;          spin<S>();
     f34:	601c      	str	r4, [r3, #0]
template <int S> struct Nop { static inline void go() { __asm__ volatile("nop"); Nop<S - 1>::go(); } };
     f36:	bf00      	nop
     f38:	bf00      	nop
     f3a:	bf00      	nop
     f3c:	bf00      	nop
     f3e:	bf00      	nop
     f40:	bf00      	nop
     f42:	bf00      	nop
     f44:	bf00      	nop
     f46:	bf00      	nop
     f48:	bf00      	nop
     f4a:	bf00      	nop
     f4c:	bf00      	nop
    const uint32_t v = base | ((uint32_t)nib << DSHIFT);
     f4e:	9c00      	ldr	r4, [sp, #0]
     f50:	ea42 6484 	orr.w	r4, r2, r4, lsl #26
    GPIO9_DR = v | B_CLK;  spin<S>();
     f54:	f044 7b00 	orr.w	fp, r4, #33554432	@ 0x2000000
    GPIO9_DR = v;
     f58:	601c      	str	r4, [r3, #0]
    GPIO9_DR = v | B_CLK;  spin<S>();
     f5a:	f8c3 b000 	str.w	fp, [r3]
template <int S> struct Nop { static inline void go() { __asm__ volatile("nop"); Nop<S - 1>::go(); } };
     f5e:	bf00      	nop
     f60:	bf00      	nop
     f62:	bf00      	nop
     f64:	bf00      	nop
     f66:	bf00      	nop
     f68:	bf00      	nop
     f6a:	bf00      	nop
     f6c:	bf00      	nop
     f6e:	bf00      	nop
     f70:	bf00      	nop
     f72:	bf00      	nop
     f74:	bf00      	nop
    GPIO9_DR = v;          spin<S>();
     f76:	601c      	str	r4, [r3, #0]
template <int S> struct Nop { static inline void go() { __asm__ volatile("nop"); Nop<S - 1>::go(); } };
     f78:	bf00      	nop
     f7a:	e007      	b.n	f8c <void bwrite<12>(unsigned long, unsigned char const*, unsigned long)+0x26c>
     f7c:	20006e10 	.word	0x20006e10
     f80:	4200c000 	.word	0x4200c000
     f84:	20001d20 	.word	0x20001d20
     f88:	20001d24 	.word	0x20001d24
     f8c:	bf00      	nop
     f8e:	bf00      	nop
     f90:	bf00      	nop
     f92:	bf00      	nop
     f94:	bf00      	nop
     f96:	bf00      	nop
     f98:	bf00      	nop
     f9a:	bf00      	nop
     f9c:	bf00      	nop
     f9e:	bf00      	nop
     fa0:	bf00      	nop
        for (uint32_t i = 0; i < n; i++) { put_nib<S>(b, s[i] >> 4); put_nib<S>(b, s[i] & 0xF); }
     fa2:	f1bc 0f00 	cmp.w	ip, #0
     fa6:	d05d      	beq.n	1064 <void bwrite<12>(unsigned long, unsigned char const*, unsigned long)+0x344>
     fa8:	eb0c 0501 	add.w	r5, ip, r1
     fac:	3901      	subs	r1, #1
     fae:	1e6e      	subs	r6, r5, #1
     fb0:	f811 4f01 	ldrb.w	r4, [r1, #1]!
    const uint32_t v = base | ((uint32_t)nib << DSHIFT);
     fb4:	0924      	lsrs	r4, r4, #4
     fb6:	ea42 6484 	orr.w	r4, r2, r4, lsl #26
    GPIO9_DR = v | B_CLK;  spin<S>();
     fba:	f044 7700 	orr.w	r7, r4, #33554432	@ 0x2000000
    GPIO9_DR = v;
     fbe:	601c      	str	r4, [r3, #0]
    GPIO9_DR = v | B_CLK;  spin<S>();
     fc0:	601f      	str	r7, [r3, #0]
template <int S> struct Nop { static inline void go() { __asm__ volatile("nop"); Nop<S - 1>::go(); } };
     fc2:	bf00      	nop
     fc4:	bf00      	nop
     fc6:	bf00      	nop
     fc8:	bf00      	nop
     fca:	bf00      	nop
     fcc:	bf00      	nop
     fce:	bf00      	nop
     fd0:	bf00      	nop
     fd2:	bf00      	nop
     fd4:	bf00      	nop
     fd6:	bf00      	nop
     fd8:	bf00      	nop
    GPIO9_DR = v;          spin<S>();
     fda:	601c      	str	r4, [r3, #0]
template <int S> struct Nop { static inline void go() { __asm__ volatile("nop"); Nop<S - 1>::go(); } };
     fdc:	bf00      	nop
     fde:	bf00      	nop
     fe0:	bf00      	nop
     fe2:	bf00      	nop
     fe4:	bf00      	nop
     fe6:	bf00      	nop
     fe8:	bf00      	nop
     fea:	bf00      	nop
     fec:	bf00      	nop
     fee:	bf00      	nop
     ff0:	bf00      	nop
     ff2:	bf00      	nop
        for (uint32_t i = 0; i < n; i++) { put_nib<S>(b, s[i] >> 4); put_nib<S>(b, s[i] & 0xF); }
     ff4:	780c      	ldrb	r4, [r1, #0]
    const uint32_t v = base | ((uint32_t)nib << DSHIFT);
     ff6:	f004 040f 	and.w	r4, r4, #15
     ffa:	ea42 6484 	orr.w	r4, r2, r4, lsl #26
    GPIO9_DR = v | B_CLK;  spin<S>();
     ffe:	f044 7700 	orr.w	r7, r4, #33554432	@ 0x2000000
    GPIO9_DR = v;
    1002:	601c      	str	r4, [r3, #0]
    GPIO9_DR = v | B_CLK;  spin<S>();
    1004:	601f      	str	r7, [r3, #0]
template <int S> struct Nop { static inline void go() { __asm__ volatile("nop"); Nop<S - 1>::go(); } };
    1006:	bf00      	nop
    1008:	bf00      	nop
    100a:	bf00      	nop
    100c:	bf00      	nop
    100e:	bf00      	nop
    1010:	bf00      	nop
    1012:	bf00      	nop
    1014:	bf00      	nop
    1016:	bf00      	nop
    1018:	bf00      	nop
    101a:	bf00      	nop
    101c:	bf00      	nop
    GPIO9_DR = v;          spin<S>();
    101e:	601c      	str	r4, [r3, #0]
template <int S> struct Nop { static inline void go() { __asm__ volatile("nop"); Nop<S - 1>::go(); } };
    1020:	bf00      	nop
    1022:	bf00      	nop
    1024:	bf00      	nop
    1026:	bf00      	nop
    1028:	bf00      	nop
    102a:	bf00      	nop
    102c:	bf00      	nop
    102e:	bf00      	nop
    1030:	bf00      	nop
    1032:	bf00      	nop
    1034:	bf00      	nop
    1036:	bf00      	nop
        for (uint32_t i = 0; i < n; i++) { put_nib<S>(b, s[i] >> 4); put_nib<S>(b, s[i] & 0xF); }
    1038:	42b1      	cmp	r1, r6
    103a:	d1b9      	bne.n	fb0 <void bwrite<12>(unsigned long, unsigned char const*, unsigned long)+0x290>
        GPIO9_DR = idle;
    103c:	4a0d      	ldr	r2, [pc, #52]	@ (1074 <void bwrite<12>(unsigned long, unsigned char const*, unsigned long)+0x354>)
    while (len) {
    103e:	ebbe 0e0c 	subs.w	lr, lr, ip
        GPIO9_DR = idle;
    1042:	6812      	ldr	r2, [r2, #0]
    1044:	601a      	str	r2, [r3, #0]
    while (len) {
    1046:	d011      	beq.n	106c <void bwrite<12>(unsigned long, unsigned char const*, unsigned long)+0x34c>
        a += n; s += n; len -= n;
    1048:	4460      	add	r0, ip
    104a:	4629      	mov	r1, r5
    104c:	0904      	lsrs	r4, r0, #4
    104e:	ea4f 5910 	mov.w	r9, r0, lsr #20
    1052:	9401      	str	r4, [sp, #4]
    1054:	f000 040f 	and.w	r4, r0, #15
    1058:	ea4f 4810 	mov.w	r8, r0, lsr #16
    105c:	0b07      	lsrs	r7, r0, #12
    105e:	9400      	str	r4, [sp, #0]
    1060:	0a06      	lsrs	r6, r0, #8
    1062:	e674      	b.n	d4e <void bwrite<12>(unsigned long, unsigned char const*, unsigned long)+0x2e>
        GPIO9_DR = idle;
    1064:	4a03      	ldr	r2, [pc, #12]	@ (1074 <void bwrite<12>(unsigned long, unsigned char const*, unsigned long)+0x354>)
    1066:	6812      	ldr	r2, [r2, #0]
    1068:	601a      	str	r2, [r3, #0]
    while (len) {
    106a:	e670      	b.n	d4e <void bwrite<12>(unsigned long, unsigned char const*, unsigned long)+0x2e>
}
    106c:	b003      	add	sp, #12
    106e:	e8bd 8ff0 	ldmia.w	sp!, {r4, r5, r6, r7, r8, r9, sl, fp, pc}
    1072:	4770      	bx	lr
    1074:	20006e10 	.word	0x20006e10

00001078 <void bread<12>(unsigned long, unsigned char*, unsigned long)>:
    while (len) {
    1078:	2a00      	cmp	r2, #0
    107a:	f000 81cd 	beq.w	1418 <void bread<12>(unsigned long, unsigned char*, unsigned long)+0x3a0>
    return (idle | B_SS0 | B_SS1 | B_DEC) & ~g_csbit & ~B_CLK & ~B_DATA;
    107e:	4b96      	ldr	r3, [pc, #600]	@ (12d8 <void bread<12>(unsigned long, unsigned char*, unsigned long)+0x260>)
    1080:	468c      	mov	ip, r1
template <int S> static void bread(uint32_t a, uint8_t *d, uint32_t len)
    1082:	e92d 4ff0 	stmdb	sp!, {r4, r5, r6, r7, r8, r9, sl, fp, lr}
    1086:	4614      	mov	r4, r2
    1088:	b083      	sub	sp, #12
    return (idle | B_SS0 | B_SS1 | B_DEC) & ~g_csbit & ~B_CLK & ~B_DATA;
    108a:	681a      	ldr	r2, [r3, #0]
    108c:	f000 030f 	and.w	r3, r0, #15
    1090:	f8df a250 	ldr.w	sl, [pc, #592]	@ 12e4 <void bread<12>(unsigned long, unsigned char*, unsigned long)+0x26c>
    1094:	ea4f 5910 	mov.w	r9, r0, lsr #20
    1098:	9301      	str	r3, [sp, #4]
    109a:	ea4f 4810 	mov.w	r8, r0, lsr #16
    109e:	0b07      	lsrs	r7, r0, #12
static inline void bus_out(void) { GPIO9_GDIR |= (B_DATA | B_CLK | B_SS0 | B_SS1); }
    10a0:	4b8e      	ldr	r3, [pc, #568]	@ (12dc <void bread<12>(unsigned long, unsigned char*, unsigned long)+0x264>)
    10a2:	0a06      	lsrs	r6, r0, #8
    10a4:	0905      	lsrs	r5, r0, #4
    10a6:	6859      	ldr	r1, [r3, #4]
    return (idle | B_SS0 | B_SS1 | B_DEC) & ~g_csbit & ~B_CLK & ~B_DATA;
    10a8:	f8df b23c 	ldr.w	fp, [pc, #572]	@ 12e8 <void bread<12>(unsigned long, unsigned char*, unsigned long)+0x270>
static inline void bus_out(void) { GPIO9_GDIR |= (B_DATA | B_CLK | B_SS0 | B_SS1); }
    10ac:	f041 517d 	orr.w	r1, r1, #1061158912	@ 0x3f400000
    return (idle | B_SS0 | B_SS1 | B_DEC) & ~g_csbit & ~B_CLK & ~B_DATA;
    10b0:	ea42 0b0b 	orr.w	fp, r2, fp
        const uint32_t n = (len > g_burst) ? g_burst : len;
    10b4:	4a8a      	ldr	r2, [pc, #552]	@ (12e0 <void bread<12>(unsigned long, unsigned char*, unsigned long)+0x268>)
    10b6:	f8d2 e000 	ldr.w	lr, [r2]
static inline void bus_out(void) { GPIO9_GDIR |= (B_DATA | B_CLK | B_SS0 | B_SS1); }
    10ba:	6059      	str	r1, [r3, #4]
    return (idle | B_SS0 | B_SS1 | B_DEC) & ~g_csbit & ~B_CLK & ~B_DATA;
    10bc:	f8da 1000 	ldr.w	r1, [sl]
        const uint32_t n = (len > g_burst) ? g_burst : len;
    10c0:	45a6      	cmp	lr, r4
    return (idle | B_SS0 | B_SS1 | B_DEC) & ~g_csbit & ~B_CLK & ~B_DATA;
    10c2:	ea2b 0201 	bic.w	r2, fp, r1
        const uint32_t n = (len > g_burst) ? g_burst : len;
    10c6:	bf28      	it	cs
    10c8:	46a6      	movcs	lr, r4
    return (idle | B_SS0 | B_SS1 | B_DEC) & ~g_csbit & ~B_CLK & ~B_DATA;
    10ca:	f022 5278 	bic.w	r2, r2, #1040187392	@ 0x3e000000
    const uint32_t v = base | ((uint32_t)nib << DSHIFT);
    10ce:	f042 5160 	orr.w	r1, r2, #939524096	@ 0x38000000
    GPIO9_DR = v | B_CLK;  spin<S>();
    10d2:	f042 5b68 	orr.w	fp, r2, #973078528	@ 0x3a000000
        bus_out(); const uint32_t b = cbase(); GPIO9_DR = b;
    10d6:	601a      	str	r2, [r3, #0]
    GPIO9_DR = v;
    10d8:	6019      	str	r1, [r3, #0]
    GPIO9_DR = v | B_CLK;  spin<S>();
    10da:	f8c3 b000 	str.w	fp, [r3]
template <int S> struct Nop { static inline void go() { __asm__ volatile("nop"); Nop<S - 1>::go(); } };
    10de:	bf00      	nop
    10e0:	bf00      	nop
    10e2:	bf00      	nop
    10e4:	bf00      	nop
    10e6:	bf00      	nop
    10e8:	bf00      	nop
    10ea:	bf00      	nop
    10ec:	bf00      	nop
    10ee:	bf00      	nop
    10f0:	bf00      	nop
    10f2:	bf00      	nop
    10f4:	bf00      	nop
    GPIO9_DR = v;          spin<S>();
    10f6:	6019      	str	r1, [r3, #0]
template <int S> struct Nop { static inline void go() { __asm__ volatile("nop"); Nop<S - 1>::go(); } };
    10f8:	bf00      	nop
    10fa:	bf00      	nop
    10fc:	bf00      	nop
    10fe:	bf00      	nop
    1100:	bf00      	nop
    1102:	bf00      	nop
    1104:	bf00      	nop
    1106:	bf00      	nop
    1108:	bf00      	nop
    110a:	bf00      	nop
    110c:	bf00      	nop
    110e:	bf00      	nop
    const uint32_t v = base | ((uint32_t)nib << DSHIFT);
    1110:	f042 5130 	orr.w	r1, r2, #738197504	@ 0x2c000000
    GPIO9_DR = v | B_CLK;  spin<S>();
    1114:	f042 5b38 	orr.w	fp, r2, #771751936	@ 0x2e000000
    GPIO9_DR = v;
    1118:	6019      	str	r1, [r3, #0]
    GPIO9_DR = v | B_CLK;  spin<S>();
    111a:	f8c3 b000 	str.w	fp, [r3]
template <int S> struct Nop { static inline void go() { __asm__ volatile("nop"); Nop<S - 1>::go(); } };
    111e:	bf00      	nop
    1120:	bf00      	nop
    1122:	bf00      	nop
    1124:	bf00      	nop
    1126:	bf00      	nop
    1128:	bf00      	nop
    112a:	bf00      	nop
    112c:	bf00      	nop
    112e:	bf00      	nop
    1130:	bf00      	nop
    1132:	bf00      	nop
    1134:	bf00      	nop
    GPIO9_DR = v;          spin<S>();
    1136:	6019      	str	r1, [r3, #0]
template <int S> struct Nop { static inline void go() { __asm__ volatile("nop"); Nop<S - 1>::go(); } };
    1138:	bf00      	nop
    113a:	bf00      	nop
    113c:	bf00      	nop
    113e:	bf00      	nop
    1140:	bf00      	nop
    1142:	bf00      	nop
    1144:	bf00      	nop
    1146:	bf00      	nop
    1148:	bf00      	nop
    114a:	bf00      	nop
    114c:	bf00      	nop
    114e:	bf00      	nop
    const uint32_t v = base | ((uint32_t)nib << DSHIFT);
    1150:	f009 010f 	and.w	r1, r9, #15
    1154:	ea42 6181 	orr.w	r1, r2, r1, lsl #26
    GPIO9_DR = v | B_CLK;  spin<S>();
    1158:	f041 7b00 	orr.w	fp, r1, #33554432	@ 0x2000000
    GPIO9_DR = v;
    115c:	6019      	str	r1, [r3, #0]
    GPIO9_DR = v | B_CLK;  spin<S>();
    115e:	f8c3 b000 	str.w	fp, [r3]
template <int S> struct Nop { static inline void go() { __asm__ volatile("nop"); Nop<S - 1>::go(); } };
    1162:	bf00      	nop
    1164:	bf00      	nop
    1166:	bf00      	nop
    1168:	bf00      	nop
    116a:	bf00      	nop
    116c:	bf00      	nop
    116e:	bf00      	nop
    1170:	bf00      	nop
    1172:	bf00      	nop
    1174:	bf00      	nop
    1176:	bf00      	nop
    1178:	bf00      	nop
    GPIO9_DR = v;          spin<S>();
    117a:	6019      	str	r1, [r3, #0]
template <int S> struct Nop { static inline void go() { __asm__ volatile("nop"); Nop<S - 1>::go(); } };
    117c:	bf00      	nop
    117e:	bf00      	nop
    1180:	bf00      	nop
    1182:	bf00      	nop
    1184:	bf00      	nop
    1186:	bf00      	nop
    1188:	bf00      	nop
    118a:	bf00      	nop
    118c:	bf00      	nop
    118e:	bf00      	nop
    1190:	bf00      	nop
    1192:	bf00      	nop
    const uint32_t v = base | ((uint32_t)nib << DSHIFT);
    1194:	f008 010f 	and.w	r1, r8, #15
    1198:	ea42 6181 	orr.w	r1, r2, r1, lsl #26
    GPIO9_DR = v | B_CLK;  spin<S>();
    119c:	f041 7b00 	orr.w	fp, r1, #33554432	@ 0x2000000
    GPIO9_DR = v;
    11a0:	6019      	str	r1, [r3, #0]
    GPIO9_DR = v | B_CLK;  spin<S>();
    11a2:	f8c3 b000 	str.w	fp, [r3]
template <int S> struct Nop { static inline void go() { __asm__ volatile("nop"); Nop<S - 1>::go(); } };
    11a6:	bf00      	nop
    11a8:	bf00      	nop
    11aa:	bf00      	nop
    11ac:	bf00      	nop
    11ae:	bf00      	nop
    11b0:	bf00      	nop
    11b2:	bf00      	nop
    11b4:	bf00      	nop
    11b6:	bf00      	nop
    11b8:	bf00      	nop
    11ba:	bf00      	nop
    11bc:	bf00      	nop
    GPIO9_DR = v;          spin<S>();
    11be:	6019      	str	r1, [r3, #0]
template <int S> struct Nop { static inline void go() { __asm__ volatile("nop"); Nop<S - 1>::go(); } };
    11c0:	bf00      	nop
    11c2:	bf00      	nop
    11c4:	bf00      	nop
    11c6:	bf00      	nop
    11c8:	bf00      	nop
    11ca:	bf00      	nop
    11cc:	bf00      	nop
    11ce:	bf00      	nop
    11d0:	bf00      	nop
    11d2:	bf00      	nop
    11d4:	bf00      	nop
    11d6:	bf00      	nop
    const uint32_t v = base | ((uint32_t)nib << DSHIFT);
    11d8:	f007 010f 	and.w	r1, r7, #15
    11dc:	ea42 6181 	orr.w	r1, r2, r1, lsl #26
    GPIO9_DR = v | B_CLK;  spin<S>();
    11e0:	f041 7b00 	orr.w	fp, r1, #33554432	@ 0x2000000
    GPIO9_DR = v;
    11e4:	6019      	str	r1, [r3, #0]
    GPIO9_DR = v | B_CLK;  spin<S>();
    11e6:	f8c3 b000 	str.w	fp, [r3]
template <int S> struct Nop { static inline void go() { __asm__ volatile("nop"); Nop<S - 1>::go(); } };
    11ea:	bf00      	nop
    11ec:	bf00      	nop
    11ee:	bf00      	nop
    11f0:	bf00      	nop
    11f2:	bf00      	nop
    11f4:	bf00      	nop
    11f6:	bf00      	nop
    11f8:	bf00      	nop
    11fa:	bf00      	nop
    11fc:	bf00      	nop
    11fe:	bf00      	nop
    1200:	bf00      	nop
    GPIO9_DR = v;          spin<S>();
    1202:	6019      	str	r1, [r3, #0]
template <int S> struct Nop { static inline void go() { __asm__ volatile("nop"); Nop<S - 1>::go(); } };
    1204:	bf00      	nop
    1206:	bf00      	nop
    1208:	bf00      	nop
    120a:	bf00      	nop
    120c:	bf00      	nop
    120e:	bf00      	nop
    1210:	bf00      	nop
    1212:	bf00      	nop
    1214:	bf00      	nop
    1216:	bf00      	nop
    1218:	bf00      	nop
    121a:	bf00      	nop
    const uint32_t v = base | ((uint32_t)nib << DSHIFT);
    121c:	f006 010f 	and.w	r1, r6, #15
    1220:	ea42 6181 	orr.w	r1, r2, r1, lsl #26
    GPIO9_DR = v | B_CLK;  spin<S>();
    1224:	f041 7b00 	orr.w	fp, r1, #33554432	@ 0x2000000
    GPIO9_DR = v;
    1228:	6019      	str	r1, [r3, #0]
    GPIO9_DR = v | B_CLK;  spin<S>();
    122a:	f8c3 b000 	str.w	fp, [r3]
template <int S> struct Nop { static inline void go() { __asm__ volatile("nop"); Nop<S - 1>::go(); } };
    122e:	bf00      	nop
    1230:	bf00      	nop
    1232:	bf00      	nop
    1234:	bf00      	nop
    1236:	bf00      	nop
    1238:	bf00      	nop
    123a:	bf00      	nop
    123c:	bf00      	nop
    123e:	bf00      	nop
    1240:	bf00      	nop
    1242:	bf00      	nop
    1244:	bf00      	nop
    GPIO9_DR = v;          spin<S>();
    1246:	6019      	str	r1, [r3, #0]
template <int S> struct Nop { static inline void go() { __asm__ volatile("nop"); Nop<S - 1>::go(); } };
    1248:	bf00      	nop
    124a:	bf00      	nop
    124c:	bf00      	nop
    124e:	bf00      	nop
    1250:	bf00      	nop
    1252:	bf00      	nop
    1254:	bf00      	nop
    1256:	bf00      	nop
    1258:	bf00      	nop
    125a:	bf00      	nop
    125c:	bf00      	nop
    125e:	bf00      	nop
    const uint32_t v = base | ((uint32_t)nib << DSHIFT);
    1260:	f005 010f 	and.w	r1, r5, #15
    1264:	ea42 6181 	orr.w	r1, r2, r1, lsl #26
    GPIO9_DR = v | B_CLK;  spin<S>();
    1268:	f041 7b00 	orr.w	fp, r1, #33554432	@ 0x2000000
    GPIO9_DR = v;
    126c:	6019      	str	r1, [r3, #0]
    GPIO9_DR = v | B_CLK;  spin<S>();
    126e:	f8c3 b000 	str.w	fp, [r3]
template <int S> struct Nop { static inline void go() { __asm__ volatile("nop"); Nop<S - 1>::go(); } };
    1272:	bf00      	nop
    1274:	bf00      	nop
    1276:	bf00      	nop
    1278:	bf00      	nop
    127a:	bf00      	nop
    127c:	bf00      	nop
    127e:	bf00      	nop
    1280:	bf00      	nop
    1282:	bf00      	nop
    1284:	bf00      	nop
    1286:	bf00      	nop
    1288:	bf00      	nop
    GPIO9_DR = v;          spin<S>();
    128a:	6019      	str	r1, [r3, #0]
template <int S> struct Nop { static inline void go() { __asm__ volatile("nop"); Nop<S - 1>::go(); } };
    128c:	bf00      	nop
    128e:	bf00      	nop
    1290:	bf00      	nop
    1292:	bf00      	nop
    1294:	bf00      	nop
    1296:	bf00      	nop
    1298:	bf00      	nop
    129a:	bf00      	nop
    129c:	bf00      	nop
    129e:	bf00      	nop
    12a0:	bf00      	nop
    12a2:	bf00      	nop
    const uint32_t v = base | ((uint32_t)nib << DSHIFT);
    12a4:	9901      	ldr	r1, [sp, #4]
    12a6:	ea42 6181 	orr.w	r1, r2, r1, lsl #26
    GPIO9_DR = v | B_CLK;  spin<S>();
    12aa:	f041 7b00 	orr.w	fp, r1, #33554432	@ 0x2000000
    GPIO9_DR = v;
    12ae:	6019      	str	r1, [r3, #0]
    GPIO9_DR = v | B_CLK;  spin<S>();
    12b0:	f8c3 b000 	str.w	fp, [r3]
template <int S> struct Nop { static inline void go() { __asm__ volatile("nop"); Nop<S - 1>::go(); } };
    12b4:	bf00      	nop
    12b6:	bf00      	nop
    12b8:	bf00      	nop
    12ba:	bf00      	nop
    12bc:	bf00      	nop
    12be:	bf00      	nop
    12c0:	bf00      	nop
    12c2:	bf00      	nop
    12c4:	bf00      	nop
    12c6:	bf00      	nop
    12c8:	bf00      	nop
    12ca:	bf00      	nop
    GPIO9_DR = v;          spin<S>();
    12cc:	6019      	str	r1, [r3, #0]
template <int S> struct Nop { static inline void go() { __asm__ volatile("nop"); Nop<S - 1>::go(); } };
    12ce:	bf00      	nop
    12d0:	bf00      	nop
    12d2:	bf00      	nop
    12d4:	e00a      	b.n	12ec <void bread<12>(unsigned long, unsigned char*, unsigned long)+0x274>
    12d6:	bf00      	nop
    12d8:	20006e10 	.word	0x20006e10
    12dc:	4200c000 	.word	0x4200c000
    12e0:	20001d20 	.word	0x20001d20
    12e4:	20001d24 	.word	0x20001d24
    12e8:	01400100 	.word	0x01400100
    12ec:	bf00      	nop
    12ee:	bf00      	nop
    12f0:	bf00      	nop
    12f2:	bf00      	nop
    12f4:	bf00      	nop
    12f6:	bf00      	nop
    12f8:	bf00      	nop
    12fa:	bf00      	nop
    12fc:	bf00      	nop
static inline void data_in(void) { GPIO9_GDIR &= ~B_DATA; }
    12fe:	6859      	ldr	r1, [r3, #4]
        for (int k = 0; k < 6; k++) { GPIO9_DR = b | B_CLK; spin<S>(); GPIO9_DR = b; spin<S>(); }
    1300:	f04f 0b06 	mov.w	fp, #6
static inline void data_in(void) { GPIO9_GDIR &= ~B_DATA; }
    1304:	f021 5170 	bic.w	r1, r1, #1006632960	@ 0x3c000000
    1308:	6059      	str	r1, [r3, #4]
        for (int k = 0; k < 6; k++) { GPIO9_DR = b | B_CLK; spin<S>(); GPIO9_DR = b; spin<S>(); }
    130a:	f042 7100 	orr.w	r1, r2, #33554432	@ 0x2000000
    130e:	6019      	str	r1, [r3, #0]
template <int S> struct Nop { static inline void go() { __asm__ volatile("nop"); Nop<S - 1>::go(); } };
    1310:	bf00      	nop
    1312:	bf00      	nop
    1314:	bf00      	nop
    1316:	bf00      	nop
    1318:	bf00      	nop
    131a:	bf00      	nop
    131c:	bf00      	nop
    131e:	bf00      	nop
    1320:	bf00      	nop
    1322:	bf00      	nop
    1324:	bf00      	nop
    1326:	bf00      	nop
        for (int k = 0; k < 6; k++) { GPIO9_DR = b | B_CLK; spin<S>(); GPIO9_DR = b; spin<S>(); }
    1328:	601a      	str	r2, [r3, #0]
template <int S> struct Nop { static inline void go() { __asm__ volatile("nop"); Nop<S - 1>::go(); } };
    132a:	bf00      	nop
    132c:	bf00      	nop
    132e:	bf00      	nop
    1330:	bf00      	nop
    1332:	bf00      	nop
    1334:	bf00      	nop
    1336:	bf00      	nop
    1338:	bf00      	nop
    133a:	bf00      	nop
    133c:	bf00      	nop
    133e:	bf00      	nop
    1340:	bf00      	nop
        for (int k = 0; k < 6; k++) { GPIO9_DR = b | B_CLK; spin<S>(); GPIO9_DR = b; spin<S>(); }
    1342:	f1bb 0b01 	subs.w	fp, fp, #1
    1346:	d1e2      	bne.n	130e <void bread<12>(unsigned long, unsigned char*, unsigned long)+0x296>
        for (uint32_t i = 0; i < n; i++) {
    1348:	f1be 0f00 	cmp.w	lr, #0
    134c:	d059      	beq.n	1402 <void bread<12>(unsigned long, unsigned char*, unsigned long)+0x38a>
    134e:	f10c 37ff 	add.w	r7, ip, #4294967295
    1352:	44f4      	add	ip, lr
    1354:	f10c 38ff 	add.w	r8, ip, #4294967295
    GPIO9_DR = base | B_CLK;  spin<S>();
    1358:	6019      	str	r1, [r3, #0]
template <int S> struct Nop { static inline void go() { __asm__ volatile("nop"); Nop<S - 1>::go(); } };
    135a:	bf00      	nop
    135c:	bf00      	nop
    135e:	bf00      	nop
    1360:	bf00      	nop
    1362:	bf00      	nop
    1364:	bf00      	nop
    1366:	bf00      	nop
    1368:	bf00      	nop
    136a:	bf00      	nop
    136c:	bf00      	nop
    136e:	bf00      	nop
    1370:	bf00      	nop
    const uint8_t n = (uint8_t)((GPIO9_PSR >> DSHIFT) & 0xF);
    1372:	689e      	ldr	r6, [r3, #8]
    GPIO9_DR = base;          spin<S>();
    1374:	601a      	str	r2, [r3, #0]
template <int S> struct Nop { static inline void go() { __asm__ volatile("nop"); Nop<S - 1>::go(); } };
    1376:	bf00      	nop
    1378:	bf00      	nop
    137a:	bf00      	nop
    137c:	bf00      	nop
    137e:	bf00      	nop
    1380:	bf00      	nop
    1382:	bf00      	nop
    1384:	bf00      	nop
    1386:	bf00      	nop
    1388:	bf00      	nop
    138a:	bf00      	nop
    138c:	bf00      	nop
    GPIO9_DR = base | B_CLK;  spin<S>();
    138e:	6019      	str	r1, [r3, #0]
template <int S> struct Nop { static inline void go() { __asm__ volatile("nop"); Nop<S - 1>::go(); } };
    1390:	bf00      	nop
    1392:	bf00      	nop
    1394:	bf00      	nop
    1396:	bf00      	nop
    1398:	bf00      	nop
    139a:	bf00      	nop
    139c:	bf00      	nop
    139e:	bf00      	nop
    13a0:	bf00      	nop
    13a2:	bf00      	nop
    13a4:	bf00      	nop
    13a6:	bf00      	nop
    const uint8_t n = (uint8_t)((GPIO9_PSR >> DSHIFT) & 0xF);
    13a8:	689d      	ldr	r5, [r3, #8]
    GPIO9_DR = base;          spin<S>();
    13aa:	601a      	str	r2, [r3, #0]
template <int S> struct Nop { static inline void go() { __asm__ volatile("nop"); Nop<S - 1>::go(); } };
    13ac:	bf00      	nop
    13ae:	bf00      	nop
    13b0:	bf00      	nop
    13b2:	bf00      	nop
    13b4:	bf00      	nop
    13b6:	bf00      	nop
    13b8:	bf00      	nop
    13ba:	bf00      	nop
    13bc:	bf00      	nop
    13be:	bf00      	nop
    13c0:	bf00      	nop
    13c2:	bf00      	nop
    const uint8_t n = (uint8_t)((GPIO9_PSR >> DSHIFT) & 0xF);
    13c4:	0eb6      	lsrs	r6, r6, #26
    13c6:	f3c5 6583 	ubfx	r5, r5, #26, #4
            d[i] = (uint8_t)((hi << 4) | get_nib<S>(b));
    13ca:	ea45 1506 	orr.w	r5, r5, r6, lsl #4
    13ce:	f807 5f01 	strb.w	r5, [r7, #1]!
        for (uint32_t i = 0; i < n; i++) {
    13d2:	4547      	cmp	r7, r8
    13d4:	d1c0      	bne.n	1358 <void bread<12>(unsigned long, unsigned char*, unsigned long)+0x2e0>
        GPIO9_DR = idle; bus_out();
    13d6:	4a11      	ldr	r2, [pc, #68]	@ (141c <void bread<12>(unsigned long, unsigned char*, unsigned long)+0x3a4>)
    while (len) {
    13d8:	ebb4 040e 	subs.w	r4, r4, lr
        GPIO9_DR = idle; bus_out();
    13dc:	6812      	ldr	r2, [r2, #0]
    13de:	601a      	str	r2, [r3, #0]
static inline void bus_out(void) { GPIO9_GDIR |= (B_DATA | B_CLK | B_SS0 | B_SS1); }
    13e0:	6859      	ldr	r1, [r3, #4]
    13e2:	f041 517d 	orr.w	r1, r1, #1061158912	@ 0x3f400000
    13e6:	6059      	str	r1, [r3, #4]
    while (len) {
    13e8:	d013      	beq.n	1412 <void bread<12>(unsigned long, unsigned char*, unsigned long)+0x39a>
        a += n; d += n; len -= n;
    13ea:	4470      	add	r0, lr
    13ec:	f000 010f 	and.w	r1, r0, #15
    13f0:	ea4f 5910 	mov.w	r9, r0, lsr #20
    13f4:	ea4f 4810 	mov.w	r8, r0, lsr #16
    13f8:	0b07      	lsrs	r7, r0, #12
    13fa:	9101      	str	r1, [sp, #4]
    13fc:	0a06      	lsrs	r6, r0, #8
    13fe:	0905      	lsrs	r5, r0, #4
    1400:	e651      	b.n	10a6 <void bread<12>(unsigned long, unsigned char*, unsigned long)+0x2e>
        GPIO9_DR = idle; bus_out();
    1402:	4a06      	ldr	r2, [pc, #24]	@ (141c <void bread<12>(unsigned long, unsigned char*, unsigned long)+0x3a4>)
    1404:	6812      	ldr	r2, [r2, #0]
    1406:	601a      	str	r2, [r3, #0]
static inline void bus_out(void) { GPIO9_GDIR |= (B_DATA | B_CLK | B_SS0 | B_SS1); }
    1408:	6859      	ldr	r1, [r3, #4]
    140a:	f041 517d 	orr.w	r1, r1, #1061158912	@ 0x3f400000
    140e:	6059      	str	r1, [r3, #4]
    while (len) {
    1410:	e649      	b.n	10a6 <void bread<12>(unsigned long, unsigned char*, unsigned long)+0x2e>
}
    1412:	b003      	add	sp, #12
    1414:	e8bd 8ff0 	ldmia.w	sp!, {r4, r5, r6, r7, r8, r9, sl, fp, pc}
    1418:	4770      	bx	lr
    141a:	bf00      	nop
    141c:	20006e10 	.word	0x20006e10

00001420 <void bwrite<16>(unsigned long, unsigned char const*, unsigned long)>:
    while (len) {
    1420:	2a00      	cmp	r2, #0
    1422:	f000 81f6 	beq.w	1812 <void bwrite<16>(unsigned long, unsigned char const*, unsigned long)+0x3f2>
    return (idle | B_SS0 | B_SS1 | B_DEC) & ~g_csbit & ~B_CLK & ~B_DATA;
    1426:	4b92      	ldr	r3, [pc, #584]	@ (1670 <void bwrite<16>(unsigned long, unsigned char const*, unsigned long)+0x250>)
template <int S> static void bwrite(uint32_t a, const uint8_t *s, uint32_t len)
    1428:	e92d 4ff0 	stmdb	sp!, {r4, r5, r6, r7, r8, r9, sl, fp, lr}
    142c:	4696      	mov	lr, r2
    142e:	b083      	sub	sp, #12
    return (idle | B_SS0 | B_SS1 | B_DEC) & ~g_csbit & ~B_CLK & ~B_DATA;
    1430:	681a      	ldr	r2, [r3, #0]
    1432:	f000 030f 	and.w	r3, r0, #15
    1436:	0905      	lsrs	r5, r0, #4
    1438:	f8df a240 	ldr.w	sl, [pc, #576]	@ 167c <void bwrite<16>(unsigned long, unsigned char const*, unsigned long)+0x25c>
    143c:	9300      	str	r3, [sp, #0]
    143e:	ea4f 5910 	mov.w	r9, r0, lsr #20
    1442:	ea4f 4810 	mov.w	r8, r0, lsr #16
static inline void bus_out(void) { GPIO9_GDIR |= (B_DATA | B_CLK | B_SS0 | B_SS1); }
    1446:	4b8b      	ldr	r3, [pc, #556]	@ (1674 <void bwrite<16>(unsigned long, unsigned char const*, unsigned long)+0x254>)
    1448:	0b07      	lsrs	r7, r0, #12
    return (idle | B_SS0 | B_SS1 | B_DEC) & ~g_csbit & ~B_CLK & ~B_DATA;
    144a:	9501      	str	r5, [sp, #4]
    144c:	0a06      	lsrs	r6, r0, #8
static inline void bus_out(void) { GPIO9_GDIR |= (B_DATA | B_CLK | B_SS0 | B_SS1); }
    144e:	685c      	ldr	r4, [r3, #4]
    return (idle | B_SS0 | B_SS1 | B_DEC) & ~g_csbit & ~B_CLK & ~B_DATA;
    1450:	f042 2201 	orr.w	r2, r2, #16777472	@ 0x1000100
        const uint32_t n = (len > g_burst) ? g_burst : len;
    1454:	4d88      	ldr	r5, [pc, #544]	@ (1678 <void bwrite<16>(unsigned long, unsigned char const*, unsigned long)+0x258>)
static inline void bus_out(void) { GPIO9_GDIR |= (B_DATA | B_CLK | B_SS0 | B_SS1); }
    1456:	f044 547d 	orr.w	r4, r4, #1061158912	@ 0x3f400000
    return (idle | B_SS0 | B_SS1 | B_DEC) & ~g_csbit & ~B_CLK & ~B_DATA;
    145a:	f442 0280 	orr.w	r2, r2, #4194304	@ 0x400000
        const uint32_t n = (len > g_burst) ? g_burst : len;
    145e:	f8d5 c000 	ldr.w	ip, [r5]
static inline void bus_out(void) { GPIO9_GDIR |= (B_DATA | B_CLK | B_SS0 | B_SS1); }
    1462:	605c      	str	r4, [r3, #4]
    return (idle | B_SS0 | B_SS1 | B_DEC) & ~g_csbit & ~B_CLK & ~B_DATA;
    1464:	f8da 4000 	ldr.w	r4, [sl]
        const uint32_t n = (len > g_burst) ? g_burst : len;
    1468:	45f4      	cmp	ip, lr
    return (idle | B_SS0 | B_SS1 | B_DEC) & ~g_csbit & ~B_CLK & ~B_DATA;
    146a:	ea22 0204 	bic.w	r2, r2, r4
        const uint32_t n = (len > g_burst) ? g_burst : len;
    146e:	bf28      	it	cs
    1470:	46f4      	movcs	ip, lr
    return (idle | B_SS0 | B_SS1 | B_DEC) & ~g_csbit & ~B_CLK & ~B_DATA;
    1472:	f022 5278 	bic.w	r2, r2, #1040187392	@ 0x3e000000
    const uint32_t v = base | ((uint32_t)nib << DSHIFT);
    1476:	f042 6440 	orr.w	r4, r2, #201326592	@ 0xc000000
    GPIO9_DR = v | B_CLK;  spin<S>();
    147a:	f042 6b60 	orr.w	fp, r2, #234881024	@ 0xe000000
        bus_out(); const uint32_t b = cbase(); GPIO9_DR = b;
    147e:	601a      	str	r2, [r3, #0]
    GPIO9_DR = v;
    1480:	601c      	str	r4, [r3, #0]
    GPIO9_DR = v | B_CLK;  spin<S>();
    1482:	f8c3 b000 	str.w	fp, [r3]
template <int S> struct Nop { static inline void go() { __asm__ volatile("nop"); Nop<S - 1>::go(); } };
    1486:	bf00      	nop
    1488:	bf00      	nop
    148a:	bf00      	nop
    148c:	bf00      	nop
    148e:	bf00      	nop
    1490:	bf00      	nop
    1492:	bf00      	nop
    1494:	bf00      	nop
    1496:	bf00      	nop
    1498:	bf00      	nop
    149a:	bf00      	nop
    149c:	bf00      	nop
    149e:	bf00      	nop
    14a0:	bf00      	nop
    14a2:	bf00      	nop
    14a4:	bf00      	nop
    GPIO9_DR = v;          spin<S>();
    14a6:	601c      	str	r4, [r3, #0]
template <int S> struct Nop { static inline void go() { __asm__ volatile("nop"); Nop<S - 1>::go(); } };
    14a8:	bf00      	nop
    14aa:	bf00      	nop
    14ac:	bf00      	nop
    14ae:	bf00      	nop
    14b0:	bf00      	nop
    14b2:	bf00      	nop
    14b4:	bf00      	nop
    14b6:	bf00      	nop
    14b8:	bf00      	nop
    14ba:	bf00      	nop
    14bc:	bf00      	nop
    14be:	bf00      	nop
    14c0:	bf00      	nop
    14c2:	bf00      	nop
    14c4:	bf00      	nop
    14c6:	bf00      	nop
    const uint32_t v = base | ((uint32_t)nib << DSHIFT);
    14c8:	f042 5400 	orr.w	r4, r2, #536870912	@ 0x20000000
    GPIO9_DR = v | B_CLK;  spin<S>();
    14cc:	f042 5b08 	orr.w	fp, r2, #570425344	@ 0x22000000
    GPIO9_DR = v;
    14d0:	601c      	str	r4, [r3, #0]
    GPIO9_DR = v | B_CLK;  spin<S>();
    14d2:	f8c3 b000 	str.w	fp, [r3]
template <int S> struct Nop { static inline void go() { __asm__ volatile("nop"); Nop<S - 1>::go(); } };
    14d6:	bf00      	nop
    14d8:	bf00      	nop
    14da:	bf00      	nop
    14dc:	bf00      	nop
    14de:	bf00      	nop
    14e0:	bf00      	nop
    14e2:	bf00      	nop
    14e4:	bf00      	nop
    14e6:	bf00      	nop
    14e8:	bf00      	nop
    14ea:	bf00      	nop
    14ec:	bf00      	nop
    14ee:	bf00      	nop
    14f0:	bf00      	nop
    14f2:	bf00      	nop
    14f4:	bf00      	nop
    GPIO9_DR = v;          spin<S>();
    14f6:	601c      	str	r4, [r3, #0]
template <int S> struct Nop { static inline void go() { __asm__ volatile("nop"); Nop<S - 1>::go(); } };
    14f8:	bf00      	nop
    14fa:	bf00      	nop
    14fc:	bf00      	nop
    14fe:	bf00      	nop
    1500:	bf00      	nop
    1502:	bf00      	nop
    1504:	bf00      	nop
    1506:	bf00      	nop
    1508:	bf00      	nop
    150a:	bf00      	nop
    150c:	bf00      	nop
    150e:	bf00      	nop
    1510:	bf00      	nop
    1512:	bf00      	nop
    1514:	bf00      	nop
    1516:	bf00      	nop
    const uint32_t v = base | ((uint32_t)nib << DSHIFT);
    1518:	f009 040f 	and.w	r4, r9, #15
    151c:	ea42 6484 	orr.w	r4, r2, r4, lsl #26
    GPIO9_DR = v | B_CLK;  spin<S>();
    1520:	f044 7b00 	orr.w	fp, r4, #33554432	@ 0x2000000
    GPIO9_DR = v;
    1524:	601c      	str	r4, [r3, #0]
    GPIO9_DR = v | B_CLK;  spin<S>();
    1526:	f8c3 b000 	str.w	fp, [r3]
template <int S> struct Nop { static inline void go() { __asm__ volatile("nop"); Nop<S - 1>::go(); } };
    152a:	bf00      	nop
    152c:	bf00      	nop
    152e:	bf00      	nop
    1530:	bf00      	nop
    1532:	bf00      	nop
    1534:	bf00      	nop
    1536:	bf00      	nop
    1538:	bf00      	nop
    153a:	bf00      	nop
    153c:	bf00      	nop
    153e:	bf00      	nop
    1540:	bf00      	nop
    1542:	bf00      	nop
    1544:	bf00      	nop
    1546:	bf00      	nop
    1548:	bf00      	nop
    GPIO9_DR = v;          spin<S>();
    154a:	601c      	str	r4, [r3, #0]
template <int S> struct Nop { static inline void go() { __asm__ volatile("nop"); Nop<S - 1>::go(); } };
    154c:	bf00      	nop
    154e:	bf00      	nop
    1550:	bf00      	nop
    1552:	bf00      	nop
    1554:	bf00      	nop
    1556:	bf00      	nop
    1558:	bf00      	nop
    155a:	bf00      	nop
    155c:	bf00      	nop
    155e:	bf00      	nop
    1560:	bf00      	nop
    1562:	bf00      	nop
    1564:	bf00      	nop
    1566:	bf00      	nop
    1568:	bf00      	nop
    156a:	bf00      	nop
    const uint32_t v = base | ((uint32_t)nib << DSHIFT);
    156c:	f008 040f 	and.w	r4, r8, #15
    1570:	ea42 6484 	orr.w	r4, r2, r4, lsl #26
    GPIO9_DR = v | B_CLK;  spin<S>();
    1574:	f044 7b00 	orr.w	fp, r4, #33554432	@ 0x2000000
    GPIO9_DR = v;
    1578:	601c      	str	r4, [r3, #0]
    GPIO9_DR = v | B_CLK;  spin<S>();
    157a:	f8c3 b000 	str.w	fp, [r3]
template <int S> struct Nop { static inline void go() { __asm__ volatile("nop"); Nop<S - 1>::go(); } };
    157e:	bf00      	nop
    1580:	bf00      	nop
    1582:	bf00      	nop
    1584:	bf00      	nop
    1586:	bf00      	nop
    1588:	bf00      	nop
    158a:	bf00      	nop
    158c:	bf00      	nop
    158e:	bf00      	nop
    1590:	bf00      	nop
    1592:	bf00      	nop
    1594:	bf00      	nop
    1596:	bf00      	nop
    1598:	bf00      	nop
    159a:	bf00      	nop
    159c:	bf00      	nop
    GPIO9_DR = v;          spin<S>();
    159e:	601c      	str	r4, [r3, #0]
template <int S> struct Nop { static inline void go() { __asm__ volatile("nop"); Nop<S - 1>::go(); } };
    15a0:	bf00      	nop
    15a2:	bf00      	nop
    15a4:	bf00      	nop
    15a6:	bf00      	nop
    15a8:	bf00      	nop
    15aa:	bf00      	nop
    15ac:	bf00      	nop
    15ae:	bf00      	nop
    15b0:	bf00      	nop
    15b2:	bf00      	nop
    15b4:	bf00      	nop
    15b6:	bf00      	nop
    15b8:	bf00      	nop
    15ba:	bf00      	nop
    15bc:	bf00      	nop
    15be:	bf00      	nop
    const uint32_t v = base | ((uint32_t)nib << DSHIFT);
    15c0:	f007 040f 	and.w	r4, r7, #15
    15c4:	ea42 6484 	orr.w	r4, r2, r4, lsl #26
    GPIO9_DR = v | B_CLK;  spin<S>();
    15c8:	f044 7b00 	orr.w	fp, r4, #33554432	@ 0x2000000
    GPIO9_DR = v;
    15cc:	601c      	str	r4, [r3, #0]
    GPIO9_DR = v | B_CLK;  spin<S>();
    15ce:	f8c3 b000 	str.w	fp, [r3]
template <int S> struct Nop { static inline void go() { __asm__ volatile("nop"); Nop<S - 1>::go(); } };
    15d2:	bf00      	nop
    15d4:	bf00      	nop
    15d6:	bf00      	nop
    15d8:	bf00      	nop
    15da:	bf00      	nop
    15dc:	bf00      	nop
    15de:	bf00      	nop
    15e0:	bf00      	nop
    15e2:	bf00      	nop
    15e4:	bf00      	nop
    15e6:	bf00      	nop
    15e8:	bf00      	nop
    15ea:	bf00      	nop
    15ec:	bf00      	nop
    15ee:	bf00      	nop
    15f0:	bf00      	nop
    GPIO9_DR = v;          spin<S>();
    15f2:	601c      	str	r4, [r3, #0]
template <int S> struct Nop { static inline void go() { __asm__ volatile("nop"); Nop<S - 1>::go(); } };
    15f4:	bf00      	nop
    15f6:	bf00      	nop
    15f8:	bf00      	nop
    15fa:	bf00      	nop
    15fc:	bf00      	nop
    15fe:	bf00      	nop
    1600:	bf00      	nop
    1602:	bf00      	nop
    1604:	bf00      	nop
    1606:	bf00      	nop
    1608:	bf00      	nop
    160a:	bf00      	nop
    160c:	bf00      	nop
    160e:	bf00      	nop
    1610:	bf00      	nop
    1612:	bf00      	nop
    const uint32_t v = base | ((uint32_t)nib << DSHIFT);
    1614:	f006 040f 	and.w	r4, r6, #15
    1618:	ea42 6484 	orr.w	r4, r2, r4, lsl #26
    GPIO9_DR = v | B_CLK;  spin<S>();
    161c:	f044 7b00 	orr.w	fp, r4, #33554432	@ 0x2000000
    GPIO9_DR = v;
    1620:	601c      	str	r4, [r3, #0]
    GPIO9_DR = v | B_CLK;  spin<S>();
    1622:	f8c3 b000 	str.w	fp, [r3]
template <int S> struct Nop { static inline void go() { __asm__ volatile("nop"); Nop<S - 1>::go(); } };
    1626:	bf00      	nop
    1628:	bf00      	nop
    162a:	bf00      	nop
    162c:	bf00      	nop
    162e:	bf00      	nop
    1630:	bf00      	nop
    1632:	bf00      	nop
    1634:	bf00      	nop
    1636:	bf00      	nop
    1638:	bf00      	nop
    163a:	bf00      	nop
    163c:	bf00      	nop
    163e:	bf00      	nop
    1640:	bf00      	nop
    1642:	bf00      	nop
    1644:	bf00      	nop
    GPIO9_DR = v;          spin<S>();
    1646:	601c      	str	r4, [r3, #0]
template <int S> struct Nop { static inline void go() { __asm__ volatile("nop"); Nop<S - 1>::go(); } };
    1648:	bf00      	nop
    164a:	bf00      	nop
    164c:	bf00      	nop
    164e:	bf00      	nop
    1650:	bf00      	nop
    1652:	bf00      	nop
    1654:	bf00      	nop
    1656:	bf00      	nop
    1658:	bf00      	nop
    165a:	bf00      	nop
    165c:	bf00      	nop
    165e:	bf00      	nop
    1660:	bf00      	nop
    1662:	bf00      	nop
    1664:	bf00      	nop
    1666:	bf00      	nop
    const uint32_t v = base | ((uint32_t)nib << DSHIFT);
    1668:	9c01      	ldr	r4, [sp, #4]
    166a:	f004 040f 	and.w	r4, r4, #15
    166e:	e007      	b.n	1680 <void bwrite<16>(unsigned long, unsigned char const*, unsigned long)+0x260>
    1670:	20006e10 	.word	0x20006e10
    1674:	4200c000 	.word	0x4200c000
    1678:	20001d20 	.word	0x20001d20
    167c:	20001d24 	.word	0x20001d24
    1680:	ea42 6484 	orr.w	r4, r2, r4, lsl #26
    GPIO9_DR = v | B_CLK;  spin<S>();
    1684:	f044 7b00 	orr.w	fp, r4, #33554432	@ 0x2000000
    GPIO9_DR = v;
    1688:	601c      	str	r4, [r3, #0]
    GPIO9_DR = v | B_CLK;  spin<S>();
    168a:	f8c3 b000 	str.w	fp, [r3]
template <int S> struct Nop { static inline void go() { __asm__ volatile("nop"); Nop<S - 1>::go(); } };
    168e:	bf00      	nop
    1690:	bf00      	nop
    1692:	bf00      	nop
    1694:	bf00      	nop
    1696:	bf00      	nop
    1698:	bf00      	nop
    169a:	bf00      	nop
    169c:	bf00      	nop
    169e:	bf00      	nop
    16a0:	bf00      	nop
    16a2:	bf00      	nop
    16a4:	bf00      	nop
    16a6:	bf00      	nop
    16a8:	bf00      	nop
    16aa:	bf00      	nop
    16ac:	bf00      	nop
    GPIO9_DR = v;          spin<S>();
    16ae:	601c      	str	r4, [r3, #0]
template <int S> struct Nop { static inline void go() { __asm__ volatile("nop"); Nop<S - 1>::go(); } };
    16b0:	bf00      	nop
    16b2:	bf00      	nop
    16b4:	bf00      	nop
    16b6:	bf00      	nop
    16b8:	bf00      	nop
    16ba:	bf00      	nop
    16bc:	bf00      	nop
    16be:	bf00      	nop
    16c0:	bf00      	nop
    16c2:	bf00      	nop
    16c4:	bf00      	nop
    16c6:	bf00      	nop
    16c8:	bf00      	nop
    16ca:	bf00      	nop
    16cc:	bf00      	nop
    16ce:	bf00      	nop
    const uint32_t v = base | ((uint32_t)nib << DSHIFT);
    16d0:	9c00      	ldr	r4, [sp, #0]
    16d2:	ea42 6484 	orr.w	r4, r2, r4, lsl #26
    GPIO9_DR = v | B_CLK;  spin<S>();
    16d6:	f044 7b00 	orr.w	fp, r4, #33554432	@ 0x2000000
    GPIO9_DR = v;
    16da:	601c      	str	r4, [r3, #0]
    GPIO9_DR = v | B_CLK;  spin<S>();
    16dc:	f8c3 b000 	str.w	fp, [r3]
template <int S> struct Nop { static inline void go() { __asm__ volatile("nop"); Nop<S - 1>::go(); } };
    16e0:	bf00      	nop
    16e2:	bf00      	nop
    16e4:	bf00      	nop
    16e6:	bf00      	nop
    16e8:	bf00      	nop
    16ea:	bf00      	nop
    16ec:	bf00      	nop
    16ee:	bf00      	nop
    16f0:	bf00      	nop
    16f2:	bf00      	nop
    16f4:	bf00      	nop
    16f6:	bf00      	nop
    16f8:	bf00      	nop
    16fa:	bf00      	nop
    16fc:	bf00      	nop
    16fe:	bf00      	nop
    GPIO9_DR = v;          spin<S>();
    1700:	601c      	str	r4, [r3, #0]
template <int S> struct Nop { static inline void go() { __asm__ volatile("nop"); Nop<S - 1>::go(); } };
    1702:	bf00      	nop
    1704:	bf00      	nop
    1706:	bf00      	nop
    1708:	bf00      	nop
    170a:	bf00      	nop
    170c:	bf00      	nop
    170e:	bf00      	nop
    1710:	bf00      	nop
    1712:	bf00      	nop
    1714:	bf00      	nop
    1716:	bf00      	nop
    1718:	bf00      	nop
    171a:	bf00      	nop
    171c:	bf00      	nop
    171e:	bf00      	nop
    1720:	bf00      	nop
        for (uint32_t i = 0; i < n; i++) { put_nib<S>(b, s[i] >> 4); put_nib<S>(b, s[i] & 0xF); }
    1722:	f1bc 0f00 	cmp.w	ip, #0
    1726:	d06d      	beq.n	1804 <void bwrite<16>(unsigned long, unsigned char const*, unsigned long)+0x3e4>
    1728:	eb0c 0501 	add.w	r5, ip, r1
    172c:	3901      	subs	r1, #1
    172e:	1e6e      	subs	r6, r5, #1
    1730:	f811 4f01 	ldrb.w	r4, [r1, #1]!
    const uint32_t v = base | ((uint32_t)nib << DSHIFT);
    1734:	0924      	lsrs	r4, r4, #4
    1736:	ea42 6484 	orr.w	r4, r2, r4, lsl #26
    GPIO9_DR = v | B_CLK;  spin<S>();
    173a:	f044 7700 	orr.w	r7, r4, #33554432	@ 0x2000000
    GPIO9_DR = v;
    173e:	601c      	str	r4, [r3, #0]
    GPIO9_DR = v | B_CLK;  spin<S>();
    1740:	601f      	str	r7, [r3, #0]
template <int S> struct Nop { static inline void go() { __asm__ volatile("nop"); Nop<S - 1>::go(); } };
    1742:	bf00      	nop
    1744:	bf00      	nop
    1746:	bf00      	nop
    1748:	bf00      	nop
    174a:	bf00      	nop
    174c:	bf00      	nop
    174e:	bf00      	nop
    1750:	bf00      	nop
    1752:	bf00      	nop
    1754:	bf00      	nop
    1756:	bf00      	nop
    1758:	bf00      	nop
    175a:	bf00      	nop
    175c:	bf00      	nop
    175e:	bf00      	nop
    1760:	bf00      	nop
    GPIO9_DR = v;          spin<S>();
    1762:	601c      	str	r4, [r3, #0]
template <int S> struct Nop { static inline void go() { __asm__ volatile("nop"); Nop<S - 1>::go(); } };
    1764:	bf00      	nop
    1766:	bf00      	nop
    1768:	bf00      	nop
    176a:	bf00      	nop
    176c:	bf00      	nop
    176e:	bf00      	nop
    1770:	bf00      	nop
    1772:	bf00      	nop
    1774:	bf00      	nop
    1776:	bf00      	nop
    1778:	bf00      	nop
    177a:	bf00      	nop
    177c:	bf00      	nop
    177e:	bf00      	nop
    1780:	bf00      	nop
    1782:	bf00      	nop
        for (uint32_t i = 0; i < n; i++) { put_nib<S>(b, s[i] >> 4); put_nib<S>(b, s[i] & 0xF); }
    1784:	780c      	ldrb	r4, [r1, #0]
    const uint32_t v = base | ((uint32_t)nib << DSHIFT);
    1786:	f004 040f 	and.w	r4, r4, #15
    178a:	ea42 6484 	orr.w	r4, r2, r4, lsl #26
    GPIO9_DR = v | B_CLK;  spin<S>();
    178e:	f044 7700 	orr.w	r7, r4, #33554432	@ 0x2000000
    GPIO9_DR = v;
    1792:	601c      	str	r4, [r3, #0]
    GPIO9_DR = v | B_CLK;  spin<S>();
    1794:	601f      	str	r7, [r3, #0]
template <int S> struct Nop { static inline void go() { __asm__ volatile("nop"); Nop<S - 1>::go(); } };
    1796:	bf00      	nop
    1798:	bf00      	nop
    179a:	bf00      	nop
    179c:	bf00      	nop
    179e:	bf00      	nop
    17a0:	bf00      	nop
    17a2:	bf00      	nop
    17a4:	bf00      	nop
    17a6:	bf00      	nop
    17a8:	bf00      	nop
    17aa:	bf00      	nop
    17ac:	bf00      	nop
    17ae:	bf00      	nop
    17b0:	bf00      	nop
    17b2:	bf00      	nop
    17b4:	bf00      	nop
    GPIO9_DR = v;          spin<S>();
    17b6:	601c      	str	r4, [r3, #0]
template <int S> struct Nop { static inline void go() { __asm__ volatile("nop"); Nop<S - 1>::go(); } };
    17b8:	bf00      	nop
    17ba:	bf00      	nop
    17bc:	bf00      	nop
    17be:	bf00      	nop
    17c0:	bf00      	nop
    17c2:	bf00      	nop
    17c4:	bf00      	nop
    17c6:	bf00      	nop
    17c8:	bf00      	nop
    17ca:	bf00      	nop
    17cc:	bf00      	nop
    17ce:	bf00      	nop
    17d0:	bf00      	nop
    17d2:	bf00      	nop
    17d4:	bf00      	nop
    17d6:	bf00      	nop
        for (uint32_t i = 0; i < n; i++) { put_nib<S>(b, s[i] >> 4); put_nib<S>(b, s[i] & 0xF); }
    17d8:	42b1      	cmp	r1, r6
    17da:	d1a9      	bne.n	1730 <void bwrite<16>(unsigned long, unsigned char const*, unsigned long)+0x310>
        GPIO9_DR = idle;
    17dc:	4a0d      	ldr	r2, [pc, #52]	@ (1814 <void bwrite<16>(unsigned long, unsigned char const*, unsigned long)+0x3f4>)
    while (len) {
    17de:	ebbe 0e0c 	subs.w	lr, lr, ip
        GPIO9_DR = idle;
    17e2:	6812      	ldr	r2, [r2, #0]
    17e4:	601a      	str	r2, [r3, #0]
    while (len) {
    17e6:	d011      	beq.n	180c <void bwrite<16>(unsigned long, unsigned char const*, unsigned long)+0x3ec>
        a += n; s += n; len -= n;
    17e8:	4460      	add	r0, ip
    17ea:	4629      	mov	r1, r5
    17ec:	0904      	lsrs	r4, r0, #4
    17ee:	ea4f 5910 	mov.w	r9, r0, lsr #20
    17f2:	9401      	str	r4, [sp, #4]
    17f4:	f000 040f 	and.w	r4, r0, #15
    17f8:	ea4f 4810 	mov.w	r8, r0, lsr #16
    17fc:	0b07      	lsrs	r7, r0, #12
    17fe:	9400      	str	r4, [sp, #0]
    1800:	0a06      	lsrs	r6, r0, #8
    1802:	e624      	b.n	144e <void bwrite<16>(unsigned long, unsigned char const*, unsigned long)+0x2e>
        GPIO9_DR = idle;
    1804:	4a03      	ldr	r2, [pc, #12]	@ (1814 <void bwrite<16>(unsigned long, unsigned char const*, unsigned long)+0x3f4>)
    1806:	6812      	ldr	r2, [r2, #0]
    1808:	601a      	str	r2, [r3, #0]
    while (len) {
    180a:	e620      	b.n	144e <void bwrite<16>(unsigned long, unsigned char const*, unsigned long)+0x2e>
}
    180c:	b003      	add	sp, #12
    180e:	e8bd 8ff0 	ldmia.w	sp!, {r4, r5, r6, r7, r8, r9, sl, fp, pc}
    1812:	4770      	bx	lr
    1814:	20006e10 	.word	0x20006e10

00001818 <void bread<16>(unsigned long, unsigned char*, unsigned long)>:
    while (len) {
    1818:	2a00      	cmp	r2, #0
    181a:	f000 8225 	beq.w	1c68 <void bread<16>(unsigned long, unsigned char*, unsigned long)+0x450>
    return (idle | B_SS0 | B_SS1 | B_DEC) & ~g_csbit & ~B_CLK & ~B_DATA;
    181e:	4b94      	ldr	r3, [pc, #592]	@ (1a70 <void bread<16>(unsigned long, unsigned char*, unsigned long)+0x258>)
    1820:	468c      	mov	ip, r1
template <int S> static void bread(uint32_t a, uint8_t *d, uint32_t len)
    1822:	e92d 4ff0 	stmdb	sp!, {r4, r5, r6, r7, r8, r9, sl, fp, lr}
    1826:	4614      	mov	r4, r2
    1828:	b083      	sub	sp, #12
    return (idle | B_SS0 | B_SS1 | B_DEC) & ~g_csbit & ~B_CLK & ~B_DATA;
    182a:	681a      	ldr	r2, [r3, #0]
    182c:	f000 030f 	and.w	r3, r0, #15
    1830:	f8df a248 	ldr.w	sl, [pc, #584]	@ 1a7c <void bread<16>(unsigned long, unsigned char*, unsigned long)+0x264>
    1834:	ea4f 5910 	mov.w	r9, r0, lsr #20
    1838:	9301      	str	r3, [sp, #4]
    183a:	ea4f 4810 	mov.w	r8, r0, lsr #16
    183e:	0b07      	lsrs	r7, r0, #12
static inline void bus_out(void) { GPIO9_GDIR |= (B_DATA | B_CLK | B_SS0 | B_SS1); }
    1840:	4b8c      	ldr	r3, [pc, #560]	@ (1a74 <void bread<16>(unsigned long, unsigned char*, unsigned long)+0x25c>)
    1842:	0a06      	lsrs	r6, r0, #8
    1844:	0905      	lsrs	r5, r0, #4
    1846:	6859      	ldr	r1, [r3, #4]
    return (idle | B_SS0 | B_SS1 | B_DEC) & ~g_csbit & ~B_CLK & ~B_DATA;
    1848:	f8df b234 	ldr.w	fp, [pc, #564]	@ 1a80 <void bread<16>(unsigned long, unsigned char*, unsigned long)+0x268>
static inline void bus_out(void) { GPIO9_GDIR |= (B_DATA | B_CLK | B_SS0 | B_SS1); }
    184c:	f041 517d 	orr.w	r1, r1, #1061158912	@ 0x3f400000
    return (idle | B_SS0 | B_SS1 | B_DEC) & ~g_csbit & ~B_CLK & ~B_DATA;
    1850:	ea42 0b0b 	orr.w	fp, r2, fp
        const uint32_t n = (len > g_burst) ? g_burst : len;
    1854:	4a88      	ldr	r2, [pc, #544]	@ (1a78 <void bread<16>(unsigned long, unsigned char*, unsigned long)+0x260>)
    1856:	f8d2 e000 	ldr.w	lr, [r2]
static inline void bus_out(void) { GPIO9_GDIR |= (B_DATA | B_CLK | B_SS0 | B_SS1); }
    185a:	6059      	str	r1, [r3, #4]
    return (idle | B_SS0 | B_SS1 | B_DEC) & ~g_csbit & ~B_CLK & ~B_DATA;
    185c:	f8da 1000 	ldr.w	r1, [sl]
        const uint32_t n = (len > g_burst) ? g_burst : len;
    1860:	45a6      	cmp	lr, r4
    return (idle | B_SS0 | B_SS1 | B_DEC) & ~g_csbit & ~B_CLK & ~B_DATA;
    1862:	ea2b 0201 	bic.w	r2, fp, r1
        const uint32_t n = (len > g_burst) ? g_burst : len;
    1866:	bf28      	it	cs
    1868:	46a6      	movcs	lr, r4
    return (idle | B_SS0 | B_SS1 | B_DEC) & ~g_csbit & ~B_CLK & ~B_DATA;
    186a:	f022 5278 	bic.w	r2, r2, #1040187392	@ 0x3e000000
    const uint32_t v = base | ((uint32_t)nib << DSHIFT);
    186e:	f042 5160 	orr.w	r1, r2, #939524096	@ 0x38000000
    GPIO9_DR = v | B_CLK;  spin<S>();
    1872:	f042 5b68 	orr.w	fp, r2, #973078528	@ 0x3a000000
        bus_out(); const uint32_t b = cbase(); GPIO9_DR = b;
    1876:	601a      	str	r2, [r3, #0]
    GPIO9_DR = v;
    1878:	6019      	str	r1, [r3, #0]
    GPIO9_DR = v | B_CLK;  spin<S>();
    187a:	f8c3 b000 	str.w	fp, [r3]
template <int S> struct Nop { static inline void go() { __asm__ volatile("nop"); Nop<S - 1>::go(); } };
    187e:	bf00      	nop
    1880:	bf00      	nop
    1882:	bf00      	nop
    1884:	bf00      	nop
    1886:	bf00      	nop
    1888:	bf00      	nop
    188a:	bf00      	nop
    188c:	bf00      	nop
    188e:	bf00      	nop
    1890:	bf00      	nop
    1892:	bf00      	nop
    1894:	bf00      	nop
    1896:	bf00      	nop
    1898:	bf00      	nop
    189a:	bf00      	nop
    189c:	bf00      	nop
    GPIO9_DR = v;          spin<S>();
    189e:	6019      	str	r1, [r3, #0]
template <int S> struct Nop { static inline void go() { __asm__ volatile("nop"); Nop<S - 1>::go(); } };
    18a0:	bf00      	nop
    18a2:	bf00      	nop
    18a4:	bf00      	nop
    18a6:	bf00      	nop
    18a8:	bf00      	nop
    18aa:	bf00      	nop
    18ac:	bf00      	nop
    18ae:	bf00      	nop
    18b0:	bf00      	nop
    18b2:	bf00      	nop
    18b4:	bf00      	nop
    18b6:	bf00      	nop
    18b8:	bf00      	nop
    18ba:	bf00      	nop
    18bc:	bf00      	nop
    18be:	bf00      	nop
    const uint32_t v = base | ((uint32_t)nib << DSHIFT);
    18c0:	f042 5130 	orr.w	r1, r2, #738197504	@ 0x2c000000
    GPIO9_DR = v | B_CLK;  spin<S>();
    18c4:	f042 5b38 	orr.w	fp, r2, #771751936	@ 0x2e000000
    GPIO9_DR = v;
    18c8:	6019      	str	r1, [r3, #0]
    GPIO9_DR = v | B_CLK;  spin<S>();
    18ca:	f8c3 b000 	str.w	fp, [r3]
template <int S> struct Nop { static inline void go() { __asm__ volatile("nop"); Nop<S - 1>::go(); } };
    18ce:	bf00      	nop
    18d0:	bf00      	nop
    18d2:	bf00      	nop
    18d4:	bf00      	nop
    18d6:	bf00      	nop
    18d8:	bf00      	nop
    18da:	bf00      	nop
    18dc:	bf00      	nop
    18de:	bf00      	nop
    18e0:	bf00      	nop
    18e2:	bf00      	nop
    18e4:	bf00      	nop
    18e6:	bf00      	nop
    18e8:	bf00      	nop
    18ea:	bf00      	nop
    18ec:	bf00      	nop
    GPIO9_DR = v;          spin<S>();
    18ee:	6019      	str	r1, [r3, #0]
template <int S> struct Nop { static inline void go() { __asm__ volatile("nop"); Nop<S - 1>::go(); } };
    18f0:	bf00      	nop
    18f2:	bf00      	nop
    18f4:	bf00      	nop
    18f6:	bf00      	nop
    18f8:	bf00      	nop
    18fa:	bf00      	nop
    18fc:	bf00      	nop
    18fe:	bf00      	nop
    1900:	bf00      	nop
    1902:	bf00      	nop
    1904:	bf00      	nop
    1906:	bf00      	nop
    1908:	bf00      	nop
    190a:	bf00      	nop
    190c:	bf00      	nop
    190e:	bf00      	nop
    const uint32_t v = base | ((uint32_t)nib << DSHIFT);
    1910:	f009 010f 	and.w	r1, r9, #15
    1914:	ea42 6181 	orr.w	r1, r2, r1, lsl #26
    GPIO9_DR = v | B_CLK;  spin<S>();
    1918:	f041 7b00 	orr.w	fp, r1, #33554432	@ 0x2000000
    GPIO9_DR = v;
    191c:	6019      	str	r1, [r3, #0]
    GPIO9_DR = v | B_CLK;  spin<S>();
    191e:	f8c3 b000 	str.w	fp, [r3]
template <int S> struct Nop { static inline void go() { __asm__ volatile("nop"); Nop<S - 1>::go(); } };
    1922:	bf00      	nop
    1924:	bf00      	nop
    1926:	bf00      	nop
    1928:	bf00      	nop
    192a:	bf00      	nop
    192c:	bf00      	nop
    192e:	bf00      	nop
    1930:	bf00      	nop
    1932:	bf00      	nop
    1934:	bf00      	nop
    1936:	bf00      	nop
    1938:	bf00      	nop
    193a:	bf00      	nop
    193c:	bf00      	nop
    193e:	bf00      	nop
    1940:	bf00      	nop
    GPIO9_DR = v;          spin<S>();
    1942:	6019      	str	r1, [r3, #0]
template <int S> struct Nop { static inline void go() { __asm__ volatile("nop"); Nop<S - 1>::go(); } };
    1944:	bf00      	nop
    1946:	bf00      	nop
    1948:	bf00      	nop
    194a:	bf00      	nop
    194c:	bf00      	nop
    194e:	bf00      	nop
    1950:	bf00      	nop
    1952:	bf00      	nop
    1954:	bf00      	nop
    1956:	bf00      	nop
    1958:	bf00      	nop
    195a:	bf00      	nop
    195c:	bf00      	nop
    195e:	bf00      	nop
    1960:	bf00      	nop
    1962:	bf00      	nop
    const uint32_t v = base | ((uint32_t)nib << DSHIFT);
    1964:	f008 010f 	and.w	r1, r8, #15
    1968:	ea42 6181 	orr.w	r1, r2, r1, lsl #26
    GPIO9_DR = v | B_CLK;  spin<S>();
    196c:	f041 7b00 	orr.w	fp, r1, #33554432	@ 0x2000000
    GPIO9_DR = v;
    1970:	6019      	str	r1, [r3, #0]
    GPIO9_DR = v | B_CLK;  spin<S>();
    1972:	f8c3 b000 	str.w	fp, [r3]
template <int S> struct Nop { static inline void go() { __asm__ volatile("nop"); Nop<S - 1>::go(); } };
    1976:	bf00      	nop
    1978:	bf00      	nop
    197a:	bf00      	nop
    197c:	bf00      	nop
    197e:	bf00      	nop
    1980:	bf00      	nop
    1982:	bf00      	nop
    1984:	bf00      	nop
    1986:	bf00      	nop
    1988:	bf00      	nop
    198a:	bf00      	nop
    198c:	bf00      	nop
    198e:	bf00      	nop
    1990:	bf00      	nop
    1992:	bf00      	nop
    1994:	bf00      	nop
    GPIO9_DR = v;          spin<S>();
    1996:	6019      	str	r1, [r3, #0]
template <int S> struct Nop { static inline void go() { __asm__ volatile("nop"); Nop<S - 1>::go(); } };
    1998:	bf00      	nop
    199a:	bf00      	nop
    199c:	bf00      	nop
    199e:	bf00      	nop
    19a0:	bf00      	nop
    19a2:	bf00      	nop
    19a4:	bf00      	nop
    19a6:	bf00      	nop
    19a8:	bf00      	nop
    19aa:	bf00      	nop
    19ac:	bf00      	nop
    19ae:	bf00      	nop
    19b0:	bf00      	nop
    19b2:	bf00      	nop
    19b4:	bf00      	nop
    19b6:	bf00      	nop
    const uint32_t v = base | ((uint32_t)nib << DSHIFT);
    19b8:	f007 010f 	and.w	r1, r7, #15
    19bc:	ea42 6181 	orr.w	r1, r2, r1, lsl #26
    GPIO9_DR = v | B_CLK;  spin<S>();
    19c0:	f041 7b00 	orr.w	fp, r1, #33554432	@ 0x2000000
    GPIO9_DR = v;
    19c4:	6019      	str	r1, [r3, #0]
    GPIO9_DR = v | B_CLK;  spin<S>();
    19c6:	f8c3 b000 	str.w	fp, [r3]
template <int S> struct Nop { static inline void go() { __asm__ volatile("nop"); Nop<S - 1>::go(); } };
    19ca:	bf00      	nop
    19cc:	bf00      	nop
    19ce:	bf00      	nop
    19d0:	bf00      	nop
    19d2:	bf00      	nop
    19d4:	bf00      	nop
    19d6:	bf00      	nop
    19d8:	bf00      	nop
    19da:	bf00      	nop
    19dc:	bf00      	nop
    19de:	bf00      	nop
    19e0:	bf00      	nop
    19e2:	bf00      	nop
    19e4:	bf00      	nop
    19e6:	bf00      	nop
    19e8:	bf00      	nop
    GPIO9_DR = v;          spin<S>();
    19ea:	6019      	str	r1, [r3, #0]
template <int S> struct Nop { static inline void go() { __asm__ volatile("nop"); Nop<S - 1>::go(); } };
    19ec:	bf00      	nop
    19ee:	bf00      	nop
    19f0:	bf00      	nop
    19f2:	bf00      	nop
    19f4:	bf00      	nop
    19f6:	bf00      	nop
    19f8:	bf00      	nop
    19fa:	bf00      	nop
    19fc:	bf00      	nop
    19fe:	bf00      	nop
    1a00:	bf00      	nop
    1a02:	bf00      	nop
    1a04:	bf00      	nop
    1a06:	bf00      	nop
    1a08:	bf00      	nop
    1a0a:	bf00      	nop
    const uint32_t v = base | ((uint32_t)nib << DSHIFT);
    1a0c:	f006 010f 	and.w	r1, r6, #15
    1a10:	ea42 6181 	orr.w	r1, r2, r1, lsl #26
    GPIO9_DR = v | B_CLK;  spin<S>();
    1a14:	f041 7b00 	orr.w	fp, r1, #33554432	@ 0x2000000
    GPIO9_DR = v;
    1a18:	6019      	str	r1, [r3, #0]
    GPIO9_DR = v | B_CLK;  spin<S>();
    1a1a:	f8c3 b000 	str.w	fp, [r3]
template <int S> struct Nop { static inline void go() { __asm__ volatile("nop"); Nop<S - 1>::go(); } };
    1a1e:	bf00      	nop
    1a20:	bf00      	nop
    1a22:	bf00      	nop
    1a24:	bf00      	nop
    1a26:	bf00      	nop
    1a28:	bf00      	nop
    1a2a:	bf00      	nop
    1a2c:	bf00      	nop
    1a2e:	bf00      	nop
    1a30:	bf00      	nop
    1a32:	bf00      	nop
    1a34:	bf00      	nop
    1a36:	bf00      	nop
    1a38:	bf00      	nop
    1a3a:	bf00      	nop
    1a3c:	bf00      	nop
    GPIO9_DR = v;          spin<S>();
    1a3e:	6019      	str	r1, [r3, #0]
template <int S> struct Nop { static inline void go() { __asm__ volatile("nop"); Nop<S - 1>::go(); } };
    1a40:	bf00      	nop
    1a42:	bf00      	nop
    1a44:	bf00      	nop
    1a46:	bf00      	nop
    1a48:	bf00      	nop
    1a4a:	bf00      	nop
    1a4c:	bf00      	nop
    1a4e:	bf00      	nop
    1a50:	bf00      	nop
    1a52:	bf00      	nop
    1a54:	bf00      	nop
    1a56:	bf00      	nop
    1a58:	bf00      	nop
    1a5a:	bf00      	nop
    1a5c:	bf00      	nop
    1a5e:	bf00      	nop
    const uint32_t v = base | ((uint32_t)nib << DSHIFT);
    1a60:	f005 010f 	and.w	r1, r5, #15
    1a64:	ea42 6181 	orr.w	r1, r2, r1, lsl #26
    GPIO9_DR = v | B_CLK;  spin<S>();
    1a68:	f041 7b00 	orr.w	fp, r1, #33554432	@ 0x2000000
    1a6c:	e00a      	b.n	1a84 <void bread<16>(unsigned long, unsigned char*, unsigned long)+0x26c>
    1a6e:	bf00      	nop
    1a70:	20006e10 	.word	0x20006e10
    1a74:	4200c000 	.word	0x4200c000
    1a78:	20001d20 	.word	0x20001d20
    1a7c:	20001d24 	.word	0x20001d24
    1a80:	01400100 	.word	0x01400100
    GPIO9_DR = v;
    1a84:	6019      	str	r1, [r3, #0]
    GPIO9_DR = v | B_CLK;  spin<S>();
    1a86:	f8c3 b000 	str.w	fp, [r3]
template <int S> struct Nop { static inline void go() { __asm__ volatile("nop"); Nop<S - 1>::go(); } };
    1a8a:	bf00      	nop
    1a8c:	bf00      	nop
    1a8e:	bf00      	nop
    1a90:	bf00      	nop
    1a92:	bf00      	nop
    1a94:	bf00      	nop
    1a96:	bf00      	nop
    1a98:	bf00      	nop
    1a9a:	bf00      	nop
    1a9c:	bf00      	nop
    1a9e:	bf00      	nop
    1aa0:	bf00      	nop
    1aa2:	bf00      	nop
    1aa4:	bf00      	nop
    1aa6:	bf00      	nop
    1aa8:	bf00      	nop
    GPIO9_DR = v;          spin<S>();
    1aaa:	6019      	str	r1, [r3, #0]
template <int S> struct Nop { static inline void go() { __asm__ volatile("nop"); Nop<S - 1>::go(); } };
    1aac:	bf00      	nop
    1aae:	bf00      	nop
    1ab0:	bf00      	nop
    1ab2:	bf00      	nop
    1ab4:	bf00      	nop
    1ab6:	bf00      	nop
    1ab8:	bf00      	nop
    1aba:	bf00      	nop
    1abc:	bf00      	nop
    1abe:	bf00      	nop
    1ac0:	bf00      	nop
    1ac2:	bf00      	nop
    1ac4:	bf00      	nop
    1ac6:	bf00      	nop
    1ac8:	bf00      	nop
    1aca:	bf00      	nop
    const uint32_t v = base | ((uint32_t)nib << DSHIFT);
    1acc:	9901      	ldr	r1, [sp, #4]
    1ace:	ea42 6181 	orr.w	r1, r2, r1, lsl #26
    GPIO9_DR = v | B_CLK;  spin<S>();
    1ad2:	f041 7b00 	orr.w	fp, r1, #33554432	@ 0x2000000
    GPIO9_DR = v;
    1ad6:	6019      	str	r1, [r3, #0]
    GPIO9_DR = v | B_CLK;  spin<S>();
    1ad8:	f8c3 b000 	str.w	fp, [r3]
template <int S> struct Nop { static inline void go() { __asm__ volatile("nop"); Nop<S - 1>::go(); } };
    1adc:	bf00      	nop
    1ade:	bf00      	nop
    1ae0:	bf00      	nop
    1ae2:	bf00      	nop
    1ae4:	bf00      	nop
    1ae6:	bf00      	nop
    1ae8:	bf00      	nop
    1aea:	bf00      	nop
    1aec:	bf00      	nop
    1aee:	bf00      	nop
    1af0:	bf00      	nop
    1af2:	bf00      	nop
    1af4:	bf00      	nop
    1af6:	bf00      	nop
    1af8:	bf00      	nop
    1afa:	bf00      	nop
    GPIO9_DR = v;          spin<S>();
    1afc:	6019      	str	r1, [r3, #0]
template <int S> struct Nop { static inline void go() { __asm__ volatile("nop"); Nop<S - 1>::go(); } };
    1afe:	bf00      	nop
    1b00:	bf00      	nop
    1b02:	bf00      	nop
    1b04:	bf00      	nop
    1b06:	bf00      	nop
    1b08:	bf00      	nop
    1b0a:	bf00      	nop
    1b0c:	bf00      	nop
    1b0e:	bf00      	nop
    1b10:	bf00      	nop
    1b12:	bf00      	nop
    1b14:	bf00      	nop
    1b16:	bf00      	nop
    1b18:	bf00      	nop
    1b1a:	bf00      	nop
    1b1c:	bf00      	nop
static inline void data_in(void) { GPIO9_GDIR &= ~B_DATA; }
    1b1e:	6859      	ldr	r1, [r3, #4]
        for (int k = 0; k < 6; k++) { GPIO9_DR = b | B_CLK; spin<S>(); GPIO9_DR = b; spin<S>(); }
    1b20:	f04f 0b06 	mov.w	fp, #6
static inline void data_in(void) { GPIO9_GDIR &= ~B_DATA; }
    1b24:	f021 5170 	bic.w	r1, r1, #1006632960	@ 0x3c000000
    1b28:	6059      	str	r1, [r3, #4]
        for (int k = 0; k < 6; k++) { GPIO9_DR = b | B_CLK; spin<S>(); GPIO9_DR = b; spin<S>(); }
    1b2a:	f042 7100 	orr.w	r1, r2, #33554432	@ 0x2000000
    1b2e:	6019      	str	r1, [r3, #0]
template <int S> struct Nop { static inline void go() { __asm__ volatile("nop"); Nop<S - 1>::go(); } };
    1b30:	bf00      	nop
    1b32:	bf00      	nop
    1b34:	bf00      	nop
    1b36:	bf00      	nop
    1b38:	bf00      	nop
    1b3a:	bf00      	nop
    1b3c:	bf00      	nop
    1b3e:	bf00      	nop
    1b40:	bf00      	nop
    1b42:	bf00      	nop
    1b44:	bf00      	nop
    1b46:	bf00      	nop
    1b48:	bf00      	nop
    1b4a:	bf00      	nop
    1b4c:	bf00      	nop
    1b4e:	bf00      	nop
        for (int k = 0; k < 6; k++) { GPIO9_DR = b | B_CLK; spin<S>(); GPIO9_DR = b; spin<S>(); }
    1b50:	601a      	str	r2, [r3, #0]
template <int S> struct Nop { static inline void go() { __asm__ volatile("nop"); Nop<S - 1>::go(); } };
    1b52:	bf00      	nop
    1b54:	bf00      	nop
    1b56:	bf00      	nop
    1b58:	bf00      	nop
    1b5a:	bf00      	nop
    1b5c:	bf00      	nop
    1b5e:	bf00      	nop
    1b60:	bf00      	nop
    1b62:	bf00      	nop
    1b64:	bf00      	nop
    1b66:	bf00      	nop
    1b68:	bf00      	nop
    1b6a:	bf00      	nop
    1b6c:	bf00      	nop
    1b6e:	bf00      	nop
    1b70:	bf00      	nop
        for (int k = 0; k < 6; k++) { GPIO9_DR = b | B_CLK; spin<S>(); GPIO9_DR = b; spin<S>(); }
    1b72:	f1bb 0b01 	subs.w	fp, fp, #1
    1b76:	d1da      	bne.n	1b2e <void bread<16>(unsigned long, unsigned char*, unsigned long)+0x316>
        for (uint32_t i = 0; i < n; i++) {
    1b78:	f1be 0f00 	cmp.w	lr, #0
    1b7c:	d069      	beq.n	1c52 <void bread<16>(unsigned long, unsigned char*, unsigned long)+0x43a>
    1b7e:	f10c 37ff 	add.w	r7, ip, #4294967295
    1b82:	44f4      	add	ip, lr
    1b84:	f10c 38ff 	add.w	r8, ip, #4294967295
    GPIO9_DR = base | B_CLK;  spin<S>();
    1b88:	6019      	str	r1, [r3, #0]
template <int S> struct Nop { static inline void go() { __asm__ volatile("nop"); Nop<S - 1>::go(); } };
    1b8a:	bf00      	nop
    1b8c:	bf00      	nop
    1b8e:	bf00      	nop
    1b90:	bf00      	nop
    1b92:	bf00      	nop
    1b94:	bf00      	nop
    1b96:	bf00      	nop
    1b98:	bf00      	nop
    1b9a:	bf00      	nop
    1b9c:	bf00      	nop
    1b9e:	bf00      	nop
    1ba0:	bf00      	nop
    1ba2:	bf00      	nop
    1ba4:	bf00      	nop
    1ba6:	bf00      	nop
    1ba8:	bf00      	nop
    const uint8_t n = (uint8_t)((GPIO9_PSR >> DSHIFT) & 0xF);
    1baa:	689e      	ldr	r6, [r3, #8]
    GPIO9_DR = base;          spin<S>();
    1bac:	601a      	str	r2, [r3, #0]
template <int S> struct Nop { static inline void go() { __asm__ volatile("nop"); Nop<S - 1>::go(); } };
    1bae:	bf00      	nop
    1bb0:	bf00      	nop
    1bb2:	bf00      	nop
    1bb4:	bf00      	nop
    1bb6:	bf00      	nop
    1bb8:	bf00      	nop
    1bba:	bf00      	nop
    1bbc:	bf00      	nop
    1bbe:	bf00      	nop
    1bc0:	bf00      	nop
    1bc2:	bf00      	nop
    1bc4:	bf00      	nop
    1bc6:	bf00      	nop
    1bc8:	bf00      	nop
    1bca:	bf00      	nop
    1bcc:	bf00      	nop
    GPIO9_DR = base | B_CLK;  spin<S>();
    1bce:	6019      	str	r1, [r3, #0]
template <int S> struct Nop { static inline void go() { __asm__ volatile("nop"); Nop<S - 1>::go(); } };
    1bd0:	bf00      	nop
    1bd2:	bf00      	nop
    1bd4:	bf00      	nop
    1bd6:	bf00      	nop
    1bd8:	bf00      	nop
    1bda:	bf00      	nop
    1bdc:	bf00      	nop
    1bde:	bf00      	nop
    1be0:	bf00      	nop
    1be2:	bf00      	nop
    1be4:	bf00      	nop
    1be6:	bf00      	nop
    1be8:	bf00      	nop
    1bea:	bf00      	nop
    1bec:	bf00      	nop
    1bee:	bf00      	nop
    const uint8_t n = (uint8_t)((GPIO9_PSR >> DSHIFT) & 0xF);
    1bf0:	689d      	ldr	r5, [r3, #8]
    GPIO9_DR = base;          spin<S>();
    1bf2:	601a      	str	r2, [r3, #0]
template <int S> struct Nop { static inline void go() { __asm__ volatile("nop"); Nop<S - 1>::go(); } };
    1bf4:	bf00      	nop
    1bf6:	bf00      	nop
    1bf8:	bf00      	nop
    1bfa:	bf00      	nop
    1bfc:	bf00      	nop
    1bfe:	bf00      	nop
    1c00:	bf00      	nop
    1c02:	bf00      	nop
    1c04:	bf00      	nop
    1c06:	bf00      	nop
    1c08:	bf00      	nop
    1c0a:	bf00      	nop
    1c0c:	bf00      	nop
    1c0e:	bf00      	nop
    1c10:	bf00      	nop
    1c12:	bf00      	nop
    const uint8_t n = (uint8_t)((GPIO9_PSR >> DSHIFT) & 0xF);
    1c14:	0eb6      	lsrs	r6, r6, #26
    1c16:	f3c5 6583 	ubfx	r5, r5, #26, #4
            d[i] = (uint8_t)((hi << 4) | get_nib<S>(b));
    1c1a:	ea45 1506 	orr.w	r5, r5, r6, lsl #4
    1c1e:	f807 5f01 	strb.w	r5, [r7, #1]!
        for (uint32_t i = 0; i < n; i++) {
    1c22:	4547      	cmp	r7, r8
    1c24:	d1b0      	bne.n	1b88 <void bread<16>(unsigned long, unsigned char*, unsigned long)+0x370>
        GPIO9_DR = idle; bus_out();
    1c26:	4a11      	ldr	r2, [pc, #68]	@ (1c6c <void bread<16>(unsigned long, unsigned char*, unsigned long)+0x454>)
    while (len) {
    1c28:	ebb4 040e 	subs.w	r4, r4, lr
        GPIO9_DR = idle; bus_out();
    1c2c:	6812      	ldr	r2, [r2, #0]
    1c2e:	601a      	str	r2, [r3, #0]
static inline void bus_out(void) { GPIO9_GDIR |= (B_DATA | B_CLK | B_SS0 | B_SS1); }
    1c30:	6859      	ldr	r1, [r3, #4]
    1c32:	f041 517d 	orr.w	r1, r1, #1061158912	@ 0x3f400000
    1c36:	6059      	str	r1, [r3, #4]
    while (len) {
    1c38:	d013      	beq.n	1c62 <void bread<16>(unsigned long, unsigned char*, unsigned long)+0x44a>
        a += n; d += n; len -= n;
    1c3a:	4470      	add	r0, lr
    1c3c:	f000 010f 	and.w	r1, r0, #15
    1c40:	ea4f 5910 	mov.w	r9, r0, lsr #20
    1c44:	ea4f 4810 	mov.w	r8, r0, lsr #16
    1c48:	0b07      	lsrs	r7, r0, #12
    1c4a:	9101      	str	r1, [sp, #4]
    1c4c:	0a06      	lsrs	r6, r0, #8
    1c4e:	0905      	lsrs	r5, r0, #4
    1c50:	e5f9      	b.n	1846 <void bread<16>(unsigned long, unsigned char*, unsigned long)+0x2e>
        GPIO9_DR = idle; bus_out();
    1c52:	4a06      	ldr	r2, [pc, #24]	@ (1c6c <void bread<16>(unsigned long, unsigned char*, unsigned long)+0x454>)
    1c54:	6812      	ldr	r2, [r2, #0]
    1c56:	601a      	str	r2, [r3, #0]
static inline void bus_out(void) { GPIO9_GDIR |= (B_DATA | B_CLK | B_SS0 | B_SS1); }
    1c58:	6859      	ldr	r1, [r3, #4]
    1c5a:	f041 517d 	orr.w	r1, r1, #1061158912	@ 0x3f400000
    1c5e:	6059      	str	r1, [r3, #4]
    while (len) {
    1c60:	e5f1      	b.n	1846 <void bread<16>(unsigned long, unsigned char*, unsigned long)+0x2e>
}
    1c62:	b003      	add	sp, #12
    1c64:	e8bd 8ff0 	ldmia.w	sp!, {r4, r5, r6, r7, r8, r9, sl, fp, pc}
    1c68:	4770      	bx	lr
    1c6a:	bf00      	nop
    1c6c:	20006e10 	.word	0x20006e10

00001c70 <void bwrite<20>(unsigned long, unsigned char const*, unsigned long)>:
    while (len) {
    1c70:	2a00      	cmp	r2, #0
    1c72:	f000 8247 	beq.w	2104 <void bwrite<20>(unsigned long, unsigned char const*, unsigned long)+0x494>
    return (idle | B_SS0 | B_SS1 | B_DEC) & ~g_csbit & ~B_CLK & ~B_DATA;
    1c76:	4b90      	ldr	r3, [pc, #576]	@ (1eb8 <void bwrite<20>(unsigned long, unsigned char const*, unsigned long)+0x248>)
template <int S> static void bwrite(uint32_t a, const uint8_t *s, uint32_t len)
    1c78:	e92d 4ff0 	stmdb	sp!, {r4, r5, r6, r7, r8, r9, sl, fp, lr}
    1c7c:	4696      	mov	lr, r2
    1c7e:	b083      	sub	sp, #12
    return (idle | B_SS0 | B_SS1 | B_DEC) & ~g_csbit & ~B_CLK & ~B_DATA;
    1c80:	681a      	ldr	r2, [r3, #0]
    1c82:	f000 030f 	and.w	r3, r0, #15
    1c86:	0905      	lsrs	r5, r0, #4
    1c88:	f8df a238 	ldr.w	sl, [pc, #568]	@ 1ec4 <void bwrite<20>(unsigned long, unsigned char const*, unsigned long)+0x254>
    1c8c:	9300      	str	r3, [sp, #0]
    1c8e:	ea4f 5910 	mov.w	r9, r0, lsr #20
    1c92:	ea4f 4810 	mov.w	r8, r0, lsr #16
static inline void bus_out(void) { GPIO9_GDIR |= (B_DATA | B_CLK | B_SS0 | B_SS1); }
    1c96:	4b89      	ldr	r3, [pc, #548]	@ (1ebc <void bwrite<20>(unsigned long, unsigned char const*, unsigned long)+0x24c>)
    1c98:	0b07      	lsrs	r7, r0, #12
    return (idle | B_SS0 | B_SS1 | B_DEC) & ~g_csbit & ~B_CLK & ~B_DATA;
    1c9a:	9501      	str	r5, [sp, #4]
    1c9c:	0a06      	lsrs	r6, r0, #8
static inline void bus_out(void) { GPIO9_GDIR |= (B_DATA | B_CLK | B_SS0 | B_SS1); }
    1c9e:	685c      	ldr	r4, [r3, #4]
    return (idle | B_SS0 | B_SS1 | B_DEC) & ~g_csbit & ~B_CLK & ~B_DATA;
    1ca0:	f042 2201 	orr.w	r2, r2, #16777472	@ 0x1000100
        const uint32_t n = (len > g_burst) ? g_burst : len;
    1ca4:	4d86      	ldr	r5, [pc, #536]	@ (1ec0 <void bwrite<20>(unsigned long, unsigned char const*, unsigned long)+0x250>)
static inline void bus_out(void) { GPIO9_GDIR |= (B_DATA | B_CLK | B_SS0 | B_SS1); }
    1ca6:	f044 547d 	orr.w	r4, r4, #1061158912	@ 0x3f400000
    return (idle | B_SS0 | B_SS1 | B_DEC) & ~g_csbit & ~B_CLK & ~B_DATA;
    1caa:	f442 0280 	orr.w	r2, r2, #4194304	@ 0x400000
        const uint32_t n = (len > g_burst) ? g_burst : len;
    1cae:	f8d5 c000 	ldr.w	ip, [r5]
static inline void bus_out(void) { GPIO9_GDIR |= (B_DATA | B_CLK | B_SS0 | B_SS1); }
    1cb2:	605c      	str	r4, [r3, #4]
    return (idle | B_SS0 | B_SS1 | B_DEC) & ~g_csbit & ~B_CLK & ~B_DATA;
    1cb4:	f8da 4000 	ldr.w	r4, [sl]
        const uint32_t n = (len > g_burst) ? g_burst : len;
    1cb8:	45f4      	cmp	ip, lr
    return (idle | B_SS0 | B_SS1 | B_DEC) & ~g_csbit & ~B_CLK & ~B_DATA;
    1cba:	ea22 0204 	bic.w	r2, r2, r4
        const uint32_t n = (len > g_burst) ? g_burst : len;
    1cbe:	bf28      	it	cs
    1cc0:	46f4      	movcs	ip, lr
    return (idle | B_SS0 | B_SS1 | B_DEC) & ~g_csbit & ~B_CLK & ~B_DATA;
    1cc2:	f022 5278 	bic.w	r2, r2, #1040187392	@ 0x3e000000
    const uint32_t v = base | ((uint32_t)nib << DSHIFT);
    1cc6:	f042 6440 	orr.w	r4, r2, #201326592	@ 0xc000000
    GPIO9_DR = v | B_CLK;  spin<S>();
    1cca:	f042 6b60 	orr.w	fp, r2, #234881024	@ 0xe000000
        bus_out(); const uint32_t b = cbase(); GPIO9_DR = b;
    1cce:	601a      	str	r2, [r3, #0]
    GPIO9_DR = v;
    1cd0:	601c      	str	r4, [r3, #0]
    GPIO9_DR = v | B_CLK;  spin<S>();
    1cd2:	f8c3 b000 	str.w	fp, [r3]
template <int S> struct Nop { static inline void go() { __asm__ volatile("nop"); Nop<S - 1>::go(); } };
    1cd6:	bf00      	nop
    1cd8:	bf00      	nop
    1cda:	bf00      	nop
    1cdc:	bf00      	nop
    1cde:	bf00      	nop
    1ce0:	bf00      	nop
    1ce2:	bf00      	nop
    1ce4:	bf00      	nop
    1ce6:	bf00      	nop
    1ce8:	bf00      	nop
    1cea:	bf00      	nop
    1cec:	bf00      	nop
    1cee:	bf00      	nop
    1cf0:	bf00      	nop
    1cf2:	bf00      	nop
    1cf4:	bf00      	nop
    1cf6:	bf00      	nop
    1cf8:	bf00      	nop
    1cfa:	bf00      	nop
    1cfc:	bf00      	nop
    GPIO9_DR = v;          spin<S>();
    1cfe:	601c      	str	r4, [r3, #0]
template <int S> struct Nop { static inline void go() { __asm__ volatile("nop"); Nop<S - 1>::go(); } };
    1d00:	bf00      	nop
    1d02:	bf00      	nop
    1d04:	bf00      	nop
    1d06:	bf00      	nop
    1d08:	bf00      	nop
    1d0a:	bf00      	nop
    1d0c:	bf00      	nop
    1d0e:	bf00      	nop
    1d10:	bf00      	nop
    1d12:	bf00      	nop
    1d14:	bf00      	nop
    1d16:	bf00      	nop
    1d18:	bf00      	nop
    1d1a:	bf00      	nop
    1d1c:	bf00      	nop
    1d1e:	bf00      	nop
    1d20:	bf00      	nop
    1d22:	bf00      	nop
    1d24:	bf00      	nop
    1d26:	bf00      	nop
    const uint32_t v = base | ((uint32_t)nib << DSHIFT);
    1d28:	f042 5400 	orr.w	r4, r2, #536870912	@ 0x20000000
    GPIO9_DR = v | B_CLK;  spin<S>();
    1d2c:	f042 5b08 	orr.w	fp, r2, #570425344	@ 0x22000000
    GPIO9_DR = v;
    1d30:	601c      	str	r4, [r3, #0]
    GPIO9_DR = v | B_CLK;  spin<S>();
    1d32:	f8c3 b000 	str.w	fp, [r3]
template <int S> struct Nop { static inline void go() { __asm__ volatile("nop"); Nop<S - 1>::go(); } };
    1d36:	bf00      	nop
    1d38:	bf00      	nop
    1d3a:	bf00      	nop
    1d3c:	bf00      	nop
    1d3e:	bf00      	nop
    1d40:	bf00      	nop
    1d42:	bf00      	nop
    1d44:	bf00      	nop
    1d46:	bf00      	nop
    1d48:	bf00      	nop
    1d4a:	bf00      	nop
    1d4c:	bf00      	nop
    1d4e:	bf00      	nop
    1d50:	bf00      	nop
    1d52:	bf00      	nop
    1d54:	bf00      	nop
    1d56:	bf00      	nop
    1d58:	bf00      	nop
    1d5a:	bf00      	nop
    1d5c:	bf00      	nop
    GPIO9_DR = v;          spin<S>();
    1d5e:	601c      	str	r4, [r3, #0]
template <int S> struct Nop { static inline void go() { __asm__ volatile("nop"); Nop<S - 1>::go(); } };
    1d60:	bf00      	nop
    1d62:	bf00      	nop
    1d64:	bf00      	nop
    1d66:	bf00      	nop
    1d68:	bf00      	nop
    1d6a:	bf00      	nop
    1d6c:	bf00      	nop
    1d6e:	bf00      	nop
    1d70:	bf00      	nop
    1d72:	bf00      	nop
    1d74:	bf00      	nop
    1d76:	bf00      	nop
    1d78:	bf00      	nop
    1d7a:	bf00      	nop
    1d7c:	bf00      	nop
    1d7e:	bf00      	nop
    1d80:	bf00      	nop
    1d82:	bf00      	nop
    1d84:	bf00      	nop
    1d86:	bf00      	nop
    const uint32_t v = base | ((uint32_t)nib << DSHIFT);
    1d88:	f009 040f 	and.w	r4, r9, #15
    1d8c:	ea42 6484 	orr.w	r4, r2, r4, lsl #26
    GPIO9_DR = v | B_CLK;  spin<S>();
    1d90:	f044 7b00 	orr.w	fp, r4, #33554432	@ 0x2000000
    GPIO9_DR = v;
    1d94:	601c      	str	r4, [r3, #0]
    GPIO9_DR = v | B_CLK;  spin<S>();
    1d96:	f8c3 b000 	str.w	fp, [r3]
template <int S> struct Nop { static inline void go() { __asm__ volatile("nop"); Nop<S - 1>::go(); } };
    1d9a:	bf00      	nop
    1d9c:	bf00      	nop
    1d9e:	bf00      	nop
    1da0:	bf00      	nop
    1da2:	bf00      	nop
    1da4:	bf00      	nop
    1da6:	bf00      	nop
    1da8:	bf00      	nop
    1daa:	bf00      	nop
    1dac:	bf00      	nop
    1dae:	bf00      	nop
    1db0:	bf00      	nop
    1db2:	bf00      	nop
    1db4:	bf00      	nop
    1db6:	bf00      	nop
    1db8:	bf00      	nop
    1dba:	bf00      	nop
    1dbc:	bf00      	nop
    1dbe:	bf00      	nop
    1dc0:	bf00      	nop
    GPIO9_DR = v;          spin<S>();
    1dc2:	601c      	str	r4, [r3, #0]
template <int S> struct Nop { static inline void go() { __asm__ volatile("nop"); Nop<S - 1>::go(); } };
    1dc4:	bf00      	nop
    1dc6:	bf00      	nop
    1dc8:	bf00      	nop
    1dca:	bf00      	nop
    1dcc:	bf00      	nop
    1dce:	bf00      	nop
    1dd0:	bf00      	nop
    1dd2:	bf00      	nop
    1dd4:	bf00      	nop
    1dd6:	bf00      	nop
    1dd8:	bf00      	nop
    1dda:	bf00      	nop
    1ddc:	bf00      	nop
    1dde:	bf00      	nop
    1de0:	bf00      	nop
    1de2:	bf00      	nop
    1de4:	bf00      	nop
    1de6:	bf00      	nop
    1de8:	bf00      	nop
    1dea:	bf00      	nop
    const uint32_t v = base | ((uint32_t)nib << DSHIFT);
    1dec:	f008 040f 	and.w	r4, r8, #15
    1df0:	ea42 6484 	orr.w	r4, r2, r4, lsl #26
    GPIO9_DR = v | B_CLK;  spin<S>();
    1df4:	f044 7b00 	orr.w	fp, r4, #33554432	@ 0x2000000
    GPIO9_DR = v;
    1df8:	601c      	str	r4, [r3, #0]
    GPIO9_DR = v | B_CLK;  spin<S>();
    1dfa:	f8c3 b000 	str.w	fp, [r3]
template <int S> struct Nop { static inline void go() { __asm__ volatile("nop"); Nop<S - 1>::go(); } };
    1dfe:	bf00      	nop
    1e00:	bf00      	nop
    1e02:	bf00      	nop
    1e04:	bf00      	nop
    1e06:	bf00      	nop
    1e08:	bf00      	nop
    1e0a:	bf00      	nop
    1e0c:	bf00      	nop
    1e0e:	bf00      	nop
    1e10:	bf00      	nop
    1e12:	bf00      	nop
    1e14:	bf00      	nop
    1e16:	bf00      	nop
    1e18:	bf00      	nop
    1e1a:	bf00      	nop
    1e1c:	bf00      	nop
    1e1e:	bf00      	nop
    1e20:	bf00      	nop
    1e22:	bf00      	nop
    1e24:	bf00      	nop
    GPIO9_DR = v;          spin<S>();
    1e26:	601c      	str	r4, [r3, #0]
template <int S> struct Nop { static inline void go() { __asm__ volatile("nop"); Nop<S - 1>::go(); } };
    1e28:	bf00      	nop
    1e2a:	bf00      	nop
    1e2c:	bf00      	nop
    1e2e:	bf00      	nop
    1e30:	bf00      	nop
    1e32:	bf00      	nop
    1e34:	bf00      	nop
    1e36:	bf00      	nop
    1e38:	bf00      	nop
    1e3a:	bf00      	nop
    1e3c:	bf00      	nop
    1e3e:	bf00      	nop
    1e40:	bf00      	nop
    1e42:	bf00      	nop
    1e44:	bf00      	nop
    1e46:	bf00      	nop
    1e48:	bf00      	nop
    1e4a:	bf00      	nop
    1e4c:	bf00      	nop
    1e4e:	bf00      	nop
    const uint32_t v = base | ((uint32_t)nib << DSHIFT);
    1e50:	f007 040f 	and.w	r4, r7, #15
    1e54:	ea42 6484 	orr.w	r4, r2, r4, lsl #26
    GPIO9_DR = v | B_CLK;  spin<S>();
    1e58:	f044 7b00 	orr.w	fp, r4, #33554432	@ 0x2000000
    GPIO9_DR = v;
    1e5c:	601c      	str	r4, [r3, #0]
    GPIO9_DR = v | B_CLK;  spin<S>();
    1e5e:	f8c3 b000 	str.w	fp, [r3]
template <int S> struct Nop { static inline void go() { __asm__ volatile("nop"); Nop<S - 1>::go(); } };
    1e62:	bf00      	nop
    1e64:	bf00      	nop
    1e66:	bf00      	nop
    1e68:	bf00      	nop
    1e6a:	bf00      	nop
    1e6c:	bf00      	nop
    1e6e:	bf00      	nop
    1e70:	bf00      	nop
    1e72:	bf00      	nop
    1e74:	bf00      	nop
    1e76:	bf00      	nop
    1e78:	bf00      	nop
    1e7a:	bf00      	nop
    1e7c:	bf00      	nop
    1e7e:	bf00      	nop
    1e80:	bf00      	nop
    1e82:	bf00      	nop
    1e84:	bf00      	nop
    1e86:	bf00      	nop
    1e88:	bf00      	nop
    GPIO9_DR = v;          spin<S>();
    1e8a:	601c      	str	r4, [r3, #0]
template <int S> struct Nop { static inline void go() { __asm__ volatile("nop"); Nop<S - 1>::go(); } };
    1e8c:	bf00      	nop
    1e8e:	bf00      	nop
    1e90:	bf00      	nop
    1e92:	bf00      	nop
    1e94:	bf00      	nop
    1e96:	bf00      	nop
    1e98:	bf00      	nop
    1e9a:	bf00      	nop
    1e9c:	bf00      	nop
    1e9e:	bf00      	nop
    1ea0:	bf00      	nop
    1ea2:	bf00      	nop
    1ea4:	bf00      	nop
    1ea6:	bf00      	nop
    1ea8:	bf00      	nop
    1eaa:	bf00      	nop
    1eac:	bf00      	nop
    1eae:	bf00      	nop
    1eb0:	bf00      	nop
    1eb2:	bf00      	nop
    1eb4:	e008      	b.n	1ec8 <void bwrite<20>(unsigned long, unsigned char const*, unsigned long)+0x258>
    1eb6:	bf00      	nop
    1eb8:	20006e10 	.word	0x20006e10
    1ebc:	4200c000 	.word	0x4200c000
    1ec0:	20001d20 	.word	0x20001d20
    1ec4:	20001d24 	.word	0x20001d24
    const uint32_t v = base | ((uint32_t)nib << DSHIFT);
    1ec8:	f006 040f 	and.w	r4, r6, #15
    1ecc:	ea42 6484 	orr.w	r4, r2, r4, lsl #26
    GPIO9_DR = v | B_CLK;  spin<S>();
    1ed0:	f044 7b00 	orr.w	fp, r4, #33554432	@ 0x2000000
    GPIO9_DR = v;
    1ed4:	601c      	str	r4, [r3, #0]
    GPIO9_DR = v | B_CLK;  spin<S>();
    1ed6:	f8c3 b000 	str.w	fp, [r3]
template <int S> struct Nop { static inline void go() { __asm__ volatile("nop"); Nop<S - 1>::go(); } };
    1eda:	bf00      	nop
    1edc:	bf00      	nop
    1ede:	bf00      	nop
    1ee0:	bf00      	nop
    1ee2:	bf00      	nop
    1ee4:	bf00      	nop
    1ee6:	bf00      	nop
    1ee8:	bf00      	nop
    1eea:	bf00      	nop
    1eec:	bf00      	nop
    1eee:	bf00      	nop
    1ef0:	bf00      	nop
    1ef2:	bf00      	nop
    1ef4:	bf00      	nop
    1ef6:	bf00      	nop
    1ef8:	bf00      	nop
    1efa:	bf00      	nop
    1efc:	bf00      	nop
    1efe:	bf00      	nop
    1f00:	bf00      	nop
    GPIO9_DR = v;          spin<S>();
    1f02:	601c      	str	r4, [r3, #0]
template <int S> struct Nop { static inline void go() { __asm__ volatile("nop"); Nop<S - 1>::go(); } };
    1f04:	bf00      	nop
    1f06:	bf00      	nop
    1f08:	bf00      	nop
    1f0a:	bf00      	nop
    1f0c:	bf00      	nop
    1f0e:	bf00      	nop
    1f10:	bf00      	nop
    1f12:	bf00      	nop
    1f14:	bf00      	nop
    1f16:	bf00      	nop
    1f18:	bf00      	nop
    1f1a:	bf00      	nop
    1f1c:	bf00      	nop
    1f1e:	bf00      	nop
    1f20:	bf00      	nop
    1f22:	bf00      	nop
    1f24:	bf00      	nop
    1f26:	bf00      	nop
    1f28:	bf00      	nop
    1f2a:	bf00      	nop
    const uint32_t v = base | ((uint32_t)nib << DSHIFT);
    1f2c:	9c01      	ldr	r4, [sp, #4]
    1f2e:	f004 040f 	and.w	r4, r4, #15
    1f32:	ea42 6484 	orr.w	r4, r2, r4, lsl #26
    GPIO9_DR = v | B_CLK;  spin<S>();
    1f36:	f044 7b00 	orr.w	fp, r4, #33554432	@ 0x2000000
    GPIO9_DR = v;
    1f3a:	601c      	str	r4, [r3, #0]
    GPIO9_DR = v | B_CLK;  spin<S>();
    1f3c:	f8c3 b000 	str.w	fp, [r3]
template <int S> struct Nop { static inline void go() { __asm__ volatile("nop"); Nop<S - 1>::go(); } };
    1f40:	bf00      	nop
    1f42:	bf00      	nop
    1f44:	bf00      	nop
    1f46:	bf00      	nop
    1f48:	bf00      	nop
    1f4a:	bf00      	nop
    1f4c:	bf00      	nop
    1f4e:	bf00      	nop
    1f50:	bf00      	nop
    1f52:	bf00      	nop
    1f54:	bf00      	nop
    1f56:	bf00      	nop
    1f58:	bf00      	nop
    1f5a:	bf00      	nop
    1f5c:	bf00      	nop
    1f5e:	bf00      	nop
    1f60:	bf00      	nop
    1f62:	bf00      	nop
    1f64:	bf00      	nop
    1f66:	bf00      	nop
    GPIO9_DR = v;          spin<S>();
    1f68:	601c      	str	r4, [r3, #0]
template <int S> struct Nop { static inline void go() { __asm__ volatile("nop"); Nop<S - 1>::go(); } };
    1f6a:	bf00      	nop
    1f6c:	bf00      	nop
    1f6e:	bf00      	nop
    1f70:	bf00      	nop
    1f72:	bf00      	nop
    1f74:	bf00      	nop
    1f76:	bf00      	nop
    1f78:	bf00      	nop
    1f7a:	bf00      	nop
    1f7c:	bf00      	nop
    1f7e:	bf00      	nop
    1f80:	bf00      	nop
    1f82:	bf00      	nop
    1f84:	bf00      	nop
    1f86:	bf00      	nop
    1f88:	bf00      	nop
    1f8a:	bf00      	nop
    1f8c:	bf00      	nop
    1f8e:	bf00      	nop
    1f90:	bf00      	nop
    const uint32_t v = base | ((uint32_t)nib << DSHIFT);
    1f92:	9c00      	ldr	r4, [sp, #0]
    1f94:	ea42 6484 	orr.w	r4, r2, r4, lsl #26
    GPIO9_DR = v | B_CLK;  spin<S>();
    1f98:	f044 7b00 	orr.w	fp, r4, #33554432	@ 0x2000000
    GPIO9_DR = v;
    1f9c:	601c      	str	r4, [r3, #0]
    GPIO9_DR = v | B_CLK;  spin<S>();
    1f9e:	f8c3 b000 	str.w	fp, [r3]
template <int S> struct Nop { static inline void go() { __asm__ volatile("nop"); Nop<S - 1>::go(); } };
    1fa2:	bf00      	nop
    1fa4:	bf00      	nop
    1fa6:	bf00      	nop
    1fa8:	bf00      	nop
    1faa:	bf00      	nop
    1fac:	bf00      	nop
    1fae:	bf00      	nop
    1fb0:	bf00      	nop
    1fb2:	bf00      	nop
    1fb4:	bf00      	nop
    1fb6:	bf00      	nop
    1fb8:	bf00      	nop
    1fba:	bf00      	nop
    1fbc:	bf00      	nop
    1fbe:	bf00      	nop
    1fc0:	bf00      	nop
    1fc2:	bf00      	nop
    1fc4:	bf00      	nop
    1fc6:	bf00      	nop
    1fc8:	bf00      	nop
    GPIO9_DR = v;          spin<S>();
    1fca:	601c      	str	r4, [r3, #0]
template <int S> struct Nop { static inline void go() { __asm__ volatile("nop"); Nop<S - 1>::go(); } };
    1fcc:	bf00      	nop
    1fce:	bf00      	nop
    1fd0:	bf00      	nop
    1fd2:	bf00      	nop
    1fd4:	bf00      	nop
    1fd6:	bf00      	nop
    1fd8:	bf00      	nop
    1fda:	bf00      	nop
    1fdc:	bf00      	nop
    1fde:	bf00      	nop
    1fe0:	bf00      	nop
    1fe2:	bf00      	nop
    1fe4:	bf00      	nop
    1fe6:	bf00      	nop
    1fe8:	bf00      	nop
    1fea:	bf00      	nop
    1fec:	bf00      	nop
    1fee:	bf00      	nop
    1ff0:	bf00      	nop
    1ff2:	bf00      	nop
        for (uint32_t i = 0; i < n; i++) { put_nib<S>(b, s[i] >> 4); put_nib<S>(b, s[i] & 0xF); }
    1ff4:	f1bc 0f00 	cmp.w	ip, #0
    1ff8:	d07d      	beq.n	20f6 <void bwrite<20>(unsigned long, unsigned char const*, unsigned long)+0x486>
    1ffa:	eb0c 0501 	add.w	r5, ip, r1
    1ffe:	3901      	subs	r1, #1
    2000:	1e6e      	subs	r6, r5, #1
    2002:	f811 4f01 	ldrb.w	r4, [r1, #1]!
    const uint32_t v = base | ((uint32_t)nib << DSHIFT);
    2006:	0924      	lsrs	r4, r4, #4
    2008:	ea42 6484 	orr.w	r4, r2, r4, lsl #26
    GPIO9_DR = v | B_CLK;  spin<S>();
    200c:	f044 7700 	orr.w	r7, r4, #33554432	@ 0x2000000
    GPIO9_DR = v;
    2010:	601c      	str	r4, [r3, #0]
    GPIO9_DR = v | B_CLK;  spin<S>();
    2012:	601f      	str	r7, [r3, #0]
template <int S> struct Nop { static inline void go() { __asm__ volatile("nop"); Nop<S - 1>::go(); } };
    2014:	bf00      	nop
    2016:	bf00      	nop
    2018:	bf00      	nop
    201a:	bf00      	nop
    201c:	bf00      	nop
    201e:	bf00      	nop
    2020:	bf00      	nop
    2022:	bf00      	nop
    2024:	bf00      	nop
    2026:	bf00      	nop
    2028:	bf00      	nop
    202a:	bf00      	nop
    202c:	bf00      	nop
    202e:	bf00      	nop
    2030:	bf00      	nop
    2032:	bf00      	nop
    2034:	bf00      	nop
    2036:	bf00      	nop
    2038:	bf00      	nop
    203a:	bf00      	nop
    GPIO9_DR = v;          spin<S>();
    203c:	601c      	str	r4, [r3, #0]
template <int S> struct Nop { static inline void go() { __asm__ volatile("nop"); Nop<S - 1>::go(); } };
    203e:	bf00      	nop
    2040:	bf00      	nop
    2042:	bf00      	nop
    2044:	bf00      	nop
    2046:	bf00      	nop
    2048:	bf00      	nop
    204a:	bf00      	nop
    204c:	bf00      	nop
    204e:	bf00      	nop
    2050:	bf00      	nop
    2052:	bf00      	nop
    2054:	bf00      	nop
    2056:	bf00      	nop
    2058:	bf00      	nop
    205a:	bf00      	nop
    205c:	bf00      	nop
    205e:	bf00      	nop
    2060:	bf00      	nop
    2062:	bf00      	nop
    2064:	bf00      	nop
        for (uint32_t i = 0; i < n; i++) { put_nib<S>(b, s[i] >> 4); put_nib<S>(b, s[i] & 0xF); }
    2066:	780c      	ldrb	r4, [r1, #0]
    const uint32_t v = base | ((uint32_t)nib << DSHIFT);
    2068:	f004 040f 	and.w	r4, r4, #15
    206c:	ea42 6484 	orr.w	r4, r2, r4, lsl #26
    GPIO9_DR = v | B_CLK;  spin<S>();
    2070:	f044 7700 	orr.w	r7, r4, #33554432	@ 0x2000000
    GPIO9_DR = v;
    2074:	601c      	str	r4, [r3, #0]
    GPIO9_DR = v | B_CLK;  spin<S>();
    2076:	601f      	str	r7, [r3, #0]
template <int S> struct Nop { static inline void go() { __asm__ volatile("nop"); Nop<S - 1>::go(); } };
    2078:	bf00      	nop
    207a:	bf00      	nop
    207c:	bf00      	nop
    207e:	bf00      	nop
    2080:	bf00      	nop
    2082:	bf00      	nop
    2084:	bf00      	nop
    2086:	bf00      	nop
    2088:	bf00      	nop
    208a:	bf00      	nop
    208c:	bf00      	nop
    208e:	bf00      	nop
    2090:	bf00      	nop
    2092:	bf00      	nop
    2094:	bf00      	nop
    2096:	bf00      	nop
    2098:	bf00      	nop
    209a:	bf00      	nop
    209c:	bf00      	nop
    209e:	bf00      	nop
    GPIO9_DR = v;          spin<S>();
    20a0:	601c      	str	r4, [r3, #0]
template <int S> struct Nop { static inline void go() { __asm__ volatile("nop"); Nop<S - 1>::go(); } };
    20a2:	bf00      	nop
    20a4:	bf00      	nop
    20a6:	bf00      	nop
    20a8:	bf00      	nop
    20aa:	bf00      	nop
    20ac:	bf00      	nop
    20ae:	bf00      	nop
    20b0:	bf00      	nop
    20b2:	bf00      	nop
    20b4:	bf00      	nop
    20b6:	bf00      	nop
    20b8:	bf00      	nop
    20ba:	bf00      	nop
    20bc:	bf00      	nop
    20be:	bf00      	nop
    20c0:	bf00      	nop
    20c2:	bf00      	nop
    20c4:	bf00      	nop
    20c6:	bf00      	nop
    20c8:	bf00      	nop
        for (uint32_t i = 0; i < n; i++) { put_nib<S>(b, s[i] >> 4); put_nib<S>(b, s[i] & 0xF); }
    20ca:	42b1      	cmp	r1, r6
    20cc:	d199      	bne.n	2002 <void bwrite<20>(unsigned long, unsigned char const*, unsigned long)+0x392>
        GPIO9_DR = idle;
    20ce:	4a0e      	ldr	r2, [pc, #56]	@ (2108 <void bwrite<20>(unsigned long, unsigned char const*, unsigned long)+0x498>)
    while (len) {
    20d0:	ebbe 0e0c 	subs.w	lr, lr, ip
        GPIO9_DR = idle;
    20d4:	6812      	ldr	r2, [r2, #0]
    20d6:	601a      	str	r2, [r3, #0]
    while (len) {
    20d8:	d011      	beq.n	20fe <void bwrite<20>(unsigned long, unsigned char const*, unsigned long)+0x48e>
        a += n; s += n; len -= n;
    20da:	4460      	add	r0, ip
    20dc:	4629      	mov	r1, r5
    20de:	0904      	lsrs	r4, r0, #4
    20e0:	ea4f 5910 	mov.w	r9, r0, lsr #20
    20e4:	9401      	str	r4, [sp, #4]
    20e6:	f000 040f 	and.w	r4, r0, #15
    20ea:	ea4f 4810 	mov.w	r8, r0, lsr #16
    20ee:	0b07      	lsrs	r7, r0, #12
    20f0:	9400      	str	r4, [sp, #0]
    20f2:	0a06      	lsrs	r6, r0, #8
    20f4:	e5d3      	b.n	1c9e <void bwrite<20>(unsigned long, unsigned char const*, unsigned long)+0x2e>
        GPIO9_DR = idle;
    20f6:	4a04      	ldr	r2, [pc, #16]	@ (2108 <void bwrite<20>(unsigned long, unsigned char const*, unsigned long)+0x498>)
    20f8:	6812      	ldr	r2, [r2, #0]
    20fa:	601a      	str	r2, [r3, #0]
    while (len) {
    20fc:	e5cf      	b.n	1c9e <void bwrite<20>(unsigned long, unsigned char const*, unsigned long)+0x2e>
}
    20fe:	b003      	add	sp, #12
    2100:	e8bd 8ff0 	ldmia.w	sp!, {r4, r5, r6, r7, r8, r9, sl, fp, pc}
    2104:	4770      	bx	lr
    2106:	bf00      	nop
    2108:	20006e10 	.word	0x20006e10

0000210c <void bread<20>(unsigned long, unsigned char*, unsigned long)>:
    while (len) {
    210c:	2a00      	cmp	r2, #0
    210e:	f000 827d 	beq.w	260c <void bread<20>(unsigned long, unsigned char*, unsigned long)+0x500>
    return (idle | B_SS0 | B_SS1 | B_DEC) & ~g_csbit & ~B_CLK & ~B_DATA;
    2112:	4b91      	ldr	r3, [pc, #580]	@ (2358 <void bread<20>(unsigned long, unsigned char*, unsigned long)+0x24c>)
    2114:	468c      	mov	ip, r1
template <int S> static void bread(uint32_t a, uint8_t *d, uint32_t len)
    2116:	e92d 4ff0 	stmdb	sp!, {r4, r5, r6, r7, r8, r9, sl, fp, lr}
    211a:	4614      	mov	r4, r2
    211c:	b083      	sub	sp, #12
    return (idle | B_SS0 | B_SS1 | B_DEC) & ~g_csbit & ~B_CLK & ~B_DATA;
    211e:	681a      	ldr	r2, [r3, #0]
    2120:	f000 030f 	and.w	r3, r0, #15
    2124:	f8df a23c 	ldr.w	sl, [pc, #572]	@ 2364 <void bread<20>(unsigned long, unsigned char*, unsigned long)+0x258>
    2128:	ea4f 5910 	mov.w	r9, r0, lsr #20
    212c:	9301      	str	r3, [sp, #4]
    212e:	ea4f 4810 	mov.w	r8, r0, lsr #16
    2132:	0b07      	lsrs	r7, r0, #12
static inline void bus_out(void) { GPIO9_GDIR |= (B_DATA | B_CLK | B_SS0 | B_SS1); }
    2134:	4b89      	ldr	r3, [pc, #548]	@ (235c <void bread<20>(unsigned long, unsigned char*, unsigned long)+0x250>)
    2136:	0a06      	lsrs	r6, r0, #8
    2138:	0905      	lsrs	r5, r0, #4
    213a:	6859      	ldr	r1, [r3, #4]
    return (idle | B_SS0 | B_SS1 | B_DEC) & ~g_csbit & ~B_CLK & ~B_DATA;
    213c:	f8df b228 	ldr.w	fp, [pc, #552]	@ 2368 <void bread<20>(unsigned long, unsigned char*, unsigned long)+0x25c>
static inline void bus_out(void) { GPIO9_GDIR |= (B_DATA | B_CLK | B_SS0 | B_SS1); }
    2140:	f041 517d 	orr.w	r1, r1, #1061158912	@ 0x3f400000
    return (idle | B_SS0 | B_SS1 | B_DEC) & ~g_csbit & ~B_CLK & ~B_DATA;
    2144:	ea42 0b0b 	orr.w	fp, r2, fp
        const uint32_t n = (len > g_burst) ? g_burst : len;
    2148:	4a85      	ldr	r2, [pc, #532]	@ (2360 <void bread<20>(unsigned long, unsigned char*, unsigned long)+0x254>)
    214a:	f8d2 e000 	ldr.w	lr, [r2]
static inline void bus_out(void) { GPIO9_GDIR |= (B_DATA | B_CLK | B_SS0 | B_SS1); }
    214e:	6059      	str	r1, [r3, #4]
    return (idle | B_SS0 | B_SS1 | B_DEC) & ~g_csbit & ~B_CLK & ~B_DATA;
    2150:	f8da 1000 	ldr.w	r1, [sl]
        const uint32_t n = (len > g_burst) ? g_burst : len;
    2154:	45a6      	cmp	lr, r4
    return (idle | B_SS0 | B_SS1 | B_DEC) & ~g_csbit & ~B_CLK & ~B_DATA;
    2156:	ea2b 0201 	bic.w	r2, fp, r1
        const uint32_t n = (len > g_burst) ? g_burst : len;
    215a:	bf28      	it	cs
    215c:	46a6      	movcs	lr, r4
    return (idle | B_SS0 | B_SS1 | B_DEC) & ~g_csbit & ~B_CLK & ~B_DATA;
    215e:	f022 5278 	bic.w	r2, r2, #1040187392	@ 0x3e000000
    const uint32_t v = base | ((uint32_t)nib << DSHIFT);
    2162:	f042 5160 	orr.w	r1, r2, #939524096	@ 0x38000000
    GPIO9_DR = v | B_CLK;  spin<S>();
    2166:	f042 5b68 	orr.w	fp, r2, #973078528	@ 0x3a000000
        bus_out(); const uint32_t b = cbase(); GPIO9_DR = b;
    216a:	601a      	str	r2, [r3, #0]
    GPIO9_DR = v;
    216c:	6019      	str	r1, [r3, #0]
    GPIO9_DR = v | B_CLK;  spin<S>();
    216e:	f8c3 b000 	str.w	fp, [r3]
template <int S> struct Nop { static inline void go() { __asm__ volatile("nop"); Nop<S - 1>::go(); } };
    2172:	bf00      	nop
    2174:	bf00      	nop
    2176:	bf00      	nop
    2178:	bf00      	nop
    217a:	bf00      	nop
    217c:	bf00      	nop
    217e:	bf00      	nop
    2180:	bf00      	nop
    2182:	bf00      	nop
    2184:	bf00      	nop
    2186:	bf00      	nop
    2188:	bf00      	nop
    218a:	bf00      	nop
    218c:	bf00      	nop
    218e:	bf00      	nop
    2190:	bf00      	nop
    2192:	bf00      	nop
    2194:	bf00      	nop
    2196:	bf00      	nop
    2198:	bf00      	nop
    GPIO9_DR = v;          spin<S>();
    219a:	6019      	str	r1, [r3, #0]
template <int S> struct Nop { static inline void go() { __asm__ volatile("nop"); Nop<S - 1>::go(); } };
    219c:	bf00      	nop
    219e:	bf00      	nop
    21a0:	bf00      	nop
    21a2:	bf00      	nop
    21a4:	bf00      	nop
    21a6:	bf00      	nop
    21a8:	bf00      	nop
    21aa:	bf00      	nop
    21ac:	bf00      	nop
    21ae:	bf00      	nop
    21b0:	bf00      	nop
    21b2:	bf00      	nop
    21b4:	bf00      	nop
    21b6:	bf00      	nop
    21b8:	bf00      	nop
    21ba:	bf00      	nop
    21bc:	bf00      	nop
    21be:	bf00      	nop
    21c0:	bf00      	nop
    21c2:	bf00      	nop
    const uint32_t v = base | ((uint32_t)nib << DSHIFT);
    21c4:	f042 5130 	orr.w	r1, r2, #738197504	@ 0x2c000000
    GPIO9_DR = v | B_CLK;  spin<S>();
    21c8:	f042 5b38 	orr.w	fp, r2, #771751936	@ 0x2e000000
    GPIO9_DR = v;
    21cc:	6019      	str	r1, [r3, #0]
    GPIO9_DR = v | B_CLK;  spin<S>();
    21ce:	f8c3 b000 	str.w	fp, [r3]
template <int S> struct Nop { static inline void go() { __asm__ volatile("nop"); Nop<S - 1>::go(); } };
    21d2:	bf00      	nop
    21d4:	bf00      	nop
    21d6:	bf00      	nop
    21d8:	bf00      	nop
    21da:	bf00      	nop
    21dc:	bf00      	nop
    21de:	bf00      	nop
    21e0:	bf00      	nop
    21e2:	bf00      	nop
    21e4:	bf00      	nop
    21e6:	bf00      	nop
    21e8:	bf00      	nop
    21ea:	bf00      	nop
    21ec:	bf00      	nop
    21ee:	bf00      	nop
    21f0:	bf00      	nop
    21f2:	bf00      	nop
    21f4:	bf00      	nop
    21f6:	bf00      	nop
    21f8:	bf00      	nop
    GPIO9_DR = v;          spin<S>();
    21fa:	6019      	str	r1, [r3, #0]
template <int S> struct Nop { static inline void go() { __asm__ volatile("nop"); Nop<S - 1>::go(); } };
    21fc:	bf00      	nop
    21fe:	bf00      	nop
    2200:	bf00      	nop
    2202:	bf00      	nop
    2204:	bf00      	nop
    2206:	bf00      	nop
    2208:	bf00      	nop
    220a:	bf00      	nop
    220c:	bf00      	nop
    220e:	bf00      	nop
    2210:	bf00      	nop
    2212:	bf00      	nop
    2214:	bf00      	nop
    2216:	bf00      	nop
    2218:	bf00      	nop
    221a:	bf00      	nop
    221c:	bf00      	nop
    221e:	bf00      	nop
    2220:	bf00      	nop
    2222:	bf00      	nop
    const uint32_t v = base | ((uint32_t)nib << DSHIFT);
    2224:	f009 010f 	and.w	r1, r9, #15
    2228:	ea42 6181 	orr.w	r1, r2, r1, lsl #26
    GPIO9_DR = v | B_CLK;  spin<S>();
    222c:	f041 7b00 	orr.w	fp, r1, #33554432	@ 0x2000000
    GPIO9_DR = v;
    2230:	6019      	str	r1, [r3, #0]
    GPIO9_DR = v | B_CLK;  spin<S>();
    2232:	f8c3 b000 	str.w	fp, [r3]
template <int S> struct Nop { static inline void go() { __asm__ volatile("nop"); Nop<S - 1>::go(); } };
    2236:	bf00      	nop
    2238:	bf00      	nop
    223a:	bf00      	nop
    223c:	bf00      	nop
    223e:	bf00      	nop
    2240:	bf00      	nop
    2242:	bf00      	nop
    2244:	bf00      	nop
    2246:	bf00      	nop
    2248:	bf00      	nop
    224a:	bf00      	nop
    224c:	bf00      	nop
    224e:	bf00      	nop
    2250:	bf00      	nop
    2252:	bf00      	nop
    2254:	bf00      	nop
    2256:	bf00      	nop
    2258:	bf00      	nop
    225a:	bf00      	nop
    225c:	bf00      	nop
    GPIO9_DR = v;          spin<S>();
    225e:	6019      	str	r1, [r3, #0]
template <int S> struct Nop { static inline void go() { __asm__ volatile("nop"); Nop<S - 1>::go(); } };
    2260:	bf00      	nop
    2262:	bf00      	nop
    2264:	bf00      	nop
    2266:	bf00      	nop
    2268:	bf00      	nop
    226a:	bf00      	nop
    226c:	bf00      	nop
    226e:	bf00      	nop
    2270:	bf00      	nop
    2272:	bf00      	nop
    2274:	bf00      	nop
    2276:	bf00      	nop
    2278:	bf00      	nop
    227a:	bf00      	nop
    227c:	bf00      	nop
    227e:	bf00      	nop
    2280:	bf00      	nop
    2282:	bf00      	nop
    2284:	bf00      	nop
    2286:	bf00      	nop
    const uint32_t v = base | ((uint32_t)nib << DSHIFT);
    2288:	f008 010f 	and.w	r1, r8, #15
    228c:	ea42 6181 	orr.w	r1, r2, r1, lsl #26
    GPIO9_DR = v | B_CLK;  spin<S>();
    2290:	f041 7b00 	orr.w	fp, r1, #33554432	@ 0x2000000
    GPIO9_DR = v;
    2294:	6019      	str	r1, [r3, #0]
    GPIO9_DR = v | B_CLK;  spin<S>();
    2296:	f8c3 b000 	str.w	fp, [r3]
template <int S> struct Nop { static inline void go() { __asm__ volatile("nop"); Nop<S - 1>::go(); } };
    229a:	bf00      	nop
    229c:	bf00      	nop
    229e:	bf00      	nop
    22a0:	bf00      	nop
    22a2:	bf00      	nop
    22a4:	bf00      	nop
    22a6:	bf00      	nop
    22a8:	bf00      	nop
    22aa:	bf00      	nop
    22ac:	bf00      	nop
    22ae:	bf00      	nop
    22b0:	bf00      	nop
    22b2:	bf00      	nop
    22b4:	bf00      	nop
    22b6:	bf00      	nop
    22b8:	bf00      	nop
    22ba:	bf00      	nop
    22bc:	bf00      	nop
    22be:	bf00      	nop
    22c0:	bf00      	nop
    GPIO9_DR = v;          spin<S>();
    22c2:	6019      	str	r1, [r3, #0]
template <int S> struct Nop { static inline void go() { __asm__ volatile("nop"); Nop<S - 1>::go(); } };
    22c4:	bf00      	nop
    22c6:	bf00      	nop
    22c8:	bf00      	nop
    22ca:	bf00      	nop
    22cc:	bf00      	nop
    22ce:	bf00      	nop
    22d0:	bf00      	nop
    22d2:	bf00      	nop
    22d4:	bf00      	nop
    22d6:	bf00      	nop
    22d8:	bf00      	nop
    22da:	bf00      	nop
    22dc:	bf00      	nop
    22de:	bf00      	nop
    22e0:	bf00      	nop
    22e2:	bf00      	nop
    22e4:	bf00      	nop
    22e6:	bf00      	nop
    22e8:	bf00      	nop
    22ea:	bf00      	nop
    const uint32_t v = base | ((uint32_t)nib << DSHIFT);
    22ec:	f007 010f 	and.w	r1, r7, #15
    22f0:	ea42 6181 	orr.w	r1, r2, r1, lsl #26
    GPIO9_DR = v | B_CLK;  spin<S>();
    22f4:	f041 7b00 	orr.w	fp, r1, #33554432	@ 0x2000000
    GPIO9_DR = v;
    22f8:	6019      	str	r1, [r3, #0]
    GPIO9_DR = v | B_CLK;  spin<S>();
    22fa:	f8c3 b000 	str.w	fp, [r3]
template <int S> struct Nop { static inline void go() { __asm__ volatile("nop"); Nop<S - 1>::go(); } };
    22fe:	bf00      	nop
    2300:	bf00      	nop
    2302:	bf00      	nop
    2304:	bf00      	nop
    2306:	bf00      	nop
    2308:	bf00      	nop
    230a:	bf00      	nop
    230c:	bf00      	nop
    230e:	bf00      	nop
    2310:	bf00      	nop
    2312:	bf00      	nop
    2314:	bf00      	nop
    2316:	bf00      	nop
    2318:	bf00      	nop
    231a:	bf00      	nop
    231c:	bf00      	nop
    231e:	bf00      	nop
    2320:	bf00      	nop
    2322:	bf00      	nop
    2324:	bf00      	nop
    GPIO9_DR = v;          spin<S>();
    2326:	6019      	str	r1, [r3, #0]
template <int S> struct Nop { static inline void go() { __asm__ volatile("nop"); Nop<S - 1>::go(); } };
    2328:	bf00      	nop
    232a:	bf00      	nop
    232c:	bf00      	nop
    232e:	bf00      	nop
    2330:	bf00      	nop
    2332:	bf00      	nop
    2334:	bf00      	nop
    2336:	bf00      	nop
    2338:	bf00      	nop
    233a:	bf00      	nop
    233c:	bf00      	nop
    233e:	bf00      	nop
    2340:	bf00      	nop
    2342:	bf00      	nop
    2344:	bf00      	nop
    2346:	bf00      	nop
    2348:	bf00      	nop
    234a:	bf00      	nop
    234c:	bf00      	nop
    234e:	bf00      	nop
    const uint32_t v = base | ((uint32_t)nib << DSHIFT);
    2350:	f006 010f 	and.w	r1, r6, #15
    2354:	e00a      	b.n	236c <void bread<20>(unsigned long, unsigned char*, unsigned long)+0x260>
    2356:	bf00      	nop
    2358:	20006e10 	.word	0x20006e10
    235c:	4200c000 	.word	0x4200c000
    2360:	20001d20 	.word	0x20001d20
    2364:	20001d24 	.word	0x20001d24
    2368:	01400100 	.word	0x01400100
    236c:	ea42 6181 	orr.w	r1, r2, r1, lsl #26
    GPIO9_DR = v | B_CLK;  spin<S>();
    2370:	f041 7b00 	orr.w	fp, r1, #33554432	@ 0x2000000
    GPIO9_DR = v;
    2374:	6019      	str	r1, [r3, #0]
    GPIO9_DR = v | B_CLK;  spin<S>();
    2376:	f8c3 b000 	str.w	fp, [r3]
template <int S> struct Nop { static inline void go() { __asm__ volatile("nop"); Nop<S - 1>::go(); } };
    237a:	bf00      	nop
    237c:	bf00      	nop
    237e:	bf00      	nop
    2380:	bf00      	nop
    2382:	bf00      	nop
    2384:	bf00      	nop
    2386:	bf00      	nop
    2388:	bf00      	nop
    238a:	bf00      	nop
    238c:	bf00      	nop
    238e:	bf00      	nop
    2390:	bf00      	nop
    2392:	bf00      	nop
    2394:	bf00      	nop
    2396:	bf00      	nop
    2398:	bf00      	nop
    239a:	bf00      	nop
    239c:	bf00      	nop
    239e:	bf00      	nop
    23a0:	bf00      	nop
    GPIO9_DR = v;          spin<S>();
    23a2:	6019      	str	r1, [r3, #0]
template <int S> struct Nop { static inline void go() { __asm__ volatile("nop"); Nop<S - 1>::go(); } };
    23a4:	bf00      	nop
    23a6:	bf00      	nop
    23a8:	bf00      	nop
    23aa:	bf00      	nop
    23ac:	bf00      	nop
    23ae:	bf00      	nop
    23b0:	bf00      	nop
    23b2:	bf00      	nop
    23b4:	bf00      	nop
    23b6:	bf00      	nop
    23b8:	bf00      	nop
    23ba:	bf00      	nop
    23bc:	bf00      	nop
    23be:	bf00      	nop
    23c0:	bf00      	nop
    23c2:	bf00      	nop
    23c4:	bf00      	nop
    23c6:	bf00      	nop
    23c8:	bf00      	nop
    23ca:	bf00      	nop
    const uint32_t v = base | ((uint32_t)nib << DSHIFT);
    23cc:	f005 010f 	and.w	r1, r5, #15
    23d0:	ea42 6181 	orr.w	r1, r2, r1, lsl #26
    GPIO9_DR = v | B_CLK;  spin<S>();
    23d4:	f041 7b00 	orr.w	fp, r1, #33554432	@ 0x2000000
    GPIO9_DR = v;
    23d8:	6019      	str	r1, [r3, #0]
    GPIO9_DR = v | B_CLK;  spin<S>();
    23da:	f8c3 b000 	str.w	fp, [r3]
template <int S> struct Nop { static inline void go() { __asm__ volatile("nop"); Nop<S - 1>::go(); } };
    23de:	bf00      	nop
    23e0:	bf00      	nop
    23e2:	bf00      	nop
    23e4:	bf00      	nop
    23e6:	bf00      	nop
    23e8:	bf00      	nop
    23ea:	bf00      	nop
    23ec:	bf00      	nop
    23ee:	bf00      	nop
    23f0:	bf00      	nop
    23f2:	bf00      	nop
    23f4:	bf00      	nop
    23f6:	bf00      	nop
    23f8:	bf00      	nop
    23fa:	bf00      	nop
    23fc:	bf00      	nop
    23fe:	bf00      	nop
    2400:	bf00      	nop
    2402:	bf00      	nop
    2404:	bf00      	nop
    GPIO9_DR = v;          spin<S>();
    2406:	6019      	str	r1, [r3, #0]
template <int S> struct Nop { static inline void go() { __asm__ volatile("nop"); Nop<S - 1>::go(); } };
    2408:	bf00      	nop
    240a:	bf00      	nop
    240c:	bf00      	nop
    240e:	bf00      	nop
    2410:	bf00      	nop
    2412:	bf00      	nop
    2414:	bf00      	nop
    2416:	bf00      	nop
    2418:	bf00      	nop
    241a:	bf00      	nop
    241c:	bf00      	nop
    241e:	bf00      	nop
    2420:	bf00      	nop
    2422:	bf00      	nop
    2424:	bf00      	nop
    2426:	bf00      	nop
    2428:	bf00      	nop
    242a:	bf00      	nop
    242c:	bf00      	nop
    242e:	bf00      	nop
    const uint32_t v = base | ((uint32_t)nib << DSHIFT);
    2430:	9901      	ldr	r1, [sp, #4]
    2432:	ea42 6181 	orr.w	r1, r2, r1, lsl #26
    GPIO9_DR = v | B_CLK;  spin<S>();
    2436:	f041 7b00 	orr.w	fp, r1, #33554432	@ 0x2000000
    GPIO9_DR = v;
    243a:	6019      	str	r1, [r3, #0]
    GPIO9_DR = v | B_CLK;  spin<S>();
    243c:	f8c3 b000 	str.w	fp, [r3]
template <int S> struct Nop { static inline void go() { __asm__ volatile("nop"); Nop<S - 1>::go(); } };
    2440:	bf00      	nop
    2442:	bf00      	nop
    2444:	bf00      	nop
    2446:	bf00      	nop
    2448:	bf00      	nop
    244a:	bf00      	nop
    244c:	bf00      	nop
    244e:	bf00      	nop
    2450:	bf00      	nop
    2452:	bf00      	nop
    2454:	bf00      	nop
    2456:	bf00      	nop
    2458:	bf00      	nop
    245a:	bf00      	nop
    245c:	bf00      	nop
    245e:	bf00      	nop
    2460:	bf00      	nop
    2462:	bf00      	nop
    2464:	bf00      	nop
    2466:	bf00      	nop
    GPIO9_DR = v;          spin<S>();
    2468:	6019      	str	r1, [r3, #0]
template <int S> struct Nop { static inline void go() { __asm__ volatile("nop"); Nop<S - 1>::go(); } };
    246a:	bf00      	nop
    246c:	bf00      	nop
    246e:	bf00      	nop
    2470:	bf00      	nop
    2472:	bf00      	nop
    2474:	bf00      	nop
    2476:	bf00      	nop
    2478:	bf00      	nop
    247a:	bf00      	nop
    247c:	bf00      	nop
    247e:	bf00      	nop
    2480:	bf00      	nop
    2482:	bf00      	nop
    2484:	bf00      	nop
    2486:	bf00      	nop
    2488:	bf00      	nop
    248a:	bf00      	nop
    248c:	bf00      	nop
    248e:	bf00      	nop
    2490:	bf00      	nop
static inline void data_in(void) { GPIO9_GDIR &= ~B_DATA; }
    2492:	6859      	ldr	r1, [r3, #4]
        for (int k = 0; k < 6; k++) { GPIO9_DR = b | B_CLK; spin<S>(); GPIO9_DR = b; spin<S>(); }
    2494:	f04f 0b06 	mov.w	fp, #6
static inline void data_in(void) { GPIO9_GDIR &= ~B_DATA; }
    2498:	f021 5170 	bic.w	r1, r1, #1006632960	@ 0x3c000000
    249c:	6059      	str	r1, [r3, #4]
        for (int k = 0; k < 6; k++) { GPIO9_DR = b | B_CLK; spin<S>(); GPIO9_DR = b; spin<S>(); }
    249e:	f042 7100 	orr.w	r1, r2, #33554432	@ 0x2000000
    24a2:	6019      	str	r1, [r3, #0]
template <int S> struct Nop { static inline void go() { __asm__ volatile("nop"); Nop<S - 1>::go(); } };
    24a4:	bf00      	nop
    24a6:	bf00      	nop
    24a8:	bf00      	nop
    24aa:	bf00      	nop
    24ac:	bf00      	nop
    24ae:	bf00      	nop
    24b0:	bf00      	nop
    24b2:	bf00      	nop
    24b4:	bf00      	nop
    24b6:	bf00      	nop
    24b8:	bf00      	nop
    24ba:	bf00      	nop
    24bc:	bf00      	nop
    24be:	bf00      	nop
    24c0:	bf00      	nop
    24c2:	bf00      	nop
    24c4:	bf00      	nop
    24c6:	bf00      	nop
    24c8:	bf00      	nop
    24ca:	bf00      	nop
        for (int k = 0; k < 6; k++) { GPIO9_DR = b | B_CLK; spin<S>(); GPIO9_DR = b; spin<S>(); }
    24cc:	601a      	str	r2, [r3, #0]
template <int S> struct Nop { static inline void go() { __asm__ volatile("nop"); Nop<S - 1>::go(); } };
    24ce:	bf00      	nop
    24d0:	bf00      	nop
    24d2:	bf00      	nop
    24d4:	bf00      	nop
    24d6:	bf00      	nop
    24d8:	bf00      	nop
    24da:	bf00      	nop
    24dc:	bf00      	nop
    24de:	bf00      	nop
    24e0:	bf00      	nop
    24e2:	bf00      	nop
    24e4:	bf00      	nop
    24e6:	bf00      	nop
    24e8:	bf00      	nop
    24ea:	bf00      	nop
    24ec:	bf00      	nop
    24ee:	bf00      	nop
    24f0:	bf00      	nop
    24f2:	bf00      	nop
    24f4:	bf00      	nop
        for (int k = 0; k < 6; k++) { GPIO9_DR = b | B_CLK; spin<S>(); GPIO9_DR = b; spin<S>(); }
    24f6:	f1bb 0b01 	subs.w	fp, fp, #1
    24fa:	d1d2      	bne.n	24a2 <void bread<20>(unsigned long, unsigned char*, unsigned long)+0x396>
        for (uint32_t i = 0; i < n; i++) {
    24fc:	f1be 0f00 	cmp.w	lr, #0
    2500:	d079      	beq.n	25f6 <void bread<20>(unsigned long, unsigned char*, unsigned long)+0x4ea>
    2502:	f10c 37ff 	add.w	r7, ip, #4294967295
    2506:	44f4      	add	ip, lr
    2508:	f10c 38ff 	add.w	r8, ip, #4294967295
    GPIO9_DR = base | B_CLK;  spin<S>();
    250c:	6019      	str	r1, [r3, #0]
template <int S> struct Nop { static inline void go() { __asm__ volatile("nop"); Nop<S - 1>::go(); } };
    250e:	bf00      	nop
    2510:	bf00      	nop
    2512:	bf00      	nop
    2514:	bf00      	nop
    2516:	bf00      	nop
    2518:	bf00      	nop
    251a:	bf00      	nop
    251c:	bf00      	nop
    251e:	bf00      	nop
    2520:	bf00      	nop
    2522:	bf00      	nop
    2524:	bf00      	nop
    2526:	bf00      	nop
    2528:	bf00      	nop
    252a:	bf00      	nop
    252c:	bf00      	nop
    252e:	bf00      	nop
    2530:	bf00      	nop
    2532:	bf00      	nop
    2534:	bf00      	nop
    const uint8_t n = (uint8_t)((GPIO9_PSR >> DSHIFT) & 0xF);
    2536:	689e      	ldr	r6, [r3, #8]
    GPIO9_DR = base;          spin<S>();
    2538:	601a      	str	r2, [r3, #0]
template <int S> struct Nop { static inline void go() { __asm__ volatile("nop"); Nop<S - 1>::go(); } };
    253a:	bf00      	nop
    253c:	bf00      	nop
    253e:	bf00      	nop
    2540:	bf00      	nop
    2542:	bf00      	nop
    2544:	bf00      	nop
    2546:	bf00      	nop
    2548:	bf00      	nop
    254a:	bf00      	nop
    254c:	bf00      	nop
    254e:	bf00      	nop
    2550:	bf00      	nop
    2552:	bf00      	nop
    2554:	bf00      	nop
    2556:	bf00      	nop
    2558:	bf00      	nop
    255a:	bf00      	nop
    255c:	bf00      	nop
    255e:	bf00      	nop
    2560:	bf00      	nop
    GPIO9_DR = base | B_CLK;  spin<S>();
    2562:	6019      	str	r1, [r3, #0]
template <int S> struct Nop { static inline void go() { __asm__ volatile("nop"); Nop<S - 1>::go(); } };
    2564:	bf00      	nop
    2566:	bf00      	nop
    2568:	bf00      	nop
    256a:	bf00      	nop
    256c:	bf00      	nop
    256e:	bf00      	nop
    2570:	bf00      	nop
    2572:	bf00      	nop
    2574:	bf00      	nop
    2576:	bf00      	nop
    2578:	bf00      	nop
    257a:	bf00      	nop
    257c:	bf00      	nop
    257e:	bf00      	nop
    2580:	bf00      	nop
    2582:	bf00      	nop
    2584:	bf00      	nop
    2586:	bf00      	nop
    2588:	bf00      	nop
    258a:	bf00      	nop
    const uint8_t n = (uint8_t)((GPIO9_PSR >> DSHIFT) & 0xF);
    258c:	689d      	ldr	r5, [r3, #8]
    GPIO9_DR = base;          spin<S>();
    258e:	601a      	str	r2, [r3, #0]
template <int S> struct Nop { static inline void go() { __asm__ volatile("nop"); Nop<S - 1>::go(); } };
    2590:	bf00      	nop
    2592:	bf00      	nop
    2594:	bf00      	nop
    2596:	bf00      	nop
    2598:	bf00      	nop
    259a:	bf00      	nop
    259c:	bf00      	nop
    259e:	bf00      	nop
    25a0:	bf00      	nop
    25a2:	bf00      	nop
    25a4:	bf00      	nop
    25a6:	bf00      	nop
    25a8:	bf00      	nop
    25aa:	bf00      	nop
    25ac:	bf00      	nop
    25ae:	bf00      	nop
    25b0:	bf00      	nop
    25b2:	bf00      	nop
    25b4:	bf00      	nop
    25b6:	bf00      	nop
    const uint8_t n = (uint8_t)((GPIO9_PSR >> DSHIFT) & 0xF);
    25b8:	0eb6      	lsrs	r6, r6, #26
    25ba:	f3c5 6583 	ubfx	r5, r5, #26, #4
            d[i] = (uint8_t)((hi << 4) | get_nib<S>(b));
    25be:	ea45 1506 	orr.w	r5, r5, r6, lsl #4
    25c2:	f807 5f01 	strb.w	r5, [r7, #1]!
        for (uint32_t i = 0; i < n; i++) {
    25c6:	4547      	cmp	r7, r8
    25c8:	d1a0      	bne.n	250c <void bread<20>(unsigned long, unsigned char*, unsigned long)+0x400>
        GPIO9_DR = idle; bus_out();
    25ca:	4a11      	ldr	r2, [pc, #68]	@ (2610 <void bread<20>(unsigned long, unsigned char*, unsigned long)+0x504>)
    while (len) {
    25cc:	ebb4 040e 	subs.w	r4, r4, lr
        GPIO9_DR = idle; bus_out();
    25d0:	6812      	ldr	r2, [r2, #0]
    25d2:	601a      	str	r2, [r3, #0]
static inline void bus_out(void) { GPIO9_GDIR |= (B_DATA | B_CLK | B_SS0 | B_SS1); }
    25d4:	6859      	ldr	r1, [r3, #4]
    25d6:	f041 517d 	orr.w	r1, r1, #1061158912	@ 0x3f400000
    25da:	6059      	str	r1, [r3, #4]
    while (len) {
    25dc:	d013      	beq.n	2606 <void bread<20>(unsigned long, unsigned char*, unsigned long)+0x4fa>
        a += n; d += n; len -= n;
    25de:	4470      	add	r0, lr
    25e0:	f000 010f 	and.w	r1, r0, #15
    25e4:	ea4f 5910 	mov.w	r9, r0, lsr #20
    25e8:	ea4f 4810 	mov.w	r8, r0, lsr #16
    25ec:	0b07      	lsrs	r7, r0, #12
    25ee:	9101      	str	r1, [sp, #4]
    25f0:	0a06      	lsrs	r6, r0, #8
    25f2:	0905      	lsrs	r5, r0, #4
    25f4:	e5a1      	b.n	213a <void bread<20>(unsigned long, unsigned char*, unsigned long)+0x2e>
        GPIO9_DR = idle; bus_out();
    25f6:	4a06      	ldr	r2, [pc, #24]	@ (2610 <void bread<20>(unsigned long, unsigned char*, unsigned long)+0x504>)
    25f8:	6812      	ldr	r2, [r2, #0]
    25fa:	601a      	str	r2, [r3, #0]
static inline void bus_out(void) { GPIO9_GDIR |= (B_DATA | B_CLK | B_SS0 | B_SS1); }
    25fc:	6859      	ldr	r1, [r3, #4]
    25fe:	f041 517d 	orr.w	r1, r1, #1061158912	@ 0x3f400000
    2602:	6059      	str	r1, [r3, #4]
    while (len) {
    2604:	e599      	b.n	213a <void bread<20>(unsigned long, unsigned char*, unsigned long)+0x2e>
}
    2606:	b003      	add	sp, #12
    2608:	e8bd 8ff0 	ldmia.w	sp!, {r4, r5, r6, r7, r8, r9, sl, fp, pc}
    260c:	4770      	bx	lr
    260e:	bf00      	nop
    2610:	20006e10 	.word	0x20006e10

00002614 <void bwrite<5>(unsigned long, unsigned char const*, unsigned long)>:
    while (len) {
    2614:	2a00      	cmp	r2, #0
    2616:	f000 8111 	beq.w	283c <void bwrite<5>(unsigned long, unsigned char const*, unsigned long)+0x228>
    return (idle | B_SS0 | B_SS1 | B_DEC) & ~g_csbit & ~B_CLK & ~B_DATA;
    261a:	4b89      	ldr	r3, [pc, #548]	@ (2840 <void bwrite<5>(unsigned long, unsigned char const*, unsigned long)+0x22c>)
template <int S> static void bwrite(uint32_t a, const uint8_t *s, uint32_t len)
    261c:	e92d 4ff0 	stmdb	sp!, {r4, r5, r6, r7, r8, r9, sl, fp, lr}
    2620:	4696      	mov	lr, r2
    2622:	b083      	sub	sp, #12
    return (idle | B_SS0 | B_SS1 | B_DEC) & ~g_csbit & ~B_CLK & ~B_DATA;
    2624:	681a      	ldr	r2, [r3, #0]
    2626:	f000 030f 	and.w	r3, r0, #15
    262a:	0905      	lsrs	r5, r0, #4
    262c:	f8df a21c 	ldr.w	sl, [pc, #540]	@ 284c <void bwrite<5>(unsigned long, unsigned char const*, unsigned long)+0x238>
    2630:	9300      	str	r3, [sp, #0]
    2632:	ea4f 5910 	mov.w	r9, r0, lsr #20
    2636:	ea4f 4810 	mov.w	r8, r0, lsr #16
static inline void bus_out(void) { GPIO9_GDIR |= (B_DATA | B_CLK | B_SS0 | B_SS1); }
    263a:	4b82      	ldr	r3, [pc, #520]	@ (2844 <void bwrite<5>(unsigned long, unsigned char const*, unsigned long)+0x230>)
    263c:	0b07      	lsrs	r7, r0, #12
    return (idle | B_SS0 | B_SS1 | B_DEC) & ~g_csbit & ~B_CLK & ~B_DATA;
    263e:	9501      	str	r5, [sp, #4]
    2640:	0a06      	lsrs	r6, r0, #8
static inline void bus_out(void) { GPIO9_GDIR |= (B_DATA | B_CLK | B_SS0 | B_SS1); }
    2642:	685c      	ldr	r4, [r3, #4]
    return (idle | B_SS0 | B_SS1 | B_DEC) & ~g_csbit & ~B_CLK & ~B_DATA;
    2644:	f042 2201 	orr.w	r2, r2, #16777472	@ 0x1000100
        const uint32_t n = (len > g_burst) ? g_burst : len;
    2648:	4d7f      	ldr	r5, [pc, #508]	@ (2848 <void bwrite<5>(unsigned long, unsigned char const*, unsigned long)+0x234>)
static inline void bus_out(void) { GPIO9_GDIR |= (B_DATA | B_CLK | B_SS0 | B_SS1); }
    264a:	f044 547d 	orr.w	r4, r4, #1061158912	@ 0x3f400000
    return (idle | B_SS0 | B_SS1 | B_DEC) & ~g_csbit & ~B_CLK & ~B_DATA;
    264e:	f442 0280 	orr.w	r2, r2, #4194304	@ 0x400000
        const uint32_t n = (len > g_burst) ? g_burst : len;
    2652:	f8d5 c000 	ldr.w	ip, [r5]
static inline void bus_out(void) { GPIO9_GDIR |= (B_DATA | B_CLK | B_SS0 | B_SS1); }
    2656:	605c      	str	r4, [r3, #4]
    return (idle | B_SS0 | B_SS1 | B_DEC) & ~g_csbit & ~B_CLK & ~B_DATA;
    2658:	f8da 4000 	ldr.w	r4, [sl]
        const uint32_t n = (len > g_burst) ? g_burst : len;
    265c:	45f4      	cmp	ip, lr
    return (idle | B_SS0 | B_SS1 | B_DEC) & ~g_csbit & ~B_CLK & ~B_DATA;
    265e:	ea22 0204 	bic.w	r2, r2, r4
        const uint32_t n = (len > g_burst) ? g_burst : len;
    2662:	bf28      	it	cs
    2664:	46f4      	movcs	ip, lr
    return (idle | B_SS0 | B_SS1 | B_DEC) & ~g_csbit & ~B_CLK & ~B_DATA;
    2666:	f022 5278 	bic.w	r2, r2, #1040187392	@ 0x3e000000
    const uint32_t v = base | ((uint32_t)nib << DSHIFT);
    266a:	f042 6440 	orr.w	r4, r2, #201326592	@ 0xc000000
    GPIO9_DR = v | B_CLK;  spin<S>();
    266e:	f042 6b60 	orr.w	fp, r2, #234881024	@ 0xe000000
        bus_out(); const uint32_t b = cbase(); GPIO9_DR = b;
    2672:	601a      	str	r2, [r3, #0]
    GPIO9_DR = v;
    2674:	601c      	str	r4, [r3, #0]
    GPIO9_DR = v | B_CLK;  spin<S>();
    2676:	f8c3 b000 	str.w	fp, [r3]
template <int S> struct Nop { static inline void go() { __asm__ volatile("nop"); Nop<S - 1>::go(); } };
    267a:	bf00      	nop
    267c:	bf00      	nop
    267e:	bf00      	nop
    2680:	bf00      	nop
    2682:	bf00      	nop
    GPIO9_DR = v;          spin<S>();
    2684:	601c      	str	r4, [r3, #0]
template <int S> struct Nop { static inline void go() { __asm__ volatile("nop"); Nop<S - 1>::go(); } };
    2686:	bf00      	nop
    2688:	bf00      	nop
    268a:	bf00      	nop
    268c:	bf00      	nop
    268e:	bf00      	nop
    const uint32_t v = base | ((uint32_t)nib << DSHIFT);
    2690:	f042 5400 	orr.w	r4, r2, #536870912	@ 0x20000000
    GPIO9_DR = v | B_CLK;  spin<S>();
    2694:	f042 5b08 	orr.w	fp, r2, #570425344	@ 0x22000000
    GPIO9_DR = v;
    2698:	601c      	str	r4, [r3, #0]
    GPIO9_DR = v | B_CLK;  spin<S>();
    269a:	f8c3 b000 	str.w	fp, [r3]
template <int S> struct Nop { static inline void go() { __asm__ volatile("nop"); Nop<S - 1>::go(); } };
    269e:	bf00      	nop
    26a0:	bf00      	nop
    26a2:	bf00      	nop
    26a4:	bf00      	nop
    26a6:	bf00      	nop
    GPIO9_DR = v;          spin<S>();
    26a8:	601c      	str	r4, [r3, #0]
template <int S> struct Nop { static inline void go() { __asm__ volatile("nop"); Nop<S - 1>::go(); } };
    26aa:	bf00      	nop
    26ac:	bf00      	nop
    26ae:	bf00      	nop
    26b0:	bf00      	nop
    26b2:	bf00      	nop
    const uint32_t v = base | ((uint32_t)nib << DSHIFT);
    26b4:	f009 040f 	and.w	r4, r9, #15
    26b8:	ea42 6484 	orr.w	r4, r2, r4, lsl #26
    GPIO9_DR = v | B_CLK;  spin<S>();
    26bc:	f044 7b00 	orr.w	fp, r4, #33554432	@ 0x2000000
    GPIO9_DR = v;
    26c0:	601c      	str	r4, [r3, #0]
    GPIO9_DR = v | B_CLK;  spin<S>();
    26c2:	f8c3 b000 	str.w	fp, [r3]
template <int S> struct Nop { static inline void go() { __asm__ volatile("nop"); Nop<S - 1>::go(); } };
    26c6:	bf00      	nop
    26c8:	bf00      	nop
    26ca:	bf00      	nop
    26cc:	bf00      	nop
    26ce:	bf00      	nop
    GPIO9_DR = v;          spin<S>();
    26d0:	601c      	str	r4, [r3, #0]
template <int S> struct Nop { static inline void go() { __asm__ volatile("nop"); Nop<S - 1>::go(); } };
    26d2:	bf00      	nop
    26d4:	bf00      	nop
    26d6:	bf00      	nop
    26d8:	bf00      	nop
    26da:	bf00      	nop
    const uint32_t v = base | ((uint32_t)nib << DSHIFT);
    26dc:	f008 040f 	and.w	r4, r8, #15
    26e0:	ea42 6484 	orr.w	r4, r2, r4, lsl #26
    GPIO9_DR = v | B_CLK;  spin<S>();
    26e4:	f044 7b00 	orr.w	fp, r4, #33554432	@ 0x2000000
    GPIO9_DR = v;
    26e8:	601c      	str	r4, [r3, #0]
    GPIO9_DR = v | B_CLK;  spin<S>();
    26ea:	f8c3 b000 	str.w	fp, [r3]
template <int S> struct Nop { static inline void go() { __asm__ volatile("nop"); Nop<S - 1>::go(); } };
    26ee:	bf00      	nop
    26f0:	bf00      	nop
    26f2:	bf00      	nop
    26f4:	bf00      	nop
    26f6:	bf00      	nop
    GPIO9_DR = v;          spin<S>();
    26f8:	601c      	str	r4, [r3, #0]
template <int S> struct Nop { static inline void go() { __asm__ volatile("nop"); Nop<S - 1>::go(); } };
    26fa:	bf00      	nop
    26fc:	bf00      	nop
    26fe:	bf00      	nop
    2700:	bf00      	nop
    2702:	bf00      	nop
    const uint32_t v = base | ((uint32_t)nib << DSHIFT);
    2704:	f007 040f 	and.w	r4, r7, #15
    2708:	ea42 6484 	orr.w	r4, r2, r4, lsl #26
    GPIO9_DR = v | B_CLK;  spin<S>();
    270c:	f044 7b00 	orr.w	fp, r4, #33554432	@ 0x2000000
    GPIO9_DR = v;
    2710:	601c      	str	r4, [r3, #0]
    GPIO9_DR = v | B_CLK;  spin<S>();
    2712:	f8c3 b000 	str.w	fp, [r3]
template <int S> struct Nop { static inline void go() { __asm__ volatile("nop"); Nop<S - 1>::go(); } };
    2716:	bf00      	nop
    2718:	bf00      	nop
    271a:	bf00      	nop
    271c:	bf00      	nop
    271e:	bf00      	nop
    GPIO9_DR = v;          spin<S>();
    2720:	601c      	str	r4, [r3, #0]
template <int S> struct Nop { static inline void go() { __asm__ volatile("nop"); Nop<S - 1>::go(); } };
    2722:	bf00      	nop
    2724:	bf00      	nop
    2726:	bf00      	nop
    2728:	bf00      	nop
    272a:	bf00      	nop
    const uint32_t v = base | ((uint32_t)nib << DSHIFT);
    272c:	f006 040f 	and.w	r4, r6, #15
    2730:	ea42 6484 	orr.w	r4, r2, r4, lsl #26
    GPIO9_DR = v | B_CLK;  spin<S>();
    2734:	f044 7b00 	orr.w	fp, r4, #33554432	@ 0x2000000
    GPIO9_DR = v;
    2738:	601c      	str	r4, [r3, #0]
    GPIO9_DR = v | B_CLK;  spin<S>();
    273a:	f8c3 b000 	str.w	fp, [r3]
template <int S> struct Nop { static inline void go() { __asm__ volatile("nop"); Nop<S - 1>::go(); } };
    273e:	bf00      	nop
    2740:	bf00      	nop
    2742:	bf00      	nop
    2744:	bf00      	nop
    2746:	bf00      	nop
    GPIO9_DR = v;          spin<S>();
    2748:	601c      	str	r4, [r3, #0]
template <int S> struct Nop { static inline void go() { __asm__ volatile("nop"); Nop<S - 1>::go(); } };
    274a:	bf00      	nop
    274c:	bf00      	nop
    274e:	bf00      	nop
    2750:	bf00      	nop
    2752:	bf00      	nop
    const uint32_t v = base | ((uint32_t)nib << DSHIFT);
    2754:	9c01      	ldr	r4, [sp, #4]
    2756:	f004 040f 	and.w	r4, r4, #15
    275a:	ea42 6484 	orr.w	r4, r2, r4, lsl #26
    GPIO9_DR = v | B_CLK;  spin<S>();
    275e:	f044 7b00 	orr.w	fp, r4, #33554432	@ 0x2000000
    GPIO9_DR = v;
    2762:	601c      	str	r4, [r3, #0]
    GPIO9_DR = v | B_CLK;  spin<S>();
    2764:	f8c3 b000 	str.w	fp, [r3]
template <int S> struct Nop { static inline void go() { __asm__ volatile("nop"); Nop<S - 1>::go(); } };
    2768:	bf00      	nop
    276a:	bf00      	nop
    276c:	bf00      	nop
    276e:	bf00      	nop
    2770:	bf00      	nop
    GPIO9_DR = v;          spin<S>();
    2772:	601c      	str	r4, [r3, #0]
template <int S> struct Nop { static inline void go() { __asm__ volatile("nop"); Nop<S - 1>::go(); } };
    2774:	bf00      	nop
    2776:	bf00      	nop
    2778:	bf00      	nop
    277a:	bf00      	nop
    277c:	bf00      	nop
    const uint32_t v = base | ((uint32_t)nib << DSHIFT);
    277e:	9c00      	ldr	r4, [sp, #0]
    2780:	ea42 6484 	orr.w	r4, r2, r4, lsl #26
    GPIO9_DR = v | B_CLK;  spin<S>();
    2784:	f044 7b00 	orr.w	fp, r4, #33554432	@ 0x2000000
    GPIO9_DR = v;
    2788:	601c      	str	r4, [r3, #0]
    GPIO9_DR = v | B_CLK;  spin<S>();
    278a:	f8c3 b000 	str.w	fp, [r3]
template <int S> struct Nop { static inline void go() { __asm__ volatile("nop"); Nop<S - 1>::go(); } };
    278e:	bf00      	nop
    2790:	bf00      	nop
    2792:	bf00      	nop
    2794:	bf00      	nop
    2796:	bf00      	nop
    GPIO9_DR = v;          spin<S>();
    2798:	601c      	str	r4, [r3, #0]
template <int S> struct Nop { static inline void go() { __asm__ volatile("nop"); Nop<S - 1>::go(); } };
    279a:	bf00      	nop
    279c:	bf00      	nop
    279e:	bf00      	nop
    27a0:	bf00      	nop
    27a2:	bf00      	nop
        for (uint32_t i = 0; i < n; i++) { put_nib<S>(b, s[i] >> 4); put_nib<S>(b, s[i] & 0xF); }
    27a4:	f1bc 0f00 	cmp.w	ip, #0
    27a8:	d041      	beq.n	282e <void bwrite<5>(unsigned long, unsigned char const*, unsigned long)+0x21a>
    27aa:	eb0c 0501 	add.w	r5, ip, r1
    27ae:	3901      	subs	r1, #1
    27b0:	1e6e      	subs	r6, r5, #1
    27b2:	f811 4f01 	ldrb.w	r4, [r1, #1]!
    const uint32_t v = base | ((uint32_t)nib << DSHIFT);
    27b6:	0924      	lsrs	r4, r4, #4
    27b8:	ea42 6484 	orr.w	r4, r2, r4, lsl #26
    GPIO9_DR = v | B_CLK;  spin<S>();
    27bc:	f044 7700 	orr.w	r7, r4, #33554432	@ 0x2000000
    GPIO9_DR = v;
    27c0:	601c      	str	r4, [r3, #0]
    GPIO9_DR = v | B_CLK;  spin<S>();
    27c2:	601f      	str	r7, [r3, #0]
template <int S> struct Nop { static inline void go() { __asm__ volatile("nop"); Nop<S - 1>::go(); } };
    27c4:	bf00      	nop
    27c6:	bf00      	nop
    27c8:	bf00      	nop
    27ca:	bf00      	nop
    27cc:	bf00      	nop
    GPIO9_DR = v;          spin<S>();
    27ce:	601c      	str	r4, [r3, #0]
template <int S> struct Nop { static inline void go() { __asm__ volatile("nop"); Nop<S - 1>::go(); } };
    27d0:	bf00      	nop
    27d2:	bf00      	nop
    27d4:	bf00      	nop
    27d6:	bf00      	nop
    27d8:	bf00      	nop
        for (uint32_t i = 0; i < n; i++) { put_nib<S>(b, s[i] >> 4); put_nib<S>(b, s[i] & 0xF); }
    27da:	780c      	ldrb	r4, [r1, #0]
    const uint32_t v = base | ((uint32_t)nib << DSHIFT);
    27dc:	f004 040f 	and.w	r4, r4, #15
    27e0:	ea42 6484 	orr.w	r4, r2, r4, lsl #26
    GPIO9_DR = v | B_CLK;  spin<S>();
    27e4:	f044 7700 	orr.w	r7, r4, #33554432	@ 0x2000000
    GPIO9_DR = v;
    27e8:	601c      	str	r4, [r3, #0]
    GPIO9_DR = v | B_CLK;  spin<S>();
    27ea:	601f      	str	r7, [r3, #0]
template <int S> struct Nop { static inline void go() { __asm__ volatile("nop"); Nop<S - 1>::go(); } };
    27ec:	bf00      	nop
    27ee:	bf00      	nop
    27f0:	bf00      	nop
    27f2:	bf00      	nop
    27f4:	bf00      	nop
    GPIO9_DR = v;          spin<S>();
    27f6:	601c      	str	r4, [r3, #0]
template <int S> struct Nop { static inline void go() { __asm__ volatile("nop"); Nop<S - 1>::go(); } };
    27f8:	bf00      	nop
    27fa:	bf00      	nop
    27fc:	bf00      	nop
    27fe:	bf00      	nop
    2800:	bf00      	nop
        for (uint32_t i = 0; i < n; i++) { put_nib<S>(b, s[i] >> 4); put_nib<S>(b, s[i] & 0xF); }
    2802:	42b1      	cmp	r1, r6
    2804:	d1d5      	bne.n	27b2 <void bwrite<5>(unsigned long, unsigned char const*, unsigned long)+0x19e>
        GPIO9_DR = idle;
    2806:	4a0e      	ldr	r2, [pc, #56]	@ (2840 <void bwrite<5>(unsigned long, unsigned char const*, unsigned long)+0x22c>)
    while (len) {
    2808:	ebbe 0e0c 	subs.w	lr, lr, ip
        GPIO9_DR = idle;
    280c:	6812      	ldr	r2, [r2, #0]
    280e:	601a      	str	r2, [r3, #0]
    while (len) {
    2810:	d011      	beq.n	2836 <void bwrite<5>(unsigned long, unsigned char const*, unsigned long)+0x222>
        a += n; s += n; len -= n;
    2812:	4460      	add	r0, ip
    2814:	4629      	mov	r1, r5
    2816:	0904      	lsrs	r4, r0, #4
    2818:	ea4f 5910 	mov.w	r9, r0, lsr #20
    281c:	9401      	str	r4, [sp, #4]
    281e:	f000 040f 	and.w	r4, r0, #15
    2822:	ea4f 4810 	mov.w	r8, r0, lsr #16
    2826:	0b07      	lsrs	r7, r0, #12
    2828:	9400      	str	r4, [sp, #0]
    282a:	0a06      	lsrs	r6, r0, #8
    282c:	e709      	b.n	2642 <void bwrite<5>(unsigned long, unsigned char const*, unsigned long)+0x2e>
        GPIO9_DR = idle;
    282e:	4a04      	ldr	r2, [pc, #16]	@ (2840 <void bwrite<5>(unsigned long, unsigned char const*, unsigned long)+0x22c>)
    2830:	6812      	ldr	r2, [r2, #0]
    2832:	601a      	str	r2, [r3, #0]
    while (len) {
    2834:	e705      	b.n	2642 <void bwrite<5>(unsigned long, unsigned char const*, unsigned long)+0x2e>
}
    2836:	b003      	add	sp, #12
    2838:	e8bd 8ff0 	ldmia.w	sp!, {r4, r5, r6, r7, r8, r9, sl, fp, pc}
    283c:	4770      	bx	lr
    283e:	bf00      	nop
    2840:	20006e10 	.word	0x20006e10
    2844:	4200c000 	.word	0x4200c000
    2848:	20001d20 	.word	0x20001d20
    284c:	20001d24 	.word	0x20001d24

00002850 <void bread<5>(unsigned long, unsigned char*, unsigned long)>:
    while (len) {
    2850:	2a00      	cmp	r2, #0
    2852:	f000 8127 	beq.w	2aa4 <void bread<5>(unsigned long, unsigned char*, unsigned long)+0x254>
    return (idle | B_SS0 | B_SS1 | B_DEC) & ~g_csbit & ~B_CLK & ~B_DATA;
    2856:	4b94      	ldr	r3, [pc, #592]	@ (2aa8 <void bread<5>(unsigned long, unsigned char*, unsigned long)+0x258>)
    2858:	468c      	mov	ip, r1
template <int S> static void bread(uint32_t a, uint8_t *d, uint32_t len)
    285a:	e92d 4ff0 	stmdb	sp!, {r4, r5, r6, r7, r8, r9, sl, fp, lr}
    285e:	4614      	mov	r4, r2
    2860:	b083      	sub	sp, #12
    return (idle | B_SS0 | B_SS1 | B_DEC) & ~g_csbit & ~B_CLK & ~B_DATA;
    2862:	681a      	ldr	r2, [r3, #0]
    2864:	f000 030f 	and.w	r3, r0, #15
    2868:	f8df a248 	ldr.w	sl, [pc, #584]	@ 2ab4 <void bread<5>(unsigned long, unsigned char*, unsigned long)+0x264>
    286c:	ea4f 5910 	mov.w	r9, r0, lsr #20
    2870:	9301      	str	r3, [sp, #4]
    2872:	ea4f 4810 	mov.w	r8, r0, lsr #16
    2876:	0b07      	lsrs	r7, r0, #12
static inline void bus_out(void) { GPIO9_GDIR |= (B_DATA | B_CLK | B_SS0 | B_SS1); }
    2878:	4b8c      	ldr	r3, [pc, #560]	@ (2aac <void bread<5>(unsigned long, unsigned char*, unsigned long)+0x25c>)
    287a:	0a06      	lsrs	r6, r0, #8
    287c:	0905      	lsrs	r5, r0, #4
    287e:	6859      	ldr	r1, [r3, #4]
    return (idle | B_SS0 | B_SS1 | B_DEC) & ~g_csbit & ~B_CLK & ~B_DATA;
    2880:	f8df b234 	ldr.w	fp, [pc, #564]	@ 2ab8 <void bread<5>(unsigned long, unsigned char*, unsigned long)+0x268>
static inline void bus_out(void) { GPIO9_GDIR |= (B_DATA | B_CLK | B_SS0 | B_SS1); }
    2884:	f041 517d 	orr.w	r1, r1, #1061158912	@ 0x3f400000
    return (idle | B_SS0 | B_SS1 | B_DEC) & ~g_csbit & ~B_CLK & ~B_DATA;
    2888:	ea42 0b0b 	orr.w	fp, r2, fp
        const uint32_t n = (len > g_burst) ? g_burst : len;
    288c:	4a88      	ldr	r2, [pc, #544]	@ (2ab0 <void bread<5>(unsigned long, unsigned char*, unsigned long)+0x260>)
    288e:	f8d2 e000 	ldr.w	lr, [r2]
static inline void bus_out(void) { GPIO9_GDIR |= (B_DATA | B_CLK | B_SS0 | B_SS1); }
    2892:	6059      	str	r1, [r3, #4]
    return (idle | B_SS0 | B_SS1 | B_DEC) & ~g_csbit & ~B_CLK & ~B_DATA;
    2894:	f8da 1000 	ldr.w	r1, [sl]
        const uint32_t n = (len > g_burst) ? g_burst : len;
    2898:	45a6      	cmp	lr, r4
    return (idle | B_SS0 | B_SS1 | B_DEC) & ~g_csbit & ~B_CLK & ~B_DATA;
    289a:	ea2b 0201 	bic.w	r2, fp, r1
        const uint32_t n = (len > g_burst) ? g_burst : len;
    289e:	bf28      	it	cs
    28a0:	46a6      	movcs	lr, r4
    return (idle | B_SS0 | B_SS1 | B_DEC) & ~g_csbit & ~B_CLK & ~B_DATA;
    28a2:	f022 5278 	bic.w	r2, r2, #1040187392	@ 0x3e000000
    const uint32_t v = base | ((uint32_t)nib << DSHIFT);
    28a6:	f042 5160 	orr.w	r1, r2, #939524096	@ 0x38000000
    GPIO9_DR = v | B_CLK;  spin<S>();
    28aa:	f042 5b68 	orr.w	fp, r2, #973078528	@ 0x3a000000
        bus_out(); const uint32_t b = cbase(); GPIO9_DR = b;
    28ae:	601a      	str	r2, [r3, #0]
    GPIO9_DR = v;
    28b0:	6019      	str	r1, [r3, #0]
    GPIO9_DR = v | B_CLK;  spin<S>();
    28b2:	f8c3 b000 	str.w	fp, [r3]
template <int S> struct Nop { static inline void go() { __asm__ volatile("nop"); Nop<S - 1>::go(); } };
    28b6:	bf00      	nop
    28b8:	bf00      	nop
    28ba:	bf00      	nop
    28bc:	bf00      	nop
    28be:	bf00      	nop
    GPIO9_DR = v;          spin<S>();
    28c0:	6019      	str	r1, [r3, #0]
template <int S> struct Nop { static inline void go() { __asm__ volatile("nop"); Nop<S - 1>::go(); } };
    28c2:	bf00      	nop
    28c4:	bf00      	nop
    28c6:	bf00      	nop
    28c8:	bf00      	nop
    28ca:	bf00      	nop
    const uint32_t v = base | ((uint32_t)nib << DSHIFT);
    28cc:	f042 5130 	orr.w	r1, r2, #738197504	@ 0x2c000000
    GPIO9_DR = v | B_CLK;  spin<S>();
    28d0:	f042 5b38 	orr.w	fp, r2, #771751936	@ 0x2e000000
    GPIO9_DR = v;
    28d4:	6019      	str	r1, [r3, #0]
    GPIO9_DR = v | B_CLK;  spin<S>();
    28d6:	f8c3 b000 	str.w	fp, [r3]
template <int S> struct Nop { static inline void go() { __asm__ volatile("nop"); Nop<S - 1>::go(); } };
    28da:	bf00      	nop
    28dc:	bf00      	nop
    28de:	bf00      	nop
    28e0:	bf00      	nop
    28e2:	bf00      	nop
    GPIO9_DR = v;          spin<S>();
    28e4:	6019      	str	r1, [r3, #0]
template <int S> struct Nop { static inline void go() { __asm__ volatile("nop"); Nop<S - 1>::go(); } };
    28e6:	bf00      	nop
    28e8:	bf00      	nop
    28ea:	bf00      	nop
    28ec:	bf00      	nop
    28ee:	bf00      	nop
    const uint32_t v = base | ((uint32_t)nib << DSHIFT);
    28f0:	f009 010f 	and.w	r1, r9, #15
    28f4:	ea42 6181 	orr.w	r1, r2, r1, lsl #26
    GPIO9_DR = v | B_CLK;  spin<S>();
    28f8:	f041 7b00 	orr.w	fp, r1, #33554432	@ 0x2000000
    GPIO9_DR = v;
    28fc:	6019      	str	r1, [r3, #0]
    GPIO9_DR = v | B_CLK;  spin<S>();
    28fe:	f8c3 b000 	str.w	fp, [r3]
template <int S> struct Nop { static inline void go() { __asm__ volatile("nop"); Nop<S - 1>::go(); } };
    2902:	bf00      	nop
    2904:	bf00      	nop
    2906:	bf00      	nop
    2908:	bf00      	nop
    290a:	bf00      	nop
    GPIO9_DR = v;          spin<S>();
    290c:	6019      	str	r1, [r3, #0]
template <int S> struct Nop { static inline void go() { __asm__ volatile("nop"); Nop<S - 1>::go(); } };
    290e:	bf00      	nop
    2910:	bf00      	nop
    2912:	bf00      	nop
    2914:	bf00      	nop
    2916:	bf00      	nop
    const uint32_t v = base | ((uint32_t)nib << DSHIFT);
    2918:	f008 010f 	and.w	r1, r8, #15
    291c:	ea42 6181 	orr.w	r1, r2, r1, lsl #26
    GPIO9_DR = v | B_CLK;  spin<S>();
    2920:	f041 7b00 	orr.w	fp, r1, #33554432	@ 0x2000000
    GPIO9_DR = v;
    2924:	6019      	str	r1, [r3, #0]
    GPIO9_DR = v | B_CLK;  spin<S>();
    2926:	f8c3 b000 	str.w	fp, [r3]
template <int S> struct Nop { static inline void go() { __asm__ volatile("nop"); Nop<S - 1>::go(); } };
    292a:	bf00      	nop
    292c:	bf00      	nop
    292e:	bf00      	nop
    2930:	bf00      	nop
    2932:	bf00      	nop
    GPIO9_DR = v;          spin<S>();
    2934:	6019      	str	r1, [r3, #0]
template <int S> struct Nop { static inline void go() { __asm__ volatile("nop"); Nop<S - 1>::go(); } };
    2936:	bf00      	nop
    2938:	bf00      	nop
    293a:	bf00      	nop
    293c:	bf00      	nop
    293e:	bf00      	nop
    const uint32_t v = base | ((uint32_t)nib << DSHIFT);
    2940:	f007 010f 	and.w	r1, r7, #15
    2944:	ea42 6181 	orr.w	r1, r2, r1, lsl #26
    GPIO9_DR = v | B_CLK;  spin<S>();
    2948:	f041 7b00 	orr.w	fp, r1, #33554432	@ 0x2000000
    GPIO9_DR = v;
    294c:	6019      	str	r1, [r3, #0]
    GPIO9_DR = v | B_CLK;  spin<S>();
    294e:	f8c3 b000 	str.w	fp, [r3]
template <int S> struct Nop { static inline void go() { __asm__ volatile("nop"); Nop<S - 1>::go(); } };
    2952:	bf00      	nop
    2954:	bf00      	nop
    2956:	bf00      	nop
    2958:	bf00      	nop
    295a:	bf00      	nop
    GPIO9_DR = v;          spin<S>();
    295c:	6019      	str	r1, [r3, #0]
template <int S> struct Nop { static inline void go() { __asm__ volatile("nop"); Nop<S - 1>::go(); } };
    295e:	bf00      	nop
    2960:	bf00      	nop
    2962:	bf00      	nop
    2964:	bf00      	nop
    2966:	bf00      	nop
    const uint32_t v = base | ((uint32_t)nib << DSHIFT);
    2968:	f006 010f 	and.w	r1, r6, #15
    296c:	ea42 6181 	orr.w	r1, r2, r1, lsl #26
    GPIO9_DR = v | B_CLK;  spin<S>();
    2970:	f041 7b00 	orr.w	fp, r1, #33554432	@ 0x2000000
    GPIO9_DR = v;
    2974:	6019      	str	r1, [r3, #0]
    GPIO9_DR = v | B_CLK;  spin<S>();
    2976:	f8c3 b000 	str.w	fp, [r3]
template <int S> struct Nop { static inline void go() { __asm__ volatile("nop"); Nop<S - 1>::go(); } };
    297a:	bf00      	nop
    297c:	bf00      	nop
    297e:	bf00      	nop
    2980:	bf00      	nop
    2982:	bf00      	nop
    GPIO9_DR = v;          spin<S>();
    2984:	6019      	str	r1, [r3, #0]
template <int S> struct Nop { static inline void go() { __asm__ volatile("nop"); Nop<S - 1>::go(); } };
    2986:	bf00      	nop
    2988:	bf00      	nop
    298a:	bf00      	nop
    298c:	bf00      	nop
    298e:	bf00      	nop
    const uint32_t v = base | ((uint32_t)nib << DSHIFT);
    2990:	f005 010f 	and.w	r1, r5, #15
    2994:	ea42 6181 	orr.w	r1, r2, r1, lsl #26
    GPIO9_DR = v | B_CLK;  spin<S>();
    2998:	f041 7b00 	orr.w	fp, r1, #33554432	@ 0x2000000
    GPIO9_DR = v;
    299c:	6019      	str	r1, [r3, #0]
    GPIO9_DR = v | B_CLK;  spin<S>();
    299e:	f8c3 b000 	str.w	fp, [r3]
template <int S> struct Nop { static inline void go() { __asm__ volatile("nop"); Nop<S - 1>::go(); } };
    29a2:	bf00      	nop
    29a4:	bf00      	nop
    29a6:	bf00      	nop
    29a8:	bf00      	nop
    29aa:	bf00      	nop
    GPIO9_DR = v;          spin<S>();
    29ac:	6019      	str	r1, [r3, #0]
template <int S> struct Nop { static inline void go() { __asm__ volatile("nop"); Nop<S - 1>::go(); } };
    29ae:	bf00      	nop
    29b0:	bf00      	nop
    29b2:	bf00      	nop
    29b4:	bf00      	nop
    29b6:	bf00      	nop
    const uint32_t v = base | ((uint32_t)nib << DSHIFT);
    29b8:	9901      	ldr	r1, [sp, #4]
    29ba:	ea42 6181 	orr.w	r1, r2, r1, lsl #26
    GPIO9_DR = v | B_CLK;  spin<S>();
    29be:	f041 7b00 	orr.w	fp, r1, #33554432	@ 0x2000000
    GPIO9_DR = v;
    29c2:	6019      	str	r1, [r3, #0]
    GPIO9_DR = v | B_CLK;  spin<S>();
    29c4:	f8c3 b000 	str.w	fp, [r3]
template <int S> struct Nop { static inline void go() { __asm__ volatile("nop"); Nop<S - 1>::go(); } };
    29c8:	bf00      	nop
    29ca:	bf00      	nop
    29cc:	bf00      	nop
    29ce:	bf00      	nop
    29d0:	bf00      	nop
    GPIO9_DR = v;          spin<S>();
    29d2:	6019      	str	r1, [r3, #0]
template <int S> struct Nop { static inline void go() { __asm__ volatile("nop"); Nop<S - 1>::go(); } };
    29d4:	bf00      	nop
    29d6:	bf00      	nop
    29d8:	bf00      	nop
    29da:	bf00      	nop
    29dc:	bf00      	nop
static inline void data_in(void) { GPIO9_GDIR &= ~B_DATA; }
    29de:	6859      	ldr	r1, [r3, #4]
        for (int k = 0; k < 6; k++) { GPIO9_DR = b | B_CLK; spin<S>(); GPIO9_DR = b; spin<S>(); }
    29e0:	f04f 0b06 	mov.w	fp, #6
static inline void data_in(void) { GPIO9_GDIR &= ~B_DATA; }
    29e4:	f021 5170 	bic.w	r1, r1, #1006632960	@ 0x3c000000
    29e8:	6059      	str	r1, [r3, #4]
        for (int k = 0; k < 6; k++) { GPIO9_DR = b | B_CLK; spin<S>(); GPIO9_DR = b; spin<S>(); }
    29ea:	f042 7100 	orr.w	r1, r2, #33554432	@ 0x2000000
    29ee:	6019      	str	r1, [r3, #0]
template <int S> struct Nop { static inline void go() { __asm__ volatile("nop"); Nop<S - 1>::go(); } };
    29f0:	bf00      	nop
    29f2:	bf00      	nop
    29f4:	bf00      	nop
    29f6:	bf00      	nop
    29f8:	bf00      	nop
        for (int k = 0; k < 6; k++) { GPIO9_DR = b | B_CLK; spin<S>(); GPIO9_DR = b; spin<S>(); }
    29fa:	601a      	str	r2, [r3, #0]
template <int S> struct Nop { static inline void go() { __asm__ volatile("nop"); Nop<S - 1>::go(); } };
    29fc:	bf00      	nop
    29fe:	bf00      	nop
    2a00:	bf00      	nop
    2a02:	bf00      	nop
    2a04:	bf00      	nop
        for (int k = 0; k < 6; k++) { GPIO9_DR = b | B_CLK; spin<S>(); GPIO9_DR = b; spin<S>(); }
    2a06:	f1bb 0b01 	subs.w	fp, fp, #1
    2a0a:	d1f0      	bne.n	29ee <void bread<5>(unsigned long, unsigned char*, unsigned long)+0x19e>
        for (uint32_t i = 0; i < n; i++) {
    2a0c:	f1be 0f00 	cmp.w	lr, #0
    2a10:	d03d      	beq.n	2a8e <void bread<5>(unsigned long, unsigned char*, unsigned long)+0x23e>
    2a12:	f10c 37ff 	add.w	r7, ip, #4294967295
    2a16:	44f4      	add	ip, lr
    2a18:	f10c 38ff 	add.w	r8, ip, #4294967295
    GPIO9_DR = base | B_CLK;  spin<S>();
    2a1c:	6019      	str	r1, [r3, #0]
template <int S> struct Nop { static inline void go() { __asm__ volatile("nop"); Nop<S - 1>::go(); } };
    2a1e:	bf00      	nop
    2a20:	bf00      	nop
    2a22:	bf00      	nop
    2a24:	bf00      	nop
    2a26:	bf00      	nop
    const uint8_t n = (uint8_t)((GPIO9_PSR >> DSHIFT) & 0xF);
    2a28:	689e      	ldr	r6, [r3, #8]
    GPIO9_DR = base;          spin<S>();
    2a2a:	601a      	str	r2, [r3, #0]
template <int S> struct Nop { static inline void go() { __asm__ volatile("nop"); Nop<S - 1>::go(); } };
    2a2c:	bf00      	nop
    2a2e:	bf00      	nop
    2a30:	bf00      	nop
    2a32:	bf00      	nop
    2a34:	bf00      	nop
    GPIO9_DR = base | B_CLK;  spin<S>();
    2a36:	6019      	str	r1, [r3, #0]
template <int S> struct Nop { static inline void go() { __asm__ volatile("nop"); Nop<S - 1>::go(); } };
    2a38:	bf00      	nop
    2a3a:	bf00      	nop
    2a3c:	bf00      	nop
    2a3e:	bf00      	nop
    2a40:	bf00      	nop
    const uint8_t n = (uint8_t)((GPIO9_PSR >> DSHIFT) & 0xF);
    2a42:	689d      	ldr	r5, [r3, #8]
    GPIO9_DR = base;          spin<S>();
    2a44:	601a      	str	r2, [r3, #0]
template <int S> struct Nop { static inline void go() { __asm__ volatile("nop"); Nop<S - 1>::go(); } };
    2a46:	bf00      	nop
    2a48:	bf00      	nop
    2a4a:	bf00      	nop
    2a4c:	bf00      	nop
    2a4e:	bf00      	nop
    const uint8_t n = (uint8_t)((GPIO9_PSR >> DSHIFT) & 0xF);
    2a50:	0eb6      	lsrs	r6, r6, #26
    2a52:	f3c5 6583 	ubfx	r5, r5, #26, #4
            d[i] = (uint8_t)((hi << 4) | get_nib<S>(b));
    2a56:	ea45 1506 	orr.w	r5, r5, r6, lsl #4
    2a5a:	f807 5f01 	strb.w	r5, [r7, #1]!
        for (uint32_t i = 0; i < n; i++) {
    2a5e:	4547      	cmp	r7, r8
    2a60:	d1dc      	bne.n	2a1c <void bread<5>(unsigned long, unsigned char*, unsigned long)+0x1cc>
        GPIO9_DR = idle; bus_out();
    2a62:	4a11      	ldr	r2, [pc, #68]	@ (2aa8 <void bread<5>(unsigned long, unsigned char*, unsigned long)+0x258>)
    while (len) {
    2a64:	ebb4 040e 	subs.w	r4, r4, lr
        GPIO9_DR = idle; bus_out();
    2a68:	6812      	ldr	r2, [r2, #0]
    2a6a:	601a      	str	r2, [r3, #0]
static inline void bus_out(void) { GPIO9_GDIR |= (B_DATA | B_CLK | B_SS0 | B_SS1); }
    2a6c:	6859      	ldr	r1, [r3, #4]
    2a6e:	f041 517d 	orr.w	r1, r1, #1061158912	@ 0x3f400000
    2a72:	6059      	str	r1, [r3, #4]
    while (len) {
    2a74:	d013      	beq.n	2a9e <void bread<5>(unsigned long, unsigned char*, unsigned long)+0x24e>
        a += n; d += n; len -= n;
    2a76:	4470      	add	r0, lr
    2a78:	f000 010f 	and.w	r1, r0, #15
    2a7c:	ea4f 5910 	mov.w	r9, r0, lsr #20
    2a80:	ea4f 4810 	mov.w	r8, r0, lsr #16
    2a84:	0b07      	lsrs	r7, r0, #12
    2a86:	9101      	str	r1, [sp, #4]
    2a88:	0a06      	lsrs	r6, r0, #8
    2a8a:	0905      	lsrs	r5, r0, #4
    2a8c:	e6f7      	b.n	287e <void bread<5>(unsigned long, unsigned char*, unsigned long)+0x2e>
        GPIO9_DR = idle; bus_out();
    2a8e:	4a06      	ldr	r2, [pc, #24]	@ (2aa8 <void bread<5>(unsigned long, unsigned char*, unsigned long)+0x258>)
    2a90:	6812      	ldr	r2, [r2, #0]
    2a92:	601a      	str	r2, [r3, #0]
static inline void bus_out(void) { GPIO9_GDIR |= (B_DATA | B_CLK | B_SS0 | B_SS1); }
    2a94:	6859      	ldr	r1, [r3, #4]
    2a96:	f041 517d 	orr.w	r1, r1, #1061158912	@ 0x3f400000
    2a9a:	6059      	str	r1, [r3, #4]
    while (len) {
    2a9c:	e6ef      	b.n	287e <void bread<5>(unsigned long, unsigned char*, unsigned long)+0x2e>
}
    2a9e:	b003      	add	sp, #12
    2aa0:	e8bd 8ff0 	ldmia.w	sp!, {r4, r5, r6, r7, r8, r9, sl, fp, pc}
    2aa4:	4770      	bx	lr
    2aa6:	bf00      	nop
    2aa8:	20006e10 	.word	0x20006e10
    2aac:	4200c000 	.word	0x4200c000
    2ab0:	20001d20 	.word	0x20001d20
    2ab4:	20001d24 	.word	0x20001d24
    2ab8:	01400100 	.word	0x01400100

00002abc <void bwrite<24>(unsigned long, unsigned char const*, unsigned long)>:
    while (len) {
    2abc:	2a00      	cmp	r2, #0
    2abe:	f000 8298 	beq.w	2ff2 <void bwrite<24>(unsigned long, unsigned char const*, unsigned long)+0x536>
    return (idle | B_SS0 | B_SS1 | B_DEC) & ~g_csbit & ~B_CLK & ~B_DATA;
    2ac2:	4b90      	ldr	r3, [pc, #576]	@ (2d04 <void bwrite<24>(unsigned long, unsigned char const*, unsigned long)+0x248>)
template <int S> static void bwrite(uint32_t a, const uint8_t *s, uint32_t len)
    2ac4:	e92d 4ff0 	stmdb	sp!, {r4, r5, r6, r7, r8, r9, sl, fp, lr}
    2ac8:	4696      	mov	lr, r2
    2aca:	b083      	sub	sp, #12
    return (idle | B_SS0 | B_SS1 | B_DEC) & ~g_csbit & ~B_CLK & ~B_DATA;
    2acc:	681a      	ldr	r2, [r3, #0]
    2ace:	f000 030f 	and.w	r3, r0, #15
    2ad2:	0905      	lsrs	r5, r0, #4
    2ad4:	f8df a238 	ldr.w	sl, [pc, #568]	@ 2d10 <void bwrite<24>(unsigned long, unsigned char const*, unsigned long)+0x254>
    2ad8:	9300      	str	r3, [sp, #0]
    2ada:	ea4f 5910 	mov.w	r9, r0, lsr #20
    2ade:	ea4f 4810 	mov.w	r8, r0, lsr #16
static inline void bus_out(void) { GPIO9_GDIR |= (B_DATA | B_CLK | B_SS0 | B_SS1); }
    2ae2:	4b89      	ldr	r3, [pc, #548]	@ (2d08 <void bwrite<24>(unsigned long, unsigned char const*, unsigned long)+0x24c>)
    2ae4:	0b07      	lsrs	r7, r0, #12
    return (idle | B_SS0 | B_SS1 | B_DEC) & ~g_csbit & ~B_CLK & ~B_DATA;
    2ae6:	9501      	str	r5, [sp, #4]
    2ae8:	0a06      	lsrs	r6, r0, #8
static inline void bus_out(void) { GPIO9_GDIR |= (B_DATA | B_CLK | B_SS0 | B_SS1); }
    2aea:	685c      	ldr	r4, [r3, #4]
    return (idle | B_SS0 | B_SS1 | B_DEC) & ~g_csbit & ~B_CLK & ~B_DATA;
    2aec:	f042 2201 	orr.w	r2, r2, #16777472	@ 0x1000100
        const uint32_t n = (len > g_burst) ? g_burst : len;
    2af0:	4d86      	ldr	r5, [pc, #536]	@ (2d0c <void bwrite<24>(unsigned long, unsigned char const*, unsigned long)+0x250>)
static inline void bus_out(void) { GPIO9_GDIR |= (B_DATA | B_CLK | B_SS0 | B_SS1); }
    2af2:	f044 547d 	orr.w	r4, r4, #1061158912	@ 0x3f400000
    return (idle | B_SS0 | B_SS1 | B_DEC) & ~g_csbit & ~B_CLK & ~B_DATA;
    2af6:	f442 0280 	orr.w	r2, r2, #4194304	@ 0x400000
        const uint32_t n = (len > g_burst) ? g_burst : len;
    2afa:	f8d5 c000 	ldr.w	ip, [r5]
static inline void bus_out(void) { GPIO9_GDIR |= (B_DATA | B_CLK | B_SS0 | B_SS1); }
    2afe:	605c      	str	r4, [r3, #4]
    return (idle | B_SS0 | B_SS1 | B_DEC) & ~g_csbit & ~B_CLK & ~B_DATA;
    2b00:	f8da 4000 	ldr.w	r4, [sl]
        const uint32_t n = (len > g_burst) ? g_burst : len;
    2b04:	45f4      	cmp	ip, lr
    return (idle | B_SS0 | B_SS1 | B_DEC) & ~g_csbit & ~B_CLK & ~B_DATA;
    2b06:	ea22 0204 	bic.w	r2, r2, r4
        const uint32_t n = (len > g_burst) ? g_burst : len;
    2b0a:	bf28      	it	cs
    2b0c:	46f4      	movcs	ip, lr
    return (idle | B_SS0 | B_SS1 | B_DEC) & ~g_csbit & ~B_CLK & ~B_DATA;
    2b0e:	f022 5278 	bic.w	r2, r2, #1040187392	@ 0x3e000000
    const uint32_t v = base | ((uint32_t)nib << DSHIFT);
    2b12:	f042 6440 	orr.w	r4, r2, #201326592	@ 0xc000000
    GPIO9_DR = v | B_CLK;  spin<S>();
    2b16:	f042 6b60 	orr.w	fp, r2, #234881024	@ 0xe000000
        bus_out(); const uint32_t b = cbase(); GPIO9_DR = b;
    2b1a:	601a      	str	r2, [r3, #0]
    GPIO9_DR = v;
    2b1c:	601c      	str	r4, [r3, #0]
    GPIO9_DR = v | B_CLK;  spin<S>();
    2b1e:	f8c3 b000 	str.w	fp, [r3]
template <int S> struct Nop { static inline void go() { __asm__ volatile("nop"); Nop<S - 1>::go(); } };
    2b22:	bf00      	nop
    2b24:	bf00      	nop
    2b26:	bf00      	nop
    2b28:	bf00      	nop
    2b2a:	bf00      	nop
    2b2c:	bf00      	nop
    2b2e:	bf00      	nop
    2b30:	bf00      	nop
    2b32:	bf00      	nop
    2b34:	bf00      	nop
    2b36:	bf00      	nop
    2b38:	bf00      	nop
    2b3a:	bf00      	nop
    2b3c:	bf00      	nop
    2b3e:	bf00      	nop
    2b40:	bf00      	nop
    2b42:	bf00      	nop
    2b44:	bf00      	nop
    2b46:	bf00      	nop
    2b48:	bf00      	nop
    2b4a:	bf00      	nop
    2b4c:	bf00      	nop
    2b4e:	bf00      	nop
    2b50:	bf00      	nop
    GPIO9_DR = v;          spin<S>();
    2b52:	601c      	str	r4, [r3, #0]
template <int S> struct Nop { static inline void go() { __asm__ volatile("nop"); Nop<S - 1>::go(); } };
    2b54:	bf00      	nop
    2b56:	bf00      	nop
    2b58:	bf00      	nop
    2b5a:	bf00      	nop
    2b5c:	bf00      	nop
    2b5e:	bf00      	nop
    2b60:	bf00      	nop
    2b62:	bf00      	nop
    2b64:	bf00      	nop
    2b66:	bf00      	nop
    2b68:	bf00      	nop
    2b6a:	bf00      	nop
    2b6c:	bf00      	nop
    2b6e:	bf00      	nop
    2b70:	bf00      	nop
    2b72:	bf00      	nop
    2b74:	bf00      	nop
    2b76:	bf00      	nop
    2b78:	bf00      	nop
    2b7a:	bf00      	nop
    2b7c:	bf00      	nop
    2b7e:	bf00      	nop
    2b80:	bf00      	nop
    2b82:	bf00      	nop
    const uint32_t v = base | ((uint32_t)nib << DSHIFT);
    2b84:	f042 5400 	orr.w	r4, r2, #536870912	@ 0x20000000
    GPIO9_DR = v | B_CLK;  spin<S>();
    2b88:	f042 5b08 	orr.w	fp, r2, #570425344	@ 0x22000000
    GPIO9_DR = v;
    2b8c:	601c      	str	r4, [r3, #0]
    GPIO9_DR = v | B_CLK;  spin<S>();
    2b8e:	f8c3 b000 	str.w	fp, [r3]
template <int S> struct Nop { static inline void go() { __asm__ volatile("nop"); Nop<S - 1>::go(); } };
    2b92:	bf00      	nop
    2b94:	bf00      	nop
    2b96:	bf00      	nop
    2b98:	bf00      	nop
    2b9a:	bf00      	nop
    2b9c:	bf00      	nop
    2b9e:	bf00      	nop
    2ba0:	bf00      	nop
    2ba2:	bf00      	nop
    2ba4:	bf00      	nop
    2ba6:	bf00      	nop
    2ba8:	bf00      	nop
    2baa:	bf00      	nop
    2bac:	bf00      	nop
    2bae:	bf00      	nop
    2bb0:	bf00      	nop
    2bb2:	bf00      	nop
    2bb4:	bf00      	nop
    2bb6:	bf00      	nop
    2bb8:	bf00      	nop
    2bba:	bf00      	nop
    2bbc:	bf00      	nop
    2bbe:	bf00      	nop
    2bc0:	bf00      	nop
    GPIO9_DR = v;          spin<S>();
    2bc2:	601c      	str	r4, [r3, #0]
template <int S> struct Nop { static inline void go() { __asm__ volatile("nop"); Nop<S - 1>::go(); } };
    2bc4:	bf00      	nop
    2bc6:	bf00      	nop
    2bc8:	bf00      	nop
    2bca:	bf00      	nop
    2bcc:	bf00      	nop
    2bce:	bf00      	nop
    2bd0:	bf00      	nop
    2bd2:	bf00      	nop
    2bd4:	bf00      	nop
    2bd6:	bf00      	nop
    2bd8:	bf00      	nop
    2bda:	bf00      	nop
    2bdc:	bf00      	nop
    2bde:	bf00      	nop
    2be0:	bf00      	nop
    2be2:	bf00      	nop
    2be4:	bf00      	nop
    2be6:	bf00      	nop
    2be8:	bf00      	nop
    2bea:	bf00      	nop
    2bec:	bf00      	nop
    2bee:	bf00      	nop
    2bf0:	bf00      	nop
    2bf2:	bf00      	nop
    const uint32_t v = base | ((uint32_t)nib << DSHIFT);
    2bf4:	f009 040f 	and.w	r4, r9, #15
    2bf8:	ea42 6484 	orr.w	r4, r2, r4, lsl #26
    GPIO9_DR = v | B_CLK;  spin<S>();
    2bfc:	f044 7b00 	orr.w	fp, r4, #33554432	@ 0x2000000
    GPIO9_DR = v;
    2c00:	601c      	str	r4, [r3, #0]
    GPIO9_DR = v | B_CLK;  spin<S>();
    2c02:	f8c3 b000 	str.w	fp, [r3]
template <int S> struct Nop { static inline void go() { __asm__ volatile("nop"); Nop<S - 1>::go(); } };
    2c06:	bf00      	nop
    2c08:	bf00      	nop
    2c0a:	bf00      	nop
    2c0c:	bf00      	nop
    2c0e:	bf00      	nop
    2c10:	bf00      	nop
    2c12:	bf00      	nop
    2c14:	bf00      	nop
    2c16:	bf00      	nop
    2c18:	bf00      	nop
    2c1a:	bf00      	nop
    2c1c:	bf00      	nop
    2c1e:	bf00      	nop
    2c20:	bf00      	nop
    2c22:	bf00      	nop
    2c24:	bf00      	nop
    2c26:	bf00      	nop
    2c28:	bf00      	nop
    2c2a:	bf00      	nop
    2c2c:	bf00      	nop
    2c2e:	bf00      	nop
    2c30:	bf00      	nop
    2c32:	bf00      	nop
    2c34:	bf00      	nop
    GPIO9_DR = v;          spin<S>();
    2c36:	601c      	str	r4, [r3, #0]
template <int S> struct Nop { static inline void go() { __asm__ volatile("nop"); Nop<S - 1>::go(); } };
    2c38:	bf00      	nop
    2c3a:	bf00      	nop
    2c3c:	bf00      	nop
    2c3e:	bf00      	nop
    2c40:	bf00      	nop
    2c42:	bf00      	nop
    2c44:	bf00      	nop
    2c46:	bf00      	nop
    2c48:	bf00      	nop
    2c4a:	bf00      	nop
    2c4c:	bf00      	nop
    2c4e:	bf00      	nop
    2c50:	bf00      	nop
    2c52:	bf00      	nop
    2c54:	bf00      	nop
    2c56:	bf00      	nop
    2c58:	bf00      	nop
    2c5a:	bf00      	nop
    2c5c:	bf00      	nop
    2c5e:	bf00      	nop
    2c60:	bf00      	nop
    2c62:	bf00      	nop
    2c64:	bf00      	nop
    2c66:	bf00      	nop
    const uint32_t v = base | ((uint32_t)nib << DSHIFT);
    2c68:	f008 040f 	and.w	r4, r8, #15
    2c6c:	ea42 6484 	orr.w	r4, r2, r4, lsl #26
    GPIO9_DR = v | B_CLK;  spin<S>();
    2c70:	f044 7b00 	orr.w	fp, r4, #33554432	@ 0x2000000
    GPIO9_DR = v;
    2c74:	601c      	str	r4, [r3, #0]
    GPIO9_DR = v | B_CLK;  spin<S>();
    2c76:	f8c3 b000 	str.w	fp, [r3]
template <int S> struct Nop { static inline void go() { __asm__ volatile("nop"); Nop<S - 1>::go(); } };
    2c7a:	bf00      	nop
    2c7c:	bf00      	nop
    2c7e:	bf00      	nop
    2c80:	bf00      	nop
    2c82:	bf00      	nop
    2c84:	bf00      	nop
    2c86:	bf00      	nop
    2c88:	bf00      	nop
    2c8a:	bf00      	nop
    2c8c:	bf00      	nop
    2c8e:	bf00      	nop
    2c90:	bf00      	nop
    2c92:	bf00      	nop
    2c94:	bf00      	nop
    2c96:	bf00      	nop
    2c98:	bf00      	nop
    2c9a:	bf00      	nop
    2c9c:	bf00      	nop
    2c9e:	bf00      	nop
    2ca0:	bf00      	nop
    2ca2:	bf00      	nop
    2ca4:	bf00      	nop
    2ca6:	bf00      	nop
    2ca8:	bf00      	nop
    GPIO9_DR = v;          spin<S>();
    2caa:	601c      	str	r4, [r3, #0]
template <int S> struct Nop { static inline void go() { __asm__ volatile("nop"); Nop<S - 1>::go(); } };
    2cac:	bf00      	nop
    2cae:	bf00      	nop
    2cb0:	bf00      	nop
    2cb2:	bf00      	nop
    2cb4:	bf00      	nop
    2cb6:	bf00      	nop
    2cb8:	bf00      	nop
    2cba:	bf00      	nop
    2cbc:	bf00      	nop
    2cbe:	bf00      	nop
    2cc0:	bf00      	nop
    2cc2:	bf00      	nop
    2cc4:	bf00      	nop
    2cc6:	bf00      	nop
    2cc8:	bf00      	nop
    2cca:	bf00      	nop
    2ccc:	bf00      	nop
    2cce:	bf00      	nop
    2cd0:	bf00      	nop
    2cd2:	bf00      	nop
    2cd4:	bf00      	nop
    2cd6:	bf00      	nop
    2cd8:	bf00      	nop
    2cda:	bf00      	nop
    const uint32_t v = base | ((uint32_t)nib << DSHIFT);
    2cdc:	f007 040f 	and.w	r4, r7, #15
    2ce0:	ea42 6484 	orr.w	r4, r2, r4, lsl #26
    GPIO9_DR = v | B_CLK;  spin<S>();
    2ce4:	f044 7b00 	orr.w	fp, r4, #33554432	@ 0x2000000
    GPIO9_DR = v;
    2ce8:	601c      	str	r4, [r3, #0]
    GPIO9_DR = v | B_CLK;  spin<S>();
    2cea:	f8c3 b000 	str.w	fp, [r3]
template <int S> struct Nop { static inline void go() { __asm__ volatile("nop"); Nop<S - 1>::go(); } };
    2cee:	bf00      	nop
    2cf0:	bf00      	nop
    2cf2:	bf00      	nop
    2cf4:	bf00      	nop
    2cf6:	bf00      	nop
    2cf8:	bf00      	nop
    2cfa:	bf00      	nop
    2cfc:	bf00      	nop
    2cfe:	bf00      	nop
    2d00:	e008      	b.n	2d14 <void bwrite<24>(unsigned long, unsigned char const*, unsigned long)+0x258>
    2d02:	bf00      	nop
    2d04:	20006e10 	.word	0x20006e10
    2d08:	4200c000 	.word	0x4200c000
    2d0c:	20001d20 	.word	0x20001d20
    2d10:	20001d24 	.word	0x20001d24
    2d14:	bf00      	nop
    2d16:	bf00      	nop
    2d18:	bf00      	nop
    2d1a:	bf00      	nop
    2d1c:	bf00      	nop
    2d1e:	bf00      	nop
    2d20:	bf00      	nop
    2d22:	bf00      	nop
    2d24:	bf00      	nop
    2d26:	bf00      	nop
    2d28:	bf00      	nop
    2d2a:	bf00      	nop
    2d2c:	bf00      	nop
    2d2e:	bf00      	nop
    2d30:	bf00      	nop
    GPIO9_DR = v;          spin<S>();
    2d32:	601c      	str	r4, [r3, #0]
template <int S> struct Nop { static inline void go() { __asm__ volatile("nop"); Nop<S - 1>::go(); } };
    2d34:	bf00      	nop
    2d36:	bf00      	nop
    2d38:	bf00      	nop
    2d3a:	bf00      	nop
    2d3c:	bf00      	nop
    2d3e:	bf00      	nop
    2d40:	bf00      	nop
    2d42:	bf00      	nop
    2d44:	bf00      	nop
    2d46:	bf00      	nop
    2d48:	bf00      	nop
    2d4a:	bf00      	nop
    2d4c:	bf00      	nop
    2d4e:	bf00      	nop
    2d50:	bf00      	nop
    2d52:	bf00      	nop
    2d54:	bf00      	nop
    2d56:	bf00      	nop
    2d58:	bf00      	nop
    2d5a:	bf00      	nop
    2d5c:	bf00      	nop
    2d5e:	bf00      	nop
    2d60:	bf00      	nop
    2d62:	bf00      	nop
    const uint32_t v = base | ((uint32_t)nib << DSHIFT);
    2d64:	f006 040f 	and.w	r4, r6, #15
    2d68:	ea42 6484 	orr.w	r4, r2, r4, lsl #26
    GPIO9_DR = v | B_CLK;  spin<S>();
    2d6c:	f044 7b00 	orr.w	fp, r4, #33554432	@ 0x2000000
    GPIO9_DR = v;
    2d70:	601c      	str	r4, [r3, #0]
    GPIO9_DR = v | B_CLK;  spin<S>();
    2d72:	f8c3 b000 	str.w	fp, [r3]
template <int S> struct Nop { static inline void go() { __asm__ volatile("nop"); Nop<S - 1>::go(); } };
    2d76:	bf00      	nop
    2d78:	bf00      	nop
    2d7a:	bf00      	nop
    2d7c:	bf00      	nop
    2d7e:	bf00      	nop
    2d80:	bf00      	nop
    2d82:	bf00      	nop
    2d84:	bf00      	nop
    2d86:	bf00      	nop
    2d88:	bf00      	nop
    2d8a:	bf00      	nop
    2d8c:	bf00      	nop
    2d8e:	bf00      	nop
    2d90:	bf00      	nop
    2d92:	bf00      	nop
    2d94:	bf00      	nop
    2d96:	bf00      	nop
    2d98:	bf00      	nop
    2d9a:	bf00      	nop
    2d9c:	bf00      	nop
    2d9e:	bf00      	nop
    2da0:	bf00      	nop
    2da2:	bf00      	nop
    2da4:	bf00      	nop
    GPIO9_DR = v;          spin<S>();
    2da6:	601c      	str	r4, [r3, #0]
template <int S> struct Nop { static inline void go() { __asm__ volatile("nop"); Nop<S - 1>::go(); } };
    2da8:	bf00      	nop
    2daa:	bf00      	nop
    2dac:	bf00      	nop
    2dae:	bf00      	nop
    2db0:	bf00      	nop
    2db2:	bf00      	nop
    2db4:	bf00      	nop
    2db6:	bf00      	nop
    2db8:	bf00      	nop
    2dba:	bf00      	nop
    2dbc:	bf00      	nop
    2dbe:	bf00      	nop
    2dc0:	bf00      	nop
    2dc2:	bf00      	nop
    2dc4:	bf00      	nop
    2dc6:	bf00      	nop
    2dc8:	bf00      	nop
    2dca:	bf00      	nop
    2dcc:	bf00      	nop
    2dce:	bf00      	nop
    2dd0:	bf00      	nop
    2dd2:	bf00      	nop
    2dd4:	bf00      	nop
    2dd6:	bf00      	nop
    const uint32_t v = base | ((uint32_t)nib << DSHIFT);
    2dd8:	9c01      	ldr	r4, [sp, #4]
    2dda:	f004 040f 	and.w	r4, r4, #15
    2dde:	ea42 6484 	orr.w	r4, r2, r4, lsl #26
    GPIO9_DR = v | B_CLK;  spin<S>();
    2de2:	f044 7b00 	orr.w	fp, r4, #33554432	@ 0x2000000
    GPIO9_DR = v;
    2de6:	601c      	str	r4, [r3, #0]
    GPIO9_DR = v | B_CLK;  spin<S>();
    2de8:	f8c3 b000 	str.w	fp, [r3]
template <int S> struct Nop { static inline void go() { __asm__ volatile("nop"); Nop<S - 1>::go(); } };
    2dec:	bf00      	nop
    2dee:	bf00      	nop
    2df0:	bf00      	nop
    2df2:	bf00      	nop
    2df4:	bf00      	nop
    2df6:	bf00      	nop
    2df8:	bf00      	nop
    2dfa:	bf00      	nop
    2dfc:	bf00      	nop
    2dfe:	bf00      	nop
    2e00:	bf00      	nop
    2e02:	bf00      	nop
    2e04:	bf00      	nop
    2e06:	bf00      	nop
    2e08:	bf00      	nop
    2e0a:	bf00      	nop
    2e0c:	bf00      	nop
    2e0e:	bf00      	nop
    2e10:	bf00      	nop
    2e12:	bf00      	nop
    2e14:	bf00      	nop
    2e16:	bf00      	nop
    2e18:	bf00      	nop
    2e1a:	bf00      	nop
    GPIO9_DR = v;          spin<S>();
    2e1c:	601c      	str	r4, [r3, #0]
template <int S> struct Nop { static inline void go() { __asm__ volatile("nop"); Nop<S - 1>::go(); } };
    2e1e:	bf00      	nop
    2e20:	bf00      	nop
    2e22:	bf00      	nop
    2e24:	bf00      	nop
    2e26:	bf00      	nop
    2e28:	bf00      	nop
    2e2a:	bf00      	nop
    2e2c:	bf00      	nop
    2e2e:	bf00      	nop
    2e30:	bf00      	nop
    2e32:	bf00      	nop
    2e34:	bf00      	nop
    2e36:	bf00      	nop
    2e38:	bf00      	nop
    2e3a:	bf00      	nop
    2e3c:	bf00      	nop
    2e3e:	bf00      	nop
    2e40:	bf00      	nop
    2e42:	bf00      	nop
    2e44:	bf00      	nop
    2e46:	bf00      	nop
    2e48:	bf00      	nop
    2e4a:	bf00      	nop
    2e4c:	bf00      	nop
    const uint32_t v = base | ((uint32_t)nib << DSHIFT);
    2e4e:	9c00      	ldr	r4, [sp, #0]
    2e50:	ea42 6484 	orr.w	r4, r2, r4, lsl #26
    GPIO9_DR = v | B_CLK;  spin<S>();
    2e54:	f044 7b00 	orr.w	fp, r4, #33554432	@ 0x2000000
    GPIO9_DR = v;
    2e58:	601c      	str	r4, [r3, #0]
    GPIO9_DR = v | B_CLK;  spin<S>();
    2e5a:	f8c3 b000 	str.w	fp, [r3]
template <int S> struct Nop { static inline void go() { __asm__ volatile("nop"); Nop<S - 1>::go(); } };
    2e5e:	bf00      	nop
    2e60:	bf00      	nop
    2e62:	bf00      	nop
    2e64:	bf00      	nop
    2e66:	bf00      	nop
    2e68:	bf00      	nop
    2e6a:	bf00      	nop
    2e6c:	bf00      	nop
    2e6e:	bf00      	nop
    2e70:	bf00      	nop
    2e72:	bf00      	nop
    2e74:	bf00      	nop
    2e76:	bf00      	nop
    2e78:	bf00      	nop
    2e7a:	bf00      	nop
    2e7c:	bf00      	nop
    2e7e:	bf00      	nop
    2e80:	bf00      	nop
    2e82:	bf00      	nop
    2e84:	bf00      	nop
    2e86:	bf00      	nop
    2e88:	bf00      	nop
    2e8a:	bf00      	nop
    2e8c:	bf00      	nop
    GPIO9_DR = v;          spin<S>();
    2e8e:	601c      	str	r4, [r3, #0]
template <int S> struct Nop { static inline void go() { __asm__ volatile("nop"); Nop<S - 1>::go(); } };
    2e90:	bf00      	nop
    2e92:	bf00      	nop
    2e94:	bf00      	nop
    2e96:	bf00      	nop
    2e98:	bf00      	nop
    2e9a:	bf00      	nop
    2e9c:	bf00      	nop
    2e9e:	bf00      	nop
    2ea0:	bf00      	nop
    2ea2:	bf00      	nop
    2ea4:	bf00      	nop
    2ea6:	bf00      	nop
    2ea8:	bf00      	nop
    2eaa:	bf00      	nop
    2eac:	bf00      	nop
    2eae:	bf00      	nop
    2eb0:	bf00      	nop
    2eb2:	bf00      	nop
    2eb4:	bf00      	nop
    2eb6:	bf00      	nop
    2eb8:	bf00      	nop
    2eba:	bf00      	nop
    2ebc:	bf00      	nop
    2ebe:	bf00      	nop
        for (uint32_t i = 0; i < n; i++) { put_nib<S>(b, s[i] >> 4); put_nib<S>(b, s[i] & 0xF); }
    2ec0:	f1bc 0f00 	cmp.w	ip, #0
    2ec4:	f000 808e 	beq.w	2fe4 <void bwrite<24>(unsigned long, unsigned char const*, unsigned long)+0x528>
    2ec8:	eb0c 0501 	add.w	r5, ip, r1
    2ecc:	3901      	subs	r1, #1
    2ece:	1e6e      	subs	r6, r5, #1
    2ed0:	f811 4f01 	ldrb.w	r4, [r1, #1]!
    const uint32_t v = base | ((uint32_t)nib << DSHIFT);
    2ed4:	0924      	lsrs	r4, r4, #4
    2ed6:	ea42 6484 	orr.w	r4, r2, r4, lsl #26
    GPIO9_DR = v | B_CLK;  spin<S>();
    2eda:	f044 7700 	orr.w	r7, r4, #33554432	@ 0x2000000
    GPIO9_DR = v;
    2ede:	601c      	str	r4, [r3, #0]
    GPIO9_DR = v | B_CLK;  spin<S>();
    2ee0:	601f      	str	r7, [r3, #0]
template <int S> struct Nop { static inline void go() { __asm__ volatile("nop"); Nop<S - 1>::go(); } };
    2ee2:	bf00      	nop
    2ee4:	bf00      	nop
    2ee6:	bf00      	nop
    2ee8:	bf00      	nop
    2eea:	bf00      	nop
    2eec:	bf00      	nop
    2eee:	bf00      	nop
    2ef0:	bf00      	nop
    2ef2:	bf00      	nop
    2ef4:	bf00      	nop
    2ef6:	bf00      	nop
    2ef8:	bf00      	nop
    2efa:	bf00      	nop
    2efc:	bf00      	nop
    2efe:	bf00      	nop
    2f00:	bf00      	nop
    2f02:	bf00      	nop
    2f04:	bf00      	nop
    2f06:	bf00      	nop
    2f08:	bf00      	nop
    2f0a:	bf00      	nop
    2f0c:	bf00      	nop
    2f0e:	bf00      	nop
    2f10:	bf00      	nop
    GPIO9_DR = v;          spin<S>();
    2f12:	601c      	str	r4, [r3, #0]
template <int S> struct Nop { static inline void go() { __asm__ volatile("nop"); Nop<S - 1>::go(); } };
    2f14:	bf00      	nop
    2f16:	bf00      	nop
    2f18:	bf00      	nop
    2f1a:	bf00      	nop
    2f1c:	bf00      	nop
    2f1e:	bf00      	nop
    2f20:	bf00      	nop
    2f22:	bf00      	nop
    2f24:	bf00      	nop
    2f26:	bf00      	nop
    2f28:	bf00      	nop
    2f2a:	bf00      	nop
    2f2c:	bf00      	nop
    2f2e:	bf00      	nop
    2f30:	bf00      	nop
    2f32:	bf00      	nop
    2f34:	bf00      	nop
    2f36:	bf00      	nop
    2f38:	bf00      	nop
    2f3a:	bf00      	nop
    2f3c:	bf00      	nop
    2f3e:	bf00      	nop
    2f40:	bf00      	nop
    2f42:	bf00      	nop
        for (uint32_t i = 0; i < n; i++) { put_nib<S>(b, s[i] >> 4); put_nib<S>(b, s[i] & 0xF); }
    2f44:	780c      	ldrb	r4, [r1, #0]
    const uint32_t v = base | ((uint32_t)nib << DSHIFT);
    2f46:	f004 040f 	and.w	r4, r4, #15
    2f4a:	ea42 6484 	orr.w	r4, r2, r4, lsl #26
    GPIO9_DR = v | B_CLK;  spin<S>();
    2f4e:	f044 7700 	orr.w	r7, r4, #33554432	@ 0x2000000
    GPIO9_DR = v;
    2f52:	601c      	str	r4, [r3, #0]
    GPIO9_DR = v | B_CLK;  spin<S>();
    2f54:	601f      	str	r7, [r3, #0]
template <int S> struct Nop { static inline void go() { __asm__ volatile("nop"); Nop<S - 1>::go(); } };
    2f56:	bf00      	nop
    2f58:	bf00      	nop
    2f5a:	bf00      	nop
    2f5c:	bf00      	nop
    2f5e:	bf00      	nop
    2f60:	bf00      	nop
    2f62:	bf00      	nop
    2f64:	bf00      	nop
    2f66:	bf00      	nop
    2f68:	bf00      	nop
    2f6a:	bf00      	nop
    2f6c:	bf00      	nop
    2f6e:	bf00      	nop
    2f70:	bf00      	nop
    2f72:	bf00      	nop
    2f74:	bf00      	nop
    2f76:	bf00      	nop
    2f78:	bf00      	nop
    2f7a:	bf00      	nop
    2f7c:	bf00      	nop
    2f7e:	bf00      	nop
    2f80:	bf00      	nop
    2f82:	bf00      	nop
    2f84:	bf00      	nop
    GPIO9_DR = v;          spin<S>();
    2f86:	601c      	str	r4, [r3, #0]
template <int S> struct Nop { static inline void go() { __asm__ volatile("nop"); Nop<S - 1>::go(); } };
    2f88:	bf00      	nop
    2f8a:	bf00      	nop
    2f8c:	bf00      	nop
    2f8e:	bf00      	nop
    2f90:	bf00      	nop
    2f92:	bf00      	nop
    2f94:	bf00      	nop
    2f96:	bf00      	nop
    2f98:	bf00      	nop
    2f9a:	bf00      	nop
    2f9c:	bf00      	nop
    2f9e:	bf00      	nop
    2fa0:	bf00      	nop
    2fa2:	bf00      	nop
    2fa4:	bf00      	nop
    2fa6:	bf00      	nop
    2fa8:	bf00      	nop
    2faa:	bf00      	nop
    2fac:	bf00      	nop
    2fae:	bf00      	nop
    2fb0:	bf00      	nop
    2fb2:	bf00      	nop
    2fb4:	bf00      	nop
    2fb6:	bf00      	nop
        for (uint32_t i = 0; i < n; i++) { put_nib<S>(b, s[i] >> 4); put_nib<S>(b, s[i] & 0xF); }
    2fb8:	42b1      	cmp	r1, r6
    2fba:	d189      	bne.n	2ed0 <void bwrite<24>(unsigned long, unsigned char const*, unsigned long)+0x414>
        GPIO9_DR = idle;
    2fbc:	4a0d      	ldr	r2, [pc, #52]	@ (2ff4 <void bwrite<24>(unsigned long, unsigned char const*, unsigned long)+0x538>)
    while (len) {
    2fbe:	ebbe 0e0c 	subs.w	lr, lr, ip
        GPIO9_DR = idle;
    2fc2:	6812      	ldr	r2, [r2, #0]
    2fc4:	601a      	str	r2, [r3, #0]
    while (len) {
    2fc6:	d011      	beq.n	2fec <void bwrite<24>(unsigned long, unsigned char const*, unsigned long)+0x530>
        a += n; s += n; len -= n;
    2fc8:	4460      	add	r0, ip
    2fca:	4629      	mov	r1, r5
    2fcc:	0904      	lsrs	r4, r0, #4
    2fce:	ea4f 5910 	mov.w	r9, r0, lsr #20
    2fd2:	9401      	str	r4, [sp, #4]
    2fd4:	f000 040f 	and.w	r4, r0, #15
    2fd8:	ea4f 4810 	mov.w	r8, r0, lsr #16
    2fdc:	0b07      	lsrs	r7, r0, #12
    2fde:	9400      	str	r4, [sp, #0]
    2fe0:	0a06      	lsrs	r6, r0, #8
    2fe2:	e582      	b.n	2aea <void bwrite<24>(unsigned long, unsigned char const*, unsigned long)+0x2e>
        GPIO9_DR = idle;
    2fe4:	4a03      	ldr	r2, [pc, #12]	@ (2ff4 <void bwrite<24>(unsigned long, unsigned char const*, unsigned long)+0x538>)
    2fe6:	6812      	ldr	r2, [r2, #0]
    2fe8:	601a      	str	r2, [r3, #0]
    while (len) {
    2fea:	e57e      	b.n	2aea <void bwrite<24>(unsigned long, unsigned char const*, unsigned long)+0x2e>
}
    2fec:	b003      	add	sp, #12
    2fee:	e8bd 8ff0 	ldmia.w	sp!, {r4, r5, r6, r7, r8, r9, sl, fp, pc}
    2ff2:	4770      	bx	lr
    2ff4:	20006e10 	.word	0x20006e10

00002ff8 <void bread<24>(unsigned long, unsigned char*, unsigned long)>:
    while (len) {
    2ff8:	2a00      	cmp	r2, #0
    2ffa:	f000 82d5 	beq.w	35a8 <void bread<24>(unsigned long, unsigned char*, unsigned long)+0x5b0>
    return (idle | B_SS0 | B_SS1 | B_DEC) & ~g_csbit & ~B_CLK & ~B_DATA;
    2ffe:	4b90      	ldr	r3, [pc, #576]	@ (3240 <void bread<24>(unsigned long, unsigned char*, unsigned long)+0x248>)
    3000:	468c      	mov	ip, r1
template <int S> static void bread(uint32_t a, uint8_t *d, uint32_t len)
    3002:	e92d 4ff0 	stmdb	sp!, {r4, r5, r6, r7, r8, r9, sl, fp, lr}
    3006:	4614      	mov	r4, r2
    3008:	b083      	sub	sp, #12
    return (idle | B_SS0 | B_SS1 | B_DEC) & ~g_csbit & ~B_CLK & ~B_DATA;
    300a:	681a      	ldr	r2, [r3, #0]
    300c:	f000 030f 	and.w	r3, r0, #15
    3010:	f8df a238 	ldr.w	sl, [pc, #568]	@ 324c <void bread<24>(unsigned long, unsigned char*, unsigned long)+0x254>
    3014:	ea4f 5910 	mov.w	r9, r0, lsr #20
    3018:	9301      	str	r3, [sp, #4]
    301a:	ea4f 4810 	mov.w	r8, r0, lsr #16
    301e:	0b07      	lsrs	r7, r0, #12
static inline void bus_out(void) { GPIO9_GDIR |= (B_DATA | B_CLK | B_SS0 | B_SS1); }
    3020:	4b88      	ldr	r3, [pc, #544]	@ (3244 <void bread<24>(unsigned long, unsigned char*, unsigned long)+0x24c>)
    3022:	0a06      	lsrs	r6, r0, #8
    3024:	0905      	lsrs	r5, r0, #4
    3026:	6859      	ldr	r1, [r3, #4]
    return (idle | B_SS0 | B_SS1 | B_DEC) & ~g_csbit & ~B_CLK & ~B_DATA;
    3028:	f8df b224 	ldr.w	fp, [pc, #548]	@ 3250 <void bread<24>(unsigned long, unsigned char*, unsigned long)+0x258>
static inline void bus_out(void) { GPIO9_GDIR |= (B_DATA | B_CLK | B_SS0 | B_SS1); }
    302c:	f041 517d 	orr.w	r1, r1, #1061158912	@ 0x3f400000
    return (idle | B_SS0 | B_SS1 | B_DEC) & ~g_csbit & ~B_CLK & ~B_DATA;
    3030:	ea42 0b0b 	orr.w	fp, r2, fp
        const uint32_t n = (len > g_burst) ? g_burst : len;
    3034:	4a84      	ldr	r2, [pc, #528]	@ (3248 <void bread<24>(unsigned long, unsigned char*, unsigned long)+0x250>)
    3036:	f8d2 e000 	ldr.w	lr, [r2]
static inline void bus_out(void) { GPIO9_GDIR |= (B_DATA | B_CLK | B_SS0 | B_SS1); }
    303a:	6059      	str	r1, [r3, #4]
    return (idle | B_SS0 | B_SS1 | B_DEC) & ~g_csbit & ~B_CLK & ~B_DATA;
    303c:	f8da 1000 	ldr.w	r1, [sl]
        const uint32_t n = (len > g_burst) ? g_burst : len;
    3040:	45a6      	cmp	lr, r4
    return (idle | B_SS0 | B_SS1 | B_DEC) & ~g_csbit & ~B_CLK & ~B_DATA;
    3042:	ea2b 0201 	bic.w	r2, fp, r1
        const uint32_t n = (len > g_burst) ? g_burst : len;
    3046:	bf28      	it	cs
    3048:	46a6      	movcs	lr, r4
    return (idle | B_SS0 | B_SS1 | B_DEC) & ~g_csbit & ~B_CLK & ~B_DATA;
    304a:	f022 5278 	bic.w	r2, r2, #1040187392	@ 0x3e000000
    const uint32_t v = base | ((uint32_t)nib << DSHIFT);
    304e:	f042 5160 	orr.w	r1, r2, #939524096	@ 0x38000000
    GPIO9_DR = v | B_CLK;  spin<S>();
    3052:	f042 5b68 	orr.w	fp, r2, #973078528	@ 0x3a000000
        bus_out(); const uint32_t b = cbase(); GPIO9_DR = b;
    3056:	601a      	str	r2, [r3, #0]
    GPIO9_DR = v;
    3058:	6019      	str	r1, [r3, #0]
    GPIO9_DR = v | B_CLK;  spin<S>();
    305a:	f8c3 b000 	str.w	fp, [r3]
template <int S> struct Nop { static inline void go() { __asm__ volatile("nop"); Nop<S - 1>::go(); } };
    305e:	bf00      	nop
    3060:	bf00      	nop
    3062:	bf00      	nop
    3064:	bf00      	nop
    3066:	bf00      	nop
    3068:	bf00      	nop
    306a:	bf00      	nop
    306c:	bf00      	nop
    306e:	bf00      	nop
    3070:	bf00      	nop
    3072:	bf00      	nop
    3074:	bf00      	nop
    3076:	bf00      	nop
    3078:	bf00      	nop
    307a:	bf00      	nop
    307c:	bf00      	nop
    307e:	bf00      	nop
    3080:	bf00      	nop
    3082:	bf00      	nop
    3084:	bf00      	nop
    3086:	bf00      	nop
    3088:	bf00      	nop
    308a:	bf00      	nop
    308c:	bf00      	nop
    GPIO9_DR = v;          spin<S>();
    308e:	6019      	str	r1, [r3, #0]
template <int S> struct Nop { static inline void go() { __asm__ volatile("nop"); Nop<S - 1>::go(); } };
    3090:	bf00      	nop
    3092:	bf00      	nop
    3094:	bf00      	nop
    3096:	bf00      	nop
    3098:	bf00      	nop
    309a:	bf00      	nop
    309c:	bf00      	nop
    309e:	bf00      	nop
    30a0:	bf00      	nop
    30a2:	bf00      	nop
    30a4:	bf00      	nop
    30a6:	bf00      	nop
    30a8:	bf00      	nop
    30aa:	bf00      	nop
    30ac:	bf00      	nop
    30ae:	bf00      	nop
    30b0:	bf00      	nop
    30b2:	bf00      	nop
    30b4:	bf00      	nop
    30b6:	bf00      	nop
    30b8:	bf00      	nop
    30ba:	bf00      	nop
    30bc:	bf00      	nop
    30be:	bf00      	nop
    const uint32_t v = base | ((uint32_t)nib << DSHIFT);
    30c0:	f042 5130 	orr.w	r1, r2, #738197504	@ 0x2c000000
    GPIO9_DR = v | B_CLK;  spin<S>();
    30c4:	f042 5b38 	orr.w	fp, r2, #771751936	@ 0x2e000000
    GPIO9_DR = v;
    30c8:	6019      	str	r1, [r3, #0]
    GPIO9_DR = v | B_CLK;  spin<S>();
    30ca:	f8c3 b000 	str.w	fp, [r3]
template <int S> struct Nop { static inline void go() { __asm__ volatile("nop"); Nop<S - 1>::go(); } };
    30ce:	bf00      	nop
    30d0:	bf00      	nop
    30d2:	bf00      	nop
    30d4:	bf00      	nop
    30d6:	bf00      	nop
    30d8:	bf00      	nop
    30da:	bf00      	nop
    30dc:	bf00      	nop
    30de:	bf00      	nop
    30e0:	bf00      	nop
    30e2:	bf00      	nop
    30e4:	bf00      	nop
    30e6:	bf00      	nop
    30e8:	bf00      	nop
    30ea:	bf00      	nop
    30ec:	bf00      	nop
    30ee:	bf00      	nop
    30f0:	bf00      	nop
    30f2:	bf00      	nop
    30f4:	bf00      	nop
    30f6:	bf00      	nop
    30f8:	bf00      	nop
    30fa:	bf00      	nop
    30fc:	bf00      	nop
    GPIO9_DR = v;          spin<S>();
    30fe:	6019      	str	r1, [r3, #0]
template <int S> struct Nop { static inline void go() { __asm__ volatile("nop"); Nop<S - 1>::go(); } };
    3100:	bf00      	nop
    3102:	bf00      	nop
    3104:	bf00      	nop
    3106:	bf00      	nop
    3108:	bf00      	nop
    310a:	bf00      	nop
    310c:	bf00      	nop
    310e:	bf00      	nop
    3110:	bf00      	nop
    3112:	bf00      	nop
    3114:	bf00      	nop
    3116:	bf00      	nop
    3118:	bf00      	nop
    311a:	bf00      	nop
    311c:	bf00      	nop
    311e:	bf00      	nop
    3120:	bf00      	nop
    3122:	bf00      	nop
    3124:	bf00      	nop
    3126:	bf00      	nop
    3128:	bf00      	nop
    312a:	bf00      	nop
    312c:	bf00      	nop
    312e:	bf00      	nop
    const uint32_t v = base | ((uint32_t)nib << DSHIFT);
    3130:	f009 010f 	and.w	r1, r9, #15
    3134:	ea42 6181 	orr.w	r1, r2, r1, lsl #26
    GPIO9_DR = v | B_CLK;  spin<S>();
    3138:	f041 7b00 	orr.w	fp, r1, #33554432	@ 0x2000000
    GPIO9_DR = v;
    313c:	6019      	str	r1, [r3, #0]
    GPIO9_DR = v | B_CLK;  spin<S>();
    313e:	f8c3 b000 	str.w	fp, [r3]
template <int S> struct Nop { static inline void go() { __asm__ volatile("nop"); Nop<S - 1>::go(); } };
    3142:	bf00      	nop
    3144:	bf00      	nop
    3146:	bf00      	nop
    3148:	bf00      	nop
    314a:	bf00      	nop
    314c:	bf00      	nop
    314e:	bf00      	nop
    3150:	bf00      	nop
    3152:	bf00      	nop
    3154:	bf00      	nop
    3156:	bf00      	nop
    3158:	bf00      	nop
    315a:	bf00      	nop
    315c:	bf00      	nop
    315e:	bf00      	nop
    3160:	bf00      	nop
    3162:	bf00      	nop
    3164:	bf00      	nop
    3166:	bf00      	nop
    3168:	bf00      	nop
    316a:	bf00      	nop
    316c:	bf00      	nop
    316e:	bf00      	nop
    3170:	bf00      	nop
    GPIO9_DR = v;          spin<S>();
    3172:	6019      	str	r1, [r3, #0]
template <int S> struct Nop { static inline void go() { __asm__ volatile("nop"); Nop<S - 1>::go(); } };
    3174:	bf00      	nop
    3176:	bf00      	nop
    3178:	bf00      	nop
    317a:	bf00      	nop
    317c:	bf00      	nop
    317e:	bf00      	nop
    3180:	bf00      	nop
    3182:	bf00      	nop
    3184:	bf00      	nop
    3186:	bf00      	nop
    3188:	bf00      	nop
    318a:	bf00      	nop
    318c:	bf00      	nop
    318e:	bf00      	nop
    3190:	bf00      	nop
    3192:	bf00      	nop
    3194:	bf00      	nop
    3196:	bf00      	nop
    3198:	bf00      	nop
    319a:	bf00      	nop
    319c:	bf00      	nop
    319e:	bf00      	nop
    31a0:	bf00      	nop
    31a2:	bf00      	nop
    const uint32_t v = base | ((uint32_t)nib << DSHIFT);
    31a4:	f008 010f 	and.w	r1, r8, #15
    31a8:	ea42 6181 	orr.w	r1, r2, r1, lsl #26
    GPIO9_DR = v | B_CLK;  spin<S>();
    31ac:	f041 7b00 	orr.w	fp, r1, #33554432	@ 0x2000000
    GPIO9_DR = v;
    31b0:	6019      	str	r1, [r3, #0]
    GPIO9_DR = v | B_CLK;  spin<S>();
    31b2:	f8c3 b000 	str.w	fp, [r3]
template <int S> struct Nop { static inline void go() { __asm__ volatile("nop"); Nop<S - 1>::go(); } };
    31b6:	bf00      	nop
    31b8:	bf00      	nop
    31ba:	bf00      	nop
    31bc:	bf00      	nop
    31be:	bf00      	nop
    31c0:	bf00      	nop
    31c2:	bf00      	nop
    31c4:	bf00      	nop
    31c6:	bf00      	nop
    31c8:	bf00      	nop
    31ca:	bf00      	nop
    31cc:	bf00      	nop
    31ce:	bf00      	nop
    31d0:	bf00      	nop
    31d2:	bf00      	nop
    31d4:	bf00      	nop
    31d6:	bf00      	nop
    31d8:	bf00      	nop
    31da:	bf00      	nop
    31dc:	bf00      	nop
    31de:	bf00      	nop
    31e0:	bf00      	nop
    31e2:	bf00      	nop
    31e4:	bf00      	nop
    GPIO9_DR = v;          spin<S>();
    31e6:	6019      	str	r1, [r3, #0]
template <int S> struct Nop { static inline void go() { __asm__ volatile("nop"); Nop<S - 1>::go(); } };
    31e8:	bf00      	nop
    31ea:	bf00      	nop
    31ec:	bf00      	nop
    31ee:	bf00      	nop
    31f0:	bf00      	nop
    31f2:	bf00      	nop
    31f4:	bf00      	nop
    31f6:	bf00      	nop
    31f8:	bf00      	nop
    31fa:	bf00      	nop
    31fc:	bf00      	nop
    31fe:	bf00      	nop
    3200:	bf00      	nop
    3202:	bf00      	nop
    3204:	bf00      	nop
    3206:	bf00      	nop
    3208:	bf00      	nop
    320a:	bf00      	nop
    320c:	bf00      	nop
    320e:	bf00      	nop
    3210:	bf00      	nop
    3212:	bf00      	nop
    3214:	bf00      	nop
    3216:	bf00      	nop
    const uint32_t v = base | ((uint32_t)nib << DSHIFT);
    3218:	f007 010f 	and.w	r1, r7, #15
    321c:	ea42 6181 	orr.w	r1, r2, r1, lsl #26
    GPIO9_DR = v | B_CLK;  spin<S>();
    3220:	f041 7b00 	orr.w	fp, r1, #33554432	@ 0x2000000
    GPIO9_DR = v;
    3224:	6019      	str	r1, [r3, #0]
    GPIO9_DR = v | B_CLK;  spin<S>();
    3226:	f8c3 b000 	str.w	fp, [r3]
template <int S> struct Nop { static inline void go() { __asm__ volatile("nop"); Nop<S - 1>::go(); } };
    322a:	bf00      	nop
    322c:	bf00      	nop
    322e:	bf00      	nop
    3230:	bf00      	nop
    3232:	bf00      	nop
    3234:	bf00      	nop
    3236:	bf00      	nop
    3238:	bf00      	nop
    323a:	bf00      	nop
    323c:	bf00      	nop
    323e:	e009      	b.n	3254 <void bread<24>(unsigned long, unsigned char*, unsigned long)+0x25c>
    3240:	20006e10 	.word	0x20006e10
    3244:	4200c000 	.word	0x4200c000
    3248:	20001d20 	.word	0x20001d20
    324c:	20001d24 	.word	0x20001d24
    3250:	01400100 	.word	0x01400100
    3254:	bf00      	nop
    3256:	bf00      	nop
    3258:	bf00      	nop
    325a:	bf00      	nop
    325c:	bf00      	nop
    325e:	bf00      	nop
    3260:	bf00      	nop
    3262:	bf00      	nop
    3264:	bf00      	nop
    3266:	bf00      	nop
    3268:	bf00      	nop
    326a:	bf00      	nop
    326c:	bf00      	nop
    326e:	bf00      	nop
    GPIO9_DR = v;          spin<S>();
    3270:	6019      	str	r1, [r3, #0]
template <int S> struct Nop { static inline void go() { __asm__ volatile("nop"); Nop<S - 1>::go(); } };
    3272:	bf00      	nop
    3274:	bf00      	nop
    3276:	bf00      	nop
    3278:	bf00      	nop
    327a:	bf00      	nop
    327c:	bf00      	nop
    327e:	bf00      	nop
    3280:	bf00      	nop
    3282:	bf00      	nop
    3284:	bf00      	nop
    3286:	bf00      	nop
    3288:	bf00      	nop
    328a:	bf00      	nop
    328c:	bf00      	nop
    328e:	bf00      	nop
    3290:	bf00      	nop
    3292:	bf00      	nop
    3294:	bf00      	nop
    3296:	bf00      	nop
    3298:	bf00      	nop
    329a:	bf00      	nop
    329c:	bf00      	nop
    329e:	bf00      	nop
    32a0:	bf00      	nop
    const uint32_t v = base | ((uint32_t)nib << DSHIFT);
    32a2:	f006 010f 	and.w	r1, r6, #15
    32a6:	ea42 6181 	orr.w	r1, r2, r1, lsl #26
    GPIO9_DR = v | B_CLK;  spin<S>();
    32aa:	f041 7b00 	orr.w	fp, r1, #33554432	@ 0x2000000
    GPIO9_DR = v;
    32ae:	6019      	str	r1, [r3, #0]
    GPIO9_DR = v | B_CLK;  spin<S>();
    32b0:	f8c3 b000 	str.w	fp, [r3]
template <int S> struct Nop { static inline void go() { __asm__ volatile("nop"); Nop<S - 1>::go(); } };
    32b4:	bf00      	nop
    32b6:	bf00      	nop
    32b8:	bf00      	nop
    32ba:	bf00      	nop
    32bc:	bf00      	nop
    32be:	bf00      	nop
    32c0:	bf00      	nop
    32c2:	bf00      	nop
    32c4:	bf00      	nop
    32c6:	bf00      	nop
    32c8:	bf00      	nop
    32ca:	bf00      	nop
    32cc:	bf00      	nop
    32ce:	bf00      	nop
    32d0:	bf00      	nop
    32d2:	bf00      	nop
    32d4:	bf00      	nop
    32d6:	bf00      	nop
    32d8:	bf00      	nop
    32da:	bf00      	nop
    32dc:	bf00      	nop
    32de:	bf00      	nop
    32e0:	bf00      	nop
    32e2:	bf00      	nop
    GPIO9_DR = v;          spin<S>();
    32e4:	6019      	str	r1, [r3, #0]
template <int S> struct Nop { static inline void go() { __asm__ volatile("nop"); Nop<S - 1>::go(); } };
    32e6:	bf00      	nop
    32e8:	bf00      	nop
    32ea:	bf00      	nop
    32ec:	bf00      	nop
    32ee:	bf00      	nop
    32f0:	bf00      	nop
    32f2:	bf00      	nop
    32f4:	bf00      	nop
    32f6:	bf00      	nop
    32f8:	bf00      	nop
    32fa:	bf00      	nop
    32fc:	bf00      	nop
    32fe:	bf00      	nop
    3300:	bf00      	nop
    3302:	bf00      	nop
    3304:	bf00      	nop
    3306:	bf00      	nop
    3308:	bf00      	nop
    330a:	bf00      	nop
    330c:	bf00      	nop
    330e:	bf00      	nop
    3310:	bf00      	nop
    3312:	bf00      	nop
    3314:	bf00      	nop
    const uint32_t v = base | ((uint32_t)nib << DSHIFT);
    3316:	f005 010f 	and.w	r1, r5, #15
    331a:	ea42 6181 	orr.w	r1, r2, r1, lsl #26
    GPIO9_DR = v | B_CLK;  spin<S>();
    331e:	f041 7b00 	orr.w	fp, r1, #33554432	@ 0x2000000
    GPIO9_DR = v;
    3322:	6019      	str	r1, [r3, #0]
    GPIO9_DR = v | B_CLK;  spin<S>();
    3324:	f8c3 b000 	str.w	fp, [r3]
template <int S> struct Nop { static inline void go() { __asm__ volatile("nop"); Nop<S - 1>::go(); } };
    3328:	bf00      	nop
    332a:	bf00      	nop
    332c:	bf00      	nop
    332e:	bf00      	nop
    3330:	bf00      	nop
    3332:	bf00      	nop
    3334:	bf00      	nop
    3336:	bf00      	nop
    3338:	bf00      	nop
    333a:	bf00      	nop
    333c:	bf00      	nop
    333e:	bf00      	nop
    3340:	bf00      	nop
    3342:	bf00      	nop
    3344:	bf00      	nop
    3346:	bf00      	nop
    3348:	bf00      	nop
    334a:	bf00      	nop
    334c:	bf00      	nop
    334e:	bf00      	nop
    3350:	bf00      	nop
    3352:	bf00      	nop
    3354:	bf00      	nop
    3356:	bf00      	nop
    GPIO9_DR = v;          spin<S>();
    3358:	6019      	str	r1, [r3, #0]
template <int S> struct Nop { static inline void go() { __asm__ volatile("nop"); Nop<S - 1>::go(); } };
    335a:	bf00      	nop
    335c:	bf00      	nop
    335e:	bf00      	nop
    3360:	bf00      	nop
    3362:	bf00      	nop
    3364:	bf00      	nop
    3366:	bf00      	nop
    3368:	bf00      	nop
    336a:	bf00      	nop
    336c:	bf00      	nop
    336e:	bf00      	nop
    3370:	bf00      	nop
    3372:	bf00      	nop
    3374:	bf00      	nop
    3376:	bf00      	nop
    3378:	bf00      	nop
    337a:	bf00      	nop
    337c:	bf00      	nop
    337e:	bf00      	nop
    3380:	bf00      	nop
    3382:	bf00      	nop
    3384:	bf00      	nop
    3386:	bf00      	nop
    3388:	bf00      	nop
    const uint32_t v = base | ((uint32_t)nib << DSHIFT);
    338a:	9901      	ldr	r1, [sp, #4]
    338c:	ea42 6181 	orr.w	r1, r2, r1, lsl #26
    GPIO9_DR = v | B_CLK;  spin<S>();
    3390:	f041 7b00 	orr.w	fp, r1, #33554432	@ 0x2000000
    GPIO9_DR = v;
    3394:	6019      	str	r1, [r3, #0]
    GPIO9_DR = v | B_CLK;  spin<S>();
    3396:	f8c3 b000 	str.w	fp, [r3]
template <int S> struct Nop { static inline void go() { __asm__ volatile("nop"); Nop<S - 1>::go(); } };
    339a:	bf00      	nop
    339c:	bf00      	nop
    339e:	bf00      	nop
    33a0:	bf00      	nop
    33a2:	bf00      	nop
    33a4:	bf00      	nop
    33a6:	bf00      	nop
    33a8:	bf00      	nop
    33aa:	bf00      	nop
    33ac:	bf00      	nop
    33ae:	bf00      	nop
    33b0:	bf00      	nop
    33b2:	bf00      	nop
    33b4:	bf00      	nop
    33b6:	bf00      	nop
    33b8:	bf00      	nop
    33ba:	bf00      	nop
    33bc:	bf00      	nop
    33be:	bf00      	nop
    33c0:	bf00      	nop
    33c2:	bf00      	nop
    33c4:	bf00      	nop
    33c6:	bf00      	nop
    33c8:	bf00      	nop
    GPIO9_DR = v;          spin<S>();
    33ca:	6019      	str	r1, [r3, #0]
template <int S> struct Nop { static inline void go() { __asm__ volatile("nop"); Nop<S - 1>::go(); } };
    33cc:	bf00      	nop
    33ce:	bf00      	nop
    33d0:	bf00      	nop
    33d2:	bf00      	nop
    33d4:	bf00      	nop
    33d6:	bf00      	nop
    33d8:	bf00      	nop
    33da:	bf00      	nop
    33dc:	bf00      	nop
    33de:	bf00      	nop
    33e0:	bf00      	nop
    33e2:	bf00      	nop
    33e4:	bf00      	nop
    33e6:	bf00      	nop
    33e8:	bf00      	nop
    33ea:	bf00      	nop
    33ec:	bf00      	nop
    33ee:	bf00      	nop
    33f0:	bf00      	nop
    33f2:	bf00      	nop
    33f4:	bf00      	nop
    33f6:	bf00      	nop
    33f8:	bf00      	nop
    33fa:	bf00      	nop
static inline void data_in(void) { GPIO9_GDIR &= ~B_DATA; }
    33fc:	6859      	ldr	r1, [r3, #4]
        for (int k = 0; k < 6; k++) { GPIO9_DR = b | B_CLK; spin<S>(); GPIO9_DR = b; spin<S>(); }
    33fe:	f04f 0b06 	mov.w	fp, #6
static inline void data_in(void) { GPIO9_GDIR &= ~B_DATA; }
    3402:	f021 5170 	bic.w	r1, r1, #1006632960	@ 0x3c000000
    3406:	6059      	str	r1, [r3, #4]
        for (int k = 0; k < 6; k++) { GPIO9_DR = b | B_CLK; spin<S>(); GPIO9_DR = b; spin<S>(); }
    3408:	f042 7100 	orr.w	r1, r2, #33554432	@ 0x2000000
    340c:	6019      	str	r1, [r3, #0]
template <int S> struct Nop { static inline void go() { __asm__ volatile("nop"); Nop<S - 1>::go(); } };
    340e:	bf00      	nop
    3410:	bf00      	nop
    3412:	bf00      	nop
    3414:	bf00      	nop
    3416:	bf00      	nop
    3418:	bf00      	nop
    341a:	bf00      	nop
    341c:	bf00      	nop
    341e:	bf00      	nop
    3420:	bf00      	nop
    3422:	bf00      	nop
    3424:	bf00      	nop
    3426:	bf00      	nop
    3428:	bf00      	nop
    342a:	bf00      	nop
    342c:	bf00      	nop
    342e:	bf00      	nop
    3430:	bf00      	nop
    3432:	bf00      	nop
    3434:	bf00      	nop
    3436:	bf00      	nop
    3438:	bf00      	nop
    343a:	bf00      	nop
    343c:	bf00      	nop
        for (int k = 0; k < 6; k++) { GPIO9_DR = b | B_CLK; spin<S>(); GPIO9_DR = b; spin<S>(); }
    343e:	601a      	str	r2, [r3, #0]
template <int S> struct Nop { static inline void go() { __asm__ volatile("nop"); Nop<S - 1>::go(); } };
    3440:	bf00      	nop
    3442:	bf00      	nop
    3444:	bf00      	nop
    3446:	bf00      	nop
    3448:	bf00      	nop
    344a:	bf00      	nop
    344c:	bf00      	nop
    344e:	bf00      	nop
    3450:	bf00      	nop
    3452:	bf00      	nop
    3454:	bf00      	nop
    3456:	bf00      	nop
    3458:	bf00      	nop
    345a:	bf00      	nop
    345c:	bf00      	nop
    345e:	bf00      	nop
    3460:	bf00      	nop
    3462:	bf00      	nop
    3464:	bf00      	nop
    3466:	bf00      	nop
    3468:	bf00      	nop
    346a:	bf00      	nop
    346c:	bf00      	nop
    346e:	bf00      	nop
        for (int k = 0; k < 6; k++) { GPIO9_DR = b | B_CLK; spin<S>(); GPIO9_DR = b; spin<S>(); }
    3470:	f1bb 0b01 	subs.w	fp, fp, #1
    3474:	d1ca      	bne.n	340c <void bread<24>(unsigned long, unsigned char*, unsigned long)+0x414>
        for (uint32_t i = 0; i < n; i++) {
    3476:	f1be 0f00 	cmp.w	lr, #0
    347a:	f000 808a 	beq.w	3592 <void bread<24>(unsigned long, unsigned char*, unsigned long)+0x59a>
    347e:	f10c 37ff 	add.w	r7, ip, #4294967295
    3482:	44f4      	add	ip, lr
    3484:	f10c 38ff 	add.w	r8, ip, #4294967295
    GPIO9_DR = base | B_CLK;  spin<S>();
    3488:	6019      	str	r1, [r3, #0]
template <int S> struct Nop { static inline void go() { __asm__ volatile("nop"); Nop<S - 1>::go(); } };
    348a:	bf00      	nop
    348c:	bf00      	nop
    348e:	bf00      	nop
    3490:	bf00      	nop
    3492:	bf00      	nop
    3494:	bf00      	nop
    3496:	bf00      	nop
    3498:	bf00      	nop
    349a:	bf00      	nop
    349c:	bf00      	nop
    349e:	bf00      	nop
    34a0:	bf00      	nop
    34a2:	bf00      	nop
    34a4:	bf00      	nop
    34a6:	bf00      	nop
    34a8:	bf00      	nop
    34aa:	bf00      	nop
    34ac:	bf00      	nop
    34ae:	bf00      	nop
    34b0:	bf00      	nop
    34b2:	bf00      	nop
    34b4:	bf00      	nop
    34b6:	bf00      	nop
    34b8:	bf00      	nop
    const uint8_t n = (uint8_t)((GPIO9_PSR >> DSHIFT) & 0xF);
    34ba:	689e      	ldr	r6, [r3, #8]
    GPIO9_DR = base;          spin<S>();
    34bc:	601a      	str	r2, [r3, #0]
template <int S> struct Nop { static inline void go() { __asm__ volatile("nop"); Nop<S - 1>::go(); } };
    34be:	bf00      	nop
    34c0:	bf00      	nop
    34c2:	bf00      	nop
    34c4:	bf00      	nop
    34c6:	bf00      	nop
    34c8:	bf00      	nop
    34ca:	bf00      	nop
    34cc:	bf00      	nop
    34ce:	bf00      	nop
    34d0:	bf00      	nop
    34d2:	bf00      	nop
    34d4:	bf00      	nop
    34d6:	bf00      	nop
    34d8:	bf00      	nop
    34da:	bf00      	nop
    34dc:	bf00      	nop
    34de:	bf00      	nop
    34e0:	bf00      	nop
    34e2:	bf00      	nop
    34e4:	bf00      	nop
    34e6:	bf00      	nop
    34e8:	bf00      	nop
    34ea:	bf00      	nop
    34ec:	bf00      	nop
    GPIO9_DR = base | B_CLK;  spin<S>();
    34ee:	6019      	str	r1, [r3, #0]
template <int S> struct Nop { static inline void go() { __asm__ volatile("nop"); Nop<S - 1>::go(); } };
    34f0:	bf00      	nop
    34f2:	bf00      	nop
    34f4:	bf00      	nop
    34f6:	bf00      	nop
    34f8:	bf00      	nop
    34fa:	bf00      	nop
    34fc:	bf00      	nop
    34fe:	bf00      	nop
    3500:	bf00      	nop
    3502:	bf00      	nop
    3504:	bf00      	nop
    3506:	bf00      	nop
    3508:	bf00      	nop
    350a:	bf00      	nop
    350c:	bf00      	nop
    350e:	bf00      	nop
    3510:	bf00      	nop
    3512:	bf00      	nop
    3514:	bf00      	nop
    3516:	bf00      	nop
    3518:	bf00      	nop
    351a:	bf00      	nop
    351c:	bf00      	nop
    351e:	bf00      	nop
    const uint8_t n = (uint8_t)((GPIO9_PSR >> DSHIFT) & 0xF);
    3520:	689d      	ldr	r5, [r3, #8]
    GPIO9_DR = base;          spin<S>();
    3522:	601a      	str	r2, [r3, #0]
template <int S> struct Nop { static inline void go() { __asm__ volatile("nop"); Nop<S - 1>::go(); } };
    3524:	bf00      	nop
    3526:	bf00      	nop
    3528:	bf00      	nop
    352a:	bf00      	nop
    352c:	bf00      	nop
    352e:	bf00      	nop
    3530:	bf00      	nop
    3532:	bf00      	nop
    3534:	bf00      	nop
    3536:	bf00      	nop
    3538:	bf00      	nop
    353a:	bf00      	nop
    353c:	bf00      	nop
    353e:	bf00      	nop
    3540:	bf00      	nop
    3542:	bf00      	nop
    3544:	bf00      	nop
    3546:	bf00      	nop
    3548:	bf00      	nop
    354a:	bf00      	nop
    354c:	bf00      	nop
    354e:	bf00      	nop
    3550:	bf00      	nop
    3552:	bf00      	nop
    const uint8_t n = (uint8_t)((GPIO9_PSR >> DSHIFT) & 0xF);
    3554:	0eb6      	lsrs	r6, r6, #26
    3556:	f3c5 6583 	ubfx	r5, r5, #26, #4
            d[i] = (uint8_t)((hi << 4) | get_nib<S>(b));
    355a:	ea45 1506 	orr.w	r5, r5, r6, lsl #4
    355e:	f807 5f01 	strb.w	r5, [r7, #1]!
        for (uint32_t i = 0; i < n; i++) {
    3562:	4547      	cmp	r7, r8
    3564:	d190      	bne.n	3488 <void bread<24>(unsigned long, unsigned char*, unsigned long)+0x490>
        GPIO9_DR = idle; bus_out();
    3566:	4a11      	ldr	r2, [pc, #68]	@ (35ac <void bread<24>(unsigned long, unsigned char*, unsigned long)+0x5b4>)
    while (len) {
    3568:	ebb4 040e 	subs.w	r4, r4, lr
        GPIO9_DR = idle; bus_out();
    356c:	6812      	ldr	r2, [r2, #0]
    356e:	601a      	str	r2, [r3, #0]
static inline void bus_out(void) { GPIO9_GDIR |= (B_DATA | B_CLK | B_SS0 | B_SS1); }
    3570:	6859      	ldr	r1, [r3, #4]
    3572:	f041 517d 	orr.w	r1, r1, #1061158912	@ 0x3f400000
    3576:	6059      	str	r1, [r3, #4]
    while (len) {
    3578:	d013      	beq.n	35a2 <void bread<24>(unsigned long, unsigned char*, unsigned long)+0x5aa>
        a += n; d += n; len -= n;
    357a:	4470      	add	r0, lr
    357c:	f000 010f 	and.w	r1, r0, #15
    3580:	ea4f 5910 	mov.w	r9, r0, lsr #20
    3584:	ea4f 4810 	mov.w	r8, r0, lsr #16
    3588:	0b07      	lsrs	r7, r0, #12
    358a:	9101      	str	r1, [sp, #4]
    358c:	0a06      	lsrs	r6, r0, #8
    358e:	0905      	lsrs	r5, r0, #4
    3590:	e549      	b.n	3026 <void bread<24>(unsigned long, unsigned char*, unsigned long)+0x2e>
        GPIO9_DR = idle; bus_out();
    3592:	4a06      	ldr	r2, [pc, #24]	@ (35ac <void bread<24>(unsigned long, unsigned char*, unsigned long)+0x5b4>)
    3594:	6812      	ldr	r2, [r2, #0]
    3596:	601a      	str	r2, [r3, #0]
static inline void bus_out(void) { GPIO9_GDIR |= (B_DATA | B_CLK | B_SS0 | B_SS1); }
    3598:	6859      	ldr	r1, [r3, #4]
    359a:	f041 517d 	orr.w	r1, r1, #1061158912	@ 0x3f400000
    359e:	6059      	str	r1, [r3, #4]
    while (len) {
    35a0:	e541      	b.n	3026 <void bread<24>(unsigned long, unsigned char*, unsigned long)+0x2e>
}
    35a2:	b003      	add	sp, #12
    35a4:	e8bd 8ff0 	ldmia.w	sp!, {r4, r5, r6, r7, r8, r9, sl, fp, pc}
    35a8:	4770      	bx	lr
    35aa:	bf00      	nop
    35ac:	20006e10 	.word	0x20006e10

000035b0 <void bwrite<10>(unsigned long, unsigned char const*, unsigned long)>:
    while (len) {
    35b0:	2a00      	cmp	r2, #0
    35b2:	f000 817e 	beq.w	38b2 <void bwrite<10>(unsigned long, unsigned char const*, unsigned long)+0x302>
    return (idle | B_SS0 | B_SS1 | B_DEC) & ~g_csbit & ~B_CLK & ~B_DATA;
    35b6:	4b8e      	ldr	r3, [pc, #568]	@ (37f0 <void bwrite<10>(unsigned long, unsigned char const*, unsigned long)+0x240>)
template <int S> static void bwrite(uint32_t a, const uint8_t *s, uint32_t len)
    35b8:	e92d 4ff0 	stmdb	sp!, {r4, r5, r6, r7, r8, r9, sl, fp, lr}
    35bc:	4696      	mov	lr, r2
    35be:	b083      	sub	sp, #12
    return (idle | B_SS0 | B_SS1 | B_DEC) & ~g_csbit & ~B_CLK & ~B_DATA;
    35c0:	681a      	ldr	r2, [r3, #0]
    35c2:	f000 030f 	and.w	r3, r0, #15
    35c6:	0905      	lsrs	r5, r0, #4
    35c8:	f8df a230 	ldr.w	sl, [pc, #560]	@ 37fc <void bwrite<10>(unsigned long, unsigned char const*, unsigned long)+0x24c>
    35cc:	9300      	str	r3, [sp, #0]
    35ce:	ea4f 5910 	mov.w	r9, r0, lsr #20
    35d2:	ea4f 4810 	mov.w	r8, r0, lsr #16
static inline void bus_out(void) { GPIO9_GDIR |= (B_DATA | B_CLK | B_SS0 | B_SS1); }
    35d6:	4b87      	ldr	r3, [pc, #540]	@ (37f4 <void bwrite<10>(unsigned long, unsigned char const*, unsigned long)+0x244>)
    35d8:	0b07      	lsrs	r7, r0, #12
    return (idle | B_SS0 | B_SS1 | B_DEC) & ~g_csbit & ~B_CLK & ~B_DATA;
    35da:	9501      	str	r5, [sp, #4]
    35dc:	0a06      	lsrs	r6, r0, #8
static inline void bus_out(void) { GPIO9_GDIR |= (B_DATA | B_CLK | B_SS0 | B_SS1); }
    35de:	685c      	ldr	r4, [r3, #4]
    return (idle | B_SS0 | B_SS1 | B_DEC) & ~g_csbit & ~B_CLK & ~B_DATA;
    35e0:	f042 2201 	orr.w	r2, r2, #16777472	@ 0x1000100
        const uint32_t n = (len > g_burst) ? g_burst : len;
    35e4:	4d84      	ldr	r5, [pc, #528]	@ (37f8 <void bwrite<10>(unsigned long, unsigned char const*, unsigned long)+0x248>)
static inline void bus_out(void) { GPIO9_GDIR |= (B_DATA | B_CLK | B_SS0 | B_SS1); }
    35e6:	f044 547d 	orr.w	r4, r4, #1061158912	@ 0x3f400000
    return (idle | B_SS0 | B_SS1 | B_DEC) & ~g_csbit & ~B_CLK & ~B_DATA;
    35ea:	f442 0280 	orr.w	r2, r2, #4194304	@ 0x400000
        const uint32_t n = (len > g_burst) ? g_burst : len;
    35ee:	f8d5 c000 	ldr.w	ip, [r5]
static inline void bus_out(void) { GPIO9_GDIR |= (B_DATA | B_CLK | B_SS0 | B_SS1); }
    35f2:	605c      	str	r4, [r3, #4]
    return (idle | B_SS0 | B_SS1 | B_DEC) & ~g_csbit & ~B_CLK & ~B_DATA;
    35f4:	f8da 4000 	ldr.w	r4, [sl]
        const uint32_t n = (len > g_burst) ? g_burst : len;
    35f8:	45f4      	cmp	ip, lr
    return (idle | B_SS0 | B_SS1 | B_DEC) & ~g_csbit & ~B_CLK & ~B_DATA;
    35fa:	ea22 0204 	bic.w	r2, r2, r4
        const uint32_t n = (len > g_burst) ? g_burst : len;
    35fe:	bf28      	it	cs
    3600:	46f4      	movcs	ip, lr
    return (idle | B_SS0 | B_SS1 | B_DEC) & ~g_csbit & ~B_CLK & ~B_DATA;
    3602:	f022 5278 	bic.w	r2, r2, #1040187392	@ 0x3e000000
    const uint32_t v = base | ((uint32_t)nib << DSHIFT);
    3606:	f042 6440 	orr.w	r4, r2, #201326592	@ 0xc000000
    GPIO9_DR = v | B_CLK;  spin<S>();
    360a:	f042 6b60 	orr.w	fp, r2, #234881024	@ 0xe000000
        bus_out(); const uint32_t b = cbase(); GPIO9_DR = b;
    360e:	601a      	str	r2, [r3, #0]
    GPIO9_DR = v;
    3610:	601c      	str	r4, [r3, #0]
    GPIO9_DR = v | B_CLK;  spin<S>();
    3612:	f8c3 b000 	str.w	fp, [r3]
template <int S> struct Nop { static inline void go() { __asm__ volatile("nop"); Nop<S - 1>::go(); } };
    3616:	bf00      	nop
    3618:	bf00      	nop
    361a:	bf00      	nop
    361c:	bf00      	nop
    361e:	bf00      	nop
    3620:	bf00      	nop
    3622:	bf00      	nop
    3624:	bf00      	nop
    3626:	bf00      	nop
    3628:	bf00      	nop
    GPIO9_DR = v;          spin<S>();
    362a:	601c      	str	r4, [r3, #0]
template <int S> struct Nop { static inline void go() { __asm__ volatile("nop"); Nop<S - 1>::go(); } };
    362c:	bf00      	nop
    362e:	bf00      	nop
    3630:	bf00      	nop
    3632:	bf00      	nop
    3634:	bf00      	nop
    3636:	bf00      	nop
    3638:	bf00      	nop
    363a:	bf00      	nop
    363c:	bf00      	nop
    363e:	bf00      	nop
    const uint32_t v = base | ((uint32_t)nib << DSHIFT);
    3640:	f042 5400 	orr.w	r4, r2, #536870912	@ 0x20000000
    GPIO9_DR = v | B_CLK;  spin<S>();
    3644:	f042 5b08 	orr.w	fp, r2, #570425344	@ 0x22000000
    GPIO9_DR = v;
    3648:	601c      	str	r4, [r3, #0]
    GPIO9_DR = v | B_CLK;  spin<S>();
    364a:	f8c3 b000 	str.w	fp, [r3]
template <int S> struct Nop { static inline void go() { __asm__ volatile("nop"); Nop<S - 1>::go(); } };
    364e:	bf00      	nop
    3650:	bf00      	nop
    3652:	bf00      	nop
    3654:	bf00      	nop
    3656:	bf00      	nop
    3658:	bf00      	nop
    365a:	bf00      	nop
    365c:	bf00      	nop
    365e:	bf00      	nop
    3660:	bf00      	nop
    GPIO9_DR = v;          spin<S>();
    3662:	601c      	str	r4, [r3, #0]
template <int S> struct Nop { static inline void go() { __asm__ volatile("nop"); Nop<S - 1>::go(); } };
    3664:	bf00      	nop
    3666:	bf00      	nop
    3668:	bf00      	nop
    366a:	bf00      	nop
    366c:	bf00      	nop
    366e:	bf00      	nop
    3670:	bf00      	nop
    3672:	bf00      	nop
    3674:	bf00      	nop
    3676:	bf00      	nop
    const uint32_t v = base | ((uint32_t)nib << DSHIFT);
    3678:	f009 040f 	and.w	r4, r9, #15
    367c:	ea42 6484 	orr.w	r4, r2, r4, lsl #26
    GPIO9_DR = v | B_CLK;  spin<S>();
    3680:	f044 7b00 	orr.w	fp, r4, #33554432	@ 0x2000000
    GPIO9_DR = v;
    3684:	601c      	str	r4, [r3, #0]
    GPIO9_DR = v | B_CLK;  spin<S>();
    3686:	f8c3 b000 	str.w	fp, [r3]
template <int S> struct Nop { static inline void go() { __asm__ volatile("nop"); Nop<S - 1>::go(); } };
    368a:	bf00      	nop
    368c:	bf00      	nop
    368e:	bf00      	nop
    3690:	bf00      	nop
    3692:	bf00      	nop
    3694:	bf00      	nop
    3696:	bf00      	nop
    3698:	bf00      	nop
    369a:	bf00      	nop
    369c:	bf00      	nop
    GPIO9_DR = v;          spin<S>();
    369e:	601c      	str	r4, [r3, #0]
template <int S> struct Nop { static inline void go() { __asm__ volatile("nop"); Nop<S - 1>::go(); } };
    36a0:	bf00      	nop
    36a2:	bf00      	nop
    36a4:	bf00      	nop
    36a6:	bf00      	nop
    36a8:	bf00      	nop
    36aa:	bf00      	nop
    36ac:	bf00      	nop
    36ae:	bf00      	nop
    36b0:	bf00      	nop
    36b2:	bf00      	nop
    const uint32_t v = base | ((uint32_t)nib << DSHIFT);
    36b4:	f008 040f 	and.w	r4, r8, #15
    36b8:	ea42 6484 	orr.w	r4, r2, r4, lsl #26
    GPIO9_DR = v | B_CLK;  spin<S>();
    36bc:	f044 7b00 	orr.w	fp, r4, #33554432	@ 0x2000000
    GPIO9_DR = v;
    36c0:	601c      	str	r4, [r3, #0]
    GPIO9_DR = v | B_CLK;  spin<S>();
    36c2:	f8c3 b000 	str.w	fp, [r3]
template <int S> struct Nop { static inline void go() { __asm__ volatile("nop"); Nop<S - 1>::go(); } };
    36c6:	bf00      	nop
    36c8:	bf00      	nop
    36ca:	bf00      	nop
    36cc:	bf00      	nop
    36ce:	bf00      	nop
    36d0:	bf00      	nop
    36d2:	bf00      	nop
    36d4:	bf00      	nop
    36d6:	bf00      	nop
    36d8:	bf00      	nop
    GPIO9_DR = v;          spin<S>();
    36da:	601c      	str	r4, [r3, #0]
template <int S> struct Nop { static inline void go() { __asm__ volatile("nop"); Nop<S - 1>::go(); } };
    36dc:	bf00      	nop
    36de:	bf00      	nop
    36e0:	bf00      	nop
    36e2:	bf00      	nop
    36e4:	bf00      	nop
    36e6:	bf00      	nop
    36e8:	bf00      	nop
    36ea:	bf00      	nop
    36ec:	bf00      	nop
    36ee:	bf00      	nop
    const uint32_t v = base | ((uint32_t)nib << DSHIFT);
    36f0:	f007 040f 	and.w	r4, r7, #15
    36f4:	ea42 6484 	orr.w	r4, r2, r4, lsl #26
    GPIO9_DR = v | B_CLK;  spin<S>();
    36f8:	f044 7b00 	orr.w	fp, r4, #33554432	@ 0x2000000
    GPIO9_DR = v;
    36fc:	601c      	str	r4, [r3, #0]
    GPIO9_DR = v | B_CLK;  spin<S>();
    36fe:	f8c3 b000 	str.w	fp, [r3]
template <int S> struct Nop { static inline void go() { __asm__ volatile("nop"); Nop<S - 1>::go(); } };
    3702:	bf00      	nop
    3704:	bf00      	nop
    3706:	bf00      	nop
    3708:	bf00      	nop
    370a:	bf00      	nop
    370c:	bf00      	nop
    370e:	bf00      	nop
    3710:	bf00      	nop
    3712:	bf00      	nop
    3714:	bf00      	nop
    GPIO9_DR = v;          spin<S>();
    3716:	601c      	str	r4, [r3, #0]
template <int S> struct Nop { static inline void go() { __asm__ volatile("nop"); Nop<S - 1>::go(); } };
    3718:	bf00      	nop
    371a:	bf00      	nop
    371c:	bf00      	nop
    371e:	bf00      	nop
    3720:	bf00      	nop
    3722:	bf00      	nop
    3724:	bf00      	nop
    3726:	bf00      	nop
    3728:	bf00      	nop
    372a:	bf00      	nop
    const uint32_t v = base | ((uint32_t)nib << DSHIFT);
    372c:	f006 040f 	and.w	r4, r6, #15
    3730:	ea42 6484 	orr.w	r4, r2, r4, lsl #26
    GPIO9_DR = v | B_CLK;  spin<S>();
    3734:	f044 7b00 	orr.w	fp, r4, #33554432	@ 0x2000000
    GPIO9_DR = v;
    3738:	601c      	str	r4, [r3, #0]
    GPIO9_DR = v | B_CLK;  spin<S>();
    373a:	f8c3 b000 	str.w	fp, [r3]
template <int S> struct Nop { static inline void go() { __asm__ volatile("nop"); Nop<S - 1>::go(); } };
    373e:	bf00      	nop
    3740:	bf00      	nop
    3742:	bf00      	nop
    3744:	bf00      	nop
    3746:	bf00      	nop
    3748:	bf00      	nop
    374a:	bf00      	nop
    374c:	bf00      	nop
    374e:	bf00      	nop
    3750:	bf00      	nop
    GPIO9_DR = v;          spin<S>();
    3752:	601c      	str	r4, [r3, #0]
template <int S> struct Nop { static inline void go() { __asm__ volatile("nop"); Nop<S - 1>::go(); } };
    3754:	bf00      	nop
    3756:	bf00      	nop
    3758:	bf00      	nop
    375a:	bf00      	nop
    375c:	bf00      	nop
    375e:	bf00      	nop
    3760:	bf00      	nop
    3762:	bf00      	nop
    3764:	bf00      	nop
    3766:	bf00      	nop
    const uint32_t v = base | ((uint32_t)nib << DSHIFT);
    3768:	9c01      	ldr	r4, [sp, #4]
    376a:	f004 040f 	and.w	r4, r4, #15
    376e:	ea42 6484 	orr.w	r4, r2, r4, lsl #26
    GPIO9_DR = v | B_CLK;  spin<S>();
    3772:	f044 7b00 	orr.w	fp, r4, #33554432	@ 0x2000000
    GPIO9_DR = v;
    3776:	601c      	str	r4, [r3, #0]
    GPIO9_DR = v | B_CLK;  spin<S>();
    3778:	f8c3 b000 	str.w	fp, [r3]
template <int S> struct Nop { static inline void go() { __asm__ volatile("nop"); Nop<S - 1>::go(); } };
    377c:	bf00      	nop
    377e:	bf00      	nop
    3780:	bf00      	nop
    3782:	bf00      	nop
    3784:	bf00      	nop
    3786:	bf00      	nop
    3788:	bf00      	nop
    378a:	bf00      	nop
    378c:	bf00      	nop
    378e:	bf00      	nop
    GPIO9_DR = v;          spin<S>();
    3790:	601c      	str	r4, [r3, #0]
template <int S> struct Nop { static inline void go() { __asm__ volatile("nop"); Nop<S - 1>::go(); } };
    3792:	bf00      	nop
    3794:	bf00      	nop
    3796:	bf00      	nop
    3798:	bf00      	nop
    379a:	bf00      	nop
    379c:	bf00      	nop
    379e:	bf00      	nop
    37a0:	bf00      	nop
    37a2:	bf00      	nop
    37a4:	bf00      	nop
    const uint32_t v = base | ((uint32_t)nib << DSHIFT);
    37a6:	9c00      	ldr	r4, [sp, #0]
    37a8:	ea42 6484 	orr.w	r4, r2, r4, lsl #26
    GPIO9_DR = v | B_CLK;  spin<S>();
    37ac:	f044 7b00 	orr.w	fp, r4, #33554432	@ 0x2000000
    GPIO9_DR = v;
    37b0:	601c      	str	r4, [r3, #0]
    GPIO9_DR = v | B_CLK;  spin<S>();
    37b2:	f8c3 b000 	str.w	fp, [r3]
template <int S> struct Nop { static inline void go() { __asm__ volatile("nop"); Nop<S - 1>::go(); } };
    37b6:	bf00      	nop
    37b8:	bf00      	nop
    37ba:	bf00      	nop
    37bc:	bf00      	nop
    37be:	bf00      	nop
    37c0:	bf00      	nop
    37c2:	bf00      	nop
    37c4:	bf00      	nop
    37c6:	bf00      	nop
    37c8:	bf00      	nop
    GPIO9_DR = v;          spin<S>();
    37ca:	601c      	str	r4, [r3, #0]
template <int S> struct Nop { static inline void go() { __asm__ volatile("nop"); Nop<S - 1>::go(); } };
    37cc:	bf00      	nop
    37ce:	bf00      	nop
    37d0:	bf00      	nop
    37d2:	bf00      	nop
    37d4:	bf00      	nop
    37d6:	bf00      	nop
    37d8:	bf00      	nop
    37da:	bf00      	nop
    37dc:	bf00      	nop
    37de:	bf00      	nop
        for (uint32_t i = 0; i < n; i++) { put_nib<S>(b, s[i] >> 4); put_nib<S>(b, s[i] & 0xF); }
    37e0:	f1bc 0f00 	cmp.w	ip, #0
    37e4:	d05e      	beq.n	38a4 <void bwrite<10>(unsigned long, unsigned char const*, unsigned long)+0x2f4>
    37e6:	eb0c 0501 	add.w	r5, ip, r1
    37ea:	3901      	subs	r1, #1
    37ec:	1e6e      	subs	r6, r5, #1
    37ee:	e007      	b.n	3800 <void bwrite<10>(unsigned long, unsigned char const*, unsigned long)+0x250>
    37f0:	20006e10 	.word	0x20006e10
    37f4:	4200c000 	.word	0x4200c000
    37f8:	20001d20 	.word	0x20001d20
    37fc:	20001d24 	.word	0x20001d24
    3800:	f811 4f01 	ldrb.w	r4, [r1, #1]!
    const uint32_t v = base | ((uint32_t)nib << DSHIFT);
    3804:	0924      	lsrs	r4, r4, #4
    3806:	ea42 6484 	orr.w	r4, r2, r4, lsl #26
    GPIO9_DR = v | B_CLK;  spin<S>();
    380a:	f044 7700 	orr.w	r7, r4, #33554432	@ 0x2000000
    GPIO9_DR = v;
    380e:	601c      	str	r4, [r3, #0]
    GPIO9_DR = v | B_CLK;  spin<S>();
    3810:	601f      	str	r7, [r3, #0]
template <int S> struct Nop { static inline void go() { __asm__ volatile("nop"); Nop<S - 1>::go(); } };
    3812:	bf00      	nop
    3814:	bf00      	nop
    3816:	bf00      	nop
    3818:	bf00      	nop
    381a:	bf00      	nop
    381c:	bf00      	nop
    381e:	bf00      	nop
    3820:	bf00      	nop
    3822:	bf00      	nop
    3824:	bf00      	nop
    GPIO9_DR = v;          spin<S>();
    3826:	601c      	str	r4, [r3, #0]
template <int S> struct Nop { static inline void go() { __asm__ volatile("nop"); Nop<S - 1>::go(); } };
    3828:	bf00      	nop
    382a:	bf00      	nop
    382c:	bf00      	nop
    382e:	bf00      	nop
    3830:	bf00      	nop
    3832:	bf00      	nop
    3834:	bf00      	nop
    3836:	bf00      	nop
    3838:	bf00      	nop
    383a:	bf00      	nop
        for (uint32_t i = 0; i < n; i++) { put_nib<S>(b, s[i] >> 4); put_nib<S>(b, s[i] & 0xF); }
    383c:	780c      	ldrb	r4, [r1, #0]
    const uint32_t v = base | ((uint32_t)nib << DSHIFT);
    383e:	f004 040f 	and.w	r4, r4, #15
    3842:	ea42 6484 	orr.w	r4, r2, r4, lsl #26
    GPIO9_DR = v | B_CLK;  spin<S>();
    3846:	f044 7700 	orr.w	r7, r4, #33554432	@ 0x2000000
    GPIO9_DR = v;
    384a:	601c      	str	r4, [r3, #0]
    GPIO9_DR = v | B_CLK;  spin<S>();
    384c:	601f      	str	r7, [r3, #0]
template <int S> struct Nop { static inline void go() { __asm__ volatile("nop"); Nop<S - 1>::go(); } };
    384e:	bf00      	nop
    3850:	bf00      	nop
    3852:	bf00      	nop
    3854:	bf00      	nop
    3856:	bf00      	nop
    3858:	bf00      	nop
    385a:	bf00      	nop
    385c:	bf00      	nop
    385e:	bf00      	nop
    3860:	bf00      	nop
    GPIO9_DR = v;          spin<S>();
    3862:	601c      	str	r4, [r3, #0]
template <int S> struct Nop { static inline void go() { __asm__ volatile("nop"); Nop<S - 1>::go(); } };
    3864:	bf00      	nop
    3866:	bf00      	nop
    3868:	bf00      	nop
    386a:	bf00      	nop
    386c:	bf00      	nop
    386e:	bf00      	nop
    3870:	bf00      	nop
    3872:	bf00      	nop
    3874:	bf00      	nop
    3876:	bf00      	nop
        for (uint32_t i = 0; i < n; i++) { put_nib<S>(b, s[i] >> 4); put_nib<S>(b, s[i] & 0xF); }
    3878:	42b1      	cmp	r1, r6
    387a:	d1c1      	bne.n	3800 <void bwrite<10>(unsigned long, unsigned char const*, unsigned long)+0x250>
        GPIO9_DR = idle;
    387c:	4a0d      	ldr	r2, [pc, #52]	@ (38b4 <void bwrite<10>(unsigned long, unsigned char const*, unsigned long)+0x304>)
    while (len) {
    387e:	ebbe 0e0c 	subs.w	lr, lr, ip
        GPIO9_DR = idle;
    3882:	6812      	ldr	r2, [r2, #0]
    3884:	601a      	str	r2, [r3, #0]
    while (len) {
    3886:	d011      	beq.n	38ac <void bwrite<10>(unsigned long, unsigned char const*, unsigned long)+0x2fc>
        a += n; s += n; len -= n;
    3888:	4460      	add	r0, ip
    388a:	4629      	mov	r1, r5
    388c:	0904      	lsrs	r4, r0, #4
    388e:	ea4f 5910 	mov.w	r9, r0, lsr #20
    3892:	9401      	str	r4, [sp, #4]
    3894:	f000 040f 	and.w	r4, r0, #15
    3898:	ea4f 4810 	mov.w	r8, r0, lsr #16
    389c:	0b07      	lsrs	r7, r0, #12
    389e:	9400      	str	r4, [sp, #0]
    38a0:	0a06      	lsrs	r6, r0, #8
    38a2:	e69c      	b.n	35de <void bwrite<10>(unsigned long, unsigned char const*, unsigned long)+0x2e>
        GPIO9_DR = idle;
    38a4:	4a03      	ldr	r2, [pc, #12]	@ (38b4 <void bwrite<10>(unsigned long, unsigned char const*, unsigned long)+0x304>)
    38a6:	6812      	ldr	r2, [r2, #0]
    38a8:	601a      	str	r2, [r3, #0]
    while (len) {
    38aa:	e698      	b.n	35de <void bwrite<10>(unsigned long, unsigned char const*, unsigned long)+0x2e>
}
    38ac:	b003      	add	sp, #12
    38ae:	e8bd 8ff0 	ldmia.w	sp!, {r4, r5, r6, r7, r8, r9, sl, fp, pc}
    38b2:	4770      	bx	lr
    38b4:	20006e10 	.word	0x20006e10

000038b8 <void bwrite<6>(unsigned long, unsigned char const*, unsigned long)>:
    while (len) {
    38b8:	2a00      	cmp	r2, #0
    38ba:	f000 8125 	beq.w	3b08 <void bwrite<6>(unsigned long, unsigned char const*, unsigned long)+0x250>
    return (idle | B_SS0 | B_SS1 | B_DEC) & ~g_csbit & ~B_CLK & ~B_DATA;
    38be:	4b93      	ldr	r3, [pc, #588]	@ (3b0c <void bwrite<6>(unsigned long, unsigned char const*, unsigned long)+0x254>)
template <int S> static void bwrite(uint32_t a, const uint8_t *s, uint32_t len)
    38c0:	e92d 4ff0 	stmdb	sp!, {r4, r5, r6, r7, r8, r9, sl, fp, lr}
    38c4:	4696      	mov	lr, r2
    38c6:	b083      	sub	sp, #12
    return (idle | B_SS0 | B_SS1 | B_DEC) & ~g_csbit & ~B_CLK & ~B_DATA;
    38c8:	681a      	ldr	r2, [r3, #0]
    38ca:	f000 030f 	and.w	r3, r0, #15
    38ce:	0905      	lsrs	r5, r0, #4
    38d0:	f8df a244 	ldr.w	sl, [pc, #580]	@ 3b18 <void bwrite<6>(unsigned long, unsigned char const*, unsigned long)+0x260>
    38d4:	9300      	str	r3, [sp, #0]
    38d6:	ea4f 5910 	mov.w	r9, r0, lsr #20
    38da:	ea4f 4810 	mov.w	r8, r0, lsr #16
static inline void bus_out(void) { GPIO9_GDIR |= (B_DATA | B_CLK | B_SS0 | B_SS1); }
    38de:	4b8c      	ldr	r3, [pc, #560]	@ (3b10 <void bwrite<6>(unsigned long, unsigned char const*, unsigned long)+0x258>)
    38e0:	0b07      	lsrs	r7, r0, #12
    return (idle | B_SS0 | B_SS1 | B_DEC) & ~g_csbit & ~B_CLK & ~B_DATA;
    38e2:	9501      	str	r5, [sp, #4]
    38e4:	0a06      	lsrs	r6, r0, #8
static inline void bus_out(void) { GPIO9_GDIR |= (B_DATA | B_CLK | B_SS0 | B_SS1); }
    38e6:	685c      	ldr	r4, [r3, #4]
    return (idle | B_SS0 | B_SS1 | B_DEC) & ~g_csbit & ~B_CLK & ~B_DATA;
    38e8:	f042 2201 	orr.w	r2, r2, #16777472	@ 0x1000100
        const uint32_t n = (len > g_burst) ? g_burst : len;
    38ec:	4d89      	ldr	r5, [pc, #548]	@ (3b14 <void bwrite<6>(unsigned long, unsigned char const*, unsigned long)+0x25c>)
static inline void bus_out(void) { GPIO9_GDIR |= (B_DATA | B_CLK | B_SS0 | B_SS1); }
    38ee:	f044 547d 	orr.w	r4, r4, #1061158912	@ 0x3f400000
    return (idle | B_SS0 | B_SS1 | B_DEC) & ~g_csbit & ~B_CLK & ~B_DATA;
    38f2:	f442 0280 	orr.w	r2, r2, #4194304	@ 0x400000
        const uint32_t n = (len > g_burst) ? g_burst : len;
    38f6:	f8d5 c000 	ldr.w	ip, [r5]
static inline void bus_out(void) { GPIO9_GDIR |= (B_DATA | B_CLK | B_SS0 | B_SS1); }
    38fa:	605c      	str	r4, [r3, #4]
    return (idle | B_SS0 | B_SS1 | B_DEC) & ~g_csbit & ~B_CLK & ~B_DATA;
    38fc:	f8da 4000 	ldr.w	r4, [sl]
        const uint32_t n = (len > g_burst) ? g_burst : len;
    3900:	45f4      	cmp	ip, lr
    return (idle | B_SS0 | B_SS1 | B_DEC) & ~g_csbit & ~B_CLK & ~B_DATA;
    3902:	ea22 0204 	bic.w	r2, r2, r4
        const uint32_t n = (len > g_burst) ? g_burst : len;
    3906:	bf28      	it	cs
    3908:	46f4      	movcs	ip, lr
    return (idle | B_SS0 | B_SS1 | B_DEC) & ~g_csbit & ~B_CLK & ~B_DATA;
    390a:	f022 5278 	bic.w	r2, r2, #1040187392	@ 0x3e000000
    const uint32_t v = base | ((uint32_t)nib << DSHIFT);
    390e:	f042 6440 	orr.w	r4, r2, #201326592	@ 0xc000000
    GPIO9_DR = v | B_CLK;  spin<S>();
    3912:	f042 6b60 	orr.w	fp, r2, #234881024	@ 0xe000000
        bus_out(); const uint32_t b = cbase(); GPIO9_DR = b;
    3916:	601a      	str	r2, [r3, #0]
    GPIO9_DR = v;
    3918:	601c      	str	r4, [r3, #0]
    GPIO9_DR = v | B_CLK;  spin<S>();
    391a:	f8c3 b000 	str.w	fp, [r3]
template <int S> struct Nop { static inline void go() { __asm__ volatile("nop"); Nop<S - 1>::go(); } };
    391e:	bf00      	nop
    3920:	bf00      	nop
    3922:	bf00      	nop
    3924:	bf00      	nop
    3926:	bf00      	nop
    3928:	bf00      	nop
    GPIO9_DR = v;          spin<S>();
    392a:	601c      	str	r4, [r3, #0]
template <int S> struct Nop { static inline void go() { __asm__ volatile("nop"); Nop<S - 1>::go(); } };
    392c:	bf00      	nop
    392e:	bf00      	nop
    3930:	bf00      	nop
    3932:	bf00      	nop
    3934:	bf00      	nop
    3936:	bf00      	nop
    const uint32_t v = base | ((uint32_t)nib << DSHIFT);
    3938:	f042 5400 	orr.w	r4, r2, #536870912	@ 0x20000000
    GPIO9_DR = v | B_CLK;  spin<S>();
    393c:	f042 5b08 	orr.w	fp, r2, #570425344	@ 0x22000000
    GPIO9_DR = v;
    3940:	601c      	str	r4, [r3, #0]
    GPIO9_DR = v | B_CLK;  spin<S>();
    3942:	f8c3 b000 	str.w	fp, [r3]
template <int S> struct Nop { static inline void go() { __asm__ volatile("nop"); Nop<S - 1>::go(); } };
    3946:	bf00      	nop
    3948:	bf00      	nop
    394a:	bf00      	nop
    394c:	bf00      	nop
    394e:	bf00      	nop
    3950:	bf00      	nop
    GPIO9_DR = v;          spin<S>();
    3952:	601c      	str	r4, [r3, #0]
template <int S> struct Nop { static inline void go() { __asm__ volatile("nop"); Nop<S - 1>::go(); } };
    3954:	bf00      	nop
    3956:	bf00      	nop
    3958:	bf00      	nop
    395a:	bf00      	nop
    395c:	bf00      	nop
    395e:	bf00      	nop
    const uint32_t v = base | ((uint32_t)nib << DSHIFT);
    3960:	f009 040f 	and.w	r4, r9, #15
    3964:	ea42 6484 	orr.w	r4, r2, r4, lsl #26
    GPIO9_DR = v | B_CLK;  spin<S>();
    3968:	f044 7b00 	orr.w	fp, r4, #33554432	@ 0x2000000
    GPIO9_DR = v;
    396c:	601c      	str	r4, [r3, #0]
    GPIO9_DR = v | B_CLK;  spin<S>();
    396e:	f8c3 b000 	str.w	fp, [r3]
template <int S> struct Nop { static inline void go() { __asm__ volatile("nop"); Nop<S - 1>::go(); } };
    3972:	bf00      	nop
    3974:	bf00      	nop
    3976:	bf00      	nop
    3978:	bf00      	nop
    397a:	bf00      	nop
    397c:	bf00      	nop
    GPIO9_DR = v;          spin<S>();
    397e:	601c      	str	r4, [r3, #0]
template <int S> struct Nop { static inline void go() { __asm__ volatile("nop"); Nop<S - 1>::go(); } };
    3980:	bf00      	nop
    3982:	bf00      	nop
    3984:	bf00      	nop
    3986:	bf00      	nop
    3988:	bf00      	nop
    398a:	bf00      	nop
    const uint32_t v = base | ((uint32_t)nib << DSHIFT);
    398c:	f008 040f 	and.w	r4, r8, #15
    3990:	ea42 6484 	orr.w	r4, r2, r4, lsl #26
    GPIO9_DR = v | B_CLK;  spin<S>();
    3994:	f044 7b00 	orr.w	fp, r4, #33554432	@ 0x2000000
    GPIO9_DR = v;
    3998:	601c      	str	r4, [r3, #0]
    GPIO9_DR = v | B_CLK;  spin<S>();
    399a:	f8c3 b000 	str.w	fp, [r3]
template <int S> struct Nop { static inline void go() { __asm__ volatile("nop"); Nop<S - 1>::go(); } };
    399e:	bf00      	nop
    39a0:	bf00      	nop
    39a2:	bf00      	nop
    39a4:	bf00      	nop
    39a6:	bf00      	nop
    39a8:	bf00      	nop
    GPIO9_DR = v;          spin<S>();
    39aa:	601c      	str	r4, [r3, #0]
template <int S> struct Nop { static inline void go() { __asm__ volatile("nop"); Nop<S - 1>::go(); } };
    39ac:	bf00      	nop
    39ae:	bf00      	nop
    39b0:	bf00      	nop
    39b2:	bf00      	nop
    39b4:	bf00      	nop
    39b6:	bf00      	nop
    const uint32_t v = base | ((uint32_t)nib << DSHIFT);
    39b8:	f007 040f 	and.w	r4, r7, #15
    39bc:	ea42 6484 	orr.w	r4, r2, r4, lsl #26
    GPIO9_DR = v | B_CLK;  spin<S>();
    39c0:	f044 7b00 	orr.w	fp, r4, #33554432	@ 0x2000000
    GPIO9_DR = v;
    39c4:	601c      	str	r4, [r3, #0]
    GPIO9_DR = v | B_CLK;  spin<S>();
    39c6:	f8c3 b000 	str.w	fp, [r3]
template <int S> struct Nop { static inline void go() { __asm__ volatile("nop"); Nop<S - 1>::go(); } };
    39ca:	bf00      	nop
    39cc:	bf00      	nop
    39ce:	bf00      	nop
    39d0:	bf00      	nop
    39d2:	bf00      	nop
    39d4:	bf00      	nop
    GPIO9_DR = v;          spin<S>();
    39d6:	601c      	str	r4, [r3, #0]
template <int S> struct Nop { static inline void go() { __asm__ volatile("nop"); Nop<S - 1>::go(); } };
    39d8:	bf00      	nop
    39da:	bf00      	nop
    39dc:	bf00      	nop
    39de:	bf00      	nop
    39e0:	bf00      	nop
    39e2:	bf00      	nop
    const uint32_t v = base | ((uint32_t)nib << DSHIFT);
    39e4:	f006 040f 	and.w	r4, r6, #15
    39e8:	ea42 6484 	orr.w	r4, r2, r4, lsl #26
    GPIO9_DR = v | B_CLK;  spin<S>();
    39ec:	f044 7b00 	orr.w	fp, r4, #33554432	@ 0x2000000
    GPIO9_DR = v;
    39f0:	601c      	str	r4, [r3, #0]
    GPIO9_DR = v | B_CLK;  spin<S>();
    39f2:	f8c3 b000 	str.w	fp, [r3]
template <int S> struct Nop { static inline void go() { __asm__ volatile("nop"); Nop<S - 1>::go(); } };
    39f6:	bf00      	nop
    39f8:	bf00      	nop
    39fa:	bf00      	nop
    39fc:	bf00      	nop
    39fe:	bf00      	nop
    3a00:	bf00      	nop
    GPIO9_DR = v;          spin<S>();
    3a02:	601c      	str	r4, [r3, #0]
template <int S> struct Nop { static inline void go() { __asm__ volatile("nop"); Nop<S - 1>::go(); } };
    3a04:	bf00      	nop
    3a06:	bf00      	nop
    3a08:	bf00      	nop
    3a0a:	bf00      	nop
    3a0c:	bf00      	nop
    3a0e:	bf00      	nop
    const uint32_t v = base | ((uint32_t)nib << DSHIFT);
    3a10:	9c01      	ldr	r4, [sp, #4]
    3a12:	f004 040f 	and.w	r4, r4, #15
    3a16:	ea42 6484 	orr.w	r4, r2, r4, lsl #26
    GPIO9_DR = v | B_CLK;  spin<S>();
    3a1a:	f044 7b00 	orr.w	fp, r4, #33554432	@ 0x2000000
    GPIO9_DR = v;
    3a1e:	601c      	str	r4, [r3, #0]
    GPIO9_DR = v | B_CLK;  spin<S>();
    3a20:	f8c3 b000 	str.w	fp, [r3]
template <int S> struct Nop { static inline void go() { __asm__ volatile("nop"); Nop<S - 1>::go(); } };
    3a24:	bf00      	nop
    3a26:	bf00      	nop
    3a28:	bf00      	nop
    3a2a:	bf00      	nop
    3a2c:	bf00      	nop
    3a2e:	bf00      	nop
    GPIO9_DR = v;          spin<S>();
    3a30:	601c      	str	r4, [r3, #0]
template <int S> struct Nop { static inline void go() { __asm__ volatile("nop"); Nop<S - 1>::go(); } };
    3a32:	bf00      	nop
    3a34:	bf00      	nop
    3a36:	bf00      	nop
    3a38:	bf00      	nop
    3a3a:	bf00      	nop
    3a3c:	bf00      	nop
    const uint32_t v = base | ((uint32_t)nib << DSHIFT);
    3a3e:	9c00      	ldr	r4, [sp, #0]
    3a40:	ea42 6484 	orr.w	r4, r2, r4, lsl #26
    GPIO9_DR = v | B_CLK;  spin<S>();
    3a44:	f044 7b00 	orr.w	fp, r4, #33554432	@ 0x2000000
    GPIO9_DR = v;
    3a48:	601c      	str	r4, [r3, #0]
    GPIO9_DR = v | B_CLK;  spin<S>();
    3a4a:	f8c3 b000 	str.w	fp, [r3]
template <int S> struct Nop { static inline void go() { __asm__ volatile("nop"); Nop<S - 1>::go(); } };
    3a4e:	bf00      	nop
    3a50:	bf00      	nop
    3a52:	bf00      	nop
    3a54:	bf00      	nop
    3a56:	bf00      	nop
    3a58:	bf00      	nop
    GPIO9_DR = v;          spin<S>();
    3a5a:	601c      	str	r4, [r3, #0]
template <int S> struct Nop { static inline void go() { __asm__ volatile("nop"); Nop<S - 1>::go(); } };
    3a5c:	bf00      	nop
    3a5e:	bf00      	nop
    3a60:	bf00      	nop
    3a62:	bf00      	nop
    3a64:	bf00      	nop
    3a66:	bf00      	nop
        for (uint32_t i = 0; i < n; i++) { put_nib<S>(b, s[i] >> 4); put_nib<S>(b, s[i] & 0xF); }
    3a68:	f1bc 0f00 	cmp.w	ip, #0
    3a6c:	d045      	beq.n	3afa <void bwrite<6>(unsigned long, unsigned char const*, unsigned long)+0x242>
    3a6e:	eb0c 0501 	add.w	r5, ip, r1
    3a72:	3901      	subs	r1, #1
    3a74:	1e6e      	subs	r6, r5, #1
    3a76:	f811 4f01 	ldrb.w	r4, [r1, #1]!
    const uint32_t v = base | ((uint32_t)nib << DSHIFT);
    3a7a:	0924      	lsrs	r4, r4, #4
    3a7c:	ea42 6484 	orr.w	r4, r2, r4, lsl #26
    GPIO9_DR = v | B_CLK;  spin<S>();
    3a80:	f044 7700 	orr.w	r7, r4, #33554432	@ 0x2000000
    GPIO9_DR = v;
    3a84:	601c      	str	r4, [r3, #0]
    GPIO9_DR = v | B_CLK;  spin<S>();
    3a86:	601f      	str	r7, [r3, #0]
template <int S> struct Nop { static inline void go() { __asm__ volatile("nop"); Nop<S - 1>::go(); } };
    3a88:	bf00      	nop
    3a8a:	bf00      	nop
    3a8c:	bf00      	nop
    3a8e:	bf00      	nop
    3a90:	bf00      	nop
    3a92:	bf00      	nop
    GPIO9_DR = v;          spin<S>();
    3a94:	601c      	str	r4, [r3, #0]
template <int S> struct Nop { static inline void go() { __asm__ volatile("nop"); Nop<S - 1>::go(); } };
    3a96:	bf00      	nop
    3a98:	bf00      	nop
    3a9a:	bf00      	nop
    3a9c:	bf00      	nop
    3a9e:	bf00      	nop
    3aa0:	bf00      	nop
        for (uint32_t i = 0; i < n; i++) { put_nib<S>(b, s[i] >> 4); put_nib<S>(b, s[i] & 0xF); }
    3aa2:	780c      	ldrb	r4, [r1, #0]
    const uint32_t v = base | ((uint32_t)nib << DSHIFT);
    3aa4:	f004 040f 	and.w	r4, r4, #15
    3aa8:	ea42 6484 	orr.w	r4, r2, r4, lsl #26
    GPIO9_DR = v | B_CLK;  spin<S>();
    3aac:	f044 7700 	orr.w	r7, r4, #33554432	@ 0x2000000
    GPIO9_DR = v;
    3ab0:	601c      	str	r4, [r3, #0]
    GPIO9_DR = v | B_CLK;  spin<S>();
    3ab2:	601f      	str	r7, [r3, #0]
template <int S> struct Nop { static inline void go() { __asm__ volatile("nop"); Nop<S - 1>::go(); } };
    3ab4:	bf00      	nop
    3ab6:	bf00      	nop
    3ab8:	bf00      	nop
    3aba:	bf00      	nop
    3abc:	bf00      	nop
    3abe:	bf00      	nop
    GPIO9_DR = v;          spin<S>();
    3ac0:	601c      	str	r4, [r3, #0]
template <int S> struct Nop { static inline void go() { __asm__ volatile("nop"); Nop<S - 1>::go(); } };
    3ac2:	bf00      	nop
    3ac4:	bf00      	nop
    3ac6:	bf00      	nop
    3ac8:	bf00      	nop
    3aca:	bf00      	nop
    3acc:	bf00      	nop
        for (uint32_t i = 0; i < n; i++) { put_nib<S>(b, s[i] >> 4); put_nib<S>(b, s[i] & 0xF); }
    3ace:	42b1      	cmp	r1, r6
    3ad0:	d1d1      	bne.n	3a76 <void bwrite<6>(unsigned long, unsigned char const*, unsigned long)+0x1be>
        GPIO9_DR = idle;
    3ad2:	4a0e      	ldr	r2, [pc, #56]	@ (3b0c <void bwrite<6>(unsigned long, unsigned char const*, unsigned long)+0x254>)
    while (len) {
    3ad4:	ebbe 0e0c 	subs.w	lr, lr, ip
        GPIO9_DR = idle;
    3ad8:	6812      	ldr	r2, [r2, #0]
    3ada:	601a      	str	r2, [r3, #0]
    while (len) {
    3adc:	d011      	beq.n	3b02 <void bwrite<6>(unsigned long, unsigned char const*, unsigned long)+0x24a>
        a += n; s += n; len -= n;
    3ade:	4460      	add	r0, ip
    3ae0:	4629      	mov	r1, r5
    3ae2:	0904      	lsrs	r4, r0, #4
    3ae4:	ea4f 5910 	mov.w	r9, r0, lsr #20
    3ae8:	9401      	str	r4, [sp, #4]
    3aea:	f000 040f 	and.w	r4, r0, #15
    3aee:	ea4f 4810 	mov.w	r8, r0, lsr #16
    3af2:	0b07      	lsrs	r7, r0, #12
    3af4:	9400      	str	r4, [sp, #0]
    3af6:	0a06      	lsrs	r6, r0, #8
    3af8:	e6f5      	b.n	38e6 <void bwrite<6>(unsigned long, unsigned char const*, unsigned long)+0x2e>
        GPIO9_DR = idle;
    3afa:	4a04      	ldr	r2, [pc, #16]	@ (3b0c <void bwrite<6>(unsigned long, unsigned char const*, unsigned long)+0x254>)
    3afc:	6812      	ldr	r2, [r2, #0]
    3afe:	601a      	str	r2, [r3, #0]
    while (len) {
    3b00:	e6f1      	b.n	38e6 <void bwrite<6>(unsigned long, unsigned char const*, unsigned long)+0x2e>
}
    3b02:	b003      	add	sp, #12
    3b04:	e8bd 8ff0 	ldmia.w	sp!, {r4, r5, r6, r7, r8, r9, sl, fp, pc}
    3b08:	4770      	bx	lr
    3b0a:	bf00      	nop
    3b0c:	20006e10 	.word	0x20006e10
    3b10:	4200c000 	.word	0x4200c000
    3b14:	20001d20 	.word	0x20001d20
    3b18:	20001d24 	.word	0x20001d24

00003b1c <void bread<6>(unsigned long, unsigned char*, unsigned long)>:
    while (len) {
    3b1c:	2a00      	cmp	r2, #0
    3b1e:	f000 8147 	beq.w	3db0 <void bread<6>(unsigned long, unsigned char*, unsigned long)+0x294>
    return (idle | B_SS0 | B_SS1 | B_DEC) & ~g_csbit & ~B_CLK & ~B_DATA;
    3b22:	4b9e      	ldr	r3, [pc, #632]	@ (3d9c <void bread<6>(unsigned long, unsigned char*, unsigned long)+0x280>)
    3b24:	468c      	mov	ip, r1
template <int S> static void bread(uint32_t a, uint8_t *d, uint32_t len)
    3b26:	e92d 4ff0 	stmdb	sp!, {r4, r5, r6, r7, r8, r9, sl, fp, lr}
    3b2a:	4614      	mov	r4, r2
    3b2c:	b083      	sub	sp, #12
    return (idle | B_SS0 | B_SS1 | B_DEC) & ~g_csbit & ~B_CLK & ~B_DATA;
    3b2e:	681a      	ldr	r2, [r3, #0]
    3b30:	f000 030f 	and.w	r3, r0, #15
    3b34:	f8df a270 	ldr.w	sl, [pc, #624]	@ 3da8 <void bread<6>(unsigned long, unsigned char*, unsigned long)+0x28c>
    3b38:	ea4f 5910 	mov.w	r9, r0, lsr #20
    3b3c:	9301      	str	r3, [sp, #4]
    3b3e:	ea4f 4810 	mov.w	r8, r0, lsr #16
    3b42:	0b07      	lsrs	r7, r0, #12
static inline void bus_out(void) { GPIO9_GDIR |= (B_DATA | B_CLK | B_SS0 | B_SS1); }
    3b44:	4b96      	ldr	r3, [pc, #600]	@ (3da0 <void bread<6>(unsigned long, unsigned char*, unsigned long)+0x284>)
    3b46:	0a06      	lsrs	r6, r0, #8
    3b48:	0905      	lsrs	r5, r0, #4
    3b4a:	6859      	ldr	r1, [r3, #4]
    return (idle | B_SS0 | B_SS1 | B_DEC) & ~g_csbit & ~B_CLK & ~B_DATA;
    3b4c:	f8df b25c 	ldr.w	fp, [pc, #604]	@ 3dac <void bread<6>(unsigned long, unsigned char*, unsigned long)+0x290>
static inline void bus_out(void) { GPIO9_GDIR |= (B_DATA | B_CLK | B_SS0 | B_SS1); }
    3b50:	f041 517d 	orr.w	r1, r1, #1061158912	@ 0x3f400000
    return (idle | B_SS0 | B_SS1 | B_DEC) & ~g_csbit & ~B_CLK & ~B_DATA;
    3b54:	ea42 0b0b 	orr.w	fp, r2, fp
        const uint32_t n = (len > g_burst) ? g_burst : len;
    3b58:	4a92      	ldr	r2, [pc, #584]	@ (3da4 <void bread<6>(unsigned long, unsigned char*, unsigned long)+0x288>)
    3b5a:	f8d2 e000 	ldr.w	lr, [r2]
static inline void bus_out(void) { GPIO9_GDIR |= (B_DATA | B_CLK | B_SS0 | B_SS1); }
    3b5e:	6059      	str	r1, [r3, #4]
    return (idle | B_SS0 | B_SS1 | B_DEC) & ~g_csbit & ~B_CLK & ~B_DATA;
    3b60:	f8da 1000 	ldr.w	r1, [sl]
        const uint32_t n = (len > g_burst) ? g_burst : len;
    3b64:	45a6      	cmp	lr, r4
    return (idle | B_SS0 | B_SS1 | B_DEC) & ~g_csbit & ~B_CLK & ~B_DATA;
    3b66:	ea2b 0201 	bic.w	r2, fp, r1
        const uint32_t n = (len > g_burst) ? g_burst : len;
    3b6a:	bf28      	it	cs
    3b6c:	46a6      	movcs	lr, r4
    return (idle | B_SS0 | B_SS1 | B_DEC) & ~g_csbit & ~B_CLK & ~B_DATA;
    3b6e:	f022 5278 	bic.w	r2, r2, #1040187392	@ 0x3e000000
    const uint32_t v = base | ((uint32_t)nib << DSHIFT);
    3b72:	f042 5160 	orr.w	r1, r2, #939524096	@ 0x38000000
    GPIO9_DR = v | B_CLK;  spin<S>();
    3b76:	f042 5b68 	orr.w	fp, r2, #973078528	@ 0x3a000000
        bus_out(); const uint32_t b = cbase(); GPIO9_DR = b;
    3b7a:	601a      	str	r2, [r3, #0]
    GPIO9_DR = v;
    3b7c:	6019      	str	r1, [r3, #0]
    GPIO9_DR = v | B_CLK;  spin<S>();
    3b7e:	f8c3 b000 	str.w	fp, [r3]
template <int S> struct Nop { static inline void go() { __asm__ volatile("nop"); Nop<S - 1>::go(); } };
    3b82:	bf00      	nop
    3b84:	bf00      	nop
    3b86:	bf00      	nop
    3b88:	bf00      	nop
    3b8a:	bf00      	nop
    3b8c:	bf00      	nop
    GPIO9_DR = v;          spin<S>();
    3b8e:	6019      	str	r1, [r3, #0]
template <int S> struct Nop { static inline void go() { __asm__ volatile("nop"); Nop<S - 1>::go(); } };
    3b90:	bf00      	nop
    3b92:	bf00      	nop
    3b94:	bf00      	nop
    3b96:	bf00      	nop
    3b98:	bf00      	nop
    3b9a:	bf00      	nop
    const uint32_t v = base | ((uint32_t)nib << DSHIFT);
    3b9c:	f042 5130 	orr.w	r1, r2, #738197504	@ 0x2c000000
    GPIO9_DR = v | B_CLK;  spin<S>();
    3ba0:	f042 5b38 	orr.w	fp, r2, #771751936	@ 0x2e000000
    GPIO9_DR = v;
    3ba4:	6019      	str	r1, [r3, #0]
    GPIO9_DR = v | B_CLK;  spin<S>();
    3ba6:	f8c3 b000 	str.w	fp, [r3]
template <int S> struct Nop { static inline void go() { __asm__ volatile("nop"); Nop<S - 1>::go(); } };
    3baa:	bf00      	nop
    3bac:	bf00      	nop
    3bae:	bf00      	nop
    3bb0:	bf00      	nop
    3bb2:	bf00      	nop
    3bb4:	bf00      	nop
    GPIO9_DR = v;          spin<S>();
    3bb6:	6019      	str	r1, [r3, #0]
template <int S> struct Nop { static inline void go() { __asm__ volatile("nop"); Nop<S - 1>::go(); } };
    3bb8:	bf00      	nop
    3bba:	bf00      	nop
    3bbc:	bf00      	nop
    3bbe:	bf00      	nop
    3bc0:	bf00      	nop
    3bc2:	bf00      	nop
    const uint32_t v = base | ((uint32_t)nib << DSHIFT);
    3bc4:	f009 010f 	and.w	r1, r9, #15
    3bc8:	ea42 6181 	orr.w	r1, r2, r1, lsl #26
    GPIO9_DR = v | B_CLK;  spin<S>();
    3bcc:	f041 7b00 	orr.w	fp, r1, #33554432	@ 0x2000000
    GPIO9_DR = v;
    3bd0:	6019      	str	r1, [r3, #0]
    GPIO9_DR = v | B_CLK;  spin<S>();
    3bd2:	f8c3 b000 	str.w	fp, [r3]
template <int S> struct Nop { static inline void go() { __asm__ volatile("nop"); Nop<S - 1>::go(); } };
    3bd6:	bf00      	nop
    3bd8:	bf00      	nop
    3bda:	bf00      	nop
    3bdc:	bf00      	nop
    3bde:	bf00      	nop
    3be0:	bf00      	nop
    GPIO9_DR = v;          spin<S>();
    3be2:	6019      	str	r1, [r3, #0]
template <int S> struct Nop { static inline void go() { __asm__ volatile("nop"); Nop<S - 1>::go(); } };
    3be4:	bf00      	nop
    3be6:	bf00      	nop
    3be8:	bf00      	nop
    3bea:	bf00      	nop
    3bec:	bf00      	nop
    3bee:	bf00      	nop
    const uint32_t v = base | ((uint32_t)nib << DSHIFT);
    3bf0:	f008 010f 	and.w	r1, r8, #15
    3bf4:	ea42 6181 	orr.w	r1, r2, r1, lsl #26
    GPIO9_DR = v | B_CLK;  spin<S>();
    3bf8:	f041 7b00 	orr.w	fp, r1, #33554432	@ 0x2000000
    GPIO9_DR = v;
    3bfc:	6019      	str	r1, [r3, #0]
    GPIO9_DR = v | B_CLK;  spin<S>();
    3bfe:	f8c3 b000 	str.w	fp, [r3]
template <int S> struct Nop { static inline void go() { __asm__ volatile("nop"); Nop<S - 1>::go(); } };
    3c02:	bf00      	nop
    3c04:	bf00      	nop
    3c06:	bf00      	nop
    3c08:	bf00      	nop
    3c0a:	bf00      	nop
    3c0c:	bf00      	nop
    GPIO9_DR = v;          spin<S>();
    3c0e:	6019      	str	r1, [r3, #0]
template <int S> struct Nop { static inline void go() { __asm__ volatile("nop"); Nop<S - 1>::go(); } };
    3c10:	bf00      	nop
    3c12:	bf00      	nop
    3c14:	bf00      	nop
    3c16:	bf00      	nop
    3c18:	bf00      	nop
    3c1a:	bf00      	nop
    const uint32_t v = base | ((uint32_t)nib << DSHIFT);
    3c1c:	f007 010f 	and.w	r1, r7, #15
    3c20:	ea42 6181 	orr.w	r1, r2, r1, lsl #26
    GPIO9_DR = v | B_CLK;  spin<S>();
    3c24:	f041 7b00 	orr.w	fp, r1, #33554432	@ 0x2000000
    GPIO9_DR = v;
    3c28:	6019      	str	r1, [r3, #0]
    GPIO9_DR = v | B_CLK;  spin<S>();
    3c2a:	f8c3 b000 	str.w	fp, [r3]
template <int S> struct Nop { static inline void go() { __asm__ volatile("nop"); Nop<S - 1>::go(); } };
    3c2e:	bf00      	nop
    3c30:	bf00      	nop
    3c32:	bf00      	nop
    3c34:	bf00      	nop
    3c36:	bf00      	nop
    3c38:	bf00      	nop
    GPIO9_DR = v;          spin<S>();
    3c3a:	6019      	str	r1, [r3, #0]
template <int S> struct Nop { static inline void go() { __asm__ volatile("nop"); Nop<S - 1>::go(); } };
    3c3c:	bf00      	nop
    3c3e:	bf00      	nop
    3c40:	bf00      	nop
    3c42:	bf00      	nop
    3c44:	bf00      	nop
    3c46:	bf00      	nop
    const uint32_t v = base | ((uint32_t)nib << DSHIFT);
    3c48:	f006 010f 	and.w	r1, r6, #15
    3c4c:	ea42 6181 	orr.w	r1, r2, r1, lsl #26
    GPIO9_DR = v | B_CLK;  spin<S>();
    3c50:	f041 7b00 	orr.w	fp, r1, #33554432	@ 0x2000000
    GPIO9_DR = v;
    3c54:	6019      	str	r1, [r3, #0]
    GPIO9_DR = v | B_CLK;  spin<S>();
    3c56:	f8c3 b000 	str.w	fp, [r3]
template <int S> struct Nop { static inline void go() { __asm__ volatile("nop"); Nop<S - 1>::go(); } };
    3c5a:	bf00      	nop
    3c5c:	bf00      	nop
    3c5e:	bf00      	nop
    3c60:	bf00      	nop
    3c62:	bf00      	nop
    3c64:	bf00      	nop
    GPIO9_DR = v;          spin<S>();
    3c66:	6019      	str	r1, [r3, #0]
template <int S> struct Nop { static inline void go() { __asm__ volatile("nop"); Nop<S - 1>::go(); } };
    3c68:	bf00      	nop
    3c6a:	bf00      	nop
    3c6c:	bf00      	nop
    3c6e:	bf00      	nop
    3c70:	bf00      	nop
    3c72:	bf00      	nop
    const uint32_t v = base | ((uint32_t)nib << DSHIFT);
    3c74:	f005 010f 	and.w	r1, r5, #15
    3c78:	ea42 6181 	orr.w	r1, r2, r1, lsl #26
    GPIO9_DR = v | B_CLK;  spin<S>();
    3c7c:	f041 7b00 	orr.w	fp, r1, #33554432	@ 0x2000000
    GPIO9_DR = v;
    3c80:	6019      	str	r1, [r3, #0]
    GPIO9_DR = v | B_CLK;  spin<S>();
    3c82:	f8c3 b000 	str.w	fp, [r3]
template <int S> struct Nop { static inline void go() { __asm__ volatile("nop"); Nop<S - 1>::go(); } };
    3c86:	bf00      	nop
    3c88:	bf00      	nop
    3c8a:	bf00      	nop
    3c8c:	bf00      	nop
    3c8e:	bf00      	nop
    3c90:	bf00      	nop
    GPIO9_DR = v;          spin<S>();
    3c92:	6019      	str	r1, [r3, #0]
template <int S> struct Nop { static inline void go() { __asm__ volatile("nop"); Nop<S - 1>::go(); } };
    3c94:	bf00      	nop
    3c96:	bf00      	nop
    3c98:	bf00      	nop
    3c9a:	bf00      	nop
    3c9c:	bf00      	nop
    3c9e:	bf00      	nop
    const uint32_t v = base | ((uint32_t)nib << DSHIFT);
    3ca0:	9901      	ldr	r1, [sp, #4]
    3ca2:	ea42 6181 	orr.w	r1, r2, r1, lsl #26
    GPIO9_DR = v | B_CLK;  spin<S>();
    3ca6:	f041 7b00 	orr.w	fp, r1, #33554432	@ 0x2000000
    GPIO9_DR = v;
    3caa:	6019      	str	r1, [r3, #0]
    GPIO9_DR = v | B_CLK;  spin<S>();
    3cac:	f8c3 b000 	str.w	fp, [r3]
template <int S> struct Nop { static inline void go() { __asm__ volatile("nop"); Nop<S - 1>::go(); } };
    3cb0:	bf00      	nop
    3cb2:	bf00      	nop
    3cb4:	bf00      	nop
    3cb6:	bf00      	nop
    3cb8:	bf00      	nop
    3cba:	bf00      	nop
    GPIO9_DR = v;          spin<S>();
    3cbc:	6019      	str	r1, [r3, #0]
template <int S> struct Nop { static inline void go() { __asm__ volatile("nop"); Nop<S - 1>::go(); } };
    3cbe:	bf00      	nop
    3cc0:	bf00      	nop
    3cc2:	bf00      	nop
    3cc4:	bf00      	nop
    3cc6:	bf00      	nop
    3cc8:	bf00      	nop
static inline void data_in(void) { GPIO9_GDIR &= ~B_DATA; }
    3cca:	6859      	ldr	r1, [r3, #4]
        for (int k = 0; k < 6; k++) { GPIO9_DR = b | B_CLK; spin<S>(); GPIO9_DR = b; spin<S>(); }
    3ccc:	f04f 0b06 	mov.w	fp, #6
static inline void data_in(void) { GPIO9_GDIR &= ~B_DATA; }
    3cd0:	f021 5170 	bic.w	r1, r1, #1006632960	@ 0x3c000000
    3cd4:	6059      	str	r1, [r3, #4]
        for (int k = 0; k < 6; k++) { GPIO9_DR = b | B_CLK; spin<S>(); GPIO9_DR = b; spin<S>(); }
    3cd6:	f042 7100 	orr.w	r1, r2, #33554432	@ 0x2000000
    3cda:	6019      	str	r1, [r3, #0]
template <int S> struct Nop { static inline void go() { __asm__ volatile("nop"); Nop<S - 1>::go(); } };
    3cdc:	bf00      	nop
    3cde:	bf00      	nop
    3ce0:	bf00      	nop
    3ce2:	bf00      	nop
    3ce4:	bf00      	nop
    3ce6:	bf00      	nop
        for (int k = 0; k < 6; k++) { GPIO9_DR = b | B_CLK; spin<S>(); GPIO9_DR = b; spin<S>(); }
    3ce8:	601a      	str	r2, [r3, #0]
template <int S> struct Nop { static inline void go() { __asm__ volatile("nop"); Nop<S - 1>::go(); } };
    3cea:	bf00      	nop
    3cec:	bf00      	nop
    3cee:	bf00      	nop
    3cf0:	bf00      	nop
    3cf2:	bf00      	nop
    3cf4:	bf00      	nop
        for (int k = 0; k < 6; k++) { GPIO9_DR = b | B_CLK; spin<S>(); GPIO9_DR = b; spin<S>(); }
    3cf6:	f1bb 0b01 	subs.w	fp, fp, #1
    3cfa:	d1ee      	bne.n	3cda <void bread<6>(unsigned long, unsigned char*, unsigned long)+0x1be>
        for (uint32_t i = 0; i < n; i++) {
    3cfc:	f1be 0f00 	cmp.w	lr, #0
    3d00:	d041      	beq.n	3d86 <void bread<6>(unsigned long, unsigned char*, unsigned long)+0x26a>
    3d02:	f10c 37ff 	add.w	r7, ip, #4294967295
    3d06:	44f4      	add	ip, lr
    3d08:	f10c 38ff 	add.w	r8, ip, #4294967295
    GPIO9_DR = base | B_CLK;  spin<S>();
    3d0c:	6019      	str	r1, [r3, #0]
template <int S> struct Nop { static inline void go() { __asm__ volatile("nop"); Nop<S - 1>::go(); } };
    3d0e:	bf00      	nop
    3d10:	bf00      	nop
    3d12:	bf00      	nop
    3d14:	bf00      	nop
    3d16:	bf00      	nop
    3d18:	bf00      	nop
    const uint8_t n = (uint8_t)((GPIO9_PSR >> DSHIFT) & 0xF);
    3d1a:	689e      	ldr	r6, [r3, #8]
    GPIO9_DR = base;          spin<S>();
    3d1c:	601a      	str	r2, [r3, #0]
template <int S> struct Nop { static inline void go() { __asm__ volatile("nop"); Nop<S - 1>::go(); } };
    3d1e:	bf00      	nop
    3d20:	bf00      	nop
    3d22:	bf00      	nop
    3d24:	bf00      	nop
    3d26:	bf00      	nop
    3d28:	bf00      	nop
    GPIO9_DR = base | B_CLK;  spin<S>();
    3d2a:	6019      	str	r1, [r3, #0]
template <int S> struct Nop { static inline void go() { __asm__ volatile("nop"); Nop<S - 1>::go(); } };
    3d2c:	bf00      	nop
    3d2e:	bf00      	nop
    3d30:	bf00      	nop
    3d32:	bf00      	nop
    3d34:	bf00      	nop
    3d36:	bf00      	nop
    const uint8_t n = (uint8_t)((GPIO9_PSR >> DSHIFT) & 0xF);
    3d38:	689d      	ldr	r5, [r3, #8]
    GPIO9_DR = base;          spin<S>();
    3d3a:	601a      	str	r2, [r3, #0]
template <int S> struct Nop { static inline void go() { __asm__ volatile("nop"); Nop<S - 1>::go(); } };
    3d3c:	bf00      	nop
    3d3e:	bf00      	nop
    3d40:	bf00      	nop
    3d42:	bf00      	nop
    3d44:	bf00      	nop
    3d46:	bf00      	nop
    const uint8_t n = (uint8_t)((GPIO9_PSR >> DSHIFT) & 0xF);
    3d48:	0eb6      	lsrs	r6, r6, #26
    3d4a:	f3c5 6583 	ubfx	r5, r5, #26, #4
            d[i] = (uint8_t)((hi << 4) | get_nib<S>(b));
    3d4e:	ea45 1506 	orr.w	r5, r5, r6, lsl #4
    3d52:	f807 5f01 	strb.w	r5, [r7, #1]!
        for (uint32_t i = 0; i < n; i++) {
    3d56:	4547      	cmp	r7, r8
    3d58:	d1d8      	bne.n	3d0c <void bread<6>(unsigned long, unsigned char*, unsigned long)+0x1f0>
        GPIO9_DR = idle; bus_out();
    3d5a:	4a10      	ldr	r2, [pc, #64]	@ (3d9c <void bread<6>(unsigned long, unsigned char*, unsigned long)+0x280>)
    while (len) {
    3d5c:	ebb4 040e 	subs.w	r4, r4, lr
        GPIO9_DR = idle; bus_out();
    3d60:	6812      	ldr	r2, [r2, #0]
    3d62:	601a      	str	r2, [r3, #0]
static inline void bus_out(void) { GPIO9_GDIR |= (B_DATA | B_CLK | B_SS0 | B_SS1); }
    3d64:	6859      	ldr	r1, [r3, #4]
    3d66:	f041 517d 	orr.w	r1, r1, #1061158912	@ 0x3f400000
    3d6a:	6059      	str	r1, [r3, #4]
    while (len) {
    3d6c:	d013      	beq.n	3d96 <void bread<6>(unsigned long, unsigned char*, unsigned long)+0x27a>
        a += n; d += n; len -= n;
    3d6e:	4470      	add	r0, lr
    3d70:	f000 010f 	and.w	r1, r0, #15
    3d74:	ea4f 5910 	mov.w	r9, r0, lsr #20
    3d78:	ea4f 4810 	mov.w	r8, r0, lsr #16
    3d7c:	0b07      	lsrs	r7, r0, #12
    3d7e:	9101      	str	r1, [sp, #4]
    3d80:	0a06      	lsrs	r6, r0, #8
    3d82:	0905      	lsrs	r5, r0, #4
    3d84:	e6e1      	b.n	3b4a <void bread<6>(unsigned long, unsigned char*, unsigned long)+0x2e>
        GPIO9_DR = idle; bus_out();
    3d86:	4a05      	ldr	r2, [pc, #20]	@ (3d9c <void bread<6>(unsigned long, unsigned char*, unsigned long)+0x280>)
    3d88:	6812      	ldr	r2, [r2, #0]
    3d8a:	601a      	str	r2, [r3, #0]
static inline void bus_out(void) { GPIO9_GDIR |= (B_DATA | B_CLK | B_SS0 | B_SS1); }
    3d8c:	6859      	ldr	r1, [r3, #4]
    3d8e:	f041 517d 	orr.w	r1, r1, #1061158912	@ 0x3f400000
    3d92:	6059      	str	r1, [r3, #4]
    while (len) {
    3d94:	e6d9      	b.n	3b4a <void bread<6>(unsigned long, unsigned char*, unsigned long)+0x2e>
}
    3d96:	b003      	add	sp, #12
    3d98:	e8bd 8ff0 	ldmia.w	sp!, {r4, r5, r6, r7, r8, r9, sl, fp, pc}
    3d9c:	20006e10 	.word	0x20006e10
    3da0:	4200c000 	.word	0x4200c000
    3da4:	20001d20 	.word	0x20001d20
    3da8:	20001d24 	.word	0x20001d24
    3dac:	01400100 	.word	0x01400100
    3db0:	4770      	bx	lr
    3db2:	bf00      	nop

00003db4 <void bread<10>(unsigned long, unsigned char*, unsigned long)>:
    while (len) {
    3db4:	2a00      	cmp	r2, #0
    3db6:	f000 81a0 	beq.w	40fa <void bread<10>(unsigned long, unsigned char*, unsigned long)+0x346>
    return (idle | B_SS0 | B_SS1 | B_DEC) & ~g_csbit & ~B_CLK & ~B_DATA;
    3dba:	4b8e      	ldr	r3, [pc, #568]	@ (3ff4 <void bread<10>(unsigned long, unsigned char*, unsigned long)+0x240>)
    3dbc:	468c      	mov	ip, r1
template <int S> static void bread(uint32_t a, uint8_t *d, uint32_t len)
    3dbe:	e92d 4ff0 	stmdb	sp!, {r4, r5, r6, r7, r8, r9, sl, fp, lr}
    3dc2:	4614      	mov	r4, r2
    3dc4:	b083      	sub	sp, #12
    return (idle | B_SS0 | B_SS1 | B_DEC) & ~g_csbit & ~B_CLK & ~B_DATA;
    3dc6:	681a      	ldr	r2, [r3, #0]
    3dc8:	f000 030f 	and.w	r3, r0, #15
    3dcc:	f8df a230 	ldr.w	sl, [pc, #560]	@ 4000 <void bread<10>(unsigned long, unsigned char*, unsigned long)+0x24c>
    3dd0:	ea4f 5910 	mov.w	r9, r0, lsr #20
    3dd4:	9301      	str	r3, [sp, #4]
    3dd6:	ea4f 4810 	mov.w	r8, r0, lsr #16
    3dda:	0b07      	lsrs	r7, r0, #12
static inline void bus_out(void) { GPIO9_GDIR |= (B_DATA | B_CLK | B_SS0 | B_SS1); }
    3ddc:	4b86      	ldr	r3, [pc, #536]	@ (3ff8 <void bread<10>(unsigned long, unsigned char*, unsigned long)+0x244>)
    3dde:	0a06      	lsrs	r6, r0, #8
    3de0:	0905      	lsrs	r5, r0, #4
    3de2:	6859      	ldr	r1, [r3, #4]
    return (idle | B_SS0 | B_SS1 | B_DEC) & ~g_csbit & ~B_CLK & ~B_DATA;
    3de4:	f8df b21c 	ldr.w	fp, [pc, #540]	@ 4004 <void bread<10>(unsigned long, unsigned char*, unsigned long)+0x250>
static inline void bus_out(void) { GPIO9_GDIR |= (B_DATA | B_CLK | B_SS0 | B_SS1); }
    3de8:	f041 517d 	orr.w	r1, r1, #1061158912	@ 0x3f400000
    return (idle | B_SS0 | B_SS1 | B_DEC) & ~g_csbit & ~B_CLK & ~B_DATA;
    3dec:	ea42 0b0b 	orr.w	fp, r2, fp
        const uint32_t n = (len > g_burst) ? g_burst : len;
    3df0:	4a82      	ldr	r2, [pc, #520]	@ (3ffc <void bread<10>(unsigned long, unsigned char*, unsigned long)+0x248>)
    3df2:	f8d2 e000 	ldr.w	lr, [r2]
static inline void bus_out(void) { GPIO9_GDIR |= (B_DATA | B_CLK | B_SS0 | B_SS1); }
    3df6:	6059      	str	r1, [r3, #4]
    return (idle | B_SS0 | B_SS1 | B_DEC) & ~g_csbit & ~B_CLK & ~B_DATA;
    3df8:	f8da 1000 	ldr.w	r1, [sl]
        const uint32_t n = (len > g_burst) ? g_burst : len;
    3dfc:	45a6      	cmp	lr, r4
    return (idle | B_SS0 | B_SS1 | B_DEC) & ~g_csbit & ~B_CLK & ~B_DATA;
    3dfe:	ea2b 0201 	bic.w	r2, fp, r1
        const uint32_t n = (len > g_burst) ? g_burst : len;
    3e02:	bf28      	it	cs
    3e04:	46a6      	movcs	lr, r4
    return (idle | B_SS0 | B_SS1 | B_DEC) & ~g_csbit & ~B_CLK & ~B_DATA;
    3e06:	f022 5278 	bic.w	r2, r2, #1040187392	@ 0x3e000000
    const uint32_t v = base | ((uint32_t)nib << DSHIFT);
    3e0a:	f042 5160 	orr.w	r1, r2, #939524096	@ 0x38000000
    GPIO9_DR = v | B_CLK;  spin<S>();
    3e0e:	f042 5b68 	orr.w	fp, r2, #973078528	@ 0x3a000000
        bus_out(); const uint32_t b = cbase(); GPIO9_DR = b;
    3e12:	601a      	str	r2, [r3, #0]
    GPIO9_DR = v;
    3e14:	6019      	str	r1, [r3, #0]
    GPIO9_DR = v | B_CLK;  spin<S>();
    3e16:	f8c3 b000 	str.w	fp, [r3]
template <int S> struct Nop { static inline void go() { __asm__ volatile("nop"); Nop<S - 1>::go(); } };
    3e1a:	bf00      	nop
    3e1c:	bf00      	nop
    3e1e:	bf00      	nop
    3e20:	bf00      	nop
    3e22:	bf00      	nop
    3e24:	bf00      	nop
    3e26:	bf00      	nop
    3e28:	bf00      	nop
    3e2a:	bf00      	nop
    3e2c:	bf00      	nop
    GPIO9_DR = v;          spin<S>();
    3e2e:	6019      	str	r1, [r3, #0]
template <int S> struct Nop { static inline void go() { __asm__ volatile("nop"); Nop<S - 1>::go(); } };
    3e30:	bf00      	nop
    3e32:	bf00      	nop
    3e34:	bf00      	nop
    3e36:	bf00      	nop
    3e38:	bf00      	nop
    3e3a:	bf00      	nop
    3e3c:	bf00      	nop
    3e3e:	bf00      	nop
    3e40:	bf00      	nop
    3e42:	bf00      	nop
    const uint32_t v = base | ((uint32_t)nib << DSHIFT);
    3e44:	f042 5130 	orr.w	r1, r2, #738197504	@ 0x2c000000
    GPIO9_DR = v | B_CLK;  spin<S>();
    3e48:	f042 5b38 	orr.w	fp, r2, #771751936	@ 0x2e000000
    GPIO9_DR = v;
    3e4c:	6019      	str	r1, [r3, #0]
    GPIO9_DR = v | B_CLK;  spin<S>();
    3e4e:	f8c3 b000 	str.w	fp, [r3]
template <int S> struct Nop { static inline void go() { __asm__ volatile("nop"); Nop<S - 1>::go(); } };
    3e52:	bf00      	nop
    3e54:	bf00      	nop
    3e56:	bf00      	nop
    3e58:	bf00      	nop
    3e5a:	bf00      	nop
    3e5c:	bf00      	nop
    3e5e:	bf00      	nop
    3e60:	bf00      	nop
    3e62:	bf00      	nop
    3e64:	bf00      	nop
    GPIO9_DR = v;          spin<S>();
    3e66:	6019      	str	r1, [r3, #0]
template <int S> struct Nop { static inline void go() { __asm__ volatile("nop"); Nop<S - 1>::go(); } };
    3e68:	bf00      	nop
    3e6a:	bf00      	nop
    3e6c:	bf00      	nop
    3e6e:	bf00      	nop
    3e70:	bf00      	nop
    3e72:	bf00      	nop
    3e74:	bf00      	nop
    3e76:	bf00      	nop
    3e78:	bf00      	nop
    3e7a:	bf00      	nop
    const uint32_t v = base | ((uint32_t)nib << DSHIFT);
    3e7c:	f009 010f 	and.w	r1, r9, #15
    3e80:	ea42 6181 	orr.w	r1, r2, r1, lsl #26
    GPIO9_DR = v | B_CLK;  spin<S>();
    3e84:	f041 7b00 	orr.w	fp, r1, #33554432	@ 0x2000000
    GPIO9_DR = v;
    3e88:	6019      	str	r1, [r3, #0]
    GPIO9_DR = v | B_CLK;  spin<S>();
    3e8a:	f8c3 b000 	str.w	fp, [r3]
template <int S> struct Nop { static inline void go() { __asm__ volatile("nop"); Nop<S - 1>::go(); } };
    3e8e:	bf00      	nop
    3e90:	bf00      	nop
    3e92:	bf00      	nop
    3e94:	bf00      	nop
    3e96:	bf00      	nop
    3e98:	bf00      	nop
    3e9a:	bf00      	nop
    3e9c:	bf00      	nop
    3e9e:	bf00      	nop
    3ea0:	bf00      	nop
    GPIO9_DR = v;          spin<S>();
    3ea2:	6019      	str	r1, [r3, #0]
template <int S> struct Nop { static inline void go() { __asm__ volatile("nop"); Nop<S - 1>::go(); } };
    3ea4:	bf00      	nop
    3ea6:	bf00      	nop
    3ea8:	bf00      	nop
    3eaa:	bf00      	nop
    3eac:	bf00      	nop
    3eae:	bf00      	nop
    3eb0:	bf00      	nop
    3eb2:	bf00      	nop
    3eb4:	bf00      	nop
    3eb6:	bf00      	nop
    const uint32_t v = base | ((uint32_t)nib << DSHIFT);
    3eb8:	f008 010f 	and.w	r1, r8, #15
    3ebc:	ea42 6181 	orr.w	r1, r2, r1, lsl #26
    GPIO9_DR = v | B_CLK;  spin<S>();
    3ec0:	f041 7b00 	orr.w	fp, r1, #33554432	@ 0x2000000
    GPIO9_DR = v;
    3ec4:	6019      	str	r1, [r3, #0]
    GPIO9_DR = v | B_CLK;  spin<S>();
    3ec6:	f8c3 b000 	str.w	fp, [r3]
template <int S> struct Nop { static inline void go() { __asm__ volatile("nop"); Nop<S - 1>::go(); } };
    3eca:	bf00      	nop
    3ecc:	bf00      	nop
    3ece:	bf00      	nop
    3ed0:	bf00      	nop
    3ed2:	bf00      	nop
    3ed4:	bf00      	nop
    3ed6:	bf00      	nop
    3ed8:	bf00      	nop
    3eda:	bf00      	nop
    3edc:	bf00      	nop
    GPIO9_DR = v;          spin<S>();
    3ede:	6019      	str	r1, [r3, #0]
template <int S> struct Nop { static inline void go() { __asm__ volatile("nop"); Nop<S - 1>::go(); } };
    3ee0:	bf00      	nop
    3ee2:	bf00      	nop
    3ee4:	bf00      	nop
    3ee6:	bf00      	nop
    3ee8:	bf00      	nop
    3eea:	bf00      	nop
    3eec:	bf00      	nop
    3eee:	bf00      	nop
    3ef0:	bf00      	nop
    3ef2:	bf00      	nop
    const uint32_t v = base | ((uint32_t)nib << DSHIFT);
    3ef4:	f007 010f 	and.w	r1, r7, #15
    3ef8:	ea42 6181 	orr.w	r1, r2, r1, lsl #26
    GPIO9_DR = v | B_CLK;  spin<S>();
    3efc:	f041 7b00 	orr.w	fp, r1, #33554432	@ 0x2000000
    GPIO9_DR = v;
    3f00:	6019      	str	r1, [r3, #0]
    GPIO9_DR = v | B_CLK;  spin<S>();
    3f02:	f8c3 b000 	str.w	fp, [r3]
template <int S> struct Nop { static inline void go() { __asm__ volatile("nop"); Nop<S - 1>::go(); } };
    3f06:	bf00      	nop
    3f08:	bf00      	nop
    3f0a:	bf00      	nop
    3f0c:	bf00      	nop
    3f0e:	bf00      	nop
    3f10:	bf00      	nop
    3f12:	bf00      	nop
    3f14:	bf00      	nop
    3f16:	bf00      	nop
    3f18:	bf00      	nop
    GPIO9_DR = v;          spin<S>();
    3f1a:	6019      	str	r1, [r3, #0]
template <int S> struct Nop { static inline void go() { __asm__ volatile("nop"); Nop<S - 1>::go(); } };
    3f1c:	bf00      	nop
    3f1e:	bf00      	nop
    3f20:	bf00      	nop
    3f22:	bf00      	nop
    3f24:	bf00      	nop
    3f26:	bf00      	nop
    3f28:	bf00      	nop
    3f2a:	bf00      	nop
    3f2c:	bf00      	nop
    3f2e:	bf00      	nop
    const uint32_t v = base | ((uint32_t)nib << DSHIFT);
    3f30:	f006 010f 	and.w	r1, r6, #15
    3f34:	ea42 6181 	orr.w	r1, r2, r1, lsl #26
    GPIO9_DR = v | B_CLK;  spin<S>();
    3f38:	f041 7b00 	orr.w	fp, r1, #33554432	@ 0x2000000
    GPIO9_DR = v;
    3f3c:	6019      	str	r1, [r3, #0]
    GPIO9_DR = v | B_CLK;  spin<S>();
    3f3e:	f8c3 b000 	str.w	fp, [r3]
template <int S> struct Nop { static inline void go() { __asm__ volatile("nop"); Nop<S - 1>::go(); } };
    3f42:	bf00      	nop
    3f44:	bf00      	nop
    3f46:	bf00      	nop
    3f48:	bf00      	nop
    3f4a:	bf00      	nop
    3f4c:	bf00      	nop
    3f4e:	bf00      	nop
    3f50:	bf00      	nop
    3f52:	bf00      	nop
    3f54:	bf00      	nop
    GPIO9_DR = v;          spin<S>();
    3f56:	6019      	str	r1, [r3, #0]
template <int S> struct Nop { static inline void go() { __asm__ volatile("nop"); Nop<S - 1>::go(); } };
    3f58:	bf00      	nop
    3f5a:	bf00      	nop
    3f5c:	bf00      	nop
    3f5e:	bf00      	nop
    3f60:	bf00      	nop
    3f62:	bf00      	nop
    3f64:	bf00      	nop
    3f66:	bf00      	nop
    3f68:	bf00      	nop
    3f6a:	bf00      	nop
    const uint32_t v = base | ((uint32_t)nib << DSHIFT);
    3f6c:	f005 010f 	and.w	r1, r5, #15
    3f70:	ea42 6181 	orr.w	r1, r2, r1, lsl #26
    GPIO9_DR = v | B_CLK;  spin<S>();
    3f74:	f041 7b00 	orr.w	fp, r1, #33554432	@ 0x2000000
    GPIO9_DR = v;
    3f78:	6019      	str	r1, [r3, #0]
    GPIO9_DR = v | B_CLK;  spin<S>();
    3f7a:	f8c3 b000 	str.w	fp, [r3]
template <int S> struct Nop { static inline void go() { __asm__ volatile("nop"); Nop<S - 1>::go(); } };
    3f7e:	bf00      	nop
    3f80:	bf00      	nop
    3f82:	bf00      	nop
    3f84:	bf00      	nop
    3f86:	bf00      	nop
    3f88:	bf00      	nop
    3f8a:	bf00      	nop
    3f8c:	bf00      	nop
    3f8e:	bf00      	nop
    3f90:	bf00      	nop
    GPIO9_DR = v;          spin<S>();
    3f92:	6019      	str	r1, [r3, #0]
template <int S> struct Nop { static inline void go() { __asm__ volatile("nop"); Nop<S - 1>::go(); } };
    3f94:	bf00      	nop
    3f96:	bf00      	nop
    3f98:	bf00      	nop
    3f9a:	bf00      	nop
    3f9c:	bf00      	nop
    3f9e:	bf00      	nop
    3fa0:	bf00      	nop
    3fa2:	bf00      	nop
    3fa4:	bf00      	nop
    3fa6:	bf00      	nop
    const uint32_t v = base | ((uint32_t)nib << DSHIFT);
    3fa8:	9901      	ldr	r1, [sp, #4]
    3faa:	ea42 6181 	orr.w	r1, r2, r1, lsl #26
    GPIO9_DR = v | B_CLK;  spin<S>();
    3fae:	f041 7b00 	orr.w	fp, r1, #33554432	@ 0x2000000
    GPIO9_DR = v;
    3fb2:	6019      	str	r1, [r3, #0]
    GPIO9_DR = v | B_CLK;  spin<S>();
    3fb4:	f8c3 b000 	str.w	fp, [r3]
template <int S> struct Nop { static inline void go() { __asm__ volatile("nop"); Nop<S - 1>::go(); } };
    3fb8:	bf00      	nop
    3fba:	bf00      	nop
    3fbc:	bf00      	nop
    3fbe:	bf00      	nop
    3fc0:	bf00      	nop
    3fc2:	bf00      	nop
    3fc4:	bf00      	nop
    3fc6:	bf00      	nop
    3fc8:	bf00      	nop
    3fca:	bf00      	nop
    GPIO9_DR = v;          spin<S>();
    3fcc:	6019      	str	r1, [r3, #0]
template <int S> struct Nop { static inline void go() { __asm__ volatile("nop"); Nop<S - 1>::go(); } };
    3fce:	bf00      	nop
    3fd0:	bf00      	nop
    3fd2:	bf00      	nop
    3fd4:	bf00      	nop
    3fd6:	bf00      	nop
    3fd8:	bf00      	nop
    3fda:	bf00      	nop
    3fdc:	bf00      	nop
    3fde:	bf00      	nop
    3fe0:	bf00      	nop
static inline void data_in(void) { GPIO9_GDIR &= ~B_DATA; }
    3fe2:	6859      	ldr	r1, [r3, #4]
        for (int k = 0; k < 6; k++) { GPIO9_DR = b | B_CLK; spin<S>(); GPIO9_DR = b; spin<S>(); }
    3fe4:	f04f 0b06 	mov.w	fp, #6
static inline void data_in(void) { GPIO9_GDIR &= ~B_DATA; }
    3fe8:	f021 5170 	bic.w	r1, r1, #1006632960	@ 0x3c000000
    3fec:	6059      	str	r1, [r3, #4]
        for (int k = 0; k < 6; k++) { GPIO9_DR = b | B_CLK; spin<S>(); GPIO9_DR = b; spin<S>(); }
    3fee:	f042 7100 	orr.w	r1, r2, #33554432	@ 0x2000000
    3ff2:	e009      	b.n	4008 <void bread<10>(unsigned long, unsigned char*, unsigned long)+0x254>
    3ff4:	20006e10 	.word	0x20006e10
    3ff8:	4200c000 	.word	0x4200c000
    3ffc:	20001d20 	.word	0x20001d20
    4000:	20001d24 	.word	0x20001d24
    4004:	01400100 	.word	0x01400100
    4008:	6019      	str	r1, [r3, #0]
template <int S> struct Nop { static inline void go() { __asm__ volatile("nop"); Nop<S - 1>::go(); } };
    400a:	bf00      	nop
    400c:	bf00      	nop
    400e:	bf00      	nop
    4010:	bf00      	nop
    4012:	bf00      	nop
    4014:	bf00      	nop
    4016:	bf00      	nop
    4018:	bf00      	nop
    401a:	bf00      	nop
    401c:	bf00      	nop
        for (int k = 0; k < 6; k++) { GPIO9_DR = b | B_CLK; spin<S>(); GPIO9_DR = b; spin<S>(); }
    401e:	601a      	str	r2, [r3, #0]
template <int S> struct Nop { static inline void go() { __asm__ volatile("nop"); Nop<S - 1>::go(); } };
    4020:	bf00      	nop
    4022:	bf00      	nop
    4024:	bf00      	nop
    4026:	bf00      	nop
    4028:	bf00      	nop
    402a:	bf00      	nop
    402c:	bf00      	nop
    402e:	bf00      	nop
    4030:	bf00      	nop
    4032:	bf00      	nop
        for (int k = 0; k < 6; k++) { GPIO9_DR = b | B_CLK; spin<S>(); GPIO9_DR = b; spin<S>(); }
    4034:	f1bb 0b01 	subs.w	fp, fp, #1
    4038:	d1e6      	bne.n	4008 <void bread<10>(unsigned long, unsigned char*, unsigned long)+0x254>
        for (uint32_t i = 0; i < n; i++) {
    403a:	f1be 0f00 	cmp.w	lr, #0
    403e:	d051      	beq.n	40e4 <void bread<10>(unsigned long, unsigned char*, unsigned long)+0x330>
    4040:	f10c 37ff 	add.w	r7, ip, #4294967295
    4044:	44f4      	add	ip, lr
    4046:	f10c 38ff 	add.w	r8, ip, #4294967295
    GPIO9_DR = base | B_CLK;  spin<S>();
    404a:	6019      	str	r1, [r3, #0]
template <int S> struct Nop { static inline void go() { __asm__ volatile("nop"); Nop<S - 1>::go(); } };
    404c:	bf00      	nop
    404e:	bf00      	nop
    4050:	bf00      	nop
    4052:	bf00      	nop
    4054:	bf00      	nop
    4056:	bf00      	nop
    4058:	bf00      	nop
    405a:	bf00      	nop
    405c:	bf00      	nop
    405e:	bf00      	nop
    const uint8_t n = (uint8_t)((GPIO9_PSR >> DSHIFT) & 0xF);
    4060:	689e      	ldr	r6, [r3, #8]
    GPIO9_DR = base;          spin<S>();
    4062:	601a      	str	r2, [r3, #0]
template <int S> struct Nop { static inline void go() { __asm__ volatile("nop"); Nop<S - 1>::go(); } };
    4064:	bf00      	nop
    4066:	bf00      	nop
    4068:	bf00      	nop
    406a:	bf00      	nop
    406c:	bf00      	nop
    406e:	bf00      	nop
    4070:	bf00      	nop
    4072:	bf00      	nop
    4074:	bf00      	nop
    4076:	bf00      	nop
    GPIO9_DR = base | B_CLK;  spin<S>();
    4078:	6019      	str	r1, [r3, #0]
template <int S> struct Nop { static inline void go() { __asm__ volatile("nop"); Nop<S - 1>::go(); } };
    407a:	bf00      	nop
    407c:	bf00      	nop
    407e:	bf00      	nop
    4080:	bf00      	nop
    4082:	bf00      	nop
    4084:	bf00      	nop
    4086:	bf00      	nop
    4088:	bf00      	nop
    408a:	bf00      	nop
    408c:	bf00      	nop
    const uint8_t n = (uint8_t)((GPIO9_PSR >> DSHIFT) & 0xF);
    408e:	689d      	ldr	r5, [r3, #8]
    GPIO9_DR = base;          spin<S>();
    4090:	601a      	str	r2, [r3, #0]
template <int S> struct Nop { static inline void go() { __asm__ volatile("nop"); Nop<S - 1>::go(); } };
    4092:	bf00      	nop
    4094:	bf00      	nop
    4096:	bf00      	nop
    4098:	bf00      	nop
    409a:	bf00      	nop
    409c:	bf00      	nop
    409e:	bf00      	nop
    40a0:	bf00      	nop
    40a2:	bf00      	nop
    40a4:	bf00      	nop
    const uint8_t n = (uint8_t)((GPIO9_PSR >> DSHIFT) & 0xF);
    40a6:	0eb6      	lsrs	r6, r6, #26
    40a8:	f3c5 6583 	ubfx	r5, r5, #26, #4
            d[i] = (uint8_t)((hi << 4) | get_nib<S>(b));
    40ac:	ea45 1506 	orr.w	r5, r5, r6, lsl #4
    40b0:	f807 5f01 	strb.w	r5, [r7, #1]!
        for (uint32_t i = 0; i < n; i++) {
    40b4:	4547      	cmp	r7, r8
    40b6:	d1c8      	bne.n	404a <void bread<10>(unsigned long, unsigned char*, unsigned long)+0x296>
        GPIO9_DR = idle; bus_out();
    40b8:	4a10      	ldr	r2, [pc, #64]	@ (40fc <void bread<10>(unsigned long, unsigned char*, unsigned long)+0x348>)
    while (len) {
    40ba:	ebb4 040e 	subs.w	r4, r4, lr
        GPIO9_DR = idle; bus_out();
    40be:	6812      	ldr	r2, [r2, #0]
    40c0:	601a      	str	r2, [r3, #0]
static inline void bus_out(void) { GPIO9_GDIR |= (B_DATA | B_CLK | B_SS0 | B_SS1); }
    40c2:	6859      	ldr	r1, [r3, #4]
    40c4:	f041 517d 	orr.w	r1, r1, #1061158912	@ 0x3f400000
    40c8:	6059      	str	r1, [r3, #4]
    while (len) {
    40ca:	d013      	beq.n	40f4 <void bread<10>(unsigned long, unsigned char*, unsigned long)+0x340>
        a += n; d += n; len -= n;
    40cc:	4470      	add	r0, lr
    40ce:	f000 010f 	and.w	r1, r0, #15
    40d2:	ea4f 5910 	mov.w	r9, r0, lsr #20
    40d6:	ea4f 4810 	mov.w	r8, r0, lsr #16
    40da:	0b07      	lsrs	r7, r0, #12
    40dc:	9101      	str	r1, [sp, #4]
    40de:	0a06      	lsrs	r6, r0, #8
    40e0:	0905      	lsrs	r5, r0, #4
    40e2:	e67e      	b.n	3de2 <void bread<10>(unsigned long, unsigned char*, unsigned long)+0x2e>
        GPIO9_DR = idle; bus_out();
    40e4:	4a05      	ldr	r2, [pc, #20]	@ (40fc <void bread<10>(unsigned long, unsigned char*, unsigned long)+0x348>)
    40e6:	6812      	ldr	r2, [r2, #0]
    40e8:	601a      	str	r2, [r3, #0]
static inline void bus_out(void) { GPIO9_GDIR |= (B_DATA | B_CLK | B_SS0 | B_SS1); }
    40ea:	6859      	ldr	r1, [r3, #4]
    40ec:	f041 517d 	orr.w	r1, r1, #1061158912	@ 0x3f400000
    40f0:	6059      	str	r1, [r3, #4]
    while (len) {
    40f2:	e676      	b.n	3de2 <void bread<10>(unsigned long, unsigned char*, unsigned long)+0x2e>
}
    40f4:	b003      	add	sp, #12
    40f6:	e8bd 8ff0 	ldmia.w	sp!, {r4, r5, r6, r7, r8, r9, sl, fp, pc}
    40fa:	4770      	bx	lr
    40fc:	20006e10 	.word	0x20006e10

00004100 <void bwrite<14>(unsigned long, unsigned char const*, unsigned long)>:
    while (len) {
    4100:	2a00      	cmp	r2, #0
    4102:	f000 81cf 	beq.w	44a4 <void bwrite<14>(unsigned long, unsigned char const*, unsigned long)+0x3a4>
    return (idle | B_SS0 | B_SS1 | B_DEC) & ~g_csbit & ~B_CLK & ~B_DATA;
    4106:	4b94      	ldr	r3, [pc, #592]	@ (4358 <void bwrite<14>(unsigned long, unsigned char const*, unsigned long)+0x258>)
template <int S> static void bwrite(uint32_t a, const uint8_t *s, uint32_t len)
    4108:	e92d 4ff0 	stmdb	sp!, {r4, r5, r6, r7, r8, r9, sl, fp, lr}
    410c:	4696      	mov	lr, r2
    410e:	b083      	sub	sp, #12
    return (idle | B_SS0 | B_SS1 | B_DEC) & ~g_csbit & ~B_CLK & ~B_DATA;
    4110:	681a      	ldr	r2, [r3, #0]
    4112:	f000 030f 	and.w	r3, r0, #15
    4116:	0905      	lsrs	r5, r0, #4
    4118:	f8df a248 	ldr.w	sl, [pc, #584]	@ 4364 <void bwrite<14>(unsigned long, unsigned char const*, unsigned long)+0x264>
    411c:	9300      	str	r3, [sp, #0]
    411e:	ea4f 5910 	mov.w	r9, r0, lsr #20
    4122:	ea4f 4810 	mov.w	r8, r0, lsr #16
static inline void bus_out(void) { GPIO9_GDIR |= (B_DATA | B_CLK | B_SS0 | B_SS1); }
    4126:	4b8d      	ldr	r3, [pc, #564]	@ (435c <void bwrite<14>(unsigned long, unsigned char const*, unsigned long)+0x25c>)
    4128:	0b07      	lsrs	r7, r0, #12
    return (idle | B_SS0 | B_SS1 | B_DEC) & ~g_csbit & ~B_CLK & ~B_DATA;
    412a:	9501      	str	r5, [sp, #4]
    412c:	0a06      	lsrs	r6, r0, #8
static inline void bus_out(void) { GPIO9_GDIR |= (B_DATA | B_CLK | B_SS0 | B_SS1); }
    412e:	685c      	ldr	r4, [r3, #4]
    return (idle | B_SS0 | B_SS1 | B_DEC) & ~g_csbit & ~B_CLK & ~B_DATA;
    4130:	f042 2201 	orr.w	r2, r2, #16777472	@ 0x1000100
        const uint32_t n = (len > g_burst) ? g_burst : len;
    4134:	4d8a      	ldr	r5, [pc, #552]	@ (4360 <void bwrite<14>(unsigned long, unsigned char const*, unsigned long)+0x260>)
static inline void bus_out(void) { GPIO9_GDIR |= (B_DATA | B_CLK | B_SS0 | B_SS1); }
    4136:	f044 547d 	orr.w	r4, r4, #1061158912	@ 0x3f400000
    return (idle | B_SS0 | B_SS1 | B_DEC) & ~g_csbit & ~B_CLK & ~B_DATA;
    413a:	f442 0280 	orr.w	r2, r2, #4194304	@ 0x400000
        const uint32_t n = (len > g_burst) ? g_burst : len;
    413e:	f8d5 c000 	ldr.w	ip, [r5]
static inline void bus_out(void) { GPIO9_GDIR |= (B_DATA | B_CLK | B_SS0 | B_SS1); }
    4142:	605c      	str	r4, [r3, #4]
    return (idle | B_SS0 | B_SS1 | B_DEC) & ~g_csbit & ~B_CLK & ~B_DATA;
    4144:	f8da 4000 	ldr.w	r4, [sl]
        const uint32_t n = (len > g_burst) ? g_burst : len;
    4148:	45f4      	cmp	ip, lr
    return (idle | B_SS0 | B_SS1 | B_DEC) & ~g_csbit & ~B_CLK & ~B_DATA;
    414a:	ea22 0204 	bic.w	r2, r2, r4
        const uint32_t n = (len > g_burst) ? g_burst : len;
    414e:	bf28      	it	cs
    4150:	46f4      	movcs	ip, lr
    return (idle | B_SS0 | B_SS1 | B_DEC) & ~g_csbit & ~B_CLK & ~B_DATA;
    4152:	f022 5278 	bic.w	r2, r2, #1040187392	@ 0x3e000000
    const uint32_t v = base | ((uint32_t)nib << DSHIFT);
    4156:	f042 6440 	orr.w	r4, r2, #201326592	@ 0xc000000
    GPIO9_DR = v | B_CLK;  spin<S>();
    415a:	f042 6b60 	orr.w	fp, r2, #234881024	@ 0xe000000
        bus_out(); const uint32_t b = cbase(); GPIO9_DR = b;
    415e:	601a      	str	r2, [r3, #0]
    GPIO9_DR = v;
    4160:	601c      	str	r4, [r3, #0]
    GPIO9_DR = v | B_CLK;  spin<S>();
    4162:	f8c3 b000 	str.w	fp, [r3]
template <int S> struct Nop { static inline void go() { __asm__ volatile("nop"); Nop<S - 1>::go(); } };
    4166:	bf00      	nop
    4168:	bf00      	nop
    416a:	bf00      	nop
    416c:	bf00      	nop
    416e:	bf00      	nop
    4170:	bf00      	nop
    4172:	bf00      	nop
    4174:	bf00      	nop
    4176:	bf00      	nop
    4178:	bf00      	nop
    417a:	bf00      	nop
    417c:	bf00      	nop
    417e:	bf00      	nop
    4180:	bf00      	nop
    GPIO9_DR = v;          spin<S>();
    4182:	601c      	str	r4, [r3, #0]
template <int S> struct Nop { static inline void go() { __asm__ volatile("nop"); Nop<S - 1>::go(); } };
    4184:	bf00      	nop
    4186:	bf00      	nop
    4188:	bf00      	nop
    418a:	bf00      	nop
    418c:	bf00      	nop
    418e:	bf00      	nop
    4190:	bf00      	nop
    4192:	bf00      	nop
    4194:	bf00      	nop
    4196:	bf00      	nop
    4198:	bf00      	nop
    419a:	bf00      	nop
    419c:	bf00      	nop
    419e:	bf00      	nop
    const uint32_t v = base | ((uint32_t)nib << DSHIFT);
    41a0:	f042 5400 	orr.w	r4, r2, #536870912	@ 0x20000000
    GPIO9_DR = v | B_CLK;  spin<S>();
    41a4:	f042 5b08 	orr.w	fp, r2, #570425344	@ 0x22000000
    GPIO9_DR = v;
    41a8:	601c      	str	r4, [r3, #0]
    GPIO9_DR = v | B_CLK;  spin<S>();
    41aa:	f8c3 b000 	str.w	fp, [r3]
template <int S> struct Nop { static inline void go() { __asm__ volatile("nop"); Nop<S - 1>::go(); } };
    41ae:	bf00      	nop
    41b0:	bf00      	nop
    41b2:	bf00      	nop
    41b4:	bf00      	nop
    41b6:	bf00      	nop
    41b8:	bf00      	nop
    41ba:	bf00      	nop
    41bc:	bf00      	nop
    41be:	bf00      	nop
    41c0:	bf00      	nop
    41c2:	bf00      	nop
    41c4:	bf00      	nop
    41c6:	bf00      	nop
    41c8:	bf00      	nop
    GPIO9_DR = v;          spin<S>();
    41ca:	601c      	str	r4, [r3, #0]
template <int S> struct Nop { static inline void go() { __asm__ volatile("nop"); Nop<S - 1>::go(); } };
    41cc:	bf00      	nop
    41ce:	bf00      	nop
    41d0:	bf00      	nop
    41d2:	bf00      	nop
    41d4:	bf00      	nop
    41d6:	bf00      	nop
    41d8:	bf00      	nop
    41da:	bf00      	nop
    41dc:	bf00      	nop
    41de:	bf00      	nop
    41e0:	bf00      	nop
    41e2:	bf00      	nop
    41e4:	bf00      	nop
    41e6:	bf00      	nop
    const uint32_t v = base | ((uint32_t)nib << DSHIFT);
    41e8:	f009 040f 	and.w	r4, r9, #15
    41ec:	ea42 6484 	orr.w	r4, r2, r4, lsl #26
    GPIO9_DR = v | B_CLK;  spin<S>();
    41f0:	f044 7b00 	orr.w	fp, r4, #33554432	@ 0x2000000
    GPIO9_DR = v;
    41f4:	601c      	str	r4, [r3, #0]
    GPIO9_DR = v | B_CLK;  spin<S>();
    41f6:	f8c3 b000 	str.w	fp, [r3]
template <int S> struct Nop { static inline void go() { __asm__ volatile("nop"); Nop<S - 1>::go(); } };
    41fa:	bf00      	nop
    41fc:	bf00      	nop
    41fe:	bf00      	nop
    4200:	bf00      	nop
    4202:	bf00      	nop
    4204:	bf00      	nop
    4206:	bf00      	nop
    4208:	bf00      	nop
    420a:	bf00      	nop
    420c:	bf00      	nop
    420e:	bf00      	nop
    4210:	bf00      	nop
    4212:	bf00      	nop
    4214:	bf00      	nop
    GPIO9_DR = v;          spin<S>();
    4216:	601c      	str	r4, [r3, #0]
template <int S> struct Nop { static inline void go() { __asm__ volatile("nop"); Nop<S - 1>::go(); } };
    4218:	bf00      	nop
    421a:	bf00      	nop
    421c:	bf00      	nop
    421e:	bf00      	nop
    4220:	bf00      	nop
    4222:	bf00      	nop
    4224:	bf00      	nop
    4226:	bf00      	nop
    4228:	bf00      	nop
    422a:	bf00      	nop
    422c:	bf00      	nop
    422e:	bf00      	nop
    4230:	bf00      	nop
    4232:	bf00      	nop
    const uint32_t v = base | ((uint32_t)nib << DSHIFT);
    4234:	f008 040f 	and.w	r4, r8, #15
    4238:	ea42 6484 	orr.w	r4, r2, r4, lsl #26
    GPIO9_DR = v | B_CLK;  spin<S>();
    423c:	f044 7b00 	orr.w	fp, r4, #33554432	@ 0x2000000
    GPIO9_DR = v;
    4240:	601c      	str	r4, [r3, #0]
    GPIO9_DR = v | B_CLK;  spin<S>();
    4242:	f8c3 b000 	str.w	fp, [r3]
template <int S> struct Nop { static inline void go() { __asm__ volatile("nop"); Nop<S - 1>::go(); } };
    4246:	bf00      	nop
    4248:	bf00      	nop
    424a:	bf00      	nop
    424c:	bf00      	nop
    424e:	bf00      	nop
    4250:	bf00      	nop
    4252:	bf00      	nop
    4254:	bf00      	nop
    4256:	bf00      	nop
    4258:	bf00      	nop
    425a:	bf00      	nop
    425c:	bf00      	nop
    425e:	bf00      	nop
    4260:	bf00      	nop
    GPIO9_DR = v;          spin<S>();
    4262:	601c      	str	r4, [r3, #0]
template <int S> struct Nop { static inline void go() { __asm__ volatile("nop"); Nop<S - 1>::go(); } };
    4264:	bf00      	nop
    4266:	bf00      	nop
    4268:	bf00      	nop
    426a:	bf00      	nop
    426c:	bf00      	nop
    426e:	bf00      	nop
    4270:	bf00      	nop
    4272:	bf00      	nop
    4274:	bf00      	nop
    4276:	bf00      	nop
    4278:	bf00      	nop
    427a:	bf00      	nop
    427c:	bf00      	nop
    427e:	bf00      	nop
    const uint32_t v = base | ((uint32_t)nib << DSHIFT);
    4280:	f007 040f 	and.w	r4, r7, #15
    4284:	ea42 6484 	orr.w	r4, r2, r4, lsl #26
    GPIO9_DR = v | B_CLK;  spin<S>();
    4288:	f044 7b00 	orr.w	fp, r4, #33554432	@ 0x2000000
    GPIO9_DR = v;
    428c:	601c      	str	r4, [r3, #0]
    GPIO9_DR = v | B_CLK;  spin<S>();
    428e:	f8c3 b000 	str.w	fp, [r3]
template <int S> struct Nop { static inline void go() { __asm__ volatile("nop"); Nop<S - 1>::go(); } };
    4292:	bf00      	nop
    4294:	bf00      	nop
    4296:	bf00      	nop
    4298:	bf00      	nop
    429a:	bf00      	nop
    429c:	bf00      	nop
    429e:	bf00      	nop
    42a0:	bf00      	nop
    42a2:	bf00      	nop
    42a4:	bf00      	nop
    42a6:	bf00      	nop
    42a8:	bf00      	nop
    42aa:	bf00      	nop
    42ac:	bf00      	nop
    GPIO9_DR = v;          spin<S>();
    42ae:	601c      	str	r4, [r3, #0]
template <int S> struct Nop { static inline void go() { __asm__ volatile("nop"); Nop<S - 1>::go(); } };
    42b0:	bf00      	nop
    42b2:	bf00      	nop
    42b4:	bf00      	nop
    42b6:	bf00      	nop
    42b8:	bf00      	nop
    42ba:	bf00      	nop
    42bc:	bf00      	nop
    42be:	bf00      	nop
    42c0:	bf00      	nop
    42c2:	bf00      	nop
    42c4:	bf00      	nop
    42c6:	bf00      	nop
    42c8:	bf00      	nop
    42ca:	bf00      	nop
    const uint32_t v = base | ((uint32_t)nib << DSHIFT);
    42cc:	f006 040f 	and.w	r4, r6, #15
    42d0:	ea42 6484 	orr.w	r4, r2, r4, lsl #26
    GPIO9_DR = v | B_CLK;  spin<S>();
    42d4:	f044 7b00 	orr.w	fp, r4, #33554432	@ 0x2000000
    GPIO9_DR = v;
    42d8:	601c      	str	r4, [r3, #0]
    GPIO9_DR = v | B_CLK;  spin<S>();
    42da:	f8c3 b000 	str.w	fp, [r3]
template <int S> struct Nop { static inline void go() { __asm__ volatile("nop"); Nop<S - 1>::go(); } };
    42de:	bf00      	nop
    42e0:	bf00      	nop
    42e2:	bf00      	nop
    42e4:	bf00      	nop
    42e6:	bf00      	nop
    42e8:	bf00      	nop
    42ea:	bf00      	nop
    42ec:	bf00      	nop
    42ee:	bf00      	nop
    42f0:	bf00      	nop
    42f2:	bf00      	nop
    42f4:	bf00      	nop
    42f6:	bf00      	nop
    42f8:	bf00      	nop
    GPIO9_DR = v;          spin<S>();
    42fa:	601c      	str	r4, [r3, #0]
template <int S> struct Nop { static inline void go() { __asm__ volatile("nop"); Nop<S - 1>::go(); } };
    42fc:	bf00      	nop
    42fe:	bf00      	nop
    4300:	bf00      	nop
    4302:	bf00      	nop
    4304:	bf00      	nop
    4306:	bf00      	nop
    4308:	bf00      	nop
    430a:	bf00      	nop
    430c:	bf00      	nop
    430e:	bf00      	nop
    4310:	bf00      	nop
    4312:	bf00      	nop
    4314:	bf00      	nop
    4316:	bf00      	nop
    const uint32_t v = base | ((uint32_t)nib << DSHIFT);
    4318:	9c01      	ldr	r4, [sp, #4]
    431a:	f004 040f 	and.w	r4, r4, #15
    431e:	ea42 6484 	orr.w	r4, r2, r4, lsl #26
    GPIO9_DR = v | B_CLK;  spin<S>();
    4322:	f044 7b00 	orr.w	fp, r4, #33554432	@ 0x2000000
    GPIO9_DR = v;
    4326:	601c      	str	r4, [r3, #0]
    GPIO9_DR = v | B_CLK;  spin<S>();
    4328:	f8c3 b000 	str.w	fp, [r3]
template <int S> struct Nop { static inline void go() { __asm__ volatile("nop"); Nop<S - 1>::go(); } };
    432c:	bf00      	nop
    432e:	bf00      	nop
    4330:	bf00      	nop
    4332:	bf00      	nop
    4334:	bf00      	nop
    4336:	bf00      	nop
    4338:	bf00      	nop
    433a:	bf00      	nop
    433c:	bf00      	nop
    433e:	bf00      	nop
    4340:	bf00      	nop
    4342:	bf00      	nop
    4344:	bf00      	nop
    4346:	bf00      	nop
    GPIO9_DR = v;          spin<S>();
    4348:	601c      	str	r4, [r3, #0]
template <int S> struct Nop { static inline void go() { __asm__ volatile("nop"); Nop<S - 1>::go(); } };
    434a:	bf00      	nop
    434c:	bf00      	nop
    434e:	bf00      	nop
    4350:	bf00      	nop
    4352:	bf00      	nop
    4354:	e008      	b.n	4368 <void bwrite<14>(unsigned long, unsigned char const*, unsigned long)+0x268>
    4356:	bf00      	nop
    4358:	20006e10 	.word	0x20006e10
    435c:	4200c000 	.word	0x4200c000
    4360:	20001d20 	.word	0x20001d20
    4364:	20001d24 	.word	0x20001d24
    4368:	bf00      	nop
    436a:	bf00      	nop
    436c:	bf00      	nop
    436e:	bf00      	nop
    4370:	bf00      	nop
    4372:	bf00      	nop
    4374:	bf00      	nop
    4376:	bf00      	nop
    4378:	bf00      	nop
    const uint32_t v = base | ((uint32_t)nib << DSHIFT);
    437a:	9c00      	ldr	r4, [sp, #0]
    437c:	ea42 6484 	orr.w	r4, r2, r4, lsl #26
    GPIO9_DR = v | B_CLK;  spin<S>();
    4380:	f044 7b00 	orr.w	fp, r4, #33554432	@ 0x2000000
    GPIO9_DR = v;
    4384:	601c      	str	r4, [r3, #0]
    GPIO9_DR = v | B_CLK;  spin<S>();
    4386:	f8c3 b000 	str.w	fp, [r3]
template <int S> struct Nop { static inline void go() { __asm__ volatile("nop"); Nop<S - 1>::go(); } };
    438a:	bf00      	nop
    438c:	bf00      	nop
    438e:	bf00      	nop
    4390:	bf00      	nop
    4392:	bf00      	nop
    4394:	bf00      	nop
    4396:	bf00      	nop
    4398:	bf00      	nop
    439a:	bf00      	nop
    439c:	bf00      	nop
    439e:	bf00      	nop
    43a0:	bf00      	nop
    43a2:	bf00      	nop
    43a4:	bf00      	nop
    GPIO9_DR = v;          spin<S>();
    43a6:	601c      	str	r4, [r3, #0]
template <int S> struct Nop { static inline void go() { __asm__ volatile("nop"); Nop<S - 1>::go(); } };
    43a8:	bf00      	nop
    43aa:	bf00      	nop
    43ac:	bf00      	nop
    43ae:	bf00      	nop
    43b0:	bf00      	nop
    43b2:	bf00      	nop
    43b4:	bf00      	nop
    43b6:	bf00      	nop
    43b8:	bf00      	nop
    43ba:	bf00      	nop
    43bc:	bf00      	nop
    43be:	bf00      	nop
    43c0:	bf00      	nop
    43c2:	bf00      	nop
        for (uint32_t i = 0; i < n; i++) { put_nib<S>(b, s[i] >> 4); put_nib<S>(b, s[i] & 0xF); }
    43c4:	f1bc 0f00 	cmp.w	ip, #0
    43c8:	d065      	beq.n	4496 <void bwrite<14>(unsigned long, unsigned char const*, unsigned long)+0x396>
    43ca:	eb0c 0501 	add.w	r5, ip, r1
    43ce:	3901      	subs	r1, #1
    43d0:	1e6e      	subs	r6, r5, #1
    43d2:	f811 4f01 	ldrb.w	r4, [r1, #1]!
    const uint32_t v = base | ((uint32_t)nib << DSHIFT);
    43d6:	0924      	lsrs	r4, r4, #4
    43d8:	ea42 6484 	orr.w	r4, r2, r4, lsl #26
    GPIO9_DR = v | B_CLK;  spin<S>();
    43dc:	f044 7700 	orr.w	r7, r4, #33554432	@ 0x2000000
    GPIO9_DR = v;
    43e0:	601c      	str	r4, [r3, #0]
    GPIO9_DR = v | B_CLK;  spin<S>();
    43e2:	601f      	str	r7, [r3, #0]
template <int S> struct Nop { static inline void go() { __asm__ volatile("nop"); Nop<S - 1>::go(); } };
    43e4:	bf00      	nop
    43e6:	bf00      	nop
    43e8:	bf00      	nop
    43ea:	bf00      	nop
    43ec:	bf00      	nop
    43ee:	bf00      	nop
    43f0:	bf00      	nop
    43f2:	bf00      	nop
    43f4:	bf00      	nop
    43f6:	bf00      	nop
    43f8:	bf00      	nop
    43fa:	bf00      	nop
    43fc:	bf00      	nop
    43fe:	bf00      	nop
    GPIO9_DR = v;          spin<S>();
    4400:	601c      	str	r4, [r3, #0]
template <int S> struct Nop { static inline void go() { __asm__ volatile("nop"); Nop<S - 1>::go(); } };
    4402:	bf00      	nop
    4404:	bf00      	nop
    4406:	bf00      	nop
    4408:	bf00      	nop
    440a:	bf00      	nop
    440c:	bf00      	nop
    440e:	bf00      	nop
    4410:	bf00      	nop
    4412:	bf00      	nop
    4414:	bf00      	nop
    4416:	bf00      	nop
    4418:	bf00      	nop
    441a:	bf00      	nop
    441c:	bf00      	nop
        for (uint32_t i = 0; i < n; i++) { put_nib<S>(b, s[i] >> 4); put_nib<S>(b, s[i] & 0xF); }
    441e:	780c      	ldrb	r4, [r1, #0]
    const uint32_t v = base | ((uint32_t)nib << DSHIFT);
    4420:	f004 040f 	and.w	r4, r4, #15
    4424:	ea42 6484 	orr.w	r4, r2, r4, lsl #26
    GPIO9_DR = v | B_CLK;  spin<S>();
    4428:	f044 7700 	orr.w	r7, r4, #33554432	@ 0x2000000
    GPIO9_DR = v;
    442c:	601c      	str	r4, [r3, #0]
    GPIO9_DR = v | B_CLK;  spin<S>();
    442e:	601f      	str	r7, [r3, #0]
template <int S> struct Nop { static inline void go() { __asm__ volatile("nop"); Nop<S - 1>::go(); } };
    4430:	bf00      	nop
    4432:	bf00      	nop
    4434:	bf00      	nop
    4436:	bf00      	nop
    4438:	bf00      	nop
    443a:	bf00      	nop
    443c:	bf00      	nop
    443e:	bf00      	nop
    4440:	bf00      	nop
    4442:	bf00      	nop
    4444:	bf00      	nop
    4446:	bf00      	nop
    4448:	bf00      	nop
    444a:	bf00      	nop
    GPIO9_DR = v;          spin<S>();
    444c:	601c      	str	r4, [r3, #0]
template <int S> struct Nop { static inline void go() { __asm__ volatile("nop"); Nop<S - 1>::go(); } };
    444e:	bf00      	nop
    4450:	bf00      	nop
    4452:	bf00      	nop
    4454:	bf00      	nop
    4456:	bf00      	nop
    4458:	bf00      	nop
    445a:	bf00      	nop
    445c:	bf00      	nop
    445e:	bf00      	nop
    4460:	bf00      	nop
    4462:	bf00      	nop
    4464:	bf00      	nop
    4466:	bf00      	nop
    4468:	bf00      	nop
        for (uint32_t i = 0; i < n; i++) { put_nib<S>(b, s[i] >> 4); put_nib<S>(b, s[i] & 0xF); }
    446a:	42b1      	cmp	r1, r6
    446c:	d1b1      	bne.n	43d2 <void bwrite<14>(unsigned long, unsigned char const*, unsigned long)+0x2d2>
        GPIO9_DR = idle;
    446e:	4a0e      	ldr	r2, [pc, #56]	@ (44a8 <void bwrite<14>(unsigned long, unsigned char const*, unsigned long)+0x3a8>)
    while (len) {
    4470:	ebbe 0e0c 	subs.w	lr, lr, ip
        GPIO9_DR = idle;
    4474:	6812      	ldr	r2, [r2, #0]
    4476:	601a      	str	r2, [r3, #0]
    while (len) {
    4478:	d011      	beq.n	449e <void bwrite<14>(unsigned long, unsigned char const*, unsigned long)+0x39e>
        a += n; s += n; len -= n;
    447a:	4460      	add	r0, ip
    447c:	4629      	mov	r1, r5
    447e:	0904      	lsrs	r4, r0, #4
    4480:	ea4f 5910 	mov.w	r9, r0, lsr #20
    4484:	9401      	str	r4, [sp, #4]
    4486:	f000 040f 	and.w	r4, r0, #15
    448a:	ea4f 4810 	mov.w	r8, r0, lsr #16
    448e:	0b07      	lsrs	r7, r0, #12
    4490:	9400      	str	r4, [sp, #0]
    4492:	0a06      	lsrs	r6, r0, #8
    4494:	e64b      	b.n	412e <void bwrite<14>(unsigned long, unsigned char const*, unsigned long)+0x2e>
        GPIO9_DR = idle;
    4496:	4a04      	ldr	r2, [pc, #16]	@ (44a8 <void bwrite<14>(unsigned long, unsigned char const*, unsigned long)+0x3a8>)
    4498:	6812      	ldr	r2, [r2, #0]
    449a:	601a      	str	r2, [r3, #0]
    while (len) {
    449c:	e647      	b.n	412e <void bwrite<14>(unsigned long, unsigned char const*, unsigned long)+0x2e>
}
    449e:	b003      	add	sp, #12
    44a0:	e8bd 8ff0 	ldmia.w	sp!, {r4, r5, r6, r7, r8, r9, sl, fp, pc}
    44a4:	4770      	bx	lr
    44a6:	bf00      	nop
    44a8:	20006e10 	.word	0x20006e10

000044ac <void bread<14>(unsigned long, unsigned char*, unsigned long)>:
    while (len) {
    44ac:	2a00      	cmp	r2, #0
    44ae:	f000 81f8 	beq.w	48a2 <void bread<14>(unsigned long, unsigned char*, unsigned long)+0x3f6>
    return (idle | B_SS0 | B_SS1 | B_DEC) & ~g_csbit & ~B_CLK & ~B_DATA;
    44b2:	4b94      	ldr	r3, [pc, #592]	@ (4704 <void bread<14>(unsigned long, unsigned char*, unsigned long)+0x258>)
    44b4:	468c      	mov	ip, r1
template <int S> static void bread(uint32_t a, uint8_t *d, uint32_t len)
    44b6:	e92d 4ff0 	stmdb	sp!, {r4, r5, r6, r7, r8, r9, sl, fp, lr}
    44ba:	4614      	mov	r4, r2
    44bc:	b083      	sub	sp, #12
    return (idle | B_SS0 | B_SS1 | B_DEC) & ~g_csbit & ~B_CLK & ~B_DATA;
    44be:	681a      	ldr	r2, [r3, #0]
    44c0:	f000 030f 	and.w	r3, r0, #15
    44c4:	f8df a248 	ldr.w	sl, [pc, #584]	@ 4710 <void bread<14>(unsigned long, unsigned char*, unsigned long)+0x264>
    44c8:	ea4f 5910 	mov.w	r9, r0, lsr #20
    44cc:	9301      	str	r3, [sp, #4]
    44ce:	ea4f 4810 	mov.w	r8, r0, lsr #16
    44d2:	0b07      	lsrs	r7, r0, #12
static inline void bus_out(void) { GPIO9_GDIR |= (B_DATA | B_CLK | B_SS0 | B_SS1); }
    44d4:	4b8c      	ldr	r3, [pc, #560]	@ (4708 <void bread<14>(unsigned long, unsigned char*, unsigned long)+0x25c>)
    44d6:	0a06      	lsrs	r6, r0, #8
    44d8:	0905      	lsrs	r5, r0, #4
    44da:	6859      	ldr	r1, [r3, #4]
    return (idle | B_SS0 | B_SS1 | B_DEC) & ~g_csbit & ~B_CLK & ~B_DATA;
    44dc:	f8df b234 	ldr.w	fp, [pc, #564]	@ 4714 <void bread<14>(unsigned long, unsigned char*, unsigned long)+0x268>
static inline void bus_out(void) { GPIO9_GDIR |= (B_DATA | B_CLK | B_SS0 | B_SS1); }
    44e0:	f041 517d 	orr.w	r1, r1, #1061158912	@ 0x3f400000
    return (idle | B_SS0 | B_SS1 | B_DEC) & ~g_csbit & ~B_CLK & ~B_DATA;
    44e4:	ea42 0b0b 	orr.w	fp, r2, fp
        const uint32_t n = (len > g_burst) ? g_burst : len;
    44e8:	4a88      	ldr	r2, [pc, #544]	@ (470c <void bread<14>(unsigned long, unsigned char*, unsigned long)+0x260>)
    44ea:	f8d2 e000 	ldr.w	lr, [r2]
static inline void bus_out(void) { GPIO9_GDIR |= (B_DATA | B_CLK | B_SS0 | B_SS1); }
    44ee:	6059      	str	r1, [r3, #4]
    return (idle | B_SS0 | B_SS1 | B_DEC) & ~g_csbit & ~B_CLK & ~B_DATA;
    44f0:	f8da 1000 	ldr.w	r1, [sl]
        const uint32_t n = (len > g_burst) ? g_burst : len;
    44f4:	45a6      	cmp	lr, r4
    return (idle | B_SS0 | B_SS1 | B_DEC) & ~g_csbit & ~B_CLK & ~B_DATA;
    44f6:	ea2b 0201 	bic.w	r2, fp, r1
        const uint32_t n = (len > g_burst) ? g_burst : len;
    44fa:	bf28      	it	cs
    44fc:	46a6      	movcs	lr, r4
    return (idle | B_SS0 | B_SS1 | B_DEC) & ~g_csbit & ~B_CLK & ~B_DATA;
    44fe:	f022 5278 	bic.w	r2, r2, #1040187392	@ 0x3e000000
    const uint32_t v = base | ((uint32_t)nib << DSHIFT);
    4502:	f042 5160 	orr.w	r1, r2, #939524096	@ 0x38000000
    GPIO9_DR = v | B_CLK;  spin<S>();
    4506:	f042 5b68 	orr.w	fp, r2, #973078528	@ 0x3a000000
        bus_out(); const uint32_t b = cbase(); GPIO9_DR = b;
    450a:	601a      	str	r2, [r3, #0]
    GPIO9_DR = v;
    450c:	6019      	str	r1, [r3, #0]
    GPIO9_DR = v | B_CLK;  spin<S>();
    450e:	f8c3 b000 	str.w	fp, [r3]
template <int S> struct Nop { static inline void go() { __asm__ volatile("nop"); Nop<S - 1>::go(); } };
    4512:	bf00      	nop
    4514:	bf00      	nop
    4516:	bf00      	nop
    4518:	bf00      	nop
    451a:	bf00      	nop
    451c:	bf00      	nop
    451e:	bf00      	nop
    4520:	bf00      	nop
    4522:	bf00      	nop
    4524:	bf00      	nop
    4526:	bf00      	nop
    4528:	bf00      	nop
    452a:	bf00      	nop
    452c:	bf00      	nop
    GPIO9_DR = v;          spin<S>();
    452e:	6019      	str	r1, [r3, #0]
template <int S> struct Nop { static inline void go() { __asm__ volatile("nop"); Nop<S - 1>::go(); } };
    4530:	bf00      	nop
    4532:	bf00      	nop
    4534:	bf00      	nop
    4536:	bf00      	nop
    4538:	bf00      	nop
    453a:	bf00      	nop
    453c:	bf00      	nop
    453e:	bf00      	nop
    4540:	bf00      	nop
    4542:	bf00      	nop
    4544:	bf00      	nop
    4546:	bf00      	nop
    4548:	bf00      	nop
    454a:	bf00      	nop
    const uint32_t v = base | ((uint32_t)nib << DSHIFT);
    454c:	f042 5130 	orr.w	r1, r2, #738197504	@ 0x2c000000
    GPIO9_DR = v | B_CLK;  spin<S>();
    4550:	f042 5b38 	orr.w	fp, r2, #771751936	@ 0x2e000000
    GPIO9_DR = v;
    4554:	6019      	str	r1, [r3, #0]
    GPIO9_DR = v | B_CLK;  spin<S>();
    4556:	f8c3 b000 	str.w	fp, [r3]
template <int S> struct Nop { static inline void go() { __asm__ volatile("nop"); Nop<S - 1>::go(); } };
    455a:	bf00      	nop
    455c:	bf00      	nop
    455e:	bf00      	nop
    4560:	bf00      	nop
    4562:	bf00      	nop
    4564:	bf00      	nop
    4566:	bf00      	nop
    4568:	bf00      	nop
    456a:	bf00      	nop
    456c:	bf00      	nop
    456e:	bf00      	nop
    4570:	bf00      	nop
    4572:	bf00      	nop
    4574:	bf00      	nop
    GPIO9_DR = v;          spin<S>();
    4576:	6019      	str	r1, [r3, #0]
template <int S> struct Nop { static inline void go() { __asm__ volatile("nop"); Nop<S - 1>::go(); } };
    4578:	bf00      	nop
    457a:	bf00      	nop
    457c:	bf00      	nop
    457e:	bf00      	nop
    4580:	bf00      	nop
    4582:	bf00      	nop
    4584:	bf00      	nop
    4586:	bf00      	nop
    4588:	bf00      	nop
    458a:	bf00      	nop
    458c:	bf00      	nop
    458e:	bf00      	nop
    4590:	bf00      	nop
    4592:	bf00      	nop
    const uint32_t v = base | ((uint32_t)nib << DSHIFT);
    4594:	f009 010f 	and.w	r1, r9, #15
    4598:	ea42 6181 	orr.w	r1, r2, r1, lsl #26
    GPIO9_DR = v | B_CLK;  spin<S>();
    459c:	f041 7b00 	orr.w	fp, r1, #33554432	@ 0x2000000
    GPIO9_DR = v;
    45a0:	6019      	str	r1, [r3, #0]
    GPIO9_DR = v | B_CLK;  spin<S>();
    45a2:	f8c3 b000 	str.w	fp, [r3]
template <int S> struct Nop { static inline void go() { __asm__ volatile("nop"); Nop<S - 1>::go(); } };
    45a6:	bf00      	nop
    45a8:	bf00      	nop
    45aa:	bf00      	nop
    45ac:	bf00      	nop
    45ae:	bf00      	nop
    45b0:	bf00      	nop
    45b2:	bf00      	nop
    45b4:	bf00      	nop
    45b6:	bf00      	nop
    45b8:	bf00      	nop
    45ba:	bf00      	nop
    45bc:	bf00      	nop
    45be:	bf00      	nop
    45c0:	bf00      	nop
    GPIO9_DR = v;          spin<S>();
    45c2:	6019      	str	r1, [r3, #0]
template <int S> struct Nop { static inline void go() { __asm__ volatile("nop"); Nop<S - 1>::go(); } };
    45c4:	bf00      	nop
    45c6:	bf00      	nop
    45c8:	bf00      	nop
    45ca:	bf00      	nop
    45cc:	bf00      	nop
    45ce:	bf00      	nop
    45d0:	bf00      	nop
    45d2:	bf00      	nop
    45d4:	bf00      	nop
    45d6:	bf00      	nop
    45d8:	bf00      	nop
    45da:	bf00      	nop
    45dc:	bf00      	nop
    45de:	bf00      	nop
    const uint32_t v = base | ((uint32_t)nib << DSHIFT);
    45e0:	f008 010f 	and.w	r1, r8, #15
    45e4:	ea42 6181 	orr.w	r1, r2, r1, lsl #26
    GPIO9_DR = v | B_CLK;  spin<S>();
    45e8:	f041 7b00 	orr.w	fp, r1, #33554432	@ 0x2000000
    GPIO9_DR = v;
    45ec:	6019      	str	r1, [r3, #0]
    GPIO9_DR = v | B_CLK;  spin<S>();
    45ee:	f8c3 b000 	str.w	fp, [r3]
template <int S> struct Nop { static inline void go() { __asm__ volatile("nop"); Nop<S - 1>::go(); } };
    45f2:	bf00      	nop
    45f4:	bf00      	nop
    45f6:	bf00      	nop
    45f8:	bf00      	nop
    45fa:	bf00      	nop
    45fc:	bf00      	nop
    45fe:	bf00      	nop
    4600:	bf00      	nop
    4602:	bf00      	nop
    4604:	bf00      	nop
    4606:	bf00      	nop
    4608:	bf00      	nop
    460a:	bf00      	nop
    460c:	bf00      	nop
    GPIO9_DR = v;          spin<S>();
    460e:	6019      	str	r1, [r3, #0]
template <int S> struct Nop { static inline void go() { __asm__ volatile("nop"); Nop<S - 1>::go(); } };
    4610:	bf00      	nop
    4612:	bf00      	nop
    4614:	bf00      	nop
    4616:	bf00      	nop
    4618:	bf00      	nop
    461a:	bf00      	nop
    461c:	bf00      	nop
    461e:	bf00      	nop
    4620:	bf00      	nop
    4622:	bf00      	nop
    4624:	bf00      	nop
    4626:	bf00      	nop
    4628:	bf00      	nop
    462a:	bf00      	nop
    const uint32_t v = base | ((uint32_t)nib << DSHIFT);
    462c:	f007 010f 	and.w	r1, r7, #15
    4630:	ea42 6181 	orr.w	r1, r2, r1, lsl #26
    GPIO9_DR = v | B_CLK;  spin<S>();
    4634:	f041 7b00 	orr.w	fp, r1, #33554432	@ 0x2000000
    GPIO9_DR = v;
    4638:	6019      	str	r1, [r3, #0]
    GPIO9_DR = v | B_CLK;  spin<S>();
    463a:	f8c3 b000 	str.w	fp, [r3]
template <int S> struct Nop { static inline void go() { __asm__ volatile("nop"); Nop<S - 1>::go(); } };
    463e:	bf00      	nop
    4640:	bf00      	nop
    4642:	bf00      	nop
    4644:	bf00      	nop
    4646:	bf00      	nop
    4648:	bf00      	nop
    464a:	bf00      	nop
    464c:	bf00      	nop
    464e:	bf00      	nop
    4650:	bf00      	nop
    4652:	bf00      	nop
    4654:	bf00      	nop
    4656:	bf00      	nop
    4658:	bf00      	nop
    GPIO9_DR = v;          spin<S>();
    465a:	6019      	str	r1, [r3, #0]
template <int S> struct Nop { static inline void go() { __asm__ volatile("nop"); Nop<S - 1>::go(); } };
    465c:	bf00      	nop
    465e:	bf00      	nop
    4660:	bf00      	nop
    4662:	bf00      	nop
    4664:	bf00      	nop
    4666:	bf00      	nop
    4668:	bf00      	nop
    466a:	bf00      	nop
    466c:	bf00      	nop
    466e:	bf00      	nop
    4670:	bf00      	nop
    4672:	bf00      	nop
    4674:	bf00      	nop
    4676:	bf00      	nop
    const uint32_t v = base | ((uint32_t)nib << DSHIFT);
    4678:	f006 010f 	and.w	r1, r6, #15
    467c:	ea42 6181 	orr.w	r1, r2, r1, lsl #26
    GPIO9_DR = v | B_CLK;  spin<S>();
    4680:	f041 7b00 	orr.w	fp, r1, #33554432	@ 0x2000000
    GPIO9_DR = v;
    4684:	6019      	str	r1, [r3, #0]
    GPIO9_DR = v | B_CLK;  spin<S>();
    4686:	f8c3 b000 	str.w	fp, [r3]
template <int S> struct Nop { static inline void go() { __asm__ volatile("nop"); Nop<S - 1>::go(); } };
    468a:	bf00      	nop
    468c:	bf00      	nop
    468e:	bf00      	nop
    4690:	bf00      	nop
    4692:	bf00      	nop
    4694:	bf00      	nop
    4696:	bf00      	nop
    4698:	bf00      	nop
    469a:	bf00      	nop
    469c:	bf00      	nop
    469e:	bf00      	nop
    46a0:	bf00      	nop
    46a2:	bf00      	nop
    46a4:	bf00      	nop
    GPIO9_DR = v;          spin<S>();
    46a6:	6019      	str	r1, [r3, #0]
template <int S> struct Nop { static inline void go() { __asm__ volatile("nop"); Nop<S - 1>::go(); } };
    46a8:	bf00      	nop
    46aa:	bf00      	nop
    46ac:	bf00      	nop
    46ae:	bf00      	nop
    46b0:	bf00      	nop
    46b2:	bf00      	nop
    46b4:	bf00      	nop
    46b6:	bf00      	nop
    46b8:	bf00      	nop
    46ba:	bf00      	nop
    46bc:	bf00      	nop
    46be:	bf00      	nop
    46c0:	bf00      	nop
    46c2:	bf00      	nop
    const uint32_t v = base | ((uint32_t)nib << DSHIFT);
    46c4:	f005 010f 	and.w	r1, r5, #15
    46c8:	ea42 6181 	orr.w	r1, r2, r1, lsl #26
    GPIO9_DR = v | B_CLK;  spin<S>();
    46cc:	f041 7b00 	orr.w	fp, r1, #33554432	@ 0x2000000
    GPIO9_DR = v;
    46d0:	6019      	str	r1, [r3, #0]
    GPIO9_DR = v | B_CLK;  spin<S>();
    46d2:	f8c3 b000 	str.w	fp, [r3]
template <int S> struct Nop { static inline void go() { __asm__ volatile("nop"); Nop<S - 1>::go(); } };
    46d6:	bf00      	nop
    46d8:	bf00      	nop
    46da:	bf00      	nop
    46dc:	bf00      	nop
    46de:	bf00      	nop
    46e0:	bf00      	nop
    46e2:	bf00      	nop
    46e4:	bf00      	nop
    46e6:	bf00      	nop
    46e8:	bf00      	nop
    46ea:	bf00      	nop
    46ec:	bf00      	nop
    46ee:	bf00      	nop
    46f0:	bf00      	nop
    GPIO9_DR = v;          spin<S>();
    46f2:	6019      	str	r1, [r3, #0]
template <int S> struct Nop { static inline void go() { __asm__ volatile("nop"); Nop<S - 1>::go(); } };
    46f4:	bf00      	nop
    46f6:	bf00      	nop
    46f8:	bf00      	nop
    46fa:	bf00      	nop
    46fc:	bf00      	nop
    46fe:	bf00      	nop
    4700:	bf00      	nop
    4702:	e009      	b.n	4718 <void bread<14>(unsigned long, unsigned char*, unsigned long)+0x26c>
    4704:	20006e10 	.word	0x20006e10
    4708:	4200c000 	.word	0x4200c000
    470c:	20001d20 	.word	0x20001d20
    4710:	20001d24 	.word	0x20001d24
    4714:	01400100 	.word	0x01400100
    4718:	bf00      	nop
    471a:	bf00      	nop
    471c:	bf00      	nop
    471e:	bf00      	nop
    4720:	bf00      	nop
    4722:	bf00      	nop
    4724:	bf00      	nop
    const uint32_t v = base | ((uint32_t)nib << DSHIFT);
    4726:	9901      	ldr	r1, [sp, #4]
    4728:	ea42 6181 	orr.w	r1, r2, r1, lsl #26
    GPIO9_DR = v | B_CLK;  spin<S>();
    472c:	f041 7b00 	orr.w	fp, r1, #33554432	@ 0x2000000
    GPIO9_DR = v;
    4730:	6019      	str	r1, [r3, #0]
    GPIO9_DR = v | B_CLK;  spin<S>();
    4732:	f8c3 b000 	str.w	fp, [r3]
template <int S> struct Nop { static inline void go() { __asm__ volatile("nop"); Nop<S - 1>::go(); } };
    4736:	bf00      	nop
    4738:	bf00      	nop
    473a:	bf00      	nop
    473c:	bf00      	nop
    473e:	bf00      	nop
    4740:	bf00      	nop
    4742:	bf00      	nop
    4744:	bf00      	nop
    4746:	bf00      	nop
    4748:	bf00      	nop
    474a:	bf00      	nop
    474c:	bf00      	nop
    474e:	bf00      	nop
    4750:	bf00      	nop
    GPIO9_DR = v;          spin<S>();
    4752:	6019      	str	r1, [r3, #0]
template <int S> struct Nop { static inline void go() { __asm__ volatile("nop"); Nop<S - 1>::go(); } };
    4754:	bf00      	nop
    4756:	bf00      	nop
    4758:	bf00      	nop
    475a:	bf00      	nop
    475c:	bf00      	nop
    475e:	bf00      	nop
    4760:	bf00      	nop
    4762:	bf00      	nop
    4764:	bf00      	nop
    4766:	bf00      	nop
    4768:	bf00      	nop
    476a:	bf00      	nop
    476c:	bf00      	nop
    476e:	bf00      	nop
static inline void data_in(void) { GPIO9_GDIR &= ~B_DATA; }
    4770:	6859      	ldr	r1, [r3, #4]
        for (int k = 0; k < 6; k++) { GPIO9_DR = b | B_CLK; spin<S>(); GPIO9_DR = b; spin<S>(); }
    4772:	f04f 0b06 	mov.w	fp, #6
static inline void data_in(void) { GPIO9_GDIR &= ~B_DATA; }
    4776:	f021 5170 	bic.w	r1, r1, #1006632960	@ 0x3c000000
    477a:	6059      	str	r1, [r3, #4]
        for (int k = 0; k < 6; k++) { GPIO9_DR = b | B_CLK; spin<S>(); GPIO9_DR = b; spin<S>(); }
    477c:	f042 7100 	orr.w	r1, r2, #33554432	@ 0x2000000
    4780:	6019      	str	r1, [r3, #0]
template <int S> struct Nop { static inline void go() { __asm__ volatile("nop"); Nop<S - 1>::go(); } };
    4782:	bf00      	nop
    4784:	bf00      	nop
    4786:	bf00      	nop
    4788:	bf00      	nop
    478a:	bf00      	nop
    478c:	bf00      	nop
    478e:	bf00      	nop
    4790:	bf00      	nop
    4792:	bf00      	nop
    4794:	bf00      	nop
    4796:	bf00      	nop
    4798:	bf00      	nop
    479a:	bf00      	nop
    479c:	bf00      	nop
        for (int k = 0; k < 6; k++) { GPIO9_DR = b | B_CLK; spin<S>(); GPIO9_DR = b; spin<S>(); }
    479e:	601a      	str	r2, [r3, #0]
template <int S> struct Nop { static inline void go() { __asm__ volatile("nop"); Nop<S - 1>::go(); } };
    47a0:	bf00      	nop
    47a2:	bf00      	nop
    47a4:	bf00      	nop
    47a6:	bf00      	nop
    47a8:	bf00      	nop
    47aa:	bf00      	nop
    47ac:	bf00      	nop
    47ae:	bf00      	nop
    47b0:	bf00      	nop
    47b2:	bf00      	nop
    47b4:	bf00      	nop
    47b6:	bf00      	nop
    47b8:	bf00      	nop
    47ba:	bf00      	nop
        for (int k = 0; k < 6; k++) { GPIO9_DR = b | B_CLK; spin<S>(); GPIO9_DR = b; spin<S>(); }
    47bc:	f1bb 0b01 	subs.w	fp, fp, #1
    47c0:	d1de      	bne.n	4780 <void bread<14>(unsigned long, unsigned char*, unsigned long)+0x2d4>
        for (uint32_t i = 0; i < n; i++) {
    47c2:	f1be 0f00 	cmp.w	lr, #0
    47c6:	d061      	beq.n	488c <void bread<14>(unsigned long, unsigned char*, unsigned long)+0x3e0>
    47c8:	f10c 37ff 	add.w	r7, ip, #4294967295
    47cc:	44f4      	add	ip, lr
    47ce:	f10c 38ff 	add.w	r8, ip, #4294967295
    GPIO9_DR = base | B_CLK;  spin<S>();
    47d2:	6019      	str	r1, [r3, #0]
template <int S> struct Nop { static inline void go() { __asm__ volatile("nop"); Nop<S - 1>::go(); } };
    47d4:	bf00      	nop
    47d6:	bf00      	nop
    47d8:	bf00      	nop
    47da:	bf00      	nop
    47dc:	bf00      	nop
    47de:	bf00      	nop
    47e0:	bf00      	nop
    47e2:	bf00      	nop
    47e4:	bf00      	nop
    47e6:	bf00      	nop
    47e8:	bf00      	nop
    47ea:	bf00      	nop
    47ec:	bf00      	nop
    47ee:	bf00      	nop
    const uint8_t n = (uint8_t)((GPIO9_PSR >> DSHIFT) & 0xF);
    47f0:	689e      	ldr	r6, [r3, #8]
    GPIO9_DR = base;          spin<S>();
    47f2:	601a      	str	r2, [r3, #0]
template <int S> struct Nop { static inline void go() { __asm__ volatile("nop"); Nop<S - 1>::go(); } };
    47f4:	bf00      	nop
    47f6:	bf00      	nop
    47f8:	bf00      	nop
    47fa:	bf00      	nop
    47fc:	bf00      	nop
    47fe:	bf00      	nop
    4800:	bf00      	nop
    4802:	bf00      	nop
    4804:	bf00      	nop
    4806:	bf00      	nop
    4808:	bf00      	nop
    480a:	bf00      	nop
    480c:	bf00      	nop
    480e:	bf00      	nop
    GPIO9_DR = base | B_CLK;  spin<S>();
    4810:	6019      	str	r1, [r3, #0]
template <int S> struct Nop { static inline void go() { __asm__ volatile("nop"); Nop<S - 1>::go(); } };
    4812:	bf00      	nop
    4814:	bf00      	nop
    4816:	bf00      	nop
    4818:	bf00      	nop
    481a:	bf00      	nop
    481c:	bf00      	nop
    481e:	bf00      	nop
    4820:	bf00      	nop
    4822:	bf00      	nop
    4824:	bf00      	nop
    4826:	bf00      	nop
    4828:	bf00      	nop
    482a:	bf00      	nop
    482c:	bf00      	nop
    const uint8_t n = (uint8_t)((GPIO9_PSR >> DSHIFT) & 0xF);
    482e:	689d      	ldr	r5, [r3, #8]
    GPIO9_DR = base;          spin<S>();
    4830:	601a      	str	r2, [r3, #0]
template <int S> struct Nop { static inline void go() { __asm__ volatile("nop"); Nop<S - 1>::go(); } };
    4832:	bf00      	nop
    4834:	bf00      	nop
    4836:	bf00      	nop
    4838:	bf00      	nop
    483a:	bf00      	nop
    483c:	bf00      	nop
    483e:	bf00      	nop
    4840:	bf00      	nop
    4842:	bf00      	nop
    4844:	bf00      	nop
    4846:	bf00      	nop
    4848:	bf00      	nop
    484a:	bf00      	nop
    484c:	bf00      	nop
    const uint8_t n = (uint8_t)((GPIO9_PSR >> DSHIFT) & 0xF);
    484e:	0eb6      	lsrs	r6, r6, #26
    4850:	f3c5 6583 	ubfx	r5, r5, #26, #4
            d[i] = (uint8_t)((hi << 4) | get_nib<S>(b));
    4854:	ea45 1506 	orr.w	r5, r5, r6, lsl #4
    4858:	f807 5f01 	strb.w	r5, [r7, #1]!
        for (uint32_t i = 0; i < n; i++) {
    485c:	4547      	cmp	r7, r8
    485e:	d1b8      	bne.n	47d2 <void bread<14>(unsigned long, unsigned char*, unsigned long)+0x326>
        GPIO9_DR = idle; bus_out();
    4860:	4a10      	ldr	r2, [pc, #64]	@ (48a4 <void bread<14>(unsigned long, unsigned char*, unsigned long)+0x3f8>)
    while (len) {
    4862:	ebb4 040e 	subs.w	r4, r4, lr
        GPIO9_DR = idle; bus_out();
    4866:	6812      	ldr	r2, [r2, #0]
    4868:	601a      	str	r2, [r3, #0]
static inline void bus_out(void) { GPIO9_GDIR |= (B_DATA | B_CLK | B_SS0 | B_SS1); }
    486a:	6859      	ldr	r1, [r3, #4]
    486c:	f041 517d 	orr.w	r1, r1, #1061158912	@ 0x3f400000
    4870:	6059      	str	r1, [r3, #4]
    while (len) {
    4872:	d013      	beq.n	489c <void bread<14>(unsigned long, unsigned char*, unsigned long)+0x3f0>
        a += n; d += n; len -= n;
    4874:	4470      	add	r0, lr
    4876:	f000 010f 	and.w	r1, r0, #15
    487a:	ea4f 5910 	mov.w	r9, r0, lsr #20
    487e:	ea4f 4810 	mov.w	r8, r0, lsr #16
    4882:	0b07      	lsrs	r7, r0, #12
    4884:	9101      	str	r1, [sp, #4]
    4886:	0a06      	lsrs	r6, r0, #8
    4888:	0905      	lsrs	r5, r0, #4
    488a:	e626      	b.n	44da <void bread<14>(unsigned long, unsigned char*, unsigned long)+0x2e>
        GPIO9_DR = idle; bus_out();
    488c:	4a05      	ldr	r2, [pc, #20]	@ (48a4 <void bread<14>(unsigned long, unsigned char*, unsigned long)+0x3f8>)
    488e:	6812      	ldr	r2, [r2, #0]
    4890:	601a      	str	r2, [r3, #0]
static inline void bus_out(void) { GPIO9_GDIR |= (B_DATA | B_CLK | B_SS0 | B_SS1); }
    4892:	6859      	ldr	r1, [r3, #4]
    4894:	f041 517d 	orr.w	r1, r1, #1061158912	@ 0x3f400000
    4898:	6059      	str	r1, [r3, #4]
    while (len) {
    489a:	e61e      	b.n	44da <void bread<14>(unsigned long, unsigned char*, unsigned long)+0x2e>
}
    489c:	b003      	add	sp, #12
    489e:	e8bd 8ff0 	ldmia.w	sp!, {r4, r5, r6, r7, r8, r9, sl, fp, pc}
    48a2:	4770      	bx	lr
    48a4:	20006e10 	.word	0x20006e10

000048a8 <enter_quad_here()>:
{
    48a8:	e92d 43f8 	stmdb	sp!, {r3, r4, r5, r6, r7, r8, r9, lr}
    return (idle | B_SS0 | B_SS1 | B_DEC) & ~g_csbit & ~B_CLK & ~B_DATA;
    48ac:	4e4f      	ldr	r6, [pc, #316]	@ (49ec <enter_quad_here()+0x144>)
    48ae:	4950      	ldr	r1, [pc, #320]	@ (49f0 <enter_quad_here()+0x148>)
    48b0:	6830      	ldr	r0, [r6, #0]
    48b2:	4a50      	ldr	r2, [pc, #320]	@ (49f4 <enter_quad_here()+0x14c>)
    48b4:	6809      	ldr	r1, [r1, #0]
static inline void bus_out(void) { GPIO9_GDIR |= (B_DATA | B_CLK | B_SS0 | B_SS1); }
    48b6:	4b50      	ldr	r3, [pc, #320]	@ (49f8 <enter_quad_here()+0x150>)
    return (idle | B_SS0 | B_SS1 | B_DEC) & ~g_csbit & ~B_CLK & ~B_DATA;
    48b8:	4302      	orrs	r2, r0
static inline void bus_out(void) { GPIO9_GDIR |= (B_DATA | B_CLK | B_SS0 | B_SS1); }
    48ba:	6858      	ldr	r0, [r3, #4]
    return (idle | B_SS0 | B_SS1 | B_DEC) & ~g_csbit & ~B_CLK & ~B_DATA;
    48bc:	ea22 0201 	bic.w	r2, r2, r1
static inline void bus_out(void) { GPIO9_GDIR |= (B_DATA | B_CLK | B_SS0 | B_SS1); }
    48c0:	f040 507d 	orr.w	r0, r0, #1061158912	@ 0x3f400000
    return (idle | B_SS0 | B_SS1 | B_DEC) & ~g_csbit & ~B_CLK & ~B_DATA;
    48c4:	f022 5178 	bic.w	r1, r2, #1040187392	@ 0x3e000000
    GPIO9_DR = v | B_CLK;  spin<S>();
    48c8:	f042 5278 	orr.w	r2, r2, #1040187392	@ 0x3e000000
static inline void bus_out(void) { GPIO9_GDIR |= (B_DATA | B_CLK | B_SS0 | B_SS1); }
    48cc:	6058      	str	r0, [r3, #4]
    const uint32_t v = base | ((uint32_t)nib << DSHIFT);
    48ce:	f041 5070 	orr.w	r0, r1, #1006632960	@ 0x3c000000
    GPIO9_DR = b; put_nib<10>(b, 0xF); put_nib<10>(b, 0x5); GPIO9_DR = idle;
    48d2:	6019      	str	r1, [r3, #0]
    const uint32_t b4 = b | (1u << 28) | (1u << 29);
    48d4:	f041 5440 	orr.w	r4, r1, #805306368	@ 0x30000000
    GPIO9_DR = v;
    48d8:	6018      	str	r0, [r3, #0]
    GPIO9_DR = v | B_CLK;  spin<S>();
    48da:	601a      	str	r2, [r3, #0]
template <int S> struct Nop { static inline void go() { __asm__ volatile("nop"); Nop<S - 1>::go(); } };
    48dc:	bf00      	nop
    48de:	bf00      	nop
    48e0:	bf00      	nop
    48e2:	bf00      	nop
    48e4:	bf00      	nop
    48e6:	bf00      	nop
    48e8:	bf00      	nop
    48ea:	bf00      	nop
    48ec:	bf00      	nop
    48ee:	bf00      	nop
    GPIO9_DR = v;          spin<S>();
    48f0:	6018      	str	r0, [r3, #0]
template <int S> struct Nop { static inline void go() { __asm__ volatile("nop"); Nop<S - 1>::go(); } };
    48f2:	bf00      	nop
    48f4:	bf00      	nop
    48f6:	bf00      	nop
    48f8:	bf00      	nop
    48fa:	bf00      	nop
    48fc:	bf00      	nop
    48fe:	bf00      	nop
    4900:	bf00      	nop
    4902:	bf00      	nop
    4904:	bf00      	nop
    const uint32_t v = base | ((uint32_t)nib << DSHIFT);
    4906:	f041 52a0 	orr.w	r2, r1, #335544320	@ 0x14000000
    GPIO9_DR = v | B_CLK;  spin<S>();
    490a:	f041 51b0 	orr.w	r1, r1, #369098752	@ 0x16000000
    GPIO9_DR = v;
    490e:	601a      	str	r2, [r3, #0]
    GPIO9_DR = v | B_CLK;  spin<S>();
    4910:	6019      	str	r1, [r3, #0]
template <int S> struct Nop { static inline void go() { __asm__ volatile("nop"); Nop<S - 1>::go(); } };
    4912:	bf00      	nop
    4914:	bf00      	nop
    4916:	bf00      	nop
    4918:	bf00      	nop
    491a:	bf00      	nop
    491c:	bf00      	nop
    491e:	bf00      	nop
    4920:	bf00      	nop
    4922:	bf00      	nop
    4924:	bf00      	nop
    GPIO9_DR = v;          spin<S>();
    4926:	601a      	str	r2, [r3, #0]
template <int S> struct Nop { static inline void go() { __asm__ volatile("nop"); Nop<S - 1>::go(); } };
    4928:	bf00      	nop
    492a:	bf00      	nop
    492c:	bf00      	nop
    492e:	bf00      	nop
    4930:	bf00      	nop
    4932:	bf00      	nop
    4934:	bf00      	nop
    4936:	bf00      	nop
    4938:	bf00      	nop
    493a:	bf00      	nop
    GPIO9_DR = b; put_nib<10>(b, 0xF); put_nib<10>(b, 0x5); GPIO9_DR = idle;
    493c:	6837      	ldr	r7, [r6, #0]
	uint32_t begin = ARM_DWT_CYCCNT;
    493e:	f8df 80c4 	ldr.w	r8, [pc, #196]	@ 4a04 <enter_quad_here()+0x15c>
    4942:	601f      	str	r7, [r3, #0]
	uint32_t cycles = F_CPU_ACTUAL / 1000000 * usec;
    4944:	f103 738d 	add.w	r3, r3, #18481152	@ 0x11a0000
    4948:	4d2c      	ldr	r5, [pc, #176]	@ (49fc <enter_quad_here()+0x154>)
    494a:	f503 338f 	add.w	r3, r3, #73216	@ 0x11e00
	uint32_t begin = ARM_DWT_CYCCNT;
    494e:	f8d8 1004 	ldr.w	r1, [r8, #4]
	uint32_t cycles = F_CPU_ACTUAL / 1000000 * usec;
    4952:	682a      	ldr	r2, [r5, #0]
    4954:	3383      	adds	r3, #131	@ 0x83
    4956:	fba3 3202 	umull	r3, r2, r3, r2
    495a:	0c92      	lsrs	r2, r2, #18
    495c:	eb02 0282 	add.w	r2, r2, r2, lsl #2
	while (ARM_DWT_CYCCNT - begin < cycles) ; // wait
    4960:	f8d8 3004 	ldr.w	r3, [r8, #4]
    4964:	1a5b      	subs	r3, r3, r1
    4966:	429a      	cmp	r2, r3
    4968:	d8fa      	bhi.n	4960 <enter_quad_here()+0xb8>
    GPIO9_DR = b4; s_byte<10>(b4, 0x66); GPIO9_DR = idle; delayMicroseconds(5);
    496a:	f8df 908c 	ldr.w	r9, [pc, #140]	@ 49f8 <enter_quad_here()+0x150>
    496e:	2166      	movs	r1, #102	@ 0x66
    4970:	4620      	mov	r0, r4
    4972:	f8c9 4000 	str.w	r4, [r9]
    4976:	f7fb fca5 	bl	2c4 <void s_byte<10>(unsigned long, unsigned char)>
    497a:	f8c9 7000 	str.w	r7, [r9]
	uint32_t cycles = F_CPU_ACTUAL / 1000000 * usec;
    497e:	4b20      	ldr	r3, [pc, #128]	@ (4a00 <enter_quad_here()+0x158>)
	uint32_t begin = ARM_DWT_CYCCNT;
    4980:	f8d8 1004 	ldr.w	r1, [r8, #4]
	uint32_t cycles = F_CPU_ACTUAL / 1000000 * usec;
    4984:	682a      	ldr	r2, [r5, #0]
	while (ARM_DWT_CYCCNT - begin < cycles) ; // wait
    4986:	f8df 807c 	ldr.w	r8, [pc, #124]	@ 4a04 <enter_quad_here()+0x15c>
	uint32_t cycles = F_CPU_ACTUAL / 1000000 * usec;
    498a:	fba3 3202 	umull	r3, r2, r3, r2
    498e:	0c92      	lsrs	r2, r2, #18
    4990:	eb02 0282 	add.w	r2, r2, r2, lsl #2
	while (ARM_DWT_CYCCNT - begin < cycles) ; // wait
    4994:	f8d8 3004 	ldr.w	r3, [r8, #4]
    4998:	1a5b      	subs	r3, r3, r1
    499a:	429a      	cmp	r2, r3
    499c:	d8fa      	bhi.n	4994 <enter_quad_here()+0xec>
    GPIO9_DR = b4; s_byte<10>(b4, 0x99); GPIO9_DR = idle; delay(2);
    499e:	f8df 9058 	ldr.w	r9, [pc, #88]	@ 49f8 <enter_quad_here()+0x150>
    49a2:	2199      	movs	r1, #153	@ 0x99
    49a4:	4620      	mov	r0, r4
    49a6:	f8c9 4000 	str.w	r4, [r9]
    49aa:	f7fb fc8b 	bl	2c4 <void s_byte<10>(unsigned long, unsigned char)>
    49ae:	2002      	movs	r0, #2
    49b0:	f8c9 7000 	str.w	r7, [r9]
    49b4:	f003 f974 	bl	7ca0 <delay>
    GPIO9_DR = b4; s_byte<10>(b4, 0x35); GPIO9_DR = idle; delayMicroseconds(50);
    49b8:	4620      	mov	r0, r4
    49ba:	2135      	movs	r1, #53	@ 0x35
    49bc:	f8c9 4000 	str.w	r4, [r9]
    49c0:	f7fb fc80 	bl	2c4 <void s_byte<10>(unsigned long, unsigned char)>
    49c4:	6832      	ldr	r2, [r6, #0]
	uint32_t cycles = F_CPU_ACTUAL / 1000000 * usec;
    49c6:	4b0e      	ldr	r3, [pc, #56]	@ (4a00 <enter_quad_here()+0x158>)
    49c8:	2432      	movs	r4, #50	@ 0x32
    49ca:	f8c9 2000 	str.w	r2, [r9]
	uint32_t begin = ARM_DWT_CYCCNT;
    49ce:	f8d8 0004 	ldr.w	r0, [r8, #4]
	uint32_t cycles = F_CPU_ACTUAL / 1000000 * usec;
    49d2:	682a      	ldr	r2, [r5, #0]
	while (ARM_DWT_CYCCNT - begin < cycles) ; // wait
    49d4:	490b      	ldr	r1, [pc, #44]	@ (4a04 <enter_quad_here()+0x15c>)
	uint32_t cycles = F_CPU_ACTUAL / 1000000 * usec;
    49d6:	fba3 3202 	umull	r3, r2, r3, r2
    49da:	0c92      	lsrs	r2, r2, #18
    49dc:	fb04 f202 	mul.w	r2, r4, r2
	while (ARM_DWT_CYCCNT - begin < cycles) ; // wait
    49e0:	684b      	ldr	r3, [r1, #4]
    49e2:	1a1b      	subs	r3, r3, r0
    49e4:	429a      	cmp	r2, r3
    49e6:	d8fb      	bhi.n	49e0 <enter_quad_here()+0x138>
}
    49e8:	e8bd 83f8 	ldmia.w	sp!, {r3, r4, r5, r6, r7, r8, r9, pc}
    49ec:	20006e10 	.word	0x20006e10
    49f0:	20001d24 	.word	0x20001d24
    49f4:	01400100 	.word	0x01400100
    49f8:	4200c000 	.word	0x4200c000
    49fc:	20001c4c 	.word	0x20001c4c
    4a00:	431bde83 	.word	0x431bde83
    4a04:	e0001000 	.word	0xe0001000

00004a08 <stage3_timing()>:

/* Per bank: the fastest setting that is clean over a real span, then one step of margin. The window
 * is found per direction and the chosen pair is confirmed together, because two single-variable
 * sweeps can each pass while the combination fails -- on the breadboard they did. */
static void stage3_timing(void)
{
    4a08:	e92d 4ff0 	stmdb	sp!, {r4, r5, r6, r7, r8, r9, sl, fp, lr}
	// Discard all received data which has not been read.
        virtual void clear(void) { usb_serial_flush_input(); }
	// Transmit a single byte to your PC
        virtual size_t write(uint8_t c) { return usb_serial_putchar(c); }
	// Transmit a buffer containing any number of bytes to your PC
        virtual size_t write(const uint8_t *buffer, size_t size) { return usb_serial_write(buffer, size); }
    4a0c:	213f      	movs	r1, #63	@ 0x3f
    4a0e:	48bb      	ldr	r0, [pc, #748]	@ (4cfc <stage3_timing()+0x2f4>)
    4a10:	ed2d 8b08 	vpush	{d8-d11}
    4a14:	b08d      	sub	sp, #52	@ 0x34
    4a16:	f004 fc5b 	bl	92d0 <usb_serial_write>
	// Print a single character and newline
	size_t println(char c)				{ return print(c) + println(); }
	// Print a string and newline
	size_t println(const char s[])			{ return print(s) + println(); }
	// Print a string and newline
	size_t println(const __FlashStringHelper *f)	{ return print(f) + println(); }
    4a1a:	48b9      	ldr	r0, [pc, #740]	@ (4d00 <stage3_timing()+0x2f8>)
    4a1c:	f002 fee4 	bl	77e8 <Print::println()>
    4a20:	2147      	movs	r1, #71	@ 0x47
    4a22:	48b8      	ldr	r0, [pc, #736]	@ (4d04 <stage3_timing()+0x2fc>)
    4a24:	f004 fc54 	bl	92d0 <usb_serial_write>
    4a28:	48b5      	ldr	r0, [pc, #724]	@ (4d00 <stage3_timing()+0x2f8>)
    4a2a:	f002 fedd 	bl	77e8 <Print::println()>
    4a2e:	214e      	movs	r1, #78	@ 0x4e
    4a30:	48b5      	ldr	r0, [pc, #724]	@ (4d08 <stage3_timing()+0x300>)
    4a32:	f004 fc4d 	bl	92d0 <usb_serial_write>
    4a36:	48b2      	ldr	r0, [pc, #712]	@ (4d00 <stage3_timing()+0x2f8>)
    4a38:	f002 fed6 	bl	77e8 <Print::println()>
    const uint32_t span = 256u * 1024u;
    Serial.println(F("\n[3] timing, per bank. 20.2 ns/nibble is the FlexSPI threshold."));
    Serial.println(F("    bank  write       read        W MB/s   R MB/s   ns/nib  controller?"));
    Serial.println(F("          (edge->used) (edge->used)   -- PROVISIONAL. stage 6 qualifies these."));

    for (int b = 0; b < g_nbank; b++) {
    4a3c:	4bb3      	ldr	r3, [pc, #716]	@ (4d0c <stage3_timing()+0x304>)
    4a3e:	781b      	ldrb	r3, [r3, #0]
    4a40:	2b00      	cmp	r3, #0
    4a42:	f000 822e 	beq.w	4ea2 <stage3_timing()+0x49a>
    4a46:	4bb2      	ldr	r3, [pc, #712]	@ (4d10 <stage3_timing()+0x308>)
    4a48:	223b      	movs	r2, #59	@ 0x3b
            for (uint32_t i = 0; i < BLK; i++) ref[i] = pat((uint8_t)b, off + i);
            uint32_t t = ARM_DWT_CYCCNT; WF[wsafe](off, ref, BLK); wc += ARM_DWT_CYCCNT - t;
            t = ARM_DWT_CYCCNT;          RF[rsafe_final](off, buf, BLK); rc += ARM_DWT_CYCCNT - t;
            for (uint32_t i = 0; i < BLK; i++) if (buf[i] != ref[i]) bad++;
        }
        const float wmb = (float)span / ((float)wc / (float)F_CPU_ACTUAL) / 1e6f;
    4a4a:	eddf 9ab2 	vldr	s19, [pc, #712]	@ 4d14 <stage3_timing()+0x30c>
    4a4e:	9304      	str	r3, [sp, #16]
    4a50:	4bb1      	ldr	r3, [pc, #708]	@ (4d18 <stage3_timing()+0x310>)
    4a52:	ed9f 9ab2 	vldr	s18, [pc, #712]	@ 4d1c <stage3_timing()+0x314>
    4a56:	9309      	str	r3, [sp, #36]	@ 0x24
    4a58:	4bb1      	ldr	r3, [pc, #708]	@ (4d20 <stage3_timing()+0x318>)
        const float rmb = (float)span / ((float)rc / (float)F_CPU_ACTUAL) / 1e6f;
        const float ns  = 1000.0f / (rmb * 2.0f);      /* two nibbles to a byte */
    4a5a:	ed9f bab2 	vldr	s22, [pc, #712]	@ 4d24 <stage3_timing()+0x31c>
    4a5e:	9305      	str	r3, [sp, #20]
    4a60:	4bb1      	ldr	r3, [pc, #708]	@ (4d28 <stage3_timing()+0x320>)
        Serial.print(wmb, 2);       Serial.print(F("    "));
        Serial.print(rmb, 2);       Serial.print(F("    "));
        g_ns[b] = bad ? 0.0f : ns;
        Serial.print(ns, 1);        Serial.print(F("       "));
        if (bad) Serial.println(F("-- never came clean"));
        else     Serial.println(ns < 20.2f ? F("IN REACH") : F("too slow"));
    4a62:	eddf aab2 	vldr	s21, [pc, #712]	@ 4d2c <stage3_timing()+0x324>
    4a66:	9303      	str	r3, [sp, #12]
    for (int b = 0; b < g_nbank; b++) {
    4a68:	2300      	movs	r3, #0
    4a6a:	f8df 9304 	ldr.w	r9, [pc, #772]	@ 4d70 <stage3_timing()+0x368>
    4a6e:	f8df 8304 	ldr.w	r8, [pc, #772]	@ 4d74 <stage3_timing()+0x36c>
    4a72:	4faf      	ldr	r7, [pc, #700]	@ (4d30 <stage3_timing()+0x328>)
        g_ns[b] = bad ? 0.0f : ns;
    4a74:	ed9f aaaf 	vldr	s20, [pc, #700]	@ 4d34 <stage3_timing()+0x32c>
    for (int b = 0; b < g_nbank; b++) {
    4a78:	e9cd 2300 	strd	r2, r3, [sp]
    if (b == g_cur) return;                        /* re-selecting costs microseconds; skip it */
    4a7c:	4bae      	ldr	r3, [pc, #696]	@ (4d38 <stage3_timing()+0x330>)
    4a7e:	9a01      	ldr	r2, [sp, #4]
    4a80:	f993 3000 	ldrsb.w	r3, [r3]
    4a84:	4293      	cmp	r3, r2
    4a86:	d002      	beq.n	4a8e <stage3_timing()+0x86>
    4a88:	4610      	mov	r0, r2
    4a8a:	f7fb fb9f 	bl	1cc <use_bank(int) [clone .part.0]>
        use_bank(b); enter_quad_here();
    4a8e:	f7ff ff0b 	bl	48a8 <enter_quad_here()>
        g_burst = 32;          /* inside the 8 us refresh limit at every setting in the table, so a
    4a92:	2600      	movs	r6, #0
    4a94:	2320      	movs	r3, #32
    4a96:	4aa9      	ldr	r2, [pc, #676]	@ (4d3c <stage3_timing()+0x334>)
    4a98:	6013      	str	r3, [r2, #0]
            for (uint32_t off = 0; off < span; off += BLK) {
    4a9a:	f04f 0a00 	mov.w	sl, #0
    4a9e:	00b5      	lsls	r5, r6, #2
            uint32_t bad = 0;
    4aa0:	4654      	mov	r4, sl
    for (int b = 0; b < g_nbank; b++) {
    4aa2:	4aa7      	ldr	r2, [pc, #668]	@ (4d40 <stage3_timing()+0x338>)
    4aa4:	9b00      	ldr	r3, [sp, #0]
                for (uint32_t i = 0; i < BLK; i++) ref[i] = pat((uint8_t)b, off + i);
    4aa6:	f802 3f01 	strb.w	r3, [r2, #1]!
    4aaa:	454a      	cmp	r2, r9
    4aac:	f1a3 0363 	sub.w	r3, r3, #99	@ 0x63
    4ab0:	d1f9      	bne.n	4aa6 <stage3_timing()+0x9e>
                WF[7](off, ref, BLK);
    4ab2:	f44f 5200 	mov.w	r2, #8192	@ 0x2000
    4ab6:	49a3      	ldr	r1, [pc, #652]	@ (4d44 <stage3_timing()+0x33c>)
    4ab8:	4620      	mov	r0, r4
    4aba:	f7fc fcb1 	bl	1420 <void bwrite<16>(unsigned long, unsigned char const*, unsigned long)>
                RF[k](off, buf, BLK);
    4abe:	f44f 5200 	mov.w	r2, #8192	@ 0x2000
    4ac2:	f858 3005 	ldr.w	r3, [r8, r5]
    4ac6:	4620      	mov	r0, r4
    4ac8:	499f      	ldr	r1, [pc, #636]	@ (4d48 <stage3_timing()+0x340>)
    4aca:	4798      	blx	r3
    4acc:	f5a9 5200 	sub.w	r2, r9, #8192	@ 0x2000
    4ad0:	4b9e      	ldr	r3, [pc, #632]	@ (4d4c <stage3_timing()+0x344>)
                for (uint32_t i = 0; i < BLK; i++) if (buf[i] != ref[i]) bad++;
    4ad2:	f813 1f01 	ldrb.w	r1, [r3, #1]!
    4ad6:	f812 0f01 	ldrb.w	r0, [r2, #1]!
    4ada:	4288      	cmp	r0, r1
    4adc:	bf18      	it	ne
    4ade:	f10a 0a01 	addne.w	sl, sl, #1
    4ae2:	42bb      	cmp	r3, r7
    4ae4:	d1f5      	bne.n	4ad2 <stage3_timing()+0xca>
            for (uint32_t off = 0; off < span; off += BLK) {
    4ae6:	f504 5400 	add.w	r4, r4, #8192	@ 0x2000
    4aea:	f5b4 2f80 	cmp.w	r4, #262144	@ 0x40000
    4aee:	d1d8      	bne.n	4aa2 <stage3_timing()+0x9a>
            if (bad == 0) { ri = (int)k; break; }
    4af0:	f1ba 0f00 	cmp.w	sl, #0
    4af4:	f000 81da 	beq.w	4eac <stage3_timing()+0x4a4>
        for (unsigned k = 0; k < NSET; k++) {
    4af8:	3601      	adds	r6, #1
    4afa:	2e0a      	cmp	r6, #10
    4afc:	d1cd      	bne.n	4a9a <stage3_timing()+0x92>
    4afe:	f04f 3aff 	mov.w	sl, #4294967295
        const int rsafe = (ri < 0) ? (int)NSET - 1 : ((ri + 1 < (int)NSET) ? ri + 1 : ri);
    4b02:	2509      	movs	r5, #9
        for (unsigned k = 0; k < NSET; k++) {
    4b04:	f8cd a008 	str.w	sl, [sp, #8]
    4b08:	2200      	movs	r2, #0
    4b0a:	46aa      	mov	sl, r5
            for (uint32_t off = 0; off < span; off += BLK) {
    4b0c:	2600      	movs	r6, #0
    4b0e:	0095      	lsls	r5, r2, #2
    4b10:	9206      	str	r2, [sp, #24]
            uint32_t bad = 0;
    4b12:	4634      	mov	r4, r6
        const int rsafe = (ri < 0) ? (int)NSET - 1 : ((ri + 1 < (int)NSET) ? ri + 1 : ri);
    4b14:	f5a9 5200 	sub.w	r2, r9, #8192	@ 0x2000
    4b18:	9b00      	ldr	r3, [sp, #0]
                for (uint32_t i = 0; i < BLK; i++) ref[i] = pat((uint8_t)b, off + i);
    4b1a:	f802 3f01 	strb.w	r3, [r2, #1]!
    4b1e:	454a      	cmp	r2, r9
    4b20:	f1a3 0363 	sub.w	r3, r3, #99	@ 0x63
    4b24:	d1f9      	bne.n	4b1a <stage3_timing()+0x112>
                WF[k](off, ref, BLK);
    4b26:	4b8a      	ldr	r3, [pc, #552]	@ (4d50 <stage3_timing()+0x348>)
    4b28:	f44f 5200 	mov.w	r2, #8192	@ 0x2000
    4b2c:	4985      	ldr	r1, [pc, #532]	@ (4d44 <stage3_timing()+0x33c>)
    4b2e:	4630      	mov	r0, r6
    4b30:	595b      	ldr	r3, [r3, r5]
    4b32:	4798      	blx	r3
                RF[rsafe](off, buf, BLK);
    4b34:	f44f 5200 	mov.w	r2, #8192	@ 0x2000
    4b38:	f858 302a 	ldr.w	r3, [r8, sl, lsl #2]
    4b3c:	4630      	mov	r0, r6
    4b3e:	4982      	ldr	r1, [pc, #520]	@ (4d48 <stage3_timing()+0x340>)
    4b40:	4798      	blx	r3
    4b42:	f5a9 5200 	sub.w	r2, r9, #8192	@ 0x2000
    4b46:	4b81      	ldr	r3, [pc, #516]	@ (4d4c <stage3_timing()+0x344>)
                for (uint32_t i = 0; i < BLK; i++) if (buf[i] != ref[i]) bad++;
    4b48:	f813 1f01 	ldrb.w	r1, [r3, #1]!
    4b4c:	f812 0f01 	ldrb.w	r0, [r2, #1]!
    4b50:	4288      	cmp	r0, r1
    4b52:	bf18      	it	ne
    4b54:	3401      	addne	r4, #1
    4b56:	42bb      	cmp	r3, r7
    4b58:	d1f6      	bne.n	4b48 <stage3_timing()+0x140>
            for (uint32_t off = 0; off < span; off += BLK) {
    4b5a:	f506 5600 	add.w	r6, r6, #8192	@ 0x2000
    4b5e:	f5b6 2f80 	cmp.w	r6, #262144	@ 0x40000
    4b62:	d1d7      	bne.n	4b14 <stage3_timing()+0x10c>
            if (bad == 0) { wi = (int)k; break; }
    4b64:	9a06      	ldr	r2, [sp, #24]
    4b66:	2c00      	cmp	r4, #0
    4b68:	f000 81a6 	beq.w	4eb8 <stage3_timing()+0x4b0>
        for (unsigned k = 0; k < NSET; k++) {
    4b6c:	3201      	adds	r2, #1
    4b6e:	2a0a      	cmp	r2, #10
    4b70:	d1cc      	bne.n	4b0c <stage3_timing()+0x104>
    4b72:	4655      	mov	r5, sl
    4b74:	f04f 33ff 	mov.w	r3, #4294967295
    4b78:	f8dd a008 	ldr.w	sl, [sp, #8]
        int wsafe = (wi < 0) ? (int)NSET - 1 : wi;
    4b7c:	2609      	movs	r6, #9
    4b7e:	9308      	str	r3, [sp, #32]
        g_burst = 32;                       /* short enough that refresh cannot be the reason */
    4b80:	4a6e      	ldr	r2, [pc, #440]	@ (4d3c <stage3_timing()+0x334>)
    4b82:	2320      	movs	r3, #32
    4b84:	f8cd a008 	str.w	sl, [sp, #8]
    4b88:	46aa      	mov	sl, r5
    4b8a:	6013      	str	r3, [r2, #0]
    4b8c:	2208      	movs	r2, #8
            for (uint32_t off = 0; off < BANKSZ; off += BLK) {
    4b8e:	2500      	movs	r5, #0
    4b90:	9206      	str	r2, [sp, #24]
            cbad = 0;
    4b92:	462c      	mov	r4, r5
        int wsafe = (wi < 0) ? (int)NSET - 1 : wi;
    4b94:	f5a9 5200 	sub.w	r2, r9, #8192	@ 0x2000
    4b98:	233b      	movs	r3, #59	@ 0x3b
                for (uint32_t i = 0; i < BLK; i++) ref[i] = (uint8_t)((off + i) * 0x9Du + 0x3Bu);
    4b9a:	f802 3f01 	strb.w	r3, [r2, #1]!
    4b9e:	454a      	cmp	r2, r9
    4ba0:	f1a3 0363 	sub.w	r3, r3, #99	@ 0x63
    4ba4:	d1f9      	bne.n	4b9a <stage3_timing()+0x192>
                WF[wsafe](off, ref, BLK);
    4ba6:	4b6a      	ldr	r3, [pc, #424]	@ (4d50 <stage3_timing()+0x348>)
    4ba8:	f44f 5200 	mov.w	r2, #8192	@ 0x2000
    4bac:	4965      	ldr	r1, [pc, #404]	@ (4d44 <stage3_timing()+0x33c>)
    4bae:	4628      	mov	r0, r5
    4bb0:	f853 3026 	ldr.w	r3, [r3, r6, lsl #2]
    4bb4:	4798      	blx	r3
                RF[rs](off, buf, BLK);
    4bb6:	f44f 5200 	mov.w	r2, #8192	@ 0x2000
    4bba:	f858 302a 	ldr.w	r3, [r8, sl, lsl #2]
    4bbe:	4628      	mov	r0, r5
    4bc0:	4961      	ldr	r1, [pc, #388]	@ (4d48 <stage3_timing()+0x340>)
    4bc2:	4798      	blx	r3
    4bc4:	f5a9 5200 	sub.w	r2, r9, #8192	@ 0x2000
    4bc8:	4b60      	ldr	r3, [pc, #384]	@ (4d4c <stage3_timing()+0x344>)
                for (uint32_t i = 0; i < BLK; i++) if (buf[i] != ref[i]) cbad++;
    4bca:	f813 0f01 	ldrb.w	r0, [r3, #1]!
    4bce:	f812 1f01 	ldrb.w	r1, [r2, #1]!
    4bd2:	4288      	cmp	r0, r1
    4bd4:	bf18      	it	ne
    4bd6:	3401      	addne	r4, #1
    4bd8:	42bb      	cmp	r3, r7
    4bda:	d1f6      	bne.n	4bca <stage3_timing()+0x1c2>
            for (uint32_t off = 0; off < BANKSZ; off += BLK) {
    4bdc:	f505 5500 	add.w	r5, r5, #8192	@ 0x2000
    4be0:	f5b5 0f00 	cmp.w	r5, #8388608	@ 0x800000
    4be4:	d1d6      	bne.n	4b94 <stage3_timing()+0x18c>
            if (cbad == 0) break;
    4be6:	9a06      	ldr	r2, [sp, #24]
    4be8:	2c00      	cmp	r4, #0
    4bea:	f000 8172 	beq.w	4ed2 <stage3_timing()+0x4ca>
            if (wsafe + 1 < (int)NSET)      wsafe++;
    4bee:	2e08      	cmp	r6, #8
    4bf0:	f300 8168 	bgt.w	4ec4 <stage3_timing()+0x4bc>
    4bf4:	3601      	adds	r6, #1
        while (tries < 8) {
    4bf6:	3a01      	subs	r2, #1
    4bf8:	d1c9      	bne.n	4b8e <stage3_timing()+0x186>
        g_wi[b] = (uint8_t)wsafe;
    4bfa:	9b05      	ldr	r3, [sp, #20]
    4bfc:	4655      	mov	r5, sl
    4bfe:	210b      	movs	r1, #11
    4c00:	4854      	ldr	r0, [pc, #336]	@ (4d54 <stage3_timing()+0x34c>)
    4c02:	f803 6b01 	strb.w	r6, [r3], #1
    4c06:	9305      	str	r3, [sp, #20]
        g_ri[b] = (uint8_t)rsafe_final;
    4c08:	9b03      	ldr	r3, [sp, #12]
        g_wi[b] = (uint8_t)wsafe;
    4c0a:	f8dd a008 	ldr.w	sl, [sp, #8]
        g_ri[b] = (uint8_t)rsafe_final;
    4c0e:	f803 5b01 	strb.w	r5, [r3], #1
    4c12:	9303      	str	r3, [sp, #12]
    4c14:	f004 fb5c 	bl	92d0 <usb_serial_write>
	size_t print(int n)				{ return print((long)n); }
    4c18:	9901      	ldr	r1, [sp, #4]
    4c1a:	4839      	ldr	r0, [pc, #228]	@ (4d00 <stage3_timing()+0x2f8>)
    4c1c:	f002 fdd8 	bl	77d0 <Print::print(long)>
    4c20:	212b      	movs	r1, #43	@ 0x2b
    4c22:	484d      	ldr	r0, [pc, #308]	@ (4d58 <stage3_timing()+0x350>)
    4c24:	f004 fb54 	bl	92d0 <usb_serial_write>
    4c28:	4b4c      	ldr	r3, [pc, #304]	@ (4d5c <stage3_timing()+0x354>)
    4c2a:	4835      	ldr	r0, [pc, #212]	@ (4d00 <stage3_timing()+0x2f8>)
    4c2c:	461c      	mov	r4, r3
    4c2e:	f853 1026 	ldr.w	r1, [r3, r6, lsl #2]
    4c32:	f002 fdcd 	bl	77d0 <Print::print(long)>
    4c36:	2106      	movs	r1, #6
    4c38:	4849      	ldr	r0, [pc, #292]	@ (4d60 <stage3_timing()+0x358>)
    4c3a:	f004 fb49 	bl	92d0 <usb_serial_write>
    4c3e:	f854 1025 	ldr.w	r1, [r4, r5, lsl #2]
    4c42:	482f      	ldr	r0, [pc, #188]	@ (4d00 <stage3_timing()+0x2f8>)
    4c44:	f002 fdc4 	bl	77d0 <Print::print(long)>
    4c48:	2107      	movs	r1, #7
    4c4a:	4846      	ldr	r0, [pc, #280]	@ (4d64 <stage3_timing()+0x35c>)
    4c4c:	f004 fb40 	bl	92d0 <usb_serial_write>
	size_t println(const __FlashStringHelper *f)	{ return print(f) + println(); }
    4c50:	482b      	ldr	r0, [pc, #172]	@ (4d00 <stage3_timing()+0x2f8>)
    4c52:	f002 fdc9 	bl	77e8 <Print::println()>
        g_bn[b] = choose_burst(rsafe_final);
    4c56:	4628      	mov	r0, r5
    4c58:	f7fb fa38 	bl	cc <choose_burst(int)>
    4c5c:	9b09      	ldr	r3, [sp, #36]	@ 0x24
    4c5e:	f8cd a028 	str.w	sl, [sp, #40]	@ 0x28
    4c62:	f823 0b02 	strh.w	r0, [r3], #2
    4c66:	9309      	str	r3, [sp, #36]	@ 0x24
        g_burst = g_bn[b];
    4c68:	4b34      	ldr	r3, [pc, #208]	@ (4d3c <stage3_timing()+0x334>)
    4c6a:	6018      	str	r0, [r3, #0]
        for (uint32_t off = 0; off < span; off += BLK) {
    4c6c:	2000      	movs	r0, #0
        uint32_t wc = 0, rc = 0, bad = 0;
    4c6e:	e9cd 0006 	strd	r0, r0, [sp, #24]
    4c72:	9002      	str	r0, [sp, #8]
        g_burst = 32;                       /* short enough that refresh cannot be the reason */
    4c74:	f5a9 5200 	sub.w	r2, r9, #8192	@ 0x2000
    4c78:	9b00      	ldr	r3, [sp, #0]
    4c7a:	9c02      	ldr	r4, [sp, #8]
            for (uint32_t i = 0; i < BLK; i++) ref[i] = pat((uint8_t)b, off + i);
    4c7c:	f802 3f01 	strb.w	r3, [r2, #1]!
    4c80:	454a      	cmp	r2, r9
    4c82:	f1a3 0363 	sub.w	r3, r3, #99	@ 0x63
    4c86:	d1f9      	bne.n	4c7c <stage3_timing()+0x274>
            uint32_t t = ARM_DWT_CYCCNT; WF[wsafe](off, ref, BLK); wc += ARM_DWT_CYCCNT - t;
    4c88:	4b31      	ldr	r3, [pc, #196]	@ (4d50 <stage3_timing()+0x348>)
    4c8a:	f44f 5200 	mov.w	r2, #8192	@ 0x2000
    4c8e:	9402      	str	r4, [sp, #8]
    4c90:	4c35      	ldr	r4, [pc, #212]	@ (4d68 <stage3_timing()+0x360>)
    4c92:	f853 3026 	ldr.w	r3, [r3, r6, lsl #2]
    4c96:	492b      	ldr	r1, [pc, #172]	@ (4d44 <stage3_timing()+0x33c>)
    4c98:	f8d4 a004 	ldr.w	sl, [r4, #4]
    4c9c:	900b      	str	r0, [sp, #44]	@ 0x2c
    4c9e:	4798      	blx	r3
    4ca0:	6863      	ldr	r3, [r4, #4]
    4ca2:	9a06      	ldr	r2, [sp, #24]
    4ca4:	eba3 030a 	sub.w	r3, r3, sl
            t = ARM_DWT_CYCCNT;          RF[rsafe_final](off, buf, BLK); rc += ARM_DWT_CYCCNT - t;
    4ca8:	980b      	ldr	r0, [sp, #44]	@ 0x2c
    4caa:	4927      	ldr	r1, [pc, #156]	@ (4d48 <stage3_timing()+0x340>)
            uint32_t t = ARM_DWT_CYCCNT; WF[wsafe](off, ref, BLK); wc += ARM_DWT_CYCCNT - t;
    4cac:	441a      	add	r2, r3
            t = ARM_DWT_CYCCNT;          RF[rsafe_final](off, buf, BLK); rc += ARM_DWT_CYCCNT - t;
    4cae:	f858 3025 	ldr.w	r3, [r8, r5, lsl #2]
    4cb2:	f8d4 a004 	ldr.w	sl, [r4, #4]
            uint32_t t = ARM_DWT_CYCCNT; WF[wsafe](off, ref, BLK); wc += ARM_DWT_CYCCNT - t;
    4cb6:	9206      	str	r2, [sp, #24]
            t = ARM_DWT_CYCCNT;          RF[rsafe_final](off, buf, BLK); rc += ARM_DWT_CYCCNT - t;
    4cb8:	f44f 5200 	mov.w	r2, #8192	@ 0x2000
    4cbc:	4798      	blx	r3
    4cbe:	6863      	ldr	r3, [r4, #4]
    4cc0:	9a07      	ldr	r2, [sp, #28]
    4cc2:	eba3 030a 	sub.w	r3, r3, sl
    4cc6:	9c02      	ldr	r4, [sp, #8]
    4cc8:	980b      	ldr	r0, [sp, #44]	@ 0x2c
    4cca:	441a      	add	r2, r3
    4ccc:	4b1f      	ldr	r3, [pc, #124]	@ (4d4c <stage3_timing()+0x344>)
    4cce:	9207      	str	r2, [sp, #28]
    4cd0:	f5a9 5200 	sub.w	r2, r9, #8192	@ 0x2000
            for (uint32_t i = 0; i < BLK; i++) if (buf[i] != ref[i]) bad++;
    4cd4:	f813 cf01 	ldrb.w	ip, [r3, #1]!
    4cd8:	f812 1f01 	ldrb.w	r1, [r2, #1]!
    4cdc:	458c      	cmp	ip, r1
    4cde:	bf18      	it	ne
    4ce0:	3401      	addne	r4, #1
    4ce2:	42bb      	cmp	r3, r7
    4ce4:	d1f6      	bne.n	4cd4 <stage3_timing()+0x2cc>
        for (uint32_t off = 0; off < span; off += BLK) {
    4ce6:	f500 5000 	add.w	r0, r0, #8192	@ 0x2000
    4cea:	9402      	str	r4, [sp, #8]
    4cec:	f5b0 2f80 	cmp.w	r0, #262144	@ 0x40000
    4cf0:	d1c0      	bne.n	4c74 <stage3_timing()+0x26c>
        const float wmb = (float)span / ((float)wc / (float)F_CPU_ACTUAL) / 1e6f;
    4cf2:	4b1e      	ldr	r3, [pc, #120]	@ (4d6c <stage3_timing()+0x364>)
    4cf4:	2106      	movs	r1, #6
    4cf6:	ed9d 7a06 	vldr	s14, [sp, #24]
    4cfa:	e03d      	b.n	4d78 <stage3_timing()+0x370>
    4cfc:	20000298 	.word	0x20000298
    4d00:	20001c50 	.word	0x20001c50
    4d04:	200002d8 	.word	0x200002d8
    4d08:	20000320 	.word	0x20000320
    4d0c:	2000809e 	.word	0x2000809e
    4d10:	20006dd0 	.word	0x20006dd0
    4d14:	48800000 	.word	0x48800000
    4d18:	20006dbc 	.word	0x20006dbc
    4d1c:	49742400 	.word	0x49742400
    4d20:	20006e04 	.word	0x20006e04
    4d24:	447a0000 	.word	0x447a0000
    4d28:	20006df8 	.word	0x20006df8
    4d2c:	41a1999a 	.word	0x41a1999a
    4d30:	2000449f 	.word	0x2000449f
    4d34:	00000000 	.word	0x00000000
    4d38:	20001d92 	.word	0x20001d92
    4d3c:	20001d20 	.word	0x20001d20
    4d40:	2000449f 	.word	0x2000449f
    4d44:	200044a0 	.word	0x200044a0
    4d48:	200024a0 	.word	0x200024a0
    4d4c:	2000249f 	.word	0x2000249f
    4d50:	20001464 	.word	0x20001464
    4d54:	20000370 	.word	0x20000370
    4d58:	2000037c 	.word	0x2000037c
    4d5c:	2000148c 	.word	0x2000148c
    4d60:	200003a8 	.word	0x200003a8
    4d64:	200003b0 	.word	0x200003b0
    4d68:	e0001000 	.word	0xe0001000
    4d6c:	20001c4c 	.word	0x20001c4c
    4d70:	2000649f 	.word	0x2000649f
    4d74:	2000143c 	.word	0x2000143c
    4d78:	edd3 6a00 	vldr	s13, [r3]
    4d7c:	eeb8 7a47 	vcvt.f32.u32	s14, s14
        const float rmb = (float)span / ((float)rc / (float)F_CPU_ACTUAL) / 1e6f;
    4d80:	eddd 7a07 	vldr	s15, [sp, #28]
        const float wmb = (float)span / ((float)wc / (float)F_CPU_ACTUAL) / 1e6f;
    4d84:	eef8 6a66 	vcvt.f32.u32	s13, s13
    4d88:	486a      	ldr	r0, [pc, #424]	@ (4f34 <stage3_timing()+0x52c>)
        const float rmb = (float)span / ((float)rc / (float)F_CPU_ACTUAL) / 1e6f;
    4d8a:	eef8 7a67 	vcvt.f32.u32	s15, s15
    4d8e:	9c02      	ldr	r4, [sp, #8]
    4d90:	f8dd a028 	ldr.w	sl, [sp, #40]	@ 0x28
        const float wmb = (float)span / ((float)wc / (float)F_CPU_ACTUAL) / 1e6f;
    4d94:	ee87 6a26 	vdiv.f32	s12, s14, s13
    4d98:	ee89 7a86 	vdiv.f32	s14, s19, s12
    4d9c:	eec7 ba09 	vdiv.f32	s23, s14, s18
        const float rmb = (float)span / ((float)rc / (float)F_CPU_ACTUAL) / 1e6f;
    4da0:	ed93 7a00 	vldr	s14, [r3]
    4da4:	eeb8 7a47 	vcvt.f32.u32	s14, s14
    4da8:	eec7 6a87 	vdiv.f32	s13, s15, s14
    4dac:	eec9 7aa6 	vdiv.f32	s15, s19, s13
    4db0:	eec7 8a89 	vdiv.f32	s17, s15, s18
        const float ns  = 1000.0f / (rmb * 2.0f);      /* two nibbles to a byte */
    4db4:	ee78 7aa8 	vadd.f32	s15, s17, s17
    4db8:	ee8b 8a27 	vdiv.f32	s16, s22, s15
    4dbc:	f004 fa88 	bl	92d0 <usb_serial_write>
	size_t print(int n)				{ return print((long)n); }
    4dc0:	9901      	ldr	r1, [sp, #4]
    4dc2:	485d      	ldr	r0, [pc, #372]	@ (4f38 <stage3_timing()+0x530>)
    4dc4:	f002 fd04 	bl	77d0 <Print::print(long)>
    4dc8:	2106      	movs	r1, #6
    4dca:	485a      	ldr	r0, [pc, #360]	@ (4f34 <stage3_timing()+0x52c>)
    4dcc:	f004 fa80 	bl	92d0 <usb_serial_write>
        if (wi < 0) Serial.print(F("--")); else Serial.print(NOPS[wi]);
    4dd0:	9b08      	ldr	r3, [sp, #32]
    4dd2:	3301      	adds	r3, #1
    4dd4:	f000 8089 	beq.w	4eea <stage3_timing()+0x4e2>
    4dd8:	4b58      	ldr	r3, [pc, #352]	@ (4f3c <stage3_timing()+0x534>)
    4dda:	9a08      	ldr	r2, [sp, #32]
    4ddc:	4856      	ldr	r0, [pc, #344]	@ (4f38 <stage3_timing()+0x530>)
    4dde:	f853 1022 	ldr.w	r1, [r3, r2, lsl #2]
    4de2:	f002 fcf5 	bl	77d0 <Print::print(long)>
    4de6:	2102      	movs	r1, #2
    4de8:	4855      	ldr	r0, [pc, #340]	@ (4f40 <stage3_timing()+0x538>)
    4dea:	f004 fa71 	bl	92d0 <usb_serial_write>
    4dee:	4b53      	ldr	r3, [pc, #332]	@ (4f3c <stage3_timing()+0x534>)
    4df0:	4851      	ldr	r0, [pc, #324]	@ (4f38 <stage3_timing()+0x530>)
    4df2:	f853 1026 	ldr.w	r1, [r3, r6, lsl #2]
    4df6:	f002 fceb 	bl	77d0 <Print::print(long)>
    4dfa:	2108      	movs	r1, #8
    4dfc:	4851      	ldr	r0, [pc, #324]	@ (4f44 <stage3_timing()+0x53c>)
    4dfe:	f004 fa67 	bl	92d0 <usb_serial_write>
        if (ri < 0) Serial.print(F("--")); else Serial.print(NOPS[ri]);
    4e02:	f1ba 3fff 	cmp.w	sl, #4294967295
    4e06:	f000 808d 	beq.w	4f24 <stage3_timing()+0x51c>
    4e0a:	4b4c      	ldr	r3, [pc, #304]	@ (4f3c <stage3_timing()+0x534>)
    4e0c:	484a      	ldr	r0, [pc, #296]	@ (4f38 <stage3_timing()+0x530>)
    4e0e:	f853 102a 	ldr.w	r1, [r3, sl, lsl #2]
    4e12:	f002 fcdd 	bl	77d0 <Print::print(long)>
    4e16:	2102      	movs	r1, #2
    4e18:	4849      	ldr	r0, [pc, #292]	@ (4f40 <stage3_timing()+0x538>)
    4e1a:	f004 fa59 	bl	92d0 <usb_serial_write>
    4e1e:	4b47      	ldr	r3, [pc, #284]	@ (4f3c <stage3_timing()+0x534>)
    4e20:	4845      	ldr	r0, [pc, #276]	@ (4f38 <stage3_timing()+0x530>)
    4e22:	f853 1025 	ldr.w	r1, [r3, r5, lsl #2]
    4e26:	f002 fcd3 	bl	77d0 <Print::print(long)>
    4e2a:	2106      	movs	r1, #6
    4e2c:	4841      	ldr	r0, [pc, #260]	@ (4f34 <stage3_timing()+0x52c>)
    4e2e:	f004 fa4f 	bl	92d0 <usb_serial_write>
	size_t print(double n, int digits = 2)		{ return printFloat(n, digits); }
    4e32:	eeb7 0aeb 	vcvt.f64.f32	d0, s23
    4e36:	2102      	movs	r1, #2
    4e38:	483f      	ldr	r0, [pc, #252]	@ (4f38 <stage3_timing()+0x530>)
    4e3a:	f002 fcf5 	bl	7828 <Print::printFloat(double, unsigned char)>
    4e3e:	2104      	movs	r1, #4
    4e40:	4841      	ldr	r0, [pc, #260]	@ (4f48 <stage3_timing()+0x540>)
    4e42:	f004 fa45 	bl	92d0 <usb_serial_write>
    4e46:	eeb7 0ae8 	vcvt.f64.f32	d0, s17
    4e4a:	2102      	movs	r1, #2
    4e4c:	483a      	ldr	r0, [pc, #232]	@ (4f38 <stage3_timing()+0x530>)
    4e4e:	f002 fceb 	bl	7828 <Print::printFloat(double, unsigned char)>
    4e52:	2104      	movs	r1, #4
    4e54:	483c      	ldr	r0, [pc, #240]	@ (4f48 <stage3_timing()+0x540>)
    4e56:	f004 fa3b 	bl	92d0 <usb_serial_write>
        Serial.print(ns, 1);        Serial.print(F("       "));
    4e5a:	eeb7 0ac8 	vcvt.f64.f32	d0, s16
        g_ns[b] = bad ? 0.0f : ns;
    4e5e:	2c00      	cmp	r4, #0
    4e60:	d048      	beq.n	4ef4 <stage3_timing()+0x4ec>
    4e62:	9b04      	ldr	r3, [sp, #16]
    4e64:	2101      	movs	r1, #1
    4e66:	4834      	ldr	r0, [pc, #208]	@ (4f38 <stage3_timing()+0x530>)
    4e68:	ed83 aa00 	vstr	s20, [r3]
    4e6c:	f002 fcdc 	bl	7828 <Print::printFloat(double, unsigned char)>
    4e70:	2107      	movs	r1, #7
    4e72:	4836      	ldr	r0, [pc, #216]	@ (4f4c <stage3_timing()+0x544>)
    4e74:	f004 fa2c 	bl	92d0 <usb_serial_write>
    4e78:	2113      	movs	r1, #19
    4e7a:	4835      	ldr	r0, [pc, #212]	@ (4f50 <stage3_timing()+0x548>)
    4e7c:	f004 fa28 	bl	92d0 <usb_serial_write>
	size_t println(const __FlashStringHelper *f)	{ return print(f) + println(); }
    4e80:	482d      	ldr	r0, [pc, #180]	@ (4f38 <stage3_timing()+0x530>)
    4e82:	f002 fcb1 	bl	77e8 <Print::println()>
    for (int b = 0; b < g_nbank; b++) {
    4e86:	9b04      	ldr	r3, [sp, #16]
    4e88:	9a01      	ldr	r2, [sp, #4]
    4e8a:	3304      	adds	r3, #4
    4e8c:	3201      	adds	r2, #1
    4e8e:	9304      	str	r3, [sp, #16]
    4e90:	9b00      	ldr	r3, [sp, #0]
    4e92:	9201      	str	r2, [sp, #4]
    4e94:	3357      	adds	r3, #87	@ 0x57
    4e96:	9300      	str	r3, [sp, #0]
    4e98:	4b2e      	ldr	r3, [pc, #184]	@ (4f54 <stage3_timing()+0x54c>)
    4e9a:	781b      	ldrb	r3, [r3, #0]
    4e9c:	4293      	cmp	r3, r2
    4e9e:	f73f aded 	bgt.w	4a7c <stage3_timing()+0x74>
    }
}
    4ea2:	b00d      	add	sp, #52	@ 0x34
    4ea4:	ecbd 8b08 	vpop	{d8-d11}
    4ea8:	e8bd 8ff0 	ldmia.w	sp!, {r4, r5, r6, r7, r8, r9, sl, fp, pc}
        const int rsafe = (ri < 0) ? (int)NSET - 1 : ((ri + 1 < (int)NSET) ? ri + 1 : ri);
    4eac:	2e09      	cmp	r6, #9
    4eae:	46b2      	mov	sl, r6
    4eb0:	f43f ae27 	beq.w	4b02 <stage3_timing()+0xfa>
    4eb4:	1c75      	adds	r5, r6, #1
    4eb6:	e625      	b.n	4b04 <stage3_timing()+0xfc>
            if (bad == 0) { wi = (int)k; break; }
    4eb8:	4655      	mov	r5, sl
    4eba:	4616      	mov	r6, r2
    4ebc:	f8dd a008 	ldr.w	sl, [sp, #8]
    4ec0:	9208      	str	r2, [sp, #32]
    4ec2:	e65d      	b.n	4b80 <stage3_timing()+0x178>
            else if (rs + 1 < (int)NSET)    rs++;
    4ec4:	f1ba 0f08 	cmp.w	sl, #8
    4ec8:	f73f ae97 	bgt.w	4bfa <stage3_timing()+0x1f2>
    4ecc:	f10a 0a01 	add.w	sl, sl, #1
    4ed0:	e691      	b.n	4bf6 <stage3_timing()+0x1ee>
        g_wi[b] = (uint8_t)wsafe;
    4ed2:	9b05      	ldr	r3, [sp, #20]
    4ed4:	4655      	mov	r5, sl
    4ed6:	f8dd a008 	ldr.w	sl, [sp, #8]
    4eda:	f803 6b01 	strb.w	r6, [r3], #1
    4ede:	9305      	str	r3, [sp, #20]
        g_ri[b] = (uint8_t)rsafe_final;
    4ee0:	9b03      	ldr	r3, [sp, #12]
    4ee2:	f803 5b01 	strb.w	r5, [r3], #1
    4ee6:	9303      	str	r3, [sp, #12]
        if (cbad) {
    4ee8:	e6b5      	b.n	4c56 <stage3_timing()+0x24e>
    4eea:	2102      	movs	r1, #2
    4eec:	481a      	ldr	r0, [pc, #104]	@ (4f58 <stage3_timing()+0x550>)
    4eee:	f004 f9ef 	bl	92d0 <usb_serial_write>
    4ef2:	e778      	b.n	4de6 <stage3_timing()+0x3de>
        g_ns[b] = bad ? 0.0f : ns;
    4ef4:	9b04      	ldr	r3, [sp, #16]
	size_t print(double n, int digits = 2)		{ return printFloat(n, digits); }
    4ef6:	2101      	movs	r1, #1
    4ef8:	480f      	ldr	r0, [pc, #60]	@ (4f38 <stage3_timing()+0x530>)
    4efa:	ed83 8a00 	vstr	s16, [r3]
    4efe:	f002 fc93 	bl	7828 <Print::printFloat(double, unsigned char)>
    4f02:	2107      	movs	r1, #7
    4f04:	4811      	ldr	r0, [pc, #68]	@ (4f4c <stage3_timing()+0x544>)
    4f06:	f004 f9e3 	bl	92d0 <usb_serial_write>
        else     Serial.println(ns < 20.2f ? F("IN REACH") : F("too slow"));
    4f0a:	eeb4 8aea 	vcmpe.f32	s16, s21
    4f0e:	eef1 fa10 	vmrs	APSR_nzcv, fpscr
    4f12:	d50c      	bpl.n	4f2e <stage3_timing()+0x526>
    4f14:	4811      	ldr	r0, [pc, #68]	@ (4f5c <stage3_timing()+0x554>)
    4f16:	2108      	movs	r1, #8
    4f18:	f004 f9da 	bl	92d0 <usb_serial_write>
	size_t println(const __FlashStringHelper *f)	{ return print(f) + println(); }
    4f1c:	4806      	ldr	r0, [pc, #24]	@ (4f38 <stage3_timing()+0x530>)
    4f1e:	f002 fc63 	bl	77e8 <Print::println()>
    4f22:	e7b0      	b.n	4e86 <stage3_timing()+0x47e>
    4f24:	2102      	movs	r1, #2
    4f26:	480c      	ldr	r0, [pc, #48]	@ (4f58 <stage3_timing()+0x550>)
    4f28:	f004 f9d2 	bl	92d0 <usb_serial_write>
    4f2c:	e773      	b.n	4e16 <stage3_timing()+0x40e>
    4f2e:	480c      	ldr	r0, [pc, #48]	@ (4f60 <stage3_timing()+0x558>)
    4f30:	e7f1      	b.n	4f16 <stage3_timing()+0x50e>
    4f32:	bf00      	nop
    4f34:	200003b8 	.word	0x200003b8
    4f38:	20001c50 	.word	0x20001c50
    4f3c:	2000148c 	.word	0x2000148c
    4f40:	200003c4 	.word	0x200003c4
    4f44:	200003c8 	.word	0x200003c8
    4f48:	200003d4 	.word	0x200003d4
    4f4c:	200003dc 	.word	0x200003dc
    4f50:	200003e4 	.word	0x200003e4
    4f54:	2000809e 	.word	0x2000809e
    4f58:	200003c0 	.word	0x200003c0
    4f5c:	20000280 	.word	0x20000280
    4f60:	2000028c 	.word	0x2000028c

00004f64 <probe(unsigned char, unsigned char, unsigned char*)>:
{
    4f64:	e92d 4ff0 	stmdb	sp!, {r4, r5, r6, r7, r8, r9, sl, fp, lr}
    4f68:	b083      	sub	sp, #12
				CORE_PIN48_PORTSET = CORE_PIN48_BITMASK;
    4f6a:	4b9e      	ldr	r3, [pc, #632]	@ (51e4 <probe(unsigned char, unsigned char, unsigned char*)+0x280>)
    4f6c:	9201      	str	r2, [sp, #4]
    if (kind == SEL_CS0) return P_SS0;
    4f6e:	2800      	cmp	r0, #0
    4f70:	f000 81dc 	beq.w	532c <probe(unsigned char, unsigned char, unsigned char*)+0x3c8>
    if (kind == SEL_CS1) return P_SS1;
    4f74:	2801      	cmp	r0, #1
    4f76:	f000 8204 	beq.w	5382 <probe(unsigned char, unsigned char, unsigned char*)+0x41e>
    4f7a:	f04f 7280 	mov.w	r2, #16777216	@ 0x1000000
    if (kind == SEL_DEC) {
    4f7e:	2802      	cmp	r0, #2
    4f80:	f8c3 2084 	str.w	r2, [r3, #132]	@ 0x84
				CORE_PIN51_PORTSET = CORE_PIN51_BITMASK;
    4f84:	f44f 0280 	mov.w	r2, #4194304	@ 0x400000
    4f88:	f8c3 2084 	str.w	r2, [r3, #132]	@ 0x84
				CORE_PIN5_PORTSET = CORE_PIN5_BITMASK;
    4f8c:	f44f 7280 	mov.w	r2, #256	@ 0x100
    4f90:	f8c3 2084 	str.w	r2, [r3, #132]	@ 0x84
    4f94:	d116      	bne.n	4fc4 <probe(unsigned char, unsigned char, unsigned char*)+0x60>
		if (val) {
    4f96:	07cd      	lsls	r5, r1, #31
				CORE_PIN2_PORTSET = CORE_PIN2_BITMASK;
    4f98:	f04f 0210 	mov.w	r2, #16
		if (val) {
    4f9c:	f100 81d4 	bmi.w	5348 <probe(unsigned char, unsigned char, unsigned char*)+0x3e4>
    4fa0:	078c      	lsls	r4, r1, #30
				CORE_PIN2_PORTCLEAR = CORE_PIN2_BITMASK;
    4fa2:	f8c3 2088 	str.w	r2, [r3, #136]	@ 0x88
				CORE_PIN3_PORTSET = CORE_PIN3_BITMASK;
    4fa6:	4b8f      	ldr	r3, [pc, #572]	@ (51e4 <probe(unsigned char, unsigned char, unsigned char*)+0x280>)
    4fa8:	f04f 0220 	mov.w	r2, #32
		if (val) {
    4fac:	f140 81d4 	bpl.w	5358 <probe(unsigned char, unsigned char, unsigned char*)+0x3f4>
    4fb0:	0748      	lsls	r0, r1, #29
				CORE_PIN3_PORTSET = CORE_PIN3_BITMASK;
    4fb2:	f8c3 2084 	str.w	r2, [r3, #132]	@ 0x84
				CORE_PIN4_PORTSET = CORE_PIN4_BITMASK;
    4fb6:	4b8b      	ldr	r3, [pc, #556]	@ (51e4 <probe(unsigned char, unsigned char, unsigned char*)+0x280>)
    4fb8:	f04f 0240 	mov.w	r2, #64	@ 0x40
		if (val) {
    4fbc:	f140 81d4 	bpl.w	5368 <probe(unsigned char, unsigned char, unsigned char*)+0x404>
				CORE_PIN4_PORTSET = CORE_PIN4_BITMASK;
    4fc0:	f8c3 2084 	str.w	r2, [r3, #132]	@ 0x84
{
    4fc4:	2505      	movs	r5, #5
	uint32_t begin = ARM_DWT_CYCCNT;
    4fc6:	4c88      	ldr	r4, [pc, #544]	@ (51e8 <probe(unsigned char, unsigned char, unsigned char*)+0x284>)
	uint32_t cycles = F_CPU_ACTUAL / 1000000 * usec;
    4fc8:	4e88      	ldr	r6, [pc, #544]	@ (51ec <probe(unsigned char, unsigned char, unsigned char*)+0x288>)
	uint32_t begin = ARM_DWT_CYCCNT;
    4fca:	6861      	ldr	r1, [r4, #4]
	uint32_t cycles = F_CPU_ACTUAL / 1000000 * usec;
    4fcc:	4b88      	ldr	r3, [pc, #544]	@ (51f0 <probe(unsigned char, unsigned char, unsigned char*)+0x28c>)
    4fce:	6832      	ldr	r2, [r6, #0]
    4fd0:	fba3 3202 	umull	r3, r2, r3, r2
    4fd4:	0c92      	lsrs	r2, r2, #18
    4fd6:	eb02 0282 	add.w	r2, r2, r2, lsl #2
	while (ARM_DWT_CYCCNT - begin < cycles) ; // wait
    4fda:	6863      	ldr	r3, [r4, #4]
    4fdc:	1a5b      	subs	r3, r3, r1
    4fde:	429a      	cmp	r2, r3
    4fe0:	d8fb      	bhi.n	4fda <probe(unsigned char, unsigned char, unsigned char*)+0x76>
    pinMode(P_SCLK, OUTPUT); digitalWriteFast(P_SCLK, LOW);
    4fe2:	2101      	movs	r1, #1
    4fe4:	2035      	movs	r0, #53	@ 0x35
    4fe6:	f002 feb1 	bl	7d4c <pinMode>
				CORE_PIN53_PORTCLEAR = CORE_PIN53_BITMASK;
    4fea:	4f7e      	ldr	r7, [pc, #504]	@ (51e4 <probe(unsigned char, unsigned char, unsigned char*)+0x280>)
    4fec:	f04f 7300 	mov.w	r3, #33554432	@ 0x2000000
    pinMode(P_D2, OUTPUT);   digitalWriteFast(P_D2, HIGH);   /* idle high so a quad chip is not */
    4ff0:	2101      	movs	r1, #1
    4ff2:	2032      	movs	r0, #50	@ 0x32
		else *portClearRegister(pin) = digitalPinToBitMask(pin);
    4ff4:	ea4f 1805 	mov.w	r8, r5, lsl #4
				CORE_PIN53_PORTCLEAR = CORE_PIN53_BITMASK;
    4ff8:	f8c7 3088 	str.w	r3, [r7, #136]	@ 0x88
    4ffc:	f002 fea6 	bl	7d4c <pinMode>
				CORE_PIN50_PORTSET = CORE_PIN50_BITMASK;
    5000:	f04f 5380 	mov.w	r3, #268435456	@ 0x10000000
    pinMode(P_D3, OUTPUT);   digitalWriteFast(P_D3, HIGH);   /* reading them as command bits     */
    5004:	2101      	movs	r1, #1
    5006:	2036      	movs	r0, #54	@ 0x36
    5008:	f8c7 3084 	str.w	r3, [r7, #132]	@ 0x84
    500c:	f002 fe9e 	bl	7d4c <pinMode>
				CORE_PIN54_PORTSET = CORE_PIN54_BITMASK;
    5010:	f04f 5300 	mov.w	r3, #536870912	@ 0x20000000
    pinMode(P_D0, OUTPUT); pinMode(P_D1, OUTPUT);
    5014:	2101      	movs	r1, #1
    5016:	2034      	movs	r0, #52	@ 0x34
    5018:	f8c7 3084 	str.w	r3, [r7, #132]	@ 0x84
    501c:	f002 fe96 	bl	7d4c <pinMode>
    5020:	2101      	movs	r1, #1
    5022:	2031      	movs	r0, #49	@ 0x31
	while (ARM_DWT_CYCCNT - begin < cycles) ; // wait
    5024:	f8df 91c0 	ldr.w	r9, [pc, #448]	@ 51e8 <probe(unsigned char, unsigned char, unsigned char*)+0x284>
    5028:	f002 fe90 	bl	7d4c <pinMode>
		else *portClearRegister(pin) = digitalPinToBitMask(pin);
    502c:	4a71      	ldr	r2, [pc, #452]	@ (51f4 <probe(unsigned char, unsigned char, unsigned char*)+0x290>)
    502e:	eb02 1505 	add.w	r5, r2, r5, lsl #4
    5032:	68eb      	ldr	r3, [r5, #12]
    5034:	f852 5008 	ldr.w	r5, [r2, r8]
    5038:	f8c5 3088 	str.w	r3, [r5, #136]	@ 0x88
	uint32_t cycles = F_CPU_ACTUAL / 1000000 * usec;
    503c:	4b6c      	ldr	r3, [pc, #432]	@ (51f0 <probe(unsigned char, unsigned char, unsigned char*)+0x28c>)
	uint32_t begin = ARM_DWT_CYCCNT;
    503e:	6861      	ldr	r1, [r4, #4]
	uint32_t cycles = F_CPU_ACTUAL / 1000000 * usec;
    5040:	6832      	ldr	r2, [r6, #0]
    5042:	fba3 3202 	umull	r3, r2, r3, r2
    5046:	0c92      	lsrs	r2, r2, #18
	while (ARM_DWT_CYCCNT - begin < cycles) ; // wait
    5048:	f8d9 3004 	ldr.w	r3, [r9, #4]
    504c:	1a5b      	subs	r3, r3, r1
    504e:	429a      	cmp	r2, r3
    5050:	d8fa      	bhi.n	5048 <probe(unsigned char, unsigned char, unsigned char*)+0xe4>
				CORE_PIN52_PORTSET = CORE_PIN52_BITMASK;
    5052:	4c64      	ldr	r4, [pc, #400]	@ (51e4 <probe(unsigned char, unsigned char, unsigned char*)+0x280>)
    5054:	f04f 6280 	mov.w	r2, #67108864	@ 0x4000000
				CORE_PIN49_PORTSET = CORE_PIN49_BITMASK;
    5058:	f04f 6300 	mov.w	r3, #134217728	@ 0x8000000
				CORE_PIN50_PORTSET = CORE_PIN50_BITMASK;
    505c:	f04f 5b80 	mov.w	fp, #268435456	@ 0x10000000
				CORE_PIN54_PORTSET = CORE_PIN54_BITMASK;
    5060:	f04f 5a00 	mov.w	sl, #536870912	@ 0x20000000
				CORE_PIN52_PORTSET = CORE_PIN52_BITMASK;
    5064:	f8c4 2084 	str.w	r2, [r4, #132]	@ 0x84
				CORE_PIN49_PORTSET = CORE_PIN49_BITMASK;
    5068:	f8c4 3084 	str.w	r3, [r4, #132]	@ 0x84
				CORE_PIN50_PORTSET = CORE_PIN50_BITMASK;
    506c:	f8c4 b084 	str.w	fp, [r4, #132]	@ 0x84
				CORE_PIN54_PORTSET = CORE_PIN54_BITMASK;
    5070:	f8c4 a084 	str.w	sl, [r4, #132]	@ 0x84
        s_tick();
    5074:	f7fa fff8 	bl	68 <s_tick()>
				CORE_PIN52_PORTSET = CORE_PIN52_BITMASK;
    5078:	f04f 6280 	mov.w	r2, #67108864	@ 0x4000000
				CORE_PIN49_PORTCLEAR = CORE_PIN49_BITMASK;
    507c:	f04f 6300 	mov.w	r3, #134217728	@ 0x8000000
				CORE_PIN52_PORTSET = CORE_PIN52_BITMASK;
    5080:	f8c4 2084 	str.w	r2, [r4, #132]	@ 0x84
				CORE_PIN49_PORTCLEAR = CORE_PIN49_BITMASK;
    5084:	f8c4 3088 	str.w	r3, [r4, #136]	@ 0x88
				CORE_PIN50_PORTSET = CORE_PIN50_BITMASK;
    5088:	f8c4 b084 	str.w	fp, [r4, #132]	@ 0x84
				CORE_PIN54_PORTCLEAR = CORE_PIN54_BITMASK;
    508c:	f8c4 a088 	str.w	sl, [r4, #136]	@ 0x88
    5090:	f7fa ffea 	bl	68 <s_tick()>
		if(val) *portSetRegister(pin) = digitalPinToBitMask(pin);
    5094:	4b57      	ldr	r3, [pc, #348]	@ (51f4 <probe(unsigned char, unsigned char, unsigned char*)+0x290>)
	while (ARM_DWT_CYCCNT - begin < cycles) ; // wait
    5096:	4954      	ldr	r1, [pc, #336]	@ (51e8 <probe(unsigned char, unsigned char, unsigned char*)+0x284>)
		if(val) *portSetRegister(pin) = digitalPinToBitMask(pin);
    5098:	4443      	add	r3, r8
    509a:	68db      	ldr	r3, [r3, #12]
    509c:	f8c5 3084 	str.w	r3, [r5, #132]	@ 0x84
				CORE_PIN50_PORTSET = CORE_PIN50_BITMASK;
    50a0:	f8c4 b084 	str.w	fp, [r4, #132]	@ 0x84
	uint32_t cycles = F_CPU_ACTUAL / 1000000 * usec;
    50a4:	4b52      	ldr	r3, [pc, #328]	@ (51f0 <probe(unsigned char, unsigned char, unsigned char*)+0x28c>)
				CORE_PIN54_PORTSET = CORE_PIN54_BITMASK;
    50a6:	f8c4 a084 	str.w	sl, [r4, #132]	@ 0x84
	uint32_t begin = ARM_DWT_CYCCNT;
    50aa:	f8d9 0004 	ldr.w	r0, [r9, #4]
	uint32_t cycles = F_CPU_ACTUAL / 1000000 * usec;
    50ae:	6832      	ldr	r2, [r6, #0]
    50b0:	fba3 3202 	umull	r3, r2, r3, r2
    50b4:	0c92      	lsrs	r2, r2, #18
    50b6:	eb02 0282 	add.w	r2, r2, r2, lsl #2
	while (ARM_DWT_CYCCNT - begin < cycles) ; // wait
    50ba:	684b      	ldr	r3, [r1, #4]
    50bc:	1a1b      	subs	r3, r3, r0
    50be:	429a      	cmp	r2, r3
    50c0:	d8fb      	bhi.n	50ba <probe(unsigned char, unsigned char, unsigned char*)+0x156>
		else *portClearRegister(pin) = digitalPinToBitMask(pin);
    50c2:	4b4c      	ldr	r3, [pc, #304]	@ (51f4 <probe(unsigned char, unsigned char, unsigned char*)+0x290>)
    50c4:	4443      	add	r3, r8
    50c6:	68db      	ldr	r3, [r3, #12]
    50c8:	f8c5 3088 	str.w	r3, [r5, #136]	@ 0x88
	uint32_t cycles = F_CPU_ACTUAL / 1000000 * usec;
    50cc:	4b48      	ldr	r3, [pc, #288]	@ (51f0 <probe(unsigned char, unsigned char, unsigned char*)+0x28c>)
	uint32_t begin = ARM_DWT_CYCCNT;
    50ce:	6848      	ldr	r0, [r1, #4]
	uint32_t cycles = F_CPU_ACTUAL / 1000000 * usec;
    50d0:	6832      	ldr	r2, [r6, #0]
	while (ARM_DWT_CYCCNT - begin < cycles) ; // wait
    50d2:	4945      	ldr	r1, [pc, #276]	@ (51e8 <probe(unsigned char, unsigned char, unsigned char*)+0x284>)
	uint32_t cycles = F_CPU_ACTUAL / 1000000 * usec;
    50d4:	fba3 3202 	umull	r3, r2, r3, r2
    50d8:	0c92      	lsrs	r2, r2, #18
	while (ARM_DWT_CYCCNT - begin < cycles) ; // wait
    50da:	684b      	ldr	r3, [r1, #4]
    50dc:	1a1b      	subs	r3, r3, r0
    50de:	429a      	cmp	r2, r3
    50e0:	d8fb      	bhi.n	50da <probe(unsigned char, unsigned char, unsigned char*)+0x176>
    pinMode(P_D0, OUTPUT);
    50e2:	2101      	movs	r1, #1
    50e4:	2034      	movs	r0, #52	@ 0x34
    for (int i = 7; i >= 0; i--) { digitalWriteFast(P_D0, (v >> i) & 1); s_tick(); }
    50e6:	2507      	movs	r5, #7
    50e8:	f04f 0966 	mov.w	r9, #102	@ 0x66
				CORE_PIN52_PORTCLEAR = CORE_PIN52_BITMASK;
    50ec:	4c3d      	ldr	r4, [pc, #244]	@ (51e4 <probe(unsigned char, unsigned char, unsigned char*)+0x280>)
    50ee:	f04f 6a80 	mov.w	sl, #67108864	@ 0x4000000
    pinMode(P_D0, OUTPUT);
    50f2:	f002 fe2b 	bl	7d4c <pinMode>
    for (int i = 7; i >= 0; i--) { digitalWriteFast(P_D0, (v >> i) & 1); s_tick(); }
    50f6:	e005      	b.n	5104 <probe(unsigned char, unsigned char, unsigned char*)+0x1a0>
				CORE_PIN52_PORTSET = CORE_PIN52_BITMASK;
    50f8:	f8c4 a084 	str.w	sl, [r4, #132]	@ 0x84
    50fc:	f7fa ffb4 	bl	68 <s_tick()>
    5100:	3d01      	subs	r5, #1
    5102:	d309      	bcc.n	5118 <probe(unsigned char, unsigned char, unsigned char*)+0x1b4>
    5104:	fa49 f305 	asr.w	r3, r9, r5
		if (val) {
    5108:	07d9      	lsls	r1, r3, #31
    510a:	d4f5      	bmi.n	50f8 <probe(unsigned char, unsigned char, unsigned char*)+0x194>
				CORE_PIN52_PORTCLEAR = CORE_PIN52_BITMASK;
    510c:	f8c4 a088 	str.w	sl, [r4, #136]	@ 0x88
    5110:	f7fa ffaa 	bl	68 <s_tick()>
    5114:	3d01      	subs	r5, #1
    5116:	d2f5      	bcs.n	5104 <probe(unsigned char, unsigned char, unsigned char*)+0x1a0>
		if(val) *portSetRegister(pin) = digitalPinToBitMask(pin);
    5118:	4a36      	ldr	r2, [pc, #216]	@ (51f4 <probe(unsigned char, unsigned char, unsigned char*)+0x290>)
	uint32_t begin = ARM_DWT_CYCCNT;
    511a:	4933      	ldr	r1, [pc, #204]	@ (51e8 <probe(unsigned char, unsigned char, unsigned char*)+0x284>)
		if(val) *portSetRegister(pin) = digitalPinToBitMask(pin);
    511c:	eb02 0308 	add.w	r3, r2, r8
    5120:	f852 4008 	ldr.w	r4, [r2, r8]
    5124:	68db      	ldr	r3, [r3, #12]
    5126:	f8c4 3084 	str.w	r3, [r4, #132]	@ 0x84
	uint32_t cycles = F_CPU_ACTUAL / 1000000 * usec;
    512a:	4b31      	ldr	r3, [pc, #196]	@ (51f0 <probe(unsigned char, unsigned char, unsigned char*)+0x28c>)
	uint32_t begin = ARM_DWT_CYCCNT;
    512c:	6848      	ldr	r0, [r1, #4]
	uint32_t cycles = F_CPU_ACTUAL / 1000000 * usec;
    512e:	6832      	ldr	r2, [r6, #0]
    5130:	fba3 3202 	umull	r3, r2, r3, r2
    5134:	0c92      	lsrs	r2, r2, #18
    5136:	eb02 0282 	add.w	r2, r2, r2, lsl #2
	while (ARM_DWT_CYCCNT - begin < cycles) ; // wait
    513a:	684b      	ldr	r3, [r1, #4]
    513c:	1a1b      	subs	r3, r3, r0
    513e:	429a      	cmp	r2, r3
    5140:	d8fb      	bhi.n	513a <probe(unsigned char, unsigned char, unsigned char*)+0x1d6>
		else *portClearRegister(pin) = digitalPinToBitMask(pin);
    5142:	4b2c      	ldr	r3, [pc, #176]	@ (51f4 <probe(unsigned char, unsigned char, unsigned char*)+0x290>)
    5144:	4443      	add	r3, r8
    5146:	68db      	ldr	r3, [r3, #12]
    5148:	f8c4 3088 	str.w	r3, [r4, #136]	@ 0x88
	uint32_t cycles = F_CPU_ACTUAL / 1000000 * usec;
    514c:	4b28      	ldr	r3, [pc, #160]	@ (51f0 <probe(unsigned char, unsigned char, unsigned char*)+0x28c>)
	uint32_t begin = ARM_DWT_CYCCNT;
    514e:	6848      	ldr	r0, [r1, #4]
	uint32_t cycles = F_CPU_ACTUAL / 1000000 * usec;
    5150:	6832      	ldr	r2, [r6, #0]
	while (ARM_DWT_CYCCNT - begin < cycles) ; // wait
    5152:	4925      	ldr	r1, [pc, #148]	@ (51e8 <probe(unsigned char, unsigned char, unsigned char*)+0x284>)
	uint32_t cycles = F_CPU_ACTUAL / 1000000 * usec;
    5154:	fba3 3202 	umull	r3, r2, r3, r2
    5158:	0c92      	lsrs	r2, r2, #18
	while (ARM_DWT_CYCCNT - begin < cycles) ; // wait
    515a:	684b      	ldr	r3, [r1, #4]
    515c:	1a1b      	subs	r3, r3, r0
    515e:	429a      	cmp	r2, r3
    5160:	d8fb      	bhi.n	515a <probe(unsigned char, unsigned char, unsigned char*)+0x1f6>
    pinMode(P_D0, OUTPUT);
    5162:	2101      	movs	r1, #1
    5164:	2034      	movs	r0, #52	@ 0x34
    for (int i = 7; i >= 0; i--) { digitalWriteFast(P_D0, (v >> i) & 1); s_tick(); }
    5166:	2507      	movs	r5, #7
    5168:	f04f 0a99 	mov.w	sl, #153	@ 0x99
				CORE_PIN52_PORTCLEAR = CORE_PIN52_BITMASK;
    516c:	4c1d      	ldr	r4, [pc, #116]	@ (51e4 <probe(unsigned char, unsigned char, unsigned char*)+0x280>)
    516e:	f04f 6980 	mov.w	r9, #67108864	@ 0x4000000
    pinMode(P_D0, OUTPUT);
    5172:	f002 fdeb 	bl	7d4c <pinMode>
    for (int i = 7; i >= 0; i--) { digitalWriteFast(P_D0, (v >> i) & 1); s_tick(); }
    5176:	e005      	b.n	5184 <probe(unsigned char, unsigned char, unsigned char*)+0x220>
				CORE_PIN52_PORTSET = CORE_PIN52_BITMASK;
    5178:	f8c4 9084 	str.w	r9, [r4, #132]	@ 0x84
    517c:	f7fa ff74 	bl	68 <s_tick()>
    5180:	3d01      	subs	r5, #1
    5182:	d309      	bcc.n	5198 <probe(unsigned char, unsigned char, unsigned char*)+0x234>
    5184:	fa4a f305 	asr.w	r3, sl, r5
		if (val) {
    5188:	07da      	lsls	r2, r3, #31
    518a:	d4f5      	bmi.n	5178 <probe(unsigned char, unsigned char, unsigned char*)+0x214>
				CORE_PIN52_PORTCLEAR = CORE_PIN52_BITMASK;
    518c:	f8c4 9088 	str.w	r9, [r4, #136]	@ 0x88
    5190:	f7fa ff6a 	bl	68 <s_tick()>
    5194:	3d01      	subs	r5, #1
    5196:	d2f5      	bcs.n	5184 <probe(unsigned char, unsigned char, unsigned char*)+0x220>
		if(val) *portSetRegister(pin) = digitalPinToBitMask(pin);
    5198:	4d16      	ldr	r5, [pc, #88]	@ (51f4 <probe(unsigned char, unsigned char, unsigned char*)+0x290>)
    digitalWriteFast(cs, HIGH); delay(2);
    519a:	2002      	movs	r0, #2
    519c:	eb05 0408 	add.w	r4, r5, r8
    51a0:	f855 3008 	ldr.w	r3, [r5, r8]
    51a4:	68e2      	ldr	r2, [r4, #12]
    51a6:	f8c3 2084 	str.w	r2, [r3, #132]	@ 0x84
    51aa:	f002 fd79 	bl	7ca0 <delay>
		else *portClearRegister(pin) = digitalPinToBitMask(pin);
    51ae:	68e2      	ldr	r2, [r4, #12]
    51b0:	f855 3008 	ldr.w	r3, [r5, r8]
	uint32_t begin = ARM_DWT_CYCCNT;
    51b4:	490c      	ldr	r1, [pc, #48]	@ (51e8 <probe(unsigned char, unsigned char, unsigned char*)+0x284>)
		else *portClearRegister(pin) = digitalPinToBitMask(pin);
    51b6:	f8c3 2088 	str.w	r2, [r3, #136]	@ 0x88
	uint32_t cycles = F_CPU_ACTUAL / 1000000 * usec;
    51ba:	4b0d      	ldr	r3, [pc, #52]	@ (51f0 <probe(unsigned char, unsigned char, unsigned char*)+0x28c>)
	uint32_t begin = ARM_DWT_CYCCNT;
    51bc:	6848      	ldr	r0, [r1, #4]
	uint32_t cycles = F_CPU_ACTUAL / 1000000 * usec;
    51be:	6832      	ldr	r2, [r6, #0]
    51c0:	fba3 3202 	umull	r3, r2, r3, r2
    51c4:	0c92      	lsrs	r2, r2, #18
	while (ARM_DWT_CYCCNT - begin < cycles) ; // wait
    51c6:	684b      	ldr	r3, [r1, #4]
    51c8:	1a1b      	subs	r3, r3, r0
    51ca:	429a      	cmp	r2, r3
    51cc:	d8fb      	bhi.n	51c6 <probe(unsigned char, unsigned char, unsigned char*)+0x262>
    pinMode(P_D0, OUTPUT);
    51ce:	2101      	movs	r1, #1
    51d0:	2034      	movs	r0, #52	@ 0x34
    for (int i = 7; i >= 0; i--) { digitalWriteFast(P_D0, (v >> i) & 1); s_tick(); }
    51d2:	2507      	movs	r5, #7
    51d4:	f04f 099f 	mov.w	r9, #159	@ 0x9f
				CORE_PIN52_PORTCLEAR = CORE_PIN52_BITMASK;
    51d8:	4c02      	ldr	r4, [pc, #8]	@ (51e4 <probe(unsigned char, unsigned char, unsigned char*)+0x280>)
    51da:	f04f 6a80 	mov.w	sl, #67108864	@ 0x4000000
    pinMode(P_D0, OUTPUT);
    51de:	f002 fdb5 	bl	7d4c <pinMode>
    for (int i = 7; i >= 0; i--) { digitalWriteFast(P_D0, (v >> i) & 1); s_tick(); }
    51e2:	e00f      	b.n	5204 <probe(unsigned char, unsigned char, unsigned char*)+0x2a0>
    51e4:	4200c000 	.word	0x4200c000
    51e8:	e0001000 	.word	0xe0001000
    51ec:	20001c4c 	.word	0x20001c4c
    51f0:	431bde83 	.word	0x431bde83
    51f4:	20001650 	.word	0x20001650
				CORE_PIN52_PORTSET = CORE_PIN52_BITMASK;
    51f8:	f8c4 a084 	str.w	sl, [r4, #132]	@ 0x84
    51fc:	f7fa ff34 	bl	68 <s_tick()>
    5200:	3d01      	subs	r5, #1
    5202:	d309      	bcc.n	5218 <probe(unsigned char, unsigned char, unsigned char*)+0x2b4>
    5204:	fa49 f305 	asr.w	r3, r9, r5
		if (val) {
    5208:	07db      	lsls	r3, r3, #31
    520a:	d4f5      	bmi.n	51f8 <probe(unsigned char, unsigned char, unsigned char*)+0x294>
				CORE_PIN52_PORTCLEAR = CORE_PIN52_BITMASK;
    520c:	f8c4 a088 	str.w	sl, [r4, #136]	@ 0x88
    5210:	f7fa ff2a 	bl	68 <s_tick()>
    5214:	3d01      	subs	r5, #1
    5216:	d2f5      	bcs.n	5204 <probe(unsigned char, unsigned char, unsigned char*)+0x2a0>
    pinMode(P_D0, OUTPUT);
    5218:	2508      	movs	r5, #8
    521a:	4c61      	ldr	r4, [pc, #388]	@ (53a0 <probe(unsigned char, unsigned char, unsigned char*)+0x43c>)
    521c:	f04f 6980 	mov.w	r9, #67108864	@ 0x4000000
    5220:	2101      	movs	r1, #1
    5222:	2034      	movs	r0, #52	@ 0x34
    5224:	f002 fd92 	bl	7d4c <pinMode>
    5228:	f8c4 9088 	str.w	r9, [r4, #136]	@ 0x88
    for (int i = 7; i >= 0; i--) { digitalWriteFast(P_D0, (v >> i) & 1); s_tick(); }
    522c:	f7fa ff1c 	bl	68 <s_tick()>
    5230:	3d01      	subs	r5, #1
    5232:	d1f9      	bne.n	5228 <probe(unsigned char, unsigned char, unsigned char*)+0x2c4>
    pinMode(P_D0, OUTPUT);
    5234:	2508      	movs	r5, #8
    5236:	4c5a      	ldr	r4, [pc, #360]	@ (53a0 <probe(unsigned char, unsigned char, unsigned char*)+0x43c>)
    5238:	f04f 6980 	mov.w	r9, #67108864	@ 0x4000000
    523c:	2101      	movs	r1, #1
    523e:	2034      	movs	r0, #52	@ 0x34
    5240:	f002 fd84 	bl	7d4c <pinMode>
    5244:	f8c4 9088 	str.w	r9, [r4, #136]	@ 0x88
    for (int i = 7; i >= 0; i--) { digitalWriteFast(P_D0, (v >> i) & 1); s_tick(); }
    5248:	f7fa ff0e 	bl	68 <s_tick()>
    524c:	3d01      	subs	r5, #1
    524e:	d1f9      	bne.n	5244 <probe(unsigned char, unsigned char, unsigned char*)+0x2e0>
    pinMode(P_D0, OUTPUT);
    5250:	2508      	movs	r5, #8
    5252:	4c53      	ldr	r4, [pc, #332]	@ (53a0 <probe(unsigned char, unsigned char, unsigned char*)+0x43c>)
    5254:	f04f 6980 	mov.w	r9, #67108864	@ 0x4000000
    5258:	2101      	movs	r1, #1
    525a:	2034      	movs	r0, #52	@ 0x34
    525c:	f002 fd76 	bl	7d4c <pinMode>
    5260:	f8c4 9088 	str.w	r9, [r4, #136]	@ 0x88
    for (int i = 7; i >= 0; i--) { digitalWriteFast(P_D0, (v >> i) & 1); s_tick(); }
    5264:	f7fa ff00 	bl	68 <s_tick()>
    5268:	3d01      	subs	r5, #1
    526a:	d1f9      	bne.n	5260 <probe(unsigned char, unsigned char, unsigned char*)+0x2fc>
    526c:	9b01      	ldr	r3, [sp, #4]
				CORE_PIN53_PORTSET = CORE_PIN53_BITMASK;
    526e:	4d4c      	ldr	r5, [pc, #304]	@ (53a0 <probe(unsigned char, unsigned char, unsigned char*)+0x43c>)
    5270:	f103 3bff 	add.w	fp, r3, #4294967295
    5274:	f103 0907 	add.w	r9, r3, #7
	uint32_t begin = ARM_DWT_CYCCNT;
    5278:	4c4a      	ldr	r4, [pc, #296]	@ (53a4 <probe(unsigned char, unsigned char, unsigned char*)+0x440>)
	uint32_t cycles = F_CPU_ACTUAL / 1000000 * usec;
    527a:	f8df a130 	ldr.w	sl, [pc, #304]	@ 53ac <probe(unsigned char, unsigned char, unsigned char*)+0x448>
    pinMode(P_D1, INPUT);
    527e:	2100      	movs	r1, #0
    5280:	2031      	movs	r0, #49	@ 0x31
    5282:	f002 fd63 	bl	7d4c <pinMode>
    5286:	2208      	movs	r2, #8
    uint8_t v = 0;
    5288:	2100      	movs	r1, #0
				CORE_PIN53_PORTSET = CORE_PIN53_BITMASK;
    528a:	f04f 7000 	mov.w	r0, #33554432	@ 0x2000000
    528e:	f8c5 0084 	str.w	r0, [r5, #132]	@ 0x84
			return (CORE_PIN49_PINREG & CORE_PIN49_BITMASK) ? 1 : 0;
    5292:	68ab      	ldr	r3, [r5, #8]
	uint32_t begin = ARM_DWT_CYCCNT;
    5294:	f8d4 c004 	ldr.w	ip, [r4, #4]
			return (CORE_PIN49_PINREG & CORE_PIN49_BITMASK) ? 1 : 0;
    5298:	f3c3 63c0 	ubfx	r3, r3, #27, #1
	uint32_t cycles = F_CPU_ACTUAL / 1000000 * usec;
    529c:	6837      	ldr	r7, [r6, #0]
        v = (uint8_t)((v << 1) | (digitalReadFast(P_D1) ? 1 : 0));
    529e:	ea43 0141 	orr.w	r1, r3, r1, lsl #1
    52a2:	fbaa 3707 	umull	r3, r7, sl, r7
    52a6:	0cbf      	lsrs	r7, r7, #18
	while (ARM_DWT_CYCCNT - begin < cycles) ; // wait
    52a8:	6863      	ldr	r3, [r4, #4]
    52aa:	eba3 030c 	sub.w	r3, r3, ip
    52ae:	429f      	cmp	r7, r3
    52b0:	d8fa      	bhi.n	52a8 <probe(unsigned char, unsigned char, unsigned char*)+0x344>
				CORE_PIN53_PORTCLEAR = CORE_PIN53_BITMASK;
    52b2:	f8c5 0088 	str.w	r0, [r5, #136]	@ 0x88
	uint32_t begin = ARM_DWT_CYCCNT;
    52b6:	f8d4 c004 	ldr.w	ip, [r4, #4]
	uint32_t cycles = F_CPU_ACTUAL / 1000000 * usec;
    52ba:	6837      	ldr	r7, [r6, #0]
    52bc:	fbaa 3707 	umull	r3, r7, sl, r7
    52c0:	0cbf      	lsrs	r7, r7, #18
	while (ARM_DWT_CYCCNT - begin < cycles) ; // wait
    52c2:	6863      	ldr	r3, [r4, #4]
    52c4:	eba3 030c 	sub.w	r3, r3, ip
    52c8:	429f      	cmp	r7, r3
    52ca:	d8fa      	bhi.n	52c2 <probe(unsigned char, unsigned char, unsigned char*)+0x35e>
    for (int i = 0; i < 8; i++) {
    52cc:	3a01      	subs	r2, #1
    52ce:	d1de      	bne.n	528e <probe(unsigned char, unsigned char, unsigned char*)+0x32a>
    for (int i = 0; i < 8; i++) id[i] = s_recv();
    52d0:	f80b 1f01 	strb.w	r1, [fp, #1]!
    52d4:	45cb      	cmp	fp, r9
    52d6:	d1d2      	bne.n	527e <probe(unsigned char, unsigned char, unsigned char*)+0x31a>
		if(val) *portSetRegister(pin) = digitalPinToBitMask(pin);
    52d8:	4b33      	ldr	r3, [pc, #204]	@ (53a8 <probe(unsigned char, unsigned char, unsigned char*)+0x444>)
	while (ARM_DWT_CYCCNT - begin < cycles) ; // wait
    52da:	4932      	ldr	r1, [pc, #200]	@ (53a4 <probe(unsigned char, unsigned char, unsigned char*)+0x440>)
		if(val) *portSetRegister(pin) = digitalPinToBitMask(pin);
    52dc:	eb03 0208 	add.w	r2, r3, r8
    52e0:	f853 3008 	ldr.w	r3, [r3, r8]
    52e4:	68d2      	ldr	r2, [r2, #12]
    52e6:	f8c3 2084 	str.w	r2, [r3, #132]	@ 0x84
	uint32_t cycles = F_CPU_ACTUAL / 1000000 * usec;
    52ea:	4b30      	ldr	r3, [pc, #192]	@ (53ac <probe(unsigned char, unsigned char, unsigned char*)+0x448>)
	uint32_t begin = ARM_DWT_CYCCNT;
    52ec:	6860      	ldr	r0, [r4, #4]
	uint32_t cycles = F_CPU_ACTUAL / 1000000 * usec;
    52ee:	6832      	ldr	r2, [r6, #0]
    52f0:	fba3 3202 	umull	r3, r2, r3, r2
    52f4:	0c92      	lsrs	r2, r2, #18
    52f6:	eb02 0282 	add.w	r2, r2, r2, lsl #2
	while (ARM_DWT_CYCCNT - begin < cycles) ; // wait
    52fa:	684b      	ldr	r3, [r1, #4]
    52fc:	1a1b      	subs	r3, r3, r0
    52fe:	429a      	cmp	r2, r3
    5300:	d8fb      	bhi.n	52fa <probe(unsigned char, unsigned char, unsigned char*)+0x396>
				CORE_PIN48_PORTSET = CORE_PIN48_BITMASK;
    5302:	4b27      	ldr	r3, [pc, #156]	@ (53a0 <probe(unsigned char, unsigned char, unsigned char*)+0x43c>)
    5304:	f04f 7080 	mov.w	r0, #16777216	@ 0x1000000
				CORE_PIN51_PORTSET = CORE_PIN51_BITMASK;
    5308:	f44f 0180 	mov.w	r1, #4194304	@ 0x400000
				CORE_PIN5_PORTSET = CORE_PIN5_BITMASK;
    530c:	f44f 7280 	mov.w	r2, #256	@ 0x100
				CORE_PIN48_PORTSET = CORE_PIN48_BITMASK;
    5310:	f8c3 0084 	str.w	r0, [r3, #132]	@ 0x84
				CORE_PIN51_PORTSET = CORE_PIN51_BITMASK;
    5314:	f8c3 1084 	str.w	r1, [r3, #132]	@ 0x84
				CORE_PIN5_PORTSET = CORE_PIN5_BITMASK;
    5318:	f8c3 2084 	str.w	r2, [r3, #132]	@ 0x84
    return id[0] == 0x0D && id[1] == 0x5D;
    531c:	9b01      	ldr	r3, [sp, #4]
    531e:	781b      	ldrb	r3, [r3, #0]
    5320:	2b0d      	cmp	r3, #13
    5322:	d024      	beq.n	536e <probe(unsigned char, unsigned char, unsigned char*)+0x40a>
    5324:	2000      	movs	r0, #0
}
    5326:	b003      	add	sp, #12
    5328:	e8bd 8ff0 	ldmia.w	sp!, {r4, r5, r6, r7, r8, r9, sl, fp, pc}
				CORE_PIN48_PORTSET = CORE_PIN48_BITMASK;
    532c:	f04f 7080 	mov.w	r0, #16777216	@ 0x1000000
				CORE_PIN51_PORTSET = CORE_PIN51_BITMASK;
    5330:	f44f 0180 	mov.w	r1, #4194304	@ 0x400000
				CORE_PIN5_PORTSET = CORE_PIN5_BITMASK;
    5334:	f44f 7280 	mov.w	r2, #256	@ 0x100
    5338:	2530      	movs	r5, #48	@ 0x30
				CORE_PIN48_PORTSET = CORE_PIN48_BITMASK;
    533a:	f8c3 0084 	str.w	r0, [r3, #132]	@ 0x84
				CORE_PIN51_PORTSET = CORE_PIN51_BITMASK;
    533e:	f8c3 1084 	str.w	r1, [r3, #132]	@ 0x84
				CORE_PIN5_PORTSET = CORE_PIN5_BITMASK;
    5342:	f8c3 2084 	str.w	r2, [r3, #132]	@ 0x84
    if (kind == SEL_DEC) {
    5346:	e63e      	b.n	4fc6 <probe(unsigned char, unsigned char, unsigned char*)+0x62>
		if (val) {
    5348:	078c      	lsls	r4, r1, #30
				CORE_PIN2_PORTSET = CORE_PIN2_BITMASK;
    534a:	f8c3 2084 	str.w	r2, [r3, #132]	@ 0x84
				CORE_PIN3_PORTSET = CORE_PIN3_BITMASK;
    534e:	4b14      	ldr	r3, [pc, #80]	@ (53a0 <probe(unsigned char, unsigned char, unsigned char*)+0x43c>)
    5350:	f04f 0220 	mov.w	r2, #32
		if (val) {
    5354:	f53f ae2c 	bmi.w	4fb0 <probe(unsigned char, unsigned char, unsigned char*)+0x4c>
    5358:	0748      	lsls	r0, r1, #29
				CORE_PIN3_PORTCLEAR = CORE_PIN3_BITMASK;
    535a:	f8c3 2088 	str.w	r2, [r3, #136]	@ 0x88
				CORE_PIN4_PORTSET = CORE_PIN4_BITMASK;
    535e:	4b10      	ldr	r3, [pc, #64]	@ (53a0 <probe(unsigned char, unsigned char, unsigned char*)+0x43c>)
    5360:	f04f 0240 	mov.w	r2, #64	@ 0x40
		if (val) {
    5364:	f53f ae2c 	bmi.w	4fc0 <probe(unsigned char, unsigned char, unsigned char*)+0x5c>
				CORE_PIN4_PORTCLEAR = CORE_PIN4_BITMASK;
    5368:	f8c3 2088 	str.w	r2, [r3, #136]	@ 0x88
    536c:	e62a      	b.n	4fc4 <probe(unsigned char, unsigned char, unsigned char*)+0x60>
    return id[0] == 0x0D && id[1] == 0x5D;
    536e:	9b01      	ldr	r3, [sp, #4]
    5370:	7858      	ldrb	r0, [r3, #1]
    5372:	f1a0 005d 	sub.w	r0, r0, #93	@ 0x5d
    5376:	fab0 f080 	clz	r0, r0
    537a:	0940      	lsrs	r0, r0, #5
}
    537c:	b003      	add	sp, #12
    537e:	e8bd 8ff0 	ldmia.w	sp!, {r4, r5, r6, r7, r8, r9, sl, fp, pc}
				CORE_PIN48_PORTSET = CORE_PIN48_BITMASK;
    5382:	f04f 7080 	mov.w	r0, #16777216	@ 0x1000000
				CORE_PIN51_PORTSET = CORE_PIN51_BITMASK;
    5386:	f44f 0180 	mov.w	r1, #4194304	@ 0x400000
				CORE_PIN5_PORTSET = CORE_PIN5_BITMASK;
    538a:	f44f 7280 	mov.w	r2, #256	@ 0x100
    538e:	2533      	movs	r5, #51	@ 0x33
				CORE_PIN48_PORTSET = CORE_PIN48_BITMASK;
    5390:	f8c3 0084 	str.w	r0, [r3, #132]	@ 0x84
				CORE_PIN51_PORTSET = CORE_PIN51_BITMASK;
    5394:	f8c3 1084 	str.w	r1, [r3, #132]	@ 0x84
				CORE_PIN5_PORTSET = CORE_PIN5_BITMASK;
    5398:	f8c3 2084 	str.w	r2, [r3, #132]	@ 0x84
    if (kind == SEL_DEC) {
    539c:	e613      	b.n	4fc6 <probe(unsigned char, unsigned char, unsigned char*)+0x62>
    539e:	bf00      	nop
    53a0:	4200c000 	.word	0x4200c000
    53a4:	e0001000 	.word	0xe0001000
    53a8:	20001650 	.word	0x20001650
    53ac:	431bde83 	.word	0x431bde83

000053b0 <setup>:
{
    53b0:	e92d 47f0 	stmdb	sp!, {r4, r5, r6, r7, r8, r9, sl, lr}
		uint32_t millis_begin = systick_millis_count;
    53b4:	4d6c      	ldr	r5, [pc, #432]	@ (5568 <setup+0x1b8>)
				if (elapsed > 750) break;
    53b6:	f240 28ee 	movw	r8, #750	@ 0x2ee
    53ba:	4c6c      	ldr	r4, [pc, #432]	@ (556c <setup+0x1bc>)
	// Testing Serial as a boolean indicates whether USB is active and a program
	// running on your PC has raised the DTR signal, which typically means it has
	// opened the port and is ready to communicate.
        operator bool() {
		yield();
		return usb_configuration && (usb_cdc_line_rtsdtr & USB_SERIAL_DTR) &&
    53bc:	4f6c      	ldr	r7, [pc, #432]	@ (5570 <setup+0x1c0>)
		((uint32_t)(systick_millis_count - usb_cdc_line_rtsdtr_millis) >= 15);
    53be:	f8df 91e0 	ldr.w	r9, [pc, #480]	@ 55a0 <setup+0x1f0>
		uint32_t millis_begin = systick_millis_count;
    53c2:	682e      	ldr	r6, [r5, #0]
		yield();
    53c4:	f004 f800 	bl	93c8 <yield>
		return usb_configuration && (usb_cdc_line_rtsdtr & USB_SERIAL_DTR) &&
    53c8:	7823      	ldrb	r3, [r4, #0]
    53ca:	2b00      	cmp	r3, #0
    53cc:	f000 80b9 	beq.w	5542 <setup+0x192>
    53d0:	783b      	ldrb	r3, [r7, #0]
    53d2:	07da      	lsls	r2, r3, #31
    53d4:	f140 80b5 	bpl.w	5542 <setup+0x192>
		((uint32_t)(systick_millis_count - usb_cdc_line_rtsdtr_millis) >= 15);
    53d8:	682b      	ldr	r3, [r5, #0]
    53da:	f8d9 2000 	ldr.w	r2, [r9]
    53de:	1a9b      	subs	r3, r3, r2
		return usb_configuration && (usb_cdc_line_rtsdtr & USB_SERIAL_DTR) &&
    53e0:	2b0e      	cmp	r3, #14
    53e2:	f240 80ae 	bls.w	5542 <setup+0x192>
    FLEXSPI2_MCR0 |= FLEXSPI_MCR0_MDIS;            /* halt the module before touching the mux */
    53e6:	4963      	ldr	r1, [pc, #396]	@ (5574 <setup+0x1c4>)
    while ((FLEXSPI2_MCR0 & FLEXSPI_MCR0_SWRESET) && ++guard < 1000000) { }
    53e8:	4a63      	ldr	r2, [pc, #396]	@ (5578 <setup+0x1c8>)
    FLEXSPI2_MCR0 |= FLEXSPI_MCR0_MDIS;            /* halt the module before touching the mux */
    53ea:	680b      	ldr	r3, [r1, #0]
    53ec:	f043 0302 	orr.w	r3, r3, #2
    53f0:	600b      	str	r3, [r1, #0]
    FLEXSPI2_MCR0 |= FLEXSPI_MCR0_SWRESET;
    53f2:	680b      	ldr	r3, [r1, #0]
    53f4:	f043 0301 	orr.w	r3, r3, #1
    53f8:	600b      	str	r3, [r1, #0]
    while ((FLEXSPI2_MCR0 & FLEXSPI_MCR0_SWRESET) && ++guard < 1000000) { }
    53fa:	680b      	ldr	r3, [r1, #0]
    53fc:	07db      	lsls	r3, r3, #31
    53fe:	f100 80ae 	bmi.w	555e <setup+0x1ae>
    FLEXSPI2_MCR0 |= FLEXSPI_MCR0_MDIS;
    5402:	4a5c      	ldr	r2, [pc, #368]	@ (5574 <setup+0x1c4>)
    5404:	6813      	ldr	r3, [r2, #0]
    5406:	f043 0302 	orr.w	r3, r3, #2
    540a:	6013      	str	r3, [r2, #0]
    __asm__ volatile("dsb");
    540c:	f3bf 8f4f 	dsb	sy
    IOMUXC_SW_MUX_CTL_PAD_GPIO_EMC_22 = 5;         /* 51, CS1  */
    5410:	4b5a      	ldr	r3, [pc, #360]	@ (557c <setup+0x1cc>)
    5412:	2205      	movs	r2, #5
    5414:	66da      	str	r2, [r3, #108]	@ 0x6c
    IOMUXC_SW_MUX_CTL_PAD_GPIO_EMC_24 = 5;         /* 48, CS0  */
    5416:	675a      	str	r2, [r3, #116]	@ 0x74
    IOMUXC_SW_MUX_CTL_PAD_GPIO_EMC_25 = 5;         /* 53, SCLK */
    5418:	679a      	str	r2, [r3, #120]	@ 0x78
    IOMUXC_SW_MUX_CTL_PAD_GPIO_EMC_26 = 5;         /* 52, SIO0 */
    541a:	67da      	str	r2, [r3, #124]	@ 0x7c
    IOMUXC_SW_MUX_CTL_PAD_GPIO_EMC_27 = 5;         /* 49, SIO1 */
    541c:	f8c3 2080 	str.w	r2, [r3, #128]	@ 0x80
    IOMUXC_SW_MUX_CTL_PAD_GPIO_EMC_28 = 5;         /* 50, SIO2 */
    5420:	f8c3 2084 	str.w	r2, [r3, #132]	@ 0x84
    IOMUXC_SW_MUX_CTL_PAD_GPIO_EMC_29 = 5;         /* 54, SIO3 */
    5424:	f8c3 2088 	str.w	r2, [r3, #136]	@ 0x88
    __asm__ volatile("dsb");
    5428:	f3bf 8f4f 	dsb	sy
	uint32_t cycles = F_CPU_ACTUAL / 1000000 * usec;
    542c:	f103 733f 	add.w	r3, r3, #50069504	@ 0x2fc0000
	uint32_t begin = ARM_DWT_CYCCNT;
    5430:	4953      	ldr	r1, [pc, #332]	@ (5580 <setup+0x1d0>)
	uint32_t cycles = F_CPU_ACTUAL / 1000000 * usec;
    5432:	4a54      	ldr	r2, [pc, #336]	@ (5584 <setup+0x1d4>)
    5434:	2464      	movs	r4, #100	@ 0x64
    5436:	f503 43bd 	add.w	r3, r3, #24192	@ 0x5e80
	uint32_t begin = ARM_DWT_CYCCNT;
    543a:	6848      	ldr	r0, [r1, #4]
	uint32_t cycles = F_CPU_ACTUAL / 1000000 * usec;
    543c:	6812      	ldr	r2, [r2, #0]
    543e:	3303      	adds	r3, #3
    5440:	fba3 3202 	umull	r3, r2, r3, r2
    5444:	0c92      	lsrs	r2, r2, #18
    5446:	fb04 f202 	mul.w	r2, r4, r2
	while (ARM_DWT_CYCCNT - begin < cycles) ; // wait
    544a:	684b      	ldr	r3, [r1, #4]
    544c:	1a1b      	subs	r3, r3, r0
    544e:	429a      	cmp	r2, r3
    5450:	d8fb      	bhi.n	544a <setup+0x9a>
    pinMode(PIN_A, OUTPUT); pinMode(PIN_B, OUTPUT); pinMode(PIN_C, OUTPUT);
    5452:	2101      	movs	r1, #1
    5454:	2002      	movs	r0, #2
    5456:	f002 fc79 	bl	7d4c <pinMode>
    545a:	2101      	movs	r1, #1
    545c:	2003      	movs	r0, #3
    for (int p = 48; p <= 54; p++) pinMode(p, OUTPUT);
    545e:	2430      	movs	r4, #48	@ 0x30
    pinMode(PIN_A, OUTPUT); pinMode(PIN_B, OUTPUT); pinMode(PIN_C, OUTPUT);
    5460:	f002 fc74 	bl	7d4c <pinMode>
    5464:	2101      	movs	r1, #1
    5466:	2004      	movs	r0, #4
    5468:	f002 fc70 	bl	7d4c <pinMode>
    pinMode(PIN_DEC, OUTPUT); digitalWriteFast(PIN_DEC, HIGH);
    546c:	2101      	movs	r1, #1
    546e:	2005      	movs	r0, #5
    5470:	f002 fc6c 	bl	7d4c <pinMode>
				CORE_PIN5_PORTSET = CORE_PIN5_BITMASK;
    5474:	4b44      	ldr	r3, [pc, #272]	@ (5588 <setup+0x1d8>)
    5476:	f44f 7280 	mov.w	r2, #256	@ 0x100
    547a:	f8c3 2084 	str.w	r2, [r3, #132]	@ 0x84
    for (int p = 48; p <= 54; p++) pinMode(p, OUTPUT);
    547e:	b2e0      	uxtb	r0, r4
    5480:	3401      	adds	r4, #1
    5482:	2101      	movs	r1, #1
    5484:	f002 fc62 	bl	7d4c <pinMode>
    5488:	2c37      	cmp	r4, #55	@ 0x37
    548a:	d1f8      	bne.n	547e <setup+0xce>
    GPIO9_DR |= (B_SS0 | B_SS1 | B_DEC);
    548c:	4a3e      	ldr	r2, [pc, #248]	@ (5588 <setup+0x1d8>)
    ARM_DEMCR |= ARM_DEMCR_TRCENA;
    548e:	f04f 24e0 	mov.w	r4, #3758153728	@ 0xe000e000
    GPIO9_DR |= (B_SS0 | B_SS1 | B_DEC);
    5492:	493e      	ldr	r1, [pc, #248]	@ (558c <setup+0x1dc>)
    5494:	6813      	ldr	r3, [r2, #0]
    ARM_DWT_CTRL |= ARM_DWT_CTRL_CYCCNTENA;
    5496:	483a      	ldr	r0, [pc, #232]	@ (5580 <setup+0x1d0>)
    GPIO9_DR |= (B_SS0 | B_SS1 | B_DEC);
    5498:	4319      	orrs	r1, r3
    549a:	4b3d      	ldr	r3, [pc, #244]	@ (5590 <setup+0x1e0>)
    549c:	6011      	str	r1, [r2, #0]
static inline void bus_out(void) { GPIO9_GDIR |= (B_DATA | B_CLK | B_SS0 | B_SS1); }
    549e:	f103 3cff 	add.w	ip, r3, #4294967295
    54a2:	6851      	ldr	r1, [r2, #4]
    54a4:	f203 7eff 	addw	lr, r3, #2047	@ 0x7ff
    54a8:	f041 517d 	orr.w	r1, r1, #1061158912	@ 0x3f400000
    54ac:	6051      	str	r1, [r2, #4]
    ARM_DWT_CTRL |= ARM_DWT_CTRL_CYCCNTENA;
    54ae:	2100      	movs	r1, #0
    ARM_DEMCR |= ARM_DEMCR_TRCENA;
    54b0:	f8d4 2dfc 	ldr.w	r2, [r4, #3580]	@ 0xdfc
    54b4:	f042 7280 	orr.w	r2, r2, #16777216	@ 0x1000000
    54b8:	f8c4 2dfc 	str.w	r2, [r4, #3580]	@ 0xdfc
    ARM_DWT_CTRL |= ARM_DWT_CTRL_CYCCNTENA;
    54bc:	6802      	ldr	r2, [r0, #0]
    54be:	f042 0201 	orr.w	r2, r2, #1
    54c2:	6002      	str	r2, [r0, #0]
    54c4:	4660      	mov	r0, ip
    for (int i = 0; i < 2048; i++) xvec[i] = (int8_t)(((i * 37) & 0x7F) - 64);
    54c6:	f001 027f 	and.w	r2, r1, #127	@ 0x7f
    54ca:	3125      	adds	r1, #37	@ 0x25
    54cc:	3a40      	subs	r2, #64	@ 0x40
    54ce:	f800 2f01 	strb.w	r2, [r0, #1]!
    54d2:	4570      	cmp	r0, lr
    54d4:	d1f7      	bne.n	54c6 <setup+0x116>
    54d6:	4a2f      	ldr	r2, [pc, #188]	@ (5594 <setup+0x1e4>)
    54d8:	f502 5780 	add.w	r7, r2, #4096	@ 0x1000
        xpack[g*4+0] = ((uint32_t)(a[0] & 0xFFFF)) | ((uint32_t)(a[4] & 0xFFFF) << 16);
    54dc:	f993 5000 	ldrsb.w	r5, [r3]
    for (uint32_t g = 0; g < 256; g++) {
    54e0:	3308      	adds	r3, #8
        xpack[g*4+1] = ((uint32_t)(a[2] & 0xFFFF)) | ((uint32_t)(a[6] & 0xFFFF) << 16);
    54e2:	f913 4c06 	ldrsb.w	r4, [r3, #-6]
        xpack[g*4+2] = ((uint32_t)(a[1] & 0xFFFF)) | ((uint32_t)(a[5] & 0xFFFF) << 16);
    54e6:	f913 0c07 	ldrsb.w	r0, [r3, #-7]
        xpack[g*4+0] = ((uint32_t)(a[0] & 0xFFFF)) | ((uint32_t)(a[4] & 0xFFFF) << 16);
    54ea:	b2ad      	uxth	r5, r5
        xpack[g*4+3] = ((uint32_t)(a[3] & 0xFFFF)) | ((uint32_t)(a[7] & 0xFFFF) << 16);
    54ec:	f913 1c05 	ldrsb.w	r1, [r3, #-5]
        xpack[g*4+1] = ((uint32_t)(a[2] & 0xFFFF)) | ((uint32_t)(a[6] & 0xFFFF) << 16);
    54f0:	b2a4      	uxth	r4, r4
        xpack[g*4+0] = ((uint32_t)(a[0] & 0xFFFF)) | ((uint32_t)(a[4] & 0xFFFF) << 16);
    54f2:	f913 ac04 	ldrsb.w	sl, [r3, #-4]
        xpack[g*4+2] = ((uint32_t)(a[1] & 0xFFFF)) | ((uint32_t)(a[5] & 0xFFFF) << 16);
    54f6:	b280      	uxth	r0, r0
        xpack[g*4+1] = ((uint32_t)(a[2] & 0xFFFF)) | ((uint32_t)(a[6] & 0xFFFF) << 16);
    54f8:	f913 9c02 	ldrsb.w	r9, [r3, #-2]
        xpack[g*4+3] = ((uint32_t)(a[3] & 0xFFFF)) | ((uint32_t)(a[7] & 0xFFFF) << 16);
    54fc:	b289      	uxth	r1, r1
        xpack[g*4+2] = ((uint32_t)(a[1] & 0xFFFF)) | ((uint32_t)(a[5] & 0xFFFF) << 16);
    54fe:	f913 8c03 	ldrsb.w	r8, [r3, #-3]
        xpack[g*4+0] = ((uint32_t)(a[0] & 0xFFFF)) | ((uint32_t)(a[4] & 0xFFFF) << 16);
    5502:	ea45 450a 	orr.w	r5, r5, sl, lsl #16
        xpack[g*4+3] = ((uint32_t)(a[3] & 0xFFFF)) | ((uint32_t)(a[7] & 0xFFFF) << 16);
    5506:	f913 6c01 	ldrsb.w	r6, [r3, #-1]
        xpack[g*4+1] = ((uint32_t)(a[2] & 0xFFFF)) | ((uint32_t)(a[6] & 0xFFFF) << 16);
    550a:	ea44 4409 	orr.w	r4, r4, r9, lsl #16
        xpack[g*4+2] = ((uint32_t)(a[1] & 0xFFFF)) | ((uint32_t)(a[5] & 0xFFFF) << 16);
    550e:	ea40 4008 	orr.w	r0, r0, r8, lsl #16
        xpack[g*4+3] = ((uint32_t)(a[3] & 0xFFFF)) | ((uint32_t)(a[7] & 0xFFFF) << 16);
    5512:	ea41 4106 	orr.w	r1, r1, r6, lsl #16
        xpack[g*4+1] = ((uint32_t)(a[2] & 0xFFFF)) | ((uint32_t)(a[6] & 0xFFFF) << 16);
    5516:	e9c2 5400 	strd	r5, r4, [r2]
        xpack[g*4+3] = ((uint32_t)(a[3] & 0xFFFF)) | ((uint32_t)(a[7] & 0xFFFF) << 16);
    551a:	e9c2 0102 	strd	r0, r1, [r2, #8]
    for (uint32_t g = 0; g < 256; g++) {
    551e:	3210      	adds	r2, #16
    5520:	42ba      	cmp	r2, r7
    5522:	d1db      	bne.n	54dc <setup+0x12c>
    5524:	2300      	movs	r3, #0
    for (int i = 0; i < 2048; i++) xsum_all += xvec[i];
    5526:	f91c 2f01 	ldrsb.w	r2, [ip, #1]!
    552a:	45f4      	cmp	ip, lr
    552c:	4413      	add	r3, r2
    552e:	d1fa      	bne.n	5526 <setup+0x176>
    5530:	4c19      	ldr	r4, [pc, #100]	@ (5598 <setup+0x1e8>)
    Serial2.begin(1000000);          /* UART3 to the Luckfox, pins 7 and 8 */
    5532:	2200      	movs	r2, #0
    5534:	4910      	ldr	r1, [pc, #64]	@ (5578 <setup+0x1c8>)
    5536:	6023      	str	r3, [r4, #0]
    5538:	4818      	ldr	r0, [pc, #96]	@ (559c <setup+0x1ec>)
}
    553a:	e8bd 47f0 	ldmia.w	sp!, {r4, r5, r6, r7, r8, r9, sl, lr}
    Serial2.begin(1000000);          /* UART3 to the Luckfox, pins 7 and 8 */
    553e:	f001 be65 	b.w	720c <HardwareSerialIMXRT::begin(unsigned long, unsigned short)>
			uint32_t elapsed = systick_millis_count - millis_begin;
    5542:	682b      	ldr	r3, [r5, #0]
			if (usb_configuration) {
    5544:	7822      	ldrb	r2, [r4, #0]
			uint32_t elapsed = systick_millis_count - millis_begin;
    5546:	1b9b      	subs	r3, r3, r6
			if (usb_configuration) {
    5548:	b132      	cbz	r2, 5558 <setup+0x1a8>
				if (elapsed > 2000) break;
    554a:	f5b3 6ffa 	cmp.w	r3, #2000	@ 0x7d0
    554e:	f63f af4a 	bhi.w	53e6 <setup+0x36>
			yield();
    5552:	f003 ff39 	bl	93c8 <yield>
    5556:	e735      	b.n	53c4 <setup+0x14>
				if (elapsed > 750) break;
    5558:	4543      	cmp	r3, r8
    555a:	d9fa      	bls.n	5552 <setup+0x1a2>
    555c:	e743      	b.n	53e6 <setup+0x36>
    while ((FLEXSPI2_MCR0 & FLEXSPI_MCR0_SWRESET) && ++guard < 1000000) { }
    555e:	3a01      	subs	r2, #1
    5560:	f47f af4b 	bne.w	53fa <setup+0x4a>
    5564:	e74d      	b.n	5402 <setup+0x52>
    5566:	bf00      	nop
    5568:	2000807c 	.word	0x2000807c
    556c:	200080ad 	.word	0x200080ad
    5570:	200080ac 	.word	0x200080ac
    5574:	402a4000 	.word	0x402a4000
    5578:	000f4240 	.word	0x000f4240
    557c:	401f8000 	.word	0x401f8000
    5580:	e0001000 	.word	0xe0001000
    5584:	20001c4c 	.word	0x20001c4c
    5588:	4200c000 	.word	0x4200c000
    558c:	01400100 	.word	0x01400100
    5590:	200064a0 	.word	0x200064a0
    5594:	20006e14 	.word	0x20006e14
    5598:	20007e60 	.word	0x20007e60
    559c:	20001c60 	.word	0x20001c60
    55a0:	2000808c 	.word	0x2000808c
    55a4:	00000000 	.word	0x00000000

000055a8 <loop>:
    }
}

void loop()
{
    if (done_once) { serve_link(); stage6_soak(); return; }
    55a8:	4bb6      	ldr	r3, [pc, #728]	@ (5884 <loop+0x2dc>)
{
    55aa:	e92d 4ff0 	stmdb	sp!, {r4, r5, r6, r7, r8, r9, sl, fp, lr}
    if (done_once) { serve_link(); stage6_soak(); return; }
    55ae:	781d      	ldrb	r5, [r3, #0]
{
    55b0:	ed2d 8b06 	vpush	{d8-d10}
    55b4:	b09b      	sub	sp, #108	@ 0x6c
    if (done_once) { serve_link(); stage6_soak(); return; }
    55b6:	2d00      	cmp	r5, #0
    55b8:	f040 8774 	bne.w	64a4 <loop+0xefc>

    Serial.println();
    55bc:	48b2      	ldr	r0, [pc, #712]	@ (5888 <loop+0x2e0>)
    55be:	f002 f913 	bl	77e8 <Print::println()>
        virtual size_t write(const uint8_t *buffer, size_t size) { return usb_serial_write(buffer, size); }
    55c2:	2142      	movs	r1, #66	@ 0x42
    55c4:	48b1      	ldr	r0, [pc, #708]	@ (588c <loop+0x2e4>)
    55c6:	f003 fe83 	bl	92d0 <usb_serial_write>
    55ca:	48af      	ldr	r0, [pc, #700]	@ (5888 <loop+0x2e0>)
    55cc:	f002 f90c 	bl	77e8 <Print::println()>
    55d0:	213b      	movs	r1, #59	@ 0x3b
    55d2:	48af      	ldr	r0, [pc, #700]	@ (5890 <loop+0x2e8>)
    55d4:	f003 fe7c 	bl	92d0 <usb_serial_write>
    55d8:	48ab      	ldr	r0, [pc, #684]	@ (5888 <loop+0x2e0>)
    55da:	f002 f905 	bl	77e8 <Print::println()>
    55de:	2142      	movs	r1, #66	@ 0x42
    55e0:	48aa      	ldr	r0, [pc, #680]	@ (588c <loop+0x2e4>)
    55e2:	f003 fe75 	bl	92d0 <usb_serial_write>
    Serial.print(external_psram_size);
    55e6:	4cab      	ldr	r4, [pc, #684]	@ (5894 <loop+0x2ec>)
    55e8:	48a7      	ldr	r0, [pc, #668]	@ (5888 <loop+0x2e0>)
    55ea:	f002 f8fd 	bl	77e8 <Print::println()>
    55ee:	2118      	movs	r1, #24
    55f0:	48a9      	ldr	r0, [pc, #676]	@ (5898 <loop+0x2f0>)
    55f2:	f003 fe6d 	bl	92d0 <usb_serial_write>
	size_t print(uint8_t b)				{ return printNumber(b, 10, 0); }
    55f6:	462b      	mov	r3, r5
    55f8:	220a      	movs	r2, #10
    55fa:	7821      	ldrb	r1, [r4, #0]
    55fc:	48a2      	ldr	r0, [pc, #648]	@ (5888 <loop+0x2e0>)
    55fe:	f002 f901 	bl	7804 <Print::printNumber(unsigned long, unsigned char, unsigned char)>
    5602:	2122      	movs	r1, #34	@ 0x22
    5604:	48a5      	ldr	r0, [pc, #660]	@ (589c <loop+0x2f4>)
    5606:	f003 fe63 	bl	92d0 <usb_serial_write>
	size_t println(const __FlashStringHelper *f)	{ return print(f) + println(); }
    560a:	489f      	ldr	r0, [pc, #636]	@ (5888 <loop+0x2e0>)
    560c:	f002 f8ec 	bl	77e8 <Print::println()>
    if (external_psram_size)
    5610:	7823      	ldrb	r3, [r4, #0]
    5612:	2b00      	cmp	r3, #0
    5614:	f041 808e 	bne.w	6734 <loop+0x118c>
    5618:	213d      	movs	r1, #61	@ 0x3d
    561a:	48a1      	ldr	r0, [pc, #644]	@ (58a0 <loop+0x2f8>)
    561c:	f003 fe58 	bl	92d0 <usb_serial_write>
    5620:	4899      	ldr	r0, [pc, #612]	@ (5888 <loop+0x2e0>)
    5622:	f002 f8e1 	bl	77e8 <Print::println()>
    Serial.println();
    5626:	4898      	ldr	r0, [pc, #608]	@ (5888 <loop+0x2e0>)
    5628:	f002 f8de 	bl	77e8 <Print::println()>
    562c:	211a      	movs	r1, #26
    562e:	489d      	ldr	r0, [pc, #628]	@ (58a4 <loop+0x2fc>)
    5630:	f003 fe4e 	bl	92d0 <usb_serial_write>
    5634:	4894      	ldr	r0, [pc, #592]	@ (5888 <loop+0x2e0>)
    5636:	f002 f8d7 	bl	77e8 <Print::println()>
				CORE_PIN2_PORTSET = CORE_PIN2_BITMASK;
    563a:	4b9b      	ldr	r3, [pc, #620]	@ (58a8 <loop+0x300>)
    563c:	2010      	movs	r0, #16
				CORE_PIN3_PORTSET = CORE_PIN3_BITMASK;
    563e:	2120      	movs	r1, #32
				CORE_PIN4_PORTSET = CORE_PIN4_BITMASK;
    5640:	2240      	movs	r2, #64	@ 0x40
				CORE_PIN2_PORTSET = CORE_PIN2_BITMASK;
    5642:	f8c3 0084 	str.w	r0, [r3, #132]	@ 0x84
				CORE_PIN3_PORTSET = CORE_PIN3_BITMASK;
    5646:	f8c3 1084 	str.w	r1, [r3, #132]	@ 0x84
				CORE_PIN4_PORTSET = CORE_PIN4_BITMASK;
    564a:	f8c3 2084 	str.w	r2, [r3, #132]	@ 0x84
	uint32_t begin = ARM_DWT_CYCCNT;
    564e:	4997      	ldr	r1, [pc, #604]	@ (58ac <loop+0x304>)
	uint32_t cycles = F_CPU_ACTUAL / 1000000 * usec;
    5650:	4b97      	ldr	r3, [pc, #604]	@ (58b0 <loop+0x308>)
    5652:	4a98      	ldr	r2, [pc, #608]	@ (58b4 <loop+0x30c>)
	uint32_t begin = ARM_DWT_CYCCNT;
    5654:	6848      	ldr	r0, [r1, #4]
	uint32_t cycles = F_CPU_ACTUAL / 1000000 * usec;
    5656:	681b      	ldr	r3, [r3, #0]
    5658:	fba2 2303 	umull	r2, r3, r2, r3
    565c:	0c9b      	lsrs	r3, r3, #18
    565e:	eb03 0383 	add.w	r3, r3, r3, lsl #2
	while (ARM_DWT_CYCCNT - begin < cycles) ; // wait
    5662:	684a      	ldr	r2, [r1, #4]
    5664:	1a12      	subs	r2, r2, r0
    5666:	4293      	cmp	r3, r2
    5668:	d8fb      	bhi.n	5662 <loop+0xba>
    566a:	211f      	movs	r1, #31
    566c:	4892      	ldr	r0, [pc, #584]	@ (58b8 <loop+0x310>)
    566e:	f003 fe2f 	bl	92d0 <usb_serial_write>
    5672:	4885      	ldr	r0, [pc, #532]	@ (5888 <loop+0x2e0>)
    5674:	f002 f8b8 	bl	77e8 <Print::println()>
    g_nbank = 0;
    5678:	2400      	movs	r4, #0
    567a:	4b90      	ldr	r3, [pc, #576]	@ (58bc <loop+0x314>)
    567c:	f8df a290 	ldr.w	sl, [pc, #656]	@ 5910 <loop+0x368>
    5680:	f8df 8290 	ldr.w	r8, [pc, #656]	@ 5914 <loop+0x36c>
    5684:	4f8e      	ldr	r7, [pc, #568]	@ (58c0 <loop+0x318>)
    5686:	9301      	str	r3, [sp, #4]
    5688:	701c      	strb	r4, [r3, #0]
        const bool ok = probe(CKIND[k], CY[k], id);
    568a:	f81a 6b01 	ldrb.w	r6, [sl], #1
    568e:	aa18      	add	r2, sp, #96	@ 0x60
    5690:	f818 bb01 	ldrb.w	fp, [r8], #1
    5694:	4630      	mov	r0, r6
    5696:	4659      	mov	r1, fp
    5698:	f7ff fc64 	bl	4f64 <probe(unsigned char, unsigned char, unsigned char*)>
    569c:	2104      	movs	r1, #4
    569e:	4605      	mov	r5, r0
    56a0:	4888      	ldr	r0, [pc, #544]	@ (58c4 <loop+0x31c>)
    56a2:	f003 fe15 	bl	92d0 <usb_serial_write>
        Serial.print(NAME[k]);
    56a6:	f857 9b04 	ldr.w	r9, [r7], #4
	size_t write(const char *str)			{ if (str == nullptr) return 0;
    56aa:	f1b9 0f00 	cmp.w	r9, #0
    56ae:	d006      	beq.n	56be <loop+0x116>
							  return write((const uint8_t *)str, strlen(str)); }
    56b0:	4648      	mov	r0, r9
    56b2:	f004 fc45 	bl	9f40 <strlen>
    56b6:	4601      	mov	r1, r0
    56b8:	4648      	mov	r0, r9
    56ba:	f003 fe09 	bl	92d0 <usb_serial_write>
        for (unsigned p = strlen(NAME[k]); p < 13; p++) Serial.print(' ');
    56be:	4648      	mov	r0, r9
    56c0:	f004 fc3e 	bl	9f40 <strlen>
    56c4:	280c      	cmp	r0, #12
    56c6:	4681      	mov	r9, r0
    56c8:	d807      	bhi.n	56da <loop+0x132>
    56ca:	f109 0901 	add.w	r9, r9, #1
        virtual size_t write(uint8_t c) { return usb_serial_putchar(c); }
    56ce:	2020      	movs	r0, #32
    56d0:	f003 fdea 	bl	92a8 <usb_serial_putchar>
    56d4:	f1b9 0f0d 	cmp.w	r9, #13
    56d8:	d1f7      	bne.n	56ca <loop+0x122>
        if (ok) {
    56da:	2d00      	cmp	r5, #0
    56dc:	f001 8078 	beq.w	67d0 <loop+0x1228>
        virtual size_t write(const uint8_t *buffer, size_t size) { return usb_serial_write(buffer, size); }
    56e0:	2112      	movs	r1, #18
    56e2:	4879      	ldr	r0, [pc, #484]	@ (58c8 <loop+0x320>)
    56e4:	f003 fdf4 	bl	92d0 <usb_serial_write>
	size_t print(uint8_t b)				{ return printNumber(b, 10, 0); }
    56e8:	9d01      	ldr	r5, [sp, #4]
    56ea:	2300      	movs	r3, #0
    56ec:	220a      	movs	r2, #10
    56ee:	7829      	ldrb	r1, [r5, #0]
    56f0:	4865      	ldr	r0, [pc, #404]	@ (5888 <loop+0x2e0>)
    56f2:	f002 f887 	bl	7804 <Print::printNumber(unsigned long, unsigned char, unsigned char)>

	// Print an unsigned number and newline
	size_t println(uint8_t b)			{ return print(b) + println(); }
    56f6:	4864      	ldr	r0, [pc, #400]	@ (5888 <loop+0x2e0>)
    56f8:	f002 f876 	bl	77e8 <Print::println()>
            g_kind[g_nbank] = CKIND[k]; g_y[g_nbank] = CY[k]; g_nbank++;
    56fc:	782b      	ldrb	r3, [r5, #0]
    56fe:	4a73      	ldr	r2, [pc, #460]	@ (58cc <loop+0x324>)
            if (CKIND[k] == SEL_DEC) ndec++;
    5700:	2e02      	cmp	r6, #2
            g_kind[g_nbank] = CKIND[k]; g_y[g_nbank] = CY[k]; g_nbank++;
    5702:	54d6      	strb	r6, [r2, r3]
    5704:	4a72      	ldr	r2, [pc, #456]	@ (58d0 <loop+0x328>)
    5706:	f802 b003 	strb.w	fp, [r2, r3]
    570a:	f103 0301 	add.w	r3, r3, #1
    570e:	702b      	strb	r3, [r5, #0]
            if (CKIND[k] == SEL_DEC) ndec++;
    5710:	d100      	bne.n	5714 <loop+0x16c>
    5712:	3401      	adds	r4, #1
    for (int k = 0; k < MAXBANK; k++) {
    5714:	4b6f      	ldr	r3, [pc, #444]	@ (58d4 <loop+0x32c>)
    5716:	4553      	cmp	r3, sl
    5718:	d1b7      	bne.n	568a <loop+0xe2>
    571a:	210a      	movs	r1, #10
    571c:	486e      	ldr	r0, [pc, #440]	@ (58d8 <loop+0x330>)
    571e:	f003 fdd7 	bl	92d0 <usb_serial_write>
	size_t print(uint8_t b)				{ return printNumber(b, 10, 0); }
    5722:	9d01      	ldr	r5, [sp, #4]
    5724:	2300      	movs	r3, #0
    5726:	220a      	movs	r2, #10
    5728:	7829      	ldrb	r1, [r5, #0]
    572a:	4857      	ldr	r0, [pc, #348]	@ (5888 <loop+0x2e0>)
    572c:	f002 f86a 	bl	7804 <Print::printNumber(unsigned long, unsigned char, unsigned char)>
    5730:	2109      	movs	r1, #9
    5732:	486a      	ldr	r0, [pc, #424]	@ (58dc <loop+0x334>)
    5734:	f003 fdcc 	bl	92d0 <usb_serial_write>
    Serial.print(F(" chips = ")); Serial.print((uint32_t)g_nbank * 8u);
    5738:	7829      	ldrb	r1, [r5, #0]
	size_t print(unsigned long n)			{ return printNumber(n, 10, 0); }
    573a:	2300      	movs	r3, #0
    573c:	220a      	movs	r2, #10
    573e:	00c9      	lsls	r1, r1, #3
    5740:	4851      	ldr	r0, [pc, #324]	@ (5888 <loop+0x2e0>)
    5742:	f002 f85f 	bl	7804 <Print::printNumber(unsigned long, unsigned char, unsigned char)>
    5746:	2103      	movs	r1, #3
    5748:	4865      	ldr	r0, [pc, #404]	@ (58e0 <loop+0x338>)
    574a:	f003 fdc1 	bl	92d0 <usb_serial_write>
	size_t println(const __FlashStringHelper *f)	{ return print(f) + println(); }
    574e:	484e      	ldr	r0, [pc, #312]	@ (5888 <loop+0x2e0>)
    5750:	f002 f84a 	bl	77e8 <Print::println()>
    if (ndec == 0) {
    5754:	2c00      	cmp	r4, #0
    5756:	f001 8228 	beq.w	6baa <loop+0x1602>
    575a:	2147      	movs	r1, #71	@ 0x47
    575c:	4861      	ldr	r0, [pc, #388]	@ (58e4 <loop+0x33c>)
    575e:	f003 fdb7 	bl	92d0 <usb_serial_write>
    5762:	4849      	ldr	r0, [pc, #292]	@ (5888 <loop+0x2e0>)
    5764:	f002 f840 	bl	77e8 <Print::println()>
    5768:	2149      	movs	r1, #73	@ 0x49
    576a:	485f      	ldr	r0, [pc, #380]	@ (58e8 <loop+0x340>)
    576c:	f003 fdb0 	bl	92d0 <usb_serial_write>
    5770:	4845      	ldr	r0, [pc, #276]	@ (5888 <loop+0x2e0>)
    5772:	f002 f839 	bl	77e8 <Print::println()>
    Serial.println(F("=================================================================="));
    Serial.println(F("  perfboard bring-up. Flash this first; it assumes nothing."));
    Serial.println(F("=================================================================="));

    stage1_discover();
    if (g_nbank == 0) {
    5776:	9b01      	ldr	r3, [sp, #4]
    5778:	781b      	ldrb	r3, [r3, #0]
    577a:	2b00      	cmp	r3, #0
    577c:	f001 8062 	beq.w	6844 <loop+0x129c>
    5780:	211e      	movs	r1, #30
    5782:	485a      	ldr	r0, [pc, #360]	@ (58ec <loop+0x344>)
    5784:	f003 fda4 	bl	92d0 <usb_serial_write>
    5788:	483f      	ldr	r0, [pc, #252]	@ (5888 <loop+0x2e0>)
    578a:	f002 f82d 	bl	77e8 <Print::println()>
    g_burst = 64;        /* before stage 3 has measured anything, pick a burst short enough that the
    578e:	4a58      	ldr	r2, [pc, #352]	@ (58f0 <loop+0x348>)
    5790:	2340      	movs	r3, #64	@ 0x40
    5792:	920c      	str	r2, [sp, #48]	@ 0x30
    5794:	6013      	str	r3, [r2, #0]
    for (int b = 0; b < g_nbank; b++) {
    5796:	9b01      	ldr	r3, [sp, #4]
    5798:	781b      	ldrb	r3, [r3, #0]
    579a:	b33b      	cbz	r3, 57ec <loop+0x244>
    579c:	253b      	movs	r5, #59	@ 0x3b
    579e:	2400      	movs	r4, #0
    57a0:	4f54      	ldr	r7, [pc, #336]	@ (58f4 <loop+0x34c>)
    57a2:	f8df b174 	ldr.w	fp, [pc, #372]	@ 5918 <loop+0x370>
    if (b == g_cur) return;                        /* re-selecting costs microseconds; skip it */
    57a6:	f997 3000 	ldrsb.w	r3, [r7]
    57aa:	42a3      	cmp	r3, r4
    57ac:	d002      	beq.n	57b4 <loop+0x20c>
    57ae:	4620      	mov	r0, r4
    57b0:	f7fa fd0c 	bl	1cc <use_bank(int) [clone .part.0]>
        for (uint32_t off = 0; off < span; off += BLK) {
    57b4:	2600      	movs	r6, #0
        use_bank(b); enter_quad_here();
    57b6:	f7ff f877 	bl	48a8 <enter_quad_here()>
            for (uint32_t i = 0; i < BLK; i++) ref[i] = pat((uint8_t)b, off + i);
    57ba:	4a4f      	ldr	r2, [pc, #316]	@ (58f8 <loop+0x350>)
    for (int b = 0; b < g_nbank; b++) {
    57bc:	462b      	mov	r3, r5
            for (uint32_t i = 0; i < BLK; i++) ref[i] = pat((uint8_t)b, off + i);
    57be:	f802 3f01 	strb.w	r3, [r2, #1]!
    57c2:	455a      	cmp	r2, fp
    57c4:	f1a3 0363 	sub.w	r3, r3, #99	@ 0x63
    57c8:	d1f9      	bne.n	57be <loop+0x216>
            WF[2](off, ref, BLK);                      /* 6 no-ops, generous for a write */
    57ca:	4630      	mov	r0, r6
        for (uint32_t off = 0; off < span; off += BLK) {
    57cc:	f506 5600 	add.w	r6, r6, #8192	@ 0x2000
            WF[2](off, ref, BLK);                      /* 6 no-ops, generous for a write */
    57d0:	f44f 5200 	mov.w	r2, #8192	@ 0x2000
    57d4:	4949      	ldr	r1, [pc, #292]	@ (58fc <loop+0x354>)
    57d6:	f7fe f86f 	bl	38b8 <void bwrite<6>(unsigned long, unsigned char const*, unsigned long)>
        for (uint32_t off = 0; off < span; off += BLK) {
    57da:	f5b6 3f80 	cmp.w	r6, #65536	@ 0x10000
    57de:	d1ec      	bne.n	57ba <loop+0x212>
    for (int b = 0; b < g_nbank; b++) {
    57e0:	9b01      	ldr	r3, [sp, #4]
    57e2:	3401      	adds	r4, #1
    57e4:	3557      	adds	r5, #87	@ 0x57
    57e6:	781b      	ldrb	r3, [r3, #0]
    57e8:	429c      	cmp	r4, r3
    57ea:	dbdc      	blt.n	57a6 <loop+0x1fe>
    57ec:	2119      	movs	r1, #25
    57ee:	4844      	ldr	r0, [pc, #272]	@ (5900 <loop+0x358>)
    57f0:	f003 fd6e 	bl	92d0 <usb_serial_write>
    57f4:	4824      	ldr	r0, [pc, #144]	@ (5888 <loop+0x2e0>)
    57f6:	f001 fff7 	bl	77e8 <Print::println()>
    for (int b = 0; b < g_nbank; b++) {
    57fa:	9b01      	ldr	r3, [sp, #4]
    57fc:	781d      	ldrb	r5, [r3, #0]
    57fe:	2d00      	cmp	r5, #0
    5800:	f000 8098 	beq.w	5934 <loop+0x38c>
    int good = 0;
    5804:	2500      	movs	r5, #0
    for (int b = 0; b < g_nbank; b++) {
    5806:	f04f 083b 	mov.w	r8, #59	@ 0x3b
    580a:	4f3a      	ldr	r7, [pc, #232]	@ (58f4 <loop+0x34c>)
    580c:	462e      	mov	r6, r5
	size_t print(int n)				{ return print((long)n); }
    580e:	f8df 910c 	ldr.w	r9, [pc, #268]	@ 591c <loop+0x374>
    if (b == g_cur) return;                        /* re-selecting costs microseconds; skip it */
    5812:	f997 3000 	ldrsb.w	r3, [r7]
    5816:	42b3      	cmp	r3, r6
    5818:	d002      	beq.n	5820 <loop+0x278>
    581a:	4630      	mov	r0, r6
    581c:	f7fa fcd6 	bl	1cc <use_bank(int) [clone .part.0]>
    for (int b = 0; b < g_nbank; b++) {
    5820:	2400      	movs	r4, #0
    5822:	46a2      	mov	sl, r4
            RF[4](off, buf, BLK);                      /* 10 no-ops, generous for a read */
    5824:	f44f 5200 	mov.w	r2, #8192	@ 0x2000
    5828:	4936      	ldr	r1, [pc, #216]	@ (5904 <loop+0x35c>)
    582a:	4650      	mov	r0, sl
    582c:	f7fe fac2 	bl	3db4 <void bread<10>(unsigned long, unsigned char*, unsigned long)>
            for (uint32_t i = 0; i < BLK; i++) if (buf[i] != pat((uint8_t)b, off + i)) bad++;
    5830:	4a35      	ldr	r2, [pc, #212]	@ (5908 <loop+0x360>)
            RF[4](off, buf, BLK);                      /* 10 no-ops, generous for a read */
    5832:	4643      	mov	r3, r8
            for (uint32_t i = 0; i < BLK; i++) if (buf[i] != pat((uint8_t)b, off + i)) bad++;
    5834:	f812 0f01 	ldrb.w	r0, [r2, #1]!
    5838:	f1a3 0163 	sub.w	r1, r3, #99	@ 0x63
    583c:	4298      	cmp	r0, r3
    583e:	b2cb      	uxtb	r3, r1
    5840:	bf18      	it	ne
    5842:	3401      	addne	r4, #1
    5844:	454a      	cmp	r2, r9
    5846:	d1f5      	bne.n	5834 <loop+0x28c>
        for (uint32_t off = 0; off < span; off += BLK) {
    5848:	f50a 5a00 	add.w	sl, sl, #8192	@ 0x2000
    584c:	f5ba 3f80 	cmp.w	sl, #65536	@ 0x10000
    5850:	d1e8      	bne.n	5824 <loop+0x27c>
    5852:	2106      	movs	r1, #6
    5854:	482d      	ldr	r0, [pc, #180]	@ (590c <loop+0x364>)
    5856:	f003 fd3b 	bl	92d0 <usb_serial_write>
    585a:	4631      	mov	r1, r6
    585c:	480a      	ldr	r0, [pc, #40]	@ (5888 <loop+0x2e0>)
    585e:	f001 ffb7 	bl	77d0 <Print::print(long)>
    5862:	2106      	movs	r1, #6
    5864:	4829      	ldr	r0, [pc, #164]	@ (590c <loop+0x364>)
    5866:	f003 fd33 	bl	92d0 <usb_serial_write>
	size_t print(unsigned long n)			{ return printNumber(n, 10, 0); }
    586a:	2300      	movs	r3, #0
    586c:	220a      	movs	r2, #10
    586e:	4621      	mov	r1, r4
    5870:	4805      	ldr	r0, [pc, #20]	@ (5888 <loop+0x2e0>)
    5872:	f001 ffc7 	bl	7804 <Print::printNumber(unsigned long, unsigned char, unsigned char)>
	// Print an unsigned number and newline
	size_t println(unsigned int n)			{ return print(n) + println(); }
	// Print a signed number and newline
	size_t println(long n)				{ return print(n) + println(); }
	// Print an unsigned number and newline
	size_t println(unsigned long n)			{ return print(n) + println(); }
    5876:	4804      	ldr	r0, [pc, #16]	@ (5888 <loop+0x2e0>)
    5878:	f001 ffb6 	bl	77e8 <Print::println()>
        if (bad == 0) good++;
    587c:	2c00      	cmp	r4, #0
    587e:	d14f      	bne.n	5920 <loop+0x378>
    5880:	3501      	adds	r5, #1
    5882:	e04d      	b.n	5920 <loop+0x378>
    5884:	2000809f 	.word	0x2000809f
    5888:	20001c50 	.word	0x20001c50
    588c:	20000528 	.word	0x20000528
    5890:	200007ac 	.word	0x200007ac
    5894:	200080a5 	.word	0x200080a5
    5898:	200007e8 	.word	0x200007e8
    589c:	20000804 	.word	0x20000804
    58a0:	2000086c 	.word	0x2000086c
    58a4:	200008ac 	.word	0x200008ac
    58a8:	4200c000 	.word	0x4200c000
    58ac:	e0001000 	.word	0xe0001000
    58b0:	20001c4c 	.word	0x20001c4c
    58b4:	431bde83 	.word	0x431bde83
    58b8:	200008c8 	.word	0x200008c8
    58bc:	2000809e 	.word	0x2000809e
    58c0:	20001518 	.word	0x20001518
    58c4:	200003d4 	.word	0x200003d4
    58c8:	200008e8 	.word	0x200008e8
    58cc:	20007e14 	.word	0x20007e14
    58d0:	20006db0 	.word	0x20006db0
    58d4:	2000154a 	.word	0x2000154a
    58d8:	2000090c 	.word	0x2000090c
    58dc:	20000918 	.word	0x20000918
    58e0:	20000924 	.word	0x20000924
    58e4:	20000a0c 	.word	0x20000a0c
    58e8:	20000a54 	.word	0x20000a54
    58ec:	20000d30 	.word	0x20000d30
    58f0:	20001d20 	.word	0x20001d20
    58f4:	20001d92 	.word	0x20001d92
    58f8:	2000449f 	.word	0x2000449f
    58fc:	200044a0 	.word	0x200044a0
    5900:	20000d50 	.word	0x20000d50
    5904:	200024a0 	.word	0x200024a0
    5908:	2000249f 	.word	0x2000249f
    590c:	200003b8 	.word	0x200003b8
    5910:	20001540 	.word	0x20001540
    5914:	2000150c 	.word	0x2000150c
    5918:	2000649f 	.word	0x2000649f
    591c:	2000449f 	.word	0x2000449f
    for (int b = 0; b < g_nbank; b++) {
    5920:	9b01      	ldr	r3, [sp, #4]
    5922:	3601      	adds	r6, #1
    5924:	f108 0857 	add.w	r8, r8, #87	@ 0x57
    5928:	781b      	ldrb	r3, [r3, #0]
    592a:	fa5f f888 	uxtb.w	r8, r8
    592e:	429e      	cmp	r6, r3
    5930:	f6ff af6f 	blt.w	5812 <loop+0x26a>
    5934:	2104      	movs	r1, #4
    5936:	48b0      	ldr	r0, [pc, #704]	@ (5bf8 <loop+0x650>)
    5938:	f003 fcca 	bl	92d0 <usb_serial_write>
	size_t print(int n)				{ return print((long)n); }
    593c:	4629      	mov	r1, r5
    593e:	48af      	ldr	r0, [pc, #700]	@ (5bfc <loop+0x654>)
    5940:	f001 ff46 	bl	77d0 <Print::print(long)>
    5944:	2104      	movs	r1, #4
    5946:	48ae      	ldr	r0, [pc, #696]	@ (5c00 <loop+0x658>)
    5948:	f003 fcc2 	bl	92d0 <usb_serial_write>
	size_t print(uint8_t b)				{ return printNumber(b, 10, 0); }
    594c:	9c01      	ldr	r4, [sp, #4]
    594e:	2300      	movs	r3, #0
    5950:	220a      	movs	r2, #10
    5952:	7821      	ldrb	r1, [r4, #0]
    5954:	48a9      	ldr	r0, [pc, #676]	@ (5bfc <loop+0x654>)
    5956:	f001 ff55 	bl	7804 <Print::printNumber(unsigned long, unsigned char, unsigned char)>
    595a:	211a      	movs	r1, #26
    595c:	48a9      	ldr	r0, [pc, #676]	@ (5c04 <loop+0x65c>)
    595e:	f003 fcb7 	bl	92d0 <usb_serial_write>
	size_t println(const __FlashStringHelper *f)	{ return print(f) + println(); }
    5962:	48a6      	ldr	r0, [pc, #664]	@ (5bfc <loop+0x654>)
    5964:	f001 ff40 	bl	77e8 <Print::println()>
    if (good < g_nbank)
    5968:	7823      	ldrb	r3, [r4, #0]
    596a:	42ab      	cmp	r3, r5
    596c:	f301 832f 	bgt.w	6fce <loop+0x1a26>
        delay(20000);
        return;
    }

    stage2_independent();
    stage3_timing();
    5970:	f7ff f84a 	bl	4a08 <stage3_timing()>
    5974:	213e      	movs	r1, #62	@ 0x3e
    5976:	48a4      	ldr	r0, [pc, #656]	@ (5c08 <loop+0x660>)
    5978:	f003 fcaa 	bl	92d0 <usb_serial_write>
    597c:	489f      	ldr	r0, [pc, #636]	@ (5bfc <loop+0x654>)
    597e:	f001 ff33 	bl	77e8 <Print::println()>
    5982:	2122      	movs	r1, #34	@ 0x22
    5984:	48a1      	ldr	r0, [pc, #644]	@ (5c0c <loop+0x664>)
    5986:	f003 fca3 	bl	92d0 <usb_serial_write>
    598a:	489c      	ldr	r0, [pc, #624]	@ (5bfc <loop+0x654>)
    598c:	f001 ff2c 	bl	77e8 <Print::println()>
    for (int b = 0; b < g_nbank; b++) {
    5990:	9b01      	ldr	r3, [sp, #4]
    5992:	781b      	ldrb	r3, [r3, #0]
    5994:	2b00      	cmp	r3, #0
    5996:	f000 80a7 	beq.w	5ae8 <loop+0x540>
    599a:	4b9d      	ldr	r3, [pc, #628]	@ (5c10 <loop+0x668>)
    599c:	2500      	movs	r5, #0
    599e:	f8df b2ac 	ldr.w	fp, [pc, #684]	@ 5c4c <loop+0x6a4>
        const float rus = 1e6f * (float)rcy / (float)F_CPU_ACTUAL;
    59a2:	ed9f 9a9c 	vldr	s18, [pc, #624]	@ 5c14 <loop+0x66c>
    59a6:	4e9c      	ldr	r6, [pc, #624]	@ (5c18 <loop+0x670>)
    59a8:	f8df 92b0 	ldr.w	r9, [pc, #688]	@ 5c5c <loop+0x6b4>
    59ac:	4f9b      	ldr	r7, [pc, #620]	@ (5c1c <loop+0x674>)
    59ae:	4c9c      	ldr	r4, [pc, #624]	@ (5c20 <loop+0x678>)
        uint32_t t = ARM_DWT_CYCCNT; WF[g_wi[b]](0, ref, g_burst); const uint32_t wcy = ARM_DWT_CYCCNT - t;
    59b0:	f8df a2ac 	ldr.w	sl, [pc, #684]	@ 5c60 <loop+0x6b8>
    59b4:	930e      	str	r3, [sp, #56]	@ 0x38
    if (b == g_cur) return;                        /* re-selecting costs microseconds; skip it */
    59b6:	f997 3000 	ldrsb.w	r3, [r7]
    59ba:	42ab      	cmp	r3, r5
    59bc:	d002      	beq.n	59c4 <loop+0x41c>
    59be:	4628      	mov	r0, r5
    59c0:	f7fa fc04 	bl	1cc <use_bank(int) [clone .part.0]>
        g_burst = g_bn[b];
    59c4:	f8b9 2000 	ldrh.w	r2, [r9]
    59c8:	9b0c      	ldr	r3, [sp, #48]	@ 0x30
    59ca:	f8cd 9000 	str.w	r9, [sp]
    59ce:	601a      	str	r2, [r3, #0]
        for (uint32_t i = 0; i < g_burst; i++) ref[i] = pat((uint8_t)b, i);
    59d0:	b172      	cbz	r2, 59f0 <loop+0x448>
    59d2:	ebc5 03c5 	rsb	r3, r5, r5, lsl #3
    59d6:	4993      	ldr	r1, [pc, #588]	@ (5c24 <loop+0x67c>)
    59d8:	eb05 0383 	add.w	r3, r5, r3, lsl #2
    59dc:	1850      	adds	r0, r2, r1
    59de:	ebc3 0383 	rsb	r3, r3, r3, lsl #2
    59e2:	333b      	adds	r3, #59	@ 0x3b
    59e4:	f801 3b01 	strb.w	r3, [r1], #1
    59e8:	4281      	cmp	r1, r0
    59ea:	f1a3 0363 	sub.w	r3, r3, #99	@ 0x63
    59ee:	d1f9      	bne.n	59e4 <loop+0x43c>
        uint32_t t = ARM_DWT_CYCCNT; WF[g_wi[b]](0, ref, g_burst); const uint32_t wcy = ARM_DWT_CYCCNT - t;
    59f0:	f81b 3b01 	ldrb.w	r3, [fp], #1
    59f4:	2000      	movs	r0, #0
    59f6:	498b      	ldr	r1, [pc, #556]	@ (5c24 <loop+0x67c>)
    59f8:	f109 0902 	add.w	r9, r9, #2
    59fc:	f854 3023 	ldr.w	r3, [r4, r3, lsl #2]
    5a00:	f8da 8004 	ldr.w	r8, [sl, #4]
    5a04:	4798      	blx	r3
        t = ARM_DWT_CYCCNT;          RF[g_ri[b]](0, buf, g_burst); const uint32_t rcy = ARM_DWT_CYCCNT - t;
    5a06:	9a0e      	ldr	r2, [sp, #56]	@ 0x38
    5a08:	2000      	movs	r0, #0
    5a0a:	f816 3b01 	ldrb.w	r3, [r6], #1
    5a0e:	4986      	ldr	r1, [pc, #536]	@ (5c28 <loop+0x680>)
    5a10:	f852 3023 	ldr.w	r3, [r2, r3, lsl #2]
        uint32_t t = ARM_DWT_CYCCNT; WF[g_wi[b]](0, ref, g_burst); const uint32_t wcy = ARM_DWT_CYCCNT - t;
    5a14:	f8da 2004 	ldr.w	r2, [sl, #4]
    5a18:	eba2 0208 	sub.w	r2, r2, r8
        t = ARM_DWT_CYCCNT;          RF[g_ri[b]](0, buf, g_burst); const uint32_t rcy = ARM_DWT_CYCCNT - t;
    5a1c:	f8da 8004 	ldr.w	r8, [sl, #4]
        uint32_t t = ARM_DWT_CYCCNT; WF[g_wi[b]](0, ref, g_burst); const uint32_t wcy = ARM_DWT_CYCCNT - t;
    5a20:	ee08 2a10 	vmov	s16, r2
        t = ARM_DWT_CYCCNT;          RF[g_ri[b]](0, buf, g_burst); const uint32_t rcy = ARM_DWT_CYCCNT - t;
    5a24:	9a0c      	ldr	r2, [sp, #48]	@ 0x30
    5a26:	6812      	ldr	r2, [r2, #0]
    5a28:	4798      	blx	r3
    5a2a:	f8da 3004 	ldr.w	r3, [sl, #4]
        const float wus = 1e6f * (float)wcy / (float)F_CPU_ACTUAL;
    5a2e:	eef8 7a48 	vcvt.f32.u32	s15, s16
    5a32:	2106      	movs	r1, #6
        t = ARM_DWT_CYCCNT;          RF[g_ri[b]](0, buf, g_burst); const uint32_t rcy = ARM_DWT_CYCCNT - t;
    5a34:	eba3 0308 	sub.w	r3, r3, r8
    5a38:	487c      	ldr	r0, [pc, #496]	@ (5c2c <loop+0x684>)
    5a3a:	ee07 3a10 	vmov	s14, r3
        const float rus = 1e6f * (float)rcy / (float)F_CPU_ACTUAL;
    5a3e:	4b7c      	ldr	r3, [pc, #496]	@ (5c30 <loop+0x688>)
        const float wus = 1e6f * (float)wcy / (float)F_CPU_ACTUAL;
    5a40:	ee67 7a89 	vmul.f32	s15, s15, s18
        const float rus = 1e6f * (float)rcy / (float)F_CPU_ACTUAL;
    5a44:	eeb8 7a47 	vcvt.f32.u32	s14, s14
    5a48:	edd3 6a00 	vldr	s13, [r3]
    5a4c:	eef8 6a66 	vcvt.f32.u32	s13, s13
    5a50:	ee27 7a09 	vmul.f32	s14, s14, s18
    5a54:	ee87 8a26 	vdiv.f32	s16, s14, s13
        const float wus = 1e6f * (float)wcy / (float)F_CPU_ACTUAL;
    5a58:	ed93 7a00 	vldr	s14, [r3]
    5a5c:	eeb8 7a47 	vcvt.f32.u32	s14, s14
    5a60:	eec7 8a87 	vdiv.f32	s17, s15, s14
    5a64:	f003 fc34 	bl	92d0 <usb_serial_write>
	size_t print(int n)				{ return print((long)n); }
    5a68:	4629      	mov	r1, r5
    5a6a:	4864      	ldr	r0, [pc, #400]	@ (5bfc <loop+0x654>)
    5a6c:	f001 feb0 	bl	77d0 <Print::print(long)>
    5a70:	2106      	movs	r1, #6
    5a72:	486e      	ldr	r0, [pc, #440]	@ (5c2c <loop+0x684>)
    5a74:	f003 fc2c 	bl	92d0 <usb_serial_write>
    5a78:	9b00      	ldr	r3, [sp, #0]
    5a7a:	4860      	ldr	r0, [pc, #384]	@ (5bfc <loop+0x654>)
    5a7c:	8819      	ldrh	r1, [r3, #0]
    5a7e:	f001 fea7 	bl	77d0 <Print::print(long)>
    5a82:	2106      	movs	r1, #6
    5a84:	486b      	ldr	r0, [pc, #428]	@ (5c34 <loop+0x68c>)
    5a86:	f003 fc23 	bl	92d0 <usb_serial_write>
	size_t print(double n, int digits = 2)		{ return printFloat(n, digits); }
    5a8a:	eeb7 0ac8 	vcvt.f64.f32	d0, s16
    5a8e:	2102      	movs	r1, #2
    5a90:	485a      	ldr	r0, [pc, #360]	@ (5bfc <loop+0x654>)
    5a92:	f001 fec9 	bl	7828 <Print::printFloat(double, unsigned char)>
    5a96:	2106      	movs	r1, #6
    5a98:	4867      	ldr	r0, [pc, #412]	@ (5c38 <loop+0x690>)
    5a9a:	f003 fc19 	bl	92d0 <usb_serial_write>
    5a9e:	2102      	movs	r1, #2
    5aa0:	4856      	ldr	r0, [pc, #344]	@ (5bfc <loop+0x654>)
    5aa2:	eeb7 0ae8 	vcvt.f64.f32	d0, s17
    5aa6:	f001 febf 	bl	7828 <Print::printFloat(double, unsigned char)>
    5aaa:	2106      	movs	r1, #6
    5aac:	4862      	ldr	r0, [pc, #392]	@ (5c38 <loop+0x690>)
    5aae:	f003 fc0f 	bl	92d0 <usb_serial_write>
        const float worst = rus > wus ? rus : wus;
    5ab2:	eeb4 8ae8 	vcmpe.f32	s16, s17
        Serial.print(worst > 8.0f ? F("OVER") : (worst > 7.0f ? F("thin") : F("safe")));
    5ab6:	eef2 7a00 	vmov.f32	s15, #32	@ 0x41000000  8.0
    5aba:	eef1 fa10 	vmrs	APSR_nzcv, fpscr
    5abe:	fe38 8a28 	vselgt.f32	s16, s16, s17
    5ac2:	eeb4 8ae7 	vcmpe.f32	s16, s15
    5ac6:	eef1 fa10 	vmrs	APSR_nzcv, fpscr
    5aca:	f340 869f 	ble.w	680c <loop+0x1264>
    5ace:	485b      	ldr	r0, [pc, #364]	@ (5c3c <loop+0x694>)
    5ad0:	2104      	movs	r1, #4
    for (int b = 0; b < g_nbank; b++) {
    5ad2:	3501      	adds	r5, #1
    5ad4:	f003 fbfc 	bl	92d0 <usb_serial_write>
        Serial.println();
    5ad8:	4848      	ldr	r0, [pc, #288]	@ (5bfc <loop+0x654>)
    5ada:	f001 fe85 	bl	77e8 <Print::println()>
    for (int b = 0; b < g_nbank; b++) {
    5ade:	9b01      	ldr	r3, [sp, #4]
    5ae0:	781b      	ldrb	r3, [r3, #0]
    5ae2:	429d      	cmp	r5, r3
    5ae4:	f6ff af67 	blt.w	59b6 <loop+0x40e>
    5ae8:	213f      	movs	r1, #63	@ 0x3f
    5aea:	4855      	ldr	r0, [pc, #340]	@ (5c40 <loop+0x698>)
    5aec:	f003 fbf0 	bl	92d0 <usb_serial_write>
	size_t println(const __FlashStringHelper *f)	{ return print(f) + println(); }
    5af0:	4842      	ldr	r0, [pc, #264]	@ (5bfc <loop+0x654>)
    5af2:	f001 fe79 	bl	77e8 <Print::println()>
    5af6:	210c      	movs	r1, #12
    5af8:	4852      	ldr	r0, [pc, #328]	@ (5c44 <loop+0x69c>)
    5afa:	f003 fbe9 	bl	92d0 <usb_serial_write>
	size_t print(unsigned long n)			{ return printNumber(n, 10, 0); }
    5afe:	2300      	movs	r3, #0
    5b00:	220a      	movs	r2, #10
    5b02:	f44f 6180 	mov.w	r1, #1024	@ 0x400
    5b06:	483d      	ldr	r0, [pc, #244]	@ (5bfc <loop+0x654>)
    5b08:	f001 fe7c 	bl	7804 <Print::printNumber(unsigned long, unsigned char, unsigned char)>
    5b0c:	2123      	movs	r1, #35	@ 0x23
    5b0e:	484e      	ldr	r0, [pc, #312]	@ (5c48 <loop+0x6a0>)
    5b10:	f003 fbde 	bl	92d0 <usb_serial_write>
	size_t println(const __FlashStringHelper *f)	{ return print(f) + println(); }
    5b14:	4839      	ldr	r0, [pc, #228]	@ (5bfc <loop+0x654>)
    5b16:	f001 fe67 	bl	77e8 <Print::println()>
    for (int b = 0; b < g_nbank; b++) {
    5b1a:	9b01      	ldr	r3, [sp, #4]
    5b1c:	781b      	ldrb	r3, [r3, #0]
    5b1e:	b39b      	cbz	r3, 5b88 <loop+0x5e0>
    5b20:	4e4a      	ldr	r6, [pc, #296]	@ (5c4c <loop+0x6a4>)
    5b22:	253b      	movs	r5, #59	@ 0x3b
    5b24:	f8df 8134 	ldr.w	r8, [pc, #308]	@ 5c5c <loop+0x6b4>
    5b28:	f04f 0a00 	mov.w	sl, #0
    5b2c:	4f3b      	ldr	r7, [pc, #236]	@ (5c1c <loop+0x674>)
    5b2e:	4c3c      	ldr	r4, [pc, #240]	@ (5c20 <loop+0x678>)
    5b30:	f8df b130 	ldr.w	fp, [pc, #304]	@ 5c64 <loop+0x6bc>
    if (b == g_cur) return;                        /* re-selecting costs microseconds; skip it */
    5b34:	f997 3000 	ldrsb.w	r3, [r7]
    5b38:	459a      	cmp	sl, r3
    5b3a:	d002      	beq.n	5b42 <loop+0x59a>
    5b3c:	4650      	mov	r0, sl
    5b3e:	f7fa fb45 	bl	1cc <use_bank(int) [clone .part.0]>
        g_burst = g_bn[b];
    5b42:	f838 3b02 	ldrh.w	r3, [r8], #2
        for (uint32_t off = 0; off < PER; off += BLK) {
    5b46:	f04f 0900 	mov.w	r9, #0
        g_burst = g_bn[b];
    5b4a:	9a0c      	ldr	r2, [sp, #48]	@ 0x30
    5b4c:	6013      	str	r3, [r2, #0]
            for (uint32_t i = 0; i < BLK; i++) ref[i] = (uint8_t)((off + i) * 0x9Du + 0x3Bu + b);
    5b4e:	4a40      	ldr	r2, [pc, #256]	@ (5c50 <loop+0x6a8>)
    for (int b = 0; b < g_nbank; b++) {
    5b50:	462b      	mov	r3, r5
            for (uint32_t i = 0; i < BLK; i++) ref[i] = (uint8_t)((off + i) * 0x9Du + 0x3Bu + b);
    5b52:	f802 3f01 	strb.w	r3, [r2, #1]!
    5b56:	455a      	cmp	r2, fp
    5b58:	f1a3 0363 	sub.w	r3, r3, #99	@ 0x63
    5b5c:	d1f9      	bne.n	5b52 <loop+0x5aa>
            WF[g_wi[b]](off, ref, BLK);
    5b5e:	7833      	ldrb	r3, [r6, #0]
    5b60:	4648      	mov	r0, r9
        for (uint32_t off = 0; off < PER; off += BLK) {
    5b62:	f509 5900 	add.w	r9, r9, #8192	@ 0x2000
            WF[g_wi[b]](off, ref, BLK);
    5b66:	f44f 5200 	mov.w	r2, #8192	@ 0x2000
    5b6a:	f854 3023 	ldr.w	r3, [r4, r3, lsl #2]
    5b6e:	492d      	ldr	r1, [pc, #180]	@ (5c24 <loop+0x67c>)
    5b70:	4798      	blx	r3
        for (uint32_t off = 0; off < PER; off += BLK) {
    5b72:	f5b9 1f80 	cmp.w	r9, #1048576	@ 0x100000
    5b76:	d1ea      	bne.n	5b4e <loop+0x5a6>
    for (int b = 0; b < g_nbank; b++) {
    5b78:	9b01      	ldr	r3, [sp, #4]
    5b7a:	f10a 0a01 	add.w	sl, sl, #1
    5b7e:	3601      	adds	r6, #1
    5b80:	3501      	adds	r5, #1
    5b82:	781b      	ldrb	r3, [r3, #0]
    5b84:	459a      	cmp	sl, r3
    5b86:	dbd5      	blt.n	5b34 <loop+0x58c>
    5b88:	214a      	movs	r1, #74	@ 0x4a
    5b8a:	4832      	ldr	r0, [pc, #200]	@ (5c54 <loop+0x6ac>)
    5b8c:	f003 fba0 	bl	92d0 <usb_serial_write>
    5b90:	481a      	ldr	r0, [pc, #104]	@ (5bfc <loop+0x654>)
    5b92:	f001 fe29 	bl	77e8 <Print::println()>
    for (int b = 0; b < g_nbank; b++) {
    5b96:	9b01      	ldr	r3, [sp, #4]
    5b98:	781e      	ldrb	r6, [r3, #0]
    5b9a:	2e00      	cmp	r6, #0
    5b9c:	f000 80d2 	beq.w	5d44 <loop+0x79c>
    return a0 + a1 - 8 * (int32_t)(nbytes / 1024u) * xsum_all;
    5ba0:	f8df b0c4 	ldr.w	fp, [pc, #196]	@ 5c68 <loop+0x6c0>
    5ba4:	f8df a0c4 	ldr.w	sl, [pc, #196]	@ 5c6c <loop+0x6c4>
    5ba8:	f8db 9000 	ldr.w	r9, [fp]
    5bac:	4b2a      	ldr	r3, [pc, #168]	@ (5c58 <loop+0x6b0>)
    5bae:	f8cd a034 	str.w	sl, [sp, #52]	@ 0x34
    5bb2:	f04f 0a00 	mov.w	sl, #0
    5bb6:	f8df b0b8 	ldr.w	fp, [pc, #184]	@ 5c70 <loop+0x6c8>
    5bba:	4f18      	ldr	r7, [pc, #96]	@ (5c1c <loop+0x674>)
    5bbc:	9300      	str	r3, [sp, #0]
    if (b == g_cur) return;                        /* re-selecting costs microseconds; skip it */
    5bbe:	f997 3000 	ldrsb.w	r3, [r7]
    5bc2:	459a      	cmp	sl, r3
    5bc4:	d002      	beq.n	5bcc <loop+0x624>
    5bc6:	4650      	mov	r0, sl
    5bc8:	f7fa fb00 	bl	1cc <use_bank(int) [clone .part.0]>
        int32_t part = 0;
    5bcc:	f04f 0800 	mov.w	r8, #0
        g_burst = 32;
    5bd0:	2320      	movs	r3, #32
    5bd2:	9a0c      	ldr	r2, [sp, #48]	@ 0x30
            RF[NSET - 1](off, buf, BLK);
    5bd4:	960e      	str	r6, [sp, #56]	@ 0x38
        for (uint32_t off = 0; off < PER; off += BLK) {
    5bd6:	4644      	mov	r4, r8
            RF[NSET - 1](off, buf, BLK);
    5bd8:	463e      	mov	r6, r7
        g_burst = 32;
    5bda:	6013      	str	r3, [r2, #0]
            RF[NSET - 1](off, buf, BLK);
    5bdc:	f44f 5200 	mov.w	r2, #8192	@ 0x2000
    5be0:	4911      	ldr	r1, [pc, #68]	@ (5c28 <loop+0x680>)
    5be2:	4620      	mov	r0, r4
    5be4:	4f10      	ldr	r7, [pc, #64]	@ (5c28 <loop+0x680>)
    5be6:	f7fd fa07 	bl	2ff8 <void bread<24>(unsigned long, unsigned char*, unsigned long)>
    int32_t a0 = 0, a1 = 0;
    5bea:	2300      	movs	r3, #0
    uint32_t g = 0;
    5bec:	463d      	mov	r5, r7
    5bee:	9402      	str	r4, [sp, #8]
    int32_t a0 = 0, a1 = 0;
    5bf0:	469c      	mov	ip, r3
    uint32_t g = 0;
    5bf2:	469e      	mov	lr, r3
    5bf4:	e03e      	b.n	5c74 <loop+0x6cc>
    5bf6:	bf00      	nop
    5bf8:	200003d4 	.word	0x200003d4
    5bfc:	20001c50 	.word	0x20001c50
    5c00:	20000d6c 	.word	0x20000d6c
    5c04:	20000d74 	.word	0x20000d74
    5c08:	20000dd4 	.word	0x20000dd4
    5c0c:	20000e14 	.word	0x20000e14
    5c10:	2000143c 	.word	0x2000143c
    5c14:	49742400 	.word	0x49742400
    5c18:	20006df8 	.word	0x20006df8
    5c1c:	20001d92 	.word	0x20001d92
    5c20:	20001464 	.word	0x20001464
    5c24:	200044a0 	.word	0x200044a0
    5c28:	200024a0 	.word	0x200024a0
    5c2c:	200003b8 	.word	0x200003b8
    5c30:	20001c4c 	.word	0x20001c4c
    5c34:	20000eac 	.word	0x20000eac
    5c38:	20000eb4 	.word	0x20000eb4
    5c3c:	200003f8 	.word	0x200003f8
    5c40:	20000e38 	.word	0x20000e38
    5c44:	20000e78 	.word	0x20000e78
    5c48:	20000e88 	.word	0x20000e88
    5c4c:	20006e04 	.word	0x20006e04
    5c50:	2000449f 	.word	0x2000449f
    5c54:	20000ebc 	.word	0x20000ebc
    5c58:	200044a0 	.word	0x200044a0
    5c5c:	20006dbc 	.word	0x20006dbc
    5c60:	e0001000 	.word	0xe0001000
    5c64:	2000649f 	.word	0x2000649f
    5c68:	20007e60 	.word	0x20007e60
    5c6c:	20006e14 	.word	0x20006e14
    5c70:	20007e94 	.word	0x20007e94
        const uint32_t *P = &xpack[g * 4];
    5c74:	9f0d      	ldr	r7, [sp, #52]	@ 0x34
        a0 = smlad_(sxtb16(L0),   P[0], a0);
    5c76:	ea4f 048e 	mov.w	r4, lr, lsl #2
        const uint32_t v1 = *(const uint32_t *)(w + i + 4);
    5c7a:	e9d5 1200 	ldrd	r1, r2, [r5]
        const uint32_t *P = &xpack[g * 4];
    5c7e:	eb07 100e 	add.w	r0, r7, lr, lsl #4
{ int32_t r; __asm__("smlad %0, %1, %2, %3" : "=r"(r) : "r"(a), "r"(b), "r"(acc)); return r; }
    5c82:	f857 4024 	ldr.w	r4, [r7, r4, lsl #2]
        const uint32_t L1 = v1 & 0x0F0F0F0Fu, H1 = (v1 >> 4) & 0x0F0F0F0Fu;
    5c86:	0917      	lsrs	r7, r2, #4
    5c88:	f002 320f 	and.w	r2, r2, #252645135	@ 0xf0f0f0f
{ int32_t r; __asm__("smlad %0, %1, %2, %3" : "=r"(r) : "r"(a), "r"(b), "r"(acc)); return r; }
    5c8c:	9404      	str	r4, [sp, #16]
        const uint32_t L0 = v0 & 0x0F0F0F0Fu, H0 = (v0 >> 4) & 0x0F0F0F0Fu;
    5c8e:	090c      	lsrs	r4, r1, #4
        const uint32_t L1 = v1 & 0x0F0F0F0Fu, H1 = (v1 >> 4) & 0x0F0F0F0Fu;
    5c90:	9203      	str	r2, [sp, #12]
        const uint32_t L0 = v0 & 0x0F0F0F0Fu, H0 = (v0 >> 4) & 0x0F0F0F0Fu;
    5c92:	f001 310f 	and.w	r1, r1, #252645135	@ 0xf0f0f0f
{ int32_t r; __asm__("smlad %0, %1, %2, %3" : "=r"(r) : "r"(a), "r"(b), "r"(acc)); return r; }
    5c96:	6842      	ldr	r2, [r0, #4]
        const uint32_t L0 = v0 & 0x0F0F0F0Fu, H0 = (v0 >> 4) & 0x0F0F0F0Fu;
    5c98:	f004 340f 	and.w	r4, r4, #252645135	@ 0xf0f0f0f
        const uint32_t L1 = v1 & 0x0F0F0F0Fu, H1 = (v1 >> 4) & 0x0F0F0F0Fu;
    5c9c:	f007 370f 	and.w	r7, r7, #252645135	@ 0xf0f0f0f
    for (uint32_t i = 0; i + 8 <= nbytes; i += 8) {
    5ca0:	3508      	adds	r5, #8
{ int32_t r; __asm__("smlad %0, %1, %2, %3" : "=r"(r) : "r"(a), "r"(b), "r"(acc)); return r; }
    5ca2:	9205      	str	r2, [sp, #20]
        g = (g + 2) & 255u;
    5ca4:	f10e 0e02 	add.w	lr, lr, #2
{ int32_t r; __asm__("smlad %0, %1, %2, %3" : "=r"(r) : "r"(a), "r"(b), "r"(acc)); return r; }
    5ca8:	6882      	ldr	r2, [r0, #8]
        g = (g + 2) & 255u;
    5caa:	fa5f fe8e 	uxtb.w	lr, lr
{ int32_t r; __asm__("smlad %0, %1, %2, %3" : "=r"(r) : "r"(a), "r"(b), "r"(acc)); return r; }
    5cae:	9206      	str	r2, [sp, #24]
    5cb0:	68c2      	ldr	r2, [r0, #12]
    5cb2:	9207      	str	r2, [sp, #28]
    5cb4:	6902      	ldr	r2, [r0, #16]
    5cb6:	9208      	str	r2, [sp, #32]
    5cb8:	6942      	ldr	r2, [r0, #20]
    5cba:	9209      	str	r2, [sp, #36]	@ 0x24
    5cbc:	6982      	ldr	r2, [r0, #24]
    5cbe:	69c0      	ldr	r0, [r0, #28]
    5cc0:	920a      	str	r2, [sp, #40]	@ 0x28
    5cc2:	900b      	str	r0, [sp, #44]	@ 0x2c
    5cc4:	9a04      	ldr	r2, [sp, #16]
{ uint32_t r; __asm__("sxtb16 %0, %1" : "=r"(r) : "r"(x)); return r; }
    5cc6:	fa2f f081 	sxtb16	r0, r1
{ uint32_t r; __asm__("sxtb16 %0, %1, ror #8" : "=r"(r) : "r"(x)); return r; }
    5cca:	fa2f f191 	sxtb16	r1, r1, ror #8
{ int32_t r; __asm__("smlad %0, %1, %2, %3" : "=r"(r) : "r"(a), "r"(b), "r"(acc)); return r; }
    5cce:	fb20 c002 	smlad	r0, r0, r2, ip
    5cd2:	9a05      	ldr	r2, [sp, #20]
    5cd4:	fb21 0102 	smlad	r1, r1, r2, r0
    5cd8:	9a06      	ldr	r2, [sp, #24]
{ uint32_t r; __asm__("sxtb16 %0, %1" : "=r"(r) : "r"(x)); return r; }
    5cda:	fa2f f084 	sxtb16	r0, r4
{ uint32_t r; __asm__("sxtb16 %0, %1, ror #8" : "=r"(r) : "r"(x)); return r; }
    5cde:	fa2f f494 	sxtb16	r4, r4, ror #8
{ int32_t r; __asm__("smlad %0, %1, %2, %3" : "=r"(r) : "r"(a), "r"(b), "r"(acc)); return r; }
    5ce2:	fb20 1002 	smlad	r0, r0, r2, r1
    5ce6:	9a07      	ldr	r2, [sp, #28]
    5ce8:	fb24 0c02 	smlad	ip, r4, r2, r0
{ uint32_t r; __asm__("sxtb16 %0, %1" : "=r"(r) : "r"(x)); return r; }
    5cec:	9803      	ldr	r0, [sp, #12]
{ int32_t r; __asm__("smlad %0, %1, %2, %3" : "=r"(r) : "r"(a), "r"(b), "r"(acc)); return r; }
    5cee:	9a08      	ldr	r2, [sp, #32]
{ uint32_t r; __asm__("sxtb16 %0, %1" : "=r"(r) : "r"(x)); return r; }
    5cf0:	fa2f f180 	sxtb16	r1, r0
{ int32_t r; __asm__("smlad %0, %1, %2, %3" : "=r"(r) : "r"(a), "r"(b), "r"(acc)); return r; }
    5cf4:	fb21 3102 	smlad	r1, r1, r2, r3
    5cf8:	9b09      	ldr	r3, [sp, #36]	@ 0x24
{ uint32_t r; __asm__("sxtb16 %0, %1, ror #8" : "=r"(r) : "r"(x)); return r; }
    5cfa:	fa2f f290 	sxtb16	r2, r0, ror #8
{ int32_t r; __asm__("smlad %0, %1, %2, %3" : "=r"(r) : "r"(a), "r"(b), "r"(acc)); return r; }
    5cfe:	980b      	ldr	r0, [sp, #44]	@ 0x2c
    5d00:	fb22 1203 	smlad	r2, r2, r3, r1
    5d04:	990a      	ldr	r1, [sp, #40]	@ 0x28
{ uint32_t r; __asm__("sxtb16 %0, %1" : "=r"(r) : "r"(x)); return r; }
    5d06:	fa2f f387 	sxtb16	r3, r7
{ int32_t r; __asm__("smlad %0, %1, %2, %3" : "=r"(r) : "r"(a), "r"(b), "r"(acc)); return r; }
    5d0a:	fb23 2301 	smlad	r3, r3, r1, r2
{ uint32_t r; __asm__("sxtb16 %0, %1, ror #8" : "=r"(r) : "r"(x)); return r; }
    5d0e:	fa2f f297 	sxtb16	r2, r7, ror #8
{ int32_t r; __asm__("smlad %0, %1, %2, %3" : "=r"(r) : "r"(a), "r"(b), "r"(acc)); return r; }
    5d12:	fb22 3300 	smlad	r3, r2, r0, r3
    for (uint32_t i = 0; i + 8 <= nbytes; i += 8) {
    5d16:	9a00      	ldr	r2, [sp, #0]
    5d18:	4295      	cmp	r5, r2
    5d1a:	d1ab      	bne.n	5c74 <loop+0x6cc>
    return a0 + a1 - 8 * (int32_t)(nbytes / 1024u) * xsum_all;
    5d1c:	9c02      	ldr	r4, [sp, #8]
    5d1e:	4463      	add	r3, ip
        for (uint32_t off = 0; off < PER; off += BLK) {
    5d20:	f504 5400 	add.w	r4, r4, #8192	@ 0x2000
    return a0 + a1 - 8 * (int32_t)(nbytes / 1024u) * xsum_all;
    5d24:	eba3 1389 	sub.w	r3, r3, r9, lsl #6
        for (uint32_t off = 0; off < PER; off += BLK) {
    5d28:	f5b4 1f80 	cmp.w	r4, #1048576	@ 0x100000
            part += mac_block(buf, BLK);
    5d2c:	4498      	add	r8, r3
        for (uint32_t off = 0; off < PER; off += BLK) {
    5d2e:	f47f af55 	bne.w	5bdc <loop+0x634>
    for (int b = 0; b < g_nbank; b++) {
    5d32:	4637      	mov	r7, r6
    5d34:	f10a 0a01 	add.w	sl, sl, #1
    5d38:	9e0e      	ldr	r6, [sp, #56]	@ 0x38
        refpart[b] = part;
    5d3a:	f84b 8b04 	str.w	r8, [fp], #4
    for (int b = 0; b < g_nbank; b++) {
    5d3e:	4556      	cmp	r6, sl
    5d40:	f47f af3d 	bne.w	5bbe <loop+0x616>
    5d44:	213d      	movs	r1, #61	@ 0x3d
    5d46:	48c0      	ldr	r0, [pc, #768]	@ (6048 <loop+0xaa0>)
    5d48:	f003 fac2 	bl	92d0 <usb_serial_write>
    5d4c:	48bf      	ldr	r0, [pc, #764]	@ (604c <loop+0xaa4>)
    5d4e:	f001 fd4b 	bl	77e8 <Print::println()>
    for (int b = 0; b < g_nbank; b++) {
    5d52:	9b01      	ldr	r3, [sp, #4]
    5d54:	781c      	ldrb	r4, [r3, #0]
    5d56:	2c00      	cmp	r4, #0
    5d58:	f001 8145 	beq.w	6fe6 <loop+0x1a3e>
    5d5c:	4bbc      	ldr	r3, [pc, #752]	@ (6050 <loop+0xaa8>)
    int64_t total = 0;
    5d5e:	f04f 0c00 	mov.w	ip, #0
    5d62:	4fbc      	ldr	r7, [pc, #752]	@ (6054 <loop+0xaac>)
    5d64:	9310      	str	r3, [sp, #64]	@ 0x40
    5d66:	4bbc      	ldr	r3, [pc, #752]	@ (6058 <loop+0xab0>)
        Serial.print(F("              ")); Serial.print((float)PER / sec / 1e6f, 2);
    5d68:	eddf 9abc 	vldr	s19, [pc, #752]	@ 605c <loop+0xab4>
    5d6c:	9311      	str	r3, [sp, #68]	@ 0x44
    5d6e:	4bbc      	ldr	r3, [pc, #752]	@ (6060 <loop+0xab8>)
    5d70:	eddf 8abc 	vldr	s17, [pc, #752]	@ 6064 <loop+0xabc>
    5d74:	930e      	str	r3, [sp, #56]	@ 0x38
    5d76:	4bbc      	ldr	r3, [pc, #752]	@ (6068 <loop+0xac0>)
        Serial.print(F("    ")); Serial.print((float)PER * 2.0f / sec / 1e6f, 2);
    5d78:	ed9f 9abc 	vldr	s18, [pc, #752]	@ 606c <loop+0xac4>
    5d7c:	9300      	str	r3, [sp, #0]
    5d7e:	f8df a314 	ldr.w	sl, [pc, #788]	@ 6094 <loop+0xaec>
    5d82:	4bbb      	ldr	r3, [pc, #748]	@ (6070 <loop+0xac8>)
    5d84:	f8df b310 	ldr.w	fp, [pc, #784]	@ 6098 <loop+0xaf0>
    for (int b = 0; b < g_nbank; b++) {
    5d88:	f8cd c03c 	str.w	ip, [sp, #60]	@ 0x3c
    5d8c:	930d      	str	r3, [sp, #52]	@ 0x34
    uint64_t all_cyc = 0;
    5d8e:	e9cd cc12 	strd	ip, ip, [sp, #72]	@ 0x48
    5d92:	e9cd c714 	strd	ip, r7, [sp, #80]	@ 0x50
    if (b == g_cur) return;                        /* re-selecting costs microseconds; skip it */
    5d96:	9b15      	ldr	r3, [sp, #84]	@ 0x54
    5d98:	9a0f      	ldr	r2, [sp, #60]	@ 0x3c
    5d9a:	f993 3000 	ldrsb.w	r3, [r3]
    5d9e:	429a      	cmp	r2, r3
    5da0:	d002      	beq.n	5da8 <loop+0x800>
    5da2:	4610      	mov	r0, r2
    5da4:	f7fa fa12 	bl	1cc <use_bank(int) [clone .part.0]>
        g_burst = 32;
    5da8:	2320      	movs	r3, #32
    5daa:	9a0c      	ldr	r2, [sp, #48]	@ 0x30
    5dac:	4eac      	ldr	r6, [pc, #688]	@ (6060 <loop+0xab8>)
        for (unsigned k = 0; k < NSET; k++) {
    5dae:	2500      	movs	r5, #0
    5db0:	46d1      	mov	r9, sl
        g_burst = 32;
    5db2:	6013      	str	r3, [r2, #0]
            int32_t part = 0;
    5db4:	f04f 0800 	mov.w	r8, #0
    5db8:	46aa      	mov	sl, r5
    5dba:	4647      	mov	r7, r8
    5dbc:	f8cd 8024 	str.w	r8, [sp, #36]	@ 0x24
    5dc0:	e9cd 6b0a 	strd	r6, fp, [sp, #40]	@ 0x28
                RF[k](off, buf, BLK);
    5dc4:	9b0a      	ldr	r3, [sp, #40]	@ 0x28
    5dc6:	f44f 5200 	mov.w	r2, #8192	@ 0x2000
    5dca:	49aa      	ldr	r1, [pc, #680]	@ (6074 <loop+0xacc>)
    5dcc:	4638      	mov	r0, r7
    5dce:	681b      	ldr	r3, [r3, #0]
    uint32_t g = 0;
    5dd0:	46bb      	mov	fp, r7
                RF[k](off, buf, BLK);
    5dd2:	4798      	blx	r3
    int32_t a0 = 0, a1 = 0;
    5dd4:	f04f 0c00 	mov.w	ip, #0
    uint32_t g = 0;
    5dd8:	f8df 8298 	ldr.w	r8, [pc, #664]	@ 6074 <loop+0xacc>
    int32_t a0 = 0, a1 = 0;
    5ddc:	46e6      	mov	lr, ip
    uint32_t g = 0;
    5dde:	4664      	mov	r4, ip
        const uint32_t *P = &xpack[g * 4];
    5de0:	eb09 1104 	add.w	r1, r9, r4, lsl #4
        a0 = smlad_(sxtb16(L0),   P[0], a0);
    5de4:	00a0      	lsls	r0, r4, #2
        g = (g + 2) & 255u;
    5de6:	3402      	adds	r4, #2
{ int32_t r; __asm__("smlad %0, %1, %2, %3" : "=r"(r) : "r"(a), "r"(b), "r"(acc)); return r; }
    5de8:	684f      	ldr	r7, [r1, #4]
    5dea:	f859 0020 	ldr.w	r0, [r9, r0, lsl #2]
        g = (g + 2) & 255u;
    5dee:	b2e4      	uxtb	r4, r4
{ int32_t r; __asm__("smlad %0, %1, %2, %3" : "=r"(r) : "r"(a), "r"(b), "r"(acc)); return r; }
    5df0:	9703      	str	r7, [sp, #12]
    5df2:	688f      	ldr	r7, [r1, #8]
    5df4:	9002      	str	r0, [sp, #8]
    5df6:	9704      	str	r7, [sp, #16]
    5df8:	68cf      	ldr	r7, [r1, #12]
    5dfa:	9705      	str	r7, [sp, #20]
    5dfc:	e9d1 7604 	ldrd	r7, r6, [r1, #16]
        const uint32_t v1 = *(const uint32_t *)(w + i + 4);
    5e00:	e9d8 2300 	ldrd	r2, r3, [r8]
{ int32_t r; __asm__("smlad %0, %1, %2, %3" : "=r"(r) : "r"(a), "r"(b), "r"(acc)); return r; }
    5e04:	9606      	str	r6, [sp, #24]
    for (uint32_t i = 0; i + 8 <= nbytes; i += 8) {
    5e06:	f108 0808 	add.w	r8, r8, #8
{ int32_t r; __asm__("smlad %0, %1, %2, %3" : "=r"(r) : "r"(a), "r"(b), "r"(acc)); return r; }
    5e0a:	698e      	ldr	r6, [r1, #24]
        const uint32_t L0 = v0 & 0x0F0F0F0Fu, H0 = (v0 >> 4) & 0x0F0F0F0Fu;
    5e0c:	0915      	lsrs	r5, r2, #4
        const uint32_t L1 = v1 & 0x0F0F0F0Fu, H1 = (v1 >> 4) & 0x0F0F0F0Fu;
    5e0e:	0918      	lsrs	r0, r3, #4
{ int32_t r; __asm__("smlad %0, %1, %2, %3" : "=r"(r) : "r"(a), "r"(b), "r"(acc)); return r; }
    5e10:	69c9      	ldr	r1, [r1, #28]
    5e12:	9607      	str	r6, [sp, #28]
        const uint32_t L0 = v0 & 0x0F0F0F0Fu, H0 = (v0 >> 4) & 0x0F0F0F0Fu;
    5e14:	f002 320f 	and.w	r2, r2, #252645135	@ 0xf0f0f0f
    5e18:	f005 350f 	and.w	r5, r5, #252645135	@ 0xf0f0f0f
        const uint32_t L1 = v1 & 0x0F0F0F0Fu, H1 = (v1 >> 4) & 0x0F0F0F0Fu;
    5e1c:	f003 330f 	and.w	r3, r3, #252645135	@ 0xf0f0f0f
    5e20:	f000 300f 	and.w	r0, r0, #252645135	@ 0xf0f0f0f
{ int32_t r; __asm__("smlad %0, %1, %2, %3" : "=r"(r) : "r"(a), "r"(b), "r"(acc)); return r; }
    5e24:	9e02      	ldr	r6, [sp, #8]
    5e26:	9108      	str	r1, [sp, #32]
{ uint32_t r; __asm__("sxtb16 %0, %1" : "=r"(r) : "r"(x)); return r; }
    5e28:	fa2f f182 	sxtb16	r1, r2
{ uint32_t r; __asm__("sxtb16 %0, %1, ror #8" : "=r"(r) : "r"(x)); return r; }
    5e2c:	fa2f f292 	sxtb16	r2, r2, ror #8
{ int32_t r; __asm__("smlad %0, %1, %2, %3" : "=r"(r) : "r"(a), "r"(b), "r"(acc)); return r; }
    5e30:	fb21 e106 	smlad	r1, r1, r6, lr
    5e34:	9e03      	ldr	r6, [sp, #12]
    5e36:	fb22 1206 	smlad	r2, r2, r6, r1
    5e3a:	9e04      	ldr	r6, [sp, #16]
{ uint32_t r; __asm__("sxtb16 %0, %1" : "=r"(r) : "r"(x)); return r; }
    5e3c:	fa2f f185 	sxtb16	r1, r5
{ uint32_t r; __asm__("sxtb16 %0, %1, ror #8" : "=r"(r) : "r"(x)); return r; }
    5e40:	fa2f f595 	sxtb16	r5, r5, ror #8
{ int32_t r; __asm__("smlad %0, %1, %2, %3" : "=r"(r) : "r"(a), "r"(b), "r"(acc)); return r; }
    5e44:	fb21 2106 	smlad	r1, r1, r6, r2
    5e48:	9a05      	ldr	r2, [sp, #20]
    5e4a:	9e07      	ldr	r6, [sp, #28]
    5e4c:	fb25 1e02 	smlad	lr, r5, r2, r1
    5e50:	9906      	ldr	r1, [sp, #24]
{ uint32_t r; __asm__("sxtb16 %0, %1" : "=r"(r) : "r"(x)); return r; }
    5e52:	fa2f f283 	sxtb16	r2, r3
{ uint32_t r; __asm__("sxtb16 %0, %1, ror #8" : "=r"(r) : "r"(x)); return r; }
    5e56:	fa2f f393 	sxtb16	r3, r3, ror #8
{ int32_t r; __asm__("smlad %0, %1, %2, %3" : "=r"(r) : "r"(a), "r"(b), "r"(acc)); return r; }
    5e5a:	fb22 c207 	smlad	r2, r2, r7, ip
{ uint32_t r; __asm__("sxtb16 %0, %1" : "=r"(r) : "r"(x)); return r; }
    5e5e:	fa2f fc80 	sxtb16	ip, r0
{ int32_t r; __asm__("smlad %0, %1, %2, %3" : "=r"(r) : "r"(a), "r"(b), "r"(acc)); return r; }
    5e62:	fb23 2301 	smlad	r3, r3, r1, r2
    5e66:	fb2c 3c06 	smlad	ip, ip, r6, r3
    for (uint32_t i = 0; i + 8 <= nbytes; i += 8) {
    5e6a:	9b00      	ldr	r3, [sp, #0]
{ int32_t r; __asm__("smlad %0, %1, %2, %3" : "=r"(r) : "r"(a), "r"(b), "r"(acc)); return r; }
    5e6c:	9908      	ldr	r1, [sp, #32]
    for (uint32_t i = 0; i + 8 <= nbytes; i += 8) {
    5e6e:	4543      	cmp	r3, r8
{ uint32_t r; __asm__("sxtb16 %0, %1, ror #8" : "=r"(r) : "r"(x)); return r; }
    5e70:	fa2f f090 	sxtb16	r0, r0, ror #8
{ int32_t r; __asm__("smlad %0, %1, %2, %3" : "=r"(r) : "r"(a), "r"(b), "r"(acc)); return r; }
    5e74:	fb20 cc01 	smlad	ip, r0, r1, ip
    for (uint32_t i = 0; i + 8 <= nbytes; i += 8) {
    5e78:	d1b2      	bne.n	5de0 <loop+0x838>
    return a0 + a1 - 8 * (int32_t)(nbytes / 1024u) * xsum_all;
    5e7a:	9a0b      	ldr	r2, [sp, #44]	@ 0x2c
    5e7c:	eb0e 030c 	add.w	r3, lr, ip
            for (uint32_t off = 0; off < PER; off += BLK) {
    5e80:	f50b 5700 	add.w	r7, fp, #8192	@ 0x2000
    return a0 + a1 - 8 * (int32_t)(nbytes / 1024u) * xsum_all;
    5e84:	6812      	ldr	r2, [r2, #0]
            for (uint32_t off = 0; off < PER; off += BLK) {
    5e86:	f5b7 1f80 	cmp.w	r7, #1048576	@ 0x100000
    return a0 + a1 - 8 * (int32_t)(nbytes / 1024u) * xsum_all;
    5e8a:	eba3 1382 	sub.w	r3, r3, r2, lsl #6
                part += mac_block(buf, BLK);
    5e8e:	9a09      	ldr	r2, [sp, #36]	@ 0x24
    5e90:	441a      	add	r2, r3
    5e92:	9209      	str	r2, [sp, #36]	@ 0x24
            for (uint32_t off = 0; off < PER; off += BLK) {
    5e94:	d196      	bne.n	5dc4 <loop+0x81c>
            if (part == refpart[b]) { best = (int)k; break; }
    5e96:	4690      	mov	r8, r2
    5e98:	9a10      	ldr	r2, [sp, #64]	@ 0x40
    5e9a:	4655      	mov	r5, sl
    5e9c:	6813      	ldr	r3, [r2, #0]
    5e9e:	4598      	cmp	r8, r3
    5ea0:	e9dd 6b0a 	ldrd	r6, fp, [sp, #40]	@ 0x28
    5ea4:	920b      	str	r2, [sp, #44]	@ 0x2c
    5ea6:	f000 84bb 	beq.w	6820 <loop+0x1278>
        for (unsigned k = 0; k < NSET; k++) {
    5eaa:	3501      	adds	r5, #1
    5eac:	3604      	adds	r6, #4
    5eae:	2d0a      	cmp	r5, #10
    5eb0:	d180      	bne.n	5db4 <loop+0x80c>
    5eb2:	2309      	movs	r3, #9
    5eb4:	46ca      	mov	sl, r9
    5eb6:	4f70      	ldr	r7, [pc, #448]	@ (6078 <loop+0xad0>)
        int best = (int)NSET - 1;
    5eb8:	461d      	mov	r5, r3
        g_ri[b] = (uint8_t)best;
    5eba:	9a11      	ldr	r2, [sp, #68]	@ 0x44
        int32_t part = 0;
    5ebc:	f04f 0900 	mov.w	r9, #0
        g_ri[b] = (uint8_t)best;
    5ec0:	f802 3b01 	strb.w	r3, [r2], #1
        for (uint32_t off = 0; off < PER; off += BLK) {
    5ec4:	464c      	mov	r4, r9
        const uint32_t t0 = ARM_DWT_CYCCNT;
    5ec6:	4b6d      	ldr	r3, [pc, #436]	@ (607c <loop+0xad4>)
        g_ri[b] = (uint8_t)best;
    5ec8:	9211      	str	r2, [sp, #68]	@ 0x44
        const uint32_t t0 = ARM_DWT_CYCCNT;
    5eca:	685e      	ldr	r6, [r3, #4]
        for (uint32_t off = 0; off < PER; off += BLK) {
    5ecc:	e9cd 5616 	strd	r5, r6, [sp, #88]	@ 0x58
            RF[best](off, buf, BLK);
    5ed0:	f44f 5200 	mov.w	r2, #8192	@ 0x2000
    5ed4:	4967      	ldr	r1, [pc, #412]	@ (6074 <loop+0xacc>)
    5ed6:	4620      	mov	r0, r4
    uint32_t g = 0;
    5ed8:	46b8      	mov	r8, r7
            RF[best](off, buf, BLK);
    5eda:	47b8      	blx	r7
    int32_t a0 = 0, a1 = 0;
    5edc:	2300      	movs	r3, #0
    uint32_t g = 0;
    5ede:	4f65      	ldr	r7, [pc, #404]	@ (6074 <loop+0xacc>)
    int32_t a0 = 0, a1 = 0;
    5ee0:	469c      	mov	ip, r3
    uint32_t g = 0;
    5ee2:	469e      	mov	lr, r3
        const uint32_t *P = &xpack[g * 4];
    5ee4:	eb0a 100e 	add.w	r0, sl, lr, lsl #4
        a0 = smlad_(sxtb16(L0),   P[0], a0);
    5ee8:	ea4f 058e 	mov.w	r5, lr, lsl #2
        g = (g + 2) & 255u;
    5eec:	f10e 0e02 	add.w	lr, lr, #2
        const uint32_t v1 = *(const uint32_t *)(w + i + 4);
    5ef0:	e9d7 1200 	ldrd	r1, r2, [r7]
{ int32_t r; __asm__("smlad %0, %1, %2, %3" : "=r"(r) : "r"(a), "r"(b), "r"(acc)); return r; }
    5ef4:	f85a 5025 	ldr.w	r5, [sl, r5, lsl #2]
    for (uint32_t i = 0; i + 8 <= nbytes; i += 8) {
    5ef8:	3708      	adds	r7, #8
        const uint32_t L1 = v1 & 0x0F0F0F0Fu, H1 = (v1 >> 4) & 0x0F0F0F0Fu;
    5efa:	0916      	lsrs	r6, r2, #4
    5efc:	f002 320f 	and.w	r2, r2, #252645135	@ 0xf0f0f0f
{ int32_t r; __asm__("smlad %0, %1, %2, %3" : "=r"(r) : "r"(a), "r"(b), "r"(acc)); return r; }
    5f00:	9503      	str	r5, [sp, #12]
        const uint32_t L0 = v0 & 0x0F0F0F0Fu, H0 = (v0 >> 4) & 0x0F0F0F0Fu;
    5f02:	090d      	lsrs	r5, r1, #4
        const uint32_t L1 = v1 & 0x0F0F0F0Fu, H1 = (v1 >> 4) & 0x0F0F0F0Fu;
    5f04:	9202      	str	r2, [sp, #8]
        const uint32_t L0 = v0 & 0x0F0F0F0Fu, H0 = (v0 >> 4) & 0x0F0F0F0Fu;
    5f06:	f001 310f 	and.w	r1, r1, #252645135	@ 0xf0f0f0f
{ int32_t r; __asm__("smlad %0, %1, %2, %3" : "=r"(r) : "r"(a), "r"(b), "r"(acc)); return r; }
    5f0a:	6842      	ldr	r2, [r0, #4]
        const uint32_t L0 = v0 & 0x0F0F0F0Fu, H0 = (v0 >> 4) & 0x0F0F0F0Fu;
    5f0c:	f005 350f 	and.w	r5, r5, #252645135	@ 0xf0f0f0f
        const uint32_t L1 = v1 & 0x0F0F0F0Fu, H1 = (v1 >> 4) & 0x0F0F0F0Fu;
    5f10:	f006 360f 	and.w	r6, r6, #252645135	@ 0xf0f0f0f
        g = (g + 2) & 255u;
    5f14:	fa5f fe8e 	uxtb.w	lr, lr
{ int32_t r; __asm__("smlad %0, %1, %2, %3" : "=r"(r) : "r"(a), "r"(b), "r"(acc)); return r; }
    5f18:	9204      	str	r2, [sp, #16]
    5f1a:	6882      	ldr	r2, [r0, #8]
    5f1c:	9205      	str	r2, [sp, #20]
    5f1e:	68c2      	ldr	r2, [r0, #12]
    5f20:	9206      	str	r2, [sp, #24]
    5f22:	6902      	ldr	r2, [r0, #16]
    5f24:	9207      	str	r2, [sp, #28]
    5f26:	6942      	ldr	r2, [r0, #20]
    5f28:	9208      	str	r2, [sp, #32]
    5f2a:	6982      	ldr	r2, [r0, #24]
    5f2c:	69c0      	ldr	r0, [r0, #28]
    5f2e:	9209      	str	r2, [sp, #36]	@ 0x24
    5f30:	900a      	str	r0, [sp, #40]	@ 0x28
    5f32:	9a03      	ldr	r2, [sp, #12]
{ uint32_t r; __asm__("sxtb16 %0, %1" : "=r"(r) : "r"(x)); return r; }
    5f34:	fa2f f081 	sxtb16	r0, r1
{ uint32_t r; __asm__("sxtb16 %0, %1, ror #8" : "=r"(r) : "r"(x)); return r; }
    5f38:	fa2f f191 	sxtb16	r1, r1, ror #8
{ int32_t r; __asm__("smlad %0, %1, %2, %3" : "=r"(r) : "r"(a), "r"(b), "r"(acc)); return r; }
    5f3c:	fb20 c002 	smlad	r0, r0, r2, ip
    5f40:	9a04      	ldr	r2, [sp, #16]
    5f42:	fb21 0102 	smlad	r1, r1, r2, r0
    5f46:	9a05      	ldr	r2, [sp, #20]
{ uint32_t r; __asm__("sxtb16 %0, %1" : "=r"(r) : "r"(x)); return r; }
    5f48:	fa2f f085 	sxtb16	r0, r5
{ uint32_t r; __asm__("sxtb16 %0, %1, ror #8" : "=r"(r) : "r"(x)); return r; }
    5f4c:	fa2f f595 	sxtb16	r5, r5, ror #8
{ int32_t r; __asm__("smlad %0, %1, %2, %3" : "=r"(r) : "r"(a), "r"(b), "r"(acc)); return r; }
    5f50:	fb20 1002 	smlad	r0, r0, r2, r1
    5f54:	9a06      	ldr	r2, [sp, #24]
    5f56:	fb25 0c02 	smlad	ip, r5, r2, r0
{ uint32_t r; __asm__("sxtb16 %0, %1" : "=r"(r) : "r"(x)); return r; }
    5f5a:	9802      	ldr	r0, [sp, #8]
{ int32_t r; __asm__("smlad %0, %1, %2, %3" : "=r"(r) : "r"(a), "r"(b), "r"(acc)); return r; }
    5f5c:	9a07      	ldr	r2, [sp, #28]
{ uint32_t r; __asm__("sxtb16 %0, %1" : "=r"(r) : "r"(x)); return r; }
    5f5e:	fa2f f180 	sxtb16	r1, r0
{ int32_t r; __asm__("smlad %0, %1, %2, %3" : "=r"(r) : "r"(a), "r"(b), "r"(acc)); return r; }
    5f62:	fb21 3102 	smlad	r1, r1, r2, r3
    5f66:	9b08      	ldr	r3, [sp, #32]
{ uint32_t r; __asm__("sxtb16 %0, %1, ror #8" : "=r"(r) : "r"(x)); return r; }
    5f68:	fa2f f290 	sxtb16	r2, r0, ror #8
{ int32_t r; __asm__("smlad %0, %1, %2, %3" : "=r"(r) : "r"(a), "r"(b), "r"(acc)); return r; }
    5f6c:	980a      	ldr	r0, [sp, #40]	@ 0x28
    5f6e:	fb22 1203 	smlad	r2, r2, r3, r1
    5f72:	9909      	ldr	r1, [sp, #36]	@ 0x24
{ uint32_t r; __asm__("sxtb16 %0, %1" : "=r"(r) : "r"(x)); return r; }
    5f74:	fa2f f386 	sxtb16	r3, r6
{ int32_t r; __asm__("smlad %0, %1, %2, %3" : "=r"(r) : "r"(a), "r"(b), "r"(acc)); return r; }
    5f78:	fb23 2301 	smlad	r3, r3, r1, r2
{ uint32_t r; __asm__("sxtb16 %0, %1, ror #8" : "=r"(r) : "r"(x)); return r; }
    5f7c:	fa2f f296 	sxtb16	r2, r6, ror #8
{ int32_t r; __asm__("smlad %0, %1, %2, %3" : "=r"(r) : "r"(a), "r"(b), "r"(acc)); return r; }
    5f80:	fb22 3300 	smlad	r3, r2, r0, r3
    for (uint32_t i = 0; i + 8 <= nbytes; i += 8) {
    5f84:	9a00      	ldr	r2, [sp, #0]
    5f86:	42ba      	cmp	r2, r7
    5f88:	d1ac      	bne.n	5ee4 <loop+0x93c>
    return a0 + a1 - 8 * (int32_t)(nbytes / 1024u) * xsum_all;
    5f8a:	4463      	add	r3, ip
        for (uint32_t off = 0; off < PER; off += BLK) {
    5f8c:	f504 5400 	add.w	r4, r4, #8192	@ 0x2000
    return a0 + a1 - 8 * (int32_t)(nbytes / 1024u) * xsum_all;
    5f90:	f8db 2000 	ldr.w	r2, [fp]
    5f94:	4647      	mov	r7, r8
        for (uint32_t off = 0; off < PER; off += BLK) {
    5f96:	f5b4 1f80 	cmp.w	r4, #1048576	@ 0x100000
    return a0 + a1 - 8 * (int32_t)(nbytes / 1024u) * xsum_all;
    5f9a:	eba3 1382 	sub.w	r3, r3, r2, lsl #6
            part += mac_block(buf, BLK);
    5f9e:	4499      	add	r9, r3
        for (uint32_t off = 0; off < PER; off += BLK) {
    5fa0:	d196      	bne.n	5ed0 <loop+0x928>
        const uint32_t cyc = ARM_DWT_CYCCNT - t0;
    5fa2:	4b36      	ldr	r3, [pc, #216]	@ (607c <loop+0xad4>)
    5fa4:	2106      	movs	r1, #6
        all_cyc += cyc;
    5fa6:	9a12      	ldr	r2, [sp, #72]	@ 0x48
        const uint32_t cyc = ARM_DWT_CYCCNT - t0;
    5fa8:	685b      	ldr	r3, [r3, #4]
    5faa:	4835      	ldr	r0, [pc, #212]	@ (6080 <loop+0xad8>)
    5fac:	e9dd 5616 	ldrd	r5, r6, [sp, #88]	@ 0x58
    5fb0:	1b9b      	subs	r3, r3, r6
        all_cyc += cyc;
    5fb2:	189f      	adds	r7, r3, r2
        const float sec = (float)cyc / (float)F_CPU_ACTUAL;
    5fb4:	ee07 3a90 	vmov	s15, r3
        all_cyc += cyc;
    5fb8:	9b13      	ldr	r3, [sp, #76]	@ 0x4c
        const float sec = (float)cyc / (float)F_CPU_ACTUAL;
    5fba:	eef8 7a67 	vcvt.f32.u32	s15, s15
        all_cyc += cyc;
    5fbe:	f143 0800 	adc.w	r8, r3, #0
        total += part;
    5fc2:	9b14      	ldr	r3, [sp, #80]	@ 0x50
    5fc4:	eb19 0603 	adds.w	r6, r9, r3
        const float sec = (float)cyc / (float)F_CPU_ACTUAL;
    5fc8:	4b2e      	ldr	r3, [pc, #184]	@ (6084 <loop+0xadc>)
    5fca:	ed93 7a00 	vldr	s14, [r3]
        total += part;
    5fce:	9614      	str	r6, [sp, #80]	@ 0x50
        const float sec = (float)cyc / (float)F_CPU_ACTUAL;
    5fd0:	eeb8 7a47 	vcvt.f32.u32	s14, s14
        all_cyc += cyc;
    5fd4:	e9cd 7812 	strd	r7, r8, [sp, #72]	@ 0x48
        const float sec = (float)cyc / (float)F_CPU_ACTUAL;
    5fd8:	ee87 8a87 	vdiv.f32	s16, s15, s14
    5fdc:	f003 f978 	bl	92d0 <usb_serial_write>
	size_t print(int n)				{ return print((long)n); }
    5fe0:	990f      	ldr	r1, [sp, #60]	@ 0x3c
    5fe2:	481a      	ldr	r0, [pc, #104]	@ (604c <loop+0xaa4>)
    5fe4:	f001 fbf4 	bl	77d0 <Print::print(long)>
    5fe8:	210f      	movs	r1, #15
    5fea:	4827      	ldr	r0, [pc, #156]	@ (6088 <loop+0xae0>)
    5fec:	f003 f970 	bl	92d0 <usb_serial_write>
        if (NOPS[best] < 10) Serial.print(' ');
    5ff0:	9b0d      	ldr	r3, [sp, #52]	@ 0x34
    5ff2:	f853 4025 	ldr.w	r4, [r3, r5, lsl #2]
    5ff6:	2c09      	cmp	r4, #9
    5ff8:	f340 841f 	ble.w	683a <loop+0x1292>
    5ffc:	4621      	mov	r1, r4
    5ffe:	4813      	ldr	r0, [pc, #76]	@ (604c <loop+0xaa4>)
    6000:	f001 fbe6 	bl	77d0 <Print::print(long)>
    6004:	210e      	movs	r1, #14
    6006:	4821      	ldr	r0, [pc, #132]	@ (608c <loop+0xae4>)
    6008:	f003 f962 	bl	92d0 <usb_serial_write>
        Serial.print(F("              ")); Serial.print((float)PER / sec / 1e6f, 2);
    600c:	eec9 7a88 	vdiv.f32	s15, s19, s16
	size_t print(double n, int digits = 2)		{ return printFloat(n, digits); }
    6010:	2102      	movs	r1, #2
    6012:	480e      	ldr	r0, [pc, #56]	@ (604c <loop+0xaa4>)
    6014:	ee87 0aa8 	vdiv.f32	s0, s15, s17
    6018:	eeb7 0ac0 	vcvt.f64.f32	d0, s0
    601c:	f001 fc04 	bl	7828 <Print::printFloat(double, unsigned char)>
    6020:	2104      	movs	r1, #4
    6022:	481b      	ldr	r0, [pc, #108]	@ (6090 <loop+0xae8>)
    6024:	f003 f954 	bl	92d0 <usb_serial_write>
        Serial.print(F("    ")); Serial.print((float)PER * 2.0f / sec / 1e6f, 2);
    6028:	eec9 7a08 	vdiv.f32	s15, s18, s16
    602c:	2102      	movs	r1, #2
    602e:	4807      	ldr	r0, [pc, #28]	@ (604c <loop+0xaa4>)
    6030:	ee87 0aa8 	vdiv.f32	s0, s15, s17
    6034:	eeb7 0ac0 	vcvt.f64.f32	d0, s0
    6038:	f001 fbf6 	bl	7828 <Print::printFloat(double, unsigned char)>
    603c:	2104      	movs	r1, #4
    603e:	4814      	ldr	r0, [pc, #80]	@ (6090 <loop+0xae8>)
    6040:	f003 f946 	bl	92d0 <usb_serial_write>
    6044:	e02c      	b.n	60a0 <loop+0xaf8>
    6046:	bf00      	nop
    6048:	20000f08 	.word	0x20000f08
    604c:	20001c50 	.word	0x20001c50
    6050:	20007e94 	.word	0x20007e94
    6054:	20001d92 	.word	0x20001d92
    6058:	20006df8 	.word	0x20006df8
    605c:	49800000 	.word	0x49800000
    6060:	2000143c 	.word	0x2000143c
    6064:	49742400 	.word	0x49742400
    6068:	200044a0 	.word	0x200044a0
    606c:	4a000000 	.word	0x4a000000
    6070:	2000148c 	.word	0x2000148c
    6074:	200024a0 	.word	0x200024a0
    6078:	00002ff9 	.word	0x00002ff9
    607c:	e0001000 	.word	0xe0001000
    6080:	200003b8 	.word	0x200003b8
    6084:	20001c4c 	.word	0x20001c4c
    6088:	20000f48 	.word	0x20000f48
    608c:	20000f58 	.word	0x20000f58
    6090:	200003d4 	.word	0x200003d4
    6094:	20006e14 	.word	0x20006e14
    6098:	20007e60 	.word	0x20007e60
    609c:	447a0000 	.word	0x447a0000
        Serial.print(F("    ")); Serial.print(sec * 1000.0f, 1);
    60a0:	ed5f 7a02 	vldr	s15, [pc, #-8]	@ 609c <loop+0xaf4>
    60a4:	2101      	movs	r1, #1
    60a6:	4893      	ldr	r0, [pc, #588]	@ (62f4 <loop+0xd4c>)
    60a8:	ee28 0a27 	vmul.f32	s0, s16, s15
    60ac:	eeb7 0ac0 	vcvt.f64.f32	d0, s0
    60b0:	f001 fbba 	bl	7828 <Print::printFloat(double, unsigned char)>
        Serial.println(part == refpart[b] ? F("   ok") : F("   ANSWER CHANGED"));
    60b4:	9b0b      	ldr	r3, [sp, #44]	@ 0x2c
    60b6:	9a10      	ldr	r2, [sp, #64]	@ 0x40
    60b8:	681b      	ldr	r3, [r3, #0]
    60ba:	3204      	adds	r2, #4
    60bc:	4599      	cmp	r9, r3
    60be:	9210      	str	r2, [sp, #64]	@ 0x40
    60c0:	f000 83b8 	beq.w	6834 <loop+0x128c>
    60c4:	2111      	movs	r1, #17
    60c6:	488c      	ldr	r0, [pc, #560]	@ (62f8 <loop+0xd50>)
    60c8:	f003 f902 	bl	92d0 <usb_serial_write>
	size_t println(const __FlashStringHelper *f)	{ return print(f) + println(); }
    60cc:	4889      	ldr	r0, [pc, #548]	@ (62f4 <loop+0xd4c>)
    60ce:	f001 fb8b 	bl	77e8 <Print::println()>
    for (int b = 0; b < g_nbank; b++) {
    60d2:	9b0f      	ldr	r3, [sp, #60]	@ 0x3c
    60d4:	9a01      	ldr	r2, [sp, #4]
    60d6:	3301      	adds	r3, #1
    60d8:	7814      	ldrb	r4, [r2, #0]
    60da:	930f      	str	r3, [sp, #60]	@ 0x3c
    60dc:	42a3      	cmp	r3, r4
    60de:	f6ff ae5a 	blt.w	5d96 <loop+0x7ee>
    const float secs  = (float)(double)all_cyc / (float)F_CPU_ACTUAL;
    60e2:	4638      	mov	r0, r7
    60e4:	4641      	mov	r1, r8
    60e6:	f003 fc0d 	bl	9904 <__aeabi_ul2d>
    const float bytes = (float)PER * (float)g_nbank;
    60ea:	ee06 4a90 	vmov	s13, r4
    Serial.print(F(" banks: ")); Serial.println((int32_t)total);
    60ee:	4634      	mov	r4, r6
    const float bytes = (float)PER * (float)g_nbank;
    60f0:	eeb8 8a66 	vcvt.f32.u32	s16, s13
    60f4:	eddf 6a81 	vldr	s13, [pc, #516]	@ 62fc <loop+0xd54>
    const float secs  = (float)(double)all_cyc / (float)F_CPU_ACTUAL;
    60f8:	ec41 0b17 	vmov	d7, r0, r1
    60fc:	eeb7 7bc7 	vcvt.f32.f64	s14, d7
    const float bytes = (float)PER * (float)g_nbank;
    6100:	ee28 8a26 	vmul.f32	s16, s16, s13
    const float secs  = (float)(double)all_cyc / (float)F_CPU_ACTUAL;
    6104:	4b7e      	ldr	r3, [pc, #504]	@ (6300 <loop+0xd58>)
    6106:	211a      	movs	r1, #26
    6108:	487e      	ldr	r0, [pc, #504]	@ (6304 <loop+0xd5c>)
    for (uint32_t d = 256; d <= 1024; d *= 2) {
    610a:	f44f 7580 	mov.w	r5, #256	@ 0x100
    const float secs  = (float)(double)all_cyc / (float)F_CPU_ACTUAL;
    610e:	edd3 7a00 	vldr	s15, [r3]
    Serial.print(F("    aggregate ")); Serial.print(bytes / secs / 1e6f, 2);
    6112:	eddf 8a7d 	vldr	s17, [pc, #500]	@ 6308 <loop+0xd60>
    const float secs  = (float)(double)all_cyc / (float)F_CPU_ACTUAL;
    6116:	eef8 7a67 	vcvt.f32.u32	s15, s15
        Serial.print(F("   ")); Serial.print(wb / 1024.0f, 0);
    611a:	ed9f aa7c 	vldr	s20, [pc, #496]	@ 630c <loop+0xd64>
    const float secs  = (float)(double)all_cyc / (float)F_CPU_ACTUAL;
    611e:	ee87 9a27 	vdiv.f32	s18, s14, s15
    6122:	f003 f8d5 	bl	92d0 <usb_serial_write>
	size_t print(uint8_t b)				{ return printNumber(b, 10, 0); }
    6126:	9901      	ldr	r1, [sp, #4]
    6128:	2300      	movs	r3, #0
    612a:	220a      	movs	r2, #10
    612c:	4871      	ldr	r0, [pc, #452]	@ (62f4 <loop+0xd4c>)
    612e:	7809      	ldrb	r1, [r1, #0]
    6130:	f001 fb68 	bl	7804 <Print::printNumber(unsigned long, unsigned char, unsigned char)>
    6134:	2108      	movs	r1, #8
    6136:	4876      	ldr	r0, [pc, #472]	@ (6310 <loop+0xd68>)
    6138:	f003 f8ca 	bl	92d0 <usb_serial_write>
	size_t println(long n)				{ return print(n) + println(); }
    613c:	4621      	mov	r1, r4
    613e:	486d      	ldr	r0, [pc, #436]	@ (62f4 <loop+0xd4c>)
	size_t println(const __FlashStringHelper *f)	{ return print(f) + println(); }
    6140:	2403      	movs	r4, #3
	size_t println(long n)				{ return print(n) + println(); }
    6142:	f001 fb45 	bl	77d0 <Print::print(long)>
    6146:	486b      	ldr	r0, [pc, #428]	@ (62f4 <loop+0xd4c>)
    6148:	f001 fb4e 	bl	77e8 <Print::println()>
    614c:	210e      	movs	r1, #14
    614e:	4871      	ldr	r0, [pc, #452]	@ (6314 <loop+0xd6c>)
    6150:	f003 f8be 	bl	92d0 <usb_serial_write>
	size_t print(double n, int digits = 2)		{ return printFloat(n, digits); }
    6154:	2102      	movs	r1, #2
    6156:	4867      	ldr	r0, [pc, #412]	@ (62f4 <loop+0xd4c>)
    Serial.print(F("    aggregate ")); Serial.print(bytes / secs / 1e6f, 2);
    6158:	eec8 9a09 	vdiv.f32	s19, s16, s18
    615c:	ee89 0aa8 	vdiv.f32	s0, s19, s17
    6160:	eeb7 0ac0 	vcvt.f64.f32	d0, s0
    6164:	f001 fb60 	bl	7828 <Print::printFloat(double, unsigned char)>
    6168:	2107      	movs	r1, #7
    616a:	486b      	ldr	r0, [pc, #428]	@ (6318 <loop+0xd70>)
    616c:	f003 f8b0 	bl	92d0 <usb_serial_write>
    Serial.print(F(" MB/s, ")); Serial.print(bytes * 2.0f / secs / 1e6f, 2);
    6170:	ee38 8a08 	vadd.f32	s16, s16, s16
    6174:	2102      	movs	r1, #2
    6176:	485f      	ldr	r0, [pc, #380]	@ (62f4 <loop+0xd4c>)
    6178:	eec8 7a09 	vdiv.f32	s15, s16, s18
        const float ms = wb / rate * 1000.0f;
    617c:	ed9f 9a67 	vldr	s18, [pc, #412]	@ 631c <loop+0xd74>
    Serial.print(F(" MB/s, ")); Serial.print(bytes * 2.0f / secs / 1e6f, 2);
    6180:	ee87 0aa8 	vdiv.f32	s0, s15, s17
    6184:	eeb7 0ac0 	vcvt.f64.f32	d0, s0
    6188:	f001 fb4e 	bl	7828 <Print::printFloat(double, unsigned char)>
    618c:	2107      	movs	r1, #7
    618e:	4864      	ldr	r0, [pc, #400]	@ (6320 <loop+0xd78>)
    6190:	f003 f89e 	bl	92d0 <usb_serial_write>
	size_t println(const __FlashStringHelper *f)	{ return print(f) + println(); }
    6194:	4857      	ldr	r0, [pc, #348]	@ (62f4 <loop+0xd4c>)
    6196:	f001 fb27 	bl	77e8 <Print::println()>
    619a:	2128      	movs	r1, #40	@ 0x28
    619c:	4861      	ldr	r0, [pc, #388]	@ (6324 <loop+0xd7c>)
    619e:	f003 f897 	bl	92d0 <usb_serial_write>
    61a2:	4854      	ldr	r0, [pc, #336]	@ (62f4 <loop+0xd4c>)
    61a4:	f001 fb20 	bl	77e8 <Print::println()>
        const float wb = 8.0f * (float)d * (float)d;
    61a8:	ee07 5a90 	vmov	s15, r5
    61ac:	eef2 aa00 	vmov.f32	s21, #32	@ 0x41000000  8.0
    61b0:	2112      	movs	r1, #18
    61b2:	485d      	ldr	r0, [pc, #372]	@ (6328 <loop+0xd80>)
    61b4:	eef8 7ae7 	vcvt.f32.s32	s15, s15
    61b8:	ee67 8aaa 	vmul.f32	s17, s15, s21
    61bc:	ee68 8aa7 	vmul.f32	s17, s17, s15
    61c0:	f003 f886 	bl	92d0 <usb_serial_write>
	size_t print(unsigned long n)			{ return printNumber(n, 10, 0); }
    61c4:	2300      	movs	r3, #0
    61c6:	220a      	movs	r2, #10
    61c8:	4629      	mov	r1, r5
    61ca:	484a      	ldr	r0, [pc, #296]	@ (62f4 <loop+0xd4c>)
        const float ms = wb / rate * 1000.0f;
    61cc:	ee88 8aa9 	vdiv.f32	s16, s17, s19
    61d0:	f001 fb18 	bl	7804 <Print::printNumber(unsigned long, unsigned char, unsigned char)>
    61d4:	2103      	movs	r1, #3
    61d6:	4855      	ldr	r0, [pc, #340]	@ (632c <loop+0xd84>)
    61d8:	f003 f87a 	bl	92d0 <usb_serial_write>
	size_t print(double n, int digits = 2)		{ return printFloat(n, digits); }
    61dc:	2100      	movs	r1, #0
    61de:	4845      	ldr	r0, [pc, #276]	@ (62f4 <loop+0xd4c>)
    for (uint32_t d = 256; d <= 1024; d *= 2) {
    61e0:	006d      	lsls	r5, r5, #1
        Serial.print(F("   ")); Serial.print(wb / 1024.0f, 0);
    61e2:	ee28 0a8a 	vmul.f32	s0, s17, s20
    61e6:	eeb7 0ac0 	vcvt.f64.f32	d0, s0
    61ea:	f001 fb1d 	bl	7828 <Print::printFloat(double, unsigned char)>
    61ee:	210c      	movs	r1, #12
    61f0:	484f      	ldr	r0, [pc, #316]	@ (6330 <loop+0xd88>)
    61f2:	f003 f86d 	bl	92d0 <usb_serial_write>
    61f6:	2101      	movs	r1, #1
    61f8:	483e      	ldr	r0, [pc, #248]	@ (62f4 <loop+0xd4c>)
        const float ms = wb / rate * 1000.0f;
    61fa:	ee28 8a09 	vmul.f32	s16, s16, s18
    61fe:	eeb7 0ac8 	vcvt.f64.f32	d0, s16
    6202:	f001 fb11 	bl	7828 <Print::printFloat(double, unsigned char)>
    6206:	2106      	movs	r1, #6
    6208:	484a      	ldr	r0, [pc, #296]	@ (6334 <loop+0xd8c>)
    620a:	f003 f861 	bl	92d0 <usb_serial_write>
        Serial.print(F(" ms   ")); Serial.print(1000.0f / (ms * 24.0f), 3);
    620e:	eef3 7a08 	vmov.f32	s15, #56	@ 0x41c00000  24.0
    6212:	2103      	movs	r1, #3
    6214:	4837      	ldr	r0, [pc, #220]	@ (62f4 <loop+0xd4c>)
    6216:	ee28 8a27 	vmul.f32	s16, s16, s15
    621a:	ee89 0a08 	vdiv.f32	s0, s18, s16
    621e:	eeb7 0ac0 	vcvt.f64.f32	d0, s0
    6222:	f001 fb01 	bl	7828 <Print::printFloat(double, unsigned char)>
    6226:	2109      	movs	r1, #9
    6228:	4843      	ldr	r0, [pc, #268]	@ (6338 <loop+0xd90>)
    622a:	f003 f851 	bl	92d0 <usb_serial_write>
	size_t println(const __FlashStringHelper *f)	{ return print(f) + println(); }
    622e:	4831      	ldr	r0, [pc, #196]	@ (62f4 <loop+0xd4c>)
    6230:	f001 fada 	bl	77e8 <Print::println()>
    for (uint32_t d = 256; d <= 1024; d *= 2) {
    6234:	3c01      	subs	r4, #1
    6236:	d1b7      	bne.n	61a8 <loop+0xc00>
    6238:	210d      	movs	r1, #13
    623a:	4840      	ldr	r0, [pc, #256]	@ (633c <loop+0xd94>)
    623c:	f003 f848 	bl	92d0 <usb_serial_write>
    Serial.print(F("    capacity ")); Serial.print((uint32_t)g_nbank * 8u);
    6240:	9d01      	ldr	r5, [sp, #4]
	size_t print(unsigned long n)			{ return printNumber(n, 10, 0); }
    6242:	4623      	mov	r3, r4
    6244:	220a      	movs	r2, #10
    6246:	7829      	ldrb	r1, [r5, #0]
    6248:	482a      	ldr	r0, [pc, #168]	@ (62f4 <loop+0xd4c>)
    624a:	00c9      	lsls	r1, r1, #3
    624c:	f001 fada 	bl	7804 <Print::printNumber(unsigned long, unsigned char, unsigned char)>
    6250:	2106      	movs	r1, #6
    6252:	483b      	ldr	r0, [pc, #236]	@ (6340 <loop+0xd98>)
    6254:	f003 f83c 	bl	92d0 <usb_serial_write>
    Serial.print(F(" MB = ")); Serial.print((uint32_t)((float)g_nbank * 8.0f * 1048576.0f / (8.0f * 512.0f * 512.0f)));
    6258:	782b      	ldrb	r3, [r5, #0]
    625a:	eddf 6a28 	vldr	s13, [pc, #160]	@ 62fc <loop+0xd54>
    625e:	220a      	movs	r2, #10
    6260:	ee07 3a90 	vmov	s15, r3
    6264:	ed9f 7a37 	vldr	s14, [pc, #220]	@ 6344 <loop+0xd9c>
    6268:	4623      	mov	r3, r4
    626a:	4822      	ldr	r0, [pc, #136]	@ (62f4 <loop+0xd4c>)
    626c:	eef8 7a67 	vcvt.f32.u32	s15, s15
    6270:	ee67 7aaa 	vmul.f32	s15, s15, s21
    6274:	ee67 7aa6 	vmul.f32	s15, s15, s13
    6278:	ee67 7a87 	vmul.f32	s15, s15, s14
    627c:	eefc 7ae7 	vcvt.u32.f32	s15, s15
    6280:	ee17 1a90 	vmov	r1, s15
    6284:	f001 fabe 	bl	7804 <Print::printNumber(unsigned long, unsigned char, unsigned char)>
    6288:	211a      	movs	r1, #26
    628a:	482f      	ldr	r0, [pc, #188]	@ (6348 <loop+0xda0>)
    628c:	f003 f820 	bl	92d0 <usb_serial_write>
	size_t println(const __FlashStringHelper *f)	{ return print(f) + println(); }
    6290:	4818      	ldr	r0, [pc, #96]	@ (62f4 <loop+0xd4c>)
    6292:	f001 faa9 	bl	77e8 <Print::println()>
    6296:	2117      	movs	r1, #23
    6298:	482c      	ldr	r0, [pc, #176]	@ (634c <loop+0xda4>)
    629a:	f003 f819 	bl	92d0 <usb_serial_write>
    629e:	4815      	ldr	r0, [pc, #84]	@ (62f4 <loop+0xd4c>)
    62a0:	f001 faa2 	bl	77e8 <Print::println()>
    62a4:	2102      	movs	r1, #2
    62a6:	482a      	ldr	r0, [pc, #168]	@ (6350 <loop+0xda8>)
    62a8:	f003 f812 	bl	92d0 <usb_serial_write>
	size_t print(uint8_t b)				{ return printNumber(b, 10, 0); }
    62ac:	4623      	mov	r3, r4
    62ae:	220a      	movs	r2, #10
    62b0:	7829      	ldrb	r1, [r5, #0]
    62b2:	4810      	ldr	r0, [pc, #64]	@ (62f4 <loop+0xd4c>)
    62b4:	f001 faa6 	bl	7804 <Print::printNumber(unsigned long, unsigned char, unsigned char)>
    62b8:	2108      	movs	r1, #8
    62ba:	4826      	ldr	r0, [pc, #152]	@ (6354 <loop+0xdac>)
    62bc:	f003 f808 	bl	92d0 <usb_serial_write>
    stage4_tcem();
    stage_matrix();

    Serial.println(F("\n--- what you built ---"));
    Serial.print(F("  ")); Serial.print(g_nbank);
    Serial.print(F(" chips, ")); Serial.print((uint32_t)g_nbank * 8u);
    62c0:	7829      	ldrb	r1, [r5, #0]
	size_t print(unsigned long n)			{ return printNumber(n, 10, 0); }
    62c2:	4623      	mov	r3, r4
    62c4:	220a      	movs	r2, #10
    62c6:	00c9      	lsls	r1, r1, #3
    62c8:	480a      	ldr	r0, [pc, #40]	@ (62f4 <loop+0xd4c>)
    62ca:	f001 fa9b 	bl	7804 <Print::printNumber(unsigned long, unsigned char, unsigned char)>
    62ce:	210b      	movs	r1, #11
    62d0:	4821      	ldr	r0, [pc, #132]	@ (6358 <loop+0xdb0>)
    62d2:	f002 fffd 	bl	92d0 <usb_serial_write>
	size_t println(const __FlashStringHelper *f)	{ return print(f) + println(); }
    62d6:	4807      	ldr	r0, [pc, #28]	@ (62f4 <loop+0xd4c>)
    62d8:	f001 fa86 	bl	77e8 <Print::println()>
    Serial.println(F(" MB usable."));
    int inreach = 0;
    float best = 0.0f;
    for (int b = 0; b < g_nbank; b++) {
    62dc:	782b      	ldrb	r3, [r5, #0]
    62de:	2b00      	cmp	r3, #0
    62e0:	f000 847a 	beq.w	6bd8 <loop+0x1630>
    62e4:	4a1d      	ldr	r2, [pc, #116]	@ (635c <loop+0xdb4>)
    float best = 0.0f;
    62e6:	ed9f 8a1e 	vldr	s16, [pc, #120]	@ 6360 <loop+0xdb8>
        if (g_ns[b] <= 0.0f) continue;
        if (g_ns[b] < 20.2f) inreach++;
    62ea:	ed9f 7a1e 	vldr	s14, [pc, #120]	@ 6364 <loop+0xdbc>
    62ee:	eb02 0383 	add.w	r3, r2, r3, lsl #2
    62f2:	e041      	b.n	6378 <loop+0xdd0>
    62f4:	20001c50 	.word	0x20001c50
    62f8:	20000418 	.word	0x20000418
    62fc:	49800000 	.word	0x49800000
    6300:	20001c4c 	.word	0x20001c4c
    6304:	20000f68 	.word	0x20000f68
    6308:	49742400 	.word	0x49742400
    630c:	3a800000 	.word	0x3a800000
    6310:	20000f84 	.word	0x20000f84
    6314:	20000f90 	.word	0x20000f90
    6318:	20000fa0 	.word	0x20000fa0
    631c:	447a0000 	.word	0x447a0000
    6320:	20000fa8 	.word	0x20000fa8
    6324:	20000fb0 	.word	0x20000fb0
    6328:	20000fdc 	.word	0x20000fdc
    632c:	20000ff0 	.word	0x20000ff0
    6330:	20000ff4 	.word	0x20000ff4
    6334:	20001004 	.word	0x20001004
    6338:	2000100c 	.word	0x2000100c
    633c:	20001018 	.word	0x20001018
    6340:	20001028 	.word	0x20001028
    6344:	35000000 	.word	0x35000000
    6348:	20001030 	.word	0x20001030
    634c:	2000104c 	.word	0x2000104c
    6350:	20001064 	.word	0x20001064
    6354:	20001068 	.word	0x20001068
    6358:	20001074 	.word	0x20001074
    635c:	20006dd0 	.word	0x20006dd0
    6360:	00000000 	.word	0x00000000
    6364:	41a1999a 	.word	0x41a1999a
    6368:	eeb4 8ae7 	vcmpe.f32	s16, s15
    636c:	eef1 fa10 	vmrs	APSR_nzcv, fpscr
    6370:	fe37 8a88 	vselgt.f32	s16, s15, s16
    for (int b = 0; b < g_nbank; b++) {
    6374:	4293      	cmp	r3, r2
    6376:	d015      	beq.n	63a4 <loop+0xdfc>
        if (g_ns[b] <= 0.0f) continue;
    6378:	ecf2 7a01 	vldmia	r2!, {s15}
    637c:	eef5 7ac0 	vcmpe.f32	s15, #0.0
    6380:	eef1 fa10 	vmrs	APSR_nzcv, fpscr
    6384:	d9f6      	bls.n	6374 <loop+0xdcc>
        if (g_ns[b] < 20.2f) inreach++;
    6386:	eef4 7ac7 	vcmpe.f32	s15, s14
    638a:	eef1 fa10 	vmrs	APSR_nzcv, fpscr
    638e:	d500      	bpl.n	6392 <loop+0xdea>
    6390:	3401      	adds	r4, #1
        if (best == 0.0f || g_ns[b] < best) best = g_ns[b];
    6392:	eeb5 8a40 	vcmp.f32	s16, #0.0
    6396:	eef1 fa10 	vmrs	APSR_nzcv, fpscr
    639a:	d1e5      	bne.n	6368 <loop+0xdc0>
    for (int b = 0; b < g_nbank; b++) {
    639c:	4293      	cmp	r3, r2
        if (best == 0.0f || g_ns[b] < best) best = g_ns[b];
    639e:	eeb0 8a67 	vmov.f32	s16, s15
    for (int b = 0; b < g_nbank; b++) {
    63a2:	d1e9      	bne.n	6378 <loop+0xdd0>
    }
    if (best > 0.0f) {
    63a4:	eeb5 8ac0 	vcmpe.f32	s16, #0.0
    63a8:	eef1 fa10 	vmrs	APSR_nzcv, fpscr
    63ac:	dd10      	ble.n	63d0 <loop+0xe28>
    63ae:	2110      	movs	r1, #16
    63b0:	4830      	ldr	r0, [pc, #192]	@ (6474 <loop+0xecc>)
    63b2:	f002 ff8d 	bl	92d0 <usb_serial_write>
	size_t print(double n, int digits = 2)		{ return printFloat(n, digits); }
    63b6:	eeb7 0ac8 	vcvt.f64.f32	d0, s16
    63ba:	2101      	movs	r1, #1
    63bc:	482e      	ldr	r0, [pc, #184]	@ (6478 <loop+0xed0>)
    63be:	f001 fa33 	bl	7828 <Print::printFloat(double, unsigned char)>
    63c2:	212e      	movs	r1, #46	@ 0x2e
    63c4:	482d      	ldr	r0, [pc, #180]	@ (647c <loop+0xed4>)
    63c6:	f002 ff83 	bl	92d0 <usb_serial_write>
	size_t println(const __FlashStringHelper *f)	{ return print(f) + println(); }
    63ca:	482b      	ldr	r0, [pc, #172]	@ (6478 <loop+0xed0>)
    63cc:	f001 fa0c 	bl	77e8 <Print::println()>
    63d0:	211e      	movs	r1, #30
    63d2:	482b      	ldr	r0, [pc, #172]	@ (6480 <loop+0xed8>)
    63d4:	f002 ff7c 	bl	92d0 <usb_serial_write>
	size_t print(int n)				{ return print((long)n); }
    63d8:	4621      	mov	r1, r4
    63da:	4827      	ldr	r0, [pc, #156]	@ (6478 <loop+0xed0>)
    63dc:	f001 f9f8 	bl	77d0 <Print::print(long)>
        virtual size_t write(uint8_t c) { return usb_serial_putchar(c); }
    63e0:	202f      	movs	r0, #47	@ 0x2f
    63e2:	f002 ff61 	bl	92a8 <usb_serial_putchar>
	size_t print(uint8_t b)				{ return printNumber(b, 10, 0); }
    63e6:	9901      	ldr	r1, [sp, #4]
    63e8:	2300      	movs	r3, #0
    63ea:	220a      	movs	r2, #10
    63ec:	7809      	ldrb	r1, [r1, #0]
    63ee:	4822      	ldr	r0, [pc, #136]	@ (6478 <loop+0xed0>)
    63f0:	f001 fa08 	bl	7804 <Print::printNumber(unsigned long, unsigned char, unsigned char)>
	size_t println(uint8_t b)			{ return print(b) + println(); }
    63f4:	4820      	ldr	r0, [pc, #128]	@ (6478 <loop+0xed0>)
    63f6:	f001 f9f7 	bl	77e8 <Print::println()>
        Serial.print(F("  fastest bank: ")); Serial.print(best, 1);
        Serial.println(F(" ns per nibble. The FlexSPI threshold is 20.2."));
    }
    Serial.print(F("  banks under that threshold: ")); Serial.print(inreach);
    Serial.print('/'); Serial.println(g_nbank);
    if (inreach) {
    63fa:	2c00      	cmp	r4, #0
    63fc:	f000 8401 	beq.w	6c02 <loop+0x165a>
        virtual size_t write(const uint8_t *buffer, size_t size) { return usb_serial_write(buffer, size); }
    6400:	2146      	movs	r1, #70	@ 0x46
    6402:	4820      	ldr	r0, [pc, #128]	@ (6484 <loop+0xedc>)
    6404:	f002 ff64 	bl	92d0 <usb_serial_write>
	size_t println(const __FlashStringHelper *f)	{ return print(f) + println(); }
    6408:	481b      	ldr	r0, [pc, #108]	@ (6478 <loop+0xed0>)
    640a:	f001 f9ed 	bl	77e8 <Print::println()>
    640e:	2149      	movs	r1, #73	@ 0x49
    6410:	481d      	ldr	r0, [pc, #116]	@ (6488 <loop+0xee0>)
    6412:	f002 ff5d 	bl	92d0 <usb_serial_write>
    6416:	4818      	ldr	r0, [pc, #96]	@ (6478 <loop+0xed0>)
    6418:	f001 f9e6 	bl	77e8 <Print::println()>
    641c:	2146      	movs	r1, #70	@ 0x46
    641e:	481b      	ldr	r0, [pc, #108]	@ (648c <loop+0xee4>)
    6420:	f002 ff56 	bl	92d0 <usb_serial_write>
    6424:	4814      	ldr	r0, [pc, #80]	@ (6478 <loop+0xed0>)
    6426:	f001 f9df 	bl	77e8 <Print::println()>
    642a:	214e      	movs	r1, #78	@ 0x4e
    642c:	4818      	ldr	r0, [pc, #96]	@ (6490 <loop+0xee8>)
    642e:	f002 ff4f 	bl	92d0 <usb_serial_write>
    6432:	4811      	ldr	r0, [pc, #68]	@ (6478 <loop+0xed0>)
    6434:	f001 f9d8 	bl	77e8 <Print::println()>
    6438:	214e      	movs	r1, #78	@ 0x4e
    643a:	4816      	ldr	r0, [pc, #88]	@ (6494 <loop+0xeec>)
    643c:	f002 ff48 	bl	92d0 <usb_serial_write>
    6440:	480d      	ldr	r0, [pc, #52]	@ (6478 <loop+0xed0>)
    6442:	f001 f9d1 	bl	77e8 <Print::println()>
    6446:	214f      	movs	r1, #79	@ 0x4f
    6448:	4813      	ldr	r0, [pc, #76]	@ (6498 <loop+0xef0>)
    644a:	f002 ff41 	bl	92d0 <usb_serial_write>
    644e:	480a      	ldr	r0, [pc, #40]	@ (6478 <loop+0xed0>)
    6450:	f001 f9ca 	bl	77e8 <Print::println()>
    6454:	2149      	movs	r1, #73	@ 0x49
    6456:	4811      	ldr	r0, [pc, #68]	@ (649c <loop+0xef4>)
    6458:	f002 ff3a 	bl	92d0 <usb_serial_write>
    645c:	4806      	ldr	r0, [pc, #24]	@ (6478 <loop+0xed0>)
    645e:	f001 f9c3 	bl	77e8 <Print::println()>

    Serial.println(F("\n  Bring-up complete, but stage 3's settings are PROVISIONAL: they were chosen"));
    Serial.println(F("  in seconds and this bus loses margin over minutes as it warms. Soaking every"));
    Serial.println(F("  bank from here on, stepping any that fails and resetting its count, until the"));
    Serial.println(F("  settings are ones that survive being run hard. That is the real answer."));
    done_once = true;
    6462:	2301      	movs	r3, #1
    6464:	4a0e      	ldr	r2, [pc, #56]	@ (64a0 <loop+0xef8>)
    6466:	7013      	strb	r3, [r2, #0]
}
    6468:	b01b      	add	sp, #108	@ 0x6c
    646a:	ecbd 8b06 	vpop	{d8-d10}
    646e:	e8bd 8ff0 	ldmia.w	sp!, {r4, r5, r6, r7, r8, r9, sl, fp, pc}
    6472:	bf00      	nop
    6474:	200010a0 	.word	0x200010a0
    6478:	20001c50 	.word	0x20001c50
    647c:	200010b4 	.word	0x200010b4
    6480:	20001080 	.word	0x20001080
    6484:	200010e4 	.word	0x200010e4
    6488:	2000112c 	.word	0x2000112c
    648c:	20001178 	.word	0x20001178
    6490:	2000129c 	.word	0x2000129c
    6494:	200012ec 	.word	0x200012ec
    6498:	2000133c 	.word	0x2000133c
    649c:	2000138c 	.word	0x2000138c
    64a0:	2000809f 	.word	0x2000809f
    64a4:	4baa      	ldr	r3, [pc, #680]	@ (6750 <loop+0x11a8>)
    64a6:	9301      	str	r3, [sp, #4]
    while (Serial2.available()) {
    64a8:	48aa      	ldr	r0, [pc, #680]	@ (6754 <loop+0x11ac>)
    64aa:	f000 fdcd 	bl	7048 <HardwareSerialIMXRT::available()>
    64ae:	9004      	str	r0, [sp, #16]
    64b0:	b1c0      	cbz	r0, 64e4 <loop+0xf3c>
        const char c = (char)Serial2.read();
    64b2:	48a8      	ldr	r0, [pc, #672]	@ (6754 <loop+0x11ac>)
    64b4:	f000 fe18 	bl	70e8 <HardwareSerialIMXRT::read()>
            line[len] = 0;
    64b8:	4ba7      	ldr	r3, [pc, #668]	@ (6758 <loop+0x11b0>)
        const char c = (char)Serial2.read();
    64ba:	b2c2      	uxtb	r2, r0
            line[len] = 0;
    64bc:	781b      	ldrb	r3, [r3, #0]
        if (c == '\n' || c == '\r') {
    64be:	2a0a      	cmp	r2, #10
    64c0:	f000 820f 	beq.w	68e2 <loop+0x133a>
    64c4:	2a0d      	cmp	r2, #13
    64c6:	f000 820c 	beq.w	68e2 <loop+0x133a>
        } else if (len < sizeof(line) - 1) {
    64ca:	2b1e      	cmp	r3, #30
    64cc:	d8ec      	bhi.n	64a8 <loop+0xf00>
            line[len++] = c;
    64ce:	1c59      	adds	r1, r3, #1
    64d0:	48a1      	ldr	r0, [pc, #644]	@ (6758 <loop+0x11b0>)
    64d2:	7001      	strb	r1, [r0, #0]
    64d4:	49a1      	ldr	r1, [pc, #644]	@ (675c <loop+0x11b4>)
    while (Serial2.available()) {
    64d6:	489f      	ldr	r0, [pc, #636]	@ (6754 <loop+0x11ac>)
            line[len++] = c;
    64d8:	54ca      	strb	r2, [r1, r3]
    while (Serial2.available()) {
    64da:	f000 fdb5 	bl	7048 <HardwareSerialIMXRT::available()>
    64de:	9004      	str	r0, [sp, #16]
    64e0:	2800      	cmp	r0, #0
    64e2:	d1e6      	bne.n	64b2 <loop+0xf0a>
    sk_pass++;
    64e4:	4a9e      	ldr	r2, [pc, #632]	@ (6760 <loop+0x11b8>)
    for (int b = 0; b < g_nbank; b++) {
    64e6:	9b01      	ldr	r3, [sp, #4]
    sk_pass++;
    64e8:	6816      	ldr	r6, [r2, #0]
    for (int b = 0; b < g_nbank; b++) {
    64ea:	781b      	ldrb	r3, [r3, #0]
    sk_pass++;
    64ec:	3601      	adds	r6, #1
    64ee:	6016      	str	r6, [r2, #0]
    for (int b = 0; b < g_nbank; b++) {
    64f0:	2b00      	cmp	r3, #0
    64f2:	f000 839d 	beq.w	6c30 <loop+0x1688>
    64f6:	4a9b      	ldr	r2, [pc, #620]	@ (6764 <loop+0x11bc>)
    64f8:	4f9b      	ldr	r7, [pc, #620]	@ (6768 <loop+0x11c0>)
    64fa:	9202      	str	r2, [sp, #8]
    64fc:	4a9b      	ldr	r2, [pc, #620]	@ (676c <loop+0x11c4>)
    64fe:	f8df b2c0 	ldr.w	fp, [pc, #704]	@ 67c0 <loop+0x1218>
    6502:	9203      	str	r2, [sp, #12]
    6504:	4a9a      	ldr	r2, [pc, #616]	@ (6770 <loop+0x11c8>)
    6506:	f8df a2bc 	ldr.w	sl, [pc, #700]	@ 67c4 <loop+0x121c>
    650a:	9205      	str	r2, [sp, #20]
    650c:	4a99      	ldr	r2, [pc, #612]	@ (6774 <loop+0x11cc>)
    650e:	4d9a      	ldr	r5, [pc, #616]	@ (6778 <loop+0x11d0>)
    6510:	920c      	str	r2, [sp, #48]	@ 0x30
    6512:	4a9a      	ldr	r2, [pc, #616]	@ (677c <loop+0x11d4>)
    6514:	f8df 92b0 	ldr.w	r9, [pc, #688]	@ 67c8 <loop+0x1220>
    6518:	920e      	str	r2, [sp, #56]	@ 0x38
    651a:	4c99      	ldr	r4, [pc, #612]	@ (6780 <loop+0x11d8>)
    651c:	4a99      	ldr	r2, [pc, #612]	@ (6784 <loop+0x11dc>)
            sk_bytes[b] = 0; sk_errs[b] = 0; sk_worst[b] = 0;
    651e:	f8df 82ac 	ldr.w	r8, [pc, #684]	@ 67cc <loop+0x1224>
    for (int b = 0; b < g_nbank; b++) {
    6522:	9000      	str	r0, [sp, #0]
    6524:	9207      	str	r2, [sp, #28]
            sk_bytes[b] = 0; sk_errs[b] = 0; sk_worst[b] = 0;
    6526:	f8cd b02c 	str.w	fp, [sp, #44]	@ 0x2c
    652a:	9708      	str	r7, [sp, #32]
    652c:	ed9f 8b86 	vldr	d8, [pc, #536]	@ 6748 <loop+0x11a0>
    if (b == g_cur) return;                        /* re-selecting costs microseconds; skip it */
    6530:	9b08      	ldr	r3, [sp, #32]
    6532:	9a00      	ldr	r2, [sp, #0]
    6534:	f993 3000 	ldrsb.w	r3, [r3]
    6538:	4293      	cmp	r3, r2
    653a:	d002      	beq.n	6542 <loop+0xf9a>
    653c:	4610      	mov	r0, r2
    653e:	f7f9 fe45 	bl	1cc <use_bank(int) [clone .part.0]>
        const uint32_t seed = 0x3Bu + sk_pass * 0x51u;       /* a new pattern every round, so a pass
    6542:	eb06 06c6 	add.w	r6, r6, r6, lsl #3
        g_burst = g_bn[b];
    6546:	9b03      	ldr	r3, [sp, #12]
    6548:	9a0c      	ldr	r2, [sp, #48]	@ 0x30
        for (uint32_t off = 0; off < BANKSZ; off += BLK) {
    654a:	2700      	movs	r7, #0
        const uint32_t seed = 0x3Bu + sk_pass * 0x51u;       /* a new pattern every round, so a pass
    654c:	eb06 06c6 	add.w	r6, r6, r6, lsl #3
        g_burst = g_bn[b];
    6550:	881b      	ldrh	r3, [r3, #0]
    6552:	f8dd b02c 	ldr.w	fp, [sp, #44]	@ 0x2c
        const uint32_t seed = 0x3Bu + sk_pass * 0x51u;       /* a new pattern every round, so a pass
    6556:	363b      	adds	r6, #59	@ 0x3b
        g_burst = g_bn[b];
    6558:	6013      	str	r3, [r2, #0]
            for (uint32_t i = 0; i < BLK; i++) ref[i] = (uint8_t)((off + i) * 0x9Du + seed);
    655a:	b2f6      	uxtb	r6, r6
    655c:	4a8a      	ldr	r2, [pc, #552]	@ (6788 <loop+0x11e0>)
    for (int b = 0; b < g_nbank; b++) {
    655e:	4633      	mov	r3, r6
            for (uint32_t i = 0; i < BLK; i++) ref[i] = (uint8_t)((off + i) * 0x9Du + seed);
    6560:	f802 3f01 	strb.w	r3, [r2, #1]!
    6564:	455a      	cmp	r2, fp
    6566:	f1a3 0363 	sub.w	r3, r3, #99	@ 0x63
    656a:	d1f9      	bne.n	6560 <loop+0xfb8>
            WF[g_wi[b]](off, ref, BLK);
    656c:	f899 3000 	ldrb.w	r3, [r9]
    6570:	4638      	mov	r0, r7
        for (uint32_t off = 0; off < BANKSZ; off += BLK) {
    6572:	f507 5700 	add.w	r7, r7, #8192	@ 0x2000
            WF[g_wi[b]](off, ref, BLK);
    6576:	f44f 5200 	mov.w	r2, #8192	@ 0x2000
    657a:	f854 3023 	ldr.w	r3, [r4, r3, lsl #2]
    657e:	4983      	ldr	r1, [pc, #524]	@ (678c <loop+0x11e4>)
    6580:	4798      	blx	r3
        for (uint32_t off = 0; off < BANKSZ; off += BLK) {
    6582:	f5b7 0f00 	cmp.w	r7, #8388608	@ 0x800000
    6586:	d1e9      	bne.n	655c <loop+0xfb4>
        uint32_t bad = 0;
    6588:	f04f 0b00 	mov.w	fp, #0
        for (uint32_t off = 0; off < BANKSZ; off += BLK) {
    658c:	9406      	str	r4, [sp, #24]
    658e:	9c0e      	ldr	r4, [sp, #56]	@ 0x38
    6590:	465f      	mov	r7, fp
            RF[g_ri[b]](off, buf, BLK);
    6592:	782b      	ldrb	r3, [r5, #0]
    6594:	f44f 5200 	mov.w	r2, #8192	@ 0x2000
    6598:	497d      	ldr	r1, [pc, #500]	@ (6790 <loop+0x11e8>)
    659a:	4638      	mov	r0, r7
    659c:	f854 3023 	ldr.w	r3, [r4, r3, lsl #2]
    65a0:	4798      	blx	r3
            for (uint32_t i = 0; i < BLK; i++)
    65a2:	4a7c      	ldr	r2, [pc, #496]	@ (6794 <loop+0x11ec>)
            RF[g_ri[b]](off, buf, BLK);
    65a4:	4633      	mov	r3, r6
                if (buf[i] != (uint8_t)((off + i) * 0x9Du + seed)) bad++;
    65a6:	f812 0f01 	ldrb.w	r0, [r2, #1]!
            for (uint32_t i = 0; i < BLK; i++)
    65aa:	f1a3 0163 	sub.w	r1, r3, #99	@ 0x63
                if (buf[i] != (uint8_t)((off + i) * 0x9Du + seed)) bad++;
    65ae:	4298      	cmp	r0, r3
            for (uint32_t i = 0; i < BLK; i++)
    65b0:	b2cb      	uxtb	r3, r1
    65b2:	9907      	ldr	r1, [sp, #28]
                if (buf[i] != (uint8_t)((off + i) * 0x9Du + seed)) bad++;
    65b4:	bf18      	it	ne
    65b6:	f10b 0b01 	addne.w	fp, fp, #1
            for (uint32_t i = 0; i < BLK; i++)
    65ba:	428a      	cmp	r2, r1
    65bc:	d1f3      	bne.n	65a6 <loop+0xffe>
        for (uint32_t off = 0; off < BANKSZ; off += BLK) {
    65be:	f507 5700 	add.w	r7, r7, #8192	@ 0x2000
    65c2:	f5b7 0f00 	cmp.w	r7, #8388608	@ 0x800000
    65c6:	d1e4      	bne.n	6592 <loop+0xfea>
        sk_bytes[b] += BANKSZ;
    65c8:	f8d8 3000 	ldr.w	r3, [r8]
        if (bad > sk_worst[b]) sk_worst[b] = bad;
    65cc:	9a02      	ldr	r2, [sp, #8]
        sk_bytes[b] += BANKSZ;
    65ce:	f513 0300 	adds.w	r3, r3, #8388608	@ 0x800000
    65d2:	9c06      	ldr	r4, [sp, #24]
    65d4:	f8c8 3000 	str.w	r3, [r8]
    65d8:	f8d8 3004 	ldr.w	r3, [r8, #4]
    65dc:	f143 0300 	adc.w	r3, r3, #0
    65e0:	f8c8 3004 	str.w	r3, [r8, #4]
        sk_errs[b]  += bad;
    65e4:	f8da 3000 	ldr.w	r3, [sl]
    65e8:	eb13 030b 	adds.w	r3, r3, fp
    65ec:	f8ca 3000 	str.w	r3, [sl]
    65f0:	f8da 3004 	ldr.w	r3, [sl, #4]
    65f4:	f143 0300 	adc.w	r3, r3, #0
    65f8:	f8ca 3004 	str.w	r3, [sl, #4]
        if (bad > sk_worst[b]) sk_worst[b] = bad;
    65fc:	6813      	ldr	r3, [r2, #0]
    65fe:	455b      	cmp	r3, fp
    6600:	f080 82ce 	bcs.w	6ba0 <loop+0x15f8>
    6604:	f8c2 b000 	str.w	fp, [r2]
            const uint8_t ow = g_wi[b], orr = g_ri[b];
    6608:	f899 2000 	ldrb.w	r2, [r9]
    660c:	782b      	ldrb	r3, [r5, #0]
    660e:	9206      	str	r2, [sp, #24]
            const uint16_t ob = g_bn[b];
    6610:	9a03      	ldr	r2, [sp, #12]
            if (g_ri[b] + 1 < (uint8_t)NSET)      g_ri[b]++;
    6612:	2b08      	cmp	r3, #8
            const uint8_t ow = g_wi[b], orr = g_ri[b];
    6614:	9309      	str	r3, [sp, #36]	@ 0x24
            const uint16_t ob = g_bn[b];
    6616:	8812      	ldrh	r2, [r2, #0]
    6618:	920a      	str	r2, [sp, #40]	@ 0x28
            if (g_ri[b] + 1 < (uint8_t)NSET)      g_ri[b]++;
    661a:	f200 82b9 	bhi.w	6b90 <loop+0x15e8>
    661e:	3301      	adds	r3, #1
    6620:	702b      	strb	r3, [r5, #0]
    if (b == g_cur) return;                        /* re-selecting costs microseconds; skip it */
    6622:	9b08      	ldr	r3, [sp, #32]
    6624:	9a00      	ldr	r2, [sp, #0]
    6626:	f993 3000 	ldrsb.w	r3, [r3]
    662a:	4293      	cmp	r3, r2
    662c:	d002      	beq.n	6634 <loop+0x108c>
    662e:	4610      	mov	r0, r2
    6630:	f7f9 fdcc 	bl	1cc <use_bank(int) [clone .part.0]>
            g_bn[b] = choose_burst(g_ri[b]);
    6634:	7828      	ldrb	r0, [r5, #0]
            sk_bytes[b] = 0; sk_errs[b] = 0; sk_worst[b] = 0;
    6636:	2600      	movs	r6, #0
            g_bn[b] = choose_burst(g_ri[b]);
    6638:	f7f9 fd48 	bl	cc <choose_burst(int)>
            sk_steps[b]++;
    663c:	9a05      	ldr	r2, [sp, #20]
            g_burst = g_bn[b];
    663e:	9b0c      	ldr	r3, [sp, #48]	@ 0x30
    6640:	2107      	movs	r1, #7
            g_bn[b] = choose_burst(g_ri[b]);
    6642:	9f03      	ldr	r7, [sp, #12]
            g_burst = g_bn[b];
    6644:	6018      	str	r0, [r3, #0]
            sk_steps[b]++;
    6646:	8813      	ldrh	r3, [r2, #0]
            g_bn[b] = choose_burst(g_ri[b]);
    6648:	8038      	strh	r0, [r7, #0]
            sk_steps[b]++;
    664a:	3301      	adds	r3, #1
    664c:	4852      	ldr	r0, [pc, #328]	@ (6798 <loop+0x11f0>)
    664e:	8013      	strh	r3, [r2, #0]
            sk_bytes[b] = 0; sk_errs[b] = 0; sk_worst[b] = 0;
    6650:	9b02      	ldr	r3, [sp, #8]
    6652:	ed88 8b00 	vstr	d8, [r8]
    6656:	601e      	str	r6, [r3, #0]
    6658:	ed8a 8b00 	vstr	d8, [sl]
    665c:	f002 fe38 	bl	92d0 <usb_serial_write>
	size_t print(int n)				{ return print((long)n); }
    6660:	9900      	ldr	r1, [sp, #0]
    6662:	484e      	ldr	r0, [pc, #312]	@ (679c <loop+0x11f4>)
    6664:	f001 f8b4 	bl	77d0 <Print::print(long)>
    6668:	2102      	movs	r1, #2
    666a:	484d      	ldr	r0, [pc, #308]	@ (67a0 <loop+0x11f8>)
    666c:	f002 fe30 	bl	92d0 <usb_serial_write>
	size_t print(unsigned long n)			{ return printNumber(n, 10, 0); }
    6670:	220a      	movs	r2, #10
    6672:	4633      	mov	r3, r6
    6674:	4659      	mov	r1, fp
    6676:	4849      	ldr	r0, [pc, #292]	@ (679c <loop+0x11f4>)
    6678:	f001 f8c4 	bl	7804 <Print::printNumber(unsigned long, unsigned char, unsigned char)>
    667c:	211c      	movs	r1, #28
    667e:	4849      	ldr	r0, [pc, #292]	@ (67a4 <loop+0x11fc>)
            Serial.print(F(" errors under load at write ")); Serial.print(NOPS[ow]);
    6680:	4e49      	ldr	r6, [pc, #292]	@ (67a8 <loop+0x1200>)
    6682:	f002 fe25 	bl	92d0 <usb_serial_write>
	size_t print(int n)				{ return print((long)n); }
    6686:	9b06      	ldr	r3, [sp, #24]
    6688:	4844      	ldr	r0, [pc, #272]	@ (679c <loop+0x11f4>)
    668a:	f856 1023 	ldr.w	r1, [r6, r3, lsl #2]
    668e:	f001 f89f 	bl	77d0 <Print::print(long)>
    6692:	2106      	movs	r1, #6
    6694:	4845      	ldr	r0, [pc, #276]	@ (67ac <loop+0x1204>)
    6696:	f002 fe1b 	bl	92d0 <usb_serial_write>
    669a:	9b09      	ldr	r3, [sp, #36]	@ 0x24
    669c:	483f      	ldr	r0, [pc, #252]	@ (679c <loop+0x11f4>)
    669e:	f856 1023 	ldr.w	r1, [r6, r3, lsl #2]
    66a2:	f001 f895 	bl	77d0 <Print::print(long)>
    66a6:	2108      	movs	r1, #8
    66a8:	4841      	ldr	r0, [pc, #260]	@ (67b0 <loop+0x1208>)
    66aa:	f002 fe11 	bl	92d0 <usb_serial_write>
    66ae:	990a      	ldr	r1, [sp, #40]	@ 0x28
    66b0:	483a      	ldr	r0, [pc, #232]	@ (679c <loop+0x11f4>)
    66b2:	f001 f88d 	bl	77d0 <Print::print(long)>
    66b6:	2116      	movs	r1, #22
    66b8:	483e      	ldr	r0, [pc, #248]	@ (67b4 <loop+0x120c>)
    66ba:	f002 fe09 	bl	92d0 <usb_serial_write>
            Serial.print(F(" -- stepping to write ")); Serial.print(NOPS[g_wi[b]]);
    66be:	f899 3000 	ldrb.w	r3, [r9]
    66c2:	4836      	ldr	r0, [pc, #216]	@ (679c <loop+0x11f4>)
    66c4:	f856 1023 	ldr.w	r1, [r6, r3, lsl #2]
    66c8:	f001 f882 	bl	77d0 <Print::print(long)>
    66cc:	2106      	movs	r1, #6
    66ce:	4837      	ldr	r0, [pc, #220]	@ (67ac <loop+0x1204>)
    66d0:	f002 fdfe 	bl	92d0 <usb_serial_write>
            Serial.print(F("/read ")); Serial.print(NOPS[g_ri[b]]);
    66d4:	782b      	ldrb	r3, [r5, #0]
    66d6:	4831      	ldr	r0, [pc, #196]	@ (679c <loop+0x11f4>)
    66d8:	f856 1023 	ldr.w	r1, [r6, r3, lsl #2]
    66dc:	f001 f878 	bl	77d0 <Print::print(long)>
    66e0:	2108      	movs	r1, #8
    66e2:	4833      	ldr	r0, [pc, #204]	@ (67b0 <loop+0x1208>)
    66e4:	f002 fdf4 	bl	92d0 <usb_serial_write>
    66e8:	8839      	ldrh	r1, [r7, #0]
    66ea:	482c      	ldr	r0, [pc, #176]	@ (679c <loop+0x11f4>)
    66ec:	f001 f870 	bl	77d0 <Print::print(long)>
    66f0:	2110      	movs	r1, #16
    66f2:	4831      	ldr	r0, [pc, #196]	@ (67b8 <loop+0x1210>)
    66f4:	f002 fdec 	bl	92d0 <usb_serial_write>
	size_t println(const __FlashStringHelper *f)	{ return print(f) + println(); }
    66f8:	4828      	ldr	r0, [pc, #160]	@ (679c <loop+0x11f4>)
    66fa:	f001 f875 	bl	77e8 <Print::println()>
    for (int b = 0; b < g_nbank; b++) {
    66fe:	9a00      	ldr	r2, [sp, #0]
    6700:	9b01      	ldr	r3, [sp, #4]
    6702:	3201      	adds	r2, #1
    6704:	781b      	ldrb	r3, [r3, #0]
    6706:	9200      	str	r2, [sp, #0]
    6708:	429a      	cmp	r2, r3
    670a:	f280 8291 	bge.w	6c30 <loop+0x1688>
    670e:	9b02      	ldr	r3, [sp, #8]
    6710:	f108 0808 	add.w	r8, r8, #8
    6714:	f10a 0a08 	add.w	sl, sl, #8
    6718:	3501      	adds	r5, #1
    671a:	3304      	adds	r3, #4
    671c:	f109 0901 	add.w	r9, r9, #1
    6720:	9302      	str	r3, [sp, #8]
    6722:	9b03      	ldr	r3, [sp, #12]
    6724:	3302      	adds	r3, #2
    6726:	9303      	str	r3, [sp, #12]
    6728:	9b05      	ldr	r3, [sp, #20]
    672a:	3302      	adds	r3, #2
    672c:	9305      	str	r3, [sp, #20]
        const uint32_t seed = 0x3Bu + sk_pass * 0x51u;       /* a new pattern every round, so a pass
    672e:	4b0c      	ldr	r3, [pc, #48]	@ (6760 <loop+0x11b8>)
    6730:	681e      	ldr	r6, [r3, #0]
    6732:	e6fd      	b.n	6530 <loop+0xf88>
    6734:	2143      	movs	r1, #67	@ 0x43
    6736:	4821      	ldr	r0, [pc, #132]	@ (67bc <loop+0x1214>)
    6738:	f002 fdca 	bl	92d0 <usb_serial_write>
    673c:	4817      	ldr	r0, [pc, #92]	@ (679c <loop+0x11f4>)
    673e:	f001 f853 	bl	77e8 <Print::println()>
    6742:	f7fe bf70 	b.w	5626 <loop+0x7e>
    6746:	bf00      	nop
	...
    6750:	2000809e 	.word	0x2000809e
    6754:	20001c60 	.word	0x20001c60
    6758:	200080a3 	.word	0x200080a3
    675c:	20007e74 	.word	0x20007e74
    6760:	20007e20 	.word	0x20007e20
    6764:	20007e38 	.word	0x20007e38
    6768:	20001d92 	.word	0x20001d92
    676c:	20006dbc 	.word	0x20006dbc
    6770:	20007e24 	.word	0x20007e24
    6774:	20001d20 	.word	0x20001d20
    6778:	20006df8 	.word	0x20006df8
    677c:	2000143c 	.word	0x2000143c
    6780:	20001464 	.word	0x20001464
    6784:	2000449f 	.word	0x2000449f
    6788:	2000449f 	.word	0x2000449f
    678c:	200044a0 	.word	0x200044a0
    6790:	200024a0 	.word	0x200024a0
    6794:	2000249f 	.word	0x2000249f
    6798:	20000374 	.word	0x20000374
    679c:	20001c50 	.word	0x20001c50
    67a0:	2000109c 	.word	0x2000109c
    67a4:	200004d0 	.word	0x200004d0
    67a8:	2000148c 	.word	0x2000148c
    67ac:	200003a8 	.word	0x200003a8
    67b0:	200004f0 	.word	0x200004f0
    67b4:	200004fc 	.word	0x200004fc
    67b8:	20000514 	.word	0x20000514
    67bc:	20000828 	.word	0x20000828
    67c0:	2000649f 	.word	0x2000649f
    67c4:	20006ca0 	.word	0x20006ca0
    67c8:	20006e04 	.word	0x20006e04
    67cc:	20006cf0 	.word	0x20006cf0
    67d0:	2109      	movs	r1, #9
    67d2:	48bf      	ldr	r0, [pc, #764]	@ (6ad0 <loop+0x1528>)
    67d4:	f002 fd7c 	bl	92d0 <usb_serial_write>
	size_t print(unsigned char n, int base)		{ return printNumber(n, base, 0); }
    67d8:	462b      	mov	r3, r5
    67da:	f89d 1060 	ldrb.w	r1, [sp, #96]	@ 0x60
    67de:	2210      	movs	r2, #16
    67e0:	48bc      	ldr	r0, [pc, #752]	@ (6ad4 <loop+0x152c>)
    67e2:	f001 f80f 	bl	7804 <Print::printNumber(unsigned long, unsigned char, unsigned char)>
        virtual size_t write(uint8_t c) { return usb_serial_putchar(c); }
    67e6:	2020      	movs	r0, #32
    67e8:	f002 fd5e 	bl	92a8 <usb_serial_putchar>
    67ec:	462b      	mov	r3, r5
    67ee:	2210      	movs	r2, #16
    67f0:	f89d 1061 	ldrb.w	r1, [sp, #97]	@ 0x61
    67f4:	48b7      	ldr	r0, [pc, #732]	@ (6ad4 <loop+0x152c>)
    67f6:	f001 f805 	bl	7804 <Print::printNumber(unsigned long, unsigned char, unsigned char)>
        virtual size_t write(const uint8_t *buffer, size_t size) { return usb_serial_write(buffer, size); }
    67fa:	2101      	movs	r1, #1
    67fc:	48b6      	ldr	r0, [pc, #728]	@ (6ad8 <loop+0x1530>)
    67fe:	f002 fd67 	bl	92d0 <usb_serial_write>
	size_t println(const __FlashStringHelper *f)	{ return print(f) + println(); }
    6802:	48b4      	ldr	r0, [pc, #720]	@ (6ad4 <loop+0x152c>)
    6804:	f000 fff0 	bl	77e8 <Print::println()>
    6808:	f7fe bf84 	b.w	5714 <loop+0x16c>
        Serial.print(worst > 8.0f ? F("OVER") : (worst > 7.0f ? F("thin") : F("safe")));
    680c:	eef1 7a0c 	vmov.f32	s15, #28	@ 0x40e00000  7.0
    6810:	eeb4 8ae7 	vcmpe.f32	s16, s15
    6814:	eef1 fa10 	vmrs	APSR_nzcv, fpscr
    6818:	dc09      	bgt.n	682e <loop+0x1286>
    681a:	48b0      	ldr	r0, [pc, #704]	@ (6adc <loop+0x1534>)
    681c:	f7ff b958 	b.w	5ad0 <loop+0x528>
            RF[best](off, buf, BLK);
    6820:	9b0e      	ldr	r3, [sp, #56]	@ 0x38
            if (part == refpart[b]) { best = (int)k; break; }
    6822:	46ca      	mov	sl, r9
            RF[best](off, buf, BLK);
    6824:	f853 7025 	ldr.w	r7, [r3, r5, lsl #2]
        g_ri[b] = (uint8_t)best;
    6828:	462b      	mov	r3, r5
            if (part == refpart[b]) { best = (int)k; break; }
    682a:	f7ff bb46 	b.w	5eba <loop+0x912>
        Serial.print(worst > 8.0f ? F("OVER") : (worst > 7.0f ? F("thin") : F("safe")));
    682e:	48ac      	ldr	r0, [pc, #688]	@ (6ae0 <loop+0x1538>)
    6830:	f7ff b94e 	b.w	5ad0 <loop+0x528>
    6834:	2105      	movs	r1, #5
        Serial.println(part == refpart[b] ? F("   ok") : F("   ANSWER CHANGED"));
    6836:	48ab      	ldr	r0, [pc, #684]	@ (6ae4 <loop+0x153c>)
    6838:	e446      	b.n	60c8 <loop+0xb20>
        virtual size_t write(uint8_t c) { return usb_serial_putchar(c); }
    683a:	2020      	movs	r0, #32
    683c:	f002 fd34 	bl	92a8 <usb_serial_putchar>
    6840:	f7ff bbdc 	b.w	5ffc <loop+0xa54>
        virtual size_t write(const uint8_t *buffer, size_t size) { return usb_serial_write(buffer, size); }
    6844:	214c      	movs	r1, #76	@ 0x4c
    6846:	48a8      	ldr	r0, [pc, #672]	@ (6ae8 <loop+0x1540>)
    6848:	f002 fd42 	bl	92d0 <usb_serial_write>
    684c:	48a1      	ldr	r0, [pc, #644]	@ (6ad4 <loop+0x152c>)
    684e:	f000 ffcb 	bl	77e8 <Print::println()>
    6852:	2119      	movs	r1, #25
    6854:	48a5      	ldr	r0, [pc, #660]	@ (6aec <loop+0x1544>)
    6856:	f002 fd3b 	bl	92d0 <usb_serial_write>
    685a:	489e      	ldr	r0, [pc, #632]	@ (6ad4 <loop+0x152c>)
    685c:	f000 ffc4 	bl	77e8 <Print::println()>
    6860:	2143      	movs	r1, #67	@ 0x43
    6862:	48a3      	ldr	r0, [pc, #652]	@ (6af0 <loop+0x1548>)
    6864:	f002 fd34 	bl	92d0 <usb_serial_write>
    6868:	489a      	ldr	r0, [pc, #616]	@ (6ad4 <loop+0x152c>)
    686a:	f000 ffbd 	bl	77e8 <Print::println()>
    686e:	2140      	movs	r1, #64	@ 0x40
    6870:	48a0      	ldr	r0, [pc, #640]	@ (6af4 <loop+0x154c>)
    6872:	f002 fd2d 	bl	92d0 <usb_serial_write>
    6876:	4897      	ldr	r0, [pc, #604]	@ (6ad4 <loop+0x152c>)
    6878:	f000 ffb6 	bl	77e8 <Print::println()>
    687c:	2142      	movs	r1, #66	@ 0x42
    687e:	489e      	ldr	r0, [pc, #632]	@ (6af8 <loop+0x1550>)
    6880:	f002 fd26 	bl	92d0 <usb_serial_write>
    6884:	4893      	ldr	r0, [pc, #588]	@ (6ad4 <loop+0x152c>)
    6886:	f000 ffaf 	bl	77e8 <Print::println()>
    688a:	2147      	movs	r1, #71	@ 0x47
    688c:	489b      	ldr	r0, [pc, #620]	@ (6afc <loop+0x1554>)
    688e:	f002 fd1f 	bl	92d0 <usb_serial_write>
    6892:	4890      	ldr	r0, [pc, #576]	@ (6ad4 <loop+0x152c>)
    6894:	f000 ffa8 	bl	77e8 <Print::println()>
    6898:	213e      	movs	r1, #62	@ 0x3e
    689a:	4899      	ldr	r0, [pc, #612]	@ (6b00 <loop+0x1558>)
    689c:	f002 fd18 	bl	92d0 <usb_serial_write>
    68a0:	488c      	ldr	r0, [pc, #560]	@ (6ad4 <loop+0x152c>)
    68a2:	f000 ffa1 	bl	77e8 <Print::println()>
    68a6:	2147      	movs	r1, #71	@ 0x47
    68a8:	4896      	ldr	r0, [pc, #600]	@ (6b04 <loop+0x155c>)
    68aa:	f002 fd11 	bl	92d0 <usb_serial_write>
    68ae:	4889      	ldr	r0, [pc, #548]	@ (6ad4 <loop+0x152c>)
    68b0:	f000 ff9a 	bl	77e8 <Print::println()>
    68b4:	2146      	movs	r1, #70	@ 0x46
    68b6:	4894      	ldr	r0, [pc, #592]	@ (6b08 <loop+0x1560>)
    68b8:	f002 fd0a 	bl	92d0 <usb_serial_write>
    68bc:	4885      	ldr	r0, [pc, #532]	@ (6ad4 <loop+0x152c>)
    68be:	f000 ff93 	bl	77e8 <Print::println()>
    68c2:	213d      	movs	r1, #61	@ 0x3d
    68c4:	4891      	ldr	r0, [pc, #580]	@ (6b0c <loop+0x1564>)
    68c6:	f002 fd03 	bl	92d0 <usb_serial_write>
    68ca:	4882      	ldr	r0, [pc, #520]	@ (6ad4 <loop+0x152c>)
    68cc:	f000 ff8c 	bl	77e8 <Print::println()>
        delay(20000);
    68d0:	f644 6020 	movw	r0, #20000	@ 0x4e20
}
    68d4:	b01b      	add	sp, #108	@ 0x6c
    68d6:	ecbd 8b06 	vpop	{d8-d10}
    68da:	e8bd 4ff0 	ldmia.w	sp!, {r4, r5, r6, r7, r8, r9, sl, fp, lr}
        delay(20000);
    68de:	f001 b9df 	b.w	7ca0 <delay>
            line[len] = 0;
    68e2:	488b      	ldr	r0, [pc, #556]	@ (6b10 <loop+0x1568>)
    68e4:	f04f 0200 	mov.w	r2, #0
    68e8:	54c2      	strb	r2, [r0, r3]
            if (len && (line[0] == 'G' || line[0] == 'g')) {
    68ea:	2b00      	cmp	r3, #0
    68ec:	f000 814b 	beq.w	6b86 <loop+0x15de>
    68f0:	7802      	ldrb	r2, [r0, #0]
    68f2:	f002 02df 	and.w	r2, r2, #223	@ 0xdf
    68f6:	2a47      	cmp	r2, #71	@ 0x47
    68f8:	f040 8128 	bne.w	6b4c <loop+0x15a4>
                if (len > 2) kb = (uint32_t)atol(line + 1);
    68fc:	2b02      	cmp	r3, #2
    68fe:	f200 835a 	bhi.w	6fb6 <loop+0x1a0e>
    6902:	f44f 1680 	mov.w	r6, #1048576	@ 0x100000
    const uint32_t t0 = ARM_DWT_CYCCNT;
    6906:	4b83      	ldr	r3, [pc, #524]	@ (6b14 <loop+0x156c>)
    6908:	685c      	ldr	r4, [r3, #4]
    for (int b = 0; b < g_nbank; b++) {
    690a:	9b01      	ldr	r3, [sp, #4]
    690c:	781d      	ldrb	r5, [r3, #0]
    690e:	2d00      	cmp	r5, #0
    6910:	f000 836f 	beq.w	6ff2 <loop+0x1a4a>
    6914:	4b80      	ldr	r3, [pc, #512]	@ (6b18 <loop+0x1570>)
    int32_t total = 0;
    6916:	f04f 0900 	mov.w	r9, #0
    691a:	f8df a228 	ldr.w	sl, [pc, #552]	@ 6b44 <loop+0x159c>
    691e:	9309      	str	r3, [sp, #36]	@ 0x24
    for (int b = 0; b < g_nbank; b++) {
    6920:	46c8      	mov	r8, r9
    6922:	4b7e      	ldr	r3, [pc, #504]	@ (6b1c <loop+0x1574>)
    6924:	4d7e      	ldr	r5, [pc, #504]	@ (6b20 <loop+0x1578>)
    6926:	9308      	str	r3, [sp, #32]
    6928:	4b7e      	ldr	r3, [pc, #504]	@ (6b24 <loop+0x157c>)
    692a:	4f7f      	ldr	r7, [pc, #508]	@ (6b28 <loop+0x1580>)
    692c:	9306      	str	r3, [sp, #24]
    692e:	f8df b218 	ldr.w	fp, [pc, #536]	@ 6b48 <loop+0x15a0>
    6932:	4b7e      	ldr	r3, [pc, #504]	@ (6b2c <loop+0x1584>)
    6934:	940a      	str	r4, [sp, #40]	@ 0x28
    6936:	9307      	str	r3, [sp, #28]
    if (b == g_cur) return;                        /* re-selecting costs microseconds; skip it */
    6938:	f997 3000 	ldrsb.w	r3, [r7]
    693c:	4543      	cmp	r3, r8
    693e:	d002      	beq.n	6946 <loop+0x139e>
    6940:	4640      	mov	r0, r8
    6942:	f7f9 fc43 	bl	1cc <use_bank(int) [clone .part.0]>
        g_burst = g_bn[b];
    6946:	f835 3b02 	ldrh.w	r3, [r5], #2
    694a:	9a09      	ldr	r2, [sp, #36]	@ 0x24
            RF[g_ri[b]](off, buf, BLK);
    694c:	970d      	str	r7, [sp, #52]	@ 0x34
    694e:	2700      	movs	r7, #0
        g_burst = g_bn[b];
    6950:	6013      	str	r3, [r2, #0]
            RF[g_ri[b]](off, buf, BLK);
    6952:	e9cd 580b 	strd	r5, r8, [sp, #44]	@ 0x2c
    6956:	4635      	mov	r5, r6
    6958:	465e      	mov	r6, fp
    695a:	f89a 2000 	ldrb.w	r2, [sl]
    695e:	4638      	mov	r0, r7
    6960:	9b08      	ldr	r3, [sp, #32]
    uint32_t g = 0;
    6962:	f04f 0800 	mov.w	r8, #0
            RF[g_ri[b]](off, buf, BLK);
    6966:	4972      	ldr	r1, [pc, #456]	@ (6b30 <loop+0x1588>)
    6968:	f853 4022 	ldr.w	r4, [r3, r2, lsl #2]
    696c:	f44f 5200 	mov.w	r2, #8192	@ 0x2000
    6970:	47a0      	blx	r4
    int32_t a0 = 0, a1 = 0;
    6972:	f04f 0e00 	mov.w	lr, #0
    uint32_t g = 0;
    6976:	2400      	movs	r4, #0
    6978:	f8df c1b4 	ldr.w	ip, [pc, #436]	@ 6b30 <loop+0x1588>
    697c:	9710      	str	r7, [sp, #64]	@ 0x40
    697e:	9511      	str	r5, [sp, #68]	@ 0x44
    6980:	e9cd a90e 	strd	sl, r9, [sp, #56]	@ 0x38
    6984:	46b1      	mov	r9, r6
        const uint32_t *P = &xpack[g * 4];
    6986:	eb09 1504 	add.w	r5, r9, r4, lsl #4
        a0 = smlad_(sxtb16(L0),   P[0], a0);
    698a:	00a1      	lsls	r1, r4, #2
        g = (g + 2) & 255u;
    698c:	3402      	adds	r4, #2
{ int32_t r; __asm__("smlad %0, %1, %2, %3" : "=r"(r) : "r"(a), "r"(b), "r"(acc)); return r; }
    698e:	68ef      	ldr	r7, [r5, #12]
    6990:	f859 b021 	ldr.w	fp, [r9, r1, lsl #2]
        g = (g + 2) & 255u;
    6994:	b2e4      	uxtb	r4, r4
{ int32_t r; __asm__("smlad %0, %1, %2, %3" : "=r"(r) : "r"(a), "r"(b), "r"(acc)); return r; }
    6996:	9702      	str	r7, [sp, #8]
    6998:	692f      	ldr	r7, [r5, #16]
    699a:	e9d5 a601 	ldrd	sl, r6, [r5, #4]
        const uint32_t v1 = *(const uint32_t *)(w + i + 4);
    699e:	e9dc 2300 	ldrd	r2, r3, [ip]
{ int32_t r; __asm__("smlad %0, %1, %2, %3" : "=r"(r) : "r"(a), "r"(b), "r"(acc)); return r; }
    69a2:	9600      	str	r6, [sp, #0]
    for (uint32_t i = 0; i + 8 <= nbytes; i += 8) {
    69a4:	f10c 0c08 	add.w	ip, ip, #8
{ int32_t r; __asm__("smlad %0, %1, %2, %3" : "=r"(r) : "r"(a), "r"(b), "r"(acc)); return r; }
    69a8:	696e      	ldr	r6, [r5, #20]
        const uint32_t L0 = v0 & 0x0F0F0F0Fu, H0 = (v0 >> 4) & 0x0F0F0F0Fu;
    69aa:	0910      	lsrs	r0, r2, #4
{ int32_t r; __asm__("smlad %0, %1, %2, %3" : "=r"(r) : "r"(a), "r"(b), "r"(acc)); return r; }
    69ac:	9703      	str	r7, [sp, #12]
        const uint32_t L1 = v1 & 0x0F0F0F0Fu, H1 = (v1 >> 4) & 0x0F0F0F0Fu;
    69ae:	0919      	lsrs	r1, r3, #4
{ int32_t r; __asm__("smlad %0, %1, %2, %3" : "=r"(r) : "r"(a), "r"(b), "r"(acc)); return r; }
    69b0:	9604      	str	r6, [sp, #16]
        const uint32_t L0 = v0 & 0x0F0F0F0Fu, H0 = (v0 >> 4) & 0x0F0F0F0Fu;
    69b2:	f002 320f 	and.w	r2, r2, #252645135	@ 0xf0f0f0f
    69b6:	f000 300f 	and.w	r0, r0, #252645135	@ 0xf0f0f0f
        const uint32_t L1 = v1 & 0x0F0F0F0Fu, H1 = (v1 >> 4) & 0x0F0F0F0Fu;
    69ba:	f003 330f 	and.w	r3, r3, #252645135	@ 0xf0f0f0f
    69be:	f001 310f 	and.w	r1, r1, #252645135	@ 0xf0f0f0f
{ int32_t r; __asm__("smlad %0, %1, %2, %3" : "=r"(r) : "r"(a), "r"(b), "r"(acc)); return r; }
    69c2:	9e00      	ldr	r6, [sp, #0]
    69c4:	e9d5 7506 	ldrd	r7, r5, [r5, #24]
    69c8:	9505      	str	r5, [sp, #20]
{ uint32_t r; __asm__("sxtb16 %0, %1" : "=r"(r) : "r"(x)); return r; }
    69ca:	fa2f f582 	sxtb16	r5, r2
{ uint32_t r; __asm__("sxtb16 %0, %1, ror #8" : "=r"(r) : "r"(x)); return r; }
    69ce:	fa2f f292 	sxtb16	r2, r2, ror #8
{ int32_t r; __asm__("smlad %0, %1, %2, %3" : "=r"(r) : "r"(a), "r"(b), "r"(acc)); return r; }
    69d2:	fb25 e50b 	smlad	r5, r5, fp, lr
    69d6:	fb22 520a 	smlad	r2, r2, sl, r5
{ uint32_t r; __asm__("sxtb16 %0, %1" : "=r"(r) : "r"(x)); return r; }
    69da:	fa2f f580 	sxtb16	r5, r0
{ uint32_t r; __asm__("sxtb16 %0, %1, ror #8" : "=r"(r) : "r"(x)); return r; }
    69de:	fa2f f090 	sxtb16	r0, r0, ror #8
{ int32_t r; __asm__("smlad %0, %1, %2, %3" : "=r"(r) : "r"(a), "r"(b), "r"(acc)); return r; }
    69e2:	fb25 2506 	smlad	r5, r5, r6, r2
    69e6:	9a02      	ldr	r2, [sp, #8]
    69e8:	9e04      	ldr	r6, [sp, #16]
    69ea:	fb20 5e02 	smlad	lr, r0, r2, r5
{ uint32_t r; __asm__("sxtb16 %0, %1" : "=r"(r) : "r"(x)); return r; }
    69ee:	fa2f f283 	sxtb16	r2, r3
{ int32_t r; __asm__("smlad %0, %1, %2, %3" : "=r"(r) : "r"(a), "r"(b), "r"(acc)); return r; }
    69f2:	9803      	ldr	r0, [sp, #12]
{ uint32_t r; __asm__("sxtb16 %0, %1, ror #8" : "=r"(r) : "r"(x)); return r; }
    69f4:	fa2f f393 	sxtb16	r3, r3, ror #8
{ int32_t r; __asm__("smlad %0, %1, %2, %3" : "=r"(r) : "r"(a), "r"(b), "r"(acc)); return r; }
    69f8:	fb22 8200 	smlad	r2, r2, r0, r8
    69fc:	fb23 2306 	smlad	r3, r3, r6, r2
{ uint32_t r; __asm__("sxtb16 %0, %1" : "=r"(r) : "r"(x)); return r; }
    6a00:	fa2f f281 	sxtb16	r2, r1
{ uint32_t r; __asm__("sxtb16 %0, %1, ror #8" : "=r"(r) : "r"(x)); return r; }
    6a04:	fa2f f191 	sxtb16	r1, r1, ror #8
{ int32_t r; __asm__("smlad %0, %1, %2, %3" : "=r"(r) : "r"(a), "r"(b), "r"(acc)); return r; }
    6a08:	fb22 3207 	smlad	r2, r2, r7, r3
    6a0c:	9b05      	ldr	r3, [sp, #20]
    6a0e:	fb21 2803 	smlad	r8, r1, r3, r2
    for (uint32_t i = 0; i + 8 <= nbytes; i += 8) {
    6a12:	9b06      	ldr	r3, [sp, #24]
    6a14:	459c      	cmp	ip, r3
    6a16:	d1b6      	bne.n	6986 <loop+0x13de>
    return a0 + a1 - 8 * (int32_t)(nbytes / 1024u) * xsum_all;
    6a18:	9b07      	ldr	r3, [sp, #28]
    6a1a:	eb0e 0208 	add.w	r2, lr, r8
    6a1e:	464e      	mov	r6, r9
    6a20:	f8dd 903c 	ldr.w	r9, [sp, #60]	@ 0x3c
    6a24:	6819      	ldr	r1, [r3, #0]
    6a26:	f8dd a038 	ldr.w	sl, [sp, #56]	@ 0x38
    6a2a:	eba2 1281 	sub.w	r2, r2, r1, lsl #6
    6a2e:	e9dd 7510 	ldrd	r7, r5, [sp, #64]	@ 0x40
            total += mac_block(buf, BLK);
    6a32:	4491      	add	r9, r2
        for (uint32_t off = 0; off < per_bank; off += BLK) {
    6a34:	f507 5700 	add.w	r7, r7, #8192	@ 0x2000
    6a38:	42af      	cmp	r7, r5
    6a3a:	d38e      	bcc.n	695a <loop+0x13b2>
    for (int b = 0; b < g_nbank; b++) {
    6a3c:	f8dd 8030 	ldr.w	r8, [sp, #48]	@ 0x30
    6a40:	46b3      	mov	fp, r6
    6a42:	9b01      	ldr	r3, [sp, #4]
    6a44:	462e      	mov	r6, r5
    6a46:	f108 0801 	add.w	r8, r8, #1
    6a4a:	9d0b      	ldr	r5, [sp, #44]	@ 0x2c
    6a4c:	781b      	ldrb	r3, [r3, #0]
    6a4e:	f10a 0a01 	add.w	sl, sl, #1
    6a52:	9f0d      	ldr	r7, [sp, #52]	@ 0x34
    6a54:	4598      	cmp	r8, r3
    6a56:	f6ff af6f 	blt.w	6938 <loop+0x1390>
    *bytes_out = per_bank * (uint32_t)g_nbank;
    6a5a:	9c0a      	ldr	r4, [sp, #40]	@ 0x28
    6a5c:	fb06 f503 	mul.w	r5, r6, r3
    const uint32_t cyc = ARM_DWT_CYCCNT - t0;
    6a60:	4b2c      	ldr	r3, [pc, #176]	@ (6b14 <loop+0x156c>)
							  return write((const uint8_t *)str, strlen(str)); }
    6a62:	2202      	movs	r2, #2
    6a64:	4933      	ldr	r1, [pc, #204]	@ (6b34 <loop+0x158c>)
    6a66:	685e      	ldr	r6, [r3, #4]
    *us_out = (uint32_t)((uint64_t)cyc * 1000000ull / (uint64_t)F_CPU_ACTUAL);
    6a68:	4b33      	ldr	r3, [pc, #204]	@ (6b38 <loop+0x1590>)
    6a6a:	4834      	ldr	r0, [pc, #208]	@ (6b3c <loop+0x1594>)
    6a6c:	681f      	ldr	r7, [r3, #0]
    6a6e:	f000 fe87 	bl	7780 <Print::write(unsigned char const*, unsigned int)>
                Serial2.print("P ");  Serial2.print(part);
    6a72:	4649      	mov	r1, r9
    6a74:	4831      	ldr	r0, [pc, #196]	@ (6b3c <loop+0x1594>)
    6a76:	f000 feab 	bl	77d0 <Print::print(long)>
	size_t print(char c)				{ return write((uint8_t)c); }
    6a7a:	2120      	movs	r1, #32
    6a7c:	482f      	ldr	r0, [pc, #188]	@ (6b3c <loop+0x1594>)
    6a7e:	f000 fd99 	bl	75b4 <HardwareSerialIMXRT::write(unsigned char)>
    const uint32_t cyc = ARM_DWT_CYCCNT - t0;
    6a82:	1b31      	subs	r1, r6, r4
    *us_out = (uint32_t)((uint64_t)cyc * 1000000ull / (uint64_t)F_CPU_ACTUAL);
    6a84:	482e      	ldr	r0, [pc, #184]	@ (6b40 <loop+0x1598>)
    6a86:	463a      	mov	r2, r7
    6a88:	2300      	movs	r3, #0
    6a8a:	fba1 0100 	umull	r0, r1, r1, r0
    6a8e:	f002 ff6f 	bl	9970 <__aeabi_uldivmod>
	size_t print(unsigned long n)			{ return printNumber(n, 10, 0); }
    6a92:	2300      	movs	r3, #0
    6a94:	4601      	mov	r1, r0
    6a96:	220a      	movs	r2, #10
    6a98:	4828      	ldr	r0, [pc, #160]	@ (6b3c <loop+0x1594>)
    6a9a:	f000 feb3 	bl	7804 <Print::printNumber(unsigned long, unsigned char, unsigned char)>
	size_t print(char c)				{ return write((uint8_t)c); }
    6a9e:	2120      	movs	r1, #32
    6aa0:	4826      	ldr	r0, [pc, #152]	@ (6b3c <loop+0x1594>)
    6aa2:	f000 fd87 	bl	75b4 <HardwareSerialIMXRT::write(unsigned char)>
	size_t print(unsigned long n)			{ return printNumber(n, 10, 0); }
    6aa6:	2300      	movs	r3, #0
    6aa8:	4629      	mov	r1, r5
    6aaa:	220a      	movs	r2, #10
    6aac:	4823      	ldr	r0, [pc, #140]	@ (6b3c <loop+0x1594>)
    6aae:	f000 fea9 	bl	7804 <Print::printNumber(unsigned long, unsigned char, unsigned char)>
	size_t print(char c)				{ return write((uint8_t)c); }
    6ab2:	2120      	movs	r1, #32
    6ab4:	4821      	ldr	r0, [pc, #132]	@ (6b3c <loop+0x1594>)
    6ab6:	f000 fd7d 	bl	75b4 <HardwareSerialIMXRT::write(unsigned char)>
	size_t print(uint8_t b)				{ return printNumber(b, 10, 0); }
    6aba:	9901      	ldr	r1, [sp, #4]
    6abc:	2300      	movs	r3, #0
    6abe:	220a      	movs	r2, #10
    6ac0:	7809      	ldrb	r1, [r1, #0]
    6ac2:	481e      	ldr	r0, [pc, #120]	@ (6b3c <loop+0x1594>)
    6ac4:	f000 fe9e 	bl	7804 <Print::printNumber(unsigned long, unsigned char, unsigned char)>
                Serial2.println();
    6ac8:	481c      	ldr	r0, [pc, #112]	@ (6b3c <loop+0x1594>)
    6aca:	f000 fe8d 	bl	77e8 <Print::println()>
            } else if (len && (line[0] == 'I' || line[0] == 'i')) {
    6ace:	e05a      	b.n	6b86 <loop+0x15de>
    6ad0:	200008fc 	.word	0x200008fc
    6ad4:	20001c50 	.word	0x20001c50
    6ad8:	20000908 	.word	0x20000908
    6adc:	20000400 	.word	0x20000400
    6ae0:	20000408 	.word	0x20000408
    6ae4:	20000410 	.word	0x20000410
    6ae8:	20000aa0 	.word	0x20000aa0
    6aec:	20000af0 	.word	0x20000af0
    6af0:	20000b0c 	.word	0x20000b0c
    6af4:	20000b50 	.word	0x20000b50
    6af8:	20000b94 	.word	0x20000b94
    6afc:	20000bd8 	.word	0x20000bd8
    6b00:	20000c20 	.word	0x20000c20
    6b04:	20000c60 	.word	0x20000c60
    6b08:	20000ca8 	.word	0x20000ca8
    6b0c:	20000cf0 	.word	0x20000cf0
    6b10:	20007e74 	.word	0x20007e74
    6b14:	e0001000 	.word	0xe0001000
    6b18:	20001d20 	.word	0x20001d20
    6b1c:	2000143c 	.word	0x2000143c
    6b20:	20006dbc 	.word	0x20006dbc
    6b24:	200044a0 	.word	0x200044a0
    6b28:	20001d92 	.word	0x20001d92
    6b2c:	20007e60 	.word	0x20007e60
    6b30:	200024a0 	.word	0x200024a0
    6b34:	2000042c 	.word	0x2000042c
    6b38:	20001c4c 	.word	0x20001c4c
    6b3c:	20001c60 	.word	0x20001c60
    6b40:	000f4240 	.word	0x000f4240
    6b44:	20006df8 	.word	0x20006df8
    6b48:	20006e14 	.word	0x20006e14
    6b4c:	2a49      	cmp	r2, #73	@ 0x49
    6b4e:	d11a      	bne.n	6b86 <loop+0x15de>
							  return write((const uint8_t *)str, strlen(str)); }
    6b50:	2208      	movs	r2, #8
    6b52:	49be      	ldr	r1, [pc, #760]	@ (6e4c <loop+0x18a4>)
    6b54:	48be      	ldr	r0, [pc, #760]	@ (6e50 <loop+0x18a8>)
    6b56:	f000 fe13 	bl	7780 <Print::write(unsigned char const*, unsigned int)>
	size_t print(uint8_t b)				{ return printNumber(b, 10, 0); }
    6b5a:	9c01      	ldr	r4, [sp, #4]
    6b5c:	2300      	movs	r3, #0
    6b5e:	220a      	movs	r2, #10
    6b60:	7821      	ldrb	r1, [r4, #0]
    6b62:	48bb      	ldr	r0, [pc, #748]	@ (6e50 <loop+0x18a8>)
    6b64:	f000 fe4e 	bl	7804 <Print::printNumber(unsigned long, unsigned char, unsigned char)>
							  return write((const uint8_t *)str, strlen(str)); }
    6b68:	2204      	movs	r2, #4
    6b6a:	49ba      	ldr	r1, [pc, #744]	@ (6e54 <loop+0x18ac>)
    6b6c:	48b8      	ldr	r0, [pc, #736]	@ (6e50 <loop+0x18a8>)
    6b6e:	f000 fe07 	bl	7780 <Print::write(unsigned char const*, unsigned int)>
                Serial2.print(" mb ");     Serial2.print((uint32_t)g_nbank * 8u);
    6b72:	7821      	ldrb	r1, [r4, #0]
	size_t print(unsigned long n)			{ return printNumber(n, 10, 0); }
    6b74:	2300      	movs	r3, #0
    6b76:	220a      	movs	r2, #10
    6b78:	00c9      	lsls	r1, r1, #3
    6b7a:	48b5      	ldr	r0, [pc, #724]	@ (6e50 <loop+0x18a8>)
    6b7c:	f000 fe42 	bl	7804 <Print::printNumber(unsigned long, unsigned char, unsigned char)>
                Serial2.println();
    6b80:	48b3      	ldr	r0, [pc, #716]	@ (6e50 <loop+0x18a8>)
    6b82:	f000 fe31 	bl	77e8 <Print::println()>
            len = 0;
    6b86:	4bb4      	ldr	r3, [pc, #720]	@ (6e58 <loop+0x18b0>)
    6b88:	f04f 0200 	mov.w	r2, #0
    6b8c:	701a      	strb	r2, [r3, #0]
    6b8e:	e48b      	b.n	64a8 <loop+0xf00>
            else if (g_wi[b] + 1 < (uint8_t)NSET) g_wi[b]++;
    6b90:	9b06      	ldr	r3, [sp, #24]
    6b92:	2b08      	cmp	r3, #8
    6b94:	f200 81a2 	bhi.w	6edc <loop+0x1934>
    6b98:	3301      	adds	r3, #1
    6b9a:	f889 3000 	strb.w	r3, [r9]
    6b9e:	e540      	b.n	6622 <loop+0x107a>
        if (bad) {
    6ba0:	f1bb 0f00 	cmp.w	fp, #0
    6ba4:	f43f adab 	beq.w	66fe <loop+0x1156>
    6ba8:	e52e      	b.n	6608 <loop+0x1060>
    6baa:	2149      	movs	r1, #73	@ 0x49
    6bac:	48ab      	ldr	r0, [pc, #684]	@ (6e5c <loop+0x18b4>)
    6bae:	f002 fb8f 	bl	92d0 <usb_serial_write>
	size_t println(const __FlashStringHelper *f)	{ return print(f) + println(); }
    6bb2:	48ab      	ldr	r0, [pc, #684]	@ (6e60 <loop+0x18b8>)
    6bb4:	f000 fe18 	bl	77e8 <Print::println()>
    6bb8:	214b      	movs	r1, #75	@ 0x4b
    6bba:	48aa      	ldr	r0, [pc, #680]	@ (6e64 <loop+0x18bc>)
    6bbc:	f002 fb88 	bl	92d0 <usb_serial_write>
    6bc0:	48a7      	ldr	r0, [pc, #668]	@ (6e60 <loop+0x18b8>)
    6bc2:	f000 fe11 	bl	77e8 <Print::println()>
    6bc6:	214a      	movs	r1, #74	@ 0x4a
    6bc8:	48a7      	ldr	r0, [pc, #668]	@ (6e68 <loop+0x18c0>)
    6bca:	f002 fb81 	bl	92d0 <usb_serial_write>
    6bce:	48a4      	ldr	r0, [pc, #656]	@ (6e60 <loop+0x18b8>)
    6bd0:	f000 fe0a 	bl	77e8 <Print::println()>
    if (ndec > 0) {
    6bd4:	f7fe bdcf 	b.w	5776 <loop+0x1ce>
    6bd8:	211e      	movs	r1, #30
    6bda:	48a4      	ldr	r0, [pc, #656]	@ (6e6c <loop+0x18c4>)
    6bdc:	f002 fb78 	bl	92d0 <usb_serial_write>
	size_t print(int n)				{ return print((long)n); }
    6be0:	4621      	mov	r1, r4
    6be2:	489f      	ldr	r0, [pc, #636]	@ (6e60 <loop+0x18b8>)
    6be4:	f000 fdf4 	bl	77d0 <Print::print(long)>
        virtual size_t write(uint8_t c) { return usb_serial_putchar(c); }
    6be8:	202f      	movs	r0, #47	@ 0x2f
    6bea:	f002 fb5d 	bl	92a8 <usb_serial_putchar>
	size_t print(uint8_t b)				{ return printNumber(b, 10, 0); }
    6bee:	9901      	ldr	r1, [sp, #4]
    6bf0:	4623      	mov	r3, r4
    6bf2:	220a      	movs	r2, #10
    6bf4:	7809      	ldrb	r1, [r1, #0]
    6bf6:	489a      	ldr	r0, [pc, #616]	@ (6e60 <loop+0x18b8>)
    6bf8:	f000 fe04 	bl	7804 <Print::printNumber(unsigned long, unsigned char, unsigned char)>
	size_t println(uint8_t b)			{ return print(b) + println(); }
    6bfc:	4898      	ldr	r0, [pc, #608]	@ (6e60 <loop+0x18b8>)
    6bfe:	f000 fdf3 	bl	77e8 <Print::println()>
        virtual size_t write(const uint8_t *buffer, size_t size) { return usb_serial_write(buffer, size); }
    6c02:	2148      	movs	r1, #72	@ 0x48
    6c04:	489a      	ldr	r0, [pc, #616]	@ (6e70 <loop+0x18c8>)
    6c06:	f002 fb63 	bl	92d0 <usb_serial_write>
	size_t println(const __FlashStringHelper *f)	{ return print(f) + println(); }
    6c0a:	4895      	ldr	r0, [pc, #596]	@ (6e60 <loop+0x18b8>)
    6c0c:	f000 fdec 	bl	77e8 <Print::println()>
    6c10:	2144      	movs	r1, #68	@ 0x44
    6c12:	4898      	ldr	r0, [pc, #608]	@ (6e74 <loop+0x18cc>)
    6c14:	f002 fb5c 	bl	92d0 <usb_serial_write>
    6c18:	4891      	ldr	r0, [pc, #580]	@ (6e60 <loop+0x18b8>)
    6c1a:	f000 fde5 	bl	77e8 <Print::println()>
    6c1e:	2145      	movs	r1, #69	@ 0x45
    6c20:	4895      	ldr	r0, [pc, #596]	@ (6e78 <loop+0x18d0>)
    6c22:	f002 fb55 	bl	92d0 <usb_serial_write>
    6c26:	488e      	ldr	r0, [pc, #568]	@ (6e60 <loop+0x18b8>)
    6c28:	f000 fdde 	bl	77e8 <Print::println()>
    6c2c:	f7ff bbfd 	b.w	642a <loop+0xe82>
    Serial.println();
    6c30:	488b      	ldr	r0, [pc, #556]	@ (6e60 <loop+0x18b8>)
    6c32:	f000 fdd9 	bl	77e8 <Print::println()>
    6c36:	2142      	movs	r1, #66	@ 0x42
    6c38:	4890      	ldr	r0, [pc, #576]	@ (6e7c <loop+0x18d4>)
    6c3a:	f002 fb49 	bl	92d0 <usb_serial_write>
    6c3e:	4888      	ldr	r0, [pc, #544]	@ (6e60 <loop+0x18b8>)
    6c40:	f000 fdd2 	bl	77e8 <Print::println()>
    6c44:	2108      	movs	r1, #8
    6c46:	488e      	ldr	r0, [pc, #568]	@ (6e80 <loop+0x18d8>)
    6c48:	f002 fb42 	bl	92d0 <usb_serial_write>
	return systick_millis_count;
    6c4c:	4a8d      	ldr	r2, [pc, #564]	@ (6e84 <loop+0x18dc>)
    Serial.print(F("  soak, ")); Serial.print(millis() / 60000u);
    6c4e:	4b8e      	ldr	r3, [pc, #568]	@ (6e88 <loop+0x18e0>)
    6c50:	6811      	ldr	r1, [r2, #0]
	size_t print(unsigned long n)			{ return printNumber(n, 10, 0); }
    6c52:	220a      	movs	r2, #10
    6c54:	4882      	ldr	r0, [pc, #520]	@ (6e60 <loop+0x18b8>)
    6c56:	fba3 3101 	umull	r3, r1, r3, r1
    6c5a:	2300      	movs	r3, #0
    6c5c:	0b89      	lsrs	r1, r1, #14
    6c5e:	f000 fdd1 	bl	7804 <Print::printNumber(unsigned long, unsigned char, unsigned char)>
    6c62:	2106      	movs	r1, #6
    6c64:	4889      	ldr	r0, [pc, #548]	@ (6e8c <loop+0x18e4>)
    6c66:	f002 fb33 	bl	92d0 <usb_serial_write>
    6c6a:	4989      	ldr	r1, [pc, #548]	@ (6e90 <loop+0x18e8>)
    6c6c:	2300      	movs	r3, #0
    6c6e:	220a      	movs	r2, #10
    6c70:	6809      	ldr	r1, [r1, #0]
    6c72:	487b      	ldr	r0, [pc, #492]	@ (6e60 <loop+0x18b8>)
    6c74:	f000 fdc6 	bl	7804 <Print::printNumber(unsigned long, unsigned char, unsigned char)>
    6c78:	2113      	movs	r1, #19
    6c7a:	4886      	ldr	r0, [pc, #536]	@ (6e94 <loop+0x18ec>)
    6c7c:	f002 fb28 	bl	92d0 <usb_serial_write>
	size_t print(uint8_t b)				{ return printNumber(b, 10, 0); }
    6c80:	9c01      	ldr	r4, [sp, #4]
    6c82:	2300      	movs	r3, #0
    6c84:	220a      	movs	r2, #10
    6c86:	7821      	ldrb	r1, [r4, #0]
    6c88:	4875      	ldr	r0, [pc, #468]	@ (6e60 <loop+0x18b8>)
    6c8a:	f000 fdbb 	bl	7804 <Print::printNumber(unsigned long, unsigned char, unsigned char)>
    6c8e:	2106      	movs	r1, #6
    6c90:	4881      	ldr	r0, [pc, #516]	@ (6e98 <loop+0x18f0>)
    6c92:	f002 fb1d 	bl	92d0 <usb_serial_write>
	size_t println(const __FlashStringHelper *f)	{ return print(f) + println(); }
    6c96:	4872      	ldr	r0, [pc, #456]	@ (6e60 <loop+0x18b8>)
    6c98:	f000 fda6 	bl	77e8 <Print::println()>
    6c9c:	2142      	movs	r1, #66	@ 0x42
    6c9e:	4877      	ldr	r0, [pc, #476]	@ (6e7c <loop+0x18d4>)
    6ca0:	f002 fb16 	bl	92d0 <usb_serial_write>
    6ca4:	486e      	ldr	r0, [pc, #440]	@ (6e60 <loop+0x18b8>)
    6ca6:	f000 fd9f 	bl	77e8 <Print::println()>
    6caa:	2144      	movs	r1, #68	@ 0x44
    6cac:	487b      	ldr	r0, [pc, #492]	@ (6e9c <loop+0x18f4>)
    6cae:	f002 fb0f 	bl	92d0 <usb_serial_write>
    6cb2:	486b      	ldr	r0, [pc, #428]	@ (6e60 <loop+0x18b8>)
    6cb4:	f000 fd98 	bl	77e8 <Print::println()>
    for (int b = 0; b < g_nbank; b++) {
    6cb8:	7823      	ldrb	r3, [r4, #0]
    6cba:	2b00      	cmp	r3, #0
    6cbc:	f000 8153 	beq.w	6f66 <loop+0x19be>
    6cc0:	4b77      	ldr	r3, [pc, #476]	@ (6ea0 <loop+0x18f8>)
    6cc2:	4d78      	ldr	r5, [pc, #480]	@ (6ea4 <loop+0x18fc>)
    6cc4:	f8df 8204 	ldr.w	r8, [pc, #516]	@ 6ecc <loop+0x1924>
    6cc8:	4e77      	ldr	r6, [pc, #476]	@ (6ea8 <loop+0x1900>)
    6cca:	f8df b204 	ldr.w	fp, [pc, #516]	@ 6ed0 <loop+0x1928>
    6cce:	f8df a204 	ldr.w	sl, [pc, #516]	@ 6ed4 <loop+0x192c>
    6cd2:	f8df 9204 	ldr.w	r9, [pc, #516]	@ 6ed8 <loop+0x1930>
    6cd6:	4f75      	ldr	r7, [pc, #468]	@ (6eac <loop+0x1904>)
    6cd8:	930d      	str	r3, [sp, #52]	@ 0x34
    6cda:	e028      	b.n	6d2e <loop+0x1786>
            Serial.print(1e9f * (float)(double)sk_errs[b] / (float)(double)sk_bytes[b], 2);
    6cdc:	f002 fe12 	bl	9904 <__aeabi_ul2d>
    6ce0:	ec41 0b17 	vmov	d7, r0, r1
    6ce4:	eeb7 7bc7 	vcvt.f32.f64	s14, d7
    6ce8:	eddf 7a71 	vldr	s15, [pc, #452]	@ 6eb0 <loop+0x1908>
    6cec:	e955 0102 	ldrd	r0, r1, [r5, #-8]
    6cf0:	ee27 8a27 	vmul.f32	s16, s14, s15
    6cf4:	f002 fe06 	bl	9904 <__aeabi_ul2d>
    6cf8:	ec41 0b17 	vmov	d7, r0, r1
    6cfc:	eeb7 7bc7 	vcvt.f32.f64	s14, d7
	size_t print(double n, int digits = 2)		{ return printFloat(n, digits); }
    6d00:	2102      	movs	r1, #2
    6d02:	4857      	ldr	r0, [pc, #348]	@ (6e60 <loop+0x18b8>)
    6d04:	ee88 0a07 	vdiv.f32	s0, s16, s14
    6d08:	eeb7 0ac0 	vcvt.f64.f32	d0, s0
    6d0c:	f000 fd8c 	bl	7828 <Print::printFloat(double, unsigned char)>
    6d10:	210c      	movs	r1, #12
    6d12:	4868      	ldr	r0, [pc, #416]	@ (6eb4 <loop+0x190c>)
    6d14:	f002 fadc 	bl	92d0 <usb_serial_write>
	size_t println(const __FlashStringHelper *f)	{ return print(f) + println(); }
    6d18:	4851      	ldr	r0, [pc, #324]	@ (6e60 <loop+0x18b8>)
    6d1a:	f000 fd65 	bl	77e8 <Print::println()>
    for (int b = 0; b < g_nbank; b++) {
    6d1e:	9a04      	ldr	r2, [sp, #16]
    6d20:	9b01      	ldr	r3, [sp, #4]
    6d22:	3201      	adds	r2, #1
    6d24:	781b      	ldrb	r3, [r3, #0]
    6d26:	9204      	str	r2, [sp, #16]
    6d28:	429a      	cmp	r2, r3
    6d2a:	f280 811c 	bge.w	6f66 <loop+0x19be>
        const uint32_t mb = (uint32_t)(sk_bytes[b] >> 20);
    6d2e:	682b      	ldr	r3, [r5, #0]
    6d30:	2106      	movs	r1, #6
    6d32:	686a      	ldr	r2, [r5, #4]
    6d34:	3508      	adds	r5, #8
    6d36:	0d1b      	lsrs	r3, r3, #20
    6d38:	485f      	ldr	r0, [pc, #380]	@ (6eb8 <loop+0x1910>)
    6d3a:	ea43 3402 	orr.w	r4, r3, r2, lsl #12
    6d3e:	f002 fac7 	bl	92d0 <usb_serial_write>
	size_t print(int n)				{ return print((long)n); }
    6d42:	9904      	ldr	r1, [sp, #16]
    6d44:	4846      	ldr	r0, [pc, #280]	@ (6e60 <loop+0x18b8>)
    6d46:	f000 fd43 	bl	77d0 <Print::print(long)>
    6d4a:	2105      	movs	r1, #5
    6d4c:	485b      	ldr	r0, [pc, #364]	@ (6ebc <loop+0x1914>)
    6d4e:	f002 fabf 	bl	92d0 <usb_serial_write>
        if (NOPS[g_wi[b]] < 10) Serial.print(' ');
    6d52:	f818 3b01 	ldrb.w	r3, [r8], #1
    6d56:	9a0d      	ldr	r2, [sp, #52]	@ 0x34
    6d58:	f852 1023 	ldr.w	r1, [r2, r3, lsl #2]
    6d5c:	2909      	cmp	r1, #9
    6d5e:	f340 80f9 	ble.w	6f54 <loop+0x19ac>
    6d62:	483f      	ldr	r0, [pc, #252]	@ (6e60 <loop+0x18b8>)
    6d64:	f000 fd34 	bl	77d0 <Print::print(long)>
        virtual size_t write(uint8_t c) { return usb_serial_putchar(c); }
    6d68:	202f      	movs	r0, #47	@ 0x2f
    6d6a:	f002 fa9d 	bl	92a8 <usb_serial_putchar>
        Serial.print(NOPS[g_ri[b]]);
    6d6e:	783b      	ldrb	r3, [r7, #0]
    6d70:	9a0d      	ldr	r2, [sp, #52]	@ 0x34
    6d72:	483b      	ldr	r0, [pc, #236]	@ (6e60 <loop+0x18b8>)
    6d74:	f852 1023 	ldr.w	r1, [r2, r3, lsl #2]
    6d78:	f000 fd2a 	bl	77d0 <Print::print(long)>
        if (NOPS[g_ri[b]] < 10) Serial.print(' ');
    6d7c:	f817 3b01 	ldrb.w	r3, [r7], #1
    6d80:	9a0d      	ldr	r2, [sp, #52]	@ 0x34
    6d82:	f852 3023 	ldr.w	r3, [r2, r3, lsl #2]
    6d86:	2b09      	cmp	r3, #9
    6d88:	f340 80e0 	ble.w	6f4c <loop+0x19a4>
        virtual size_t write(const uint8_t *buffer, size_t size) { return usb_serial_write(buffer, size); }
    6d8c:	2105      	movs	r1, #5
    6d8e:	484b      	ldr	r0, [pc, #300]	@ (6ebc <loop+0x1914>)
    6d90:	f002 fa9e 	bl	92d0 <usb_serial_write>
    6d94:	f83a 1b02 	ldrh.w	r1, [sl], #2
    6d98:	4831      	ldr	r0, [pc, #196]	@ (6e60 <loop+0x18b8>)
    6d9a:	f000 fd19 	bl	77d0 <Print::print(long)>
    6d9e:	2105      	movs	r1, #5
    6da0:	4847      	ldr	r0, [pc, #284]	@ (6ec0 <loop+0x1918>)
    6da2:	f002 fa95 	bl	92d0 <usb_serial_write>
    6da6:	f839 1b02 	ldrh.w	r1, [r9], #2
    6daa:	482d      	ldr	r0, [pc, #180]	@ (6e60 <loop+0x18b8>)
    6dac:	f000 fd10 	bl	77d0 <Print::print(long)>
    6db0:	2106      	movs	r1, #6
    6db2:	4841      	ldr	r0, [pc, #260]	@ (6eb8 <loop+0x1910>)
    6db4:	f002 fa8c 	bl	92d0 <usb_serial_write>
        if (mb < 10000) Serial.print(' ');
    6db8:	f242 730f 	movw	r3, #9999	@ 0x270f
    6dbc:	429c      	cmp	r4, r3
    6dbe:	f240 80ae 	bls.w	6f1e <loop+0x1976>
	size_t print(unsigned long n)			{ return printNumber(n, 10, 0); }
    6dc2:	2300      	movs	r3, #0
    6dc4:	220a      	movs	r2, #10
    6dc6:	4621      	mov	r1, r4
    6dc8:	4825      	ldr	r0, [pc, #148]	@ (6e60 <loop+0x18b8>)
    6dca:	f000 fd1b 	bl	7804 <Print::printNumber(unsigned long, unsigned char, unsigned char)>
    6dce:	2106      	movs	r1, #6
    6dd0:	4839      	ldr	r0, [pc, #228]	@ (6eb8 <loop+0x1910>)
    6dd2:	f002 fa7d 	bl	92d0 <usb_serial_write>
    6dd6:	2300      	movs	r3, #0
    6dd8:	220a      	movs	r2, #10
    6dda:	6831      	ldr	r1, [r6, #0]
    6ddc:	4820      	ldr	r0, [pc, #128]	@ (6e60 <loop+0x18b8>)
    6dde:	f000 fd11 	bl	7804 <Print::printNumber(unsigned long, unsigned char, unsigned char)>
    6de2:	2106      	movs	r1, #6
    6de4:	4834      	ldr	r0, [pc, #208]	@ (6eb8 <loop+0x1910>)
    6de6:	f002 fa73 	bl	92d0 <usb_serial_write>
    6dea:	2300      	movs	r3, #0
    6dec:	220a      	movs	r2, #10
    6dee:	f85b 1b04 	ldr.w	r1, [fp], #4
    6df2:	481b      	ldr	r0, [pc, #108]	@ (6e60 <loop+0x18b8>)
    6df4:	f000 fd06 	bl	7804 <Print::printNumber(unsigned long, unsigned char, unsigned char)>
    6df8:	2106      	movs	r1, #6
    6dfa:	482f      	ldr	r0, [pc, #188]	@ (6eb8 <loop+0x1910>)
    6dfc:	f002 fa68 	bl	92d0 <usb_serial_write>
        if (sk_errs[b]) {
    6e00:	f856 0b08 	ldr.w	r0, [r6], #8
    6e04:	f856 1c04 	ldr.w	r1, [r6, #-4]
    6e08:	ea50 0301 	orrs.w	r3, r0, r1
    6e0c:	f47f af66 	bne.w	6cdc <loop+0x1734>
    6e10:	2106      	movs	r1, #6
    6e12:	482c      	ldr	r0, [pc, #176]	@ (6ec4 <loop+0x191c>)
    6e14:	f002 fa5c 	bl	92d0 <usb_serial_write>
            Serial.print(1e9f / (float)(double)sk_bytes[b], 2);
    6e18:	e955 0102 	ldrd	r0, r1, [r5, #-8]
    6e1c:	f002 fd72 	bl	9904 <__aeabi_ul2d>
    6e20:	ec41 0b17 	vmov	d7, r0, r1
    6e24:	eeb7 7bc7 	vcvt.f32.f64	s14, d7
    6e28:	eddf 7a21 	vldr	s15, [pc, #132]	@ 6eb0 <loop+0x1908>
	size_t print(double n, int digits = 2)		{ return printFloat(n, digits); }
    6e2c:	2102      	movs	r1, #2
    6e2e:	480c      	ldr	r0, [pc, #48]	@ (6e60 <loop+0x18b8>)
    6e30:	ee87 0a87 	vdiv.f32	s0, s15, s14
    6e34:	eeb7 0ac0 	vcvt.f64.f32	d0, s0
    6e38:	f000 fcf6 	bl	7828 <Print::printFloat(double, unsigned char)>
    6e3c:	2113      	movs	r1, #19
    6e3e:	4822      	ldr	r0, [pc, #136]	@ (6ec8 <loop+0x1920>)
    6e40:	f002 fa46 	bl	92d0 <usb_serial_write>
	size_t println(const __FlashStringHelper *f)	{ return print(f) + println(); }
    6e44:	4806      	ldr	r0, [pc, #24]	@ (6e60 <loop+0x18b8>)
    6e46:	f000 fccf 	bl	77e8 <Print::println()>
    6e4a:	e768      	b.n	6d1e <loop+0x1776>
    6e4c:	20000430 	.word	0x20000430
    6e50:	20001c60 	.word	0x20001c60
    6e54:	2000043c 	.word	0x2000043c
    6e58:	200080a3 	.word	0x200080a3
    6e5c:	20000928 	.word	0x20000928
    6e60:	20001c50 	.word	0x20001c50
    6e64:	20000974 	.word	0x20000974
    6e68:	200009c0 	.word	0x200009c0
    6e6c:	20001080 	.word	0x20001080
    6e70:	200011c0 	.word	0x200011c0
    6e74:	2000120c 	.word	0x2000120c
    6e78:	20001254 	.word	0x20001254
    6e7c:	20000528 	.word	0x20000528
    6e80:	2000056c 	.word	0x2000056c
    6e84:	2000807c 	.word	0x2000807c
    6e88:	45e7b273 	.word	0x45e7b273
    6e8c:	20000578 	.word	0x20000578
    6e90:	20007e20 	.word	0x20007e20
    6e94:	20000580 	.word	0x20000580
    6e98:	20000594 	.word	0x20000594
    6e9c:	2000059c 	.word	0x2000059c
    6ea0:	2000148c 	.word	0x2000148c
    6ea4:	20006cf0 	.word	0x20006cf0
    6ea8:	20006ca0 	.word	0x20006ca0
    6eac:	20006df8 	.word	0x20006df8
    6eb0:	4e6e6b28 	.word	0x4e6e6b28
    6eb4:	20000780 	.word	0x20000780
    6eb8:	200003b8 	.word	0x200003b8
    6ebc:	20000770 	.word	0x20000770
    6ec0:	20000778 	.word	0x20000778
    6ec4:	20000790 	.word	0x20000790
    6ec8:	20000798 	.word	0x20000798
    6ecc:	20006e04 	.word	0x20006e04
    6ed0:	20007e38 	.word	0x20007e38
    6ed4:	20006dbc 	.word	0x20006dbc
    6ed8:	20007e24 	.word	0x20007e24
    6edc:	2107      	movs	r1, #7
    6ede:	4846      	ldr	r0, [pc, #280]	@ (6ff8 <loop+0x1a50>)
    6ee0:	f002 f9f6 	bl	92d0 <usb_serial_write>
	size_t print(int n)				{ return print((long)n); }
    6ee4:	9900      	ldr	r1, [sp, #0]
    6ee6:	4845      	ldr	r0, [pc, #276]	@ (6ffc <loop+0x1a54>)
    6ee8:	f000 fc72 	bl	77d0 <Print::print(long)>
    6eec:	2141      	movs	r1, #65	@ 0x41
    6eee:	4844      	ldr	r0, [pc, #272]	@ (7000 <loop+0x1a58>)
    6ef0:	f002 f9ee 	bl	92d0 <usb_serial_write>
	size_t println(const __FlashStringHelper *f)	{ return print(f) + println(); }
    6ef4:	4841      	ldr	r0, [pc, #260]	@ (6ffc <loop+0x1a54>)
    6ef6:	f000 fc77 	bl	77e8 <Print::println()>
    6efa:	2144      	movs	r1, #68	@ 0x44
    6efc:	4841      	ldr	r0, [pc, #260]	@ (7004 <loop+0x1a5c>)
    6efe:	f002 f9e7 	bl	92d0 <usb_serial_write>
    6f02:	483e      	ldr	r0, [pc, #248]	@ (6ffc <loop+0x1a54>)
    6f04:	f000 fc70 	bl	77e8 <Print::println()>
                sk_bytes[b] = 0; sk_errs[b] = 0; sk_worst[b] = 0;
    6f08:	2300      	movs	r3, #0
    6f0a:	9a02      	ldr	r2, [sp, #8]
    6f0c:	6013      	str	r3, [r2, #0]
    6f0e:	2200      	movs	r2, #0
    6f10:	2300      	movs	r3, #0
    6f12:	e9c8 2300 	strd	r2, r3, [r8]
    6f16:	e9ca 2300 	strd	r2, r3, [sl]
                continue;
    6f1a:	f7ff bbf0 	b.w	66fe <loop+0x1156>
        virtual size_t write(uint8_t c) { return usb_serial_putchar(c); }
    6f1e:	2020      	movs	r0, #32
    6f20:	f002 f9c2 	bl	92a8 <usb_serial_putchar>
        if (mb < 1000)  Serial.print(' ');
    6f24:	f5b4 7f7a 	cmp.w	r4, #1000	@ 0x3e8
    6f28:	f4bf af4b 	bcs.w	6dc2 <loop+0x181a>
    6f2c:	2020      	movs	r0, #32
    6f2e:	f002 f9bb 	bl	92a8 <usb_serial_putchar>
        if (mb < 100)   Serial.print(' ');
    6f32:	2c63      	cmp	r4, #99	@ 0x63
    6f34:	f63f af45 	bhi.w	6dc2 <loop+0x181a>
    6f38:	2020      	movs	r0, #32
    6f3a:	f002 f9b5 	bl	92a8 <usb_serial_putchar>
        if (mb < 10)    Serial.print(' ');
    6f3e:	2c09      	cmp	r4, #9
    6f40:	f63f af3f 	bhi.w	6dc2 <loop+0x181a>
    6f44:	2020      	movs	r0, #32
    6f46:	f002 f9af 	bl	92a8 <usb_serial_putchar>
    6f4a:	e73a      	b.n	6dc2 <loop+0x181a>
    6f4c:	2020      	movs	r0, #32
    6f4e:	f002 f9ab 	bl	92a8 <usb_serial_putchar>
    6f52:	e71b      	b.n	6d8c <loop+0x17e4>
    6f54:	2020      	movs	r0, #32
    6f56:	f002 f9a7 	bl	92a8 <usb_serial_putchar>
        Serial.print(NOPS[g_wi[b]]); Serial.print('/');
    6f5a:	f818 3c01 	ldrb.w	r3, [r8, #-1]
    6f5e:	9a0d      	ldr	r2, [sp, #52]	@ 0x34
    6f60:	f852 1023 	ldr.w	r1, [r2, r3, lsl #2]
    6f64:	e6fd      	b.n	6d62 <loop+0x17ba>
        virtual size_t write(const uint8_t *buffer, size_t size) { return usb_serial_write(buffer, size); }
    6f66:	214c      	movs	r1, #76	@ 0x4c
    6f68:	4827      	ldr	r0, [pc, #156]	@ (7008 <loop+0x1a60>)
    6f6a:	f002 f9b1 	bl	92d0 <usb_serial_write>
    6f6e:	4823      	ldr	r0, [pc, #140]	@ (6ffc <loop+0x1a54>)
    6f70:	f000 fc3a 	bl	77e8 <Print::println()>
    6f74:	214f      	movs	r1, #79	@ 0x4f
    6f76:	4825      	ldr	r0, [pc, #148]	@ (700c <loop+0x1a64>)
    6f78:	f002 f9aa 	bl	92d0 <usb_serial_write>
    6f7c:	481f      	ldr	r0, [pc, #124]	@ (6ffc <loop+0x1a54>)
    6f7e:	f000 fc33 	bl	77e8 <Print::println()>
    6f82:	2150      	movs	r1, #80	@ 0x50
    6f84:	4822      	ldr	r0, [pc, #136]	@ (7010 <loop+0x1a68>)
    6f86:	f002 f9a3 	bl	92d0 <usb_serial_write>
    6f8a:	481c      	ldr	r0, [pc, #112]	@ (6ffc <loop+0x1a54>)
    6f8c:	f000 fc2c 	bl	77e8 <Print::println()>
    6f90:	214d      	movs	r1, #77	@ 0x4d
    6f92:	4820      	ldr	r0, [pc, #128]	@ (7014 <loop+0x1a6c>)
    6f94:	f002 f99c 	bl	92d0 <usb_serial_write>
    6f98:	4818      	ldr	r0, [pc, #96]	@ (6ffc <loop+0x1a54>)
    6f9a:	f000 fc25 	bl	77e8 <Print::println()>
    6f9e:	2146      	movs	r1, #70	@ 0x46
    6fa0:	481d      	ldr	r0, [pc, #116]	@ (7018 <loop+0x1a70>)
    6fa2:	f002 f995 	bl	92d0 <usb_serial_write>
    6fa6:	4815      	ldr	r0, [pc, #84]	@ (6ffc <loop+0x1a54>)
}
    6fa8:	b01b      	add	sp, #108	@ 0x6c
    6faa:	ecbd 8b06 	vpop	{d8-d10}
    6fae:	e8bd 4ff0 	ldmia.w	sp!, {r4, r5, r6, r7, r8, r9, sl, fp, lr}
    6fb2:	f000 bc19 	b.w	77e8 <Print::println()>
                if (len > 2) kb = (uint32_t)atol(line + 1);
    6fb6:	3001      	adds	r0, #1
    6fb8:	f002 fe84 	bl	9cc4 <atol>
                if (kb < 8) kb = 8;
    6fbc:	2807      	cmp	r0, #7
    6fbe:	d90f      	bls.n	6fe0 <loop+0x1a38>
                if (kb > 8192) kb = 8192;
    6fc0:	f5b0 5f00 	cmp.w	r0, #8192	@ 0x2000
    6fc4:	bf28      	it	cs
    6fc6:	f44f 5000 	movcs.w	r0, #8192	@ 0x2000
                const int32_t part = run_shard(kb * 1024u, &us, &by);
    6fca:	0286      	lsls	r6, r0, #10
    6fcc:	e49b      	b.n	6906 <loop+0x135e>
    6fce:	2143      	movs	r1, #67	@ 0x43
    6fd0:	4812      	ldr	r0, [pc, #72]	@ (701c <loop+0x1a74>)
    6fd2:	f002 f97d 	bl	92d0 <usb_serial_write>
    6fd6:	4809      	ldr	r0, [pc, #36]	@ (6ffc <loop+0x1a54>)
    6fd8:	f000 fc06 	bl	77e8 <Print::println()>
    6fdc:	f7fe bcc8 	b.w	5970 <loop+0x3c8>
    6fe0:	f44f 5600 	mov.w	r6, #8192	@ 0x2000
    6fe4:	e48f      	b.n	6906 <loop+0x135e>
    for (int b = 0; b < g_nbank; b++) {
    6fe6:	ed9f 8a0e 	vldr	s16, [pc, #56]	@ 7020 <loop+0x1a78>
    6fea:	eeb0 7a48 	vmov.f32	s14, s16
    6fee:	f7ff b889 	b.w	6104 <loop+0xb5c>
    int32_t total = 0;
    6ff2:	46a9      	mov	r9, r5
    6ff4:	e534      	b.n	6a60 <loop+0x14b8>
    6ff6:	bf00      	nop
    6ff8:	20000374 	.word	0x20000374
    6ffc:	20001c50 	.word	0x20001c50
    7000:	20000444 	.word	0x20000444
    7004:	20000488 	.word	0x20000488
    7008:	200005e4 	.word	0x200005e4
    700c:	20000634 	.word	0x20000634
    7010:	20000684 	.word	0x20000684
    7014:	200006d8 	.word	0x200006d8
    7018:	20000728 	.word	0x20000728
    701c:	20000d90 	.word	0x20000d90
    7020:	00000000 	.word	0x00000000

00007024 <HardwareSerialIMXRT::operator bool()>:
	virtual void begin(uint32_t baud, uint32_t format) {
					  serial_begin(BAUD2DIV(baud));
					  serial_format(format); }
	*/

	operator bool()			{ return true; }
    7024:	2001      	movs	r0, #1
    7026:	4770      	bx	lr

00007028 <HardwareSerialIMXRT::availableForWrite()>:

int HardwareSerialIMXRT::availableForWrite(void)
{
	uint32_t head, tail;

	head = tx_buffer_head_;
    7028:	f8b0 3046 	ldrh.w	r3, [r0, #70]	@ 0x46
	tail = tx_buffer_tail_;
    702c:	f8b0 2048 	ldrh.w	r2, [r0, #72]	@ 0x48
	head = tx_buffer_head_;
    7030:	b29b      	uxth	r3, r3
	tail = tx_buffer_tail_;
    7032:	b292      	uxth	r2, r2
	if (head >= tail) return tx_buffer_total_size_ - 1 - head + tail;
    7034:	4293      	cmp	r3, r2
    7036:	d202      	bcs.n	703e <HardwareSerialIMXRT::availableForWrite()+0x16>
	return tail - head - 1;
    7038:	3a01      	subs	r2, #1
    703a:	1ad0      	subs	r0, r2, r3
}
    703c:	4770      	bx	lr
	if (head >= tail) return tx_buffer_total_size_ - 1 - head + tail;
    703e:	6b41      	ldr	r1, [r0, #52]	@ 0x34
    7040:	3901      	subs	r1, #1
    7042:	440a      	add	r2, r1
    7044:	1ad0      	subs	r0, r2, r3
    7046:	4770      	bx	lr

00007048 <HardwareSerialIMXRT::available()>:



int HardwareSerialIMXRT::available(void)
{
	IMXRT_LPUART_t *port = (IMXRT_LPUART_t *)port_addr;
    7048:	6901      	ldr	r1, [r0, #16]
	uint32_t head, tail;

	// WATER> 0 so IDLE involved may want to check if port has already has RX data to retrieve
	__disable_irq();
    704a:	b672      	cpsid	i
	head = rx_buffer_head_;
    704c:	f8b0 204a 	ldrh.w	r2, [r0, #74]	@ 0x4a
	tail = rx_buffer_tail_;
    7050:	f8b0 304c 	ldrh.w	r3, [r0, #76]	@ 0x4c
	head = rx_buffer_head_;
    7054:	b292      	uxth	r2, r2
	tail = rx_buffer_tail_;
    7056:	b29b      	uxth	r3, r3
	int avail;
	if (head >= tail) avail = head - tail;
    7058:	429a      	cmp	r2, r3
	else avail = rx_buffer_total_size_ + head - tail;	
    705a:	bf3c      	itt	cc
    705c:	6b80      	ldrcc	r0, [r0, #56]	@ 0x38
    705e:	1812      	addcc	r2, r2, r0
	avail += (port->WATER >> 24) & 0x7;
    7060:	6ac8      	ldr	r0, [r1, #44]	@ 0x2c
	else avail = rx_buffer_total_size_ + head - tail;	
    7062:	1ad3      	subs	r3, r2, r3
	__enable_irq();
    7064:	b662      	cpsie	i
	avail += (port->WATER >> 24) & 0x7;
    7066:	f3c0 6002 	ubfx	r0, r0, #24, #3
	return avail;
}
    706a:	4418      	add	r0, r3
    706c:	4770      	bx	lr
    706e:	bf00      	nop

00007070 <HardwareSerialIMXRT::peek()>:
int HardwareSerialIMXRT::peek(void)
{
	IMXRT_LPUART_t *port = (IMXRT_LPUART_t *)port_addr;
	uint32_t head, tail;

	head = rx_buffer_head_;
    7070:	f8b0 104a 	ldrh.w	r1, [r0, #74]	@ 0x4a
{
    7074:	4602      	mov	r2, r0
	tail = rx_buffer_tail_;
    7076:	f8b0 304c 	ldrh.w	r3, [r0, #76]	@ 0x4c
	head = rx_buffer_head_;
    707a:	b289      	uxth	r1, r1
	tail = rx_buffer_tail_;
    707c:	b29b      	uxth	r3, r3
	if (head == tail) {
    707e:	4299      	cmp	r1, r3
    7080:	d010      	beq.n	70a4 <HardwareSerialIMXRT::peek()+0x34>
			return c;
		}
		__enable_irq();

	} 
	if (++tail >= rx_buffer_total_size_) tail = 0;
    7082:	3301      	adds	r3, #1
    7084:	6b90      	ldr	r0, [r2, #56]	@ 0x38
	if (tail < rx_buffer_size_) {
    7086:	6b11      	ldr	r1, [r2, #48]	@ 0x30
	if (++tail >= rx_buffer_total_size_) tail = 0;
    7088:	4298      	cmp	r0, r3
    708a:	bf98      	it	ls
    708c:	2300      	movls	r3, #0
	if (tail < rx_buffer_size_) {
    708e:	4299      	cmp	r1, r3
    7090:	d903      	bls.n	709a <HardwareSerialIMXRT::peek()+0x2a>
		return rx_buffer_[tail];
    7092:	6a12      	ldr	r2, [r2, #32]
    7094:	5cd0      	ldrb	r0, [r2, r3]
    7096:	b2c0      	uxtb	r0, r0
    7098:	4770      	bx	lr
	} else {
		return rx_buffer_storage_[tail-rx_buffer_size_];
    709a:	1a5b      	subs	r3, r3, r1
    709c:	6a52      	ldr	r2, [r2, #36]	@ 0x24
    709e:	5cd0      	ldrb	r0, [r2, r3]
    70a0:	b2c0      	uxtb	r0, r0
	}
}
    70a2:	4770      	bx	lr
	IMXRT_LPUART_t *port = (IMXRT_LPUART_t *)port_addr;
    70a4:	f8d0 c010 	ldr.w	ip, [r0, #16]
		__disable_irq();
    70a8:	b672      	cpsid	i
		head = rx_buffer_head_;  // reread head to make sure no ISR happened
    70aa:	f8b0 004a 	ldrh.w	r0, [r0, #74]	@ 0x4a
    70ae:	b280      	uxth	r0, r0
		if (head == tail) {
    70b0:	4281      	cmp	r1, r0
    70b2:	d001      	beq.n	70b8 <HardwareSerialIMXRT::peek()+0x48>
		__enable_irq();
    70b4:	b662      	cpsie	i
    70b6:	e7e4      	b.n	7082 <HardwareSerialIMXRT::peek()+0x12>
			if (port->WATER & 0x7000000) {
    70b8:	f8dc 302c 	ldr.w	r3, [ip, #44]	@ 0x2c
    70bc:	f013 6fe0 	tst.w	r3, #117440512	@ 0x7000000
    70c0:	d103      	bne.n	70ca <HardwareSerialIMXRT::peek()+0x5a>
			int c = -1;	// assume nothing to return
    70c2:	f04f 30ff 	mov.w	r0, #4294967295
			__enable_irq();
    70c6:	b662      	cpsie	i
			return c;
    70c8:	4770      	bx	lr
				c = port->DATA & 0x3ff;		// Use only up to 10 bits of data
    70ca:	f8dc 001c 	ldr.w	r0, [ip, #28]
				rx_buffer_tail_ = 0; 
    70ce:	2100      	movs	r1, #0
				rx_buffer_head_ = 1;
    70d0:	f04f 0c01 	mov.w	ip, #1
				rx_buffer_[1] = c;
    70d4:	6a13      	ldr	r3, [r2, #32]
    70d6:	f3c0 0009 	ubfx	r0, r0, #0, #10
				rx_buffer_head_ = 1;
    70da:	f8a2 c04a 	strh.w	ip, [r2, #74]	@ 0x4a
				rx_buffer_tail_ = 0; 
    70de:	f8a2 104c 	strh.w	r1, [r2, #76]	@ 0x4c
				rx_buffer_[1] = c;
    70e2:	7058      	strb	r0, [r3, #1]
    70e4:	e7ef      	b.n	70c6 <HardwareSerialIMXRT::peek()+0x56>
    70e6:	bf00      	nop

000070e8 <HardwareSerialIMXRT::read()>:
{
	IMXRT_LPUART_t *port = (IMXRT_LPUART_t *)port_addr;
	uint32_t head, tail;
	int c;

	head = rx_buffer_head_;
    70e8:	f8b0 c04a 	ldrh.w	ip, [r0, #74]	@ 0x4a
{
    70ec:	4601      	mov	r1, r0
	tail = rx_buffer_tail_;
    70ee:	f8b0 304c 	ldrh.w	r3, [r0, #76]	@ 0x4c
	head = rx_buffer_head_;
    70f2:	fa1f fc8c 	uxth.w	ip, ip
	tail = rx_buffer_tail_;
    70f6:	b29b      	uxth	r3, r3
	if (head == tail) {
    70f8:	459c      	cmp	ip, r3
    70fa:	d025      	beq.n	7148 <HardwareSerialIMXRT::read()+0x60>
			return c;
		}
		__enable_irq();

	}
	if (++tail >= rx_buffer_total_size_) tail = 0;
    70fc:	3301      	adds	r3, #1
{
    70fe:	b510      	push	{r4, lr}
	if (++tail >= rx_buffer_total_size_) tail = 0;
    7100:	f8d1 e038 	ldr.w	lr, [r1, #56]	@ 0x38
    7104:	459e      	cmp	lr, r3
    7106:	d915      	bls.n	7134 <HardwareSerialIMXRT::read()+0x4c>
	if (tail < rx_buffer_size_) {
    7108:	6b0a      	ldr	r2, [r1, #48]	@ 0x30
		c = rx_buffer_[tail];
	} else {
		c = rx_buffer_storage_[tail-rx_buffer_size_];
	}
	rx_buffer_tail_ = tail;
    710a:	461c      	mov	r4, r3
	if (tail < rx_buffer_size_) {
    710c:	429a      	cmp	r2, r3
    710e:	d916      	bls.n	713e <HardwareSerialIMXRT::read()+0x56>
		c = rx_buffer_[tail];
    7110:	6a0a      	ldr	r2, [r1, #32]
    7112:	5cd2      	ldrb	r2, [r2, r3]
    7114:	b2d0      	uxtb	r0, r2
	if (rts_pin_baseReg_) {
    7116:	6d8a      	ldr	r2, [r1, #88]	@ 0x58
	rx_buffer_tail_ = tail;
    7118:	f8a1 404c 	strh.w	r4, [r1, #76]	@ 0x4c
	if (rts_pin_baseReg_) {
    711c:	b14a      	cbz	r2, 7132 <HardwareSerialIMXRT::read()+0x4a>
		uint32_t avail;
		if (head >= tail) avail = head - tail;
    711e:	459c      	cmp	ip, r3
    7120:	d31d      	bcc.n	715e <HardwareSerialIMXRT::read()+0x76>
    7122:	ebac 0303 	sub.w	r3, ip, r3
		else avail = rx_buffer_total_size_ + head - tail;

		if (avail <= rts_low_watermark_) rts_assert();
    7126:	6bcc      	ldr	r4, [r1, #60]	@ 0x3c
    7128:	429c      	cmp	r4, r3
    712a:	d302      	bcc.n	7132 <HardwareSerialIMXRT::read()+0x4a>
	DIRECT_WRITE_LOW(rts_pin_baseReg_, rts_pin_bitmask_);
    712c:	6dcb      	ldr	r3, [r1, #92]	@ 0x5c
    712e:	f8c2 3088 	str.w	r3, [r2, #136]	@ 0x88
	}
	return c;
}	
    7132:	bd10      	pop	{r4, pc}
    7134:	2400      	movs	r4, #0
	if (tail < rx_buffer_size_) {
    7136:	6b0a      	ldr	r2, [r1, #48]	@ 0x30
	if (++tail >= rx_buffer_total_size_) tail = 0;
    7138:	4623      	mov	r3, r4
	if (tail < rx_buffer_size_) {
    713a:	429a      	cmp	r2, r3
    713c:	d8e8      	bhi.n	7110 <HardwareSerialIMXRT::read()+0x28>
		c = rx_buffer_storage_[tail-rx_buffer_size_];
    713e:	6a48      	ldr	r0, [r1, #36]	@ 0x24
    7140:	1a9a      	subs	r2, r3, r2
    7142:	5c82      	ldrb	r2, [r0, r2]
    7144:	b2d0      	uxtb	r0, r2
    7146:	e7e6      	b.n	7116 <HardwareSerialIMXRT::read()+0x2e>
    7148:	4662      	mov	r2, ip
	IMXRT_LPUART_t *port = (IMXRT_LPUART_t *)port_addr;
    714a:	6900      	ldr	r0, [r0, #16]
		__disable_irq();
    714c:	b672      	cpsid	i
		head = rx_buffer_head_;  // reread head to make sure no ISR happened
    714e:	f8b1 c04a 	ldrh.w	ip, [r1, #74]	@ 0x4a
    7152:	fa1f fc8c 	uxth.w	ip, ip
		if (head == tail) {
    7156:	4562      	cmp	r2, ip
    7158:	d005      	beq.n	7166 <HardwareSerialIMXRT::read()+0x7e>
		__enable_irq();
    715a:	b662      	cpsie	i
    715c:	e7ce      	b.n	70fc <HardwareSerialIMXRT::read()+0x14>
		else avail = rx_buffer_total_size_ + head - tail;
    715e:	44e6      	add	lr, ip
    7160:	ebae 0303 	sub.w	r3, lr, r3
    7164:	e7df      	b.n	7126 <HardwareSerialIMXRT::read()+0x3e>
			if (port->WATER & 0x7000000) {
    7166:	6ac3      	ldr	r3, [r0, #44]	@ 0x2c
    7168:	f013 6fe0 	tst.w	r3, #117440512	@ 0x7000000
    716c:	d103      	bne.n	7176 <HardwareSerialIMXRT::read()+0x8e>
    716e:	f04f 30ff 	mov.w	r0, #4294967295
			__enable_irq();
    7172:	b662      	cpsie	i
}	
    7174:	4770      	bx	lr
				c = port->DATA & 0x3ff;		// Use only up to 10 bits of data
    7176:	69c0      	ldr	r0, [r0, #28]
    7178:	f3c0 0009 	ubfx	r0, r0, #0, #10
    717c:	e7f9      	b.n	7172 <HardwareSerialIMXRT::read()+0x8a>
    717e:	bf00      	nop

00007180 <HardwareSerialIMXRT::flush()>:

void HardwareSerialIMXRT::flush(void)
{
	while (transmitting_) yield(); // wait
    7180:	f890 3044 	ldrb.w	r3, [r0, #68]	@ 0x44
    7184:	b143      	cbz	r3, 7198 <HardwareSerialIMXRT::flush()+0x18>
{
    7186:	b510      	push	{r4, lr}
    7188:	4604      	mov	r4, r0
	while (transmitting_) yield(); // wait
    718a:	f002 f91d 	bl	93c8 <yield>
    718e:	f894 3044 	ldrb.w	r3, [r4, #68]	@ 0x44
    7192:	2b00      	cmp	r3, #0
    7194:	d1f9      	bne.n	718a <HardwareSerialIMXRT::flush()+0xa>
}
    7196:	bd10      	pop	{r4, pc}
    7198:	4770      	bx	lr
    719a:	bf00      	nop

0000719c <HardwareSerialIMXRT::end()>:
{
    719c:	b538      	push	{r3, r4, r5, lr}
	if (!(hardware->ccm_register & hardware->ccm_value)) return;
    719e:	6943      	ldr	r3, [r0, #20]
    71a0:	e9d3 1203 	ldrd	r1, r2, [r3, #12]
    71a4:	6809      	ldr	r1, [r1, #0]
    71a6:	4211      	tst	r1, r2
    71a8:	d02d      	beq.n	7206 <HardwareSerialIMXRT::end()+0x6a>
	IMXRT_LPUART_t *port = (IMXRT_LPUART_t *)port_addr;
    71aa:	6901      	ldr	r1, [r0, #16]
    71ac:	4604      	mov	r4, r0
	while (transmitting_) yield();  // wait for buffered data to send
    71ae:	f890 2044 	ldrb.w	r2, [r0, #68]	@ 0x44
	IMXRT_LPUART_t *port = (IMXRT_LPUART_t *)port_addr;
    71b2:	460d      	mov	r5, r1
	while (transmitting_) yield();  // wait for buffered data to send
    71b4:	b132      	cbz	r2, 71c4 <HardwareSerialIMXRT::end()+0x28>
    71b6:	f002 f907 	bl	93c8 <yield>
    71ba:	f894 3044 	ldrb.w	r3, [r4, #68]	@ 0x44
    71be:	2b00      	cmp	r3, #0
    71c0:	d1f9      	bne.n	71b6 <HardwareSerialIMXRT::end()+0x1a>
	*(portConfigRegister(hardware->rx_pins[rx_pin_index_].pin)) = 5;
    71c2:	6963      	ldr	r3, [r4, #20]
	port->CTRL = 0;	// disable the TX and RX ...
    71c4:	2100      	movs	r1, #0
	*(portConfigRegister(hardware->rx_pins[rx_pin_index_].pin)) = 5;
    71c6:	4a10      	ldr	r2, [pc, #64]	@ (7208 <HardwareSerialIMXRT::end()+0x6c>)
	port->CTRL = 0;	// disable the TX and RX ...
    71c8:	61a9      	str	r1, [r5, #24]
	*(portConfigRegister(hardware->rx_pins[rx_pin_index_].pin)) = 5;
    71ca:	7e20      	ldrb	r0, [r4, #24]
    71cc:	eb03 1000 	add.w	r0, r3, r0, lsl #4
    71d0:	7d00      	ldrb	r0, [r0, #20]
    71d2:	eb02 1000 	add.w	r0, r2, r0, lsl #4
    71d6:	f8d0 c004 	ldr.w	ip, [r0, #4]
    71da:	2005      	movs	r0, #5
    71dc:	f8cc 0000 	str.w	r0, [ip]
	*(portConfigRegister(hardware->tx_pins[tx_pin_index_].pin)) = 5;
    71e0:	f894 c019 	ldrb.w	ip, [r4, #25]
    71e4:	eb03 130c 	add.w	r3, r3, ip, lsl #4
    71e8:	f893 3034 	ldrb.w	r3, [r3, #52]	@ 0x34
    71ec:	eb02 1203 	add.w	r2, r2, r3, lsl #4
	if (rts_pin_baseReg_) rts_deassert();
    71f0:	6da3      	ldr	r3, [r4, #88]	@ 0x58
	*(portConfigRegister(hardware->tx_pins[tx_pin_index_].pin)) = 5;
    71f2:	6852      	ldr	r2, [r2, #4]
    71f4:	6010      	str	r0, [r2, #0]
	rx_buffer_head_ = 0;
    71f6:	f8a4 104a 	strh.w	r1, [r4, #74]	@ 0x4a
	rx_buffer_tail_ = 0;
    71fa:	f8a4 104c 	strh.w	r1, [r4, #76]	@ 0x4c
	if (rts_pin_baseReg_) rts_deassert();
    71fe:	b113      	cbz	r3, 7206 <HardwareSerialIMXRT::end()+0x6a>
	DIRECT_WRITE_HIGH(rts_pin_baseReg_, rts_pin_bitmask_);
    7200:	6de2      	ldr	r2, [r4, #92]	@ 0x5c
    7202:	f8c3 2084 	str.w	r2, [r3, #132]	@ 0x84
}
    7206:	bd38      	pop	{r3, r4, r5, pc}
    7208:	20001650 	.word	0x20001650

0000720c <HardwareSerialIMXRT::begin(unsigned long, unsigned short)>:
{
    720c:	ee07 1a90 	vmov	s15, r1
	float base = (float)UART_CLOCK / (float)baud;
    7210:	ed9f 7a94 	vldr	s14, [pc, #592]	@ 7464 <HardwareSerialIMXRT::begin(unsigned long, unsigned short)+0x258>
	for (int osr=4; osr <= 32; osr++) {
    7214:	2104      	movs	r1, #4
		int divint = (int)(div + 0.5f);
    7216:	eeb6 5a00 	vmov.f32	s10, #96	@ 0x3f000000  0.5
	float base = (float)UART_CLOCK / (float)baud;
    721a:	eef8 7a67 	vcvt.f32.u32	s15, s15
	float besterr = 1e20;
    721e:	ed9f 6a92 	vldr	s12, [pc, #584]	@ 7468 <HardwareSerialIMXRT::begin(unsigned long, unsigned short)+0x25c>
		else if (divint > 8191) divint = 8191;
    7222:	f641 7cff 	movw	ip, #8191	@ 0x1fff
	float base = (float)UART_CLOCK / (float)baud;
    7226:	eec7 5a27 	vdiv.f32	s11, s14, s15
{
    722a:	e92d 43f0 	stmdb	sp!, {r4, r5, r6, r7, r8, r9, lr}
    722e:	4615      	mov	r5, r2
	int bestosr = 4;
    7230:	468e      	mov	lr, r1
	int bestdiv = 1;
    7232:	2201      	movs	r2, #1
	IMXRT_LPUART_t *port = (IMXRT_LPUART_t *)port_addr;
    7234:	6904      	ldr	r4, [r0, #16]
		float div = base / (float)osr;
    7236:	ee07 1a90 	vmov	s15, r1
    723a:	eef8 7ae7 	vcvt.f32.s32	s15, s15
    723e:	ee85 7aa7 	vdiv.f32	s14, s11, s15
		int divint = (int)(div + 0.5f);
    7242:	ee77 7a05 	vadd.f32	s15, s14, s10
    7246:	eefd 7ae7 	vcvt.s32.f32	s15, s15
    724a:	ee17 3a90 	vmov	r3, s15
		else if (divint > 8191) divint = 8191;
    724e:	4563      	cmp	r3, ip
    7250:	bfa8      	it	ge
    7252:	4663      	movge	r3, ip
		if (divint < 1) divint = 1;
    7254:	2b01      	cmp	r3, #1
    7256:	bfb8      	it	lt
    7258:	2301      	movlt	r3, #1
		float err = ((float)divint - div) / div;
    725a:	ee07 3a90 	vmov	s15, r3
    725e:	eef8 6ae7 	vcvt.f32.s32	s13, s15
    7262:	ee76 6ac7 	vsub.f32	s13, s13, s14
    7266:	eec6 7a87 	vdiv.f32	s15, s13, s14
		if (err < 0.0f) err = -err;
    726a:	eef5 7ac0 	vcmpe.f32	s15, #0.0
    726e:	eef1 fa10 	vmrs	APSR_nzcv, fpscr
    7272:	d501      	bpl.n	7278 <HardwareSerialIMXRT::begin(unsigned long, unsigned short)+0x6c>
    7274:	eef1 7a67 	vneg.f32	s15, s15
		if (err <= besterr) {
    7278:	eef4 7ac6 	vcmpe.f32	s15, s12
    727c:	eef1 fa10 	vmrs	APSR_nzcv, fpscr
    7280:	d803      	bhi.n	728a <HardwareSerialIMXRT::begin(unsigned long, unsigned short)+0x7e>
			besterr = err;
    7282:	eeb0 6a67 	vmov.f32	s12, s15
			bestosr = osr;
    7286:	468e      	mov	lr, r1
			bestdiv = divint;
    7288:	461a      	mov	r2, r3
	for (int osr=4; osr <= 32; osr++) {
    728a:	3101      	adds	r1, #1
    728c:	2921      	cmp	r1, #33	@ 0x21
    728e:	d1d2      	bne.n	7236 <HardwareSerialIMXRT::begin(unsigned long, unsigned short)+0x2a>
	rts_low_watermark_ = rx_buffer_total_size_ - hardware->rts_low_watermark;
    7290:	6941      	ldr	r1, [r0, #20]
	rx_buffer_head_ = 0;
    7292:	2300      	movs	r3, #0
	rts_low_watermark_ = rx_buffer_total_size_ - hardware->rts_low_watermark;
    7294:	6b86      	ldr	r6, [r0, #56]	@ 0x38
    7296:	f8b1 7058 	ldrh.w	r7, [r1, #88]	@ 0x58
	rx_buffer_head_ = 0;
    729a:	f8a0 304a 	strh.w	r3, [r0, #74]	@ 0x4a
	rts_low_watermark_ = rx_buffer_total_size_ - hardware->rts_low_watermark;
    729e:	1bf7      	subs	r7, r6, r7
	rx_buffer_tail_ = 0;
    72a0:	f8a0 304c 	strh.w	r3, [r0, #76]	@ 0x4c
	tx_buffer_head_ = 0;
    72a4:	f8a0 3046 	strh.w	r3, [r0, #70]	@ 0x46
	rts_low_watermark_ = rx_buffer_total_size_ - hardware->rts_low_watermark;
    72a8:	63c7      	str	r7, [r0, #60]	@ 0x3c
	rts_high_watermark_ = rx_buffer_total_size_ - hardware->rts_high_watermark;
    72aa:	f8b1 705a 	ldrh.w	r7, [r1, #90]	@ 0x5a
	tx_buffer_tail_ = 0;
    72ae:	f8a0 3048 	strh.w	r3, [r0, #72]	@ 0x48
	rts_high_watermark_ = rx_buffer_total_size_ - hardware->rts_high_watermark;
    72b2:	1bf6      	subs	r6, r6, r7
	transmitting_ = 0;
    72b4:	f880 3044 	strb.w	r3, [r0, #68]	@ 0x44
	rts_high_watermark_ = rx_buffer_total_size_ - hardware->rts_high_watermark;
    72b8:	6406      	str	r6, [r0, #64]	@ 0x40
	hardware->ccm_register |= hardware->ccm_value;
    72ba:	e9d1 7603 	ldrd	r7, r6, [r1, #12]
    72be:	683b      	ldr	r3, [r7, #0]
    72c0:	4333      	orrs	r3, r6
	if (!half_duplex_mode_)  {
    72c2:	05ae      	lsls	r6, r5, #22
	hardware->ccm_register |= hardware->ccm_value;
    72c4:	603b      	str	r3, [r7, #0]
	half_duplex_mode_ = (format & SERIAL_HALF_DUPLEX) != 0;
    72c6:	f3c5 2340 	ubfx	r3, r5, #9, #1
    72ca:	7683      	strb	r3, [r0, #26]
	if (!half_duplex_mode_)  {
    72cc:	f100 80a5 	bmi.w	741a <HardwareSerialIMXRT::begin(unsigned long, unsigned short)+0x20e>
		*(portControlRegister(hardware->rx_pins[rx_pin_index_].pin)) = IOMUXC_PAD_DSE(7) | IOMUXC_PAD_PKE | IOMUXC_PAD_PUE | IOMUXC_PAD_PUS(3) | IOMUXC_PAD_HYS;
    72d0:	7e07      	ldrb	r7, [r0, #24]
    72d2:	f8df 81c0 	ldr.w	r8, [pc, #448]	@ 7494 <HardwareSerialIMXRT::begin(unsigned long, unsigned short)+0x288>
    72d6:	eb01 1707 	add.w	r7, r1, r7, lsl #4
    72da:	4b64      	ldr	r3, [pc, #400]	@ (746c <HardwareSerialIMXRT::begin(unsigned long, unsigned short)+0x260>)
    72dc:	f897 c014 	ldrb.w	ip, [r7, #20]
		if (hardware->rx_pins[rx_pin_index_].select_input_register) {
    72e0:	f8d7 901c 	ldr.w	r9, [r7, #28]
		*(portControlRegister(hardware->rx_pins[rx_pin_index_].pin)) = IOMUXC_PAD_DSE(7) | IOMUXC_PAD_PKE | IOMUXC_PAD_PUE | IOMUXC_PAD_PUS(3) | IOMUXC_PAD_HYS;
    72e4:	eb08 1c0c 	add.w	ip, r8, ip, lsl #4
    72e8:	f8dc 6008 	ldr.w	r6, [ip, #8]
		*(portConfigRegister(hardware->rx_pins[rx_pin_index_].pin)) = hardware->rx_pins[rx_pin_index_].mux_val;
    72ec:	f8dc c004 	ldr.w	ip, [ip, #4]
		*(portControlRegister(hardware->rx_pins[rx_pin_index_].pin)) = IOMUXC_PAD_DSE(7) | IOMUXC_PAD_PKE | IOMUXC_PAD_PUE | IOMUXC_PAD_PUS(3) | IOMUXC_PAD_HYS;
    72f0:	6033      	str	r3, [r6, #0]
		*(portConfigRegister(hardware->rx_pins[rx_pin_index_].pin)) = hardware->rx_pins[rx_pin_index_].mux_val;
    72f2:	69bb      	ldr	r3, [r7, #24]
    72f4:	f8cc 3000 	str.w	r3, [ip]
		if (hardware->rx_pins[rx_pin_index_].select_input_register) {
    72f8:	f1b9 0f00 	cmp.w	r9, #0
    72fc:	d002      	beq.n	7304 <HardwareSerialIMXRT::begin(unsigned long, unsigned short)+0xf8>
		 	*(hardware->rx_pins[rx_pin_index_].select_input_register) =  hardware->rx_pins[rx_pin_index_].select_val;		
    72fe:	6a3f      	ldr	r7, [r7, #32]
    7300:	f8c9 7000 	str.w	r7, [r9]
		*(portControlRegister(hardware->tx_pins[tx_pin_index_].pin)) =  IOMUXC_PAD_SRE | IOMUXC_PAD_DSE(3) | IOMUXC_PAD_SPEED(3);
    7304:	7e47      	ldrb	r7, [r0, #25]
    7306:	23d9      	movs	r3, #217	@ 0xd9
    7308:	eb01 1707 	add.w	r7, r1, r7, lsl #4
		*(portControlRegister(hardware->tx_pins[tx_pin_index_].pin)) =  IOMUXC_PAD_SRE | IOMUXC_PAD_DSE(3) | IOMUXC_PAD_SPEED(3) 
    730c:	f897 c034 	ldrb.w	ip, [r7, #52]	@ 0x34
    7310:	eb08 1c0c 	add.w	ip, r8, ip, lsl #4
    7314:	f8dc 6008 	ldr.w	r6, [ip, #8]
    7318:	6033      	str	r3, [r6, #0]
		*(portConfigRegister(hardware->tx_pins[tx_pin_index_].pin)) = hardware->tx_pins[tx_pin_index_].mux_val;
    731a:	6bbf      	ldr	r7, [r7, #56]	@ 0x38
    731c:	f8dc 3004 	ldr.w	r3, [ip, #4]
    7320:	601f      	str	r7, [r3, #0]
	if (hardware->tx_pins[tx_pin_index_].select_input_register) {
    7322:	7e43      	ldrb	r3, [r0, #25]
    7324:	eb01 1303 	add.w	r3, r1, r3, lsl #4
    7328:	6bdf      	ldr	r7, [r3, #60]	@ 0x3c
    732a:	b10f      	cbz	r7, 7330 <HardwareSerialIMXRT::begin(unsigned long, unsigned short)+0x124>
	 	*(hardware->tx_pins[tx_pin_index_].select_input_register) =  hardware->tx_pins[tx_pin_index_].select_val;		
    732c:	6c1b      	ldr	r3, [r3, #64]	@ 0x40
    732e:	603b      	str	r3, [r7, #0]
		| (bestosr <= 8 ? LPUART_BAUD_BOTHEDGE : 0);
    7330:	f1be 0f08 	cmp.w	lr, #8
	port->BAUD = LPUART_BAUD_OSR(bestosr - 1) | LPUART_BAUD_SBR(bestdiv)
    7334:	f10e 3cff 	add.w	ip, lr, #4294967295
		| (bestosr <= 8 ? LPUART_BAUD_BOTHEDGE : 0);
    7338:	bfcc      	ite	gt
    733a:	f04f 0e00 	movgt.w	lr, #0
    733e:	f04f 0e01 	movle.w	lr, #1
    7342:	ea42 434e 	orr.w	r3, r2, lr, lsl #17
	port->BAUD = LPUART_BAUD_OSR(bestosr - 1) | LPUART_BAUD_SBR(bestdiv)
    7346:	ea4f 620c 	mov.w	r2, ip, lsl #24
    734a:	f002 52f8 	and.w	r2, r2, #520093696	@ 0x1f000000
		| (bestosr <= 8 ? LPUART_BAUD_BOTHEDGE : 0);
    734e:	4313      	orrs	r3, r2
	port->PINCFG = 0;
    7350:	2200      	movs	r2, #0
	port->BAUD = LPUART_BAUD_OSR(bestosr - 1) | LPUART_BAUD_SBR(bestdiv)
    7352:	6123      	str	r3, [r4, #16]
static inline void attachInterruptVector(IRQ_NUMBER_t irq, void (*function)(void)) { _VectorsRam[irq + 16] = function; asm volatile("": : :"memory"); }
    7354:	784b      	ldrb	r3, [r1, #1]
	attachInterruptVector(hardware->irq, hardware->irq_handler);
    7356:	6849      	ldr	r1, [r1, #4]
    7358:	3310      	adds	r3, #16
	port->PINCFG = 0;
    735a:	60e2      	str	r2, [r4, #12]
    735c:	4a44      	ldr	r2, [pc, #272]	@ (7470 <HardwareSerialIMXRT::begin(unsigned long, unsigned short)+0x264>)
    735e:	f842 1023 	str.w	r1, [r2, r3, lsl #2]
	NVIC_SET_PRIORITY(hardware->irq, hardware->irq_priority);	// maybe should put into hardware...
    7362:	6942      	ldr	r2, [r0, #20]
	NVIC_ENABLE_IRQ(hardware->irq);
    7364:	f04f 0e01 	mov.w	lr, #1
	NVIC_SET_PRIORITY(hardware->irq, hardware->irq_priority);	// maybe should put into hardware...
    7368:	4942      	ldr	r1, [pc, #264]	@ (7474 <HardwareSerialIMXRT::begin(unsigned long, unsigned short)+0x268>)
	ctrl |= (format & (LPUART_CTRL_PT | LPUART_CTRL_PE) );	// configure parity - turn off PT, PE, M and configure PT, PE
    736a:	f005 0c03 	and.w	ip, r5, #3
	NVIC_SET_PRIORITY(hardware->irq, hardware->irq_priority);	// maybe should put into hardware...
    736e:	7857      	ldrb	r7, [r2, #1]
    7370:	f8b2 2056 	ldrh.w	r2, [r2, #86]	@ 0x56
	NVIC_ENABLE_IRQ(hardware->irq);
    7374:	4b40      	ldr	r3, [pc, #256]	@ (7478 <HardwareSerialIMXRT::begin(unsigned long, unsigned short)+0x26c>)
	NVIC_SET_PRIORITY(hardware->irq, hardware->irq_priority);	// maybe should put into hardware...
    7376:	547a      	strb	r2, [r7, r1]
	port->WATER = LPUART_WATER_RXWATER(rx_water) | LPUART_WATER_TXWATER(tx_water);
    7378:	f04f 1702 	mov.w	r7, #131074	@ 0x20002
	NVIC_ENABLE_IRQ(hardware->irq);
    737c:	6941      	ldr	r1, [r0, #20]
    737e:	784a      	ldrb	r2, [r1, #1]
    7380:	eb03 1352 	add.w	r3, r3, r2, lsr #5
    7384:	f002 021f 	and.w	r2, r2, #31
    7388:	009b      	lsls	r3, r3, #2
    738a:	fa0e f202 	lsl.w	r2, lr, r2
    738e:	601a      	str	r2, [r3, #0]
	port->WATER = LPUART_WATER_RXWATER(rx_water) | LPUART_WATER_TXWATER(tx_water);
    7390:	62e7      	str	r7, [r4, #44]	@ 0x2c
	port->FIFO |= LPUART_FIFO_TXFE | LPUART_FIFO_RXFE;
    7392:	6aa3      	ldr	r3, [r4, #40]	@ 0x28
    7394:	f043 0388 	orr.w	r3, r3, #136	@ 0x88
    7398:	62a3      	str	r3, [r4, #40]	@ 0x28
	if (format & 0x04) ctrl |= LPUART_CTRL_M;		// 9 bits (might include parity)
    739a:	076b      	lsls	r3, r5, #29
    739c:	d434      	bmi.n	7408 <HardwareSerialIMXRT::begin(unsigned long, unsigned short)+0x1fc>
	ctrl |= (format & (LPUART_CTRL_PT | LPUART_CTRL_PE) );	// configure parity - turn off PT, PE, M and configure PT, PE
    739e:	f44c 1370 	orr.w	r3, ip, #3932160	@ 0x3c0000
	if (format & 0x20) {
    73a2:	06af      	lsls	r7, r5, #26
		if (half_duplex_mode_) *(portControlRegister(hardware->tx_pins[tx_pin_index_].pin)) &=  ~IOMUXC_PAD_PUS(3);
    73a4:	7e82      	ldrb	r2, [r0, #26]
	if (format & 0x20) {
    73a6:	d52a      	bpl.n	73fe <HardwareSerialIMXRT::begin(unsigned long, unsigned short)+0x1f2>
		ctrl |= LPUART_CTRL_TXINV;		// tx invert
    73a8:	f043 5380 	orr.w	r3, r3, #268435456	@ 0x10000000
		if (half_duplex_mode_) *(portControlRegister(hardware->tx_pins[tx_pin_index_].pin)) &=  ~IOMUXC_PAD_PUS(3);
    73ac:	2a00      	cmp	r2, #0
    73ae:	d13c      	bne.n	742a <HardwareSerialIMXRT::begin(unsigned long, unsigned short)+0x21e>
	if (format & 0x08) 	port->BAUD |= LPUART_BAUD_M10;
    73b0:	072e      	lsls	r6, r5, #28
	port->CTRL = ctrl;
    73b2:	61a3      	str	r3, [r4, #24]
	if (format & 0x08) 	port->BAUD |= LPUART_BAUD_M10;
    73b4:	d503      	bpl.n	73be <HardwareSerialIMXRT::begin(unsigned long, unsigned short)+0x1b2>
    73b6:	6923      	ldr	r3, [r4, #16]
    73b8:	f043 5300 	orr.w	r3, r3, #536870912	@ 0x20000000
    73bc:	6123      	str	r3, [r4, #16]
	uint32_t c = port->STAT & ~LPUART_STAT_RXINV;
    73be:	6963      	ldr	r3, [r4, #20]
	if (format & 0x10) c |= LPUART_STAT_RXINV;		// rx invert
    73c0:	06ea      	lsls	r2, r5, #27
	uint32_t c = port->STAT & ~LPUART_STAT_RXINV;
    73c2:	bf54      	ite	pl
    73c4:	f023 5380 	bicpl.w	r3, r3, #268435456	@ 0x10000000
	if (format & 0x10) c |= LPUART_STAT_RXINV;		// rx invert
    73c8:	f043 5380 	orrmi.w	r3, r3, #268435456	@ 0x10000000
	port->STAT = c;
    73cc:	6163      	str	r3, [r4, #20]
	if ( format & 0x100) port->BAUD |= LPUART_BAUD_SBNS;	
    73ce:	05eb      	lsls	r3, r5, #23
    73d0:	d503      	bpl.n	73da <HardwareSerialIMXRT::begin(unsigned long, unsigned short)+0x1ce>
    73d2:	6923      	ldr	r3, [r4, #16]
    73d4:	f443 5300 	orr.w	r3, r3, #8192	@ 0x2000
    73d8:	6123      	str	r3, [r4, #16]
	if (hardware->_serialEvent) addToSerialEventsList();
    73da:	688b      	ldr	r3, [r1, #8]
    73dc:	b16b      	cbz	r3, 73fa <HardwareSerialIMXRT::begin(unsigned long, unsigned short)+0x1ee>
	//digitalWrite(4, LOW);
}


void HardwareSerialIMXRT::addToSerialEventsList() {
	for (uint8_t i = 0; i < s_count_serials_with_serial_events; i++) {
    73de:	4d27      	ldr	r5, [pc, #156]	@ (747c <HardwareSerialIMXRT::begin(unsigned long, unsigned short)+0x270>)
    73e0:	782c      	ldrb	r4, [r5, #0]
    73e2:	2c00      	cmp	r4, #0
    73e4:	d03c      	beq.n	7460 <HardwareSerialIMXRT::begin(unsigned long, unsigned short)+0x254>
    73e6:	4b26      	ldr	r3, [pc, #152]	@ (7480 <HardwareSerialIMXRT::begin(unsigned long, unsigned short)+0x274>)
    73e8:	eb03 0184 	add.w	r1, r3, r4, lsl #2
    73ec:	e001      	b.n	73f2 <HardwareSerialIMXRT::begin(unsigned long, unsigned short)+0x1e6>
    73ee:	428b      	cmp	r3, r1
    73f0:	d02a      	beq.n	7448 <HardwareSerialIMXRT::begin(unsigned long, unsigned short)+0x23c>
		if (s_serials_with_serial_events[i] == this) return; // already in the list.
    73f2:	f853 2f04 	ldr.w	r2, [r3, #4]!
    73f6:	4290      	cmp	r0, r2
    73f8:	d1f9      	bne.n	73ee <HardwareSerialIMXRT::begin(unsigned long, unsigned short)+0x1e2>
};
    73fa:	e8bd 83f0 	ldmia.w	sp!, {r4, r5, r6, r7, r8, r9, pc}
	if (half_duplex_mode_) ctrl |= (LPUART_CTRL_LOOPS | LPUART_CTRL_RSRC);
    73fe:	2a00      	cmp	r2, #0
    7400:	d0d6      	beq.n	73b0 <HardwareSerialIMXRT::begin(unsigned long, unsigned short)+0x1a4>
    7402:	f043 03a0 	orr.w	r3, r3, #160	@ 0xa0
    7406:	e7d3      	b.n	73b0 <HardwareSerialIMXRT::begin(unsigned long, unsigned short)+0x1a4>
	if ((format & 0x0F) == 0x04) ctrl |=  LPUART_CTRL_R9T8; // 8N2 is 9 bit with 9th bit always 1
    7408:	f005 030f 	and.w	r3, r5, #15
    740c:	2b04      	cmp	r3, #4
	if (format & 0x04) ctrl |= LPUART_CTRL_M;		// 9 bits (might include parity)
    740e:	bf14      	ite	ne
    7410:	4b1c      	ldrne	r3, [pc, #112]	@ (7484 <HardwareSerialIMXRT::begin(unsigned long, unsigned short)+0x278>)
	if ((format & 0x0F) == 0x04) ctrl |=  LPUART_CTRL_R9T8; // 8N2 is 9 bit with 9th bit always 1
    7412:	4b1d      	ldreq	r3, [pc, #116]	@ (7488 <HardwareSerialIMXRT::begin(unsigned long, unsigned short)+0x27c>)
    7414:	ea4c 0303 	orr.w	r3, ip, r3
    7418:	e7c3      	b.n	73a2 <HardwareSerialIMXRT::begin(unsigned long, unsigned short)+0x196>
		*(portControlRegister(hardware->tx_pins[tx_pin_index_].pin)) =  IOMUXC_PAD_SRE | IOMUXC_PAD_DSE(3) | IOMUXC_PAD_SPEED(3) 
    741a:	7e47      	ldrb	r7, [r0, #25]
    741c:	f24f 03d9 	movw	r3, #61657	@ 0xf0d9
    7420:	f8df 8070 	ldr.w	r8, [pc, #112]	@ 7494 <HardwareSerialIMXRT::begin(unsigned long, unsigned short)+0x288>
    7424:	eb01 1707 	add.w	r7, r1, r7, lsl #4
    7428:	e770      	b.n	730c <HardwareSerialIMXRT::begin(unsigned long, unsigned short)+0x100>
		if (half_duplex_mode_) *(portControlRegister(hardware->tx_pins[tx_pin_index_].pin)) &=  ~IOMUXC_PAD_PUS(3);
    742a:	7e42      	ldrb	r2, [r0, #25]
	if (half_duplex_mode_) ctrl |= (LPUART_CTRL_LOOPS | LPUART_CTRL_RSRC);
    742c:	f043 03a0 	orr.w	r3, r3, #160	@ 0xa0
		if (half_duplex_mode_) *(portControlRegister(hardware->tx_pins[tx_pin_index_].pin)) &=  ~IOMUXC_PAD_PUS(3);
    7430:	eb01 1202 	add.w	r2, r1, r2, lsl #4
    7434:	f892 2034 	ldrb.w	r2, [r2, #52]	@ 0x34
    7438:	eb08 1602 	add.w	r6, r8, r2, lsl #4
    743c:	68b6      	ldr	r6, [r6, #8]
    743e:	6832      	ldr	r2, [r6, #0]
    7440:	f422 4240 	bic.w	r2, r2, #49152	@ 0xc000
    7444:	6032      	str	r2, [r6, #0]
	if (half_duplex_mode_) ctrl |= (LPUART_CTRL_LOOPS | LPUART_CTRL_RSRC);
    7446:	e7b3      	b.n	73b0 <HardwareSerialIMXRT::begin(unsigned long, unsigned short)+0x1a4>
	}
	s_serials_with_serial_events[s_count_serials_with_serial_events++] = this;
    7448:	1c61      	adds	r1, r4, #1
	yield_active_check_flags |= YIELD_CHECK_HARDWARE_SERIAL;
    744a:	4a10      	ldr	r2, [pc, #64]	@ (748c <HardwareSerialIMXRT::begin(unsigned long, unsigned short)+0x280>)
	s_serials_with_serial_events[s_count_serials_with_serial_events++] = this;
    744c:	4b10      	ldr	r3, [pc, #64]	@ (7490 <HardwareSerialIMXRT::begin(unsigned long, unsigned short)+0x284>)
    744e:	7029      	strb	r1, [r5, #0]
    7450:	f843 0024 	str.w	r0, [r3, r4, lsl #2]
	yield_active_check_flags |= YIELD_CHECK_HARDWARE_SERIAL;
    7454:	7813      	ldrb	r3, [r2, #0]
    7456:	f043 0302 	orr.w	r3, r3, #2
    745a:	7013      	strb	r3, [r2, #0]
};
    745c:	e8bd 83f0 	ldmia.w	sp!, {r4, r5, r6, r7, r8, r9, pc}
	for (uint8_t i = 0; i < s_count_serials_with_serial_events; i++) {
    7460:	2101      	movs	r1, #1
    7462:	e7f2      	b.n	744a <HardwareSerialIMXRT::begin(unsigned long, unsigned short)+0x23e>
    7464:	4bb71b00 	.word	0x4bb71b00
    7468:	60ad78ec 	.word	0x60ad78ec
    746c:	0001f038 	.word	0x0001f038
    7470:	20002000 	.word	0x20002000
    7474:	e000e400 	.word	0xe000e400
    7478:	38003840 	.word	0x38003840
    747c:	200080a1 	.word	0x200080a1
    7480:	200022bc 	.word	0x200022bc
    7484:	003c0010 	.word	0x003c0010
    7488:	403c0010 	.word	0x403c0010
    748c:	200080b0 	.word	0x200080b0
    7490:	200022c0 	.word	0x200022c0
    7494:	20001650 	.word	0x20001650

00007498 <nvic_execution_priority()>:
	__asm__ volatile("mrs %0, faultmask\n" : "=r" (faultmask)::);
    7498:	f3ef 8013 	mrs	r0, FAULTMASK
	if (faultmask) return -1;
    749c:	b9b8      	cbnz	r0, 74ce <nvic_execution_priority()+0x36>
	__asm__ volatile("mrs %0, primask\n" : "=r" (primask)::);
    749e:	f3ef 8310 	mrs	r3, PRIMASK
	if (primask) return 0;
    74a2:	b94b      	cbnz	r3, 74b8 <nvic_execution_priority()+0x20>
	__asm__ volatile("mrs %0, ipsr\n" : "=r" (ipsr)::);
    74a4:	f3ef 8205 	mrs	r2, IPSR
	if (ipsr) {
    74a8:	b93a      	cbnz	r2, 74ba <nvic_execution_priority()+0x22>
	uint32_t priority=256;
    74aa:	f44f 7380 	mov.w	r3, #256	@ 0x100
	__asm__ volatile("mrs %0, basepri\n" : "=r" (basepri)::);
    74ae:	f3ef 8011 	mrs	r0, BASEPRI
	if (basepri > 0 && basepri < priority) priority = basepri;
    74b2:	b150      	cbz	r0, 74ca <nvic_execution_priority()+0x32>
    74b4:	4298      	cmp	r0, r3
    74b6:	d208      	bcs.n	74ca <nvic_execution_priority()+0x32>
}
    74b8:	4770      	bx	lr
		if (ipsr < 16) priority = 0; // could be non-zero
    74ba:	2a0f      	cmp	r2, #15
    74bc:	d802      	bhi.n	74c4 <nvic_execution_priority()+0x2c>
	__asm__ volatile("mrs %0, basepri\n" : "=r" (basepri)::);
    74be:	f3ef 8211 	mrs	r2, BASEPRI
	if (basepri > 0 && basepri < priority) priority = basepri;
    74c2:	4770      	bx	lr
		else priority = NVIC_GET_PRIORITY(ipsr - 16);
    74c4:	4b03      	ldr	r3, [pc, #12]	@ (74d4 <nvic_execution_priority()+0x3c>)
    74c6:	5c9b      	ldrb	r3, [r3, r2]
    74c8:	e7f1      	b.n	74ae <nvic_execution_priority()+0x16>
	return priority;
    74ca:	4618      	mov	r0, r3
    74cc:	4770      	bx	lr
	if (faultmask) return -1;
    74ce:	f04f 30ff 	mov.w	r0, #4294967295
    74d2:	e7f1      	b.n	74b8 <nvic_execution_priority()+0x20>
    74d4:	e000e3f0 	.word	0xe000e3f0

000074d8 <HardwareSerialIMXRT::write9bit(unsigned long)>:
	if (transmit_pin_baseReg_) DIRECT_WRITE_HIGH(transmit_pin_baseReg_, transmit_pin_bitmask_);
    74d8:	6d03      	ldr	r3, [r0, #80]	@ 0x50
{
    74da:	e92d 41f0 	stmdb	sp!, {r4, r5, r6, r7, r8, lr}
    74de:	4688      	mov	r8, r1
    74e0:	4604      	mov	r4, r0
	IMXRT_LPUART_t *port = (IMXRT_LPUART_t *)port_addr;
    74e2:	6906      	ldr	r6, [r0, #16]
	if (transmit_pin_baseReg_) DIRECT_WRITE_HIGH(transmit_pin_baseReg_, transmit_pin_bitmask_);
    74e4:	b113      	cbz	r3, 74ec <HardwareSerialIMXRT::write9bit(unsigned long)+0x14>
    74e6:	6d42      	ldr	r2, [r0, #84]	@ 0x54
    74e8:	f8c3 2084 	str.w	r2, [r3, #132]	@ 0x84
	if(half_duplex_mode_) {		
    74ec:	7ea3      	ldrb	r3, [r4, #26]
    74ee:	b12b      	cbz	r3, 74fc <HardwareSerialIMXRT::write9bit(unsigned long)+0x24>
		__disable_irq();
    74f0:	b672      	cpsid	i
	    port->CTRL |= LPUART_CTRL_TXDIR;
    74f2:	69b3      	ldr	r3, [r6, #24]
    74f4:	f043 5300 	orr.w	r3, r3, #536870912	@ 0x20000000
    74f8:	61b3      	str	r3, [r6, #24]
		__enable_irq();
    74fa:	b662      	cpsie	i
	head = tx_buffer_head_;
    74fc:	f8b4 5046 	ldrh.w	r5, [r4, #70]	@ 0x46
	if (++head >= tx_buffer_total_size_) head = 0;
    7500:	6b63      	ldr	r3, [r4, #52]	@ 0x34
	head = tx_buffer_head_;
    7502:	b2ad      	uxth	r5, r5
	if (++head >= tx_buffer_total_size_) head = 0;
    7504:	3501      	adds	r5, #1
    7506:	42ab      	cmp	r3, r5
    7508:	d84c      	bhi.n	75a4 <HardwareSerialIMXRT::write9bit(unsigned long)+0xcc>
    750a:	2700      	movs	r7, #0
    750c:	463d      	mov	r5, r7
	while (tx_buffer_tail_ == head) {
    750e:	f8b4 3048 	ldrh.w	r3, [r4, #72]	@ 0x48
    7512:	b29b      	uxth	r3, r3
    7514:	429d      	cmp	r5, r3
    7516:	d019      	beq.n	754c <HardwareSerialIMXRT::write9bit(unsigned long)+0x74>
    7518:	e029      	b.n	756e <HardwareSerialIMXRT::write9bit(unsigned long)+0x96>
			if ((port->STAT & LPUART_STAT_TDRE)) {
    751a:	6973      	ldr	r3, [r6, #20]
    751c:	021b      	lsls	r3, r3, #8
    751e:	d510      	bpl.n	7542 <HardwareSerialIMXRT::write9bit(unsigned long)+0x6a>
				uint32_t tail = tx_buffer_tail_;
    7520:	f8b4 3048 	ldrh.w	r3, [r4, #72]	@ 0x48
				if (++tail >= tx_buffer_total_size_) tail = 0;
    7524:	6b62      	ldr	r2, [r4, #52]	@ 0x34
				uint32_t tail = tx_buffer_tail_;
    7526:	b29b      	uxth	r3, r3
				if (++tail >= tx_buffer_total_size_) tail = 0;
    7528:	3301      	adds	r3, #1
    752a:	429a      	cmp	r2, r3
    752c:	d937      	bls.n	759e <HardwareSerialIMXRT::write9bit(unsigned long)+0xc6>
				tx_buffer_tail_ = tail;
    752e:	461a      	mov	r2, r3
				if (tail < tx_buffer_size_) {
    7530:	6ae1      	ldr	r1, [r4, #44]	@ 0x2c
    7532:	4299      	cmp	r1, r3
    7534:	d92e      	bls.n	7594 <HardwareSerialIMXRT::write9bit(unsigned long)+0xbc>
					n = tx_buffer_[tail];
    7536:	69e1      	ldr	r1, [r4, #28]
    7538:	5ccb      	ldrb	r3, [r1, r3]
    753a:	b2db      	uxtb	r3, r3
				port->DATA  = n;
    753c:	61f3      	str	r3, [r6, #28]
				tx_buffer_tail_ = tail;
    753e:	f8a4 2048 	strh.w	r2, [r4, #72]	@ 0x48
	while (tx_buffer_tail_ == head) {
    7542:	f8b4 3048 	ldrh.w	r3, [r4, #72]	@ 0x48
    7546:	b29b      	uxth	r3, r3
    7548:	42ab      	cmp	r3, r5
    754a:	d110      	bne.n	756e <HardwareSerialIMXRT::write9bit(unsigned long)+0x96>
		int priority = nvic_execution_priority();
    754c:	f7ff ffa4 	bl	7498 <nvic_execution_priority()>
		if (priority <= hardware->irq_priority) {
    7550:	6963      	ldr	r3, [r4, #20]
    7552:	f8b3 3056 	ldrh.w	r3, [r3, #86]	@ 0x56
    7556:	4283      	cmp	r3, r0
    7558:	dadf      	bge.n	751a <HardwareSerialIMXRT::write9bit(unsigned long)+0x42>
		} else if (priority >= 256) 
    755a:	f5b0 7f80 	cmp.w	r0, #256	@ 0x100
    755e:	d1f0      	bne.n	7542 <HardwareSerialIMXRT::write9bit(unsigned long)+0x6a>
			yield(); // wait
    7560:	f001 ff32 	bl	93c8 <yield>
	while (tx_buffer_tail_ == head) {
    7564:	f8b4 3048 	ldrh.w	r3, [r4, #72]	@ 0x48
    7568:	b29b      	uxth	r3, r3
    756a:	42ab      	cmp	r3, r5
    756c:	d0ee      	beq.n	754c <HardwareSerialIMXRT::write9bit(unsigned long)+0x74>
	if (head < tx_buffer_size_) {
    756e:	6ae2      	ldr	r2, [r4, #44]	@ 0x2c
    7570:	42aa      	cmp	r2, r5
    7572:	d919      	bls.n	75a8 <HardwareSerialIMXRT::write9bit(unsigned long)+0xd0>
		tx_buffer_[head] = c;
    7574:	69e2      	ldr	r2, [r4, #28]
    7576:	f802 8005 	strb.w	r8, [r2, r5]
	__disable_irq();
    757a:	b672      	cpsid	i
	transmitting_ = 1;
    757c:	2001      	movs	r0, #1
    757e:	f884 0044 	strb.w	r0, [r4, #68]	@ 0x44
	tx_buffer_head_ = head;
    7582:	f8a4 7046 	strh.w	r7, [r4, #70]	@ 0x46
	port->CTRL |= LPUART_CTRL_TIE; // (may need to handle this issue)BITBAND_SET_BIT(LPUART0_CTRL, TIE_BIT);
    7586:	69b3      	ldr	r3, [r6, #24]
    7588:	f443 0300 	orr.w	r3, r3, #8388608	@ 0x800000
    758c:	61b3      	str	r3, [r6, #24]
	__enable_irq();
    758e:	b662      	cpsie	i
}
    7590:	e8bd 81f0 	ldmia.w	sp!, {r4, r5, r6, r7, r8, pc}
					n = tx_buffer_storage_[tail-tx_buffer_size_];
    7594:	1a5b      	subs	r3, r3, r1
    7596:	6aa1      	ldr	r1, [r4, #40]	@ 0x28
    7598:	5ccb      	ldrb	r3, [r1, r3]
    759a:	b2db      	uxtb	r3, r3
    759c:	e7ce      	b.n	753c <HardwareSerialIMXRT::write9bit(unsigned long)+0x64>
    759e:	2200      	movs	r2, #0
				if (++tail >= tx_buffer_total_size_) tail = 0;
    75a0:	4613      	mov	r3, r2
    75a2:	e7c5      	b.n	7530 <HardwareSerialIMXRT::write9bit(unsigned long)+0x58>
	tx_buffer_head_ = head;
    75a4:	462f      	mov	r7, r5
    75a6:	e7b2      	b.n	750e <HardwareSerialIMXRT::write9bit(unsigned long)+0x36>
		tx_buffer_storage_[head - tx_buffer_size_] = c;
    75a8:	1aad      	subs	r5, r5, r2
    75aa:	6aa2      	ldr	r2, [r4, #40]	@ 0x28
    75ac:	f802 8005 	strb.w	r8, [r2, r5]
    75b0:	e7e3      	b.n	757a <HardwareSerialIMXRT::write9bit(unsigned long)+0xa2>
    75b2:	bf00      	nop

000075b4 <HardwareSerialIMXRT::write(unsigned char)>:
	return write9bit(c);
    75b4:	f7ff bf90 	b.w	74d8 <HardwareSerialIMXRT::write9bit(unsigned long)>

000075b8 <HardwareSerialIMXRT::IRQHandler()>:
	IMXRT_LPUART_t *port = (IMXRT_LPUART_t *)port_addr;
    75b8:	6902      	ldr	r2, [r0, #16]
	if (port->STAT & (LPUART_STAT_RDRF | LPUART_STAT_IDLE)) {
    75ba:	6953      	ldr	r3, [r2, #20]
    75bc:	f413 1f40 	tst.w	r3, #3145728	@ 0x300000
{
    75c0:	b570      	push	{r4, r5, r6, lr}
	if (port->STAT & (LPUART_STAT_RDRF | LPUART_STAT_IDLE)) {
    75c2:	d037      	beq.n	7634 <HardwareSerialIMXRT::IRQHandler()+0x7c>
		uint8_t avail = (port->WATER >> 24) & 0x7;
    75c4:	6ad3      	ldr	r3, [r2, #44]	@ 0x2c
		if (avail) {
    75c6:	f013 6fe0 	tst.w	r3, #117440512	@ 0x7000000
		uint8_t avail = (port->WATER >> 24) & 0x7;
    75ca:	f3c3 6e02 	ubfx	lr, r3, #24, #3
		if (avail) {
    75ce:	d02e      	beq.n	762e <HardwareSerialIMXRT::IRQHandler()+0x76>
			head = rx_buffer_head_;
    75d0:	f8b0 404a 	ldrh.w	r4, [r0, #74]	@ 0x4a
			tail = rx_buffer_tail_;
    75d4:	f8b0 304c 	ldrh.w	r3, [r0, #76]	@ 0x4c
			head = rx_buffer_head_;
    75d8:	b2a4      	uxth	r4, r4
			tail = rx_buffer_tail_;
    75da:	b29e      	uxth	r6, r3
				n = port->DATA & 0x3ff;		// Use only up to 10 bits of data
    75dc:	f8d2 c01c 	ldr.w	ip, [r2, #28]
				newhead = head + 1;
    75e0:	1c63      	adds	r3, r4, #1
				if (newhead != rx_buffer_tail_) {
    75e2:	f8b0 104c 	ldrh.w	r1, [r0, #76]	@ 0x4c
				if (newhead >= rx_buffer_total_size_) newhead = 0;
    75e6:	6b85      	ldr	r5, [r0, #56]	@ 0x38
						rx_buffer_[head] = n;
    75e8:	f3cc 0c09 	ubfx	ip, ip, #0, #10
				if (newhead != rx_buffer_tail_) {
    75ec:	b289      	uxth	r1, r1
				if (newhead >= rx_buffer_total_size_) newhead = 0;
    75ee:	429d      	cmp	r5, r3
    75f0:	bf98      	it	ls
    75f2:	2300      	movls	r3, #0
				if (newhead != rx_buffer_tail_) {
    75f4:	4299      	cmp	r1, r3
    75f6:	d008      	beq.n	760a <HardwareSerialIMXRT::IRQHandler()+0x52>
					if (newhead < rx_buffer_size_) {
    75f8:	6b01      	ldr	r1, [r0, #48]	@ 0x30
    75fa:	4299      	cmp	r1, r3
						rx_buffer_storage_[head-rx_buffer_size_] = n;
    75fc:	eba3 0101 	sub.w	r1, r3, r1
					if (newhead < rx_buffer_size_) {
    7600:	d966      	bls.n	76d0 <HardwareSerialIMXRT::IRQHandler()+0x118>
						rx_buffer_[head] = n;
    7602:	6a01      	ldr	r1, [r0, #32]
    7604:	f801 c003 	strb.w	ip, [r1, r3]
					head = newhead;
    7608:	461c      	mov	r4, r3
			} while (--avail > 0) ;
    760a:	f10e 33ff 	add.w	r3, lr, #4294967295
    760e:	f013 0eff 	ands.w	lr, r3, #255	@ 0xff
    7612:	d1e3      	bne.n	75dc <HardwareSerialIMXRT::IRQHandler()+0x24>
			if (rts_pin_baseReg_) {
    7614:	6d83      	ldr	r3, [r0, #88]	@ 0x58
			rx_buffer_head_ = head;
    7616:	f8a0 404a 	strh.w	r4, [r0, #74]	@ 0x4a
			if (rts_pin_baseReg_) {
    761a:	b143      	cbz	r3, 762e <HardwareSerialIMXRT::IRQHandler()+0x76>
				if (head >= tail) avail = head - tail;
    761c:	42b4      	cmp	r4, r6
    761e:	d35b      	bcc.n	76d8 <HardwareSerialIMXRT::IRQHandler()+0x120>
    7620:	1ba4      	subs	r4, r4, r6
				if (avail >= rts_high_watermark_) rts_deassert();
    7622:	6c01      	ldr	r1, [r0, #64]	@ 0x40
    7624:	42a1      	cmp	r1, r4
    7626:	d802      	bhi.n	762e <HardwareSerialIMXRT::IRQHandler()+0x76>
	DIRECT_WRITE_HIGH(rts_pin_baseReg_, rts_pin_bitmask_);
    7628:	6dc1      	ldr	r1, [r0, #92]	@ 0x5c
    762a:	f8c3 1084 	str.w	r1, [r3, #132]	@ 0x84
		if (port->STAT & LPUART_STAT_IDLE) {
    762e:	6953      	ldr	r3, [r2, #20]
    7630:	02dd      	lsls	r5, r3, #11
    7632:	d448      	bmi.n	76c6 <HardwareSerialIMXRT::IRQHandler()+0x10e>
	ctrl = port->CTRL;
    7634:	f8d2 e018 	ldr.w	lr, [r2, #24]
	if ((ctrl & LPUART_CTRL_TIE) && (port->STAT & LPUART_STAT_TDRE))
    7638:	f41e 0f00 	tst.w	lr, #8388608	@ 0x800000
    763c:	d028      	beq.n	7690 <HardwareSerialIMXRT::IRQHandler()+0xd8>
    763e:	6953      	ldr	r3, [r2, #20]
    7640:	021c      	lsls	r4, r3, #8
    7642:	d525      	bpl.n	7690 <HardwareSerialIMXRT::IRQHandler()+0xd8>
		head = tx_buffer_head_;
    7644:	f8b0 c046 	ldrh.w	ip, [r0, #70]	@ 0x46
		tail = tx_buffer_tail_;
    7648:	f8b0 3048 	ldrh.w	r3, [r0, #72]	@ 0x48
		head = tx_buffer_head_;
    764c:	fa1f fc8c 	uxth.w	ip, ip
		tail = tx_buffer_tail_;
    7650:	b29b      	uxth	r3, r3
    7652:	e006      	b.n	7662 <HardwareSerialIMXRT::IRQHandler()+0xaa>
				n = tx_buffer_[tail];
    7654:	69c1      	ldr	r1, [r0, #28]
    7656:	5cc9      	ldrb	r1, [r1, r3]
    7658:	b2c9      	uxtb	r1, r1
			port->DATA = n;
    765a:	61d1      	str	r1, [r2, #28]
		} while (((port->WATER >> 8) & 0x7) < 4); 	// need to computer properly
    765c:	6ad1      	ldr	r1, [r2, #44]	@ 0x2c
    765e:	0549      	lsls	r1, r1, #21
    7660:	d412      	bmi.n	7688 <HardwareSerialIMXRT::IRQHandler()+0xd0>
			if (head == tail) break;
    7662:	4563      	cmp	r3, ip
    7664:	d03c      	beq.n	76e0 <HardwareSerialIMXRT::IRQHandler()+0x128>
			if (++tail >= tx_buffer_total_size_) tail = 0;
    7666:	6b44      	ldr	r4, [r0, #52]	@ 0x34
    7668:	3301      	adds	r3, #1
			if (tail < tx_buffer_size_) {
    766a:	6ac1      	ldr	r1, [r0, #44]	@ 0x2c
			if (++tail >= tx_buffer_total_size_) tail = 0;
    766c:	429c      	cmp	r4, r3
    766e:	bf98      	it	ls
    7670:	2300      	movls	r3, #0
			if (tail < tx_buffer_size_) {
    7672:	4299      	cmp	r1, r3
				n = tx_buffer_storage_[tail-tx_buffer_size_];
    7674:	eba3 0401 	sub.w	r4, r3, r1
			if (tail < tx_buffer_size_) {
    7678:	d8ec      	bhi.n	7654 <HardwareSerialIMXRT::IRQHandler()+0x9c>
				n = tx_buffer_storage_[tail-tx_buffer_size_];
    767a:	6a81      	ldr	r1, [r0, #40]	@ 0x28
    767c:	5d09      	ldrb	r1, [r1, r4]
    767e:	b2c9      	uxtb	r1, r1
			port->DATA = n;
    7680:	61d1      	str	r1, [r2, #28]
		} while (((port->WATER >> 8) & 0x7) < 4); 	// need to computer properly
    7682:	6ad1      	ldr	r1, [r2, #44]	@ 0x2c
    7684:	0549      	lsls	r1, r1, #21
    7686:	d5ec      	bpl.n	7662 <HardwareSerialIMXRT::IRQHandler()+0xaa>
		if (head == tail) {
    7688:	4563      	cmp	r3, ip
		tx_buffer_tail_ = tail;
    768a:	f8a0 3048 	strh.w	r3, [r0, #72]	@ 0x48
		if (head == tail) {
    768e:	d029      	beq.n	76e4 <HardwareSerialIMXRT::IRQHandler()+0x12c>
	if ((ctrl & LPUART_CTRL_TCIE) && (port->STAT & LPUART_STAT_TC))
    7690:	f41e 0f80 	tst.w	lr, #4194304	@ 0x400000
    7694:	d016      	beq.n	76c4 <HardwareSerialIMXRT::IRQHandler()+0x10c>
    7696:	6953      	ldr	r3, [r2, #20]
    7698:	025b      	lsls	r3, r3, #9
    769a:	d513      	bpl.n	76c4 <HardwareSerialIMXRT::IRQHandler()+0x10c>
		transmitting_ = 0;
    769c:	2100      	movs	r1, #0
		if (transmit_pin_baseReg_) DIRECT_WRITE_LOW(transmit_pin_baseReg_, transmit_pin_bitmask_);
    769e:	6d03      	ldr	r3, [r0, #80]	@ 0x50
		transmitting_ = 0;
    76a0:	f880 1044 	strb.w	r1, [r0, #68]	@ 0x44
		if (transmit_pin_baseReg_) DIRECT_WRITE_LOW(transmit_pin_baseReg_, transmit_pin_bitmask_);
    76a4:	b113      	cbz	r3, 76ac <HardwareSerialIMXRT::IRQHandler()+0xf4>
    76a6:	6d41      	ldr	r1, [r0, #84]	@ 0x54
    76a8:	f8c3 1088 	str.w	r1, [r3, #136]	@ 0x88
		if(half_duplex_mode_) {		
    76ac:	7e83      	ldrb	r3, [r0, #26]
    76ae:	b12b      	cbz	r3, 76bc <HardwareSerialIMXRT::IRQHandler()+0x104>
			__disable_irq();
    76b0:	b672      	cpsid	i
		    port->CTRL &= ~LPUART_CTRL_TXDIR;
    76b2:	6993      	ldr	r3, [r2, #24]
    76b4:	f023 5300 	bic.w	r3, r3, #536870912	@ 0x20000000
    76b8:	6193      	str	r3, [r2, #24]
			__enable_irq();
    76ba:	b662      	cpsie	i
		port->CTRL &= ~LPUART_CTRL_TCIE;
    76bc:	6993      	ldr	r3, [r2, #24]
    76be:	f423 0380 	bic.w	r3, r3, #4194304	@ 0x400000
    76c2:	6193      	str	r3, [r2, #24]
}
    76c4:	bd70      	pop	{r4, r5, r6, pc}
			port->STAT |= LPUART_STAT_IDLE;	// writing a 1 to idle should clear it. 
    76c6:	6953      	ldr	r3, [r2, #20]
    76c8:	f443 1380 	orr.w	r3, r3, #1048576	@ 0x100000
    76cc:	6153      	str	r3, [r2, #20]
    76ce:	e7b1      	b.n	7634 <HardwareSerialIMXRT::IRQHandler()+0x7c>
						rx_buffer_storage_[head-rx_buffer_size_] = n;
    76d0:	6a44      	ldr	r4, [r0, #36]	@ 0x24
    76d2:	f804 c001 	strb.w	ip, [r4, r1]
    76d6:	e797      	b.n	7608 <HardwareSerialIMXRT::IRQHandler()+0x50>
				else avail = rx_buffer_total_size_ + head - tail;
    76d8:	6b81      	ldr	r1, [r0, #56]	@ 0x38
    76da:	1b89      	subs	r1, r1, r6
    76dc:	440c      	add	r4, r1
    76de:	e7a0      	b.n	7622 <HardwareSerialIMXRT::IRQHandler()+0x6a>
		tx_buffer_tail_ = tail;
    76e0:	f8a0 3048 	strh.w	r3, [r0, #72]	@ 0x48
			port->CTRL &= ~LPUART_CTRL_TIE; 
    76e4:	6993      	ldr	r3, [r2, #24]
    76e6:	f423 0300 	bic.w	r3, r3, #8388608	@ 0x800000
    76ea:	6193      	str	r3, [r2, #24]
  			port->CTRL |= LPUART_CTRL_TCIE; // Actually wondering if we can just leave this one on...
    76ec:	6993      	ldr	r3, [r2, #24]
    76ee:	f443 0380 	orr.w	r3, r3, #4194304	@ 0x400000
    76f2:	6193      	str	r3, [r2, #24]
    76f4:	e7cc      	b.n	7690 <HardwareSerialIMXRT::IRQHandler()+0xd8>
    76f6:	bf00      	nop

000076f8 <IRQHandler_Serial2>:
#define IRQ_PRIORITY  64  // 0 = highest priority, 255 = lowest


void IRQHandler_Serial2()
{
	Serial2.IRQHandler();
    76f8:	4801      	ldr	r0, [pc, #4]	@ (7700 <IRQHandler_Serial2+0x8>)
    76fa:	f7ff bf5d 	b.w	75b8 <HardwareSerialIMXRT::IRQHandler()>
    76fe:	bf00      	nop
    7700:	20001c60 	.word	0x20001c60

00007704 <usb_serial_class::write(unsigned char)>:
        virtual size_t write(uint8_t c) { return usb_serial_putchar(c); }
    7704:	4608      	mov	r0, r1
    7706:	f001 bdcf 	b.w	92a8 <usb_serial_putchar>
    770a:	bf00      	nop

0000770c <Print::printNumber(unsigned long, unsigned char, unsigned char) [clone .part.0]>:
	// almost always a constant.  base = 0 (BYTE) should
	// inline as a call directly to write()
	if (base == 0) {
		return write((uint8_t)n);
	} else if (base == 1) {
		base = 10;
    770c:	2a01      	cmp	r2, #1
size_t Print::printNumber(unsigned long n, uint8_t base, uint8_t sign)
    770e:	b570      	push	{r4, r5, r6, lr}
		base = 10;
    7710:	bf08      	it	eq
    7712:	220a      	moveq	r2, #10
size_t Print::printNumber(unsigned long n, uint8_t base, uint8_t sign)
    7714:	b08a      	sub	sp, #40	@ 0x28
    7716:	4605      	mov	r5, r0
    7718:	461e      	mov	r6, r3
	}


	if (n == 0) {
    771a:	b359      	cbz	r1, 7774 <Print::printNumber(unsigned long, unsigned char, unsigned char) [clone .part.0]+0x68>
		buf[sizeof(buf) - 1] = '0';
		i = sizeof(buf) - 1;
	} else {
		i = sizeof(buf) - 1;
    771c:	f04f 0c21 	mov.w	ip, #33	@ 0x21
    7720:	e001      	b.n	7726 <Print::printNumber(unsigned long, unsigned char, unsigned char) [clone .part.0]+0x1a>
		while (1) {
			digit = n % base;
			buf[i] = ((digit < 10) ? '0' + digit : 'A' + digit - 10);
			n /= base;
			if (n == 0) break;
			i--;
    7722:	fa5f fc84 	uxtb.w	ip, r4
    7726:	f10c 34ff 	add.w	r4, ip, #4294967295
			digit = n % base;
    772a:	fbb1 f3f2 	udiv	r3, r1, r2
    772e:	fb02 1e13 	mls	lr, r2, r3, r1
			buf[i] = ((digit < 10) ? '0' + digit : 'A' + digit - 10);
    7732:	f1be 0f09 	cmp.w	lr, #9
    7736:	f10e 0037 	add.w	r0, lr, #55	@ 0x37
    773a:	bf98      	it	ls
    773c:	f10e 0030 	addls.w	r0, lr, #48	@ 0x30
    7740:	eb0d 0e0c 	add.w	lr, sp, ip
			if (n == 0) break;
    7744:	4291      	cmp	r1, r2
			n /= base;
    7746:	4619      	mov	r1, r3
			buf[i] = ((digit < 10) ? '0' + digit : 'A' + digit - 10);
    7748:	f88e 0004 	strb.w	r0, [lr, #4]
			if (n == 0) break;
    774c:	d2e9      	bcs.n	7722 <Print::printNumber(unsigned long, unsigned char, unsigned char) [clone .part.0]+0x16>
		}
	}
	if (sign) {
    774e:	b13e      	cbz	r6, 7760 <Print::printNumber(unsigned long, unsigned char, unsigned char) [clone .part.0]+0x54>
		i--;
    7750:	f10c 3cff 	add.w	ip, ip, #4294967295
		buf[i] = '-';
    7754:	222d      	movs	r2, #45	@ 0x2d
		i--;
    7756:	fa5f fc8c 	uxtb.w	ip, ip
		buf[i] = '-';
    775a:	eb0d 030c 	add.w	r3, sp, ip
    775e:	711a      	strb	r2, [r3, #4]
	}
	return write(buf + i, sizeof(buf) - i);
    7760:	682b      	ldr	r3, [r5, #0]
    7762:	a901      	add	r1, sp, #4
    7764:	f1cc 0222 	rsb	r2, ip, #34	@ 0x22
    7768:	4628      	mov	r0, r5
    776a:	685b      	ldr	r3, [r3, #4]
    776c:	4461      	add	r1, ip
    776e:	4798      	blx	r3
}
    7770:	b00a      	add	sp, #40	@ 0x28
    7772:	bd70      	pop	{r4, r5, r6, pc}
		buf[sizeof(buf) - 1] = '0';
    7774:	2330      	movs	r3, #48	@ 0x30
		i = sizeof(buf) - 1;
    7776:	f04f 0c21 	mov.w	ip, #33	@ 0x21
		buf[sizeof(buf) - 1] = '0';
    777a:	f88d 3025 	strb.w	r3, [sp, #37]	@ 0x25
		i = sizeof(buf) - 1;
    777e:	e7e6      	b.n	774e <Print::printNumber(unsigned long, unsigned char, unsigned char) [clone .part.0]+0x42>

00007780 <Print::write(unsigned char const*, unsigned int)>:
{
    7780:	e92d 41f0 	stmdb	sp!, {r4, r5, r6, r7, r8, lr}
	if (buffer == nullptr) return 0;
    7784:	460c      	mov	r4, r1
    7786:	b1d1      	cbz	r1, 77be <Print::write(unsigned char const*, unsigned int)+0x3e>
	while (size--) count += write(*buffer++);
    7788:	b1ea      	cbz	r2, 77c6 <Print::write(unsigned char const*, unsigned int)+0x46>
    778a:	4680      	mov	r8, r0
    778c:	188f      	adds	r7, r1, r2
	size_t count = 0;
    778e:	2500      	movs	r5, #0
    7790:	4e0e      	ldr	r6, [pc, #56]	@ (77cc <Print::write(unsigned char const*, unsigned int)+0x4c>)
    7792:	e004      	b.n	779e <Print::write(unsigned char const*, unsigned int)+0x1e>
    7794:	f001 fd88 	bl	92a8 <usb_serial_putchar>
	while (size--) count += write(*buffer++);
    7798:	42bc      	cmp	r4, r7
    779a:	4405      	add	r5, r0
    779c:	d00c      	beq.n	77b8 <Print::write(unsigned char const*, unsigned int)+0x38>
    779e:	f8d8 3000 	ldr.w	r3, [r8]
    77a2:	f814 0b01 	ldrb.w	r0, [r4], #1
    77a6:	681b      	ldr	r3, [r3, #0]
    77a8:	42b3      	cmp	r3, r6
    77aa:	d0f3      	beq.n	7794 <Print::write(unsigned char const*, unsigned int)+0x14>
    77ac:	4601      	mov	r1, r0
    77ae:	4640      	mov	r0, r8
    77b0:	4798      	blx	r3
    77b2:	42bc      	cmp	r4, r7
    77b4:	4405      	add	r5, r0
    77b6:	d1f2      	bne.n	779e <Print::write(unsigned char const*, unsigned int)+0x1e>
}
    77b8:	4628      	mov	r0, r5
    77ba:	e8bd 81f0 	ldmia.w	sp!, {r4, r5, r6, r7, r8, pc}
	if (buffer == nullptr) return 0;
    77be:	460d      	mov	r5, r1
}
    77c0:	4628      	mov	r0, r5
    77c2:	e8bd 81f0 	ldmia.w	sp!, {r4, r5, r6, r7, r8, pc}
	if (buffer == nullptr) return 0;
    77c6:	4615      	mov	r5, r2
    77c8:	e7f6      	b.n	77b8 <Print::write(unsigned char const*, unsigned int)+0x38>
    77ca:	bf00      	nop
    77cc:	00007705 	.word	0x00007705

000077d0 <Print::print(long)>:
	if (n < 0) {
    77d0:	2900      	cmp	r1, #0
    77d2:	db03      	blt.n	77dc <Print::print(long)+0xc>
	uint8_t sign=0;
    77d4:	2300      	movs	r3, #0
	if (base == 0) {
    77d6:	220a      	movs	r2, #10
    77d8:	f7ff bf98 	b.w	770c <Print::printNumber(unsigned long, unsigned char, unsigned char) [clone .part.0]>
		n = -n;
    77dc:	4249      	negs	r1, r1
		sign = '-';
    77de:	232d      	movs	r3, #45	@ 0x2d
	if (base == 0) {
    77e0:	220a      	movs	r2, #10
    77e2:	f7ff bf93 	b.w	770c <Print::printNumber(unsigned long, unsigned char, unsigned char) [clone .part.0]>
    77e6:	bf00      	nop

000077e8 <Print::println()>:
{
    77e8:	b500      	push	{lr}
	return write(buf, 2);
    77ea:	6803      	ldr	r3, [r0, #0]
{
    77ec:	b083      	sub	sp, #12
	uint8_t buf[2]={'\r', '\n'};
    77ee:	f640 2c0d 	movw	ip, #2573	@ 0xa0d
	return write(buf, 2);
    77f2:	2202      	movs	r2, #2
    77f4:	a901      	add	r1, sp, #4
    77f6:	685b      	ldr	r3, [r3, #4]
	uint8_t buf[2]={'\r', '\n'};
    77f8:	f8ad c004 	strh.w	ip, [sp, #4]
	return write(buf, 2);
    77fc:	4798      	blx	r3
}
    77fe:	b003      	add	sp, #12
    7800:	bd00      	pop	{pc}
    7802:	bf00      	nop

00007804 <Print::printNumber(unsigned long, unsigned char, unsigned char)>:
	if (base == 0) {
    7804:	b942      	cbnz	r2, 7818 <Print::printNumber(unsigned long, unsigned char, unsigned char)+0x14>
		return write((uint8_t)n);
    7806:	6803      	ldr	r3, [r0, #0]
    7808:	b2c9      	uxtb	r1, r1
    780a:	4a05      	ldr	r2, [pc, #20]	@ (7820 <Print::printNumber(unsigned long, unsigned char, unsigned char)+0x1c>)
    780c:	681b      	ldr	r3, [r3, #0]
    780e:	4293      	cmp	r3, r2
    7810:	d104      	bne.n	781c <Print::printNumber(unsigned long, unsigned char, unsigned char)+0x18>
    7812:	4608      	mov	r0, r1
    7814:	f001 bd48 	b.w	92a8 <usb_serial_putchar>
    7818:	f7ff bf78 	b.w	770c <Print::printNumber(unsigned long, unsigned char, unsigned char) [clone .part.0]>
    781c:	4718      	bx	r3
    781e:	bf00      	nop
    7820:	00007705 	.word	0x00007705
    7824:	00000000 	.word	0x00000000

00007828 <Print::printFloat(double, unsigned char)>:
size_t Print::printFloat(double number, uint8_t digits) 
{
	uint8_t sign=0;
	size_t count=0;

	if (isnan(number)) return print("nan");
    7828:	eeb4 0b40 	vcmp.f64	d0, d0
{
    782c:	b570      	push	{r4, r5, r6, lr}
	if (isnan(number)) return print("nan");
    782e:	eef1 fa10 	vmrs	APSR_nzcv, fpscr
{
    7832:	b086      	sub	sp, #24
    7834:	4686      	mov	lr, r0
	if (isnan(number)) return print("nan");
    7836:	f180 8082 	bvs.w	793e <Print::printFloat(double, unsigned char)+0x116>
  && !_GLIBCXX_NO_OBSOLETE_ISINF_ISNAN_DYNAMIC
  using ::isinf;
#else
  constexpr bool
  isinf(double __x)
  { return __builtin_isinf(__x); }
    783a:	eeb0 7bc0 	vabs.f64	d7, d0
    	if (isinf(number)) return print("inf");
    783e:	ed9f 6b48 	vldr	d6, [pc, #288]	@ 7960 <Print::printFloat(double, unsigned char)+0x138>
    7842:	eeb4 7b46 	vcmp.f64	d7, d6
    7846:	eef1 fa10 	vmrs	APSR_nzcv, fpscr
    784a:	dc6c      	bgt.n	7926 <Print::printFloat(double, unsigned char)+0xfe>
    	if (number > 4294967040.0f) return print("ovf");  // constant determined empirically
    784c:	ed9f 7b46 	vldr	d7, [pc, #280]	@ 7968 <Print::printFloat(double, unsigned char)+0x140>
    7850:	eeb4 0bc7 	vcmpe.f64	d0, d7
    7854:	eef1 fa10 	vmrs	APSR_nzcv, fpscr
    7858:	dc5c      	bgt.n	7914 <Print::printFloat(double, unsigned char)+0xec>
    	if (number <-4294967040.0f) return print("ovf");  // constant determined empirically
    785a:	ed9f 7b45 	vldr	d7, [pc, #276]	@ 7970 <Print::printFloat(double, unsigned char)+0x148>
    785e:	eeb4 0bc7 	vcmpe.f64	d0, d7
    7862:	eef1 fa10 	vmrs	APSR_nzcv, fpscr
    7866:	d455      	bmi.n	7914 <Print::printFloat(double, unsigned char)+0xec>
	
	// Handle negative numbers
	if (number < 0.0) {
    7868:	eeb5 0bc0 	vcmpe.f64	d0, #0.0
    786c:	eef1 fa10 	vmrs	APSR_nzcv, fpscr
    7870:	d461      	bmi.n	7936 <Print::printFloat(double, unsigned char)+0x10e>
	uint8_t sign=0;
    7872:	2300      	movs	r3, #0
		sign = 1;
		number = -number;
	}

	// Round correctly so that print(1.999, 2) prints as "2.00"
	double rounding = 0.5;
    7874:	eeb6 7b00 	vmov.f64	d7, #96	@ 0x3f000000  0.5
	for (uint8_t i=0; i<digits; ++i) {
    7878:	2900      	cmp	r1, #0
    787a:	d064      	beq.n	7946 <Print::printFloat(double, unsigned char)+0x11e>
    787c:	f04f 0c00 	mov.w	ip, #0
		rounding *= 0.1;
    7880:	ed9f 6b3d 	vldr	d6, [pc, #244]	@ 7978 <Print::printFloat(double, unsigned char)+0x150>
	for (uint8_t i=0; i<digits; ++i) {
    7884:	f10c 0c01 	add.w	ip, ip, #1
		rounding *= 0.1;
    7888:	ee27 7b06 	vmul.f64	d7, d7, d6
	for (uint8_t i=0; i<digits; ++i) {
    788c:	4561      	cmp	r1, ip
    788e:	d1f9      	bne.n	7884 <Print::printFloat(double, unsigned char)+0x5c>
	}
	number += rounding;
    7890:	ee30 0b07 	vadd.f64	d0, d0, d7

	// Extract the integer part of the number and print it
	unsigned long int_part = (unsigned long)number;
    7894:	460c      	mov	r4, r1
    7896:	220a      	movs	r2, #10
    7898:	4670      	mov	r0, lr
    789a:	4676      	mov	r6, lr
    789c:	eefc 7bc0 	vcvt.u32.f64	s15, d0
	double remainder = number - (double)int_part;
    78a0:	eeb8 6b67 	vcvt.f64.u32	d6, s15
    78a4:	ee17 1a90 	vmov	r1, s15
    78a8:	ee30 0b46 	vsub.f64	d0, d0, d6
    78ac:	ed8d 0b00 	vstr	d0, [sp]
	if (base == 0) {
    78b0:	f7ff ff2c 	bl	770c <Print::printNumber(unsigned long, unsigned char, unsigned char) [clone .part.0]>
	if (digits > 0) {
		uint8_t n, buf[16], count=1;
		buf[0] = '.';

		// Extract digits from the remainder one at a time
		if (digits > sizeof(buf) - 1) digits = sizeof(buf) - 1;
    78b4:	2c0f      	cmp	r4, #15
    78b6:	4621      	mov	r1, r4
		buf[0] = '.';
    78b8:	f04f 032e 	mov.w	r3, #46	@ 0x2e
		if (digits > sizeof(buf) - 1) digits = sizeof(buf) - 1;
    78bc:	bf28      	it	cs
    78be:	210f      	movcs	r1, #15
    78c0:	4605      	mov	r5, r0
		buf[0] = '.';
    78c2:	f88d 3008 	strb.w	r3, [sp, #8]

		while (digits-- > 0) {
    78c6:	f10d 0309 	add.w	r3, sp, #9
    78ca:	1e48      	subs	r0, r1, #1
			remainder *= 10.0;
    78cc:	eeb2 6b04 	vmov.f64	d6, #36	@ 0x41200000  10.0
    78d0:	aa02      	add	r2, sp, #8
    78d2:	fa53 f080 	uxtab	r0, r3, r0
    78d6:	ed9d 0b00 	vldr	d0, [sp]
    78da:	ee20 0b06 	vmul.f64	d0, d0, d6
			n = (uint8_t)(remainder);
    78de:	eefc 7bc0 	vcvt.u32.f64	s15, d0
    78e2:	edcd 7a00 	vstr	s15, [sp]
    78e6:	f89d 3000 	ldrb.w	r3, [sp]
			buf[count++] = '0' + n;
			remainder -= n; 
    78ea:	ee07 3a90 	vmov	s15, r3
			buf[count++] = '0' + n;
    78ee:	3330      	adds	r3, #48	@ 0x30
			remainder -= n; 
    78f0:	eeb8 7be7 	vcvt.f64.s32	d7, s15
			buf[count++] = '0' + n;
    78f4:	f802 3f01 	strb.w	r3, [r2, #1]!
		while (digits-- > 0) {
    78f8:	4290      	cmp	r0, r2
			remainder -= n; 
    78fa:	ee30 0b47 	vsub.f64	d0, d0, d7
		while (digits-- > 0) {
    78fe:	d1ec      	bne.n	78da <Print::printFloat(double, unsigned char)+0xb2>
		}
		count += write(buf, count);
    7900:	6833      	ldr	r3, [r6, #0]
    7902:	1c4a      	adds	r2, r1, #1
    7904:	4630      	mov	r0, r6
    7906:	a902      	add	r1, sp, #8
    7908:	685b      	ldr	r3, [r3, #4]
    790a:	b2d2      	uxtb	r2, r2
    790c:	4798      	blx	r3
	}
	return count;
}
    790e:	4628      	mov	r0, r5
    7910:	b006      	add	sp, #24
    7912:	bd70      	pop	{r4, r5, r6, pc}
							  return write((const uint8_t *)str, strlen(str)); }
    7914:	f8de 3000 	ldr.w	r3, [lr]
    7918:	2203      	movs	r2, #3
    791a:	4919      	ldr	r1, [pc, #100]	@ (7980 <Print::printFloat(double, unsigned char)+0x158>)
    791c:	685b      	ldr	r3, [r3, #4]
    791e:	b006      	add	sp, #24
    7920:	e8bd 4070 	ldmia.w	sp!, {r4, r5, r6, lr}
    7924:	4718      	bx	r3
    7926:	6803      	ldr	r3, [r0, #0]
    7928:	2203      	movs	r2, #3
    792a:	4916      	ldr	r1, [pc, #88]	@ (7984 <Print::printFloat(double, unsigned char)+0x15c>)
    792c:	685b      	ldr	r3, [r3, #4]
    792e:	b006      	add	sp, #24
    7930:	e8bd 4070 	ldmia.w	sp!, {r4, r5, r6, lr}
    7934:	4718      	bx	r3
		number = -number;
    7936:	eeb1 0b40 	vneg.f64	d0, d0
		sign = 1;
    793a:	2301      	movs	r3, #1
    793c:	e79a      	b.n	7874 <Print::printFloat(double, unsigned char)+0x4c>
    793e:	6803      	ldr	r3, [r0, #0]
    7940:	2203      	movs	r2, #3
    7942:	4911      	ldr	r1, [pc, #68]	@ (7988 <Print::printFloat(double, unsigned char)+0x160>)
    7944:	e7ea      	b.n	791c <Print::printFloat(double, unsigned char)+0xf4>
	number += rounding;
    7946:	ee30 0b07 	vadd.f64	d0, d0, d7
    794a:	220a      	movs	r2, #10
    794c:	4670      	mov	r0, lr
    794e:	eefc 7bc0 	vcvt.u32.f64	s15, d0
    7952:	ee17 1a90 	vmov	r1, s15
}
    7956:	b006      	add	sp, #24
    7958:	e8bd 4070 	ldmia.w	sp!, {r4, r5, r6, lr}
    795c:	f7ff bed6 	b.w	770c <Print::printNumber(unsigned long, unsigned char, unsigned char) [clone .part.0]>
    7960:	ffffffff 	.word	0xffffffff
    7964:	7fefffff 	.word	0x7fefffff
    7968:	e0000000 	.word	0xe0000000
    796c:	41efffff 	.word	0x41efffff
    7970:	e0000000 	.word	0xe0000000
    7974:	c1efffff 	.word	0xc1efffff
    7978:	9999999a 	.word	0x9999999a
    797c:	3fb99999 	.word	0x3fb99999
    7980:	20001438 	.word	0x20001438
    7984:	20001434 	.word	0x20001434
    7988:	20001430 	.word	0x20001430

0000798c <set_arm_clock>:
	uint32_t dcdc = DCDC_REG3;

	// compute required voltage, apparently not as simple as NXP datasheet says
	// https://forum.pjrc.com/index.php?threads/77839
	uint32_t voltage; // millivolts
	if (frequency <= 240000000) {
    798c:	4aa9      	ldr	r2, [pc, #676]	@ (7c34 <set_arm_clock+0x2a8>)
	uint32_t cbcdr = CCM_CBCDR; // pg 1021
    798e:	4baa      	ldr	r3, [pc, #680]	@ (7c38 <set_arm_clock+0x2ac>)
	if (frequency <= 240000000) {
    7990:	4290      	cmp	r0, r2
{
    7992:	e92d 47f0 	stmdb	sp!, {r4, r5, r6, r7, r8, r9, sl, lr}
	uint32_t dcdc = DCDC_REG3;
    7996:	4ca9      	ldr	r4, [pc, #676]	@ (7c3c <set_arm_clock+0x2b0>)
	uint32_t cbcdr = CCM_CBCDR; // pg 1021
    7998:	f8d3 e014 	ldr.w	lr, [r3, #20]
	uint32_t cbcmr = CCM_CBCMR; // pg 1023
    799c:	6999      	ldr	r1, [r3, #24]
	uint32_t dcdc = DCDC_REG3;
    799e:	f8d4 c00c 	ldr.w	ip, [r4, #12]
	if (frequency <= 240000000) {
    79a2:	f200 8108 	bhi.w	7bb6 <set_arm_clock+0x22a>
		voltage = 950 + (frequency / 32000000) * 25;
    79a6:	f103 7343 	add.w	r3, r3, #51118080	@ 0x30c0000
    79aa:	f503 53f4 	add.w	r3, r3, #7808	@ 0x1e80
    79ae:	3303      	adds	r3, #3
    79b0:	fba3 2300 	umull	r2, r3, r3, r0
    79b4:	0ddb      	lsrs	r3, r3, #23
    79b6:	eb03 0383 	add.w	r3, r3, r3, lsl #2
    79ba:	eb03 0283 	add.w	r2, r3, r3, lsl #2
    79be:	f202 32b6 	addw	r2, r2, #950	@ 0x3b6
#ifdef BOOST_FOR_WIDE_TEMPERATURE_CHIPS
	if (((HW_OCOTP_CFG3 >> 16) & 3) == 1) {
		voltage += BOOST_FOR_WIDE_TEMPERATURE_CHIPS;
	}
#endif
	if (voltage > OVERCLOCK_MAX_VOLT) voltage = OVERCLOCK_MAX_VOLT;
    79c2:	f240 6327 	movw	r3, #1575	@ 0x627
    79c6:	429a      	cmp	r2, r3
    79c8:	bf28      	it	cs
    79ca:	461a      	movcs	r2, r3

	// if voltage needs to increase, do it before switch clock speed
	CCM_CCGR6 |= CCM_CCGR6_DCDC(CCM_CCGR_ON);
	if ((dcdc & DCDC_REG3_TRG_MASK) < DCDC_REG3_TRG((voltage - 800) / 25)) {
    79cc:	4b9c      	ldr	r3, [pc, #624]	@ (7c40 <set_arm_clock+0x2b4>)
    79ce:	fba3 3202 	umull	r3, r2, r3, r2
    79d2:	08d2      	lsrs	r2, r2, #3
    79d4:	3a20      	subs	r2, #32
	CCM_CCGR6 |= CCM_CCGR6_DCDC(CCM_CCGR_ON);
    79d6:	4d98      	ldr	r5, [pc, #608]	@ (7c38 <set_arm_clock+0x2ac>)
	if ((dcdc & DCDC_REG3_TRG_MASK) < DCDC_REG3_TRG((voltage - 800) / 25)) {
    79d8:	f00c 041f 	and.w	r4, ip, #31
	CCM_CCGR6 |= CCM_CCGR6_DCDC(CCM_CCGR_ON);
    79dc:	f8d5 3080 	ldr.w	r3, [r5, #128]	@ 0x80
	if ((dcdc & DCDC_REG3_TRG_MASK) < DCDC_REG3_TRG((voltage - 800) / 25)) {
    79e0:	4294      	cmp	r4, r2
	CCM_CCGR6 |= CCM_CCGR6_DCDC(CCM_CCGR_ON);
    79e2:	f043 03c0 	orr.w	r3, r3, #192	@ 0xc0
    79e6:	f8c5 3080 	str.w	r3, [r5, #128]	@ 0x80
	if ((dcdc & DCDC_REG3_TRG_MASK) < DCDC_REG3_TRG((voltage - 800) / 25)) {
    79ea:	d20b      	bcs.n	7a04 <set_arm_clock+0x78>
		printf("Increasing voltage to %u mV\n", voltage);
		dcdc &= ~DCDC_REG3_TRG_MASK;
    79ec:	f02c 0c1f 	bic.w	ip, ip, #31
		dcdc |= DCDC_REG3_TRG((voltage - 800) / 25);
		DCDC_REG3 = dcdc;
    79f0:	4c92      	ldr	r4, [pc, #584]	@ (7c3c <set_arm_clock+0x2b0>)
		dcdc |= DCDC_REG3_TRG((voltage - 800) / 25);
    79f2:	ea4c 0c02 	orr.w	ip, ip, r2
		DCDC_REG3 = dcdc;
    79f6:	f8c4 c00c 	str.w	ip, [r4, #12]
		while (!(DCDC_REG0 & DCDC_REG0_STS_DC_OK)) ; // wait voltage settling
    79fa:	6823      	ldr	r3, [r4, #0]
    79fc:	2b00      	cmp	r3, #0
    79fe:	dafc      	bge.n	79fa <set_arm_clock+0x6e>
	scale_cpu_cycles_to_microseconds = 0xFFFFFFFFu / (uint32_t)(frequency / 1000000u);

	printf("New Frequency: ARM=%u, IPG=%u\n", frequency, frequency / div_ipg);

	// if voltage needs to decrease, do it after switch clock speed
	if ((dcdc & DCDC_REG3_TRG_MASK) > DCDC_REG3_TRG((voltage - 800) / 25)) {
    7a00:	f00c 041f 	and.w	r4, ip, #31
	if (!(cbcdr & CCM_CBCDR_PERIPH_CLK_SEL)) {
    7a04:	f01e 7300 	ands.w	r3, lr, #33554432	@ 0x2000000
    7a08:	d127      	bne.n	7a5a <set_arm_clock+0xce>
		if ((CCM_ANALOG_PLL_USB1 & need1s) == need1s) {
    7a0a:	4d8e      	ldr	r5, [pc, #568]	@ (7c44 <set_arm_clock+0x2b8>)
    7a0c:	692e      	ldr	r6, [r5, #16]
    7a0e:	4d8e      	ldr	r5, [pc, #568]	@ (7c48 <set_arm_clock+0x2bc>)
    7a10:	43b5      	bics	r5, r6
    7a12:	f000 80fa 	beq.w	7c0a <set_arm_clock+0x27e>
		if ((cbcmr & CCM_CBCMR_PERIPH_CLK2_SEL_MASK) != CCM_CBCMR_PERIPH_CLK2_SEL(sel)) {
    7a16:	f481 5580 	eor.w	r5, r1, #4096	@ 0x1000
    7a1a:	4676      	mov	r6, lr
    7a1c:	f44f 5780 	mov.w	r7, #4096	@ 0x1000
		if ((cbcdr & CCM_CBCDR_PERIPH_CLK2_PODF_MASK) != CCM_CBCDR_PERIPH_CLK2_PODF(div)) {
    7a20:	f016 5f60 	tst.w	r6, #939524096	@ 0x38000000
    7a24:	d006      	beq.n	7a34 <set_arm_clock+0xa8>
			cbcdr &= ~CCM_CBCDR_PERIPH_CLK2_PODF_MASK;
    7a26:	f02e 5e60 	bic.w	lr, lr, #939524096	@ 0x38000000
			cbcdr |= CCM_CBCDR_PERIPH_CLK2_PODF(div);
    7a2a:	ea4e 0e03 	orr.w	lr, lr, r3
			CCM_CBCDR = cbcdr;
    7a2e:	4b82      	ldr	r3, [pc, #520]	@ (7c38 <set_arm_clock+0x2ac>)
    7a30:	f8c3 e014 	str.w	lr, [r3, #20]
		if ((cbcmr & CCM_CBCMR_PERIPH_CLK2_SEL_MASK) != CCM_CBCMR_PERIPH_CLK2_SEL(sel)) {
    7a34:	f415 5f40 	tst.w	r5, #12288	@ 0x3000
    7a38:	d007      	beq.n	7a4a <set_arm_clock+0xbe>
			cbcmr &= ~CCM_CBCMR_PERIPH_CLK2_SEL_MASK;
    7a3a:	f421 5140 	bic.w	r1, r1, #12288	@ 0x3000
			CCM_CBCMR = cbcmr;
    7a3e:	4d7e      	ldr	r5, [pc, #504]	@ (7c38 <set_arm_clock+0x2ac>)
			cbcmr |= CCM_CBCMR_PERIPH_CLK2_SEL(sel);
    7a40:	4339      	orrs	r1, r7
			CCM_CBCMR = cbcmr;
    7a42:	61a9      	str	r1, [r5, #24]
			while (CCM_CDHIPR & CCM_CDHIPR_PERIPH2_CLK_SEL_BUSY) ; // wait
    7a44:	6cab      	ldr	r3, [r5, #72]	@ 0x48
    7a46:	071b      	lsls	r3, r3, #28
    7a48:	d4fc      	bmi.n	7a44 <set_arm_clock+0xb8>
		cbcdr |= CCM_CBCDR_PERIPH_CLK_SEL;
    7a4a:	f04e 7e00 	orr.w	lr, lr, #33554432	@ 0x2000000
		CCM_CBCDR = cbcdr;
    7a4e:	497a      	ldr	r1, [pc, #488]	@ (7c38 <set_arm_clock+0x2ac>)
    7a50:	f8c1 e014 	str.w	lr, [r1, #20]
		while (CCM_CDHIPR & CCM_CDHIPR_PERIPH_CLK_SEL_BUSY) ; // wait
    7a54:	6c8b      	ldr	r3, [r1, #72]	@ 0x48
    7a56:	069f      	lsls	r7, r3, #26
    7a58:	d4fc      	bmi.n	7a54 <set_arm_clock+0xc8>
	while (frequency * div_arm * div_ahb < 648000000) {
    7a5a:	497c      	ldr	r1, [pc, #496]	@ (7c4c <set_arm_clock+0x2c0>)
    7a5c:	4288      	cmp	r0, r1
    7a5e:	f200 80df 	bhi.w	7c20 <set_arm_clock+0x294>
	uint32_t div_ahb = 1;
    7a62:	2601      	movs	r6, #1
	uint32_t div_arm = 1;
    7a64:	4635      	mov	r5, r6
    7a66:	e00e      	b.n	7a86 <set_arm_clock+0xfa>
		if (div_arm < 8) {
    7a68:	2d08      	cmp	r5, #8
    7a6a:	d10c      	bne.n	7a86 <set_arm_clock+0xfa>
			if (div_ahb < 5) {
    7a6c:	2e04      	cmp	r6, #4
    7a6e:	f200 8091 	bhi.w	7b94 <set_arm_clock+0x208>
				div_ahb = div_ahb + 1;
    7a72:	3601      	adds	r6, #1
			div_arm = div_arm + 1;
    7a74:	2502      	movs	r5, #2
	while (frequency * div_arm * div_ahb < 648000000) {
    7a76:	fb06 f300 	mul.w	r3, r6, r0
    7a7a:	428b      	cmp	r3, r1
    7a7c:	f200 80c3 	bhi.w	7c06 <set_arm_clock+0x27a>
    7a80:	005b      	lsls	r3, r3, #1
    7a82:	428b      	cmp	r3, r1
    7a84:	d806      	bhi.n	7a94 <set_arm_clock+0x108>
			div_arm = div_arm + 1;
    7a86:	3501      	adds	r5, #1
	while (frequency * div_arm * div_ahb < 648000000) {
    7a88:	fb06 f305 	mul.w	r3, r6, r5
    7a8c:	fb00 f303 	mul.w	r3, r0, r3
    7a90:	428b      	cmp	r3, r1
    7a92:	d9e9      	bls.n	7a68 <set_arm_clock+0xdc>
	if ((cbcdr & CCM_CBCDR_AHB_PODF_MASK) != CCM_CBCDR_AHB_PODF(div_ahb - 1)) {
    7a94:	1e77      	subs	r7, r6, #1
	if ((CCM_CACRR & CCM_CACRR_ARM_PODF_MASK) != (div_arm - 1)) {
    7a96:	f105 38ff 	add.w	r8, r5, #4294967295
	if ((cbcdr & CCM_CBCDR_AHB_PODF_MASK) != CCM_CBCDR_AHB_PODF(div_ahb - 1)) {
    7a9a:	ea4f 2a87 	mov.w	sl, r7, lsl #10
    7a9e:	ea8e 2787 	eor.w	r7, lr, r7, lsl #10
	uint32_t mult = (frequency * div_arm * div_ahb + 6000000) / 12000000;
    7aa2:	496b      	ldr	r1, [pc, #428]	@ (7c50 <set_arm_clock+0x2c4>)
    7aa4:	1859      	adds	r1, r3, r1
	if (mult > 108) mult = 108;
    7aa6:	4b6b      	ldr	r3, [pc, #428]	@ (7c54 <set_arm_clock+0x2c8>)
    7aa8:	4299      	cmp	r1, r3
    7aaa:	d97c      	bls.n	7ba6 <set_arm_clock+0x21a>
    7aac:	f8df 91e4 	ldr.w	r9, [pc, #484]	@ 7c94 <set_arm_clock+0x308>
    7ab0:	236c      	movs	r3, #108	@ 0x6c
    7ab2:	4869      	ldr	r0, [pc, #420]	@ (7c58 <set_arm_clock+0x2cc>)
	if ((CCM_ANALOG_PLL_ARM & arm_pll_mask) != (CCM_ANALOG_PLL_ARM_LOCK
    7ab4:	4963      	ldr	r1, [pc, #396]	@ (7c44 <set_arm_clock+0x2b8>)
	frequency = mult * 12000000 / div_arm / div_ahb;
    7ab6:	fbb0 f0f5 	udiv	r0, r0, r5
	if ((CCM_ANALOG_PLL_ARM & arm_pll_mask) != (CCM_ANALOG_PLL_ARM_LOCK
    7aba:	4d68      	ldr	r5, [pc, #416]	@ (7c5c <set_arm_clock+0x2d0>)
	frequency = mult * 12000000 / div_arm / div_ahb;
    7abc:	fbb0 f0f6 	udiv	r0, r0, r6
	if ((CCM_ANALOG_PLL_ARM & arm_pll_mask) != (CCM_ANALOG_PLL_ARM_LOCK
    7ac0:	680e      	ldr	r6, [r1, #0]
    7ac2:	4035      	ands	r5, r6
    7ac4:	454d      	cmp	r5, r9
    7ac6:	d008      	beq.n	7ada <set_arm_clock+0x14e>
			| CCM_ANALOG_PLL_ARM_DIV_SELECT(mult);
    7ac8:	f443 5300 	orr.w	r3, r3, #8192	@ 0x2000
		CCM_ANALOG_PLL_ARM = CCM_ANALOG_PLL_ARM_POWERDOWN;
    7acc:	f44f 5580 	mov.w	r5, #4096	@ 0x1000
    7ad0:	600d      	str	r5, [r1, #0]
		CCM_ANALOG_PLL_ARM = CCM_ANALOG_PLL_ARM_ENABLE
    7ad2:	600b      	str	r3, [r1, #0]
		while (!(CCM_ANALOG_PLL_ARM & CCM_ANALOG_PLL_ARM_LOCK)) ; // wait for lock
    7ad4:	680b      	ldr	r3, [r1, #0]
    7ad6:	2b00      	cmp	r3, #0
    7ad8:	dafc      	bge.n	7ad4 <set_arm_clock+0x148>
	if ((CCM_CACRR & CCM_CACRR_ARM_PODF_MASK) != (div_arm - 1)) {
    7ada:	4957      	ldr	r1, [pc, #348]	@ (7c38 <set_arm_clock+0x2ac>)
    7adc:	690b      	ldr	r3, [r1, #16]
    7ade:	f003 0307 	and.w	r3, r3, #7
    7ae2:	4543      	cmp	r3, r8
    7ae4:	d004      	beq.n	7af0 <set_arm_clock+0x164>
		CCM_CACRR = CCM_CACRR_ARM_PODF(div_arm - 1);
    7ae6:	f8c1 8010 	str.w	r8, [r1, #16]
		while (CCM_CDHIPR & CCM_CDHIPR_ARM_PODF_BUSY) ; // wait
    7aea:	6c8b      	ldr	r3, [r1, #72]	@ 0x48
    7aec:	03de      	lsls	r6, r3, #15
    7aee:	d4fc      	bmi.n	7aea <set_arm_clock+0x15e>
	if ((cbcdr & CCM_CBCDR_AHB_PODF_MASK) != CCM_CBCDR_AHB_PODF(div_ahb - 1)) {
    7af0:	f417 5fe0 	tst.w	r7, #7168	@ 0x1c00
    7af4:	d00b      	beq.n	7b0e <set_arm_clock+0x182>
		cbcdr &= ~CCM_CBCDR_AHB_PODF_MASK;
    7af6:	f42e 5ee0 	bic.w	lr, lr, #7168	@ 0x1c00
		cbcdr |= CCM_CBCDR_AHB_PODF(div_ahb - 1);
    7afa:	f40a 53e0 	and.w	r3, sl, #7168	@ 0x1c00
		CCM_CBCDR = cbcdr;
    7afe:	494e      	ldr	r1, [pc, #312]	@ (7c38 <set_arm_clock+0x2ac>)
		cbcdr |= CCM_CBCDR_AHB_PODF(div_ahb - 1);
    7b00:	ea43 0e0e 	orr.w	lr, r3, lr
		CCM_CBCDR = cbcdr;
    7b04:	f8c1 e014 	str.w	lr, [r1, #20]
		while (CCM_CDHIPR & CCM_CDHIPR_AHB_PODF_BUSY); // wait
    7b08:	6c8b      	ldr	r3, [r1, #72]	@ 0x48
    7b0a:	079d      	lsls	r5, r3, #30
    7b0c:	d4fc      	bmi.n	7b08 <set_arm_clock+0x17c>
	uint32_t div_ipg = (frequency + 149999999) / 150000000;
    7b0e:	4d54      	ldr	r5, [pc, #336]	@ (7c60 <set_arm_clock+0x2d4>)
	if (div_ipg > 4) div_ipg = 4;
    7b10:	4954      	ldr	r1, [pc, #336]	@ (7c64 <set_arm_clock+0x2d8>)
	uint32_t div_ipg = (frequency + 149999999) / 150000000;
    7b12:	1945      	adds	r5, r0, r5
	if (div_ipg > 4) div_ipg = 4;
    7b14:	428d      	cmp	r5, r1
    7b16:	d839      	bhi.n	7b8c <set_arm_clock+0x200>
	uint32_t div_ipg = (frequency + 149999999) / 150000000;
    7b18:	4b53      	ldr	r3, [pc, #332]	@ (7c68 <set_arm_clock+0x2dc>)
    7b1a:	09ed      	lsrs	r5, r5, #7
    7b1c:	fba3 3505 	umull	r3, r5, r3, r5
    7b20:	0b2d      	lsrs	r5, r5, #12
	if ((cbcdr & CCM_CBCDR_IPG_PODF_MASK) != (CCM_CBCDR_IPG_PODF(div_ipg - 1))) {
    7b22:	1e6b      	subs	r3, r5, #1
    7b24:	021b      	lsls	r3, r3, #8
    7b26:	ea8e 0103 	eor.w	r1, lr, r3
    7b2a:	f411 7f40 	tst.w	r1, #768	@ 0x300
    7b2e:	d007      	beq.n	7b40 <set_arm_clock+0x1b4>
		cbcdr &= ~CCM_CBCDR_IPG_PODF_MASK;
    7b30:	f42e 7e40 	bic.w	lr, lr, #768	@ 0x300
		cbcdr |= CCM_CBCDR_IPG_PODF(div_ipg - 1);
    7b34:	f403 7340 	and.w	r3, r3, #768	@ 0x300
		CCM_CBCDR = cbcdr;
    7b38:	493f      	ldr	r1, [pc, #252]	@ (7c38 <set_arm_clock+0x2ac>)
		cbcdr |= CCM_CBCDR_IPG_PODF(div_ipg - 1);
    7b3a:	ea43 030e 	orr.w	r3, r3, lr
		CCM_CBCDR = cbcdr;
    7b3e:	614b      	str	r3, [r1, #20]
	CCM_CBCDR &= ~CCM_CBCDR_PERIPH_CLK_SEL;
    7b40:	493d      	ldr	r1, [pc, #244]	@ (7c38 <set_arm_clock+0x2ac>)
    7b42:	694b      	ldr	r3, [r1, #20]
    7b44:	f023 7300 	bic.w	r3, r3, #33554432	@ 0x2000000
    7b48:	614b      	str	r3, [r1, #20]
	while (CCM_CDHIPR & CCM_CDHIPR_PERIPH_CLK_SEL_BUSY) ; // wait
    7b4a:	6c8b      	ldr	r3, [r1, #72]	@ 0x48
    7b4c:	069b      	lsls	r3, r3, #26
    7b4e:	d4fc      	bmi.n	7b4a <set_arm_clock+0x1be>
	scale_cpu_cycles_to_microseconds = 0xFFFFFFFFu / (uint32_t)(frequency / 1000000u);
    7b50:	4b46      	ldr	r3, [pc, #280]	@ (7c6c <set_arm_clock+0x2e0>)
	if ((dcdc & DCDC_REG3_TRG_MASK) > DCDC_REG3_TRG((voltage - 800) / 25)) {
    7b52:	42a2      	cmp	r2, r4
	scale_cpu_cycles_to_microseconds = 0xFFFFFFFFu / (uint32_t)(frequency / 1000000u);
    7b54:	fba3 1300 	umull	r1, r3, r3, r0
    7b58:	f04f 31ff 	mov.w	r1, #4294967295
    7b5c:	ea4f 4393 	mov.w	r3, r3, lsr #18
	F_BUS_ACTUAL = frequency / div_ipg;
    7b60:	fbb0 f5f5 	udiv	r5, r0, r5
	scale_cpu_cycles_to_microseconds = 0xFFFFFFFFu / (uint32_t)(frequency / 1000000u);
    7b64:	fbb1 f3f3 	udiv	r3, r1, r3
	F_CPU_ACTUAL = frequency;
    7b68:	4941      	ldr	r1, [pc, #260]	@ (7c70 <set_arm_clock+0x2e4>)
    7b6a:	6008      	str	r0, [r1, #0]
	F_BUS_ACTUAL = frequency / div_ipg;
    7b6c:	4941      	ldr	r1, [pc, #260]	@ (7c74 <set_arm_clock+0x2e8>)
    7b6e:	600d      	str	r5, [r1, #0]
	scale_cpu_cycles_to_microseconds = 0xFFFFFFFFu / (uint32_t)(frequency / 1000000u);
    7b70:	4941      	ldr	r1, [pc, #260]	@ (7c78 <set_arm_clock+0x2ec>)
    7b72:	600b      	str	r3, [r1, #0]
	if ((dcdc & DCDC_REG3_TRG_MASK) > DCDC_REG3_TRG((voltage - 800) / 25)) {
    7b74:	d208      	bcs.n	7b88 <set_arm_clock+0x1fc>
		printf("Decreasing voltage to %u mV\n", voltage);
		dcdc &= ~DCDC_REG3_TRG_MASK;
    7b76:	f02c 0c1f 	bic.w	ip, ip, #31
		dcdc |= DCDC_REG3_TRG((voltage - 800) / 25);
		DCDC_REG3 = dcdc;
    7b7a:	4930      	ldr	r1, [pc, #192]	@ (7c3c <set_arm_clock+0x2b0>)
		dcdc |= DCDC_REG3_TRG((voltage - 800) / 25);
    7b7c:	ea4c 0202 	orr.w	r2, ip, r2
		DCDC_REG3 = dcdc;
    7b80:	60ca      	str	r2, [r1, #12]
		while (!(DCDC_REG0 & DCDC_REG0_STS_DC_OK)) ; // wait voltage settling
    7b82:	680b      	ldr	r3, [r1, #0]
    7b84:	2b00      	cmp	r3, #0
    7b86:	dafc      	bge.n	7b82 <set_arm_clock+0x1f6>
	}

	return frequency;
}
    7b88:	e8bd 87f0 	ldmia.w	sp!, {r4, r5, r6, r7, r8, r9, sl, pc}
    7b8c:	f44f 7340 	mov.w	r3, #768	@ 0x300
	if (div_ipg > 4) div_ipg = 4;
    7b90:	2504      	movs	r5, #4
    7b92:	e7c8      	b.n	7b26 <set_arm_clock+0x19a>
	if ((cbcdr & CCM_CBCDR_AHB_PODF_MASK) != CCM_CBCDR_AHB_PODF(div_ahb - 1)) {
    7b94:	1e77      	subs	r7, r6, #1
	uint32_t mult = (frequency * div_arm * div_ahb + 6000000) / 12000000;
    7b96:	492e      	ldr	r1, [pc, #184]	@ (7c50 <set_arm_clock+0x2c4>)
    7b98:	f04f 0807 	mov.w	r8, #7
	if ((cbcdr & CCM_CBCDR_AHB_PODF_MASK) != CCM_CBCDR_AHB_PODF(div_ahb - 1)) {
    7b9c:	ea4f 2a87 	mov.w	sl, r7, lsl #10
	uint32_t mult = (frequency * div_arm * div_ahb + 6000000) / 12000000;
    7ba0:	1859      	adds	r1, r3, r1
	if ((cbcdr & CCM_CBCDR_AHB_PODF_MASK) != CCM_CBCDR_AHB_PODF(div_ahb - 1)) {
    7ba2:	ea8e 2787 	eor.w	r7, lr, r7, lsl #10
	if (mult < 54) mult = 54;
    7ba6:	4b29      	ldr	r3, [pc, #164]	@ (7c4c <set_arm_clock+0x2c0>)
    7ba8:	4299      	cmp	r1, r3
    7baa:	d81c      	bhi.n	7be6 <set_arm_clock+0x25a>
    7bac:	f8df 90e8 	ldr.w	r9, [pc, #232]	@ 7c98 <set_arm_clock+0x30c>
    7bb0:	2336      	movs	r3, #54	@ 0x36
    7bb2:	4832      	ldr	r0, [pc, #200]	@ (7c7c <set_arm_clock+0x2f0>)
    7bb4:	e77e      	b.n	7ab4 <set_arm_clock+0x128>
	} else if (frequency < 460000000) {
    7bb6:	4b32      	ldr	r3, [pc, #200]	@ (7c80 <set_arm_clock+0x2f4>)
    7bb8:	4298      	cmp	r0, r3
    7bba:	d801      	bhi.n	7bc0 <set_arm_clock+0x234>
    7bbc:	220e      	movs	r2, #14
    7bbe:	e70a      	b.n	79d6 <set_arm_clock+0x4a>
	} else if (frequency <= 528000000) {
    7bc0:	4b30      	ldr	r3, [pc, #192]	@ (7c84 <set_arm_clock+0x2f8>)
    7bc2:	4298      	cmp	r0, r3
    7bc4:	d928      	bls.n	7c18 <set_arm_clock+0x28c>
	} else if (frequency <= 600000000) {
    7bc6:	4a30      	ldr	r2, [pc, #192]	@ (7c88 <set_arm_clock+0x2fc>)
    7bc8:	4290      	cmp	r0, r2
    7bca:	d927      	bls.n	7c1c <set_arm_clock+0x290>
		voltage = 1250 + ((frequency - 600000000) / OVERCLOCK_STEPSIZE) * 25;
    7bcc:	1a82      	subs	r2, r0, r2
    7bce:	4b2f      	ldr	r3, [pc, #188]	@ (7c8c <set_arm_clock+0x300>)
    7bd0:	0a12      	lsrs	r2, r2, #8
    7bd2:	fba3 3202 	umull	r3, r2, r3, r2
    7bd6:	09d2      	lsrs	r2, r2, #7
    7bd8:	eb02 0282 	add.w	r2, r2, r2, lsl #2
    7bdc:	eb02 0282 	add.w	r2, r2, r2, lsl #2
    7be0:	f202 42e2 	addw	r2, r2, #1250	@ 0x4e2
    7be4:	e6ed      	b.n	79c2 <set_arm_clock+0x36>
	uint32_t mult = (frequency * div_arm * div_ahb + 6000000) / 12000000;
    7be6:	f1a3 5382 	sub.w	r3, r3, #272629760	@ 0x10400000
	frequency = mult * 12000000 / div_arm / div_ahb;
    7bea:	4829      	ldr	r0, [pc, #164]	@ (7c90 <set_arm_clock+0x304>)
	  | CCM_ANALOG_PLL_ARM_ENABLE | CCM_ANALOG_PLL_ARM_DIV_SELECT(mult))) {
    7bec:	f8df 90ac 	ldr.w	r9, [pc, #172]	@ 7c9c <set_arm_clock+0x310>
	uint32_t mult = (frequency * div_arm * div_ahb + 6000000) / 12000000;
    7bf0:	f5a3 3389 	sub.w	r3, r3, #70144	@ 0x11200
    7bf4:	3b7e      	subs	r3, #126	@ 0x7e
    7bf6:	fba3 3101 	umull	r3, r1, r3, r1
    7bfa:	0d0b      	lsrs	r3, r1, #20
	frequency = mult * 12000000 / div_arm / div_ahb;
    7bfc:	fb03 f000 	mul.w	r0, r3, r0
	  | CCM_ANALOG_PLL_ARM_ENABLE | CCM_ANALOG_PLL_ARM_DIV_SELECT(mult))) {
    7c00:	ea43 0909 	orr.w	r9, r3, r9
    7c04:	e756      	b.n	7ab4 <set_arm_clock+0x128>
				div_arm = 1;
    7c06:	2501      	movs	r5, #1
    7c08:	e744      	b.n	7a94 <set_arm_clock+0x108>
		if ((cbcdr & CCM_CBCDR_PERIPH_CLK2_PODF_MASK) != CCM_CBCDR_PERIPH_CLK2_PODF(div)) {
    7c0a:	461f      	mov	r7, r3
    7c0c:	f08e 56c0 	eor.w	r6, lr, #402653184	@ 0x18000000
    7c10:	460d      	mov	r5, r1
    7c12:	f04f 53c0 	mov.w	r3, #402653184	@ 0x18000000
    7c16:	e703      	b.n	7a20 <set_arm_clock+0x94>
    7c18:	220f      	movs	r2, #15
    7c1a:	e6dc      	b.n	79d6 <set_arm_clock+0x4a>
    7c1c:	2212      	movs	r2, #18
    7c1e:	e6da      	b.n	79d6 <set_arm_clock+0x4a>
	uint32_t div_ahb = 1;
    7c20:	2601      	movs	r6, #1
	while (frequency * div_arm * div_ahb < 648000000) {
    7c22:	4603      	mov	r3, r0
    7c24:	f04f 0a00 	mov.w	sl, #0
    7c28:	4677      	mov	r7, lr
    7c2a:	f04f 0800 	mov.w	r8, #0
	uint32_t div_arm = 1;
    7c2e:	4635      	mov	r5, r6
    7c30:	e737      	b.n	7aa2 <set_arm_clock+0x116>
    7c32:	bf00      	nop
    7c34:	0e4e1c00 	.word	0x0e4e1c00
    7c38:	400fc000 	.word	0x400fc000
    7c3c:	40080000 	.word	0x40080000
    7c40:	51eb851f 	.word	0x51eb851f
    7c44:	400d8000 	.word	0x400d8000
    7c48:	80003040 	.word	0x80003040
    7c4c:	269fb1ff 	.word	0x269fb1ff
    7c50:	005b8d80 	.word	0x005b8d80
    7c54:	4df67eff 	.word	0x4df67eff
    7c58:	4d3f6400 	.word	0x4d3f6400
    7c5c:	8001307f 	.word	0x8001307f
    7c60:	08f0d17f 	.word	0x08f0d17f
    7c64:	2cb4177f 	.word	0x2cb4177f
    7c68:	00e5109f 	.word	0x00e5109f
    7c6c:	431bde83 	.word	0x431bde83
    7c70:	20001c4c 	.word	0x20001c4c
    7c74:	20001c48 	.word	0x20001c48
    7c78:	20008074 	.word	0x20008074
    7c7c:	269fb200 	.word	0x269fb200
    7c80:	1b6b0aff 	.word	0x1b6b0aff
    7c84:	1f78a400 	.word	0x1f78a400
    7c88:	23c34600 	.word	0x23c34600
    7c8c:	004cb223 	.word	0x004cb223
    7c90:	00b71b00 	.word	0x00b71b00
    7c94:	8000206c 	.word	0x8000206c
    7c98:	80002036 	.word	0x80002036
    7c9c:	80002000 	.word	0x80002000

00007ca0 <delay>:
// or delayNanoseconds().
void delay(uint32_t msec)
{
	uint32_t start;

	if (msec == 0) return;
    7ca0:	b900      	cbnz	r0, 7ca4 <delay+0x4>
    7ca2:	4770      	bx	lr
{
    7ca4:	e92d 4ff8 	stmdb	sp!, {r3, r4, r5, r6, r7, r8, r9, sl, fp, lr}
 */
__attribute__( ( always_inline ) ) __STATIC_INLINE uint32_t __STREXW(uint32_t value, volatile uint32_t *addr)
{
   uint32_t result;

   __ASM volatile ("strex %0, %2, [%1]" : "=&r" (result) : "r" (addr), "r" (value) );
    7ca8:	2101      	movs	r1, #1
    7caa:	4681      	mov	r9, r0
    7cac:	4c22      	ldr	r4, [pc, #136]	@ (7d38 <delay+0x98>)
    7cae:	4e23      	ldr	r6, [pc, #140]	@ (7d3c <delay+0x9c>)
    7cb0:	4d23      	ldr	r5, [pc, #140]	@ (7d40 <delay+0xa0>)
   __ASM volatile ("ldrex %0, [%1]" : "=r" (result) : "r" (addr) );
    7cb2:	e854 3f00 	ldrex	r3, [r4]
uint32_t micros(void)
{
	uint32_t smc, scc;
	do {
		__LDREXW(&systick_safe_read);
		smc = systick_millis_count;
    7cb6:	6832      	ldr	r2, [r6, #0]
		scc = systick_cycle_count;
    7cb8:	6828      	ldr	r0, [r5, #0]
   __ASM volatile ("strex %0, %2, [%1]" : "=&r" (result) : "r" (addr), "r" (value) );
    7cba:	e844 1300 	strex	r3, r1, [r4]
	} while ( __STREXW(1, &systick_safe_read));
    7cbe:	2b00      	cmp	r3, #0
    7cc0:	d1f7      	bne.n	7cb2 <delay+0x12>
	uint32_t cyccnt = ARM_DWT_CYCCNT;
    7cc2:	4920      	ldr	r1, [pc, #128]	@ (7d44 <delay+0xa4>)
    7cc4:	684b      	ldr	r3, [r1, #4]
	asm volatile("" : : : "memory");
	uint32_t ccdelta = cyccnt - scc;
	uint32_t frac = ((uint64_t)ccdelta * scale_cpu_cycles_to_microseconds) >> 32;
	if (frac > 1000) frac = 1000;
	uint32_t usec = 1000*smc + frac;
    7cc6:	f44f 7b7a 	mov.w	fp, #1000	@ 0x3e8
	uint32_t frac = ((uint64_t)ccdelta * scale_cpu_cycles_to_microseconds) >> 32;
    7cca:	f8df a07c 	ldr.w	sl, [pc, #124]	@ 7d48 <delay+0xa8>
	uint32_t ccdelta = cyccnt - scc;
    7cce:	1a1b      	subs	r3, r3, r0
    7cd0:	2701      	movs	r7, #1
	uint32_t usec = 1000*smc + frac;
    7cd2:	fb0b f802 	mul.w	r8, fp, r2
	uint32_t frac = ((uint64_t)ccdelta * scale_cpu_cycles_to_microseconds) >> 32;
    7cd6:	f8da 2000 	ldr.w	r2, [sl]
    7cda:	fba2 2303 	umull	r2, r3, r2, r3
	uint32_t usec = 1000*smc + frac;
    7cde:	455b      	cmp	r3, fp
    7ce0:	bf94      	ite	ls
    7ce2:	4498      	addls	r8, r3
    7ce4:	44d8      	addhi	r8, fp
   __ASM volatile ("ldrex %0, [%1]" : "=r" (result) : "r" (addr) );
    7ce6:	e854 3f00 	ldrex	r3, [r4]
		smc = systick_millis_count;
    7cea:	6832      	ldr	r2, [r6, #0]
		scc = systick_cycle_count;
    7cec:	6828      	ldr	r0, [r5, #0]
   __ASM volatile ("strex %0, %2, [%1]" : "=&r" (result) : "r" (addr), "r" (value) );
    7cee:	e844 7300 	strex	r3, r7, [r4]
	} while ( __STREXW(1, &systick_safe_read));
    7cf2:	2b00      	cmp	r3, #0
    7cf4:	d1f7      	bne.n	7ce6 <delay+0x46>
	uint32_t cyccnt = ARM_DWT_CYCCNT;
    7cf6:	684b      	ldr	r3, [r1, #4]
	uint32_t frac = ((uint64_t)ccdelta * scale_cpu_cycles_to_microseconds) >> 32;
    7cf8:	f8da c000 	ldr.w	ip, [sl]
	uint32_t ccdelta = cyccnt - scc;
    7cfc:	1a1b      	subs	r3, r3, r0
	uint32_t usec = 1000*smc + frac;
    7cfe:	fb0b f202 	mul.w	r2, fp, r2
	uint32_t frac = ((uint64_t)ccdelta * scale_cpu_cycles_to_microseconds) >> 32;
    7d02:	fbac c303 	umull	ip, r3, ip, r3
	uint32_t usec = 1000*smc + frac;
    7d06:	f5b3 7f7a 	cmp.w	r3, #1000	@ 0x3e8
    7d0a:	bf94      	ite	ls
    7d0c:	18d2      	addls	r2, r2, r3
    7d0e:	f502 727a 	addhi.w	r2, r2, #1000	@ 0x3e8
		while ((micros() - start) >= 1000) {
    7d12:	eba2 0208 	sub.w	r2, r2, r8
    7d16:	f5b2 7f7a 	cmp.w	r2, #1000	@ 0x3e8
    7d1a:	d308      	bcc.n	7d2e <delay+0x8e>
			if (--msec == 0) return;
    7d1c:	f1b9 0f01 	cmp.w	r9, #1
			start += 1000;
    7d20:	f508 787a 	add.w	r8, r8, #1000	@ 0x3e8
			if (--msec == 0) return;
    7d24:	f109 39ff 	add.w	r9, r9, #4294967295
    7d28:	d1dd      	bne.n	7ce6 <delay+0x46>
}
    7d2a:	e8bd 8ff8 	ldmia.w	sp!, {r3, r4, r5, r6, r7, r8, r9, sl, fp, pc}
		yield();
    7d2e:	f001 fb4b 	bl	93c8 <yield>
		while ((micros() - start) >= 1000) {
    7d32:	4904      	ldr	r1, [pc, #16]	@ (7d44 <delay+0xa4>)
    7d34:	e7d7      	b.n	7ce6 <delay+0x46>
    7d36:	bf00      	nop
    7d38:	20008080 	.word	0x20008080
    7d3c:	2000807c 	.word	0x2000807c
    7d40:	20008078 	.word	0x20008078
    7d44:	e0001000 	.word	0xe0001000
    7d48:	20008074 	.word	0x20008074

00007d4c <pinMode>:

void pinMode(uint8_t pin, uint8_t mode)
{
	const struct digital_pin_bitband_and_config_table_struct *p;

	if (pin >= CORE_NUM_DIGITAL) return;
    7d4c:	2836      	cmp	r0, #54	@ 0x36
    7d4e:	d831      	bhi.n	7db4 <pinMode+0x68>
	p = digital_pin_to_info_PGM + pin;
    7d50:	0102      	lsls	r2, r0, #4
    7d52:	4b1b      	ldr	r3, [pc, #108]	@ (7dc0 <pinMode+0x74>)
	if (mode == OUTPUT || mode == OUTPUT_OPENDRAIN) {
    7d54:	2901      	cmp	r1, #1
	p = digital_pin_to_info_PGM + pin;
    7d56:	eb03 1000 	add.w	r0, r3, r0, lsl #4
		*(p->reg + 1) |= p->mask; // TODO: atomic
    7d5a:	589b      	ldr	r3, [r3, r2]
{
    7d5c:	b500      	push	{lr}
			*(p->pad) = IOMUXC_PAD_DSE(7);
		} else { // OUTPUT_OPENDRAIN
			*(p->pad) = IOMUXC_PAD_DSE(7) | IOMUXC_PAD_ODE;
		}
	} else {
		*(p->reg + 1) &= ~(p->mask); // TODO: atomic
    7d5e:	685a      	ldr	r2, [r3, #4]
			*(p->pad) = IOMUXC_PAD_DSE(7);
    7d60:	e9d0 ec02 	ldrd	lr, ip, [r0, #8]
	if (mode == OUTPUT || mode == OUTPUT_OPENDRAIN) {
    7d64:	d012      	beq.n	7d8c <pinMode+0x40>
    7d66:	2904      	cmp	r1, #4
    7d68:	d010      	beq.n	7d8c <pinMode+0x40>
		*(p->reg + 1) &= ~(p->mask); // TODO: atomic
    7d6a:	ea22 020c 	bic.w	r2, r2, ip
    7d6e:	605a      	str	r2, [r3, #4]
		if (mode == INPUT) {
    7d70:	b1c9      	cbz	r1, 7da6 <pinMode+0x5a>
			*(p->pad) = IOMUXC_PAD_DSE(7);
		} else if (mode == INPUT_PULLUP) {
    7d72:	2902      	cmp	r1, #2
    7d74:	d01f      	beq.n	7db6 <pinMode+0x6a>
			*(p->pad) = IOMUXC_PAD_DSE(7) | IOMUXC_PAD_PKE | IOMUXC_PAD_PUE | IOMUXC_PAD_PUS(3) | IOMUXC_PAD_HYS;
		} else if (mode == INPUT_PULLDOWN) {
    7d76:	2903      	cmp	r1, #3
			*(p->pad) = IOMUXC_PAD_DSE(7) | IOMUXC_PAD_PKE | IOMUXC_PAD_PUE | IOMUXC_PAD_PUS(0) | IOMUXC_PAD_HYS;
		} else { // INPUT_DISABLE
			*(p->pad) = IOMUXC_PAD_DSE(7) | IOMUXC_PAD_HYS;
		}
	}
	*(p->mux) = 5 | 0x10;
    7d78:	f04f 0215 	mov.w	r2, #21
			*(p->pad) = IOMUXC_PAD_DSE(7) | IOMUXC_PAD_PKE | IOMUXC_PAD_PUE | IOMUXC_PAD_PUS(0) | IOMUXC_PAD_HYS;
    7d7c:	bf0c      	ite	eq
    7d7e:	4b11      	ldreq	r3, [pc, #68]	@ (7dc4 <pinMode+0x78>)
			*(p->pad) = IOMUXC_PAD_DSE(7) | IOMUXC_PAD_HYS;
    7d80:	4b11      	ldrne	r3, [pc, #68]	@ (7dc8 <pinMode+0x7c>)
    7d82:	f8ce 3000 	str.w	r3, [lr]
	*(p->mux) = 5 | 0x10;
    7d86:	6843      	ldr	r3, [r0, #4]
    7d88:	601a      	str	r2, [r3, #0]
}
    7d8a:	bd00      	pop	{pc}
		*(p->reg + 1) |= p->mask; // TODO: atomic
    7d8c:	ea42 020c 	orr.w	r2, r2, ip
		if (mode == OUTPUT) {
    7d90:	2901      	cmp	r1, #1
		*(p->reg + 1) |= p->mask; // TODO: atomic
    7d92:	605a      	str	r2, [r3, #4]
		if (mode == OUTPUT) {
    7d94:	d007      	beq.n	7da6 <pinMode+0x5a>
			*(p->pad) = IOMUXC_PAD_DSE(7) | IOMUXC_PAD_ODE;
    7d96:	f640 0338 	movw	r3, #2104	@ 0x838
    7d9a:	f8ce 3000 	str.w	r3, [lr]
	*(p->mux) = 5 | 0x10;
    7d9e:	6843      	ldr	r3, [r0, #4]
    7da0:	2215      	movs	r2, #21
    7da2:	601a      	str	r2, [r3, #0]
}
    7da4:	bd00      	pop	{pc}
			*(p->pad) = IOMUXC_PAD_DSE(7);
    7da6:	2338      	movs	r3, #56	@ 0x38
	*(p->mux) = 5 | 0x10;
    7da8:	2215      	movs	r2, #21
			*(p->pad) = IOMUXC_PAD_DSE(7);
    7daa:	f8ce 3000 	str.w	r3, [lr]
	*(p->mux) = 5 | 0x10;
    7dae:	6843      	ldr	r3, [r0, #4]
    7db0:	601a      	str	r2, [r3, #0]
}
    7db2:	bd00      	pop	{pc}
    7db4:	4770      	bx	lr
			*(p->pad) = IOMUXC_PAD_DSE(7) | IOMUXC_PAD_PKE | IOMUXC_PAD_PUE | IOMUXC_PAD_PUS(3) | IOMUXC_PAD_HYS;
    7db6:	4b05      	ldr	r3, [pc, #20]	@ (7dcc <pinMode+0x80>)
    7db8:	f8ce 3000 	str.w	r3, [lr]
    7dbc:	e7ef      	b.n	7d9e <pinMode+0x52>
    7dbe:	bf00      	nop
    7dc0:	20001650 	.word	0x20001650
    7dc4:	00013038 	.word	0x00013038
    7dc8:	00010038 	.word	0x00010038
    7dcc:	0001f038 	.word	0x0001f038

00007dd0 <main>:
 */

#include <Arduino.h>

extern "C" int main(void)
{
    7dd0:	b508      	push	{r3, lr}
	}


#else
	// Arduino's main() function just calls setup() and loop()....
	setup();
    7dd2:	f7fd faed 	bl	53b0 <setup>
	while (1) {
		loop();
    7dd6:	f7fd fbe7 	bl	55a8 <loop>
		yield();
    7dda:	f001 faf5 	bl	93c8 <yield>
	while (1) {
    7dde:	e7fa      	b.n	7dd6 <main+0x6>

00007de0 <memcpy>:
	@ r1: src
	@ r2: len
#ifdef __ARM_FEATURE_UNALIGNED
	/* In case of UNALIGNED access supported, ip is not used in
	   function body.  */
	mov	ip, r0
    7de0:	4684      	mov	ip, r0
#else
	push	{r0}
#endif
	orr	r3, r1, r0
    7de2:	ea41 0300 	orr.w	r3, r1, r0
	ands	r3, r3, #3
    7de6:	f013 0303 	ands.w	r3, r3, #3
	bne	.Lmisaligned_copy
    7dea:	d16d      	bne.n	7ec8 <memcpy+0xe8>

.Lbig_block:
	subs	r2, __OPT_BIG_BLOCK_SIZE
    7dec:	3a40      	subs	r2, #64	@ 0x40
	blo	.Lmid_block
    7dee:	d341      	bcc.n	7e74 <memcpy+0x94>
	/* Kernel loop for big block copy */
	.align 2
.Lbig_block_loop:
	BEGIN_UNROLL_BIG_BLOCK
#ifdef __ARM_ARCH_7EM__
	ldr	r3, [r1], #4
    7df0:	f851 3b04 	ldr.w	r3, [r1], #4
	str	r3, [r0], #4
    7df4:	f840 3b04 	str.w	r3, [r0], #4
	ldr	r3, [r1], #4
    7df8:	f851 3b04 	ldr.w	r3, [r1], #4
	str	r3, [r0], #4
    7dfc:	f840 3b04 	str.w	r3, [r0], #4
	ldr	r3, [r1], #4
    7e00:	f851 3b04 	ldr.w	r3, [r1], #4
	str	r3, [r0], #4
    7e04:	f840 3b04 	str.w	r3, [r0], #4
	ldr	r3, [r1], #4
    7e08:	f851 3b04 	ldr.w	r3, [r1], #4
	str	r3, [r0], #4
    7e0c:	f840 3b04 	str.w	r3, [r0], #4
	ldr	r3, [r1], #4
    7e10:	f851 3b04 	ldr.w	r3, [r1], #4
	str	r3, [r0], #4
    7e14:	f840 3b04 	str.w	r3, [r0], #4
	ldr	r3, [r1], #4
    7e18:	f851 3b04 	ldr.w	r3, [r1], #4
	str	r3, [r0], #4
    7e1c:	f840 3b04 	str.w	r3, [r0], #4
	ldr	r3, [r1], #4
    7e20:	f851 3b04 	ldr.w	r3, [r1], #4
	str	r3, [r0], #4
    7e24:	f840 3b04 	str.w	r3, [r0], #4
	ldr	r3, [r1], #4
    7e28:	f851 3b04 	ldr.w	r3, [r1], #4
	str	r3, [r0], #4
    7e2c:	f840 3b04 	str.w	r3, [r0], #4
	ldr	r3, [r1], #4
    7e30:	f851 3b04 	ldr.w	r3, [r1], #4
	str	r3, [r0], #4
    7e34:	f840 3b04 	str.w	r3, [r0], #4
	ldr	r3, [r1], #4
    7e38:	f851 3b04 	ldr.w	r3, [r1], #4
	str	r3, [r0], #4
    7e3c:	f840 3b04 	str.w	r3, [r0], #4
	ldr	r3, [r1], #4
    7e40:	f851 3b04 	ldr.w	r3, [r1], #4
	str	r3, [r0], #4
    7e44:	f840 3b04 	str.w	r3, [r0], #4
	ldr	r3, [r1], #4
    7e48:	f851 3b04 	ldr.w	r3, [r1], #4
	str	r3, [r0], #4
    7e4c:	f840 3b04 	str.w	r3, [r0], #4
	ldr	r3, [r1], #4
    7e50:	f851 3b04 	ldr.w	r3, [r1], #4
	str	r3, [r0], #4
    7e54:	f840 3b04 	str.w	r3, [r0], #4
	ldr	r3, [r1], #4
    7e58:	f851 3b04 	ldr.w	r3, [r1], #4
	str	r3, [r0], #4
    7e5c:	f840 3b04 	str.w	r3, [r0], #4
	ldr	r3, [r1], #4
    7e60:	f851 3b04 	ldr.w	r3, [r1], #4
	str	r3, [r0], #4
    7e64:	f840 3b04 	str.w	r3, [r0], #4
	ldr	r3, [r1], #4
    7e68:	f851 3b04 	ldr.w	r3, [r1], #4
	str	r3, [r0], #4
    7e6c:	f840 3b04 	str.w	r3, [r0], #4
	str	r3, [r0, \offset]
	END_UNROLL
	adds	r0, __OPT_BIG_BLOCK_SIZE
	adds	r1, __OPT_BIG_BLOCK_SIZE
#endif
	subs	r2, __OPT_BIG_BLOCK_SIZE
    7e70:	3a40      	subs	r2, #64	@ 0x40
	bhs .Lbig_block_loop
    7e72:	d2bd      	bcs.n	7df0 <memcpy+0x10>

.Lmid_block:
	adds	r2, __OPT_BIG_BLOCK_SIZE - __OPT_MID_BLOCK_SIZE
    7e74:	3230      	adds	r2, #48	@ 0x30
	blo	.Lcopy_word_by_word
    7e76:	d311      	bcc.n	7e9c <memcpy+0xbc>
	/* Kernel loop for mid-block copy */
	.align 2
.Lmid_block_loop:
	BEGIN_UNROLL_MID_BLOCK
#ifdef __ARM_ARCH_7EM__
	ldr	r3, [r1], #4
    7e78:	f851 3b04 	ldr.w	r3, [r1], #4
	str	r3, [r0], #4
    7e7c:	f840 3b04 	str.w	r3, [r0], #4
	ldr	r3, [r1], #4
    7e80:	f851 3b04 	ldr.w	r3, [r1], #4
	str	r3, [r0], #4
    7e84:	f840 3b04 	str.w	r3, [r0], #4
	ldr	r3, [r1], #4
    7e88:	f851 3b04 	ldr.w	r3, [r1], #4
	str	r3, [r0], #4
    7e8c:	f840 3b04 	str.w	r3, [r0], #4
	ldr	r3, [r1], #4
    7e90:	f851 3b04 	ldr.w	r3, [r1], #4
	str	r3, [r0], #4
    7e94:	f840 3b04 	str.w	r3, [r0], #4
	str	r3, [r0, \offset]
	END_UNROLL
	adds    r0, __OPT_MID_BLOCK_SIZE
	adds    r1, __OPT_MID_BLOCK_SIZE
#endif
	subs	r2, __OPT_MID_BLOCK_SIZE
    7e98:	3a10      	subs	r2, #16
	bhs	.Lmid_block_loop
    7e9a:	d2ed      	bcs.n	7e78 <memcpy+0x98>

.Lcopy_word_by_word:
	adds	r2, __OPT_MID_BLOCK_SIZE - 4
    7e9c:	320c      	adds	r2, #12
	blo	.Lcopy_less_than_4
    7e9e:	d305      	bcc.n	7eac <memcpy+0xcc>

	/* Kernel loop for small block copy */
	.align 2
.Lcopy_word_by_word_loop:
	ldr	r3, [r1], #4
    7ea0:	f851 3b04 	ldr.w	r3, [r1], #4
	str	r3, [r0], #4
    7ea4:	f840 3b04 	str.w	r3, [r0], #4
	subs	r2, #4
    7ea8:	3a04      	subs	r2, #4
	bhs	.Lcopy_word_by_word_loop
    7eaa:	d2f9      	bcs.n	7ea0 <memcpy+0xc0>

.Lcopy_less_than_4:
	adds	r2, #4
    7eac:	3204      	adds	r2, #4
	beq	.Ldone
    7eae:	d008      	beq.n	7ec2 <memcpy+0xe2>

	lsls	r2, r2, #31
    7eb0:	07d2      	lsls	r2, r2, #31
	itt ne
    7eb2:	bf1c      	itt	ne
	ldrbne  r3, [r1], #1
    7eb4:	f811 3b01 	ldrbne.w	r3, [r1], #1
	strbne  r3, [r0], #1
    7eb8:	f800 3b01 	strbne.w	r3, [r0], #1

	bcc	.Ldone
    7ebc:	d301      	bcc.n	7ec2 <memcpy+0xe2>
#ifdef __ARM_FEATURE_UNALIGNED
	ldrh	r3, [r1]
    7ebe:	880b      	ldrh	r3, [r1, #0]
	strh	r3, [r0]
    7ec0:	8003      	strh	r3, [r0, #0]
	strb	r3, [r0, #1]
#endif /* __ARM_FEATURE_UNALIGNED */

.Ldone:
#ifdef __ARM_FEATURE_UNALIGNED
	mov	r0, ip
    7ec2:	4660      	mov	r0, ip
#else
	pop	{r0}
#endif
	bx	lr
    7ec4:	4770      	bx	lr
    7ec6:	bf00      	nop
#define Ldst_aligned Lbig_block

	/* Copy word by word using LDR when alignment can be done in hardware,
	i.e., SCTLR.A is set, supporting unaligned access in LDR and STR.  */

	cmp	r2, #8
    7ec8:	2a08      	cmp	r2, #8
	blo	.Lbyte_copy
    7eca:	d313      	bcc.n	7ef4 <memcpy+0x114>

	/* if src is aligned, just go to the big block loop.  */
	lsls	r3, r1, #30
    7ecc:	078b      	lsls	r3, r1, #30
	beq	.Ldst_aligned
    7ece:	d08d      	beq.n	7dec <memcpy+0xc>
	handling of aligned src and misaligned dst need more overhead than
	otherwise.  By doing this the worst case is when initial src is aligned,
	additional up to 4 byte additional copy will executed, which is
	acceptable.  */

	ands	r3, r0, #3
    7ed0:	f010 0303 	ands.w	r3, r0, #3
	beq	.Ldst_aligned
    7ed4:	d08a      	beq.n	7dec <memcpy+0xc>

	rsb	r3, #4
    7ed6:	f1c3 0304 	rsb	r3, r3, #4
	subs	r2, r3
    7eda:	1ad2      	subs	r2, r2, r3

	lsls    r3, r3, #31
    7edc:	07db      	lsls	r3, r3, #31
	itt ne
    7ede:	bf1c      	itt	ne
	ldrbne  r3, [r1], #1
    7ee0:	f811 3b01 	ldrbne.w	r3, [r1], #1
	strbne  r3, [r0], #1
    7ee4:	f800 3b01 	strbne.w	r3, [r0], #1

	bcc .Ldst_aligned
    7ee8:	d380      	bcc.n	7dec <memcpy+0xc>

#ifdef __ARM_FEATURE_UNALIGNED
	ldrh    r3, [r1], #2
    7eea:	f831 3b02 	ldrh.w	r3, [r1], #2
	strh    r3, [r0], #2
    7eee:	f820 3b02 	strh.w	r3, [r0], #2
	b	.Ldst_aligned
    7ef2:	e77b      	b.n	7dec <memcpy+0xc>
	pop	{r4, r5}

#endif /* __ARM_FEATURE_UNALIGNED */

.Lbyte_copy:
	subs	r2, #4
    7ef4:	3a04      	subs	r2, #4
	blo	.Lcopy_less_than_4
    7ef6:	d3d9      	bcc.n	7eac <memcpy+0xcc>

.Lbyte_copy_loop:
	subs    r2, #1
    7ef8:	3a01      	subs	r2, #1
	ldrb    r3, [r1], #1
    7efa:	f811 3b01 	ldrb.w	r3, [r1], #1
	strb    r3, [r0], #1
    7efe:	f800 3b01 	strb.w	r3, [r0], #1
	bhs	.Lbyte_copy_loop
    7f02:	d2f9      	bcs.n	7ef8 <memcpy+0x118>

	ldrb	r3, [r1]
    7f04:	780b      	ldrb	r3, [r1, #0]
	strb	r3, [r0]
    7f06:	7003      	strb	r3, [r0, #0]
	ldrb	r3, [r1, #1]
    7f08:	784b      	ldrb	r3, [r1, #1]
	strb	r3, [r0, #1]
    7f0a:	7043      	strb	r3, [r0, #1]
	ldrb	r3, [r1, #2]
    7f0c:	788b      	ldrb	r3, [r1, #2]
	strb	r3, [r0, #2]
    7f0e:	7083      	strb	r3, [r0, #2]

#ifdef __ARM_FEATURE_UNALIGNED
	mov	r0, ip
    7f10:	4660      	mov	r0, ip
#else
	pop	{r0}
#endif
	bx	lr
    7f12:	4770      	bx	lr

00007f14 <ultoa>:
    7f14:	f101 3cff 	add.w	ip, r1, #4294967295
#include <stdlib.h>
#include <math.h>


char * ultoa(unsigned long val, char *buf, int radix)
{
    7f18:	b570      	push	{r4, r5, r6, lr}
	unsigned digit;
	int i=0, j;
	char t;

	while (1) {
		digit = val % radix;
    7f1a:	4666      	mov	r6, ip
	int i=0, j;
    7f1c:	f04f 0e00 	mov.w	lr, #0
    7f20:	e001      	b.n	7f26 <ultoa+0x12>
		buf[i] = ((digit < 10) ? '0' + digit : 'A' + digit - 10);
		val /= radix;
		if (val == 0) break;
		i++;
    7f22:	f10e 0e01 	add.w	lr, lr, #1
		digit = val % radix;
    7f26:	fbb0 f4f2 	udiv	r4, r0, r2
    7f2a:	fb02 0314 	mls	r3, r2, r4, r0
		buf[i] = ((digit < 10) ? '0' + digit : 'A' + digit - 10);
    7f2e:	2b09      	cmp	r3, #9
    7f30:	f103 0537 	add.w	r5, r3, #55	@ 0x37
    7f34:	bf98      	it	ls
    7f36:	f103 0530 	addls.w	r5, r3, #48	@ 0x30
		if (val == 0) break;
    7f3a:	4290      	cmp	r0, r2
		val /= radix;
    7f3c:	4620      	mov	r0, r4
		buf[i] = ((digit < 10) ? '0' + digit : 'A' + digit - 10);
    7f3e:	f806 5f01 	strb.w	r5, [r6, #1]!
		if (val == 0) break;
    7f42:	d2ee      	bcs.n	7f22 <ultoa+0xe>
	}
	buf[i + 1] = 0;
    7f44:	eb01 030e 	add.w	r3, r1, lr
    7f48:	2200      	movs	r2, #0
    7f4a:	705a      	strb	r2, [r3, #1]
	for (j=0; j < i; j++, i--) {
    7f4c:	f1be 0f00 	cmp.w	lr, #0
    7f50:	d011      	beq.n	7f76 <ultoa+0x62>
    7f52:	1c48      	adds	r0, r1, #1
    7f54:	4470      	add	r0, lr
    7f56:	f10c 0202 	add.w	r2, ip, #2
		t = buf[j];
    7f5a:	f81c 4f01 	ldrb.w	r4, [ip, #1]!
		buf[j] = buf[i];
    7f5e:	f810 5d01 	ldrb.w	r5, [r0, #-1]!
	for (j=0; j < i; j++, i--) {
    7f62:	eba1 030c 	sub.w	r3, r1, ip
    7f66:	1a52      	subs	r2, r2, r1
		buf[j] = buf[i];
    7f68:	f88c 5000 	strb.w	r5, [ip]
	for (j=0; j < i; j++, i--) {
    7f6c:	3b01      	subs	r3, #1
		buf[i] = t;
    7f6e:	7004      	strb	r4, [r0, #0]
	for (j=0; j < i; j++, i--) {
    7f70:	4473      	add	r3, lr
    7f72:	429a      	cmp	r2, r3
    7f74:	dbef      	blt.n	7f56 <ultoa+0x42>
	}
	return buf;
}
    7f76:	4608      	mov	r0, r1
    7f78:	bd70      	pop	{r4, r5, r6, pc}
    7f7a:	bf00      	nop

00007f7c <flexpwm_init>:
		quadtimerFrequency(qtimer, info->module & 0x03, frequency);
	}
}

void flexpwm_init(IMXRT_FLEXPWM_t *p)
{
    7f7c:	b510      	push	{r4, lr}
	int i;

	p->FCTRL0 = FLEXPWM_FCTRL0_FLVL(15); // logic high = fault
	p->FSTS0 = 0x000F; // clear fault status
	p->FFILT0 = 0;
    7f7e:	2300      	movs	r3, #0
	p->FCTRL0 = FLEXPWM_FCTRL0_FLVL(15); // logic high = fault
    7f80:	f44f 4470 	mov.w	r4, #61440	@ 0xf000
	p->FSTS0 = 0x000F; // clear fault status
    7f84:	220f      	movs	r2, #15
	p->MCTRL |= FLEXPWM_MCTRL_CLDOK(15);
	for (i=0; i < 4; i++) {
		p->SM[i].CTRL2 = FLEXPWM_SMCTRL2_INDEP | FLEXPWM_SMCTRL2_WAITEN
			| FLEXPWM_SMCTRL2_DBGEN;
		p->SM[i].CTRL = FLEXPWM_SMCTRL_FULL;
    7f86:	f44f 6e80 	mov.w	lr, #1024	@ 0x400
	p->FCTRL0 = FLEXPWM_FCTRL0_FLVL(15); // logic high = fault
    7f8a:	f8a0 418c 	strh.w	r4, [r0, #396]	@ 0x18c
	for (i=0; i < 4; i++) {
    7f8e:	4619      	mov	r1, r3
	p->FSTS0 = 0x000F; // clear fault status
    7f90:	f8a0 218e 	strh.w	r2, [r0, #398]	@ 0x18e
		p->SM[i].CTRL2 = FLEXPWM_SMCTRL2_INDEP | FLEXPWM_SMCTRL2_WAITEN
    7f94:	f44f 4460 	mov.w	r4, #57344	@ 0xe000
	p->FFILT0 = 0;
    7f98:	f8a0 3190 	strh.w	r3, [r0, #400]	@ 0x190
		p->SM[i].OCTRL = 0;
    7f9c:	460a      	mov	r2, r1
	p->MCTRL |= FLEXPWM_MCTRL_CLDOK(15);
    7f9e:	f8b0 3188 	ldrh.w	r3, [r0, #392]	@ 0x188
		p->SM[i].DTCNT0 = 0;
		p->SM[i].INIT = 0;
		p->SM[i].VAL0 = 0;
		p->SM[i].VAL1 = 33464;
    7fa2:	f248 2cb8 	movw	ip, #33464	@ 0x82b8
	p->MCTRL |= FLEXPWM_MCTRL_CLDOK(15);
    7fa6:	f043 03f0 	orr.w	r3, r3, #240	@ 0xf0
    7faa:	f8a0 3188 	strh.w	r3, [r0, #392]	@ 0x188
		p->SM[i].CTRL2 = FLEXPWM_SMCTRL2_INDEP | FLEXPWM_SMCTRL2_WAITEN
    7fae:	eb01 0341 	add.w	r3, r1, r1, lsl #1
	for (i=0; i < 4; i++) {
    7fb2:	3101      	adds	r1, #1
    7fb4:	eb00 1343 	add.w	r3, r0, r3, lsl #5
    7fb8:	2904      	cmp	r1, #4
		p->SM[i].CTRL2 = FLEXPWM_SMCTRL2_INDEP | FLEXPWM_SMCTRL2_WAITEN
    7fba:	809c      	strh	r4, [r3, #4]
		p->SM[i].CTRL = FLEXPWM_SMCTRL_FULL;
    7fbc:	f8a3 e006 	strh.w	lr, [r3, #6]
		p->SM[i].OCTRL = 0;
    7fc0:	845a      	strh	r2, [r3, #34]	@ 0x22
		p->SM[i].DTCNT0 = 0;
    7fc2:	861a      	strh	r2, [r3, #48]	@ 0x30
		p->SM[i].INIT = 0;
    7fc4:	805a      	strh	r2, [r3, #2]
		p->SM[i].VAL0 = 0;
    7fc6:	815a      	strh	r2, [r3, #10]
		p->SM[i].VAL1 = 33464;
    7fc8:	f8a3 c00e 	strh.w	ip, [r3, #14]
		p->SM[i].VAL2 = 0;
    7fcc:	825a      	strh	r2, [r3, #18]
		p->SM[i].VAL3 = 0;
    7fce:	82da      	strh	r2, [r3, #22]
		p->SM[i].VAL4 = 0;
    7fd0:	835a      	strh	r2, [r3, #26]
		p->SM[i].VAL5 = 0;
    7fd2:	83da      	strh	r2, [r3, #30]
	for (i=0; i < 4; i++) {
    7fd4:	d1eb      	bne.n	7fae <flexpwm_init+0x32>
	}
	p->MCTRL |= FLEXPWM_MCTRL_LDOK(15);
    7fd6:	f8b0 3188 	ldrh.w	r3, [r0, #392]	@ 0x188
    7fda:	f043 030f 	orr.w	r3, r3, #15
    7fde:	f8a0 3188 	strh.w	r3, [r0, #392]	@ 0x188
	p->MCTRL |= FLEXPWM_MCTRL_RUN(15);
    7fe2:	f8b0 3188 	ldrh.w	r3, [r0, #392]	@ 0x188
    7fe6:	f443 6370 	orr.w	r3, r3, #3840	@ 0xf00
    7fea:	f8a0 3188 	strh.w	r3, [r0, #392]	@ 0x188
}
    7fee:	bd10      	pop	{r4, pc}

00007ff0 <pwm_init>:
}

void pwm_init(void)
{
	//printf("pwm init\n");
	CCM_CCGR4 |= CCM_CCGR4_PWM1(CCM_CCGR_ON) | CCM_CCGR4_PWM2(CCM_CCGR_ON) |
    7ff0:	4b37      	ldr	r3, [pc, #220]	@ (80d0 <pwm_init+0xe0>)
		CCM_CCGR4_PWM3(CCM_CCGR_ON) | CCM_CCGR4_PWM4(CCM_CCGR_ON);
	CCM_CCGR6 |= CCM_CCGR6_QTIMER1(CCM_CCGR_ON) | CCM_CCGR6_QTIMER2(CCM_CCGR_ON) |
    7ff2:	4a38      	ldr	r2, [pc, #224]	@ (80d4 <pwm_init+0xe4>)
	CCM_CCGR4 |= CCM_CCGR4_PWM1(CCM_CCGR_ON) | CCM_CCGR4_PWM2(CCM_CCGR_ON) |
    7ff4:	6f99      	ldr	r1, [r3, #120]	@ 0x78
		CCM_CCGR6_QTIMER3(CCM_CCGR_ON) | CCM_CCGR6_QTIMER4(CCM_CCGR_ON);
	flexpwm_init(&IMXRT_FLEXPWM1);
    7ff6:	4838      	ldr	r0, [pc, #224]	@ (80d8 <pwm_init+0xe8>)
	CCM_CCGR4 |= CCM_CCGR4_PWM1(CCM_CCGR_ON) | CCM_CCGR4_PWM2(CCM_CCGR_ON) |
    7ff8:	f441 017f 	orr.w	r1, r1, #16711680	@ 0xff0000
{
    7ffc:	b570      	push	{r4, r5, r6, lr}
	CCM_CCGR4 |= CCM_CCGR4_PWM1(CCM_CCGR_ON) | CCM_CCGR4_PWM2(CCM_CCGR_ON) |
    7ffe:	6799      	str	r1, [r3, #120]	@ 0x78
		p->CH[i].CSCTRL = TMR_CSCTRL_CL1(1) | TMR_CSCTRL_ALT_LOAD;
    8000:	f241 0601 	movw	r6, #4097	@ 0x1001
	CCM_CCGR6 |= CCM_CCGR6_QTIMER1(CCM_CCGR_ON) | CCM_CCGR6_QTIMER2(CCM_CCGR_ON) |
    8004:	f8d3 1080 	ldr.w	r1, [r3, #128]	@ 0x80
		p->CH[i].LOAD = 24000;   // low time  (65537 - x) - 
    8008:	f645 55c0 	movw	r5, #24000	@ 0x5dc0
		p->CH[i].CTRL = TMR_CTRL_CM(1) | TMR_CTRL_PCS(8) |
    800c:	f243 0426 	movw	r4, #12326	@ 0x3026
	CCM_CCGR6 |= CCM_CCGR6_QTIMER1(CCM_CCGR_ON) | CCM_CCGR6_QTIMER2(CCM_CCGR_ON) |
    8010:	430a      	orrs	r2, r1
    8012:	f8c3 2080 	str.w	r2, [r3, #128]	@ 0x80
	flexpwm_init(&IMXRT_FLEXPWM1);
    8016:	f7ff ffb1 	bl	7f7c <flexpwm_init>
	flexpwm_init(&IMXRT_FLEXPWM2);
    801a:	f500 4080 	add.w	r0, r0, #16384	@ 0x4000
    801e:	f7ff ffad 	bl	7f7c <flexpwm_init>
	flexpwm_init(&IMXRT_FLEXPWM3);
    8022:	f500 4080 	add.w	r0, r0, #16384	@ 0x4000
    8026:	f7ff ffa9 	bl	7f7c <flexpwm_init>
	flexpwm_init(&IMXRT_FLEXPWM4);
    802a:	f500 4080 	add.w	r0, r0, #16384	@ 0x4000
    802e:	f7ff ffa5 	bl	7f7c <flexpwm_init>
	for (i=0; i < 4; i++) {
    8032:	2200      	movs	r2, #0
		p->CH[i].CTRL = 0; // stop timer
    8034:	f5a0 1003 	sub.w	r0, r0, #2146304	@ 0x20c000
		p->CH[i].SCTRL = TMR_SCTRL_OEN | TMR_SCTRL_OPS | TMR_SCTRL_VAL | TMR_SCTRL_FORCE;
    8038:	f04f 0e0f 	mov.w	lr, #15
		p->CH[i].CTRL = 0; // stop timer
    803c:	4611      	mov	r1, r2
    803e:	eb00 1342 	add.w	r3, r0, r2, lsl #5
    8042:	ea4f 1c42 	mov.w	ip, r2, lsl #5
	for (i=0; i < 4; i++) {
    8046:	3201      	adds	r2, #1
		p->CH[i].CTRL = 0; // stop timer
    8048:	8199      	strh	r1, [r3, #12]
	for (i=0; i < 4; i++) {
    804a:	2a04      	cmp	r2, #4
		p->CH[i].CNTR = 0;
    804c:	8159      	strh	r1, [r3, #10]
		p->CH[i].SCTRL = TMR_SCTRL_OEN | TMR_SCTRL_OPS | TMR_SCTRL_VAL | TMR_SCTRL_FORCE;
    804e:	f8a3 e00e 	strh.w	lr, [r3, #14]
		p->CH[i].CSCTRL = TMR_CSCTRL_CL1(1) | TMR_CSCTRL_ALT_LOAD;
    8052:	829e      	strh	r6, [r3, #20]
		p->CH[i].LOAD = 24000;   // low time  (65537 - x) - 
    8054:	80dd      	strh	r5, [r3, #6]
		p->CH[i].COMP1 = 0;  // high time (0 = always low, max = LOAD-1)
    8056:	f820 100c 	strh.w	r1, [r0, ip]
		p->CH[i].CMPLD1 = 0;
    805a:	8219      	strh	r1, [r3, #16]
		p->CH[i].CTRL = TMR_CTRL_CM(1) | TMR_CTRL_PCS(8) |
    805c:	819c      	strh	r4, [r3, #12]
	for (i=0; i < 4; i++) {
    805e:	d1ee      	bne.n	803e <pwm_init+0x4e>
    8060:	2200      	movs	r2, #0
		p->CH[i].CTRL = 0; // stop timer
    8062:	481e      	ldr	r0, [pc, #120]	@ (80dc <pwm_init+0xec>)
		p->CH[i].SCTRL = TMR_SCTRL_OEN | TMR_SCTRL_OPS | TMR_SCTRL_VAL | TMR_SCTRL_FORCE;
    8064:	f04f 0e0f 	mov.w	lr, #15
		p->CH[i].CSCTRL = TMR_CSCTRL_CL1(1) | TMR_CSCTRL_ALT_LOAD;
    8068:	f241 0601 	movw	r6, #4097	@ 0x1001
		p->CH[i].CTRL = 0; // stop timer
    806c:	4611      	mov	r1, r2
		p->CH[i].LOAD = 24000;   // low time  (65537 - x) - 
    806e:	f645 55c0 	movw	r5, #24000	@ 0x5dc0
		p->CH[i].CTRL = TMR_CTRL_CM(1) | TMR_CTRL_PCS(8) |
    8072:	f243 0426 	movw	r4, #12326	@ 0x3026
		p->CH[i].CTRL = 0; // stop timer
    8076:	eb00 1342 	add.w	r3, r0, r2, lsl #5
    807a:	ea4f 1c42 	mov.w	ip, r2, lsl #5
	for (i=0; i < 4; i++) {
    807e:	3201      	adds	r2, #1
		p->CH[i].CTRL = 0; // stop timer
    8080:	8199      	strh	r1, [r3, #12]
	for (i=0; i < 4; i++) {
    8082:	2a04      	cmp	r2, #4
		p->CH[i].CNTR = 0;
    8084:	8159      	strh	r1, [r3, #10]
		p->CH[i].SCTRL = TMR_SCTRL_OEN | TMR_SCTRL_OPS | TMR_SCTRL_VAL | TMR_SCTRL_FORCE;
    8086:	f8a3 e00e 	strh.w	lr, [r3, #14]
		p->CH[i].CSCTRL = TMR_CSCTRL_CL1(1) | TMR_CSCTRL_ALT_LOAD;
    808a:	829e      	strh	r6, [r3, #20]
		p->CH[i].LOAD = 24000;   // low time  (65537 - x) - 
    808c:	80dd      	strh	r5, [r3, #6]
		p->CH[i].COMP1 = 0;  // high time (0 = always low, max = LOAD-1)
    808e:	f820 100c 	strh.w	r1, [r0, ip]
		p->CH[i].CMPLD1 = 0;
    8092:	8219      	strh	r1, [r3, #16]
		p->CH[i].CTRL = TMR_CTRL_CM(1) | TMR_CTRL_PCS(8) |
    8094:	819c      	strh	r4, [r3, #12]
	for (i=0; i < 4; i++) {
    8096:	d1ee      	bne.n	8076 <pwm_init+0x86>
    8098:	2200      	movs	r2, #0
		p->CH[i].CTRL = 0; // stop timer
    809a:	4811      	ldr	r0, [pc, #68]	@ (80e0 <pwm_init+0xf0>)
		p->CH[i].SCTRL = TMR_SCTRL_OEN | TMR_SCTRL_OPS | TMR_SCTRL_VAL | TMR_SCTRL_FORCE;
    809c:	260f      	movs	r6, #15
		p->CH[i].CSCTRL = TMR_CSCTRL_CL1(1) | TMR_CSCTRL_ALT_LOAD;
    809e:	f241 0501 	movw	r5, #4097	@ 0x1001
		p->CH[i].CTRL = 0; // stop timer
    80a2:	4611      	mov	r1, r2
		p->CH[i].LOAD = 24000;   // low time  (65537 - x) - 
    80a4:	f645 54c0 	movw	r4, #24000	@ 0x5dc0
		p->CH[i].CTRL = TMR_CTRL_CM(1) | TMR_CTRL_PCS(8) |
    80a8:	f243 0e26 	movw	lr, #12326	@ 0x3026
		p->CH[i].CTRL = 0; // stop timer
    80ac:	eb00 1342 	add.w	r3, r0, r2, lsl #5
    80b0:	ea4f 1c42 	mov.w	ip, r2, lsl #5
	for (i=0; i < 4; i++) {
    80b4:	3201      	adds	r2, #1
		p->CH[i].CTRL = 0; // stop timer
    80b6:	8199      	strh	r1, [r3, #12]
	for (i=0; i < 4; i++) {
    80b8:	2a04      	cmp	r2, #4
		p->CH[i].CNTR = 0;
    80ba:	8159      	strh	r1, [r3, #10]
		p->CH[i].SCTRL = TMR_SCTRL_OEN | TMR_SCTRL_OPS | TMR_SCTRL_VAL | TMR_SCTRL_FORCE;
    80bc:	81de      	strh	r6, [r3, #14]
		p->CH[i].CSCTRL = TMR_CSCTRL_CL1(1) | TMR_CSCTRL_ALT_LOAD;
    80be:	829d      	strh	r5, [r3, #20]
		p->CH[i].LOAD = 24000;   // low time  (65537 - x) - 
    80c0:	80dc      	strh	r4, [r3, #6]
		p->CH[i].COMP1 = 0;  // high time (0 = always low, max = LOAD-1)
    80c2:	f820 100c 	strh.w	r1, [r0, ip]
		p->CH[i].CMPLD1 = 0;
    80c6:	8219      	strh	r1, [r3, #16]
		p->CH[i].CTRL = TMR_CTRL_CM(1) | TMR_CTRL_PCS(8) |
    80c8:	f8a3 e00c 	strh.w	lr, [r3, #12]
	for (i=0; i < 4; i++) {
    80cc:	d1ee      	bne.n	80ac <pwm_init+0xbc>
	quadtimer_init(&IMXRT_TMR1);
	quadtimer_init(&IMXRT_TMR2);
	quadtimer_init(&IMXRT_TMR3);
}
    80ce:	bd70      	pop	{r4, r5, r6, pc}
    80d0:	400fc000 	.word	0x400fc000
    80d4:	fc030000 	.word	0xfc030000
    80d8:	403dc000 	.word	0x403dc000
    80dc:	401e0000 	.word	0x401e0000
    80e0:	401e4000 	.word	0x401e4000

000080e4 <unused_interrupt_vector>:
	__disable_irq();
    80e4:	b672      	cpsid	i
	asm volatile("mrs %0, ipsr\n" : "=r" (ipsr) :: "memory");
    80e6:	f3ef 8305 	mrs	r3, IPSR
	info->ipsr = ipsr;
    80ea:	4c52      	ldr	r4, [pc, #328]	@ (8234 <unused_interrupt_vector+0x150>)
    80ec:	f8c4 3084 	str.w	r3, [r4, #132]	@ 0x84
	asm volatile("tst lr, #4\nite eq\nmrseq %0, msp\nmrsne %0, psp\n" : "=r" (stack) :: "memory");
    80f0:	f01e 0f04 	tst.w	lr, #4
    80f4:	bf0c      	ite	eq
    80f6:	f3ef 8208 	mrseq	r2, MSP
    80fa:	f3ef 8209 	mrsne	r2, PSP
	info->cfsr = SCB_CFSR;
    80fe:	f04f 23e0 	mov.w	r3, #3758153728	@ 0xe000e000
	p = (uint32_t *)info;
    8102:	4d4d      	ldr	r5, [pc, #308]	@ (8238 <unused_interrupt_vector+0x154>)
	info->cfsr = SCB_CFSR;
    8104:	f8d3 0d28 	ldr.w	r0, [r3, #3368]	@ 0xd28
	info->hfsr = SCB_HFSR;
    8108:	f8d3 1d2c 	ldr.w	r1, [r3, #3372]	@ 0xd2c
    810c:	e9c4 0122 	strd	r0, r1, [r4, #136]	@ 0x88
	info->mmfar = SCB_MMFAR;
    8110:	f8d3 1d34 	ldr.w	r1, [r3, #3380]	@ 0xd34
	info->bfar = SCB_BFAR;
    8114:	f8d3 3d38 	ldr.w	r3, [r3, #3384]	@ 0xd38
    8118:	e9c4 1324 	strd	r1, r3, [r4, #144]	@ 0x90
	info->ret = stack[6];
    811c:	6993      	ldr	r3, [r2, #24]
	while (p < end) {
    811e:	34a8      	adds	r4, #168	@ 0xa8
	info->ret = stack[6];
    8120:	f844 3c10 	str.w	r3, [r4, #-16]
	info->xpsr = stack[7];
    8124:	69d3      	ldr	r3, [r2, #28]
    8126:	f844 3c0c 	str.w	r3, [r4, #-12]
	info->temp = tempmonGetTemp();
    812a:	f000 f8a1 	bl	8270 <tempmonGetTemp>
    812e:	ed04 0a02 	vstr	s0, [r4, #-8]
	info->time = rtc_get();
    8132:	f001 f9e9 	bl	9508 <rtc_get>
	info->len = sizeof(*info) / 4;
    8136:	230b      	movs	r3, #11
	info->time = rtc_get();
    8138:	f844 0c04 	str.w	r0, [r4, #-4]
	crc = 0xFFFFFFFF;
    813c:	f04f 32ff 	mov.w	r2, #4294967295
		for (i=0; i < 32; i++) crc = (crc >> 1) ^ (crc & 1)*0xEDB88320;
    8140:	483e      	ldr	r0, [pc, #248]	@ (823c <unused_interrupt_vector+0x158>)
	info->len = sizeof(*info) / 4;
    8142:	f844 3c28 	str.w	r3, [r4, #-40]
		crc ^= *p++;
    8146:	682b      	ldr	r3, [r5, #0]
    8148:	2120      	movs	r1, #32
    814a:	3504      	adds	r5, #4
    814c:	405a      	eors	r2, r3
		for (i=0; i < 32; i++) crc = (crc >> 1) ^ (crc & 1)*0xEDB88320;
    814e:	f342 0300 	sbfx	r3, r2, #0, #1
    8152:	3901      	subs	r1, #1
    8154:	ea03 0300 	and.w	r3, r3, r0
    8158:	ea83 0252 	eor.w	r2, r3, r2, lsr #1
    815c:	d1f7      	bne.n	814e <unused_interrupt_vector+0x6a>
	while (p < end) {
    815e:	42a5      	cmp	r5, r4
    8160:	d1f1      	bne.n	8146 <unused_interrupt_vector+0x62>
	info->crc = crc;
    8162:	4b34      	ldr	r3, [pc, #208]	@ (8234 <unused_interrupt_vector+0x150>)
    8164:	f8c3 20a8 	str.w	r2, [r3, #168]	@ 0xa8
static inline void arm_dcache_flush_delete(void *addr, uint32_t size)
{
	uint32_t location = (uint32_t)addr & 0xFFFFFFE0;
	uint32_t end_addr = (uint32_t)addr + size;
	asm volatile("": : :"memory");
	asm("dsb");
    8168:	f3bf 8f4f 	dsb	sy
	do {
		SCB_CACHE_DCCIMVAC = location;
    816c:	f04f 23e0 	mov.w	r3, #3758153728	@ 0xe000e000
    8170:	4931      	ldr	r1, [pc, #196]	@ (8238 <unused_interrupt_vector+0x154>)
    8172:	4a33      	ldr	r2, [pc, #204]	@ (8240 <unused_interrupt_vector+0x15c>)
    8174:	f8c3 1f70 	str.w	r1, [r3, #3952]	@ 0xf70
    8178:	f8c3 2f70 	str.w	r2, [r3, #3952]	@ 0xf70
		location += 32;
	} while (location < end_addr);
	asm("dsb");
    817c:	f3bf 8f4f 	dsb	sy
	asm("isb");
    8180:	f3bf 8f6f 	isb	sy
	CCM_CCGR1 |= CCM_CCGR1_PIT(CCM_CCGR_ON);
    8184:	4a2f      	ldr	r2, [pc, #188]	@ (8244 <unused_interrupt_vector+0x160>)
	PIT_MCR = PIT_MCR_MDIS;
    8186:	2402      	movs	r4, #2
    8188:	482f      	ldr	r0, [pc, #188]	@ (8248 <unused_interrupt_vector+0x164>)
	CCM_CCGR1 |= CCM_CCGR1_PIT(CCM_CCGR_ON);
    818a:	6ed3      	ldr	r3, [r2, #108]	@ 0x6c
  	if (F_CPU_ACTUAL > 198000000) set_arm_clock(198000000);
    818c:	492f      	ldr	r1, [pc, #188]	@ (824c <unused_interrupt_vector+0x168>)
	CCM_CCGR1 |= CCM_CCGR1_PIT(CCM_CCGR_ON);
    818e:	f443 5340 	orr.w	r3, r3, #12288	@ 0x3000
    8192:	66d3      	str	r3, [r2, #108]	@ 0x6c
	PIT_MCR = PIT_MCR_MDIS;
    8194:	6004      	str	r4, [r0, #0]
	CCM_CSCMR1 = (CCM_CSCMR1 & ~CCM_CSCMR1_PERCLK_PODF(0x3F)) | CCM_CSCMR1_PERCLK_CLK_SEL;
    8196:	69d3      	ldr	r3, [r2, #28]
  	if (F_CPU_ACTUAL > 198000000) set_arm_clock(198000000);
    8198:	482d      	ldr	r0, [pc, #180]	@ (8250 <unused_interrupt_vector+0x16c>)
	CCM_CSCMR1 = (CCM_CSCMR1 & ~CCM_CSCMR1_PERCLK_PODF(0x3F)) | CCM_CSCMR1_PERCLK_CLK_SEL;
    819a:	f023 037f 	bic.w	r3, r3, #127	@ 0x7f
    819e:	f043 0340 	orr.w	r3, r3, #64	@ 0x40
    81a2:	61d3      	str	r3, [r2, #28]
  	if (F_CPU_ACTUAL > 198000000) set_arm_clock(198000000);
    81a4:	680b      	ldr	r3, [r1, #0]
    81a6:	4283      	cmp	r3, r0
    81a8:	d840      	bhi.n	822c <unused_interrupt_vector+0x148>
	PIT_MCR = 0;
    81aa:	4d27      	ldr	r5, [pc, #156]	@ (8248 <unused_interrupt_vector+0x164>)
    81ac:	2000      	movs	r0, #0
	NVIC_ICER0 = 0xFFFFFFFF;
    81ae:	f04f 23e0 	mov.w	r3, #3758153728	@ 0xe000e000
    81b2:	f04f 32ff 	mov.w	r2, #4294967295
	PIT_MCR = 0;
    81b6:	6028      	str	r0, [r5, #0]
	PIT_TCTRL0 = PIT_TCTRL_TEN;
    81b8:	2101      	movs	r1, #1
	PIT_TCTRL0 = 0;
    81ba:	f8c5 0108 	str.w	r0, [r5, #264]	@ 0x108
	PIT_LDVAL0 = 2400000; // 2400000 = 100ms
    81be:	4825      	ldr	r0, [pc, #148]	@ (8254 <unused_interrupt_vector+0x170>)
    81c0:	460c      	mov	r4, r1
			PIT_TFLG0 = 1;
    81c2:	460e      	mov	r6, r1
	PIT_LDVAL0 = 2400000; // 2400000 = 100ms
    81c4:	f8c5 0100 	str.w	r0, [r5, #256]	@ 0x100
	PIT_TCTRL0 = PIT_TCTRL_TEN;
    81c8:	f8c5 1108 	str.w	r1, [r5, #264]	@ 0x108
	NVIC_ICER0 = 0xFFFFFFFF;
    81cc:	f8c3 2180 	str.w	r2, [r3, #384]	@ 0x180
	NVIC_ICER1 = 0xFFFFFFFF;
    81d0:	f8c3 2184 	str.w	r2, [r3, #388]	@ 0x184
	NVIC_ICER2 = 0xFFFFFFFF;
    81d4:	f8c3 2188 	str.w	r2, [r3, #392]	@ 0x188
	NVIC_ICER3 = 0xFFFFFFFF;
    81d8:	f8c3 218c 	str.w	r2, [r3, #396]	@ 0x18c
	NVIC_ICER4 = 0xFFFFFFFF;
    81dc:	f8c3 2190 	str.w	r2, [r3, #400]	@ 0x190
	count = 0;
    81e0:	e001      	b.n	81e6 <unused_interrupt_vector+0x102>
		usb_isr();
    81e2:	f000 f945 	bl	8470 <usb_isr>
		if (PIT_TFLG0) {
    81e6:	f8d5 310c 	ldr.w	r3, [r5, #268]	@ 0x10c
    81ea:	2b00      	cmp	r3, #0
    81ec:	d0f9      	beq.n	81e2 <unused_interrupt_vector+0xfe>
			if (++count >= 80) break;  // reboot after 8 seconds
    81ee:	2c4f      	cmp	r4, #79	@ 0x4f
			PIT_TFLG0 = 1;
    81f0:	f8c5 610c 	str.w	r6, [r5, #268]	@ 0x10c
			if (++count >= 80) break;  // reboot after 8 seconds
    81f4:	f104 0401 	add.w	r4, r4, #1
    81f8:	d9f3      	bls.n	81e2 <unused_interrupt_vector+0xfe>
	USBPHY1_CTRL_SET = USBPHY_CTRL_SFTRST;
    81fa:	4b17      	ldr	r3, [pc, #92]	@ (8258 <unused_interrupt_vector+0x174>)
	USB1_USBCMD = USB_USBCMD_RST;
    81fc:	2002      	movs	r0, #2
    81fe:	4917      	ldr	r1, [pc, #92]	@ (825c <unused_interrupt_vector+0x178>)
	USBPHY1_CTRL_SET = USBPHY_CTRL_SFTRST;
    8200:	f04f 4200 	mov.w	r2, #2147483648	@ 0x80000000
	USB1_USBCMD = USB_USBCMD_RST;
    8204:	f8c1 0140 	str.w	r0, [r1, #320]	@ 0x140
	USBPHY1_CTRL_SET = USBPHY_CTRL_SFTRST;
    8208:	635a      	str	r2, [r3, #52]	@ 0x34
	while (PIT_TFLG0 == 0) /* wait 0.1 second for PC to know USB unplugged */
    820a:	f8d5 310c 	ldr.w	r3, [r5, #268]	@ 0x10c
    820e:	b93b      	cbnz	r3, 8220 <unused_interrupt_vector+0x13c>
	SRC_GPR5 = 0x0BAD00F1;
    8210:	4813      	ldr	r0, [pc, #76]	@ (8260 <unused_interrupt_vector+0x17c>)
    8212:	4914      	ldr	r1, [pc, #80]	@ (8264 <unused_interrupt_vector+0x180>)
	while (PIT_TFLG0 == 0) /* wait 0.1 second for PC to know USB unplugged */
    8214:	4a0c      	ldr	r2, [pc, #48]	@ (8248 <unused_interrupt_vector+0x164>)
	SRC_GPR5 = 0x0BAD00F1;
    8216:	6301      	str	r1, [r0, #48]	@ 0x30
	while (PIT_TFLG0 == 0) /* wait 0.1 second for PC to know USB unplugged */
    8218:	f8d2 310c 	ldr.w	r3, [r2, #268]	@ 0x10c
    821c:	2b00      	cmp	r3, #0
    821e:	d0fa      	beq.n	8216 <unused_interrupt_vector+0x132>
	SCB_AIRCR = 0x05FA0004;
    8220:	f04f 23e0 	mov.w	r3, #3758153728	@ 0xe000e000
    8224:	4a10      	ldr	r2, [pc, #64]	@ (8268 <unused_interrupt_vector+0x184>)
    8226:	f8c3 2d0c 	str.w	r2, [r3, #3340]	@ 0xd0c
	while (1) ;
    822a:	e7fe      	b.n	822a <unused_interrupt_vector+0x146>
  	if (F_CPU_ACTUAL > 198000000) set_arm_clock(198000000);
    822c:	f7ff fbae 	bl	798c <set_arm_clock>
    8230:	e7bb      	b.n	81aa <unused_interrupt_vector+0xc6>
    8232:	bf00      	nop
    8234:	2027ff00 	.word	0x2027ff00
    8238:	2027ff80 	.word	0x2027ff80
    823c:	edb88320 	.word	0xedb88320
    8240:	2027ffa0 	.word	0x2027ffa0
    8244:	400fc000 	.word	0x400fc000
    8248:	40084000 	.word	0x40084000
    824c:	20001c4c 	.word	0x20001c4c
    8250:	0bcd3d80 	.word	0x0bcd3d80
    8254:	00249f00 	.word	0x00249f00
    8258:	400d9000 	.word	0x400d9000
    825c:	402e0000 	.word	0x402e0000
    8260:	400f8000 	.word	0x400f8000
    8264:	0bad00f1 	.word	0x0bad00f1
    8268:	05fa0004 	.word	0x05fa0004

0000826c <Panic_Temp_isr>:
  unused_interrupt_vector();
    826c:	f7ff bf3a 	b.w	80e4 <unused_interrupt_vector>

00008270 <tempmonGetTemp>:
float tempmonGetTemp(void)
{
    uint32_t nmeas;
    float tmeas;

    while (!(TEMPMON_TEMPSENSE0 & 0x4U))
    8270:	4a12      	ldr	r2, [pc, #72]	@ (82bc <tempmonGetTemp+0x4c>)
    8272:	f8d2 3080 	ldr.w	r3, [r2, #128]	@ 0x80
    8276:	075b      	lsls	r3, r3, #29
    8278:	d5fb      	bpl.n	8272 <tempmonGetTemp+0x2>
    {
    }

    /* ready to read temperature code value */
    nmeas = (TEMPMON_TEMPSENSE0 & 0xFFF00U) >> 8U;
    827a:	f8d2 3080 	ldr.w	r3, [r2, #128]	@ 0x80
    /* Calculate temperature */
    tmeas = s_hotTemp - (((float)nmeas - (float)s_hotCount) * s_hot_ROOM / s_roomC_hotC);
    827e:	4810      	ldr	r0, [pc, #64]	@ (82c0 <tempmonGetTemp+0x50>)
    nmeas = (TEMPMON_TEMPSENSE0 & 0xFFF00U) >> 8U;
    8280:	f3c3 230b 	ubfx	r3, r3, #8, #12
    tmeas = s_hotTemp - (((float)nmeas - (float)s_hotCount) * s_hot_ROOM / s_roomC_hotC);
    8284:	490f      	ldr	r1, [pc, #60]	@ (82c4 <tempmonGetTemp+0x54>)
    8286:	ed90 7a00 	vldr	s14, [r0]
    nmeas = (TEMPMON_TEMPSENSE0 & 0xFFF00U) >> 8U;
    828a:	ee07 3a90 	vmov	s15, r3
    tmeas = s_hotTemp - (((float)nmeas - (float)s_hotCount) * s_hot_ROOM / s_roomC_hotC);
    828e:	ed91 6a00 	vldr	s12, [r1]
    8292:	eeb8 7a47 	vcvt.f32.u32	s14, s14
    8296:	4a0c      	ldr	r2, [pc, #48]	@ (82c8 <tempmonGetTemp+0x58>)
    8298:	eef8 7ae7 	vcvt.f32.s32	s15, s15
    829c:	4b0b      	ldr	r3, [pc, #44]	@ (82cc <tempmonGetTemp+0x5c>)
    829e:	edd2 6a00 	vldr	s13, [r2]
    82a2:	ee77 7ac7 	vsub.f32	s15, s15, s14
    82a6:	ed93 7a00 	vldr	s14, [r3]
    82aa:	eeb8 7a47 	vcvt.f32.u32	s14, s14
    82ae:	ee67 7a86 	vmul.f32	s15, s15, s12
    82b2:	ee87 0aa6 	vdiv.f32	s0, s15, s13

    return tmeas;
}
    82b6:	ee37 0a40 	vsub.f32	s0, s14, s0
    82ba:	4770      	bx	lr
    82bc:	400d8100 	.word	0x400d8100
    82c0:	20008064 	.word	0x20008064
    82c4:	2000806c 	.word	0x2000806c
    82c8:	20008070 	.word	0x20008070
    82cc:	20008068 	.word	0x20008068

000082d0 <schedule_transfer>:
{
	// when we stop at 6, why is the last transfer missing from the USB output?
	//if (transfer_log_count >= 6) return;

	//uint32_t ret = (*(const uint8_t *)transfer->pointer0) << 8;
	if (endpoint->callback_function) {
    82d0:	6b83      	ldr	r3, [r0, #56]	@ 0x38
{
    82d2:	b570      	push	{r4, r5, r6, lr}
    82d4:	4686      	mov	lr, r0
    82d6:	460e      	mov	r6, r1
    82d8:	4610      	mov	r0, r2
	if (endpoint->callback_function) {
    82da:	b11b      	cbz	r3, 82e4 <schedule_transfer+0x14>
		transfer->status |= (1<<15);
    82dc:	6853      	ldr	r3, [r2, #4]
    82de:	f443 4300 	orr.w	r3, r3, #32768	@ 0x8000
    82e2:	6053      	str	r3, [r2, #4]
	}
	__disable_irq();
    82e4:	b672      	cpsid	i
	//digitalWriteFast(1, HIGH);
	// Executing A Transfer Descriptor, page 2468 (RT1060 manual, Rev 1, 12/2018)
	transfer_t *last = endpoint->last_transfer;
    82e6:	f8de 2034 	ldr.w	r2, [lr, #52]	@ 0x34
	if (last) {
    82ea:	b342      	cbz	r2, 833e <schedule_transfer+0x6e>
		last->next = (uint32_t)transfer;
		if (USB1_ENDPTPRIME & epmask) goto end;
    82ec:	4b1b      	ldr	r3, [pc, #108]	@ (835c <schedule_transfer+0x8c>)
		last->next = (uint32_t)transfer;
    82ee:	6010      	str	r0, [r2, #0]
		if (USB1_ENDPTPRIME & epmask) goto end;
    82f0:	f8d3 21b0 	ldr.w	r2, [r3, #432]	@ 0x1b0
    82f4:	4232      	tst	r2, r6
    82f6:	d11e      	bne.n	8336 <schedule_transfer+0x66>
		//digitalWriteFast(2, HIGH);
		//ret |= 0x01;
		uint32_t status, cyccnt=ARM_DWT_CYCCNT;
    82f8:	4c19      	ldr	r4, [pc, #100]	@ (8360 <schedule_transfer+0x90>)
    82fa:	6865      	ldr	r5, [r4, #4]
    82fc:	e005      	b.n	830a <schedule_transfer+0x3a>
		do {
			USB1_USBCMD |= USB_USBCMD_ATDTW;
			status = USB1_ENDPTSTATUS;
		} while (!(USB1_USBCMD & USB_USBCMD_ATDTW) && (ARM_DWT_CYCCNT - cyccnt < 2400));
    82fe:	6862      	ldr	r2, [r4, #4]
    8300:	eba2 0c05 	sub.w	ip, r2, r5
    8304:	f5bc 6f16 	cmp.w	ip, #2400	@ 0x960
    8308:	d20b      	bcs.n	8322 <schedule_transfer+0x52>
			USB1_USBCMD |= USB_USBCMD_ATDTW;
    830a:	f8d3 2140 	ldr.w	r2, [r3, #320]	@ 0x140
    830e:	f442 4280 	orr.w	r2, r2, #16384	@ 0x4000
    8312:	f8c3 2140 	str.w	r2, [r3, #320]	@ 0x140
			status = USB1_ENDPTSTATUS;
    8316:	f8d3 11b8 	ldr.w	r1, [r3, #440]	@ 0x1b8
		} while (!(USB1_USBCMD & USB_USBCMD_ATDTW) && (ARM_DWT_CYCCNT - cyccnt < 2400));
    831a:	f8d3 2140 	ldr.w	r2, [r3, #320]	@ 0x140
    831e:	0452      	lsls	r2, r2, #17
    8320:	d5ed      	bpl.n	82fe <schedule_transfer+0x2e>
		//USB1_USBCMD &= ~USB_USBCMD_ATDTW;
		if (status & epmask) goto end;
    8322:	4031      	ands	r1, r6
    8324:	d107      	bne.n	8336 <schedule_transfer+0x66>
		//ret |= 0x02;
		endpoint->next = (uint32_t)transfer;
		endpoint->status = 0;
		USB1_ENDPTPRIME |= epmask;
    8326:	4a0d      	ldr	r2, [pc, #52]	@ (835c <schedule_transfer+0x8c>)
		endpoint->status = 0;
    8328:	e9ce 0102 	strd	r0, r1, [lr, #8]
		USB1_ENDPTPRIME |= epmask;
    832c:	f8d2 31b0 	ldr.w	r3, [r2, #432]	@ 0x1b0
    8330:	4333      	orrs	r3, r6
    8332:	f8c2 31b0 	str.w	r3, [r2, #432]	@ 0x1b0
	endpoint->next = (uint32_t)transfer;
	endpoint->status = 0;
	USB1_ENDPTPRIME |= epmask;
	endpoint->first_transfer = transfer;
end:
	endpoint->last_transfer = transfer;
    8336:	f8ce 0034 	str.w	r0, [lr, #52]	@ 0x34
	__enable_irq();
    833a:	b662      	cpsie	i
	//digitalWriteFast(2, LOW);
	//digitalWriteFast(1, LOW);
	//if (transfer_log_head > LOG_SIZE) transfer_log_head = 0;
	//transfer_log[transfer_log_head++] = ret;
	//transfer_log_count++;
}
    833c:	bd70      	pop	{r4, r5, r6, pc}
	USB1_ENDPTPRIME |= epmask;
    833e:	4907      	ldr	r1, [pc, #28]	@ (835c <schedule_transfer+0x8c>)
	endpoint->status = 0;
    8340:	e9ce 0202 	strd	r0, r2, [lr, #8]
	USB1_ENDPTPRIME |= epmask;
    8344:	f8d1 31b0 	ldr.w	r3, [r1, #432]	@ 0x1b0
    8348:	4333      	orrs	r3, r6
    834a:	f8c1 31b0 	str.w	r3, [r1, #432]	@ 0x1b0
	endpoint->first_transfer = transfer;
    834e:	f8ce 0030 	str.w	r0, [lr, #48]	@ 0x30
	endpoint->last_transfer = transfer;
    8352:	f8ce 0034 	str.w	r0, [lr, #52]	@ 0x34
	__enable_irq();
    8356:	b662      	cpsie	i
}
    8358:	bd70      	pop	{r4, r5, r6, pc}
    835a:	bf00      	nop
    835c:	402e0000 	.word	0x402e0000
    8360:	e0001000 	.word	0xe0001000

00008364 <run_callbacks>:
	void (*callback_function)(transfer_t *completed_transfer);
	uint32_t unused1;
};*/

static void run_callbacks(endpoint_t *ep)
{
    8364:	b570      	push	{r4, r5, r6, lr}
	//printf("run_callbacks\n");
	transfer_t *first = ep->first_transfer;
    8366:	6b05      	ldr	r5, [r0, #48]	@ 0x30
	if (first == NULL) return;
    8368:	b195      	cbz	r5, 8390 <run_callbacks+0x2c>

	// count how many transfers are completed, then remove them from the endpoint's list
	uint32_t count = 0;
	transfer_t *t = first;
    836a:	462b      	mov	r3, r5
	uint32_t count = 0;
    836c:	2400      	movs	r4, #0
    836e:	e003      	b.n	8378 <run_callbacks+0x14>
			//printf(" still active\n");
			ep->first_transfer = t;
			break;
		}
		count++;
		t = (transfer_t *)t->next;
    8370:	681b      	ldr	r3, [r3, #0]
		count++;
    8372:	3401      	adds	r4, #1
		if ((uint32_t)t == 1) {
    8374:	2b01      	cmp	r3, #1
    8376:	d00c      	beq.n	8392 <run_callbacks+0x2e>
		if (t->status & (1<<7)) {
    8378:	685a      	ldr	r2, [r3, #4]
    837a:	0612      	lsls	r2, r2, #24
    837c:	d5f8      	bpl.n	8370 <run_callbacks+0xc>
			ep->first_transfer = t;
    837e:	6303      	str	r3, [r0, #48]	@ 0x30
			ep->last_transfer = NULL;
			break;
		}
	}
	// do all the callbacks
	while (count) {
    8380:	4606      	mov	r6, r0
    8382:	b12c      	cbz	r4, 8390 <run_callbacks+0x2c>
		transfer_t *next = (transfer_t *)first->next;
    8384:	4628      	mov	r0, r5
		ep->callback_function(first);
    8386:	6bb3      	ldr	r3, [r6, #56]	@ 0x38
		transfer_t *next = (transfer_t *)first->next;
    8388:	682d      	ldr	r5, [r5, #0]
		ep->callback_function(first);
    838a:	4798      	blx	r3
	while (count) {
    838c:	3c01      	subs	r4, #1
    838e:	d1f9      	bne.n	8384 <run_callbacks+0x20>
		first = next;
		count--;
	}
}
    8390:	bd70      	pop	{r4, r5, r6, pc}
			ep->first_transfer = NULL;
    8392:	2200      	movs	r2, #0
    8394:	2300      	movs	r3, #0
    8396:	e9c0 230c 	strd	r2, r3, [r0, #48]	@ 0x30
			break;
    839a:	e7f1      	b.n	8380 <run_callbacks+0x1c>

0000839c <endpoint0_transmit.constprop.0>:
static void endpoint0_transmit(const void *data, uint32_t len, int notify)
    839c:	b500      	push	{lr}
	if (len > 0) {
    839e:	bb01      	cbnz	r1, 83e2 <endpoint0_transmit.constprop.0+0x46>
    83a0:	f8df c0a0 	ldr.w	ip, [pc, #160]	@ 8444 <endpoint0_transmit.constprop.0+0xa8>
	endpoint0_transfer_ack.next = 1;
    83a4:	4b23      	ldr	r3, [pc, #140]	@ (8434 <endpoint0_transmit.constprop.0+0x98>)
	endpoint0_transfer_ack.pointer0 = 0;
    83a6:	2100      	movs	r1, #0
	USB1_ENDPTCOMPLETE = (1<<0) | (1<<16);
    83a8:	4a23      	ldr	r2, [pc, #140]	@ (8438 <endpoint0_transmit.constprop.0+0x9c>)
	endpoint0_transfer_ack.next = 1;
    83aa:	f04f 0e01 	mov.w	lr, #1
	USB1_ENDPTCOMPLETE = (1<<0) | (1<<16);
    83ae:	f04f 1001 	mov.w	r0, #65537	@ 0x10001
	endpoint0_transfer_ack.pointer0 = 0;
    83b2:	6099      	str	r1, [r3, #8]
	endpoint0_transfer_ack.next = 1;
    83b4:	f8c3 e000 	str.w	lr, [r3]
	endpoint_queue_head[0].status = 0;
    83b8:	e9cc 3102 	strd	r3, r1, [ip, #8]
	endpoint0_transfer_ack.status = (1<<7) | (notify ? (1 << 15) : 0);
    83bc:	f04f 0c80 	mov.w	ip, #128	@ 0x80
    83c0:	f8c3 c004 	str.w	ip, [r3, #4]
	USB1_ENDPTCOMPLETE = (1<<0) | (1<<16);
    83c4:	f8c2 01bc 	str.w	r0, [r2, #444]	@ 0x1bc
	USB1_ENDPTPRIME |= (1<<0);
    83c8:	f8d2 31b0 	ldr.w	r3, [r2, #432]	@ 0x1b0
	endpoint0_notify_mask = (notify ? (1 << 0) : 0);
    83cc:	481b      	ldr	r0, [pc, #108]	@ (843c <endpoint0_transmit.constprop.0+0xa0>)
	USB1_ENDPTPRIME |= (1<<0);
    83ce:	ea43 030e 	orr.w	r3, r3, lr
    83d2:	f8c2 31b0 	str.w	r3, [r2, #432]	@ 0x1b0
	endpoint0_notify_mask = (notify ? (1 << 0) : 0);
    83d6:	6001      	str	r1, [r0, #0]
	while (USB1_ENDPTPRIME) ;
    83d8:	f8d2 31b0 	ldr.w	r3, [r2, #432]	@ 0x1b0
    83dc:	2b00      	cmp	r3, #0
    83de:	d1fb      	bne.n	83d8 <endpoint0_transmit.constprop.0+0x3c>
}
    83e0:	bd00      	pop	{pc}
		endpoint0_transfer_data.status = (len << 16) | (1<<7);
    83e2:	0409      	lsls	r1, r1, #16
		endpoint0_transfer_data.next = 1;
    83e4:	4b16      	ldr	r3, [pc, #88]	@ (8440 <endpoint0_transmit.constprop.0+0xa4>)
		endpoint_queue_head[1].next = (uint32_t)&endpoint0_transfer_data;
    83e6:	f8df c05c 	ldr.w	ip, [pc, #92]	@ 8444 <endpoint0_transmit.constprop.0+0xa8>
		endpoint0_transfer_data.next = 1;
    83ea:	f04f 0e01 	mov.w	lr, #1
		endpoint0_transfer_data.status = (len << 16) | (1<<7);
    83ee:	f041 0180 	orr.w	r1, r1, #128	@ 0x80
		endpoint0_transfer_data.pointer0 = addr; // format: table 55-60, pg 3159
    83f2:	6098      	str	r0, [r3, #8]
		USB1_ENDPTPRIME |= (1<<16);
    83f4:	4a10      	ldr	r2, [pc, #64]	@ (8438 <endpoint0_transmit.constprop.0+0x9c>)
		endpoint0_transfer_data.status = (len << 16) | (1<<7);
    83f6:	6059      	str	r1, [r3, #4]
		endpoint0_transfer_data.pointer1 = addr + 4096;
    83f8:	f500 5180 	add.w	r1, r0, #4096	@ 0x1000
		endpoint0_transfer_data.next = 1;
    83fc:	f8c3 e000 	str.w	lr, [r3]
		endpoint0_transfer_data.pointer1 = addr + 4096;
    8400:	60d9      	str	r1, [r3, #12]
		endpoint0_transfer_data.pointer2 = addr + 8192;
    8402:	f500 5100 	add.w	r1, r0, #8192	@ 0x2000
		endpoint_queue_head[1].next = (uint32_t)&endpoint0_transfer_data;
    8406:	f8cc 3048 	str.w	r3, [ip, #72]	@ 0x48
		endpoint0_transfer_data.pointer2 = addr + 8192;
    840a:	6119      	str	r1, [r3, #16]
		endpoint0_transfer_data.pointer3 = addr + 12288;
    840c:	f500 5140 	add.w	r1, r0, #12288	@ 0x3000
		endpoint0_transfer_data.pointer4 = addr + 16384;
    8410:	f500 4080 	add.w	r0, r0, #16384	@ 0x4000
		endpoint0_transfer_data.pointer3 = addr + 12288;
    8414:	6159      	str	r1, [r3, #20]
		endpoint_queue_head[1].status = 0;
    8416:	2100      	movs	r1, #0
		endpoint0_transfer_data.pointer4 = addr + 16384;
    8418:	6198      	str	r0, [r3, #24]
		endpoint_queue_head[1].status = 0;
    841a:	f8cc 104c 	str.w	r1, [ip, #76]	@ 0x4c
		USB1_ENDPTPRIME |= (1<<16);
    841e:	f8d2 31b0 	ldr.w	r3, [r2, #432]	@ 0x1b0
    8422:	f443 3380 	orr.w	r3, r3, #65536	@ 0x10000
    8426:	f8c2 31b0 	str.w	r3, [r2, #432]	@ 0x1b0
		while (USB1_ENDPTPRIME) ;
    842a:	f8d2 31b0 	ldr.w	r3, [r2, #432]	@ 0x1b0
    842e:	2b00      	cmp	r3, #0
    8430:	d1fb      	bne.n	842a <endpoint0_transmit.constprop.0+0x8e>
    8432:	e7b7      	b.n	83a4 <endpoint0_transmit.constprop.0+0x8>
    8434:	200022e0 	.word	0x200022e0
    8438:	402e0000 	.word	0x402e0000
    843c:	20007ffc 	.word	0x20007ffc
    8440:	20002300 	.word	0x20002300
    8444:	20000000 	.word	0x20000000

00008448 <usb_stop_sof_interrupts>:
	sof_usage &= ~(1 << interface);
    8448:	4907      	ldr	r1, [pc, #28]	@ (8468 <usb_stop_sof_interrupts+0x20>)
    844a:	2201      	movs	r2, #1
    844c:	780b      	ldrb	r3, [r1, #0]
    844e:	4082      	lsls	r2, r0
    8450:	ea23 0302 	bic.w	r3, r3, r2
    8454:	700b      	strb	r3, [r1, #0]
	if (sof_usage == 0) {
    8456:	b933      	cbnz	r3, 8466 <usb_stop_sof_interrupts+0x1e>
		USB1_USBINTR &= ~USB_USBINTR_SRE;
    8458:	4a04      	ldr	r2, [pc, #16]	@ (846c <usb_stop_sof_interrupts+0x24>)
    845a:	f8d2 3148 	ldr.w	r3, [r2, #328]	@ 0x148
    845e:	f023 0380 	bic.w	r3, r3, #128	@ 0x80
    8462:	f8c2 3148 	str.w	r3, [r2, #328]	@ 0x148
}
    8466:	4770      	bx	lr
    8468:	200080a8 	.word	0x200080a8
    846c:	402e0000 	.word	0x402e0000

00008470 <usb_isr>:
{
    8470:	e92d 47f0 	stmdb	sp!, {r4, r5, r6, r7, r8, r9, sl, lr}
	uint32_t status = USB1_USBSTS;
    8474:	4ca6      	ldr	r4, [pc, #664]	@ (8710 <usb_isr+0x2a0>)
{
    8476:	b082      	sub	sp, #8
	uint32_t status = USB1_USBSTS;
    8478:	f8d4 6144 	ldr.w	r6, [r4, #324]	@ 0x144
	if (status & USB_USBSTS_UI) {
    847c:	07f1      	lsls	r1, r6, #31
	USB1_USBSTS = status;
    847e:	f8c4 6144 	str.w	r6, [r4, #324]	@ 0x144
	if (status & USB_USBSTS_UI) {
    8482:	d54c      	bpl.n	851e <usb_isr+0xae>
		uint32_t setupstatus = USB1_ENDPTSETUPSTAT;
    8484:	f8d4 31ac 	ldr.w	r3, [r4, #428]	@ 0x1ac
		while (setupstatus) {
    8488:	2b00      	cmp	r3, #0
    848a:	d043      	beq.n	8514 <usb_isr+0xa4>
    848c:	4da1      	ldr	r5, [pc, #644]	@ (8714 <usb_isr+0x2a4>)
    848e:	4fa2      	ldr	r7, [pc, #648]	@ (8718 <usb_isr+0x2a8>)
	endpoint0_transfer_ack.next = 1;
    8490:	f8df 82b8 	ldr.w	r8, [pc, #696]	@ 874c <usb_isr+0x2dc>
			USB1_ENDPTSETUPSTAT = setupstatus;
    8494:	f8c4 31ac 	str.w	r3, [r4, #428]	@ 0x1ac
				s.word1 = endpoint_queue_head[0].setup0;
    8498:	e9d5 200a 	ldrd	r2, r0, [r5, #40]	@ 0x28
				USB1_USBCMD |= USB_USBCMD_SUTW;
    849c:	f8d4 3140 	ldr.w	r3, [r4, #320]	@ 0x140
    84a0:	f443 5300 	orr.w	r3, r3, #8192	@ 0x2000
    84a4:	f8c4 3140 	str.w	r3, [r4, #320]	@ 0x140
			} while (!(USB1_USBCMD & USB_USBCMD_SUTW));
    84a8:	f8d4 3140 	ldr.w	r3, [r4, #320]	@ 0x140
    84ac:	049b      	lsls	r3, r3, #18
    84ae:	d5f5      	bpl.n	849c <usb_isr+0x2c>
			USB1_USBCMD &= ~USB_USBCMD_SUTW;
    84b0:	f8d4 3140 	ldr.w	r3, [r4, #320]	@ 0x140
			USB1_ENDPTFLUSH = (1<<16) | (1<<0); // page 3174
    84b4:	f04f 1101 	mov.w	r1, #65537	@ 0x10001
			USB1_USBCMD &= ~USB_USBCMD_SUTW;
    84b8:	f423 5300 	bic.w	r3, r3, #8192	@ 0x2000
    84bc:	f8c4 3140 	str.w	r3, [r4, #320]	@ 0x140
			USB1_ENDPTFLUSH = (1<<16) | (1<<0); // page 3174
    84c0:	f8c4 11b4 	str.w	r1, [r4, #436]	@ 0x1b4
			while (USB1_ENDPTFLUSH & ((1<<16) | (1<<0))) ;
    84c4:	f8d4 31b4 	ldr.w	r3, [r4, #436]	@ 0x1b4
    84c8:	f013 1301 	ands.w	r3, r3, #65537	@ 0x10001
    84cc:	d1fa      	bne.n	84c4 <usb_isr+0x54>
			endpoint0_notify_mask = 0;
    84ce:	b291      	uxth	r1, r2
	setup.bothwords = setupdata;
    84d0:	4684      	mov	ip, r0
			endpoint0_notify_mask = 0;
    84d2:	603b      	str	r3, [r7, #0]
	switch (setup.wRequestAndType) {
    84d4:	f5b1 6f08 	cmp.w	r1, #2176	@ 0x880
    84d8:	f000 813a 	beq.w	8750 <usb_isr+0x2e0>
    84dc:	f200 8095 	bhi.w	860a <usb_isr+0x19a>
    84e0:	f240 3e02 	movw	lr, #770	@ 0x302
    84e4:	4571      	cmp	r1, lr
    84e6:	f000 8192 	beq.w	880e <usb_isr+0x39e>
    84ea:	f200 80a4 	bhi.w	8636 <usb_isr+0x1c6>
    84ee:	2982      	cmp	r1, #130	@ 0x82
    84f0:	f000 81e1 	beq.w	88b6 <usb_isr+0x446>
    84f4:	f5b1 7f81 	cmp.w	r1, #258	@ 0x102
    84f8:	f000 81b3 	beq.w	8862 <usb_isr+0x3f2>
    84fc:	2980      	cmp	r1, #128	@ 0x80
    84fe:	f040 8095 	bne.w	862c <usb_isr+0x1bc>
		reply_buffer[0] = 0;
    8502:	4886      	ldr	r0, [pc, #536]	@ (871c <usb_isr+0x2ac>)
		endpoint0_transmit(reply_buffer, 2, 0);
    8504:	2102      	movs	r1, #2
		reply_buffer[0] = 0;
    8506:	8003      	strh	r3, [r0, #0]
		endpoint0_transmit(reply_buffer, 2, 0);
    8508:	f7ff ff48 	bl	839c <endpoint0_transmit.constprop.0>
			setupstatus = USB1_ENDPTSETUPSTAT; // page 3175
    850c:	f8d4 31ac 	ldr.w	r3, [r4, #428]	@ 0x1ac
		while (setupstatus) {
    8510:	2b00      	cmp	r3, #0
    8512:	d1bf      	bne.n	8494 <usb_isr+0x24>
		uint32_t completestatus = USB1_ENDPTCOMPLETE;
    8514:	4a7e      	ldr	r2, [pc, #504]	@ (8710 <usb_isr+0x2a0>)
    8516:	f8d2 31bc 	ldr.w	r3, [r2, #444]	@ 0x1bc
		if (completestatus) {
    851a:	2b00      	cmp	r3, #0
    851c:	d142      	bne.n	85a4 <usb_isr+0x134>
	if (status & USB_USBSTS_URI) { // page 3164
    851e:	0672      	lsls	r2, r6, #25
    8520:	d516      	bpl.n	8550 <usb_isr+0xe0>
		USB1_ENDPTSETUPSTAT = USB1_ENDPTSETUPSTAT; // Clear all setup token semaphores
    8522:	4b7b      	ldr	r3, [pc, #492]	@ (8710 <usb_isr+0x2a0>)
    8524:	f8d3 21ac 	ldr.w	r2, [r3, #428]	@ 0x1ac
    8528:	f8c3 21ac 	str.w	r2, [r3, #428]	@ 0x1ac
		USB1_ENDPTCOMPLETE = USB1_ENDPTCOMPLETE; // Clear all the endpoint complete status
    852c:	f8d3 21bc 	ldr.w	r2, [r3, #444]	@ 0x1bc
    8530:	f8c3 21bc 	str.w	r2, [r3, #444]	@ 0x1bc
		while (USB1_ENDPTPRIME != 0) ; // Wait for any endpoint priming
    8534:	f8d3 41b0 	ldr.w	r4, [r3, #432]	@ 0x1b0
    8538:	2c00      	cmp	r4, #0
    853a:	d1fb      	bne.n	8534 <usb_isr+0xc4>
		USB1_ENDPTFLUSH = 0xFFFFFFFF;  // Cancel all endpoint primed status
    853c:	f04f 32ff 	mov.w	r2, #4294967295
    8540:	f8c3 21b4 	str.w	r2, [r3, #436]	@ 0x1b4
		if ((USB1_PORTSC1 & USB_PORTSC1_PR)) {
    8544:	f8d3 3184 	ldr.w	r3, [r3, #388]	@ 0x184
		usb_serial_reset();
    8548:	f000 fd46 	bl	8fd8 <usb_serial_reset>
		endpointN_notify_mask = 0;
    854c:	4b74      	ldr	r3, [pc, #464]	@ (8720 <usb_isr+0x2b0>)
    854e:	601c      	str	r4, [r3, #0]
	if (status & USB_USBSTS_TI0) {
    8550:	01f4      	lsls	r4, r6, #7
    8552:	d503      	bpl.n	855c <usb_isr+0xec>
		if (usb_timer0_callback != NULL) usb_timer0_callback();
    8554:	4b73      	ldr	r3, [pc, #460]	@ (8724 <usb_isr+0x2b4>)
    8556:	681b      	ldr	r3, [r3, #0]
    8558:	b103      	cbz	r3, 855c <usb_isr+0xec>
    855a:	4798      	blx	r3
	if (status & USB_USBSTS_TI1) {
    855c:	01b0      	lsls	r0, r6, #6
    855e:	d503      	bpl.n	8568 <usb_isr+0xf8>
		if (usb_timer1_callback != NULL) usb_timer1_callback();
    8560:	4b71      	ldr	r3, [pc, #452]	@ (8728 <usb_isr+0x2b8>)
    8562:	681b      	ldr	r3, [r3, #0]
    8564:	b103      	cbz	r3, 8568 <usb_isr+0xf8>
    8566:	4798      	blx	r3
	if (status & USB_USBSTS_PCI) {
    8568:	0771      	lsls	r1, r6, #29
    856a:	d508      	bpl.n	857e <usb_isr+0x10e>
		if (USB1_PORTSC1 & USB_PORTSC1_HSP) {
    856c:	4b68      	ldr	r3, [pc, #416]	@ (8710 <usb_isr+0x2a0>)
    856e:	f8d3 3184 	ldr.w	r3, [r3, #388]	@ 0x184
    8572:	f413 7300 	ands.w	r3, r3, #512	@ 0x200
    8576:	d045      	beq.n	8604 <usb_isr+0x194>
			usb_high_speed = 1;
    8578:	4b6c      	ldr	r3, [pc, #432]	@ (872c <usb_isr+0x2bc>)
    857a:	2201      	movs	r2, #1
    857c:	701a      	strb	r2, [r3, #0]
	if ((USB1_USBINTR & USB_USBINTR_SRE) && (status & USB_USBSTS_SRI)) {
    857e:	4b64      	ldr	r3, [pc, #400]	@ (8710 <usb_isr+0x2a0>)
    8580:	f8d3 3148 	ldr.w	r3, [r3, #328]	@ 0x148
    8584:	061a      	lsls	r2, r3, #24
    8586:	d50a      	bpl.n	859e <usb_isr+0x12e>
    8588:	0633      	lsls	r3, r6, #24
    858a:	d508      	bpl.n	859e <usb_isr+0x12e>
		if (usb_reboot_timer) {
    858c:	4a68      	ldr	r2, [pc, #416]	@ (8730 <usb_isr+0x2c0>)
    858e:	7813      	ldrb	r3, [r2, #0]
    8590:	b12b      	cbz	r3, 859e <usb_isr+0x12e>
			if (--usb_reboot_timer == 0) {
    8592:	3b01      	subs	r3, #1
    8594:	b2db      	uxtb	r3, r3
    8596:	7013      	strb	r3, [r2, #0]
    8598:	2b00      	cmp	r3, #0
    859a:	f000 826d 	beq.w	8a78 <usb_isr+0x608>
}
    859e:	b002      	add	sp, #8
    85a0:	e8bd 87f0 	ldmia.w	sp!, {r4, r5, r6, r7, r8, r9, sl, pc}
			if (completestatus & endpoint0_notify_mask) {
    85a4:	495c      	ldr	r1, [pc, #368]	@ (8718 <usb_isr+0x2a8>)
			USB1_ENDPTCOMPLETE = completestatus;
    85a6:	f8c2 31bc 	str.w	r3, [r2, #444]	@ 0x1bc
			if (completestatus & endpoint0_notify_mask) {
    85aa:	6808      	ldr	r0, [r1, #0]
    85ac:	4203      	tst	r3, r0
    85ae:	f040 8198 	bne.w	88e2 <usb_isr+0x472>
			completestatus &= endpointN_notify_mask;
    85b2:	4a5b      	ldr	r2, [pc, #364]	@ (8720 <usb_isr+0x2b0>)
    85b4:	6812      	ldr	r2, [r2, #0]
			if (completestatus) {
    85b6:	4013      	ands	r3, r2
    85b8:	d0b1      	beq.n	851e <usb_isr+0xae>
				while (tx) {
    85ba:	0c1c      	lsrs	r4, r3, #16
    85bc:	4d55      	ldr	r5, [pc, #340]	@ (8714 <usb_isr+0x2a4>)
				uint32_t rx = completestatus & 0xffff;
    85be:	fa1f f883 	uxth.w	r8, r3
				while (tx) {
    85c2:	d010      	beq.n	85e6 <usb_isr+0x176>
					int p=__builtin_ctz(tx);
    85c4:	fa94 f7a4 	rbit	r7, r4
    85c8:	fab7 f787 	clz	r7, r7
					run_callbacks(endpoint_queue_head + p * 2 + 1);
    85cc:	eb05 10c7 	add.w	r0, r5, r7, lsl #7
    85d0:	3040      	adds	r0, #64	@ 0x40
    85d2:	f7ff fec7 	bl	8364 <run_callbacks>
					tx &= ~(1<<p);
    85d6:	2301      	movs	r3, #1
    85d8:	fa03 f707 	lsl.w	r7, r3, r7
				while (tx) {
    85dc:	43bc      	bics	r4, r7
    85de:	d1f1      	bne.n	85c4 <usb_isr+0x154>
				while(rx) {
    85e0:	f1b8 0f00 	cmp.w	r8, #0
    85e4:	d09b      	beq.n	851e <usb_isr+0xae>
					rx &= ~(1<<p);
    85e6:	2701      	movs	r7, #1
					int p=__builtin_ctz(rx);
    85e8:	fa98 f4a8 	rbit	r4, r8
    85ec:	fab4 f484 	clz	r4, r4
					run_callbacks(endpoint_queue_head + p * 2);
    85f0:	eb05 10c4 	add.w	r0, r5, r4, lsl #7
					rx &= ~(1<<p);
    85f4:	fa07 f404 	lsl.w	r4, r7, r4
					run_callbacks(endpoint_queue_head + p * 2);
    85f8:	f7ff feb4 	bl	8364 <run_callbacks>
				while(rx) {
    85fc:	ea38 0804 	bics.w	r8, r8, r4
    8600:	d1f2      	bne.n	85e8 <usb_isr+0x178>
    8602:	e78c      	b.n	851e <usb_isr+0xae>
			usb_high_speed = 0;
    8604:	4a49      	ldr	r2, [pc, #292]	@ (872c <usb_isr+0x2bc>)
    8606:	7013      	strb	r3, [r2, #0]
    8608:	e7b9      	b.n	857e <usb_isr+0x10e>
	switch (setup.wRequestAndType) {
    860a:	f242 2e21 	movw	lr, #8737	@ 0x2221
    860e:	4571      	cmp	r1, lr
    8610:	d05a      	beq.n	86c8 <usb_isr+0x258>
    8612:	d849      	bhi.n	86a8 <usb_isr+0x238>
    8614:	f5b1 6f10 	cmp.w	r1, #2304	@ 0x900
    8618:	f000 80a2 	beq.w	8760 <usb_isr+0x2f0>
    861c:	f242 0c21 	movw	ip, #8225	@ 0x2021
    8620:	4561      	cmp	r1, ip
    8622:	d103      	bne.n	862c <usb_isr+0x1bc>
		if (setup.wLength != 7) break;
    8624:	0c01      	lsrs	r1, r0, #16
    8626:	2907      	cmp	r1, #7
    8628:	f000 818c 	beq.w	8944 <usb_isr+0x4d4>
	USB1_ENDPTCTRL0 = 0x000010001; // stall
    862c:	f04f 1301 	mov.w	r3, #65537	@ 0x10001
    8630:	f8c4 31c0 	str.w	r3, [r4, #448]	@ 0x1c0
    8634:	e76a      	b.n	850c <usb_isr+0x9c>
	switch (setup.wRequestAndType) {
    8636:	f5b1 6fa0 	cmp.w	r1, #1280	@ 0x500
    863a:	f000 80ca 	beq.w	87d2 <usb_isr+0x362>
    863e:	f5a1 61d0 	sub.w	r1, r1, #1664	@ 0x680
    8642:	2901      	cmp	r1, #1
    8644:	d8f2      	bhi.n	862c <usb_isr+0x1bc>
		for (list = usb_descriptor_list; list->addr != NULL; list++) {
    8646:	4b3b      	ldr	r3, [pc, #236]	@ (8734 <usb_isr+0x2c4>)
    8648:	6859      	ldr	r1, [r3, #4]
    864a:	2900      	cmp	r1, #0
    864c:	d0ee      	beq.n	862c <usb_isr+0x1bc>
			if (setup.wValue == list->wValue && setup.wIndex == list->wIndex) {
    864e:	fa1f fe8c 	uxth.w	lr, ip
    8652:	0c12      	lsrs	r2, r2, #16
    8654:	e003      	b.n	865e <usb_isr+0x1ee>
		for (list = usb_descriptor_list; list->addr != NULL; list++) {
    8656:	6919      	ldr	r1, [r3, #16]
    8658:	330c      	adds	r3, #12
    865a:	2900      	cmp	r1, #0
    865c:	d0e6      	beq.n	862c <usb_isr+0x1bc>
			if (setup.wValue == list->wValue && setup.wIndex == list->wIndex) {
    865e:	f8b3 c000 	ldrh.w	ip, [r3]
    8662:	4594      	cmp	ip, r2
    8664:	d1f7      	bne.n	8656 <usb_isr+0x1e6>
    8666:	f8b3 c002 	ldrh.w	ip, [r3, #2]
    866a:	45f4      	cmp	ip, lr
    866c:	d1f3      	bne.n	8656 <usb_isr+0x1e6>
				if ((setup.wValue >> 8) == 3) {
    866e:	ea4f 2c12 	mov.w	ip, r2, lsr #8
				if (datalen > setup.wLength) datalen = setup.wLength;
    8672:	0c00      	lsrs	r0, r0, #16
				if ((setup.wValue >> 8) == 3) {
    8674:	f1bc 0f03 	cmp.w	ip, #3
    8678:	f000 81cb 	beq.w	8a12 <usb_isr+0x5a2>
					datalen = list->length;
    867c:	891b      	ldrh	r3, [r3, #8]
				if (datalen > setup.wLength) datalen = setup.wLength;
    867e:	4283      	cmp	r3, r0
    8680:	bf28      	it	cs
    8682:	4603      	movcs	r3, r0
				if (setup.wValue == 0x200) {
    8684:	f5b2 7f00 	cmp.w	r2, #512	@ 0x200
				if (datalen > setup.wLength) datalen = setup.wLength;
    8688:	469a      	mov	sl, r3
				if (setup.wValue == 0x200) {
    868a:	f040 819a 	bne.w	89c2 <usb_isr+0x552>
					if (usb_high_speed) src = usb_config_descriptor_480;
    868e:	4b27      	ldr	r3, [pc, #156]	@ (872c <usb_isr+0x2bc>)
    8690:	781b      	ldrb	r3, [r3, #0]
    8692:	2b00      	cmp	r3, #0
    8694:	f040 81ee 	bne.w	8a74 <usb_isr+0x604>
					const uint8_t *src = usb_config_descriptor_12;
    8698:	4927      	ldr	r1, [pc, #156]	@ (8738 <usb_isr+0x2c8>)
					memcpy(usb_descriptor_buffer, list->addr, datalen);
    869a:	4652      	mov	r2, sl
    869c:	4827      	ldr	r0, [pc, #156]	@ (873c <usb_isr+0x2cc>)
    869e:	f8df 909c 	ldr.w	r9, [pc, #156]	@ 873c <usb_isr+0x2cc>
    86a2:	f7ff fb9d 	bl	7de0 <memcpy>
    86a6:	e19e      	b.n	89e6 <usb_isr+0x576>
	switch (setup.wRequestAndType) {
    86a8:	f242 3321 	movw	r3, #8993	@ 0x2321
    86ac:	4299      	cmp	r1, r3
    86ae:	d014      	beq.n	86da <usb_isr+0x26a>
    86b0:	f64f 03c0 	movw	r3, #63680	@ 0xf8c0
    86b4:	4299      	cmp	r1, r3
    86b6:	d1b9      	bne.n	862c <usb_isr+0x1bc>
		if ((setup.wIndex & 0xFF00) != 0) break; // 1=Genre, 4=Compat ID, 5=Properties
    86b8:	b283      	uxth	r3, r0
    86ba:	2bff      	cmp	r3, #255	@ 0xff
    86bc:	d8b6      	bhi.n	862c <usb_isr+0x1bc>
		setup.wIndex |= 0xEE00; // alter wIndex and treat as normal USB descriptor
    86be:	f443 436e 	orr.w	r3, r3, #60928	@ 0xee00
    86c2:	f363 0c0f 	bfi	ip, r3, #0, #16
    86c6:	e7be      	b.n	8646 <usb_isr+0x1d6>
		if (setup.wIndex == CDC_STATUS_INTERFACE) {
    86c8:	b280      	uxth	r0, r0
    86ca:	b930      	cbnz	r0, 86da <usb_isr+0x26a>
			usb_cdc_line_rtsdtr_millis = systick_millis_count;
    86cc:	4b1c      	ldr	r3, [pc, #112]	@ (8740 <usb_isr+0x2d0>)
			usb_cdc_line_rtsdtr = setup.wValue;
    86ce:	0c12      	lsrs	r2, r2, #16
			usb_cdc_line_rtsdtr_millis = systick_millis_count;
    86d0:	6819      	ldr	r1, [r3, #0]
    86d2:	4b1c      	ldr	r3, [pc, #112]	@ (8744 <usb_isr+0x2d4>)
    86d4:	6019      	str	r1, [r3, #0]
			usb_cdc_line_rtsdtr = setup.wValue;
    86d6:	4b1c      	ldr	r3, [pc, #112]	@ (8748 <usb_isr+0x2d8>)
    86d8:	701a      	strb	r2, [r3, #0]
	endpoint0_transfer_ack.pointer0 = 0;
    86da:	2300      	movs	r3, #0
	endpoint_queue_head[1].next = (uint32_t)&endpoint0_transfer_ack;
    86dc:	f8c5 8048 	str.w	r8, [r5, #72]	@ 0x48
	endpoint_queue_head[1].status = 0;
    86e0:	64eb      	str	r3, [r5, #76]	@ 0x4c
	endpoint0_transfer_ack.pointer0 = 0;
    86e2:	f8c8 3008 	str.w	r3, [r8, #8]
	endpoint0_transfer_ack.next = 1;
    86e6:	2301      	movs	r3, #1
    86e8:	f8c8 3000 	str.w	r3, [r8]
	endpoint0_transfer_ack.status = (1<<7) | (notify ? (1 << 15) : 0);
    86ec:	2380      	movs	r3, #128	@ 0x80
    86ee:	f8c8 3004 	str.w	r3, [r8, #4]
	USB1_ENDPTCOMPLETE = (1<<0) | (1<<16);
    86f2:	f04f 1301 	mov.w	r3, #65537	@ 0x10001
    86f6:	f8c4 31bc 	str.w	r3, [r4, #444]	@ 0x1bc
	USB1_ENDPTPRIME |= (1<<16);
    86fa:	f8d4 31b0 	ldr.w	r3, [r4, #432]	@ 0x1b0
    86fe:	f443 3380 	orr.w	r3, r3, #65536	@ 0x10000
    8702:	f8c4 31b0 	str.w	r3, [r4, #432]	@ 0x1b0
	while (USB1_ENDPTPRIME) ;
    8706:	f8d4 31b0 	ldr.w	r3, [r4, #432]	@ 0x1b0
    870a:	2b00      	cmp	r3, #0
    870c:	d1fb      	bne.n	8706 <usb_isr+0x296>
    870e:	e6fd      	b.n	850c <usb_isr+0x9c>
    8710:	402e0000 	.word	0x402e0000
    8714:	20000000 	.word	0x20000000
    8718:	20007ffc 	.word	0x20007ffc
    871c:	2000802c 	.word	0x2000802c
    8720:	20008000 	.word	0x20008000
    8724:	20008090 	.word	0x20008090
    8728:	20008094 	.word	0x20008094
    872c:	200080ae 	.word	0x200080ae
    8730:	200080af 	.word	0x200080af
    8734:	200019c0 	.word	0x200019c0
    8738:	60001e28 	.word	0x60001e28
    873c:	20200000 	.word	0x20200000
    8740:	2000807c 	.word	0x2000807c
    8744:	2000808c 	.word	0x2000808c
    8748:	200080ac 	.word	0x200080ac
    874c:	200022e0 	.word	0x200022e0
		reply_buffer[0] = usb_configuration;
    8750:	4bb3      	ldr	r3, [pc, #716]	@ (8a20 <usb_isr+0x5b0>)
		endpoint0_transmit(reply_buffer, 1, 0);
    8752:	2101      	movs	r1, #1
		reply_buffer[0] = usb_configuration;
    8754:	48b3      	ldr	r0, [pc, #716]	@ (8a24 <usb_isr+0x5b4>)
    8756:	781b      	ldrb	r3, [r3, #0]
    8758:	7003      	strb	r3, [r0, #0]
		endpoint0_transmit(reply_buffer, 1, 0);
    875a:	f7ff fe1f 	bl	839c <endpoint0_transmit.constprop.0>
		return;
    875e:	e6d5      	b.n	850c <usb_isr+0x9c>
		usb_configuration = setup.wValue;
    8760:	49af      	ldr	r1, [pc, #700]	@ (8a20 <usb_isr+0x5b0>)
    8762:	0c12      	lsrs	r2, r2, #16
    8764:	9301      	str	r3, [sp, #4]
    8766:	700a      	strb	r2, [r1, #0]
		USB1_ENDPTCTRL2 = ENDPOINT2_CONFIG;
    8768:	4aaf      	ldr	r2, [pc, #700]	@ (8a28 <usb_isr+0x5b8>)
    876a:	f8c4 21c8 	str.w	r2, [r4, #456]	@ 0x1c8
		USB1_ENDPTCTRL3 = ENDPOINT3_CONFIG;
    876e:	4aaf      	ldr	r2, [pc, #700]	@ (8a2c <usb_isr+0x5bc>)
    8770:	f8c4 21cc 	str.w	r2, [r4, #460]	@ 0x1cc
		USB1_ENDPTCTRL4 = ENDPOINT4_CONFIG;
    8774:	4aae      	ldr	r2, [pc, #696]	@ (8a30 <usb_isr+0x5c0>)
    8776:	f8c4 21d0 	str.w	r2, [r4, #464]	@ 0x1d0
		usb_serial_configure();
    877a:	f000 fc2f 	bl	8fdc <usb_serial_configure>
		memset(endpoint_queue_head + 2, 0, sizeof(endpoint_t) * 2);
    877e:	2280      	movs	r2, #128	@ 0x80
    8780:	9901      	ldr	r1, [sp, #4]
    8782:	48ac      	ldr	r0, [pc, #688]	@ (8a34 <usb_isr+0x5c4>)
    8784:	f001 fb54 	bl	9e30 <memset>
	endpoint0_transfer_ack.next = 1;
    8788:	49ab      	ldr	r1, [pc, #684]	@ (8a38 <usb_isr+0x5c8>)
	endpoint0_transfer_ack.status = (1<<7) | (notify ? (1 << 15) : 0);
    878a:	2280      	movs	r2, #128	@ 0x80
	endpoint_queue_head[1].status = 0;
    878c:	9b01      	ldr	r3, [sp, #4]
	endpoint_queue_head[1].next = (uint32_t)&endpoint0_transfer_ack;
    878e:	64a9      	str	r1, [r5, #72]	@ 0x48
	endpoint0_transfer_ack.status = (1<<7) | (notify ? (1 << 15) : 0);
    8790:	604a      	str	r2, [r1, #4]
		endpoint_queue_head[2].pointer4 = 0xB8C6CF5D;
    8792:	4aaa      	ldr	r2, [pc, #680]	@ (8a3c <usb_isr+0x5cc>)
	endpoint_queue_head[1].status = 0;
    8794:	64eb      	str	r3, [r5, #76]	@ 0x4c
		endpoint_queue_head[2].pointer4 = 0xB8C6CF5D;
    8796:	f8c5 20a0 	str.w	r2, [r5, #160]	@ 0xa0
		endpoint_queue_head[3].pointer4 = 0x74D59319;
    879a:	f102 423c 	add.w	r2, r2, #3154116608	@ 0xbc000000
	endpoint0_transfer_ack.pointer0 = 0;
    879e:	608b      	str	r3, [r1, #8]
		endpoint_queue_head[3].pointer4 = 0x74D59319;
    87a0:	f502 226c 	add.w	r2, r2, #966656	@ 0xec000
    87a4:	f502 726f 	add.w	r2, r2, #956	@ 0x3bc
    87a8:	f8c5 20e0 	str.w	r2, [r5, #224]	@ 0xe0
	endpoint0_transfer_ack.next = 1;
    87ac:	2201      	movs	r2, #1
    87ae:	600a      	str	r2, [r1, #0]
	USB1_ENDPTCOMPLETE = (1<<0) | (1<<16);
    87b0:	f04f 1201 	mov.w	r2, #65537	@ 0x10001
    87b4:	f8c4 21bc 	str.w	r2, [r4, #444]	@ 0x1bc
	USB1_ENDPTPRIME |= (1<<16);
    87b8:	f8d4 21b0 	ldr.w	r2, [r4, #432]	@ 0x1b0
    87bc:	f442 3280 	orr.w	r2, r2, #65536	@ 0x10000
    87c0:	f8c4 21b0 	str.w	r2, [r4, #432]	@ 0x1b0
	while (USB1_ENDPTPRIME) ;
    87c4:	4a9e      	ldr	r2, [pc, #632]	@ (8a40 <usb_isr+0x5d0>)
	endpoint0_notify_mask = (notify ? (1 << 16) : 0);
    87c6:	603b      	str	r3, [r7, #0]
	while (USB1_ENDPTPRIME) ;
    87c8:	f8d2 31b0 	ldr.w	r3, [r2, #432]	@ 0x1b0
    87cc:	2b00      	cmp	r3, #0
    87ce:	d1fb      	bne.n	87c8 <usb_isr+0x358>
    87d0:	e69c      	b.n	850c <usb_isr+0x9c>
	endpoint0_transfer_ack.next = 1;
    87d2:	4999      	ldr	r1, [pc, #612]	@ (8a38 <usb_isr+0x5c8>)
	endpoint_queue_head[1].status = 0;
    87d4:	64eb      	str	r3, [r5, #76]	@ 0x4c
	endpoint0_transfer_ack.pointer0 = 0;
    87d6:	608b      	str	r3, [r1, #8]
	endpoint0_transfer_ack.next = 1;
    87d8:	2301      	movs	r3, #1
	endpoint_queue_head[1].next = (uint32_t)&endpoint0_transfer_ack;
    87da:	64a9      	str	r1, [r5, #72]	@ 0x48
	endpoint0_transfer_ack.next = 1;
    87dc:	600b      	str	r3, [r1, #0]
	endpoint0_transfer_ack.status = (1<<7) | (notify ? (1 << 15) : 0);
    87de:	2380      	movs	r3, #128	@ 0x80
    87e0:	604b      	str	r3, [r1, #4]
	USB1_ENDPTCOMPLETE = (1<<0) | (1<<16);
    87e2:	f04f 1301 	mov.w	r3, #65537	@ 0x10001
	while (USB1_ENDPTPRIME) ;
    87e6:	4996      	ldr	r1, [pc, #600]	@ (8a40 <usb_isr+0x5d0>)
	USB1_ENDPTCOMPLETE = (1<<0) | (1<<16);
    87e8:	f8c4 31bc 	str.w	r3, [r4, #444]	@ 0x1bc
	USB1_ENDPTPRIME |= (1<<16);
    87ec:	f8d4 31b0 	ldr.w	r3, [r4, #432]	@ 0x1b0
    87f0:	f443 3380 	orr.w	r3, r3, #65536	@ 0x10000
    87f4:	f8c4 31b0 	str.w	r3, [r4, #432]	@ 0x1b0
	while (USB1_ENDPTPRIME) ;
    87f8:	f8d1 31b0 	ldr.w	r3, [r1, #432]	@ 0x1b0
    87fc:	2b00      	cmp	r3, #0
    87fe:	d1fb      	bne.n	87f8 <usb_isr+0x388>
		USB1_DEVICEADDR = USB_DEVICEADDR_USBADR(setup.wValue) | USB_DEVICEADDR_USBADRA;
    8800:	0c13      	lsrs	r3, r2, #16
    8802:	065b      	lsls	r3, r3, #25
    8804:	f043 7380 	orr.w	r3, r3, #16777216	@ 0x1000000
    8808:	f8c1 3154 	str.w	r3, [r1, #340]	@ 0x154
		return;
    880c:	e67e      	b.n	850c <usb_isr+0x9c>
		if (endpoint > 7) break;
    880e:	f010 0f78 	tst.w	r0, #120	@ 0x78
    8812:	f47f af0b 	bne.w	862c <usb_isr+0x1bc>
		endpoint = setup.wIndex & 0x7F;
    8816:	f000 027f 	and.w	r2, r0, #127	@ 0x7f
			*((volatile uint32_t *)&USB1_ENDPTCTRL0 + endpoint) |= USB_ENDPTCTRL_TXS;
    881a:	4b8a      	ldr	r3, [pc, #552]	@ (8a44 <usb_isr+0x5d4>)
		if (dir) {
    881c:	0600      	lsls	r0, r0, #24
			*((volatile uint32_t *)&USB1_ENDPTCTRL0 + endpoint) |= USB_ENDPTCTRL_TXS;
    881e:	f853 1022 	ldr.w	r1, [r3, r2, lsl #2]
    8822:	bf4c      	ite	mi
    8824:	f441 3180 	orrmi.w	r1, r1, #65536	@ 0x10000
			*((volatile uint32_t *)&USB1_ENDPTCTRL0 + endpoint) |= USB_ENDPTCTRL_RXS;
    8828:	f041 0101 	orrpl.w	r1, r1, #1
    882c:	f843 1022 	str.w	r1, [r3, r2, lsl #2]
	endpoint0_transfer_ack.pointer0 = 0;
    8830:	2100      	movs	r1, #0
	endpoint0_transfer_ack.next = 1;
    8832:	4b81      	ldr	r3, [pc, #516]	@ (8a38 <usb_isr+0x5c8>)
	endpoint_queue_head[1].status = 0;
    8834:	64e9      	str	r1, [r5, #76]	@ 0x4c
	endpoint0_transfer_ack.pointer0 = 0;
    8836:	6099      	str	r1, [r3, #8]
	endpoint0_transfer_ack.next = 1;
    8838:	2101      	movs	r1, #1
	endpoint_queue_head[1].next = (uint32_t)&endpoint0_transfer_ack;
    883a:	64ab      	str	r3, [r5, #72]	@ 0x48
	endpoint0_transfer_ack.next = 1;
    883c:	6019      	str	r1, [r3, #0]
	endpoint0_transfer_ack.status = (1<<7) | (notify ? (1 << 15) : 0);
    883e:	2180      	movs	r1, #128	@ 0x80
	USB1_ENDPTCOMPLETE = (1<<0) | (1<<16);
    8840:	4a7f      	ldr	r2, [pc, #508]	@ (8a40 <usb_isr+0x5d0>)
	endpoint0_transfer_ack.status = (1<<7) | (notify ? (1 << 15) : 0);
    8842:	6059      	str	r1, [r3, #4]
	USB1_ENDPTCOMPLETE = (1<<0) | (1<<16);
    8844:	f04f 1301 	mov.w	r3, #65537	@ 0x10001
    8848:	f8c2 31bc 	str.w	r3, [r2, #444]	@ 0x1bc
	USB1_ENDPTPRIME |= (1<<16);
    884c:	f8d2 31b0 	ldr.w	r3, [r2, #432]	@ 0x1b0
    8850:	f443 3380 	orr.w	r3, r3, #65536	@ 0x10000
    8854:	f8c2 31b0 	str.w	r3, [r2, #432]	@ 0x1b0
	while (USB1_ENDPTPRIME) ;
    8858:	f8d2 31b0 	ldr.w	r3, [r2, #432]	@ 0x1b0
    885c:	2b00      	cmp	r3, #0
    885e:	d1fb      	bne.n	8858 <usb_isr+0x3e8>
    8860:	e654      	b.n	850c <usb_isr+0x9c>
		if (endpoint > 7) break;
    8862:	f010 0f78 	tst.w	r0, #120	@ 0x78
    8866:	f47f aee1 	bne.w	862c <usb_isr+0x1bc>
		endpoint = setup.wIndex & 0x7F;
    886a:	f000 027f 	and.w	r2, r0, #127	@ 0x7f
			*((volatile uint32_t *)&USB1_ENDPTCTRL0 + endpoint) &= ~USB_ENDPTCTRL_TXS;
    886e:	4b75      	ldr	r3, [pc, #468]	@ (8a44 <usb_isr+0x5d4>)
		if (dir) {
    8870:	0600      	lsls	r0, r0, #24
			*((volatile uint32_t *)&USB1_ENDPTCTRL0 + endpoint) &= ~USB_ENDPTCTRL_TXS;
    8872:	f853 1022 	ldr.w	r1, [r3, r2, lsl #2]
    8876:	bf4c      	ite	mi
    8878:	f421 3180 	bicmi.w	r1, r1, #65536	@ 0x10000
			*((volatile uint32_t *)&USB1_ENDPTCTRL0 + endpoint) &= ~USB_ENDPTCTRL_RXS;
    887c:	f021 0101 	bicpl.w	r1, r1, #1
    8880:	f843 1022 	str.w	r1, [r3, r2, lsl #2]
	endpoint0_transfer_ack.pointer0 = 0;
    8884:	2100      	movs	r1, #0
	endpoint0_transfer_ack.next = 1;
    8886:	4b6c      	ldr	r3, [pc, #432]	@ (8a38 <usb_isr+0x5c8>)
	endpoint_queue_head[1].status = 0;
    8888:	64e9      	str	r1, [r5, #76]	@ 0x4c
	endpoint0_transfer_ack.pointer0 = 0;
    888a:	6099      	str	r1, [r3, #8]
	endpoint0_transfer_ack.next = 1;
    888c:	2101      	movs	r1, #1
	endpoint_queue_head[1].next = (uint32_t)&endpoint0_transfer_ack;
    888e:	64ab      	str	r3, [r5, #72]	@ 0x48
	endpoint0_transfer_ack.next = 1;
    8890:	6019      	str	r1, [r3, #0]
	endpoint0_transfer_ack.status = (1<<7) | (notify ? (1 << 15) : 0);
    8892:	2180      	movs	r1, #128	@ 0x80
	USB1_ENDPTCOMPLETE = (1<<0) | (1<<16);
    8894:	4a6a      	ldr	r2, [pc, #424]	@ (8a40 <usb_isr+0x5d0>)
	endpoint0_transfer_ack.status = (1<<7) | (notify ? (1 << 15) : 0);
    8896:	6059      	str	r1, [r3, #4]
	USB1_ENDPTCOMPLETE = (1<<0) | (1<<16);
    8898:	f04f 1301 	mov.w	r3, #65537	@ 0x10001
    889c:	f8c2 31bc 	str.w	r3, [r2, #444]	@ 0x1bc
	USB1_ENDPTPRIME |= (1<<16);
    88a0:	f8d2 31b0 	ldr.w	r3, [r2, #432]	@ 0x1b0
    88a4:	f443 3380 	orr.w	r3, r3, #65536	@ 0x10000
    88a8:	f8c2 31b0 	str.w	r3, [r2, #432]	@ 0x1b0
	while (USB1_ENDPTPRIME) ;
    88ac:	f8d2 31b0 	ldr.w	r3, [r2, #432]	@ 0x1b0
    88b0:	2b00      	cmp	r3, #0
    88b2:	d1fb      	bne.n	88ac <usb_isr+0x43c>
    88b4:	e62a      	b.n	850c <usb_isr+0x9c>
		if (endpoint > 7) break;
    88b6:	f010 0378 	ands.w	r3, r0, #120	@ 0x78
    88ba:	f47f aeb7 	bne.w	862c <usb_isr+0x1bc>
		endpoint = setup.wIndex & 0x7F;
    88be:	f000 017f 	and.w	r1, r0, #127	@ 0x7f
		ctrl = *((uint32_t *)&USB1_ENDPTCTRL0 + endpoint);
    88c2:	4a60      	ldr	r2, [pc, #384]	@ (8a44 <usb_isr+0x5d4>)
		if ((dir && (ctrl & USB_ENDPTCTRL_TXS)) || (!dir && (ctrl & USB_ENDPTCTRL_RXS))) {
    88c4:	0600      	lsls	r0, r0, #24
		ctrl = *((uint32_t *)&USB1_ENDPTCTRL0 + endpoint);
    88c6:	f852 1021 	ldr.w	r1, [r2, r1, lsl #2]
		reply_buffer[0] = 0;
    88ca:	4a56      	ldr	r2, [pc, #344]	@ (8a24 <usb_isr+0x5b4>)
    88cc:	8013      	strh	r3, [r2, #0]
		if ((dir && (ctrl & USB_ENDPTCTRL_TXS)) || (!dir && (ctrl & USB_ENDPTCTRL_RXS))) {
    88ce:	d536      	bpl.n	893e <usb_isr+0x4ce>
    88d0:	03c9      	lsls	r1, r1, #15
    88d2:	d501      	bpl.n	88d8 <usb_isr+0x468>
			reply_buffer[0] = 1;
    88d4:	2301      	movs	r3, #1
    88d6:	7013      	strb	r3, [r2, #0]
		endpoint0_transmit(reply_buffer, 2, 0);
    88d8:	2102      	movs	r1, #2
    88da:	4852      	ldr	r0, [pc, #328]	@ (8a24 <usb_isr+0x5b4>)
    88dc:	f7ff fd5e 	bl	839c <endpoint0_transmit.constprop.0>
		return;
    88e0:	e614      	b.n	850c <usb_isr+0x9c>
				endpoint0_notify_mask = 0;
    88e2:	2000      	movs	r0, #0
    88e4:	6008      	str	r0, [r1, #0]
	setup.bothwords = endpoint0_setupdata.bothwords;
    88e6:	4958      	ldr	r1, [pc, #352]	@ (8a48 <usb_isr+0x5d8>)
	if (setup.wRequestAndType == 0x2021 && setup.wIndex == CDC_STATUS_INTERFACE) {
    88e8:	880c      	ldrh	r4, [r1, #0]
	setup.bothwords = endpoint0_setupdata.bothwords;
    88ea:	6848      	ldr	r0, [r1, #4]
	if (setup.wRequestAndType == 0x2021 && setup.wIndex == CDC_STATUS_INTERFACE) {
    88ec:	f242 0121 	movw	r1, #8225	@ 0x2021
    88f0:	428c      	cmp	r4, r1
    88f2:	f47f ae5e 	bne.w	85b2 <usb_isr+0x142>
    88f6:	b280      	uxth	r0, r0
    88f8:	2800      	cmp	r0, #0
    88fa:	f47f ae5a 	bne.w	85b2 <usb_isr+0x142>
		memcpy(usb_cdc_line_coding, endpoint0_buffer, 7);
    88fe:	4953      	ldr	r1, [pc, #332]	@ (8a4c <usb_isr+0x5dc>)
    8900:	4c53      	ldr	r4, [pc, #332]	@ (8a50 <usb_isr+0x5e0>)
    8902:	c903      	ldmia	r1, {r0, r1}
    8904:	80a1      	strh	r1, [r4, #4]
		if (usb_cdc_line_coding[0] == 134) {
    8906:	2886      	cmp	r0, #134	@ 0x86
		memcpy(usb_cdc_line_coding, endpoint0_buffer, 7);
    8908:	ea4f 4111 	mov.w	r1, r1, lsr #16
    890c:	6020      	str	r0, [r4, #0]
    890e:	71a1      	strb	r1, [r4, #6]
		if (usb_cdc_line_coding[0] == 134) {
    8910:	f47f ae4f 	bne.w	85b2 <usb_isr+0x142>
	__disable_irq();
    8914:	b672      	cpsid	i
	sof_usage |= (1 << interface);
    8916:	484f      	ldr	r0, [pc, #316]	@ (8a54 <usb_isr+0x5e4>)
    8918:	7801      	ldrb	r1, [r0, #0]
    891a:	f041 0108 	orr.w	r1, r1, #8
    891e:	7001      	strb	r1, [r0, #0]
	uint32_t intr = USB1_USBINTR;
    8920:	f8d2 1148 	ldr.w	r1, [r2, #328]	@ 0x148
	if (!(intr & USB_USBINTR_SRE)) {
    8924:	060d      	lsls	r5, r1, #24
    8926:	d405      	bmi.n	8934 <usb_isr+0x4c4>
		USB1_USBSTS = USB_USBSTS_SRI; // clear prior SOF before SOF IRQ enable
    8928:	2080      	movs	r0, #128	@ 0x80
		USB1_USBINTR = intr | USB_USBINTR_SRE;
    892a:	4301      	orrs	r1, r0
		USB1_USBSTS = USB_USBSTS_SRI; // clear prior SOF before SOF IRQ enable
    892c:	f8c2 0144 	str.w	r0, [r2, #324]	@ 0x144
		USB1_USBINTR = intr | USB_USBINTR_SRE;
    8930:	f8c2 1148 	str.w	r1, [r2, #328]	@ 0x148
	__enable_irq();
    8934:	b662      	cpsie	i
			usb_reboot_timer = 80; // TODO: 10 if only 12 Mbit/sec
    8936:	4a48      	ldr	r2, [pc, #288]	@ (8a58 <usb_isr+0x5e8>)
    8938:	2150      	movs	r1, #80	@ 0x50
    893a:	7011      	strb	r1, [r2, #0]
    893c:	e639      	b.n	85b2 <usb_isr+0x142>
		if ((dir && (ctrl & USB_ENDPTCTRL_TXS)) || (!dir && (ctrl & USB_ENDPTCTRL_RXS))) {
    893e:	07cb      	lsls	r3, r1, #31
    8940:	d5ca      	bpl.n	88d8 <usb_isr+0x468>
    8942:	e7c7      	b.n	88d4 <usb_isr+0x464>
		endpoint0_setupdata.bothwords = setupdata;
    8944:	4940      	ldr	r1, [pc, #256]	@ (8a48 <usb_isr+0x5d8>)
		endpoint_queue_head[0].status = 0;
    8946:	60eb      	str	r3, [r5, #12]
		endpoint0_transfer_data.next = 1;
    8948:	4b44      	ldr	r3, [pc, #272]	@ (8a5c <usb_isr+0x5ec>)
		endpoint0_setupdata.bothwords = setupdata;
    894a:	e9c1 2000 	strd	r2, r0, [r1]
		endpoint0_transfer_data.next = 1;
    894e:	2201      	movs	r2, #1
		endpoint_queue_head[0].next = (uint32_t)&endpoint0_transfer_data;
    8950:	60ab      	str	r3, [r5, #8]
		endpoint0_transfer_data.next = 1;
    8952:	601a      	str	r2, [r3, #0]
		endpoint0_transfer_data.status = (len << 16) | (1<<7);
    8954:	4a42      	ldr	r2, [pc, #264]	@ (8a60 <usb_isr+0x5f0>)
    8956:	605a      	str	r2, [r3, #4]
		uint32_t addr = (uint32_t)data;
    8958:	4a3c      	ldr	r2, [pc, #240]	@ (8a4c <usb_isr+0x5dc>)
		endpoint0_transfer_data.pointer0 = addr; // format: table 55-60, pg 3159
    895a:	609a      	str	r2, [r3, #8]
		USB1_ENDPTPRIME |= (1<<0);
    895c:	f8d4 11b0 	ldr.w	r1, [r4, #432]	@ 0x1b0
    8960:	f041 0101 	orr.w	r1, r1, #1
    8964:	f8c4 11b0 	str.w	r1, [r4, #432]	@ 0x1b0
		endpoint0_transfer_data.pointer1 = addr + 4096;
    8968:	f502 5180 	add.w	r1, r2, #4096	@ 0x1000
    896c:	60d9      	str	r1, [r3, #12]
		endpoint0_transfer_data.pointer2 = addr + 8192;
    896e:	f502 5100 	add.w	r1, r2, #8192	@ 0x2000
    8972:	6119      	str	r1, [r3, #16]
		endpoint0_transfer_data.pointer3 = addr + 12288;
    8974:	f502 5140 	add.w	r1, r2, #12288	@ 0x3000
		endpoint0_transfer_data.pointer4 = addr + 16384;
    8978:	f502 4280 	add.w	r2, r2, #16384	@ 0x4000
		endpoint0_transfer_data.pointer3 = addr + 12288;
    897c:	6159      	str	r1, [r3, #20]
		endpoint0_transfer_data.pointer4 = addr + 16384;
    897e:	619a      	str	r2, [r3, #24]
		while (USB1_ENDPTPRIME) ;
    8980:	4a2f      	ldr	r2, [pc, #188]	@ (8a40 <usb_isr+0x5d0>)
    8982:	f8d2 31b0 	ldr.w	r3, [r2, #432]	@ 0x1b0
    8986:	2b00      	cmp	r3, #0
    8988:	d1fb      	bne.n	8982 <usb_isr+0x512>
	endpoint0_transfer_ack.next = 1;
    898a:	492b      	ldr	r1, [pc, #172]	@ (8a38 <usb_isr+0x5c8>)
	endpoint_queue_head[1].status = 0;
    898c:	64eb      	str	r3, [r5, #76]	@ 0x4c
	endpoint0_transfer_ack.pointer0 = 0;
    898e:	608b      	str	r3, [r1, #8]
	endpoint0_transfer_ack.next = 1;
    8990:	2301      	movs	r3, #1
	endpoint_queue_head[1].next = (uint32_t)&endpoint0_transfer_ack;
    8992:	64a9      	str	r1, [r5, #72]	@ 0x48
	endpoint0_transfer_ack.next = 1;
    8994:	600b      	str	r3, [r1, #0]
	endpoint0_transfer_ack.status = (1<<7) | (notify ? (1 << 15) : 0);
    8996:	f248 0380 	movw	r3, #32896	@ 0x8080
    899a:	604b      	str	r3, [r1, #4]
	USB1_ENDPTCOMPLETE = (1<<0) | (1<<16);
    899c:	f04f 1301 	mov.w	r3, #65537	@ 0x10001
    89a0:	f8c2 31bc 	str.w	r3, [r2, #444]	@ 0x1bc
	USB1_ENDPTPRIME |= (1<<16);
    89a4:	f8d2 31b0 	ldr.w	r3, [r2, #432]	@ 0x1b0
    89a8:	f443 3380 	orr.w	r3, r3, #65536	@ 0x10000
    89ac:	f8c2 31b0 	str.w	r3, [r2, #432]	@ 0x1b0
	endpoint0_notify_mask = (notify ? (1 << 16) : 0);
    89b0:	f44f 3380 	mov.w	r3, #65536	@ 0x10000
	while (USB1_ENDPTPRIME) ;
    89b4:	4a22      	ldr	r2, [pc, #136]	@ (8a40 <usb_isr+0x5d0>)
	endpoint0_notify_mask = (notify ? (1 << 16) : 0);
    89b6:	603b      	str	r3, [r7, #0]
	while (USB1_ENDPTPRIME) ;
    89b8:	f8d2 31b0 	ldr.w	r3, [r2, #432]	@ 0x1b0
    89bc:	2b00      	cmp	r3, #0
    89be:	d1fb      	bne.n	89b8 <usb_isr+0x548>
    89c0:	e5a4      	b.n	850c <usb_isr+0x9c>
				} else if (setup.wValue == 0x700) {
    89c2:	f5b2 6fe0 	cmp.w	r2, #1792	@ 0x700
    89c6:	f47f ae68 	bne.w	869a <usb_isr+0x22a>
					if (usb_high_speed) src = usb_config_descriptor_12;
    89ca:	4b26      	ldr	r3, [pc, #152]	@ (8a64 <usb_isr+0x5f4>)
    89cc:	781b      	ldrb	r3, [r3, #0]
    89ce:	2b00      	cmp	r3, #0
    89d0:	d14e      	bne.n	8a70 <usb_isr+0x600>
					const uint8_t *src = usb_config_descriptor_480;
    89d2:	4925      	ldr	r1, [pc, #148]	@ (8a68 <usb_isr+0x5f8>)
					memcpy(usb_descriptor_buffer, src, datalen);
    89d4:	f8df 9094 	ldr.w	r9, [pc, #148]	@ 8a6c <usb_isr+0x5fc>
    89d8:	4652      	mov	r2, sl
    89da:	4648      	mov	r0, r9
    89dc:	f7ff fa00 	bl	7de0 <memcpy>
					usb_descriptor_buffer[1] = 7;
    89e0:	2307      	movs	r3, #7
    89e2:	f889 3001 	strb.w	r3, [r9, #1]
	uint32_t location = (uint32_t)addr & 0xFFFFFFE0;
    89e6:	f029 031f 	bic.w	r3, r9, #31
	uint32_t end_addr = (uint32_t)addr + size;
    89ea:	eb09 020a 	add.w	r2, r9, sl
	asm("dsb");
    89ee:	f3bf 8f4f 	dsb	sy
		SCB_CACHE_DCCIMVAC = location;
    89f2:	f04f 21e0 	mov.w	r1, #3758153728	@ 0xe000e000
    89f6:	f8c1 3f70 	str.w	r3, [r1, #3952]	@ 0xf70
		location += 32;
    89fa:	3320      	adds	r3, #32
	} while (location < end_addr);
    89fc:	429a      	cmp	r2, r3
    89fe:	d8fa      	bhi.n	89f6 <usb_isr+0x586>
	asm("dsb");
    8a00:	f3bf 8f4f 	dsb	sy
	asm("isb");
    8a04:	f3bf 8f6f 	isb	sy
				endpoint0_transmit(usb_descriptor_buffer, datalen, 0);
    8a08:	4818      	ldr	r0, [pc, #96]	@ (8a6c <usb_isr+0x5fc>)
    8a0a:	4651      	mov	r1, sl
    8a0c:	f7ff fcc6 	bl	839c <endpoint0_transmit.constprop.0>
				return;
    8a10:	e57c      	b.n	850c <usb_isr+0x9c>
					datalen = *(list->addr);
    8a12:	780b      	ldrb	r3, [r1, #0]
				if (datalen > setup.wLength) datalen = setup.wLength;
    8a14:	4283      	cmp	r3, r0
    8a16:	bf28      	it	cs
    8a18:	4603      	movcs	r3, r0
    8a1a:	469a      	mov	sl, r3
				} else if (setup.wValue == 0x700) {
    8a1c:	e63d      	b.n	869a <usb_isr+0x22a>
    8a1e:	bf00      	nop
    8a20:	200080ad 	.word	0x200080ad
    8a24:	2000802c 	.word	0x2000802c
    8a28:	00cc0002 	.word	0x00cc0002
    8a2c:	000200c8 	.word	0x000200c8
    8a30:	00c80002 	.word	0x00c80002
    8a34:	20000080 	.word	0x20000080
    8a38:	200022e0 	.word	0x200022e0
    8a3c:	b8c6cf5d 	.word	0xb8c6cf5d
    8a40:	402e0000 	.word	0x402e0000
    8a44:	402e01c0 	.word	0x402e01c0
    8a48:	20006d40 	.word	0x20006d40
    8a4c:	20007ff4 	.word	0x20007ff4
    8a50:	20008084 	.word	0x20008084
    8a54:	200080a8 	.word	0x200080a8
    8a58:	200080af 	.word	0x200080af
    8a5c:	20002300 	.word	0x20002300
    8a60:	00070080 	.word	0x00070080
    8a64:	200080ae 	.word	0x200080ae
    8a68:	60001e8c 	.word	0x60001e8c
    8a6c:	20200000 	.word	0x20200000
					if (usb_high_speed) src = usb_config_descriptor_12;
    8a70:	4904      	ldr	r1, [pc, #16]	@ (8a84 <usb_isr+0x614>)
    8a72:	e7af      	b.n	89d4 <usb_isr+0x564>
					if (usb_high_speed) src = usb_config_descriptor_480;
    8a74:	4904      	ldr	r1, [pc, #16]	@ (8a88 <usb_isr+0x618>)
					memcpy(usb_descriptor_buffer, src, datalen);
    8a76:	e610      	b.n	869a <usb_isr+0x22a>
				usb_stop_sof_interrupts(NUM_INTERFACE);
    8a78:	2003      	movs	r0, #3
    8a7a:	f7ff fce5 	bl	8448 <usb_stop_sof_interrupts>
				_reboot_Teensyduino_();
    8a7e:	f001 facb 	bl	a018 <___reboot_Teensyduino__veneer>
    8a82:	bf00      	nop
    8a84:	60001e28 	.word	0x60001e28
    8a88:	60001e8c 	.word	0x60001e8c

00008a8c <usb_config_rx>:
{
    8a8c:	e92d 43f0 	stmdb	sp!, {r4, r5, r6, r7, r8, r9, lr}
	if (ep < 2 || ep > NUM_ENDPOINTS) return;
    8a90:	1e84      	subs	r4, r0, #2
{
    8a92:	b083      	sub	sp, #12
	if (ep < 2 || ep > NUM_ENDPOINTS) return;
    8a94:	2c02      	cmp	r4, #2
    8a96:	d902      	bls.n	8a9e <usb_config_rx+0x12>
}
    8a98:	b003      	add	sp, #12
    8a9a:	e8bd 83f0 	ldmia.w	sp!, {r4, r5, r6, r7, r8, r9, pc}
	usb_endpoint_config(endpoint_queue_head + ep * 2, config, cb);
    8a9e:	4d12      	ldr	r5, [pc, #72]	@ (8ae8 <usb_config_rx+0x5c>)
    8aa0:	4690      	mov	r8, r2
    8aa2:	460f      	mov	r7, r1
    8aa4:	01c6      	lsls	r6, r0, #7
    8aa6:	eb05 14c0 	add.w	r4, r5, r0, lsl #7
	memset(qh, 0, sizeof(endpoint_t));
    8aaa:	223c      	movs	r2, #60	@ 0x3c
    8aac:	2100      	movs	r1, #0
	usb_endpoint_config(endpoint_queue_head + ep * 2, config, cb);
    8aae:	9001      	str	r0, [sp, #4]
	memset(qh, 0, sizeof(endpoint_t));
    8ab0:	1d20      	adds	r0, r4, #4
    8ab2:	4699      	mov	r9, r3
    8ab4:	f001 f9bc 	bl	9e30 <memset>
	uint32_t config = (packet_size << 16) | (do_zlp ? 0 : (1 << 29));
    8ab8:	fab8 f288 	clz	r2, r8
    8abc:	0439      	lsls	r1, r7, #16
    8abe:	0952      	lsrs	r2, r2, #5
    8ac0:	ea41 7142 	orr.w	r1, r1, r2, lsl #29
	qh->next = 1; // Terminate bit = 1
    8ac4:	2201      	movs	r2, #1
	qh->config = config;
    8ac6:	51a9      	str	r1, [r5, r6]
	qh->callback_function = callback;
    8ac8:	f8c4 9038 	str.w	r9, [r4, #56]	@ 0x38
	qh->next = 1; // Terminate bit = 1
    8acc:	60a2      	str	r2, [r4, #8]
	if (cb) endpointN_notify_mask |= (1 << ep);
    8ace:	f1b9 0f00 	cmp.w	r9, #0
    8ad2:	d0e1      	beq.n	8a98 <usb_config_rx+0xc>
    8ad4:	4905      	ldr	r1, [pc, #20]	@ (8aec <usb_config_rx+0x60>)
    8ad6:	9b01      	ldr	r3, [sp, #4]
    8ad8:	409a      	lsls	r2, r3
    8ada:	680b      	ldr	r3, [r1, #0]
    8adc:	431a      	orrs	r2, r3
    8ade:	600a      	str	r2, [r1, #0]
}
    8ae0:	b003      	add	sp, #12
    8ae2:	e8bd 83f0 	ldmia.w	sp!, {r4, r5, r6, r7, r8, r9, pc}
    8ae6:	bf00      	nop
    8ae8:	20000000 	.word	0x20000000
    8aec:	20008000 	.word	0x20008000

00008af0 <usb_config_tx>:
{
    8af0:	e92d 43f0 	stmdb	sp!, {r4, r5, r6, r7, r8, r9, lr}
	if (ep < 2 || ep > NUM_ENDPOINTS) return;
    8af4:	f1a0 0e02 	sub.w	lr, r0, #2
{
    8af8:	b083      	sub	sp, #12
	if (ep < 2 || ep > NUM_ENDPOINTS) return;
    8afa:	f1be 0f02 	cmp.w	lr, #2
    8afe:	d902      	bls.n	8b06 <usb_config_tx+0x16>
}
    8b00:	b003      	add	sp, #12
    8b02:	e8bd 83f0 	ldmia.w	sp!, {r4, r5, r6, r7, r8, r9, pc}
	usb_endpoint_config(endpoint_queue_head + ep * 2 + 1, config, cb);
    8b06:	4691      	mov	r9, r2
    8b08:	01c2      	lsls	r2, r0, #7
    8b0a:	4f12      	ldr	r7, [pc, #72]	@ (8b54 <usb_config_tx+0x64>)
    8b0c:	4688      	mov	r8, r1
    8b0e:	f102 0640 	add.w	r6, r2, #64	@ 0x40
    8b12:	4605      	mov	r5, r0
	memset(qh, 0, sizeof(endpoint_t));
    8b14:	223c      	movs	r2, #60	@ 0x3c
    8b16:	2100      	movs	r1, #0
	usb_endpoint_config(endpoint_queue_head + ep * 2 + 1, config, cb);
    8b18:	19f4      	adds	r4, r6, r7
	memset(qh, 0, sizeof(endpoint_t));
    8b1a:	9301      	str	r3, [sp, #4]
    8b1c:	1d20      	adds	r0, r4, #4
    8b1e:	f001 f987 	bl	9e30 <memset>
	uint32_t config = (packet_size << 16) | (do_zlp ? 0 : (1 << 29));
    8b22:	fab9 fc89 	clz	ip, r9
    8b26:	ea4f 4208 	mov.w	r2, r8, lsl #16
	qh->callback_function = callback;
    8b2a:	9b01      	ldr	r3, [sp, #4]
	uint32_t config = (packet_size << 16) | (do_zlp ? 0 : (1 << 29));
    8b2c:	ea4f 1c5c 	mov.w	ip, ip, lsr #5
    8b30:	ea42 724c 	orr.w	r2, r2, ip, lsl #29
	qh->config = config;
    8b34:	51ba      	str	r2, [r7, r6]
	qh->next = 1; // Terminate bit = 1
    8b36:	2201      	movs	r2, #1
	qh->callback_function = callback;
    8b38:	63a3      	str	r3, [r4, #56]	@ 0x38
	qh->next = 1; // Terminate bit = 1
    8b3a:	60a2      	str	r2, [r4, #8]
	if (cb) endpointN_notify_mask |= (1 << (ep + 16));
    8b3c:	2b00      	cmp	r3, #0
    8b3e:	d0df      	beq.n	8b00 <usb_config_tx+0x10>
    8b40:	4905      	ldr	r1, [pc, #20]	@ (8b58 <usb_config_tx+0x68>)
    8b42:	f105 0010 	add.w	r0, r5, #16
    8b46:	680b      	ldr	r3, [r1, #0]
    8b48:	4082      	lsls	r2, r0
    8b4a:	431a      	orrs	r2, r3
    8b4c:	600a      	str	r2, [r1, #0]
}
    8b4e:	b003      	add	sp, #12
    8b50:	e8bd 83f0 	ldmia.w	sp!, {r4, r5, r6, r7, r8, r9, pc}
    8b54:	20000000 	.word	0x20000000
    8b58:	20008000 	.word	0x20008000

00008b5c <usb_prepare_transfer>:
	transfer->status = (len << 16) | (1<<7);
    8b5c:	0412      	lsls	r2, r2, #16
	transfer->next = 1;
    8b5e:	f04f 0c01 	mov.w	ip, #1
	transfer->pointer0 = addr;
    8b62:	6081      	str	r1, [r0, #8]
	transfer->status = (len << 16) | (1<<7);
    8b64:	f042 0280 	orr.w	r2, r2, #128	@ 0x80
	transfer->next = 1;
    8b68:	f8c0 c000 	str.w	ip, [r0]
	transfer->callback_param = param;
    8b6c:	61c3      	str	r3, [r0, #28]
	transfer->pointer1 = addr + 4096;
    8b6e:	f501 5c80 	add.w	ip, r1, #4096	@ 0x1000
	transfer->pointer3 = addr + 12288;
    8b72:	f501 5340 	add.w	r3, r1, #12288	@ 0x3000
	transfer->status = (len << 16) | (1<<7);
    8b76:	6042      	str	r2, [r0, #4]
	transfer->pointer2 = addr + 8192;
    8b78:	f501 5200 	add.w	r2, r1, #8192	@ 0x2000
	transfer->pointer4 = addr + 16384;
    8b7c:	f501 4180 	add.w	r1, r1, #16384	@ 0x4000
	transfer->pointer1 = addr + 4096;
    8b80:	f8c0 c00c 	str.w	ip, [r0, #12]
	transfer->pointer4 = addr + 16384;
    8b84:	6181      	str	r1, [r0, #24]
	transfer->pointer3 = addr + 12288;
    8b86:	e9c0 2304 	strd	r2, r3, [r0, #16]
}
    8b8a:	4770      	bx	lr

00008b8c <usb_transmit>:

void usb_transmit(int endpoint_number, transfer_t *transfer)
{
	if (endpoint_number < 2 || endpoint_number > NUM_ENDPOINTS) return;
    8b8c:	1e83      	subs	r3, r0, #2
    8b8e:	2b02      	cmp	r3, #2
    8b90:	d900      	bls.n	8b94 <usb_transmit+0x8>
    8b92:	4770      	bx	lr
	endpoint_t *endpoint = endpoint_queue_head + endpoint_number * 2 + 1;
	uint32_t mask = 1 << (endpoint_number + 16);
    8b94:	f100 0c10 	add.w	ip, r0, #16
	endpoint_t *endpoint = endpoint_queue_head + endpoint_number * 2 + 1;
    8b98:	4b06      	ldr	r3, [pc, #24]	@ (8bb4 <usb_transmit+0x28>)
	schedule_transfer(endpoint, mask, transfer);
    8b9a:	460a      	mov	r2, r1
    8b9c:	eb03 10c0 	add.w	r0, r3, r0, lsl #7
{
    8ba0:	b500      	push	{lr}
	uint32_t mask = 1 << (endpoint_number + 16);
    8ba2:	f04f 0e01 	mov.w	lr, #1
	schedule_transfer(endpoint, mask, transfer);
    8ba6:	fa0e f10c 	lsl.w	r1, lr, ip
}
    8baa:	f85d eb04 	ldr.w	lr, [sp], #4
	schedule_transfer(endpoint, mask, transfer);
    8bae:	f7ff bb8f 	b.w	82d0 <schedule_transfer>
    8bb2:	bf00      	nop
    8bb4:	20000040 	.word	0x20000040

00008bb8 <usb_receive>:

void usb_receive(int endpoint_number, transfer_t *transfer)
{
	if (endpoint_number < 2 || endpoint_number > NUM_ENDPOINTS) return;
    8bb8:	1e83      	subs	r3, r0, #2
    8bba:	2b02      	cmp	r3, #2
    8bbc:	d900      	bls.n	8bc0 <usb_receive+0x8>
	endpoint_t *endpoint = endpoint_queue_head + endpoint_number * 2;
	uint32_t mask = 1 << endpoint_number;
	schedule_transfer(endpoint, mask, transfer);
}
    8bbe:	4770      	bx	lr
	uint32_t mask = 1 << endpoint_number;
    8bc0:	f04f 0c01 	mov.w	ip, #1
	endpoint_t *endpoint = endpoint_queue_head + endpoint_number * 2;
    8bc4:	4b03      	ldr	r3, [pc, #12]	@ (8bd4 <usb_receive+0x1c>)
	schedule_transfer(endpoint, mask, transfer);
    8bc6:	460a      	mov	r2, r1
    8bc8:	fa0c f100 	lsl.w	r1, ip, r0
    8bcc:	eb03 10c0 	add.w	r0, r3, r0, lsl #7
    8bd0:	f7ff bb7e 	b.w	82d0 <schedule_transfer>
    8bd4:	20000000 	.word	0x20000000

00008bd8 <usb_transfer_status>:
		//if (!(cmd & USB_USBCMD_ATDTW)) continue;
		//if (status & 0x80) break; // for still active, only 1 reading needed
		//if (++count > 1) break; // for completed, check 10 times
	}
#else
	return transfer->status;
    8bd8:	6840      	ldr	r0, [r0, #4]
#endif
}
    8bda:	4770      	bx	lr

00008bdc <usb_init_serialnumber>:
void usb_init_serialnumber(void)
{
	char buf[11];
	uint32_t i, num;

	num = HW_OCOTP_MAC0 & 0xFFFFFF;
    8bdc:	4b14      	ldr	r3, [pc, #80]	@ (8c30 <usb_init_serialnumber+0x54>)
	// add extra zero to work around OS-X CDC-ACM driver bug
	if (num < 10000000) num = num * 10;
	ultoa(num, buf, 10);
    8bde:	220a      	movs	r2, #10
	if (num < 10000000) num = num * 10;
    8be0:	f8df c050 	ldr.w	ip, [pc, #80]	@ 8c34 <usb_init_serialnumber+0x58>
	num = HW_OCOTP_MAC0 & 0xFFFFFF;
    8be4:	f8d3 0220 	ldr.w	r0, [r3, #544]	@ 0x220
    8be8:	f020 407f 	bic.w	r0, r0, #4278190080	@ 0xff000000
	if (num < 10000000) num = num * 10;
    8bec:	eb00 0380 	add.w	r3, r0, r0, lsl #2
{
    8bf0:	b500      	push	{lr}
	if (num < 10000000) num = num * 10;
    8bf2:	005b      	lsls	r3, r3, #1
{
    8bf4:	b085      	sub	sp, #20
	ultoa(num, buf, 10);
    8bf6:	4560      	cmp	r0, ip
    8bf8:	bf38      	it	cc
    8bfa:	4618      	movcc	r0, r3
    8bfc:	4669      	mov	r1, sp
    8bfe:	f7ff f989 	bl	7f14 <ultoa>
	for (i=0; i<10; i++) {
    8c02:	f8df c034 	ldr.w	ip, [pc, #52]	@ 8c38 <usb_init_serialnumber+0x5c>
    8c06:	466b      	mov	r3, sp
    8c08:	2200      	movs	r2, #0
    8c0a:	4660      	mov	r0, ip
		char c = buf[i];
    8c0c:	7819      	ldrb	r1, [r3, #0]
	for (i=0; i<10; i++) {
    8c0e:	3201      	adds	r2, #1
    8c10:	3301      	adds	r3, #1
		if (!c) break;
    8c12:	b141      	cbz	r1, 8c26 <usb_init_serialnumber+0x4a>
	for (i=0; i<10; i++) {
    8c14:	2a0a      	cmp	r2, #10
		usb_string_serial_number_default.wString[i] = c;
    8c16:	f820 1f02 	strh.w	r1, [r0, #2]!
	for (i=0; i<10; i++) {
    8c1a:	d1f7      	bne.n	8c0c <usb_init_serialnumber+0x30>
    8c1c:	2216      	movs	r2, #22
	}
	usb_string_serial_number_default.bLength = i * 2 + 2;
    8c1e:	f88c 2000 	strb.w	r2, [ip]
}
    8c22:	b005      	add	sp, #20
    8c24:	bd00      	pop	{pc}
	usb_string_serial_number_default.bLength = i * 2 + 2;
    8c26:	0052      	lsls	r2, r2, #1
    8c28:	f88c 2000 	strb.w	r2, [ip]
}
    8c2c:	b005      	add	sp, #20
    8c2e:	bd00      	pop	{pc}
    8c30:	401f4400 	.word	0x401f4400
    8c34:	00989680 	.word	0x00989680
    8c38:	20001d7c 	.word	0x20001d7c

00008c3c <usb_serial_class::clear()>:
        virtual void clear(void) { usb_serial_flush_input(); }
    8c3c:	f000 baec 	b.w	9218 <usb_serial_flush_input>

00008c40 <usb_serial_class::peek()>:
        virtual int peek() { return usb_serial_peekchar(); }
    8c40:	f000 baba 	b.w	91b8 <usb_serial_peekchar>

00008c44 <usb_serial_class::read()>:
        virtual int read() { return usb_serial_getchar(); }
    8c44:	f000 bb20 	b.w	9288 <usb_serial_getchar>

00008c48 <usb_serial_class::available()>:
        virtual int available() { return usb_serial_available(); }
    8c48:	f000 bad8 	b.w	91fc <usb_serial_available>

00008c4c <usb_serial_class::flush()>:
        virtual void flush() { usb_serial_flush_output(); }  // TODO: actually wait for data to leave USB...
    8c4c:	f000 bb6e 	b.w	932c <usb_serial_flush_output>

00008c50 <usb_serial_class::availableForWrite()>:
	virtual int availableForWrite() { return usb_serial_write_buffer_free(); }
    8c50:	f000 bb48 	b.w	92e4 <usb_serial_write_buffer_free>

00008c54 <usb_serial_class::write(unsigned char const*, unsigned int)>:
        virtual size_t write(const uint8_t *buffer, size_t size) { return usb_serial_write(buffer, size); }
    8c54:	4608      	mov	r0, r1
    8c56:	4611      	mov	r1, r2
    8c58:	f000 bb3a 	b.w	92d0 <usb_serial_write>

00008c5c <rx_queue_transfer>:
/*************************************************************************/
/**                               Receive                               **/
/*************************************************************************/

static void rx_queue_transfer(int i)
{
    8c5c:	b570      	push	{r4, r5, r6, lr}
	NVIC_DISABLE_IRQ(IRQ_USB1);
	printf("rx queue i=%d\n", i);
	void *buffer = rx_buffer + i * CDC_RX_SIZE_480;
	usb_prepare_transfer(rx_transfer + i, buffer, rx_packet_size, i);
    8c5e:	4d16      	ldr	r5, [pc, #88]	@ (8cb8 <rx_queue_transfer+0x5c>)
	NVIC_DISABLE_IRQ(IRQ_USB1);
    8c60:	f04f 24e0 	mov.w	r4, #3758153728	@ 0xe000e000
	void *buffer = rx_buffer + i * CDC_RX_SIZE_480;
    8c64:	4915      	ldr	r1, [pc, #84]	@ (8cbc <rx_queue_transfer+0x60>)
	NVIC_DISABLE_IRQ(IRQ_USB1);
    8c66:	f44f 3200 	mov.w	r2, #131072	@ 0x20000
	usb_prepare_transfer(rx_transfer + i, buffer, rx_packet_size, i);
    8c6a:	4e15      	ldr	r6, [pc, #84]	@ (8cc0 <rx_queue_transfer+0x64>)
    8c6c:	eb05 1540 	add.w	r5, r5, r0, lsl #5
{
    8c70:	b082      	sub	sp, #8
	void *buffer = rx_buffer + i * CDC_RX_SIZE_480;
    8c72:	eb01 2140 	add.w	r1, r1, r0, lsl #9
	NVIC_DISABLE_IRQ(IRQ_USB1);
    8c76:	f8c4 218c 	str.w	r2, [r4, #396]	@ 0x18c
{
    8c7a:	4603      	mov	r3, r0
	usb_prepare_transfer(rx_transfer + i, buffer, rx_packet_size, i);
    8c7c:	8832      	ldrh	r2, [r6, #0]
    8c7e:	4628      	mov	r0, r5
    8c80:	9101      	str	r1, [sp, #4]
    8c82:	f7ff ff6b 	bl	8b5c <usb_prepare_transfer>
	uint32_t location = (uint32_t)addr & 0xFFFFFFE0;
    8c86:	9901      	ldr	r1, [sp, #4]
	arm_dcache_delete(buffer, rx_packet_size);
    8c88:	8833      	ldrh	r3, [r6, #0]
	uint32_t end_addr = (uint32_t)addr + size;
    8c8a:	440b      	add	r3, r1
	asm("dsb");
    8c8c:	f3bf 8f4f 	dsb	sy
		SCB_CACHE_DCIMVAC = location;
    8c90:	f8c4 1f5c 	str.w	r1, [r4, #3932]	@ 0xf5c
		location += 32;
    8c94:	3120      	adds	r1, #32
	} while (location < end_addr);
    8c96:	428b      	cmp	r3, r1
    8c98:	d8fa      	bhi.n	8c90 <rx_queue_transfer+0x34>
	asm("dsb");
    8c9a:	f3bf 8f4f 	dsb	sy
	asm("isb");
    8c9e:	f3bf 8f6f 	isb	sy
	usb_receive(CDC_RX_ENDPOINT, rx_transfer + i);
    8ca2:	2003      	movs	r0, #3
    8ca4:	4629      	mov	r1, r5
    8ca6:	f7ff ff87 	bl	8bb8 <usb_receive>
	NVIC_ENABLE_IRQ(IRQ_USB1);
    8caa:	f44f 3300 	mov.w	r3, #131072	@ 0x20000
    8cae:	f8c4 310c 	str.w	r3, [r4, #268]	@ 0x10c
}
    8cb2:	b002      	add	sp, #8
    8cb4:	bd70      	pop	{r4, r5, r6, pc}
    8cb6:	bf00      	nop
    8cb8:	20002320 	.word	0x20002320
    8cbc:	20200080 	.word	0x20200080
    8cc0:	20008098 	.word	0x20008098

00008cc4 <rx_event>:

// called by USB interrupt when any packet is received
static void rx_event(transfer_t *t)
{
	int len = rx_packet_size - ((t->status >> 16) & 0x7FFF);
    8cc4:	4b26      	ldr	r3, [pc, #152]	@ (8d60 <rx_event+0x9c>)
    8cc6:	881a      	ldrh	r2, [r3, #0]
    8cc8:	6843      	ldr	r3, [r0, #4]
    8cca:	f3c3 430e 	ubfx	r3, r3, #16, #15
    8cce:	1ad2      	subs	r2, r2, r3
	int i = t->callback_param;
	printf("rx event, len=%d, i=%d\n", len, i);
	if (len > 0) {
    8cd0:	2a00      	cmp	r2, #0
{
    8cd2:	b5f0      	push	{r4, r5, r6, r7, lr}
	int i = t->callback_param;
    8cd4:	69c4      	ldr	r4, [r0, #28]
{
    8cd6:	b083      	sub	sp, #12
	if (len > 0) {
    8cd8:	dd28      	ble.n	8d2c <rx_event+0x68>
		// received a packet with data
		uint32_t head = rx_head;
    8cda:	4822      	ldr	r0, [pc, #136]	@ (8d64 <rx_event+0xa0>)
		if (head != rx_tail) {
    8cdc:	4d22      	ldr	r5, [pc, #136]	@ (8d68 <rx_event+0xa4>)
		uint32_t head = rx_head;
    8cde:	7801      	ldrb	r1, [r0, #0]
		if (head != rx_tail) {
    8ce0:	782d      	ldrb	r5, [r5, #0]
		uint32_t head = rx_head;
    8ce2:	b2cb      	uxtb	r3, r1
			// a previous packet is still buffered
			uint32_t ii = rx_list[head];
    8ce4:	f8df c094 	ldr.w	ip, [pc, #148]	@ 8d7c <rx_event+0xb8>
		if (head != rx_tail) {
    8ce8:	42a9      	cmp	r1, r5
			uint32_t count = rx_count[ii];
    8cea:	4d20      	ldr	r5, [pc, #128]	@ (8d6c <rx_event+0xa8>)
		if (head != rx_tail) {
    8cec:	d009      	beq.n	8d02 <rx_event+0x3e>
			uint32_t ii = rx_list[head];
    8cee:	f81c 1003 	ldrb.w	r1, [ip, r3]
    8cf2:	460f      	mov	r7, r1
			uint32_t count = rx_count[ii];
    8cf4:	f835 1011 	ldrh.w	r1, [r5, r1, lsl #1]
    8cf8:	460e      	mov	r6, r1
			if (len <= CDC_RX_SIZE_480 - count) {
    8cfa:	f5c1 7100 	rsb	r1, r1, #512	@ 0x200
    8cfe:	428a      	cmp	r2, r1
    8d00:	d91a      	bls.n	8d38 <rx_event+0x74>
			}
		}
		// add this packet to rx_list
		rx_count[i] = len;
		rx_index[i] = 0;
		if (++head > RX_NUM) head = 0;
    8d02:	3301      	adds	r3, #1
		rx_index[i] = 0;
    8d04:	2100      	movs	r1, #0
		rx_count[i] = len;
    8d06:	f825 2014 	strh.w	r2, [r5, r4, lsl #1]
		if (++head > RX_NUM) head = 0;
    8d0a:	2b08      	cmp	r3, #8
		rx_index[i] = 0;
    8d0c:	4d18      	ldr	r5, [pc, #96]	@ (8d70 <rx_event+0xac>)
		if (++head > RX_NUM) head = 0;
    8d0e:	bf88      	it	hi
    8d10:	460b      	movhi	r3, r1
		rx_index[i] = 0;
    8d12:	f825 1014 	strh.w	r1, [r5, r4, lsl #1]
		rx_list[head] = i;
		rx_head = head;
    8d16:	bf98      	it	ls
    8d18:	4619      	movls	r1, r3
		rx_list[head] = i;
    8d1a:	f80c 4003 	strb.w	r4, [ip, r3]
		rx_available += len;
    8d1e:	4b15      	ldr	r3, [pc, #84]	@ (8d74 <rx_event+0xb0>)
		rx_head = head;
    8d20:	7001      	strb	r1, [r0, #0]
		rx_available += len;
    8d22:	6819      	ldr	r1, [r3, #0]
    8d24:	440a      	add	r2, r1
    8d26:	601a      	str	r2, [r3, #0]
		// TODO: trigger serialEvent
	} else {
		// received a zero length packet
		rx_queue_transfer(i);
	}
}
    8d28:	b003      	add	sp, #12
    8d2a:	bdf0      	pop	{r4, r5, r6, r7, pc}
		rx_queue_transfer(i);
    8d2c:	4620      	mov	r0, r4
}
    8d2e:	b003      	add	sp, #12
    8d30:	e8bd 40f0 	ldmia.w	sp!, {r4, r5, r6, r7, lr}
		rx_queue_transfer(i);
    8d34:	f7ff bf92 	b.w	8c5c <rx_queue_transfer>
				memcpy(rx_buffer + ii * CDC_RX_SIZE_480 + count,
    8d38:	490f      	ldr	r1, [pc, #60]	@ (8d78 <rx_event+0xb4>)
    8d3a:	eb06 2047 	add.w	r0, r6, r7, lsl #9
    8d3e:	9201      	str	r2, [sp, #4]
    8d40:	4408      	add	r0, r1
    8d42:	eb01 2144 	add.w	r1, r1, r4, lsl #9
    8d46:	f7ff f84b 	bl	7de0 <memcpy>
				rx_count[ii] = count + len;
    8d4a:	9a01      	ldr	r2, [sp, #4]
				rx_available += len;
    8d4c:	4909      	ldr	r1, [pc, #36]	@ (8d74 <rx_event+0xb0>)
				rx_queue_transfer(i);
    8d4e:	4620      	mov	r0, r4
				rx_count[ii] = count + len;
    8d50:	18b3      	adds	r3, r6, r2
    8d52:	f825 3017 	strh.w	r3, [r5, r7, lsl #1]
				rx_available += len;
    8d56:	680b      	ldr	r3, [r1, #0]
    8d58:	4413      	add	r3, r2
    8d5a:	600b      	str	r3, [r1, #0]
				rx_queue_transfer(i);
    8d5c:	e7e7      	b.n	8d2e <rx_event+0x6a>
    8d5e:	bf00      	nop
    8d60:	20008098 	.word	0x20008098
    8d64:	200080a6 	.word	0x200080a6
    8d68:	200080a7 	.word	0x200080a7
    8d6c:	20008038 	.word	0x20008038
    8d70:	20008048 	.word	0x20008048
    8d74:	20008034 	.word	0x20008034
    8d78:	20200080 	.word	0x20200080
    8d7c:	20008058 	.word	0x20008058

00008d80 <usb_serial_flush_callback>:
	tx_noautoflush = 0;
}

static void usb_serial_flush_callback(void)
{
	if (tx_noautoflush) return;
    8d80:	4b22      	ldr	r3, [pc, #136]	@ (8e0c <usb_serial_flush_callback+0x8c>)
    8d82:	781a      	ldrb	r2, [r3, #0]
    8d84:	2a00      	cmp	r2, #0
    8d86:	d13f      	bne.n	8e08 <usb_serial_flush_callback+0x88>
	if (!usb_configuration) return;
    8d88:	f002 03ff 	and.w	r3, r2, #255	@ 0xff
    8d8c:	4a20      	ldr	r2, [pc, #128]	@ (8e10 <usb_serial_flush_callback+0x90>)
    8d8e:	7812      	ldrb	r2, [r2, #0]
    8d90:	2a00      	cmp	r2, #0
    8d92:	d039      	beq.n	8e08 <usb_serial_flush_callback+0x88>
	if (tx_available == 0) return;
    8d94:	4a1f      	ldr	r2, [pc, #124]	@ (8e14 <usb_serial_flush_callback+0x94>)
    8d96:	8812      	ldrh	r2, [r2, #0]
    8d98:	2a00      	cmp	r2, #0
    8d9a:	d035      	beq.n	8e08 <usb_serial_flush_callback+0x88>
	//printf("flush callback, %d bytes\n", TX_SIZE - tx_available);
	transfer_t *xfer = tx_transfer + tx_head;
    8d9c:	491e      	ldr	r1, [pc, #120]	@ (8e18 <usb_serial_flush_callback+0x98>)
	uint8_t *txbuf = txbuffer + (tx_head * TX_SIZE);
	uint32_t txnum = TX_SIZE - tx_available;
    8d9e:	f5c2 6200 	rsb	r2, r2, #2048	@ 0x800
{
    8da2:	b510      	push	{r4, lr}
	transfer_t *xfer = tx_transfer + tx_head;
    8da4:	7808      	ldrb	r0, [r1, #0]
{
    8da6:	b084      	sub	sp, #16
	transfer_t *xfer = tx_transfer + tx_head;
    8da8:	491c      	ldr	r1, [pc, #112]	@ (8e1c <usb_serial_flush_callback+0x9c>)
    8daa:	eb01 1440 	add.w	r4, r1, r0, lsl #5
	uint8_t *txbuf = txbuffer + (tx_head * TX_SIZE);
    8dae:	491c      	ldr	r1, [pc, #112]	@ (8e20 <usb_serial_flush_callback+0xa0>)
    8db0:	eb01 21c0 	add.w	r1, r1, r0, lsl #11
	usb_prepare_transfer(xfer, txbuf, txnum, 0);
    8db4:	4620      	mov	r0, r4
    8db6:	e9cd 2302 	strd	r2, r3, [sp, #8]
    8dba:	9101      	str	r1, [sp, #4]
    8dbc:	f7ff fece 	bl	8b5c <usb_prepare_transfer>
	uint32_t end_addr = (uint32_t)addr + size;
    8dc0:	e9dd 1201 	ldrd	r1, r2, [sp, #4]
    8dc4:	440a      	add	r2, r1
	asm("dsb");
    8dc6:	f3bf 8f4f 	dsb	sy
		SCB_CACHE_DCCIMVAC = location;
    8dca:	f04f 20e0 	mov.w	r0, #3758153728	@ 0xe000e000
    8dce:	9b03      	ldr	r3, [sp, #12]
    8dd0:	f8c0 1f70 	str.w	r1, [r0, #3952]	@ 0xf70
		location += 32;
    8dd4:	3120      	adds	r1, #32
	} while (location < end_addr);
    8dd6:	428a      	cmp	r2, r1
    8dd8:	d8fa      	bhi.n	8dd0 <usb_serial_flush_callback+0x50>
	asm("dsb");
    8dda:	9301      	str	r3, [sp, #4]
    8ddc:	f3bf 8f4f 	dsb	sy
	asm("isb");
    8de0:	f3bf 8f6f 	isb	sy
	arm_dcache_flush_delete(txbuf, txnum);
	usb_transmit(CDC_TX_ENDPOINT, xfer);
    8de4:	2004      	movs	r0, #4
    8de6:	4621      	mov	r1, r4
    8de8:	f7ff fed0 	bl	8b8c <usb_transmit>
	if (++tx_head >= TX_NUM) tx_head = 0;
    8dec:	480a      	ldr	r0, [pc, #40]	@ (8e18 <usb_serial_flush_callback+0x98>)
	tx_available = 0;
    8dee:	2100      	movs	r1, #0
    8df0:	4b08      	ldr	r3, [pc, #32]	@ (8e14 <usb_serial_flush_callback+0x94>)
	if (++tx_head >= TX_NUM) tx_head = 0;
    8df2:	7802      	ldrb	r2, [r0, #0]
	tx_available = 0;
    8df4:	8019      	strh	r1, [r3, #0]
	if (++tx_head >= TX_NUM) tx_head = 0;
    8df6:	3201      	adds	r2, #1
    8df8:	9b01      	ldr	r3, [sp, #4]
    8dfa:	b2d2      	uxtb	r2, r2
    8dfc:	2a03      	cmp	r2, #3
    8dfe:	bf98      	it	ls
    8e00:	4613      	movls	r3, r2
    8e02:	7003      	strb	r3, [r0, #0]
}
    8e04:	b004      	add	sp, #16
    8e06:	bd10      	pop	{r4, pc}
    8e08:	4770      	bx	lr
    8e0a:	bf00      	nop
    8e0c:	200080ab 	.word	0x200080ab
    8e10:	200080ad 	.word	0x200080ad
    8e14:	2000809a 	.word	0x2000809a
    8e18:	200080aa 	.word	0x200080aa
    8e1c:	20002420 	.word	0x20002420
    8e20:	20201080 	.word	0x20201080

00008e24 <usb_serial_write.part.0>:
int usb_serial_write(const void *buffer, uint32_t size)
    8e24:	e92d 4ff0 	stmdb	sp!, {r4, r5, r6, r7, r8, r9, sl, fp, lr}
    8e28:	b087      	sub	sp, #28
    8e2a:	9004      	str	r0, [sp, #16]
	while (size > 0) {
    8e2c:	2900      	cmp	r1, #0
    8e2e:	f000 80bf 	beq.w	8fb0 <usb_serial_write.part.0+0x18c>
	uint32_t sent=0;
    8e32:	2300      	movs	r3, #0
    8e34:	4c5f      	ldr	r4, [pc, #380]	@ (8fb4 <usb_serial_write.part.0+0x190>)
    8e36:	4f60      	ldr	r7, [pc, #384]	@ (8fb8 <usb_serial_write.part.0+0x194>)
		tx_noautoflush = 1;
    8e38:	f04f 0901 	mov.w	r9, #1
    8e3c:	f8df a190 	ldr.w	sl, [pc, #400]	@ 8fd0 <usb_serial_write.part.0+0x1ac>
				wait_begin_at = systick_millis_count;
    8e40:	4e5e      	ldr	r6, [pc, #376]	@ (8fbc <usb_serial_write.part.0+0x198>)
	uint32_t sent=0;
    8e42:	9302      	str	r3, [sp, #8]
			if (!usb_configuration) return sent;
    8e44:	9103      	str	r1, [sp, #12]
		transfer_t *xfer = tx_transfer + tx_head;
    8e46:	4b5e      	ldr	r3, [pc, #376]	@ (8fc0 <usb_serial_write.part.0+0x19c>)
    8e48:	4a5e      	ldr	r2, [pc, #376]	@ (8fc4 <usb_serial_write.part.0+0x1a0>)
    8e4a:	781d      	ldrb	r5, [r3, #0]
		while (!tx_available) {
    8e4c:	883b      	ldrh	r3, [r7, #0]
		transfer_t *xfer = tx_transfer + tx_head;
    8e4e:	eb02 1245 	add.w	r2, r2, r5, lsl #5
		tx_noautoflush = 1;
    8e52:	f884 9000 	strb.w	r9, [r4]
		transfer_t *xfer = tx_transfer + tx_head;
    8e56:	9201      	str	r2, [sp, #4]
		while (!tx_available) {
    8e58:	2b00      	cmp	r3, #0
    8e5a:	f040 80a5 	bne.w	8fa8 <usb_serial_write.part.0+0x184>
		uint32_t wait_begin_at=0;
    8e5e:	4698      	mov	r8, r3
		int waiting=0;
    8e60:	461d      	mov	r5, r3
			tx_noautoflush = 0;
    8e62:	469b      	mov	fp, r3
			uint32_t status = usb_transfer_status(xfer);
    8e64:	9801      	ldr	r0, [sp, #4]
    8e66:	f7ff feb7 	bl	8bd8 <usb_transfer_status>
			if (!(status & 0x80)) {
    8e6a:	f010 0080 	ands.w	r0, r0, #128	@ 0x80
    8e6e:	f000 808b 	beq.w	8f88 <usb_serial_write.part.0+0x164>
			asm("dsb" ::: "memory");
    8e72:	f3bf 8f4f 	dsb	sy
			if (transmit_previous_timeout) return sent;
    8e76:	f89a 3000 	ldrb.w	r3, [sl]
			tx_noautoflush = 0;
    8e7a:	f884 b000 	strb.w	fp, [r4]
			if (!waiting) {
    8e7e:	b90d      	cbnz	r5, 8e84 <usb_serial_write.part.0+0x60>
				wait_begin_at = systick_millis_count;
    8e80:	f8d6 8000 	ldr.w	r8, [r6]
			if (transmit_previous_timeout) return sent;
    8e84:	2b00      	cmp	r3, #0
    8e86:	d17b      	bne.n	8f80 <usb_serial_write.part.0+0x15c>
			if (systick_millis_count - wait_begin_at > TX_TIMEOUT_MSEC) {
    8e88:	6833      	ldr	r3, [r6, #0]
    8e8a:	eba3 0308 	sub.w	r3, r3, r8
    8e8e:	2b78      	cmp	r3, #120	@ 0x78
    8e90:	f200 8083 	bhi.w	8f9a <usb_serial_write.part.0+0x176>
			if (!usb_configuration) return sent;
    8e94:	4b4c      	ldr	r3, [pc, #304]	@ (8fc8 <usb_serial_write.part.0+0x1a4>)
    8e96:	781b      	ldrb	r3, [r3, #0]
    8e98:	2b00      	cmp	r3, #0
    8e9a:	d071      	beq.n	8f80 <usb_serial_write.part.0+0x15c>
			yield();
    8e9c:	f000 fa94 	bl	93c8 <yield>
		while (!tx_available) {
    8ea0:	883b      	ldrh	r3, [r7, #0]
    8ea2:	2501      	movs	r5, #1
			tx_noautoflush = 1;
    8ea4:	f884 9000 	strb.w	r9, [r4]
		while (!tx_available) {
    8ea8:	2b00      	cmp	r3, #0
    8eaa:	d0db      	beq.n	8e64 <usb_serial_write.part.0+0x40>
		uint8_t *txdata = txbuffer + (tx_head * TX_SIZE) + (TX_SIZE - tx_available);
    8eac:	4944      	ldr	r1, [pc, #272]	@ (8fc0 <usb_serial_write.part.0+0x19c>)
    8eae:	461a      	mov	r2, r3
    8eb0:	f5c3 6000 	rsb	r0, r3, #2048	@ 0x800
    8eb4:	780d      	ldrb	r5, [r1, #0]
		if (size >= tx_available) {
    8eb6:	9903      	ldr	r1, [sp, #12]
		uint8_t *txdata = txbuffer + (tx_head * TX_SIZE) + (TX_SIZE - tx_available);
    8eb8:	eb00 20c5 	add.w	r0, r0, r5, lsl #11
    8ebc:	f8df b114 	ldr.w	fp, [pc, #276]	@ 8fd4 <usb_serial_write.part.0+0x1b0>
		if (size >= tx_available) {
    8ec0:	4291      	cmp	r1, r2
		uint8_t *txdata = txbuffer + (tx_head * TX_SIZE) + (TX_SIZE - tx_available);
    8ec2:	4458      	add	r0, fp
		if (size >= tx_available) {
    8ec4:	d217      	bcs.n	8ef6 <usb_serial_write.part.0+0xd2>
			memcpy(txdata, data, size);
    8ec6:	9305      	str	r3, [sp, #20]
    8ec8:	e9dd 2103 	ldrd	r2, r1, [sp, #12]
    8ecc:	9201      	str	r2, [sp, #4]
    8ece:	f7fe ff87 	bl	7de0 <memcpy>
			tx_available -= size;
    8ed2:	9a01      	ldr	r2, [sp, #4]
	USB1_GPTIMER0CTRL = USB_GPTIMERCTRL_GPTRUN | USB_GPTIMERCTRL_GPTRST;
    8ed4:	f04f 4140 	mov.w	r1, #3221225472	@ 0xc0000000
			tx_available -= size;
    8ed8:	9b05      	ldr	r3, [sp, #20]
    8eda:	1a9b      	subs	r3, r3, r2
    8edc:	803b      	strh	r3, [r7, #0]
	USB1_GPTIMER0CTRL = USB_GPTIMERCTRL_GPTRUN | USB_GPTIMERCTRL_GPTRST;
    8ede:	4b3b      	ldr	r3, [pc, #236]	@ (8fcc <usb_serial_write.part.0+0x1a8>)
    8ee0:	f8c3 1084 	str.w	r1, [r3, #132]	@ 0x84
		asm("dsb" ::: "memory");
    8ee4:	f3bf 8f4f 	dsb	sy
			sent += size;
    8ee8:	9802      	ldr	r0, [sp, #8]
		tx_noautoflush = 0;
    8eea:	2300      	movs	r3, #0
			sent += size;
    8eec:	4410      	add	r0, r2
		tx_noautoflush = 0;
    8eee:	7023      	strb	r3, [r4, #0]
}
    8ef0:	b007      	add	sp, #28
    8ef2:	e8bd 8ff0 	ldmia.w	sp!, {r4, r5, r6, r7, r8, r9, sl, fp, pc}
			memcpy(txdata, data, tx_available);
    8ef6:	9904      	ldr	r1, [sp, #16]
    8ef8:	f7fe ff72 	bl	7de0 <memcpy>
			usb_prepare_transfer(xfer, txbuf, TX_SIZE, 0);
    8efc:	2300      	movs	r3, #0
    8efe:	eb0b 21c5 	add.w	r1, fp, r5, lsl #11
    8f02:	f44f 6200 	mov.w	r2, #2048	@ 0x800
    8f06:	9801      	ldr	r0, [sp, #4]
    8f08:	f7ff fe28 	bl	8b5c <usb_prepare_transfer>
	uint32_t location = (uint32_t)addr & 0xFFFFFFE0;
    8f0c:	eb0b 21c5 	add.w	r1, fp, r5, lsl #11
	asm("dsb");
    8f10:	f3bf 8f4f 	dsb	sy
    8f14:	f101 0220 	add.w	r2, r1, #32
    8f18:	f501 6300 	add.w	r3, r1, #2048	@ 0x800
    8f1c:	4293      	cmp	r3, r2
    8f1e:	bf94      	ite	ls
    8f20:	2301      	movls	r3, #1
    8f22:	2340      	movhi	r3, #64	@ 0x40
		SCB_CACHE_DCCIMVAC = location;
    8f24:	f04f 22e0 	mov.w	r2, #3758153728	@ 0xe000e000
    8f28:	eb01 1343 	add.w	r3, r1, r3, lsl #5
    8f2c:	f8c2 1f70 	str.w	r1, [r2, #3952]	@ 0xf70
		location += 32;
    8f30:	3120      	adds	r1, #32
	} while (location < end_addr);
    8f32:	428b      	cmp	r3, r1
    8f34:	d1fa      	bne.n	8f2c <usb_serial_write.part.0+0x108>
	asm("dsb");
    8f36:	f3bf 8f4f 	dsb	sy
	asm("isb");
    8f3a:	f3bf 8f6f 	isb	sy
			usb_transmit(CDC_TX_ENDPOINT, xfer);
    8f3e:	2004      	movs	r0, #4
    8f40:	9901      	ldr	r1, [sp, #4]
    8f42:	f7ff fe23 	bl	8b8c <usb_transmit>
			if (++tx_head >= TX_NUM) tx_head = 0;
    8f46:	4a1e      	ldr	r2, [pc, #120]	@ (8fc0 <usb_serial_write.part.0+0x19c>)
    8f48:	7813      	ldrb	r3, [r2, #0]
    8f4a:	3301      	adds	r3, #1
    8f4c:	b2db      	uxtb	r3, r3
    8f4e:	2b04      	cmp	r3, #4
    8f50:	bf28      	it	cs
    8f52:	2300      	movcs	r3, #0
    8f54:	7013      	strb	r3, [r2, #0]
			size -= tx_available;
    8f56:	883b      	ldrh	r3, [r7, #0]
    8f58:	9a03      	ldr	r2, [sp, #12]
    8f5a:	1ad1      	subs	r1, r2, r3
			sent += tx_available;
    8f5c:	9a02      	ldr	r2, [sp, #8]
    8f5e:	441a      	add	r2, r3
			size -= tx_available;
    8f60:	9103      	str	r1, [sp, #12]
			sent += tx_available;
    8f62:	9202      	str	r2, [sp, #8]
			data += tx_available;
    8f64:	9a04      	ldr	r2, [sp, #16]
    8f66:	441a      	add	r2, r3
			tx_available = 0;
    8f68:	2300      	movs	r3, #0
			data += tx_available;
    8f6a:	9204      	str	r2, [sp, #16]
	USB1_GPTIMER0CTRL = 0;
    8f6c:	4a17      	ldr	r2, [pc, #92]	@ (8fcc <usb_serial_write.part.0+0x1a8>)
			tx_available = 0;
    8f6e:	803b      	strh	r3, [r7, #0]
	USB1_GPTIMER0CTRL = 0;
    8f70:	f8c2 3084 	str.w	r3, [r2, #132]	@ 0x84
		asm("dsb" ::: "memory");
    8f74:	f3bf 8f4f 	dsb	sy
		tx_noautoflush = 0;
    8f78:	7023      	strb	r3, [r4, #0]
	while (size > 0) {
    8f7a:	2900      	cmp	r1, #0
    8f7c:	f47f af63 	bne.w	8e46 <usb_serial_write.part.0+0x22>
	return sent;
    8f80:	9802      	ldr	r0, [sp, #8]
}
    8f82:	b007      	add	sp, #28
    8f84:	e8bd 8ff0 	ldmia.w	sp!, {r4, r5, r6, r7, r8, r9, sl, fp, pc}
				tx_available = TX_SIZE;
    8f88:	f44f 6200 	mov.w	r2, #2048	@ 0x800
		uint8_t *txdata = txbuffer + (tx_head * TX_SIZE) + (TX_SIZE - tx_available);
    8f8c:	4b0c      	ldr	r3, [pc, #48]	@ (8fc0 <usb_serial_write.part.0+0x19c>)
				transmit_previous_timeout = 0;
    8f8e:	f88a 0000 	strb.w	r0, [sl]
		uint8_t *txdata = txbuffer + (tx_head * TX_SIZE) + (TX_SIZE - tx_available);
    8f92:	781d      	ldrb	r5, [r3, #0]
				break;
    8f94:	4613      	mov	r3, r2
				tx_available = TX_SIZE;
    8f96:	803a      	strh	r2, [r7, #0]
				break;
    8f98:	e78d      	b.n	8eb6 <usb_serial_write.part.0+0x92>
				transmit_previous_timeout = 1;
    8f9a:	2301      	movs	r3, #1
				return sent;
    8f9c:	9802      	ldr	r0, [sp, #8]
				transmit_previous_timeout = 1;
    8f9e:	f88a 3000 	strb.w	r3, [sl]
}
    8fa2:	b007      	add	sp, #28
    8fa4:	e8bd 8ff0 	ldmia.w	sp!, {r4, r5, r6, r7, r8, r9, sl, fp, pc}
		uint8_t *txdata = txbuffer + (tx_head * TX_SIZE) + (TX_SIZE - tx_available);
    8fa8:	461a      	mov	r2, r3
    8faa:	f5c3 6000 	rsb	r0, r3, #2048	@ 0x800
    8fae:	e782      	b.n	8eb6 <usb_serial_write.part.0+0x92>
	while (size > 0) {
    8fb0:	4608      	mov	r0, r1
	return sent;
    8fb2:	e7e6      	b.n	8f82 <usb_serial_write.part.0+0x15e>
    8fb4:	200080ab 	.word	0x200080ab
    8fb8:	2000809a 	.word	0x2000809a
    8fbc:	2000807c 	.word	0x2000807c
    8fc0:	200080aa 	.word	0x200080aa
    8fc4:	20002420 	.word	0x20002420
    8fc8:	200080ad 	.word	0x200080ad
    8fcc:	402e0000 	.word	0x402e0000
    8fd0:	200080a9 	.word	0x200080a9
    8fd4:	20201080 	.word	0x20201080

00008fd8 <usb_serial_reset>:
}
    8fd8:	4770      	bx	lr
    8fda:	bf00      	nop

00008fdc <usb_serial_configure>:
	if (usb_high_speed) {
    8fdc:	4b2d      	ldr	r3, [pc, #180]	@ (9094 <usb_serial_configure+0xb8>)
	memset(tx_transfer, 0, sizeof(tx_transfer));
    8fde:	2100      	movs	r1, #0
    8fe0:	2280      	movs	r2, #128	@ 0x80
    8fe2:	482d      	ldr	r0, [pc, #180]	@ (9098 <usb_serial_configure+0xbc>)
{
    8fe4:	b570      	push	{r4, r5, r6, lr}
	if (usb_high_speed) {
    8fe6:	781b      	ldrb	r3, [r3, #0]
	tx_head = 0;
    8fe8:	2400      	movs	r4, #0
    8fea:	4e2c      	ldr	r6, [pc, #176]	@ (909c <usb_serial_configure+0xc0>)
		tx_packet_size = CDC_TX_SIZE_480;
    8fec:	428b      	cmp	r3, r1
    8fee:	bf0c      	ite	eq
    8ff0:	2340      	moveq	r3, #64	@ 0x40
    8ff2:	f44f 7300 	movne.w	r3, #512	@ 0x200
    8ff6:	4d2a      	ldr	r5, [pc, #168]	@ (90a0 <usb_serial_configure+0xc4>)
    8ff8:	8033      	strh	r3, [r6, #0]
    8ffa:	802b      	strh	r3, [r5, #0]
	memset(tx_transfer, 0, sizeof(tx_transfer));
    8ffc:	f000 ff18 	bl	9e30 <memset>
	tx_head = 0;
    9000:	4a28      	ldr	r2, [pc, #160]	@ (90a4 <usb_serial_configure+0xc8>)
	memset(rx_transfer, 0, sizeof(rx_transfer));
    9002:	4621      	mov	r1, r4
	tx_available = 0;
    9004:	4b28      	ldr	r3, [pc, #160]	@ (90a8 <usb_serial_configure+0xcc>)
	tx_head = 0;
    9006:	7014      	strb	r4, [r2, #0]
	memset(rx_transfer, 0, sizeof(rx_transfer));
    9008:	f44f 7280 	mov.w	r2, #256	@ 0x100
    900c:	4827      	ldr	r0, [pc, #156]	@ (90ac <usb_serial_configure+0xd0>)
	tx_available = 0;
    900e:	801c      	strh	r4, [r3, #0]
	memset(rx_transfer, 0, sizeof(rx_transfer));
    9010:	f000 ff0e 	bl	9e30 <memset>
	memset(rx_count, 0, sizeof(rx_count));
    9014:	4a26      	ldr	r2, [pc, #152]	@ (90b0 <usb_serial_configure+0xd4>)
	usb_config_tx(CDC_ACM_ENDPOINT, CDC_ACM_SIZE, 0, NULL); // size same 12 & 480
    9016:	2110      	movs	r1, #16
	memset(rx_index, 0, sizeof(rx_index));
    9018:	4b26      	ldr	r3, [pc, #152]	@ (90b4 <usb_serial_configure+0xd8>)
	usb_config_tx(CDC_ACM_ENDPOINT, CDC_ACM_SIZE, 0, NULL); // size same 12 & 480
    901a:	2002      	movs	r0, #2
	memset(rx_count, 0, sizeof(rx_count));
    901c:	e9c2 4400 	strd	r4, r4, [r2]
    9020:	e9c2 4402 	strd	r4, r4, [r2, #8]
	rx_head = 0;
    9024:	4a24      	ldr	r2, [pc, #144]	@ (90b8 <usb_serial_configure+0xdc>)
	memset(rx_index, 0, sizeof(rx_index));
    9026:	e9c3 4400 	strd	r4, r4, [r3]
	rx_head = 0;
    902a:	7014      	strb	r4, [r2, #0]
	rx_available = 0;
    902c:	4a23      	ldr	r2, [pc, #140]	@ (90bc <usb_serial_configure+0xe0>)
	memset(rx_index, 0, sizeof(rx_index));
    902e:	e9c3 4402 	strd	r4, r4, [r3, #8]
	rx_tail = 0;
    9032:	4b23      	ldr	r3, [pc, #140]	@ (90c0 <usb_serial_configure+0xe4>)
    9034:	701c      	strb	r4, [r3, #0]
	usb_config_tx(CDC_ACM_ENDPOINT, CDC_ACM_SIZE, 0, NULL); // size same 12 & 480
    9036:	4623      	mov	r3, r4
	rx_available = 0;
    9038:	6014      	str	r4, [r2, #0]
	usb_config_tx(CDC_ACM_ENDPOINT, CDC_ACM_SIZE, 0, NULL); // size same 12 & 480
    903a:	4622      	mov	r2, r4
    903c:	f7ff fd58 	bl	8af0 <usb_config_tx>
	usb_config_rx(CDC_RX_ENDPOINT, rx_packet_size, 0, rx_event);
    9040:	4b20      	ldr	r3, [pc, #128]	@ (90c4 <usb_serial_configure+0xe8>)
    9042:	4622      	mov	r2, r4
    9044:	8831      	ldrh	r1, [r6, #0]
    9046:	2003      	movs	r0, #3
    9048:	f7ff fd20 	bl	8a8c <usb_config_rx>
	usb_config_tx(CDC_TX_ENDPOINT, tx_packet_size, 1, NULL);
    904c:	4623      	mov	r3, r4
    904e:	2201      	movs	r2, #1
    9050:	8829      	ldrh	r1, [r5, #0]
    9052:	2004      	movs	r0, #4
    9054:	f7ff fd4c 	bl	8af0 <usb_config_tx>
	for (i=0; i < RX_NUM; i++) rx_queue_transfer(i);
    9058:	4620      	mov	r0, r4
    905a:	3401      	adds	r4, #1
    905c:	f7ff fdfe 	bl	8c5c <rx_queue_transfer>
    9060:	2c08      	cmp	r4, #8
    9062:	d1f9      	bne.n	9058 <usb_serial_configure+0x7c>
	USB1_GPTIMER0CTRL = 0;
    9064:	4b18      	ldr	r3, [pc, #96]	@ (90c8 <usb_serial_configure+0xec>)
    9066:	2100      	movs	r1, #0
	USB1_GPTIMER0LD = microseconds - 1;
    9068:	224a      	movs	r2, #74	@ 0x4a
	usb_timer0_callback = callback;
    906a:	4818      	ldr	r0, [pc, #96]	@ (90cc <usb_serial_configure+0xf0>)
    906c:	4c18      	ldr	r4, [pc, #96]	@ (90d0 <usb_serial_configure+0xf4>)
    906e:	6004      	str	r4, [r0, #0]
	USB1_GPTIMER0CTRL = 0;
    9070:	f8c3 1084 	str.w	r1, [r3, #132]	@ 0x84
	USB1_GPTIMER0LD = microseconds - 1;
    9074:	f8c3 2080 	str.w	r2, [r3, #128]	@ 0x80
	USB1_USBINTR |= USB_USBINTR_TIE0;
    9078:	f8d3 2148 	ldr.w	r2, [r3, #328]	@ 0x148
	if (serialEvent) yield_active_check_flags |= YIELD_CHECK_USB_SERIAL;
    907c:	4915      	ldr	r1, [pc, #84]	@ (90d4 <usb_serial_configure+0xf8>)
	USB1_USBINTR |= USB_USBINTR_TIE0;
    907e:	f042 7280 	orr.w	r2, r2, #16777216	@ 0x1000000
    9082:	f8c3 2148 	str.w	r2, [r3, #328]	@ 0x148
	if (serialEvent) yield_active_check_flags |= YIELD_CHECK_USB_SERIAL;
    9086:	b121      	cbz	r1, 9092 <usb_serial_configure+0xb6>
    9088:	4a13      	ldr	r2, [pc, #76]	@ (90d8 <usb_serial_configure+0xfc>)
    908a:	7813      	ldrb	r3, [r2, #0]
    908c:	f043 0301 	orr.w	r3, r3, #1
    9090:	7013      	strb	r3, [r2, #0]
}
    9092:	bd70      	pop	{r4, r5, r6, pc}
    9094:	200080ae 	.word	0x200080ae
    9098:	20002420 	.word	0x20002420
    909c:	20008098 	.word	0x20008098
    90a0:	2000809c 	.word	0x2000809c
    90a4:	200080aa 	.word	0x200080aa
    90a8:	2000809a 	.word	0x2000809a
    90ac:	20002320 	.word	0x20002320
    90b0:	20008038 	.word	0x20008038
    90b4:	20008048 	.word	0x20008048
    90b8:	200080a6 	.word	0x200080a6
    90bc:	20008034 	.word	0x20008034
    90c0:	200080a7 	.word	0x200080a7
    90c4:	00008cc5 	.word	0x00008cc5
    90c8:	402e0000 	.word	0x402e0000
    90cc:	20008090 	.word	0x20008090
    90d0:	00008d81 	.word	0x00008d81
    90d4:	00000000 	.word	0x00000000
    90d8:	200080b0 	.word	0x200080b0

000090dc <usb_serial_read>:
{
    90dc:	e92d 4ff8 	stmdb	sp!, {r3, r4, r5, r6, r7, r8, r9, sl, fp, lr}
	NVIC_DISABLE_IRQ(IRQ_USB1);
    90e0:	f44f 3200 	mov.w	r2, #131072	@ 0x20000
    90e4:	f04f 23e0 	mov.w	r3, #3758153728	@ 0xe000e000
    90e8:	f8c3 218c 	str.w	r2, [r3, #396]	@ 0x18c
	uint32_t tail = rx_tail;
    90ec:	4b2b      	ldr	r3, [pc, #172]	@ (919c <usb_serial_read+0xc0>)
    90ee:	781c      	ldrb	r4, [r3, #0]
	while (count < size && tail != rx_head) {
    90f0:	2900      	cmp	r1, #0
    90f2:	d050      	beq.n	9196 <usb_serial_read+0xba>
    90f4:	4682      	mov	sl, r0
    90f6:	468b      	mov	fp, r1
	uint32_t tail = rx_tail;
    90f8:	b2e4      	uxtb	r4, r4
	uint32_t count=0;
    90fa:	2700      	movs	r7, #0
		uint32_t avail = rx_count[i] - rx_index[i];
    90fc:	f8df 90b4 	ldr.w	r9, [pc, #180]	@ 91b4 <usb_serial_read+0xd8>
	while (count < size && tail != rx_head) {
    9100:	4b27      	ldr	r3, [pc, #156]	@ (91a0 <usb_serial_read+0xc4>)
			memcpy(p, rx_buffer + i * CDC_RX_SIZE_480 + rx_index[i], avail);
    9102:	4650      	mov	r0, sl
			memcpy(p, rx_buffer + i * CDC_RX_SIZE_480 + rx_index[i], len);
    9104:	4a27      	ldr	r2, [pc, #156]	@ (91a4 <usb_serial_read+0xc8>)
		uint32_t len = size - count;
    9106:	ebab 0807 	sub.w	r8, fp, r7
	while (count < size && tail != rx_head) {
    910a:	781b      	ldrb	r3, [r3, #0]
    910c:	42a3      	cmp	r3, r4
		if (++tail > RX_NUM) tail = 0;
    910e:	f104 0401 	add.w	r4, r4, #1
	while (count < size && tail != rx_head) {
    9112:	d037      	beq.n	9184 <usb_serial_read+0xa8>
		if (++tail > RX_NUM) tail = 0;
    9114:	2c09      	cmp	r4, #9
		uint32_t i = rx_list[tail];
    9116:	4b24      	ldr	r3, [pc, #144]	@ (91a8 <usb_serial_read+0xcc>)
		uint32_t avail = rx_count[i] - rx_index[i];
    9118:	4924      	ldr	r1, [pc, #144]	@ (91ac <usb_serial_read+0xd0>)
		if (++tail > RX_NUM) tail = 0;
    911a:	bf28      	it	cs
    911c:	2400      	movcs	r4, #0
		uint32_t i = rx_list[tail];
    911e:	5d1e      	ldrb	r6, [r3, r4]
		uint32_t avail = rx_count[i] - rx_index[i];
    9120:	f839 3016 	ldrh.w	r3, [r9, r6, lsl #1]
    9124:	f831 5016 	ldrh.w	r5, [r1, r6, lsl #1]
			memcpy(p, rx_buffer + i * CDC_RX_SIZE_480 + rx_index[i], len);
    9128:	eb03 2146 	add.w	r1, r3, r6, lsl #9
		uint32_t avail = rx_count[i] - rx_index[i];
    912c:	1aed      	subs	r5, r5, r3
			memcpy(p, rx_buffer + i * CDC_RX_SIZE_480 + rx_index[i], len);
    912e:	4411      	add	r1, r2
		if (avail > len) {
    9130:	45a8      	cmp	r8, r5
			memcpy(p, rx_buffer + i * CDC_RX_SIZE_480 + rx_index[i], avail);
    9132:	462a      	mov	r2, r5
		if (avail > len) {
    9134:	d217      	bcs.n	9166 <usb_serial_read+0x8a>
			rx_available -= len;
    9136:	4c1e      	ldr	r4, [pc, #120]	@ (91b0 <usb_serial_read+0xd4>)
			memcpy(p, rx_buffer + i * CDC_RX_SIZE_480 + rx_index[i], len);
    9138:	4642      	mov	r2, r8
    913a:	4650      	mov	r0, sl
    913c:	f7fe fe50 	bl	7de0 <memcpy>
			rx_available -= len;
    9140:	6823      	ldr	r3, [r4, #0]
			rx_index[i] += len;
    9142:	f839 1016 	ldrh.w	r1, [r9, r6, lsl #1]
	return count;
    9146:	4658      	mov	r0, fp
			rx_available -= len;
    9148:	eba3 030b 	sub.w	r3, r3, fp
			rx_index[i] += len;
    914c:	4488      	add	r8, r1
			rx_available -= len;
    914e:	443b      	add	r3, r7
			rx_index[i] += len;
    9150:	f829 8016 	strh.w	r8, [r9, r6, lsl #1]
			rx_available -= len;
    9154:	6023      	str	r3, [r4, #0]
	NVIC_ENABLE_IRQ(IRQ_USB1);
    9156:	f04f 23e0 	mov.w	r3, #3758153728	@ 0xe000e000
    915a:	f44f 3200 	mov.w	r2, #131072	@ 0x20000
    915e:	f8c3 210c 	str.w	r2, [r3, #268]	@ 0x10c
}
    9162:	e8bd 8ff8 	ldmia.w	sp!, {r3, r4, r5, r6, r7, r8, r9, sl, fp, pc}
			memcpy(p, rx_buffer + i * CDC_RX_SIZE_480 + rx_index[i], avail);
    9166:	f7fe fe3b 	bl	7de0 <memcpy>
			rx_available -= avail;
    916a:	4a11      	ldr	r2, [pc, #68]	@ (91b0 <usb_serial_read+0xd4>)
			count += avail;
    916c:	442f      	add	r7, r5
			rx_queue_transfer(i);
    916e:	4630      	mov	r0, r6
			rx_available -= avail;
    9170:	6813      	ldr	r3, [r2, #0]
			p += avail;
    9172:	44aa      	add	sl, r5
			rx_available -= avail;
    9174:	1b5b      	subs	r3, r3, r5
    9176:	6013      	str	r3, [r2, #0]
			rx_tail = tail;
    9178:	4a08      	ldr	r2, [pc, #32]	@ (919c <usb_serial_read+0xc0>)
    917a:	7014      	strb	r4, [r2, #0]
			rx_queue_transfer(i);
    917c:	f7ff fd6e 	bl	8c5c <rx_queue_transfer>
	while (count < size && tail != rx_head) {
    9180:	45bb      	cmp	fp, r7
    9182:	d8bd      	bhi.n	9100 <usb_serial_read+0x24>
	NVIC_ENABLE_IRQ(IRQ_USB1);
    9184:	f04f 23e0 	mov.w	r3, #3758153728	@ 0xe000e000
    9188:	f44f 3200 	mov.w	r2, #131072	@ 0x20000
	return count;
    918c:	4638      	mov	r0, r7
	NVIC_ENABLE_IRQ(IRQ_USB1);
    918e:	f8c3 210c 	str.w	r2, [r3, #268]	@ 0x10c
}
    9192:	e8bd 8ff8 	ldmia.w	sp!, {r3, r4, r5, r6, r7, r8, r9, sl, fp, pc}
	while (count < size && tail != rx_head) {
    9196:	4608      	mov	r0, r1
    9198:	e7dd      	b.n	9156 <usb_serial_read+0x7a>
    919a:	bf00      	nop
    919c:	200080a7 	.word	0x200080a7
    91a0:	200080a6 	.word	0x200080a6
    91a4:	20200080 	.word	0x20200080
    91a8:	20008058 	.word	0x20008058
    91ac:	20008038 	.word	0x20008038
    91b0:	20008034 	.word	0x20008034
    91b4:	20008048 	.word	0x20008048

000091b8 <usb_serial_peekchar>:
	if (tail == rx_head) return -1;
    91b8:	4b0b      	ldr	r3, [pc, #44]	@ (91e8 <usb_serial_peekchar+0x30>)
	uint32_t tail = rx_tail;
    91ba:	4a0c      	ldr	r2, [pc, #48]	@ (91ec <usb_serial_peekchar+0x34>)
    91bc:	7812      	ldrb	r2, [r2, #0]
	if (tail == rx_head) return -1;
    91be:	7819      	ldrb	r1, [r3, #0]
	uint32_t tail = rx_tail;
    91c0:	b2d3      	uxtb	r3, r2
	if (tail == rx_head) return -1;
    91c2:	428a      	cmp	r2, r1
    91c4:	d00d      	beq.n	91e2 <usb_serial_peekchar+0x2a>
	if (++tail > RX_NUM) tail = 0;
    91c6:	3301      	adds	r3, #1
	uint32_t i = rx_list[tail];
    91c8:	4809      	ldr	r0, [pc, #36]	@ (91f0 <usb_serial_peekchar+0x38>)
	return rx_buffer[i * CDC_RX_SIZE_480 + rx_index[i]];
    91ca:	4a0a      	ldr	r2, [pc, #40]	@ (91f4 <usb_serial_peekchar+0x3c>)
	if (++tail > RX_NUM) tail = 0;
    91cc:	2b09      	cmp	r3, #9
	return rx_buffer[i * CDC_RX_SIZE_480 + rx_index[i]];
    91ce:	490a      	ldr	r1, [pc, #40]	@ (91f8 <usb_serial_peekchar+0x40>)
	if (++tail > RX_NUM) tail = 0;
    91d0:	bf28      	it	cs
    91d2:	2300      	movcs	r3, #0
	uint32_t i = rx_list[tail];
    91d4:	5cc3      	ldrb	r3, [r0, r3]
	return rx_buffer[i * CDC_RX_SIZE_480 + rx_index[i]];
    91d6:	f831 1013 	ldrh.w	r1, [r1, r3, lsl #1]
    91da:	eb02 2343 	add.w	r3, r2, r3, lsl #9
    91de:	5c58      	ldrb	r0, [r3, r1]
    91e0:	4770      	bx	lr
	if (tail == rx_head) return -1;
    91e2:	f04f 30ff 	mov.w	r0, #4294967295
}
    91e6:	4770      	bx	lr
    91e8:	200080a6 	.word	0x200080a6
    91ec:	200080a7 	.word	0x200080a7
    91f0:	20008058 	.word	0x20008058
    91f4:	20200080 	.word	0x20200080
    91f8:	20008048 	.word	0x20008048

000091fc <usb_serial_available>:
	uint32_t n = rx_available;
    91fc:	4b05      	ldr	r3, [pc, #20]	@ (9214 <usb_serial_available+0x18>)
    91fe:	6818      	ldr	r0, [r3, #0]
	if (n == 0) yield();
    9200:	b100      	cbz	r0, 9204 <usb_serial_available+0x8>
}
    9202:	4770      	bx	lr
{
    9204:	b500      	push	{lr}
    9206:	b083      	sub	sp, #12
    9208:	9001      	str	r0, [sp, #4]
	if (n == 0) yield();
    920a:	f000 f8dd 	bl	93c8 <yield>
    920e:	9801      	ldr	r0, [sp, #4]
}
    9210:	b003      	add	sp, #12
    9212:	bd00      	pop	{pc}
    9214:	20008034 	.word	0x20008034

00009218 <usb_serial_flush_input>:
{
    9218:	e92d 4ff8 	stmdb	sp!, {r3, r4, r5, r6, r7, r8, r9, sl, fp, lr}
	uint32_t tail = rx_tail;
    921c:	4e14      	ldr	r6, [pc, #80]	@ (9270 <usb_serial_flush_input+0x58>)
	while (tail != rx_head) {
    921e:	4d15      	ldr	r5, [pc, #84]	@ (9274 <usb_serial_flush_input+0x5c>)
	uint32_t tail = rx_tail;
    9220:	7833      	ldrb	r3, [r6, #0]
	while (tail != rx_head) {
    9222:	782a      	ldrb	r2, [r5, #0]
    9224:	4293      	cmp	r3, r2
    9226:	d020      	beq.n	926a <usb_serial_flush_input+0x52>
    9228:	b2dc      	uxtb	r4, r3
    922a:	f8df 9050 	ldr.w	r9, [pc, #80]	@ 927c <usb_serial_flush_input+0x64>
    922e:	f8df b050 	ldr.w	fp, [pc, #80]	@ 9280 <usb_serial_flush_input+0x68>
    9232:	f8df 8050 	ldr.w	r8, [pc, #80]	@ 9284 <usb_serial_flush_input+0x6c>
    9236:	4f10      	ldr	r7, [pc, #64]	@ (9278 <usb_serial_flush_input+0x60>)
		if (++tail > RX_NUM) tail = 0;
    9238:	3401      	adds	r4, #1
    923a:	2c08      	cmp	r4, #8
		rx_tail = tail;
    923c:	46a2      	mov	sl, r4
		if (++tail > RX_NUM) tail = 0;
    923e:	d901      	bls.n	9244 <usb_serial_flush_input+0x2c>
    9240:	2400      	movs	r4, #0
    9242:	46a2      	mov	sl, r4
		uint32_t i = rx_list[tail];
    9244:	f819 0004 	ldrb.w	r0, [r9, r4]
		rx_available -= rx_count[i] - rx_index[i];
    9248:	f8db 3000 	ldr.w	r3, [fp]
    924c:	f838 2010 	ldrh.w	r2, [r8, r0, lsl #1]
    9250:	f837 1010 	ldrh.w	r1, [r7, r0, lsl #1]
    9254:	1a52      	subs	r2, r2, r1
    9256:	1a9b      	subs	r3, r3, r2
    9258:	f8cb 3000 	str.w	r3, [fp]
		rx_queue_transfer(i);
    925c:	f7ff fcfe 	bl	8c5c <rx_queue_transfer>
		rx_tail = tail;
    9260:	f886 a000 	strb.w	sl, [r6]
	while (tail != rx_head) {
    9264:	782b      	ldrb	r3, [r5, #0]
    9266:	42a3      	cmp	r3, r4
    9268:	d1e6      	bne.n	9238 <usb_serial_flush_input+0x20>
}
    926a:	e8bd 8ff8 	ldmia.w	sp!, {r3, r4, r5, r6, r7, r8, r9, sl, fp, pc}
    926e:	bf00      	nop
    9270:	200080a7 	.word	0x200080a7
    9274:	200080a6 	.word	0x200080a6
    9278:	20008048 	.word	0x20008048
    927c:	20008058 	.word	0x20008058
    9280:	20008034 	.word	0x20008034
    9284:	20008038 	.word	0x20008038

00009288 <usb_serial_getchar>:
{
    9288:	b500      	push	{lr}
    928a:	b083      	sub	sp, #12
	if (usb_serial_read(&c, 1)) return c;
    928c:	2101      	movs	r1, #1
    928e:	f10d 0007 	add.w	r0, sp, #7
    9292:	f7ff ff23 	bl	90dc <usb_serial_read>
    9296:	b118      	cbz	r0, 92a0 <usb_serial_getchar+0x18>
    9298:	f89d 0007 	ldrb.w	r0, [sp, #7]
}
    929c:	b003      	add	sp, #12
    929e:	bd00      	pop	{pc}
	return -1;
    92a0:	f04f 30ff 	mov.w	r0, #4294967295
    92a4:	e7fa      	b.n	929c <usb_serial_getchar+0x14>
    92a6:	bf00      	nop

000092a8 <usb_serial_putchar>:
	if (!usb_configuration) return 0;
    92a8:	4b08      	ldr	r3, [pc, #32]	@ (92cc <usb_serial_putchar+0x24>)
{
    92aa:	b500      	push	{lr}
    92ac:	b083      	sub	sp, #12
	if (!usb_configuration) return 0;
    92ae:	781b      	ldrb	r3, [r3, #0]
{
    92b0:	f88d 0007 	strb.w	r0, [sp, #7]
	if (!usb_configuration) return 0;
    92b4:	b133      	cbz	r3, 92c4 <usb_serial_putchar+0x1c>
    92b6:	2101      	movs	r1, #1
    92b8:	f10d 0007 	add.w	r0, sp, #7
    92bc:	f7ff fdb2 	bl	8e24 <usb_serial_write.part.0>
}
    92c0:	b003      	add	sp, #12
    92c2:	bd00      	pop	{pc}
	if (!usb_configuration) return 0;
    92c4:	f003 00ff 	and.w	r0, r3, #255	@ 0xff
}
    92c8:	b003      	add	sp, #12
    92ca:	bd00      	pop	{pc}
    92cc:	200080ad 	.word	0x200080ad

000092d0 <usb_serial_write>:
	if (!usb_configuration) return 0;
    92d0:	4b03      	ldr	r3, [pc, #12]	@ (92e0 <usb_serial_write+0x10>)
    92d2:	781b      	ldrb	r3, [r3, #0]
    92d4:	b10b      	cbz	r3, 92da <usb_serial_write+0xa>
    92d6:	f7ff bda5 	b.w	8e24 <usb_serial_write.part.0>
}
    92da:	f003 00ff 	and.w	r0, r3, #255	@ 0xff
    92de:	4770      	bx	lr
    92e0:	200080ad 	.word	0x200080ad

000092e4 <usb_serial_write_buffer_free>:
{
    92e4:	e92d 41f0 	stmdb	sp!, {r4, r5, r6, r7, r8, lr}
	for (uint32_t i=0; i < TX_NUM; i++) {
    92e8:	2400      	movs	r4, #0
	tx_noautoflush = 1;
    92ea:	4e0d      	ldr	r6, [pc, #52]	@ (9320 <usb_serial_write_buffer_free+0x3c>)
    92ec:	2301      	movs	r3, #1
    92ee:	4d0d      	ldr	r5, [pc, #52]	@ (9324 <usb_serial_write_buffer_free+0x40>)
	uint32_t sum = 0;
    92f0:	46a0      	mov	r8, r4
    92f2:	4f0d      	ldr	r7, [pc, #52]	@ (9328 <usb_serial_write_buffer_free+0x44>)
	tx_noautoflush = 1;
    92f4:	7033      	strb	r3, [r6, #0]
		if (i == tx_head) continue;
    92f6:	783b      	ldrb	r3, [r7, #0]
		if (!(usb_transfer_status(tx_transfer + i) & 0x80)) sum += TX_SIZE;
    92f8:	4628      	mov	r0, r5
		if (i == tx_head) continue;
    92fa:	42a3      	cmp	r3, r4
    92fc:	d005      	beq.n	930a <usb_serial_write_buffer_free+0x26>
		if (!(usb_transfer_status(tx_transfer + i) & 0x80)) sum += TX_SIZE;
    92fe:	f7ff fc6b 	bl	8bd8 <usb_transfer_status>
    9302:	0603      	lsls	r3, r0, #24
    9304:	bf58      	it	pl
    9306:	f508 6800 	addpl.w	r8, r8, #2048	@ 0x800
	for (uint32_t i=0; i < TX_NUM; i++) {
    930a:	3401      	adds	r4, #1
    930c:	3520      	adds	r5, #32
    930e:	2c04      	cmp	r4, #4
    9310:	d1f1      	bne.n	92f6 <usb_serial_write_buffer_free+0x12>
	asm("dsb" ::: "memory");
    9312:	f3bf 8f4f 	dsb	sy
	tx_noautoflush = 0;
    9316:	2300      	movs	r3, #0
}
    9318:	4640      	mov	r0, r8
	tx_noautoflush = 0;
    931a:	7033      	strb	r3, [r6, #0]
}
    931c:	e8bd 81f0 	ldmia.w	sp!, {r4, r5, r6, r7, r8, pc}
    9320:	200080ab 	.word	0x200080ab
    9324:	20002420 	.word	0x20002420
    9328:	200080aa 	.word	0x200080aa

0000932c <usb_serial_flush_output>:
	if (!usb_configuration) return;
    932c:	4b20      	ldr	r3, [pc, #128]	@ (93b0 <usb_serial_flush_output+0x84>)
    932e:	781b      	ldrb	r3, [r3, #0]
    9330:	b113      	cbz	r3, 9338 <usb_serial_flush_output+0xc>
	if (tx_available == 0) return;
    9332:	4b20      	ldr	r3, [pc, #128]	@ (93b4 <usb_serial_flush_output+0x88>)
    9334:	881a      	ldrh	r2, [r3, #0]
    9336:	b902      	cbnz	r2, 933a <usb_serial_flush_output+0xe>
    9338:	4770      	bx	lr
	transfer_t *xfer = tx_transfer + tx_head;
    933a:	4b1f      	ldr	r3, [pc, #124]	@ (93b8 <usb_serial_flush_output+0x8c>)
	uint32_t txnum = TX_SIZE - tx_available;
    933c:	f5c2 6200 	rsb	r2, r2, #2048	@ 0x800
	transfer_t *xfer = tx_transfer + tx_head;
    9340:	481e      	ldr	r0, [pc, #120]	@ (93bc <usb_serial_flush_output+0x90>)
	uint8_t *txbuf = txbuffer + (tx_head * TX_SIZE);
    9342:	491f      	ldr	r1, [pc, #124]	@ (93c0 <usb_serial_flush_output+0x94>)
{
    9344:	b530      	push	{r4, r5, lr}
	transfer_t *xfer = tx_transfer + tx_head;
    9346:	781b      	ldrb	r3, [r3, #0]
{
    9348:	b083      	sub	sp, #12
	tx_noautoflush = 1;
    934a:	4c1e      	ldr	r4, [pc, #120]	@ (93c4 <usb_serial_flush_output+0x98>)
	transfer_t *xfer = tx_transfer + tx_head;
    934c:	eb00 1043 	add.w	r0, r0, r3, lsl #5
	uint8_t *txbuf = txbuffer + (tx_head * TX_SIZE);
    9350:	eb01 21c3 	add.w	r1, r1, r3, lsl #11
	tx_noautoflush = 1;
    9354:	2301      	movs	r3, #1
	transfer_t *xfer = tx_transfer + tx_head;
    9356:	4605      	mov	r5, r0
	tx_noautoflush = 1;
    9358:	7023      	strb	r3, [r4, #0]
	usb_prepare_transfer(xfer, txbuf, txnum, 0);
    935a:	2300      	movs	r3, #0
    935c:	e9cd 1200 	strd	r1, r2, [sp]
    9360:	f7ff fbfc 	bl	8b5c <usb_prepare_transfer>
	uint32_t end_addr = (uint32_t)addr + size;
    9364:	e9dd 1200 	ldrd	r1, r2, [sp]
    9368:	440a      	add	r2, r1
	asm("dsb");
    936a:	f3bf 8f4f 	dsb	sy
		SCB_CACHE_DCCIMVAC = location;
    936e:	f04f 23e0 	mov.w	r3, #3758153728	@ 0xe000e000
    9372:	f8c3 1f70 	str.w	r1, [r3, #3952]	@ 0xf70
		location += 32;
    9376:	3120      	adds	r1, #32
	} while (location < end_addr);
    9378:	428a      	cmp	r2, r1
    937a:	d8fa      	bhi.n	9372 <usb_serial_flush_output+0x46>
	asm("dsb");
    937c:	f3bf 8f4f 	dsb	sy
	asm("isb");
    9380:	f3bf 8f6f 	isb	sy
	usb_transmit(CDC_TX_ENDPOINT, xfer);
    9384:	2004      	movs	r0, #4
    9386:	4629      	mov	r1, r5
    9388:	f7ff fc00 	bl	8b8c <usb_transmit>
	if (++tx_head >= TX_NUM) tx_head = 0;
    938c:	490a      	ldr	r1, [pc, #40]	@ (93b8 <usb_serial_flush_output+0x8c>)
	tx_available = 0;
    938e:	2200      	movs	r2, #0
    9390:	4808      	ldr	r0, [pc, #32]	@ (93b4 <usb_serial_flush_output+0x88>)
	if (++tx_head >= TX_NUM) tx_head = 0;
    9392:	780b      	ldrb	r3, [r1, #0]
	tx_available = 0;
    9394:	8002      	strh	r2, [r0, #0]
	if (++tx_head >= TX_NUM) tx_head = 0;
    9396:	3301      	adds	r3, #1
    9398:	b2db      	uxtb	r3, r3
    939a:	2b04      	cmp	r3, #4
    939c:	bf28      	it	cs
    939e:	4613      	movcs	r3, r2
    93a0:	700b      	strb	r3, [r1, #0]
	asm("dsb" ::: "memory");
    93a2:	f3bf 8f4f 	dsb	sy
	tx_noautoflush = 0;
    93a6:	4b07      	ldr	r3, [pc, #28]	@ (93c4 <usb_serial_flush_output+0x98>)
    93a8:	701a      	strb	r2, [r3, #0]
}
    93aa:	b003      	add	sp, #12
    93ac:	bd30      	pop	{r4, r5, pc}
    93ae:	bf00      	nop
    93b0:	200080ad 	.word	0x200080ad
    93b4:	2000809a 	.word	0x2000809a
    93b8:	200080aa 	.word	0x200080aa
    93bc:	20002420 	.word	0x20002420
    93c0:	20201080 	.word	0x20201080
    93c4:	200080ab 	.word	0x200080ab

000093c8 <yield>:


void yield(void) __attribute__ ((weak));
void yield(void)
{
	const uint8_t check_flags = yield_active_check_flags;
    93c8:	4b2e      	ldr	r3, [pc, #184]	@ (9484 <yield+0xbc>)
{
    93ca:	e92d 41f0 	stmdb	sp!, {r4, r5, r6, r7, r8, lr}
	const uint8_t check_flags = yield_active_check_flags;
    93ce:	781e      	ldrb	r6, [r3, #0]
	if (!check_flags) return;	// nothing to do
    93d0:	b186      	cbz	r6, 93f4 <yield+0x2c>

	// TODO: do nothing if called from interrupt

	static uint8_t running=0;
	if (running) return; // TODO: does this need to be atomic?
    93d2:	f8df 80c8 	ldr.w	r8, [pc, #200]	@ 949c <yield+0xd4>
    93d6:	f898 3000 	ldrb.w	r3, [r8]
    93da:	b95b      	cbnz	r3, 93f4 <yield+0x2c>
	running = 1;
    93dc:	2301      	movs	r3, #1

	// USB Serial - Add hack to minimize impact...
	if (check_flags & YIELD_CHECK_USB_SERIAL) {
    93de:	07f1      	lsls	r1, r6, #31
	running = 1;
    93e0:	f888 3000 	strb.w	r3, [r8]
	if (check_flags & YIELD_CHECK_USB_SERIAL) {
    93e4:	d440      	bmi.n	9468 <yield+0xa0>
		if (SerialUSB2.available()) serialEventUSB2();
	}
#endif

	// Current workaround until integrate with EventResponder.
	if (check_flags & YIELD_CHECK_HARDWARE_SERIAL) {
    93e6:	07b2      	lsls	r2, r6, #30
    93e8:	d427      	bmi.n	943a <yield+0x72>
		HardwareSerialIMXRT::processSerialEventsList();
	}

	running = 0;
    93ea:	2300      	movs	r3, #0
    93ec:	f888 3000 	strb.w	r3, [r8]
	if (check_flags & YIELD_CHECK_EVENT_RESPONDER) {
    93f0:	0773      	lsls	r3, r6, #29
    93f2:	d401      	bmi.n	93f8 <yield+0x30>
		EventResponder::runFromYield();
	}
};
    93f4:	e8bd 81f0 	ldmia.w	sp!, {r4, r5, r6, r7, r8, pc}
	// Wait for event(s) to occur.  These are most likely to be useful when
	// used with a scheduler or RTOS.
	bool waitForEvent(EventResponderRef event, int timeout);
	EventResponder * waitForEvent(EventResponder *list, int listsize, int timeout);
	static void runFromYield() {
		if (!firstYield) return;  
    93f8:	4b23      	ldr	r3, [pc, #140]	@ (9488 <yield+0xc0>)
    93fa:	681a      	ldr	r2, [r3, #0]
    93fc:	2a00      	cmp	r2, #0
    93fe:	d0f9      	beq.n	93f4 <yield+0x2c>
		// First, check if yield was called from an interrupt
		// never call normal handler functions from any interrupt context
		uint32_t ipsr;
		__asm__ volatile("mrs %0, ipsr\n" : "=r" (ipsr)::);
    9400:	f3ef 8205 	mrs	r2, IPSR
		if (ipsr != 0) return;
    9404:	2a00      	cmp	r2, #0
    9406:	d1f5      	bne.n	93f4 <yield+0x2c>
	static EventResponder *lastInterrupt;
	static bool runningFromYield;
private:
	static bool disableInterrupts() {
		uint32_t primask;
		__asm__ volatile("mrs %0, primask\n" : "=r" (primask)::);
    9408:	f3ef 8510 	mrs	r5, PRIMASK
		__disable_irq();
    940c:	b672      	cpsid	i
		EventResponder *first = firstYield;
    940e:	6818      	ldr	r0, [r3, #0]
		if (first == nullptr) {
    9410:	2800      	cmp	r0, #0
    9412:	d030      	beq.n	9476 <yield+0xae>
		if (runningFromYield) {
    9414:	4c1d      	ldr	r4, [pc, #116]	@ (948c <yield+0xc4>)
    9416:	7821      	ldrb	r1, [r4, #0]
    9418:	2900      	cmp	r1, #0
    941a:	d12c      	bne.n	9476 <yield+0xae>
		runningFromYield = true;
    941c:	2201      	movs	r2, #1
    941e:	7022      	strb	r2, [r4, #0]
		firstYield = first->_next;
    9420:	6942      	ldr	r2, [r0, #20]
    9422:	601a      	str	r2, [r3, #0]
		if (firstYield) {
    9424:	2a00      	cmp	r2, #0
    9426:	d02a      	beq.n	947e <yield+0xb6>
			firstYield->_prev = nullptr;
    9428:	6191      	str	r1, [r2, #24]
		return (primask == 0) ? true : false;
	}
	static void enableInterrupts(bool doit) {
		if (doit) __enable_irq();
    942a:	b905      	cbnz	r5, 942e <yield+0x66>
    942c:	b662      	cpsie	i
		first->_triggered = false;
    942e:	2500      	movs	r5, #0
		(*(first->_function))(*first);
    9430:	6883      	ldr	r3, [r0, #8]
		first->_triggered = false;
    9432:	7745      	strb	r5, [r0, #29]
		(*(first->_function))(*first);
    9434:	4798      	blx	r3
		runningFromYield = false;
    9436:	7025      	strb	r5, [r4, #0]
    9438:	e7dc      	b.n	93f4 <yield+0x2c>

	static inline void processSerialEventsList() {
		for (uint8_t i = 0; i < s_count_serials_with_serial_events; i++) {
    943a:	4b15      	ldr	r3, [pc, #84]	@ (9490 <yield+0xc8>)
    943c:	781b      	ldrb	r3, [r3, #0]
    943e:	2b00      	cmp	r3, #0
    9440:	d0d3      	beq.n	93ea <yield+0x22>
    9442:	4f14      	ldr	r7, [pc, #80]	@ (9494 <yield+0xcc>)
    9444:	2500      	movs	r5, #0
			s_serials_with_serial_events[i]->doYieldCode();
    9446:	f857 4f04 	ldr.w	r4, [r7, #4]!
	static HardwareSerialIMXRT 	*s_serials_with_serial_events[7];
	#endif
	static uint8_t 			s_count_serials_with_serial_events;
	void addToSerialEventsList(); 
	inline void doYieldCode()  {
		if (available()) (*hardware->_serialEvent)();
    944a:	6823      	ldr	r3, [r4, #0]
    944c:	4620      	mov	r0, r4
    944e:	691b      	ldr	r3, [r3, #16]
    9450:	4798      	blx	r3
    9452:	b110      	cbz	r0, 945a <yield+0x92>
    9454:	6963      	ldr	r3, [r4, #20]
    9456:	689b      	ldr	r3, [r3, #8]
    9458:	4798      	blx	r3
		for (uint8_t i = 0; i < s_count_serials_with_serial_events; i++) {
    945a:	4b0d      	ldr	r3, [pc, #52]	@ (9490 <yield+0xc8>)
    945c:	3501      	adds	r5, #1
    945e:	781a      	ldrb	r2, [r3, #0]
    9460:	b2eb      	uxtb	r3, r5
    9462:	429a      	cmp	r2, r3
    9464:	d8ef      	bhi.n	9446 <yield+0x7e>
    9466:	e7c0      	b.n	93ea <yield+0x22>
        virtual int available() { return usb_serial_available(); }
    9468:	f7ff fec8 	bl	91fc <usb_serial_available>
		if (Serial.available()) serialEvent();
    946c:	2800      	cmp	r0, #0
    946e:	d0ba      	beq.n	93e6 <yield+0x1e>
    9470:	f3af 8000 	nop.w
    9474:	e7b7      	b.n	93e6 <yield+0x1e>
		if (doit) __enable_irq();
    9476:	2d00      	cmp	r5, #0
    9478:	d1bc      	bne.n	93f4 <yield+0x2c>
    947a:	b662      	cpsie	i
    947c:	e7ba      	b.n	93f4 <yield+0x2c>
			lastYield = nullptr;
    947e:	4b06      	ldr	r3, [pc, #24]	@ (9498 <yield+0xd0>)
    9480:	601a      	str	r2, [r3, #0]
    9482:	e7d2      	b.n	942a <yield+0x62>
    9484:	200080b0 	.word	0x200080b0
    9488:	20007e64 	.word	0x20007e64
    948c:	200080a0 	.word	0x200080a0
    9490:	200080a1 	.word	0x200080a1
    9494:	200022bc 	.word	0x200022bc
    9498:	20007e70 	.word	0x20007e70
    949c:	200080a2 	.word	0x200080a2

000094a0 <EventResponder::runFromInterrupt()>:
{
	EventResponder::runFromInterrupt();
}

void EventResponder::runFromInterrupt()
{
    94a0:	b570      	push	{r4, r5, r6, lr}
		__asm__ volatile("mrs %0, primask\n" : "=r" (primask)::);
    94a2:	f3ef 8210 	mrs	r2, PRIMASK
		__disable_irq();
    94a6:	b672      	cpsid	i
	while (1) {
		bool irq = disableInterrupts();
		EventResponder *first = firstInterrupt;
    94a8:	4c0c      	ldr	r4, [pc, #48]	@ (94dc <EventResponder::runFromInterrupt()+0x3c>)
    94aa:	6820      	ldr	r0, [r4, #0]
		if (first) {
    94ac:	b180      	cbz	r0, 94d0 <EventResponder::runFromInterrupt()+0x30>
			firstInterrupt = first->_next;
			if (firstInterrupt) {
				firstInterrupt->_prev = nullptr;
			} else {
				lastInterrupt = nullptr;
    94ae:	4e0c      	ldr	r6, [pc, #48]	@ (94e0 <EventResponder::runFromInterrupt()+0x40>)
				firstInterrupt->_prev = nullptr;
    94b0:	2500      	movs	r5, #0
			firstInterrupt = first->_next;
    94b2:	6943      	ldr	r3, [r0, #20]
    94b4:	6023      	str	r3, [r4, #0]
			if (firstInterrupt) {
    94b6:	b173      	cbz	r3, 94d6 <EventResponder::runFromInterrupt()+0x36>
				firstInterrupt->_prev = nullptr;
    94b8:	619d      	str	r5, [r3, #24]
		if (doit) __enable_irq();
    94ba:	b902      	cbnz	r2, 94be <EventResponder::runFromInterrupt()+0x1e>
    94bc:	b662      	cpsie	i
			}
			enableInterrupts(irq);
			first->_triggered = false;
			(*(first->_function))(*first);
    94be:	6883      	ldr	r3, [r0, #8]
			first->_triggered = false;
    94c0:	7745      	strb	r5, [r0, #29]
			(*(first->_function))(*first);
    94c2:	4798      	blx	r3
		__asm__ volatile("mrs %0, primask\n" : "=r" (primask)::);
    94c4:	f3ef 8210 	mrs	r2, PRIMASK
		__disable_irq();
    94c8:	b672      	cpsid	i
		EventResponder *first = firstInterrupt;
    94ca:	6820      	ldr	r0, [r4, #0]
		if (first) {
    94cc:	2800      	cmp	r0, #0
    94ce:	d1f0      	bne.n	94b2 <EventResponder::runFromInterrupt()+0x12>
		if (doit) __enable_irq();
    94d0:	b902      	cbnz	r2, 94d4 <EventResponder::runFromInterrupt()+0x34>
    94d2:	b662      	cpsie	i
		} else {
			enableInterrupts(irq);
			break;
		}
	}
}
    94d4:	bd70      	pop	{r4, r5, r6, pc}
				lastInterrupt = nullptr;
    94d6:	6033      	str	r3, [r6, #0]
    94d8:	e7ef      	b.n	94ba <EventResponder::runFromInterrupt()+0x1a>
    94da:	bf00      	nop
    94dc:	20007e6c 	.word	0x20007e6c
    94e0:	20007e68 	.word	0x20007e68

000094e4 <pendablesrvreq_isr>:
	EventResponder::runFromInterrupt();
    94e4:	f7ff bfdc 	b.w	94a0 <EventResponder::runFromInterrupt()>

000094e8 <systick_isr>:
extern "C" volatile uint32_t systick_millis_count;
extern "C" volatile uint32_t systick_cycle_count;
extern "C" uint32_t systick_safe_read; // micros() synchronization
extern "C" void systick_isr(void)
{
	systick_cycle_count = ARM_DWT_CYCCNT;
    94e8:	4904      	ldr	r1, [pc, #16]	@ (94fc <systick_isr+0x14>)
	systick_millis_count++;
    94ea:	4a05      	ldr	r2, [pc, #20]	@ (9500 <systick_isr+0x18>)
	systick_cycle_count = ARM_DWT_CYCCNT;
    94ec:	6849      	ldr	r1, [r1, #4]
    94ee:	4b05      	ldr	r3, [pc, #20]	@ (9504 <systick_isr+0x1c>)
    94f0:	6019      	str	r1, [r3, #0]
	systick_millis_count++;
    94f2:	6813      	ldr	r3, [r2, #0]
    94f4:	3301      	adds	r3, #1
    94f6:	6013      	str	r3, [r2, #0]
}
    94f8:	4770      	bx	lr
    94fa:	bf00      	nop
    94fc:	e0001000 	.word	0xe0001000
    9500:	2000807c 	.word	0x2000807c
    9504:	20008078 	.word	0x20008078

00009508 <rtc_get>:
#include "debug/printf.h"
#include <sys/time.h> // for struct timeval

unsigned long rtc_get(void)
{
	uint32_t hi1 = SNVS_HPRTCMR;
    9508:	4a07      	ldr	r2, [pc, #28]	@ (9528 <rtc_get+0x20>)
    950a:	6a50      	ldr	r0, [r2, #36]	@ 0x24
	uint32_t lo1 = SNVS_HPRTCLR;
    950c:	6a93      	ldr	r3, [r2, #40]	@ 0x28
	while (1) {
		uint32_t hi2 = SNVS_HPRTCMR;
    950e:	4619      	mov	r1, r3
    9510:	4684      	mov	ip, r0
    9512:	6a50      	ldr	r0, [r2, #36]	@ 0x24
		uint32_t lo2 = SNVS_HPRTCLR;
    9514:	6a93      	ldr	r3, [r2, #40]	@ 0x28
		if (lo1 == lo2 && hi1 == hi2) {
    9516:	4299      	cmp	r1, r3
    9518:	d1f9      	bne.n	950e <rtc_get+0x6>
    951a:	4584      	cmp	ip, r0
    951c:	d1f7      	bne.n	950e <rtc_get+0x6>
			return (hi2 << 17) | (lo2 >> 15);
    951e:	0bdb      	lsrs	r3, r3, #15
		}
		hi1 = hi2;
		lo1 = lo2;
	}
}
    9520:	ea43 4040 	orr.w	r0, r3, r0, lsl #17
    9524:	4770      	bx	lr
    9526:	bf00      	nop
    9528:	400d4000 	.word	0x400d4000

0000952c <sm_align_pool>:
	if (spool->pool_size % HEADER_SZ) return 0;
	return 1;
}

int sm_align_pool(struct smalloc_pool *spool)
{
    952c:	b508      	push	{r3, lr}
	if (!spool->pool || !spool->pool_size) return 0;
    952e:	e9d0 3200 	ldrd	r3, r2, [r0]
    9532:	b15b      	cbz	r3, 954c <sm_align_pool+0x20>
    9534:	b1ba      	cbz	r2, 9566 <sm_align_pool+0x3a>
	if (spool->pool_size % HEADER_SZ) return 0;
    9536:	4b0f      	ldr	r3, [pc, #60]	@ (9574 <sm_align_pool+0x48>)
    9538:	fba3 1302 	umull	r1, r3, r3, r2
    953c:	08db      	lsrs	r3, r3, #3
    953e:	eb03 0343 	add.w	r3, r3, r3, lsl #1
    9542:	ebb2 0383 	subs.w	r3, r2, r3, lsl #2
    9546:	d10a      	bne.n	955e <sm_align_pool+0x32>
	size_t x;

	if (smalloc_verify_pool(spool)) return 1;
    9548:	2001      	movs	r0, #1
		errno = ENOSPC;
		return 0;
	}

	return 1;
}
    954a:	bd08      	pop	{r3, pc}
	x = spool->pool_size % HEADER_SZ;
    954c:	4b09      	ldr	r3, [pc, #36]	@ (9574 <sm_align_pool+0x48>)
    954e:	fba3 1302 	umull	r1, r3, r3, r2
    9552:	08db      	lsrs	r3, r3, #3
    9554:	eb03 0343 	add.w	r3, r3, r3, lsl #1
	if (x) spool->pool_size -= x;
    9558:	ebb2 0383 	subs.w	r3, r2, r3, lsl #2
    955c:	d001      	beq.n	9562 <sm_align_pool+0x36>
    955e:	1ad2      	subs	r2, r2, r3
    9560:	6042      	str	r2, [r0, #4]
	if (spool->pool_size <= MIN_POOL_SZ) {
    9562:	2af0      	cmp	r2, #240	@ 0xf0
    9564:	d8f0      	bhi.n	9548 <sm_align_pool+0x1c>
		errno = ENOSPC;
    9566:	f000 fca7 	bl	9eb8 <__errno>
    956a:	221c      	movs	r2, #28
    956c:	4603      	mov	r3, r0
    956e:	2000      	movs	r0, #0
    9570:	601a      	str	r2, [r3, #0]
}
    9572:	bd08      	pop	{r3, pc}
    9574:	aaaaaaab 	.word	0xaaaaaaab

00009578 <sm_set_pool>:

int sm_set_pool(struct smalloc_pool *spool, void *new_pool, size_t new_pool_size, int do_zero, smalloc_oom_handler oom_handler)
{
    9578:	b530      	push	{r4, r5, lr}
    957a:	b083      	sub	sp, #12
	if (!spool) {
    957c:	b360      	cbz	r0, 95d8 <sm_set_pool+0x60>
		errno = EINVAL;
		return 0;
	}

	if (!new_pool || !new_pool_size) {
    957e:	4604      	mov	r4, r0
    9580:	b121      	cbz	r1, 958c <sm_set_pool+0x14>
    9582:	461d      	mov	r5, r3
    9584:	fab2 f382 	clz	r3, r2
    9588:	095b      	lsrs	r3, r3, #5
    958a:	b9a2      	cbnz	r2, 95b6 <sm_set_pool+0x3e>
	if (!spool->pool || !spool->pool_size) return 0;
    958c:	6820      	ldr	r0, [r4, #0]
    958e:	b318      	cbz	r0, 95d8 <sm_set_pool+0x60>
    9590:	6862      	ldr	r2, [r4, #4]
    9592:	b30a      	cbz	r2, 95d8 <sm_set_pool+0x60>
	if (spool->pool_size % HEADER_SZ) return 0;
    9594:	4b16      	ldr	r3, [pc, #88]	@ (95f0 <sm_set_pool+0x78>)
    9596:	4917      	ldr	r1, [pc, #92]	@ (95f4 <sm_set_pool+0x7c>)
    9598:	fb02 f303 	mul.w	r3, r2, r3
    959c:	ebb1 0fb3 	cmp.w	r1, r3, ror #2
    95a0:	d31a      	bcc.n	95d8 <sm_set_pool+0x60>
		if (smalloc_verify_pool(spool)) {
			if (spool->do_zero) memset(spool->pool, 0, spool->pool_size);
    95a2:	68a3      	ldr	r3, [r4, #8]
    95a4:	b9fb      	cbnz	r3, 95e6 <sm_set_pool+0x6e>
			memset(spool, 0, sizeof(struct smalloc_pool));
    95a6:	2300      	movs	r3, #0
    95a8:	6023      	str	r3, [r4, #0]
    95aa:	6063      	str	r3, [r4, #4]
    95ac:	60a3      	str	r3, [r4, #8]
    95ae:	60e3      	str	r3, [r4, #12]
			return 1;
    95b0:	2001      	movs	r0, #1
		spool->do_zero = do_zero;
		memset(spool->pool, 0, spool->pool_size);
	}

	return 1;
}
    95b2:	b003      	add	sp, #12
    95b4:	bd30      	pop	{r4, r5, pc}
	spool->pool = new_pool;
    95b6:	9301      	str	r3, [sp, #4]
	spool->oomfn = oom_handler;
    95b8:	9b06      	ldr	r3, [sp, #24]
	spool->pool_size = new_pool_size;
    95ba:	e9c0 1200 	strd	r1, r2, [r0]
	spool->oomfn = oom_handler;
    95be:	60c3      	str	r3, [r0, #12]
	if (!sm_align_pool(spool)) return 0;
    95c0:	f7ff ffb4 	bl	952c <sm_align_pool>
    95c4:	b160      	cbz	r0, 95e0 <sm_set_pool+0x68>
	if (do_zero) {
    95c6:	2d00      	cmp	r5, #0
    95c8:	d0f2      	beq.n	95b0 <sm_set_pool+0x38>
		memset(spool->pool, 0, spool->pool_size);
    95ca:	6862      	ldr	r2, [r4, #4]
    95cc:	9901      	ldr	r1, [sp, #4]
    95ce:	6820      	ldr	r0, [r4, #0]
		spool->do_zero = do_zero;
    95d0:	60a5      	str	r5, [r4, #8]
		memset(spool->pool, 0, spool->pool_size);
    95d2:	f000 fc2d 	bl	9e30 <memset>
    95d6:	e7eb      	b.n	95b0 <sm_set_pool+0x38>
		errno = EINVAL;
    95d8:	f000 fc6e 	bl	9eb8 <__errno>
    95dc:	2316      	movs	r3, #22
    95de:	6003      	str	r3, [r0, #0]
		return 0;
    95e0:	2000      	movs	r0, #0
}
    95e2:	b003      	add	sp, #12
    95e4:	bd30      	pop	{r4, r5, pc}
			if (spool->do_zero) memset(spool->pool, 0, spool->pool_size);
    95e6:	2100      	movs	r1, #0
    95e8:	f000 fc22 	bl	9e30 <memset>
    95ec:	e7db      	b.n	95a6 <sm_set_pool+0x2e>
    95ee:	bf00      	nop
    95f0:	aaaaaaab 	.word	0xaaaaaaab
    95f4:	15555555 	.word	0x15555555

000095f8 <__aeabi_drsub>:
    95f8:	f081 4100 	eor.w	r1, r1, #2147483648	@ 0x80000000
    95fc:	e002      	b.n	9604 <__adddf3>
    95fe:	bf00      	nop

00009600 <__aeabi_dsub>:
    9600:	f083 4300 	eor.w	r3, r3, #2147483648	@ 0x80000000

00009604 <__adddf3>:
    9604:	b530      	push	{r4, r5, lr}
    9606:	ea4f 0441 	mov.w	r4, r1, lsl #1
    960a:	ea4f 0543 	mov.w	r5, r3, lsl #1
    960e:	ea94 0f05 	teq	r4, r5
    9612:	bf08      	it	eq
    9614:	ea90 0f02 	teqeq	r0, r2
    9618:	bf1f      	itttt	ne
    961a:	ea54 0c00 	orrsne.w	ip, r4, r0
    961e:	ea55 0c02 	orrsne.w	ip, r5, r2
    9622:	ea7f 5c64 	mvnsne.w	ip, r4, asr #21
    9626:	ea7f 5c65 	mvnsne.w	ip, r5, asr #21
    962a:	f000 80e2 	beq.w	97f2 <__adddf3+0x1ee>
    962e:	ea4f 5454 	mov.w	r4, r4, lsr #21
    9632:	ebd4 5555 	rsbs	r5, r4, r5, lsr #21
    9636:	bfb8      	it	lt
    9638:	426d      	neglt	r5, r5
    963a:	dd0c      	ble.n	9656 <__adddf3+0x52>
    963c:	442c      	add	r4, r5
    963e:	ea80 0202 	eor.w	r2, r0, r2
    9642:	ea81 0303 	eor.w	r3, r1, r3
    9646:	ea82 0000 	eor.w	r0, r2, r0
    964a:	ea83 0101 	eor.w	r1, r3, r1
    964e:	ea80 0202 	eor.w	r2, r0, r2
    9652:	ea81 0303 	eor.w	r3, r1, r3
    9656:	2d36      	cmp	r5, #54	@ 0x36
    9658:	bf88      	it	hi
    965a:	bd30      	pophi	{r4, r5, pc}
    965c:	f011 4f00 	tst.w	r1, #2147483648	@ 0x80000000
    9660:	ea4f 3101 	mov.w	r1, r1, lsl #12
    9664:	f44f 1c80 	mov.w	ip, #1048576	@ 0x100000
    9668:	ea4c 3111 	orr.w	r1, ip, r1, lsr #12
    966c:	d002      	beq.n	9674 <__adddf3+0x70>
    966e:	4240      	negs	r0, r0
    9670:	eb61 0141 	sbc.w	r1, r1, r1, lsl #1
    9674:	f013 4f00 	tst.w	r3, #2147483648	@ 0x80000000
    9678:	ea4f 3303 	mov.w	r3, r3, lsl #12
    967c:	ea4c 3313 	orr.w	r3, ip, r3, lsr #12
    9680:	d002      	beq.n	9688 <__adddf3+0x84>
    9682:	4252      	negs	r2, r2
    9684:	eb63 0343 	sbc.w	r3, r3, r3, lsl #1
    9688:	ea94 0f05 	teq	r4, r5
    968c:	f000 80a7 	beq.w	97de <__adddf3+0x1da>
    9690:	f1a4 0401 	sub.w	r4, r4, #1
    9694:	f1d5 0e20 	rsbs	lr, r5, #32
    9698:	db0d      	blt.n	96b6 <__adddf3+0xb2>
    969a:	fa02 fc0e 	lsl.w	ip, r2, lr
    969e:	fa22 f205 	lsr.w	r2, r2, r5
    96a2:	1880      	adds	r0, r0, r2
    96a4:	f141 0100 	adc.w	r1, r1, #0
    96a8:	fa03 f20e 	lsl.w	r2, r3, lr
    96ac:	1880      	adds	r0, r0, r2
    96ae:	fa43 f305 	asr.w	r3, r3, r5
    96b2:	4159      	adcs	r1, r3
    96b4:	e00e      	b.n	96d4 <__adddf3+0xd0>
    96b6:	f1a5 0520 	sub.w	r5, r5, #32
    96ba:	f10e 0e20 	add.w	lr, lr, #32
    96be:	2a01      	cmp	r2, #1
    96c0:	fa03 fc0e 	lsl.w	ip, r3, lr
    96c4:	bf28      	it	cs
    96c6:	f04c 0c02 	orrcs.w	ip, ip, #2
    96ca:	fa43 f305 	asr.w	r3, r3, r5
    96ce:	18c0      	adds	r0, r0, r3
    96d0:	eb51 71e3 	adcs.w	r1, r1, r3, asr #31
    96d4:	f001 4500 	and.w	r5, r1, #2147483648	@ 0x80000000
    96d8:	d507      	bpl.n	96ea <__adddf3+0xe6>
    96da:	f04f 0e00 	mov.w	lr, #0
    96de:	f1dc 0c00 	rsbs	ip, ip, #0
    96e2:	eb7e 0000 	sbcs.w	r0, lr, r0
    96e6:	eb6e 0101 	sbc.w	r1, lr, r1
    96ea:	f5b1 1f80 	cmp.w	r1, #1048576	@ 0x100000
    96ee:	d31b      	bcc.n	9728 <__adddf3+0x124>
    96f0:	f5b1 1f00 	cmp.w	r1, #2097152	@ 0x200000
    96f4:	d30c      	bcc.n	9710 <__adddf3+0x10c>
    96f6:	0849      	lsrs	r1, r1, #1
    96f8:	ea5f 0030 	movs.w	r0, r0, rrx
    96fc:	ea4f 0c3c 	mov.w	ip, ip, rrx
    9700:	f104 0401 	add.w	r4, r4, #1
    9704:	ea4f 5244 	mov.w	r2, r4, lsl #21
    9708:	f512 0f80 	cmn.w	r2, #4194304	@ 0x400000
    970c:	f080 809a 	bcs.w	9844 <__adddf3+0x240>
    9710:	f1bc 4f00 	cmp.w	ip, #2147483648	@ 0x80000000
    9714:	bf08      	it	eq
    9716:	ea5f 0c50 	movseq.w	ip, r0, lsr #1
    971a:	f150 0000 	adcs.w	r0, r0, #0
    971e:	eb41 5104 	adc.w	r1, r1, r4, lsl #20
    9722:	ea41 0105 	orr.w	r1, r1, r5
    9726:	bd30      	pop	{r4, r5, pc}
    9728:	ea5f 0c4c 	movs.w	ip, ip, lsl #1
    972c:	4140      	adcs	r0, r0
    972e:	eb41 0101 	adc.w	r1, r1, r1
    9732:	3c01      	subs	r4, #1
    9734:	bf28      	it	cs
    9736:	f5b1 1f80 	cmpcs.w	r1, #1048576	@ 0x100000
    973a:	d2e9      	bcs.n	9710 <__adddf3+0x10c>
    973c:	f091 0f00 	teq	r1, #0
    9740:	bf04      	itt	eq
    9742:	4601      	moveq	r1, r0
    9744:	2000      	moveq	r0, #0
    9746:	fab1 f381 	clz	r3, r1
    974a:	bf08      	it	eq
    974c:	3320      	addeq	r3, #32
    974e:	f1a3 030b 	sub.w	r3, r3, #11
    9752:	f1b3 0220 	subs.w	r2, r3, #32
    9756:	da0c      	bge.n	9772 <__adddf3+0x16e>
    9758:	320c      	adds	r2, #12
    975a:	dd08      	ble.n	976e <__adddf3+0x16a>
    975c:	f102 0c14 	add.w	ip, r2, #20
    9760:	f1c2 020c 	rsb	r2, r2, #12
    9764:	fa01 f00c 	lsl.w	r0, r1, ip
    9768:	fa21 f102 	lsr.w	r1, r1, r2
    976c:	e00c      	b.n	9788 <__adddf3+0x184>
    976e:	f102 0214 	add.w	r2, r2, #20
    9772:	bfd8      	it	le
    9774:	f1c2 0c20 	rsble	ip, r2, #32
    9778:	fa01 f102 	lsl.w	r1, r1, r2
    977c:	fa20 fc0c 	lsr.w	ip, r0, ip
    9780:	bfdc      	itt	le
    9782:	ea41 010c 	orrle.w	r1, r1, ip
    9786:	4090      	lslle	r0, r2
    9788:	1ae4      	subs	r4, r4, r3
    978a:	bfa2      	ittt	ge
    978c:	eb01 5104 	addge.w	r1, r1, r4, lsl #20
    9790:	4329      	orrge	r1, r5
    9792:	bd30      	popge	{r4, r5, pc}
    9794:	ea6f 0404 	mvn.w	r4, r4
    9798:	3c1f      	subs	r4, #31
    979a:	da1c      	bge.n	97d6 <__adddf3+0x1d2>
    979c:	340c      	adds	r4, #12
    979e:	dc0e      	bgt.n	97be <__adddf3+0x1ba>
    97a0:	f104 0414 	add.w	r4, r4, #20
    97a4:	f1c4 0220 	rsb	r2, r4, #32
    97a8:	fa20 f004 	lsr.w	r0, r0, r4
    97ac:	fa01 f302 	lsl.w	r3, r1, r2
    97b0:	ea40 0003 	orr.w	r0, r0, r3
    97b4:	fa21 f304 	lsr.w	r3, r1, r4
    97b8:	ea45 0103 	orr.w	r1, r5, r3
    97bc:	bd30      	pop	{r4, r5, pc}
    97be:	f1c4 040c 	rsb	r4, r4, #12
    97c2:	f1c4 0220 	rsb	r2, r4, #32
    97c6:	fa20 f002 	lsr.w	r0, r0, r2
    97ca:	fa01 f304 	lsl.w	r3, r1, r4
    97ce:	ea40 0003 	orr.w	r0, r0, r3
    97d2:	4629      	mov	r1, r5
    97d4:	bd30      	pop	{r4, r5, pc}
    97d6:	fa21 f004 	lsr.w	r0, r1, r4
    97da:	4629      	mov	r1, r5
    97dc:	bd30      	pop	{r4, r5, pc}
    97de:	f094 0f00 	teq	r4, #0
    97e2:	f483 1380 	eor.w	r3, r3, #1048576	@ 0x100000
    97e6:	bf06      	itte	eq
    97e8:	f481 1180 	eoreq.w	r1, r1, #1048576	@ 0x100000
    97ec:	3401      	addeq	r4, #1
    97ee:	3d01      	subne	r5, #1
    97f0:	e74e      	b.n	9690 <__adddf3+0x8c>
    97f2:	ea7f 5c64 	mvns.w	ip, r4, asr #21
    97f6:	bf18      	it	ne
    97f8:	ea7f 5c65 	mvnsne.w	ip, r5, asr #21
    97fc:	d029      	beq.n	9852 <__adddf3+0x24e>
    97fe:	ea94 0f05 	teq	r4, r5
    9802:	bf08      	it	eq
    9804:	ea90 0f02 	teqeq	r0, r2
    9808:	d005      	beq.n	9816 <__adddf3+0x212>
    980a:	ea54 0c00 	orrs.w	ip, r4, r0
    980e:	bf04      	itt	eq
    9810:	4619      	moveq	r1, r3
    9812:	4610      	moveq	r0, r2
    9814:	bd30      	pop	{r4, r5, pc}
    9816:	ea91 0f03 	teq	r1, r3
    981a:	bf1e      	ittt	ne
    981c:	2100      	movne	r1, #0
    981e:	2000      	movne	r0, #0
    9820:	bd30      	popne	{r4, r5, pc}
    9822:	ea5f 5c54 	movs.w	ip, r4, lsr #21
    9826:	d105      	bne.n	9834 <__adddf3+0x230>
    9828:	0040      	lsls	r0, r0, #1
    982a:	4149      	adcs	r1, r1
    982c:	bf28      	it	cs
    982e:	f041 4100 	orrcs.w	r1, r1, #2147483648	@ 0x80000000
    9832:	bd30      	pop	{r4, r5, pc}
    9834:	f514 0480 	adds.w	r4, r4, #4194304	@ 0x400000
    9838:	bf3c      	itt	cc
    983a:	f501 1180 	addcc.w	r1, r1, #1048576	@ 0x100000
    983e:	bd30      	popcc	{r4, r5, pc}
    9840:	f001 4500 	and.w	r5, r1, #2147483648	@ 0x80000000
    9844:	f045 41fe 	orr.w	r1, r5, #2130706432	@ 0x7f000000
    9848:	f441 0170 	orr.w	r1, r1, #15728640	@ 0xf00000
    984c:	f04f 0000 	mov.w	r0, #0
    9850:	bd30      	pop	{r4, r5, pc}
    9852:	ea7f 5c64 	mvns.w	ip, r4, asr #21
    9856:	bf1a      	itte	ne
    9858:	4619      	movne	r1, r3
    985a:	4610      	movne	r0, r2
    985c:	ea7f 5c65 	mvnseq.w	ip, r5, asr #21
    9860:	bf1c      	itt	ne
    9862:	460b      	movne	r3, r1
    9864:	4602      	movne	r2, r0
    9866:	ea50 3401 	orrs.w	r4, r0, r1, lsl #12
    986a:	bf06      	itte	eq
    986c:	ea52 3503 	orrseq.w	r5, r2, r3, lsl #12
    9870:	ea91 0f03 	teqeq	r1, r3
    9874:	f441 2100 	orrne.w	r1, r1, #524288	@ 0x80000
    9878:	bd30      	pop	{r4, r5, pc}
    987a:	bf00      	nop

0000987c <__aeabi_ui2d>:
    987c:	f090 0f00 	teq	r0, #0
    9880:	bf04      	itt	eq
    9882:	2100      	moveq	r1, #0
    9884:	4770      	bxeq	lr
    9886:	b530      	push	{r4, r5, lr}
    9888:	f44f 6480 	mov.w	r4, #1024	@ 0x400
    988c:	f104 0432 	add.w	r4, r4, #50	@ 0x32
    9890:	f04f 0500 	mov.w	r5, #0
    9894:	f04f 0100 	mov.w	r1, #0
    9898:	e750      	b.n	973c <__adddf3+0x138>
    989a:	bf00      	nop

0000989c <__aeabi_i2d>:
    989c:	f090 0f00 	teq	r0, #0
    98a0:	bf04      	itt	eq
    98a2:	2100      	moveq	r1, #0
    98a4:	4770      	bxeq	lr
    98a6:	b530      	push	{r4, r5, lr}
    98a8:	f44f 6480 	mov.w	r4, #1024	@ 0x400
    98ac:	f104 0432 	add.w	r4, r4, #50	@ 0x32
    98b0:	f010 4500 	ands.w	r5, r0, #2147483648	@ 0x80000000
    98b4:	bf48      	it	mi
    98b6:	4240      	negmi	r0, r0
    98b8:	f04f 0100 	mov.w	r1, #0
    98bc:	e73e      	b.n	973c <__adddf3+0x138>
    98be:	bf00      	nop

000098c0 <__aeabi_f2d>:
    98c0:	0042      	lsls	r2, r0, #1
    98c2:	ea4f 01e2 	mov.w	r1, r2, asr #3
    98c6:	ea4f 0131 	mov.w	r1, r1, rrx
    98ca:	ea4f 7002 	mov.w	r0, r2, lsl #28
    98ce:	bf1f      	itttt	ne
    98d0:	f012 437f 	andsne.w	r3, r2, #4278190080	@ 0xff000000
    98d4:	f093 4f7f 	teqne	r3, #4278190080	@ 0xff000000
    98d8:	f081 5160 	eorne.w	r1, r1, #939524096	@ 0x38000000
    98dc:	4770      	bxne	lr
    98de:	f032 427f 	bics.w	r2, r2, #4278190080	@ 0xff000000
    98e2:	bf08      	it	eq
    98e4:	4770      	bxeq	lr
    98e6:	f093 4f7f 	teq	r3, #4278190080	@ 0xff000000
    98ea:	bf04      	itt	eq
    98ec:	f441 2100 	orreq.w	r1, r1, #524288	@ 0x80000
    98f0:	4770      	bxeq	lr
    98f2:	b530      	push	{r4, r5, lr}
    98f4:	f44f 7460 	mov.w	r4, #896	@ 0x380
    98f8:	f001 4500 	and.w	r5, r1, #2147483648	@ 0x80000000
    98fc:	f021 4100 	bic.w	r1, r1, #2147483648	@ 0x80000000
    9900:	e71c      	b.n	973c <__adddf3+0x138>
    9902:	bf00      	nop

00009904 <__aeabi_ul2d>:
    9904:	ea50 0201 	orrs.w	r2, r0, r1
    9908:	bf08      	it	eq
    990a:	4770      	bxeq	lr
    990c:	b530      	push	{r4, r5, lr}
    990e:	f04f 0500 	mov.w	r5, #0
    9912:	e00a      	b.n	992a <__aeabi_l2d+0x16>

00009914 <__aeabi_l2d>:
    9914:	ea50 0201 	orrs.w	r2, r0, r1
    9918:	bf08      	it	eq
    991a:	4770      	bxeq	lr
    991c:	b530      	push	{r4, r5, lr}
    991e:	f011 4500 	ands.w	r5, r1, #2147483648	@ 0x80000000
    9922:	d502      	bpl.n	992a <__aeabi_l2d+0x16>
    9924:	4240      	negs	r0, r0
    9926:	eb61 0141 	sbc.w	r1, r1, r1, lsl #1
    992a:	f44f 6480 	mov.w	r4, #1024	@ 0x400
    992e:	f104 0432 	add.w	r4, r4, #50	@ 0x32
    9932:	ea5f 5c91 	movs.w	ip, r1, lsr #22
    9936:	f43f aed8 	beq.w	96ea <__adddf3+0xe6>
    993a:	f04f 0203 	mov.w	r2, #3
    993e:	ea5f 0cdc 	movs.w	ip, ip, lsr #3
    9942:	bf18      	it	ne
    9944:	3203      	addne	r2, #3
    9946:	ea5f 0cdc 	movs.w	ip, ip, lsr #3
    994a:	bf18      	it	ne
    994c:	3203      	addne	r2, #3
    994e:	eb02 02dc 	add.w	r2, r2, ip, lsr #3
    9952:	f1c2 0320 	rsb	r3, r2, #32
    9956:	fa00 fc03 	lsl.w	ip, r0, r3
    995a:	fa20 f002 	lsr.w	r0, r0, r2
    995e:	fa01 fe03 	lsl.w	lr, r1, r3
    9962:	ea40 000e 	orr.w	r0, r0, lr
    9966:	fa21 f102 	lsr.w	r1, r1, r2
    996a:	4414      	add	r4, r2
    996c:	e6bd      	b.n	96ea <__adddf3+0xe6>
    996e:	bf00      	nop

00009970 <__aeabi_uldivmod>:
    9970:	b953      	cbnz	r3, 9988 <__aeabi_uldivmod+0x18>
    9972:	b94a      	cbnz	r2, 9988 <__aeabi_uldivmod+0x18>
    9974:	2900      	cmp	r1, #0
    9976:	bf08      	it	eq
    9978:	2800      	cmpeq	r0, #0
    997a:	bf1c      	itt	ne
    997c:	f04f 31ff 	movne.w	r1, #4294967295
    9980:	f04f 30ff 	movne.w	r0, #4294967295
    9984:	f000 b99c 	b.w	9cc0 <__aeabi_idiv0>
    9988:	f1ad 0c08 	sub.w	ip, sp, #8
    998c:	e96d ce04 	strd	ip, lr, [sp, #-16]!
    9990:	f000 f806 	bl	99a0 <__udivmoddi4>
    9994:	f8dd e004 	ldr.w	lr, [sp, #4]
    9998:	e9dd 2302 	ldrd	r2, r3, [sp, #8]
    999c:	b004      	add	sp, #16
    999e:	4770      	bx	lr

000099a0 <__udivmoddi4>:
    99a0:	e92d 47f0 	stmdb	sp!, {r4, r5, r6, r7, r8, r9, sl, lr}
    99a4:	b082      	sub	sp, #8
    99a6:	4606      	mov	r6, r0
    99a8:	f8dd e028 	ldr.w	lr, [sp, #40]	@ 0x28
    99ac:	4608      	mov	r0, r1
    99ae:	46b4      	mov	ip, r6
    99b0:	460d      	mov	r5, r1
    99b2:	2b00      	cmp	r3, #0
    99b4:	d14e      	bne.n	9a54 <__udivmoddi4+0xb4>
    99b6:	428a      	cmp	r2, r1
    99b8:	4614      	mov	r4, r2
    99ba:	d96d      	bls.n	9a98 <__udivmoddi4+0xf8>
    99bc:	fab2 f282 	clz	r2, r2
    99c0:	b142      	cbz	r2, 99d4 <__udivmoddi4+0x34>
    99c2:	f1c2 0320 	rsb	r3, r2, #32
    99c6:	4095      	lsls	r5, r2
    99c8:	fa26 f303 	lsr.w	r3, r6, r3
    99cc:	4094      	lsls	r4, r2
    99ce:	431d      	orrs	r5, r3
    99d0:	fa06 fc02 	lsl.w	ip, r6, r2
    99d4:	0c26      	lsrs	r6, r4, #16
    99d6:	b2a7      	uxth	r7, r4
    99d8:	fbb5 f1f6 	udiv	r1, r5, r6
    99dc:	ea4f 431c 	mov.w	r3, ip, lsr #16
    99e0:	fb06 5511 	mls	r5, r6, r1, r5
    99e4:	ea43 4305 	orr.w	r3, r3, r5, lsl #16
    99e8:	fb01 f007 	mul.w	r0, r1, r7
    99ec:	4298      	cmp	r0, r3
    99ee:	d909      	bls.n	9a04 <__udivmoddi4+0x64>
    99f0:	18e3      	adds	r3, r4, r3
    99f2:	f101 35ff 	add.w	r5, r1, #4294967295
    99f6:	f080 8103 	bcs.w	9c00 <__udivmoddi4+0x260>
    99fa:	4298      	cmp	r0, r3
    99fc:	f240 8100 	bls.w	9c00 <__udivmoddi4+0x260>
    9a00:	3902      	subs	r1, #2
    9a02:	4423      	add	r3, r4
    9a04:	1a1b      	subs	r3, r3, r0
    9a06:	fa1f fc8c 	uxth.w	ip, ip
    9a0a:	fbb3 f0f6 	udiv	r0, r3, r6
    9a0e:	fb06 3310 	mls	r3, r6, r0, r3
    9a12:	ea4c 4c03 	orr.w	ip, ip, r3, lsl #16
    9a16:	fb00 f307 	mul.w	r3, r0, r7
    9a1a:	4563      	cmp	r3, ip
    9a1c:	d90a      	bls.n	9a34 <__udivmoddi4+0x94>
    9a1e:	eb14 0c0c 	adds.w	ip, r4, ip
    9a22:	f100 35ff 	add.w	r5, r0, #4294967295
    9a26:	f080 80ed 	bcs.w	9c04 <__udivmoddi4+0x264>
    9a2a:	4563      	cmp	r3, ip
    9a2c:	f240 80ea 	bls.w	9c04 <__udivmoddi4+0x264>
    9a30:	44a4      	add	ip, r4
    9a32:	3802      	subs	r0, #2
    9a34:	ea40 4001 	orr.w	r0, r0, r1, lsl #16
    9a38:	ebac 0c03 	sub.w	ip, ip, r3
    9a3c:	2100      	movs	r1, #0
    9a3e:	f1be 0f00 	cmp.w	lr, #0
    9a42:	d004      	beq.n	9a4e <__udivmoddi4+0xae>
    9a44:	fa2c f302 	lsr.w	r3, ip, r2
    9a48:	2200      	movs	r2, #0
    9a4a:	e9ce 3200 	strd	r3, r2, [lr]
    9a4e:	b002      	add	sp, #8
    9a50:	e8bd 87f0 	ldmia.w	sp!, {r4, r5, r6, r7, r8, r9, sl, pc}
    9a54:	428b      	cmp	r3, r1
    9a56:	d909      	bls.n	9a6c <__udivmoddi4+0xcc>
    9a58:	f1be 0f00 	cmp.w	lr, #0
    9a5c:	d001      	beq.n	9a62 <__udivmoddi4+0xc2>
    9a5e:	e9ce 6100 	strd	r6, r1, [lr]
    9a62:	2100      	movs	r1, #0
    9a64:	4608      	mov	r0, r1
    9a66:	b002      	add	sp, #8
    9a68:	e8bd 87f0 	ldmia.w	sp!, {r4, r5, r6, r7, r8, r9, sl, pc}
    9a6c:	fab3 f183 	clz	r1, r3
    9a70:	4617      	mov	r7, r2
    9a72:	2900      	cmp	r1, #0
    9a74:	d14d      	bne.n	9b12 <__udivmoddi4+0x172>
    9a76:	4283      	cmp	r3, r0
    9a78:	d302      	bcc.n	9a80 <__udivmoddi4+0xe0>
    9a7a:	42b2      	cmp	r2, r6
    9a7c:	f200 810f 	bhi.w	9c9e <__udivmoddi4+0x2fe>
    9a80:	ebb6 0c07 	subs.w	ip, r6, r7
    9a84:	eb60 0303 	sbc.w	r3, r0, r3
    9a88:	2001      	movs	r0, #1
    9a8a:	461d      	mov	r5, r3
    9a8c:	f1be 0f00 	cmp.w	lr, #0
    9a90:	d0dd      	beq.n	9a4e <__udivmoddi4+0xae>
    9a92:	e9ce c500 	strd	ip, r5, [lr]
    9a96:	e7da      	b.n	9a4e <__udivmoddi4+0xae>
    9a98:	2a00      	cmp	r2, #0
    9a9a:	f000 8098 	beq.w	9bce <__udivmoddi4+0x22e>
    9a9e:	461a      	mov	r2, r3
    9aa0:	fab4 f384 	clz	r3, r4
    9aa4:	2b00      	cmp	r3, #0
    9aa6:	f040 80af 	bne.w	9c08 <__udivmoddi4+0x268>
    9aaa:	1b0b      	subs	r3, r1, r4
    9aac:	0c27      	lsrs	r7, r4, #16
    9aae:	b2a6      	uxth	r6, r4
    9ab0:	2101      	movs	r1, #1
    9ab2:	fbb3 f5f7 	udiv	r5, r3, r7
    9ab6:	ea4f 401c 	mov.w	r0, ip, lsr #16
    9aba:	fb07 3315 	mls	r3, r7, r5, r3
    9abe:	ea40 4303 	orr.w	r3, r0, r3, lsl #16
    9ac2:	fb06 f805 	mul.w	r8, r6, r5
    9ac6:	4598      	cmp	r8, r3
    9ac8:	d907      	bls.n	9ada <__udivmoddi4+0x13a>
    9aca:	18e3      	adds	r3, r4, r3
    9acc:	f105 30ff 	add.w	r0, r5, #4294967295
    9ad0:	d202      	bcs.n	9ad8 <__udivmoddi4+0x138>
    9ad2:	4598      	cmp	r8, r3
    9ad4:	f200 80e8 	bhi.w	9ca8 <__udivmoddi4+0x308>
    9ad8:	4605      	mov	r5, r0
    9ada:	eba3 0308 	sub.w	r3, r3, r8
    9ade:	fa1f fc8c 	uxth.w	ip, ip
    9ae2:	fbb3 f0f7 	udiv	r0, r3, r7
    9ae6:	fb07 3310 	mls	r3, r7, r0, r3
    9aea:	ea4c 4c03 	orr.w	ip, ip, r3, lsl #16
    9aee:	fb06 f300 	mul.w	r3, r6, r0
    9af2:	4563      	cmp	r3, ip
    9af4:	d908      	bls.n	9b08 <__udivmoddi4+0x168>
    9af6:	eb14 0c0c 	adds.w	ip, r4, ip
    9afa:	f100 36ff 	add.w	r6, r0, #4294967295
    9afe:	d202      	bcs.n	9b06 <__udivmoddi4+0x166>
    9b00:	4563      	cmp	r3, ip
    9b02:	f200 80ce 	bhi.w	9ca2 <__udivmoddi4+0x302>
    9b06:	4630      	mov	r0, r6
    9b08:	ebac 0c03 	sub.w	ip, ip, r3
    9b0c:	ea40 4005 	orr.w	r0, r0, r5, lsl #16
    9b10:	e795      	b.n	9a3e <__udivmoddi4+0x9e>
    9b12:	f1c1 0520 	rsb	r5, r1, #32
    9b16:	408b      	lsls	r3, r1
    9b18:	fa22 fc05 	lsr.w	ip, r2, r5
    9b1c:	ea4c 0c03 	orr.w	ip, ip, r3
    9b20:	fa00 f401 	lsl.w	r4, r0, r1
    9b24:	fa26 f305 	lsr.w	r3, r6, r5
    9b28:	40e8      	lsrs	r0, r5
    9b2a:	fa02 f901 	lsl.w	r9, r2, r1
    9b2e:	ea43 0804 	orr.w	r8, r3, r4
    9b32:	ea4f 421c 	mov.w	r2, ip, lsr #16
    9b36:	fa06 fa01 	lsl.w	sl, r6, r1
    9b3a:	fbb0 f7f2 	udiv	r7, r0, r2
    9b3e:	fa1f f68c 	uxth.w	r6, ip
    9b42:	fb02 0017 	mls	r0, r2, r7, r0
    9b46:	ea4f 4418 	mov.w	r4, r8, lsr #16
    9b4a:	ea44 4400 	orr.w	r4, r4, r0, lsl #16
    9b4e:	fb07 f006 	mul.w	r0, r7, r6
    9b52:	42a0      	cmp	r0, r4
    9b54:	d90a      	bls.n	9b6c <__udivmoddi4+0x1cc>
    9b56:	eb1c 0404 	adds.w	r4, ip, r4
    9b5a:	f107 33ff 	add.w	r3, r7, #4294967295
    9b5e:	f080 809c 	bcs.w	9c9a <__udivmoddi4+0x2fa>
    9b62:	42a0      	cmp	r0, r4
    9b64:	f240 8099 	bls.w	9c9a <__udivmoddi4+0x2fa>
    9b68:	3f02      	subs	r7, #2
    9b6a:	4464      	add	r4, ip
    9b6c:	1a24      	subs	r4, r4, r0
    9b6e:	fa1f f388 	uxth.w	r3, r8
    9b72:	fbb4 f0f2 	udiv	r0, r4, r2
    9b76:	fb02 4410 	mls	r4, r2, r0, r4
    9b7a:	ea43 4304 	orr.w	r3, r3, r4, lsl #16
    9b7e:	fb00 f606 	mul.w	r6, r0, r6
    9b82:	429e      	cmp	r6, r3
    9b84:	d909      	bls.n	9b9a <__udivmoddi4+0x1fa>
    9b86:	eb1c 0303 	adds.w	r3, ip, r3
    9b8a:	f100 34ff 	add.w	r4, r0, #4294967295
    9b8e:	f080 8082 	bcs.w	9c96 <__udivmoddi4+0x2f6>
    9b92:	429e      	cmp	r6, r3
    9b94:	d97f      	bls.n	9c96 <__udivmoddi4+0x2f6>
    9b96:	3802      	subs	r0, #2
    9b98:	4463      	add	r3, ip
    9b9a:	ea40 4007 	orr.w	r0, r0, r7, lsl #16
    9b9e:	fba0 7409 	umull	r7, r4, r0, r9
    9ba2:	1b9b      	subs	r3, r3, r6
    9ba4:	42a3      	cmp	r3, r4
    9ba6:	463e      	mov	r6, r7
    9ba8:	46a0      	mov	r8, r4
    9baa:	d364      	bcc.n	9c76 <__udivmoddi4+0x2d6>
    9bac:	d061      	beq.n	9c72 <__udivmoddi4+0x2d2>
    9bae:	f1be 0f00 	cmp.w	lr, #0
    9bb2:	d00a      	beq.n	9bca <__udivmoddi4+0x22a>
    9bb4:	ebba 0206 	subs.w	r2, sl, r6
    9bb8:	eb63 0308 	sbc.w	r3, r3, r8
    9bbc:	fa03 f505 	lsl.w	r5, r3, r5
    9bc0:	40ca      	lsrs	r2, r1
    9bc2:	4315      	orrs	r5, r2
    9bc4:	40cb      	lsrs	r3, r1
    9bc6:	e9ce 5300 	strd	r5, r3, [lr]
    9bca:	2100      	movs	r1, #0
    9bcc:	e73f      	b.n	9a4e <__udivmoddi4+0xae>
    9bce:	0873      	lsrs	r3, r6, #1
    9bd0:	ea43 73c1 	orr.w	r3, r3, r1, lsl #31
    9bd4:	084a      	lsrs	r2, r1, #1
    9bd6:	0c19      	lsrs	r1, r3, #16
    9bd8:	ea41 4102 	orr.w	r1, r1, r2, lsl #16
    9bdc:	ea4f 7cc6 	mov.w	ip, r6, lsl #31
    9be0:	b29b      	uxth	r3, r3
    9be2:	fbb2 f0f4 	udiv	r0, r2, r4
    9be6:	4626      	mov	r6, r4
    9be8:	46a0      	mov	r8, r4
    9bea:	4627      	mov	r7, r4
    9bec:	221f      	movs	r2, #31
    9bee:	ea43 4301 	orr.w	r3, r3, r1, lsl #16
    9bf2:	fbb1 f1f4 	udiv	r1, r1, r4
    9bf6:	eba3 0308 	sub.w	r3, r3, r8
    9bfa:	ea41 4100 	orr.w	r1, r1, r0, lsl #16
    9bfe:	e758      	b.n	9ab2 <__udivmoddi4+0x112>
    9c00:	4629      	mov	r1, r5
    9c02:	e6ff      	b.n	9a04 <__udivmoddi4+0x64>
    9c04:	4628      	mov	r0, r5
    9c06:	e715      	b.n	9a34 <__udivmoddi4+0x94>
    9c08:	461a      	mov	r2, r3
    9c0a:	f1c3 0120 	rsb	r1, r3, #32
    9c0e:	409c      	lsls	r4, r3
    9c10:	fa26 f301 	lsr.w	r3, r6, r1
    9c14:	fa20 f101 	lsr.w	r1, r0, r1
    9c18:	4090      	lsls	r0, r2
    9c1a:	4303      	orrs	r3, r0
    9c1c:	0c27      	lsrs	r7, r4, #16
    9c1e:	fa06 fc02 	lsl.w	ip, r6, r2
    9c22:	fbb1 f0f7 	udiv	r0, r1, r7
    9c26:	b2a6      	uxth	r6, r4
    9c28:	fb07 1510 	mls	r5, r7, r0, r1
    9c2c:	0c19      	lsrs	r1, r3, #16
    9c2e:	ea41 4105 	orr.w	r1, r1, r5, lsl #16
    9c32:	fb00 f506 	mul.w	r5, r0, r6
    9c36:	428d      	cmp	r5, r1
    9c38:	d93b      	bls.n	9cb2 <__udivmoddi4+0x312>
    9c3a:	1861      	adds	r1, r4, r1
    9c3c:	d201      	bcs.n	9c42 <__udivmoddi4+0x2a2>
    9c3e:	428d      	cmp	r5, r1
    9c40:	d820      	bhi.n	9c84 <__udivmoddi4+0x2e4>
    9c42:	1b49      	subs	r1, r1, r5
    9c44:	3801      	subs	r0, #1
    9c46:	fbb1 f5f7 	udiv	r5, r1, r7
    9c4a:	9501      	str	r5, [sp, #4]
    9c4c:	fb05 f806 	mul.w	r8, r5, r6
    9c50:	9d01      	ldr	r5, [sp, #4]
    9c52:	b29b      	uxth	r3, r3
    9c54:	fb07 1115 	mls	r1, r7, r5, r1
    9c58:	ea43 4301 	orr.w	r3, r3, r1, lsl #16
    9c5c:	4543      	cmp	r3, r8
    9c5e:	d226      	bcs.n	9cae <__udivmoddi4+0x30e>
    9c60:	18e3      	adds	r3, r4, r3
    9c62:	f105 31ff 	add.w	r1, r5, #4294967295
    9c66:	d2c6      	bcs.n	9bf6 <__udivmoddi4+0x256>
    9c68:	4543      	cmp	r3, r8
    9c6a:	d2c4      	bcs.n	9bf6 <__udivmoddi4+0x256>
    9c6c:	1ea9      	subs	r1, r5, #2
    9c6e:	4423      	add	r3, r4
    9c70:	e7c1      	b.n	9bf6 <__udivmoddi4+0x256>
    9c72:	45ba      	cmp	sl, r7
    9c74:	d29b      	bcs.n	9bae <__udivmoddi4+0x20e>
    9c76:	ebb7 0609 	subs.w	r6, r7, r9
    9c7a:	eb64 040c 	sbc.w	r4, r4, ip
    9c7e:	3801      	subs	r0, #1
    9c80:	46a0      	mov	r8, r4
    9c82:	e794      	b.n	9bae <__udivmoddi4+0x20e>
    9c84:	1b65      	subs	r5, r4, r5
    9c86:	4429      	add	r1, r5
    9c88:	3802      	subs	r0, #2
    9c8a:	fbb1 f5f7 	udiv	r5, r1, r7
    9c8e:	9501      	str	r5, [sp, #4]
    9c90:	fb05 f806 	mul.w	r8, r5, r6
    9c94:	e7dc      	b.n	9c50 <__udivmoddi4+0x2b0>
    9c96:	4620      	mov	r0, r4
    9c98:	e77f      	b.n	9b9a <__udivmoddi4+0x1fa>
    9c9a:	461f      	mov	r7, r3
    9c9c:	e766      	b.n	9b6c <__udivmoddi4+0x1cc>
    9c9e:	4608      	mov	r0, r1
    9ca0:	e6f4      	b.n	9a8c <__udivmoddi4+0xec>
    9ca2:	44a4      	add	ip, r4
    9ca4:	3802      	subs	r0, #2
    9ca6:	e72f      	b.n	9b08 <__udivmoddi4+0x168>
    9ca8:	3d02      	subs	r5, #2
    9caa:	4423      	add	r3, r4
    9cac:	e715      	b.n	9ada <__udivmoddi4+0x13a>
    9cae:	9901      	ldr	r1, [sp, #4]
    9cb0:	e7a1      	b.n	9bf6 <__udivmoddi4+0x256>
    9cb2:	1b49      	subs	r1, r1, r5
    9cb4:	fbb1 f5f7 	udiv	r5, r1, r7
    9cb8:	9501      	str	r5, [sp, #4]
    9cba:	fb05 f806 	mul.w	r8, r5, r6
    9cbe:	e7c7      	b.n	9c50 <__udivmoddi4+0x2b0>

00009cc0 <__aeabi_idiv0>:
    9cc0:	4770      	bx	lr
    9cc2:	bf00      	nop

00009cc4 <atol>:
    9cc4:	220a      	movs	r2, #10
    9cc6:	2100      	movs	r1, #0
    9cc8:	f000 b8a2 	b.w	9e10 <strtol>

00009ccc <_strtol_l.isra.0>:
    9ccc:	2b24      	cmp	r3, #36	@ 0x24
    9cce:	e92d 4ff8 	stmdb	sp!, {r3, r4, r5, r6, r7, r8, r9, sl, fp, lr}
    9cd2:	d842      	bhi.n	9d5a <_strtol_l.isra.0+0x8e>
    9cd4:	2b01      	cmp	r3, #1
    9cd6:	4688      	mov	r8, r1
    9cd8:	4619      	mov	r1, r3
    9cda:	d03e      	beq.n	9d5a <_strtol_l.isra.0+0x8e>
    9cdc:	4691      	mov	r9, r2
    9cde:	4a4b      	ldr	r2, [pc, #300]	@ (9e0c <_strtol_l.isra.0+0x140>)
    9ce0:	4682      	mov	sl, r0
    9ce2:	461e      	mov	r6, r3
    9ce4:	46c6      	mov	lr, r8
    9ce6:	4670      	mov	r0, lr
    9ce8:	f81e 7b01 	ldrb.w	r7, [lr], #1
    9cec:	5dd3      	ldrb	r3, [r2, r7]
    9cee:	f013 0308 	ands.w	r3, r3, #8
    9cf2:	d1f8      	bne.n	9ce6 <_strtol_l.isra.0+0x1a>
    9cf4:	2f2d      	cmp	r7, #45	@ 0x2d
    9cf6:	d070      	beq.n	9dda <_strtol_l.isra.0+0x10e>
    9cf8:	2f2b      	cmp	r7, #43	@ 0x2b
    9cfa:	bf05      	ittet	eq
    9cfc:	f89e 7000 	ldrbeq.w	r7, [lr]
    9d00:	469b      	moveq	fp, r3
    9d02:	469b      	movne	fp, r3
    9d04:	f100 0e02 	addeq.w	lr, r0, #2
    9d08:	f06f 4300 	mvn.w	r3, #2147483648	@ 0x80000000
    9d0c:	bb61      	cbnz	r1, 9d68 <_strtol_l.isra.0+0x9c>
    9d0e:	2f30      	cmp	r7, #48	@ 0x30
    9d10:	d04d      	beq.n	9dae <_strtol_l.isra.0+0xe2>
    9d12:	260a      	movs	r6, #10
    9d14:	4631      	mov	r1, r6
    9d16:	2200      	movs	r2, #0
    9d18:	fbb3 f4f6 	udiv	r4, r3, r6
    9d1c:	4610      	mov	r0, r2
    9d1e:	fb06 3514 	mls	r5, r6, r4, r3
    9d22:	e005      	b.n	9d30 <_strtol_l.isra.0+0x64>
    9d24:	d03c      	beq.n	9da0 <_strtol_l.isra.0+0xd4>
    9d26:	fb06 c000 	mla	r0, r6, r0, ip
    9d2a:	2201      	movs	r2, #1
    9d2c:	f81e 7b01 	ldrb.w	r7, [lr], #1
    9d30:	f1a7 0c30 	sub.w	ip, r7, #48	@ 0x30
    9d34:	f1bc 0f09 	cmp.w	ip, #9
    9d38:	d906      	bls.n	9d48 <_strtol_l.isra.0+0x7c>
    9d3a:	f1a7 0c41 	sub.w	ip, r7, #65	@ 0x41
    9d3e:	f1bc 0f19 	cmp.w	ip, #25
    9d42:	d817      	bhi.n	9d74 <_strtol_l.isra.0+0xa8>
    9d44:	f1a7 0c37 	sub.w	ip, r7, #55	@ 0x37
    9d48:	4561      	cmp	r1, ip
    9d4a:	dd1c      	ble.n	9d86 <_strtol_l.isra.0+0xba>
    9d4c:	1c57      	adds	r7, r2, #1
    9d4e:	d0ed      	beq.n	9d2c <_strtol_l.isra.0+0x60>
    9d50:	4284      	cmp	r4, r0
    9d52:	d2e7      	bcs.n	9d24 <_strtol_l.isra.0+0x58>
    9d54:	f04f 32ff 	mov.w	r2, #4294967295
    9d58:	e7e8      	b.n	9d2c <_strtol_l.isra.0+0x60>
    9d5a:	f000 f8ad 	bl	9eb8 <__errno>
    9d5e:	2316      	movs	r3, #22
    9d60:	6003      	str	r3, [r0, #0]
    9d62:	2000      	movs	r0, #0
    9d64:	e8bd 8ff8 	ldmia.w	sp!, {r3, r4, r5, r6, r7, r8, r9, sl, fp, pc}
    9d68:	2910      	cmp	r1, #16
    9d6a:	d1d4      	bne.n	9d16 <_strtol_l.isra.0+0x4a>
    9d6c:	2f30      	cmp	r7, #48	@ 0x30
    9d6e:	d027      	beq.n	9dc0 <_strtol_l.isra.0+0xf4>
    9d70:	460e      	mov	r6, r1
    9d72:	e7d0      	b.n	9d16 <_strtol_l.isra.0+0x4a>
    9d74:	f1a7 0c61 	sub.w	ip, r7, #97	@ 0x61
    9d78:	f1bc 0f19 	cmp.w	ip, #25
    9d7c:	d803      	bhi.n	9d86 <_strtol_l.isra.0+0xba>
    9d7e:	f1a7 0c57 	sub.w	ip, r7, #87	@ 0x57
    9d82:	4561      	cmp	r1, ip
    9d84:	dce2      	bgt.n	9d4c <_strtol_l.isra.0+0x80>
    9d86:	1c51      	adds	r1, r2, #1
    9d88:	d030      	beq.n	9dec <_strtol_l.isra.0+0x120>
    9d8a:	f1bb 0f00 	cmp.w	fp, #0
    9d8e:	d10c      	bne.n	9daa <_strtol_l.isra.0+0xde>
    9d90:	f1b9 0f00 	cmp.w	r9, #0
    9d94:	d0e6      	beq.n	9d64 <_strtol_l.isra.0+0x98>
    9d96:	bbaa      	cbnz	r2, 9e04 <_strtol_l.isra.0+0x138>
    9d98:	f8c9 8000 	str.w	r8, [r9]
    9d9c:	e8bd 8ff8 	ldmia.w	sp!, {r3, r4, r5, r6, r7, r8, r9, sl, fp, pc}
    9da0:	4565      	cmp	r5, ip
    9da2:	dac0      	bge.n	9d26 <_strtol_l.isra.0+0x5a>
    9da4:	f04f 32ff 	mov.w	r2, #4294967295
    9da8:	e7c0      	b.n	9d2c <_strtol_l.isra.0+0x60>
    9daa:	4240      	negs	r0, r0
    9dac:	e7f0      	b.n	9d90 <_strtol_l.isra.0+0xc4>
    9dae:	f89e 2000 	ldrb.w	r2, [lr]
    9db2:	f002 02df 	and.w	r2, r2, #223	@ 0xdf
    9db6:	2a58      	cmp	r2, #88	@ 0x58
    9db8:	d008      	beq.n	9dcc <_strtol_l.isra.0+0x100>
    9dba:	2608      	movs	r6, #8
    9dbc:	4631      	mov	r1, r6
    9dbe:	e7aa      	b.n	9d16 <_strtol_l.isra.0+0x4a>
    9dc0:	f89e 2000 	ldrb.w	r2, [lr]
    9dc4:	f002 02df 	and.w	r2, r2, #223	@ 0xdf
    9dc8:	2a58      	cmp	r2, #88	@ 0x58
    9dca:	d1d1      	bne.n	9d70 <_strtol_l.isra.0+0xa4>
    9dcc:	2610      	movs	r6, #16
    9dce:	f89e 7001 	ldrb.w	r7, [lr, #1]
    9dd2:	4631      	mov	r1, r6
    9dd4:	f10e 0e02 	add.w	lr, lr, #2
    9dd8:	e79d      	b.n	9d16 <_strtol_l.isra.0+0x4a>
    9dda:	f89e 7000 	ldrb.w	r7, [lr]
    9dde:	f04f 4300 	mov.w	r3, #2147483648	@ 0x80000000
    9de2:	f100 0e02 	add.w	lr, r0, #2
    9de6:	f04f 0b01 	mov.w	fp, #1
    9dea:	e78f      	b.n	9d0c <_strtol_l.isra.0+0x40>
    9dec:	2222      	movs	r2, #34	@ 0x22
    9dee:	f8ca 2000 	str.w	r2, [sl]
    9df2:	f1b9 0f00 	cmp.w	r9, #0
    9df6:	d007      	beq.n	9e08 <_strtol_l.isra.0+0x13c>
    9df8:	f10e 38ff 	add.w	r8, lr, #4294967295
    9dfc:	4618      	mov	r0, r3
    9dfe:	f8c9 8000 	str.w	r8, [r9]
    9e02:	e7cb      	b.n	9d9c <_strtol_l.isra.0+0xd0>
    9e04:	4603      	mov	r3, r0
    9e06:	e7f7      	b.n	9df8 <_strtol_l.isra.0+0x12c>
    9e08:	4618      	mov	r0, r3
    9e0a:	e7ab      	b.n	9d64 <_strtol_l.isra.0+0x98>
    9e0c:	2000154d 	.word	0x2000154d

00009e10 <strtol>:
    9e10:	b500      	push	{lr}
    9e12:	f8df e018 	ldr.w	lr, [pc, #24]	@ 9e2c <strtol+0x1c>
    9e16:	4684      	mov	ip, r0
    9e18:	4613      	mov	r3, r2
    9e1a:	f8de 0000 	ldr.w	r0, [lr]
    9e1e:	f85d eb04 	ldr.w	lr, [sp], #4
    9e22:	460a      	mov	r2, r1
    9e24:	4661      	mov	r1, ip
    9e26:	f7ff bf51 	b.w	9ccc <_strtol_l.isra.0>
    9e2a:	bf00      	nop
    9e2c:	20001d28 	.word	0x20001d28

00009e30 <memset>:
    9e30:	b530      	push	{r4, r5, lr}
    9e32:	0784      	lsls	r4, r0, #30
    9e34:	4686      	mov	lr, r0
    9e36:	4603      	mov	r3, r0
    9e38:	d006      	beq.n	9e48 <memset+0x18>
    9e3a:	b3a2      	cbz	r2, 9ea6 <memset+0x76>
    9e3c:	f803 1b01 	strb.w	r1, [r3], #1
    9e40:	0798      	lsls	r0, r3, #30
    9e42:	f102 32ff 	add.w	r2, r2, #4294967295
    9e46:	d1f8      	bne.n	9e3a <memset+0xa>
    9e48:	2a03      	cmp	r2, #3
    9e4a:	d926      	bls.n	9e9a <memset+0x6a>
    9e4c:	fa5f fc81 	uxtb.w	ip, r1
    9e50:	eb0c 2c0c 	add.w	ip, ip, ip, lsl #8
    9e54:	2a0f      	cmp	r2, #15
    9e56:	eb0c 400c 	add.w	r0, ip, ip, lsl #16
    9e5a:	d92a      	bls.n	9eb2 <memset+0x82>
    9e5c:	f022 0c0f 	bic.w	ip, r2, #15
    9e60:	449c      	add	ip, r3
    9e62:	e9c3 0000 	strd	r0, r0, [r3]
    9e66:	e9c3 0002 	strd	r0, r0, [r3, #8]
    9e6a:	3310      	adds	r3, #16
    9e6c:	4563      	cmp	r3, ip
    9e6e:	d1f8      	bne.n	9e62 <memset+0x32>
    9e70:	f012 0f0c 	tst.w	r2, #12
    9e74:	f002 040f 	and.w	r4, r2, #15
    9e78:	d017      	beq.n	9eaa <memset+0x7a>
    9e7a:	ea4f 0c94 	mov.w	ip, r4, lsr #2
    9e7e:	f10c 35ff 	add.w	r5, ip, #4294967295
    9e82:	461a      	mov	r2, r3
    9e84:	eb03 0c8c 	add.w	ip, r3, ip, lsl #2
    9e88:	f842 0b04 	str.w	r0, [r2], #4
    9e8c:	4562      	cmp	r2, ip
    9e8e:	d1fb      	bne.n	9e88 <memset+0x58>
    9e90:	3304      	adds	r3, #4
    9e92:	f004 0203 	and.w	r2, r4, #3
    9e96:	eb03 0385 	add.w	r3, r3, r5, lsl #2
    9e9a:	b122      	cbz	r2, 9ea6 <memset+0x76>
    9e9c:	441a      	add	r2, r3
    9e9e:	f803 1b01 	strb.w	r1, [r3], #1
    9ea2:	429a      	cmp	r2, r3
    9ea4:	d1fb      	bne.n	9e9e <memset+0x6e>
    9ea6:	4670      	mov	r0, lr
    9ea8:	bd30      	pop	{r4, r5, pc}
    9eaa:	4622      	mov	r2, r4
    9eac:	2a00      	cmp	r2, #0
    9eae:	d1f5      	bne.n	9e9c <memset+0x6c>
    9eb0:	e7f9      	b.n	9ea6 <memset+0x76>
    9eb2:	4614      	mov	r4, r2
    9eb4:	e7e1      	b.n	9e7a <memset+0x4a>
    9eb6:	bf00      	nop

00009eb8 <__errno>:
    9eb8:	4b01      	ldr	r3, [pc, #4]	@ (9ec0 <__errno+0x8>)
    9eba:	6818      	ldr	r0, [r3, #0]
    9ebc:	4770      	bx	lr
    9ebe:	bf00      	nop
    9ec0:	20001d28 	.word	0x20001d28

00009ec4 <__libc_init_array>:
    9ec4:	b570      	push	{r4, r5, r6, lr}
    9ec6:	4e0e      	ldr	r6, [pc, #56]	@ (9f00 <__libc_init_array+0x3c>)
    9ec8:	4d0e      	ldr	r5, [pc, #56]	@ (9f04 <__libc_init_array+0x40>)
    9eca:	42ae      	cmp	r6, r5
    9ecc:	d008      	beq.n	9ee0 <__libc_init_array+0x1c>
    9ece:	1b76      	subs	r6, r6, r5
    9ed0:	10b6      	asrs	r6, r6, #2
    9ed2:	2400      	movs	r4, #0
    9ed4:	f855 3b04 	ldr.w	r3, [r5], #4
    9ed8:	3401      	adds	r4, #1
    9eda:	4798      	blx	r3
    9edc:	42a6      	cmp	r6, r4
    9ede:	d8f9      	bhi.n	9ed4 <__libc_init_array+0x10>
    9ee0:	4e09      	ldr	r6, [pc, #36]	@ (9f08 <__libc_init_array+0x44>)
    9ee2:	4d0a      	ldr	r5, [pc, #40]	@ (9f0c <__libc_init_array+0x48>)
    9ee4:	f000 f89c 	bl	a020 <___init_veneer>
    9ee8:	42ae      	cmp	r6, r5
    9eea:	d008      	beq.n	9efe <__libc_init_array+0x3a>
    9eec:	1b76      	subs	r6, r6, r5
    9eee:	10b6      	asrs	r6, r6, #2
    9ef0:	2400      	movs	r4, #0
    9ef2:	f855 3b04 	ldr.w	r3, [r5], #4
    9ef6:	3401      	adds	r4, #1
    9ef8:	4798      	blx	r3
    9efa:	42a6      	cmp	r6, r4
    9efc:	d8f9      	bhi.n	9ef2 <__libc_init_array+0x2e>
    9efe:	bd70      	pop	{r4, r5, r6, pc}
    9f00:	60001df0 	.word	0x60001df0
    9f04:	60001df0 	.word	0x60001df0
    9f08:	60001df4 	.word	0x60001df4
    9f0c:	60001df0 	.word	0x60001df0
	...

00009f40 <strlen>:
    9f40:	b430      	push	{r4, r5}
    9f42:	f890 f000 	pld	[r0]
    9f46:	f020 0107 	bic.w	r1, r0, #7
    9f4a:	f06f 0c00 	mvn.w	ip, #0
    9f4e:	f010 0407 	ands.w	r4, r0, #7
    9f52:	f891 f020 	pld	[r1, #32]
    9f56:	f040 8048 	bne.w	9fea <strlen+0xaa>
    9f5a:	f04f 0400 	mov.w	r4, #0
    9f5e:	f06f 0007 	mvn.w	r0, #7
    9f62:	e9d1 2300 	ldrd	r2, r3, [r1]
    9f66:	f891 f040 	pld	[r1, #64]	@ 0x40
    9f6a:	f100 0008 	add.w	r0, r0, #8
    9f6e:	fa82 f24c 	uadd8	r2, r2, ip
    9f72:	faa4 f28c 	sel	r2, r4, ip
    9f76:	fa83 f34c 	uadd8	r3, r3, ip
    9f7a:	faa2 f38c 	sel	r3, r2, ip
    9f7e:	bb4b      	cbnz	r3, 9fd4 <strlen+0x94>
    9f80:	e9d1 2302 	ldrd	r2, r3, [r1, #8]
    9f84:	fa82 f24c 	uadd8	r2, r2, ip
    9f88:	f100 0008 	add.w	r0, r0, #8
    9f8c:	faa4 f28c 	sel	r2, r4, ip
    9f90:	fa83 f34c 	uadd8	r3, r3, ip
    9f94:	faa2 f38c 	sel	r3, r2, ip
    9f98:	b9e3      	cbnz	r3, 9fd4 <strlen+0x94>
    9f9a:	e9d1 2304 	ldrd	r2, r3, [r1, #16]
    9f9e:	fa82 f24c 	uadd8	r2, r2, ip
    9fa2:	f100 0008 	add.w	r0, r0, #8
    9fa6:	faa4 f28c 	sel	r2, r4, ip
    9faa:	fa83 f34c 	uadd8	r3, r3, ip
    9fae:	faa2 f38c 	sel	r3, r2, ip
    9fb2:	b97b      	cbnz	r3, 9fd4 <strlen+0x94>
    9fb4:	e9d1 2306 	ldrd	r2, r3, [r1, #24]
    9fb8:	f101 0120 	add.w	r1, r1, #32
    9fbc:	fa82 f24c 	uadd8	r2, r2, ip
    9fc0:	f100 0008 	add.w	r0, r0, #8
    9fc4:	faa4 f28c 	sel	r2, r4, ip
    9fc8:	fa83 f34c 	uadd8	r3, r3, ip
    9fcc:	faa2 f38c 	sel	r3, r2, ip
    9fd0:	2b00      	cmp	r3, #0
    9fd2:	d0c6      	beq.n	9f62 <strlen+0x22>
    9fd4:	2a00      	cmp	r2, #0
    9fd6:	bf04      	itt	eq
    9fd8:	3004      	addeq	r0, #4
    9fda:	461a      	moveq	r2, r3
    9fdc:	ba12      	rev	r2, r2
    9fde:	fab2 f282 	clz	r2, r2
    9fe2:	eb00 00d2 	add.w	r0, r0, r2, lsr #3
    9fe6:	bc30      	pop	{r4, r5}
    9fe8:	4770      	bx	lr
    9fea:	e9d1 2300 	ldrd	r2, r3, [r1]
    9fee:	f004 0503 	and.w	r5, r4, #3
    9ff2:	f1c4 0000 	rsb	r0, r4, #0
    9ff6:	ea4f 05c5 	mov.w	r5, r5, lsl #3
    9ffa:	f014 0f04 	tst.w	r4, #4
    9ffe:	f891 f040 	pld	[r1, #64]	@ 0x40
    a002:	fa0c f505 	lsl.w	r5, ip, r5
    a006:	ea62 0205 	orn	r2, r2, r5
    a00a:	bf1c      	itt	ne
    a00c:	ea63 0305 	ornne	r3, r3, r5
    a010:	4662      	movne	r2, ip
    a012:	f04f 0400 	mov.w	r4, #0
    a016:	e7aa      	b.n	9f6e <strlen+0x2e>

0000a018 <___reboot_Teensyduino__veneer>:
    a018:	f85f f000 	ldr.w	pc, [pc]	@ a01c <___reboot_Teensyduino__veneer+0x4>
    a01c:	60001cfd 	.word	0x60001cfd

0000a020 <___init_veneer>:
    a020:	f85f f000 	ldr.w	pc, [pc]	@ a024 <___init_veneer+0x4>
    a024:	60001da1 	.word	0x60001da1
	...

Disassembly of section .fini:

0000a030 <_fini>:
    a030:	b5f8      	push	{r3, r4, r5, r6, r7, lr}
    a032:	bf00      	nop
