:0200000460009A
:100000004643464200000156000000000101020084
:1000100000000000000000000000000000000000E0
:1000200000000000000000000000000000000000D0
:1000300000000000000000000000000000000000C0
:1000400000000000010406010000000000000000A4
:100050000000800000000000000000000000000020
:100060000000000000000000000000000000000090
:100070000000000000000000000000000000000080
:10008000EB04180AFF1E04320126000000000000E5
:100090000000000000000000000000000000000060
:1000A0000000000000000000000000000000000050
:1000B0000000000000000000000000000000000040
:1000C0000000000000000000000000000000000030
:1000D0000000000000000000000000000000000020
:1000E0000000000000000000000000000000000010
:1000F0000000000000000000000000000000000000
:1001000000000000000000000000000000000000EF
:1001100000000000000000000000000000000000DF
:1001200000000000000000000000000000000000CF
:1001300000000000000000000000000000000000BF
:1001400000000000000000000000000000000000AF
:10015000000000000000000000000000000000009F
:10016000000000000000000000000000000000008F
:10017000000000000000000000000000000000007F
:10018000000000000000000000000000000000006F
:10019000000000000000000000000000000000005F
:1001A000000000000000000000000000000000004F
:1001B000000000000000000000000000000000003F
:1001C000000100000010000001000000000000001D
:1001D000000001000000000000000000000000001E
:1001E000000000000000000000000000000000000F
:1001F00000000000000000000000000000000000FF
:10020000FFFFFFFFFFFFFFFFFFFFFFFFFFFFFFFFFE
:10021000FFFFFFFFFFFFFFFFFFFFFFFFFFFFFFFFEE
:10022000FFFFFFFFFFFFFFFFFFFFFFFFFFFFFFFFDE
:10023000FFFFFFFFFFFFFFFFFFFFFFFFFFFFFFFFCE
:10024000FFFFFFFFFFFFFFFFFFFFFFFFFFFFFFFFBE
:10025000FFFFFFFFFFFFFFFFFFFFFFFFFFFFFFFFAE
:10026000FFFFFFFFFFFFFFFFFFFFFFFFFFFFFFFF9E
:10027000FFFFFFFFFFFFFFFFFFFFFFFFFFFFFFFF8E
:10028000FFFFFFFFFFFFFFFFFFFFFFFFFFFFFFFF7E
:10029000FFFFFFFFFFFFFFFFFFFFFFFFFFFFFFFF6E
:1002A000FFFFFFFFFFFFFFFFFFFFFFFFFFFFFFFF5E
:1002B000FFFFFFFFFFFFFFFFFFFFFFFFFFFFFFFF4E
:1002C000FFFFFFFFFFFFFFFFFFFFFFFFFFFFFFFF3E
:1002D000FFFFFFFFFFFFFFFFFFFFFFFFFFFFFFFF2E
:1002E000FFFFFFFFFFFFFFFFFFFFFFFFFFFFFFFF1E
:1002F000FFFFFFFFFFFFFFFFFFFFFFFFFFFFFFFF0E
:10030000FFFFFFFFFFFFFFFFFFFFFFFFFFFFFFFFFD
:10031000FFFFFFFFFFFFFFFFFFFFFFFFFFFFFFFFED
:10032000FFFFFFFFFFFFFFFFFFFFFFFFFFFFFFFFDD
:10033000FFFFFFFFFFFFFFFFFFFFFFFFFFFFFFFFCD
:10034000FFFFFFFFFFFFFFFFFFFFFFFFFFFFFFFFBD
:10035000FFFFFFFFFFFFFFFFFFFFFFFFFFFFFFFFAD
:10036000FFFFFFFFFFFFFFFFFFFFFFFFFFFFFFFF9D
:10037000FFFFFFFFFFFFFFFFFFFFFFFFFFFFFFFF8D
:10038000FFFFFFFFFFFFFFFFFFFFFFFFFFFFFFFF7D
:10039000FFFFFFFFFFFFFFFFFFFFFFFFFFFFFFFF6D
:1003A000FFFFFFFFFFFFFFFFFFFFFFFFFFFFFFFF5D
:1003B000FFFFFFFFFFFFFFFFFFFFFFFFFFFFFFFF4D
:1003C000FFFFFFFFFFFFFFFFFFFFFFFFFFFFFFFF3D
:1003D000FFFFFFFFFFFFFFFFFFFFFFFFFFFFFFFF2D
:1003E000FFFFFFFFFFFFFFFFFFFFFFFFFFFFFFFF1D
:1003F000FFFFFFFFFFFFFFFFFFFFFFFFFFFFFFFF0D
:10040000FFFFFFFFFFFFFFFFFFFFFFFFFFFFFFFFFC
:10041000FFFFFFFFFFFFFFFFFFFFFFFFFFFFFFFFEC
:10042000FFFFFFFFFFFFFFFFFFFFFFFFFFFFFFFFDC
:10043000FFFFFFFFFFFFFFFFFFFFFFFFFFFFFFFFCC
:10044000FFFFFFFFFFFFFFFFFFFFFFFFFFFFFFFFBC
:10045000FFFFFFFFFFFFFFFFFFFFFFFFFFFFFFFFAC
:10046000FFFFFFFFFFFFFFFFFFFFFFFFFFFFFFFF9C
:10047000FFFFFFFFFFFFFFFFFFFFFFFFFFFFFFFF8C
:10048000FFFFFFFFFFFFFFFFFFFFFFFFFFFFFFFF7C
:10049000FFFFFFFFFFFFFFFFFFFFFFFFFFFFFFFF6C
:1004A000FFFFFFFFFFFFFFFFFFFFFFFFFFFFFFFF5C
:1004B000FFFFFFFFFFFFFFFFFFFFFFFFFFFFFFFF4C
:1004C000FFFFFFFFFFFFFFFFFFFFFFFFFFFFFFFF3C
:1004D000FFFFFFFFFFFFFFFFFFFFFFFFFFFFFFFF2C
:1004E000FFFFFFFFFFFFFFFFFFFFFFFFFFFFFFFF1C
:1004F000FFFFFFFFFFFFFFFFFFFFFFFFFFFFFFFF0C
:10050000FFFFFFFFFFFFFFFFFFFFFFFFFFFFFFFFFB
:10051000FFFFFFFFFFFFFFFFFFFFFFFFFFFFFFFFEB
:10052000FFFFFFFFFFFFFFFFFFFFFFFFFFFFFFFFDB
:10053000FFFFFFFFFFFFFFFFFFFFFFFFFFFFFFFFCB
:10054000FFFFFFFFFFFFFFFFFFFFFFFFFFFFFFFFBB
:10055000FFFFFFFFFFFFFFFFFFFFFFFFFFFFFFFFAB
:10056000FFFFFFFFFFFFFFFFFFFFFFFFFFFFFFFF9B
:10057000FFFFFFFFFFFFFFFFFFFFFFFFFFFFFFFF8B
:10058000FFFFFFFFFFFFFFFFFFFFFFFFFFFFFFFF7B
:10059000FFFFFFFFFFFFFFFFFFFFFFFFFFFFFFFF6B
:1005A000FFFFFFFFFFFFFFFFFFFFFFFFFFFFFFFF5B
:1005B000FFFFFFFFFFFFFFFFFFFFFFFFFFFFFFFF4B
:1005C000FFFFFFFFFFFFFFFFFFFFFFFFFFFFFFFF3B
:1005D000FFFFFFFFFFFFFFFFFFFFFFFFFFFFFFFF2B
:1005E000FFFFFFFFFFFFFFFFFFFFFFFFFFFFFFFF1B
:1005F000FFFFFFFFFFFFFFFFFFFFFFFFFFFFFFFF0B
:10060000FFFFFFFFFFFFFFFFFFFFFFFFFFFFFFFFFA
:10061000FFFFFFFFFFFFFFFFFFFFFFFFFFFFFFFFEA
:10062000FFFFFFFFFFFFFFFFFFFFFFFFFFFFFFFFDA
:10063000FFFFFFFFFFFFFFFFFFFFFFFFFFFFFFFFCA
:10064000FFFFFFFFFFFFFFFFFFFFFFFFFFFFFFFFBA
:10065000FFFFFFFFFFFFFFFFFFFFFFFFFFFFFFFFAA
:10066000FFFFFFFFFFFFFFFFFFFFFFFFFFFFFFFF9A
:10067000FFFFFFFFFFFFFFFFFFFFFFFFFFFFFFFF8A
:10068000FFFFFFFFFFFFFFFFFFFFFFFFFFFFFFFF7A
:10069000FFFFFFFFFFFFFFFFFFFFFFFFFFFFFFFF6A
:1006A000FFFFFFFFFFFFFFFFFFFFFFFFFFFFFFFF5A
:1006B000FFFFFFFFFFFFFFFFFFFFFFFFFFFFFFFF4A
:1006C000FFFFFFFFFFFFFFFFFFFFFFFFFFFFFFFF3A
:1006D000FFFFFFFFFFFFFFFFFFFFFFFFFFFFFFFF2A
:1006E000FFFFFFFFFFFFFFFFFFFFFFFFFFFFFFFF1A
:1006F000FFFFFFFFFFFFFFFFFFFFFFFFFFFFFFFF0A
:10070000FFFFFFFFFFFFFFFFFFFFFFFFFFFFFFFFF9
:10071000FFFFFFFFFFFFFFFFFFFFFFFFFFFFFFFFE9
:10072000FFFFFFFFFFFFFFFFFFFFFFFFFFFFFFFFD9
:10073000FFFFFFFFFFFFFFFFFFFFFFFFFFFFFFFFC9
:10074000FFFFFFFFFFFFFFFFFFFFFFFFFFFFFFFFB9
:10075000FFFFFFFFFFFFFFFFFFFFFFFFFFFFFFFFA9
:10076000FFFFFFFFFFFFFFFFFFFFFFFFFFFFFFFF99
:10077000FFFFFFFFFFFFFFFFFFFFFFFFFFFFFFFF89
:10078000FFFFFFFFFFFFFFFFFFFFFFFFFFFFFFFF79
:10079000FFFFFFFFFFFFFFFFFFFFFFFFFFFFFFFF69
:1007A000FFFFFFFFFFFFFFFFFFFFFFFFFFFFFFFF59
:1007B000FFFFFFFFFFFFFFFFFFFFFFFFFFFFFFFF49
:1007C000FFFFFFFFFFFFFFFFFFFFFFFFFFFFFFFF39
:1007D000FFFFFFFFFFFFFFFFFFFFFFFFFFFFFFFF29
:1007E000FFFFFFFFFFFFFFFFFFFFFFFFFFFFFFFF19
:1007F000FFFFFFFFFFFFFFFFFFFFFFFFFFFFFFFF09
:10080000FFFFFFFFFFFFFFFFFFFFFFFFFFFFFFFFF8
:10081000FFFFFFFFFFFFFFFFFFFFFFFFFFFFFFFFE8
:10082000FFFFFFFFFFFFFFFFFFFFFFFFFFFFFFFFD8
:10083000FFFFFFFFFFFFFFFFFFFFFFFFFFFFFFFFC8
:10084000FFFFFFFFFFFFFFFFFFFFFFFFFFFFFFFFB8
:10085000FFFFFFFFFFFFFFFFFFFFFFFFFFFFFFFFA8
:10086000FFFFFFFFFFFFFFFFFFFFFFFFFFFFFFFF98
:10087000FFFFFFFFFFFFFFFFFFFFFFFFFFFFFFFF88
:10088000FFFFFFFFFFFFFFFFFFFFFFFFFFFFFFFF78
:10089000FFFFFFFFFFFFFFFFFFFFFFFFFFFFFFFF68
:1008A000FFFFFFFFFFFFFFFFFFFFFFFFFFFFFFFF58
:1008B000FFFFFFFFFFFFFFFFFFFFFFFFFFFFFFFF48
:1008C000FFFFFFFFFFFFFFFFFFFFFFFFFFFFFFFF38
:1008D000FFFFFFFFFFFFFFFFFFFFFFFFFFFFFFFF28
:1008E000FFFFFFFFFFFFFFFFFFFFFFFFFFFFFFFF18
:1008F000FFFFFFFFFFFFFFFFFFFFFFFFFFFFFFFF08
:10090000FFFFFFFFFFFFFFFFFFFFFFFFFFFFFFFFF7
:10091000FFFFFFFFFFFFFFFFFFFFFFFFFFFFFFFFE7
:10092000FFFFFFFFFFFFFFFFFFFFFFFFFFFFFFFFD7
:10093000FFFFFFFFFFFFFFFFFFFFFFFFFFFFFFFFC7
:10094000FFFFFFFFFFFFFFFFFFFFFFFFFFFFFFFFB7
:10095000FFFFFFFFFFFFFFFFFFFFFFFFFFFFFFFFA7
:10096000FFFFFFFFFFFFFFFFFFFFFFFFFFFFFFFF97
:10097000FFFFFFFFFFFFFFFFFFFFFFFFFFFFFFFF87
:10098000FFFFFFFFFFFFFFFFFFFFFFFFFFFFFFFF77
:10099000FFFFFFFFFFFFFFFFFFFFFFFFFFFFFFFF67
:1009A000FFFFFFFFFFFFFFFFFFFFFFFFFFFFFFFF57
:1009B000FFFFFFFFFFFFFFFFFFFFFFFFFFFFFFFF47
:1009C000FFFFFFFFFFFFFFFFFFFFFFFFFFFFFFFF37
:1009D000FFFFFFFFFFFFFFFFFFFFFFFFFFFFFFFF27
:1009E000FFFFFFFFFFFFFFFFFFFFFFFFFFFFFFFF17
:1009F000FFFFFFFFFFFFFFFFFFFFFFFFFFFFFFFF07
:100A0000FFFFFFFFFFFFFFFFFFFFFFFFFFFFFFFFF6
:100A1000FFFFFFFFFFFFFFFFFFFFFFFFFFFFFFFFE6
:100A2000FFFFFFFFFFFFFFFFFFFFFFFFFFFFFFFFD6
:100A3000FFFFFFFFFFFFFFFFFFFFFFFFFFFFFFFFC6
:100A4000FFFFFFFFFFFFFFFFFFFFFFFFFFFFFFFFB6
:100A5000FFFFFFFFFFFFFFFFFFFFFFFFFFFFFFFFA6
:100A6000FFFFFFFFFFFFFFFFFFFFFFFFFFFFFFFF96
:100A7000FFFFFFFFFFFFFFFFFFFFFFFFFFFFFFFF86
:100A8000FFFFFFFFFFFFFFFFFFFFFFFFFFFFFFFF76
:100A9000FFFFFFFFFFFFFFFFFFFFFFFFFFFFFFFF66
:100AA000FFFFFFFFFFFFFFFFFFFFFFFFFFFFFFFF56
:100AB000FFFFFFFFFFFFFFFFFFFFFFFFFFFFFFFF46
:100AC000FFFFFFFFFFFFFFFFFFFFFFFFFFFFFFFF36
:100AD000FFFFFFFFFFFFFFFFFFFFFFFFFFFFFFFF26
:100AE000FFFFFFFFFFFFFFFFFFFFFFFFFFFFFFFF16
:100AF000FFFFFFFFFFFFFFFFFFFFFFFFFFFFFFFF06
:100B0000FFFFFFFFFFFFFFFFFFFFFFFFFFFFFFFFF5
:100B1000FFFFFFFFFFFFFFFFFFFFFFFFFFFFFFFFE5
:100B2000FFFFFFFFFFFFFFFFFFFFFFFFFFFFFFFFD5
:100B3000FFFFFFFFFFFFFFFFFFFFFFFFFFFFFFFFC5
:100B4000FFFFFFFFFFFFFFFFFFFFFFFFFFFFFFFFB5
:100B5000FFFFFFFFFFFFFFFFFFFFFFFFFFFFFFFFA5
:100B6000FFFFFFFFFFFFFFFFFFFFFFFFFFFFFFFF95
:100B7000FFFFFFFFFFFFFFFFFFFFFFFFFFFFFFFF85
:100B8000FFFFFFFFFFFFFFFFFFFFFFFFFFFFFFFF75
:100B9000FFFFFFFFFFFFFFFFFFFFFFFFFFFFFFFF65
:100BA000FFFFFFFFFFFFFFFFFFFFFFFFFFFFFFFF55
:100BB000FFFFFFFFFFFFFFFFFFFFFFFFFFFFFFFF45
:100BC000FFFFFFFFFFFFFFFFFFFFFFFFFFFFFFFF35
:100BD000FFFFFFFFFFFFFFFFFFFFFFFFFFFFFFFF25
:100BE000FFFFFFFFFFFFFFFFFFFFFFFFFFFFFFFF15
:100BF000FFFFFFFFFFFFFFFFFFFFFFFFFFFFFFFF05
:100C0000FFFFFFFFFFFFFFFFFFFFFFFFFFFFFFFFF4
:100C1000FFFFFFFFFFFFFFFFFFFFFFFFFFFFFFFFE4
:100C2000FFFFFFFFFFFFFFFFFFFFFFFFFFFFFFFFD4
:100C3000FFFFFFFFFFFFFFFFFFFFFFFFFFFFFFFFC4
:100C4000FFFFFFFFFFFFFFFFFFFFFFFFFFFFFFFFB4
:100C5000FFFFFFFFFFFFFFFFFFFFFFFFFFFFFFFFA4
:100C6000FFFFFFFFFFFFFFFFFFFFFFFFFFFFFFFF94
:100C7000FFFFFFFFFFFFFFFFFFFFFFFFFFFFFFFF84
:100C8000FFFFFFFFFFFFFFFFFFFFFFFFFFFFFFFF74
:100C9000FFFFFFFFFFFFFFFFFFFFFFFFFFFFFFFF64
:100CA000FFFFFFFFFFFFFFFFFFFFFFFFFFFFFFFF54
:100CB000FFFFFFFFFFFFFFFFFFFFFFFFFFFFFFFF44
:100CC000FFFFFFFFFFFFFFFFFFFFFFFFFFFFFFFF34
:100CD000FFFFFFFFFFFFFFFFFFFFFFFFFFFFFFFF24
:100CE000FFFFFFFFFFFFFFFFFFFFFFFFFFFFFFFF14
:100CF000FFFFFFFFFFFFFFFFFFFFFFFFFFFFFFFF04
:100D0000FFFFFFFFFFFFFFFFFFFFFFFFFFFFFFFFF3
:100D1000FFFFFFFFFFFFFFFFFFFFFFFFFFFFFFFFE3
:100D2000FFFFFFFFFFFFFFFFFFFFFFFFFFFFFFFFD3
:100D3000FFFFFFFFFFFFFFFFFFFFFFFFFFFFFFFFC3
:100D4000FFFFFFFFFFFFFFFFFFFFFFFFFFFFFFFFB3
:100D5000FFFFFFFFFFFFFFFFFFFFFFFFFFFFFFFFA3
:100D6000FFFFFFFFFFFFFFFFFFFFFFFFFFFFFFFF93
:100D7000FFFFFFFFFFFFFFFFFFFFFFFFFFFFFFFF83
:100D8000FFFFFFFFFFFFFFFFFFFFFFFFFFFFFFFF73
:100D9000FFFFFFFFFFFFFFFFFFFFFFFFFFFFFFFF63
:100DA000FFFFFFFFFFFFFFFFFFFFFFFFFFFFFFFF53
:100DB000FFFFFFFFFFFFFFFFFFFFFFFFFFFFFFFF43
:100DC000FFFFFFFFFFFFFFFFFFFFFFFFFFFFFFFF33
:100DD000FFFFFFFFFFFFFFFFFFFFFFFFFFFFFFFF23
:100DE000FFFFFFFFFFFFFFFFFFFFFFFFFFFFFFFF13
:100DF000FFFFFFFFFFFFFFFFFFFFFFFFFFFFFFFF03
:100E0000FFFFFFFFFFFFFFFFFFFFFFFFFFFFFFFFF2
:100E1000FFFFFFFFFFFFFFFFFFFFFFFFFFFFFFFFE2
:100E2000FFFFFFFFFFFFFFFFFFFFFFFFFFFFFFFFD2
:100E3000FFFFFFFFFFFFFFFFFFFFFFFFFFFFFFFFC2
:100E4000FFFFFFFFFFFFFFFFFFFFFFFFFFFFFFFFB2
:100E5000FFFFFFFFFFFFFFFFFFFFFFFFFFFFFFFFA2
:100E6000FFFFFFFFFFFFFFFFFFFFFFFFFFFFFFFF92
:100E7000FFFFFFFFFFFFFFFFFFFFFFFFFFFFFFFF82
:100E8000FFFFFFFFFFFFFFFFFFFFFFFFFFFFFFFF72
:100E9000FFFFFFFFFFFFFFFFFFFFFFFFFFFFFFFF62
:100EA000FFFFFFFFFFFFFFFFFFFFFFFFFFFFFFFF52
:100EB000FFFFFFFFFFFFFFFFFFFFFFFFFFFFFFFF42
:100EC000FFFFFFFFFFFFFFFFFFFFFFFFFFFFFFFF32
:100ED000FFFFFFFFFFFFFFFFFFFFFFFFFFFFFFFF22
:100EE000FFFFFFFFFFFFFFFFFFFFFFFFFFFFFFFF12
:100EF000FFFFFFFFFFFFFFFFFFFFFFFFFFFFFFFF02
:100F0000FFFFFFFFFFFFFFFFFFFFFFFFFFFFFFFFF1
:100F1000FFFFFFFFFFFFFFFFFFFFFFFFFFFFFFFFE1
:100F2000FFFFFFFFFFFFFFFFFFFFFFFFFFFFFFFFD1
:100F3000FFFFFFFFFFFFFFFFFFFFFFFFFFFFFFFFC1
:100F4000FFFFFFFFFFFFFFFFFFFFFFFFFFFFFFFFB1
:100F5000FFFFFFFFFFFFFFFFFFFFFFFFFFFFFFFFA1
:100F6000FFFFFFFFFFFFFFFFFFFFFFFFFFFFFFFF91
:100F7000FFFFFFFFFFFFFFFFFFFFFFFFFFFFFFFF81
:100F8000FFFFFFFFFFFFFFFFFFFFFFFFFFFFFFFF71
:100F9000FFFFFFFFFFFFFFFFFFFFFFFFFFFFFFFF61
:100FA000FFFFFFFFFFFFFFFFFFFFFFFFFFFFFFFF51
:100FB000FFFFFFFFFFFFFFFFFFFFFFFFFFFFFFFF41
:100FC000FFFFFFFFFFFFFFFFFFFFFFFFFFFFFFFF31
:100FD000FFFFFFFFFFFFFFFFFFFFFFFFFFFFFFFF21
:100FE000FFFFFFFFFFFFFFFFFFFFFFFFFFFFFFFF11
:100FF000FFFFFFFFFFFFFFFFFFFFFFFFFFFFFFFF01
:10100000D1002043F1150060000000000000000046
:101010002010006000100060006C02600000000002
:10102000000000600078020000000000FFFFFFFFEA
:10103000FFFFFFFFFFFFFFFFFFFFFFFFFFFFFFFFC0
:10104000FFFFFFFFFFFFFFFFFFFFFFFFFFFFFFFFB0
:10105000FFFFFFFFFFFFFFFFFFFFFFFFFFFFFFFFA0
:10106000FFFFFFFFFFFFFFFFFFFFFFFFFFFFFFFF90
:10107000FFFFFFFFFFFFFFFFFFFFFFFFFFFFFFFF80
:10108000FFFFFFFFFFFFFFFFFFFFFFFFFFFFFFFF70
:10109000FFFFFFFFFFFFFFFFFFFFFFFFFFFFFFFF60
:1010A000FFFFFFFFFFFFFFFFFFFFFFFFFFFFFFFF50
:1010B000FFFFFFFFFFFFFFFFFFFFFFFFFFFFFFFF40
:1010C000FFFFFFFFFFFFFFFFFFFFFFFFFFFFFFFF30
:1010D000FFFFFFFFFFFFFFFFFFFFFFFFFFFFFFFF20
:1010E000FFFFFFFFFFFFFFFFFFFFFFFFFFFFFFFF10
:1010F000FFFFFFFFFFFFFFFFFFFFFFFFFFFFFFFF00
:10110000FFFFFFFFFFFFFFFFFFFFFFFFFFFFFFFFEF
:10111000FFFFFFFFFFFFFFFFFFFFFFFFFFFFFFFFDF
:10112000FFFFFFFFFFFFFFFFFFFFFFFFFFFFFFFFCF
:10113000FFFFFFFFFFFFFFFFFFFFFFFFFFFFFFFFBF
:10114000FFFFFFFFFFFFFFFFFFFFFFFFFFFFFFFFAF
:10115000FFFFFFFFFFFFFFFFFFFFFFFFFFFFFFFF9F
:10116000FFFFFFFFFFFFFFFFFFFFFFFFFFFFFFFF8F
:10117000FFFFFFFFFFFFFFFFFFFFFFFFFFFFFFFF7F
:10118000FFFFFFFFFFFFFFFFFFFFFFFFFFFFFFFF6F
:10119000FFFFFFFFFFFFFFFFFFFFFFFFFFFFFFFF5F
:1011A000FFFFFFFFFFFFFFFFFFFFFFFFFFFFFFFF4F
:1011B000FFFFFFFFFFFFFFFFFFFFFFFFFFFFFFFF3F
:1011C000FFFFFFFFFFFFFFFFFFFFFFFFFFFFFFFF2F
:1011D000FFFFFFFFFFFFFFFFFFFFFFFFFFFFFFFF1F
:1011E000FFFFFFFFFFFFFFFFFFFFFFFFFFFFFFFF0F
:1011F000FFFFFFFFFFFFFFFFFFFFFFFFFFFFFFFFFF
:10120000FFFFFFFFFFFFFFFFFFFFFFFFFFFFFFFFEE
:10121000FFFFFFFFFFFFFFFFFFFFFFFFFFFFFFFFDE
:10122000FFFFFFFFFFFFFFFFFFFFFFFFFFFFFFFFCE
:10123000FFFFFFFFFFFFFFFFFFFFFFFFFFFFFFFFBE
:10124000FFFFFFFFFFFFFFFFFFFFFFFFFFFFFFFFAE
:10125000FFFFFFFFFFFFFFFFFFFFFFFFFFFFFFFF9E
:10126000FFFFFFFFFFFFFFFFFFFFFFFFFFFFFFFF8E
:10127000FFFFFFFFFFFFFFFFFFFFFFFFFFFFFFFF7E
:10128000FFFFFFFFFFFFFFFFFFFFFFFFFFFFFFFF6E
:10129000FFFFFFFFFFFFFFFFFFFFFFFFFFFFFFFF5E
:1012A000FFFFFFFFFFFFFFFFFFFFFFFFFFFFFFFF4E
:1012B000FFFFFFFFFFFFFFFFFFFFFFFFFFFFFFFF3E
:1012C000FFFFFFFFFFFFFFFFFFFFFFFFFFFFFFFF2E
:1012D000FFFFFFFFFFFFFFFFFFFFFFFFFFFFFFFF1E
:1012E000FFFFFFFFFFFFFFFFFFFFFFFFFFFFFFFF0E
:1012F000FFFFFFFFFFFFFFFFFFFFFFFFFFFFFFFFFE
:10130000FFFFFFFFFFFFFFFFFFFFFFFFFFFFFFFFED
:10131000FFFFFFFFFFFFFFFFFFFFFFFFFFFFFFFFDD
:10132000FFFFFFFFFFFFFFFFFFFFFFFFFFFFFFFFCD
:10133000FFFFFFFFFFFFFFFFFFFFFFFFFFFFFFFFBD
:10134000FFFFFFFFFFFFFFFFFFFFFFFFFFFFFFFFAD
:10135000FFFFFFFFFFFFFFFFFFFFFFFFFFFFFFFF9D
:10136000FFFFFFFFFFFFFFFFFFFFFFFFFFFFFFFF8D
:10137000FFFFFFFFFFFFFFFFFFFFFFFFFFFFFFFF7D
:10138000FFFFFFFFFFFFFFFFFFFFFFFFFFFFFFFF6D
:10139000FFFFFFFFFFFFFFFFFFFFFFFFFFFFFFFF5D
:1013A000FFFFFFFFFFFFFFFFFFFFFFFFFFFFFFFF4D
:1013B000FFFFFFFFFFFFFFFFFFFFFFFFFFFFFFFF3D
:1013C000FFFFFFFFFFFFFFFFFFFFFFFFFFFFFFFF2D
:1013D000FFFFFFFFFFFFFFFFFFFFFFFFFFFFFFFF1D
:1013E000FFFFFFFFFFFFFFFFFFFFFFFFFFFFFFFF0D
:1013F000FFFFFFFFFFFFFFFFFFFFFFFFFFFFFFFFFD
:10140000824205D051F8043B40F8043B8242F9D8AF
:10141000704700BF044A05494FF0000342F8043BFF
:101420009142FBD8704700BFC03600208087032060
:1014300008B5BFF34F8F00F047F9544C544B0820C8
:101440005449C3F85401544AC3F800115348C3F82F
:10145000F0405349FFF7D4FF524A53495348FFF72E
:10146000CFFF534CFFF7D6FF4FF470004FF0E02151
:101470000023504AC1F8880D44F823200133B02BD3
:10148000FAD14D4B80214D4A03F8011B9342FBD109
:101490004FF0E0254A4E4B4A4FF0FF31C5F8084D5A
:1014A000D5F8243D43F4E023C5F8243DF36923F047
:1014B0007F0343F04003F361736A23F07F0343F03B
:1014C000400373629166D1661167516700F004F9B9
:1014D0003D4A3E4BA2636322E36300246A61032317
:1014E0003B4AAC612B61C5F8202DD5F8FC2D394B5A
:1014F00042F080723849C5F8FC2D1A6842F00102AA
:101500001A605B680B6000F0B7FA344800F058FCD2
:10151000F16E334B334A41F44051F1661C60C3F81D
:101520000841C3F81841C3F82841C3F83841936B08
:10153000DB0708D442F615632B4951651365936B9D
:1015400043F001039363274A284C936843F0011347
:10155000936000F04FF900F0FBFB00F035FC00F069
:10156000BDFA00F0B3F82368132BFCD900F052FB4E
:101570002368B3F5967FFBD300F0ACF800F0A8F831
:1015800000F01AFC00F02CFC30BFFDE70C0D11132D
:1015900000800D401B1018201813020000000000EE
:1015A000001F0060C03600201C32026000000020D6
:1015B000003400205D78010000E400E0A0E400E0D9
:1015C00000C00F4000C00A40E5700100E970010052
:1015D00000002020001000E0148703200046C323F1
:1015E0000040084000400D400000C056188703200E
:1015F000054B4FF42A01054A05485A641864054A08
:1016000099639546FFF714FF00C00A40FFABAAAAF2
:101610000700200000800520294A00210123C2F88C
:10162000A000C2F8A410C2F8B0305369D907FCD5A5
:1016300001234FF4803C22495361C2F8A000C2F854
:10164000A4C0C2F8B0304B69DB07FCD501234FF4CE
:10165000003C1B4A4B61C1F8A000C1F8A4C0C1F80E
:10166000B0305369D907FCD50123DFF858C01449BD
:101670005361C2F8A000C2F8A4C0C2F8B0304B69F0
:10168000DB07FCD5D1F8003145F60D504FF0210CA9
:101690009AB2C1F814C0824210D045F69D518A42D8
:1016A0000AD1C3F34253032B08D0A3F10403B3FAC6
:1016B00083F35B09180170470020704708207047CA
:1016C00000402A4004000300704700BF704700BF7D
:1016D000704700BF00BF70474FF0E02300214FF07C
:1016E000100C3448C3F8941DC3F89CCD4FF0110C76
:1016F000C3F8A00D3048C3F89CCD4FF0120CC3F8CE
:10170000A00D2E48C3F89CCD2D4AC3F8A00DDFF8DC
:10171000D0C042F015022B48C3F89CCDC3F8A00DF1
:10172000DFF8C0C02848C3F89CCDC3F8A00DDFF88F
:10173000B8C0C3F89C2D2548254AC3F8A0CDC3F8EE
:101740009C0DC3F8A02D02F5A022DFF8A0C00C323A
:101750002048C3F89CCDC3F8A02D1F4AC3F89C0DA8
:10176000C3F8A02D02F14062DFF884C002321B48AA
:10177000C3F89CCDC3F8A02D0A32C3F89C0DC3F862
:10178000A02D00BF00BF00BF00BF00BF0122C3F8F3
:10179000942DBFF34F8FBFF36F8FC3F8501FBFF36C
:1017A0004F8FBFF36F8FD3F8142D42F44032C3F83C
:1017B000142D70473F000010250008070900100095
:1017C000808703202100020725000813160020202F
:1017D00027000B13180000602F000B071A00008071
:1017E0001300200014000020090000101700004022
:1017F0001900007030B5864B85B0DFF874E218220E
:10180000844D0120C3F85CE28349C3F86052A5F51A
:101810008055DFF860C2814CC3F864E2C3F86852B7
:101820002125C3F86CC2C3F870C2C3F874C2C3F8F0
:1018300078C248F20C7CDA661A675A679A67DA67E8
:10184000C3F88020C3F88420C3F88820C1F82C0393
:10185000734AC1F83003C1F83403C1F83803C1F842
:101860003C03C1F85003A1696E4B0A406E486F49B2
:1018700013436F4AA361D4F8843043F00C03C4F8D7
:1018800084304FF0FF34036843F0020303600368C1
:1018900003EA0C031A43674B026044608A68664C93
:1018A0001340664A43F000538360C36823F0780313
:1018B000C360036A23401A43604B0262026A2240FB
:1018C0005F4C1343002243628462C46240F20564A9
:1018D000D1F8B83023F03F0343F00103C0F8B8302B
:1018E000D1F8BC30574923F03F0343F00103C0F85F
:1018F000BC3002610567C0F880404567C0F884408D
:101900000224036823F00203036081614E4B4F49B8
:10191000C46143F8042B8B42FBD1434C236843F052
:1019200001032360256815F00105FBD1454802221B
:1019300040F2F561A06140F29940E26140F26642F6
:10194000C4F8001242F20141C4F81022404AC4F81F
:101950002002C4F8302240F23542C4F834123D4827
:10196000C4F840223C4AC4F850022846C4F8542225
:1019700042F201223949C4F86012C4F86422FFF728
:101980004BFE0246002839D0810201234FF480200B
:1019900021662549C4F8A050C4F8A400C4F8B030AA
:1019A0004B69D807FCD515050124039228464C61E4
:1019B000FFF732FE039A2A4B0244D2B21A7080B16A
:1019C000194980024FF4802348660846C1F8A050A8
:1019D000C1F8A430C1F8B0404369DB07FCD501234E
:1019E000436120490024204801230094401A00EB61
:1019F00002521E4800F0F0F905B030BD1B4B1849EB
:101A000018600870D860C3E9010005B030BD00BFA0
:101A100000801F40F910010000841F4000C00F40EB
:101A2000FFFCFF1F0003008000402A4000802A4086
:101A30001200FFFFFF37F70000FFF07C400000803E
:101A4000FF000F83F05AF05A00422A4000432A4018
:101A50009F041830EB06180A063201263806180AC9
:101A6000478703200000007000000070B43103209D
:101A7000F9B00100F970010010B5174A4FF4805415
:101A80004FF4005E4FF4404C4FF4803043F242017B
:101A9000136913F0020F0DD113F4005F0FD013F48C
:101AA000805F0FD0002BF3DA13F4803F0CD15B067C
:101AB0000ED510BDC2F818C050619161E8E7C2F8B8
:101AC00014E0E5E75461E3E74FF480339361DFE727
:101AD00040235361DCE700BF00800D40414A0320F2
:101AE0004149F3EE095AD2F880309FED406A23F065
:101AF00001039FED3F5ADFF814C100B5C2F88030F2
:101B0000C2F89000D1F8E010DFF804E1CBB2394818
:101B1000CEF8003007EE903A0B0DC1F30B21F8EE32
:101B2000E77A06EE903A07EE101A334BB8EEC77A12
:101B3000CCF80010F8EEE66A304937EEC66A37EEA8
:101B4000C55A76EEC76A77EEE57A26EE266AC3EDC9
:101B5000006A25EE265AD2F8803067EEA64AC0ED1C
:101B6000007AC6EE275A264885EE276AC4EEA76A91
:101B700075EE875AFCEEE55A36EE076A15EE90CA06
:101B8000BCEEC66A43EA0C5376EE877AC2F8803020
:101B900016EE103AD2F890C1FCEEE77A01EA034162
:101BA00041EA0C014FF0000C17EE903AC2F8901188
:101BB000C3F30B03D2F890110B431249C2F89031D2
:101BC000D2F8803043F00203C2F880300E4B80F828
:101BD00040C0C1F840314FF0E0230122C3F8082192
:101BE00000BD00BF00810D4000441F400000AA421C
:101BF0000000B442084703200C4703200000FF0FF9
:101C000000E400E0003400203D7A0100004703209A
:101C100004470320314B40F6617210B5C3F8202110
:101C200040F2044400F0D4F82D4A2E49D2F8803016
:101C30002D4843F00303C2F880302C4BC1F86041BB
:101C400002681A4203D1D1F8A8319A071BD0254A5D
:101C50004FF00041244B5963D2F8403143F0020366
:101C6000C2F84031D2F840319B07FBD44FF400302A
:101C70004FF0E0211C4B4FF00042C1F88C021920BC
:101C80009A6300F0B1F8184B0021164C4FF08042D7
:101C90000A209A634FF420721960C4F8A80114480E
:101CA00000F086F84FF4800203464FF4810040F2C2
:101CB00043111860C4F858311A640E4B0E4AC4F828
:101CC0004811C3F804224FF0E0224FF40031012301
:101CD000C2F80C11C4F8403110BD00BF00800D40A7
:101CE00000C00F4000002E4000900D40001C1E0060
:101CF0000000002000340020417C010008B50E4B9C
:101D00001B6E9B0700D4FBBE72B60C4B00200C4A26
:101D1000C3F8400103F160430A49A3F55F2311644E
:101D20009D46BFF34F8F4FF40013074A0748DB6906
:101D300002609B68984700BF00441F4000002E408F
:101D400000C00A4003002000000012EB00802020A9
:101D50000F4B40F2376C0F4AA020D96E41F440314E
:101D6000D966D96E41F44071D966C2F844C0906416
:101D7000936C1B06FCD4084A40F23761A0235164DF
:101D80009364936C13F08003FBD1044A1370704783
:101D900000C00F4000400C4000800C4046870320EC
:101DA000F8B500BFF8BC08BC9E46704700000000B4
:101DB0005FF800F035AD01005FF800F085B4010078
:101DC0005FF800F0D17101005FF800F0E58C0100D0
:101DD0005FF800F0AD8301005FF800F0498E01006C
:101DE0005FF800F0AD7601005FF800F0E5740100E7
:081DF00045000000C5E70000FA
:101DF800160355005300420020005300650072008E
:101E0800690061006C00000018035400650065005B
:101E18006E00730079006400750069006E006F0041
:101E28000403090409026200030100C032080B0020
:101E38000202020100090400000102020100052457
:101E480000100105240101010424020605240600EE
:101E5800010705820310001009040100020A0000AE
:101E6800000705030240000007058402400000093E
:101E780004020002FF6AFF00070581024000010713
:101E8800050102400001000009026200030100C0D0
:101E980032080B00020202010009040000010202DC
:101EA8000100052400100105240101010424020693
:101EB8000524060001070582031000050904010036
:101EC800020A000000070503020002000705840259
:101ED8000002000904020002FF6AC7000705810228
:101EE8000002010705010200020100000A060002C3
:081EF800EF02014001000000AF
:101F000000000000000000000000000000000000D1
:101F100000000000000000000000000000000000C1
:101F20000548064B1B1AD90F01EBA301491002D03B
:101F3000034B03B118477047C0360020C03600205D
:101F40000000000008B5054B1BB105490548AFF37B
:101F50000080BDE80840FFF7E3BF00BF00000000BD
:101F6000B03A032000780260020410F4F84FC0F386
:101F70008421C0F3090302F0004214D113B900EE2A
:101F8000102A704718465B00013113F4806FF9D0B6
:101F9000C1F171010B4B42EAC15203EA80331A438B
:101FA00000EE102A70471F2942EA433205D07031F3
:101FB00042EAC15200EE102A704742F0FF4200EEA2
:101FC000102A704700E07F00032801EB000C10B5D9
:101FD00000F1040E09DC085C00F03F00107011F8FD
:101FE0000E2002F03F021A7010BD1CF804CC4FEA1C
:101FF0009C1411F80EC00CF00F0C4CEA041C82F873
:1020000000C0085C11F80E208009120942EA001293
:102010001A7010BD2DE9F04F8BB00C4692469B46CE
:10202000149D0E2810D8DFE810F0D200D700EB0086
:102030000F000F000F000F000F002B010F000F000B
:102040000F005D010F0014004FF0FF300BB0BDE832
:10205000F08F02F0FF080021B8F1000FF4D1100A50
:102060004FEA1B2340EA0B60069350EA1B2B00F05B
:10207000AA80AB464746079004F18006B4F8D0002A
:102080000191A146FFF770FF04F1C008B446DA469B
:1020900038465946CDE90464019E09F1FF370CF139
:1020A000FF3B54460025CDF80CA0CDE9019C1BF860
:1020B00001CF2A1117F801AF01354FEA0C130AF0CE
:1020C0000F0E4FEA8C0903F03003202D09F0300980
:1020D00043EA0E03A3F1200307EE903A18F9023009
:1020E000424407EE103A97F82030F8EEE77AB8EE5F
:1020F000C77A03F00F0E4FEA131349EA0E0E27EECC
:10210000007AAEF1200E67EE877AE4EC017A07EEF2
:1021100090EA92F902E0F8EEE77A07EE10EA0CF0A6
:10212000300E4FEA9C1CB8EEC77A4EEA1A1E43EAFC
:102130000C13AEF1200E27EE007AA3F1200367EE18
:10214000877AC4ED1F7A07EE90EAB8EEE77A07EED9
:10215000903A92F90430F8EEE77A06EE903AF8EE0B
:10216000E66A66EE806A27EE267A84ED3F7A92F977
:10217000063007EE103AB8EEC77A27EE007A67EE1F
:10218000877AC4ED5F7A92D1DDE9019C049B08F166
:10219000080809F14009DDF80CA00CF1200C4B45B2
:1021A0000AF5007A7FF479AF431C01F5806B059C3A
:1021B0001F4646F10001D234DDE906238A4208BFFA
:1021C000BB427FF459AF00200BB0BDE8F08F920006
:1021D000284617F0F3F9F6E752EA0B03F3D000268E
:1021E0002F46354634F8020BFFF7BEFE0136A7EC4A
:1021F000010A45F10005AB4508BFB245F2D1E2E75F
:1022000012F01F074FF000087FF41EAF4FEA521A7A
:102210004FEA5B164AEACB6A5AEA5B1BD3D0113409
:1022200034F8110CFFF7A0FEA4F11002294612F8B1
:10223000013F03F00F03A242A3F1080307EE903A17
:10224000F8EEE77A67EE807AE1EC017A13784FEAEC
:102250001313A3F1080307EE903AF8EEE77A67EE5E
:10226000807AC1ED0F7AE2D1013705F1800504F1E2
:10227000120448F10008464508BFBA45D0D1A2E78C
:1022800012F01F084FF000097FF4DEAE4FEA521A39
:102290004FEA5B174AEACB6A5AEA5B1B93D005F117
:1022A00080068B465D46A6F1800435F8010BFFF7EA
:1022B0005BFE15F9013F07EE903AF8EEE77A67EE1C
:1022C000807AE4EC017AB442F3D118F1010806F106
:1022D00080060BF1220B49F100094F4508BFC245AA
:1022E000E0D170E702F0FF084FF00009B8F1000FED
:1022F0007FF4AAAE4FEA122C4FEA1B234CEA0B6C78
:1023000002935CEA1B2B3FF45EAF05F1800A0D4699
:10231000CDF80CC029466C880AF18007564631F882
:10232000040B4FF0000B0191FFF71EFE204605F154
:102330000F04F0EE407AFFF717FE019901950DF1B9
:1023400027030DF126025846A6F18005FFF73CFE53
:102350009DF826200BF1010005EE102A9DF827209C
:1023600005EE902A0DF12602FFF72EFE9DF826308D
:10237000B8EEC55A224606EE903A9DF82730F8EEA0
:10238000E55A06EE103AF8EEE66A25EE275AB8EE60
:10239000C66A65EE805A66EEA76A26EE006A12F8F3
:1023A000013F03F00F0307EE103A3346F8EEC74A39
:1023B000B0EE657A95EE247AA5EC017AB542EED1BD
:1023C000204610F8012F120907EE102AF8EEC75A1E
:1023D000B0EE467A96EEA57AA3EC017ABB42F0D134
:1023E0000BF1020B03F5807706F580762034BBF104
:1023F000080FA4D118F10108019D0AF5806A49F17E
:1024000000099035DDE902234A4508BF434581D1E3
:10241000D9E600BFF0B55609059F46EAC36656EAFD
:1024200053134FD000F18001F7EE005AF6EE006A28
:10243000069D013F9FED256A9FED255A01EBC616CB
:1024400000246FF07E0E03469FED217AF3EC017AB3
:10245000F0EEE77AF4EEC77AF1EE10FA37FE877AFB
:102460009942F3D1C7EE067AF5EEC07AE5EC017A2F
:10247000F1EE10FA27DD85EEA77A07EB040C024691
:102480000FE077EEA67AFDEEE77A17EE903A734505
:10249000B8BF73467F2BA8BF7F2391420CF8013F42
:1024A0000BD0F2EC017A67EE877AF5EEC07AF1EEA6
:1024B00010FAE6D577EEE67AE5E780312034803011
:1024C000B142C0D1F0BDB0EE457AD6E70000FE4281
:1024D0000000000000B54FEA521E01994EEAC36E9B
:1024E0005EEA531312D0A1F1040C1F300CEB8E0ED8
:1024F000A0F12003002213F9011F83420A44FAD1FC
:102500004CF8042FF44500F12000F1D100BD00BFCC
:102510002DE9F04F2DED068B91B0209C4FEA142E43
:10252000219C4EEA046E250A5EEA14240C9500F004
:1025300024814FF000090433044615464E46884670
:102540000593CDF834E09FED90AB23466788AB460A
:102550004FF0000A33F8040B0293FFF705FD3846ED
:10256000B0EE409AFFF700FD059BB7EEC08A04F17C
:102570003007043BB7EEC99A0B96069308F1240383
:10258000CDE907450193CDE909890DF13F03029992
:102590000DF13E025046FFF717FDA7F120044FF062
:1025A000000C019B2146A3F1200EE046E146664661
:1025B000CDE903AB0A68083151F8043C8F425EF85C
:1025C000045C02F00F3203F00F335EF8080B2FFAB1
:1025D00082FA2FFA85FB2FFA92F22FFA95F52AFB51
:1025E0000B6622FB05992FFA83F22FFA80F52FFA5A
:1025F00093F32FFA90F022FB058823FB00CCD9D16E
:102600009DF83F30E0444E440DF13E0203EE103A97
:102610009DF83E304644029905EE103AB8EEC33BB1
:10262000069B07EE906AB8EEC55B002623EE083BDA
:10263000B0463546B8EEE76B25EE095BDDE903AB46
:1026400053F82A300AF101009BED004A07EE903A58
:102650000393B7EEC44A0DF13F03B8EEE77B27EED4
:10266000437BA5EE067BA4EE07ABFFF7ADFCDDF8E0
:1026700004C0B646CDF80CA02268083454F8043CD7
:102680001209A7424FEA13135CF8040C02F00F3250
:102690005CF8081B03F00F332FFA82F92FFA80FA47
:1026A0002FFA92F22FFA90F029FB0A5522FB0088AC
:1026B0002FFA83F22FFA81F02FFA93F32FFA91F188
:1026C00022FB00EE23FB0166D6D1019B4544B644B4
:1026D000DDF80CA040339BED014A7544203701938F
:1026E000B7EEC44A9DF83F3007EE905A0BF1080B45
:1026F00005EE103A059BB8EEE76BB8EEC55B53F8F4
:102700002A300AF1020A07EE903A039325EE085B9D
:102710009DF83E30BAF1080FB8EEE77B27EE457B17
:1027200005EE103AB8EEC55B25EE095BA5EE067B1B
:10273000A4EE07AB7FF429AF059A0B9E2032DDE9AA
:102740000989059219F1010308F58078994646F147
:102750000006DDE90C23DDE90745B24208BF4B4521
:1027600004F1900405F120057FF4EFAEB7EECA0B3B
:1027700011B0BDEC068BBDE8F08F9FED050A11B0DE
:10278000BDEC068BBDE8F08F0000000000000000EB
:1027900000000000000000002DE9F04F0C282DED96
:1027A000068BA1B005920793DDE9303200F0188165
:1027B0000E280BD0082800F0E381DFED877A87EE42
:1027C000A70A21B0BDEC068BBDE8F08F4FEA1328B5
:1027D000130A48EA02681493804B1E68149B002E6B
:1027E00000F00A8358EA030300F0FD83059F18AB4D
:1027F0004FF000090C463D4600270693CDF8548063
:102800009FED738BB4F8D000A246FFF7ADFBB7EE97
:10281000C09AFB0004F1C10612944FF000080F9318
:102820006B1E80341397CDE91035069B20220021C2
:102830001846751E1AF0FEF9611E00220AF1FF3BD0
:10284000019110999446049201EB08070C960592A9
:10285000CDE90222CDE908A4CDE90A85CDE90D90A4
:102860000BE05AF8203C02935AF8183C05935AF8AA
:10287000103C03935AF8083C0493019B0CF1010CA3
:102880001BF801EF013713F8016FBCF1200F0EF0B8
:102890000F0597F920904FEA860001939BF82030AE
:1028A0004FEA061400F0300006F0300103F00F0A82
:1028B0004FEAA61604F030044FEA131340EA0A0068
:1028C00097F9408044EA050443EA061341EA1E15DD
:1028D000A0F12000059920AE97F960E0A5F1200550
:1028E00006EB820609FB0010049AA3F1200303996A
:1028F000A4F120040EFB03234FEA2C1208FB05155C
:1029000020A997F900E001EB820A029905960EFBD7
:10291000041446F8180C46F8204C46F8105C46F8AB
:10292000083C9ED1DDE90E32DDE90A85DDE908A427
:1029300002EB5810079A194602EB80000022DDE9ED
:102940000C69B0EC017A083115F91270B7EEC77A4C
:1029500051ED025A06EE107A16F91270B8EEE55BE8
:10296000013227EE097B042AB8EEC66B26EE076B10
:10297000A6EE058B06EE107AB8EEC66B26EE077B48
:1029800051ED016AB8EEE66BA7EE068BD9D10AF1DC
:10299000400A20340836B8F1000F00F00283139F7C
:1029A0007B1C1F4649F10009DDE91423DDE91154C0
:1029B000914508BF9F4204F1D20405F580757FF46C
:1029C00021AFB7EEC80B21B0BDEC068BBDE8F08F90
:1029D000000000000000000000000000943203200E
:1029E0001B0A43EA0263120A0892874A1268002A05
:1029F00000F00C81089A1A4300F0F582079A0DF155
:102A00005F00059C0DF1600B029200220190039281
:102A1000049222460C4607939FED79ABA246658847
:102A2000059204F10F093AF8040B0027FFF79CFA0E
:102A3000B0EE409A2846FFF797FA059AB7EEC99A82
:102A4000DDF80880B7EEC08A02F11F0502F13F06EB
:102A50000694514638465B46019AFFF7B5FA0021C5
:102A6000A5F12004CC46084614F9012F1CF8013FBB
:102A7000A542114403F00F0313FB0200F4D19DF8AB
:102A8000603006EE900A07EE901A98ED005A06EEB6
:102A9000103AB8EEE64BB8EEE77B9DF85F30B8EE43
:102AA000C66B5146B7EEC55A781C019A26EE086BE4
:102AB00027EE467B06EE103A5B46B8EEC66B26EE76
:102AC000096BA6EE047BA5EE07ABFFF77DFA0021AC
:102AD000CC46084614F9012F1CF8013FA6421144C8
:102AE0004FEA131313FB0200F4D19DF8603006EE99
:102AF000900A07EE901A98ED015A06EE103AB8EED9
:102B0000E64BB8EEE77B9DF85F30B8EEC66B023758
:102B1000B7EEC55A08F10808082F05F1400526EE62
:102B2000086B09F1200906F1400627EE467B06EE08
:102B3000103AB8EEC66B26EE096BA6EE047BA5EE46
:102B400007AB86D10299039B20310133029104998E
:102B5000039341F10001DDE90705DDE90524A94200
:102B600008BF8342049104F1900402F580727FF45F
:102B700055AFB7EECA0B21B0BDEC068BBDE8F08FA8
:102B80005F09550947EAC26757EA521200F02B82E3
:102B9000059B0026DDF81C8001F1210403F1FF39BB
:102BA000B2469FED178B34F8210CFFF7DDF9A4F145
:102BB00020034946002213F901CF11F9010FA34266
:102BC0001CFB0022F7D1B8EC015AB7EEC06A0136FF
:102BD00007EE902AB7EEC55A09F120094AF1000A1A
:102BE000B8EEE77B03F1220426EE056B554508BFDE
:102BF000B742A6EE078BD6D1B7EEC80BE3E600BF0F
:102C000000000000000000009432032008981843E0
:102C100000F0E9819146DDF81CA018AA0C46D046C8
:102C20004FF001160692CA460DF15F020D939FED1B
:102C3000DE8B0192234665884FF0000B474633F840
:102C4000040B0393FFF790F9B0EE40AA2846FFF774
:102C50008BF9059BB7EEC09A04F13005B7EECAAA0E
:102C60002033CDF808B00793CDE90984CDE90BA94D
:102C7000069BA5F12004019ADDE90201FFF7A4F902
:102C80004FF0000C059B2146E046E14603EB0B0AA2
:102C9000E646CDF810B051F8043B5AF8042BA9428F
:102CA00003F00F332FFA82F02FFA83FB2FFA92F200
:102CB0002FFA93F32BFB00EE20FB068823FB0299EF
:102CC00022FB06CCE7D108EB0C03CE4497ED004A7B
:102CD00007EE103A9DF8603006EE90EAB7EEC44A6F
:102CE00005EE103AB8EEC77B9DF85F30B8EEE66BA4
:102CF000B8EEC55B019ADDF810B025EE095BDDE9A1
:102D0000020127EE457B05EE103A0130069BB8EE36
:102D1000C55B25EE0A5BA5EE067BA4EE078BFFF7ED
:102D200053F90020079B864603EB0B098046844637
:102D300054F8043B59F8042B1B09AC422FFA82FAD1
:102D400003F00F332FFA92F22FFA83F12AFB06EEEB
:102D50002FFA93F321FB0ACC23FB028822FB060007
:102D6000E6D10EEB0003C44497ED014A0BF1400B92
:102D700007EE103A029B06EE90CAB7EEC44A023341
:102D8000B8EEC77BB8EEE66BBBF5807F029304F12B
:102D900020059DF8603007F1080705EE103A9DF810
:102DA0005F30B8EEC55B25EE095B27EE457B05EE8F
:102DB000103AB8EEC55B25EE0A5BA5EE067BA4EEE5
:102DC000078B7FF455AF059A02F58072DDE90BA9F8
:102DD00005921AF10103089A9A4649F100090D9BE0
:102DE000DDE90984914508BF9A4504F1900408F192
:102DF00020087FF41FAFE4E558EA030200F0F380F7
:102E000018AA0D46B1464FF0203B34469A4606922A
:102E1000CDF848809FED648BB5F8D00005F18007B0
:102E20000495FFF7A1F8E300B7EEC00A4FEA042CBF
:102E300000200E9305F1C1030F95CDE910495446CA
:102E40005E1E5B49DFF870A1DFF87091DDE905587F
:102E5000CDE908066544CDE90AC3CDE901A1CDE974
:102E60000C84049B4FF0000E19F8014B704672461B
:102E70001C44029BCDF80C8013F8016B0293019B5C
:102E800013F801CB0193B958A35821FA0CF1F34080
:102E9000090103F00F3301F030310B43A95804321C
:102EA000C3FA0BF3102A2FFA81FA2FFA83F82FFABC
:102EB00091F12FFA93F328FB0A0023FB01EEE2D1F4
:102EC0007044DDF80C804FF0000EC8F80000724628
:102ED0007046BB181969A31821FA0CF11B69090186
:102EE000F34001F0303103F00F330B43A9180432E3
:102EF0000969102AC3FA0BF32FFA81FA2FFA83F823
:102F00002FFA91F12FFA93F328FB0A0023FB01EE2D
:102F1000DFD1284B7044DDF80C8020354B45C8F8D4
:102F2000040008F108089CD10E99DDE90806DDE9E6
:102F30000AC301EB50150799DDE90C2401EB850567
:102F40000021B5EC017A083216F911E0B7EEC77A24
:102F500052ED025A06EE10EA13F911E0B8EEE54B15
:102F6000013127EE007B0429B8EEC66B26EE076B15
:102F7000A4EE068B06EE10EAB8EEC66B26EE077BD3
:102F800052ED016AB8EEE66BA6EE078BD9D1049A32
:102F9000203708330CF1800C4032049290B9802025
:102FA0004EE74FF0800841E4000000000000000000
:102FB0007C0700207C0700201407002078070020F1
:102FC00000000000A246109CDDF84490631C0F9D99
:102FD0001C4649F10009129BD235D14508BF9C42DD
:102FE0007FF41AAFEDE41FED0A0AFFF7EABB00BF5A
:102FF00000207047144B4FF000721449C3F884202E
:1030000003F18D73DFF84CC003F58F334868DCF8AB
:1030100000208333A3FB0232920C4B681B1A9A42A6
:10302000FBD8094A4FF00070094BC2F88800486885
:10303000DCF800200549A3FB0232920C4B681B1AF6
:103040009A42FBD8704700BF00C00042001000E069
:1030500083DE1B43042F00202DE9F04F8BB002913B
:103060000092002A00F0DD80030D81467449099327
:10307000030CDFF8E4B10893030B0793030A0593ED
:103080000309049300F00F0306936E4B5A686E48D1
:1030900042F07D5200685A60009A824228BF024680
:1030A0006A4892466A4A00681268019242F0012218
:1030B00042F4800222EA000222F078521A60086884
:1030C00040B1002400BF013408688442FAD360484C
:1030D00000680190099842F0605842F0305E00F0BC
:1030E0000F0C089800F00F07079842EA8C6C00F06C
:1030F0000F06059842EA876700F00F05049842EA38
:10310000866600F00F04069842EA856542EA806010
:1031100042EA8464039042F06850C3F8008018606B
:10312000C3F8008042F03858C3F800E0C3F80080CC
:10313000C3F800E04CF0007EC3F800C0C3F800E024
:10314000C3F800C047F0007C1F60C3F800C01F60D8
:1031500046F000771E601F601E6045F000761D601F
:1031600003981E601D6044F000751C601D601C60AB
:1031700040F0007418601C601860586820F07050AF
:103180005860344804683CB142F0007500200130BA
:103190001D601A60A042FAD1BAF1000F44D0029823
:1031A00042F000750AEB0006441E013E1D609F6858
:1031B0001A601D60BF0E98681A60C0F3836040EA11
:1031C000071004F8010FB442F0D1019A1A605A684E
:1031D00042F07D525A60DBF8002032B1002200BF7D
:1031E0000132DBF800008242F9D3009AB2EB0A0206
:1031F000009216D0029AD144524402924FEA1952D8
:1032000009924FEA194208924FEA193207924FEA9F
:10321000192205924FEA1912049209F00F02069240
:1032200034E70BB0BDE8F08F019A1A605A6842F09B
:103230007D525A60DBF80020002ACFD126E700BF7C
:1032400024F3022000C00042182F00201C2F002071
:103250001CF30220202F002028F30220002A00F077
:10326000FD80030CDFF80CC22DE9F04F87B04FEA68
:10327000105982460F460593030B794E1546049369
:10328000030ADFF8F4E102930309019300F00F034E
:1032900074480393744B75495A68096842F07D522B
:1032A000A9425A6028BF2946714A8B463168126884
:1032B00041F0012141F4800121EA020121F078511D
:1032C0001960DCF8002032B1002400BF0134DCF8C2
:1032D00000209442F9D341F0605241F068541A60E2
:1032E0001C6000BF1A6000BF41F0305241F03854FA
:1032F0001A601C6000BF1A6000BF09F00F0241EAAB
:10330000826242F000741A601C6000BF1A6000BF45
:10331000059A02F00F0241EA826242F000741A60DC
:103320001C6000BF1A6000BF049A02F00F0241EA5D
:10333000826242F000741A601C6000BF1A6000BF15
:10334000029A02F00F0241EA826242F000741A60AF
:103350001C6000BF1A6000BF019A02F00F0241EA30
:10336000826242F000741A601C6000BF1A6000BFE5
:10337000039A41EA826242F000741A601C6000BF46
:103380001A6000BF5A6822F070525A60026862B137
:1033900041F000720024A8461A6000BF196000BF07
:1033A00001340568A542F7D84546BBF1000F47D068
:1033B0000BEB070941F0007407F1FF38CDF804B0BA
:1033C00009F1FF391C6000BFD3F808B0196000BFD5
:1033D0001C6000BF9A68196000BFC2F383624FEAA5
:1033E0009B6B42EA0B1208F8012FC845EAD13268FC
:1033F000DDF804B01A605A6842F07D525A60DEF877
:10340000002032B1002100BF0131DEF800209142DE
:10341000F9D3B5EB0B051ED0DA445F444FEA1A42EC
:103420004FEA1A5905924FEA1A3204924FEA1A22C9
:1034300002924FEA1A1201920AF00F0203922AE74F
:1034400032681A605A6842F07D525A60DEF80020F5
:10345000002AD7D11FE707B0BDE8F08F704700BF43
:103460001CF30220202F002000C00042182F002053
:103470001C2F002024F3022028F3022040EA816060
:10348000074B40F0007218601A6000BF00BF00BF19
:1034900000BF186000BF00BF00BF00BF704700BF83
:1034A00000C0004240EA8160084B40F000721860A2
:1034B0001A6000BF00BF00BF00BF00BF186000BFA0
:1034C00000BF00BF00BF00BF704700BF00C0004288
:1034D00040EA8160094B40F0007218601A6000BF3A
:1034E00000BF00BF00BF00BF00BF186000BF00BF2B
:1034F00000BF00BF00BF00BF704700BF00C0004258
:1035000040EA81600A4B40F0007218601A6000BF08
:1035100000BF00BF00BF00BF00BF00BF186000BFFA
:1035200000BF00BF00BF00BF00BF00BF704700BFAB
:1035300000C0004200B507228E46DFF828C04EFAD0
:1035400002F3013A9B0603F08063034343F00071EA
:10355000CCF80030CCF80010CCF80030531CEED181
:1035600000BD00BF00C00042002A00F08B8013465F
:10357000020C2DE9F04F85B080468946424E0192FB
:103580004FEA102BC2B2414D414C02926268414950
:1035900042F07D52DFF808C1096862603E4A9942F4
:1035A000D2F800A028BF19463C4A4AEA0C0C009108
:1035B00012682CEA020C2CF0785747F0405020603B
:1035C000326842B1002100BF013132688A42FAD824
:1035D000314AD2F800A003210393FFF7ABFF9DF817
:1035E0000410FFF7A7FF5FFA8BF1FFF7A3FF029923
:1035F000FFF7A0FF6268039B22F000626260009AFE
:103600009AB302EB090B47F0485709F1FF3E0BF163
:10361000FF3B08214FF0000C27600139A2682060B1
:10362000C2F3C06242EA4C0CF6D10EF801CFDE457F
:10363000EFD1C4F800A0626842F07D5262602A684F
:103640002AB1002200BF013229688A42FAD3009AC7
:103650009B1A14D0904491444FEA18424FEA182B19
:1036600001925FFA88F2029290E7C4F800A06268C3
:1036700042F07D5262602A68002AE2D186E705B0F6
:10368000BDE8F08F704700BF24F3022028F302202A
:1036900000C00042182F00201CF302201C2F002025
:1036A000000140012DE9F04F85B00192002A00F0A1
:1036B0008780030C80468946484E02934FEA102BC0
:1036C000C3B2474D474C03936368474A43F07D5369
:1036D000DFF824C112686360019B9A4228BF1A4632
:1036E000424BD3F800A0424B4AEA0C0C00921B68F4
:1036F0002CEA030C2CF0785747F0405020603368D8
:1037000043B1002200BF013233689A42FAD3374BEB
:10371000D3F800A00B21FFF70DFF9DF80810FFF76D
:1037200009FF5FFA8BF1FFF705FF0399FFF702FF2F
:10373000636823F0006363602E4B1A683AB147F068
:10374000485100230133216020609342FAD1009B4D
:10375000002B38D0009B47F0485709F1FF3E03EBA0
:10376000090B0BF1FF3B082200212760013AA368F7
:103770002060C3F3C06343EA4101F6D10EF8011F94
:10378000DE45F0D1C4F800A0636843F07D53636068
:103790002B682BB1002300BF01332A689342FAD370
:1037A000DDE90032D21A01920AD0984499444FEAD6
:1037B00018434FEA182B02935FFA88F3039383E7C9
:1037C00005B0BDE8F08FC4F800A0636843F07D53F6
:1037D00063602B68002BDDD176E700BF24F3022065
:1037E00028F3022000C00042182F00201CF3022002
:1037F0001C2F0020282F00200001400100B50722C7
:103800008E46DFF828C04EFA02F39B0603F0806371
:10381000034343F00071CCF80030CCF8001000BF37
:10382000CCF8003000BF013AEDD200BD00C000422C
:10383000002A00F08F801346020C2DE9F04F85B06E
:1038400080468946DFF824A102924FEA102BC2B2CB
:10385000414E424D424C019242496268096842F031
:103860007D529942626028BF1946DAF80020009123
:1038700042F001223C4942F48002096822EA010C2C
:103880002CF0785747F04050206032682AB1002170
:1038900000BF013132689142FAD303210393FFF74D
:1038A000ADFF9DF80810FFF7A9FF5FFA8BF1FFF756
:1038B000A5FF0199FFF7A2FF6268039B22F0006257
:1038C0006260009A002A37D0009A47F0485709F101
:1038D000FF3E02EB090B0BF1FF3B08214FF0000C00
:1038E000276000BFA2682060C2F3C06242EA4C0CAD
:1038F00000BF0139F4D10EF801CFDE45EDD1DAF881
:1039000000202260626842F07D5262602A682AB11B
:10391000002200BF013229688A42FAD3009A9B1A1A
:1039200015D0904491444FEA18424FEA182B029266
:103930005FFA88F201928FE7DAF80020226062686D
:1039400042F07D5262602A68002AE1D184E705B026
:10395000BDE8F08F704700BF24F3022028F3022057
:1039600000C00042182F00201C2F00201CF3022052
:10397000002A00F0AE800B46010C2DE9F04F87B015
:103980008146DFF868A10291010A524F0191C1B24C
:10399000514E524D524C039152486168006841F0BB
:1039A0007D519042616028BF1046DAF800108046D1
:1039B00041F001214C4841F48001006821EA000CEB
:1039C0002CF0785B4BF040502060396839B14FF0F3
:1039D000000C00BF0CF1010C39688C45F9D30B21A8
:1039E000CDE90432FFF70AFF9DF80810FFF706FF44
:1039F0009DF80410FFF702FF0399FFF7FFFE6168CF
:103A000021F0006161603168DDE9043271B14BF091
:103A100048514FF0000C9E46216000BF206000BF5F
:103A20000CF1010C33686345F6D87346B8F1000F0A
:103A300041D04BF0485C194608EB030B03F1FF3E05
:103A400063468C460BF1FF3BCDE901894FF0080836
:103A50004FF00009236000BFA1682060C1F3C0617E
:103A600041EA490900BFB8F10108F3D10EF8019FFE
:103A7000DE45EBD1DAF800106346DDE9018921600B
:103A8000616841F07D516160296829B1002100BF62
:103A9000013128688142FAD3B2EB080216D0C14442
:103AA00043444FEA194102914FEA192101915FFA0B
:103AB00089F1039170E7DAF800102160616841F044
:103AC0007D51616029680029E0D165E707B0BDE854
:103AD000F08F704724F30220282F002028F30220C3
:103AE00000C00042182F00201C2F00201CF30220D1
:103AF00000B507228E46DFF82CC04EFA02F39B0673
:103B000003F08063034343F00071CCF80030CCF83D
:103B1000001000BF00BFCCF8003000BF00BF013A6A
:103B2000EBD200BD00C00042002A00F09180134695
:103B3000020C2DE9F04F85B080468946DFF828A1B8
:103B400001924FEA102BC2B2424E434D434C0292B7
:103B500043496268096842F07D529942626028BF19
:103B60001946DAF80020009142F001223D4942F462
:103B70008002096822EA010C2CF0785747F0405087
:103B8000206032682AB1002100BF013132689142C1
:103B9000FAD303210393FFF7ABFF9DF80410FFF75F
:103BA000A7FF5FFA8BF1FFF7A3FF0299FFF7A0FFD2
:103BB0006268039B22F000626260009A002A39D09A
:103BC000009A47F0485709F1FF3E02EB090B0BF151
:103BD000FF3B08214FF0000C276000BF00BFA26828
:103BE0002060C2F3C06242EA4C0C00BF00BF013942
:103BF000F2D10EF801CFDE45EBD1DAF800202260D9
:103C0000626842F07D5262602A682AB1002200BFD9
:103C1000013229688A42FAD3009A9B1A15D090443F
:103C200091444FEA18424FEA182B01925FFA88F24A
:103C300002928DE7DAF800202260626842F07D523D
:103C400062602A68002AE1D182E705B0BDE8F08F02
:103C5000704700BF24F3022028F3022000C0004276
:103C6000182F00201C2F00201CF30220002A00F037
:103C7000B2800B46010C2DE9F04F87B08146DFF88A
:103C800070A10391010A544F0291C1B2534E544D99
:103C9000544C019154486168006841F07D51904254
:103CA000616028BF1046DAF80010804641F001211B
:103CB0004E4841F48001006821EA000C2CF0785B4A
:103CC0004BF040502060396839B14FF0000C00BF14
:103CD0000CF1010C39688C45F9D30B21CDE9043284
:103CE000FFF706FF9DF80C10FFF702FF9DF8081084
:103CF000FFF7FEFE0199FFF7FBFE616821F000610E
:103D000061603168DDE9043281B14BF048514FF018
:103D1000000C9E46216000BF00BF206000BF00BFB6
:103D20000CF1010C33686345F4D87346B8F1000F09
:103D300043D04BF0485C194608EB030B03F1FF3E00
:103D400063468C460BF1FF3BCDE901894FF0080833
:103D50004FF00009236000BF00BFA1682060C1F3DD
:103D6000C06141EA490900BF00BFB8F10108F1D1C3
:103D70000EF8019FDE45E9D1DAF800106346DDE96F
:103D800001892160616841F07D516160296829B134
:103D9000002100BF013128688142FAD3B2EB08024A
:103DA00016D0C14443444FEA194103914FEA192107
:103DB00002915FFA89F101916CE7DAF80010216055
:103DC000616841F07D51616029680029E0D161E7B7
:103DD00007B0BDE8F08F704724F30220282F0020A1
:103DE00028F3022000C00042182F00201C2F0020C2
:103DF0001CF3022000B507228E46DFF830C04EFAD1
:103E000002F39B0603F08063034343F00071CCF898
:103E10000030CCF8001000BF00BF00BFCCF800306D
:103E200000BF00BF00BF013AE9D200BD00C00042A0
:103E30002DE9F04F85B00092002A65D0030A804634
:103E4000364D040C02938946C3B2354EDFF8E4A028
:103E50000393DAF80420334B42F07D52324819685C
:103E6000324BCAF80420324A1B6812681843009F7C
:103E700020EA02008F4220F0785028BF0F4640F021
:103E80004050CAF800002A683AB1002100BF013151
:103E90002B689942FAD3254B1B6802210193FFF747
:103EA000A9FFE1B2FFF7A6FF9DF80810FFF7A2FFF8
:103EB0000399FFF79FFF019B4FB307EB090401979D
:103EC0009B4609F1FF37013C17F8011FFFF792FFEE
:103ED000A742F9D1019FCAF800B032682AB1002286
:103EE00000BF013233689A42FAD3009BDB1B009378
:103EF0000AD0B844B9444FEA18234FEA1844029351
:103F00005FFA88F30393A4E705B0BDE8F08FCAF821
:103F100000303268002AE2D19BE700BF24F3022080
:103F200028F30220182F0020000140011CF302207A
:103F30001C2F002000C00042002A00F0938013468E
:103F4000020C2DE9F04F85B080468946DFF82CA1A0
:103F500001924FEA102BC2B2434E444D444C0292A0
:103F600044496268096842F07D529942626028BF04
:103F70001946DAF80020009142F001223E4942F44D
:103F80008002096822EA010C2CF0785747F0405073
:103F9000206032682AB1002100BF013132689142AD
:103FA000FAD303210393FFF725FF9DF80410FFF7D1
:103FB00021FF5FFA8BF1FFF71DFF0299FFF71AFF50
:103FC0006268039B22F000626260009A002A3BD084
:103FD000009A47F0485709F1FF3E02EB090B0BF13D
:103FE000FF3B08214FF0000C276000BF00BF00BF5F
:103FF000A2682060C2F3C06242EA4C0C00BF00BF5E
:1040000000BF0139F0D10EF801CFDE45E9D1DAF871
:1040100000202260626842F07D5262602A682AB104
:10402000002200BF013229688A42FAD3009A9B1A03
:1040300015D0904491444FEA18424FEA182B019250
:104040005FFA88F202928BE7DAF800202260626859
:1040500042F07D5262602A68002AE1D180E705B013
:10406000BDE8F08F704700BF24F3022028F3022040
:1040700000C00042182F00201C2F00201CF302203B
:10408000002A00F0B6800B46010C2DE9F04F87B0F6
:104090008146DFF878A10391010A564F0291C1B21F
:1040A000554E564D564C019156486168006841F096
:1040B0007D519042616028BF1046DAF800108046BA
:1040C00041F00121504841F48001006821EA000CD0
:1040D0002CF0785B4BF040502060396839B14FF0DC
:1040E000000C00BF0CF1010C39688C45F9D30B2191
:1040F000CDE90432FFF77EFE9DF80C10FFF77AFE43
:104100009DF80810FFF776FE0199FFF773FE6168CE
:1041100021F0006161603168DDE9043291B14BF05A
:1041200048514FF0000C9E46216000BF00BF00BF09
:10413000206000BF00BF00BF0CF1010C3368634575
:10414000F2D87346B8F1000F45D04BF0485C1946E1
:1041500008EB030B03F1FF3E63468C460BF1FF3B7C
:10416000CDE901894FF008084FF00009236000BF36
:1041700000BF00BFA1682060C1F3C06141EA4909E6
:1041800000BF00BF00BFB8F10108EFD10EF8019FDA
:10419000DE45E7D1DAF800106346DDE901892160E8
:1041A000616841F07D516160296829B1002100BF3B
:1041B000013128688142FAD3B2EB080216D0C1441B
:1041C00043444FEA194103914FEA192102915FFAE2
:1041D00089F1019168E7DAF800102160616841F027
:1041E0007D51616029680029E0D15DE707B0BDE835
:1041F000F08F704724F30220282F002028F302209C
:1042000000C00042182F00201C2F00201CF30220A9
:1042100000B507228E46DFF834C04EFA02F39B0643
:1042200003F08063034343F00071CCF80030CCF816
:10423000001000BF00BF00BF00BFCCF8003000BFBF
:1042400000BF00BF00BF013AE7D200BD00C000427E
:104250002DE9F04F85B00092002A65D0030A804610
:10426000364D040C02938946C3B2354EDFF8E4A004
:104270000393DAF80420334B42F07D523248196838
:10428000324BCAF80420324A1B6812681843009F58
:1042900020EA02008F4220F0785028BF0F4640F0FD
:1042A0004050CAF800002A683AB1002100BF01312D
:1042B0002B689942FAD3254B1B6802210193FFF723
:1042C000A7FFE1B2FFF7A4FF9DF80810FFF7A0FFDA
:1042D0000399FFF79DFF019B4FB307EB090401977B
:1042E0009B4609F1FF37013C17F8011FFFF790FFCC
:1042F000A742F9D1019FCAF800B032682AB1002262
:1043000000BF013233689A42FAD3009BDB1B009353
:104310000AD0B844B9444FEA18234FEA184402932C
:104320005FFA88F30393A4E705B0BDE8F08FCAF8FD
:1043300000303268002AE2D19BE700BF24F302205C
:1043400028F30220182F0020000140011CF3022056
:104350001C2F002000C00042002A00F09580134668
:10436000020C2DE9F04F85B080468946DFF830A178
:1043700001924FEA102BC2B2444E454D454C029279
:1043800045496268096842F07D529942626028BFDF
:104390001946DAF80020009142F001223F4942F428
:1043A0008002096822EA010C2CF0785747F040504F
:1043B000206032682AB1002100BF01313268914289
:1043C000FAD303210393FFF723FF9DF80410FFF7AF
:1043D0001FFF5FFA8BF1FFF71BFF0299FFF718FF32
:1043E0006268039B22F000626260009A002A3DD05E
:1043F000009A47F0485709F1FF3E02EB090B0BF119
:10440000FF3B08214FF0000C276000BF00BF00BF3A
:1044100000BFA2682060C2F3C06242EA4C0C00BF39
:1044200000BF00BF00BF0139EED10EF801CFDE455D
:10443000E7D1DAF800202260626842F07D526260C3
:104440002A682AB1002200BF013229688A42FAD3C1
:10445000009A9B1A15D0904491444FEA18424FEAB3
:10446000182B01925FFA88F2029289E7DAF80020AD
:104470002260626842F07D5262602A68002AE1D1BF
:104480007EE705B0BDE8F08F704700BF24F302203F
:1044900028F3022000C00042182F00201C2F00200B
:1044A0001CF30220002A00F0BA800B46010C2DE913
:1044B000F04F87B08146DFF880A10291010A584F82
:1044C0000191C1B2574E584D584C039158486168FC
:1044D000006841F07D519042616028BF1046DAF8D3
:1044E0000010804641F00121524841F480010068EB
:1044F00021EA000C2CF0785B4BF0405020603968CA
:1045000039B14FF0000C00BF0CF1010C39688C453B
:10451000F9D30B21CDE90432FFF77AFE9DF808109C
:10452000FFF776FE9DF80410FFF772FE0399FFF780
:104530006FFE616821F0006161603168DDE904327D
:10454000A1B14BF048514FF0000C9E46216000BFD6
:1045500000BF00BF00BF206000BF00BF00BF00BFA2
:104560000CF1010C33686345F0D87346B8F1000FC5
:1045700047D04BF0485C194608EB030B03F1FF3EB4
:1045800063468C460BF1FF3BCDE901894FF00808EB
:104590004FF00009236000BF00BF00BF00BFA1684B
:1045A0002060C1F3C06141EA490900BF00BF00BFFC
:1045B00000BFB8F10108EDD10EF8019FDE45E5D14D
:1045C000DAF800106346DDE901892160616841F095
:1045D0007D516160296829B1002100BF013128683F
:1045E0008142FAD3B2EB080216D0C14443444FEAE9
:1045F000194102914FEA192101915FFA89F1039162
:1046000064E7DAF800102160616841F07D51616073
:1046100029680029E0D159E707B0BDE8F08F70475D
:1046200024F30220282F002028F3022000C000429B
:10463000182F00201C2F00201CF3022000B5072299
:104640008E46DFF838C04EFA02F39B0603F0806313
:10465000034343F00071CCF80030CCF8001000BFE9
:1046600000BF00BF00BF00BFCCF8003000BF00BFDC
:1046700000BF00BF00BF013AE5D200BD00C000424C
:104680002DE9F04F85B00092002A65D0030A8046DC
:10469000364D040C02938946C3B2354EDFF8E4A0D0
:1046A0000393DAF80420334B42F07D523248196804
:1046B000324BCAF80420324A1B6812681843009F24
:1046C00020EA02008F4220F0785028BF0F4640F0C9
:1046D0004050CAF800002A683AB1002100BF0131F9
:1046E0002B689942FAD3254B1B6802210193FFF7EF
:1046F000A5FFE1B2FFF7A2FF9DF80810FFF79EFFAC
:104700000399FFF79BFF019B4FB307EB0904019748
:104710009B4609F1FF37013C17F8011FFFF78EFF99
:10472000A742F9D1019FCAF800B032682AB100222D
:1047300000BF013233689A42FAD3009BDB1B00931F
:104740000AD0B844B9444FEA18234FEA18440293F8
:104750005FFA88F30393A4E705B0BDE8F08FCAF8C9
:1047600000303268002AE2D19BE700BF24F3022028
:1047700028F30220182F0020000140011CF3022022
:104780001C2F002000C00042002A00F09780134632
:10479000020C2DE9F04F85B080468946DFF834A140
:1047A00001924FEA102BC2B2454E464D464C029242
:1047B00046496268096842F07D529942626028BFAA
:1047C0001946DAF80020009142F00122404942F4F3
:1047D0008002096822EA010C2CF0785747F040501B
:1047E000206032682AB1002100BF01313268914255
:1047F000FAD303210393FFF721FF9DF80410FFF77D
:104800001DFF5FFA8BF1FFF719FF0299FFF716FF03
:104810006268039B22F000626260009A002A3FD027
:10482000009A47F0485709F1FF3E02EB090B0BF1E4
:10483000FF3B08214FF0000C276000BF00BF00BF06
:1048400000BF00BFA2682060C2F3C06242EA4C0C05
:1048500000BF00BF00BF00BF00BF0139ECD10EF8A0
:1048600001CFDE45E5D1DAF800202260626842F02F
:104870007D5262602A682AB1002200BF0132296895
:104880008A42FAD3009A9B1A15D0904491444FEA79
:1048900018424FEA182B01925FFA88F2029287E7DA
:1048A000DAF800202260626842F07D5262602A6875
:1048B000002AE1D17CE705B0BDE8F08F704700BF6A
:1048C00024F3022028F3022000C00042182F002009
:1048D0001C2F00201CF30220002A00F0BE800B4693
:1048E000010C2DE9F04F87B08146DFF888A10291D5
:1048F000010A5A4F0191C1B2594E5A4D5A4C039177
:104900005A486168006841F07D519042616028BF5B
:104910001046DAF80010804641F00121544841F475
:104920008001006821EA000C2CF0785B4BF04050CD
:104930002060396839B14FF0000C00BF0CF1010C58
:1049400039688C45F9D30B21CDE90432FFF776FEA7
:104950009DF80810FFF772FE9DF80410FFF76EFE39
:104960000399FFF76BFE616821F0006161603168B7
:10497000DDE90432B1B14BF048514FF0000C9E46D6
:10498000216000BF00BF00BF00BF00BF206000BFAC
:1049900000BF00BF00BF00BF0CF1010C33686345CE
:1049A000EED87346B8F1000F49D04BF0485C194679
:1049B00008EB030B03F1FF3E63468C460BF1FF3B14
:1049C000CDE901894FF008084FF00009236000BFCE
:1049D00000BF00BF00BF00BFA1682060C1F3C0617D
:1049E00041EA490900BF00BF00BF00BF00BFB8F1E6
:1049F0000108EBD10EF8019FDE45E3D1DAF8001093
:104A00006346DDE901892160616841F07D516160A3
:104A1000296829B1002100BF013128688142FAD3F9
:104A2000B2EB080216D0C14443444FEA1941029147
:104A30004FEA192101915FFA89F1039160E7DAF8F1
:104A400000102160616841F07D5161602968002992
:104A5000E0D155E707B0BDE8F08F704724F302209E
:104A6000282F002028F3022000C00042182F002029
:104A70001C2F00201CF3022000B507228E46DFF811
:104A80003CC04EFA02F39B0603F08063034343F0FD
:104A90000071CCF80030CCF8001000BF00BF00BFA0
:104AA00000BF00BF00BFCCF8003000BF00BF00BF98
:104AB00000BF00BF00BF013AE3D200BD00C000420A
:104AC0002DE9F04F85B00092002A65D0030A804698
:104AD000364D040C02938946C3B2354EDFF8E4A08C
:104AE0000393DAF80420334B42F07D5232481968C0
:104AF000324BCAF80420324A1B6812681843009FE0
:104B000020EA02008F4220F0785028BF0F4640F084
:104B10004050CAF800002A683AB1002100BF0131B4
:104B20002B689942FAD3254B1B6802210193FFF7AA
:104B3000A3FFE1B2FFF7A0FF9DF80810FFF79CFF6D
:104B40000399FFF799FF019B4FB307EB0904019706
:104B50009B4609F1FF37013C17F8011FFFF78CFF57
:104B6000A742F9D1019FCAF800B032682AB10022E9
:104B700000BF013233689A42FAD3009BDB1B0093DB
:104B80000AD0B844B9444FEA18234FEA18440293B4
:104B90005FFA88F30393A4E705B0BDE8F08FCAF885
:104BA00000303268002AE2D19BE700BF24F30220E4
:104BB00028F30220182F0020000140011CF30220DE
:104BC0001C2F002000C00042002A00F099801346EC
:104BD000020C2DE9F04F85B080468946DFF838A1F8
:104BE00002925FFA80FB020A464E474D474C019203
:104BF00047496268096842F07D529942626028BF65
:104C00001946DAF80020009142F00122414942F4AD
:104C10008002096822EA010C2CF0785747F04050D6
:104C2000206032682AB1002100BF01313268914210
:104C3000FAD303210393FFF71FFF9DF80810FFF736
:104C40001BFF9DF80410FFF717FF5946FFF714FFED
:104C50006268039B22F000626260009A002A41D0E1
:104C6000009A47F0485709F1FF3E02EB090B0BF1A0
:104C7000FF3B08214FF0000C276000BF00BF00BFC2
:104C800000BF00BF00BFA2682060C2F3C06242EA5A
:104C90004C0C00BF00BF00BF00BF00BF00BF013908
:104CA000EAD10EF801CFDE45E3D1DAF80020226028
:104CB000626842F07D5262602A682AB1002200BF19
:104CC000013229688A42FAD3009A9B1A15D090447F
:104CD00091444FEA18425FFA88FB02924FEA182289
:104CE000019285E7DAF800202260626842F07D5286
:104CF00062602A68002AE1D17AE705B0BDE8F08F4A
:104D0000704700BF24F3022028F3022000C00042B5
:104D1000182F00201C2F00201CF30220002A00F076
:104D2000C2800B46010C2DE9F04F87B08146DFF8B9
:104D300090A10191010A5C4F0391C1B25B4E5C4DA1
:104D40005C4C02915C486168006841F07D51904282
:104D5000616028BF1046DAF80010804641F001215A
:104D6000564841F48001006821EA000C2CF0785B81
:104D70004BF040502060396839B14FF0000C00BF53
:104D80000CF1010C39688C45F9D30B21CDE90432C3
:104D9000FFF772FE9DF80410FFF76EFE9DF80C10F1
:104DA000FFF76AFE0299FFF767FE616821F0006174
:104DB00061603168DDE90432C1B14BF048514FF018
:104DC000000C9E46216000BF00BF00BF00BF00BFB7
:104DD00000BF206000BF00BF00BF00BF00BF00BF1A
:104DE0000CF1010C33686345ECD87346B8F1000F41
:104DF0004BD04BF0485C194608EB030B03F1FF3E28
:104E000063468C460BF1FF3BCDE901894FF0080862
:104E10004FF00009236000BF00BF00BF00BF00BF0C
:104E200000BFA1682060C1F3C06141EA490900BF29
:104E300000BF00BF00BF00BF00BFB8F10108E9D14B
:104E40000EF8019FDE45E1D1DAF800106346DDE996
:104E500001892160616841F07D516160296829B153
:104E6000002100BF013128688142FAD3B2EB080269
:104E700016D0C14443444FEA194101914FEA192128
:104E800003915FFA89F102915CE7DAF80010216082
:104E9000616841F07D51616029680029E0D151E7E6
:104EA00007B0BDE8F08F704724F30220282F0020C0
:104EB00028F3022000C00042182F00201C2F0020E1
:104EC0001CF3022000B507228E46DFF840C04EFAE0
:104ED00002F39B0603F08063034343F00071CCF8B8
:104EE0000030CCF8001000BF00BF00BF00BF00BF03
:104EF00000BF00BFCCF8003000BF00BF00BF00BF44
:104F000000BF00BF00BF013AE1D200BD00C00042B7
:104F10002DE9F04F85B00092002A65D0030A804643
:104F2000364D040C02938946C3B2354EDFF8E4A037
:104F30000393DAF80420334B42F07D52324819686B
:104F4000324BCAF80420324A1B6812681843009F8B
:104F500020EA02008F4220F0785028BF0F4640F030
:104F60004050CAF800002A683AB1002100BF013160
:104F70002B689942FAD3254B1B6802210193FFF756
:104F8000A1FFE1B2FFF79EFF9DF80810FFF79AFF1F
:104F90000399FFF797FF019B4FB307EB09040197B4
:104FA0009B4609F1FF37013C17F8011FFFF78AFF05
:104FB000A742F9D1019FCAF800B032682AB1002295
:104FC00000BF013233689A42FAD3009BDB1B009387
:104FD0000AD0B844B9444FEA18234FEA1844029360
:104FE0005FFA88F30393A4E705B0BDE8F08FCAF831
:104FF00000303268002AE2D19BE700BF24F3022090
:1050000028F30220182F0020000140011CF3022089
:105010001C2F002000C00042002A00F09B80134695
:10502000020C2DE9F04F85B080468946DFF83CA19F
:1050300002925FFA80FB020A474E484D484C0192AB
:1050400048496268096842F07D529942626028BF0F
:105050001946DAF80020009142F00122424942F458
:105060008002096822EA010C2CF0785747F0405082
:10507000206032682AB1002100BF013132689142BC
:10508000FAD303210393FFF71DFF9DF80810FFF7E4
:1050900019FF9DF80410FFF715FF5946FFF712FF9F
:1050A0006268039B22F000626260009A002A43D08B
:1050B000009A47F0485709F1FF3E02EB090B0BF14C
:1050C000FF3B08214FF0000C276000BF00BF00BF6E
:1050D00000BF00BF00BF00BFA2682060C2F3C06273
:1050E00042EA4C0C00BF00BF00BF00BF00BF00BFC2
:1050F00000BF0139E8D10EF801CFDE45E1D1DAF881
:1051000000202260626842F07D5262602A682AB103
:10511000002200BF013229688A42FAD3009A9B1A02
:1051200015D0904491444FEA18425FFA88FB0292EE
:105130004FEA1822019283E7DAF8002022606268C1
:1051400042F07D5262602A68002AE1D178E705B01A
:10515000BDE8F08F704700BF24F3022028F302203F
:1051600000C00042182F00201C2F00201CF302203A
:10517000002A00F0C6800B46010C2DE9F04F87B0E5
:105180008146DFF898A10191010A5E4F0391C1B2F7
:105190005D4E5E4D5E4C02915E486168006841F074
:1051A0007D519042616028BF1046DAF800108046B9
:1051B00041F00121584841F48001006821EA000CC7
:1051C0002CF0785B4BF040502060396839B14FF0DB
:1051D000000C00BF0CF1010C39688C45F9D30B2190
:1051E000CDE90432FFF76EFE9DF80410FFF76AFE6A
:1051F0009DF80C10FFF766FE0299FFF763FE6168E9
:1052000021F0006161603168DDE90432D1B14BF019
:1052100048514FF0000C9E46216000BF00BF00BF08
:1052200000BF00BF00BF00BF206000BF00BF00BFC5
:1052300000BF00BF00BF00BF0CF1010C3368634525
:10524000EAD87346B8F1000F4DD04BF0485C1946D0
:1052500008EB030B03F1FF3E63468C460BF1FF3B6B
:10526000CDE901894FF008084FF00009236000BF25
:1052700000BF00BF00BF00BF00BF00BFA16820602B
:10528000C1F3C06141EA490900BF00BF00BF00BFD0
:1052900000BF00BF00BFB8F10108E7D10EF8019FC1
:1052A000DE45DFD1DAF800106346DDE901892160CF
:1052B000616841F07D516160296829B1002100BF1A
:1052C000013128688142FAD3B2EB080216D0C144FA
:1052D00043444FEA194101914FEA192103915FFAC2
:1052E00089F1029158E7DAF800102160616841F015
:1052F0007D51616029680029E0D14DE707B0BDE824
:10530000F08F704724F30220282F002028F302207A
:1053100000C00042182F00201C2F00201CF3022088
:10532000F8B501210746342007240B4E4FF0806565
:1053300014F0FAF805E0C6F88450FDF75BFE013C76
:1053400009D347FA04F3DB07F5D4C6F88850FDF714
:1053500051FE013CF5D2F8BD00C00042044B10B52F
:10536000044640F8103B11F091FB204610BD00BFF1
:10537000882100200A4BDFF838C01B789CF800C059
:10538000022B09D0012B03D0064B53F82C301847C1
:10539000054B53F82C301847044B53F82C30184762
:1053A00040870320241F0020D81E0020701F0020EB
:1053B0000B320020000000002DE9F04F85B0484E70
:1053C0006022202302AD8146D6F800806C462F462D
:1053D000DFF820A1CDE9002354F8042BB9F1570FD1
:1053E000326045D03F490020DAF804B0FFF7C2FF31
:1053F000DAF80430BC42C6F80080A3EB0B0345F892
:10540000043BE9D1DDED027ADDED036AB8EE677B9E
:10541000B8EE666B9FED2C5B37EE466B26EE056BA8
:10542000B5EEC06BF1EE10FA47D92F4B9FED285B1C
:1054300093ED004AA6EE457BB8EE444B9FED263B2C
:1054400094EE037BB0EE475B85EE067BFDEEC77BFB
:1054500017EE900A0028B8BF073020F00700082890
:10546000B8BF08206028A8BF602005B0BDE8F08F55
:1054700072B11E4B1B491B78501803EBC30303EB9F
:10548000C3033B3301F8013B8142A3F16303F9D12C
:10549000174B1878174BD3F804B0174B1B7830B163
:1054A0001649002051F823300E499847A0E71449C7
:1054B00051F823300B4998479AE7102005B0BDE812
:1054C000F08F00BFAFF30080000000000000903FAD
:1054D0000000000000005840C9C7EE022505F63E56
:1054E000182F0020C0360020042F00203E87032004
:1054F00040870320001000E00C320020BC1F002079
:10550000082000202DE9F0411C4F0546D7F8008007
:105510003B68A3EB080399422DD90E46002415F0F1
:10552000D5F9C0B115F018FAC3B20D2B18BF0A2B6C
:105530000CBF0120002005D1002CF0D000232B55FA
:10554000BDE8F081B4F5C77FE9DC2B55013415F0D7
:10555000BDF90028E6D1052013F044FF3B68A3EB1A
:105560000803B342DBD3201E254418BF01200023CB
:105570002B70BDE8F0810020F9E700BF18870320F9
:1055800000B5836C83B08DF807103BB101220DF19B
:105590000701184610F0F4FA03B000BDC06C0028F3
:1055A000FAD001220DF107010FF0B6FB03B000BDE8
:1055B000836C13B1184610F0F3B9C06C08B10FF04A
:1055C000A7BA7047836C13B1184610F0EDB8C06CE1
:1055D00008B10EF0B3BE4FF0FF307047836C53B18B
:1055E000187810F008000DD0D8695B69C01A48BF60
:1055F0006FF000407047C36CA3B193F8310010F016
:10560000080000D17047186919685A69401A5B6828
:1056100062EB0303B0F1004F73F10003F2D36FF0BC
:10562000004070471846EDE7836C13B1184610F040
:10563000A7BAC06C08B10FF06FBB7047836C00B5A0
:1056400083B05BB101220DF1070118460FF0C2FFD4
:1056500001280BD19DF8070003B000BDC06C28B134
:1056600001220DF107010EF09FFDF1E74FF0FF3031
:10567000F2E700BF2DE9F04F89B00192002A00F057
:10568000D180020B8146030D8B460692020A6D4FB4
:105690004FEA104A049202096B4E039200F00F0287
:1056A000DFF8B881694C079305926368684A43F054
:1056B0007D5311686360674B019A18688A42664B94
:1056C00040F0012028BF0A46196840F4800020EA13
:1056D000010020F078552560396839B14FF0000C91
:1056E00000BF0CF1010C3B689C45F9D30E21284604
:1056F0000292FDF7D7FE0B212846FDF7D3FE079B4C
:10570000284603F00F01FDF7CDFE0AF00F012846F1
:10571000FDF7C8FE069B284603F00F01FDF7C2FE09
:10572000049B284603F00F01FDF7BCFE039B2846AF
:1057300003F00F01FDF7B6FE05992846FDF7B2FE0E
:105740006168029A21F0705161603168A1B145F041
:1057500000734FF0000C236000BF00BF00BF00BF0C
:1057600000BF256000BF00BF00BF00BF00BF0CF13D
:10577000010C31686145EED8002A56D002EB0B0AC5
:1057800045F000730BF1FF3C0AF1FF3A236000BFC4
:1057900000BF00BF00BF00BFA068256000BF00BF02
:1057A00000BF00BF00BF236000BF00BF00BF00BF3D
:1057B00000BFA168256000BF00BF00BF00BF00BFE1
:1057C000800EC1F3836141EA00110CF8011FD4453A
:1057D000DCD1204B19682160616841F07D51616026
:1057E000D8F8001031B1002100BF0131D8F80030E5
:1057F0009942F9D3019B9B1A019313D0914493448E
:105800004FEA19534FEA194A07934FEA193306939F
:105810004FEA192304934FEA1913039309F00F0376
:10582000059342E709B0BDE8F08F0A4B1968216083
:10583000616841F07D516160D8F800100029D2D133
:1058400033E700BF24F30220202F002000C00042D5
:10585000182F00201CF302201C2F002028F3022008
:105860002DE9F04F89B00192002A00F0D780020B99
:105870008146030D8B460692020A704F4FEA104A8A
:10588000049202096E4E039200F00F02DFF8C48109
:105890006C4C0793059263686B4A43F07D53116823
:1058A00063606A4B019A18688A42694B40F0012094
:1058B00028BF0A46196840F4800020EA010020F061
:1058C00078552560396839B14FF0000C00BF0CF1F4
:1058D000010C3B689C45F9D30E2128460292FDF746
:1058E000F7FD0B212846FDF7F3FD079B284603F043
:1058F0000F01FDF7EDFD0AF00F012846FDF7E8FD69
:10590000069B284603F00F01FDF7E2FD049B2846A5
:1059100003F00F01FDF7DCFD039B284603F00F01A8
:10592000FDF7D6FD05992846FDF7D2FD6168029A7C
:1059300021F0705161603168B1B145F000734FF0F2
:10594000000C236000BF00BF00BF00BF00BF00BF4E
:10595000256000BF00BF00BF00BF00BF00BF0CF14B
:10596000010C31686145ECD8002A5AD002EB0B0AD1
:1059700045F000730BF1FF3C0AF1FF3A236000BFD2
:1059800000BF00BF00BF00BF00BFA068256000BF10
:1059900000BF00BF00BF00BF00BF236000BF00BF4B
:1059A00000BF00BF00BF00BFA168256000BF00BFEF
:1059B00000BF00BF00BF00BF800EC1F3836141EA9A
:1059C00000110CF8011FD445D8D1204B1968216073
:1059D000616841F07D516160D8F8001031B100215B
:1059E00000BF0131D8F800309942F9D3019B9B1ACE
:1059F000019313D0914493444FEA19534FEA194A43
:105A000007934FEA193306934FEA192304934FEA99
:105A10001913039309F00F0305933CE709B0BDE8A0
:105A2000F08F0A4B19682160616841F07D51616017
:105A3000D8F800100029D2D12DE700BF24F30220AE
:105A4000202F002000C00042182F00201CF302204D
:105A50001C2F002028F302202DE9F04F89B001927D
:105A6000002A00F0DD80020B8146030D8B46069272
:105A7000020A734F4FEA104A04920209714E0392D0
:105A800000F00F02DFF8D0816F4C07930592636836
:105A90006E4A43F07D53116863606D4B019A18683C
:105AA0008A426C4B40F0012028BF0A46196840F436
:105AB000800020EA010020F078552560396839B16E
:105AC0004FF0000C00BF0CF1010C3B689C45F9D372
:105AD0000E2128460292FDF713FD0B212846FDF703
:105AE0000FFD079B284603F00F01FDF709FD0AF0A3
:105AF0000F012846FDF704FD069B284603F00F0121
:105B0000FDF7FEFC049B284603F00F01FDF7F8FCAF
:105B1000039B284603F00F01FDF7F2FC0599284688
:105B2000FDF7EEFC6168029A21F070516160316806
:105B3000C1B145F000734FF0000C236000BF00BFFF
:105B400000BF00BF00BF00BF00BF256000BF00BF97
:105B500000BF00BF00BF00BF00BF0CF1010C3168E7
:105B60006145EAD8002A5ED002EB0B0A45F00073CB
:105B70000BF1FF3C0AF1FF3A236000BF00BF00BFFA
:105B800000BF00BF00BF00BFA068256000BF00BF0E
:105B900000BF00BF00BF00BF00BF236000BF00BF49
:105BA00000BF00BF00BF00BF00BFA168256000BFED
:105BB00000BF00BF00BF00BF00BF00BF800EC1F329
:105BC000836141EA00110CF8011FD445D4D1204B68
:105BD00019682160616841F07D516160D8F800105A
:105BE00031B1002100BF0131D8F800309942F9D31A
:105BF000019B9B1A019313D0914493444FEA19538C
:105C00004FEA194A07934FEA193306934FEA1923CB
:105C100004934FEA1913039309F00F03059336E732
:105C200009B0BDE8F08F0A4B19682160616841F046
:105C30007D516160D8F800100029D2D127E700BF5C
:105C400024F30220202F002000C00042182F002043
:105C50001CF302201C2F002028F302202DE9F84F0E
:105C600007464FF0000B174E174D184CDFF868A091
:105C7000DFF86890DFF868802378154A03EBC303E8
:105C800003EBC3033B3302F8013F5245A3F1630327
:105C9000F9D12A78337862B158F823304FF40052A2
:105CA0000C49584698470BF5005B5F45E4D8BDE8C2
:105CB000F88F59F823304FF4005206495846984758
:105CC000F1E700BF0C320020408703203E8703200D
:105CD000BF360020C0360020BF560020082000201C
:105CE000BC1F0020002A00F00B81030C84462DE924
:105CF000F04F85B00C464FEA105900F00F070393A0
:105D0000030B1646DFF810820293030A7D490193C4
:105D100003097D4800937D4B5A687D4D42F07D52CA
:105D2000D5F800E05A607B4AB645D8F800501268B2
:105D300028BFB64642F0012242F4800222EA050260
:105D400022F078521A600D683DB14FF0000A00BF92
:105D50000AF1010A0D68AA45F9D342F0406A42F0FF
:105D6000606BC3F800A0C3F800B000BF00BFC3F869
:105D700000A000BF00BF42F0005A42F0085BC3F829
:105D800000A0C3F800B000BF00BFC3F800A000BF70
:105D900000BF09F00F0A42EA8A6A4AF0007BC3F8A2
:105DA00000A0C3F800B000BF00BFC3F800A000BF50
:105DB00000BF039D05F00F0A42EA8A6A4AF0007BA1
:105DC000C3F800A0C3F800B000BF00BFC3F800A034
:105DD00000BF00BF029D05F00F0A42EA8A6A4AF03E
:105DE000007BC3F800A0C3F800B000BF00BFC3F839
:105DF00000A000BF00BF019D05F00F0A42EA8A6AB9
:105E00004AF0007BC3F800A0C3F800B000BF00BF99
:105E1000C3F800A000BF00BF009D05F00F0A42EAD2
:105E20008A6A4AF0007BC3F800A0C3F800B000BF44
:105E300000BFC3F800A000BF00BF42EA876A4AF073
:105E4000007BC3F800A0C3F800B000BF00BFC3F8D8
:105E500000A000BF00BFBEF1000F47D00EEB040A48
:105E600004F1FF390AF1FF3A19F8017F3F0942EACC
:105E7000876747F0007B1F60C3F800B000BF00BF1A
:105E80001F6000BF00BF99F8007007F00F0742EADB
:105E9000876747F0007B1F60C3F800B000BF00BFFA
:105EA0001F6000BF00BFD145DED11A4A12681A60D8
:105EB00002682AB1002700BF013702689742FAD36F
:105EC000B6EB0E0619D0F44474444FEA1C420CF0B1
:105ED0000F074FEA1C5903924FEA1C3202924FEA15
:105EE0001C2201924FEA1C12009215E7094A12681F
:105EF0001A600268002ADDD10EE705B0BDE8F08F18
:105F0000704700BF24F3022028F3022000C00042A3
:105F1000182F00201CF302201C2F0020002A00F064
:105F20001C81030CDFF848C22DE9F04F87B04FEA1F
:105F300010198246040D0493030B0F46874E0393FA
:105F4000030ADFF830E21546019300F00F0384489E
:105F50000293844B84495A68096842F07D52A942F1
:105F60005A6028BF2946814A8B463168126841F041
:105F7000012141F4800121EA020121F078511960E8
:105F8000DCF8002042B14FF0000800BF08F1010822
:105F9000DCF800209045F8D341F0605241F0685899
:105FA0001A60C3F8008000BF00BF1A6000BF00BFC6
:105FB00041F0305241F038581A60C3F8008000BFF9
:105FC00000BF1A6000BF00BF04F00F0241EA826206
:105FD00042F000781A60C3F8008000BF00BF1A606A
:105FE00000BF00BF049A02F00F0241EA826242F051
:105FF00000781A60C3F8008000BF00BF1A6000BFBD
:1060000000BF039A02F00F0241EA826242F0007878
:106010001A60C3F8008000BF00BF1A6000BF00BF55
:10602000019A02F00F0241EA826242F000781A609F
:10603000C3F8008000BF00BF1A6000BF00BF09F0B6
:106040000F0241EA826242F000781A60C3F80080D1
:1060500000BF00BF1A6000BF00BF029A41EA82621F
:1060600042F000781A60C3F8008000BF00BF1A60D9
:1060700000BF00BF5A6822F070525A60026882B1B5
:1060800041F000724FF0000805941A6000BF00BF95
:10609000196000BF00BF08F1010804684445F4D846
:1060A000059CBBF1000F4AD00BEB070941F00074CF
:1060B00007F1FF38CDF804B009F1FF391C6000BFCB
:1060C00000BFD3F808B0196000BF00BF1C6000BF5C
:1060D00000BF9A68196000BF00BF4FEA9B6BC2F314
:1060E000836242EA0B1208F8012FC845E6D13268F4
:1060F000DDF804B01A605A6842F07D525A60DEF84A
:10610000002032B1002100BF0131DEF800209142B1
:10611000F9D3B5EB0B051DD0DA445F444FEA1A42C0
:106120004FEA1A5404924FEA1A324FEA1A190392AC
:106130004FEA1A2201920AF00F0202920AE732682D
:106140001A605A6842F07D525A60DEF80020002A38
:10615000D8D1FFE607B0BDE8F08F70471CF30220EE
:10616000202F002000C00042182F00201C2F0020EC
:1061700024F3022028F30220002A00F0BD80030D42
:106180002DE9F04F87B0914607468A460593030CE8
:106190005A4A0493030B5A4D0393030A594E019331
:1061A0000309594C009300F00F030293574B6168A9
:1061B000186841F07D51564B4845616028BF4846FC
:1061C00019688046106840F0012040F4800020EA01
:1061D000010020F0785BC4F800B0296839B14FF0B5
:1061E000000C00BF0CF1010C2B689C45F9D3032176
:1061F0005846FDF757F908215846FDF753F9059B16
:10620000584603F00F01FDF74DF9049B584603F083
:106210000F01FDF747F9039B584603F00F01FDF707
:1062200041F9019B584603F00F01FDF73BF9009B34
:10623000584603F00F01FDF735F902995846FDF76E
:1062400031F92E4AB8F1000F4DD008EB0A0E0AF1D1
:10625000FF3C0EF1FF3E1CF8013F1B094BEA836334
:1062600043F000712360216000BF00BF00BF00BF8A
:1062700000BF236000BF00BF00BF00BF00BF9CF88D
:10628000003003F00F034BEA836343F00071236097
:10629000216000BF00BF00BF00BF00BF236000BF80
:1062A00000BF00BF00BF00BFF445D4D1116821601A
:1062B000316829B1002100BF013133689942FAD316
:1062C000B9EB080915D04744C2443B0D05933B0C7C
:1062D00004933B0B03933B0A01933B09009307F0A4
:1062E0000F03029362E71168216031680029E1D150
:1062F0005CE707B0BDE8F08F704700BF1CF30220D9
:1063000024F3022028F3022000C00042182F0020AE
:106310001C2F0020002A7ED0030C2DE9F04F85B001
:106320008046894693460393030A3B4E0293C3B2C9
:106330003A4D3B4C019363683A4A43F07D533A48E7
:1063400012686360394B5A45D3F800A028BF5A46FB
:10635000374B4AEA000017461B6820EA030020F08A
:10636000785040F040502060336843B1002200BFB5
:10637000013233689A42FAD32C4BD3F800A00221A1
:10638000FDF7D8F89DF80C10FDF7D4F89DF808102B
:10639000FDF7D0F80199FDF7CDF89FB307EB090E93
:1063A00009F1FF3101970EF1FF3E11F801CF0722ED
:1063B0004CFA02F3013A9B0603F08063034343F077
:1063C0000077236027602360531CF1D17145ECD125
:1063D000019FC4F800A02B682BB1002300BF01333C
:1063E0002A689342FAD3BBEB070B11D0B844B944E7
:1063F0004FEA184303934FEA182302935FFA88F396
:10640000019398E7C4F800A02B68002BE5D192E730
:1064100005B0BDE8F08F704724F3022028F3022076
:1064200000C00042182F0020000140011CF3022090
:106430001C2F0020002A00F0C180030D2DE9F04F31
:1064400087B0914607468A460593030C5C4A04933D
:10645000030B5C4D0393030A5B4E019303095B4CF2
:10646000009300F00F030293594B6168186841F0E4
:106470007D51584B4845616028BF484619688046A1
:10648000106840F0012040F4800020EA010020F074
:10649000785BC4F800B0296839B14FF0000C00BF38
:1064A0000CF1010C2B689C45F9D303215846FDF7EC
:1064B0000FF808215846FDF70BF8059B584603F0E6
:1064C0000F01FDF705F8049B584603F00F01FCF798
:1064D000FFFF039B584603F00F01FCF7F9FF019BF8
:1064E000584603F00F01FCF7F3FF009B584603F0FA
:1064F0000F01FCF7EDFF02995846FCF7E9FF304A1F
:10650000B8F1000F51D008EB0A0E0AF1FF3C0EF172
:10651000FF3E1CF8013F1B094BEA836343F0007107
:106520002360216000BF00BF00BF00BF00BF00BFED
:10653000236000BF00BF00BF00BF00BF00BF9CF8CA
:10654000003003F00F034BEA836343F000712360D4
:10655000216000BF00BF00BF00BF00BF00BF2360BD
:1065600000BF00BF00BF00BF00BF00BFF445D0D1D7
:1065700011682160316829B1002100BF0131336801
:106580009942FAD3B9EB080915D04744C2443B0DF0
:1065900005933B0C04933B0B03933B0A01933B098C
:1065A000009307F00F0302935EE7116821603168E2
:1065B0000029E1D158E707B0BDE8F08F704700BF70
:1065C0001CF3022024F3022028F3022000C0004222
:1065D000182F00201C2F00202DE9F04F8BB00192C6
:1065E000002A00F0CB80030D8A468446684909934F
:1065F000030CDFF8B0B10893030B0793030A05936C
:106600000309049300F00F030693624B5A68624833
:1066100042F07D52614C00685A60019A24689042B1
:1066200028BF10465E4A1268029242F0012242F4EC
:10663000800222EA040222F078521A600C6844B107
:10664000002500BF01350C68A542FAD3544C2468DC
:106650000294099C42F0406942F0005804F00F0E89
:10666000089C04F00F07079C42EA8E6E04F00F06A8
:10667000059C42EA876704F00F05049C42EA86669F
:1066800004F00F0442EA856542EA8464039442F010
:106690006064C3F800901C60C3F8009042F0085991
:1066A000C3F80080C3F80090C3F800804EF0007873
:1066B000C3F800E0C3F80080C3F800E047F0007EB4
:1066C0001F60C3F800E01F6046F000771E60039C67
:1066D0001F601E6045F000761D601E601D6044F066
:1066E00000751C601D601C60069C42EA846444F0D6
:1066F00000751C601D601C60002842D000EB0A067B
:106700000AF1FF35013E15F8014F2409B54242EA6E
:10671000846444F000771C601F601C602C7804F0D7
:106720000F0442EA846444F000771C601F601C6020
:10673000E9D1029A1A60DBF8002032B1002200BFD2
:106740000132DBF80040A242F9D3019A121A0192F9
:1067500014D0844482444FEA1C5209924FEA1C42EE
:1067600008924FEA1C3207924FEA1C2205924FEA28
:106770001C1204920CF00F02069247E70BB0BDE822
:10678000F08F029A1A60DBF80020002AD6D13DE78C
:1067900024F3022000C00042182F00201C2F0020EC
:1067A0001CF3022028F30220002A00F0C580030D0C
:1067B0002DE9F04F87B0914607468A460593030CB2
:1067C0005E4A0493030B5E4D0393030A5D4E0193EF
:1067D00003095D4C009300F00F0302935B4B61686B
:1067E000186841F07D515A4B4845616028BF4846C2
:1067F00019688046106840F0012040F4800020EACB
:10680000010020F0785BC4F800B0296839B14FF07E
:10681000000C00BF0CF1010C2B689C45F9D303213F
:106820005846FCF76DFE08215846FCF769FE059BAB
:10683000584603F00F01FCF763FE049B584603F033
:106840000F01FCF75DFE039B584603F00F01FCF7B8
:1068500057FE019B584603F00F01FCF751FE009BC9
:10686000584603F00F01FCF74BFE02995846FCF71F
:1068700047FE324AB8F1000F55D008EB0A0E0AF174
:10688000FF3C0EF1FF3E1CF8013F1B094BEA8363FE
:1068900043F000712360216000BF00BF00BF00BF54
:1068A00000BF00BF00BF236000BF00BF00BF00BF2C
:1068B00000BF00BF00BF9CF8003003F00F034BEA9D
:1068C000836343F000712360216000BF00BF00BFFD
:1068D00000BF00BF00BF00BF236000BF00BF00BFFC
:1068E00000BF00BF00BF00BFF445CCD111682160DC
:1068F000316829B1002100BF013133689942FAD3D0
:10690000B9EB080915D04744C2443B0D05933B0C35
:1069100004933B0B03933B0A01933B09009307F05D
:106920000F0302935AE71168216031680029E1D111
:1069300054E707B0BDE8F08F704700BF1CF302209A
:1069400024F3022028F3022000C00042182F002068
:106950001C2F0020002A00F08180030C2DE9F04F4D
:1069600085B08046894693460293030ADFF808A162
:106970000193C3B23A4E3B4D3B4C039363683B4A91
:1069800043F07D533A4812686360DAF800305A45A4
:1069900043EA0000374B28BF5A461B68174620EAD7
:1069A000030020F0785040F04050206033682BB155
:1069B000002200BF013233689A42FAD30221FCF769
:1069C0001DFF9DF80810FCF719FF9DF80410FCF757
:1069D00015FF0399FCF712FF002F35D007EB090EC6
:1069E00009F1FF3101970EF1FF3E11F801CF0722A7
:1069F0004CFA02F39B0603F08063034343F00077F5
:106A00002360276000BF236000BF013AF0D27145C8
:106A1000EBD1DAF80030019F23602B682BB1002303
:106A200000BF01332A689342FAD3BBEB070B12D0A5
:106A3000B844B9444FEA184302934FEA182301932C
:106A40005FFA88F3039399E7DAF8003023602B6844
:106A5000002BE4D192E705B0BDE8F08F704700BF8E
:106A600024F3022028F3022000C00042182F002047
:106A7000000140011C2F00201CF30220002A00F01E
:106A80001F81030B84462DE9F04F85B00C464FEA79
:106A9000105816460393030A4FEA1049894D019393
:106AA00003098949009300F00F0388480293884B3B
:106AB0005A68884F42F07D52D7F800E05A602A6841
:106AC000B645854F42F0012228BFB6463F6842F4E2
:106AD000800222EA070222F078521A600F683FB162
:106AE0004FF0000A00BF0AF1010A0F68BA45F9D356
:106AF00042F0406A42F0606BC3F800A0C3F800B0F7
:106B000000BF00BF00BFC3F800A000BF00BF00BFB0
:106B100042F0005A42F0085BC3F800A0C3F800B08E
:106B200000BF00BF00BFC3F800A000BF00BF00BF90
:106B300008F00F0A42EA8A6A4AF0007BC3F800A014
:106B4000C3F800B000BF00BF00BFC3F800A000BF83
:106B500000BF00BF09F00F0A42EA8A6A4AF0007BD0
:106B6000C3F800A0C3F800B000BF00BF00BFC3F867
:106B700000A000BF00BF00BF039F07F00F0A42EA5A
:106B80008A6A4AF0007BC3F800A0C3F800B000BFD7
:106B900000BF00BFC3F800A000BF00BF00BF019F3F
:106BA00007F00F0A42EA8A6A4AF0007BC3F800A0A5
:106BB000C3F800B000BF00BF00BFC3F800A000BF13
:106BC00000BF00BF009F07F00F0A42EA8A6A4AF03E
:106BD000007BC3F800A0C3F800B000BF00BF00BF37
:106BE000C3F800A000BF00BF00BF029F42EA876A4F
:106BF0004AF0007BC3F800A0C3F800B000BF00BF9C
:106C000000BFC3F800A000BF00BF00BFBEF1000F6F
:106C10004DD00EEB040A04F1FF3990460AF1FF3A19
:106C200019F8012F120948EA826242F0007B1A60CB
:106C3000C3F800B000BF00BF00BF1A6000BF00BFB4
:106C400000BF99F8002002F00F0248EA826242F089
:106C5000007B1A60C3F800B000BF00BF00BF1A601D
:106C600000BF00BF00BFD145DAD12A681A600268B0
:106C70003AB14FF0000800BF08F1010802689045E2
:106C8000F9D3B6EB0E0618D0F44474444FEA1C3224
:106C90004FEA1C5803924FEA1C224FEA1C4901920A
:106CA0004FEA1C1200920CF00F02029200E72A68D1
:106CB0001A600268002ADCD1FAE605B0BDE8F08F60
:106CC000704700BF1CF3022024F3022028F30220A7
:106CD00000C00042182F00201C2F00202DE9F84F83
:106CE00000248246DFF88C90DFF88C8026461B4F0C
:106CF0001B4DDFF888B099F8003098F80020022B7F
:106D000021D0012B28D05BF8223030464FF40052BE
:106D1000144998473B78144A03EBC30303EBC303BE
:106D20003B33DBB212F8010FA3F163019842CBB2FF
:106D300018BF0134AA42F5D106F50056B245DAD89B
:106D40002046BDE8F88F094B53F8223030464FF407
:106D5000005204499847DDE7054BF5E73E870320DD
:106D6000BF560020C0360020BF360020701F002014
:106D7000D81E0020408703200B320020241F002053
:106D8000002A00F02881030DDFF860C22DE9F04FE2
:106D900087B000F00F0982460F460593030C8E4E14
:106DA00015460493030BDFF848E20393030A0293AA
:106DB00003098A4801938A4B8A495A68096842F054
:106DC0007D52A9425A6028BF2946874A8B463168BE
:106DD000126841F0012141F4800121EA020121F011
:106DE00078511960DCF8002032B1002400BF013472
:106DF000DCF800209442F9D341F0605241F068542D
:106E00001A601C6000BF00BF00BF1A6000BF00BF57
:106E100000BF41F0305241F038541A601C6000BF8E
:106E200000BF00BF1A6000BF00BF00BF059A02F09C
:106E30000F0241EA826242F000741A601C6000BFD7
:106E400000BF00BF1A6000BF00BF00BF049A02F07D
:106E50000F0241EA826242F000741A601C6000BFB7
:106E600000BF00BF1A6000BF00BF00BF039A02F05E
:106E70000F0241EA826242F000741A601C6000BF97
:106E800000BF00BF1A6000BF00BF00BF029A02F03F
:106E90000F0241EA826242F000741A601C6000BF77
:106EA00000BF00BF1A6000BF00BF00BF019A02F020
:106EB0000F0241EA826242F000741A601C6000BF57
:106EC00000BF00BF1A6000BF00BF00BF41EA896277
:106ED00042F000741A601C6000BF00BF00BF1A605F
:106EE00000BF00BF00BF5A6822F070525A600268AB
:106EF00082B141F000720024A8461A6000BF00BFB2
:106F000000BF196000BF00BF00BF01340568A54283
:106F1000F3D84546BBF1000F4FD00BEB070941F00A
:106F2000007407F1FF38CDF804B009F1FF391C6097
:106F300000BF00BF00BFD3F808B0196000BF00BF9A
:106F400000BF1C6000BF00BF00BF9A68196000BF8F
:106F500000BF00BF4FEA9B6BC2F3836242EA0B1291
:106F600008F8012FC845E2D13268DDF804B01A6094
:106F70005A6842F07D525A60DEF8002032B100219A
:106F800000BF0131DEF800209142F9D3B5EB0B05CB
:106F90001ED0DA445F444FEA1A520AF00F090592F4
:106FA0004FEA1A4204924FEA1A3203924FEA1A2227
:106FB00002924FEA1A120192FEE632681A605A688B
:106FC00042F07D525A60DEF80020002AD7D1F3E665
:106FD00007B0BDE8F08F70471CF30220202F00207F
:106FE00000C00042182F00201C2F002024F3022094
:106FF00028F30220002A00F08380030C2DE9F04FD3
:1070000085B08046894693460293030ADFF80CA1B7
:107010000193C3B23B4E3C4D3C4C039363683C4AE6
:1070200043F07D533B4812686360DAF800305A45FC
:1070300043EA0000384B28BF5A461B68174620EA2F
:10704000030020F0785040F04050206033682BB1AE
:10705000002200BF013233689A42FAD30221FCF7C2
:1070600047FD9DF80810FCF743FD9DF80410FCF760
:107070003FFD0399FCF73CFD002F37D007EB090ECD
:1070800009F1FF3101970EF1FF3E11F801CF072200
:107090004CFA02F39B0603F08063034343F000774E
:1070A0002360276000BF00BF236000BF00BF013A1C
:1070B000EED27145E9D1DAF80030019F23602B68E8
:1070C0002BB1002300BF01332A689342FAD3BBEBF4
:1070D000070B12D0B844B9444FEA184302934FEA61
:1070E000182301935FFA88F3039397E7DAF80030E7
:1070F00023602B68002BE4D190E705B0BDE8F08F4A
:10710000704700BF24F3022028F3022000C0004291
:10711000182F0020000140011C2F00201CF302202A
:1071200000B507228E46DFF844C04EFA02F39B06F4
:1071300003F08063034343F00071CCF80030CCF8D7
:10714000001000BF00BF00BF00BF00BF00BF00BFF6
:1071500000BFCCF8003000BF00BF00BF00BF00BFC1
:1071600000BF00BF00BF013ADFD200BD00C0004237
:10717000002A00F091800B46010C2DE9F04F934658
:1071800083B08046454A00915946454E9B464FEA9A
:10719000102A444D5FFA80F9434C0B46434861681E
:1071A000006841F07D519842616028BF184611681F
:1071B00007463F4808433F49096820EA010020F09C
:1071C000785040F040502060316839B14FF0000CE9
:1071D00000BF0CF1010C31688C45F9D302210193F9
:1071E000FFF79EFF9DF80010FFF79AFF5FFA8AF104
:1071F000FFF796FF4946FFF793FF284A019B002FB0
:1072000041D007EB0B090BF1FF3E8246009709F1D5
:10721000FF391EF801CF07274CFA07F1890601F064
:10722000806141EA0A0141F000702160206000BFE6
:1072300000BF00BF00BF00BF00BF00BF00BF216094
:1072400000BF00BF00BF00BF00BF00BF00BF00BF46
:10725000013FE1D2CE45DCD11168009F2160296851
:1072600029B1002100BF013128688142FAD3DB1B1C
:107270000FD0B844BB444FEA18414FEA182A5FFACE
:1072800088F900918AE71168216029680029E8D10E
:1072900084E703B0BDE8F08F704700BF1CF3022005
:1072A00024F3022028F3022000C00042182F0020FF
:1072B000000140011C2F0020002A00F09D80134691
:1072C000020C2DE9F04F85B080468946DFF840A1D9
:1072D00002925FFA80FB020A484E494D494C0192E6
:1072E00049496268096842F07D529942626028BF4C
:1072F0001946DAF80020009142F00122434942F495
:107300008002096822EA010C2CF0785747F04050BF
:10731000206032682AB1002100BF013132689142F9
:10732000FAD303210393FFF7FBFE9DF80810FFF744
:10733000F7FE9DF80410FFF7F3FE5946FFF7F0FE45
:107340006268039B22F000626260009A002A45D0C6
:10735000009A47F0485709F1FF3E02EB090B0BF189
:10736000FF3B08214FF0000C276000BF00BF00BFAB
:1073700000BF00BF00BF00BF00BFA2682060C2F313
:10738000C06242EA4C0C00BF00BF00BF00BF00BF9C
:1073900000BF00BF00BF0139E6D10EF801CFDE45C6
:1073A000DFD1DAF800202260626842F07D5262602C
:1073B0002A682AB1002200BF013229688A42FAD322
:1073C000009A9B1A15D0904491444FEA18425FFAF4
:1073D00088FB02924FEA1822019281E7DAF8002036
:1073E0002260626842F07D5262602A68002AE1D120
:1073F00076E705B0BDE8F08F704700BF24F30220A8
:1074000028F3022000C00042182F00201C2F00206B
:107410001CF30220002A00F0CA800B46010C2DE963
:10742000F04F87B08146DFF8A0A10391010A604FB9
:107430000291C1B25F4E604D604C0191604861683D
:10744000006841F07D519042616028BF1046DAF833
:107450000010804641F001215A4841F48001006843
:1074600021EA000C2CF0785B4BF04050206039682A
:1074700039B14FF0000C00BF0CF1010C39688C459C
:10748000F9D30B21CDE90432FFF74AFE9DF80C1029
:10749000FFF746FE9DF80810FFF742FE0199FFF73F
:1074A0003FFE616821F0006161603168DDE904320E
:1074B000E1B14BF048514FF0000C9E46216000BFF7
:1074C00000BF00BF00BF00BF00BF00BF00BF206003
:1074D00000BF00BF00BF00BF00BF00BF00BF00BFB4
:1074E0000CF1010C33686345E8D87346B8F1000F1E
:1074F0004FD04BF0485C194608EB030B03F1FF3EFD
:1075000063468C460BF1FF3BCDE901894FF008083B
:107510004FF00009236000BF00BF00BF00BF00BFE5
:1075200000BF00BF00BFA1682060C1F3C06141EA95
:10753000490900BF00BF00BF00BF00BF00BF00BFC0
:1075400000BFB8F10108E5D10EF8019FDE45DDD19D
:10755000DAF800106346DDE901892160616841F0D5
:107560007D516160296829B1002100BF013128687F
:107570008142FAD3B2EB080216D0C14443444FEA29
:10758000194103914FEA192102915FFA89F10191A2
:1075900054E7DAF800102160616841F07D516160C4
:1075A00029680029E0D149E707B0BDE8F08F7047AE
:1075B00024F30220282F002028F3022000C00042DC
:1075C000182F00201C2F00201CF3022000B50722DA
:1075D0008E46DFF848C04EFA02F39B0603F0806344
:1075E000034343F00071CCF80030CCF8001000BF2A
:1075F00000BF00BF00BF00BF00BF00BF00BF00BF93
:10760000CCF8003000BF00BF00BF00BF00BF00BF0C
:1076100000BF00BF00BF013ADDD200BD00C0004284
:107620002DE9F04F85B00092002A65D0030A80460C
:10763000364D040C02938946C3B2354EDFF8E4A000
:107640000393DAF80420334B42F07D523248196834
:10765000324BCAF80420324A1B6812681843009F54
:1076600020EA02008F4220F0785028BF0F4640F0F9
:107670004050CAF800002A683AB1002100BF013129
:107680002B689942FAD3254B1B6802210193FFF71F
:107690009DFFE1B2FFF79AFF9DF80810FFF796FFF4
:1076A0000399FFF793FF019B4FB307EB0904019781
:1076B0009B4609F1FF37013C17F8011FFFF786FFD2
:1076C000A742F9D1019FCAF800B032682AB100225E
:1076D00000BF013233689A42FAD3009BDB1B009350
:1076E0000AD0B844B9444FEA18234FEA1844029329
:1076F0005FFA88F30393A4E705B0BDE8F08FCAF8FA
:1077000000303268002AE2D19BE700BF24F3022058
:1077100028F30220182F0020000140011CF3022052
:107720001C2F002000C000422DE9F04F85B00192CF
:10773000002A00F08E800B468146C1B24B4A4C4F66
:107740004FEA104B4FEA102A4A4E4B4C02916168A7
:107750004A4841F07D514A4D00686160019981427B
:1077600028BF0146884611680D434649096825EA45
:10777000010525F0785545F040502060396839B151
:107780004FF0000C00BF0CF1010C39688C45F9D3A7
:1077900003210393FFF71AFF5FFA8BF1FFF716FF40
:1077A0005FFA8AF1FFF712FF0299FFF70FFF616896
:1077B0002E4A21F00061039B6160B8F1000F4BD0AD
:1077C00008EB030B45F0485503F1FF3A0BF1FF3B83
:1077D0004FF0080C4FF0000E256000BF00BF00BF47
:1077E00000BF00BF00BF00BF00BF00BFA168206096
:1077F000C1F3C06141EA4E0E00BF00BF00BF00BF31
:1078000000BF00BF00BF00BF00BFBCF1010CE3D14F
:107810000AF801EFDA45DBD111682160616841F0B7
:107820007D516160316829B1002100BF01313068AC
:107830008142FAD30199B1EB0801019109D0C14409
:1078400043445FFA89F14FEA194B4FEA192A029132
:107850007DE705B0BDE8F08F11682160616841F0F7
:107860007D51616031680029DED170E71CF3022090
:1078700024F3022028F3022000C00042182F002029
:10788000000140011C2F0020002A00F0CE800B4692
:10789000010C2DE9F04F87B08146DFF8A8A10391D4
:1078A000010A624F0291C1B2614E624D624C019178
:1078B00062486168006841F07D519042616028BF74
:1078C0001046DAF80010804641F001215C4841F48E
:1078D0008001006821EA000C2CF0785B4BF04050EE
:1078E0002060396839B14FF0000C00BF0CF1010C79
:1078F00039688C45F9D30B21CDE90432FFF766FED8
:107900009DF80C10FFF762FE9DF80810FFF75EFE71
:107910000199FFF75BFE616821F0006161603168E9
:10792000DDE90432F1B14BF048514FF0000C9E46B6
:10793000216000BF00BF00BF00BF00BF00BF00BF8D
:1079400000BF00BF206000BF00BF00BF00BF00BF7E
:1079500000BF00BF00BF00BF0CF1010C33686345DE
:10796000E6D87346B8F1000F51D04BF0485C194689
:1079700008EB030B03F1FF3E63468C460BF1FF3B24
:10798000CDE901894FF008084FF00009236000BFDE
:1079900000BF00BF00BF00BF00BF00BF00BF00BFEF
:1079A000A1682060C1F3C06141EA490900BF00BF7E
:1079B00000BF00BF00BF00BF00BF00BF00BFB8F1E5
:1079C0000108E3D10EF8019FDE45DBD1DAF80010A3
:1079D0006346DDE901892160616841F07D516160A4
:1079E000296829B1002100BF013128688142FAD3FA
:1079F000B2EB080216D0C14443444FEA1941039147
:107A00004FEA192102915FFA89F1019150E7DAF802
:107A100000102160616841F07D5161602968002992
:107A2000E0D145E707B0BDE8F08F704724F30220AE
:107A3000282F002028F3022000C00042182F002029
:107A40001C2F00201CF30220002A00F0F380030A00
:107A500084462DE9F04F85B00C46070D164602937B
:107A600003094FEA10487449019300F00F034FEAED
:107A7000103972480393724B5A68724D42F07D522E
:107A8000D5F800E05A60704AB645704D126828BFBC
:107A9000B6462D6842F0012242F4800222EA050235
:107AA00022F078521A600D683DB14FF0000A00BF15
:107AB0000AF1010A0D68AA45F9D342F0406A42F082
:107AC000606BC3F800A0C3F800B000BFC3F800A00B
:107AD00000BF42F0005A42F0085BC3F800A0C3F8B0
:107AE00000B000BFC3F800A000BF07F00F0A42EAD1
:107AF0008A6A4AF0007BC3F800A0C3F800B000BF58
:107B0000C3F800A000BF08F00F0A42EA8A6A4AF0F0
:107B1000007BC3F800A0C3F800B000BFC3F800A00A
:107B200000BF09F00F0A42EA8A6A4AF0007BC3F8F4
:107B300000A0C3F800B000BFC3F800A000BF029DC2
:107B400005F00F0A42EA8A6A4AF0007BC3F800A0F7
:107B5000C3F800B000BFC3F800A000BF019D05F04E
:107B60000F0A42EA8A6A4AF0007BC3F800A0C3F811
:107B700000B000BFC3F800A000BF039D42EA856AC1
:107B80004AF0007BC3F800A0C3F800B000BFC3F800
:107B900000A000BFBEF1000F42D00EEB040904F1BB
:107BA000FF3809F1FF3918F8017F3F0942EA87677A
:107BB00047F0007A1F60C3F800A000BF1F6000BF3D
:107BC00098F8007007F00F0742EA876747F0007ADD
:107BD0001F60C3F800A000BF1F6000BFC845E2D10E
:107BE000194A12681A6002682AB1002700BF0137DB
:107BF00002689742FAD3B6EB0E0618D0F4447444E8
:107C00004FEA1C224FEA1C5702924FEA1C124FEA1D
:107C10001C4801920CF00F024FEA1C3903922BE72B
:107C2000094A12681A600268002ADED124E705B00A
:107C3000BDE8F08F704700BF24F3022028F3022034
:107C400000C00042182F00201CF302201C2F00202F
:107C500000B507228E46DFF84CC04EFA02F39B06B1
:107C600003F08063034343F00071CCF80030CCF89C
:107C7000001000BF00BF00BF00BF00BF00BF00BFBB
:107C800000BF00BF00BFCCF8003000BF00BF00BF86
:107C900000BF00BF00BF00BF00BF00BF00BF013A70
:107CA000DBD200BD00C000422DE9F04F85B000924C
:107CB000002A65D0030A8046364D040C029389469B
:107CC000C3B2354EDFF8E4A00393DAF80420334B57
:107CD00042F07D5232481968324BCAF80420324AC9
:107CE0001B6812681843009F20EA02008F4220F0B0
:107CF000785028BF0F4640F04050CAF800002A686C
:107D00003AB1002100BF01312B689942FAD3254BCB
:107D10001B6802210193FFF79BFFE1B2FFF798FF79
:107D20009DF80810FFF794FF0399FFF791FF019B5F
:107D30004FB307EB090401979B4609F1FF37013C5C
:107D400017F8011FFFF784FFA742F9D1019FCAF876
:107D500000B032682AB1002200BF013233689A4273
:107D6000FAD3009BDB1B00930AD0B844B9444FEA16
:107D700018234FEA184402935FFA88F30393A4E7A9
:107D800005B0BDE8F08FCAF800303268002AE2D1B1
:107D90009BE700BF24F3022028F30220182F0020C5
:107DA000000140011CF302201C2F002000C00042F3
:107DB0002DE9F04F85B00192002A00F090800B462B
:107DC0008146C1B24C4A4D4F4FEA104B4FEA102A40
:107DD0004B4E4C4C029161684B4841F07D514B4DEC
:107DE000006861600199814228BF01468846116898
:107DF0000D434749096825EA010525F0785545F006
:107E000040502060396839B14FF0000C00BF0CF1D0
:107E1000010C39688C45F9D303210393FFF718FF50
:107E20005FFA8BF1FFF714FF5FFA8AF1FFF710FF9B
:107E30000299FFF70DFF61682F4A21F00061039B53
:107E40006160B8F1000F4DD008EB030B45F04855C9
:107E500003F1FF3A0BF1FF3B4FF0080C4FF0000E1F
:107E6000256000BF00BF00BF00BF00BF00BF00BF54
:107E700000BF00BF00BFA1682060C1F3C06141EA3C
:107E80004E0E00BF00BF00BF00BF00BF00BF00BF5D
:107E900000BF00BF00BFBCF1010CE1D10AF801EF47
:107EA000DA45D9D111682160616841F07D51616086
:107EB000316829B1002100BF013130688142FAD315
:107EC0000199B1EB0801019109D0C14443445FFA23
:107ED00089F14FEA194B4FEA192A02917BE705B065
:107EE000BDE8F08F11682160616841F07D516160EB
:107EF00031680029DED16EE71CF3022024F3022052
:107F000028F3022000C00042182F00200001400189
:107F10001C2F0020002A00F0D2800B46010C2DE916
:107F2000F04F87B08146DFF8B0A10191010A644F9C
:107F30000391C1B2634E644D644C02916448616820
:107F4000006841F07D519042616028BF1046DAF828
:107F50000010804641F001215E4841F48001006834
:107F600021EA000C2CF0785B4BF04050206039681F
:107F700039B14FF0000C00BF0CF1010C39688C4591
:107F8000F9D30B21CDE90432FFF762FE9DF804100E
:107F9000FFF75EFE9DF80C10FFF75AFE0299FFF7FF
:107FA00057FE616821F0006161603168DDE90432EB
:107FB00001B34BF048514FF0000C9E46216000BFCA
:107FC00000BF00BF00BF00BF00BF00BF00BF00BFB9
:107FD00000BF206000BF00BF00BF00BF00BF00BFE8
:107FE00000BF00BF00BF00BF0CF1010C3368634548
:107FF000E4D87346B8F1000F53D04BF0485C1946F3
:1080000008EB030B03F1FF3E63468C460BF1FF3B8D
:10801000CDE901894FF008084FF00009236000BF47
:1080200000BF00BF00BF00BF00BF00BF00BF00BF58
:1080300000BFA1682060C1F3C06141EA490900BFE7
:1080400000BF00BF00BF00BF00BF00BF00BF00BF38
:1080500000BFB8F10108E1D10EF8019FDE45D9D18A
:10806000DAF800106346DDE901892160616841F0BA
:108070007D516160296829B1002100BF0131286864
:108080008142FAD3B2EB080216D0C14443444FEA0E
:10809000194101914FEA192103915FFA89F1029187
:1080A0004CE7DAF800102160616841F07D516160B1
:1080B00029680029E0D141E707B0BDE8F08F70479B
:1080C00024F30220282F002028F3022000C00042C1
:1080D000182F00201C2F00201CF3022000B50722BF
:1080E0008E46DFF850C04EFA02F39B0603F0806321
:1080F000034343F00071CCF80030CCF8001000BF0F
:1081000000BF00BF00BF00BF00BF00BF00BF00BF77
:1081100000BF00BFCCF8003000BF00BF00BF00BFF1
:1081200000BF00BF00BF00BF00BF00BF00BF013ADB
:10813000D9D200BD00C000422DE9F04F85B00092B9
:10814000002A65D0030A8046364D040C0293894606
:10815000C3B2354EDFF8E4A00393DAF80420334BC2
:1081600042F07D5232481968324BCAF80420324A34
:108170001B6812681843009F20EA02008F4220F01B
:10818000785028BF0F4640F04050CAF800002A68D7
:108190003AB1002100BF01312B689942FAD3254B37
:1081A0001B6802210193FFF799FFE1B2FFF796FFE9
:1081B0009DF80810FFF792FF0399FFF78FFF019BCF
:1081C0004FB307EB090401979B4609F1FF37013CC8
:1081D00017F8011FFFF782FFA742F9D1019FCAF8E4
:1081E00000B032682AB1002200BF013233689A42DF
:1081F000FAD3009BDB1B00930AD0B844B9444FEA82
:1082000018234FEA184402935FFA88F30393A4E714
:1082100005B0BDE8F08FCAF800303268002AE2D11C
:108220009BE700BF24F3022028F30220182F002030
:10823000000140011CF302201C2F002000C000425E
:108240002DE9F04F85B00192002A00F092800B4694
:108250008146C1B24D4A4E4F4FEA104B4FEA102AA9
:108260004C4E4D4C029161684C4841F07D514C4D53
:10827000006861600199814228BF01468846116803
:108280000D434849096825EA010525F0785545F070
:1082900040502060396839B14FF0000C00BF0CF13C
:1082A000010C39688C45F9D303210393FFF716FFBE
:1082B0005FFA8BF1FFF712FF5FFA8AF1FFF70EFF0B
:1082C0000299FFF70BFF6168304A21F00061039BC0
:1082D0006160B8F1000F4FD008EB030B45F0485533
:1082E00003F1FF3A0BF1FF3B4FF0080C4FF0000E8B
:1082F000256000BF00BF00BF00BF00BF00BF00BFC0
:1083000000BF00BF00BF00BFA1682060C1F3C06113
:1083100041EA4E0E00BF00BF00BF00BF00BF00BF5C
:1083200000BF00BF00BF00BF00BFBCF1010CDFD128
:108330000AF801EFDA45D7D111682160616841F090
:108340007D516160316829B1002100BF0131306881
:108350008142FAD30199B1EB0801019109D0C144DE
:1083600043445FFA89F14FEA194B4FEA192A029107
:1083700079E705B0BDE8F08F11682160616841F0D0
:108380007D51616031680029DED16CE71CF3022069
:1083900024F3022028F3022000C00042182F0020FE
:1083A000000140011C2F0020002A00F0D6800B465F
:1083B000010C2DE9F04F87B08146DFF8B8A101919B
:1083C000010A664F0391C1B2654E664D664C02913B
:1083D00066486168006841F07D519042616028BF45
:1083E0001046DAF80010804641F00121604841F45F
:1083F0008001006821EA000C2CF0785B4BF04050C3
:108400002060396839B14FF0000C00BF0CF1010C4D
:1084100039688C45F9D30B21CDE90432FFF75EFEB4
:108420009DF80410FFF75AFE9DF80C10FFF756FE5A
:108430000299FFF753FE616821F0006161603168C5
:10844000DDE9043211B34BF048514FF0000C9E4669
:10845000216000BF00BF00BF00BF00BF00BF00BF62
:1084600000BF00BF00BF00BF206000BF00BF00BF53
:1084700000BF00BF00BF00BF00BF00BF00BF00BF04
:108480000CF1010C33686345E2D87346B8F1000F74
:1084900055D04BF0485C194608EB030B03F1FF3E47
:1084A00063468C460BF1FF3BCDE901894FF008088C
:1084B0004FF00009236000BF00BF00BF00BF00BF36
:1084C00000BF00BF00BF00BF00BF00BFA1682060A9
:1084D000C1F3C06141EA490900BF00BF00BF00BF4E
:1084E00000BF00BF00BF00BF00BF00BF00BFB8F1AA
:1084F0000108DFD10EF8019FDE45D7D1DAF8001070
:108500006346DDE901892160616841F07D51616068
:10851000296829B1002100BF013128688142FAD3BE
:10852000B2EB080216D0C14443444FEA194101910D
:108530004FEA192103915FFA89F1029148E7DAF8CD
:1085400000102160616841F07D5161602968002957
:10855000E0D13DE707B0BDE8F08F704724F302207B
:10856000282F002028F3022000C00042182F0020EE
:108570001C2F00201CF30220002A00F0E780030DCE
:108580002DE9F04F87B0914607468A460593030CC4
:108590006F4A0493030B6F4D0393030A6E4E0193CE
:1085A00003096E4C009300F00F0302936C4B61685B
:1085B000186841F07D516B4B4845616028BF4846C3
:1085C00019688046106840F0012040F4800020EADD
:1085D000010020F0785BC4F800B0296839B14FF091
:1085E000000C00BF0CF1010C2B689C45F9D34BF03B
:1085F00040614BF060632160236000BF00BF00BF9B
:1086000000BF216000BF00BF00BF00BF4BF00051A2
:108610004BF008532160236000BF00BF00BF00BFC4
:10862000216000BF00BF00BF00BF059B584603F09C
:108630000F01FAF723FF049B584603F00F01FAF7E6
:108640001DFF039B584603F00F01FAF717FF019B2C
:10865000584603F00F01FAF711FF009B03F00F01DA
:108660004BEA816141F000732160236000BF00BFCD
:1086700000BF00BF216000BF00BF00BF00BF029B62
:108680004BEA836141F000732160236000BF00BFAB
:1086900000BF00BF216000BF00BF00BF00BF2C4A69
:1086A000B8F1000F49D008EB0A0E0AF1FF3C0EF1B9
:1086B000FF3E1CF8013F1B094BEA836343F0007146
:1086C0002360216000BF00BF00BF00BF236000BF68
:1086D00000BF00BF00BF9CF8003003F00F034BEA5F
:1086E000836343F000712360216000BF00BF00BFBF
:1086F00000BF236000BF00BF00BF00BFF445D8D15A
:1087000011682160316829B1002100BF013133684F
:108710009942FAD3B9EB080915D04744C2443B0D3E
:1087200005933B0C04933B0B03933B0A01933B09DA
:10873000009307F00F03029338E711682160316856
:108740000029E1D132E707B0BDE8F08F704700BFE4
:108750001CF3022024F3022028F3022000C0004270
:10876000182F00201C2F002000B507228E46DFF8AE
:1087700054C04EFA02F39B0603F08063034343F0B8
:108780000071CCF80030CCF8001000BF00BF00BF73
:1087900000BF00BF00BF00BF00BF00BF00BF00BFE1
:1087A00000BFCCF8003000BF00BF00BF00BF00BF5B
:1087B00000BF00BF00BF00BF00BF00BF00BF013A45
:1087C000D7D200BD00C000422DE9F04F85B0009225
:1087D000002A65D0030A8046364D040C0293894670
:1087E000C3B2354EDFF8E4A00393DAF80420334B2C
:1087F00042F07D5232481968324BCAF80420324A9E
:108800001B6812681843009F20EA02008F4220F084
:10881000785028BF0F4640F04050CAF800002A6840
:108820003AB1002100BF01312B689942FAD3254BA0
:108830001B6802210193FFF797FFE1B2FFF794FF56
:108840009DF80810FFF790FF0399FFF78DFF019B3C
:108850004FB307EB090401979B4609F1FF37013C31
:1088600017F8011FFFF780FFA742F9D1019FCAF84F
:1088700000B032682AB1002200BF013233689A4248
:10888000FAD3009BDB1B00930AD0B844B9444FEAEB
:1088900018234FEA184402935FFA88F30393A4E77E
:1088A00005B0BDE8F08FCAF800303268002AE2D186
:1088B0009BE700BF24F3022028F30220182F00209A
:1088C000000140011CF302201C2F002000C00042C8
:1088D0002DE9F04F85B00192002A00F094800B46FC
:1088E0008146C1B24E4A4F4F4FEA104B4FEA102A11
:1088F0004D4E4E4C029161684D4841F07D514D4DB9
:10890000006861600199814228BF0146884611686C
:108910000D434949096825EA010525F0785545F0D8
:1089200040502060396839B14FF0000C00BF0CF1A5
:10893000010C39688C45F9D303210393FFF714FF29
:108940005FFA8BF1FFF710FF5FFA8AF1FFF70CFF78
:108950000299FFF709FF6168314A21F00061039B2A
:108960006160B8F1000F51D008EB030B45F048559A
:1089700003F1FF3A0BF1FF3B4FF0080C4FF0000EF4
:10898000256000BF00BF00BF00BF00BF00BF00BF29
:1089900000BF00BF00BF00BF00BFA1682060C1F3DF
:1089A000C06141EA4E0E00BF00BF00BF00BF00BF64
:1089B00000BF00BF00BF00BF00BF00BF00BFBCF1D1
:1089C000010CDDD10AF801EFDA45D5D1116821603B
:1089D000616841F07D516160316829B1002100BFBB
:1089E000013130688142FAD30199B1EB080101915C
:1089F00009D0C14443445FFA89F14FEA194B4FEA69
:108A0000192A029177E705B0BDE8F08F116821605F
:108A1000616841F07D51616031680029DED16AE70B
:108A20001CF3022024F3022028F3022000C000429D
:108A3000182F0020000140011C2F0020002A00F008
:108A4000DA800B46010C2DE9F04F87B08146DFF844
:108A5000C0A10291010A684F0191C1B2674E684DF1
:108A6000684C039168486168006841F07D5190420C
:108A7000616028BF1046DAF80010804641F00121FD
:108A8000624841F48001006821EA000C2CF0785B18
:108A90004BF040502060396839B14FF0000C00BFF6
:108AA0000CF1010C39688C45F9D30B21CDE9043266
:108AB000FFF75AFE9DF80810FFF756FE9DF80410C8
:108AC000FFF752FE0399FFF74FFE616821F0006146
:108AD00061603168DDE9043221B34BF048514FF059
:108AE000000C9E46216000BF00BF00BF00BF00BF5A
:108AF00000BF00BF00BF00BF00BF00BF00BF2060BD
:108B000000BF00BF00BF00BF00BF00BF00BF00BF6D
:108B100000BF00BF00BF00BF0CF1010C336863450C
:108B2000E0D87346B8F1000F57D04BF0485C1946B7
:108B300008EB030B03F1FF3E63468C460BF1FF3B52
:108B4000CDE901894FF008084FF00009236000BF0C
:108B500000BF00BF00BF00BF00BF00BF00BF00BF1D
:108B600000BF00BF00BFA1682060C1F3C06141EA3F
:108B7000490900BF00BF00BF00BF00BF00BF00BF6A
:108B800000BF00BF00BF00BF00BFB8F10108DDD1CA
:108B90000EF8019FDE45D5D1DAF800106346DDE915
:108BA00001892160616841F07D516160296829B1C6
:108BB000002100BF013128688142FAD3B2EB0802DC
:108BC00016D0C14443444FEA194102914FEA19219A
:108BD00001915FFA89F1039144E7DAF8001021600E
:108BE000616841F07D51616029680029E0D139E771
:108BF00007B0BDE8F08F704724F30220282F002033
:108C000028F3022000C00042182F00201C2F002053
:108C10001CF302202DE9F04F89B00192002A00F0E8
:108C2000ED80020B8146030D8B460692020A7B4FB4
:108C30004FEA104A04920209794E039200F00F02A3
:108C4000DFF8F081774C079305926368764A43F02A
:108C50007D5311686360754B019A18688A42744BA2
:108C600040F0012028BF0A46196840F4800020EA3D
:108C7000010020F078552560396839B14FF0000CBB
:108C800000BF0CF1010C3B689C45F9D345F06051E5
:108C900045F0685302922160236000BF00BF00BF0F
:108CA00000BF216000BF00BF00BF00BF45F03051D2
:108CB00045F038532160236000BF00BF00BF00BFF4
:108CC000216000BF00BF00BF00BF079B03F00F0182
:108CD00045EA816141F000732160236000BF00BF5D
:108CE00000BF00BF216000BF00BF00BF00BF0AF08F
:108CF0000F012846FAF7C2FB069B284603F00F0136
:108D0000FAF7BCFB049B284603F00F01FAF7B6FB09
:108D1000039B284603F00F01FAF7B0FB059928469C
:108D2000FAF7ACFB6168029A21F07051616031681A
:108D300091B145F000734FF0000C236000BF00BFFD
:108D400000BF00BF256000BF00BF00BF00BF0CF127
:108D5000010C31686145F0D8002A52D002EB0B0AB1
:108D600045F000730BF1FF3C0AF1FF3A236000BFAE
:108D700000BF00BF00BFA068256000BF00BF00BFEC
:108D800000BF236000BF00BF00BF00BFA168256017
:108D900000BF00BF00BF00BF800EC1F3836141EA86
:108DA00000110CF8011FD445E0D1204B1968216057
:108DB000616841F07D516160D8F8001031B1002147
:108DC00000BF0131D8F800309942F9D3019B9B1ABA
:108DD000019313D0914493444FEA19534FEA194A2F
:108DE00007934FEA193306934FEA192304934FEA86
:108DF0001913039309F00F03059326E709B0BDE8A3
:108E0000F08F0A4B19682160616841F07D51616003
:108E1000D8F800100029D2D117E700BF24F30220B0
:108E2000202F002000C00042182F00201CF3022039
:108E30001C2F002028F3022070B5184D1C46164642
:108E4000AB6CDBB111B14FF0FF3070BD014618467D
:108E50000CF0E2FC0028F6D0A86C40B12246314666
:108E60000CF0B8FB201A18BF4FF0FF3070BDE86C53
:108E700088B1224631460BF097F9F3E7D5F84CC09C
:108E8000BCF1000FDFD002460B4660460BF06CFAD7
:108E90000028E1D1D7E74FF0FF30E3E720EC0220D4
:108EA000014BD3E900017047F0290120014B1868FC
:108EB000C005704720F3022010B510F0E9FADFF882
:108EC00044C003460E4ADCF800409C42D2E900014F
:108ED00001D9013151601818CCF8003041F100017E
:108EE00012F078FD9FED047B41EC100B20EE070B98
:108EF00010BD00BFAFF300808DEDB5A0F7C6B03E4A
:108F0000F82901208CF302200FB400B5BFB0F02186
:108F100040AB02A853F8042B019313F08DFD02A877
:108F200014F02EFC014602A811F03AFD034810F09F
:108F3000B5F83FB05DF804EB04B07047082F00208F
:108F40002DE9F04F2DED0C8BADF2346D4FF4007226
:108F5000BF491B9008F01AFC051E40F3BF81BD4BB2
:108F6000196A05F10F038B4280F2A2811B9900263A
:108F7000B948B74CFFF7C8FF0B21B84811F010FDF6
:108F8000202011F0F9FC54F8041BB54810F07AF8D1
:108F900033460136B542F3D1B1484FF0000B12937E
:108FA000159610F07BF8129BAE4F03F11102CDF82D
:108FB00048B018931692159ACDF854B017929FEDB9
:108FC0009C9B9FED9DCB9FED9EABCDE913BB179B6B
:108FD0005B4503DD9E4B53F82B30129308F008FBE2
:108FE0001FAB1CAA594601931DAB129800931EABF0
:108FF0000AF028FB0446002840F0638120A808F00E
:10900000FFFA139A289B9849D518149A299B1C9803
:1090100042EB0303FF2219951A939DED207BCDE9C6
:10902000135339EE079B08F01DFBB0F1000840F325
:109030003D818D4E254640F2FA3A09E05E2A00F263
:10904000E780013403700135A84513DD544511DC78
:1090500016F8013B3819611C222BA3F1200201D024
:109060005C2BEBD101354FF05C020234A845027055
:109070007B54EBDC3C4400239DED1F6A9DED1E7A82
:109080004FF4AF612370B7EEC66A129BB7EEC77A92
:10909000764A2EA801931D9B0A9706931C9BCDF838
:1090A00000B002935B468DED086B8DED047B13F0F1
:1090B0004BFC2EA814F064FB01462EA811F070FCA6
:1090C00067480FF0EBFFDDE9280112F083FC9DED0E
:1090D00022DB41EC180B28EE0C8BB5EEC0DBDDE992
:1090E0002045F1EE10FA40F39D8088EE0DBB604BF9
:1090F000DFF8A4A11B685F4E1093DAF800300F93DD
:1091000033680E93DDE92623DDE92C01CDE90C233C
:10911000DDE92423CDE90A2312F05CFC41EC170BB6
:1091200027EE0A7BDDE92A018DED087B12F052FC67
:109130002B46224641EC170B27EE0A7B4E488DED5D
:1091400004BB8DED02DB8DED008B8DED067BFFF713
:10915000DBFE189B5B4562DC159B08EB0304B4F552
:10916000805FC0F29B800521444811F019FC1B9CD4
:10917000204614F005FB0146204611F011FC15991C
:109180003F4811F00DFC36480FF088FF314B1C9A18
:109190009B6A1292934205D00BF1010B169B5B4523
:1091A0007FF415AFDDF854C00023354A1B993548CC
:1091B00002F80C30FFF7A8FEDDE9190112F00AFCF5
:1091C000DDED166AB8EEE64B41EC170B16EE901A81
:1091D00089EE046B2C489FED1C5B53EC192B27EE9A
:1091E000057B8DED027B8DED006BFFF78DFE204B37
:1091F00026481B68DAF800203168FFF785FE24480E
:109200000DF2346DBDEC0C8BBDE8F04FFFF77CBE6A
:10921000C4F580611F4A043413F096FB13E71C9BCE
:109220001293B9E7B0EE48BB61E700BFAFF300802F
:109230000000000000000000000000000000B03E40
:10924000000000000000503F000000000000103E41
:109250009007032090290120440800205408002092
:10926000082F002090F30220900F03208808002090
:1092700054F3022058F30220C80800208809002077
:1092800090F7022090090020A0090020E8090020A2
:10929000480A0020800800205CF30220144842465F
:1092A0001449184410F08AF915945CE73C46E2E64C
:1092B00011480DF2346DBDEC0C8BBDE8F04FFFF79B
:1092C00023BE08F091F9594602460C48FFF71CFEF0
:1092D0000DF2346DBDEC0C8BBDE8F08F08480DF23B
:1092E000346DBDEC0C8BBDE8F04FFFF70DBE00BF39
:1092F00090F70220900F032018080020600800203B
:10930000000800200A4B1B7873B14FF47A7100B546
:10931000E5B06846FCF7F6F808B965B000BD6846E8
:10932000FFF70EFE65B000BD4FF47A7010F05AB82A
:109330003F87032000BF00BF00BF00BF00BF00BFCA
:1093400000BF00BF704700BF38B540EA8164074DD9
:1093500044F000732C602B6000BF00BFFFF7EAFFF2
:109360002C6000BF00BFFFF7E5FF38BD00C0004222
:109370002DE9F04F05468178B24883B0B24B0170B9
:109380000620B249B24A08600221DFF8008388F85B
:109390000010C3F86C22C3F87022C3F87422C3F81B
:1093A0007822BFF34F8FAB788B4202D1A94B0822B2
:1093B0001A60AB790022DFF8D8B230242E78CBF8CF
:1093C00000306F78A44B1A60E0B20134012110F034
:1093D000ABF8372CF8D10121022010F0A5F80121BB
:1093E000032010F0A1F80121042010F09DF80121C4
:1093F000052010F099F8994A994B022E116841EA1C
:109400000303136000F0F480002E14BF4FF48003B8
:109410004FF0807393490B6098F80030012B00F0F7
:10942000E580022B00F0E080032B00F00981382258
:10943000854BC3F86C22C3F87022C3F87422C3F8BA
:109440007822BFF34F8F03F13F738748DFF84492D0
:1094500003F5BD434468D9F800200333A3FB02326F
:10946000920C02EB420243681B1B9A42FBD87B4BD7
:109470007E481C68DFF820A220407D4F40EA0A0A9F
:10948000C7F800A0586840F07D50586008685968D7
:109490002AEA000041F07D5120F0785059601860B0
:1094A00040F04056DBF8004044B1002300BF0133D8
:1094B000DBF80040A342F9D3D7F800A00F210190B8
:1094C000FFF742FF01980521FFF73EFF634B664817
:1094D000C3F800A003F18D73426803F58F33D9F808
:1094E00000108333A3FB0131890C01EB8101436838
:1094F0009B1A9942FBD8594B1E6044B1002300BF10
:109500000133DBF80040A342F9D3D7F800A066216D
:109510003046FEF79DFB514B5348C3F800A003F1C2
:109520008D73426803F58F33D9F800108333A3FBA2
:109530000131890C01EB810143689B1A9942FBD8E8
:10954000464B1E6044B1002300BF0133DBF800200E
:109550009342F9D3D7F800A0404C99213046FEF74A
:1095600077FB0220C4F800A00FF03CFF354B1B78BE
:1095700083B92660DBF800202AB100BF0133DBF895
:1095800000209342F9D330463521FEF761FB334B7F
:109590003A681A603449374B4868D9F80020A3FB71
:1095A00002323223920C03FB02F24B681B1A9A42DE
:1095B000FBD8254B0221264A88F80010C3F86C22FC
:1095C000C3F87022C3F87422C3F87822BFF34F8F18
:1095D000294B297929481970EC786A79284B04704D
:1095E0001A6003B0BDE8F08F194A21E7254A1FE74A
:1095F000FC074FF0100312D4B807C2F88830174B9D
:109600004FF0200212D57907C3F88420134B4FF096
:10961000400212D5C3F884204FF48073FAE6B807ED
:10962000C2F884300D4B4FF02002ECD47907C3F818
:1096300088200A4B4FF04002ECD4C3F88820EBE7B7
:10964000114AF5E64087032000801F40202F0020AC
:10965000F9000100282F002028F3022000C000425A
:10966000000140011C2F0020001000E0FFFEBFCCD5
:109670001CF3022083DE1B430B3200200C3200203F
:10968000182F00203800010038F001004187032026
:1096900024F30220042F0020000140312DE9F04F77
:1096A00085B00392002A76D083460E464C4B4FEA93
:1096B000DB541B68B3EBDB5F4EDD4A4D2B689C42ED
:1096C00007D0494B04EB440003EBC000FFF750FE0A
:1096D0002C60039BCBF3160A0025DFF84491B3F509
:1096E000005FCAF50004DFF83C8128BF4FF4005347
:1096F0009C4228BF1C463D4B22463146504693F8BB
:1097000000C099F80030BCF1000F2AD0384F57F84C
:1097100023309847354B224636491B7898F800008D
:10972000022B24D0012B3AD051F820305046324938
:10973000984722463049304613F0A8F920B3013546
:10974000042DD8D12D4E2E483368016801334F1CAB
:109750000F293360076029D94FF0FF3005B0BDE80D
:10976000F08F284850F8233050469847D2E7264BD0
:10977000214953F820305046984722461E4930462A
:1097800013F084F90028DAD1C5B9039BA344264419
:109790001B1B03938AD1002005B0BDE8F08F1B4B43
:1097A000154953F8203050469847C2E723465A4699
:1097B000174918480095FFF7A7FBCDE71649104A4F
:1097C0000B6801330B601368591C0F2B1160DCD838
:1097D00023465A4611490F480095FFF795FBD4E7F9
:1097E00020F30220242F00203CF102204087032098
:1097F000BC1F0020241F0020C056002054F302206C
:1098000068F3022008200020701F0020D81E0020CE
:10981000C80A0020880A00205CF30220780A002091
:109820000C3200200B3200207049714B0A682DE980
:10983000F04F42F0020205242DED068BADF52D7D93
:109840000A60DC665C679C67DC67C3F88040C3F82D
:109850008440C3F88840BFF34F8F012102200FF0EE
:1098600063FE012103200FF05FFE012104200FF0B1
:109870005BFE2046012130240FF056FE5D4B4FF475
:109880008072C3F88420E0B2013401210FF04CFE55
:10989000372CF8D1574B4FF0E020574A40F2EE26D4
:1098A0001C6856492243564F564C1A605A68DFF8D6
:1098B000808142F07D525A60D0F8FC3D43F08073C5
:1098C000C0F8FC3D0B6843F001030B604E4B1D6874
:1098D00011F0E2F82378002B00F07B833B78DA0765
:1098E00040F17783484B1B68D8F800209B1A0E2B59
:1098F00040F26F83444B41F28735414F1E68DFF8D9
:10990000308111F0C9F823780A20002B00F06D8314
:109910003B78DB0740F169833B4B1B68D8F800209C
:109920009B1A0E2B40F26183C820DFF808810FF0EC
:1099300059FD3648FFF7E8FA3548FFF7E5FA3548AC
:10994000FFF7E2FA3448FFF7DFFA344FD8F8001097
:109950003348A7FB0131DFF8E0A0284D890C254EE4
:10996000FFF7D2FA2F48FFF7CFFA2F48FFF7CCFACC
:109970002E4B099300230F930023CDE94833099B15
:109980001B88ADF83030DBB2002B00F03A83012B9E
:1099900000F08183174A4FF08071022BC2F88410C7
:1099A0004FF48001C2F884104FF48071C2F8841023
:1099B00046D1BDF8301011F4807FC1F307234FF07A
:1099C000100140F02D839807C2F88810094A4FF023
:1099D000200140F12D8313F0040FC2F88410054BD1
:1099E0004FF0400200F02D8328E000BF00402A40E5
:1099F00000801F4000C0004200014001001000E054
:109A00004E8703204F87032018870320E40A002095
:109A1000300B0020700B0020A40B002083DE1B43C2
:109A2000E40B0020F40B0020400C0020D02200208A
:109A300028870320042F0020D4240020C3F884208A
:109A400005246968D8F80020A7FB0232920C02EBCB
:109A500082026B685B1A9A42FBD8012135200FF015
:109A600063FD4FF0007301213220C6F888300FF0FB
:109A70005BFD4FF0805301213620C6F884300FF093
:109A800053FD4FF0005301213420C6F884300FF00D
:109A90004BFD012131200FF047FD21010AEB041499
:109AA0005AF80130E268C3F888206C68D8F80000E2
:109AB000A7FB0020800C6A68121B9042FBD84FF075
:109AC00000544FF080604FF000624FF08059CDE9B4
:109AD0000A13C6F88400C6F88420C6F88490C6F835
:109AE0008440F9F787FA4FF080604FF00062C6F8C3
:109AF0008400C6F88820C6F88490C6F88840F9F734
:109B000079FA0A990B9B0AEB0102D268C3F8842008
:109B1000C6F88490C6F884406C68D8F80000A7FBAB
:109B20000020800C00EB80006A68121B9042FBD87A
:109B30000AEB0102D268C3F888206868D8F80020D0
:109B4000A7FB0232920C6B681B1A9A42FBD8662064
:109B50000A91FBF7E5FB0A990AEB01035AF8014069
:109B6000DB68C4F884306868D8F80020A7FB0232AC
:109B7000920C02EB82026B681B1A9A42FBD80AEB2A
:109B80000103DB68C4F888306868D8F80020A7FBB8
:109B90000232920C6B681B1A9A42FBD899200A91E8
:109BA000FBF7BEFB0A9902200AEB01045AF80130C8
:109BB000E268C3F884200FF015FC0A99E2685AF8AD
:109BC0000130C3F888206868D8F80020A7FB02326B
:109BD000920C6B681B1A9A42FBD89F200A91FBF7E4
:109BE0009FFB0020FBF79CFB0DF21F190020FBF7E9
:109BF00097FB0020FBF794FB312000210FF094FC31
:109C00004FF0007408204FF0000CC6F88440B36891
:109C10006968C3F3C063D8F8002043EA4C0CA7FB83
:109C20000232920C6B685B1A9A42FBD8C6F88840E5
:109C30006968D8F80020A7FB0232920C6B685B1AA7
:109C40009A42FBD80138E0D10DF2271309F801CF71
:109C50004B45D1D10A99044659480AEB01025AF8FA
:109C60000130D268C3F88420564B6968D8F80020C8
:109C7000A3FB0232920C02EB820243685B1A9A4207
:109C8000FBD8514B4FF080724FF03009C3F884205D
:109C90004FF48002C3F884204FF48072C3F884200C
:109CA0005FFA89F009F1010901210FF03DFCB9F1DA
:109CB000370FF5D1099B444AD3F80490536843F019
:109CC0007D5353609DF820310D2B00F0BD819DF830
:109CD000212149463D4800923D4AFFF715F9099B6D
:109CE0003C4A08339A4209937FF446AE0F9D3A48A6
:109CF0002946FFF709F94FF480613848FFF704F966
:109D00002B46002D00F050840023354F354E09932B
:109D1000354BA3F1100A13930C939FED259B9FEDF8
:109D2000268BCDE914A40124304B00221C70304B4B
:109D300010930C9B103BCDE91124CDE90D232D4B45
:109D40000A930A9B48AC0E9D41F2120C93F800E076
:109D50000FCD0FC495E803000D9B002584E8030098
:109D60008DF822314FF00F0348A88DF826E1ADF8A9
:109D700024C110248DF82331FFF7FAFA03E00135EE
:109D8000132D00F0DD811C4B4FF00F024FF400400B
:109D90003D701A703460FBF761FF4FF40040FCF730
:109DA0009DFF0028EBD10446AA462BE0AFF30080CC
:109DB00000000000000030410000000080842E41BF
:109DC000001000E083DE1B4300C00042840C002032
:109DD0007C0C002020230020A80C0020BC0C0020BC
:109DE0000B320020182F00203CF202203E87032077
:109DF00074210020202300200C3200200134132C79
:109E000000F0C88110234FF4004087F800A0A1465D
:109E10003360A84B1C70FBF721FF4FF40040FCF7A8
:109E20005DFF0028EAD10F2CA8BF0F24E31C0F2DE3
:109E3000A04A8DF823314FF05200A8BF0F251370B0
:109E40008DF827914FF00809EB1C8DF828A18DF8AB
:109E500024313B7010233360FBF7AEFA04465720E1
:109E6000FBF7AAFA8442A8BF04468DF8254148A80A
:109E7000914CFFF77DFA4FF48010FBF7EFFE63681B
:109E80004FF480100B93FCF729FF6468002840F022
:109E90002581D8F800504FF0010A874B4FF480100D
:109EA0000AF1010A5B68FCF719FF834B5B68002825
:109EB00040F01481BAF1040FEFD10B9B07EE905ADA
:109EC0007E4AA4EB0309B8EE677B9DF8243106EEC9
:109ED000909A0C9952F82330B8EE666B784802934A
:109EE0009DF8233186EE075B52F8233001939DF8ED
:109EF000283152F8233000939DF8273152F823304F
:109F00009DF8262104929DF825210392109A12684B
:109F100089EE056B86EE087BB7EEC77BB7EEC76AA6
:109F20008DED4B7A8DED0A7A8DED066BFEF7ECFF29
:109F3000119B9DED0A7A002B00F03081B4EECA7AB5
:109F4000F1EE10FA00F32A81B0EE4A7A0D9B002B55
:109F500040F09C83129C0E9D0DF1580C8DED197AEA
:109F60004FF00009AE46BCE80F00AEE80F009CE8D9
:109F700003008EE803002846FFF7FAF94FF480103B
:109F8000FBF76CFE4FF4801009F10109FCF7A6FE07
:109F9000002840F08282B9F1060FF3D1099B494AAB
:109FA00003EB430CDDF838E0013302EBCC0C0993F2
:109FB000BEE80F00ACE80F009EE803008CE8030049
:109FC0000C9B18330C930F9B9C4200F0F0800134E3
:109FD000AAE63D4B1B6822785B1B7AB1B3F5FA6F9A
:109FE0003FF688AC10F058FD72E4374B1B689B1BA2
:109FF000AB423FF699AC0FF0F5F982E4B342F1D9E8
:10A0000078E4324B4FF080723024C3F884204FF450
:10A010008002C3F884204FF48072C3F8842010E5D6
:10A020009807C2F88410294A4FF020013FF5D3ACBD
:10A0300013F0040FC2F88810244B4FF040027FF455
:10A04000FDACC3F88820FBE49DF821215D2A7FF454
:10A050003EAE49461E4800921E4AFEF755FF0F9A33
:10A0600000214B4602EB420C164A02EBCC0042F8B0
:10A070003C10C0E90111C0E9031141611030BDF885
:10A08000301022F83C100621134A12F05DFC0F9AA2
:10A09000531C0F9323E60D4B4FF080723324C3F80B
:10A0A00084204FF48002C3F884204FF48072C3F8F8
:10A0B0008420C6E40C320020001000E05420002070
:10A0C0004C0D00202CF202201887032000C0004213
:10A0D000840C0020A00C002054130020764A014676
:10A0E0009DF82431754852F8233000939DF82331B0
:10A0F00052F823309DF8252101924FF48062FEF73B
:10A1000003FF9DF824319DF82321112B3BD8013307
:10A11000DBB28DF824316A4952203B7010230A705B
:10A120003360FBF749F904465720FBF745F98442B1
:10A13000A8BF0446B9F101098DF825417FF497AE17
:10A140000A9B604A013393420A937FF4FAAD109A56
:10A150004FF480630C9912685B48FEF7D5FE0D9BA7
:10A16000109A01330432DBB21092032B0D937FF46B
:10A17000E6ADDDE91124002A40F096810C995348A0
:10A18000FEF7C2FE1CE7112ADAD80132D2B28DF8EE
:10A190002321C0E712234FF00F0948E648AD16AC63
:10A1A0000FCD0FC495E8030084E80300CEE6099BB9
:10A1B000DDE914A4002B00F0F781012B4FEAC30462
:10A1C0003FD0434F4FF0010CCDE90B4ABE466546E8
:10A1D000CDF828C09EED007AAEF10C0457ED067A5A
:10A1E000A7F1240C48AE0DF59079B4EEE77AE2467B
:10A1F0000135A0460EF1180EF1EE10FA15DDBCE89F
:10A200000F000FC69CE8030086E803000FCCAAE805
:10A210000F0094E803008CE80300B9E80F00A8E8F9
:10A220000F0096E8030084E80300099B9D42D1DB00
:10A23000DDF828C018370CF1010C9C45C6D1DDE9CA
:10A240000B4A099E2246002422483146FEF75CFE56
:10A250009FED178B5046204FFFF78AF804F140031B
:10A260001E4A4FF400003D6801341370FBF7F6FC02
:10A270003B680AF110011A480AF1180A5B1B07EE45
:10A28000903AB8EE677B87EE087B53EC172BFEF70E
:10A290003BFEB442DED10025124EDFED138A9FED66
:10A2A000138A134FDDF82490DDF84C80356030E0E0
:10A2B0000000000000408F4054200020100D0020BE
:10A2C0000C32002022230020B80D00201C0E00209C
:10A2D00050F20220340E0020188703203E8703200E
:10A2E000900E002020F3022000007A44BD37064182
:10A2F0000C1D00200135CDE904018DED026B4146B6
:10A30000BB4808F118088DED007BFEF7FDFD4D45BB
:10A3100047D0A8F11000FFF72BF8B64A05F140032B
:10A320004FF400001370B44BD3F800A0FCF7D6FC38
:10A33000B14BB24A1B68B249A3EB0A0307EE903A4D
:10A3400018F80E3CF8EE677A52F8232087EEA87AC8
:10A3500088EE076AB7EEC77AB7EEC66A0028C9D199
:10A360004146A84C0135CDE904078DED026BA048AC
:10A370008DED007BFEF7C8FD3368A8F1100C4D454C
:10A3800003EB430203F1010308F1180804EBC204D4
:10A390003360BCE80F000FC49CE8030084E80300AE
:10A3A000B7D13168CC05984B22464FF0FF3497481F
:10A3B0001C60FEF7A9FD3368012B78DD944D9548AC
:10A3C000FEF7A2FD85F8BC4405F592640021204605
:10A3D00085F8C8140DF0F6FF2046C5F88C440DF042
:10A3E00093FA044600284BD10123D5F88C14284653
:10A3F0001A460CF0B1FB002842D02946864A234673
:10A4000048A80CF017FC854D499B4CA905F110009C
:10A410006B604A9BAB609DF82C312B730CF0DCFA1F
:10A420007F4B4CA848930CF031FBAB6C002B00F039
:10A43000D280DA6923467B494FF080647A48002550
:10A44000C1E90023FEF760FD0FF022F8074607E0A0
:10A4500014F5803445F1000504F17A432B432BD0E9
:10A460004FF48033714A20462946FEF7E5FC002868
:10A47000EED00FF00DF86E496E48FEF745FD03E093
:10A480006D496C48FEF740FD6C4B00221A700DF5CB
:10A490002D7DBDEC068BBDE8F08F02464B460C9936
:10A4A0006748FEF731FD69E6B0EE4A7A53E5654943
:10A4B0006048FEF729FDE7E70EF0EAFFC01B9FEDBD
:10A4C000627A07EE900A9FED616A6148F8EE677A5A
:10A4D000604CC7EE876A86EE267AB7EEE66A53ECE2
:10A4E000162BB7EEC77A8DED007BFEF70DFD5A48AF
:10A4F000FEF70AFD404BC82216A920461F6807F048
:10A500007FFB3D4B054655481B68DB1B07EE903A29
:10A51000534BB8EE677B1B689FED336B0293514B37
:10A5200087EE067B1B6801934F4B1B68009353EC2F
:10A53000172BFEF7E9FC002D48D1626CE3694B480C
:10A54000CDE90332D4E90432CDE90132D4E9023253
:10A550000092D4E90012FEF7D7FC4548D4E916234F
:10A56000FEF7D2FC4348D4E90E23FEF7CDFC216A66
:10A57000236D3268CDE90131D4E91230216CD20566
:10A5800000903D48FEF7C0FC2C4B01223B481A705E
:10A59000FEF7BAFC47F2305148A8FAF7B3FF60B1B2
:10A5A00048A8FEF7CDFC72E719461A463448FEF774
:10A5B000ABFC344E00213160F5E6334D48AC0FCD95
:10A5C0000FC495E8070003C42270E9E716A91948EB
:10A5D000FEF79AFC58E7EB6C002B5CD0D3E9042320
:10A5E00029E700BFAFF300800000000000408F406B
:10A5F000281100203E8703201887032074210020A3
:10A600006C1100203CF10220242F0020B00E00200D
:10A6100070EC0220280F0020340F002020EC0220D4
:10A6200088210020F02901207C0F0020000020203C
:10A630007C110020180F0020400F00203F870320CE
:10A64000E00D0020D40E002000247449BD370642DE
:10A65000A011002090290120D41100202C120020EC
:10A6600054F302205CF3022058F30220BC0F0020B8
:10A67000181000203810002068100020C81000209A
:10A68000340E002020F302200C1100200123B0EE34
:10A6900047AA119363E502490248FEF735FCF3E649
:10A6A000980F0020180F0020002A00F08E802DE95E
:10A6B000F04F054683B089469346494F494BEC0D10
:10A6C0001B68B3EBD55F7DDD3B689C4207D0464BF2
:10A6D00004EB440003EBC000FEF74AFE3C60C5F308
:10A6E0001606BBF5005F5B46494628BF4FF4005392
:10A6F000C6F5000430469C4228BF1C462246FAF7A5
:10A7000039FE224639493046FAF734FE22463749A7
:10A71000484612F0BBF9002835D02246344930466D
:10A72000324EFAF727FE09F1FF314FF0000E304AA2
:10A7300004EB010AF04609E0634508F1010812D074
:10A74000604501D00EF1010E8A450FD011F8010FBE
:10A7500016F8013B12F801CB9842EDD16045F3D0D9
:10A7600008F10108EEE78A450B70EFD1214A136822
:10A7700001331360204A1368591CBEF1000F19D130
:10A780000F2B116008D9BBEB040B2544A14495D1D4
:10A79000002003B0BDE8F08F2A4623461749254420
:10A7A0001748A144CDF80080FEF7AEFBBBEB040BCD
:10A7B00084D1EDE70F2B7646116008D9114A136852
:10A7C000334413604FF0FF30E3E700207047234627
:10A7D0002A460D490A48CDF80080FEF795FBEDE7C3
:10A7E000242F002020F302203CF10220C05600203C
:10A7F000C076002058F3022068F302208412002063
:10A80000880A002054F30220A012002038B540EA44
:10A810008164084D44F000732C602B6000BF00BFC2
:10A8200000BFFEF787FD2C6000BF00BF00BFFEF732
:10A8300081FD38BD00C000422DE9F04F89B0009283
:10A84000002A00F00D81030D89460746DFF838A283
:10A850000793030C87490693030B874D0593030A5F
:10A86000864E03930309864C029300F00F03049372
:10A870006368844A43F07D5312686360009B93428F
:10A8800028BF13460A689846DAF8003043F00123DF
:10A8900043F4800323EA020323F0785BC4F800B09A
:10A8A0002A682AB1002000BF01302B689842FAD3F1
:10A8B0004BF040624BF06060226001922060FEF736
:10A8C00039FD019A2260FEF735FD4BF000524BF046
:10A8D0000850226001922060FEF72CFD019A226050
:10A8E000FEF728FD079B03F00F024BEA826242F05D
:10A8F0000070226001922060FEF71CFD019A226028
:10A90000FEF718FD069B03F00F024BEA826242F04D
:10A910000070226001922060FEF70CFD019A226017
:10A92000FEF708FD059B03F00F024BEA826242F03E
:10A930000070226001922060FEF7FCFC019A226008
:10A94000FEF7F8FC039B03F00F024BEA826242F031
:10A950000070226001922060FEF7ECFC019A2260F8
:10A96000FEF7E8FC029B03F00F024BEA826242F022
:10A970000070226001922060FEF7DCFC019A2260E8
:10A98000FEF7D8FC049B4BEA836242F00070226021
:10A9900001922060FEF7CEFC019A2260FEF7CAFC0D
:10A9A0003449B8F1000F5ED008EB090C09F1FF3013
:10A9B0000CF1FF3C10F8013F1B094BEA836343F0A5
:10A9C00000722360226000BF00BF00BF00BF00BF55
:10A9D00000BF00BF00BF236000BF00BF00BF00BFBB
:10A9E00000BF00BF00BF00BF037803F00F034BEAB6
:10A9F000836343F000722360226000BF00BF00BF8A
:10AA000000BF00BF00BF00BF00BF236000BF00BF8A
:10AA100000BF00BF00BF00BF00BF00BF6045C9D17D
:10AA2000DAF80030236033682BB1002200BF013216
:10AA300033689A42FAD3009BB3EB080300930FD01C
:10AA40004744C1443B0D07933B0C06933B0B0593D6
:10AA50003B0A03933B09029307F00F03049307E7B4
:10AA600009B0BDE8F08FDAF8003023603368002BBE
:10AA7000DBD1FDE61C2F002024F3022028F3022066
:10AA800000C00042182F00201CF30220002A00F012
:10AA90004781030D2DE9F04F8BB08146DFF898B266
:10AAA0000993030C9F4F0893030B9F4E0793030AD0
:10AAB000DFF88882059303099C4C049300F00F0390
:10AAC0000192069363689A4A43F07D53106863606D
:10AAD000019BDBF80050834245F0012528BF034667
:10AAE00045F480059A46934B1B6825EA030525F03B
:10AAF000785525603B682BB1002000BF01303B68D2
:10AB00009842FAD345F0605345F0685003912360B2
:10AB100002932060FEF70EFC029B2360FEF70AFC06
:10AB200045F0305345F03850236002932060FEF723
:10AB300001FC029B2360FEF7FDFB099B03F00F0362
:10AB400045EA836343F00070236002932060FEF7C0
:10AB5000F1FB029B2360FEF7EDFB089B03F00F0364
:10AB600045EA836343F00070236002932060FEF7A0
:10AB7000E1FB029B2360FEF7DDFB079B03F00F0365
:10AB800045EA836343F00070236002932060FEF780
:10AB9000D1FB029B2360FEF7CDFB059B03F00F0367
:10ABA00045EA836343F00070236002932060FEF760
:10ABB000C1FB029B2360FEF7BDFB049B03F00F0368
:10ABC00045EA836343F00070236002932060FEF740
:10ABD000B1FB029B2360FEF7ADFB069B45EA836356
:10ABE00043F00070236002932060FEF7A3FB029BFA
:10ABF0002360FEF79FFB6368039923F07053636043
:10AC00003368C3B145F000730020236000BF00BF6C
:10AC100000BF00BF00BF00BF00BF00BF256000BF76
:10AC200000BF00BF00BF00BF00BF00BF00BF0130BA
:10AC300032688242E9D8BAF1000F62D00AEB010E05
:10AC400045F00072481E0EF1FF3E226000BF00BFBB
:10AC500000BF00BF00BF00BF00BF00BFD4F808C0E6
:10AC6000256000BF00BF00BF00BF00BF00BF00BF26
:10AC700000BF226000BF00BF00BF00BF00BF00BF19
:10AC800000BF00BFA368256000BF00BF00BF00BFBA
:10AC900000BF00BF00BF00BF4FEA9C6CC3F38363DB
:10ACA00043EA0C1300F8013F7045CED1DBF80030C9
:10ACB0002360636843F07D536360D8F8003033B19C
:10ACC000002000BF0130D8F800309842F9D3019B32
:10ACD000B3EB0A03019320D0D14451444FEA1953F6
:10ACE00009934FEA194308934FEA193307934FEA40
:10ACF000192305934FEA1913049309F00F030693E0
:10AD0000E0E6DBF800302360636843F07D53636066
:10AD1000D8F80030002BD3D1D4E60BB0BDE8F08FCB
:10AD2000704700BF24F30220202F002000C0004203
:10AD3000182F00201C2F00201CF3022028F30220D3
:10AD4000F8B507460E460724114D46FA04F39B0654
:10AD500003F080633B4343F000722B602A6000BF26
:10AD600000BF00BF00BF00BF00BF00BF00BF00BFEB
:10AD700000BF00BF00BF00BF2B6000BF00BF00BF0F
:10AD800000BF00BFFEF7D6FA013CDED2F8BD00BF1F
:10AD900000C000422DE9F04F85B0CDE90021002A26
:10ADA0006ED0C3B283463B4F040C060ADFF8F8802E
:10ADB000DFF8F8A00393DAF80430374A43F07D5304
:10ADC000364D1268CAF80430009B934228BF1346E0
:10ADD000334A9946334B12681B681D4325EA020526
:10ADE00025F0785545F04055CAF800503A683AB118
:10ADF000002300BF01333A689342FAD3294B1B6802
:10AE0000022128460293FFF79BFFE1B22846FFF795
:10AE100097FF2846F1B2FFF793FF03992846FFF703
:10AE20008FFF029BB9F1000F2DD0019A029309EB1D
:10AE30000204561E013C16F8011F2846FFF780FF4A
:10AE4000A642F8D1029BCAF80030D8F8003033B1DE
:10AE5000002300BF0133D8F800209342F9D3009BB0
:10AE6000B3EB090300930BD0019BCB444B444FEA57
:10AE70001B444FEA1B2601935FFA8BF303939AE777
:10AE800005B0BDE8F08FCAF80030D8F80030002BCC
:10AE9000DED190E724F30220182F002000014001AA
:10AEA0001C2F00201CF3022028F3022000C00042C7
:10AEB0002DE9F04F85B00092002A00F09B800B46F0
:10AEC0008146C1B2524A534F4FEA104B4FEA102A03
:10AED000514E524C01916168514841F07D51514DA4
:10AEE000006861600099814228BF01468846116868
:10AEF0000D434D49096825EA010525F0785545F0CF
:10AF000040502060396839B14FF0000C00BF0CF19F
:10AF1000010C39688C45F9D3032103930290FFF7A4
:10AF20000FFF5FFA8BF10298FFF70AFF02985FFAB2
:10AF30008AF1FFF705FFDDE90110FFF701FF616806
:10AF4000029821F00061324A039B6160B8F1000F62
:10AF500053D008EB030B45F0485503F1FF3A0BF1D2
:10AF6000FF3B4FF0080C4FF0000E256000BF00BF04
:10AF700000BF00BF00BF00BF00BF00BF00BF00BFD9
:10AF800000BF00BF00BFA1682060C1F3C06141EAFB
:10AF90004E0E00BF00BF00BF00BF00BF00BF00BF1C
:10AFA00000BF00BF00BF00BF00BF00BFBCF1010C6D
:10AFB000DBD10AF801EFDA45D3D11168216061686D
:10AFC00041F07D516160316829B1002100BF01313C
:10AFD00030688142FAD30099B1EB0801009109D0A1
:10AFE000C14443445FFA89F14FEA194B4FEA192AE9
:10AFF000019170E705B0BDE8F08F116821606168CC
:10B0000041F07D51616031680029DED163E700BF06
:10B010001CF3022024F3022028F3022000C0004287
:10B02000182F0020000140011C2F0020002A00F0F2
:10B03000E4800B46010C2DE9F04F87B08146DFF824
:10B04000D4A10191010A6D4F0091C1B26C4E6D4DBA
:10B050006D4C02916D486168006841F07D519042ED
:10B06000616028BF1046DAF80010804641F00121E7
:10B07000674841F48001006821EA000C2CF0785BFD
:10B080004BF040502060396839B14FF0000C00BFE0
:10B090000CF1010C39688C45F9D30B210390CDE9F3
:10B0A0000432FFF74DFE9DF804100398FFF748FEA9
:10B0B0009DF800100398FFF743FEDDE90210FFF74B
:10B0C0003FFE6168059A21F0006161603168DDE949
:10B0D0000303002926D04BF048514FF0000C9E4648
:10B0E000216000BF00BF00BF00BF00BF00BF00BFA6
:10B0F00000BF00BF00BF00BF00BF00BF206000BF97
:10B1000000BF00BF00BF00BF00BF00BF00BF00BF47
:10B1100000BF00BF00BF00BF0CF1010C33686345E6
:10B12000DED87346B8F1000F59D04BF0485C194691
:10B1300008EB030B03F1FF3E63468C460BF1FF3B2C
:10B14000CDE900894FF008084FF00009236000BFE7
:10B1500000BF00BF00BF00BF00BF00BF00BF00BFF7
:10B1600000BF00BF00BF00BFA1682060C1F3C06185
:10B1700041EA490900BF00BF00BF00BF00BF00BFD8
:10B1800000BF00BF00BF00BF00BF00BF00BFB8F1DD
:10B190000108DBD10EF8019FDE45D3D1DAF80010AB
:10B1A0006346DDE900892160616841F07D5161609D
:10B1B000296829B1002100BF013128688142FAD3F2
:10B1C000B2EB080216D0C14443444FEA1941019141
:10B1D0004FEA192100915FFA89F102913AE7DAF812
:10B1E00000102160616841F07D516160296800298B
:10B1F000E0D12FE707B0BDE8F08F704724F30220BD
:10B20000282F002028F3022000C00042182F002021
:10B210001C2F00201CF30220F8B507460E46072419
:10B22000124D46FA04F39B0603F080633B4343F060
:10B2300000722B602A6000BF00BF00BF00BF00BFCC
:10B2400000BF00BF00BF00BF00BF00BF00BF00BF06
:10B2500000BF2B6000BF00BF00BF00BF00BF00BF2A
:10B26000FEF768F8013CDCD2F8BD00BF00C0004228
:10B270002DE9F04F85B0CDE90021002A6ED0C3B290
:10B2800083463B4F040C060ADFF8F880DFF8F8A08D
:10B290000393DAF80430374A43F07D53364D126891
:10B2A000CAF80430009B934228BF1346334A99469C
:10B2B000334B12681B681D4325EA020525F07855BB
:10B2C00045F04055CAF800503A683AB1002300BF33
:10B2D00001333A689342FAD3294B1B68022128466E
:10B2E0000293FFF799FFE1B22846FFF795FF284642
:10B2F000F1B2FFF791FF03992846FFF78DFF029BFC
:10B30000B9F1000F2DD0019A029309EB0204561EE9
:10B31000013C16F8011F2846FFF77EFFA642F8D130
:10B32000029BCAF80030D8F8003033B1002300BFC8
:10B330000133D8F800209342F9D3009BB3EB090303
:10B3400000930BD0019BCB444B444FEA1B444FEA84
:10B350001B2601935FFA8BF303939AE705B0BDE8D0
:10B36000F08FCAF80030D8F80030002BDED190E71B
:10B3700024F30220182F0020000140011C2F002080
:10B380001CF3022028F3022000C000422DE9F04FF8
:10B3900085B00092002A00F09D800B46544A010CB3
:10B3A000544F4FEA102A544E544C81465FFA80FBAA
:10B3B00001916168524841F07D51524D00686160D1
:10B3C0000099814228BF0146884611680D434E49C5
:10B3D000096825EA010525F0785545F040502060C0
:10B3E000396839B14FF0000C00BF0CF1010C39681D
:10B3F0008C45F9D3032103930290FFF70DFF9DF8CD
:10B4000004100298FFF708FF02985FFA8AF1FFF72D
:10B4100003FF59460298FFF7FFFE6168029821F08A
:10B420000061334A039B6160B8F1000F55D008EB0F
:10B43000030B45F0485503F1FF3A0BF1FF3B4FF08A
:10B44000080C4FF0000E256000BF00BF00BF00BF1A
:10B4500000BF00BF00BF00BF00BF00BF00BF00BFF4
:10B4600000BF00BFA1682060C1F3C06141EA4E0E79
:10B4700000BF00BF00BF00BF00BF00BF00BF00BFD4
:10B4800000BF00BF00BF00BF00BF00BFBCF1010C88
:10B49000D9D10AF801EFDA45D1D11168216061688C
:10B4A00041F07D516160316829B1002100BF013157
:10B4B00030688142FAD30099B1EB0801009109D0BC
:10B4C000C14443444FEA19414FEA192A5FFA89FB04
:10B4D00001916EE705B0BDE8F08F116821606168E9
:10B4E00041F07D51616031680029DED161E700BF24
:10B4F0001CF3022024F3022028F3022000C00042A3
:10B50000182F0020000140011C2F0020002A00F00D
:10B51000E8800B46010C2DE9F04F87B08146DFF83B
:10B52000DCA10191010A6F4F0091C1B26E4E6F4DC7
:10B530006F4C02916F486168006841F07D51904204
:10B54000616028BF1046DAF80010804641F0012102
:10B55000694841F48001006821EA000C2CF0785B16
:10B560004BF040502060396839B14FF0000C00BFFB
:10B570000CF1010C39688C45F9D30B210390CDE90E
:10B580000432FFF749FE9DF804100398FFF744FECC
:10B590009DF800100398FFF73FFEDDE90210FFF76A
:10B5A0003BFE6168059A21F0006161603168DDE968
:10B5B0000303002928D04BF048514FF0000C9E4661
:10B5C000216000BF00BF00BF00BF00BF00BF00BFC1
:10B5D00000BF00BF00BF00BF00BF00BF00BF2060B2
:10B5E00000BF00BF00BF00BF00BF00BF00BF00BF63
:10B5F00000BF00BF00BF00BF00BF00BF0CF1010CC7
:10B6000033686345DCD87346B8F1000F5BD04BF06C
:10B61000485C194608EB030B03F1FF3E63468C467A
:10B620000BF1FF3BCDE900894FF008084FF000090E
:10B63000236000BF00BF00BF00BF00BF00BF00BF4E
:10B6400000BF00BF00BF00BF00BF00BF00BFA168B8
:10B650002060C1F3C06141EA490900BF00BF00BFDB
:10B6600000BF00BF00BF00BF00BF00BF00BF00BFE2
:10B6700000BF00BF00BFB8F10108D9D10EF8019F8B
:10B68000DE45D1D1DAF800106346DDE9008921609A
:10B69000616841F07D516160296829B1002100BFD6
:10B6A000013128688142FAD3B2EB080216D0C144B6
:10B6B00043444FEA194101914FEA192100915FFA81
:10B6C00089F1029136E7DAF800102160616841F0F3
:10B6D0007D51616029680029E0D12BE707B0BDE802
:10B6E000F08F704724F30220282F002028F3022037
:10B6F00000C00042182F00201C2F00201CF3022045
:10B700002DE9F04180460F460725124E47FA05F411
:10B71000A40604F0806444EA080444F00073346032
:10B72000336000BF00BF00BF00BF00BF00BF00BF4D
:10B7300000BFFDF7FFFD346000BF00BF00BF00BFCA
:10B7400000BF00BF00BF00BFFDF7F4FD013DDDD22B
:10B75000BDE8F08100C000422DE9F04F85B0CDE991
:10B760000021002A6ED0C3B283463B4F040C060A68
:10B77000DFF8F880DFF8F8A00393DAF80430374AEE
:10B7800043F07D53364D1268CAF80430009B934253
:10B7900028BF1346334A9946334B12681B681D4332
:10B7A00025EA020525F0785545F04055CAF80050C5
:10B7B0003A683AB1002300BF01333A689342FAD3A2
:10B7C000294B1B68022128460293FFF799FFE1B23B
:10B7D0002846FFF795FF2846F1B2FFF791FF03993E
:10B7E0002846FFF78DFF029BB9F1000F2DD0019A7B
:10B7F000029309EB0204561E013C16F8011F28466D
:10B80000FFF77EFFA642F8D1029BCAF80030D8F8B5
:10B81000003033B1002300BF0133D8F80020934239
:10B82000F9D3009BB3EB090300930BD0019BCB44EE
:10B830004B444FEA1B444FEA1B2601935FFA8BF3FC
:10B8400003939AE705B0BDE8F08FCAF80030D8F846
:10B850000030002BDED190E724F30220182F0020C7
:10B86000000140011C2F00201CF3022028F30220BD
:10B8700000C000422DE9F04F85B00092002A00F090
:10B88000A1800B46564A010C564F4FEA102A564EDD
:10B89000564C81465FFA80FB01916168544841F043
:10B8A0007D51544D006861600099814228BF014676
:10B8B000884611680D435049096825EA010525F0BD
:10B8C000785545F040502060396839B14FF0000C90
:10B8D00000BF0CF1010C39688C45F9D303210393A7
:10B8E0000290FFF70DFF9DF804100298FFF708FF84
:10B8F00002985FFA8AF1FFF703FF59460298FFF7B3
:10B90000FFFE6168029821F00061354A039B616087
:10B91000B8F1000F59D008EB030B45F0485503F17F
:10B92000FF3A0BF1FF3B4FF0080C4FF0000E256083
:10B9300000BF00BF00BF00BF00BF00BF00BF00BF0F
:10B9400000BF00BF00BF00BF00BF00BF00BF00BFFF
:10B95000A1682060C1F3C06141EA4E0E00BF00BF84
:10B9600000BF00BF00BF00BF00BF00BF00BF00BFDF
:10B9700000BF00BF00BF00BF00BF00BFBCF1010C93
:10B98000D5D10AF801EFDA45CDD11168216061689F
:10B9900041F07D516160316829B1002100BF013162
:10B9A00030688142FAD30099B1EB0801009109D0C7
:10B9B000C14443444FEA19414FEA192A5FFA89FB0F
:10B9C00001916AE705B0BDE8F08F116821606168F8
:10B9D00041F07D51616031680029DED15DE700BF33
:10B9E0001CF3022024F3022028F3022000C00042AE
:10B9F000182F0020000140011C2F0020002A00F019
:10BA0000F0800B46010C2DE9F04F87B08146DFF83E
:10BA1000ECA10191010A734F0091C1B2724E734DB6
:10BA2000734C029173486168006841F07D51904207
:10BA3000616028BF1046DAF80010804641F001210D
:10BA40006D4841F48001006821EA000C2CF0785B1D
:10BA50004BF040502060396839B14FF0000C00BF06
:10BA60000CF1010C39688C45F9D30B210390CDE919
:10BA70000432FFF745FE9DF804100398FFF740FEDF
:10BA80009DF800100398FFF73BFEDDE90210FFF779
:10BA900037FE6168059A21F0006161603168DDE977
:10BAA000030300292CD04BF048514FF0000C9E4668
:10BAB000216000BF00BF00BF00BF00BF00BF00BFCC
:10BAC00000BF00BF00BF00BF00BF00BF00BF00BF7E
:10BAD00000BF206000BF00BF00BF00BF00BF00BFAD
:10BAE00000BF00BF00BF00BF00BF00BF00BF00BF5E
:10BAF00000BF00BF0CF1010C33686345D8D8734612
:10BB0000B8F1000F5FD04BF0485C194608EB030B0F
:10BB100003F1FF3E63468C460BF1FF3BCDE9008904
:10BB20004FF008084FF00009236000BF00BF00BFBE
:10BB300000BF00BF00BF00BF00BF00BF00BF00BF0D
:10BB400000BF00BF00BF00BF00BFA1682060C1F3FD
:10BB5000C06141EA490900BF00BF00BF00BF00BF8C
:10BB600000BF00BF00BF00BF00BF00BF00BF00BFDD
:10BB700000BF00BF00BFB8F10108D5D10EF8019F8A
:10BB8000DE45CDD1DAF800106346DDE90089216099
:10BB9000616841F07D516160296829B1002100BFD1
:10BBA000013128688142FAD3B2EB080216D0C144B1
:10BBB00043444FEA194101914FEA192100915FFA7C
:10BBC00089F102912EE7DAF800102160616841F0F6
:10BBD0007D51616029680029E0D123E707B0BDE805
:10BBE000F08F704724F30220282F002028F3022032
:10BBF00000C00042182F00201C2F00201CF3022040
:10BC00002DE9F04180460F460725144E47FA05F40A
:10BC1000A40604F0806444EA080444F0007334602D
:10BC2000336000BF00BF00BF00BF00BF00BF00BF48
:10BC300000BF00BF00BFFDF77DFB346000BF00BF49
:10BC400000BF00BF00BF00BF00BF00BF00BF00BFFC
:10BC5000FDF770FB013DD9D2BDE8F08100C0004284
:10BC60002DE9F04F85B0CDE90021002A6ED0C3B296
:10BC700083463B4F040C060ADFF8F880DFF8F8A093
:10BC80000393DAF80430374A43F07D53364D126897
:10BC9000CAF80430009B934228BF1346334A9946A2
:10BCA000334B12681B681D4325EA020525F07855C1
:10BCB00045F04055CAF800503A683AB1002300BF39
:10BCC00001333A689342FAD3294B1B680221284674
:10BCD0000293FFF795FFE1B22846FFF791FF284650
:10BCE000F1B2FFF78DFF03992846FFF789FF029B0A
:10BCF000B9F1000F2DD0019A029309EB0204561EF0
:10BD0000013C16F8011F2846FFF77AFFA642F8D13A
:10BD1000029BCAF80030D8F8003033B1002300BFCE
:10BD20000133D8F800209342F9D3009BB3EB090309
:10BD300000930BD0019BCB444B444FEA1B444FEA8A
:10BD40001B2601935FFA8BF303939AE705B0BDE8D6
:10BD5000F08FCAF80030D8F80030002BDED190E721
:10BD600024F30220182F0020000140011C2F002086
:10BD70001CF3022028F3022000C000422DE9F04FFE
:10BD800085B00092002A00F0A5800B46584A010CAD
:10BD9000584F4FEA102A584E584C81465FFA80FBA4
:10BDA00001916168564841F07D51564D00686160CF
:10BDB0000099814228BF0146884611680D435249C7
:10BDC000096825EA010525F0785545F040502060C6
:10BDD000396839B14FF0000C00BF0CF1010C396823
:10BDE0008C45F9D3032103930290FFF709FF9DF8D7
:10BDF00004100298FFF704FF02985FFA8AF1FFF738
:10BE0000FFFE59460298FFF7FBFE6168029821F099
:10BE10000061374A039B6160B8F1000F5DD008EB09
:10BE2000030B45F0485503F1FF3A0BF1FF3B4FF090
:10BE3000080C4FF0000E256000BF00BF00BF00BF20
:10BE400000BF00BF00BF00BF00BF00BF00BF00BFFA
:10BE500000BF00BF00BF00BF00BF00BFA1682060DF
:10BE6000C1F3C06141EA4E0E00BF00BF00BF00BF7A
:10BE700000BF00BF00BF00BF00BF00BF00BF00BFCA
:10BE800000BF00BF00BF00BF00BF00BFBCF1010C7E
:10BE9000D1D10AF801EFDA45C9D111682160616892
:10BEA00041F07D516160316829B1002100BF01314D
:10BEB00030688142FAD30099B1EB0801009109D0B2
:10BEC000C14443444FEA19414FEA192A5FFA89FBFA
:10BED000019166E705B0BDE8F08F116821606168E7
:10BEE00041F07D51616031680029DED159E700BF22
:10BEF0001CF3022024F3022028F3022000C0004299
:10BF0000182F0020000140011C2F0020002A00F003
:10BF1000F8800B46010C2DE9F04F87B08146DFF821
:10BF2000FCA10291010A774F0191C1B2764E774D83
:10BF3000774C009177486168006841F07D519042EC
:10BF4000616028BF1046DAF80010804641F00121F8
:10BF5000714841F48001006821EA000C2CF0785B04
:10BF60004BF040502060396839B14FF0000C00BFF1
:10BF70000CF1010C39688C45F9D30B210390CDE904
:10BF80000432FFF73DFE9DF808100398FFF738FED6
:10BF90009DF804100398FFF733FE00990398FFF70C
:10BFA0002FFE6168059A21F0006161603168DDE96A
:10BFB0000303002930D04BF048514FF0000C9E464F
:10BFC000216000BF00BF00BF00BF00BF00BF00BFB7
:10BFD00000BF00BF00BF00BF00BF00BF00BF00BF69
:10BFE00000BF00BF00BF206000BF00BF00BF00BF98
:10BFF00000BF00BF00BF00BF00BF00BF00BF00BF49
:10C0000000BF00BF00BF00BF00BF00BF0CF1010CAC
:10C0100033686345D4D87346B8F1000F63D04BF052
:10C02000485C194608EB030B03F1FF3E63468C4660
:10C030000BF1FF3BCDE900894FF008084FF00009F4
:10C04000236000BF00BF00BF00BF00BF00BF00BF34
:10C0500000BF00BF00BF00BF00BF00BF00BF00BFE8
:10C0600000BF00BF00BFA1682060C1F3C06141EA0A
:10C07000490900BF00BF00BF00BF00BF00BF00BF35
:10C0800000BF00BF00BF00BF00BF00BF00BF00BFB8
:10C0900000BF00BF00BFB8F10108D1D10EF8019F69
:10C0A000DE45C9D1DAF800106346DDE90089216078
:10C0B000616841F07D516160296829B1002100BFAC
:10C0C000013128688142FAD3B2EB080216D0C1448C
:10C0D00043444FEA194102914FEA192101915FFA55
:10C0E00089F1009126E7DAF800102160616841F0DB
:10C0F0007D51616029680029E0D11BE707B0BDE8E8
:10C10000F08F704724F30220282F002028F302200C
:10C1100000C00042182F00201C2F00201CF302201A
:10C120002DE9F04F89B00092002A00F02181030D23
:10C1300089460746DFF860A20793030C91490693EE
:10C14000030B914D0593030A904E03930309904C02
:10C15000029300F00F03049363688E4A43F07D530B
:10C1600012686360009B934228BF13460A68984692
:10C17000DAF8003043F0012343F4800323EA02039A
:10C1800023F0785BC4F800B02A682AB1002000BF11
:10C1900001302B689842FAD34BF040624BF060605C
:10C1A00022600192206000BFFDF7C4F8019A22606E
:10C1B00000BFFDF7BFF84BF000524BF00850226073
:10C1C0000192206000BFFDF7B5F8019A226000BF20
:10C1D000FDF7B0F8079B03F00F024BEA826242F0D2
:10C1E000007022600192206000BFFDF7A3F8019A61
:10C1F000226000BFFDF79EF8069B03F00F024BEA9A
:10C20000826242F0007022600192206000BFFDF760
:10C2100091F8019A226000BFFDF78CF8059B03F0AE
:10C220000F024BEA826242F00070226001922060AD
:10C2300000BFFDF77FF8019A226000BFFDF77AF892
:10C24000039B03F00F024BEA826242F0007022600F
:10C250000192206000BFFDF76DF8019A226000BFD7
:10C26000FDF768F8029B03F00F024BEA826242F08E
:10C27000007022600192206000BFFDF75BF8019A18
:10C28000226000BFFDF756F8049B4BEA836242F040
:10C29000007022600192206000BFFDF74BF8019A08
:10C2A000226000BFFDF746F83649B8F1000F62D0B2
:10C2B00008EB090C09F1FF300CF1FF3C10F8013FCD
:10C2C0001B094BEA836343F000722360226000BFC6
:10C2D00000BF00BF00BF00BF00BF00BF00BF00BF66
:10C2E000236000BF00BF00BF00BF00BF00BF00BF92
:10C2F00000BF00BF037803F00F034BEA836343F0F2
:10C3000000722360226000BF00BF00BF00BF00BFFB
:10C3100000BF00BF00BF00BF236000BF00BF00BF61
:10C3200000BF00BF00BF00BF00BF00BF6045C5D158
:10C33000DAF80030236033682BB1002200BF0132ED
:10C3400033689A42FAD3009BB3EB080300930FD0F3
:10C350004744C1443B0D07933B0C06933B0B0593AD
:10C360003B0A03933B09029307F00F030493F3E6A0
:10C3700009B0BDE8F08FDAF8003023603368002B95
:10C38000DBD1E9E61C2F002024F3022028F3022051
:10C3900000C00042182F00201CF30220002A00F0E9
:10C3A0006C81030D2DE9F04F8BB08146DFF870B240
:10C3B0000993030C954F0893030B954E0793030ABB
:10C3C000DFF8608205930309924C049300F00F0399
:10C3D000019206936368904A43F07D53106863604E
:10C3E000019BDBF80050834245F0012528BF03463E
:10C3F00045F480059A46894B1B6825EA030525F01C
:10C40000785525603B682BB1002000BF01303B68A8
:10C410009842FAD345F0605345F068500391236089
:10C420000293206000BFFCF785FF029B236000BFE2
:10C43000FCF780FF45F0305345F0385023600293FD
:10C44000206000BFFCF776FF029B236000BFFCF773
:10C4500071FF099B03F00F0345EA836343F000700B
:10C4600023600293206000BFFCF764FF029B2360FF
:10C4700000BFFCF75FFF089B03F00F0345EA8363EF
:10C4800043F0007023600293206000BFFCF752FF6E
:10C49000029B236000BFFCF74DFF079B03F00F03D7
:10C4A00045EA836343F0007023600293206000BF7D
:10C4B000FCF740FF029B236000BFFCF73BFF059B9E
:10C4C00003F00F0345EA836343F000702360029397
:10C4D000206000BFFCF72EFF029B236000BFFCF72B
:10C4E00029FF049B03F00F0345EA836343F00070C8
:10C4F00023600293206000BFFCF71CFF029B2360B7
:10C5000000BFFCF717FF069B45EA836343F000700A
:10C5100023600293206000BFFCF70CFF029B2360A6
:10C5200000BFFCF707FF6368039923F07053636053
:10C530003368D3B145F000730020236000BF00BF13
:10C5400000BF00BF00BF00BF00BF00BF00BF25602D
:10C5500000BF00BF00BF00BF00BF00BF00BF00BFE3
:10C5600000BF013032688242E7D8BAF1000F75D0BF
:10C570000AEB010E45F00072481E0EF1FF3E2260EC
:10C5800000BF00BF00BF00BF00BF00BF00BF00BFB3
:10C5900000BFD4F808C0256000BF00BF00BF00BFC7
:10C5A00000BF00BF00BF00BF00BF226000BF00BFD0
:10C5B00000BF00BF00BF00BF00BF00BF00BFA36837
:10C5C000256000BF00BF00BF00BF00BF00BF00BFAD
:10C5D00000BF00BF4FEA9C6CC3F3836343EA0C13B4
:10C5E00000F8013F7045CAD1DBF800302360636872
:10C5F00043F07D536360D8F80030ABB1002000BF3A
:10C600000130D8F800309842F9D30DE024F302202D
:10C61000202F002000C00042182F00201C2F0020D7
:10C620001CF3022028F30220019BB3EB0A030193C1
:10C6300020D0D14451444FEA195309934FEA19438A
:10C6400008934FEA193307934FEA192305934FEAEA
:10C650001913049309F00F030693BBE6DBF80030CF
:10C660002360636843F07D536360D8F80030002B8B
:10C67000C4D1AFE60BB0BDE8F08F70472DE9F041B3
:10C6800080460F460725164E47FA05F4A40604F027
:10C69000806444EA080444F000733460336000BFEF
:10C6A00000BF00BF00BF00BF00BF00BF00BF00BF92
:10C6B00000BF00BF00BFFCF73DFE346000BF00BFFD
:10C6C00000BF00BF00BF00BF00BF00BF00BF00BF72
:10C6D00000BF00BFFCF72EFE013DD5D2BDE8F081C2
:10C6E00000C000422DE9F04F85B0CDE90021002ABD
:10C6F0006ED0C3B283463B4F040C060ADFF8F880C5
:10C70000DFF8F8A00393DAF80430374A43F07D539A
:10C71000364D1268CAF80430009B934228BF134676
:10C72000334A9946334B12681B681D4325EA0205BC
:10C7300025F0785545F04055CAF800503A683AB1AE
:10C74000002300BF01333A689342FAD3294B1B6898
:10C75000022128460293FFF791FFE1B22846FFF736
:10C760008DFF2846F1B2FFF789FF03992846FFF7AE
:10C7700085FF029BB9F1000F2DD0019A029309EBBE
:10C780000204561E013C16F8011F2846FFF776FFEB
:10C79000A642F8D1029BCAF80030D8F8003033B175
:10C7A000002300BF0133D8F800209342F9D3009B47
:10C7B000B3EB090300930BD0019BCB444B444FEAEE
:10C7C0001B444FEA1B2601935FFA8BF303939AE70E
:10C7D00005B0BDE8F08FCAF80030D8F80030002B63
:10C7E000DED190E724F30220182F00200001400141
:10C7F0001C2F00201CF3022028F3022000C000425E
:10C800002DE9F04F85B00092002A00F0A9800B4678
:10C810005A4A010C5A4F4FEA102A5A4E5A4C814636
:10C820005FFA80FB01916168584841F07D51584D95
:10C83000006861600099814228BF014688461168FE
:10C840000D435449096825EA010525F0785545F05E
:10C8500040502060396839B14FF0000C00BF0CF136
:10C86000010C39688C45F9D3032103930290FFF73B
:10C8700005FF9DF804100298FFF700FF02985FFA89
:10C880008AF1FFF7FBFE59460298FFF7F7FE616851
:10C89000029821F00061394A039B6160B8F1000FF2
:10C8A00061D008EB030B45F0485503F1FF3A0BF15B
:10C8B000FF3B4FF0080C4FF0000E256000BF00BF9B
:10C8C00000BF00BF00BF00BF00BF00BF00BF00BF70
:10C8D00000BF00BF00BF00BF00BF00BF00BF00BF60
:10C8E00000BF00BFA1682060C1F3C06141EA4E0EE5
:10C8F00000BF00BF00BF00BF00BF00BF00BF00BF40
:10C9000000BF00BF00BF00BF00BF00BF00BF00BF2F
:10C9100000BF00BF00BF00BFBCF1010CCDD10AF8C1
:10C9200001EFDA45C5D111682160616841F07D51A0
:10C930006160316829B1002100BF01313068814256
:10C94000FAD30099B1EB0801009109D0C1444344E6
:10C950004FEA19414FEA192A5FFA89FB019162E710
:10C9600005B0BDE8F08F11682160616841F07D512C
:10C97000616031680029DED155E700BF1CF3022059
:10C9800024F3022028F3022000C00042182F0020C8
:10C99000000140011C2F0020002A00F000810B46FE
:10C9A000010C2DE9F04F87B08146DFF80CA202910F
:10C9B000010A7B4F0191C1B27A4E7B4D7B4C0091B5
:10C9C0007B486168006841F07D519042616028BFFA
:10C9D0001046DAF80010804641F00121754841F414
:10C9E0008001006821EA000121F0785B4BF04050A3
:10C9F0002060396839B14FF0000C00BF0CF1010C18
:10CA000039688C45F9D30B210390CDE90432FFF747
:10CA100035FE9DF808100398FFF730FE9DF80410CE
:10CA20000398FFF72BFE00990398FFF727FE616834
:10CA3000059A21F0006161603168DDE90303002996
:10CA400034D04BF048514FF0000C9E46216000BF9F
:10CA500000BF00BF00BF00BF00BF00BF00BF00BFDE
:10CA600000BF00BF00BF00BF00BF00BF00BF00BFCE
:10CA700000BF00BF00BF206000BF00BF00BF00BFFD
:10CA800000BF00BF00BF00BF00BF00BF00BF00BFAE
:10CA900000BF00BF00BF00BF00BF00BF00BF00BF9E
:10CAA0000CF1010C33686345D0D87346B8F1000F20
:10CAB00067D04BF0485C194608EB030B03F1FF3ECF
:10CAC00063468C460BF1FF3BCDE900894FF0080827
:10CAD0004FF00009236000BF00BF00BF00BF00BFD0
:10CAE00000BF00BF00BF00BF00BF00BF00BF00BF4E
:10CAF00000BF00BF00BF00BF00BF00BF00BFA168F4
:10CB00002060C1F3C06141EA490900BF00BF00BF16
:10CB100000BF00BF00BF00BF00BF00BF00BF00BF1D
:10CB200000BF00BF00BF00BF00BF00BF00BF00BF0D
:10CB300000BFB8F10108CDD10EF8019FDE45C5D187
:10CB4000DAF800106346DDE900892160616841F090
:10CB50007D516160296829B1002100BF0131286839
:10CB60008142FAD3B2EB080216D0C14443444FEAE3
:10CB7000194102914FEA192101915FFA89F100915F
:10CB80001EE7DAF800102160616841F07D516160B4
:10CB900029680029E0D113E707B0BDE8F08F70479E
:10CBA00024F30220282F002028F3022000C0004296
:10CBB000182F00201C2F00201CF302202DE9F0412B
:10CBC00080460F4607251A4E47FA05F4A40604F0DE
:10CBD000806444EA080444F000733460336000BFAA
:10CBE00000BF00BF00BF00BF00BF00BF00BF00BF4D
:10CBF00000BF00BF00BF00BF00BF00BF00BFFCF709
:10CC000099FB346000BF00BF00BF00BF00BF00BF82
:10CC100000BF00BF00BF00BF00BF00BF00BF00BF1C
:10CC200000BF00BFFCF786FB013DCDD2BDE8F0811F
:10CC300000C000422DE9F04F85B0CDE90021002A67
:10CC40006ED0C3B283463B4F040C060ADFF8F8806F
:10CC5000DFF8F8A00393DAF80430374A43F07D5345
:10CC6000364D1268CAF80430009B934228BF134621
:10CC7000334A9946334B12681B681D4325EA020567
:10CC800025F0785545F04055CAF800503A683AB159
:10CC9000002300BF01333A689342FAD3294B1B6843
:10CCA000022128460293FFF789FFE1B22846FFF7E9
:10CCB00085FF2846F1B2FFF781FF03992846FFF769
:10CCC0007DFF029BB9F1000F2DD0019A029309EB71
:10CCD0000204561E013C16F8011F2846FFF76EFF9E
:10CCE000A642F8D1029BCAF80030D8F8003033B120
:10CCF000002300BF0133D8F800209342F9D3009BF2
:10CD0000B3EB090300930BD0019BCB444B444FEA98
:10CD10001B444FEA1B2601935FFA8BF303939AE7B8
:10CD200005B0BDE8F08FCAF80030D8F80030002B0D
:10CD3000DED190E724F30220182F002000014001EB
:10CD40001C2F00201CF3022028F3022000C0004208
:10CD50002DE9F04F85B00092002A00F0B1800B461B
:10CD60005E4A010C5E4F4FEA102A5E4E5E4C8146D1
:10CD70005FFA80FB019161685C4841F07D515C4D38
:10CD8000006861600099814228BF014688461168A9
:10CD90000D435849096825EA010525F0785545F005
:10CDA00040502060396839B14FF0000C00BF0CF1E1
:10CDB000010C39688C45F9D3032103930290FFF7E6
:10CDC000FDFE9DF804100298FFF7F8FE02985FFA46
:10CDD0008AF1FFF7F3FE59460298FFF7EFFE61680C
:10CDE000029821F000613D4A039B6160B8F1000F99
:10CDF00069D008EB030B45F0485503F1FF3A0BF1FE
:10CE0000FF3B4FF0080C4FF0000E256000BF00BF45
:10CE100000BF00BF00BF00BF00BF00BF00BF00BF1A
:10CE200000BF00BF00BF00BF00BF00BF00BF00BF0A
:10CE300000BF00BF00BF00BF00BF00BFA1682060EF
:10CE4000C1F3C06141EA4E0E00BF00BF00BF00BF8A
:10CE500000BF00BF00BF00BF00BF00BF00BF00BFDA
:10CE600000BF00BF00BF00BF00BF00BF00BF00BFCA
:10CE700000BF00BF00BF00BFBCF1010CC5D10AF864
:10CE800001EFDA45BDD111682160616841F07D5143
:10CE90006160316829B1002100BF013130688142F1
:10CEA000FAD30099B1EB0801009109D0C144434481
:10CEB0004FEA19414FEA192A5FFA89FB01915AE7B3
:10CEC00005B0BDE8F08F11682160616841F07D51C7
:10CED000616031680029DED14DE700BF1CF30220FC
:10CEE00024F3022028F3022000C00042182F002063
:10CEF000000140011C2F0020002A00F010810B4689
:10CF0000010C2DE9F04F87B08146DFF82CA201918A
:10CF1000010A834F0291C1B2824E834D834C00912E
:10CF200083486168006841F07D519042616028BF8C
:10CF30001046DAF80010804641F001217D4841F4A6
:10CF40008001006821EA000C2CF0785B4BF0405027
:10CF50002060396839B14FF0000C00BF0CF1010CB2
:10CF600039688C45F9D30B210390CDE90432FFF7E2
:10CF700025FE9DF804100398FFF720FE9DF8081089
:10CF80000398FFF71BFE00990398FFF717FE6168EF
:10CF9000059A21F0006161603168DDE90303002931
:10CFA0003CD04BF048514FF0000C9E46216000BF32
:10CFB00000BF00BF00BF00BF00BF00BF00BF00BF79
:10CFC00000BF00BF00BF00BF00BF00BF00BF00BF69
:10CFD00000BF00BF00BF00BF00BF00BF00BF206098
:10CFE00000BF00BF00BF00BF00BF00BF00BF00BF49
:10CFF00000BF00BF00BF00BF00BF00BF00BF00BF39
:10D0000000BF00BF00BF00BF00BF00BF00BF00BF28
:10D010000CF1010C33686345C8D87346B8F1000FB2
:10D020006FD04BF0485C194608EB030B03F1FF3E51
:10D0300063468C460BF1FF3BCDE900894FF00808B1
:10D040004FF00009236000BF00BF00BF00BF00BF5A
:10D0500000BF00BF00BF00BF00BF00BF00BF00BFD8
:10D0600000BF00BF00BF00BF00BF00BF00BF00BFC8
:10D0700000BF00BF00BFA1682060C1F3C06141EAEA
:10D08000490900BF00BF00BF00BF00BF00BF00BF15
:10D0900000BF00BF00BF00BF00BF00BF00BF00BF98
:10D0A00000BF00BF00BF00BF00BF00BF00BF00BF88
:10D0B00000BFB8F10108C5D10EF8019FDE45BDD112
:10D0C000DAF800106346DDE900892160616841F00B
:10D0D0007D516160296829B1002100BF01312868B4
:10D0E0008142FAD3B2EB080216D0C14443444FEA5E
:10D0F000194101914FEA192102915FFA89F10091DA
:10D100000EE7DAF800102160616841F07D5161603E
:10D1100029680029E0D103E707B0BDE8F08F704728
:10D1200024F30220282F002028F3022000C0004210
:10D13000182F00201C2F00201CF30220002A00F0D2
:10D14000F380030D2DE9F04F89B0914607468A46DA
:10D150000693030C754A0593030B754D0493030A5C
:10D16000744E02930309744C079300F00F0303936A
:10D17000724B6168186841F07D51714B48456160A0
:10D1800028BF484619688046106840F0012040F4E6
:10D19000800020EA010020F0785BC4F800B0296824
:10D1A00039B14FF0000C00BF0CF1010C2B689C450D
:10D1B000F9D34BF040614BF0606321600191236033
:10D1C00000BF00BF00BFFCF7B5F80199216000BFA8
:10D1D00000BF00BFFCF7AEF84BF000514BF0085316
:10D1E00021600191236000BF00BF00BFFCF7A2F8DF
:10D1F0000199216000BF00BF00BFFCF79BF8069BB0
:10D20000584603F00F01FDF701FB059B584603F05C
:10D210000F01FDF7FBFA049B584603F00F01FDF7E1
:10D22000F5FA029B584603F00F01FDF7EFFA079B52
:10D23000584603F00F01FDF7E9FA03995846FDF748
:10D24000E5FA3A4AB8F1000F65D008EB0A0E0AF188
:10D25000FF3C0EF1FF3E1CF8013F1B094BEA8363C4
:10D2600043F000712360216000BF00BF00BF00BF1A
:10D2700000BF00BF00BF00BF00BF00BF00BF2360F2
:10D2800000BF00BF00BF00BF00BF00BF00BF00BFA6
:10D2900000BF00BF00BF9CF8003003F00F034BEA53
:10D2A000836343F000712360216000BF00BF00BFB3
:10D2B00000BF00BF00BF00BF00BF00BF00BF00BF76
:10D2C000236000BF00BF00BF00BF00BF00BF00BFA2
:10D2D00000BF00BF00BF00BFF445BCD11168216092
:10D2E000316829B1002100BF013133689942FAD376
:10D2F000B9EB080915D04744C2443B0D06933B0CDB
:10D3000005933B0B04933B0A02933B09079307F0F9
:10D310000F0303932CE71168216031680029E1D1E4
:10D3200026E709B0BDE8F08F704700BF1CF302206C
:10D3300024F3022028F3022000C00042182F00200E
:10D340001C2F00202DE9F04F89B00092002A00F038
:10D350003581030D89460746DFF888A20793030C41
:10D360009B490693030B9B4D0593030A9A4E039327
:10D3700003099A4C029300F00F0304936368984AE0
:10D3800043F07D5312686360009B934228BF1346AD
:10D390000A689846DAF8003043F0012343F480032A
:10D3A00023EA020323F0785BC4F800B02A682AB1AC
:10D3B000002000BF01302B689842FAD34BF0406246
:10D3C0004BF0606022600192206000BF00BFFBF75D
:10D3D000B1FF019A226000BF00BFFBF7ABFF4BF02B
:10D3E00000524BF0085022600192206000BF00BF45
:10D3F000FBF7A0FF019A226000BF00BFFBF79AFF76
:10D40000079B03F00F024BEA826242F00070226039
:10D410000192206000BF00BFFBF78CFF019A2260E1
:10D4200000BF00BFFBF786FF069B03F00F024BEA2D
:10D43000826242F0007022600192206000BF00BF53
:10D44000FBF778FF019A226000BF00BFFBF772FF75
:10D45000059B03F00F024BEA826242F000702260EB
:10D460000192206000BF00BFFBF764FF019A2260B9
:10D4700000BF00BFFBF75EFF039B03F00F024BEA08
:10D48000826242F0007022600192206000BF00BF03
:10D49000FBF750FF019A226000BF00BFFBF74AFF75
:10D4A000029B03F00F024BEA826242F0007022609E
:10D4B0000192206000BF00BFFBF73CFF019A226091
:10D4C00000BF00BFFBF736FF049B4BEA836242F0CC
:10D4D000007022600192206000BF00BFFBF72AFFAE
:10D4E000019A226000BF00BFFBF724FF3849B8F162
:10D4F000000F66D008EB090C09F1FF300CF1FF3C7E
:10D5000010F8013F1B094BEA836343F0007223606C
:10D51000226000BF00BF00BF00BF00BF00BF00BF50
:10D5200000BF00BF00BF236000BF00BF00BF00BF3F
:10D5300000BF00BF00BF00BF00BF00BF037803F003
:10D540000F034BEA836343F000722360226000BF45
:10D5500000BF00BF00BF00BF00BF00BF00BF00BFD3
:10D5600000BF236000BF00BF00BF00BF00BF00BFFF
:10D5700000BF00BF00BF00BF6045C1D1DAF8003076
:10D58000236033682BB1002200BF013233689A4216
:10D59000FAD3009BB3EB080300930FD04744C14478
:10D5A0003B0D07933B0C06933B0B05933B0A039300
:10D5B0003B09029307F00F030493DFE609B0BDE8CF
:10D5C000F08FDAF8003023603368002BDBD1D5E62A
:10D5D0001C2F002024F3022028F3022000C0004268
:10D5E000182F00201CF302202DE9F04F89B0009283
:10D5F000002A00F00681030D81468B46884F079371
:10D60000030C884E0693030BDFF82C820593030A64
:10D61000854C03930309029300F00F03049363689E
:10D62000824A43F07D5311686360814B009A186809
:10D630008A42804B40F0012028BF0A46196840F416
:10D64000800020EA010020F078552560396839B162
:10D650004FF0000C00BF0CF1010C3B689C45F9D366
:10D6600045F0605A45F068530192C4F800A0236069
:10D6700000BF00BF00BFFBF75DFEC4F800A000BF05
:10D6800000BF00BFFBF756FE0B212846FDF7BEF892
:10D69000079B284603F00F01FDF7B8F8069B2846C4
:10D6A00003F00F01FDF7B2F8059B284603F00F01C8
:10D6B000FDF7ACF8039B284603F00F01FDF7A6F831
:10D6C000029B284603F00F01FDF7A0F804992846B5
:10D6D000FDF79CF86168019A21F070516160316832
:10D6E00001B345F000734FF0000C236000BF00BF92
:10D6F00000BF00BF00BF00BF00BF00BF00BF00BF32
:10D7000000BF256000BF00BF00BF00BF00BF00BF5B
:10D7100000BF00BF00BF00BF00BF0CF1010C3168AB
:10D720006145E2D8002A6FD002EB0B0A45F0007386
:10D730000BF1FF3C0AF1FF3A236000BF00BF00BFBE
:10D7400000BF00BF00BF00BF00BF00BF00BF00BFE1
:10D75000A068256000BF00BF00BF00BF00BF00BFC2
:10D7600000BF00BF00BF00BF00BF236000BF00BFFD
:10D7700000BF00BF00BF00BF00BF00BF00BF00BFB1
:10D7800000BFA168256000BF00BF00BF00BF00BF91
:10D7900000BF00BF00BF00BF00BF00BF800EC1F3CD
:10D7A000836141EA00110CF8011FD445C4D1204B1C
:10D7B00019682160616841F07D516160D8F80010FE
:10D7C00031B1002100BF0131D8F800309942F9D3BE
:10D7D000009B9B1A009314D0914493444FEA195331
:10D7E00007934FEA194306934FEA193305934FEA1B
:10D7F000192303934FEA1913029309F00F030493BB
:10D800000DE709B0BDE8F08F094B19682160616828
:10D8100041F07D516160D8F800100029D1D1FEE6B9
:10D8200024F30220202F002000C00042182F0020E7
:10D830001CF302201C2F002028F302202DE9F04FBA
:10D8400089B00092002A00F04381030D81468B4687
:10D85000A14F0793030CA14E0693030BDFF89082B0
:10D860000593030A9E4C03930309029300F00F03F0
:10D87000049363689B4A43F07D53116863609A4B3D
:10D88000009A18688A42994B40F0012028BF0A4646
:10D89000196840F4800020EA010020F078552560E6
:10D8A000396839B14FF0000C00BF0CF1010C3B6836
:10D8B0009C45F9D345F0605A45F068530192C4F88D
:10D8C00000A0236000BF00BFFBF734FDC4F800A038
:10D8D00000BF00BFFBF72EFD45F0305A45F038532E
:10D8E000C4F800A0236000BF00BFFBF723FDC4F80D
:10D8F00000A000BF00BFFBF71DFD079B03F00F0159
:10D9000045EA816A4AF00073C4F800A0236000BFB2
:10D9100000BFFBF70FFDC4F800A000BF00BFFBF77E
:10D9200009FD069B03F00F0145EA816A4AF0007386
:10D93000C4F800A0236000BF00BFFBF7FBFCC4F8E5
:10D9400000A000BF00BFFBF7F5FC059B03F00F0133
:10D9500045EA816A4AF00073C4F800A0236000BF62
:10D9600000BFFBF7E7FCC4F800A000BF00BFFBF757
:10D97000E1FC039B03F00F0145EA816A4AF0007362
:10D98000C4F800A0236000BF00BFFBF7D3FCC4F8BD
:10D9900000A000BF00BFFBF7CDFC029B284603F0B0
:10D9A0000F01FBF7D1FC04992846FBF7CDFC616819
:10D9B000019A21F0705161603168F1B145F0007356
:10D9C0004FF0000C236000BF00BF00BF00BF00BFCE
:10D9D00000BF00BF00BF00BF00BF256000BF00BF89
:10D9E00000BF00BF00BF00BF00BF00BF00BF00BF3F
:10D9F0000CF1010C31686145E4D8002A7AD002EBC1
:10DA00000B0A45F000730BF1FF3C0AF1FF3A23606B
:10DA100000BF00BF00BF00BF00BF00BF00BF00BF0E
:10DA200000BF00BFA068256000BF00BF00BF00BFEF
:10DA300000BF00BF00BF00BF00BF00BF236000BF2A
:10DA400000BF00BF00BF00BF00BF00BF00BF00BFDE
:10DA500000BFA168256000BF00BF00BF00BF00BFBE
:10DA600000BF00BF00BF00BF00BF800EC1F38361D5
:10DA700041EA00110CF8011FD445C8D11A4B1968AE
:10DA80002160616841F07D516160D8F8001031B1CA
:10DA9000002100BF0131D8F800309942F9D3009B32
:10DAA0009B1A009314D0914493444FEA195307935F
:10DAB0004FEA194306934FEA193305934FEA1923A6
:10DAC00003934FEA1913029309F00F030493D0E66E
:10DAD00009B0BDE8F08F00BF24F30220202F002002
:10DAE00000C00042182F00201CF302201C2F002031
:10DAF00028F30220054B19682160616841F07D51CF
:10DB00006160D8F800100029C2D1B2E61CF30220EF
:10DB100008B500BF00BF00BF00BFFBF70BFC08BD8E
:10DB20002DE9F04F89B00092002A00F02181030D09
:10DB300089460746DFF860A20793030C91490693D4
:10DB4000030B914D0593030A904E03930309904CE8
:10DB5000029300F00F03049363688E4A43F07D53F1
:10DB600012686360009B934228BF13460A68984678
:10DB7000DAF8003043F0012343F4800323EA020380
:10DB800023F0785BC4F800B02A682AB1002000BFF7
:10DB900001302B689842FAD34BF040624BF0606042
:10DBA000226001922060FFF7B3FF019A226000BF5C
:10DBB00000BF00BF00BFFBF7BDFB4BF000524BF0B6
:10DBC0000850226001922060FFF7A2FF019A2260B4
:10DBD000FFF79EFF079B03F00F024BEA826242F0C1
:10DBE0000070226001922060FFF792FF019A22608C
:10DBF000FFF78EFF069B03F00F024BEA826242F0B2
:10DC00000070226001922060FFF782FF019A22607B
:10DC1000FFF77EFF059B03F00F024BEA826242F0A2
:10DC20000070226001922060FFF772FF019A22606B
:10DC3000FFF76EFF039B03F00F024BEA826242F094
:10DC40000070226001922060FFF762FF019A22605B
:10DC5000FFF75EFF029B03F00F024BEA826242F085
:10DC60000070226001922060FFF752FF019A22604B
:10DC7000FFF74EFF049B4BEA836242F00070226084
:10DC800001922060FFF744FF019A2260FFF740FFF6
:10DC90003C49B8F1000F6ED008EB090C09F1FF30D8
:10DCA0000CF1FF3C10F8013F1B094BEA836343F082
:10DCB00000722360226000BF00BF00BF00BF00BF32
:10DCC00000BF00BF00BF00BF00BF00BF00BF236098
:10DCD00000BF00BF00BF00BF00BF00BF00BF00BF4C
:10DCE00000BF00BF00BF00BF037803F00F034BEA83
:10DCF000836343F000722360226000BF00BF00BF57
:10DD000000BF00BF00BF00BF00BF00BF00BF00BF1B
:10DD100000BF236000BF00BF00BF00BF00BF00BF47
:10DD200000BF00BF00BF00BF00BF00BF6045B9D14A
:10DD3000DAF80030236033682BB1002200BF0132D3
:10DD400033689A42FAD3009BB3EB080300930FD0D9
:10DD50004744C1443B0D07933B0C06933B0B059393
:10DD60003B0A03933B09029307F00F030493F3E686
:10DD700009B0BDE8F08FDAF8003023603368002B7B
:10DD8000DBD1E9E61C2F002024F3022028F3022037
:10DD900000C00042182F00201CF30220002A00F0CF
:10DDA0007081030D2DE9F04F8BB08146DFF878B21A
:10DDB0000993030C974F0893030B974E0793030A9D
:10DDC000DFF8688205930309944C049300F00F0375
:10DDD000019206936368924A43F07D531068636032
:10DDE000019BDBF80050834245F0012528BF034624
:10DDF00045F480059A468B4B1B6825EA030525F000
:10DE0000785525603B682BB1002000BF01303B688E
:10DE10009842FAD345F0605345F06850039123606F
:10DE200002932060FFF774FE029B2360FFF770FEF1
:10DE300045F0305345F03850236002932060FFF7DF
:10DE400067FE029B2360FFF763FE099B03F00F034D
:10DE500045EA836343F00070236002932060FFF77C
:10DE600057FE029B2360FFF753FE089B03F00F034E
:10DE700045EA836343F00070236002932060FFF75C
:10DE800047FE029B2360FFF743FE079B03F00F034F
:10DE900045EA836343F00070236002932060FFF73C
:10DEA00037FE029B2360FFF733FE059B03F00F0351
:10DEB00045EA836343F00070236002932060FFF71C
:10DEC00027FE029B2360FFF723FE049B03F00F0352
:10DED00045EA836343F00070236002932060FFF7FC
:10DEE00017FE029B2360FFF713FE069B45EA836340
:10DEF00043F00070236002932060FFF709FE029B4D
:10DF00002360FFF705FE6368039923F07053636095
:10DF1000336803B345F000730020236000BF00BFE7
:10DF200000BF00BF00BF00BF00BF00BF00BF00BFF9
:10DF300000BF00BF256000BF00BF00BF00BF00BF23
:10DF400000BF00BF00BF00BF00BF00BF00BF013067
:10DF500032688242E1D8BAF1000F00F083800AEB08
:10DF6000010E45F00072481E0EF1FF3E226000BF18
:10DF700000BF00BF00BF00BF00BF00BF00BF00BFA9
:10DF800000BF00BF00BFD4F808C0256000BF00BFBD
:10DF900000BF00BF00BF00BF00BF00BF00BF00BF89
:10DFA00000BF00BF226000BF00BF00BF00BF00BFB6
:10DFB00000BF00BF00BF00BF00BF00BF00BFA3681D
:10DFC000256000BF00BF00BF00BF00BF00BF00BF93
:10DFD00000BF00BF00BF00BF00BF4FEA9C6CC3F38F
:10DFE000836343EA0C1300F8013F7045BED1DBF8B0
:10DFF00000302360636843F07D536360D8F80030DD
:10E00000B3B1002000BF0130D8F800309842F9D3F6
:10E010000EE000BF24F30220202F002000C00042A9
:10E02000182F00201C2F00201CF3022028F30220B0
:10E03000019BB3EB0A03019320D0D14451444FEA32
:10E04000195309934FEA194308934FEA1933079379
:10E050004FEA192305934FEA1913049309F00F03AC
:10E060000693B7E6DBF800302360636843F07D5326
:10E070006360D8F80030002BC3D1ABE60BB0BDE82D
:10E08000F08F70472DE9F04F89B00092002A00F020
:10E090003181030D89460746DFF880A20793030C00
:10E0A00099490693030B994D0593030A984E0393E0
:10E0B0000309984C029300F00F0304936368964A97
:10E0C00043F07D5312686360009B934228BF134660
:10E0D0000A689846DAF8003043F0012343F48003DD
:10E0E00023EA020323F0785BC4F800B02A682AB15F
:10E0F000002000BF01302B689842FAD34BF04062F9
:10E100004BF0606022600192206000BFFFF700FDCD
:10E11000019A226000BFFFF7FBFC4BF000524BF06E
:10E12000085022600192206000BFFFF7F1FC019AC5
:10E13000226000BFFFF7ECFC079B03F00F024BEAE5
:10E14000826242F0007022600192206000BFFFF7FF
:10E15000DFFC019A226000BFFFF7DAFC069B03F0A8
:10E160000F024BEA826242F000702260019220604E
:10E1700000BFFFF7CDFC019A226000BFFFF7C8FC8B
:10E18000059B03F00F024BEA826242F000702260AE
:10E190000192206000BFFFF7BBFC019A226000BF24
:10E1A000FFF7B6FC039B03F00F024BEA826242F0DA
:10E1B000007022600192206000BFFFF7A9FC019A65
:10E1C000226000BFFFF7A4FC029B03F00F024BEAA2
:10E1D000826242F0007022600192206000BFFFF76F
:10E1E00097FC019A226000BFFFF792FC049B4BEA68
:10E1F000836242F0007022600192206000BFFFF74E
:10E2000087FC019A226000BFFFF782FC3E49B8F10B
:10E21000000F72D008EB090C09F1FF300CF1FF3C44
:10E2200010F8013F1B094BEA836343F0007223603F
:10E23000226000BF00BF00BF00BF00BF00BF00BF23
:10E2400000BF00BF00BF00BF00BF00BF236000BF12
:10E2500000BF00BF00BF00BF00BF00BF00BF00BFC6
:10E2600000BF00BF00BF00BF037803F00F034BEAFD
:10E27000836343F000722360226000BF00BF00BFD1
:10E2800000BF00BF00BF00BF00BF00BF00BF00BF96
:10E2900000BF00BF236000BF00BF00BF00BF00BFC2
:10E2A00000BF00BF00BF00BF00BF00BF00BF00BF76
:10E2B0006045B5D1DAF80030236033682BB1002215
:10E2C00000BF013233689A42FAD3009BB3EB0803D4
:10E2D00000930FD04744C1443B0D07933B0C06937A
:10E2E0003B0B05933B0A03933B09029307F00F0393
:10E2F0000493E3E609B0BDE8F08FDAF8003023605C
:10E300003368002BDBD1D9E61C2F002024F3022038
:10E3100028F3022000C00042182F00201CF3022026
:10E32000002A00F08681030D2DE9F04F8BB0814665
:10E33000DFF8E4B10993030C724F0893030B724E9C
:10E340000793030ADFF8D481059303096F4C049304
:10E3500000F00F030192069363686D4A43F07D530A
:10E3600010686360019BDBF80050834245F0012593
:10E3700028BF034645F480059A46664B1B6825EA8C
:10E38000030525F0785525603B682BB1002000BFC0
:10E3900001303B689842FAD345F0605345F068502D
:10E3A000039123600293206000BFFFF7B1FB029B43
:10E3B000236000BFFFF7ACFB45F0305345F0385009
:10E3C00023600293206000BFFFF7A2FB029B236043
:10E3D00000BFFFF79DFB099B03F00F0345EA836332
:10E3E00043F0007023600293206000BFFFF790FBB2
:10E3F000029B236000BFFFF78BFB089B03F00F031A
:10E4000045EA836343F0007023600293206000BFFD
:10E41000FFF77EFB029B236000BFFFF779FB079BA2
:10E4200003F00F0345EA836343F000702360029317
:10E43000206000BFFFF76CFB029B236000BFFFF76B
:10E4400067FB059B03F00F0345EA836343F000700D
:10E4500023600293206000BFFFF75AFB029B2360FA
:10E4600000BFFFF755FB049B03F00F0345EA8363EE
:10E4700043F0007023600293206000BFFFF748FB69
:10E48000029B236000BFFFF743FB069B45EA8363C3
:10E4900043F0007023600293206000BFFFF738FB59
:10E4A000029B236000BFFFF733FB6368039923F0EF
:10E4B000705363603368002B32D045F00073002046
:10E4C000236000BF00BF00BF00BF00BF00BF00BF90
:10E4D00000BF00BF00BF00BF00BF00BF256000BF7E
:10E4E00000BF00BF00BF00BF00BF00BF00BF00BF34
:10E4F00000BF00BF00BF00BF013032688242DFD8DA
:10E500000EE000BF24F30220202F002000C00042B4
:10E51000182F00201C2F00201CF3022028F30220BB
:10E52000BAF1000F76D00AEB010E45F00072481EDA
:10E530000EF1FF3E226000BF00BF00BF00BF00BF62
:10E5400000BF00BF00BF00BF00BF00BF00BF00BFD3
:10E55000D4F808C0256000BF00BF00BF00BF00BFE7
:10E5600000BF00BF00BF00BF00BF00BF00BF00BFB3
:10E57000226000BF00BF00BF00BF00BF00BF00BFE0
:10E5800000BF00BF00BF00BF00BF00BFA368256081
:10E5900000BF00BF00BF00BF00BF00BF00BF00BF83
:10E5A00000BF00BF00BF00BF00BF4FEA9C6CC3F3B9
:10E5B000836343EA0C1300F8013F7045BAD1DBF8DE
:10E5C00000302360636843F07D536360D8F8003007
:10E5D00033B1002000BF0130D8F800309842F9D3A1
:10E5E000019BB3EB0A03019320D0D14451444FEA7D
:10E5F000195309934FEA194308934FEA19330793C4
:10E600004FEA192305934FEA1913049309F00F03F6
:10E610000693A1E6DBF800302360636843F07D5386
:10E620006360D8F80030002BD3D195E60BB0BDE87D
:10E63000F08F704738B540EA81640B4D44F00073A9
:10E640002C602B6000BF00BF00BF00BF00BF00BF39
:10E65000FFF75EFA2C6000BF00BF00BF00BF00BF25
:10E6600000BFFFF755FA38BD00C000422DE9F04F5A
:10E6700089B0CDE90121002A00F02381030C8046F6
:10E68000974E4FEA105B0793030B964D0693030AD0
:10E69000954F04930309954C039300F00F030593E2
:10E6A0006368934A43F07D5311686360019B8B421A
:10E6B00028BF0B4699468F4B18688F4B40F00120BE
:10E6C0001B6840F4800020EA030020F0785AC4F868
:10E6D00000A033682BB1002100BF0131336899429B
:10E6E000FAD30E215046FFF7A5FF0B215046FFF746
:10E6F000A1FF0BF00F015046FFF79CFF079B504610
:10E7000003F00F01FFF796FF069B504603F00F0141
:10E71000FFF790FF049B504603F00F01FFF78AFFBD
:10E72000039B504603F00F01FFF784FF0599504605
:10E73000FFF780FF636823F0705363602B68002B42
:10E740002ED000214AF000705346206000BF00BF69
:10E7500000BF00BF00BF00BF00BF00BF00BF00BFC1
:10E7600000BF00BF00BF00BF00BF00BF00BF00BFB1
:10E77000236000BF00BF00BF00BF00BF00BF00BFDD
:10E7800000BF00BF00BF00BF00BF00BF00BF00BF91
:10E7900000BF00BF00BF01312A688A42D5D89A461F
:10E7A000B9F1000F00F09080029B51464AF00070D2
:10E7B00009EB030B03F1FF3C0BF1FF3B206000BFB3
:10E7C00000BF00BF00BF00BF00BF00BF00BF00BF51
:10E7D00000BF00BF00BF00BF00BF00BF00BF00BF41
:10E7E00000BFD4F808E0216000BF00BF00BF00BF39
:10E7F00000BF00BF00BF00BF00BF00BF00BF00BF21
:10E8000000BF00BF00BF00BF00BF00BF206000BF4F
:10E8100000BF00BF00BF00BF00BF00BF00BF00BF00
:10E8200000BF00BF00BF00BF00BF00BF00BF00BFF0
:10E8300000BFA368216000BF00BF00BF00BF00BFD2
:10E8400000BF00BF00BF00BF00BF00BF00BF00BFD0
:10E8500000BF00BF00BF00BF00BF4FEA9E6EC3F302
:10E86000836343EA0E130CF8013FDC45A6D1214B2C
:10E870001B682360636843F07D5363603B682BB182
:10E88000002300BF013339688B42FAD3019BB3EBFD
:10E890000903019315D0029BC8444B444FEA185B0F
:10E8A00002934FEA184307934FEA183306934FEA4F
:10E8B000182304934FEA1813039308F00F030593EA
:10E8C000EEE609B0BDE8F08F0A4B1B682360636871
:10E8D00043F07D5363603B68002BD1D1E0E600BF7D
:10E8E00024F30220202F002028F3022000C0004241
:10E8F000182F00201CF302201C2F0020002A00F0FB
:10E900000781030D2DE9F04F89B0934607468946EC
:10E910000793030C7F4A0693030B7F4D0593030A6D
:10E920007E4E039303097E4C029300F00F03049381
:10E930007C4B6168186841F07D517B4B58456160A4
:10E9400028BF584619688046106840F0012040F4FE
:10E95000800020EA010020F0785AC4F800A029685D
:10E9600039B14FF0000C00BF0CF1010C2B689C4535
:10E97000F9D34AF040614AF060632160019123605D
:10E9800000BF00BF00BF00BF00BF00BFFFF7C0F85F
:10E990000199216000BF00BF00BF00BF00BF00BFE2
:10E9A000FFF7B6F808215046FFF744FE079B504694
:10E9B00003F00F01FFF73EFE069B504603F00F01E8
:10E9C000FFF738FE059B504603F00F01FFF732FEBC
:10E9D000039B504603F00F01FFF72CFE029B5046AD
:10E9E00003F00F01FFF726FE04995046FFF722FEC1
:10E9F000484AB8F1000F00F0828008EB090E09F1D7
:10EA0000FF3C0EF1FF3E1CF8013F1B094AEA8363FD
:10EA100043F000712360216000BF00BF00BF00BF52
:10EA200000BF00BF00BF00BF00BF00BF00BF00BFEE
:10EA300000BF00BF00BF00BF00BF00BF236000BF1A
:10EA400000BF00BF00BF00BF00BF00BF00BF00BFCE
:10EA500000BF00BF00BF00BF00BF00BF00BF00BFBE
:10EA600000BF9CF8003003F00F034AEA836343F0D1
:10EA700000712360216000BF00BF00BF00BF00BF66
:10EA800000BF00BF00BF00BF00BF00BF00BF00BF8E
:10EA900000BF00BF00BF00BF00BF236000BF00BFBA
:10EAA00000BF00BF00BF00BF00BF00BF00BF00BF6E
:10EAB00000BF00BF00BF00BF00BF00BF00BF00BF5E
:10EAC000F445A0D111682160316829B1002100BF4F
:10EAD000013133689942FAD3BBEB080B15D0474498
:10EAE000C1443B0D07933B0C06933B0B05933B0A3C
:10EAF00003933B09029307F00F03049318E711688F
:10EB0000216031680029E1D112E709B0BDE8F08F3A
:10EB1000704700BF1CF3022024F3022028F30220D8
:10EB200000C00042182F00201C2F00202DE9F04FBC
:10EB300089B00092002A00F05481030D89460746EF
:10EB4000DFF870A20793030C95490693030B954DCC
:10EB50000593030A944E03930309944C029300F027
:10EB60000F0304936368924A43F07D531268636015
:10EB7000009B934228BF13460A689846DAF8003093
:10EB800043F0012343F4800323EA020323F0785B7C
:10EB9000C4F800B02A682AB1002000BF01302B68F9
:10EBA0009842FAD34BF040624BF0606022600192D1
:10EBB000206000BF00BFFEF7ABFF019A226000BFDC
:10EBC00000BFFEF7A5FF4BF000524BF0085022604B
:10EBD0000192206000BF00BFFEF79AFF019A2260F9
:10EBE00000BF00BFFEF794FF079B03F00F024BEA44
:10EBF000826242F0007022600192206000BF00BF7C
:10EC0000FEF786FF019A226000BF00BFFEF780FF7B
:10EC1000069B03F00F024BEA826242F00070226012
:10EC20000192206000BF00BFFEF772FF019A2260D0
:10EC300000BF00BFFEF76CFF059B03F00F024BEA1D
:10EC4000826242F0007022600192206000BF00BF2B
:10EC5000FEF75EFF019A226000BF00BFFEF758FF7B
:10EC6000039B03F00F024BEA826242F000702260C5
:10EC70000192206000BF00BFFEF74AFF019A2260A8
:10EC800000BF00BFFEF744FF029B03F00F024BEAF8
:10EC9000826242F0007022600192206000BF00BFDB
:10ECA000FEF736FF019A226000BF00BFFEF730FF7B
:10ECB000049B4BEA836242F0007022600192206064
:10ECC00000BF00BFFEF724FF019A226000BF00BF13
:10ECD000FEF71EFF3249B8F1000F00F0858008EB07
:10ECE000090C09F1FF300CF1FF3C10F8013F1B0942
:10ECF0004BEA836343F000722360226000BF00BFD1
:10ED000000BF00BF00BF00BF00BF00BF00BF00BF0B
:10ED100000BF00BF00BF00BF236000BF00BF00BF37
:10ED200000BF00BF00BF00BF00BF00BF00BF00BFEB
:10ED300000BF00BF00BF037803F00F034BEA8363FB
:10ED400043F000722360226000BF00BF00BF00BF1D
:10ED500000BF00BF00BF00BF00BF00BF00BF00BFBB
:10ED600000BF00BF236000BF00BF00BF00BF00BFE7
:10ED700000BF00BF00BF00BF00BF00BF00BF00BF9B
:10ED800000BF6045B1D1DAF80030236033689BB131
:10ED9000002200BF013233689A42FAD30CE000BF70
:10EDA0001C2F002024F3022028F3022000C0004280
:10EDB000182F00201CF30220009BB3EB08030093E4
:10EDC0000FD04744C1443B0D07933B0C06933B0BCC
:10EDD00005933B0A03933B09029307F00F03049347
:10EDE000C0E609B0BDE8F08FDAF800302360336880
:10EDF000002BCDD1B6E600BF002A00F09C81030DA8
:10EE00002DE9F04F8BB08146DFF808B20993030C6F
:10EE10007B4F0893030B7B4E0793030ADFF8F881BF
:10EE200005930309784C049300F00F0301920693B5
:10EE30006368764A43F07D5310686360019BDBF89A
:10EE40000050834245F0012528BF034645F4800564
:10EE50009A466F4B1B6825EA030525F07855256017
:10EE60003B682BB1002000BF01303B689842FAD3C9
:10EE700045F0605345F06850039123600293206091
:10EE800000BF00BFFEF744FE029B236000BF00BF2F
:10EE9000FEF73EFE45F0305345F0385023600293B4
:10EEA000206000BF00BFFEF733FE029B236000BF5F
:10EEB00000BFFEF72DFE099B03F00F0345EA8363B5
:10EEC00043F0007023600293206000BF00BFFEF794
:10EED0001FFE029B236000BF00BFFEF719FE089BC8
:10EEE00003F00F0345EA836343F00070236002934D
:10EEF000206000BF00BFFEF70BFE029B236000BF37
:10EF000000BFFEF705FE079B03F00F0345EA83638E
:10EF100043F0007023600293206000BF00BFFEF743
:10EF2000F7FD029B236000BF00BFFEF7F1FD059BCC
:10EF300003F00F0345EA836343F0007023600293FC
:10EF4000206000BF00BFFEF7E3FD029B236000BF0F
:10EF500000BFFEF7DDFD049B03F00F0345EA83636A
:10EF600043F0007023600293206000BF00BFFEF7F3
:10EF7000CFFD029B236000BF00BFFEF7C9FD069BCB
:10EF800045EA836343F0007023600293206000BF72
:10EF900000BFFEF7BDFD029B236000BF00BFFEF770
:10EFA000B7FD6368039923F0705363603368002BE7
:10EFB00034D045F000730020236000BF00BF00BFC5
:10EFC00000BF00BF00BF00BF00BF00BF00BF00BF49
:10EFD00000BF00BF00BF256000BF00BF00BF00BF73
:10EFE00000BF00BF00BF00BF00BF00BF00BF00BF29
:10EFF00000BF00BF013032688242DDD80EE000BFA2
:10F0000024F30220202F002000C00042182F0020EF
:10F010001C2F00201CF3022028F30220BAF1000F5D
:10F020007AD00AEB010E45F00072481E0EF1FF3E49
:10F03000226000BF00BF00BF00BF00BF00BF00BF15
:10F0400000BF00BF00BF00BF00BF00BF00BFD4F8BB
:10F0500008C0256000BF00BF00BF00BF00BF00BFE9
:10F0600000BF00BF00BF00BF00BF00BF00BF00BFA8
:10F07000226000BF00BF00BF00BF00BF00BF00BFD5
:10F0800000BF00BF00BF00BF00BF00BF00BFA3683C
:10F09000256000BF00BF00BF00BF00BF00BF00BFB2
:10F0A00000BF00BF00BF00BF00BF00BF00BF4FEAEE
:10F0B0009C6CC3F3836343EA0C1300F8013F704573
:10F0C000B6D1DBF800302360636843F07D536360A2
:10F0D000D8F8003033B1002000BF0130D8F800303C
:10F0E0009842F9D3019BB3EB0A03019320D0D1449A
:10F0F00051444FEA195309934FEA194308934FEAD1
:10F10000193307934FEA192305934FEA1913049310
:10F1100009F00F0306938BE6DBF800302360636889
:10F1200043F07D536360D8F80030002BD3D17FE6E5
:10F130000BB0BDE8F08F704708B500BF00BF00BF3F
:10F1400000BF00BF00BF00BF00BFFAF7F3F808BD63
:10F150002DE9F04F89B00092002A00F07781030D6D
:10F1600089460746DFF8F4A10793030C7649069316
:10F17000030B764D0593030A754E03930309754CF3
:10F18000029300F00F0304936368734A43F07D53C6
:10F1900012686360009B934228BF13460A68984632
:10F1A000DAF8003043F0012343F4800323EA02033A
:10F1B00023F0785BC4F800B02A682AB1002000BFB1
:10F1C00001302B689842FAD34BF040624BF06060FC
:10F1D00022600192206000BF00BF00BF00BFFEF7A9
:10F1E00097FC019A226000BF00BF00BF00BFFEF77E
:10F1F0008FFC4BF000524BF00850226001922060CF
:10F2000000BF00BF00BF00BFFEF782FC019A226072
:10F2100000BF00BF00BF00BFFEF77AFC079B03F0F2
:10F220000F024BEA826242F000702260019220607D
:10F23000FFF782FF019A226000BF00BF00BF00BF3E
:10F24000FEF766FC069B03F00F024BEA826242F077
:10F25000007022600192206000BF00BF00BF00BFAD
:10F26000FEF756FC019A226000BF00BF00BF00BF3E
:10F27000FEF74EFC059B03F00F024BEA826242F060
:10F28000007022600192206000BF00BF00BF00BF7D
:10F29000FEF73EFC019A226000BF00BF00BF00BF26
:10F2A000FEF736FC039B03F00F024BEA826242F04A
:10F2B000007022600192206000BF00BF00BF00BF4D
:10F2C000FEF726FC019A226000BF00BF00BF00BF0E
:10F2D000FEF71EFC029B03F00F024BEA826242F033
:10F2E000007022600192206000BF00BF00BF00BF1D
:10F2F000FEF70EFC019A226000BF00BF00BF00BFF6
:10F30000FEF706FC049B4BEA836242F00070226029
:10F310000192206000BF00BF00BF00BFFEF7F8FBF6
:10F32000019A226000BF00BF00BF00BFFEF7F0FBE4
:10F330000549B8F1000F00F08C8008EB090C09F1C9
:10F34000FF300CF1FF3C0BE01C2F002024F30220C7
:10F3500028F3022000C00042182F00201CF30220D6
:10F3600010F8013F1B094BEA836343F000722360EE
:10F37000226000BF00BF00BF00BF00BF00BF00BFD2
:10F3800000BF00BF00BF00BF00BF00BF00BF00BF85
:10F3900000BF236000BF00BF00BF00BF00BF00BFB1
:10F3A00000BF00BF00BF00BF00BF00BF00BF00BF65
:10F3B00000BF00BF037803F00F034BEA836343F001
:10F3C00000722360226000BF00BF00BF00BF00BF0B
:10F3D00000BF00BF00BF00BF00BF00BF00BF00BF35
:10F3E00000BF00BF00BF236000BF00BF00BF00BF61
:10F3F00000BF00BF00BF00BF00BF00BF00BF00BF15
:10F4000000BF00BF00BF00BF6045A9D1DAF80030DF
:10F41000236033682BB1002200BF013233689A4267
:10F42000FAD3009BB3EB080300930FD04744C144C9
:10F430003B0D07933B0C06933B0B05933B0A039351
:10F440003B09029307F00F0304939DE609B0BDE862
:10F45000F08FDAF8003023603368002BDBD193E6BD
:10F46000002A00F0A581030D2DE9F04F8BB08146F5
:10F47000DFF808B20693030C7B4F0593030B7B4E1A
:10F480000493030ADFF8F88108930309784C079383
:10F4900000F00F03019209936368764A43F07D53AD
:10F4A00010686360019BDBF80050834245F0012542
:10F4B00028BF034645F480059A466F4B1B6825EA32
:10F4C000030525F0785525603B682BB1002000BF6F
:10F4D00001303B689842FAD345F0605345F06850DC
:10F4E000039123600293206000BF00BF00BF00BFF4
:10F4F000FEF70EFB029B236000BF00BF00BF00BFF2
:10F50000FEF706FB45F0305345F038502360029378
:10F51000206000BF00BF00BF00BFFEF7F9FA029BEA
:10F52000236000BF00BF00BF00BFFEF7F1FA069BDB
:10F5300003F00F0345EA836343F0007023600293F6
:10F540002060FFF7F9FD029B236000BF00BF00BFF2
:10F5500000BFFEF7DDFA059B03F00F0345EA836366
:10F5600043F00070236002932060FFF7E5FD029BEB
:10F570002360FFF7E1FD049B03F00F0345EA83637B
:10F5800043F00070236002932060FFF7D5FD029BDB
:10F590002360FFF7D1FD089B03F00F0345EA836367
:10F5A00043F00070236002932060FFF7C5FD029BCB
:10F5B0002360FFF7C1FD079B03F00F0345EA836358
:10F5C00043F00070236002932060FFF7B5FD029BBB
:10F5D0002360FFF7B1FD099B45EA836343F00070A8
:10F5E00023600293206000BF00BF00BF00BFFEF792
:10F5F0008FFA029B236000BF00BF00BF00BFFEF771
:10F6000087FA6368039923F0705363603368002BB3
:10F6100038D045F000730020236000BF00BF00BF5A
:10F6200000BF00BF00BF00BF00BF00BF00BF00BFE2
:10F6300000BF00BF00BF00BF00BF256000BF00BF0C
:10F6400000BF00BF00BF00BF00BF00BF00BF00BFC2
:10F6500000BF00BF00BF00BF00BF00BF0130326865
:10F660008242D9D80EE000BF24F30220202F0020D0
:10F6700000C00042182F00201C2F00201CF3022085
:10F6800028F30220BAF1000F00F083800AEB010E8C
:10F6900045F00072481E0EF1FF3E226000BF00BF21
:10F6A00000BF00BF00BF00BF00BF00BF00BF00BF62
:10F6B00000BF00BF00BF00BF00BF00BFD4F808C03C
:10F6C000256000BF00BF00BF00BF00BF00BF00BF7C
:10F6D00000BF00BF00BF00BF00BF00BF00BF00BF32
:10F6E00000BF226000BF00BF00BF00BF00BF00BF5F
:10F6F00000BF00BF00BF00BF00BF00BF00BF00BF12
:10F7000000BF00BFA368256000BF00BF00BF00BFEF
:10F7100000BF00BF00BF00BF00BF00BF00BF00BFF1
:10F7200000BF00BF00BF00BF4FEA9C6CC3F3836300
:10F7300043EA0C1300F8013F7045AED1DBF800300E
:10F740002360636843F07D536360D8F8003033B1C1
:10F75000002000BF0130D8F800309842F9D3019B57
:10F76000B3EB0A03019320D0D14451444FEA19531B
:10F7700006934FEA194305934FEA193304934FEA6E
:10F78000192308934FEA1913079309F00F030993FC
:10F7900082E6DBF800302360636843F07D536360EA
:10F7A000D8F80030002BD3D176E60BB0BDE8F08F4F
:10F7B000704700BF2DE9F04F89B00092002A00F099
:10F7C0008B81030D89460746DFF8FCA10793030CE4
:10F7D00078490693030B784D0593030A774E0393FC
:10F7E0000309774C029300F00F0304936368754A92
:10F7F00043F07D5312686360009B934228BF134619
:10F800000A689846DAF8003043F0012343F4800395
:10F8100023EA020323F0785BC4F800B02A682AB117
:10F82000002000BF01302B689842FAD34BF04062B1
:10F830004BF0606022600192206000BF00BF00BFFB
:10F8400000BFFFF779FC019A226000BF00BF00BF34
:10F8500000BFFFF771FC4BF000524BF008502260E4
:10F860000192206000BF00BF00BF00BFFFF764FC33
:10F87000019A226000BF00BF00BF00BFFFF75CFC21
:10F88000079B03F00F024BEA826242F00070226095
:10F890000192206000BF00BF00BF00BFFFF74CFC1B
:10F8A000019A226000BF00BF00BF00BFFFF744FC09
:10F8B000069B03F00F024BEA826242F00070226066
:10F8C0000192206000BF00BF00BF00BFFFF734FC03
:10F8D000019A226000BF00BF00BF00BFFFF72CFCF1
:10F8E000059B03F00F024BEA826242F00070226037
:10F8F0000192206000BF00BF00BF00BFFFF71CFCEB
:10F90000019A226000BF00BF00BF00BFFFF714FCD8
:10F91000039B03F00F024BEA826242F00070226008
:10F920000192206000BF00BF00BF00BFFFF704FCD2
:10F93000019A226000BF00BF00BF00BFFFF7FCFBC1
:10F94000029B03F00F024BEA826242F000702260D9
:10F950000192206000BF00BF00BF00BFFFF7ECFBBB
:10F96000019A226000BF00BF00BF00BFFFF7E4FBA9
:10F97000049B4BEA836242F0007022600192206097
:10F9800000BF00BF00BF00BFFFF7D6FB019A226097
:10F9900000BF00BF00BF00BFFFF7CEFB0549B8F1B5
:10F9A000000F00F09C8008EB090C09F1FF300CF10E
:10F9B000FF3C0BE01C2F002024F3022028F3022040
:10F9C00000C00042182F00201CF3022010F8013F55
:10F9D0001B094BEA836343F000722360226000BF7F
:10F9E00000BF00BF00BF00BF00BF00BF00BF00BF1F
:10F9F00000BF00BF00BF00BF00BF00BF00BF00BF0F
:10FA000000BF00BF00BF236000BF00BF00BF00BF3A
:10FA100000BF00BF00BF00BF00BF00BF00BF00BFEE
:10FA200000BF00BF00BF00BF00BF00BF00BF00BFDE
:10FA3000037803F00F034BEA836343F00072236003
:10FA4000226000BF00BF00BF00BF00BF00BF00BFFB
:10FA500000BF00BF00BF00BF00BF00BF00BF00BFAE
:10FA600000BF00BF00BF00BF00BF236000BF00BFDA
:10FA700000BF00BF00BF00BF00BF00BF00BF00BF8E
:10FA800000BF00BF00BF00BF00BF00BF00BF00BF7E
:10FA900000BF00BF604599D1DAF8003023603368B9
:10FAA0002BB1002200BF013233689A42FAD3009B87
:10FAB000B3EB080300930FD04744C1443B0D0793B9
:10FAC0003B0C06933B0B05933B0A03933B090293C4
:10FAD00007F00F03049389E609B0BDE8F08FDAF868
:10FAE000003023603368002BDBD17FE62DE9F04F37
:10FAF00089B00790CDE90021002A00F0B981010A00
:10FB000000F00F03020CDFF878800591060D010963
:10FB1000164FDFF870904FEA103B154C039204919A
:10FB200006936368134A43F07D5311686360009A3B
:10FB3000114B8A421B6828BF0A46104943F0012333
:10FB4000086843F4800323EA000323F0785AC4F8DA
:10FB500000A0D8F80000B8B14FF0000C00BF0CF1C5
:10FB6000010CD8F800309C45F8D30DE0202F002080
:10FB700000C00042182F00201CF302201C2F002080
:10FB800024F3022028F302204AF060554AF068531B
:10FB900002922560236000BF00BF00BF00BFFFF7D7
:10FBA000CBFA256000BF00BF00BF00BFFFF7C4FA5B
:10FBB0004AF030554AF038532560236000BF00BF3B
:10FBC00000BF00BFFFF7B8FA256000BF00BF00BF4D
:10FBD00000BFFFF7B1FA06F00F004AEA806545F072
:10FBE00000732560236000BF00BF00BF00BFFFF7A8
:10FBF000A3FA256000BF00BF00BF00BFFFF79CFA5B
:10FC0000039B03F00F004AEA806545F0007325600E
:10FC1000236000BF00BF00BF00BFFFF78DFA256063
:10FC200000BF00BF00BF00BFFFF786FA0BF00F0058
:10FC30004AEA806545F000732560236000BF00BF7D
:10FC400000BF00BFFFF778FA256000BF00BF00BF0C
:10FC500000BFFFF771FA059B03F00F004AEA8065C9
:10FC600045F000732560236000BF00BF00BF00BFE8
:10FC7000FFF762FA256000BF00BF00BF00BFFFF7BB
:10FC80005BFA049B03F00F004AEA806545F00073BD
:10FC90002560236000BF00BF00BF00BFFFF74CFA24
:10FCA000256000BF00BF00BF00BFFFF745FA069BFD
:10FCB0004AEA836545F000732560236000BF00BFFA
:10FCC00000BF00BFFFF738FA256000BF00BF00BFCC
:10FCD00000BFFFF731FA6068029A20F07050606050
:10FCE0003868002834D04AF000734FF0000C5046BA
:10FCF000236000BF00BF00BF00BF00BF00BF00BF48
:10FD000000BF00BF00BF00BF00BF00BF00BF00BFFB
:10FD100000BF00BF00BF00BF00BF206000BF00BF2A
:10FD200000BF00BF00BF00BF00BF00BF00BF00BFDB
:10FD300000BF00BF00BF00BF00BF00BF00BF00BFCB
:10FD400000BF00BF0CF1010C39686145D0D8824674
:10FD5000002A00F09080019B55464AF0007A0292FA
:10FD6000D61803F1FF3B013EC4F800A000BF00BF5E
:10FD700000BF00BF00BF00BF00BF00BF00BF00BF8B
:10FD800000BF00BFF9F7D6FAA168256000BF00BF29
:10FD900000BF00BF00BF00BF00BF00BF00BF00BF6B
:10FDA00000BF00BF00BF00BF00BF00BF00BF00BF5B
:10FDB00000BF00BFC4F800A000BF00BF00BF00BF6D
:10FDC00000BF00BF00BF00BF00BF00BF00BF00BF3B
:10FDD00000BF00BF00BF00BF00BF00BF00BF00BF2B
:10FDE000A368256000BF00BF00BF00BF00BF00BF09
:10FDF00000BF00BF00BF00BF00BF00BF00BF00BF0B
:10FE000000BF00BF00BF00BF00BF00BF890EC3F32B
:10FE1000836343EA01130BF8013FB345A4D11C4BA4
:10FE2000029A1B682360636843F07D536360D9F8CE
:10FE3000003033B1002300BF0133D9F800108B42EA
:10FE4000F9D3009B9B1A009312D0079B019913448E
:10FE500011441A0C07931E0D019103921A0A4FEADE
:10FE6000133B05921A0903F00F030492069358E618
:10FE700009B0BDE8F08F064B1B682360636843F050
:10FE80007D536360D9F80030002BD3D149E600BF21
:10FE90001CF302202DE9F04F8BB0CDE90321002A9D
:10FEA00000F01882030DDFF87CA0DFF87C90064696
:10FEB0000993030CDFF874B00893030B154C0793F8
:10FEC000030A05930309029300F00F030693636886
:10FED000114A43F07D530399126863600F4B9142BE
:10FEE0001F6828BF11460E4B47F001271B6847F4D7
:10FEF000800727EA030727F078572760DAF80030F1
:10FF0000B3B1002300BF0133DAF800209342F9D3E4
:10FF10000EE000BF00C00042182F00201CF302209A
:10FF20001C2F002024F30220202F002028F3022081
:10FF300047F0605547F0685301912560236000BF8A
:10FF400000BF00BF00BF00BF00BF00BF00BFFFF782
:10FF5000F3F8256000BF00BF00BF00BF00BF00BFB7
:10FF600000BF00BFFFF7E8F847F0305547F03853BF
:10FF70002560236000BF00BF00BF00BF00BF00BFFF
:10FF800000BF00BFFFF7D8F8256000BF00BF00BF6B
:10FF900000BF00BF00BF00BF00BFFFF7CDF8099B47
:10FFA00003F00F0547EA856545F00073256023607F
:10FFB00000BF00BF00BF00BF00BF00BF00BF00BF49
:10FFC000FFF7BAF8256000BF00BF00BF00BF00BF49
:10FFD00000BF00BF00BFFFF7AFF8089B03F00F059D
:10FFE00047EA856545F000732560236000BF00BFC8
:10FFF00000BF00BF00BF00BF00BF00BF00BF00BF09
:02000004600199
:1000000000BF00BFFDF784FD256000BF00BF00BF3B
:1000100000BF00BF00BF00BF00BFFFF78DF8079B08
:1000200003F00F0547EA856545F0007325602360FE
:1000300000BF00BF00BF00BF00BF00BF00BF00BFC8
:1000400000BF00BF00BF00BFFDF762FD256000BF1D
:1000500000BF00BF00BF00BF00BF00BF00BF00BFA8
:1000600000BF00BF00BFFDF753FD059B03F00F0568
:1000700047EA856545F000732560236000BF00BF37
:1000800000BF00BF00BF00BF00BF00BF00BF00BF78
:1000900000BF00BFFDF73CFD256000BF00BF00BFF3
:1000A00000BF00BF00BF00BF00BF00BF00BF00BF58
:1000B00000BFFDF72DFD029B03F00F0547EA8565A4
:1000C00045F000732560236000BF00BF00BF00BF84
:1000D00000BF00BF00BF00BF00BF00BF00BF00BF28
:1000E000FDF716FD256000BF00BF00BF00BF00BFC9
:1000F00000BF00BF00BF00BF00BF00BF00BFFDF7D3
:1001000007FD069B47EA836545F000732560236081
:1001100000BF00BF00BF00BF00BF00BF00BF00BFE7
:10012000FFF70AF8256000BF00BF00BF00BF00BF97
:1001300000BF00BF00BFFEF7FFFF6368019923F017
:1001400070536360D9F80030002B31D0019647F02E
:10015000007500268846256000BF00BF00BF00BFB5
:1001600000BF00BF00BF00BF00BF00BF00BF00BF97
:1001700000BF00BF00BF00BFF9F7DCF8276000BF79
:1001800000BF00BF00BF00BF00BF00BF00BF00BF77
:1001900000BF00BF00BF00BF00BF00BF00BFF9F736
:1001A000C9F80136D9F80020B242D4D84146019EA0
:1001B000002900F09280049B47F0007501EB0308D2
:1001C000CDE9051608F1FF325E1E0292256000BFE0
:1001D00000BF00BF00BF00BF00BF00BF00BF00BF27
:1001E00000BF00BF00BF00BF00BF00BF00BFF9F7E6
:1001F000A1F8A1680191276000BF00BF00BF00BF48
:1002000000BF00BF00BF00BF00BF00BF00BF00BFF6
:1002100000BF00BF00BF00BFF9F78CF8256000BF2A
:1002200000BF00BF00BF00BF00BF00BF00BF00BFD6
:1002300000BF00BF00BF00BF00BF00BF00BFF9F795
:1002400079F8D4F80880276000BF00BF00BF00BF66
:1002500000BF00BF00BF00BF00BF00BF00BF00BFA6
:1002600000BF00BF00BF00BFF9F764F80199C8F3F1
:100270008363890E43EA011306F8013F029B9E4205
:10028000A4D11C4B1B68DDE905162360636843F0AD
:100290007D536360DBF8003033B1002300BF0133CE
:1002A000DBF800209342F9D3039B5B1A039311D030
:1002B000049B0E440B440493330D0993330C0893B1
:1002C000330B0793330A05933309029306F00F03A8
:1002D0000693FCE50BB0BDE8F08F064B1B6823606E
:1002E000636843F07D536360DBF80030002BD4D1AA
:1002F000EDE500BF1CF302202DE9F04F89B001921B
:10030000002A00F0D181020A184F030CDFF870A018
:1003100005920209164C814604924FEA105B00F0E8
:100320000F02060B079306926268124B42F07D5251
:100330001868114B6260019A1D6882420F4B45F0AC
:10034000012528BF0246186845F4800525EA000506
:1003500025F0785525603868A0B14FF0000C00BF3B
:100360000CF1010C3B689C45F9D30BE024F302200F
:1003700000C00042182F00201CF302201C2F002078
:1003800028F3022045F0406845F06063CDE9022182
:10039000C4F80080236000BF00BF00BF00BF00BFE3
:1003A00000BF00BF00BFFEF7C7FEC4F8008000BF5B
:1003B00000BF00BF00BF00BF00BF00BF00BFFEF70F
:1003C000BBFE45F0005845F00853C4F80080236098
:1003D00000BF00BF00BF00BF00BF00BF00BF00BF25
:1003E000FEF7AAFEC4F8008000BF00BF00BF00BF38
:1003F00000BF00BF00BF00BFFEF79EFE0BF00F0066
:1004000045EA806848F00073C4F80080236000BFAC
:1004100000BF00BF00BF00BF00BF00BF00BF00BFE4
:1004200000BF00BF00BFFDF773FBC4F8008000BF32
:1004300000BF00BF00BF00BF00BF00BF00BFFEF78E
:100440007BFE079B03F00F0045EA806848F00073CD
:10045000C4F80080236000BF00BF00BF00BF00BF22
:1004600000BF00BF00BFFEF767FEC4F8008000BFFA
:1004700000BF00BF00BF00BF00BF00BF00BFFEF74E
:100480005BFE06F00F0045EA806848F00073C4F890
:100490000080236000BF00BF00BF00BF00BF00BFDF
:1004A00000BF00BFFEF748FEC4F8008000BF00BFD9
:1004B00000BF00BF00BF00BF00BF00BFFEF73CFE93
:1004C000059B03F00F0045EA806848F00073C4F80C
:1004D0000080236000BF00BF00BF00BF00BF00BF9F
:1004E00000BF00BFFEF728FEC4F8008000BF00BFB9
:1004F00000BF00BF00BF00BF00BF00BFFEF71CFE73
:10050000049B03F00F0045EA806848F00073C4F8CC
:100510000080236000BF00BF00BF00BF00BF00BF5E
:1005200000BF00BFFEF708FEC4F8008000BF00BF98
:1005300000BF00BF00BF00BF00BF00BFFEF7FCFD53
:10054000069B45EA836848F00073C4F80080236086
:1005500000BF00BF00BF00BF00BF00BF00BF00BFA3
:10056000FEF7EAFDC4F8008000BF00BF00BF00BF77
:1005700000BF00BF00BF00BFFEF7DEFDDDE90221C6
:10058000002A00F0948002EB01084E1E8B46CDF845
:100590000C9008F1FF3816F8013F1B0945EA836902
:1005A00049F00071C4F80090216000BF00BF00BF97
:1005B00000BF00BF00BF00BF00BF00BF00BF00BF43
:1005C00000BF00BF00BF00BF00BFF8F7B3FEC4F814
:1005D000009000BF00BF00BF00BF00BF00BF00BF52
:1005E00000BF00BF00BF00BF00BF00BF00BF00BF13
:1005F00000BFF8F79FFE337803F00F0345EA8369E5
:1006000049F00071C4F80090216000BF00BF00BF36
:1006100000BF00BF00BF00BF00BF00BF00BF00BFE2
:1006200000BF00BF00BF00BF00BFF8F783FEC4F8E3
:10063000009000BF00BF00BF00BF00BF00BF00BFF1
:1006400000BF00BF00BF00BF00BF00BF00BF00BFB2
:1006500000BFF8F76FFE46459DD1194B5946186803
:10066000DDE902292060DAF8000030B1002000BF87
:100670000130DAF800309842F9D3019B9B1A0193BC
:1006800012D0914411444FEA19434FEA195B079382
:100690004FEA19234FEA193605934FEA19130493C9
:1006A00009F00F0306933FE609B0BDE8F08F044B55
:1006B00018682060DAF800000028D7D134E600BFBF
:1006C0001CF30220174B0021174A184810B4C3F836
:1006D000A4242922C3F89004072083F8AD24144AE7
:1006E000144CA3F8981483F8B11483F8C814C3F811
:1006F0008014C3F88414C3F88C1483F8B814C3F8B6
:10070000A8044FF47A70C3F89C240B4B6160A0607E
:10071000204621732360094AC4E91211084910BC1C
:100720000AF0CCBF70EC022000093D0068220020D6
:10073000AC21002020EC022044220020342F002095
:100740005D340000002B45DD9FED247A00EB830330
:100750008446FCEC017AF0EEE77AF4EEC77AF1EE2B
:1007600010FA37FE877A9C45F3D1DFED1D6AC7EE9C
:10077000267AF5EEC07AC2ED007AF1EE10FA26DDA7
:10078000F7EE006A86EEA77A01396FF07E0CF6EE7E
:10079000006A0FE077EEA67AFDEEE77A17EE902A70
:1007A0006245B8BF62467F2AA8BF7F22984201F8FF
:1007B000012F0BD0F0EC017A67EE877AF5EEC07A64
:1007C000F1EE10FAE6D577EEE67AE5E770479FEDB1
:1007D000037AD9E700231360704700BF00000000D0
:1007E0000000FE420F2938B530D8DFF88CE084468F
:1007F0005EF8310050B31468012BCCF80010CCF82F
:10080000084021D9022B936807D0D2E90452022D67
:1008100072F1000201D3A5FB0335CCF80430B4FB20
:10082000F0F300FB1340D0B90EEBC10E0121DEF84E
:100830000420CCF8181002FB03F3DDE90445CCF8E2
:100840000C30CCE9044538BD0123E6E70B46074AE6
:10085000A02107480CF078F84FF0FF3038BD234650
:10086000044AA02102480CF06FF8F5E704130020B9
:10087000F4310320201300208007002010B51C460F
:10088000836986B063B3D0E901CE8C451CD196450F
:100890001AD1D0F800C02CF00403082B02D0BCF110
:1008A0000E0F06D1C368B3F5803F21D8002006B0F3
:1008B00010BD089BA021114A1148CDE9004C0CF055
:1008C00043F84FF0FF30F2E70492089B0D4A0C48C2
:1008D000CDE902E1CDE9004CA0210CF035F8F0E7BC
:1008E000089BA021084A009405480CF02DF8E8E781
:1008F000064AA02102480CF027F8E2E78413002002
:10090000F43103205813002044130020B0130020BA
:10091000134B1A68033230B522F0030C114C4FF020
:10092000000E0D4624681CEB000183B0C3F800C024
:100930004EEB0E028C427EEB020205D37046C5F8E8
:1009400000C0196003B030BD0346074AA021074824
:10095000CDE900C40BF0F8FF4FF0FF30F2E700BF25
:10096000A0320320A4320320D0130020F43103204E
:10097000F0B517461E4604460D462DED028B85B098
:10098000F8F79AFA3A46334629462046B0EE408BAD
:10099000F8F752FA0746F8F78FFA114B30EE480B8A
:1009A0001A6A93ED027B92191A6237EE007B5A6A3B
:1009B00042F1000283ED027B5A6227B9384605B046
:1009C000BDEC028BF0BD074AA02102960648CDE996
:1009D00000450BF0B9FF384605B0BDEC028BF0BD09
:1009E00058E9002000140020F4310320002952D0DF
:1009F0002DE9F04F294D83B007460E46DFF8A8A039
:100A000005F11009EC680EE0B345D846384628BF1A
:100A1000B0464246474408F0D1FDEC68B6EB080604
:100A20004444EC6029D0AB6804EB0901A342A3EB7A
:100A3000040BE9D1D5E90021DAE90030A4184A46CF
:100A400041F100089C4278EB00011AD21B1B41F2D5
:100A5000010160EB08008B42414670F10000204626
:100A600028BF4FF480539B46FFF782FF494678B971
:100A7000C5E90048C5E902B0C6E7002003B0BDE8FB
:100A8000F08F074AA0210748CDE900480BF05CFF32
:100A90004FF0FF30F2E70020704700BF48D9002038
:100AA00020140020F4310320082A01202DE9F04F02
:100AB000D0F80C9087B0B9F5803F79D8002967DD70
:100AC00003934FF480339246804600250491B3FB94
:100AD000F9F30593049BEA17D8F814105F1B059BE4
:100AE0009F4228BF1F46A5FB090309FB0233D8F824
:100AF00010208018344A43EB010109FB07F3FFF78C
:100B000037FF00285CD1039B07EB050B2E4C03EB52
:100B100085060FE02D4B2E4A2E49CDE900C7F1F78F
:100B2000F7FC039BCBB186ED000A013504364C443B
:100B3000AB4529D0264B2146264A2046D8F808C086
:100B40000027BAF1000FE5D1CDE900CAD8F80000BE
:100B5000F1F722FE039B002BE5D11F4B1F49D3ED7C
:100B6000007A1F4AF4EEC07AF1EE10FA14D5C1ED06
:100B7000007A043611684C441560013583ED000A93
:100B8000AB45184B1960D5D1049B5D465B45A1DC94
:100B9000002007B0BDE8F08FD1ED007A114BF4EEE4
:100BA000C07AF1EE10FAC0D51D6081ED000ABCE7F5
:100BB0000D4D0E4C0FCD0FC495E80F0007C42380D8
:100BC0004FF0FF30E5E700BF00002120B4E602202F
:100BD00050E1022050B60220EC310320F031032016
:100BE000983203209C32032040140020F43103206B
:100BF0002DE9F84FB1F1000A2DED068B4FDD012AEA
:100C00004DDD002A09EE103A07EE902A1746B8BFCC
:100C1000571CF0EE409AB8EEC99A9146F8EEE7AA52
:100C20007F10B8EE00AA80464FF0000B08EB870655
:100C30004546002407EE904AB0EE690A0134F8EE0A
:100C4000E70A60EE8A0AC0EEAA0A0AF059F969EECC
:100C5000008AB0EE680A0AF0DFFBB0EE408AB0EE20
:100C6000680A0AF0D9FAD5ED006A96ED007AA74233
:100C700068EE267A20EE076A28EE078A20EE260A1A
:100C800077EEC67A30EE080AE5EC017AA6EC010AA6
:100C9000D0DC0BF1010B08EB8908DA45C6D1BDECBD
:100CA000068BBDE8F88F00BF1F4AD2E9023C10B5A1
:100CB000A3EB0C0E0C4600218645A1411AD2116807
:100CC0005B18516841F1000C1B1818484CEB0401EB
:100CD000B3EB0E03D0E9004061F100019C42884172
:100CE0000BD39FED0F7BC2E9003182ED027B002424
:100CF000204610BD6044D060F9E7DFF834E04FF0E3
:100D0000FF34DFF830C0BEE80F00ACE80F009EE80B
:100D100003004CF8040BACF80010E9E7AFF30080D7
:100D2000000000000000000048D90020082A01202F
:100D300060140020F431032070B505461446234AA0
:100D400000232E19106843EB0302B04293412DEDAE
:100D5000028B84B02ED30391F8F7AEF822460399A4
:100D60002846B0EE408BF9F79FFC0646F8F7A4F84A
:100D7000174B30EE480B9A6A93ED047B12199A6276
:100D800037EE007BDA6A42F1000283ED047BDA621F
:100D900026B9304604B0BDEC028B70BD2B460D4A1F
:100DA000A02100940C480BF0CFFD304604B0BDEC00
:100DB000028B70BDCDE900402B46084AA0210648B1
:100DC0004FF0FF360BF0C0FDE3E700BFA432032075
:100DD00058E90020A4140020F431032078140020E6
:100DE00070B505461446234A00232E19106843EBBC
:100DF0000302B04293412DED028B84B02ED30391B8
:100E0000F8F75AF8224603992846B0EE408BF8F7D7
:100E100045FC0646F8F750F8174B30EE480B1A6BB6
:100E200093ED047B12191A6337EE007B5A6B42F183
:100E3000000283ED047B5A6326B9304604B0BDEC52
:100E4000028B70BD2B460D4AA02100940C480BF07C
:100E50007BFD304604B0BDEC028B70BDCDE9004097
:100E60002B46084AA02106484FF0FF360BF06CFDD8
:100E7000E3E700BFA432032058E90020F414002067
:100E8000F4310320C4140020F0B5144D83B004469F
:100E9000164601951F46124D002308460095A2688C
:100EA000F1F7B8FA23680C2B08D0334600223946F4
:100EB000204603B0BDE8F040FFF7F8BD094B2846D7
:100EC00000930023A268F1F705FB3346012239465F
:100ED000204603B0BDE8F040FFF7E8BD50E1022036
:100EE00050B60220B4E6022010B50C1E82B031DDEF
:100EF000254BA1009FED257A03EB8402F3EC017AE8
:100F000067EEA77A934237EE277AF7D107EE904A39
:100F1000F8EEE76AC7EE267A37EE800AB5EE400AA9
:100F2000F1EE10FA25D4F1EEC07A174A0144184BBD
:100F3000B7EE007AC7EE276AF2EC017AB0EC017ADC
:100F4000814266EEA77A67EE877AE3EC017AF3D105
:100F500002B010BD07EE904ADFED0C6AB8EEE77AFA
:100F6000C6EE877A37EE800AB4EE660AF1EE10FA22
:100F7000EED5019009F028FF002CF0EE407AE7DD75
:100F8000A1000198D1E700BF5056022000000000E8
:100F90005076022070B500EB820084B0164608221D
:100FA0000D461C460DEB0201FFF7C6FED8B9DDE980
:100FB0000202121AB2F5806F13460EDA42B12844CB
:100FC000214601920092FFF7B7FEDDE9002350B9F8
:100FD0000021A154184604B070BD3346034AA02135
:100FE00003480BF0B1FC4FF0FF33F3E71815002076
:100FF000F43103202DE9F04383B0984606461746A6
:101000000A9D2B78002B37D028461C4C40F2B31297
:101010005C4010F8013FA4FB024C002BF8D101F119
:10102000FF3910E0DDF804C00CF1FF32BCF1000F15
:1010300018D0FFF7AFFF00282946114812DB013412
:101040000CF0DEF998B1042209EA04040DEB020168
:1010500006EB8400FFF770FE0246094B4146384616
:10106000002ADFD04FF0FF3003B0BDE8F0830198D5
:10107000013803B0BDE8F083004CD0E783039D73D3
:10108000A029032070B5856982B0002D3DD0164699
:10109000B1F5006F0C460546D0E9012302FB03F3CE
:1010A00037D88B4235D10368012B44D8C36802FB83
:1010B00003F3B3F5803F32D8264AD0E90401FFF7A5
:1010C00057FC60BB244A0346224928680092224606
:1010D000F0F7A0FF034628BB204DA20020490C6872
:1010E0002968033121F003008118286043EB030CC9
:1010F0008C4273EB0C0324D33060296032B1164963
:1011000002B0BDE87040FFF76BBE1560002002B072
:1011100070BD144AA021144800940BF015FC4FF048
:10112000FF30F4E7114D104C0FCD0FC495E80300CC
:1011300084E80300F3E70E4AA0210B480BF004FCFF
:10114000EDE71346A0210B4ACDE9000406480BF059
:10115000FBFBE4E700002120105A0120A03203200D
:10116000A432032034150020F43103207815002028
:1011700060150020D01300202DE9F04F904642006A
:101180008BB00546102A8946039340F2C580102390
:101190001E465B009A42FBD8F6000021B446664C1E
:1011A000664A10682268033222F0030717EB0C0C22
:1011B000276041F100020021604571EB0202C0F09E
:1011C000B180BA190293039B22604FF480321F60F2
:1011D0005B480BF02FFD029BBEB19A4601E0361B27
:1011E00012D0B6F5803F34463846554928BF4FF4F3
:1011F000803422462744FFF7F3FD0028EFD04FF05C
:10120000FF300BB0BDE8F08F5346149A1360002DE9
:1012100077D000224B4E04930692069A4A49AB1AA5
:1012200009EB8200B3F5807F28BF4FF480735A1C0E
:1012300005939200FFF780FD0028E0D1DFF808A1B8
:1012400002900795DAE90004241AB4F5806F5AD2A7
:1012500034B1404422463146FFF76EFD0028CED11E
:10126000029B00220133325532780293039B374CA4
:101270001F684AB1334840F2B311544010F8012FAF
:10128000A4FB0143002AF8D1049B03F1FF3B10E0CB
:10129000DDF824C00CF1FF32BCF1000F19D0FFF7CC
:1012A00079FE002831462A48A9DB01340CF0A8F861
:1012B000D0B10BEA0404042209A907EB84052846EF
:1012C000FFF73AFD0246224B41464846002ADFD04E
:1012D00095E7029B09A9069A28469A1809920422C2
:1012E000FFF77EFD00288AD1029B0AF1040A059AC5
:1012F0009342A7D1DDE9063503F580739D4206933D
:101300008BD800207DE7029AA021069B1148134448
:10131000114A0BF019FB72E74FF0400C002110232B
:1013200066463CE7CDE9007033460C4AA0210948E7
:101330000BF00AFB63E700BFA0320320A4320320B6
:1013400000002120003F0320AC32032083039D7363
:10135000A0250320F431032090150020D013002095
:101360002DE9F04F93B004464FF0000C99460990D8
:101370008E469048A0427CEB0103C0F00981099B96
:1013800003F101088C4B18684FEA8808033020F0FD
:101390000300186010EB0801884B1C684CEB0C0331
:1013A0008C427CEB0303C0F0FB808044824B1060D6
:1013B000C3F80080C9F8008013680E93099B53EAB4
:1013C0000E0300F0D880DFF8FCA165466446CDF836
:1013D00020C0CDF834E0CDF83C90CDE90ACC08210E
:1013E00010A8FFF703FB00287ED1754BDDE91061E3
:1013F0009E4271F1000377D2B6F5806F71F1000360
:101400007CD231466F48FFF7F1FA00283DD10AF847
:10141000060050460CF0B4F9089A6B4BFF2C0746B7
:1014200043F8242004F1010247D0A7B30026DFF8D7
:10143000AC910C92B34602E02644B7422AD9C5F5D6
:101440008054BB1B09EB05000AEB06019C4228BF38
:101450001C462544224608F0B1F8B5F5805FEBD173
:10146000564A18F58053494610682A464BF1000544
:10147000984240467BEB05052DD30793FFF7B0FC60
:10148000DDF81C8005460028D6D04FF0FF3013B0A1
:10149000BDE8F08F0C9A089B0B993B4409980D9C72
:1014A00008930A9B013341F100010A938C4208BF63
:1014B00098420B9131D0144691E70E9C4FF4806214
:1014C00019462046FFF78CFC0028DED104F5806326
:1014D00002460E93A9E73D4D3D4C0FCD0FC40FCDF5
:1014E0000FC42B682370D0E7DDE90AC3394AA02175
:1014F0003748CDE900C30BF027FAC6E7DDE90AC398
:1015000040F2FF30344A0296CDE90310CDE900C322
:10151000A0212F480BF018FAB7E72B4B0899DDF8FC
:101520003C9043F82210013292001DD18DB1234B23
:1015300018EB050118684FF0000343EB03028842E3
:101540009341C8D32A4640462449FFF749FC002866
:101550009BD11C9A00200999D9F800301160089A93
:101560001344154A136092E70E981749FFF738FCA9
:101570000028DBD089E7144B04220E981946C3F8E3
:1015800000C0FFF72DFC00287FF47FAF0890E0E754
:10159000134AA0210E48CDE9004E0BF0D5F974E7AF
:1015A000CDE9000443460F4AA02109480BF0CCF9CD
:1015B0006BE700BF00093D00A0320320A4320320E6
:1015C0000100001000430320B03603200416002061
:1015D000F4310320C4150020D4150020A0130320EB
:1015E000A4150020D013002000487047F4310320D8
:1015F0003822002101480BF01DBB00BF58E9002034
:1016000030B5174C05468446A646BEE80F00ACE848
:101610000F0094ED025B94ED007BBEE80F0037EE07
:10162000457BACE80F0094ED045B9FED0B6BBEE8CF
:101630000F0037EE457BACE80F00B4EEC76B9EE8B9
:101640000300F1EE10FA8CE8030036FE076B85ED1F
:10165000066B30BDAFF3008000000000000000000A
:1016600058E9002000286FDB454B30B51C6E83B075
:10167000844202D8002003B030BD14460D46024615
:10168000D3E91A013F4BFFF785FC0028F2DB3D4B05
:101690001B78002BEED0002CECDD0020DFF8E4C03E
:1016A000DFF8E4E04FF6FF7121E003F0E002C02A2A
:1016B0002DD003F0F002E02A48D00CF1010CBF233A
:1016C000FF2284428DF80530D5DD431C2A549C420C
:1016D00053DD02309DF805208442EA54D4BF002235
:1016E00001229CF80030002BC5D0002AC3D01A0676
:1016F000DBD43EF813200CF1010C8A421BD0431CB2
:101700002A549C421846D4BF00220122E9E79B01DB
:101710009CF8012003F4F86302F03F021343022215
:10172000B3F5007F944420D23EF813208A42E6D1DC
:101730007F2B1AD8DBB284429DDD2B5401308442CA
:10174000D4BF00220122CCE7002070479CF8022081
:1017500002F03F0242EA03339CF80120920102F4B6
:101760007C62134303229BB2DAE79A0903F03F033A
:1017700062F03F0263F07F03A3E718460022B0E760
:10178000A0D80020C83A0320A02D03202DE9F04F57
:10179000DFF844B3D3B0DBF8A430002B00F0448171
:1017A0000378002B00F026824FF000099246CDE925
:1017B0000A0989463C2B00F03D810A9B1E78002EC9
:1017C00000F02C81272E00F06481202E00F088810B
:1017D000002226F02003413BDBB2192B04D9C6F3CB
:1017E000C713002B00F004820A9B1A44104612F81B
:1017F000011F21F02003413B192BF7D9C909F5D16D
:101800000A9BC3F101085C1E8044AF4D0026DFF83F
:10181000CCE22946B4460DE00120AB4A01F8403B3A
:1018200002EB86120136464502F800C013DAB6F51F
:10183000807F10D014F8013F02203EF8133003F0EF
:101840003F027F2B4FEA931762F07F02E4D967F0E3
:101850003F034A70E1E79D4B05F14002039603EB1D
:10186000861309920693039B012BCDE90C85CDE9E4
:101870000E9A00F0AF804FF0FF316FF00043099EE9
:1018800001254FF00008CDE904138F4B4746A846C9
:1018900003EB871948460BF073FF044630460BF004
:1018A0006FFF8246201822464946023082282DD8F2
:1018B00031A807F083FE0DEB04014FF02003601CFC
:1018C0000AF1010281F8C43031AB3146184407F007
:1018D00075FEDBF86430CBB131A8DBF88410DBE9AE
:1018E0001C230090DBF88000FFF784FB00280DDB51
:1018F000059A9042ACBF00230123002B0CBF134676
:1019000003460593049B18BF3B4604930135039B94
:101910004036AB42B9D1049B5A1C5BD04FEA8318C6
:10192000694C08F1400504EB8319254448460BF047
:1019300027FF064628460BF023FF331807463F2BA8
:1019400048D8DBF87C3011AC324649460593204636
:10195000DBF86830DBF878A00793DBF86C3008938D
:1019600007F02CFE7A1C2946A01907F027FE0599DE
:1019700050460094DDE90723FFF73CFB002829DBF4
:1019800020460BF0FDFE2146421C484607F016FE9D
:10199000049B039A0233934212DA099B069F08EBD9
:1019A0000306344640363546B7420FCD0FC40FCD3F
:1019B0000FC40FCD0FC495E80F0084E80F00F0D1DD
:1019C000039B013B0393069B403B0693039B012B28
:1019D0007FF451AF039EDDE90C85DDE90E9A05EB3E
:1019E00086140B9EDBE91A23DBE91E0100954035C6
:1019F000FFF700FB002804DBB24515DD49F826009F
:101A00000136AC42EED1002E0B960DDB0A9B43440F
:101A10000A930A9B1B78002B7FF4CCAEDDF82C9048
:101A2000484653B0BDE8F08F4FF0FF39484653B0F9
:101A3000BDE8F08F0A9B5B787C2B7FF4BEAE0A9DDD
:101A4000234928460BF082FB00283FF4B6AE841CE5
:101A5000651B3F2D3FF6B1AE2A460A9931A86D4469
:101A600007F0ACFD002285F8C4200090DBE91A23C2
:101A7000DBE91E01FFF7BEFA0028FFF69EAE0B9BC6
:101A80009A45D1DD0B9B0A9449F8230001330B934F
:101A9000BFE7104F0224984607F11C0506E0AF424D
:101AA0003FF496AE38680BF06BFE04463968224668
:101AB000404604370BF06AF90028F0D1002CADD075
:101AC0000A9BA0465C1EA0E614470320D4460320D0
:101AD00028160020B8240020A0D80020A02303202E
:101AE0000A9B5B785BB3A3F10902D2B2172A67D8CD
:101AF000414921FA02F2D70747D5172100223E4B70
:101B0000CB40DD0721D50A9B5C1EC3F101052246AF
:101B100005EB020812F8010F3749A0F10903DBB207
:101B2000172B21FA03F123D8C807F1D4B8F1010F1C
:101B300023DCB8F1010FB8BF4FF0010865E61A4683
:101B400017212D4BCB40DD07DDD40A9B9918A6F158
:101B500009032948DBB2172B20FA03F033D8C40756
:101B600040D5012A0A9BB8BF01225C1E90464CE674
:101B7000B8F1010FDDDD0028DBD008F1FF38B8F146
:101B8000010FB8BF4FF001083FE60122A3F1300179
:101B9000C9B2092906D9A3F109011E46C9B21729FC
:101BA000ADD9D2E70A9B1A44114612F8013F303BE7
:101BB000092BF9D90A9BC3F101085C1E884424E66D
:101BC0001E46012205E626F02003C6F3C710413B5E
:101BD000DBB2192BC5D90028C3D1A6F13003DBB283
:101BE000092BBED911F8016F0132002EAFD1B8E731
:101BF0003346CBE7994613E713008000000000004E
:101C00002DE9F04F2DED028BADF2C44D0024CDE94E
:101C100004120B90002144F2A8028B480BF00AF842
:101C200041F21002002189480BF004F8884B382259
:101C300021461C6030AD874B87481C70874B1C7059
:101C40000AF0F8FFF7F72CF9854BC3E90001F7F725
:101C50002DF9844B21464FF4806218602846824B50
:101C60001C600AF0E7FF4FF48062FF217F480AF012
:101C7000E1FF012150ABAEAA43F8041F9342FBD110
:101C800005F5207305F52C71012243F8042F9942C4
:101C9000FBD105F52D7305F57F70012243F8042F64
:101CA0008342FBD12A1F0023DFF8D8C16F4E1146B3
:101CB00051F8044F1CB12CF8133026F81330814230
:101CC00003F10103F4D10024DFF8B8E1DFF89CC18F
:101CD000214604F5807352F8046F9BB226B9013493
:101CE0002EF811302CF81310824201F10101F0D1CD
:101CF000042119A8FEF77AFE002840F07B84199A87
:101D00005B4B9A4240F0768404211AA8FEF76EFEDF
:101D1000002840F0558408211EA8FEF767FE002821
:101D200040F04E84082120A8FEF760FE002840F015
:101D300047841E994F4B1F9A8B420A9270EB020206
:101D4000C0F06B85DDE920CE634570EB0E03C0F07B
:101D500064855CEA0E031B9000F0F285834624AC98
:101D600082460E91CDE906CE082122A8FEF73EFE5E
:101D7000002840F0528254E90267802E77F1000378
:101D800080F04B8231462846FEF730FE002840F0B6
:101D9000A082A85504211CA8FEF728FE8146002831
:101DA00040F0AB82DDF87080B8F1090F19D026AB96
:101DB00001462822184608930AF03CFFB8F10C0FA0
:101DC00000F20F82DFE818F05E016B017A018701F3
:101DD0009501A101AF01C301EA010D02E100E1009B
:101DE0004A0104211DA8FEF701FE002840F0AC8343
:101DF00008212046FEF7FAFD002840F0A5831D9B30
:101E0000082B00F0F7800C2B3ED91B4AA021134869
:101E100000950AF099FD049B6BB1059B002B0ADD30
:101E20000E4B1B78002B40F0F681144B144ADDE971
:101E300004010AF089FD4FF0FF3420460DF2C44D35
:101E4000BDEC028BBDE8F08FA098002048D900209F
:101E5000A8320320C431032058E90020F4310320C4
:101E6000082A0120A4320320A0320320A02D032041
:101E700047475546A0860100E01600202C1600209A
:101E800054130020A0230320BB4A52F82320002A29
:101E9000BBD0D4E90031A3FB020302FB0131FEF702
:101EA00003FF002840F0A5841BF1010BDDE9063299
:101EB0004AF1000A524508BF5B457FF455AF1B9BB2
:101EC0004E46AE4A0E991366002B00F03B850A9BE6
:101ED0000B4300F03185002315960DF1980B0E464B
:101EE00006930993CDE90733DFF8ACC25F46BCE83F
:101EF0000F000FC79CE80F0087E80F00082122A8F9
:101F0000FEF774FD002840F0A28354E90273802F8D
:101F100073F1000380F09B8339462846FEF766FD87
:101F2000002840F0F284E85504211CA8FEF75EFD6D
:101F3000002840F0AA831C9F042F00F2A683002FE4
:101F400000F0EF81DA460BEBC70902E0CA4500F06A
:101F5000E881504608210AF1080AFEF747FD0028EB
:101F6000F4D0049B002B3FF466AF059B002B7FF75A
:101F700062AF834B1B78002B00F06383804B814A58
:101F8000DDE904010AF0E0FC55E708212046FEF7F0
:101F90002DFD002840F025819FED757BD4E900835D
:101FA0000993482E77F10007BFF47EAF764B1B688C
:101FB0007F2B3FF779AF754F721C2946DE0107EB87
:101FC000C3108DED0C7B07F0F9FA099AC0F8488030
:101FD0002821C264089B6B4A9DED0C7B80ED147B2D
:101FE00006F1580038440AF0AFFC674A1368013321
:101FF000136059E7664928460BF002FAD4E90067F6
:10200000002800F02781634928460BF0F9F90028E1
:1020100000F03F8156EA07033FF446AF26AAB846D0
:1020200037460026CDE908294FF000090821089815
:10203000FEF7DCFC002840F0C683DDE92601FEF750
:1020400033FE002840F0BF83013649F10009C14545
:1020500008BFBE42EAD1DDF8249025E708212046DA
:10206000FEF7C4FC002840F0BC8094ED007B51ECEE
:10207000170B8DED0C7B09F00DFD804609919DED50
:102080000C7B8EE701212046FEF7B0FC002840F0D3
:10209000A88094F8008009909FED357B81E70121AD
:1020A0002046FEF7A3FC002840F09B8094F90080B6
:1020B0004FEAE8739FED2E7B099372E702212046D9
:1020C000FEF794FC002840F08C80B4F80080099062
:1020D0009FED277B65E702212046FEF787FC00285D
:1020E0007FD1B4F900804FEAE8739FED217B09931B
:1020F00057E704212046FEF779FC002871D1D4F877
:10210000008009909FED1A7B4BE704212046FEF7E3
:102110006DFC002865D1D4F800804FEAE8739FED8C
:10212000147B09933DE704212046FEF75FFC00285D
:1021300057D1D4ED007A2068B7EEE77A8DED0C7BAD
:1021400009F096FC804609919DED0C7B29E7012161
:102150002046FEF74BFC002843D194F800800990FC
:10216000B8EB00089FED027B18BF4FF0010818E79D
:102170000000000000000000E0060020A0D80020C1
:10218000F431032054130020A832032090E90020EA
:10219000B0160020C816002080020020082120462A
:1021A000FEF724FCE8B9A14BD4F80080626898459A
:1021B00072F1000315D2B8F1280F4146964672F12C
:1021C000000C80F0DB810898CDF83CE00C9209917E
:1021D000FEF70CFC09990C9ADDF83CE0002800F0B1
:1021E00020822B46924AA02192480AF0ADFB049B24
:1021F000002B3FF420AE059B002B7FF71CAE8D4BD0
:102200001B78002B00F02E838A4B8B4ADDE90401FA
:102210000AF09AFB0FE6874B08E6884AA02185481A
:10222000CDF800B0CDF804A00AF08EFB049B002B83
:102230003FF401AE059B002B7FF7FDAD7D4B1B7876
:10224000002B40F09E817E4B7B4ADDE904010AF0C1
:102250007BFBF0E51BAB304639460093794B1A1FE8
:10226000FFF77EF800283FF41FAE049B002B3FF4DD
:10227000E2AD059B002B7FF7DEAD6E4B1B78002B8C
:1022800000F0F6826B4B6C4ADDE904010AF05CFB5E
:10229000D1E56D4A3046394602F1100300920C3206
:1022A000FFF75EF800283FF4FFAD049B002B3FF4DE
:1022B000C2AD059B002B7FF7BEAD5E4B1B78002B9C
:1022C00000F036835B4B5C4ADDE904010AF03CFB1D
:1022D000B1E5049B002B3FF4AEAD059B002B7FF7CF
:1022E000AAAD544B1B78002B00F0AF81514B524AE2
:1022F000DDE904010AF028FB9DE5049B002B3FF477
:102300009AAD059B002B7FF796AD4A4B1B78002BAF
:1023100000F09981474B484ADDE904010AF014FBBB
:1023200089E504211DA8FEF761FB002840F0268303
:1023300008212046FEF75AFB002840F01F83DBF8F7
:102340000030284641490C93DBF80430DDF874A0D6
:102350000F93DBF808301093DBF80C301193DBF8A7
:1023600010301293DBF814301393DBE906831493D7
:10237000D4E9002343EC182B0BF042F8002800F0BE
:102380006882334928460BF03BF8002800F0FB80B8
:10239000304B2A689A4200F0FE812F4B2A689A42FD
:1023A00000F0BA810C9B119ADDE90F0103FB02F2E8
:1023B00001FB00221298A3FB01310A44139903FB8D
:1023C00001F100FB0211A3FB003208981144149A9A
:1023D00003FB02F208FB0122A3FB08311B180A448D
:1023E0000999089342EB0102079B0A990992069A00
:1023F000013243F100030692994208BF96420793C7
:102400007FF472AD159E154B154A19681068DA688D
:102410005B68814612EB010B43F10007002840F393
:102420004A82DFF840A00024D04621E001000010DD
:1024300084160020F4310320541300206C16002071
:102440002C1600200CD9002004D900204C170020A5
:10245000601700206F757470626C6B2E48D9002075
:10246000A832032090E9002001344C4500F09F82FF
:102470004046974908F180080AF0C2FF0028F3D1CE
:102480000AEBC413934AD3E912430692012C42E9A2
:1024900002B773F1000218DB5846394622469846C7
:1024A00009F0CEFA11461A4652EA01030DD014EB98
:1024B0000B0447EB0803641A63EB0203069AB9F1B5
:1024C000000F42E9024340F30282834CA246079484
:1024D00003E001364E4500F0FA8120467F49803402
:1024E0000AF08EFF0028F4D10AEBC6137C4A28219B
:1024F0007C4858330AF028FA7B497A480AF080FF72
:102500008146002840F04884784B6021784A28466C
:102510000093744B0AF018FA764BD3F80080C84544
:1025200040F338846C4E4C4603E00134A04500F083
:102530004D823046294680360AF062FF0028F4D1E9
:102540000AEBC414A36C42E22B466B4AA0216B48F1
:102550000AF0FAF9049B002B3FF46DAC059B002BAD
:102560007FF769AC654B1B78002B00F04081634B13
:102570005B4ADDE904010AF0E7F95CE486462721BD
:1025800021E65E4B60E63B4651465A465C488DED7F
:10259000008BFEF727F900283FF404AF04980028C9
:1025A0003FF449AC059900297FF745AC534B554C96
:1025B0001A78002A08BF2346494A0AF0C5F93AE4C6
:1025C000514D4E4E0FCD34460FC42B682370049BE3
:1025D000002B3FF430AC059B002B7FF72CAC3278FE
:1025E000484BDDE90401002A18BF33463C4A0AF093
:1025F000ABF920E4454B414C0FCB84E80F00049B22
:10260000002B3FF418AC059B002B7FF714AC23780C
:10261000002B55D02346324ADDE904010AF094F933
:1026200009E4089B5854B8EB010062EB0E01FEF779
:102630003BFB00287FF4D5AD804609909FED227BBF
:10264000AFE4304B9BE42F4B65E62E4B4FE6069BE9
:10265000A0212F4A0093079B284801930AF074F9A0
:10266000049B002B3FF4E7AB059B002B7FF7E3AB0C
:10267000224B1B78002B00F0A781204B184ADDE984
:1026800004010AF061F9FFF7D6BB2B46214AA021CD
:102690001A480AF059F9049B002B3FF4CCAB059B78
:1026A000002B7FF7C8AB154B1B78002B00F0DE80AA
:1026B000124B0B4ADDE904010AF046F9FFF7BBBBF8
:1026C000104BA8E7AFF300800000000000000000FE
:1026D000C017002000D9002090E90020EC1700204E
:1026E00054130020C4310320041800204418002093
:1026F0003C180020A832032098160020F431032053
:10270000B0D800202C1600204416002034160020DB
:1027100014170020241700202B794FF0000CA3F190
:102720003002D3B2092B3FF63DAE31A90CEB8C0C35
:10273000084611F8013F02EB4C0CA3F130025FFA9E
:1027400082FEBEF1090FF1D92E2B7FF42BAEBCF126
:10275000270F00F3A980831C4FF000090E93A74BAD
:10276000CDE9167BC346B046664653F8391003EBF5
:10277000C9070E9809F101090AF042FE9F4B002893
:102780007AD0B9F10C0FF0D12B469D4AA0219D487B
:102790000AF0DAF802E7319A9B4B9A427FF4FDADDA
:1027A000329A9A4B9A427FF4F8ADBDF8CC30742B34
:1027B0007FF4F3AD3B4651465A4695488DED008B6C
:1027C000FEF710F8E7E6049B002B3FF434AB059BC3
:1027D000002B7FF730AB8B4B1B78002B4AD0894BFB
:1027E0008C4ADDE904010AF0AFF8FFF724BB8A4BFD
:1027F000BEE6049B002B3FF41EAB059B002B7FF72E
:102800001AAB804B1B78002B2ED07E4B814ADDE922
:1028100004010AF099F8FFF70EBB804D794E0FCDF9
:1028200034460FC42B68049824F8023B1B0C237019
:1028300000283FF400AB059900297FF7FCAA327805
:10284000754B002A18BF3346724A0AF07DF8FFF72D
:10285000F2BA3B4651465A4671488DED008BFDF762
:10286000C1FF98E66C4BD0E46B4BCFE76A4B20E797
:10287000694B08E5684BB3E73A46B446169F4646AF
:1028800050684FF4CC72D846DDF85CB002FB0CF215
:102890003B4651463032024462488DED008B104475
:1028A0005A46FDF79FFF76E663465F4AA0215548EA
:1028B0000AF04AF872E65D4B1BF01F014FF0000270
:1028C000069343E902B702D020249046EFE54D4E2F
:1028D000574D34460FCD0FC495E80300049B84E8A0
:1028E0000300002B3FF4A7AA059B002B7FF7A3AAA8
:1028F0003378494ADDE90401002B0CBF1346334607
:10290000444A0AF021F8FFF796BA049B002B3FF4E3
:1029100092AA059B002B7FF78EAA3A4B1B784BB1EE
:10292000384B3C4ADDE904010AF00EF8FFF783BAA0
:10293000394BC8E4384BF4E70A9B0891099362E5E8
:102940003C4B18662F4E3C4D34460FCD0FC495E8D6
:10295000070003C40498227000283FF46CAA05996C
:1029600000297FF768AA33782B4A002B0CBF134647
:102970003346284A09F0E8FFFFF75DBA2B462F4A95
:10298000A021204809F0E0FF049B002B3FF453AA4C
:10299000059B002B7FF74FAA1A4B1B7893B1194B5D
:1029A0001C4ADDE9040109F0CFFFFFF744BA1F4BD1
:1029B0001BF01F014FF00002069343E902B73FF4FA
:1029C00084AD81E7144BEBE7134B57E600231C4A19
:1029D0006021DFF850B028460092CBF80030194A49
:1029E000194B09F0B1FF194BD3F80080B8F1000F73
:1029F00040F3AE81164E002430E000BF18070020DF
:102A0000A8170020F431032075742E776569676874
:102A1000D0D80020541300202C1600205816002077
:102A200090D80020A09800208C17002000D900200A
:102A3000D4170020A0D80020F8160020341700205A
:102A4000501800203C180020C4310320A832032075
:102A500090E900200134444500F07A81304629464F
:102A600080360AF0CDFC0028F4D10AEBC414A36C24
:102A7000CBF804306021BA4B2846BA4A0093BA4BCF
:102A800009F062FFB94BD3F80080B8F1000F40F3B2
:102A90006181B74E002403E00134A04500F05A8163
:102AA0003046294680360AF0ABFC0028F4D10AEB08
:102AB000C414A36CCBF808306021AE4B2846A94A59
:102AC0000093A94B09F040FFA84BD3F80080B8F160
:102AD000000F40F34181A64E002403E00134444539
:102AE00000F03A813046294680360AF089FC0028F9
:102AF000F4D10AEBC414D4F848809F4B6021CBF882
:102B00000C8028460093974A974B09F01DFF974B7E
:102B10001F68002F10DD964E002402E00134BC42F5
:102B20000AD03046294680360AF06AFC0028F5D1E2
:102B30000AEBC414D4F84880904B6021CBF8108085
:102B400028460093874A884B09F0FEFE874BD3F84E
:102B50000080B8F1000F40F33881854E002403E077
:102B60000134444500F031813046294680360AF070
:102B700047FC0028F4D10AEBC41494ED147BB7EEA3
:102B8000C77B7F4B60218BED0A7A28460093754AFC
:102B9000754B09F0D9FE754BD3F80080B8F1000FE2
:102BA00040F31681724E002403E00134444500F0E6
:102BB0000F813046294680360AF022FC0028F4D1E5
:102BC0000AEBC41494ED147BB7EEC77BDBF800303E
:102BD0008BED0B7A002B00F00581DBF80430002B25
:102BE00000F00081DBF80C30002B00F0FB80DBF8FC
:102BF0001030002B00F0F680624B6021594A2846C5
:102C00000093594B09F0A0FE584BD3F80080B8F15F
:102C1000000F40F3E080564E002403E001344445A9
:102C200000F0D9803046294680360AF0E9FB0028BA
:102C3000F4D10AEBC414A36C002B00F0CC80DBF8B9
:102C40000C2003FB02F260212846CBE90532DBF8B9
:102C5000102003FB02F24C4BCBF81C200093414A9E
:102C6000414B09F071FE414BD3F80080B8F1000FE1
:102C700015DD3F4C03E009F10109C1450FD02046A5
:102C8000294680340AF0BCFB0028F4D10AEBC913B2
:102C9000D3E91223012A73F1000380F2BF80DBF82D
:102CA0000840DBE90092DBE90310B9F1280F00F3DB
:102CB0003082B2F5006F00F32C82DBF81830B3F5E8
:102CC000006F0A9300F32582B4F52C5F00F3218294
:102CD000DBF81C30B3F5007F00F31B82082800F3FB
:102CE0001882102900F3158291FBF0F300FB1316F4
:102CF000002E40F00E82254B9B68002B00F0ED81EA
:102D00002249B8F1000F8B6C0C93B3FA83F34FEAAE
:102D100053130B6551F80C3CCBF8203040F3D480B2
:102D2000CDF838A00024124F924603E00134444508
:102D300000F095803846164980370AF061FB00287C
:102D4000F4D15246DDF838A00AEBC414A36C8BE032
:102D500000238DE60023ADE64FF00008CDE600BF6E
:102D6000641800203C180020C4310320A83203203E
:102D700090E900207818002090180020A818002062
:102D8000CC1800200019002018190020A0D800201D
:102D9000C01900204B461AE6404BA021404A41484A
:102DA00009F0D2FD049800283FF445A805990029B0
:102DB0007FF741A83B4B3C4C1A78002A08BF2346BA
:102DC0003A4A09F0C1FDFFF736B89FED397AD8E6E7
:102DD0009FED387AFAE6DBF80C20DBF8043093FB41
:102DE000F2F32EE72F4E344D34460FCD0FC40FCDE6
:102DF0000FC42B680498237000283FF41CA8059981
:102E000000297FF718A83378274A002B0CBF1346F8
:102E10003346264A09F098FDFFF70DB8214E274D9D
:102E200034460FCD0FC40FCD0FC495E8070003C47F
:102E3000049824F8022B120C227000283EF4FBAFF9
:102E4000059900297EF7F7AF3378174A002B0CBF9E
:102E500013463346154A09F077FDFEF7ECBF52469C
:102E60004FF0FF33DDF838A015495746002492464D
:102E7000C1F8883003E00134444500F067810798C9
:102E800010490AF0BDFA079B803307930028F2D15E
:102E9000524607EBC41ADAF848301CE0C43103206C
:102EA0000C180020F43103202C16002054130020AD
:102EB000BD37863500401C46DC180020281900204C
:102EC000A0D80020DC1900204FF0FF33A049C1F842
:102ED00088304FF0FF339E48069CC0F88C3054F881
:102EE00008CC0368416813EB0C03036054F8043CFE
:102EF00043EB010141600C9959B144F240045BF885
:102F0000041011EB0C014BF80410416C43EB010170
:102F100041648F49896A002900F0028244F220044A
:102F20008C484FF0000A5BF8041011EB0C014BF8D1
:102F30000410416843EB0101B9F1000F416040F317
:102F40002781854CCDF81CA004F1E00004F180013C
:102F500004F1200704F14008E86104F580700E9147
:102F600004F16009286204F59070296104F1A00160
:102F7000686204F5A0700C91AE46696104F1C0016D
:102F8000A86204F5B0702C606F60C5F80880C5F8C1
:102F90000C900F91A961E8625EF8041B886938B152
:102FA000086910EB0C000861486943EB00004861B8
:102FB0003CA97145F0D10A992046684B0096FDF76F
:102FC0005DFC002840F0978100963846644BDBF8A2
:102FD0000420DBF81C10FDF751FC002840F08B8129
:102FE000009640465F4BDBF80420DBF81C10FDF731
:102FF00045FC002840F07F81009648465A4BDBF89C
:103000001820DBF80410FDF739FC002840F073812C
:103010000096564B0E98DBE90121FDF72FFC0028A6
:1030200040F069810096524B0C98DBE90121FDF7D5
:1030300025FC002840F05F8100964E4B0F98DBE99D
:103040000112FDF71BFC002840F05581D4F8F83040
:1030500053B3D4F818313BB30E9A25AB2CA8CDF856
:10306000A4902A920C9A26942B920F9ACDE9277855
:10307000079F2C9253F8042F51689842D268E1FBC5
:1030800002A7F7D10136DBF800300797B34240F3CF
:103090008180069B04F5CC74DBF81810DBF8042063
:1030A0000A9153E902C34FE73346334AA02133481C
:1030B00009F04AFC049800283EF4BDAE05990029A9
:1030C0007EF7B9AE2D4B2E4C1A78002A08BF234646
:1030D0002C4A09F039FCFEF7AEBE2B4D274C0FCD24
:1030E0000FC495E8030044F8040B049821700028ED
:1030F0003EF4A1AE0599B1427EF79DAE1F4B204C28
:103100001A78B24208BF23461E4A09F01DFCFEF79A
:1031100092BECDE9021000924B461C4AA0211748EE
:10312000019409F011FC049800283EF484AE05993E
:1031300000297EF780AE114B114C1A78002A08BF87
:103140002346104A09F000FCFEF775BE5246C0E661
:10315000A0D80020C0D80020D0980020101A00204D
:10316000181A0020201A0020281A0020341A0020E3
:10317000401A0020481A0020541A0020F43103207D
:103180002C16002054130020A819002054190020E8
:10319000CDF81CA07148DBF80410036AA0F14002CE
:1031A000002B08BF024693688B4274D1136823F04A
:1031B0000401082902D00E2B40F08580684B694C31
:1031C000D3F8FC7F53680693D36800940A93231FB7
:1031D00053F8180C53E90412FDF7CEFF05460028FA
:1031E00040F00182604B586E002840F0DE81DBF831
:1031F00000305E4A8342D2F8009040F3C7805C4CB6
:1032000029E0DBF8041004F12000FDF73BFF04F196
:10321000A80258BBDBF8181004F14000FDF732FF9C
:1032200004F1AC0210BBDBF81C1004F16000FDF7E8
:1032300029FF04F1B002C8B904F18000DBF81C10CA
:10324000013504F5CC74FDF71DFF78B9DBF80030CB
:10325000AB4240F39B8004F1A002DBF8041020464F
:10326000FDF710FF04F1A4020028CAD0049B002B34
:103270003EF4E1AD059B002B7EF7DDAD3D4B3E4CB2
:103280001A78DDE90401002A08BF23463B4A09F009
:103290005BFBFEF7D0BD3A4AA021364809F054FB4B
:1032A000049800283EF4C7AD059900297EF7C3AD08
:1032B000304B314C1A78002A08BF23462F4A09F0B8
:1032C00043FBFEF7B8BD2F4AA0212A4809F03CFB7A
:1032D000049800283EF4AFAD059900297EF7ABAD08
:1032E000244B254C1A78002A08BF2346234A09F0AC
:1032F0002BFBFEF7A0BD049B002B3EF49CAD059B71
:10330000002B7EF798AD1B4B1B4C1A78DDE90401AE
:10331000002A08BF2346194A09F016FBFEF78BBDA9
:10332000144E194D34460FCD0FC495E8030044F8F0
:10333000040B0498218000283EF47DAD05990029F6
:103340007EF779AD33780C4A002B0CBF1346334619
:103350000A4A09F0F9FAFEF76EBD00BFD0D8002086
:10336000A0C800201CD90020A0D80020A032032033
:10337000B0990020F43103202C16002054130020B3
:103380006C1A0020841A0020F81900209F4ADBF8EC
:103390000410A2F14400FDF775FE0146002840F03C
:1033A000F1809B4B1A689B4BD3F8008008F1100307
:1033B000934280F0C780DBF80040103ADBF81C50E5
:1033C0004FF0040EA2EB0800DBF81060E3172A466A
:1033D0004FEAE57CC6FB0E2C02FB03F304FB0C3327
:1033E000A2FB042C921863445B4108F029FB40F6D1
:1033F000010203468C46904271F1000280F0BF80CA
:10340000102871F10001C0F09F8003FB04F4824991
:10341000CBF8243004FB05F0FDF77AFA00287CD1C4
:1034200004FB05F07D49FDF773FA002875D106FB12
:1034300004F47B49A000FDF76BFA00286DD1A000D1
:103440007849FDF765FA0446002866D1714B764A43
:103450001B680B98C2F8A0300123C2F8A4300028E2
:1034600054D017EB0A0507994FF06002824641F1EC
:103470000006214609F0DEFB6B4B06990A9FD3E953
:103480002223E1FB0756CAE90E56CAF82830664BDC
:10349000DBF82450CAF82420D3F8A0205B6ECAE9D8
:1034A0001023A8EB0903A2EB0802CAE91293DBF888
:1034B0002030CAF82050CAF81C30DBF80030CAF8B7
:1034C0000030DBF80430CAF80430DBF80830CAF802
:1034D0000830DBF80C30CAF80C30DBF81030CAF8D2
:1034E0001030DBF81430DDE90801CAF81430DBF8DD
:1034F0001830CAF85020CAF818304C4BD3E900678E
:10350000CAE90C6708F066FACAE9160138220021F8
:10351000474809F08FFBFEF790BC049B002B3EF45C
:103520008AAC059B002B7EF786AC424B424C1A7846
:10353000DDE90401002A08BF2346404A09F004FAE5
:10354000FEF779BC034684463D4AA02139480093E2
:10355000CDF804C009F0F8F9049800283EF46BACEB
:10356000059900297EF767AC324B334C1A78002A54
:1035700008BF2346314A09F0E7F9FEF75CBC4FF477
:10358000006342E7049800283EF455AC05990029F1
:103590007EF751AC274B284C1A78002A08BF2346E7
:1035A000264A09F0D1F9FEF746BC04F1080300935E
:1035B000231D53E90412FDF7DFFD00283FF417AE89
:1035C000049800283EF437AC0599A9427EF733AC45
:1035D000184B194C1A78AA4208BF2346174A09F01B
:1035E000B3F9FEF728BC049800283EF424AC0599F2
:1035F00000297EF720AC0F4B0F4C1A78002A08BF29
:1036000023460E4A09F0A0F9FEF715BCF4D80020B5
:10361000A4320320A032032030D9002034D9002066
:1036200038D900203CD90020A0D80020082A012049
:1036300058E90020F43103202C16002054130020F8
:10364000941A00202DE9F04F8046B448D0F8A40029
:103650002DED068B95B0002800F0DA841546002980
:10366000AF4A1F460491546AC0F2C984A14280F255
:10367000C684B8F1000FC0F2BB84A94B1B6A434556
:1036800040F3B684F5F718FCA54BB0EE408B03F57C
:1036900040545E6803F580420A96A4F54056D4F87B
:1036A000FC3FD6E9046BD2E900020B96A4F5405624
:1036B0000392F66803990396A4F54056E8FB0301CC
:1036C000984AD6F81CA0FDF753F90346002840F0AD
:1036D0002283954A93490092D4F8F82FD4F8F00F3A
:1036E000EEF798FC002840F0A18432680A9E8242DE
:1036F0004FEA860C40F322840B9B039A4FEA83091E
:103700008A4C0990CDF834C092FBF3F2884B0692B4
:1037100003EB8B030E935346DA469B46CDE90F57D6
:10372000049F0D9B93B10D9D82492A46D4F8C00099
:10373000FDF702FB002840F0EE822A467E49D4F8CD
:10374000C400FDF7F9FA002840F0E582A36F5BB1F1
:10375000734B9B699A0007D07849D4F8C800FDF7ED
:10376000EBFA002840F0D782D4F89830002B00F014
:10377000C0825FEA8B050DD02A467149D4F8CC008F
:10378000FDF7DAFA002840F0C682D4F8B830002BF2
:1037900040F0B882624D0A9995ED0A0A6548FDF736
:1037A000A3FB684B68480193684B0093002354F8CF
:1037B000B82CEEF72FFE00225D4BA4F1C000A969E2
:1037C000FDF774F90246002840F0A582604BA4F191
:1037D000A000E969FDF76AF90246002840F09B82E3
:1037E0005C4BA4F18000E969FDF760F9002840F026
:1037F0009282A36F002B40F0B182D4F89830002B56
:1038000040F0C482D4F8B830002B40F0EA83444B37
:103810005246039993ED0B9A3B464548B0EE490A50
:10382000FDF7E6F90B9DB0EE490A3B4652462946A4
:103830004748FDF7DDF9002D33DD464E464B0025A8
:10384000CDF81CB0D3460493B246444B08970027EA
:1038500005932346DFF80C814C4699463C485B466D
:103860003F4E013700EB8500DDE90412FCF76AFFEB
:103870005B4642460AEB8500711908F10408FCF723
:1038800061FF049B5D445B440493059B04330593F3
:103890000B9BBB42E2D14B46DA46A1461C46DDE912
:1038A00007B71F4B099A5B6A0593A3FB0232DB192A
:1038B000BBF1000F25D01A4D274905F58046E86970
:1038C000D6F8902000FB03205A46FDF789FA00281D
:1038D00040F021826B6A099AE869A3FB0232D6F8AC
:1038E00094201F49DB1903FB00205A46FDF778FAA4
:1038F000002840F010826B6A099A0593A3FB0232FC
:10390000DB19B9F1000F4FD0054A1449126902FBC7
:1039100003F3024AD2F8980026E000BFA0D80020A6
:10392000A0980020000021205056022090990020ED
:10393000302C0220105A0120107A01201032012070
:10394000102A012050E102205076022050B60220B9
:10395000109A0120304C0220102A0220102C022044
:1039600030540220305602204A4600EB8300FDF717
:1039700037FA002840F0CF81B84D099A6B6AB849F0
:10398000A3FB02322A69DB1903FB02F205F580432F
:10399000D3F89C0000EB82004A46FDF721FA00288C
:1039A00040F0B9816B6A059307EE90AAB8EEE70A7A
:1039B000B5EE400AF1EE10FA00F13383F1EEC07A71
:1039C0007B1C00260C93B7EE007ACDE9114787EEF9
:1039D000279A0C9B099D9C1B059B402CA3FB050370
:1039E000A8BF4024801904FB0BF292B19B4F07F54E
:1039F0008043F969D3F8903001FB00309949FDF715
:103A00009BF9002840F087817B6A0593A3FB05039F
:103A100080190B9B04FB03F39A0011D08F4D924940
:103A20002B6903FB00F005F58043D3F8983003EBD6
:103A30008000FDF781F9002840F06D816B6A0593E5
:103A4000039B002B4ADDA319DFF82CE200220E991C
:103A500008930EEB8603854F944607931396069BB7
:103A6000049292FBF3F0089B0AFB00F503EB0C06B3
:103A7000079B03EB8C047C4B0EEB860603EB80006C
:103A8000BAF1000F9FED7A7A10DD7A4B5A193B4656
:103A900012F9018FF3EC016A07EE908A9942F8EE71
:103AA000E77A67EEA67A37EE277AF1D1D0ED007A81
:103AB0005D44484427EE277A27EE097AA4EC017A80
:103AC000A642DDD1059B07EB8A07049A01EB8A0128
:103AD0009C44039B01329342C1D1139E40360C9B00
:103AE000B3423FF776AF039B002BDDE911474ADD78
:103AF000059BF7EE00AA9FED5EAA4FF000089B0021
:103B00005D4D04935D4B03EB8706CDE907940C9B59
:103B100095ED009A012B00F018812B1DF3EC017A32
:103B2000F4EEC97AF1EE10FA37FE899A9E42F5D189
:103B3000DFED4F9AA946002499ED000A30EE490ABC
:103B400007F06AF9A74279EE809A04F10104A9EC22
:103B5000010AF1DC8AEEA97AAC460021DCED007A9C
:103B60008F4201F1010167EE277AECEC017AF5DC76
:103B7000049A08F1010315441644039A98469A42A0
:103B8000C5D1DDE90794354B9A69002A04DD92001E
:103B900000213B4809F04EF8394B0026059803EB0D
:103BA0008A0311970893099DA0FB05030C9B9F1B9B
:103BB000402FA8BF4027801907FB0BF292B1274B7B
:103BC000D96903F58043D3F8943001FB00302549CF
:103BD000FDF7B2F8002840F09E80204B586AA0FB09
:103BE000050380190B9B07FB03F39A000ED01B4BB8
:103BF0001D491B6903FB00F0224BD3F89C3003EBFB
:103C00008000FDF799F8002840F08580039B002B89
:103C100067DD124B0022B81908995B6A9446184F69
:103C20000593154B03EB8603CDE912460793124B20
:103C300000EB0C0EBAF1000F03EB8E0E079B03EBAB
:103C40008C047BDD069BCDF810A092FBF3F5064BB0
:103C50000AFB05F603EB850516E000BFA0980020DF
:103C60003056022010A2012010220220302C022007
:103C7000000000000FA201200000222004002220EA
:103C800050760220A0D80020D4ED006AD5ED007A4D
:103C9000614B66EEA76A03EB060A3B461AF9018FF1
:103CA00093ED007A07EE908AF8EEE77A67EEA67A4F
:103CB00077EE877AE3EC017A8B42EFD104345E44ED
:103CC0004D447445E0D1DDF810A0059B013207EBAF
:103CD0008A079C44039B01EB8A019342A7D1DDE94B
:103CE000124640360C9BB34240F3A8804B4B586AB7
:103CF00059E7D4F8B830002B3FF44CAD5FEA8B05A0
:103D00003FF448ADD4F8D0002A464549FDF714F8F1
:103D100000283FF43FADF5F7CFF8424B30EE480BAB
:103D200093ED007B37EE007B83ED007B4FF0FF3B94
:103D3000584615B0BDEC068BBDE8F08F231D083446
:103D40007345C2D07445F9D1BFE739EE490A07F08F
:103D500063F870EE0A9A85ED000AFBE62F4B9A692C
:103D6000002A7FF74AAD304B304903EB8202D3ED96
:103D7000007AB1EC017A77EE877AE3EC017A9A4225
:103D8000F5D1D4F89830002B3FF43CADBBF1000FD7
:103D90007FF73DAD264B4FEA8B05264A03EB8B019F
:103DA000D3ED007AB2EC017A77EE877AE3EC017A10
:103DB0008B42F5D1D4F8B830002B3FF428AD1E4E1D
:103DC000174A35443346D3ED007AB2EC017A77EEE8
:103DD000877AE3EC017A9D42F5D1104B5246039964
:103DE00093ED0B9A3B461048B0EE490AFCF700FFF2
:103DF0000B9DB0EE490A3B46524629460C48FCF75B
:103E0000F7FE002D3FF71AAD044B099A5B6AA3FB3E
:103E10000232DB194FE500BF0FA20120A09800205D
:103E20001052012058E90020302C022010320120CD
:103E3000109A0120102A0120304C02200A9DA4F182
:103E400060007F4A2B467F49119FFDF71DF800282F
:103E50007FF461AF85420DDD7B4B0D98784A1918D0
:103E6000D3ED007AB2EC017A77EE877AE3EC017A4F
:103E70008B42F5D1754B0A991D4693ED0A0A744899
:103E8000FDF732F8AB686F49A4F14000714AFCF7C6
:103E9000FBFF00287FF43FAF6C4DA4F120006E4A79
:103EA000AB686849FCF7F0FF00287FF434AFAE68D8
:103EB00086421BDD674DF7EE009AB846274605EBB4
:103EC0008606654C95ED009AB1EE490A06F0A4FF0E
:103ED00030EE297AF4EC016AC9EE077A67EEA67A29
:103EE000E5EC017AB542EDD13C4647460A9B2046B7
:103EF000534A5849FCF7C8FF00287FF40CAF0A9BCF
:103F000083420DDD504B0D984D4A1918D3ED007AC0
:103F1000B2EC017A77EE877AE3EC017A8B42F5D145
:103F2000099B04F5CC745A1C484B1B6809929342B8
:103F30003FF7F7ABDDF834C0DDE90F57BCF1000FF8
:103F400008D0464B62464649586DFCF7F5FE0028FE
:103F50007FF4E1AE3D4B0A9993ED0A0A4048FCF725
:103F6000C3FF3E4BDFF824911A6D3E4C3E4BDFF809
:103F700020A1C9F8003023600023DFF81881CAF8B7
:103F800000304FF0FF33C8F80030002A56D03748D1
:103F90002E4B00222B491B6AFCF776FF8346002834
:103FA0007FF4B9AE15B1DAF800302B6017B1D9F84B
:103FB00000303B60249B1BB1D8F80030249A13607A
:103FC000259B13B12368259A1360F4F775FF284BDE
:103FD00030EE480B93ED007B37EE007B83ED007BEA
:103FE000A6E6BBF1000F7FF712AC4FEA8B05E6E6C1
:103FF0004346204AA021204808F0A6FC96E6013C52
:10400000049B1E4AA02100941B4808F09DFC8DE6ED
:104010001B4B194C0FCB07C41A0C24F8023B22701F
:1040200084E606F0D1FEF0EE407AC9E4D4F8F03F21
:10403000A021144A104808F087FC6CE61248A7E754
:10404000509602205076022050560220A098002060
:10405000107A012000AC242000002420A0D80020E9
:10406000105A0120F0310320000080FF90D800207A
:1040700058E90020F01A0020F4310320D41A00205F
:10408000C41A0020101B0020D0D80020EC310320DF
:10409000983203209C32032030B500F1240385B010
:1040A0008C460446154693E8070001AB83E80700F9
:1040B0004FEA4C121946206A01F0C8F8012806D1CF
:1040C0002A4601A9206A01F07DF805B030BD002024
:1040D00005B030BD10B5044600F01AFD002384F889
:1040E000313084F8333010BD90F831C0BCF1000F8E
:1040F00001D00020704710B582B00C4638226146CE
:10410000019008F097FD0122019B402110461C629E
:1041100083F8332083F8311002B010BD70B5144617
:104120000A781E460B46202A04D113F801CFBCF1B1
:10413000200FFAD02360A360197881B32F2920D0F3
:104140005A1C184DA1F1220C1F295FFA8CFC07D9CB
:10415000BCF11D0F25FA0CFE04D81EF0010F05D08E
:10416000002070BD01F0DF035C2BF9D02E2913462F
:1041700002D0202918BFA26012F8011B79B12F29A3
:10418000E0D113F801CFBCF1200FFAD0BCF12F0F12
:10419000F7D021463360BDE8704000F029BF2F29D9
:1041A000EFD0F6E7012100352DE9F04F90F83330DC
:1041B00083B00446DD076FD558060E46924640F19F
:1041C000AA80D4E90023D4E904101AEB020543F1D4
:1041D0000003A94270EB0303C0F0A380BAF1000F03
:1041E00056D05546D4E90032276AD7F8381411EA78
:1041F000030970D1134370D194F831305A064CBF83
:10420000D7F83414E169A16197F845240239D7F849
:104210002C34C9F3080B914040F2FF1003EB5923F3
:104220001944BBF1000F42D1854240D9D7F81C0296
:1042300081423CD0B5F5806F56D301239340A3EB68
:1042400059296B0A994528BF994681420AD801EB42
:104250000903984206D207F50470019104F008FDA5
:104260000199C8B1D7F814024B46324607687F69F6
:10427000B84788B14FEA49294B464E44D4E9001269
:104280005B1842F10002B5EB0905C4E90032ABD17D
:10429000504603B0BDE8F08F94F832304FF0FF3055
:1042A00043F0020384F8323003B0BDE8F08F0022FF
:1042B00007F5047004F006FD0028EDD0CBF5007979
:1042C00000EB0B013046A94528BFA9464A4605F038
:1042D00075F94B46D1E7A16996E794F83330A169A7
:1042E0005B060DD501318EE7D7F81402324603681C
:1042F0001B6998470028CFD04FF400739946BCE75C
:1043000004F11802384600F079FF0028C4DB0BD016
:10431000276AA16978E794F8313019077FF55EAF15
:104320004FE7A1EB020A59E794F8313013F0500F30
:10433000B2D0AAEB050A5046ABE700BFF0B583B098
:104340000122044685690DF10701D0E90067FFF7F6
:104350002BFF0128A5610CBF9DF807004FF0FF302F
:10436000C4E9006703B0F0BD2DE9F04F044690F8B2
:104370003110806983B0804600295BD0D4E900CE3B
:104380009E4508BF94455FD052EA030058D00F07FE
:1043900004D5D4E90450954298414BD3206A551E68
:1043A00094F83360834690F84504009663F1000664
:1043B0000930C0B225FA00F9C0F12007A0F12005AC
:1043C000BA4606FA07F7019526FA05F5009E49EA6E
:1043D0000709760649EA05053AD41CF1FF3626FAA4
:1043E00000F04EF1FF365CEA0E0E06FA0AF700976F
:1043F000019F26FA07F6009F40EA070040EA060000
:1044000001D0854228D249064CBFDBF83414E1695B
:10441000A1611746994606E0A169013D206A00F0B6
:10442000EDFE002806DD04F11802002DF4D13A4615
:104430004B4607E00020C4F8188003B0BDE8F08FB9
:104440000021A161C4E90023012003B0BDE8F08F81
:10445000E1692944A161F5E72D1ADAE72DE9F04F6A
:104460008DB00C4619460646009390F83130002B6B
:1044700040F0D480904694F8312012F0500F00F0B4
:10448000CD8001F00302032A00F0C880013201F060
:1044900008010A430192B8F1000F00F0C980D8F872
:1044A000102002F10E07AC4AA2FB0727D4E9002135
:1044B000FF080A4307F10207FFB204D00022A361FC
:1044C0000023C4E900234FF000094D46202204A92F
:1044D0002046FFF769FE10B3202840F09F809DF929
:1044E00010309DF81020002BC0F2A480B9F1000F0D
:1044F00004D12368A3F1200AA3699B4609F10103B3
:10450000DBB2B94538BF9946002A00F01481202259
:1045100004A920460025FFF747FE0028DCD1009BB8
:104520009A057BD5019BC3F3400383F00103DB07AE
:1045300074D4B8F1000F71D0B94580F06181434661
:104540004D46B0461E46202204A92046FFF72CFE09
:104550006B1C002859D020285FD125B92268A2F110
:10456000200AA2699346DDB2BD42ECD333464646EB
:10457000382200213046984694F8335008F05AFB10
:10458000236AC5F380153362082386F82C5086F819
:104590003130D8F80030C6E909BAC8F80430002331
:1045A000A8F80C30002507F1FF3A0122E9B23046A5
:1045B000FFF772FD044688B390F90030002B2DDB25
:1045C0002022002108F036FB002D00F0C780012DCD
:1045D00000F0DD80C123A1461E3404F81E3CB8F86B
:1045E0000C3040461BB9D8E901239A4205D004F0AB
:1045F000A1FB29F8020F4C45F1D10135BD42D4D1C0
:10460000304600F085FA05460EE02046D4F81890B2
:1046100000F0B6FA002840F09B80464600231D4675
:1046200086F8313086F8333028460DB0BDE8F08F7B
:10463000032748E74DBBB94538BFA946852A7FF413
:1046400045AF294638223046012508F0F3FABDF877
:1046500014309DF8112013F0100F03F0370386F883
:10466000302043F0080208BF134686F83130236833
:10467000226A203B3262A269C6E9092394F83330EA
:10468000C3F3801386F82C3020E7C02A23D0C12A38
:104690007FF43DAF424604A9304600F083FCC0B130
:1046A000B8F80C30ABB9D8E901329A4211D1009B6D
:1046B0001B05B3D4009B13F4884F7DD196F833309B
:1046C0009F07B1D596F83130DC06A7D4D807ABD513
:1046D000A4E70546FAE69DF81130019A990786F895
:1046E000332003D542F0400386F83330099BF36151
:1046F000DDE90623C6E90423DDE90A23C6E902232E
:10470000B8F1000FD3D04FF00003D8F81020A8F86C
:104710000C30D8F80030C8F804309DF813309A42B5
:104720007FF4F5AEB8F81450BDF81430ED1AB5FAB0
:1047300085F56D09CAE6B8F1000F3FF46FAF009B35
:1047400098057FF56BAF019B99073FF5F5AE65E7DF
:10475000C4F8189008E700BF8988888885232370EB
:104760003C4B86F830A084F801A01B68F3B10DF132
:104770000B020DF10E0103A89847BDF80C306381C0
:10478000BDF80E3023819DF80B30237535E74FF4CB
:10479000E0732380019B63F07F0386F83330D8F801
:1047A0001030E370B8F81430A38026E745F62143B3
:1047B0006381E381638220E796F83130D9063FF5C3
:1047C0002DAF13F001017FF429AF009A520534D5C3
:1047D00096F8332097077FF521AF002B3FF41EAFEB
:1047E000D6E90032134304D000220023B161C6E9A8
:1047F0000023304600F01CFA00287FF415AF0DE7C7
:1048000038220021304694F8335008F013FA236A16
:10481000C5F380153362082386F82C5086F83130B2
:10482000D8F80030C6E909BAC8F804300023A8F85F
:104830000C30002F7FF4B6AEE2E6009B5C047FF5FF
:10484000F3AE3046D6E90423FFF78EFD00287FF44F
:10485000EBAEE3E66CF302202DE9F043002597B0C0
:104860000E4690F8311001921495ADF814500029BD
:104870003DD196F8311011F0500F38D09946137889
:10488000044615462F2B36D0002701AB02AA294635
:104890002046FFF743FC50B3019D2B78002B3ED000
:1048A000002302AA31462046FFF7D8FDF8B1A446FE
:1048B00008AE04F13008DCF800000CF1100C5CF8D4
:1048C0000C1CB6465CF8082C10365CF8043CC44559
:1048D000AEE80F00EFD1DCF800003060204600F0B9
:1048E00017F908AE84F8317084F83370CDE70020F2
:1048F00017B0BDE8F08315F8011F2F29FBD0366AE9
:1049000038220195A1B9204608F094F901234022EC
:104910002662184684F8333084F83120E8E74B46A5
:1049200002AA31462046FFF799FD17B0BDE8F08393
:10493000002108A808F07EF90123109608AE8DF832
:10494000533040238DF851309EE700BF19B101F577
:104950008961FFF781BF0846704700BF8169F8B5DC
:104960000446006A01B10131012200F075FB012803
:10497000074632D901230146206A1A4600F0CAFBD5
:10498000054650B3A36994F833204BB3510612D5B2
:10499000591CB94218D022F04002E16984F8332052
:1049A00005E0206A00F076FC3146B0B1A3694E1CE8
:1049B00099423246F5D34FF0FF323946206A00F073
:1049C00069FC50B1A16911B92846A761F8BD3A4602
:1049D000206A00F05FFC0028F6D100252846F8BDCB
:1049E00042F0400284F83320EEE700BFF0B5002724
:1049F00083B006463C46394600223046FFF74CFB62
:104A00000546002855D00278C02A5BD0C12A22D0A2
:104A1000852A4ED196F8313003F0370383803B4B23
:104A20001B6883B10DF103020DF1060101A898473F
:104A30009DF803306B75BDF80630AB812B82BDF855
:104A40000430EB816B82326A92F8103243F001033A
:104A500082F810322A78A2F185000023B0FA80F0A3
:104A60004009E103012B01EB54010A4494B24FEADF
:104A7000C43206D128B102EB5402297904230A4436
:104A800094B20133202B01D0EA5CEAE7013796F8B3
:104A90003030F9B28B42AFD2012206F12401306AE4
:104AA00000F090FB28B1356A4480284604F0E0F815
:104AB000E8B996F83230002043F0010386F832302E
:104AC00003B0F0BD96F83320437852064CBF43F054
:104AD000020303F0FD034370D6E90423C0E9022377
:104AE000F3694361D6E90223C0E90623ABE705F584
:104AF000047004F0BDF80028DBD0D5F8400403684A
:104B00001B6A98470028DBD1D3E700BF6CF3022073
:104B100090F83120F2B190F9331090F83320002949
:104B200012DB026A10B582B014460190104604F000
:104B30009FF8019B80B993F83220002042F00102D7
:104B400083F8322002B010BD02F07F0280F83320DB
:104B5000FFF74CBF0120704704F50470019304F087
:104B600087F8019B0028E6D0D4F840040268126A56
:104B7000904710B1012002B010BD019BDBE700BFE0
:104B800070B590F8313005465A064CD480682B6ACF
:104B9000D3F83C341844B0F1806F01D3002070BDCD
:104BA0002846FFF7DBFE0028F8D0286A0024AE690B
:104BB00090F84534023E9E40D0F82C341E44052225
:104BC000311900F5047004F07DF84FF400720021F3
:104BD0000028E3D008F02EF8286A012390F8452435
:104BE0001C4493409C42EAD395F831305B0615D4BF
:104BF00095F8332062F07F02D5E9023185F8332041
:104C0000D0F83C249B1841F10000AB60D5E9043199
:104C1000E8609B1841F10001C5E904312846BDE870
:104C20007040FFF775BF006A00F02AFCAFE700BFD5
:104C300090F833309A0764D5C169B9B313F0400CCA
:104C400070B50446D0F818E082B0006A30D090F811
:104C500045C4A2680CF1090CE568013A5FFA8CFCC6
:104C600045F1FF35CCF1200622FA0CF2ACF1200C14
:104C700005FA06F625FA0CFC324342EA0C02013230
:104C8000BEF1000F20D1C4F81CE001918ABB63F093
:104C90007F03204694ED007B84F8333084ED027B63
:104CA00084ED047BFFF734FF02B070BD0120704734
:104CB000BEF1000F0FD10191C4F81CE000F00EFB13
:104CC000E0B194F83330E2E70139A1EB0E010A4478
:104CD0000EF10101D9E701AA7146CDF804C000F038
:104CE0008DFA00280ADB0ED101990029E9D0206A4B
:104CF000E4E7002300F00EFA0028E2D1002002B021
:104D000070BD002070474FF0FF32A169206A00F0AB
:104D1000C1FA0028E8D1F1E72DE9F84F90F83330D7
:104D200004469D0740F1AC8093461A070E4600F1F9
:104D30002581D4E90031BBF1000F00F0D1805D4640
:104D40004FF00109206AA169D0F8382412EA03085B
:104D50006CD1002900F0D58094F833305B0640F127
:104D6000ED80A268E368013A43F1FF3C90F84534D6
:104D70000933DBB2C3F1200EDA40203B0CFA0EFE01
:104D80002CFA03F342EA0E021A43E36913448B42FE
:104D900040F2DB800131A16190F845240239D0F85E
:104DA0002C3491401944B5F5007F72D3B5F5806F6E
:104DB000D0F81C32C0F0AB8009FA02F2A2EB08086E
:104DC0006A0A904528BF9046994204D808EB010230
:104DD0009A4200F2CB80D0F8140243463246D0F813
:104DE00000C0DCF828A0D047002849D04FEA482866
:104DF0004346A5EB08052268464461689B18226972
:104E0000606941F100019A428841C4E9003102D34E
:104E1000002D97D164E094F8332062F07F02C4E95A
:104E2000043184F83320002D8CD159E090F84524CA
:104E30000239C8F3080A4FEA58289140D0F82C34B8
:104E400041441944BAF1000FADD0012200F50470BD
:104E500003F038FFA0B1CAF5007850443146A845A8
:104E600028BFA846C244424604F0A8FBBAF5007F1A
:104E7000BED1206A00F5047003F0FAFE0028B7D115
:104E800094F83230002043F0010384F83230BDE85A
:104E9000F88F226827696369BA42626872EB03037C
:104EA00033D2012200F5047003F00CFF0028E7D094
:104EB0002A46314604F082FB20696269D4E9003158
:104EC000EB1841F1000198428A41C4E9003107D250
:104ED00094F8332062F07F02C4E9043184F833206F
:104EE000D4E9020298428A4150D32D4B1B682BB162
:104EF00094F8333063F07F0384F833305846BDE8CC
:104F0000F88FE16949B3A16146E70522CAE79942F2
:104F100006D1002380F810324FF0FF33C0F81C3266
:104F2000D0F81402324603685B6A98470028A7D07D
:104F30004FF40073A5F5007598465CE704F118027C
:104F400000F05CF900289BDB04D12046FFF706FD4A
:104F5000002895D0A169206A1EE72046FFF7FEFCD5
:104F600000288DD0A169206AE16115E7002380F84F
:104F700010324FF0FF33C0F81C322CE7D0E9042385
:104F8000FFF7F2F900287FF4D4AE79E794F83320E4
:104F90005846C4E9023162F07F0384F83330AEE74B
:104FA0006CF302202DE9F04115460C4601F11E0874
:104FB000AB89284634F8026F1BB9D5E901239A4220
:104FC0000ED003F0B7FE03F027FF0746304603F08C
:104FD00023FF874209D14445EAD10120BDE8F08191
:104FE000B6FA86F04009BDE8F0810020BDE8F08106
:104FF00070B500230E460A684FF6FF7519461C4629
:10500000B3813361726015E003F094FEA84220D0B2
:1050100003F002FF3269E303B189013203EB540369
:10502000326153FA80F3C3F34E0404EBC33404EB50
:105030001024A4B230460029E6D1D6E901239A42D1
:10504000E2D13069B4820138FE288CBF00200120F3
:1050500070BD002070BD00BF2DE9F84F8A46804624
:105060009146002940D08F1ED8F83034BB4241D938
:1050700007F007030125C7F3C80B9D403E463C4699
:10508000D8F82C140022404601EB143103F01AFE2C
:10509000E8B10BF1FF3C844400F2FF101CF8011F43
:1050A0000AE04A452AD0A74210D0D8F83024A242BC
:1050B00014D913F0FF050CD0013429424FEA4503FF
:1050C000A4EB0602EDD0A7422646EED10120BDE8B2
:1050D000F88F84454FF00105E0D101E00026344609
:1050E00001254FF0000BCBE7D0F82074D8F830340E
:1050F000BB42BDD800270125BB46BFE7BAF1000F70
:1051000004D1B9F1010F08BFC8F82064B01CBDE894
:10511000F88F00BF2DE9F04114468A1ED0F83054B4
:1051200082B01119A9423BD8D0F82064002B3BD1A2
:10513000B24238BFC0F8202402F007011D46012307
:105140000646C2F3C8078B40D0F82C1401EB12318D
:10515000012230460193009103F0B4FD00B30099A1
:1051600000EB070E00F50078019B01319EF800C0AE
:105170005A001CEA030F8CEA030C14BF0120002024
:10518000A8420DD0013C8EF800C017D012F0FF03EA
:10519000ECD10EF1010E1F460123F045E6D1D7E711
:1051A000002002B0BDE8F081B242C5D8B142C3D9F7
:1051B000A94228BF0021C0F82014BDE7012002B099
:1051C000BDE8F08138B50C460B6890F845C400F591
:1051D0000470D0F82812023B656803FA0CF32940EA
:1051E00003EB5123D0F81C12194403F06BFD18B1E6
:1051F0006368C3F30803184438BD00BFD0F83034E7
:1052000001338B4202D24FF0FF3070470B46D0F88B
:10521000241400F5047001EBD31110B582B01446CC
:105220000022019303F04EFD50B1019B9900C1F3A0
:10523000080143585A1C07D00120236002B010BD5A
:105240004FF0FF3002B010BD0020F7E74B6870B59B
:10525000D0F838441C4013444B60144490F8453453
:105260000933DBB2DC4012D006460D46013C02E0B9
:105270002A60013C0BD329682B7A4A1C002BF7D1FA
:105280002A463046FFF7BAFF0128F2D070BD012050
:1052900070BD00BF012904D9D0F8303401338B42EE
:1052A00001D2002070470B46D0F8241400F504709A
:1052B00001EBD31110B582B014460122019303F023
:1052C00001FD024638B1019B01209900C1F308019C
:1052D000545002B010BD002002B010BD2DE9F04FB7
:1052E00005460C4683B04FF00008D5F830340F4621
:1052F00001339C423DD8D5F82414002205F50470F2
:105300004FEAD41B01EBD41103F0DCFC88B3A300FB
:10531000C3F30803C258511C2FD0012C29D91646BB
:105320004FF0010AD5F830240132944221D8D5F843
:105330002414012205F504700193594403F0C2FCC2
:10534000B8B1019B40F80380BAF1000F1AD0631C7A
:10535000B34208D0E21B0023394628460132FFF74A
:10536000D9FE30B13746D5F83034344601339C424B
:10537000C1D9002003B0BDE8F08F012CF9D94FF05E
:10538000000ACFE7E21B5346394628460132FFF7B1
:10539000C1FE0028EDD003B0BDE8F08F70B500234A
:1053A00004464FF0FF30154682B01A46C4F8401448
:1053B0006160E060C4F814121946C4F81C0204F5D8
:1053C000047084F84434237084F8103203F07AFCBB
:1053D000042D0DD8034658B1BDB1013D00EB0515B4
:1053E00095F8BE2112F07F0202D195F8C23113B9AF
:1053F000002002B070BDD5F8C65104F504702946EE
:1054000003F060FC03460028F2D005221B49D81C9B
:10541000019307F0BBFC0028EAD1019B93F86C20B4
:10542000092AE5D11A6D01462A44C4F824245A6D8C
:10543000C4F828249A6D2A440125C4F82C24DA6D76
:10544000C4F830241A6EC4F8342493F86D20C4F8DC
:105450002004204602F1090384F8452405FA03F3E9
:105460005A1EC4F83C34C4F838242A46FFF7F4FD29
:105470004023284684F84434BBE700BFFC1B0020CF
:10548000F8B5D0F830340546D0F8344401339C42A6
:1054900007D9002695F845040930C0B206FA00F095
:1054A000F8BD002600F50477D5F82414002238460C
:1054B000013601EBD41103F005FCA4000028E8D06C
:1054C000C4F308040459631CE4D0D5F83034013324
:1054D000A342DED3E8E700BF024630B552F8101F02
:1054E00083B004468068019101F060F960B10199D0
:1054F000A37859B1013103F0BF0225698D4218BF6D
:10550000134663F07F03A37003B030BD43F0400344
:10551000F7E700BFF8B5047814F0200404D11A4B63
:10552000054642699A4202D300263046F8BDFFF78D
:10553000D3FF06460028F7D0A86803798279CBB15B
:105540002F694369023F97401F4407E007F072FB51
:105550000134A868E3B202799A420AD905223919BE
:10556000283003F0AFFB4FF4007200210028EDD18A
:10557000DAE782794FF4007369693046934011FA93
:1055800083F36B61F8BD00BF00FE1F0090F800C000
:10559000BCF1000F01D00020704710B582B00C465E
:1055A00024226146019007F045FB019B9C60E27953
:1055B000102A06D0202A0BD00C2A02D0002002B0DC
:1055C00010BD20210122197010469A7002B010BD42
:1055D0004021F7E72DE9F04F837883B00446DE07DA
:1055E00040F19680914602780F46150700F19980A8
:1055F000900608D5A36859896369C3EB41139BB230
:10560000994528BF9946B9F1000F7DD0636912F022
:1056100020004D464FF00008A668C3F3080B3FD0AA
:10562000326A02EB5321BBF1000F57D1B5F5007F71
:1056300054D3736B8B4251D0B5F5806FC0F0A2800C
:1056400022784FEA552B920605D43279A2EB080254
:10565000934528BF93468B420BD30BEB0102934239
:1056600007D206F12800019103F002FB01990028FE
:105670004ED0F06A5B463A4606687669B047002825
:1056800046D04FEA4B266369AD1B334463613BD080
:1056900022783744C3F3080BA66812F02000BFD16C
:1056A00096F8058008EA5328BBF1000F40D1B8F105
:1056B000000F3DD1002B43D151064FF000084CBFE5
:1056C000336A236AB5F5007F2361A3F10203B17940
:1056D000726903FA01F303EB0201AAD2002206F178
:1056E000280003F0EFFA98B1CBF5007600EB0B0140
:1056F0003846AE4228BF2E46324603F05FFF63694C
:10570000AD1B33446361C3D1484603B0BDE8F08F9D
:1057100063784FF0FF3043F00203637003B0BDE8DD
:10572000F08FC36941695B1A994528BF99466AE7BA
:105730002169B2797369023943449140194472E78F
:10574000120721690CD5A3785B0609D54B1C0139DA
:1057500080462361B379726901FA03F3991865E70A
:1057600004F11002304600F0FFFE0028D0DB13D019
:10577000A6684FF000082369B279023B9340726932
:10578000991853E7F06A3A4603681B69984700285E
:10579000BED04FF4007676E7237813F0700FB7D0C1
:1057A000A9EB05094846B0E770B582B0012204466E
:1057B0000DF10701D0E90465FFF70CFF01280CBFCC
:1057C0009DF807004FF0FF30C4E9046502B070BDDA
:1057D000436913F4F07F10B5044684B00BD001295F
:1057E00009D103F120024261A06803F4F07338305C
:1057F000184404B010BD01220DF10F0120460193A1
:10580000FFF7E8FE019B40B2012803D162691F3215
:105810006261E9E70020ECE72DE9F0410269044606
:1058200003781746002B38D00E464169B1423ED06E
:10583000002E36D0180729D5E269B2422DD3D4F80C
:1058400008C0751EA2789CF8060012F0400F00F107
:105850000900C0B225FA00F52CD14A1EC24009B198
:1058600095422BD25B064CBFDCF82030236A2361C3
:1058700006E02169013DA06800F076FE00280CDDFD
:1058800004F11002002DF4D1A2780CE09A06D6D5CE
:10589000A3685B89B6EB431FF6D900202761BDE8FA
:1058A000F0818278066122F020026661A2700120F8
:1058B000BDE8F081236A2B442361F4E7AD1ADFE7EA
:1058C000F0B50E4683B0154600212422044601930C
:1058D0009DF8207007F0AEF9B068326AA58005F037
:1058E0000F05C4E9020200F1380202EB4512D17A39
:1058F0000B072DD401F01701019B2170D57A15F00B
:10590000180F02D141F00801217003F00301E77084
:10591000012923D0022938D0D1B95F0518D403F06A
:10592000080141F00101A170416B908AA161518B86
:1059300041EA00412162D269E2615F0402D40120A0
:1059400003B0F0BDE1692046FFF766FF0028F6D1FD
:10595000002318462370A37003B0F0BD0225217800
:10596000CE06F5D4C907F3D403F008010D43A570A2
:10597000416B968AA161518B41EA06415E05D9D5FA
:1059800029B965F07F05A570D7E70325E7E70193FF
:1059900000F050FF0028DBD0A578019BF1E700BFA5
:1059A0000378002B5CD030B590F9023085B0044606
:1059B000002B0EDBA36803F128001D4603F058F905
:1059C00000283ED16378002043F00103637005B0E6
:1059D00030BD80680122A169283003F073F90028E6
:1059E000F0D0A38803F00F035A0100EB4313825C4D
:1059F000E52AE7D02278120701D5E269DA61226A46
:105A00001848110C5A830568998275B10DF10B0283
:105A10000DF10E0103A80193A847019BBDF80C20CE
:105A2000BDF80E101A835A82D982A37803F07F033F
:105A3000A370A36803F128001D4603F019F900289C
:105A4000C0D005F50E7003F013F90028BAD028680D
:105A500003681B6A98470028B4D0012005B030BD08
:105A6000012070476CF3022010B50446FFF798FF41
:105A700000232370A37010BD2DE9F041002594B0E0
:105A80000E460178ADF83850CDE90125002935D111
:105A9000317811F0700F31D09846137804461546CE
:105AA0002F2B2DD000271CE0019D2D78002D40D0FC
:105AB00000F062FBA6460DF1080CF8B102AEBEE89C
:105AC0000F00ACE80F00BEE80F00DEF80050ACE8B5
:105AD0000F002046CCF80050FFF762FF019D2770B1
:105AE000A770294601AB0BAA204600F08BFC0546A7
:105AF00000230BAA31462046002DD5D100201CE002
:105B00000135019529782F29FAD0B6682422B9B930
:105B1000204607F08FF8A660F379102B03D0202BD6
:105B200022D00C2BEAD12022012322701846A37028
:105B300003E043460BAA00F01FFB14B0BDE8F08160
:105B4000002102A807F076F80496F379102B03D011
:105B5000202B0BD00C2BD1D120238DF80830012322
:105B600002AE8DF80A309DE74022DDE74023F4E7DE
:105B700019B101F58961FFF77FBF0846704700BF83
:105B80002DE9F047837804469D0740F1A58017462C
:105B90001A070E4600F1D0806269D31980F09C800C
:105BA000002F77D03D46A068C2F30809216990F81C
:105BB000058018EA522838D1B9F1000F35D10029F3
:105BC00074D0A3785B0677D5E369934274D9013129
:105BD000216102398279436991401944B5F5007F0A
:105BE00043D3B5F5806F436B7DD30279A2EB0808F0
:105BF0006A0A904528BF9046994240F29180C06A57
:105C000043463246D0F800C0DCF82890C847002848
:105C100062D0A5EB48254FEA48286169464408EB65
:105C200001026261002DBED134E0023982794369FC
:105C3000914019444144B9F1000FCFD001222830DE
:105C400003F040F8002847D0C9F5007848443146B1
:105C5000A84528BFA846C144424603F0AFFCB9F5A9
:105C6000007F33D0A5EB0805D7E76269E3699A4264
:105C700020D2A37813F0200F14BF05220122283070
:105C800003F020F840B32A46314603F097FC6269DE
:105C90002A446261E36993425BD3314B1B681BB1B9
:105CA000A37863F07F03A37038461AE0216A71B3CA
:105CB00021618EE70522E2E704F1100200F054FCB6
:105CC000002809DB3FD0A068216982E7A06828305E
:105CD00002F0CEFF0028C5D16378002043F0010315
:105CE0006370BDE8F087994205D1002380F8283021
:105CF0004FF0FF334363C06A324603685B6A9847DC
:105D00000028E9D0A5F500754FF4007885E7204616
:105D1000FFF7E2FB0028DFD02169A068216258E785
:105D200008EB01029A427FF66AAF002380F8283020
:105D30004FF0FF33436362E7C169FFF76DFD002851
:105D40007FF42AAFC8E72046FFF7C6FB0028BAD188
:105D5000C2E7A3783846E26163F07F03A370C0E72F
:105D60006CF302202DE9F04F07468DB0144606462D
:105D700089469C4603AD4FF0000E0FCF0FC50FCFE5
:105D80000FC53B68A4F80CE02B6023686360BCF18E
:105D9000000F45D04FF0010ACDF804C0A9EB0A016D
:105DA00003A889B24901FFF737FD70B3002103A8AA
:105DB000FFF70EFD804640B34FF0000B10E002F0FD
:105DC000B9FF074628460BF1010B03F025F80546FD
:105DD000384603F021F8854217D1BBF10D0F18D0DA
:105DE0005FFA8BF24146304600F086FBA3890546F8
:105DF0002046002BE3D1D4E901239A42DFD1B5FA42
:105E000085F040090DB0BDE8F08F00200DB0BDE871
:105E1000F08F0AF1010A019B5FFA8AFA5345BDD25D
:105E20000120EFE72DE9F04F07468BB015468A4673
:105E300099460DF1040C02F1150402F120064FF011
:105E400000080FCFACE80F000FCFACE80F003B68A5
:105E5000CCF800304FEAC81314F8012F03EB5803B5
:105E6000B44213445FFA83F8F4D12B6800276B60C7
:105E7000AF81B9F1000F56D00126AAEB060101A8A7
:105E800089B24901FFF7C8FC00284DD0002101A8C4
:105E9000FFF79EFC002847D0039AB14500F1010BA3
:105EA00092F8283043F0010382F828300CBF49F003
:105EB00040023246002380F80D8002701C460F22FB
:105EC0004383A0F80B20A88918B9D5E901239A4289
:105ED0000ED0284602F02EFF042C10D82BF8020B0F
:105EE0000134A8890028F4D1D5E901239A42F0D1E0
:105EF000EFB10137042C4FF6FF70FFB2EED90A2C38
:105F000005D8ABF8030001340BF1020BDBE70C2CD6
:105F1000ABF8050003D00BF1020B0C24D3E70136DC
:105F2000F6B2B145A9D201200BB0BDE8F08F012730
:105F3000D2E700BF02464FF0203152F8163B2DE960
:105F4000F04FC0F8161084685160C2F807101D7831
:105F50002E2D03D113F8012F2E2AFBD0611E99425A
:105F60000BD90A4602E0934200F0868092F800C006
:105F70001146013ABCF12E0FF5D19C4279D94FF070
:105F8000000AB5F12E0C4FF007074FF0080818BFB4
:105F90004FF0010CD646D34607E001330A274FF0F5
:105FA000080E4FF010089C4253D91A782E2A08BFC9
:105FB0008B420CBF01260026EFD0222A37D07C2A44
:105FC00035D0A2F15B09B9F1020F30D9A2F12A094B
:105FD000B9F1050F8CBF002501252D2A08BF00252A
:105FE0002DBBA2F13A09B9F1050F20D9A2F121097F
:105FF000B9F15D0F51D8774543D28B4294BF4FF032
:10600000000C4FF0010C0A2F08BF4CF0010CBCF142
:10601000000F33D0837D202B2BD0037D012143F251
:106020007E1203444175DA820120BDE8F08F774586
:10603000E3D35F220EF1010C864401338EF8162063
:106040005FFA8CF2B446062A964698BF02759C42C7
:10605000ABD8837D202B0CD0BCF1000FDDD00BEA38
:106060000A03DBB2002B18BF4FF0020A80F815A01C
:10607000DAE70020BDE8F08F19467EE70B460727D8
:1060800091E7A2F16106192E0ED8203A4AEA0805D6
:106090006646D2B25FFA85FACCE702F0C002802AE7
:1060A000C5D10133AC467EE7A2F14106192E664602
:1060B00098BF4BEA080BBDE72DE9F04F01F11A0933
:1060C00083B004466225CDF8049001F11B0A0F7DD0
:1060D0004FF07E0801F116064FF000098B46254B64
:1060E000032F1B6828BF03274B440AEB07011FFA45
:1060F00083F9019B03EB070CACF1030C09F00F03D0
:106100004FEA1919092B03F1370298BF03F1300246
:1061100001F8012D8C45F1D10BEB0703002120463E
:1061200083F81680FFF778FB01212046FFF750FB2C
:1061300003460B22304619468BB193F800C0BCF1E0
:10614000000F13D0DB7A1B07EED406F09FFC00286B
:10615000EAD1013D15F0FF05C1D1284603E0607882
:10616000B0FA80F0400903B0BDE8F08F012003B021
:10617000BDE8F08F188703202DE9F04F0C788DB023
:1061800014F0700F55D00478002C52D18C689A4DC1
:10619000089414690C34A5FB0454C4F38705547D9A
:1061A000A407059500F0E48005F101085FFA88F87E
:1061B0000E464FF0000B144609900021304607931D
:1061C000DA4604925F46FFF727FBD94604F116032F
:1061D0005C46CDF818B00393756900213046FFF78F
:1061E000F7FAC5F34F15034600B30278E52A24D029
:1061F0001AB3A04588BF00242E2A32D0C17A0F29B5
:1062000033D011F008012CD1002F40F0D5800B22A3
:10621000039906F03BFC0028DED1049B5B7D13F064
:10622000010300F0E18001230693D5E77378002B8A
:1062300036D000200DB0BDE8F08F631C002C08BFE5
:10624000A946DBB2A04588BF1C464AB30027C3E776
:106250000AF1FF3A5FFA8AFA524502D1437B5B4565
:1062600010D0B2FA82F77F09B6E7002FF0D102F022
:106270001F0A05995145AFD112F04007ACD090F8F4
:106280000DB00F46BAF1010FA6D1691C3B46049A26
:10629000304689B2FFF766FD002808BF00279BE75C
:1062A000079B9A05C5D503F00303013B012BC0D81A
:1062B000002C60D1A946B8F1000F62D1069B2BB12A
:1062C00004993046FFF7F8FE0028B2D008F1FF38F5
:1062D000049A30465FFA88F303EB09051F46ADB216
:1062E0002946FFF79FFD0028A3D069013046FFF73C
:1062F00093FA00289DD000213046FFF769FA044642
:10630000002896D02022002106F094FC0499D1F8B0
:106310001620D1F81A302260636091F82030CA8BC1
:10632000A37222814B7D03F018032373334B1B6848
:10633000002B5BD00DF12B020DF12E010BA898471D
:10634000BDF82C302382BDF82E30E3819DF82B3030
:106350006373089A92F8283043F0010382F82830DA
:10636000079B2A46314609980097FFF7A9FA61E78B
:106370004FF001081CE7A04503D89FE7DCB2A04519
:106380009CD900213046FFF723FA631C0028F5D181
:106390007378002B7FF44DAFA0458FD9089D05E0A1
:1063A0002B7904EB0314E4B2A04587D93046FFF7FC
:1063B000B1F80028F4D13CE7BAF1010F7FF439AF0E
:1063C000013803F10A02CB0103EB510310F8011F5E
:1063D0000B448242D9B2F6D18B457FF42AAF079B9A
:1063E00019053FF526AFBBE71F46F8E745F6214301
:1063F0002383034B2361ACE74FECC44E6CF30220C4
:10640000215C215CF0B515460A781F4683B0202A2E
:106410000B4603D113F8012F202AFBD02B601A78EA
:10642000002A34D02F2A32D00024234E06E0023432
:106430002C61AB601A7852B32F2A28D0191D184648
:1064400001AA02F09FFC034698B1019AB2F5803F81
:10645000EDD27F2A04F10104EAD8D0B21F2808D96E
:10646000A0F12201C9B21D2906D826FA01F1C907F7
:1064700006D5002003B0F0BD00F0DF005C28F8D0A6
:106480002E2AD7D0202AD3D11A78002AD4D12A692B
:10649000013AFE2AEDD81A78202A03D113F8012FE9
:1064A000202AFBD02F2AF9D028463B6003B0BDE854
:1064B000F040FFF73FBD00BF012100352DE9F84353
:1064C000DDF82090A2B10C4698460546571801E029
:1064D000BC420DD02B68494620465E6AC047214623
:1064E000024628460134B0470028F1D1BDE8F883C0
:1064F0000120BDE8F88300BF042A04D801EB420163
:10650000B1F8010070470A2A03D801EB42018888DC
:1065100070470C2A03D801EB4201C888704700205D
:10652000704700BF2DE9F843DDE90898BBB10C4680
:10653000164605465F1803E00134C847BC420ED03A
:106540002B683246214628461B6998470346424637
:1065500031462046002BEFD11846BDE8F8830123D1
:106560001846BDE8F88300BF012941D9C3698B42B1
:106570003ED30B46F0B5C17983B0164604462029B8
:106580004CD0102966D00C2944D1C3F34E02816946
:10659000019312FA83F295B2C2F346221144027AB1
:1065A00000F50E70A2F1020200910746B2FA82F2E3
:1065B0005209520002F086FB60B3C5F3080202F1F3
:1065C000010C835CBCF5007F1D46DDE9001312D091
:1065D00060440278DB0745EA02224CBF1309C2F38C
:1065E0000B03E269934232D80120336003B0F0BD5F
:1065F0004FF0FF307047227A013138460093A2F104
:106600000202B2FA82F25209520002F05BFB009BD6
:106610000028DED14FF0FF3003B0F0BD027A81696F
:1066200000F50E70A2F10202009301EBD311B2FA51
:1066300082F25209520002F045FB0028EAD0009B8A
:10664000E269990001F4FE7143589342CCD90020CD
:1066500003B0F0BD027AC3F307218069A2F1020200
:106660000093014404F50E70B2FA82F2520952000E
:1066700002F028FB0028CDD0009B590001F4FF71E7
:10668000435AAEE701293CD9C3698B4239D30B4643
:10669000F0B5C17983B016460446202936D01029BA
:1066A0004BD00C292FD1C3F34E028169019312FA0A
:1066B00083F295B2C2F346221144027A00F50E70BD
:1066C000022A009107460CBF0322012202F0FAFAC7
:1066D000C8B1019BC5F3080240F2FF1C009913F0FA
:1066E000010302F1010E3ED1624586544AD0C6F341
:1066F00007127044037823F00F0343EA121202706A
:1067000018E000207047002003B0F0BD027A8169D4
:1067100000F50E70022A009301EBD3110CBF032287
:10672000012202F0CFFA0028EDD0009B990001F47D
:10673000FE714650012003B0F0BD8269C3F307210A
:1067400000F50E7000931144227A022A0CBF032236
:10675000012202F0B7FA0028D5D0009B590001F4BD
:10676000FF714652E6E710F802C0BEF5007F0CF05C
:106770000F0C4CEA061C00F802C003D0320970442A
:106780000270D7E7227A013138460093022A0CBF03
:106790000322012202F096FA0028B4D0009BC6F32F
:1067A0000712002BA6D00270C4E700BF2DE9F0410C
:1067B000C46882B005460E468C4290462CD20C46E8
:1067C00000270134EB6901AA2846A34205D267BB22
:1067D000EC6801273C44A34227D3A642214624D09B
:1067E000FFF7C2FE431C20D00028EAD0019B002BFB
:1067F000E7D107B1EC606FF0704221462846FFF701
:1068000041FF074688B14EB96B6A002B01DB013BA3
:106810006B62C8F8004009E00127D2E73146224602
:106820002846FFF72FFF0028EED10027384602B098
:10683000BDE8F08170B5054682B00C460FE0FFF769
:1068400021FF621EB0B16B6A002B03F10103A8BFE8
:106850006B62EB68A342019C88BFEA605EB101AA4B
:1068600021462846FFF780FE064600222146731C7B
:106870002846E4D1002002B070BD00BF30B5034609
:106880004FF0010C002014464FF0FF3283B0196026
:10689000D871C3F80CC0D96283F82800C3F83C1241
:1068A0005A6383F83802C3F8442204B3042C02D993
:1068B000002003B030BD0246014603F1280003F179
:1068C0002805019302F0FEF90028F1D06FF0704224
:1068D00000F5DF70A218140100EB021211790029F3
:1068E000E6D0015D4B06E3D19468019B01E003F122
:1068F0002805002221462846019302F0E3F90028EA
:10690000D6D0B0F80B20B2F5007FD1D1027C019B2C
:10691000511E1A720129CBD890F80DE00EF1FF320A
:10692000BEF1010F83F804E05A7151D04FF0010C11
:10693000624652000CF10101D2B2964507D05FFACF
:1069400081FCBCF1090FF4D108229A71B0E76546C9
:1069500083F806C0B0F816C0C3F810C0BCF1000F31
:1069600003D1D0F824C0C3F810C0C189B0F81120F9
:1069700021445A815201996190F810E002F2FF120D
:106980000CFB0E1101EB52221962B0F813105A6180
:1069900001B9016AA41A6218EA40511CD9614FF08A
:1069A000FF31596240F6F4718A420DD94FF6F47105
:1069B0008A420BD9C16A202219620120DA71C3F818
:1069C00030C0C3F840C274E70C22F6E71022F4E7A7
:1069D000002215469A71BDE7884230B5044683B05F
:1069E00020D0806B0D4618B1FFF73EF8002841D14A
:1069F000E06B18B1FDF76EFB002841D1AB6BA3B182
:106A00002146242000F0A6F8002384460360A063FA
:106A1000AD6B0FCDACE80F000FCDACE80F002B68CD
:106A2000CCF80030204603B030BDEA6B002AF9D024
:106A300021463820019300F08DF8019B0363E06349
:106A4000EB6B03F13002D3F800E0103353F80CCCB9
:106A5000103053F8085C53F8041C934240F810ECD3
:106A600040F80CCC40F8085C40F8041CEBD11B68E3
:106A70000360D7E70023A363AB6B002BC0D1D4E73F
:106A80000023E363AB6B002BBAD1CEE710B504460D
:106A9000806B10B1FEF7E8FF28B9E06B10B1FDF78D
:106AA00019FB20B910BD0023A363012010BD0023F2
:106AB000E363FAE700294BD0F0B50446806B83B05E
:106AC0001F4616460D4610B1FEF7CEFF78BBE06BB1
:106AD00018B1FDF7FFFA002830D1D5F880348BB11A
:106AE0002146242000F036F800213B463246016062
:106AF000A063D5F88014FFF73BF830BBA0630020FB
:106B000003B0F0BDD5F88424002AF8D021463820FF
:106B1000019300F01FF8019B324603633B46D5F812
:106B20008414E063FDF712FF78B9E063E7E7002320
:106B3000A363D5F88034002BD2D1E3E70023E363CD
:106B4000D5F88034002BCBD1DCE7012003B0F0BDB9
:106B500000207047084670472DE9F04100260446A2
:106B60001F46C0F88814C0F8806401464FF4906056
:106B70009046FFF7EFFF3A46C0F844640546C0F878
:106B80007864C4F88404D4F88814FEF707FC88BB42
:106B900006462146C4F8840440F26C40FFF7DAFF51
:106BA0004FF40073C0F848643A46A0F80730054631
:106BB000D4F88814C4F88004FFF760FE28B91A4A94
:106BC000C4F880041060BDE8F08105F58960FEF727
:106BD0004BFF294605F58960FEF7D8FC0028EED06A
:106BE000124B1A68AAB91D600F4BB8F1000F14D0F0
:106BF0001C6015E005F58960FDF76CFA294605F57E
:106C00008960FDF771FA0028C2D0094B1A68002A82
:106C1000E9D0054BB8F1000FEAD11A68002AE7D095
:106C20000120BDE8F08100BF84F3022088F3022038
:106C300070F3022010B504460020DFF820C04FF4A6
:106C40007A7E60602073C4F808E0C4E91200204630
:106C500040F810CBFFF72EFF204610BD4422002045
:106C60004FF0FF30704700BF407C7047007D704799
:106C7000407D704701207047007F70472DE9F0414B
:106C80001F46C37C06460D46022B144623D03368AC
:106C9000294630461B6E984778B1B5617FB1002513
:106CA00001E0AF420BD03368214630460135DB6D41
:106CB00004F5007498470028F3D1BDE8F081B3696A
:106CC000307F3B44B3610028F7D1336830465B6EB8
:106CD000BDE8F041184783698B42D8D1DEE700BF99
:106CE0002DE9F0471F46C37C05469146022B0C4612
:106CF000089E27D02B68214628461B6E984798B1DE
:106D0000AC61B9F1000F11D004EB090801E0A04516
:106D10000CD031462046B8472B6801462846DB6D2B
:106D2000013498470028F2D1BDE8F087AB69287F8D
:106D30004B44AB610028F7D12B6828465B6EBDE859
:106D4000F047184783698B42D4D1DAE7704700BF18
:106D5000043001F05FBF00BF00B583B02021019077
:106D600002F0C6FC019803B000BD00BFF0B5204E94
:106D700083B00746346804F5167403E03368E31AF9
:106D80001B0410D4381D01F049FFFF28F6D10190F3
:106D9000FD21381D01F05CFFBA7CD2B9002301202F
:106DA000FB7403B0F0BD1E22BB7C7A7413B90020C3
:106DB00003B0F0BD0121387C01F06EFEFF21381DCB
:106DC00001F046FF381D01F0FDFE00230020BB74DA
:106DD000EEE70121387C01F05FFE0199381D01F0DA
:106DE00037FF381D01F0EEFE0023BB74D6E700BF6D
:106DF00018870320C37C012B3BD0827C30B504462E
:106E000083B04AB1043001F009FFB0F1FF0318BFAD
:106E10000123184603B030BD0430009201F0C8FED3
:106E20000099207C01F038FEFF21201D01F010FFA9
:106E30000121201DA17401F0F1FEB0F1FF03A07C3F
:106E40004FF0010118BF0123009A0028E1D0207CF7
:106E5000CDE9003201F020FEFF21201D01F0F8FEF7
:106E6000201D01F0AFFE009B019A1846A27403B0EA
:106E700030BD0023184670472DE9F8431F4F0446E4
:106E8000884691463D6805F5967503E03B68EB1A28
:106E90001B040ED4201D01F0C1FEFF282075F5D083
:106EA000FE2819D01822A37C62743BB90020BDE8EB
:106EB000F8831D22A37C6274002BF7D00121207C73
:106EC00001F0EAFDFF21201D01F0C2FE201D01F0AE
:106ED00079FE0023A374E9E74A464146201D01F0EC
:106EE000A9FE207538B9201D01F098FE201D01F083
:106EF00095FE0120DBE72522D5E700BF1887032098
:106F000030B50025044683B00C212A46C57400F034
:106F100063F8A27C90B912B9012003B030BD012101
:106F20000190207C01F0B8FDFF21201D01F090FEB2
:106F3000201D01F047FE019BA374EDE70923637454
:106F400012B9002003B030BD0121207C01F0A4FD66
:106F5000201DFF21019001F07BFE019801F032FE1F
:106F6000A574EEE7C37C022B03D0012B04D00120D3
:106F7000704703685B6E1847FFF7C2BF026803469D
:106F8000DFF850C010B50C46116A82B0614513D1CC
:106F900090F813C0BCF1020F06D0BCF1010F11D064
:106FA00001201C7702B010BD526E01909047019BEA
:106FB0000028F5D102B010BD01908847019B002840
:106FC000F8D0EDE70190FFF79BFF019B0028F1D07F
:106FD000E6E700BF655001002DE9F041036882B08B
:106FE0000F463449019206461A6A8A425DD1C27C34
:106FF000022A43D0012A5AD0B47C351D002C43D03C
:107000000C2F10D0DFF8B080D8F8004004F596744B
:1070100004E0D8F80030E31A1A0443D4284601F0FB
:10702000FDFDFF28F5D10DF1040802AC47F0400149
:10703000284601F00DFE14F8011D284601F008FE57
:10704000A045F8D1002F28464FF00A0414BF87212D
:10705000952101F0FDFD284601F0E0FD2846013CA8
:1070600001F0DCFD0306A4B2307502D402B0BDE825
:10707000F081002CF2D102B0BDE8F0815B6E984740
:107080000028B9D1FF20F1E7284601F091FD214603
:10709000307C01F001FDFF21284601F0D9FD0123DC
:1070A000B374ADE7002FBED0ECE79047E8E7FFF7F9
:1070B00027FFE5E76550010018870320F8B5002297
:1070C0000D463A210646FFF787FFD8B92C1D371D1C
:1070D000384601F0A3FD04F8010DA542F8D1B37CB8
:1070E0000BB90120F8BD0121307C01F0D5FCFF2156
:1070F000384601F0ADFD384601F064FD0023012063
:10710000B374EFE71222B37C72740BB90020F8BDA0
:107110000121307C01F0C0FCFF21301D01F098FD01
:10712000301D01F04FFD0023B374EFE770B5164634
:1071300082B000220446FFF74FFFA8B11B236374FF
:10714000A37C1BB90023184602B070BD0121207C2E
:1071500001F0A2FCFF21201D01F07AFD201D01F0AD
:1071600031FD0023A374EDE7054610223146204689
:10717000FFF782FE03460028E2D0A27C002AE2D07C
:1071800001900121207C01F087FC201DFF2100904F
:1071900001F05EFD009801F015FD019BA5741846F5
:1071A00002B070BD0368254ADB6C934200B585B020
:1071B0000FD16A460921FFF7B9FF40B19DF80030B1
:1071C0003F2B09D903F0C003402B27D0002005B086
:1071D00000BD69469847F0E79DF806C09DF8070096
:1071E0009DF809100CF0030C9DF80A308000C1F3E3
:1071F00001019DF80520C3F3C01340EA8C2002F082
:107200000F029DF808C043EA410340EA9C1042FA8D
:1072100083F30130073B984005B000BD9DF809009D
:107220009DF8073001309DF8082003F03F0300EB84
:10723000034000EB0220800205B000BDD1560100E2
:1072400003680A46DFF860C09B6D634510B50446CD
:1072500082B015D1407D03284FF01201204618BF9F
:107260005202FFF7B9FE20B901231846E37402B0B9
:1072700010BD0C22A37C627433B9002002B010BD93
:1072800001919847019AE6E70121207C01F004FC76
:10729000201DFF21019001F0DBFC019801F092FC20
:1072A0000023A374E9E700BF714D0100F8B51F4644
:1072B000C37C06460D46012B144602D183698B42DE
:1072C00005D029463046FFF7BBFF80B1B5617FB1DD
:1072D000002501E0AF420BD021464FF4007230464A
:1072E000013504F50074FFF7C7FD0028F2D1F8BDA1
:1072F000B369307F3B44B3610028F8D13046BDE824
:10730000F840FFF7FDBD00BF2DE9F0479A46C37C6A
:1073100006461546012B0C46DDF82080099F02D158
:1073200083698B4205D021463046FFF789FFB0B113
:10733000B461BAF1000F15D004EB0A0903E001347F
:10734000C047A1450ED04FF4007229463046FFF7E2
:1073500093FD03463A4629462046002BEFD10020F4
:10736000BDE8F087B369307F5344B3610028F7D19B
:107370003046BDE8F047FFF7C3BD00BF30B5046835
:1073800083B0164B64699C421CD1C37C15460446ED
:10739000012B02D18369994206D020460191FFF763
:1073A0004FFF019960B1A1614FF400722946204658
:1073B000FFF762FD20B1A369207F0133A36138B1DB
:1073C00003B030BD0123A44603B0BDE830406047A0
:1073D000204603B0BDE83040FFF792BDAD53010039
:1073E00003680A46DFF860C09B6D634510B504462C
:1073F00082B015D1407D03284FF01901204618BFF7
:107400005202FFF7E9FD20B902230120E37402B024
:1074100010BD0E22A37C627433B9002002B010BDEF
:1074200001919847019AE6E70121207C01F034FBA5
:10743000201DFF21019001F00BFC019801F0C2FB1F
:107440000023A374E9E700BF714D010003682DE933
:10745000F041DB6C17463D4A84B004460E46934229
:1074600043D16A460921FFF761FE0546B5B19DF893
:107470000A305A0619D5637D032B01D076027F02AC
:10748000324620212046FFF7A7FD28B93A462121A0
:107490002046FFF7A1FD60B326236374A37CB3B934
:1074A0000025284604B0BDE8F081C3F305029DF82D
:1074B0000B30C3F3C01343EA42037A1C5BB232437E
:1074C0001342D8D027236374A37C002BE8D001217A
:1074D000207C01F0E1FAFF21201D01F0B9FB201D05
:1074E00001F070FB0023A374DAE76946984705466C
:1074F000BCE7024626212046FFF76EFD0028CBD1CF
:10750000134B42F210771B681F4404E0104B1B68BA
:10751000FB1A1B0416D4201D01F080FBFF28064631
:10752000F4D1A37C002BBCD00121207C01F0B4FA63
:107530003146201D01F08CFB201D01F043FB002390
:10754000A374AEE728236374A8E700BFD1560100F7
:107550001887032070B5002282B00E460A21044627
:10756000FFF73AFDA8B11B236374A37C1BB900236A
:10757000184602B070BD0121207C01F08DFAFF2178
:10758000201D01F065FB201D01F01CFB0023A374EE
:10759000EDE70546102231462046FFF76DFC034615
:1075A0000028E2D0A27C002AE2D001900121207CB8
:1075B00001F072FA201DFF21009001F049FB0098B4
:1075C00001F000FB019BA574184602B070BD00BF1E
:1075D00070B5002282B00E4609210446FFF7FCFC7C
:1075E000A8B11B236374A37C1BB90023184602B007
:1075F00070BD0121207C01F04FFAFF21201D01F018
:1076000027FB201D01F0DEFA0023A374EDE70546F9
:10761000102231462046FFF72FFC03460028E2D017
:10762000A27C002AE2D001900121207C01F034FAF2
:10763000201DFF21009001F00BFB009801F0C2FA21
:10764000019BA574184602B070BD00BF70B5054619
:107650001646043001F0FCFA4FF400723146281D42
:1076600001F000FBFF21281D01F0F2FAFF21281D87
:1076700001F0EEFA281D01F0D1FA00F01F03287581
:10768000052B05D02022AB7C6A741BB9002070BD8D
:10769000012070BD0121287C01F0FEF9FF21281D89
:1076A00001F0D6FA281D01F08DFA00230020AB74FA
:1076B000EDE700BF2DE9F041164D074688462C68DE
:1076C00004F5167403E02B68E31A1B040CD4381D70
:1076D00001F0A4FAFF28F6D14246FC213846FFF714
:1076E000B5FF18B1BDE8F08124237B74BB7C13B9CE
:1076F0000020BDE8F0810121387C01F0CDF9FF21A7
:10770000381D01F0A5FA381D01F05CFA00230020B5
:10771000BB74EEE718870320036870B59B6D1646AF
:107720000A46234982B004468B423DD1407D03285E
:107730004FF01801204618BF5202FFF74DFC0546D6
:10774000A8B10D236374A37C1BB90023184602B0B3
:1077500070BD0121207C01F09FF9FF21201D01F067
:1077600077FA201D01F02EFA0023A374EDE73246CC
:10777000FE212046FFF76AFF03460028E3D0A27CE3
:10778000002AE3D001900121207C01F085F9201D21
:10779000FF21009001F05CFA009801F013FA019BC0
:1077A000A574184602B070BD00929847009ABEE7D3
:1077B000714D010090F81CC0BCF1000F09D0D0F849
:1077C00000C0012300B5DCF828E0F4465DF804EBC6
:1077D0006047FFF7A1BF00BF00207047002070473F
:1077E00000207047704700BF084B0021084A99638A
:1077F000D3F830C00748C2F800C012681A639A6C08
:1078000022F081029A640170704700BF00002C4092
:1078100064F3022042870320034B586A80F0807093
:10782000C0F30060704700BF00002C40014B187887
:10783000704700BF428703202D4A2E4B526AD3F86F
:1078400000312D49C2F3C22203F03F03013230B5AB
:107850002A4C4FF47A75A4FB034305FB00F09B0808
:10786000B1FBF3FEBEFBF2FEB0EB1E1F3CD20821C3
:1078700001231D465B001A01BEFBF2F2824201D9D0
:107880000139F6D12D02BEFBF3F2904228D2590005
:107890004FF0010C00E05918BEFBF1F282421CD9F6
:1078A0000CF1010CBCF1100FF5D14FF0F00C4FF4BE
:1078B0007A73134A134803FB01F1BEFBF1F1016037
:1078C000D36A6FF3131343EA0C032B4343F460238F
:1078D000D362536A1B07FCD530BD4FEA0C1CE6E7A8
:1078E00019464FF0000CE2E7724600250123CCE771
:1078F00000C00F4000800D4000EC695EABAAAAAA50
:1079000000002C4018EC0220014B1878704700BF93
:107910000A320020014B1868704700BF64F3022050
:10792000DFF81CC000B58E46BCE80F00CEF80000A2
:107930000120CEF80410CEF80820CEF80C3000BD9F
:107940002CF30220DFF81CC000B58E46BCE80F0007
:10795000CEF800000120CEF80410CEF80820CEF8B2
:107960000C3000BD3CF30220024B01201B680B6071
:10797000704700BF4CF30220704700BF00B583B0D2
:107980000C21019001F0B4FE019803B000BD00BFCE
:10799000044B1B7823B1044B18780230C0B27047F7
:1079A000012070473B8703203C870320194B1A783E
:1079B0003F2A11D902F0C002402A01D000207047AE
:1079C000587ADA79197A013002F03F0300EB03406C
:1079D00000EB0120800270479979D87993F809C0AB
:1079E00001F003019A7A8000CCF3010CC2F3C012BB
:1079F00040EA8120597900B593F808E042EA4C0347
:107A000001F00F0240EA9E1042FA83F30130073B77
:107A1000984000BD3CF30220424A0520424B4349B6
:107A200010B5D2F8004182B044F08004C2F80041A1
:107A3000D2F8004124F03F04C2F80041D2F80041DE
:107A400044F01804C2F80041D2F8004124F0800448
:107A5000C2F80041D3F88020354C42F00C02C3F844
:107A600080205A6A22F460525A62DA6942F4803203
:107A7000DA615A6A42F400625A62C1F8CC01C1F874
:107A8000D001C1F8BC01C1F8C001C1F8C401C1F8FE
:107A9000C801A26C274B42F00042A264E26A134381
:107AA000E362E36A13F08073FBD14FF4C870019373
:107AB000FFF7C2FE019B1D4A47F2B80141F2B80030
:107AC000C2F8CC31C2F8D031C2F8BC31C2F8C031F2
:107AD000C2F8C431C2F8C831C2F8BC13164BC2F8A0
:107AE000C013C2F8AC13C2F8B003C2F8B413134801
:107AF000C2F8B813124A6063C3F8F8214FF0E023CC
:107B00004FF480420F49602081F86E00C3F80C21C9
:107B1000E36A074A43F00063E362D36A1B01FCD4C3
:107B200002B010BD00800D4000C00F4000801F401B
:107B300000002C4000800001003400200B007F1169
:107B4000E958010000E400E02DE9F843DFF8848003
:107B500098F8003013B90120BDE8F88301F098FCD3
:107B6000154D0746154C164E04E001F091FCC01B64
:107B7000B04219D82B6B13EA0409F6D00022114B3E
:107B800088F800202A6B1A6019680F4A29631B685D
:107B90001342E0D00D491F240D4B40F27A22002001
:107BA0000C701A60BDE8F8832A6B064B88F80090C9
:107BB0001A601B682B63EDE700002C4002007F1168
:107BC00040420F0064F3022000007F110A320020BF
:107BD0001CEC02203D8703202DE9F0418846FFF789
:107BE000B3FF00283FD0224B04465A6AD1052AD55C
:107BF0001F4D204EAB6A43F48033AB6201F048FC6A
:107C0000074604E001F044FCC01BB04224D86B6A74
:107C10005A05F7D508F13C0C08F50F7014494B6A6A
:107C20005B05FCD5ACF1400353F8042F63450A62B1
:107C3000FAD103F1400C8445F1D10F4B01222046CB
:107C40001A70BDE8F0819A6A22F480329A629A6AC8
:107C500042F400329A62CBE708492120084B4FF4E6
:107C60007E7208701A6000242046BDE8F08100BFD3
:107C700000002C4040420F003D8703200A320020C4
:107C80001CEC02202DE9F041074688461F4C01F00C
:107C9000FFFB1F4D064604E001F0FAFB801BA842E3
:107CA00028D8636AD907F7D4BB02C4F8088024D463
:107CB00027F0FF07154C174DE76001F0E9FB144E64
:107CC000074604E001F0E4FBC01BB04212D8236B6E
:107CD0002B42F7D0226B104B1A601A6822631A6885
:107CE000D20707D51B6813F4702F0CBF01200020AA
:107CF000BDE8F0810020BDE8F081A26CFBB222F06B
:107D0000FF02A264A26C1343A364D1E700002C40DD
:107D100040420F0001000F0064F30220134B10B526
:107D20000C4684B01968FFF7ADFFE0B1104BA446D4
:107D30001A6900925969019199690291D9690123DF
:107D40000CF80E2F039123F0030203F0030101331B
:107D50006A44C9000F2B126822FA01F20CF8012DB7
:107D6000F1D10023E37304B010BD00BF50F3022033
:107D700000002C40037ADB0703D5174B1B68A3B127
:107D80001847164B1B783BB9154B5B6A83F0807321
:107D9000C3F3006318467047114A124B126B13402D
:107DA000B3FA83F35B09184670470F4B1B78002B1F
:107DB000F0D00E4A0E48116800B583B00193FFF76A
:107DC00061FF019B28B1064B1B6983F48073C3F3E9
:107DD0000023184603B000BD60F302203D87032056
:107DE00000002C4002007F113A87032050F302204C
:107DF00000001A0D08B5044B04481968FFF742FF4C
:107E000008B1034B186908BD50F3022000001A0D99
:107E100000002C4008B5074B07481968FFF732FFF0
:107E200030B1064B186980F48070C0F3002008BDA3
:107E3000012008BD50F3022000001A0D00002C4064
:107E40002DE9F843244B8946244D254C2B6001F045
:107E50001FFBDFF8A8800746224E06E001F018FB62
:107E6000C01BB04223D802F017FE21681E48FFF75E
:107E700009FF0028F2D0D8F81030DB05EED500233A
:107E80004FF400722B60D8F8283023F48033C8F800
:107E90002830164BC8F804201B78A3B14946144873
:107EA000FFF7F0FE68B90E2240F2574304E00021CC
:107EB0000A2240F24B4329600E4C00200E492270EA
:107EC0000B60BDE8F8834FEA492909484946FFF7A6
:107ED000D9FE0028F5D1E6E7155F010060F3022026
:107EE00050F3022040420F0000001A0D3C8703208F
:107EF00020003A190A3200201CEC022000002C401D
:107F0000F8B5214C00212148A36A23F48033A362F1
:107F1000FFF7B8FE48B9092240F23D231C4800256E
:107F20001C4902700B602846F8BD1B4B05461B4AD6
:107F3000136001F0ADFA636A0646D80112D4184FF7
:107F400004E002F0A9FD636AD9010BD401F0A0FAA4
:107F5000831BBB42F5D9002110480A224FF410734D
:107F60000160DBE70022084B0C490A605A6A92075D
:107F7000D9D5586B9A6AD96A22F4803241F080616F
:107F8000D96258639A62CEE700002C400000DB0CF7
:107F90000A3200201CEC02201959010060F3022073
:107FA00040420F0012F0030F00D143B93C49252095
:107FB0003C4B40F2F512087000201A6070472DE922
:107FC000F04114461F46384A0E46384B804613602F
:107FD00001F05EFA054607E001F05AFA344B401B07
:107FE000984229D802F058FD324B33481968FFF700
:107FF00049FE0028F0D0314B1B69DA05ECD5002290
:1080000029492F4B0A6001212E4803EA07430170DA
:1080100043F400732C490A60284A146053602B4BC8
:1080200093632B4B1B7893B131464046FFF72AFEF2
:1080300078B90020BDE8F081194A0A210020194BC7
:10804000194C11704FF4FC7220601A60F1E776024F
:10805000EAE7204B144A136001F01AFA194B05465F
:108060001B787BB1124C04E002F016FD154B1B7817
:1080700043B101F00DFA401BA042F5D900230A4A92
:108080001360D6E710491A4607480B6802609B0741
:10809000CFD50A68104B1A420CBF01200020C9E757
:1080A0000A3200201CEC022060F30220155F010060
:1080B00040420F0050F3022000001A0D00002C4037
:1080C0000000FF1F4287032064F3022002007F119B
:1080D0003C8703202D59010000007F11F8B50646AA
:1080E000007A0C461546C0071F4613D483B10F44CF
:1080F00001E0BC420CD033682A46214630461B6959
:10810000013405F5007598470028F2D10020F8BD2C
:108110000120F8BD900712D0002BF9D00F4401E0E8
:10812000A742F5D033682A46214630461B69013400
:1081300005F5007598470028F2D10020E7E70648CA
:10814000FFF730FF0028E3D104490C20044B40F234
:10815000A13208701A60D9E737003A120A320020BB
:108160001CEC0220F8B50646007A0C461546C007FE
:108170001F4613D483B10F4401E0BC420CD03368D6
:108180002A46214630465B6A013405F5007598475A
:108190000028F2D10020F8BD0120F8BD900712D0D0
:1081A000002BF9D00F4401E0A742F5D033682A46EE
:1081B000214630465B6A013405F500759847002872
:1081C000F2D10020E7E70648FFF7ECFE0028E3D1F4
:1081D00004490E20044B40F23D4208701A60D9E772
:1081E00027003A190A3200201CEC02202DE9F8433E
:1081F000814688462E4C01F04BF92E4F06462E4DF7
:1082000004E001F045F9801BA84225D821682B48DD
:10821000FFF738FD0028F4D03B69DA05F1D50123DA
:10822000274E284A49463370002327481360274BBE
:10823000C7F800807B60264BBB63FFF723FD074632
:1082400070B9042240F29F1322480027224902708D
:108250000B603846BDE8F8830A224FF4CC73F3E78D
:108260001E4B1F4A136001F013F9337804468BB19B
:10827000114D03E002F010FC33785BB101F008F916
:10828000031BAB42F6D90023154A136025224FF495
:10829000D173D9E71A460B4B11491B680A609B073B
:1082A000F4D5084B1A680F4B1A42EFD1D1E700BF43
:1082B00050F3022000002C4040420F0000001A0D35
:1082C0004287032064F3022011003A0640000100B7
:1082D00002007F110A3200201CEC02202D590100FF
:1082E00060F3022000007F112B4B987A10B54406F2
:1082F00082B012D4DB7AC0F3050002F1010CC3F3A3
:10830000C0134CEA010C43EA40035BB213EA0C0FC2
:1083100003D0272240F202330CE0204B1B780BB92C
:10832000490252021E480192FFF7ACFC58B90F22D5
:1083300040F20A33DFF888C000201A498CF8002088
:108340000B6002B010BD01991748FFF79BFC18B9EC
:10835000102240F20D33EDE700211448FFF792FCA4
:1083600018B911224FF44473E4E701F091F8044680
:108370000F4B10481968FFF785FC18B10E4B1B69AD
:10838000DB05DED401F084F80C4B001B9842EFD9DA
:10839000282240F21333CDE73CF302203C87032030
:1083A00000001A201CEC022000001A2100001B26ED
:1083B00050F3022000001A0D00002C4040420F0034
:1083C0000A3200202DE9F0434FF00008884D894E15
:1083D00093B0894C894F017280F8098085F800803C
:1083E00086F8008084F8008087F80080FFF714FB8F
:1083F00041464046FFF746FCE8B14FF003084FF412
:10840000D5717F48FFF73EFC00284CD1B8F1010838
:10841000F5D13B78002B3AD0DFF82C9201F038F8F8
:10842000784F804600217848FFF72CFC70B917225E
:108430004FF42A7302E0012240F28E237349002494
:1084400032700B60204613B0BDE8F0834946704897
:10845000FFF718FC0028EAD001F01AF8A0EB08009A
:108460006C4BB842E3D81A69002ADBDA19696A4A08
:1084700011601B695A0001D5012323700021674850
:10848000FFF700FCD8B9022240F2B123D6E7FFF78C
:10849000C3FA41464046FFF7F5FB3B78002BBBD1C2
:1084A0004FF44019BAE75B4B1B69B3F5D57F03D096
:1084B00006224FF42573C1E701233B70ACE700218E
:1084C0005748FFF7DFFB18B903224FF42D73B5E7C8
:1084D000504F544C3B6954496FF30F03534823608A
:1084E000FFF71CFC18B9072240F2B923A6E7504950
:1084F0005048FFF713FC18B908224FF42F739DE77B
:1085000021684D48FFF7BEFB18B9052240F2BF2392
:1085100094E721683C48FFF7B5FB18B9142240F2F4
:10852000C3238BE702214548FFF7ACFB0446002834
:10853000F4D0BB6A02A96FF07F4023F00603BB6250
:10854000BB6A43F00203BB624FF010137B64FFF77A
:108550004DFE9DF815309B0747D5002845D02B4F81
:1085600002A937483A6896F800800192FFF73EFE6C
:108570009DF81830019A03F00F03012B32D188B314
:108580004CF250302F4E0523C6F8CC31C6F8D0310E
:10859000C6F8BC31C6F8C031C6F8C431C6F8C83117
:1085A000FFF74AF9002347F2B802C6F8CC31C6F803
:1085B000D031C6F8BC31C6F8C031C6F8C431C6F8EF
:1085C000C83141F2B803C6F8BC23C6F8C023C6F8C8
:1085D000AC23C6F8B0330123C6F8B423C6F8B823D9
:1085E0002B702FE786F800803A6046F2A810C9E7A2
:1085F0003A8703200A3200203C8703203B87032070
:1086000000001A0840420F0000001A371CEC02203C
:108610000000022900002C404CF302200000090257
:1086200000001A0350F302203CF302200000090965
:108630002CF302200000090A00001B0700001A06A4
:10864000F1FFFF8000801F4000003040F8B5324B42
:108650000F465A6A92050DD49A6A22F480329A62C1
:1086600072B69A6A42F400329A629A6A42F480328E
:108670009A6262B600F00CFF274C0646274D04E0D4
:1086800000F006FF801BA84233D8636A1B05F7D5AC
:1086900007F13C0007F50F741F494B6A1D05FCD517
:1086A000A0F140030A6A43F8042F8342FAD103F190
:1086B0004000A042F1D100F0EBFE174C0746184DE8
:1086C000164E04E000F0E4FEC01BB0421AD8236B43
:1086D0002B42F7D0226B134B1A601A6822631A6878
:1086E00092070DD51A68104B1A420CBF01200020CA
:1086F000F8BD0E491A200E4B40F2563208701A602F
:108700000020F8BD1D200949094B40F26132087074
:1087100000201A60F5E700BF00002C4040420F0027
:1087200002007F1164F3022000007F110A32002052
:108730001CEC02202DE9F843244B8946244D254C9E
:108740002B6000F0A5FEDFF8A8800746224E06E069
:1087500000F09EFEC01BB04223D802F09DF92168B4
:108760001E48FFF78FFA0028F2D0D8F81030DB054A
:10877000EED500234FF400722B60D8F8283043F474
:108780008033C8F82830164BC8F804201B78A3B1F2
:1087900049461448FFF776FA68B90C2240F2BD3317
:1087A00004E000210A2240F2B13329600E4C00207F
:1087B0000E4922700B60BDE8F8834FEA4929094849
:1087C0004946FFF75FFA0028F5D1E6E7155F01009B
:1087D00060F3022050F3022040420F0000001A0D07
:1087E0003C87032030003A120A3200201CEC0220A1
:1087F00000002C4070B500231C4D0E4643721946F4
:10880000AB6A1B4823F48033AB62FFF73BFA18B125
:1088100004465EB9204670BD092240F2D3331548A4
:1088200000241549027020460B6070BD134B144A9A
:10883000136000F02DFE6B6A0646DA0112D404E0E4
:1088400002F02AF96B6ADB010CD400F021FE0D4A1C
:10885000831B9342F4D9002109480A2240F2D733FE
:108860000160DCE70023064A1360D3E700002C40D8
:108870000000DB0C0A3200201CEC02201959010018
:1088800060F3022040420F0010B50446FFF75CF988
:1088900008B1637A03B910BD20460121BDE810403C
:1088A000FFF7A8BF30B50346007AADF5037D144647
:1088B000C00720D593070FD101233048FFF772FB83
:1088C000B8B92F490B202F4B4FF45D7208701A6016
:1088D00000200DF5037D30BD012302AA2748FFF7D4
:1088E00061FB0028EDD04FF4007202A9204600F091
:1088F00065FE0120EDE701930D46FFF725F9019B89
:108900000028E5D05A7A012A23D01A681E49126A33
:108910008A4222D10193FFF717F90028D8D0019B92
:108920005A7A0ABB184629460193FFF703FF019BB9
:108930000028CDD001225D605A722146184601936D
:10894000FFF784FE0028C3D0019B5A6801325A60A9
:10895000CFE75A68AA42D8D1EFE71846019390476B
:10896000019B0028B4D0DDE7184601210193FFF7F1
:1089700041FF019B0028ABD0D4E700BF11003A11A2
:108980000A3200201CEC02208969010030B50D4636
:10899000017A1446ADF5037DCA071BD5A30706D09F
:1089A000214602AC4FF4007202A800F007FE01233A
:1089B000224629463248FFF7F5FA002841D13149CD
:1089C0000D20314B40F2114208701A6000200DF565
:1089D000037D30BD0190FFF7B7F8019B0028F5D06B
:1089E0005A7A022A2FD01A682849126A8A422ED14E
:1089F0000193FFF7A9F80028E8D0019B5A7A002AD2
:108A00002CD11A682249126E8A4230D11846294662
:108A10000193FFF715FA019B0028D7D002225D6071
:108A20005A721A6818461B49D26D01938A42214630
:108A300023D1FFF7D1F8019B0028C7D05A68013233
:108A40005A600120C3E75A68AA42CCD1E9E7184628
:108A500001939047019B0028D3D1B7E71846012125
:108A60000193FFF7C7FE019B0028CAD1AEE7184665
:108A7000019329469047019BCEE79047019BDBE796
:108A800001003A180A3200201CEC0220896901001A
:108A9000415F0100D95C010000F024BD10B483B037
:108AA0000B46CDE90012C27C002A30D072B6C27CDF
:108AB000D40708D54FF0E02C4469DCF88011214040
:108AC0008162CCF88011910708D54FF0E02C8469C1
:108AD000DCF884112140C162CCF88411540708D518
:108AE0004FF0E02CC469DCF8881121400163CCF818
:108AF0008811110708D54FF0E02C046ADCF88C11BE
:108B000021404163CCF88C11D2063AD462B6826817
:108B1000934240D0234A836092692349C2F3011CE7
:108B2000C2F3826251F82CC00132BCFBF2F103B3F4
:108B30008B4232D8B1FBF3F2B1FBF2F18B422ED370
:108B4000B2F5817F1BD2022A27D9023A530803EBE0
:108B5000032342EA0323C36002680321002010615B
:108B6000516201211364019B1366116103B010BCB3
:108B700070479445EFD34A1CB2F5817FE3D30B4B8A
:108B8000E9E74FF0E021446AD1F890212240826366
:108B9000C1F89021BAE7C368DEE70023DBE711469E
:108BA000E9E700BF00C00F4024230020FF7F7F00C3
:108BB00008B5034653F8040B93E80600FFF76EFF71
:108BC00008BD00BF0268D37C13B3D80704D5906AF0
:108BD0004FF0E021C1F80001990704D5D06A4FF0A9
:108BE000E021C1F80401580704D5106B4FF0E021D3
:108BF000C1F80801190704D5506B4FF0E021C1F806
:108C00000C01DB0604D5926B4FF0E023C3F8102172
:108C1000704700BF006800F099B900BF0268FF23E9
:108C200012685366D36D13F4F81FFBD0506FC0B2B7
:108C3000704700BF4FF0FF0C006808B5134680F87E
:108C40003CC00A46002100F07DF9002008BD00BFAD
:108C500003681A685166D36D13F4F81FFBD0536F85
:108C6000704700BF13460068002200F06BB900BFD8
:108C70000378DB0701D4012070470346406810B534
:108C800003F1100282B0016801924C6A0093D96826
:108C9000A047DDE9003298B1197888070CD5DC6867
:108CA0000093D3E90101D0F800C02144DCF824305E
:108CB000984728B1009B197821F001010120197013
:108CC00002B010BD10B5446884B07CB31446C268CD
:108CD00003468A420AD1024612F810CB04F003047C
:108CE00010464CEA04021A7004B010BDCDE901012F
:108CF000FFF7BEFFD0B114F0040FDDE9013105D05C
:108D000003F110024FF0000CD960E7E7586803F157
:108D10001002D0F800C00192CDE90213DCF8103047
:108D20009847039BDDE901210028EBD1002004B026
:108D300010BD00BF0346808910B100229A817047A0
:108D4000D3E901C18C4500D3704700B585B06046BA
:108D500003AA019300F016F8019B80B1039A5860B2
:108D6000B2F5803F90B208D3920AC0F30900A2F591
:108D70002152A0F5105190B2998105B000BD4FF677
:108D8000FF70FAE7884238D2034690F900000028C5
:108D900093F800C02DDA0CF0E000C02831D00CF0C0
:108DA000F000E02831D00CF0F800F02825D10CF0CC
:108DB000070C0420184488421FD8013300B51978E5
:108DC000013301F0C00E01F03F01BEF1800F41EA16
:108DD0008C1C14D18342F2D1ACF180010D4B99422D
:108DE0000DD8ACF55843B3F5006F08D3C2F800C0F6
:108DF00000BD581CC2F800C070470020704700201A
:108E000000BD0CF01F0C0220D4E70CF00F0C032067
:108E1000D0E700BF7FFF10007E2843D90023DFF892
:108E2000ACC000B54FF0350E04E03CF82120824282
:108E300023D80B46AEEB0302012A03EB5201F4D810
:108E40009BB23CF82320904219D24FF04B0C0023E8
:108E5000DFF87CE005E03EF8212082428CBF8C46A2
:108E60000B46ACEB0302012A03EB5201F3D89BB291
:108E70003EF8232082421FD000BD8E46DAE70CEB7D
:108E8000830C821A9CF803309A42DEDA9CF9023095
:108E9000012B16D04EF2A032002B08BF134603441C
:108EA00098B200BDA0F16103192B8CBF00230123F0
:108EB000A0EB431398B270470EEB830EBEF802008E
:108EC00000BD02F00102821A90B200BDA020002075
:108ED000AC1D002030B504468E460068114640F2B5
:108EE0000122026123B31D46BEF1000F21D072465C
:108EF00012F801CB9646013DC0F864C0026F92079C
:108F000007D48C46013B426F19B10CF8012B614626
:108F100020684269D207F1D5002DE5D143B1026F37
:108F20009207FCD4426F09B101F8012B013B03D138
:108F300030BD94F83CC0DEE72068026F9207EED4A3
:108F4000F0E700BF0BB1FFF7C5BF70474268D2E939
:108F500000130968194200D170470346002005211B
:108F600010B51C6882B02061187C01930244107C0B
:108F700000F0DAFA019B0521587C5A68024492F805
:108F8000240000F0D1FA019B05215A689B7C134410
:108F900093F8380002B0BDE8104000F0C5BA00BF39
:108FA00070B5EFF3108272B60C4C206880B10C4E95
:108FB00000254369236073B19D6102B962B683687D
:108FC00045779847EFF3108272B620680028F0D1F9
:108FD00002B962B670BD3360EFE700BF7CF30220D8
:108FE00078F30220FFF7DCBF0449054A4968054BC6
:108FF0001960136801331360704700BF001000E070
:109000001887032014870320084601F0B5BC00BF71
:10901000012A70B508BF0A228AB005461E4659B318
:109020004FF0210C01E05FFA84FC0CF1FF34B1FB3E
:10903000F2F302FB131EBEF1090F0EF1370098BFC9
:109040000EF130000DEB0C0E914219468EF8040023
:10905000E9D23EB10CF1FF3C2D225FFA8CFC0DEB06
:109060000C031A712B6801A9CCF1220228465B6817
:10907000614498470AB070BD30234FF0210C8DF841
:109080002530E6E7002903DB00230A22FFF7C0BFF3
:1090900049422D230A22FFF7BBBF00BF00B503687A
:1090A00083B040F60D2C022201A95B68ADF804C024
:1090B000984703B000BD00BF044B022888BF034699
:1090C000D3F800C01846DCF804301847082F0020F9
:1090D000A94AAA4B90422DE9F047A94CD3F814E0D5
:1090E0009969D4F80CC000F2088103F1437303F5C9
:1090F000F4530333A3FB0023DB0D03EB830303EBE8
:10910000830202F2B63240F227639A4228BF1A461F
:109110009C4BA3FB0232D208203A984D0CF01F045E
:10912000D5F88030944243F0C003C5F880300BD2AC
:109130002CF01F0C924C4CEA020CC4F80CC02368B3
:10914000002BFCDA0CF01F041EF0007327D18E4DAB
:109150002E698E4DB54300F0FA8081F48055764635
:109160004FF4805716F0605F06D02EF0605E4EEA36
:10917000030E824BC3F814E015F4405F07D021F4CE
:1091800040517E4D3943A961AB6C1B07FCD44EF0B6
:10919000007E7A49C1F814E08B6C9F06FCD47C49B0
:1091A000884200F2DF80012635460EE0082D0CD102
:1091B000042E00F291800136022506FB00F38B425B
:1091C00000F2C3805B008B4206D8013506FB05F335
:1091D00000FB03F38B42E9D9771E05F1FF384FEA14
:1091E000872A8EEA87276B4959186B4B99427CD99D
:1091F000DFF8E4916C2369486349B0FBF5F0684DF2
:10920000B0FBF6F00E6835404D4508D043F40053EE
:109210004FF480550D600B600B68002BFCDA57494A
:109220000B6903F00703434504D0C1F810808B6C31
:10923000DE03FCD417F4E05F0BD02EF4E05E0AF4FA
:10924000E0534E4943EA0E0EC1F814E08B6C9D07C3
:10925000FCD4544D544945198D4239D8534BED092E
:10926000A3FB05352D0B6B1E1B028EEA030111F4C7
:10927000407F07D02EF4407E03F440733F4943EA19
:109280000E034B613D494B6923F000734B618B6CBE
:109290009B06FCD4464BA242A3FB00134FF0FF31C8
:1092A0004FEA9343B0FBF5F5B1FBF3F34149086096
:1092B00041490D6041490B6008D22CF01F0C304928
:1092C0004CEA0202CA600B68002BFCDABDE8F087AA
:1092D0004FF440730425C8E7771E2E494FF0070866
:1092E0004FEA872A59188EEA8727294B99421CD8BA
:1092F000DFF8E890362332487EE7324B984201D8B7
:109300000E220AE7304B984228D9304A904227D99A
:10931000821A2F4B120AA3FB0232D20902EB8202FD
:1093200002EB820202F2E242EDE6A3F18253294807
:10933000DFF8AC90A3F589337E3BA3FB01310B0D25
:1093400003FB00F043EA090956E7012544E71F46FD
:109350008EF0C0560D464FF0C05303E70F22DCE6F7
:109360001222DAE6012603464FF0000A77464FF054
:109370000008354637E700BF001C4E0E00C00F4006
:10938000000008401F85EB5100800D4040300080F8
:10939000FFB19F26808D5B00FF7EF64D00643F4D40
:1093A0007F3001807FD1F0087F17B42C9F10E5003B
:1093B00083DE1B43042F0020002F002010470320D2
:1093C00000B29F26FF0A6B1B00A4781F0046C32330
:1093D00023B24C00001BB7006C20008036200080B8
:1093E0000020008000B970472DE9F84F0121814627
:1093F000224C234E234D54E8003F3268286844E84D
:109400000013002BF7D120494B684FF47A7BDFF82B
:109410007CA01B1A01270BFB02F8DAF80020A2FB44
:1094200003235B4594BF9844D84454E8003F326816
:10943000286844E80073002BF7D14B68DAF800C0C5
:109440001B1A0BFB02F2ACFB03C3B3F57A7F94BF8C
:10945000D21802F57A72A2EB0802B2F57A7F08D32D
:10946000B9F1010F08F57A7809F1FF39DDD1BDE8CE
:10947000F88F01F011FB0449D7E700BF1C870320D8
:109480001887032014870320001000E010470320F2
:1094900010B50F4B4FF0010C0E4CDFF844E053E8D1
:1094A000002F2068DEF8001043E800C2002AF6D141
:1094B000094B5B68094A5B1A4FF47A71126801FB29
:1094C00000F0A2FB03238B4294BFC018401810BDCC
:1094D0001C87032018870320001000E0104703209A
:1094E00014870320362812D802010C4B03EB00101E
:1094F0009B58C268D3F804C01CEA020F03D039B1EC
:10950000C3F884207047836829B9054A1A607047F8
:10951000C3F888207047034A1A607047D42400209B
:109520003830010038F00100362831D802011B4BD9
:10953000012903EB00109B5800B55A68D0E902ECF2
:1095400012D0042910D022EA0C025A60C9B10229B3
:109550001FD003294FF015020CBF114B114BCEF851
:10956000003043681A6000BD42EA0C0201295A60CB
:1095700007D040F63803CEF80030436815221A6051
:1095800000BD38231522CEF8003043681A6000BDB4
:109590007047054BCEF80030EFE700BFD424002021
:1095A000383001003800010038F0010008B5F0F74C
:1095B0003BF9EFF7A7FE01F06FFAFAE7844641EABC
:1095C000000313F003036DD1403A41D351F8043B3B
:1095D00040F8043B51F8043B40F8043B51F8043B8D
:1095E00040F8043B51F8043B40F8043B51F8043B7D
:1095F00040F8043B51F8043B40F8043B51F8043B6D
:1096000040F8043B51F8043B40F8043B51F8043B5C
:1096100040F8043B51F8043B40F8043B51F8043B4C
:1096200040F8043B51F8043B40F8043B51F8043B3C
:1096300040F8043B51F8043B40F8043B51F8043B2C
:1096400040F8043B51F8043B40F8043B403ABDD29B
:10965000303211D351F8043B40F8043B51F8043B3D
:1096600040F8043B51F8043B40F8043B51F8043BFC
:1096700040F8043B103AEDD20C3205D351F8043BCC
:1096800040F8043B043AF9D2043208D0D2071CBF98
:1096900011F8013B00F8013B01D30B8803806046C1
:1096A000704700BF082A13D38B078DD010F0030337
:1096B0008AD0C3F10403D21ADB071CBF11F8013BA7
:1096C00000F8013B80D331F8023B20F8023B7BE7F6
:1096D000043AD9D3013A11F8013B00F8013BF9D221
:1096E0000B7803704B7843708B78837060467047BB
:1096F00002F0B4BB01F1FF3C70B566464FF0000EBE
:1097000001E00EF1010EB0FBF2F402FB1403092B91
:1097100003F1370598BF03F130059042204606F863
:10972000015FEED201EB0E0300225A70BEF1000F72
:1097300011D0481C70440CF102021CF8014F10F8C3
:10974000015DA1EB0C03521A8CF80050013B047030
:1097500073449A42EFDB084670BD00BF72B6EFF368
:109760000583524CC4F884301EF0040F0CBFEFF395
:109770000882EFF309824FF0E0234D4DD3F8280D16
:10978000D3F82C1DC4E92201D3F8341DD3F8383D99
:10979000C4E924139369A83444F8103CD36944F80D
:1097A0000C3C00F0CDF804ED020A01F095FA0B2311
:1097B00044F8040C4FF0FF323E4844F8283C2B6834
:1097C000202104355A4042F30003013903EA000323
:1097D00083EA5202F7D1A542F1D1344BC3F8A82055
:1097E000BFF34F8F4FF0E0233149334AC3F8701F66
:1097F000C3F8702FBFF34F8FBFF36F8F2F4A022430
:109800002F48D36E2F4943F44053D3660460D36985
:109810002D4823F07F0343F04003D3610B6883425C
:1098200040D8274D00204FF0E0234FF0FF32286052
:109830000121C5F8080125480C460E46C5F800016F
:10984000C5F80811C3F88021C3F88421C3F8882122
:10985000C3F88C21C3F8902101E000F071F9D5F82C
:109860000C31002BF9D04F2CC5F80C6104F1010428
:10987000F3D9174B022017494FF00042C1F84001BD
:109880005A63D5F80C313BB9134814490C4A0163AB
:10989000D2F80C31002BFAD04FF0E023104AC3F875
:1098A0000C2DFEE7FFF714FCBBE700BF00FF2720ED
:1098B00080FF27202083B8EDA0FF272000C00F40A5
:1098C00000400840042F0020803DCD0B009F240065
:1098D00000900D4000002E4000800F40F100AD0BC5
:1098E0000400FA05094A08B50346106823B1034489
:1098F00007498B4201D8136008BD03F03DFD0C22DF
:1099000003464FF0FF301A6008BD00BF302F002023
:1099100000002820002070474FF0FF30704700BF44
:109920004FF4005300204B60704700BF0120704788
:109930004FF0FF30704700BF30BFFDE7FFF70EBFAD
:10994000124AD2F880305B07FBD5D2F8803010483D
:10995000C3F30B230F4990ED007A07EE903A91ED97
:10996000006AB8EE477A0C4AF8EEE77A0B4BD2ED74
:10997000006A77EEC77A93ED007AB8EE477A67EE21
:10998000867A87EEA60A37EE400A704700810D40BE
:1099900000470320084703200C4703200447032007
:1099A000836B70B586460E4610461BB1536843F470
:1099B0000043536072B6DEF8342042B31B4B106094
:1099C000D3F8B02132421ED1194C656805E06268B7
:1099D000A2EB050CBCF5166F0BD2D3F8402142F474
:1099E0008042C3F84021D3F8B811D3F84021520483
:1099F000EDD5314007D10D4ACEE90201D2F8B031A0
:109A00003343C2F8B031CEF8340062B670BD0749B6
:109A1000CEE90202D1F8B0313343C1F8B031CEF80B
:109A20003000CEF8340062B670BD00BF00002E409A
:109A3000001000E070B5056B95B12B46002403E0E3
:109A40001B680134012B0CD05A681206F8D5036349
:109A500006462CB12846B36B2D689847013CF9D1D6
:109A600070BD00220023C0E90C23F1E700B501BB63
:109A7000DFF8A0C0234B0021234A4FF0010E4FF026
:109A800001109960C3F800E0CCE902314FF0800C7E
:109A9000C3F804C0C2F8BC01D2F8B0311B4843EA95
:109AA0000E03C2F8B0310160D2F8B031002BFBD107
:109AB00000BD0904164BDFF85CC04FF0010E41F009
:109AC00080019860104A596000F58051C3F800E0A9
:109AD000D96000F50051CCF84830196100F54051CB
:109AE00000F58040596100219861CCF84C10D2F803
:109AF000B03143F48033C2F8B031D2F8B031002B2A
:109B0000FBD1B7E7E096002000002E40A8310320EB
:109B10000097002000000020074901220B788240B6
:109B200023EA02030B7033B9044AD2F8483123F018
:109B30008003C2F8483170474A87032000002E4056
:109B40002DE9F047A64C82B0D4F84461F107C4F87F
:109B500044614CD5D4F8AC31002B43D0A14DA24F79
:109B6000DFF8B882C4F8AC31D5E90A20D4F8403126
:109B700043F40053C4F84031D4F840319B04F5D588
:109B8000D4F840314FF0011123F40053C4F84031B0
:109B9000C4F8B411D4F8B43113F00113FAD191B26E
:109BA00084463B60B1F5086F00F03A8100F2958081
:109BB00040F2023E714500F0928100F2A4808229B9
:109BC00000F0E181B1F5817F00F0B381802940F0A0
:109BD0009580864802210380FFF748FFD4F8AC3116
:109BE000002BBFD17E4AD2F8BC31002B42D1720685
:109BF00016D57B4BD3F8AC21C3F8AC21D3F8BC21EC
:109C0000C3F8BC21D3F8B041002CFBD14FF0FF3298
:109C1000C3F8B421D3F8843100F046FD744B1C60C6
:109C2000F40103D5734B1B6803B19847B00103D50A
:109C3000714B1B6803B19847710708D5684BD3F87F
:109C4000843113F4007345D06C4B01221A70644BBD
:109C5000D3F848311A060AD5330608D5684A13786E
:109C60002BB1013BDBB21370002B00F06D8202B010
:109C7000BDE8F0875C49C2F8BC310868034240F097
:109C800098815B4A12681340B1D01C0C554D1FFAE5
:109C900083F810D094FAA4F7B7FA87F705EBC7104A
:109CA0004030FFF7C7FE012303FA07F7BC43F1D1A9
:109CB000B8F1000F9BD0012798FAA8F4B4FA84F405
:109CC00005EBC41007FA04F4FFF7B4FE38EA040801
:109CD000F2D18CE7494A1370B9E742F2212E71455F
:109CE0005AD049D8B1F5106F00F0A28042F2210C91
:109CF000614503D1010C072900F08C814FF001135D
:109D0000C4F8C0316AE7B1F5A06F00F0CA80A1F5D0
:109D1000D0610129F2D83B4B59680029EED01FFAD7
:109D20008CFE120C03E019690C330029E6D0B3F85D
:109D300000C09445F7D1B3F802C0F445F3D14FEA1F
:109D4000122C000CBCF1030F00F0CB811B89834265
:109D500028BF0346B2F5007F9A4640F09A81274B10
:109D60001B78002B40F0EE81274952462748DFF848
:109D70009C90FFF723FC9EE142F22133994214D0DC
:109D80004FF6C0039942B9D183B2FF2BB6D843F442
:109D90006E4363F30F0CBEE780B230B91C4B120C5C
:109DA00019681C4B19601C4B1A700023C5F84880B9
:109DB000EB64C8F808300123C8F800308023C8F8E5
:109DC00004304FF00113C4F8BC31D4F8B03143F47F
:109DD0008033C4F8B031D4F8B031002BFBD1FDE6AC
:109DE00000002E4000000020A8310320C83E0320C0
:109DF000AC3103202C8703203087032050870320B9
:109E000051870320502800202C1E00600058252078
:109E100018870320288703204E870320E096002020
:109E2000B34B0121B3481B780370FFF71FFED5E643
:109E3000AF49120C01930A70AF4AC4F8C821AF4A67
:109E4000C4F8CC21AE4AC4F8D02100F02FFC802207
:109E50000199AC4802F0EEFEAB498022019BA96457
:109E60004A60AA4AEB64C5F8A02002F13C428B602C
:109E700002F56C2202F56F72C5F8E02001220A603B
:109E80004FF00112C4F8BC21D4F8B02142F4803262
:109E9000C4F8B0219E4A3B60D2F8B031002BFBD110
:109EA0009CE69949EB648B600123A9640B608023D5
:109EB0004B604FF001139649C4F8BC31D4F8B0316F
:109EC00043F48033C4F8B031D1F8B031002BFBD16A
:109ED000130C5B0643F08073C1F854317EE610F03A
:109EE000780F7FF40BAF00F07F028A4B000653F827
:109EF00022104CBF41F4803141F0010143F822109F
:109F00000021814BE96499600121AB6419608021D3
:109F10007F4A59604FF00113C2F8BC31D2F8B0311A
:109F200043F48033C2F8B031D2F8B031002BFBD10A
:109F300054E610F0780F7FF4E1AE00F07F02754B2D
:109F4000000653F822104CBF21F4803121F00101AA
:109F500043F8221000216C4BE96499600121AB6445
:109F6000196080216A4A59604FF00113C2F8BC3170
:109F7000D2F8B03143F48033C2F8B031D2F8B03106
:109F8000002BFBD12AE610F078037FF4B7AE00F087
:109F90007F01604A000652F82110564A138036D5D8
:109FA000C90301D50123137002215248FFF75EFD5A
:109FB00014E60020086058490C88486842F22101E4
:109FC0008C427FF45EAE80B200287FF45AAE5349D3
:109FD000534C03C9A18086284FEA11412060A1712A
:109FE0007FF44FAE72B64F48017841F0080101701E
:109FF000D2F848110D0605D480200143C2F844016F
:10A00000C2F8481162B6484A5021117039E6CB07B0
:10A01000CAD5C7E74049EB60444BC1E900200122A3
:10A02000AB601A60424A5A603C4A9A60D4F8B01158
:10A0300041F00101C4F8B01102F58051D96002F578
:10A040000051196102F5405102F5804259619A614F
:10A050002F4AD2F8B031002BFBD12B49EB648B6037
:10A060000123A9640B6048F280034B604FF0011399
:10A07000C2F8BC31D2F8B03143F48033C2F8B03109
:10A080004FF48033224A3B60D2F8B031002BFBD131
:10A09000A4E5B2F5E06F7FF468AE264B1B78002B89
:10A0A0004ED12549DFF8949052464846FFF786FA8C
:10A0B000072389F8013029F01F0309EB0A02BFF3D7
:10A0C0004F8F4FF0E021C1F8703F20339A42FAD809
:10A0D000BFF34F8FBFF36F8F18485146FFF7C6FC91
:10A0E0007CE50B78834228BF03469A463DE600BFD5
:10A0F0004F870320C83E03200200CC00C8000200A6
:10A100000200C80080000020E09600205DCFC6B8A5
:10A1100000002E40C0012E40002A0120A031032063
:10A12000208703204A8703205187032000970020BF
:10A130008000070050870320901E006000582520F3
:10A140000449AFE7044910E60320FFF7E5FC09F0F6
:10A1500057F800BF2C1E0060901E00602DE9F043F0
:10A16000841E83B0022C02D903B0BDE8F083124DE7
:10A1700090460F46C60105EBC0143C220021019019
:10A18000201D994602F056FDB8FA88F239045209AA
:10A1900041EA42710122A951C4F83890A260B9F194
:10A1A000000FE1D00549019B9A400B681A430A60F1
:10A1B00003B0BDE8F08300BF00000020AC310320F5
:10A1C0002DE9F043A0F1020E83B0BEF1020F02D9D7
:10A1D00003B0BDE8F0839146C201124F884602F1F8
:10A1E000400605463C220021F4190193201D02F08F
:10A1F00021FDB9FA89FC4FEA0842019B4FEA5C1C39
:10A2000042EA4C72BA510122A363A260002BDFD054
:10A21000054905F110000B6882401A430A6003B03B
:10A22000BDE8F08300000020AC31032012044FF0A1
:10A23000010C816042F08002C0F800C0C36101F5EA
:10A24000805C01F54053426001F5005201F5804108
:10A25000C0F80CC08161C0E904237047831E022B43
:10A2600000D9704700F1100C064B0A4603EBC010F2
:10A2700000B54FF0010E0EFA0CF15DF804EBFFF79C
:10A280008FBB00BF40000020831E022B00D9704707
:10A290004FF0010C034B0A460CFA00F103EBC0101F
:10A2A000FFF77EBB0000002040687047144B0A2275
:10A2B000DFF850C0D3F8200220F07F4000EB80038D
:10A2C00000B55B0085B0604538BF18466946FFF7AA
:10A2D00011FADFF834C06B4600226046197801326B
:10A2E000013341B10A2A20F8021FF7D116228CF857
:10A2F000002005B000BD52008CF8002005B000BD64
:10A3000000441F4080969800F431002000F0ECBA21
:10A3100000F0BABA00F020BB00F0D8BA00F06EBB73
:10A3200000F048BB0846114600F03ABB70B5164D28
:10A330004FF0E02415494FF40032154E05EB40155F
:10A3400082B001EB4021C4F88C21034632882846B4
:10A350000191FFF76BFF019933880B44BFF34F8FD7
:10A36000C4F85C1F20318B42FAD8BFF34F8FBFF384
:10A370006F8F03202946FFF787FF4FF40033C4F89F
:10A380000C3102B070BD00BF2097002080582520FE
:10A3900034870320264B1A884368C3F30E43D21A2E
:10A3A000002AF0B5C46983B028DD2248224D017827
:10A3B0002D78CBB2DFF894C0A942204D09D01CF80B
:10A3C00003100F4635F811100E46C1F500718A4290
:10A3D0001AD90133002125F81420082B184D88BF05
:10A3E0000B4625F8141098BF19460CF80340154B7E
:10A3F000017019680A441A6003B0F0BD204603B02A
:10A40000BDE8F040FFF792BF0F4906EB47200192ED
:10A41000084401EB4421FFF7D1F8019A094920468D
:10A42000B31825F817300B6813440B60E7E700BF3B
:10A43000348703204887032049870320D43E032024
:10A44000E43E0320D03E032080582520F43E032024
:10A45000224B1A78002A3FD102F0FF03204A1278DB
:10A46000002A39D01F4A1288002A35D01E49C2F569
:10A47000006210B5087884B01C4901EB40141C49F7
:10A4800001EBC0212046CDE902230191FFF7CEFE6A
:10A49000DDE901120A44BFF34F8F4FF0E020039B28
:10A4A000C0F8701F20318A42FAD80193BFF34F8F52
:10A4B000BFF36F8F04202146FFF7D0FE0A4800212A
:10A4C000084B027819800132019BD2B2032A98BF4F
:10A4D0001346037004B010BD704700BF4D870320C2
:10A4E0004F870320368703204C87032020980020C5
:10A4F000806825202DE9F04F87B00490002900F0F6
:10A50000BF8000235F4C604F4FF00109DFF890A13E
:10A510005E4E029303915E4B5E4A1D783B8802EBD0
:10A52000451284F800900192002B40F0A5809846D7
:10A530001D469B460198FFF7B7FE10F0800000F023
:10A540008B80BFF34F8F9AF8003084F800B00DB9BC
:10A55000D6F80080002B7BD13368A3EB0803782B5F
:10A5600000F283804C4B1B78002B71D000F094FAE2
:10A570003B88012584F80090002BDBD044491A4623
:10A58000C3F500600D78039900EBC520DFF814B126
:10A590009142584417D20593DDE903210192FFF758
:10A5A0000DF8019A4FF04041059B9B1A3B803B4BB5
:10A5B000C3F88410BFF34F8F029800231044237018
:10A5C00007B0BDE8F08F0499FEF7F8FF00230BEB0E
:10A5D000C5214FF400620198FFF728FE0BEBC5215F
:10A5E000BFF34F8F01F1200201F50063934294BF46
:10A5F000012340234FF0E02201EB4313C2F8701F08
:10A6000020318B42FAD1BFF34F8FBFF36F8F0420FD
:10A610000199FFF723FE1E4A13780133DBB2042BA6
:10A6200028BF002313703B88039AD11A029A1A4458
:10A6300003910292049A1A4400230492174A3B8021
:10A64000C2F88430BFF34F8F237000297FF463AFCB
:10A65000029807B0BDE8F08F4FF400620C4B8AF807
:10A6600000001D7813463A808DE7012302988AF88E
:10A67000003007B0BDE8F08F1A46C3F5006082E7EE
:10A680000846E6E74D870320368703201887032016
:10A690004C870320209800204F87032000002E4085
:10A6A0004B87032080682520704700BF2D4B002179
:10A6B00080222D4870B51B7800242C4E8B420CBF95
:10A6C00040234FF400732A4D33802B8002F0B2FAFE
:10A6D000284A2146284B14704FF4807227481C806A
:10A6E00002F0A8FA264A1021264B0220C2E90044B3
:10A6F000C2E90244244AC3E900441470234AC3E96E
:10A700000244234B1C70234614602246FFF758FD79
:10A71000204B224631880320FFF720FD23460122EB
:10A7200029880420FFF74CFD20460134FFF7FEFD89
:10A73000082CF9D1184B00214A221848184C046003
:10A74000C3F88410C3F88020D3F84821154942F09B
:10A750008072C3F8482121B1134A137843F00103F2
:10A76000137070BD50870320209800203487032089
:10A77000388703204C87032036870320209700204A
:10A78000D43E0320E43E032048870320D03E03202C
:10A79000498703209584010000002E402C87032068
:10A7A0005185010000000000528703202DE9F84F79
:10A7B0004FF400324FF0E023C3F88C212B4B1C7870
:10A7C000002950D082468B46E4B20027DFF8B490CF
:10A7D000274B5046274AABEB07081B78A34204F1EE
:10A7E000010437D0092C244B244928BF00241E5DC6
:10A7F00039F8163031F8165003EB4621ED1A1144A2
:10A80000A8452A4617D21E4C42465046FEF7D6FEB1
:10A81000236839F816105846A3EB0B0388443B44D1
:10A8200029F8168023604FF0E0234FF40032C3F87C
:10A830000C21BDE8F88FFEF7C1FE114A2F443046C7
:10A840001368AA445B1B1360084A1470FFF76EFD7F
:10A85000BB45BDD84FF0E0234FF400323846C3F873
:10A860000C21BDE8F88F0846DDE700BF49870320CB
:10A870004887032080582520F43E0320D43E03203F
:10A88000D03E0320E43E03200B4B0C4A127819788B
:10A89000D3B28A420DD0013309480A4A092B0A492A
:10A8A00028BF0023C35C31F8131002EB4323585C2C
:10A8B00070474FF0FF3070474887032049870320D7
:10A8C000F43E032080582520E43E0320054B186801
:10A8D00000B1704700B583B0019000F0DDF8019839
:10A8E00003B000BDD03E03202DE9F84F144E154DA6
:10A8F00033782A78934220D0DCB2DFF85090DFF82A
:10A9000050B0DFF85080104F0134082CA24601D916
:10A910000024A24619F80400DBF8003038F81020B3
:10A9200037F81010521A9B1ACBF80030FFF7FEFCD4
:10A9300086F800A02B78A342E6D1BDE8F88F00BFCF
:10A940004987032048870320E43E0320F43E032088
:10A95000D03E0320D43E032000B583B001210DF189
:10A960000700FFF723FF18B19DF8070003B000BDF3
:10A970004FF0FF30FAE700BF084B00B583B01B78FB
:10A980008DF8070033B101210DF10700FFF7B2FD8B
:10A9900003B000BD03F0FF0003B000BD4F870320EC
:10A9A000034B1B780BB1FFF7A5BD03F0FF00704709
:10A9B0004F8703202DE9F04100240D4E01230D4D5A
:10A9C000A0460D4F33703B782846A34205D0FFF7D1
:10A9D0006BFC030658BF08F5006801342035042CD1
:10A9E000F1D1BFF34F8F002340463370BDE8F081B3
:10A9F0004D870320209800204C870320204B1B7894
:10AA000013B1204B1A8802B970471F4BC2F5006280
:10AA10001E481F4930B51B7883B01E4C00EB431015
:10AA200001EBC3210123054623700023CDE9001269
:10AA3000FFF7FCFBDDE900120A44BFF34F8F4FF034
:10AA4000E023C3F8701F20318A42FAD8BFF34F8F3A
:10AA5000BFF36F8F04202946FFF700FC0A4900224C
:10AA600008480B7802800133DBB2042B28BF134661
:10AA70000B70BFF34F8F074B1A7003B030BD00BF90
:10AA80004F870320368703204C870320209800201F
:10AA9000806825204D8703202E4B2DE9F0411E783C
:10AAA00086B1DFF8C88098F800305BB90123F10760
:10AAB00088F8003040D4B20727D4002388F800304B
:10AAC000730701D4BDE8F081234B1A68002AF9D03E
:10AAD000EFF30582002AF5D1EFF3108572B61868FE
:10AAE000002830D01D4C217800292CD10122227061
:10AAF00042691A60002A2AD0916105B962B6002520
:10AB00008368457798472570DCE7154B1B78002B49
:10AB1000D3D0144F002557F8044F236820461B69F3
:10AB2000984710B163699B6898470D4B01351A78B7
:10AB3000EBB29A42EFD8C0E7FFF7C8FE0028BAD0C0
:10AB4000AFF30080B7E7002DBCD162B6BAE7064B81
:10AB50001A60D2E75287032074F302204387032050
:10AB600044870320BC96002080F302204587032001
:10AB700010B500234FF470440F224FF4806EA0F8FC
:10AB80008C411946A0F88E214FF46044A0F8903112
:10AB90000A46B0F8883148F2B82C43F0F003A0F828
:10ABA000883101EB4103013100EB431304299C8000
:10ABB000A3F806E05A841A865A805A81A3F80EC078
:10ABC0005A82DA825A83DA83EBD1B0F8883143F0C3
:10ABD0000F03A0F88831B0F8883143F47063A0F80F
:10ABE000883110BD374B384A996F384841F47F019E
:10ABF00070B5996741F20106D3F8801045F6C0554B
:10AC000043F226040A43C3F88020FFF7B1FF00F5A2
:10AC10008040FFF7ADFF00F58040FFF7A9FF00F58A
:10AC20008040FFF7A5FF0022A0F503104FF00F0EA4
:10AC3000114600EB42134FEA421C01329981042A6B
:10AC40005981A3F80EE09E82DD8020F80C10198255
:10AC50009C81EED100221E484FF00F0E41F20106FA
:10AC6000114645F6C05543F2260400EB42134FEA65
:10AC7000421C01329981042A5981A3F80EE09E8278
:10AC8000DD8020F80C1019829C81EED10022114841
:10AC90000F2641F20105114645F6C05443F2260E37
:10ACA00000EB42134FEA421C01329981042A598178
:10ACB000DE819D82DC8020F80C101982A3F80CE064
:10ACC000EED170BD00C00F40000003FC00C03D404D
:10ACD00000001E4000401E40074A506A936A194611
:10ACE0008446506A936A9942F9D18445F7D1DB0BC7
:10ACF00043EA4040704700BF00400D4008B5D0E92E
:10AD000000325BB1BAB10F4BA3FB0213DB0803EBBC
:10AD10004303B2EB83030AD1012008BD094BA3FB17
:10AD20000213DB0803EB4303B2EB830301D0D21A17
:10AD30004260F02AF0D802F01FFB1C2203460020DC
:10AD40001A6008BDABAAAAAA30B583B060B30446A6
:10AD500021B11D46B2FA82F35B09A2B9206818B38B
:10AD600062680AB3164B174902FB03F3B1EBB30F4A
:10AD70001AD3A368FBB9002323606360A360E36078
:10AD8000012003B030BD0193069BC0E90012C360EF
:10AD9000FFF7B4FF60B1002DF2D06268019920681E
:10ADA000A56001F047FFEBE702F0E6FA1623036027
:10ADB000002003B030BD002101F03CFFDBE700BF05
:10ADC000ABAAAAAA5555551500B52DED028BB0EECC
:10ADD000408A83B000F06EFCB4EE488AF1EE10FABF
:10ADE00006D6DFED0C7AB4EEE78AF1EE10FA03D462
:10ADF00003B0BDEC028B00BDCDED017A02F0BCFAD0
:10AE0000DDED017A87EEA70A2123036003B0BDECD4
:10AE1000028B00BD0000000010EE103A40F22A4103
:10AE2000C3F30A528A4235D82F4B93ED4A2B93ED48
:10AE3000481BB7EEC03AB0EE417BA2EE037B17EEA3
:10AE4000100AB7EE000B00F01F0203EBC20193EDF6
:10AE50004C4B37EE417B92EE037B93ED4E6B93EDC3
:10AE6000505BA4EE076B27EE074B53F832C0A5EEFC
:10AE7000070B00B5A6EE040BD1F804E0002111EB9E
:10AE80000C020EEBC03343EC172B20EE070BB7EE92
:10AE9000C00B00BD13F5000F20D0B2F5FF6F1AD222
:10AEA000DFED127AB4EEE70AF1EE10FA10DCDFED16
:10AEB000107AB4EEE70AF1EE10FA12D4DFED0D7A53
:10AEC000B4EEE70AF1EE10FAAED5002000F0C4BBF4
:10AED000002000F0C7BB30EE000A70479FED060A65
:10AEE0007047002000F0B2BBA00200201772B142F0
:10AEF000B4F1CFC2CF8ECEC200000000000000002F
:10AF000010EE101A10EE902AA1F5000C5000BCF1C2
:10AF1000FE4F00F1FF336FF0807C7ED2634538BF77
:10AF2000002080F0B980BFEE001B01F1404303F523
:10AF30004D03C3F3C3426FF31603C91A07EE901A09
:10AF4000DB15B7EEE75A07EE903AAF4B03EB021270
:10AF500092ED024B92ED002B00B5A2EE051B93ED96
:10AF6000403B93ED426B93ED442BA1EE036B93EDCD
:10AF7000465BB8EEE77B37EE047B93ED484BA1EEE2
:10AF8000025B2DED028BA1EE047B21EE018BB7EE6F
:10AF9000E00A28EE083BA8EE057BA6EE037B20EE38
:10AFA000077B17EE903A48F2BF01C3F3CF338B42D1
:10AFB00083B04CD2B7EE000B944B93ED402B37EEA1
:10AFC000023B13EE102A33EE423B02F01F018018C1
:10AFD00003EBC10293ED424B37EE437B53F831C094
:10AFE000D2F804E093ED446B93ED465BA7EE046B5F
:10AFF00027EE074B002111EB0C020EEBC033A7EE3E
:10B00000050B43EC172BA6EE040B20EE070BB7EE57
:10B01000C00B03B0BDEC028B00BD634580F0B18076
:10B020004B00581E604580F0938000294BDB0020C8
:10B03000B1F5000FBFF477AFDFED757A20EE270A88
:10B0400010EE103A23F00043A3F138616BE79FED57
:10B05000666BB4EEC67BF1EE10FA16DC9FED646B06
:10B06000B4EEC67BF1EE10FA43DD4FF04C530028EE
:10B0700060D00193DDED016ABFEE006A76EE666A8C
:10B08000F4EE466AF1EE10FA94D003B0BDEC028BF8
:10B090005DF804EB00F0E6BA002869D0B1F17E5FFC
:10B0A0003FD0B0F17F4F69D14B00B3F1FE4F6FEA53
:10B0B000020234BF00230123D20F934200F08F809D
:10B0C0009FED540A7047C2F3C7537E2B27D9962BA6
:10B0D00064D80120C3F1960300FA03F3581E10420E
:10B0E0001DD1134214BF01200020000421F00041B3
:10B0F0009EE79FED416BB4EEC67BF1EE10FA30D9BE
:10B100009FED3F6BB4EEC67BF1EE10FA7FF552AFC8
:10B1100003B0BDEC028B5DF804EB00F09DBA00F0CB
:10B12000B9BA82F480035B0013F5000F26D8B7EE9E
:10B13000000A70470093DDED006AB7EE006A76EE14
:10B14000866AF4EE466AF1EE10FA3FF433AF9CE7FC
:10B15000002920EE000A23DB0020BBBB9A423CDB27
:10B16000704703B0BDEC028B5DF804EB00F06EBAE3
:10B1700081F480035B0013F5000FD8D930EE200A6C
:10B1800070470028F4D04B00B3F17F4FF6D8B0F1F0
:10B190007F4FF3D1B3F1FE4F87D1C8E70020A5E779
:10B1A000C2F3C751A1F17F001728D5D8C1F196008D
:10B1B000012101FA00F000F1FF3C1CEA020FCBD1A3
:10B1C0001040CAD0B1EE400A0846C6E7002AC7DAE6
:10B1D000F7EE007A87EE800A704700F049BA20EE59
:10B1E000A00A7047AFF3008071D5D1FFFFFF5F4029
:10B1F000E2AAA3FFFFFF5F400000000000C062C0A2
:10B200000000000000A062C0D8040020A0020020BE
:10B210000000004B0000000010B510EE102AC2F331
:10B220000A53B3F57D7FB7EEC06A84B01BD226EE19
:10B23000067BB3F5667F6CD326EE072B27EE021B49
:10B24000714B93ED1A3B93ED185B93ED164BA7EE04
:10B25000035BA2EE046BB0EE460BA5EE010BB7EE5E
:10B26000C00B04B010BD40F22E418B4259D8664A43
:10B2700092ED087B26EE077BFDEEC77B92ED0A5B25
:10B2800017EE903A03F500031B16990707EE903A64
:10B2900054BF114602F17001DC07B8EEE77BA7EE60
:10B2A000456B26EE067B1DD403F0030302EBC302BD
:10B2B00091ED185B92ED000B91ED1A3B26EE000B21
:10B2C000B0EE456B91ED164BA7EE036B20EE075BDE
:10B2D00027EE057BA5EE040BA6EE070BB7EEC00B21
:10B2E00004B010BD91ED144B27EE075B91ED126B8E
:10B2F00091ED0E2BA7EE046B27EE054B91ED0C0B99
:10B3000091ED103BA7EE020BA5EE030BA6EE040B8E
:10B31000E4E712F0FF4FE3D1B7EEC77B8DED037A80
:10B32000DEE7B3F5FF6F4CD2C2F38361374B8DED8F
:10B33000010A03EB810C53F82110C2F31603C2F388
:10B34000C25043F400038340DCF82000DCF810C056
:10B3500003FB01F1A3FB00E0E3FB0C0101F100534F
:10B360009C0F03F04043C91A00F03CFB019A9FED8B
:10B37000246B04EBD27241EC170B900754BF224BA5
:10B38000234B27EE067BE10727EE076B1ED41E49F1
:10B3900001EBC20293ED185B93ED1A3B92ED000BAB
:10B3A00093ED164B27EE000BB0EE457B20EE065BCF
:10B3B000A6EE037BA5EE040B26EE056BA7EE060BAF
:10B3C0008CE704B0BDE8104000F064B993ED144B75
:10B3D00026EE065B93ED127B93ED0E2BA6EE047B1F
:10B3E00026EE054B93ED0C0B93ED103BA6EE020BF6
:10B3F000A5EE030BA7EE040B70E700BFAFF30080D0
:10B40000182D4454FB21193C000600203423002051
:10B41000700600200000000010EE102AC2F30A534C
:10B42000B3F57D7FB7EEC07A1ED2B3F5667F72D3D7
:10B4300027EE077B27EE071B734B93ED142B93ED41
:10B44000125B93ED0E3BA7EE025B27EE012B93ED13
:10B450000C6B93ED104BA7EE036BA1EE046BA5EE06
:10B46000026BB7EEC60B704740F22E418B4255D8A7
:10B47000654A92ED086B27EE066BFDEEC66B92ED0A
:10B480000A5B16EE903A03F500031B16990706EEC9
:10B49000903A54BF114602F17001D807B8EEE66B3E
:10B4A000A6EE457B27EE076B1CD503F0030302EBEA
:10B4B000C30291ED185B92ED000B91ED1A3B27EE64
:10B4C000000BB0EE457B91ED164BA6EE037B20EE14
:10B4D000065B26EE056BA5EE040BA7EE060BB7EE9A
:10B4E000C00B704791ED144B26EE065B91ED127B7D
:10B4F00091ED0E2BA6EE047B26EE054B91ED0C0B89
:10B5000091ED103BA6EE020BA5EE030BA7EE040B8C
:10B51000B7EEC00B7047B7EE000A7047B3F5FF6F88
:10B5200053D2C2F38361394B03EB810C53F82110E2
:10B53000C2F31603C2F3C25043F4000310B58340B4
:10B54000DCF82000DCF810C003FB01F1A3FB00E0F5
:10B55000E3FB0C0101F1005382B09C0F03F0404368
:10B56000C91A8DED010A00F03DFA019A9FED246B96
:10B5700004EBD27241EC170B900754BF224B244BC3
:10B5800027EE067BE10727EE076B20D51E4902F068
:10B59000030201EBC20293ED185B92ED000B93EDF9
:10B5A0001A3B27EE000BB0EE457B93ED164BA6EE53
:10B5B000037B20EE065B26EE056BA5EE040BA7EEE3
:10B5C000060BB7EEC00B02B010BD00F063B893EDF0
:10B5D000144B26EE065B93ED127B93ED0E2BA6EE3D
:10B5E000047B26EE054B93ED0C0B93ED103BA6EE82
:10B5F000020BA5EE030BA7EE040BE2E7AFF300800E
:10B60000182D4454FB21193C00060020342300204F
:10B610007006002010B582B08DED010A044601F0DD
:10B62000ABFE9DED010A046002B010BD30B1F1EE39
:10B63000407A27EE800A2220FFF7ECBFF0EE407A36
:10B6400027EE800A2220FFF7E5BF00BF9FED010A29
:10B65000FFF7ECBF000000109FED010AFFF7E6BF07
:10B660000000201A9FED010AFFF7E0BF0000007004
:10B670009FED070AF7EE007ABFEE007A00284FF040
:10B68000220047FE877A87EE800AFFF7C3BF00BF1C
:10B690000000000070EE407AB4EE400A87EEA77A10
:10B6A000F1EE10FAB0EE470A02D62120FFF7B2BF42
:10B6B000704700BFB1EEC00A704700BF034608469E
:10B6C000194601F04BB800BF81F0004102E000BF15
:10B6D00083F0004330B54FEA41044FEA430594EA52
:10B6E000050F08BF90EA020F1FBF54EA000C55EA8D
:10B6F000020C7FEA645C7FEA655C00F0E2804FEA5E
:10B700005454D4EB5555B8BF6D420CDD2C4480EA3F
:10B71000020281EA030382EA000083EA010180EA6F
:10B72000020281EA0303362D88BF30BD11F0004FBD
:10B730004FEA01314FF4801C4CEA113102D04042F3
:10B7400061EB410113F0004F4FEA03334CEA13332E
:10B7500002D0524263EB430394EA050F00F0A78046
:10B76000A4F10104D5F1200E0DDB02FA0EFC22FA41
:10B7700005F2801841F1000103FA0EF2801843FA35
:10B7800005F359410EE0A5F120050EF1200E012A26
:10B7900003FA0EFC28BF4CF0020C43FA05F3C01864
:10B7A00051EBE37101F0004507D54FF0000EDCF1DD
:10B7B000000C7EEB00006EEB0101B1F5801F1BD386
:10B7C000B1F5001F0CD349085FEA30004FEA3C0C8A
:10B7D00004F101044FEA445212F5800F80F09A8080
:10B7E000BCF1004F08BF5FEA500C50F1000041EB84
:10B7F000045141EA050130BD5FEA4C0C404141EB88
:10B800000101013C28BFB1F5801FE9D291F0000F82
:10B8100004BF01460020B1FA81F308BF2033A3F131
:10B820000B03B3F120020CDA0C3208DD02F1140C28
:10B83000C2F10C0201FA0CF021FA02F10CE002F163
:10B840001402D8BFC2F1200C01FA02F120FA0CFC5C
:10B85000DCBF41EA0C019040E41AA2BF01EB0451A5
:10B86000294330BD6FEA04041F3C1CDA0C340EDCA3
:10B8700004F11404C4F1200220FA04F001FA02F3E6
:10B8800040EA030021FA04F345EA030130BDC4F1A4
:10B890000C04C4F1200220FA02F001FA04F340EA99
:10B8A0000300294630BD21FA04F0294630BD94F04A
:10B8B000000F83F4801306BF81F480110134013D31
:10B8C0004EE77FEA645C18BF7FEA655C29D094EAA2
:10B8D000050F08BF90EA020F05D054EA000C04BF20
:10B8E0001946104630BD91EA030F1EBF002100200B
:10B8F00030BD5FEA545C05D14000494128BF41F0AA
:10B90000004130BD14F580043CBF01F5801130BD0D
:10B9100001F0004545F0FE4141F470014FF0000098
:10B9200030BD7FEA645C1ABF194610467FEA655C49
:10B930001CBF0B46024650EA013406BF52EA0335EB
:10B9400091EA030F41F4002130BD00BF90F0000FD9
:10B9500004BF0021704730B54FF4806404F1320415
:10B960004FF000054FF0000150E700BF90F0000FCE
:10B9700004BF0021704730B54FF4806404F13204F5
:10B9800010F0004548BF40424FF000013EE700BFC5
:10B9900042004FEAE2014FEA31014FEA02701FBF55
:10B9A00012F07F4393F07F4F81F06051704732F087
:10B9B0007F4208BF704793F07F4F04BF41F40021DE
:10B9C000704730B54FF4607401F0004521F000413C
:10B9D0001CE700BF50EA010208BF704730B54FF0C6
:10B9E00000050AE050EA010208BF704730B511F0C7
:10B9F000004502D5404261EB41014FF4806404F1FF
:10BA000032045FEA915C3FF4D8AE4FF003025FEA84
:10BA1000DC0C18BF03325FEADC0C18BF033202EB08
:10BA2000DC02C2F1200300FA03FC20FA02F001FA62
:10BA300003FE40EA0E0021FA02F11444BDE600BF05
:10BA400053B94AB9002908BF00281CBF4FF0FF3185
:10BA50004FF0FF3000F000BAADF1080C6DE904CEF4
:10BA600000F06AF8DDF804E0DDE9022304B0704775
:10BA700007EE900AF5EEC07AF1EE10FA01D400F06C
:10BA80001BB808B580F0004000F016F8404261EBAA
:10BA9000410108BD41EC170BB5EEC07BF1EE10FA89
:10BAA00001D400F029B808B581F0004100F024F875
:10BAB000404261EB410108BD9FED0B6B07EE100AA0
:10BAC0009FED0B5BB7EEC77A27EE066BBCEEC66B3D
:10BAD000B8EE464BA4EE457BFCEEC77B16EE101A83
:10BAE00017EE900A704700BF000000000000F03D14
:10BAF000000000000000F0419FED0B7B41EC160BB5
:10BB00009FED0B5B26EE077BBCEEC77BB8EE474B89
:10BB1000A4EE456BFCEEC67B17EE101A17EE900AEA
:10BB2000704700BFAFF30080000000000000F03D50
:10BB3000000000000000F0412DE9F04782B0064609
:10BB4000DDF828E00846B4460D46002B4ED18A4267
:10BB500014466DD9B2FA82F242B1C2F12003954087
:10BB600026FA03F394401D4306FA02FC260CA7B202
:10BB7000B5FBF6F14FEA1C4306FB115543EA0543BA
:10BB800001FB07F0984209D9E31801F1FF3580F075
:10BB90000381984240F20081023923441B1A1FFAA4
:10BBA0008CFCB3FBF6F006FB10334CEA034C00FBB5
:10BBB00007F363450AD914EB0C0C00F1FF3580F054
:10BBC000ED80634540F2EA80A444023840EA014037
:10BBD000ACEB030C0021BEF1000F04D02CFA02F3F1
:10BBE0000022CEE9003202B0BDE8F0878B4209D9CD
:10BBF000BEF1000F01D0CEE900610021084602B07D
:10BC0000BDE8F087B3FA83F1174600294DD183428E
:10BC100002D3B24200F20F81B6EB070C60EB0303D4
:10BC200001201D46BEF1000FDDD0CEE900C5DAE7E8
:10BC3000002A00F098801A46B4FA84F3002B40F0F2
:10BC4000AF800B1B270CA6B20121B3FBF7F54FEA1F
:10BC50001C4007FB153340EA034306FB05F89845F3
:10BC600007D9E31805F1FF3002D2984500F2E880C9
:10BC70000546A3EB08031FFA8CFCB3FBF7F007FBA8
:10BC800010334CEA034C06FB00F3634508D914EB70
:10BC90000C0C00F1FF3602D2634500F2CE80304634
:10BCA000ACEB030C40EA054095E7C1F120058B4061
:10BCB00022FA05FC4CEA030C00FA01F426FA05F31B
:10BCC000E84002FA01F943EA04084FEA1C4206FA86
:10BCD00001FAB0FBF2F71FFA8CF602FB17004FEAED
:10BCE000184444EA004407FB06F0A0420AD91CEBC2
:10BCF000040407F1FF3380F09C80A04240F2998059
:10BD0000023F6444241A1FFA88F3B4FBF2F002FBEA
:10BD1000104443EA044300FB06F69E4209D91CEB9B
:10BD2000030300F1FF3480F082809E427FD9023805
:10BD3000634440EA0740A0FB09749B1BA3423E46B4
:10BD4000A04664D361D0BEF1000F0AD0BAEB060260
:10BD500063EB080303FA05F5CA401543CB40CEE96F
:10BD6000005300213FE7730843EAC1734A08190CE6
:10BD700041EA02414FEAC67C9BB2B2FBF4F0264690
:10BD8000A04627461F2243EA0143B1FBF4F1A3EB8F
:10BD9000080341EA004158E72946FFE6284615E72F
:10BDA0001A46C3F120019C4026FA01F320FA01F162
:10BDB00090400343270C06FA02FCB1FBF7F0A6B251
:10BDC00007FB1015190C41EA054100FB06F58D42F1
:10BDD0003BD9611801D28D4220D8491B0138B1FBF3
:10BDE000F7F5019505FB06F8019D9BB207FB1511C0
:10BDF00043EA0143434526D2E31805F1FF31C6D299
:10BE00004345C4D2A91E2344C1E7BA459BD2B7EB30
:10BE1000090664EB0C040138A04694E7651B29442D
:10BE20000238B1FBF7F5019505FB06F8DCE7204683
:10BE30007FE71F4666E70846F4E6A44402382FE78A
:10BE4000023D234415E70199A1E7491BB1FBF7F532
:10BE5000019505FB06F8C7E7704700BF024B014696
:10BE6000186801F091BD00BFA03100202DE9F04F0E
:10BE700001F10B02162A85B0804624D8102900F261
:10BE8000AB8000F0C9FA022518211022B74C2144DA
:10BE9000A1F108004E68864200F062817268F16884
:10BEA000B46822F003023244E1608C60516841F0D2
:10BEB00001014046516000F0B5FA06F10804204641
:10BEC00005B0BDE8F08F32F0070200F185809142A5
:10BED00000F28280019200F09FFA019AB2F5FC7F95
:10BEE000C0F0BA81570A7FD0042F00F272819709FF
:10BEF00007F139052BB207F1380CDB009B4C2344CA
:10BF0000A3F108065B689E4207D10DE00028DF68B8
:10BF100080F21381BE4207D03B46596821F00301ED
:10BF2000881A0F28F2DD6546236991498B4200F09B
:10BF3000F1805E6826F00306B11A0F2900F39181A3
:10BF40008B480029C4E9040080F27981B6F5007FAE
:10BF5000676880F01981F10801310FFA81FC7609D8
:10BF60000121B14054F83C0098600F4304EBCC0130
:10BF70000839D960676044F83C30C360AB100126D3
:10BF80009E40BE4236D83E4206D125F003057600DB
:10BF90003E4205F10405FAD004EBC50A04EBC507DF
:10BFA000A946F9680EE0486820F0030EAEEB020CDB
:10BFB000BCF10F0F0B46C96800F31881BCF1000FEC
:10BFC00080F22D818F42EED109F1010919F0030FA2
:10BFD00007F10807E5D17FE10C23C8F80030002401
:10BFE000204605B0BDE8F08F4FF4007340254FF0B8
:10BFF0003F0C83E7A768796821F0030393429A46D0
:10C0000003D3991A0F2900F387805A495A4E0968B9
:10C01000103111440820CDE9011201F0E1F9019934
:10C020004B1E03444542834630681D40B0F1FF3F3C
:10C0300018BF29464046019101F076F9411C05469A
:10C04000DDE9011200F02B8107EB0A0C844500F2B8
:10C0500024814A4B186800EB01090BF1FF3EC3F83D
:10C06000009000F08981306801301BBFA5EB0C0CFB
:10C0700009EB0C003560186015F00700814600F0F0
:10C080004881C0F108000544CDE901236B1803EA9B
:10C090000E015844401A00EA0E06314640469B46BF
:10C0A00001F042F9421CDDE9012300F09581401BBB
:10C0B000304440F001011868A56000EB0609A74272
:10C0C0006960C3F8009017D0BAF10F0F40F25E819B
:10C0D000AAF10C0121F0070C796801F0010141EA95
:10C0E0000C017960052607EB0C01BCF10F0FC1E9CB
:10C0F000016600F263816968214B1E684E4538BFB6
:10C10000C3F800901F4B1E684E4501D2C3F8009043
:10C110002F46C6E0676831E7BD1841F0010142F0E3
:10C1200001027A604046A560696000F07BF907F182
:10C130000804204605B0BDE8F08F9A6801931944C1
:10C14000D760BA604A6842F0010240464A6000F097
:10C1500069F9019B03F10804204605B0BDE8F08FA2
:10C16000CE68B1427FF49AAE0235DDE6F8280020B1
:10C1700000290020601203208C310020301203209F
:10C18000581203205C120320B6F5206F4FEA5620A8
:10C190007CD3142800F2D38000F15C0109B25B303B
:10C1A000C90004EB010C6158ACF1080C8C4503D1BB
:10C1B000A8E089688C4504D0486820F00300B042AC
:10C1C000F7D8D1F80CC0C3E9021CCCF80830CB601A
:10C1D000D4E6142F72D9542F00F2BA80170B07F14E
:10C1E0006F052BB207F16E0CDB0087E69D1842F05D
:10C1F00001025A609E68864AF1608E60C4E9045567
:10C20000C5E902224CF001026A60404643F80EC0C4
:10C21000019300F007F9019B03F10804E0E69E4456
:10C220001C46DEF8043043F00103CEF8043054F825
:10C23000083F4046D9608B6000F0F4F8D0E61E4419
:10C2400040467268019342F00102726000F0EAF821
:10C25000019B03F10804C3E6D508691C09B2C900B3
:10C2600014E69D1842F001025A60694A0193C4E93C
:10C270000455C5E9022241F001026A604046995125
:10C2800000F0D0F8019B03F10804A9E6B00900F121
:10C29000390109B23830C90083E7A74263D0A768E3
:10C2A000796821F003009042A0EB020102D30F292C
:10C2B0003FF732AF404600F0B5F890E607F15C0575
:10C2C0002BB207F15B0CDB0018E6514651F8083938
:10C2D0008B428A4640F09A8015F0030F05F1FF3536
:10C2E000F3D1636823EA0603636076009E423FF65B
:10C2F00081AE1EB97EE6760009F104091E42FAD02D
:10C300004D4649E68010012606FA00F007436760B3
:10C3100059E7CDE902236B1803EA0E01ABEB0106E6
:10C3200006EA0E0631464046019300F0FDFF431C2D
:10C33000019B04BF4E461846DDE90223B7E65428A8
:10C3400027D8300B00F16F0109B26E30C90028E721
:10C35000B7F5AA7F27D8D70B07F178052BB207F1DD
:10C36000770CDB00CAE52B4B186800EB01090BF1D9
:10C37000FF3EC3F8009076E615EA0E0F7FF473AE29
:10C38000A568514441F001016960B5E601236B6085
:10C3900090E7B0F5AA7F25D8F00B00F1780109B23B
:10C3A0007730C900FDE640F254539F4224D8930CE5
:10C3B00003F17D0503F17C0CEB009FE507F108011B
:10C3C0004046CDE9012301F0DFFAA568029B6968C8
:10C3D000D3F80090019A8FE6A9F108010BEB010058
:10C3E000002664E640F2545188420BD8B00C00F1AC
:10C3F0007D01C9007C30D4E64FF47E737F254FF079
:10C400007E0C7BE54FF47E717E20CAE663686CE7A4
:10C410000029002030120320014800F0DDBF00BFDA
:10C4200028120320014800F0D9BF00BF28120320C2
:10C43000002900F09F802DE9F04383B00C46009264
:10C440008046FFF7E9FF009901F10B03162B60D836
:10C450001023994260D854F804EC2EF003029A425B
:10C46000A4F1080565DAB348806805EB020C604565
:10C47000DCF8046000F0908026F001006044406821
:10C48000C0076CD426F00306901983424CDD1EF0E1
:10C49000010F0FD154F8080C281A0746406820F005
:10C4A000030006441644B34240F3EF801618B3422B
:10C4B00040F3C9804046CDE90023FFF7D7FCDDE912
:10C4C00000230646002800F0178154F8041C21F0D0
:10C4D00001012944A0F1080C614500F0AE80043A46
:10C4E000242A00F2CE80132A00F29C8003462246C2
:10C4F000116819605168596092689A6021464046F7
:10C5000001F042FA4046FFF78DFF304603B0BDE828
:10C51000F08333F007039CD50C23C8F800300026C5
:10C52000304603B0BDE8F0830246DCE90201C16099
:10C5300088606968D01A0F2801F0010105EB020636
:10C540001BD811436960736843F001037360404670
:10C55000FFF768FF2646304603B0BDE8F0831EF0C3
:10C56000010FA7D154F8080C281A0746406820F09C
:10C5700003009BE71146FFF779BC19436960E9188E
:10C5800040F001004860736843F0010308317360B4
:10C59000404601F0F9F9DAE726F00306B01803F196
:10C5A000100C604580F28B801EF0010F82D154F890
:10C5B000080C281A0746406820F003000644164479
:10C5C000B445B1463FF772AF3E46F96856F8080FDA
:10C5D000043A242AC160886000F2A580132A40F240
:10C5E000A0802168B9606168F9601B2A00F2A4800C
:10C5F000083407F110022168116061685160A16878
:10C600009160F918A9EB03024A4D42F00102A960BA
:10C610004A607A6802F00102134340467B60FFF7EC
:10C6200001FF98E723680360636843601B2A3BD8D7
:10C6300004F1080200F108035AE750F8041C21F045
:10C6400003010A4475E7043A3D46F96855F8080FB6
:10C65000242AC160886020D8132A1CD92168B960B7
:10C660006168F9601B2A3DD8083407F1100221687F
:10C67000116061685160A16891602C4632463D4668
:10C6800057E7214600F044FA38E7DCE90201043AB2
:10C69000C1608860D8E72A46E9E72146284600932A
:10C6A00000F036FA009BE8E7A3688360E368C360A4
:10C6B000242A25D004F1100200F1100318E71D4AC6
:10C6C0001D449560C21A42F001026A6054F8042CBD
:10C6D00002F001021343404644F8043CFFF7A2FE77
:10C6E000264638E7A1683961E1687961242A10D0CB
:10C6F000103407F11802BAE74046FFF793FE0EE741
:10C70000236903616169416104F1180200F11803B2
:10C71000EEE62269BA616269FA61183407F1200213
:10C72000A5E7324667E721463046009300F0F0F96E
:10C73000009B66E7F8280020A1683961E16879610B
:10C74000242A03D0103407F1180254E72269BA6191
:10C750006269FA61183407F120024CE713460A4671
:10C760000146022001F078B8024A0349034800F06C
:10C77000C9B800BF943100206DE50100002D0020F4
:10C780000C4B4168994210B5044601D003F06EFE8F
:10C79000A168094B994202D0204603F067FEE16888
:10C7A000064B994204D02046BDE8104003F05EBE1F
:10C7B00010BD00BF64120320CC12032034130320E9
:10C7C0002DE9F843314A324C3249DFF8DC90DFF88A
:10C7D000DC80314F1160002504232946082204F132
:10C7E0005C00C4E903352D4EA560C4E90055C4E9D9
:10C7F0000555656600F01EFA04F15800C4E90749C2
:10C80000C4E90987E66200F0E3FD2946244B63672B
:10C81000082204F1C400C4E91A55C4E91E5525676D
:10C82000C4F8CC50C4F8805000F004FA04F1680356
:10C8300004F1C000C4F88430C4E92298C4E9247625
:10C8400000F0C6FD174BC4F8DC30294604F596709D
:10C850000822C4E93455C4E93855C4F8D850C4F89E
:10C860003451C4F8E85000F0E5F904F1D003C4E90C
:10C870003D87C4F8F09004F59470C4F8FC60C4F8E7
:10C88000EC30BDE8F84300F0A3BD00BF9C130320CB
:10C890006412032069A801000DAB010031AB010057
:10C8A0000900010012000200A9AA0100CDAA01009E
:10C8B00010B504460A4800F08FFD636B23B9094B9D
:10C8C000094A1B68626323B1BDE81040044800F0C8
:10C8D00085BDFFF775FFBDE81040014800F07EBD43
:10C8E0002C1203209C13032081A80100014800F0B2
:10C8F00073BD00BF2C120320014800F06FBD00BFC4
:10C900002C1203202DE9F8430746884616464FF0BF
:10C9100000097568013D11D4B468A389012B08D9B9
:10C92000B4F90E3001332146384602D0C04749EAF7
:10C930000009013D6B1C04F16804EED13668002E3D
:10C94000E7D14846BDE8F8830CB430B5144B0D1E52
:10C950001C689DB01FDB14BF01220022AA1A114BD4
:10C960000593002121AB1B9102900690049207923F
:10C9700002A9209A0193204601F02AFD431CBCBF66
:10C980008B23236015B1029B00221A701DB0BDE8F5
:10C99000304002B070478B2323604FF0FF30F5E743
:10C9A000A03100200802FFFF10B50C46B1F90E10AF
:10C9B00000F0A4FC002803DB236D0344236510BDB5
:10C9C000A38923F48053A38110BD00BF2DE9F0415A
:10C9D0001F46B1F90C301646DA050C4605460BD455
:10C9E00023F48053A381B4F90E103B463246284607
:10C9F000BDE8F04100F0AABC0223B1F90E100022FC
:10CA000000F066FCB4F90C30EAE700BF10B50C4644
:10CA1000B1F90E1000F05CFCB4F90C30421C0EBFF2
:10CA200023F4805343F480532065A38110BD00BFDD
:10CA3000B1F90E1000F03ABC30B5124C0D1E24684E
:10CA40009BB019DB0090049014BF01200020281A2D
:10CA50000D490290059000200391199069462046E7
:10CA600001F0B6FC431CBCBF8B23236015B1009BB7
:10CA700000221A701BB030BD8B2323604FF0FF30B3
:10CA8000F8E700BFA03100200802FFFF032A11D8F9
:10CA9000002A3BD0013A431E0139024401E09A4288
:10CAA00034D013F8010F11F801CF6045F7D0A0EB97
:10CAB0000C00704710B541EA0004A40784460B46F9
:10CAC0000FD0013A431E0139024401E09A421BD0C3
:10CAD00013F8010F11F801CF6045F7D0A0EB0C005F
:10CAE00010BDDCF80040D3F800E0744519466046FC
:10CAF00003F104030CF1040CE3D1043A032AF0D847
:10CB000060461946002ADCD1002010BD0020704785
:10CB1000884270B531D98B1883422ED9032A00EB95
:10CB200002011DD941EA030C1CF0030F1D4618D168
:10CB30004FEA920C0CF1FF36A1EB8C048C4653F8B3
:10CB400004ED4CF804EDA445F9D1C6EB867301EB76
:10CB5000830105EB830CACF10403043902F00302FA
:10CB600052B102F1FF3C6FEA0C0C9C4413F8012D0A
:10CB700001F8012D6345F9D170BD032A50D941EA6E
:10CB800000039B074ED10F2A51D922F00F0301F168
:10CB9000100601F1100C103B203100F1100E194469
:10CBA0005CF8104C4EF8104C5CF80C4C4EF80C4CE9
:10CBB0005CF8084C4EF8084C5CF8044C4EF8044CF9
:10CBC0000CF1100C8C450EF1100EE9D1F11812F099
:10CBD0000C0F034402F00F0503F1100325D025F0DC
:10CBE000030CACF1040426461A1F1C198C465CF891
:10CBF00004EB42F804EFA242F9D10431043331448A
:10CC0000334405F00302002AB6D0013A0132013B59
:10CC10000A4411F801CB03F801CF9142F9D170BD5C
:10CC20000346F0E7013A0346F0E72A46EBE70346FE
:10CC30001546D4E730B584078646034606D0A2B32E
:10CC400003F8011B980702F1FF32F8D1032A26D915
:10CC50005FFA81FC0CEB0C2C0F2A0CEB0C402AD950
:10CC600022F00F0C9C44C3E90000C3E9020010331A
:10CC70006345F8D112F00C0F02F00F0417D04FEA01
:10CC8000940C0CF1FF351A4603EB8C0C42F8040BA4
:10CC90006245FBD1043304F0030203EB850322B1A8
:10CCA0001A4403F8011B9A42FBD1704630BD22465C
:10CCB000002AF5D1F9E71446E1E700BF11F0FF01C2
:10CCC000034600F003023AD092BB026801EB012355
:10CCD00003EB034383EA020C10B51C46A2F10133B7
:10CCE00023EA0203ACF1013222EA0C02134313F0EF
:10CCF000803F0FD150F804CF8CEA040EACF1013321
:10CD0000AEF1013223EA0C0322EA0E02134313F0C0
:10CD1000803FEFD0037823B936E010F8013F002BB5
:10CD200032D09942F9D110BD8A4228D09A0729D031
:10CD30001A7818460133002AF6D110467047CAB94E
:10CD40000268A2F1013323EA020313F0803F08D105
:10CD500050F8042FA2F1013323EA020313F0803FBD
:10CD6000F6D003785BB110F8013F002BFBD1704780
:10CD7000990705D01A7818460133002AF8D1704770
:10CD80001846DDE71846A0E7184610BD8AB340EA0A
:10CD900001039B0730B504468E4618D1032A07D8F5
:10CDA00015E0043A23D01CF0803F20D1032A26D975
:10CDB0002368DEF80050A3F10131AB4221EA030CF5
:10CDC0002046714604F104040EF1040EE9D0037804
:10CDD0000C78A3420FD1013A024406E06BB110F87F
:10CDE000013F11F8014FA34205D19042F6D1002036
:10CDF00030BD10467047181B30BD184630BD204668
:10CE00007146E4E710B504460843830701D1032ABD
:10CE100019D8A44601F1FF3E07E01EF8011F03F8F0
:10CE2000011B501E31B19C4602466346002AF4D1D4
:10CE3000204610BD94440028FAD003F8011B634536
:10CE4000FBD1204610BD0B46A44618681946A0F138
:10CE5000013323EA000313F0803F01F10403D9D129
:10CE6000043A032A4CF8040BEFD81946D2E700BF66
:10CE700001292DE9F04115465BD94FF00108C6465E
:10CE800000224FF0FF34434608E0A3EB04081A46A3
:10CE90004FF0010E02EB0E03994210D900EB040C87
:10CEA000C75C1CF80E60B742EFD332D04FF00108D8
:10CEB0001446C646424402EB0E039942EED80127BF
:10CEC000C5F80080BE4600224FF0FF363B4607E023
:10CED0009F1B1A464FF0010E02EB0E03994210D928
:10CEE00000EB060C10F803801CF80EC0E045EFD8EC
:10CEF00017D001271646BE463A4402EB0E0399426C
:10CF0000EED80136601C864201D32F603046BDE862
:10CF1000F081C6450ABF72440EF1010E4FF0010EBA
:10CF2000B8E7BE450ABF72440EF1010E4FF0010E84
:10CF3000D2E701270026E8E72DE9F04F9346ADF24E
:10CF40001C4D0746894605AA194658461C46FFF758
:10CF50008FFF05AB82460DF2144143F8044F8B421C
:10CF6000FBD16CB1601E58440BF1FF3212F8011F67
:10CF7000A31A013B06AE5B44824246F82130F5D14C
:10CF8000059B029352460BEB03015846FFF77EFDCB
:10CF9000002878D144F4006380460546A9EB0401DB
:10CFA0000393661EA94213D307EB050E06AA1EF8CB
:10CFB000063052F82330D3B1B8F1000F03D0029AF3
:10CFC0009A4288BFA31A1D44A9424FF00008EBD231
:10CFD000039907EB090003F07DFB8144A9EB0401F1
:10CFE000A942E1D200200DF21C4DBDE8F08FD045E2
:10CFF000434638BF5346B3421BD20BF1FF301844AF
:10D000000EEB0302019502E00133B34210D0157814
:10D0100010F801CFAC4502F10102F5D09E42019D0E
:10D0200007D9CAF101022A44D5184FF00008B9E720
:10D03000019DD04580F0888007EB0A022A440AF15E
:10D04000FF330BEB0A00019502E0984511D0013B3C
:10D0500010F801CD12F8015DAC45F6D0019D013309
:10D0600008F10108984509D8029B1D44A4EB030868
:10D0700098E708F101089845019DF5D970460DF231
:10D080001C4DBDE8F08FA4EB0A03534538BF53464F
:10D0900001330293661E44F400630025A9EB0401EA
:10D0A000019307EB0608A94208D318F8052006AB40
:10D0B00053F822309BB11D44A942F6D2019907EBE7
:10D0C000090003F007FB8144A9EB0401A94289D3BD
:10D0D00018F8052006AB53F82230002BEBD156454B
:10D0E00019D90BF1FF3007EB0A0350442B44524689
:10D0F00002E0013296420ED093F800C010F801EF22
:10D10000E64503F10103F4D0964204D9CAF10103C4
:10D110002B449D18C7E7BAF1000F10D007EB0A00A7
:10D1200028440BEB0A0201E05A4508D010F801CD63
:10D1300012F801EDE645F7D0029B1D44BCE77819D3
:10D140000DF21C4DBDE8F08F534689E72DE9F04103
:10D150000D7890B00446002D48D04A78002A68D057
:10D160008B78002B46D0C878002877D00B79002B1D
:10D1700065D008460E4600F003FB054640F40071FA
:10D18000204603F0A7FA854242D8FE2D7FD8401BE7
:10D1900027184022691C6846FFF74CFD5DB1721EDE
:10D1A000A81812F8013F03F03F036B44B11A294459
:10D1B00090421970F5D1013C635D03F03F036B446D
:10D1C0001B781C44A74203D227E04444A74224D33F
:10D1D00014F805C00CF03F0CEC442A4631462046BA
:10D1E0009CF80080FFF752FC0028EED1204610B0DA
:10D1F000BDE8F081007842EA054238B140EA0343D5
:10D200009A4214F8010FF8D1023CEFE79A42FBD0A2
:10D210000024204610B0BDE8F0817B5D7819002B1A
:10D22000F6D04FF4006103F055FA0744A742C2D28A
:10D23000EEE7294610B0BDE8F041FFF73FBD227888
:10D24000002AE5D0096809BA42EA0323204614F807
:10D25000012FB2B19942F7D1C41EC7E7120442EAC6
:10D260000562217842EA0323024641EA020059B1ED
:10D27000B3EB002F14F8011F4FEA0022F5D1033C55
:10D28000B4E79942C4D1E7E79342C1D1F7E7014639
:10D290002B463246204610B0BDE8F041FFF74CBEA9
:10D2A000014B93F810027047382F002038B5074C17
:10D2B0000023054608462360FCF72EFB431C00D0E4
:10D2C00038BD2368002BFBD02B6038BDB031032064
:10D2D00038B58C46084C114605461A466046002370
:10D2E0002360FCF725FB431C00D038BD2368002BCE
:10D2F000FBD02B6038BD00BFB031032038B58C4661
:10D30000084C114605461A46604600232360FCF788
:10D3100001FB431C00D038BD2368002BFBD02B60E1
:10D3200038BD00BFB031032038B5074C0023054697
:10D3300008462360FCF7D6FA431C00D038BD2368AA
:10D34000002BFBD02B6038BDB031032038B58C46A4
:10D35000084C114605461A46604600232360FBF739
:10D36000ABFE431C00D038BD2368002BFBD02B60E4
:10D3700038BD00BFB0310320014B1868704700BFB3
:10D38000A031002070B50E4E0E4DAE4208D0761B77
:10D39000B610002455F8043B01349847A642F9D84A
:10D3A000094E0A4D05F028FFAE4208D0761BB61094
:10D3B000002455F8043B01349847A642F9D870BDC3
:10D3C000F01D0060F01D0060F81D0060F01D0060A1
:10D3D000704700BF704700BF704700BF704700BF75
:10D3E000082802D14FF48050704708B5FFF7C4FFFA
:10D3F000162303604FF0FF3008BD00BF000000009F
:10D4000002780B78012A28BF9A4240F0D8806DE953
:10D41000044540EA0104CDE902676FF0000C4FEAD1
:10D4200044721AB380EA010414F0070F6BD100F0C4
:10D43000070420F0070004F0030521F007014FEA7C
:10D44000C505F0E8042314F0040FF1E804670CFAB2
:10D4500005F462EA040266EA04060BD063EA0403F8
:10D46000624667EA0407664604E000BFF0E804236A
:10D47000F1E8046782FA4CF582EA0604A4FA8CF417
:10D480006CBB83FA4CF583EA0705A5FA8CF595B9D0
:10D4900050E9022351E9026782FA4CF582EA060458
:10D4A000A4FA8CF483FA4CF583EA0705A5FA8CF507
:10D4B0002543DBD09CB92DBAB5FA85F424F00704D6
:10D4C00027FA04F1DDE9026723FA04F303F0FF0011
:10D4D00001F0FF01FDE80445A0EB0100704724BA0C
:10D4E000B4FA84F424F0070426FA04F1DDE90267B3
:10D4F00022FA04F202F0FF0001F0FF01FDE804450A
:10D50000A0EB0100704714F0030F3CD110F00304AE
:10D5100028D150F8082B51F8083B82FA4CF582EAE2
:10D520000305A5FA8CF55DB950F8042C51F8043CBC
:10D5300082FA4CF582EA0305A5FA8CF5002DE8D0B5
:10D540002DBAB5FA85F424F0070423FA04F122FA7F
:10D5500004F202F0FF0001F0FF01FDE80445A0EB3A
:10D56000010070474FEAC40420F0030050F8082B74
:10D5700021F0030151F8083B0CFA04F462EA0402BA
:10D5800063EA0403C9E710F003041DD0A1EB040112
:10D5900020F00300E40750F8042B06D012D28B7859
:10D5A0005FFAA2F4E41A06D12BB1CB785FFAB2F499
:10D5B000E41A00D133B920465DF8104B7047A2EB56
:10D5C0000300704701F1040150F8042BCC0721F04F
:10D5D000030151F8043B48D824D222F07F4482FA58
:10D5E0004CF594EA1325A5FA8CF50AD165B951F8E2
:10D5F000043B84EA0204B4EB036F0ED150F8042B11
:10D60000EBE74FEA132355E035F07F454DD108781D
:10D61000FDE80445C0F1000070474FEA126203F0D4
:10D62000FF0347E002EA1C4482FA4CF594EA1345F2
:10D63000A5FA8CF50AD165B951F8043B84EA0204D5
:10D64000B4EB034F0CD150F8042BEBE74FEA134334
:10D6500030E015EA1C4528D10B884FEA124229E038
:10D660004FEA124203EA1C4324E002F0FF0482FA6C
:10D670004CF594EA1365A5FA8CF50AD165B951F811
:10D68000043B84EA0204B4EB032F09D150F8042BC5
:10D69000EBE74FEA13630DE015F0FF0F05D10B68C0
:10D6A0004FEA122223F07F4304E04FF00000FDE830
:10D6B0000445704712BA1BBA82FA4CF482EA03049A
:10D6C000A4FA8CF5B5FA85F402FA04F203FA04F32D
:10D6D0004FEA1260FDE80445A0EB1360704700BFFD
:10D6E00001F0FF01102A2BDB10F0070F08D010F813
:10D6F000013B013A8B422DD010F0070F42B3F6D117
:10D70000F0B441EA012141EA014122F007047FF02F
:10D7100000070023F0E80256083C85EA010586EA86
:10D72000010685FA47F5A3FA87F586FA47F6A5FAC2
:10D7300087F68EB9EED1F0BC01F0FF0102F00702CE
:10D7400032B110F8013B013A83EA010313B1F8D179
:10D750000020704701387047002D06BF354603385A
:10D76000073815F0010F07D1013015F4807F02BF93
:10D77000013015F4C03F0130F0BC0138704700BFE4
:10D7800030B490F800F020F007016FF0000C10F0BA
:10D79000070491F820F040F048804FF000046FF04B
:10D7A0000700D1E9002391F840F000F1080082FA67
:10D7B0004CF2A4FA8CF283FA4CF3A2FA8CF34BBB32
:10D7C000D1E9022382FA4CF200F10800A4FA8CF2AB
:10D7D00083FA4CF3A2FA8CF3E3B9D1E9042382FA79
:10D7E0004CF200F10800A4FA8CF283FA4CF3A2FA8E
:10D7F0008CF37BB9D1E9062301F1200182FA4CF2C6
:10D8000000F10800A4FA8CF283FA4CF3A2FA8CF32C
:10D81000002BC6D0002A04BF04301A4612BAB2FA4E
:10D8200082F200EBD20030BC7047D1E9002304F053
:10D830000305C4F100004FEAC50514F0040F91F888
:10D8400040F00CFA05F562EA05021CBF63EA050325
:10D8500062464FF00004AAE7F0B51D4C83B00546C0
:10D860002068019116461F46FFF7B6FD194A019937
:10D87000136823B35A6820681F2A23DC4DB9541C4F
:10D8800002325C6043F82210FFF7A8FD002003B0CD
:10D89000F0BD03EB820E0124CEF88860D3F88861D6
:10D8A000944046EA040C022DC3F888C1CEF80871F2
:10D8B000E5D1D3F88C512543C3F88C51DFE7064BF3
:10D8C0001360D7E7FFF78AFD4FF0FF30DFE700BFB7
:10D8D0002C2F00209010032094100320F8B506464A
:10D8E00008200C46FFF77CFD07463046FEF794FD06
:10D8F000224A93685D6825F00305A5F111031C1BFE
:10D900003C44B4FBF7F4013C07FB04F4A74208DCF9
:10D9100000213046FFF708FD184A93682B449842CF
:10D9200004D03046FEF77EFD0020F8BD614230464F
:10D93000FFF7FAFC0130114A0DD0114993682D1BF5
:10D9400045F001055D600B6830461B1B0B60FEF760
:10D9500069FD0120F8BD00213046FFF7E5FC074ACC
:10D960009268831A0F2BDCDD43F001035360054BF3
:10D9700003491B68C01A0860D3E700BFF8280020DD
:10D98000301203208C310020002965D02DE9F041B0
:10D990000C460746FEF740FD54F804EC7D49A4F11F
:10D9A000080C2EF001030CEB03028D6850689542C1
:10D9B00020F003000EF0010600F08B801518506077
:10D9C0006D6805F00105A846AEBB54F8084CACEBF9
:10D9D000040C2344DCF8084001F1080E74456BD0B8
:10D9E000DCF80C50E560AC60B8F1000F00F08C8002
:10D9F00043F00100CCF804001360B3F5007F35D28A
:10DA0000DA0848685C090132012312B2A3400343DB
:10DA10004B6051F83200CCF8080001EBC203083B20
:10DA2000CCF80C3041F832C0C0F80CC03846BDE824
:10DA3000F041FEF7F7BC85B9034401F1080E906888
:10DA4000704543F001047AD0D268C2609060CCF88F
:10DA500004404CF80330D0E770474EF00102B3F5B4
:10DA6000007F44F8042C4CF80330C9D3B3F5206F81
:10DA70004FEA53204AD2980900F1390212B200F15C
:10DA80003804D20088188A580838904203D15FE0E1
:10DA90009268904204D0516821F003019942F7D86E
:10DAA000D068CCE90220C0F808C03846C2F80CC0E3
:10DAB000BDE8F041FEF7B6BCA5BB1844D2E902238D
:10DAC000D3609A6040F00103CCF804304CF80000B9
:10DAD000ACE7184446B954F8083CACEB030C1844C6
:10DAE000DCE90223D3609A6040F00103CCF80430F3
:10DAF000294BC1F808C01B68834297D8274B38468A
:10DB00001968FFF7EBFE91E7034498E714280FD953
:10DB1000542824D8180B00F16F0212B200F16E04E1
:10DB2000D200AFE743F00101CCF8041013607DE7A9
:10DB300000F15C0212B200F15B04D200A2E7C1E97D
:10DB400004CCCCE902EECCF804404CF803306DE78D
:10DB5000A4100123A3404C6823434B60A1E7B0F518
:10DB6000AA7F07D8D80B00F1780212B200F177042F
:10DB7000D20087E740F25452904206D8980C00F148
:10DB80007D0200F17C04D2007CE74FF47E727E249B
:10DB900078E700BFF82800209031002060120320B1
:10DBA00082B049B15AB16BB113780B601278101E74
:10DBB00018BF012002B0704701A9002AF3D1104616
:10DBC00002B070476FF00100F4E700BF30B5436C5E
:10DBD00083B005460C4653B153F8240088B102685F
:10DBE00043F824200023C0E9033303B030BD2122D1
:10DBF000042102F0E9FD034668640028ECD100200E
:10DC0000F3E7012101FA04F35A1D9200284601931B
:10DC100002F0DAFD0028F2D0019B44608360E1E766
:10DC200031B1436C4A6853F82200086043F822106F
:10DC3000704700BF2DE9F0410E6917460D461C469E
:10DC400001F114024FF0000E11688BB207FB034381
:10DC50004FEA134C090C07FB01CC0EF1010E9BB2ED
:10DC600003EB0C43764542F8043B4FEA1C44EBDCE3
:10DC70003CB1AB68B34207DD05EB860301365C615E
:10DC80002E612846BDE8F081696801318046FFF7C2
:10DC90009DFF0746B0B12A69023205F10C019200DE
:10DCA0000C30FBF78BFCD8F844306A6853F822102C
:10DCB000296043F822503D4605EB860301365C613E
:10DCC0002E61DEE7024B03483A46BA2102F05CFDC2
:10DCD0004C1C0020601C0020B0F5803F034636BF7E
:10DCE000030400201020B3F1807F3CBF1B020830EA
:10DCF000B3F1805F06D3B3F1804F0FD29A0012D4F4
:10DD0000033070471A01B2F1804F00F1040006D2CF
:10DD10009B0108D45B00F3D4202070471A46002AE8
:10DD2000FBDB013070470230704700BF03685907C2
:10DD300008D0DA071FD499072AD55B0803600122AF
:10DD4000104670479AB282B91B0CDAB2B2B11022F7
:10DD5000190701D104321B09990714D0D90701D43E
:10DD600001325B08036010467047DAB24AB11A0705
:10DD700017D10422EFE700221046704718221B0A31
:10DD8000E6E70822FBE7590707D502329B08E9E7D7
:10DD90009B080222036010467047DB0804D1202252
:10DDA000CEE7DB080322DDE70332DBE738B5436C5F
:10DDB00004460D464BB15868B0B102685A60002263
:10DDC0000123C0E90323456138BD2122042102F06B
:10DDD000FBFC034660640028EDD1094B0948002292
:10DDE00040F2451102F0D0FC1C220121204602F035
:10DDF000EBFC0028F1D001220223C0E90123DEE779
:10DE00004C1C0020601C00202DE9F04F0F691569A3
:10DE1000AF4285B00E46904605DB2A4643463D4656
:10DE2000884617461E46D8F80830D8F80410EC1972
:10DE3000A342B8BF0131FFF7C9FE8446002800F0B5
:10DE40009C80143000EB840E704505D203460021FF
:10DE500043F8041B9E45FBD8143606EB8702964216
:10DE60007CD208F1140707EB8505A5EB080308F140
:10DE70001508A845A3F11503CDE902E44FEA930A7A
:10DE80008CBF002401249146E34605E0090C34D1FF
:10DE9000B14500F104005ED956F8041B8AB2002A8D
:10DEA000F4D0CDE90090B8468646002358F8041B0C
:10DEB000DEF800001FFA81F94FEA114C81B202FB33
:10DEC0000911000C194402FB0C0000EB114089B24F
:10DED00041EA004145454EF8041B4FEA1043E5D89E
:10DEE000DDE90090002C4FEA8A0208BF00220244BC
:10DEF000536056F8041C090CCAD00368CDF8009092
:10DF00008846BC46864600221946BCF8009008FBAD
:10DF1000092909EB11499BB243EA09434EF8043B36
:10DF20005CF8043BDEF800101B0C8AB208FB0323EC
:10DF300003EB194365454FEA1342E6D8002C4FEA3C
:10DF40008A02DDF8009008BF00220244B145536008
:10DF500000F10400A0D8DDE902E4DC46002C02DC7C
:10DF600005E0013C03D05EF8043D002BF9D060468B
:10DF7000CCF8104005B0BDE8F08F034B0348624673
:10DF80004FF4B17102F000FC4C1C0020601C00201A
:10DF9000F8B512F00303144607462FD10E46A4101D
:10DFA0002AD03D6C002D32D004F0010364103BB93F
:10DFB0002868B8B1054604F001036410002BF7D0BF
:10DFC0002A4631463846FFF71FFF36B17B6C716831
:10DFD00053F82120326043F8216074B10646286866
:10DFE0000028E7D12A4629463846FFF70DFF0023CF
:10DFF000286003600546DEE73046F8BD013B0F4A66
:10E0000052F823200023FFF715FE0646C7E701213B
:10E010003846FFF7DBFD054640B1012340F271228F
:10E02000C0E90432002338640360BDE7044B0548AF
:10E030002A4640F2451102F0A7FB00BF4428002009
:10E040004C1C0020601C00202DE9F0470D46914635
:10E050002E69AB68496806EB6216741C9C42074641
:10E060004FEA621804DD5B009C4201F10101FADC19
:10E070003846FFF7ABFD844600284FD0B8F1000FBB
:10E0800000F114000BDD08F105010CEB81010346E2
:10E09000002243F8042B8B42FBD100EB8800296956
:10E0A00005F1140319F01F0803EB810E2ED0C8F1FF
:10E0B000200902464FF0000A196801FA08F141EA06
:10E0C0000A0142F8041B53F8041B9E4521FA09FA81
:10E0D000F2D8AEEB0503153B23F0030305F115025F
:10E0E000964538BF0023043340F803A0BAF1000F6F
:10E0F00000D134467B6C6A68CCF8104053F822108B
:10E100002960604643F82250BDE8F087043853F890
:10E11000042B40F8042F9E45F9D8EAE7034B044846
:10E1200062464FF4EF7102F02FFB00BF4C1C002041
:10E13000601C002003690A6900B5B3EB020E12D11E
:10E1400000F1140C14310CEB820301EB820101E0AD
:10E150009C4508D253F8040D51F8042D9042F7D095
:10E1600003D24FF0FF3E704600BD4FF0010E7046E7
:10E1700000BD00BF2DE9F04F17460A693B69A2EBCD
:10E180000308B8F1000F83B00C4615D1143107F124
:10E19000140505EB830501EB830302E0994280F04F
:10E1A000858053F8046D55F8042D9642F6D080F022
:10E1B0008A804FF0010805E0FBDB3B464FF000088A
:10E1C0000F461C467968FFF701FD002800F08680A5
:10E1D0003A692669C0F80C8007F1100107F11408AC
:10E1E000834600F1140704F1140008EB820E9446F4
:10E1F00000EB86060023B946C2460A46019450F851
:10E20000041B52F8045F8CB21FFA85F8A8EB0408CF
:10E21000090C9844C1EB154101EB28411FFA88F81D
:10E2200048EA0144864249F8044B4FEA2143E6D8C4
:10E23000A146019C301B1538153420F00300A6427E
:10E2400038BF00200AEB00010431C4198E45624634
:10E250000846DC4698BF23461AD9A7EB0A070434C0
:10E26000C61950F8045B13FA85F82B442D0C05EB06
:10E2700028459BB243EA05498645C6F800904FEA17
:10E280002543EDD80EF1FF335B1A23F0030323443B
:10E29000B9F1000F04D153F8041D013A0029FAD056
:10E2A0006046CCF8102003B0BDE8F08F0021FFF7E6
:10E2B0008DFC844658B101220023C0E90423604646
:10E2C00003B0BDE8F08F3B4627461C467AE7074B74
:10E2D0000748624640F2372102F056FA0246034BE5
:10E2E000034840F2452102F04FFA00BF4C1C0020C9
:10E2F000601C00202DE9F043894683B0012157ECD2
:10E30000106B9046FFF762FC0446002846D0C7F326
:10E310000A55C7F313030DB143F480130193331E61
:10E3200015D101A8FFF702FD019B63610121203097
:10E33000216115B3A5F233450544C0F13500C9F894
:10E340000050C8F80000204603B0BDE8F0836846DE
:10E350000093FFF7EBFCDDE9002328B1C0F12001B9
:10E3600003FA01F10A43C340002B0CBF0121022133
:10E370006261A3612161002DDCD104EB8103A0F275
:10E380003240C9F800001869FFF7A6FCC0EB411045
:10E39000C8F80000204603B0BDE8F083034B0448F2
:10E3A000224640F20F3102F0EFF900BF4C1C002072
:10E3B000601C002049B1FF2A02D80A700120704772
:10E3C0008A2303604FF0FF3070470846704700BF54
:10E3D0002DE9F04F2DED028BD1B00C460791904600
:10E3E0000993824602F086F9036811931846FFF7F5
:10E3F000C7F908221090002120A8FEF71BFCA38972
:10E40000180603D52369002B01F06E8000239FEDD1
:10E41000728BCDE92533CDE9143327AA0D932492CD
:10E42000174612931393059345462C466C4BD3F82D
:10E43000CC61FEF735FF20AA034600921AA92246B6
:10E440005046B047002800F09880C0F28E801A9A9B
:10E45000252A034601D01C44E8E7B4EB050806462C
:10E4600040F08F8000234FF0FF328DF85F309B46E5
:10E47000069301342378049201349946A9F12003CC
:10E480005A2B00F2AF80DFE813F0FE02AD00AD00C2
:10E49000FA02AD00AD00AD00DD02AD00AD00A80296
:10E4A000B702AD00B302C002AD00BC025B005B006E
:10E4B0005B005B005B005B005B005B005B00AD0032
:10E4C000AD00AD00AD00AD00AD00AD002101AD006F
:10E4D0009C01AC03210121012101AD00AD00AD0083
:10E4E000AD00A803AD00AD000803AD00AD00AD0068
:10E4F0007302AD006103AD00AD009807AD00AD0043
:10E50000AD00AD00AD00AD00AD00AD002101AD002E
:10E510009C018701210121012101ED0387016C008C
:10E52000AD000804AD00F8033D0413046C00AD0019
:10E5300073026A008303AD00AD00FB07AD006A0003
:10E54000A9F13003002214F8019B02EB820203EBD5
:10E550004202A9F13003092BF5D906928EE7237800
:10E560008AE723784BF0200B86E70822002120A8B9
:10E57000FEF760FB01231C4458E7B4EB0508064690
:10E5800010D02599269B013143440729C7E900583B
:10E590002693259117DC0837059B43440593002EED
:10E5A0007FF460AF269B002B41F00383079B9B8980
:10E5B00003F04003002B41F0CF86059851B0BDEC2D
:10E5C000028BBDE8F08F079924AA504601F022FF84
:10E5D0000028EBD127AFDFE70000000000000000BB
:10E5E000382F0020B9F1000FDCD00023CDE90B3328
:10E5F00001228DF8DC908DF85F3008930A92049325
:10E600000E9337AD0292269A1BF08403904600F0D9
:10E6100005819DF85F1009B3DDF894C000260CF168
:10E62000010101200132786007290DF15F00CDE979
:10E630002512386000F33E8408377EB1DDF894C0BF
:10E640000CF1010118A80232386007294FF00200CE
:10E65000CDE92512786000F320840837802B00F084
:10E660006583049B0A995E1A002E00F3E8801BF470
:10E67000807F40F021810A9B7B601A44259B3D608E
:10E680000133072B2692259300F3BC8308371BF038
:10E69000040F05D0069B02995D1A002D00F3188423
:10E6A000DDE9053102988142ACBF5B181B18059368
:10E6B000002A40F0778300232593089B1BB108991B
:10E6C0005046FFF761F927AF2546AEE6099B0733B1
:10E6D00023F00703B3EC028B9FEDA17BB0EEC86B78
:10E6E000B4EE476BF1EE10FA099300F33986B4EEFD
:10E6F000488BF1EE10FA81F14685B9F1610F01F016
:10E700007A83B9F1410F01F07084049B013301F069
:10E710007F82B9F1670F18EE903A4BF4807801F0E0
:10E72000F584B9F1470F01F0F1840023089318EE46
:10E73000903A002BC1F20885B0EE487B0026A9F183
:10E740004103252B01F2DD81DFE813F0A50CDB0985
:10E75000DB09DB09700ADD0ADB09DB09DB09DB0900
:10E76000DB09DB09DB09DB09DB09DB09DB09DB0989
:10E77000DB09DB09DB09DB09DB09DB09DB09DB0979
:10E78000DB09DB09DB09DB09DB09DB09A50CDB099C
:10E79000DB09DB09700ADD0A1BF0200F40F0DE8583
:10E7A000099A1BF0100F52F8046B41F01C861BF005
:10E7B000400F099201F08E8046F3C038434636B2CE
:10E7C0001FE2B9F1430F03D01BF0100F00F0658674
:10E7D0000822002122A8FEF72DFA099A37AD126807
:10E7E00022AB2946504602F0D5FF0A90013001F0D5
:10E7F000AE850A9B23EAE3730293099B269A0433AE
:10E8000009930023CDE90B338DF85F30089304930F
:10E810000E931BF0840390467FF4FBAE0699029E94
:10E820008E1B002E00F321849DF85F1000297FF4D9
:10E83000F3AE049B0A995E1A002E7FF718AF4A497F
:10E84000259B0F91102E27DD39464FF010083746D3
:10E850002E462546079C04E0103F102F01F10801C9
:10E8600016DD013340481032072BC1E90008CDE91D
:10E870002532F1DD24AA2146504601F0CBFD0028C7
:10E8800040F09882103F102FDDE9253227A9E8DCFF
:10E890002C4635463E460F4601330F9939603244C7
:10E8A000072BCDE925327E6000F364841BF4807F62
:10E8B00007F108073FF4DFAEB9F1650F40F3AC8212
:10E8C000B5EE408BF1EE10FA40F05283259B2749BC
:10E8D0003960013301320121072B2692259379609B
:10E8E00000F37F870837199B0D998B4280F2EB84E8
:10E8F000109B11991A44C7E90013259B26920133F6
:10E90000072B259300F3D38508370D9B5D1E002D43
:10E910007FF7BDAE1449259B0F91102D40F39787CB
:10E92000A146DDF81C8010260C4604E00837103D97
:10E93000102D40F38B8701331032072BC7E90046B7
:10E94000CDE92532F2DD24AA4146504601F062FDB0
:10E95000002840F02F82DDE9253227AFE7E700BF2E
:10E96000FFFFFFFFFFFFEF7FD4280020FC1C0020EB
:10E97000DDF8248058F8045B00238DF85F30002D0B
:10E9800000F0A185B9F1530F00F037871BF0100399
:10E990000B9340F03287049B002BC1F2FC801A4697
:10E9A0000B992846FEF79CFE9DF85F3008900028E2
:10E9B00001F04884089A521B0A9222EAE2720292FB
:10E9C0000BB1013202920B9BCDF8248004930E937D
:10E9D0000C9308934FF0730915E6099B53F8042B29
:10E9E0000692002A80F27584069A09935242069292
:10E9F00023784BF0040B3FE52B238DF85F30237811
:10EA00003AE523784BF0800B36E5214611F8019B5F
:10EA1000B9F12A0F01F09084A9F13003092B98BFB6
:10EA2000002201F2DD8211F8019B02EB820203EB6E
:10EA30004202A9F13003092BF5D942EAE2730493AB
:10EA40000C461BE5504601F055FE436813931846EB
:10EA5000FEF796FE15900646504601F04BFE826882
:10EA600023781492002E3FF407AD002A3FF404AD42
:10EA70001278002A3FF400AD4BF4806BFCE423785D
:10EA80004BF0010BF8E49DF85F202378002A7FF417
:10EA9000F3AC20228DF85F20EEE41BF0200F4BF04A
:10EAA000100000F02884099B073323F007031A465F
:10EAB000596852F8083B099200228DF85F20049AA9
:10EAC000002A18DB53EA010220F4906B15D1049A56
:10EAD0009AB910F001031A46029300F073863023AE
:10EAE0008DF83F31049B0A92CDE90B330E930893C6
:10EAF0000DF23F1587E520F4806B50AD03F007025F
:10EB0000DB0843EA4173C908303253EA010628465C
:10EB100005F8012DF2D11BF0010F00F01582302A0B
:10EB200000F012823023049905F8013C023850AB02
:10EB30001B1A99424FF00002B8BF1946CDE90B22CB
:10EB400008920A93054602910E925CE51BF0200F95
:10EB50004BF0100121D1099B1A1D099B04981B68D9
:10EB60004FF0000840458DF85F801E4659DB21F0CC
:10EB7000800B002B40F08C850992002840F0E9833F
:10EB8000CDE90B000A900E900290089050AD3AE546
:10EB90001BF0200F00F0BE835946099B073323F07A
:10EBA000070200238DF85F30049BD2F8048052F8EE
:10EBB000086B0992002B35DB56EA080321F0800B25
:10EBC00031D1049B002B40F0C483CDE90B330A9371
:10EBD0000E930293089350AD15E523784BF0080B84
:10EBE0004AE41BF0200F4BF0100300F07A83099ADF
:10EBF000073222F007029B46536852F8086B0992CD
:10EC00009846002BC0F2C282049A002A0BDB56EA17
:10EC100008032BF0800B06D1002A00F04187302634
:10EC200007E009928B460A2E78F1000380F0BF823C
:10EC30003036049A9DF85F308DF83F61012AB8BFE5
:10EC40000122029201220A920DF23F15002B01F0DF
:10EC50006D83029B013302930023CDE90B330893AC
:10EC60000E93D0E42378682B03BF63784BF4007BCA
:10EC700001344BF0400BFFF7FFBB099A1BF0200F4C
:10EC800002F1040300F08883126805991160C91726
:10EC9000516009932546FFF7C8BB23786C2B03BF4F
:10ECA00063784BF0200B01344BF0100BFFF7E4BB03
:10ECB000099A049E52F8041B002047F6300386424E
:10ECC000ADF860308DF85F000B46C0F2DB832BF0AF
:10ECD000800545F0020B002940F0D683002E00F09D
:10ECE000E686099230230122CDE90A210E918DF8A2
:10ECF0003F3102960DF23F154FF078098E4608918C
:10ED00000C91A5E31BF0200F40F02583099A1BF01E
:10ED1000100F52F8043B41F05E831BF0400F00F0EF
:10ED2000E9859BB2099258460021C5E6069B0299E7
:10ED30005E1A002E7FF795AC8B49259B0F91102E04
:10ED400024DD38464FF010082F4619462546864CDC
:10ED500004E0103E102E00F1080013DD01311032E6
:10ED60000729C0E90048CDE92512F2DD079924AA58
:10ED7000504601F04FFBE8B9103E102EDDE9251298
:10ED800027A8EBDC2C460B463D46074601330F997E
:10ED900039603244072BCDE925327E6000F363856C
:10EDA00008375EE4079924AA504601F033FB002897
:10EDB0003FF481AC089B002B3FF4F8AB0899504618
:10EDC000FEF7E2FD079B9B8903F04003FFF7F2BBD0
:10EDD000109B11991A44C7E90013259B2692013311
:10EDE000072B259300F3068707F108010028C1F2DD
:10EDF0001E810D980D6001330244072BCDE92532A9
:10EE0000486046DD079924AA504601F003FB00281C
:10EE1000D0D1269A27AF3AE40D98259B012802F11C
:10EE2000010203F1010307F1080140F364810120AD
:10EE3000072BCDE925323D60786000F32C821098D5
:10EE4000119E01330244072BC1E90060CDE9253250
:10EE500000F32D8208310D98B5EE408BF1EE10FADB
:10EE600000F1FF3600F05F81013301353244072B9A
:10EE7000CDE925320D604E6000F3498108311298CA
:10EE8000486001330244072B1CA8CDE925320860F5
:10EE9000B8DC01F10807FFF7FABB07990F9324AA22
:10EEA000504601F0B7FA002884D1269A0F9B27AF6D
:10EEB000FFF7D4BB07990F9324AA504601F0AAFA92
:10EEC00000287FF477AF269A0F9B27AFFFF7B5BBDB
:10EED000102D259B41F3D580A046DDF81C90234CD6
:10EEE000102604E0103D102D07F1080715DD013351
:10EEF0001032072BC7E90046CDE92532F2DD24AAFE
:10EF00004946504601F086FA00287FF453AF103D81
:10EF1000102DDDE9253227AFE9DC2146444688463D
:10EF200001332A44072BC7E90085CDE925327FF755
:10EF3000B7AB079924AA504601F06CFA00287FF479
:10EF400039AF269AFFF7ACBB049950AA521B9142E5
:10EF50004FF00003B8BF1146CDE90B3308930A9276
:10EF600002910E93FFF74FBBD42800209824002075
:10EF70001998002840F300840B9B0D998B42A8BF81
:10EF80000B46002B98460ADD1A44C7E90053259B1F
:10EF900026920133072B259300F3B48708370B9E85
:10EFA000B8F1000FA8BFA6EB0806002E00F3AB8255
:10EFB0000B9B1BF4806F03EB050940F0CA82199B81
:10EFC0000D998B4203DB1BF0010F00F07D8510993A
:10EFD00011980A44C7E900012599269201310729B1
:10EFE000259100F39B8708370D996E18A6EB09064B
:10EFF000CD1AAE42A8BF2E46002E0BDD259BC7F8CA
:10F00000009001333244072B7E602692259300F353
:10F01000D3870837002EA8BFAD1B002D7FF737AB75
:10F02000B949259B0F91102D40F31184A146DDF8BD
:10F030001C8010260C4604E00837103D102D40F3CC
:10F04000058401331032072BC7E90046CDE925328C
:10F05000F2DD24AA4146504601F0DCF900287FF495
:10F06000A9AEDDE9253227AFE7E72599102E404606
:10F0700040F361870F943A46A846079CA34D1F466C
:10F0800004E0103E102E02F1080216DD01311030AE
:10F0900010230729CDE9251015605360F1DD24AA5E
:10F0A0002146504601F0B6F900287FF483AE103EA9
:10F0B000102EDDE9251027AAE8DC3B460F9C1746F9
:10F0C0002A464546904601F1010C3218BCF1070F63
:10F0D000CDE925C2C7F800807E6000F336839DF835
:10F0E0005F100837002940F0F880002B3FF4B9AAE0
:10F0F0000B46FFF7A5BA1BF0010F7FF498AE012075
:10F10000072BCDE925323D6078607FF7B8AE0799CF
:10F1100024AA504601F07EF900287FF44BAEDDE9C9
:10F12000253227A9ABE60D9801287FF7A8AE112854
:10F1300075480F9040F3B783A046079F10250446FB
:10F1400004E00831103E102E40F3AC83013310323E
:10F15000072BC1E90045CDE92532F2DD24AA394665
:10F16000504601F057F900287FF424AEDDE925323E
:10F1700027A9E7E7079924AA504601F04BF9002890
:10F180007FF418AE269A27AFFFF771BA2D238DF8BA
:10F190005F30049B764268EB4808002BFFF643ADD6
:10F1A0000A2E78F100032BF0800BFFF441AD02949E
:10F1B000CDF8289050A9DDF8509008974FF0000C3A
:10F1C0000BF4806426E016EB0803514843F100037A
:10F1D000A0FB032020F0030202EB90029B1AF31A1B
:10F1E0004B484FF0CC32B646474602FB03F268F17B
:10F1F000000800FB0822A3FB0063BEF10A0F1344C2
:10F200004FEA560677F10007294646EAC3764FEAE9
:10F2100053082DD33E4D16EB080343F10003A5FB25
:10F22000032020F0030202EB90029B1AF31AA3FBC7
:10F23000053268F1000005FB00225B0843EAC27357
:10F2400003EB8303A6EB430330330CF1010C01F80D
:10F25000013C4D1E002CB6D099F800306345B2D168
:10F26000BCF1FF0FAFD00A2E78F1000380F0B3831A
:10F270000499029CCDF8509050AB5A1B9142B8BFF4
:10F280001146DDF82890089F9DF85F30CDF834C016
:10F290000A920291DAE4079924AA504601F0BAF8DA
:10F2A00000287FF487ADDDE9253227A9C7E5079956
:10F2B00024AA504601F0AEF800287FF47BADDDE9CA
:10F2C000253227A9C7E51BF0010F3FF4E0A9FFF79E
:10F2D0000FBB09932378FFF7CFB81E460023FFF733
:10F2E0009EB9099A0432099909920E684FEAE678A4
:10F2F0009B46434685E4099B1A1D099B09921B689E
:10F300000021FFF7D9BB00BFD4280020982400209B
:10F31000CDCCCCCC099A1BF0100052F8043B41F044
:10F3200057801BF0400100F0A8818DF85F009BB270
:10F3300004994FF0000841451E46C0F2A9812BF008
:10F34000800B002B40F0A481049B0992002B3FF41A
:10F350003CAC00266CE45846FFF7A5BB5B4646E490
:10F36000B5EEC08BF1EE10FA2BF0800B00F11E838E
:10F370009DF85F30B9F1470FCCBFA44DA44D002BD1
:10F3800040F052870322CDE90B3308930A9204938D
:10F390000E930292FFF737B91BF0100F40F07C82FA
:10F3A0001BF0400F40F0A7831BF4007F00F0748235
:10F3B000099A0599126811706BE4964E1BF0200FA4
:10F3C00000F07D81099B073323F007031A46586834
:10F3D00052F8083B09921BF0010140F05C81049A4D
:10F3E0008DF85F10002AC0F28B8153EA00022BF4E3
:10F3F000906B00F0948103F00F02B25C8DF83F2116
:10F400001B0943EA0073020953EA10100DF23F157D
:10F410000BD003F00F001B09305C05F8010D43EA27
:10F420000273120953EA0200F3D1049A50AB4FF071
:10F43000000E5B1B9A42CDE90BEEB8BF1A460A9349
:10F440000292CDF820E0CDF838E000293FF4DBA8A7
:10F45000029BDDE925C2023302931BF08403904630
:10F46000614604D1069E0298361A002E06DCBEF1D3
:10F47000000F3FF4E5A80226FFF7D1B80223F5E517
:10F48000654E9BE74BF0020B0992634E03F00F02AF
:10F490000221B25C4FF07809B0E7099B1B688DF838
:10F4A000DC30012302930A9337ADFFF7A6B9079921
:10F4B00024AA504600F0AEFF00287FF47BAC269AC9
:10F4C00027AFFFF722BA049B0895062B28BF062317
:10F4D00002930A932B460495CDE90B334F4DCDF89B
:10F4E00024800E93FFF78FB840215046FCF7BEFCF6
:10F4F000079B18601861002800F06087079A402376
:10F500005361FEF783BF102E259B40F32E8744489E
:10F51000DDF81C800F9039464FF01009074604E0D3
:10F520000831103E102E40F32B8201331032072B8E
:10F53000C1E90079CDE92532F2DD24AA41465046E1
:10F5400000F068FF00287FF435ACDDE9253227A9FB
:10F55000E7E70D9BDDF83880CDF83CB0EB1804935D
:10F560000C9BDDF81CB00B94002B4E463946DDF8A1
:10F570005090159F0E9531DDB8F1000F40F32B81AF
:10F5800008F1FF382598139B01303A440728C1E958
:10F5900000372692259000F39F800831049B99F84C
:10F5A00000009D1B8542A8BF0546002D0CDD259857
:10F5B00001302A440728C1E900652692259000F30E
:10F5C0005E8199F800000831002DACBF441B044651
:10F5D000002C14DC06440C9B002BCDDCB8F1000F92
:10F5E000CEDCDDE90D35EB189E42CDF850900B9C3A
:10F5F000DDF83CB0B1460F4628BF9946DFE4102C39
:10F600002598074B2BDD10250A9310E0C01C002025
:10F61000BC1C0020E01C0020CC1C0020F41C00209E
:10F62000D4280020103C102C01F1080116DD013017
:10F63000AE4B10320728C1E90035CDE92502F1DDD6
:10F6400024AA5946504600F0E5FE00287FF4B2ABEC
:10F65000103C102CDDE9250227A9E8DC0A9B0B6091
:10F66000013022440728CDE925024C6000F358837D
:10F6700099F8000008310644ADE71BF4007840F02B
:10F68000328204998DF85F8000291E46BFF657AE7E
:10F690000992FFF7C8BA53EA000237D030228DF83A
:10F6A000602000228DF85F20049A8DF86190002A76
:10F6B00023DB2BF4906242F0020B02219BE6099AB5
:10F6C0001BF0100F52F8043B099214D11BF0400FAD
:10F6D0000DD09BB200207EE624AA5946504600F089
:10F6E00099FE00287FF466AB269A27A956E71BF4FB
:10F6F000007F40F0F58100206DE64BF0020B022107
:10F7000003F00F022BF4806BB25C77E6049B0021C0
:10F710008B428DF85F10C0F241812BF4906B049AFC
:10F72000002A00F0CB80012A33788DF83F31B8BF32
:10F730000122002302920122CDE90B3308930A92A1
:10F740000E930DF23F15FEF75EBF07990F9324AAA3
:10F75000504600F05FFE00287FF42CAB9DF85F1050
:10F76000269A0F9B002900F0AC801E46DDF894C05D
:10F77000034627AFFEF753BF259B5D493960013330
:10F7800001320121072B26922593796000F37C81B9
:10F79000083700287FF41CAB0D990BF001030B43D5
:10F7A0003EF475AF109B11991A44C7E90013259BCD
:10F7B00026920133072B259300F31C8207F10801E1
:10F7C000FFF717BB049B0A93CDE90B330E93089305
:10F7D00050ADFEF718BF0C9B013B09F1FF390C93AC
:10F7E000D0E6079924AA504600F014FE00287FF4C2
:10F7F000E1AA269A27AFFFF776B80822002122A8AF
:10F800001B95FDF717FA049B002B7DDB0026029465
:10F81000CDF82080344698460EE037A9504601F0D6
:10F82000B9FF411C204400F09484404509DC06F1F6
:10F83000040600F0008504461B9A925922AB002A68
:10F84000EBD10A94DDF82080029C6AE04C4601333B
:10F850000F9939602A44072B7D60CDE925327EF768
:10F8600015AFFFF7CFBA079924AA504600F0D2FD92
:10F8700000287FF49FAA269A27AFFEF7F2BE24AA9B
:10F880005946504600F0C6FD00287FF493AA99F827
:10F890000000269A27A997E6099A0599126811602F
:10F8A000FFF7F7B9444601330F9808603244072B3D
:10F8B000CDE925324E607FF7E1AA28E4049BFFF7EB
:10F8C00084B9002B00F00981DDF894C00B4627AF06
:10F8D000FEF7B6BE1BF4007F16BF46F3C0184FEA12
:10F8E000E67876B24346FFF78CB900BFD4280020F3
:10F8F000FC1C00201BF4007100F0F980DBB20992BF
:10F9000058460021FFF7D8B822AB009300231BAA6A
:10F910001946504601F066FF0A90013000F0198444
:10F920001B950A9B002B00F09F80632B00F34C81FA
:10F930000023089337AD0822002122A8FDF77AF9A9
:10F940000A9E22AB00931BAA33462946504601F07B
:10F9500049FF864240F042850A9A0023AB5422EACE
:10F96000E27202929DF85F20049312B1029A013272
:10F970000292CDE90B33CDF824800E93FEF743BEFF
:10F980000F4601330F9939603244072BCDE92532F8
:10F990007E6000F323810837FFF70ABB33788DF8C8
:10F9A0003F312BF4806B0DF23F153EE52D238DF892
:10F9B0005F30B9F1470F4FF000030893049340F311
:10F9C000E6800322964D0A92CDE90B330E93042371
:10F9D0000293FEF718BE159A1399AD1A2846FDF743
:10F9E00011FA99F801300BB109F101098D4A16EBB2
:10F9F000080343F10003A2FB030727F0030000EB19
:10FA000097001B1AF31A4FF0CC3168F1000803FB82
:10FA100001F102FB0811A3FB023001445B0843EA39
:10FA2000C1764FEA510816EB080343F10003A2FB2D
:10FA3000031020F0030101EB90015B1AF31AA3FB02
:10FA4000023168F100005B0802FB001243EAC27356
:10FA500003EB8303A6EB4303303305F8013C4FF07F
:10FA6000010C013DFFF7F8BB9DF85F30CDF8248015
:10FA7000003B18BF012302930A9B0493CDE90B338B
:10FA80000E930893FEF7BFBD079924AA504600F0D5
:10FA9000C1FC00287FF48EA91998269A27AF78E632
:10FAA0009DF85F3002920A9250ADFFF7CFB8049BE9
:10FAB0000992CDE90A330E930C93029350AD4FF0A7
:10FAC00078099E460893C3E46E18A6EB0906CD1A82
:10FAD000AE42A8BF2E46FFF79DBA27AFFEF7C1BDC5
:10FAE000DBB2002077E48DF85F10DBB220E40992EE
:10FAF0005846FEF7E1BF099A059912681180FFF791
:10FB0000C8B822AB01931BAB0093B0EE470B049A2D
:10FB100019AB022150468DED027B00F025FF9DEDD3
:10FB2000027B05461BF0010F40F05582229B5A1BB9
:10FB3000199B0D92D81C0B93C0F201820499994233
:10FB4000C0F20B819A4200F392820B9B0A931BF442
:10FB5000806F03D00B9B002B00F32D830A9B23EABD
:10FB6000E373C34602934FF0670900230E930C938F
:10FB70000BF00201002E00F0CA804FF02D0E8DF820
:10FB80005FE0029B01330293002304935DE40322B0
:10FB9000254D0A9218E72846FDF7F2FD9DF85F30E3
:10FBA0000A9020EAE0720292002B3EF40CAFFEF7BE
:10FBB00008BF079C24AA2146504600F02BFCA389CD
:10FBC00003F04003FEF7F6BC591C5046FCF74EF913
:10FBD0000546002800F0F6830890ACE6079924AAB1
:10FBE000504600F017FC00287FF4E4A8269A27AFBF
:10FBF000FFF7DEB9079924AA504600F00BFC002855
:10FC00007FF4D8A8DDE92532199827A9FFF7EEB8C7
:10FC100000230893062304934BF48078FEF787BDF6
:10FC2000C01C0020CDCCCCCCBC1C0020049B0133DC
:10FC30000D93022122AB01931BAB0093B0EE470B57
:10FC400019AB0D9A50468DED027B00F08DFE0D9B99
:10FC500029F0200CBCF1460F9DED027B054600EB20
:10FC6000030100F09880B5EE407BF1EE10FA00F051
:10FC7000D882229B994288BF4FF0450C40F2CF8238
:10FC800030205A1C22921870229B8B42F9D35B1BA6
:10FC90000D93BCF1470F199B0B9356D0BCF1460F47
:10FCA00000F08F800B9B8DF87090013B002B199317
:10FCB000C0F24C812B22092B8DF8712000F34F816B
:10FCC00030228DF872200DF17302303302F8013BBF
:10FCD0001CABD31A12930D9B129A012B1A440A9251
:10FCE00040F341820A9B109A13440A930A9A2BF418
:10FCF000806343F4807B22EAE2720023CDE90B3378
:10FD00000E93029234E7049B0D93032192E79DF832
:10FD10005FE0BEF1000F7FF434AF0496FFF795BBB0
:10FD200024AA5946504600F075FB00287FF442A8EB
:10FD300099F80000269A27A906444CE4199B0B93D6
:10FD40004B1BBCF1470F0D933BD10B9B0333C0F210
:10FD5000F680049B0B9A93420FDA0B9B013BA9F1AF
:10FD60000209002B8DF870901993A3DA0B9B2D22BA
:10FD7000C3F101038DF87120A2E70D9B0B9A93420A
:10FD800000F375811BF0010F0B9B00F0B282109AFB
:10FD900013440A93DBE62B78302B00F06182199B29
:10FDA0001944B5EE407BF1EE10FAC7D0229B8B428E
:10FDB000FFF466AF5B1B0D93BCF1470F199B0B93D0
:10FDC000C3D00B99049A0BF00103002943EA020304
:10FDD00040F3CF82002B40F01A820B9B0A934FF026
:10FDE00066091BF4806F40F0E8810A9B23EAE37305
:10FDF000C3460293B9E647F63003ADF86030049B82
:10FE0000632B4BF0020B00F35C8118EE903A002B51
:10FE1000C0F23B81B0EE480B19A800F071FCB4EEC3
:10FE2000007B20EE077BB5EE407BF1EE10FA40F050
:10FE3000408201230026199337AD0896AE480499F5
:10FE4000B3EE004B2B4606E0B5EE407BF1EE10FA28
:10FE500000F00F82114627EE047BFDEEC76B4A1EB1
:10FE600016EE90CA10F80CE0B8EEE65B9C4637EE52
:10FE7000457B03F801EB0029E6D1B6EE005BB4EE5A
:10FE8000C57BF1EE10FA08DCB4EE457BF1EE10FA1A
:10FE90001ED116EE902AD2071AD5CDF888C013F8D5
:10FEA000011C90F80FC08C451A460AD14FF0300E55
:10FEB00002F801EC229A511E229112F8011C6145B0
:10FEC000F6D0392916BF0131817AC9B202F8011C76
:10FED000199A5B1B0D93B9F1610F02F1FF3319936E
:10FEE00000F01F8250214FF04109002B8DF8701057
:10FEF000C0F20E822B22092B8DF871202FDC0DF120
:10FF00007202E2E6079924AA504600F083FA00281C
:10FF10007EF450AF269A27AFFFF741B8079924AA7D
:10FF2000504600F077FA00287EF444AF199B269AD9
:10FF300027AFFFF759B8DFF8CC81FFF7C4B80B9BA8
:10FF4000A9F10209013B8DF8709019930B9A2D23AA
:10FF50008DF87130C2F101030832BFF6B1AE0DF178
:10FF60007F0CDFF8A4E162461046AEFB0312D20814
:10FF700002EB8201A3EB41013031632B00F8011C3D
:10FF8000134600F1FF32EFDC303302F8013C831EF0
:10FF9000634580F0C8810DF1710213F8011B02F86E
:10FFA000011F6345F9D103F5A0736B44CC3B1B1AC9
:10FFB0001CAA9B1A12938EE6079924AA504600F0B9
:10FFC00029FA00287EF4F6AE199D0D9B269A5D1B3A
:10FFD00027AFFFF71FB8049B4FF0470CE918E0E686
:10FFE00000230C460493FEF749BA45F63003ADF8FA
:10FFF0006030049B632B4BF0020B62DC18EE903AEE
:02000004600298
:10000000002B42DBB0EE480B19A800F079FBB4EEF0
:10001000007B20EE077BB5EE407BF1EE10FA01D1BC
:100020000123199300263548089637AD07E7464265
:10003000103033480F9052DA1027804603E0083121
:10004000103E102E4BDD01331032072BC1E9008723
:10005000CDE92532F3DD079924AA504600F0DAF9FC
:1000600000287EF4A7AEDDE9253227A9E8E70D9B3D
:10007000109A9A180B9B0A92002B79DD4FF06709B2
:10008000AFE6DFF88080FEF74BBF0023089337AD63
:100090002D26B1EE487BB0EE470B19A800F030FBDF
:1000A000B4EE007B20EE077BB5EE407BF1EE10FA5C
:1000B00004BF01231993B9F1610F3FF4BFAE0F489C
:1000C000BDE6049B5046591CFBF7D0FE05460028B0
:1000D00000F03D8108904BF48078FEF728BB013397
:1000E0000F9808603244072BCDE925324E6000F3AB
:1000F00002810831FEF77DBECC1C0020E01C0020F0
:10010000D428002098240020CDCCCCCC049A002AFE
:1001100000F0D480002BC0F22481B0EE487B002692
:1001200022AB01931BAB0093B0EE470B19AB049AC3
:10013000022150468DED027B00F016FC00239DED60
:10014000027B05460893EDE42D26B1EE487BFEF7D1
:10015000F6BA079B9B890022089243F04003079A56
:100160009381FEF727BE1BF0010F3FF4BFADB9E549
:10017000C3F101031A4422EAE273C3460A920293CE
:100180004FF06709F1E418EE903A13F000432BF0BA
:10019000800B0B9300F09A802D238DF85F30B9F11E
:1001A000470F4FF000030893049340F3F8800322B5
:1001B000944D0A9208E44FF0670914990B78FF2BCD
:1001C00000F0F88000200B9A0E90844603E0013086
:1001D0000131FF2B09D0934207DAD21A4B78002B5A
:1001E000F5D10B780CF1010CF3E7CDE90B2014915C
:1001F000CDF838C00C9A0E9B159913440A9A01FB4E
:1002000003230A9323EAE373C3460293B0E4109BEB
:1002100002EB01094B440A934FF06609E1E55B1BD1
:100220000D93199B0B933DE50023032208930A923B
:100230000493FFF7C9BB049B029CDDF820800A935E
:10024000FFF76FBBCDF824801BB3049B0A935A1CA5
:10025000029204900E900C904FF07309FEF7D3B900
:10026000B5EE407BF1EE10FA1ED1199B0B931944A9
:1002700066E5002A0491FFF62BAE0499302001EBCD
:10028000030C194601F8010B6145FBD11A44531CBC
:100290001EE6049B0A930293089B0E930C9304930F
:1002A0004FF07309FEF7AFB90D9BC3F1010319932A
:1002B00076E500265448089637ADC0E5934273DBD7
:1002C000B0EE487B0123049E049329E79DF85F303C
:1002D000B9F1470FCCBF4B4D4C4D002B40F0868001
:1002E000032204930A920E930C9308930292FEF752
:1002F0008AB90A932BE4079924AA504600F08AF899
:1003000000287EF457ADDDE9253227A9FEF771BD3F
:100310002D238DF87130C2F101030832FFF61FAEB4
:10032000EDE57021E1E502231293D4E4CDE90B332E
:1003300008930E93FEF767B9099A63780C4652F852
:10034000041B099241EAE1710491FEF795B8079AFE
:10035000938943F0400393814FF0FF330593FEF7F9
:100360002CB92D26B1EE487BDAE629490F91FFF72B
:1003700008BBC34633B9012302934FF066090A93C1
:10038000FFF7F3BB109B03F10109049B4B440A9355
:1003900023EAE37302934FF06609FFF7E6BB0322FB
:1003A0001A4D0A92FFF710BB01232D260493B1EEDC
:1003B000487BB5E600230E930C931BE70C23CAF889
:1003C0000030C9E7079B08909B8943F04003C6E6CD
:1003D0005946FEF7C2BB5846FEF78FBF079B9B8965
:1003E00043F04003BBE65B46FEF77DBF002304936A
:1003F0000E930C93089303230A9304230293FEF7AE
:1004000002B900BFC81C0020CC1C0020C41C002066
:10041000D42800202DE9F0411546926802B32C68DB
:1004200007468846083401E00834C9B16B68581E95
:10043000002B1146686013DD54F8046C002EF3D0D5
:10044000334654F8082C4146384602F061FB431C01
:1004500007D0AA68921B1146AA6008340029E5D18A
:1004600000200023C5E90133BDE8F08170B5002903
:1004700041D006460C4610B1436B002B3ED0FCF732
:1004800035FA636EB4F90C20DD0730D4900538D509
:100490002146304600F04CF8E36A054633B1E16985
:1004A000304698470028B8BF4FF0FF35A3891A0699
:1004B00039D4216B41B104F14003994202D0304656
:1004C000FDF762FA00232363616C21B13046FDF72A
:1004D0005BFA00236364636E0022DB07A2811ED5F2
:1004E000A06DFCF777FFFCF707FA284670BD002ADD
:1004F000CED1FCF701FA0025284670BDFCF7D8F9EB
:10050000BDE7A06DFCF768FFB4F90C30002BBFD13C
:10051000636ED907EDD4A06DFCF760FFE9E7A06D2D
:10052000FCF75CFFDCE721693046FDF72DFAC0E7F8
:10053000B1F90C202DE9F041804610070C4650D44B
:10054000496842F400630029A38164DDA66A002E95
:1005500044D0002112F48052D8F80050C8F800109E
:1005600065D1E16901234046B047411C02466CD089
:10057000B4F90C30A66A5B0705D56368D21A236B01
:100580000BB1E36BD21A0023E1694046B047471C28
:10059000B4F90C304DD1D8F800101D2940D8304A9C
:1005A000CA40D6073CD52269226023F40062A281AA
:1005B000D9044FF00002626003D5D8F80030002B58
:1005C00041D0216BC8F8005041B104F14003994279
:1005D00002D04046FDF7D8F9002323630020BDE890
:1005E000F0810E69002EF9D00D680E6092070CBFE5
:1005F0004B690023AD1B8B600AE02B463246E16954
:10060000676A4046B8470028A5EB0005064406DDAA
:10061000002DF2DCE2E7E16B002997DCDEE7A3893D
:1006200043F04003A3814FF0FF30BDE8F081226D1D
:10063000A1E72269226023F40062A281DB044FF06B
:1006400000026260BDD52065BBE7D8F80030002B02
:100650008ED01D2B01D0162BE1D1C8F80050BDE77C
:100660000100402000B5034683B008B1426B52B38D
:10067000B1F90C0098B14A6ED20701D4820512D5A7
:1006800018460091FFF754FF00994A6E0346D007C1
:1006900002D48A8992050ED5184603B000BD0346E0
:1006A000184603B000BD886D01930091FCF794FEDD
:1006B000DDE90013E4E7886D0093FCF78FFE009BF3
:1006C000184603B000BDCDE90001FCF7F1F8DDE903
:1006D0000031CDE759B1034600EB010C02E00133D4
:1006E0009C4504D01A78002AF9D1181A7047084698
:1006F000704700BF00487047103100200000000024
:100700004DF804BD83B08DED000B019ADFF870C089
:1007100022F0004300216345016025D8DDF800C0C8
:1007200053EA0C0C20D0DFF85CC002EA0C0CBCF1E0
:10073000000F0AD19FED107B20EE077B8DED007B33
:10074000019A6FF0350122F00043DDE900BC6FF340
:100750001E5242F07F5C1B154CF4001CA3F2FE33CA
:10076000CDE900BC0B4403609DED000B03B05DF8C8
:1007700004BB7047AFF3008000000000000050434E
:10078000FFFFEF7F0000F07F00B50B4C246886462A
:1007900085B0E0689C460C4652B108490094CDE90A
:1007A000011273460649624601F028F8F9F7C4F8C9
:1007B00004490A46F2E700BFA0310020001D0020D6
:1007C000101D00200C1D002010B5A1FB021482B0EA
:1007D00074BBFBF74BFB034670B350F8042C22F0BC
:1007E0000302043A242A10D8132A16D91B2AC0E976
:1007F00000441AD9242AC0E902440ABFC0E90444CB
:1008000000F1100100F1180108E021460190FCF709
:1008100011FA019B184602B010BD0146002218468D
:10082000C1E900228A6002B010BD00F10801F5E7BD
:10083000FCF7A2FD0C2303600023184602B010BD94
:100840002DE9F04F03690C69A34283B0C0F28880A0
:10085000013C01F1140500F1140855F8243058F852
:100860002420013308EB84069A4200964FEA840B59
:1008700005EB8407B2FBF3F63AD300230191C64699
:1008800029469C4651F8042BDEF800901FFA82FAA4
:1008900006FB0A334FEA134A120C06FB02A29BB274
:1008A0001FFA89FAAAEB030363441FFA82FCCCEB1C
:1008B000234C0CEB194C9BB243EA0C438F424EF88D
:1008C000043B4FEA2C4C4FEA1243DBD258F80B3072
:1008D00001996BB9009B043B984504D307E0984508
:1008E00004F1FF3403D21A68043B002AF7D00461F4
:1008F0008146FDF71FFC00282EDB01364146002211
:1009000055F8040BD1F800C01FFA80FE1FFA8CF3D3
:10091000A3EB0E031344020CC2EB234202EB1C4276
:100920009BB243EA0243AF4241F8043B4FEA224202
:10093000E6D258F8242008EB84036AB9043B9845B2
:1009400004D307E0984504F1FF3403D21A68043B4E
:10095000002AF7D0C9F81040304603B0BDE8F08F48
:10096000002003B0BDE8F08F2DE9F04F93B08DED7E
:10097000000B0491816B1C9D069257EC106B044692
:10098000089341B1C26B4A60012393408B60FDF72D
:1009900047F90023A363B7F10008B4BF0123002384
:1009A0002B60A34BBCBF28F00048CDF8048033EA8D
:1009B000080300F092809DED007BB5EE407BF1EEE8
:1009C00010FA0DD1089A012313601D9B13B11D9AD3
:1009D000984B1360984B0293029813B0BDE8F08FC8
:1009E00010AAB0EE470B11A920468DED027BFDF752
:1009F00081FC5FEA18539DED027B109A834640F01C
:100A00008280119B134403F23241202940F3E2819A
:100A1000C1F1400108FA01F803F2124126FA01F18E
:100A200048EA010106EE101AB8EE466B013B16EEDD
:100A3000901A4FF00108A1F1F8719FED772BB7EEF6
:100A4000081B9FED775B9FED784B06EE901A03EE47
:100A5000903A36EE416BB8EEE33BA6EE025BB0EEA9
:100A6000456BA3EE046BFDEEC65BB5EEC06BF1EE1D
:100A700010FACDED055A00F1C0800599D21A162959
:100A800002F1FF3A00F2A4806C4B03EBC10393ED3B
:100A9000006BB4EEC67BF1EE10FA00F1A281002AE1
:100AA00040F3C0840027CDE90A178A440023099344
:100AB000049B092B3DD8052BC4BF043B0493049B26
:100AC000A3F10203CCBF00250125032B33D8DFE8B7
:100AD00013F0FA01F701ED019201089AC8F3130827
:100AE00042F20F7358EA060813601BD11D9B002BBE
:100AF00000F04286524B029308331D9A029813600D
:100B000013B0BDE8F08F17EE901AB0EE476BC1F34B
:100B1000130141F07F51A3F2FF3341F440114FF034
:100B200000088AE71D9B002B40F06181454B029332
:100B300052E7002304930025E563294620468DED06
:100B4000067BFDF743F89DED067B0290002800F040
:100B5000B485119A029BA363002A75DB05990E29BF
:100B600072DC364B03EBC10393ED003B87EE036B66
:100B7000BDEEC66B029916EE103A303301F8013B18
:100B80004FF0FF39B8EEC65BA5EE437B0123B2EE12
:100B9000044B11E087EE036BBDEEC66B013316EE1E
:100BA000102A4B4502F13002B8EEC65B01F8012B6A
:100BB000A5EE437B00F0A38427EE047BB5EE407BDB
:100BC000F1EE10FAE6D1059B013304930D46ECE0FB
:100BD00001230B93059BBAF1000FBABFC2F10107C5
:100BE0004FF0000A0027002B80F2F180059BFF1ACE
:100BF0005B42099300230A935AE7B8EEE55BB4EE33
:100C0000465BF1EE10FA3FF438AF059901390591D2
:100C100033E700BFAFF3008061436F63A787D23F24
:100C2000B3C8608B288AC63FFB799F501344D33FDB
:100C30000000F07FFD1C0020FC1C002010040020A0
:100C4000401D00204C1D00204FF0FF390695CDF8C7
:100C50003090B8F1000F00F0E984DDF8248002F252
:100C60003342012120469244BD18FDF79FF8064605
:100C7000002F40F09F82099B002B00F09383B8F176
:100C8000000F40F077835946099A2046FDF780F916
:100C900001238346099301212046FDF787F80A9B2B
:100CA0008046002B40F04582049B012B40F3AA8232
:100CB0000120504410F01F0000F008811B2800F3B1
:100CC000D582C0F11C00054407448244002D05DD97
:100CD00059462A462046FDF7B7F98346BAF1000F78
:100CE00005DD414652462046FDF7AEF980460B9B96
:100CF000002B40F00082B9F1000F40F3D781099B2F
:100D0000002B40F02481059B01330493029F0125B1
:100D100007E0594600230A222046FCF78BFF0135E5
:100D2000834641465846FFF78BFD4D4500F1300A9A
:100D300007F801ABEDDB029BB9F1000F03F10102F3
:100D400009F1FF394FF00003D8BF4FF0000991447B
:100D50000093594601222046FDF776F94146834625
:100D6000FDF7E8F9002840F32083029A02E091455C
:100D700000F026834D4609F1FF3915F8013C392B67
:100D8000F5D0013389F8003041462046FCF748FF92
:100D90005EB1009B2BB1B34203D019462046FCF74D
:100DA0003FFF31462046FCF73BFF59462046FCF703
:100DB00037FF00232B70089B049A1A601D9B002BA1
:100DC0003FF40AAE02981D6013B0BDE8F08F9A445C
:100DD0000A936BE6C1F1200106FA01F106EE101A42
:100DE00022E6059B013B059300230B93F2E6AC4BF7
:100DF0000293033381E601230D93DDE905231344B8
:100E000003F101094E46012E0C93B8BF0126172E9F
:100E100040F39C84012204235B0003F11400B042E0
:100E2000114602F10102F7D9E16320468DED0E7BF8
:100E3000FCF7CCFE0290002800F03F84B9F10E0FC1
:100E40009DED0E7BA06346D8002D44D00599002966
:100E500040F3F182934B01F00F0203EBC203CD0587
:100E600093ED006B4FEA211340F18A838E4A92ED95
:100E7000085B03F00F03032187EE054B002B00F006
:100E8000FB81894A01E05B100832D80703D45B106C
:100E90000832DE07F7D592ED005B5B1001F101012E
:100EA00026EE056B00F0E8810832F2E701230D938E
:100EB000069B002B40F38B81069E0C96B146A6E75D
:100EC00000230D9399E700230D93F1E71C200544BF
:100ED00007448244FAE6119A002AC0F24081059B39
:100EE0000E2B00F33C816F4B059A03EBC20393ED8D
:100EF000003B069B002B80F2ED82B9F1000F00F35E
:100F0000E98240F08682B1EE046B23EE066BB4EE0C
:100F1000C67BF1EE10FA494640F27C82029D3123F5
:100F200005F8013B2046FCF77BFE059B023304934A
:100F30003BE7314600230A222046FCF77BFE0C9B50
:100F4000002B064640F3FA83DDF830900595002F1C
:100F500005DD31463A462046FDF776F806460A9BFF
:100F6000002B40F0F6823746029D6B1E4B440A93DD
:100F7000009B03F001030C9341465846FFF760FCC9
:100F800031460B9000F1300A5846FDF7D3F8414640
:100F900081463A462046FDF7EDF8C3680146002B2E
:100FA00036D109905846FDF7C5F8099906902046B4
:100FB000FCF736FE069A002A5AD1049B1BB90C9BFB
:100FC000002B00F0A483B9F1000F43DB0A9BA94674
:100FD0009D4209F801AB00F0D782594600230A224E
:100FE0002046FCF727FEBE42834631464FF0000301
:100FF0004FF00A02204635D0FCF71CFE3946064663
:1010000000230A222046FCF715FE4D460746B3E7AB
:101010002046FCF705FEB9F1000F08DB009B03F04A
:101020000102049B49EA030952EA09022ED15946FA
:1010300001222046FDF708F841468346FDF77AF87D
:10104000002840F34183BAF1390F00F024830B9B51
:1010500003F1310A05F801AB059B009601330493B7
:101060003E4691E6FCF7E6FD4D460646074683E719
:10107000B9F1000FC0F28483049B49EA03090C9B79
:1010800053EA090900F07C83002A9FDDBAF1390F89
:1010900000F001830AF1010305F8013BDCE700BF22
:1010A0004C1D002010040020E8030020049B022BAC
:1010B0007FF725AEB9F1000F40F0008241464B4664
:1010C00005222046FCF7B6FD014680465846FDF74E
:1010D00031F8484540F3F281029D312305F8013B88
:1010E00041462046FCF79CFD059B02330493002EED
:1010F0007FF457AE59E641465846FDF71BF80028E5
:10110000BFF6F9AD594600230A222046059DFCF79B
:1011100091FD099B013D8346002B7FF40AAF0C9B98
:10112000002B40F3FE82059BDDF83090049305957B
:10113000ECE51A4601462046FCF72AFF049B012BEA
:10114000804640F3F98100230A93D8F8103008EB69
:1011500083031869FCF7C0FDC0F12000A9E50D9BD1
:1011600073B9002F67D1099B002B74D11D461E4611
:1011700091E5119A002A03DB05990E297FF7B4AE99
:10118000049B012B7FF765AD099B09F1FF384345AF
:10119000C0F27781B9F1000FA3EB080880F2BE829C
:1011A000A7EB0903012120460D93FCF7FFFD3D4607
:1011B0000D9F0646BAF1000F7FF75DAD57453B46E0
:1011C000A8BF5346ED1AFF1AAAEB030A53E5002104
:1011D000E16320468DED067BFCF7F8FC9DED067B78
:1011E0000290002800F06982029BA363002D40F06A
:1011F0009F81119AAA42C0F27C8201230C939946E6
:1012000006936CE6009B002B7FF452AD019BC3F369
:101210001303002B7FF44CAD019B23F000431B0D07
:101220001B05002B3FF444AD012301350AF1010AEF
:101230000A9318463DE5BAF1000F00F0FE815745CC
:101240003B46099EA8BF5346FD1AAAEB030A2F4648
:10125000002E3FF420AD5946099A2046FCF798FE2F
:101260000023834609933D461E4614E51C283FF49F
:101270002DADC0F13C002AE684EE065B0B9B3BB132
:10128000B7EE006BB4EEC65BF1EE10FA00F1E08150
:10129000B1EE0C4B06EE901AB8EEE66BA6EE054BDF
:1012A00014EE901A53EC142BA1F15073B9F1000F06
:1012B00000F09B80DDF814C0484643EC142BB64B7D
:1012C000029DFDEEC53B03EBC00212ED022B13EEB7
:1012D000902A02F1300E0D9A691CB8EEE36B0E46AF
:1012E00035EE466B002A00F05B81B6EE003B83EEE4
:1012F000025B35EE445BB4EEC65BF1EE10FA85F8A6
:1013000000E000F32782B7EE001BB2EE043B00259D
:1013100018E001358542BFF62CAF26EE036B25EEB3
:10132000035BFDEEC64B14EE902AB8EEE42B303290
:1013300036EE426BB4EEC56BF1EE10FA01F8012BFC
:1013400000F1DF8131EE464BB4EEC54BF1EE10FA01
:10135000DFD5029A0CF1010C02E0914200F0978176
:101360000D4611F8013D392BF7D001330B70CDF844
:1013700010C01AE5314642462046FCF709FE5A469F
:10138000014606462046FCF73FFD59460D90204693
:10139000FCF746FC099BDDF834B0B3EB0803099376
:1013A0007FF471AC0123099375E403D11AF0010FA6
:1013B0007FF4DBAC4D4619F8013D302BFAD0E3E465
:1013C000059B029A0233049331231370DCE406EE8A
:1013D000901AB1EE0C4BB8EEE66BA5EE064B14EE90
:1013E000901A53EC142BA1F1507343EC142BB1EE73
:1013F000046B35EE466BB4EEC46BF1EE10FA00F3FD
:101400005681B1EE444BB4EEC46BF1EE10FA7FF5A9
:1014100062AD00212046FCF703FC069B029D5B4267
:101420000493C2E4059B0A939A460023C2F1010784
:101430000B93FFF73BBB00F00781059A564B5242D6
:1014400002F00F0103EBC10393ED005B131127EED4
:10145000055B00F07981514A022101E05B100832FE
:10146000DD0703D45B100832D807F7D592ED006B87
:101470005B1001F1010125EE065B3FF4FFAE08327F
:10148000F2E7099B0A9AA8EB03031A4401212046BC
:101490000A92FCF78BFCCA4407EB09050646CDF817
:1014A0002480002F3FF4EFAB57453B46A8BF53467F
:1014B000ED1AFF1AAAEB030AFFF7E5BB41462046E7
:1014C000FCF7AEFB069B029D5B420493002E7FF46B
:1014D00068AC6AE4029B5E1C87EE036BBDEEC66BD4
:1014E000029A16EE103AB9F1010F03F13003B8EE8B
:1014F000C65B31461370A3EE457B7FF447AB37EEF6
:10150000077BB4EEC37B059BF1EE10FA03F10103F8
:1015100004939C4608DCB4EE437BF1EE10FA05D14F
:1015200016EE103ADB0701D5029A19E70D463CE4A6
:101530000C95A946069589E4009B002B7FF403AE29
:10154000DDE90012C2F31303002B00F0C4800A91FE
:10155000FBE571682046FCF739FB0546002800F0E2
:101560000481336902339A0006F10C010C30F8F75C
:1015700025F8294601222046FCF766FD0746F3E4DC
:101580000221B0EE474B79E4059B009601333E46BD
:101590000493FFF7DEBB00BF10040020E803002027
:1015A000029A24EE022B012882F800E014D0B2EE59
:1015B000043B029A151826EE036BFDEEC65B15EE92
:1015C000902A303201F8012BA942B8EEE54B36EEF5
:1015D000446BF0D1711E0144B6EE005B32EE054B58
:1015E000B4EEC64BF1EE10FA3FF5B3AE35EE425B0A
:1015F000B4EEC65BF1EE10FA0DDC119A002AFFF68C
:10160000B0AD059A0E2A3FF7ACAD059A03EBC203C5
:1016100093ED003B60E70D46013915F8013C302B96
:10162000F9D00CF101030493FFF7BFBB109ADDF86A
:101630002480C2F13602FFF714BB099E002E7FF40E
:101640000AAE3D46FFF727BB0221B0EE475B15E629
:10165000B9F1000F3FF4BBAE0C9800287FF73BAC0C
:10166000B2EE043BB1EE0C4B013106EE901A25EEC2
:10167000035B059BB8EEE66BA5EE064B14EE901AE5
:1016800003F1FF3C53EC142BA1F1507315E60CF160
:10169000010C31236AE6A946392309F8013B059B71
:1016A00000960133029A04933E46FFF763BB029D06
:1016B000312305F8013B002134E4334B3348002249
:1016C00040F2AF11FFF760F87FF4C4AC1AF0010FDD
:1016D0007FF4B9ACBEE4019B23F000431B0D1B0556
:1016E000002B3FF431AD012301350AF1010A0A93C1
:1016F0002BE50D9B002B33D101230C9399460693C8
:101700002FE50CF1010304930D46FFF74EBBBAF130
:10171000390FC0D091453FF79AAC9BE44A46FFF79A
:10172000A0BA049A022A05DC059A04929946059506
:10173000FFF7ECBA0595DDF83090BBE4049A059507
:10174000022AF8DC994602E4022197E50021E163D0
:10175000FFF76BBB0CF1010304930D46FFF725BBAC
:101760000D9B069399460C930EE5074B07482A46B6
:1017700040F2EF21FFF708F8054B0293FFF72CB971
:10178000002A3FF754AC65E44C1C0020501D00209B
:10179000401D002030B5044687B05BB1104801936E
:1017A000D0F8C85171B12046A847421C019B10D007
:1017B00007B030BD00F5827309480193D0F8C851D5
:1017C0000029F0D10A46204603A9A847421C019BE4
:1017D000EED100218A221960226007B030BD00BF1F
:1017E000382F002010B582B0049CCDE900344FF0B2
:1017F000FF3301F055FC02B010BD00BF0EB400B5C0
:1018000082B003ABDFF81CC053F8042B01930146F0
:10181000DCF8000000F008F802B05DF804EB03B05B
:10182000704700BFA03100202DE9F04FC5B00DF189
:10183000500A8346049116460021082250461C4651
:101840000B93FBF7F7F9BBF1000F04D0DBF8343052
:10185000002B00F04987049B5A6EB3F90C30D00777
:1018600040F14181990400F1A985049943F40053A2
:1018700022F400528B814A66930401F1AE80049BEE
:10188000B3F90C301D0740F1BD80049A1269002A9B
:1018900000F0B88003F01A020A2A00F0C280002388
:1018A000CDE91933CDE90E331BAADFF86C980D93FF
:1018B000189217460793B0464546D9F8CC41FBF736
:1018C000EFFCCDF800A003462A4612A95846A047CF
:1018D000002800F0C580C0F2BB80129A252A03467A
:1018E00001D01D44E9E7B5EB0806044640F0BC8092
:1018F000002319468DF8433008934FF0FF326B7880
:10190000059205F10108039108F101081946A1F1BA
:1019100020035A2B00F2F280DFE813F0E603F00018
:10192000F000DF03F000F000F000BF03F000F00073
:1019300007025302F00012020004F000F1035B0002
:101940005B005B005B005B005B005B005B005B00BF
:10195000F000F000F000F000F000F000F000F00007
:10196000F000D8019F03F000F000F000F000F0005C
:10197000F000F000F000F000F0001902F000F000BC
:10198000F000AA01F000FB02F000F000BA05F00040
:10199000F000F000F000F000F000F000F000F000C7
:1019A000F000D8016801F000F000F0009503680134
:1019B0006D00F0008B03F0007D036A0320036D00CF
:1019C000F000AA016A005902F000F000FB05F000E7
:1019D0006A00A1F13003002218F8011B02EB820219
:1019E00003EB4202A1F13003092BF5D908928EE7EF
:1019F00098F8003088E7039B43F02003039398F89E
:101A0000003081E7049D5846294601F05FFA00281E
:101A100040F0F687B5F90C3003F01A020A2A7FF479
:101A20003EAF0499B1F90E20002AFFF638AF4A6E96
:101A3000D20702D49F0540F190870499234632468D
:101A4000584601F015F80790079845B0BDE8F08FAB
:101A5000082200215046FBF7EDF801231D442CE736
:101A6000B5EB0806044610D01A9B33441A93199B11
:101A70000133072BC7E90086199310DC0837079B51
:101A800033440793002C7FF433AF1A9B002B40F0B4
:101A90006E87049B0022B3F90C30199218E0049968
:101AA00018AA584601F024F878B91BAFE7E7049963
:101AB00018AA584601F01CF8002800F08380099B02
:101AC0001BB109995846FBF75FFF049BB3F90C3033
:101AD000049A526ED0077FD55B0600F1668707989F
:101AE00045B0BDE8F08F9F0540F114819D047FF55E
:101AF000BCAE90047FF5C6AE00F071BF0029C4D023
:101B0000002301228DF8AC108DF8433009930A921E
:101B100005932BAD0692DDE919C0039C14F08406F1
:101B20000146624626D1089B069C1C1B002C00F334
:101B3000ED839DF8433003B300260C960132012358
:101B400001317B60072A0DF14303CDE919213B6088
:101B500000F3868308370C9B63B1013211AB02316D
:101B60003B60072A4FF00203CDE919217B6000F3A7
:101B70006B830837802E00F0EE82059B0A981C1AB2
:101B8000002C00F326830A9B3D6001321944072A8A
:101B9000CDE919217B6000F34C830837039B5C0778
:101BA00005D5089B069A9C1A002C00F36583DDE995
:101BB000073206988242ACBF9B181B180793002976
:101BC0007FF475AF00231993099B1BB109995846FF
:101BD000FBF7DAFE1BAF6FE69A053FF57DAF049C7D
:101BE000A06DFBF7FBFBB4F90C3075E7039B98067F
:101BF00040F13C840B9B073323F00702536852F8F3
:101C0000084B0B921E46002BC0F23882059A002A20
:101C100007DB039B23F08003039354EA060300F0E1
:101C20008C840A2C76F1000380F0F7803034059A1A
:101C30009DF843308DF80F41012AB8BF012206926A
:101C4000002B00F0AF83069B013300250693012390
:101C5000CDE909530DF20F15DDE91921039B13F0AE
:101C60008406084694463FF45EAF00230C9365E774
:101C70000B9E00238DF8433056F8043B0993002B4C
:101C800000F05585532900F07284039B13F0100473
:101C900040F06D84059A002AC0F213850998214608
:101CA000FBF71EFD9DF84330099D002800F08B8650
:101CB000421B0A9222EAE2720692002B00F00E8585
:101CC0000132059406920B960994C5E7432903D087
:101CD000039BDD0640F127840822002116A8FAF7AD
:101CE000A9FF0B9A2BAD126816AB29465846FFF791
:101CF00051FD0A90013000F04F860A9B23EAE373FE
:101D000006930B9B04330B9300238DF84330099308
:101D1000059300E7049DA86DFBF75EFBB5F90C3059
:101D20006A6E99043FF5A8AD9FE50B9B53F8042B11
:101D30000892002A80F23D83089A0B93524208923F
:101D4000039B43F00403039398F80030DCE5039B06
:101D500043F010009B0640F14E830B9B073323F0AA
:101D600007031A46596852F8083B0B9200228DF877
:101D70004320059A002AC0F2118320F49062039256
:101D800053EA010200F01E8344AD03F00702DB08B2
:101D900043EA4173C908303253EA0104284605F882
:101DA000012DF2D1039B13F0010340F09E82059AAE
:101DB000099344AB5B1B9A42B8BF1A460A9306923A
:101DC000A9E62B238DF8433098F800309CE5039961
:101DD0008E0600F1A48003990B9A11F0100052F8BE
:101DE000043B40F02783039911F0400100F0CA84BE
:101DF0008DF843009BB205990026B1421C4606DBD4
:101E0000039921F080010391002B00F07B850A2CBF
:101E100076F100030B92FFF409AF039B09970020B2
:101E2000CDF830B044A9DDF834B0069003F48067F3
:101E3000CDF8288025E00690A319B54843F10003AA
:101E4000A0FB032C2CF0030202EB9C029B1AE31A6A
:101E50004FF0CC32A046B64602FB03F266F1000614
:101E600000FB0622A3FB0043B8F10A0F13444FEA1C
:101E700054047EF1000E294644EAC3744FEA530627
:101E80002ED3069BA24A01330693A31943F1000304
:101E90001046A2FB032525F0030202EB95029B1AD4
:101EA000E31AA3FB003266F1000500FB05225B0884
:101EB00043EAC27303EB8303A4EB4303303301F81B
:101EC000013C4D1E002FB7D006989BF8003083428E
:101ED000B1D1FF28AFD00A2C76F1000380F0AF8497
:101EE00005999DF84330CDF834B044AA521B914275
:101EF000B8BF1146DDE90978DDF830B00A920691E5
:101F0000002B00F0EE83069B013306930023099318
:101F1000A2E6039B43F010019B0640F189820B9BD4
:101F2000073323F0070200238DF84330059B5668E2
:101F300052F8084B0B92002BC0F2EE8221F0800386
:101F4000039354EA06037FF46CAE059B002B40F02C
:101F5000DE840A930693099344ADDCE5059C0B9956
:101F60000398002247F630039442ADF844308DF8D0
:101F7000432051F8043BC0F2D28220F0800040F0B0
:101F800002000390002B00F0E58303F00F0461488A
:101F90001B09045D8DF80F410B9100F0568502215D
:101FA00006910DF20F1503F00F011B09415C05F8B6
:101FB000011D43EA0273120953EA0201F3D144AB53
:101FC0005A1B059B0A929342B8BF1346069A002AF1
:101FD00000F03985DDE91921039C023314F08406F1
:101FE00006930846944600F0E98200230993B4E57D
:101FF000039886063FF5B1AE03990B9ACD0652F8C9
:10200000043B00F114850398440640F1C8839BB259
:102010000B920021AAE603990B9A8C0602F10403A5
:1020200040F1F081126807991160C91751600B9354
:1020300042E498F800306C2B00F08F82039A42F053
:102040001002039260E498F80030682B00F07B8265
:10205000039A42F04002039256E4039A940642F037
:10206000100300F100820B9A04320B9903930C6861
:102070000B92E6173346002BBFF6C8AD2D238DF823
:102080004330059B644266EB4606002BFFF6C9AD64
:10209000039B23F080030393C3E55846FEF72AFB16
:1020A00043680F931846FBF76BFB0E9004465846A7
:1020B000FEF720FB826898F800300D92002C3FF468
:1020C00023AC002A3FF420AC1278002A3FF41CAC69
:1020D000039A42F48062039216E4039B43F00103E7
:1020E000039398F800300FE49DF8432098F80030EF
:1020F000002A7FF409AC20228DF8432004E4039BDE
:1021000043F08003039398F80030FFF7FDBB00BF56
:10211000CDCCCCCCCC1C0020382F0020404610F871
:10212000011B2A2900F07784A1F13003092B98BF05
:10213000002200F2178410F8011B02EB820203EB6D
:102140004202A1F13003092BF5D942EAE27305936B
:102150008046FFF7DCBB089B06981C1A002C7FF713
:102160000CAD102C40F3268438460C95AE4F049DE0
:10217000102604E0103C102C00F1080015DD01329F
:102180001031072AC0E90076CDE91921F2DD18AA3D
:102190002946584600F0ACFC00287FF490AC103C77
:1021A000102CDDE919211BA8E9DC0C9D3B460746F4
:1021B00001322144072ACDE919213B607C6000F3FC
:1021C000A482059B0A981C1A002C07F108077FF7C8
:1021D000DAAC102C40F3ED8238461026924F04E022
:1021E000103C102C00F1080016DD01328E4B10312E
:1021F000072AC0E90036CDE91921F1DD049918AAB2
:10220000584600F075FC00287FF459AC103C102CA7
:10221000DDE919211BA8E8DC3B46074601322144D1
:10222000072ACDE919213B607C6000F3AA800837BA
:10223000A9E4049918AA584600F05AFC00287FF433
:102240003EAC1A991BAFA9E4049918AA584600F0AD
:102250004FFC00287FF433ACDDE919211BAF89E482
:10226000049918AA584600F043FC00287FF427ACD4
:10227000DDE919211BAF6EE4102C199B40F381831B
:102280003A46049E694F102504E0103C102C02F1E0
:10229000080215DD01331031072BC2E90075CDE9C5
:1022A0001931F2DD18AA3146584600F021FC002809
:1022B0007FF405AC103C102CDDE919311BAAE9DCD8
:1022C0003E46174601332144072BC7E90064CDE998
:1022D00019317FF76CAC049918AA584600F008FC35
:1022E00000287FF4ECAB1A9961E4302A00F00182F7
:1022F0003023059A05F8013C023844AB1B1A9A4278
:10230000B8BF1A460A9306920546EFE000230C93E5
:10231000102C464E624623DD394610232F46049D7D
:1023200004E0103C102C01F1080117DD01321030DF
:10233000072AC1E90063CDE91920F2DD18AA294670
:10234000584600F0D5FB00287FF4B9AB103C102CA8
:10235000DDE919201BA94FF01003E7DC3D460F46CD
:1023600001322118072ACDE919213E607C6000F373
:102370007A819DF843600837002E36D00026FFF79B
:10238000DDBB049918AA584600F0B2FB00287FF480
:1023900096ABDDE919211BAFFFF7F5BB20F4806296
:1023A0000392F1E4099301230A930DF20F15FFF74D
:1023B000B2BB0B9398F80030FFF7A6BA92047FF5F2
:1023C00061AAF2E2059A002A7FF4DEAC10F0010265
:1023D000069200F0428130238DF80F31059B0A925E
:1023E00009930DF20F15FFF796BB0C9B002B7FF4A2
:1023F000B4ABFFF7C2BB0B9B1A1D0B9B0B921B6868
:102400000021B3E4039AD00600F18C81039A5106AF
:1024100000F19582039A920540F184810B9A079905
:102420001268117003E600BFE4280020A8240020F1
:102430000B9B1A1D0B9B05981B680026B0428DF85C
:1024400043601C4667DB21F080010391002B7FF481
:10245000DEAC0B92002840F05A820A900690099058
:1024600044ADFFF758BB0393FFF7C4BB039B0B9A24
:10247000D90652F8044B3FF5F8AD039B5E0640F1D8
:10248000768144F3C0360B9224B23346FFF7BBBBD0
:10249000AD48039B9D0640F1B5800B9B073323F0AD
:1024A00007031A465C6852F8083B0B92039A12F035
:1024B0000102069240F08C808DF84320059A002A94
:1024C000C0F2B780039A22F49062039253EA0402A6
:1024D00040F0F380059A002A00F0F68103788DF829
:1024E0000F31012306920A930DF20F15DDE9192130
:1024F000039B13F084060846944600F0A1829DF8E1
:102500004330002B00F0AB82002309930C93FFF7BC
:1025100015BB8E48BDE70B920391FFF782BB40F0DD
:102520000200039031E50B9B1B688DF8AC30012352
:1025300006930A932BADFFF7E4BB002A00F0D48189
:102540003024FFF774BB039B43F40073039308F13B
:10255000010898F80030FFF7D7B9039B43F0200338
:10256000039308F1010898F80030FFF7CDB9099BF3
:1025700013930822002116A8FAF75CFB059B002B99
:10258000C0F219810024069725461F460EE02BA9AC
:102590005846FFF7FFF8411C284400F0FD81B8427F
:1025A00009DC04F1040400F008820546139A12596C
:1025B00016AB002AEBD1069F05950AE1089C069B05
:1025C0000996E41A002C7FF7C8AA02230C939FE611
:1025D00053EA04025ED100238DF84330059B002BA3
:1025E000C0F22181039B23F49063039300F0878161
:1025F00003788DF80F31069B0A93059B06930DF225
:102600000F1573E70B9A52F8043B0B92039AD4060A
:1026100008D4520602D59BB2002447E7039A9605D8
:1026200000F18181002441E742F00202039202227C
:102630000692039A22F48062039203F00F02825CF6
:102640008DF80F211B0943EA0473220953EA14147D
:102650007FF4A7AC0DF20F15B1E4059B44ADCDE9B5
:102660000933FFF758BA049918AA584600F040FAFF
:10267000064600287FF423AA9DF84330DDE919219E
:10268000002B40F089800C9B1BAF002B7FF465AAC8
:10269000FFF773BA30228DF8442000228DF84320D2
:1026A000059A8DF84510002A039ABDDB22F490624A
:1026B00042F0020203920222069203F00F02825CB1
:1026C000BEE7099D2846FBF75BF89DF843300A906A
:1026D00020EAE0720692002B7FF4F2AA099D05938E
:1026E0000B960993FFF717BA5846FAF7E1F8FFF788
:1026F000B2B8059A44AB5B1B9A42B8BF1A460A931C
:10270000002306920993FFF706BA049918AA5846BF
:1027100000F0EEF900287FF4D2A9DDE919211BAF02
:10272000FFF72BBA0B9A0799126811607FE4059B9B
:10273000074D0B96062B28BF062306930A93099B89
:102740000593FFF7E8B900BFE01C0020CC1C002077
:10275000F41C00200B91002C00F0DC8030230122BF
:102760008DF80F310DF20F1523460A9232E4039BC8
:102770000B929D054ABF44F3C016E61764B2334678
:10278000FFF741BA039810F4007600F0CF808DF87F
:102790004310DBB2FFF72FBB1BAFFFF7CFB9039896
:1027A00010F4007100F0BB80DBB20B920021FFF748
:1027B000DDBAAC4B32E516AB0093002313AA1946E1
:1027C0005846FFF70FF80590013000F0E580099BAF
:1027D0001393059B002B7CD0632B00F3B680002362
:1027E00009932BAD0822002116A8FAF723FA059CBD
:1027F00016AB009313AA234629465846FEF7F2FF6C
:10280000844240F01681059900236B5421EAE1725D
:1028100006929DF84320002A40F0B580CDE90A16C3
:102820000592FFF778B903788DF80F31039B23F4F5
:1028300080630393069B0A930DF20F1556E60E9ADA
:102840000F99AD1A2846FAF7DDFA9BF801300BB163
:102850000BF1010B844AA31943F10003A2FB030C03
:102860002CF0030000EB9C001B1AE31A4FF0CC3154
:1028700066F1000603FB01F102FB0611A3FB023027
:1028800001445B0843EAC1744E08A31943F10003F5
:10289000A2FB031020F0030101EB90015B1AE31A85
:1028A000A3FB023166F1000002FB00125B0843EA61
:1028B000C27303EB8303A4EB4303303305F8013CFD
:1028C0000120013DFFF701BB059B0A9344A8054683
:1028D0000CE69DF84330099D0B96003B18BF012381
:1028E0000693059B0A9301E69DF843303BB1059B97
:1028F000CDE90933012344AD0693FFF7ADB9059B3C
:10290000FFF727BB059B0B92002B3FF422AB002463
:10291000FFF78CB9059B0A9344ADFFF75BBB0398A7
:102920000B92FFF723BADBB20024BFE505998DF8BF
:10293000436000291C46BFF663AAFFF768BA0B9AEA
:10294000079912681180FFF772BB591C5846F9F7B6
:102950008DFA054600B3099044E7886DFAF73EFD0D
:10296000FFF76BB8002380460593FEF7D0BF0499AC
:1029700018AA584600F0BCF800283FF48AA8FFF7D0
:10298000A4B83A4E9EE4059A0A92069A0B96013232
:1029900006920593FFF760B90498B0F90C30426EC7
:1029A00043F04001D207818109D54FF0FF330793EF
:1029B000FFF795B82B4BFFF7FBBB069F09E799057F
:1029C000F3D4FFF70CB99BB1059B0B965A1C0692EA
:1029D0000A9305900990FFF73FB9D707E5D4049B08
:1029E0009B899E05E1D4049B986DFAF7F7FCDCE720
:1029F000059A0993CDE905320B960A92FFF78BB839
:102A0000049A536ED807D0D493899905CDD4906D8C
:102A1000FAF7E4FCC9E70B9A98F8013052F8041B66
:102A20000B9241EAE17180460591FEF76DBF0846C1
:102A3000E3E4049A938943F040039381FFF73FB89E
:102A40000996FFF770B8069350E5059B0122012B0C
:102A5000B8BF01230DF20F150A92FFF7BBBA099315
:102A6000FFF788B8E4280020CDCCCCCCA8240020E7
:102A7000F0B50D46ADF2744D164689896A6E1B920B
:102A8000EA89ADF8162021F00201EA69ADF81410C8
:102A900009921CA96A6A0291074606910B924FF4AB
:102AA0008061002218A80193049107910892FAF717
:102AB0008FFC3246019B02A93846FEF7B5FE061E82
:102AC00007DB02A93846FDF7CDFD002818BF4FF0FF
:102AD000FF36BDF814305B0603D5AB8943F04003E5
:102AE000AB811898FAF776FC30460DF2744DF0BDC4
:102AF000936810B514461BB918460023636010BDD7
:102B000000F068F80023A3600023636010BD00BFDD
:102B10002DE9F0438E681D46AE420B6883B00C462B
:102B200090463AD8B1F90CC01CF4906F0FD13546DD
:102B3000184641462A46F9F7EBFFA3689E1B236817
:102B4000A6602B440020236003B0BDE8F0834A69EF
:102B5000096902EB42025E1A02EBD2726B1C521040
:102B60003344934294BF17461F46934288BF1A4688
:102B70001CF4806F814612D01146F9F777F9F0B155
:102B8000324621690190F6F719FDA289019B22F4D2
:102B9000906242F08002A28105E02E46C8E7F9F774
:102BA00047FC034638B123613344BE1BA66067610E
:102BB00023602E46BCE721694846FAF7E5FEA38963
:102BC0000C2243F04003C9F800204FF0FF30A381EE
:102BD000BAE700BF9368002B00F0B7802DE9F04FF3
:102BE000B1F90CC01CF0080F83B00C4680461746A4
:102BF0002DD00B695BB31CF002033E6833D04FF05D
:102C0000000ADFF8C4B25546B9465D452B46524628
:102C100028BF5B464046B5B1E169676AB8470028FE
:102C200040F38B80D9F808301B1A8244C9F8083069
:102C3000002B79D02D1A5D452B46524628BF5B46A6
:102C40004046002DE8D1D6E900A50836DDE721464B
:102C5000404600F03BF9002874D1B4F90CC03E683E
:102C60001CF00203CBD11CF0010A70D1236800973D
:102C70005546002D54D01CF4007FD4F80890184617
:102C800000F0AB80A945CB4600F2E4801CF4906FC5
:102C900034D021696269A3EB010902EB420202EB25
:102CA000D27209F1010352102B44934294BF934610
:102CB0009B46934288BF1A461CF4806F00F0E9805F
:102CC00011464046F9F7D2F8002800F0F7804A464E
:102CD00021690190F6F772FCA289019B22F49062AF
:102CE00042F08002A28103EB09002361ABEB0903F0
:102CF000C4F814B0A3602060A946AB4651465A46BA
:102D0000F9F706FFA2682368A2EB0902A260009A05
:102D100091685B44491B2360916029B1B4F90CC0F0
:102D2000D6E900A50836A4E7002003B0BDE8F08F7F
:102D300021464046FDF796FC68B3B4F90C3043F0E9
:102D40004003A3814FF0FF30EFE7002070471D469E
:102D50009A461846B946009365B3002831D05246CA
:102D6000D4E904132068AA4228BF2A46884204D91D
:102D7000A16803EB010B5A457CDC93426DDCE169F1
:102D8000009A676A4046B847B0F1000BD5DDBAEB50
:102D90000B0ACDD00120D9F80830A3EB0B03C9F8FA
:102DA0000830002BC0D0009BA5EB0B055B440093C3
:102DB000002DD2D1756833460836002DFAD01B6835
:102DC0000093009F2A460A213846FAF789FC00281A
:102DD00071D00130A0EB070AC1E722699A4221D3E2
:102DE0006269AA421ED86FF00043AB4228BF2B464F
:102DF000E16993FBF2F3676A02FB03F34046524634
:102E0000B847B0F1000998DD009A9368A3EB090375
:102E1000A5EB09059360002B86D0B4F90CC023689C
:102E2000CA4426E7A94528BFA94618464A4651463E
:102E3000F9F76EFEA2682368A2EB09024B44A26078
:102E40002360002AE0D121464046FDF70BFC002814
:102E5000DAD072E7A946AB4650E700990192F9F73C
:102E600057FE019AA3689B1AA3602368134423604A
:102E700093468CE700995A46F9F74AFE23685B446B
:102E8000236021464046FDF7EDFB00283FF47FAF6D
:102E900053E74046F9F7CCFA034600287FF423AF06
:102EA00021694046FAF770FDA3890C22C8F800207A
:102EB00023F0800343E76A1C924651E70C22B4F9E1
:102EC0000C30C8F800203AE700FCFF7F10B5354B06
:102ED0000446186882B00B4610B1426B002A53D0EA
:102EE000B3F90C20110711D51869C8B1B3F90C203A
:102EF00012F0010126D059694FF0000C4942C3F885
:102F000008C0996120B3002002B010BDD00640D5A2
:102F1000510723D4186942F008029A810028E5D1AC
:102F20009A8902F42072B2F5007FDFD0194620465C
:102F3000019300F0C9F8019BB3F90C20186912F055
:102F40000101D8D1940758BF596999600028DAD196
:102F50001106D9D542F040029A811FE0196B61B188
:102F600003F14000814206D020460193FAF70CFDA0
:102F7000019BB3F90C200021196318690021C3E9F2
:102F8000000122F02402C6E70191F9F791FC019BB0
:102F9000A6E7092142F0400221609A814FF0FF30FC
:102FA000B2E700BFA03100202DE9F04F8BB0DDE982
:102FB0001589149F02901C46B8F1000F57D016686F
:102FC00001960029C34608BF4FF0FF370025884609
:102FD0000391924606E0019B53F8040B01930028ED
:102FE00037D06546AF423ED9002C3CD0DBF80030EC
:102FF0000493DBF804300593019B02981A68D9F812
:10300000C8615B4606A9B047431C33D000EB050CF2
:10301000BC453AD8039B013C002BDCD000280DDDD9
:1030200008F1FF32019E06A900EB020E11F8013BE8
:1030300002F8013F7245F9D101968044019BDAF80C
:10304000002053F8040B01930432CAF80020002832
:10305000C7D10399D84609B1CAF800000022C8F8C0
:1030600000200CF1FF3528460BB0BDE8F08F00F5CD
:103070008678A4E7029B05468A210022284619602B
:10308000CBF800200BB0BDE8F08FD846DDF810A0DB
:10309000DDF814B02846C8E900AB0BB0BDE8F08FEE
:1030A00000B585B0DFF81CC0069800900798019025
:1030B00003480068CDF808C0FFF776FF05B000BDF3
:1030C000A0310020382F0020B1F90C20930706D53D
:1030D00001F143030122C1E904320B60704730B5AE
:1030E0000B46B1F90E10002999B0044632DB02AA52
:1030F000009300F05BF80028009B29DB4FF480610F
:1031000020460093039DF8F7B1FE009BB3F90C2015
:10311000002839D005F4704142F08002186018612F
:10312000B1F5005F4FF480609A8158613AD1B3F9EC
:103130000E100093204600F04DF8009BB3F90C20D0
:1031400080B322F0030242F001024FF4006117E065
:10315000B3F90C20019312F0800F0CBF4FF4806183
:10316000402120460091F8F781FE019B0099B3F9B8
:103170000C2048B1C3E9040142F08002186000212C
:103180000A439A8119B030BD9105FBD422F00302A5
:1031900003F1430142F002020120C3E904109A81C5
:1031A0001960EFE74FF40061EAE700BF38B5084C5B
:1031B00000230546084611462360F6F7B1FB431C81
:1031C00000D038BD2368002BFBD02B6038BD00BF7A
:1031D000B031032038B5074C00230546084623606C
:1031E000F6F7A4FB431C00D038BD2368002BFBD0AE
:1031F0002B6038BDB03103205FF800F0A11D0060E6
:103200005FF800F0FD1C00600000000000000000FE
:04321000F8B500BF4E
:08321400A884FF7F0100000007
:10321C0000000000000000000000000000000000A2
:10322C000000000000000000000000000000000092
:10323C000000000000000000000000000000000082
:10324C000000000000000000000000000000000072
:10325C000000000000000000000000000000000062
:10326C000000000000000000000000000000000052
:10327C000000000000000000000000000000000042
:10328C000000000000000000000000000000000032
:10329C000000000000000000000000000000000022
:1032AC000000000000000000000000000000000012
:1032BC000000000000000000000000000000000002
:1032CC0000000000000000000000000000000000F2
:1032DC0000000000000000000000000000000000E2
:1032EC0000000000000000000000000000000000D2
:1032FC0000000000000000000000000000000000C2
:10330C0000000000000000000000000000000000B1
:10331C0000000000000000000000000000000000A1
:10332C000000000000000000000000000000000091
:10333C000000000000000000000000000000000081
:10334C000000000000000000000000000000000071
:10335C000000000000000000000000000000000061
:10336C000000000000000000000000000000000051
:10337C000000000000000000000000000000000041
:10338C000000000000000000000000000000000031
:10339C000000000000000000000000000000000021
:1033AC000000000000000000000000000000000011
:1033BC000000000000000000000000000000000001
:1033CC0000000000000000000000000000000000F1
:1033DC0000000000000000000000000000000000E1
:1033EC0000000000000000000000000000000000D1
:1033FC0000000000000000000000000000000000C1
:10340C0000000000000000000000000000000000B0
:10341C0000000000000000000000000000000000A0
:10342C000000000000000000000000000000000090
:10343C000000000000000000000000000000000080
:10344C000000000000000000000000000000000070
:10345C000000000000000000000000000000000060
:10346C000000000000000000000000000000000050
:10347C000000000000000000000000000000000040
:10348C000000000000000000000000000000000030
:10349C00010000000000000001000000000000001E
:1034AC00010000000000000001000000000000000E
:1034BC00000000000000F03F748515D3B0D9EF3F39
:1034CC000F89F96C58B5EF3F515B12D00193EF3F68
:1034DC007B517D3CB872EF3FAAB968318754EF3FFE
:1034EC003862756E7A38EF3FE1DE1FF59D1EEF3FB7
:1034FC0015B7310AFE06EF3FCBA93A37A7F1EE3FDD
:10350C002234124CA6DEEE3F2D89616008CEEE3FD0
:10351C00272A36D5DABFEE3F824F9D562BB4EE3FAD
:10352C00295448DD07ABEE3F85553AB07EA4EE3FFB
:10353C00CD3B7F669EA0EE3F745FECE8759FEE3F3F
:10354C008701EB7314A1EE3F13CE4C9989A5EE3F86
:10355C00DBA02A42E5ACEE3FE5C5CDB037B7EE3F78
:10356C0090F0A38291C4EE3F5D253EB203D5EE3FB1
:10357C00ADD35A999FE8EE3F475EFBF276FFEE3FE4
:10358C009C5285DD9B19EF3F6990EFDC2037EF3FB4
:10359C0087A4FBDC1858EF3F5F9B7B33977CEF3F96
:1035AC00DA90A4A2AFA4EF3F40456E5B76D0EF3F1C
:1035BC00000000000000E8429423914BF86AAC3FF5
:1035CC00F3C4FA50CEBFCE3FD6520CFF422EE63F8C
:1035DC000000000000003843FE822B654715474071
:1035EC009423914BF86ABC3EF3C4FA50CEBF2E3FE5
:1035FC00D6520CFF422E963F0080E03779C34143F0
:10360C00176E05B5B5B89346F5F93FE9034F384D3C
:10361C00321D30F94877825A3CBF737FDD4F1575E8
:10362C00000000000000F03F0000000000002440FB
:10363C0000000000000059400000000000408F40D6
:10364C00000000000088C34000000000006AF84041
:10365C000000000080842E4100000000D012634165
:10366C000000000084D797410000000065CDCD41DB
:10367C00000000205FA00242000000E876483742BC
:10368C00000000A2941A6D42000040E59C30A2425A
:10369C000000901EC4BCD64200003426F56B0C43CF
:1036AC000080E03779C3414300A0D8855734764376
:1036BC0000C84E676DC1AB43003D9160E458E143D7
:1036CC00408CB5781DAF154450EFE2D6E41A4B444C
:1036DC0092D54D06CFF08044F64AE1C7022DB54491
:1036EC00B49DD9794378EA44BEF3F879EC61F63F9E
:1036FC001930965BC6FEDEBF3D88AF4AED71F53FD3
:10370C00A4FCD432680BDBBFB010F0F03995F43F59
:10371C007BB71F0A8B41D7BF8503B8B095C9F33F60
:10372C007BCF6D1AE99DD3BFA564880C190DF33FAF
:10373C0031B6F2F39B1DD0BFA08E0B7B225EF23F05
:10374C00F07A3B1B1D7CC9BF3F341A4A4ABBF13F80
:10375C009F3CAF93E3F9C2BFBAE58AF05823F13F1F
:10376C005C8D78BFCB60B9BFA70099413F95F03F06
:10377C00CE5F47B69D6FAABF000000000000F03F6F
:10378C000000000000000000AC479AFD8C60EE3F8A
:10379C003DF5249FCA38B33FA06A021FB3A4EC3F87
:1037AC00BA913854A976C43FE6FC6A573620EB3FF1
:1037BC00D2E4C44A0B84CE3F2DAAA163D1C2E93F07
:1037CC001C65C6F04506D43FED417803E686E83F1C
:1037DC00F89F1B2C9C8ED83F624853F5DC67E73F63
:1037EC00CC7BB14EA4E0DC3F0B6E49C91676D23FC0
:1037FC007AC675A06919D7BFDDBAA76C0AC7DE3FB8
:10380C00C8F6BE484715E7BF2BB82A654715F73FE2
:10381C00000000000000F03F000000000000F0BFBE
:10382C00000000000000F0BF000000000000F03FAE
:10383C0083C8C96D305F6441182D4454FB21F93F96
:10384C00000000000000F03F1C620CFDFFFFDFBF1A
:10385C00198F06E15355A53F9D359AE887C056BF91
:10386C00C3F87B024393F93E03A695595455C5BF43
:10387C00C40B23057610813F24CF7437EB9429BFFA
:10388C00000000000000F03F000000000000F0BF4E
:10389C00000000000000F0BF000000000000F03F3E
:1038AC0083C8C96D305F6441182D4454FB21F93F26
:1038BC00000000000000F0BF1C620CFDFFFFDF3FAA
:1038CC00198F06E15355A5BF9D359AE887C0563F21
:1038DC00C3F87B024393F9BE03A695595455C5BF53
:1038EC00C40B23057610813F24CF7437EB9429BF8A
:1038FC0001000000010000000200000002000000B6
:10390C00040000000400000004000000010000009E
:10391C00000000000000000008000000080000008B
:10392C000800000000020406241B00200000000018
:10393C00341B002020000000441B0020400000002D
:10394C00541B002060000000681B00208000000059
:10395C00781B0020A0000000881B0020C000000085
:10396C00981B0020E0000000AC1B002000010000B0
:10397C00BC1B002020010000C81B002040010000DF
:10398C00D41B002060010000002000200000040473
:10399C000100000004000000010000000200000013
:1039AC0020000000120000002000000014000000A5
:1039BC0000000000000000000000000000000000FB
:1039CC00200000001600000020000000180000007D
:1039DC002000000022000000200000002400000055
:1039EC000001000054000000000100006E00000007
:1039FC00000100009000000000010000B000000079
:103A0C0000010000D20000000001000024010000B1
:103A1C00202070726F6D707420646964206E6F74F6
:103A2C0020656E636F646500202070726F6D70741A
:103A3C0020746F6F206C6F6E6720666F72207468D5
:103A4C00652025642D706F736974696F6E206361D6
:103A5C00636865000A202070726F6D70743A2022C2
:103A6C002573220070726F6D7074206964733A0054
:103A7C002020666F7277617264206661696C656480
:103A8C0020617420737465702025643A20257300BE
:103A9C005C782530325800007374657020256420E2
:103AAC00706F732025642066656420256C64202D5E
:103ABC003E20746F703120256C6420252E396720D0
:103ACC00746F703220256C6420252E396720746544
:103ADC00787420222573220020202020252E316688
:103AEC0020733A20534420252E3166204D42206904
:103AFC006E20252E316620732028252E3266204D0F
:103B0C00422F73292C20505352414D20252E3066C4
:103B1C00204B42207265616420252E3166204B4279
:103B2C00207772697474656E20696E20252E32665A
:103B3C0020732C20636F6D7075746520252E316693
:103B4C0020733B20505352414D2073656C662D639E
:103B5C006865636B20736F206661723A20256C7503
:103B6C0020726561647320636F727265637465643F
:103B7C002C20256C75207772697465732072652D05
:103B8C00646F6E652C20256C7520756E7265736F75
:103B9C006C7665640000000020203E3E2000000092
:103BAC000A2020414E535745523A20257325730065
:103BBC002020256420666F727761726420706173B7
:103BCC0073657320696E20252E306620732C20259A
:103BDC002E3166207320656163683B20252E32668A
:103BEC0020474220726561642066726F6D20746894
:103BFC0065206361726400002020505352414D20B7
:103C0C0073656C662D636865636B206F76657220D7
:103C1C007468652077686F6C652072756E3A202524
:103C2C006C7520726561647320636F727265637466
:103C3C0065642C20256C752077726974657320720D
:103C4C00652D646F6E652C20256C7520756E726504
:103C5C00736F6C76656400002020444F4E452E2017
:103C6C005479706520616E6F746865722070726F24
:103C7C006D707420616E6420707265737320456E74
:103C8C007465722E0000000077726974652072658D
:103C9C002D646F6E6500000020202020505352418F
:103CAC004D2073656C662D636865636B3A202573D4
:103CBC0020617420256C7520282B256C75292C20EF
:103CCC00256C752062797465287329206469666691
:103CDC0065726564000000007772697465206E651A
:103CEC007665722072656164206261636B20726913
:103CFC00676874000A3D3D3D3D3D3D3D3D3D3D3DCC
:103D0C003D3D3D3D3D3D3D3D3D3D3D3D3D3D3D3DD7
:103D1C003D3D3D3D3D3D3D3D3D3D3D3D3D3D3D3DC7
:103D2C003D3D3D3D3D3D3D3D3D3D3D3D3D3D3D3DB7
:103D3C003D3D3D3D3D3D3D3D3D3D3D3D3D0000005E
:103D4C002020707372616D5F6C6C6D202D2D206165
:103D5C002033422D706172616D65746572206C61E7
:103D6C006E6775616765206D6F64656C206F6E2082
:103D7C0061205465656E737920342E31000000008B
:103D8C002020776569676874733A20737472656173
:103D9C006D65642066726F6D20746865206D696353
:103DAC00726F53442C20657665727920746F6B6545
:103DBC006E00000020206D656D6F72793A202074C2
:103DCC00686520505352414D2062616E6B73202DFB
:103DDC002D20746F6B656E697A65722C206E6F7214
:103DEC006D732C20617474656E74696F6E206361E1
:103DFC0063686500202063707520256C75204D4824
:103E0C007A0000003D3D3D3D3D3D3D3D3D3D3D3D50
:103E1C003D3D3D3D3D3D3D3D3D3D3D3D3D3D3D3DC6
:103E2C003D3D3D3D3D3D3D3D3D3D3D3D3D3D3D3DB6
:103E3C003D3D3D3D3D3D3D3D3D3D3D3D3D3D3D3DA6
:103E4C003D3D3D3D3D3D3D3D3D3D3D3D000000008A
:103E5C000A2020505352414D20646973636F76657C
:103E6C0072793A2061736B696E6720616C6C207497
:103E7C00656E2073656C6563747320666F72206168
:103E8C006E206964656E7469747900006162736593
:103E9C006E74200020202020252D347320257320C3
:103EAC00206964202530325820253032580000001B
:103EBC0050524553454E54002020256420636869B8
:103ECC00707320616E737765726564000A202071CF
:103EDC0075616C696679696E6720656163683A2003
:103EEC00717561642066697273742C207468656ED8
:103EFC002073696E676C652D6269742C20636F6E1C
:103F0C006669726D6564206F766572202575206B0D
:103F1C004220666F75722074696D65730000000035
:103F2C002020202020202020256C752077726F6E99
:103F3C0067206F766572202575206B422061742096
:103F4C00777269746520256420726561642025642C
:103F5C0020627572737420256400000020202020DC
:103F6C002020252D347320252D3131732065646775
:103F7C0065207772697465202532642072656164EE
:103F8C00202532642C2072756E6E696E6720617408
:103F9C002077726974652025326420726561642013
:103FAC002532642062757273742025326420736527
:103FBC0074757020253264202D3E2025352E3266F6
:103FCC00204D422F73000000202020202020252D82
:103FDC003473206E6F2025732073657474696E675B
:103FEC00207375727669766573202575206B420097
:103FFC0020202020202025733A20256C75207772F4
:10400C006F6E67206F6E2073746162696C6974796E
:10401C0020706173732025643B206C656176696E3A
:10402C0067206974206F7574000000002020202028
:10403C00202025733A206E6F7420757361626C6555
:10404C00000000000A202070726F76696E67206590
:10405C007665727920627974653A2066696C6C2099
:10406C00616C6C2025642062616E6B732028256462
:10407C00204D422920776974682062616E6B2D7423
:10408C00616767656420646174612C207468656E77
:10409C00207265616420616C6C206261636B00004E
:1040AC0020202020252D34732066696C6C656420DB
:1040BC0038204D4220696E20252E31662073000079
:1040CC002020505352414D20696E207573653A2063
:1040DC0025642062616E6B732C20256C75206279CF
:1040EC00746573006665776572207468616E207400
:1040FC00776F20505352414D2062616E6B7320706C
:10410C0061737365643B2074686520746F6B656EB6
:10411C00697A657220616C6F6E65206E656564737B
:10412C0020382E33204D42000A202048414C544563
:10413C00443A2025730000000A2020534420636178
:10414C00726400007177656E33622E676775660066
:10415C006E6F20534420636172642C206F7220694F
:10416C007420646964206E6F7420696E697469616F
:10417C006C69736520286275696C742D696E207387
:10418C006C6F742C205344494F29000020202020B0
:10419C007177656E33622E676775663A20256C6C95
:1041AC0075206279746573007177656E33622E6762
:1041BC00677566206E6F7420666F756E64206F6E07
:1041CC002074686520636172640000002020202048
:1041DC002564206C61796572732C2064696D2025CF
:1041EC00642C2068696464656E2025642C20256429
:1041FC0020686561647320282564206B76292C2047
:10420C00686561645F64696D2025642C20766F633A
:10421C006162756C6172792025642C20256C752087
:10422C006D6572676573000020202020252E306696
:10423C0020706172616D657465727320696E207493
:10424C0068652066696C65002020202072656164B9
:10425C002066726F6D2074686520636172642070D3
:10426C00657220746F6B656E3A20256C6C752062DC
:10427C0079746573000000002020202050535241B7
:10428C004D207573656420256C75206F6620256C38
:10429C00753A20746F6B656E697A657220256C7542
:1042AC002C206E6F726D732B6269617365732025A0
:1042BC006C752C20617474656E74696F6E2063610B
:1042CC0063686520256C752028256420706F7369E0
:1042DC0074696F6E732900000A2020747970652050
:1042EC00612070726F6D707420616E6420707265E5
:1042FC00737320456E7465722077697468696E20DB
:10430C00333020732C206F722074686520646566CE
:10431C0061756C742072756E7300000054686520B2
:10432C006361706974616C206F66204672616E63A4
:10433C00652069730000000020202020252D347397
:10434C0020252D3131732072656164206261636BAD
:10435C002038204D4220696E20252E316620732096
:10436C0028252E3266204D422F73293A20256C7554
:10437C002077726F6E6725730000000020202D3EA1
:10438C002044524F505045440000000053442072CA
:10439C00656164206661696C656420647572696E20
:1043AC00672074686520726174652074657374008D
:1043BC002020202073657175656E7469616C2072A4
:1043CC006561643A203332204D4220696E20252EDF
:1043DC0032662073203D20252E3266204D422F73ED
:1043EC00000000000A20206F70656E696E672074F3
:1043FC006865206D6F64656C3A20746F6B656E69CF
:10440C007A657220696E746F20505352414D2C2086
:10441C006E6F726D7320616E642062696173657377
:10442C0020696E746F20505352414D2C2063616390
:10443C006865206C616964206F75740020202020F1
:10444C00252E316620733B20505352414D2073650D
:10445C006C662D636865636B3A20256C75207265FC
:10446C0061647320636F727265637465642C2025BC
:10447C006C75207772697465732072652D646F6E2C
:10448C00652C20256C7520756E7265736F6C766566
:10449C00640000007265616420636F7272656374FE
:1044AC006564206279206D616A6F726974790000AD
:1044BC00726561642C20746872656520636F706925
:1044CC0065732064697361677265650043533000DE
:1044DC00435331005930000059310000593200006B
:1044EC00593300005934000059350000593600008A
:1044FC0059370000717561640000000073696E67C4
:10450C006C6520307830330073696E676C652030D1
:10451C007830420074656E736F7220747970652008
:10452C00256C7520756E737570706F727465640090
:10453C00256C7520636F6C756D6E73206E6F7420B7
:10454C0061206D756C7469706C65206F6620626C8F
:10455C006F636B006C6179657220256420686173F0
:10456C00206E6F20257300006C61796572202564C4
:10457C0020257320697320256C7578256C752C208B
:10458C00657870656374656420256C7578256C7529
:10459C00000000006C617965722025642025732071
:1045AC007479706520256C7520686173206E6F209E
:1045BC006675736564206B65726E656C0000000037
:1045CC00726F77206F6620256C7520627974657325
:1045DC00206F76657220544C5F524F5742554600FF
:1045EC00505352414D2066756C6C3A206E65656473
:1045FC0020256C75206D6F7265206279746573204F
:10460C00617420256C75206F6620256C7500000088
:10461C0053442072656164206661696C6564206135
:10462C007420256C6C7520282B256C7529000000D6
:10463C006D6F64656C2066696C65207472756E6351
:10464C006174656420617420256C6C750000000039
:10465C00726F77207769646572207468616E20745C
:10466C00686520726F77206275666665720000005F
:10467C00736B6970207061737420656E64206F6653
:10468C002066696C65000000505352414D207265E4
:10469C006164206F75747369646520746865207338
:1046AC00746F72653A20256C752B256C75203E2035
:1046BC00256C7500505352414D2072656164206623
:1046CC0061696C656420617420256C7520282B252C
:1046DC006C752900505352414D20777269746520D6
:1046EC006F757473696465207468652073746F7278
:1046FC00653A20256C752B256C75203E20256C7534
:10470C0000000000505352414D20777269746520AF
:10471C006661696C656420617420256C7520282B9A
:10472C00256C75290000000073746F72656420732A
:10473C007472696E6720256C7520746F6F206C6FB6
:10474C006E670000736D616C6C2074656E736F72B4
:10475C00206F6620256C7520656C656D656E7473B5
:10476C002C20657870656374656420256C75000079
:10477C00736D616C6C2074656E736F7220747970DC
:10478C006520256C7500000064657175616E742080
:10479C006F6620736D616C6C2074656E736F720044
:1047AC00737472696E6720256C7520746F6F206C42
:1047BC006F6E6700737472696E67206172726179D3
:1047CC00206F6620256C6C7520656E74726965733C
:1047DC000000000062616420737472696E672025AA
:1047EC006C6C7500746F6B656E697A65722073748E
:1047FC0072696E6720256C6C7520697320256C6C52
:10480C007520627974657320286C696D6974202534
:10481C0064290000505352414D2066756C6C207712
:10482C0068696C652073746F72696E67207374723B
:10483C00696E6773000000007C3E00006661696C65
:10484C00656400006E6F74206120474755462066F2
:10485C00696C65007472756E63617465642068655B
:10486C006164657200000000696D706C617573693C
:10487C00626C6520636F756E7473000062616420F6
:10488C006B657920617420656E74727920256C6C6F
:10489C00750000006261642076616C756520666F3E
:1048AC0072202573000000006261642061727261E5
:1048BC00792068656164657220666F7220257300CB
:1048CC00746F6B656E697A65722E67676D6C2E748A
:1048DC006F6B656E73000000746F6B656E697A6543
:1048EC00722E67676D6C2E6D6572676573000000C4
:1048FC006172726179206F66207479706520256C05
:10490C007520696E202573006E6F20746F6B656E59
:10491C00697A65722E67676D6C2E746F6B656E733A
:10492C00000000006261642074656E736F72202554
:10493C006C6C75006261642074656E736F722025F7
:10494C007300000062616420646573637269707443
:10495C006F7220666F72202573000000746F6B6598
:10496C006E5F656D62642E77656967687400000020
:10497C006F75747075745F6E6F726D2E7765696785
:10498C00687400006F75747075742E77656967684C
:10499C0074000000626C6B2E000000006C61796585
:1049AC0072202564206F76657220544C5F4D4158FF
:1049BC005F4C415945525300756E737570706F7230
:1049CC007465642074656E736F722025730000002B
:1049DC0067656E6572616C2E616C69676E6D656E74
:1049EC00740000006E6F2067656E6572616C2E61DD
:1049FC0072636869746563747572650067656E656A
:104A0C0072616C2E6172636869746563747572652A
:104A1C00000000007177656E3200000061726368FF
:104A2C0069746563747572652025733A20746869BE
:104A3C00732072756E74696D6520696D706C656D2F
:104A4C00656E7473207177656E32000025732E25A8
:104A5C0073000000626C6F636B5F636F756E740044
:104A6C00656D62656464696E675F6C656E677468BA
:104A7C0000000000666565645F666F727761726442
:104A8C005F6C656E67746800617474656E74696FD1
:104A9C006E2E686561645F636F756E740000000054
:104AAC00617474656E74696F6E2E686561645F63A2
:104ABC006F756E745F6B7600617474656E74696F7C
:104ACC006E2E6C617965725F6E6F726D5F726D7355
:104ADC005F657073696C6F6E00000000726F7065BB
:104AEC002E667265715F626173650000696E636F3B
:104AFC006D706C657465206172636869746563744C
:104B0C00757265206D6574616461746100000000EC
:104B1C00617474656E74696F6E2E6B65795F6C650C
:104B2C006E677468000000006578706572745F636E
:104B3C006F756E74000000006D6978747572652D68
:104B4C006F662D65787065727473206973206E6F53
:104B5C007420696D706C656D656E74656420686534
:104B6C00726500006D6F64656C2073686170652000
:104B7C006F7665722074686973206275696C64273E
:104B8C0073206C696D69747320286C61796572731C
:104B9C002025642064696D2025642068696464653F
:104BAC006E202564206865616473202564206B7613
:104BBC0020256429000000006E6F20746F6B656EF9
:104BCC005F656D62642E776569676874000000002C
:104BDC00746F6B656E697A65722E67676D6C2E6289
:104BEC006F735F746F6B656E5F696400746F6B6578
:104BFC006E697A65722E67676D6C2E656F735F7464
:104C0C006F6B656E5F6964006E6F206F7574707585
:104C1C00745F6E6F726D2E77656967687400000043
:104C2C006174746E5F7100006174746E5F6B000070
:104C3C006174746E5F7600006174746E5F6F75746E
:104C4C007075740066666E5F6761746500000000C5
:104C5C0066666E5F7570000066666E5F646F776E79
:104C6C00000000006C617965722025642068617316
:104C7C00206E6F206E6F726D730000006F75747014
:104C8C007574206865616420697320256C752077C4
:104C9C006964650068656164207479706520256CB1
:104CAC0075000000505352414D206C6566742066AF
:104CBC006F722074686520636163686520686F6C2F
:104CCC00647320256C6C7520706F736974696F6EDA
:104CDC00730000006D6F64656C206E6F74206F70D4
:104CEC00656E0000706F736974696F6E20256420A7
:104CFC006F75747369646520302E2E256400000076
:104D0C00746F6B656E202564206F757473696465B0
:104D1C002074686520766F636162756C61727900CE
:104D2C00656D62656464696E6720747970652025B1
:104D3C006C7500006174746E5F712E7765696768BD
:104D4C00740000006174746E5F6B2E776569676820
:104D5C00740000006174746E5F762E776569676805
:104D6C00740000006174746E5F6F75747075742ECE
:104D7C00776569676874000066666E5F6761746565
:104D8C002E7765696768740066666E5F75702E773E
:104D9C00656967687400000066666E5F646F776EA5
:104DAC002E776569676874006174746E5F6E6F72DC
:104DBC006D2E7765696768740000000066666E5F2B
:104DCC006E6F726D2E776569676874006174746EAE
:104DDC005F712E62696173006174746E5F6B2E6219
:104DEC00696173006174746E5F762E626961730021
:104DFC002773000027740000277265002776650072
:104E0C00276D0000276C6C00276400004558464154
:104E1C00540000002E0000004C435F434F4C4C41AB
:104E2C00544500004C435F4354595045000000006A
:104E3C004C435F4D4F4E4554415259004C435F4ECD
:104E4C00554D4552494300004C435F54494D450074
:104E5C004C435F4D455353414745530042616C6C85
:104E6C006F6320737563636565646564000000009F
:104E7C002F646174612F6A656E6B696E732F776F27
:104E8C00726B73706163652F474E552D746F6F6C29
:104E9C00636861696E2F61726D2D31352D352F73FD
:104EAC0072632F6E65776C69622D63796777696EB3
:104EBC002F6E65776C69622F6C6962632F737464F3
:104ECC006C69622F6D707265632E6300494E4600EB
:104EDC00696E66004E414E006E616E0030313233A9
:104EEC00343536373839616263646566000000001A
:104EFC003031323334353637383941424344454604
:104F0C0000000000286E756C6C2900003000000059
:104F1C002C2066756E6374696F6E3A200000000079
:104F2C00617373657274696F6E202225732220661B
:104F3C0061696C65643A2066696C65202225732270
:104F4C002C206C696E65202564257325730A00007E
:104F5C00496E66696E697479000000004E614E00FE
:104F6C002F646174612F6A656E6B696E732F776F36
:104F7C00726B73706163652F474E552D746F6F6C38
:104F8C00636861696E2F61726D2D31352D352F730C
:104F9C0072632F6E65776C69622D63796777696EC2
:104FAC002F6E65776C69622F6C6962632F73746402
:104FBC006C69622F64746F612E630000FF007801CE
:104FCC0080014302880187018C018B0192019101C0
:104FDC009501F601990198019A013D029E0120026A
:104FEC00A801A701AD01AC01B001AF01B901B80135
:104FFC00BD01BC01BF01F701C601C401C901C70154
:10500C00CC01CA01DD018E01F301F101F501F401BE
:10501C003A02652C3C023B023E02662C42024102E3
:10502C0053028101540286015602890157028A01FA
:10503C0059028F015B02900160029301630294019B
:10504C0068029701690296016B02622C6F029C0147
:10505C0072029D0175029F017D02642C8002A601E3
:10506C008302A9018802AE01890244028A02B101BD
:10507C008B02B2018C0245029202B7017B03FD0345
:10508C007C03FE037D03FF03AC038603C203A3036F
:10509C00CC038C03CD038E03CE038F03F203F903F1
:1050AC00F803F703FB03FA03CF04C0047D1D632C44
:1050BC00511F591F531F5B1F551F5D1F571F5F1F2C
:1050CC00781FF81F791FF91FB31FBC1FCC1FC31FFC
:1050DC00E51FEC1FFC1FF31F4E213221842183217D
:1050EC00612C602C762C752C69160000311900008F
:1050FC00291C0000392000005924000089280000D8
:10510C00C92C000019310000B953000029580000C7
:10511C00B15E000041630000D1690000B18F000056
:10512C008D940000759900007D9E000001A900007F
:10513C0051AE0000591100005D1300001D4000002D
:10514C00814E0000156D00007537000061390000BC
:10515C00593B00008D8B00009DA400003DB9000060
:10516C00E9B600009DBE000021C40000F9CE00008D
:10517C0061D500006DC70000EDDB000095DF00007D
:10518C00A5170000711A00006D1D000081210000A0
:10519C00A5250000D92900001D2E00007132000049
:1051AC00155500008959000015600000A964000025
:1051BC003D6B00002D9100000D960000FD9A000043
:1051CC000DA0000099AA0000F9AF000015440000E2
:1051DC00554A0000F5500000311F0000512300001B
:1051EC0081270000C12B000011300000715200001B
:1051FC0021570000A95D000039620000C968000059
:10520C00958E00007193000059980000619D00007C
:10521C00E5A7000035AD0000D9460000495B000051
:10522C00E53D00007D4B00007966000079420000EE
:10523C0035450000A94800003989000021A2000072
:10524C0045B400003DB2000021BC000085C1000047
:10525C002DCC000051D20000FDC90000B5D80000D3
:10526C00F9E3000000000000010000000200000053
:10527C000300000004000000050000000600000010
:10528C000700000008000000090000000A000000F0
:10529C000B0000000C0000000D0000000E000000D0
:1052AC0010000000120000001400000018000000A4
:1052BC006100E01AE000E017F800E007000101309F
:1052CC0032010106390101104A01012E7901010652
:1052DC0082010104A0010106B3010104CD010110FA
:1052EC00DE010112F8010128220201124602010A14
:1052FC00AD03DB03B103E011C303E009D8030118CC
:10530C003004E0205004B010600401228A040136FD
:10531C00C104010ED00401446105D026001E019683
:10532C00A01E015A001F0808101F0806201F08089D
:10533C00301F0808401F0806601F0808701F4A022B
:10534C00721F5604761F64027A1F70027C1F7E0245
:10535C00801F0808901F0808A01F0808B01F08022B
:10536C00D01F0802E01F08027021F010D024E61AAA
:10537C00302CD02F672C0106802C0164002D0026C8
:10538C0041FFE01AE4120020EC120020F812002079
:10539C0000000000000000008136000029370000EA
:1053AC00F1100000B1360000DD3600003D37000082
:1053BC00C536000000000000000000004D4E01004A
:1053CC00594E0100514E0100F54E01007D54010073
:1053DC00AD53010009540100A552010065500100B4
:1053EC00B55801007D4D0100E14D01004D55010006
:1053FC00694D01006D4D0100754D0100794D0100A5
:10540C007D50010055560100D1560100BD510100DF
:10541C00614D0100714D0100B5570100E1540100CF
:10542C006D4E010000000000000000000971010039
:10543C0025840100218401001D84010019840100D0
:10544C0015840100118401000D840100000000008E
:10545C00000000008136000029370000F110000028
:10546C00B1360000DD3600003D370000C5360000C7
:10547C000000000000000000795A01007D5A010074
:10548C00E5580100755E0100A5690100DD610100B0
:10549C0025460100AD5A0100896901008D6A0100A1
:1054AC0065620100BD450100E9630100095A010074
:1054BC00155A0100D9580100DD580100E1580100CE
:1054CC00215A0100455A0100695A0100F55E01009C
:1054DC00915A0100D95C0100415F0100016001009B
:1054EC0000000000BC12002001000000C0120020CF
:1054FC0002000000C412002002010000C8120020AB
:10550C0002020000CC12002002030000D012002086
:10551C0002040000D412002002050000D812002062
:10552C0002060000DC12002002070000E01200203E
:10553C0000100000D8399D270054EA2A00A4781FD7
:10554C00007B9A17A2000000F9A2000083F9A200C8
:10555C006E83F9A24E6E83F9444E6E8315444E6EE3
:10556C002915444EFC29154427FC29155727FC29DD
:10557C00D15727FCF5D1572734F5D157DD34F5D168
:10558C00C0DD34F5DBC0DD3462DBC0DD9562DBC031
:10559C00999562DB3C999562433C999590433C9973
:1055AC004190433C0020202020202020202028282F
:1055BC0028282820202020202020202020202020C7
:1055CC002020202020881010101010101010101007
:1055DC001010101010040404040404040404041037
:1055EC0010101010101041414141414101010101C5
:1055FC00010101010101010101010101010101018F
:10560C00101010101010424242424242020202029A
:10561C00020202020202020202020202020202025E
:10562C00101010102000000000000000000000000E
:10563C00000000000000000000000000000000005E
:10564C00000000000000000000000000000000004E
:10565C00000000000000000000000000000000003E
:10566C00000000000000000000000000000000002E
:10567C00000000000000000000000000000000001E
:10568C00000000000000000000000000000000000E
:10569C0000000000000000000000000000000000FE
:1056AC0000000000000000002020202020202020EE
:1056BC0020202020202020202020202020202020DE
:1056CC002020202020202020E01B0020E41B002094
:1056DC00E81B0020EC1B0020F01B0020F41B00201A
:1056EC00F81B002000000042C8801F40B8821F40F9
:1056FC000800000000000042C4801F40B4821F401C
:10570C000400000000C0004224801F4014821F408F
:10571C001000000000C0004228801F4018821F406B
:10572C002000000000C000422C801F401C821F4043
:10573C004000000000C0004234801F4024821F4003
:10574C00000100000040004264811F4054831F4050
:10575C00000400000040004280811F4070831F4005
:10576C0000000200004000427C811F406C831F40FF
:10577C00000001000040004268811F4058831F4018
:10578C0000080000004000423C811F402C831F4059
:10579C00010000000040004244811F4034831F4040
:1057AC00040000000040004240811F4030831F4035
:1057BC00020000000040004248811F4038831F4017
:1057CC00080000000000004204811F40F4821F40CA
:1057DC00000004000000004208811F40F8821F40B6
:1057EC00000008000000004218811F4008831F4081
:1057FC00000080000000004214811F4004831F4001
:10580C00000040000000004200811F40F0821F4059
:10581C000000020000000042FC801F40EC821F4090
:10582C00000001000000004224811F4014831F402F
:10583C00000000040000004228811F4018831F4014
:10584C0000000008000000421C811F400C831F4018
:10585C00000000010000004220811F4010831F4007
:10586C000000000200000042EC801F40DC821F4060
:10587C000010000000000042F0801F40E0821F403A
:10588C00002000000000004234811F4024831F4090
:10589C00000000400000004238811F4028831F4058
:1058AC00000000800080004294801F4084821F40D2
:1058BC000000040000C0004290801F4080821F4006
:1058CC000000008000800042A8801F4098821F408A
:1058DC000000800000800042A4801F4094821F4082
:1058EC0000004000004000426C811F405C831F4060
:1058FC000010000000C0004230801F4020821F407A
:10590C008000000000400042B0811F40A0831F4077
:10591C000000002000400042AC811F409C831F40CF
:10592C00000000100040004284811F4074831F401F
:10593C00000004000040004288811F4078831F4013
:10594C0000000800000000422C811F401C831F40F7
:10595C00000000100000004230811F4020831F40D7
:10596C0000000020000000420C811F40FC821F4000
:10597C00000010000000004210811F4000831F40F7
:10598C000000200000800042C8811F40B8831F40E7
:10599C000080000000800042C4811F40B4831F407F
:1059AC000040000000800042C0811F40B0831F40B7
:1059BC000020000000800042BC811F40AC831F40CF
:1059CC000010000000800042D0811F40C0831F40A7
:1059DC000000020000800042CC811F40BC831F40AD
:1059EC000000010000C0004274801F4064821F4010
:1059FC000000000100C0004280801F4070821F40E8
:105A0C000000000800C0004284801F4074821F40C8
:105A1C000000001000C000426C801F405C821F40E0
:105A2C000000400000C000427C801F406C821F4080
:105A3C000000000400C0004278801F4068821F40B4
:105A4C000000000200C0004288801F4078821F4086
:105A5C000000002005000000190000007D0000007F
:105A6C0000010000A431002012000000000600001C
:105A7C00F41E00600A00000000020000901E00608E
:105A8C0062000000000700002C1E00606200000095
:105A9C00EE030000E031002012000000000004EED4
:105AAC00B83100202800000000030000281E006010
:105ABC000000000001030904101E0060000000003B
:105ACC0002030904F81D0060000000000303090430
:105ADC00F431002000000000000000000000000075
:105AEC00000000003030303030303030303030306A
:105AFC00303030303030303030303030303030309A
:105B0C0030303030000000000000000000000000C9
:105B1C00F8280020F8280020002900200029002067
:105B2C000829002008290020102900201029002015
:105B3C0018290020182900202029002020290020C5
:105B4C002829002028290020302900203029002075
:105B5C003829002038290020402900204029002025
:105B6C0048290020482900205029002050290020D5
:105B7C005829002058290020602900206029002085
:105B8C006829002068290020702900207029002035
:105B9C0078290020782900208029002080290020E5
:105BAC008829002088290020902900209029002095
:105BBC009829002098290020A0290020A029002045
:105BCC00A8290020A8290020B0290020B0290020F5
:105BDC00B8290020B8290020C0290020C0290020A5
:105BEC00C8290020C8290020D0290020D029002055
:105BFC00D8290020D8290020E0290020E029002005
:105C0C00E8290020E8290020F0290020F0290020B4
:105C1C00F8290020F8290020002A0020002A002062
:105C2C00082A0020082A0020102A0020102A002010
:105C3C00182A0020182A0020202A0020202A0020C0
:105C4C00282A0020282A0020302A0020302A002070
:105C5C00382A0020382A0020402A0020402A002020
:105C6C00482A0020482A0020502A0020502A0020D0
:105C7C00582A0020582A0020602A0020602A002080
:105C8C00682A0020682A0020702A0020702A002030
:105C9C00782A0020782A0020802A0020802A0020E0
:105CAC00882A0020882A0020902A0020902A002090
:105CBC00982A0020982A0020A02A0020A02A002040
:105CCC00A82A0020A82A0020B02A0020B02A0020F0
:105CDC00B82A0020B82A0020C02A0020C02A0020A0
:105CEC00C82A0020C82A0020D02A0020D02A002050
:105CFC00D82A0020D82A0020E02A0020E02A002000
:105D0C00E82A0020E82A0020F02A0020F02A0020AF
:105D1C00F82A0020F82A0020002B0020002B00205D
:105D2C00082B0020082B0020102B0020102B00200B
:105D3C00182B0020182B0020202B0020202B0020BB
:105D4C00282B0020282B0020302B0020302B00206B
:105D5C00382B0020382B0020402B0020402B00201B
:105D6C00482B0020482B0020502B0020502B0020CB
:105D7C00582B0020582B0020602B0020602B00207B
:105D8C00682B0020682B0020702B0020702B00202B
:105D9C00782B0020782B0020802B0020802B0020DB
:105DAC00882B0020882B0020902B0020902B00208B
:105DBC00982B0020982B0020A02B0020A02B00203B
:105DCC00A82B0020A82B0020B02B0020B02B0020EB
:105DDC00B82B0020B82B0020C02B0020C02B00209B
:105DEC00C82B0020C82B0020D02B0020D02B00204B
:105DFC00D82B0020D82B0020E02B0020E02B0020FB
:105E0C00E82B0020E82B0020F02B0020F02B0020AA
:105E1C00F82B0020F82B0020002C0020002C002058
:105E2C00082C0020082C0020102C0020102C002006
:105E3C00182C0020182C0020202C0020202C0020B6
:105E4C00282C0020282C0020302C0020302C002066
:105E5C00382C0020382C0020402C0020402C002016
:105E6C00482C0020482C0020502C0020502C0020C6
:105E7C00582C0020582C0020602C0020602C002076
:105E8C00682C0020682C0020702C0020702C002026
:105E9C00782C0020782C0020802C0020802C0020D6
:105EAC00882C0020882C0020902C0020902C002086
:105EBC00982C0020982C0020A02C0020A02C002036
:105ECC00A82C0020A82C0020B02C0020B02C0020E6
:105EDC00B82C0020B82C0020C02C0020C02C002096
:105EEC00C82C0020C82C0020D02C0020D02C002046
:105EFC00D82C0020D82C0020E02C0020E02C0020F6
:105F0C00E82C0020E82C0020F02C0020F02C0020A5
:105F1C000000000064120320CC1203203413032071
:105F2C000000000000000000000000000000000065
:105F3C000000000000000000000000000000000055
:105F4C000000000000000000000000000000000045
:105F5C000000000000000000000000000000000035
:105F6C000000000000000000000000000000000025
:105F7C000000000000000000000000000000000015
:105F8C000000000000000000000000000000000005
:105F9C0000000000000000000000000000000000F5
:105FAC0000000000000000000100000000000000E4
:105FBC000E33CDAB34126DE6ECDE05000B000000A9
:105FCC0000000000000000000000000000000000C5
:105FDC0000000000000000000000000000000000B5
:105FEC0000000000000000000000000000000000A5
:105FFC000000000000000000000000000000000095
:10600C000000000000000000000000000000000084
:10601C000000000000000000000000000000000074
:10602C000000000000000000000000000000000064
:10603C000000000000000000000000000000000054
:10604C000000000000000000000000000000000044
:10605C000000000000000000000000000000000034
:10606C000000000000000000000000000000000024
:10607C000000000000000000000000000000000014
:10608C000000000000000000000000000000000004
:10609C0000000000000000000000000000000000F4
:1060AC0000000000000000000000000000000000E4
:1060BC0000000000000000000000000000000000D4
:1060CC0000000000000000000000000000000000C4
:1060DC0000000000000000000000000000000000B4
:1060EC0000000000000000000000000000000000A4
:1060FC000000000000000000000000000000000094
:10610C000000000000000000000000000000000083
:10611C000029DE07007B9A171C22002000000000DB
:10612C00E803000000000000200000000000000157
:10613C0006000000FFFFFFFF0800000024120320F0
:10614C0080882520000000004300000000000000B3
:10615C000000000000000000000000000000000033
:10616C0000000000000000004300000000000000E0
:10617C000000000000000000000000000000000013
:10618C0000000000000000004300000000000000C0
:10619C0000000000000000000000000000000000F3
:1061AC0000000000000000004300000000000000A0
:1061BC0000000000000000000000000000000000D3
:1061CC000000000000000000430000000000000080
:1061DC0000000000000000000000000000000000B3
:1061EC000000000000000000430000000000000060
:1061FC000000000000000000000000000000000093
:10620C00000000000000000043000000000000003F
:10621C000000000000000000000000000000000072
:10622C00000000000000000043000000000000001F
:10623C000000000000000000000000000000000052
:10624C000000000000000000000000000000000042
:10625C000000000000000000000000000000000032
:10626C000000000000000000000000000000000022
:10627C000000000000000000000000000000000012
:10628C000000000000000000000000000000000002
:10629C0000000000000000000000000000000000F2
:1062AC0000000000000000000000000000000000E2
:1062BC0000000000000000000000000000000000D2
:1062CC0000000000000000000000000000000000C2
:1062DC0000000000000000000000000000000000B2
:1062EC0000000000000000000000000000000000A2
:1062FC000000000000000000000000000000000092
:10630C000000000000000000000000000000000081
:10631C00B5C40100A1BC01000000000094230020C2
:10632C00041C00200C1D00200C1D00200C1D002046
:10633C000C1D00200C1D00200C1D00200C1D00202D
:10634C000C1D00200C1D0020FFFFFFFFFFFFFFFFB7
:10635C00FFFFFFFFFFFF00000100415343494900CD
:10636C000000000000000000000000000000000021
:10637C0000000000000000000000415343494900A8
:10638C000000000000000000000000000000000001
:10639C00000000000000000000000000FFFFFFFFF5
:1063AC000000020000000000030000006412032043
:1063BC00002D002012010002EF020140C0168304E0
:1063CC00800201020301000028000000000104000B
:1063DC000100000000000000020157494E555342D5
:1063EC0000000000000000000000000000000000A1
:1063FC0012034D00530046005400310030003000B1
:10640C00F80000000C030000000000000000000079
:10641C000000000000000000000029040200000041
:10642C000000000000000000000000000000000060
:10643C000000000000000000000000000000000050
:10644C000000000000000000000000000000000040
:10645C000000000000000000000000000000000030
:10646C000000000000000000000000000000000020
:10647C000000000000000000000000000000000010
:10648C000000000000000000000000000000000000
:10649C0000000000000000000000000000000000F0
:1064AC0000000000000000000000000000000000E0
:1064BC0000000000000000000000000000000000D0
:1064CC0000000000000000000000000000000000C0
:1064DC0000000000000000000000000000000000B0
:1064EC0000000000000000000000000000000000A0
:1064FC000000000000000000000000000000000090
:10650C00000000000000000000000000000000007F
:10651C00000000000000000000000000000000006F
:10652C00000000000000000000000000000000005F
:10653C00000000000000000000000000000000004F
:10654C00000000000000000000000000000000003F
:10655C00000000000000000000000000000000002F
:10656C00000000000000000000000000000000001F
:10657C00000000000000000000000000000000000F
:10658C0000000000000000000000000000000000FF
:10659C0000000000000000000000000000000000EF
:1065AC0000000000000000000000000000000000DF
:1065BC0000000000000000000000000000000000CF
:1065CC0000000000000000000000000000000000BF
:1065DC0000000000000000000000000000000000AF
:1065EC00000000000000000000000000000000009F
:1065FC00000000000000000000000000000000008F
:10660C00000000000000000000000000000000007E
:10661C00000000000000000000000000000000006E
:10662C00000000000000000000000000000000005E
:10663C00000000000000000000000000000000004E
:10664C00000000000000000000000000000000003E
:10665C00000000000000000000000000000000002E
:10666C00000000000000000000000000000000001E
:10667C00000000000000000000000000000000000E
:10668C0000000000000000000000000000000000FE
:10669C0000000000000000000000000000000000EE
:1066AC0000000000000000000000000000000000DE
:1066BC0000000000000000000000000000000000CE
:1066CC0000000000000000000000000000000000BE
:1066DC0000000000000000000000000000000000AE
:1066EC00000000000000000000000000000000009E
:1066FC00000000000000000000000000000000008E
:10670C00000000000000000000000000000000007D
:10671C00000000000000000000000000000000006D
:10672C00000000000000000000000000000000005D
:10673C00000000000000000000000000000000004D
:10674C00000000000000000000000000000000003D
:10675C00000000000000000000000000000000002D
:10676C00000000000000000000000000000000001D
:10677C00000000000000000000000000000000000D
:10678C0000000000000000000000000000000000FD
:10679C0000000000000000000000000000000000ED
:1067AC0000000000000000000000000000000000DD
:1067BC0000000000000000000000000000000000CD
:1067CC0000000000000000000000000000000000BD
:1067DC0000000000000000000000000000000000AD
:1067EC00000000000000000000000000000000009D
:1067FC00000000000000000000000000000000008D
:10680C00000000000000000000000000000000007C
:10681C00000000000000000000000000000000006C
:10682C00000000000000000000000000000000005C
:10683C00000000000000000000000000000000004C
:10684C00000000000000000000000000000000003C
:10685C00000000000000000000000000000000002C
:10686C00000000000000000000000000000000001C
:10687C00000000000000000000000000000000000C
:10688C0000000000000000000000000000000000FC
:10689C0000000000000000000000000000000000EC
:1068AC0000000000000000000000000000000000DC
:1068BC0000000000000000000000000000000000CC
:1068CC0000000000000000000000000000000000BC
:1068DC00FFFFFFFFFFFFFFFFFFFFFFFFFFFFFFFFBC
:1068EC00FFFFFFFFFFFFFFFFFFFFFFFFFFFFFFFFAC
:1068FC00FFFFFFFFFFFFFFFFFFFFFFFFFFFFFFFF9C
:10690C00FFFFFFFFFFFFFFFFFFFFFFFFFFFFFFFF8B
:10691C00FFFFFFFFFFFFFFFFFFFFFFFFFFFFFFFF7B
:10692C00FFFFFFFFFFFFFFFFFFFFFFFFFFFFFFFF6B
:10693C00FFFFFFFFFFFFFFFFFFFFFFFFFFFFFFFF5B
:10694C00FFFFFFFFFFFFFFFFFFFFFFFFFFFFFFFF4B
:10695C00FFFFFFFFFFFFFFFFFFFFFFFFFFFFFFFF3B
:10696C00FFFFFFFFFFFFFFFFFFFFFFFFFFFFFFFF2B
:10697C00FFFFFFFFFFFFFFFFFFFFFFFFFFFFFFFF1B
:10698C00FFFFFFFFFFFFFFFFFFFFFFFFFFFFFFFF0B
:10699C00FFFFFFFFFFFFFFFFFFFFFFFFFFFFFFFFFB
:1069AC00FFFFFFFFFFFFFFFFFFFFFFFFFFFFFFFFEB
:1069BC00FFFFFFFFFFFFFFFFFFFFFFFFFFFFFFFFDB
:1069CC00FFFFFFFFFFFFFFFFFFFFFFFFFFFFFFFFCB
:1069DC00FFFFFFFFFFFFFFFFFFFFFFFFFFFFFFFFBB
:1069EC00FFFFFFFFFFFFFFFFFFFFFFFFFFFFFFFFAB
:1069FC00FFFFFFFFFFFFFFFFFFFFFFFFFFFFFFFF9B
:106A0C00FFFFFFFFFFFFFFFFFFFFFFFFFFFFFFFF8A
:106A1C00FFFFFFFFFFFFFFFFFFFFFFFFFFFFFFFF7A
:106A2C00FFFFFFFFFFFFFFFFFFFFFFFFFFFFFFFF6A
:106A3C00FFFFFFFFFFFFFFFFFFFFFFFFFFFFFFFF5A
:106A4C00FFFFFFFFFFFFFFFFFFFFFFFFFFFFFFFF4A
:106A5C00FFFFFFFFFFFFFFFFFFFFFFFFFFFFFFFF3A
:106A6C00FFFFFFFFFFFFFFFFFFFFFFFFFFFFFFFF2A
:106A7C00FFFFFFFFFFFFFFFFFFFFFFFFFFFFFFFF1A
:106A8C00FFFFFFFFFFFFFFFFFFFFFFFFFFFFFFFF0A
:106A9C00FFFFFFFFFFFFFFFFFFFFFFFFFFFFFFFFFA
:106AAC00FFFFFFFFFFFFFFFFFFFFFFFFFFFFFFFFEA
:106ABC00FFFFFFFFFFFFFFFFFFFFFFFFFFFFFFFFDA
:106ACC00FFFFFFFFFFFFFFFFFFFFFFFFFFFFFFFFCA
:106ADC00FFFFFFFFFFFFFFFFFFFFFFFFFFFFFFFFBA
:106AEC00FFFFFFFFFFFFFFFFFFFFFFFFFFFFFFFFAA
:106AFC00FFFFFFFFFFFFFFFFFFFFFFFFFFFFFFFF9A
:106B0C00FFFFFFFFFFFFFFFFFFFFFFFFFFFFFFFF89
:106B1C00FFFFFFFFFFFFFFFFFFFFFFFFFFFFFFFF79
:106B2C00FFFFFFFFFFFFFFFFFFFFFFFFFFFFFFFF69
:106B3C00FFFFFFFFFFFFFFFFFFFFFFFFFFFFFFFF59
:106B4C00FFFFFFFFFFFFFFFFFFFFFFFFFFFFFFFF49
:106B5C00FFFFFFFFFFFFFFFFFFFFFFFFFFFFFFFF39
:106B6C00FFFFFFFFFFFFFFFFFFFFFFFFFFFFFFFF29
:106B7C00FFFFFFFFFFFFFFFFFFFFFFFFFFFFFFFF19
:106B8C00FFFFFFFFFFFFFFFFFFFFFFFFFFFFFFFF09
:106B9C00FFFFFFFFFFFFFFFFFFFFFFFFFFFFFFFFF9
:106BAC00FFFFFFFFFFFFFFFFFFFFFFFFFFFFFFFFE9
:106BBC00FFFFFFFFFFFFFFFFFFFFFFFFFFFFFFFFD9
:106BCC00FFFFFFFFFFFFFFFFFFFFFFFFFFFFFFFFC9
:106BDC00FFFFFFFFFFFFFFFFFFFFFFFFFFFFFFFFB9
:106BEC00FFFFFFFFFFFFFFFFFFFFFFFFFFFFFFFFA9
:106BFC00FFFFFFFF0000000000000000000000008D
:106C0C000000000000000000000000000000000078
:106C1C000000000000000000000000000000000068
:106C2C000000000000000000000000000000000058
:106C3C000000000000000000000000000000000048
:106C4C000000000000000000000000000000000038
:106C5C000000000000000000000000000000000028
:106C6C000000000000000000000000000000000018
:106C7C000000000000000000000000000000000008
:106C8C0000000000000000000000000000000000F8
:106C9C0000000000000000000000000000000000E8
:106CAC0000000000000000000000000000000000D8
:106CBC0000000000000000000000000000000000C8
:106CCC0000000000000000000000000000000000B8
:106CDC0000000000000000000000000000000000A8
:106CEC000000000000000000000000000000000098
:106CFC000000000000000000000000000000000088
:106D0C000000000000000000000000000000000077
:106D1C000000000000000000000000000000000067
:106D2C000000000000000000000000000000000057
:106D3C000000000000000000000000000000000047
:106D4C000000000000000000000000000000000037
:106D5C000000000000000000000000000000000027
:106D6C000000000000000000000000000000000017
:106D7C000000000000000000000000000000000007
:106D8C0000000000000000000000000000000000F7
:106D9C0000000000000000000000000000000000E7
:106DAC0000000000000000000000000000000000D7
:106DBC0000000000000000000000000000000000C7
:106DCC0000000000000000000000000000000000B7
:106DDC0000000000000000000000000000000000A7
:106DEC000000000000000000000000000000000097
:106DFC000000000000000000000000000000000087
:106E0C000000000000000000000000000000000076
:106E1C000000000000000000000000000000000066
:106E2C000000000000000000000000000000000056
:106E3C000000000000000000000000000000000046
:106E4C000000000000000000000000000000000036
:106E5C000000000000000000000000000000000026
:106E6C000000000000000000000000000000000016
:106E7C000000000000000000000000000000000006
:106E8C0000000000000000000000000000000000F6
:106E9C0000000000000000000000000000000000E6
:106EAC0000000000000000000000000000000000D6
:106EBC0000000000000000000000000000000000C6
:106ECC0000000000000000000000000000000000B6
:106EDC0000000000000000000000000000000000A6
:106EEC000000000000000000000000000000000096
:106EFC000000000000000000000000000000000086
:106F0C000000000000000000000000000000000075
:106F1C000000000000000000000000000000000065
:106F2C000000000000000000000000000000000055
:106F3C000000000000000000000000000000000045
:106F4C000000000000000000000000000000000035
:106F5C000000000000000000000000000000000025
:106F6C000000000000000000000000000000000015
:106F7C000000000000000000000000000000000005
:106F8C0000000000000000000000000000000000F5
:106F9C0000000000000000000000000000000000E5
:106FAC0000000000000000000000000000000000D5
:106FBC0000000000000000000000000000000000C5
:106FCC0000000000000000000000000000000000B5
:106FDC0000000000000000000000000000000000A5
:106FEC000000000000000000000000000000000095
:106FFC000000000000000000000000000000000085
:10700C000000000000000000000000000000000074
:10701C000000000000000000000000000000000064
:10702C000000000000000000000000000000000054
:10703C000000000000000000000000000000000044
:10704C000000000000000000000000000000000034
:10705C000000000000000000000000000000000024
:10706C000000000000000000000000000000000014
:10707C000000000000000000000000000000000004
:10708C0000000000000000000000000000000000F4
:10709C0000000000000000000000000000000000E4
:1070AC0000000000000000000000000000000000D4
:1070BC0000000000000000000000000000000000C4
:1070CC0000000000000000000000000000000000B4
:1070DC0000000000000000000000000000000000A4
:1070EC000000000000000000000000000000000094
:1070FC000000000000000000000000000000000084
:10710C000000000000000000000000000000000073
:10711C000000000000000000000000000000000063
:10712C000000000000000000000000000000000053
:10713C000000000000000000000000000000000043
:10714C000000000000000000000000000000000033
:10715C000000000000000000000000000000000023
:10716C000000000000000000000000000000000013
:10717C000000000000000000000000000000000003
:10718C0000000000000000000000000000000000F3
:10719C0000000000000000000000000000000000E3
:1071AC0000000000000000000000000000000000D3
:1071BC0000000000000000000000000000000000C3
:1071CC0000000000000000000000000000000000B3
:1071DC0000000000000000000000000000000000A3
:1071EC000000000000000000000000000000000093
:1071FC000000000000000000000000000000000083
:10720C000000000000000000000000000000000072
:10721C000000000000000000000000000000000062
:10722C000000000000000000000000000000000052
:10723C000000000000000000000000000000000042
:10724C000000000000000000000000000000000032
:10725C000000000000000000000000000000000022
:10726C000000000000000000000000000000000012
:10727C000000000000000000000000000000000002
:10728C0000000000000000000000000000000000F2
:10729C0000000000000000000000000000000000E2
:1072AC0000000000000000000000000000000000D2
:1072BC0000000000000000000000000000000000C2
:1072CC0000000000000000000000000000000000B2
:1072DC0000000000000000000000000000000000A2
:1072EC000000000000000000000000000000000092
:1072FC000000000000000000000000000000000082
:10730C000000000000000000000000000000000071
:10731C000000000000000000000000000000000061
:10732C000000000000000000000000000000000051
:10733C000000000000000000000000000000000041
:10734C000000000000000000000000000000000031
:10735C000000000000000000000000000000000021
:10736C000000000000000000000000000000000011
:10737C000000000000000000000000000000000001
:10738C0000000000000000000000000000000000F1
:10739C0000000000000000000000000000000000E1
:1073AC0000000000000000000000000000000000D1
:1073BC0000000000000000000000000000000000C1
:1073CC0000000000000000000000000000000000B1
:1073DC0000000000000000000000000000000000A1
:1073EC000000000000000000000000000000000091
:1073FC000000000000000000000000000000000081
:10740C000000000000000000000000000000000070
:10741C000000000000000000000000000000000060
:10742C000000000000000000000000000000000050
:10743C000000000000000000000000000000000040
:10744C000000000000000000000000000000000030
:10745C000000000000000000000000000000000020
:10746C000000000000000000000000000000000010
:10747C000000000000000000000000000000000000
:10748C0000000000000000000000000000000000F0
:10749C0000000000000000000000000000000000E0
:1074AC0000000000000000000000000000000000D0
:1074BC0000000000000000000000000000000000C0
:1074CC0000000000000000000000000000000000B0
:1074DC0000000000000000000000000000000000A0
:1074EC000000000000000000000000000000000090
:1074FC000000000000000000000000000000000080
:10750C00000000000000000000000000000000006F
:10751C00000000000000000000000000000000005F
:10752C00000000000000000000000000000000004F
:10753C00000000000000000000000000000000003F
:10754C00000000000000000000000000000000002F
:10755C00000000000000000000000000000000001F
:10756C00000000000000000000000000000000000F
:10757C0000000000000000000000000000000000FF
:10758C0000000000000000000000000000000000EF
:10759C0000000000000000000000000000000000DF
:1075AC0000000000000000000000000000000000CF
:1075BC0000000000000000000000000000000000BF
:1075CC0000000000000000000000000000000000AF
:1075DC00000000000000000000000000000000009F
:1075EC00000000000000000000000000000000008F
:1075FC00000000000000000000000000000000007F
:10760C00000000000000000000000000000000006E
:10761C00000000000000000000000000000000005E
:10762C00000000000000000000000000000000004E
:10763C00000000000000000000000000000000003E
:10764C00000000000000000000000000000000002E
:10765C00000000000000000000000000000000001E
:10766C00000000000000000000000000000000000E
:10767C0000000000000000000000000000000000FE
:10768C0000000000000000000000000000000000EE
:10769C0000000000000000000000000000000000DE
:1076AC0000000000000000000000000000000000CE
:1076BC0000000000000000000000000000000000BE
:1076CC0000000000000000000000000000000000AE
:1076DC00000000000000000000000000000000009E
:1076EC00000000000000000000000000000000008E
:1076FC00000000000000000000000000000000007E
:10770C00000000000000000000000000000000006D
:10771C00000000000000000000000000000000005D
:10772C00000000000000000000000000000000004D
:10773C00000000000000000000000000000000003D
:10774C00000000000000000000000000000000002D
:10775C00000000000000000000000000000000001D
:10776C00000000000000000000000000000000000D
:10777C0000000000000000000000000000000000FD
:10778C0000000000000000000000000000000000ED
:10779C0000000000000000000000000000000000DD
:1077AC0000000000000000000000000000000000CD
:1077BC0000000000000000000000000000000000BD
:1077CC0000000000000000000000000000000000AD
:1077DC00000000000000000000000000000000009D
:1077EC00000000000000000000000000000000008D
:0477FC000000000089
:040000056000100087
:00000001FF
