bench one -- the Luckfox driving the Teensy
  chip-select budget 21.0 us, inter-burst gap 0 no-ops, reset every switch True
  log: /root/bench-logs/drive-19700101-024128.log
    I                          -> I bench-one worker 1 nsel 10 banksz 8388608 blk 8192 bits 4,2 fcpu 600000000   18.9 ms
  teensy: I bench-one worker 1 nsel 10 banksz 8388608 blk 8192 bits 4,2 fcpu 600000000

  discovery: asking all ten selects for an identity
    P 0 0                      -> P 1 13 93 83 50                         5.7 ms
    CS0  PRESENT  id 13 93
    P 1 0                      -> P 1 13 93 83 50                         5.5 ms
    CS1  PRESENT  id 13 93
    P 2 0                      -> P 1 13 93 83 49                         5.9 ms
    Y0   PRESENT  id 13 93
    P 2 1                      -> P 1 13 93 83 49                         5.8 ms
    Y1   PRESENT  id 13 93
    P 2 2                      -> P 1 13 93 83 49                         5.7 ms
    Y2   PRESENT  id 13 93
    P 2 3                      -> P 1 13 93 83 49                         5.5 ms
    Y3   PRESENT  id 13 93
    P 2 4                      -> P 1 13 93 83 49                         6.1 ms
    Y4   PRESENT  id 13 93
    P 2 5                      -> P 1 13 93 83 49                         5.9 ms
    Y5   PRESENT  id 13 93
    P 2 6                      -> P 0 0 0 0 0                             5.3 ms
    Y6   absent   id 0 0
    P 2 7                      -> P 0 0 0 0 0                             5.0 ms
    Y7   absent   id 0 0
  8 banks present

  qualifying: quad first, then single-bit, each confirmed over the full span
    CS0
    Q 0                        -> Q 0                                     1.8 ms
    U 0                        -> U 0                                     2.0 ms
    Y 0                        -> Y 0                                     2.2 ms
    B 0 0                      -> B ok                                    3.4 ms
    T 11 14 16                 -> T 16 24 16                              3.5 ms
    T 11 0 16                  -> T 16 4 16                               3.1 ms
    F 0 32768                  -> F 2696136                               7.2 ms
    V 0 32768                  -> V 26283 1584047                         6.1 ms
    T 11 1 16                  -> T 16 5 16                               3.5 ms
    F 0 32768                  -> F 2696130                               7.2 ms
    V 0 32768                  -> V 27811 1811371                         6.6 ms
    T 11 2 16                  -> T 16 6 16                               2.9 ms
    F 0 32768                  -> F 2696164                               6.8 ms
    V 0 32768                  -> V 24272 1856432                         6.5 ms
    T 11 3 16                  -> T 16 7 16                               3.1 ms
    F 0 32768                  -> F 2696166                               6.9 ms
    V 0 32768                  -> V 24670 1917868                         6.3 ms
    T 11 4 16                  -> T 16 8 16                               3.4 ms
    F 0 32768                  -> F 2696167                               7.2 ms
    V 0 32768                  -> V 25459 2045100                         6.7 ms
    T 11 5 16                  -> T 16 9 16                               2.9 ms
    F 0 32768                  -> F 2696133                               6.8 ms
    V 0 32768                  -> V 23681 2126871                         7.1 ms
    T 11 6 16                  -> T 16 10 16                              3.0 ms
    F 0 32768                  -> F 2696157                               7.0 ms
    V 0 32768                  -> V 16392 2395134                         7.6 ms
    T 11 7 16                  -> T 16 11 16                              2.8 ms
    F 0 32768                  -> F 2696165                               7.0 ms
    V 0 32768                  -> V 11692 2476254                         7.5 ms
    T 11 8 16                  -> T 16 12 16                              2.9 ms
    F 0 32768                  -> F 2696137                               7.1 ms
    V 0 32768                  -> V 0 2800825                             7.7 ms
    T 0 8 16                   -> T 4 12 16                               2.7 ms
    F 0 32768                  -> F 1035128                               4.3 ms
    V 0 32768                  -> V 0 2800852                             7.7 ms
    T 0 8 16                   -> T 4 12 16                               3.0 ms
    R 96                       -> R 96 5171                               3.2 ms
    R 32                       -> R 32 2119                               2.8 ms
    W 96                       -> W 96 2379                               2.9 ms
    W 32                       -> W 32 907                                2.6 ms
        burst: read 593+47.7/byte -> 96, write 171+23.0/byte -> 96, taking 96
    Q 0                        -> Q 0                                     1.7 ms
    U 0                        -> U 0                                     2.0 ms
    Y 0                        -> Y 0                                     1.9 ms
    B 0 0                      -> B ok                                    3.6 ms
    T 0 8 96                   -> T 4 12 96                               3.2 ms
    F 0 1048576                -> F 27379822                             51.5 ms
    V 0 1048576                -> V 0 58688452                          103.9 ms
    V 0 1048576                -> V 1 58688419                          103.8 ms
        1 wrong over 1024 kB at write 4 read 12 burst 96
    T 0 9 16                   -> T 4 13 16                               3.9 ms
    R 96                       -> R 96 5396                               2.7 ms
    R 32                       -> R 32 2211                               3.4 ms
    W 96                       -> W 96 2379                               2.7 ms
    W 32                       -> W 32 907                                3.1 ms
        burst: read 618+49.8/byte -> 96, write 171+23.0/byte -> 96, taking 96
    Q 0                        -> Q 0                                     1.7 ms
    U 0                        -> U 0                                     2.3 ms
    Y 0                        -> Y 0                                     2.1 ms
    B 0 0                      -> B ok                                    3.4 ms
    T 0 9 96                   -> T 4 13 96                               2.9 ms
    F 0 1048576                -> F 27379794                             51.6 ms
    V 0 1048576                -> V 0 61022405                          108.3 ms
    V 0 1048576                -> V 0 61022424                          107.6 ms
    V 0 1048576                -> V 0 61022434                          108.1 ms
    V 0 1048576                -> V 0 61022421                          108.3 ms
      CS0: quad        write  4 read 13 burst 96 setup  0 -> 10.31 MB/s
    CS1
    Q 0                        -> Q 0                                     1.7 ms
    U 0                        -> U 0                                     2.0 ms
    Y 0                        -> Y 0                                     1.9 ms
    B 1 0                      -> B ok                                    3.5 ms
    T 11 14 16                 -> T 16 24 16                              3.3 ms
    T 11 0 16                  -> T 16 4 16                               3.3 ms
    F 0 32768                  -> F 2696134                               6.9 ms
    V 0 32768                  -> V 1836 1584060                          6.1 ms
    T 11 1 16                  -> T 16 5 16                               3.2 ms
    F 0 32768                  -> F 2696129                               6.8 ms
    V 0 32768                  -> V 12768 1811375                         6.6 ms
    T 11 2 16                  -> T 16 6 16                               3.2 ms
    F 0 32768                  -> F 2696136                               6.9 ms
    V 0 32768                  -> V 11890 1856427                         7.0 ms
    T 11 3 16                  -> T 16 7 16                               2.7 ms
    F 0 32768                  -> F 2696131                               6.9 ms
    V 0 32768                  -> V 15547 1917882                         7.0 ms
    T 11 4 16                  -> T 16 8 16                               3.2 ms
    F 0 32768                  -> F 2696167                               7.1 ms
    V 0 32768                  -> V 13739 2045049                         7.2 ms
    T 11 5 16                  -> T 16 9 16                               3.1 ms
    F 0 32768                  -> F 2696126                               7.0 ms
    V 0 32768                  -> V 7696 2126873                          6.6 ms
    T 11 6 16                  -> T 16 10 16                              2.9 ms
    F 0 32768                  -> F 2696134                               7.0 ms
    V 0 32768                  -> V 4206 2395122                          7.2 ms
    T 11 7 16                  -> T 16 11 16                              3.2 ms
    F 0 32768                  -> F 2696132                               6.5 ms
    V 0 32768                  -> V 2048 2476260                          7.1 ms
    T 11 8 16                  -> T 16 12 16                              3.3 ms
    F 0 32768                  -> F 2696134                               7.0 ms
    V 0 32768                  -> V 2048 2800842                          8.2 ms
    T 11 9 16                  -> T 16 13 16                              3.2 ms
    F 0 32768                  -> F 2696164                               6.7 ms
    V 0 32768                  -> V 912 2911282                           8.0 ms
    T 11 10 16                 -> T 16 14 16                              2.8 ms
    F 0 32768                  -> F 2696164                               6.6 ms
    V 0 32768                  -> V 0 3107865                             8.1 ms
    T 0 10 16                  -> T 4 14 16                               3.0 ms
    F 0 32768                  -> F 1035097                               4.5 ms
    V 0 32768                  -> V 16 3107845                            8.5 ms
    T 1 10 16                  -> T 5 14 16                               3.1 ms
    F 0 32768                  -> F 1233783                               4.6 ms
    V 0 32768                  -> V 16 3107851                            8.3 ms
    T 2 10 16                  -> T 6 14 16                               3.1 ms
    F 0 32768                  -> F 1360784                               5.0 ms
    V 0 32768                  -> V 0 3107850                             8.1 ms
    T 2 10 16                  -> T 6 14 16                               3.1 ms
    R 96                       -> R 96 5598                               3.4 ms
    R 32                       -> R 32 2290                               3.1 ms
    W 96                       -> W 96 2857                               2.8 ms
    W 32                       -> W 32 1129                               3.0 ms
        burst: read 636+51.7/byte -> 96, write 265+27.0/byte -> 96, taking 96
    Q 0                        -> Q 0                                     1.9 ms
    U 0                        -> U 0                                     1.9 ms
    Y 0                        -> Y 0                                     2.3 ms
    B 1 0                      -> B ok                                    3.4 ms
    T 2 10 96                  -> T 6 14 96                               2.9 ms
    F 0 1048576                -> F 32619994                             59.9 ms
    V 0 1048576                -> V 576 63824311                        114.2 ms
        576 wrong over 1024 kB at write 6 read 14 burst 96
    T 2 11 16                  -> T 6 16 16                               2.8 ms
    R 96                       -> R 96 6009                               3.2 ms
    R 32                       -> R 32 2445                               2.9 ms
    W 96                       -> W 96 2857                               2.8 ms
    W 32                       -> W 32 1129                               3.3 ms
        burst: read 663+55.7/byte -> 96, write 265+27.0/byte -> 96, taking 96
    Q 0                        -> Q 0                                     1.6 ms
    U 0                        -> U 0                                     1.9 ms
    Y 0                        -> Y 0                                     2.0 ms
    B 1 0                      -> B ok                                    3.5 ms
    T 2 11 96                  -> T 6 16 96                               2.8 ms
    F 0 1048576                -> F 32620028                             60.4 ms
    V 0 1048576                -> V 0 68011614                          120.1 ms
    V 0 1048576                -> V 0 68011615                          119.6 ms
    V 0 1048576                -> V 0 68011604                          120.5 ms
    V 0 1048576                -> V 0 68011621                          120.0 ms
      CS1: quad        write  6 read 16 burst 96 setup  0 ->  9.25 MB/s
    Y0
    Q 0                        -> Q 0                                     1.6 ms
    U 0                        -> U 0                                     1.6 ms
    Y 0                        -> Y 0                                     1.9 ms
    B 2 0                      -> B ok                                    3.5 ms
    T 11 14 16                 -> T 16 24 16                              3.0 ms
    T 11 0 16                  -> T 16 4 16                               3.1 ms
    F 0 32768                  -> F 2696133                               7.1 ms
    V 0 32768                  -> V 32640 1584059                         6.2 ms
    T 11 1 16                  -> T 16 5 16                               2.8 ms
    F 0 32768                  -> F 2696167                               6.7 ms
    V 0 32768                  -> V 32515 1811369                         6.5 ms
    T 11 2 16                  -> T 16 6 16                               3.1 ms
    F 0 32768                  -> F 2696165                               7.1 ms
    V 0 32768                  -> V 32640 1856431                         6.7 ms
    T 11 3 16                  -> T 16 7 16                               3.2 ms
    F 0 32768                  -> F 2696130                               6.5 ms
    V 0 32768                  -> V 32766 1917870                         6.4 ms
    T 11 4 16                  -> T 16 8 16                               2.8 ms
    F 0 32768                  -> F 2696137                               6.9 ms
    V 0 32768                  -> V 32640 2045095                         6.9 ms
    T 11 5 16                  -> T 16 9 16                               3.4 ms
    F 0 32768                  -> F 2696161                               7.3 ms
    V 0 32768                  -> V 32640 2126861                         7.1 ms
    T 11 6 16                  -> T 16 10 16                              3.3 ms
    F 0 32768                  -> F 2696162                               7.0 ms
    V 0 32768                  -> V 32641 2395127                         7.5 ms
    T 11 7 16                  -> T 16 11 16                              3.2 ms
    F 0 32768                  -> F 2696167                               6.5 ms
    V 0 32768                  -> V 32640 2476258                         7.7 ms
    T 11 8 16                  -> T 16 12 16                              3.3 ms
    F 0 32768                  -> F 2696159                               6.9 ms
    V 0 32768                  -> V 32641 2800827                         8.3 ms
    T 11 9 16                  -> T 16 13 16                              3.2 ms
    F 0 32768                  -> F 2696134                               6.9 ms
    V 0 32768                  -> V 32640 2911286                         8.4 ms
    T 11 10 16                 -> T 16 14 16                              3.0 ms
    F 0 32768                  -> F 2696165                               7.0 ms
    V 0 32768                  -> V 32640 3107846                         8.8 ms
    T 11 11 16                 -> T 16 16 16                              3.3 ms
    F 0 32768                  -> F 2696135                               7.0 ms
    V 0 32768                  -> V 32640 3237043                         8.6 ms
    T 11 12 16                 -> T 16 18 16                              2.9 ms
    F 0 32768                  -> F 2696166                               6.9 ms
    V 0 32768                  -> V 32640 3531811                         9.3 ms
    T 11 13 16                 -> T 16 20 16                              3.1 ms
    F 0 32768                  -> F 2696164                               6.6 ms
    V 0 32768                  -> V 32640 3572965                         9.9 ms
    T 11 14 16                 -> T 16 24 16                              3.0 ms
    F 0 32768                  -> F 2696136                               7.0 ms
    V 0 32768                  -> V 32764 4660343                        11.3 ms
    Q 0                        -> Q 0                                     1.6 ms
    U 16                       -> U 16                                    2.1 ms
    Y 0                        -> Y 0                                     2.1 ms
    B 2 0                      -> B ok                                    3.6 ms
    T 11 14 16                 -> T 16 24 16                              3.3 ms
    T 11 0 16                  -> T 16 4 16                               3.1 ms
    F 0 32768                  -> F 2806764                               7.4 ms
    V 0 32768                  -> V 32115 1694657                         6.3 ms
    T 11 1 16                  -> T 16 5 16                               3.1 ms
    F 0 32768                  -> F 2806757                               7.1 ms
    V 0 32768                  -> V 32395 1919923                         6.9 ms
    T 11 2 16                  -> T 16 6 16                               2.8 ms
    F 0 32768                  -> F 2806732                               7.1 ms
    V 0 32768                  -> V 32640 1965013                         6.9 ms
    T 11 3 16                  -> T 16 7 16                               3.3 ms
    F 0 32768                  -> F 2806762                               7.4 ms
    V 0 32768                  -> V 32758 2026419                         6.9 ms
    T 11 4 16                  -> T 16 8 16                               3.3 ms
    F 0 32768                  -> F 2806761                               7.4 ms
    V 0 32768                  -> V 32640 2155685                         7.1 ms
    T 11 5 16                  -> T 16 9 16                               3.2 ms
    F 0 32768                  -> F 2806759                               7.1 ms
    V 0 32768                  -> V 32639 2237439                         7.3 ms
    T 11 6 16                  -> T 16 10 16                              3.1 ms
    F 0 32768                  -> F 2806761                               6.7 ms
    V 0 32768                  -> V 29929 2505734                         7.5 ms
    T 11 7 16                  -> T 16 11 16                              3.3 ms
    F 0 32768                  -> F 2806730                               6.7 ms
    V 0 32768                  -> V 28649 2586888                         7.8 ms
    T 11 8 16                  -> T 16 12 16                              3.2 ms
    F 0 32768                  -> F 2806732                               6.7 ms
    V 0 32768                  -> V 32439 2911465                         8.3 ms
    T 11 9 16                  -> T 16 13 16                              3.0 ms
    F 0 32768                  -> F 2806731                               7.0 ms
    V 0 32768                  -> V 32640 3021894                         8.6 ms
    T 11 10 16                 -> T 16 14 16                              3.3 ms
    F 0 32768                  -> F 2806730                               7.2 ms
    V 0 32768                  -> V 32640 3216401                         9.0 ms
    T 11 11 16                 -> T 16 16 16                              2.9 ms
    F 0 32768                  -> F 2806759                               7.1 ms
    V 0 32768                  -> V 32640 3347645                        11.6 ms
    T 11 12 16                 -> T 16 18 16                              3.8 ms
    F 0 32768                  -> F 2806732                               7.5 ms
    V 0 32768                  -> V 32640 3642439                         9.4 ms
    T 11 13 16                 -> T 16 20 16                              3.3 ms
    F 0 32768                  -> F 2806761                               7.2 ms
    V 0 32768                  -> V 32640 3683552                         9.8 ms
    T 11 14 16                 -> T 16 24 16                              2.9 ms
    F 0 32768                  -> F 2806764                               6.9 ms
    V 0 32768                  -> V 32762 4772992                        11.7 ms
      Y0: no quad setting survives 1024 kB
    Q 1                        -> Q 1                                     1.6 ms
    U 0                        -> U 0                                     2.4 ms
    Y 0                        -> Y 0                                     2.2 ms
    B 2 0                      -> B ok                                    3.4 ms
    T 11 14 16                 -> T 16 24 16                              3.3 ms
    T 11 0 16                  -> T 16 4 16                               3.1 ms
    F 0 32768                  -> F 7853284                              16.3 ms
    V 0 32768                  -> V 32640 5827718                        15.3 ms
    T 11 1 16                  -> T 16 5 16                               4.6 ms
    F 0 32768                  -> F 7853285                              16.4 ms
    V 0 32768                  -> V 32640 6118538                        14.7 ms
    T 11 2 16                  -> T 16 6 16                               2.8 ms
    F 0 32768                  -> F 7853278                              17.5 ms
    V 0 32768                  -> V 32640 6220954                        14.1 ms
    T 11 3 16                  -> T 16 7 16                               4.7 ms
    F 0 32768                  -> F 7853284                              18.0 ms
    V 0 32768                  -> V 32640 6511816                        14.9 ms
    T 11 4 16                  -> T 16 8 16                               3.1 ms
    F 0 32768                  -> F 7853284                              17.9 ms
    V 0 32768                  -> V 32624 6876378                        19.1 ms
    T 11 5 16                  -> T 16 9 16                               2.7 ms
    F 0 32768                  -> F 7853288                              16.1 ms
    V 0 32768                  -> V 32640 7169270                        17.6 ms
    T 11 6 16                  -> T 16 10 16                              4.3 ms
    F 0 32768                  -> F 7853288                              16.9 ms
    V 0 32768                  -> V 32640 7499090                        18.4 ms
    T 11 7 16                  -> T 16 11 16                              4.9 ms
    F 0 32768                  -> F 7853271                              15.5 ms
    V 0 32768                  -> V 32640 7824656                        18.9 ms
    T 11 8 16                  -> T 16 12 16                              4.9 ms
    F 0 32768                  -> F 7853284                              17.2 ms
    V 0 32768                  -> V 32640 8154389                        18.2 ms
    T 11 9 16                  -> T 16 13 16                              5.0 ms
    F 0 32768                  -> F 7853280                              18.1 ms
    V 0 32768                  -> V 32640 8480080                        19.8 ms
    T 11 10 16                 -> T 16 14 16                              4.9 ms
    F 0 32768                  -> F 7853282                              17.1 ms
    V 0 32768                  -> V 32640 8803656                        20.5 ms
    T 11 11 16                 -> T 16 16 16                              4.8 ms
    F 0 32768                  -> F 7853289                              17.1 ms
    V 0 32768                  -> V 32624 9459008                        19.5 ms
    T 11 12 16                 -> T 16 18 16                              5.0 ms
    F 0 32768                  -> F 7853287                              15.2 ms
    V 0 32768                  -> V 32640 10120601                       23.1 ms
    T 11 13 16                 -> T 16 20 16                              4.9 ms
    F 0 32768                  -> F 7853288                              16.8 ms
    V 0 32768                  -> V 32624 10913190                       26.2 ms
    T 11 14 16                 -> T 16 24 16                              3.0 ms
    F 0 32768                  -> F 7853283                              15.9 ms
    V 0 32768                  -> V 32624 13264411                       27.9 ms
    Q 1                        -> Q 1                                     1.9 ms
    U 16                       -> U 16                                    2.2 ms
    Y 0                        -> Y 0                                     2.4 ms
    B 2 0                      -> B ok                                    3.5 ms
    T 11 14 16                 -> T 16 24 16                              3.5 ms
    T 11 0 16                  -> T 16 4 16                               3.2 ms
    F 0 32768                  -> F 7968009                              17.3 ms
    V 0 32768                  -> V 28694 5938349                        14.3 ms
    T 11 1 16                  -> T 16 5 16                               4.6 ms
    F 0 32768                  -> F 7967997                              17.5 ms
    V 0 32768                  -> V 8193 6229167                         15.6 ms
    T 11 2 16                  -> T 16 6 16                               3.1 ms
    F 0 32768                  -> F 7967973                              18.1 ms
    V 0 32768                  -> V 26 6331565                           15.1 ms
    T 11 3 16                  -> T 16 7 16                               3.4 ms
    F 0 32768                  -> F 7967972                              17.7 ms
    V 0 32768                  -> V 0 6622399                            13.2 ms
    T 0 3 16                   -> T 4 7 16                                4.3 ms
    F 0 32768                  -> F 4072496                               9.1 ms
    V 0 32768                  -> V 0 6622391                            14.3 ms
    T 0 3 16                   -> T 4 7 16                                4.5 ms
    R 96                       -> R 96 16216                              3.0 ms
    R 32                       -> R 32 5983                               3.2 ms
    W 96                       -> W 96 9574                               2.8 ms
    W 32                       -> W 32 3508                               3.2 ms
        burst: read 866+159.9/byte -> 72, write 475+94.8/byte -> 96, taking 72
    Q 1                        -> Q 1                                     1.7 ms
    U 16                       -> U 16                                    1.9 ms
    Y 0                        -> Y 0                                     1.9 ms
    B 2 0                      -> B ok                                    3.6 ms
    T 0 3 72                   -> T 4 7 72                                3.1 ms
    F 0 1048576                -> F 105642700                           182.0 ms
    V 0 1048576                -> V 1 181686115                         310.0 ms
        1 wrong over 1024 kB at write 4 read 7 burst 72
    T 0 4 16                   -> T 4 8 16                                2.6 ms
    R 96                       -> R 96 17135                              3.4 ms
    R 32                       -> R 32 6328                               2.9 ms
    W 96                       -> W 96 9573                               2.7 ms
    W 32                       -> W 32 3508                               3.2 ms
        burst: read 924+168.9/byte -> 64, write 476+94.8/byte -> 96, taking 64
    Q 1                        -> Q 1                                     1.6 ms
    U 16                       -> U 16                                    2.2 ms
    Y 0                        -> Y 0                                     2.2 ms
    B 2 0                      -> B ok                                    3.5 ms
    T 0 4 64                   -> T 4 8 64                                2.9 ms
    F 0 1048576                -> F 106510158                           183.8 ms
    V 0 1048576                -> V 1 192743641                         327.6 ms
        1 wrong over 1024 kB at write 4 read 8 burst 64
    T 0 5 16                   -> T 4 9 16                                3.4 ms
    R 96                       -> R 96 17823                              3.4 ms
    R 32                       -> R 32 6556                               3.4 ms
    W 96                       -> W 96 9574                               2.9 ms
    W 32                       -> W 32 3508                               3.0 ms
        burst: read 922+176.0/byte -> 64, write 475+94.8/byte -> 96, taking 64
    Q 1                        -> Q 1                                     1.7 ms
    U 16                       -> U 16                                    2.4 ms
    Y 0                        -> Y 0                                     2.0 ms
    B 2 0                      -> B ok                                    3.6 ms
    T 0 5 64                   -> T 4 9 64                                3.0 ms
    F 0 1048576                -> F 106510173                           184.0 ms
    V 0 1048576                -> V 1 200593078                         341.7 ms
        1 wrong over 1024 kB at write 4 read 9 burst 64
    T 0 6 16                   -> T 4 10 16                               2.9 ms
    R 96                       -> R 96 18626                              3.4 ms
    R 32                       -> R 32 6850                               3.2 ms
    W 96                       -> W 96 9574                               2.8 ms
    W 32                       -> W 32 3508                               3.2 ms
        burst: read 962+184.0/byte -> 56, write 475+94.8/byte -> 96, taking 56
    Q 1                        -> Q 1                                     1.6 ms
    U 16                       -> U 16                                    2.1 ms
    Y 0                        -> Y 0                                     2.1 ms
    B 2 0                      -> B ok                                    3.1 ms
    T 0 6 56                   -> T 4 10 56                               3.2 ms
    F 0 1048576                -> F 107687249                           185.8 ms
    V 0 1048576                -> V 1 211207406                         359.2 ms
        1 wrong over 1024 kB at write 4 read 10 burst 56
    T 0 7 16                   -> T 4 11 16                               3.1 ms
    R 96                       -> R 96 19423                              3.2 ms
    R 32                       -> R 32 7135                               3.2 ms
    W 96                       -> W 96 9573                               2.7 ms
    W 32                       -> W 32 3508                               3.0 ms
        burst: read 991+192.0/byte -> 56, write 476+94.8/byte -> 96, taking 56
    Q 1                        -> Q 1                                     2.0 ms
    U 16                       -> U 16                                    2.4 ms
    Y 0                        -> Y 0                                     2.2 ms
    B 2 0                      -> B ok                                    3.4 ms
    T 0 7 56                   -> T 4 11 56                               2.8 ms
    F 0 1048576                -> F 107687275                           185.4 ms
    V 0 1048576                -> V 1 220175633                         373.2 ms
        1 wrong over 1024 kB at write 4 read 11 burst 56
    T 0 8 16                   -> T 4 12 16                               3.3 ms
    R 96                       -> R 96 20222                              3.5 ms
    R 32                       -> R 32 7425                               2.8 ms
    W 96                       -> W 96 9572                               2.9 ms
    W 32                       -> W 32 3508                               3.2 ms
        burst: read 1026+200.0/byte -> 56, write 476+94.8/byte -> 96, taking 56
    Q 1                        -> Q 1                                     1.7 ms
    U 16                       -> U 16                                    2.4 ms
    Y 0                        -> Y 0                                     1.7 ms
    B 2 0                      -> B ok                                    3.6 ms
    T 0 8 56                   -> T 4 12 56                               3.1 ms
    F 0 1048576                -> F 107687263                           185.7 ms
    V 0 1048576                -> V 1 229185660                         389.1 ms
        1 wrong over 1024 kB at write 4 read 12 burst 56
    T 0 9 16                   -> T 4 13 16                               2.9 ms
    R 96                       -> R 96 21030                              3.3 ms
    R 32                       -> R 32 7715                               3.2 ms
    W 96                       -> W 96 9573                               2.8 ms
    W 32                       -> W 32 3508                               3.1 ms
        burst: read 1058+208.0/byte -> 48, write 476+94.8/byte -> 96, taking 48
    Q 1                        -> Q 1                                     1.6 ms
    U 16                       -> U 16                                    2.1 ms
    Y 0                        -> Y 0                                     2.0 ms
    B 2 0                      -> B ok                                    3.5 ms
    T 0 9 48                   -> T 4 13 48                               2.9 ms
    F 0 1048576                -> F 109174196                           188.2 ms
    V 0 1048576                -> V 0 240572742                         408.4 ms
    V 0 1048576                -> V 0 240572803                         407.4 ms
    V 0 1048576                -> V 0 240572768                         407.9 ms
    V 0 1048576                -> V 0 240572776                         408.3 ms
      Y0: single 0x03 write  4 read 13 burst 48 setup 16 ->  2.62 MB/s
    Q 2                        -> Q 2                                     1.6 ms
    J 8                        -> J 8                                     2.0 ms
    U 0                        -> U 0                                     2.1 ms
    Y 0                        -> Y 0                                     2.1 ms
    B 2 0                      -> B ok                                    3.5 ms
    T 11 14 16                 -> T 16 24 16                              3.6 ms
    T 11 0 16                  -> T 16 4 16                               2.8 ms
    F 0 32768                  -> F 7853280                              16.9 ms
    V 0 32768                  -> V 32640 5969043                        13.5 ms
    T 11 1 16                  -> T 16 5 16                               3.4 ms
    F 0 32768                  -> F 7853281                              16.7 ms
    V 0 32768                  -> V 32640 6253717                        16.3 ms
    T 11 2 16                  -> T 16 6 16                               4.6 ms
    F 0 32768                  -> F 7853288                              17.1 ms
    V 0 32768                  -> V 32640 6395079                        15.9 ms
    T 11 3 16                  -> T 16 7 16                               4.8 ms
    F 0 32768                  -> F 7853283                              18.4 ms
    V 0 32768                  -> V 32640 6679737                        14.8 ms
    T 11 4 16                  -> T 16 8 16                               4.7 ms
    F 0 32768                  -> F 7853285                              18.0 ms
    V 0 32768                  -> V 32624 7050476                        15.2 ms
    T 11 5 16                  -> T 16 9 16                               3.1 ms
    F 0 32768                  -> F 7853277                              15.3 ms
    V 0 32768                  -> V 32640 7367912                        19.2 ms
    T 11 6 16                  -> T 16 10 16                              4.9 ms
    F 0 32768                  -> F 7853284                              16.9 ms
    V 0 32768                  -> V 32640 7738641                        20.5 ms
    T 11 7 16                  -> T 16 11 16                              3.1 ms
    F 0 32768                  -> F 7853286                              17.2 ms
    V 0 32768                  -> V 32640 8056073                        20.2 ms
    T 11 8 16                  -> T 16 12 16                              3.5 ms
    F 0 32768                  -> F 7853323                              17.1 ms
    V 0 32768                  -> V 32640 8426783                        18.7 ms
    T 11 9 16                  -> T 16 13 16                              5.0 ms
    F 0 32768                  -> F 7853284                              18.4 ms
    V 0 32768                  -> V 32640 8774978                        22.7 ms
    T 11 10 16                 -> T 16 14 16                              4.4 ms
    F 0 32768                  -> F 7853285                              17.2 ms
    V 0 32768                  -> V 32640 9151820                        22.0 ms
    T 11 11 16                 -> T 16 16 16                              3.6 ms
    F 0 32768                  -> F 7853284                              17.2 ms
    V 0 32768                  -> V 32640 9840007                        20.7 ms
    T 11 12 16                 -> T 16 18 16                              4.8 ms
    F 0 32768                  -> F 7853281                              16.1 ms
    V 0 32768                  -> V 32640 10524024                       23.6 ms
    T 11 13 16                 -> T 16 20 16                              4.8 ms
    F 0 32768                  -> F 7853276                              15.3 ms
    V 0 32768                  -> V 32624 11288060                       24.8 ms
    T 11 14 16                 -> T 16 24 16                              4.7 ms
    F 0 32768                  -> F 7853281                              17.1 ms
    V 0 32768                  -> V 32624 13704751                       28.7 ms
    Q 2                        -> Q 2                                     1.6 ms
    J 8                        -> J 8                                     1.9 ms
    U 16                       -> U 16                                    2.3 ms
    Y 0                        -> Y 0                                     1.9 ms
    B 2 0                      -> B ok                                    3.4 ms
    T 11 14 16                 -> T 16 24 16                              3.3 ms
    T 11 0 16                  -> T 16 4 16                               2.8 ms
    F 0 32768                  -> F 7968001                              15.9 ms
    V 0 32768                  -> V 28955 6079630                        15.7 ms
    T 11 1 16                  -> T 16 5 16                               3.7 ms
    F 0 32768                  -> F 7967973                              17.4 ms
    V 0 32768                  -> V 20223 6364310                        14.7 ms
    T 11 2 16                  -> T 16 6 16                               4.6 ms
    F 0 32768                  -> F 7967976                              16.4 ms
    V 0 32768                  -> V 8371 6505663                         16.3 ms
    T 11 3 16                  -> T 16 7 16                               4.7 ms
    F 0 32768                  -> F 7967976                              15.7 ms
    V 0 32768                  -> V 0 6790358                            16.0 ms
    T 0 3 16                   -> T 4 7 16                                4.3 ms
    F 0 32768                  -> F 4072494                               9.1 ms
    V 0 32768                  -> V 0 6790333                            17.4 ms
    T 0 3 16                   -> T 4 7 16                                4.9 ms
    R 96                       -> R 96 16221                              2.9 ms
    R 32                       -> R 32 6050                               3.2 ms
    W 96                       -> W 96 9574                               2.7 ms
    W 32                       -> W 32 3508                               3.3 ms
        burst: read 964+158.9/byte -> 72, write 475+94.8/byte -> 96, taking 72
    Q 2                        -> Q 2                                     1.6 ms
    J 8                        -> J 8                                     2.0 ms
    U 16                       -> U 16                                    2.2 ms
    Y 0                        -> Y 0                                     2.0 ms
    B 2 0                      -> B ok                                    3.4 ms
    T 0 3 72                   -> T 4 7 72                                3.1 ms
    F 0 1048576                -> F 105642709                           182.5 ms
    V 0 1048576                -> V 0 182067327                         310.7 ms
    V 0 1048576                -> V 0 182067326                         310.7 ms
    V 0 1048576                -> V 1 182067375                         309.8 ms
        1 wrong over 1024 kB at write 4 read 7 burst 72
    T 0 4 16                   -> T 4 8 16                                3.6 ms
    R 96                       -> R 96 17143                              3.2 ms
    R 32                       -> R 32 6397                               3.4 ms
    W 96                       -> W 96 9568                               2.8 ms
    W 32                       -> W 32 3508                               3.4 ms
        burst: read 1024+167.9/byte -> 64, write 478+94.7/byte -> 96, taking 64
    Q 2                        -> Q 2                                     1.8 ms
    J 8                        -> J 8                                     2.3 ms
    U 16                       -> U 16                                    2.3 ms
    Y 0                        -> Y 0                                     2.1 ms
    B 2 0                      -> B ok                                    3.6 ms
    T 0 4 64                   -> T 4 8 64                                2.6 ms
    F 0 1048576                -> F 106510159                           183.9 ms
    V 0 1048576                -> V 0 193349757                         329.3 ms
    V 0 1048576                -> V 0 193349711                         328.5 ms
    V 0 1048576                -> V 0 193349715                         329.2 ms
    V 0 1048576                -> V 0 193349762                         328.4 ms
      Y0: single 0x0B write  4 read  8 burst 64 setup 16 ->  3.25 MB/s
      Y0: keeping single 0x0B at 3.25 MB/s
    Y1
    Q 0                        -> Q 0                                     2.2 ms
    U 0                        -> U 0                                     2.2 ms
    Y 0                        -> Y 0                                     1.8 ms
    B 2 1                      -> B ok                                    3.5 ms
    T 11 14 16                 -> T 16 24 16                              3.5 ms
    T 11 0 16                  -> T 16 4 16                               3.3 ms
    F 0 32768                  -> F 2696133                               6.6 ms
    V 0 32768                  -> V 32640 1584028                         6.5 ms
    T 11 1 16                  -> T 16 5 16                               3.2 ms
    F 0 32768                  -> F 2696167                               6.6 ms
    V 0 32768                  -> V 32515 1811377                         6.9 ms
    T 11 2 16                  -> T 16 6 16                               2.8 ms
    F 0 32768                  -> F 2696133                               6.7 ms
    V 0 32768                  -> V 32640 1856431                         6.6 ms
    T 11 3 16                  -> T 16 7 16                               2.7 ms
    F 0 32768                  -> F 2696134                               7.1 ms
    V 0 32768                  -> V 32767 1917870                         7.0 ms
    T 11 4 16                  -> T 16 8 16                               3.1 ms
    F 0 32768                  -> F 2696166                               6.6 ms
    V 0 32768                  -> V 32640 2045047                         7.0 ms
    T 11 5 16                  -> T 16 9 16                               3.6 ms
    F 0 32768                  -> F 2696134                               6.9 ms
    V 0 32768                  -> V 32640 2126870                         7.2 ms
    T 11 6 16                  -> T 16 10 16                              3.1 ms
    F 0 32768                  -> F 2696166                               6.9 ms
    V 0 32768                  -> V 32640 2395121                         7.4 ms
    T 11 7 16                  -> T 16 11 16                              3.2 ms
    F 0 32768                  -> F 2696163                               6.7 ms
    V 0 32768                  -> V 32640 2476253                         7.6 ms
    T 11 8 16                  -> T 16 12 16                              3.2 ms
    F 0 32768                  -> F 2696160                               7.0 ms
    V 0 32768                  -> V 32643 2800857                         8.3 ms
    T 11 9 16                  -> T 16 13 16                              3.0 ms
    F 0 32768                  -> F 2696164                               6.9 ms
    V 0 32768                  -> V 32640 2911281                         8.6 ms
    T 11 10 16                 -> T 16 14 16                              3.0 ms
    F 0 32768                  -> F 2696163                               6.9 ms
    V 0 32768                  -> V 32640 3107864                         8.8 ms
    T 11 11 16                 -> T 16 16 16                              3.4 ms
    F 0 32768                  -> F 2696139                               7.1 ms
    V 0 32768                  -> V 32640 3237045                         8.6 ms
    T 11 12 16                 -> T 16 18 16                              3.0 ms
    F 0 32768                  -> F 2696134                               7.1 ms
    V 0 32768                  -> V 32640 3531840                         9.2 ms
    T 11 13 16                 -> T 16 20 16                              3.4 ms
    F 0 32768                  -> F 2696134                               6.6 ms
    V 0 32768                  -> V 32640 3572962                         9.8 ms
    T 11 14 16                 -> T 16 24 16                              3.2 ms
    F 0 32768                  -> F 2696168                               7.1 ms
    V 0 32768                  -> V 32766 4660335                        11.4 ms
    Q 0                        -> Q 0                                     1.6 ms
    U 16                       -> U 16                                    2.1 ms
    Y 0                        -> Y 0                                     1.9 ms
    B 2 1                      -> B ok                                    3.4 ms
    T 11 14 16                 -> T 16 24 16                              3.0 ms
    T 11 0 16                  -> T 16 4 16                               3.3 ms
    F 0 32768                  -> F 2806754                               7.4 ms
    V 0 32768                  -> V 32097 1694656                         6.3 ms
    T 11 1 16                  -> T 16 5 16                               2.9 ms
    F 0 32768                  -> F 2806762                               7.0 ms
    V 0 32768                  -> V 32256 1919924                         6.7 ms
    T 11 2 16                  -> T 16 6 16                               2.7 ms
    F 0 32768                  -> F 2806725                               7.2 ms
    V 0 32768                  -> V 32640 1965014                         6.8 ms
    T 11 3 16                  -> T 16 7 16                               3.3 ms
    F 0 32768                  -> F 2806758                               7.4 ms
    V 0 32768                  -> V 32767 2026454                         6.9 ms
    T 11 4 16                  -> T 16 8 16                               3.4 ms
    F 0 32768                  -> F 2806761                               7.5 ms
    V 0 32768                  -> V 32640 2155698                         7.2 ms
    T 11 5 16                  -> T 16 9 16                               3.4 ms
    F 0 32768                  -> F 2806762                               7.1 ms
    V 0 32768                  -> V 24117 2237467                         7.3 ms
    T 11 6 16                  -> T 16 10 16                              3.5 ms
    F 0 32768                  -> F 2806766                               7.2 ms
    V 0 32768                  -> V 22785 2505724                         7.7 ms
    T 11 7 16                  -> T 16 11 16                              3.4 ms
    F 0 32768                  -> F 2806733                               7.2 ms
    V 0 32768                  -> V 22753 2586849                         7.7 ms
    T 11 8 16                  -> T 16 12 16                              3.3 ms
    F 0 32768                  -> F 2806764                               7.0 ms
    V 0 32768                  -> V 12230 2911449                         8.5 ms
    T 11 9 16                  -> T 16 13 16                              3.0 ms
    F 0 32768                  -> F 2806763                               7.3 ms
    V 0 32768                  -> V 9354 3021879                          8.1 ms
    T 11 10 16                 -> T 16 14 16                              3.1 ms
    F 0 32768                  -> F 2806761                               7.3 ms
    V 0 32768                  -> V 9762 3216394                          8.4 ms
    T 11 11 16                 -> T 16 16 16                              3.0 ms
    F 0 32768                  -> F 2806760                               7.2 ms
    V 0 32768                  -> V 7394 3347637                          9.0 ms
    T 11 12 16                 -> T 16 18 16                              3.3 ms
    F 0 32768                  -> F 2806764                               7.2 ms
    V 0 32768                  -> V 18323 3642415                         9.4 ms
    T 11 13 16                 -> T 16 20 16                              3.3 ms
    F 0 32768                  -> F 2806763                               7.1 ms
    V 0 32768                  -> V 32640 3683554                        10.0 ms
    T 11 14 16                 -> T 16 24 16                              3.2 ms
    F 0 32768                  -> F 2806759                               7.1 ms
    V 0 32768                  -> V 32766 4772986                        11.3 ms
      Y1: no quad setting survives 1024 kB
    Q 1                        -> Q 1                                     1.6 ms
    U 0                        -> U 0                                     1.9 ms
    Y 0                        -> Y 0                                     2.2 ms
    B 2 1                      -> B ok                                    3.5 ms
    T 11 14 16                 -> T 16 24 16                              3.4 ms
    T 11 0 16                  -> T 16 4 16                               3.1 ms
    F 0 32768                  -> F 7853282                              17.2 ms
    V 0 32768                  -> V 32640 5827749                        13.5 ms
    T 11 1 16                  -> T 16 5 16                               4.6 ms
    F 0 32768                  -> F 7853288                              15.5 ms
    V 0 32768                  -> V 32640 6118548                        15.9 ms
    T 11 2 16                  -> T 16 6 16                               4.6 ms
    F 0 32768                  -> F 7853283                              16.8 ms
    V 0 32768                  -> V 32640 6220985                        15.4 ms
    T 11 3 16                  -> T 16 7 16                               4.8 ms
    F 0 32768                  -> F 7853313                              17.8 ms
    V 0 32768                  -> V 32640 6511799                        16.4 ms
    T 11 4 16                  -> T 16 8 16                               4.7 ms
    F 0 32768                  -> F 7853285                              15.5 ms
    V 0 32768                  -> V 32625 6876404                        17.0 ms
    T 11 5 16                  -> T 16 9 16                               4.8 ms
    F 0 32768                  -> F 7853289                              16.7 ms
    V 0 32768                  -> V 32640 7169260                        16.9 ms
    T 11 6 16                  -> T 16 10 16                              3.0 ms
    F 0 32768                  -> F 7853283                              16.9 ms
    V 0 32768                  -> V 32640 7499118                        16.0 ms
    T 11 7 16                  -> T 16 11 16                              2.9 ms
    F 0 32768                  -> F 7853285                              16.2 ms
    V 0 32768                  -> V 32640 7824653                        18.6 ms
    T 11 8 16                  -> T 16 12 16                              3.0 ms
    F 0 32768                  -> F 7853280                              15.5 ms
    V 0 32768                  -> V 32640 8154408                        19.6 ms
    T 11 9 16                  -> T 16 13 16                              5.0 ms
    F 0 32768                  -> F 7853279                              17.8 ms
    V 0 32768                  -> V 32640 8480081                        19.7 ms
    T 11 10 16                 -> T 16 14 16                              4.9 ms
    F 0 32768                  -> F 7853283                              16.9 ms
    V 0 32768                  -> V 32640 8803636                        20.4 ms
    T 11 11 16                 -> T 16 16 16                              4.9 ms
    F 0 32768                  -> F 7853318                              17.2 ms
    V 0 32768                  -> V 32640 9459044                        19.5 ms
    T 11 12 16                 -> T 16 18 16                              5.0 ms
    F 0 32768                  -> F 7853282                              15.5 ms
    V 0 32768                  -> V 32640 10120582                       23.3 ms
    T 11 13 16                 -> T 16 20 16                              4.9 ms
    F 0 32768                  -> F 7853284                              17.2 ms
    V 0 32768                  -> V 32624 10913195                       26.4 ms
    T 11 14 16                 -> T 16 24 16                              3.1 ms
    F 0 32768                  -> F 7853284                              16.8 ms
    V 0 32768                  -> V 32624 13264411                       26.5 ms
    Q 1                        -> Q 1                                     2.7 ms
    U 16                       -> U 16                                    1.9 ms
    Y 0                        -> Y 0                                     1.9 ms
    B 2 1                      -> B ok                                    3.5 ms
    T 11 14 16                 -> T 16 24 16                              3.2 ms
    T 11 0 16                  -> T 16 4 16                               2.9 ms
    F 0 32768                  -> F 7967975                              17.3 ms
    V 0 32768                  -> V 0 5938350                            15.5 ms
    T 0 0 16                   -> T 4 4 16                                3.6 ms
    F 0 32768                  -> F 4072494                               9.4 ms
    V 0 32768                  -> V 0 5938352                            14.2 ms
    T 0 0 16                   -> T 4 4 16                                4.4 ms
    R 96                       -> R 96 14683                              3.3 ms
    R 32                       -> R 32 5407                               2.8 ms
    W 96                       -> W 96 9573                               2.8 ms
    W 32                       -> W 32 3508                               3.2 ms
        burst: read 769+144.9/byte -> 80, write 476+94.8/byte -> 96, taking 80
    Q 1                        -> Q 1                                     1.6 ms
    U 16                       -> U 16                                    2.3 ms
    Y 0                        -> Y 0                                     2.1 ms
    B 2 1                      -> B ok                                    3.5 ms
    T 0 0 80                   -> T 4 4 80                                2.8 ms
    F 0 1048576                -> F 104961188                           181.2 ms
    V 0 1048576                -> V 475 163882941                       281.1 ms
        475 wrong over 1024 kB at write 4 read 4 burst 80
    T 0 1 16                   -> T 4 5 16                                3.1 ms
    R 96                       -> R 96 15382                              3.3 ms
    R 32                       -> R 32 5660                               2.9 ms
    W 96                       -> W 96 9574                               2.7 ms
    W 32                       -> W 32 3508                               3.3 ms
        burst: read 799+151.9/byte -> 72, write 475+94.8/byte -> 96, taking 72
    Q 1                        -> Q 1                                     1.7 ms
    U 16                       -> U 16                                    2.1 ms
    Y 0                        -> Y 0                                     2.0 ms
    B 2 1                      -> B ok                                    3.5 ms
    T 0 1 72                   -> T 4 5 72                                2.7 ms
    F 0 1048576                -> F 105642677                           182.2 ms
    V 0 1048576                -> V 1 172362797                         294.1 ms
        1 wrong over 1024 kB at write 4 read 5 burst 72
    T 0 2 16                   -> T 4 6 16                                3.1 ms
    R 96                       -> R 96 15517                              3.5 ms
    R 32                       -> R 32 5728                               2.8 ms
    W 96                       -> W 96 9574                               2.9 ms
    W 32                       -> W 32 3508                               3.1 ms
        burst: read 834+153.0/byte -> 72, write 475+94.8/byte -> 96, taking 72
    Q 1                        -> Q 1                                     2.1 ms
    U 16                       -> U 16                                    2.2 ms
    Y 0                        -> Y 0                                     2.1 ms
    B 2 1                      -> B ok                                    3.5 ms
    T 0 2 72                   -> T 4 6 72                                3.0 ms
    F 0 1048576                -> F 105642757                           182.6 ms
    V 0 1048576                -> V 1 173907798                         296.9 ms
        1 wrong over 1024 kB at write 4 read 6 burst 72
    T 0 3 16                   -> T 4 7 16                                3.1 ms
    R 96                       -> R 96 16213                              3.5 ms
    R 32                       -> R 32 5982                               3.2 ms
    W 96                       -> W 96 9574                               3.0 ms
    W 32                       -> W 32 3508                               3.2 ms
        burst: read 866+159.9/byte -> 72, write 475+94.8/byte -> 96, taking 72
    Q 1                        -> Q 1                                     2.0 ms
    U 16                       -> U 16                                    2.1 ms
    Y 0                        -> Y 0                                     1.9 ms
    B 2 1                      -> B ok                                    3.5 ms
    T 0 3 72                   -> T 4 7 72                                2.9 ms
    F 0 1048576                -> F 105642723                           182.2 ms
    V 0 1048576                -> V 1 181686129                         309.7 ms
        1 wrong over 1024 kB at write 4 read 7 burst 72
    T 0 4 16                   -> T 4 8 16                                2.8 ms
    R 96                       -> R 96 17140                              3.4 ms
    R 32                       -> R 32 6328                               3.1 ms
    W 96                       -> W 96 9573                               2.9 ms
    W 32                       -> W 32 3508                               3.1 ms
        burst: read 922+168.9/byte -> 64, write 476+94.8/byte -> 96, taking 64
    Q 1                        -> Q 1                                     1.6 ms
    U 16                       -> U 16                                    2.1 ms
    Y 0                        -> Y 0                                     2.0 ms
    B 2 1                      -> B ok                                    3.5 ms
    T 0 4 64                   -> T 4 8 64                                3.0 ms
    F 0 1048576                -> F 106510167                           183.8 ms
    V 0 1048576                -> V 1 192743665                         328.3 ms
        1 wrong over 1024 kB at write 4 read 8 burst 64
    T 0 5 16                   -> T 4 9 16                                2.7 ms
    R 96                       -> R 96 17823                              3.4 ms
    R 32                       -> R 32 6559                               3.2 ms
    W 96                       -> W 96 9573                               2.7 ms
    W 32                       -> W 32 3508                               3.1 ms
        burst: read 927+176.0/byte -> 64, write 476+94.8/byte -> 96, taking 64
    Q 1                        -> Q 1                                     1.6 ms
    U 16                       -> U 16                                    1.8 ms
    Y 0                        -> Y 0                                     2.1 ms
    B 2 1                      -> B ok                                    3.5 ms
    T 0 5 64                   -> T 4 9 64                                2.9 ms
    F 0 1048576                -> F 106510145                           183.8 ms
    V 0 1048576                -> V 1 200593039                         341.4 ms
        1 wrong over 1024 kB at write 4 read 9 burst 64
    T 0 6 16                   -> T 4 10 16                               2.9 ms
    R 96                       -> R 96 18626                              3.2 ms
    R 32                       -> R 32 6850                               3.3 ms
    W 96                       -> W 96 9574                               2.8 ms
    W 32                       -> W 32 3508                               3.2 ms
        burst: read 962+184.0/byte -> 56, write 475+94.8/byte -> 96, taking 56
    Q 1                        -> Q 1                                     1.7 ms
    U 16                       -> U 16                                    1.8 ms
    Y 0                        -> Y 0                                     2.1 ms
    B 2 1                      -> B ok                                    3.5 ms
    T 0 6 56                   -> T 4 10 56                               3.2 ms
    F 0 1048576                -> F 107687275                           185.8 ms
    V 0 1048576                -> V 1 211207430                         359.3 ms
        1 wrong over 1024 kB at write 4 read 10 burst 56
    T 0 7 16                   -> T 4 11 16                               3.3 ms
    R 96                       -> R 96 19423                              3.3 ms
    R 32                       -> R 32 7135                               3.0 ms
    W 96                       -> W 96 9574                               2.7 ms
    W 32                       -> W 32 3508                               3.4 ms
        burst: read 991+192.0/byte -> 56, write 475+94.8/byte -> 96, taking 56
    Q 1                        -> Q 1                                     2.0 ms
    U 16                       -> U 16                                    2.3 ms
    Y 0                        -> Y 0                                     2.0 ms
    B 2 1                      -> B ok                                    3.6 ms
    T 0 7 56                   -> T 4 11 56                               3.2 ms
    F 0 1048576                -> F 107687271                           185.9 ms
    V 0 1048576                -> V 0 220175620                         374.3 ms
    V 0 1048576                -> V 0 220175631                         373.3 ms
    V 0 1048576                -> V 0 220175619                         373.8 ms
    V 0 1048576                -> V 0 220175621                         373.5 ms
      Y1: single 0x03 write  4 read 11 burst 56 setup 16 ->  2.86 MB/s
    Q 2                        -> Q 2                                     2.7 ms
    J 8                        -> J 8                                     2.0 ms
    U 0                        -> U 0                                     2.0 ms
    Y 0                        -> Y 0                                     1.9 ms
    B 2 1                      -> B ok                                    3.5 ms
    T 11 14 16                 -> T 16 24 16                              3.2 ms
    T 11 0 16                  -> T 16 4 16                               2.9 ms
    F 0 32768                  -> F 7853279                              17.9 ms
    V 0 32768                  -> V 32640 5969044                        13.8 ms
    T 11 1 16                  -> T 16 5 16                               4.5 ms
    F 0 32768                  -> F 7853288                              15.5 ms
    V 0 32768                  -> V 32640 6253711                        16.3 ms
    T 11 2 16                  -> T 16 6 16                               4.6 ms
    F 0 32768                  -> F 7853280                              17.0 ms
    V 0 32768                  -> V 32560 6395062                        16.0 ms
    T 11 3 16                  -> T 16 7 16                               4.6 ms
    F 0 32768                  -> F 7853285                              18.5 ms
    V 0 32768                  -> V 32640 6679732                        15.1 ms
    T 11 4 16                  -> T 16 8 16                               4.7 ms
    F 0 32768                  -> F 7853285                              15.3 ms
    V 0 32768                  -> V 32624 7050484                        17.6 ms
    T 11 5 16                  -> T 16 9 16                               4.6 ms
    F 0 32768                  -> F 7853287                              17.8 ms
    V 0 32768                  -> V 32640 7367910                        18.5 ms
    T 11 6 16                  -> T 16 10 16                              5.1 ms
    F 0 32768                  -> F 7853285                              16.5 ms
    V 0 32768                  -> V 32640 7738622                        19.0 ms
    T 11 7 16                  -> T 16 11 16                              4.9 ms
    F 0 32768                  -> F 7853281                              15.5 ms
    V 0 32768                  -> V 32640 8056071                        19.2 ms
    T 11 8 16                  -> T 16 12 16                              5.0 ms
    F 0 32768                  -> F 7853285                              16.9 ms
    V 0 32768                  -> V 32640 8426823                        19.4 ms
    T 11 9 16                  -> T 16 13 16                              5.3 ms
    F 0 32768                  -> F 7853320                              17.0 ms
    V 0 32768                  -> V 32640 8774984                        20.5 ms
    T 11 10 16                 -> T 16 14 16                              4.9 ms
    F 0 32768                  -> F 7853286                              16.9 ms
    V 0 32768                  -> V 32640 9151841                        23.2 ms
    T 11 11 16                 -> T 16 16 16                              3.3 ms
    F 0 32768                  -> F 7853284                              15.6 ms
    V 0 32768                  -> V 32640 9840010                        24.7 ms
    T 11 12 16                 -> T 16 18 16                              3.1 ms
    F 0 32768                  -> F 7853286                              15.2 ms
    V 0 32768                  -> V 32640 10524028                       21.9 ms
    T 11 13 16                 -> T 16 20 16                              5.0 ms
    F 0 32768                  -> F 7853286                              16.1 ms
    V 0 32768                  -> V 32624 11288068                       25.5 ms
    T 11 14 16                 -> T 16 24 16                              5.1 ms
    F 0 32768                  -> F 7853283                              16.6 ms
    V 0 32768                  -> V 32624 13704764                       29.1 ms
    Q 2                        -> Q 2                                     2.1 ms
    J 8                        -> J 8                                     2.1 ms
    U 16                       -> U 16                                    2.1 ms
    Y 0                        -> Y 0                                     2.1 ms
    B 2 1                      -> B ok                                    3.6 ms
    T 11 14 16                 -> T 16 24 16                              2.9 ms
    T 11 0 16                  -> T 16 4 16                               3.3 ms
    F 0 32768                  -> F 7967980                              17.4 ms
    V 0 32768                  -> V 13539 6079647                        15.3 ms
    T 11 1 16                  -> T 16 5 16                               2.8 ms
    F 0 32768                  -> F 7967977                              17.2 ms
    V 0 32768                  -> V 16336 6364345                        17.0 ms
    T 11 2 16                  -> T 16 6 16                               3.6 ms
    F 0 32768                  -> F 7967972                              15.7 ms
    V 0 32768                  -> V 0 6505663                            15.4 ms
    T 0 2 16                   -> T 4 6 16                                4.3 ms
    F 0 32768                  -> F 4072495                               9.4 ms
    V 0 32768                  -> V 0 6505662                            15.3 ms
    T 0 2 16                   -> T 4 6 16                                4.3 ms
    R 96                       -> R 96 15600                              3.2 ms
    R 32                       -> R 32 5816                               3.1 ms
    W 96                       -> W 96 9573                               2.8 ms
    W 32                       -> W 32 3508                               2.8 ms
        burst: read 924+152.9/byte -> 72, write 476+94.8/byte -> 96, taking 72
    Q 2                        -> Q 2                                     1.7 ms
    J 8                        -> J 8                                     2.0 ms
    U 16                       -> U 16                                    1.9 ms
    Y 0                        -> Y 0                                     1.7 ms
    B 2 1                      -> B ok                                    3.4 ms
    T 0 2 72                   -> T 4 6 72                                2.9 ms
    F 0 1048576                -> F 105642669                           182.5 ms
    V 0 1048576                -> V 0 175148214                         299.4 ms
    V 0 1048576                -> V 0 175148202                         298.4 ms
    V 0 1048576                -> V 0 175148211                         298.4 ms
    V 0 1048576                -> V 0 175148207                         298.5 ms
      Y1: single 0x0B write  4 read  6 burst 72 setup 16 ->  3.59 MB/s
      Y1: keeping single 0x0B at 3.59 MB/s
    Y2
    Q 0                        -> Q 0                                     1.7 ms
    U 0                        -> U 0                                     2.1 ms
    Y 0                        -> Y 0                                     1.7 ms
    B 2 2                      -> B ok                                    3.6 ms
    T 11 14 16                 -> T 16 24 16                              3.4 ms
    T 11 0 16                  -> T 16 4 16                               3.0 ms
    F 0 32768                  -> F 2696134                               6.8 ms
    V 0 32768                  -> V 32640 1584037                         5.9 ms
    T 11 1 16                  -> T 16 5 16                               2.8 ms
    F 0 32768                  -> F 2696139                               6.7 ms
    V 0 32768                  -> V 32526 1811368                         6.6 ms
    T 11 2 16                  -> T 16 6 16                               2.9 ms
    F 0 32768                  -> F 2696166                               6.9 ms
    V 0 32768                  -> V 32696 1856429                         6.7 ms
    T 11 3 16                  -> T 16 7 16                               3.1 ms
    F 0 32768                  -> F 2696167                               7.1 ms
    V 0 32768                  -> V 32764 1917871                         6.2 ms
    T 11 4 16                  -> T 16 8 16                               3.4 ms
    F 0 32768                  -> F 2696162                               7.3 ms
    V 0 32768                  -> V 32641 2045090                         7.0 ms
    T 11 5 16                  -> T 16 9 16                               2.9 ms
    F 0 32768                  -> F 2696132                               6.9 ms
    V 0 32768                  -> V 32639 2126871                         7.1 ms
    T 11 6 16                  -> T 16 10 16                              2.8 ms
    F 0 32768                  -> F 2696165                               7.0 ms
    V 0 32768                  -> V 32640 2395137                         7.5 ms
    T 11 7 16                  -> T 16 11 16                              3.3 ms
    F 0 32768                  -> F 2696166                               7.1 ms
    V 0 32768                  -> V 32640 2476261                         7.4 ms
    T 11 8 16                  -> T 16 12 16                              3.2 ms
    F 0 32768                  -> F 2696167                               7.1 ms
    V 0 32768                  -> V 32640 2800852                         8.3 ms
    T 11 9 16                  -> T 16 13 16                              3.4 ms
    F 0 32768                  -> F 2696166                               7.1 ms
    V 0 32768                  -> V 32640 2911279                         8.4 ms
    T 11 10 16                 -> T 16 14 16                              2.9 ms
    F 0 32768                  -> F 2696135                               7.0 ms
    V 0 32768                  -> V 32640 3107852                        10.9 ms
    T 11 11 16                 -> T 16 16 16                              4.1 ms
    F 0 32768                  -> F 2696168                               7.3 ms
    V 0 32768                  -> V 32641 3237041                         9.0 ms
    T 11 12 16                 -> T 16 18 16                              2.9 ms
    F 0 32768                  -> F 2696161                               7.0 ms
    V 0 32768                  -> V 32640 3531818                         9.4 ms
    T 11 13 16                 -> T 16 20 16                              3.5 ms
    F 0 32768                  -> F 2696164                               6.7 ms
    V 0 32768                  -> V 32640 3572966                         9.7 ms
    T 11 14 16                 -> T 16 24 16                              3.3 ms
    F 0 32768                  -> F 2696133                               6.9 ms
    V 0 32768                  -> V 32763 4660301                        13.4 ms
    Q 0                        -> Q 0                                     2.6 ms
    U 16                       -> U 16                                    2.2 ms
    Y 0                        -> Y 0                                     1.7 ms
    B 2 2                      -> B ok                                    3.6 ms
    T 11 14 16                 -> T 16 24 16                              3.2 ms
    T 11 0 16                  -> T 16 4 16                               3.0 ms
    F 0 32768                  -> F 2806734                               7.2 ms
    V 0 32768                  -> V 32367 1694630                         6.3 ms
    T 11 1 16                  -> T 16 5 16                               2.7 ms
    F 0 32768                  -> F 2806765                               7.1 ms
    V 0 32768                  -> V 32382 1919921                         6.6 ms
    T 11 2 16                  -> T 16 6 16                               3.1 ms
    F 0 32768                  -> F 2806761                               7.2 ms
    V 0 32768                  -> V 32724 1964981                         6.8 ms
    T 11 3 16                  -> T 16 7 16                               3.4 ms
    F 0 32768                  -> F 2806731                               7.3 ms
    V 0 32768                  -> V 32768 2026418                         6.9 ms
    T 11 4 16                  -> T 16 8 16                               2.9 ms
    F 0 32768                  -> F 2806765                               7.0 ms
    V 0 32768                  -> V 32640 2155687                         7.3 ms
    T 11 5 16                  -> T 16 9 16                               2.8 ms
    F 0 32768                  -> F 2806762                               6.9 ms
    V 0 32768                  -> V 32639 2237467                         7.3 ms
    T 11 6 16                  -> T 16 10 16                              2.9 ms
    F 0 32768                  -> F 2806733                               7.2 ms
    V 0 32768                  -> V 32639 2505715                         7.8 ms
    T 11 7 16                  -> T 16 11 16                              3.3 ms
    F 0 32768                  -> F 2806759                               7.2 ms
    V 0 32768                  -> V 28549 2586867                         7.5 ms
    T 11 8 16                  -> T 16 12 16                              2.9 ms
    F 0 32768                  -> F 2806761                               7.2 ms
    V 0 32768                  -> V 21437 2911452                         8.4 ms
    T 11 9 16                  -> T 16 13 16                              3.3 ms
    F 0 32768                  -> F 2806731                               6.8 ms
    V 0 32768                  -> V 17482 3021879                         8.7 ms
    T 11 10 16                 -> T 16 14 16                              3.4 ms
    F 0 32768                  -> F 2806759                               7.3 ms
    V 0 32768                  -> V 18854 3216406                         8.9 ms
    T 11 11 16                 -> T 16 16 16                              3.2 ms
    F 0 32768                  -> F 2806728                               7.2 ms
    V 0 32768                  -> V 14273 3347640                         9.2 ms
    T 11 12 16                 -> T 16 18 16                              2.9 ms
    F 0 32768                  -> F 2806762                               7.1 ms
    V 0 32768                  -> V 12024 3642422                         9.7 ms
    T 11 13 16                 -> T 16 20 16                              3.2 ms
    F 0 32768                  -> F 2806732                               7.2 ms
    V 0 32768                  -> V 12910 3683564                         9.6 ms
    T 11 14 16                 -> T 16 24 16                              3.2 ms
    F 0 32768                  -> F 2806759                               7.3 ms
    V 0 32768                  -> V 18125 4772991                        11.6 ms
      Y2: no quad setting survives 1024 kB
    Q 1                        -> Q 1                                     1.8 ms
    U 0                        -> U 0                                     1.9 ms
    Y 0                        -> Y 0                                     1.9 ms
    B 2 2                      -> B ok                                    3.5 ms
    T 11 14 16                 -> T 16 24 16                              3.2 ms
    T 11 0 16                  -> T 16 4 16                               3.1 ms
    F 0 32768                  -> F 7853313                              17.1 ms
    V 0 32768                  -> V 32640 5827742                        15.0 ms
    T 11 1 16                  -> T 16 5 16                               4.7 ms
    F 0 32768                  -> F 7853290                              18.3 ms
    V 0 32768                  -> V 32640 6118557                        18.1 ms
    T 11 2 16                  -> T 16 6 16                               2.9 ms
    F 0 32768                  -> F 7853285                              16.0 ms
    V 0 32768                  -> V 32640 6220987                        14.9 ms
    T 11 3 16                  -> T 16 7 16                               3.1 ms
    F 0 32768                  -> F 7853285                              17.5 ms
    V 0 32768                  -> V 32640 6511804                        14.4 ms
    T 11 4 16                  -> T 16 8 16                               3.2 ms
    F 0 32768                  -> F 7853280                              15.5 ms
    V 0 32768                  -> V 32640 6876404                        17.5 ms
    T 11 5 16                  -> T 16 9 16                               4.6 ms
    F 0 32768                  -> F 7853283                              17.6 ms
    V 0 32768                  -> V 32640 7169269                        16.0 ms
    T 11 6 16                  -> T 16 10 16                              3.4 ms
    F 0 32768                  -> F 7853285                              18.2 ms
    V 0 32768                  -> V 32640 7499079                        17.5 ms
    T 11 7 16                  -> T 16 11 16                              5.0 ms
    F 0 32768                  -> F 7853285                              17.8 ms
    V 0 32768                  -> V 32640 7824654                        18.0 ms
    T 11 8 16                  -> T 16 12 16                              5.0 ms
    F 0 32768                  -> F 7853281                              18.2 ms
    V 0 32768                  -> V 32640 8154402                        18.6 ms
    T 11 9 16                  -> T 16 13 16                              5.1 ms
    F 0 32768                  -> F 7853283                              17.9 ms
    V 0 32768                  -> V 32640 8480081                        21.5 ms
    T 11 10 16                 -> T 16 14 16                              2.9 ms
    F 0 32768                  -> F 7853280                              17.0 ms
    V 0 32768                  -> V 32640 8803651                        22.1 ms
    T 11 11 16                 -> T 16 16 16                              3.0 ms
    F 0 32768                  -> F 7853282                              17.2 ms
    V 0 32768                  -> V 32640 9459057                        19.9 ms
    T 11 12 16                 -> T 16 18 16                              4.9 ms
    F 0 32768                  -> F 7853280                              17.1 ms
    V 0 32768                  -> V 32640 10120603                       22.9 ms
    T 11 13 16                 -> T 16 20 16                              6.4 ms
    F 0 32768                  -> F 7853275                              16.9 ms
    V 0 32768                  -> V 32640 10913224                       24.1 ms
    T 11 14 16                 -> T 16 24 16                              5.1 ms
    F 0 32768                  -> F 7853283                              17.0 ms
    V 0 32768                  -> V 32640 13264414                       28.0 ms
    Q 1                        -> Q 1                                     1.9 ms
    U 16                       -> U 16                                    2.2 ms
    Y 0                        -> Y 0                                     1.6 ms
    B 2 2                      -> B ok                                    3.5 ms
    T 11 14 16                 -> T 16 24 16                              2.9 ms
    T 11 0 16                  -> T 16 4 16                               3.1 ms
    F 0 32768                  -> F 7967975                              18.7 ms
    V 0 32768                  -> V 24572 5938367                        13.5 ms
    T 11 1 16                  -> T 16 5 16                               3.1 ms
    F 0 32768                  -> F 7967975                              16.3 ms
    V 0 32768                  -> V 6551 6229140                         16.3 ms
    T 11 2 16                  -> T 16 6 16                               4.6 ms
    F 0 32768                  -> F 7968004                              15.7 ms
    V 0 32768                  -> V 2 6331583                            14.9 ms
    T 11 3 16                  -> T 16 7 16                               4.6 ms
    F 0 32768                  -> F 7967978                              18.7 ms
    V 0 32768                  -> V 0 6622397                            13.9 ms
    T 0 3 16                   -> T 4 7 16                                4.4 ms
    F 0 32768                  -> F 4072497                               8.6 ms
    V 0 32768                  -> V 0 6622401                            15.4 ms
    T 0 3 16                   -> T 4 7 16                                4.3 ms
    R 96                       -> R 96 16217                              3.2 ms
    R 32                       -> R 32 5982                               2.9 ms
    W 96                       -> W 96 9572                               2.7 ms
    W 32                       -> W 32 3508                               3.2 ms
        burst: read 864+159.9/byte -> 72, write 476+94.8/byte -> 96, taking 72
    Q 1                        -> Q 1                                     1.6 ms
    U 16                       -> U 16                                    2.4 ms
    Y 0                        -> Y 0                                     2.2 ms
    B 2 2                      -> B ok                                    3.2 ms
    T 0 3 72                   -> T 4 7 72                                3.1 ms
    F 0 1048576                -> F 105642733                           182.1 ms
    V 0 1048576                -> V 1 181686122                         310.0 ms
        1 wrong over 1024 kB at write 4 read 7 burst 72
    T 0 4 16                   -> T 4 8 16                                2.8 ms
    R 96                       -> R 96 17170                              3.3 ms
    R 32                       -> R 32 6329                               3.2 ms
    W 96                       -> W 96 9568                               3.1 ms
    W 32                       -> W 32 3508                               3.2 ms
        burst: read 908+169.4/byte -> 64, write 478+94.7/byte -> 96, taking 64
    Q 1                        -> Q 1                                     1.6 ms
    U 16                       -> U 16                                    1.9 ms
    Y 0                        -> Y 0                                     2.3 ms
    B 2 2                      -> B ok                                    3.5 ms
    T 0 4 64                   -> T 4 8 64                                2.9 ms
    F 0 1048576                -> F 106510102                           183.7 ms
    V 0 1048576                -> V 1 192743680                         328.2 ms
        1 wrong over 1024 kB at write 4 read 8 burst 64
    T 0 5 16                   -> T 4 9 16                                3.2 ms
    R 96                       -> R 96 17822                              3.3 ms
    R 32                       -> R 32 6559                               3.2 ms
    W 96                       -> W 96 9573                               3.0 ms
    W 32                       -> W 32 3508                               3.3 ms
        burst: read 928+176.0/byte -> 64, write 476+94.8/byte -> 96, taking 64
    Q 1                        -> Q 1                                     1.6 ms
    U 16                       -> U 16                                    1.9 ms
    Y 0                        -> Y 0                                     1.9 ms
    B 2 2                      -> B ok                                    3.1 ms
    T 0 5 64                   -> T 4 9 64                                2.9 ms
    F 0 1048576                -> F 106510165                           183.8 ms
    V 0 1048576                -> V 1 200592975                         341.8 ms
        1 wrong over 1024 kB at write 4 read 9 burst 64
    T 0 6 16                   -> T 4 10 16                               3.3 ms
    R 96                       -> R 96 18624                              3.4 ms
    R 32                       -> R 32 6848                               3.2 ms
    W 96                       -> W 96 9573                               3.1 ms
    W 32                       -> W 32 3508                               3.3 ms
        burst: read 960+184.0/byte -> 56, write 476+94.8/byte -> 96, taking 56
    Q 1                        -> Q 1                                     1.8 ms
    U 16                       -> U 16                                    2.4 ms
    Y 0                        -> Y 0                                     2.0 ms
    B 2 2                      -> B ok                                    3.4 ms
    T 0 6 56                   -> T 4 10 56                               3.2 ms
    F 0 1048576                -> F 107687239                           185.4 ms
    V 0 1048576                -> V 1 211207415                         358.5 ms
        1 wrong over 1024 kB at write 4 read 10 burst 56
    T 0 7 16                   -> T 4 11 16                               4.2 ms
    R 96                       -> R 96 19423                              2.9 ms
    R 32                       -> R 32 7131                               3.2 ms
    W 96                       -> W 96 9572                               2.8 ms
    W 32                       -> W 32 3508                               3.4 ms
        burst: read 985+192.1/byte -> 56, write 476+94.8/byte -> 96, taking 56
    Q 1                        -> Q 1                                     1.6 ms
    U 16                       -> U 16                                    2.4 ms
    Y 0                        -> Y 0                                     2.0 ms
    B 2 2                      -> B ok                                    3.5 ms
    T 0 7 56                   -> T 4 11 56                               3.2 ms
    F 0 1048576                -> F 107687242                           185.8 ms
    V 0 1048576                -> V 0 220175633                         374.3 ms
    V 0 1048576                -> V 0 220175621                         373.4 ms
    V 0 1048576                -> V 0 220175647                         373.6 ms
    V 0 1048576                -> V 0 220175615                         374.3 ms
      Y2: single 0x03 write  4 read 11 burst 56 setup 16 ->  2.86 MB/s
    Q 2                        -> Q 2                                     1.7 ms
    J 8                        -> J 8                                     1.7 ms
    U 0                        -> U 0                                     1.9 ms
    Y 0                        -> Y 0                                     1.8 ms
    B 2 2                      -> B ok                                    3.5 ms
    T 11 14 16                 -> T 16 24 16                              3.2 ms
    T 11 0 16                  -> T 16 4 16                               2.8 ms
    F 0 32768                  -> F 7853285                              16.2 ms
    V 0 32768                  -> V 32640 5969065                        15.0 ms
    T 11 1 16                  -> T 16 5 16                               2.7 ms
    F 0 32768                  -> F 7853283                              16.4 ms
    V 0 32768                  -> V 32640 6253745                        16.5 ms
    T 11 2 16                  -> T 16 6 16                               4.8 ms
    F 0 32768                  -> F 7853287                              18.4 ms
    V 0 32768                  -> V 32640 6395068                        18.4 ms
    T 11 3 16                  -> T 16 7 16                               4.7 ms
    F 0 32768                  -> F 7853285                              17.1 ms
    V 0 32768                  -> V 32640 6679727                        15.9 ms
    T 11 4 16                  -> T 16 8 16                               4.6 ms
    F 0 32768                  -> F 7853285                              16.5 ms
    V 0 32768                  -> V 32624 7050453                        17.8 ms
    T 11 5 16                  -> T 16 9 16                               4.6 ms
    F 0 32768                  -> F 7853284                              16.3 ms
    V 0 32768                  -> V 32640 7367910                        18.4 ms
    T 11 6 16                  -> T 16 10 16                              4.9 ms
    F 0 32768                  -> F 7853284                              17.2 ms
    V 0 32768                  -> V 32640 7738601                        17.7 ms
    T 11 7 16                  -> T 16 11 16                              5.0 ms
    F 0 32768                  -> F 7853287                              18.6 ms
    V 0 32768                  -> V 32640 8056071                        18.1 ms
    T 11 8 16                  -> T 16 12 16                              4.9 ms
    F 0 32768                  -> F 7853285                              17.7 ms
    V 0 32768                  -> V 32640 8426784                        18.4 ms
    T 11 9 16                  -> T 16 13 16                              5.0 ms
    F 0 32768                  -> F 7853284                              16.7 ms
    V 0 32768                  -> V 32640 8774980                        18.6 ms
    T 11 10 16                 -> T 16 14 16                              4.8 ms
    F 0 32768                  -> F 7853279                              18.4 ms
    V 0 32768                  -> V 32640 9151821                        23.3 ms
    T 11 11 16                 -> T 16 16 16                              3.5 ms
    F 0 32768                  -> F 7853312                              15.5 ms
    V 0 32768                  -> V 32640 9839976                        22.1 ms
    T 11 12 16                 -> T 16 18 16                              5.0 ms
    F 0 32768                  -> F 7853285                              18.4 ms
    V 0 32768                  -> V 32640 10524038                       25.9 ms
    T 11 13 16                 -> T 16 20 16                              2.9 ms
    F 0 32768                  -> F 7853315                              15.3 ms
    V 0 32768                  -> V 32624 11288061                       24.9 ms
    T 11 14 16                 -> T 16 24 16                              4.4 ms
    F 0 32768                  -> F 7853287                              17.3 ms
    V 0 32768                  -> V 32624 13704770                       31.0 ms
    Q 2                        -> Q 2                                     1.6 ms
    J 8                        -> J 8                                     1.6 ms
    U 16                       -> U 16                                    2.2 ms
    Y 0                        -> Y 0                                     1.9 ms
    B 2 2                      -> B ok                                    3.5 ms
    T 11 14 16                 -> T 16 24 16                              3.4 ms
    T 11 0 16                  -> T 16 4 16                               2.8 ms
    F 0 32768                  -> F 7967967                              15.6 ms
    V 0 32768                  -> V 25369 6079637                        15.9 ms
    T 11 1 16                  -> T 16 5 16                               4.6 ms
    F 0 32768                  -> F 7967976                              17.1 ms
    V 0 32768                  -> V 5333 6364355                         16.0 ms
    T 11 2 16                  -> T 16 6 16                               4.5 ms
    F 0 32768                  -> F 7967977                              18.7 ms
    V 0 32768                  -> V 7137 6505632                         13.7 ms
    T 11 3 16                  -> T 16 7 16                               4.8 ms
    F 0 32768                  -> F 7967973                              18.4 ms
    V 0 32768                  -> V 0 6790329                            14.1 ms
    T 0 3 16                   -> T 4 7 16                                2.9 ms
    F 0 32768                  -> F 4072467                               9.3 ms
    V 0 32768                  -> V 0 6790357                            14.4 ms
    T 0 3 16                   -> T 4 7 16                                4.3 ms
    R 96                       -> R 96 16217                              3.1 ms
    R 32                       -> R 32 6050                               3.1 ms
    W 96                       -> W 96 9574                               2.8 ms
    W 32                       -> W 32 3508                               3.0 ms
        burst: read 966+158.9/byte -> 72, write 475+94.8/byte -> 96, taking 72
    Q 2                        -> Q 2                                     2.0 ms
    J 8                        -> J 8                                     2.1 ms
    U 16                       -> U 16                                    2.2 ms
    Y 0                        -> Y 0                                     2.1 ms
    B 2 2                      -> B ok                                    3.5 ms
    T 0 3 72                   -> T 4 7 72                                2.5 ms
    F 0 1048576                -> F 105642724                           182.0 ms
    V 0 1048576                -> V 0 182067318                         309.6 ms
    V 0 1048576                -> V 0 182067377                         310.0 ms
    V 0 1048576                -> V 0 182067359                         310.4 ms
    V 0 1048576                -> V 0 182067329                         310.6 ms
      Y2: single 0x0B write  4 read  7 burst 72 setup 16 ->  3.46 MB/s
      Y2: keeping single 0x0B at 3.46 MB/s
    Y3
    Q 0                        -> Q 0                                     2.0 ms
    U 0                        -> U 0                                     2.2 ms
    Y 0                        -> Y 0                                     2.1 ms
    B 2 3                      -> B ok                                    3.4 ms
    T 11 14 16                 -> T 16 24 16                              3.4 ms
    T 11 0 16                  -> T 16 4 16                               3.1 ms
    F 0 32768                  -> F 2696132                               7.1 ms
    V 0 32768                  -> V 32640 1584037                         6.2 ms
    T 11 1 16                  -> T 16 5 16                               3.1 ms
    F 0 32768                  -> F 2696161                               6.4 ms
    V 0 32768                  -> V 32510 1811372                         6.3 ms
    T 11 2 16                  -> T 16 6 16                               2.7 ms
    F 0 32768                  -> F 2696132                               7.0 ms
    V 0 32768                  -> V 32763 1856459                         6.7 ms
    T 11 3 16                  -> T 16 7 16                               3.1 ms
    F 0 32768                  -> F 2696137                               6.5 ms
    V 0 32768                  -> V 32765 1917899                         7.0 ms
    T 11 4 16                  -> T 16 8 16                               3.1 ms
    F 0 32768                  -> F 2696164                               7.0 ms
    V 0 32768                  -> V 32643 2045087                         6.7 ms
    T 11 5 16                  -> T 16 9 16                               3.1 ms
    F 0 32768                  -> F 2696165                               6.8 ms
    V 0 32768                  -> V 32641 2126840                         6.7 ms
    T 11 6 16                  -> T 16 10 16                              3.2 ms
    F 0 32768                  -> F 2696137                               7.0 ms
    V 0 32768                  -> V 32644 2395127                         7.5 ms
    T 11 7 16                  -> T 16 11 16                              3.1 ms
    F 0 32768                  -> F 2696166                               7.0 ms
    V 0 32768                  -> V 32640 2476263                         7.6 ms
    T 11 8 16                  -> T 16 12 16                              3.4 ms
    F 0 32768                  -> F 2696165                               7.1 ms
    V 0 32768                  -> V 32688 2800851                         8.3 ms
    T 11 9 16                  -> T 16 13 16                              3.2 ms
    F 0 32768                  -> F 2696165                               7.0 ms
    V 0 32768                  -> V 32640 2911287                         8.8 ms
    T 11 10 16                 -> T 16 14 16                              2.9 ms
    F 0 32768                  -> F 2696162                               6.7 ms
    V 0 32768                  -> V 32624 3107852                         9.1 ms
    T 11 11 16                 -> T 16 16 16                              3.0 ms
    F 0 32768                  -> F 2696136                               6.9 ms
    V 0 32768                  -> V 32640 3237046                         8.9 ms
    T 11 12 16                 -> T 16 18 16                              3.1 ms
    F 0 32768                  -> F 2696164                               6.9 ms
    V 0 32768                  -> V 32640 3531821                         9.6 ms
    T 11 13 16                 -> T 16 20 16                              3.0 ms
    F 0 32768                  -> F 2696166                               6.9 ms
    V 0 32768                  -> V 32640 3572957                         9.9 ms
    T 11 14 16                 -> T 16 24 16                              3.3 ms
    F 0 32768                  -> F 2696133                               7.1 ms
    V 0 32768                  -> V 32759 4660334                        11.4 ms
    Q 0                        -> Q 0                                     1.6 ms
    U 16                       -> U 16                                    2.1 ms
    Y 0                        -> Y 0                                     1.9 ms
    B 2 3                      -> B ok                                    3.3 ms
    T 11 14 16                 -> T 16 24 16                              3.2 ms
    T 11 0 16                  -> T 16 4 16                               3.2 ms
    F 0 32768                  -> F 2806758                               7.4 ms
    V 0 32768                  -> V 32262 1694626                         6.6 ms
    T 11 1 16                  -> T 16 5 16                               3.2 ms
    F 0 32768                  -> F 2806733                               7.1 ms
    V 0 32768                  -> V 32133 1919920                         6.7 ms
    T 11 2 16                  -> T 16 6 16                               3.1 ms
    F 0 32768                  -> F 2806762                               7.2 ms
    V 0 32768                  -> V 32764 1964981                         6.5 ms
    T 11 3 16                  -> T 16 7 16                               2.9 ms
    F 0 32768                  -> F 2806758                               7.1 ms
    V 0 32768                  -> V 32768 2026421                         7.0 ms
    T 11 4 16                  -> T 16 8 16                               3.0 ms
    F 0 32768                  -> F 2806764                               6.9 ms
    V 0 32768                  -> V 32641 2155685                         6.9 ms
    T 11 5 16                  -> T 16 9 16                               3.0 ms
    F 0 32768                  -> F 2806765                               7.3 ms
    V 0 32768                  -> V 32640 2237467                         7.3 ms
    T 11 6 16                  -> T 16 10 16                              3.3 ms
    F 0 32768                  -> F 2806764                               7.2 ms
    V 0 32768                  -> V 32640 2505722                         7.4 ms
    T 11 7 16                  -> T 16 11 16                              3.3 ms
    F 0 32768                  -> F 2806761                               7.3 ms
    V 0 32768                  -> V 28097 2586870                         7.5 ms
    T 11 8 16                  -> T 16 12 16                              3.3 ms
    F 0 32768                  -> F 2806756                               7.2 ms
    V 0 32768                  -> V 21459 2911453                         8.5 ms
    T 11 9 16                  -> T 16 13 16                              2.9 ms
    F 0 32768                  -> F 2806760                               7.2 ms
    V 0 32768                  -> V 15885 3021878                         8.7 ms
    T 11 10 16                 -> T 16 14 16                              3.3 ms
    F 0 32768                  -> F 2806722                               7.0 ms
    V 0 32768                  -> V 15838 3216426                         8.9 ms
    T 11 11 16                 -> T 16 16 16                              3.3 ms
    F 0 32768                  -> F 2806759                               7.0 ms
    V 0 32768                  -> V 8174 3347608                          9.1 ms
    T 11 12 16                 -> T 16 18 16                              3.2 ms
    F 0 32768                  -> F 2806764                               6.9 ms
    V 0 32768                  -> V 6402 3642421                         12.0 ms
    T 11 13 16                 -> T 16 20 16                              5.0 ms
    F 0 32768                  -> F 2806732                               6.9 ms
    V 0 32768                  -> V 11989 3683565                         9.4 ms
    T 11 14 16                 -> T 16 24 16                              3.3 ms
    F 0 32768                  -> F 2806758                               7.2 ms
    V 0 32768                  -> V 16863 4772989                        13.6 ms
      Y3: no quad setting survives 1024 kB
    Q 1                        -> Q 1                                     1.7 ms
    U 0                        -> U 0                                     2.1 ms
    Y 0                        -> Y 0                                     1.9 ms
    B 2 3                      -> B ok                                    3.1 ms
    T 11 14 16                 -> T 16 24 16                              3.3 ms
    T 11 0 16                  -> T 16 4 16                               2.8 ms
    F 0 32768                  -> F 7853286                              16.5 ms
    V 0 32768                  -> V 32640 5827749                        14.2 ms
    T 11 1 16                  -> T 16 5 16                               2.8 ms
    F 0 32768                  -> F 7853280                              17.2 ms
    V 0 32768                  -> V 32640 6118540                        14.3 ms
    T 11 2 16                  -> T 16 6 16                               3.2 ms
    F 0 32768                  -> F 7853287                              17.8 ms
    V 0 32768                  -> V 32640 6220944                        14.9 ms
    T 11 3 16                  -> T 16 7 16                               3.2 ms
    F 0 32768                  -> F 7853284                              17.7 ms
    V 0 32768                  -> V 32640 6511798                        15.5 ms
    T 11 4 16                  -> T 16 8 16                               3.1 ms
    F 0 32768                  -> F 7853278                              17.7 ms
    V 0 32768                  -> V 32640 6876403                        17.0 ms
    T 11 5 16                  -> T 16 9 16                               4.7 ms
    F 0 32768                  -> F 7853280                              15.2 ms
    V 0 32768                  -> V 32640 7169257                        17.8 ms
    T 11 6 16                  -> T 16 10 16                              4.8 ms
    F 0 32768                  -> F 7853271                              17.1 ms
    V 0 32768                  -> V 32640 7499087                        18.6 ms
    T 11 7 16                  -> T 16 11 16                              5.0 ms
    F 0 32768                  -> F 7853285                              15.4 ms
    V 0 32768                  -> V 32640 7824658                        18.8 ms
    T 11 8 16                  -> T 16 12 16                              5.2 ms
    F 0 32768                  -> F 7853284                              16.9 ms
    V 0 32768                  -> V 32640 8154382                        18.7 ms
    T 11 9 16                  -> T 16 13 16                              5.0 ms
    F 0 32768                  -> F 7853283                              18.3 ms
    V 0 32768                  -> V 32640 8480078                        19.8 ms
    T 11 10 16                 -> T 16 14 16                              4.3 ms
    F 0 32768                  -> F 7853284                              17.0 ms
    V 0 32768                  -> V 32640 8803652                        18.8 ms
    T 11 11 16                 -> T 16 16 16                              4.9 ms
    F 0 32768                  -> F 7853285                              18.1 ms
    V 0 32768                  -> V 32640 9459038                        19.5 ms
    T 11 12 16                 -> T 16 18 16                              5.0 ms
    F 0 32768                  -> F 7853282                              15.0 ms
    V 0 32768                  -> V 32640 10120601                       23.0 ms
    T 11 13 16                 -> T 16 20 16                              5.0 ms
    F 0 32768                  -> F 7853285                              16.8 ms
    V 0 32768                  -> V 32640 10913214                       26.2 ms
    T 11 14 16                 -> T 16 24 16                              3.1 ms
    F 0 32768                  -> F 7853281                              16.5 ms
    V 0 32768                  -> V 32640 13264413                       27.9 ms
    Q 1                        -> Q 1                                     1.7 ms
    U 16                       -> U 16                                    2.3 ms
    Y 0                        -> Y 0                                     2.2 ms
    B 2 3                      -> B ok                                    3.5 ms
    T 11 14 16                 -> T 16 24 16                              3.6 ms
    T 11 0 16                  -> T 16 4 16                               3.0 ms
    F 0 32768                  -> F 7967977                              16.1 ms
    V 0 32768                  -> V 3 5938351                            14.1 ms
    T 11 1 16                  -> T 16 5 16                               4.1 ms
    F 0 32768                  -> F 7967976                              17.1 ms
    V 0 32768                  -> V 0 6229164                            13.0 ms
    T 0 1 16                   -> T 4 5 16                                2.7 ms
    F 0 32768                  -> F 4072498                               9.2 ms
    V 0 32768                  -> V 0 6229166                            12.7 ms
    T 0 1 16                   -> T 4 5 16                                4.3 ms
    R 96                       -> R 96 15384                              3.6 ms
    R 32                       -> R 32 5660                               3.2 ms
    W 96                       -> W 96 9574                               2.9 ms
    W 32                       -> W 32 3508                               3.4 ms
        burst: read 798+151.9/byte -> 72, write 475+94.8/byte -> 96, taking 72
    Q 1                        -> Q 1                                     1.6 ms
    U 16                       -> U 16                                    2.1 ms
    Y 0                        -> Y 0                                     2.1 ms
    B 2 3                      -> B ok                                    3.4 ms
    T 0 1 72                   -> T 4 5 72                                2.7 ms
    F 0 1048576                -> F 105642755                           182.1 ms
    V 0 1048576                -> V 1 172362843                         294.4 ms
        1 wrong over 1024 kB at write 4 read 5 burst 72
    T 0 2 16                   -> T 4 6 16                                3.2 ms
    R 96                       -> R 96 15515                              2.9 ms
    R 32                       -> R 32 5730                               3.1 ms
    W 96                       -> W 96 9574                               2.8 ms
    W 32                       -> W 32 3508                               3.2 ms
        burst: read 838+152.9/byte -> 72, write 475+94.8/byte -> 96, taking 72
    Q 1                        -> Q 1                                     1.9 ms
    U 16                       -> U 16                                    1.9 ms
    Y 0                        -> Y 0                                     1.9 ms
    B 2 3                      -> B ok                                    3.5 ms
    T 0 2 72                   -> T 4 6 72                                2.7 ms
    F 0 1048576                -> F 105642677                           181.8 ms
    V 0 1048576                -> V 1 173907788                         297.4 ms
        1 wrong over 1024 kB at write 4 read 6 burst 72
    T 0 3 16                   -> T 4 7 16                                2.8 ms
    R 96                       -> R 96 16213                              3.3 ms
    R 32                       -> R 32 5983                               3.3 ms
    W 96                       -> W 96 9574                               2.7 ms
    W 32                       -> W 32 3508                               3.3 ms
        burst: read 868+159.8/byte -> 72, write 475+94.8/byte -> 96, taking 72
    Q 1                        -> Q 1                                     1.6 ms
    U 16                       -> U 16                                    2.2 ms
    Y 0                        -> Y 0                                     2.2 ms
    B 2 3                      -> B ok                                    3.5 ms
    T 0 3 72                   -> T 4 7 72                                3.1 ms
    F 0 1048576                -> F 105642759                           182.4 ms
    V 0 1048576                -> V 1 181686100                         309.0 ms
        1 wrong over 1024 kB at write 4 read 7 burst 72
    T 0 4 16                   -> T 4 8 16                                3.4 ms
    R 96                       -> R 96 17139                              3.5 ms
    R 32                       -> R 32 6329                               3.2 ms
    W 96                       -> W 96 9573                               3.1 ms
    W 32                       -> W 32 3508                               3.3 ms
        burst: read 924+168.9/byte -> 64, write 476+94.8/byte -> 96, taking 64
    Q 1                        -> Q 1                                     1.8 ms
    U 16                       -> U 16                                    2.4 ms
    Y 0                        -> Y 0                                     2.1 ms
    B 2 3                      -> B ok                                    3.1 ms
    T 0 4 64                   -> T 4 8 64                                3.1 ms
    F 0 1048576                -> F 106510121                           183.8 ms
    V 0 1048576                -> V 1 192743630                         328.4 ms
        1 wrong over 1024 kB at write 4 read 8 burst 64
    T 0 5 16                   -> T 4 9 16                                2.7 ms
    R 96                       -> R 96 17820                              3.4 ms
    R 32                       -> R 32 6556                               3.4 ms
    W 96                       -> W 96 9573                               2.8 ms
    W 32                       -> W 32 3508                               3.1 ms
        burst: read 924+176.0/byte -> 64, write 476+94.8/byte -> 96, taking 64
    Q 1                        -> Q 1                                     1.6 ms
    U 16                       -> U 16                                    2.1 ms
    Y 0                        -> Y 0                                     2.2 ms
    B 2 3                      -> B ok                                    3.5 ms
    T 0 5 64                   -> T 4 9 64                                2.9 ms
    F 0 1048576                -> F 106510109                           183.7 ms
    V 0 1048576                -> V 1 200592978                         341.3 ms
        1 wrong over 1024 kB at write 4 read 9 burst 64
    T 0 6 16                   -> T 4 10 16                               2.9 ms
    R 96                       -> R 96 18622                              3.4 ms
    R 32                       -> R 32 6850                               3.2 ms
    W 96                       -> W 96 9573                               2.7 ms
    W 32                       -> W 32 3508                               3.4 ms
        burst: read 964+183.9/byte -> 56, write 476+94.8/byte -> 96, taking 56
    Q 1                        -> Q 1                                     1.6 ms
    U 16                       -> U 16                                    2.4 ms
    Y 0                        -> Y 0                                     2.1 ms
    B 2 3                      -> B ok                                    3.5 ms
    T 0 6 56                   -> T 4 10 56                               3.2 ms
    F 0 1048576                -> F 107687285                           185.8 ms
    V 0 1048576                -> V 1 211207417                         358.3 ms
        1 wrong over 1024 kB at write 4 read 10 burst 56
    T 0 7 16                   -> T 4 11 16                               4.0 ms
    R 96                       -> R 96 19423                              3.0 ms
    R 32                       -> R 32 7135                               3.0 ms
    W 96                       -> W 96 9572                               2.8 ms
    W 32                       -> W 32 3508                               3.1 ms
        burst: read 991+192.0/byte -> 56, write 476+94.8/byte -> 96, taking 56
    Q 1                        -> Q 1                                     1.6 ms
    U 16                       -> U 16                                    2.0 ms
    Y 0                        -> Y 0                                     1.8 ms
    B 2 3                      -> B ok                                    3.5 ms
    T 0 7 56                   -> T 4 11 56                               2.9 ms
    F 0 1048576                -> F 107687283                           185.8 ms
    V 0 1048576                -> V 0 220175639                         374.1 ms
    V 0 1048576                -> V 0 220175635                         373.5 ms
    V 0 1048576                -> V 0 220175631                         374.2 ms
    V 0 1048576                -> V 0 220175652                         373.4 ms
      Y3: single 0x03 write  4 read 11 burst 56 setup 16 ->  2.86 MB/s
    Q 2                        -> Q 2                                     2.7 ms
    J 8                        -> J 8                                     2.0 ms
    U 0                        -> U 0                                     2.1 ms
    Y 0                        -> Y 0                                     1.9 ms
    B 2 3                      -> B ok                                    3.4 ms
    T 11 14 16                 -> T 16 24 16                              3.4 ms
    T 11 0 16                  -> T 16 4 16                               3.1 ms
    F 0 32768                  -> F 7853286                              17.1 ms
    V 0 32768                  -> V 32632 5969050                        13.4 ms
    T 11 1 16                  -> T 16 5 16                               4.6 ms
    F 0 32768                  -> F 7853314                              17.8 ms
    V 0 32768                  -> V 32624 6253713                        15.3 ms
    T 11 2 16                  -> T 16 6 16                               3.1 ms
    F 0 32768                  -> F 7853286                              18.2 ms
    V 0 32768                  -> V 32624 6395061                        14.2 ms
    T 11 3 16                  -> T 16 7 16                               3.0 ms
    F 0 32768                  -> F 7853279                              16.2 ms
    V 0 32768                  -> V 32624 6679725                        16.7 ms
    T 11 4 16                  -> T 16 8 16                               2.7 ms
    F 0 32768                  -> F 7853285                              17.1 ms
    V 0 32768                  -> V 32624 7050470                        17.5 ms
    T 11 5 16                  -> T 16 9 16                               4.6 ms
    F 0 32768                  -> F 7853287                              16.8 ms
    V 0 32768                  -> V 32608 7367910                        20.2 ms
    T 11 6 16                  -> T 16 10 16                              3.1 ms
    F 0 32768                  -> F 7853286                              16.9 ms
    V 0 32768                  -> V 32624 7738626                        18.4 ms
    T 11 7 16                  -> T 16 11 16                              3.2 ms
    F 0 32768                  -> F 7853278                              16.1 ms
    V 0 32768                  -> V 32624 8056064                        19.0 ms
    T 11 8 16                  -> T 16 12 16                              4.9 ms
    F 0 32768                  -> F 7853280                              17.7 ms
    V 0 32768                  -> V 32624 8426796                        18.8 ms
    T 11 9 16                  -> T 16 13 16                              3.0 ms
    F 0 32768                  -> F 7853285                              18.2 ms
    V 0 32768                  -> V 32624 8774988                        21.2 ms
    T 11 10 16                 -> T 16 14 16                              4.9 ms
    F 0 32768                  -> F 7853277                              17.0 ms
    V 0 32768                  -> V 32624 9151809                        18.4 ms
    T 11 11 16                 -> T 16 16 16                              5.0 ms
    F 0 32768                  -> F 7853316                              17.9 ms
    V 0 32768                  -> V 32624 9839976                        20.8 ms
    T 11 12 16                 -> T 16 18 16                              4.9 ms
    F 0 32768                  -> F 7853317                              18.1 ms
    V 0 32768                  -> V 32624 10524068                       23.0 ms
    T 11 13 16                 -> T 16 20 16                              5.0 ms
    F 0 32768                  -> F 7853279                              15.0 ms
    V 0 32768                  -> V 32624 11288060                       26.9 ms
    T 11 14 16                 -> T 16 24 16                              3.1 ms
    F 0 32768                  -> F 7853287                              15.6 ms
    V 0 32768                  -> V 32624 13704756                       30.1 ms
    Q 2                        -> Q 2                                     2.0 ms
    J 8                        -> J 8                                     1.6 ms
    U 16                       -> U 16                                    2.1 ms
    Y 0                        -> Y 0                                     1.9 ms
    B 2 3                      -> B ok                                    3.3 ms
    T 11 14 16                 -> T 16 24 16                              3.2 ms
    T 11 0 16                  -> T 16 4 16                               3.2 ms
    F 0 32768                  -> F 7967974                              18.8 ms
    V 0 32768                  -> V 16386 6079646                        13.7 ms
    T 11 1 16                  -> T 16 5 16                               3.0 ms
    F 0 32768                  -> F 7967974                              17.3 ms
    V 0 32768                  -> V 0 6364352                            16.1 ms
    T 0 1 16                   -> T 4 5 16                                5.4 ms
    F 0 32768                  -> F 4072467                              10.8 ms
    V 0 32768                  -> V 0 6364311                            15.0 ms
    T 0 1 16                   -> T 4 5 16                                4.2 ms
    R 96                       -> R 96 15373                              3.2 ms
    R 32                       -> R 32 5713                               3.2 ms
    W 96                       -> W 96 9573                               2.8 ms
    W 32                       -> W 32 3508                               3.2 ms
        burst: read 883+150.9/byte -> 72, write 476+94.8/byte -> 96, taking 72
    Q 2                        -> Q 2                                     1.8 ms
    J 8                        -> J 8                                     2.0 ms
    U 16                       -> U 16                                    2.3 ms
    Y 0                        -> Y 0                                     1.7 ms
    B 2 3                      -> B ok                                    3.6 ms
    T 0 1 72                   -> T 4 5 72                                2.6 ms
    F 0 1048576                -> F 105642695                           181.6 ms
    V 0 1048576                -> V 0 172510807                         294.6 ms
    V 0 1048576                -> V 0 172510814                         293.6 ms
    V 0 1048576                -> V 1 172510834                         294.0 ms
        1 wrong over 1024 kB at write 4 read 5 burst 72
    T 0 2 16                   -> T 4 6 16                                2.5 ms
    R 96                       -> R 96 15600                              3.6 ms
    R 32                       -> R 32 5811                               3.2 ms
    W 96                       -> W 96 9573                               3.1 ms
    W 32                       -> W 32 3508                               3.0 ms
        burst: read 916+153.0/byte -> 72, write 476+94.8/byte -> 96, taking 72
    Q 2                        -> Q 2                                     1.8 ms
    J 8                        -> J 8                                     2.1 ms
    U 16                       -> U 16                                    2.1 ms
    Y 0                        -> Y 0                                     1.9 ms
    B 2 3                      -> B ok                                    3.5 ms
    T 0 2 72                   -> T 4 6 72                                2.8 ms
    F 0 1048576                -> F 105642699                           181.7 ms
    V 0 1048576                -> V 0 175148229                         298.2 ms
    V 0 1048576                -> V 3 175148194                         299.2 ms
        3 wrong over 1024 kB at write 4 read 6 burst 72
    T 0 3 16                   -> T 4 7 16                                2.9 ms
    R 96                       -> R 96 16222                              3.3 ms
    R 32                       -> R 32 6050                               2.9 ms
    W 96                       -> W 96 9573                               2.7 ms
    W 32                       -> W 32 3508                               3.2 ms
        burst: read 964+158.9/byte -> 72, write 476+94.8/byte -> 96, taking 72
    Q 2                        -> Q 2                                     1.6 ms
    J 8                        -> J 8                                     2.0 ms
    U 16                       -> U 16                                    2.3 ms
    Y 0                        -> Y 0                                     2.2 ms
    B 2 3                      -> B ok                                    3.4 ms
    T 0 3 72                   -> T 4 7 72                                3.1 ms
    F 0 1048576                -> F 105642703                           182.2 ms
    V 0 1048576                -> V 0 182067312                         310.7 ms
    V 0 1048576                -> V 0 182067376                         310.6 ms
    V 0 1048576                -> V 0 182067365                         309.8 ms
    V 0 1048576                -> V 0 182067312                         310.2 ms
      Y3: single 0x0B write  4 read  7 burst 72 setup 16 ->  3.46 MB/s
      Y3: keeping single 0x0B at 3.46 MB/s
    Y4
    Q 0                        -> Q 0                                     1.6 ms
    U 0                        -> U 0                                     2.2 ms
    Y 0                        -> Y 0                                     2.2 ms
    B 2 4                      -> B ok                                    3.5 ms
    T 11 14 16                 -> T 16 24 16                              3.3 ms
    T 11 0 16                  -> T 16 4 16                               3.0 ms
    F 0 32768                  -> F 2696134                               7.0 ms
    V 0 32768                  -> V 32640 1584041                         5.7 ms
    T 11 1 16                  -> T 16 5 16                               3.1 ms
    F 0 32768                  -> F 2696163                               6.5 ms
    V 0 32768                  -> V 32515 1811372                         6.7 ms
    T 11 2 16                  -> T 16 6 16                               3.2 ms
    F 0 32768                  -> F 2696164                               6.7 ms
    V 0 32768                  -> V 32645 1856431                         6.6 ms
    T 11 3 16                  -> T 16 7 16                               3.1 ms
    F 0 32768                  -> F 2696131                               6.6 ms
    V 0 32768                  -> V 32761 1917870                         6.8 ms
    T 11 4 16                  -> T 16 8 16                               3.0 ms
    F 0 32768                  -> F 2696135                               6.9 ms
    V 0 32768                  -> V 32640 2045064                         7.0 ms
    T 11 5 16                  -> T 16 9 16                               2.9 ms
    F 0 32768                  -> F 2696167                               6.9 ms
    V 0 32768                  -> V 32640 2126838                         7.0 ms
    T 11 6 16                  -> T 16 10 16                              3.4 ms
    F 0 32768                  -> F 2696131                               7.0 ms
    V 0 32768                  -> V 32640 2395136                         7.4 ms
    T 11 7 16                  -> T 16 11 16                              2.9 ms
    F 0 32768                  -> F 2696135                               6.8 ms
    V 0 32768                  -> V 32640 2476261                         7.3 ms
    T 11 8 16                  -> T 16 12 16                              3.0 ms
    F 0 32768                  -> F 2696167                               6.6 ms
    V 0 32768                  -> V 32641 2800822                         8.2 ms
    T 11 9 16                  -> T 16 13 16                              3.2 ms
    F 0 32768                  -> F 2696136                               6.9 ms
    V 0 32768                  -> V 32640 2911277                         8.3 ms
    T 11 10 16                 -> T 16 14 16                              3.1 ms
    F 0 32768                  -> F 2696163                               6.8 ms
    V 0 32768                  -> V 32640 3107850                         8.8 ms
    T 11 11 16                 -> T 16 16 16                              3.3 ms
    F 0 32768                  -> F 2696130                               6.9 ms
    V 0 32768                  -> V 32639 3237057                         9.0 ms
    T 11 12 16                 -> T 16 18 16                              3.2 ms
    F 0 32768                  -> F 2696167                               6.9 ms
    V 0 32768                  -> V 32640 3531825                         9.7 ms
    T 11 13 16                 -> T 16 20 16                              3.3 ms
    F 0 32768                  -> F 2696166                               6.9 ms
    V 0 32768                  -> V 32640 3572967                         9.5 ms
    T 11 14 16                 -> T 16 24 16                              3.2 ms
    F 0 32768                  -> F 2696166                               6.9 ms
    V 0 32768                  -> V 32723 4660326                        12.6 ms
    Q 0                        -> Q 0                                     2.6 ms
    U 16                       -> U 16                                    1.8 ms
    Y 0                        -> Y 0                                     1.7 ms
    B 2 4                      -> B ok                                    3.4 ms
    T 11 14 16                 -> T 16 24 16                              3.0 ms
    T 11 0 16                  -> T 16 4 16                               3.3 ms
    F 0 32768                  -> F 2806759                               7.3 ms
    V 0 32768                  -> V 32640 1694656                         6.4 ms
    T 11 1 16                  -> T 16 5 16                               2.8 ms
    F 0 32768                  -> F 2806764                               7.1 ms
    V 0 32768                  -> V 32754 1919951                         6.7 ms
    T 11 2 16                  -> T 16 6 16                               3.1 ms
    F 0 32768                  -> F 2806734                               7.2 ms
    V 0 32768                  -> V 32646 1964983                         6.3 ms
    T 11 3 16                  -> T 16 7 16                               2.9 ms
    F 0 32768                  -> F 2806759                               7.3 ms
    V 0 32768                  -> V 32756 2026422                         7.0 ms
    T 11 4 16                  -> T 16 8 16                               3.1 ms
    F 0 32768                  -> F 2806730                               7.0 ms
    V 0 32768                  -> V 32640 2155688                         6.8 ms
    T 11 5 16                  -> T 16 9 16                               2.7 ms
    F 0 32768                  -> F 2806733                               7.1 ms
    V 0 32768                  -> V 32640 2237435                         7.0 ms
    T 11 6 16                  -> T 16 10 16                              3.3 ms
    F 0 32768                  -> F 2806728                               7.2 ms
    V 0 32768                  -> V 32640 2505752                         7.7 ms
    T 11 7 16                  -> T 16 11 16                              3.0 ms
    F 0 32768                  -> F 2806765                               7.3 ms
    V 0 32768                  -> V 32641 2586901                         7.7 ms
    T 11 8 16                  -> T 16 12 16                              3.2 ms
    F 0 32768                  -> F 2806765                               7.2 ms
    V 0 32768                  -> V 32641 2911452                         8.5 ms
    T 11 9 16                  -> T 16 13 16                              3.2 ms
    F 0 32768                  -> F 2806730                               6.9 ms
    V 0 32768                  -> V 32642 3021880                         8.3 ms
    T 11 10 16                 -> T 16 14 16                              2.9 ms
    F 0 32768                  -> F 2806752                               7.0 ms
    V 0 32768                  -> V 32642 3216403                         8.9 ms
    T 11 11 16                 -> T 16 16 16                              3.3 ms
    F 0 32768                  -> F 2806761                               6.7 ms
    V 0 32768                  -> V 32642 3347609                         9.2 ms
    T 11 12 16                 -> T 16 18 16                              3.2 ms
    F 0 32768                  -> F 2806765                               6.9 ms
    V 0 32768                  -> V 32642 3642416                         9.6 ms
    T 11 13 16                 -> T 16 20 16                              3.0 ms
    F 0 32768                  -> F 2806760                               7.1 ms
    V 0 32768                  -> V 32642 3683564                         9.4 ms
    T 11 14 16                 -> T 16 24 16                              3.2 ms
    F 0 32768                  -> F 2806759                               7.2 ms
    V 0 32768                  -> V 32641 4772986                        11.5 ms
      Y4: no quad setting survives 1024 kB
    Q 1                        -> Q 1                                     1.6 ms
    U 0                        -> U 0                                     1.9 ms
    Y 0                        -> Y 0                                     2.0 ms
    B 2 4                      -> B ok                                    3.5 ms
    T 11 14 16                 -> T 16 24 16                              3.0 ms
    T 11 0 16                  -> T 16 4 16                               3.0 ms
    F 0 32768                  -> F 7853281                              15.4 ms
    V 0 32768                  -> V 32640 5827711                        15.5 ms
    T 11 1 16                  -> T 16 5 16                               4.6 ms
    F 0 32768                  -> F 7853283                              18.1 ms
    V 0 32768                  -> V 32640 6118553                        17.9 ms
    T 11 2 16                  -> T 16 6 16                               2.8 ms
    F 0 32768                  -> F 7853280                              16.4 ms
    V 0 32768                  -> V 32640 6220951                        16.4 ms
    T 11 3 16                  -> T 16 7 16                               4.5 ms
    F 0 32768                  -> F 7853283                              16.5 ms
    V 0 32768                  -> V 32640 6511796                        16.7 ms
    T 11 4 16                  -> T 16 8 16                               4.6 ms
    F 0 32768                  -> F 7853309                              17.1 ms
    V 0 32768                  -> V 32640 6876371                        17.3 ms
    T 11 5 16                  -> T 16 9 16                               4.1 ms
    F 0 32768                  -> F 7853284                              16.8 ms
    V 0 32768                  -> V 32640 7169264                        16.3 ms
    T 11 6 16                  -> T 16 10 16                              5.0 ms
    F 0 32768                  -> F 7853311                              17.3 ms
    V 0 32768                  -> V 32640 7499122                        18.8 ms
    T 11 7 16                  -> T 16 11 16                              3.8 ms
    F 0 32768                  -> F 7853285                              15.5 ms
    V 0 32768                  -> V 32640 7824653                        19.2 ms
    T 11 8 16                  -> T 16 12 16                              4.8 ms
    F 0 32768                  -> F 7853282                              15.7 ms
    V 0 32768                  -> V 32640 8154406                        19.2 ms
    T 11 9 16                  -> T 16 13 16                              5.1 ms
    F 0 32768                  -> F 7853283                              16.6 ms
    V 0 32768                  -> V 32640 8480081                        20.0 ms
    T 11 10 16                 -> T 16 14 16                              4.9 ms
    F 0 32768                  -> F 7853282                              17.2 ms
    V 0 32768                  -> V 32640 8803648                        20.4 ms
    T 11 11 16                 -> T 16 16 16                              5.0 ms
    F 0 32768                  -> F 7853287                              16.9 ms
    V 0 32768                  -> V 32640 9459054                        19.5 ms
    T 11 12 16                 -> T 16 18 16                              4.8 ms
    F 0 32768                  -> F 7853286                              15.3 ms
    V 0 32768                  -> V 32640 10120604                       23.3 ms
    T 11 13 16                 -> T 16 20 16                              4.9 ms
    F 0 32768                  -> F 7853281                              16.8 ms
    V 0 32768                  -> V 32640 10913195                       26.2 ms
    T 11 14 16                 -> T 16 24 16                              3.0 ms
    F 0 32768                  -> F 7853279                              15.9 ms
    V 0 32768                  -> V 32640 13264411                       27.9 ms
    Q 1                        -> Q 1                                     1.6 ms
    U 16                       -> U 16                                    2.2 ms
    Y 0                        -> Y 0                                     2.5 ms
    B 2 4                      -> B ok                                    3.1 ms
    T 11 14 16                 -> T 16 24 16                              3.1 ms
    T 11 0 16                  -> T 16 4 16                               3.2 ms
    F 0 32768                  -> F 7967974                              17.0 ms
    V 0 32768                  -> V 32640 5938361                        13.2 ms
    T 11 1 16                  -> T 16 5 16                               4.6 ms
    F 0 32768                  -> F 7967971                              15.1 ms
    V 0 32768                  -> V 32640 6229145                        16.2 ms
    T 11 2 16                  -> T 16 6 16                               4.7 ms
    F 0 32768                  -> F 7967976                              17.1 ms
    V 0 32768                  -> V 32640 6331552                        15.8 ms
    T 11 3 16                  -> T 16 7 16                               4.7 ms
    F 0 32768                  -> F 7968001                              18.2 ms
    V 0 32768                  -> V 32640 6622396                        18.9 ms
    T 11 4 16                  -> T 16 8 16                               2.8 ms
    F 0 32768                  -> F 7968004                              17.4 ms
    V 0 32768                  -> V 32640 6986992                        15.3 ms
    T 11 5 16                  -> T 16 9 16                               4.6 ms
    F 0 32768                  -> F 7967971                              15.7 ms
    V 0 32768                  -> V 32640 7279856                        18.0 ms
    T 11 6 16                  -> T 16 10 16                              4.9 ms
    F 0 32768                  -> F 7968009                              15.5 ms
    V 0 32768                  -> V 32640 7609693                        18.5 ms
    T 11 7 16                  -> T 16 11 16                              4.9 ms
    F 0 32768                  -> F 7967999                              17.1 ms
    V 0 32768                  -> V 32640 7935290                        17.7 ms
    T 11 8 16                  -> T 16 12 16                              4.9 ms
    F 0 32768                  -> F 7967975                              18.4 ms
    V 0 32768                  -> V 32640 8265010                        19.9 ms
    T 11 9 16                  -> T 16 13 16                              2.8 ms
    F 0 32768                  -> F 7967971                              17.4 ms
    V 0 32768                  -> V 32640 8590699                        21.5 ms
    T 11 10 16                 -> T 16 14 16                              2.9 ms
    F 0 32768                  -> F 7967975                              17.3 ms
    V 0 32768                  -> V 32640 8914254                        22.7 ms
    T 11 11 16                 -> T 16 16 16                              3.1 ms
    F 0 32768                  -> F 7967970                              16.5 ms
    V 0 32768                  -> V 32640 9569632                        19.9 ms
    T 11 12 16                 -> T 16 18 16                              4.9 ms
    F 0 32768                  -> F 7968002                              17.0 ms
    V 0 32768                  -> V 32640 10231204                       23.2 ms
    T 11 13 16                 -> T 16 20 16                              4.3 ms
    F 0 32768                  -> F 7967976                              17.2 ms
    V 0 32768                  -> V 32640 11021742                       25.9 ms
    T 11 14 16                 -> T 16 24 16                              2.9 ms
    F 0 32768                  -> F 7967970                              15.9 ms
    V 0 32768                  -> V 32640 13373004                       28.1 ms
      Y4: no single 0x03 setting survives 1024 kB
    Q 2                        -> Q 2                                     2.0 ms
    J 8                        -> J 8                                     2.0 ms
    U 0                        -> U 0                                     2.2 ms
    Y 0                        -> Y 0                                     1.9 ms
    B 2 4                      -> B ok                                    3.6 ms
    T 11 14 16                 -> T 16 24 16                              3.2 ms
    T 11 0 16                  -> T 16 4 16                               2.8 ms
    F 0 32768                  -> F 7853284                              18.4 ms
    V 0 32768                  -> V 32640 5969049                        14.9 ms
    T 11 1 16                  -> T 16 5 16                               2.8 ms
    F 0 32768                  -> F 7853285                              18.0 ms
    V 0 32768                  -> V 32640 6253713                        15.0 ms
    T 11 2 16                  -> T 16 6 16                               4.6 ms
    F 0 32768                  -> F 7853283                              15.0 ms
    V 0 32768                  -> V 32640 6395028                        16.4 ms
    T 11 3 16                  -> T 16 7 16                               4.6 ms
    F 0 32768                  -> F 7853288                              17.2 ms
    V 0 32768                  -> V 32640 6679744                        16.9 ms
    T 11 4 16                  -> T 16 8 16                               4.6 ms
    F 0 32768                  -> F 7853277                              16.9 ms
    V 0 32768                  -> V 32640 7050487                        19.0 ms
    T 11 5 16                  -> T 16 9 16                               2.7 ms
    F 0 32768                  -> F 7853289                              15.4 ms
    V 0 32768                  -> V 32640 7367932                        18.1 ms
    T 11 6 16                  -> T 16 10 16                              4.4 ms
    F 0 32768                  -> F 7853275                              16.8 ms
    V 0 32768                  -> V 32640 7738630                        18.7 ms
    T 11 7 16                  -> T 16 11 16                              4.8 ms
    F 0 32768                  -> F 7853282                              15.6 ms
    V 0 32768                  -> V 32640 8056113                        19.1 ms
    T 11 8 16                  -> T 16 12 16                              4.8 ms
    F 0 32768                  -> F 7853278                              16.8 ms
    V 0 32768                  -> V 32640 8426789                        20.2 ms
    T 11 9 16                  -> T 16 13 16                              3.3 ms
    F 0 32768                  -> F 7853277                              16.8 ms
    V 0 32768                  -> V 32640 8774985                        22.3 ms
    T 11 10 16                 -> T 16 14 16                              3.1 ms
    F 0 32768                  -> F 7853280                              15.6 ms
    V 0 32768                  -> V 32640 9151814                        19.7 ms
    T 11 11 16                 -> T 16 16 16                              5.1 ms
    F 0 32768                  -> F 7853284                              17.3 ms
    V 0 32768                  -> V 32640 9839979                        24.4 ms
    T 11 12 16                 -> T 16 18 16                              3.1 ms
    F 0 32768                  -> F 7853272                              17.1 ms
    V 0 32768                  -> V 32640 10524075                       25.8 ms
    T 11 13 16                 -> T 16 20 16                              3.1 ms
    F 0 32768                  -> F 7853287                              15.6 ms
    V 0 32768                  -> V 32640 11288060                       24.3 ms
    T 11 14 16                 -> T 16 24 16                              4.9 ms
    F 0 32768                  -> F 7853289                              17.2 ms
    V 0 32768                  -> V 32640 13704760                       30.3 ms
    Q 2                        -> Q 2                                     1.6 ms
    J 8                        -> J 8                                     2.1 ms
    U 16                       -> U 16                                    2.2 ms
    Y 0                        -> Y 0                                     2.2 ms
    B 2 4                      -> B ok                                    3.5 ms
    T 11 14 16                 -> T 16 24 16                              3.4 ms
    T 11 0 16                  -> T 16 4 16                               3.1 ms
    F 0 32768                  -> F 7967976                              15.6 ms
    V 0 32768                  -> V 32640 6079638                        15.9 ms
    T 11 1 16                  -> T 16 5 16                               3.9 ms
    F 0 32768                  -> F 7967976                              17.1 ms
    V 0 32768                  -> V 32640 6364314                        14.4 ms
    T 11 2 16                  -> T 16 6 16                               4.6 ms
    F 0 32768                  -> F 7967971                              15.7 ms
    V 0 32768                  -> V 32640 6505629                        16.5 ms
    T 11 3 16                  -> T 16 7 16                               4.6 ms
    F 0 32768                  -> F 7967973                              17.3 ms
    V 0 32768                  -> V 32640 6790373                        17.0 ms
    T 11 4 16                  -> T 16 8 16                               4.6 ms
    F 0 32768                  -> F 7967976                              17.2 ms
    V 0 32768                  -> V 32640 7161069                        19.7 ms
    T 11 5 16                  -> T 16 9 16                               2.9 ms
    F 0 32768                  -> F 7967977                              17.0 ms
    V 0 32768                  -> V 32640 7478506                        16.6 ms
    T 11 6 16                  -> T 16 10 16                              5.1 ms
    F 0 32768                  -> F 7967993                              16.0 ms
    V 0 32768                  -> V 32640 7849226                        18.6 ms
    T 11 7 16                  -> T 16 11 16                              5.1 ms
    F 0 32768                  -> F 7967976                              16.7 ms
    V 0 32768                  -> V 32640 8166714                        19.7 ms
    T 11 8 16                  -> T 16 12 16                              4.9 ms
    F 0 32768                  -> F 7967971                              16.0 ms
    V 0 32768                  -> V 32640 8537421                        19.8 ms
    T 11 9 16                  -> T 16 13 16                              5.0 ms
    F 0 32768                  -> F 7967976                              15.1 ms
    V 0 32768                  -> V 32640 8885576                        20.4 ms
    T 11 10 16                 -> T 16 14 16                              2.9 ms
    F 0 32768                  -> F 7967975                              18.4 ms
    V 0 32768                  -> V 32640 9262449                        23.6 ms
    T 11 11 16                 -> T 16 16 16                              3.0 ms
    F 0 32768                  -> F 7967971                              15.8 ms
    V 0 32768                  -> V 32640 9950604                        24.3 ms
    T 11 12 16                 -> T 16 18 16                              3.3 ms
    F 0 32768                  -> F 7967995                              16.0 ms
    V 0 32768                  -> V 32640 10634638                       23.7 ms
    T 11 13 16                 -> T 16 20 16                              4.9 ms
    F 0 32768                  -> F 7967971                              15.2 ms
    V 0 32768                  -> V 32640 11396577                       25.0 ms
    T 11 14 16                 -> T 16 24 16                              3.4 ms
    F 0 32768                  -> F 7968003                              18.2 ms
    V 0 32768                  -> V 32640 13813300                       28.9 ms
      Y4: no single 0x0B setting survives 1024 kB
    Y5
    Q 0                        -> Q 0                                     2.1 ms
    U 0                        -> U 0                                     2.1 ms
    Y 0                        -> Y 0                                     1.7 ms
    B 2 5                      -> B ok                                    3.6 ms
    T 11 14 16                 -> T 16 24 16                              3.4 ms
    T 11 0 16                  -> T 16 4 16                               3.1 ms
    F 0 32768                  -> F 2696163                               6.8 ms
    V 0 32768                  -> V 32640 1584061                         6.2 ms
    T 11 1 16                  -> T 16 5 16                               3.0 ms
    F 0 32768                  -> F 2696128                               6.9 ms
    V 0 32768                  -> V 32512 1811386                         6.6 ms
    T 11 2 16                  -> T 16 6 16                               2.8 ms
    F 0 32768                  -> F 2696136                               6.9 ms
    V 0 32768                  -> V 32642 1856427                         6.6 ms
    T 11 3 16                  -> T 16 7 16                               3.0 ms
    F 0 32768                  -> F 2696135                               6.9 ms
    V 0 32768                  -> V 32767 1917916                         6.2 ms
    T 11 4 16                  -> T 16 8 16                               2.8 ms
    F 0 32768                  -> F 2696129                               6.5 ms
    V 0 32768                  -> V 32640 2045084                         7.0 ms
    T 11 5 16                  -> T 16 9 16                               3.0 ms
    F 0 32768                  -> F 2696157                               6.9 ms
    V 0 32768                  -> V 32640 2126838                         7.2 ms
    T 11 6 16                  -> T 16 10 16                              2.9 ms
    F 0 32768                  -> F 2696136                               6.9 ms
    V 0 32768                  -> V 32640 2395120                         7.2 ms
    T 11 7 16                  -> T 16 11 16                              3.2 ms
    F 0 32768                  -> F 2696134                               7.0 ms
    V 0 32768                  -> V 32640 2476260                         7.4 ms
    T 11 8 16                  -> T 16 12 16                              3.1 ms
    F 0 32768                  -> F 2696161                               7.1 ms
    V 0 32768                  -> V 32640 2800871                         8.2 ms
    T 11 9 16                  -> T 16 13 16                              3.1 ms
    F 0 32768                  -> F 2696165                               7.2 ms
    V 0 32768                  -> V 32640 2911275                         8.5 ms
    T 11 10 16                 -> T 16 14 16                              2.9 ms
    F 0 32768                  -> F 2696160                               7.0 ms
    V 0 32768                  -> V 32640 3107863                        11.2 ms
    T 11 11 16                 -> T 16 16 16                              4.1 ms
    F 0 32768                  -> F 2696164                               7.3 ms
    V 0 32768                  -> V 32638 3237009                         8.9 ms
    T 11 12 16                 -> T 16 18 16                              2.9 ms
    F 0 32768                  -> F 2696127                               6.7 ms
    V 0 32768                  -> V 32640 3531795                         9.1 ms
    T 11 13 16                 -> T 16 20 16                              3.0 ms
    F 0 32768                  -> F 2696137                               6.7 ms
    V 0 32768                  -> V 32640 3572959                         9.6 ms
    T 11 14 16                 -> T 16 24 16                              3.2 ms
    F 0 32768                  -> F 2696131                               7.0 ms
    V 0 32768                  -> V 32744 4660329                        13.2 ms
    Q 0                        -> Q 0                                     2.5 ms
    U 16                       -> U 16                                    1.8 ms
    Y 0                        -> Y 0                                     1.8 ms
    B 2 5                      -> B ok                                    3.5 ms
    T 11 14 16                 -> T 16 24 16                              3.0 ms
    T 11 0 16                  -> T 16 4 16                               3.1 ms
    F 0 32768                  -> F 2806764                               7.0 ms
    V 0 32768                  -> V 31557 1694657                         6.3 ms
    T 11 1 16                  -> T 16 5 16                               3.1 ms
    F 0 32768                  -> F 2806764                               7.0 ms
    V 0 32768                  -> V 32027 1919924                         6.7 ms
    T 11 2 16                  -> T 16 6 16                               2.7 ms
    F 0 32768                  -> F 2806764                               7.0 ms
    V 0 32768                  -> V 32439 1964980                         6.8 ms
    T 11 3 16                  -> T 16 7 16                               3.2 ms
    F 0 32768                  -> F 2806730                               7.4 ms
    V 0 32768                  -> V 32760 2026421                         6.8 ms
    T 11 4 16                  -> T 16 8 16                               3.3 ms
    F 0 32768                  -> F 2806760                               7.4 ms
    V 0 32768                  -> V 32640 2155688                         7.0 ms
    T 11 5 16                  -> T 16 9 16                               3.2 ms
    F 0 32768                  -> F 2806761                               7.2 ms
    V 0 32768                  -> V 32640 2237472                         7.2 ms
    T 11 6 16                  -> T 16 10 16                              3.0 ms
    F 0 32768                  -> F 2806764                               7.0 ms
    V 0 32768                  -> V 32640 2505766                         7.5 ms
    T 11 7 16                  -> T 16 11 16                              3.3 ms
    F 0 32768                  -> F 2806765                               7.0 ms
    V 0 32768                  -> V 30321 2586853                         7.9 ms
    T 11 8 16                  -> T 16 12 16                              3.2 ms
    F 0 32768                  -> F 2806733                               7.1 ms
    V 0 32768                  -> V 25979 2911435                         8.3 ms
    T 11 9 16                  -> T 16 13 16                              3.3 ms
    F 0 32768                  -> F 2806723                               7.1 ms
    V 0 32768                  -> V 21037 3021893                         8.7 ms
    T 11 10 16                 -> T 16 14 16                              3.2 ms
    F 0 32768                  -> F 2806763                               7.2 ms
    V 0 32768                  -> V 23884 3216398                         8.6 ms
    T 11 11 16                 -> T 16 16 16                              3.2 ms
    F 0 32768                  -> F 2806732                               7.0 ms
    V 0 32768                  -> V 21445 3347648                         9.1 ms
    T 11 12 16                 -> T 16 18 16                              3.2 ms
    F 0 32768                  -> F 2806764                               7.0 ms
    V 0 32768                  -> V 18484 3642438                         9.7 ms
    T 11 13 16                 -> T 16 20 16                              3.2 ms
    F 0 32768                  -> F 2806763                               7.1 ms
    V 0 32768                  -> V 20620 3683558                        10.1 ms
    T 11 14 16                 -> T 16 24 16                              3.2 ms
    F 0 32768                  -> F 2806763                               7.2 ms
    V 0 32768                  -> V 25097 4772982                        11.5 ms
      Y5: no quad setting survives 1024 kB
    Q 1                        -> Q 1                                     1.9 ms
    U 0                        -> U 0                                     1.9 ms
    Y 0                        -> Y 0                                     1.7 ms
    B 2 5                      -> B ok                                    3.5 ms
    T 11 14 16                 -> T 16 24 16                              3.4 ms
    T 11 0 16                  -> T 16 4 16                               3.1 ms
    F 0 32768                  -> F 7853285                              17.1 ms
    V 0 32768                  -> V 32640 5827752                        13.2 ms
    T 11 1 16                  -> T 16 5 16                               3.1 ms
    F 0 32768                  -> F 7853281                              15.4 ms
    V 0 32768                  -> V 32640 6118542                        16.1 ms
    T 11 2 16                  -> T 16 6 16                               4.5 ms
    F 0 32768                  -> F 7853285                              17.0 ms
    V 0 32768                  -> V 32640 6220985                        14.1 ms
    T 11 3 16                  -> T 16 7 16                               3.1 ms
    F 0 32768                  -> F 7853284                              18.5 ms
    V 0 32768                  -> V 32640 6511803                        15.0 ms
    T 11 4 16                  -> T 16 8 16                               3.0 ms
    F 0 32768                  -> F 7853312                              18.4 ms
    V 0 32768                  -> V 32640 6876405                        19.3 ms
    T 11 5 16                  -> T 16 9 16                               2.9 ms
    F 0 32768                  -> F 7853283                              15.9 ms
    V 0 32768                  -> V 32640 7169240                        17.5 ms
    T 11 6 16                  -> T 16 10 16                              4.1 ms
    F 0 32768                  -> F 7853287                              17.0 ms
    V 0 32768                  -> V 32640 7499080                        18.2 ms
    T 11 7 16                  -> T 16 11 16                              4.9 ms
    F 0 32768                  -> F 7853286                              15.6 ms
    V 0 32768                  -> V 32640 7824650                        18.9 ms
    T 11 8 16                  -> T 16 12 16                              4.9 ms
    F 0 32768                  -> F 7853284                              16.8 ms
    V 0 32768                  -> V 32640 8154409                        18.4 ms
    T 11 9 16                  -> T 16 13 16                              4.9 ms
    F 0 32768                  -> F 7853284                              18.2 ms
    V 0 32768                  -> V 32640 8480079                        19.6 ms
    T 11 10 16                 -> T 16 14 16                              4.9 ms
    F 0 32768                  -> F 7853283                              18.4 ms
    V 0 32768                  -> V 32640 8803664                        20.8 ms
    T 11 11 16                 -> T 16 16 16                              3.0 ms
    F 0 32768                  -> F 7853286                              18.4 ms
    V 0 32768                  -> V 32640 9459012                        19.8 ms
    T 11 12 16                 -> T 16 18 16                              5.0 ms
    F 0 32768                  -> F 7853280                              15.2 ms
    V 0 32768                  -> V 32640 10120592                       22.8 ms
    T 11 13 16                 -> T 16 20 16                              3.0 ms
    F 0 32768                  -> F 7853320                              17.1 ms
    V 0 32768                  -> V 32640 10913196                       26.7 ms
    T 11 14 16                 -> T 16 24 16                              3.3 ms
    F 0 32768                  -> F 7853285                              16.1 ms
    V 0 32768                  -> V 32640 13264406                       30.3 ms
    Q 1                        -> Q 1                                     1.6 ms
    U 16                       -> U 16                                    2.1 ms
    Y 0                        -> Y 0                                     2.0 ms
    B 2 5                      -> B ok                                    3.5 ms
    T 11 14 16                 -> T 16 24 16                              3.3 ms
    T 11 0 16                  -> T 16 4 16                               3.1 ms
    F 0 32768                  -> F 7968006                              17.3 ms
    V 0 32768                  -> V 262 5938347                          12.4 ms
    T 11 1 16                  -> T 16 5 16                               4.7 ms
    F 0 32768                  -> F 7967972                              18.1 ms
    V 0 32768                  -> V 1 6229137                            13.7 ms
    T 11 2 16                  -> T 16 6 16                               4.7 ms
    F 0 32768                  -> F 7967969                              16.1 ms
    V 0 32768                  -> V 1 6331581                            14.2 ms
    T 11 3 16                  -> T 16 7 16                               3.1 ms
    F 0 32768                  -> F 7967977                              16.4 ms
    V 0 32768                  -> V 1 6622411                            15.3 ms
    T 11 4 16                  -> T 16 8 16                               4.5 ms
    F 0 32768                  -> F 7967998                              16.6 ms
    V 0 32768                  -> V 1 6987003                            16.2 ms
    T 11 5 16                  -> T 16 9 16                               4.5 ms
    F 0 32768                  -> F 7967976                              18.5 ms
    V 0 32768                  -> V 1 7279863                            14.7 ms
    T 11 6 16                  -> T 16 10 16                              5.2 ms
    F 0 32768                  -> F 7967976                              18.6 ms
    V 0 32768                  -> V 1 7609720                            16.5 ms
    T 11 7 16                  -> T 16 11 16                              5.0 ms
    F 0 32768                  -> F 7967979                              17.1 ms
    V 0 32768                  -> V 0 7935278                            19.2 ms
    T 0 7 16                   -> T 4 11 16                               5.5 ms
    F 0 32768                  -> F 4072464                              11.1 ms
    V 0 32768                  -> V 0 7935245                            17.6 ms
    T 0 7 16                   -> T 4 11 16                               4.5 ms
    R 96                       -> R 96 19423                              3.2 ms
    R 32                       -> R 32 7135                               3.2 ms
    W 96                       -> W 96 9574                               2.9 ms
    W 32                       -> W 32 3508                               3.2 ms
        burst: read 991+192.0/byte -> 56, write 475+94.8/byte -> 96, taking 56
    Q 1                        -> Q 1                                     1.7 ms
    U 16                       -> U 16                                    2.3 ms
    Y 0                        -> Y 0                                     2.0 ms
    B 2 5                      -> B ok                                    2.8 ms
    T 0 7 56                   -> T 4 11 56                               2.8 ms
    F 0 1048576                -> F 107687261                           185.5 ms
    V 0 1048576                -> V 0 220175615                         374.3 ms
    V 0 1048576                -> V 0 220175634                         374.1 ms
    V 0 1048576                -> V 0 220175632                         374.3 ms
    V 0 1048576                -> V 0 220175627                         373.3 ms
      Y5: single 0x03 write  4 read 11 burst 56 setup 16 ->  2.86 MB/s
    Q 2                        -> Q 2                                     2.7 ms
    J 8                        -> J 8                                     1.7 ms
    U 0                        -> U 0                                     1.7 ms
    Y 0                        -> Y 0                                     1.7 ms
    B 2 5                      -> B ok                                    3.1 ms
    T 11 14 16                 -> T 16 24 16                              3.5 ms
    T 11 0 16                  -> T 16 4 16                               2.8 ms
    F 0 32768                  -> F 7853279                              16.9 ms
    V 0 32768                  -> V 32640 5969044                        14.5 ms
    T 11 1 16                  -> T 16 5 16                               3.1 ms
    F 0 32768                  -> F 7853284                              17.7 ms
    V 0 32768                  -> V 32640 6253718                        13.9 ms
    T 11 2 16                  -> T 16 6 16                               3.0 ms
    F 0 32768                  -> F 7853279                              15.4 ms
    V 0 32768                  -> V 32640 6395037                        16.3 ms
    T 11 3 16                  -> T 16 7 16                               4.6 ms
    F 0 32768                  -> F 7853277                              17.1 ms
    V 0 32768                  -> V 32640 6679724                        16.9 ms
    T 11 4 16                  -> T 16 8 16                               4.6 ms
    F 0 32768                  -> F 7853313                              16.9 ms
    V 0 32768                  -> V 32624 7050497                        18.8 ms
    T 11 5 16                  -> T 16 9 16                               3.1 ms
    F 0 32768                  -> F 7853283                              15.1 ms
    V 0 32768                  -> V 32640 7367908                        18.2 ms
    T 11 6 16                  -> T 16 10 16                              4.4 ms
    F 0 32768                  -> F 7853284                              17.3 ms
    V 0 32768                  -> V 32640 7738630                        18.7 ms
    T 11 7 16                  -> T 16 11 16                              4.9 ms
    F 0 32768                  -> F 7853284                              16.2 ms
    V 0 32768                  -> V 32640 8056058                        19.1 ms
    T 11 8 16                  -> T 16 12 16                              5.2 ms
    F 0 32768                  -> F 7853283                              17.9 ms
    V 0 32768                  -> V 32640 8426788                        20.5 ms
    T 11 9 16                  -> T 16 13 16                              4.9 ms
    F 0 32768                  -> F 7853283                              15.7 ms
    V 0 32768                  -> V 32640 8774988                        20.2 ms
    T 11 10 16                 -> T 16 14 16                              5.0 ms
    F 0 32768                  -> F 7853279                              15.5 ms
    V 0 32768                  -> V 32640 9151822                        20.9 ms
    T 11 11 16                 -> T 16 16 16                              5.0 ms
    F 0 32768                  -> F 7853283                              18.0 ms
    V 0 32768                  -> V 32640 9840007                        23.1 ms
    T 11 12 16                 -> T 16 18 16                              4.2 ms
    F 0 32768                  -> F 7853283                              15.4 ms
    V 0 32768                  -> V 32640 10524057                       23.6 ms
    T 11 13 16                 -> T 16 20 16                              3.9 ms
    F 0 32768                  -> F 7853283                              15.1 ms
    V 0 32768                  -> V 32624 11288057                       24.6 ms
    T 11 14 16                 -> T 16 24 16                              3.3 ms
    F 0 32768                  -> F 7853281                              15.4 ms
    V 0 32768                  -> V 32624 13704769                       30.9 ms
    Q 2                        -> Q 2                                     1.6 ms
    J 8                        -> J 8                                     2.0 ms
    U 16                       -> U 16                                    2.2 ms
    Y 0                        -> Y 0                                     2.0 ms
    B 2 5                      -> B ok                                    3.5 ms
    T 11 14 16                 -> T 16 24 16                              3.4 ms
    T 11 0 16                  -> T 16 4 16                               3.1 ms
    F 0 32768                  -> F 7967977                              18.0 ms
    V 0 32768                  -> V 16507 6079644                        13.6 ms
    T 11 1 16                  -> T 16 5 16                               3.0 ms
    F 0 32768                  -> F 7968002                              17.3 ms
    V 0 32768                  -> V 0 6364345                            12.9 ms
    T 0 1 16                   -> T 4 5 16                                4.4 ms
    F 0 32768                  -> F 4072491                               8.8 ms
    V 0 32768                  -> V 0 6364352                            14.1 ms
    T 0 1 16                   -> T 4 5 16                                4.3 ms
    R 96                       -> R 96 15372                              3.0 ms
    R 32                       -> R 32 5713                               3.2 ms
    W 96                       -> W 96 9574                               2.9 ms
    W 32                       -> W 32 3508                               2.8 ms
        burst: read 884+150.9/byte -> 72, write 475+94.8/byte -> 96, taking 72
    Q 2                        -> Q 2                                     1.8 ms
    J 8                        -> J 8                                     2.2 ms
    U 16                       -> U 16                                    2.3 ms
    Y 0                        -> Y 0                                     2.0 ms
    B 2 5                      -> B ok                                    3.5 ms
    T 0 1 72                   -> T 4 5 72                                3.0 ms
    F 0 1048576                -> F 105642687                           182.5 ms
    V 0 1048576                -> V 0 172510832                         294.9 ms
    V 0 1048576                -> V 0 172510826                         294.7 ms
    V 0 1048576                -> V 0 172510818                         294.7 ms
    V 0 1048576                -> V 0 172510864                         293.8 ms
      Y5: single 0x0B write  4 read  5 burst 72 setup 16 ->  3.65 MB/s
      Y5: keeping single 0x0B at 3.65 MB/s

  not usable: Y4
  usable: 7 banks, 56 MB -- 2 quad, 5 single-bit
    Q 0                        -> Q 0                                     1.8 ms
    U 0                        -> U 0                                     2.1 ms
    Y 0                        -> Y 0                                     2.0 ms
    B 0 0                      -> B ok                                    3.5 ms
    T 0 9 96                   -> T 4 13 96                               3.3 ms
    F 0 8192                   -> F 214500                                3.2 ms

  checking both kernels against arithmetic done on this board
    M 0 8192 4                 -> M -90112 473949                         4.5 ms
    4-bit: teensy -90112       python -90112       MATCH
    M 0 8192 2                 -> M -16384 509797                         4.5 ms
    2-bit: teensy -16384       python -16384       MATCH

  loading weights
    Q 0                        -> Q 0                                     2.1 ms
    U 0                        -> U 0                                     2.0 ms
    Y 0                        -> Y 0                                     2.1 ms
    B 0 0                      -> B ok                                    3.6 ms
    T 0 9 96                   -> T 4 13 96                               3.3 ms
    F 0 1048576                -> F 27379824                             51.6 ms
    CS0  22.98 MB/s write
    Q 0                        -> Q 0                                     1.7 ms
    U 0                        -> U 0                                     2.0 ms
    Y 0                        -> Y 0                                     2.2 ms
    B 1 0                      -> B ok                                    3.4 ms
    T 2 11 96                  -> T 6 16 96                               2.8 ms
    F 0 1048576                -> F 32620002                             60.4 ms
    CS1  19.29 MB/s write
    Q 2                        -> Q 2                                     1.7 ms
    J 8                        -> J 8                                     1.7 ms
    U 16                       -> U 16                                    2.1 ms
    Y 0                        -> Y 0                                     2.0 ms
    B 2 0                      -> B ok                                    3.5 ms
    T 0 4 64                   -> T 4 8 64                                2.7 ms
    F 0 1048576                -> F 106510138                           183.0 ms
    Y0    5.91 MB/s write
    Q 2                        -> Q 2                                     2.5 ms
    J 8                        -> J 8                                     2.1 ms
    U 16                       -> U 16                                    2.4 ms
    Y 0                        -> Y 0                                     2.2 ms
    B 2 1                      -> B ok                                    3.1 ms
    T 0 2 72                   -> T 4 6 72                                2.8 ms
    F 0 1048576                -> F 105642705                           182.3 ms
    Y1    5.96 MB/s write
    Q 2                        -> Q 2                                     1.6 ms
    J 8                        -> J 8                                     1.7 ms
    U 16                       -> U 16                                    2.2 ms
    Y 0                        -> Y 0                                     2.2 ms
    B 2 2                      -> B ok                                    3.5 ms
    T 0 3 72                   -> T 4 7 72                                2.8 ms
    F 0 1048576                -> F 105642689                           181.8 ms
    Y2    5.96 MB/s write
    Q 2                        -> Q 2                                     1.9 ms
    J 8                        -> J 8                                     2.0 ms
    U 16                       -> U 16                                    2.0 ms
    Y 0                        -> Y 0                                     1.7 ms
    B 2 3                      -> B ok                                    3.4 ms
    T 0 3 72                   -> T 4 7 72                                3.0 ms
    F 0 1048576                -> F 105642709                           182.5 ms
    Y3    5.96 MB/s write
    Q 2                        -> Q 2                                     1.6 ms
    J 8                        -> J 8                                     2.0 ms
    U 16                       -> U 16                                    2.4 ms
    Y 0                        -> Y 0                                     2.1 ms
    B 2 5                      -> B ok                                    3.2 ms
    T 0 1 72                   -> T 4 5 72                                2.7 ms
    F 0 1048576                -> F 105642705                           182.6 ms
    Y5    5.96 MB/s write

  1024 kB a bank, 7.3 MB a pass, 14 rounds

  round  bits   partial sum       teensy ms     MB/s    MMAC/s    link ms   answer
    Q 0                        -> Q 0                                     1.6 ms
    U 0                        -> U 0                                     1.9 ms
    Y 0                        -> Y 0                                     1.9 ms
    B 0 0                      -> B ok                                    3.4 ms
    T 0 9 96                   -> T 4 13 96                               3.1 ms
    M 0 1048576 4              -> M -11534336 60630439                  111.6 ms
    Q 0                        -> Q 0                                     1.8 ms
    U 0                        -> U 0                                     2.1 ms
    Y 0                        -> Y 0                                     2.1 ms
    B 1 0                      -> B ok                                    3.6 ms
    T 2 11 96                  -> T 6 16 96                               3.3 ms
    M 0 1048576 4              -> M -11534336 67619730                  121.4 ms
    Q 2                        -> Q 2                                     2.5 ms
    J 8                        -> J 8                                     1.8 ms
    U 16                       -> U 16                                    2.1 ms
    Y 0                        -> Y 0                                     1.9 ms
    B 2 0                      -> B ok                                    3.5 ms
    T 0 4 64                   -> T 4 8 64                                3.1 ms
    M 0 1048576 4              -> M -11534336 192957686                 331.0 ms
    Q 2                        -> Q 2                                     2.6 ms
    J 8                        -> J 8                                     2.0 ms
    U 16                       -> U 16                                    2.2 ms
    Y 0                        -> Y 0                                     1.9 ms
    B 2 1                      -> B ok                                    3.5 ms
    T 0 2 72                   -> T 4 6 72                                3.0 ms
    M 0 1048576 4              -> M -11534336 174756250                 300.5 ms
    Q 2                        -> Q 2                                     1.6 ms
    J 8                        -> J 8                                     2.0 ms
    U 16                       -> U 16                                    1.8 ms
    Y 0                        -> Y 0                                     2.1 ms
    B 2 2                      -> B ok                                    3.2 ms
    T 0 3 72                   -> T 4 7 72                                3.0 ms
    M 0 1048576 4              -> M -11534336 181675357                 311.7 ms
    Q 2                        -> Q 2                                     1.9 ms
    J 8                        -> J 8                                     1.9 ms
    U 16                       -> U 16                                    2.1 ms
    Y 0                        -> Y 0                                     2.0 ms
    B 2 3                      -> B ok                                    3.5 ms
    T 0 3 72                   -> T 4 7 72                                2.9 ms
    M 0 1048576 4              -> M -11534336 181675365                 313.7 ms
    Q 2                        -> Q 2                                     1.7 ms
    J 8                        -> J 8                                     2.2 ms
    U 16                       -> U 16                                    2.3 ms
    Y 0                        -> Y 0                                     2.1 ms
    B 2 5                      -> B ok                                    3.6 ms
    T 0 1 72                   -> T 4 5 72                                3.1 ms
    M 0 1048576 4              -> M -11534336 172118874                 295.8 ms
      0     4   -80740352           1719.1     4.27      8.54      83.1   first
    Q 0                        -> Q 0                                     1.7 ms
    U 0                        -> U 0                                     2.1 ms
    Y 0                        -> Y 0                                     2.3 ms
    B 0 0                      -> B ok                                    3.5 ms
    T 0 9 96                   -> T 4 13 96                               3.4 ms
    M 0 1048576 2              -> M -2097152 65218248                   117.9 ms
    Q 0                        -> Q 0                                     1.7 ms
    U 0                        -> U 0                                     2.0 ms
    Y 0                        -> Y 0                                     2.0 ms
    B 1 0                      -> B ok                                    3.5 ms
    T 2 11 96                  -> T 6 16 96                               3.2 ms
    M 0 1048576 2              -> M -2097152 72207746                   127.5 ms
    Q 2                        -> Q 2                                     1.6 ms
    J 8                        -> J 8                                     1.9 ms
    U 16                       -> U 16                                    1.9 ms
    Y 0                        -> Y 0                                     2.0 ms
    B 2 0                      -> B ok                                    3.4 ms
    T 0 4 64                   -> T 4 8 64                                3.0 ms
    M 0 1048576 2              -> M -2097152 197545483                  338.6 ms
    Q 2                        -> Q 2                                     1.9 ms
    J 8                        -> J 8                                     2.0 ms
    U 16                       -> U 16                                    2.1 ms
    Y 0                        -> Y 0                                     2.1 ms
    B 2 1                      -> B ok                                    3.5 ms
    T 0 2 72                   -> T 4 6 72                                3.0 ms
    M 0 1048576 2              -> M -2097152 179343985                  295.6 ms
    Q 2                        -> Q 2                                     1.6 ms
    J 8                        -> J 8                                     1.9 ms
    U 16                       -> U 16                                    2.4 ms
    Y 0                        -> Y 0                                     2.1 ms
    B 2 2                      -> B ok                                    3.5 ms
    T 0 3 72                   -> T 4 7 72                                2.9 ms
    M 0 1048576 2              -> M -2097152 186263162                  320.6 ms
    Q 2                        -> Q 2                                     1.8 ms
    J 8                        -> J 8                                     2.0 ms
    U 16                       -> U 16                                    2.1 ms
    Y 0                        -> Y 0                                     1.9 ms
    B 2 3                      -> B ok                                    3.6 ms
    T 0 3 72                   -> T 4 7 72                                3.0 ms
    M 0 1048576 2              -> M -2097152 186263153                  320.9 ms
    Q 2                        -> Q 2                                     1.7 ms
    J 8                        -> J 8                                     2.0 ms
    U 16                       -> U 16                                    2.3 ms
    Y 0                        -> Y 0                                     1.9 ms
    B 2 5                      -> B ok                                    3.6 ms
    T 0 1 72                   -> T 4 5 72                                3.1 ms
    M 0 1048576 2              -> M -2097152 176706591                  305.1 ms
      0     2   -14680064           1772.6     4.14     16.56      79.4   first
    Q 0                        -> Q 0                                     1.7 ms
    U 0                        -> U 0                                     1.7 ms
    Y 0                        -> Y 0                                     1.9 ms
    B 0 0                      -> B ok                                    3.5 ms
    T 0 9 96                   -> T 4 13 96                               3.2 ms
    M 0 1048576 4              -> M -11534336 60630451                  110.1 ms
    Q 0                        -> Q 0                                     1.6 ms
    U 0                        -> U 0                                     2.0 ms
    Y 0                        -> Y 0                                     2.0 ms
    B 1 0                      -> B ok                                    3.5 ms
    T 2 11 96                  -> T 6 16 96                               3.2 ms
    M 0 1048576 4              -> M -11534336 67619717                  121.2 ms
    Q 2                        -> Q 2                                     2.2 ms
    J 8                        -> J 8                                     2.0 ms
    U 16                       -> U 16                                    2.2 ms
    Y 0                        -> Y 0                                     1.6 ms
    B 2 0                      -> B ok                                    3.4 ms
    T 0 4 64                   -> T 4 8 64                                2.9 ms
    M 0 1048576 4              -> M -11534336 192957718                 330.4 ms
    Q 2                        -> Q 2                                     1.6 ms
    J 8                        -> J 8                                     1.9 ms
    U 16                       -> U 16                                    1.9 ms
    Y 0                        -> Y 0                                     2.2 ms
    B 2 1                      -> B ok                                    3.5 ms
    T 0 2 72                   -> T 4 6 72                                2.9 ms
    M 0 1048576 4              -> M -11534336 174756224                 301.8 ms
    Q 2                        -> Q 2                                     1.8 ms
    J 8                        -> J 8                                     2.0 ms
    U 16                       -> U 16                                    2.1 ms
    Y 0                        -> Y 0                                     1.9 ms
    B 2 2                      -> B ok                                    3.4 ms
    T 0 3 72                   -> T 4 7 72                                2.8 ms
    M 0 1048576 4              -> M -11534336 181675359                 311.7 ms
    Q 2                        -> Q 2                                     2.1 ms
    J 8                        -> J 8                                     2.1 ms
    U 16                       -> U 16                                    2.1 ms
    Y 0                        -> Y 0                                     1.7 ms
    B 2 3                      -> B ok                                    3.5 ms
    T 0 3 72                   -> T 4 7 72                                2.9 ms
    M 0 1048576 4              -> M -11534336 181675362                 311.4 ms
    Q 2                        -> Q 2                                     2.3 ms
    J 8                        -> J 8                                     1.7 ms
    U 16                       -> U 16                                    1.8 ms
    Y 0                        -> Y 0                                     1.6 ms
    B 2 5                      -> B ok                                    3.6 ms
    T 0 1 72                   -> T 4 5 72                                2.7 ms
    M 0 1048576 4              -> M -11534336 172118877                 282.4 ms
      1     4   -80740352           1719.1     4.27      8.54      76.3   same
    Q 0                        -> Q 0                                     1.7 ms
    U 0                        -> U 0                                     2.3 ms
    Y 0                        -> Y 0                                     1.7 ms
    B 0 0                      -> B ok                                    3.6 ms
    T 0 9 96                   -> T 4 13 96                               3.2 ms
    M 0 1048576 2              -> M -2097152 65218240                   118.6 ms
    Q 0                        -> Q 0                                     1.7 ms
    U 0                        -> U 0                                     2.4 ms
    Y 0                        -> Y 0                                     2.1 ms
    B 1 0                      -> B ok                                    3.4 ms
    T 2 11 96                  -> T 6 16 96                               3.2 ms
    M 0 1048576 2              -> M -2097152 72207714                   130.4 ms
    Q 2                        -> Q 2                                     2.1 ms
    J 8                        -> J 8                                     2.0 ms
    U 16                       -> U 16                                    2.1 ms
    Y 0                        -> Y 0                                     1.9 ms
    B 2 0                      -> B ok                                    3.6 ms
    T 0 4 64                   -> T 4 8 64                                2.6 ms
    M 0 1048576 2              -> M -2097152 197545514                  339.5 ms
    Q 2                        -> Q 2                                     1.9 ms
    J 8                        -> J 8                                     1.9 ms
    U 16                       -> U 16                                    1.9 ms
    Y 0                        -> Y 0                                     2.0 ms
    B 2 1                      -> B ok                                    3.6 ms
    T 0 2 72                   -> T 4 6 72                                3.0 ms
    M 0 1048576 2              -> M -2097152 179344010                  307.5 ms
    Q 2                        -> Q 2                                     2.5 ms
    J 8                        -> J 8                                     2.1 ms
    U 16                       -> U 16                                    2.1 ms
    Y 0                        -> Y 0                                     1.9 ms
    B 2 2                      -> B ok                                    3.2 ms
    T 0 3 72                   -> T 4 7 72                                3.0 ms
    M 0 1048576 2              -> M -2097152 186263154                  318.2 ms
    Q 2                        -> Q 2                                     1.6 ms
    J 8                        -> J 8                                     1.9 ms
    U 16                       -> U 16                                    2.3 ms
    Y 0                        -> Y 0                                     2.1 ms
    B 2 3                      -> B ok                                    3.6 ms
    T 0 3 72                   -> T 4 7 72                                3.1 ms
    M 0 1048576 2              -> M -2097152 186263174                  319.1 ms
    Q 2                        -> Q 2                                     2.4 ms
    J 8                        -> J 8                                     2.2 ms
    U 16                       -> U 16                                    2.2 ms
    Y 0                        -> Y 0                                     1.9 ms
    B 2 5                      -> B ok                                    3.5 ms
    T 0 1 72                   -> T 4 5 72                                3.1 ms
    M 0 1048576 2              -> M -2097152 176706617                  303.7 ms
      1     2   -14680064           1772.6     4.14     16.56      79.2   same
    Q 0                        -> Q 0                                     1.9 ms
    U 0                        -> U 0                                     2.3 ms
    Y 0                        -> Y 0                                     2.1 ms
    B 0 0                      -> B ok                                    3.4 ms
    T 0 9 96                   -> T 4 13 96                               3.2 ms
    M 0 1048576 4              -> M -11534336 60630446                  109.8 ms
    Q 0                        -> Q 0                                     2.3 ms
    U 0                        -> U 0                                     2.1 ms
    Y 0                        -> Y 0                                     2.0 ms
    B 1 0                      -> B ok                                    3.6 ms
    T 2 11 96                  -> T 6 16 96                               2.8 ms
    M 0 1048576 4              -> M -11534336 67619702                  121.5 ms
    Q 2                        -> Q 2                                     2.5 ms
    J 8                        -> J 8                                     2.0 ms
    U 16                       -> U 16                                    2.1 ms
    Y 0                        -> Y 0                                     1.9 ms
    B 2 0                      -> B ok                                    3.5 ms
    T 0 4 64                   -> T 4 8 64                                3.0 ms
    M 0 1048576 4              -> M -11534336 192957680                 332.5 ms
    Q 2                        -> Q 2                                     1.8 ms
    J 8                        -> J 8                                     1.7 ms
    U 16                       -> U 16                                    2.3 ms
    Y 0                        -> Y 0                                     1.7 ms
    B 2 1                      -> B ok                                    3.7 ms
    T 0 2 72                   -> T 4 6 72                                3.0 ms
    M 0 1048576 4              -> M -11534336 174756235                 302.1 ms
    Q 2                        -> Q 2                                     1.6 ms
    J 8                        -> J 8                                     2.0 ms
    U 16                       -> U 16                                    2.1 ms
    Y 0                        -> Y 0                                     2.0 ms
    B 2 2                      -> B ok                                    3.5 ms
    T 0 3 72                   -> T 4 7 72                                2.9 ms
    M 0 1048576 4              -> M -11534336 181675364                 310.4 ms
    Q 2                        -> Q 2                                     1.6 ms
    J 8                        -> J 8                                     2.3 ms
    U 16                       -> U 16                                    2.3 ms
    Y 0                        -> Y 0                                     2.1 ms
    B 2 3                      -> B ok                                    3.3 ms
    T 0 3 72                   -> T 4 7 72                                2.9 ms
    M 0 1048576 4              -> M -11534336 181675353                 313.5 ms
    Q 2                        -> Q 2                                     2.0 ms
    J 8                        -> J 8                                     2.1 ms
    U 16                       -> U 16                                    2.3 ms
    Y 0                        -> Y 0                                     2.0 ms
    B 2 5                      -> B ok                                    3.6 ms
    T 0 1 72                   -> T 4 5 72                                3.0 ms
    M 0 1048576 4              -> M -11534336 172118878                 296.7 ms
      2     4   -80740352           1719.1     4.27      8.54      82.5   same
    Q 0                        -> Q 0                                     1.6 ms
    U 0                        -> U 0                                     2.2 ms
    Y 0                        -> Y 0                                     2.1 ms
    B 0 0                      -> B ok                                    3.2 ms
    T 0 9 96                   -> T 4 13 96                               3.3 ms
    M 0 1048576 2              -> M -2097152 65218237                   117.1 ms
    Q 0                        -> Q 0                                     2.3 ms
    U 0                        -> U 0                                     2.1 ms
    Y 0                        -> Y 0                                     1.7 ms
    B 1 0                      -> B ok                                    3.6 ms
    T 2 11 96                  -> T 6 16 96                               3.1 ms
    M 0 1048576 2              -> M -2097152 72207714                   129.9 ms
    Q 2                        -> Q 2                                     2.0 ms
    J 8                        -> J 8                                     1.7 ms
    U 16                       -> U 16                                    2.1 ms
    Y 0                        -> Y 0                                     1.9 ms
    B 2 0                      -> B ok                                    3.5 ms
    T 0 4 64                   -> T 4 8 64                                2.6 ms
    M 0 1048576 2              -> M -2097152 197545470                  338.0 ms
    Q 2                        -> Q 2                                     2.4 ms
    J 8                        -> J 8                                     1.7 ms
    U 16                       -> U 16                                    1.8 ms
    Y 0                        -> Y 0                                     2.1 ms
    B 2 1                      -> B ok                                    3.5 ms
    T 0 2 72                   -> T 4 6 72                                3.1 ms
    M 0 1048576 2              -> M -2097152 179343975                  309.2 ms
    Q 2                        -> Q 2                                     1.8 ms
    J 8                        -> J 8                                     2.2 ms
    U 16                       -> U 16                                    2.1 ms
    Y 0                        -> Y 0                                     1.9 ms
    B 2 2                      -> B ok                                    3.5 ms
    T 0 3 72                   -> T 4 7 72                                3.0 ms
    M 0 1048576 2              -> M -2097152 186263160                  320.6 ms
    Q 2                        -> Q 2                                     1.8 ms
    J 8                        -> J 8                                     1.7 ms
    U 16                       -> U 16                                    2.3 ms
    Y 0                        -> Y 0                                     2.0 ms
    B 2 3                      -> B ok                                    3.7 ms
    T 0 3 72                   -> T 4 7 72                                3.0 ms
    M 0 1048576 2              -> M -2097152 186263168                  320.7 ms
    Q 2                        -> Q 2                                     1.6 ms
    J 8                        -> J 8                                     1.9 ms
    U 16                       -> U 16                                    2.4 ms
    Y 0                        -> Y 0                                     2.1 ms
    B 2 5                      -> B ok                                    3.5 ms
    T 0 1 72                   -> T 4 5 72                                2.7 ms
    M 0 1048576 2              -> M -2097152 176706601                  303.2 ms
      2     2   -14680064           1772.6     4.14     16.56      82.5   same
    Q 0                        -> Q 0                                     1.6 ms
    U 0                        -> U 0                                     1.9 ms
    Y 0                        -> Y 0                                     2.1 ms
    B 0 0                      -> B ok                                    3.5 ms
    T 0 9 96                   -> T 4 13 96                               3.0 ms
    M 0 1048576 4              -> M -11534336 60630441                  111.3 ms
    Q 0                        -> Q 0                                     1.8 ms
    U 0                        -> U 0                                     2.1 ms
    Y 0                        -> Y 0                                     1.9 ms
    B 1 0                      -> B ok                                    3.4 ms
    T 2 11 96                  -> T 6 16 96                               3.3 ms
    M 0 1048576 4              -> M -11534336 67619712                  121.4 ms
    Q 2                        -> Q 2                                     2.5 ms
    J 8                        -> J 8                                     2.2 ms
    U 16                       -> U 16                                    2.2 ms
    Y 0                        -> Y 0                                     1.9 ms
    B 2 0                      -> B ok                                    3.5 ms
    T 0 4 64                   -> T 4 8 64                                3.0 ms
    M 0 1048576 4              -> M -11534336 192957698                 331.0 ms
    Q 2                        -> Q 2                                     2.5 ms
    J 8                        -> J 8                                     1.7 ms
    U 16                       -> U 16                                    2.2 ms
    Y 0                        -> Y 0                                     1.9 ms
    B 2 1                      -> B ok                                    3.5 ms
    T 0 2 72                   -> T 4 6 72                                3.0 ms
    M 0 1048576 4              -> M -11534336 174756272                 300.6 ms
    Q 2                        -> Q 2                                     1.6 ms
    J 8                        -> J 8                                     1.6 ms
    U 16                       -> U 16                                    1.8 ms
    Y 0                        -> Y 0                                     1.6 ms
    B 2 2                      -> B ok                                    3.5 ms
    T 0 3 72                   -> T 4 7 72                                2.6 ms
    M 0 1048576 4              -> M -11534336 181675362                 299.9 ms
    Q 2                        -> Q 2                                     2.0 ms
    J 8                        -> J 8                                     1.9 ms
    U 16                       -> U 16                                    1.8 ms
    Y 0                        -> Y 0                                     1.6 ms
    B 2 3                      -> B ok                                    3.5 ms
    T 0 3 72                   -> T 4 7 72                                2.8 ms
    M 0 1048576 4              -> M -11534336 181675358                 313.8 ms
    Q 2                        -> Q 2                                     1.6 ms
    J 8                        -> J 8                                     2.2 ms
    U 16                       -> U 16                                    2.6 ms
    Y 0                        -> Y 0                                     2.1 ms
    B 2 5                      -> B ok                                    3.7 ms
    T 0 1 72                   -> T 4 5 72                                2.6 ms
    M 0 1048576 4              -> M -11534336 172118872                 295.8 ms
      3     4   -80740352           1719.1     4.27      8.54      82.1   same
    Q 0                        -> Q 0                                     1.6 ms
    U 0                        -> U 0                                     1.7 ms
    Y 0                        -> Y 0                                     2.2 ms
    B 0 0                      -> B ok                                    3.5 ms
    T 0 9 96                   -> T 4 13 96                               3.2 ms
    M 0 1048576 2              -> M -2097152 65218249                   118.4 ms
    Q 0                        -> Q 0                                     1.8 ms
    U 0                        -> U 0                                     2.0 ms
    Y 0                        -> Y 0                                     1.9 ms
    B 1 0                      -> B ok                                    3.6 ms
    T 2 11 96                  -> T 6 16 96                               3.2 ms
    M 0 1048576 2              -> M -2097152 72207702                   127.8 ms
    Q 2                        -> Q 2                                     1.6 ms
    J 8                        -> J 8                                     1.9 ms
    U 16                       -> U 16                                    2.4 ms
    Y 0                        -> Y 0                                     2.0 ms
    B 2 0                      -> B ok                                    3.5 ms
    T 0 4 64                   -> T 4 8 64                                3.1 ms
    M 0 1048576 2              -> M -2097152 197545467                  338.4 ms
    Q 2                        -> Q 2                                     1.9 ms
    J 8                        -> J 8                                     2.0 ms
    U 16                       -> U 16                                    2.1 ms
    Y 0                        -> Y 0                                     2.0 ms
    B 2 1                      -> B ok                                    3.5 ms
    T 0 2 72                   -> T 4 6 72                                2.9 ms
    M 0 1048576 2              -> M -2097152 179344007                  306.9 ms
    Q 2                        -> Q 2                                     1.7 ms
    J 8                        -> J 8                                     1.9 ms
    U 16                       -> U 16                                    2.0 ms
    Y 0                        -> Y 0                                     2.0 ms
    B 2 2                      -> B ok                                    3.5 ms
    T 0 3 72                   -> T 4 7 72                                3.1 ms
    M 0 1048576 2              -> M -2097152 186263116                  320.9 ms
    Q 2                        -> Q 2                                     1.8 ms
    J 8                        -> J 8                                     2.1 ms
    U 16                       -> U 16                                    2.1 ms
    Y 0                        -> Y 0                                     1.9 ms
    B 2 3                      -> B ok                                    3.5 ms
    T 0 3 72                   -> T 4 7 72                                3.0 ms
    M 0 1048576 2              -> M -2097152 186263165                  320.9 ms
    Q 2                        -> Q 2                                     1.7 ms
    J 8                        -> J 8                                     2.1 ms
    U 16                       -> U 16                                    2.4 ms
    Y 0                        -> Y 0                                     2.1 ms
    B 2 5                      -> B ok                                    3.2 ms
    T 0 1 72                   -> T 4 5 72                                3.0 ms
    M 0 1048576 2              -> M -2097152 176706621                  304.6 ms
      3     2   -14680064           1772.6     4.14     16.56      80.8   same
    Q 0                        -> Q 0                                     2.0 ms
    U 0                        -> U 0                                     1.9 ms
    Y 0                        -> Y 0                                     1.6 ms
    B 0 0                      -> B ok                                    3.5 ms
    T 0 9 96                   -> T 4 13 96                               2.9 ms
    M 0 1048576 4              -> M -11534336 60630454                  110.4 ms
    Q 0                        -> Q 0                                     1.9 ms
    U 0                        -> U 0                                     1.8 ms
    Y 0                        -> Y 0                                     2.1 ms
    B 1 0                      -> B ok                                    3.5 ms
    T 2 11 96                  -> T 6 16 96                               3.2 ms
    M 0 1048576 4              -> M -11534336 67619725                  121.3 ms
    Q 2                        -> Q 2                                     2.3 ms
    J 8                        -> J 8                                     2.0 ms
    U 16                       -> U 16                                    2.2 ms
    Y 0                        -> Y 0                                     2.0 ms
    B 2 0                      -> B ok                                    3.3 ms
    T 0 4 64                   -> T 4 8 64                                3.0 ms
    M 0 1048576 4              -> M -11534336 192957694                 330.6 ms
    Q 2                        -> Q 2                                     1.6 ms
    J 8                        -> J 8                                     1.9 ms
    U 16                       -> U 16                                    1.9 ms
    Y 0                        -> Y 0                                     2.2 ms
    B 2 1                      -> B ok                                    3.3 ms
    T 0 2 72                   -> T 4 6 72                                2.9 ms
    M 0 1048576 4              -> M -11534336 174756259                 301.8 ms
    Q 2                        -> Q 2                                     1.7 ms
    J 8                        -> J 8                                     2.0 ms
    U 16                       -> U 16                                    1.8 ms
    Y 0                        -> Y 0                                     1.9 ms
    B 2 2                      -> B ok                                    3.5 ms
    T 0 3 72                   -> T 4 7 72                                2.9 ms
    M 0 1048576 4              -> M -11534336 181675327                 311.6 ms
    Q 2                        -> Q 2                                     2.1 ms
    J 8                        -> J 8                                     1.9 ms
    U 16                       -> U 16                                    2.1 ms
    Y 0                        -> Y 0                                     1.9 ms
    B 2 3                      -> B ok                                    3.2 ms
    T 0 3 72                   -> T 4 7 72                                2.5 ms
    M 0 1048576 4              -> M -11534336 181675357                 311.8 ms
    Q 2                        -> Q 2                                     2.2 ms
    J 8                        -> J 8                                     2.0 ms
    U 16                       -> U 16                                    2.1 ms
    Y 0                        -> Y 0                                     1.9 ms
    B 2 5                      -> B ok                                    3.3 ms
    T 0 1 72                   -> T 4 5 72                                2.5 ms
    M 0 1048576 4              -> M -11534336 172118845                 294.7 ms
      4     4   -80740352           1719.1     4.27      8.54      77.2   same
    Q 0                        -> Q 0                                     1.7 ms
    U 0                        -> U 0                                     2.1 ms
    Y 0                        -> Y 0                                     2.0 ms
    B 0 0                      -> B ok                                    3.5 ms
    T 0 9 96                   -> T 4 13 96                               3.2 ms
    M 0 1048576 2              -> M -2097152 65218251                   118.6 ms
    Q 0                        -> Q 0                                     1.8 ms
    U 0                        -> U 0                                     2.2 ms
    Y 0                        -> Y 0                                     2.2 ms
    B 1 0                      -> B ok                                    3.3 ms
    T 2 11 96                  -> T 6 16 96                               3.2 ms
    M 0 1048576 2              -> M -2097152 72207708                   129.8 ms
    Q 2                        -> Q 2                                     1.8 ms
    J 8                        -> J 8                                     2.0 ms
    U 16                       -> U 16                                    2.2 ms
    Y 0                        -> Y 0                                     1.9 ms
    B 2 0                      -> B ok                                    3.6 ms
    T 0 4 64                   -> T 4 8 64                                3.0 ms
    M 0 1048576 2              -> M -2097152 197545460                  339.5 ms
    Q 2                        -> Q 2                                     2.1 ms
    J 8                        -> J 8                                     2.1 ms
    U 16                       -> U 16                                    2.1 ms
    Y 0                        -> Y 0                                     1.7 ms
    B 2 1                      -> B ok                                    3.6 ms
    T 0 2 72                   -> T 4 6 72                                2.8 ms
    M 0 1048576 2              -> M -2097152 179344007                  307.4 ms
    Q 2                        -> Q 2                                     1.6 ms
    J 8                        -> J 8                                     1.6 ms
    U 16                       -> U 16                                    1.9 ms
    Y 0                        -> Y 0                                     1.8 ms
    B 2 2                      -> B ok                                    3.5 ms
    T 0 3 72                   -> T 4 7 72                                2.9 ms
    M 0 1048576 2              -> M -2097152 186263165                  320.9 ms
    Q 2                        -> Q 2                                     2.1 ms
    J 8                        -> J 8                                     2.1 ms
    U 16                       -> U 16                                    2.2 ms
    Y 0                        -> Y 0                                     2.0 ms
    B 2 3                      -> B ok                                    3.3 ms
    T 0 3 72                   -> T 4 7 72                                3.1 ms
    M 0 1048576 2              -> M -2097152 186263189                  320.8 ms
    Q 2                        -> Q 2                                     1.6 ms
    J 8                        -> J 8                                     2.0 ms
    U 16                       -> U 16                                    2.4 ms
    Y 0                        -> Y 0                                     2.1 ms
    B 2 5                      -> B ok                                    3.6 ms
    T 0 1 72                   -> T 4 5 72                                3.1 ms
    M 0 1048576 2              -> M -2097152 176706631                  304.6 ms
      4     2   -14680064           1772.6     4.14     16.56      84.9   same
    Q 0                        -> Q 0                                     1.8 ms
    U 0                        -> U 0                                     1.9 ms
    Y 0                        -> Y 0                                     1.9 ms
    B 0 0                      -> B ok                                    3.6 ms
    T 0 9 96                   -> T 4 13 96                               3.1 ms
    M 0 1048576 4              -> M -11534336 60630446                  110.4 ms
    Q 0                        -> Q 0                                     1.9 ms
    U 0                        -> U 0                                     2.0 ms
    Y 0                        -> Y 0                                     1.6 ms
    B 1 0                      -> B ok                                    3.5 ms
    T 2 11 96                  -> T 6 16 96                               3.2 ms
    M 0 1048576 4              -> M -11534336 67619681                  121.2 ms
    Q 2                        -> Q 2                                     2.4 ms
    J 8                        -> J 8                                     2.0 ms
    U 16                       -> U 16                                    2.1 ms
    Y 0                        -> Y 0                                     1.9 ms
    B 2 0                      -> B ok                                    3.5 ms
    T 0 4 64                   -> T 4 8 64                                3.1 ms
    M 0 1048576 4              -> M -11534336 192957687                 330.9 ms
    Q 2                        -> Q 2                                     2.5 ms
    J 8                        -> J 8                                     2.1 ms
    U 16                       -> U 16                                    2.2 ms
    Y 0                        -> Y 0                                     2.0 ms
    B 2 1                      -> B ok                                    3.5 ms
    T 0 2 72                   -> T 4 6 72                                3.0 ms
    M 0 1048576 4              -> M -11534336 174756245                 288.4 ms
    Q 2                        -> Q 2                                     1.6 ms
    J 8                        -> J 8                                     2.0 ms
    U 16                       -> U 16                                    1.8 ms
    Y 0                        -> Y 0                                     2.1 ms
    B 2 2                      -> B ok                                    3.5 ms
    T 0 3 72                   -> T 4 7 72                                2.9 ms
    M 0 1048576 4              -> M -11534336 181675325                 311.8 ms
    Q 2                        -> Q 2                                     1.7 ms
    J 8                        -> J 8                                     1.9 ms
    U 16                       -> U 16                                    2.1 ms
    Y 0                        -> Y 0                                     2.2 ms
    B 2 3                      -> B ok                                    3.5 ms
    T 0 3 72                   -> T 4 7 72                                3.0 ms
    M 0 1048576 4              -> M -11534336 181675327                 313.7 ms
    Q 2                        -> Q 2                                     2.1 ms
    J 8                        -> J 8                                     1.8 ms
    U 16                       -> U 16                                    1.9 ms
    Y 0                        -> Y 0                                     2.1 ms
    B 2 5                      -> B ok                                    3.7 ms
    T 0 1 72                   -> T 4 5 72                                2.6 ms
    M 0 1048576 4              -> M -11534336 172118880                 295.9 ms
      5     4   -80740352           1719.1     4.27      8.54      80.2   same
    Q 0                        -> Q 0                                     1.6 ms
    U 0                        -> U 0                                     2.1 ms
    Y 0                        -> Y 0                                     1.9 ms
    B 0 0                      -> B ok                                    3.5 ms
    T 0 9 96                   -> T 4 13 96                               3.0 ms
    M 0 1048576 2              -> M -2097152 65218250                   118.2 ms
    Q 0                        -> Q 0                                     2.0 ms
    U 0                        -> U 0                                     2.0 ms
    Y 0                        -> Y 0                                     2.0 ms
    B 1 0                      -> B ok                                    3.4 ms
    T 2 11 96                  -> T 6 16 96                               3.2 ms
    M 0 1048576 2              -> M -2097152 72207757                   127.7 ms
    Q 2                        -> Q 2                                     2.0 ms
    J 8                        -> J 8                                     2.2 ms
    U 16                       -> U 16                                    2.3 ms
    Y 0                        -> Y 0                                     2.1 ms
    B 2 0                      -> B ok                                    3.5 ms
    T 0 4 64                   -> T 4 8 64                                3.1 ms
    M 0 1048576 2              -> M -2097152 197545450                  338.1 ms
    Q 2                        -> Q 2                                     1.6 ms
    J 8                        -> J 8                                     1.9 ms
    U 16                       -> U 16                                    2.1 ms
    Y 0                        -> Y 0                                     2.3 ms
    B 2 1                      -> B ok                                    3.2 ms
    T 0 2 72                   -> T 4 6 72                                2.6 ms
    M 0 1048576 2              -> M -2097152 179344016                  307.2 ms
    Q 2                        -> Q 2                                     1.6 ms
    J 8                        -> J 8                                     1.9 ms
    U 16                       -> U 16                                    2.0 ms
    Y 0                        -> Y 0                                     2.0 ms
    B 2 2                      -> B ok                                    3.4 ms
    T 0 3 72                   -> T 4 7 72                                2.9 ms
    M 0 1048576 2              -> M -2097152 186263160                  310.2 ms
    Q 2                        -> Q 2                                     1.9 ms
    J 8                        -> J 8                                     2.0 ms
    U 16                       -> U 16                                    2.2 ms
    Y 0                        -> Y 0                                     1.9 ms
    B 2 3                      -> B ok                                    3.6 ms
    T 0 3 72                   -> T 4 7 72                                3.0 ms
    M 0 1048576 2              -> M -2097152 186263139                  320.8 ms
    Q 2                        -> Q 2                                     1.8 ms
    J 8                        -> J 8                                     2.0 ms
    U 16                       -> U 16                                    2.3 ms
    Y 0                        -> Y 0                                     2.1 ms
    B 2 5                      -> B ok                                    3.6 ms
    T 0 1 72                   -> T 4 5 72                                2.7 ms
    M 0 1048576 2              -> M -2097152 176706623                  305.3 ms
      5     2   -14680064           1772.6     4.14     16.56      79.6   same
    Q 0                        -> Q 0                                     1.7 ms
    U 0                        -> U 0                                     1.9 ms
    Y 0                        -> Y 0                                     1.9 ms
    B 0 0                      -> B ok                                    3.4 ms
    T 0 9 96                   -> T 4 13 96                               3.2 ms
    M 0 1048576 4              -> M -11534336 60630451                  110.2 ms
    Q 0                        -> Q 0                                     1.8 ms
    U 0                        -> U 0                                     1.6 ms
    Y 0                        -> Y 0                                     1.7 ms
    B 1 0                      -> B ok                                    3.2 ms
    T 2 11 96                  -> T 6 16 96                               3.2 ms
    M 0 1048576 4              -> M -11534336 67619722                  121.4 ms
    Q 2                        -> Q 2                                     2.3 ms
    J 8                        -> J 8                                     2.0 ms
    U 16                       -> U 16                                    1.9 ms
    Y 0                        -> Y 0                                     1.9 ms
    B 2 0                      -> B ok                                    3.3 ms
    T 0 4 64                   -> T 4 8 64                                3.1 ms
    M 0 1048576 4              -> M -11534336 192957722                 332.5 ms
    Q 2                        -> Q 2                                     1.6 ms
    J 8                        -> J 8                                     1.9 ms
    U 16                       -> U 16                                    2.0 ms
    Y 0                        -> Y 0                                     1.8 ms
    B 2 1                      -> B ok                                    3.5 ms
    T 0 2 72                   -> T 4 6 72                                2.9 ms
    M 0 1048576 4              -> M -11534336 174756243                 299.8 ms
    Q 2                        -> Q 2                                     1.9 ms
    J 8                        -> J 8                                     1.8 ms
    U 16                       -> U 16                                    2.2 ms
    Y 0                        -> Y 0                                     2.1 ms
    B 2 2                      -> B ok                                    3.1 ms
    T 0 3 72                   -> T 4 7 72                                2.7 ms
    M 0 1048576 4              -> M -11534336 181675358                 313.7 ms
    Q 2                        -> Q 2                                     1.8 ms
    J 8                        -> J 8                                     2.2 ms
    U 16                       -> U 16                                    2.4 ms
    Y 0                        -> Y 0                                     2.1 ms
    B 2 3                      -> B ok                                    3.3 ms
    T 0 3 72                   -> T 4 7 72                                3.1 ms
    M 0 1048576 4              -> M -11534336 181675355                 313.4 ms
    Q 2                        -> Q 2                                     2.0 ms
    J 8                        -> J 8                                     2.1 ms
    U 16                       -> U 16                                    2.1 ms
    Y 0                        -> Y 0                                     2.0 ms
    B 2 5                      -> B ok                                    3.2 ms
    T 0 1 72                   -> T 4 5 72                                2.5 ms
    M 0 1048576 4              -> M -11534336 172118867                 295.5 ms
      6     4   -80740352           1719.1     4.27      8.54      82.2   same
    Q 0                        -> Q 0                                     1.7 ms
    U 0                        -> U 0                                     2.1 ms
    Y 0                        -> Y 0                                     2.2 ms
    B 0 0                      -> B ok                                    3.2 ms
    T 0 9 96                   -> T 4 13 96                               3.4 ms
    M 0 1048576 2              -> M -2097152 65218257                   117.8 ms
    Q 0                        -> Q 0                                     2.0 ms
    U 0                        -> U 0                                     1.9 ms
    Y 0                        -> Y 0                                     1.6 ms
    B 1 0                      -> B ok                                    3.6 ms
    T 2 11 96                  -> T 6 16 96                               3.2 ms
    M 0 1048576 2              -> M -2097152 72207754                   127.9 ms
    Q 2                        -> Q 2                                     1.6 ms
    J 8                        -> J 8                                     2.2 ms
    U 16                       -> U 16                                    2.3 ms
    Y 0                        -> Y 0                                     2.2 ms
    B 2 0                      -> B ok                                    3.5 ms
    T 0 4 64                   -> T 4 8 64                                3.1 ms
    M 0 1048576 2              -> M -2097152 197545477                  338.3 ms
    Q 2                        -> Q 2                                     1.6 ms
    J 8                        -> J 8                                     2.0 ms
    U 16                       -> U 16                                    1.8 ms
    Y 0                        -> Y 0                                     2.1 ms
    B 2 1                      -> B ok                                    3.2 ms
    T 0 2 72                   -> T 4 6 72                                2.6 ms
    M 0 1048576 2              -> M -2097152 179343994                  307.1 ms
    Q 2                        -> Q 2                                     1.6 ms
    J 8                        -> J 8                                     1.9 ms
    U 16                       -> U 16                                    2.3 ms
    Y 0                        -> Y 0                                     2.0 ms
    B 2 2                      -> B ok                                    3.5 ms
    T 0 3 72                   -> T 4 7 72                                2.7 ms
    M 0 1048576 2              -> M -2097152 186263174                  319.3 ms
    Q 2                        -> Q 2                                     2.6 ms
    J 8                        -> J 8                                     2.1 ms
    U 16                       -> U 16                                    2.1 ms
    Y 0                        -> Y 0                                     1.7 ms
    B 2 3                      -> B ok                                    3.6 ms
    T 0 3 72                   -> T 4 7 72                                2.7 ms
    M 0 1048576 2              -> M -2097152 186263186                  320.8 ms
    Q 2                        -> Q 2                                     1.7 ms
    J 8                        -> J 8                                     2.2 ms
    U 16                       -> U 16                                    2.0 ms
    Y 0                        -> Y 0                                     1.7 ms
    B 2 5                      -> B ok                                    3.6 ms
    T 0 1 72                   -> T 4 5 72                                2.9 ms
    M 0 1048576 2              -> M -2097152 176706636                  305.0 ms
      6     2   -14680064           1772.6     4.14     16.56      78.1   same
    Q 0                        -> Q 0                                     1.7 ms
    U 0                        -> U 0                                     2.0 ms
    Y 0                        -> Y 0                                     1.7 ms
    B 0 0                      -> B ok                                    3.4 ms
    T 0 9 96                   -> T 4 13 96                               3.2 ms
    M 0 1048576 4              -> M -11534336 60630444                  110.1 ms
    Q 0                        -> Q 0                                     1.7 ms
    U 0                        -> U 0                                     1.6 ms
    Y 0                        -> Y 0                                     1.7 ms
    B 1 0                      -> B ok                                    3.5 ms
    T 2 11 96                  -> T 6 16 96                               3.2 ms
    M 0 1048576 4              -> M -11534336 67619705                  121.3 ms
    Q 2                        -> Q 2                                     2.3 ms
    J 8                        -> J 8                                     2.1 ms
    U 16                       -> U 16                                    2.2 ms
    Y 0                        -> Y 0                                     2.0 ms
    B 2 0                      -> B ok                                    3.5 ms
    T 0 4 64                   -> T 4 8 64                                2.6 ms
    M 0 1048576 4              -> M -11534336 192957710                 331.0 ms
    Q 2                        -> Q 2                                     2.5 ms
    J 8                        -> J 8                                     2.1 ms
    U 16                       -> U 16                                    2.1 ms
    Y 0                        -> Y 0                                     1.9 ms
    B 2 1                      -> B ok                                    3.5 ms
    T 0 2 72                   -> T 4 6 72                                3.0 ms
    M 0 1048576 4              -> M -11534336 174756257                 300.4 ms
    Q 2                        -> Q 2                                     1.6 ms
    J 8                        -> J 8                                     1.9 ms
    U 16                       -> U 16                                    2.2 ms
    Y 0                        -> Y 0                                     2.2 ms
    B 2 2                      -> B ok                                    3.5 ms
    T 0 3 72                   -> T 4 7 72                                3.1 ms
    M 0 1048576 4              -> M -11534336 181675363                 313.8 ms
    Q 2                        -> Q 2                                     1.9 ms
    J 8                        -> J 8                                     1.9 ms
    U 16                       -> U 16                                    2.1 ms
    Y 0                        -> Y 0                                     2.1 ms
    B 2 3                      -> B ok                                    3.5 ms
    T 0 3 72                   -> T 4 7 72                                3.1 ms
    M 0 1048576 4              -> M -11534336 181675354                 312.7 ms
    Q 2                        -> Q 2                                     1.9 ms
    J 8                        -> J 8                                     1.9 ms
    U 16                       -> U 16                                    2.1 ms
    Y 0                        -> Y 0                                     2.1 ms
    B 2 5                      -> B ok                                    3.5 ms
    T 0 1 72                   -> T 4 5 72                                3.2 ms
    M 0 1048576 4              -> M -11534336 172118873                 297.8 ms
      7     4   -80740352           1719.1     4.27      8.54      83.7   same
    Q 0                        -> Q 0                                     1.8 ms
    U 0                        -> U 0                                     2.0 ms
    Y 0                        -> Y 0                                     1.8 ms
    B 0 0                      -> B ok                                    3.6 ms
    T 0 9 96                   -> T 4 13 96                               3.3 ms
    M 0 1048576 2              -> M -2097152 65218255                   117.6 ms
    Q 0                        -> Q 0                                     2.7 ms
    U 0                        -> U 0                                     2.2 ms
    Y 0                        -> Y 0                                     2.1 ms
    B 1 0                      -> B ok                                    3.5 ms
    T 2 11 96                  -> T 6 16 96                               3.2 ms
    M 0 1048576 2              -> M -2097152 72207706                   128.8 ms
    Q 2                        -> Q 2                                     2.6 ms
    J 8                        -> J 8                                     2.0 ms
    U 16                       -> U 16                                    2.2 ms
    Y 0                        -> Y 0                                     2.0 ms
    B 2 0                      -> B ok                                    3.4 ms
    T 0 4 64                   -> T 4 8 64                                2.9 ms
    M 0 1048576 2              -> M -2097152 197545533                  337.8 ms
    Q 2                        -> Q 2                                     2.5 ms
    J 8                        -> J 8                                     2.1 ms
    U 16                       -> U 16                                    2.3 ms
    Y 0                        -> Y 0                                     1.9 ms
    B 2 1                      -> B ok                                    3.5 ms
    T 0 2 72                   -> T 4 6 72                                2.5 ms
    M 0 1048576 2              -> M -2097152 179343992                  307.7 ms
    Q 2                        -> Q 2                                     2.5 ms
    J 8                        -> J 8                                     2.1 ms
    U 16                       -> U 16                                    2.2 ms
    Y 0                        -> Y 0                                     2.0 ms
    B 2 2                      -> B ok                                    3.3 ms
    T 0 3 72                   -> T 4 7 72                                2.7 ms
    M 0 1048576 2              -> M -2097152 186263167                  320.9 ms
    Q 2                        -> Q 2                                     1.7 ms
    J 8                        -> J 8                                     2.2 ms
    U 16                       -> U 16                                    2.0 ms
    Y 0                        -> Y 0                                     2.0 ms
    B 2 3                      -> B ok                                    3.7 ms
    T 0 3 72                   -> T 4 7 72                                3.1 ms
    M 0 1048576 2              -> M -2097152 186263110                  319.1 ms
    Q 2                        -> Q 2                                     2.1 ms
    J 8                        -> J 8                                     2.1 ms
    U 16                       -> U 16                                    2.1 ms
    Y 0                        -> Y 0                                     1.9 ms
    B 2 5                      -> B ok                                    3.5 ms
    T 0 1 72                   -> T 4 5 72                                3.0 ms
    M 0 1048576 2              -> M -2097152 176706638                  304.9 ms
      7     2   -14680064           1772.6     4.14     16.56      81.2   same
    Q 0                        -> Q 0                                     1.8 ms
    U 0                        -> U 0                                     2.2 ms
    Y 0                        -> Y 0                                     2.0 ms
    B 0 0                      -> B ok                                    3.5 ms
    T 0 9 96                   -> T 4 13 96                               3.0 ms
    M 0 1048576 4              -> M -11534336 60630454                  111.2 ms
    Q 0                        -> Q 0                                     1.6 ms
    U 0                        -> U 0                                     2.4 ms
    Y 0                        -> Y 0                                     2.2 ms
    B 1 0                      -> B ok                                    3.5 ms
    T 2 11 96                  -> T 6 16 96                               3.4 ms
    M 0 1048576 4              -> M -11534336 67619715                  123.0 ms
    Q 2                        -> Q 2                                     1.6 ms
    J 8                        -> J 8                                     2.1 ms
    U 16                       -> U 16                                    2.2 ms
    Y 0                        -> Y 0                                     2.2 ms
    B 2 0                      -> B ok                                    3.5 ms
    T 0 4 64                   -> T 4 8 64                                2.9 ms
    M 0 1048576 4              -> M -11534336 192957699                 330.8 ms
    Q 2                        -> Q 2                                     2.2 ms
    J 8                        -> J 8                                     2.1 ms
    U 16                       -> U 16                                    2.3 ms
    Y 0                        -> Y 0                                     1.9 ms
    B 2 1                      -> B ok                                    3.5 ms
    T 0 2 72                   -> T 4 6 72                                2.8 ms
    M 0 1048576 4              -> M -11534336 174756264                 300.4 ms
    Q 2                        -> Q 2                                     1.6 ms
    J 8                        -> J 8                                     2.0 ms
    U 16                       -> U 16                                    1.9 ms
    Y 0                        -> Y 0                                     2.0 ms
    B 2 2                      -> B ok                                    3.5 ms
    T 0 3 72                   -> T 4 7 72                                2.7 ms
    M 0 1048576 4              -> M -11534336 181675348                 313.6 ms
    Q 2                        -> Q 2                                     1.8 ms
    J 8                        -> J 8                                     2.1 ms
    U 16                       -> U 16                                    2.2 ms
    Y 0                        -> Y 0                                     2.0 ms
    B 2 3                      -> B ok                                    3.5 ms
    T 0 3 72                   -> T 4 7 72                                3.1 ms
    M 0 1048576 4              -> M -11534336 181675333                 313.3 ms
    Q 2                        -> Q 2                                     1.8 ms
    J 8                        -> J 8                                     2.1 ms
    U 16                       -> U 16                                    2.2 ms
    Y 0                        -> Y 0                                     1.9 ms
    B 2 5                      -> B ok                                    3.4 ms
    T 0 1 72                   -> T 4 5 72                                2.6 ms
    M 0 1048576 4              -> M -11534336 172118872                 295.8 ms
      8     4   -80740352           1719.1     4.27      8.54      84.8   same
    Q 0                        -> Q 0                                     1.7 ms
    U 0                        -> U 0                                     1.7 ms
    Y 0                        -> Y 0                                     2.1 ms
    B 0 0                      -> B ok                                    3.4 ms
    T 0 9 96                   -> T 4 13 96                               3.2 ms
    M 0 1048576 2              -> M -2097152 65218240                   117.6 ms
    Q 0                        -> Q 0                                     1.9 ms
    U 0                        -> U 0                                     2.2 ms
    Y 0                        -> Y 0                                     2.0 ms
    B 1 0                      -> B ok                                    3.5 ms
    T 2 11 96                  -> T 6 16 96                               3.1 ms
    M 0 1048576 2              -> M -2097152 72207699                   115.7 ms
    Q 2                        -> Q 2                                     1.6 ms
    J 8                        -> J 8                                     2.2 ms
    U 16                       -> U 16                                    2.2 ms
    Y 0                        -> Y 0                                     2.0 ms
    B 2 0                      -> B ok                                    3.5 ms
    T 0 4 64                   -> T 4 8 64                                2.6 ms
    M 0 1048576 2              -> M -2097152 197545507                  338.6 ms
    Q 2                        -> Q 2                                     1.9 ms
    J 8                        -> J 8                                     2.0 ms
    U 16                       -> U 16                                    1.8 ms
    Y 0                        -> Y 0                                     2.0 ms
    B 2 1                      -> B ok                                    3.5 ms
    T 0 2 72                   -> T 4 6 72                                3.0 ms
    M 0 1048576 2              -> M -2097152 179343969                  307.0 ms
    Q 2                        -> Q 2                                     1.6 ms
    J 8                        -> J 8                                     1.9 ms
    U 16                       -> U 16                                    2.2 ms
    Y 0                        -> Y 0                                     2.1 ms
    B 2 2                      -> B ok                                    3.5 ms
    T 0 3 72                   -> T 4 7 72                                3.1 ms
    M 0 1048576 2              -> M -2097152 186263180                  320.9 ms
    Q 2                        -> Q 2                                     1.9 ms
    J 8                        -> J 8                                     2.1 ms
    U 16                       -> U 16                                    1.8 ms
    Y 0                        -> Y 0                                     2.1 ms
    B 2 3                      -> B ok                                    3.6 ms
    T 0 3 72                   -> T 4 7 72                                3.0 ms
    M 0 1048576 2              -> M -2097152 186263164                  320.8 ms
    Q 2                        -> Q 2                                     1.7 ms
    J 8                        -> J 8                                     2.0 ms
    U 16                       -> U 16                                    2.2 ms
    Y 0                        -> Y 0                                     2.1 ms
    B 2 5                      -> B ok                                    3.6 ms
    T 0 1 72                   -> T 4 5 72                                3.1 ms
    M 0 1048576 2              -> M -2097152 176706589                  305.0 ms
      8     2   -14680064           1772.6     4.14     16.56      79.8   same
    Q 0                        -> Q 0                                     1.8 ms
    U 0                        -> U 0                                     1.7 ms
    Y 0                        -> Y 0                                     1.6 ms
    B 0 0                      -> B ok                                    3.6 ms
    T 0 9 96                   -> T 4 13 96                               2.8 ms
    M 0 1048576 4              -> M -11534336 60630453                  110.0 ms
    Q 0                        -> Q 0                                     1.7 ms
    U 0                        -> U 0                                     2.0 ms
    Y 0                        -> Y 0                                     1.7 ms
    B 1 0                      -> B ok                                    3.2 ms
    T 2 11 96                  -> T 6 16 96                               2.7 ms
    M 0 1048576 4              -> M -11534336 67619708                  123.2 ms
    Q 2                        -> Q 2                                     1.6 ms
    J 8                        -> J 8                                     2.0 ms
    U 16                       -> U 16                                    2.4 ms
    Y 0                        -> Y 0                                     1.7 ms
    B 2 0                      -> B ok                                    3.1 ms
    T 0 4 64                   -> T 4 8 64                                2.9 ms
    M 0 1048576 4              -> M -11534336 192957695                 331.0 ms
    Q 2                        -> Q 2                                     1.6 ms
    J 8                        -> J 8                                     1.9 ms
    U 16                       -> U 16                                    2.1 ms
    Y 0                        -> Y 0                                     2.0 ms
    B 2 1                      -> B ok                                    3.1 ms
    T 0 2 72                   -> T 4 6 72                                3.0 ms
    M 0 1048576 4              -> M -11534336 174756225                 300.1 ms
    Q 2                        -> Q 2                                     1.6 ms
    J 8                        -> J 8                                     1.9 ms
    U 16                       -> U 16                                    1.9 ms
    Y 0                        -> Y 0                                     2.1 ms
    B 2 2                      -> B ok                                    3.5 ms
    T 0 3 72                   -> T 4 7 72                                2.9 ms
    M 0 1048576 4              -> M -11534336 181675358                 311.7 ms
    Q 2                        -> Q 2                                     1.7 ms
    J 8                        -> J 8                                     1.9 ms
    U 16                       -> U 16                                    2.1 ms
    Y 0                        -> Y 0                                     1.9 ms
    B 2 3                      -> B ok                                    3.5 ms
    T 0 3 72                   -> T 4 7 72                                3.1 ms
    M 0 1048576 4              -> M -11534336 181675324                 313.7 ms
    Q 2                        -> Q 2                                     1.8 ms
    J 8                        -> J 8                                     2.1 ms
    U 16                       -> U 16                                    2.4 ms
    Y 0                        -> Y 0                                     2.0 ms
    B 2 5                      -> B ok                                    3.7 ms
    T 0 1 72                   -> T 4 5 72                                2.7 ms
    M 0 1048576 4              -> M -11534336 172118831                 295.8 ms
      9     4   -80740352           1719.1     4.27      8.54      82.6   same
    Q 0                        -> Q 0                                     1.6 ms
    U 0                        -> U 0                                     2.1 ms
    Y 0                        -> Y 0                                     2.2 ms
    B 0 0                      -> B ok                                    3.5 ms
    T 0 9 96                   -> T 4 13 96                               3.0 ms
    M 0 1048576 2              -> M -2097152 65218216                   118.2 ms
    Q 0                        -> Q 0                                     2.0 ms
    U 0                        -> U 0                                     1.9 ms
    Y 0                        -> Y 0                                     1.7 ms
    B 1 0                      -> B ok                                    3.6 ms
    T 2 11 96                  -> T 6 16 96                               2.7 ms
    M 0 1048576 2              -> M -2097152 72207715                   127.6 ms
    Q 2                        -> Q 2                                     1.6 ms
    J 8                        -> J 8                                     1.9 ms
    U 16                       -> U 16                                    2.3 ms
    Y 0                        -> Y 0                                     2.1 ms
    B 2 0                      -> B ok                                    3.5 ms
    T 0 4 64                   -> T 4 8 64                                3.1 ms
    M 0 1048576 2              -> M -2097152 197545503                  338.5 ms
    Q 2                        -> Q 2                                     2.0 ms
    J 8                        -> J 8                                     1.9 ms
    U 16                       -> U 16                                    2.1 ms
    Y 0                        -> Y 0                                     2.3 ms
    B 2 1                      -> B ok                                    3.5 ms
    T 0 2 72                   -> T 4 6 72                                2.7 ms
    M 0 1048576 2              -> M -2097152 179344008                  306.7 ms
    Q 2                        -> Q 2                                     1.6 ms
    J 8                        -> J 8                                     2.0 ms
    U 16                       -> U 16                                    2.2 ms
    Y 0                        -> Y 0                                     2.0 ms
    B 2 2                      -> B ok                                    3.5 ms
    T 0 3 72                   -> T 4 7 72                                2.7 ms
    M 0 1048576 2              -> M -2097152 186263156                  320.8 ms
    Q 2                        -> Q 2                                     2.1 ms
    J 8                        -> J 8                                     2.0 ms
    U 16                       -> U 16                                    2.3 ms
    Y 0                        -> Y 0                                     1.7 ms
    B 2 3                      -> B ok                                    3.6 ms
    T 0 3 72                   -> T 4 7 72                                3.0 ms
    M 0 1048576 2              -> M -2097152 186263142                  320.9 ms
    Q 2                        -> Q 2                                     1.6 ms
    J 8                        -> J 8                                     2.2 ms
    U 16                       -> U 16                                    2.3 ms
    Y 0                        -> Y 0                                     2.1 ms
    B 2 5                      -> B ok                                    2.9 ms
    T 0 1 72                   -> T 4 5 72                                3.1 ms
    M 0 1048576 2              -> M -2097152 176706623                  305.2 ms
      9     2   -14680064           1772.6     4.14     16.56      80.0   same
    Q 0                        -> Q 0                                     2.0 ms
    U 0                        -> U 0                                     1.9 ms
    Y 0                        -> Y 0                                     1.7 ms
    B 0 0                      -> B ok                                    3.5 ms
    T 0 9 96                   -> T 4 13 96                               3.2 ms
    M 0 1048576 4              -> M -11534336 60630449                  110.2 ms
    Q 0                        -> Q 0                                     1.6 ms
    U 0                        -> U 0                                     1.9 ms
    Y 0                        -> Y 0                                     1.9 ms
    B 1 0                      -> B ok                                    3.5 ms
    T 2 11 96                  -> T 6 16 96                               3.1 ms
    M 0 1048576 4              -> M -11534336 67619719                  121.0 ms
    Q 2                        -> Q 2                                     2.3 ms
    J 8                        -> J 8                                     2.0 ms
    U 16                       -> U 16                                    2.1 ms
    Y 0                        -> Y 0                                     1.9 ms
    B 2 0                      -> B ok                                    3.5 ms
    T 0 4 64                   -> T 4 8 64                                2.5 ms
    M 0 1048576 4              -> M -11534336 192957726                 332.5 ms
    Q 2                        -> Q 2                                     1.6 ms
    J 8                        -> J 8                                     1.9 ms
    U 16                       -> U 16                                    1.8 ms
    Y 0                        -> Y 0                                     2.0 ms
    B 2 1                      -> B ok                                    3.4 ms
    T 0 2 72                   -> T 4 6 72                                2.9 ms
    M 0 1048576 4              -> M -11534336 174756232                 299.8 ms
    Q 2                        -> Q 2                                     1.6 ms
    J 8                        -> J 8                                     1.9 ms
    U 16                       -> U 16                                    2.3 ms
    Y 0                        -> Y 0                                     2.1 ms
    B 2 2                      -> B ok                                    3.4 ms
    T 0 3 72                   -> T 4 7 72                                2.9 ms
    M 0 1048576 4              -> M -11534336 181675364                 313.7 ms
    Q 2                        -> Q 2                                     1.9 ms
    J 8                        -> J 8                                     2.0 ms
    U 16                       -> U 16                                    2.1 ms
    Y 0                        -> Y 0                                     2.2 ms
    B 2 3                      -> B ok                                    3.2 ms
    T 0 3 72                   -> T 4 7 72                                2.8 ms
    M 0 1048576 4              -> M -11534336 181675346                 313.0 ms
    Q 2                        -> Q 2                                     1.7 ms
    J 8                        -> J 8                                     2.0 ms
    U 16                       -> U 16                                    2.2 ms
    Y 0                        -> Y 0                                     2.2 ms
    B 2 5                      -> B ok                                    3.2 ms
    T 0 1 72                   -> T 4 5 72                                2.8 ms
    M 0 1048576 4              -> M -11534336 172118880                 298.0 ms
     10     4   -80740352           1719.1     4.27      8.54      85.9   same
    Q 0                        -> Q 0                                     2.0 ms
    U 0                        -> U 0                                     2.1 ms
    Y 0                        -> Y 0                                     2.0 ms
    B 0 0                      -> B ok                                    3.4 ms
    T 0 9 96                   -> T 4 13 96                               3.0 ms
    M 0 1048576 2              -> M -2097152 65218213                   115.7 ms
    Q 0                        -> Q 0                                     1.6 ms
    U 0                        -> U 0                                     1.6 ms
    Y 0                        -> Y 0                                     2.2 ms
    B 1 0                      -> B ok                                    3.5 ms
    T 2 11 96                  -> T 6 16 96                               2.9 ms
    M 0 1048576 2              -> M -2097152 72207698                   129.1 ms
    Q 2                        -> Q 2                                     1.6 ms
    J 8                        -> J 8                                     2.0 ms
    U 16                       -> U 16                                    2.1 ms
    Y 0                        -> Y 0                                     2.1 ms
    B 2 0                      -> B ok                                    3.5 ms
    T 0 4 64                   -> T 4 8 64                                2.7 ms
    M 0 1048576 2              -> M -2097152 197545497                  336.9 ms
    Q 2                        -> Q 2                                     1.9 ms
    J 8                        -> J 8                                     1.8 ms
    U 16                       -> U 16                                    2.4 ms
    Y 0                        -> Y 0                                     2.0 ms
    B 2 1                      -> B ok                                    3.6 ms
    T 0 2 72                   -> T 4 6 72                                2.7 ms
    M 0 1048576 2              -> M -2097152 179343957                  306.3 ms
    Q 2                        -> Q 2                                     1.6 ms
    J 8                        -> J 8                                     2.4 ms
    U 16                       -> U 16                                    2.3 ms
    Y 0                        -> Y 0                                     2.1 ms
    B 2 2                      -> B ok                                    3.1 ms
    T 0 3 72                   -> T 4 7 72                                3.0 ms
    M 0 1048576 2              -> M -2097152 186263175                  318.2 ms
    Q 2                        -> Q 2                                     1.6 ms
    J 8                        -> J 8                                     1.7 ms
    U 16                       -> U 16                                    2.2 ms
    Y 0                        -> Y 0                                     2.0 ms
    B 2 3                      -> B ok                                    3.5 ms
    T 0 3 72                   -> T 4 7 72                                3.0 ms
    M 0 1048576 2              -> M -2097152 186263174                  319.3 ms
    Q 2                        -> Q 2                                     2.6 ms
    J 8                        -> J 8                                     2.0 ms
    U 16                       -> U 16                                    2.3 ms
    Y 0                        -> Y 0                                     1.9 ms
    B 2 5                      -> B ok                                    3.5 ms
    T 0 1 72                   -> T 4 5 72                                2.9 ms
    M 0 1048576 2              -> M -2097152 176706637                  305.0 ms
     10     2   -14680064           1772.6     4.14     16.56      72.1   same
    Q 0                        -> Q 0                                     1.7 ms
    U 0                        -> U 0                                     1.9 ms
    Y 0                        -> Y 0                                     1.9 ms
    B 0 0                      -> B ok                                    3.5 ms
    T 0 9 96                   -> T 4 13 96                               3.2 ms
    M 0 1048576 4              -> M -11534336 60630450                  111.5 ms
    Q 0                        -> Q 0                                     2.1 ms
    U 0                        -> U 0                                     2.1 ms
    Y 0                        -> Y 0                                     2.1 ms
    B 1 0                      -> B ok                                    3.4 ms
    T 2 11 96                  -> T 6 16 96                               3.2 ms
    M 0 1048576 4              -> M -11534336 67619721                  121.4 ms
    Q 2                        -> Q 2                                     2.6 ms
    J 8                        -> J 8                                     2.1 ms
    U 16                       -> U 16                                    2.2 ms
    Y 0                        -> Y 0                                     1.6 ms
    B 2 0                      -> B ok                                    3.6 ms
    T 0 4 64                   -> T 4 8 64                                3.1 ms
    M 0 1048576 4              -> M -11534336 192957714                 331.0 ms
    Q 2                        -> Q 2                                     2.7 ms
    J 8                        -> J 8                                     2.1 ms
    U 16                       -> U 16                                    2.2 ms
    Y 0                        -> Y 0                                     2.1 ms
    B 2 1                      -> B ok                                    3.5 ms
    T 0 2 72                   -> T 4 6 72                                3.0 ms
    M 0 1048576 4              -> M -11534336 174756256                 300.6 ms
    Q 2                        -> Q 2                                     1.6 ms
    J 8                        -> J 8                                     2.0 ms
    U 16                       -> U 16                                    1.9 ms
    Y 0                        -> Y 0                                     2.0 ms
    B 2 2                      -> B ok                                    3.5 ms
    T 0 3 72                   -> T 4 7 72                                3.0 ms
    M 0 1048576 4              -> M -11534336 181675361                 311.7 ms
    Q 2                        -> Q 2                                     1.7 ms
    J 8                        -> J 8                                     1.9 ms
    U 16                       -> U 16                                    2.2 ms
    Y 0                        -> Y 0                                     2.1 ms
    B 2 3                      -> B ok                                    3.5 ms
    T 0 3 72                   -> T 4 7 72                                3.1 ms
    M 0 1048576 4              -> M -11534336 181675351                 313.4 ms
    Q 2                        -> Q 2                                     1.7 ms
    J 8                        -> J 8                                     2.0 ms
    U 16                       -> U 16                                    2.4 ms
    Y 0                        -> Y 0                                     2.0 ms
    B 2 5                      -> B ok                                    3.7 ms
    T 0 1 72                   -> T 4 5 72                                2.7 ms
    M 0 1048576 4              -> M -11534336 172118874                 295.8 ms
     11     4   -80740352           1719.1     4.27      8.54      83.0   same
    Q 0                        -> Q 0                                     1.7 ms
    U 0                        -> U 0                                     1.7 ms
    Y 0                        -> Y 0                                     2.3 ms
    B 0 0                      -> B ok                                    3.4 ms
    T 0 9 96                   -> T 4 13 96                               3.0 ms
    M 0 1048576 2              -> M -2097152 65218247                   107.6 ms
    Q 0                        -> Q 0                                     2.0 ms
    U 0                        -> U 0                                     2.0 ms
    Y 0                        -> Y 0                                     1.9 ms
    B 1 0                      -> B ok                                    3.4 ms
    T 2 11 96                  -> T 6 16 96                               3.1 ms
    M 0 1048576 2              -> M -2097152 72207700                   127.8 ms
    Q 2                        -> Q 2                                     1.6 ms
    J 8                        -> J 8                                     1.9 ms
    U 16                       -> U 16                                    2.3 ms
    Y 0                        -> Y 0                                     2.1 ms
    B 2 0                      -> B ok                                    3.5 ms
    T 0 4 64                   -> T 4 8 64                                3.0 ms
    M 0 1048576 2              -> M -2097152 197545494                  338.5 ms
    Q 2                        -> Q 2                                     2.1 ms
    J 8                        -> J 8                                     2.0 ms
    U 16                       -> U 16                                    2.1 ms
    Y 0                        -> Y 0                                     2.1 ms
    B 2 1                      -> B ok                                    3.5 ms
    T 0 2 72                   -> T 4 6 72                                2.7 ms
    M 0 1048576 2              -> M -2096722 179343991                  307.1 ms
    Q 2                        -> Q 2                                     1.6 ms
    J 8                        -> J 8                                     1.9 ms
    U 16                       -> U 16                                    2.2 ms
    Y 0                        -> Y 0                                     2.1 ms
    B 2 2                      -> B ok                                    3.4 ms
    T 0 3 72                   -> T 4 7 72                                3.1 ms
    M 0 1048576 2              -> M -2097152 186263153                  320.7 ms
    Q 2                        -> Q 2                                     2.1 ms
    J 8                        -> J 8                                     2.0 ms
    U 16                       -> U 16                                    1.9 ms
    Y 0                        -> Y 0                                     1.9 ms
    B 2 3                      -> B ok                                    3.5 ms
    T 0 3 72                   -> T 4 7 72                                3.0 ms
    M 0 1048576 2              -> M -2097152 186263121                  320.8 ms
    Q 2                        -> Q 2                                     1.7 ms
    J 8                        -> J 8                                     2.1 ms
    U 16                       -> U 16                                    2.3 ms
    Y 0                        -> Y 0                                     2.0 ms
    B 2 5                      -> B ok                                    3.7 ms
    T 0 1 72                   -> T 4 5 72                                2.7 ms
    M 0 1048576 2              -> M -2097152 176706641                  304.9 ms
     11     2   -14679634           1772.6     4.14     16.56      80.3   CHANGED by 430
    Q 0                        -> Q 0                                     1.7 ms
    U 0                        -> U 0                                     1.9 ms
    Y 0                        -> Y 0                                     1.9 ms
    B 0 0                      -> B ok                                    3.5 ms
    T 0 9 96                   -> T 4 13 96                               3.2 ms
    M 0 1048576 4              -> M -11534336 60630451                  110.1 ms
    Q 0                        -> Q 0                                     1.9 ms
    U 0                        -> U 0                                     2.0 ms
    Y 0                        -> Y 0                                     1.9 ms
    B 1 0                      -> B ok                                    3.2 ms
    T 2 11 96                  -> T 6 16 96                               3.3 ms
    M 0 1048576 4              -> M -11534336 67619687                  121.2 ms
    Q 2                        -> Q 2                                     2.4 ms
    J 8                        -> J 8                                     2.0 ms
    U 16                       -> U 16                                    1.8 ms
    Y 0                        -> Y 0                                     1.9 ms
    B 2 0                      -> B ok                                    3.6 ms
    T 0 4 64                   -> T 4 8 64                                2.6 ms
    M 0 1048576 4              -> M -11534336 192957713                 330.9 ms
    Q 2                        -> Q 2                                     2.6 ms
    J 8                        -> J 8                                     2.0 ms
    U 16                       -> U 16                                    2.2 ms
    Y 0                        -> Y 0                                     1.7 ms
    B 2 1                      -> B ok                                    3.6 ms
    T 0 2 72                   -> T 4 6 72                                3.0 ms
    M 0 1048576 4              -> M -11534336 174756232                 300.6 ms
    Q 2                        -> Q 2                                     1.6 ms
    J 8                        -> J 8                                     1.9 ms
    U 16                       -> U 16                                    1.8 ms
    Y 0                        -> Y 0                                     1.9 ms
    B 2 2                      -> B ok                                    3.5 ms
    T 0 3 72                   -> T 4 7 72                                3.0 ms
    M 0 1048576 4              -> M -11534336 181675364                 311.7 ms
    Q 2                        -> Q 2                                     1.7 ms
    J 8                        -> J 8                                     2.1 ms
    U 16                       -> U 16                                    2.1 ms
    Y 0                        -> Y 0                                     2.2 ms
    B 2 3                      -> B ok                                    3.3 ms
    T 0 3 72                   -> T 4 7 72                                3.1 ms
    M 0 1048576 4              -> M -11534336 181675359                 313.7 ms
    Q 2                        -> Q 2                                     1.8 ms
    J 8                        -> J 8                                     1.7 ms
    U 16                       -> U 16                                    2.3 ms
    Y 0                        -> Y 0                                     2.1 ms
    B 2 5                      -> B ok                                    3.7 ms
    T 0 1 72                   -> T 4 5 72                                3.0 ms
    M 0 1048576 4              -> M -11534336 172118872                 295.9 ms
     12     4   -80740352           1719.1     4.27      8.54      79.7   same
    Q 0                        -> Q 0                                     1.6 ms
    U 0                        -> U 0                                     2.0 ms
    Y 0                        -> Y 0                                     2.1 ms
    B 0 0                      -> B ok                                    3.5 ms
    T 0 9 96                   -> T 4 13 96                               3.1 ms
    M 0 1048576 2              -> M -2097152 65218240                   118.1 ms
    Q 0                        -> Q 0                                     1.8 ms
    U 0                        -> U 0                                     1.9 ms
    Y 0                        -> Y 0                                     2.0 ms
    B 1 0                      -> B ok                                    3.5 ms
    T 2 11 96                  -> T 6 16 96                               3.2 ms
    M 0 1048576 2              -> M -2097152 72207706                   127.7 ms
    Q 2                        -> Q 2                                     2.0 ms
    J 8                        -> J 8                                     2.2 ms
    U 16                       -> U 16                                    1.9 ms
    Y 0                        -> Y 0                                     2.1 ms
    B 2 0                      -> B ok                                    3.4 ms
    T 0 4 64                   -> T 4 8 64                                3.1 ms
    M 0 1048576 2              -> M -2097152 197545486                  338.4 ms
    Q 2                        -> Q 2                                     1.9 ms
    J 8                        -> J 8                                     2.0 ms
    U 16                       -> U 16                                    1.9 ms
    Y 0                        -> Y 0                                     2.2 ms
    B 2 1                      -> B ok                                    3.4 ms
    T 0 2 72                   -> T 4 6 72                                2.6 ms
    M 0 1048576 2              -> M -2097152 179343957                  307.5 ms
    Q 2                        -> Q 2                                     2.2 ms
    J 8                        -> J 8                                     2.1 ms
    U 16                       -> U 16                                    2.1 ms
    Y 0                        -> Y 0                                     1.7 ms
    B 2 2                      -> B ok                                    3.3 ms
    T 0 3 72                   -> T 4 7 72                                3.0 ms
    M 0 1048576 2              -> M -2097152 186263156                  320.0 ms
    Q 2                        -> Q 2                                     2.0 ms
    J 8                        -> J 8                                     1.9 ms
    U 16                       -> U 16                                    1.8 ms
    Y 0                        -> Y 0                                     1.9 ms
    B 2 3                      -> B ok                                    3.5 ms
    T 0 3 72                   -> T 4 7 72                                2.8 ms
    M 0 1048576 2              -> M -2097152 186263159                  320.9 ms
    Q 2                        -> Q 2                                     1.9 ms
    J 8                        -> J 8                                     2.2 ms
    U 16                       -> U 16                                    2.2 ms
    Y 0                        -> Y 0                                     1.9 ms
    B 2 5                      -> B ok                                    3.6 ms
    T 0 1 72                   -> T 4 5 72                                3.0 ms
    M 0 1048576 2              -> M -2097152 176706633                  301.9 ms
     12     2   -14680064           1772.6     4.14     16.56      75.9   same
    Q 0                        -> Q 0                                     2.0 ms
    U 0                        -> U 0                                     2.2 ms
    Y 0                        -> Y 0                                     1.9 ms
    B 0 0                      -> B ok                                    3.6 ms
    T 0 9 96                   -> T 4 13 96                               2.7 ms
    M 0 1048576 4              -> M -11534336 60630447                  111.4 ms
    Q 0                        -> Q 0                                     1.8 ms
    U 0                        -> U 0                                     1.8 ms
    Y 0                        -> Y 0                                     2.2 ms
    B 1 0                      -> B ok                                    3.5 ms
    T 2 11 96                  -> T 6 16 96                               3.4 ms
    M 0 1048576 4              -> M -11534336 67619721                  122.9 ms
    Q 2                        -> Q 2                                     1.8 ms
    J 8                        -> J 8                                     2.1 ms
    U 16                       -> U 16                                    2.4 ms
    Y 0                        -> Y 0                                     2.0 ms
    B 2 0                      -> B ok                                    3.6 ms
    T 0 4 64                   -> T 4 8 64                                3.1 ms
    M 0 1048576 4              -> M -11534336 192957743                 332.5 ms
    Q 2                        -> Q 2                                     1.6 ms
    J 8                        -> J 8                                     2.0 ms
    U 16                       -> U 16                                    1.9 ms
    Y 0                        -> Y 0                                     2.0 ms
    B 2 1                      -> B ok                                    3.4 ms
    T 0 2 72                   -> T 4 6 72                                3.0 ms
    M 0 1048576 4              -> M -11534336 174756239                 300.1 ms
    Q 2                        -> Q 2                                     1.9 ms
    J 8                        -> J 8                                     2.0 ms
    U 16                       -> U 16                                    2.0 ms
    Y 0                        -> Y 0                                     2.0 ms
    B 2 2                      -> B ok                                    3.5 ms
    T 0 3 72                   -> T 4 7 72                                2.9 ms
    M 0 1048576 4              -> M -11534336 181675357                 313.7 ms
    Q 2                        -> Q 2                                     1.7 ms
    J 8                        -> J 8                                     1.9 ms
    U 16                       -> U 16                                    2.1 ms
    Y 0                        -> Y 0                                     2.0 ms
    B 2 3                      -> B ok                                    3.5 ms
    T 0 3 72                   -> T 4 7 72                                2.9 ms
    M 0 1048576 4              -> M -11534336 181675360                 310.7 ms
    Q 2                        -> Q 2                                     1.6 ms
    J 8                        -> J 8                                     1.6 ms
    U 16                       -> U 16                                    1.9 ms
    Y 0                        -> Y 0                                     1.7 ms
    B 2 5                      -> B ok                                    3.5 ms
    T 0 1 72                   -> T 4 5 72                                2.7 ms
    M 0 1048576 4              -> M -11534336 172118842                 296.2 ms
     13     4   -80740352           1719.1     4.27      8.54      86.1   same
    Q 0                        -> Q 0                                     1.7 ms
    U 0                        -> U 0                                     2.0 ms
    Y 0                        -> Y 0                                     1.9 ms
    B 0 0                      -> B ok                                    3.5 ms
    T 0 9 96                   -> T 4 13 96                               3.1 ms
    M 0 1048576 2              -> M -2097152 65218241                   118.4 ms
    Q 0                        -> Q 0                                     1.8 ms
    U 0                        -> U 0                                     2.0 ms
    Y 0                        -> Y 0                                     2.0 ms
    B 1 0                      -> B ok                                    3.6 ms
    T 2 11 96                  -> T 6 16 96                               3.3 ms
    M 0 1048576 2              -> M -2097152 72207699                   115.4 ms
    Q 2                        -> Q 2                                     1.6 ms
    J 8                        -> J 8                                     1.8 ms
    U 16                       -> U 16                                    1.9 ms
    Y 0                        -> Y 0                                     2.2 ms
    B 2 0                      -> B ok                                    3.4 ms
    T 0 4 64                   -> T 4 8 64                                2.7 ms
    M 0 1048576 2              -> M -2097152 197545498                  338.6 ms
    Q 2                        -> Q 2                                     1.7 ms
    J 8                        -> J 8                                     1.7 ms
    U 16                       -> U 16                                    2.1 ms
    Y 0                        -> Y 0                                     1.7 ms
    B 2 1                      -> B ok                                    3.5 ms
    T 0 2 72                   -> T 4 6 72                                2.5 ms
    M 0 1048576 2              -> M -2097152 179343984                  307.2 ms
    Q 2                        -> Q 2                                     1.9 ms
    J 8                        -> J 8                                     2.0 ms
    U 16                       -> U 16                                    2.2 ms
    Y 0                        -> Y 0                                     2.0 ms
    B 2 2                      -> B ok                                    3.5 ms
    T 0 3 72                   -> T 4 7 72                                2.7 ms
    M 0 1048576 2              -> M -2097152 186263138                  320.7 ms
    Q 2                        -> Q 2                                     1.9 ms
    J 8                        -> J 8                                     2.1 ms
    U 16                       -> U 16                                    2.3 ms
    Y 0                        -> Y 0                                     2.1 ms
    B 2 3                      -> B ok                                    3.6 ms
    T 0 3 72                   -> T 4 7 72                                3.0 ms
    M 0 1048576 2              -> M -2097152 186263173                  320.7 ms
    Q 2                        -> Q 2                                     1.6 ms
    J 8                        -> J 8                                     1.8 ms
    U 16                       -> U 16                                    2.3 ms
    Y 0                        -> Y 0                                     2.1 ms
    B 2 5                      -> B ok                                    3.1 ms
    T 0 1 72                   -> T 4 5 72                                2.9 ms
    M 0 1048576 2              -> M -2097152 176706586                  303.0 ms
     13     2   -14680064           1772.6     4.14     16.56      77.4   same
  0 of 13 rounds returned a different answer at 4 bits and 1 at 2.
  The rates above are throughput over bytes that are not the bytes that were written.

  per bank, read plus multiply-accumulate
    bank   mode     4-bit MB/s   2-bit MB/s
    CS0    quad          10.38         9.65
    CS1    quad           9.30         8.71
    Y0     single 0x0B        3.26         3.18
    Y1     single 0x0B        3.60         3.51
    Y2     single 0x0B        3.46         3.38
    Y3     single 0x0B        3.46         3.38
    Y5     single 0x0B        3.66         3.56

  where to put a model, fastest bank first
    size MB   banks used   seconds a pass   effective MB/s
          8            1             0.77            10.38
         16            2             1.63             9.81
         24            3             3.82             6.28
         32            4             6.04             5.30
         40            5             8.35             4.79
         48            6            10.66             4.50
         56            7            13.12             4.27
    Spreading a model that would fit in the fast banks over all of them costs real time:
    a sequential pass is the SUM of the per-bank times, so the slow banks set its length.

  RESULT over 7 banks, 7.3 MB of weights a pass, 56 MB addressable
    4-bit    8.54 MMAC/s
    2-bit   16.56 MMAC/s
    2-bit is 1.94x the 4-bit rate over the same bytes
    kernels verified against this board's own arithmetic: yes
    answer identical in every round: NO -- 1 rounds drifted, so this configuration is not usable
