> I
< I bench-one worker 1 nsel 10 banksz 8388608 blk 8192 bits 4,2 fcpu 600000000
> P 0 0
< P 1 13 93 83 50
> P 1 0
< P 1 13 93 83 50
> P 2 0
< P 1 13 93 83 49
> P 2 1
< P 1 13 93 83 49
> P 2 2
< P 1 13 93 83 49
> P 2 3
< P 1 13 93 83 49
> P 2 4
< P 1 13 93 83 49
> P 2 5
< P 1 13 93 83 49
> P 2 6
< P 0 0 0 0 0
> P 2 7
< P 0 0 0 0 0
> Q 0
< Q 0
> U 0
< U 0
> Y 0
< Y 0
> B 0 0
< B ok
> T 11 14 16
< T 16 24 16
> T 11 0 16
< T 16 4 16
> F 0 32768
< F 2696765
> V 0 32768
< V 26270 1584706
> T 11 1 16
< T 16 5 16
> F 0 32768
< F 2696800
> V 0 32768
< V 27814 1811977
> T 11 2 16
< T 16 6 16
> F 0 32768
< F 2696799
> V 0 32768
< V 24273 1857047
> T 11 3 16
< T 16 7 16
> F 0 32768
< F 2696771
> V 0 32768
< V 24690 1918490
> T 11 4 16
< T 16 8 16
> F 0 32768
< F 2696799
> V 0 32768
< V 25477 2045718
> T 11 5 16
< T 16 9 16
> F 0 32768
< F 2696795
> V 0 32768
< V 23672 2127513
> T 11 6 16
< T 16 10 16
> F 0 32768
< F 2696768
> V 0 32768
< V 16431 2395738
> T 11 7 16
< T 16 11 16
> F 0 32768
< F 2696772
> V 0 32768
< V 11726 2476872
> T 11 8 16
< T 16 12 16
> F 0 32768
< F 2696767
> V 0 32768
< V 0 2801519
> T 0 8 16
< T 4 12 16
> F 0 32768
< F 1035761
> V 0 32768
< V 0 2801495
> T 0 8 16
< T 4 12 16
> R 96
< R 96 5175
> R 32
< R 32 2119
> W 96
< W 96 2379
> W 32
< W 32 907
> Q 0
< Q 0
> U 0
< U 0
> Y 0
< Y 0
> B 0 0
< B ok
> T 0 8 96
< T 4 12 96
> F 0 262144
< F 6846041
> V 0 262144
< V 0 14673222
> V 0 262144
< V 1 14673268
> T 0 9 16
< T 4 13 16
> R 96
< R 96 5396
> R 32
< R 32 2211
> W 96
< W 96 2379
> W 32
< W 32 907
> Q 0
< Q 0
> U 0
< U 0
> Y 0
< Y 0
> B 0 0
< B ok
> T 0 9 96
< T 4 13 96
> F 0 262144
< F 6846049
> V 0 262144
< V 0 15256723
> V 0 262144
< V 0 15256708
> V 0 262144
< V 0 15256742
> V 0 262144
< V 0 15256717
> Q 0
< Q 0
> U 0
< U 0
> Y 0
< Y 0
> B 1 0
< B ok
> T 11 14 16
< T 16 24 16
> T 11 0 16
< T 16 4 16
> F 0 32768
< F 2696790
> V 0 32768
< V 1790 1584674
> T 11 1 16
< T 16 5 16
> F 0 32768
< F 2696768
> V 0 32768
< V 12818 1811984
> T 11 2 16
< T 16 6 16
> F 0 32768
< F 2696762
> V 0 32768
< V 11872 1857046
> T 11 3 16
< T 16 7 16
> F 0 32768
< F 2696771
> V 0 32768
< V 15552 1918489
> T 11 4 16
< T 16 8 16
> F 0 32768
< F 2696769
> V 0 32768
< V 13645 2045749
> T 11 5 16
< T 16 9 16
> F 0 32768
< F 2696771
> V 0 32768
< V 7676 2127512
> T 11 6 16
< T 16 10 16
> F 0 32768
< F 2696804
> V 0 32768
< V 3988 2395729
> T 11 7 16
< T 16 11 16
> F 0 32768
< F 2696802
> V 0 32768
< V 2041 2476870
> T 11 8 16
< T 16 12 16
> F 0 32768
< F 2696764
> V 0 32768
< V 2048 2801501
> T 11 9 16
< T 16 13 16
> F 0 32768
< F 2696801
> V 0 32768
< V 880 2911904
> T 11 10 16
< T 16 14 16
> F 0 32768
< F 2696800
> V 0 32768
< V 16 3108489
> T 11 11 16
< T 16 16 16
> F 0 32768
< F 2696800
> V 0 32768
< V 0 3237650
> T 0 11 16
< T 4 16 16
> F 0 32768
< F 1035730
> V 0 32768
< V 0 3237641
> T 0 11 16
< T 4 16 16
> R 96
< R 96 6013
> R 32
< R 32 2445
> W 96
< W 96 2379
> W 32
< W 32 907
> Q 0
< Q 0
> U 0
< U 0
> Y 0
< Y 0
> B 1 0
< B ok
> T 0 11 96
< T 4 16 96
> F 0 262144
< F 6846017
> V 0 262144
< V 0 17004013
> V 0 262144
< V 0 17003983
> V 0 262144
< V 0 17003985
> V 0 262144
< V 0 17004020
> Q 0
< Q 0
> U 0
< U 0
> Y 0
< Y 0
> B 2 0
< B ok
> T 11 14 16
< T 16 24 16
> T 11 0 16
< T 16 4 16
> F 0 32768
< F 2696799
> V 0 32768
< V 32640 1584709
> T 11 1 16
< T 16 5 16
> F 0 32768
< F 2696800
> V 0 32768
< V 32512 1811984
> T 11 2 16
< T 16 6 16
> F 0 32768
< F 2696797
> V 0 32768
< V 32640 1857091
> T 11 3 16
< T 16 7 16
> F 0 32768
< F 2696791
> V 0 32768
< V 32764 1918485
> T 11 4 16
< T 16 8 16
> F 0 32768
< F 2696768
> V 0 32768
< V 32640 2045755
> T 11 5 16
< T 16 9 16
> F 0 32768
< F 2696770
> V 0 32768
< V 32640 2127473
> T 11 6 16
< T 16 10 16
> F 0 32768
< F 2696767
> V 0 32768
< V 32640 2395736
> T 11 7 16
< T 16 11 16
> F 0 32768
< F 2696800
> V 0 32768
< V 32640 2476869
> T 11 8 16
< T 16 12 16
> F 0 32768
< F 2696803
> V 0 32768
< V 32641 2801503
> T 11 9 16
< T 16 13 16
> F 0 32768
< F 2696765
> V 0 32768
< V 32640 2911924
> T 11 10 16
< T 16 14 16
> F 0 32768
< F 2696793
> V 0 32768
< V 32640 3108457
> T 11 11 16
< T 16 16 16
> F 0 32768
< F 2696765
> V 0 32768
< V 32640 3237653
> T 11 12 16
< T 16 18 16
> F 0 32768
< F 2696770
> V 0 32768
< V 32640 3532459
> T 11 13 16
< T 16 20 16
> F 0 32768
< F 2696792
> V 0 32768
< V 32640 3573646
> T 11 14 16
< T 16 24 16
> F 0 32768
< F 2696803
> V 0 32768
< V 32764 4660983
> Q 0
< Q 0
> U 16
< U 16
> Y 0
< Y 0
> B 2 0
< B ok
> T 11 14 16
< T 16 24 16
> T 11 0 16
< T 16 4 16
> F 0 32768
< F 2807368
> V 0 32768
< V 32383 1695292
> T 11 1 16
< T 16 5 16
> F 0 32768
< F 2807404
> V 0 32768
< V 32513 1920532
> T 11 2 16
< T 16 6 16
> F 0 32768
< F 2807403
> V 0 32768
< V 32640 1965615
> T 11 3 16
< T 16 7 16
> F 0 32768
< F 2807370
> V 0 32768
< V 32766 2027038
> T 11 4 16
< T 16 8 16
> F 0 32768
< F 2807402
> V 0 32768
< V 32640 2156348
> T 11 5 16
< T 16 9 16
> F 0 32768
< F 2807373
> V 0 32768
< V 32640 2238138
> T 11 6 16
< T 16 10 16
> F 0 32768
< F 2807405
> V 0 32768
< V 32640 2506337
> T 11 7 16
< T 16 11 16
> F 0 32768
< F 2807401
> V 0 32768
< V 32640 2587488
> T 11 8 16
< T 16 12 16
> F 0 32768
< F 2807370
> V 0 32768
< V 32641 2912118
> T 11 9 16
< T 16 13 16
> F 0 32768
< F 2807369
> V 0 32768
< V 32640 3022530
> T 11 10 16
< T 16 14 16
> F 0 32768
< F 2807399
> V 0 32768
< V 32640 3217018
> T 11 11 16
< T 16 16 16
> F 0 32768
< F 2807392
> V 0 32768
< V 32641 3348287
> T 11 12 16
< T 16 18 16
> F 0 32768
< F 2807401
> V 0 32768
< V 32640 3643057
> T 11 13 16
< T 16 20 16
> F 0 32768
< F 2807400
> V 0 32768
< V 32640 3684219
> T 11 14 16
< T 16 24 16
> F 0 32768
< F 2807398
> V 0 32768
< V 32766 4773629
> Q 1
< Q 1
> U 0
< U 0
> Y 0
< Y 0
> B 2 0
< B ok
> T 11 14 16
< T 16 24 16
> T 11 0 16
< T 16 4 16
> F 0 32768
< F 7853902
> V 0 32768
< V 32640 5828366
> T 11 1 16
< T 16 5 16
> F 0 32768
< F 7853898
> V 0 32768
< V 32640 6119191
> T 11 2 16
< T 16 6 16
> F 0 32768
< F 7853890
> V 0 32768
< V 32640 6221609
> T 11 3 16
< T 16 7 16
> F 0 32768
< F 7853899
> V 0 32768
< V 32640 6512438
> T 11 4 16
< T 16 8 16
> F 0 32768
< F 7853892
> V 0 32768
< V 32640 6876967
> T 11 5 16
< T 16 9 16
> F 0 32768
< F 7853899
> V 0 32768
< V 32640 7169915
> T 11 6 16
< T 16 10 16
> F 0 32768
< F 7853899
> V 0 32768
< V 32640 7499750
> T 11 7 16
< T 16 11 16
> F 0 32768
< F 7853895
> V 0 32768
< V 32640 7825285
> T 11 8 16
< T 16 12 16
> F 0 32768
< F 7853899
> V 0 32768
< V 32640 8155037
> T 11 9 16
< T 16 13 16
> F 0 32768
< F 7853924
> V 0 32768
< V 32640 8480702
> T 11 10 16
< T 16 14 16
> F 0 32768
< F 7853898
> V 0 32768
< V 32640 8804239
> T 11 11 16
< T 16 16 16
> F 0 32768
< F 7853898
> V 0 32768
< V 32640 9459647
> T 11 12 16
< T 16 18 16
> F 0 32768
< F 7853896
> V 0 32768
< V 32624 10121226
> T 11 13 16
< T 16 20 16
> F 0 32768
< F 7853897
> V 0 32768
< V 32624 10913842
> T 11 14 16
< T 16 24 16
> F 0 32768
< F 7853894
> V 0 32768
< V 32624 13265043
> Q 1
< Q 1
> U 16
< U 16
> Y 0
< Y 0
> B 2 0
< B ok
> T 11 14 16
< T 16 24 16
> T 11 0 16
< T 16 4 16
> F 0 32768
< F 7968623
> V 0 32768
< V 28534 5938971
> T 11 1 16
< T 16 5 16
> F 0 32768
< F 7968589
> V 0 32768
< V 8193 6229806
> T 11 2 16
< T 16 6 16
> F 0 32768
< F 7968623
> V 0 32768
< V 27 6332214
> T 11 3 16
< T 16 7 16
> F 0 32768
< F 7968620
> V 0 32768
< V 0 6623036
> T 0 3 16
< T 4 7 16
> F 0 32768
< F 4073104
> V 0 32768
< V 0 6623028
> T 0 3 16
< T 4 7 16
> R 96
< R 96 16222
> R 32
< R 32 5980
> W 96
< W 96 9574
> W 32
< W 32 3508
> Q 1
< Q 1
> U 16
< U 16
> Y 0
< Y 0
> B 2 0
< B ok
> T 0 3 72
< T 4 7 72
> F 0 262144
< F 26411754
> V 0 262144
< V 1 45422648
> T 0 4 16
< T 4 8 16
> R 96
< R 96 17127
> R 32
< R 32 6309
> W 96
< W 96 9573
> W 32
< W 32 3508
> Q 1
< Q 1
> U 16
< U 16
> Y 0
< Y 0
> B 2 0
< B ok
> T 0 4 64
< T 4 8 64
> F 0 262144
< F 26628588
> V 0 262144
< V 1 48186990
> T 0 5 16
< T 4 9 16
> R 96
< R 96 17823
> R 32
< R 32 6555
> W 96
< W 96 9574
> W 32
< W 32 3508
> Q 1
< Q 1
> U 16
< U 16
> Y 0
< Y 0
> B 2 0
< B ok
> T 0 5 64
< T 4 9 64
> F 0 262144
< F 26628608
> V 0 262144
< V 1 50149376
> T 0 6 16
< T 4 10 16
> R 96
< R 96 18626
> R 32
< R 32 6850
> W 96
< W 96 9574
> W 32
< W 32 3508
> Q 1
< Q 1
> U 16
< U 16
> Y 0
< Y 0
> B 2 0
< B ok
> T 0 6 56
< T 4 10 56
> F 0 262144
< F 26922893
> V 0 262144
< V 1 52802933
> T 0 7 16
< T 4 11 16
> R 96
< R 96 19424
> R 32
< R 32 7136
> W 96
< W 96 9573
> W 32
< W 32 3508
> Q 1
< Q 1
> U 16
< U 16
> Y 0
< Y 0
> B 2 0
< B ok
> T 0 7 56
< T 4 11 56
> F 0 262144
< F 26922886
> V 0 262144
< V 1 55045011
> T 0 8 16
< T 4 12 16
> R 96
< R 96 20226
> R 32
< R 32 7426
> W 96
< W 96 9573
> W 32
< W 32 3508
> Q 1
< Q 1
> U 16
< U 16
> Y 0
< Y 0
> B 2 0
< B ok
> T 0 8 56
< T 4 12 56
> F 0 262144
< F 26922881
> V 0 262144
< V 1 57297524
> T 0 9 16
< T 4 13 16
> R 96
< R 96 21027
> R 32
< R 32 7714
> W 96
< W 96 9573
> W 32
< W 32 3508
> Q 1
< Q 1
> U 16
< U 16
> Y 0
< Y 0
> B 2 0
< B ok
> T 0 9 48
< T 4 13 48
> F 0 262144
< F 27294626
> V 0 262144
< V 0 60144319
> V 0 262144
< V 0 60144296
> V 0 262144
< V 0 60144308
> V 0 262144
< V 0 60144302
> Q 2
< Q 2
> J 8
< J 8
> U 0
< U 0
> Y 0
< Y 0
> B 2 0
< B ok
> T 11 14 16
< T 16 24 16
> T 11 0 16
< T 16 4 16
> F 0 32768
< F 7853898
> V 0 32768
< V 32640 5969661
> T 11 1 16
< T 16 5 16
> F 0 32768
< F 7853896
> V 0 32768
< V 32640 6254350
> T 11 2 16
< T 16 6 16
> F 0 32768
< F 7853899
> V 0 32768
< V 32640 6395689
> T 11 3 16
< T 16 7 16
> F 0 32768
< F 7853903
> V 0 32768
< V 32640 6680347
> T 11 4 16
< T 16 8 16
> F 0 32768
< F 7853894
> V 0 32768
< V 32640 7051038
> T 11 5 16
< T 16 9 16
> F 0 32768
< F 7853902
> V 0 32768
< V 32640 7368531
> T 11 6 16
< T 16 10 16
> F 0 32768
< F 7853899
> V 0 32768
< V 32640 7739239
> T 11 7 16
< T 16 11 16
> F 0 32768
< F 7853902
> V 0 32768
< V 32640 8056739
> T 11 8 16
< T 16 12 16
> F 0 32768
< F 7853892
> V 0 32768
< V 32624 8427445
> T 11 9 16
< T 16 13 16
> F 0 32768
< F 7853898
> V 0 32768
< V 32640 8775624
> T 11 10 16
< T 16 14 16
> F 0 32768
< F 7853902
> V 0 32768
< V 32640 9152514
> T 11 11 16
< T 16 16 16
> F 0 32768
< F 7853901
> V 0 32768
< V 32640 9840623
> T 11 12 16
< T 16 18 16
> F 0 32768
< F 7853894
> V 0 32768
< V 32640 10524654
> T 11 13 16
< T 16 20 16
> F 0 32768
< F 7853897
> V 0 32768
< V 32624 11288699
> T 11 14 16
< T 16 24 16
> F 0 32768
< F 7853897
> V 0 32768
< V 32624 13705387
> Q 2
< Q 2
> J 8
< J 8
> U 16
< U 16
> Y 0
< Y 0
> B 2 0
< B ok
> T 11 14 16
< T 16 24 16
> T 11 0 16
< T 16 4 16
> F 0 32768
< F 7968586
> V 0 32768
< V 28920 6080267
> T 11 1 16
< T 16 5 16
> F 0 32768
< F 7968590
> V 0 32768
< V 20224 6364972
> T 11 2 16
< T 16 6 16
> F 0 32768
< F 7968613
> V 0 32768
< V 8332 6506286
> T 11 3 16
< T 16 7 16
> F 0 32768
< F 7968586
> V 0 32768
< V 0 6790956
> T 0 3 16
< T 4 7 16
> F 0 32768
< F 4073071
> V 0 32768
< V 0 6790960
> T 0 3 16
< T 4 7 16
> R 96
< R 96 16226
> R 32
< R 32 6050
> W 96
< W 96 9574
> W 32
< W 32 3508
> Q 2
< Q 2
> J 8
< J 8
> U 16
< U 16
> Y 0
< Y 0
> B 2 0
< B ok
> T 0 3 72
< T 4 7 72
> F 0 262144
< F 26411749
> V 0 262144
< V 0 45517911
> V 0 262144
< V 0 45517951
> V 0 262144
< V 0 45517945
> V 0 262144
< V 0 45517940
> Q 0
< Q 0
> U 0
< U 0
> Y 0
< Y 0
> B 2 1
< B ok
> T 11 14 16
< T 16 24 16
> T 11 0 16
< T 16 4 16
> F 0 32768
< F 2696769
> V 0 32768
< V 32640 1584710
> T 11 1 16
< T 16 5 16
> F 0 32768
< F 2696801
> V 0 32768
< V 32514 1811983
> T 11 2 16
< T 16 6 16
> F 0 32768
< F 2696769
> V 0 32768
< V 32640 1857046
> T 11 3 16
< T 16 7 16
> F 0 32768
< F 2696801
> V 0 32768
< V 32766 1918488
> T 11 4 16
< T 16 8 16
> F 0 32768
< F 2696801
> V 0 32768
< V 32640 2045719
> T 11 5 16
< T 16 9 16
> F 0 32768
< F 2696799
> V 0 32768
< V 32640 2127473
> T 11 6 16
< T 16 10 16
> F 0 32768
< F 2696768
> V 0 32768
< V 32640 2395739
> T 11 7 16
< T 16 11 16
> F 0 32768
< F 2696803
> V 0 32768
< V 32640 2476868
> T 11 8 16
< T 16 12 16
> F 0 32768
< F 2696768
> V 0 32768
< V 32642 2801517
> T 11 9 16
< T 16 13 16
> F 0 32768
< F 2696798
> V 0 32768
< V 32640 2911914
> T 11 10 16
< T 16 14 16
> F 0 32768
< F 2696766
> V 0 32768
< V 32640 3108454
> T 11 11 16
< T 16 16 16
> F 0 32768
< F 2696796
> V 0 32768
< V 32639 3237647
> T 11 12 16
< T 16 18 16
> F 0 32768
< F 2696800
> V 0 32768
< V 32640 3532444
> T 11 13 16
< T 16 20 16
> F 0 32768
< F 2696800
> V 0 32768
< V 32640 3573633
> T 11 14 16
< T 16 24 16
> F 0 32768
< F 2696767
> V 0 32768
< V 32768 4660989
> Q 0
< Q 0
> U 16
< U 16
> Y 0
< Y 0
> B 2 1
< B ok
> T 11 14 16
< T 16 24 16
> T 11 0 16
< T 16 4 16
> F 0 32768
< F 2807369
> V 0 32768
< V 32098 1695284
> T 11 1 16
< T 16 5 16
> F 0 32768
< F 2807374
> V 0 32768
< V 32257 1920534
> T 11 2 16
< T 16 6 16
> F 0 32768
< F 2807371
> V 0 32768
< V 32640 1965633
> T 11 3 16
< T 16 7 16
> F 0 32768
< F 2807372
> V 0 32768
< V 32767 2027069
> T 11 4 16
< T 16 8 16
> F 0 32768
< F 2807404
> V 0 32768
< V 32640 2156344
> T 11 5 16
< T 16 9 16
> F 0 32768
< F 2807372
> V 0 32768
< V 23882 2238138
> T 11 6 16
< T 16 10 16
> F 0 32768
< F 2807401
> V 0 32768
< V 22772 2506337
> T 11 7 16
< T 16 11 16
> F 0 32768
< F 2807402
> V 0 32768
< V 22770 2587469
> T 11 8 16
< T 16 12 16
> F 0 32768
< F 2807397
> V 0 32768
< V 12258 2912102
> T 11 9 16
< T 16 13 16
> F 0 32768
< F 2807403
> V 0 32768
< V 9336 3022529
> T 11 10 16
< T 16 14 16
> F 0 32768
< F 2807395
> V 0 32768
< V 9806 3217052
> T 11 11 16
< T 16 16 16
> F 0 32768
< F 2807372
> V 0 32768
< V 7448 3348273
> T 11 12 16
< T 16 18 16
> F 0 32768
< F 2807401
> V 0 32768
< V 22275 3643056
> T 11 13 16
< T 16 20 16
> F 0 32768
< F 2807399
> V 0 32768
< V 32640 3684220
> T 11 14 16
< T 16 24 16
> F 0 32768
< F 2807368
> V 0 32768
< V 32768 4773633
> Q 1
< Q 1
> U 0
< U 0
> Y 0
< Y 0
> B 2 1
< B ok
> T 11 14 16
< T 16 24 16
> T 11 0 16
< T 16 4 16
> F 0 32768
< F 7853892
> V 0 32768
< V 32640 5828341
> T 11 1 16
< T 16 5 16
> F 0 32768
< F 7853901
> V 0 32768
< V 32640 6119224
> T 11 2 16
< T 16 6 16
> F 0 32768
< F 7853898
> V 0 32768
< V 32640 6221602
> T 11 3 16
< T 16 7 16
> F 0 32768
< F 7853916
> V 0 32768
< V 32640 6512402
> T 11 4 16
< T 16 8 16
> F 0 32768
< F 7853897
> V 0 32768
< V 32640 6876996
> T 11 5 16
< T 16 9 16
> F 0 32768
< F 7853897
> V 0 32768
< V 32640 7169914
> T 11 6 16
< T 16 10 16
> F 0 32768
< F 7853896
> V 0 32768
< V 32640 7499750
> T 11 7 16
< T 16 11 16
> F 0 32768
< F 7853899
> V 0 32768
< V 32640 7825294
> T 11 8 16
< T 16 12 16
> F 0 32768
< F 7853899
> V 0 32768
< V 32640 8155006
> T 11 9 16
< T 16 13 16
> F 0 32768
< F 7853930
> V 0 32768
< V 32640 8480703
> T 11 10 16
< T 16 14 16
> F 0 32768
< F 7853898
> V 0 32768
< V 32640 8804243
> T 11 11 16
< T 16 16 16
> F 0 32768
< F 7853902
> V 0 32768
< V 32640 9459657
> T 11 12 16
< T 16 18 16
> F 0 32768
< F 7853899
> V 0 32768
< V 32624 10121246
> T 11 13 16
< T 16 20 16
> F 0 32768
< F 7853896
> V 0 32768
< V 32624 10913825
> T 11 14 16
< T 16 24 16
> F 0 32768
< F 7853926
> V 0 32768
< V 32624 13265061
> Q 1
< Q 1
> U 16
< U 16
> Y 0
< Y 0
> B 2 1
< B ok
> T 11 14 16
< T 16 24 16
> T 11 0 16
< T 16 4 16
> F 0 32768
< F 7968589
> V 0 32768
< V 0 5938972
> T 0 0 16
< T 4 4 16
> F 0 32768
< F 4073110
> V 0 32768
< V 0 5938930
> T 0 0 16
< T 4 4 16
> R 96
< R 96 14690
> R 32
< R 32 5409
> W 96
< W 96 9574
> W 32
< W 32 3508
> Q 1
< Q 1
> U 16
< U 16
> Y 0
< Y 0
> B 2 1
< B ok
> T 0 0 80
< T 4 4 80
> F 0 262144
< F 26241336
> V 0 262144
< V 159 40971843
> T 0 1 16
< T 4 5 16
> R 96
< R 96 15388
> R 32
< R 32 5660
> W 96
< W 96 9573
> W 32
< W 32 3508
> Q 1
< Q 1
> U 16
< U 16
> Y 0
< Y 0
> B 2 1
< B ok
> T 0 1 72
< T 4 5 72
> F 0 262144
< F 26411747
> V 0 262144
< V 1 43091830
> T 0 2 16
< T 4 6 16
> R 96
< R 96 15522
> R 32
< R 32 5729
> W 96
< W 96 9573
> W 32
< W 32 3508
> Q 1
< Q 1
> U 16
< U 16
> Y 0
< Y 0
> B 2 1
< B ok
> T 0 2 72
< T 4 6 72
> F 0 262144
< F 26411748
> V 0 262144
< V 1 43478020
> T 0 3 16
< T 4 7 16
> R 96
< R 96 16221
> R 32
< R 32 5982
> W 96
< W 96 9573
> W 32
< W 32 3508
> Q 1
< Q 1
> U 16
< U 16
> Y 0
< Y 0
> B 2 1
< B ok
> T 0 3 72
< T 4 7 72
> F 0 262144
< F 26411751
> V 0 262144
< V 1 45422642
> T 0 4 16
< T 4 8 16
> R 96
< R 96 17127
> R 32
< R 32 6309
> W 96
< W 96 9574
> W 32
< W 32 3508
> Q 1
< Q 1
> U 16
< U 16
> Y 0
< Y 0
> B 2 1
< B ok
> T 0 4 64
< T 4 8 64
> F 0 262144
< F 26628586
> V 0 262144
< V 1 48186987
> T 0 5 16
< T 4 9 16
> R 96
< R 96 17821
> R 32
< R 32 6559
> W 96
< W 96 9573
> W 32
< W 32 3508
> Q 1
< Q 1
> U 16
< U 16
> Y 0
< Y 0
> B 2 1
< B ok
> T 0 5 64
< T 4 9 64
> F 0 262144
< F 26628574
> V 0 262144
< V 1 50149371
> T 0 6 16
< T 4 10 16
> R 96
< R 96 18627
> R 32
< R 32 6850
> W 96
< W 96 9573
> W 32
< W 32 3540
> Q 1
< Q 1
> U 16
< U 16
> Y 0
< Y 0
> B 2 1
< B ok
> T 0 6 56
< T 4 10 56
> F 0 262144
< F 26922879
> V 0 262144
< V 1 52802931
> T 0 7 16
< T 4 11 16
> R 96
< R 96 19423
> R 32
< R 32 7134
> W 96
< W 96 9574
> W 32
< W 32 3508
> Q 1
< Q 1
> U 16
< U 16
> Y 0
< Y 0
> B 2 1
< B ok
> T 0 7 56
< T 4 11 56
> F 0 262144
< F 26922897
> V 0 262144
< V 0 55045022
> V 0 262144
< V 0 55044987
> V 0 262144
< V 0 55045019
> V 0 262144
< V 0 55045013
> Q 2
< Q 2
> J 8
< J 8
> U 0
< U 0
> Y 0
< Y 0
> B 2 1
< B ok
> T 11 14 16
< T 16 24 16
> T 11 0 16
< T 16 4 16
> F 0 32768
< F 7853900
> V 0 32768
< V 32640 5969664
> T 11 1 16
< T 16 5 16
> F 0 32768
< F 7853898
> V 0 32768
< V 32640 6254369
> T 11 2 16
< T 16 6 16
> F 0 32768
< F 7853894
> V 0 32768
< V 32576 6395673
> T 11 3 16
< T 16 7 16
> F 0 32768
< F 7853900
> V 0 32768
< V 32624 6680354
> T 11 4 16
< T 16 8 16
> F 0 32768
< F 7853898
> V 0 32768
< V 32640 7051073
> T 11 5 16
< T 16 9 16
> F 0 32768
< F 7853897
> V 0 32768
< V 32640 7368524
> T 11 6 16
< T 16 10 16
> F 0 32768
< F 7853898
> V 0 32768
< V 32640 7739238
> T 11 7 16
< T 16 11 16
> F 0 32768
< F 7853900
> V 0 32768
< V 32640 8056721
> T 11 8 16
< T 16 12 16
> F 0 32768
< F 7853900
> V 0 32768
< V 32640 8427396
> T 11 9 16
< T 16 13 16
> F 0 32768
< F 7853899
> V 0 32768
< V 32640 8775602
> T 11 10 16
< T 16 14 16
> F 0 32768
< F 7853898
> V 0 32768
< V 32640 9152505
> T 11 11 16
< T 16 16 16
> F 0 32768
< F 7853895
> V 0 32768
< V 32640 9840657
> T 11 12 16
< T 16 18 16
> F 0 32768
< F 7853903
> V 0 32768
< V 32640 10524686
> T 11 13 16
< T 16 20 16
> F 0 32768
< F 7853901
> V 0 32768
< V 32624 11288689
> T 11 14 16
< T 16 24 16
> F 0 32768
< F 7853898
> V 0 32768
< V 32624 13705390
> Q 2
< Q 2
> J 8
< J 8
> U 16
< U 16
> Y 0
< Y 0
> B 2 1
< B ok
> T 11 14 16
< T 16 24 16
> T 11 0 16
< T 16 4 16
> F 0 32768
< F 7968589
> V 0 32768
< V 16442 6080271
> T 11 1 16
< T 16 5 16
> F 0 32768
< F 7968590
> V 0 32768
< V 16336 6364984
> T 11 2 16
< T 16 6 16
> F 0 32768
< F 7968591
> V 0 32768
< V 0 6506283
> T 0 2 16
< T 4 6 16
> F 0 32768
< F 4073101
> V 0 32768
< V 0 6506286
> T 0 2 16
< T 4 6 16
> R 96
< R 96 15605
> R 32
< R 32 5813
> W 96
< W 96 9574
> W 32
< W 32 3508
> Q 2
< Q 2
> J 8
< J 8
> U 16
< U 16
> Y 0
< Y 0
> B 2 1
< B ok
> T 0 2 72
< T 4 6 72
> F 0 262144
< F 26411750
> V 0 262144
< V 0 43788158
> V 0 262144
< V 0 43788162
> V 0 262144
< V 0 43788141
> V 0 262144
< V 0 43788150
> Q 0
< Q 0
> U 0
< U 0
> Y 0
< Y 0
> B 2 2
< B ok
> T 11 14 16
< T 16 24 16
> T 11 0 16
< T 16 4 16
> F 0 32768
< F 2696764
> V 0 32768
< V 32640 1584702
> T 11 1 16
< T 16 5 16
> F 0 32768
< F 2696767
> V 0 32768
< V 32520 1811984
> T 11 2 16
< T 16 6 16
> F 0 32768
< F 2696800
> V 0 32768
< V 32715 1857042
> T 11 3 16
< T 16 7 16
> F 0 32768
< F 2696797
> V 0 32768
< V 32767 1918483
> T 11 4 16
< T 16 8 16
> F 0 32768
< F 2696764
> V 0 32768
< V 32641 2045751
> T 11 5 16
< T 16 9 16
> F 0 32768
< F 2696765
> V 0 32768
< V 32640 2127505
> T 11 6 16
< T 16 10 16
> F 0 32768
< F 2696801
> V 0 32768
< V 32639 2395739
> T 11 7 16
< T 16 11 16
> F 0 32768
< F 2696803
> V 0 32768
< V 32640 2476869
> T 11 8 16
< T 16 12 16
> F 0 32768
< F 2696799
> V 0 32768
< V 32640 2801472
> T 11 9 16
< T 16 13 16
> F 0 32768
< F 2696764
> V 0 32768
< V 32640 2911919
> T 11 10 16
< T 16 14 16
> F 0 32768
< F 2696802
> V 0 32768
< V 32640 3108459
> T 11 11 16
< T 16 16 16
> F 0 32768
< F 2696771
> V 0 32768
< V 32639 3237684
> T 11 12 16
< T 16 18 16
> F 0 32768
< F 2696769
> V 0 32768
< V 32640 3532447
> T 11 13 16
< T 16 20 16
> F 0 32768
< F 2696763
> V 0 32768
< V 32640 3573631
> T 11 14 16
< T 16 24 16
> F 0 32768
< F 2696765
> V 0 32768
< V 32763 4660948
> Q 0
< Q 0
> U 16
< U 16
> Y 0
< Y 0
> B 2 2
< B ok
> T 11 14 16
< T 16 24 16
> T 11 0 16
< T 16 4 16
> F 0 32768
< F 2807401
> V 0 32768
< V 32357 1695288
> T 11 1 16
< T 16 5 16
> F 0 32768
< F 2807370
> V 0 32768
< V 32383 1920546
> T 11 2 16
< T 16 6 16
> F 0 32768
< F 2807402
> V 0 32768
< V 32725 1965616
> T 11 3 16
< T 16 7 16
> F 0 32768
< F 2807404
> V 0 32768
< V 32762 2027066
> T 11 4 16
< T 16 8 16
> F 0 32768
< F 2807404
> V 0 32768
< V 32640 2156354
> T 11 5 16
< T 16 9 16
> F 0 32768
< F 2807405
> V 0 32768
< V 32640 2238142
> T 11 6 16
< T 16 10 16
> F 0 32768
< F 2807370
> V 0 32768
< V 32641 2506347
> T 11 7 16
< T 16 11 16
> F 0 32768
< F 2807404
> V 0 32768
< V 28581 2587462
> T 11 8 16
< T 16 12 16
> F 0 32768
< F 2807367
> V 0 32768
< V 21396 2912111
> T 11 9 16
< T 16 13 16
> F 0 32768
< F 2807405
> V 0 32768
< V 17374 3022538
> T 11 10 16
< T 16 14 16
> F 0 32768
< F 2807371
> V 0 32768
< V 18852 3217018
> T 11 11 16
< T 16 16 16
> F 0 32768
< F 2807373
> V 0 32768
< V 14255 3348266
> T 11 12 16
< T 16 18 16
> F 0 32768
< F 2807401
> V 0 32768
< V 12010 3643053
> T 11 13 16
< T 16 20 16
> F 0 32768
< F 2807401
> V 0 32768
< V 12882 3684222
> T 11 14 16
< T 16 24 16
> F 0 32768
< F 2807402
> V 0 32768
< V 18102 4773607
> Q 1
< Q 1
> U 0
< U 0
> Y 0
< Y 0
> B 2 2
< B ok
> T 11 14 16
< T 16 24 16
> T 11 0 16
< T 16 4 16
> F 0 32768
< F 7853900
> V 0 32768
< V 32640 5828379
> T 11 1 16
< T 16 5 16
> F 0 32768
< F 7853900
> V 0 32768
< V 32640 6119189
> T 11 2 16
< T 16 6 16
> F 0 32768
< F 7853904
> V 0 32768
< V 32640 6221577
> T 11 3 16
< T 16 7 16
> F 0 32768
< F 7853897
> V 0 32768
< V 32640 6512441
> T 11 4 16
< T 16 8 16
> F 0 32768
< F 7853897
> V 0 32768
< V 32640 6877001
> T 11 5 16
< T 16 9 16
> F 0 32768
< F 7853897
> V 0 32768
< V 32640 7169902
> T 11 6 16
< T 16 10 16
> F 0 32768
< F 7853891
> V 0 32768
< V 32640 7499750
> T 11 7 16
< T 16 11 16
> F 0 32768
< F 7853899
> V 0 32768
< V 32640 7825290
> T 11 8 16
< T 16 12 16
> F 0 32768
< F 7853894
> V 0 32768
< V 32640 8155055
> T 11 9 16
< T 16 13 16
> F 0 32768
< F 7853898
> V 0 32768
< V 32640 8480702
> T 11 10 16
< T 16 14 16
> F 0 32768
< F 7853898
> V 0 32768
< V 32640 8804242
> T 11 11 16
< T 16 16 16
> F 0 32768
< F 7853894
> V 0 32768
< V 32640 9459621
> T 11 12 16
< T 16 18 16
> F 0 32768
< F 7853898
> V 0 32768
< V 32640 10121249
> T 11 13 16
< T 16 20 16
> F 0 32768
< F 7853895
> V 0 32768
< V 32640 10913830
> T 11 14 16
< T 16 24 16
> F 0 32768
< F 7853933
> V 0 32768
< V 32640 13265047
> Q 1
< Q 1
> U 16
< U 16
> Y 0
< Y 0
> B 2 2
< B ok
> T 11 14 16
< T 16 24 16
> T 11 0 16
< T 16 4 16
> F 0 32768
< F 7968582
> V 0 32768
< V 24582 5938929
> T 11 1 16
< T 16 5 16
> F 0 32768
< F 7968590
> V 0 32768
< V 6547 6229802
> T 11 2 16
< T 16 6 16
> F 0 32768
< F 7968586
> V 0 32768
< V 0 6332167
> T 0 2 16
< T 4 6 16
> F 0 32768
< F 4073105
> V 0 32768
< V 0 6332167
> T 0 2 16
< T 4 6 16
> R 96
< R 96 15519
> R 32
< R 32 5727
> W 96
< W 96 9573
> W 32
< W 32 3508
> Q 1
< Q 1
> U 16
< U 16
> Y 0
< Y 0
> B 2 2
< B ok
> T 0 2 72
< T 4 6 72
> F 0 262144
< F 26411745
> V 0 262144
< V 9 43478020
> T 0 3 16
< T 4 7 16
> R 96
< R 96 16222
> R 32
< R 32 5979
> W 96
< W 96 9573
> W 32
< W 32 3508
> Q 1
< Q 1
> U 16
< U 16
> Y 0
< Y 0
> B 2 2
< B ok
> T 0 3 72
< T 4 7 72
> F 0 262144
< F 26411746
> V 0 262144
< V 1 45422604
> T 0 4 16
< T 4 8 16
> R 96
< R 96 17127
> R 32
< R 32 6310
> W 96
< W 96 9574
> W 32
< W 32 3508
> Q 1
< Q 1
> U 16
< U 16
> Y 0
< Y 0
> B 2 2
< B ok
> T 0 4 64
< T 4 8 64
> F 0 262144
< F 26628585
> V 0 262144
< V 1 48186971
> T 0 5 16
< T 4 9 16
> R 96
< R 96 17823
> R 32
< R 32 6555
> W 96
< W 96 9573
> W 32
< W 32 3508
> Q 1
< Q 1
> U 16
< U 16
> Y 0
< Y 0
> B 2 2
< B ok
> T 0 5 64
< T 4 9 64
> F 0 262144
< F 26628588
> V 0 262144
< V 1 50149362
> T 0 6 16
< T 4 10 16
> R 96
< R 96 18627
> R 32
< R 32 6850
> W 96
< W 96 9573
> W 32
< W 32 3508
> Q 1
< Q 1
> U 16
< U 16
> Y 0
< Y 0
> B 2 2
< B ok
> T 0 6 56
< T 4 10 56
> F 0 262144
< F 26922869
> V 0 262144
< V 1 52802918
> T 0 7 16
< T 4 11 16
> R 96
< R 96 19421
> R 32
< R 32 7135
> W 96
< W 96 9573
> W 32
< W 32 3508
> Q 1
< Q 1
> U 16
< U 16
> Y 0
< Y 0
> B 2 2
< B ok
> T 0 7 56
< T 4 11 56
> F 0 262144
< F 26922876
> V 0 262144
< V 0 55045016
> V 0 262144
< V 0 55045017
> V 0 262144
< V 0 55045023
> V 0 262144
< V 0 55045020
> Q 2
< Q 2
> J 8
< J 8
> U 0
< U 0
> Y 0
< Y 0
> B 2 2
< B ok
> T 11 14 16
< T 16 24 16
> T 11 0 16
< T 16 4 16
> F 0 32768
< F 7853889
> V 0 32768
< V 32640 5969665
> T 11 1 16
< T 16 5 16
> F 0 32768
< F 7853894
> V 0 32768
< V 32640 6254343
> T 11 2 16
< T 16 6 16
> F 0 32768
< F 7853904
> V 0 32768
< V 32640 6395699
> T 11 3 16
< T 16 7 16
> F 0 32768
< F 7853897
> V 0 32768
< V 32624 6680352
> T 11 4 16
< T 16 8 16
> F 0 32768
< F 7853898
> V 0 32768
< V 32640 7051064
> T 11 5 16
< T 16 9 16
> F 0 32768
< F 7853901
> V 0 32768
< V 32640 7368561
> T 11 6 16
< T 16 10 16
> F 0 32768
< F 7853897
> V 0 32768
< V 32640 7739240
> T 11 7 16
< T 16 11 16
> F 0 32768
< F 7853900
> V 0 32768
< V 32640 8056707
> T 11 8 16
< T 16 12 16
> F 0 32768
< F 7853894
> V 0 32768
< V 32640 8427400
> T 11 9 16
< T 16 13 16
> F 0 32768
< F 7853896
> V 0 32768
< V 32640 8775592
> T 11 10 16
< T 16 14 16
> F 0 32768
< F 7853895
> V 0 32768
< V 32640 9152478
> T 11 11 16
< T 16 16 16
> F 0 32768
< F 7853891
> V 0 32768
< V 32640 9840624
> T 11 12 16
< T 16 18 16
> F 0 32768
< F 7853901
> V 0 32768
< V 32640 10524659
> T 11 13 16
< T 16 20 16
> F 0 32768
< F 7853905
> V 0 32768
< V 32624 11288689
> T 11 14 16
< T 16 24 16
> F 0 32768
< F 7853904
> V 0 32768
< V 32624 13705381
> Q 2
< Q 2
> J 8
< J 8
> U 16
< U 16
> Y 0
< Y 0
> B 2 2
< B ok
> T 11 14 16
< T 16 24 16
> T 11 0 16
< T 16 4 16
> F 0 32768
< F 7968588
> V 0 32768
< V 25522 6080269
> T 11 1 16
< T 16 5 16
> F 0 32768
< F 7968592
> V 0 32768
< V 5349 6364938
> T 11 2 16
< T 16 6 16
> F 0 32768
< F 7968592
> V 0 32768
< V 7134 6506255
> T 11 3 16
< T 16 7 16
> F 0 32768
< F 7968623
> V 0 32768
< V 0 6790958
> T 0 3 16
< T 4 7 16
> F 0 32768
< F 4073104
> V 0 32768
< V 0 6790957
> T 0 3 16
< T 4 7 16
> R 96
< R 96 16224
> R 32
< R 32 6047
> W 96
< W 96 9574
> W 32
< W 32 3508
> Q 2
< Q 2
> J 8
< J 8
> U 16
< U 16
> Y 0
< Y 0
> B 2 2
< B ok
> T 0 3 72
< T 4 7 72
> F 0 262144
< F 26411728
> V 0 262144
< V 0 45517915
> V 0 262144
< V 0 45517933
> V 0 262144
< V 0 45517932
> V 0 262144
< V 0 45517921
> Q 0
< Q 0
> U 0
< U 0
> Y 0
< Y 0
> B 2 3
< B ok
> T 11 14 16
< T 16 24 16
> T 11 0 16
< T 16 4 16
> F 0 32768
< F 2696767
> V 0 32768
< V 32640 1584675
> T 11 1 16
< T 16 5 16
> F 0 32768
< F 2696766
> V 0 32768
< V 32513 1811999
> T 11 2 16
< T 16 6 16
> F 0 32768
< F 2696797
> V 0 32768
< V 32762 1857046
> T 11 3 16
< T 16 7 16
> F 0 32768
< F 2696800
> V 0 32768
< V 32765 1918515
> T 11 4 16
< T 16 8 16
> F 0 32768
< F 2696764
> V 0 32768
< V 32641 2045733
> T 11 5 16
< T 16 9 16
> F 0 32768
< F 2696771
> V 0 32768
< V 32640 2127506
> T 11 6 16
< T 16 10 16
> F 0 32768
< F 2696797
> V 0 32768
< V 32645 2395741
> T 11 7 16
< T 16 11 16
> F 0 32768
< F 2696799
> V 0 32768
< V 32640 2476873
> T 11 8 16
< T 16 12 16
> F 0 32768
< F 2696767
> V 0 32768
< V 32668 2801496
> T 11 9 16
< T 16 13 16
> F 0 32768
< F 2696801
> V 0 32768
< V 32640 2911916
> T 11 10 16
< T 16 14 16
> F 0 32768
< F 2696765
> V 0 32768
< V 32640 3108459
> T 11 11 16
< T 16 16 16
> F 0 32768
< F 2696769
> V 0 32768
< V 32641 3237690
> T 11 12 16
< T 16 18 16
> F 0 32768
< F 2696768
> V 0 32768
< V 32640 3532413
> T 11 13 16
< T 16 20 16
> F 0 32768
< F 2696766
> V 0 32768
< V 32640 3573601
> T 11 14 16
< T 16 24 16
> F 0 32768
< F 2696771
> V 0 32768
< V 32761 4660979
> Q 0
< Q 0
> U 16
< U 16
> Y 0
< Y 0
> B 2 3
< B ok
> T 11 14 16
< T 16 24 16
> T 11 0 16
< T 16 4 16
> F 0 32768
< F 2807399
> V 0 32768
< V 32260 1695300
> T 11 1 16
< T 16 5 16
> F 0 32768
< F 2807399
> V 0 32768
< V 32131 1920549
> T 11 2 16
< T 16 6 16
> F 0 32768
< F 2807402
> V 0 32768
< V 32758 1965607
> T 11 3 16
< T 16 7 16
> F 0 32768
< F 2807405
> V 0 32768
< V 32766 2027035
> T 11 4 16
< T 16 8 16
> F 0 32768
< F 2807372
> V 0 32768
< V 32641 2156353
> T 11 5 16
< T 16 9 16
> F 0 32768
< F 2807403
> V 0 32768
< V 32640 2238141
> T 11 6 16
< T 16 10 16
> F 0 32768
< F 2807369
> V 0 32768
< V 32639 2506381
> T 11 7 16
< T 16 11 16
> F 0 32768
< F 2807402
> V 0 32768
< V 28059 2587478
> T 11 8 16
< T 16 12 16
> F 0 32768
< F 2807405
> V 0 32768
< V 21413 2912105
> T 11 9 16
< T 16 13 16
> F 0 32768
< F 2807398
> V 0 32768
< V 15876 3022541
> T 11 10 16
< T 16 14 16
> F 0 32768
< F 2807404
> V 0 32768
< V 15767 3217016
> T 11 11 16
< T 16 16 16
> F 0 32768
< F 2807404
> V 0 32768
< V 8146 3348299
> T 11 12 16
< T 16 18 16
> F 0 32768
< F 2807403
> V 0 32768
< V 6386 3643058
> T 11 13 16
< T 16 20 16
> F 0 32768
< F 2807405
> V 0 32768
< V 11828 3684217
> T 11 14 16
< T 16 24 16
> F 0 32768
< F 2807374
> V 0 32768
< V 16863 4773632
> Q 1
< Q 1
> U 0
< U 0
> Y 0
< Y 0
> B 2 3
< B ok
> T 11 14 16
< T 16 24 16
> T 11 0 16
< T 16 4 16
> F 0 32768
< F 7853894
> V 0 32768
< V 32640 5828387
> T 11 1 16
< T 16 5 16
> F 0 32768
< F 7853901
> V 0 32768
< V 32640 6119184
> T 11 2 16
< T 16 6 16
> F 0 32768
< F 7853898
> V 0 32768
< V 32640 6221602
> T 11 3 16
< T 16 7 16
> F 0 32768
< F 7853888
> V 0 32768
< V 32640 6512438
> T 11 4 16
< T 16 8 16
> F 0 32768
< F 7853895
> V 0 32768
< V 32640 6877000
> T 11 5 16
< T 16 9 16
> F 0 32768
< F 7853901
> V 0 32768
< V 32640 7169874
> T 11 6 16
< T 16 10 16
> F 0 32768
< F 7853896
> V 0 32768
< V 32640 7499710
> T 11 7 16
< T 16 11 16
> F 0 32768
< F 7853895
> V 0 32768
< V 32640 7825290
> T 11 8 16
< T 16 12 16
> F 0 32768
< F 7853898
> V 0 32768
< V 32640 8155057
> T 11 9 16
< T 16 13 16
> F 0 32768
< F 7853896
> V 0 32768
< V 32640 8480704
> T 11 10 16
< T 16 14 16
> F 0 32768
< F 7853898
> V 0 32768
< V 32640 8804241
> T 11 11 16
< T 16 16 16
> F 0 32768
< F 7853898
> V 0 32768
< V 32640 9459631
> T 11 12 16
< T 16 18 16
> F 0 32768
< F 7853925
> V 0 32768
< V 32640 10121220
> T 11 13 16
< T 16 20 16
> F 0 32768
< F 7853898
> V 0 32768
< V 32640 10913844
> T 11 14 16
< T 16 24 16
> F 0 32768
< F 7853902
> V 0 32768
< V 32640 13265046
> Q 1
< Q 1
> U 16
< U 16
> Y 0
< Y 0
> B 2 3
< B ok
> T 11 14 16
< T 16 24 16
> T 11 0 16
< T 16 4 16
> F 0 32768
< F 7968612
> V 0 32768
< V 5 5938961
> T 11 1 16
< T 16 5 16
> F 0 32768
< F 7968591
> V 0 32768
< V 0 6229771
> T 0 1 16
< T 4 5 16
> F 0 32768
< F 4073103
> V 0 32768
< V 0 6229776
> T 0 1 16
< T 4 5 16
> R 96
< R 96 15419
> R 32
< R 32 5660
> W 96
< W 96 9573
> W 32
< W 32 3508
> Q 1
< Q 1
> U 16
< U 16
> Y 0
< Y 0
> B 2 3
< B ok
> T 0 1 72
< T 4 5 72
> F 0 262144
< F 26411746
> V 0 262144
< V 1 43091817
> T 0 2 16
< T 4 6 16
> R 96
< R 96 15522
> R 32
< R 32 5730
> W 96
< W 96 9574
> W 32
< W 32 3508
> Q 1
< Q 1
> U 16
< U 16
> Y 0
< Y 0
> B 2 3
< B ok
> T 0 2 72
< T 4 6 72
> F 0 262144
< F 26411746
> V 0 262144
< V 1 43478028
> T 0 3 16
< T 4 7 16
> R 96
< R 96 16219
> R 32
< R 32 5980
> W 96
< W 96 9573
> W 32
< W 32 3508
> Q 1
< Q 1
> U 16
< U 16
> Y 0
< Y 0
> B 2 3
< B ok
> T 0 3 72
< T 4 7 72
> F 0 262144
< F 26411751
> V 0 262144
< V 1 45422623
> T 0 4 16
< T 4 8 16
> R 96
< R 96 17127
> R 32
< R 32 6309
> W 96
< W 96 9573
> W 32
< W 32 3508
> Q 1
< Q 1
> U 16
< U 16
> Y 0
< Y 0
> B 2 3
< B ok
> T 0 4 64
< T 4 8 64
> F 0 262144
< F 26628620
> V 0 262144
< V 1 48187016
> T 0 5 16
< T 4 9 16
> R 96
< R 96 17821
> R 32
< R 32 6559
> W 96
< W 96 9573
> W 32
< W 32 3508
> Q 1
< Q 1
> U 16
< U 16
> Y 0
< Y 0
> B 2 3
< B ok
> T 0 5 64
< T 4 9 64
> F 0 262144
< F 26628596
> V 0 262144
< V 1 50149367
> T 0 6 16
< T 4 10 16
> R 96
< R 96 18626
> R 32
< R 32 6849
> W 96
< W 96 9569
> W 32
< W 32 3508
> Q 1
< Q 1
> U 16
< U 16
> Y 0
< Y 0
> B 2 3
< B ok
> T 0 6 56
< T 4 10 56
> F 0 262144
< F 26922889
> V 0 262144
< V 1 52802929
> T 0 7 16
< T 4 11 16
> R 96
< R 96 19423
> R 32
< R 32 7132
> W 96
< W 96 9573
> W 32
< W 32 3508
> Q 1
< Q 1
> U 16
< U 16
> Y 0
< Y 0
> B 2 3
< B ok
> T 0 7 56
< T 4 11 56
> F 0 262144
< F 26922888
> V 0 262144
< V 0 55044983
> V 0 262144
< V 0 55045014
> V 0 262144
< V 0 55044989
> V 0 262144
< V 0 55044979
> Q 2
< Q 2
> J 8
< J 8
> U 0
< U 0
> Y 0
< Y 0
> B 2 3
< B ok
> T 11 14 16
< T 16 24 16
> T 11 0 16
< T 16 4 16
> F 0 32768
< F 7853898
> V 0 32768
< V 32632 5969658
> T 11 1 16
< T 16 5 16
> F 0 32768
< F 7853894
> V 0 32768
< V 32608 6254336
> T 11 2 16
< T 16 6 16
> F 0 32768
< F 7853894
> V 0 32768
< V 32624 6395642
> T 11 3 16
< T 16 7 16
> F 0 32768
< F 7853894
> V 0 32768
< V 32608 6680385
> T 11 4 16
< T 16 8 16
> F 0 32768
< F 7853896
> V 0 32768
< V 32624 7051086
> T 11 5 16
< T 16 9 16
> F 0 32768
< F 7853897
> V 0 32768
< V 32608 7368549
> T 11 6 16
< T 16 10 16
> F 0 32768
< F 7853898
> V 0 32768
< V 32624 7739241
> T 11 7 16
< T 16 11 16
> F 0 32768
< F 7853918
> V 0 32768
< V 32608 8056682
> T 11 8 16
< T 16 12 16
> F 0 32768
< F 7853898
> V 0 32768
< V 32624 8427393
> T 11 9 16
< T 16 13 16
> F 0 32768
< F 7853896
> V 0 32768
< V 32624 8775625
> T 11 10 16
< T 16 14 16
> F 0 32768
< F 7853901
> V 0 32768
< V 32640 9152471
> T 11 11 16
< T 16 16 16
> F 0 32768
< F 7853898
> V 0 32768
< V 32608 9840627
> T 11 12 16
< T 16 18 16
> F 0 32768
< F 7853897
> V 0 32768
< V 32624 10524650
> T 11 13 16
< T 16 20 16
> F 0 32768
< F 7853931
> V 0 32768
< V 32624 11288700
> T 11 14 16
< T 16 24 16
> F 0 32768
< F 7853891
> V 0 32768
< V 32624 13705381
> Q 2
< Q 2
> J 8
< J 8
> U 16
< U 16
> Y 0
< Y 0
> B 2 3
< B ok
> T 11 14 16
< T 16 24 16
> T 11 0 16
< T 16 4 16
> F 0 32768
< F 7968620
> V 0 32768
< V 16385 6080267
> T 11 1 16
< T 16 5 16
> F 0 32768
< F 7968621
> V 0 32768
< V 0 6364971
> T 0 1 16
< T 4 5 16
> F 0 32768
< F 4073096
> V 0 32768
< V 0 6364936
> T 0 1 16
< T 4 5 16
> R 96
< R 96 15374
> R 32
< R 32 5714
> W 96
< W 96 9574
> W 32
< W 32 3508
> Q 2
< Q 2
> J 8
< J 8
> U 16
< U 16
> Y 0
< Y 0
> B 2 3
< B ok
> T 0 1 72
< T 4 5 72
> F 0 262144
< F 26411742
> V 0 262144
< V 0 43128806
> V 0 262144
< V 0 43128815
> V 0 262144
< V 0 43128811
> V 0 262144
< V 0 43128815
> Q 0
< Q 0
> U 0
< U 0
> Y 0
< Y 0
> B 2 4
< B ok
> T 11 14 16
< T 16 24 16
> T 11 0 16
< T 16 4 16
> F 0 32768
< F 2696764
> V 0 32768
< V 32640 1584676
> T 11 1 16
< T 16 5 16
> F 0 32768
< F 2696794
> V 0 32768
< V 32513 1811999
> T 11 2 16
< T 16 6 16
> F 0 32768
< F 2696802
> V 0 32768
< V 32650 1857050
> T 11 3 16
< T 16 7 16
> F 0 32768
< F 2696792
> V 0 32768
< V 32759 1918479
> T 11 4 16
< T 16 8 16
> F 0 32768
< F 2696768
> V 0 32768
< V 32640 2045747
> T 11 5 16
< T 16 9 16
> F 0 32768
< F 2696799
> V 0 32768
< V 32640 2127503
> T 11 6 16
< T 16 10 16
> F 0 32768
< F 2696773
> V 0 32768
< V 32640 2395750
> T 11 7 16
< T 16 11 16
> F 0 32768
< F 2696771
> V 0 32768
< V 32640 2476867
> T 11 8 16
< T 16 12 16
> F 0 32768
< F 2696803
> V 0 32768
< V 32640 2801469
> T 11 9 16
< T 16 13 16
> F 0 32768
< F 2696766
> V 0 32768
< V 32640 2911925
> T 11 10 16
< T 16 14 16
> F 0 32768
< F 2696798
> V 0 32768
< V 32640 3108453
> T 11 11 16
< T 16 16 16
> F 0 32768
< F 2696766
> V 0 32768
< V 32643 3237674
> T 11 12 16
< T 16 18 16
> F 0 32768
< F 2696765
> V 0 32768
< V 32640 3532417
> T 11 13 16
< T 16 20 16
> F 0 32768
< F 2696763
> V 0 32768
< V 32640 3573630
> T 11 14 16
< T 16 24 16
> F 0 32768
< F 2696796
> V 0 32768
< V 32728 4660981
> Q 0
< Q 0
> U 16
< U 16
> Y 0
< Y 0
> B 2 4
< B ok
> T 11 14 16
< T 16 24 16
> T 11 0 16
< T 16 4 16
> F 0 32768
< F 2807403
> V 0 32768
< V 32640 1695298
> T 11 1 16
< T 16 5 16
> F 0 32768
< F 2807402
> V 0 32768
< V 32757 1920539
> T 11 2 16
< T 16 6 16
> F 0 32768
< F 2807402
> V 0 32768
< V 32642 1965618
> T 11 3 16
< T 16 7 16
> F 0 32768
< F 2807398
> V 0 32768
< V 32763 2027071
> T 11 4 16
< T 16 8 16
> F 0 32768
< F 2807401
> V 0 32768
< V 32640 2156353
> T 11 5 16
< T 16 9 16
> F 0 32768
< F 2807368
> V 0 32768
< V 32640 2238109
> T 11 6 16
< T 16 10 16
> F 0 32768
< F 2807402
> V 0 32768
< V 32640 2506349
> T 11 7 16
< T 16 11 16
> F 0 32768
< F 2807368
> V 0 32768
< V 32641 2587497
> T 11 8 16
< T 16 12 16
> F 0 32768
< F 2807397
> V 0 32768
< V 32642 2912110
> T 11 9 16
< T 16 13 16
> F 0 32768
< F 2807404
> V 0 32768
< V 32642 3022527
> T 11 10 16
< T 16 14 16
> F 0 32768
< F 2807399
> V 0 32768
< V 32642 3217029
> T 11 11 16
< T 16 16 16
> F 0 32768
< F 2807403
> V 0 32768
< V 32642 3348298
> T 11 12 16
< T 16 18 16
> F 0 32768
< F 2807402
> V 0 32768
< V 32642 3643053
> T 11 13 16
< T 16 20 16
> F 0 32768
< F 2807404
> V 0 32768
< V 32642 3684221
> T 11 14 16
< T 16 24 16
> F 0 32768
< F 2807373
> V 0 32768
< V 32641 4773628
> Q 1
< Q 1
> U 0
< U 0
> Y 0
< Y 0
> B 2 4
< B ok
> T 11 14 16
< T 16 24 16
> T 11 0 16
< T 16 4 16
> F 0 32768
< F 7853898
> V 0 32768
< V 32640 5828350
> T 11 1 16
< T 16 5 16
> F 0 32768
< F 7853897
> V 0 32768
< V 32640 6119184
> T 11 2 16
< T 16 6 16
> F 0 32768
< F 7853898
> V 0 32768
< V 32640 6221572
> T 11 3 16
< T 16 7 16
> F 0 32768
< F 7853900
> V 0 32768
< V 32640 6512446
> T 11 4 16
< T 16 8 16
> F 0 32768
< F 7853898
> V 0 32768
< V 32640 6876997
> T 11 5 16
< T 16 9 16
> F 0 32768
< F 7853896
> V 0 32768
< V 32640 7169900
> T 11 6 16
< T 16 10 16
> F 0 32768
< F 7853902
> V 0 32768
< V 32640 7499719
> T 11 7 16
< T 16 11 16
> F 0 32768
< F 7853928
> V 0 32768
< V 32640 7825290
> T 11 8 16
< T 16 12 16
> F 0 32768
< F 7853899
> V 0 32768
< V 32640 8155049
> T 11 9 16
< T 16 13 16
> F 0 32768
< F 7853894
> V 0 32768
< V 32640 8480710
> T 11 10 16
< T 16 14 16
> F 0 32768
< F 7853896
> V 0 32768
< V 32640 8804273
> T 11 11 16
< T 16 16 16
> F 0 32768
< F 7853899
> V 0 32768
< V 32640 9459626
> T 11 12 16
< T 16 18 16
> F 0 32768
< F 7853896
> V 0 32768
< V 32640 10121214
> T 11 13 16
< T 16 20 16
> F 0 32768
< F 7853927
> V 0 32768
< V 32640 10913832
> T 11 14 16
< T 16 24 16
> F 0 32768
< F 7853898
> V 0 32768
< V 32640 13265048
> Q 1
< Q 1
> U 16
< U 16
> Y 0
< Y 0
> B 2 4
< B ok
> T 11 14 16
< T 16 24 16
> T 11 0 16
< T 16 4 16
> F 0 32768
< F 7968592
> V 0 32768
< V 32640 5938958
> T 11 1 16
< T 16 5 16
> F 0 32768
< F 7968588
> V 0 32768
< V 32640 6229800
> T 11 2 16
< T 16 6 16
> F 0 32768
< F 7968592
> V 0 32768
< V 32640 6332195
> T 11 3 16
< T 16 7 16
> F 0 32768
< F 7968594
> V 0 32768
< V 32640 6623046
> T 11 4 16
< T 16 8 16
> F 0 32768
< F 7968590
> V 0 32768
< V 32640 6987593
> T 11 5 16
< T 16 9 16
> F 0 32768
< F 7968584
> V 0 32768
< V 32640 7280510
> T 11 6 16
< T 16 10 16
> F 0 32768
< F 7968621
> V 0 32768
< V 32640 7610355
> T 11 7 16
< T 16 11 16
> F 0 32768
< F 7968592
> V 0 32768
< V 32640 7935903
> T 11 8 16
< T 16 12 16
> F 0 32768
< F 7968592
> V 0 32768
< V 32640 8265652
> T 11 9 16
< T 16 13 16
> F 0 32768
< F 7968585
> V 0 32768
< V 32640 8591312
> T 11 10 16
< T 16 14 16
> F 0 32768
< F 7968588
> V 0 32768
< V 32640 8914858
> T 11 11 16
< T 16 16 16
> F 0 32768
< F 7968591
> V 0 32768
< V 32640 9570249
> T 11 12 16
< T 16 18 16
> F 0 32768
< F 7968584
> V 0 32768
< V 32640 10231899
> T 11 13 16
< T 16 20 16
> F 0 32768
< F 7968623
> V 0 32768
< V 32640 11022396
> T 11 14 16
< T 16 24 16
> F 0 32768
< F 7968588
> V 0 32768
< V 32640 13373604
> Q 2
< Q 2
> J 8
< J 8
> U 0
< U 0
> Y 0
< Y 0
> B 2 4
< B ok
> T 11 14 16
< T 16 24 16
> T 11 0 16
< T 16 4 16
> F 0 32768
< F 7853900
> V 0 32768
< V 32640 5969658
> T 11 1 16
< T 16 5 16
> F 0 32768
< F 7853895
> V 0 32768
< V 32640 6254369
> T 11 2 16
< T 16 6 16
> F 0 32768
< F 7853895
> V 0 32768
< V 32640 6395675
> T 11 3 16
< T 16 7 16
> F 0 32768
< F 7853902
> V 0 32768
< V 32640 6680364
> T 11 4 16
< T 16 8 16
> F 0 32768
< F 7853896
> V 0 32768
< V 32640 7051071
> T 11 5 16
< T 16 9 16
> F 0 32768
< F 7853900
> V 0 32768
< V 32640 7368561
> T 11 6 16
< T 16 10 16
> F 0 32768
< F 7853896
> V 0 32768
< V 32640 7739241
> T 11 7 16
< T 16 11 16
> F 0 32768
< F 7853930
> V 0 32768
< V 32640 8056691
> T 11 8 16
< T 16 12 16
> F 0 32768
< F 7853899
> V 0 32768
< V 32640 8427415
> T 11 9 16
< T 16 13 16
> F 0 32768
< F 7853895
> V 0 32768
< V 32640 8775593
> T 11 10 16
< T 16 14 16
> F 0 32768
< F 7853927
> V 0 32768
< V 32640 9152482
> T 11 11 16
< T 16 16 16
> F 0 32768
< F 7853896
> V 0 32768
< V 32640 9840659
> T 11 12 16
< T 16 18 16
> F 0 32768
< F 7853927
> V 0 32768
< V 32640 10524655
> T 11 13 16
< T 16 20 16
> F 0 32768
< F 7853903
> V 0 32768
< V 32640 11288709
> T 11 14 16
< T 16 24 16
> F 0 32768
< F 7853898
> V 0 32768
< V 32640 13705383
> Q 2
< Q 2
> J 8
< J 8
> U 16
< U 16
> Y 0
< Y 0
> B 2 4
< B ok
> T 11 14 16
< T 16 24 16
> T 11 0 16
< T 16 4 16
> F 0 32768
< F 7968591
> V 0 32768
< V 32640 6080284
> T 11 1 16
< T 16 5 16
> F 0 32768
< F 7968615
> V 0 32768
< V 32640 6364961
> T 11 2 16
< T 16 6 16
> F 0 32768
< F 7968589
> V 0 32768
< V 32640 6506302
> T 11 3 16
< T 16 7 16
> F 0 32768
< F 7968618
> V 0 32768
< V 32640 6790950
> T 11 4 16
< T 16 8 16
> F 0 32768
< F 7968585
> V 0 32768
< V 32640 7161683
> T 11 5 16
< T 16 9 16
> F 0 32768
< F 7968591
> V 0 32768
< V 32640 7479164
> T 11 6 16
< T 16 10 16
> F 0 32768
< F 7968588
> V 0 32768
< V 32640 7849839
> T 11 7 16
< T 16 11 16
> F 0 32768
< F 7968591
> V 0 32768
< V 32640 8167312
> T 11 8 16
< T 16 12 16
> F 0 32768
< F 7968585
> V 0 32768
< V 32640 8538047
> T 11 9 16
< T 16 13 16
> F 0 32768
< F 7968592
> V 0 32768
< V 32640 8886227
> T 11 10 16
< T 16 14 16
> F 0 32768
< F 7968623
> V 0 32768
< V 32640 9263079
> T 11 11 16
< T 16 16 16
> F 0 32768
< F 7968589
> V 0 32768
< V 32640 9951224
> T 11 12 16
< T 16 18 16
> F 0 32768
< F 7968586
> V 0 32768
< V 32640 10635280
> T 11 13 16
< T 16 20 16
> F 0 32768
< F 7968621
> V 0 32768
< V 32640 11397230
> T 11 14 16
< T 16 24 16
> F 0 32768
< F 7968588
> V 0 32768
< V 32640 13813942
> Q 0
< Q 0
> U 0
< U 0
> Y 0
< Y 0
> B 2 5
< B ok
> T 11 14 16
< T 16 24 16
> T 11 0 16
< T 16 4 16
> F 0 32768
< F 2696767
> V 0 32768
< V 32640 1584710
> T 11 1 16
< T 16 5 16
> F 0 32768
< F 2696772
> V 0 32768
< V 32512 1811975
> T 11 2 16
< T 16 6 16
> F 0 32768
< F 2696767
> V 0 32768
< V 32641 1857044
> T 11 3 16
< T 16 7 16
> F 0 32768
< F 2696766
> V 0 32768
< V 32767 1918488
> T 11 4 16
< T 16 8 16
> F 0 32768
< F 2696797
> V 0 32768
< V 32640 2045720
> T 11 5 16
< T 16 9 16
> F 0 32768
< F 2696770
> V 0 32768
< V 32640 2127511
> T 11 6 16
< T 16 10 16
> F 0 32768
< F 2696798
> V 0 32768
< V 32640 2395736
> T 11 7 16
< T 16 11 16
> F 0 32768
< F 2696798
> V 0 32768
< V 32640 2476875
> T 11 8 16
< T 16 12 16
> F 0 32768
< F 2696765
> V 0 32768
< V 32642 2801502
> T 11 9 16
< T 16 13 16
> F 0 32768
< F 2696790
> V 0 32768
< V 32640 2911901
> T 11 10 16
< T 16 14 16
> F 0 32768
< F 2696766
> V 0 32768
< V 32640 3108453
> T 11 11 16
< T 16 16 16
> F 0 32768
< F 2696800
> V 0 32768
< V 32641 3237648
> T 11 12 16
< T 16 18 16
> F 0 32768
< F 2696799
> V 0 32768
< V 32640 3532440
> T 11 13 16
< T 16 20 16
> F 0 32768
< F 2696805
> V 0 32768
< V 32640 3573635
> T 11 14 16
< T 16 24 16
> F 0 32768
< F 2696772
> V 0 32768
< V 32732 4660943
> Q 0
< Q 0
> U 16
< U 16
> Y 0
< Y 0
> B 2 5
< B ok
> T 11 14 16
< T 16 24 16
> T 11 0 16
< T 16 4 16
> F 0 32768
< F 2807401
> V 0 32768
< V 31556 1695293
> T 11 1 16
< T 16 5 16
> F 0 32768
< F 2807402
> V 0 32768
< V 32033 1920532
> T 11 2 16
< T 16 6 16
> F 0 32768
< F 2807404
> V 0 32768
< V 32431 1965609
> T 11 3 16
< T 16 7 16
> F 0 32768
< F 2807372
> V 0 32768
< V 32768 2027040
> T 11 4 16
< T 16 8 16
> F 0 32768
< F 2807403
> V 0 32768
< V 32640 2156309
> T 11 5 16
< T 16 9 16
> F 0 32768
< F 2807403
> V 0 32768
< V 32640 2238135
> T 11 6 16
< T 16 10 16
> F 0 32768
< F 2807401
> V 0 32768
< V 32640 2506340
> T 11 7 16
< T 16 11 16
> F 0 32768
< F 2807368
> V 0 32768
< V 30322 2587465
> T 11 8 16
< T 16 12 16
> F 0 32768
< F 2807397
> V 0 32768
< V 25999 2912121
> T 11 9 16
< T 16 13 16
> F 0 32768
< F 2807397
> V 0 32768
< V 21700 3022545
> T 11 10 16
< T 16 14 16
> F 0 32768
< F 2807402
> V 0 32768
< V 23920 3217020
> T 11 11 16
< T 16 16 16
> F 0 32768
< F 2807403
> V 0 32768
< V 21468 3348270
> T 11 12 16
< T 16 18 16
> F 0 32768
< F 2807372
> V 0 32768
< V 18440 3643084
> T 11 13 16
< T 16 20 16
> F 0 32768
< F 2807396
> V 0 32768
< V 20662 3684216
> T 11 14 16
< T 16 24 16
> F 0 32768
< F 2807402
> V 0 32768
< V 25082 4773637
> Q 1
< Q 1
> U 0
< U 0
> Y 0
< Y 0
> B 2 5
< B ok
> T 11 14 16
< T 16 24 16
> T 11 0 16
< T 16 4 16
> F 0 32768
< F 7853894
> V 0 32768
< V 32640 5828387
> T 11 1 16
< T 16 5 16
> F 0 32768
< F 7853894
> V 0 32768
< V 32640 6119188
> T 11 2 16
< T 16 6 16
> F 0 32768
< F 7853926
> V 0 32768
< V 32640 6221581
> T 11 3 16
< T 16 7 16
> F 0 32768
< F 7853921
> V 0 32768
< V 32640 6512438
> T 11 4 16
< T 16 8 16
> F 0 32768
< F 7853901
> V 0 32768
< V 32640 6877005
> T 11 5 16
< T 16 9 16
> F 0 32768
< F 7853899
> V 0 32768
< V 32640 7169908
> T 11 6 16
< T 16 10 16
> F 0 32768
< F 7853896
> V 0 32768
< V 32640 7499711
> T 11 7 16
< T 16 11 16
> F 0 32768
< F 7853891
> V 0 32768
< V 32640 7825287
> T 11 8 16
< T 16 12 16
> F 0 32768
< F 7853894
> V 0 32768
< V 32640 8155011
> T 11 9 16
< T 16 13 16
> F 0 32768
< F 7853896
> V 0 32768
< V 32640 8480705
> T 11 10 16
< T 16 14 16
> F 0 32768
< F 7853895
> V 0 32768
< V 32640 8804272
> T 11 11 16
< T 16 16 16
> F 0 32768
< F 7853897
> V 0 32768
< V 32640 9459652
> T 11 12 16
< T 16 18 16
> F 0 32768
< F 7853895
> V 0 32768
< V 32640 10121254
> T 11 13 16
< T 16 20 16
> F 0 32768
< F 7853901
> V 0 32768
< V 32640 10913852
> T 11 14 16
< T 16 24 16
> F 0 32768
< F 7853900
> V 0 32768
< V 32640 13265047
> Q 1
< Q 1
> U 16
< U 16
> Y 0
< Y 0
> B 2 5
< B ok
> T 11 14 16
< T 16 24 16
> T 11 0 16
< T 16 4 16
> F 0 32768
< F 7968589
> V 0 32768
< V 292 5938954
> T 11 1 16
< T 16 5 16
> F 0 32768
< F 7968589
> V 0 32768
< V 1 6229806
> T 11 2 16
< T 16 6 16
> F 0 32768
< F 7968589
> V 0 32768
< V 1 6332159
> T 11 3 16
< T 16 7 16
> F 0 32768
< F 7968589
> V 0 32768
< V 1 6623037
> T 11 4 16
< T 16 8 16
> F 0 32768
< F 7968590
> V 0 32768
< V 1 6987555
> T 11 5 16
< T 16 9 16
> F 0 32768
< F 7968617
> V 0 32768
< V 1 7280544
> T 11 6 16
< T 16 10 16
> F 0 32768
< F 7968587
> V 0 32768
< V 1 7610351
> T 11 7 16
< T 16 11 16
> F 0 32768
< F 7968612
> V 0 32768
< V 0 7935891
> T 0 7 16
< T 4 11 16
> F 0 32768
< F 4073104
> V 0 32768
< V 0 7935900
> T 0 7 16
< T 4 11 16
> R 96
< R 96 19420
> R 32
< R 32 7136
> W 96
< W 96 9569
> W 32
< W 32 3508
> Q 1
< Q 1
> U 16
< U 16
> Y 0
< Y 0
> B 2 5
< B ok
> T 0 7 56
< T 4 11 56
> F 0 262144
< F 26922896
> V 0 262144
< V 0 55045024
> V 0 262144
< V 0 55045032
> V 0 262144
< V 0 55045009
> V 0 262144
< V 0 55045013
> Q 2
< Q 2
> J 8
< J 8
> U 0
< U 0
> Y 0
< Y 0
> B 2 5
< B ok
> T 11 14 16
< T 16 24 16
> T 11 0 16
< T 16 4 16
> F 0 32768
< F 7853891
> V 0 32768
< V 32640 5969661
> T 11 1 16
< T 16 5 16
> F 0 32768
< F 7853898
> V 0 32768
< V 32640 6254340
> T 11 2 16
< T 16 6 16
> F 0 32768
< F 7853892
> V 0 32768
< V 32640 6395675
> T 11 3 16
< T 16 7 16
> F 0 32768
< F 7853931
> V 0 32768
< V 32640 6680351
> T 11 4 16
< T 16 8 16
> F 0 32768
< F 7853893
> V 0 32768
< V 32640 7051085
> T 11 5 16
< T 16 9 16
> F 0 32768
< F 7853932
> V 0 32768
< V 32640 7368546
> T 11 6 16
< T 16 10 16
> F 0 32768
< F 7853894
> V 0 32768
< V 32624 7739239
> T 11 7 16
< T 16 11 16
> F 0 32768
< F 7853892
> V 0 32768
< V 32640 8056721
> T 11 8 16
< T 16 12 16
> F 0 32768
< F 7853895
> V 0 32768
< V 32640 8427436
> T 11 9 16
< T 16 13 16
> F 0 32768
< F 7853898
> V 0 32768
< V 32640 8775621
> T 11 10 16
< T 16 14 16
> F 0 32768
< F 7853892
> V 0 32768
< V 32640 9152498
> T 11 11 16
< T 16 16 16
> F 0 32768
< F 7853897
> V 0 32768
< V 32640 9840665
> T 11 12 16
< T 16 18 16
> F 0 32768
< F 7853895
> V 0 32768
< V 32640 10524652
> T 11 13 16
< T 16 20 16
> F 0 32768
< F 7853898
> V 0 32768
< V 32608 11288674
> T 11 14 16
< T 16 24 16
> F 0 32768
< F 7853932
> V 0 32768
< V 32624 13705385
> Q 2
< Q 2
> J 8
< J 8
> U 16
< U 16
> Y 0
< Y 0
> B 2 5
< B ok
> T 11 14 16
< T 16 24 16
> T 11 0 16
< T 16 4 16
> F 0 32768
< F 7968591
> V 0 32768
< V 16495 6080292
> T 11 1 16
< T 16 5 16
> F 0 32768
< F 7968585
> V 0 32768
< V 0 6364962
> T 0 1 16
< T 4 5 16
> F 0 32768
< F 4073102
> V 0 32768
< V 0 6364970
> T 0 1 16
< T 4 5 16
> R 96
< R 96 15376
> R 32
< R 32 5714
> W 96
< W 96 9573
> W 32
< W 32 3508
> Q 2
< Q 2
> J 8
< J 8
> U 16
< U 16
> Y 0
< Y 0
> B 2 5
< B ok
> T 0 1 72
< T 4 5 72
> F 0 262144
< F 26411718
> V 0 262144
< V 0 43128817
> V 0 262144
< V 0 43128804
> V 0 262144
< V 0 43128804
> V 0 262144
< V 0 43128820
> Q 0
< Q 0
> U 0
< U 0
> Y 0
< Y 0
> B 0 0
< B ok
> T 0 9 96
< T 4 13 96
> F 0 8192
< F 215098
> M 0 8192 4
< M -90112 474585
> M 0 8192 2
< M -16384 510435
> Q 0
< Q 0
> U 0
< U 0
> Y 0
< Y 0
> B 0 0
< B ok
> T 0 9 96
< T 4 13 96
> F 0 262144
< F 6846051
> Q 0
< Q 0
> U 0
< U 0
> Y 0
< Y 0
> B 1 0
< B ok
> T 0 11 96
< T 4 16 96
> F 0 262144
< F 6846021
> Q 2
< Q 2
> J 8
< J 8
> U 16
< U 16
> Y 0
< Y 0
> B 2 0
< B ok
> T 0 3 72
< T 4 7 72
> F 0 262144
< F 26411736
> Q 2
< Q 2
> J 8
< J 8
> U 16
< U 16
> Y 0
< Y 0
> B 2 1
< B ok
> T 0 2 72
< T 4 6 72
> F 0 262144
< F 26411752
> Q 2
< Q 2
> J 8
< J 8
> U 16
< U 16
> Y 0
< Y 0
> B 2 2
< B ok
> T 0 3 72
< T 4 7 72
> F 0 262144
< F 26411745
> Q 2
< Q 2
> J 8
< J 8
> U 16
< U 16
> Y 0
< Y 0
> B 2 3
< B ok
> T 0 1 72
< T 4 5 72
> F 0 262144
< F 26411747
> Q 2
< Q 2
> J 8
< J 8
> U 16
< U 16
> Y 0
< Y 0
> B 2 5
< B ok
> T 0 1 72
< T 4 5 72
> F 0 262144
< F 26411758
> Q 0
< Q 0
> U 0
< U 0
> Y 0
< Y 0
> B 0 0
< B ok
> T 0 9 96
< T 4 13 96
> M 0 262144 4
< M -2883584 15158471
> Q 0
< Q 0
> U 0
< U 0
> Y 0
< Y 0
> B 1 0
< B ok
> T 0 11 96
< T 4 16 96
> M 0 262144 4
< M -2883584 16905750
> Q 2
< Q 2
> J 8
< J 8
> U 16
< U 16
> Y 0
< Y 0
> B 2 0
< B ok
> T 0 3 72
< T 4 7 72
> M 0 262144 4
< M -2883584 45419657
> Q 2
< Q 2
> J 8
< J 8
> U 16
< U 16
> Y 0
< Y 0
> B 2 1
< B ok
> T 0 2 72
< T 4 6 72
> M 0 262144 4
< M -2883584 43689888
> Q 2
< Q 2
> J 8
< J 8
> U 16
< U 16
> Y 0
< Y 0
> B 2 2
< B ok
> T 0 3 72
< T 4 7 72
> M 0 262144 4
< M -2883584 45419667
> Q 2
< Q 2
> J 8
< J 8
> U 16
< U 16
> Y 0
< Y 0
> B 2 3
< B ok
> T 0 1 72
< T 4 5 72
> M 0 262144 4
< M -2883584 43030542
> Q 2
< Q 2
> J 8
< J 8
> U 16
< U 16
> Y 0
< Y 0
> B 2 5
< B ok
> T 0 1 72
< T 4 5 72
> M 0 262144 4
< M -2883584 43030510
> Q 0
< Q 0
> U 0
< U 0
> Y 0
< Y 0
> B 0 0
< B ok
> T 0 9 96
< T 4 13 96
> M 0 262144 2
< M -524288 16305445
> Q 0
< Q 0
> U 0
< U 0
> Y 0
< Y 0
> B 1 0
< B ok
> T 0 11 96
< T 4 16 96
> M 0 262144 2
< M -524288 18052788
> Q 2
< Q 2
> J 8
< J 8
> U 16
< U 16
> Y 0
< Y 0
> B 2 0
< B ok
> T 0 3 72
< T 4 7 72
> M 0 262144 2
< M -524288 46566629
> Q 2
< Q 2
> J 8
< J 8
> U 16
< U 16
> Y 0
< Y 0
> B 2 1
< B ok
> T 0 2 72
< T 4 6 72
> M 0 262144 2
< M -524288 44836803
> Q 2
< Q 2
> J 8
< J 8
> U 16
< U 16
> Y 0
< Y 0
> B 2 2
< B ok
> T 0 3 72
< T 4 7 72
> M 0 262144 2
< M -524288 46566593
> Q 2
< Q 2
> J 8
< J 8
> U 16
< U 16
> Y 0
< Y 0
> B 2 3
< B ok
> T 0 1 72
< T 4 5 72
> M 0 262144 2
< M -524288 44177472
> Q 2
< Q 2
> J 8
< J 8
> U 16
< U 16
> Y 0
< Y 0
> B 2 5
< B ok
> T 0 1 72
< T 4 5 72
> M 0 262144 2
< M -524288 44177482
> Q 0
< Q 0
> U 0
< U 0
> Y 0
< Y 0
> B 0 0
< B ok
> T 0 9 96
< T 4 13 96
> M 0 262144 4
< M -2883584 15158504
> Q 0
< Q 0
> U 0
< U 0
> Y 0
< Y 0
> B 1 0
< B ok
> T 0 11 96
< T 4 16 96
> M 0 262144 4
< M -2883584 16905782
> Q 2
< Q 2
> J 8
< J 8
> U 16
< U 16
> Y 0
< Y 0
> B 2 0
< B ok
> T 0 3 72
< T 4 7 72
> M 0 262144 4
< M -2883584 45419663
> Q 2
< Q 2
> J 8
< J 8
> U 16
< U 16
> Y 0
< Y 0
> B 2 1
< B ok
> T 0 2 72
< T 4 6 72
> M 0 262144 4
< M -2883584 43689899
> Q 2
< Q 2
> J 8
< J 8
> U 16
< U 16
> Y 0
< Y 0
> B 2 2
< B ok
> T 0 3 72
< T 4 7 72
> M 0 262144 4
< M -2883584 45419665
> Q 2
< Q 2
> J 8
< J 8
> U 16
< U 16
> Y 0
< Y 0
> B 2 3
< B ok
> T 0 1 72
< T 4 5 72
> M 0 262144 4
< M -2883584 43030540
> Q 2
< Q 2
> J 8
< J 8
> U 16
< U 16
> Y 0
< Y 0
> B 2 5
< B ok
> T 0 1 72
< T 4 5 72
> M 0 262144 4
< M -2883584 43030534
> Q 0
< Q 0
> U 0
< U 0
> Y 0
< Y 0
> B 0 0
< B ok
> T 0 9 96
< T 4 13 96
> M 0 262144 2
< M -524288 16305413
> Q 0
< Q 0
> U 0
< U 0
> Y 0
< Y 0
> B 1 0
< B ok
> T 0 11 96
< T 4 16 96
> M 0 262144 2
< M -524288 18052753
> Q 2
< Q 2
> J 8
< J 8
> U 16
< U 16
> Y 0
< Y 0
> B 2 0
< B ok
> T 0 3 72
< T 4 7 72
> M 0 262144 2
< M -524288 46566619
> Q 2
< Q 2
> J 8
< J 8
> U 16
< U 16
> Y 0
< Y 0
> B 2 1
< B ok
> T 0 2 72
< T 4 6 72
> M 0 262144 2
< M -524288 44836842
> Q 2
< Q 2
> J 8
< J 8
> U 16
< U 16
> Y 0
< Y 0
> B 2 2
< B ok
> T 0 3 72
< T 4 7 72
> M 0 262144 2
< M -524288 46566597
> Q 2
< Q 2
> J 8
< J 8
> U 16
< U 16
> Y 0
< Y 0
> B 2 3
< B ok
> T 0 1 72
< T 4 5 72
> M 0 262144 2
< M -524288 44177489
> Q 2
< Q 2
> J 8
< J 8
> U 16
< U 16
> Y 0
< Y 0
> B 2 5
< B ok
> T 0 1 72
< T 4 5 72
> M 0 262144 2
< M -524288 44177486
> I
< I bench-one worker 1 nsel 10 banksz 8388608 blk 8192 bits 4,2 fcpu 600000000
> P 0 0
< P 1 13 93 83 50
> P 1 0
< P 1 13 93 83 50
> P 2 0
< P 1 13 93 83 49
> P 2 1
< P 1 13 93 83 49
> P 2 2
< P 1 13 93 83 49
> P 2 3
< P 1 13 93 83 49
> P 2 4
< P 1 13 93 83 49
> P 2 5
< P 1 13 93 83 49
> P 2 6
< P 0 0 0 0 0
> P 2 7
< P 0 0 0 0 0
> Q 0
< Q 0
> U 0
< U 0
> Y 0
< Y 0
> B 0 0
< B ok
> T 11 14 16
< T 16 24 16
> T 11 0 16
< T 16 4 16
> F 0 32768
< F 2696791
> V 0 32768
< V 26275 1584712
> T 11 1 16
< T 16 5 16
> F 0 32768
< F 2696768
> V 0 32768
< V 27816 1811977
> T 11 2 16
< T 16 6 16
> F 0 32768
< F 2696770
> V 0 32768
< V 24275 1857049
> T 11 3 16
< T 16 7 16
> F 0 32768
< F 2696800
> V 0 32768
< V 24631 1918480
> T 11 4 16
< T 16 8 16
> F 0 32768
< F 2696800
> V 0 32768
< V 25528 2045720
> T 11 5 16
< T 16 9 16
> F 0 32768
< F 2696767
> V 0 32768
< V 23703 2127477
> T 11 6 16
< T 16 10 16
> F 0 32768
< F 2696771
> V 0 32768
< V 16394 2395736
> T 11 7 16
< T 16 11 16
> F 0 32768
< F 2696797
> V 0 32768
< V 11642 2476872
> T 11 8 16
< T 16 12 16
> F 0 32768
< F 2696765
> V 0 32768
< V 0 2801497
> T 0 8 16
< T 4 12 16
> F 0 32768
< F 1035762
> V 0 32768
< V 0 2801501
> T 0 8 16
< T 4 12 16
> R 96
< R 96 5174
> R 32
< R 32 2119
> W 96
< W 96 2379
> W 32
< W 32 907
> Q 0
< Q 0
> U 0
< U 0
> Y 0
< Y 0
> B 0 0
< B ok
> T 0 8 96
< T 4 12 96
> F 0 1048576
< F 27380455
> V 0 1048576
< V 0 58689100
> V 0 1048576
< V 0 58689078
> V 0 1048576
< V 0 58689099
> V 0 1048576
< V 1 58689072
> T 0 9 16
< T 4 13 16
> R 96
< R 96 5396
> R 32
< R 32 2211
> W 96
< W 96 2379
> W 32
< W 32 907
> Q 0
< Q 0
> U 0
< U 0
> Y 0
< Y 0
> B 0 0
< B ok
> T 0 9 96
< T 4 13 96
> F 0 1048576
< F 27380421
> V 0 1048576
< V 0 61023068
> V 0 1048576
< V 0 61023062
> V 0 1048576
< V 0 61023059
> V 0 1048576
< V 0 61023023
> Q 0
< Q 0
> U 0
< U 0
> Y 0
< Y 0
> B 1 0
< B ok
> T 11 14 16
< T 16 24 16
> T 11 0 16
< T 16 4 16
> F 0 32768
< F 2696767
> V 0 32768
< V 1831 1584704
> T 11 1 16
< T 16 5 16
> F 0 32768
< F 2696767
> V 0 32768
< V 12700 1811982
> T 11 2 16
< T 16 6 16
> F 0 32768
< F 2696800
> V 0 32768
< V 11838 1857048
> T 11 3 16
< T 16 7 16
> F 0 32768
< F 2696769
> V 0 32768
< V 15432 1918485
> T 11 4 16
< T 16 8 16
> F 0 32768
< F 2696804
> V 0 32768
< V 13439 2045733
> T 11 5 16
< T 16 9 16
> F 0 32768
< F 2696798
> V 0 32768
< V 7579 2127477
> T 11 6 16
< T 16 10 16
> F 0 32768
< F 2696796
> V 0 32768
< V 4042 2395745
> T 11 7 16
< T 16 11 16
> F 0 32768
< F 2696792
> V 0 32768
< V 2041 2476865
> T 11 8 16
< T 16 12 16
> F 0 32768
< F 2696768
> V 0 32768
< V 2048 2801501
> T 11 9 16
< T 16 13 16
> F 0 32768
< F 2696800
> V 0 32768
< V 768 2911885
> T 11 10 16
< T 16 14 16
> F 0 32768
< F 2696768
> V 0 32768
< V 0 3108458
> T 0 10 16
< T 4 14 16
> F 0 32768
< F 1035760
> V 0 32768
< V 0 3108450
> T 0 10 16
< T 4 14 16
> R 96
< R 96 5603
> R 32
< R 32 2290
> W 96
< W 96 2379
> W 32
< W 32 907
> Q 0
< Q 0
> U 0
< U 0
> Y 0
< Y 0
> B 1 0
< B ok
> T 0 10 96
< T 4 14 96
> F 0 1048576
< F 27380427
> V 0 1048576
< V 864 63824911
> T 0 11 16
< T 4 16 16
> R 96
< R 96 6014
> R 32
< R 32 2445
> W 96
< W 96 2379
> W 32
< W 32 907
> Q 0
< Q 0
> U 0
< U 0
> Y 0
< Y 0
> B 1 0
< B ok
> T 0 11 96
< T 4 16 96
> F 0 1048576
< F 27380456
> V 0 1048576
< V 0 68012244
> V 0 1048576
< V 0 68012260
> V 0 1048576
< V 0 68012242
> V 0 1048576
< V 0 68012279
> Q 0
< Q 0
> U 0
< U 0
> Y 0
< Y 0
> B 2 0
< B ok
> T 11 14 16
< T 16 24 16
> T 11 0 16
< T 16 4 16
> F 0 32768
< F 2696799
> V 0 32768
< V 32640 1584685
> T 11 1 16
< T 16 5 16
> F 0 32768
< F 2696769
> V 0 32768
< V 32513 1811982
> T 11 2 16
< T 16 6 16
> F 0 32768
< F 2696773
> V 0 32768
< V 32640 1857046
> T 11 3 16
< T 16 7 16
> F 0 32768
< F 2696797
> V 0 32768
< V 32761 1918480
> T 11 4 16
< T 16 8 16
> F 0 32768
< F 2696797
> V 0 32768
< V 32640 2045768
> T 11 5 16
< T 16 9 16
> F 0 32768
< F 2696796
> V 0 32768
< V 32640 2127475
> T 11 6 16
< T 16 10 16
> F 0 32768
< F 2696794
> V 0 32768
< V 32641 2395744
> T 11 7 16
< T 16 11 16
> F 0 32768
< F 2696771
> V 0 32768
< V 32640 2476870
> T 11 8 16
< T 16 12 16
> F 0 32768
< F 2696768
> V 0 32768
< V 32639 2801499
> T 11 9 16
< T 16 13 16
> F 0 32768
< F 2696770
> V 0 32768
< V 32640 2911878
> T 11 10 16
< T 16 14 16
> F 0 32768
< F 2696796
> V 0 32768
< V 32640 3108449
> T 11 11 16
< T 16 16 16
> F 0 32768
< F 2696764
> V 0 32768
< V 32642 3237655
> T 11 12 16
< T 16 18 16
> F 0 32768
< F 2696764
> V 0 32768
< V 32640 3532447
> T 11 13 16
< T 16 20 16
> F 0 32768
< F 2696801
> V 0 32768
< V 32640 3573624
> T 11 14 16
< T 16 24 16
> F 0 32768
< F 2696799
> V 0 32768
< V 32765 4660947
> Q 0
< Q 0
> U 16
< U 16
> Y 0
< Y 0
> B 2 0
< B ok
> T 11 14 16
< T 16 24 16
> T 11 0 16
< T 16 4 16
> F 0 32768
< F 2807404
> V 0 32768
< V 32472 1695292
> T 11 1 16
< T 16 5 16
> F 0 32768
< F 2807369
> V 0 32768
< V 32516 1920528
> T 11 2 16
< T 16 6 16
> F 0 32768
< F 2807366
> V 0 32768
< V 32640 1965602
> T 11 3 16
< T 16 7 16
> F 0 32768
< F 2807403
> V 0 32768
< V 32766 2027053
> T 11 4 16
< T 16 8 16
> F 0 32768
< F 2807399
> V 0 32768
< V 32640 2156361
> T 11 5 16
< T 16 9 16
> F 0 32768
< F 2807369
> V 0 32768
< V 32639 2238107
> T 11 6 16
< T 16 10 16
> F 0 32768
< F 2807373
> V 0 32768
< V 32640 2506361
> T 11 7 16
< T 16 11 16
> F 0 32768
< F 2807403
> V 0 32768
< V 32640 2587485
> T 11 8 16
< T 16 12 16
> F 0 32768
< F 2807404
> V 0 32768
< V 32642 2912126
> T 11 9 16
< T 16 13 16
> F 0 32768
< F 2807399
> V 0 32768
< V 32640 3022530
> T 11 10 16
< T 16 14 16
> F 0 32768
< F 2807369
> V 0 32768
< V 32640 3217047
> T 11 11 16
< T 16 16 16
> F 0 32768
< F 2807399
> V 0 32768
< V 32640 3348299
> T 11 12 16
< T 16 18 16
> F 0 32768
< F 2807368
> V 0 32768
< V 32640 3643054
> T 11 13 16
< T 16 20 16
> F 0 32768
< F 2807398
> V 0 32768
< V 32640 3684217
> T 11 14 16
< T 16 24 16
> F 0 32768
< F 2807405
> V 0 32768
< V 32765 4773631
> Q 1
< Q 1
> U 0
< U 0
> Y 0
< Y 0
> B 2 0
< B ok
> T 11 14 16
< T 16 24 16
> T 11 0 16
< T 16 4 16
> F 0 32768
< F 7853921
> V 0 32768
< V 32640 5828336
> T 11 1 16
< T 16 5 16
> F 0 32768
< F 7853893
> V 0 32768
< V 32640 6119192
> T 11 2 16
< T 16 6 16
> F 0 32768
< F 7853924
> V 0 32768
< V 32640 6221577
> T 11 3 16
< T 16 7 16
> F 0 32768
< F 7853901
> V 0 32768
< V 32640 6512438
> T 11 4 16
< T 16 8 16
> F 0 32768
< F 7853896
> V 0 32768
< V 32640 6876959
> T 11 5 16
< T 16 9 16
> F 0 32768
< F 7853897
> V 0 32768
< V 32640 7169912
> T 11 6 16
< T 16 10 16
> F 0 32768
< F 7853897
> V 0 32768
< V 32640 7499717
> T 11 7 16
< T 16 11 16
> F 0 32768
< F 7853892
> V 0 32768
< V 32640 7825286
> T 11 8 16
< T 16 12 16
> F 0 32768
< F 7853896
> V 0 32768
< V 32640 8155010
> T 11 9 16
< T 16 13 16
> F 0 32768
< F 7853898
> V 0 32768
< V 32640 8480701
> T 11 10 16
< T 16 14 16
> F 0 32768
< F 7853892
> V 0 32768
< V 32624 8804270
> T 11 11 16
< T 16 16 16
> F 0 32768
< F 7853894
> V 0 32768
< V 32640 9459653
> T 11 12 16
< T 16 18 16
> F 0 32768
< F 7853901
> V 0 32768
< V 32624 10121257
> T 11 13 16
< T 16 20 16
> F 0 32768
< F 7853927
> V 0 32768
< V 32624 10913875
> T 11 14 16
< T 16 24 16
> F 0 32768
< F 7853895
> V 0 32768
< V 32624 13265048
> Q 1
< Q 1
> U 16
< U 16
> Y 0
< Y 0
> B 2 0
< B ok
> T 11 14 16
< T 16 24 16
> T 11 0 16
< T 16 4 16
> F 0 32768
< F 7968588
> V 0 32768
< V 28368 5938921
> T 11 1 16
< T 16 5 16
> F 0 32768
< F 7968585
> V 0 32768
< V 8193 6229774
> T 11 2 16
< T 16 6 16
> F 0 32768
< F 7968589
> V 0 32768
< V 25 6332166
> T 11 3 16
< T 16 7 16
> F 0 32768
< F 7968588
> V 0 32768
< V 0 6623040
> T 0 3 16
< T 4 7 16
> F 0 32768
< F 4073073
> V 0 32768
< V 0 6623029
> T 0 3 16
< T 4 7 16
> R 96
< R 96 16222
> R 32
< R 32 5982
> W 96
< W 96 9574
> W 32
< W 32 3508
> Q 1
< Q 1
> U 16
< U 16
> Y 0
< Y 0
> B 2 0
< B ok
> T 0 3 72
< T 4 7 72
> F 0 1048576
< F 105643318
> V 0 1048576
< V 1 181686765
> T 0 4 16
< T 4 8 16
> R 96
< R 96 17128
> R 32
< R 32 6306
> W 96
< W 96 9574
> W 32
< W 32 3508
> Q 1
< Q 1
> U 16
< U 16
> Y 0
< Y 0
> B 2 0
< B ok
> T 0 4 64
< T 4 8 64
> F 0 1048576
< F 106510705
> V 0 1048576
< V 1 192744254
> T 0 5 16
< T 4 9 16
> R 96
< R 96 17820
> R 32
< R 32 6559
> W 96
< W 96 9573
> W 32
< W 32 3508
> Q 1
< Q 1
> U 16
< U 16
> Y 0
< Y 0
> B 2 0
< B ok
> T 0 5 64
< T 4 9 64
> F 0 1048576
< F 106510741
> V 0 1048576
< V 1 200593649
> T 0 6 16
< T 4 10 16
> R 96
< R 96 18623
> R 32
< R 32 6850
> W 96
< W 96 9573
> W 32
< W 32 3508
> Q 1
< Q 1
> U 16
< U 16
> Y 0
< Y 0
> B 2 0
< B ok
> T 0 6 56
< T 4 10 56
> F 0 1048576
< F 107687850
> V 0 1048576
< V 1 211208030
> T 0 7 16
< T 4 11 16
> R 96
< R 96 19423
> R 32
< R 32 7135
> W 96
< W 96 9573
> W 32
< W 32 3508
> Q 1
< Q 1
> U 16
< U 16
> Y 0
< Y 0
> B 2 0
< B ok
> T 0 7 56
< T 4 11 56
> F 0 1048576
< F 107687878
> V 0 1048576
< V 1 220176264
> T 0 8 16
< T 4 12 16
> R 96
< R 96 20226
> R 32
< R 32 7426
> W 96
< W 96 9573
> W 32
< W 32 3508
> Q 1
< Q 1
> U 16
< U 16
> Y 0
< Y 0
> B 2 0
< B ok
> T 0 8 56
< T 4 12 56
> F 0 1048576
< F 107687852
> V 0 1048576
< V 0 229186313
> V 0 1048576
< V 0 229186261
> V 0 1048576
< V 0 229186267
> V 0 1048576
< V 0 229186306
> Q 2
< Q 2
> J 8
< J 8
> U 0
< U 0
> Y 0
< Y 0
> B 2 0
< B ok
> T 11 14 16
< T 16 24 16
> T 11 0 16
< T 16 4 16
> F 0 32768
< F 7853894
> V 0 32768
< V 32640 5969659
> T 11 1 16
< T 16 5 16
> F 0 32768
< F 7853900
> V 0 32768
< V 32640 6254360
> T 11 2 16
< T 16 6 16
> F 0 32768
< F 7853890
> V 0 32768
< V 32640 6395647
> T 11 3 16
< T 16 7 16
> F 0 32768
< F 7853892
> V 0 32768
< V 32640 6680402
> T 11 4 16
< T 16 8 16
> F 0 32768
< F 7853895
> V 0 32768
< V 32640 7051080
> T 11 5 16
< T 16 9 16
> F 0 32768
< F 7853924
> V 0 32768
< V 32640 7368533
> T 11 6 16
< T 16 10 16
> F 0 32768
< F 7853893
> V 0 32768
< V 32640 7739241
> T 11 7 16
< T 16 11 16
> F 0 32768
< F 7853930
> V 0 32768
< V 32640 8056683
> T 11 8 16
< T 16 12 16
> F 0 32768
< F 7853897
> V 0 32768
< V 32640 8427399
> T 11 9 16
< T 16 13 16
> F 0 32768
< F 7853894
> V 0 32768
< V 32640 8775621
> T 11 10 16
< T 16 14 16
> F 0 32768
< F 7853895
> V 0 32768
< V 32640 9152480
> T 11 11 16
< T 16 16 16
> F 0 32768
< F 7853902
> V 0 32768
< V 32640 9840624
> T 11 12 16
< T 16 18 16
> F 0 32768
< F 7853896
> V 0 32768
< V 32640 10524657
> T 11 13 16
< T 16 20 16
> F 0 32768
< F 7853893
> V 0 32768
< V 32624 11288707
> T 11 14 16
< T 16 24 16
> F 0 32768
< F 7853898
> V 0 32768
< V 32624 13705391
> Q 2
< Q 2
> J 8
< J 8
> U 16
< U 16
> Y 0
< Y 0
> B 2 0
< B ok
> T 11 14 16
< T 16 24 16
> T 11 0 16
< T 16 4 16
> F 0 32768
< F 7968584
> V 0 32768
< V 28757 6080271
> T 11 1 16
< T 16 5 16
> F 0 32768
< F 7968619
> V 0 32768
< V 20224 6364975
> T 11 2 16
< T 16 6 16
> F 0 32768
< F 7968589
> V 0 32768
< V 8387 6506290
> T 11 3 16
< T 16 7 16
> F 0 32768
< F 7968589
> V 0 32768
< V 0 6790959
> T 0 3 16
< T 4 7 16
> F 0 32768
< F 4073104
> V 0 32768
< V 0 6790957
> T 0 3 16
< T 4 7 16
> R 96
< R 96 16226
> R 32
< R 32 6047
> W 96
< W 96 9573
> W 32
< W 32 3508
> Q 2
< Q 2
> J 8
< J 8
> U 16
< U 16
> Y 0
< Y 0
> B 2 0
< B ok
> T 0 3 72
< T 4 7 72
> F 0 1048576
< F 105643334
> V 0 1048576
< V 0 182067964
> V 0 1048576
< V 0 182067964
> V 0 1048576
< V 0 182067951
> V 0 1048576
< V 0 182067944
> Q 0
< Q 0
> U 0
< U 0
> Y 0
< Y 0
> B 2 1
< B ok
> T 11 14 16
< T 16 24 16
> T 11 0 16
< T 16 4 16
> F 0 32768
< F 2696765
> V 0 32768
< V 32640 1584716
> T 11 1 16
< T 16 5 16
> F 0 32768
< F 2696802
> V 0 32768
< V 32520 1811982
> T 11 2 16
< T 16 6 16
> F 0 32768
< F 2696768
> V 0 32768
< V 32640 1857047
> T 11 3 16
< T 16 7 16
> F 0 32768
< F 2696764
> V 0 32768
< V 32767 1918511
> T 11 4 16
< T 16 8 16
> F 0 32768
< F 2696770
> V 0 32768
< V 32640 2045755
> T 11 5 16
< T 16 9 16
> F 0 32768
< F 2696768
> V 0 32768
< V 32640 2127505
> T 11 6 16
< T 16 10 16
> F 0 32768
< F 2696770
> V 0 32768
< V 32640 2395742
> T 11 7 16
< T 16 11 16
> F 0 32768
< F 2696761
> V 0 32768
< V 32640 2476870
> T 11 8 16
< T 16 12 16
> F 0 32768
< F 2696789
> V 0 32768
< V 32638 2801479
> T 11 9 16
< T 16 13 16
> F 0 32768
< F 2696799
> V 0 32768
< V 32640 2911922
> T 11 10 16
< T 16 14 16
> F 0 32768
< F 2696767
> V 0 32768
< V 32640 3108460
> T 11 11 16
< T 16 16 16
> F 0 32768
< F 2696795
> V 0 32768
< V 32640 3237665
> T 11 12 16
< T 16 18 16
> F 0 32768
< F 2696793
> V 0 32768
< V 32640 3532414
> T 11 13 16
< T 16 20 16
> F 0 32768
< F 2696802
> V 0 32768
< V 32640 3573630
> T 11 14 16
< T 16 24 16
> F 0 32768
< F 2696797
> V 0 32768
< V 32765 4660949
> Q 0
< Q 0
> U 16
< U 16
> Y 0
< Y 0
> B 2 1
< B ok
> T 11 14 16
< T 16 24 16
> T 11 0 16
< T 16 4 16
> F 0 32768
< F 2807372
> V 0 32768
< V 32112 1695299
> T 11 1 16
< T 16 5 16
> F 0 32768
< F 2807377
> V 0 32768
< V 32256 1920529
> T 11 2 16
< T 16 6 16
> F 0 32768
< F 2807394
> V 0 32768
< V 32640 1965606
> T 11 3 16
< T 16 7 16
> F 0 32768
< F 2807404
> V 0 32768
< V 32764 2027052
> T 11 4 16
< T 16 8 16
> F 0 32768
< F 2807402
> V 0 32768
< V 32640 2156349
> T 11 5 16
< T 16 9 16
> F 0 32768
< F 2807357
> V 0 32768
< V 24214 2238140
> T 11 6 16
< T 16 10 16
> F 0 32768
< F 2807399
> V 0 32768
< V 22809 2506331
> T 11 7 16
< T 16 11 16
> F 0 32768
< F 2807405
> V 0 32768
< V 22756 2587483
> T 11 8 16
< T 16 12 16
> F 0 32768
< F 2807402
> V 0 32768
< V 12265 2912123
> T 11 9 16
< T 16 13 16
> F 0 32768
< F 2807371
> V 0 32768
< V 9378 3022529
> T 11 10 16
< T 16 14 16
> F 0 32768
< F 2807400
> V 0 32768
< V 9813 3217021
> T 11 11 16
< T 16 16 16
> F 0 32768
< F 2807404
> V 0 32768
< V 32006 3348295
> T 11 12 16
< T 16 18 16
> F 0 32768
< F 2807399
> V 0 32768
< V 32640 3643054
> T 11 13 16
< T 16 20 16
> F 0 32768
< F 2807401
> V 0 32768
< V 32640 3684224
> T 11 14 16
< T 16 24 16
> F 0 32768
< F 2807358
> V 0 32768
< V 32766 4773648
> Q 1
< Q 1
> U 0
< U 0
> Y 0
< Y 0
> B 2 1
< B ok
> T 11 14 16
< T 16 24 16
> T 11 0 16
< T 16 4 16
> F 0 32768
< F 7853928
> V 0 32768
< V 32640 5828372
> T 11 1 16
< T 16 5 16
> F 0 32768
< F 7853890
> V 0 32768
< V 32640 6119180
> T 11 2 16
< T 16 6 16
> F 0 32768
< F 7853900
> V 0 32768
< V 32640 6221611
> T 11 3 16
< T 16 7 16
> F 0 32768
< F 7853923
> V 0 32768
< V 32640 6512430
> T 11 4 16
< T 16 8 16
> F 0 32768
< F 7853892
> V 0 32768
< V 32640 6876967
> T 11 5 16
< T 16 9 16
> F 0 32768
< F 7853895
> V 0 32768
< V 32640 7169892
> T 11 6 16
< T 16 10 16
> F 0 32768
< F 7853895
> V 0 32768
< V 32640 7499736
> T 11 7 16
< T 16 11 16
> F 0 32768
< F 7853894
> V 0 32768
< V 32640 7825293
> T 11 8 16
< T 16 12 16
> F 0 32768
< F 7853902
> V 0 32768
< V 32640 8155043
> T 11 9 16
< T 16 13 16
> F 0 32768
< F 7853897
> V 0 32768
< V 32640 8480731
> T 11 10 16
< T 16 14 16
> F 0 32768
< F 7853899
> V 0 32768
< V 32640 8804238
> T 11 11 16
< T 16 16 16
> F 0 32768
< F 7853902
> V 0 32768
< V 32640 9459657
> T 11 12 16
< T 16 18 16
> F 0 32768
< F 7853895
> V 0 32768
< V 32624 10121238
> T 11 13 16
< T 16 20 16
> F 0 32768
< F 7853897
> V 0 32768
< V 32624 10913829
> T 11 14 16
< T 16 24 16
> F 0 32768
< F 7853899
> V 0 32768
< V 32624 13265042
> Q 1
< Q 1
> U 16
< U 16
> Y 0
< Y 0
> B 2 1
< B ok
> T 11 14 16
< T 16 24 16
> T 11 0 16
< T 16 4 16
> F 0 32768
< F 7968619
> V 0 32768
< V 0 5938955
> T 0 0 16
< T 4 4 16
> F 0 32768
< F 4073102
> V 0 32768
< V 0 5938968
> T 0 0 16
< T 4 4 16
> R 96
< R 96 14690
> R 32
< R 32 5409
> W 96
< W 96 9574
> W 32
< W 32 3508
> Q 1
< Q 1
> U 16
< U 16
> Y 0
< Y 0
> B 2 1
< B ok
> T 0 0 80
< T 4 4 80
> F 0 1048576
< F 104961800
> V 0 1048576
< V 1 163883581
> T 0 1 16
< T 4 5 16
> R 96
< R 96 15389
> R 32
< R 32 5660
> W 96
< W 96 9574
> W 32
< W 32 3508
> Q 1
< Q 1
> U 16
< U 16
> Y 0
< Y 0
> B 2 1
< B ok
> T 0 1 72
< T 4 5 72
> F 0 1048576
< F 105643338
> V 0 1048576
< V 1 172363487
> T 0 2 16
< T 4 6 16
> R 96
< R 96 15522
> R 32
< R 32 5729
> W 96
< W 96 9573
> W 32
< W 32 3508
> Q 1
< Q 1
> U 16
< U 16
> Y 0
< Y 0
> B 2 1
< B ok
> T 0 2 72
< T 4 6 72
> F 0 1048576
< F 105643290
> V 0 1048576
< V 1 173908413
> T 0 3 16
< T 4 7 16
> R 96
< R 96 16222
> R 32
< R 32 5980
> W 96
< W 96 9573
> W 32
< W 32 3508
> Q 1
< Q 1
> U 16
< U 16
> Y 0
< Y 0
> B 2 1
< B ok
> T 0 3 72
< T 4 7 72
> F 0 1048576
< F 105643294
> V 0 1048576
< V 1 181686769
> T 0 4 16
< T 4 8 16
> R 96
< R 96 17128
> R 32
< R 32 6307
> W 96
< W 96 9573
> W 32
< W 32 3508
> Q 1
< Q 1
> U 16
< U 16
> Y 0
< Y 0
> B 2 1
< B ok
> T 0 4 64
< T 4 8 64
> F 0 1048576
< F 106510740
> V 0 1048576
< V 1 192744244
> T 0 5 16
< T 4 9 16
> R 96
< R 96 17822
> R 32
< R 32 6559
> W 96
< W 96 9573
> W 32
< W 32 3508
> Q 1
< Q 1
> U 16
< U 16
> Y 0
< Y 0
> B 2 1
< B ok
> T 0 5 64
< T 4 9 64
> F 0 1048576
< F 106510740
> V 0 1048576
< V 1 200593642
> T 0 6 16
< T 4 10 16
> R 96
< R 96 18626
> R 32
< R 32 6851
> W 96
< W 96 9573
> W 32
< W 32 3508
> Q 1
< Q 1
> U 16
< U 16
> Y 0
< Y 0
> B 2 1
< B ok
> T 0 6 56
< T 4 10 56
> F 0 1048576
< F 107687842
> V 0 1048576
< V 1 211208078
> T 0 7 16
< T 4 11 16
> R 96
< R 96 19423
> R 32
< R 32 7133
> W 96
< W 96 9574
> W 32
< W 32 3508
> Q 1
< Q 1
> U 16
< U 16
> Y 0
< Y 0
> B 2 1
< B ok
> T 0 7 56
< T 4 11 56
> F 0 1048576
< F 107687856
> V 0 1048576
< V 0 220176220
> V 0 1048576
< V 0 220176272
> V 0 1048576
< V 0 220176230
> V 0 1048576
< V 0 220176271
> Q 2
< Q 2
> J 8
< J 8
> U 0
< U 0
> Y 0
< Y 0
> B 2 1
< B ok
> T 11 14 16
< T 16 24 16
> T 11 0 16
< T 16 4 16
> F 0 32768
< F 7853897
> V 0 32768
< V 32640 5969663
> T 11 1 16
< T 16 5 16
> F 0 32768
< F 7853890
> V 0 32768
< V 32640 6254334
> T 11 2 16
< T 16 6 16
> F 0 32768
< F 7853892
> V 0 32768
< V 32562 6395672
> T 11 3 16
< T 16 7 16
> F 0 32768
< F 7853898
> V 0 32768
< V 32640 6680352
> T 11 4 16
< T 16 8 16
> F 0 32768
< F 7853899
> V 0 32768
< V 32640 7051085
> T 11 5 16
< T 16 9 16
> F 0 32768
< F 7853896
> V 0 32768
< V 32640 7368546
> T 11 6 16
< T 16 10 16
> F 0 32768
< F 7853896
> V 0 32768
< V 32640 7739243
> T 11 7 16
< T 16 11 16
> F 0 32768
< F 7853897
> V 0 32768
< V 32640 8056690
> T 11 8 16
< T 16 12 16
> F 0 32768
< F 7853896
> V 0 32768
< V 32640 8427399
> T 11 9 16
< T 16 13 16
> F 0 32768
< F 7853899
> V 0 32768
< V 32640 8775623
> T 11 10 16
< T 16 14 16
> F 0 32768
< F 7853900
> V 0 32768
< V 32640 9152474
> T 11 11 16
< T 16 16 16
> F 0 32768
< F 7853894
> V 0 32768
< V 32640 9840624
> T 11 12 16
< T 16 18 16
> F 0 32768
< F 7853894
> V 0 32768
< V 32640 10524641
> T 11 13 16
< T 16 20 16
> F 0 32768
< F 7853895
> V 0 32768
< V 32624 11288684
> T 11 14 16
< T 16 24 16
> F 0 32768
< F 7853898
> V 0 32768
< V 32624 13705392
> Q 2
< Q 2
> J 8
< J 8
> U 16
< U 16
> Y 0
< Y 0
> B 2 1
< B ok
> T 11 14 16
< T 16 24 16
> T 11 0 16
< T 16 4 16
> F 0 32768
< F 7968621
> V 0 32768
< V 9541 6080270
> T 11 1 16
< T 16 5 16
> F 0 32768
< F 7968588
> V 0 32768
< V 16368 6364932
> T 11 2 16
< T 16 6 16
> F 0 32768
< F 7968585
> V 0 32768
< V 0 6506265
> T 0 2 16
< T 4 6 16
> F 0 32768
< F 4073074
> V 0 32768
< V 0 6506259
> T 0 2 16
< T 4 6 16
> R 96
< R 96 15607
> R 32
< R 32 5815
> W 96
< W 96 9573
> W 32
< W 32 3508
> Q 2
< Q 2
> J 8
< J 8
> U 16
< U 16
> Y 0
< Y 0
> B 2 1
< B ok
> T 0 2 72
< T 4 6 72
> F 0 1048576
< F 105643307
> V 0 1048576
< V 0 175148835
> V 0 1048576
< V 0 175148846
> V 0 1048576
< V 0 175148831
> V 0 1048576
< V 0 175148846
> Q 0
< Q 0
> U 0
< U 0
> Y 0
< Y 0
> B 2 2
< B ok
> T 11 14 16
< T 16 24 16
> T 11 0 16
< T 16 4 16
> F 0 32768
< F 2696771
> V 0 32768
< V 32640 1584705
> T 11 1 16
< T 16 5 16
> F 0 32768
< F 2696803
> V 0 32768
< V 32521 1811983
> T 11 2 16
< T 16 6 16
> F 0 32768
< F 2696771
> V 0 32768
< V 32703 1857052
> T 11 3 16
< T 16 7 16
> F 0 32768
< F 2696768
> V 0 32768
< V 32764 1918528
> T 11 4 16
< T 16 8 16
> F 0 32768
< F 2696770
> V 0 32768
< V 32642 2045753
> T 11 5 16
< T 16 9 16
> F 0 32768
< F 2696801
> V 0 32768
< V 32640 2127477
> T 11 6 16
< T 16 10 16
> F 0 32768
< F 2696770
> V 0 32768
< V 32640 2395736
> T 11 7 16
< T 16 11 16
> F 0 32768
< F 2696798
> V 0 32768
< V 32640 2476874
> T 11 8 16
< T 16 12 16
> F 0 32768
< F 2696794
> V 0 32768
< V 32640 2801503
> T 11 9 16
< T 16 13 16
> F 0 32768
< F 2696798
> V 0 32768
< V 32640 2911928
> T 11 10 16
< T 16 14 16
> F 0 32768
< F 2696770
> V 0 32768
< V 32640 3108456
> T 11 11 16
< T 16 16 16
> F 0 32768
< F 2696801
> V 0 32768
< V 32639 3237652
> T 11 12 16
< T 16 18 16
> F 0 32768
< F 2696800
> V 0 32768
< V 32640 3532447
> T 11 13 16
< T 16 20 16
> F 0 32768
< F 2696765
> V 0 32768
< V 32640 3573635
> T 11 14 16
< T 16 24 16
> F 0 32768
< F 2696799
> V 0 32768
< V 32768 4660981
> Q 0
< Q 0
> U 16
< U 16
> Y 0
< Y 0
> B 2 2
< B ok
> T 11 14 16
< T 16 24 16
> T 11 0 16
< T 16 4 16
> F 0 32768
< F 2807399
> V 0 32768
< V 32352 1695297
> T 11 1 16
< T 16 5 16
> F 0 32768
< F 2807403
> V 0 32768
< V 32384 1920528
> T 11 2 16
< T 16 6 16
> F 0 32768
< F 2807365
> V 0 32768
< V 32720 1965632
> T 11 3 16
< T 16 7 16
> F 0 32768
< F 2807364
> V 0 32768
< V 32766 2027071
> T 11 4 16
< T 16 8 16
> F 0 32768
< F 2807400
> V 0 32768
< V 32640 2156311
> T 11 5 16
< T 16 9 16
> F 0 32768
< F 2807402
> V 0 32768
< V 32639 2238135
> T 11 6 16
< T 16 10 16
> F 0 32768
< F 2807399
> V 0 32768
< V 32640 2506338
> T 11 7 16
< T 16 11 16
> F 0 32768
< F 2807393
> V 0 32768
< V 28561 2587472
> T 11 8 16
< T 16 12 16
> F 0 32768
< F 2807402
> V 0 32768
< V 21345 2912122
> T 11 9 16
< T 16 13 16
> F 0 32768
< F 2807404
> V 0 32768
< V 17794 3022526
> T 11 10 16
< T 16 14 16
> F 0 32768
< F 2807403
> V 0 32768
< V 18876 3217020
> T 11 11 16
< T 16 16 16
> F 0 32768
< F 2807370
> V 0 32768
< V 14265 3348299
> T 11 12 16
< T 16 18 16
> F 0 32768
< F 2807401
> V 0 32768
< V 12046 3643047
> T 11 13 16
< T 16 20 16
> F 0 32768
< F 2807403
> V 0 32768
< V 12859 3684221
> T 11 14 16
< T 16 24 16
> F 0 32768
< F 2807372
> V 0 32768
< V 18110 4773633
> Q 1
< Q 1
> U 0
< U 0
> Y 0
< Y 0
> B 2 2
< B ok
> T 11 14 16
< T 16 24 16
> T 11 0 16
< T 16 4 16
> F 0 32768
< F 7853899
> V 0 32768
< V 32640 5828354
> T 11 1 16
< T 16 5 16
> F 0 32768
< F 7853898
> V 0 32768
< V 32640 6119179
> T 11 2 16
< T 16 6 16
> F 0 32768
< F 7853890
> V 0 32768
< V 32640 6221579
> T 11 3 16
< T 16 7 16
> F 0 32768
< F 7853902
> V 0 32768
< V 32640 6512419
> T 11 4 16
< T 16 8 16
> F 0 32768
< F 7853898
> V 0 32768
< V 32640 6876962
> T 11 5 16
< T 16 9 16
> F 0 32768
< F 7853903
> V 0 32768
< V 32640 7169908
> T 11 6 16
< T 16 10 16
> F 0 32768
< F 7853892
> V 0 32768
< V 32640 7499748
> T 11 7 16
< T 16 11 16
> F 0 32768
< F 7853896
> V 0 32768
< V 32640 7825301
> T 11 8 16
< T 16 12 16
> F 0 32768
< F 7853891
> V 0 32768
< V 32640 8155015
> T 11 9 16
< T 16 13 16
> F 0 32768
< F 7853897
> V 0 32768
< V 32640 8480704
> T 11 10 16
< T 16 14 16
> F 0 32768
< F 7853898
> V 0 32768
< V 32640 8804271
> T 11 11 16
< T 16 16 16
> F 0 32768
< F 7853897
> V 0 32768
< V 32640 9459656
> T 11 12 16
< T 16 18 16
> F 0 32768
< F 7853900
> V 0 32768
< V 32640 10121248
> T 11 13 16
< T 16 20 16
> F 0 32768
< F 7853930
> V 0 32768
< V 32640 10913861
> T 11 14 16
< T 16 24 16
> F 0 32768
< F 7853892
> V 0 32768
< V 32640 13265075
> Q 1
< Q 1
> U 16
< U 16
> Y 0
< Y 0
> B 2 2
< B ok
> T 11 14 16
< T 16 24 16
> T 11 0 16
< T 16 4 16
> F 0 32768
< F 7968591
> V 0 32768
< V 24390 5938964
> T 11 1 16
< T 16 5 16
> F 0 32768
< F 7968622
> V 0 32768
< V 6203 6229775
> T 11 2 16
< T 16 6 16
> F 0 32768
< F 7968589
> V 0 32768
< V 1 6332185
> T 11 3 16
< T 16 7 16
> F 0 32768
< F 7968614
> V 0 32768
< V 0 6623035
> T 0 3 16
< T 4 7 16
> F 0 32768
< F 4073072
> V 0 32768
< V 0 6623019
> T 0 3 16
< T 4 7 16
> R 96
< R 96 16222
> R 32
< R 32 5979
> W 96
< W 96 9573
> W 32
< W 32 3508
> Q 1
< Q 1
> U 16
< U 16
> Y 0
< Y 0
> B 2 2
< B ok
> T 0 3 72
< T 4 7 72
> F 0 1048576
< F 105643298
> V 0 1048576
< V 2 181686763
> T 0 4 16
< T 4 8 16
> R 96
< R 96 17128
> R 32
< R 32 6309
> W 96
< W 96 9573
> W 32
< W 32 3508
> Q 1
< Q 1
> U 16
< U 16
> Y 0
< Y 0
> B 2 2
< B ok
> T 0 4 64
< T 4 8 64
> F 0 1048576
< F 106510776
> V 0 1048576
< V 1 192744309
> T 0 5 16
< T 4 9 16
> R 96
< R 96 17821
> R 32
< R 32 6559
> W 96
< W 96 9574
> W 32
< W 32 3508
> Q 1
< Q 1
> U 16
< U 16
> Y 0
< Y 0
> B 2 2
< B ok
> T 0 5 64
< T 4 9 64
> F 0 1048576
< F 106510740
> V 0 1048576
< V 1 200593641
> T 0 6 16
< T 4 10 16
> R 96
< R 96 18626
> R 32
< R 32 6847
> W 96
< W 96 9573
> W 32
< W 32 3508
> Q 1
< Q 1
> U 16
< U 16
> Y 0
< Y 0
> B 2 2
< B ok
> T 0 6 56
< T 4 10 56
> F 0 1048576
< F 107687882
> V 0 1048576
< V 1 211208042
> T 0 7 16
< T 4 11 16
> R 96
< R 96 19423
> R 32
< R 32 7135
> W 96
< W 96 9573
> W 32
< W 32 3508
> Q 1
< Q 1
> U 16
< U 16
> Y 0
< Y 0
> B 2 2
< B ok
> T 0 7 56
< T 4 11 56
> F 0 1048576
< F 107687892
> V 0 1048576
< V 0 220176252
> V 0 1048576
< V 0 220176267
> V 0 1048576
< V 0 220176281
> V 0 1048576
< V 0 220176278
> Q 2
< Q 2
> J 8
< J 8
> U 0
< U 0
> Y 0
< Y 0
> B 2 2
< B ok
> T 11 14 16
< T 16 24 16
> T 11 0 16
< T 16 4 16
> F 0 32768
< F 7853895
> V 0 32768
< V 32640 5969658
> T 11 1 16
< T 16 5 16
> F 0 32768
< F 7853900
> V 0 32768
< V 32640 6254373
> T 11 2 16
< T 16 6 16
> F 0 32768
< F 7853901
> V 0 32768
< V 32640 6395670
> T 11 3 16
< T 16 7 16
> F 0 32768
< F 7853901
> V 0 32768
< V 32640 6680354
> T 11 4 16
< T 16 8 16
> F 0 32768
< F 7853897
> V 0 32768
< V 32640 7051071
> T 11 5 16
< T 16 9 16
> F 0 32768
< F 7853900
> V 0 32768
< V 32640 7368535
> T 11 6 16
< T 16 10 16
> F 0 32768
< F 7853897
> V 0 32768
< V 32640 7739243
> T 11 7 16
< T 16 11 16
> F 0 32768
< F 7853896
> V 0 32768
< V 32640 8056686
> T 11 8 16
< T 16 12 16
> F 0 32768
< F 7853889
> V 0 32768
< V 32640 8427399
> T 11 9 16
< T 16 13 16
> F 0 32768
< F 7853892
> V 0 32768
< V 32640 8775621
> T 11 10 16
< T 16 14 16
> F 0 32768
< F 7853899
> V 0 32768
< V 32640 9152519
> T 11 11 16
< T 16 16 16
> F 0 32768
< F 7853904
> V 0 32768
< V 32640 9840626
> T 11 12 16
< T 16 18 16
> F 0 32768
< F 7853902
> V 0 32768
< V 32640 10524690
> T 11 13 16
< T 16 20 16
> F 0 32768
< F 7853898
> V 0 32768
< V 32624 11288673
> T 11 14 16
< T 16 24 16
> F 0 32768
< F 7853901
> V 0 32768
< V 32608 13705389
> Q 2
< Q 2
> J 8
< J 8
> U 16
< U 16
> Y 0
< Y 0
> B 2 2
< B ok
> T 11 14 16
< T 16 24 16
> T 11 0 16
< T 16 4 16
> F 0 32768
< F 7968584
> V 0 32768
< V 25335 6080279
> T 11 1 16
< T 16 5 16
> F 0 32768
< F 7968590
> V 0 32768
< V 5339 6364976
> T 11 2 16
< T 16 6 16
> F 0 32768
< F 7968584
> V 0 32768
< V 7027 6506283
> T 11 3 16
< T 16 7 16
> F 0 32768
< F 7968590
> V 0 32768
< V 0 6790957
> T 0 3 16
< T 4 7 16
> F 0 32768
< F 4073074
> V 0 32768
< V 0 6790948
> T 0 3 16
< T 4 7 16
> R 96
< R 96 16226
> R 32
< R 32 6045
> W 96
< W 96 9573
> W 32
< W 32 3508
> Q 2
< Q 2
> J 8
< J 8
> U 16
< U 16
> Y 0
< Y 0
> B 2 2
< B ok
> T 0 3 72
< T 4 7 72
> F 0 1048576
< F 105643322
> V 0 1048576
< V 0 182067996
> V 0 1048576
< V 0 182067975
> V 0 1048576
< V 0 182067993
> V 0 1048576
< V 0 182067973
> Q 0
< Q 0
> U 0
< U 0
> Y 0
< Y 0
> B 2 3
< B ok
> T 11 14 16
< T 16 24 16
> T 11 0 16
< T 16 4 16
> F 0 32768
< F 2696769
> V 0 32768
< V 32640 1584676
> T 11 1 16
< T 16 5 16
> F 0 32768
< F 2696797
> V 0 32768
< V 32514 1812007
> T 11 2 16
< T 16 6 16
> F 0 32768
< F 2696771
> V 0 32768
< V 32761 1857048
> T 11 3 16
< T 16 7 16
> F 0 32768
< F 2696773
> V 0 32768
< V 32768 1918498
> T 11 4 16
< T 16 8 16
> F 0 32768
< F 2696800
> V 0 32768
< V 32642 2045714
> T 11 5 16
< T 16 9 16
> F 0 32768
< F 2696803
> V 0 32768
< V 32640 2127502
> T 11 6 16
< T 16 10 16
> F 0 32768
< F 2696766
> V 0 32768
< V 32641 2395740
> T 11 7 16
< T 16 11 16
> F 0 32768
< F 2696802
> V 0 32768
< V 32640 2476872
> T 11 8 16
< T 16 12 16
> F 0 32768
< F 2696766
> V 0 32768
< V 32679 2801515
> T 11 9 16
< T 16 13 16
> F 0 32768
< F 2696764
> V 0 32768
< V 32640 2911915
> T 11 10 16
< T 16 14 16
> F 0 32768
< F 2696799
> V 0 32768
< V 32640 3108451
> T 11 11 16
< T 16 16 16
> F 0 32768
< F 2696797
> V 0 32768
< V 32640 3237651
> T 11 12 16
< T 16 18 16
> F 0 32768
< F 2696800
> V 0 32768
< V 32640 3532448
> T 11 13 16
< T 16 20 16
> F 0 32768
< F 2696764
> V 0 32768
< V 32640 3573638
> T 11 14 16
< T 16 24 16
> F 0 32768
< F 2696764
> V 0 32768
< V 32755 4660977
> Q 0
< Q 0
> U 16
< U 16
> Y 0
< Y 0
> B 2 3
< B ok
> T 11 14 16
< T 16 24 16
> T 11 0 16
< T 16 4 16
> F 0 32768
< F 2807371
> V 0 32768
< V 32257 1695295
> T 11 1 16
< T 16 5 16
> F 0 32768
< F 2807402
> V 0 32768
< V 32133 1920534
> T 11 2 16
< T 16 6 16
> F 0 32768
< F 2807401
> V 0 32768
< V 32759 1965614
> T 11 3 16
< T 16 7 16
> F 0 32768
< F 2807369
> V 0 32768
< V 32765 2027041
> T 11 4 16
< T 16 8 16
> F 0 32768
< F 2807403
> V 0 32768
< V 32643 2156311
> T 11 5 16
< T 16 9 16
> F 0 32768
< F 2807402
> V 0 32768
< V 32640 2238107
> T 11 6 16
< T 16 10 16
> F 0 32768
< F 2807357
> V 0 32768
< V 32641 2506366
> T 11 7 16
< T 16 11 16
> F 0 32768
< F 2807370
> V 0 32768
< V 28106 2587468
> T 11 8 16
< T 16 12 16
> F 0 32768
< F 2807401
> V 0 32768
< V 21520 2912119
> T 11 9 16
< T 16 13 16
> F 0 32768
< F 2807373
> V 0 32768
< V 15846 3022524
> T 11 10 16
< T 16 14 16
> F 0 32768
< F 2807401
> V 0 32768
< V 15748 3217016
> T 11 11 16
< T 16 16 16
> F 0 32768
< F 2807368
> V 0 32768
< V 8163 3348287
> T 11 12 16
< T 16 18 16
> F 0 32768
< F 2807403
> V 0 32768
< V 6469 3643060
> T 11 13 16
< T 16 20 16
> F 0 32768
< F 2807399
> V 0 32768
< V 12067 3684222
> T 11 14 16
< T 16 24 16
> F 0 32768
< F 2807404
> V 0 32768
< V 16863 4773634
> Q 1
< Q 1
> U 0
< U 0
> Y 0
< Y 0
> B 2 3
< B ok
> T 11 14 16
< T 16 24 16
> T 11 0 16
< T 16 4 16
> F 0 32768
< F 7853894
> V 0 32768
< V 32640 5828368
> T 11 1 16
< T 16 5 16
> F 0 32768
< F 7853933
> V 0 32768
< V 32640 6119200
> T 11 2 16
< T 16 6 16
> F 0 32768
< F 7853898
> V 0 32768
< V 32640 6221572
> T 11 3 16
< T 16 7 16
> F 0 32768
< F 7853899
> V 0 32768
< V 32640 6512408
> T 11 4 16
< T 16 8 16
> F 0 32768
< F 7853897
> V 0 32768
< V 32640 6876963
> T 11 5 16
< T 16 9 16
> F 0 32768
< F 7853900
> V 0 32768
< V 32640 7169918
> T 11 6 16
< T 16 10 16
> F 0 32768
< F 7853890
> V 0 32768
< V 32640 7499718
> T 11 7 16
< T 16 11 16
> F 0 32768
< F 7853902
> V 0 32768
< V 32640 7825291
> T 11 8 16
< T 16 12 16
> F 0 32768
< F 7853894
> V 0 32768
< V 32640 8155036
> T 11 9 16
< T 16 13 16
> F 0 32768
< F 7853903
> V 0 32768
< V 32640 8480733
> T 11 10 16
< T 16 14 16
> F 0 32768
< F 7853931
> V 0 32768
< V 32640 8804247
> T 11 11 16
< T 16 16 16
> F 0 32768
< F 7853899
> V 0 32768
< V 32640 9459664
> T 11 12 16
< T 16 18 16
> F 0 32768
< F 7853899
> V 0 32768
< V 32640 10121257
> T 11 13 16
< T 16 20 16
> F 0 32768
< F 7853890
> V 0 32768
< V 32640 10913830
> T 11 14 16
< T 16 24 16
> F 0 32768
< F 7853918
> V 0 32768
< V 32640 13265046
> Q 1
< Q 1
> U 16
< U 16
> Y 0
< Y 0
> B 2 3
< B ok
> T 11 14 16
< T 16 24 16
> T 11 0 16
< T 16 4 16
> F 0 32768
< F 7968586
> V 0 32768
< V 1 5938964
> T 11 1 16
< T 16 5 16
> F 0 32768
< F 7968585
> V 0 32768
< V 0 6229800
> T 0 1 16
< T 4 5 16
> F 0 32768
< F 4073101
> V 0 32768
< V 0 6229769
> T 0 1 16
< T 4 5 16
> R 96
< R 96 15388
> R 32
< R 32 5659
> W 96
< W 96 9574
> W 32
< W 32 3508
> Q 1
< Q 1
> U 16
< U 16
> Y 0
< Y 0
> B 2 3
< B ok
> T 0 1 72
< T 4 5 72
> F 0 1048576
< F 105643308
> V 0 1048576
< V 1 172363450
> T 0 2 16
< T 4 6 16
> R 96
< R 96 15522
> R 32
< R 32 5731
> W 96
< W 96 9573
> W 32
< W 32 3508
> Q 1
< Q 1
> U 16
< U 16
> Y 0
< Y 0
> B 2 3
< B ok
> T 0 2 72
< T 4 6 72
> F 0 1048576
< F 105643313
> V 0 1048576
< V 1 173908422
> T 0 3 16
< T 4 7 16
> R 96
< R 96 16221
> R 32
< R 32 5982
> W 96
< W 96 9573
> W 32
< W 32 3508
> Q 1
< Q 1
> U 16
< U 16
> Y 0
< Y 0
> B 2 3
< B ok
> T 0 3 72
< T 4 7 72
> F 0 1048576
< F 105643346
> V 0 1048576
< V 1 181686761
> T 0 4 16
< T 4 8 16
> R 96
< R 96 17127
> R 32
< R 32 6309
> W 96
< W 96 9573
> W 32
< W 32 3508
> Q 1
< Q 1
> U 16
< U 16
> Y 0
< Y 0
> B 2 3
< B ok
> T 0 4 64
< T 4 8 64
> F 0 1048576
< F 106510742
> V 0 1048576
< V 1 192744375
> T 0 5 16
< T 4 9 16
> R 96
< R 96 17820
> R 32
< R 32 6559
> W 96
< W 96 9573
> W 32
< W 32 3508
> Q 1
< Q 1
> U 16
< U 16
> Y 0
< Y 0
> B 2 3
< B ok
> T 0 5 64
< T 4 9 64
> F 0 1048576
< F 106510764
> V 0 1048576
< V 1 200593658
> T 0 6 16
< T 4 10 16
> R 96
< R 96 18625
> R 32
< R 32 6849
> W 96
< W 96 9573
> W 32
< W 32 3508
> Q 1
< Q 1
> U 16
< U 16
> Y 0
< Y 0
> B 2 3
< B ok
> T 0 6 56
< T 4 10 56
> F 0 1048576
< F 107687868
> V 0 1048576
< V 1 211208041
> T 0 7 16
< T 4 11 16
> R 96
< R 96 19423
> R 32
< R 32 7133
> W 96
< W 96 9573
> W 32
< W 32 3508
> Q 1
< Q 1
> U 16
< U 16
> Y 0
< Y 0
> B 2 3
< B ok
> T 0 7 56
< T 4 11 56
> F 0 1048576
< F 107687877
> V 0 1048576
< V 0 220176261
> V 0 1048576
< V 0 220176257
> V 0 1048576
< V 0 220176263
> V 0 1048576
< V 0 220176264
> Q 2
< Q 2
> J 8
< J 8
> U 0
< U 0
> Y 0
< Y 0
> B 2 3
< B ok
> T 11 14 16
< T 16 24 16
> T 11 0 16
< T 16 4 16
> F 0 32768
< F 7853898
> V 0 32768
< V 32632 5969658
> T 11 1 16
< T 16 5 16
> F 0 32768
< F 7853895
> V 0 32768
< V 32608 6254337
> T 11 2 16
< T 16 6 16
> F 0 32768
< F 7853927
> V 0 32768
< V 32624 6395652
> T 11 3 16
< T 16 7 16
> F 0 32768
< F 7853896
> V 0 32768
< V 32608 6680355
> T 11 4 16
< T 16 8 16
> F 0 32768
< F 7853889
> V 0 32768
< V 32624 7051073
> T 11 5 16
< T 16 9 16
> F 0 32768
< F 7853897
> V 0 32768
< V 32608 7368561
> T 11 6 16
< T 16 10 16
> F 0 32768
< F 7853892
> V 0 32768
< V 32624 7739243
> T 11 7 16
< T 16 11 16
> F 0 32768
< F 7853889
> V 0 32768
< V 32608 8056712
> T 11 8 16
< T 16 12 16
> F 0 32768
< F 7853887
> V 0 32768
< V 32624 8427396
> T 11 9 16
< T 16 13 16
> F 0 32768
< F 7853921
> V 0 32768
< V 32608 8775623
> T 11 10 16
< T 16 14 16
> F 0 32768
< F 7853899
> V 0 32768
< V 32640 9152485
> T 11 11 16
< T 16 16 16
> F 0 32768
< F 7853896
> V 0 32768
< V 32608 9840668
> T 11 12 16
< T 16 18 16
> F 0 32768
< F 7853895
> V 0 32768
< V 32624 10524654
> T 11 13 16
< T 16 20 16
> F 0 32768
< F 7853896
> V 0 32768
< V 32624 11288705
> T 11 14 16
< T 16 24 16
> F 0 32768
< F 7853900
> V 0 32768
< V 32624 13705374
> Q 2
< Q 2
> J 8
< J 8
> U 16
< U 16
> Y 0
< Y 0
> B 2 3
< B ok
> T 11 14 16
< T 16 24 16
> T 11 0 16
< T 16 4 16
> F 0 32768
< F 7968590
> V 0 32768
< V 16386 6080265
> T 11 1 16
< T 16 5 16
> F 0 32768
< F 7968586
> V 0 32768
< V 0 6364942
> T 0 1 16
< T 4 5 16
> F 0 32768
< F 4073104
> V 0 32768
< V 0 6364962
> T 0 1 16
< T 4 5 16
> R 96
< R 96 15378
> R 32
< R 32 5714
> W 96
< W 96 9573
> W 32
< W 32 3508
> Q 2
< Q 2
> J 8
< J 8
> U 16
< U 16
> Y 0
< Y 0
> B 2 3
< B ok
> T 0 1 72
< T 4 5 72
> F 0 1048576
< F 105643330
> V 0 1048576
< V 0 172511429
> V 0 1048576
< V 0 172511392
> V 0 1048576
< V 0 172511455
> V 0 1048576
< V 0 172511419
> Q 0
< Q 0
> U 0
< U 0
> Y 0
< Y 0
> B 2 4
< B ok
> T 11 14 16
< T 16 24 16
> T 11 0 16
< T 16 4 16
> F 0 32768
< F 2696798
> V 0 32768
< V 32640 1584676
> T 11 1 16
< T 16 5 16
> F 0 32768
< F 2696769
> V 0 32768
< V 32512 1811996
> T 11 2 16
< T 16 6 16
> F 0 32768
< F 2696798
> V 0 32768
< V 32644 1857046
> T 11 3 16
< T 16 7 16
> F 0 32768
< F 2696803
> V 0 32768
< V 32764 1918481
> T 11 4 16
< T 16 8 16
> F 0 32768
< F 2696765
> V 0 32768
< V 32640 2045732
> T 11 5 16
< T 16 9 16
> F 0 32768
< F 2696801
> V 0 32768
< V 32640 2127505
> T 11 6 16
< T 16 10 16
> F 0 32768
< F 2696798
> V 0 32768
< V 32640 2395741
> T 11 7 16
< T 16 11 16
> F 0 32768
< F 2696795
> V 0 32768
< V 32640 2476871
> T 11 8 16
< T 16 12 16
> F 0 32768
< F 2696802
> V 0 32768
< V 32641 2801471
> T 11 9 16
< T 16 13 16
> F 0 32768
< F 2696767
> V 0 32768
< V 32640 2911921
> T 11 10 16
< T 16 14 16
> F 0 32768
< F 2696766
> V 0 32768
< V 32640 3108488
> T 11 11 16
< T 16 16 16
> F 0 32768
< F 2696764
> V 0 32768
< V 32639 3237684
> T 11 12 16
< T 16 18 16
> F 0 32768
< F 2696766
> V 0 32768
< V 32640 3532434
> T 11 13 16
< T 16 20 16
> F 0 32768
< F 2696792
> V 0 32768
< V 32640 3573627
> T 11 14 16
< T 16 24 16
> F 0 32768
< F 2696770
> V 0 32768
< V 32713 4660970
> Q 0
< Q 0
> U 16
< U 16
> Y 0
< Y 0
> B 2 4
< B ok
> T 11 14 16
< T 16 24 16
> T 11 0 16
< T 16 4 16
> F 0 32768
< F 2807396
> V 0 32768
< V 32640 1695298
> T 11 1 16
< T 16 5 16
> F 0 32768
< F 2807368
> V 0 32768
< V 32763 1920537
> T 11 2 16
< T 16 6 16
> F 0 32768
< F 2807401
> V 0 32768
< V 32648 1965608
> T 11 3 16
< T 16 7 16
> F 0 32768
< F 2807372
> V 0 32768
< V 32766 2027040
> T 11 4 16
< T 16 8 16
> F 0 32768
< F 2807370
> V 0 32768
< V 32640 2156310
> T 11 5 16
< T 16 9 16
> F 0 32768
< F 2807401
> V 0 32768
< V 32640 2238137
> T 11 6 16
< T 16 10 16
> F 0 32768
< F 2807389
> V 0 32768
< V 32640 2506348
> T 11 7 16
< T 16 11 16
> F 0 32768
< F 2807400
> V 0 32768
< V 32641 2587464
> T 11 8 16
< T 16 12 16
> F 0 32768
< F 2807395
> V 0 32768
< V 32642 2912111
> T 11 9 16
< T 16 13 16
> F 0 32768
< F 2807396
> V 0 32768
< V 32642 3022539
> T 11 10 16
< T 16 14 16
> F 0 32768
< F 2807400
> V 0 32768
< V 32642 3217022
> T 11 11 16
< T 16 16 16
> F 0 32768
< F 2807400
> V 0 32768
< V 32642 3348291
> T 11 12 16
< T 16 18 16
> F 0 32768
< F 2807402
> V 0 32768
< V 32642 3643060
> T 11 13 16
< T 16 20 16
> F 0 32768
< F 2807400
> V 0 32768
< V 32641 3684223
> T 11 14 16
< T 16 24 16
> F 0 32768
< F 2807400
> V 0 32768
< V 32641 4773643
> Q 1
< Q 1
> U 0
< U 0
> Y 0
< Y 0
> B 2 4
< B ok
> T 11 14 16
< T 16 24 16
> T 11 0 16
< T 16 4 16
> F 0 32768
< F 7853897
> V 0 32768
< V 32640 5828349
> T 11 1 16
< T 16 5 16
> F 0 32768
< F 7853898
> V 0 32768
< V 32640 6119185
> T 11 2 16
< T 16 6 16
> F 0 32768
< F 7853898
> V 0 32768
< V 32640 6221607
> T 11 3 16
< T 16 7 16
> F 0 32768
< F 7853899
> V 0 32768
< V 32640 6512439
> T 11 4 16
< T 16 8 16
> F 0 32768
< F 7853898
> V 0 32768
< V 32640 6876991
> T 11 5 16
< T 16 9 16
> F 0 32768
< F 7853902
> V 0 32768
< V 32640 7169908
> T 11 6 16
< T 16 10 16
> F 0 32768
< F 7853899
> V 0 32768
< V 32640 7499722
> T 11 7 16
< T 16 11 16
> F 0 32768
< F 7853902
> V 0 32768
< V 32640 7825288
> T 11 8 16
< T 16 12 16
> F 0 32768
< F 7853904
> V 0 32768
< V 32640 8155005
> T 11 9 16
< T 16 13 16
> F 0 32768
< F 7853900
> V 0 32768
< V 32640 8480705
> T 11 10 16
< T 16 14 16
> F 0 32768
< F 7853891
> V 0 32768
< V 32640 8804273
> T 11 11 16
< T 16 16 16
> F 0 32768
< F 7853894
> V 0 32768
< V 32640 9459651
> T 11 12 16
< T 16 18 16
> F 0 32768
< F 7853927
> V 0 32768
< V 32640 10121254
> T 11 13 16
< T 16 20 16
> F 0 32768
< F 7853901
> V 0 32768
< V 32640 10913847
> T 11 14 16
< T 16 24 16
> F 0 32768
< F 7853898
> V 0 32768
< V 32640 13265046
> Q 1
< Q 1
> U 16
< U 16
> Y 0
< Y 0
> B 2 4
< B ok
> T 11 14 16
< T 16 24 16
> T 11 0 16
< T 16 4 16
> F 0 32768
< F 7968592
> V 0 32768
< V 32640 5938961
> T 11 1 16
< T 16 5 16
> F 0 32768
< F 7968584
> V 0 32768
< V 32640 6229801
> T 11 2 16
< T 16 6 16
> F 0 32768
< F 7968582
> V 0 32768
< V 32640 6332161
> T 11 3 16
< T 16 7 16
> F 0 32768
< F 7968622
> V 0 32768
< V 32640 6623037
> T 11 4 16
< T 16 8 16
> F 0 32768
< F 7968606
> V 0 32768
< V 32640 6987593
> T 11 5 16
< T 16 9 16
> F 0 32768
< F 7968620
> V 0 32768
< V 32640 7280505
> T 11 6 16
< T 16 10 16
> F 0 32768
< F 7968584
> V 0 32768
< V 32640 7610357
> T 11 7 16
< T 16 11 16
> F 0 32768
< F 7968620
> V 0 32768
< V 32640 7935904
> T 11 8 16
< T 16 12 16
> F 0 32768
< F 7968590
> V 0 32768
< V 32640 8265659
> T 11 9 16
< T 16 13 16
> F 0 32768
< F 7968586
> V 0 32768
< V 32640 8591307
> T 11 10 16
< T 16 14 16
> F 0 32768
< F 7968586
> V 0 32768
< V 32640 8914868
> T 11 11 16
< T 16 16 16
> F 0 32768
< F 7968589
> V 0 32768
< V 32640 9570253
> T 11 12 16
< T 16 18 16
> F 0 32768
< F 7968586
> V 0 32768
< V 32640 10231864
> T 11 13 16
< T 16 20 16
> F 0 32768
< F 7968622
> V 0 32768
< V 32640 11022386
> T 11 14 16
< T 16 24 16
> F 0 32768
< F 7968617
> V 0 32768
< V 32640 13373601
> Q 2
< Q 2
> J 8
< J 8
> U 0
< U 0
> Y 0
< Y 0
> B 2 4
< B ok
> T 11 14 16
< T 16 24 16
> T 11 0 16
< T 16 4 16
> F 0 32768
< F 7853884
> V 0 32768
< V 32640 5969660
> T 11 1 16
< T 16 5 16
> F 0 32768
< F 7853900
> V 0 32768
< V 32640 6254366
> T 11 2 16
< T 16 6 16
> F 0 32768
< F 7853903
> V 0 32768
< V 32640 6395679
> T 11 3 16
< T 16 7 16
> F 0 32768
< F 7853894
> V 0 32768
< V 32640 6680372
> T 11 4 16
< T 16 8 16
> F 0 32768
< F 7853890
> V 0 32768
< V 32640 7051060
> T 11 5 16
< T 16 9 16
> F 0 32768
< F 7853903
> V 0 32768
< V 32640 7368530
> T 11 6 16
< T 16 10 16
> F 0 32768
< F 7853902
> V 0 32768
< V 32640 7739240
> T 11 7 16
< T 16 11 16
> F 0 32768
< F 7853903
> V 0 32768
< V 32640 8056687
> T 11 8 16
< T 16 12 16
> F 0 32768
< F 7853902
> V 0 32768
< V 32640 8427401
> T 11 9 16
< T 16 13 16
> F 0 32768
< F 7853894
> V 0 32768
< V 32640 8775590
> T 11 10 16
< T 16 14 16
> F 0 32768
< F 7853887
> V 0 32768
< V 32640 9152487
> T 11 11 16
< T 16 16 16
> F 0 32768
< F 7853897
> V 0 32768
< V 32640 9840662
> T 11 12 16
< T 16 18 16
> F 0 32768
< F 7853897
> V 0 32768
< V 32640 10524659
> T 11 13 16
< T 16 20 16
> F 0 32768
< F 7853903
> V 0 32768
< V 32640 11288702
> T 11 14 16
< T 16 24 16
> F 0 32768
< F 7853896
> V 0 32768
< V 32640 13705390
> Q 2
< Q 2
> J 8
< J 8
> U 16
< U 16
> Y 0
< Y 0
> B 2 4
< B ok
> T 11 14 16
< T 16 24 16
> T 11 0 16
< T 16 4 16
> F 0 32768
< F 7968588
> V 0 32768
< V 32640 6080271
> T 11 1 16
< T 16 5 16
> F 0 32768
< F 7968584
> V 0 32768
< V 32640 6364943
> T 11 2 16
< T 16 6 16
> F 0 32768
< F 7968623
> V 0 32768
< V 32640 6506292
> T 11 3 16
< T 16 7 16
> F 0 32768
< F 7968618
> V 0 32768
< V 32640 6790986
> T 11 4 16
< T 16 8 16
> F 0 32768
< F 7968589
> V 0 32768
< V 32640 7161690
> T 11 5 16
< T 16 9 16
> F 0 32768
< F 7968591
> V 0 32768
< V 32640 7479129
> T 11 6 16
< T 16 10 16
> F 0 32768
< F 7968591
> V 0 32768
< V 32640 7849836
> T 11 7 16
< T 16 11 16
> F 0 32768
< F 7968588
> V 0 32768
< V 32640 8167285
> T 11 8 16
< T 16 12 16
> F 0 32768
< F 7968584
> V 0 32768
< V 32640 8537996
> T 11 9 16
< T 16 13 16
> F 0 32768
< F 7968586
> V 0 32768
< V 32640 8886222
> T 11 10 16
< T 16 14 16
> F 0 32768
< F 7968589
> V 0 32768
< V 32640 9263078
> T 11 11 16
< T 16 16 16
> F 0 32768
< F 7968586
> V 0 32768
< V 32640 9951260
> T 11 12 16
< T 16 18 16
> F 0 32768
< F 7968591
> V 0 32768
< V 32640 10635251
> T 11 13 16
< T 16 20 16
> F 0 32768
< F 7968623
> V 0 32768
< V 32640 11397248
> T 11 14 16
< T 16 24 16
> F 0 32768
< F 7968584
> V 0 32768
< V 32640 13813949
> Q 0
< Q 0
> U 0
< U 0
> Y 0
< Y 0
> B 2 5
< B ok
> T 11 14 16
< T 16 24 16
> T 11 0 16
< T 16 4 16
> F 0 32768
< F 2696762
> V 0 32768
< V 32640 1584704
> T 11 1 16
< T 16 5 16
> F 0 32768
< F 2696768
> V 0 32768
< V 32518 1811982
> T 11 2 16
< T 16 6 16
> F 0 32768
< F 2696773
> V 0 32768
< V 32641 1857047
> T 11 3 16
< T 16 7 16
> F 0 32768
< F 2696796
> V 0 32768
< V 32765 1918487
> T 11 4 16
< T 16 8 16
> F 0 32768
< F 2696769
> V 0 32768
< V 32640 2045720
> T 11 5 16
< T 16 9 16
> F 0 32768
< F 2696800
> V 0 32768
< V 32640 2127482
> T 11 6 16
< T 16 10 16
> F 0 32768
< F 2696764
> V 0 32768
< V 32640 2395735
> T 11 7 16
< T 16 11 16
> F 0 32768
< F 2696802
> V 0 32768
< V 32640 2476886
> T 11 8 16
< T 16 12 16
> F 0 32768
< F 2696768
> V 0 32768
< V 32641 2801500
> T 11 9 16
< T 16 13 16
> F 0 32768
< F 2696797
> V 0 32768
< V 32640 2911925
> T 11 10 16
< T 16 14 16
> F 0 32768
< F 2696801
> V 0 32768
< V 32640 3108486
> T 11 11 16
< T 16 16 16
> F 0 32768
< F 2696796
> V 0 32768
< V 32641 3237665
> T 11 12 16
< T 16 18 16
> F 0 32768
< F 2696770
> V 0 32768
< V 32640 3532440
> T 11 13 16
< T 16 20 16
> F 0 32768
< F 2696798
> V 0 32768
< V 32640 3573635
> T 11 14 16
< T 16 24 16
> F 0 32768
< F 2696769
> V 0 32768
< V 32727 4660970
> Q 0
< Q 0
> U 16
< U 16
> Y 0
< Y 0
> B 2 5
< B ok
> T 11 14 16
< T 16 24 16
> T 11 0 16
< T 16 4 16
> F 0 32768
< F 2807372
> V 0 32768
< V 31594 1695307
> T 11 1 16
< T 16 5 16
> F 0 32768
< F 2807398
> V 0 32768
< V 32026 1920534
> T 11 2 16
< T 16 6 16
> F 0 32768
< F 2807402
> V 0 32768
< V 32459 1965606
> T 11 3 16
< T 16 7 16
> F 0 32768
< F 2807370
> V 0 32768
< V 32765 2027054
> T 11 4 16
< T 16 8 16
> F 0 32768
< F 2807404
> V 0 32768
< V 32640 2156363
> T 11 5 16
< T 16 9 16
> F 0 32768
< F 2807368
> V 0 32768
< V 32640 2238153
> T 11 6 16
< T 16 10 16
> F 0 32768
< F 2807397
> V 0 32768
< V 32640 2506331
> T 11 7 16
< T 16 11 16
> F 0 32768
< F 2807370
> V 0 32768
< V 30329 2587487
> T 11 8 16
< T 16 12 16
> F 0 32768
< F 2807399
> V 0 32768
< V 25997 2912128
> T 11 9 16
< T 16 13 16
> F 0 32768
< F 2807404
> V 0 32768
< V 22662 3022526
> T 11 10 16
< T 16 14 16
> F 0 32768
< F 2807373
> V 0 32768
< V 23716 3217053
> T 11 11 16
< T 16 16 16
> F 0 32768
< F 2807367
> V 0 32768
< V 21490 3348296
> T 11 12 16
< T 16 18 16
> F 0 32768
< F 2807373
> V 0 32768
< V 18537 3643053
> T 11 13 16
< T 16 20 16
> F 0 32768
< F 2807364
> V 0 32768
< V 20654 3684222
> T 11 14 16
< T 16 24 16
> F 0 32768
< F 2807402
> V 0 32768
< V 25108 4773629
> Q 1
< Q 1
> U 0
< U 0
> Y 0
< Y 0
> B 2 5
< B ok
> T 11 14 16
< T 16 24 16
> T 11 0 16
< T 16 4 16
> F 0 32768
< F 7853905
> V 0 32768
< V 32640 5828345
> T 11 1 16
< T 16 5 16
> F 0 32768
< F 7853894
> V 0 32768
< V 32640 6119182
> T 11 2 16
< T 16 6 16
> F 0 32768
< F 7853894
> V 0 32768
< V 32640 6221602
> T 11 3 16
< T 16 7 16
> F 0 32768
< F 7853897
> V 0 32768
< V 32640 6512435
> T 11 4 16
< T 16 8 16
> F 0 32768
< F 7853926
> V 0 32768
< V 32640 6876968
> T 11 5 16
< T 16 9 16
> F 0 32768
< F 7853901
> V 0 32768
< V 32640 7169897
> T 11 6 16
< T 16 10 16
> F 0 32768
< F 7853898
> V 0 32768
< V 32640 7499751
> T 11 7 16
< T 16 11 16
> F 0 32768
< F 7853897
> V 0 32768
< V 32640 7825287
> T 11 8 16
< T 16 12 16
> F 0 32768
< F 7853902
> V 0 32768
< V 32640 8155041
> T 11 9 16
< T 16 13 16
> F 0 32768
< F 7853898
> V 0 32768
< V 32640 8480716
> T 11 10 16
< T 16 14 16
> F 0 32768
< F 7853891
> V 0 32768
< V 32640 8804274
> T 11 11 16
< T 16 16 16
> F 0 32768
< F 7853897
> V 0 32768
< V 32640 9459656
> T 11 12 16
< T 16 18 16
> F 0 32768
< F 7853898
> V 0 32768
< V 32640 10121222
> T 11 13 16
< T 16 20 16
> F 0 32768
< F 7853896
> V 0 32768
< V 32640 10913828
> T 11 14 16
< T 16 24 16
> F 0 32768
< F 7853921
> V 0 32768
< V 32640 13265048
> Q 1
< Q 1
> U 16
< U 16
> Y 0
< Y 0
> B 2 5
< B ok
> T 11 14 16
< T 16 24 16
> T 11 0 16
< T 16 4 16
> F 0 32768
< F 7968622
> V 0 32768
< V 214 5938962
> T 11 1 16
< T 16 5 16
> F 0 32768
< F 7968621
> V 0 32768
< V 1 6229774
> T 11 2 16
< T 16 6 16
> F 0 32768
< F 7968591
> V 0 32768
< V 1 6332189
> T 11 3 16
< T 16 7 16
> F 0 32768
< F 7968620
> V 0 32768
< V 1 6623029
> T 11 4 16
< T 16 8 16
> F 0 32768
< F 7968588
> V 0 32768
< V 1 6987562
> T 11 5 16
< T 16 9 16
> F 0 32768
< F 7968586
> V 0 32768
< V 1 7280518
> T 11 6 16
< T 16 10 16
> F 0 32768
< F 7968589
> V 0 32768
< V 1 7610329
> T 11 7 16
< T 16 11 16
> F 0 32768
< F 7968592
> V 0 32768
< V 0 7935892
> T 0 7 16
< T 4 11 16
> F 0 32768
< F 4073104
> V 0 32768
< V 0 7935938
> T 0 7 16
< T 4 11 16
> R 96
< R 96 19422
> R 32
< R 32 7135
> W 96
< W 96 9574
> W 32
< W 32 3508
> Q 1
< Q 1
> U 16
< U 16
> Y 0
< Y 0
> B 2 5
< B ok
> T 0 7 56
< T 4 11 56
> F 0 1048576
< F 107687876
> V 0 1048576
< V 0 220176269
> V 0 1048576
< V 0 220176232
> V 0 1048576
< V 0 220176276
> V 0 1048576
< V 0 220176273
> Q 2
< Q 2
> J 8
< J 8
> U 0
< U 0
> Y 0
< Y 0
> B 2 5
< B ok
> T 11 14 16
< T 16 24 16
> T 11 0 16
< T 16 4 16
> F 0 32768
< F 7853895
> V 0 32768
< V 32640 5969634
> T 11 1 16
< T 16 5 16
> F 0 32768
< F 7853898
> V 0 32768
< V 32625 6254351
> T 11 2 16
< T 16 6 16
> F 0 32768
< F 7853892
> V 0 32768
< V 32640 6395688
> T 11 3 16
< T 16 7 16
> F 0 32768
< F 7853892
> V 0 32768
< V 32640 6680352
> T 11 4 16
< T 16 8 16
> F 0 32768
< F 7853898
> V 0 32768
< V 32640 7051071
> T 11 5 16
< T 16 9 16
> F 0 32768
< F 7853900
> V 0 32768
< V 32640 7368534
> T 11 6 16
< T 16 10 16
> F 0 32768
< F 7853895
> V 0 32768
< V 32640 7739242
> T 11 7 16
< T 16 11 16
> F 0 32768
< F 7853896
> V 0 32768
< V 32640 8056702
> T 11 8 16
< T 16 12 16
> F 0 32768
< F 7853903
> V 0 32768
< V 32640 8427401
> T 11 9 16
< T 16 13 16
> F 0 32768
< F 7853893
> V 0 32768
< V 32640 8775621
> T 11 10 16
< T 16 14 16
> F 0 32768
< F 7853895
> V 0 32768
< V 32640 9152475
> T 11 11 16
< T 16 16 16
> F 0 32768
< F 7853897
> V 0 32768
< V 32640 9840630
> T 11 12 16
< T 16 18 16
> F 0 32768
< F 7853894
> V 0 32768
< V 32640 10524657
> T 11 13 16
< T 16 20 16
> F 0 32768
< F 7853898
> V 0 32768
< V 32624 11288681
> T 11 14 16
< T 16 24 16
> F 0 32768
< F 7853898
> V 0 32768
< V 32624 13705350
> Q 2
< Q 2
> J 8
< J 8
> U 16
< U 16
> Y 0
< Y 0
> B 2 5
< B ok
> T 11 14 16
< T 16 24 16
> T 11 0 16
< T 16 4 16
> F 0 32768
< F 7968591
> V 0 32768
< V 16479 6080260
> T 11 1 16
< T 16 5 16
> F 0 32768
< F 7968584
> V 0 32768
< V 0 6364938
> T 0 1 16
< T 4 5 16
> F 0 32768
< F 4073102
> V 0 32768
< V 0 6364939
> T 0 1 16
< T 4 5 16
> R 96
< R 96 15376
> R 32
< R 32 5713
> W 96
< W 96 9574
> W 32
< W 32 3508
> Q 2
< Q 2
> J 8
< J 8
> U 16
< U 16
> Y 0
< Y 0
> B 2 5
< B ok
> T 0 1 72
< T 4 5 72
> F 0 1048576
< F 105643343
> V 0 1048576
< V 0 172511461
> V 0 1048576
< V 0 172511449
> V 0 1048576
< V 0 172511448
> V 0 1048576
< V 0 172511414
> Q 0
< Q 0
> U 0
< U 0
> Y 0
< Y 0
> B 0 0
< B ok
> T 0 9 96
< T 4 13 96
> F 0 8192
< F 215097
> M 0 8192 4
< M -90112 474586
> M 0 8192 2
< M -16384 510434
> Q 0
< Q 0
> U 0
< U 0
> Y 0
< Y 0
> B 0 0
< B ok
> T 0 9 96
< T 4 13 96
> F 0 1048576
< F 27380455
> Q 0
< Q 0
> U 0
< U 0
> Y 0
< Y 0
> B 1 0
< B ok
> T 0 11 96
< T 4 16 96
> F 0 1048576
< F 27380431
> Q 2
< Q 2
> J 8
< J 8
> U 16
< U 16
> Y 0
< Y 0
> B 2 0
< B ok
> T 0 3 72
< T 4 7 72
> F 0 1048576
< F 105643292
> Q 2
< Q 2
> J 8
< J 8
> U 16
< U 16
> Y 0
< Y 0
> B 2 1
< B ok
> T 0 2 72
< T 4 6 72
> F 0 1048576
< F 105643323
> Q 2
< Q 2
> J 8
< J 8
> U 16
< U 16
> Y 0
< Y 0
> B 2 2
< B ok
> T 0 3 72
< T 4 7 72
> F 0 1048576
< F 105643333
> Q 2
< Q 2
> J 8
< J 8
> U 16
< U 16
> Y 0
< Y 0
> B 2 3
< B ok
> T 0 1 72
< T 4 5 72
> F 0 1048576
< F 105643326
> Q 2
< Q 2
> J 8
< J 8
> U 16
< U 16
> Y 0
< Y 0
> B 2 5
< B ok
> T 0 1 72
< T 4 5 72
> F 0 1048576
< F 105643290
> Q 0
< Q 0
> U 0
< U 0
> Y 0
< Y 0
> B 0 0
< B ok
> T 0 9 96
< T 4 13 96
> M 0 1048576 4
< M -11534336 60631089
> Q 0
< Q 0
> U 0
< U 0
> Y 0
< Y 0
> B 1 0
< B ok
> T 0 11 96
< T 4 16 96
> M 0 1048576 4
< M -11534336 67620364
> Q 2
< Q 2
> J 8
< J 8
> U 16
< U 16
> Y 0
< Y 0
> B 2 0
< B ok
> T 0 3 72
< T 4 7 72
> M 0 1048576 4
< M -11534336 181675945
> Q 2
< Q 2
> J 8
< J 8
> U 16
< U 16
> Y 0
< Y 0
> B 2 1
< B ok
> T 0 2 72
< T 4 6 72
> M 0 1048576 4
< M -11534336 174756880
> Q 2
< Q 2
> J 8
< J 8
> U 16
< U 16
> Y 0
< Y 0
> B 2 2
< B ok
> T 0 3 72
< T 4 7 72
> M 0 1048576 4
< M -11534336 181675977
> Q 2
< Q 2
> J 8
< J 8
> U 16
< U 16
> Y 0
< Y 0
> B 2 3
< B ok
> T 0 1 72
< T 4 5 72
> M 0 1048576 4
< M -11534336 172119501
> Q 2
< Q 2
> J 8
< J 8
> U 16
< U 16
> Y 0
< Y 0
> B 2 5
< B ok
> T 0 1 72
< T 4 5 72
> M 0 1048576 4
< M -11534336 172119500
> Q 0
< Q 0
> U 0
< U 0
> Y 0
< Y 0
> B 0 0
< B ok
> T 0 9 96
< T 4 13 96
> M 0 1048576 2
< M -2097152 65218873
> Q 0
< Q 0
> U 0
< U 0
> Y 0
< Y 0
> B 1 0
< B ok
> T 0 11 96
< T 4 16 96
> M 0 1048576 2
< M -2097152 72208360
> Q 2
< Q 2
> J 8
< J 8
> U 16
< U 16
> Y 0
< Y 0
> B 2 0
< B ok
> T 0 3 72
< T 4 7 72
> M 0 1048576 2
< M -2097152 186263795
> Q 2
< Q 2
> J 8
< J 8
> U 16
< U 16
> Y 0
< Y 0
> B 2 1
< B ok
> T 0 2 72
< T 4 6 72
> M 0 1048576 2
< M -2097152 179344637
> Q 2
< Q 2
> J 8
< J 8
> U 16
< U 16
> Y 0
< Y 0
> B 2 2
< B ok
> T 0 3 72
< T 4 7 72
> M 0 1048576 2
< M -2097152 186263771
> Q 2
< Q 2
> J 8
< J 8
> U 16
< U 16
> Y 0
< Y 0
> B 2 3
< B ok
> T 0 1 72
< T 4 5 72
> M 0 1048576 2
< M -2097152 176707211
> Q 2
< Q 2
> J 8
< J 8
> U 16
< U 16
> Y 0
< Y 0
> B 2 5
< B ok
> T 0 1 72
< T 4 5 72
> M 0 1048576 2
< M -2097152 176707243
> Q 0
< Q 0
> U 0
< U 0
> Y 0
< Y 0
> B 0 0
< B ok
> T 0 9 96
< T 4 13 96
> M 0 1048576 4
< M -11534336 60631110
> Q 0
< Q 0
> U 0
< U 0
> Y 0
< Y 0
> B 1 0
< B ok
> T 0 11 96
< T 4 16 96
> M 0 1048576 4
< M -11534336 67620333
> Q 2
< Q 2
> J 8
< J 8
> U 16
< U 16
> Y 0
< Y 0
> B 2 0
< B ok
> T 0 3 72
< T 4 7 72
> M 0 1048576 4
< M -11534336 181675972
> Q 2
< Q 2
> J 8
< J 8
> U 16
< U 16
> Y 0
< Y 0
> B 2 1
< B ok
> T 0 2 72
< T 4 6 72
> M 0 1048576 4
< M -11534336 174756891
> Q 2
< Q 2
> J 8
< J 8
> U 16
< U 16
> Y 0
< Y 0
> B 2 2
< B ok
> T 0 3 72
< T 4 7 72
> M 0 1048576 4
< M -11534336 181675982
> Q 2
< Q 2
> J 8
< J 8
> U 16
< U 16
> Y 0
< Y 0
> B 2 3
< B ok
> T 0 1 72
< T 4 5 72
> M 0 1048576 4
< M -11534336 172119494
> Q 2
< Q 2
> J 8
< J 8
> U 16
< U 16
> Y 0
< Y 0
> B 2 5
< B ok
> T 0 1 72
< T 4 5 72
> M 0 1048576 4
< M -11534336 172119500
> Q 0
< Q 0
> U 0
< U 0
> Y 0
< Y 0
> B 0 0
< B ok
> T 0 9 96
< T 4 13 96
> M 0 1048576 2
< M -2097152 65218855
> Q 0
< Q 0
> U 0
< U 0
> Y 0
< Y 0
> B 1 0
< B ok
> T 0 11 96
< T 4 16 96
> M 0 1048576 2
< M -2097152 72208365
> Q 2
< Q 2
> J 8
< J 8
> U 16
< U 16
> Y 0
< Y 0
> B 2 0
< B ok
> T 0 3 72
< T 4 7 72
> M 0 1048576 2
< M -2097152 186263805
> Q 2
< Q 2
> J 8
< J 8
> U 16
< U 16
> Y 0
< Y 0
> B 2 1
< B ok
> T 0 2 72
< T 4 6 72
> M 0 1048576 2
< M -2097152 179344629
> Q 2
< Q 2
> J 8
< J 8
> U 16
< U 16
> Y 0
< Y 0
> B 2 2
< B ok
> T 0 3 72
< T 4 7 72
> M 0 1048576 2
< M -2097152 186263748
> Q 2
< Q 2
> J 8
< J 8
> U 16
< U 16
> Y 0
< Y 0
> B 2 3
< B ok
> T 0 1 72
< T 4 5 72
> M 0 1048576 2
< M -2097152 176707228
> Q 2
< Q 2
> J 8
< J 8
> U 16
< U 16
> Y 0
< Y 0
> B 2 5
< B ok
> T 0 1 72
< T 4 5 72
> M 0 1048576 2
< M -2097152 176707208
> Q 0
< Q 0
> U 0
< U 0
> Y 0
< Y 0
> B 0 0
< B ok
> T 0 9 96
< T 4 13 96
> M 0 1048576 4
< M -11534336 60631097
> Q 0
< Q 0
> U 0
< U 0
> Y 0
< Y 0
> B 1 0
< B ok
> T 0 11 96
< T 4 16 96
> M 0 1048576 4
< M -11534336 67620333
> Q 2
< Q 2
> J 8
< J 8
> U 16
< U 16
> Y 0
< Y 0
> B 2 0
< B ok
> T 0 3 72
< T 4 7 72
> M 0 1048576 4
< M -11534336 181675985
> Q 2
< Q 2
> J 8
< J 8
> U 16
< U 16
> Y 0
< Y 0
> B 2 1
< B ok
> T 0 2 72
< T 4 6 72
> M 0 1048576 4
< M -11534336 174756849
> Q 2
< Q 2
> J 8
< J 8
> U 16
< U 16
> Y 0
< Y 0
> B 2 2
< B ok
> T 0 3 72
< T 4 7 72
> M 0 1048576 4
< M -11534336 181675977
> Q 2
< Q 2
> J 8
< J 8
> U 16
< U 16
> Y 0
< Y 0
> B 2 3
< B ok
> T 0 1 72
< T 4 5 72
> M 0 1048576 4
< M -11534336 172119491
> Q 2
< Q 2
> J 8
< J 8
> U 16
< U 16
> Y 0
< Y 0
> B 2 5
< B ok
> T 0 1 72
< T 4 5 72
> M 0 1048576 4
< M -11534336 172119493
> Q 0
< Q 0
> U 0
< U 0
> Y 0
< Y 0
> B 0 0
< B ok
> T 0 9 96
< T 4 13 96
> M 0 1048576 2
< M -2097152 65218880
> Q 0
< Q 0
> U 0
< U 0
> Y 0
< Y 0
> B 1 0
< B ok
> T 0 11 96
< T 4 16 96
> M 0 1048576 2
< M -2097152 72208358
> Q 2
< Q 2
> J 8
< J 8
> U 16
< U 16
> Y 0
< Y 0
> B 2 0
< B ok
> T 0 3 72
< T 4 7 72
> M 0 1048576 2
< M -2097152 186263795
> Q 2
< Q 2
> J 8
< J 8
> U 16
< U 16
> Y 0
< Y 0
> B 2 1
< B ok
> T 0 2 72
< T 4 6 72
> M 0 1048576 2
< M -2097152 179344635
> Q 2
< Q 2
> J 8
< J 8
> U 16
< U 16
> Y 0
< Y 0
> B 2 2
< B ok
> T 0 3 72
< T 4 7 72
> M 0 1048576 2
< M -2097152 186263767
> Q 2
< Q 2
> J 8
< J 8
> U 16
< U 16
> Y 0
< Y 0
> B 2 3
< B ok
> T 0 1 72
< T 4 5 72
> M 0 1048576 2
< M -2097152 176707199
> Q 2
< Q 2
> J 8
< J 8
> U 16
< U 16
> Y 0
< Y 0
> B 2 5
< B ok
> T 0 1 72
< T 4 5 72
> M 0 1048576 2
< M -2097152 176707206
> Q 0
< Q 0
> U 0
< U 0
> Y 0
< Y 0
> B 0 0
< B ok
> T 0 9 96
< T 4 13 96
> M 0 1048576 4
< M -11534336 60631105
> Q 0
< Q 0
> U 0
< U 0
> Y 0
< Y 0
> B 1 0
< B ok
> T 0 11 96
< T 4 16 96
> M 0 1048576 4
< M -11534336 67620365
> Q 2
< Q 2
> J 8
< J 8
> U 16
< U 16
> Y 0
< Y 0
> B 2 0
< B ok
> T 0 3 72
< T 4 7 72
> M 0 1048576 4
< M -11534336 181675974
> Q 2
< Q 2
> J 8
< J 8
> U 16
< U 16
> Y 0
< Y 0
> B 2 1
< B ok
> T 0 2 72
< T 4 6 72
> M 0 1048576 4
< M -11534336 174756873
> Q 2
< Q 2
> J 8
< J 8
> U 16
< U 16
> Y 0
< Y 0
> B 2 2
< B ok
> T 0 3 72
< T 4 7 72
> M 0 1048576 4
< M -11534336 181675977
> Q 2
< Q 2
> J 8
< J 8
> U 16
< U 16
> Y 0
< Y 0
> B 2 3
< B ok
> T 0 1 72
< T 4 5 72
> M 0 1048576 4
< M -11534336 172119497
> Q 2
< Q 2
> J 8
< J 8
> U 16
< U 16
> Y 0
< Y 0
> B 2 5
< B ok
> T 0 1 72
< T 4 5 72
> M 0 1048576 4
< M -11534336 172119508
> Q 0
< Q 0
> U 0
< U 0
> Y 0
< Y 0
> B 0 0
< B ok
> T 0 9 96
< T 4 13 96
> M 0 1048576 2
< M -2097152 65218853
> Q 0
< Q 0
> U 0
< U 0
> Y 0
< Y 0
> B 1 0
< B ok
> T 0 11 96
< T 4 16 96
> M 0 1048576 2
< M -2097152 72208335
> Q 2
< Q 2
> J 8
< J 8
> U 16
< U 16
> Y 0
< Y 0
> B 2 0
< B ok
> T 0 3 72
< T 4 7 72
> M 0 1048576 2
< M -2097152 186263780
> Q 2
< Q 2
> J 8
< J 8
> U 16
< U 16
> Y 0
< Y 0
> B 2 1
< B ok
> T 0 2 72
< T 4 6 72
> M 0 1048576 2
< M -2097152 179344616
> Q 2
< Q 2
> J 8
< J 8
> U 16
< U 16
> Y 0
< Y 0
> B 2 2
< B ok
> T 0 3 72
< T 4 7 72
> M 0 1048576 2
< M -2097152 186263772
> Q 2
< Q 2
> J 8
< J 8
> U 16
< U 16
> Y 0
< Y 0
> B 2 3
< B ok
> T 0 1 72
< T 4 5 72
> M 0 1048576 2
< M -2097152 176707247
> Q 2
< Q 2
> J 8
< J 8
> U 16
< U 16
> Y 0
< Y 0
> B 2 5
< B ok
> T 0 1 72
< T 4 5 72
> M 0 1048576 2
< M -2097152 176707240
> Q 0
< Q 0
> U 0
< U 0
> Y 0
< Y 0
> B 0 0
< B ok
> T 0 9 96
< T 4 13 96
> M 0 1048576 4
< M -11534336 60631113
> Q 0
< Q 0
> U 0
< U 0
> Y 0
< Y 0
> B 1 0
< B ok
> T 0 11 96
< T 4 16 96
> M 0 1048576 4
< M -11534336 67620337
> Q 2
< Q 2
> J 8
< J 8
> U 16
< U 16
> Y 0
< Y 0
> B 2 0
< B ok
> T 0 3 72
< T 4 7 72
> M 0 1048576 4
< M -11534336 181675973
> Q 2
< Q 2
> J 8
< J 8
> U 16
< U 16
> Y 0
< Y 0
> B 2 1
< B ok
> T 0 2 72
< T 4 6 72
> M 0 1048576 4
< M -11534336 174756886
> Q 2
< Q 2
> J 8
< J 8
> U 16
< U 16
> Y 0
< Y 0
> B 2 2
< B ok
> T 0 3 72
< T 4 7 72
> M 0 1048576 4
< M -11534336 181675974
> Q 2
< Q 2
> J 8
< J 8
> U 16
< U 16
> Y 0
< Y 0
> B 2 3
< B ok
> T 0 1 72
< T 4 5 72
> M 0 1048576 4
< M -11534336 172119506
> Q 2
< Q 2
> J 8
< J 8
> U 16
< U 16
> Y 0
< Y 0
> B 2 5
< B ok
> T 0 1 72
< T 4 5 72
> M 0 1048576 4
< M -11534336 172119501
> Q 0
< Q 0
> U 0
< U 0
> Y 0
< Y 0
> B 0 0
< B ok
> T 0 9 96
< T 4 13 96
> M 0 1048576 2
< M -2097152 65218882
> Q 0
< Q 0
> U 0
< U 0
> Y 0
< Y 0
> B 1 0
< B ok
> T 0 11 96
< T 4 16 96
> M 0 1048576 2
< M -2097152 72208369
> Q 2
< Q 2
> J 8
< J 8
> U 16
< U 16
> Y 0
< Y 0
> B 2 0
< B ok
> T 0 3 72
< T 4 7 72
> M 0 1048576 2
< M -2097152 186263732
> Q 2
< Q 2
> J 8
< J 8
> U 16
< U 16
> Y 0
< Y 0
> B 2 1
< B ok
> T 0 2 72
< T 4 6 72
> M 0 1048576 2
< M -2097152 179344621
> Q 2
< Q 2
> J 8
< J 8
> U 16
< U 16
> Y 0
< Y 0
> B 2 2
< B ok
> T 0 3 72
< T 4 7 72
> M 0 1048576 2
< M -2097152 186263758
> Q 2
< Q 2
> J 8
< J 8
> U 16
< U 16
> Y 0
< Y 0
> B 2 3
< B ok
> T 0 1 72
< T 4 5 72
> M 0 1048576 2
< M -2097152 176707231
> Q 2
< Q 2
> J 8
< J 8
> U 16
< U 16
> Y 0
< Y 0
> B 2 5
< B ok
> T 0 1 72
< T 4 5 72
> M 0 1048576 2
< M -2097152 176707216
> Q 0
< Q 0
> U 0
< U 0
> Y 0
< Y 0
> B 0 0
< B ok
> T 0 9 96
< T 4 13 96
> M 0 1048576 4
< M -11534336 60631116
> Q 0
< Q 0
> U 0
< U 0
> Y 0
< Y 0
> B 1 0
< B ok
> T 0 11 96
< T 4 16 96
> M 0 1048576 4
< M -11534336 67620373
> Q 2
< Q 2
> J 8
< J 8
> U 16
< U 16
> Y 0
< Y 0
> B 2 0
< B ok
> T 0 3 72
< T 4 7 72
> M 0 1048576 4
< M -11534336 181675980
> Q 2
< Q 2
> J 8
< J 8
> U 16
< U 16
> Y 0
< Y 0
> B 2 1
< B ok
> T 0 2 72
< T 4 6 72
> M 0 1048576 4
< M -11534336 174756937
> Q 2
< Q 2
> J 8
< J 8
> U 16
< U 16
> Y 0
< Y 0
> B 2 2
< B ok
> T 0 3 72
< T 4 7 72
> M 0 1048576 4
< M -11534336 181675978
> Q 2
< Q 2
> J 8
< J 8
> U 16
< U 16
> Y 0
< Y 0
> B 2 3
< B ok
> T 0 1 72
< T 4 5 72
> M 0 1048576 4
< M -11534548 172119497
> Q 2
< Q 2
> J 8
< J 8
> U 16
< U 16
> Y 0
< Y 0
> B 2 5
< B ok
> T 0 1 72
< T 4 5 72
> M 0 1048576 4
< M -11534336 172119509
> Q 0
< Q 0
> U 0
< U 0
> Y 0
< Y 0
> B 0 0
< B ok
> T 0 9 96
< T 4 13 96
> M 0 1048576 2
< M -2097152 65218858
> Q 0
< Q 0
> U 0
< U 0
> Y 0
< Y 0
> B 1 0
< B ok
> T 0 11 96
< T 4 16 96
> M 0 1048576 2
< M -2097152 72208387
> Q 2
< Q 2
> J 8
< J 8
> U 16
< U 16
> Y 0
< Y 0
> B 2 0
< B ok
> T 0 3 72
< T 4 7 72
> M 0 1048576 2
< M -2097152 186263811
> Q 2
< Q 2
> J 8
< J 8
> U 16
< U 16
> Y 0
< Y 0
> B 2 1
< B ok
> T 0 2 72
< T 4 6 72
> M 0 1048576 2
< M -2097152 179344636
> Q 2
< Q 2
> J 8
< J 8
> U 16
< U 16
> Y 0
< Y 0
> B 2 2
< B ok
> T 0 3 72
< T 4 7 72
> M 0 1048576 2
< M -2097152 186263795
> Q 2
< Q 2
> J 8
< J 8
> U 16
< U 16
> Y 0
< Y 0
> B 2 3
< B ok
> T 0 1 72
< T 4 5 72
> M 0 1048576 2
< M -2097152 176707210
> Q 2
< Q 2
> J 8
< J 8
> U 16
< U 16
> Y 0
< Y 0
> B 2 5
< B ok
> T 0 1 72
< T 4 5 72
> M 0 1048576 2
< M -2097152 176707237
